0,0.0,0.0,0.0,0.0,0.0,0.0
0.1,0.0,0.0,0.0,0.0,0.0,0.0
0.2,0.0,0.0,0.0,0.0,0.0,0.0
0.30000000000000004,0.0,0.0,0.0,0.0,0.0,0.0
0.4,0.0,0.0,0.0,0.0,0.0,0.0
0.5,0.0,0.0,0.0,0.0,0.0,0.0
0.6,0.0,0.0,0.0,0.0,0.0,0.0
0.7,0.0,0.0,0.0,0.0,0.0,0.0
0.7999999999999999,0.0,0.0,0.0,0.0,0.0,0.0
0.8999999999999999,0.0,0.0,0.0,0.0,0.0,0.0
0.9999999999999999,0.0,0.0,0.0,0.0,0.0,0.0
1.0999999999999999,0.0,0.0,0.0,0.0,0.0,0.0
1.2,0.0,0.0,0.0,0.0,0.0,0.0
1.3,0.0,0.0,0.0,0.0,0.0,0.0
1.4000000000000001,0.0,0.0,0.0,0.0,0.0,0.0
1.5000000000000002,0.0,0.0,0.0,0.0,0.0,0.0
1.6000000000000003,0.0,0.0,0.0,0.0,0.0,0.0
1.7000000000000004,0.0,0.0,0.0,0.0,0.0,0.0
1.8000000000000005,0.0,0.0,0.0,0.0,0.0,0.0
1.9000000000000006,0.0,0.0,0.0,0.0,0.0,0.0
2.0000000000000004,0.0,0.0,0.0,0.0,0.0,0.0
2.1000000000000005,0.0,0.0,0.0,0.0,0.0,0.0
2.2000000000000006,0.0,0.0,0.0,0.0,0.0,0.0
2.3000000000000007,0.0,0.0,0.0,0.0,0.0,0.0
2.400000000000001,0.0,0.0,0.0,0.0,0.0,0.0
2.500000000000001,0.0,0.0,0.0,0.0,0.0,0.0
2.600000000000001,0.0,0.0,0.0,0.0,0.0,0.0
2.700000000000001,0.0,0.0,0.0,0.0,0.0,0.0
2.800000000000001,0.0,0.0,0.0,0.0,0.0,0.0
2.9000000000000012,0.0,0.0,0.0,0.0,0.0,0.0
3.0000000000000013,0.0,0.0,0.0,0.0,0.0,0.0
3.1000000000000014,0.0,0.0,0.0,0.0,0.0,0.0
3.2000000000000015,0.0,0.0,0.0,0.0,0.0,0.0
3.3000000000000016,0.0,0.0,0.0,0.0,0.0,0.0
3.4000000000000017,0.0,0.0,0.0,0.0,0.0,0.0
3.5000000000000018,0.0,0.0,0.0,0.0,0.0,0.0
3.600000000000002,0.0,0.0,0.0,0.0,0.0,0.0
3.700000000000002,0.0,0.0,0.0,0.0,0.0,0.0
3.800000000000002,0.0,0.0,0.0,0.0,0.0,0.0
3.900000000000002,0.0,0.0,0.0,0.0,0.0,0.0
4.000000000000002,0.0,0.0,0.0,0.0,0.0,0.0
4.100000000000001,0.0,0.0,0.0,0.0,0.0,0.0
4.200000000000001,0.0,0.0,0.0,0.0,0.0,0.0
4.300000000000001,0.0,0.0,0.0,0.0,0.0,0.0
4.4,0.0,0.0,0.0,0.0,0.0,0.0
4.5,0.0,0.0,0.0,0.0,0.0,0.0
4.6,0.0,0.0,0.0,0.0,0.0,0.0
4.699999999999999,0.0,0.0,0.0,0.0,0.0,0.0
4.799999999999999,0.0,0.0,0.0,0.0,0.0,0.0
4.899999999999999,0.0,0.0,0.0,0.0,0.0,0.0
4.999999999999998,0.0,0.0,0.0,0.0,0.0,0.0
5.099999999999998,0.0,0.0,0.0,0.0,0.0,0.0
5.1999999999999975,0.0,0.0,0.0,0.0,0.0,0.0
5.299999999999997,0.0,0.0,0.0,0.0,0.0,0.0
5.399999999999997,0.0,0.0,0.0,0.0,0.0,0.0
5.4999999999999964,0.0,0.0,0.0,0.0,0.0,0.0
5.599999999999996,0.0,0.0,0.0,0.0,0.0,0.0
5.699999999999996,0.0,0.0,0.0,0.0,0.0,0.0
5.799999999999995,0.0,0.0,0.0,0.0,0.0,0.0
5.899999999999995,0.0,0.0,0.0,0.0,0.0,0.0
5.999999999999995,0.0,0.0,0.0,0.0,0.0,0.0
6.099999999999994,0.0,0.0,0.0,0.0,0.0,0.0
6.199999999999994,0.0,0.0,0.0,0.0,0.0,0.0
6.299999999999994,0.0,0.0,0.0,0.0,0.0,0.0
6.399999999999993,0.0,0.0,0.0,0.0,0.0,0.0
6.499999999999993,0.0,0.0,0.0,0.0,0.0,0.0
6.5999999999999925,0.0,0.0,0.0,0.0,0.0,0.0
6.699999999999992,0.0,0.0,0.0,0.0,0.0,0.0
6.799999999999992,0.0,0.0,0.0,0.0,0.0,0.0
6.8999999999999915,0.0,0.0,0.0,0.0,0.0,0.0
6.999999999999991,0.0,0.0,0.0,0.0,0.0,0.0
7.099999999999991,0.0,0.0,0.0,0.0,0.0,0.0
7.19999999999999,0.0,0.0,0.0,0.0,0.0,0.0
7.29999999999999,0.0,0.0,0.0,0.0,0.0,0.0
7.39999999999999,0.0,0.0,0.0,0.0,0.0,0.0
7.499999999999989,0.0,0.0,0.0,0.0,0.0,0.0
7.599999999999989,0.0,0.0,0.0,0.0,0.0,0.0
7.699999999999989,0.0,0.0,0.0,0.0,0.0,0.0
7.799999999999988,0.0,0.0,0.0,0.0,0.0,0.0
7.899999999999988,0.0,0.0,0.0,0.0,0.0,0.0
7.999999999999988,0.0,0.0,0.0,0.0,0.0,0.0
8.099999999999987,0.0,0.0,0.0,0.0,0.0,0.0
8.199999999999987,0.0,0.0,0.0,0.0,0.0,0.0
8.299999999999986,0.0,0.0,0.0,0.0,0.0,0.0
8.399999999999986,0.0,0.0,0.0,0.0,0.0,0.0
8.499999999999986,0.0,0.0,0.0,0.0,0.0,0.0
8.599999999999985,0.0,0.0,0.0,0.0,0.0,0.0
8.699999999999985,0.0,0.0,0.0,0.0,0.0,0.0
8.799999999999985,0.0,0.0,0.0,0.0,0.0,0.0
8.899999999999984,0.0,0.0,0.0,0.0,0.0,0.0
8.999999999999984,0.0,0.0,0.0,0.0,0.0,0.0
9.099999999999984,0.0,0.0,0.0,0.0,0.0,0.0
9.199999999999983,0.0,0.0,0.0,0.0,0.0,0.0
9.299999999999983,0.0,0.0,0.0,0.0,0.0,0.0
9.399999999999983,0.0,0.0,0.0,0.0,0.0,0.0
9.499999999999982,0.0,0.0,0.0,0.0,0.0,0.0
9.599999999999982,0.0,0.0,0.0,0.0,0.0,0.0
9.699999999999982,0.0,0.0,0.0,0.0,0.0,0.0
9.799999999999981,0.0,0.0,0.0,0.0,0.0,0.0
9.89999999999998,0.0,0.0,0.0,0.0,0.0,0.0
9.99999999999998,0.0,0.0,0.0,0.0,0.0,0.0
10.09999999999998,0.0,0.0,0.0,0.0,0.0,0.0
10.19999999999998,0.0,0.0,0.0,0.0,0.0,0.0
10.29999999999998,0.0,0.0,0.0,0.0,0.0,0.0
10.399999999999979,0.0,0.0,0.0,0.0,0.0,0.0
10.499999999999979,0.0,0.0,0.0,0.0,0.0,0.0
10.599999999999978,0.0,0.0,0.0,0.0,0.0,0.0
10.699999999999978,0.0,0.0,0.0,0.0,0.0,0.0
10.799999999999978,0.0,0.0,0.0,0.0,0.0,0.0
10.899999999999977,0.0,0.0,0.0,0.0,0.0,0.0
10.999999999999977,0.0,0.0,0.0,0.0,0.0,0.0
11.099999999999977,0.0,0.0,0.0,0.0,0.0,0.0
11.199999999999976,0.0,0.0,0.0,0.0,0.0,0.0
11.299999999999976,0.0,0.0,0.0,0.0,0.0,0.0
11.399999999999975,0.0,0.0,0.0,0.0,0.0,0.0
11.499999999999975,0.0,0.0,0.0,0.0,0.0,0.0
11.599999999999975,0.0,0.0,0.0,0.0,0.0,0.0
11.699999999999974,0.0,0.0,0.0,0.0,0.0,0.0
11.799999999999974,0.0,0.0,0.0,0.0,0.0,0.0
11.899999999999974,0.0,0.0,0.0,0.0,0.0,0.0
11.999999999999973,0.0,0.0,0.0,0.0,0.0,0.0
12.099999999999973,0.0,0.0,0.0,0.0,0.0,0.0
12.199999999999973,0.0,0.0,0.0,0.0,0.0,0.0
12.299999999999972,0.0,0.0,0.0,0.0,0.0,0.0
12.399999999999972,0.0,0.0,0.0,0.0,0.0,0.0
12.499999999999972,0.0,0.0,0.0,0.0,0.0,0.0
12.599999999999971,0.0,0.0,0.0,0.0,0.0,0.0
12.69999999999997,0.0,0.0,0.0,0.0,0.0,0.0
12.79999999999997,0.0,0.0,0.0,0.0,0.0,0.0
12.89999999999997,0.0,0.0,0.0,0.0,0.0,0.0
12.99999999999997,0.0,0.0,0.0,0.0,0.0,0.0
13.09999999999997,0.0,0.0,0.0,0.0,0.0,0.0
13.199999999999969,0.0,0.0,0.0,0.0,0.0,0.0
13.299999999999969,0.0,0.0,0.0,0.0,0.0,0.0
13.399999999999968,0.0,0.0,0.0,0.0,0.0,0.0
13.499999999999968,0.0,0.0,0.0,0.0,0.0,0.0
13.599999999999968,0.0,0.0,0.0,0.0,0.0,0.0
13.699999999999967,0.0,0.0,0.0,0.0,0.0,0.0
13.799999999999967,0.0,0.0,0.0,0.0,0.0,0.0
13.899999999999967,0.0,0.0,0.0,0.0,0.0,0.0
13.999999999999966,0.0,0.0,0.0,0.0,0.0,0.0
14.099999999999966,0.0,0.0,0.0,0.0,0.0,0.0
14.199999999999966,0.0,0.0,0.0,0.0,0.0,0.0
14.299999999999965,0.0,0.0,0.0,0.0,0.0,0.0
14.399999999999965,0.0,0.0,0.0,0.0,0.0,0.0
14.499999999999964,0.0,0.0,0.0,0.0,0.0,0.0
14.599999999999964,0.0,0.0,0.0,0.0,0.0,0.0
14.699999999999964,0.0,0.0,0.0,0.0,0.0,0.0
14.799999999999963,0.0,0.0,0.0,0.0,0.0,0.0
14.899999999999963,0.0,0.0,0.0,0.0,0.0,0.0
14.999999999999963,0.0,0.0,0.0,0.0,0.0,0.0
15.099999999999962,0.0,0.0,0.0,0.0,0.0,0.0
15.199999999999962,0.0,0.0,0.0,0.0,0.0,0.0
15.299999999999962,0.0,0.0,0.0,0.0,0.0,0.0
15.399999999999961,0.0,0.0,0.0,0.0,0.0,0.0
15.499999999999961,0.0,0.0,0.0,0.0,0.0,0.0
15.59999999999996,0.0,0.0,0.0,0.0,0.0,0.0
15.69999999999996,0.0,0.0,0.0,0.0,0.0,0.0
15.79999999999996,0.0,0.0,0.0,0.0,0.0,0.0
15.89999999999996,0.0,0.0,0.0,0.0,0.0,0.0
15.99999999999996,0.0,0.0,0.0,0.0,0.0,0.0
16.09999999999996,0.0,0.0,0.0,0.0,0.0,0.0
16.19999999999996,0.0,0.0,0.0,0.0,0.0,0.0
16.29999999999996,0.0,0.0,0.0,0.0,0.0,0.0
16.399999999999963,0.0,0.0,0.0,0.0,0.0,0.0
16.499999999999964,0.0,0.0,0.0,0.0,0.0,0.0
16.599999999999966,0.0,0.0,0.0,0.0,0.0,0.0
16.699999999999967,0.0,0.0,0.0,0.0,0.0,0.0
16.79999999999997,0.0,0.0,0.0,0.0,0.0,0.0
16.89999999999997,0.0,0.0,0.0,0.0,0.0,0.0
16.99999999999997,0.0,0.0,0.0,0.0,0.0,0.0
17.099999999999973,0.0,0.0,0.0,0.0,0.0,0.0
17.199999999999974,0.0,0.0,0.0,0.0,0.0,0.0
17.299999999999976,0.0,0.0,0.0,0.0,0.0,0.0
17.399999999999977,0.0,0.0,0.0,0.0,0.0,0.0
17.49999999999998,0.0,0.0,0.0,0.0,0.0,0.0
17.59999999999998,0.0,0.0,0.0,0.0,0.0,0.0
17.69999999999998,0.0,0.0,0.0,0.0,0.0,0.0
17.799999999999983,0.0,0.0,0.0,0.0,0.0,0.0
17.899999999999984,0.0,0.0,0.0,0.0,0.0,0.0
17.999999999999986,0.0,0.0,0.0,0.0,0.0,0.06
18.099999999999987,0.0,0.0,0.0,0.0,0.0,0.06
18.19999999999999,0.0,0.0,0.0,0.0,0.0,0.06
18.29999999999999,0.0,0.0,0.0,0.0,0.0,0.06
18.39999999999999,0.0,0.0,0.0,0.0,0.0,0.06
18.499999999999993,0.0,0.0,0.0,0.0,0.0,0.06
18.599999999999994,0.0,0.0,0.0,0.0,0.0,0.06
18.699999999999996,0.0,0.0,0.0,0.0,0.0,0.06
18.799999999999997,0.0,0.0,0.0,0.0,0.0,0.06
18.9,0.0,0.0,0.0,0.0,0.0,0.06
19.0,0.0,0.0,0.0,0.0,0.0,0.06
19.1,0.0,0.0,0.0,0.0,0.0,0.06
19.200000000000003,0.06,0.06,0.0,0.0,0.0,0.06
19.300000000000004,0.06,0.06,0.0,0.0,0.0,0.06
19.400000000000006,0.06,0.06,0.0,0.0,0.0,0.06
19.500000000000007,0.06,0.06,0.0,0.0,0.0,0.06
19.60000000000001,0.06,0.06,0.0,0.06,0.0,0.06
19.70000000000001,0.06,0.06,0.0,0.06,0.0,0.06
19.80000000000001,0.06,0.06,0.0,0.06,0.0,0.06
19.900000000000013,0.06,0.06,0.0,0.06,0.0,0.06
20.000000000000014,0.06,0.06,0.0,0.06,0.0,0.06
20.100000000000016,0.06,0.06,0.0,0.06,0.0,0.06
20.200000000000017,0.06,0.06,0.0,0.06,0.0,0.06
20.30000000000002,0.06,0.06,0.0,0.06,0.0,0.06
20.40000000000002,0.06,0.06,0.0,0.06,0.0,0.06
20.50000000000002,0.06,0.06,0.0,0.0,0.0,0.12
20.600000000000023,0.06,0.06,0.0,0.0,0.0,0.12
20.700000000000024,0.06,0.06,0.0,0.0,0.0,0.12
20.800000000000026,0.06,0.06,0.0,0.0,0.0,0.12
20.900000000000027,0.06,0.06,0.0,0.0,0.0,0.12
21.00000000000003,0.06,0.06,0.0,0.0,0.0,0.12
21.10000000000003,0.06,0.06,0.0,0.0,0.0,0.12
21.20000000000003,0.06,0.06,0.0,0.0,0.0,0.12
21.300000000000033,0.06,0.06,0.0,0.0,0.0,0.16
21.400000000000034,0.06,0.06,0.0,0.0,0.0,0.16
21.500000000000036,0.06,0.06,0.0,0.0,0.0,0.16
21.600000000000037,0.06,0.06,0.0,0.0,0.0,0.16
21.70000000000004,0.06,0.06,0.0,0.0,0.0,0.16
21.80000000000004,0.06,0.06,0.0,0.0,0.0,0.16
21.90000000000004,0.06,0.06,0.0,0.04,0.0,0.12
22.000000000000043,0.06,0.1,0.0,0.0,0.0,0.12
22.100000000000044,0.06,0.1,0.0,0.0,0.0,0.12
22.200000000000045,0.06,0.1,0.0,0.0,0.0,0.12
22.300000000000047,0.06,0.1,0.0,0.0,0.0,0.12
22.40000000000005,0.06,0.1,0.0,0.0,0.0,0.12
22.50000000000005,0.06,0.1,0.0,0.0,0.0,0.18
22.60000000000005,0.06,0.1,0.0,0.0,0.0,0.18
22.700000000000053,0.06,0.1,0.0,0.0,0.0,0.18
22.800000000000054,0.06,0.1,0.0,0.0,0.0,0.18
22.900000000000055,0.06,0.1,0.0,0.0,0.0,0.18
23.000000000000057,0.06,0.1,0.0,0.0,0.0,0.18
23.10000000000006,0.06,0.1,0.0,0.0,0.0,0.18
23.20000000000006,0.06,0.1,0.0,0.0,0.0,0.18
23.30000000000006,0.06,0.1,0.0,0.0,0.0,0.18
23.400000000000063,0.06,0.155,0.0,0.06,0.0,0.12
23.500000000000064,0.06,0.155,0.0,0.06,0.0,0.12
23.600000000000065,0.06,0.155,0.0,0.06,0.0,0.12
23.700000000000067,0.06,0.155,0.0,0.12,0.0,0.12
23.800000000000068,0.06,0.155,0.0,0.12,0.0,0.12
23.90000000000007,0.06,0.155,0.0,0.12,0.0,0.12
24.00000000000007,0.06,0.155,0.0,0.12,0.0,0.12
24.100000000000072,0.06,0.155,0.0,0.12,0.0,0.12
24.200000000000074,0.06,0.155,0.0,0.12,0.0,0.12
24.300000000000075,0.06,0.155,0.0,0.12,0.0,0.12
24.400000000000077,0.06,0.155,0.0,0.12,0.0,0.12
24.500000000000078,0.06,0.155,0.0,0.12,0.0,0.12
24.60000000000008,0.06,0.155,0.0,0.12,0.0,0.12
24.70000000000008,0.06,0.155,0.0,0.12,0.0,0.12
24.800000000000082,0.06,0.155,0.0,0.12,0.0,0.12
24.900000000000084,0.06,0.155,0.0,0.12,0.055,0.12
25.000000000000085,0.06,0.155,0.0,0.12,0.055,0.12
25.100000000000087,0.06,0.155,0.0,0.12,0.055,0.12
25.200000000000088,0.06,0.155,0.0,0.12,0.055,0.12
25.30000000000009,0.06,0.155,0.0,0.12,0.055,0.12
25.40000000000009,0.06,0.155,0.045,0.12,0.055,0.12
25.500000000000092,0.06,0.155,0.045,0.12,0.055,0.12
25.600000000000094,0.06,0.155,0.045,0.12,0.055,0.12
25.700000000000095,0.06,0.155,0.045,0.12,0.055,0.12
25.800000000000097,0.06,0.155,0.045,0.12,0.055,0.12
25.900000000000098,0.06,0.155,0.045,0.12,0.055,0.12
26.0000000000001,0.105,0.155,0.0,0.12,0.11,0.12
26.1000000000001,0.105,0.155,0.0,0.12,0.11,0.12
26.200000000000102,0.105,0.155,0.0,0.12,0.11,0.12
26.300000000000104,0.105,0.155,0.0,0.12,0.11,0.12
26.400000000000105,0.105,0.155,0.0,0.12,0.11,0.12
26.500000000000107,0.145,0.155,0.0,0.12,0.11,0.12
26.600000000000108,0.145,0.155,0.0,0.12,0.11,0.12
26.70000000000011,0.145,0.155,0.0,0.12,0.11,0.12
26.80000000000011,0.145,0.155,0.0,0.12,0.11,0.12
26.900000000000112,0.145,0.155,0.055,0.12,0.055,0.12
27.000000000000114,0.145,0.155,0.055,0.12,0.055,0.12
27.100000000000115,0.145,0.155,0.055,0.12,0.055,0.12
27.200000000000117,0.145,0.155,0.055,0.12,0.055,0.12
27.300000000000118,0.145,0.155,0.055,0.12,0.055,0.12
27.40000000000012,0.205,0.155,0.055,0.12,0.105,0.12
27.50000000000012,0.205,0.155,0.055,0.12,0.105,0.12
27.600000000000122,0.205,0.155,0.055,0.12,0.105,0.12
27.700000000000124,0.205,0.155,0.055,0.12,0.105,0.12
27.800000000000125,0.205,0.155,0.055,0.12,0.105,0.12
27.900000000000126,0.205,0.155,0.055,0.12,0.105,0.12
28.000000000000128,0.205,0.155,0.055,0.12,0.105,0.12
28.10000000000013,0.205,0.155,0.055,0.12,0.105,0.12
28.20000000000013,0.205,0.155,0.055,0.12,0.105,0.12
28.300000000000132,0.205,0.155,0.055,0.12,0.105,0.12
28.400000000000134,0.205,0.155,0.055,0.12,0.165,0.12
28.500000000000135,0.245,0.155,0.055,0.12,0.165,0.12
28.600000000000136,0.245,0.155,0.055,0.12,0.165,0.12
28.700000000000138,0.245,0.155,0.055,0.12,0.165,0.12
28.80000000000014,0.245,0.155,0.055,0.12,0.165,0.12
28.90000000000014,0.245,0.155,0.055,0.12,0.165,0.12
29.000000000000142,0.245,0.155,0.055,0.12,0.165,0.12
29.100000000000144,0.205,0.155,0.095,0.12,0.165,0.12
29.200000000000145,0.205,0.155,0.095,0.12,0.165,0.12
29.300000000000146,0.205,0.155,0.095,0.18,0.165,0.12
29.400000000000148,0.205,0.155,0.095,0.18,0.165,0.12
29.50000000000015,0.205,0.155,0.095,0.18,0.165,0.12
29.60000000000015,0.205,0.155,0.095,0.18,0.165,0.12
29.700000000000152,0.205,0.155,0.095,0.18,0.165,0.12
29.800000000000153,0.205,0.155,0.095,0.18,0.165,0.12
29.900000000000155,0.205,0.155,0.095,0.18,0.165,0.12
30.000000000000156,0.205,0.155,0.095,0.18,0.22,0.12
30.100000000000158,0.205,0.155,0.095,0.18,0.22,0.12
30.20000000000016,0.205,0.155,0.095,0.12,0.22,0.18
30.30000000000016,0.205,0.155,0.095,0.12,0.22,0.18
30.400000000000162,0.205,0.155,0.095,0.12,0.22,0.18
30.500000000000163,0.205,0.155,0.095,0.12,0.22,0.18
30.600000000000165,0.205,0.155,0.095,0.12,0.22,0.18
30.700000000000166,0.205,0.155,0.095,0.12,0.22,0.18
30.800000000000168,0.205,0.155,0.095,0.12,0.22,0.18
30.90000000000017,0.205,0.155,0.15,0.12,0.165,0.18
31.00000000000017,0.26,0.155,0.095,0.12,0.165,0.18
31.100000000000172,0.26,0.155,0.095,0.12,0.165,0.18
31.200000000000173,0.26,0.155,0.095,0.12,0.165,0.18
31.300000000000175,0.26,0.155,0.095,0.12,0.165,0.18
31.400000000000176,0.26,0.155,0.095,0.12,0.165,0.18
31.500000000000178,0.26,0.155,0.095,0.12,0.165,0.18
31.60000000000018,0.26,0.155,0.095,0.12,0.165,0.18
31.70000000000018,0.26,0.155,0.095,0.12,0.165,0.235
31.800000000000182,0.26,0.155,0.095,0.12,0.165,0.235
31.900000000000183,0.26,0.155,0.095,0.12,0.165,0.235
32.000000000000185,0.26,0.155,0.095,0.12,0.165,0.235
32.100000000000186,0.26,0.21,0.095,0.12,0.165,0.235
32.20000000000019,0.26,0.21,0.095,0.12,0.165,0.235
32.30000000000019,0.26,0.21,0.095,0.12,0.165,0.235
32.40000000000019,0.26,0.21,0.095,0.12,0.165,0.235
32.50000000000019,0.26,0.21,0.095,0.12,0.165,0.235
32.60000000000019,0.26,0.21,0.095,0.12,0.165,0.235
32.700000000000195,0.26,0.21,0.095,0.12,0.165,0.235
32.800000000000196,0.26,0.21,0.095,0.12,0.165,0.235
32.9000000000002,0.26,0.21,0.095,0.12,0.165,0.235
33.0000000000002,0.26,0.21,0.095,0.12,0.165,0.235
33.1000000000002,0.26,0.21,0.095,0.12,0.165,0.235
33.2000000000002,0.26,0.21,0.095,0.12,0.165,0.28
33.3000000000002,0.26,0.21,0.095,0.12,0.165,0.28
33.400000000000205,0.26,0.21,0.095,0.12,0.165,0.28
33.500000000000206,0.26,0.21,0.095,0.12,0.165,0.28
33.60000000000021,0.26,0.21,0.095,0.12,0.165,0.28
33.70000000000021,0.26,0.21,0.095,0.12,0.165,0.28
33.80000000000021,0.26,0.21,0.095,0.165,0.165,0.28
33.90000000000021,0.26,0.21,0.095,0.165,0.165,0.28
34.00000000000021,0.26,0.21,0.095,0.165,0.165,0.28
34.100000000000215,0.26,0.21,0.095,0.165,0.215,0.28
34.200000000000216,0.26,0.21,0.095,0.165,0.215,0.28
34.30000000000022,0.26,0.21,0.095,0.165,0.215,0.28
34.40000000000022,0.26,0.21,0.095,0.165,0.215,0.28
34.50000000000022,0.26,0.26,0.095,0.165,0.215,0.28
34.60000000000022,0.26,0.26,0.095,0.165,0.215,0.28
34.70000000000022,0.26,0.26,0.095,0.165,0.215,0.28
34.800000000000225,0.26,0.26,0.095,0.165,0.215,0.28
34.900000000000226,0.315,0.26,0.095,0.165,0.215,0.28
35.00000000000023,0.315,0.26,0.095,0.165,0.215,0.28
35.10000000000023,0.315,0.26,0.095,0.165,0.215,0.28
35.20000000000023,0.315,0.26,0.095,0.165,0.215,0.28
35.30000000000023,0.315,0.26,0.095,0.165,0.215,0.28
35.40000000000023,0.315,0.26,0.095,0.165,0.215,0.28
35.500000000000234,0.315,0.26,0.095,0.165,0.215,0.28
35.600000000000236,0.315,0.26,0.095,0.165,0.215,0.28
35.70000000000024,0.315,0.26,0.095,0.165,0.215,0.28
35.80000000000024,0.315,0.26,0.095,0.165,0.215,0.28
35.90000000000024,0.315,0.26,0.095,0.165,0.215,0.22
36.00000000000024,0.315,0.26,0.095,0.165,0.215,0.22
36.10000000000024,0.315,0.26,0.095,0.165,0.215,0.22
36.200000000000244,0.315,0.26,0.095,0.165,0.215,0.22
36.300000000000246,0.315,0.26,0.095,0.165,0.215,0.22
36.40000000000025,0.315,0.26,0.095,0.165,0.215,0.22
36.50000000000025,0.315,0.26,0.095,0.165,0.215,0.22
36.60000000000025,0.315,0.26,0.095,0.165,0.215,0.22
36.70000000000025,0.315,0.26,0.095,0.165,0.215,0.22
36.80000000000025,0.315,0.26,0.095,0.165,0.255,0.22
36.900000000000254,0.315,0.26,0.095,0.165,0.255,0.22
37.000000000000256,0.315,0.26,0.095,0.165,0.255,0.28
37.10000000000026,0.315,0.26,0.095,0.165,0.255,0.28
37.20000000000026,0.315,0.26,0.095,0.165,0.255,0.28
37.30000000000026,0.315,0.26,0.095,0.165,0.255,0.28
37.40000000000026,0.315,0.26,0.095,0.165,0.255,0.28
37.50000000000026,0.315,0.26,0.095,0.165,0.255,0.28
37.600000000000264,0.315,0.26,0.095,0.165,0.255,0.28
37.700000000000266,0.315,0.26,0.095,0.165,0.255,0.28
37.80000000000027,0.315,0.26,0.095,0.165,0.255,0.28
37.90000000000027,0.315,0.26,0.095,0.225,0.255,0.22
38.00000000000027,0.315,0.32,0.095,0.165,0.255,0.22
38.10000000000027,0.315,0.32,0.095,0.165,0.255,0.22
38.20000000000027,0.315,0.37,0.095,0.165,0.255,0.22
38.300000000000274,0.315,0.37,0.095,0.165,0.255,0.22
38.400000000000276,0.315,0.37,0.095,0.165,0.255,0.22
38.50000000000028,0.315,0.37,0.095,0.165,0.31,0.22
38.60000000000028,0.315,0.37,0.095,0.165,0.31,0.22
38.70000000000028,0.315,0.37,0.095,0.165,0.31,0.22
38.80000000000028,0.315,0.37,0.095,0.165,0.31,0.22
38.90000000000028,0.315,0.37,0.095,0.165,0.31,0.22
39.000000000000284,0.315,0.37,0.095,0.165,0.31,0.22
39.100000000000286,0.315,0.37,0.095,0.165,0.31,0.22
39.20000000000029,0.315,0.43,0.095,0.165,0.31,0.22
39.30000000000029,0.315,0.43,0.15,0.165,0.255,0.22
39.40000000000029,0.37,0.43,0.095,0.165,0.255,0.22
39.50000000000029,0.37,0.43,0.095,0.165,0.295,0.22
39.60000000000029,0.37,0.43,0.095,0.165,0.295,0.22
39.700000000000294,0.37,0.43,0.095,0.165,0.295,0.22
39.800000000000296,0.37,0.43,0.095,0.165,0.295,0.22
39.9000000000003,0.37,0.43,0.095,0.165,0.295,0.22
40.0000000000003,0.37,0.43,0.095,0.165,0.295,0.22
40.1000000000003,0.37,0.37,0.135,0.225,0.255,0.22
40.2000000000003,0.37,0.37,0.135,0.165,0.255,0.28
40.3000000000003,0.37,0.37,0.135,0.165,0.255,0.28
40.400000000000304,0.37,0.37,0.135,0.165,0.255,0.28
40.500000000000306,0.37,0.37,0.135,0.165,0.255,0.28
40.60000000000031,0.37,0.37,0.135,0.165,0.255,0.28
40.70000000000031,0.37,0.37,0.135,0.165,0.255,0.28
40.80000000000031,0.37,0.37,0.135,0.165,0.255,0.28
40.90000000000031,0.37,0.37,0.135,0.165,0.255,0.28
41.00000000000031,0.37,0.37,0.135,0.165,0.255,0.28
41.100000000000314,0.37,0.37,0.135,0.165,0.255,0.28
41.200000000000315,0.37,0.37,0.135,0.165,0.255,0.28
41.30000000000032,0.37,0.37,0.135,0.165,0.255,0.325
41.40000000000032,0.37,0.37,0.135,0.165,0.255,0.325
41.50000000000032,0.37,0.37,0.135,0.165,0.255,0.325
41.60000000000032,0.37,0.37,0.135,0.165,0.255,0.325
41.70000000000032,0.37,0.37,0.135,0.165,0.255,0.325
41.800000000000324,0.37,0.37,0.135,0.225,0.255,0.325
41.900000000000325,0.31,0.37,0.135,0.225,0.255,0.325
42.00000000000033,0.31,0.37,0.135,0.225,0.255,0.265
42.10000000000033,0.37,0.37,0.135,0.225,0.255,0.265
42.20000000000033,0.37,0.37,0.135,0.225,0.255,0.265
42.30000000000033,0.37,0.37,0.135,0.225,0.255,0.265
42.40000000000033,0.37,0.37,0.135,0.225,0.255,0.265
42.500000000000334,0.37,0.37,0.135,0.225,0.255,0.265
42.600000000000335,0.37,0.37,0.135,0.225,0.255,0.265
42.70000000000034,0.37,0.37,0.135,0.225,0.255,0.265
42.80000000000034,0.37,0.37,0.135,0.225,0.2,0.265
42.90000000000034,0.37,0.37,0.135,0.225,0.2,0.265
43.00000000000034,0.31,0.37,0.195,0.225,0.26,0.265
43.10000000000034,0.31,0.31,0.195,0.225,0.26,0.265
43.200000000000344,0.31,0.31,0.195,0.265,0.26,0.265
43.300000000000345,0.31,0.31,0.195,0.265,0.26,0.265
43.40000000000035,0.31,0.31,0.195,0.265,0.26,0.265
43.50000000000035,0.31,0.31,0.195,0.265,0.26,0.265
43.60000000000035,0.31,0.31,0.195,0.265,0.26,0.265
43.70000000000035,0.31,0.31,0.195,0.225,0.26,0.305
43.80000000000035,0.31,0.31,0.195,0.225,0.26,0.305
43.900000000000354,0.31,0.31,0.195,0.225,0.26,0.305
44.000000000000355,0.31,0.31,0.195,0.225,0.26,0.305
44.10000000000036,0.31,0.31,0.195,0.225,0.26,0.305
44.20000000000036,0.31,0.27,0.195,0.225,0.26,0.305
44.30000000000036,0.31,0.27,0.195,0.225,0.26,0.305
44.40000000000036,0.31,0.27,0.195,0.225,0.305,0.305
44.50000000000036,0.31,0.27,0.195,0.225,0.305,0.365
44.600000000000364,0.31,0.27,0.195,0.225,0.305,0.365
44.700000000000365,0.31,0.27,0.195,0.225,0.305,0.365
44.80000000000037,0.31,0.27,0.195,0.225,0.305,0.365
44.90000000000037,0.31,0.27,0.195,0.225,0.305,0.365
45.00000000000037,0.31,0.27,0.195,0.225,0.305,0.365
45.10000000000037,0.31,0.27,0.24,0.225,0.26,0.365
45.20000000000037,0.31,0.27,0.24,0.225,0.26,0.365
45.300000000000374,0.31,0.27,0.24,0.225,0.21,0.365
45.400000000000375,0.31,0.27,0.24,0.285,0.21,0.305
45.50000000000038,0.31,0.33,0.24,0.225,0.21,0.305
45.60000000000038,0.31,0.33,0.24,0.225,0.21,0.305
45.70000000000038,0.31,0.33,0.24,0.225,0.21,0.355
45.80000000000038,0.31,0.33,0.24,0.225,0.21,0.355
45.90000000000038,0.31,0.33,0.24,0.225,0.21,0.355
46.000000000000384,0.31,0.33,0.24,0.225,0.21,0.355
46.100000000000385,0.31,0.33,0.24,0.225,0.21,0.355
46.20000000000039,0.31,0.33,0.24,0.225,0.21,0.355
46.30000000000039,0.31,0.33,0.24,0.225,0.21,0.355
46.40000000000039,0.31,0.33,0.24,0.225,0.21,0.355
46.50000000000039,0.31,0.33,0.24,0.225,0.21,0.355
46.60000000000039,0.31,0.33,0.24,0.225,0.21,0.355
46.700000000000394,0.31,0.33,0.24,0.225,0.21,0.355
46.800000000000395,0.355,0.33,0.24,0.225,0.21,0.355
46.9000000000004,0.355,0.39,0.24,0.225,0.21,0.355
47.0000000000004,0.355,0.39,0.24,0.225,0.21,0.355
47.1000000000004,0.355,0.39,0.24,0.225,0.21,0.355
47.2000000000004,0.355,0.39,0.24,0.225,0.21,0.295
47.3000000000004,0.355,0.39,0.24,0.225,0.21,0.295
47.400000000000404,0.31,0.39,0.285,0.225,0.21,0.295
47.500000000000405,0.31,0.39,0.24,0.225,0.255,0.295
47.600000000000406,0.31,0.39,0.24,0.225,0.255,0.295
47.70000000000041,0.31,0.39,0.24,0.225,0.255,0.295
47.80000000000041,0.31,0.33,0.24,0.285,0.255,0.295
47.90000000000041,0.31,0.33,0.24,0.225,0.255,0.355
48.00000000000041,0.31,0.33,0.24,0.225,0.255,0.355
48.10000000000041,0.31,0.33,0.24,0.225,0.255,0.355
48.200000000000415,0.31,0.33,0.24,0.225,0.3,0.355
48.300000000000416,0.31,0.33,0.24,0.225,0.3,0.355
48.40000000000042,0.31,0.33,0.24,0.225,0.3,0.355
48.50000000000042,0.31,0.33,0.24,0.225,0.3,0.355
48.60000000000042,0.31,0.33,0.24,0.225,0.3,0.355
48.70000000000042,0.31,0.33,0.24,0.225,0.3,0.355
48.80000000000042,0.31,0.33,0.24,0.225,0.3,0.355
48.900000000000425,0.31,0.33,0.24,0.225,0.3,0.355
49.000000000000426,0.31,0.33,0.24,0.225,0.3,0.355
49.10000000000043,0.31,0.33,0.24,0.225,0.3,0.355
49.20000000000043,0.31,0.275,0.24,0.225,0.3,0.355
49.30000000000043,0.31,0.275,0.24,0.225,0.3,0.355
49.40000000000043,0.31,0.275,0.24,0.225,0.3,0.355
49.50000000000043,0.31,0.275,0.24,0.225,0.3,0.355
49.600000000000435,0.31,0.275,0.24,0.225,0.3,0.41
49.700000000000436,0.31,0.275,0.24,0.225,0.3,0.41
49.80000000000044,0.31,0.275,0.24,0.225,0.3,0.41
49.90000000000044,0.31,0.275,0.24,0.28,0.3,0.41
50.00000000000044,0.31,0.275,0.24,0.28,0.3,0.41
50.10000000000044,0.31,0.275,0.24,0.28,0.3,0.355
50.20000000000044,0.31,0.275,0.24,0.28,0.3,0.355
50.300000000000445,0.31,0.315,0.24,0.28,0.3,0.355
50.400000000000446,0.31,0.315,0.24,0.28,0.3,0.355
50.50000000000045,0.31,0.315,0.24,0.28,0.3,0.355
50.60000000000045,0.31,0.315,0.24,0.28,0.3,0.355
50.70000000000045,0.31,0.315,0.24,0.28,0.3,0.355
50.80000000000045,0.31,0.315,0.24,0.28,0.3,0.355
50.90000000000045,0.31,0.315,0.24,0.33,0.3,0.355
51.000000000000455,0.31,0.315,0.24,0.33,0.3,0.355
51.100000000000456,0.31,0.315,0.24,0.33,0.3,0.355
51.20000000000046,0.31,0.37,0.24,0.33,0.3,0.355
51.30000000000046,0.31,0.37,0.24,0.33,0.3,0.355
51.40000000000046,0.31,0.37,0.24,0.33,0.3,0.355
51.50000000000046,0.31,0.37,0.24,0.33,0.3,0.355
51.60000000000046,0.31,0.37,0.24,0.33,0.3,0.31
51.700000000000465,0.31,0.37,0.24,0.33,0.3,0.31
51.800000000000466,0.31,0.37,0.24,0.33,0.3,0.31
51.90000000000047,0.31,0.37,0.24,0.33,0.3,0.31
52.00000000000047,0.31,0.37,0.24,0.33,0.36,0.31
52.10000000000047,0.31,0.37,0.24,0.33,0.36,0.31
52.20000000000047,0.31,0.37,0.24,0.27,0.36,0.31
52.30000000000047,0.35,0.37,0.24,0.27,0.36,0.31
52.400000000000475,0.305,0.37,0.24,0.27,0.36,0.31
52.500000000000476,0.305,0.37,0.24,0.27,0.36,0.31
52.60000000000048,0.305,0.37,0.24,0.27,0.36,0.31
52.70000000000048,0.305,0.37,0.24,0.27,0.36,0.31
52.80000000000048,0.265,0.37,0.28,0.27,0.36,0.31
52.90000000000048,0.265,0.37,0.28,0.27,0.36,0.31
53.00000000000048,0.31,0.37,0.28,0.27,0.36,0.31
53.100000000000485,0.31,0.37,0.28,0.27,0.36,0.31
53.200000000000486,0.31,0.37,0.28,0.27,0.36,0.31
53.30000000000049,0.31,0.37,0.28,0.27,0.36,0.31
53.40000000000049,0.31,0.37,0.28,0.27,0.41,0.31
53.50000000000049,0.31,0.37,0.34,0.27,0.41,0.31
53.60000000000049,0.31,0.37,0.34,0.27,0.41,0.31
53.70000000000049,0.31,0.37,0.34,0.27,0.41,0.31
53.800000000000495,0.31,0.37,0.34,0.21,0.41,0.31
53.900000000000496,0.31,0.37,0.34,0.21,0.41,0.31
54.0000000000005,0.31,0.37,0.34,0.21,0.41,0.31
54.1000000000005,0.31,0.37,0.34,0.21,0.41,0.31
54.2000000000005,0.31,0.37,0.34,0.21,0.41,0.31
54.3000000000005,0.31,0.37,0.34,0.21,0.41,0.31
54.4000000000005,0.31,0.37,0.34,0.21,0.41,0.31
54.500000000000504,0.31,0.37,0.34,0.21,0.41,0.31
54.600000000000506,0.31,0.37,0.34,0.21,0.41,0.31
54.70000000000051,0.31,0.37,0.34,0.21,0.41,0.31
54.80000000000051,0.36,0.37,0.34,0.21,0.41,0.31
54.90000000000051,0.36,0.37,0.285,0.21,0.41,0.31
55.00000000000051,0.36,0.37,0.285,0.21,0.41,0.31
55.10000000000051,0.36,0.37,0.285,0.21,0.41,0.31
55.200000000000514,0.36,0.43,0.285,0.21,0.41,0.31
55.300000000000516,0.36,0.43,0.285,0.21,0.45,0.31
55.40000000000052,0.36,0.43,0.285,0.21,0.45,0.31
55.50000000000052,0.36,0.43,0.285,0.21,0.45,0.31
55.60000000000052,0.36,0.43,0.285,0.21,0.45,0.31
55.70000000000052,0.36,0.43,0.285,0.21,0.45,0.31
55.80000000000052,0.36,0.43,0.285,0.21,0.45,0.31
55.900000000000524,0.36,0.43,0.325,0.21,0.41,0.31
56.000000000000526,0.36,0.43,0.325,0.21,0.41,0.31
56.10000000000053,0.36,0.37,0.325,0.27,0.41,0.31
56.20000000000053,0.36,0.37,0.325,0.21,0.41,0.37
56.30000000000053,0.36,0.37,0.325,0.21,0.41,0.37
56.40000000000053,0.36,0.37,0.325,0.21,0.41,0.37
56.50000000000053,0.36,0.37,0.325,0.21,0.41,0.37
56.600000000000534,0.36,0.37,0.325,0.21,0.41,0.37
56.700000000000536,0.36,0.37,0.325,0.21,0.41,0.37
56.80000000000054,0.36,0.37,0.325,0.21,0.41,0.37
56.90000000000054,0.36,0.37,0.325,0.21,0.41,0.37
57.00000000000054,0.36,0.37,0.325,0.21,0.41,0.37
57.10000000000054,0.36,0.37,0.325,0.21,0.41,0.31
57.20000000000054,0.36,0.37,0.325,0.21,0.41,0.35
57.300000000000544,0.36,0.37,0.325,0.21,0.41,0.35
57.400000000000546,0.36,0.37,0.325,0.21,0.41,0.35
57.50000000000055,0.36,0.37,0.325,0.21,0.41,0.35
57.60000000000055,0.415,0.37,0.325,0.21,0.41,0.35
57.70000000000055,0.415,0.37,0.325,0.21,0.41,0.35
57.80000000000055,0.415,0.37,0.325,0.25,0.41,0.31
57.90000000000055,0.415,0.41,0.325,0.21,0.41,0.31
58.000000000000554,0.415,0.41,0.325,0.21,0.41,0.355
58.100000000000556,0.415,0.41,0.325,0.21,0.41,0.355
58.20000000000056,0.415,0.41,0.325,0.21,0.41,0.355
58.30000000000056,0.415,0.41,0.325,0.21,0.41,0.355
58.40000000000056,0.415,0.41,0.325,0.21,0.41,0.355
58.50000000000056,0.415,0.46,0.325,0.21,0.41,0.355
58.60000000000056,0.415,0.46,0.325,0.255,0.41,0.31
58.700000000000564,0.455,0.46,0.325,0.255,0.41,0.31
58.800000000000566,0.415,0.46,0.325,0.255,0.41,0.31
58.90000000000057,0.415,0.46,0.285,0.255,0.41,0.31
59.00000000000057,0.415,0.46,0.285,0.255,0.41,0.31
59.10000000000057,0.415,0.46,0.285,0.255,0.41,0.31
59.20000000000057,0.375,0.46,0.325,0.255,0.41,0.265
59.30000000000057,0.375,0.46,0.325,0.255,0.41,0.265
59.400000000000574,0.375,0.46,0.325,0.255,0.41,0.265
59.500000000000576,0.315,0.46,0.325,0.255,0.41,0.265
59.60000000000058,0.315,0.46,0.325,0.255,0.41,0.265
59.70000000000058,0.315,0.46,0.325,0.255,0.41,0.265
59.80000000000058,0.315,0.46,0.325,0.255,0.41,0.265
59.90000000000058,0.315,0.46,0.325,0.255,0.41,0.265
60.00000000000058,0.315,0.46,0.325,0.255,0.41,0.265
60.100000000000584,0.315,0.46,0.325,0.255,0.41,0.265
60.200000000000585,0.315,0.46,0.325,0.255,0.41,0.265
60.30000000000059,0.315,0.46,0.325,0.255,0.41,0.265
60.40000000000059,0.315,0.46,0.325,0.255,0.41,0.265
60.50000000000059,0.315,0.46,0.325,0.255,0.41,0.325
60.60000000000059,0.315,0.46,0.325,0.255,0.41,0.325
60.70000000000059,0.315,0.46,0.325,0.305,0.41,0.325
60.800000000000594,0.315,0.46,0.365,0.305,0.41,0.325
60.900000000000595,0.315,0.46,0.365,0.305,0.41,0.325
61.0000000000006,0.315,0.46,0.365,0.305,0.41,0.325
61.1000000000006,0.315,0.46,0.365,0.305,0.41,0.285
61.2000000000006,0.315,0.46,0.365,0.305,0.41,0.285
61.3000000000006,0.315,0.46,0.365,0.305,0.41,0.285
61.4000000000006,0.315,0.46,0.325,0.305,0.45,0.285
61.500000000000604,0.315,0.46,0.325,0.305,0.45,0.285
61.600000000000605,0.315,0.46,0.325,0.305,0.45,0.285
61.70000000000061,0.315,0.46,0.325,0.305,0.45,0.285
61.80000000000061,0.315,0.46,0.325,0.305,0.45,0.285
61.90000000000061,0.315,0.46,0.325,0.305,0.45,0.345
62.00000000000061,0.315,0.46,0.325,0.305,0.45,0.345
62.10000000000061,0.315,0.46,0.325,0.305,0.39,0.345
62.200000000000614,0.315,0.46,0.325,0.305,0.39,0.345
62.300000000000615,0.315,0.46,0.325,0.305,0.39,0.345
62.40000000000062,0.315,0.46,0.325,0.305,0.39,0.345
62.50000000000062,0.315,0.52,0.325,0.305,0.39,0.345
62.60000000000062,0.315,0.52,0.325,0.305,0.39,0.345
62.70000000000062,0.315,0.52,0.325,0.305,0.39,0.345
62.80000000000062,0.315,0.52,0.325,0.365,0.39,0.285
62.900000000000624,0.315,0.52,0.325,0.365,0.39,0.285
63.000000000000625,0.315,0.52,0.325,0.365,0.39,0.335
63.10000000000063,0.315,0.52,0.325,0.365,0.39,0.335
63.20000000000063,0.315,0.52,0.325,0.365,0.34,0.335
63.30000000000063,0.315,0.52,0.325,0.365,0.34,0.335
63.40000000000063,0.315,0.52,0.325,0.365,0.34,0.335
63.50000000000063,0.315,0.52,0.325,0.365,0.34,0.335
63.600000000000634,0.315,0.52,0.38,0.365,0.34,0.335
63.700000000000635,0.315,0.52,0.38,0.365,0.34,0.335
63.80000000000064,0.315,0.52,0.38,0.365,0.34,0.335
63.90000000000064,0.315,0.52,0.38,0.365,0.34,0.335
64.00000000000064,0.315,0.52,0.38,0.365,0.34,0.335
64.10000000000063,0.315,0.52,0.38,0.365,0.3,0.335
64.20000000000063,0.355,0.52,0.38,0.365,0.3,0.335
64.30000000000062,0.355,0.52,0.38,0.365,0.3,0.335
64.40000000000062,0.355,0.52,0.38,0.365,0.3,0.335
64.50000000000061,0.355,0.52,0.38,0.365,0.3,0.335
64.6000000000006,0.355,0.52,0.38,0.365,0.3,0.335
64.7000000000006,0.355,0.52,0.38,0.365,0.3,0.375
64.8000000000006,0.355,0.52,0.38,0.425,0.3,0.375
64.90000000000059,0.355,0.52,0.38,0.425,0.24,0.325
65.00000000000058,0.355,0.52,0.38,0.425,0.24,0.325
65.10000000000058,0.355,0.52,0.38,0.425,0.24,0.325
65.20000000000057,0.355,0.52,0.38,0.425,0.24,0.325
65.30000000000057,0.355,0.52,0.38,0.425,0.24,0.325
65.40000000000056,0.355,0.52,0.38,0.425,0.24,0.325
65.50000000000055,0.355,0.52,0.38,0.38,0.24,0.325
65.60000000000055,0.355,0.52,0.38,0.38,0.24,0.325
65.70000000000054,0.355,0.52,0.38,0.38,0.24,0.38
65.80000000000054,0.3,0.52,0.435,0.38,0.24,0.32
65.90000000000053,0.3,0.52,0.38,0.38,0.295,0.32
66.00000000000053,0.3,0.52,0.38,0.38,0.295,0.32
66.10000000000052,0.36,0.52,0.38,0.38,0.25,0.32
66.20000000000051,0.36,0.52,0.38,0.38,0.25,0.32
66.30000000000051,0.36,0.52,0.38,0.32,0.25,0.32
66.4000000000005,0.36,0.52,0.38,0.32,0.25,0.32
66.5000000000005,0.36,0.52,0.38,0.32,0.25,0.32
66.60000000000049,0.36,0.52,0.38,0.32,0.25,0.32
66.70000000000049,0.36,0.465,0.38,0.32,0.25,0.32
66.80000000000048,0.36,0.465,0.38,0.32,0.25,0.375
66.90000000000047,0.36,0.465,0.38,0.32,0.25,0.375
67.00000000000047,0.36,0.465,0.38,0.32,0.205,0.375
67.10000000000046,0.36,0.465,0.38,0.32,0.205,0.375
67.20000000000046,0.36,0.465,0.38,0.32,0.205,0.375
67.30000000000045,0.36,0.465,0.38,0.32,0.205,0.375
67.40000000000045,0.36,0.465,0.425,0.32,0.205,0.375
67.50000000000044,0.36,0.465,0.425,0.32,0.205,0.375
67.60000000000043,0.36,0.505,0.425,0.375,0.205,0.32
67.70000000000043,0.36,0.455,0.425,0.375,0.205,0.32
67.80000000000042,0.36,0.455,0.425,0.32,0.205,0.32
67.90000000000042,0.36,0.455,0.425,0.32,0.205,0.365
68.00000000000041,0.36,0.455,0.425,0.32,0.265,0.365
68.1000000000004,0.36,0.455,0.425,0.32,0.265,0.365
68.2000000000004,0.36,0.455,0.425,0.32,0.265,0.365
68.3000000000004,0.36,0.455,0.425,0.32,0.265,0.365
68.40000000000039,0.36,0.495,0.425,0.32,0.265,0.365
68.50000000000038,0.36,0.495,0.425,0.365,0.265,0.32
68.60000000000038,0.36,0.495,0.425,0.365,0.265,0.32
68.70000000000037,0.36,0.495,0.425,0.365,0.265,0.32
68.80000000000037,0.36,0.495,0.425,0.365,0.265,0.36
68.90000000000036,0.36,0.495,0.425,0.365,0.265,0.36
69.00000000000036,0.305,0.495,0.425,0.365,0.265,0.36
69.10000000000035,0.305,0.495,0.425,0.365,0.265,0.36
69.20000000000034,0.305,0.495,0.425,0.42,0.265,0.36
69.30000000000034,0.305,0.495,0.425,0.42,0.265,0.36
69.40000000000033,0.305,0.495,0.425,0.42,0.265,0.36
69.50000000000033,0.305,0.495,0.425,0.42,0.265,0.36
69.60000000000032,0.305,0.495,0.425,0.42,0.265,0.4
69.70000000000032,0.305,0.495,0.425,0.42,0.265,0.4
69.80000000000031,0.305,0.495,0.425,0.42,0.265,0.4
69.9000000000003,0.305,0.495,0.425,0.42,0.265,0.4
70.0000000000003,0.305,0.495,0.425,0.42,0.265,0.4
70.10000000000029,0.305,0.55,0.425,0.365,0.265,0.4
70.20000000000029,0.305,0.55,0.425,0.365,0.265,0.4
70.30000000000028,0.305,0.55,0.425,0.365,0.265,0.4
70.40000000000028,0.365,0.55,0.425,0.365,0.265,0.4
70.50000000000027,0.365,0.55,0.425,0.365,0.265,0.4
70.60000000000026,0.365,0.55,0.425,0.365,0.265,0.4
70.70000000000026,0.365,0.55,0.425,0.365,0.265,0.4
70.80000000000025,0.365,0.55,0.425,0.365,0.265,0.4
70.90000000000025,0.365,0.55,0.425,0.365,0.265,0.4
71.00000000000024,0.365,0.55,0.425,0.365,0.265,0.4
71.10000000000024,0.365,0.55,0.425,0.365,0.265,0.4
71.20000000000023,0.365,0.55,0.425,0.365,0.265,0.4
71.30000000000022,0.365,0.55,0.425,0.365,0.265,0.4
71.40000000000022,0.365,0.55,0.425,0.365,0.265,0.4
71.50000000000021,0.42,0.55,0.425,0.365,0.265,0.4
71.60000000000021,0.42,0.55,0.425,0.365,0.265,0.4
71.7000000000002,0.42,0.55,0.425,0.365,0.265,0.4
71.8000000000002,0.42,0.55,0.425,0.365,0.265,0.4
71.90000000000019,0.42,0.55,0.425,0.365,0.265,0.4
72.00000000000018,0.42,0.55,0.47,0.365,0.265,0.4
72.10000000000018,0.42,0.55,0.47,0.365,0.265,0.4
72.20000000000017,0.42,0.55,0.47,0.365,0.265,0.4
72.30000000000017,0.42,0.55,0.47,0.365,0.265,0.4
72.40000000000016,0.42,0.55,0.47,0.365,0.265,0.4
72.50000000000016,0.42,0.55,0.47,0.365,0.265,0.4
72.60000000000015,0.42,0.55,0.47,0.365,0.265,0.4
72.70000000000014,0.42,0.49,0.47,0.365,0.265,0.4
72.80000000000014,0.42,0.55,0.47,0.365,0.265,0.4
72.90000000000013,0.42,0.55,0.47,0.365,0.265,0.4
73.00000000000013,0.42,0.55,0.47,0.365,0.32,0.4
73.10000000000012,0.42,0.55,0.47,0.365,0.32,0.4
73.20000000000012,0.42,0.55,0.47,0.365,0.32,0.4
73.30000000000011,0.42,0.55,0.47,0.365,0.32,0.4
73.4000000000001,0.42,0.55,0.47,0.365,0.32,0.4
73.5000000000001,0.42,0.55,0.47,0.365,0.32,0.4
73.6000000000001,0.42,0.55,0.47,0.365,0.32,0.4
73.70000000000009,0.42,0.55,0.47,0.365,0.32,0.4
73.80000000000008,0.42,0.55,0.47,0.365,0.32,0.4
73.90000000000008,0.42,0.5,0.525,0.365,0.265,0.4
74.00000000000007,0.42,0.5,0.525,0.365,0.265,0.4
74.10000000000007,0.42,0.5,0.525,0.365,0.265,0.4
74.20000000000006,0.42,0.5,0.525,0.365,0.265,0.4
74.30000000000005,0.42,0.5,0.525,0.365,0.265,0.4
74.40000000000005,0.42,0.5,0.525,0.365,0.265,0.4
74.50000000000004,0.42,0.5,0.525,0.365,0.265,0.4
74.60000000000004,0.42,0.5,0.525,0.365,0.265,0.4
74.70000000000003,0.42,0.5,0.525,0.365,0.265,0.4
74.80000000000003,0.42,0.5,0.525,0.365,0.265,0.4
74.90000000000002,0.42,0.5,0.525,0.365,0.265,0.4
75.00000000000001,0.42,0.5,0.525,0.365,0.265,0.4
75.10000000000001,0.42,0.5,0.525,0.365,0.265,0.4
75.2,0.42,0.5,0.525,0.365,0.265,0.4
75.3,0.42,0.5,0.525,0.365,0.265,0.4
75.39999999999999,0.42,0.5,0.525,0.365,0.265,0.4
75.49999999999999,0.42,0.5,0.525,0.365,0.265,0.4
75.59999999999998,0.42,0.5,0.525,0.365,0.265,0.4
75.69999999999997,0.42,0.5,0.525,0.365,0.265,0.4
75.79999999999997,0.42,0.5,0.525,0.365,0.265,0.4
75.89999999999996,0.42,0.5,0.525,0.365,0.265,0.4
75.99999999999996,0.42,0.5,0.525,0.365,0.265,0.4
76.09999999999995,0.42,0.555,0.525,0.365,0.265,0.4
76.19999999999995,0.42,0.555,0.525,0.365,0.265,0.4
76.29999999999994,0.42,0.555,0.525,0.365,0.265,0.4
76.39999999999993,0.42,0.555,0.525,0.365,0.265,0.4
76.49999999999993,0.46,0.555,0.525,0.365,0.265,0.4
76.59999999999992,0.46,0.555,0.525,0.365,0.265,0.4
76.69999999999992,0.46,0.555,0.525,0.365,0.265,0.4
76.79999999999991,0.46,0.555,0.525,0.365,0.265,0.4
76.8999999999999,0.46,0.5,0.525,0.42,0.265,0.4
76.9999999999999,0.42,0.5,0.565,0.42,0.265,0.455
77.0999999999999,0.42,0.5,0.525,0.42,0.305,0.455
77.19999999999989,0.475,0.555,0.525,0.42,0.305,0.455
77.29999999999988,0.475,0.555,0.525,0.42,0.305,0.455
77.39999999999988,0.475,0.555,0.525,0.42,0.305,0.455
77.49999999999987,0.475,0.555,0.525,0.42,0.305,0.455
77.59999999999987,0.475,0.555,0.525,0.42,0.305,0.455
77.69999999999986,0.42,0.555,0.525,0.42,0.305,0.455
77.79999999999986,0.42,0.555,0.525,0.42,0.305,0.455
77.89999999999985,0.42,0.555,0.525,0.42,0.305,0.455
77.99999999999984,0.42,0.555,0.525,0.42,0.305,0.455
78.09999999999984,0.42,0.555,0.525,0.42,0.305,0.455
78.19999999999983,0.42,0.555,0.525,0.42,0.305,0.455
78.29999999999983,0.42,0.555,0.525,0.42,0.305,0.455
78.39999999999982,0.42,0.555,0.525,0.42,0.305,0.455
78.49999999999982,0.42,0.555,0.525,0.42,0.305,0.455
78.59999999999981,0.42,0.555,0.525,0.42,0.305,0.455
78.6999999999998,0.42,0.555,0.525,0.42,0.305,0.455
78.7999999999998,0.42,0.555,0.525,0.42,0.305,0.455
78.89999999999979,0.42,0.555,0.525,0.42,0.305,0.455
78.99999999999979,0.42,0.555,0.525,0.42,0.305,0.455
79.09999999999978,0.42,0.555,0.525,0.42,0.305,0.455
79.19999999999978,0.42,0.555,0.525,0.42,0.345,0.455
79.29999999999977,0.42,0.555,0.525,0.42,0.345,0.455
79.39999999999976,0.42,0.555,0.58,0.42,0.345,0.455
79.49999999999976,0.42,0.555,0.54,0.42,0.345,0.455
79.59999999999975,0.42,0.555,0.54,0.42,0.345,0.455
79.69999999999975,0.475,0.555,0.54,0.42,0.345,0.455
79.79999999999974,0.475,0.555,0.54,0.42,0.345,0.455
79.89999999999974,0.475,0.555,0.54,0.42,0.345,0.455
79.99999999999973,0.475,0.555,0.54,0.42,0.345,0.455
80.09999999999972,0.475,0.555,0.54,0.42,0.385,0.455
80.19999999999972,0.475,0.555,0.54,0.42,0.385,0.455
80.29999999999971,0.475,0.555,0.54,0.42,0.385,0.455
80.39999999999971,0.475,0.555,0.54,0.42,0.385,0.455
80.4999999999997,0.475,0.555,0.54,0.42,0.385,0.455
80.5999999999997,0.475,0.555,0.54,0.42,0.385,0.455
80.69999999999969,0.475,0.555,0.54,0.42,0.385,0.455
80.79999999999968,0.475,0.555,0.54,0.42,0.385,0.455
80.89999999999968,0.475,0.555,0.54,0.42,0.44,0.455
80.99999999999967,0.475,0.555,0.54,0.42,0.44,0.455
81.09999999999967,0.475,0.605,0.54,0.42,0.44,0.455
81.19999999999966,0.475,0.605,0.54,0.42,0.44,0.455
81.29999999999966,0.475,0.605,0.54,0.42,0.44,0.455
81.39999999999965,0.475,0.605,0.54,0.42,0.44,0.455
81.49999999999964,0.475,0.605,0.54,0.42,0.44,0.455
81.59999999999964,0.475,0.605,0.54,0.42,0.44,0.455
81.69999999999963,0.475,0.605,0.54,0.42,0.44,0.455
81.79999999999963,0.475,0.555,0.595,0.47,0.385,0.455
81.89999999999962,0.475,0.555,0.595,0.47,0.385,0.455
81.99999999999962,0.475,0.555,0.595,0.47,0.385,0.515
82.09999999999961,0.475,0.555,0.595,0.47,0.385,0.515
82.1999999999996,0.475,0.555,0.595,0.47,0.385,0.515
82.2999999999996,0.475,0.555,0.595,0.47,0.385,0.515
82.3999999999996,0.475,0.555,0.595,0.47,0.385,0.515
82.49999999999959,0.475,0.555,0.595,0.47,0.385,0.515
82.59999999999958,0.475,0.555,0.595,0.47,0.385,0.515
82.69999999999958,0.475,0.555,0.595,0.47,0.385,0.515
82.79999999999957,0.475,0.555,0.595,0.47,0.385,0.515
82.89999999999957,0.525,0.555,0.595,0.47,0.385,0.515
82.99999999999956,0.525,0.555,0.595,0.47,0.385,0.515
83.09999999999955,0.525,0.555,0.535,0.47,0.385,0.515
83.19999999999955,0.525,0.555,0.535,0.47,0.385,0.515
83.29999999999954,0.525,0.555,0.535,0.47,0.385,0.515
83.39999999999954,0.525,0.555,0.535,0.47,0.385,0.515
83.49999999999953,0.525,0.555,0.535,0.47,0.385,0.515
83.59999999999953,0.525,0.555,0.535,0.47,0.385,0.515
83.69999999999952,0.525,0.555,0.535,0.47,0.385,0.515
83.79999999999951,0.525,0.555,0.535,0.47,0.385,0.515
83.89999999999951,0.525,0.555,0.535,0.47,0.385,0.515
83.9999999999995,0.525,0.555,0.535,0.47,0.385,0.515
84.0999999999995,0.525,0.555,0.535,0.47,0.385,0.515
84.19999999999949,0.525,0.495,0.535,0.47,0.385,0.515
84.29999999999949,0.525,0.495,0.535,0.47,0.385,0.515
84.39999999999948,0.525,0.495,0.535,0.47,0.385,0.515
84.49999999999947,0.525,0.495,0.535,0.47,0.385,0.515
84.59999999999947,0.525,0.495,0.535,0.47,0.385,0.515
84.69999999999946,0.48,0.495,0.535,0.47,0.385,0.515
84.79999999999946,0.48,0.495,0.535,0.47,0.385,0.515
84.89999999999945,0.48,0.495,0.535,0.47,0.385,0.515
84.99999999999945,0.48,0.495,0.535,0.47,0.385,0.515
85.09999999999944,0.48,0.495,0.535,0.47,0.385,0.515
85.19999999999943,0.48,0.495,0.535,0.47,0.385,0.515
85.29999999999943,0.48,0.455,0.535,0.47,0.385,0.515
85.39999999999942,0.48,0.505,0.535,0.47,0.385,0.515
85.49999999999942,0.48,0.505,0.535,0.47,0.385,0.515
85.59999999999941,0.48,0.505,0.535,0.47,0.385,0.515
85.6999999999994,0.48,0.505,0.535,0.47,0.385,0.515
85.7999999999994,0.48,0.505,0.535,0.47,0.385,0.515
85.8999999999994,0.48,0.505,0.535,0.47,0.385,0.515
85.99999999999939,0.48,0.505,0.535,0.47,0.385,0.515
86.09999999999938,0.48,0.4,0.535,0.52,0.385,0.515
86.19999999999938,0.48,0.4,0.535,0.47,0.385,0.565
86.29999999999937,0.48,0.4,0.535,0.47,0.385,0.565
86.39999999999937,0.48,0.4,0.535,0.47,0.385,0.565
86.49999999999936,0.48,0.4,0.535,0.47,0.385,0.565
86.59999999999935,0.48,0.45,0.535,0.47,0.385,0.565
86.69999999999935,0.48,0.45,0.535,0.47,0.385,0.565
86.79999999999934,0.48,0.45,0.535,0.47,0.385,0.565
86.89999999999934,0.48,0.45,0.49,0.47,0.385,0.565
86.99999999999933,0.535,0.45,0.49,0.47,0.445,0.565
87.09999999999933,0.535,0.45,0.49,0.47,0.445,0.565
87.19999999999932,0.535,0.45,0.49,0.47,0.445,0.565
87.29999999999932,0.535,0.45,0.49,0.47,0.445,0.565
87.39999999999931,0.535,0.45,0.49,0.47,0.445,0.565
87.4999999999993,0.535,0.505,0.49,0.47,0.445,0.565
87.5999999999993,0.535,0.505,0.49,0.47,0.445,0.565
87.69999999999929,0.535,0.505,0.45,0.47,0.445,0.565
87.79999999999929,0.48,0.505,0.505,0.47,0.445,0.565
87.89999999999928,0.48,0.505,0.505,0.47,0.445,0.565
87.99999999999928,0.48,0.505,0.505,0.47,0.445,0.565
88.09999999999927,0.52,0.505,0.505,0.47,0.445,0.565
88.19999999999926,0.52,0.505,0.505,0.47,0.445,0.565
88.29999999999926,0.52,0.505,0.505,0.47,0.445,0.565
88.39999999999925,0.52,0.505,0.505,0.47,0.445,0.565
88.49999999999925,0.52,0.505,0.505,0.47,0.445,0.565
88.59999999999924,0.52,0.505,0.505,0.47,0.445,0.565
88.69999999999924,0.52,0.505,0.505,0.47,0.445,0.565
88.79999999999923,0.52,0.505,0.505,0.47,0.445,0.565
88.89999999999922,0.52,0.505,0.505,0.47,0.445,0.565
88.99999999999922,0.52,0.505,0.505,0.47,0.445,0.565
89.09999999999921,0.52,0.505,0.505,0.47,0.445,0.565
89.1999999999992,0.52,0.505,0.505,0.47,0.445,0.565
89.2999999999992,0.52,0.555,0.505,0.47,0.445,0.565
89.3999999999992,0.52,0.555,0.505,0.47,0.445,0.565
89.49999999999919,0.52,0.555,0.505,0.47,0.445,0.565
89.59999999999918,0.52,0.555,0.505,0.47,0.445,0.565
89.69999999999918,0.52,0.555,0.505,0.47,0.445,0.565
89.79999999999917,0.52,0.555,0.505,0.47,0.445,0.565
89.89999999999917,0.52,0.555,0.505,0.47,0.445,0.565
89.99999999999916,0.52,0.555,0.505,0.47,0.445,0.565
90.09999999999916,0.52,0.505,0.505,0.52,0.445,0.565
90.19999999999915,0.52,0.505,0.505,0.47,0.445,0.615
90.29999999999914,0.52,0.505,0.505,0.47,0.445,0.615
90.39999999999914,0.52,0.505,0.505,0.47,0.445,0.615
90.49999999999913,0.52,0.505,0.505,0.47,0.445,0.615
90.59999999999913,0.52,0.505,0.55,0.47,0.445,0.615
90.69999999999912,0.52,0.505,0.55,0.47,0.445,0.615
90.79999999999912,0.52,0.505,0.55,0.47,0.445,0.615
90.89999999999911,0.52,0.505,0.55,0.47,0.445,0.615
90.9999999999991,0.52,0.505,0.55,0.47,0.445,0.615
91.0999999999991,0.52,0.505,0.55,0.47,0.445,0.615
91.1999999999991,0.565,0.505,0.505,0.47,0.445,0.655
91.29999999999909,0.565,0.505,0.505,0.47,0.445,0.655
91.39999999999908,0.565,0.505,0.505,0.47,0.445,0.655
91.49999999999908,0.565,0.505,0.505,0.47,0.445,0.655
91.59999999999907,0.565,0.505,0.505,0.47,0.445,0.655
91.69999999999906,0.565,0.505,0.505,0.51,0.445,0.615
91.79999999999906,0.565,0.545,0.505,0.47,0.445,0.615
91.89999999999905,0.565,0.545,0.505,0.47,0.445,0.66
91.99999999999905,0.565,0.545,0.505,0.47,0.445,0.66
92.09999999999904,0.565,0.545,0.505,0.47,0.445,0.66
92.19999999999904,0.565,0.545,0.505,0.47,0.445,0.66
92.29999999999903,0.565,0.545,0.505,0.47,0.495,0.66
92.39999999999903,0.565,0.545,0.505,0.47,0.495,0.66
92.49999999999902,0.565,0.545,0.505,0.47,0.495,0.66
92.59999999999901,0.565,0.545,0.505,0.47,0.495,0.66
92.69999999999901,0.565,0.545,0.505,0.47,0.495,0.66
92.799999999999,0.565,0.505,0.445,0.47,0.435,0.66
92.899999999999,0.565,0.505,0.445,0.47,0.435,0.66
92.99999999999899,0.565,0.505,0.445,0.47,0.435,0.66
93.09999999999899,0.515,0.505,0.445,0.515,0.435,0.66
93.19999999999898,0.515,0.505,0.445,0.515,0.435,0.66
93.29999999999897,0.515,0.505,0.445,0.515,0.435,0.71
93.39999999999897,0.515,0.505,0.445,0.515,0.435,0.71
93.49999999999896,0.515,0.505,0.445,0.515,0.435,0.71
93.59999999999896,0.515,0.505,0.445,0.515,0.435,0.71
93.69999999999895,0.515,0.55,0.445,0.47,0.435,0.71
93.79999999999895,0.515,0.55,0.405,0.47,0.385,0.71
93.89999999999894,0.515,0.55,0.405,0.47,0.385,0.71
93.99999999999893,0.515,0.55,0.405,0.52,0.385,0.66
94.09999999999893,0.515,0.55,0.455,0.52,0.385,0.605
94.19999999999892,0.515,0.55,0.455,0.52,0.385,0.605
94.29999999999892,0.515,0.55,0.455,0.52,0.385,0.605
94.39999999999891,0.515,0.55,0.455,0.52,0.425,0.605
94.4999999999989,0.515,0.55,0.455,0.52,0.425,0.605
94.5999999999989,0.515,0.55,0.455,0.52,0.425,0.665
94.6999999999989,0.515,0.55,0.455,0.52,0.385,0.665
94.79999999999889,0.515,0.55,0.455,0.52,0.385,0.665
94.89999999999888,0.515,0.55,0.455,0.52,0.385,0.665
94.99999999999888,0.515,0.55,0.455,0.52,0.385,0.665
95.09999999999887,0.515,0.55,0.455,0.52,0.385,0.605
95.19999999999887,0.515,0.55,0.455,0.52,0.385,0.605
95.29999999999886,0.515,0.55,0.455,0.52,0.385,0.605
95.39999999999885,0.515,0.55,0.455,0.52,0.445,0.605
95.49999999999885,0.515,0.55,0.455,0.58,0.39,0.545
95.59999999999884,0.515,0.61,0.455,0.52,0.39,0.545
95.69999999999884,0.515,0.61,0.455,0.52,0.39,0.545
95.79999999999883,0.515,0.61,0.455,0.52,0.39,0.545
95.89999999999883,0.515,0.61,0.455,0.52,0.39,0.545
95.99999999999882,0.515,0.61,0.455,0.52,0.39,0.545
96.09999999999881,0.515,0.61,0.455,0.52,0.39,0.545
96.19999999999881,0.515,0.61,0.455,0.52,0.39,0.545
96.2999999999988,0.515,0.61,0.455,0.52,0.39,0.545
96.3999999999988,0.515,0.61,0.455,0.52,0.39,0.545
96.49999999999879,0.515,0.61,0.455,0.52,0.39,0.545
96.59999999999879,0.515,0.61,0.455,0.52,0.445,0.545
96.69999999999878,0.515,0.61,0.455,0.52,0.445,0.545
96.79999999999878,0.515,0.61,0.455,0.52,0.445,0.545
96.89999999999877,0.515,0.61,0.415,0.52,0.445,0.545
96.99999999999876,0.515,0.61,0.415,0.52,0.445,0.545
97.09999999999876,0.515,0.61,0.415,0.52,0.445,0.485
97.19999999999875,0.515,0.61,0.415,0.47,0.445,0.485
97.29999999999875,0.515,0.61,0.415,0.47,0.445,0.485
97.39999999999874,0.515,0.61,0.47,0.47,0.39,0.485
97.49999999999874,0.57,0.61,0.415,0.47,0.39,0.485
97.59999999999873,0.57,0.61,0.415,0.47,0.39,0.485
97.69999999999872,0.57,0.61,0.415,0.47,0.39,0.485
97.79999999999872,0.57,0.61,0.415,0.47,0.39,0.485
97.89999999999871,0.57,0.61,0.415,0.47,0.39,0.485
97.9999999999987,0.57,0.61,0.415,0.47,0.39,0.485
98.0999999999987,0.57,0.61,0.415,0.425,0.39,0.435
98.1999999999987,0.57,0.61,0.415,0.425,0.39,0.435
98.29999999999869,0.57,0.61,0.415,0.425,0.39,0.435
98.39999999999868,0.57,0.61,0.415,0.425,0.39,0.435
98.49999999999868,0.57,0.61,0.415,0.425,0.39,0.435
98.59999999999867,0.57,0.61,0.415,0.425,0.39,0.435
98.69999999999867,0.57,0.61,0.415,0.425,0.39,0.435
98.79999999999866,0.57,0.61,0.415,0.425,0.39,0.435
98.89999999999866,0.57,0.61,0.415,0.425,0.39,0.435
98.99999999999865,0.57,0.61,0.415,0.425,0.39,0.435
99.09999999999864,0.57,0.61,0.415,0.425,0.39,0.435
99.19999999999864,0.57,0.61,0.415,0.425,0.39,0.435
99.29999999999863,0.57,0.61,0.415,0.425,0.39,0.435
99.39999999999863,0.57,0.61,0.415,0.425,0.39,0.435
99.49999999999862,0.57,0.61,0.415,0.425,0.39,0.435
99.59999999999862,0.57,0.61,0.415,0.425,0.39,0.435
99.69999999999861,0.57,0.61,0.415,0.425,0.39,0.435
99.7999999999986,0.57,0.61,0.415,0.425,0.39,0.435
99.8999999999986,0.57,0.61,0.415,0.425,0.445,0.435
99.9999999999986,0.57,0.61,0.415,0.425,0.445,0.435
100.09999999999859,0.57,0.61,0.415,0.425,0.445,0.435
100.19999999999858,0.57,0.61,0.415,0.425,0.445,0.435
100.29999999999858,0.57,0.61,0.415,0.425,0.445,0.435
100.39999999999857,0.57,0.61,0.415,0.425,0.445,0.435
100.49999999999856,0.57,0.61,0.415,0.425,0.445,0.435
100.59999999999856,0.57,0.61,0.415,0.425,0.445,0.435
100.69999999999855,0.57,0.67,0.415,0.425,0.445,0.435
100.79999999999855,0.515,0.67,0.47,0.425,0.39,0.435
100.89999999999854,0.515,0.67,0.47,0.375,0.39,0.435
100.99999999999854,0.515,0.67,0.47,0.375,0.39,0.435
101.09999999999853,0.515,0.67,0.47,0.375,0.39,0.435
101.19999999999852,0.515,0.67,0.47,0.375,0.39,0.435
101.29999999999852,0.515,0.67,0.47,0.375,0.39,0.435
101.39999999999851,0.515,0.67,0.47,0.375,0.39,0.435
101.49999999999851,0.515,0.67,0.47,0.375,0.39,0.435
101.5999999999985,0.515,0.61,0.47,0.435,0.39,0.435
101.6999999999985,0.515,0.61,0.47,0.435,0.39,0.435
101.79999999999849,0.515,0.61,0.47,0.435,0.39,0.435
101.89999999999849,0.515,0.61,0.47,0.435,0.39,0.435
101.99999999999848,0.515,0.61,0.47,0.435,0.39,0.435
102.09999999999847,0.515,0.61,0.47,0.435,0.39,0.435
102.19999999999847,0.515,0.61,0.525,0.435,0.39,0.435
102.29999999999846,0.515,0.61,0.525,0.435,0.39,0.435
102.39999999999846,0.515,0.61,0.525,0.435,0.39,0.435
102.49999999999845,0.515,0.61,0.525,0.435,0.39,0.435
102.59999999999845,0.515,0.61,0.525,0.435,0.39,0.435
102.69999999999844,0.515,0.61,0.525,0.435,0.39,0.435
102.79999999999843,0.515,0.61,0.525,0.435,0.39,0.395
102.89999999999843,0.515,0.61,0.525,0.435,0.39,0.395
102.99999999999842,0.515,0.61,0.47,0.435,0.445,0.45
103.09999999999842,0.515,0.61,0.47,0.435,0.445,0.45
103.19999999999841,0.515,0.61,0.47,0.435,0.445,0.45
103.2999999999984,0.515,0.61,0.47,0.435,0.445,0.45
103.3999999999984,0.515,0.605,0.47,0.435,0.445,0.45
103.4999999999984,0.515,0.605,0.47,0.435,0.445,0.45
103.59999999999839,0.515,0.605,0.47,0.435,0.445,0.45
103.69999999999838,0.515,0.605,0.47,0.435,0.445,0.45
103.79999999999838,0.515,0.605,0.47,0.435,0.445,0.45
103.89999999999837,0.515,0.605,0.47,0.49,0.445,0.395
103.99999999999837,0.515,0.605,0.47,0.49,0.505,0.395
104.09999999999836,0.515,0.605,0.47,0.49,0.505,0.395
104.19999999999835,0.515,0.605,0.47,0.49,0.505,0.395
104.29999999999835,0.515,0.605,0.47,0.49,0.505,0.395
104.39999999999834,0.515,0.605,0.47,0.49,0.505,0.435
104.49999999999834,0.515,0.605,0.47,0.49,0.505,0.435
104.59999999999833,0.515,0.605,0.47,0.49,0.505,0.435
104.69999999999833,0.515,0.605,0.47,0.49,0.505,0.435
104.79999999999832,0.515,0.605,0.47,0.49,0.505,0.435
104.89999999999831,0.515,0.605,0.47,0.49,0.505,0.435
104.99999999999831,0.515,0.605,0.47,0.49,0.505,0.435
105.0999999999983,0.515,0.605,0.47,0.49,0.505,0.435
105.1999999999983,0.515,0.605,0.47,0.49,0.505,0.435
105.29999999999829,0.515,0.605,0.47,0.49,0.505,0.435
105.39999999999829,0.515,0.605,0.47,0.49,0.555,0.435
105.49999999999828,0.515,0.605,0.47,0.49,0.555,0.435
105.59999999999827,0.515,0.605,0.47,0.49,0.555,0.435
105.69999999999827,0.515,0.605,0.47,0.49,0.555,0.435
105.79999999999826,0.515,0.605,0.47,0.49,0.555,0.435
105.89999999999826,0.515,0.605,0.47,0.49,0.555,0.435
105.99999999999825,0.515,0.605,0.47,0.49,0.555,0.435
106.09999999999825,0.515,0.605,0.47,0.49,0.555,0.435
106.19999999999824,0.515,0.605,0.47,0.49,0.555,0.435
106.29999999999824,0.515,0.605,0.47,0.49,0.555,0.435
106.39999999999823,0.515,0.605,0.47,0.49,0.555,0.435
106.49999999999822,0.515,0.605,0.47,0.49,0.555,0.435
106.59999999999822,0.515,0.605,0.52,0.49,0.555,0.435
106.69999999999821,0.515,0.605,0.52,0.49,0.555,0.435
106.7999999999982,0.515,0.605,0.52,0.49,0.555,0.435
106.8999999999982,0.515,0.605,0.52,0.49,0.555,0.435
106.9999999999982,0.515,0.605,0.52,0.49,0.555,0.435
107.09999999999819,0.515,0.605,0.52,0.49,0.555,0.435
107.19999999999818,0.515,0.605,0.52,0.49,0.555,0.435
107.29999999999818,0.515,0.605,0.47,0.49,0.605,0.435
107.39999999999817,0.515,0.605,0.47,0.49,0.605,0.435
107.49999999999817,0.515,0.605,0.47,0.49,0.605,0.435
107.59999999999816,0.515,0.605,0.47,0.49,0.605,0.435
107.69999999999816,0.515,0.605,0.47,0.49,0.605,0.435
107.79999999999815,0.515,0.605,0.47,0.49,0.605,0.435
107.89999999999814,0.515,0.605,0.47,0.49,0.605,0.435
107.99999999999814,0.515,0.605,0.47,0.55,0.605,0.435
108.09999999999813,0.515,0.605,0.47,0.55,0.605,0.435
108.19999999999813,0.515,0.605,0.47,0.55,0.605,0.435
108.29999999999812,0.515,0.605,0.47,0.55,0.605,0.435
108.39999999999812,0.515,0.605,0.47,0.55,0.605,0.435
108.49999999999811,0.515,0.605,0.47,0.55,0.605,0.435
108.5999999999981,0.515,0.605,0.47,0.55,0.605,0.435
108.6999999999981,0.515,0.605,0.47,0.55,0.605,0.435
108.7999999999981,0.515,0.605,0.47,0.55,0.605,0.435
108.89999999999809,0.515,0.605,0.47,0.49,0.605,0.495
108.99999999999808,0.515,0.605,0.47,0.49,0.605,0.495
109.09999999999808,0.515,0.605,0.47,0.49,0.605,0.495
109.19999999999807,0.515,0.605,0.47,0.49,0.605,0.495
109.29999999999806,0.515,0.605,0.47,0.49,0.605,0.495
109.39999999999806,0.515,0.605,0.47,0.49,0.605,0.495
109.49999999999805,0.515,0.605,0.47,0.49,0.605,0.495
109.59999999999805,0.515,0.605,0.415,0.49,0.605,0.495
109.69999999999804,0.515,0.605,0.415,0.49,0.605,0.495
109.79999999999804,0.515,0.605,0.415,0.49,0.605,0.495
109.89999999999803,0.56,0.605,0.415,0.49,0.605,0.495
109.99999999999802,0.56,0.605,0.415,0.49,0.645,0.495
110.09999999999802,0.56,0.605,0.415,0.49,0.645,0.495
110.19999999999801,0.56,0.605,0.415,0.49,0.645,0.495
110.29999999999801,0.56,0.605,0.415,0.49,0.645,0.495
110.399999999998,0.56,0.605,0.415,0.49,0.645,0.495
110.499999999998,0.56,0.605,0.465,0.49,0.645,0.495
110.59999999999799,0.56,0.605,0.42,0.49,0.645,0.495
110.69999999999798,0.56,0.605,0.42,0.49,0.645,0.495
110.79999999999798,0.56,0.605,0.42,0.49,0.645,0.495
110.89999999999797,0.56,0.605,0.42,0.49,0.645,0.495
110.99999999999797,0.56,0.605,0.42,0.49,0.645,0.495
111.09999999999796,0.56,0.605,0.42,0.49,0.645,0.495
111.19999999999796,0.56,0.605,0.42,0.49,0.645,0.495
111.29999999999795,0.56,0.605,0.42,0.49,0.645,0.495
111.39999999999795,0.56,0.605,0.42,0.43,0.685,0.495
111.49999999999794,0.56,0.605,0.42,0.43,0.685,0.495
111.59999999999793,0.56,0.605,0.42,0.43,0.685,0.495
111.69999999999793,0.56,0.605,0.42,0.43,0.685,0.495
111.79999999999792,0.56,0.605,0.42,0.43,0.685,0.495
111.89999999999792,0.56,0.605,0.42,0.43,0.685,0.495
111.99999999999791,0.56,0.545,0.42,0.43,0.685,0.495
112.0999999999979,0.56,0.545,0.42,0.43,0.685,0.545
112.1999999999979,0.56,0.545,0.42,0.43,0.685,0.545
112.2999999999979,0.56,0.545,0.42,0.43,0.685,0.545
112.39999999999789,0.56,0.545,0.42,0.37,0.685,0.545
112.49999999999788,0.56,0.545,0.42,0.37,0.685,0.545
112.59999999999788,0.56,0.545,0.42,0.37,0.685,0.545
112.69999999999787,0.56,0.545,0.42,0.37,0.685,0.545
112.79999999999787,0.56,0.545,0.42,0.37,0.685,0.545
112.89999999999786,0.56,0.545,0.42,0.37,0.685,0.545
112.99999999999785,0.56,0.545,0.42,0.37,0.685,0.545
113.09999999999785,0.56,0.545,0.375,0.37,0.685,0.545
113.19999999999784,0.56,0.545,0.375,0.37,0.685,0.545
113.29999999999784,0.56,0.545,0.375,0.37,0.685,0.545
113.39999999999783,0.52,0.545,0.375,0.37,0.685,0.545
113.49999999999783,0.52,0.545,0.375,0.37,0.685,0.545
113.59999999999782,0.52,0.545,0.375,0.37,0.685,0.545
113.69999999999781,0.52,0.545,0.375,0.37,0.685,0.545
113.79999999999781,0.52,0.545,0.375,0.37,0.685,0.545
113.8999999999978,0.52,0.545,0.32,0.37,0.685,0.545
113.9999999999978,0.52,0.545,0.32,0.37,0.745,0.545
114.09999999999779,0.52,0.545,0.32,0.37,0.745,0.545
114.19999999999779,0.52,0.545,0.32,0.37,0.745,0.545
114.29999999999778,0.52,0.545,0.32,0.37,0.745,0.545
114.39999999999777,0.52,0.545,0.32,0.37,0.745,0.545
114.49999999999777,0.52,0.545,0.32,0.37,0.745,0.545
114.59999999999776,0.52,0.545,0.32,0.37,0.745,0.545
114.69999999999776,0.52,0.545,0.32,0.37,0.745,0.545
114.79999999999775,0.52,0.545,0.32,0.37,0.745,0.545
114.89999999999775,0.52,0.545,0.38,0.37,0.685,0.545
114.99999999999774,0.58,0.545,0.32,0.37,0.685,0.545
115.09999999999773,0.52,0.545,0.32,0.37,0.685,0.545
115.19999999999773,0.52,0.545,0.32,0.37,0.685,0.545
115.29999999999772,0.52,0.545,0.32,0.37,0.685,0.545
115.39999999999772,0.52,0.545,0.32,0.37,0.685,0.545
115.49999999999771,0.52,0.545,0.32,0.37,0.685,0.545
115.5999999999977,0.52,0.545,0.32,0.37,0.685,0.545
115.6999999999977,0.52,0.545,0.32,0.37,0.685,0.545
115.7999999999977,0.52,0.545,0.32,0.37,0.685,0.545
115.89999999999769,0.52,0.545,0.32,0.37,0.685,0.545
115.99999999999768,0.52,0.545,0.32,0.37,0.685,0.6
116.09999999999768,0.52,0.545,0.32,0.37,0.735,0.6
116.19999999999767,0.52,0.545,0.32,0.37,0.735,0.6
116.29999999999767,0.52,0.545,0.32,0.37,0.735,0.6
116.39999999999766,0.52,0.545,0.32,0.37,0.735,0.6
116.49999999999766,0.52,0.545,0.32,0.37,0.735,0.6
116.59999999999765,0.52,0.545,0.32,0.37,0.735,0.6
116.69999999999764,0.52,0.545,0.32,0.37,0.735,0.6
116.79999999999764,0.52,0.545,0.32,0.37,0.735,0.6
116.89999999999763,0.52,0.545,0.37,0.425,0.685,0.545
116.99999999999763,0.57,0.545,0.32,0.425,0.685,0.545
117.09999999999762,0.57,0.545,0.32,0.425,0.685,0.545
117.19999999999762,0.57,0.545,0.32,0.425,0.685,0.545
117.29999999999761,0.57,0.545,0.32,0.425,0.685,0.545
117.3999999999976,0.57,0.545,0.32,0.425,0.685,0.545
117.4999999999976,0.57,0.545,0.32,0.425,0.685,0.49
117.59999999999759,0.57,0.545,0.32,0.425,0.685,0.49
117.69999999999759,0.57,0.545,0.32,0.425,0.685,0.49
117.79999999999758,0.57,0.545,0.32,0.425,0.685,0.49
117.89999999999758,0.57,0.585,0.36,0.425,0.645,0.49
117.99999999999757,0.57,0.585,0.36,0.425,0.645,0.49
118.09999999999756,0.61,0.585,0.32,0.425,0.645,0.49
118.19999999999756,0.61,0.585,0.32,0.425,0.645,0.49
118.29999999999755,0.61,0.585,0.32,0.425,0.645,0.49
118.39999999999755,0.61,0.585,0.32,0.425,0.645,0.49
118.49999999999754,0.61,0.585,0.32,0.425,0.645,0.49
118.59999999999754,0.61,0.585,0.32,0.425,0.645,0.49
118.69999999999753,0.61,0.585,0.32,0.425,0.645,0.49
118.79999999999752,0.61,0.585,0.32,0.425,0.645,0.49
118.89999999999752,0.61,0.585,0.32,0.425,0.645,0.49
118.99999999999751,0.61,0.545,0.32,0.425,0.645,0.49
119.09999999999751,0.61,0.545,0.32,0.425,0.645,0.49
119.1999999999975,0.61,0.545,0.32,0.425,0.645,0.49
119.2999999999975,0.61,0.545,0.32,0.425,0.685,0.49
119.39999999999749,0.61,0.545,0.32,0.425,0.685,0.49
119.49999999999748,0.61,0.545,0.32,0.425,0.685,0.49
119.59999999999748,0.61,0.545,0.32,0.425,0.685,0.49
119.69999999999747,0.61,0.545,0.32,0.425,0.685,0.49
119.79999999999747,0.61,0.545,0.32,0.425,0.685,0.49
119.89999999999746,0.61,0.545,0.36,0.425,0.645,0.49
119.99999999999746,0.65,0.545,0.32,0.425,0.645,0.49
120.09999999999745,0.65,0.545,0.32,0.425,0.645,0.49
120.19999999999744,0.65,0.545,0.32,0.425,0.645,0.49
120.29999999999744,0.65,0.545,0.38,0.425,0.645,0.49
120.39999999999743,0.65,0.545,0.38,0.425,0.645,0.49
120.49999999999743,0.65,0.545,0.38,0.425,0.645,0.49
120.59999999999742,0.65,0.545,0.38,0.37,0.645,0.49
120.69999999999742,0.65,0.545,0.38,0.37,0.645,0.45
120.79999999999741,0.65,0.545,0.38,0.37,0.645,0.45
120.8999999999974,0.65,0.545,0.38,0.37,0.645,0.45
120.9999999999974,0.65,0.545,0.38,0.37,0.585,0.45
121.0999999999974,0.65,0.545,0.38,0.37,0.585,0.45
121.19999999999739,0.65,0.545,0.38,0.37,0.585,0.45
121.29999999999738,0.65,0.545,0.38,0.37,0.625,0.45
121.39999999999738,0.65,0.545,0.38,0.37,0.625,0.41
121.49999999999737,0.65,0.545,0.38,0.37,0.625,0.41
121.59999999999737,0.65,0.545,0.38,0.37,0.625,0.45
121.69999999999736,0.69,0.545,0.38,0.37,0.625,0.45
121.79999999999735,0.69,0.545,0.38,0.37,0.625,0.45
121.89999999999735,0.69,0.545,0.38,0.37,0.625,0.45
121.99999999999734,0.69,0.545,0.38,0.37,0.625,0.45
122.09999999999734,0.69,0.545,0.38,0.37,0.585,0.395
122.19999999999733,0.69,0.545,0.38,0.41,0.585,0.355
122.29999999999733,0.69,0.585,0.38,0.37,0.585,0.355
122.39999999999732,0.69,0.585,0.38,0.37,0.635,0.355
122.49999999999731,0.63,0.585,0.38,0.37,0.635,0.355
122.59999999999731,0.63,0.585,0.38,0.37,0.635,0.355
122.6999999999973,0.63,0.585,0.38,0.37,0.635,0.41
122.7999999999973,0.63,0.585,0.38,0.37,0.635,0.41
122.89999999999729,0.63,0.585,0.38,0.37,0.635,0.41
122.99999999999729,0.63,0.585,0.38,0.37,0.635,0.41
123.09999999999728,0.63,0.585,0.38,0.37,0.635,0.41
123.19999999999727,0.63,0.585,0.43,0.37,0.585,0.41
123.29999999999727,0.63,0.545,0.43,0.37,0.585,0.41
123.39999999999726,0.63,0.545,0.43,0.37,0.585,0.41
123.49999999999726,0.63,0.545,0.43,0.425,0.585,0.355
123.59999999999725,0.63,0.6,0.43,0.37,0.585,0.355
123.69999999999725,0.63,0.6,0.43,0.37,0.585,0.355
123.79999999999724,0.63,0.6,0.43,0.37,0.585,0.355
123.89999999999723,0.63,0.6,0.43,0.37,0.585,0.355
123.99999999999723,0.63,0.6,0.43,0.37,0.585,0.355
124.09999999999722,0.63,0.6,0.43,0.37,0.585,0.355
124.19999999999722,0.63,0.6,0.43,0.37,0.63,0.355
124.29999999999721,0.63,0.6,0.43,0.37,0.63,0.355
124.3999999999972,0.63,0.6,0.43,0.37,0.63,0.355
124.4999999999972,0.63,0.6,0.43,0.37,0.63,0.355
124.5999999999972,0.63,0.6,0.43,0.37,0.63,0.355
124.69999999999719,0.63,0.6,0.43,0.37,0.63,0.355
124.79999999999718,0.63,0.6,0.49,0.37,0.63,0.355
124.89999999999718,0.63,0.6,0.49,0.37,0.63,0.355
124.99999999999717,0.63,0.6,0.49,0.37,0.63,0.355
125.09999999999717,0.63,0.6,0.49,0.37,0.63,0.355
125.19999999999716,0.63,0.6,0.49,0.37,0.63,0.355
125.29999999999715,0.63,0.6,0.49,0.37,0.63,0.355
125.39999999999715,0.575,0.6,0.49,0.37,0.63,0.355
125.49999999999714,0.575,0.6,0.49,0.325,0.63,0.355
125.59999999999714,0.575,0.6,0.49,0.325,0.63,0.355
125.69999999999713,0.575,0.6,0.49,0.325,0.63,0.355
125.79999999999713,0.575,0.6,0.49,0.325,0.63,0.355
125.89999999999712,0.63,0.6,0.49,0.325,0.63,0.355
125.99999999999712,0.63,0.6,0.49,0.325,0.63,0.415
126.09999999999711,0.63,0.6,0.49,0.325,0.68,0.415
126.1999999999971,0.63,0.6,0.49,0.325,0.68,0.415
126.2999999999971,0.63,0.6,0.49,0.27,0.68,0.415
126.39999999999709,0.63,0.6,0.49,0.27,0.68,0.415
126.49999999999709,0.63,0.6,0.49,0.27,0.68,0.415
126.59999999999708,0.63,0.6,0.49,0.27,0.68,0.415
126.69999999999708,0.63,0.6,0.49,0.27,0.68,0.415
126.79999999999707,0.63,0.6,0.49,0.27,0.68,0.415
126.89999999999706,0.63,0.6,0.54,0.27,0.63,0.415
126.99999999999706,0.63,0.6,0.54,0.27,0.63,0.415
127.09999999999705,0.63,0.6,0.54,0.325,0.63,0.415
127.19999999999705,0.63,0.6,0.54,0.325,0.63,0.415
127.29999999999704,0.63,0.6,0.54,0.325,0.63,0.415
127.39999999999704,0.63,0.545,0.54,0.325,0.63,0.415
127.49999999999703,0.63,0.545,0.54,0.275,0.63,0.415
127.59999999999702,0.63,0.545,0.54,0.275,0.63,0.415
127.69999999999702,0.63,0.545,0.54,0.275,0.63,0.415
127.79999999999701,0.63,0.545,0.54,0.275,0.63,0.415
127.89999999999701,0.63,0.6,0.54,0.22,0.63,0.415
127.999999999997,0.63,0.6,0.54,0.28,0.69,0.415
128.099999999997,0.63,0.6,0.54,0.335,0.69,0.415
128.199999999997,0.63,0.6,0.54,0.335,0.69,0.415
128.299999999997,0.63,0.6,0.54,0.335,0.69,0.415
128.399999999997,0.63,0.6,0.54,0.335,0.69,0.415
128.499999999997,0.63,0.6,0.54,0.335,0.69,0.415
128.59999999999698,0.63,0.6,0.54,0.335,0.69,0.415
128.69999999999698,0.63,0.6,0.54,0.335,0.69,0.415
128.79999999999697,0.63,0.6,0.54,0.335,0.69,0.415
128.89999999999696,0.63,0.6,0.6,0.335,0.63,0.415
128.99999999999696,0.69,0.6,0.54,0.335,0.63,0.415
129.09999999999695,0.69,0.6,0.54,0.335,0.63,0.415
129.19999999999695,0.69,0.6,0.54,0.335,0.63,0.415
129.29999999999694,0.69,0.6,0.54,0.335,0.63,0.415
129.39999999999694,0.69,0.54,0.54,0.335,0.67,0.415
129.49999999999693,0.69,0.54,0.54,0.335,0.67,0.415
129.59999999999692,0.69,0.54,0.54,0.335,0.67,0.415
129.69999999999692,0.69,0.54,0.54,0.335,0.67,0.415
129.7999999999969,0.69,0.54,0.54,0.335,0.67,0.415
129.8999999999969,0.69,0.59,0.54,0.335,0.67,0.415
129.9999999999969,0.69,0.59,0.54,0.335,0.67,0.415
130.0999999999969,0.69,0.59,0.54,0.335,0.67,0.415
130.1999999999969,0.69,0.59,0.54,0.335,0.67,0.415
130.29999999999688,0.69,0.59,0.54,0.335,0.67,0.415
130.39999999999688,0.69,0.59,0.54,0.335,0.67,0.415
130.49999999999687,0.69,0.535,0.54,0.335,0.67,0.415
130.59999999999687,0.69,0.535,0.54,0.335,0.73,0.415
130.69999999999686,0.69,0.535,0.54,0.335,0.73,0.415
130.79999999999686,0.69,0.535,0.54,0.335,0.73,0.415
130.89999999999685,0.69,0.535,0.54,0.335,0.73,0.415
130.99999999999685,0.69,0.535,0.54,0.335,0.73,0.415
131.09999999999684,0.69,0.535,0.54,0.335,0.73,0.465
131.19999999999683,0.69,0.535,0.54,0.375,0.73,0.465
131.29999999999683,0.69,0.535,0.54,0.375,0.73,0.465
131.39999999999682,0.69,0.535,0.54,0.375,0.73,0.465
131.49999999999682,0.69,0.535,0.54,0.375,0.73,0.465
131.5999999999968,0.69,0.535,0.54,0.375,0.73,0.465
131.6999999999968,0.69,0.535,0.54,0.375,0.73,0.465
131.7999999999968,0.69,0.535,0.54,0.375,0.73,0.465
131.8999999999968,0.69,0.535,0.54,0.375,0.73,0.465
131.9999999999968,0.69,0.535,0.54,0.375,0.73,0.465
132.09999999999678,0.69,0.535,0.54,0.375,0.73,0.465
132.19999999999678,0.69,0.535,0.54,0.375,0.73,0.465
132.29999999999677,0.69,0.535,0.54,0.375,0.73,0.465
132.39999999999677,0.69,0.535,0.54,0.375,0.73,0.465
132.49999999999676,0.69,0.535,0.54,0.375,0.73,0.465
132.59999999999675,0.69,0.535,0.54,0.375,0.73,0.465
132.69999999999675,0.69,0.535,0.54,0.375,0.73,0.465
132.79999999999674,0.69,0.535,0.54,0.375,0.73,0.465
132.89999999999674,0.69,0.535,0.54,0.375,0.73,0.465
132.99999999999673,0.69,0.535,0.54,0.375,0.785,0.465
133.09999999999673,0.69,0.535,0.54,0.375,0.785,0.465
133.19999999999672,0.74,0.535,0.54,0.375,0.785,0.465
133.29999999999671,0.74,0.535,0.54,0.375,0.785,0.465
133.3999999999967,0.74,0.535,0.54,0.375,0.785,0.465
133.4999999999967,0.74,0.535,0.54,0.375,0.785,0.465
133.5999999999967,0.74,0.535,0.54,0.375,0.785,0.465
133.6999999999967,0.74,0.535,0.54,0.375,0.785,0.465
133.7999999999967,0.74,0.535,0.54,0.375,0.785,0.465
133.89999999999668,0.74,0.535,0.595,0.375,0.73,0.465
133.99999999999667,0.74,0.535,0.595,0.375,0.73,0.465
134.09999999999667,0.74,0.535,0.595,0.375,0.73,0.465
134.19999999999666,0.74,0.535,0.54,0.375,0.73,0.465
134.29999999999666,0.74,0.535,0.54,0.375,0.73,0.465
134.39999999999665,0.74,0.535,0.54,0.375,0.73,0.465
134.49999999999665,0.685,0.535,0.54,0.375,0.73,0.465
134.59999999999664,0.685,0.535,0.54,0.375,0.73,0.465
134.69999999999663,0.685,0.535,0.54,0.375,0.73,0.465
134.79999999999663,0.685,0.535,0.54,0.375,0.73,0.465
134.89999999999662,0.685,0.535,0.54,0.375,0.73,0.465
134.99999999999662,0.685,0.535,0.54,0.375,0.73,0.465
135.0999999999966,0.685,0.535,0.485,0.375,0.73,0.465
135.1999999999966,0.685,0.535,0.485,0.375,0.73,0.465
135.2999999999966,0.685,0.485,0.485,0.375,0.73,0.465
135.3999999999966,0.685,0.485,0.485,0.375,0.73,0.465
135.4999999999966,0.685,0.485,0.485,0.375,0.73,0.465
135.59999999999658,0.685,0.485,0.485,0.375,0.73,0.465
135.69999999999658,0.685,0.485,0.53,0.375,0.73,0.465
135.79999999999657,0.685,0.485,0.53,0.375,0.73,0.465
135.89999999999657,0.685,0.485,0.53,0.375,0.73,0.465
135.99999999999656,0.685,0.485,0.53,0.375,0.73,0.465
136.09999999999656,0.685,0.485,0.53,0.375,0.73,0.465
136.19999999999655,0.685,0.485,0.53,0.375,0.73,0.465
136.29999999999654,0.73,0.485,0.485,0.375,0.73,0.465
136.39999999999654,0.73,0.485,0.485,0.375,0.73,0.465
136.49999999999653,0.73,0.485,0.485,0.375,0.73,0.465
136.59999999999653,0.73,0.485,0.485,0.375,0.73,0.465
136.69999999999652,0.73,0.485,0.485,0.375,0.69,0.465
136.79999999999652,0.73,0.485,0.485,0.375,0.69,0.465
136.8999999999965,0.73,0.485,0.485,0.375,0.69,0.465
136.9999999999965,0.73,0.485,0.485,0.375,0.69,0.465
137.0999999999965,0.73,0.485,0.485,0.375,0.73,0.465
137.1999999999965,0.73,0.485,0.485,0.375,0.73,0.465
137.2999999999965,0.73,0.485,0.485,0.375,0.73,0.465
137.39999999999648,0.73,0.485,0.485,0.375,0.73,0.465
137.49999999999648,0.73,0.485,0.485,0.375,0.69,0.465
137.59999999999647,0.73,0.485,0.485,0.375,0.69,0.465
137.69999999999646,0.73,0.485,0.525,0.375,0.65,0.465
137.79999999999646,0.77,0.485,0.485,0.375,0.65,0.465
137.89999999999645,0.77,0.485,0.485,0.375,0.695,0.465
137.99999999999645,0.82,0.485,0.485,0.375,0.695,0.465
138.09999999999644,0.82,0.485,0.485,0.375,0.695,0.465
138.19999999999644,0.82,0.485,0.485,0.375,0.695,0.465
138.29999999999643,0.82,0.485,0.485,0.375,0.695,0.465
138.39999999999642,0.765,0.485,0.485,0.375,0.695,0.465
138.49999999999642,0.765,0.485,0.53,0.375,0.65,0.465
138.5999999999964,0.765,0.485,0.53,0.375,0.65,0.465
138.6999999999964,0.765,0.485,0.53,0.375,0.65,0.465
138.7999999999964,0.765,0.485,0.475,0.375,0.705,0.465
138.8999999999964,0.825,0.485,0.475,0.375,0.705,0.465
138.9999999999964,0.825,0.485,0.475,0.375,0.705,0.465
139.09999999999638,0.825,0.485,0.475,0.375,0.705,0.465
139.19999999999638,0.825,0.485,0.475,0.375,0.705,0.465
139.29999999999637,0.825,0.485,0.475,0.375,0.705,0.465
139.39999999999637,0.825,0.485,0.475,0.375,0.705,0.465
139.49999999999636,0.825,0.485,0.475,0.43,0.705,0.465
139.59999999999636,0.825,0.485,0.475,0.43,0.705,0.465
139.69999999999635,0.825,0.485,0.475,0.43,0.705,0.465
139.79999999999634,0.765,0.485,0.485,0.43,0.705,0.465
139.89999999999634,0.765,0.485,0.485,0.43,0.705,0.465
139.99999999999633,0.765,0.485,0.485,0.43,0.705,0.465
140.09999999999633,0.765,0.485,0.485,0.43,0.705,0.465
140.19999999999632,0.765,0.485,0.485,0.43,0.705,0.465
140.29999999999632,0.765,0.485,0.485,0.375,0.705,0.52
140.3999999999963,0.765,0.485,0.485,0.375,0.705,0.52
140.4999999999963,0.765,0.485,0.485,0.375,0.705,0.52
140.5999999999963,0.765,0.485,0.485,0.375,0.705,0.52
140.6999999999963,0.765,0.485,0.485,0.375,0.705,0.52
140.7999999999963,0.765,0.485,0.485,0.375,0.705,0.52
140.89999999999628,0.765,0.485,0.485,0.375,0.705,0.46
140.99999999999628,0.765,0.485,0.485,0.375,0.705,0.46
141.09999999999627,0.765,0.485,0.485,0.375,0.705,0.46
141.19999999999627,0.765,0.485,0.485,0.375,0.705,0.46
141.29999999999626,0.765,0.485,0.485,0.375,0.745,0.46
141.39999999999625,0.765,0.485,0.485,0.375,0.745,0.46
141.49999999999625,0.765,0.485,0.485,0.375,0.745,0.46
141.59999999999624,0.765,0.485,0.485,0.375,0.745,0.46
141.69999999999624,0.765,0.485,0.485,0.375,0.745,0.46
141.79999999999623,0.765,0.485,0.485,0.375,0.745,0.46
141.89999999999623,0.765,0.485,0.485,0.375,0.745,0.46
141.99999999999622,0.765,0.485,0.485,0.375,0.745,0.46
142.09999999999621,0.765,0.485,0.485,0.375,0.745,0.41
142.1999999999962,0.765,0.485,0.485,0.375,0.745,0.41
142.2999999999962,0.765,0.485,0.485,0.375,0.745,0.41
142.3999999999962,0.715,0.485,0.485,0.375,0.745,0.41
142.4999999999962,0.715,0.485,0.485,0.375,0.745,0.41
142.5999999999962,0.715,0.485,0.485,0.375,0.745,0.41
142.69999999999618,0.715,0.485,0.485,0.375,0.745,0.41
142.79999999999617,0.715,0.485,0.485,0.375,0.745,0.41
142.89999999999617,0.715,0.485,0.485,0.375,0.745,0.41
142.99999999999616,0.715,0.43,0.485,0.375,0.745,0.36
143.09999999999616,0.715,0.43,0.485,0.375,0.805,0.36
143.19999999999615,0.715,0.43,0.485,0.375,0.805,0.36
143.29999999999615,0.715,0.43,0.485,0.375,0.805,0.36
143.39999999999614,0.715,0.43,0.485,0.375,0.805,0.36
143.49999999999613,0.715,0.43,0.485,0.375,0.805,0.36
143.59999999999613,0.715,0.43,0.54,0.375,0.805,0.36
143.69999999999612,0.715,0.43,0.54,0.375,0.805,0.36
143.79999999999612,0.715,0.43,0.54,0.375,0.805,0.36
143.8999999999961,0.715,0.43,0.54,0.375,0.805,0.36
143.9999999999961,0.715,0.43,0.54,0.375,0.805,0.36
144.0999999999961,0.715,0.43,0.54,0.375,0.805,0.315
144.1999999999961,0.715,0.43,0.54,0.375,0.805,0.315
144.2999999999961,0.715,0.43,0.54,0.425,0.805,0.315
144.39999999999608,0.77,0.43,0.485,0.425,0.805,0.315
144.49999999999608,0.77,0.43,0.485,0.425,0.85,0.315
144.59999999999607,0.77,0.43,0.485,0.425,0.85,0.315
144.69999999999607,0.77,0.43,0.485,0.425,0.85,0.315
144.79999999999606,0.77,0.43,0.485,0.425,0.79,0.315
144.89999999999606,0.77,0.43,0.485,0.425,0.79,0.275
144.99999999999605,0.77,0.48,0.485,0.375,0.79,0.275
145.09999999999604,0.77,0.48,0.485,0.375,0.79,0.275
145.19999999999604,0.77,0.48,0.485,0.375,0.79,0.275
145.29999999999603,0.77,0.48,0.485,0.375,0.83,0.275
145.39999999999603,0.77,0.48,0.485,0.375,0.83,0.275
145.49999999999602,0.77,0.48,0.485,0.375,0.83,0.275
145.59999999999602,0.77,0.48,0.485,0.375,0.83,0.275
145.699999999996,0.72,0.48,0.535,0.375,0.83,0.215
145.799999999996,0.72,0.48,0.485,0.375,0.83,0.215
145.899999999996,0.72,0.48,0.525,0.375,0.79,0.215
145.999999999996,0.76,0.48,0.485,0.375,0.79,0.215
146.099999999996,0.76,0.48,0.485,0.375,0.79,0.215
146.19999999999598,0.76,0.53,0.485,0.375,0.79,0.215
146.29999999999598,0.76,0.53,0.485,0.375,0.79,0.215
146.39999999999597,0.76,0.53,0.485,0.375,0.835,0.215
146.49999999999596,0.76,0.53,0.485,0.375,0.835,0.215
146.59999999999596,0.72,0.53,0.485,0.375,0.835,0.215
146.69999999999595,0.72,0.49,0.485,0.375,0.835,0.215
146.79999999999595,0.72,0.49,0.485,0.375,0.835,0.215
146.89999999999594,0.72,0.44,0.485,0.425,0.835,0.165
146.99999999999594,0.72,0.44,0.535,0.375,0.835,0.215
147.09999999999593,0.72,0.44,0.535,0.375,0.835,0.215
147.19999999999592,0.72,0.44,0.535,0.375,0.835,0.215
147.29999999999592,0.675,0.44,0.535,0.375,0.835,0.215
147.3999999999959,0.675,0.395,0.535,0.375,0.835,0.215
147.4999999999959,0.675,0.395,0.535,0.375,0.835,0.215
147.5999999999959,0.675,0.395,0.535,0.375,0.835,0.215
147.6999999999959,0.725,0.395,0.485,0.415,0.835,0.215
147.7999999999959,0.725,0.395,0.53,0.415,0.79,0.215
147.89999999999588,0.725,0.395,0.53,0.415,0.79,0.215
147.99999999999588,0.725,0.395,0.53,0.415,0.79,0.215
148.09999999999587,0.725,0.395,0.53,0.415,0.79,0.215
148.19999999999587,0.725,0.395,0.53,0.415,0.835,0.215
148.29999999999586,0.725,0.395,0.53,0.375,0.835,0.255
148.39999999999586,0.725,0.395,0.53,0.375,0.835,0.255
148.49999999999585,0.725,0.395,0.53,0.375,0.835,0.255
148.59999999999584,0.725,0.395,0.53,0.375,0.835,0.255
148.69999999999584,0.725,0.395,0.53,0.375,0.835,0.255
148.79999999999583,0.725,0.395,0.53,0.375,0.835,0.255
148.89999999999583,0.725,0.395,0.575,0.375,0.79,0.255
148.99999999999582,0.77,0.395,0.53,0.375,0.79,0.255
149.09999999999582,0.77,0.395,0.53,0.375,0.79,0.255
149.1999999999958,0.77,0.395,0.53,0.375,0.79,0.255
149.2999999999958,0.77,0.395,0.53,0.375,0.79,0.255
149.3999999999958,0.77,0.395,0.53,0.375,0.79,0.255
149.4999999999958,0.77,0.395,0.53,0.375,0.79,0.255
149.5999999999958,0.77,0.395,0.53,0.325,0.79,0.255
149.69999999999578,0.77,0.395,0.53,0.325,0.79,0.255
149.79999999999578,0.77,0.395,0.53,0.325,0.79,0.315
149.89999999999577,0.77,0.395,0.53,0.325,0.79,0.315
149.99999999999577,0.77,0.395,0.53,0.325,0.79,0.315
150.09999999999576,0.77,0.395,0.53,0.325,0.79,0.315
150.19999999999575,0.77,0.395,0.53,0.325,0.79,0.315
150.29999999999575,0.77,0.395,0.53,0.325,0.79,0.315
150.39999999999574,0.77,0.395,0.53,0.325,0.79,0.315
150.49999999999574,0.82,0.395,0.53,0.325,0.79,0.315
150.59999999999573,0.82,0.395,0.53,0.325,0.79,0.315
150.69999999999573,0.82,0.395,0.53,0.325,0.79,0.315
150.79999999999572,0.82,0.395,0.53,0.325,0.79,0.315
150.8999999999957,0.82,0.395,0.53,0.325,0.79,0.36
150.9999999999957,0.82,0.395,0.53,0.325,0.79,0.36
151.0999999999957,0.82,0.395,0.53,0.325,0.79,0.36
151.1999999999957,0.77,0.395,0.58,0.325,0.79,0.36
151.2999999999957,0.77,0.395,0.53,0.325,0.84,0.36
151.39999999999569,0.77,0.395,0.53,0.325,0.84,0.36
151.49999999999568,0.77,0.395,0.53,0.325,0.84,0.36
151.59999999999567,0.77,0.395,0.53,0.325,0.84,0.36
151.69999999999567,0.77,0.395,0.53,0.325,0.84,0.36
151.79999999999566,0.77,0.395,0.53,0.325,0.84,0.415
151.89999999999566,0.77,0.395,0.53,0.325,0.84,0.415
151.99999999999565,0.77,0.395,0.53,0.325,0.84,0.415
152.09999999999565,0.77,0.395,0.53,0.325,0.84,0.415
152.19999999999564,0.77,0.395,0.53,0.325,0.885,0.415
152.29999999999563,0.77,0.395,0.53,0.325,0.885,0.415
152.39999999999563,0.77,0.395,0.53,0.325,0.885,0.415
152.49999999999562,0.77,0.395,0.53,0.325,0.885,0.415
152.59999999999562,0.77,0.395,0.53,0.325,0.885,0.415
152.6999999999956,0.77,0.395,0.53,0.325,0.885,0.415
152.7999999999956,0.77,0.395,0.53,0.325,0.885,0.415
152.8999999999956,0.77,0.395,0.53,0.325,0.845,0.415
152.9999999999956,0.77,0.395,0.53,0.325,0.845,0.415
153.0999999999956,0.77,0.395,0.53,0.325,0.845,0.415
153.19999999999558,0.77,0.395,0.53,0.325,0.845,0.415
153.29999999999558,0.815,0.395,0.53,0.325,0.845,0.415
153.39999999999557,0.815,0.395,0.53,0.325,0.845,0.415
153.49999999999557,0.815,0.395,0.53,0.325,0.845,0.415
153.59999999999556,0.815,0.395,0.53,0.325,0.785,0.415
153.69999999999555,0.815,0.395,0.53,0.325,0.785,0.415
153.79999999999555,0.815,0.395,0.53,0.325,0.785,0.415
153.89999999999554,0.815,0.395,0.53,0.325,0.785,0.415
153.99999999999554,0.815,0.395,0.53,0.325,0.785,0.415
154.09999999999553,0.815,0.395,0.53,0.325,0.785,0.415
154.19999999999553,0.815,0.395,0.53,0.325,0.785,0.415
154.29999999999552,0.815,0.395,0.53,0.325,0.825,0.415
154.39999999999552,0.76,0.395,0.53,0.325,0.825,0.415
154.4999999999955,0.76,0.395,0.53,0.325,0.825,0.415
154.5999999999955,0.76,0.395,0.53,0.325,0.825,0.415
154.6999999999955,0.76,0.395,0.53,0.325,0.825,0.415
154.7999999999955,0.76,0.395,0.53,0.325,0.77,0.415
154.8999999999955,0.76,0.395,0.53,0.325,0.77,0.415
154.99999999999548,0.76,0.395,0.53,0.325,0.77,0.415
155.09999999999548,0.76,0.395,0.53,0.325,0.77,0.415
155.19999999999547,0.76,0.395,0.53,0.325,0.77,0.415
155.29999999999546,0.76,0.395,0.53,0.325,0.77,0.415
155.39999999999546,0.715,0.395,0.53,0.325,0.77,0.415
155.49999999999545,0.715,0.395,0.53,0.325,0.77,0.415
155.59999999999545,0.715,0.395,0.53,0.325,0.77,0.355
155.69999999999544,0.715,0.395,0.53,0.325,0.77,0.355
155.79999999999544,0.715,0.395,0.53,0.325,0.77,0.355
155.89999999999543,0.715,0.395,0.53,0.265,0.77,0.355
155.99999999999542,0.715,0.395,0.53,0.265,0.83,0.355
156.09999999999542,0.715,0.395,0.53,0.265,0.83,0.355
156.1999999999954,0.715,0.395,0.53,0.265,0.83,0.355
156.2999999999954,0.755,0.395,0.53,0.265,0.83,0.355
156.3999999999954,0.715,0.335,0.53,0.265,0.83,0.355
156.4999999999954,0.715,0.335,0.53,0.265,0.83,0.355
156.5999999999954,0.715,0.335,0.53,0.265,0.83,0.355
156.69999999999538,0.715,0.335,0.53,0.265,0.83,0.355
156.79999999999538,0.715,0.335,0.53,0.265,0.83,0.355
156.89999999999537,0.715,0.335,0.59,0.21,0.77,0.355
156.99999999999537,0.715,0.335,0.59,0.21,0.77,0.355
157.09999999999536,0.715,0.335,0.59,0.21,0.77,0.355
157.19999999999536,0.655,0.335,0.59,0.21,0.77,0.355
157.29999999999535,0.655,0.335,0.59,0.21,0.77,0.355
157.39999999999534,0.655,0.335,0.59,0.21,0.77,0.355
157.49999999999534,0.655,0.335,0.59,0.21,0.77,0.355
157.59999999999533,0.655,0.335,0.59,0.21,0.77,0.355
157.69999999999533,0.655,0.335,0.59,0.21,0.77,0.355
157.79999999999532,0.655,0.335,0.59,0.21,0.77,0.355
157.89999999999532,0.655,0.335,0.535,0.21,0.77,0.355
157.9999999999953,0.655,0.335,0.535,0.21,0.77,0.355
158.0999999999953,0.655,0.335,0.535,0.21,0.77,0.355
158.1999999999953,0.655,0.335,0.535,0.21,0.77,0.355
158.2999999999953,0.655,0.335,0.535,0.21,0.77,0.355
158.3999999999953,0.655,0.335,0.535,0.21,0.77,0.355
158.49999999999528,0.655,0.335,0.535,0.21,0.77,0.355
158.59999999999528,0.655,0.335,0.535,0.21,0.77,0.355
158.69999999999527,0.655,0.335,0.535,0.21,0.77,0.355
158.79999999999526,0.655,0.335,0.535,0.21,0.77,0.355
158.89999999999526,0.655,0.335,0.535,0.21,0.77,0.355
158.99999999999525,0.655,0.335,0.535,0.21,0.77,0.355
159.09999999999525,0.655,0.335,0.535,0.21,0.77,0.355
159.19999999999524,0.655,0.335,0.535,0.21,0.77,0.355
159.29999999999524,0.655,0.335,0.535,0.21,0.77,0.355
159.39999999999523,0.655,0.375,0.595,0.21,0.77,0.355
159.49999999999523,0.655,0.375,0.595,0.21,0.77,0.355
159.59999999999522,0.655,0.375,0.595,0.21,0.77,0.355
159.6999999999952,0.655,0.375,0.595,0.21,0.77,0.355
159.7999999999952,0.655,0.375,0.595,0.21,0.77,0.355
159.8999999999952,0.655,0.375,0.595,0.21,0.77,0.355
159.9999999999952,0.655,0.335,0.595,0.25,0.77,0.355
160.0999999999952,0.655,0.335,0.595,0.21,0.77,0.395
160.19999999999519,0.655,0.335,0.595,0.21,0.77,0.395
160.29999999999518,0.715,0.335,0.535,0.21,0.77,0.395
160.39999999999517,0.715,0.335,0.535,0.21,0.77,0.395
160.49999999999517,0.715,0.335,0.575,0.21,0.77,0.395
160.59999999999516,0.715,0.335,0.575,0.21,0.77,0.395
160.69999999999516,0.715,0.335,0.575,0.21,0.77,0.395
160.79999999999515,0.715,0.335,0.575,0.21,0.77,0.395
160.89999999999515,0.715,0.335,0.575,0.21,0.77,0.395
160.99999999999514,0.715,0.335,0.535,0.21,0.81,0.395
161.09999999999513,0.715,0.335,0.535,0.21,0.81,0.395
161.19999999999513,0.715,0.335,0.535,0.21,0.81,0.395
161.29999999999512,0.715,0.335,0.535,0.21,0.75,0.395
161.39999999999512,0.715,0.29,0.535,0.21,0.75,0.395
161.4999999999951,0.715,0.29,0.535,0.21,0.75,0.395
161.5999999999951,0.715,0.29,0.535,0.21,0.75,0.395
161.6999999999951,0.715,0.29,0.535,0.21,0.75,0.395
161.7999999999951,0.715,0.29,0.535,0.21,0.75,0.395
161.8999999999951,0.715,0.29,0.535,0.21,0.75,0.395
161.99999999999508,0.715,0.29,0.535,0.21,0.75,0.395
162.09999999999508,0.715,0.29,0.535,0.21,0.75,0.395
162.19999999999507,0.715,0.29,0.535,0.21,0.75,0.395
162.29999999999507,0.715,0.29,0.535,0.21,0.7,0.395
162.39999999999506,0.715,0.29,0.535,0.21,0.7,0.395
162.49999999999505,0.715,0.29,0.535,0.21,0.7,0.395
162.59999999999505,0.715,0.29,0.535,0.21,0.7,0.395
162.69999999999504,0.715,0.29,0.535,0.21,0.7,0.395
162.79999999999504,0.715,0.33,0.535,0.21,0.7,0.395
162.89999999999503,0.715,0.33,0.535,0.21,0.7,0.395
162.99999999999503,0.715,0.33,0.535,0.21,0.7,0.395
163.09999999999502,0.715,0.33,0.535,0.21,0.7,0.395
163.19999999999501,0.715,0.33,0.535,0.21,0.65,0.395
163.299999999995,0.715,0.33,0.535,0.21,0.65,0.395
163.399999999995,0.715,0.33,0.535,0.21,0.65,0.395
163.499999999995,0.715,0.33,0.535,0.21,0.65,0.395
163.599999999995,0.715,0.33,0.535,0.21,0.65,0.395
163.699999999995,0.715,0.33,0.535,0.21,0.65,0.395
163.79999999999498,0.715,0.33,0.535,0.21,0.65,0.395
163.89999999999498,0.755,0.33,0.535,0.21,0.65,0.395
163.99999999999497,0.755,0.33,0.535,0.21,0.65,0.395
164.09999999999496,0.755,0.33,0.535,0.21,0.65,0.395
164.19999999999496,0.755,0.33,0.535,0.21,0.65,0.395
164.29999999999495,0.755,0.33,0.535,0.21,0.65,0.395
164.39999999999495,0.715,0.33,0.575,0.21,0.65,0.395
164.49999999999494,0.715,0.33,0.535,0.21,0.69,0.395
164.59999999999494,0.765,0.33,0.535,0.21,0.69,0.395
164.69999999999493,0.765,0.33,0.535,0.21,0.69,0.395
164.79999999999492,0.765,0.33,0.535,0.21,0.69,0.395
164.89999999999492,0.765,0.33,0.535,0.21,0.69,0.395
164.9999999999949,0.765,0.33,0.535,0.21,0.69,0.44
165.0999999999949,0.765,0.33,0.535,0.21,0.69,0.44
165.1999999999949,0.765,0.33,0.535,0.21,0.69,0.44
165.2999999999949,0.765,0.33,0.535,0.21,0.69,0.44
165.3999999999949,0.765,0.33,0.535,0.21,0.69,0.44
165.49999999999488,0.765,0.33,0.535,0.21,0.69,0.44
165.59999999999488,0.765,0.33,0.535,0.255,0.69,0.395
165.69999999999487,0.765,0.375,0.535,0.21,0.69,0.395
165.79999999999487,0.765,0.375,0.535,0.21,0.69,0.435
165.89999999999486,0.765,0.375,0.535,0.21,0.69,0.435
165.99999999999486,0.765,0.375,0.485,0.21,0.69,0.435
166.09999999999485,0.765,0.375,0.485,0.21,0.65,0.435
166.19999999999484,0.765,0.375,0.485,0.21,0.65,0.435
166.29999999999484,0.765,0.375,0.485,0.21,0.65,0.435
166.39999999999483,0.765,0.375,0.485,0.21,0.695,0.435
166.49999999999483,0.765,0.375,0.485,0.21,0.695,0.435
166.59999999999482,0.765,0.375,0.485,0.21,0.695,0.435
166.69999999999482,0.765,0.375,0.485,0.21,0.695,0.435
166.7999999999948,0.765,0.375,0.485,0.21,0.695,0.435
166.8999999999948,0.765,0.375,0.485,0.21,0.695,0.435
166.9999999999948,0.765,0.375,0.53,0.21,0.65,0.435
167.0999999999948,0.81,0.375,0.485,0.21,0.65,0.435
167.1999999999948,0.81,0.375,0.485,0.21,0.65,0.435
167.29999999999478,0.81,0.375,0.485,0.21,0.65,0.435
167.39999999999478,0.81,0.375,0.485,0.21,0.65,0.435
167.49999999999477,0.81,0.375,0.485,0.155,0.65,0.435
167.59999999999476,0.81,0.42,0.485,0.155,0.65,0.435
167.69999999999476,0.81,0.42,0.485,0.155,0.65,0.435
167.79999999999475,0.81,0.42,0.485,0.155,0.65,0.435
167.89999999999475,0.81,0.42,0.485,0.205,0.65,0.435
167.99999999999474,0.81,0.42,0.545,0.205,0.65,0.435
168.09999999999474,0.81,0.42,0.545,0.205,0.65,0.435
168.19999999999473,0.81,0.42,0.545,0.205,0.695,0.435
168.29999999999472,0.76,0.42,0.545,0.205,0.695,0.435
168.39999999999472,0.805,0.475,0.545,0.205,0.695,0.435
168.4999999999947,0.805,0.475,0.545,0.205,0.695,0.435
168.5999999999947,0.805,0.475,0.545,0.205,0.695,0.435
168.6999999999947,0.805,0.475,0.545,0.205,0.695,0.435
168.7999999999947,0.805,0.475,0.545,0.25,0.695,0.435
168.8999999999947,0.805,0.475,0.545,0.25,0.695,0.435
168.99999999999469,0.805,0.475,0.545,0.25,0.695,0.435
169.09999999999468,0.805,0.475,0.545,0.25,0.695,0.435
169.19999999999467,0.805,0.475,0.545,0.25,0.695,0.435
169.29999999999467,0.805,0.475,0.545,0.25,0.695,0.435
169.39999999999466,0.805,0.435,0.545,0.205,0.695,0.48
169.49999999999466,0.805,0.435,0.545,0.205,0.695,0.48
169.59999999999465,0.805,0.435,0.545,0.25,0.695,0.48
169.69999999999465,0.805,0.435,0.545,0.25,0.695,0.48
169.79999999999464,0.805,0.435,0.545,0.25,0.695,0.48
169.89999999999463,0.805,0.435,0.545,0.25,0.695,0.48
169.99999999999463,0.805,0.435,0.545,0.25,0.695,0.48
170.09999999999462,0.805,0.435,0.545,0.25,0.695,0.48
170.19999999999462,0.805,0.435,0.545,0.25,0.695,0.48
170.2999999999946,0.805,0.435,0.545,0.25,0.695,0.48
170.3999999999946,0.805,0.435,0.545,0.25,0.695,0.48
170.4999999999946,0.805,0.435,0.545,0.25,0.655,0.48
170.5999999999946,0.805,0.435,0.545,0.25,0.655,0.48
170.6999999999946,0.805,0.435,0.545,0.25,0.655,0.48
170.79999999999458,0.805,0.435,0.485,0.25,0.655,0.48
170.89999999999458,0.805,0.49,0.53,0.25,0.655,0.48
170.99999999999457,0.805,0.49,0.53,0.25,0.655,0.48
171.09999999999457,0.805,0.49,0.53,0.25,0.655,0.48
171.19999999999456,0.765,0.49,0.53,0.25,0.655,0.48
171.29999999999455,0.765,0.49,0.53,0.25,0.655,0.48
171.39999999999455,0.765,0.49,0.53,0.25,0.655,0.48
171.49999999999454,0.81,0.49,0.485,0.25,0.655,0.48
171.59999999999454,0.81,0.49,0.485,0.25,0.655,0.48
171.69999999999453,0.81,0.49,0.535,0.25,0.655,0.48
171.79999999999453,0.81,0.49,0.535,0.25,0.655,0.48
171.89999999999452,0.865,0.49,0.535,0.25,0.655,0.48
171.99999999999451,0.865,0.49,0.535,0.25,0.655,0.48
172.0999999999945,0.865,0.49,0.535,0.25,0.655,0.48
172.1999999999945,0.865,0.49,0.535,0.25,0.655,0.48
172.2999999999945,0.865,0.49,0.535,0.25,0.655,0.48
172.3999999999945,0.865,0.49,0.535,0.25,0.655,0.48
172.4999999999945,0.865,0.49,0.535,0.19,0.655,0.48
172.59999999999448,0.865,0.49,0.585,0.19,0.655,0.48
172.69999999999447,0.865,0.49,0.585,0.19,0.655,0.48
172.79999999999447,0.865,0.49,0.585,0.19,0.655,0.48
172.89999999999446,0.865,0.49,0.585,0.19,0.655,0.48
172.99999999999446,0.865,0.49,0.585,0.19,0.655,0.48
173.09999999999445,0.925,0.49,0.585,0.19,0.655,0.52
173.19999999999445,0.925,0.49,0.585,0.19,0.655,0.52
173.29999999999444,0.925,0.49,0.535,0.19,0.705,0.52
173.39999999999444,0.925,0.49,0.535,0.19,0.705,0.52
173.49999999999443,0.925,0.49,0.535,0.135,0.705,0.52
173.59999999999442,0.925,0.49,0.535,0.135,0.705,0.52
173.69999999999442,0.88,0.49,0.58,0.135,0.705,0.52
173.7999999999944,0.88,0.49,0.58,0.135,0.705,0.575
173.8999999999944,0.88,0.49,0.58,0.135,0.705,0.575
173.9999999999944,0.88,0.49,0.58,0.135,0.705,0.575
174.0999999999944,0.88,0.49,0.58,0.135,0.705,0.575
174.1999999999944,0.88,0.49,0.58,0.135,0.705,0.575
174.29999999999438,0.88,0.49,0.58,0.135,0.705,0.575
174.39999999999438,0.88,0.49,0.58,0.135,0.705,0.575
174.49999999999437,0.88,0.49,0.58,0.135,0.705,0.575
174.59999999999437,0.88,0.495,0.58,0.15,0.705,0.52
174.69999999999436,0.88,0.495,0.58,0.15,0.705,0.52
174.79999999999436,0.88,0.495,0.58,0.15,0.705,0.52
174.89999999999435,0.88,0.495,0.58,0.21,0.705,0.575
174.99999999999434,0.88,0.495,0.58,0.21,0.705,0.575
175.09999999999434,0.88,0.495,0.58,0.21,0.705,0.575
175.19999999999433,0.88,0.495,0.58,0.21,0.705,0.575
175.29999999999433,0.88,0.44,0.58,0.21,0.705,0.575
175.39999999999432,0.88,0.485,0.58,0.21,0.705,0.575
175.49999999999432,0.88,0.485,0.58,0.21,0.705,0.575
175.5999999999943,0.88,0.485,0.58,0.21,0.705,0.575
175.6999999999943,0.88,0.485,0.58,0.21,0.705,0.575
175.7999999999943,0.88,0.485,0.58,0.21,0.705,0.575
175.8999999999943,0.88,0.485,0.58,0.21,0.705,0.575
175.9999999999943,0.88,0.485,0.58,0.21,0.705,0.615
176.09999999999428,0.88,0.485,0.58,0.21,0.705,0.615
176.19999999999428,0.88,0.485,0.58,0.21,0.705,0.615
176.29999999999427,0.825,0.485,0.635,0.21,0.705,0.615
176.39999999999426,0.825,0.535,0.635,0.21,0.705,0.615
176.49999999999426,0.825,0.535,0.635,0.21,0.705,0.615
176.59999999999425,0.825,0.535,0.68,0.21,0.66,0.615
176.69999999999425,0.825,0.535,0.68,0.21,0.66,0.615
176.79999999999424,0.825,0.535,0.725,0.21,0.66,0.67
176.89999999999424,0.825,0.535,0.725,0.21,0.66,0.67
176.99999999999423,0.825,0.535,0.675,0.21,0.66,0.67
177.09999999999422,0.825,0.485,0.675,0.26,0.66,0.67
177.19999999999422,0.825,0.485,0.675,0.26,0.66,0.67
177.2999999999942,0.825,0.485,0.675,0.26,0.66,0.67
177.3999999999942,0.825,0.43,0.63,0.26,0.705,0.67
177.4999999999942,0.825,0.43,0.63,0.26,0.705,0.67
177.5999999999942,0.825,0.43,0.63,0.26,0.705,0.67
177.6999999999942,0.825,0.43,0.63,0.26,0.705,0.67
177.79999999999418,0.825,0.43,0.63,0.26,0.705,0.67
177.89999999999418,0.825,0.43,0.63,0.26,0.705,0.725
177.99999999999417,0.825,0.43,0.63,0.26,0.705,0.725
178.09999999999417,0.825,0.43,0.63,0.26,0.705,0.725
178.19999999999416,0.825,0.43,0.63,0.26,0.705,0.725
178.29999999999416,0.825,0.43,0.63,0.26,0.705,0.725
178.39999999999415,0.825,0.43,0.63,0.26,0.705,0.725
178.49999999999415,0.825,0.43,0.63,0.26,0.705,0.725
178.59999999999414,0.825,0.43,0.63,0.26,0.705,0.725
178.69999999999413,0.825,0.43,0.63,0.26,0.705,0.725
178.79999999999413,0.825,0.43,0.63,0.26,0.705,0.725
178.89999999999412,0.825,0.43,0.63,0.26,0.705,0.725
178.99999999999412,0.825,0.43,0.63,0.26,0.705,0.78
179.0999999999941,0.825,0.43,0.63,0.26,0.705,0.78
179.1999999999941,0.825,0.43,0.63,0.26,0.705,0.78
179.2999999999941,0.825,0.43,0.63,0.26,0.705,0.78
179.3999999999941,0.825,0.43,0.63,0.26,0.705,0.78
179.4999999999941,0.825,0.43,0.63,0.26,0.705,0.78
179.59999999999408,0.825,0.43,0.63,0.26,0.705,0.78
179.69999999999408,0.825,0.43,0.63,0.26,0.705,0.78
179.79999999999407,0.825,0.43,0.63,0.315,0.705,0.725
179.89999999999407,0.825,0.485,0.57,0.26,0.705,0.725
179.99999999999406,0.885,0.485,0.57,0.26,0.705,0.725
180.09999999999405,0.885,0.485,0.57,0.26,0.705,0.785
180.19999999999405,0.885,0.485,0.57,0.26,0.705,0.785
180.29999999999404,0.885,0.485,0.57,0.26,0.705,0.785
180.39999999999404,0.885,0.485,0.57,0.26,0.705,0.785
180.49999999999403,0.885,0.485,0.57,0.26,0.705,0.785
180.59999999999403,0.885,0.485,0.57,0.26,0.705,0.785
180.69999999999402,0.885,0.485,0.57,0.26,0.705,0.785
180.79999999999401,0.885,0.485,0.57,0.26,0.705,0.785
180.899999999994,0.885,0.485,0.57,0.26,0.705,0.785
180.999999999994,0.885,0.485,0.52,0.32,0.705,0.725
181.099999999994,0.885,0.545,0.52,0.26,0.705,0.725
181.199999999994,0.885,0.545,0.52,0.26,0.705,0.725
181.299999999994,0.885,0.545,0.52,0.26,0.705,0.765
181.39999999999398,0.885,0.495,0.52,0.26,0.705,0.765
181.49999999999397,0.885,0.495,0.52,0.26,0.705,0.765
181.59999999999397,0.885,0.495,0.52,0.26,0.705,0.765
181.69999999999396,0.885,0.495,0.52,0.26,0.705,0.765
181.79999999999396,0.885,0.495,0.52,0.315,0.705,0.71
181.89999999999395,0.885,0.495,0.52,0.315,0.705,0.71
181.99999999999395,0.885,0.495,0.52,0.315,0.705,0.71
182.09999999999394,0.885,0.495,0.52,0.315,0.705,0.75
182.19999999999393,0.885,0.495,0.52,0.315,0.705,0.75
182.29999999999393,0.885,0.495,0.52,0.315,0.705,0.75
182.39999999999392,0.885,0.495,0.52,0.315,0.705,0.75
182.49999999999392,0.885,0.495,0.52,0.315,0.705,0.75
182.5999999999939,0.885,0.495,0.52,0.355,0.705,0.71
182.6999999999939,0.845,0.535,0.52,0.315,0.705,0.71
182.7999999999939,0.845,0.535,0.52,0.315,0.705,0.71
182.8999999999939,0.845,0.535,0.52,0.315,0.705,0.77
182.9999999999939,0.845,0.535,0.52,0.315,0.705,0.77
183.09999999999388,0.845,0.535,0.52,0.315,0.705,0.77
183.19999999999388,0.845,0.535,0.52,0.315,0.705,0.77
183.29999999999387,0.845,0.535,0.52,0.315,0.705,0.77
183.39999999999387,0.845,0.535,0.52,0.315,0.705,0.77
183.49999999999386,0.845,0.535,0.52,0.315,0.705,0.77
183.59999999999386,0.845,0.535,0.52,0.315,0.705,0.77
183.69999999999385,0.845,0.535,0.52,0.315,0.75,0.77
183.79999999999384,0.79,0.535,0.52,0.315,0.75,0.77
183.89999999999384,0.79,0.535,0.52,0.315,0.75,0.77
183.99999999999383,0.79,0.535,0.52,0.315,0.75,0.77
184.09999999999383,0.79,0.535,0.52,0.315,0.75,0.81
184.19999999999382,0.79,0.535,0.52,0.315,0.75,0.81
184.29999999999382,0.79,0.535,0.52,0.315,0.75,0.81
184.3999999999938,0.79,0.535,0.52,0.315,0.75,0.81
184.4999999999938,0.79,0.535,0.52,0.315,0.81,0.81
184.5999999999938,0.79,0.535,0.52,0.355,0.81,0.77
184.6999999999938,0.79,0.575,0.52,0.315,0.81,0.77
184.7999999999938,0.79,0.575,0.52,0.315,0.81,0.77
184.89999999999378,0.84,0.575,0.52,0.315,0.81,0.77
184.99999999999378,0.84,0.575,0.52,0.315,0.81,0.77
185.09999999999377,0.84,0.575,0.52,0.315,0.81,0.77
185.19999999999376,0.84,0.575,0.52,0.315,0.81,0.77
185.29999999999376,0.84,0.575,0.52,0.315,0.81,0.77
185.39999999999375,0.84,0.575,0.52,0.315,0.81,0.77
185.49999999999375,0.84,0.575,0.52,0.315,0.81,0.77
185.59999999999374,0.84,0.575,0.57,0.315,0.81,0.72
185.69999999999374,0.84,0.575,0.57,0.315,0.81,0.72
185.79999999999373,0.84,0.575,0.57,0.315,0.86,0.72
185.89999999999372,0.84,0.575,0.57,0.315,0.86,0.72
185.99999999999372,0.84,0.575,0.57,0.315,0.86,0.72
186.0999999999937,0.84,0.575,0.57,0.315,0.86,0.72
186.1999999999937,0.84,0.575,0.57,0.315,0.86,0.72
186.2999999999937,0.84,0.575,0.57,0.315,0.86,0.72
186.3999999999937,0.84,0.575,0.57,0.315,0.86,0.72
186.4999999999937,0.84,0.575,0.62,0.315,0.86,0.665
186.59999999999368,0.84,0.575,0.62,0.315,0.86,0.665
186.69999999999368,0.885,0.575,0.62,0.315,0.905,0.665
186.79999999999367,0.885,0.575,0.62,0.315,0.905,0.665
186.89999999999367,0.885,0.575,0.62,0.315,0.905,0.665
186.99999999999366,0.885,0.575,0.62,0.315,0.905,0.665
187.09999999999366,0.885,0.575,0.62,0.315,0.905,0.665
187.19999999999365,0.885,0.575,0.62,0.315,0.905,0.665
187.29999999999364,0.885,0.575,0.62,0.315,0.905,0.665
187.39999999999364,0.885,0.575,0.66,0.315,0.905,0.665
187.49999999999363,0.925,0.575,0.66,0.315,0.905,0.665
187.59999999999363,0.925,0.575,0.66,0.315,0.905,0.615
187.69999999999362,0.925,0.575,0.66,0.315,0.905,0.615
187.79999999999362,0.925,0.575,0.66,0.315,0.905,0.615
187.8999999999936,0.925,0.575,0.66,0.315,0.905,0.615
187.9999999999936,0.925,0.575,0.66,0.36,0.905,0.615
188.0999999999936,0.925,0.575,0.66,0.36,0.905,0.615
188.1999999999936,0.97,0.575,0.66,0.36,0.905,0.615
188.2999999999936,0.97,0.625,0.66,0.36,0.905,0.665
188.39999999999358,0.97,0.625,0.66,0.36,0.905,0.665
188.49999999999358,0.97,0.625,0.66,0.36,0.905,0.665
