{"car_3253": [6, 0], "car_2009": [5, 4], "car_3196": [7, 0], "car_3197": [1, 0], "car_3194": [2, 0], "car_3195": [5, 3], "car_3192": [1, 2], "car_3193": [3, 7], "car_3190": [2, 6], "car_3191": [5, 0], "car_3198": [3, 5], "car_3199": [4, 5], "car_2229": [6, 0], "car_2228": [3, 7], "car_468": [2, 4], "car_469": [5, 7], "car_466": [6, 1], "car_467": [0, 3], "car_464": [1, 3], "car_465": [3, 6], "car_462": [2, 5], "car_463": [7, 4], "car_460": [6, 5], "car_461": [0, 7], "car_2455": [7, 1], "car_3068": [2, 1], "car_3069": [5, 6], "car_2751": [6, 5], "car_3062": [4, 7], "car_3063": [2, 7], "car_3060": [1, 7], "car_3061": [3, 1], "car_3066": [3, 7], "car_3067": [6, 3], "car_3064": [5, 3], "car_3065": [1, 7], "car_3268": [3, 5], "car_817": [1, 2], "car_816": [5, 6], "car_3260": [5, 6], "car_3261": [7, 1], "car_3262": [1, 4], "car_3263": [4, 3], "car_3264": [6, 4], "car_815": [2, 3], "car_3266": [5, 1], "car_3267": [7, 4], "car_2750": [3, 7], "car_814": [0, 5], "car_813": [6, 3], "car_812": [4, 0], "car_2072": [5, 2], "car_811": [3, 7], "car_2073": [7, 3], "car_810": [1, 5], "car_3214": [4, 1], "car_679": [4, 1], "car_678": [3, 4], "car_677": [1, 7], "car_676": [7, 2], "car_675": [5, 1], "car_674": [0, 4], "car_673": [6, 3], "car_672": [4, 2], "car_671": [3, 5], "car_670": [1, 6], "car_2771": [7, 0], "car_3213": [3, 1], "car_2770": [5, 2], "car_3212": [7, 4], "car_2078": [5, 0], "car_2079": [7, 4], "car_2456": [1, 5], "car_2341": [2, 5], "car_2670": [1, 2], "car_2671": [3, 7], "car_2754": [7, 1], "car_2672": [6, 2], "car_2223": [6, 3], "car_789": [3, 1], "car_788": [1, 3], "car_3338": [2, 6], "car_2222": [4, 5], "car_783": [1, 2], "car_782": [7, 5], "car_781": [5, 4], "car_780": [2, 7], "car_787": [5, 7], "car_786": [0, 4], "car_785": [4, 2], "car_784": [3, 4], "car_2220": [5, 4], "car_0": [0, 7], "car_2227": [7, 2], "car_1179": [7, 3], "car_2375": [4, 1], "car_2226": [5, 2], "car_3339": [1, 3], "car_2225": [2, 7], "car_2224": [0, 6], "car_255": [2, 0], "car_254": [0, 1], "car_257": [7, 4], "car_256": [5, 1], "car_251": [5, 3], "car_250": [2, 5], "car_253": [4, 2], "car_252": [1, 2], "car_1961": [7, 5], "car_1960": [2, 0], "car_1963": [3, 4], "car_1962": [1, 3], "car_259": [4, 7], "car_258": [3, 4], "car_1967": [7, 0], "car_1966": [5, 6], "car_1170": [0, 4], "car_1171": [2, 5], "car_1565": [7, 3], "car_1564": [0, 6], "car_1567": [3, 7], "car_1566": [1, 2], "car_1561": [1, 2], "car_1560": [7, 4], "car_1563": [4, 0], "car_1562": [3, 2], "car_1569": [6, 0], "car_1568": [4, 2], "car_1413": [0, 7], "car_1363": [1, 5], "car_1362": [7, 3], "car_1361": [5, 3], "car_1360": [0, 1], "car_1367": [3, 1], "car_1366": [1, 7], "car_1365": [7, 5], "car_1364": [4, 7], "car_1369": [2, 6], "car_1368": [4, 5], "car_2758": [2, 3], "car_2376": [6, 2], "car_321": [2, 4], "car_320": [0, 2], "car_323": [1, 0], "car_322": [5, 2], "car_325": [4, 0], "car_324": [3, 5], "car_327": [1, 3], "car_326": [6, 1], "car_329": [6, 3], "car_328": [4, 2], "car_2722": [4, 0], "car_2723": [6, 5], "car_2720": [1, 5], "car_2721": [3, 5], "car_2726": [3, 0], "car_2727": [6, 2], "car_2724": [7, 2], "car_2725": [1, 3], "car_2728": [0, 7], "car_2729": [2, 1], "car_1107": [1, 4], "car_1106": [5, 0], "car_1105": [2, 3], "car_1104": [0, 5], "car_1103": [4, 5], "car_1102": [3, 2], "car_1101": [1, 6], "car_1100": [7, 5], "car_1109": [4, 0], "car_1108": [3, 6], "car_1297": [4, 1], "car_1296": [7, 2], "car_1295": [2, 6], "car_1294": [6, 0], "car_1293": [3, 7], "car_1292": [1, 6], "car_1291": [7, 0], "car_1290": [2, 0], "car_1299": [0, 3], "car_1298": [6, 2], "car_2928": [3, 6], "car_2929": [4, 1], "car_2924": [2, 1], "car_2925": [5, 0], "car_2926": [7, 4], "car_2927": [1, 4], "car_2920": [7, 1], "car_2921": [3, 7], "car_2922": [4, 6], "car_2923": [6, 7], "car_2586": [6, 0], "car_2587": [0, 5], "car_2584": [1, 0], "car_2585": [4, 1], "car_2582": [5, 7], "car_2583": [7, 1], "car_2580": [6, 3], "car_2581": [2, 5], "car_2858": [1, 4], "car_2859": [3, 0], "car_2588": [2, 6], "car_2589": [7, 4], "car_2036": [1, 7], "car_2037": [3, 4], "car_1039": [4, 6], "car_1038": [3, 6], "car_1749": [7, 6], "car_1748": [5, 6], "car_2030": [3, 7], "car_2031": [4, 3], "car_1033": [4, 7], "car_1032": [3, 6], "car_1031": [5, 6], "car_1030": [2, 0], "car_1037": [5, 6], "car_1036": [2, 3], "car_1035": [0, 4], "car_1034": [6, 3], "car_1589": [5, 4], "car_1588": [0, 4], "car_1583": [7, 0], "car_1582": [2, 0], "car_1581": [6, 7], "car_1580": [4, 3], "car_1587": [6, 0], "car_1586": [4, 7], "car_1585": [3, 7], "car_1584": [1, 7], "car_1852": [5, 2], "car_1906": [2, 0], "car_3295": [1, 0], "car_3294": [7, 1], "car_3297": [0, 5], "car_3296": [6, 4], "car_3291": [0, 1], "car_3290": [6, 4], "car_899": [0, 1], "car_898": [6, 3], "car_897": [3, 1], "car_896": [1, 0], "car_895": [5, 3], "car_894": [0, 7], "car_893": [6, 4], "car_892": [1, 3], "car_891": [5, 1], "car_890": [2, 3], "car_2458": [4, 2], "car_2459": [0, 7], "car_2108": [7, 5], "car_2109": [3, 6], "car_2102": [7, 4], "car_2103": [1, 7], "car_2100": [2, 7], "car_2101": [5, 3], "car_2106": [0, 3], "car_2107": [2, 7], "car_2104": [3, 0], "car_2105": [6, 3], "car_1631": [2, 3], "car_1630": [6, 1], "car_1633": [7, 0], "car_1632": [5, 0], "car_1635": [3, 2], "car_1634": [1, 0], "car_1637": [0, 1], "car_1636": [4, 2], "car_1639": [7, 6], "car_1638": [2, 3], "car_1751": [3, 2], "car_2803": [0, 2], "car_2802": [4, 0], "car_2801": [3, 1], "car_3189": [0, 5], "car_3188": [6, 2], "car_2800": [7, 2], "car_3269": [4, 7], "car_3181": [4, 1], "car_2807": [4, 1], "car_1756": [7, 2], "car_3182": [6, 5], "car_3185": [7, 5], "car_3184": [5, 1], "car_3187": [4, 1], "car_2806": [3, 2], "car_2805": [1, 0], "car_3306": [7, 3], "car_2816": [7, 0], "car_2804": [7, 1], "car_3380": [7, 6], "car_3104": [2, 6], "car_2414": [2, 1], "car_419": [2, 5], "car_418": [0, 7], "car_2218": [0, 6], "car_2219": [2, 5], "car_413": [0, 1], "car_412": [6, 1], "car_411": [4, 7], "car_410": [1, 7], "car_417": [3, 5], "car_416": [7, 5], "car_415": [5, 4], "car_414": [2, 7], "car_2417": [3, 6], "car_1679": [7, 5], "car_1678": [5, 3], "car_2412": [6, 3], "car_2947": [3, 0], "car_2413": [0, 6], "car_3265": [0, 1], "car_3079": [0, 3], "car_3078": [6, 5], "car_3075": [7, 5], "car_3074": [5, 6], "car_3077": [3, 4], "car_3076": [1, 6], "car_3071": [1, 2], "car_3070": [7, 1], "car_3073": [2, 1], "car_3072": [3, 1], "car_527": [6, 2], "car_526": [4, 2], "car_525": [3, 2], "car_524": [7, 4], "car_523": [5, 2], "car_522": [2, 1], "car_521": [6, 1], "car_520": [4, 5], "car_3273": [5, 7], "car_1671": [5, 1], "car_3271": [0, 5], "car_1889": [6, 5], "car_3277": [6, 7], "car_3276": [4, 6], "car_529": [2, 6], "car_528": [0, 1], "car_1884": [2, 4], "car_1885": [7, 5], "car_2368": [1, 3], "car_2786": [7, 3], "car_2787": [3, 4], "car_668": [2, 1], "car_669": [7, 1], "car_664": [2, 6], "car_665": [1, 4], "car_666": [4, 7], "car_667": [0, 2], "car_660": [1, 7], "car_661": [3, 1], "car_662": [6, 3], "car_663": [0, 4], "car_2759": [5, 1], "car_1854": [3, 2], "car_2788": [6, 1], "car_3308": [4, 1], "car_2789": [5, 3], "car_2940": [4, 2], "car_798": [0, 7], "car_799": [2, 6], "car_790": [4, 3], "car_791": [6, 3], "car_792": [0, 2], "car_793": [2, 3], "car_794": [5, 2], "car_795": [1, 6], "car_796": [4, 6], "car_797": [6, 4], "car_242": [6, 2], "car_243": [2, 3], "car_240": [7, 1], "car_241": [1, 0], "car_246": [1, 7], "car_247": [3, 7], "car_244": [5, 0], "car_245": [7, 4], "car_1914": [3, 6], "car_1915": [2, 5], "car_248": [6, 0], "car_249": [0, 4], "car_1910": [2, 7], "car_1911": [5, 7], "car_1912": [7, 1], "car_1913": [1, 4], "car_1356": [2, 3], "car_1357": [7, 6], "car_1354": [6, 4], "car_1355": [0, 6], "car_1352": [1, 5], "car_1353": [4, 3], "car_1350": [2, 0], "car_1351": [7, 6], "car_1358": [3, 1], "car_1359": [6, 2], "car_1831": [1, 3], "car_1820": [1, 2], "car_1821": [4, 6], "car_1822": [6, 0], "car_1823": [0, 6], "car_1824": [2, 6], "car_1825": [1, 3], "car_338": [1, 2], "car_339": [6, 5], "car_336": [2, 6], "car_337": [5, 2], "car_334": [6, 3], "car_335": [0, 6], "car_332": [1, 4], "car_333": [4, 5], "car_330": [0, 6], "car_331": [2, 3], "car_2735": [2, 6], "car_2734": [0, 6], "car_1138": [1, 3], "car_1139": [3, 6], "car_2731": [7, 5], "car_2730": [5, 3], "car_2733": [6, 2], "car_2732": [3, 2], "car_1132": [1, 4], "car_1133": [4, 3], "car_1130": [2, 1], "car_1131": [7, 6], "car_1136": [5, 1], "car_1137": [7, 3], "car_1134": [0, 3], "car_1135": [2, 1], "car_1839": [3, 0], "car_2393": [4, 0], "car_1838": [1, 2], "car_2392": [3, 2], "car_3301": [1, 5], "car_3300": [7, 4], "car_2939": [1, 6], "car_2938": [7, 6], "car_2937": [5, 2], "car_2936": [0, 2], "car_2935": [6, 4], "car_2934": [7, 2], "car_2933": [5, 0], "car_2932": [2, 4], "car_2931": [0, 4], "car_2930": [6, 4], "car_2029": [1, 7], "car_2028": [5, 7], "car_2845": [3, 2], "car_2844": [1, 2], "car_2843": [2, 7], "car_2842": [4, 0], "car_2841": [3, 4], "car_2840": [1, 2], "car_2021": [6, 3], "car_2020": [4, 1], "car_2023": [2, 4], "car_2022": [0, 3], "car_2025": [7, 5], "car_2024": [5, 7], "car_2027": [2, 4], "car_2026": [3, 1], "car_2948": [4, 3], "car_2520": [6, 4], "car_1008": [3, 4], "car_1009": [4, 5], "car_1006": [7, 2], "car_1007": [1, 2], "car_1004": [0, 3], "car_1005": [2, 1], "car_1002": [4, 1], "car_1003": [6, 7], "car_1000": [7, 0], "car_1001": [1, 3], "car_2398": [7, 2], "car_2629": [6, 3], "car_2524": [4, 0], "car_2628": [4, 1], "car_3310": [1, 4], "car_2525": [6, 0], "car_2995": [6, 7], "car_2674": [5, 0], "car_1924": [6, 1], "car_2994": [4, 0], "car_2527": [2, 1], "car_2997": [7, 4], "car_36": [5, 4], "car_37": [7, 1], "car_34": [0, 3], "car_35": [2, 7], "car_888": [4, 6], "car_889": [6, 7], "car_30": [7, 3], "car_31": [3, 4], "car_884": [4, 3], "car_885": [0, 3], "car_886": [2, 7], "car_887": [1, 0], "car_880": [4, 6], "car_881": [6, 5], "car_882": [5, 4], "car_883": [3, 1], "car_2449": [2, 4], "car_2448": [0, 3], "car_2119": [6, 3], "car_2118": [4, 7], "car_2115": [7, 5], "car_2114": [5, 1], "car_2117": [3, 2], "car_2116": [1, 3], "car_2111": [6, 1], "car_2110": [4, 3], "car_2113": [2, 6], "car_2112": [0, 6], "car_1644": [7, 0], "car_1645": [1, 3], "car_1646": [3, 6], "car_1647": [4, 1], "car_1640": [4, 5], "car_1641": [0, 1], "car_1642": [2, 0], "car_1643": [5, 3], "car_3312": [4, 3], "car_1648": [0, 2], "car_1649": [2, 1], "car_2599": [6, 5], "car_2159": [1, 7], "car_2158": [5, 2], "car_2591": [3, 6], "car_2590": [1, 7], "car_2593": [6, 0], "car_2592": [4, 2], "car_2595": [7, 0], "car_2594": [0, 1], "car_2597": [3, 7], "car_2596": [1, 4], "car_3313": [0, 1], "car_2677": [3, 5], "car_2608": [3, 5], "car_408": [2, 5], "car_409": [5, 6], "car_2203": [7, 6], "car_2202": [2, 5], "car_2205": [4, 1], "car_2204": [1, 2], "car_2207": [0, 3], "car_2206": [6, 1], "car_400": [5, 7], "car_401": [0, 5], "car_402": [2, 6], "car_403": [5, 2], "car_404": [1, 4], "car_405": [4, 6], "car_406": [6, 0], "car_407": [0, 7], "car_1769": [3, 6], "car_3080": [1, 3], "car_3081": [3, 2], "car_3082": [4, 5], "car_3083": [6, 5], "car_3084": [0, 2], "car_3085": [5, 1], "car_3086": [7, 0], "car_3087": [1, 6], "car_3088": [3, 1], "car_3089": [4, 1], "car_2973": [6, 4], "car_534": [6, 2], "car_535": [0, 5], "car_536": [2, 6], "car_537": [5, 7], "car_530": [5, 4], "car_531": [1, 0], "car_532": [3, 7], "car_533": [4, 0], "car_3246": [3, 5], "car_3247": [4, 2], "car_3244": [7, 0], "car_3245": [1, 4], "car_538": [7, 4], "car_539": [3, 0], "car_3240": [3, 6], "car_3241": [4, 3], "car_2972": [3, 0], "car_3317": [2, 6], "car_2310": [4, 3], "car_659": [5, 1], "car_658": [0, 3], "car_651": [2, 1], "car_650": [4, 6], "car_653": [7, 6], "car_652": [5, 2], "car_655": [3, 2], "car_654": [1, 2], "car_657": [6, 0], "car_656": [4, 7], "car_2970": [7, 1], "car_2907": [5, 2], "car_2977": [7, 3], "car_2909": [1, 4], "car_2976": [5, 7], "car_2434": [4, 7], "car_1929": [3, 5], "car_2195": [5, 1], "car_2194": [2, 4], "car_1764": [4, 5], "car_2197": [1, 3], "car_2196": [7, 4], "car_2191": [3, 0], "car_1928": [7, 4], "car_2190": [1, 2], "car_2193": [0, 1], "car_1909": [0, 6], "car_1908": [6, 7], "car_1907": [3, 2], "car_1763": [3, 6], "car_1905": [0, 1], "car_1904": [6, 0], "car_1903": [4, 2], "car_1902": [3, 0], "car_1901": [1, 5], "car_1900": [7, 2], "car_1349": [0, 4], "car_1348": [6, 1], "car_1762": [1, 4], "car_1341": [4, 7], "car_1340": [3, 4], "car_1343": [5, 7], "car_1342": [6, 5], "car_1345": [7, 1], "car_1344": [7, 0], "car_1347": [4, 2], "car_1346": [1, 3], "car_3234": [6, 1], "car_3219": [6, 5], "car_2753": [2, 0], "car_3231": [1, 0], "car_2752": [0, 5], "car_3230": [7, 0], "car_2698": [0, 2], "car_1833": [6, 7], "car_1832": [4, 5], "car_349": [6, 4], "car_348": [4, 2], "car_1837": [7, 1], "car_1836": [5, 0], "car_1835": [2, 3], "car_1834": [0, 7], "car_343": [3, 5], "car_342": [7, 1], "car_341": [5, 4], "car_340": [2, 5], "car_347": [1, 6], "car_346": [7, 3], "car_345": [5, 4], "car_344": [0, 2], "car_2325": [2, 3], "car_1129": [0, 2], "car_1128": [6, 0], "car_2979": [3, 5], "car_1125": [1, 5], "car_1124": [7, 3], "car_1127": [4, 0], "car_1126": [3, 4], "car_1121": [6, 0], "car_1120": [4, 2], "car_1123": [2, 1], "car_1122": [0, 3], "car_1402": [7, 5], "car_2320": [7, 1], "car_1403": [1, 3], "car_2321": [3, 2], "car_1400": [2, 4], "car_1401": [5, 7], "car_2978": [1, 5], "car_1406": [6, 5], "car_1407": [0, 1], "car_2902": [3, 1], "car_2903": [4, 2], "car_2900": [0, 1], "car_2901": [5, 7], "car_2906": [2, 0], "car_1404": [3, 1], "car_2904": [6, 3], "car_2905": [0, 6], "car_2908": [7, 4], "car_1405": [4, 7], "car_2058": [0, 4], "car_2059": [2, 0], "car_2054": [1, 2], "car_2055": [3, 2], "car_2056": [4, 7], "car_2057": [6, 3], "car_2050": [1, 2], "car_2051": [4, 1], "car_2052": [2, 4], "car_2053": [7, 4], "car_1011": [0, 2], "car_1010": [6, 5], "car_1013": [7, 5], "car_1012": [5, 0], "car_1015": [4, 7], "car_1014": [3, 4], "car_1017": [0, 2], "car_1016": [6, 7], "car_1019": [5, 4], "car_1018": [2, 3], "car_2690": [3, 0], "car_2691": [4, 7], "car_2696": [3, 6], "car_2697": [6, 3], "car_2694": [2, 7], "car_2695": [7, 0], "car_2790": [1, 5], "car_25": [0, 5], "car_24": [6, 7], "car_27": [5, 3], "car_26": [2, 3], "car_21": [1, 0], "car_20": [6, 0], "car_23": [4, 2], "car_22": [3, 0], "car_29": [0, 2], "car_28": [1, 7], "car_2478": [0, 5], "car_2479": [2, 6], "car_2476": [4, 3], "car_2477": [6, 5], "car_2474": [1, 3], "car_2475": [3, 6], "car_2472": [2, 7], "car_2473": [7, 0], "car_2470": [4, 3], "car_2471": [0, 4], "car_1657": [1, 0], "car_1656": [7, 1], "car_1655": [5, 7], "car_1654": [2, 3], "car_1653": [3, 1], "car_1652": [1, 3], "car_1651": [7, 4], "car_1650": [5, 0], "car_1659": [2, 6], "car_1658": [0, 5], "car_2878": [2, 4], "car_2879": [5, 4], "car_2872": [7, 6], "car_2873": [1, 5], "car_2870": [4, 6], "car_2871": [0, 6], "car_2876": [1, 3], "car_2877": [6, 1], "car_2874": [3, 1], "car_2875": [0, 4], "car_2688": [7, 1], "car_1969": [0, 4], "car_2315": [1, 6], "car_1843": [3, 6], "car_3211": [5, 4], "car_435": [1, 7], "car_434": [7, 4], "car_437": [6, 7], "car_436": [3, 7], "car_431": [0, 1], "car_430": [4, 5], "car_433": [5, 1], "car_432": [2, 5], "car_1846": [5, 2], "car_439": [2, 0], "car_438": [0, 7], "car_1847": [7, 2], "car_2274": [5, 6], "car_2275": [7, 6], "car_2276": [1, 3], "car_2277": [3, 0], "car_2270": [1, 2], "car_2271": [4, 0], "car_2272": [0, 2], "car_2273": [2, 4], "car_1845": [6, 7], "car_2278": [4, 0], "car_2279": [6, 5], "car_1848": [1, 6], "car_2289": [7, 4], "car_1968": [3, 1], "car_1849": [3, 2], "car_2288": [5, 4], "car_1965": [0, 5], "car_3370": [0, 5], "car_1964": [4, 0], "car_3093": [1, 6], "car_3092": [5, 4], "car_3091": [2, 1], "car_3090": [0, 6], "car_3097": [7, 4], "car_3096": [5, 3], "car_3095": [0, 2], "car_3094": [3, 0], "car_3376": [4, 2], "car_3099": [2, 4], "car_3098": [4, 7], "car_3311": [3, 2], "car_501": [2, 7], "car_500": [6, 2], "car_503": [7, 2], "car_502": [5, 6], "car_505": [4, 3], "car_504": [3, 4], "car_507": [2, 5], "car_506": [0, 6], "car_509": [3, 0], "car_508": [5, 3], "car_2302": [2, 4], "car_2303": [7, 6], "car_2304": [1, 3], "car_2305": [0, 1], "car_2306": [5, 4], "car_2307": [7, 3], "car_2281": [2, 0], "car_1745": [3, 5], "car_2280": [0, 3], "car_3378": [0, 7], "car_3379": [5, 3], "car_2960": [6, 4], "car_646": [5, 2], "car_647": [7, 3], "car_644": [3, 4], "car_645": [0, 2], "car_642": [6, 2], "car_643": [5, 0], "car_640": [3, 4], "car_641": [4, 7], "car_2314": [7, 4], "car_648": [1, 3], "car_649": [3, 0], "car_2961": [0, 7], "car_2576": [2, 3], "car_2526": [0, 7], "car_1830": [7, 2], "car_2673": [2, 3], "car_2962": [2, 6], "car_2570": [0, 2], "car_2681": [1, 2], "car_2999": [3, 1], "car_2420": [0, 6], "car_2963": [5, 6], "car_2680": [2, 3], "car_2854": [0, 2], "car_2964": [7, 1], "car_2683": [4, 3], "car_1932": [0, 3], "car_1933": [2, 4], "car_1930": [4, 5], "car_1931": [6, 1], "car_1936": [3, 7], "car_1937": [4, 2], "car_1934": [5, 4], "car_1935": [7, 6], "car_1938": [6, 0], "car_1939": [0, 4], "car_2682": [3, 4], "car_1717": [7, 6], "car_1338": [7, 2], "car_1339": [1, 4], "car_1334": [6, 5], "car_1335": [0, 6], "car_1336": [2, 4], "car_1337": [5, 3], "car_1330": [2, 4], "car_1331": [7, 3], "car_1332": [1, 7], "car_1333": [4, 7], "car_1711": [5, 0], "car_2998": [1, 2], "car_358": [3, 7], "car_359": [4, 3], "car_1804": [1, 2], "car_1805": [4, 7], "car_1802": [5, 7], "car_1803": [7, 5], "car_1800": [0, 5], "car_1801": [2, 6], "car_350": [0, 1], "car_351": [5, 2], "car_352": [1, 6], "car_353": [4, 6], "car_354": [6, 7], "car_355": [2, 4], "car_356": [7, 2], "car_357": [1, 3], "car_1482": [5, 6], "car_1483": [1, 0], "car_1480": [4, 0], "car_1481": [2, 7], "car_1486": [0, 5], "car_1487": [5, 0], "car_1484": [4, 7], "car_1485": [6, 7], "car_1488": [7, 6], "car_1489": [3, 4], "car_1240": [3, 1], "car_1241": [4, 0], "car_1242": [6, 2], "car_1243": [0, 7], "car_1244": [2, 3], "car_1245": [5, 2], "car_1246": [1, 3], "car_1247": [3, 0], "car_1248": [4, 3], "car_1249": [6, 7], "car_1747": [2, 7], "car_2374": [1, 5], "car_1879": [5, 3], "car_2917": [4, 6], "car_2916": [3, 7], "car_2911": [4, 2], "car_2910": [3, 4], "car_2913": [5, 7], "car_2912": [2, 6], "car_2919": [5, 7], "car_2918": [6, 7], "car_2049": [7, 1], "car_2048": [5, 7], "car_2047": [2, 4], "car_2046": [6, 2], "car_2045": [4, 6], "car_2044": [3, 7], "car_2043": [1, 6], "car_2042": [7, 1], "car_2041": [5, 4], "car_2040": [2, 6], "car_1064": [7, 3], "car_1065": [1, 6], "car_1066": [6, 5], "car_1067": [0, 6], "car_1060": [4, 0], "car_1061": [6, 3], "car_1062": [0, 2], "car_1063": [2, 6], "car_2685": [0, 3], "car_2684": [6, 1], "car_2687": [5, 4], "car_2686": [2, 5], "car_1068": [2, 6], "car_1069": [7, 2], "car_1798": [4, 0], "car_1799": [6, 4], "car_10": [7, 6], "car_11": [1, 6], "car_12": [3, 7], "car_13": [6, 2], "car_14": [2, 6], "car_15": [5, 3], "car_16": [7, 6], "car_17": [1, 3], "car_18": [3, 2], "car_19": [4, 3], "car_2461": [5, 3], "car_2460": [2, 7], "car_1668": [3, 1], "car_1669": [4, 0], "car_2465": [3, 0], "car_2464": [5, 6], "car_2467": [0, 1], "car_2466": [6, 5], "car_1662": [1, 6], "car_1663": [3, 7], "car_1660": [5, 3], "car_1661": [7, 4], "car_1666": [0, 3], "car_1667": [7, 1], "car_1664": [4, 0], "car_1665": [6, 0], "car_1468": [6, 0], "car_1469": [5, 6], "car_1460": [4, 7], "car_1461": [0, 3], "car_1462": [2, 5], "car_1463": [5, 7], "car_1464": [7, 0], "car_1465": [1, 5], "car_1466": [3, 4], "car_1467": [4, 0], "car_2699": [5, 4], "car_2869": [1, 7], "car_2868": [7, 2], "car_2865": [3, 2], "car_2864": [1, 4], "car_2867": [2, 6], "car_2866": [0, 4], "car_2861": [2, 5], "car_2860": [6, 3], "car_2863": [7, 3], "car_2862": [5, 7], "car_2648": [6, 1], "car_422": [3, 4], "car_423": [4, 7], "car_420": [5, 3], "car_421": [7, 0], "car_426": [2, 4], "car_427": [7, 2], "car_424": [6, 5], "car_425": [0, 6], "car_3318": [5, 6], "car_3319": [7, 2], "car_428": [1, 7], "car_429": [3, 0], "car_2377": [2, 1], "car_2267": [2, 7], "car_2266": [0, 3], "car_2265": [6, 0], "car_2264": [4, 1], "car_2263": [3, 1], "car_2262": [1, 0], "car_2261": [7, 3], "car_2260": [2, 5], "car_2371": [2, 7], "car_2269": [7, 5], "car_2268": [5, 2], "car_2373": [7, 0], "car_2372": [5, 6], "car_2008": [2, 3], "car_2370": [0, 2], "car_3224": [1, 4], "car_3225": [3, 2], "car_2319": [5, 2], "car_2318": [2, 0], "car_3220": [0, 5], "car_3221": [2, 4], "car_518": [1, 3], "car_519": [3, 1], "car_516": [6, 1], "car_517": [7, 0], "car_514": [3, 5], "car_515": [4, 5], "car_512": [2, 0], "car_513": [1, 2], "car_510": [4, 5], "car_511": [0, 7], "car_1870": [0, 5], "car_2692": [6, 4], "car_2444": [5, 0], "car_633": [1, 0], "car_632": [7, 5], "car_631": [5, 0], "car_630": [2, 4], "car_637": [2, 0], "car_636": [0, 7], "car_635": [6, 3], "car_634": [3, 7], "car_2675": [7, 5], "car_639": [7, 0], "car_638": [5, 2], "car_3138": [2, 3], "car_3139": [5, 7], "car_2693": [0, 7], "car_3130": [0, 5], "car_3131": [2, 1], "car_3132": [5, 0], "car_3133": [7, 0], "car_3134": [1, 5], "car_3135": [4, 2], "car_3136": [6, 5], "car_3137": [0, 3], "car_189": [0, 3], "car_188": [6, 5], "car_185": [5, 7], "car_184": [2, 3], "car_187": [4, 2], "car_186": [7, 1], "car_181": [4, 3], "car_180": [3, 1], "car_183": [0, 2], "car_182": [6, 3], "car_749": [3, 2], "car_748": [1, 5], "car_747": [7, 0], "car_746": [2, 3], "car_745": [6, 4], "car_744": [4, 3], "car_743": [3, 4], "car_742": [5, 0], "car_741": [0, 4], "car_740": [1, 6], "car_2131": [2, 5], "car_3316": [0, 2], "car_2618": [0, 3], "car_299": [2, 6], "car_298": [0, 3], "car_1927": [5, 6], "car_1926": [2, 3], "car_1921": [2, 7], "car_1920": [6, 4], "car_1923": [7, 2], "car_1922": [5, 2], "car_291": [6, 0], "car_290": [3, 0], "car_293": [5, 7], "car_292": [0, 6], "car_295": [3, 7], "car_294": [1, 7], "car_297": [6, 3], "car_296": [4, 0], "car_1329": [6, 2], "car_1328": [3, 7], "car_1327": [1, 5], "car_1326": [7, 3], "car_1325": [5, 4], "car_1324": [2, 6], "car_1323": [0, 4], "car_1322": [4, 3], "car_1321": [3, 4], "car_1320": [1, 6], "car_365": [7, 3], "car_364": [2, 5], "car_367": [3, 4], "car_366": [1, 5], "car_361": [1, 5], "car_360": [6, 4], "car_363": [4, 0], "car_362": [3, 7], "car_1811": [6, 0], "car_1810": [4, 7], "car_1813": [5, 7], "car_1812": [0, 6], "car_369": [3, 4], "car_368": [6, 2], "car_1817": [0, 6], "car_1816": [4, 5], "car_167": [7, 0], "car_166": [5, 0], "car_165": [0, 2], "car_164": [4, 6], "car_163": [1, 0], "car_162": [5, 4], "car_161": [2, 1], "car_160": [0, 1], "car_169": [3, 5], "car_168": [1, 5], "car_1495": [1, 6], "car_1494": [7, 2], "car_1497": [0, 2], "car_1496": [4, 7], "car_1491": [6, 4], "car_1490": [4, 7], "car_1493": [2, 3], "car_1492": [0, 6], "car_1499": [5, 3], "car_1498": [2, 1], "car_1253": [6, 3], "car_1252": [4, 1], "car_1251": [1, 2], "car_1250": [7, 3], "car_1257": [6, 4], "car_1256": [4, 2], "car_1255": [3, 7], "car_1254": [1, 3], "car_2850": [5, 4], "car_1259": [7, 1], "car_1258": [0, 6], "car_2851": [7, 3], "car_1868": [4, 6], "car_2852": [1, 5], "car_2853": [3, 2], "car_3248": [6, 2], "car_1789": [7, 0], "car_1788": [2, 3], "car_2070": [0, 4], "car_2071": [2, 5], "car_2076": [6, 3], "car_2077": [2, 5], "car_2074": [3, 5], "car_2075": [4, 0], "car_1781": [3, 0], "car_1780": [1, 3], "car_1783": [6, 4], "car_1782": [4, 3], "car_1785": [5, 0], "car_1784": [0, 1], "car_1787": [0, 3], "car_1786": [4, 6], "car_1077": [4, 5], "car_1076": [3, 0], "car_1075": [5, 2], "car_1074": [2, 3], "car_1073": [0, 4], "car_1072": [6, 5], "car_1071": [3, 6], "car_1070": [1, 4], "car_2678": [4, 2], "car_2679": [6, 3], "car_1079": [5, 6], "car_1078": [0, 6], "car_3257": [1, 3], "car_2139": [1, 0], "car_3256": [7, 6], "car_2034": [5, 7], "car_2300": [6, 2], "car_2035": [7, 2], "car_2301": [0, 1], "car_2032": [0, 3], "car_2033": [2, 1], "car_2996": [2, 3], "car_2138": [5, 2], "car_985": [6, 4], "car_984": [4, 5], "car_987": [2, 7], "car_986": [0, 3], "car_981": [2, 7], "car_980": [6, 0], "car_983": [7, 3], "car_982": [5, 3], "car_1675": [6, 1], "car_1674": [4, 5], "car_1677": [2, 3], "car_1676": [0, 1], "car_989": [1, 2], "car_988": [7, 1], "car_1673": [3, 4], "car_1672": [1, 4], "car_2784": [6, 2], "car_2785": [5, 2], "car_1479": [3, 4], "car_1478": [1, 2], "car_2780": [0, 2], "car_2781": [2, 5], "car_2782": [7, 6], "car_2783": [4, 7], "car_1473": [4, 5], "car_1472": [3, 6], "car_1471": [1, 2], "car_1470": [7, 4], "car_1477": [7, 3], "car_1476": [5, 2], "car_1475": [0, 1], "car_1474": [6, 2], "car_2890": [3, 6], "car_2891": [4, 7], "car_2892": [2, 0], "car_2893": [7, 4], "car_2894": [4, 7], "car_1743": [7, 1], "car_2896": [0, 2], "car_2897": [5, 2], "car_2898": [7, 0], "car_2899": [1, 4], "car_1742": [5, 2], "car_2990": [2, 3], "car_2528": [7, 1], "car_2529": [3, 2], "car_2258": [6, 0], "car_2259": [5, 0], "car_3307": [3, 1], "car_2689": [1, 3], "car_3305": [2, 6], "car_3304": [0, 7], "car_2252": [3, 1], "car_2253": [4, 5], "car_2250": [5, 2], "car_2251": [7, 5], "car_2256": [3, 0], "car_2257": [4, 2], "car_2254": [2, 1], "car_2255": [7, 5], "car_2098": [6, 0], "car_2099": [0, 6], "car_2090": [7, 6], "car_2091": [1, 7], "car_2092": [3, 6], "car_2093": [4, 3], "car_2094": [6, 1], "car_2095": [2, 6], "car_2096": [3, 5], "car_2097": [4, 7], "car_2992": [1, 3], "car_3237": [5, 7], "car_3236": [2, 3], "car_569": [7, 5], "car_568": [5, 3], "car_3233": [4, 6], "car_3232": [3, 7], "car_2328": [2, 4], "car_2329": [5, 1], "car_563": [1, 2], "car_562": [7, 1], "car_561": [2, 4], "car_560": [0, 1], "car_567": [2, 1], "car_566": [0, 5], "car_565": [4, 5], "car_564": [3, 1], "car_2331": [1, 0], "car_620": [6, 3], "car_621": [0, 1], "car_622": [2, 4], "car_623": [5, 4], "car_624": [7, 4], "car_625": [1, 0], "car_626": [3, 0], "car_627": [4, 7], "car_628": [6, 5], "car_629": [0, 5], "car_1869": [6, 5], "car_3129": [4, 2], "car_3128": [3, 0], "car_3123": [3, 6], "car_3122": [7, 0], "car_3121": [5, 1], "car_3120": [0, 3], "car_3127": [1, 2], "car_3126": [2, 6], "car_3125": [6, 5], "car_3124": [4, 3], "car_1866": [1, 0], "car_1867": [3, 2], "car_198": [5, 2], "car_199": [7, 5], "car_2831": [7, 1], "car_192": [7, 4], "car_193": [1, 3], "car_190": [2, 7], "car_191": [5, 7], "car_196": [6, 1], "car_197": [2, 0], "car_194": [3, 7], "car_195": [4, 2], "car_758": [4, 5], "car_759": [6, 7], "car_754": [5, 7], "car_755": [7, 6], "car_756": [1, 2], "car_757": [3, 1], "car_750": [4, 2], "car_751": [6, 4], "car_752": [0, 5], "car_753": [2, 0], "car_1940": [5, 3], "car_3355": [5, 1], "car_2991": [5, 0], "car_3299": [5, 0], "car_3298": [2, 6], "car_286": [6, 2], "car_287": [0, 3], "car_284": [7, 0], "car_285": [3, 4], "car_282": [6, 2], "car_283": [2, 3], "car_280": [3, 2], "car_281": [4, 7], "car_3353": [0, 4], "car_1949": [4, 1], "car_288": [5, 2], "car_289": [7, 5], "car_1948": [3, 2], "car_2791": [6, 2], "car_1312": [2, 0], "car_1313": [5, 0], "car_1310": [6, 3], "car_1311": [0, 6], "car_1316": [0, 2], "car_1317": [2, 4], "car_1314": [3, 6], "car_1315": [4, 6], "car_1318": [5, 0], "car_1319": [7, 2], "car_2450": [7, 3], "car_2451": [6, 1], "car_2452": [4, 0], "car_372": [7, 6], "car_373": [3, 2], "car_370": [0, 2], "car_371": [2, 1], "car_376": [2, 4], "car_377": [7, 1], "car_374": [6, 0], "car_375": [0, 6], "car_1864": [5, 3], "car_1865": [7, 0], "car_378": [3, 1], "car_379": [4, 5], "car_1860": [7, 0], "car_1861": [4, 0], "car_1862": [0, 5], "car_1863": [2, 0], "car_174": [1, 3], "car_175": [6, 2], "car_176": [0, 2], "car_177": [2, 7], "car_170": [0, 5], "car_171": [2, 5], "car_172": [5, 0], "car_173": [7, 2], "car_2457": [3, 2], "car_178": [7, 1], "car_179": [1, 7], "car_2338": [3, 2], "car_1266": [0, 3], "car_1267": [2, 4], "car_1264": [5, 1], "car_1265": [4, 6], "car_1262": [6, 0], "car_1263": [2, 1], "car_1260": [1, 0], "car_1261": [3, 2], "car_2949": [6, 3], "car_1268": [5, 2], "car_1269": [1, 5], "car_3371": [2, 0], "car_2406": [3, 4], "car_2065": [5, 6], "car_2064": [2, 1], "car_1048": [5, 6], "car_1049": [1, 0], "car_2061": [7, 3], "car_2060": [5, 0], "car_2063": [0, 1], "car_2062": [3, 0], "car_1042": [2, 7], "car_1043": [7, 6], "car_1040": [6, 4], "car_1041": [0, 6], "car_1046": [0, 7], "car_1047": [2, 3], "car_1044": [3, 7], "car_1045": [6, 0], "car_2663": [5, 2], "car_2662": [2, 6], "car_2661": [0, 3], "car_2660": [6, 7], "car_2667": [4, 1], "car_2666": [3, 2], "car_2665": [1, 4], "car_2664": [7, 6], "car_2669": [2, 6], "car_2668": [6, 5], "car_2404": [7, 6], "car_78": [0, 3], "car_79": [1, 3], "car_72": [6, 2], "car_73": [0, 1], "car_70": [3, 1], "car_71": [4, 2], "car_76": [4, 0], "car_77": [6, 7], "car_74": [5, 6], "car_75": [1, 0], "car_992": [6, 7], "car_993": [2, 3], "car_990": [3, 4], "car_991": [4, 6], "car_996": [4, 1], "car_997": [6, 1], "car_994": [1, 6], "car_995": [3, 0], "car_1688": [0, 1], "car_1689": [5, 3], "car_998": [2, 7], "car_999": [5, 3], "car_2409": [5, 3], "car_2408": [0, 4], "car_2797": [4, 7], "car_2796": [3, 0], "car_2795": [1, 6], "car_2794": [7, 2], "car_2793": [5, 6], "car_2792": [2, 0], "car_1448": [7, 6], "car_1449": [1, 6], "car_1446": [2, 5], "car_1447": [5, 3], "car_1444": [4, 0], "car_1445": [0, 2], "car_1442": [1, 7], "car_1443": [3, 2], "car_1440": [2, 0], "car_1441": [7, 1], "car_2883": [0, 2], "car_2882": [6, 4], "car_2881": [4, 7], "car_2798": [6, 1], "car_2887": [3, 5], "car_2886": [1, 6], "car_2885": [7, 4], "car_2884": [5, 1], "car_2889": [1, 4], "car_2888": [0, 3], "car_2401": [4, 2], "car_2986": [3, 0], "car_3336": [4, 1], "car_3337": [0, 5], "car_2539": [5, 6], "car_2538": [2, 3], "car_2249": [0, 6], "car_2248": [6, 5], "car_3330": [4, 1], "car_3331": [6, 1], "car_2245": [5, 6], "car_2244": [2, 4], "car_2247": [1, 7], "car_2246": [7, 0], "car_2241": [1, 6], "car_2240": [7, 4], "car_2243": [6, 1], "car_2242": [4, 2], "car_2089": [5, 6], "car_2088": [2, 6], "car_2083": [2, 4], "car_2082": [0, 2], "car_2081": [6, 0], "car_2080": [3, 7], "car_2087": [4, 3], "car_2086": [1, 4], "car_2085": [7, 0], "car_2084": [5, 1], "car_3180": [1, 0], "car_3183": [0, 2], "car_3239": [1, 2], "car_2984": [7, 3], "car_3208": [2, 3], "car_3209": [7, 1], "car_3202": [2, 7], "car_3203": [5, 1], "car_3200": [6, 4], "car_3186": [3, 1], "car_3206": [3, 1], "car_3207": [4, 1], "car_3204": [7, 1], "car_3205": [1, 0], "car_578": [6, 7], "car_579": [2, 5], "car_2333": [0, 2], "car_2332": [3, 5], "car_2335": [5, 0], "car_2334": [2, 6], "car_2337": [1, 4], "car_553": [6, 1], "car_570": [3, 0], "car_571": [6, 2], "car_572": [0, 7], "car_573": [2, 0], "car_574": [7, 0], "car_806": [3, 4], "car_576": [3, 6], "car_577": [4, 0], "car_807": [4, 3], "car_800": [5, 1], "car_801": [1, 3], "car_802": [3, 2], "car_2192": [4, 1], "car_803": [6, 7], "car_2067": [3, 5], "car_2066": [1, 0], "car_619": [4, 5], "car_618": [7, 6], "car_3377": [6, 5], "car_615": [1, 3], "car_614": [7, 3], "car_617": [2, 4], "car_616": [6, 0], "car_611": [1, 7], "car_610": [7, 3], "car_613": [5, 2], "car_612": [6, 5], "car_2151": [7, 2], "car_3118": [4, 7], "car_3119": [6, 3], "car_3116": [7, 3], "car_3117": [1, 2], "car_3114": [0, 2], "car_3115": [2, 5], "car_3112": [3, 1], "car_3113": [4, 5], "car_3110": [5, 4], "car_3111": [7, 3], "car_2704": [5, 7], "car_2705": [1, 0], "car_2706": [3, 2], "car_2150": [5, 6], "car_2707": [4, 5], "car_2069": [6, 3], "car_2068": [4, 2], "car_2702": [4, 2], "car_2703": [2, 6], "car_769": [3, 2], "car_768": [1, 4], "car_2567": [7, 4], "car_761": [1, 0], "car_760": [0, 6], "car_763": [4, 7], "car_762": [3, 5], "car_765": [0, 6], "car_764": [6, 3], "car_767": [5, 4], "car_766": [2, 5], "car_2216": [4, 3], "car_2217": [6, 3], "car_2330": [7, 5], "car_2214": [5, 4], "car_2215": [1, 7], "car_2212": [6, 3], "car_2213": [2, 4], "car_2210": [1, 2], "car_2211": [4, 3], "car_575": [1, 7], "car_3374": [1, 0], "car_1305": [7, 1], "car_1304": [2, 4], "car_1307": [6, 5], "car_1306": [3, 1], "car_1301": [7, 0], "car_1300": [2, 5], "car_1303": [0, 3], "car_1302": [1, 4], "car_1309": [1, 4], "car_1308": [5, 6], "car_389": [7, 4], "car_388": [5, 0], "car_387": [2, 3], "car_386": [0, 4], "car_385": [6, 1], "car_384": [3, 2], "car_383": [1, 2], "car_382": [7, 2], "car_381": [2, 1], "car_380": [0, 4], "car_141": [7, 3], "car_140": [0, 3], "car_143": [3, 5], "car_142": [1, 2], "car_145": [6, 4], "car_144": [4, 1], "car_147": [5, 0], "car_146": [0, 4], "car_149": [1, 0], "car_148": [7, 0], "car_2407": [6, 2], "car_1279": [2, 4], "car_1278": [0, 5], "car_1271": [4, 5], "car_1270": [3, 2], "car_1273": [2, 1], "car_1272": [0, 4], "car_1275": [7, 5], "car_1274": [5, 0], "car_1277": [4, 0], "car_1276": [3, 2], "car_2326": [5, 6], "car_2847": [6, 3], "car_2327": [6, 2], "car_1059": [1, 3], "car_1058": [7, 1], "car_1055": [3, 2], "car_1054": [7, 1], "car_1057": [2, 6], "car_1056": [6, 7], "car_1051": [4, 7], "car_1050": [3, 5], "car_1053": [2, 7], "car_1052": [0, 6], "car_2656": [5, 2], "car_2657": [7, 2], "car_2654": [6, 7], "car_2655": [2, 4], "car_2652": [5, 2], "car_2653": [4, 7], "car_2650": [3, 6], "car_2651": [6, 2], "car_2415": [5, 3], "car_2658": [1, 5], "car_2659": [3, 7], "car_2416": [1, 4], "car_69": [5, 3], "car_68": [0, 4], "car_2438": [5, 3], "car_2439": [1, 2], "car_61": [4, 3], "car_60": [3, 7], "car_63": [0, 2], "car_62": [6, 1], "car_65": [3, 6], "car_64": [5, 0], "car_67": [6, 3], "car_66": [4, 3], "car_1693": [4, 7], "car_1692": [3, 5], "car_1691": [1, 0], "car_1690": [7, 4], "car_1697": [1, 2], "car_1696": [5, 1], "car_969": [4, 2], "car_968": [1, 6], "car_967": [7, 4], "car_966": [5, 4], "car_965": [2, 7], "car_964": [0, 5], "car_963": [3, 1], "car_962": [1, 4], "car_961": [7, 5], "car_960": [5, 0], "car_1451": [4, 3], "car_1450": [3, 6], "car_1453": [5, 6], "car_1452": [2, 6], "car_1455": [1, 2], "car_1454": [7, 1], "car_1457": [7, 4], "car_1456": [0, 5], "car_1459": [3, 4], "car_1458": [1, 5], "car_2410": [3, 2], "car_2837": [3, 5], "car_3329": [3, 1], "car_3328": [1, 6], "car_3175": [6, 2], "car_3321": [3, 6], "car_3320": [1, 0], "car_3323": [6, 3], "car_3322": [4, 0], "car_3325": [2, 7], "car_3279": [2, 1], "car_3327": [7, 0], "car_3326": [5, 6], "car_3278": [0, 7], "car_2411": [4, 6], "car_2508": [1, 6], "car_2509": [4, 2], "car_2506": [2, 4], "car_2507": [7, 3], "car_2504": [6, 5], "car_2505": [0, 2], "car_2502": [1, 6], "car_2503": [3, 7], "car_2500": [4, 7], "car_2501": [5, 0], "car_2737": [1, 0], "car_1680": [1, 5], "car_1681": [3, 0], "car_3173": [3, 2], "car_1682": [4, 1], "car_1683": [6, 0], "car_3272": [2, 7], "car_1684": [5, 3], "car_2736": [7, 5], "car_1685": [7, 0], "car_1891": [2, 5], "car_3270": [6, 1], "car_1686": [1, 7], "car_1890": [0, 6], "car_1687": [3, 5], "car_1893": [7, 0], "car_545": [1, 7], "car_544": [7, 4], "car_547": [0, 2], "car_546": [4, 3], "car_541": [0, 3], "car_540": [6, 7], "car_543": [5, 2], "car_542": [2, 0], "car_3215": [6, 1], "car_1895": [3, 2], "car_3217": [5, 4], "car_3216": [0, 3], "car_549": [7, 5], "car_548": [5, 4], "car_819": [4, 5], "car_818": [3, 5], "car_2344": [3, 2], "car_2345": [4, 0], "car_2346": [6, 2], "car_2347": [5, 1], "car_2340": [6, 4], "car_1897": [6, 5], "car_2342": [5, 4], "car_2343": [1, 3], "car_2405": [1, 7], "car_1896": [4, 2], "car_2348": [7, 3], "car_2349": [3, 4], "car_33": [6, 5], "car_1767": [7, 6], "car_1766": [5, 7], "car_1765": [0, 4], "car_608": [2, 0], "car_609": [5, 1], "car_2941": [6, 2], "car_602": [0, 2], "car_603": [5, 7], "car_600": [3, 7], "car_601": [6, 3], "car_606": [6, 5], "car_607": [0, 3], "car_604": [7, 4], "car_605": [1, 5], "car_3101": [1, 6], "car_3100": [7, 3], "car_3103": [0, 4], "car_3102": [3, 6], "car_3105": [5, 7], "car_1761": [2, 4], "car_3107": [3, 2], "car_3106": [1, 3], "car_3109": [6, 1], "car_3108": [4, 2], "car_1760": [0, 1], "car_2799": [2, 3], "car_776": [3, 2], "car_777": [4, 7], "car_774": [5, 6], "car_775": [7, 0], "car_772": [0, 7], "car_773": [2, 1], "car_770": [4, 5], "car_771": [6, 7], "car_1768": [1, 0], "car_778": [6, 2], "car_779": [0, 1], "car_2418": [4, 7], "car_2880": [7, 3], "car_1750": [1, 5], "car_2419": [6, 1], "car_3293": [5, 4], "car_3292": [2, 7], "car_3251": [3, 5], "car_1994": [3, 7], "car_1995": [4, 6], "car_1996": [0, 5], "car_1997": [2, 1], "car_1990": [0, 7], "car_1991": [5, 4], "car_1992": [7, 1], "car_1993": [1, 3], "car_1998": [5, 0], "car_1999": [7, 4], "car_2846": [4, 6], "car_3250": [7, 0], "car_1842": [1, 6], "car_1806": [0, 3], "car_1840": [4, 2], "car_1841": [7, 6], "car_398": [0, 4], "car_399": [2, 3], "car_1844": [4, 5], "car_1807": [2, 4], "car_394": [7, 4], "car_395": [1, 4], "car_396": [4, 7], "car_397": [6, 0], "car_390": [1, 5], "car_391": [3, 2], "car_392": [4, 3], "car_393": [0, 4], "car_158": [4, 0], "car_159": [6, 5], "car_156": [1, 0], "car_157": [3, 4], "car_154": [5, 7], "car_155": [7, 3], "car_152": [6, 3], "car_153": [0, 5], "car_150": [3, 1], "car_151": [4, 7], "car_1208": [0, 3], "car_1209": [2, 1], "car_1204": [7, 4], "car_1205": [1, 7], "car_1206": [3, 5], "car_1207": [4, 1], "car_1200": [6, 0], "car_1201": [0, 2], "car_1202": [2, 7], "car_1203": [5, 4], "car_2601": [5, 2], "car_2403": [5, 7], "car_3252": [4, 7], "car_3334": [1, 6], "car_3335": [3, 7], "car_1808": [7, 2], "car_3255": [5, 1], "car_3332": [5, 7], "car_1809": [3, 4], "car_3333": [7, 6], "car_2649": [1, 2], "car_2612": [5, 2], "car_2613": [7, 6], "car_2641": [4, 3], "car_2640": [3, 7], "car_2643": [0, 2], "car_2642": [6, 5], "car_2645": [5, 6], "car_2644": [2, 6], "car_2647": [4, 7], "car_2646": [1, 0], "car_1510": [5, 4], "car_1511": [7, 1], "car_1512": [1, 2], "car_1513": [3, 1], "car_1514": [4, 3], "car_1515": [6, 2], "car_1516": [2, 0], "car_1517": [5, 2], "car_1518": [7, 4], "car_1519": [3, 7], "car_2531": [6, 4], "car_2965": [1, 3], "car_2530": [4, 2], "car_2966": [3, 1], "car_3366": [5, 6], "car_2537": [4, 7], "car_2967": [6, 2], "car_2536": [3, 1], "car_2968": [2, 5], "car_2855": [2, 5], "car_1198": [3, 7], "car_1199": [4, 7], "car_2969": [5, 6], "car_1194": [2, 5], "car_1195": [5, 2], "car_1196": [7, 0], "car_1197": [1, 5], "car_1190": [2, 7], "car_1191": [5, 4], "car_1192": [3, 1], "car_1193": [6, 5], "car_2619": [2, 5], "car_2429": [0, 1], "car_2428": [6, 0], "car_2425": [2, 0], "car_2424": [0, 7], "car_2427": [4, 0], "car_2426": [3, 0], "car_2421": [2, 5], "car_2126": [0, 2], "car_2423": [3, 4], "car_2422": [7, 1], "car_2856": [5, 4], "car_2127": [2, 1], "car_978": [5, 0], "car_979": [4, 7], "car_974": [1, 4], "car_975": [3, 7], "car_976": [4, 2], "car_977": [2, 6], "car_970": [6, 2], "car_971": [2, 7], "car_972": [5, 1], "car_973": [7, 2], "car_1424": [3, 2], "car_1425": [4, 7], "car_1426": [6, 2], "car_1427": [0, 4], "car_1420": [2, 7], "car_1421": [5, 4], "car_1422": [7, 2], "car_1423": [1, 6], "car_2402": [6, 4], "car_1428": [2, 1], "car_1429": [5, 6], "car_2857": [7, 5], "car_3259": [2, 4], "car_3358": [4, 2], "car_3359": [2, 7], "car_3354": [2, 7], "car_2128": [5, 1], "car_3356": [7, 2], "car_3357": [3, 0], "car_3350": [7, 0], "car_3258": [3, 6], "car_3352": [3, 5], "car_2129": [7, 0], "car_2511": [5, 2], "car_2510": [6, 2], "car_2513": [1, 2], "car_2512": [7, 0], "car_2515": [4, 2], "car_2514": [3, 2], "car_2517": [5, 1], "car_2516": [0, 3], "car_2519": [3, 2], "car_2518": [1, 6], "car_1738": [3, 4], "car_1739": [4, 1], "car_1730": [1, 4], "car_1731": [3, 1], "car_1732": [4, 5], "car_1733": [6, 3], "car_1734": [0, 3], "car_1735": [2, 1], "car_1736": [5, 3], "car_1737": [1, 5], "car_54": [5, 2], "car_55": [7, 0], "car_56": [6, 4], "car_57": [2, 6], "car_50": [3, 5], "car_51": [6, 4], "car_52": [0, 7], "car_53": [2, 1], "car_58": [5, 3], "car_59": [7, 3], "car_2609": [4, 2], "car_552": [4, 7], "car_805": [5, 4], "car_550": [1, 7], "car_551": [3, 4], "car_556": [1, 0], "car_557": [3, 2], "car_554": [0, 3], "car_555": [7, 5], "car_558": [4, 7], "car_559": [6, 0], "car_808": [6, 5], "car_809": [7, 6], "car_2357": [6, 0], "car_2356": [4, 7], "car_2355": [3, 6], "car_2354": [1, 2], "car_2353": [7, 1], "car_2352": [2, 6], "car_2351": [0, 2], "car_2350": [4, 3], "car_2359": [2, 7], "car_2358": [0, 5], "car_1757": [1, 2], "car_2339": [4, 1], "car_2469": [1, 5], "car_3174": [4, 5], "car_2915": [1, 3], "car_3176": [0, 4], "car_3177": [2, 0], "car_3170": [6, 2], "car_3171": [0, 5], "car_3172": [7, 2], "car_2914": [7, 4], "car_3178": [5, 3], "car_3179": [7, 0], "car_3369": [6, 4], "car_2468": [7, 4], "car_703": [5, 1], "car_702": [2, 5], "car_701": [0, 2], "car_700": [6, 2], "car_707": [2, 4], "car_706": [6, 4], "car_705": [4, 7], "car_704": [7, 5], "car_709": [4, 3], "car_708": [1, 6], "car_3008": [4, 3], "car_3009": [0, 5], "car_3000": [4, 5], "car_3001": [6, 1], "car_3002": [0, 4], "car_3003": [2, 5], "car_3004": [5, 2], "car_3005": [7, 3], "car_3006": [1, 7], "car_3007": [3, 4], "car_2221": [1, 6], "car_2308": [1, 0], "car_2400": [3, 2], "car_2309": [3, 5], "car_3201": [0, 6], "car_1987": [3, 6], "car_1986": [1, 3], "car_1985": [2, 5], "car_1984": [0, 3], "car_1983": [6, 7], "car_1982": [3, 7], "car_1981": [1, 0], "car_1980": [7, 5], "car_1989": [6, 1], "car_1988": [4, 5], "car_2768": [6, 3], "car_1855": [4, 2], "car_1796": [7, 1], "car_1857": [0, 4], "car_1856": [6, 7], "car_1851": [6, 0], "car_1850": [4, 1], "car_1853": [1, 3], "car_1797": [3, 1], "car_2336": [7, 1], "car_1859": [5, 4], "car_1794": [2, 7], "car_2230": [0, 4], "car_129": [5, 0], "car_128": [0, 1], "car_2231": [2, 1], "car_123": [5, 4], "car_122": [2, 3], "car_121": [0, 5], "car_120": [4, 0], "car_127": [6, 2], "car_126": [4, 1], "car_125": [3, 1], "car_124": [1, 6], "car_1790": [1, 4], "car_1219": [7, 6], "car_1218": [5, 6], "car_1217": [2, 5], "car_1216": [0, 2], "car_1215": [6, 4], "car_1214": [4, 6], "car_1213": [3, 5], "car_1212": [1, 5], "car_1211": [7, 2], "car_1210": [5, 1], "car_1415": [5, 4], "car_1414": [2, 3], "car_1417": [3, 4], "car_1416": [7, 1], "car_1411": [1, 2], "car_1410": [7, 3], "car_237": [4, 3], "car_236": [3, 5], "car_235": [1, 5], "car_234": [7, 0], "car_233": [5, 7], "car_232": [0, 4], "car_231": [6, 1], "car_230": [4, 3], "car_3372": [5, 2], "car_1412": [4, 1], "car_239": [5, 6], "car_238": [0, 6], "car_2988": [6, 2], "car_2989": [0, 5], "car_2638": [7, 2], "car_2639": [1, 3], "car_2634": [3, 6], "car_2635": [4, 7], "car_2636": [6, 3], "car_2637": [5, 4], "car_2630": [0, 2], "car_2631": [2, 6], "car_2632": [5, 7], "car_2633": [1, 2], "car_1503": [0, 7], "car_1502": [6, 4], "car_1501": [3, 2], "car_1500": [1, 6], "car_1507": [3, 0], "car_1506": [1, 7], "car_1505": [5, 4], "car_1504": [2, 6], "car_3373": [7, 3], "car_1509": [2, 1], "car_1508": [4, 3], "car_1189": [0, 3], "car_1188": [4, 7], "car_1187": [3, 6], "car_1186": [1, 4], "car_1185": [7, 2], "car_1184": [5, 4], "car_1183": [0, 4], "car_1182": [6, 7], "car_1181": [4, 1], "car_1180": [1, 5], "car_2182": [2, 5], "car_2183": [5, 0], "car_2180": [6, 2], "car_2181": [0, 1], "car_2186": [0, 6], "car_2187": [2, 1], "car_2184": [7, 1], "car_2185": [3, 6], "car_2188": [5, 3], "car_2189": [7, 4], "car_949": [6, 1], "car_948": [4, 0], "car_2742": [5, 2], "car_2743": [7, 1], "car_2744": [1, 6], "car_2745": [3, 6], "car_2746": [4, 3], "car_2747": [6, 5], "car_941": [1, 7], "car_940": [7, 0], "car_943": [4, 6], "car_942": [3, 5], "car_945": [2, 5], "car_944": [6, 1], "car_947": [7, 2], "car_946": [5, 7], "car_1437": [3, 6], "car_1436": [1, 0], "car_1435": [5, 1], "car_1434": [0, 6], "car_1433": [6, 7], "car_1432": [4, 2], "car_1431": [1, 4], "car_1430": [7, 5], "car_1439": [0, 5], "car_1438": [4, 0], "car_2238": [2, 0], "car_2823": [7, 4], "car_493": [1, 5], "car_492": [2, 6], "car_491": [6, 1], "car_490": [4, 7], "car_497": [2, 4], "car_496": [0, 1], "car_495": [4, 2], "car_494": [3, 4], "car_3347": [0, 6], "car_3346": [6, 0], "car_499": [4, 1], "car_498": [1, 0], "car_3343": [7, 2], "car_3342": [2, 0], "car_3341": [4, 6], "car_3340": [3, 1], "car_2296": [5, 1], "car_2297": [7, 6], "car_2294": [0, 5], "car_2239": [5, 1], "car_2292": [4, 7], "car_2293": [6, 5], "car_2290": [1, 2], "car_2291": [3, 5], "car_1918": [3, 1], "car_2568": [1, 0], "car_2569": [3, 5], "car_2298": [3, 5], "car_1919": [4, 7], "car_1729": [7, 4], "car_1728": [5, 0], "car_1723": [2, 3], "car_1722": [0, 5], "car_1721": [6, 5], "car_1720": [4, 3], "car_1727": [2, 5], "car_1726": [0, 1], "car_1725": [4, 3], "car_1724": [5, 2], "car_43": [5, 2], "car_42": [2, 3], "car_41": [0, 5], "car_40": [4, 2], "car_47": [2, 4], "car_46": [6, 5], "car_45": [4, 0], "car_44": [1, 2], "car_49": [1, 2], "car_48": [5, 4], "car_1916": [5, 4], "car_3365": [2, 4], "car_1917": [7, 3], "car_3364": [0, 1], "car_3375": [3, 6], "car_3367": [3, 0], "car_1858": [2, 7], "car_831": [4, 2], "car_830": [3, 7], "car_833": [0, 6], "car_832": [6, 2], "car_835": [5, 0], "car_834": [2, 1], "car_837": [4, 0], "car_836": [3, 1], "car_839": [7, 6], "car_838": [6, 5], "car_2360": [5, 0], "car_2361": [7, 5], "car_2366": [5, 7], "car_2367": [7, 2], "car_2364": [0, 6], "car_2365": [2, 0], "car_2168": [6, 0], "car_2169": [2, 0], "car_2160": [3, 5], "car_2161": [4, 3], "car_2162": [6, 1], "car_2163": [0, 7], "car_2164": [5, 1], "car_2165": [7, 6], "car_2166": [1, 5], "car_2167": [4, 5], "car_2810": [7, 5], "car_2811": [1, 4], "car_2812": [3, 4], "car_2813": [6, 5], "car_1941": [1, 4], "car_2814": [2, 4], "car_3055": [7, 5], "car_2815": [5, 2], "car_2544": [0, 6], "car_3235": [0, 6], "car_2817": [1, 7], "car_3167": [5, 0], "car_3166": [2, 4], "car_3165": [0, 6], "car_3164": [6, 7], "car_3163": [1, 4], "car_3162": [5, 2], "car_3161": [2, 6], "car_3160": [1, 7], "car_2463": [6, 5], "car_3169": [3, 6], "car_3168": [1, 0], "car_2462": [7, 4], "car_3309": [0, 3], "car_710": [2, 4], "car_711": [5, 2], "car_712": [7, 4], "car_713": [4, 2], "car_714": [6, 3], "car_715": [0, 6], "car_716": [7, 2], "car_717": [1, 4], "car_718": [3, 6], "car_719": [4, 0], "car_1892": [5, 6], "car_3019": [6, 3], "car_3018": [4, 1], "car_3028": [5, 4], "car_3013": [1, 3], "car_3012": [7, 6], "car_3011": [5, 2], "car_3010": [2, 1], "car_3017": [3, 7], "car_3016": [7, 4], "car_3015": [2, 1], "car_2987": [4, 2], "car_1894": [1, 5], "car_2895": [6, 1], "car_3368": [4, 6], "car_138": [4, 0], "car_139": [6, 0], "car_130": [7, 3], "car_131": [3, 6], "car_132": [4, 1], "car_133": [6, 2], "car_134": [0, 6], "car_135": [5, 4], "car_136": [7, 1], "car_137": [3, 0], "car_1222": [4, 6], "car_1223": [0, 3], "car_1220": [1, 7], "car_1221": [3, 0], "car_1226": [1, 3], "car_1227": [3, 2], "car_1224": [5, 7], "car_1225": [7, 3], "car_1886": [1, 5], "car_1887": [3, 2], "car_1228": [4, 3], "car_1229": [6, 2], "car_1882": [6, 0], "car_1883": [0, 6], "car_1880": [1, 2], "car_1881": [3, 7], "car_2621": [7, 3], "car_224": [4, 5], "car_225": [0, 4], "car_226": [5, 7], "car_227": [7, 0], "car_220": [0, 1], "car_221": [5, 1], "car_222": [7, 4], "car_223": [3, 7], "car_228": [1, 2], "car_229": [3, 6], "car_1086": [5, 7], "car_1087": [7, 4], "car_1084": [0, 2], "car_1085": [2, 3], "car_1082": [3, 2], "car_1083": [4, 6], "car_1080": [7, 6], "car_1081": [1, 6], "car_2627": [7, 2], "car_2626": [2, 3], "car_2625": [0, 5], "car_2624": [4, 1], "car_2623": [3, 1], "car_2622": [1, 7], "car_1088": [1, 4], "car_1089": [3, 2], "car_1536": [7, 5], "car_1537": [1, 5], "car_1534": [0, 7], "car_1535": [5, 3], "car_1532": [3, 0], "car_1533": [6, 5], "car_1530": [7, 5], "car_1531": [1, 3], "car_1538": [4, 5], "car_1539": [0, 7], "car_956": [7, 0], "car_957": [3, 5], "car_954": [2, 5], "car_955": [5, 4], "car_952": [1, 7], "car_953": [6, 3], "car_950": [0, 7], "car_951": [5, 0], "car_1827": [4, 5], "car_2199": [4, 3], "car_2198": [3, 7], "car_958": [0, 5], "car_959": [2, 7], "car_1158": [1, 4], "car_1159": [3, 2], "car_1408": [2, 3], "car_1409": [5, 7], "car_2757": [0, 2], "car_2756": [4, 1], "car_2755": [1, 5], "car_1829": [0, 6], "car_1150": [5, 6], "car_1151": [1, 7], "car_1152": [3, 2], "car_1153": [4, 3], "car_1154": [6, 0], "car_1155": [2, 5], "car_1156": [5, 4], "car_1157": [7, 0], "car_2532": [2, 0], "car_2380": [1, 5], "car_2764": [0, 1], "car_2381": [4, 7], "car_2382": [6, 4], "car_2383": [2, 1], "car_1826": [3, 0], "car_3314": [5, 6], "car_3315": [7, 1], "car_480": [2, 6], "car_481": [5, 4], "car_482": [1, 3], "car_483": [4, 5], "car_484": [6, 3], "car_485": [0, 3], "car_486": [5, 0], "car_487": [7, 5], "car_488": [1, 0], "car_489": [3, 6], "car_2283": [7, 0], "car_2282": [5, 2], "car_2285": [3, 0], "car_2284": [1, 3], "car_2287": [6, 5], "car_2286": [4, 2], "car_2577": [5, 2], "car_853": [3, 1], "car_2575": [0, 7], "car_2574": [4, 1], "car_2573": [7, 0], "car_2572": [5, 2], "car_2571": [2, 6], "car_852": [1, 0], "car_851": [5, 1], "car_2579": [3, 6], "car_2578": [1, 4], "car_582": [1, 7], "car_1718": [1, 2], "car_1719": [3, 7], "car_1716": [5, 3], "car_857": [4, 6], "car_1714": [4, 2], "car_1715": [0, 7], "car_1712": [7, 1], "car_1713": [3, 7], "car_1710": [2, 3], "car_856": [3, 0], "car_2982": [2, 1], "car_1828": [6, 4], "car_855": [5, 0], "car_2983": [5, 4], "car_854": [2, 0], "car_2980": [4, 5], "car_2981": [0, 7], "car_2739": [4, 0], "car_2738": [3, 4], "car_2379": [7, 6], "car_2378": [5, 7], "car_828": [2, 0], "car_829": [5, 1], "car_826": [6, 7], "car_827": [0, 5], "car_824": [3, 1], "car_825": [4, 3], "car_822": [5, 0], "car_823": [7, 0], "car_820": [6, 4], "car_821": [0, 4], "car_2179": [4, 3], "car_2178": [3, 4], "car_2173": [3, 5], "car_2172": [1, 5], "car_2171": [7, 1], "car_2170": [5, 2], "car_2177": [7, 0], "car_2176": [2, 7], "car_2175": [0, 3], "car_2174": [6, 3], "car_3238": [7, 6], "car_2535": [1, 4], "car_3349": [5, 3], "car_3218": [3, 7], "car_3158": [6, 3], "car_3159": [2, 6], "car_2534": [7, 3], "car_3152": [2, 0], "car_3153": [5, 2], "car_3150": [3, 4], "car_3151": [0, 5], "car_3156": [3, 1], "car_3157": [4, 3], "car_3154": [7, 1], "car_3155": [1, 4], "car_729": [6, 2], "car_728": [4, 0], "car_725": [0, 5], "car_724": [6, 1], "car_727": [1, 5], "car_726": [5, 2], "car_721": [7, 5], "car_720": [6, 7], "car_723": [4, 0], "car_722": [1, 0], "car_2708": [6, 4], "car_3029": [7, 5], "car_3026": [0, 3], "car_3027": [2, 0], "car_3024": [4, 1], "car_3025": [6, 0], "car_3022": [1, 3], "car_3023": [3, 0], "car_3020": [2, 3], "car_3021": [5, 4], "car_2620": [5, 2], "car_3275": [3, 2], "car_1795": [5, 4], "car_3274": [7, 0], "car_1792": [4, 3], "car_3226": [4, 2], "car_1793": [6, 3], "car_2440": [3, 1], "car_105": [2, 7], "car_104": [0, 6], "car_107": [3, 7], "car_106": [7, 0], "car_101": [7, 1], "car_100": [5, 4], "car_103": [3, 4], "car_102": [1, 5], "car_1888": [4, 6], "car_109": [2, 5], "car_108": [0, 7], "car_1791": [3, 7], "car_1235": [4, 3], "car_1234": [3, 6], "car_1237": [2, 0], "car_1236": [6, 2], "car_1231": [2, 7], "car_1230": [0, 5], "car_1233": [7, 2], "car_1232": [5, 6], "car_1899": [5, 7], "car_1898": [0, 6], "car_1239": [1, 5], "car_1238": [5, 6], "car_3141": [1, 5], "car_211": [3, 4], "car_210": [1, 7], "car_213": [6, 0], "car_212": [4, 2], "car_215": [2, 1], "car_214": [0, 4], "car_217": [1, 6], "car_216": [7, 3], "car_219": [6, 4], "car_218": [3, 4], "car_2676": [1, 6], "car_1529": [5, 7], "car_1528": [2, 6], "car_2610": [0, 5], "car_2611": [2, 6], "car_2616": [4, 7], "car_2617": [6, 0], "car_2614": [1, 2], "car_2615": [3, 7], "car_1521": [6, 1], "car_1520": [4, 6], "car_1523": [2, 4], "car_1522": [0, 4], "car_1525": [7, 3], "car_1524": [5, 6], "car_1527": [0, 5], "car_1526": [6, 3], "car_3227": [6, 3], "car_2849": [2, 6], "car_2700": [7, 6], "car_2848": [0, 5], "car_2740": [0, 3], "car_3222": [5, 3], "car_2741": [2, 0], "car_3223": [7, 5], "car_2313": [5, 6], "car_2701": [1, 3], "car_2312": [2, 1], "car_2311": [0, 1], "car_923": [4, 7], "car_922": [1, 4], "car_921": [5, 6], "car_920": [2, 4], "car_927": [7, 0], "car_926": [2, 7], "car_925": [0, 7], "car_924": [6, 7], "car_2317": [0, 7], "car_929": [4, 5], "car_928": [1, 5], "car_2316": [6, 2], "car_2766": [5, 6], "car_2748": [5, 1], "car_1149": [2, 7], "car_1148": [0, 7], "car_1419": [6, 0], "car_1418": [4, 1], "car_2760": [1, 2], "car_2749": [1, 3], "car_1143": [7, 6], "car_1142": [2, 0], "car_1141": [6, 7], "car_1140": [4, 1], "car_1147": [6, 5], "car_1146": [4, 1], "car_1145": [3, 6], "car_1144": [1, 5], "car_1099": [5, 1], "car_1098": [2, 1], "car_3385": [6, 5], "car_1091": [6, 0], "car_1090": [4, 0], "car_1093": [1, 2], "car_1092": [2, 1], "car_1095": [4, 3], "car_1094": [3, 5], "car_1097": [0, 6], "car_1096": [6, 7], "car_2818": [3, 6], "car_2819": [4, 3], "car_2548": [2, 3], "car_2549": [7, 2], "car_3361": [3, 2], "car_3360": [5, 3], "car_3363": [6, 5], "car_3362": [4, 2], "car_2542": [4, 7], "car_2543": [6, 4], "car_2540": [7, 1], "car_2541": [3, 2], "car_2546": [4, 5], "car_2547": [6, 0], "car_2521": [2, 4], "car_2545": [5, 3], "car_3384": [4, 7], "car_1701": [0, 4], "car_1700": [6, 4], "car_1703": [3, 2], "car_1702": [2, 6], "car_1705": [5, 6], "car_1704": [4, 5], "car_1707": [3, 7], "car_1706": [1, 6], "car_1709": [0, 3], "car_1708": [4, 2], "car_2522": [1, 4], "car_2523": [3, 4], "car_589": [1, 2], "car_588": [7, 3], "car_859": [0, 5], "car_858": [6, 0], "car_2384": [5, 2], "car_2385": [7, 2], "car_1695": [2, 5], "car_2387": [6, 3], "car_581": [7, 0], "car_580": [5, 7], "car_583": [3, 7], "car_850": [2, 4], "car_585": [6, 3], "car_584": [4, 1], "car_587": [5, 4], "car_586": [2, 6], "car_2002": [4, 6], "car_2148": [0, 6], "car_2149": [2, 0], "car_2146": [4, 0], "car_2147": [6, 5], "car_2144": [1, 5], "car_2145": [3, 7], "car_2142": [5, 7], "car_2143": [7, 2], "car_2140": [4, 1], "car_2141": [0, 1], "car_2985": [1, 2], "car_3149": [1, 3], "car_3148": [7, 6], "car_3145": [0, 6], "car_3144": [6, 7], "car_3147": [5, 2], "car_3146": [2, 6], "car_2779": [6, 2], "car_3140": [7, 2], "car_3143": [4, 6], "car_3142": [3, 2], "car_457": [2, 1], "car_456": [0, 1], "car_455": [6, 3], "car_454": [4, 7], "car_453": [3, 7], "car_452": [1, 5], "car_451": [7, 1], "car_450": [2, 0], "car_3383": [7, 2], "car_3382": [5, 7], "car_3381": [1, 6], "car_1878": [0, 7], "car_459": [4, 5], "car_458": [3, 1], "car_1877": [6, 1], "car_1876": [4, 0], "car_2778": [1, 7], "car_2993": [3, 4], "car_1875": [3, 1], "car_1874": [1, 0], "car_1873": [7, 1], "car_1872": [5, 1], "car_738": [0, 6], "car_739": [7, 3], "car_1871": [2, 3], "car_733": [7, 4], "car_732": [5, 4], "car_32": [4, 5], "car_730": [0, 6], "car_731": [2, 7], "car_736": [4, 3], "car_737": [6, 7], "car_734": [0, 3], "car_735": [5, 1], "car_3031": [3, 5], "car_1976": [6, 0], "car_3033": [6, 2], "car_3032": [4, 3], "car_3035": [2, 5], "car_3034": [0, 4], "car_3037": [7, 6], "car_1977": [0, 7], "car_3039": [3, 5], "car_3038": [1, 0], "car_3348": [2, 6], "car_1698": [3, 4], "car_3345": [4, 3], "car_3344": [1, 0], "car_3030": [1, 7], "car_38": [1, 6], "car_39": [3, 0], "car_2564": [0, 5], "car_2565": [2, 5], "car_3036": [5, 3], "car_2566": [5, 1], "car_2295": [2, 1], "car_1978": [2, 7], "car_2560": [5, 0], "car_1979": [5, 3], "car_2561": [7, 6], "car_2562": [1, 7], "car_2563": [6, 4], "car_2443": [2, 1], "car_2442": [6, 0], "car_3351": [1, 7], "car_2441": [4, 7], "car_112": [2, 4], "car_113": [3, 7], "car_110": [3, 0], "car_111": [4, 5], "car_116": [5, 6], "car_117": [7, 6], "car_114": [6, 7], "car_115": [0, 7], "car_2447": [4, 1], "car_118": [1, 7], "car_119": [3, 0], "car_2446": [3, 1], "car_2445": [7, 2], "car_2299": [4, 3], "car_2533": [5, 1], "car_2453": [6, 5], "car_2454": [0, 4], "car_1950": [6, 2], "car_1951": [0, 5], "car_1952": [2, 3], "car_1953": [7, 4], "car_1954": [1, 3], "car_1955": [3, 6], "car_208": [5, 0], "car_209": [7, 4], "car_206": [3, 1], "car_207": [4, 1], "car_204": [7, 0], "car_205": [1, 6], "car_202": [2, 5], "car_203": [5, 0], "car_200": [1, 2], "car_201": [3, 1], "car_2605": [5, 7], "car_2604": [2, 5], "car_2607": [1, 7], "car_2606": [7, 0], "car_1558": [0, 4], "car_1559": [5, 3], "car_2603": [0, 4], "car_2602": [3, 0], "car_1554": [2, 4], "car_1555": [5, 7], "car_1556": [7, 4], "car_1557": [4, 1], "car_1550": [1, 7], "car_1551": [3, 2], "car_1552": [6, 4], "car_1553": [0, 6], "car_1398": [4, 7], "car_1399": [0, 3], "car_1392": [5, 3], "car_1393": [7, 6], "car_1390": [0, 4], "car_1391": [2, 4], "car_1396": [7, 2], "car_1397": [1, 7], "car_1394": [1, 4], "car_1395": [5, 1], "car_2598": [4, 2], "car_930": [0, 4], "car_931": [2, 7], "car_932": [5, 2], "car_933": [1, 4], "car_934": [3, 5], "car_935": [4, 1], "car_936": [6, 7], "car_937": [0, 2], "car_938": [2, 4], "car_939": [5, 7], "car_2773": [4, 1], "car_2772": [1, 4], "car_2775": [0, 5], "car_2774": [6, 0], "car_2777": [7, 5], "car_2776": [2, 1], "car_6": [6, 4], "car_7": [0, 2], "car_4": [3, 1], "car_5": [4, 0], "car_2": [7, 4], "car_3": [1, 5], "car_1178": [5, 6], "car_1": [5, 6], "car_1176": [0, 6], "car_1177": [2, 3], "car_1174": [3, 1], "car_1175": [6, 2], "car_1172": [7, 5], "car_1173": [1, 6], "car_8": [2, 1], "car_9": [5, 3], "car_2809": [2, 0], "car_2808": [6, 4], "car_2559": [0, 2], "car_2558": [6, 4], "car_2555": [7, 6], "car_2554": [5, 1], "car_2557": [4, 3], "car_2556": [3, 6], "car_2551": [2, 7], "car_2550": [0, 1], "car_2553": [2, 6], "car_2552": [1, 2], "car_1774": [1, 6], "car_1775": [3, 0], "car_1776": [6, 1], "car_1777": [0, 5], "car_1770": [6, 1], "car_1771": [2, 0], "car_1772": [5, 1], "car_1773": [7, 1], "car_1778": [2, 5], "car_1779": [5, 6], "car_98": [4, 5], "car_99": [0, 7], "car_90": [7, 0], "car_91": [1, 0], "car_92": [3, 7], "car_93": [4, 6], "car_94": [0, 4], "car_95": [2, 6], "car_96": [5, 7], "car_97": [1, 0], "car_596": [1, 2], "car_597": [6, 3], "car_594": [5, 6], "car_595": [7, 5], "car_592": [6, 1], "car_593": [2, 7], "car_590": [3, 0], "car_591": [4, 3], "car_598": [7, 6], "car_599": [1, 6], "car_848": [5, 0], "car_849": [0, 5], "car_2391": [1, 7], "car_2390": [7, 0], "car_2397": [5, 1], "car_2396": [2, 7], "car_2395": [0, 4], "car_2394": [6, 5], "car_840": [1, 0], "car_841": [3, 5], "car_842": [4, 7], "car_843": [0, 1], "car_844": [5, 7], "car_845": [7, 2], "car_846": [6, 1], "car_847": [2, 5], "car_1608": [3, 7], "car_1609": [4, 6], "car_2153": [3, 7], "car_2152": [1, 3], "car_2155": [6, 0], "car_2154": [4, 5], "car_2157": [2, 4], "car_2156": [0, 1], "car_1600": [5, 6], "car_1601": [1, 3], "car_1602": [3, 0], "car_1603": [4, 2], "car_1604": [6, 3], "car_1605": [0, 6], "car_1606": [5, 1], "car_1607": [7, 1], "car_2369": [3, 1], "car_2362": [1, 7], "car_2363": [4, 2], "car_444": [2, 4], "car_445": [5, 3], "car_446": [7, 0], "car_447": [1, 4], "car_440": [5, 6], "car_441": [7, 5], "car_442": [1, 3], "car_443": [4, 6], "car_448": [4, 2], "car_449": [6, 3], "car_2717": [0, 3], "car_2716": [6, 5], "car_3210": [2, 1], "car_2715": [4, 6], "car_2201": [0, 3], "car_2714": [1, 3], "car_2200": [6, 3], "car_2713": [0, 5], "car_2712": [6, 7], "car_2711": [1, 3], "car_2710": [7, 2], "car_3044": [0, 7], "car_3045": [3, 1], "car_3046": [4, 0], "car_3047": [6, 2], "car_3040": [4, 7], "car_3041": [5, 6], "car_3042": [4, 5], "car_3043": [6, 1], "car_3048": [0, 7], "car_3049": [2, 7], "car_2209": [7, 1], "car_2208": [5, 1], "car_2324": [0, 5], "car_695": [5, 3], "car_694": [2, 1], "car_697": [1, 5], "car_696": [7, 3], "car_691": [1, 6], "car_690": [5, 0], "car_693": [6, 0], "car_692": [4, 0], "car_699": [4, 1], "car_698": [3, 2], "car_2399": [1, 6], "car_1943": [4, 0], "car_1942": [3, 1], "car_279": [7, 4], "car_278": [5, 6], "car_1947": [1, 3], "car_1946": [7, 6], "car_1945": [0, 1], "car_1944": [6, 2], "car_273": [4, 7], "car_272": [1, 5], "car_271": [5, 4], "car_270": [2, 1], "car_277": [3, 2], "car_276": [7, 3], "car_275": [2, 3], "car_274": [6, 0], "car_2946": [1, 2], "car_1925": [0, 5], "car_2944": [5, 3], "car_2945": [7, 6], "car_2942": [0, 2], "car_2943": [2, 1], "car_1549": [7, 0], "car_1548": [5, 3], "car_1547": [2, 5], "car_1546": [0, 3], "car_1545": [6, 3], "car_1544": [4, 1], "car_1543": [3, 7], "car_1542": [7, 5], "car_1541": [5, 1], "car_1540": [2, 4], "car_1389": [6, 0], "car_1388": [4, 1], "car_1385": [7, 6], "car_1384": [5, 0], "car_1387": [3, 4], "car_1386": [1, 3], "car_1381": [4, 6], "car_1380": [3, 2], "car_1383": [2, 0], "car_1382": [0, 5], "car_307": [3, 0], "car_306": [7, 0], "car_305": [0, 7], "car_304": [6, 4], "car_303": [3, 5], "car_302": [1, 2], "car_301": [7, 0], "car_300": [5, 2], "car_804": [0, 4], "car_309": [2, 4], "car_308": [0, 4], "car_909": [4, 1], "car_908": [3, 4], "car_905": [2, 6], "car_904": [0, 7], "car_907": [7, 4], "car_906": [5, 4], "car_901": [1, 7], "car_900": [2, 6], "car_903": [4, 2], "car_902": [3, 1], "car_1161": [5, 1], "car_1160": [6, 4], "car_1163": [1, 3], "car_1162": [7, 6], "car_1165": [4, 6], "car_1164": [3, 7], "car_1167": [2, 6], "car_1166": [0, 3], "car_1169": [7, 5], "car_1168": [5, 7], "car_2432": [7, 2], "car_2433": [1, 3], "car_2430": [2, 1], "car_2322": [4, 6], "car_2431": [5, 4], "car_2838": [4, 2], "car_2839": [2, 5], "car_2836": [1, 3], "car_2436": [0, 3], "car_2834": [5, 1], "car_2835": [7, 6], "car_2832": [4, 2], "car_2833": [6, 1], "car_2830": [6, 7], "car_2437": [2, 3], "car_2010": [1, 3], "car_2011": [3, 4], "car_2012": [6, 3], "car_2013": [0, 3], "car_2014": [5, 4], "car_2015": [3, 4], "car_2016": [6, 4], "car_2017": [0, 5], "car_2018": [2, 5], "car_2019": [1, 7], "car_2435": [6, 1], "car_87": [3, 5], "car_86": [1, 5], "car_85": [7, 4], "car_84": [5, 1], "car_83": [0, 7], "car_82": [6, 7], "car_81": [4, 2], "car_80": [3, 7], "car_3249": [2, 7], "car_2001": [3, 0], "car_89": [2, 5], "car_88": [6, 0], "car_2000": [1, 5], "car_2498": [1, 0], "car_2499": [3, 0], "car_2494": [3, 5], "car_2495": [2, 0], "car_2496": [5, 0], "car_2497": [7, 1], "car_2490": [6, 2], "car_2491": [0, 2], "car_2492": [5, 2], "car_2493": [7, 3], "car_875": [2, 7], "car_874": [0, 1], "car_877": [7, 5], "car_876": [5, 7], "car_871": [1, 5], "car_870": [7, 6], "car_873": [6, 2], "car_872": [4, 0], "car_3228": [0, 2], "car_3242": [0, 1], "car_1694": [6, 1], "car_879": [3, 0], "car_878": [1, 4], "car_3243": [2, 1], "car_1752": [4, 7], "car_1753": [6, 2], "car_1699": [4, 7], "car_2124": [4, 5], "car_2125": [6, 0], "car_1619": [5, 1], "car_1618": [2, 0], "car_2120": [0, 1], "car_2121": [5, 0], "car_2122": [1, 3], "car_2123": [3, 2], "car_1613": [7, 6], "car_1612": [5, 3], "car_1611": [2, 7], "car_1610": [6, 4], "car_1617": [6, 2], "car_1616": [4, 0], "car_1615": [3, 7], "car_1614": [1, 5], "car_1754": [2, 5], "car_1755": [5, 6], "car_2767": [1, 3], "car_2323": [6, 7], "car_471": [4, 6], "car_470": [3, 5], "car_473": [0, 4], "car_472": [6, 0], "car_475": [7, 1], "car_474": [5, 0], "car_477": [3, 0], "car_476": [1, 6], "car_479": [0, 4], "car_478": [4, 7], "car_2232": [5, 3], "car_2233": [7, 4], "car_2234": [1, 3], "car_2235": [3, 2], "car_2236": [4, 1], "car_2237": [0, 7], "car_2769": [0, 7], "car_2765": [2, 4], "car_2038": [4, 3], "car_2709": [5, 1], "car_3229": [2, 7], "car_3057": [0, 6], "car_3056": [1, 7], "car_2762": [4, 5], "car_3054": [5, 2], "car_3053": [4, 6], "car_3052": [3, 7], "car_3051": [1, 6], "car_3050": [7, 6], "car_3059": [5, 2], "car_3058": [2, 4], "car_3303": [6, 1], "car_2039": [0, 5], "car_2763": [6, 2], "car_1819": [7, 4], "car_1818": [5, 3], "car_2386": [3, 4], "car_682": [2, 6], "car_683": [7, 0], "car_680": [6, 1], "car_681": [0, 1], "car_686": [0, 5], "car_687": [2, 1], "car_684": [1, 5], "car_685": [3, 6], "car_688": [1, 4], "car_689": [4, 7], "car_2481": [1, 2], "car_2761": [3, 5], "car_3282": [1, 4], "car_3283": [4, 6], "car_1815": [3, 5], "car_3280": [5, 3], "car_1814": [7, 1], "car_3281": [7, 0], "car_3286": [2, 7], "car_2388": [2, 4], "car_3287": [7, 5], "car_3284": [6, 5], "car_3285": [0, 7], "car_2389": [5, 0], "car_3288": [3, 6], "car_3289": [4, 5], "car_1670": [2, 6], "car_1956": [0, 2], "car_3302": [3, 1], "car_1957": [3, 5], "car_3324": [0, 2], "car_1958": [4, 5], "car_1959": [0, 6], "car_2003": [0, 4], "car_268": [4, 0], "car_269": [0, 6], "car_1974": [3, 2], "car_1975": [4, 5], "car_1972": [7, 3], "car_1973": [1, 6], "car_1970": [2, 4], "car_1971": [5, 6], "car_260": [0, 5], "car_261": [2, 4], "car_262": [5, 6], "car_263": [7, 5], "car_264": [1, 3], "car_265": [2, 6], "car_266": [5, 2], "car_267": [1, 6], "car_1572": [7, 2], "car_1573": [4, 2], "car_1570": [2, 6], "car_1571": [5, 3], "car_1576": [3, 5], "car_1577": [6, 5], "car_1574": [0, 6], "car_1575": [1, 6], "car_1578": [5, 3], "car_1579": [7, 3], "car_2971": [1, 3], "car_1370": [7, 3], "car_1371": [1, 5], "car_1372": [3, 0], "car_1373": [4, 2], "car_1374": [6, 7], "car_1375": [0, 2], "car_1376": [2, 0], "car_1377": [5, 2], "car_1378": [7, 2], "car_1379": [1, 0], "car_3014": [4, 5], "car_3254": [2, 3], "car_2600": [0, 3], "car_2975": [2, 5], "car_2974": [0, 5], "car_314": [6, 1], "car_315": [0, 7], "car_316": [5, 4], "car_317": [7, 2], "car_310": [5, 1], "car_311": [7, 4], "car_312": [3, 1], "car_313": [4, 6], "car_318": [4, 3], "car_319": [6, 4], "car_918": [3, 2], "car_919": [0, 1], "car_2719": [5, 4], "car_2718": [2, 6], "car_912": [1, 3], "car_913": [3, 0], "car_910": [6, 5], "car_911": [2, 6], "car_916": [7, 6], "car_917": [1, 7], "car_914": [4, 3], "car_915": [2, 1], "car_1114": [6, 0], "car_1115": [0, 6], "car_1116": [2, 1], "car_1117": [5, 1], "car_1110": [0, 5], "car_1111": [5, 3], "car_1112": [7, 1], "car_1113": [4, 0], "car_1118": [7, 2], "car_1119": [1, 6], "car_1284": [2, 1], "car_1285": [5, 4], "car_1286": [1, 7], "car_1287": [3, 6], "car_1280": [7, 6], "car_1281": [1, 4], "car_1282": [6, 1], "car_1283": [0, 5], "car_2130": [0, 3], "car_1288": [6, 7], "car_1289": [0, 1], "car_2959": [3, 5], "car_2958": [1, 4], "car_2951": [2, 3], "car_2950": [0, 1], "car_2953": [7, 3], "car_2952": [5, 3], "car_2955": [3, 7], "car_2954": [1, 4], "car_2957": [7, 3], "car_2956": [0, 3], "car_2821": [2, 7], "car_2820": [6, 4], "car_1744": [1, 6], "car_2822": [5, 3], "car_2825": [4, 0], "car_2824": [3, 1], "car_2827": [5, 0], "car_2826": [2, 6], "car_2829": [3, 4], "car_2828": [7, 2], "car_1028": [4, 1], "car_1029": [0, 4], "car_1758": [3, 7], "car_1759": [4, 7], "car_2007": [6, 0], "car_2006": [1, 6], "car_2005": [7, 0], "car_2004": [2, 7], "car_1020": [7, 5], "car_1021": [4, 0], "car_1022": [6, 7], "car_1023": [0, 4], "car_1024": [2, 0], "car_1025": [5, 1], "car_1026": [7, 6], "car_1027": [1, 5], "car_1598": [4, 1], "car_1599": [2, 6], "car_1590": [7, 3], "car_1591": [1, 7], "car_1592": [4, 2], "car_1593": [6, 7], "car_1594": [2, 7], "car_1595": [5, 7], "car_1596": [7, 5], "car_1597": [3, 5], "car_2489": [4, 5], "car_2488": [3, 1], "car_2487": [1, 5], "car_2486": [5, 3], "car_2485": [2, 4], "car_2484": [0, 3], "car_2483": [4, 1], "car_2482": [3, 0], "car_1746": [4, 6], "car_2480": [5, 0], "car_862": [7, 6], "car_863": [1, 4], "car_860": [2, 5], "car_861": [5, 3], "car_866": [6, 1], "car_867": [0, 1], "car_864": [3, 7], "car_865": [4, 3], "car_868": [2, 7], "car_869": [5, 7], "car_1741": [2, 0], "car_2137": [2, 7], "car_2136": [0, 6], "car_2135": [4, 3], "car_2134": [3, 0], "car_2133": [1, 6], "car_2132": [7, 0], "car_1628": [1, 3], "car_1629": [4, 6], "car_1626": [5, 4], "car_1627": [7, 2], "car_1624": [0, 5], "car_1625": [2, 0], "car_1622": [4, 7], "car_1623": [6, 0], "car_1620": [1, 7], "car_1621": [3, 2], "car_1740": [0, 1]}