<routes>

	<vType id="car5" accel="100.0" decel="100.0" sigma="0.0" length="5" minGap="5.000000" maxSpeed="11.180000" tau="0.100000" carFollowModel="CACC" color="255,255,255"/>
	<vType id="car6" accel="100.0" decel="100.0" sigma="0.0" length="6" minGap="5.000000" maxSpeed="11.180000" tau="0.100000" carFollowModel="CACC" color="255,255,255"/>
	<vType id="car7" accel="100.0" decel="100.0" sigma="0.0" length="7" minGap="5.000000" maxSpeed="11.180000" tau="0.100000" carFollowModel="CACC" color="255,255,255"/>
	<vType id="car8" accel="100.0" decel="100.0" sigma="0.0" length="8" minGap="5.000000" maxSpeed="11.180000" tau="0.100000" carFollowModel="CACC" color="255,255,255"/>
	<vType id="car9" accel="100.0" decel="100.0" sigma="0.0" length="9" minGap="5.000000" maxSpeed="11.180000" tau="0.100000" carFollowModel="CACC" color="255,255,255"/>

	<route id="0" edges=" 001_001_1"/>
	<route id="2" edges=" 001_002_2"/>
	<route id="5" edges=" 002_001_3"/>
	<route id="7" edges=" 001_001_4"/>
	<route id="1" edges=" 001_002_1"/>
	<route id="3" edges=" 002_002_2"/>
	<route id="4" edges=" 002_002_3"/>
	<route id="6" edges=" 002_001_4"/>

	<vehicle id="car_0" type="car6" route="1" depart="0" departLane = "2" departSpeed="11.180000"/>
	<vehicle id="car_1" type="car6" route="5" depart="1" departLane = "0" departSpeed="11.180000"/>
	<vehicle id="car_2" type="car8" route="2" depart="2" departLane = "1" departSpeed="11.180000"/>
	<vehicle id="car_3" type="car9" route="2" depart="3" departLane = "1" departSpeed="11.180000"/>
	<vehicle id="car_4" type="car8" route="7" depart="4" departLane = "2" departSpeed="11.180000"/>
	<vehicle id="car_5" type="car9" route="2" depart="5" departLane = "1" departSpeed="11.180000"/>
	<vehicle id="car_6" type="car6" route="1" depart="5" departLane = "0" departSpeed="11.180000"/>
	<vehicle id="car_7" type="car8" route="0" depart="7" departLane = "1" departSpeed="11.180000"/>
	<vehicle id="car_8" type="car5" route="0" depart="8" departLane = "0" departSpeed="11.180000"/>
	<vehicle id="car_9" type="car5" route="4" depart="8" departLane = "0" departSpeed="11.180000"/>
	<vehicle id="car_10" type="car9" route="7" depart="9" departLane = "0" departSpeed="11.180000"/>
	<vehicle id="car_11" type="car8" route="7" depart="10" departLane = "1" departSpeed="11.180000"/>
	<vehicle id="car_12" type="car6" route="4" depart="12" departLane = "1" departSpeed="11.180000"/>
	<vehicle id="car_13" type="car8" route="0" depart="14" departLane = "2" departSpeed="11.180000"/>
	<vehicle id="car_14" type="car8" route="7" depart="18" departLane = "0" departSpeed="11.180000"/>
	<vehicle id="car_15" type="car7" route="2" depart="22" departLane = "2" departSpeed="11.180000"/>
	<vehicle id="car_16" type="car8" route="7" depart="22" departLane = "2" departSpeed="11.180000"/>
	<vehicle id="car_17" type="car9" route="3" depart="22" departLane = "2" departSpeed="11.180000"/>
	<vehicle id="car_18" type="car6" route="0" depart="25" departLane = "0" departSpeed="11.180000"/>
	<vehicle id="car_19" type="car7" route="7" depart="25" departLane = "2" departSpeed="11.180000"/>
	<vehicle id="car_20" type="car9" route="5" depart="27" departLane = "1" departSpeed="11.180000"/>
	<vehicle id="car_21" type="car6" route="6" depart="30" departLane = "2" departSpeed="11.180000"/>
	<vehicle id="car_22" type="car5" route="1" depart="31" departLane = "1" departSpeed="11.180000"/>
	<vehicle id="car_23" type="car8" route="5" depart="32" departLane = "1" departSpeed="11.180000"/>
	<vehicle id="car_24" type="car5" route="6" depart="33" departLane = "2" departSpeed="11.180000"/>
	<vehicle id="car_25" type="car6" route="2" depart="34" departLane = "1" departSpeed="11.180000"/>
	<vehicle id="car_26" type="car8" route="3" depart="37" departLane = "2" departSpeed="11.180000"/>
	<vehicle id="car_27" type="car8" route="7" depart="38" departLane = "0" departSpeed="11.180000"/>
	<vehicle id="car_28" type="car9" route="2" depart="39" departLane = "0" departSpeed="11.180000"/>
	<vehicle id="car_29" type="car9" route="1" depart="39" departLane = "0" departSpeed="11.180000"/>
	<vehicle id="car_30" type="car5" route="4" depart="41" departLane = "1" departSpeed="11.180000"/>
	<vehicle id="car_31" type="car6" route="5" depart="44" departLane = "1" departSpeed="11.180000"/>
	<vehicle id="car_32" type="car6" route="0" depart="51" departLane = "1" departSpeed="11.180000"/>
	<vehicle id="car_33" type="car6" route="3" depart="58" departLane = "0" departSpeed="11.180000"/>
	<vehicle id="car_34" type="car5" route="2" depart="60" departLane = "1" departSpeed="11.180000"/>
	<vehicle id="car_35" type="car5" route="2" depart="61" departLane = "1" departSpeed="11.180000"/>
	<vehicle id="car_36" type="car9" route="4" depart="61" departLane = "2" departSpeed="11.180000"/>
	<vehicle id="car_37" type="car7" route="5" depart="64" departLane = "1" departSpeed="11.180000"/>
	<vehicle id="car_38" type="car8" route="0" depart="66" departLane = "1" departSpeed="11.180000"/>
	<vehicle id="car_39" type="car5" route="5" depart="66" departLane = "2" departSpeed="11.180000"/>
	<vehicle id="car_40" type="car9" route="5" depart="67" departLane = "2" departSpeed="11.180000"/>
	<vehicle id="car_41" type="car6" route="0" depart="70" departLane = "2" departSpeed="11.180000"/>
	<vehicle id="car_42" type="car8" route="6" depart="70" departLane = "2" departSpeed="11.180000"/>
	<vehicle id="car_43" type="car6" route="7" depart="73" departLane = "2" departSpeed="11.180000"/>
	<vehicle id="car_44" type="car7" route="1" depart="73" departLane = "2" departSpeed="11.180000"/>
	<vehicle id="car_45" type="car6" route="3" depart="74" departLane = "1" departSpeed="11.180000"/>
	<vehicle id="car_46" type="car6" route="5" depart="76" departLane = "0" departSpeed="11.180000"/>
	<vehicle id="car_47" type="car8" route="4" depart="78" departLane = "2" departSpeed="11.180000"/>
	<vehicle id="car_48" type="car8" route="1" depart="79" departLane = "1" departSpeed="11.180000"/>
	<vehicle id="car_49" type="car8" route="2" depart="80" departLane = "0" departSpeed="11.180000"/>
	<vehicle id="car_50" type="car5" route="5" depart="81" departLane = "0" departSpeed="11.180000"/>
	<vehicle id="car_51" type="car7" route="5" depart="82" departLane = "2" departSpeed="11.180000"/>
	<vehicle id="car_52" type="car6" route="7" depart="83" departLane = "2" departSpeed="11.180000"/>
	<vehicle id="car_53" type="car7" route="2" depart="84" departLane = "2" departSpeed="11.180000"/>
	<vehicle id="car_54" type="car8" route="3" depart="84" departLane = "1" departSpeed="11.180000"/>
	<vehicle id="car_55" type="car5" route="2" depart="85" departLane = "0" departSpeed="11.180000"/>
	<vehicle id="car_56" type="car6" route="7" depart="85" departLane = "2" departSpeed="11.180000"/>
	<vehicle id="car_57" type="car6" route="3" depart="85" departLane = "0" departSpeed="11.180000"/>
	<vehicle id="car_58" type="car6" route="1" depart="87" departLane = "1" departSpeed="11.180000"/>
	<vehicle id="car_59" type="car5" route="0" depart="88" departLane = "1" departSpeed="11.180000"/>
	<vehicle id="car_60" type="car5" route="5" depart="88" departLane = "1" departSpeed="11.180000"/>
	<vehicle id="car_61" type="car7" route="3" depart="88" departLane = "0" departSpeed="11.180000"/>
	<vehicle id="car_62" type="car9" route="3" depart="90" departLane = "1" departSpeed="11.180000"/>
	<vehicle id="car_63" type="car8" route="3" depart="91" departLane = "2" departSpeed="11.180000"/>
	<vehicle id="car_64" type="car5" route="2" depart="92" departLane = "1" departSpeed="11.180000"/>
	<vehicle id="car_65" type="car5" route="4" depart="92" departLane = "1" departSpeed="11.180000"/>
	<vehicle id="car_66" type="car8" route="2" depart="94" departLane = "1" departSpeed="11.180000"/>
	<vehicle id="car_67" type="car7" route="7" depart="94" departLane = "1" departSpeed="11.180000"/>
	<vehicle id="car_68" type="car5" route="4" depart="96" departLane = "0" departSpeed="11.180000"/>
	<vehicle id="car_69" type="car7" route="0" depart="97" departLane = "0" departSpeed="11.180000"/>
	<vehicle id="car_70" type="car7" route="3" depart="97" departLane = "1" departSpeed="11.180000"/>
	<vehicle id="car_71" type="car7" route="1" depart="98" departLane = "2" departSpeed="11.180000"/>
	<vehicle id="car_72" type="car6" route="3" depart="99" departLane = "1" departSpeed="11.180000"/>
	<vehicle id="car_73" type="car9" route="6" depart="99" departLane = "0" departSpeed="11.180000"/>
	<vehicle id="car_74" type="car7" route="2" depart="101" departLane = "1" departSpeed="11.180000"/>
	<vehicle id="car_75" type="car8" route="1" depart="104" departLane = "2" departSpeed="11.180000"/>
	<vehicle id="car_76" type="car7" route="3" depart="104" departLane = "0" departSpeed="11.180000"/>
	<vehicle id="car_77" type="car9" route="4" depart="104" departLane = "1" departSpeed="11.180000"/>
	<vehicle id="car_78" type="car7" route="3" depart="105" departLane = "1" departSpeed="11.180000"/>
	<vehicle id="car_79" type="car9" route="6" depart="107" departLane = "1" departSpeed="11.180000"/>
	<vehicle id="car_80" type="car7" route="0" depart="108" departLane = "2" departSpeed="11.180000"/>
	<vehicle id="car_81" type="car6" route="7" depart="109" departLane = "0" departSpeed="11.180000"/>
	<vehicle id="car_82" type="car9" route="1" depart="109" departLane = "2" departSpeed="11.180000"/>
	<vehicle id="car_83" type="car6" route="0" depart="112" departLane = "0" departSpeed="11.180000"/>
	<vehicle id="car_84" type="car5" route="5" depart="113" departLane = "0" departSpeed="11.180000"/>
	<vehicle id="car_85" type="car6" route="6" depart="113" departLane = "1" departSpeed="11.180000"/>
	<vehicle id="car_86" type="car8" route="1" depart="116" departLane = "0" departSpeed="11.180000"/>
	<vehicle id="car_87" type="car9" route="4" depart="117" departLane = "0" departSpeed="11.180000"/>
	<vehicle id="car_88" type="car8" route="4" depart="118" departLane = "0" departSpeed="11.180000"/>
	<vehicle id="car_89" type="car6" route="2" depart="119" departLane = "2" departSpeed="11.180000"/>
	<vehicle id="car_90" type="car5" route="1" depart="121" departLane = "1" departSpeed="11.180000"/>
	<vehicle id="car_91" type="car8" route="4" depart="121" departLane = "2" departSpeed="11.180000"/>
	<vehicle id="car_92" type="car5" route="1" depart="124" departLane = "2" departSpeed="11.180000"/>
	<vehicle id="car_93" type="car7" route="6" depart="124" departLane = "1" departSpeed="11.180000"/>
	<vehicle id="car_94" type="car6" route="1" depart="126" departLane = "0" departSpeed="11.180000"/>
	<vehicle id="car_95" type="car6" route="0" depart="128" departLane = "2" departSpeed="11.180000"/>
	<vehicle id="car_96" type="car9" route="6" depart="129" departLane = "0" departSpeed="11.180000"/>
	<vehicle id="car_97" type="car8" route="0" depart="130" departLane = "2" departSpeed="11.180000"/>
	<vehicle id="car_98" type="car6" route="6" depart="130" departLane = "2" departSpeed="11.180000"/>
	<vehicle id="car_99" type="car5" route="5" depart="132" departLane = "1" departSpeed="11.180000"/>
	<vehicle id="car_100" type="car7" route="4" depart="132" departLane = "0" departSpeed="11.180000"/>
	<vehicle id="car_101" type="car8" route="0" depart="133" departLane = "1" departSpeed="11.180000"/>
	<vehicle id="car_102" type="car6" route="7" depart="133" departLane = "1" departSpeed="11.180000"/>
	<vehicle id="car_103" type="car6" route="0" depart="134" departLane = "0" departSpeed="11.180000"/>
	<vehicle id="car_104" type="car5" route="1" depart="134" departLane = "2" departSpeed="11.180000"/>
	<vehicle id="car_105" type="car5" route="1" depart="135" departLane = "2" departSpeed="11.180000"/>
	<vehicle id="car_106" type="car7" route="6" depart="135" departLane = "2" departSpeed="11.180000"/>
	<vehicle id="car_107" type="car6" route="3" depart="137" departLane = "2" departSpeed="11.180000"/>
	<vehicle id="car_108" type="car9" route="0" depart="138" departLane = "1" departSpeed="11.180000"/>
	<vehicle id="car_109" type="car9" route="2" depart="140" departLane = "2" departSpeed="11.180000"/>
	<vehicle id="car_110" type="car7" route="6" depart="141" departLane = "2" departSpeed="11.180000"/>
	<vehicle id="car_111" type="car8" route="1" depart="142" departLane = "1" departSpeed="11.180000"/>
	<vehicle id="car_112" type="car7" route="6" depart="142" departLane = "0" departSpeed="11.180000"/>
	<vehicle id="car_113" type="car8" route="5" depart="144" departLane = "2" departSpeed="11.180000"/>
	<vehicle id="car_114" type="car8" route="4" depart="146" departLane = "1" departSpeed="11.180000"/>
	<vehicle id="car_115" type="car7" route="2" depart="147" departLane = "1" departSpeed="11.180000"/>
	<vehicle id="car_116" type="car5" route="6" depart="147" departLane = "1" departSpeed="11.180000"/>
	<vehicle id="car_117" type="car8" route="2" depart="148" departLane = "2" departSpeed="11.180000"/>
	<vehicle id="car_118" type="car8" route="6" depart="148" departLane = "0" departSpeed="11.180000"/>
	<vehicle id="car_119" type="car9" route="6" depart="149" departLane = "1" departSpeed="11.180000"/>
	<vehicle id="car_120" type="car8" route="5" depart="150" departLane = "1" departSpeed="11.180000"/>
	<vehicle id="car_121" type="car6" route="1" depart="150" departLane = "2" departSpeed="11.180000"/>
	<vehicle id="car_122" type="car6" route="2" depart="151" departLane = "1" departSpeed="11.180000"/>
	<vehicle id="car_123" type="car6" route="6" depart="151" departLane = "0" departSpeed="11.180000"/>
	<vehicle id="car_124" type="car9" route="7" depart="152" departLane = "1" departSpeed="11.180000"/>
	<vehicle id="car_125" type="car5" route="4" depart="153" departLane = "2" departSpeed="11.180000"/>
	<vehicle id="car_126" type="car7" route="2" depart="154" departLane = "0" departSpeed="11.180000"/>
	<vehicle id="car_127" type="car5" route="4" depart="154" departLane = "1" departSpeed="11.180000"/>
	<vehicle id="car_128" type="car5" route="1" depart="155" departLane = "0" departSpeed="11.180000"/>
	<vehicle id="car_129" type="car6" route="2" depart="156" departLane = "1" departSpeed="11.180000"/>
	<vehicle id="car_130" type="car7" route="2" depart="157" departLane = "2" departSpeed="11.180000"/>
	<vehicle id="car_131" type="car5" route="5" depart="160" departLane = "2" departSpeed="11.180000"/>
	<vehicle id="car_132" type="car7" route="4" depart="163" departLane = "1" departSpeed="11.180000"/>
	<vehicle id="car_133" type="car9" route="5" depart="165" departLane = "2" departSpeed="11.180000"/>
	<vehicle id="car_134" type="car6" route="5" depart="166" departLane = "2" departSpeed="11.180000"/>
	<vehicle id="car_135" type="car7" route="5" depart="168" departLane = "0" departSpeed="11.180000"/>
	<vehicle id="car_136" type="car7" route="6" depart="170" departLane = "1" departSpeed="11.180000"/>
	<vehicle id="car_137" type="car5" route="1" depart="171" departLane = "1" departSpeed="11.180000"/>
	<vehicle id="car_138" type="car9" route="3" depart="173" departLane = "0" departSpeed="11.180000"/>
	<vehicle id="car_139" type="car7" route="7" depart="175" departLane = "0" departSpeed="11.180000"/>
	<vehicle id="car_140" type="car5" route="4" depart="176" departLane = "2" departSpeed="11.180000"/>
	<vehicle id="car_141" type="car5" route="6" depart="183" departLane = "0" departSpeed="11.180000"/>
	<vehicle id="car_142" type="car6" route="2" depart="184" departLane = "0" departSpeed="11.180000"/>
	<vehicle id="car_143" type="car9" route="4" depart="184" departLane = "2" departSpeed="11.180000"/>
	<vehicle id="car_144" type="car5" route="2" depart="185" departLane = "1" departSpeed="11.180000"/>
	<vehicle id="car_145" type="car7" route="7" depart="186" departLane = "1" departSpeed="11.180000"/>
	<vehicle id="car_146" type="car8" route="0" depart="187" departLane = "0" departSpeed="11.180000"/>
	<vehicle id="car_147" type="car8" route="1" depart="188" departLane = "0" departSpeed="11.180000"/>
	<vehicle id="car_148" type="car9" route="3" depart="188" departLane = "0" departSpeed="11.180000"/>
	<vehicle id="car_149" type="car9" route="3" depart="189" departLane = "1" departSpeed="11.180000"/>
	<vehicle id="car_150" type="car6" route="5" depart="190" departLane = "2" departSpeed="11.180000"/>
	<vehicle id="car_151" type="car6" route="4" depart="192" departLane = "2" departSpeed="11.180000"/>
	<vehicle id="car_152" type="car6" route="0" depart="193" departLane = "2" departSpeed="11.180000"/>
	<vehicle id="car_153" type="car7" route="3" depart="195" departLane = "0" departSpeed="11.180000"/>
	<vehicle id="car_154" type="car5" route="3" depart="196" departLane = "0" departSpeed="11.180000"/>
	<vehicle id="car_155" type="car6" route="4" depart="196" departLane = "1" departSpeed="11.180000"/>
	<vehicle id="car_156" type="car9" route="1" depart="201" departLane = "2" departSpeed="11.180000"/>
	<vehicle id="car_157" type="car6" route="7" depart="202" departLane = "0" departSpeed="11.180000"/>
	<vehicle id="car_158" type="car9" route="4" depart="202" departLane = "0" departSpeed="11.180000"/>
	<vehicle id="car_159" type="car7" route="0" depart="203" departLane = "1" departSpeed="11.180000"/>
	<vehicle id="car_160" type="car7" route="3" depart="203" departLane = "2" departSpeed="11.180000"/>
	<vehicle id="car_161" type="car6" route="1" depart="205" departLane = "2" departSpeed="11.180000"/>
	<vehicle id="car_162" type="car6" route="6" depart="205" departLane = "1" departSpeed="11.180000"/>
	<vehicle id="car_163" type="car9" route="2" depart="206" departLane = "2" departSpeed="11.180000"/>
	<vehicle id="car_164" type="car7" route="3" depart="208" departLane = "1" departSpeed="11.180000"/>
	<vehicle id="car_165" type="car9" route="4" depart="209" departLane = "0" departSpeed="11.180000"/>
	<vehicle id="car_166" type="car8" route="7" depart="212" departLane = "1" departSpeed="11.180000"/>
	<vehicle id="car_167" type="car9" route="2" depart="213" departLane = "2" departSpeed="11.180000"/>
	<vehicle id="car_168" type="car5" route="6" depart="213" departLane = "2" departSpeed="11.180000"/>
	<vehicle id="car_169" type="car7" route="6" depart="214" departLane = "1" departSpeed="11.180000"/>
	<vehicle id="car_170" type="car7" route="0" depart="217" departLane = "1" departSpeed="11.180000"/>
	<vehicle id="car_171" type="car8" route="2" depart="217" departLane = "0" departSpeed="11.180000"/>
	<vehicle id="car_172" type="car8" route="1" depart="217" departLane = "2" departSpeed="11.180000"/>
	<vehicle id="car_173" type="car5" route="7" depart="219" departLane = "2" departSpeed="11.180000"/>
	<vehicle id="car_174" type="car9" route="6" depart="219" departLane = "2" departSpeed="11.180000"/>
	<vehicle id="car_175" type="car6" route="1" depart="221" departLane = "0" departSpeed="11.180000"/>
	<vehicle id="car_176" type="car7" route="2" depart="224" departLane = "1" departSpeed="11.180000"/>
	<vehicle id="car_177" type="car9" route="2" depart="230" departLane = "2" departSpeed="11.180000"/>
	<vehicle id="car_178" type="car9" route="5" depart="231" departLane = "1" departSpeed="11.180000"/>
	<vehicle id="car_179" type="car8" route="2" depart="232" departLane = "1" departSpeed="11.180000"/>
	<vehicle id="car_180" type="car6" route="7" depart="232" departLane = "1" departSpeed="11.180000"/>
	<vehicle id="car_181" type="car6" route="5" depart="234" departLane = "0" departSpeed="11.180000"/>
	<vehicle id="car_182" type="car7" route="5" depart="237" departLane = "1" departSpeed="11.180000"/>
	<vehicle id="car_183" type="car8" route="5" depart="238" departLane = "2" departSpeed="11.180000"/>
	<vehicle id="car_184" type="car9" route="2" depart="241" departLane = "1" departSpeed="11.180000"/>
	<vehicle id="car_185" type="car8" route="7" depart="242" departLane = "1" departSpeed="11.180000"/>
	<vehicle id="car_186" type="car8" route="7" depart="244" departLane = "2" departSpeed="11.180000"/>
	<vehicle id="car_187" type="car9" route="6" depart="244" departLane = "0" departSpeed="11.180000"/>
	<vehicle id="car_188" type="car8" route="1" depart="245" departLane = "1" departSpeed="11.180000"/>
	<vehicle id="car_189" type="car7" route="3" depart="246" departLane = "0" departSpeed="11.180000"/>
	<vehicle id="car_190" type="car6" route="1" depart="250" departLane = "1" departSpeed="11.180000"/>
	<vehicle id="car_191" type="car5" route="2" depart="252" departLane = "1" departSpeed="11.180000"/>
	<vehicle id="car_192" type="car5" route="5" depart="252" departLane = "1" departSpeed="11.180000"/>
	<vehicle id="car_193" type="car8" route="5" depart="255" departLane = "2" departSpeed="11.180000"/>
	<vehicle id="car_194" type="car9" route="1" depart="255" departLane = "1" departSpeed="11.180000"/>
	<vehicle id="car_195" type="car5" route="4" depart="256" departLane = "2" departSpeed="11.180000"/>
	<vehicle id="car_196" type="car5" route="4" depart="257" departLane = "0" departSpeed="11.180000"/>
	<vehicle id="car_197" type="car5" route="2" depart="258" departLane = "2" departSpeed="11.180000"/>
	<vehicle id="car_198" type="car8" route="1" depart="260" departLane = "1" departSpeed="11.180000"/>
	<vehicle id="car_199" type="car5" route="4" depart="260" departLane = "2" departSpeed="11.180000"/>
	<vehicle id="car_200" type="car7" route="0" depart="261" departLane = "0" departSpeed="11.180000"/>
	<vehicle id="car_201" type="car6" route="2" depart="261" departLane = "0" departSpeed="11.180000"/>
	<vehicle id="car_202" type="car6" route="3" depart="264" departLane = "2" departSpeed="11.180000"/>
	<vehicle id="car_203" type="car8" route="6" depart="265" departLane = "1" departSpeed="11.180000"/>
	<vehicle id="car_204" type="car6" route="5" depart="266" departLane = "0" departSpeed="11.180000"/>
	<vehicle id="car_205" type="car8" route="7" depart="266" departLane = "0" departSpeed="11.180000"/>
	<vehicle id="car_206" type="car6" route="4" depart="268" departLane = "0" departSpeed="11.180000"/>
	<vehicle id="car_207" type="car5" route="0" depart="270" departLane = "0" departSpeed="11.180000"/>
	<vehicle id="car_208" type="car8" route="3" depart="270" departLane = "2" departSpeed="11.180000"/>
	<vehicle id="car_209" type="car5" route="0" depart="272" departLane = "2" departSpeed="11.180000"/>
	<vehicle id="car_210" type="car7" route="3" depart="272" departLane = "2" departSpeed="11.180000"/>
	<vehicle id="car_211" type="car8" route="7" depart="273" departLane = "2" departSpeed="11.180000"/>
	<vehicle id="car_212" type="car5" route="2" depart="274" departLane = "1" departSpeed="11.180000"/>
	<vehicle id="car_213" type="car5" route="7" depart="275" departLane = "1" departSpeed="11.180000"/>
	<vehicle id="car_214" type="car5" route="3" depart="275" departLane = "1" departSpeed="11.180000"/>
	<vehicle id="car_215" type="car9" route="6" depart="275" departLane = "2" departSpeed="11.180000"/>
	<vehicle id="car_216" type="car9" route="1" depart="276" departLane = "2" departSpeed="11.180000"/>
	<vehicle id="car_217" type="car5" route="3" depart="276" departLane = "2" departSpeed="11.180000"/>
	<vehicle id="car_218" type="car9" route="5" depart="277" departLane = "0" departSpeed="11.180000"/>
	<vehicle id="car_219" type="car5" route="3" depart="278" departLane = "1" departSpeed="11.180000"/>
	<vehicle id="car_220" type="car5" route="5" depart="279" departLane = "1" departSpeed="11.180000"/>
	<vehicle id="car_221" type="car6" route="6" depart="280" departLane = "0" departSpeed="11.180000"/>
	<vehicle id="car_222" type="car9" route="3" depart="281" departLane = "0" departSpeed="11.180000"/>
	<vehicle id="car_223" type="car8" route="2" depart="283" departLane = "1" departSpeed="11.180000"/>
	<vehicle id="car_224" type="car5" route="4" depart="283" departLane = "0" departSpeed="11.180000"/>
	<vehicle id="car_225" type="car8" route="6" depart="286" departLane = "1" departSpeed="11.180000"/>
	<vehicle id="car_226" type="car7" route="0" depart="287" departLane = "1" departSpeed="11.180000"/>
	<vehicle id="car_227" type="car9" route="6" depart="289" departLane = "2" departSpeed="11.180000"/>
	<vehicle id="car_228" type="car5" route="0" depart="291" departLane = "0" departSpeed="11.180000"/>
	<vehicle id="car_229" type="car9" route="0" depart="292" departLane = "1" departSpeed="11.180000"/>
	<vehicle id="car_230" type="car6" route="3" depart="292" departLane = "2" departSpeed="11.180000"/>
	<vehicle id="car_231" type="car6" route="2" depart="295" departLane = "0" departSpeed="11.180000"/>
	<vehicle id="car_232" type="car6" route="4" depart="295" departLane = "0" departSpeed="11.180000"/>
	<vehicle id="car_233" type="car9" route="3" depart="297" departLane = "0" departSpeed="11.180000"/>
	<vehicle id="car_234" type="car5" route="3" depart="298" departLane = "0" departSpeed="11.180000"/>
	<vehicle id="car_235" type="car8" route="7" depart="304" departLane = "2" departSpeed="11.180000"/>
	<vehicle id="car_236" type="car7" route="1" depart="305" departLane = "2" departSpeed="11.180000"/>
	<vehicle id="car_237" type="car8" route="2" depart="306" departLane = "1" departSpeed="11.180000"/>
	<vehicle id="car_238" type="car7" route="4" depart="306" departLane = "0" departSpeed="11.180000"/>
	<vehicle id="car_239" type="car9" route="6" depart="308" departLane = "1" departSpeed="11.180000"/>
	<vehicle id="car_240" type="car8" route="6" depart="311" departLane = "1" departSpeed="11.180000"/>
	<vehicle id="car_241" type="car8" route="1" depart="312" departLane = "0" departSpeed="11.180000"/>
	<vehicle id="car_242" type="car8" route="6" depart="312" departLane = "1" departSpeed="11.180000"/>
	<vehicle id="car_243" type="car6" route="5" depart="314" departLane = "2" departSpeed="11.180000"/>
	<vehicle id="car_244" type="car7" route="7" depart="314" departLane = "0" departSpeed="11.180000"/>
	<vehicle id="car_245" type="car6" route="7" depart="315" departLane = "1" departSpeed="11.180000"/>
	<vehicle id="car_246" type="car8" route="6" depart="315" departLane = "1" departSpeed="11.180000"/>
	<vehicle id="car_247" type="car8" route="0" depart="316" departLane = "1" departSpeed="11.180000"/>
	<vehicle id="car_248" type="car8" route="6" depart="317" departLane = "1" departSpeed="11.180000"/>
	<vehicle id="car_249" type="car5" route="6" depart="319" departLane = "0" departSpeed="11.180000"/>
	<vehicle id="car_250" type="car5" route="5" depart="320" departLane = "1" departSpeed="11.180000"/>
	<vehicle id="car_251" type="car7" route="0" depart="323" departLane = "0" departSpeed="11.180000"/>
	<vehicle id="car_252" type="car6" route="2" depart="323" departLane = "1" departSpeed="11.180000"/>
	<vehicle id="car_253" type="car6" route="7" depart="323" departLane = "1" departSpeed="11.180000"/>
	<vehicle id="car_254" type="car9" route="6" depart="326" departLane = "2" departSpeed="11.180000"/>
	<vehicle id="car_255" type="car5" route="7" depart="327" departLane = "1" departSpeed="11.180000"/>
	<vehicle id="car_256" type="car7" route="6" depart="329" departLane = "0" departSpeed="11.180000"/>
	<vehicle id="car_257" type="car5" route="1" depart="331" departLane = "0" departSpeed="11.180000"/>
	<vehicle id="car_258" type="car5" route="4" depart="331" departLane = "2" departSpeed="11.180000"/>
	<vehicle id="car_259" type="car5" route="4" depart="333" departLane = "2" departSpeed="11.180000"/>
	<vehicle id="car_260" type="car9" route="2" depart="334" departLane = "1" departSpeed="11.180000"/>
	<vehicle id="car_261" type="car7" route="7" depart="334" departLane = "1" departSpeed="11.180000"/>
	<vehicle id="car_262" type="car8" route="7" depart="335" departLane = "2" departSpeed="11.180000"/>
	<vehicle id="car_263" type="car7" route="6" depart="335" departLane = "1" departSpeed="11.180000"/>
	<vehicle id="car_264" type="car9" route="6" depart="336" departLane = "1" departSpeed="11.180000"/>
	<vehicle id="car_265" type="car7" route="4" depart="338" departLane = "2" departSpeed="11.180000"/>
	<vehicle id="car_266" type="car6" route="5" depart="339" departLane = "0" departSpeed="11.180000"/>
	<vehicle id="car_267" type="car5" route="2" depart="340" departLane = "1" departSpeed="11.180000"/>
	<vehicle id="car_268" type="car5" route="1" depart="340" departLane = "0" departSpeed="11.180000"/>
	<vehicle id="car_269" type="car5" route="0" depart="341" departLane = "0" departSpeed="11.180000"/>
	<vehicle id="car_270" type="car8" route="5" depart="341" departLane = "2" departSpeed="11.180000"/>
	<vehicle id="car_271" type="car8" route="7" depart="341" departLane = "0" departSpeed="11.180000"/>
	<vehicle id="car_272" type="car7" route="3" depart="341" departLane = "2" departSpeed="11.180000"/>
	<vehicle id="car_273" type="car9" route="7" depart="342" departLane = "1" departSpeed="11.180000"/>
	<vehicle id="car_274" type="car7" route="6" depart="342" departLane = "2" departSpeed="11.180000"/>
	<vehicle id="car_275" type="car9" route="5" depart="344" departLane = "1" departSpeed="11.180000"/>
	<vehicle id="car_276" type="car5" route="2" depart="347" departLane = "1" departSpeed="11.180000"/>
	<vehicle id="car_277" type="car6" route="6" depart="347" departLane = "2" departSpeed="11.180000"/>
	<vehicle id="car_278" type="car7" route="3" depart="348" departLane = "1" departSpeed="11.180000"/>
	<vehicle id="car_279" type="car8" route="3" depart="349" departLane = "0" departSpeed="11.180000"/>
	<vehicle id="car_280" type="car6" route="6" depart="350" departLane = "2" departSpeed="11.180000"/>
	<vehicle id="car_281" type="car6" route="0" depart="351" departLane = "2" departSpeed="11.180000"/>
	<vehicle id="car_282" type="car8" route="7" depart="351" departLane = "2" departSpeed="11.180000"/>
	<vehicle id="car_283" type="car8" route="4" depart="351" departLane = "0" departSpeed="11.180000"/>
	<vehicle id="car_284" type="car5" route="0" depart="352" departLane = "1" departSpeed="11.180000"/>
	<vehicle id="car_285" type="car7" route="4" depart="356" departLane = "1" departSpeed="11.180000"/>
	<vehicle id="car_286" type="car6" route="0" depart="358" departLane = "2" departSpeed="11.180000"/>
	<vehicle id="car_287" type="car9" route="4" depart="358" departLane = "2" departSpeed="11.180000"/>
	<vehicle id="car_288" type="car9" route="4" depart="360" departLane = "0" departSpeed="11.180000"/>
	<vehicle id="car_289" type="car9" route="6" depart="361" departLane = "2" departSpeed="11.180000"/>
	<vehicle id="car_290" type="car9" route="1" depart="362" departLane = "0" departSpeed="11.180000"/>
	<vehicle id="car_291" type="car8" route="6" depart="362" departLane = "0" departSpeed="11.180000"/>
	<vehicle id="car_292" type="car5" route="1" depart="363" departLane = "2" departSpeed="11.180000"/>
	<vehicle id="car_293" type="car9" route="0" depart="364" departLane = "1" departSpeed="11.180000"/>
	<vehicle id="car_294" type="car6" route="5" depart="366" departLane = "0" departSpeed="11.180000"/>
	<vehicle id="car_295" type="car9" route="5" depart="374" departLane = "1" departSpeed="11.180000"/>
	<vehicle id="car_296" type="car5" route="4" depart="376" departLane = "1" departSpeed="11.180000"/>
	<vehicle id="car_297" type="car8" route="2" depart="378" departLane = "1" departSpeed="11.180000"/>
	<vehicle id="car_298" type="car5" route="2" depart="379" departLane = "0" departSpeed="11.180000"/>
	<vehicle id="car_299" type="car6" route="0" depart="381" departLane = "2" departSpeed="11.180000"/>
	<vehicle id="car_300" type="car8" route="5" depart="381" departLane = "2" departSpeed="11.180000"/>
	<vehicle id="car_301" type="car8" route="7" depart="381" departLane = "0" departSpeed="11.180000"/>
	<vehicle id="car_302" type="car7" route="5" depart="382" departLane = "0" departSpeed="11.180000"/>
	<vehicle id="car_303" type="car5" route="1" depart="382" departLane = "1" departSpeed="11.180000"/>
	<vehicle id="car_304" type="car5" route="4" depart="382" departLane = "0" departSpeed="11.180000"/>
	<vehicle id="car_305" type="car9" route="1" depart="385" departLane = "2" departSpeed="11.180000"/>
	<vehicle id="car_306" type="car8" route="6" depart="385" departLane = "1" departSpeed="11.180000"/>
	<vehicle id="car_307" type="car6" route="6" depart="387" departLane = "1" departSpeed="11.180000"/>
	<vehicle id="car_308" type="car8" route="7" depart="391" departLane = "0" departSpeed="11.180000"/>
	<vehicle id="car_309" type="car9" route="5" depart="393" departLane = "2" departSpeed="11.180000"/>
	<vehicle id="car_310" type="car8" route="6" depart="393" departLane = "0" departSpeed="11.180000"/>
	<vehicle id="car_311" type="car7" route="6" depart="395" departLane = "1" departSpeed="11.180000"/>
	<vehicle id="car_312" type="car8" route="2" depart="399" departLane = "2" departSpeed="11.180000"/>
	<vehicle id="car_313" type="car5" route="3" depart="399" departLane = "1" departSpeed="11.180000"/>
	<vehicle id="car_314" type="car8" route="6" depart="401" departLane = "0" departSpeed="11.180000"/>
	<vehicle id="car_315" type="car8" route="6" depart="404" departLane = "1" departSpeed="11.180000"/>
	<vehicle id="car_316" type="car6" route="5" depart="405" departLane = "0" departSpeed="11.180000"/>
	<vehicle id="car_317" type="car7" route="5" depart="406" departLane = "2" departSpeed="11.180000"/>
	<vehicle id="car_318" type="car9" route="1" depart="406" departLane = "1" departSpeed="11.180000"/>
	<vehicle id="car_319" type="car6" route="7" depart="408" departLane = "0" departSpeed="11.180000"/>
	<vehicle id="car_320" type="car5" route="6" depart="408" departLane = "1" departSpeed="11.180000"/>
	<vehicle id="car_321" type="car6" route="2" depart="409" departLane = "1" departSpeed="11.180000"/>
	<vehicle id="car_322" type="car5" route="7" depart="410" departLane = "1" departSpeed="11.180000"/>
	<vehicle id="car_323" type="car6" route="4" depart="410" departLane = "0" departSpeed="11.180000"/>
	<vehicle id="car_324" type="car5" route="2" depart="412" departLane = "0" departSpeed="11.180000"/>
	<vehicle id="car_325" type="car7" route="6" depart="412" departLane = "1" departSpeed="11.180000"/>
	<vehicle id="car_326" type="car9" route="0" depart="413" departLane = "2" departSpeed="11.180000"/>
	<vehicle id="car_327" type="car7" route="1" depart="415" departLane = "1" departSpeed="11.180000"/>
	<vehicle id="car_328" type="car7" route="0" depart="417" departLane = "0" departSpeed="11.180000"/>
	<vehicle id="car_329" type="car5" route="4" depart="417" departLane = "1" departSpeed="11.180000"/>
	<vehicle id="car_330" type="car6" route="2" depart="418" departLane = "0" departSpeed="11.180000"/>
	<vehicle id="car_331" type="car8" route="2" depart="420" departLane = "1" departSpeed="11.180000"/>
	<vehicle id="car_332" type="car5" route="4" depart="421" departLane = "2" departSpeed="11.180000"/>
	<vehicle id="car_333" type="car6" route="6" depart="421" departLane = "0" departSpeed="11.180000"/>
	<vehicle id="car_334" type="car5" route="6" depart="422" departLane = "0" departSpeed="11.180000"/>
	<vehicle id="car_335" type="car5" route="5" depart="426" departLane = "1" departSpeed="11.180000"/>
	<vehicle id="car_336" type="car8" route="1" depart="427" departLane = "1" departSpeed="11.180000"/>
	<vehicle id="car_337" type="car9" route="5" depart="429" departLane = "2" departSpeed="11.180000"/>
	<vehicle id="car_338" type="car6" route="1" depart="429" departLane = "0" departSpeed="11.180000"/>
	<vehicle id="car_339" type="car7" route="7" depart="430" departLane = "2" departSpeed="11.180000"/>
	<vehicle id="car_340" type="car9" route="3" depart="433" departLane = "0" departSpeed="11.180000"/>
	<vehicle id="car_341" type="car7" route="2" depart="435" departLane = "1" departSpeed="11.180000"/>
	<vehicle id="car_342" type="car5" route="3" depart="436" departLane = "1" departSpeed="11.180000"/>
	<vehicle id="car_343" type="car8" route="6" depart="436" departLane = "1" departSpeed="11.180000"/>
	<vehicle id="car_344" type="car5" route="3" depart="437" departLane = "2" departSpeed="11.180000"/>
	<vehicle id="car_345" type="car5" route="4" depart="437" departLane = "1" departSpeed="11.180000"/>
	<vehicle id="car_346" type="car5" route="0" depart="439" departLane = "2" departSpeed="11.180000"/>
	<vehicle id="car_347" type="car6" route="1" depart="439" departLane = "0" departSpeed="11.180000"/>
	<vehicle id="car_348" type="car5" route="6" depart="442" departLane = "0" departSpeed="11.180000"/>
	<vehicle id="car_349" type="car8" route="5" depart="443" departLane = "1" departSpeed="11.180000"/>
	<vehicle id="car_350" type="car8" route="3" depart="444" departLane = "2" departSpeed="11.180000"/>
	<vehicle id="car_351" type="car9" route="3" depart="446" departLane = "2" departSpeed="11.180000"/>
	<vehicle id="car_352" type="car9" route="7" depart="447" departLane = "1" departSpeed="11.180000"/>
	<vehicle id="car_353" type="car8" route="0" depart="449" departLane = "1" departSpeed="11.180000"/>
	<vehicle id="car_354" type="car6" route="7" depart="450" departLane = "2" departSpeed="11.180000"/>
	<vehicle id="car_355" type="car5" route="6" depart="450" departLane = "2" departSpeed="11.180000"/>
	<vehicle id="car_356" type="car9" route="0" depart="451" departLane = "0" departSpeed="11.180000"/>
	<vehicle id="car_357" type="car5" route="2" depart="453" departLane = "2" departSpeed="11.180000"/>
	<vehicle id="car_358" type="car6" route="6" depart="456" departLane = "0" departSpeed="11.180000"/>
	<vehicle id="car_359" type="car7" route="2" depart="457" departLane = "1" departSpeed="11.180000"/>
	<vehicle id="car_360" type="car8" route="1" depart="457" departLane = "0" departSpeed="11.180000"/>
	<vehicle id="car_361" type="car8" route="2" depart="458" departLane = "0" departSpeed="11.180000"/>
	<vehicle id="car_362" type="car6" route="5" depart="458" departLane = "2" departSpeed="11.180000"/>
	<vehicle id="car_363" type="car8" route="7" depart="459" departLane = "0" departSpeed="11.180000"/>
	<vehicle id="car_364" type="car6" route="1" depart="459" departLane = "0" departSpeed="11.180000"/>
	<vehicle id="car_365" type="car8" route="1" depart="461" departLane = "2" departSpeed="11.180000"/>
	<vehicle id="car_366" type="car7" route="0" depart="463" departLane = "2" departSpeed="11.180000"/>
	<vehicle id="car_367" type="car5" route="2" depart="465" departLane = "2" departSpeed="11.180000"/>
	<vehicle id="car_368" type="car7" route="4" depart="465" departLane = "1" departSpeed="11.180000"/>
	<vehicle id="car_369" type="car7" route="2" depart="466" departLane = "1" departSpeed="11.180000"/>
	<vehicle id="car_370" type="car7" route="6" depart="468" departLane = "2" departSpeed="11.180000"/>
	<vehicle id="car_371" type="car5" route="7" depart="472" departLane = "0" departSpeed="11.180000"/>
	<vehicle id="car_372" type="car6" route="6" depart="472" departLane = "1" departSpeed="11.180000"/>
	<vehicle id="car_373" type="car6" route="0" depart="474" departLane = "0" departSpeed="11.180000"/>
	<vehicle id="car_374" type="car8" route="3" depart="474" departLane = "1" departSpeed="11.180000"/>
	<vehicle id="car_375" type="car7" route="4" depart="475" departLane = "2" departSpeed="11.180000"/>
	<vehicle id="car_376" type="car9" route="2" depart="478" departLane = "2" departSpeed="11.180000"/>
	<vehicle id="car_377" type="car8" route="5" depart="478" departLane = "0" departSpeed="11.180000"/>
	<vehicle id="car_378" type="car7" route="2" depart="480" departLane = "2" departSpeed="11.180000"/>
	<vehicle id="car_379" type="car8" route="5" depart="480" departLane = "1" departSpeed="11.180000"/>
	<vehicle id="car_380" type="car5" route="7" depart="480" departLane = "0" departSpeed="11.180000"/>
	<vehicle id="car_381" type="car9" route="5" depart="481" departLane = "0" departSpeed="11.180000"/>
	<vehicle id="car_382" type="car8" route="6" depart="481" departLane = "2" departSpeed="11.180000"/>
	<vehicle id="car_383" type="car5" route="3" depart="482" departLane = "1" departSpeed="11.180000"/>
	<vehicle id="car_384" type="car6" route="2" depart="483" departLane = "2" departSpeed="11.180000"/>
	<vehicle id="car_385" type="car8" route="6" depart="483" departLane = "2" departSpeed="11.180000"/>
	<vehicle id="car_386" type="car9" route="4" depart="485" departLane = "2" departSpeed="11.180000"/>
	<vehicle id="car_387" type="car6" route="7" depart="486" departLane = "1" departSpeed="11.180000"/>
	<vehicle id="car_388" type="car6" route="0" depart="487" departLane = "0" departSpeed="11.180000"/>
	<vehicle id="car_389" type="car8" route="5" depart="488" departLane = "1" departSpeed="11.180000"/>
	<vehicle id="car_390" type="car7" route="7" depart="488" departLane = "0" departSpeed="11.180000"/>
	<vehicle id="car_391" type="car5" route="5" depart="489" departLane = "1" departSpeed="11.180000"/>
	<vehicle id="car_392" type="car5" route="2" depart="490" departLane = "2" departSpeed="11.180000"/>
	<vehicle id="car_393" type="car9" route="2" depart="492" departLane = "0" departSpeed="11.180000"/>
	<vehicle id="car_394" type="car6" route="1" depart="492" departLane = "0" departSpeed="11.180000"/>
	<vehicle id="car_395" type="car7" route="4" depart="494" departLane = "0" departSpeed="11.180000"/>
	<vehicle id="car_396" type="car9" route="4" depart="495" departLane = "2" departSpeed="11.180000"/>
	<vehicle id="car_397" type="car5" route="2" depart="497" departLane = "2" departSpeed="11.180000"/>
	<vehicle id="car_398" type="car5" route="7" depart="499" departLane = "2" departSpeed="11.180000"/>
	<vehicle id="car_399" type="car9" route="7" depart="500" departLane = "2" departSpeed="11.180000"/>
	<vehicle id="car_400" type="car8" route="7" depart="501" departLane = "0" departSpeed="11.180000"/>
	<vehicle id="car_401" type="car8" route="2" depart="502" departLane = "2" departSpeed="11.180000"/>
	<vehicle id="car_402" type="car6" route="1" depart="503" departLane = "1" departSpeed="11.180000"/>
	<vehicle id="car_403" type="car5" route="3" depart="503" departLane = "2" departSpeed="11.180000"/>
	<vehicle id="car_404" type="car5" route="7" depart="504" departLane = "1" departSpeed="11.180000"/>
	<vehicle id="car_405" type="car7" route="4" depart="504" departLane = "2" departSpeed="11.180000"/>
	<vehicle id="car_406" type="car8" route="2" depart="505" departLane = "1" departSpeed="11.180000"/>
	<vehicle id="car_407" type="car8" route="2" depart="506" departLane = "0" departSpeed="11.180000"/>
	<vehicle id="car_408" type="car6" route="7" depart="508" departLane = "0" departSpeed="11.180000"/>
	<vehicle id="car_409" type="car8" route="6" depart="508" departLane = "2" departSpeed="11.180000"/>
	<vehicle id="car_410" type="car9" route="4" depart="510" departLane = "1" departSpeed="11.180000"/>
	<vehicle id="car_411" type="car9" route="0" depart="511" departLane = "0" departSpeed="11.180000"/>
	<vehicle id="car_412" type="car5" route="6" depart="512" departLane = "0" departSpeed="11.180000"/>
	<vehicle id="car_413" type="car9" route="7" depart="514" departLane = "1" departSpeed="11.180000"/>
	<vehicle id="car_414" type="car5" route="3" depart="515" departLane = "2" departSpeed="11.180000"/>
	<vehicle id="car_415" type="car6" route="0" depart="516" departLane = "1" departSpeed="11.180000"/>
	<vehicle id="car_416" type="car9" route="2" depart="516" departLane = "2" departSpeed="11.180000"/>
	<vehicle id="car_417" type="car7" route="3" depart="517" departLane = "1" departSpeed="11.180000"/>
	<vehicle id="car_418" type="car6" route="6" depart="517" departLane = "2" departSpeed="11.180000"/>
	<vehicle id="car_419" type="car9" route="0" depart="521" departLane = "1" departSpeed="11.180000"/>
	<vehicle id="car_420" type="car7" route="7" depart="521" departLane = "2" departSpeed="11.180000"/>
	<vehicle id="car_421" type="car9" route="6" depart="521" departLane = "1" departSpeed="11.180000"/>
	<vehicle id="car_422" type="car6" route="6" depart="522" departLane = "0" departSpeed="11.180000"/>
	<vehicle id="car_423" type="car9" route="5" depart="523" departLane = "2" departSpeed="11.180000"/>
	<vehicle id="car_424" type="car9" route="7" depart="524" departLane = "1" departSpeed="11.180000"/>
	<vehicle id="car_425" type="car7" route="6" depart="524" departLane = "0" departSpeed="11.180000"/>
	<vehicle id="car_426" type="car7" route="7" depart="526" departLane = "2" departSpeed="11.180000"/>
	<vehicle id="car_427" type="car5" route="4" depart="526" departLane = "1" departSpeed="11.180000"/>
	<vehicle id="car_428" type="car5" route="7" depart="528" departLane = "1" departSpeed="11.180000"/>
	<vehicle id="car_429" type="car9" route="4" depart="529" departLane = "2" departSpeed="11.180000"/>
	<vehicle id="car_430" type="car8" route="5" depart="530" departLane = "0" departSpeed="11.180000"/>
	<vehicle id="car_431" type="car7" route="7" depart="531" departLane = "0" departSpeed="11.180000"/>
	<vehicle id="car_432" type="car7" route="4" depart="533" departLane = "1" departSpeed="11.180000"/>
	<vehicle id="car_433" type="car5" route="6" depart="533" departLane = "2" departSpeed="11.180000"/>
	<vehicle id="car_434" type="car9" route="5" depart="535" departLane = "0" departSpeed="11.180000"/>
	<vehicle id="car_435" type="car5" route="0" depart="536" departLane = "1" departSpeed="11.180000"/>
	<vehicle id="car_436" type="car5" route="7" depart="536" departLane = "1" departSpeed="11.180000"/>
	<vehicle id="car_437" type="car5" route="4" depart="536" departLane = "2" departSpeed="11.180000"/>
	<vehicle id="car_438" type="car7" route="7" depart="538" departLane = "1" departSpeed="11.180000"/>
	<vehicle id="car_439" type="car7" route="0" depart="539" departLane = "2" departSpeed="11.180000"/>
	<vehicle id="car_440" type="car7" route="2" depart="541" departLane = "0" departSpeed="11.180000"/>
	<vehicle id="car_441" type="car5" route="2" depart="542" departLane = "2" departSpeed="11.180000"/>
	<vehicle id="car_442" type="car5" route="1" depart="542" departLane = "2" departSpeed="11.180000"/>
	<vehicle id="car_443" type="car7" route="3" depart="543" departLane = "0" departSpeed="11.180000"/>
	<vehicle id="car_444" type="car6" route="4" depart="544" departLane = "2" departSpeed="11.180000"/>
	<vehicle id="car_445" type="car8" route="5" depart="545" departLane = "0" departSpeed="11.180000"/>
	<vehicle id="car_446" type="car7" route="5" depart="546" departLane = "0" departSpeed="11.180000"/>
	<vehicle id="car_447" type="car8" route="5" depart="547" departLane = "2" departSpeed="11.180000"/>
	<vehicle id="car_448" type="car8" route="2" depart="548" departLane = "0" departSpeed="11.180000"/>
	<vehicle id="car_449" type="car5" route="4" depart="549" departLane = "1" departSpeed="11.180000"/>
	<vehicle id="car_450" type="car5" route="7" depart="550" departLane = "2" departSpeed="11.180000"/>
	<vehicle id="car_451" type="car6" route="7" depart="553" departLane = "0" departSpeed="11.180000"/>
	<vehicle id="car_452" type="car7" route="3" depart="554" departLane = "1" departSpeed="11.180000"/>
	<vehicle id="car_453" type="car8" route="4" depart="559" departLane = "0" departSpeed="11.180000"/>
	<vehicle id="car_454" type="car7" route="7" depart="560" departLane = "0" departSpeed="11.180000"/>
	<vehicle id="car_455" type="car9" route="3" depart="561" departLane = "1" departSpeed="11.180000"/>
	<vehicle id="car_456" type="car5" route="2" depart="565" departLane = "0" departSpeed="11.180000"/>
	<vehicle id="car_457" type="car5" route="0" depart="566" departLane = "1" departSpeed="11.180000"/>
	<vehicle id="car_458" type="car8" route="0" depart="567" departLane = "2" departSpeed="11.180000"/>
	<vehicle id="car_459" type="car6" route="4" depart="567" departLane = "1" departSpeed="11.180000"/>
	<vehicle id="car_460" type="car7" route="4" depart="570" departLane = "1" departSpeed="11.180000"/>
	<vehicle id="car_461" type="car6" route="0" depart="572" departLane = "1" departSpeed="11.180000"/>
	<vehicle id="car_462" type="car8" route="4" depart="572" departLane = "2" departSpeed="11.180000"/>
	<vehicle id="car_463" type="car5" route="1" depart="573" departLane = "0" departSpeed="11.180000"/>
	<vehicle id="car_464" type="car6" route="4" depart="573" departLane = "1" departSpeed="11.180000"/>
	<vehicle id="car_465" type="car9" route="2" depart="575" departLane = "2" departSpeed="11.180000"/>
	<vehicle id="car_466" type="car6" route="3" depart="576" departLane = "1" departSpeed="11.180000"/>
	<vehicle id="car_467" type="car6" route="4" depart="576" departLane = "2" departSpeed="11.180000"/>
	<vehicle id="car_468" type="car5" route="2" depart="578" departLane = "1" departSpeed="11.180000"/>
	<vehicle id="car_469" type="car6" route="4" depart="578" departLane = "0" departSpeed="11.180000"/>
	<vehicle id="car_470" type="car7" route="2" depart="579" departLane = "1" departSpeed="11.180000"/>
	<vehicle id="car_471" type="car8" route="3" depart="579" departLane = "2" departSpeed="11.180000"/>
	<vehicle id="car_472" type="car6" route="5" depart="581" departLane = "2" departSpeed="11.180000"/>
	<vehicle id="car_473" type="car7" route="6" depart="581" departLane = "1" departSpeed="11.180000"/>
	<vehicle id="car_474" type="car5" route="0" depart="582" departLane = "0" departSpeed="11.180000"/>
	<vehicle id="car_475" type="car9" route="1" depart="583" departLane = "1" departSpeed="11.180000"/>
	<vehicle id="car_476" type="car8" route="1" depart="585" departLane = "2" departSpeed="11.180000"/>
	<vehicle id="car_477" type="car5" route="1" depart="586" departLane = "1" departSpeed="11.180000"/>
	<vehicle id="car_478" type="car9" route="6" depart="590" departLane = "2" departSpeed="11.180000"/>
	<vehicle id="car_479" type="car9" route="1" depart="592" departLane = "2" departSpeed="11.180000"/>
	<vehicle id="car_480" type="car9" route="3" depart="597" departLane = "2" departSpeed="11.180000"/>
	<vehicle id="car_481" type="car5" route="5" depart="599" departLane = "0" departSpeed="11.180000"/>
</routes>
