<routes>

	<vType id="car5" accel="100.0" decel="100.0" sigma="0.0" length="5" minGap="5.000000" maxSpeed="11.180000" tau="0.100000" carFollowModel="CACC" color="255,255,255"/>
	<vType id="car6" accel="100.0" decel="100.0" sigma="0.0" length="6" minGap="5.000000" maxSpeed="11.180000" tau="0.100000" carFollowModel="CACC" color="255,255,255"/>
	<vType id="car7" accel="100.0" decel="100.0" sigma="0.0" length="7" minGap="5.000000" maxSpeed="11.180000" tau="0.100000" carFollowModel="CACC" color="255,255,255"/>
	<vType id="car8" accel="100.0" decel="100.0" sigma="0.0" length="8" minGap="5.000000" maxSpeed="11.180000" tau="0.100000" carFollowModel="CACC" color="255,255,255"/>
	<vType id="car9" accel="100.0" decel="100.0" sigma="0.0" length="9" minGap="5.000000" maxSpeed="11.180000" tau="0.100000" carFollowModel="CACC" color="255,255,255"/>

	<route id="0" edges=" 001_001_1"/>
	<route id="2" edges=" 001_002_2"/>
	<route id="5" edges=" 002_001_3"/>
	<route id="7" edges=" 001_001_4"/>
	<route id="1" edges=" 001_002_1"/>
	<route id="3" edges=" 002_002_2"/>
	<route id="4" edges=" 002_002_3"/>
	<route id="6" edges=" 002_001_4"/>

	<vehicle id="car_0" type="car5" route="3" depart="0" departLane = "2" departSpeed="11.180000"/>
	<vehicle id="car_1" type="car8" route="5" depart="2" departLane = "1" departSpeed="11.180000"/>
	<vehicle id="car_2" type="car9" route="7" depart="2" departLane = "1" departSpeed="11.180000"/>
	<vehicle id="car_3" type="car5" route="1" depart="3" departLane = "0" departSpeed="11.180000"/>
	<vehicle id="car_4" type="car9" route="3" depart="6" departLane = "2" departSpeed="11.180000"/>
	<vehicle id="car_5" type="car8" route="1" depart="7" departLane = "0" departSpeed="11.180000"/>
	<vehicle id="car_6" type="car7" route="7" depart="8" departLane = "0" departSpeed="11.180000"/>
	<vehicle id="car_7" type="car9" route="6" depart="8" departLane = "0" departSpeed="11.180000"/>
	<vehicle id="car_8" type="car7" route="2" depart="11" departLane = "1" departSpeed="11.180000"/>
	<vehicle id="car_9" type="car8" route="1" depart="11" departLane = "1" departSpeed="11.180000"/>
	<vehicle id="car_10" type="car5" route="0" depart="12" departLane = "2" departSpeed="11.180000"/>
	<vehicle id="car_11" type="car7" route="1" depart="13" departLane = "2" departSpeed="11.180000"/>
	<vehicle id="car_12" type="car9" route="1" depart="18" departLane = "2" departSpeed="11.180000"/>
	<vehicle id="car_13" type="car7" route="0" depart="20" departLane = "0" departSpeed="11.180000"/>
	<vehicle id="car_14" type="car9" route="2" depart="20" departLane = "2" departSpeed="11.180000"/>
	<vehicle id="car_15" type="car8" route="3" depart="20" departLane = "0" departSpeed="11.180000"/>
	<vehicle id="car_16" type="car8" route="2" depart="23" departLane = "2" departSpeed="11.180000"/>
	<vehicle id="car_17" type="car5" route="0" depart="24" departLane = "0" departSpeed="11.180000"/>
	<vehicle id="car_18" type="car7" route="5" depart="24" departLane = "0" departSpeed="11.180000"/>
	<vehicle id="car_19" type="car5" route="3" depart="25" departLane = "1" departSpeed="11.180000"/>
	<vehicle id="car_20" type="car7" route="1" depart="27" departLane = "1" departSpeed="11.180000"/>
	<vehicle id="car_21" type="car5" route="3" depart="29" departLane = "2" departSpeed="11.180000"/>
	<vehicle id="car_22" type="car5" route="4" depart="29" departLane = "2" departSpeed="11.180000"/>
	<vehicle id="car_23" type="car9" route="6" depart="29" departLane = "0" departSpeed="11.180000"/>
	<vehicle id="car_24" type="car8" route="1" depart="30" departLane = "1" departSpeed="11.180000"/>
	<vehicle id="car_25" type="car6" route="0" depart="31" departLane = "1" departSpeed="11.180000"/>
	<vehicle id="car_26" type="car7" route="7" depart="32" departLane = "2" departSpeed="11.180000"/>
	<vehicle id="car_27" type="car8" route="4" depart="33" departLane = "2" departSpeed="11.180000"/>
	<vehicle id="car_28" type="car7" route="6" depart="35" departLane = "1" departSpeed="11.180000"/>
	<vehicle id="car_29" type="car5" route="1" depart="40" departLane = "2" departSpeed="11.180000"/>
	<vehicle id="car_30" type="car6" route="0" depart="41" departLane = "1" departSpeed="11.180000"/>
	<vehicle id="car_31" type="car9" route="1" depart="42" departLane = "1" departSpeed="11.180000"/>
	<vehicle id="car_32" type="car8" route="4" depart="46" departLane = "2" departSpeed="11.180000"/>
	<vehicle id="car_33" type="car7" route="7" depart="47" departLane = "0" departSpeed="11.180000"/>
	<vehicle id="car_34" type="car5" route="3" depart="48" departLane = "2" departSpeed="11.180000"/>
	<vehicle id="car_35" type="car9" route="3" depart="50" departLane = "2" departSpeed="11.180000"/>
	<vehicle id="car_36" type="car8" route="2" depart="52" departLane = "1" departSpeed="11.180000"/>
	<vehicle id="car_37" type="car7" route="4" depart="52" departLane = "1" departSpeed="11.180000"/>
	<vehicle id="car_38" type="car6" route="3" depart="53" departLane = "0" departSpeed="11.180000"/>
	<vehicle id="car_39" type="car5" route="2" depart="56" departLane = "0" departSpeed="11.180000"/>
	<vehicle id="car_40" type="car6" route="7" depart="58" departLane = "2" departSpeed="11.180000"/>
	<vehicle id="car_41" type="car5" route="5" depart="59" departLane = "0" departSpeed="11.180000"/>
	<vehicle id="car_42" type="car5" route="7" depart="59" departLane = "1" departSpeed="11.180000"/>
	<vehicle id="car_43" type="car7" route="3" depart="59" departLane = "1" departSpeed="11.180000"/>
	<vehicle id="car_44" type="car7" route="0" depart="60" departLane = "0" departSpeed="11.180000"/>
	<vehicle id="car_45" type="car8" route="7" depart="60" departLane = "0" departSpeed="11.180000"/>
	<vehicle id="car_46" type="car8" route="1" depart="61" departLane = "2" departSpeed="11.180000"/>
	<vehicle id="car_47" type="car5" route="3" depart="61" departLane = "0" departSpeed="11.180000"/>
	<vehicle id="car_48" type="car5" route="4" depart="61" departLane = "1" departSpeed="11.180000"/>
	<vehicle id="car_49" type="car6" route="3" depart="62" departLane = "1" departSpeed="11.180000"/>
	<vehicle id="car_50" type="car6" route="4" depart="62" departLane = "2" departSpeed="11.180000"/>
	<vehicle id="car_51" type="car7" route="6" depart="65" departLane = "2" departSpeed="11.180000"/>
	<vehicle id="car_52" type="car6" route="0" depart="66" departLane = "2" departSpeed="11.180000"/>
	<vehicle id="car_53" type="car6" route="0" depart="67" departLane = "2" departSpeed="11.180000"/>
	<vehicle id="car_54" type="car8" route="5" depart="67" departLane = "0" departSpeed="11.180000"/>
	<vehicle id="car_55" type="car6" route="4" depart="67" departLane = "2" departSpeed="11.180000"/>
	<vehicle id="car_56" type="car9" route="6" depart="68" departLane = "0" departSpeed="11.180000"/>
	<vehicle id="car_57" type="car7" route="7" depart="69" departLane = "0" departSpeed="11.180000"/>
	<vehicle id="car_58" type="car6" route="7" depart="71" departLane = "1" departSpeed="11.180000"/>
	<vehicle id="car_59" type="car6" route="4" depart="72" departLane = "0" departSpeed="11.180000"/>
	<vehicle id="car_60" type="car8" route="2" depart="75" departLane = "0" departSpeed="11.180000"/>
	<vehicle id="car_61" type="car8" route="7" depart="75" departLane = "0" departSpeed="11.180000"/>
	<vehicle id="car_62" type="car5" route="7" depart="76" departLane = "2" departSpeed="11.180000"/>
	<vehicle id="car_63" type="car5" route="4" depart="78" departLane = "1" departSpeed="11.180000"/>
	<vehicle id="car_64" type="car6" route="6" depart="78" departLane = "2" departSpeed="11.180000"/>
	<vehicle id="car_65" type="car5" route="7" depart="79" departLane = "0" departSpeed="11.180000"/>
	<vehicle id="car_66" type="car7" route="3" depart="79" departLane = "0" departSpeed="11.180000"/>
	<vehicle id="car_67" type="car7" route="5" depart="80" departLane = "1" departSpeed="11.180000"/>
	<vehicle id="car_68" type="car8" route="3" depart="81" departLane = "2" departSpeed="11.180000"/>
	<vehicle id="car_69" type="car7" route="0" depart="85" departLane = "1" departSpeed="11.180000"/>
	<vehicle id="car_70" type="car6" route="5" depart="88" departLane = "0" departSpeed="11.180000"/>
	<vehicle id="car_71" type="car6" route="0" depart="89" departLane = "2" departSpeed="11.180000"/>
	<vehicle id="car_72" type="car6" route="1" depart="89" departLane = "2" departSpeed="11.180000"/>
	<vehicle id="car_73" type="car8" route="5" depart="90" departLane = "0" departSpeed="11.180000"/>
	<vehicle id="car_74" type="car9" route="3" depart="90" departLane = "1" departSpeed="11.180000"/>
	<vehicle id="car_75" type="car5" route="4" depart="91" departLane = "2" departSpeed="11.180000"/>
	<vehicle id="car_76" type="car6" route="4" depart="92" departLane = "2" departSpeed="11.180000"/>
	<vehicle id="car_77" type="car9" route="6" depart="94" departLane = "1" departSpeed="11.180000"/>
	<vehicle id="car_78" type="car9" route="0" depart="95" departLane = "2" departSpeed="11.180000"/>
	<vehicle id="car_79" type="car7" route="1" depart="95" departLane = "1" departSpeed="11.180000"/>
	<vehicle id="car_80" type="car7" route="2" depart="99" departLane = "2" departSpeed="11.180000"/>
	<vehicle id="car_81" type="car9" route="5" depart="99" departLane = "1" departSpeed="11.180000"/>
	<vehicle id="car_82" type="car6" route="6" depart="101" departLane = "0" departSpeed="11.180000"/>
	<vehicle id="car_83" type="car5" route="5" depart="104" departLane = "1" departSpeed="11.180000"/>
	<vehicle id="car_84" type="car9" route="1" depart="105" departLane = "2" departSpeed="11.180000"/>
	<vehicle id="car_85" type="car5" route="0" depart="106" departLane = "1" departSpeed="11.180000"/>
	<vehicle id="car_86" type="car8" route="2" depart="107" departLane = "0" departSpeed="11.180000"/>
	<vehicle id="car_87" type="car6" route="1" depart="107" departLane = "1" departSpeed="11.180000"/>
	<vehicle id="car_88" type="car7" route="4" depart="109" departLane = "0" departSpeed="11.180000"/>
	<vehicle id="car_89" type="car7" route="0" depart="111" departLane = "1" departSpeed="11.180000"/>
	<vehicle id="car_90" type="car7" route="5" depart="111" departLane = "1" departSpeed="11.180000"/>
	<vehicle id="car_91" type="car8" route="6" depart="113" departLane = "2" departSpeed="11.180000"/>
	<vehicle id="car_92" type="car8" route="5" depart="117" departLane = "1" departSpeed="11.180000"/>
	<vehicle id="car_93" type="car8" route="5" depart="118" departLane = "2" departSpeed="11.180000"/>
	<vehicle id="car_94" type="car7" route="7" depart="120" departLane = "0" departSpeed="11.180000"/>
	<vehicle id="car_95" type="car6" route="7" depart="121" departLane = "0" departSpeed="11.180000"/>
	<vehicle id="car_96" type="car8" route="5" depart="123" departLane = "2" departSpeed="11.180000"/>
	<vehicle id="car_97" type="car5" route="4" depart="125" departLane = "1" departSpeed="11.180000"/>
	<vehicle id="car_98" type="car7" route="3" depart="126" departLane = "2" departSpeed="11.180000"/>
	<vehicle id="car_99" type="car5" route="3" depart="128" departLane = "2" departSpeed="11.180000"/>
	<vehicle id="car_100" type="car6" route="2" depart="129" departLane = "2" departSpeed="11.180000"/>
	<vehicle id="car_101" type="car7" route="5" depart="129" departLane = "0" departSpeed="11.180000"/>
	<vehicle id="car_102" type="car6" route="0" depart="131" departLane = "1" departSpeed="11.180000"/>
	<vehicle id="car_103" type="car5" route="7" depart="131" departLane = "1" departSpeed="11.180000"/>
	<vehicle id="car_104" type="car8" route="3" depart="132" departLane = "1" departSpeed="11.180000"/>
	<vehicle id="car_105" type="car7" route="3" depart="134" departLane = "0" departSpeed="11.180000"/>
	<vehicle id="car_106" type="car8" route="0" depart="135" departLane = "0" departSpeed="11.180000"/>
	<vehicle id="car_107" type="car9" route="3" depart="135" departLane = "0" departSpeed="11.180000"/>
	<vehicle id="car_108" type="car8" route="6" depart="135" departLane = "1" departSpeed="11.180000"/>
	<vehicle id="car_109" type="car8" route="2" depart="136" departLane = "1" departSpeed="11.180000"/>
	<vehicle id="car_110" type="car5" route="5" depart="136" departLane = "2" departSpeed="11.180000"/>
	<vehicle id="car_111" type="car6" route="2" depart="137" departLane = "2" departSpeed="11.180000"/>
	<vehicle id="car_112" type="car6" route="5" depart="138" departLane = "1" departSpeed="11.180000"/>
	<vehicle id="car_113" type="car5" route="3" depart="138" departLane = "1" departSpeed="11.180000"/>
	<vehicle id="car_114" type="car8" route="5" depart="139" departLane = "2" departSpeed="11.180000"/>
	<vehicle id="car_115" type="car9" route="3" depart="144" departLane = "0" departSpeed="11.180000"/>
	<vehicle id="car_116" type="car9" route="6" depart="144" departLane = "0" departSpeed="11.180000"/>
	<vehicle id="car_117" type="car6" route="6" depart="146" departLane = "0" departSpeed="11.180000"/>
	<vehicle id="car_118" type="car9" route="4" depart="147" departLane = "0" departSpeed="11.180000"/>
	<vehicle id="car_119" type="car9" route="3" depart="149" departLane = "1" departSpeed="11.180000"/>
	<vehicle id="car_120" type="car7" route="1" depart="152" departLane = "1" departSpeed="11.180000"/>
	<vehicle id="car_121" type="car7" route="6" depart="153" departLane = "2" departSpeed="11.180000"/>
	<vehicle id="car_122" type="car6" route="2" depart="154" departLane = "0" departSpeed="11.180000"/>
	<vehicle id="car_123" type="car9" route="2" depart="155" departLane = "0" departSpeed="11.180000"/>
	<vehicle id="car_124" type="car6" route="3" depart="155" departLane = "2" departSpeed="11.180000"/>
	<vehicle id="car_125" type="car5" route="4" depart="156" departLane = "1" departSpeed="11.180000"/>
	<vehicle id="car_126" type="car9" route="6" depart="159" departLane = "2" departSpeed="11.180000"/>
	<vehicle id="car_127" type="car7" route="4" depart="162" departLane = "1" departSpeed="11.180000"/>
	<vehicle id="car_128" type="car5" route="1" depart="163" departLane = "0" departSpeed="11.180000"/>
	<vehicle id="car_129" type="car7" route="7" depart="164" departLane = "1" departSpeed="11.180000"/>
	<vehicle id="car_130" type="car7" route="3" depart="165" departLane = "1" departSpeed="11.180000"/>
	<vehicle id="car_131" type="car5" route="6" depart="165" departLane = "0" departSpeed="11.180000"/>
	<vehicle id="car_132" type="car8" route="3" depart="166" departLane = "0" departSpeed="11.180000"/>
	<vehicle id="car_133" type="car9" route="6" depart="167" departLane = "2" departSpeed="11.180000"/>
	<vehicle id="car_134" type="car8" route="0" depart="169" departLane = "1" departSpeed="11.180000"/>
	<vehicle id="car_135" type="car6" route="1" depart="169" departLane = "1" departSpeed="11.180000"/>
	<vehicle id="car_136" type="car8" route="7" depart="171" departLane = "1" departSpeed="11.180000"/>
	<vehicle id="car_137" type="car8" route="0" depart="178" departLane = "1" departSpeed="11.180000"/>
	<vehicle id="car_138" type="car9" route="0" depart="180" departLane = "0" departSpeed="11.180000"/>
	<vehicle id="car_139" type="car7" route="5" depart="180" departLane = "2" departSpeed="11.180000"/>
	<vehicle id="car_140" type="car9" route="0" depart="181" departLane = "0" departSpeed="11.180000"/>
	<vehicle id="car_141" type="car5" route="6" depart="182" departLane = "0" departSpeed="11.180000"/>
	<vehicle id="car_142" type="car8" route="7" depart="184" departLane = "1" departSpeed="11.180000"/>
	<vehicle id="car_143" type="car6" route="6" depart="184" departLane = "2" departSpeed="11.180000"/>
	<vehicle id="car_144" type="car9" route="3" depart="185" departLane = "1" departSpeed="11.180000"/>
	<vehicle id="car_145" type="car5" route="6" depart="185" departLane = "1" departSpeed="11.180000"/>
	<vehicle id="car_146" type="car5" route="5" depart="187" departLane = "0" departSpeed="11.180000"/>
	<vehicle id="car_147" type="car9" route="4" depart="189" departLane = "0" departSpeed="11.180000"/>
	<vehicle id="car_148" type="car9" route="5" depart="191" departLane = "0" departSpeed="11.180000"/>
	<vehicle id="car_149" type="car6" route="1" depart="191" departLane = "2" departSpeed="11.180000"/>
	<vehicle id="car_150" type="car5" route="1" depart="196" departLane = "2" departSpeed="11.180000"/>
	<vehicle id="car_151" type="car9" route="5" depart="198" departLane = "1" departSpeed="11.180000"/>
	<vehicle id="car_152" type="car6" route="1" depart="198" departLane = "2" departSpeed="11.180000"/>
	<vehicle id="car_153" type="car7" route="0" depart="200" departLane = "0" departSpeed="11.180000"/>
	<vehicle id="car_154" type="car9" route="6" depart="200" departLane = "1" departSpeed="11.180000"/>
	<vehicle id="car_155" type="car6" route="1" depart="203" departLane = "2" departSpeed="11.180000"/>
	<vehicle id="car_156" type="car8" route="6" depart="203" departLane = "0" departSpeed="11.180000"/>
	<vehicle id="car_157" type="car5" route="4" depart="204" departLane = "0" departSpeed="11.180000"/>
	<vehicle id="car_158" type="car9" route="6" depart="210" departLane = "1" departSpeed="11.180000"/>
	<vehicle id="car_159" type="car7" route="5" depart="211" departLane = "2" departSpeed="11.180000"/>
	<vehicle id="car_160" type="car7" route="5" depart="216" departLane = "2" departSpeed="11.180000"/>
	<vehicle id="car_161" type="car7" route="6" depart="216" departLane = "2" departSpeed="11.180000"/>
	<vehicle id="car_162" type="car5" route="5" depart="217" departLane = "1" departSpeed="11.180000"/>
	<vehicle id="car_163" type="car6" route="7" depart="218" departLane = "1" departSpeed="11.180000"/>
	<vehicle id="car_164" type="car5" route="5" depart="219" departLane = "0" departSpeed="11.180000"/>
	<vehicle id="car_165" type="car9" route="3" depart="221" departLane = "1" departSpeed="11.180000"/>
	<vehicle id="car_166" type="car7" route="2" depart="222" departLane = "1" departSpeed="11.180000"/>
	<vehicle id="car_167" type="car6" route="2" depart="223" departLane = "0" departSpeed="11.180000"/>
	<vehicle id="car_168" type="car7" route="5" depart="224" departLane = "1" departSpeed="11.180000"/>
	<vehicle id="car_169" type="car7" route="0" depart="225" departLane = "1" departSpeed="11.180000"/>
	<vehicle id="car_170" type="car7" route="3" depart="226" departLane = "0" departSpeed="11.180000"/>
	<vehicle id="car_171" type="car9" route="2" depart="231" departLane = "1" departSpeed="11.180000"/>
	<vehicle id="car_172" type="car6" route="6" depart="231" departLane = "2" departSpeed="11.180000"/>
	<vehicle id="car_173" type="car9" route="0" depart="232" departLane = "1" departSpeed="11.180000"/>
	<vehicle id="car_174" type="car9" route="3" depart="232" departLane = "0" departSpeed="11.180000"/>
	<vehicle id="car_175" type="car5" route="2" depart="236" departLane = "0" departSpeed="11.180000"/>
	<vehicle id="car_176" type="car6" route="6" depart="237" departLane = "0" departSpeed="11.180000"/>
	<vehicle id="car_177" type="car6" route="7" depart="238" departLane = "1" departSpeed="11.180000"/>
	<vehicle id="car_178" type="car6" route="3" depart="238" departLane = "0" departSpeed="11.180000"/>
	<vehicle id="car_179" type="car9" route="2" depart="239" departLane = "0" departSpeed="11.180000"/>
	<vehicle id="car_180" type="car5" route="3" depart="241" departLane = "2" departSpeed="11.180000"/>
	<vehicle id="car_181" type="car8" route="1" depart="244" departLane = "2" departSpeed="11.180000"/>
	<vehicle id="car_182" type="car6" route="3" depart="244" departLane = "0" departSpeed="11.180000"/>
	<vehicle id="car_183" type="car7" route="4" depart="246" departLane = "2" departSpeed="11.180000"/>
	<vehicle id="car_184" type="car5" route="2" depart="249" departLane = "1" departSpeed="11.180000"/>
	<vehicle id="car_185" type="car5" route="3" depart="250" departLane = "0" departSpeed="11.180000"/>
	<vehicle id="car_186" type="car8" route="5" depart="251" departLane = "2" departSpeed="11.180000"/>
	<vehicle id="car_187" type="car5" route="2" depart="253" departLane = "0" departSpeed="11.180000"/>
	<vehicle id="car_188" type="car8" route="7" depart="253" departLane = "0" departSpeed="11.180000"/>
	<vehicle id="car_189" type="car7" route="1" depart="253" departLane = "0" departSpeed="11.180000"/>
	<vehicle id="car_190" type="car7" route="6" depart="254" departLane = "2" departSpeed="11.180000"/>
	<vehicle id="car_191" type="car5" route="5" depart="259" departLane = "0" departSpeed="11.180000"/>
	<vehicle id="car_192" type="car9" route="3" depart="259" departLane = "2" departSpeed="11.180000"/>
	<vehicle id="car_193" type="car5" route="3" depart="260" departLane = "2" departSpeed="11.180000"/>
	<vehicle id="car_194" type="car7" route="0" depart="262" departLane = "2" departSpeed="11.180000"/>
	<vehicle id="car_195" type="car9" route="0" depart="267" departLane = "0" departSpeed="11.180000"/>
	<vehicle id="car_196" type="car8" route="1" depart="269" departLane = "2" departSpeed="11.180000"/>
	<vehicle id="car_197" type="car6" route="1" depart="270" departLane = "2" departSpeed="11.180000"/>
	<vehicle id="car_198" type="car7" route="1" depart="274" departLane = "1" departSpeed="11.180000"/>
	<vehicle id="car_199" type="car9" route="4" depart="274" departLane = "0" departSpeed="11.180000"/>
	<vehicle id="car_200" type="car7" route="0" depart="278" departLane = "2" departSpeed="11.180000"/>
	<vehicle id="car_201" type="car6" route="2" depart="279" departLane = "2" departSpeed="11.180000"/>
	<vehicle id="car_202" type="car9" route="5" depart="280" departLane = "0" departSpeed="11.180000"/>
	<vehicle id="car_203" type="car9" route="6" depart="281" departLane = "1" departSpeed="11.180000"/>
	<vehicle id="car_204" type="car7" route="5" depart="282" departLane = "2" departSpeed="11.180000"/>
	<vehicle id="car_205" type="car6" route="0" depart="283" departLane = "0" departSpeed="11.180000"/>
	<vehicle id="car_206" type="car5" route="0" depart="286" departLane = "2" departSpeed="11.180000"/>
	<vehicle id="car_207" type="car8" route="1" depart="286" departLane = "2" departSpeed="11.180000"/>
	<vehicle id="car_208" type="car5" route="1" depart="287" departLane = "1" departSpeed="11.180000"/>
	<vehicle id="car_209" type="car9" route="5" depart="290" departLane = "1" departSpeed="11.180000"/>
	<vehicle id="car_210" type="car5" route="5" depart="291" departLane = "1" departSpeed="11.180000"/>
	<vehicle id="car_211" type="car6" route="7" depart="291" departLane = "0" departSpeed="11.180000"/>
	<vehicle id="car_212" type="car7" route="0" depart="292" departLane = "1" departSpeed="11.180000"/>
	<vehicle id="car_213" type="car9" route="7" depart="292" departLane = "0" departSpeed="11.180000"/>
	<vehicle id="car_214" type="car7" route="2" depart="293" departLane = "2" departSpeed="11.180000"/>
	<vehicle id="car_215" type="car5" route="2" depart="298" departLane = "1" departSpeed="11.180000"/>
	<vehicle id="car_216" type="car6" route="0" depart="299" departLane = "1" departSpeed="11.180000"/>
	<vehicle id="car_217" type="car7" route="0" depart="300" departLane = "0" departSpeed="11.180000"/>
	<vehicle id="car_218" type="car8" route="1" depart="300" departLane = "0" departSpeed="11.180000"/>
	<vehicle id="car_219" type="car9" route="3" depart="301" departLane = "2" departSpeed="11.180000"/>
	<vehicle id="car_220" type="car7" route="1" depart="302" departLane = "1" departSpeed="11.180000"/>
	<vehicle id="car_221" type="car6" route="3" depart="302" departLane = "2" departSpeed="11.180000"/>
	<vehicle id="car_222" type="car6" route="1" depart="306" departLane = "1" departSpeed="11.180000"/>
	<vehicle id="car_223" type="car9" route="4" depart="306" departLane = "0" departSpeed="11.180000"/>
	<vehicle id="car_224" type="car5" route="6" depart="309" departLane = "1" departSpeed="11.180000"/>
	<vehicle id="car_225" type="car9" route="0" depart="310" departLane = "0" departSpeed="11.180000"/>
	<vehicle id="car_226" type="car5" route="7" depart="311" departLane = "2" departSpeed="11.180000"/>
	<vehicle id="car_227" type="car9" route="4" depart="311" departLane = "1" departSpeed="11.180000"/>
	<vehicle id="car_228" type="car5" route="7" depart="312" departLane = "2" departSpeed="11.180000"/>
	<vehicle id="car_229" type="car7" route="1" depart="312" departLane = "0" departSpeed="11.180000"/>
	<vehicle id="car_230" type="car9" route="7" depart="313" departLane = "1" departSpeed="11.180000"/>
	<vehicle id="car_231" type="car5" route="6" depart="313" departLane = "1" departSpeed="11.180000"/>
	<vehicle id="car_232" type="car9" route="7" depart="317" departLane = "2" departSpeed="11.180000"/>
	<vehicle id="car_233" type="car6" route="6" depart="318" departLane = "2" departSpeed="11.180000"/>
	<vehicle id="car_234" type="car9" route="0" depart="319" departLane = "1" departSpeed="11.180000"/>
	<vehicle id="car_235" type="car9" route="1" depart="320" departLane = "0" departSpeed="11.180000"/>
	<vehicle id="car_236" type="car9" route="2" depart="321" departLane = "0" departSpeed="11.180000"/>
	<vehicle id="car_237" type="car9" route="5" depart="322" departLane = "0" departSpeed="11.180000"/>
	<vehicle id="car_238" type="car6" route="4" depart="324" departLane = "1" departSpeed="11.180000"/>
	<vehicle id="car_239" type="car5" route="4" depart="325" departLane = "0" departSpeed="11.180000"/>
	<vehicle id="car_240" type="car5" route="7" depart="326" departLane = "1" departSpeed="11.180000"/>
	<vehicle id="car_241" type="car6" route="6" depart="326" departLane = "0" departSpeed="11.180000"/>
	<vehicle id="car_242" type="car5" route="0" depart="327" departLane = "1" departSpeed="11.180000"/>
	<vehicle id="car_243" type="car6" route="5" depart="330" departLane = "2" departSpeed="11.180000"/>
	<vehicle id="car_244" type="car6" route="1" depart="330" departLane = "1" departSpeed="11.180000"/>
	<vehicle id="car_245" type="car5" route="1" depart="331" departLane = "2" departSpeed="11.180000"/>
	<vehicle id="car_246" type="car9" route="0" depart="334" departLane = "1" departSpeed="11.180000"/>
	<vehicle id="car_247" type="car8" route="2" depart="335" departLane = "0" departSpeed="11.180000"/>
	<vehicle id="car_248" type="car6" route="6" depart="335" departLane = "0" departSpeed="11.180000"/>
	<vehicle id="car_249" type="car8" route="7" depart="336" departLane = "1" departSpeed="11.180000"/>
	<vehicle id="car_250" type="car8" route="7" depart="337" departLane = "0" departSpeed="11.180000"/>
	<vehicle id="car_251" type="car8" route="1" depart="337" departLane = "0" departSpeed="11.180000"/>
	<vehicle id="car_252" type="car5" route="0" depart="339" departLane = "1" departSpeed="11.180000"/>
	<vehicle id="car_253" type="car6" route="5" depart="339" departLane = "2" departSpeed="11.180000"/>
	<vehicle id="car_254" type="car9" route="0" depart="341" departLane = "0" departSpeed="11.180000"/>
	<vehicle id="car_255" type="car6" route="6" depart="342" departLane = "1" departSpeed="11.180000"/>
	<vehicle id="car_256" type="car5" route="7" depart="344" departLane = "1" departSpeed="11.180000"/>
	<vehicle id="car_257" type="car7" route="4" depart="344" departLane = "0" departSpeed="11.180000"/>
	<vehicle id="car_258" type="car8" route="5" depart="345" departLane = "1" departSpeed="11.180000"/>
	<vehicle id="car_259" type="car5" route="0" depart="348" departLane = "2" departSpeed="11.180000"/>
	<vehicle id="car_260" type="car8" route="5" depart="350" departLane = "0" departSpeed="11.180000"/>
	<vehicle id="car_261" type="car6" route="3" depart="350" departLane = "1" departSpeed="11.180000"/>
	<vehicle id="car_262" type="car5" route="6" depart="350" departLane = "1" departSpeed="11.180000"/>
	<vehicle id="car_263" type="car8" route="5" depart="352" departLane = "2" departSpeed="11.180000"/>
	<vehicle id="car_264" type="car7" route="1" depart="353" departLane = "0" departSpeed="11.180000"/>
	<vehicle id="car_265" type="car6" route="3" depart="354" departLane = "2" departSpeed="11.180000"/>
	<vehicle id="car_266" type="car6" route="5" depart="355" departLane = "2" departSpeed="11.180000"/>
	<vehicle id="car_267" type="car9" route="7" depart="355" departLane = "1" departSpeed="11.180000"/>
	<vehicle id="car_268" type="car9" route="6" depart="355" departLane = "2" departSpeed="11.180000"/>
	<vehicle id="car_269" type="car5" route="6" depart="358" departLane = "0" departSpeed="11.180000"/>
	<vehicle id="car_270" type="car5" route="7" depart="359" departLane = "0" departSpeed="11.180000"/>
	<vehicle id="car_271" type="car6" route="6" depart="360" departLane = "2" departSpeed="11.180000"/>
	<vehicle id="car_272" type="car7" route="3" depart="361" departLane = "1" departSpeed="11.180000"/>
	<vehicle id="car_273" type="car9" route="7" depart="363" departLane = "1" departSpeed="11.180000"/>
	<vehicle id="car_274" type="car6" route="7" depart="364" departLane = "0" departSpeed="11.180000"/>
	<vehicle id="car_275" type="car8" route="0" depart="365" departLane = "1" departSpeed="11.180000"/>
	<vehicle id="car_276" type="car5" route="7" depart="367" departLane = "2" departSpeed="11.180000"/>
	<vehicle id="car_277" type="car6" route="5" depart="368" departLane = "0" departSpeed="11.180000"/>
	<vehicle id="car_278" type="car6" route="6" depart="368" departLane = "1" departSpeed="11.180000"/>
	<vehicle id="car_279" type="car5" route="0" depart="370" departLane = "2" departSpeed="11.180000"/>
	<vehicle id="car_280" type="car5" route="5" depart="371" departLane = "1" departSpeed="11.180000"/>
	<vehicle id="car_281" type="car9" route="7" depart="375" departLane = "0" departSpeed="11.180000"/>
	<vehicle id="car_282" type="car7" route="1" depart="375" departLane = "1" departSpeed="11.180000"/>
	<vehicle id="car_283" type="car7" route="2" depart="377" departLane = "0" departSpeed="11.180000"/>
	<vehicle id="car_284" type="car6" route="0" depart="379" departLane = "2" departSpeed="11.180000"/>
	<vehicle id="car_285" type="car5" route="7" depart="379" departLane = "2" departSpeed="11.180000"/>
	<vehicle id="car_286" type="car8" route="0" depart="380" departLane = "0" departSpeed="11.180000"/>
	<vehicle id="car_287" type="car5" route="7" depart="381" departLane = "2" departSpeed="11.180000"/>
	<vehicle id="car_288" type="car8" route="1" depart="381" departLane = "2" departSpeed="11.180000"/>
	<vehicle id="car_289" type="car7" route="0" depart="384" departLane = "2" departSpeed="11.180000"/>
	<vehicle id="car_290" type="car7" route="4" depart="384" departLane = "0" departSpeed="11.180000"/>
	<vehicle id="car_291" type="car7" route="4" depart="386" departLane = "2" departSpeed="11.180000"/>
	<vehicle id="car_292" type="car6" route="3" depart="387" departLane = "1" departSpeed="11.180000"/>
	<vehicle id="car_293" type="car8" route="5" depart="388" departLane = "2" departSpeed="11.180000"/>
	<vehicle id="car_294" type="car7" route="4" depart="388" departLane = "2" departSpeed="11.180000"/>
	<vehicle id="car_295" type="car8" route="5" depart="389" departLane = "0" departSpeed="11.180000"/>
	<vehicle id="car_296" type="car7" route="2" depart="392" departLane = "1" departSpeed="11.180000"/>
	<vehicle id="car_297" type="car9" route="1" depart="393" departLane = "1" departSpeed="11.180000"/>
	<vehicle id="car_298" type="car8" route="4" depart="393" departLane = "1" departSpeed="11.180000"/>
	<vehicle id="car_299" type="car6" route="4" depart="397" departLane = "2" departSpeed="11.180000"/>
	<vehicle id="car_300" type="car7" route="0" depart="398" departLane = "1" departSpeed="11.180000"/>
	<vehicle id="car_301" type="car5" route="2" depart="398" departLane = "1" departSpeed="11.180000"/>
	<vehicle id="car_302" type="car9" route="4" depart="398" departLane = "0" departSpeed="11.180000"/>
	<vehicle id="car_303" type="car5" route="7" depart="401" departLane = "0" departSpeed="11.180000"/>
	<vehicle id="car_304" type="car8" route="3" depart="401" departLane = "2" departSpeed="11.180000"/>
	<vehicle id="car_305" type="car8" route="0" depart="402" departLane = "1" departSpeed="11.180000"/>
	<vehicle id="car_306" type="car5" route="7" depart="402" departLane = "1" departSpeed="11.180000"/>
	<vehicle id="car_307" type="car9" route="6" depart="405" departLane = "1" departSpeed="11.180000"/>
	<vehicle id="car_308" type="car5" route="1" depart="407" departLane = "2" departSpeed="11.180000"/>
	<vehicle id="car_309" type="car7" route="4" depart="408" departLane = "2" departSpeed="11.180000"/>
	<vehicle id="car_310" type="car5" route="7" depart="409" departLane = "1" departSpeed="11.180000"/>
	<vehicle id="car_311" type="car6" route="0" depart="410" departLane = "0" departSpeed="11.180000"/>
	<vehicle id="car_312" type="car8" route="6" depart="410" departLane = "1" departSpeed="11.180000"/>
	<vehicle id="car_313" type="car7" route="3" depart="414" departLane = "0" departSpeed="11.180000"/>
	<vehicle id="car_314" type="car6" route="5" depart="416" departLane = "0" departSpeed="11.180000"/>
	<vehicle id="car_315" type="car7" route="4" depart="419" departLane = "1" departSpeed="11.180000"/>
	<vehicle id="car_316" type="car6" route="1" depart="420" departLane = "0" departSpeed="11.180000"/>
	<vehicle id="car_317" type="car6" route="2" depart="423" departLane = "0" departSpeed="11.180000"/>
	<vehicle id="car_318" type="car5" route="4" depart="423" departLane = "2" departSpeed="11.180000"/>
	<vehicle id="car_319" type="car5" route="2" depart="424" departLane = "2" departSpeed="11.180000"/>
	<vehicle id="car_320" type="car9" route="1" depart="425" departLane = "1" departSpeed="11.180000"/>
	<vehicle id="car_321" type="car9" route="1" depart="426" departLane = "0" departSpeed="11.180000"/>
	<vehicle id="car_322" type="car7" route="2" depart="429" departLane = "2" departSpeed="11.180000"/>
	<vehicle id="car_323" type="car8" route="3" depart="430" departLane = "2" departSpeed="11.180000"/>
	<vehicle id="car_324" type="car9" route="0" depart="433" departLane = "0" departSpeed="11.180000"/>
	<vehicle id="car_325" type="car7" route="1" depart="433" departLane = "1" departSpeed="11.180000"/>
	<vehicle id="car_326" type="car6" route="6" depart="433" departLane = "1" departSpeed="11.180000"/>
	<vehicle id="car_327" type="car6" route="2" depart="435" departLane = "1" departSpeed="11.180000"/>
	<vehicle id="car_328" type="car6" route="3" depart="436" departLane = "2" departSpeed="11.180000"/>
	<vehicle id="car_329" type="car7" route="5" depart="437" departLane = "2" departSpeed="11.180000"/>
	<vehicle id="car_330" type="car9" route="3" depart="438" departLane = "2" departSpeed="11.180000"/>
	<vehicle id="car_331" type="car5" route="1" depart="439" departLane = "1" departSpeed="11.180000"/>
	<vehicle id="car_332" type="car8" route="7" depart="440" departLane = "1" departSpeed="11.180000"/>
	<vehicle id="car_333" type="car7" route="4" depart="441" departLane = "0" departSpeed="11.180000"/>
	<vehicle id="car_334" type="car5" route="4" depart="442" departLane = "2" departSpeed="11.180000"/>
	<vehicle id="car_335" type="car7" route="4" depart="443" departLane = "0" departSpeed="11.180000"/>
	<vehicle id="car_336" type="car7" route="5" depart="445" departLane = "2" departSpeed="11.180000"/>
	<vehicle id="car_337" type="car7" route="2" depart="446" departLane = "1" departSpeed="11.180000"/>
	<vehicle id="car_338" type="car6" route="0" depart="447" departLane = "2" departSpeed="11.180000"/>
	<vehicle id="car_339" type="car5" route="6" depart="448" departLane = "2" departSpeed="11.180000"/>
	<vehicle id="car_340" type="car7" route="3" depart="451" departLane = "1" departSpeed="11.180000"/>
	<vehicle id="car_341" type="car7" route="0" depart="453" departLane = "1" departSpeed="11.180000"/>
	<vehicle id="car_342" type="car8" route="4" depart="455" departLane = "1" departSpeed="11.180000"/>
	<vehicle id="car_343" type="car7" route="7" depart="456" departLane = "1" departSpeed="11.180000"/>
	<vehicle id="car_344" type="car7" route="1" depart="456" departLane = "0" departSpeed="11.180000"/>
	<vehicle id="car_345" type="car7" route="4" depart="457" departLane = "2" departSpeed="11.180000"/>
	<vehicle id="car_346" type="car8" route="5" depart="458" departLane = "2" departSpeed="11.180000"/>
	<vehicle id="car_347" type="car6" route="5" depart="459" departLane = "2" departSpeed="11.180000"/>
	<vehicle id="car_348" type="car6" route="0" depart="460" departLane = "0" departSpeed="11.180000"/>
	<vehicle id="car_349" type="car9" route="7" depart="460" departLane = "2" departSpeed="11.180000"/>
	<vehicle id="car_350" type="car6" route="3" depart="461" departLane = "2" departSpeed="11.180000"/>
	<vehicle id="car_351" type="car9" route="3" depart="462" departLane = "0" departSpeed="11.180000"/>
	<vehicle id="car_352" type="car7" route="0" depart="463" departLane = "0" departSpeed="11.180000"/>
	<vehicle id="car_353" type="car6" route="6" depart="463" departLane = "0" departSpeed="11.180000"/>
	<vehicle id="car_354" type="car8" route="3" depart="464" departLane = "0" departSpeed="11.180000"/>
	<vehicle id="car_355" type="car5" route="1" depart="465" departLane = "2" departSpeed="11.180000"/>
	<vehicle id="car_356" type="car5" route="1" depart="466" departLane = "0" departSpeed="11.180000"/>
	<vehicle id="car_357" type="car8" route="5" depart="469" departLane = "2" departSpeed="11.180000"/>
	<vehicle id="car_358" type="car5" route="5" depart="471" departLane = "2" departSpeed="11.180000"/>
	<vehicle id="car_359" type="car9" route="7" depart="474" departLane = "1" departSpeed="11.180000"/>
	<vehicle id="car_360" type="car6" route="0" depart="476" departLane = "0" departSpeed="11.180000"/>
	<vehicle id="car_361" type="car8" route="4" depart="476" departLane = "1" departSpeed="11.180000"/>
	<vehicle id="car_362" type="car5" route="5" depart="478" departLane = "2" departSpeed="11.180000"/>
	<vehicle id="car_363" type="car7" route="2" depart="479" departLane = "0" departSpeed="11.180000"/>
	<vehicle id="car_364" type="car7" route="1" depart="479" departLane = "1" departSpeed="11.180000"/>
	<vehicle id="car_365" type="car8" route="7" depart="484" departLane = "1" departSpeed="11.180000"/>
	<vehicle id="car_366" type="car8" route="6" depart="487" departLane = "0" departSpeed="11.180000"/>
	<vehicle id="car_367" type="car9" route="7" depart="488" departLane = "0" departSpeed="11.180000"/>
	<vehicle id="car_368" type="car9" route="4" depart="489" departLane = "0" departSpeed="11.180000"/>
	<vehicle id="car_369" type="car7" route="1" depart="490" departLane = "0" departSpeed="11.180000"/>
	<vehicle id="car_370" type="car9" route="3" depart="492" departLane = "1" departSpeed="11.180000"/>
	<vehicle id="car_371" type="car6" route="2" depart="494" departLane = "0" departSpeed="11.180000"/>
	<vehicle id="car_372" type="car6" route="5" depart="494" departLane = "0" departSpeed="11.180000"/>
	<vehicle id="car_373" type="car7" route="2" depart="497" departLane = "2" departSpeed="11.180000"/>
	<vehicle id="car_374" type="car8" route="3" depart="498" departLane = "1" departSpeed="11.180000"/>
	<vehicle id="car_375" type="car6" route="6" depart="498" departLane = "1" departSpeed="11.180000"/>
	<vehicle id="car_376" type="car9" route="7" depart="499" departLane = "0" departSpeed="11.180000"/>
	<vehicle id="car_377" type="car9" route="1" depart="499" departLane = "2" departSpeed="11.180000"/>
	<vehicle id="car_378" type="car6" route="4" depart="500" departLane = "2" departSpeed="11.180000"/>
	<vehicle id="car_379" type="car5" route="2" depart="501" departLane = "2" departSpeed="11.180000"/>
	<vehicle id="car_380" type="car7" route="4" depart="501" departLane = "1" departSpeed="11.180000"/>
	<vehicle id="car_381" type="car8" route="0" depart="502" departLane = "1" departSpeed="11.180000"/>
	<vehicle id="car_382" type="car7" route="3" depart="504" departLane = "0" departSpeed="11.180000"/>
	<vehicle id="car_383" type="car7" route="4" depart="504" departLane = "0" departSpeed="11.180000"/>
	<vehicle id="car_384" type="car6" route="2" depart="506" departLane = "1" departSpeed="11.180000"/>
	<vehicle id="car_385" type="car9" route="1" depart="508" departLane = "0" departSpeed="11.180000"/>
	<vehicle id="car_386" type="car8" route="3" depart="508" departLane = "2" departSpeed="11.180000"/>
	<vehicle id="car_387" type="car6" route="3" depart="510" departLane = "1" departSpeed="11.180000"/>
	<vehicle id="car_388" type="car7" route="6" depart="512" departLane = "1" departSpeed="11.180000"/>
	<vehicle id="car_389" type="car9" route="1" depart="519" departLane = "2" departSpeed="11.180000"/>
	<vehicle id="car_390" type="car8" route="5" depart="520" departLane = "1" departSpeed="11.180000"/>
	<vehicle id="car_391" type="car6" route="1" depart="520" departLane = "1" departSpeed="11.180000"/>
	<vehicle id="car_392" type="car7" route="7" depart="521" departLane = "2" departSpeed="11.180000"/>
	<vehicle id="car_393" type="car7" route="7" depart="522" departLane = "0" departSpeed="11.180000"/>
	<vehicle id="car_394" type="car8" route="1" depart="523" departLane = "1" departSpeed="11.180000"/>
	<vehicle id="car_395" type="car9" route="0" depart="529" departLane = "2" departSpeed="11.180000"/>
	<vehicle id="car_396" type="car9" route="1" depart="530" departLane = "0" departSpeed="11.180000"/>
	<vehicle id="car_397" type="car9" route="2" depart="531" departLane = "2" departSpeed="11.180000"/>
	<vehicle id="car_398" type="car5" route="5" depart="532" departLane = "2" departSpeed="11.180000"/>
	<vehicle id="car_399" type="car9" route="0" depart="533" departLane = "0" departSpeed="11.180000"/>
	<vehicle id="car_400" type="car8" route="7" depart="533" departLane = "2" departSpeed="11.180000"/>
	<vehicle id="car_401" type="car8" route="7" depart="534" departLane = "0" departSpeed="11.180000"/>
	<vehicle id="car_402" type="car5" route="5" depart="535" departLane = "2" departSpeed="11.180000"/>
	<vehicle id="car_403" type="car7" route="1" depart="537" departLane = "0" departSpeed="11.180000"/>
	<vehicle id="car_404" type="car7" route="5" depart="539" departLane = "1" departSpeed="11.180000"/>
	<vehicle id="car_405" type="car7" route="3" depart="539" departLane = "0" departSpeed="11.180000"/>
	<vehicle id="car_406" type="car6" route="0" depart="541" departLane = "0" departSpeed="11.180000"/>
	<vehicle id="car_407" type="car8" route="5" depart="541" departLane = "2" departSpeed="11.180000"/>
	<vehicle id="car_408" type="car6" route="3" depart="541" departLane = "0" departSpeed="11.180000"/>
	<vehicle id="car_409" type="car7" route="1" depart="542" departLane = "1" departSpeed="11.180000"/>
	<vehicle id="car_410" type="car8" route="5" depart="543" departLane = "0" departSpeed="11.180000"/>
	<vehicle id="car_411" type="car6" route="3" depart="543" departLane = "0" departSpeed="11.180000"/>
	<vehicle id="car_412" type="car9" route="6" depart="544" departLane = "0" departSpeed="11.180000"/>
	<vehicle id="car_413" type="car6" route="4" depart="546" departLane = "2" departSpeed="11.180000"/>
	<vehicle id="car_414" type="car6" route="4" depart="547" departLane = "2" departSpeed="11.180000"/>
	<vehicle id="car_415" type="car6" route="5" depart="548" departLane = "0" departSpeed="11.180000"/>
	<vehicle id="car_416" type="car7" route="1" depart="550" departLane = "1" departSpeed="11.180000"/>
	<vehicle id="car_417" type="car8" route="3" depart="550" departLane = "0" departSpeed="11.180000"/>
	<vehicle id="car_418" type="car6" route="2" depart="551" departLane = "1" departSpeed="11.180000"/>
	<vehicle id="car_419" type="car7" route="1" depart="551" departLane = "0" departSpeed="11.180000"/>
	<vehicle id="car_420" type="car9" route="5" depart="553" departLane = "0" departSpeed="11.180000"/>
	<vehicle id="car_421" type="car6" route="6" depart="554" departLane = "0" departSpeed="11.180000"/>
	<vehicle id="car_422" type="car9" route="7" depart="555" departLane = "1" departSpeed="11.180000"/>
	<vehicle id="car_423" type="car6" route="3" depart="558" departLane = "1" departSpeed="11.180000"/>
	<vehicle id="car_424" type="car8" route="0" depart="561" departLane = "1" departSpeed="11.180000"/>
	<vehicle id="car_425" type="car6" route="2" depart="561" departLane = "2" departSpeed="11.180000"/>
	<vehicle id="car_426" type="car7" route="0" depart="565" departLane = "1" departSpeed="11.180000"/>
	<vehicle id="car_427" type="car8" route="5" depart="569" departLane = "0" departSpeed="11.180000"/>
	<vehicle id="car_428" type="car5" route="5" depart="572" departLane = "0" departSpeed="11.180000"/>
	<vehicle id="car_429" type="car9" route="4" depart="573" departLane = "2" departSpeed="11.180000"/>
	<vehicle id="car_430" type="car7" route="1" depart="574" departLane = "2" departSpeed="11.180000"/>
	<vehicle id="car_431" type="car7" route="7" depart="575" departLane = "2" departSpeed="11.180000"/>
	<vehicle id="car_432" type="car6" route="5" depart="579" departLane = "2" departSpeed="11.180000"/>
	<vehicle id="car_433" type="car5" route="4" depart="579" departLane = "2" departSpeed="11.180000"/>
	<vehicle id="car_434" type="car7" route="0" depart="581" departLane = "0" departSpeed="11.180000"/>
	<vehicle id="car_435" type="car7" route="3" depart="581" departLane = "1" departSpeed="11.180000"/>
	<vehicle id="car_436" type="car9" route="6" depart="581" departLane = "2" departSpeed="11.180000"/>
	<vehicle id="car_437" type="car5" route="3" depart="582" departLane = "2" departSpeed="11.180000"/>
	<vehicle id="car_438" type="car5" route="6" depart="582" departLane = "0" departSpeed="11.180000"/>
	<vehicle id="car_439" type="car9" route="5" depart="583" departLane = "2" departSpeed="11.180000"/>
	<vehicle id="car_440" type="car6" route="6" depart="583" departLane = "0" departSpeed="11.180000"/>
	<vehicle id="car_441" type="car7" route="1" depart="584" departLane = "2" departSpeed="11.180000"/>
	<vehicle id="car_442" type="car5" route="4" depart="585" departLane = "0" departSpeed="11.180000"/>
	<vehicle id="car_443" type="car7" route="6" depart="585" departLane = "1" departSpeed="11.180000"/>
	<vehicle id="car_444" type="car5" route="4" depart="586" departLane = "0" departSpeed="11.180000"/>
	<vehicle id="car_445" type="car5" route="3" depart="589" departLane = "2" departSpeed="11.180000"/>
	<vehicle id="car_446" type="car6" route="3" depart="590" departLane = "1" departSpeed="11.180000"/>
	<vehicle id="car_447" type="car6" route="5" depart="593" departLane = "1" departSpeed="11.180000"/>
	<vehicle id="car_448" type="car6" route="7" depart="594" departLane = "1" departSpeed="11.180000"/>
	<vehicle id="car_449" type="car8" route="4" depart="594" departLane = "1" departSpeed="11.180000"/>
	<vehicle id="car_450" type="car6" route="7" depart="597" departLane = "0" departSpeed="11.180000"/>
	<vehicle id="car_451" type="car9" route="7" depart="598" departLane = "1" departSpeed="11.180000"/>
	<vehicle id="car_452" type="car7" route="7" depart="599" departLane = "0" departSpeed="11.180000"/>
</routes>
