{"car_468": [1, 2], "car_469": [2, 7], "car_466": [3, 6], "car_467": [5, 1], "car_464": [1, 0], "car_465": [0, 2], "car_462": [2, 3], "car_463": [5, 4], "car_460": [5, 3], "car_461": [0, 5], "car_211": [4, 5], "car_210": [3, 6], "car_213": [3, 0], "car_212": [4, 2], "car_215": [7, 4], "car_214": [7, 1], "car_217": [1, 2], "car_216": [4, 5], "car_219": [6, 4], "car_218": [2, 5], "car_352": [5, 1], "car_353": [7, 2], "car_354": [4, 1], "car_355": [0, 5], "car_356": [2, 0], "car_357": [6, 1], "car_10": [1, 6], "car_11": [2, 1], "car_12": [6, 1], "car_13": [4, 5], "car_14": [3, 7], "car_15": [3, 6], "car_16": [5, 7], "car_17": [0, 1], "car_18": [4, 6], "car_19": [4, 7], "car_422": [6, 3], "car_423": [0, 2], "car_420": [6, 4], "car_421": [5, 6], "car_426": [7, 3], "car_427": [7, 3], "car_424": [5, 7], "car_425": [5, 0], "car_428": [3, 4], "car_429": [2, 4], "car_255": [1, 0], "car_254": [0, 6], "car_257": [2, 5], "car_256": [1, 4], "car_251": [2, 5], "car_250": [6, 1], "car_253": [7, 1], "car_252": [4, 7], "car_394": [7, 1], "car_395": [1, 4], "car_396": [4, 3], "car_397": [7, 5], "car_259": [1, 6], "car_258": [1, 4], "car_392": [5, 1], "car_393": [6, 4], "car_158": [1, 2], "car_159": [0, 7], "car_156": [2, 5], "car_157": [3, 4], "car_154": [5, 2], "car_155": [1, 5], "car_152": [7, 6], "car_153": [6, 3], "car_150": [1, 3], "car_151": [2, 3], "car_350": [1, 4], "car_351": [5, 0], "car_457": [0, 7], "car_456": [5, 4], "car_455": [7, 0], "car_454": [0, 3], "car_453": [1, 6], "car_452": [7, 4], "car_451": [3, 5], "car_450": [0, 1], "car_459": [5, 0], "car_458": [7, 6], "car_321": [5, 3], "car_320": [6, 4], "car_323": [3, 2], "car_322": [0, 2], "car_325": [1, 4], "car_324": [6, 5], "car_327": [6, 5], "car_326": [3, 7], "car_329": [3, 5], "car_328": [3, 0], "car_268": [2, 4], "car_140": [4, 7], "car_144": [5, 7], "car_260": [2, 1], "car_189": [2, 7], "car_188": [0, 4], "car_261": [1, 2], "car_185": [0, 6], "car_184": [4, 2], "car_187": [3, 4], "car_186": [4, 5], "car_181": [3, 6], "car_180": [6, 3], "car_183": [3, 0], "car_182": [5, 0], "car_263": [3, 4], "car_299": [2, 5], "car_113": [2, 6], "car_110": [4, 6], "car_111": [6, 2], "car_116": [6, 5], "car_117": [2, 4], "car_114": [4, 1], "car_115": [2, 0], "car_291": [3, 5], "car_290": [4, 1], "car_118": [7, 3], "car_119": [3, 6], "car_295": [2, 6], "car_294": [1, 7], "car_297": [0, 3], "car_296": [7, 5], "car_54": [1, 3], "car_55": [6, 0], "car_56": [0, 2], "car_57": [1, 0], "car_50": [4, 5], "car_51": [6, 2], "car_52": [7, 1], "car_53": [2, 3], "car_58": [5, 7], "car_59": [6, 2], "car_365": [2, 6], "car_364": [5, 3], "car_367": [4, 2], "car_366": [5, 4], "car_361": [5, 0], "car_360": [4, 6], "car_363": [0, 2], "car_362": [5, 2], "car_413": [2, 4], "car_412": [0, 7], "car_411": [5, 6], "car_410": [3, 4], "car_369": [7, 0], "car_368": [3, 7], "car_415": [4, 3], "car_414": [3, 0], "car_167": [3, 2], "car_166": [1, 7], "car_165": [0, 7], "car_164": [6, 3], "car_163": [6, 4], "car_162": [3, 0], "car_161": [2, 5], "car_160": [1, 6], "car_206": [5, 1], "car_207": [2, 1], "car_204": [5, 7], "car_205": [4, 7], "car_202": [6, 5], "car_203": [4, 2], "car_169": [0, 1], "car_168": [4, 0], "car_6": [3, 7], "car_7": [4, 7], "car_4": [6, 5], "car_5": [2, 3], "car_2": [3, 7], "car_3": [2, 3], "car_0": [0, 3], "car_1": [5, 1], "car_8": [1, 4], "car_9": [1, 4], "car_98": [1, 6], "car_99": [2, 6], "car_90": [3, 5], "car_91": [7, 2], "car_92": [1, 3], "car_93": [7, 6], "car_94": [3, 6], "car_95": [7, 4], "car_96": [3, 4], "car_97": [0, 3], "car_242": [5, 1], "car_243": [7, 4], "car_240": [1, 6], "car_241": [6, 5], "car_246": [5, 4], "car_247": [3, 1], "car_244": [1, 5], "car_245": [3, 5], "car_248": [4, 6], "car_249": [6, 2], "car_129": [4, 6], "car_128": [4, 7], "car_123": [4, 1], "car_122": [3, 2], "car_121": [7, 5], "car_120": [3, 4], "car_127": [0, 2], "car_126": [2, 4], "car_125": [4, 1], "car_124": [5, 6], "car_444": [1, 2], "car_445": [6, 4], "car_446": [5, 7], "car_447": [3, 1], "car_440": [3, 5], "car_441": [2, 0], "car_442": [0, 3], "car_443": [5, 3], "car_448": [3, 6], "car_349": [0, 6], "car_237": [5, 1], "car_236": [6, 3], "car_235": [6, 2], "car_234": [0, 2], "car_233": [1, 6], "car_232": [3, 1], "car_338": [6, 3], "car_339": [2, 6], "car_336": [6, 3], "car_337": [4, 5], "car_334": [0, 3], "car_335": [5, 6], "car_332": [0, 5], "car_333": [2, 0], "car_330": [6, 4], "car_238": [7, 5], "car_408": [5, 2], "car_409": [7, 1], "car_347": [1, 7], "car_346": [7, 1], "car_402": [4, 7], "car_403": [7, 6], "car_198": [7, 6], "car_199": [3, 0], "car_192": [6, 1], "car_193": [2, 0], "car_190": [5, 2], "car_191": [7, 1], "car_196": [4, 7], "car_197": [0, 4], "car_194": [4, 1], "car_195": [3, 2], "car_279": [2, 0], "car_278": [4, 6], "car_36": [2, 0], "car_37": [3, 2], "car_34": [5, 2], "car_35": [4, 5], "car_32": [0, 5], "car_33": [4, 7], "car_30": [0, 4], "car_31": [2, 1], "car_38": [3, 7], "car_39": [7, 3], "car_286": [4, 0], "car_287": [6, 5], "car_284": [1, 4], "car_285": [1, 2], "car_282": [4, 7], "car_283": [1, 4], "car_280": [1, 3], "car_281": [2, 5], "car_288": [5, 4], "car_289": [4, 7], "car_178": [7, 6], "car_179": [7, 1], "car_43": [4, 2], "car_42": [7, 2], "car_41": [7, 5], "car_40": [0, 3], "car_47": [1, 2], "car_46": [0, 3], "car_45": [7, 4], "car_44": [0, 4], "car_49": [7, 0], "car_48": [3, 0], "car_372": [1, 5], "car_373": [1, 2], "car_370": [4, 0], "car_371": [7, 1], "car_376": [4, 2], "car_377": [2, 5], "car_374": [4, 0], "car_375": [5, 1], "car_400": [3, 4], "car_401": [6, 7], "car_378": [6, 5], "car_379": [1, 0], "car_404": [6, 7], "car_405": [5, 7], "car_406": [2, 3], "car_407": [2, 5], "car_174": [4, 2], "car_175": [3, 6], "car_176": [0, 3], "car_177": [3, 5], "car_170": [4, 3], "car_171": [3, 7], "car_172": [2, 7], "car_173": [0, 4], "car_273": [5, 2], "car_272": [3, 7], "car_271": [7, 3], "car_270": [7, 2], "car_277": [3, 6], "car_276": [1, 5], "car_275": [2, 0], "car_274": [1, 5], "car_112": [7, 5], "car_298": [7, 1], "car_358": [5, 3], "car_307": [5, 0], "car_306": [2, 0], "car_305": [0, 5], "car_304": [5, 1], "car_303": [5, 3], "car_302": [2, 4], "car_301": [5, 2], "car_300": [4, 7], "car_293": [5, 6], "car_309": [7, 4], "car_308": [0, 6], "car_292": [2, 0], "car_359": [2, 3], "car_78": [6, 1], "car_79": [5, 3], "car_72": [1, 4], "car_73": [3, 7], "car_70": [3, 5], "car_71": [4, 5], "car_76": [4, 3], "car_77": [6, 1], "car_74": [2, 6], "car_75": [7, 0], "car_87": [7, 5], "car_86": [7, 6], "car_85": [7, 5], "car_84": [0, 6], "car_83": [5, 1], "car_82": [1, 2], "car_81": [3, 1], "car_80": [1, 5], "car_89": [7, 2], "car_88": [6, 7], "car_138": [1, 0], "car_139": [3, 1], "car_130": [1, 5], "car_131": [4, 7], "car_132": [1, 7], "car_133": [7, 0], "car_134": [1, 7], "car_135": [1, 2], "car_136": [3, 5], "car_137": [6, 2], "car_471": [3, 7], "car_470": [5, 2], "car_473": [7, 4], "car_472": [7, 2], "car_475": [5, 0], "car_474": [2, 7], "car_477": [2, 5], "car_476": [7, 0], "car_479": [4, 2], "car_478": [7, 3], "car_224": [5, 0], "car_225": [7, 2], "car_226": [7, 2], "car_227": [7, 1], "car_220": [7, 4], "car_221": [4, 6], "car_222": [7, 0], "car_223": [1, 3], "car_343": [2, 3], "car_342": [7, 3], "car_341": [6, 7], "car_340": [7, 3], "car_228": [3, 1], "car_229": [6, 5], "car_345": [6, 3], "car_344": [3, 2], "car_449": [6, 7], "car_231": [2, 1], "car_230": [5, 2], "car_419": [1, 3], "car_418": [3, 4], "car_239": [4, 5], "car_331": [6, 2], "car_25": [7, 4], "car_24": [7, 3], "car_27": [7, 6], "car_26": [1, 2], "car_21": [3, 0], "car_20": [7, 0], "car_23": [6, 7], "car_22": [7, 2], "car_488": [3, 6], "car_417": [1, 5], "car_29": [2, 4], "car_28": [4, 6], "car_416": [2, 3], "car_208": [3, 7], "car_209": [5, 1], "car_435": [3, 1], "car_434": [6, 1], "car_437": [5, 1], "car_436": [2, 5], "car_431": [7, 4], "car_430": [3, 5], "car_433": [4, 3], "car_432": [3, 5], "car_398": [4, 3], "car_439": [2, 6], "car_438": [2, 1], "car_399": [6, 1], "car_389": [4, 1], "car_388": [0, 1], "car_387": [7, 3], "car_386": [6, 0], "car_385": [6, 5], "car_384": [3, 1], "car_383": [7, 3], "car_382": [3, 4], "car_381": [2, 7], "car_380": [3, 1], "car_141": [1, 6], "car_269": [6, 1], "car_143": [3, 1], "car_142": [3, 2], "car_145": [4, 5], "car_200": [0, 4], "car_147": [3, 1], "car_146": [2, 3], "car_149": [3, 5], "car_148": [3, 0], "car_262": [6, 1], "car_201": [0, 6], "car_264": [1, 5], "car_265": [6, 1], "car_266": [3, 2], "car_267": [4, 7], "car_480": [2, 4], "car_481": [7, 2], "car_390": [6, 2], "car_482": [7, 1], "car_391": [2, 3], "car_483": [6, 7], "car_484": [5, 7], "car_485": [5, 6], "car_486": [3, 4], "car_487": [4, 0], "car_314": [7, 2], "car_315": [0, 3], "car_316": [2, 1], "car_317": [3, 6], "car_310": [5, 4], "car_311": [7, 2], "car_312": [6, 4], "car_313": [5, 7], "car_318": [3, 7], "car_319": [4, 2], "car_69": [3, 7], "car_68": [2, 4], "car_61": [6, 5], "car_60": [1, 5], "car_63": [5, 7], "car_62": [6, 1], "car_65": [7, 1], "car_64": [1, 6], "car_67": [0, 4], "car_66": [1, 7], "car_348": [6, 1], "car_105": [2, 6], "car_104": [2, 1], "car_107": [6, 3], "car_106": [4, 7], "car_101": [0, 1], "car_100": [4, 2], "car_103": [0, 2], "car_102": [5, 6], "car_109": [1, 2], "car_108": [0, 7]}