{"car_2009": [2, 4], "car_2229": [0, 3], "car_2228": [6, 1], "car_468": [0, 7], "car_469": [2, 5], "car_466": [5, 7], "car_467": [3, 7], "car_464": [1, 6], "car_465": [2, 0], "car_462": [6, 2], "car_463": [2, 4], "car_460": [5, 2], "car_461": [7, 4], "car_817": [7, 4], "car_816": [2, 0], "car_815": [3, 1], "car_814": [7, 1], "car_813": [5, 7], "car_812": [3, 5], "car_2072": [2, 1], "car_811": [1, 3], "car_2073": [7, 1], "car_810": [5, 3], "car_679": [7, 1], "car_678": [5, 2], "car_677": [3, 4], "car_676": [1, 3], "car_675": [7, 4], "car_674": [5, 4], "car_673": [0, 2], "car_672": [3, 2], "car_671": [2, 0], "car_670": [4, 0], "car_2078": [6, 3], "car_2079": [2, 4], "car_2341": [4, 5], "car_2223": [4, 7], "car_789": [2, 1], "car_788": [4, 2], "car_2222": [7, 6], "car_783": [3, 4], "car_782": [1, 5], "car_781": [5, 0], "car_780": [2, 5], "car_787": [3, 1], "car_786": [2, 5], "car_785": [0, 3], "car_784": [6, 2], "car_2220": [2, 3], "car_0": [5, 1], "car_2227": [3, 2], "car_1179": [4, 5], "car_2375": [6, 1], "car_2226": [5, 1], "car_2225": [0, 4], "car_2224": [6, 1], "car_255": [5, 2], "car_254": [2, 5], "car_257": [1, 6], "car_256": [7, 4], "car_251": [1, 5], "car_250": [5, 2], "car_253": [6, 7], "car_252": [4, 5], "car_1961": [6, 0], "car_1960": [4, 7], "car_1963": [3, 1], "car_1962": [7, 4], "car_259": [2, 0], "car_258": [0, 5], "car_1967": [0, 1], "car_1966": [3, 7], "car_1170": [4, 2], "car_1171": [6, 3], "car_1565": [6, 7], "car_1564": [4, 5], "car_1567": [2, 7], "car_1566": [0, 1], "car_1561": [4, 1], "car_1560": [3, 6], "car_1563": [3, 4], "car_1562": [0, 3], "car_1569": [1, 7], "car_1568": [7, 2], "car_1413": [4, 3], "car_1363": [1, 2], "car_1362": [7, 0], "car_1361": [2, 3], "car_1360": [0, 3], "car_1367": [2, 6], "car_1366": [6, 2], "car_1365": [4, 5], "car_1364": [3, 0], "car_1369": [7, 4], "car_1368": [5, 2], "car_2376": [0, 2], "car_321": [2, 4], "car_320": [6, 3], "car_323": [4, 3], "car_322": [1, 3], "car_325": [4, 2], "car_324": [5, 2], "car_327": [0, 7], "car_326": [6, 4], "car_329": [4, 0], "car_328": [7, 5], "car_1107": [3, 7], "car_1106": [1, 6], "car_1105": [2, 0], "car_1104": [0, 4], "car_1103": [4, 7], "car_1102": [1, 0], "car_1101": [7, 5], "car_1100": [5, 4], "car_1109": [5, 7], "car_1108": [4, 1], "car_1297": [7, 3], "car_1296": [2, 0], "car_1295": [0, 5], "car_1294": [6, 5], "car_1293": [3, 5], "car_1292": [1, 3], "car_1291": [2, 4], "car_1290": [6, 7], "car_1299": [2, 6], "car_1298": [1, 7], "car_2036": [1, 3], "car_2037": [4, 5], "car_1039": [7, 5], "car_1038": [2, 1], "car_1749": [0, 7], "car_1748": [6, 2], "car_2030": [2, 6], "car_2031": [1, 6], "car_1033": [1, 6], "car_1032": [7, 0], "car_1031": [5, 4], "car_1030": [4, 1], "car_1037": [0, 3], "car_1036": [6, 1], "car_1035": [4, 6], "car_1034": [3, 5], "car_1589": [2, 7], "car_1588": [4, 1], "car_1583": [4, 7], "car_1582": [7, 2], "car_1581": [2, 1], "car_1580": [7, 3], "car_1587": [3, 2], "car_1586": [7, 4], "car_1585": [5, 7], "car_1584": [0, 1], "car_1852": [1, 5], "car_1906": [0, 2], "car_899": [7, 4], "car_898": [5, 3], "car_897": [0, 2], "car_896": [4, 0], "car_895": [5, 6], "car_894": [6, 4], "car_893": [4, 1], "car_892": [3, 5], "car_891": [5, 6], "car_890": [2, 4], "car_2108": [2, 4], "car_2109": [1, 2], "car_2102": [4, 5], "car_2103": [6, 3], "car_2100": [2, 4], "car_2101": [5, 2], "car_2106": [3, 2], "car_2107": [4, 5], "car_2104": [2, 6], "car_2105": [1, 6], "car_1631": [3, 5], "car_1630": [1, 5], "car_1633": [5, 7], "car_1632": [2, 1], "car_1635": [6, 7], "car_1634": [4, 1], "car_1637": [1, 0], "car_1636": [2, 3], "car_1639": [6, 0], "car_1638": [4, 3], "car_1751": [7, 5], "car_1756": [3, 6], "car_419": [4, 6], "car_418": [3, 7], "car_2218": [7, 5], "car_2219": [0, 7], "car_413": [2, 1], "car_412": [0, 3], "car_411": [6, 7], "car_410": [1, 2], "car_417": [7, 0], "car_416": [5, 3], "car_415": [4, 7], "car_414": [1, 4], "car_1679": [3, 0], "car_1678": [5, 2], "car_527": [5, 6], "car_526": [2, 4], "car_525": [3, 2], "car_524": [1, 2], "car_523": [0, 1], "car_522": [6, 5], "car_521": [3, 0], "car_520": [2, 4], "car_1671": [6, 1], "car_1889": [6, 1], "car_529": [1, 4], "car_528": [7, 5], "car_1884": [3, 1], "car_1885": [4, 0], "car_2368": [5, 1], "car_668": [5, 2], "car_669": [3, 7], "car_664": [2, 5], "car_665": [5, 4], "car_666": [7, 4], "car_667": [2, 3], "car_660": [5, 0], "car_661": [7, 2], "car_662": [3, 1], "car_663": [6, 2], "car_1854": [2, 7], "car_798": [2, 4], "car_799": [5, 2], "car_790": [7, 0], "car_791": [1, 7], "car_792": [6, 1], "car_793": [2, 3], "car_794": [1, 7], "car_795": [3, 0], "car_796": [4, 0], "car_797": [0, 4], "car_242": [3, 4], "car_243": [2, 7], "car_240": [6, 0], "car_241": [7, 3], "car_246": [1, 4], "car_247": [4, 0], "car_244": [1, 2], "car_245": [5, 3], "car_1914": [0, 4], "car_1915": [5, 7], "car_248": [2, 4], "car_249": [1, 3], "car_1910": [2, 5], "car_1911": [5, 0], "car_1912": [7, 5], "car_1913": [6, 2], "car_1356": [5, 0], "car_1357": [1, 6], "car_1354": [3, 7], "car_1355": [0, 6], "car_1352": [7, 6], "car_1353": [1, 2], "car_1350": [2, 5], "car_1351": [5, 2], "car_1358": [3, 5], "car_1359": [6, 1], "car_1831": [3, 7], "car_1820": [0, 5], "car_1821": [5, 4], "car_1822": [1, 4], "car_1823": [3, 0], "car_1824": [2, 1], "car_1825": [7, 6], "car_338": [4, 7], "car_339": [6, 4], "car_336": [7, 2], "car_337": [3, 2], "car_334": [7, 0], "car_335": [1, 3], "car_332": [2, 7], "car_333": [5, 2], "car_330": [6, 1], "car_331": [0, 3], "car_1138": [0, 2], "car_1139": [2, 5], "car_1132": [4, 0], "car_1133": [6, 2], "car_1130": [7, 0], "car_1131": [1, 4], "car_1136": [2, 3], "car_1137": [3, 1], "car_1134": [1, 6], "car_1135": [3, 6], "car_1839": [7, 2], "car_1838": [2, 1], "car_2029": [6, 5], "car_2028": [7, 6], "car_2021": [4, 5], "car_2020": [3, 2], "car_2023": [2, 0], "car_2022": [0, 4], "car_2025": [4, 2], "car_2024": [1, 6], "car_2027": [3, 4], "car_2026": [2, 6], "car_1008": [7, 6], "car_1009": [1, 6], "car_1006": [6, 4], "car_1007": [5, 2], "car_1004": [7, 1], "car_1005": [1, 7], "car_1002": [2, 3], "car_1003": [5, 0], "car_1000": [4, 2], "car_1001": [6, 1], "car_1924": [1, 2], "car_36": [2, 4], "car_37": [3, 5], "car_34": [6, 0], "car_35": [0, 6], "car_888": [6, 0], "car_889": [0, 1], "car_30": [6, 0], "car_31": [2, 4], "car_884": [5, 1], "car_885": [7, 0], "car_886": [1, 2], "car_887": [4, 0], "car_880": [0, 7], "car_881": [4, 1], "car_882": [0, 1], "car_883": [2, 5], "car_2119": [4, 5], "car_2118": [3, 5], "car_2115": [0, 3], "car_2114": [1, 2], "car_2117": [7, 3], "car_2116": [5, 6], "car_2111": [4, 1], "car_2110": [3, 1], "car_2113": [5, 3], "car_2112": [0, 2], "car_1644": [7, 5], "car_1645": [1, 3], "car_1646": [3, 2], "car_1647": [6, 2], "car_1640": [0, 3], "car_1641": [5, 6], "car_1642": [7, 0], "car_1643": [5, 0], "car_1648": [2, 0], "car_1649": [5, 6], "car_2159": [2, 6], "car_2158": [6, 3], "car_408": [5, 3], "car_409": [7, 3], "car_2203": [5, 7], "car_2202": [4, 1], "car_2205": [2, 4], "car_2204": [6, 1], "car_2207": [7, 5], "car_2206": [5, 4], "car_400": [4, 0], "car_401": [0, 5], "car_402": [2, 0], "car_403": [5, 0], "car_404": [7, 3], "car_405": [1, 4], "car_406": [3, 6], "car_407": [2, 0], "car_1769": [1, 2], "car_534": [0, 6], "car_535": [3, 6], "car_536": [4, 6], "car_537": [2, 4], "car_530": [3, 1], "car_531": [6, 2], "car_532": [5, 3], "car_533": [4, 7], "car_538": [5, 1], "car_539": [7, 2], "car_2310": [0, 3], "car_659": [0, 1], "car_658": [6, 5], "car_651": [4, 1], "car_650": [3, 2], "car_653": [7, 5], "car_652": [0, 5], "car_655": [6, 3], "car_654": [4, 0], "car_657": [4, 5], "car_656": [3, 0], "car_1929": [7, 0], "car_2195": [5, 6], "car_2194": [2, 1], "car_1764": [2, 0], "car_2197": [1, 7], "car_2196": [7, 3], "car_2191": [5, 1], "car_1928": [6, 2], "car_2190": [0, 7], "car_2193": [4, 2], "car_1909": [6, 3], "car_1908": [3, 4], "car_1907": [7, 4], "car_1763": [6, 7], "car_1905": [6, 4], "car_1904": [3, 6], "car_1903": [7, 4], "car_1902": [0, 5], "car_1901": [3, 2], "car_1900": [1, 5], "car_1349": [0, 5], "car_1348": [6, 4], "car_1762": [1, 4], "car_1341": [6, 2], "car_1340": [4, 7], "car_1343": [2, 4], "car_1342": [0, 1], "car_1345": [7, 4], "car_1344": [5, 6], "car_1347": [4, 0], "car_1346": [1, 3], "car_1833": [6, 3], "car_1832": [4, 6], "car_349": [4, 7], "car_348": [1, 4], "car_1837": [0, 5], "car_1836": [4, 5], "car_1835": [1, 7], "car_1834": [7, 5], "car_343": [2, 1], "car_342": [6, 1], "car_341": [4, 3], "car_340": [7, 1], "car_347": [5, 2], "car_346": [0, 6], "car_345": [6, 7], "car_344": [3, 2], "car_2325": [2, 4], "car_1129": [5, 7], "car_1128": [0, 2], "car_1125": [7, 4], "car_1124": [6, 4], "car_1127": [4, 5], "car_1126": [1, 0], "car_1121": [5, 4], "car_1120": [3, 2], "car_1123": [3, 6], "car_1122": [1, 2], "car_1402": [1, 5], "car_2320": [1, 6], "car_1403": [6, 1], "car_2321": [3, 7], "car_1400": [6, 4], "car_1401": [0, 2], "car_1406": [7, 0], "car_1407": [4, 3], "car_1404": [5, 7], "car_1405": [6, 2], "car_2058": [0, 5], "car_2059": [1, 4], "car_2054": [6, 7], "car_2055": [0, 4], "car_2056": [5, 4], "car_2057": [7, 6], "car_2050": [3, 5], "car_2051": [4, 2], "car_2052": [6, 7], "car_2053": [0, 6], "car_1011": [4, 7], "car_1010": [3, 4], "car_1013": [5, 4], "car_1012": [0, 1], "car_1015": [4, 5], "car_1014": [3, 5], "car_1017": [5, 4], "car_1016": [2, 4], "car_1019": [3, 0], "car_1018": [7, 0], "car_25": [6, 0], "car_24": [4, 6], "car_27": [7, 6], "car_26": [2, 0], "car_21": [7, 4], "car_20": [5, 6], "car_23": [3, 2], "car_22": [1, 3], "car_29": [3, 6], "car_28": [1, 0], "car_1657": [5, 4], "car_1656": [2, 6], "car_1655": [0, 4], "car_1654": [6, 5], "car_1653": [4, 6], "car_1652": [7, 0], "car_1651": [0, 7], "car_1650": [1, 0], "car_1659": [6, 4], "car_1658": [7, 3], "car_1969": [3, 7], "car_2315": [3, 6], "car_1843": [7, 4], "car_435": [0, 3], "car_434": [6, 3], "car_437": [1, 2], "car_436": [5, 4], "car_431": [2, 1], "car_430": [4, 5], "car_433": [3, 6], "car_432": [7, 4], "car_1846": [4, 5], "car_439": [4, 2], "car_438": [3, 2], "car_1847": [6, 1], "car_2274": [2, 4], "car_2275": [5, 2], "car_2276": [1, 7], "car_2277": [6, 1], "car_2270": [0, 1], "car_2271": [2, 1], "car_2272": [3, 5], "car_2273": [0, 4], "car_1845": [3, 1], "car_2278": [2, 1], "car_2279": [1, 6], "car_1848": [0, 2], "car_2289": [3, 5], "car_1968": [2, 5], "car_1849": [3, 0], "car_2288": [3, 2], "car_1965": [0, 1], "car_1964": [4, 2], "car_501": [4, 1], "car_500": [1, 3], "car_503": [1, 4], "car_502": [6, 0], "car_505": [4, 1], "car_504": [3, 2], "car_507": [1, 4], "car_506": [5, 1], "car_509": [6, 5], "car_508": [4, 6], "car_2302": [7, 3], "car_2303": [3, 1], "car_2304": [4, 1], "car_2305": [6, 3], "car_2306": [2, 4], "car_2307": [1, 4], "car_2281": [0, 6], "car_1745": [1, 7], "car_2280": [6, 4], "car_646": [2, 7], "car_647": [5, 6], "car_644": [2, 6], "car_645": [7, 6], "car_642": [3, 5], "car_643": [6, 0], "car_640": [5, 1], "car_641": [7, 1], "car_2314": [7, 6], "car_648": [7, 5], "car_649": [1, 6], "car_1830": [2, 1], "car_1932": [6, 1], "car_1933": [5, 4], "car_1930": [1, 0], "car_1931": [3, 7], "car_1936": [7, 5], "car_1937": [1, 7], "car_1934": [7, 5], "car_1935": [1, 0], "car_1938": [5, 6], "car_1939": [6, 2], "car_1717": [5, 2], "car_1338": [1, 3], "car_1339": [3, 4], "car_1334": [1, 3], "car_1335": [4, 6], "car_1336": [6, 5], "car_1337": [2, 1], "car_1330": [3, 5], "car_1331": [6, 7], "car_1332": [5, 1], "car_1333": [7, 0], "car_1711": [5, 0], "car_358": [7, 3], "car_359": [4, 2], "car_1804": [1, 5], "car_1805": [3, 0], "car_1802": [0, 4], "car_1803": [7, 5], "car_1800": [1, 2], "car_1801": [4, 6], "car_350": [2, 6], "car_351": [7, 0], "car_352": [1, 5], "car_353": [4, 1], "car_354": [6, 1], "car_355": [0, 2], "car_356": [2, 0], "car_357": [5, 4], "car_1482": [4, 5], "car_1483": [6, 1], "car_1480": [1, 5], "car_1481": [3, 5], "car_1486": [3, 7], "car_1487": [6, 4], "car_1484": [5, 2], "car_1485": [1, 0], "car_1488": [0, 7], "car_1489": [5, 1], "car_1240": [7, 1], "car_1241": [1, 6], "car_1242": [0, 2], "car_1243": [1, 5], "car_1244": [6, 3], "car_1245": [0, 1], "car_1246": [7, 1], "car_1247": [1, 4], "car_1248": [3, 0], "car_1249": [4, 2], "car_1747": [4, 6], "car_2374": [4, 1], "car_1879": [1, 4], "car_2049": [5, 1], "car_2048": [4, 7], "car_2047": [2, 0], "car_2046": [7, 5], "car_2045": [2, 3], "car_2044": [0, 2], "car_2043": [4, 3], "car_2042": [7, 0], "car_2041": [6, 5], "car_2040": [3, 7], "car_1064": [4, 3], "car_1065": [0, 1], "car_1066": [2, 7], "car_1067": [7, 4], "car_1060": [7, 1], "car_1061": [1, 6], "car_1062": [0, 3], "car_1063": [7, 5], "car_1068": [1, 4], "car_1069": [3, 0], "car_1798": [5, 7], "car_1799": [7, 6], "car_10": [2, 7], "car_11": [1, 0], "car_12": [3, 4], "car_13": [6, 4], "car_14": [0, 7], "car_15": [2, 3], "car_16": [5, 3], "car_17": [1, 5], "car_18": [4, 0], "car_19": [2, 3], "car_1668": [1, 5], "car_1669": [7, 2], "car_1662": [3, 0], "car_1663": [4, 0], "car_1660": [0, 4], "car_1661": [2, 5], "car_1666": [2, 7], "car_1667": [7, 3], "car_1664": [6, 5], "car_1665": [0, 7], "car_1468": [3, 7], "car_1469": [0, 1], "car_1460": [1, 3], "car_1461": [3, 5], "car_1462": [4, 5], "car_1463": [6, 0], "car_1464": [0, 1], "car_1465": [2, 3], "car_1466": [5, 1], "car_1467": [7, 0], "car_422": [1, 5], "car_423": [3, 6], "car_420": [6, 4], "car_421": [7, 4], "car_426": [2, 3], "car_427": [7, 1], "car_424": [4, 2], "car_425": [6, 3], "car_428": [1, 0], "car_429": [3, 5], "car_2377": [2, 3], "car_2267": [7, 0], "car_2266": [5, 2], "car_2265": [4, 5], "car_2264": [3, 4], "car_2263": [7, 4], "car_2262": [0, 1], "car_2261": [6, 4], "car_2260": [4, 3], "car_2371": [2, 1], "car_2269": [6, 4], "car_2268": [4, 7], "car_2373": [1, 2], "car_2372": [5, 3], "car_2008": [0, 7], "car_2370": [6, 4], "car_2319": [7, 1], "car_2318": [5, 7], "car_518": [4, 2], "car_519": [0, 3], "car_516": [6, 7], "car_517": [1, 6], "car_514": [3, 5], "car_515": [4, 7], "car_512": [4, 6], "car_513": [7, 5], "car_510": [2, 3], "car_511": [3, 6], "car_1870": [0, 7], "car_633": [6, 7], "car_632": [4, 0], "car_631": [7, 3], "car_630": [3, 1], "car_637": [6, 5], "car_636": [4, 5], "car_635": [3, 2], "car_634": [2, 5], "car_639": [2, 7], "car_638": [0, 4], "car_189": [7, 4], "car_188": [5, 0], "car_185": [7, 0], "car_184": [0, 7], "car_187": [3, 5], "car_186": [1, 0], "car_181": [1, 5], "car_180": [7, 0], "car_183": [6, 1], "car_182": [6, 3], "car_749": [4, 2], "car_748": [3, 7], "car_747": [1, 3], "car_746": [7, 1], "car_745": [4, 0], "car_744": [3, 7], "car_743": [1, 0], "car_742": [2, 5], "car_741": [0, 6], "car_740": [4, 3], "car_2131": [2, 4], "car_299": [0, 4], "car_298": [6, 1], "car_1927": [2, 0], "car_1926": [0, 3], "car_1921": [3, 7], "car_1920": [1, 4], "car_1923": [7, 0], "car_1922": [4, 5], "car_291": [3, 6], "car_290": [1, 7], "car_293": [0, 1], "car_292": [6, 2], "car_295": [1, 7], "car_294": [2, 0], "car_297": [4, 5], "car_296": [3, 4], "car_1329": [1, 7], "car_1328": [5, 0], "car_1327": [5, 1], "car_1326": [2, 6], "car_1325": [0, 7], "car_1324": [4, 0], "car_1323": [7, 0], "car_1322": [2, 3], "car_1321": [0, 5], "car_1320": [6, 4], "car_365": [1, 5], "car_364": [6, 4], "car_367": [6, 4], "car_366": [4, 2], "car_361": [3, 7], "car_360": [5, 3], "car_363": [4, 7], "car_362": [5, 2], "car_1811": [1, 5], "car_1810": [7, 1], "car_1813": [0, 5], "car_1812": [6, 4], "car_369": [1, 5], "car_368": [2, 0], "car_1817": [4, 3], "car_1816": [1, 4], "car_167": [3, 1], "car_166": [2, 7], "car_165": [0, 5], "car_164": [6, 3], "car_163": [4, 1], "car_162": [3, 1], "car_161": [7, 0], "car_160": [5, 4], "car_169": [0, 4], "car_168": [4, 3], "car_1495": [5, 2], "car_1494": [4, 7], "car_1497": [6, 0], "car_1496": [3, 4], "car_1491": [6, 5], "car_1490": [3, 7], "car_1493": [3, 7], "car_1492": [5, 1], "car_1499": [7, 3], "car_1498": [2, 1], "car_1253": [3, 5], "car_1252": [1, 4], "car_1251": [2, 6], "car_1250": [0, 1], "car_1257": [4, 7], "car_1256": [1, 7], "car_1255": [7, 5], "car_1254": [2, 7], "car_1259": [2, 3], "car_1258": [6, 2], "car_1868": [7, 3], "car_1789": [0, 3], "car_1788": [3, 1], "car_2070": [3, 1], "car_2071": [6, 3], "car_2076": [7, 2], "car_2077": [3, 0], "car_2074": [3, 4], "car_2075": [2, 7], "car_1781": [2, 7], "car_1780": [4, 2], "car_1783": [1, 0], "car_1782": [7, 0], "car_1785": [2, 5], "car_1784": [0, 2], "car_1787": [7, 5], "car_1786": [5, 4], "car_1077": [2, 6], "car_1076": [0, 1], "car_1075": [6, 1], "car_1074": [3, 2], "car_1073": [7, 0], "car_1072": [2, 0], "car_1071": [0, 4], "car_1070": [4, 5], "car_1079": [4, 0], "car_1078": [5, 4], "car_2139": [7, 2], "car_2034": [2, 6], "car_2300": [0, 7], "car_2035": [7, 2], "car_2301": [5, 4], "car_2032": [3, 5], "car_2033": [6, 0], "car_2138": [5, 7], "car_985": [2, 5], "car_984": [0, 6], "car_987": [4, 5], "car_986": [1, 3], "car_981": [5, 1], "car_980": [2, 3], "car_983": [6, 0], "car_982": [1, 0], "car_1675": [4, 7], "car_1674": [7, 3], "car_1677": [2, 6], "car_1676": [6, 1], "car_989": [0, 7], "car_988": [6, 7], "car_1673": [5, 6], "car_1672": [0, 7], "car_1479": [6, 7], "car_1478": [4, 6], "car_1473": [7, 4], "car_1472": [2, 5], "car_1471": [4, 6], "car_1470": [5, 6], "car_1477": [2, 7], "car_1476": [6, 3], "car_1475": [4, 1], "car_1474": [3, 1], "car_1743": [5, 6], "car_1742": [0, 2], "car_2258": [7, 3], "car_2259": [3, 7], "car_2252": [5, 2], "car_2253": [7, 0], "car_2250": [3, 2], "car_2251": [2, 0], "car_2256": [4, 5], "car_2257": [0, 5], "car_2254": [1, 5], "car_2255": [3, 2], "car_2098": [3, 7], "car_2099": [6, 1], "car_2090": [3, 5], "car_2091": [4, 5], "car_2092": [6, 0], "car_2093": [0, 3], "car_2094": [2, 6], "car_2095": [1, 0], "car_2096": [4, 3], "car_2097": [7, 0], "car_569": [4, 3], "car_568": [0, 6], "car_2328": [2, 0], "car_2329": [7, 5], "car_563": [4, 3], "car_562": [3, 7], "car_561": [1, 7], "car_560": [7, 2], "car_567": [6, 5], "car_566": [4, 5], "car_565": [3, 4], "car_564": [7, 1], "car_2331": [4, 0], "car_620": [4, 3], "car_621": [6, 5], "car_622": [7, 1], "car_623": [6, 4], "car_624": [7, 3], "car_625": [1, 6], "car_626": [4, 5], "car_627": [6, 2], "car_628": [2, 5], "car_629": [1, 4], "car_1869": [1, 2], "car_1866": [4, 5], "car_1867": [2, 7], "car_198": [6, 0], "car_199": [2, 0], "car_192": [4, 6], "car_193": [6, 5], "car_190": [0, 3], "car_191": [5, 7], "car_196": [1, 2], "car_197": [4, 2], "car_194": [0, 1], "car_195": [7, 6], "car_758": [2, 5], "car_759": [5, 1], "car_754": [1, 6], "car_755": [3, 6], "car_756": [4, 7], "car_757": [6, 2], "car_750": [2, 3], "car_751": [5, 2], "car_752": [7, 3], "car_753": [7, 2], "car_1940": [0, 7], "car_286": [7, 6], "car_287": [4, 7], "car_284": [2, 7], "car_285": [5, 3], "car_282": [1, 6], "car_283": [6, 0], "car_280": [5, 4], "car_281": [7, 2], "car_1949": [0, 4], "car_288": [5, 6], "car_289": [7, 2], "car_1948": [4, 7], "car_1312": [5, 7], "car_1313": [3, 0], "car_1310": [3, 7], "car_1311": [4, 2], "car_1316": [0, 5], "car_1317": [2, 4], "car_1314": [6, 0], "car_1315": [6, 4], "car_1318": [7, 5], "car_1319": [4, 7], "car_372": [5, 4], "car_373": [5, 7], "car_370": [4, 6], "car_371": [2, 6], "car_376": [3, 7], "car_377": [6, 5], "car_374": [7, 1], "car_375": [1, 3], "car_1864": [5, 1], "car_1865": [1, 2], "car_378": [0, 5], "car_379": [2, 1], "car_1860": [5, 0], "car_1861": [4, 0], "car_1862": [0, 6], "car_1863": [2, 6], "car_174": [2, 1], "car_175": [5, 6], "car_176": [3, 2], "car_177": [6, 2], "car_170": [5, 4], "car_171": [7, 6], "car_172": [1, 4], "car_173": [6, 1], "car_178": [6, 0], "car_179": [2, 4], "car_2338": [4, 3], "car_1266": [0, 4], "car_1267": [5, 0], "car_1264": [2, 4], "car_1265": [1, 2], "car_1262": [4, 7], "car_1263": [6, 5], "car_1260": [5, 3], "car_1261": [7, 5], "car_1268": [7, 3], "car_1269": [3, 4], "car_2065": [0, 2], "car_2064": [4, 7], "car_1048": [6, 0], "car_1049": [2, 6], "car_2061": [5, 3], "car_2060": [6, 0], "car_2063": [3, 1], "car_2062": [7, 3], "car_1042": [5, 4], "car_1043": [1, 0], "car_1040": [1, 3], "car_1041": [2, 3], "car_1046": [1, 0], "car_1047": [3, 0], "car_1044": [3, 1], "car_1045": [4, 6], "car_78": [1, 3], "car_79": [3, 7], "car_72": [5, 7], "car_73": [2, 3], "car_70": [4, 7], "car_71": [6, 1], "car_76": [6, 4], "car_77": [2, 3], "car_74": [7, 0], "car_75": [3, 7], "car_992": [6, 4], "car_993": [1, 3], "car_990": [2, 4], "car_991": [3, 2], "car_996": [2, 6], "car_997": [5, 0], "car_994": [3, 4], "car_995": [0, 4], "car_1688": [7, 4], "car_1689": [1, 7], "car_998": [4, 5], "car_999": [2, 5], "car_1448": [2, 7], "car_1449": [7, 2], "car_1446": [6, 3], "car_1447": [0, 5], "car_1444": [0, 2], "car_1445": [5, 7], "car_1442": [1, 5], "car_1443": [6, 7], "car_1440": [2, 7], "car_1441": [7, 3], "car_2249": [6, 1], "car_2248": [7, 4], "car_2245": [0, 5], "car_2244": [6, 2], "car_2247": [5, 6], "car_2246": [2, 3], "car_2241": [1, 3], "car_2240": [7, 6], "car_2243": [4, 5], "car_2242": [3, 1], "car_2089": [1, 6], "car_2088": [7, 0], "car_2083": [3, 5], "car_2082": [1, 4], "car_2081": [7, 2], "car_2080": [5, 1], "car_2087": [2, 4], "car_2086": [0, 2], "car_2085": [6, 4], "car_2084": [4, 3], "car_578": [6, 0], "car_579": [2, 5], "car_2333": [0, 1], "car_2332": [6, 1], "car_2335": [1, 5], "car_2334": [2, 7], "car_2337": [2, 7], "car_553": [4, 0], "car_570": [2, 1], "car_571": [7, 0], "car_572": [1, 6], "car_573": [3, 6], "car_574": [4, 7], "car_806": [3, 4], "car_576": [5, 3], "car_577": [3, 1], "car_807": [4, 5], "car_800": [7, 3], "car_801": [3, 1], "car_802": [4, 5], "car_2192": [7, 1], "car_803": [6, 2], "car_2067": [5, 1], "car_2066": [2, 5], "car_619": [1, 6], "car_618": [7, 5], "car_615": [1, 2], "car_614": [5, 4], "car_617": [6, 5], "car_616": [3, 1], "car_611": [4, 6], "car_610": [1, 4], "car_613": [0, 5], "car_612": [6, 4], "car_2151": [1, 7], "car_2150": [5, 6], "car_2069": [1, 3], "car_2068": [7, 5], "car_769": [0, 5], "car_768": [6, 3], "car_761": [0, 6], "car_760": [3, 6], "car_763": [5, 0], "car_762": [2, 4], "car_765": [1, 0], "car_764": [7, 5], "car_767": [4, 7], "car_766": [3, 6], "car_2216": [2, 7], "car_2217": [5, 7], "car_2330": [1, 3], "car_2214": [3, 4], "car_2215": [4, 3], "car_2212": [6, 2], "car_2213": [2, 5], "car_2210": [6, 0], "car_2211": [2, 1], "car_575": [2, 6], "car_1305": [3, 1], "car_1304": [7, 2], "car_1307": [5, 0], "car_1306": [4, 5], "car_1301": [1, 3], "car_1300": [7, 4], "car_1303": [5, 1], "car_1302": [2, 6], "car_1309": [1, 2], "car_1308": [7, 5], "car_389": [5, 2], "car_388": [2, 6], "car_387": [0, 1], "car_386": [4, 1], "car_385": [6, 3], "car_384": [4, 0], "car_383": [3, 2], "car_382": [1, 4], "car_381": [7, 2], "car_380": [5, 0], "car_141": [6, 5], "car_140": [4, 0], "car_143": [5, 1], "car_142": [2, 7], "car_145": [4, 2], "car_144": [3, 6], "car_147": [0, 6], "car_146": [0, 1], "car_149": [0, 6], "car_148": [4, 5], "car_1279": [2, 4], "car_1278": [0, 3], "car_1271": [0, 6], "car_1270": [6, 2], "car_1273": [1, 3], "car_1272": [2, 7], "car_1275": [1, 4], "car_1274": [5, 3], "car_1277": [6, 7], "car_1276": [3, 2], "car_2326": [4, 6], "car_2327": [6, 2], "car_1059": [2, 7], "car_1058": [6, 0], "car_1055": [2, 7], "car_1054": [0, 4], "car_1057": [3, 5], "car_1056": [7, 1], "car_1051": [1, 7], "car_1050": [7, 0], "car_1053": [4, 2], "car_1052": [3, 5], "car_69": [3, 7], "car_68": [1, 0], "car_61": [7, 1], "car_60": [5, 6], "car_63": [3, 0], "car_62": [1, 4], "car_65": [2, 1], "car_64": [4, 6], "car_67": [7, 0], "car_66": [5, 4], "car_1693": [1, 0], "car_1692": [7, 0], "car_1691": [5, 3], "car_1690": [4, 2], "car_1697": [2, 4], "car_1696": [0, 6], "car_969": [6, 1], "car_968": [4, 2], "car_967": [7, 0], "car_966": [5, 1], "car_965": [2, 0], "car_964": [0, 1], "car_963": [3, 1], "car_962": [1, 2], "car_961": [7, 3], "car_960": [5, 2], "car_1451": [4, 3], "car_1450": [3, 6], "car_1453": [2, 4], "car_1452": [0, 3], "car_1455": [1, 7], "car_1454": [7, 3], "car_1457": [2, 7], "car_1456": [0, 1], "car_1459": [7, 1], "car_1458": [5, 1], "car_1680": [4, 7], "car_1681": [6, 1], "car_1682": [2, 1], "car_1683": [7, 2], "car_1684": [1, 4], "car_1685": [3, 4], "car_1891": [7, 0], "car_1686": [6, 7], "car_1890": [0, 5], "car_1687": [5, 1], "car_1893": [3, 5], "car_545": [1, 6], "car_544": [5, 1], "car_547": [1, 5], "car_546": [6, 2], "car_541": [4, 6], "car_540": [1, 7], "car_543": [2, 7], "car_542": [5, 1], "car_1895": [2, 3], "car_549": [2, 3], "car_548": [4, 1], "car_819": [2, 1], "car_818": [0, 3], "car_2344": [7, 2], "car_2345": [1, 3], "car_2346": [6, 2], "car_2347": [0, 5], "car_2340": [3, 4], "car_1897": [4, 3], "car_2342": [0, 7], "car_2343": [2, 7], "car_1896": [3, 5], "car_2348": [2, 6], "car_2349": [1, 3], "car_33": [4, 6], "car_1767": [4, 0], "car_1766": [3, 1], "car_1765": [1, 4], "car_608": [7, 4], "car_609": [7, 5], "car_602": [1, 7], "car_603": [3, 1], "car_600": [1, 7], "car_601": [2, 3], "car_606": [2, 7], "car_607": [5, 6], "car_604": [6, 0], "car_605": [0, 6], "car_1761": [5, 0], "car_1760": [2, 7], "car_776": [1, 5], "car_777": [4, 0], "car_774": [5, 2], "car_775": [7, 4], "car_772": [1, 7], "car_773": [0, 1], "car_770": [2, 5], "car_771": [7, 5], "car_1768": [5, 4], "car_778": [7, 1], "car_779": [1, 6], "car_1750": [5, 7], "car_1994": [0, 5], "car_1995": [2, 1], "car_1996": [7, 1], "car_1997": [3, 0], "car_1990": [0, 2], "car_1991": [2, 6], "car_1992": [5, 3], "car_1993": [4, 0], "car_1998": [4, 1], "car_1999": [0, 4], "car_1842": [5, 0], "car_1806": [1, 4], "car_1840": [6, 1], "car_1841": [0, 2], "car_398": [2, 0], "car_399": [5, 0], "car_1844": [1, 6], "car_1807": [3, 6], "car_394": [5, 6], "car_395": [7, 4], "car_396": [5, 3], "car_397": [6, 4], "car_390": [7, 3], "car_391": [4, 2], "car_392": [0, 7], "car_393": [2, 7], "car_158": [3, 2], "car_159": [4, 5], "car_156": [2, 0], "car_157": [1, 3], "car_154": [6, 3], "car_155": [0, 2], "car_152": [1, 5], "car_153": [3, 6], "car_150": [2, 5], "car_151": [5, 7], "car_1208": [1, 0], "car_1209": [3, 0], "car_1204": [1, 5], "car_1205": [3, 0], "car_1206": [0, 7], "car_1207": [7, 0], "car_1200": [6, 2], "car_1201": [0, 1], "car_1202": [2, 1], "car_1203": [5, 4], "car_1808": [6, 7], "car_1809": [2, 1], "car_1510": [1, 4], "car_1511": [3, 2], "car_1512": [0, 4], "car_1513": [2, 0], "car_1514": [7, 0], "car_1515": [6, 3], "car_1516": [1, 4], "car_1517": [3, 7], "car_1518": [4, 3], "car_1519": [6, 5], "car_1198": [1, 0], "car_1199": [3, 2], "car_1194": [3, 7], "car_1195": [4, 1], "car_1196": [0, 6], "car_1197": [5, 0], "car_1190": [1, 7], "car_1191": [4, 6], "car_1192": [5, 2], "car_1193": [1, 2], "car_2126": [2, 5], "car_2127": [7, 2], "car_978": [0, 5], "car_979": [7, 2], "car_974": [5, 0], "car_975": [3, 7], "car_976": [6, 2], "car_977": [7, 5], "car_970": [0, 2], "car_971": [7, 3], "car_972": [4, 7], "car_973": [6, 1], "car_1424": [4, 2], "car_1425": [7, 6], "car_1426": [1, 3], "car_1427": [4, 0], "car_1420": [4, 7], "car_1421": [2, 0], "car_1422": [7, 1], "car_1423": [3, 4], "car_1428": [6, 5], "car_1429": [5, 0], "car_2128": [1, 6], "car_2129": [3, 1], "car_1738": [4, 0], "car_1739": [6, 3], "car_1730": [2, 6], "car_1731": [7, 5], "car_1732": [4, 3], "car_1733": [5, 0], "car_1734": [1, 5], "car_1735": [3, 7], "car_1736": [4, 5], "car_1737": [6, 7], "car_54": [4, 7], "car_55": [0, 1], "car_56": [7, 4], "car_57": [4, 0], "car_50": [0, 5], "car_51": [2, 1], "car_52": [5, 3], "car_53": [1, 3], "car_58": [6, 7], "car_59": [2, 7], "car_552": [1, 3], "car_805": [1, 4], "car_550": [5, 1], "car_551": [7, 3], "car_556": [5, 1], "car_557": [3, 6], "car_554": [6, 1], "car_555": [0, 4], "car_558": [4, 2], "car_559": [2, 5], "car_808": [6, 1], "car_809": [0, 1], "car_2357": [6, 4], "car_2356": [7, 1], "car_2355": [2, 4], "car_2354": [0, 7], "car_2353": [0, 1], "car_2352": [4, 1], "car_2351": [7, 0], "car_2350": [0, 1], "car_2359": [7, 1], "car_2358": [0, 2], "car_1757": [4, 3], "car_2339": [6, 0], "car_703": [2, 3], "car_702": [4, 6], "car_701": [3, 4], "car_700": [7, 6], "car_707": [3, 4], "car_706": [1, 4], "car_705": [6, 5], "car_704": [3, 4], "car_709": [0, 4], "car_708": [4, 0], "car_2221": [5, 6], "car_2308": [3, 0], "car_2309": [6, 3], "car_1987": [1, 6], "car_1986": [6, 3], "car_1985": [3, 2], "car_1984": [1, 6], "car_1983": [2, 3], "car_1982": [0, 1], "car_1981": [4, 7], "car_1980": [3, 2], "car_1989": [6, 4], "car_1988": [3, 5], "car_1855": [5, 2], "car_1796": [0, 3], "car_1857": [3, 4], "car_1856": [1, 5], "car_1851": [7, 4], "car_1850": [0, 5], "car_1853": [3, 5], "car_1797": [2, 3], "car_2336": [4, 6], "car_1859": [2, 6], "car_1794": [1, 5], "car_2230": [2, 0], "car_129": [0, 4], "car_128": [4, 1], "car_2231": [1, 0], "car_123": [4, 3], "car_122": [3, 1], "car_121": [1, 5], "car_120": [5, 0], "car_127": [3, 6], "car_126": [7, 6], "car_125": [2, 5], "car_124": [0, 5], "car_1790": [5, 1], "car_1219": [3, 0], "car_1218": [1, 0], "car_1217": [5, 7], "car_1216": [2, 6], "car_1215": [6, 3], "car_1214": [4, 2], "car_1213": [3, 7], "car_1212": [7, 2], "car_1211": [0, 4], "car_1210": [6, 3], "car_1415": [5, 2], "car_1414": [0, 3], "car_1417": [6, 4], "car_1416": [3, 6], "car_1411": [1, 0], "car_1410": [7, 1], "car_237": [5, 6], "car_236": [2, 3], "car_235": [6, 2], "car_234": [4, 1], "car_233": [1, 0], "car_232": [5, 4], "car_231": [2, 5], "car_230": [4, 3], "car_1412": [3, 0], "car_239": [3, 1], "car_238": [7, 6], "car_1503": [2, 7], "car_1502": [6, 7], "car_1501": [3, 5], "car_1500": [1, 3], "car_1507": [0, 2], "car_1506": [1, 3], "car_1505": [4, 5], "car_1504": [5, 7], "car_1509": [7, 4], "car_1508": [5, 4], "car_1189": [7, 0], "car_1188": [5, 3], "car_1187": [0, 3], "car_1186": [4, 3], "car_1185": [7, 2], "car_1184": [5, 7], "car_1183": [2, 4], "car_1182": [1, 2], "car_1181": [5, 4], "car_1180": [6, 0], "car_2182": [4, 6], "car_2183": [6, 5], "car_2180": [7, 0], "car_2181": [1, 3], "car_2186": [1, 5], "car_2187": [3, 0], "car_2184": [4, 0], "car_2185": [6, 1], "car_2188": [4, 3], "car_2189": [6, 7], "car_949": [1, 4], "car_948": [5, 0], "car_941": [6, 5], "car_940": [4, 7], "car_943": [7, 2], "car_942": [2, 3], "car_945": [6, 5], "car_944": [3, 0], "car_947": [2, 3], "car_946": [0, 7], "car_1437": [3, 7], "car_1436": [1, 7], "car_1435": [7, 4], "car_1434": [0, 3], "car_1433": [6, 7], "car_1432": [4, 3], "car_1431": [3, 1], "car_1430": [1, 4], "car_1439": [6, 1], "car_1438": [4, 6], "car_2238": [6, 0], "car_493": [4, 5], "car_492": [1, 7], "car_491": [7, 2], "car_490": [5, 3], "car_497": [0, 7], "car_496": [6, 3], "car_495": [2, 0], "car_494": [6, 4], "car_499": [7, 1], "car_498": [5, 2], "car_2296": [7, 4], "car_2297": [1, 4], "car_2294": [4, 1], "car_2239": [2, 6], "car_2292": [2, 6], "car_2293": [7, 2], "car_2290": [4, 1], "car_2291": [6, 5], "car_1918": [3, 6], "car_2298": [4, 7], "car_1919": [5, 7], "car_1729": [0, 3], "car_1728": [4, 3], "car_1723": [3, 0], "car_1722": [7, 3], "car_1721": [5, 7], "car_1720": [2, 6], "car_1727": [3, 7], "car_1726": [7, 0], "car_1725": [0, 6], "car_1724": [4, 3], "car_43": [2, 7], "car_42": [6, 4], "car_41": [3, 5], "car_40": [1, 3], "car_47": [5, 4], "car_46": [0, 1], "car_45": [6, 2], "car_44": [3, 0], "car_49": [6, 0], "car_48": [1, 2], "car_1916": [7, 5], "car_1917": [1, 0], "car_1858": [0, 4], "car_831": [2, 3], "car_830": [0, 2], "car_833": [3, 7], "car_832": [5, 6], "car_835": [6, 4], "car_834": [4, 3], "car_837": [1, 4], "car_836": [2, 3], "car_839": [2, 5], "car_838": [0, 5], "car_2360": [1, 7], "car_2361": [3, 7], "car_2366": [6, 4], "car_2367": [2, 6], "car_2364": [3, 2], "car_2365": [4, 7], "car_2168": [0, 5], "car_2169": [2, 3], "car_2160": [5, 2], "car_2161": [7, 4], "car_2162": [1, 6], "car_2163": [4, 6], "car_2164": [2, 3], "car_2165": [5, 0], "car_2166": [3, 4], "car_2167": [4, 2], "car_1941": [2, 5], "car_710": [2, 5], "car_711": [1, 4], "car_712": [4, 1], "car_713": [0, 7], "car_714": [2, 4], "car_715": [5, 6], "car_716": [1, 4], "car_717": [4, 2], "car_718": [7, 2], "car_719": [1, 5], "car_1892": [1, 6], "car_1894": [6, 3], "car_138": [4, 7], "car_139": [7, 5], "car_130": [5, 4], "car_131": [0, 3], "car_132": [2, 4], "car_133": [7, 5], "car_134": [1, 2], "car_135": [6, 5], "car_136": [5, 3], "car_137": [3, 0], "car_1222": [4, 1], "car_1223": [0, 3], "car_1220": [6, 5], "car_1221": [3, 1], "car_1226": [6, 2], "car_1227": [0, 5], "car_1224": [7, 4], "car_1225": [3, 0], "car_1886": [2, 4], "car_1887": [7, 4], "car_1228": [1, 2], "car_1229": [3, 2], "car_1882": [0, 1], "car_1883": [2, 7], "car_1880": [4, 2], "car_1881": [6, 0], "car_224": [4, 0], "car_225": [6, 1], "car_226": [0, 2], "car_227": [2, 5], "car_220": [3, 7], "car_221": [2, 7], "car_222": [5, 0], "car_223": [3, 1], "car_228": [5, 0], "car_229": [7, 5], "car_1086": [4, 5], "car_1087": [6, 0], "car_1084": [1, 6], "car_1085": [7, 5], "car_1082": [2, 7], "car_1083": [7, 2], "car_1080": [6, 1], "car_1081": [0, 4], "car_1088": [7, 6], "car_1089": [1, 3], "car_1536": [0, 3], "car_1537": [5, 1], "car_1534": [5, 6], "car_1535": [3, 6], "car_1532": [6, 5], "car_1533": [0, 6], "car_1530": [5, 0], "car_1531": [1, 3], "car_1538": [3, 1], "car_1539": [4, 5], "car_956": [4, 5], "car_957": [6, 4], "car_954": [7, 4], "car_955": [1, 5], "car_952": [2, 1], "car_953": [5, 6], "car_950": [3, 5], "car_951": [6, 1], "car_1827": [7, 6], "car_2199": [5, 0], "car_2198": [4, 5], "car_958": [0, 4], "car_959": [2, 6], "car_1158": [2, 1], "car_1159": [5, 7], "car_1408": [0, 7], "car_1409": [2, 3], "car_1829": [6, 0], "car_1150": [7, 6], "car_1151": [6, 2], "car_1152": [2, 0], "car_1153": [1, 5], "car_1154": [3, 0], "car_1155": [4, 7], "car_1156": [6, 3], "car_1157": [0, 4], "car_2380": [3, 5], "car_2381": [6, 2], "car_1826": [5, 0], "car_480": [6, 3], "car_481": [0, 6], "car_482": [5, 4], "car_483": [7, 4], "car_484": [3, 6], "car_485": [4, 0], "car_486": [0, 4], "car_487": [2, 3], "car_488": [0, 1], "car_489": [2, 0], "car_2283": [7, 0], "car_2282": [5, 4], "car_2285": [6, 1], "car_2284": [4, 6], "car_2287": [1, 3], "car_2286": [2, 5], "car_853": [3, 4], "car_852": [7, 4], "car_851": [5, 0], "car_582": [0, 1], "car_1718": [7, 0], "car_1719": [6, 3], "car_1716": [4, 7], "car_857": [2, 5], "car_1714": [5, 3], "car_1715": [7, 5], "car_1712": [6, 5], "car_1713": [2, 7], "car_1710": [6, 7], "car_856": [3, 2], "car_1828": [3, 4], "car_855": [2, 6], "car_854": [0, 7], "car_2379": [1, 2], "car_2378": [7, 5], "car_828": [1, 2], "car_829": [3, 1], "car_826": [0, 3], "car_827": [2, 0], "car_824": [4, 3], "car_825": [6, 5], "car_822": [0, 7], "car_823": [1, 4], "car_820": [5, 6], "car_821": [1, 3], "car_2179": [0, 6], "car_2178": [6, 7], "car_2173": [2, 5], "car_2172": [4, 3], "car_2171": [1, 3], "car_2170": [7, 2], "car_2177": [4, 0], "car_2176": [3, 5], "car_2175": [1, 4], "car_2174": [5, 1], "car_729": [6, 7], "car_728": [4, 6], "car_725": [4, 5], "car_724": [2, 1], "car_727": [5, 3], "car_726": [2, 1], "car_721": [2, 6], "car_720": [3, 1], "car_723": [0, 6], "car_722": [7, 3], "car_1795": [6, 0], "car_1792": [1, 3], "car_1793": [0, 2], "car_105": [2, 3], "car_104": [0, 2], "car_107": [1, 7], "car_106": [7, 5], "car_101": [5, 7], "car_100": [0, 2], "car_103": [6, 2], "car_102": [7, 6], "car_1888": [3, 6], "car_109": [4, 5], "car_108": [3, 7], "car_1791": [7, 2], "car_1235": [1, 5], "car_1234": [2, 6], "car_1237": [6, 2], "car_1236": [4, 0], "car_1231": [5, 6], "car_1230": [0, 6], "car_1233": [0, 2], "car_1232": [3, 6], "car_1899": [2, 5], "car_1898": [0, 1], "car_1239": [2, 0], "car_1238": [0, 3], "car_211": [4, 7], "car_210": [1, 5], "car_213": [7, 4], "car_212": [2, 3], "car_215": [3, 7], "car_214": [1, 6], "car_217": [6, 4], "car_216": [4, 0], "car_219": [7, 4], "car_218": [2, 7], "car_1529": [2, 1], "car_1528": [0, 5], "car_1521": [6, 0], "car_1520": [7, 5], "car_1523": [2, 3], "car_1522": [0, 7], "car_1525": [7, 2], "car_1524": [5, 0], "car_1527": [6, 0], "car_1526": [1, 3], "car_2313": [2, 0], "car_2312": [2, 1], "car_2311": [3, 1], "car_923": [0, 2], "car_922": [6, 0], "car_921": [4, 2], "car_920": [3, 1], "car_927": [3, 1], "car_926": [1, 0], "car_925": [5, 0], "car_924": [2, 7], "car_2317": [6, 3], "car_929": [2, 5], "car_928": [4, 5], "car_2316": [4, 5], "car_1149": [2, 5], "car_1148": [0, 1], "car_1419": [3, 1], "car_1418": [7, 3], "car_1143": [5, 4], "car_1142": [6, 2], "car_1141": [3, 6], "car_1140": [5, 3], "car_1147": [6, 1], "car_1146": [3, 4], "car_1145": [1, 5], "car_1144": [7, 2], "car_1099": [0, 2], "car_1098": [4, 6], "car_1091": [4, 3], "car_1090": [3, 4], "car_1093": [0, 1], "car_1092": [6, 5], "car_1095": [7, 2], "car_1094": [5, 7], "car_1097": [3, 5], "car_1096": [1, 0], "car_1701": [0, 3], "car_1700": [4, 1], "car_1703": [5, 7], "car_1702": [2, 4], "car_1705": [4, 3], "car_1704": [3, 7], "car_1707": [5, 6], "car_1706": [0, 1], "car_1709": [4, 2], "car_1708": [3, 0], "car_589": [5, 4], "car_588": [2, 7], "car_859": [3, 7], "car_858": [1, 3], "car_1695": [4, 1], "car_581": [4, 3], "car_580": [7, 4], "car_583": [2, 3], "car_850": [3, 4], "car_585": [3, 4], "car_584": [5, 1], "car_587": [0, 2], "car_586": [4, 7], "car_2002": [7, 5], "car_2148": [3, 5], "car_2149": [2, 6], "car_2146": [0, 6], "car_2147": [5, 1], "car_2144": [1, 2], "car_2145": [6, 1], "car_2142": [5, 2], "car_2143": [7, 2], "car_2140": [4, 2], "car_2141": [6, 3], "car_457": [6, 7], "car_456": [1, 7], "car_455": [5, 0], "car_454": [2, 6], "car_453": [0, 6], "car_452": [6, 5], "car_451": [7, 5], "car_450": [5, 1], "car_1878": [7, 3], "car_459": [2, 6], "car_458": [0, 2], "car_1877": [5, 0], "car_1876": [2, 6], "car_1875": [0, 6], "car_1874": [3, 2], "car_1873": [1, 4], "car_1872": [5, 4], "car_738": [5, 4], "car_739": [1, 2], "car_1871": [2, 4], "car_733": [4, 5], "car_732": [1, 3], "car_32": [5, 3], "car_730": [2, 7], "car_731": [5, 3], "car_736": [4, 6], "car_737": [2, 3], "car_734": [1, 4], "car_735": [3, 4], "car_1976": [4, 6], "car_1977": [2, 3], "car_1698": [5, 1], "car_38": [0, 4], "car_39": [7, 5], "car_2295": [0, 2], "car_1978": [7, 2], "car_1979": [1, 5], "car_112": [1, 7], "car_113": [6, 7], "car_110": [2, 7], "car_111": [5, 1], "car_116": [7, 4], "car_117": [3, 0], "car_114": [2, 1], "car_115": [5, 0], "car_118": [6, 1], "car_119": [0, 5], "car_2299": [6, 5], "car_1950": [5, 1], "car_1951": [0, 4], "car_1952": [5, 1], "car_1953": [7, 6], "car_1954": [4, 0], "car_1955": [6, 7], "car_208": [0, 5], "car_209": [2, 6], "car_206": [1, 3], "car_207": [3, 2], "car_204": [5, 4], "car_205": [7, 4], "car_202": [1, 7], "car_203": [3, 0], "car_200": [5, 4], "car_201": [7, 1], "car_1558": [7, 3], "car_1559": [1, 2], "car_1554": [0, 2], "car_1555": [2, 6], "car_1556": [1, 6], "car_1557": [2, 0], "car_1550": [5, 6], "car_1551": [7, 5], "car_1552": [4, 6], "car_1553": [6, 2], "car_1398": [2, 6], "car_1399": [7, 1], "car_1392": [4, 5], "car_1393": [2, 7], "car_1390": [5, 3], "car_1391": [7, 2], "car_1396": [6, 3], "car_1397": [0, 3], "car_1394": [3, 5], "car_1395": [4, 2], "car_930": [7, 5], "car_931": [3, 4], "car_932": [4, 2], "car_933": [2, 3], "car_934": [5, 6], "car_935": [7, 4], "car_936": [1, 4], "car_937": [0, 6], "car_938": [1, 6], "car_939": [3, 4], "car_6": [6, 4], "car_7": [1, 4], "car_4": [1, 5], "car_5": [4, 1], "car_2": [5, 0], "car_3": [7, 5], "car_1178": [3, 6], "car_1": [3, 0], "car_1176": [2, 6], "car_1177": [7, 4], "car_1174": [6, 1], "car_1175": [0, 5], "car_1172": [2, 4], "car_1173": [5, 3], "car_8": [4, 2], "car_9": [6, 2], "car_1774": [1, 2], "car_1775": [4, 2], "car_1776": [0, 7], "car_1777": [2, 5], "car_1770": [4, 0], "car_1771": [6, 7], "car_1772": [5, 3], "car_1773": [7, 6], "car_1778": [7, 2], "car_1779": [1, 0], "car_98": [5, 7], "car_99": [1, 3], "car_90": [4, 5], "car_91": [0, 7], "car_92": [5, 3], "car_93": [1, 7], "car_94": [3, 1], "car_95": [2, 0], "car_96": [4, 1], "car_97": [6, 4], "car_596": [6, 5], "car_597": [2, 0], "car_594": [1, 0], "car_595": [4, 2], "car_592": [6, 7], "car_593": [2, 7], "car_590": [7, 1], "car_591": [1, 4], "car_598": [5, 3], "car_599": [7, 5], "car_848": [7, 5], "car_849": [1, 2], "car_840": [5, 7], "car_841": [1, 2], "car_842": [3, 2], "car_843": [6, 3], "car_844": [0, 6], "car_845": [1, 2], "car_846": [6, 2], "car_847": [5, 1], "car_1608": [4, 5], "car_1609": [2, 0], "car_2153": [4, 6], "car_2152": [3, 7], "car_2155": [7, 5], "car_2154": [6, 3], "car_2157": [4, 0], "car_2156": [3, 0], "car_1600": [1, 4], "car_1601": [4, 6], "car_1602": [5, 6], "car_1603": [4, 5], "car_1604": [0, 1], "car_1605": [2, 7], "car_1606": [7, 3], "car_1607": [1, 2], "car_2369": [3, 6], "car_2362": [0, 5], "car_2363": [7, 1], "car_444": [3, 0], "car_445": [5, 6], "car_446": [1, 3], "car_447": [6, 5], "car_440": [6, 4], "car_441": [2, 4], "car_442": [5, 7], "car_443": [1, 7], "car_448": [0, 5], "car_449": [2, 7], "car_2201": [1, 3], "car_2200": [7, 0], "car_2209": [6, 0], "car_2208": [1, 3], "car_2324": [6, 5], "car_695": [2, 3], "car_694": [6, 3], "car_697": [1, 4], "car_696": [5, 4], "car_691": [1, 4], "car_690": [7, 4], "car_693": [4, 6], "car_692": [3, 4], "car_699": [2, 7], "car_698": [6, 5], "car_1943": [6, 0], "car_1942": [7, 6], "car_279": [6, 1], "car_278": [2, 6], "car_1947": [3, 6], "car_1946": [7, 2], "car_1945": [5, 6], "car_1944": [0, 4], "car_273": [0, 1], "car_272": [4, 3], "car_271": [3, 6], "car_270": [7, 2], "car_277": [3, 1], "car_276": [1, 7], "car_275": [5, 6], "car_274": [2, 4], "car_1925": [7, 4], "car_1549": [2, 1], "car_1548": [4, 6], "car_1547": [1, 3], "car_1546": [6, 5], "car_1545": [7, 2], "car_1544": [5, 3], "car_1543": [2, 0], "car_1542": [7, 1], "car_1541": [5, 6], "car_1540": [0, 7], "car_1389": [0, 6], "car_1388": [6, 3], "car_1385": [1, 3], "car_1384": [7, 3], "car_1387": [4, 6], "car_1386": [3, 2], "car_1381": [0, 4], "car_1380": [6, 2], "car_1383": [5, 2], "car_1382": [2, 0], "car_307": [4, 2], "car_306": [3, 4], "car_305": [1, 0], "car_304": [5, 1], "car_303": [6, 5], "car_302": [4, 2], "car_301": [6, 2], "car_300": [4, 0], "car_804": [5, 1], "car_309": [0, 7], "car_308": [6, 4], "car_909": [2, 6], "car_908": [0, 4], "car_905": [4, 2], "car_904": [3, 0], "car_907": [4, 3], "car_906": [7, 4], "car_901": [0, 5], "car_900": [6, 5], "car_903": [1, 5], "car_902": [7, 6], "car_1161": [4, 7], "car_1160": [3, 0], "car_1163": [0, 3], "car_1162": [6, 1], "car_1165": [1, 3], "car_1164": [2, 0], "car_1167": [0, 3], "car_1166": [6, 4], "car_1169": [7, 6], "car_1168": [5, 0], "car_2322": [6, 5], "car_2010": [7, 2], "car_2011": [0, 3], "car_2012": [5, 6], "car_2013": [1, 3], "car_2014": [3, 2], "car_2015": [4, 7], "car_2016": [6, 5], "car_2017": [5, 7], "car_2018": [7, 0], "car_2019": [1, 3], "car_87": [5, 4], "car_86": [0, 6], "car_85": [6, 4], "car_84": [4, 3], "car_83": [1, 5], "car_82": [0, 4], "car_81": [6, 2], "car_80": [4, 0], "car_2001": [5, 6], "car_89": [3, 7], "car_88": [1, 0], "car_2000": [2, 7], "car_875": [6, 4], "car_874": [7, 3], "car_877": [5, 0], "car_876": [2, 1], "car_871": [3, 7], "car_870": [1, 6], "car_873": [5, 6], "car_872": [4, 5], "car_1694": [3, 7], "car_879": [4, 1], "car_878": [1, 0], "car_1752": [1, 2], "car_1753": [2, 3], "car_1699": [3, 0], "car_2124": [1, 7], "car_2125": [0, 7], "car_1619": [7, 0], "car_1618": [2, 6], "car_2120": [6, 5], "car_2121": [0, 7], "car_2122": [2, 6], "car_2123": [5, 0], "car_1613": [6, 3], "car_1612": [4, 2], "car_1611": [1, 3], "car_1610": [7, 1], "car_1617": [0, 6], "car_1616": [5, 0], "car_1615": [2, 3], "car_1614": [0, 1], "car_1754": [7, 1], "car_1755": [1, 5], "car_2323": [3, 4], "car_471": [7, 5], "car_470": [5, 6], "car_473": [2, 0], "car_472": [6, 7], "car_475": [7, 4], "car_474": [5, 2], "car_477": [4, 2], "car_476": [1, 2], "car_479": [2, 3], "car_478": [6, 5], "car_2232": [4, 2], "car_2233": [6, 1], "car_2234": [0, 1], "car_2235": [2, 5], "car_2236": [3, 1], "car_2237": [4, 2], "car_2038": [0, 7], "car_2039": [5, 7], "car_1819": [4, 1], "car_1818": [1, 6], "car_682": [2, 5], "car_683": [1, 0], "car_680": [1, 6], "car_681": [0, 3], "car_686": [2, 4], "car_687": [5, 1], "car_684": [3, 0], "car_685": [6, 5], "car_688": [1, 0], "car_689": [6, 7], "car_1815": [7, 1], "car_1814": [5, 2], "car_1670": [3, 1], "car_1956": [2, 0], "car_1957": [5, 3], "car_1958": [6, 5], "car_1959": [7, 4], "car_2003": [4, 3], "car_268": [1, 0], "car_269": [3, 1], "car_1974": [7, 4], "car_1975": [3, 1], "car_1972": [2, 1], "car_1973": [5, 6], "car_1970": [4, 6], "car_1971": [6, 3], "car_260": [7, 1], "car_261": [3, 4], "car_262": [4, 6], "car_263": [6, 5], "car_264": [2, 4], "car_265": [5, 0], "car_266": [6, 4], "car_267": [0, 3], "car_1572": [1, 4], "car_1573": [3, 1], "car_1570": [3, 4], "car_1571": [7, 0], "car_1576": [5, 4], "car_1577": [7, 4], "car_1574": [0, 7], "car_1575": [2, 5], "car_1578": [6, 0], "car_1579": [5, 0], "car_1370": [1, 6], "car_1371": [3, 6], "car_1372": [0, 6], "car_1373": [2, 0], "car_1374": [7, 1], "car_1375": [4, 7], "car_1376": [2, 5], "car_1377": [5, 1], "car_1378": [1, 6], "car_1379": [3, 6], "car_314": [0, 5], "car_315": [5, 3], "car_316": [6, 7], "car_317": [2, 7], "car_310": [7, 1], "car_311": [3, 6], "car_312": [4, 0], "car_313": [6, 4], "car_318": [7, 0], "car_319": [4, 3], "car_918": [7, 5], "car_919": [1, 3], "car_912": [1, 4], "car_913": [3, 0], "car_910": [5, 6], "car_911": [7, 6], "car_916": [4, 0], "car_917": [2, 4], "car_914": [4, 1], "car_915": [5, 7], "car_1114": [3, 7], "car_1115": [4, 5], "car_1116": [6, 7], "car_1117": [0, 5], "car_1110": [7, 6], "car_1111": [1, 5], "car_1112": [3, 1], "car_1113": [6, 4], "car_1118": [2, 1], "car_1119": [1, 0], "car_1284": [1, 7], "car_1285": [4, 1], "car_1286": [6, 2], "car_1287": [0, 7], "car_1280": [7, 6], "car_1281": [6, 0], "car_1282": [0, 1], "car_1283": [7, 0], "car_2130": [0, 3], "car_1288": [3, 0], "car_1289": [4, 2], "car_1744": [7, 5], "car_1028": [5, 0], "car_1029": [7, 1], "car_1758": [6, 2], "car_1759": [0, 4], "car_2007": [3, 2], "car_2006": [1, 0], "car_2005": [2, 4], "car_2004": [6, 1], "car_1020": [4, 0], "car_1021": [6, 2], "car_1022": [0, 3], "car_1023": [7, 3], "car_1024": [4, 2], "car_1025": [6, 1], "car_1026": [0, 4], "car_1027": [2, 5], "car_1598": [2, 7], "car_1599": [7, 4], "car_1590": [3, 0], "car_1591": [4, 1], "car_1592": [5, 4], "car_1593": [7, 6], "car_1594": [3, 5], "car_1595": [0, 3], "car_1596": [2, 1], "car_1597": [6, 1], "car_1746": [3, 1], "car_862": [3, 2], "car_863": [4, 5], "car_860": [6, 0], "car_861": [7, 5], "car_866": [7, 1], "car_867": [4, 6], "car_864": [0, 6], "car_865": [5, 4], "car_868": [0, 5], "car_869": [5, 1], "car_1741": [4, 2], "car_2137": [2, 3], "car_2136": [0, 2], "car_2135": [3, 1], "car_2134": [1, 3], "car_2133": [7, 4], "car_2132": [5, 0], "car_1628": [5, 0], "car_1629": [7, 2], "car_1626": [0, 7], "car_1627": [2, 4], "car_1624": [1, 5], "car_1625": [4, 2], "car_1622": [0, 3], "car_1623": [2, 4], "car_1620": [4, 6], "car_1621": [6, 4], "car_1740": [1, 4]}