{"car_466": [5, 7], "car_467": [7, 3], "car_464": [2, 0], "car_465": [4, 0], "car_462": [1, 7], "car_463": [1, 4], "car_460": [0, 2], "car_461": [2, 3], "car_211": [3, 7], "car_210": [6, 7], "car_213": [1, 7], "car_212": [0, 6], "car_215": [7, 1], "car_214": [0, 7], "car_217": [5, 0], "car_216": [5, 4], "car_219": [6, 2], "car_218": [4, 6], "car_352": [7, 6], "car_353": [0, 2], "car_354": [5, 1], "car_355": [6, 5], "car_356": [1, 5], "car_357": [3, 2], "car_10": [1, 3], "car_11": [2, 6], "car_12": [5, 3], "car_13": [5, 1], "car_14": [3, 0], "car_15": [5, 4], "car_16": [4, 3], "car_17": [5, 4], "car_18": [7, 4], "car_19": [6, 7], "car_422": [0, 4], "car_423": [6, 4], "car_420": [5, 3], "car_421": [3, 4], "car_426": [2, 0], "car_427": [7, 2], "car_424": [0, 5], "car_425": [5, 6], "car_428": [1, 4], "car_429": [6, 5], "car_255": [0, 1], "car_254": [5, 2], "car_257": [0, 4], "car_256": [5, 7], "car_251": [0, 5], "car_250": [2, 7], "car_253": [7, 0], "car_252": [0, 2], "car_394": [3, 4], "car_395": [1, 5], "car_396": [3, 5], "car_397": [1, 6], "car_259": [2, 5], "car_258": [0, 4], "car_392": [0, 7], "car_393": [3, 6], "car_158": [2, 1], "car_159": [7, 2], "car_156": [3, 7], "car_157": [6, 1], "car_154": [2, 4], "car_155": [1, 3], "car_152": [3, 4], "car_153": [0, 5], "car_150": [5, 3], "car_151": [1, 0], "car_350": [1, 6], "car_351": [0, 1], "car_457": [2, 7], "car_456": [0, 6], "car_455": [3, 4], "car_454": [3, 7], "car_453": [1, 6], "car_452": [2, 5], "car_451": [2, 1], "car_450": [3, 2], "car_459": [0, 1], "car_458": [0, 5], "car_321": [0, 5], "car_320": [1, 5], "car_323": [7, 5], "car_322": [5, 7], "car_325": [4, 6], "car_324": [7, 5], "car_327": [1, 3], "car_326": [2, 5], "car_329": [7, 5], "car_328": [0, 3], "car_268": [2, 6], "car_140": [1, 7], "car_144": [5, 7], "car_260": [5, 6], "car_189": [4, 6], "car_188": [3, 4], "car_261": [7, 1], "car_185": [6, 5], "car_184": [2, 0], "car_187": [1, 0], "car_186": [7, 5], "car_181": [1, 3], "car_180": [7, 5], "car_183": [1, 3], "car_182": [0, 3], "car_263": [4, 6], "car_299": [5, 2], "car_113": [0, 4], "car_110": [5, 1], "car_111": [1, 0], "car_116": [6, 5], "car_117": [0, 3], "car_114": [6, 5], "car_115": [2, 6], "car_291": [1, 2], "car_290": [7, 4], "car_118": [1, 2], "car_119": [3, 2], "car_295": [5, 0], "car_294": [5, 7], "car_297": [3, 6], "car_296": [3, 1], "car_54": [5, 7], "car_55": [7, 1], "car_56": [4, 3], "car_57": [3, 4], "car_50": [1, 6], "car_51": [7, 5], "car_52": [1, 5], "car_53": [4, 3], "car_58": [1, 7], "car_59": [2, 5], "car_365": [2, 0], "car_364": [0, 4], "car_367": [4, 7], "car_366": [3, 6], "car_361": [1, 7], "car_360": [2, 6], "car_363": [7, 6], "car_362": [4, 2], "car_413": [3, 5], "car_412": [0, 6], "car_411": [3, 4], "car_410": [7, 2], "car_369": [7, 4], "car_368": [0, 6], "car_415": [3, 7], "car_414": [1, 3], "car_167": [6, 1], "car_166": [5, 7], "car_165": [0, 5], "car_164": [3, 4], "car_163": [1, 4], "car_162": [0, 2], "car_161": [6, 2], "car_160": [7, 5], "car_206": [1, 2], "car_207": [6, 0], "car_204": [5, 0], "car_205": [7, 1], "car_202": [4, 3], "car_203": [4, 0], "car_169": [0, 2], "car_168": [4, 2], "car_6": [6, 1], "car_7": [7, 2], "car_4": [1, 5], "car_5": [4, 0], "car_2": [1, 7], "car_3": [7, 0], "car_0": [4, 5], "car_1": [3, 7], "car_8": [1, 7], "car_9": [4, 3], "car_98": [1, 6], "car_99": [4, 6], "car_90": [2, 3], "car_91": [3, 5], "car_92": [5, 3], "car_93": [1, 7], "car_94": [7, 0], "car_95": [1, 3], "car_96": [7, 3], "car_97": [3, 6], "car_242": [6, 4], "car_243": [4, 1], "car_240": [4, 1], "car_241": [6, 3], "car_246": [5, 0], "car_247": [4, 1], "car_244": [3, 4], "car_245": [6, 3], "car_248": [2, 5], "car_249": [5, 2], "car_129": [2, 7], "car_128": [4, 6], "car_123": [1, 7], "car_122": [4, 2], "car_121": [7, 5], "car_120": [4, 0], "car_127": [3, 4], "car_126": [5, 1], "car_125": [6, 2], "car_124": [3, 2], "car_444": [5, 1], "car_445": [7, 6], "car_446": [6, 7], "car_447": [0, 5], "car_440": [0, 7], "car_441": [7, 4], "car_442": [5, 0], "car_443": [0, 6], "car_448": [4, 2], "car_349": [2, 6], "car_237": [5, 6], "car_236": [6, 3], "car_235": [1, 3], "car_234": [3, 5], "car_233": [1, 6], "car_232": [1, 0], "car_338": [5, 0], "car_339": [3, 5], "car_336": [1, 0], "car_337": [6, 3], "car_334": [4, 0], "car_335": [1, 6], "car_332": [5, 1], "car_333": [0, 3], "car_330": [7, 0], "car_238": [4, 5], "car_408": [7, 1], "car_409": [3, 5], "car_347": [6, 7], "car_346": [7, 4], "car_402": [7, 6], "car_403": [4, 1], "car_198": [1, 6], "car_199": [4, 2], "car_192": [4, 2], "car_193": [1, 4], "car_190": [4, 1], "car_191": [2, 7], "car_196": [7, 5], "car_197": [7, 0], "car_194": [1, 6], "car_195": [3, 4], "car_279": [3, 7], "car_278": [1, 3], "car_36": [6, 3], "car_37": [0, 4], "car_34": [1, 7], "car_35": [0, 3], "car_32": [6, 4], "car_33": [5, 2], "car_30": [0, 1], "car_31": [7, 0], "car_38": [5, 3], "car_39": [1, 3], "car_286": [0, 2], "car_287": [2, 0], "car_284": [3, 5], "car_285": [7, 0], "car_282": [1, 7], "car_283": [5, 3], "car_280": [7, 2], "car_281": [2, 5], "car_288": [1, 7], "car_289": [2, 5], "car_178": [7, 2], "car_179": [5, 0], "car_43": [6, 4], "car_42": [5, 4], "car_41": [4, 1], "car_40": [3, 2], "car_47": [5, 6], "car_46": [6, 1], "car_45": [1, 3], "car_44": [5, 2], "car_49": [7, 0], "car_48": [5, 2], "car_372": [7, 4], "car_373": [6, 5], "car_370": [0, 5], "car_371": [5, 0], "car_376": [7, 5], "car_377": [1, 6], "car_374": [2, 7], "car_375": [7, 4], "car_400": [4, 6], "car_401": [6, 7], "car_378": [5, 6], "car_379": [7, 6], "car_404": [3, 0], "car_405": [1, 3], "car_406": [3, 5], "car_407": [0, 6], "car_174": [6, 7], "car_175": [2, 6], "car_176": [5, 6], "car_177": [6, 7], "car_170": [0, 6], "car_171": [2, 6], "car_172": [1, 6], "car_173": [3, 2], "car_273": [2, 4], "car_272": [3, 6], "car_271": [3, 5], "car_270": [0, 1], "car_277": [2, 1], "car_276": [3, 7], "car_275": [5, 4], "car_274": [1, 0], "car_112": [3, 6], "car_298": [5, 4], "car_358": [3, 5], "car_307": [2, 7], "car_306": [6, 5], "car_305": [5, 2], "car_304": [4, 3], "car_303": [7, 5], "car_302": [1, 5], "car_301": [5, 7], "car_300": [5, 0], "car_293": [7, 5], "car_309": [6, 5], "car_308": [5, 2], "car_292": [5, 6], "car_359": [4, 7], "car_78": [0, 2], "car_79": [3, 4], "car_72": [4, 5], "car_73": [0, 3], "car_70": [5, 3], "car_71": [1, 3], "car_76": [1, 4], "car_77": [2, 6], "car_74": [3, 6], "car_75": [5, 7], "car_87": [5, 0], "car_86": [1, 5], "car_85": [7, 6], "car_84": [5, 0], "car_83": [0, 1], "car_82": [1, 4], "car_81": [5, 7], "car_80": [0, 3], "car_89": [7, 3], "car_88": [6, 0], "car_138": [4, 0], "car_139": [7, 4], "car_130": [1, 5], "car_131": [7, 3], "car_132": [1, 6], "car_133": [1, 0], "car_134": [3, 7], "car_135": [5, 0], "car_136": [1, 4], "car_137": [3, 4], "car_224": [2, 0], "car_225": [0, 3], "car_226": [3, 4], "car_227": [7, 2], "car_220": [0, 3], "car_221": [4, 3], "car_222": [4, 2], "car_223": [1, 6], "car_343": [2, 5], "car_342": [1, 0], "car_341": [3, 1], "car_340": [5, 3], "car_228": [3, 4], "car_229": [3, 4], "car_345": [2, 3], "car_344": [6, 2], "car_449": [7, 5], "car_231": [6, 7], "car_230": [5, 7], "car_419": [7, 3], "car_418": [7, 5], "car_239": [2, 4], "car_331": [3, 7], "car_25": [1, 5], "car_24": [5, 7], "car_27": [0, 7], "car_26": [6, 0], "car_21": [2, 4], "car_20": [4, 7], "car_23": [0, 6], "car_22": [1, 3], "car_417": [3, 0], "car_29": [2, 0], "car_28": [0, 5], "car_416": [0, 5], "car_208": [0, 7], "car_209": [7, 1], "car_435": [1, 0], "car_434": [5, 6], "car_437": [2, 1], "car_436": [4, 3], "car_431": [3, 1], "car_430": [1, 6], "car_433": [0, 4], "car_432": [5, 0], "car_398": [5, 4], "car_439": [0, 5], "car_438": [0, 6], "car_399": [1, 3], "car_389": [2, 4], "car_388": [3, 2], "car_387": [1, 7], "car_386": [5, 6], "car_385": [2, 6], "car_384": [0, 7], "car_383": [6, 2], "car_382": [5, 1], "car_381": [2, 5], "car_380": [0, 5], "car_141": [2, 5], "car_269": [4, 1], "car_143": [0, 4], "car_142": [3, 4], "car_145": [0, 3], "car_200": [6, 3], "car_147": [5, 2], "car_146": [2, 6], "car_149": [1, 7], "car_148": [4, 0], "car_262": [5, 1], "car_201": [7, 4], "car_264": [3, 2], "car_265": [6, 3], "car_266": [2, 0], "car_267": [7, 0], "car_390": [5, 3], "car_391": [6, 2], "car_314": [0, 1], "car_315": [5, 0], "car_316": [5, 1], "car_317": [3, 2], "car_310": [2, 7], "car_311": [1, 2], "car_312": [3, 7], "car_313": [4, 6], "car_318": [0, 4], "car_319": [2, 4], "car_69": [6, 0], "car_68": [1, 4], "car_61": [0, 4], "car_60": [3, 7], "car_63": [7, 0], "car_62": [6, 7], "car_65": [5, 3], "car_64": [6, 3], "car_67": [5, 0], "car_66": [5, 2], "car_348": [5, 7], "car_105": [0, 4], "car_104": [5, 0], "car_107": [6, 2], "car_106": [4, 1], "car_101": [1, 0], "car_100": [7, 6], "car_103": [2, 1], "car_102": [6, 5], "car_109": [1, 5], "car_108": [0, 3]}