{"car_211": [7, 6], "car_210": [5, 3], "car_213": [7, 1], "car_212": [0, 6], "car_215": [2, 3], "car_214": [2, 0], "car_217": [0, 2], "car_216": [0, 6], "car_219": [3, 1], "car_218": [1, 0], "car_352": [0, 1], "car_353": [6, 4], "car_354": [3, 1], "car_355": [1, 3], "car_356": [1, 3], "car_357": [5, 7], "car_10": [0, 7], "car_11": [1, 2], "car_12": [1, 7], "car_13": [0, 6], "car_14": [2, 7], "car_15": [3, 2], "car_16": [2, 0], "car_17": [0, 7], "car_18": [5, 2], "car_19": [3, 4], "car_422": [7, 4], "car_423": [3, 7], "car_420": [5, 1], "car_421": [6, 4], "car_426": [0, 4], "car_427": [5, 6], "car_424": [0, 7], "car_425": [2, 6], "car_428": [5, 7], "car_429": [4, 0], "car_255": [6, 3], "car_254": [0, 3], "car_257": [4, 6], "car_256": [7, 0], "car_251": [1, 6], "car_250": [7, 1], "car_253": [5, 4], "car_252": [0, 2], "car_394": [1, 2], "car_395": [0, 4], "car_396": [1, 3], "car_397": [2, 6], "car_259": [0, 3], "car_258": [5, 2], "car_392": [7, 1], "car_393": [7, 3], "car_158": [6, 0], "car_159": [5, 2], "car_156": [6, 2], "car_157": [4, 6], "car_154": [6, 0], "car_155": [1, 0], "car_152": [1, 5], "car_153": [0, 3], "car_150": [1, 2], "car_151": [5, 2], "car_350": [3, 7], "car_351": [3, 5], "car_452": [7, 4], "car_451": [7, 4], "car_450": [7, 0], "car_321": [1, 6], "car_320": [1, 7], "car_323": [3, 2], "car_322": [2, 1], "car_325": [1, 5], "car_324": [0, 3], "car_327": [2, 4], "car_326": [6, 1], "car_329": [5, 3], "car_328": [3, 2], "car_268": [6, 5], "car_140": [0, 2], "car_144": [3, 6], "car_260": [5, 7], "car_189": [1, 7], "car_188": [7, 3], "car_261": [3, 0], "car_185": [3, 5], "car_184": [2, 3], "car_187": [2, 4], "car_186": [5, 6], "car_181": [1, 0], "car_180": [3, 6], "car_183": [4, 0], "car_182": [3, 5], "car_263": [5, 3], "car_299": [4, 1], "car_113": [3, 2], "car_110": [5, 7], "car_111": [2, 3], "car_116": [6, 1], "car_117": [6, 1], "car_114": [5, 2], "car_115": [3, 7], "car_291": [4, 5], "car_290": [4, 3], "car_118": [4, 2], "car_119": [3, 1], "car_295": [5, 6], "car_294": [4, 3], "car_297": [1, 0], "car_296": [2, 3], "car_54": [5, 0], "car_55": [4, 1], "car_56": [6, 0], "car_57": [7, 6], "car_50": [4, 0], "car_51": [6, 5], "car_52": [0, 5], "car_53": [0, 4], "car_58": [7, 0], "car_59": [4, 7], "car_365": [7, 1], "car_364": [1, 4], "car_367": [7, 0], "car_366": [6, 7], "car_361": [4, 5], "car_360": [0, 5], "car_363": [2, 0], "car_362": [5, 4], "car_413": [4, 6], "car_412": [6, 2], "car_411": [3, 4], "car_410": [5, 7], "car_369": [1, 2], "car_368": [4, 0], "car_415": [5, 0], "car_414": [4, 5], "car_167": [2, 3], "car_166": [2, 0], "car_165": [3, 2], "car_164": [5, 7], "car_163": [7, 4], "car_162": [5, 0], "car_161": [6, 2], "car_160": [5, 4], "car_206": [0, 5], "car_207": [1, 6], "car_204": [5, 3], "car_205": [0, 3], "car_202": [5, 0], "car_203": [6, 1], "car_169": [0, 1], "car_168": [5, 6], "car_6": [7, 1], "car_7": [6, 7], "car_4": [3, 0], "car_5": [1, 5], "car_2": [7, 5], "car_3": [1, 7], "car_0": [3, 2], "car_1": [5, 2], "car_8": [2, 0], "car_9": [1, 5], "car_98": [3, 7], "car_99": [3, 7], "car_90": [5, 1], "car_91": [6, 3], "car_92": [5, 2], "car_93": [5, 2], "car_94": [7, 4], "car_95": [7, 0], "car_96": [5, 1], "car_97": [4, 1], "car_242": [0, 1], "car_243": [5, 1], "car_240": [7, 5], "car_241": [6, 7], "car_246": [0, 2], "car_247": [2, 5], "car_244": [1, 2], "car_245": [1, 5], "car_248": [6, 0], "car_249": [7, 5], "car_129": [7, 0], "car_128": [1, 7], "car_123": [2, 0], "car_122": [2, 6], "car_121": [6, 7], "car_120": [1, 3], "car_127": [4, 5], "car_126": [6, 4], "car_125": [4, 7], "car_124": [3, 0], "car_444": [4, 0], "car_445": [3, 0], "car_446": [3, 7], "car_447": [5, 1], "car_440": [6, 7], "car_441": [1, 7], "car_442": [4, 1], "car_443": [6, 2], "car_448": [7, 3], "car_349": [7, 6], "car_237": [5, 2], "car_236": [2, 6], "car_235": [1, 4], "car_234": [0, 5], "car_233": [6, 2], "car_232": [7, 2], "car_338": [0, 3], "car_339": [6, 2], "car_336": [5, 3], "car_337": [2, 4], "car_334": [4, 2], "car_335": [4, 6], "car_332": [7, 1], "car_333": [4, 1], "car_330": [3, 1], "car_238": [4, 5], "car_408": [3, 2], "car_409": [1, 6], "car_347": [5, 7], "car_346": [5, 1], "car_402": [5, 4], "car_403": [1, 3], "car_198": [1, 6], "car_199": [4, 7], "car_192": [3, 5], "car_193": [3, 6], "car_190": [6, 2], "car_191": [5, 7], "car_196": [1, 7], "car_197": [1, 4], "car_194": [0, 1], "car_195": [0, 2], "car_279": [0, 3], "car_278": [6, 3], "car_36": [2, 3], "car_37": [4, 3], "car_34": [3, 5], "car_35": [3, 7], "car_32": [4, 5], "car_33": [7, 6], "car_30": [0, 3], "car_31": [1, 6], "car_38": [3, 0], "car_39": [2, 1], "car_286": [0, 4], "car_287": [7, 5], "car_284": [0, 3], "car_285": [7, 3], "car_282": [1, 6], "car_283": [2, 6], "car_280": [5, 0], "car_281": [7, 3], "car_288": [1, 0], "car_289": [0, 4], "car_178": [3, 7], "car_179": [2, 5], "car_43": [3, 0], "car_42": [7, 3], "car_41": [5, 3], "car_40": [7, 1], "car_47": [3, 1], "car_46": [1, 4], "car_45": [7, 6], "car_44": [0, 4], "car_49": [3, 7], "car_48": [4, 7], "car_372": [5, 0], "car_373": [2, 3], "car_370": [3, 6], "car_371": [2, 3], "car_376": [7, 2], "car_377": [1, 2], "car_374": [3, 7], "car_375": [6, 5], "car_400": [7, 3], "car_401": [7, 2], "car_378": [4, 0], "car_379": [2, 1], "car_404": [5, 3], "car_405": [3, 5], "car_406": [0, 7], "car_407": [5, 3], "car_174": [3, 5], "car_175": [2, 7], "car_176": [6, 2], "car_177": [7, 4], "car_170": [3, 7], "car_171": [2, 3], "car_172": [6, 0], "car_173": [0, 4], "car_273": [7, 6], "car_272": [3, 2], "car_271": [6, 2], "car_270": [7, 1], "car_277": [5, 6], "car_276": [7, 6], "car_275": [0, 6], "car_274": [7, 2], "car_112": [5, 4], "car_298": [4, 5], "car_358": [5, 0], "car_307": [6, 5], "car_306": [7, 2], "car_305": [0, 6], "car_304": [3, 2], "car_303": [7, 4], "car_302": [4, 1], "car_301": [2, 7], "car_300": [0, 5], "car_293": [5, 4], "car_309": [4, 5], "car_308": [1, 3], "car_292": [3, 4], "car_359": [7, 5], "car_78": [0, 7], "car_79": [1, 4], "car_72": [1, 7], "car_73": [5, 1], "car_70": [5, 0], "car_71": [0, 2], "car_76": [4, 6], "car_77": [6, 0], "car_74": [3, 0], "car_75": [4, 7], "car_87": [1, 6], "car_86": [2, 7], "car_85": [0, 3], "car_84": [1, 0], "car_83": [5, 0], "car_82": [6, 0], "car_81": [5, 7], "car_80": [2, 6], "car_89": [0, 6], "car_88": [4, 1], "car_138": [0, 4], "car_139": [5, 4], "car_130": [3, 4], "car_131": [6, 0], "car_132": [3, 7], "car_133": [6, 7], "car_134": [0, 7], "car_135": [1, 3], "car_136": [7, 1], "car_137": [0, 4], "car_224": [6, 2], "car_225": [0, 7], "car_226": [7, 6], "car_227": [4, 5], "car_220": [1, 0], "car_221": [3, 7], "car_222": [1, 6], "car_223": [4, 3], "car_343": [7, 1], "car_342": [4, 2], "car_341": [0, 6], "car_340": [3, 4], "car_228": [7, 2], "car_229": [1, 3], "car_345": [4, 7], "car_344": [1, 2], "car_449": [4, 1], "car_231": [6, 4], "car_230": [7, 1], "car_419": [1, 3], "car_418": [2, 0], "car_239": [4, 6], "car_331": [1, 3], "car_25": [0, 6], "car_24": [1, 5], "car_27": [4, 3], "car_26": [7, 3], "car_21": [3, 0], "car_20": [1, 7], "car_23": [6, 5], "car_22": [4, 1], "car_417": [3, 0], "car_29": [1, 2], "car_28": [6, 1], "car_416": [1, 3], "car_208": [1, 7], "car_209": [5, 3], "car_435": [3, 2], "car_434": [0, 7], "car_437": [3, 7], "car_436": [6, 5], "car_431": [7, 1], "car_430": [1, 0], "car_433": [4, 3], "car_432": [5, 6], "car_398": [5, 2], "car_439": [5, 1], "car_438": [6, 4], "car_399": [0, 5], "car_389": [1, 7], "car_388": [6, 0], "car_387": [3, 4], "car_386": [3, 7], "car_385": [1, 3], "car_384": [2, 4], "car_383": [4, 2], "car_382": [3, 4], "car_381": [0, 5], "car_380": [4, 3], "car_141": [6, 1], "car_269": [6, 1], "car_143": [6, 4], "car_142": [7, 2], "car_145": [6, 0], "car_200": [0, 4], "car_147": [4, 7], "car_146": [5, 3], "car_149": [1, 7], "car_148": [5, 0], "car_262": [6, 1], "car_201": [2, 1], "car_264": [1, 0], "car_265": [3, 1], "car_266": [5, 6], "car_267": [7, 6], "car_390": [5, 1], "car_391": [1, 3], "car_314": [5, 3], "car_315": [4, 1], "car_316": [1, 3], "car_317": [2, 1], "car_310": [7, 0], "car_311": [0, 5], "car_312": [6, 3], "car_313": [3, 6], "car_318": [4, 3], "car_319": [2, 0], "car_69": [0, 3], "car_68": [3, 7], "car_61": [7, 3], "car_60": [2, 4], "car_63": [4, 1], "car_62": [7, 5], "car_65": [7, 3], "car_64": [6, 3], "car_67": [5, 7], "car_66": [3, 2], "car_348": [0, 7], "car_105": [3, 5], "car_104": [3, 0], "car_107": [3, 7], "car_106": [0, 3], "car_101": [5, 7], "car_100": [2, 1], "car_103": [7, 1], "car_102": [0, 4], "car_109": [2, 7], "car_108": [6, 4]}