{"car_468": [7, 6], "car_469": [0, 3], "car_466": [3, 6], "car_467": [4, 1], "car_464": [3, 6], "car_465": [6, 7], "car_462": [5, 4], "car_463": [1, 5], "car_460": [4, 0], "car_461": [0, 2], "car_817": [2, 5], "car_816": [0, 2], "car_815": [6, 5], "car_814": [7, 6], "car_813": [2, 6], "car_812": [3, 5], "car_811": [7, 5], "car_810": [5, 3], "car_679": [2, 0], "car_678": [6, 7], "car_677": [1, 0], "car_676": [7, 5], "car_675": [2, 3], "car_674": [5, 6], "car_673": [2, 7], "car_672": [4, 3], "car_671": [7, 1], "car_670": [0, 4], "car_789": [4, 6], "car_788": [7, 3], "car_783": [4, 5], "car_782": [5, 4], "car_781": [0, 7], "car_780": [6, 3], "car_787": [1, 5], "car_786": [7, 3], "car_785": [5, 7], "car_784": [0, 7], "car_0": [0, 1], "car_1179": [7, 2], "car_255": [6, 4], "car_254": [3, 2], "car_257": [2, 3], "car_256": [0, 1], "car_251": [4, 1], "car_250": [1, 7], "car_253": [5, 0], "car_252": [6, 1], "car_259": [0, 4], "car_258": [6, 5], "car_1170": [1, 0], "car_1171": [3, 2], "car_1413": [2, 0], "car_1363": [1, 3], "car_1362": [0, 6], "car_1361": [2, 1], "car_1360": [0, 6], "car_1367": [7, 1], "car_1366": [5, 4], "car_1365": [4, 1], "car_1364": [3, 5], "car_1369": [5, 0], "car_1368": [2, 7], "car_321": [1, 7], "car_320": [2, 1], "car_323": [6, 4], "car_322": [5, 1], "car_325": [1, 2], "car_324": [7, 5], "car_327": [2, 1], "car_326": [6, 2], "car_329": [6, 2], "car_328": [4, 7], "car_1107": [7, 3], "car_1106": [2, 0], "car_1105": [4, 5], "car_1104": [7, 2], "car_1103": [5, 1], "car_1102": [4, 5], "car_1101": [3, 7], "car_1100": [2, 5], "car_1109": [0, 5], "car_1108": [1, 0], "car_1297": [0, 1], "car_1296": [6, 7], "car_1295": [5, 2], "car_1294": [0, 2], "car_1293": [3, 1], "car_1292": [7, 5], "car_1291": [6, 4], "car_1290": [7, 0], "car_1299": [2, 6], "car_1298": [5, 6], "car_1039": [5, 4], "car_1038": [0, 2], "car_1033": [6, 5], "car_1032": [4, 7], "car_1031": [3, 7], "car_1030": [0, 5], "car_1037": [4, 0], "car_1036": [1, 0], "car_1035": [3, 2], "car_1034": [0, 6], "car_899": [7, 3], "car_898": [0, 6], "car_897": [4, 1], "car_896": [2, 1], "car_895": [3, 5], "car_894": [5, 0], "car_893": [0, 7], "car_892": [6, 2], "car_891": [3, 0], "car_890": [1, 3], "car_419": [7, 0], "car_418": [2, 1], "car_413": [3, 7], "car_412": [5, 4], "car_411": [4, 7], "car_410": [1, 2], "car_417": [0, 5], "car_416": [4, 0], "car_415": [2, 0], "car_414": [4, 6], "car_527": [0, 3], "car_526": [4, 6], "car_525": [1, 6], "car_524": [5, 1], "car_523": [0, 1], "car_522": [5, 0], "car_521": [0, 1], "car_520": [0, 5], "car_529": [5, 0], "car_528": [7, 1], "car_668": [4, 7], "car_669": [6, 0], "car_664": [0, 4], "car_665": [2, 6], "car_666": [5, 3], "car_667": [1, 4], "car_660": [6, 4], "car_661": [2, 5], "car_662": [3, 4], "car_663": [4, 1], "car_798": [7, 6], "car_799": [3, 5], "car_790": [2, 5], "car_791": [5, 3], "car_792": [7, 6], "car_793": [3, 2], "car_794": [2, 1], "car_795": [1, 0], "car_796": [3, 1], "car_797": [5, 7], "car_242": [2, 0], "car_243": [5, 3], "car_240": [6, 1], "car_241": [2, 1], "car_246": [6, 5], "car_247": [6, 4], "car_244": [1, 3], "car_245": [7, 2], "car_248": [2, 6], "car_249": [7, 4], "car_1356": [2, 1], "car_1357": [7, 1], "car_1354": [6, 7], "car_1355": [1, 0], "car_1352": [5, 7], "car_1353": [3, 7], "car_1350": [3, 2], "car_1351": [2, 3], "car_1358": [1, 7], "car_1359": [6, 7], "car_338": [5, 6], "car_339": [3, 7], "car_336": [4, 1], "car_337": [0, 3], "car_334": [3, 7], "car_335": [0, 5], "car_332": [6, 4], "car_333": [7, 0], "car_330": [0, 2], "car_331": [1, 5], "car_1138": [6, 3], "car_1139": [5, 2], "car_1132": [1, 7], "car_1133": [3, 7], "car_1130": [2, 6], "car_1131": [7, 6], "car_1136": [3, 7], "car_1137": [4, 6], "car_1134": [0, 5], "car_1135": [5, 4], "car_1008": [7, 6], "car_1009": [0, 2], "car_1006": [1, 7], "car_1007": [3, 5], "car_1004": [2, 7], "car_1005": [5, 4], "car_1002": [7, 4], "car_1003": [0, 3], "car_1000": [5, 1], "car_1001": [5, 1], "car_36": [4, 7], "car_37": [6, 0], "car_34": [7, 4], "car_35": [1, 0], "car_888": [5, 4], "car_889": [2, 0], "car_30": [2, 5], "car_31": [4, 5], "car_884": [4, 6], "car_885": [6, 7], "car_886": [1, 3], "car_887": [0, 5], "car_880": [1, 2], "car_881": [4, 1], "car_882": [0, 7], "car_883": [5, 0], "car_408": [5, 3], "car_409": [0, 4], "car_400": [1, 6], "car_401": [3, 5], "car_402": [6, 0], "car_403": [7, 5], "car_404": [1, 0], "car_405": [4, 2], "car_406": [0, 4], "car_407": [2, 6], "car_534": [7, 6], "car_535": [3, 0], "car_536": [2, 4], "car_537": [1, 2], "car_530": [0, 3], "car_531": [7, 0], "car_532": [6, 1], "car_533": [6, 0], "car_538": [4, 5], "car_539": [0, 6], "car_659": [1, 6], "car_658": [6, 2], "car_651": [3, 5], "car_650": [1, 0], "car_653": [1, 6], "car_652": [6, 5], "car_655": [2, 4], "car_654": [3, 7], "car_657": [3, 0], "car_656": [1, 5], "car_1349": [5, 7], "car_1348": [0, 6], "car_1341": [6, 7], "car_1340": [1, 5], "car_1343": [2, 1], "car_1342": [0, 3], "car_1345": [1, 5], "car_1344": [7, 0], "car_1347": [7, 1], "car_1346": [4, 3], "car_349": [7, 4], "car_348": [5, 2], "car_343": [4, 1], "car_342": [3, 2], "car_341": [7, 0], "car_340": [0, 7], "car_347": [6, 4], "car_346": [4, 3], "car_345": [1, 3], "car_344": [6, 2], "car_1129": [6, 2], "car_1128": [3, 4], "car_1125": [2, 6], "car_1124": [4, 0], "car_1127": [1, 3], "car_1126": [5, 2], "car_1121": [0, 6], "car_1120": [4, 1], "car_1123": [3, 6], "car_1122": [2, 0], "car_1402": [1, 4], "car_1403": [2, 1], "car_1400": [0, 6], "car_1401": [6, 4], "car_1406": [2, 6], "car_1407": [7, 6], "car_1404": [1, 4], "car_1405": [3, 1], "car_1011": [4, 1], "car_1010": [2, 6], "car_1013": [7, 3], "car_1012": [5, 6], "car_1015": [5, 0], "car_1014": [2, 1], "car_1017": [6, 3], "car_1016": [7, 0], "car_1019": [2, 6], "car_1018": [0, 4], "car_25": [7, 6], "car_24": [5, 0], "car_27": [3, 2], "car_26": [1, 6], "car_21": [1, 6], "car_20": [6, 7], "car_23": [0, 7], "car_22": [6, 1], "car_29": [6, 2], "car_28": [2, 5], "car_435": [2, 5], "car_434": [0, 6], "car_437": [6, 5], "car_436": [7, 3], "car_431": [2, 1], "car_430": [1, 2], "car_433": [6, 5], "car_432": [7, 1], "car_439": [1, 0], "car_438": [0, 1], "car_501": [0, 1], "car_500": [4, 3], "car_503": [6, 5], "car_502": [4, 2], "car_505": [2, 3], "car_504": [1, 5], "car_507": [5, 3], "car_506": [6, 2], "car_509": [0, 2], "car_508": [4, 2], "car_646": [4, 3], "car_647": [6, 5], "car_644": [6, 4], "car_645": [5, 3], "car_642": [1, 2], "car_643": [3, 0], "car_640": [7, 2], "car_641": [3, 4], "car_648": [6, 3], "car_649": [2, 5], "car_1338": [0, 7], "car_1339": [5, 2], "car_1334": [6, 2], "car_1335": [0, 1], "car_1336": [2, 0], "car_1337": [6, 5], "car_1330": [2, 3], "car_1331": [1, 2], "car_1332": [3, 4], "car_1333": [4, 7], "car_358": [3, 4], "car_359": [7, 5], "car_350": [4, 3], "car_351": [3, 2], "car_352": [2, 7], "car_353": [6, 5], "car_354": [4, 2], "car_355": [1, 2], "car_356": [5, 3], "car_357": [1, 7], "car_1240": [1, 4], "car_1241": [4, 1], "car_1242": [6, 4], "car_1243": [5, 3], "car_1244": [3, 6], "car_1245": [5, 1], "car_1246": [5, 6], "car_1247": [7, 4], "car_1248": [3, 4], "car_1249": [4, 3], "car_1064": [7, 4], "car_1065": [0, 7], "car_1066": [5, 7], "car_1067": [7, 6], "car_1060": [4, 6], "car_1061": [0, 6], "car_1062": [6, 4], "car_1063": [5, 4], "car_1068": [2, 7], "car_1069": [5, 2], "car_10": [6, 1], "car_11": [1, 3], "car_12": [4, 2], "car_13": [0, 6], "car_14": [5, 6], "car_15": [7, 1], "car_16": [4, 5], "car_17": [6, 0], "car_18": [2, 7], "car_19": [3, 2], "car_422": [5, 3], "car_423": [7, 1], "car_420": [3, 6], "car_421": [4, 1], "car_426": [0, 2], "car_427": [2, 3], "car_424": [1, 5], "car_425": [0, 4], "car_428": [4, 7], "car_429": [6, 4], "car_518": [5, 7], "car_519": [6, 3], "car_516": [3, 5], "car_517": [6, 0], "car_514": [7, 4], "car_515": [1, 7], "car_512": [3, 2], "car_513": [0, 2], "car_510": [5, 2], "car_511": [1, 4], "car_633": [1, 0], "car_632": [2, 0], "car_631": [4, 0], "car_630": [3, 7], "car_637": [1, 6], "car_636": [7, 2], "car_635": [5, 0], "car_634": [0, 6], "car_639": [2, 5], "car_638": [0, 2], "car_189": [3, 2], "car_188": [1, 4], "car_185": [2, 4], "car_184": [0, 5], "car_187": [7, 4], "car_186": [5, 0], "car_181": [1, 4], "car_180": [7, 1], "car_183": [5, 7], "car_182": [6, 1], "car_749": [1, 4], "car_748": [7, 6], "car_747": [6, 2], "car_746": [2, 5], "car_745": [6, 0], "car_744": [5, 3], "car_743": [2, 7], "car_742": [6, 4], "car_741": [7, 4], "car_740": [4, 3], "car_299": [2, 0], "car_298": [6, 3], "car_291": [7, 5], "car_290": [5, 3], "car_293": [5, 3], "car_292": [1, 7], "car_295": [2, 7], "car_294": [1, 4], "car_297": [1, 6], "car_296": [5, 0], "car_1329": [1, 7], "car_1328": [7, 4], "car_1327": [0, 1], "car_1326": [4, 2], "car_1325": [7, 1], "car_1324": [4, 7], "car_1323": [3, 2], "car_1322": [1, 7], "car_1321": [2, 0], "car_1320": [6, 1], "car_365": [2, 6], "car_364": [2, 1], "car_367": [0, 2], "car_366": [6, 5], "car_361": [6, 1], "car_360": [1, 3], "car_363": [3, 2], "car_362": [5, 4], "car_369": [2, 7], "car_368": [4, 6], "car_167": [2, 4], "car_166": [1, 7], "car_165": [7, 5], "car_164": [0, 7], "car_163": [6, 3], "car_162": [1, 0], "car_161": [7, 2], "car_160": [2, 3], "car_169": [0, 4], "car_168": [7, 2], "car_1253": [0, 1], "car_1252": [3, 6], "car_1251": [1, 3], "car_1250": [0, 3], "car_1257": [4, 5], "car_1256": [2, 3], "car_1255": [4, 5], "car_1254": [3, 2], "car_1259": [7, 1], "car_1258": [0, 5], "car_1077": [4, 0], "car_1076": [3, 4], "car_1075": [1, 5], "car_1074": [7, 3], "car_1073": [0, 5], "car_1072": [3, 2], "car_1071": [1, 5], "car_1070": [7, 0], "car_1079": [7, 2], "car_1078": [6, 5], "car_985": [4, 1], "car_984": [1, 2], "car_987": [5, 4], "car_986": [0, 3], "car_981": [6, 4], "car_980": [6, 4], "car_983": [7, 2], "car_982": [0, 3], "car_989": [5, 2], "car_988": [7, 4], "car_569": [6, 7], "car_568": [4, 7], "car_563": [6, 2], "car_562": [5, 0], "car_561": [2, 1], "car_560": [0, 1], "car_567": [7, 3], "car_566": [5, 1], "car_565": [2, 0], "car_564": [2, 1], "car_620": [3, 0], "car_621": [0, 7], "car_622": [4, 3], "car_623": [7, 1], "car_624": [1, 4], "car_625": [6, 5], "car_626": [3, 6], "car_627": [5, 3], "car_628": [3, 7], "car_629": [4, 7], "car_198": [4, 3], "car_199": [2, 3], "car_192": [0, 5], "car_193": [2, 6], "car_190": [4, 6], "car_191": [6, 4], "car_196": [4, 0], "car_197": [5, 3], "car_194": [1, 7], "car_195": [3, 2], "car_758": [0, 4], "car_759": [5, 0], "car_754": [3, 6], "car_755": [0, 7], "car_756": [5, 7], "car_757": [1, 3], "car_750": [3, 2], "car_751": [6, 7], "car_752": [2, 5], "car_753": [5, 6], "car_286": [7, 0], "car_287": [6, 3], "car_284": [7, 1], "car_285": [2, 7], "car_282": [7, 5], "car_283": [3, 6], "car_280": [0, 2], "car_281": [2, 0], "car_288": [0, 6], "car_289": [2, 1], "car_1312": [0, 7], "car_1313": [5, 1], "car_1310": [4, 2], "car_1311": [6, 4], "car_1316": [5, 2], "car_1317": [1, 6], "car_1314": [1, 6], "car_1315": [3, 1], "car_1318": [3, 6], "car_1319": [4, 2], "car_372": [4, 2], "car_373": [3, 7], "car_370": [5, 3], "car_371": [7, 0], "car_376": [2, 7], "car_377": [5, 6], "car_374": [2, 6], "car_375": [4, 0], "car_378": [1, 2], "car_379": [3, 2], "car_174": [1, 5], "car_175": [4, 0], "car_176": [1, 4], "car_177": [3, 5], "car_170": [2, 5], "car_171": [5, 2], "car_172": [7, 2], "car_173": [2, 5], "car_178": [0, 1], "car_179": [2, 1], "car_1266": [0, 1], "car_1267": [1, 0], "car_1264": [2, 0], "car_1265": [6, 4], "car_1262": [6, 7], "car_1263": [0, 1], "car_1260": [1, 4], "car_1261": [5, 1], "car_1268": [5, 0], "car_1269": [1, 7], "car_1048": [1, 2], "car_1049": [6, 4], "car_1042": [6, 7], "car_1043": [4, 5], "car_1040": [3, 7], "car_1041": [4, 6], "car_1046": [2, 7], "car_1047": [1, 4], "car_1044": [7, 4], "car_1045": [3, 2], "car_78": [7, 5], "car_79": [0, 6], "car_72": [0, 7], "car_73": [5, 2], "car_70": [1, 3], "car_71": [6, 2], "car_76": [1, 0], "car_77": [5, 4], "car_74": [4, 3], "car_75": [5, 4], "car_992": [4, 3], "car_993": [1, 4], "car_990": [5, 7], "car_991": [3, 0], "car_996": [2, 0], "car_997": [3, 5], "car_994": [4, 7], "car_995": [6, 5], "car_998": [6, 0], "car_999": [2, 6], "car_1448": [3, 2], "car_1449": [4, 3], "car_1446": [5, 4], "car_1447": [1, 7], "car_1444": [4, 0], "car_1445": [6, 7], "car_1442": [2, 5], "car_1443": [5, 6], "car_1440": [3, 4], "car_1441": [0, 4], "car_578": [1, 0], "car_579": [3, 6], "car_553": [4, 0], "car_570": [5, 0], "car_571": [3, 0], "car_572": [0, 1], "car_573": [3, 1], "car_574": [2, 6], "car_806": [6, 0], "car_576": [0, 5], "car_577": [5, 2], "car_807": [7, 3], "car_800": [4, 6], "car_801": [6, 1], "car_802": [7, 2], "car_803": [4, 2], "car_619": [1, 4], "car_618": [5, 6], "car_615": [4, 7], "car_614": [3, 4], "car_617": [4, 3], "car_616": [2, 7], "car_611": [4, 3], "car_610": [3, 4], "car_613": [7, 5], "car_612": [2, 4], "car_769": [2, 6], "car_768": [6, 1], "car_761": [6, 2], "car_760": [3, 4], "car_763": [3, 6], "car_762": [5, 6], "car_765": [2, 7], "car_764": [0, 7], "car_767": [2, 0], "car_766": [3, 7], "car_575": [6, 0], "car_1305": [4, 2], "car_1304": [1, 7], "car_1307": [5, 4], "car_1306": [0, 5], "car_1301": [3, 0], "car_1300": [7, 2], "car_1303": [7, 4], "car_1302": [6, 3], "car_1309": [3, 0], "car_1308": [7, 3], "car_389": [6, 4], "car_388": [4, 7], "car_387": [5, 2], "car_386": [2, 1], "car_385": [0, 2], "car_384": [6, 7], "car_383": [3, 1], "car_382": [1, 3], "car_381": [5, 0], "car_380": [4, 5], "car_141": [6, 3], "car_140": [4, 0], "car_143": [5, 3], "car_142": [3, 2], "car_145": [1, 4], "car_144": [7, 2], "car_147": [7, 0], "car_146": [4, 1], "car_149": [0, 7], "car_148": [6, 2], "car_1279": [6, 1], "car_1278": [4, 6], "car_1271": [6, 5], "car_1270": [4, 1], "car_1273": [5, 1], "car_1272": [0, 1], "car_1275": [1, 7], "car_1274": [7, 6], "car_1277": [3, 2], "car_1276": [1, 3], "car_1059": [5, 2], "car_1058": [6, 5], "car_1055": [0, 1], "car_1054": [4, 2], "car_1057": [0, 1], "car_1056": [1, 7], "car_1051": [2, 3], "car_1050": [0, 1], "car_1053": [7, 3], "car_1052": [5, 1], "car_69": [2, 7], "car_68": [0, 1], "car_61": [2, 5], "car_60": [5, 3], "car_63": [0, 3], "car_62": [2, 0], "car_65": [1, 0], "car_64": [5, 4], "car_67": [6, 0], "car_66": [4, 2], "car_969": [1, 3], "car_968": [5, 4], "car_967": [2, 7], "car_966": [0, 6], "car_965": [4, 5], "car_964": [3, 0], "car_963": [7, 4], "car_962": [5, 3], "car_961": [0, 4], "car_960": [4, 2], "car_1451": [4, 7], "car_1450": [6, 7], "car_1453": [1, 4], "car_1452": [0, 7], "car_1455": [1, 5], "car_1454": [6, 7], "car_1457": [0, 5], "car_1456": [4, 0], "car_1458": [2, 0], "car_545": [6, 0], "car_544": [3, 7], "car_547": [7, 4], "car_546": [0, 7], "car_541": [3, 2], "car_540": [7, 3], "car_543": [1, 3], "car_542": [0, 3], "car_549": [4, 3], "car_548": [7, 5], "car_819": [3, 4], "car_818": [1, 7], "car_33": [5, 6], "car_608": [5, 6], "car_609": [7, 0], "car_602": [3, 5], "car_603": [0, 3], "car_600": [2, 0], "car_601": [5, 7], "car_606": [4, 2], "car_607": [2, 7], "car_604": [2, 5], "car_605": [3, 0], "car_776": [4, 5], "car_777": [0, 6], "car_774": [7, 3], "car_775": [1, 0], "car_772": [2, 0], "car_773": [5, 4], "car_770": [5, 1], "car_771": [3, 6], "car_778": [2, 1], "car_779": [4, 5], "car_398": [6, 3], "car_399": [3, 2], "car_394": [4, 5], "car_395": [2, 1], "car_396": [3, 0], "car_397": [4, 1], "car_390": [7, 4], "car_391": [0, 3], "car_392": [2, 6], "car_393": [5, 2], "car_158": [7, 1], "car_159": [4, 1], "car_156": [6, 1], "car_157": [2, 6], "car_154": [1, 3], "car_155": [4, 0], "car_152": [7, 6], "car_153": [3, 4], "car_150": [7, 1], "car_151": [2, 7], "car_1208": [2, 7], "car_1209": [0, 7], "car_1204": [3, 1], "car_1205": [4, 5], "car_1206": [5, 4], "car_1207": [0, 4], "car_1200": [0, 5], "car_1201": [6, 5], "car_1202": [0, 7], "car_1203": [2, 4], "car_1198": [3, 0], "car_1199": [4, 0], "car_1194": [0, 1], "car_1195": [5, 4], "car_1196": [3, 7], "car_1197": [1, 4], "car_1190": [3, 0], "car_1191": [2, 1], "car_1192": [5, 6], "car_1193": [6, 7], "car_978": [0, 6], "car_979": [5, 4], "car_974": [4, 5], "car_975": [0, 5], "car_976": [7, 0], "car_977": [4, 0], "car_970": [4, 0], "car_971": [0, 2], "car_972": [7, 0], "car_973": [3, 5], "car_1424": [0, 3], "car_1425": [2, 4], "car_1426": [7, 4], "car_1427": [4, 1], "car_1420": [1, 7], "car_1421": [4, 1], "car_1422": [0, 3], "car_1423": [3, 5], "car_1428": [3, 1], "car_1429": [4, 2], "car_54": [7, 1], "car_55": [2, 7], "car_56": [6, 2], "car_57": [0, 4], "car_50": [7, 3], "car_51": [1, 6], "car_52": [6, 1], "car_53": [5, 1], "car_58": [7, 2], "car_59": [4, 1], "car_552": [1, 5], "car_805": [2, 4], "car_550": [0, 3], "car_551": [3, 5], "car_556": [6, 7], "car_557": [0, 3], "car_554": [6, 5], "car_555": [5, 3], "car_558": [5, 3], "car_559": [4, 3], "car_808": [1, 6], "car_809": [6, 4], "car_703": [4, 3], "car_702": [1, 7], "car_701": [7, 3], "car_700": [7, 5], "car_707": [2, 5], "car_706": [0, 4], "car_705": [6, 3], "car_704": [1, 3], "car_709": [3, 2], "car_708": [7, 5], "car_129": [4, 3], "car_128": [4, 1], "car_123": [5, 3], "car_122": [2, 3], "car_121": [0, 1], "car_120": [3, 6], "car_127": [7, 3], "car_126": [5, 7], "car_125": [6, 5], "car_124": [7, 2], "car_1219": [1, 6], "car_1218": [5, 7], "car_1217": [4, 5], "car_1216": [3, 1], "car_1215": [1, 4], "car_1214": [7, 2], "car_1213": [5, 6], "car_1212": [2, 1], "car_1211": [4, 3], "car_1210": [3, 6], "car_1415": [2, 0], "car_1414": [7, 1], "car_1417": [6, 7], "car_1416": [1, 3], "car_1411": [3, 7], "car_1410": [1, 2], "car_237": [3, 1], "car_236": [1, 6], "car_235": [7, 6], "car_234": [0, 2], "car_233": [6, 1], "car_232": [3, 5], "car_231": [6, 2], "car_230": [4, 5], "car_1412": [0, 1], "car_239": [7, 3], "car_238": [6, 0], "car_1189": [5, 0], "car_1188": [2, 7], "car_1187": [1, 5], "car_1186": [2, 5], "car_1185": [3, 0], "car_1184": [2, 0], "car_1183": [6, 3], "car_1182": [0, 4], "car_1181": [6, 4], "car_1180": [1, 7], "car_949": [6, 4], "car_948": [3, 0], "car_941": [2, 7], "car_940": [6, 0], "car_943": [4, 0], "car_942": [3, 5], "car_945": [2, 5], "car_944": [7, 3], "car_947": [3, 2], "car_946": [1, 6], "car_1437": [5, 2], "car_1436": [2, 5], "car_1435": [4, 1], "car_1434": [7, 3], "car_1433": [1, 0], "car_1432": [4, 3], "car_1431": [3, 7], "car_1430": [1, 2], "car_1439": [1, 3], "car_1438": [7, 0], "car_493": [7, 1], "car_492": [5, 0], "car_491": [1, 5], "car_490": [0, 5], "car_497": [3, 2], "car_496": [2, 7], "car_495": [4, 7], "car_494": [3, 0], "car_499": [2, 5], "car_498": [6, 2], "car_43": [1, 5], "car_42": [7, 6], "car_41": [5, 3], "car_40": [6, 3], "car_47": [5, 2], "car_46": [2, 5], "car_45": [6, 5], "car_44": [3, 5], "car_49": [2, 4], "car_48": [6, 2], "car_831": [1, 5], "car_830": [2, 3], "car_833": [7, 4], "car_832": [4, 0], "car_835": [1, 4], "car_834": [5, 7], "car_837": [3, 4], "car_836": [1, 0], "car_839": [5, 7], "car_838": [2, 5], "car_710": [7, 4], "car_711": [1, 4], "car_712": [2, 0], "car_713": [6, 5], "car_714": [0, 1], "car_715": [5, 3], "car_716": [7, 6], "car_717": [3, 2], "car_718": [4, 6], "car_719": [5, 3], "car_138": [7, 3], "car_139": [3, 1], "car_130": [1, 2], "car_131": [6, 1], "car_132": [3, 5], "car_133": [4, 0], "car_134": [0, 2], "car_135": [7, 2], "car_136": [3, 6], "car_137": [5, 1], "car_1222": [2, 6], "car_1223": [5, 6], "car_1220": [6, 2], "car_1221": [0, 4], "car_1226": [7, 3], "car_1227": [3, 4], "car_1224": [7, 2], "car_1225": [3, 1], "car_1228": [7, 1], "car_1229": [4, 5], "car_224": [0, 1], "car_225": [2, 3], "car_226": [7, 5], "car_227": [1, 3], "car_220": [1, 2], "car_221": [3, 7], "car_222": [7, 4], "car_223": [1, 7], "car_228": [5, 6], "car_229": [3, 2], "car_1086": [1, 2], "car_1087": [4, 1], "car_1084": [3, 2], "car_1085": [7, 6], "car_1082": [0, 7], "car_1083": [1, 0], "car_1080": [1, 0], "car_1081": [6, 3], "car_1088": [2, 5], "car_1089": [1, 0], "car_956": [3, 5], "car_957": [4, 0], "car_954": [6, 0], "car_955": [1, 6], "car_952": [6, 5], "car_953": [0, 5], "car_950": [0, 3], "car_951": [1, 4], "car_958": [6, 3], "car_959": [0, 1], "car_1158": [5, 1], "car_1159": [3, 4], "car_1408": [3, 6], "car_1409": [0, 1], "car_1150": [4, 2], "car_1151": [0, 3], "car_1152": [2, 4], "car_1153": [5, 3], "car_1154": [1, 5], "car_1155": [3, 0], "car_1156": [4, 3], "car_1157": [0, 3], "car_480": [5, 1], "car_481": [2, 0], "car_482": [7, 6], "car_483": [6, 3], "car_484": [5, 1], "car_485": [6, 0], "car_486": [5, 3], "car_487": [7, 2], "car_488": [3, 7], "car_489": [2, 5], "car_853": [3, 7], "car_852": [6, 4], "car_851": [1, 3], "car_582": [5, 1], "car_857": [5, 6], "car_856": [0, 7], "car_855": [1, 0], "car_854": [2, 1], "car_828": [0, 2], "car_829": [2, 4], "car_826": [1, 2], "car_827": [6, 0], "car_824": [2, 0], "car_825": [7, 6], "car_822": [1, 2], "car_823": [0, 7], "car_820": [6, 0], "car_821": [2, 1], "car_729": [7, 1], "car_728": [2, 7], "car_725": [4, 3], "car_724": [1, 3], "car_727": [5, 1], "car_726": [6, 4], "car_721": [1, 3], "car_720": [2, 3], "car_723": [4, 3], "car_722": [3, 2], "car_105": [2, 1], "car_104": [4, 0], "car_107": [4, 3], "car_106": [3, 5], "car_101": [3, 6], "car_100": [6, 0], "car_103": [1, 0], "car_102": [0, 5], "car_109": [0, 2], "car_108": [6, 2], "car_1235": [5, 0], "car_1234": [2, 1], "car_1237": [0, 2], "car_1236": [7, 0], "car_1231": [5, 4], "car_1230": [2, 3], "car_1233": [6, 7], "car_1232": [4, 2], "car_1239": [3, 1], "car_1238": [2, 5], "car_211": [2, 4], "car_210": [0, 2], "car_213": [2, 5], "car_212": [5, 3], "car_215": [2, 6], "car_214": [3, 0], "car_217": [3, 0], "car_216": [7, 5], "car_219": [6, 1], "car_218": [4, 6], "car_923": [3, 2], "car_922": [7, 1], "car_921": [3, 6], "car_920": [5, 3], "car_927": [4, 1], "car_926": [7, 4], "car_925": [3, 4], "car_924": [2, 4], "car_929": [0, 3], "car_928": [0, 5], "car_1149": [3, 5], "car_1148": [7, 2], "car_1419": [2, 6], "car_1418": [0, 6], "car_1143": [3, 7], "car_1142": [4, 3], "car_1141": [7, 3], "car_1140": [0, 2], "car_1147": [0, 5], "car_1146": [1, 5], "car_1145": [0, 6], "car_1144": [4, 5], "car_1099": [7, 1], "car_1098": [5, 1], "car_1091": [4, 0], "car_1090": [3, 6], "car_1093": [5, 3], "car_1092": [6, 0], "car_1095": [3, 1], "car_1094": [1, 2], "car_1097": [0, 6], "car_1096": [3, 1], "car_589": [5, 2], "car_588": [0, 2], "car_859": [5, 4], "car_858": [6, 2], "car_581": [2, 7], "car_580": [0, 5], "car_583": [3, 0], "car_850": [7, 5], "car_585": [6, 0], "car_584": [3, 2], "car_587": [1, 4], "car_586": [7, 0], "car_457": [6, 5], "car_456": [1, 0], "car_455": [2, 4], "car_454": [4, 6], "car_453": [7, 0], "car_452": [0, 7], "car_451": [4, 7], "car_450": [3, 7], "car_459": [1, 4], "car_458": [2, 6], "car_738": [7, 5], "car_739": [1, 3], "car_733": [3, 4], "car_732": [0, 5], "car_32": [6, 7], "car_730": [3, 1], "car_731": [4, 7], "car_736": [6, 5], "car_737": [0, 6], "car_734": [6, 5], "car_735": [5, 0], "car_38": [2, 0], "car_39": [3, 4], "car_112": [5, 6], "car_113": [1, 3], "car_110": [5, 4], "car_111": [7, 0], "car_116": [3, 4], "car_117": [1, 5], "car_114": [4, 0], "car_115": [7, 0], "car_118": [3, 4], "car_119": [4, 3], "car_208": [2, 5], "car_209": [4, 3], "car_206": [0, 3], "car_207": [1, 2], "car_204": [7, 5], "car_205": [6, 4], "car_202": [1, 7], "car_203": [2, 4], "car_200": [5, 2], "car_201": [0, 2], "car_1398": [1, 2], "car_1399": [4, 1], "car_1392": [3, 5], "car_1393": [4, 7], "car_1390": [5, 4], "car_1391": [1, 3], "car_1396": [5, 0], "car_1397": [7, 0], "car_1394": [5, 6], "car_1395": [2, 7], "car_930": [3, 5], "car_931": [4, 7], "car_932": [6, 0], "car_933": [4, 6], "car_934": [0, 7], "car_935": [4, 7], "car_936": [6, 7], "car_937": [7, 5], "car_938": [3, 6], "car_939": [4, 0], "car_6": [3, 7], "car_7": [6, 4], "car_4": [5, 6], "car_5": [7, 1], "car_2": [6, 2], "car_3": [2, 6], "car_1178": [4, 6], "car_1": [2, 0], "car_1176": [5, 0], "car_1177": [2, 1], "car_1174": [3, 5], "car_1175": [0, 5], "car_1172": [5, 4], "car_1173": [1, 2], "car_8": [3, 2], "car_9": [3, 4], "car_98": [1, 3], "car_99": [4, 1], "car_90": [7, 4], "car_91": [4, 2], "car_92": [6, 2], "car_93": [5, 6], "car_94": [7, 4], "car_95": [1, 2], "car_96": [4, 0], "car_97": [2, 7], "car_596": [7, 2], "car_597": [6, 0], "car_594": [2, 6], "car_595": [5, 4], "car_592": [7, 5], "car_593": [3, 2], "car_590": [0, 3], "car_591": [2, 6], "car_598": [0, 5], "car_599": [2, 0], "car_848": [6, 5], "car_849": [2, 0], "car_840": [1, 4], "car_841": [4, 2], "car_842": [2, 4], "car_843": [7, 6], "car_844": [6, 1], "car_845": [1, 4], "car_846": [2, 5], "car_847": [7, 6], "car_444": [0, 4], "car_445": [3, 4], "car_446": [4, 0], "car_447": [2, 3], "car_440": [3, 1], "car_441": [2, 1], "car_442": [0, 6], "car_443": [3, 6], "car_448": [5, 3], "car_449": [0, 4], "car_695": [3, 7], "car_694": [7, 3], "car_697": [1, 5], "car_696": [7, 6], "car_691": [6, 4], "car_690": [7, 6], "car_693": [5, 0], "car_692": [7, 4], "car_699": [4, 3], "car_698": [1, 0], "car_279": [2, 0], "car_278": [3, 5], "car_273": [6, 3], "car_272": [4, 3], "car_271": [3, 2], "car_270": [1, 7], "car_277": [7, 5], "car_276": [0, 7], "car_275": [4, 1], "car_274": [1, 4], "car_1389": [6, 4], "car_1388": [0, 4], "car_1385": [2, 5], "car_1384": [0, 7], "car_1387": [1, 3], "car_1386": [7, 6], "car_1381": [3, 2], "car_1380": [5, 4], "car_1383": [2, 4], "car_1382": [6, 0], "car_307": [4, 6], "car_306": [3, 2], "car_305": [7, 3], "car_304": [5, 3], "car_303": [3, 2], "car_302": [1, 3], "car_301": [5, 0], "car_300": [4, 2], "car_804": [0, 6], "car_309": [0, 3], "car_308": [6, 3], "car_909": [4, 5], "car_908": [7, 3], "car_905": [7, 1], "car_904": [5, 7], "car_907": [0, 5], "car_906": [6, 0], "car_901": [4, 0], "car_900": [1, 0], "car_903": [4, 3], "car_902": [6, 4], "car_1161": [1, 2], "car_1160": [1, 5], "car_1163": [7, 3], "car_1162": [4, 0], "car_1165": [2, 3], "car_1164": [0, 6], "car_1167": [3, 5], "car_1166": [1, 5], "car_1169": [5, 0], "car_1168": [2, 0], "car_87": [2, 3], "car_86": [3, 5], "car_85": [1, 5], "car_84": [5, 0], "car_83": [2, 3], "car_82": [0, 3], "car_81": [7, 4], "car_80": [7, 4], "car_89": [7, 2], "car_88": [5, 7], "car_875": [1, 3], "car_874": [7, 2], "car_877": [5, 3], "car_876": [2, 7], "car_871": [6, 2], "car_870": [7, 2], "car_873": [3, 1], "car_872": [5, 2], "car_879": [1, 0], "car_878": [7, 1], "car_471": [5, 7], "car_470": [2, 1], "car_473": [4, 7], "car_472": [7, 5], "car_475": [3, 4], "car_474": [6, 7], "car_477": [0, 5], "car_476": [6, 3], "car_479": [0, 5], "car_478": [7, 1], "car_682": [1, 2], "car_683": [3, 6], "car_680": [7, 5], "car_681": [6, 4], "car_686": [1, 5], "car_687": [0, 5], "car_684": [4, 5], "car_685": [6, 1], "car_688": [7, 3], "car_689": [4, 1], "car_268": [0, 7], "car_269": [5, 3], "car_260": [2, 0], "car_261": [6, 5], "car_262": [2, 7], "car_263": [3, 0], "car_264": [6, 0], "car_265": [0, 1], "car_266": [3, 5], "car_267": [6, 3], "car_1370": [1, 3], "car_1371": [4, 6], "car_1372": [6, 4], "car_1373": [3, 7], "car_1374": [4, 2], "car_1375": [7, 3], "car_1376": [3, 1], "car_1377": [0, 7], "car_1378": [5, 0], "car_1379": [4, 7], "car_314": [4, 0], "car_315": [5, 4], "car_316": [4, 6], "car_317": [6, 0], "car_310": [6, 7], "car_311": [2, 1], "car_312": [3, 2], "car_313": [2, 4], "car_318": [3, 1], "car_319": [6, 0], "car_918": [7, 3], "car_919": [6, 4], "car_912": [2, 1], "car_913": [6, 3], "car_910": [5, 7], "car_911": [7, 5], "car_916": [4, 3], "car_917": [5, 0], "car_914": [0, 4], "car_915": [5, 1], "car_1114": [7, 6], "car_1115": [7, 3], "car_1116": [6, 0], "car_1117": [0, 1], "car_1110": [5, 2], "car_1111": [1, 4], "car_1112": [6, 1], "car_1113": [2, 4], "car_1118": [5, 3], "car_1119": [3, 7], "car_1284": [7, 3], "car_1285": [1, 5], "car_1286": [2, 0], "car_1287": [7, 4], "car_1280": [5, 7], "car_1281": [7, 2], "car_1282": [4, 3], "car_1283": [2, 1], "car_1288": [3, 0], "car_1289": [2, 7], "car_1028": [4, 1], "car_1029": [6, 7], "car_1020": [5, 3], "car_1021": [3, 7], "car_1022": [6, 2], "car_1023": [0, 1], "car_1024": [7, 0], "car_1025": [1, 2], "car_1026": [6, 3], "car_1027": [2, 1], "car_862": [6, 1], "car_863": [2, 6], "car_860": [7, 1], "car_861": [3, 0], "car_866": [2, 7], "car_867": [6, 0], "car_864": [4, 1], "car_865": [0, 5], "car_868": [1, 3], "car_869": [4, 5]}