{"car_3253": [5, 7], "car_2009": [5, 3], "car_3196": [3, 2], "car_3197": [2, 7], "car_3194": [7, 1], "car_3195": [1, 7], "car_3192": [0, 4], "car_3193": [2, 5], "car_3190": [1, 7], "car_3191": [3, 7], "car_3198": [5, 0], "car_3199": [7, 4], "car_2229": [7, 0], "car_2228": [5, 2], "car_468": [6, 7], "car_469": [0, 1], "car_466": [3, 7], "car_467": [4, 0], "car_464": [2, 1], "car_465": [5, 1], "car_462": [6, 2], "car_463": [0, 2], "car_460": [7, 6], "car_461": [3, 7], "car_2455": [5, 7], "car_3068": [4, 3], "car_3069": [6, 1], "car_2751": [7, 2], "car_3062": [6, 5], "car_3063": [0, 2], "car_3060": [3, 7], "car_3061": [4, 3], "car_3066": [7, 5], "car_3067": [3, 7], "car_3064": [2, 0], "car_3065": [5, 3], "car_3268": [7, 6], "car_817": [6, 4], "car_816": [4, 3], "car_3260": [6, 3], "car_3261": [0, 4], "car_3262": [2, 5], "car_3263": [5, 7], "car_3264": [7, 6], "car_815": [7, 4], "car_3266": [2, 3], "car_3267": [5, 4], "car_2750": [5, 2], "car_814": [5, 0], "car_813": [0, 4], "car_812": [6, 0], "car_2072": [0, 5], "car_811": [4, 2], "car_2073": [2, 7], "car_810": [3, 0], "car_3214": [5, 6], "car_679": [6, 1], "car_678": [4, 2], "car_677": [3, 7], "car_676": [1, 5], "car_675": [7, 6], "car_674": [2, 1], "car_673": [0, 5], "car_672": [6, 3], "car_671": [4, 7], "car_670": [3, 5], "car_2771": [4, 5], "car_3213": [2, 0], "car_2770": [3, 2], "car_3212": [6, 3], "car_2078": [5, 1], "car_2079": [7, 2], "car_2456": [7, 3], "car_2341": [2, 7], "car_2670": [1, 6], "car_2671": [3, 0], "car_2754": [2, 1], "car_2672": [4, 3], "car_2223": [7, 4], "car_789": [2, 5], "car_788": [6, 0], "car_3338": [6, 0], "car_2222": [2, 7], "car_783": [0, 7], "car_782": [4, 7], "car_781": [3, 0], "car_780": [7, 2], "car_787": [4, 5], "car_786": [3, 5], "car_785": [7, 1], "car_784": [2, 5], "car_2220": [6, 1], "car_0": [0, 3], "car_2227": [0, 7], "car_1179": [7, 0], "car_2375": [4, 1], "car_2226": [4, 2], "car_3339": [0, 5], "car_2225": [3, 4], "car_2224": [1, 7], "car_255": [6, 7], "car_254": [4, 0], "car_257": [2, 4], "car_256": [0, 2], "car_251": [7, 3], "car_250": [5, 0], "car_253": [3, 0], "car_252": [1, 2], "car_1961": [0, 2], "car_1960": [4, 1], "car_1963": [1, 5], "car_1962": [2, 4], "car_259": [1, 6], "car_258": [5, 2], "car_1967": [1, 4], "car_1966": [5, 3], "car_1170": [7, 3], "car_1171": [1, 5], "car_1565": [5, 4], "car_1564": [2, 7], "car_1567": [1, 4], "car_1566": [7, 3], "car_1561": [1, 5], "car_1560": [7, 1], "car_1563": [0, 2], "car_1562": [3, 4], "car_1569": [2, 4], "car_1568": [3, 4], "car_1413": [4, 7], "car_1363": [0, 4], "car_1362": [6, 0], "car_1361": [4, 0], "car_1360": [3, 5], "car_1367": [1, 4], "car_1366": [7, 4], "car_1365": [5, 7], "car_1364": [2, 3], "car_1369": [4, 0], "car_1368": [3, 6], "car_2758": [3, 6], "car_2376": [0, 1], "car_321": [0, 2], "car_320": [3, 0], "car_323": [5, 4], "car_322": [2, 3], "car_325": [1, 5], "car_324": [7, 2], "car_327": [6, 0], "car_326": [4, 6], "car_329": [2, 4], "car_328": [0, 5], "car_2722": [0, 7], "car_2723": [5, 3], "car_2720": [7, 5], "car_2721": [6, 5], "car_2726": [4, 5], "car_2727": [6, 1], "car_2724": [7, 0], "car_2725": [1, 0], "car_2728": [2, 5], "car_2729": [7, 0], "car_1107": [3, 7], "car_1106": [1, 3], "car_1105": [7, 2], "car_1104": [0, 2], "car_1103": [4, 3], "car_1102": [7, 3], "car_1101": [5, 2], "car_1100": [0, 1], "car_1109": [6, 5], "car_1108": [4, 3], "car_1297": [3, 0], "car_1296": [1, 2], "car_1295": [2, 7], "car_1294": [0, 7], "car_1293": [6, 3], "car_1292": [3, 4], "car_1291": [1, 4], "car_1290": [7, 3], "car_1299": [6, 7], "car_1298": [4, 3], "car_2928": [4, 1], "car_2929": [2, 4], "car_2924": [0, 3], "car_2925": [2, 7], "car_2926": [5, 6], "car_2927": [7, 0], "car_2920": [5, 7], "car_2921": [1, 2], "car_2922": [4, 6], "car_2923": [6, 2], "car_2586": [5, 7], "car_2587": [7, 3], "car_2584": [0, 5], "car_2585": [2, 7], "car_2582": [1, 2], "car_2583": [4, 3], "car_2580": [0, 3], "car_2581": [5, 3], "car_2858": [1, 6], "car_2859": [6, 7], "car_2588": [1, 7], "car_2589": [3, 0], "car_2036": [4, 6], "car_2037": [0, 3], "car_1039": [0, 2], "car_1038": [6, 7], "car_1749": [7, 0], "car_1748": [5, 3], "car_2030": [7, 2], "car_2031": [1, 0], "car_1033": [0, 5], "car_1032": [6, 4], "car_1031": [4, 7], "car_1030": [3, 1], "car_1037": [4, 3], "car_1036": [3, 6], "car_1035": [5, 3], "car_1034": [2, 3], "car_1589": [6, 2], "car_1588": [4, 1], "car_1583": [0, 2], "car_1582": [6, 5], "car_1581": [4, 1], "car_1580": [3, 4], "car_1587": [1, 0], "car_1586": [7, 4], "car_1585": [5, 1], "car_1584": [2, 6], "car_1852": [3, 5], "car_1906": [2, 7], "car_3295": [7, 0], "car_3294": [2, 7], "car_3297": [3, 7], "car_3296": [1, 4], "car_3291": [1, 5], "car_3290": [7, 2], "car_899": [4, 0], "car_898": [3, 6], "car_897": [7, 6], "car_896": [5, 0], "car_895": [2, 1], "car_894": [0, 3], "car_893": [6, 7], "car_892": [4, 1], "car_891": [3, 2], "car_890": [1, 4], "car_2458": [6, 1], "car_2459": [0, 2], "car_2108": [7, 1], "car_2109": [6, 3], "car_2102": [5, 2], "car_2103": [1, 4], "car_2100": [0, 3], "car_2101": [2, 7], "car_2106": [2, 5], "car_2107": [5, 1], "car_2104": [3, 1], "car_2105": [4, 1], "car_1631": [7, 0], "car_1630": [5, 4], "car_1633": [4, 6], "car_1632": [3, 7], "car_1635": [0, 3], "car_1634": [6, 4], "car_1637": [7, 4], "car_1636": [2, 4], "car_1639": [6, 0], "car_1638": [1, 5], "car_1751": [3, 4], "car_2803": [4, 7], "car_2802": [3, 6], "car_2801": [5, 1], "car_3189": [7, 0], "car_3188": [5, 6], "car_2800": [2, 1], "car_3269": [1, 4], "car_3181": [4, 6], "car_2807": [7, 5], "car_1756": [5, 4], "car_3182": [6, 0], "car_3185": [3, 7], "car_3184": [7, 1], "car_3187": [0, 5], "car_2806": [5, 0], "car_2805": [2, 6], "car_3306": [5, 6], "car_2816": [2, 1], "car_2804": [0, 1], "car_3104": [4, 3], "car_2414": [5, 1], "car_419": [3, 1], "car_418": [7, 2], "car_2218": [3, 4], "car_2219": [4, 5], "car_413": [3, 2], "car_412": [1, 0], "car_411": [7, 0], "car_410": [5, 6], "car_417": [5, 1], "car_416": [2, 7], "car_415": [6, 4], "car_414": [4, 1], "car_2417": [6, 7], "car_1679": [3, 2], "car_1678": [1, 3], "car_2412": [6, 2], "car_2947": [4, 7], "car_2413": [2, 5], "car_3265": [1, 2], "car_3079": [6, 3], "car_3078": [4, 3], "car_3075": [7, 5], "car_3074": [2, 7], "car_3077": [3, 4], "car_3076": [1, 6], "car_3071": [2, 3], "car_3070": [0, 4], "car_3073": [4, 3], "car_3072": [3, 1], "car_527": [6, 3], "car_526": [1, 0], "car_525": [7, 0], "car_524": [2, 5], "car_523": [0, 3], "car_522": [6, 7], "car_521": [4, 3], "car_520": [3, 7], "car_3273": [2, 7], "car_1671": [1, 6], "car_3271": [4, 5], "car_1889": [5, 2], "car_3277": [3, 6], "car_3276": [1, 3], "car_529": [5, 4], "car_528": [0, 2], "car_1884": [4, 0], "car_1885": [5, 4], "car_2368": [4, 7], "car_2786": [5, 1], "car_2787": [1, 3], "car_668": [7, 0], "car_669": [1, 0], "car_664": [1, 2], "car_665": [6, 2], "car_666": [2, 3], "car_667": [5, 1], "car_660": [1, 3], "car_661": [3, 6], "car_662": [6, 7], "car_663": [5, 1], "car_2759": [6, 2], "car_1854": [6, 4], "car_2788": [3, 1], "car_3308": [1, 3], "car_2789": [6, 2], "car_2940": [5, 3], "car_798": [7, 3], "car_799": [3, 5], "car_790": [7, 4], "car_791": [1, 2], "car_792": [3, 2], "car_793": [4, 7], "car_794": [6, 1], "car_795": [0, 4], "car_796": [2, 1], "car_797": [5, 1], "car_242": [4, 2], "car_243": [6, 3], "car_240": [1, 6], "car_241": [3, 7], "car_246": [7, 5], "car_247": [1, 7], "car_244": [0, 3], "car_245": [2, 1], "car_1914": [3, 5], "car_1915": [4, 6], "car_248": [6, 1], "car_249": [2, 4], "car_1910": [6, 3], "car_1911": [0, 4], "car_1912": [2, 1], "car_1913": [7, 0], "car_1356": [4, 7], "car_1357": [6, 2], "car_1354": [1, 6], "car_1355": [3, 1], "car_1352": [5, 3], "car_1353": [7, 4], "car_1350": [0, 4], "car_1351": [2, 0], "car_1358": [0, 6], "car_1359": [5, 3], "car_1831": [1, 4], "car_1820": [0, 7], "car_1821": [2, 3], "car_1822": [3, 0], "car_1823": [4, 3], "car_1824": [6, 4], "car_1825": [2, 4], "car_338": [6, 4], "car_339": [5, 6], "car_336": [7, 1], "car_337": [1, 7], "car_334": [0, 2], "car_335": [2, 3], "car_332": [4, 6], "car_333": [6, 0], "car_330": [5, 4], "car_331": [3, 4], "car_2735": [7, 5], "car_2734": [5, 1], "car_1138": [7, 4], "car_1139": [1, 5], "car_2731": [4, 3], "car_2730": [1, 3], "car_2733": [0, 2], "car_2732": [6, 7], "car_1132": [7, 3], "car_1133": [1, 7], "car_1130": [2, 3], "car_1131": [5, 0], "car_1136": [2, 3], "car_1137": [5, 4], "car_1134": [3, 4], "car_1135": [4, 2], "car_1839": [4, 2], "car_2393": [1, 3], "car_1838": [3, 0], "car_2392": [7, 3], "car_3301": [1, 0], "car_3300": [2, 5], "car_2939": [2, 5], "car_2938": [6, 3], "car_2937": [4, 7], "car_2936": [3, 6], "car_2935": [1, 6], "car_2934": [5, 1], "car_2933": [6, 5], "car_2932": [1, 2], "car_2931": [7, 1], "car_2930": [5, 0], "car_2029": [5, 0], "car_2028": [2, 7], "car_2845": [1, 2], "car_2844": [7, 0], "car_2843": [5, 3], "car_2842": [6, 7], "car_2841": [3, 0], "car_2840": [1, 6], "car_2021": [2, 6], "car_2020": [0, 4], "car_2023": [7, 3], "car_2022": [5, 4], "car_2025": [4, 5], "car_2024": [1, 3], "car_2027": [0, 5], "car_2026": [6, 0], "car_2948": [6, 2], "car_2520": [1, 4], "car_1008": [1, 4], "car_1009": [3, 1], "car_1006": [2, 7], "car_1007": [7, 3], "car_1004": [6, 7], "car_1005": [0, 7], "car_1002": [3, 6], "car_1003": [4, 1], "car_1000": [5, 1], "car_1001": [1, 6], "car_2398": [7, 3], "car_2629": [2, 5], "car_2524": [0, 4], "car_2628": [0, 6], "car_3310": [4, 2], "car_2525": [2, 5], "car_2995": [4, 2], "car_2674": [0, 5], "car_1924": [3, 7], "car_2994": [3, 0], "car_2527": [7, 0], "car_2997": [0, 7], "car_36": [4, 2], "car_37": [0, 7], "car_34": [0, 5], "car_35": [5, 2], "car_888": [5, 4], "car_889": [7, 4], "car_30": [7, 0], "car_31": [3, 2], "car_884": [1, 5], "car_885": [3, 6], "car_886": [4, 7], "car_887": [6, 0], "car_880": [4, 2], "car_881": [6, 3], "car_882": [0, 5], "car_883": [5, 7], "car_2449": [1, 0], "car_2448": [5, 7], "car_2119": [6, 7], "car_2118": [4, 5], "car_2115": [2, 1], "car_2114": [4, 2], "car_2117": [3, 6], "car_2116": [1, 0], "car_2111": [2, 4], "car_2110": [0, 3], "car_2113": [3, 2], "car_2112": [7, 1], "car_1644": [3, 5], "car_1645": [6, 1], "car_1646": [2, 5], "car_1647": [1, 0], "car_1640": [0, 3], "car_1641": [2, 7], "car_1642": [5, 7], "car_1643": [7, 0], "car_3312": [2, 1], "car_1648": [3, 6], "car_1649": [6, 0], "car_2599": [4, 3], "car_2159": [4, 1], "car_2158": [3, 2], "car_2591": [3, 6], "car_2590": [2, 5], "car_2593": [0, 7], "car_2592": [4, 7], "car_2595": [5, 0], "car_2594": [2, 0], "car_2597": [1, 6], "car_2596": [7, 0], "car_3313": [5, 6], "car_2677": [4, 0], "car_2608": [0, 2], "car_408": [4, 5], "car_409": [6, 0], "car_2203": [5, 0], "car_2202": [2, 1], "car_2205": [3, 5], "car_2204": [7, 5], "car_2207": [6, 4], "car_2206": [4, 3], "car_400": [6, 7], "car_401": [2, 1], "car_402": [5, 2], "car_403": [1, 7], "car_404": [0, 7], "car_405": [2, 7], "car_406": [5, 1], "car_407": [7, 1], "car_1769": [6, 1], "car_3080": [0, 1], "car_3081": [2, 6], "car_3082": [5, 6], "car_3083": [7, 4], "car_3084": [3, 0], "car_3085": [4, 7], "car_3086": [6, 5], "car_3087": [0, 2], "car_3088": [2, 4], "car_3089": [5, 4], "car_2973": [0, 7], "car_534": [6, 5], "car_535": [0, 5], "car_536": [2, 3], "car_537": [5, 4], "car_530": [7, 4], "car_531": [1, 6], "car_532": [3, 2], "car_533": [4, 7], "car_3246": [0, 7], "car_3247": [5, 7], "car_3244": [1, 4], "car_3245": [3, 6], "car_538": [7, 1], "car_539": [1, 2], "car_3240": [0, 3], "car_3241": [2, 3], "car_2972": [4, 2], "car_3317": [6, 4], "car_2310": [4, 5], "car_659": [5, 0], "car_658": [2, 0], "car_651": [1, 2], "car_650": [7, 4], "car_653": [6, 2], "car_652": [4, 3], "car_655": [2, 3], "car_654": [0, 1], "car_657": [3, 1], "car_656": [5, 4], "car_2970": [1, 6], "car_2907": [2, 3], "car_2977": [4, 1], "car_2909": [7, 2], "car_2976": [3, 0], "car_2434": [6, 3], "car_1929": [3, 6], "car_2195": [0, 2], "car_2194": [4, 3], "car_1764": [2, 0], "car_2197": [7, 0], "car_2196": [2, 7], "car_2191": [5, 6], "car_1928": [7, 2], "car_2190": [2, 6], "car_2193": [3, 7], "car_1909": [4, 6], "car_1908": [7, 3], "car_1907": [5, 0], "car_1763": [0, 4], "car_1905": [6, 3], "car_1904": [4, 6], "car_1903": [3, 6], "car_1902": [7, 6], "car_1901": [5, 3], "car_1900": [2, 1], "car_1349": [6, 2], "car_1348": [4, 7], "car_1762": [6, 3], "car_1341": [3, 1], "car_1340": [1, 2], "car_1343": [6, 5], "car_1342": [4, 5], "car_1345": [2, 7], "car_1344": [0, 3], "car_1347": [1, 2], "car_1346": [7, 5], "car_3234": [6, 4], "car_3219": [7, 2], "car_2753": [0, 2], "car_3231": [5, 3], "car_2752": [3, 7], "car_3230": [2, 0], "car_2698": [1, 0], "car_1833": [4, 0], "car_1832": [3, 6], "car_349": [3, 1], "car_348": [1, 2], "car_1837": [1, 6], "car_1836": [7, 5], "car_1835": [5, 1], "car_1834": [6, 4], "car_343": [4, 3], "car_342": [3, 1], "car_341": [1, 7], "car_340": [7, 3], "car_347": [7, 2], "car_346": [5, 0], "car_345": [2, 0], "car_344": [6, 7], "car_2325": [1, 2], "car_1129": [0, 4], "car_1128": [6, 2], "car_2979": [5, 7], "car_1125": [2, 1], "car_1124": [0, 4], "car_1127": [3, 0], "car_1126": [5, 2], "car_1121": [3, 0], "car_1120": [1, 3], "car_1123": [6, 7], "car_1122": [4, 5], "car_1402": [6, 4], "car_2320": [4, 5], "car_1403": [2, 7], "car_2321": [6, 2], "car_1400": [1, 2], "car_1401": [3, 2], "car_2978": [2, 5], "car_1406": [3, 2], "car_1407": [4, 7], "car_2902": [7, 5], "car_2903": [1, 5], "car_2900": [4, 2], "car_2901": [2, 0], "car_2906": [0, 3], "car_1404": [5, 1], "car_2904": [3, 5], "car_2905": [6, 4], "car_2908": [5, 6], "car_1405": [1, 3], "car_2058": [4, 3], "car_2059": [6, 3], "car_2054": [6, 1], "car_2055": [0, 2], "car_2056": [2, 3], "car_2057": [3, 2], "car_2050": [2, 5], "car_2051": [5, 7], "car_2052": [1, 3], "car_2053": [4, 1], "car_1011": [2, 4], "car_1010": [0, 3], "car_1013": [4, 1], "car_1012": [7, 3], "car_1015": [0, 5], "car_1014": [6, 2], "car_1017": [1, 7], "car_1016": [2, 5], "car_1019": [4, 6], "car_1018": [3, 0], "car_2690": [5, 4], "car_2691": [7, 0], "car_2696": [2, 3], "car_2697": [5, 4], "car_2694": [4, 7], "car_2695": [0, 5], "car_2790": [2, 6], "car_25": [4, 6], "car_24": [3, 7], "car_27": [0, 1], "car_26": [6, 2], "car_21": [2, 7], "car_20": [0, 1], "car_23": [1, 0], "car_22": [5, 0], "car_29": [5, 4], "car_28": [2, 1], "car_2478": [4, 0], "car_2479": [6, 3], "car_2476": [1, 4], "car_2477": [3, 4], "car_2474": [5, 4], "car_2475": [7, 5], "car_2472": [0, 7], "car_2473": [2, 4], "car_2470": [1, 4], "car_2471": [3, 2], "car_1657": [5, 3], "car_1656": [0, 4], "car_1655": [6, 5], "car_1654": [3, 6], "car_1653": [1, 0], "car_1652": [7, 5], "car_1651": [2, 0], "car_1650": [0, 2], "car_1659": [6, 7], "car_1658": [4, 0], "car_2878": [1, 4], "car_2879": [4, 7], "car_2872": [5, 7], "car_2873": [1, 2], "car_2870": [6, 4], "car_2871": [2, 5], "car_2876": [2, 0], "car_2877": [5, 7], "car_2874": [3, 0], "car_2875": [4, 0], "car_2688": [4, 3], "car_1969": [4, 7], "car_2315": [1, 3], "car_1843": [5, 6], "car_3211": [3, 0], "car_435": [5, 4], "car_434": [2, 6], "car_437": [1, 2], "car_436": [7, 0], "car_431": [7, 5], "car_430": [5, 7], "car_433": [4, 6], "car_432": [1, 3], "car_1846": [4, 0], "car_439": [6, 1], "car_438": [3, 4], "car_1847": [6, 4], "car_2274": [0, 1], "car_2275": [2, 4], "car_2276": [5, 3], "car_2277": [7, 0], "car_2270": [7, 6], "car_2271": [3, 7], "car_2272": [4, 1], "car_2273": [6, 3], "car_1845": [1, 5], "car_2278": [3, 6], "car_2279": [4, 5], "car_1848": [0, 2], "car_2289": [7, 6], "car_1968": [3, 1], "car_1849": [2, 3], "car_2288": [5, 6], "car_1965": [4, 6], "car_1964": [3, 7], "car_3093": [6, 0], "car_3092": [4, 3], "car_3091": [3, 0], "car_3090": [7, 2], "car_3097": [7, 2], "car_3096": [5, 4], "car_3095": [2, 5], "car_3094": [0, 6], "car_3099": [4, 2], "car_3098": [3, 4], "car_3311": [0, 4], "car_501": [1, 5], "car_500": [5, 6], "car_503": [4, 7], "car_502": [3, 5], "car_505": [2, 4], "car_504": [6, 0], "car_507": [4, 5], "car_506": [1, 3], "car_509": [0, 5], "car_508": [6, 3], "car_2302": [5, 4], "car_2303": [1, 7], "car_2304": [3, 1], "car_2305": [4, 2], "car_2306": [6, 0], "car_2307": [2, 5], "car_2281": [2, 1], "car_1745": [6, 7], "car_2280": [6, 5], "car_2960": [0, 5], "car_646": [1, 7], "car_647": [4, 6], "car_644": [2, 3], "car_645": [5, 4], "car_642": [6, 0], "car_643": [0, 1], "car_640": [7, 5], "car_641": [1, 0], "car_2314": [5, 2], "car_648": [2, 0], "car_649": [5, 0], "car_2961": [2, 0], "car_2576": [7, 2], "car_2526": [5, 0], "car_1830": [5, 4], "car_2673": [6, 2], "car_2962": [5, 4], "car_2570": [1, 2], "car_2681": [7, 3], "car_2999": [5, 6], "car_2420": [5, 2], "car_2963": [7, 0], "car_2680": [5, 6], "car_2854": [6, 4], "car_2964": [3, 6], "car_2683": [0, 3], "car_1932": [0, 6], "car_1933": [5, 1], "car_1930": [4, 3], "car_1931": [6, 5], "car_1936": [5, 2], "car_1937": [3, 4], "car_1934": [7, 3], "car_1935": [0, 1], "car_1938": [6, 5], "car_1939": [2, 0], "car_2682": [6, 3], "car_1717": [2, 3], "car_1338": [5, 3], "car_1339": [7, 6], "car_1334": [1, 6], "car_1335": [3, 5], "car_1336": [0, 6], "car_1337": [2, 7], "car_1330": [3, 0], "car_1331": [4, 5], "car_1332": [0, 3], "car_1333": [7, 6], "car_1711": [4, 0], "car_2998": [2, 5], "car_358": [1, 4], "car_359": [0, 7], "car_1804": [7, 1], "car_1805": [1, 2], "car_1802": [0, 4], "car_1803": [5, 4], "car_1800": [4, 0], "car_1801": [6, 0], "car_350": [4, 6], "car_351": [6, 4], "car_352": [2, 6], "car_353": [1, 7], "car_354": [3, 7], "car_355": [6, 0], "car_356": [0, 3], "car_357": [5, 1], "car_1482": [0, 5], "car_1483": [5, 2], "car_1480": [7, 2], "car_1481": [3, 0], "car_1486": [0, 1], "car_1487": [2, 0], "car_1484": [1, 4], "car_1485": [3, 5], "car_1488": [5, 6], "car_1489": [7, 5], "car_1240": [3, 7], "car_1241": [0, 3], "car_1242": [2, 3], "car_1243": [5, 3], "car_1244": [7, 2], "car_1245": [1, 7], "car_1246": [3, 0], "car_1247": [4, 3], "car_1248": [6, 5], "car_1249": [0, 6], "car_1747": [2, 6], "car_2374": [3, 6], "car_1879": [0, 6], "car_2917": [1, 3], "car_2916": [7, 6], "car_2911": [3, 2], "car_2910": [1, 7], "car_2913": [0, 3], "car_2912": [4, 7], "car_2919": [2, 6], "car_2918": [3, 2], "car_2049": [0, 3], "car_2048": [6, 5], "car_2047": [4, 6], "car_2046": [3, 2], "car_2045": [1, 7], "car_2044": [5, 3], "car_2043": [2, 6], "car_2042": [0, 3], "car_2041": [3, 5], "car_2040": [1, 6], "car_1064": [5, 0], "car_1065": [3, 1], "car_1066": [4, 2], "car_1067": [0, 4], "car_1060": [7, 2], "car_1061": [6, 1], "car_1062": [0, 5], "car_1063": [2, 6], "car_2685": [7, 5], "car_2684": [2, 6], "car_2687": [3, 4], "car_2686": [1, 0], "car_1068": [2, 6], "car_1069": [5, 1], "car_1798": [1, 6], "car_1799": [3, 5], "car_10": [4, 5], "car_11": [2, 5], "car_12": [5, 1], "car_13": [4, 7], "car_14": [0, 2], "car_15": [2, 3], "car_16": [7, 3], "car_17": [3, 1], "car_18": [4, 6], "car_19": [6, 5], "car_2461": [5, 0], "car_2460": [2, 7], "car_1668": [0, 1], "car_1669": [2, 1], "car_2465": [2, 0], "car_2464": [0, 5], "car_2467": [1, 7], "car_2466": [5, 6], "car_1662": [5, 1], "car_1663": [7, 1], "car_1660": [0, 5], "car_1661": [2, 0], "car_1666": [4, 6], "car_1667": [6, 4], "car_1664": [1, 6], "car_1665": [3, 6], "car_1468": [7, 3], "car_1469": [1, 2], "car_1460": [0, 3], "car_1461": [2, 6], "car_1462": [5, 7], "car_1463": [7, 6], "car_1464": [4, 1], "car_1465": [6, 4], "car_1466": [0, 5], "car_1467": [2, 1], "car_2699": [6, 5], "car_2869": [5, 1], "car_2868": [6, 1], "car_2865": [7, 3], "car_2864": [5, 3], "car_2867": [3, 2], "car_2866": [1, 2], "car_2861": [7, 2], "car_2860": [0, 4], "car_2863": [6, 2], "car_2862": [3, 5], "car_2648": [5, 4], "car_422": [1, 0], "car_423": [3, 0], "car_420": [5, 3], "car_421": [7, 5], "car_426": [5, 1], "car_427": [7, 3], "car_424": [0, 3], "car_425": [2, 0], "car_3318": [0, 7], "car_3319": [2, 3], "car_428": [3, 1], "car_429": [4, 0], "car_2377": [2, 7], "car_2267": [0, 4], "car_2266": [6, 0], "car_2265": [4, 1], "car_2264": [1, 7], "car_2263": [7, 4], "car_2262": [5, 6], "car_2261": [2, 6], "car_2260": [0, 3], "car_2371": [2, 7], "car_2269": [5, 6], "car_2268": [2, 6], "car_2373": [1, 2], "car_2372": [7, 6], "car_2008": [6, 4], "car_2370": [0, 2], "car_3224": [7, 3], "car_3225": [1, 5], "car_2319": [7, 5], "car_2318": [2, 4], "car_3220": [1, 5], "car_3221": [4, 5], "car_518": [7, 3], "car_519": [1, 6], "car_516": [2, 5], "car_517": [5, 7], "car_514": [4, 3], "car_515": [6, 1], "car_512": [7, 2], "car_513": [3, 4], "car_510": [2, 7], "car_511": [5, 0], "car_1870": [3, 5], "car_2692": [1, 5], "car_2444": [3, 4], "car_633": [3, 5], "car_632": [5, 0], "car_631": [2, 3], "car_630": [0, 2], "car_637": [5, 1], "car_636": [2, 3], "car_635": [6, 3], "car_634": [4, 3], "car_2675": [1, 3], "car_639": [2, 6], "car_638": [6, 0], "car_3138": [7, 2], "car_3139": [1, 3], "car_2693": [3, 2], "car_3130": [6, 5], "car_3131": [0, 5], "car_3132": [2, 4], "car_3133": [5, 4], "car_3134": [7, 1], "car_3135": [1, 6], "car_3136": [4, 6], "car_3137": [6, 0], "car_189": [0, 1], "car_188": [6, 0], "car_185": [1, 7], "car_184": [7, 5], "car_187": [4, 1], "car_186": [3, 2], "car_181": [6, 5], "car_180": [4, 6], "car_183": [5, 0], "car_182": [0, 1], "car_749": [6, 2], "car_748": [4, 6], "car_747": [3, 2], "car_746": [1, 0], "car_745": [7, 3], "car_744": [5, 4], "car_743": [2, 1], "car_742": [0, 3], "car_741": [6, 1], "car_740": [3, 1], "car_2131": [5, 1], "car_3316": [4, 2], "car_2618": [1, 7], "car_299": [6, 2], "car_298": [3, 5], "car_1927": [5, 0], "car_1926": [2, 6], "car_1921": [2, 6], "car_1920": [0, 1], "car_1923": [1, 7], "car_1922": [5, 6], "car_291": [1, 7], "car_290": [5, 6], "car_293": [6, 2], "car_292": [3, 0], "car_295": [5, 2], "car_294": [0, 5], "car_297": [1, 6], "car_296": [7, 5], "car_1329": [1, 2], "car_1328": [7, 0], "car_1327": [5, 0], "car_1326": [0, 7], "car_1325": [6, 7], "car_1324": [4, 7], "car_1323": [3, 1], "car_1322": [1, 0], "car_1321": [7, 1], "car_1320": [0, 7], "car_365": [0, 2], "car_364": [6, 2], "car_367": [4, 3], "car_366": [2, 4], "car_361": [7, 1], "car_360": [5, 2], "car_363": [4, 7], "car_362": [1, 7], "car_1811": [7, 0], "car_1810": [5, 2], "car_1813": [4, 3], "car_1812": [1, 5], "car_369": [2, 7], "car_368": [6, 4], "car_1817": [3, 2], "car_1816": [1, 2], "car_167": [4, 3], "car_166": [3, 4], "car_165": [1, 5], "car_164": [5, 7], "car_163": [2, 5], "car_162": [4, 3], "car_161": [3, 6], "car_160": [7, 2], "car_169": [0, 3], "car_168": [6, 0], "car_1495": [3, 6], "car_1494": [2, 3], "car_1497": [6, 3], "car_1496": [4, 5], "car_1491": [3, 4], "car_1490": [1, 4], "car_1493": [6, 3], "car_1492": [4, 7], "car_1499": [5, 4], "car_1498": [2, 6], "car_1253": [4, 7], "car_1252": [3, 0], "car_1251": [1, 6], "car_1250": [7, 3], "car_1257": [7, 0], "car_1256": [5, 0], "car_1255": [0, 7], "car_1254": [6, 1], "car_2850": [5, 1], "car_1259": [4, 2], "car_1258": [1, 2], "car_2851": [7, 5], "car_1868": [7, 4], "car_2852": [3, 7], "car_2853": [4, 3], "car_3248": [7, 0], "car_1789": [6, 4], "car_1788": [4, 5], "car_2070": [1, 5], "car_2071": [4, 3], "car_2076": [4, 1], "car_2077": [6, 1], "car_2074": [1, 6], "car_2075": [3, 7], "car_1781": [1, 5], "car_1780": [7, 0], "car_1783": [4, 7], "car_1782": [3, 6], "car_1785": [5, 0], "car_1784": [0, 4], "car_1787": [3, 6], "car_1786": [7, 2], "car_1077": [1, 7], "car_1076": [7, 6], "car_1075": [5, 4], "car_1074": [2, 3], "car_1073": [0, 5], "car_1072": [4, 2], "car_1071": [1, 4], "car_1070": [7, 5], "car_2678": [6, 7], "car_2679": [2, 0], "car_1079": [4, 5], "car_1078": [3, 4], "car_3257": [4, 3], "car_2139": [1, 2], "car_3256": [3, 2], "car_2034": [5, 4], "car_2300": [6, 5], "car_2035": [7, 0], "car_2301": [0, 1], "car_2032": [6, 5], "car_2033": [2, 0], "car_2996": [6, 2], "car_2138": [7, 0], "car_985": [5, 2], "car_984": [2, 6], "car_987": [4, 2], "car_986": [3, 0], "car_981": [3, 4], "car_980": [1, 4], "car_983": [0, 4], "car_982": [6, 1], "car_1675": [2, 1], "car_1674": [0, 3], "car_1677": [7, 2], "car_1676": [5, 4], "car_989": [0, 7], "car_988": [6, 5], "car_1673": [6, 2], "car_1672": [3, 4], "car_2784": [6, 3], "car_2785": [0, 3], "car_1479": [5, 6], "car_1478": [2, 4], "car_2780": [5, 3], "car_2781": [1, 0], "car_2782": [3, 1], "car_2783": [4, 6], "car_1473": [5, 2], "car_1472": [2, 6], "car_1471": [0, 3], "car_1470": [4, 6], "car_1477": [0, 6], "car_1476": [6, 5], "car_1475": [4, 7], "car_1474": [1, 7], "car_2890": [5, 1], "car_2891": [7, 4], "car_2892": [1, 3], "car_2893": [6, 7], "car_2894": [0, 4], "car_1743": [1, 7], "car_2896": [5, 4], "car_2897": [7, 0], "car_2898": [1, 5], "car_2899": [3, 1], "car_1742": [7, 3], "car_2990": [0, 2], "car_2528": [1, 6], "car_2529": [3, 2], "car_2258": [3, 1], "car_2259": [4, 7], "car_3307": [7, 3], "car_2689": [6, 0], "car_3305": [2, 6], "car_3304": [6, 2], "car_2252": [3, 5], "car_2253": [4, 5], "car_2250": [5, 2], "car_2251": [7, 5], "car_2256": [2, 6], "car_2257": [7, 3], "car_2254": [6, 2], "car_2255": [0, 3], "car_2098": [1, 2], "car_2099": [4, 0], "car_2090": [0, 2], "car_2091": [5, 0], "car_2092": [7, 6], "car_2093": [1, 7], "car_2094": [4, 7], "car_2095": [6, 2], "car_2096": [5, 1], "car_2097": [7, 4], "car_2992": [7, 4], "car_3237": [1, 5], "car_3236": [2, 3], "car_569": [7, 1], "car_568": [0, 2], "car_3233": [3, 6], "car_3232": [1, 2], "car_2328": [2, 4], "car_2329": [5, 2], "car_563": [7, 3], "car_562": [5, 4], "car_561": [6, 5], "car_560": [1, 4], "car_567": [6, 3], "car_566": [4, 1], "car_565": [3, 7], "car_564": [1, 3], "car_2331": [1, 6], "car_620": [5, 6], "car_621": [1, 6], "car_622": [3, 6], "car_623": [4, 0], "car_624": [0, 4], "car_625": [5, 6], "car_626": [7, 6], "car_627": [1, 5], "car_628": [3, 4], "car_629": [6, 0], "car_1869": [1, 7], "car_3129": [4, 1], "car_3128": [1, 3], "car_3123": [7, 5], "car_3122": [5, 7], "car_3121": [2, 5], "car_3120": [0, 6], "car_3127": [7, 0], "car_3126": [2, 5], "car_3125": [3, 0], "car_3124": [1, 5], "car_1866": [6, 1], "car_1867": [0, 7], "car_198": [1, 2], "car_199": [3, 7], "car_2831": [4, 7], "car_192": [3, 1], "car_193": [4, 6], "car_190": [7, 6], "car_191": [1, 5], "car_196": [5, 6], "car_197": [7, 0], "car_194": [0, 3], "car_195": [2, 6], "car_758": [2, 0], "car_759": [7, 1], "car_754": [1, 5], "car_755": [3, 6], "car_756": [4, 6], "car_757": [6, 7], "car_750": [0, 3], "car_751": [2, 3], "car_752": [5, 2], "car_753": [7, 5], "car_1940": [7, 0], "car_3355": [3, 7], "car_2991": [2, 4], "car_3299": [0, 6], "car_3298": [4, 1], "car_286": [4, 3], "car_287": [6, 0], "car_284": [1, 0], "car_285": [3, 7], "car_282": [3, 1], "car_283": [4, 1], "car_280": [5, 6], "car_281": [1, 5], "car_3353": [7, 2], "car_1949": [6, 3], "car_288": [0, 1], "car_289": [2, 3], "car_1948": [4, 1], "car_2791": [7, 3], "car_1312": [4, 3], "car_1313": [6, 1], "car_1310": [2, 7], "car_1311": [5, 6], "car_1316": [7, 0], "car_1317": [1, 2], "car_1314": [0, 2], "car_1315": [5, 1], "car_1318": [3, 7], "car_1319": [6, 0], "car_2450": [3, 6], "car_2451": [4, 2], "car_2452": [6, 2], "car_372": [7, 1], "car_373": [1, 2], "car_370": [5, 0], "car_371": [4, 3], "car_376": [0, 7], "car_377": [2, 4], "car_374": [4, 0], "car_375": [6, 2], "car_1864": [3, 1], "car_1865": [4, 6], "car_378": [1, 0], "car_379": [3, 1], "car_1860": [0, 6], "car_1861": [5, 4], "car_1862": [7, 6], "car_1863": [1, 7], "car_174": [4, 0], "car_175": [6, 1], "car_176": [0, 6], "car_177": [2, 1], "car_170": [2, 4], "car_171": [5, 3], "car_172": [1, 4], "car_173": [3, 4], "car_2457": [4, 3], "car_178": [5, 0], "car_179": [7, 5], "car_2338": [3, 0], "car_1266": [6, 3], "car_1267": [0, 2], "car_1264": [1, 4], "car_1265": [3, 2], "car_1262": [5, 2], "car_1263": [7, 1], "car_1260": [0, 3], "car_1261": [2, 0], "car_2949": [0, 1], "car_1268": [2, 6], "car_1269": [7, 1], "car_2406": [4, 3], "car_2065": [3, 5], "car_2064": [1, 0], "car_1048": [4, 2], "car_1049": [6, 3], "car_2061": [2, 0], "car_2060": [0, 5], "car_2063": [7, 4], "car_2062": [5, 7], "car_1042": [1, 6], "car_1043": [4, 2], "car_1040": [2, 1], "car_1041": [5, 3], "car_1046": [7, 6], "car_1047": [1, 7], "car_1044": [0, 1], "car_1045": [5, 6], "car_2663": [1, 3], "car_2662": [7, 4], "car_2661": [0, 4], "car_2660": [6, 5], "car_2667": [2, 1], "car_2666": [0, 5], "car_2665": [6, 1], "car_2664": [4, 2], "car_2669": [7, 1], "car_2668": [5, 3], "car_2404": [1, 3], "car_78": [7, 0], "car_79": [3, 4], "car_72": [0, 3], "car_73": [7, 2], "car_70": [4, 0], "car_71": [6, 5], "car_76": [6, 3], "car_77": [5, 1], "car_74": [1, 4], "car_75": [4, 5], "car_992": [1, 5], "car_993": [3, 4], "car_990": [2, 1], "car_991": [5, 7], "car_996": [5, 7], "car_997": [7, 5], "car_994": [4, 6], "car_995": [6, 5], "car_1688": [2, 1], "car_1689": [5, 2], "car_998": [6, 3], "car_999": [0, 4], "car_2409": [7, 3], "car_2408": [5, 0], "car_2797": [7, 2], "car_2796": [5, 4], "car_2795": [2, 7], "car_2794": [0, 6], "car_2793": [3, 6], "car_2792": [1, 7], "car_1448": [7, 0], "car_1449": [1, 5], "car_1446": [0, 2], "car_1447": [2, 6], "car_1444": [3, 2], "car_1445": [6, 4], "car_1442": [7, 4], "car_1443": [1, 2], "car_1440": [2, 1], "car_1441": [5, 2], "car_2883": [7, 1], "car_2882": [2, 4], "car_2881": [0, 7], "car_2798": [4, 1], "car_2887": [6, 0], "car_2886": [4, 1], "car_2885": [3, 6], "car_2884": [1, 3], "car_2889": [2, 1], "car_2888": [0, 6], "car_2401": [6, 2], "car_2986": [1, 3], "car_3336": [5, 0], "car_3337": [3, 1], "car_2539": [1, 4], "car_2538": [7, 4], "car_2249": [2, 4], "car_2248": [0, 2], "car_3330": [7, 3], "car_3331": [1, 7], "car_2245": [7, 4], "car_2244": [2, 7], "car_2247": [3, 6], "car_2246": [1, 2], "car_2241": [3, 6], "car_2240": [7, 6], "car_2243": [6, 4], "car_2242": [4, 0], "car_2089": [6, 2], "car_2088": [4, 6], "car_2083": [6, 0], "car_2082": [4, 7], "car_2081": [3, 6], "car_2080": [1, 2], "car_2087": [3, 4], "car_2086": [5, 6], "car_2085": [2, 1], "car_2084": [0, 2], "car_3180": [3, 5], "car_3183": [5, 2], "car_3239": [4, 0], "car_2984": [0, 4], "car_3208": [0, 2], "car_3209": [7, 4], "car_3202": [6, 5], "car_3203": [0, 2], "car_3200": [3, 0], "car_3186": [6, 0], "car_3206": [4, 7], "car_3207": [6, 4], "car_3204": [2, 6], "car_3205": [5, 6], "car_578": [2, 5], "car_579": [5, 6], "car_2333": [6, 5], "car_2332": [4, 2], "car_2335": [2, 4], "car_2334": [0, 4], "car_2337": [1, 5], "car_553": [3, 4], "car_570": [4, 1], "car_571": [6, 4], "car_572": [2, 0], "car_573": [5, 2], "car_574": [1, 5], "car_806": [2, 0], "car_576": [4, 1], "car_577": [6, 2], "car_807": [5, 7], "car_800": [4, 5], "car_801": [6, 2], "car_802": [0, 3], "car_2192": [7, 0], "car_803": [5, 3], "car_2067": [0, 7], "car_2066": [6, 4], "car_619": [2, 7], "car_618": [0, 3], "car_615": [1, 3], "car_614": [2, 7], "car_617": [4, 6], "car_616": [3, 6], "car_611": [4, 6], "car_610": [3, 7], "car_613": [0, 4], "car_612": [6, 3], "car_2151": [7, 6], "car_3118": [1, 7], "car_3119": [6, 2], "car_3116": [5, 3], "car_3117": [7, 3], "car_3114": [6, 1], "car_3115": [2, 1], "car_3112": [3, 1], "car_3113": [4, 2], "car_3110": [5, 0], "car_3111": [7, 3], "car_2704": [6, 7], "car_2705": [2, 6], "car_2706": [5, 4], "car_2150": [2, 1], "car_2707": [7, 0], "car_2069": [5, 7], "car_2068": [2, 6], "car_2702": [1, 4], "car_2703": [3, 1], "car_769": [0, 5], "car_768": [6, 1], "car_2567": [0, 1], "car_761": [3, 2], "car_760": [1, 4], "car_763": [0, 5], "car_762": [6, 4], "car_765": [7, 3], "car_764": [2, 7], "car_767": [4, 7], "car_766": [1, 0], "car_2216": [7, 5], "car_2217": [1, 7], "car_2330": [7, 2], "car_2214": [0, 1], "car_2215": [5, 4], "car_2212": [1, 3], "car_2213": [3, 4], "car_2210": [5, 7], "car_2211": [7, 4], "car_575": [3, 7], "car_1305": [6, 3], "car_1304": [3, 5], "car_1307": [1, 7], "car_1306": [7, 5], "car_1301": [2, 6], "car_1300": [0, 2], "car_1303": [7, 5], "car_1302": [5, 0], "car_1309": [6, 0], "car_1308": [4, 0], "car_389": [6, 0], "car_388": [2, 3], "car_387": [6, 7], "car_386": [4, 7], "car_385": [3, 6], "car_384": [1, 4], "car_383": [7, 0], "car_382": [2, 5], "car_381": [0, 6], "car_380": [4, 1], "car_141": [4, 2], "car_140": [3, 1], "car_143": [7, 1], "car_142": [2, 0], "car_145": [3, 4], "car_144": [1, 3], "car_147": [6, 0], "car_146": [4, 2], "car_149": [7, 1], "car_148": [0, 6], "car_2407": [2, 0], "car_1279": [3, 2], "car_1278": [1, 2], "car_1271": [3, 4], "car_1270": [1, 7], "car_1273": [6, 0], "car_1272": [4, 2], "car_1275": [2, 4], "car_1274": [0, 1], "car_1277": [7, 1], "car_1276": [5, 7], "car_2326": [4, 7], "car_2847": [4, 3], "car_2327": [0, 7], "car_1059": [5, 2], "car_1058": [2, 5], "car_1055": [3, 1], "car_1054": [1, 2], "car_1057": [6, 4], "car_1056": [4, 5], "car_1051": [2, 7], "car_1050": [0, 6], "car_1053": [7, 4], "car_1052": [5, 4], "car_2656": [5, 3], "car_2657": [7, 1], "car_2654": [0, 4], "car_2655": [2, 6], "car_2652": [4, 5], "car_2653": [6, 7], "car_2650": [1, 3], "car_2651": [3, 5], "car_2415": [7, 0], "car_2658": [1, 5], "car_2659": [3, 2], "car_2416": [1, 3], "car_69": [3, 0], "car_68": [7, 2], "car_2438": [1, 3], "car_2439": [3, 0], "car_61": [6, 0], "car_60": [4, 3], "car_63": [5, 6], "car_62": [0, 3], "car_65": [3, 0], "car_64": [1, 7], "car_67": [2, 7], "car_66": [0, 7], "car_1693": [4, 0], "car_1692": [3, 1], "car_1691": [1, 6], "car_1690": [7, 5], "car_1697": [6, 7], "car_1696": [4, 2], "car_969": [3, 0], "car_968": [1, 3], "car_967": [5, 7], "car_966": [0, 6], "car_965": [6, 5], "car_964": [4, 6], "car_963": [3, 6], "car_962": [7, 6], "car_961": [5, 6], "car_960": [0, 2], "car_1451": [6, 1], "car_1450": [3, 2], "car_1453": [2, 4], "car_1452": [0, 6], "car_1455": [7, 6], "car_1454": [5, 6], "car_1457": [3, 0], "car_1456": [1, 0], "car_1459": [6, 7], "car_1458": [4, 1], "car_2410": [3, 4], "car_2837": [2, 4], "car_3329": [5, 6], "car_3328": [0, 2], "car_3175": [6, 3], "car_3321": [3, 7], "car_3320": [1, 3], "car_3323": [6, 7], "car_3322": [4, 3], "car_3325": [2, 1], "car_3279": [7, 5], "car_3327": [4, 3], "car_3326": [7, 3], "car_3278": [5, 6], "car_2411": [4, 1], "car_2508": [1, 2], "car_2509": [3, 5], "car_2506": [5, 2], "car_2507": [7, 0], "car_2504": [0, 6], "car_2505": [2, 1], "car_2502": [4, 7], "car_2503": [6, 0], "car_2500": [1, 0], "car_2501": [3, 1], "car_2737": [4, 5], "car_1680": [4, 3], "car_1681": [6, 3], "car_3173": [1, 7], "car_1682": [0, 6], "car_1683": [2, 4], "car_3272": [6, 5], "car_1684": [7, 5], "car_2736": [3, 1], "car_1685": [1, 4], "car_1891": [1, 7], "car_3270": [3, 7], "car_1686": [3, 7], "car_1890": [7, 5], "car_1687": [6, 7], "car_1893": [6, 0], "car_545": [7, 1], "car_544": [5, 6], "car_547": [6, 7], "car_546": [3, 6], "car_541": [4, 2], "car_540": [3, 7], "car_543": [2, 5], "car_542": [0, 6], "car_3215": [7, 5], "car_1895": [2, 1], "car_3217": [4, 5], "car_3216": [1, 5], "car_549": [0, 3], "car_548": [4, 5], "car_819": [2, 4], "car_818": [0, 1], "car_2344": [3, 7], "car_2345": [4, 1], "car_2346": [6, 0], "car_2347": [0, 6], "car_2340": [6, 4], "car_1897": [1, 2], "car_2342": [5, 7], "car_2343": [1, 4], "car_2405": [3, 2], "car_1896": [7, 5], "car_2348": [5, 2], "car_2349": [7, 4], "car_33": [6, 7], "car_1767": [1, 2], "car_1766": [7, 4], "car_1765": [5, 6], "car_608": [7, 4], "car_609": [1, 0], "car_2941": [3, 1], "car_602": [2, 3], "car_603": [5, 4], "car_600": [1, 5], "car_601": [4, 1], "car_606": [6, 4], "car_607": [5, 7], "car_604": [3, 1], "car_605": [4, 5], "car_3101": [5, 3], "car_3100": [0, 6], "car_3103": [3, 0], "car_3102": [1, 6], "car_3105": [5, 7], "car_1761": [3, 0], "car_3107": [3, 6], "car_3106": [7, 6], "car_3109": [0, 5], "car_3108": [4, 7], "car_1760": [2, 3], "car_2799": [0, 2], "car_776": [6, 1], "car_777": [0, 7], "car_774": [3, 6], "car_775": [4, 5], "car_772": [7, 5], "car_773": [1, 2], "car_770": [2, 4], "car_771": [5, 6], "car_1768": [4, 5], "car_778": [2, 1], "car_779": [5, 6], "car_2418": [0, 2], "car_2880": [6, 7], "car_1750": [1, 5], "car_2419": [2, 7], "car_3293": [6, 2], "car_3292": [3, 2], "car_3251": [6, 5], "car_1994": [1, 6], "car_1995": [3, 4], "car_1996": [4, 1], "car_1997": [0, 5], "car_1990": [6, 7], "car_1991": [0, 4], "car_1992": [2, 7], "car_1993": [7, 0], "car_1998": [7, 5], "car_1999": [3, 5], "car_2846": [3, 6], "car_3250": [4, 1], "car_1842": [2, 5], "car_1806": [3, 1], "car_1840": [6, 5], "car_1841": [0, 6], "car_398": [3, 7], "car_399": [4, 0], "car_1844": [7, 4], "car_1807": [6, 7], "car_394": [0, 1], "car_395": [5, 0], "car_396": [7, 6], "car_397": [1, 6], "car_390": [0, 1], "car_391": [7, 2], "car_392": [4, 2], "car_393": [6, 1], "car_158": [6, 3], "car_159": [0, 6], "car_156": [1, 4], "car_157": [3, 0], "car_154": [5, 3], "car_155": [7, 0], "car_152": [6, 2], "car_153": [2, 3], "car_150": [1, 6], "car_151": [4, 7], "car_1208": [0, 6], "car_1209": [2, 6], "car_1204": [1, 6], "car_1205": [3, 1], "car_1206": [4, 2], "car_1207": [6, 2], "car_1200": [4, 5], "car_1201": [2, 4], "car_1202": [5, 7], "car_1203": [7, 3], "car_2601": [0, 6], "car_2403": [7, 3], "car_3252": [0, 4], "car_3334": [6, 7], "car_3335": [0, 2], "car_1808": [0, 1], "car_3255": [1, 3], "car_3332": [3, 5], "car_1809": [2, 7], "car_3333": [4, 2], "car_2649": [7, 3], "car_2612": [3, 0], "car_2613": [4, 2], "car_2641": [6, 4], "car_2640": [4, 2], "car_2643": [2, 4], "car_2642": [0, 7], "car_2645": [7, 6], "car_2644": [5, 6], "car_2647": [2, 0], "car_2646": [1, 6], "car_1510": [2, 7], "car_1511": [5, 3], "car_1512": [7, 5], "car_1513": [1, 7], "car_1514": [6, 5], "car_1515": [0, 2], "car_1516": [5, 2], "car_1517": [7, 0], "car_1518": [1, 4], "car_1519": [3, 1], "car_2531": [6, 3], "car_2965": [4, 0], "car_2530": [4, 0], "car_2966": [0, 3], "car_2537": [2, 0], "car_2967": [2, 6], "car_2536": [0, 2], "car_2968": [5, 0], "car_2855": [0, 4], "car_1198": [7, 2], "car_1199": [1, 7], "car_2969": [7, 2], "car_1194": [4, 7], "car_1195": [6, 5], "car_1196": [2, 6], "car_1197": [5, 7], "car_1190": [5, 3], "car_1191": [7, 5], "car_1192": [1, 3], "car_1193": [3, 7], "car_2619": [3, 2], "car_2429": [6, 2], "car_2428": [4, 5], "car_2425": [2, 5], "car_2424": [0, 5], "car_2427": [3, 1], "car_2426": [5, 2], "car_2421": [7, 4], "car_2126": [7, 6], "car_2423": [6, 3], "car_2422": [4, 6], "car_2856": [5, 1], "car_2127": [1, 3], "car_978": [0, 3], "car_979": [7, 2], "car_974": [7, 3], "car_975": [1, 4], "car_976": [3, 0], "car_977": [6, 7], "car_970": [4, 2], "car_971": [0, 1], "car_972": [2, 1], "car_973": [5, 6], "car_1424": [4, 5], "car_1425": [6, 5], "car_1426": [0, 6], "car_1427": [2, 3], "car_1420": [6, 7], "car_1421": [2, 6], "car_1422": [5, 6], "car_1423": [7, 4], "car_2402": [5, 3], "car_1428": [7, 2], "car_1429": [5, 3], "car_2857": [7, 3], "car_3259": [4, 5], "car_3354": [1, 6], "car_2128": [4, 7], "car_3356": [4, 1], "car_3357": [6, 5], "car_3350": [0, 2], "car_3258": [2, 3], "car_3352": [5, 7], "car_2129": [0, 7], "car_2511": [2, 7], "car_2510": [4, 2], "car_2513": [7, 4], "car_2512": [5, 3], "car_2515": [4, 1], "car_2514": [3, 4], "car_2517": [0, 3], "car_2516": [6, 3], "car_2519": [5, 6], "car_2518": [2, 0], "car_1738": [4, 2], "car_1739": [0, 3], "car_1730": [3, 6], "car_1731": [4, 2], "car_1732": [0, 4], "car_1733": [2, 0], "car_1734": [5, 0], "car_1735": [7, 5], "car_1736": [1, 7], "car_1737": [3, 7], "car_54": [1, 5], "car_55": [4, 0], "car_56": [0, 3], "car_57": [5, 6], "car_50": [7, 0], "car_51": [3, 1], "car_52": [6, 1], "car_53": [7, 1], "car_58": [7, 2], "car_59": [3, 4], "car_2609": [2, 1], "car_552": [7, 0], "car_805": [3, 6], "car_550": [2, 7], "car_551": [5, 0], "car_556": [0, 7], "car_557": [2, 5], "car_554": [4, 0], "car_555": [6, 3], "car_558": [5, 6], "car_559": [7, 2], "car_808": [7, 2], "car_809": [1, 3], "car_2357": [6, 2], "car_2356": [4, 7], "car_2355": [3, 4], "car_2354": [0, 6], "car_2353": [6, 0], "car_2352": [4, 6], "car_2351": [3, 5], "car_2350": [1, 7], "car_2359": [5, 7], "car_2358": [2, 0], "car_1757": [1, 4], "car_2339": [4, 0], "car_2469": [2, 7], "car_3174": [4, 2], "car_2915": [5, 7], "car_3176": [0, 3], "car_3177": [2, 4], "car_3170": [2, 1], "car_3171": [5, 6], "car_3172": [7, 3], "car_2914": [2, 6], "car_3178": [5, 2], "car_3179": [7, 2], "car_2468": [6, 3], "car_703": [1, 4], "car_702": [7, 3], "car_701": [2, 5], "car_700": [0, 2], "car_707": [5, 0], "car_706": [2, 0], "car_705": [0, 6], "car_704": [4, 0], "car_709": [3, 6], "car_708": [1, 5], "car_3008": [3, 7], "car_3009": [4, 1], "car_3000": [7, 5], "car_3001": [1, 5], "car_3002": [3, 7], "car_3003": [6, 2], "car_3004": [0, 5], "car_3005": [5, 6], "car_3006": [7, 4], "car_3007": [1, 3], "car_2221": [0, 5], "car_2308": [5, 3], "car_2400": [4, 7], "car_2309": [1, 4], "car_3201": [4, 7], "car_1987": [0, 4], "car_1986": [6, 0], "car_1985": [4, 7], "car_1984": [1, 4], "car_1983": [5, 7], "car_1982": [2, 4], "car_1981": [6, 2], "car_1980": [3, 5], "car_1989": [7, 2], "car_1988": [2, 5], "car_2768": [7, 3], "car_1855": [5, 7], "car_1796": [2, 7], "car_1857": [1, 3], "car_1856": [7, 2], "car_1851": [1, 3], "car_1850": [7, 2], "car_1853": [4, 7], "car_1797": [7, 2], "car_2336": [5, 6], "car_1859": [6, 5], "car_1794": [6, 4], "car_2230": [4, 5], "car_129": [0, 4], "car_128": [6, 3], "car_2231": [6, 4], "car_123": [5, 6], "car_122": [0, 6], "car_121": [6, 2], "car_120": [4, 6], "car_127": [4, 0], "car_126": [3, 5], "car_125": [1, 2], "car_124": [7, 3], "car_1790": [5, 7], "car_1219": [6, 5], "car_1218": [4, 2], "car_1217": [3, 6], "car_1216": [2, 0], "car_1215": [0, 3], "car_1214": [6, 1], "car_1213": [4, 3], "car_1212": [3, 5], "car_1211": [1, 2], "car_1210": [5, 7], "car_1415": [0, 4], "car_1414": [6, 7], "car_1417": [7, 2], "car_1416": [5, 0], "car_1411": [7, 5], "car_1410": [5, 1], "car_237": [4, 7], "car_236": [1, 4], "car_235": [7, 2], "car_234": [5, 0], "car_233": [6, 1], "car_232": [4, 6], "car_231": [3, 2], "car_230": [7, 3], "car_1412": [1, 2], "car_239": [5, 1], "car_238": [2, 0], "car_2988": [4, 7], "car_2989": [6, 5], "car_2638": [1, 4], "car_2639": [3, 4], "car_2634": [0, 7], "car_2635": [2, 5], "car_2636": [5, 6], "car_2637": [7, 5], "car_2630": [7, 6], "car_2631": [3, 5], "car_2632": [4, 5], "car_2633": [6, 5], "car_1503": [6, 2], "car_1502": [3, 0], "car_1501": [1, 4], "car_1500": [7, 6], "car_1507": [1, 3], "car_1506": [5, 3], "car_1505": [2, 3], "car_1504": [0, 6], "car_1509": [4, 1], "car_1508": [3, 2], "car_1189": [2, 5], "car_1188": [6, 5], "car_1187": [4, 6], "car_1186": [3, 0], "car_1185": [1, 0], "car_1184": [7, 5], "car_1183": [5, 2], "car_1182": [4, 5], "car_1181": [3, 6], "car_1180": [1, 6], "car_2182": [6, 0], "car_2183": [0, 5], "car_2180": [5, 1], "car_2181": [7, 2], "car_2186": [1, 6], "car_2187": [4, 0], "car_2184": [5, 0], "car_2185": [7, 1], "car_2188": [6, 7], "car_2189": [0, 3], "car_949": [2, 6], "car_948": [4, 3], "car_2742": [7, 4], "car_2743": [0, 1], "car_2744": [2, 7], "car_2745": [7, 5], "car_2746": [3, 0], "car_2747": [4, 7], "car_941": [1, 6], "car_940": [7, 5], "car_943": [6, 7], "car_942": [3, 2], "car_945": [7, 4], "car_944": [2, 3], "car_947": [3, 6], "car_946": [1, 4], "car_1437": [3, 7], "car_1436": [1, 6], "car_1435": [7, 6], "car_1434": [5, 2], "car_1433": [2, 0], "car_1432": [4, 1], "car_1431": [3, 2], "car_1430": [7, 3], "car_1439": [0, 1], "car_1438": [6, 7], "car_2238": [6, 4], "car_2823": [2, 5], "car_493": [5, 7], "car_492": [2, 7], "car_491": [0, 1], "car_490": [3, 0], "car_497": [6, 0], "car_496": [3, 1], "car_495": [1, 2], "car_494": [7, 1], "car_3347": [3, 1], "car_3346": [1, 3], "car_499": [2, 5], "car_498": [0, 5], "car_3343": [0, 7], "car_3342": [7, 6], "car_3341": [5, 7], "car_3340": [2, 3], "car_2296": [4, 0], "car_2297": [6, 4], "car_2294": [7, 6], "car_2239": [0, 4], "car_2292": [0, 2], "car_2293": [2, 3], "car_2290": [1, 2], "car_2291": [6, 4], "car_1918": [3, 7], "car_2568": [5, 4], "car_2569": [7, 5], "car_2298": [7, 5], "car_1919": [4, 0], "car_1729": [1, 6], "car_1728": [5, 6], "car_1723": [1, 7], "car_1722": [5, 0], "car_1721": [2, 5], "car_1720": [3, 5], "car_1727": [2, 0], "car_1726": [0, 1], "car_1725": [4, 6], "car_1724": [3, 1], "car_43": [0, 3], "car_42": [6, 2], "car_41": [3, 1], "car_40": [7, 6], "car_47": [4, 1], "car_46": [3, 2], "car_45": [7, 5], "car_44": [5, 7], "car_49": [5, 3], "car_48": [0, 6], "car_1916": [7, 0], "car_1917": [1, 3], "car_1858": [3, 5], "car_831": [7, 0], "car_830": [5, 4], "car_833": [3, 5], "car_832": [1, 6], "car_835": [0, 6], "car_834": [4, 2], "car_837": [5, 1], "car_836": [2, 4], "car_839": [3, 4], "car_838": [1, 4], "car_2360": [1, 6], "car_2361": [4, 6], "car_2366": [7, 4], "car_2367": [3, 7], "car_2364": [2, 1], "car_2365": [5, 4], "car_2168": [4, 7], "car_2169": [7, 5], "car_2160": [6, 5], "car_2161": [0, 6], "car_2162": [2, 0], "car_2163": [5, 0], "car_2164": [7, 5], "car_2165": [1, 0], "car_2166": [3, 5], "car_2167": [6, 2], "car_2810": [5, 6], "car_2811": [7, 5], "car_2812": [1, 0], "car_2813": [3, 6], "car_1941": [1, 7], "car_2814": [6, 5], "car_3055": [7, 6], "car_2815": [0, 7], "car_2544": [5, 7], "car_3235": [0, 3], "car_2817": [5, 7], "car_3167": [1, 4], "car_3166": [7, 6], "car_3165": [2, 3], "car_3164": [0, 6], "car_3163": [6, 4], "car_3162": [4, 2], "car_3161": [0, 7], "car_3160": [6, 1], "car_2463": [4, 2], "car_3169": [0, 3], "car_3168": [3, 2], "car_2462": [1, 3], "car_3309": [3, 5], "car_710": [4, 2], "car_711": [6, 0], "car_712": [0, 2], "car_713": [5, 7], "car_714": [1, 5], "car_715": [6, 5], "car_716": [2, 7], "car_717": [5, 0], "car_718": [7, 4], "car_719": [1, 6], "car_1892": [3, 5], "car_3019": [7, 1], "car_3018": [5, 4], "car_3028": [0, 1], "car_3013": [1, 3], "car_3012": [5, 4], "car_3011": [2, 5], "car_3010": [0, 4], "car_3017": [2, 0], "car_3016": [6, 3], "car_3015": [4, 3], "car_2987": [3, 5], "car_1894": [0, 1], "car_2895": [2, 7], "car_138": [7, 0], "car_139": [1, 2], "car_130": [2, 6], "car_131": [5, 2], "car_132": [7, 6], "car_133": [3, 6], "car_134": [4, 0], "car_135": [0, 3], "car_136": [2, 3], "car_137": [5, 1], "car_1222": [7, 5], "car_1223": [1, 0], "car_1220": [0, 1], "car_1221": [5, 2], "car_1226": [0, 2], "car_1227": [2, 0], "car_1224": [3, 1], "car_1225": [6, 3], "car_1886": [3, 7], "car_1887": [4, 2], "car_1228": [5, 6], "car_1229": [3, 6], "car_1882": [1, 0], "car_1883": [3, 2], "car_1880": [5, 2], "car_1881": [7, 1], "car_2621": [6, 5], "car_224": [7, 3], "car_225": [1, 3], "car_226": [6, 3], "car_227": [0, 6], "car_220": [7, 5], "car_221": [6, 3], "car_222": [2, 5], "car_223": [5, 2], "car_228": [2, 3], "car_229": [5, 4], "car_1086": [6, 7], "car_1087": [2, 6], "car_1084": [1, 2], "car_1085": [4, 3], "car_1082": [5, 0], "car_1083": [7, 5], "car_1080": [6, 3], "car_1081": [2, 1], "car_2627": [6, 7], "car_2626": [1, 5], "car_2625": [7, 5], "car_2624": [5, 7], "car_2623": [2, 6], "car_2622": [0, 2], "car_1088": [5, 6], "car_1089": [1, 5], "car_1536": [5, 0], "car_1537": [7, 1], "car_1534": [6, 1], "car_1535": [2, 6], "car_1532": [3, 7], "car_1533": [4, 5], "car_1530": [0, 6], "car_1531": [5, 4], "car_1538": [4, 1], "car_1539": [6, 2], "car_956": [1, 7], "car_957": [3, 2], "car_954": [5, 3], "car_955": [7, 1], "car_952": [0, 1], "car_953": [2, 7], "car_950": [1, 6], "car_951": [3, 4], "car_1827": [1, 7], "car_2199": [3, 4], "car_2198": [1, 6], "car_958": [4, 3], "car_959": [6, 7], "car_1158": [2, 3], "car_1159": [7, 0], "car_1408": [0, 3], "car_1409": [2, 5], "car_2757": [1, 2], "car_2756": [7, 0], "car_2755": [5, 6], "car_1829": [4, 6], "car_1150": [0, 4], "car_1151": [2, 3], "car_1152": [5, 7], "car_1153": [1, 5], "car_1154": [3, 0], "car_1155": [4, 5], "car_1156": [6, 0], "car_1157": [0, 1], "car_2532": [5, 3], "car_2380": [1, 6], "car_2764": [3, 0], "car_2381": [3, 2], "car_2382": [4, 3], "car_2383": [6, 1], "car_1826": [7, 0], "car_3314": [1, 5], "car_3315": [3, 0], "car_480": [7, 0], "car_481": [1, 4], "car_482": [3, 1], "car_483": [4, 2], "car_484": [6, 0], "car_485": [0, 3], "car_486": [2, 0], "car_487": [5, 7], "car_488": [7, 4], "car_489": [1, 4], "car_2283": [7, 4], "car_2282": [5, 2], "car_2285": [3, 4], "car_2284": [1, 0], "car_2287": [0, 1], "car_2286": [4, 0], "car_2577": [1, 7], "car_853": [3, 5], "car_2575": [2, 1], "car_2574": [0, 6], "car_2573": [6, 5], "car_2572": [4, 6], "car_2571": [3, 6], "car_852": [1, 4], "car_851": [7, 0], "car_2579": [6, 5], "car_2578": [4, 2], "car_582": [4, 2], "car_1718": [5, 7], "car_1719": [1, 4], "car_1716": [0, 1], "car_857": [5, 2], "car_1714": [2, 6], "car_1715": [4, 1], "car_1712": [6, 5], "car_1713": [0, 3], "car_1710": [3, 4], "car_856": [0, 5], "car_2982": [4, 1], "car_1828": [3, 2], "car_855": [6, 4], "car_2983": [6, 1], "car_854": [4, 7], "car_2980": [7, 5], "car_2981": [1, 0], "car_2739": [0, 7], "car_2738": [6, 1], "car_2379": [7, 2], "car_2378": [5, 4], "car_828": [6, 7], "car_829": [2, 0], "car_826": [7, 1], "car_827": [3, 7], "car_824": [0, 2], "car_825": [2, 7], "car_822": [4, 6], "car_823": [6, 1], "car_820": [5, 1], "car_821": [1, 0], "car_2179": [2, 0], "car_2178": [0, 3], "car_2173": [2, 3], "car_2172": [6, 4], "car_2171": [3, 7], "car_2170": [1, 2], "car_2177": [4, 6], "car_2176": [3, 7], "car_2175": [1, 4], "car_2174": [7, 1], "car_3238": [3, 7], "car_2535": [6, 7], "car_3349": [6, 2], "car_3218": [5, 7], "car_3158": [1, 5], "car_3159": [4, 3], "car_2534": [3, 4], "car_3152": [7, 1], "car_3153": [1, 5], "car_3150": [0, 3], "car_3151": [5, 1], "car_3156": [6, 7], "car_3157": [5, 4], "car_3154": [3, 4], "car_3155": [4, 6], "car_729": [0, 2], "car_728": [4, 0], "car_725": [7, 5], "car_724": [5, 6], "car_727": [3, 6], "car_726": [1, 3], "car_721": [6, 4], "car_720": [4, 5], "car_723": [2, 5], "car_722": [0, 6], "car_2708": [3, 7], "car_3029": [7, 5], "car_3026": [4, 0], "car_3027": [6, 0], "car_3024": [7, 5], "car_3025": [3, 7], "car_3022": [0, 3], "car_3023": [5, 3], "car_3020": [1, 6], "car_3021": [3, 0], "car_2620": [4, 6], "car_3275": [7, 4], "car_1795": [0, 4], "car_3274": [5, 6], "car_1792": [1, 2], "car_3226": [3, 0], "car_1793": [3, 5], "car_2440": [4, 7], "car_105": [2, 5], "car_104": [0, 1], "car_107": [7, 1], "car_106": [5, 4], "car_101": [5, 7], "car_100": [2, 3], "car_103": [3, 7], "car_102": [7, 6], "car_1888": [6, 5], "car_109": [0, 4], "car_108": [6, 1], "car_1791": [7, 2], "car_1235": [6, 0], "car_1234": [3, 0], "car_1237": [2, 5], "car_1236": [0, 2], "car_1231": [6, 3], "car_1230": [4, 3], "car_1233": [7, 1], "car_1232": [2, 6], "car_1899": [6, 1], "car_1898": [3, 1], "car_1239": [1, 2], "car_1238": [7, 4], "car_3141": [4, 5], "car_211": [2, 4], "car_210": [5, 6], "car_213": [7, 0], "car_212": [5, 4], "car_215": [4, 2], "car_214": [3, 5], "car_217": [0, 6], "car_216": [6, 3], "car_219": [0, 7], "car_218": [2, 5], "car_2676": [3, 1], "car_1529": [6, 7], "car_1528": [1, 5], "car_2610": [7, 5], "car_2611": [1, 6], "car_2616": [5, 3], "car_2617": [7, 0], "car_2614": [6, 7], "car_2615": [2, 1], "car_1521": [1, 7], "car_1520": [7, 1], "car_1523": [4, 6], "car_1522": [3, 5], "car_1525": [2, 0], "car_1524": [6, 0], "car_1527": [7, 4], "car_1526": [5, 1], "car_3227": [4, 7], "car_2849": [0, 1], "car_2700": [2, 3], "car_2848": [6, 0], "car_2740": [2, 6], "car_3222": [6, 5], "car_2741": [5, 1], "car_3223": [5, 6], "car_2313": [2, 1], "car_2701": [7, 5], "car_2312": [0, 1], "car_2311": [6, 4], "car_923": [0, 1], "car_922": [6, 1], "car_921": [4, 5], "car_920": [3, 4], "car_927": [6, 0], "car_926": [1, 0], "car_925": [7, 5], "car_924": [2, 4], "car_2317": [0, 1], "car_929": [2, 0], "car_928": [0, 5], "car_2316": [6, 4], "car_2766": [0, 5], "car_2748": [6, 3], "car_1149": [6, 5], "car_1148": [4, 1], "car_1419": [4, 7], "car_1418": [1, 4], "car_2760": [0, 3], "car_2749": [2, 5], "car_1143": [2, 1], "car_1142": [6, 3], "car_1141": [4, 1], "car_1140": [3, 0], "car_1147": [3, 5], "car_1146": [1, 3], "car_1145": [7, 1], "car_1144": [5, 0], "car_1099": [6, 1], "car_1098": [4, 1], "car_1091": [6, 7], "car_1090": [3, 5], "car_1093": [1, 3], "car_1092": [7, 3], "car_1095": [2, 1], "car_1094": [3, 1], "car_1097": [3, 7], "car_1096": [1, 4], "car_2818": [7, 1], "car_2819": [1, 7], "car_2548": [4, 3], "car_2549": [0, 4], "car_2542": [6, 7], "car_2543": [0, 1], "car_2540": [3, 5], "car_2541": [4, 0], "car_2546": [1, 5], "car_2547": [3, 7], "car_2521": [3, 5], "car_2545": [7, 4], "car_1701": [7, 1], "car_1700": [5, 6], "car_1703": [3, 5], "car_1702": [1, 3], "car_1705": [6, 0], "car_1704": [4, 5], "car_1707": [2, 6], "car_1706": [0, 4], "car_1709": [1, 3], "car_1708": [7, 4], "car_2522": [4, 3], "car_2523": [6, 1], "car_589": [4, 3], "car_588": [3, 0], "car_859": [3, 1], "car_858": [7, 2], "car_2384": [5, 1], "car_2385": [7, 5], "car_1695": [7, 6], "car_2387": [3, 2], "car_581": [1, 3], "car_580": [7, 2], "car_583": [0, 4], "car_850": [5, 1], "car_585": [5, 0], "car_584": [2, 0], "car_587": [1, 0], "car_586": [7, 4], "car_2002": [0, 2], "car_2148": [6, 3], "car_2149": [0, 6], "car_2146": [1, 7], "car_2147": [4, 6], "car_2144": [5, 0], "car_2145": [7, 3], "car_2142": [0, 4], "car_2143": [2, 4], "car_2140": [3, 7], "car_2141": [6, 1], "car_2985": [5, 0], "car_3149": [6, 7], "car_3148": [4, 3], "car_3145": [5, 6], "car_3144": [2, 7], "car_3147": [3, 5], "car_3146": [7, 3], "car_2779": [2, 4], "car_3140": [3, 1], "car_3143": [0, 3], "car_3142": [6, 4], "car_457": [4, 0], "car_456": [3, 5], "car_455": [7, 6], "car_454": [2, 5], "car_453": [0, 2], "car_452": [4, 5], "car_451": [3, 0], "car_450": [1, 5], "car_1878": [6, 3], "car_459": [0, 6], "car_458": [6, 4], "car_1877": [4, 2], "car_1876": [1, 3], "car_2778": [0, 6], "car_2993": [1, 2], "car_1875": [5, 7], "car_1874": [2, 7], "car_1873": [0, 7], "car_1872": [6, 3], "car_738": [7, 1], "car_739": [1, 5], "car_1871": [4, 1], "car_733": [1, 5], "car_732": [7, 5], "car_32": [4, 0], "car_730": [2, 0], "car_731": [5, 0], "car_736": [2, 3], "car_737": [5, 3], "car_734": [4, 2], "car_735": [6, 0], "car_3031": [4, 6], "car_1976": [4, 2], "car_3033": [7, 5], "car_3032": [6, 5], "car_3035": [4, 6], "car_3034": [1, 3], "car_3037": [2, 4], "car_1977": [2, 3], "car_3039": [1, 6], "car_3038": [5, 1], "car_3348": [4, 1], "car_1698": [0, 7], "car_3345": [7, 1], "car_3344": [5, 4], "car_3030": [1, 0], "car_38": [2, 1], "car_39": [5, 6], "car_2564": [3, 2], "car_2565": [4, 1], "car_3036": [0, 1], "car_2566": [6, 4], "car_2295": [1, 3], "car_1978": [5, 1], "car_2560": [6, 2], "car_1979": [1, 0], "car_2561": [0, 5], "car_2562": [7, 5], "car_2563": [1, 6], "car_2443": [1, 2], "car_2442": [7, 3], "car_3351": [2, 4], "car_2441": [0, 6], "car_112": [7, 4], "car_113": [1, 7], "car_110": [2, 3], "car_111": [5, 4], "car_116": [6, 4], "car_117": [2, 7], "car_114": [3, 5], "car_115": [4, 7], "car_2447": [2, 6], "car_118": [7, 2], "car_119": [3, 1], "car_2446": [6, 3], "car_2445": [4, 3], "car_2299": [3, 0], "car_2533": [1, 3], "car_2453": [0, 4], "car_2454": [2, 0], "car_1950": [5, 6], "car_1951": [7, 5], "car_1952": [1, 7], "car_1953": [4, 1], "car_1954": [6, 1], "car_1955": [0, 1], "car_208": [0, 1], "car_209": [2, 5], "car_206": [4, 6], "car_207": [6, 2], "car_204": [1, 0], "car_205": [3, 0], "car_202": [5, 6], "car_203": [7, 3], "car_200": [6, 3], "car_201": [2, 4], "car_2605": [1, 3], "car_2604": [7, 4], "car_2607": [6, 2], "car_2606": [3, 7], "car_1558": [4, 3], "car_1559": [6, 5], "car_2603": [5, 2], "car_2602": [2, 3], "car_1554": [2, 5], "car_1555": [7, 2], "car_1556": [1, 0], "car_1557": [3, 2], "car_1550": [3, 6], "car_1551": [4, 0], "car_1552": [6, 5], "car_1553": [0, 1], "car_1398": [2, 7], "car_1399": [7, 1], "car_1392": [6, 7], "car_1393": [0, 1], "car_1390": [1, 2], "car_1391": [4, 6], "car_1396": [1, 6], "car_1397": [4, 3], "car_1394": [5, 4], "car_1395": [7, 0], "car_2598": [3, 0], "car_930": [5, 3], "car_931": [7, 4], "car_932": [4, 2], "car_933": [5, 4], "car_934": [7, 0], "car_935": [3, 7], "car_936": [4, 1], "car_937": [0, 3], "car_938": [2, 0], "car_939": [5, 6], "car_2773": [2, 5], "car_2772": [0, 1], "car_2775": [7, 2], "car_2774": [5, 4], "car_2777": [6, 1], "car_2776": [1, 5], "car_6": [0, 2], "car_7": [2, 1], "car_4": [4, 5], "car_5": [6, 4], "car_2": [7, 5], "car_3": [3, 5], "car_1178": [5, 4], "car_1": [2, 3], "car_1176": [5, 6], "car_1177": [6, 5], "car_1174": [0, 2], "car_1175": [2, 1], "car_1172": [3, 4], "car_1173": [4, 3], "car_8": [5, 2], "car_9": [3, 4], "car_2809": [2, 3], "car_2808": [4, 1], "car_2559": [3, 5], "car_2558": [1, 0], "car_2555": [2, 4], "car_2554": [0, 2], "car_2557": [7, 5], "car_2556": [5, 1], "car_2551": [5, 7], "car_2550": [2, 5], "car_2553": [6, 0], "car_2552": [3, 0], "car_1774": [7, 1], "car_1775": [1, 7], "car_1776": [3, 1], "car_1777": [6, 5], "car_1770": [0, 4], "car_1771": [7, 6], "car_1772": [3, 4], "car_1773": [0, 6], "car_1778": [0, 7], "car_1779": [5, 6], "car_98": [6, 2], "car_99": [0, 2], "car_90": [1, 0], "car_91": [3, 6], "car_92": [4, 1], "car_93": [6, 2], "car_94": [0, 1], "car_95": [2, 0], "car_96": [5, 3], "car_97": [1, 7], "car_596": [7, 4], "car_597": [1, 2], "car_594": [3, 2], "car_595": [2, 5], "car_592": [5, 6], "car_593": [1, 0], "car_590": [6, 7], "car_591": [0, 7], "car_598": [2, 5], "car_599": [7, 1], "car_848": [0, 5], "car_849": [2, 3], "car_2391": [5, 6], "car_2390": [2, 1], "car_2397": [5, 7], "car_2396": [2, 5], "car_2395": [4, 0], "car_2394": [3, 4], "car_840": [4, 1], "car_841": [6, 4], "car_842": [0, 5], "car_843": [2, 5], "car_844": [5, 2], "car_845": [7, 4], "car_846": [1, 6], "car_847": [4, 6], "car_1608": [4, 5], "car_1609": [6, 0], "car_2153": [4, 3], "car_2152": [3, 1], "car_2155": [2, 4], "car_2154": [6, 4], "car_2157": [1, 0], "car_2156": [7, 6], "car_1600": [3, 4], "car_1601": [4, 6], "car_1602": [6, 2], "car_1603": [0, 2], "car_1604": [2, 4], "car_1605": [7, 0], "car_1606": [1, 4], "car_1607": [3, 0], "car_2369": [6, 3], "car_2362": [6, 2], "car_2363": [0, 4], "car_444": [1, 7], "car_445": [3, 5], "car_446": [4, 7], "car_447": [0, 2], "car_440": [0, 2], "car_441": [2, 1], "car_442": [5, 6], "car_443": [7, 6], "car_448": [2, 0], "car_449": [5, 2], "car_2717": [0, 6], "car_2716": [6, 7], "car_3210": [1, 3], "car_2715": [4, 2], "car_2201": [6, 5], "car_2714": [3, 0], "car_2200": [4, 6], "car_2713": [7, 1], "car_2712": [2, 3], "car_2711": [0, 4], "car_2710": [6, 5], "car_3044": [5, 4], "car_3045": [7, 0], "car_3046": [1, 5], "car_3047": [3, 2], "car_3040": [3, 0], "car_3041": [4, 0], "car_3042": [0, 6], "car_3043": [2, 4], "car_3048": [4, 0], "car_3049": [0, 2], "car_2209": [2, 7], "car_2208": [0, 4], "car_2324": [7, 6], "car_695": [2, 1], "car_694": [0, 4], "car_697": [1, 5], "car_696": [7, 2], "car_691": [3, 2], "car_690": [1, 2], "car_693": [6, 5], "car_692": [4, 2], "car_699": [6, 5], "car_698": [4, 1], "car_2399": [1, 6], "car_1943": [6, 2], "car_1942": [3, 7], "car_279": [2, 4], "car_278": [0, 2], "car_1947": [1, 2], "car_1946": [7, 3], "car_1945": [5, 1], "car_1944": [2, 6], "car_273": [7, 0], "car_272": [2, 3], "car_271": [0, 5], "car_270": [6, 3], "car_277": [6, 3], "car_276": [4, 3], "car_275": [3, 0], "car_274": [1, 2], "car_2946": [3, 7], "car_1925": [0, 4], "car_2944": [0, 5], "car_2945": [1, 3], "car_2942": [4, 1], "car_2943": [6, 2], "car_1549": [1, 2], "car_1548": [7, 4], "car_1547": [5, 4], "car_1546": [2, 3], "car_1545": [0, 7], "car_1544": [6, 4], "car_1543": [7, 6], "car_1542": [5, 0], "car_1541": [2, 7], "car_1540": [0, 1], "car_1389": [7, 5], "car_1388": [5, 6], "car_1385": [6, 3], "car_1384": [4, 3], "car_1387": [2, 3], "car_1386": [0, 3], "car_1381": [5, 4], "car_1380": [6, 7], "car_1383": [3, 0], "car_1382": [7, 2], "car_307": [5, 3], "car_306": [2, 6], "car_305": [6, 5], "car_304": [3, 2], "car_303": [1, 4], "car_302": [7, 2], "car_301": [2, 4], "car_300": [0, 2], "car_804": [7, 6], "car_309": [3, 0], "car_308": [1, 5], "car_909": [3, 0], "car_908": [1, 3], "car_905": [2, 0], "car_904": [0, 5], "car_907": [7, 4], "car_906": [5, 0], "car_901": [7, 0], "car_900": [2, 5], "car_903": [6, 4], "car_902": [3, 0], "car_1161": [4, 3], "car_1160": [3, 7], "car_1163": [7, 3], "car_1162": [6, 7], "car_1165": [4, 5], "car_1164": [1, 0], "car_1167": [0, 1], "car_1166": [6, 4], "car_1169": [5, 0], "car_1168": [2, 5], "car_2432": [1, 2], "car_2433": [4, 6], "car_2430": [0, 5], "car_2322": [0, 1], "car_2431": [2, 6], "car_2838": [5, 6], "car_2839": [7, 6], "car_2836": [0, 5], "car_2436": [5, 7], "car_2834": [7, 6], "car_2835": [4, 5], "car_2832": [2, 3], "car_2833": [5, 7], "car_2830": [3, 5], "car_2437": [7, 2], "car_2010": [7, 6], "car_2011": [3, 1], "car_2012": [4, 1], "car_2013": [6, 5], "car_2014": [2, 4], "car_2015": [5, 6], "car_2016": [7, 1], "car_2017": [1, 3], "car_2018": [4, 6], "car_2019": [6, 7], "car_2435": [0, 1], "car_87": [6, 4], "car_86": [4, 2], "car_85": [3, 2], "car_84": [1, 4], "car_83": [7, 6], "car_82": [2, 4], "car_81": [0, 7], "car_80": [6, 5], "car_3249": [1, 7], "car_2001": [6, 4], "car_89": [7, 4], "car_88": [0, 2], "car_2000": [4, 3], "car_2498": [0, 6], "car_2499": [7, 0], "car_2494": [2, 3], "car_2495": [7, 0], "car_2496": [1, 4], "car_2497": [3, 2], "car_2490": [5, 6], "car_2491": [7, 5], "car_2492": [1, 6], "car_2493": [3, 1], "car_875": [4, 5], "car_874": [3, 7], "car_877": [0, 6], "car_876": [6, 5], "car_871": [3, 5], "car_870": [1, 2], "car_873": [0, 6], "car_872": [4, 0], "car_3228": [6, 1], "car_3242": [5, 2], "car_1694": [2, 7], "car_879": [3, 0], "car_878": [7, 2], "car_3243": [7, 3], "car_1752": [4, 0], "car_1753": [6, 7], "car_1699": [2, 4], "car_2124": [2, 0], "car_2125": [5, 7], "car_1619": [2, 1], "car_1618": [0, 5], "car_2120": [5, 4], "car_2121": [7, 0], "car_2122": [3, 0], "car_2123": [0, 1], "car_1613": [4, 5], "car_1612": [1, 6], "car_1611": [7, 0], "car_1610": [0, 6], "car_1617": [6, 0], "car_1616": [3, 5], "car_1615": [1, 7], "car_1614": [0, 6], "car_1754": [0, 4], "car_1755": [2, 0], "car_2767": [5, 2], "car_2323": [5, 4], "car_471": [1, 7], "car_470": [7, 0], "car_473": [4, 7], "car_472": [3, 1], "car_475": [2, 1], "car_474": [0, 3], "car_477": [0, 7], "car_476": [7, 4], "car_479": [5, 6], "car_478": [2, 7], "car_2232": [0, 3], "car_2233": [2, 6], "car_2234": [5, 0], "car_2235": [7, 1], "car_2236": [2, 3], "car_2237": [1, 3], "car_2769": [1, 2], "car_2765": [6, 4], "car_2038": [2, 3], "car_2709": [4, 7], "car_3229": [0, 7], "car_3057": [4, 7], "car_3056": [1, 4], "car_2762": [7, 6], "car_3054": [5, 0], "car_3053": [0, 7], "car_3052": [6, 7], "car_3051": [1, 4], "car_3050": [5, 0], "car_3059": [7, 2], "car_3058": [0, 5], "car_3303": [4, 3], "car_2039": [7, 3], "car_2763": [1, 7], "car_1819": [6, 0], "car_1818": [4, 2], "car_2386": [1, 7], "car_682": [5, 3], "car_683": [7, 5], "car_680": [0, 6], "car_681": [2, 3], "car_686": [0, 4], "car_687": [2, 0], "car_684": [1, 3], "car_685": [4, 5], "car_688": [5, 6], "car_689": [7, 1], "car_2481": [1, 7], "car_2761": [5, 6], "car_3282": [2, 5], "car_3283": [5, 7], "car_1815": [2, 6], "car_3280": [1, 0], "car_1814": [0, 7], "car_3281": [6, 2], "car_3286": [3, 5], "car_2388": [6, 5], "car_3287": [6, 3], "car_3284": [7, 2], "car_3285": [1, 5], "car_2389": [0, 5], "car_3288": [0, 3], "car_3289": [2, 0], "car_1670": [5, 7], "car_1956": [5, 1], "car_3302": [3, 5], "car_1957": [7, 3], "car_3324": [0, 1], "car_1958": [1, 3], "car_1959": [3, 4], "car_2003": [2, 0], "car_268": [1, 3], "car_269": [4, 2], "car_1974": [7, 2], "car_1975": [1, 3], "car_1972": [3, 4], "car_1973": [6, 2], "car_1970": [2, 6], "car_1971": [5, 3], "car_260": [4, 3], "car_261": [0, 5], "car_262": [5, 6], "car_263": [3, 2], "car_264": [4, 5], "car_265": [6, 2], "car_266": [2, 1], "car_267": [5, 7], "car_1572": [1, 7], "car_1573": [4, 1], "car_1570": [5, 2], "car_1571": [7, 4], "car_1576": [2, 7], "car_1577": [5, 2], "car_1574": [6, 1], "car_1575": [0, 1], "car_1578": [7, 5], "car_1579": [1, 3], "car_2971": [3, 5], "car_1370": [0, 1], "car_1371": [5, 4], "car_1372": [7, 6], "car_1373": [1, 0], "car_1374": [3, 5], "car_1375": [4, 1], "car_1376": [6, 0], "car_1377": [2, 5], "car_1378": [5, 7], "car_1379": [3, 4], "car_3014": [3, 0], "car_3254": [7, 6], "car_2600": [6, 2], "car_2975": [1, 5], "car_2974": [7, 4], "car_314": [7, 5], "car_315": [3, 5], "car_316": [4, 2], "car_317": [0, 6], "car_310": [4, 5], "car_311": [6, 5], "car_312": [2, 3], "car_313": [5, 6], "car_318": [5, 2], "car_319": [7, 4], "car_918": [5, 0], "car_919": [1, 2], "car_2719": [5, 1], "car_2718": [2, 1], "car_912": [5, 0], "car_913": [7, 1], "car_910": [6, 7], "car_911": [2, 6], "car_916": [4, 7], "car_917": [2, 4], "car_914": [1, 5], "car_915": [3, 5], "car_1114": [4, 1], "car_1115": [6, 3], "car_1116": [0, 6], "car_1117": [2, 1], "car_1110": [2, 7], "car_1111": [5, 3], "car_1112": [7, 2], "car_1113": [3, 2], "car_1118": [5, 4], "car_1119": [7, 4], "car_1284": [7, 0], "car_1285": [1, 6], "car_1286": [4, 1], "car_1287": [6, 7], "car_1280": [4, 6], "car_1281": [6, 4], "car_1282": [2, 1], "car_1283": [5, 2], "car_2130": [2, 1], "car_1288": [0, 5], "car_1289": [5, 2], "car_2959": [6, 5], "car_2958": [3, 7], "car_2951": [7, 1], "car_2950": [2, 1], "car_2953": [3, 7], "car_2952": [1, 4], "car_2955": [5, 2], "car_2954": [6, 1], "car_2957": [1, 4], "car_2956": [7, 3], "car_2821": [6, 4], "car_2820": [3, 7], "car_1744": [4, 2], "car_2822": [0, 2], "car_2825": [7, 0], "car_2824": [5, 0], "car_2827": [4, 0], "car_2826": [3, 4], "car_2829": [7, 2], "car_2828": [2, 4], "car_1028": [7, 4], "car_1029": [1, 6], "car_1758": [3, 2], "car_1759": [6, 3], "car_2007": [4, 6], "car_2006": [1, 0], "car_2005": [7, 0], "car_2004": [5, 2], "car_1020": [6, 3], "car_1021": [2, 0], "car_1022": [5, 0], "car_1023": [7, 4], "car_1024": [1, 6], "car_1025": [3, 7], "car_1026": [0, 4], "car_1027": [2, 4], "car_1598": [7, 0], "car_1599": [1, 4], "car_1590": [0, 1], "car_1591": [5, 3], "car_1592": [7, 5], "car_1593": [3, 1], "car_1594": [4, 2], "car_1595": [6, 2], "car_1596": [0, 1], "car_1597": [5, 1], "car_2489": [2, 7], "car_2488": [4, 5], "car_2487": [1, 0], "car_2486": [7, 1], "car_2485": [5, 0], "car_2484": [0, 2], "car_2483": [4, 0], "car_2482": [3, 1], "car_1746": [0, 7], "car_2480": [7, 6], "car_862": [3, 1], "car_863": [6, 1], "car_860": [4, 2], "car_861": [1, 5], "car_866": [7, 5], "car_867": [1, 0], "car_864": [0, 7], "car_865": [2, 1], "car_868": [6, 0], "car_869": [5, 7], "car_1741": [5, 2], "car_2137": [5, 4], "car_2136": [2, 0], "car_2135": [0, 6], "car_2134": [6, 0], "car_2133": [3, 0], "car_2132": [7, 0], "car_1628": [0, 4], "car_1629": [2, 6], "car_1626": [4, 6], "car_1627": [6, 3], "car_1624": [7, 6], "car_1625": [3, 7], "car_1622": [6, 2], "car_1623": [5, 1], "car_1620": [1, 6], "car_1621": [4, 2], "car_1740": [2, 6]}