{"car_468": [0, 6], "car_469": [3, 0], "car_466": [5, 0], "car_467": [1, 0], "car_464": [5, 1], "car_465": [7, 2], "car_462": [6, 4], "car_463": [1, 6], "car_460": [6, 7], "car_461": [5, 1], "car_211": [5, 6], "car_210": [7, 3], "car_213": [0, 4], "car_212": [4, 0], "car_215": [0, 3], "car_214": [1, 3], "car_217": [6, 3], "car_216": [3, 7], "car_219": [0, 1], "car_218": [5, 7], "car_352": [2, 7], "car_353": [7, 5], "car_354": [3, 7], "car_355": [1, 3], "car_356": [0, 5], "car_357": [2, 5], "car_518": [3, 1], "car_519": [7, 1], "car_510": [5, 6], "car_511": [2, 7], "car_10": [5, 3], "car_11": [4, 6], "car_12": [6, 3], "car_13": [4, 7], "car_14": [2, 3], "car_15": [0, 3], "car_16": [5, 1], "car_17": [1, 0], "car_18": [4, 7], "car_19": [6, 2], "car_422": [4, 6], "car_423": [7, 5], "car_420": [2, 3], "car_421": [6, 2], "car_426": [1, 6], "car_427": [7, 1], "car_424": [0, 1], "car_425": [1, 0], "car_428": [7, 5], "car_429": [7, 1], "car_255": [7, 3], "car_254": [1, 4], "car_257": [2, 4], "car_256": [1, 6], "car_251": [7, 6], "car_250": [2, 0], "car_253": [6, 1], "car_252": [1, 7], "car_394": [4, 3], "car_395": [0, 3], "car_396": [0, 6], "car_397": [1, 6], "car_259": [6, 2], "car_258": [5, 1], "car_392": [6, 5], "car_393": [7, 6], "car_158": [7, 4], "car_159": [0, 2], "car_156": [1, 0], "car_157": [3, 6], "car_154": [7, 6], "car_155": [1, 2], "car_152": [6, 4], "car_153": [1, 7], "car_150": [7, 2], "car_151": [5, 7], "car_350": [4, 3], "car_351": [6, 1], "car_457": [5, 7], "car_456": [5, 2], "car_455": [3, 7], "car_454": [7, 6], "car_453": [7, 1], "car_452": [6, 1], "car_451": [4, 5], "car_450": [1, 3], "car_516": [5, 0], "car_517": [2, 7], "car_514": [7, 2], "car_515": [2, 1], "car_512": [5, 3], "car_513": [5, 7], "car_459": [7, 6], "car_458": [3, 0], "car_321": [5, 7], "car_320": [7, 1], "car_323": [7, 0], "car_322": [2, 4], "car_325": [5, 4], "car_324": [1, 0], "car_327": [4, 5], "car_326": [5, 3], "car_329": [6, 5], "car_328": [7, 5], "car_493": [4, 0], "car_492": [2, 4], "car_491": [6, 3], "car_490": [1, 5], "car_497": [5, 6], "car_496": [4, 3], "car_268": [7, 2], "car_495": [2, 6], "car_140": [2, 1], "car_494": [3, 4], "car_144": [6, 0], "car_260": [0, 6], "car_189": [4, 1], "car_188": [1, 0], "car_261": [7, 1], "car_185": [1, 7], "car_184": [2, 7], "car_187": [3, 0], "car_186": [7, 5], "car_181": [1, 0], "car_180": [2, 6], "car_183": [2, 4], "car_182": [6, 0], "car_263": [1, 4], "car_299": [7, 0], "car_113": [1, 5], "car_110": [2, 3], "car_111": [1, 2], "car_116": [7, 5], "car_117": [1, 6], "car_114": [6, 5], "car_115": [3, 6], "car_291": [7, 4], "car_290": [6, 3], "car_118": [1, 7], "car_119": [6, 1], "car_295": [6, 2], "car_294": [1, 4], "car_297": [3, 7], "car_296": [7, 1], "car_54": [7, 3], "car_55": [4, 6], "car_56": [0, 7], "car_57": [5, 2], "car_50": [7, 0], "car_51": [4, 5], "car_52": [6, 4], "car_53": [4, 0], "car_58": [3, 0], "car_59": [6, 2], "car_365": [2, 4], "car_364": [6, 0], "car_367": [6, 2], "car_366": [3, 6], "car_361": [1, 3], "car_360": [0, 4], "car_363": [7, 1], "car_362": [4, 7], "car_413": [1, 5], "car_412": [1, 3], "car_411": [0, 2], "car_410": [6, 3], "car_369": [1, 7], "car_368": [5, 3], "car_415": [7, 3], "car_414": [7, 4], "car_167": [7, 4], "car_166": [2, 1], "car_165": [6, 7], "car_164": [4, 1], "car_163": [0, 6], "car_162": [0, 4], "car_161": [4, 3], "car_160": [7, 2], "car_206": [2, 5], "car_207": [0, 5], "car_204": [0, 1], "car_205": [0, 3], "car_202": [0, 2], "car_203": [4, 6], "car_169": [0, 3], "car_168": [2, 0], "car_527": [6, 4], "car_526": [7, 2], "car_525": [0, 5], "car_524": [1, 2], "car_523": [6, 1], "car_522": [0, 4], "car_521": [5, 6], "car_520": [6, 0], "car_489": [3, 1], "car_6": [2, 4], "car_7": [7, 1], "car_4": [3, 0], "car_5": [4, 3], "car_2": [6, 2], "car_3": [1, 0], "car_0": [1, 0], "car_1": [6, 3], "car_8": [1, 4], "car_9": [4, 3], "car_98": [5, 7], "car_99": [0, 7], "car_90": [0, 4], "car_91": [6, 2], "car_92": [5, 6], "car_93": [1, 2], "car_94": [2, 3], "car_95": [5, 1], "car_96": [2, 1], "car_97": [6, 0], "car_242": [5, 0], "car_243": [3, 0], "car_240": [6, 7], "car_241": [6, 7], "car_246": [2, 0], "car_247": [1, 0], "car_244": [4, 1], "car_245": [5, 1], "car_248": [2, 3], "car_249": [1, 0], "car_129": [5, 7], "car_128": [6, 5], "car_123": [0, 6], "car_122": [5, 1], "car_121": [6, 1], "car_120": [3, 5], "car_127": [1, 0], "car_126": [1, 0], "car_125": [1, 2], "car_124": [4, 6], "car_444": [3, 0], "car_445": [6, 7], "car_446": [7, 2], "car_447": [5, 2], "car_440": [5, 3], "car_441": [7, 4], "car_442": [0, 4], "car_443": [1, 4], "car_448": [1, 7], "car_349": [7, 3], "car_237": [4, 3], "car_236": [5, 6], "car_235": [2, 6], "car_234": [6, 7], "car_233": [3, 4], "car_232": [7, 6], "car_338": [1, 5], "car_339": [4, 3], "car_336": [0, 5], "car_337": [0, 3], "car_334": [1, 3], "car_335": [5, 2], "car_332": [0, 5], "car_333": [0, 4], "car_330": [1, 7], "car_238": [2, 3], "car_408": [1, 0], "car_409": [6, 1], "car_347": [5, 4], "car_346": [7, 1], "car_402": [7, 6], "car_403": [4, 5], "car_198": [5, 7], "car_199": [0, 2], "car_192": [1, 7], "car_193": [5, 7], "car_190": [2, 5], "car_191": [7, 3], "car_196": [3, 0], "car_197": [2, 3], "car_194": [3, 5], "car_195": [5, 2], "car_279": [6, 3], "car_278": [1, 3], "car_36": [0, 3], "car_37": [4, 6], "car_34": [1, 5], "car_35": [3, 4], "car_32": [4, 5], "car_33": [1, 3], "car_30": [5, 4], "car_31": [7, 0], "car_499": [1, 7], "car_498": [7, 3], "car_38": [6, 1], "car_39": [1, 3], "car_286": [4, 3], "car_287": [6, 5], "car_284": [6, 2], "car_285": [0, 3], "car_282": [4, 0], "car_283": [4, 7], "car_280": [6, 2], "car_281": [1, 0], "car_288": [0, 2], "car_289": [4, 2], "car_178": [1, 4], "car_179": [3, 6], "car_43": [4, 2], "car_42": [5, 4], "car_41": [4, 2], "car_40": [4, 1], "car_47": [3, 2], "car_46": [4, 6], "car_45": [3, 7], "car_44": [0, 6], "car_49": [4, 7], "car_48": [0, 7], "car_372": [5, 6], "car_373": [2, 5], "car_370": [0, 1], "car_371": [3, 0], "car_376": [1, 3], "car_377": [4, 5], "car_374": [4, 6], "car_375": [0, 6], "car_400": [4, 0], "car_401": [2, 4], "car_378": [5, 0], "car_379": [7, 4], "car_404": [2, 1], "car_405": [1, 0], "car_406": [7, 4], "car_407": [3, 0], "car_174": [5, 7], "car_175": [7, 4], "car_176": [6, 0], "car_177": [3, 7], "car_170": [7, 0], "car_171": [6, 1], "car_172": [7, 6], "car_173": [4, 5], "car_273": [5, 0], "car_272": [5, 4], "car_271": [6, 5], "car_270": [4, 5], "car_277": [0, 6], "car_276": [4, 2], "car_275": [2, 5], "car_274": [7, 2], "car_112": [0, 1], "car_298": [6, 1], "car_358": [3, 5], "car_307": [2, 6], "car_306": [6, 4], "car_305": [7, 1], "car_304": [5, 1], "car_303": [4, 5], "car_302": [1, 3], "car_301": [1, 4], "car_300": [7, 3], "car_293": [5, 2], "car_309": [5, 7], "car_308": [3, 5], "car_292": [1, 3], "car_359": [6, 4], "car_78": [4, 2], "car_79": [1, 4], "car_72": [0, 5], "car_73": [5, 3], "car_70": [5, 4], "car_71": [3, 0], "car_76": [5, 1], "car_77": [3, 2], "car_74": [5, 1], "car_75": [0, 4], "car_87": [4, 2], "car_86": [3, 6], "car_85": [0, 4], "car_84": [3, 7], "car_83": [5, 4], "car_82": [6, 5], "car_81": [5, 0], "car_80": [1, 6], "car_89": [4, 6], "car_88": [6, 0], "car_138": [2, 7], "car_139": [7, 2], "car_130": [5, 1], "car_131": [2, 4], "car_132": [4, 5], "car_133": [6, 2], "car_134": [1, 6], "car_135": [1, 2], "car_136": [1, 0], "car_137": [3, 7], "car_471": [6, 7], "car_470": [4, 7], "car_473": [3, 2], "car_472": [2, 5], "car_475": [7, 2], "car_474": [1, 3], "car_477": [0, 3], "car_476": [4, 2], "car_479": [1, 2], "car_478": [7, 4], "car_224": [5, 2], "car_225": [3, 1], "car_226": [3, 0], "car_227": [3, 0], "car_220": [2, 0], "car_221": [5, 0], "car_222": [4, 7], "car_223": [7, 1], "car_343": [5, 3], "car_342": [7, 6], "car_341": [3, 5], "car_340": [7, 5], "car_228": [7, 5], "car_229": [2, 1], "car_345": [0, 2], "car_344": [5, 3], "car_449": [7, 4], "car_231": [3, 7], "car_230": [1, 5], "car_419": [1, 0], "car_418": [2, 4], "car_239": [0, 1], "car_331": [7, 0], "car_25": [5, 7], "car_24": [2, 6], "car_27": [0, 6], "car_26": [7, 0], "car_21": [3, 5], "car_20": [6, 7], "car_23": [0, 4], "car_22": [6, 1], "car_488": [6, 7], "car_417": [2, 5], "car_29": [4, 6], "car_28": [0, 4], "car_416": [7, 2], "car_208": [0, 5], "car_209": [1, 3], "car_435": [2, 1], "car_434": [7, 3], "car_437": [7, 0], "car_436": [1, 6], "car_431": [0, 2], "car_430": [6, 4], "car_433": [1, 0], "car_432": [5, 0], "car_398": [2, 6], "car_439": [4, 7], "car_438": [1, 3], "car_399": [5, 3], "car_389": [1, 6], "car_388": [5, 1], "car_387": [3, 4], "car_386": [6, 0], "car_385": [4, 5], "car_384": [1, 0], "car_383": [3, 7], "car_382": [7, 6], "car_381": [7, 6], "car_380": [7, 3], "car_141": [1, 7], "car_269": [2, 3], "car_143": [5, 4], "car_142": [1, 5], "car_145": [0, 5], "car_200": [1, 4], "car_147": [4, 0], "car_146": [2, 5], "car_149": [4, 3], "car_148": [4, 7], "car_262": [4, 2], "car_201": [3, 4], "car_264": [2, 3], "car_265": [3, 4], "car_266": [7, 3], "car_267": [4, 0], "car_480": [4, 1], "car_481": [7, 5], "car_390": [5, 7], "car_482": [1, 2], "car_391": [5, 2], "car_483": [2, 1], "car_484": [7, 0], "car_485": [6, 3], "car_501": [1, 6], "car_500": [5, 7], "car_503": [0, 6], "car_502": [6, 0], "car_505": [6, 2], "car_486": [1, 3], "car_507": [3, 7], "car_506": [6, 4], "car_509": [3, 1], "car_508": [1, 2], "car_487": [1, 7], "car_314": [2, 5], "car_315": [7, 5], "car_316": [2, 1], "car_317": [6, 7], "car_310": [3, 1], "car_311": [4, 5], "car_312": [5, 6], "car_313": [3, 2], "car_318": [1, 3], "car_319": [0, 5], "car_69": [0, 6], "car_68": [4, 6], "car_61": [7, 3], "car_60": [0, 3], "car_63": [3, 5], "car_62": [3, 1], "car_65": [7, 0], "car_64": [1, 5], "car_67": [4, 6], "car_66": [3, 5], "car_504": [4, 0], "car_348": [5, 7], "car_105": [2, 4], "car_104": [5, 1], "car_107": [4, 2], "car_106": [3, 5], "car_101": [6, 3], "car_100": [1, 2], "car_103": [2, 3], "car_102": [0, 6], "car_109": [6, 5], "car_108": [0, 1]}