<routes>

	<vType id="car5" accel="100.0" decel="100.0" sigma="0.0" length="5" minGap="5.000000" maxSpeed="11.180000" tau="0.100000" carFollowModel="CACC" color="255,255,255"/>
	<vType id="car6" accel="100.0" decel="100.0" sigma="0.0" length="6" minGap="5.000000" maxSpeed="11.180000" tau="0.100000" carFollowModel="CACC" color="255,255,255"/>
	<vType id="car7" accel="100.0" decel="100.0" sigma="0.0" length="7" minGap="5.000000" maxSpeed="11.180000" tau="0.100000" carFollowModel="CACC" color="255,255,255"/>
	<vType id="car8" accel="100.0" decel="100.0" sigma="0.0" length="8" minGap="5.000000" maxSpeed="11.180000" tau="0.100000" carFollowModel="CACC" color="255,255,255"/>
	<vType id="car9" accel="100.0" decel="100.0" sigma="0.0" length="9" minGap="5.000000" maxSpeed="11.180000" tau="0.100000" carFollowModel="CACC" color="255,255,255"/>

	<route id="0" edges=" 001_001_1"/>
	<route id="2" edges=" 001_002_2"/>
	<route id="5" edges=" 002_001_3"/>
	<route id="7" edges=" 001_001_4"/>
	<route id="1" edges=" 001_002_1"/>
	<route id="3" edges=" 002_002_2"/>
	<route id="4" edges=" 002_002_3"/>
	<route id="6" edges=" 002_001_4"/>

	<vehicle id="car_0" type="car7" route="4" depart="0" departLane = "2" departSpeed="11.180000"/>
	<vehicle id="car_1" type="car6" route="3" depart="1" departLane = "0" departSpeed="11.180000"/>
	<vehicle id="car_2" type="car9" route="1" depart="2" departLane = "0" departSpeed="11.180000"/>
	<vehicle id="car_3" type="car6" route="7" depart="4" departLane = "1" departSpeed="11.180000"/>
	<vehicle id="car_4" type="car9" route="1" depart="5" departLane = "0" departSpeed="11.180000"/>
	<vehicle id="car_5" type="car8" route="4" depart="5" departLane = "1" departSpeed="11.180000"/>
	<vehicle id="car_6" type="car5" route="6" depart="5" departLane = "2" departSpeed="11.180000"/>
	<vehicle id="car_7" type="car9" route="7" depart="7" departLane = "0" departSpeed="11.180000"/>
	<vehicle id="car_8" type="car5" route="1" depart="8" departLane = "2" departSpeed="11.180000"/>
	<vehicle id="car_9" type="car9" route="4" depart="8" departLane = "1" departSpeed="11.180000"/>
	<vehicle id="car_10" type="car9" route="1" depart="9" departLane = "0" departSpeed="11.180000"/>
	<vehicle id="car_11" type="car6" route="2" depart="13" departLane = "2" departSpeed="11.180000"/>
	<vehicle id="car_12" type="car7" route="5" depart="15" departLane = "0" departSpeed="11.180000"/>
	<vehicle id="car_13" type="car5" route="5" depart="19" departLane = "1" departSpeed="11.180000"/>
	<vehicle id="car_14" type="car7" route="3" depart="19" departLane = "0" departSpeed="11.180000"/>
	<vehicle id="car_15" type="car7" route="5" depart="20" departLane = "1" departSpeed="11.180000"/>
	<vehicle id="car_16" type="car7" route="4" depart="20" departLane = "0" departSpeed="11.180000"/>
	<vehicle id="car_17" type="car8" route="5" depart="21" departLane = "0" departSpeed="11.180000"/>
	<vehicle id="car_18" type="car5" route="7" depart="23" departLane = "1" departSpeed="11.180000"/>
	<vehicle id="car_19" type="car7" route="6" depart="26" departLane = "0" departSpeed="11.180000"/>
	<vehicle id="car_20" type="car6" route="4" depart="29" departLane = "1" departSpeed="11.180000"/>
	<vehicle id="car_21" type="car8" route="2" depart="30" departLane = "1" departSpeed="11.180000"/>
	<vehicle id="car_22" type="car9" route="1" depart="31" departLane = "2" departSpeed="11.180000"/>
	<vehicle id="car_23" type="car6" route="0" depart="33" departLane = "2" departSpeed="11.180000"/>
	<vehicle id="car_24" type="car8" route="5" depart="33" departLane = "2" departSpeed="11.180000"/>
	<vehicle id="car_25" type="car9" route="1" depart="33" departLane = "0" departSpeed="11.180000"/>
	<vehicle id="car_26" type="car5" route="6" depart="34" departLane = "1" departSpeed="11.180000"/>
	<vehicle id="car_27" type="car7" route="0" depart="35" departLane = "2" departSpeed="11.180000"/>
	<vehicle id="car_28" type="car8" route="0" depart="36" departLane = "0" departSpeed="11.180000"/>
	<vehicle id="car_29" type="car8" route="2" depart="38" departLane = "0" departSpeed="11.180000"/>
	<vehicle id="car_30" type="car8" route="0" depart="39" departLane = "0" departSpeed="11.180000"/>
	<vehicle id="car_31" type="car5" route="7" depart="42" departLane = "0" departSpeed="11.180000"/>
	<vehicle id="car_32" type="car7" route="6" depart="42" departLane = "2" departSpeed="11.180000"/>
	<vehicle id="car_33" type="car5" route="5" depart="43" departLane = "0" departSpeed="11.180000"/>
	<vehicle id="car_34" type="car9" route="1" depart="44" departLane = "1" departSpeed="11.180000"/>
	<vehicle id="car_35" type="car6" route="0" depart="46" departLane = "0" departSpeed="11.180000"/>
	<vehicle id="car_36" type="car5" route="6" depart="47" departLane = "2" departSpeed="11.180000"/>
	<vehicle id="car_37" type="car7" route="0" depart="48" departLane = "2" departSpeed="11.180000"/>
	<vehicle id="car_38" type="car5" route="5" depart="48" departLane = "2" departSpeed="11.180000"/>
	<vehicle id="car_39" type="car6" route="1" depart="48" departLane = "0" departSpeed="11.180000"/>
	<vehicle id="car_40" type="car6" route="3" depart="48" departLane = "1" departSpeed="11.180000"/>
	<vehicle id="car_41" type="car5" route="4" depart="48" departLane = "2" departSpeed="11.180000"/>
	<vehicle id="car_42" type="car6" route="5" depart="49" departLane = "0" departSpeed="11.180000"/>
	<vehicle id="car_43" type="car7" route="6" depart="49" departLane = "1" departSpeed="11.180000"/>
	<vehicle id="car_44" type="car8" route="5" depart="51" departLane = "2" departSpeed="11.180000"/>
	<vehicle id="car_45" type="car6" route="1" depart="51" departLane = "0" departSpeed="11.180000"/>
	<vehicle id="car_46" type="car8" route="6" depart="51" departLane = "0" departSpeed="11.180000"/>
	<vehicle id="car_47" type="car7" route="5" depart="52" departLane = "0" departSpeed="11.180000"/>
	<vehicle id="car_48" type="car5" route="5" depart="54" departLane = "0" departSpeed="11.180000"/>
	<vehicle id="car_49" type="car8" route="7" depart="54" departLane = "1" departSpeed="11.180000"/>
	<vehicle id="car_50" type="car5" route="1" depart="54" departLane = "1" departSpeed="11.180000"/>
	<vehicle id="car_51" type="car7" route="7" depart="55" departLane = "2" departSpeed="11.180000"/>
	<vehicle id="car_52" type="car7" route="1" depart="55" departLane = "0" departSpeed="11.180000"/>
	<vehicle id="car_53" type="car9" route="4" depart="57" departLane = "0" departSpeed="11.180000"/>
	<vehicle id="car_54" type="car5" route="5" depart="60" departLane = "0" departSpeed="11.180000"/>
	<vehicle id="car_55" type="car7" route="7" depart="61" departLane = "1" departSpeed="11.180000"/>
	<vehicle id="car_56" type="car6" route="4" depart="61" departLane = "1" departSpeed="11.180000"/>
	<vehicle id="car_57" type="car5" route="3" depart="63" departLane = "1" departSpeed="11.180000"/>
	<vehicle id="car_58" type="car8" route="1" depart="64" departLane = "2" departSpeed="11.180000"/>
	<vehicle id="car_59" type="car6" route="2" depart="66" departLane = "0" departSpeed="11.180000"/>
	<vehicle id="car_60" type="car7" route="3" depart="68" departLane = "2" departSpeed="11.180000"/>
	<vehicle id="car_61" type="car5" route="0" depart="70" departLane = "1" departSpeed="11.180000"/>
	<vehicle id="car_62" type="car7" route="6" depart="70" departLane = "2" departSpeed="11.180000"/>
	<vehicle id="car_63" type="car5" route="7" depart="72" departLane = "1" departSpeed="11.180000"/>
	<vehicle id="car_64" type="car6" route="6" depart="73" departLane = "1" departSpeed="11.180000"/>
	<vehicle id="car_65" type="car7" route="5" depart="74" departLane = "1" departSpeed="11.180000"/>
	<vehicle id="car_66" type="car8" route="5" depart="75" departLane = "2" departSpeed="11.180000"/>
	<vehicle id="car_67" type="car7" route="5" depart="77" departLane = "0" departSpeed="11.180000"/>
	<vehicle id="car_68" type="car7" route="1" depart="77" departLane = "2" departSpeed="11.180000"/>
	<vehicle id="car_69" type="car6" route="6" depart="77" departLane = "2" departSpeed="11.180000"/>
	<vehicle id="car_70" type="car6" route="5" depart="78" departLane = "1" departSpeed="11.180000"/>
	<vehicle id="car_71" type="car6" route="1" depart="78" departLane = "2" departSpeed="11.180000"/>
	<vehicle id="car_72" type="car6" route="4" depart="78" departLane = "2" departSpeed="11.180000"/>
	<vehicle id="car_73" type="car6" route="0" depart="79" departLane = "2" departSpeed="11.180000"/>
	<vehicle id="car_74" type="car5" route="3" depart="79" departLane = "2" departSpeed="11.180000"/>
	<vehicle id="car_75" type="car6" route="5" depart="82" departLane = "2" departSpeed="11.180000"/>
	<vehicle id="car_76" type="car9" route="1" depart="82" departLane = "2" departSpeed="11.180000"/>
	<vehicle id="car_77" type="car5" route="2" depart="83" departLane = "1" departSpeed="11.180000"/>
	<vehicle id="car_78" type="car5" route="0" depart="84" departLane = "1" departSpeed="11.180000"/>
	<vehicle id="car_79" type="car8" route="3" depart="85" departLane = "1" departSpeed="11.180000"/>
	<vehicle id="car_80" type="car7" route="0" depart="86" departLane = "0" departSpeed="11.180000"/>
	<vehicle id="car_81" type="car6" route="5" depart="86" departLane = "1" departSpeed="11.180000"/>
	<vehicle id="car_82" type="car7" route="1" depart="87" departLane = "2" departSpeed="11.180000"/>
	<vehicle id="car_83" type="car5" route="0" depart="89" departLane = "1" departSpeed="11.180000"/>
	<vehicle id="car_84" type="car8" route="5" depart="91" departLane = "1" departSpeed="11.180000"/>
	<vehicle id="car_85" type="car9" route="7" depart="91" departLane = "1" departSpeed="11.180000"/>
	<vehicle id="car_86" type="car7" route="1" depart="91" departLane = "0" departSpeed="11.180000"/>
	<vehicle id="car_87" type="car8" route="5" depart="92" departLane = "0" departSpeed="11.180000"/>
	<vehicle id="car_88" type="car8" route="6" depart="92" departLane = "2" departSpeed="11.180000"/>
	<vehicle id="car_89" type="car8" route="7" depart="93" departLane = "1" departSpeed="11.180000"/>
	<vehicle id="car_90" type="car6" route="2" depart="94" departLane = "0" departSpeed="11.180000"/>
	<vehicle id="car_91" type="car9" route="3" depart="98" departLane = "1" departSpeed="11.180000"/>
	<vehicle id="car_92" type="car5" route="5" depart="99" departLane = "2" departSpeed="11.180000"/>
	<vehicle id="car_93" type="car6" route="1" depart="99" departLane = "0" departSpeed="11.180000"/>
	<vehicle id="car_94" type="car7" route="7" depart="100" departLane = "0" departSpeed="11.180000"/>
	<vehicle id="car_95" type="car9" route="1" depart="101" departLane = "1" departSpeed="11.180000"/>
	<vehicle id="car_96" type="car9" route="7" depart="103" departLane = "1" departSpeed="11.180000"/>
	<vehicle id="car_97" type="car7" route="3" depart="105" departLane = "1" departSpeed="11.180000"/>
	<vehicle id="car_98" type="car8" route="1" depart="106" departLane = "0" departSpeed="11.180000"/>
	<vehicle id="car_99" type="car9" route="4" depart="108" departLane = "0" departSpeed="11.180000"/>
	<vehicle id="car_100" type="car8" route="7" depart="110" departLane = "2" departSpeed="11.180000"/>
	<vehicle id="car_101" type="car7" route="1" depart="110" departLane = "1" departSpeed="11.180000"/>
	<vehicle id="car_102" type="car8" route="6" depart="111" departLane = "1" departSpeed="11.180000"/>
	<vehicle id="car_103" type="car6" route="2" depart="113" departLane = "2" departSpeed="11.180000"/>
	<vehicle id="car_104" type="car5" route="5" depart="113" departLane = "2" departSpeed="11.180000"/>
	<vehicle id="car_105" type="car8" route="0" depart="114" departLane = "2" departSpeed="11.180000"/>
	<vehicle id="car_106" type="car9" route="4" depart="114" departLane = "2" departSpeed="11.180000"/>
	<vehicle id="car_107" type="car6" route="6" depart="114" departLane = "0" departSpeed="11.180000"/>
	<vehicle id="car_108" type="car6" route="0" depart="115" departLane = "0" departSpeed="11.180000"/>
	<vehicle id="car_109" type="car7" route="1" depart="116" departLane = "2" departSpeed="11.180000"/>
	<vehicle id="car_110" type="car8" route="5" depart="119" departLane = "1" departSpeed="11.180000"/>
	<vehicle id="car_111" type="car5" route="1" depart="119" departLane = "1" departSpeed="11.180000"/>
	<vehicle id="car_112" type="car7" route="3" depart="119" departLane = "2" departSpeed="11.180000"/>
	<vehicle id="car_113" type="car5" route="0" depart="120" departLane = "0" departSpeed="11.180000"/>
	<vehicle id="car_114" type="car7" route="6" depart="121" departLane = "0" departSpeed="11.180000"/>
	<vehicle id="car_115" type="car8" route="2" depart="122" departLane = "1" departSpeed="11.180000"/>
	<vehicle id="car_116" type="car8" route="6" depart="122" departLane = "2" departSpeed="11.180000"/>
	<vehicle id="car_117" type="car7" route="0" depart="123" departLane = "1" departSpeed="11.180000"/>
	<vehicle id="car_118" type="car8" route="1" depart="123" departLane = "0" departSpeed="11.180000"/>
	<vehicle id="car_119" type="car6" route="3" depart="123" departLane = "2" departSpeed="11.180000"/>
	<vehicle id="car_120" type="car6" route="4" depart="123" departLane = "2" departSpeed="11.180000"/>
	<vehicle id="car_121" type="car9" route="7" depart="124" departLane = "0" departSpeed="11.180000"/>
	<vehicle id="car_122" type="car6" route="4" depart="124" departLane = "0" departSpeed="11.180000"/>
	<vehicle id="car_123" type="car5" route="1" depart="127" departLane = "2" departSpeed="11.180000"/>
	<vehicle id="car_124" type="car5" route="3" depart="127" departLane = "1" departSpeed="11.180000"/>
	<vehicle id="car_125" type="car7" route="6" depart="127" departLane = "0" departSpeed="11.180000"/>
	<vehicle id="car_126" type="car9" route="5" depart="132" departLane = "1" departSpeed="11.180000"/>
	<vehicle id="car_127" type="car7" route="3" depart="133" departLane = "0" departSpeed="11.180000"/>
	<vehicle id="car_128" type="car6" route="4" depart="133" departLane = "2" departSpeed="11.180000"/>
	<vehicle id="car_129" type="car5" route="2" depart="134" departLane = "0" departSpeed="11.180000"/>
	<vehicle id="car_130" type="car5" route="1" depart="134" departLane = "2" departSpeed="11.180000"/>
	<vehicle id="car_131" type="car5" route="7" depart="135" departLane = "2" departSpeed="11.180000"/>
	<vehicle id="car_132" type="car6" route="1" depart="135" departLane = "2" departSpeed="11.180000"/>
	<vehicle id="car_133" type="car6" route="1" depart="136" departLane = "1" departSpeed="11.180000"/>
	<vehicle id="car_134" type="car6" route="3" depart="136" departLane = "1" departSpeed="11.180000"/>
	<vehicle id="car_135" type="car7" route="5" depart="138" departLane = "0" departSpeed="11.180000"/>
	<vehicle id="car_136" type="car5" route="1" depart="140" departLane = "1" departSpeed="11.180000"/>
	<vehicle id="car_137" type="car8" route="3" depart="140" departLane = "1" departSpeed="11.180000"/>
	<vehicle id="car_138" type="car7" route="4" depart="142" departLane = "0" departSpeed="11.180000"/>
	<vehicle id="car_139" type="car6" route="7" depart="143" departLane = "2" departSpeed="11.180000"/>
	<vehicle id="car_140" type="car6" route="1" depart="143" departLane = "0" departSpeed="11.180000"/>
	<vehicle id="car_141" type="car7" route="2" depart="145" departLane = "1" departSpeed="11.180000"/>
	<vehicle id="car_142" type="car8" route="3" depart="146" departLane = "0" departSpeed="11.180000"/>
	<vehicle id="car_143" type="car8" route="0" depart="148" departLane = "1" departSpeed="11.180000"/>
	<vehicle id="car_144" type="car7" route="5" depart="149" departLane = "2" departSpeed="11.180000"/>
	<vehicle id="car_145" type="car9" route="0" depart="151" departLane = "0" departSpeed="11.180000"/>
	<vehicle id="car_146" type="car5" route="2" depart="151" departLane = "2" departSpeed="11.180000"/>
	<vehicle id="car_147" type="car5" route="5" depart="152" departLane = "0" departSpeed="11.180000"/>
	<vehicle id="car_148" type="car9" route="4" depart="154" departLane = "1" departSpeed="11.180000"/>
	<vehicle id="car_149" type="car6" route="1" depart="155" departLane = "1" departSpeed="11.180000"/>
	<vehicle id="car_150" type="car7" route="5" depart="156" departLane = "1" departSpeed="11.180000"/>
	<vehicle id="car_151" type="car5" route="1" depart="158" departLane = "1" departSpeed="11.180000"/>
	<vehicle id="car_152" type="car5" route="3" depart="159" departLane = "2" departSpeed="11.180000"/>
	<vehicle id="car_153" type="car9" route="0" depart="160" departLane = "2" departSpeed="11.180000"/>
	<vehicle id="car_154" type="car7" route="2" depart="160" departLane = "2" departSpeed="11.180000"/>
	<vehicle id="car_155" type="car7" route="1" depart="160" departLane = "0" departSpeed="11.180000"/>
	<vehicle id="car_156" type="car6" route="3" depart="162" departLane = "1" departSpeed="11.180000"/>
	<vehicle id="car_157" type="car6" route="6" depart="162" departLane = "1" departSpeed="11.180000"/>
	<vehicle id="car_158" type="car9" route="2" depart="164" departLane = "0" departSpeed="11.180000"/>
	<vehicle id="car_159" type="car9" route="7" depart="165" departLane = "2" departSpeed="11.180000"/>
	<vehicle id="car_160" type="car7" route="7" depart="166" departLane = "0" departSpeed="11.180000"/>
	<vehicle id="car_161" type="car8" route="6" depart="168" departLane = "0" departSpeed="11.180000"/>
	<vehicle id="car_162" type="car5" route="0" depart="169" departLane = "2" departSpeed="11.180000"/>
	<vehicle id="car_163" type="car5" route="1" depart="172" departLane = "1" departSpeed="11.180000"/>
	<vehicle id="car_164" type="car7" route="3" depart="176" departLane = "2" departSpeed="11.180000"/>
	<vehicle id="car_165" type="car5" route="0" depart="179" departLane = "1" departSpeed="11.180000"/>
	<vehicle id="car_166" type="car7" route="5" depart="180" departLane = "2" departSpeed="11.180000"/>
	<vehicle id="car_167" type="car9" route="6" depart="181" departLane = "0" departSpeed="11.180000"/>
	<vehicle id="car_168" type="car5" route="4" depart="184" departLane = "1" departSpeed="11.180000"/>
	<vehicle id="car_169" type="car7" route="0" depart="185" departLane = "2" departSpeed="11.180000"/>
	<vehicle id="car_170" type="car5" route="0" depart="186" departLane = "2" departSpeed="11.180000"/>
	<vehicle id="car_171" type="car9" route="2" depart="186" departLane = "1" departSpeed="11.180000"/>
	<vehicle id="car_172" type="car7" route="1" depart="192" departLane = "0" departSpeed="11.180000"/>
	<vehicle id="car_173" type="car6" route="3" depart="194" departLane = "1" departSpeed="11.180000"/>
	<vehicle id="car_174" type="car7" route="6" depart="194" departLane = "2" departSpeed="11.180000"/>
	<vehicle id="car_175" type="car5" route="2" depart="197" departLane = "1" departSpeed="11.180000"/>
	<vehicle id="car_176" type="car6" route="5" depart="200" departLane = "1" departSpeed="11.180000"/>
	<vehicle id="car_177" type="car8" route="6" depart="201" departLane = "2" departSpeed="11.180000"/>
	<vehicle id="car_178" type="car5" route="7" depart="206" departLane = "2" departSpeed="11.180000"/>
	<vehicle id="car_179" type="car9" route="5" depart="208" departLane = "2" departSpeed="11.180000"/>
	<vehicle id="car_180" type="car5" route="7" depart="209" departLane = "2" departSpeed="11.180000"/>
	<vehicle id="car_181" type="car8" route="1" depart="212" departLane = "1" departSpeed="11.180000"/>
	<vehicle id="car_182" type="car6" route="0" depart="221" departLane = "0" departSpeed="11.180000"/>
	<vehicle id="car_183" type="car6" route="1" depart="221" departLane = "2" departSpeed="11.180000"/>
	<vehicle id="car_184" type="car9" route="2" depart="222" departLane = "2" departSpeed="11.180000"/>
	<vehicle id="car_185" type="car8" route="6" depart="227" departLane = "2" departSpeed="11.180000"/>
	<vehicle id="car_186" type="car5" route="7" depart="230" departLane = "1" departSpeed="11.180000"/>
	<vehicle id="car_187" type="car6" route="1" depart="231" departLane = "1" departSpeed="11.180000"/>
	<vehicle id="car_188" type="car9" route="3" depart="231" departLane = "2" departSpeed="11.180000"/>
	<vehicle id="car_189" type="car9" route="4" depart="233" departLane = "2" departSpeed="11.180000"/>
	<vehicle id="car_190" type="car7" route="4" depart="234" departLane = "0" departSpeed="11.180000"/>
	<vehicle id="car_191" type="car9" route="2" depart="235" departLane = "0" departSpeed="11.180000"/>
	<vehicle id="car_192" type="car7" route="4" depart="235" departLane = "0" departSpeed="11.180000"/>
	<vehicle id="car_193" type="car6" route="1" depart="239" departLane = "2" departSpeed="11.180000"/>
	<vehicle id="car_194" type="car5" route="1" depart="241" departLane = "1" departSpeed="11.180000"/>
	<vehicle id="car_195" type="car7" route="3" depart="243" departLane = "1" departSpeed="11.180000"/>
	<vehicle id="car_196" type="car7" route="7" depart="244" departLane = "0" departSpeed="11.180000"/>
	<vehicle id="car_197" type="car5" route="7" depart="247" departLane = "1" departSpeed="11.180000"/>
	<vehicle id="car_198" type="car8" route="1" depart="252" departLane = "1" departSpeed="11.180000"/>
	<vehicle id="car_199" type="car6" route="4" depart="252" departLane = "0" departSpeed="11.180000"/>
	<vehicle id="car_200" type="car6" route="6" depart="252" departLane = "1" departSpeed="11.180000"/>
	<vehicle id="car_201" type="car6" route="7" depart="254" departLane = "2" departSpeed="11.180000"/>
	<vehicle id="car_202" type="car7" route="4" depart="254" departLane = "2" departSpeed="11.180000"/>
	<vehicle id="car_203" type="car8" route="4" depart="255" departLane = "2" departSpeed="11.180000"/>
	<vehicle id="car_204" type="car6" route="5" depart="257" departLane = "1" departSpeed="11.180000"/>
	<vehicle id="car_205" type="car9" route="7" depart="257" departLane = "2" departSpeed="11.180000"/>
	<vehicle id="car_206" type="car9" route="1" depart="257" departLane = "0" departSpeed="11.180000"/>
	<vehicle id="car_207" type="car7" route="6" depart="257" departLane = "2" departSpeed="11.180000"/>
	<vehicle id="car_208" type="car8" route="0" depart="259" departLane = "0" departSpeed="11.180000"/>
	<vehicle id="car_209" type="car6" route="7" depart="261" departLane = "1" departSpeed="11.180000"/>
	<vehicle id="car_210" type="car8" route="6" depart="262" departLane = "2" departSpeed="11.180000"/>
	<vehicle id="car_211" type="car7" route="3" depart="267" departLane = "2" departSpeed="11.180000"/>
	<vehicle id="car_212" type="car9" route="0" depart="268" departLane = "2" departSpeed="11.180000"/>
	<vehicle id="car_213" type="car6" route="1" depart="270" departLane = "0" departSpeed="11.180000"/>
	<vehicle id="car_214" type="car5" route="0" depart="271" departLane = "0" departSpeed="11.180000"/>
	<vehicle id="car_215" type="car8" route="7" depart="271" departLane = "0" departSpeed="11.180000"/>
	<vehicle id="car_216" type="car9" route="5" depart="272" departLane = "2" departSpeed="11.180000"/>
	<vehicle id="car_217" type="car9" route="5" depart="274" departLane = "1" departSpeed="11.180000"/>
	<vehicle id="car_218" type="car6" route="4" depart="274" departLane = "2" departSpeed="11.180000"/>
	<vehicle id="car_219" type="car6" route="6" depart="274" departLane = "2" departSpeed="11.180000"/>
	<vehicle id="car_220" type="car9" route="0" depart="275" departLane = "2" departSpeed="11.180000"/>
	<vehicle id="car_221" type="car5" route="4" depart="279" departLane = "2" departSpeed="11.180000"/>
	<vehicle id="car_222" type="car9" route="4" depart="280" departLane = "0" departSpeed="11.180000"/>
	<vehicle id="car_223" type="car8" route="1" depart="282" departLane = "0" departSpeed="11.180000"/>
	<vehicle id="car_224" type="car9" route="2" depart="284" departLane = "2" departSpeed="11.180000"/>
	<vehicle id="car_225" type="car8" route="0" depart="286" departLane = "2" departSpeed="11.180000"/>
	<vehicle id="car_226" type="car7" route="3" depart="286" departLane = "1" departSpeed="11.180000"/>
	<vehicle id="car_227" type="car9" route="7" depart="287" departLane = "2" departSpeed="11.180000"/>
	<vehicle id="car_228" type="car8" route="3" depart="287" departLane = "2" departSpeed="11.180000"/>
	<vehicle id="car_229" type="car9" route="3" depart="288" departLane = "0" departSpeed="11.180000"/>
	<vehicle id="car_230" type="car6" route="5" depart="289" departLane = "1" departSpeed="11.180000"/>
	<vehicle id="car_231" type="car9" route="6" depart="290" departLane = "2" departSpeed="11.180000"/>
	<vehicle id="car_232" type="car8" route="1" depart="291" departLane = "2" departSpeed="11.180000"/>
	<vehicle id="car_233" type="car7" route="1" depart="293" departLane = "0" departSpeed="11.180000"/>
	<vehicle id="car_234" type="car9" route="3" depart="293" departLane = "1" departSpeed="11.180000"/>
	<vehicle id="car_235" type="car5" route="1" depart="294" departLane = "2" departSpeed="11.180000"/>
	<vehicle id="car_236" type="car5" route="6" depart="295" departLane = "0" departSpeed="11.180000"/>
	<vehicle id="car_237" type="car6" route="5" depart="298" departLane = "1" departSpeed="11.180000"/>
	<vehicle id="car_238" type="car9" route="4" depart="299" departLane = "0" departSpeed="11.180000"/>
	<vehicle id="car_239" type="car6" route="2" depart="300" departLane = "1" departSpeed="11.180000"/>
	<vehicle id="car_240" type="car5" route="4" depart="300" departLane = "0" departSpeed="11.180000"/>
	<vehicle id="car_241" type="car9" route="6" depart="300" departLane = "1" departSpeed="11.180000"/>
	<vehicle id="car_242" type="car9" route="6" depart="301" departLane = "1" departSpeed="11.180000"/>
	<vehicle id="car_243" type="car7" route="4" depart="304" departLane = "0" departSpeed="11.180000"/>
	<vehicle id="car_244" type="car5" route="3" depart="311" departLane = "2" departSpeed="11.180000"/>
	<vehicle id="car_245" type="car6" route="6" depart="314" departLane = "1" departSpeed="11.180000"/>
	<vehicle id="car_246" type="car8" route="5" depart="315" departLane = "1" departSpeed="11.180000"/>
	<vehicle id="car_247" type="car5" route="4" depart="316" departLane = "0" departSpeed="11.180000"/>
	<vehicle id="car_248" type="car5" route="2" depart="318" departLane = "0" departSpeed="11.180000"/>
	<vehicle id="car_249" type="car7" route="5" depart="318" departLane = "1" departSpeed="11.180000"/>
	<vehicle id="car_250" type="car6" route="2" depart="320" departLane = "1" departSpeed="11.180000"/>
	<vehicle id="car_251" type="car7" route="0" depart="322" departLane = "2" departSpeed="11.180000"/>
	<vehicle id="car_252" type="car5" route="0" depart="323" departLane = "0" departSpeed="11.180000"/>
	<vehicle id="car_253" type="car8" route="7" depart="325" departLane = "2" departSpeed="11.180000"/>
	<vehicle id="car_254" type="car7" route="5" depart="326" departLane = "0" departSpeed="11.180000"/>
	<vehicle id="car_255" type="car7" route="0" depart="327" departLane = "1" departSpeed="11.180000"/>
	<vehicle id="car_256" type="car9" route="5" depart="330" departLane = "0" departSpeed="11.180000"/>
	<vehicle id="car_257" type="car9" route="0" depart="333" departLane = "2" departSpeed="11.180000"/>
	<vehicle id="car_258" type="car8" route="0" depart="334" departLane = "0" departSpeed="11.180000"/>
	<vehicle id="car_259" type="car7" route="2" depart="335" departLane = "2" departSpeed="11.180000"/>
	<vehicle id="car_260" type="car5" route="5" depart="335" departLane = "1" departSpeed="11.180000"/>
	<vehicle id="car_261" type="car7" route="7" depart="336" departLane = "1" departSpeed="11.180000"/>
	<vehicle id="car_262" type="car7" route="5" depart="337" departLane = "2" departSpeed="11.180000"/>
	<vehicle id="car_263" type="car6" route="4" depart="337" departLane = "1" departSpeed="11.180000"/>
	<vehicle id="car_264" type="car8" route="3" depart="338" departLane = "2" departSpeed="11.180000"/>
	<vehicle id="car_265" type="car9" route="6" depart="338" departLane = "1" departSpeed="11.180000"/>
	<vehicle id="car_266" type="car7" route="2" depart="340" departLane = "2" departSpeed="11.180000"/>
	<vehicle id="car_267" type="car8" route="7" depart="341" departLane = "1" departSpeed="11.180000"/>
	<vehicle id="car_268" type="car9" route="2" depart="344" departLane = "0" departSpeed="11.180000"/>
	<vehicle id="car_269" type="car5" route="4" depart="344" departLane = "2" departSpeed="11.180000"/>
	<vehicle id="car_270" type="car9" route="0" depart="346" departLane = "2" departSpeed="11.180000"/>
	<vehicle id="car_271" type="car7" route="3" depart="346" departLane = "2" departSpeed="11.180000"/>
	<vehicle id="car_272" type="car9" route="3" depart="347" departLane = "0" departSpeed="11.180000"/>
	<vehicle id="car_273" type="car5" route="2" depart="348" departLane = "2" departSpeed="11.180000"/>
	<vehicle id="car_274" type="car8" route="1" depart="348" departLane = "0" departSpeed="11.180000"/>
	<vehicle id="car_275" type="car8" route="5" depart="351" departLane = "1" departSpeed="11.180000"/>
	<vehicle id="car_276" type="car8" route="3" depart="351" departLane = "2" departSpeed="11.180000"/>
	<vehicle id="car_277" type="car6" route="2" depart="354" departLane = "2" departSpeed="11.180000"/>
	<vehicle id="car_278" type="car9" route="1" depart="354" departLane = "1" departSpeed="11.180000"/>
	<vehicle id="car_279" type="car5" route="3" depart="354" departLane = "1" departSpeed="11.180000"/>
	<vehicle id="car_280" type="car8" route="7" depart="356" departLane = "0" departSpeed="11.180000"/>
	<vehicle id="car_281" type="car7" route="2" depart="357" departLane = "0" departSpeed="11.180000"/>
	<vehicle id="car_282" type="car6" route="1" depart="358" departLane = "1" departSpeed="11.180000"/>
	<vehicle id="car_283" type="car8" route="5" depart="359" departLane = "2" departSpeed="11.180000"/>
	<vehicle id="car_284" type="car9" route="3" depart="361" departLane = "2" departSpeed="11.180000"/>
	<vehicle id="car_285" type="car6" route="7" depart="363" departLane = "2" departSpeed="11.180000"/>
	<vehicle id="car_286" type="car6" route="0" depart="366" departLane = "0" departSpeed="11.180000"/>
	<vehicle id="car_287" type="car5" route="2" depart="368" departLane = "2" departSpeed="11.180000"/>
	<vehicle id="car_288" type="car7" route="1" depart="368" departLane = "2" departSpeed="11.180000"/>
	<vehicle id="car_289" type="car8" route="2" depart="369" departLane = "0" departSpeed="11.180000"/>
	<vehicle id="car_290" type="car7" route="7" depart="369" departLane = "0" departSpeed="11.180000"/>
	<vehicle id="car_291" type="car7" route="1" depart="369" departLane = "0" departSpeed="11.180000"/>
	<vehicle id="car_292" type="car6" route="5" depart="371" departLane = "2" departSpeed="11.180000"/>
	<vehicle id="car_293" type="car9" route="7" depart="373" departLane = "2" departSpeed="11.180000"/>
	<vehicle id="car_294" type="car8" route="5" depart="376" departLane = "1" departSpeed="11.180000"/>
	<vehicle id="car_295" type="car9" route="5" depart="380" departLane = "0" departSpeed="11.180000"/>
	<vehicle id="car_296" type="car6" route="3" depart="380" departLane = "1" departSpeed="11.180000"/>
	<vehicle id="car_297" type="car5" route="3" depart="381" departLane = "2" departSpeed="11.180000"/>
	<vehicle id="car_298" type="car6" route="5" depart="382" departLane = "2" departSpeed="11.180000"/>
	<vehicle id="car_299" type="car8" route="5" depart="383" departLane = "1" departSpeed="11.180000"/>
	<vehicle id="car_300" type="car5" route="5" depart="384" departLane = "2" departSpeed="11.180000"/>
	<vehicle id="car_301" type="car7" route="5" depart="385" departLane = "2" departSpeed="11.180000"/>
	<vehicle id="car_302" type="car7" route="1" depart="385" departLane = "1" departSpeed="11.180000"/>
	<vehicle id="car_303" type="car7" route="7" depart="386" departLane = "0" departSpeed="11.180000"/>
	<vehicle id="car_304" type="car6" route="4" depart="387" departLane = "0" departSpeed="11.180000"/>
	<vehicle id="car_305" type="car9" route="5" depart="388" departLane = "2" departSpeed="11.180000"/>
	<vehicle id="car_306" type="car5" route="6" depart="389" departLane = "2" departSpeed="11.180000"/>
	<vehicle id="car_307" type="car9" route="2" depart="390" departLane = "2" departSpeed="11.180000"/>
	<vehicle id="car_308" type="car8" route="5" depart="390" departLane = "1" departSpeed="11.180000"/>
	<vehicle id="car_309" type="car5" route="6" depart="390" departLane = "1" departSpeed="11.180000"/>
	<vehicle id="car_310" type="car6" route="2" depart="394" departLane = "2" departSpeed="11.180000"/>
	<vehicle id="car_311" type="car7" route="1" depart="394" departLane = "2" departSpeed="11.180000"/>
	<vehicle id="car_312" type="car9" route="3" depart="394" departLane = "1" departSpeed="11.180000"/>
	<vehicle id="car_313" type="car9" route="4" depart="394" departLane = "1" departSpeed="11.180000"/>
	<vehicle id="car_314" type="car8" route="0" depart="395" departLane = "1" departSpeed="11.180000"/>
	<vehicle id="car_315" type="car8" route="5" depart="395" departLane = "2" departSpeed="11.180000"/>
	<vehicle id="car_316" type="car6" route="5" depart="396" departLane = "2" departSpeed="11.180000"/>
	<vehicle id="car_317" type="car5" route="3" depart="396" departLane = "0" departSpeed="11.180000"/>
	<vehicle id="car_318" type="car9" route="0" depart="398" departLane = "2" departSpeed="11.180000"/>
	<vehicle id="car_319" type="car5" route="2" depart="398" departLane = "0" departSpeed="11.180000"/>
	<vehicle id="car_320" type="car6" route="1" depart="399" departLane = "0" departSpeed="11.180000"/>
	<vehicle id="car_321" type="car9" route="0" depart="400" departLane = "1" departSpeed="11.180000"/>
	<vehicle id="car_322" type="car7" route="5" depart="403" departLane = "0" departSpeed="11.180000"/>
	<vehicle id="car_323" type="car6" route="7" depart="406" departLane = "1" departSpeed="11.180000"/>
	<vehicle id="car_324" type="car8" route="7" depart="407" departLane = "0" departSpeed="11.180000"/>
	<vehicle id="car_325" type="car6" route="4" depart="408" departLane = "1" departSpeed="11.180000"/>
	<vehicle id="car_326" type="car6" route="2" depart="413" departLane = "0" departSpeed="11.180000"/>
	<vehicle id="car_327" type="car9" route="1" depart="414" departLane = "2" departSpeed="11.180000"/>
	<vehicle id="car_328" type="car5" route="0" depart="415" departLane = "2" departSpeed="11.180000"/>
	<vehicle id="car_329" type="car5" route="7" depart="415" departLane = "2" departSpeed="11.180000"/>
	<vehicle id="car_330" type="car6" route="7" depart="417" departLane = "1" departSpeed="11.180000"/>
	<vehicle id="car_331" type="car9" route="3" depart="419" departLane = "1" departSpeed="11.180000"/>
	<vehicle id="car_332" type="car6" route="5" depart="420" departLane = "1" departSpeed="11.180000"/>
	<vehicle id="car_333" type="car5" route="0" depart="421" departLane = "2" departSpeed="11.180000"/>
	<vehicle id="car_334" type="car8" route="4" depart="427" departLane = "1" departSpeed="11.180000"/>
	<vehicle id="car_335" type="car7" route="1" depart="429" departLane = "0" departSpeed="11.180000"/>
	<vehicle id="car_336" type="car6" route="1" depart="430" departLane = "2" departSpeed="11.180000"/>
	<vehicle id="car_337" type="car6" route="6" depart="433" departLane = "1" departSpeed="11.180000"/>
	<vehicle id="car_338" type="car8" route="5" depart="435" departLane = "2" departSpeed="11.180000"/>
	<vehicle id="car_339" type="car6" route="3" depart="436" departLane = "2" departSpeed="11.180000"/>
	<vehicle id="car_340" type="car8" route="5" depart="443" departLane = "1" departSpeed="11.180000"/>
	<vehicle id="car_341" type="car7" route="3" depart="444" departLane = "1" departSpeed="11.180000"/>
	<vehicle id="car_342" type="car6" route="1" depart="445" departLane = "1" departSpeed="11.180000"/>
	<vehicle id="car_343" type="car5" route="2" depart="446" departLane = "2" departSpeed="11.180000"/>
	<vehicle id="car_344" type="car5" route="6" depart="447" departLane = "0" departSpeed="11.180000"/>
	<vehicle id="car_345" type="car8" route="2" depart="449" departLane = "2" departSpeed="11.180000"/>
	<vehicle id="car_346" type="car7" route="7" depart="449" departLane = "1" departSpeed="11.180000"/>
	<vehicle id="car_347" type="car7" route="6" depart="450" departLane = "2" departSpeed="11.180000"/>
	<vehicle id="car_348" type="car9" route="5" depart="451" departLane = "0" departSpeed="11.180000"/>
	<vehicle id="car_349" type="car7" route="2" depart="452" departLane = "2" departSpeed="11.180000"/>
	<vehicle id="car_350" type="car9" route="1" depart="453" departLane = "2" departSpeed="11.180000"/>
	<vehicle id="car_351" type="car9" route="0" depart="454" departLane = "1" departSpeed="11.180000"/>
	<vehicle id="car_352" type="car6" route="7" depart="456" departLane = "0" departSpeed="11.180000"/>
	<vehicle id="car_353" type="car5" route="0" depart="457" departLane = "1" departSpeed="11.180000"/>
	<vehicle id="car_354" type="car8" route="5" depart="457" departLane = "0" departSpeed="11.180000"/>
	<vehicle id="car_355" type="car6" route="6" depart="458" departLane = "1" departSpeed="11.180000"/>
	<vehicle id="car_356" type="car6" route="1" depart="459" departLane = "1" departSpeed="11.180000"/>
	<vehicle id="car_357" type="car6" route="3" depart="462" departLane = "1" departSpeed="11.180000"/>
	<vehicle id="car_358" type="car5" route="3" depart="464" departLane = "1" departSpeed="11.180000"/>
	<vehicle id="car_359" type="car8" route="4" depart="464" departLane = "2" departSpeed="11.180000"/>
	<vehicle id="car_360" type="car7" route="2" depart="465" departLane = "2" departSpeed="11.180000"/>
	<vehicle id="car_361" type="car8" route="1" depart="465" departLane = "2" departSpeed="11.180000"/>
	<vehicle id="car_362" type="car8" route="4" depart="465" departLane = "2" departSpeed="11.180000"/>
	<vehicle id="car_363" type="car5" route="7" depart="466" departLane = "2" departSpeed="11.180000"/>
	<vehicle id="car_364" type="car9" route="0" depart="467" departLane = "0" departSpeed="11.180000"/>
	<vehicle id="car_365" type="car8" route="2" depart="468" departLane = "1" departSpeed="11.180000"/>
	<vehicle id="car_366" type="car9" route="3" depart="469" departLane = "2" departSpeed="11.180000"/>
	<vehicle id="car_367" type="car9" route="4" depart="469" departLane = "0" departSpeed="11.180000"/>
	<vehicle id="car_368" type="car8" route="0" depart="470" departLane = "0" departSpeed="11.180000"/>
	<vehicle id="car_369" type="car5" route="7" depart="470" departLane = "2" departSpeed="11.180000"/>
	<vehicle id="car_370" type="car7" route="0" depart="473" departLane = "1" departSpeed="11.180000"/>
	<vehicle id="car_371" type="car5" route="5" depart="475" departLane = "2" departSpeed="11.180000"/>
	<vehicle id="car_372" type="car6" route="7" depart="475" departLane = "1" departSpeed="11.180000"/>
	<vehicle id="car_373" type="car7" route="6" depart="476" departLane = "2" departSpeed="11.180000"/>
	<vehicle id="car_374" type="car8" route="2" depart="479" departLane = "0" departSpeed="11.180000"/>
	<vehicle id="car_375" type="car9" route="7" depart="480" departLane = "1" departSpeed="11.180000"/>
	<vehicle id="car_376" type="car6" route="7" depart="483" departLane = "2" departSpeed="11.180000"/>
	<vehicle id="car_377" type="car9" route="1" depart="483" departLane = "2" departSpeed="11.180000"/>
	<vehicle id="car_378" type="car5" route="5" depart="484" departLane = "2" departSpeed="11.180000"/>
	<vehicle id="car_379" type="car5" route="7" depart="484" departLane = "0" departSpeed="11.180000"/>
	<vehicle id="car_380" type="car8" route="0" depart="488" departLane = "2" departSpeed="11.180000"/>
	<vehicle id="car_381" type="car7" route="2" depart="489" departLane = "0" departSpeed="11.180000"/>
	<vehicle id="car_382" type="car5" route="5" depart="490" departLane = "2" departSpeed="11.180000"/>
	<vehicle id="car_383" type="car6" route="6" depart="490" departLane = "1" departSpeed="11.180000"/>
	<vehicle id="car_384" type="car8" route="0" depart="491" departLane = "0" departSpeed="11.180000"/>
	<vehicle id="car_385" type="car8" route="2" depart="494" departLane = "0" departSpeed="11.180000"/>
	<vehicle id="car_386" type="car5" route="5" depart="495" departLane = "0" departSpeed="11.180000"/>
	<vehicle id="car_387" type="car7" route="1" depart="496" departLane = "1" departSpeed="11.180000"/>
	<vehicle id="car_388" type="car7" route="3" depart="496" departLane = "2" departSpeed="11.180000"/>
	<vehicle id="car_389" type="car7" route="2" depart="497" departLane = "2" departSpeed="11.180000"/>
	<vehicle id="car_390" type="car9" route="5" depart="498" departLane = "0" departSpeed="11.180000"/>
	<vehicle id="car_391" type="car7" route="6" depart="498" departLane = "1" departSpeed="11.180000"/>
	<vehicle id="car_392" type="car8" route="0" depart="499" departLane = "1" departSpeed="11.180000"/>
	<vehicle id="car_393" type="car8" route="3" depart="499" departLane = "2" departSpeed="11.180000"/>
	<vehicle id="car_394" type="car6" route="3" depart="500" departLane = "0" departSpeed="11.180000"/>
	<vehicle id="car_395" type="car9" route="1" depart="501" departLane = "1" departSpeed="11.180000"/>
	<vehicle id="car_396" type="car5" route="3" depart="501" departLane = "1" departSpeed="11.180000"/>
	<vehicle id="car_397" type="car8" route="1" depart="502" departLane = "2" departSpeed="11.180000"/>
	<vehicle id="car_398" type="car6" route="5" depart="503" departLane = "2" departSpeed="11.180000"/>
	<vehicle id="car_399" type="car7" route="1" depart="505" departLane = "1" departSpeed="11.180000"/>
	<vehicle id="car_400" type="car7" route="4" depart="505" departLane = "2" departSpeed="11.180000"/>
	<vehicle id="car_401" type="car7" route="6" depart="505" departLane = "1" departSpeed="11.180000"/>
	<vehicle id="car_402" type="car7" route="7" depart="506" departLane = "0" departSpeed="11.180000"/>
	<vehicle id="car_403" type="car5" route="4" depart="506" departLane = "0" departSpeed="11.180000"/>
	<vehicle id="car_404" type="car7" route="3" depart="507" departLane = "1" departSpeed="11.180000"/>
	<vehicle id="car_405" type="car5" route="1" depart="508" departLane = "1" departSpeed="11.180000"/>
	<vehicle id="car_406" type="car8" route="3" depart="508" departLane = "2" departSpeed="11.180000"/>
	<vehicle id="car_407" type="car6" route="0" depart="509" departLane = "2" departSpeed="11.180000"/>
	<vehicle id="car_408" type="car5" route="7" depart="509" departLane = "1" departSpeed="11.180000"/>
	<vehicle id="car_409" type="car7" route="3" depart="510" departLane = "1" departSpeed="11.180000"/>
	<vehicle id="car_410" type="car5" route="7" depart="513" departLane = "0" departSpeed="11.180000"/>
	<vehicle id="car_411" type="car5" route="3" depart="513" departLane = "0" departSpeed="11.180000"/>
	<vehicle id="car_412" type="car8" route="0" depart="514" departLane = "1" departSpeed="11.180000"/>
	<vehicle id="car_413" type="car8" route="3" depart="517" departLane = "2" departSpeed="11.180000"/>
	<vehicle id="car_414" type="car8" route="1" depart="520" departLane = "0" departSpeed="11.180000"/>
	<vehicle id="car_415" type="car8" route="3" depart="521" departLane = "1" departSpeed="11.180000"/>
	<vehicle id="car_416" type="car8" route="0" depart="522" departLane = "2" departSpeed="11.180000"/>
	<vehicle id="car_417" type="car7" route="3" depart="523" departLane = "2" departSpeed="11.180000"/>
	<vehicle id="car_418" type="car8" route="7" depart="525" departLane = "1" departSpeed="11.180000"/>
	<vehicle id="car_419" type="car6" route="7" depart="526" departLane = "0" departSpeed="11.180000"/>
	<vehicle id="car_420" type="car9" route="5" depart="529" departLane = "2" departSpeed="11.180000"/>
	<vehicle id="car_421" type="car8" route="3" depart="530" departLane = "0" departSpeed="11.180000"/>
	<vehicle id="car_422" type="car9" route="0" depart="535" departLane = "1" departSpeed="11.180000"/>
	<vehicle id="car_423" type="car9" route="6" depart="537" departLane = "0" departSpeed="11.180000"/>
	<vehicle id="car_424" type="car6" route="0" depart="539" departLane = "1" departSpeed="11.180000"/>
	<vehicle id="car_425" type="car5" route="5" depart="545" departLane = "1" departSpeed="11.180000"/>
	<vehicle id="car_426" type="car6" route="2" depart="546" departLane = "0" departSpeed="11.180000"/>
	<vehicle id="car_427" type="car5" route="7" depart="549" departLane = "0" departSpeed="11.180000"/>
	<vehicle id="car_428" type="car8" route="1" depart="549" departLane = "1" departSpeed="11.180000"/>
	<vehicle id="car_429" type="car9" route="6" depart="550" departLane = "2" departSpeed="11.180000"/>
	<vehicle id="car_430" type="car7" route="1" depart="551" departLane = "2" departSpeed="11.180000"/>
	<vehicle id="car_431" type="car9" route="3" depart="552" departLane = "0" departSpeed="11.180000"/>
	<vehicle id="car_432" type="car8" route="5" depart="554" departLane = "0" departSpeed="11.180000"/>
	<vehicle id="car_433" type="car7" route="0" depart="556" departLane = "0" departSpeed="11.180000"/>
	<vehicle id="car_434" type="car9" route="5" depart="556" departLane = "1" departSpeed="11.180000"/>
	<vehicle id="car_435" type="car9" route="1" depart="556" departLane = "0" departSpeed="11.180000"/>
	<vehicle id="car_436" type="car7" route="4" depart="556" departLane = "2" departSpeed="11.180000"/>
	<vehicle id="car_437" type="car5" route="2" depart="562" departLane = "0" departSpeed="11.180000"/>
	<vehicle id="car_438" type="car9" route="0" depart="564" departLane = "0" departSpeed="11.180000"/>
	<vehicle id="car_439" type="car7" route="0" depart="566" departLane = "2" departSpeed="11.180000"/>
	<vehicle id="car_440" type="car9" route="0" depart="567" departLane = "2" departSpeed="11.180000"/>
	<vehicle id="car_441" type="car8" route="7" depart="567" departLane = "1" departSpeed="11.180000"/>
	<vehicle id="car_442" type="car9" route="5" depart="568" departLane = "0" departSpeed="11.180000"/>
	<vehicle id="car_443" type="car8" route="0" depart="570" departLane = "1" departSpeed="11.180000"/>
	<vehicle id="car_444" type="car6" route="5" depart="570" departLane = "2" departSpeed="11.180000"/>
	<vehicle id="car_445" type="car6" route="7" depart="571" departLane = "2" departSpeed="11.180000"/>
	<vehicle id="car_446" type="car7" route="6" depart="571" departLane = "0" departSpeed="11.180000"/>
	<vehicle id="car_447" type="car7" route="0" depart="572" departLane = "0" departSpeed="11.180000"/>
	<vehicle id="car_448" type="car5" route="4" depart="572" departLane = "1" departSpeed="11.180000"/>
	<vehicle id="car_449" type="car7" route="7" depart="573" departLane = "1" departSpeed="11.180000"/>
	<vehicle id="car_450" type="car9" route="3" depart="573" departLane = "1" departSpeed="11.180000"/>
	<vehicle id="car_451" type="car5" route="2" depart="574" departLane = "2" departSpeed="11.180000"/>
	<vehicle id="car_452" type="car7" route="2" depart="575" departLane = "1" departSpeed="11.180000"/>
	<vehicle id="car_453" type="car8" route="1" depart="577" departLane = "2" departSpeed="11.180000"/>
	<vehicle id="car_454" type="car9" route="3" depart="578" departLane = "2" departSpeed="11.180000"/>
	<vehicle id="car_455" type="car6" route="3" depart="582" departLane = "1" departSpeed="11.180000"/>
	<vehicle id="car_456" type="car5" route="0" depart="584" departLane = "0" departSpeed="11.180000"/>
	<vehicle id="car_457" type="car6" route="2" depart="585" departLane = "2" departSpeed="11.180000"/>
	<vehicle id="car_458" type="car5" route="0" depart="588" departLane = "1" departSpeed="11.180000"/>
	<vehicle id="car_459" type="car5" route="0" depart="590" departLane = "0" departSpeed="11.180000"/>
	<vehicle id="car_460" type="car6" route="0" depart="592" departLane = "2" departSpeed="11.180000"/>
	<vehicle id="car_461" type="car9" route="2" depart="593" departLane = "2" departSpeed="11.180000"/>
	<vehicle id="car_462" type="car7" route="1" depart="594" departLane = "1" departSpeed="11.180000"/>
	<vehicle id="car_463" type="car9" route="1" depart="595" departLane = "1" departSpeed="11.180000"/>
	<vehicle id="car_464" type="car5" route="2" depart="597" departLane = "2" departSpeed="11.180000"/>
	<vehicle id="car_465" type="car8" route="4" depart="598" departLane = "0" departSpeed="11.180000"/>
	<vehicle id="car_466" type="car6" route="5" depart="599" departLane = "2" departSpeed="11.180000"/>
	<vehicle id="car_467" type="car7" route="7" depart="599" departLane = "0" departSpeed="11.180000"/>
</routes>
