{"car_468": [5, 2], "car_469": [7, 5], "car_466": [6, 1], "car_467": [2, 5], "car_464": [4, 0], "car_465": [3, 2], "car_462": [6, 3], "car_463": [1, 7], "car_460": [3, 5], "car_461": [4, 0], "car_817": [5, 1], "car_816": [2, 0], "car_815": [0, 1], "car_814": [6, 2], "car_813": [3, 4], "car_812": [7, 4], "car_811": [2, 4], "car_810": [6, 4], "car_679": [5, 7], "car_678": [6, 1], "car_677": [4, 3], "car_676": [2, 1], "car_675": [7, 2], "car_674": [5, 6], "car_673": [3, 7], "car_672": [3, 5], "car_671": [5, 0], "car_670": [2, 3], "car_789": [5, 1], "car_788": [2, 4], "car_783": [3, 5], "car_782": [0, 6], "car_781": [4, 2], "car_780": [5, 6], "car_787": [1, 7], "car_786": [4, 0], "car_785": [2, 0], "car_784": [0, 7], "car_0": [2, 4], "car_1179": [1, 7], "car_255": [1, 7], "car_254": [5, 7], "car_257": [2, 3], "car_256": [6, 7], "car_251": [1, 3], "car_250": [7, 2], "car_253": [2, 0], "car_252": [3, 5], "car_259": [4, 0], "car_258": [5, 7], "car_1170": [6, 3], "car_1171": [2, 5], "car_1363": [3, 6], "car_1362": [0, 7], "car_1361": [4, 7], "car_1360": [5, 0], "car_1367": [5, 1], "car_1366": [0, 6], "car_1365": [3, 1], "car_1364": [5, 3], "car_1369": [1, 3], "car_1368": [4, 2], "car_321": [0, 1], "car_320": [5, 2], "car_323": [0, 3], "car_322": [5, 0], "car_325": [5, 2], "car_324": [5, 1], "car_327": [5, 3], "car_326": [6, 7], "car_329": [3, 0], "car_328": [1, 3], "car_1107": [3, 5], "car_1106": [5, 4], "car_1105": [2, 0], "car_1104": [4, 0], "car_1103": [3, 1], "car_1102": [1, 4], "car_1101": [2, 6], "car_1100": [4, 5], "car_1109": [6, 4], "car_1108": [4, 7], "car_1297": [4, 7], "car_1296": [1, 4], "car_1295": [5, 4], "car_1294": [2, 6], "car_1293": [7, 5], "car_1292": [2, 1], "car_1291": [0, 3], "car_1290": [6, 4], "car_1299": [3, 1], "car_1298": [2, 5], "car_1039": [4, 2], "car_1038": [5, 4], "car_1033": [7, 5], "car_1032": [0, 4], "car_1031": [7, 5], "car_1030": [5, 0], "car_1037": [2, 4], "car_1036": [0, 4], "car_1035": [3, 4], "car_1034": [1, 0], "car_899": [3, 2], "car_898": [7, 4], "car_897": [5, 3], "car_896": [6, 3], "car_895": [1, 7], "car_894": [4, 7], "car_893": [0, 5], "car_892": [2, 6], "car_891": [5, 6], "car_890": [0, 3], "car_419": [6, 5], "car_418": [3, 5], "car_413": [6, 1], "car_412": [4, 5], "car_411": [0, 6], "car_410": [4, 2], "car_417": [1, 6], "car_416": [5, 4], "car_415": [2, 5], "car_414": [0, 5], "car_527": [6, 4], "car_526": [4, 6], "car_525": [5, 4], "car_524": [2, 0], "car_523": [0, 2], "car_522": [4, 1], "car_521": [1, 5], "car_520": [1, 7], "car_529": [5, 6], "car_528": [2, 7], "car_668": [3, 0], "car_669": [6, 4], "car_664": [1, 4], "car_665": [6, 4], "car_666": [2, 3], "car_667": [5, 3], "car_660": [0, 7], "car_661": [2, 5], "car_662": [5, 7], "car_663": [5, 7], "car_798": [1, 2], "car_799": [3, 6], "car_790": [3, 7], "car_791": [0, 4], "car_792": [5, 1], "car_793": [7, 5], "car_794": [1, 5], "car_795": [6, 7], "car_796": [0, 4], "car_797": [2, 6], "car_242": [4, 0], "car_243": [6, 4], "car_240": [6, 2], "car_241": [1, 4], "car_246": [6, 2], "car_247": [0, 2], "car_244": [0, 6], "car_245": [1, 3], "car_248": [3, 4], "car_249": [4, 1], "car_1356": [1, 4], "car_1357": [7, 6], "car_1354": [6, 4], "car_1355": [7, 0], "car_1352": [7, 6], "car_1353": [4, 7], "car_1350": [5, 4], "car_1351": [4, 5], "car_1358": [0, 6], "car_1359": [2, 1], "car_338": [5, 0], "car_339": [7, 5], "car_336": [5, 7], "car_337": [3, 4], "car_334": [1, 6], "car_335": [4, 0], "car_332": [5, 3], "car_333": [7, 3], "car_330": [7, 1], "car_331": [1, 7], "car_1138": [0, 3], "car_1139": [3, 7], "car_1132": [6, 5], "car_1133": [5, 6], "car_1130": [3, 5], "car_1131": [6, 4], "car_1136": [7, 6], "car_1137": [1, 6], "car_1134": [3, 4], "car_1135": [7, 5], "car_1008": [4, 3], "car_1009": [0, 3], "car_1006": [1, 0], "car_1007": [5, 2], "car_1004": [6, 1], "car_1005": [7, 0], "car_1002": [1, 0], "car_1003": [3, 2], "car_1000": [7, 3], "car_1001": [7, 3], "car_36": [4, 3], "car_37": [0, 4], "car_34": [5, 7], "car_35": [1, 6], "car_888": [7, 5], "car_889": [3, 0], "car_30": [4, 3], "car_31": [2, 3], "car_884": [7, 2], "car_885": [1, 2], "car_886": [4, 5], "car_887": [0, 5], "car_880": [5, 3], "car_881": [1, 3], "car_882": [3, 1], "car_883": [0, 5], "car_408": [5, 0], "car_409": [7, 1], "car_400": [4, 6], "car_401": [6, 5], "car_402": [0, 4], "car_403": [1, 3], "car_404": [3, 4], "car_405": [5, 3], "car_406": [1, 3], "car_407": [2, 3], "car_534": [2, 4], "car_535": [3, 5], "car_536": [4, 2], "car_537": [5, 3], "car_530": [7, 1], "car_531": [1, 6], "car_532": [3, 4], "car_533": [4, 5], "car_538": [3, 1], "car_539": [5, 2], "car_659": [4, 2], "car_658": [3, 0], "car_651": [7, 4], "car_650": [4, 1], "car_653": [4, 1], "car_652": [1, 2], "car_655": [6, 7], "car_654": [7, 4], "car_657": [7, 6], "car_656": [5, 6], "car_1349": [7, 2], "car_1348": [5, 4], "car_1341": [2, 4], "car_1340": [4, 0], "car_1343": [4, 1], "car_1342": [4, 0], "car_1345": [7, 5], "car_1344": [2, 4], "car_1347": [0, 3], "car_1346": [6, 4], "car_349": [0, 5], "car_348": [7, 4], "car_343": [4, 2], "car_342": [1, 7], "car_341": [5, 4], "car_340": [0, 3], "car_347": [5, 2], "car_346": [3, 2], "car_345": [0, 3], "car_344": [6, 1], "car_1129": [1, 2], "car_1128": [4, 7], "car_1125": [3, 0], "car_1124": [7, 0], "car_1127": [2, 3], "car_1126": [0, 2], "car_1121": [2, 1], "car_1120": [0, 6], "car_1123": [5, 4], "car_1122": [0, 1], "car_1402": [4, 1], "car_1403": [0, 4], "car_1400": [0, 3], "car_1401": [0, 3], "car_1404": [2, 4], "car_1405": [7, 0], "car_1011": [3, 2], "car_1010": [5, 2], "car_1013": [0, 3], "car_1012": [1, 5], "car_1015": [7, 1], "car_1014": [2, 5], "car_1017": [4, 5], "car_1016": [3, 1], "car_1019": [5, 6], "car_1018": [2, 1], "car_25": [1, 7], "car_24": [7, 6], "car_27": [2, 6], "car_26": [0, 3], "car_21": [4, 1], "car_20": [4, 7], "car_23": [5, 7], "car_22": [0, 4], "car_29": [3, 5], "car_28": [1, 3], "car_435": [5, 7], "car_434": [2, 3], "car_437": [2, 4], "car_436": [3, 4], "car_431": [6, 5], "car_430": [7, 0], "car_433": [5, 2], "car_432": [0, 7], "car_439": [0, 3], "car_438": [5, 3], "car_501": [3, 4], "car_500": [4, 0], "car_503": [3, 4], "car_502": [6, 0], "car_505": [4, 3], "car_504": [1, 7], "car_507": [7, 3], "car_506": [2, 7], "car_509": [6, 7], "car_508": [3, 5], "car_646": [3, 0], "car_647": [6, 2], "car_644": [2, 5], "car_645": [5, 1], "car_642": [4, 7], "car_643": [6, 7], "car_640": [1, 0], "car_641": [3, 2], "car_648": [0, 4], "car_649": [7, 4], "car_1338": [5, 4], "car_1339": [7, 4], "car_1334": [4, 5], "car_1335": [7, 0], "car_1336": [1, 4], "car_1337": [2, 5], "car_1330": [4, 0], "car_1331": [2, 3], "car_1332": [7, 6], "car_1333": [1, 3], "car_358": [0, 4], "car_359": [2, 3], "car_350": [1, 0], "car_351": [3, 5], "car_352": [0, 3], "car_353": [5, 0], "car_354": [1, 3], "car_355": [6, 7], "car_356": [0, 1], "car_357": [5, 2], "car_1240": [7, 2], "car_1241": [1, 5], "car_1242": [6, 3], "car_1243": [0, 7], "car_1244": [2, 6], "car_1245": [1, 7], "car_1246": [0, 7], "car_1247": [2, 5], "car_1248": [4, 2], "car_1249": [3, 2], "car_1064": [5, 4], "car_1065": [3, 2], "car_1066": [6, 0], "car_1067": [0, 3], "car_1060": [6, 7], "car_1061": [2, 0], "car_1062": [7, 3], "car_1063": [0, 7], "car_1068": [6, 5], "car_1069": [0, 3], "car_10": [0, 1], "car_11": [5, 1], "car_12": [1, 6], "car_13": [3, 6], "car_14": [4, 1], "car_15": [7, 4], "car_16": [6, 4], "car_17": [3, 0], "car_18": [2, 1], "car_19": [1, 5], "car_422": [2, 1], "car_423": [0, 4], "car_420": [5, 4], "car_421": [6, 7], "car_426": [0, 4], "car_427": [6, 4], "car_424": [2, 5], "car_425": [1, 3], "car_428": [0, 4], "car_429": [5, 6], "car_518": [4, 7], "car_519": [5, 7], "car_516": [1, 2], "car_517": [3, 4], "car_514": [0, 5], "car_515": [2, 1], "car_512": [1, 6], "car_513": [6, 5], "car_510": [5, 3], "car_511": [7, 6], "car_633": [2, 3], "car_632": [0, 7], "car_631": [3, 2], "car_630": [1, 5], "car_637": [5, 1], "car_636": [4, 7], "car_635": [1, 0], "car_634": [5, 0], "car_639": [7, 2], "car_638": [1, 4], "car_189": [2, 4], "car_188": [6, 2], "car_185": [3, 5], "car_184": [1, 4], "car_187": [2, 6], "car_186": [0, 5], "car_181": [3, 1], "car_180": [0, 3], "car_183": [7, 0], "car_182": [4, 7], "car_749": [1, 4], "car_748": [7, 3], "car_747": [5, 0], "car_746": [2, 1], "car_745": [6, 1], "car_744": [5, 1], "car_743": [0, 2], "car_742": [5, 2], "car_741": [6, 0], "car_740": [3, 2], "car_299": [2, 5], "car_298": [0, 2], "car_291": [1, 7], "car_290": [0, 3], "car_293": [6, 5], "car_292": [4, 1], "car_295": [7, 3], "car_294": [5, 1], "car_297": [4, 5], "car_296": [1, 3], "car_1329": [3, 1], "car_1328": [1, 6], "car_1327": [5, 0], "car_1326": [2, 6], "car_1325": [0, 5], "car_1324": [4, 6], "car_1323": [1, 3], "car_1322": [5, 7], "car_1321": [0, 1], "car_1320": [6, 1], "car_365": [1, 4], "car_364": [5, 0], "car_367": [0, 5], "car_366": [3, 7], "car_361": [7, 5], "car_360": [4, 3], "car_363": [3, 0], "car_362": [1, 4], "car_369": [3, 0], "car_368": [5, 0], "car_167": [0, 6], "car_166": [6, 5], "car_165": [4, 6], "car_164": [3, 5], "car_163": [1, 4], "car_162": [6, 7], "car_161": [4, 1], "car_160": [1, 3], "car_169": [3, 5], "car_168": [2, 7], "car_1253": [1, 2], "car_1252": [5, 2], "car_1251": [6, 1], "car_1250": [4, 0], "car_1257": [3, 7], "car_1256": [7, 6], "car_1255": [2, 0], "car_1254": [0, 1], "car_1259": [0, 6], "car_1258": [6, 5], "car_1077": [3, 0], "car_1076": [7, 5], "car_1075": [2, 1], "car_1074": [3, 2], "car_1073": [7, 3], "car_1072": [3, 0], "car_1071": [5, 4], "car_1070": [2, 4], "car_1079": [3, 1], "car_1078": [0, 6], "car_985": [1, 3], "car_984": [6, 5], "car_987": [5, 2], "car_986": [3, 5], "car_981": [1, 2], "car_980": [5, 7], "car_983": [1, 3], "car_982": [6, 4], "car_989": [5, 7], "car_988": [7, 5], "car_569": [3, 7], "car_568": [7, 3], "car_563": [7, 3], "car_562": [0, 5], "car_561": [6, 4], "car_560": [1, 3], "car_567": [2, 3], "car_566": [4, 3], "car_565": [0, 7], "car_564": [3, 0], "car_620": [4, 1], "car_621": [3, 7], "car_622": [7, 3], "car_623": [1, 7], "car_624": [6, 0], "car_625": [2, 0], "car_626": [1, 6], "car_627": [6, 5], "car_628": [7, 1], "car_629": [7, 6], "car_198": [1, 4], "car_199": [6, 4], "car_192": [5, 6], "car_193": [5, 1], "car_190": [4, 7], "car_191": [0, 6], "car_196": [4, 6], "car_197": [3, 4], "car_194": [3, 7], "car_195": [5, 2], "car_758": [6, 4], "car_759": [2, 0], "car_754": [5, 6], "car_755": [4, 3], "car_756": [1, 5], "car_757": [3, 4], "car_750": [3, 0], "car_751": [7, 4], "car_752": [1, 6], "car_753": [3, 1], "car_286": [3, 0], "car_287": [5, 6], "car_284": [7, 2], "car_285": [1, 6], "car_282": [4, 0], "car_283": [0, 1], "car_280": [1, 6], "car_281": [6, 2], "car_288": [1, 6], "car_289": [6, 5], "car_1312": [6, 7], "car_1313": [5, 6], "car_1310": [7, 1], "car_1311": [1, 5], "car_1316": [7, 1], "car_1317": [1, 3], "car_1314": [7, 0], "car_1315": [1, 5], "car_1318": [2, 6], "car_1319": [3, 6], "car_372": [5, 0], "car_373": [7, 6], "car_370": [5, 6], "car_371": [3, 5], "car_376": [3, 0], "car_377": [2, 0], "car_374": [6, 4], "car_375": [7, 0], "car_378": [3, 6], "car_379": [0, 2], "car_174": [7, 6], "car_175": [0, 5], "car_176": [5, 1], "car_177": [7, 3], "car_170": [7, 5], "car_171": [0, 7], "car_172": [3, 0], "car_173": [6, 5], "car_178": [3, 2], "car_179": [6, 3], "car_1266": [3, 1], "car_1267": [0, 2], "car_1264": [1, 4], "car_1265": [0, 1], "car_1262": [7, 0], "car_1263": [4, 0], "car_1260": [4, 0], "car_1261": [5, 0], "car_1268": [7, 1], "car_1269": [5, 4], "car_1048": [6, 5], "car_1049": [3, 4], "car_1042": [7, 4], "car_1043": [3, 2], "car_1040": [6, 1], "car_1041": [5, 0], "car_1046": [5, 2], "car_1047": [4, 0], "car_1044": [4, 5], "car_1045": [6, 7], "car_78": [0, 1], "car_79": [7, 5], "car_72": [3, 4], "car_73": [0, 7], "car_70": [7, 6], "car_71": [1, 3], "car_76": [4, 2], "car_77": [7, 4], "car_74": [5, 7], "car_75": [1, 3], "car_992": [4, 3], "car_993": [0, 1], "car_990": [1, 5], "car_991": [3, 4], "car_996": [2, 4], "car_997": [7, 6], "car_994": [2, 6], "car_995": [5, 6], "car_998": [4, 1], "car_999": [2, 1], "car_578": [3, 1], "car_579": [6, 2], "car_553": [1, 0], "car_570": [4, 2], "car_571": [7, 0], "car_572": [4, 2], "car_573": [2, 7], "car_574": [5, 3], "car_806": [3, 4], "car_576": [3, 1], "car_577": [6, 5], "car_807": [7, 5], "car_800": [4, 1], "car_801": [3, 0], "car_802": [0, 4], "car_803": [7, 6], "car_619": [5, 3], "car_618": [2, 6], "car_615": [0, 6], "car_614": [4, 0], "car_617": [6, 3], "car_616": [7, 5], "car_611": [1, 4], "car_610": [2, 7], "car_613": [3, 5], "car_612": [0, 5], "car_769": [5, 1], "car_768": [4, 5], "car_761": [7, 6], "car_760": [6, 7], "car_763": [0, 2], "car_762": [1, 3], "car_765": [5, 0], "car_764": [7, 2], "car_767": [1, 6], "car_766": [7, 4], "car_575": [5, 1], "car_1305": [4, 0], "car_1304": [0, 7], "car_1307": [5, 4], "car_1306": [0, 5], "car_1301": [5, 0], "car_1300": [0, 7], "car_1303": [7, 5], "car_1302": [0, 2], "car_1309": [0, 3], "car_1308": [7, 3], "car_389": [6, 1], "car_388": [1, 0], "car_387": [7, 2], "car_386": [6, 5], "car_385": [0, 1], "car_384": [4, 5], "car_383": [3, 2], "car_382": [7, 6], "car_381": [6, 5], "car_380": [4, 0], "car_141": [7, 0], "car_140": [2, 1], "car_143": [6, 1], "car_142": [1, 0], "car_145": [1, 7], "car_144": [7, 0], "car_147": [1, 2], "car_146": [0, 6], "car_149": [5, 1], "car_148": [6, 5], "car_1279": [7, 2], "car_1278": [2, 1], "car_1271": [5, 0], "car_1270": [4, 3], "car_1273": [1, 2], "car_1272": [7, 3], "car_1275": [6, 7], "car_1274": [3, 7], "car_1277": [4, 7], "car_1276": [1, 5], "car_1059": [4, 5], "car_1058": [6, 3], "car_1055": [5, 1], "car_1054": [2, 3], "car_1057": [4, 3], "car_1056": [1, 0], "car_1051": [3, 4], "car_1050": [6, 0], "car_1053": [6, 7], "car_1052": [4, 5], "car_69": [6, 1], "car_68": [4, 0], "car_61": [1, 5], "car_60": [5, 3], "car_63": [5, 3], "car_62": [0, 1], "car_65": [0, 7], "car_64": [1, 3], "car_67": [1, 6], "car_66": [2, 1], "car_969": [3, 7], "car_968": [5, 4], "car_967": [7, 4], "car_966": [2, 0], "car_965": [6, 5], "car_964": [3, 0], "car_963": [5, 6], "car_962": [3, 2], "car_961": [7, 6], "car_960": [0, 5], "car_545": [4, 0], "car_544": [3, 6], "car_547": [2, 1], "car_546": [6, 2], "car_541": [4, 0], "car_540": [3, 2], "car_543": [2, 3], "car_542": [6, 5], "car_549": [6, 1], "car_548": [3, 1], "car_819": [3, 0], "car_818": [1, 2], "car_33": [2, 6], "car_608": [1, 7], "car_609": [0, 2], "car_602": [5, 2], "car_603": [7, 0], "car_600": [1, 2], "car_601": [6, 1], "car_606": [0, 7], "car_607": [7, 6], "car_604": [3, 0], "car_605": [4, 0], "car_776": [2, 0], "car_777": [4, 1], "car_774": [5, 0], "car_775": [0, 6], "car_772": [4, 1], "car_773": [4, 1], "car_770": [0, 3], "car_771": [7, 5], "car_778": [6, 1], "car_779": [2, 4], "car_398": [6, 4], "car_399": [2, 1], "car_394": [3, 5], "car_395": [4, 6], "car_396": [1, 4], "car_397": [4, 5], "car_390": [6, 4], "car_391": [0, 7], "car_392": [5, 1], "car_393": [1, 5], "car_158": [0, 4], "car_159": [2, 5], "car_156": [4, 5], "car_157": [6, 0], "car_154": [0, 6], "car_155": [2, 4], "car_152": [5, 7], "car_153": [6, 3], "car_150": [2, 6], "car_151": [2, 5], "car_1208": [3, 1], "car_1209": [0, 1], "car_1204": [4, 5], "car_1205": [0, 3], "car_1206": [0, 4], "car_1207": [7, 3], "car_1200": [0, 6], "car_1201": [2, 6], "car_1202": [1, 6], "car_1203": [2, 0], "car_1198": [4, 3], "car_1199": [6, 3], "car_1194": [1, 6], "car_1195": [4, 0], "car_1196": [6, 3], "car_1197": [0, 7], "car_1190": [0, 5], "car_1191": [7, 5], "car_1192": [1, 3], "car_1193": [3, 2], "car_978": [4, 1], "car_979": [6, 0], "car_974": [2, 1], "car_975": [2, 7], "car_976": [1, 3], "car_977": [6, 3], "car_970": [4, 7], "car_971": [6, 3], "car_972": [2, 7], "car_973": [4, 7], "car_54": [6, 4], "car_55": [0, 3], "car_56": [2, 6], "car_57": [7, 4], "car_50": [3, 7], "car_51": [0, 3], "car_52": [7, 4], "car_53": [1, 2], "car_58": [3, 6], "car_59": [0, 5], "car_552": [7, 6], "car_805": [2, 0], "car_550": [5, 7], "car_551": [2, 0], "car_556": [1, 6], "car_557": [6, 7], "car_554": [3, 0], "car_555": [7, 1], "car_558": [6, 5], "car_559": [0, 5], "car_808": [0, 6], "car_809": [1, 6], "car_703": [6, 4], "car_702": [7, 0], "car_701": [6, 2], "car_700": [3, 0], "car_707": [4, 5], "car_706": [6, 7], "car_705": [3, 5], "car_704": [0, 5], "car_709": [0, 5], "car_708": [5, 2], "car_129": [7, 0], "car_128": [4, 5], "car_123": [6, 0], "car_122": [1, 4], "car_121": [2, 3], "car_120": [0, 3], "car_127": [3, 7], "car_126": [1, 4], "car_125": [7, 2], "car_124": [2, 5], "car_1219": [6, 1], "car_1218": [5, 7], "car_1217": [4, 2], "car_1216": [1, 4], "car_1215": [5, 2], "car_1214": [0, 7], "car_1213": [2, 4], "car_1212": [1, 6], "car_1211": [6, 4], "car_1210": [7, 4], "car_237": [2, 0], "car_236": [3, 0], "car_235": [5, 7], "car_234": [5, 7], "car_233": [0, 2], "car_232": [3, 2], "car_231": [6, 4], "car_230": [1, 6], "car_239": [1, 7], "car_238": [5, 7], "car_1189": [6, 5], "car_1188": [4, 7], "car_1187": [1, 3], "car_1186": [3, 0], "car_1185": [1, 6], "car_1184": [3, 4], "car_1183": [1, 3], "car_1182": [7, 1], "car_1181": [5, 0], "car_1180": [4, 1], "car_949": [4, 0], "car_948": [1, 2], "car_941": [2, 3], "car_940": [0, 4], "car_943": [4, 0], "car_942": [1, 3], "car_945": [4, 5], "car_944": [7, 6], "car_947": [7, 5], "car_946": [2, 7], "car_493": [6, 3], "car_492": [3, 2], "car_491": [4, 5], "car_490": [3, 0], "car_497": [1, 0], "car_496": [4, 6], "car_495": [2, 6], "car_494": [0, 1], "car_499": [0, 7], "car_498": [3, 5], "car_43": [5, 4], "car_42": [4, 0], "car_41": [1, 4], "car_40": [1, 0], "car_47": [2, 0], "car_46": [6, 7], "car_45": [3, 0], "car_44": [7, 2], "car_49": [1, 2], "car_48": [5, 2], "car_831": [0, 5], "car_830": [6, 5], "car_833": [6, 7], "car_832": [1, 3], "car_835": [3, 2], "car_834": [7, 4], "car_837": [4, 0], "car_836": [3, 7], "car_839": [1, 4], "car_838": [7, 1], "car_710": [5, 0], "car_711": [7, 6], "car_712": [6, 5], "car_713": [5, 6], "car_714": [1, 4], "car_715": [3, 0], "car_716": [5, 6], "car_717": [7, 6], "car_718": [3, 1], "car_719": [4, 7], "car_138": [4, 2], "car_139": [0, 2], "car_130": [4, 6], "car_131": [7, 0], "car_132": [2, 3], "car_133": [6, 1], "car_134": [5, 7], "car_135": [0, 2], "car_136": [7, 1], "car_137": [3, 4], "car_1222": [6, 2], "car_1223": [5, 4], "car_1220": [2, 0], "car_1221": [5, 1], "car_1226": [6, 0], "car_1227": [2, 1], "car_1224": [7, 5], "car_1225": [1, 7], "car_1228": [5, 1], "car_1229": [5, 0], "car_224": [0, 5], "car_225": [3, 1], "car_226": [6, 2], "car_227": [7, 4], "car_220": [4, 0], "car_221": [2, 0], "car_222": [3, 2], "car_223": [4, 2], "car_228": [0, 1], "car_229": [5, 0], "car_1086": [3, 7], "car_1087": [6, 2], "car_1084": [4, 2], "car_1085": [7, 1], "car_1082": [2, 5], "car_1083": [1, 7], "car_1080": [6, 7], "car_1081": [5, 0], "car_1088": [0, 2], "car_1089": [2, 1], "car_956": [3, 1], "car_957": [2, 4], "car_954": [5, 1], "car_955": [1, 4], "car_952": [2, 6], "car_953": [0, 6], "car_950": [6, 5], "car_951": [0, 5], "car_958": [1, 4], "car_959": [3, 4], "car_1158": [7, 4], "car_1159": [4, 0], "car_1150": [0, 4], "car_1151": [5, 7], "car_1152": [7, 3], "car_1153": [4, 1], "car_1154": [6, 1], "car_1155": [1, 4], "car_1156": [4, 1], "car_1157": [2, 5], "car_480": [4, 0], "car_481": [6, 5], "car_482": [3, 0], "car_483": [5, 2], "car_484": [7, 0], "car_485": [4, 7], "car_486": [6, 2], "car_487": [0, 6], "car_488": [5, 2], "car_489": [7, 0], "car_853": [2, 6], "car_852": [3, 1], "car_851": [4, 3], "car_582": [2, 4], "car_857": [1, 3], "car_856": [5, 7], "car_855": [2, 6], "car_854": [3, 0], "car_828": [1, 2], "car_829": [3, 0], "car_826": [0, 4], "car_827": [2, 3], "car_824": [1, 5], "car_825": [3, 1], "car_822": [5, 2], "car_823": [1, 7], "car_820": [5, 6], "car_821": [3, 4], "car_729": [0, 2], "car_728": [2, 0], "car_725": [7, 1], "car_724": [4, 5], "car_727": [6, 1], "car_726": [4, 3], "car_721": [1, 2], "car_720": [7, 2], "car_723": [3, 0], "car_722": [5, 1], "car_105": [7, 2], "car_104": [5, 3], "car_107": [7, 5], "car_106": [4, 3], "car_101": [1, 4], "car_100": [2, 4], "car_103": [0, 4], "car_102": [0, 7], "car_109": [4, 3], "car_108": [3, 6], "car_1235": [2, 3], "car_1234": [4, 2], "car_1237": [4, 5], "car_1236": [5, 6], "car_1231": [0, 2], "car_1230": [7, 4], "car_1233": [3, 0], "car_1232": [1, 5], "car_1239": [2, 0], "car_1238": [6, 5], "car_211": [2, 1], "car_210": [0, 5], "car_213": [0, 2], "car_212": [4, 2], "car_215": [7, 2], "car_214": [6, 4], "car_217": [7, 1], "car_216": [0, 5], "car_219": [3, 1], "car_218": [1, 7], "car_923": [5, 6], "car_922": [4, 5], "car_921": [3, 4], "car_920": [1, 3], "car_927": [5, 1], "car_926": [2, 6], "car_925": [6, 0], "car_924": [7, 3], "car_929": [1, 2], "car_928": [7, 5], "car_1149": [2, 7], "car_1148": [6, 1], "car_1143": [1, 7], "car_1142": [5, 6], "car_1141": [2, 0], "car_1140": [6, 1], "car_1147": [2, 1], "car_1146": [6, 1], "car_1145": [7, 2], "car_1144": [6, 2], "car_1099": [1, 6], "car_1098": [6, 2], "car_1091": [1, 5], "car_1090": [5, 6], "car_1093": [6, 0], "car_1092": [3, 7], "car_1095": [1, 0], "car_1094": [2, 7], "car_1097": [4, 2], "car_1096": [6, 1], "car_589": [0, 4], "car_588": [6, 4], "car_859": [4, 0], "car_858": [4, 7], "car_581": [6, 3], "car_580": [3, 7], "car_583": [4, 5], "car_850": [3, 0], "car_585": [0, 4], "car_584": [6, 4], "car_587": [7, 0], "car_586": [5, 3], "car_457": [4, 0], "car_456": [3, 6], "car_455": [7, 2], "car_454": [5, 7], "car_453": [0, 7], "car_452": [6, 5], "car_451": [3, 4], "car_450": [4, 5], "car_459": [1, 0], "car_458": [0, 4], "car_738": [0, 6], "car_739": [5, 2], "car_733": [4, 5], "car_732": [1, 3], "car_32": [7, 5], "car_730": [2, 3], "car_731": [5, 2], "car_736": [2, 0], "car_737": [6, 5], "car_734": [2, 6], "car_735": [3, 2], "car_38": [5, 3], "car_39": [7, 4], "car_112": [2, 4], "car_113": [7, 6], "car_110": [2, 1], "car_111": [3, 4], "car_116": [2, 0], "car_117": [7, 5], "car_114": [3, 6], "car_115": [6, 2], "car_118": [4, 5], "car_119": [1, 3], "car_208": [7, 1], "car_209": [3, 0], "car_206": [4, 0], "car_207": [2, 6], "car_204": [2, 5], "car_205": [5, 2], "car_202": [6, 7], "car_203": [0, 3], "car_200": [3, 7], "car_201": [4, 5], "car_1398": [4, 6], "car_1399": [6, 3], "car_1392": [4, 6], "car_1393": [6, 3], "car_1390": [7, 0], "car_1391": [1, 0], "car_1396": [1, 4], "car_1397": [3, 4], "car_1394": [0, 4], "car_1395": [5, 2], "car_930": [3, 4], "car_931": [5, 7], "car_932": [7, 4], "car_933": [0, 6], "car_934": [4, 5], "car_935": [5, 7], "car_936": [1, 7], "car_937": [2, 0], "car_938": [1, 4], "car_939": [4, 6], "car_6": [6, 3], "car_7": [0, 4], "car_4": [1, 3], "car_5": [4, 1], "car_2": [0, 2], "car_3": [2, 1], "car_1178": [7, 3], "car_1": [4, 2], "car_1176": [4, 6], "car_1177": [2, 5], "car_1174": [3, 0], "car_1175": [1, 7], "car_1172": [7, 1], "car_1173": [1, 5], "car_8": [7, 2], "car_9": [1, 5], "car_98": [2, 0], "car_99": [1, 0], "car_90": [2, 0], "car_91": [7, 1], "car_92": [3, 2], "car_93": [6, 7], "car_94": [0, 4], "car_95": [5, 1], "car_96": [4, 1], "car_97": [0, 5], "car_596": [2, 5], "car_597": [6, 3], "car_594": [3, 6], "car_595": [6, 2], "car_592": [6, 7], "car_593": [5, 3], "car_590": [7, 4], "car_591": [3, 0], "car_598": [6, 1], "car_599": [2, 6], "car_848": [2, 0], "car_849": [7, 6], "car_840": [3, 4], "car_841": [0, 4], "car_842": [2, 0], "car_843": [5, 1], "car_844": [3, 5], "car_845": [5, 0], "car_846": [4, 5], "car_847": [2, 7], "car_444": [2, 5], "car_445": [2, 3], "car_446": [5, 2], "car_447": [1, 2], "car_440": [5, 4], "car_441": [7, 4], "car_442": [1, 0], "car_443": [6, 0], "car_448": [4, 0], "car_449": [1, 7], "car_695": [1, 0], "car_694": [4, 3], "car_697": [1, 5], "car_696": [4, 3], "car_691": [2, 5], "car_690": [7, 0], "car_693": [7, 2], "car_692": [5, 7], "car_699": [5, 4], "car_698": [4, 0], "car_279": [0, 5], "car_278": [4, 3], "car_273": [4, 3], "car_272": [1, 7], "car_271": [6, 3], "car_270": [4, 0], "car_277": [3, 5], "car_276": [1, 5], "car_275": [2, 5], "car_274": [0, 4], "car_1389": [1, 3], "car_1388": [5, 0], "car_1385": [1, 5], "car_1384": [6, 1], "car_1387": [2, 6], "car_1386": [6, 1], "car_1381": [0, 4], "car_1380": [3, 7], "car_1383": [4, 0], "car_1382": [2, 0], "car_307": [1, 2], "car_306": [5, 3], "car_305": [1, 0], "car_304": [7, 0], "car_303": [5, 2], "car_302": [2, 4], "car_301": [0, 1], "car_300": [1, 6], "car_804": [3, 6], "car_309": [4, 6], "car_308": [6, 2], "car_909": [7, 6], "car_908": [1, 4], "car_905": [1, 2], "car_904": [7, 2], "car_907": [7, 4], "car_906": [5, 7], "car_901": [3, 4], "car_900": [1, 7], "car_903": [5, 3], "car_902": [4, 2], "car_1161": [7, 1], "car_1160": [2, 1], "car_1163": [3, 6], "car_1162": [1, 7], "car_1165": [6, 3], "car_1164": [4, 6], "car_1167": [5, 7], "car_1166": [2, 3], "car_1169": [4, 6], "car_1168": [7, 1], "car_87": [4, 5], "car_86": [7, 0], "car_85": [2, 1], "car_84": [3, 6], "car_83": [1, 6], "car_82": [4, 1], "car_81": [0, 3], "car_80": [4, 0], "car_89": [0, 1], "car_88": [6, 3], "car_875": [2, 3], "car_874": [6, 3], "car_877": [2, 7], "car_876": [1, 4], "car_871": [7, 6], "car_870": [5, 3], "car_873": [7, 1], "car_872": [1, 3], "car_879": [6, 3], "car_878": [5, 0], "car_471": [1, 7], "car_470": [4, 2], "car_473": [1, 7], "car_472": [0, 5], "car_475": [1, 4], "car_474": [4, 1], "car_477": [4, 0], "car_476": [4, 0], "car_479": [6, 1], "car_478": [1, 4], "car_682": [6, 4], "car_683": [2, 6], "car_680": [7, 0], "car_681": [0, 2], "car_686": [5, 1], "car_687": [7, 2], "car_684": [5, 4], "car_685": [0, 4], "car_688": [4, 1], "car_689": [5, 2], "car_268": [5, 3], "car_269": [7, 5], "car_260": [6, 5], "car_261": [0, 4], "car_262": [7, 5], "car_263": [1, 4], "car_264": [4, 5], "car_265": [2, 4], "car_266": [4, 6], "car_267": [6, 7], "car_1370": [0, 7], "car_1371": [6, 4], "car_1372": [5, 4], "car_1373": [3, 4], "car_1374": [0, 1], "car_1375": [5, 0], "car_1376": [1, 6], "car_1377": [6, 7], "car_1378": [5, 2], "car_1379": [4, 0], "car_314": [7, 0], "car_315": [3, 4], "car_316": [6, 1], "car_317": [2, 1], "car_310": [6, 2], "car_311": [7, 5], "car_312": [4, 2], "car_313": [5, 3], "car_318": [5, 4], "car_319": [4, 5], "car_918": [3, 1], "car_919": [7, 4], "car_912": [3, 4], "car_913": [4, 7], "car_910": [0, 4], "car_911": [1, 5], "car_916": [2, 6], "car_917": [5, 7], "car_914": [7, 4], "car_915": [1, 7], "car_1114": [1, 6], "car_1115": [3, 0], "car_1116": [6, 3], "car_1117": [1, 6], "car_1110": [5, 4], "car_1111": [7, 0], "car_1112": [7, 4], "car_1113": [5, 6], "car_1118": [3, 0], "car_1119": [4, 6], "car_1284": [6, 2], "car_1285": [0, 4], "car_1286": [6, 7], "car_1287": [1, 0], "car_1280": [0, 5], "car_1281": [5, 4], "car_1282": [6, 3], "car_1283": [3, 0], "car_1288": [0, 5], "car_1289": [7, 5], "car_1028": [7, 6], "car_1029": [3, 0], "car_1020": [3, 5], "car_1021": [6, 5], "car_1022": [7, 2], "car_1023": [3, 5], "car_1024": [3, 2], "car_1025": [1, 5], "car_1026": [6, 4], "car_1027": [5, 2], "car_862": [7, 0], "car_863": [1, 4], "car_860": [6, 7], "car_861": [2, 0], "car_866": [5, 4], "car_867": [1, 6], "car_864": [3, 1], "car_865": [2, 1], "car_868": [4, 3], "car_869": [0, 7]}