{"car_468": [6, 2], "car_469": [1, 5], "car_466": [6, 0], "car_467": [0, 1], "car_464": [7, 1], "car_465": [3, 4], "car_462": [4, 5], "car_463": [7, 5], "car_460": [2, 5], "car_461": [1, 4], "car_817": [6, 0], "car_816": [3, 0], "car_815": [1, 2], "car_814": [0, 1], "car_813": [4, 6], "car_812": [3, 5], "car_811": [0, 7], "car_810": [6, 2], "car_679": [2, 7], "car_678": [6, 7], "car_677": [3, 6], "car_676": [7, 6], "car_675": [0, 5], "car_674": [7, 0], "car_673": [5, 2], "car_672": [4, 3], "car_671": [3, 4], "car_670": [7, 5], "car_789": [6, 3], "car_788": [3, 7], "car_783": [4, 1], "car_782": [1, 4], "car_781": [7, 1], "car_780": [3, 4], "car_787": [1, 6], "car_786": [2, 1], "car_785": [4, 2], "car_784": [0, 1], "car_0": [4, 6], "car_1179": [4, 7], "car_255": [2, 4], "car_254": [6, 4], "car_257": [1, 2], "car_256": [5, 6], "car_251": [0, 4], "car_250": [3, 2], "car_253": [4, 3], "car_252": [2, 1], "car_259": [0, 7], "car_258": [2, 0], "car_1170": [5, 1], "car_1171": [4, 7], "car_1413": [4, 7], "car_1363": [3, 1], "car_1362": [2, 1], "car_1361": [4, 3], "car_1360": [3, 5], "car_1367": [4, 1], "car_1366": [1, 7], "car_1365": [3, 2], "car_1364": [4, 2], "car_1369": [2, 1], "car_1368": [0, 5], "car_321": [2, 4], "car_320": [0, 6], "car_323": [4, 1], "car_322": [3, 0], "car_325": [1, 7], "car_324": [5, 0], "car_327": [6, 4], "car_326": [3, 4], "car_329": [5, 6], "car_328": [0, 3], "car_1107": [0, 3], "car_1106": [4, 6], "car_1105": [3, 4], "car_1104": [7, 2], "car_1103": [6, 7], "car_1102": [1, 4], "car_1101": [5, 1], "car_1100": [2, 5], "car_1109": [7, 2], "car_1108": [2, 6], "car_1297": [7, 3], "car_1296": [6, 0], "car_1295": [4, 7], "car_1294": [1, 4], "car_1293": [2, 1], "car_1292": [6, 7], "car_1291": [3, 2], "car_1290": [0, 2], "car_1299": [6, 5], "car_1298": [3, 4], "car_1039": [5, 7], "car_1038": [0, 7], "car_1033": [2, 1], "car_1032": [0, 7], "car_1031": [3, 5], "car_1030": [6, 7], "car_1037": [6, 5], "car_1036": [5, 1], "car_1035": [0, 3], "car_1034": [4, 6], "car_899": [3, 7], "car_898": [7, 6], "car_897": [5, 7], "car_896": [2, 1], "car_895": [4, 7], "car_894": [5, 0], "car_893": [2, 3], "car_892": [4, 2], "car_891": [5, 6], "car_890": [4, 7], "car_419": [3, 4], "car_418": [7, 1], "car_413": [4, 1], "car_412": [3, 6], "car_411": [5, 6], "car_410": [0, 6], "car_417": [5, 7], "car_416": [3, 7], "car_415": [7, 6], "car_414": [2, 1], "car_527": [5, 2], "car_526": [2, 1], "car_525": [0, 2], "car_524": [6, 1], "car_523": [3, 4], "car_522": [3, 7], "car_521": [2, 5], "car_520": [0, 3], "car_529": [6, 2], "car_528": [3, 1], "car_668": [4, 2], "car_669": [2, 0], "car_664": [0, 5], "car_665": [7, 0], "car_666": [2, 0], "car_667": [7, 0], "car_660": [6, 1], "car_661": [0, 6], "car_662": [0, 3], "car_663": [3, 1], "car_798": [0, 6], "car_799": [3, 6], "car_790": [0, 1], "car_791": [5, 4], "car_792": [7, 2], "car_793": [1, 3], "car_794": [5, 1], "car_795": [3, 0], "car_796": [2, 3], "car_797": [3, 4], "car_242": [2, 1], "car_243": [0, 3], "car_240": [3, 2], "car_241": [6, 5], "car_246": [4, 1], "car_247": [6, 2], "car_244": [5, 3], "car_245": [1, 5], "car_248": [5, 3], "car_249": [1, 4], "car_1356": [2, 7], "car_1357": [1, 7], "car_1354": [4, 1], "car_1355": [6, 3], "car_1352": [1, 3], "car_1353": [3, 2], "car_1350": [0, 5], "car_1351": [5, 6], "car_1358": [4, 7], "car_1359": [7, 3], "car_338": [7, 4], "car_339": [1, 5], "car_336": [2, 1], "car_337": [5, 2], "car_334": [2, 5], "car_335": [1, 3], "car_332": [3, 6], "car_333": [0, 4], "car_330": [7, 3], "car_331": [1, 6], "car_1138": [4, 0], "car_1139": [6, 4], "car_1132": [7, 6], "car_1133": [4, 3], "car_1130": [0, 3], "car_1131": [2, 5], "car_1136": [7, 1], "car_1137": [1, 6], "car_1134": [0, 5], "car_1135": [2, 5], "car_1008": [4, 6], "car_1009": [5, 3], "car_1006": [5, 7], "car_1007": [2, 3], "car_1004": [4, 7], "car_1005": [0, 2], "car_1002": [1, 2], "car_1003": [1, 0], "car_1000": [4, 7], "car_1001": [0, 1], "car_36": [1, 2], "car_37": [3, 7], "car_34": [7, 6], "car_35": [5, 6], "car_888": [0, 7], "car_889": [3, 6], "car_30": [0, 1], "car_31": [2, 7], "car_884": [0, 3], "car_885": [1, 3], "car_886": [6, 0], "car_887": [1, 7], "car_880": [5, 4], "car_881": [7, 0], "car_882": [1, 5], "car_883": [3, 5], "car_408": [6, 5], "car_409": [2, 4], "car_400": [3, 0], "car_401": [0, 2], "car_402": [7, 1], "car_403": [6, 3], "car_404": [0, 1], "car_405": [2, 0], "car_406": [5, 0], "car_407": [1, 0], "car_534": [6, 2], "car_535": [5, 3], "car_536": [7, 4], "car_537": [1, 7], "car_530": [2, 3], "car_531": [7, 2], "car_532": [1, 0], "car_533": [4, 5], "car_538": [6, 5], "car_539": [5, 6], "car_659": [4, 0], "car_658": [7, 5], "car_651": [6, 3], "car_650": [6, 5], "car_653": [4, 1], "car_652": [3, 0], "car_655": [5, 4], "car_654": [6, 1], "car_657": [2, 0], "car_656": [7, 4], "car_1349": [6, 5], "car_1348": [7, 4], "car_1341": [3, 2], "car_1340": [1, 4], "car_1343": [0, 6], "car_1342": [4, 2], "car_1345": [6, 7], "car_1344": [3, 7], "car_1347": [2, 0], "car_1346": [0, 4], "car_349": [5, 7], "car_348": [0, 5], "car_343": [5, 4], "car_342": [6, 3], "car_341": [4, 7], "car_340": [3, 2], "car_347": [6, 3], "car_346": [7, 4], "car_345": [5, 4], "car_344": [7, 5], "car_1129": [6, 3], "car_1128": [3, 5], "car_1125": [6, 1], "car_1124": [4, 3], "car_1127": [2, 5], "car_1126": [0, 5], "car_1121": [7, 6], "car_1120": [0, 4], "car_1123": [3, 5], "car_1122": [1, 6], "car_1402": [4, 7], "car_1403": [6, 7], "car_1400": [5, 0], "car_1401": [0, 1], "car_1406": [0, 3], "car_1407": [7, 0], "car_1404": [0, 5], "car_1405": [5, 7], "car_1011": [3, 7], "car_1010": [7, 1], "car_1013": [6, 4], "car_1012": [6, 7], "car_1015": [3, 4], "car_1014": [5, 6], "car_1017": [7, 4], "car_1016": [4, 1], "car_1019": [4, 6], "car_1018": [1, 0], "car_25": [7, 2], "car_24": [2, 6], "car_27": [6, 7], "car_26": [3, 2], "car_21": [0, 7], "car_20": [4, 5], "car_23": [4, 2], "car_22": [3, 0], "car_29": [5, 4], "car_28": [0, 1], "car_435": [3, 5], "car_434": [2, 3], "car_437": [4, 5], "car_436": [0, 4], "car_431": [1, 7], "car_430": [6, 7], "car_433": [1, 7], "car_432": [7, 3], "car_439": [0, 3], "car_438": [6, 2], "car_501": [2, 6], "car_500": [1, 0], "car_503": [4, 1], "car_502": [5, 0], "car_505": [7, 0], "car_504": [6, 1], "car_507": [2, 3], "car_506": [4, 0], "car_509": [5, 7], "car_508": [2, 3], "car_646": [0, 1], "car_647": [6, 0], "car_644": [4, 6], "car_645": [6, 3], "car_642": [2, 7], "car_643": [7, 5], "car_640": [2, 0], "car_641": [0, 4], "car_648": [5, 4], "car_649": [3, 6], "car_1338": [1, 7], "car_1339": [0, 7], "car_1334": [3, 0], "car_1335": [6, 3], "car_1336": [0, 6], "car_1337": [7, 3], "car_1330": [0, 3], "car_1331": [2, 7], "car_1332": [0, 6], "car_1333": [1, 0], "car_358": [2, 5], "car_359": [5, 0], "car_350": [7, 1], "car_351": [2, 4], "car_352": [4, 1], "car_353": [6, 7], "car_354": [0, 6], "car_355": [7, 5], "car_356": [0, 1], "car_357": [0, 6], "car_1240": [1, 6], "car_1241": [5, 6], "car_1242": [1, 3], "car_1243": [0, 1], "car_1244": [3, 2], "car_1245": [0, 4], "car_1246": [5, 2], "car_1247": [3, 5], "car_1248": [2, 0], "car_1249": [3, 7], "car_1064": [7, 0], "car_1065": [1, 3], "car_1066": [3, 6], "car_1067": [4, 6], "car_1060": [7, 1], "car_1061": [1, 0], "car_1062": [3, 4], "car_1063": [6, 5], "car_1068": [7, 6], "car_1069": [1, 0], "car_10": [6, 2], "car_11": [2, 3], "car_12": [7, 3], "car_13": [3, 6], "car_14": [6, 2], "car_15": [2, 3], "car_16": [4, 6], "car_17": [5, 1], "car_18": [7, 2], "car_19": [3, 4], "car_1468": [1, 2], "car_1469": [4, 7], "car_1460": [2, 7], "car_1461": [3, 1], "car_1462": [6, 7], "car_1463": [2, 3], "car_1464": [7, 5], "car_1465": [0, 5], "car_1466": [5, 0], "car_1467": [2, 3], "car_422": [1, 2], "car_423": [6, 7], "car_420": [6, 2], "car_421": [5, 2], "car_426": [7, 2], "car_427": [1, 0], "car_424": [0, 7], "car_425": [5, 3], "car_428": [3, 2], "car_429": [4, 3], "car_518": [3, 0], "car_519": [6, 3], "car_516": [0, 2], "car_517": [7, 4], "car_514": [1, 4], "car_515": [6, 4], "car_512": [0, 2], "car_513": [5, 1], "car_510": [7, 5], "car_511": [4, 7], "car_633": [5, 4], "car_632": [2, 0], "car_631": [4, 6], "car_630": [5, 3], "car_637": [7, 2], "car_636": [2, 0], "car_635": [6, 1], "car_634": [4, 3], "car_639": [5, 0], "car_638": [4, 1], "car_189": [4, 0], "car_188": [3, 4], "car_185": [0, 4], "car_184": [6, 5], "car_187": [1, 2], "car_186": [5, 4], "car_181": [7, 5], "car_180": [1, 2], "car_183": [3, 2], "car_182": [2, 5], "car_749": [1, 5], "car_748": [5, 2], "car_747": [0, 4], "car_746": [1, 5], "car_745": [7, 4], "car_744": [5, 3], "car_743": [6, 0], "car_742": [4, 2], "car_741": [3, 6], "car_740": [7, 2], "car_299": [0, 7], "car_298": [6, 3], "car_291": [6, 4], "car_290": [2, 6], "car_293": [2, 3], "car_292": [0, 7], "car_295": [7, 1], "car_294": [5, 2], "car_297": [0, 6], "car_296": [3, 0], "car_1329": [1, 3], "car_1328": [7, 2], "car_1327": [1, 3], "car_1326": [2, 0], "car_1325": [3, 0], "car_1324": [5, 2], "car_1323": [0, 7], "car_1322": [5, 1], "car_1321": [6, 4], "car_1320": [4, 3], "car_365": [4, 0], "car_364": [2, 4], "car_367": [6, 2], "car_366": [7, 4], "car_361": [1, 4], "car_360": [7, 4], "car_363": [4, 0], "car_362": [5, 0], "car_369": [4, 7], "car_368": [3, 4], "car_167": [1, 7], "car_166": [3, 6], "car_165": [0, 2], "car_164": [3, 6], "car_163": [7, 5], "car_162": [7, 6], "car_161": [2, 3], "car_160": [0, 2], "car_169": [5, 0], "car_168": [2, 4], "car_1253": [4, 1], "car_1252": [1, 3], "car_1251": [5, 2], "car_1250": [4, 0], "car_1257": [5, 4], "car_1256": [6, 2], "car_1255": [3, 6], "car_1254": [1, 7], "car_1259": [3, 6], "car_1258": [1, 2], "car_1077": [1, 4], "car_1076": [4, 7], "car_1075": [1, 7], "car_1074": [2, 4], "car_1073": [0, 1], "car_1072": [6, 1], "car_1071": [6, 5], "car_1070": [4, 3], "car_1079": [2, 0], "car_1078": [3, 1], "car_985": [7, 2], "car_984": [0, 3], "car_987": [0, 5], "car_986": [2, 1], "car_981": [3, 7], "car_980": [1, 3], "car_983": [3, 0], "car_982": [6, 7], "car_989": [7, 2], "car_988": [5, 1], "car_569": [7, 0], "car_568": [6, 3], "car_563": [4, 7], "car_562": [7, 6], "car_561": [5, 0], "car_560": [6, 5], "car_567": [4, 7], "car_566": [1, 5], "car_565": [7, 6], "car_564": [0, 2], "car_620": [3, 0], "car_621": [0, 1], "car_622": [3, 4], "car_623": [2, 7], "car_624": [3, 4], "car_625": [5, 1], "car_626": [7, 1], "car_627": [6, 2], "car_628": [7, 0], "car_629": [0, 5], "car_198": [6, 3], "car_199": [1, 0], "car_192": [3, 1], "car_193": [4, 7], "car_190": [0, 4], "car_191": [2, 6], "car_196": [6, 4], "car_197": [0, 7], "car_194": [2, 1], "car_195": [7, 2], "car_758": [7, 4], "car_759": [2, 4], "car_754": [6, 5], "car_755": [5, 7], "car_756": [2, 5], "car_757": [7, 2], "car_750": [4, 7], "car_751": [0, 3], "car_752": [5, 4], "car_753": [4, 1], "car_286": [0, 7], "car_287": [5, 1], "car_284": [6, 5], "car_285": [1, 5], "car_282": [2, 1], "car_283": [5, 1], "car_280": [6, 0], "car_281": [1, 7], "car_288": [1, 6], "car_289": [0, 3], "car_1312": [2, 6], "car_1313": [7, 1], "car_1310": [6, 5], "car_1311": [0, 3], "car_1316": [6, 5], "car_1317": [2, 3], "car_1314": [1, 2], "car_1315": [4, 0], "car_1318": [7, 0], "car_1319": [1, 3], "car_372": [7, 4], "car_373": [2, 7], "car_370": [7, 6], "car_371": [2, 5], "car_376": [4, 0], "car_377": [6, 4], "car_374": [1, 7], "car_375": [3, 4], "car_378": [7, 4], "car_379": [0, 7], "car_174": [5, 0], "car_175": [7, 1], "car_176": [3, 2], "car_177": [3, 6], "car_170": [3, 5], "car_171": [0, 7], "car_172": [5, 2], "car_173": [3, 4], "car_178": [6, 0], "car_179": [7, 3], "car_1266": [1, 0], "car_1267": [7, 2], "car_1264": [3, 4], "car_1265": [7, 3], "car_1262": [5, 6], "car_1263": [7, 1], "car_1260": [4, 7], "car_1261": [0, 4], "car_1268": [4, 1], "car_1269": [0, 3], "car_1048": [7, 6], "car_1049": [1, 2], "car_1042": [5, 7], "car_1043": [7, 4], "car_1040": [1, 5], "car_1041": [0, 6], "car_1046": [2, 6], "car_1047": [5, 0], "car_1044": [4, 1], "car_1045": [0, 7], "car_78": [7, 3], "car_79": [3, 4], "car_72": [3, 7], "car_73": [6, 2], "car_70": [6, 1], "car_71": [7, 5], "car_76": [0, 4], "car_77": [5, 1], "car_74": [1, 7], "car_75": [6, 4], "car_992": [1, 7], "car_993": [4, 7], "car_990": [4, 0], "car_991": [6, 7], "car_996": [3, 4], "car_997": [0, 4], "car_994": [5, 3], "car_995": [1, 4], "car_998": [7, 2], "car_999": [3, 0], "car_1448": [3, 5], "car_1449": [4, 5], "car_1446": [2, 1], "car_1447": [7, 6], "car_1444": [3, 4], "car_1445": [0, 4], "car_1442": [6, 1], "car_1443": [5, 3], "car_1440": [1, 5], "car_1441": [3, 5], "car_578": [3, 2], "car_579": [4, 3], "car_553": [0, 1], "car_570": [1, 0], "car_571": [3, 5], "car_572": [5, 7], "car_573": [3, 7], "car_574": [2, 7], "car_806": [4, 6], "car_576": [6, 0], "car_577": [1, 5], "car_807": [3, 7], "car_800": [4, 6], "car_801": [0, 7], "car_802": [5, 6], "car_803": [7, 3], "car_619": [1, 0], "car_618": [7, 6], "car_615": [5, 7], "car_614": [3, 7], "car_617": [1, 3], "car_616": [7, 6], "car_611": [1, 6], "car_610": [5, 1], "car_613": [7, 2], "car_612": [5, 0], "car_769": [7, 2], "car_768": [0, 2], "car_761": [2, 6], "car_760": [5, 1], "car_763": [7, 5], "car_762": [3, 7], "car_765": [0, 2], "car_764": [3, 6], "car_767": [4, 3], "car_766": [3, 4], "car_575": [3, 5], "car_1305": [4, 5], "car_1304": [3, 4], "car_1307": [2, 1], "car_1306": [6, 4], "car_1301": [6, 0], "car_1300": [2, 0], "car_1303": [5, 2], "car_1302": [2, 0], "car_1309": [4, 6], "car_1308": [7, 1], "car_389": [6, 3], "car_388": [5, 2], "car_387": [4, 0], "car_386": [3, 4], "car_385": [1, 3], "car_384": [7, 5], "car_383": [5, 0], "car_382": [6, 2], "car_381": [7, 3], "car_380": [5, 3], "car_141": [2, 3], "car_140": [0, 1], "car_143": [2, 7], "car_142": [7, 2], "car_145": [4, 7], "car_144": [1, 6], "car_147": [7, 4], "car_146": [0, 2], "car_149": [6, 2], "car_148": [4, 0], "car_1279": [3, 6], "car_1278": [7, 5], "car_1271": [5, 1], "car_1270": [2, 1], "car_1273": [7, 6], "car_1272": [7, 5], "car_1275": [2, 5], "car_1274": [1, 3], "car_1277": [4, 2], "car_1276": [3, 1], "car_1059": [5, 7], "car_1058": [3, 0], "car_1055": [1, 0], "car_1054": [7, 5], "car_1057": [5, 2], "car_1056": [3, 7], "car_1051": [4, 0], "car_1050": [3, 7], "car_1053": [5, 3], "car_1052": [2, 6], "car_69": [4, 2], "car_68": [3, 2], "car_61": [1, 6], "car_60": [5, 6], "car_63": [1, 2], "car_62": [3, 4], "car_65": [4, 6], "car_64": [2, 4], "car_67": [1, 0], "car_66": [5, 7], "car_969": [7, 1], "car_968": [0, 3], "car_967": [4, 0], "car_966": [3, 4], "car_965": [7, 3], "car_964": [5, 7], "car_963": [2, 3], "car_962": [1, 4], "car_961": [7, 6], "car_960": [6, 4], "car_1451": [2, 1], "car_1450": [6, 3], "car_1453": [0, 7], "car_1452": [1, 0], "car_1455": [5, 1], "car_1454": [2, 6], "car_1457": [6, 7], "car_1456": [4, 7], "car_1459": [3, 4], "car_1458": [2, 6], "car_545": [6, 0], "car_544": [4, 0], "car_547": [3, 6], "car_546": [0, 4], "car_541": [0, 5], "car_540": [1, 6], "car_543": [3, 6], "car_542": [1, 7], "car_549": [0, 4], "car_548": [6, 0], "car_819": [2, 1], "car_818": [0, 3], "car_33": [3, 6], "car_608": [3, 2], "car_609": [0, 6], "car_602": [7, 4], "car_603": [6, 2], "car_600": [2, 7], "car_601": [5, 0], "car_606": [5, 1], "car_607": [1, 5], "car_604": [0, 7], "car_605": [2, 0], "car_776": [5, 4], "car_777": [1, 5], "car_774": [3, 1], "car_775": [6, 4], "car_772": [7, 6], "car_773": [6, 2], "car_770": [6, 7], "car_771": [5, 6], "car_778": [3, 7], "car_779": [4, 2], "car_398": [0, 2], "car_399": [7, 5], "car_394": [1, 0], "car_395": [7, 0], "car_396": [1, 4], "car_397": [4, 2], "car_390": [2, 7], "car_391": [5, 0], "car_392": [4, 1], "car_393": [6, 4], "car_158": [5, 6], "car_159": [3, 1], "car_156": [3, 2], "car_157": [2, 1], "car_154": [7, 5], "car_155": [5, 1], "car_152": [5, 4], "car_153": [6, 5], "car_150": [0, 3], "car_151": [2, 6], "car_1208": [3, 4], "car_1209": [4, 5], "car_1204": [3, 4], "car_1205": [2, 7], "car_1206": [4, 0], "car_1207": [6, 7], "car_1200": [7, 4], "car_1201": [4, 1], "car_1202": [6, 4], "car_1203": [6, 4], "car_1198": [0, 7], "car_1199": [2, 0], "car_1194": [4, 7], "car_1195": [6, 3], "car_1196": [5, 1], "car_1197": [6, 2], "car_1190": [5, 1], "car_1191": [3, 2], "car_1192": [4, 2], "car_1193": [3, 4], "car_978": [3, 2], "car_979": [7, 2], "car_974": [6, 7], "car_975": [2, 0], "car_976": [7, 6], "car_977": [1, 2], "car_970": [4, 2], "car_971": [0, 1], "car_972": [1, 4], "car_973": [3, 0], "car_1424": [1, 4], "car_1425": [6, 1], "car_1426": [1, 7], "car_1427": [3, 1], "car_1420": [0, 6], "car_1421": [2, 1], "car_1422": [3, 5], "car_1423": [7, 1], "car_1428": [6, 3], "car_1429": [0, 1], "car_54": [5, 6], "car_55": [4, 1], "car_56": [6, 5], "car_57": [0, 2], "car_50": [5, 4], "car_51": [1, 4], "car_52": [0, 3], "car_53": [2, 3], "car_58": [7, 2], "car_59": [3, 1], "car_552": [3, 0], "car_805": [3, 4], "car_550": [5, 0], "car_551": [7, 2], "car_556": [0, 5], "car_557": [2, 3], "car_554": [7, 4], "car_555": [6, 1], "car_558": [7, 6], "car_559": [1, 5], "car_808": [2, 5], "car_809": [7, 6], "car_703": [3, 1], "car_702": [0, 1], "car_701": [1, 2], "car_700": [4, 1], "car_707": [2, 6], "car_706": [6, 1], "car_705": [4, 0], "car_704": [3, 4], "car_709": [4, 5], "car_708": [1, 4], "car_129": [1, 6], "car_128": [4, 7], "car_123": [2, 3], "car_122": [1, 7], "car_121": [7, 5], "car_120": [5, 2], "car_127": [7, 2], "car_126": [5, 1], "car_125": [3, 1], "car_124": [5, 2], "car_1219": [0, 5], "car_1218": [3, 2], "car_1217": [0, 1], "car_1216": [1, 4], "car_1215": [7, 6], "car_1214": [5, 0], "car_1213": [3, 0], "car_1212": [7, 3], "car_1211": [2, 4], "car_1210": [0, 5], "car_1415": [7, 2], "car_1414": [0, 1], "car_1417": [3, 1], "car_1416": [1, 5], "car_1411": [2, 0], "car_1410": [6, 2], "car_237": [5, 1], "car_236": [2, 1], "car_235": [0, 6], "car_234": [3, 5], "car_233": [7, 2], "car_232": [5, 1], "car_231": [0, 6], "car_230": [4, 7], "car_1412": [1, 7], "car_239": [5, 2], "car_238": [4, 3], "car_1189": [1, 5], "car_1188": [7, 0], "car_1187": [5, 0], "car_1186": [0, 5], "car_1185": [4, 6], "car_1184": [7, 2], "car_1183": [2, 5], "car_1182": [6, 3], "car_1181": [7, 3], "car_1180": [5, 1], "car_949": [7, 6], "car_948": [2, 3], "car_941": [5, 6], "car_940": [0, 7], "car_943": [6, 1], "car_942": [3, 2], "car_945": [1, 6], "car_944": [7, 3], "car_947": [5, 1], "car_946": [0, 4], "car_1437": [6, 7], "car_1436": [3, 2], "car_1435": [1, 2], "car_1434": [2, 7], "car_1433": [5, 2], "car_1432": [0, 5], "car_1431": [6, 4], "car_1430": [2, 1], "car_1439": [5, 1], "car_1438": [6, 3], "car_493": [2, 3], "car_492": [4, 3], "car_491": [3, 6], "car_490": [7, 6], "car_497": [1, 0], "car_496": [6, 5], "car_495": [3, 6], "car_494": [7, 6], "car_499": [5, 2], "car_498": [0, 3], "car_43": [7, 1], "car_42": [5, 7], "car_41": [2, 5], "car_40": [6, 5], "car_47": [0, 5], "car_46": [4, 5], "car_45": [3, 6], "car_44": [5, 7], "car_49": [4, 6], "car_48": [1, 3], "car_831": [4, 5], "car_830": [3, 0], "car_833": [6, 2], "car_832": [6, 0], "car_835": [7, 2], "car_834": [5, 0], "car_837": [4, 0], "car_836": [1, 6], "car_839": [2, 3], "car_838": [6, 4], "car_710": [2, 3], "car_711": [5, 4], "car_712": [3, 1], "car_713": [0, 5], "car_714": [7, 1], "car_715": [2, 1], "car_716": [5, 0], "car_717": [1, 4], "car_718": [6, 0], "car_719": [0, 6], "car_138": [0, 7], "car_139": [4, 2], "car_130": [6, 4], "car_131": [3, 4], "car_132": [4, 0], "car_133": [5, 1], "car_134": [6, 0], "car_135": [2, 4], "car_136": [5, 7], "car_137": [7, 5], "car_1222": [0, 2], "car_1223": [7, 5], "car_1220": [5, 7], "car_1221": [4, 0], "car_1226": [6, 1], "car_1227": [2, 1], "car_1224": [3, 6], "car_1225": [2, 7], "car_1228": [6, 5], "car_1229": [0, 3], "car_224": [0, 1], "car_225": [5, 0], "car_226": [6, 5], "car_227": [2, 1], "car_220": [0, 7], "car_221": [5, 6], "car_222": [7, 3], "car_223": [6, 4], "car_228": [7, 4], "car_229": [5, 1], "car_1086": [4, 5], "car_1087": [6, 4], "car_1084": [1, 3], "car_1085": [3, 0], "car_1082": [7, 4], "car_1083": [2, 1], "car_1080": [1, 4], "car_1081": [5, 7], "car_1088": [0, 4], "car_1089": [2, 1], "car_956": [0, 6], "car_957": [4, 3], "car_954": [3, 6], "car_955": [5, 1], "car_952": [0, 3], "car_953": [2, 5], "car_950": [3, 5], "car_951": [6, 5], "car_958": [6, 2], "car_959": [7, 3], "car_1158": [5, 6], "car_1159": [4, 1], "car_1408": [7, 2], "car_1409": [1, 6], "car_1150": [7, 4], "car_1151": [1, 5], "car_1152": [3, 0], "car_1153": [2, 5], "car_1154": [5, 3], "car_1155": [7, 3], "car_1156": [3, 7], "car_1157": [2, 5], "car_480": [5, 4], "car_481": [1, 3], "car_482": [6, 4], "car_483": [4, 1], "car_484": [5, 6], "car_485": [1, 7], "car_486": [2, 1], "car_487": [1, 6], "car_488": [4, 2], "car_489": [0, 4], "car_853": [6, 3], "car_852": [4, 2], "car_851": [3, 4], "car_582": [6, 0], "car_857": [7, 4], "car_856": [0, 1], "car_855": [4, 2], "car_854": [1, 2], "car_828": [7, 4], "car_829": [1, 4], "car_826": [7, 5], "car_827": [6, 3], "car_824": [6, 1], "car_825": [0, 1], "car_822": [7, 4], "car_823": [3, 5], "car_820": [2, 7], "car_821": [5, 4], "car_729": [4, 6], "car_728": [4, 1], "car_725": [6, 5], "car_724": [3, 0], "car_727": [7, 2], "car_726": [0, 4], "car_721": [7, 4], "car_720": [2, 3], "car_723": [6, 3], "car_722": [4, 2], "car_105": [7, 4], "car_104": [2, 3], "car_107": [6, 7], "car_106": [3, 7], "car_101": [7, 4], "car_100": [2, 6], "car_103": [3, 1], "car_102": [5, 1], "car_109": [4, 1], "car_108": [1, 2], "car_1235": [3, 1], "car_1234": [7, 2], "car_1237": [6, 4], "car_1236": [2, 3], "car_1231": [0, 3], "car_1230": [6, 4], "car_1233": [5, 7], "car_1232": [0, 4], "car_1239": [5, 3], "car_1238": [0, 7], "car_211": [2, 0], "car_210": [6, 1], "car_213": [1, 4], "car_212": [5, 4], "car_215": [1, 3], "car_214": [5, 3], "car_217": [5, 2], "car_216": [6, 2], "car_219": [4, 6], "car_218": [7, 2], "car_923": [4, 2], "car_922": [7, 1], "car_921": [2, 1], "car_920": [7, 4], "car_927": [3, 5], "car_926": [0, 6], "car_925": [4, 6], "car_924": [6, 5], "car_929": [7, 1], "car_928": [4, 2], "car_1149": [5, 6], "car_1148": [0, 3], "car_1419": [6, 4], "car_1418": [3, 4], "car_1143": [5, 0], "car_1142": [6, 1], "car_1141": [1, 7], "car_1140": [0, 2], "car_1147": [3, 5], "car_1146": [1, 6], "car_1145": [3, 6], "car_1144": [1, 7], "car_1099": [0, 6], "car_1098": [6, 5], "car_1091": [7, 2], "car_1090": [5, 3], "car_1093": [4, 6], "car_1092": [3, 4], "car_1095": [7, 5], "car_1094": [2, 0], "car_1097": [7, 0], "car_1096": [1, 5], "car_589": [0, 3], "car_588": [3, 6], "car_859": [3, 5], "car_858": [1, 5], "car_581": [5, 6], "car_580": [0, 1], "car_583": [0, 5], "car_850": [7, 3], "car_585": [1, 6], "car_584": [2, 0], "car_587": [7, 6], "car_586": [2, 4], "car_457": [3, 5], "car_456": [2, 6], "car_455": [7, 1], "car_454": [5, 7], "car_453": [2, 3], "car_452": [0, 2], "car_451": [4, 2], "car_450": [3, 4], "car_459": [0, 1], "car_458": [6, 3], "car_738": [6, 7], "car_739": [0, 5], "car_733": [1, 4], "car_732": [5, 7], "car_32": [5, 0], "car_730": [6, 1], "car_731": [0, 6], "car_736": [7, 3], "car_737": [4, 0], "car_734": [2, 1], "car_735": [7, 1], "car_38": [6, 7], "car_39": [1, 4], "car_112": [6, 1], "car_113": [0, 6], "car_110": [0, 4], "car_111": [2, 1], "car_116": [3, 5], "car_117": [1, 0], "car_114": [5, 1], "car_115": [7, 3], "car_118": [5, 6], "car_119": [7, 3], "car_208": [3, 7], "car_209": [4, 5], "car_206": [4, 2], "car_207": [7, 3], "car_204": [3, 4], "car_205": [3, 5], "car_202": [2, 4], "car_203": [5, 4], "car_200": [3, 1], "car_201": [0, 1], "car_1398": [4, 2], "car_1399": [6, 4], "car_1392": [3, 4], "car_1393": [4, 6], "car_1390": [0, 3], "car_1391": [5, 7], "car_1396": [0, 2], "car_1397": [3, 1], "car_1394": [1, 5], "car_1395": [3, 4], "car_930": [1, 7], "car_931": [3, 7], "car_932": [5, 7], "car_933": [4, 5], "car_934": [2, 6], "car_935": [3, 4], "car_936": [2, 7], "car_937": [7, 4], "car_938": [5, 0], "car_939": [6, 3], "car_6": [3, 7], "car_7": [6, 1], "car_4": [0, 4], "car_5": [7, 5], "car_2": [2, 7], "car_3": [3, 5], "car_1178": [0, 5], "car_1": [0, 5], "car_1176": [5, 6], "car_1177": [4, 0], "car_1174": [6, 7], "car_1175": [2, 4], "car_1172": [5, 3], "car_1173": [7, 5], "car_8": [0, 6], "car_9": [3, 4], "car_98": [1, 0], "car_99": [6, 0], "car_90": [7, 6], "car_91": [2, 0], "car_92": [5, 4], "car_93": [7, 3], "car_94": [3, 0], "car_95": [4, 2], "car_96": [4, 5], "car_97": [5, 7], "car_596": [5, 3], "car_597": [7, 2], "car_594": [3, 6], "car_595": [2, 4], "car_592": [4, 2], "car_593": [6, 5], "car_590": [2, 0], "car_591": [7, 6], "car_598": [4, 7], "car_599": [6, 2], "car_848": [6, 2], "car_849": [0, 5], "car_840": [7, 3], "car_841": [3, 6], "car_842": [6, 7], "car_843": [6, 1], "car_844": [0, 7], "car_845": [2, 0], "car_846": [5, 4], "car_847": [3, 1], "car_444": [3, 4], "car_445": [5, 6], "car_446": [4, 3], "car_447": [0, 4], "car_440": [5, 4], "car_441": [4, 2], "car_442": [0, 3], "car_443": [5, 1], "car_448": [4, 1], "car_449": [5, 2], "car_695": [5, 1], "car_694": [6, 7], "car_697": [1, 5], "car_696": [1, 0], "car_691": [6, 5], "car_690": [7, 3], "car_693": [5, 0], "car_692": [0, 6], "car_699": [2, 1], "car_698": [4, 3], "car_279": [4, 3], "car_278": [7, 5], "car_273": [7, 6], "car_272": [0, 6], "car_271": [4, 1], "car_270": [5, 2], "car_277": [3, 5], "car_276": [1, 6], "car_275": [7, 4], "car_274": [6, 0], "car_1389": [4, 3], "car_1388": [7, 5], "car_1385": [3, 2], "car_1384": [7, 3], "car_1387": [6, 7], "car_1386": [1, 7], "car_1381": [4, 1], "car_1380": [1, 2], "car_1383": [7, 6], "car_1382": [6, 4], "car_307": [4, 6], "car_306": [6, 2], "car_305": [5, 3], "car_304": [0, 4], "car_303": [2, 1], "car_302": [5, 6], "car_301": [4, 7], "car_300": [1, 6], "car_804": [1, 2], "car_309": [5, 4], "car_308": [6, 2], "car_909": [1, 2], "car_908": [7, 3], "car_905": [1, 5], "car_904": [6, 4], "car_907": [0, 6], "car_906": [4, 6], "car_901": [6, 7], "car_900": [4, 3], "car_903": [3, 5], "car_902": [5, 4], "car_1161": [2, 7], "car_1160": [6, 7], "car_1163": [1, 7], "car_1162": [7, 2], "car_1165": [4, 6], "car_1164": [3, 7], "car_1167": [5, 6], "car_1166": [2, 4], "car_1169": [2, 3], "car_1168": [4, 5], "car_87": [0, 6], "car_86": [4, 1], "car_85": [3, 7], "car_84": [1, 7], "car_83": [7, 2], "car_82": [0, 7], "car_81": [1, 4], "car_80": [4, 6], "car_89": [5, 2], "car_88": [7, 4], "car_875": [4, 1], "car_874": [5, 4], "car_877": [3, 6], "car_876": [2, 4], "car_871": [6, 1], "car_870": [3, 2], "car_873": [0, 5], "car_872": [6, 4], "car_879": [6, 0], "car_878": [7, 1], "car_471": [4, 2], "car_470": [3, 7], "car_473": [7, 0], "car_472": [6, 5], "car_475": [5, 4], "car_474": [3, 0], "car_477": [4, 3], "car_476": [1, 0], "car_479": [2, 0], "car_478": [6, 3], "car_682": [4, 5], "car_683": [0, 5], "car_680": [7, 4], "car_681": [1, 6], "car_686": [6, 2], "car_687": [0, 5], "car_684": [5, 1], "car_685": [4, 2], "car_688": [1, 2], "car_689": [5, 3], "car_268": [3, 4], "car_269": [3, 0], "car_260": [5, 2], "car_261": [1, 0], "car_262": [4, 7], "car_263": [5, 4], "car_264": [7, 6], "car_265": [4, 3], "car_266": [7, 2], "car_267": [1, 6], "car_1370": [5, 1], "car_1371": [1, 0], "car_1372": [3, 1], "car_1373": [4, 2], "car_1374": [6, 7], "car_1375": [5, 1], "car_1376": [5, 2], "car_1377": [7, 0], "car_1378": [4, 6], "car_1379": [5, 3], "car_314": [3, 5], "car_315": [4, 6], "car_316": [6, 1], "car_317": [3, 6], "car_310": [7, 6], "car_311": [1, 2], "car_312": [6, 1], "car_313": [5, 1], "car_318": [3, 6], "car_319": [4, 3], "car_918": [1, 7], "car_919": [6, 1], "car_912": [5, 0], "car_913": [1, 4], "car_910": [3, 4], "car_911": [1, 2], "car_916": [7, 4], "car_917": [2, 3], "car_914": [4, 6], "car_915": [3, 5], "car_1114": [5, 4], "car_1115": [3, 5], "car_1116": [4, 6], "car_1117": [7, 0], "car_1110": [2, 1], "car_1111": [4, 0], "car_1112": [2, 0], "car_1113": [7, 5], "car_1118": [4, 3], "car_1119": [6, 3], "car_1284": [1, 3], "car_1285": [6, 1], "car_1286": [7, 4], "car_1287": [6, 7], "car_1280": [0, 4], "car_1281": [2, 4], "car_1282": [2, 6], "car_1283": [7, 6], "car_1288": [2, 6], "car_1289": [1, 3], "car_1028": [4, 0], "car_1029": [4, 0], "car_1020": [5, 0], "car_1021": [7, 2], "car_1022": [0, 1], "car_1023": [0, 3], "car_1024": [0, 4], "car_1025": [4, 0], "car_1026": [0, 7], "car_1027": [5, 3], "car_862": [7, 2], "car_863": [5, 0], "car_860": [2, 3], "car_861": [4, 7], "car_866": [3, 2], "car_867": [5, 1], "car_864": [2, 3], "car_865": [2, 0], "car_868": [6, 4], "car_869": [1, 2]}