{"car_468": [2, 7], "car_469": [7, 0], "car_466": [7, 2], "car_467": [1, 2], "car_464": [7, 6], "car_465": [5, 4], "car_462": [5, 1], "car_463": [5, 2], "car_460": [4, 5], "car_461": [1, 3], "car_211": [6, 0], "car_210": [1, 0], "car_213": [6, 2], "car_212": [3, 0], "car_215": [7, 4], "car_214": [0, 6], "car_217": [7, 1], "car_216": [3, 0], "car_219": [1, 2], "car_218": [3, 5], "car_352": [0, 2], "car_353": [7, 5], "car_354": [1, 0], "car_355": [0, 6], "car_356": [6, 5], "car_357": [0, 1], "car_10": [5, 2], "car_11": [0, 2], "car_12": [3, 1], "car_13": [6, 1], "car_14": [4, 3], "car_15": [7, 0], "car_16": [1, 6], "car_17": [1, 4], "car_18": [0, 5], "car_19": [0, 6], "car_422": [1, 6], "car_423": [4, 6], "car_420": [5, 6], "car_421": [3, 1], "car_426": [0, 6], "car_427": [2, 1], "car_424": [5, 3], "car_425": [3, 6], "car_428": [3, 1], "car_429": [2, 6], "car_255": [4, 6], "car_254": [1, 4], "car_257": [7, 6], "car_256": [5, 1], "car_251": [7, 1], "car_250": [0, 4], "car_253": [1, 6], "car_252": [5, 1], "car_394": [1, 5], "car_395": [6, 0], "car_396": [7, 3], "car_397": [0, 1], "car_259": [1, 6], "car_258": [7, 5], "car_392": [5, 6], "car_393": [7, 3], "car_158": [1, 2], "car_159": [6, 3], "car_156": [2, 6], "car_157": [5, 6], "car_154": [4, 0], "car_155": [6, 1], "car_152": [3, 6], "car_153": [3, 7], "car_150": [7, 5], "car_151": [3, 0], "car_350": [4, 1], "car_351": [2, 4], "car_457": [0, 4], "car_456": [1, 3], "car_455": [7, 1], "car_454": [0, 5], "car_453": [4, 7], "car_452": [1, 0], "car_451": [7, 6], "car_450": [5, 3], "car_459": [0, 4], "car_458": [6, 3], "car_321": [1, 5], "car_320": [5, 3], "car_323": [4, 3], "car_322": [3, 0], "car_325": [2, 6], "car_324": [1, 5], "car_327": [4, 7], "car_326": [7, 2], "car_329": [0, 4], "car_328": [6, 5], "car_268": [0, 6], "car_140": [6, 3], "car_144": [5, 2], "car_260": [3, 6], "car_189": [0, 1], "car_188": [6, 5], "car_261": [0, 1], "car_185": [7, 4], "car_184": [3, 1], "car_187": [2, 5], "car_186": [7, 4], "car_181": [4, 3], "car_180": [3, 4], "car_183": [1, 4], "car_182": [2, 5], "car_263": [1, 6], "car_299": [7, 1], "car_113": [3, 6], "car_110": [3, 4], "car_111": [7, 4], "car_116": [3, 2], "car_117": [5, 0], "car_114": [1, 2], "car_115": [2, 1], "car_291": [2, 6], "car_290": [5, 2], "car_118": [0, 1], "car_119": [0, 2], "car_295": [0, 2], "car_294": [4, 6], "car_297": [1, 5], "car_296": [2, 5], "car_54": [7, 5], "car_55": [5, 1], "car_56": [3, 5], "car_57": [4, 3], "car_50": [2, 5], "car_51": [7, 6], "car_52": [4, 0], "car_53": [0, 4], "car_58": [0, 3], "car_59": [7, 6], "car_365": [4, 6], "car_364": [6, 2], "car_367": [0, 1], "car_366": [6, 0], "car_361": [6, 2], "car_360": [0, 4], "car_363": [5, 6], "car_362": [3, 6], "car_413": [5, 1], "car_412": [4, 5], "car_411": [7, 2], "car_410": [2, 1], "car_369": [3, 2], "car_368": [1, 4], "car_415": [1, 7], "car_414": [1, 6], "car_167": [4, 3], "car_166": [7, 1], "car_165": [1, 5], "car_164": [6, 1], "car_163": [4, 0], "car_162": [7, 2], "car_161": [3, 4], "car_160": [5, 6], "car_206": [7, 5], "car_207": [3, 6], "car_204": [7, 3], "car_205": [1, 7], "car_202": [0, 5], "car_203": [5, 0], "car_169": [3, 2], "car_168": [7, 1], "car_6": [7, 4], "car_7": [6, 1], "car_4": [3, 5], "car_5": [2, 4], "car_2": [4, 7], "car_3": [5, 7], "car_0": [7, 6], "car_1": [3, 1], "car_8": [1, 2], "car_9": [5, 1], "car_98": [0, 1], "car_99": [0, 3], "car_90": [5, 0], "car_91": [6, 7], "car_92": [3, 2], "car_93": [7, 6], "car_94": [3, 6], "car_95": [2, 7], "car_96": [7, 2], "car_97": [1, 4], "car_242": [7, 0], "car_243": [4, 1], "car_240": [7, 1], "car_241": [2, 7], "car_246": [6, 0], "car_247": [6, 7], "car_244": [5, 4], "car_245": [3, 0], "car_248": [7, 2], "car_249": [4, 0], "car_129": [7, 6], "car_128": [4, 0], "car_123": [6, 5], "car_122": [5, 6], "car_121": [6, 5], "car_120": [5, 3], "car_127": [7, 1], "car_126": [7, 0], "car_125": [6, 5], "car_124": [7, 4], "car_444": [0, 1], "car_445": [0, 3], "car_446": [1, 2], "car_447": [0, 3], "car_440": [6, 0], "car_441": [7, 2], "car_442": [6, 5], "car_443": [6, 2], "car_448": [1, 6], "car_349": [0, 7], "car_237": [1, 2], "car_236": [7, 2], "car_235": [7, 2], "car_234": [7, 3], "car_233": [0, 5], "car_232": [3, 1], "car_338": [0, 7], "car_339": [1, 5], "car_336": [7, 6], "car_337": [0, 1], "car_334": [2, 7], "car_335": [0, 1], "car_332": [1, 3], "car_333": [3, 5], "car_330": [2, 4], "car_238": [0, 5], "car_408": [6, 7], "car_409": [0, 2], "car_347": [2, 3], "car_346": [6, 2], "car_402": [6, 1], "car_403": [1, 0], "car_198": [0, 7], "car_199": [2, 5], "car_192": [6, 3], "car_193": [4, 3], "car_190": [2, 4], "car_191": [0, 6], "car_196": [6, 2], "car_197": [6, 0], "car_194": [6, 4], "car_195": [2, 4], "car_279": [5, 0], "car_278": [2, 6], "car_36": [0, 6], "car_37": [5, 0], "car_34": [2, 0], "car_35": [5, 3], "car_32": [4, 2], "car_33": [0, 3], "car_30": [5, 2], "car_31": [7, 2], "car_38": [3, 5], "car_39": [4, 0], "car_286": [3, 5], "car_287": [5, 4], "car_284": [6, 1], "car_285": [2, 5], "car_282": [2, 7], "car_283": [7, 6], "car_280": [3, 1], "car_281": [4, 3], "car_288": [3, 2], "car_289": [4, 0], "car_178": [3, 7], "car_179": [4, 7], "car_43": [4, 7], "car_42": [0, 3], "car_41": [4, 6], "car_40": [0, 7], "car_47": [3, 2], "car_46": [4, 3], "car_45": [4, 0], "car_44": [6, 5], "car_49": [6, 0], "car_48": [3, 0], "car_372": [2, 0], "car_373": [3, 5], "car_370": [2, 4], "car_371": [3, 5], "car_376": [3, 5], "car_377": [4, 3], "car_374": [5, 4], "car_375": [4, 3], "car_400": [6, 3], "car_401": [5, 6], "car_378": [2, 3], "car_379": [1, 0], "car_404": [7, 4], "car_405": [7, 6], "car_406": [1, 2], "car_407": [6, 7], "car_174": [6, 7], "car_175": [5, 1], "car_176": [7, 4], "car_177": [1, 0], "car_170": [1, 4], "car_171": [6, 4], "car_172": [7, 6], "car_173": [4, 1], "car_273": [5, 2], "car_272": [1, 3], "car_271": [6, 3], "car_270": [3, 4], "car_277": [0, 2], "car_276": [1, 4], "car_275": [4, 0], "car_274": [5, 3], "car_112": [4, 6], "car_298": [4, 1], "car_358": [1, 4], "car_307": [2, 6], "car_306": [6, 7], "car_305": [3, 5], "car_304": [7, 1], "car_303": [0, 2], "car_302": [3, 4], "car_301": [1, 6], "car_300": [6, 7], "car_293": [2, 6], "car_309": [5, 1], "car_308": [3, 2], "car_292": [6, 1], "car_359": [3, 6], "car_78": [6, 2], "car_79": [4, 1], "car_72": [4, 0], "car_73": [1, 5], "car_70": [1, 6], "car_71": [6, 4], "car_76": [6, 5], "car_77": [2, 3], "car_74": [7, 2], "car_75": [2, 1], "car_87": [3, 1], "car_86": [5, 0], "car_85": [0, 1], "car_84": [5, 4], "car_83": [6, 3], "car_82": [3, 7], "car_81": [1, 4], "car_80": [2, 0], "car_89": [6, 7], "car_88": [0, 3], "car_138": [5, 0], "car_139": [0, 2], "car_130": [6, 2], "car_131": [2, 7], "car_132": [3, 6], "car_133": [6, 5], "car_134": [2, 0], "car_135": [5, 1], "car_136": [4, 2], "car_137": [1, 5], "car_471": [1, 4], "car_470": [1, 4], "car_473": [5, 3], "car_472": [6, 7], "car_475": [3, 5], "car_474": [7, 5], "car_477": [3, 0], "car_476": [1, 7], "car_479": [0, 4], "car_478": [3, 1], "car_224": [4, 7], "car_225": [6, 5], "car_226": [2, 0], "car_227": [1, 2], "car_220": [6, 7], "car_221": [1, 7], "car_222": [4, 7], "car_223": [4, 7], "car_343": [6, 7], "car_342": [4, 5], "car_341": [0, 3], "car_340": [6, 0], "car_228": [6, 4], "car_229": [4, 0], "car_345": [4, 1], "car_344": [5, 6], "car_449": [7, 2], "car_231": [7, 1], "car_230": [5, 0], "car_419": [2, 7], "car_418": [1, 6], "car_239": [2, 6], "car_331": [4, 2], "car_25": [4, 7], "car_24": [3, 4], "car_27": [5, 6], "car_26": [1, 3], "car_21": [5, 0], "car_20": [1, 2], "car_23": [1, 0], "car_22": [4, 6], "car_417": [0, 5], "car_29": [2, 1], "car_28": [6, 0], "car_416": [1, 0], "car_208": [5, 3], "car_209": [1, 0], "car_435": [7, 3], "car_434": [3, 4], "car_437": [6, 5], "car_436": [6, 3], "car_431": [7, 1], "car_430": [0, 5], "car_433": [0, 6], "car_432": [6, 3], "car_398": [5, 3], "car_439": [7, 3], "car_438": [4, 0], "car_399": [4, 0], "car_389": [1, 6], "car_388": [2, 6], "car_387": [2, 7], "car_386": [2, 0], "car_385": [6, 1], "car_384": [0, 2], "car_383": [3, 4], "car_382": [2, 0], "car_381": [4, 1], "car_380": [3, 4], "car_141": [0, 1], "car_269": [4, 5], "car_143": [5, 0], "car_142": [1, 0], "car_145": [5, 3], "car_200": [3, 4], "car_147": [3, 1], "car_146": [7, 2], "car_149": [6, 1], "car_148": [5, 4], "car_262": [6, 3], "car_201": [5, 6], "car_264": [7, 6], "car_265": [1, 3], "car_266": [5, 3], "car_267": [7, 2], "car_480": [5, 2], "car_481": [7, 0], "car_390": [4, 2], "car_482": [7, 0], "car_391": [7, 6], "car_314": [2, 1], "car_315": [2, 6], "car_316": [1, 3], "car_317": [4, 2], "car_310": [7, 1], "car_311": [6, 3], "car_312": [3, 0], "car_313": [7, 5], "car_318": [7, 2], "car_319": [6, 3], "car_69": [3, 4], "car_68": [1, 3], "car_61": [1, 2], "car_60": [1, 6], "car_63": [2, 6], "car_62": [6, 7], "car_65": [3, 7], "car_64": [2, 5], "car_67": [1, 3], "car_66": [2, 0], "car_348": [3, 2], "car_105": [4, 6], "car_104": [5, 3], "car_107": [4, 3], "car_106": [7, 4], "car_101": [5, 2], "car_100": [7, 0], "car_103": [1, 0], "car_102": [6, 7], "car_109": [2, 7], "car_108": [0, 1]}