{"car_468": [0, 2], "car_469": [2, 1], "car_466": [7, 4], "car_467": [3, 7], "car_464": [2, 3], "car_465": [5, 3], "car_462": [5, 7], "car_463": [3, 6], "car_460": [0, 1], "car_461": [2, 5], "car_817": [4, 7], "car_816": [3, 0], "car_815": [1, 0], "car_814": [1, 6], "car_813": [2, 1], "car_812": [4, 0], "car_811": [3, 0], "car_810": [5, 0], "car_679": [1, 2], "car_678": [7, 3], "car_677": [3, 2], "car_676": [1, 6], "car_675": [2, 3], "car_674": [0, 5], "car_673": [1, 3], "car_672": [5, 4], "car_671": [2, 6], "car_670": [4, 2], "car_789": [6, 2], "car_788": [2, 4], "car_783": [3, 2], "car_782": [1, 2], "car_781": [7, 1], "car_780": [0, 3], "car_787": [4, 5], "car_786": [0, 2], "car_785": [6, 3], "car_784": [5, 2], "car_0": [2, 5], "car_1179": [1, 2], "car_255": [1, 2], "car_254": [2, 5], "car_257": [2, 3], "car_256": [6, 3], "car_251": [0, 5], "car_250": [3, 7], "car_253": [0, 1], "car_252": [5, 7], "car_259": [5, 6], "car_258": [3, 0], "car_1170": [6, 0], "car_1171": [4, 0], "car_1363": [7, 6], "car_1362": [5, 4], "car_1361": [6, 2], "car_1360": [7, 6], "car_1367": [7, 3], "car_1366": [3, 4], "car_1365": [7, 4], "car_1364": [3, 5], "car_1369": [1, 7], "car_1368": [0, 3], "car_321": [2, 7], "car_320": [0, 2], "car_323": [6, 0], "car_322": [7, 5], "car_325": [1, 0], "car_324": [5, 1], "car_327": [2, 5], "car_326": [0, 5], "car_329": [4, 0], "car_328": [1, 4], "car_1107": [6, 3], "car_1106": [3, 4], "car_1105": [7, 0], "car_1104": [6, 1], "car_1103": [4, 2], "car_1102": [3, 1], "car_1101": [5, 4], "car_1100": [6, 1], "car_1109": [3, 7], "car_1108": [7, 3], "car_1297": [4, 5], "car_1296": [2, 7], "car_1295": [6, 1], "car_1294": [6, 0], "car_1293": [7, 1], "car_1292": [0, 2], "car_1291": [4, 0], "car_1290": [7, 0], "car_1299": [7, 4], "car_1298": [6, 2], "car_1039": [4, 7], "car_1038": [3, 1], "car_1033": [2, 4], "car_1032": [3, 4], "car_1031": [1, 7], "car_1030": [7, 0], "car_1037": [7, 4], "car_1036": [2, 4], "car_1035": [1, 5], "car_1034": [5, 0], "car_899": [7, 3], "car_898": [3, 2], "car_897": [7, 4], "car_896": [2, 5], "car_895": [0, 2], "car_894": [6, 2], "car_893": [4, 5], "car_892": [3, 6], "car_891": [5, 6], "car_890": [4, 5], "car_419": [1, 4], "car_418": [6, 5], "car_413": [7, 5], "car_412": [4, 3], "car_411": [5, 0], "car_410": [0, 4], "car_417": [1, 4], "car_416": [5, 7], "car_415": [6, 7], "car_414": [3, 5], "car_527": [5, 2], "car_526": [6, 0], "car_525": [3, 2], "car_524": [4, 0], "car_523": [5, 6], "car_522": [5, 7], "car_521": [2, 0], "car_520": [0, 4], "car_529": [3, 0], "car_528": [4, 6], "car_668": [4, 7], "car_669": [6, 5], "car_664": [5, 6], "car_665": [6, 3], "car_666": [7, 3], "car_667": [1, 0], "car_660": [7, 1], "car_661": [0, 4], "car_662": [2, 3], "car_663": [7, 4], "car_798": [1, 6], "car_799": [0, 2], "car_790": [0, 1], "car_791": [5, 7], "car_792": [0, 7], "car_793": [5, 6], "car_794": [1, 2], "car_795": [4, 1], "car_796": [1, 0], "car_797": [5, 7], "car_242": [5, 4], "car_243": [1, 7], "car_240": [4, 6], "car_241": [0, 2], "car_246": [3, 6], "car_247": [0, 6], "car_244": [7, 3], "car_245": [1, 6], "car_248": [6, 4], "car_249": [5, 1], "car_1356": [6, 1], "car_1357": [4, 3], "car_1354": [6, 4], "car_1355": [7, 1], "car_1352": [1, 4], "car_1353": [3, 7], "car_1350": [3, 6], "car_1351": [5, 0], "car_1358": [2, 1], "car_1359": [2, 6], "car_338": [2, 5], "car_339": [7, 5], "car_336": [2, 3], "car_337": [5, 2], "car_334": [2, 7], "car_335": [6, 1], "car_332": [3, 6], "car_333": [4, 6], "car_330": [7, 3], "car_331": [2, 4], "car_1138": [2, 6], "car_1139": [7, 0], "car_1132": [5, 6], "car_1133": [5, 0], "car_1130": [4, 3], "car_1131": [0, 6], "car_1136": [3, 0], "car_1137": [4, 6], "car_1134": [1, 4], "car_1135": [3, 1], "car_1008": [6, 2], "car_1009": [7, 0], "car_1006": [0, 4], "car_1007": [3, 7], "car_1004": [6, 2], "car_1005": [0, 5], "car_1002": [1, 5], "car_1003": [4, 7], "car_1000": [5, 2], "car_1001": [7, 2], "car_36": [5, 4], "car_37": [6, 5], "car_34": [2, 1], "car_35": [6, 2], "car_888": [5, 7], "car_889": [1, 0], "car_30": [4, 7], "car_31": [2, 0], "car_884": [7, 4], "car_885": [6, 7], "car_886": [0, 7], "car_887": [2, 7], "car_880": [5, 6], "car_881": [7, 4], "car_882": [1, 7], "car_883": [6, 4], "car_408": [1, 7], "car_409": [3, 2], "car_400": [2, 1], "car_401": [5, 1], "car_402": [7, 0], "car_403": [1, 0], "car_404": [2, 5], "car_405": [4, 2], "car_406": [7, 4], "car_407": [7, 2], "car_534": [2, 0], "car_535": [1, 6], "car_536": [0, 4], "car_537": [2, 1], "car_530": [0, 4], "car_531": [3, 7], "car_532": [6, 1], "car_533": [0, 6], "car_538": [5, 0], "car_539": [4, 6], "car_659": [4, 1], "car_658": [1, 4], "car_651": [5, 6], "car_650": [0, 4], "car_653": [4, 6], "car_652": [1, 2], "car_655": [7, 6], "car_654": [6, 3], "car_657": [5, 3], "car_656": [6, 3], "car_1349": [0, 1], "car_1348": [6, 3], "car_1341": [6, 4], "car_1340": [3, 0], "car_1343": [4, 0], "car_1342": [5, 2], "car_1345": [1, 2], "car_1344": [0, 7], "car_1347": [5, 4], "car_1346": [0, 5], "car_349": [2, 3], "car_348": [6, 0], "car_343": [7, 1], "car_342": [6, 3], "car_341": [1, 4], "car_340": [3, 4], "car_347": [1, 6], "car_346": [4, 3], "car_345": [3, 7], "car_344": [4, 7], "car_1129": [7, 3], "car_1128": [5, 1], "car_1125": [1, 0], "car_1124": [5, 0], "car_1127": [6, 5], "car_1126": [4, 6], "car_1121": [6, 7], "car_1120": [4, 6], "car_1123": [3, 7], "car_1122": [1, 6], "car_1011": [4, 5], "car_1010": [5, 0], "car_1013": [6, 5], "car_1012": [4, 5], "car_1015": [3, 6], "car_1014": [5, 3], "car_1017": [4, 3], "car_1016": [2, 0], "car_1019": [1, 2], "car_1018": [0, 6], "car_25": [5, 0], "car_24": [2, 5], "car_27": [3, 1], "car_26": [7, 2], "car_21": [5, 2], "car_20": [6, 1], "car_23": [6, 4], "car_22": [3, 2], "car_29": [1, 5], "car_28": [0, 4], "car_435": [0, 7], "car_434": [4, 7], "car_437": [3, 5], "car_436": [7, 1], "car_431": [1, 3], "car_430": [4, 3], "car_433": [1, 4], "car_432": [5, 4], "car_439": [2, 7], "car_438": [4, 1], "car_501": [7, 2], "car_500": [2, 7], "car_503": [0, 1], "car_502": [3, 5], "car_505": [6, 7], "car_504": [3, 0], "car_507": [6, 0], "car_506": [0, 4], "car_509": [5, 1], "car_508": [2, 4], "car_646": [4, 2], "car_647": [6, 3], "car_644": [3, 1], "car_645": [5, 6], "car_642": [3, 5], "car_643": [4, 3], "car_640": [3, 2], "car_641": [4, 0], "car_648": [0, 6], "car_649": [7, 2], "car_1338": [2, 3], "car_1339": [7, 0], "car_1334": [6, 1], "car_1335": [0, 4], "car_1336": [5, 4], "car_1337": [1, 0], "car_1330": [2, 0], "car_1331": [5, 1], "car_1332": [7, 5], "car_1333": [3, 7], "car_358": [6, 7], "car_359": [2, 6], "car_350": [7, 6], "car_351": [1, 5], "car_352": [6, 2], "car_353": [0, 1], "car_354": [2, 5], "car_355": [2, 7], "car_356": [7, 2], "car_357": [1, 7], "car_1240": [6, 0], "car_1241": [5, 0], "car_1242": [7, 0], "car_1243": [3, 7], "car_1244": [6, 1], "car_1245": [1, 5], "car_1246": [3, 4], "car_1247": [0, 1], "car_1248": [4, 2], "car_1249": [2, 5], "car_1064": [5, 0], "car_1065": [7, 2], "car_1066": [5, 3], "car_1067": [7, 3], "car_1060": [1, 7], "car_1061": [2, 0], "car_1062": [5, 6], "car_1063": [3, 0], "car_1068": [0, 5], "car_1069": [5, 0], "car_10": [6, 5], "car_11": [0, 7], "car_12": [5, 6], "car_13": [3, 2], "car_14": [0, 6], "car_15": [1, 3], "car_16": [0, 3], "car_17": [0, 2], "car_18": [3, 0], "car_19": [4, 6], "car_422": [1, 3], "car_423": [3, 4], "car_420": [0, 7], "car_421": [5, 2], "car_426": [6, 0], "car_427": [5, 1], "car_424": [5, 6], "car_425": [3, 2], "car_428": [7, 0], "car_429": [1, 3], "car_518": [3, 7], "car_519": [1, 4], "car_516": [2, 4], "car_517": [1, 3], "car_514": [2, 3], "car_515": [0, 1], "car_512": [6, 2], "car_513": [3, 4], "car_510": [4, 7], "car_511": [0, 7], "car_633": [0, 2], "car_632": [7, 1], "car_631": [2, 7], "car_630": [4, 5], "car_637": [4, 1], "car_636": [3, 5], "car_635": [7, 2], "car_634": [3, 7], "car_639": [1, 6], "car_638": [0, 4], "car_189": [1, 5], "car_188": [7, 4], "car_185": [0, 2], "car_184": [7, 2], "car_187": [3, 1], "car_186": [5, 0], "car_181": [5, 2], "car_180": [2, 3], "car_183": [5, 4], "car_182": [1, 6], "car_749": [1, 3], "car_748": [2, 5], "car_747": [0, 1], "car_746": [5, 7], "car_745": [4, 5], "car_744": [1, 4], "car_743": [7, 4], "car_742": [0, 4], "car_741": [6, 4], "car_740": [4, 7], "car_299": [3, 4], "car_298": [7, 3], "car_291": [7, 1], "car_290": [6, 1], "car_293": [0, 1], "car_292": [1, 3], "car_295": [6, 2], "car_294": [3, 7], "car_297": [5, 0], "car_296": [2, 4], "car_1329": [1, 2], "car_1328": [6, 1], "car_1327": [3, 1], "car_1326": [6, 3], "car_1325": [4, 2], "car_1324": [3, 6], "car_1323": [0, 5], "car_1322": [3, 7], "car_1321": [7, 4], "car_1320": [2, 0], "car_365": [4, 1], "car_364": [3, 7], "car_367": [3, 4], "car_366": [6, 1], "car_361": [5, 2], "car_360": [1, 4], "car_363": [5, 0], "car_362": [6, 5], "car_369": [6, 5], "car_368": [4, 3], "car_167": [3, 5], "car_166": [0, 7], "car_165": [1, 3], "car_164": [2, 7], "car_163": [6, 7], "car_162": [4, 0], "car_161": [7, 6], "car_160": [5, 3], "car_169": [0, 3], "car_168": [4, 6], "car_1253": [4, 2], "car_1252": [7, 1], "car_1251": [4, 2], "car_1250": [7, 3], "car_1257": [2, 4], "car_1256": [4, 3], "car_1255": [2, 4], "car_1254": [0, 1], "car_1259": [4, 3], "car_1258": [3, 1], "car_1077": [3, 6], "car_1076": [5, 1], "car_1075": [4, 7], "car_1074": [7, 5], "car_1073": [6, 1], "car_1072": [4, 7], "car_1071": [3, 5], "car_1070": [7, 4], "car_1079": [2, 1], "car_1078": [4, 0], "car_985": [5, 7], "car_984": [6, 3], "car_987": [1, 6], "car_986": [1, 4], "car_981": [1, 2], "car_980": [4, 1], "car_983": [4, 0], "car_982": [3, 0], "car_989": [4, 7], "car_988": [3, 7], "car_569": [6, 2], "car_568": [4, 6], "car_563": [1, 3], "car_562": [1, 5], "car_561": [0, 3], "car_560": [3, 4], "car_567": [2, 6], "car_566": [6, 2], "car_565": [3, 1], "car_564": [7, 3], "car_620": [2, 0], "car_621": [5, 2], "car_622": [3, 6], "car_623": [4, 3], "car_624": [7, 6], "car_625": [4, 2], "car_626": [6, 0], "car_627": [2, 3], "car_628": [1, 3], "car_629": [3, 5], "car_198": [3, 5], "car_199": [4, 3], "car_192": [5, 1], "car_193": [7, 3], "car_190": [6, 7], "car_191": [4, 2], "car_196": [5, 3], "car_197": [7, 3], "car_194": [4, 2], "car_195": [2, 6], "car_758": [6, 1], "car_759": [5, 7], "car_754": [6, 3], "car_755": [0, 3], "car_756": [2, 4], "car_757": [4, 6], "car_750": [4, 1], "car_751": [6, 4], "car_752": [7, 5], "car_753": [3, 4], "car_286": [6, 3], "car_287": [1, 7], "car_284": [0, 6], "car_285": [3, 7], "car_282": [1, 4], "car_283": [3, 4], "car_280": [3, 5], "car_281": [4, 2], "car_288": [6, 1], "car_289": [2, 0], "car_1312": [0, 4], "car_1313": [4, 5], "car_1310": [2, 7], "car_1311": [5, 4], "car_1316": [5, 2], "car_1317": [7, 3], "car_1314": [0, 3], "car_1315": [7, 3], "car_1318": [1, 6], "car_1319": [6, 3], "car_372": [5, 7], "car_373": [6, 7], "car_370": [7, 0], "car_371": [4, 2], "car_376": [1, 4], "car_377": [4, 3], "car_374": [0, 1], "car_375": [2, 1], "car_378": [0, 2], "car_379": [2, 3], "car_174": [1, 0], "car_175": [0, 2], "car_176": [2, 0], "car_177": [0, 6], "car_170": [7, 1], "car_171": [6, 4], "car_172": [0, 5], "car_173": [2, 5], "car_178": [4, 0], "car_179": [0, 5], "car_1266": [5, 2], "car_1267": [7, 2], "car_1264": [0, 7], "car_1265": [0, 1], "car_1262": [7, 2], "car_1263": [6, 5], "car_1260": [1, 4], "car_1261": [4, 0], "car_1268": [4, 7], "car_1269": [0, 3], "car_1048": [3, 0], "car_1049": [4, 5], "car_1042": [4, 5], "car_1043": [5, 7], "car_1040": [0, 3], "car_1041": [1, 0], "car_1046": [0, 4], "car_1047": [5, 2], "car_1044": [7, 1], "car_1045": [0, 6], "car_78": [7, 1], "car_79": [1, 6], "car_72": [2, 3], "car_73": [1, 6], "car_70": [0, 7], "car_71": [3, 2], "car_76": [0, 3], "car_77": [2, 0], "car_74": [5, 4], "car_75": [3, 4], "car_992": [6, 2], "car_993": [0, 7], "car_990": [0, 6], "car_991": [4, 6], "car_996": [4, 1], "car_997": [2, 3], "car_994": [2, 1], "car_995": [7, 3], "car_998": [5, 1], "car_999": [3, 0], "car_578": [5, 2], "car_579": [1, 5], "car_553": [4, 5], "car_570": [3, 2], "car_571": [4, 1], "car_572": [0, 3], "car_573": [2, 1], "car_574": [5, 7], "car_806": [0, 6], "car_576": [6, 0], "car_577": [2, 1], "car_807": [2, 5], "car_800": [2, 6], "car_801": [5, 4], "car_802": [1, 4], "car_803": [4, 1], "car_619": [5, 7], "car_618": [1, 5], "car_615": [3, 1], "car_614": [7, 4], "car_617": [7, 1], "car_616": [2, 0], "car_611": [5, 7], "car_610": [0, 4], "car_613": [3, 1], "car_612": [7, 0], "car_769": [6, 3], "car_768": [5, 2], "car_761": [1, 6], "car_760": [7, 3], "car_763": [0, 7], "car_762": [6, 5], "car_765": [1, 5], "car_764": [7, 3], "car_767": [0, 2], "car_766": [6, 7], "car_575": [3, 1], "car_1305": [1, 5], "car_1304": [7, 0], "car_1307": [5, 1], "car_1306": [6, 5], "car_1301": [0, 5], "car_1300": [6, 5], "car_1303": [5, 3], "car_1302": [2, 3], "car_1309": [4, 6], "car_1308": [1, 0], "car_389": [2, 1], "car_388": [0, 4], "car_387": [6, 1], "car_386": [2, 5], "car_385": [4, 2], "car_384": [0, 2], "car_383": [3, 1], "car_382": [2, 1], "car_381": [6, 1], "car_380": [7, 1], "car_141": [2, 1], "car_140": [4, 6], "car_143": [7, 5], "car_142": [5, 1], "car_145": [5, 3], "car_144": [3, 1], "car_147": [6, 2], "car_146": [1, 6], "car_149": [1, 7], "car_148": [5, 6], "car_1279": [5, 7], "car_1278": [0, 7], "car_1271": [5, 2], "car_1270": [5, 1], "car_1273": [4, 1], "car_1272": [7, 4], "car_1275": [2, 6], "car_1274": [5, 6], "car_1277": [6, 2], "car_1276": [2, 0], "car_1059": [5, 0], "car_1058": [6, 2], "car_1055": [0, 7], "car_1054": [4, 7], "car_1057": [3, 2], "car_1056": [2, 0], "car_1051": [5, 0], "car_1050": [2, 7], "car_1053": [3, 6], "car_1052": [1, 7], "car_69": [7, 3], "car_68": [6, 2], "car_61": [7, 1], "car_60": [2, 4], "car_63": [4, 0], "car_62": [6, 0], "car_65": [3, 7], "car_64": [2, 5], "car_67": [7, 1], "car_66": [2, 1], "car_969": [7, 3], "car_968": [5, 4], "car_967": [0, 3], "car_966": [5, 3], "car_965": [1, 4], "car_964": [2, 5], "car_963": [4, 2], "car_962": [7, 0], "car_961": [5, 6], "car_960": [0, 3], "car_545": [5, 6], "car_544": [2, 6], "car_547": [6, 2], "car_546": [1, 7], "car_541": [3, 2], "car_540": [0, 7], "car_543": [0, 4], "car_542": [4, 5], "car_549": [7, 5], "car_548": [5, 0], "car_819": [7, 4], "car_818": [2, 7], "car_33": [4, 1], "car_608": [4, 7], "car_609": [1, 2], "car_602": [4, 0], "car_603": [5, 6], "car_600": [5, 4], "car_601": [7, 2], "car_606": [5, 6], "car_607": [3, 1], "car_604": [4, 1], "car_605": [2, 0], "car_776": [6, 5], "car_777": [5, 2], "car_774": [5, 6], "car_775": [3, 0], "car_772": [0, 7], "car_773": [2, 7], "car_770": [5, 3], "car_771": [7, 1], "car_778": [7, 0], "car_779": [6, 5], "car_398": [6, 4], "car_399": [0, 6], "car_394": [2, 0], "car_395": [5, 4], "car_396": [3, 7], "car_397": [4, 3], "car_390": [5, 1], "car_391": [3, 5], "car_392": [3, 2], "car_393": [0, 4], "car_158": [2, 7], "car_159": [2, 7], "car_156": [2, 1], "car_157": [3, 1], "car_154": [7, 1], "car_155": [6, 3], "car_152": [4, 7], "car_153": [0, 4], "car_150": [7, 5], "car_151": [1, 6], "car_1208": [1, 6], "car_1209": [3, 5], "car_1204": [5, 0], "car_1205": [7, 1], "car_1206": [4, 2], "car_1207": [7, 2], "car_1200": [6, 7], "car_1201": [0, 7], "car_1202": [5, 2], "car_1203": [4, 3], "car_1198": [5, 3], "car_1199": [1, 2], "car_1194": [2, 5], "car_1195": [4, 1], "car_1196": [6, 5], "car_1197": [0, 1], "car_1190": [5, 3], "car_1191": [7, 3], "car_1192": [5, 3], "car_1193": [6, 2], "car_978": [4, 3], "car_979": [3, 1], "car_974": [0, 2], "car_975": [5, 2], "car_976": [4, 1], "car_977": [3, 7], "car_970": [2, 3], "car_971": [4, 1], "car_972": [1, 4], "car_973": [6, 4], "car_54": [0, 1], "car_55": [1, 6], "car_56": [2, 7], "car_57": [1, 3], "car_50": [6, 0], "car_51": [0, 4], "car_52": [2, 7], "car_53": [3, 0], "car_58": [4, 1], "car_59": [0, 1], "car_552": [7, 3], "car_805": [4, 7], "car_550": [1, 2], "car_551": [3, 4], "car_556": [2, 6], "car_557": [5, 3], "car_554": [4, 6], "car_555": [0, 7], "car_558": [7, 3], "car_559": [1, 6], "car_808": [5, 4], "car_809": [4, 5], "car_703": [7, 3], "car_702": [4, 1], "car_701": [1, 3], "car_700": [7, 6], "car_707": [2, 6], "car_706": [1, 0], "car_705": [5, 7], "car_704": [0, 3], "car_709": [7, 3], "car_708": [1, 2], "car_129": [5, 6], "car_128": [2, 3], "car_123": [1, 2], "car_122": [7, 6], "car_121": [6, 4], "car_120": [4, 6], "car_127": [7, 1], "car_126": [5, 3], "car_125": [2, 5], "car_124": [4, 3], "car_1219": [0, 7], "car_1218": [6, 1], "car_1217": [4, 3], "car_1216": [5, 6], "car_1215": [4, 7], "car_1214": [3, 6], "car_1213": [7, 5], "car_1212": [2, 6], "car_1211": [0, 2], "car_1210": [6, 1], "car_237": [2, 1], "car_236": [4, 5], "car_235": [3, 7], "car_234": [1, 7], "car_233": [7, 4], "car_232": [5, 1], "car_231": [3, 2], "car_230": [7, 6], "car_239": [3, 7], "car_238": [5, 1], "car_1189": [0, 7], "car_1188": [4, 2], "car_1187": [3, 7], "car_1186": [1, 4], "car_1185": [5, 3], "car_1184": [2, 5], "car_1183": [0, 6], "car_1182": [6, 4], "car_1181": [4, 6], "car_1180": [3, 0], "car_949": [7, 6], "car_948": [4, 2], "car_941": [1, 7], "car_940": [0, 6], "car_943": [0, 4], "car_942": [3, 0], "car_945": [4, 3], "car_944": [5, 0], "car_947": [0, 4], "car_946": [2, 6], "car_493": [6, 1], "car_492": [0, 2], "car_491": [4, 5], "car_490": [3, 7], "car_497": [2, 0], "car_496": [6, 0], "car_495": [2, 1], "car_494": [6, 5], "car_499": [6, 2], "car_498": [7, 5], "car_43": [7, 4], "car_42": [2, 6], "car_41": [1, 0], "car_40": [3, 6], "car_47": [5, 2], "car_46": [6, 0], "car_45": [4, 6], "car_44": [1, 7], "car_49": [2, 4], "car_48": [3, 6], "car_831": [0, 6], "car_830": [7, 2], "car_833": [6, 1], "car_832": [2, 1], "car_835": [6, 2], "car_834": [7, 6], "car_837": [3, 0], "car_836": [7, 6], "car_839": [6, 5], "car_838": [1, 6], "car_710": [1, 2], "car_711": [4, 1], "car_712": [2, 5], "car_713": [7, 0], "car_714": [2, 7], "car_715": [7, 5], "car_716": [3, 7], "car_717": [2, 1], "car_718": [5, 7], "car_719": [7, 2], "car_138": [1, 7], "car_139": [3, 5], "car_130": [7, 3], "car_131": [4, 6], "car_132": [0, 3], "car_133": [5, 1], "car_134": [2, 7], "car_135": [5, 7], "car_136": [4, 5], "car_137": [0, 1], "car_1222": [1, 0], "car_1223": [0, 2], "car_1220": [1, 6], "car_1221": [3, 2], "car_1226": [6, 3], "car_1227": [0, 2], "car_1224": [2, 7], "car_1225": [7, 4], "car_1228": [6, 0], "car_1229": [1, 7], "car_224": [0, 3], "car_225": [2, 3], "car_226": [5, 2], "car_227": [7, 6], "car_220": [4, 6], "car_221": [6, 4], "car_222": [2, 3], "car_223": [6, 0], "car_228": [1, 2], "car_229": [3, 7], "car_1086": [0, 6], "car_1087": [1, 2], "car_1084": [1, 5], "car_1085": [3, 6], "car_1082": [0, 3], "car_1083": [7, 0], "car_1080": [7, 6], "car_1081": [6, 0], "car_1088": [0, 3], "car_1089": [6, 3], "car_956": [3, 2], "car_957": [4, 0], "car_954": [7, 3], "car_955": [7, 2], "car_952": [6, 7], "car_953": [6, 5], "car_950": [7, 5], "car_951": [1, 4], "car_958": [6, 0], "car_959": [2, 5], "car_1158": [0, 7], "car_1159": [3, 2], "car_1150": [3, 4], "car_1151": [6, 1], "car_1152": [0, 4], "car_1153": [4, 2], "car_1154": [0, 5], "car_1155": [5, 7], "car_1156": [7, 5], "car_1157": [4, 7], "car_480": [4, 2], "car_481": [0, 2], "car_482": [2, 1], "car_483": [5, 6], "car_484": [1, 3], "car_485": [4, 0], "car_486": [0, 2], "car_487": [2, 7], "car_488": [3, 6], "car_489": [4, 3], "car_853": [5, 4], "car_852": [7, 6], "car_851": [0, 6], "car_582": [4, 7], "car_857": [6, 1], "car_856": [4, 3], "car_855": [3, 1], "car_854": [1, 3], "car_828": [0, 4], "car_829": [2, 7], "car_826": [0, 1], "car_827": [3, 6], "car_824": [1, 2], "car_825": [6, 0], "car_822": [4, 0], "car_823": [7, 6], "car_820": [3, 2], "car_821": [3, 2], "car_729": [4, 5], "car_728": [6, 3], "car_725": [3, 6], "car_724": [1, 6], "car_727": [2, 0], "car_726": [6, 3], "car_721": [6, 7], "car_720": [1, 4], "car_723": [5, 6], "car_722": [0, 1], "car_105": [2, 4], "car_104": [0, 5], "car_107": [0, 3], "car_106": [1, 5], "car_101": [6, 1], "car_100": [2, 5], "car_103": [6, 5], "car_102": [2, 0], "car_109": [2, 1], "car_108": [2, 3], "car_1235": [1, 5], "car_1234": [0, 4], "car_1237": [2, 1], "car_1236": [3, 7], "car_1231": [6, 7], "car_1230": [3, 2], "car_1233": [4, 0], "car_1232": [5, 3], "car_1239": [3, 6], "car_1238": [7, 2], "car_211": [7, 1], "car_210": [2, 6], "car_213": [7, 5], "car_212": [1, 3], "car_215": [2, 3], "car_214": [6, 1], "car_217": [7, 2], "car_216": [5, 2], "car_219": [4, 1], "car_218": [3, 5], "car_923": [7, 1], "car_922": [5, 6], "car_921": [6, 4], "car_920": [1, 7], "car_927": [4, 1], "car_926": [5, 1], "car_925": [2, 3], "car_924": [3, 0], "car_929": [1, 3], "car_928": [7, 2], "car_1149": [7, 3], "car_1148": [5, 0], "car_1143": [0, 5], "car_1142": [3, 0], "car_1141": [2, 5], "car_1140": [1, 5], "car_1147": [0, 6], "car_1146": [7, 4], "car_1145": [6, 5], "car_1144": [7, 4], "car_1099": [6, 7], "car_1098": [3, 7], "car_1091": [3, 6], "car_1090": [1, 7], "car_1093": [3, 4], "car_1092": [2, 1], "car_1095": [5, 7], "car_1094": [2, 6], "car_1097": [1, 6], "car_1096": [7, 2], "car_589": [4, 1], "car_588": [1, 3], "car_859": [1, 5], "car_858": [7, 6], "car_581": [0, 1], "car_580": [6, 7], "car_583": [0, 1], "car_850": [4, 6], "car_585": [0, 5], "car_584": [3, 5], "car_587": [7, 2], "car_586": [5, 2], "car_457": [2, 6], "car_456": [0, 7], "car_455": [4, 7], "car_454": [3, 7], "car_453": [6, 3], "car_452": [1, 4], "car_451": [5, 3], "car_450": [2, 4], "car_459": [4, 3], "car_458": [3, 7], "car_738": [5, 4], "car_739": [7, 3], "car_733": [3, 6], "car_732": [2, 0], "car_32": [7, 0], "car_730": [6, 1], "car_731": [0, 2], "car_736": [1, 2], "car_737": [0, 1], "car_734": [6, 2], "car_735": [5, 3], "car_38": [2, 4], "car_39": [7, 2], "car_112": [2, 7], "car_113": [6, 2], "car_110": [4, 3], "car_111": [0, 3], "car_116": [2, 6], "car_117": [7, 6], "car_114": [3, 6], "car_115": [0, 2], "car_118": [1, 6], "car_119": [3, 7], "car_208": [2, 0], "car_209": [0, 3], "car_206": [7, 0], "car_207": [3, 5], "car_204": [3, 4], "car_205": [6, 7], "car_202": [7, 5], "car_203": [5, 0], "car_200": [6, 5], "car_201": [1, 4], "car_1392": [4, 7], "car_1393": [0, 4], "car_1390": [2, 7], "car_1391": [5, 2], "car_1396": [7, 1], "car_1397": [3, 5], "car_1394": [2, 3], "car_1395": [5, 6], "car_930": [7, 4], "car_931": [4, 3], "car_932": [7, 4], "car_933": [5, 0], "car_934": [7, 4], "car_935": [6, 7], "car_936": [2, 4], "car_937": [6, 4], "car_938": [7, 6], "car_939": [5, 3], "car_6": [1, 4], "car_7": [3, 7], "car_4": [2, 3], "car_5": [7, 2], "car_2": [4, 1], "car_3": [0, 6], "car_1178": [7, 2], "car_1": [7, 4], "car_1176": [7, 5], "car_1177": [5, 4], "car_1174": [0, 7], "car_1175": [1, 3], "car_1172": [0, 3], "car_1173": [5, 2], "car_8": [2, 6], "car_9": [4, 7], "car_98": [1, 6], "car_99": [0, 7], "car_90": [1, 5], "car_91": [2, 6], "car_92": [7, 5], "car_93": [1, 5], "car_94": [6, 0], "car_95": [5, 7], "car_96": [0, 6], "car_97": [2, 7], "car_596": [2, 6], "car_597": [3, 2], "car_594": [6, 3], "car_595": [0, 5], "car_592": [5, 2], "car_593": [3, 6], "car_590": [6, 0], "car_591": [2, 3], "car_598": [6, 7], "car_599": [0, 4], "car_848": [7, 4], "car_849": [1, 3], "car_840": [6, 3], "car_841": [2, 3], "car_842": [2, 1], "car_843": [5, 4], "car_844": [1, 0], "car_845": [4, 5], "car_846": [7, 3], "car_847": [2, 5], "car_444": [4, 7], "car_445": [6, 3], "car_446": [2, 1], "car_447": [7, 1], "car_440": [3, 5], "car_441": [0, 1], "car_442": [7, 5], "car_443": [1, 3], "car_448": [6, 2], "car_449": [0, 1], "car_695": [3, 7], "car_694": [0, 7], "car_697": [3, 0], "car_696": [6, 1], "car_691": [0, 6], "car_690": [3, 7], "car_693": [4, 3], "car_692": [7, 1], "car_699": [6, 0], "car_698": [4, 2], "car_279": [0, 1], "car_278": [6, 2], "car_273": [5, 3], "car_272": [2, 7], "car_271": [6, 7], "car_270": [4, 3], "car_277": [3, 6], "car_276": [1, 2], "car_275": [0, 6], "car_274": [1, 2], "car_1389": [6, 1], "car_1388": [4, 2], "car_1385": [7, 6], "car_1384": [5, 0], "car_1387": [7, 6], "car_1386": [6, 3], "car_1381": [1, 4], "car_1380": [2, 6], "car_1383": [2, 4], "car_1382": [0, 5], "car_307": [1, 7], "car_306": [4, 7], "car_305": [7, 6], "car_304": [5, 7], "car_303": [4, 1], "car_302": [0, 1], "car_301": [4, 7], "car_300": [0, 1], "car_804": [7, 0], "car_309": [3, 1], "car_308": [6, 1], "car_909": [6, 2], "car_908": [7, 4], "car_905": [6, 0], "car_904": [1, 4], "car_907": [5, 3], "car_906": [2, 3], "car_901": [4, 6], "car_900": [1, 5], "car_903": [7, 4], "car_902": [1, 0], "car_1161": [1, 6], "car_1160": [6, 5], "car_1163": [6, 1], "car_1162": [4, 6], "car_1165": [3, 7], "car_1164": [5, 2], "car_1167": [5, 0], "car_1166": [0, 3], "car_1169": [4, 7], "car_1168": [1, 5], "car_87": [7, 5], "car_86": [4, 1], "car_85": [1, 2], "car_84": [0, 5], "car_83": [3, 6], "car_82": [7, 4], "car_81": [2, 0], "car_80": [6, 7], "car_89": [2, 5], "car_88": [3, 4], "car_875": [0, 7], "car_874": [6, 5], "car_877": [7, 6], "car_876": [5, 1], "car_871": [2, 7], "car_870": [5, 2], "car_873": [0, 4], "car_872": [7, 5], "car_879": [6, 2], "car_878": [1, 0], "car_471": [4, 7], "car_470": [1, 6], "car_473": [1, 4], "car_472": [7, 0], "car_475": [4, 2], "car_474": [3, 6], "car_477": [5, 7], "car_476": [7, 1], "car_479": [3, 7], "car_478": [7, 2], "car_682": [3, 4], "car_683": [7, 0], "car_680": [4, 7], "car_681": [7, 5], "car_686": [3, 5], "car_687": [4, 7], "car_684": [4, 7], "car_685": [7, 6], "car_688": [5, 7], "car_689": [7, 1], "car_268": [0, 3], "car_269": [2, 4], "car_260": [1, 2], "car_261": [6, 1], "car_262": [5, 0], "car_263": [3, 4], "car_264": [0, 3], "car_265": [5, 1], "car_266": [3, 0], "car_267": [6, 1], "car_1370": [3, 7], "car_1371": [4, 7], "car_1372": [5, 1], "car_1373": [2, 5], "car_1374": [7, 1], "car_1375": [6, 5], "car_1376": [6, 0], "car_1377": [5, 1], "car_1378": [7, 3], "car_1379": [1, 3], "car_314": [1, 7], "car_315": [3, 0], "car_316": [6, 2], "car_317": [2, 5], "car_310": [0, 2], "car_311": [1, 4], "car_312": [3, 4], "car_313": [0, 5], "car_318": [4, 6], "car_319": [6, 2], "car_918": [4, 5], "car_919": [0, 2], "car_912": [4, 1], "car_913": [7, 3], "car_910": [1, 3], "car_911": [7, 4], "car_916": [7, 2], "car_917": [3, 0], "car_914": [3, 1], "car_915": [2, 7], "car_1114": [4, 3], "car_1115": [2, 3], "car_1116": [4, 3], "car_1117": [6, 3], "car_1110": [7, 5], "car_1111": [2, 7], "car_1112": [5, 3], "car_1113": [1, 5], "car_1118": [7, 6], "car_1119": [7, 0], "car_1284": [6, 5], "car_1285": [2, 7], "car_1286": [1, 6], "car_1287": [3, 0], "car_1280": [7, 1], "car_1281": [4, 6], "car_1282": [0, 3], "car_1283": [2, 6], "car_1288": [4, 3], "car_1289": [6, 5], "car_1028": [6, 7], "car_1029": [2, 1], "car_1020": [4, 3], "car_1021": [6, 4], "car_1022": [1, 3], "car_1023": [3, 0], "car_1024": [6, 5], "car_1025": [0, 4], "car_1026": [1, 2], "car_1027": [4, 6], "car_862": [7, 6], "car_863": [6, 4], "car_860": [4, 1], "car_861": [5, 7], "car_866": [3, 4], "car_867": [4, 5], "car_864": [2, 3], "car_865": [7, 5], "car_868": [0, 5], "car_869": [6, 2]}