{"car_3253": [7, 3], "car_2009": [5, 2], "car_3196": [6, 1], "car_3197": [0, 1], "car_3194": [1, 4], "car_3195": [4, 2], "car_3192": [5, 7], "car_3193": [7, 2], "car_3190": [0, 6], "car_3191": [2, 5], "car_3198": [2, 7], "car_3199": [5, 3], "car_2229": [3, 7], "car_2228": [7, 4], "car_468": [4, 7], "car_469": [6, 5], "car_466": [7, 4], "car_467": [1, 5], "car_464": [2, 3], "car_465": [5, 4], "car_462": [6, 5], "car_463": [0, 2], "car_460": [3, 5], "car_461": [4, 3], "car_2455": [5, 3], "car_3068": [2, 7], "car_3069": [5, 3], "car_2751": [2, 1], "car_3062": [0, 2], "car_3063": [2, 1], "car_3060": [4, 5], "car_3061": [6, 1], "car_3066": [6, 4], "car_3067": [0, 1], "car_3064": [7, 1], "car_3065": [4, 2], "car_3268": [3, 6], "car_817": [0, 6], "car_816": [4, 6], "car_3260": [4, 3], "car_3261": [0, 3], "car_3262": [2, 3], "car_3263": [3, 0], "car_3264": [4, 6], "car_815": [3, 6], "car_3266": [0, 4], "car_3267": [7, 6], "car_2750": [4, 3], "car_814": [1, 2], "car_813": [7, 0], "car_812": [5, 2], "car_2072": [3, 2], "car_811": [2, 5], "car_2073": [4, 7], "car_810": [0, 2], "car_3214": [7, 0], "car_679": [5, 3], "car_678": [2, 1], "car_677": [0, 5], "car_676": [6, 5], "car_675": [4, 7], "car_674": [1, 6], "car_673": [7, 2], "car_672": [5, 6], "car_671": [2, 4], "car_670": [0, 5], "car_2771": [1, 0], "car_3213": [2, 3], "car_2770": [5, 2], "car_3212": [0, 3], "car_2078": [3, 4], "car_2079": [2, 4], "car_2456": [7, 6], "car_2341": [5, 3], "car_2670": [4, 5], "car_2671": [0, 1], "car_2754": [1, 0], "car_2672": [2, 4], "car_2223": [4, 6], "car_789": [1, 2], "car_788": [7, 5], "car_3338": [5, 7], "car_2222": [7, 1], "car_783": [7, 6], "car_782": [5, 3], "car_781": [2, 4], "car_780": [0, 5], "car_787": [5, 6], "car_786": [2, 0], "car_785": [0, 6], "car_784": [4, 5], "car_2220": [2, 3], "car_0": [0, 4], "car_2227": [5, 4], "car_1179": [4, 0], "car_2375": [0, 7], "car_2226": [2, 3], "car_3339": [7, 5], "car_2225": [0, 7], "car_2224": [6, 7], "car_255": [6, 3], "car_254": [4, 2], "car_257": [5, 6], "car_256": [2, 3], "car_251": [5, 2], "car_250": [0, 3], "car_253": [3, 0], "car_252": [7, 6], "car_1961": [5, 2], "car_1960": [0, 1], "car_1963": [4, 0], "car_1962": [7, 0], "car_259": [3, 1], "car_258": [1, 7], "car_1967": [6, 0], "car_1966": [1, 5], "car_1170": [4, 0], "car_1171": [6, 0], "car_1565": [1, 4], "car_1564": [5, 2], "car_1567": [2, 5], "car_1566": [0, 6], "car_1561": [6, 4], "car_1560": [3, 1], "car_1563": [2, 7], "car_1562": [0, 3], "car_1569": [1, 3], "car_1568": [5, 3], "car_1413": [2, 7], "car_1363": [0, 4], "car_1362": [6, 4], "car_1361": [4, 6], "car_1360": [7, 1], "car_1367": [1, 3], "car_1366": [7, 0], "car_1365": [5, 7], "car_1364": [2, 5], "car_1369": [6, 5], "car_1368": [4, 2], "car_2758": [5, 0], "car_2376": [2, 1], "car_321": [1, 4], "car_320": [7, 5], "car_323": [4, 0], "car_322": [3, 2], "car_325": [0, 7], "car_324": [6, 3], "car_327": [1, 5], "car_326": [7, 3], "car_329": [2, 3], "car_328": [3, 0], "car_2722": [6, 5], "car_2723": [0, 5], "car_2720": [7, 1], "car_2721": [4, 3], "car_2726": [3, 7], "car_2727": [4, 0], "car_2724": [7, 6], "car_2725": [1, 3], "car_2728": [6, 5], "car_2729": [0, 1], "car_1107": [2, 3], "car_1106": [6, 7], "car_1105": [4, 7], "car_1104": [2, 4], "car_1103": [0, 6], "car_1102": [6, 4], "car_1101": [3, 6], "car_1100": [1, 3], "car_1109": [1, 6], "car_1108": [7, 6], "car_1297": [2, 1], "car_1296": [0, 6], "car_1295": [6, 7], "car_1294": [4, 7], "car_1293": [3, 0], "car_1292": [1, 2], "car_1291": [7, 0], "car_1290": [2, 6], "car_1299": [3, 7], "car_1298": [7, 4], "car_2928": [6, 4], "car_2929": [2, 7], "car_2924": [5, 6], "car_2925": [7, 6], "car_2926": [1, 3], "car_2927": [4, 6], "car_2920": [4, 0], "car_2921": [6, 4], "car_2922": [0, 7], "car_2923": [2, 5], "car_2586": [5, 2], "car_2587": [7, 6], "car_2584": [0, 5], "car_2585": [2, 4], "car_2582": [4, 0], "car_2583": [6, 4], "car_2580": [7, 5], "car_2581": [3, 5], "car_2858": [4, 3], "car_2859": [6, 0], "car_2588": [1, 3], "car_2589": [3, 7], "car_2036": [0, 1], "car_2037": [2, 7], "car_1039": [4, 0], "car_1038": [3, 6], "car_1749": [6, 7], "car_1748": [1, 2], "car_2030": [3, 1], "car_2031": [4, 1], "car_1033": [4, 2], "car_1032": [3, 5], "car_1031": [7, 1], "car_1030": [5, 4], "car_1037": [5, 2], "car_1036": [2, 4], "car_1035": [0, 7], "car_1034": [6, 5], "car_1589": [6, 4], "car_1588": [3, 1], "car_1583": [1, 2], "car_1582": [7, 4], "car_1581": [5, 3], "car_1580": [2, 5], "car_1587": [7, 0], "car_1586": [5, 7], "car_1585": [0, 3], "car_1584": [6, 4], "car_1852": [5, 1], "car_1906": [1, 2], "car_3295": [1, 4], "car_3294": [5, 2], "car_3297": [6, 4], "car_3296": [4, 1], "car_3291": [6, 4], "car_3290": [1, 7], "car_899": [0, 1], "car_898": [6, 3], "car_897": [4, 3], "car_896": [1, 7], "car_895": [7, 4], "car_894": [6, 0], "car_893": [3, 0], "car_892": [1, 5], "car_891": [7, 0], "car_890": [2, 0], "car_2458": [3, 6], "car_2459": [6, 7], "car_2108": [0, 3], "car_2109": [5, 7], "car_2102": [0, 6], "car_2103": [7, 1], "car_2100": [4, 7], "car_2101": [6, 7], "car_2106": [4, 2], "car_2107": [6, 4], "car_2104": [1, 2], "car_2105": [3, 6], "car_1631": [4, 2], "car_1630": [1, 3], "car_1633": [0, 5], "car_1632": [6, 4], "car_1635": [5, 0], "car_1634": [2, 7], "car_1637": [1, 6], "car_1636": [7, 2], "car_1639": [4, 7], "car_1638": [3, 6], "car_1751": [7, 5], "car_2803": [4, 1], "car_2802": [3, 0], "car_2801": [1, 3], "car_3189": [6, 4], "car_3188": [4, 1], "car_2800": [7, 2], "car_3269": [4, 1], "car_3181": [7, 1], "car_2807": [7, 5], "car_1756": [5, 0], "car_3182": [4, 7], "car_3185": [5, 0], "car_3184": [2, 3], "car_3187": [1, 4], "car_2806": [5, 1], "car_2805": [0, 1], "car_3306": [6, 1], "car_2816": [2, 3], "car_2804": [6, 3], "car_3380": [7, 5], "car_3104": [0, 4], "car_2414": [4, 7], "car_419": [0, 5], "car_418": [6, 4], "car_2218": [6, 0], "car_2219": [0, 1], "car_413": [2, 5], "car_412": [0, 3], "car_411": [4, 1], "car_410": [5, 1], "car_417": [4, 5], "car_416": [3, 6], "car_415": [1, 5], "car_414": [5, 2], "car_2417": [5, 0], "car_1679": [2, 5], "car_1678": [3, 5], "car_2412": [7, 0], "car_2947": [2, 1], "car_2413": [3, 4], "car_3265": [6, 4], "car_3079": [0, 2], "car_3078": [6, 2], "car_3075": [7, 4], "car_3074": [5, 6], "car_3077": [4, 0], "car_3076": [1, 7], "car_3071": [3, 2], "car_3070": [7, 6], "car_3073": [2, 7], "car_3072": [4, 6], "car_527": [2, 4], "car_526": [0, 6], "car_525": [6, 0], "car_524": [4, 1], "car_523": [1, 3], "car_522": [5, 0], "car_521": [0, 6], "car_520": [6, 5], "car_3273": [6, 2], "car_1671": [1, 6], "car_3271": [7, 5], "car_1889": [4, 0], "car_3277": [7, 1], "car_3276": [5, 2], "car_529": [7, 4], "car_528": [5, 2], "car_1884": [0, 3], "car_1885": [2, 6], "car_2368": [4, 3], "car_2786": [4, 1], "car_2787": [6, 2], "car_668": [3, 0], "car_669": [4, 3], "car_664": [6, 2], "car_665": [0, 6], "car_666": [7, 3], "car_667": [1, 0], "car_660": [7, 2], "car_661": [1, 6], "car_662": [3, 1], "car_663": [4, 0], "car_2759": [7, 2], "car_1854": [1, 6], "car_2788": [0, 3], "car_3308": [2, 6], "car_2789": [5, 4], "car_2940": [5, 4], "car_798": [4, 6], "car_799": [6, 3], "car_790": [3, 7], "car_791": [4, 2], "car_792": [6, 4], "car_793": [0, 4], "car_794": [2, 3], "car_795": [5, 0], "car_796": [7, 3], "car_797": [3, 6], "car_242": [4, 1], "car_243": [6, 7], "car_240": [1, 4], "car_241": [3, 4], "car_246": [7, 5], "car_247": [1, 6], "car_244": [0, 2], "car_245": [5, 0], "car_1914": [4, 0], "car_1915": [6, 1], "car_248": [4, 3], "car_249": [6, 2], "car_1910": [5, 4], "car_1911": [7, 5], "car_1912": [1, 2], "car_1913": [3, 6], "car_1356": [6, 3], "car_1357": [0, 6], "car_1354": [1, 6], "car_1355": [4, 6], "car_1352": [5, 0], "car_1353": [7, 6], "car_1350": [4, 2], "car_1351": [6, 4], "car_1358": [2, 5], "car_1359": [5, 7], "car_1831": [5, 2], "car_1820": [1, 2], "car_1821": [4, 2], "car_1822": [6, 7], "car_1823": [0, 6], "car_1824": [2, 6], "car_1825": [5, 6], "car_338": [2, 4], "car_339": [5, 7], "car_336": [6, 4], "car_337": [0, 5], "car_334": [3, 2], "car_335": [4, 5], "car_332": [5, 1], "car_333": [1, 0], "car_330": [5, 7], "car_331": [1, 5], "car_2735": [0, 1], "car_2734": [6, 3], "car_1138": [5, 2], "car_1139": [7, 0], "car_2731": [5, 6], "car_2730": [2, 7], "car_2733": [1, 5], "car_2732": [7, 3], "car_1132": [1, 7], "car_1133": [3, 1], "car_1130": [5, 0], "car_1131": [7, 5], "car_1136": [0, 3], "car_1137": [2, 0], "car_1134": [4, 2], "car_1135": [6, 1], "car_1839": [3, 5], "car_2393": [4, 7], "car_1838": [1, 0], "car_2392": [3, 2], "car_3301": [4, 1], "car_3300": [1, 2], "car_2939": [2, 7], "car_2938": [0, 1], "car_2937": [6, 0], "car_2936": [3, 0], "car_2935": [7, 1], "car_2934": [5, 0], "car_2933": [2, 3], "car_2932": [6, 3], "car_2931": [1, 4], "car_2930": [5, 1], "car_2029": [7, 1], "car_2028": [5, 3], "car_2845": [6, 7], "car_2844": [4, 0], "car_2843": [1, 4], "car_2842": [7, 1], "car_2841": [5, 4], "car_2840": [0, 3], "car_2021": [3, 4], "car_2020": [1, 5], "car_2023": [2, 6], "car_2022": [4, 2], "car_2025": [3, 5], "car_2024": [7, 2], "car_2027": [0, 3], "car_2026": [4, 3], "car_2948": [7, 1], "car_2520": [6, 4], "car_1008": [7, 6], "car_1009": [1, 4], "car_1006": [2, 3], "car_1007": [5, 7], "car_1004": [6, 4], "car_1005": [0, 4], "car_1002": [3, 7], "car_1003": [4, 2], "car_1000": [7, 1], "car_1001": [1, 7], "car_2398": [4, 2], "car_2629": [6, 4], "car_2524": [1, 3], "car_2628": [3, 5], "car_3310": [3, 1], "car_2525": [3, 0], "car_2995": [5, 2], "car_2674": [7, 0], "car_1924": [3, 5], "car_2994": [6, 0], "car_2527": [6, 1], "car_2997": [1, 2], "car_36": [3, 7], "car_37": [4, 7], "car_34": [5, 0], "car_35": [7, 1], "car_888": [4, 1], "car_889": [0, 4], "car_30": [1, 5], "car_31": [4, 5], "car_884": [6, 7], "car_885": [0, 5], "car_886": [2, 3], "car_887": [7, 6], "car_880": [5, 4], "car_881": [7, 1], "car_882": [1, 6], "car_883": [4, 5], "car_2449": [6, 0], "car_2448": [4, 0], "car_2119": [6, 0], "car_2118": [4, 0], "car_2115": [7, 0], "car_2114": [2, 7], "car_2117": [3, 5], "car_2116": [1, 4], "car_2111": [3, 1], "car_2110": [7, 5], "car_2113": [6, 5], "car_2112": [4, 2], "car_1644": [1, 3], "car_1645": [3, 5], "car_1646": [4, 3], "car_1647": [0, 1], "car_1640": [6, 2], "car_1641": [0, 5], "car_1642": [2, 6], "car_1643": [7, 2], "car_3312": [6, 4], "car_1648": [5, 7], "car_1649": [7, 1], "car_2599": [3, 6], "car_2159": [5, 7], "car_2158": [2, 7], "car_2591": [6, 2], "car_2590": [4, 2], "car_2593": [1, 4], "car_2592": [7, 3], "car_2595": [6, 4], "car_2594": [3, 7], "car_2597": [2, 5], "car_2596": [0, 6], "car_3313": [2, 6], "car_2677": [6, 5], "car_2608": [5, 3], "car_408": [4, 5], "car_409": [2, 0], "car_2203": [4, 7], "car_2202": [3, 2], "car_2205": [0, 5], "car_2204": [6, 5], "car_2207": [5, 0], "car_2206": [2, 0], "car_400": [5, 7], "car_401": [3, 1], "car_402": [4, 3], "car_403": [0, 1], "car_404": [2, 6], "car_405": [5, 2], "car_406": [7, 1], "car_407": [1, 6], "car_1769": [2, 3], "car_3080": [5, 2], "car_3081": [7, 5], "car_3082": [1, 5], "car_3083": [3, 2], "car_3084": [4, 0], "car_3085": [6, 2], "car_3086": [0, 3], "car_3087": [2, 6], "car_3088": [5, 7], "car_3089": [7, 4], "car_2973": [3, 2], "car_534": [7, 3], "car_535": [1, 4], "car_536": [3, 4], "car_537": [4, 5], "car_530": [1, 2], "car_531": [0, 3], "car_532": [2, 4], "car_533": [5, 7], "car_3246": [6, 0], "car_3247": [0, 4], "car_3244": [3, 1], "car_3245": [4, 6], "car_538": [6, 5], "car_539": [0, 4], "car_3240": [0, 4], "car_3241": [2, 3], "car_2972": [1, 5], "car_3317": [3, 6], "car_2310": [0, 1], "car_659": [5, 7], "car_658": [2, 4], "car_651": [1, 2], "car_650": [2, 4], "car_653": [2, 5], "car_652": [0, 1], "car_655": [1, 2], "car_654": [7, 3], "car_657": [6, 4], "car_656": [4, 0], "car_2970": [2, 5], "car_2907": [1, 6], "car_2977": [5, 2], "car_2909": [6, 7], "car_2976": [2, 5], "car_2434": [5, 7], "car_1929": [5, 6], "car_2195": [4, 3], "car_2194": [3, 7], "car_1764": [7, 1], "car_2197": [0, 3], "car_2196": [6, 4], "car_2191": [2, 0], "car_1928": [2, 0], "car_2190": [0, 3], "car_2193": [1, 6], "car_1909": [0, 5], "car_1908": [6, 4], "car_1907": [4, 3], "car_1763": [5, 7], "car_1905": [5, 0], "car_1904": [0, 7], "car_1903": [6, 7], "car_1902": [3, 1], "car_1901": [1, 4], "car_1900": [5, 4], "car_1349": [3, 7], "car_1348": [1, 5], "car_1762": [2, 5], "car_1341": [5, 7], "car_1340": [2, 1], "car_1343": [3, 2], "car_1342": [7, 4], "car_1345": [6, 7], "car_1344": [4, 5], "car_1347": [5, 0], "car_1346": [2, 7], "car_3234": [0, 4], "car_3219": [2, 7], "car_2753": [7, 1], "car_3231": [2, 7], "car_2752": [5, 4], "car_3230": [0, 6], "car_2698": [7, 4], "car_1833": [6, 2], "car_1832": [1, 6], "car_349": [3, 0], "car_348": [1, 4], "car_1837": [7, 5], "car_1836": [5, 6], "car_1835": [2, 7], "car_1834": [0, 3], "car_343": [6, 7], "car_342": [3, 5], "car_341": [1, 0], "car_340": [7, 4], "car_347": [7, 5], "car_346": [5, 7], "car_345": [2, 0], "car_344": [0, 6], "car_2325": [4, 7], "car_1129": [6, 4], "car_1128": [3, 5], "car_2979": [1, 7], "car_1125": [5, 3], "car_1124": [2, 4], "car_1127": [1, 5], "car_1126": [7, 1], "car_1121": [4, 0], "car_1120": [3, 0], "car_1123": [0, 5], "car_1122": [6, 4], "car_1402": [7, 6], "car_2320": [6, 2], "car_1403": [1, 0], "car_2321": [0, 3], "car_1400": [0, 4], "car_1401": [5, 6], "car_2978": [7, 0], "car_1406": [0, 7], "car_1407": [2, 0], "car_2902": [6, 0], "car_2903": [0, 6], "car_2900": [3, 0], "car_2901": [4, 1], "car_2906": [7, 6], "car_1404": [3, 7], "car_2904": [2, 3], "car_2905": [5, 1], "car_2908": [4, 5], "car_1405": [4, 6], "car_2058": [7, 6], "car_2059": [1, 7], "car_2054": [4, 0], "car_2055": [6, 0], "car_2056": [0, 2], "car_2057": [2, 7], "car_2050": [5, 3], "car_2051": [7, 5], "car_2052": [1, 6], "car_2053": [3, 4], "car_1011": [4, 0], "car_1010": [3, 4], "car_1013": [0, 3], "car_1012": [6, 5], "car_1015": [3, 2], "car_1014": [2, 0], "car_1017": [6, 7], "car_1016": [4, 7], "car_1019": [2, 6], "car_1018": [0, 3], "car_2690": [2, 7], "car_2691": [5, 7], "car_2696": [2, 4], "car_2697": [5, 0], "car_2694": [6, 7], "car_2695": [0, 7], "car_2790": [7, 2], "car_25": [4, 3], "car_24": [3, 7], "car_27": [0, 4], "car_26": [6, 5], "car_21": [5, 7], "car_20": [2, 7], "car_23": [1, 5], "car_22": [7, 4], "car_29": [7, 4], "car_28": [5, 2], "car_2478": [1, 3], "car_2479": [3, 0], "car_2476": [5, 0], "car_2477": [7, 2], "car_2474": [4, 6], "car_2475": [0, 6], "car_2472": [5, 2], "car_2473": [1, 3], "car_2470": [0, 3], "car_2471": [2, 7], "car_1657": [7, 4], "car_1656": [5, 1], "car_1655": [2, 0], "car_1654": [0, 6], "car_1653": [6, 4], "car_1652": [4, 2], "car_1651": [3, 1], "car_1650": [1, 6], "car_1659": [3, 5], "car_1658": [1, 7], "car_2878": [6, 2], "car_2879": [0, 5], "car_2872": [2, 1], "car_2873": [5, 6], "car_2870": [3, 1], "car_2871": [0, 4], "car_2876": [3, 0], "car_2877": [4, 3], "car_2874": [7, 5], "car_2875": [1, 2], "car_2688": [3, 7], "car_1969": [2, 3], "car_2315": [0, 3], "car_1843": [4, 7], "car_3211": [6, 7], "car_435": [2, 4], "car_434": [0, 1], "car_437": [1, 7], "car_436": [5, 3], "car_431": [7, 0], "car_430": [5, 6], "car_433": [3, 1], "car_432": [1, 4], "car_1846": [2, 4], "car_439": [2, 6], "car_438": [3, 5], "car_1847": [5, 2], "car_2274": [7, 1], "car_2275": [1, 6], "car_2276": [3, 1], "car_2277": [6, 4], "car_2270": [7, 0], "car_2271": [4, 3], "car_2272": [0, 7], "car_2273": [2, 4], "car_1845": [0, 6], "car_2278": [0, 2], "car_2279": [2, 6], "car_1848": [7, 1], "car_2289": [7, 4], "car_1968": [0, 4], "car_1849": [1, 5], "car_2288": [5, 1], "car_1965": [2, 6], "car_3370": [4, 6], "car_1964": [6, 4], "car_3093": [0, 4], "car_3092": [4, 2], "car_3091": [3, 6], "car_3090": [1, 5], "car_3097": [3, 7], "car_3096": [7, 2], "car_3095": [5, 4], "car_3094": [2, 7], "car_3376": [4, 0], "car_3099": [2, 1], "car_3098": [0, 7], "car_3311": [4, 3], "car_501": [3, 1], "car_500": [1, 0], "car_503": [6, 0], "car_502": [4, 2], "car_505": [5, 1], "car_504": [0, 5], "car_507": [4, 0], "car_506": [3, 2], "car_509": [2, 7], "car_508": [0, 7], "car_2302": [4, 2], "car_2303": [6, 4], "car_2304": [2, 7], "car_2305": [5, 1], "car_2306": [1, 0], "car_2307": [3, 0], "car_2281": [7, 6], "car_1745": [2, 6], "car_2280": [5, 1], "car_3378": [2, 7], "car_3379": [5, 3], "car_2960": [5, 2], "car_646": [3, 7], "car_647": [4, 2], "car_644": [7, 0], "car_645": [1, 7], "car_642": [0, 4], "car_643": [2, 1], "car_640": [3, 1], "car_641": [6, 0], "car_2314": [6, 0], "car_648": [6, 2], "car_649": [0, 1], "car_2961": [3, 2], "car_2576": [5, 7], "car_2526": [4, 3], "car_1830": [2, 6], "car_2673": [5, 4], "car_2962": [4, 6], "car_2570": [7, 6], "car_2681": [1, 7], "car_2999": [5, 4], "car_2420": [4, 2], "car_2963": [0, 5], "car_2680": [7, 2], "car_2854": [6, 7], "car_2964": [2, 6], "car_2683": [6, 0], "car_1932": [4, 6], "car_1933": [6, 2], "car_1930": [1, 5], "car_1931": [3, 4], "car_1936": [5, 2], "car_1937": [7, 6], "car_1934": [0, 6], "car_1935": [2, 5], "car_1938": [3, 2], "car_1939": [4, 3], "car_2682": [4, 5], "car_1717": [7, 6], "car_1338": [6, 5], "car_1339": [0, 4], "car_1334": [6, 3], "car_1335": [2, 5], "car_1336": [7, 6], "car_1337": [3, 0], "car_1330": [5, 1], "car_1331": [7, 4], "car_1332": [1, 6], "car_1333": [4, 0], "car_1711": [0, 7], "car_2998": [2, 0], "car_358": [0, 3], "car_359": [3, 7], "car_1804": [5, 6], "car_1805": [1, 5], "car_1802": [0, 7], "car_1803": [2, 6], "car_1800": [4, 5], "car_1801": [6, 3], "car_350": [4, 0], "car_351": [2, 6], "car_352": [5, 6], "car_353": [7, 4], "car_354": [1, 5], "car_355": [3, 7], "car_356": [4, 6], "car_357": [6, 7], "car_1482": [5, 1], "car_1483": [7, 3], "car_1480": [6, 0], "car_1481": [2, 1], "car_1486": [5, 6], "car_1487": [7, 4], "car_1484": [3, 5], "car_1485": [4, 1], "car_1488": [1, 6], "car_1489": [3, 4], "car_1240": [7, 4], "car_1241": [1, 0], "car_1242": [3, 0], "car_1243": [4, 3], "car_1244": [6, 4], "car_1245": [0, 5], "car_1246": [2, 1], "car_1247": [5, 4], "car_1248": [7, 5], "car_1249": [6, 1], "car_1747": [7, 1], "car_2374": [6, 4], "car_1879": [0, 5], "car_2917": [7, 6], "car_2916": [5, 0], "car_2911": [5, 2], "car_2910": [2, 7], "car_2913": [3, 6], "car_2912": [7, 3], "car_2919": [3, 4], "car_2918": [1, 6], "car_2049": [6, 5], "car_2048": [4, 1], "car_2047": [3, 4], "car_2046": [1, 7], "car_2045": [7, 4], "car_2044": [5, 4], "car_2043": [2, 6], "car_2042": [0, 2], "car_2041": [4, 0], "car_2040": [3, 4], "car_1064": [0, 6], "car_1065": [2, 1], "car_1066": [5, 1], "car_1067": [7, 5], "car_1060": [1, 0], "car_1061": [3, 4], "car_1062": [4, 1], "car_1063": [6, 3], "car_2685": [5, 4], "car_2684": [2, 0], "car_2687": [1, 5], "car_2686": [7, 4], "car_1068": [3, 2], "car_1069": [0, 5], "car_1798": [1, 4], "car_1799": [3, 6], "car_10": [4, 2], "car_11": [6, 4], "car_12": [0, 4], "car_13": [2, 1], "car_14": [5, 3], "car_15": [7, 2], "car_16": [1, 5], "car_17": [4, 7], "car_18": [6, 1], "car_19": [0, 7], "car_2461": [1, 0], "car_2460": [2, 6], "car_1668": [0, 1], "car_1669": [2, 4], "car_2465": [0, 4], "car_2464": [6, 4], "car_2467": [3, 2], "car_2466": [2, 7], "car_1662": [2, 5], "car_1663": [7, 0], "car_1660": [4, 0], "car_1661": [6, 2], "car_1666": [4, 3], "car_1667": [6, 2], "car_1664": [1, 4], "car_1665": [3, 7], "car_1468": [4, 0], "car_1469": [0, 3], "car_1460": [7, 1], "car_1461": [1, 4], "car_1462": [3, 1], "car_1463": [6, 7], "car_1464": [2, 7], "car_1465": [7, 0], "car_1466": [1, 0], "car_1467": [3, 2], "car_2699": [1, 3], "car_2869": [7, 5], "car_2868": [5, 1], "car_2865": [7, 2], "car_2864": [5, 7], "car_2867": [0, 4], "car_2866": [6, 2], "car_2861": [5, 1], "car_2860": [2, 1], "car_2863": [4, 3], "car_2862": [1, 6], "car_2648": [3, 2], "car_422": [1, 2], "car_423": [3, 5], "car_420": [2, 1], "car_421": [5, 3], "car_426": [2, 1], "car_427": [3, 1], "car_424": [4, 7], "car_425": [6, 1], "car_3318": [4, 7], "car_3319": [0, 1], "car_428": [0, 5], "car_429": [2, 5], "car_2377": [5, 3], "car_2267": [0, 1], "car_2266": [6, 7], "car_2265": [4, 3], "car_2264": [3, 7], "car_2263": [1, 3], "car_2262": [7, 6], "car_2261": [5, 0], "car_2260": [0, 5], "car_2371": [1, 6], "car_2269": [5, 1], "car_2268": [2, 6], "car_2373": [4, 6], "car_2372": [3, 0], "car_2008": [2, 3], "car_2370": [7, 3], "car_3224": [2, 0], "car_3225": [5, 0], "car_2319": [3, 7], "car_2318": [1, 2], "car_3220": [5, 7], "car_3221": [1, 3], "car_518": [3, 1], "car_519": [4, 3], "car_516": [2, 0], "car_517": [1, 5], "car_514": [6, 1], "car_515": [0, 1], "car_512": [1, 6], "car_513": [4, 7], "car_510": [5, 0], "car_511": [7, 5], "car_1870": [5, 4], "car_2692": [1, 4], "car_2444": [0, 6], "car_633": [1, 3], "car_632": [2, 0], "car_631": [0, 4], "car_630": [6, 5], "car_637": [0, 3], "car_636": [6, 7], "car_635": [4, 1], "car_634": [3, 1], "car_2675": [1, 0], "car_639": [1, 0], "car_638": [5, 0], "car_3138": [6, 2], "car_3139": [0, 6], "car_2693": [4, 3], "car_3130": [3, 0], "car_3131": [4, 1], "car_3132": [0, 3], "car_3133": [2, 7], "car_3134": [5, 0], "car_3135": [7, 3], "car_3136": [1, 4], "car_3137": [3, 4], "car_189": [0, 2], "car_188": [3, 2], "car_185": [5, 3], "car_184": [2, 4], "car_187": [1, 6], "car_186": [7, 5], "car_181": [5, 6], "car_180": [2, 0], "car_183": [0, 5], "car_182": [4, 3], "car_749": [0, 4], "car_748": [3, 7], "car_747": [1, 5], "car_746": [7, 2], "car_745": [5, 2], "car_744": [0, 2], "car_743": [6, 0], "car_742": [4, 6], "car_741": [3, 0], "car_740": [1, 6], "car_2131": [1, 2], "car_3316": [1, 0], "car_2618": [4, 6], "car_299": [5, 7], "car_298": [2, 0], "car_1927": [0, 2], "car_1926": [6, 4], "car_1921": [2, 0], "car_1920": [0, 5], "car_1923": [1, 0], "car_1922": [5, 2], "car_291": [6, 4], "car_290": [4, 6], "car_293": [2, 1], "car_292": [0, 5], "car_295": [1, 7], "car_294": [7, 3], "car_297": [6, 7], "car_296": [4, 3], "car_1329": [2, 0], "car_1328": [0, 2], "car_1327": [6, 1], "car_1326": [3, 6], "car_1325": [7, 5], "car_1324": [5, 2], "car_1323": [2, 4], "car_1322": [6, 0], "car_1321": [7, 4], "car_1320": [5, 1], "car_365": [3, 5], "car_364": [7, 6], "car_367": [2, 3], "car_366": [4, 0], "car_361": [0, 5], "car_360": [4, 3], "car_363": [5, 4], "car_362": [2, 5], "car_1811": [1, 7], "car_1810": [5, 4], "car_1813": [4, 6], "car_1812": [3, 0], "car_369": [3, 7], "car_368": [1, 4], "car_1817": [3, 6], "car_1816": [1, 7], "car_167": [1, 3], "car_166": [2, 6], "car_165": [0, 2], "car_164": [4, 7], "car_163": [3, 4], "car_162": [1, 5], "car_161": [5, 0], "car_160": [2, 1], "car_169": [4, 1], "car_168": [3, 5], "car_1495": [6, 7], "car_1494": [3, 6], "car_1497": [5, 2], "car_1496": [0, 7], "car_1491": [6, 7], "car_1490": [4, 1], "car_1493": [7, 5], "car_1492": [5, 3], "car_1499": [4, 5], "car_1498": [7, 2], "car_1253": [4, 3], "car_1252": [1, 4], "car_1251": [7, 6], "car_1250": [0, 5], "car_1257": [6, 1], "car_1256": [3, 2], "car_1255": [0, 5], "car_1254": [6, 5], "car_2850": [3, 4], "car_1259": [2, 5], "car_1258": [0, 7], "car_2851": [2, 1], "car_1868": [6, 1], "car_2852": [7, 6], "car_2853": [1, 5], "car_3248": [7, 3], "car_1789": [2, 5], "car_1788": [4, 3], "car_2070": [3, 0], "car_2071": [4, 2], "car_2076": [5, 1], "car_2077": [1, 4], "car_2074": [6, 0], "car_2075": [0, 6], "car_1781": [7, 1], "car_1780": [2, 4], "car_1783": [6, 5], "car_1782": [3, 7], "car_1785": [5, 4], "car_1784": [2, 7], "car_1787": [3, 2], "car_1786": [1, 2], "car_1077": [7, 2], "car_1076": [5, 1], "car_1075": [2, 0], "car_1074": [0, 1], "car_1073": [4, 6], "car_1072": [3, 2], "car_1071": [1, 5], "car_1070": [2, 4], "car_2678": [2, 3], "car_2679": [5, 7], "car_1079": [4, 7], "car_1078": [3, 1], "car_3257": [7, 2], "car_2139": [6, 1], "car_3256": [2, 4], "car_2034": [3, 6], "car_2300": [1, 3], "car_2035": [6, 4], "car_2301": [3, 4], "car_2032": [2, 0], "car_2033": [7, 1], "car_2996": [7, 4], "car_2138": [4, 0], "car_985": [5, 0], "car_984": [0, 5], "car_987": [3, 5], "car_986": [7, 5], "car_981": [7, 5], "car_980": [5, 4], "car_983": [4, 7], "car_982": [1, 7], "car_1675": [2, 7], "car_1674": [0, 6], "car_1677": [7, 6], "car_1676": [5, 4], "car_989": [5, 2], "car_988": [4, 0], "car_1673": [6, 1], "car_1672": [3, 1], "car_2784": [7, 2], "car_2785": [1, 3], "car_1479": [4, 0], "car_1478": [7, 6], "car_2780": [4, 1], "car_2781": [6, 7], "car_2782": [2, 6], "car_2783": [5, 1], "car_1473": [3, 2], "car_1472": [1, 3], "car_1471": [7, 0], "car_1470": [5, 2], "car_1477": [2, 7], "car_1476": [0, 2], "car_1475": [6, 7], "car_1474": [4, 0], "car_2890": [4, 3], "car_2891": [6, 0], "car_2892": [2, 7], "car_2893": [5, 6], "car_2894": [1, 3], "car_1743": [4, 0], "car_2896": [6, 5], "car_2897": [0, 1], "car_2898": [2, 4], "car_2899": [5, 3], "car_1742": [1, 6], "car_2990": [2, 4], "car_2528": [0, 1], "car_2529": [7, 0], "car_2258": [3, 1], "car_2259": [6, 3], "car_3307": [0, 3], "car_2689": [4, 5], "car_3305": [4, 0], "car_3304": [7, 5], "car_2252": [1, 4], "car_2253": [3, 6], "car_2250": [2, 3], "car_2251": [7, 2], "car_2256": [2, 7], "car_2257": [1, 0], "car_2254": [6, 1], "car_2255": [0, 1], "car_2098": [7, 1], "car_2099": [3, 2], "car_2090": [5, 1], "car_2091": [7, 5], "car_2092": [3, 4], "car_2093": [4, 6], "car_2094": [6, 7], "car_2095": [0, 7], "car_2096": [2, 4], "car_2097": [5, 2], "car_2992": [1, 0], "car_3237": [7, 2], "car_3236": [5, 6], "car_569": [6, 2], "car_568": [4, 0], "car_3233": [4, 2], "car_3232": [3, 7], "car_2328": [5, 2], "car_2329": [7, 0], "car_563": [6, 5], "car_562": [4, 2], "car_561": [1, 7], "car_560": [5, 4], "car_567": [3, 4], "car_566": [1, 7], "car_565": [2, 4], "car_564": [0, 7], "car_2331": [3, 0], "car_620": [0, 4], "car_621": [2, 6], "car_622": [1, 6], "car_623": [3, 4], "car_624": [4, 1], "car_625": [6, 2], "car_626": [2, 0], "car_627": [1, 6], "car_628": [3, 1], "car_629": [4, 3], "car_1869": [0, 6], "car_3129": [7, 2], "car_3128": [5, 3], "car_3123": [1, 4], "car_3122": [7, 3], "car_3121": [5, 1], "car_3120": [6, 4], "car_3127": [2, 6], "car_3126": [0, 7], "car_3125": [6, 0], "car_3124": [3, 0], "car_1866": [3, 1], "car_1867": [4, 6], "car_198": [7, 3], "car_199": [3, 4], "car_2831": [6, 5], "car_192": [7, 2], "car_193": [1, 2], "car_190": [2, 1], "car_191": [5, 4], "car_196": [2, 6], "car_197": [5, 1], "car_194": [4, 3], "car_195": [0, 4], "car_758": [4, 3], "car_759": [6, 7], "car_754": [0, 3], "car_755": [2, 6], "car_756": [7, 2], "car_757": [3, 7], "car_750": [2, 6], "car_751": [5, 6], "car_752": [3, 4], "car_753": [4, 6], "car_1940": [6, 7], "car_3355": [4, 7], "car_2991": [5, 0], "car_3299": [7, 6], "car_3298": [0, 2], "car_286": [6, 5], "car_287": [0, 2], "car_284": [7, 6], "car_285": [1, 7], "car_282": [2, 4], "car_283": [5, 4], "car_280": [4, 1], "car_281": [0, 1], "car_3353": [1, 5], "car_1949": [1, 3], "car_288": [1, 6], "car_289": [3, 4], "car_1948": [2, 0], "car_2791": [1, 3], "car_1312": [3, 2], "car_1313": [0, 3], "car_1310": [5, 2], "car_1311": [7, 6], "car_1316": [4, 6], "car_1317": [6, 3], "car_1314": [7, 0], "car_1315": [1, 2], "car_1318": [0, 6], "car_1319": [2, 0], "car_2450": [0, 2], "car_2451": [7, 5], "car_2452": [3, 5], "car_372": [0, 3], "car_373": [2, 0], "car_370": [4, 0], "car_371": [6, 5], "car_376": [3, 5], "car_377": [4, 3], "car_374": [5, 6], "car_375": [1, 6], "car_1864": [7, 2], "car_1865": [1, 4], "car_378": [6, 4], "car_379": [0, 4], "car_1860": [1, 0], "car_1861": [3, 2], "car_1862": [0, 2], "car_1863": [2, 5], "car_174": [2, 5], "car_175": [7, 3], "car_176": [1, 0], "car_177": [4, 7], "car_170": [2, 4], "car_171": [5, 1], "car_172": [1, 0], "car_173": [6, 0], "car_2457": [1, 3], "car_178": [6, 5], "car_179": [0, 2], "car_2338": [4, 5], "car_1266": [0, 4], "car_1267": [5, 2], "car_1264": [4, 3], "car_1265": [6, 2], "car_1262": [1, 0], "car_1263": [3, 0], "car_1260": [5, 3], "car_1261": [7, 1], "car_2949": [1, 6], "car_1268": [7, 1], "car_1269": [3, 1], "car_3371": [6, 1], "car_2406": [7, 1], "car_2065": [4, 7], "car_2064": [3, 1], "car_1048": [1, 7], "car_1049": [4, 0], "car_2061": [4, 1], "car_2060": [3, 2], "car_2063": [7, 6], "car_2062": [2, 4], "car_1042": [5, 3], "car_1043": [1, 0], "car_1040": [6, 4], "car_1041": [0, 7], "car_1046": [5, 3], "car_1047": [7, 4], "car_1044": [3, 4], "car_1045": [6, 4], "car_2663": [0, 4], "car_2662": [6, 0], "car_2661": [4, 6], "car_2660": [1, 0], "car_2667": [5, 3], "car_2666": [6, 7], "car_2665": [7, 2], "car_2664": [5, 6], "car_2669": [1, 2], "car_2668": [7, 4], "car_2404": [6, 7], "car_78": [3, 4], "car_79": [2, 5], "car_72": [1, 4], "car_73": [4, 7], "car_70": [2, 5], "car_71": [7, 0], "car_76": [7, 5], "car_77": [1, 0], "car_74": [0, 3], "car_75": [2, 4], "car_992": [4, 1], "car_993": [6, 4], "car_990": [1, 7], "car_991": [3, 5], "car_996": [5, 3], "car_997": [1, 2], "car_994": [0, 7], "car_995": [2, 1], "car_1688": [6, 5], "car_1689": [2, 0], "car_998": [3, 2], "car_999": [2, 4], "car_2409": [0, 6], "car_2408": [6, 7], "car_2797": [6, 4], "car_2796": [4, 1], "car_2795": [3, 1], "car_2794": [0, 7], "car_2793": [6, 5], "car_2792": [4, 5], "car_1448": [5, 1], "car_1449": [7, 4], "car_1446": [7, 4], "car_1447": [1, 0], "car_1444": [2, 7], "car_1445": [5, 6], "car_1442": [6, 0], "car_1443": [0, 3], "car_1440": [3, 4], "car_1441": [4, 7], "car_2883": [3, 7], "car_2882": [1, 5], "car_2881": [7, 5], "car_2798": [0, 7], "car_2887": [5, 2], "car_2886": [2, 0], "car_2885": [0, 4], "car_2884": [6, 2], "car_2889": [3, 2], "car_2888": [7, 5], "car_2401": [5, 3], "car_2986": [3, 2], "car_3336": [6, 0], "car_3337": [2, 4], "car_2539": [4, 7], "car_2538": [3, 6], "car_2249": [0, 5], "car_2248": [6, 1], "car_3330": [3, 5], "car_3331": [6, 4], "car_2245": [0, 4], "car_2244": [4, 0], "car_2247": [3, 1], "car_2246": [7, 6], "car_2241": [5, 6], "car_2240": [2, 5], "car_2243": [1, 7], "car_2242": [7, 4], "car_2089": [0, 3], "car_2088": [6, 1], "car_2083": [3, 4], "car_2082": [1, 3], "car_2081": [7, 6], "car_2080": [5, 7], "car_2087": [4, 3], "car_2086": [7, 2], "car_2085": [5, 1], "car_2084": [2, 5], "car_3180": [5, 7], "car_3183": [6, 7], "car_3239": [4, 7], "car_2984": [5, 1], "car_3208": [1, 7], "car_3209": [3, 5], "car_3202": [3, 1], "car_3203": [4, 7], "car_3200": [7, 5], "car_3186": [7, 1], "car_3206": [5, 7], "car_3207": [7, 4], "car_3204": [0, 4], "car_3205": [2, 4], "car_578": [3, 5], "car_579": [4, 5], "car_2333": [6, 4], "car_2332": [4, 0], "car_2335": [7, 3], "car_2334": [2, 6], "car_2337": [3, 5], "car_553": [4, 0], "car_570": [2, 4], "car_571": [5, 4], "car_572": [7, 4], "car_573": [3, 7], "car_574": [6, 0], "car_806": [6, 5], "car_576": [7, 1], "car_577": [1, 0], "car_807": [1, 6], "car_800": [2, 1], "car_801": [5, 6], "car_802": [7, 2], "car_2192": [7, 6], "car_803": [1, 2], "car_2067": [5, 6], "car_2066": [2, 7], "car_619": [6, 1], "car_618": [4, 7], "car_3377": [6, 3], "car_615": [5, 3], "car_614": [2, 4], "car_617": [3, 1], "car_616": [7, 5], "car_611": [3, 4], "car_610": [1, 3], "car_613": [0, 7], "car_612": [4, 5], "car_2151": [7, 0], "car_3118": [3, 7], "car_3119": [4, 0], "car_3116": [7, 5], "car_3117": [1, 3], "car_3114": [2, 6], "car_3115": [5, 7], "car_3112": [1, 4], "car_3113": [4, 1], "car_3110": [6, 1], "car_3111": [2, 0], "car_2704": [4, 2], "car_2705": [6, 5], "car_2706": [0, 1], "car_2150": [5, 2], "car_2707": [2, 7], "car_2069": [1, 3], "car_2068": [7, 4], "car_2702": [5, 7], "car_2703": [1, 6], "car_769": [1, 6], "car_768": [7, 5], "car_2567": [6, 1], "car_761": [2, 5], "car_760": [0, 4], "car_763": [4, 0], "car_762": [3, 0], "car_765": [0, 5], "car_764": [6, 2], "car_767": [5, 6], "car_766": [2, 5], "car_2216": [3, 4], "car_2217": [4, 1], "car_2330": [1, 3], "car_2214": [5, 7], "car_2215": [7, 4], "car_2212": [0, 2], "car_2213": [2, 1], "car_2210": [4, 3], "car_2211": [6, 4], "car_575": [2, 4], "car_3374": [1, 2], "car_1305": [1, 2], "car_1304": [7, 6], "car_1307": [4, 2], "car_1306": [3, 7], "car_1301": [6, 7], "car_1300": [4, 7], "car_1303": [2, 5], "car_1302": [0, 2], "car_1309": [0, 2], "car_1308": [6, 7], "car_389": [6, 4], "car_388": [7, 4], "car_387": [5, 7], "car_386": [2, 3], "car_385": [0, 3], "car_384": [6, 7], "car_383": [4, 3], "car_382": [1, 6], "car_381": [5, 6], "car_380": [2, 1], "car_141": [7, 2], "car_140": [5, 2], "car_143": [4, 3], "car_142": [1, 0], "car_145": [0, 4], "car_144": [6, 4], "car_147": [1, 0], "car_146": [5, 6], "car_149": [6, 7], "car_148": [4, 3], "car_2407": [4, 3], "car_1279": [7, 5], "car_1278": [5, 0], "car_1271": [0, 2], "car_1270": [4, 0], "car_1273": [5, 6], "car_1272": [2, 0], "car_1275": [1, 0], "car_1274": [7, 4], "car_1277": [0, 3], "car_1276": [3, 6], "car_2326": [6, 5], "car_2847": [2, 3], "car_2327": [2, 0], "car_1059": [5, 4], "car_1058": [2, 0], "car_1055": [0, 5], "car_1054": [6, 1], "car_1057": [4, 7], "car_1056": [3, 5], "car_1051": [7, 1], "car_1050": [5, 7], "car_1053": [3, 5], "car_1052": [1, 6], "car_2656": [0, 5], "car_2657": [2, 1], "car_2654": [4, 1], "car_2655": [6, 5], "car_2652": [7, 6], "car_2653": [3, 0], "car_2650": [0, 6], "car_2651": [5, 3], "car_2415": [6, 5], "car_2658": [5, 0], "car_2659": [7, 5], "car_2416": [2, 3], "car_69": [6, 5], "car_68": [1, 5], "car_2438": [0, 1], "car_2439": [5, 7], "car_61": [5, 7], "car_60": [2, 1], "car_63": [1, 3], "car_62": [7, 3], "car_65": [0, 2], "car_64": [6, 2], "car_67": [5, 7], "car_66": [2, 1], "car_1693": [3, 5], "car_1692": [1, 7], "car_1691": [7, 4], "car_1690": [5, 7], "car_1697": [7, 5], "car_1696": [5, 7], "car_969": [4, 0], "car_968": [3, 2], "car_967": [7, 4], "car_966": [5, 6], "car_965": [2, 5], "car_964": [0, 6], "car_963": [3, 7], "car_962": [1, 3], "car_961": [7, 5], "car_960": [0, 1], "car_1451": [4, 1], "car_1450": [3, 5], "car_1453": [0, 5], "car_1452": [6, 4], "car_1455": [3, 6], "car_1454": [1, 6], "car_1457": [0, 2], "car_1456": [4, 3], "car_1459": [5, 7], "car_1458": [2, 1], "car_2410": [2, 3], "car_2837": [3, 2], "car_3329": [1, 5], "car_3328": [7, 5], "car_3175": [7, 0], "car_3321": [5, 7], "car_3320": [2, 4], "car_3323": [1, 2], "car_3322": [7, 3], "car_3325": [4, 6], "car_3279": [3, 4], "car_3327": [2, 4], "car_3326": [0, 4], "car_3278": [1, 5], "car_2411": [5, 7], "car_2508": [7, 1], "car_2509": [1, 0], "car_2506": [2, 1], "car_2507": [5, 1], "car_2504": [6, 5], "car_2505": [0, 2], "car_2502": [3, 5], "car_2503": [4, 1], "car_2500": [7, 0], "car_2501": [1, 4], "car_2737": [5, 7], "car_1680": [5, 1], "car_1681": [7, 5], "car_3173": [0, 4], "car_1682": [3, 2], "car_1683": [4, 0], "car_3272": [1, 4], "car_1684": [6, 4], "car_2736": [2, 4], "car_1685": [0, 1], "car_1891": [0, 7], "car_3270": [5, 6], "car_1686": [3, 2], "car_1890": [6, 5], "car_1687": [4, 1], "car_1893": [5, 0], "car_545": [4, 1], "car_544": [3, 4], "car_547": [3, 2], "car_546": [5, 1], "car_541": [5, 6], "car_540": [2, 6], "car_543": [1, 3], "car_542": [7, 0], "car_3215": [1, 5], "car_1895": [3, 5], "car_3217": [6, 2], "car_3216": [4, 1], "car_549": [6, 4], "car_548": [4, 1], "car_819": [5, 6], "car_818": [2, 5], "car_2344": [3, 5], "car_2345": [4, 7], "car_2346": [6, 7], "car_2347": [7, 4], "car_2340": [2, 0], "car_1897": [6, 1], "car_2342": [7, 1], "car_2343": [1, 2], "car_2405": [2, 4], "car_1896": [4, 2], "car_2348": [1, 3], "car_2349": [0, 3], "car_33": [2, 5], "car_1767": [6, 0], "car_1766": [3, 1], "car_1765": [1, 0], "car_608": [5, 7], "car_609": [7, 4], "car_2941": [7, 5], "car_602": [0, 6], "car_603": [5, 3], "car_600": [3, 6], "car_601": [4, 1], "car_606": [6, 5], "car_607": [0, 6], "car_604": [1, 4], "car_605": [4, 5], "car_3101": [3, 5], "car_3100": [5, 1], "car_3103": [6, 5], "car_3102": [4, 5], "car_3105": [5, 2], "car_1761": [0, 1], "car_3107": [3, 7], "car_3106": [1, 4], "car_3109": [6, 3], "car_3108": [4, 2], "car_1760": [6, 1], "car_2799": [5, 0], "car_776": [1, 5], "car_777": [3, 6], "car_774": [5, 6], "car_775": [7, 1], "car_772": [0, 4], "car_773": [2, 6], "car_770": [3, 4], "car_771": [4, 3], "car_1768": [0, 2], "car_778": [4, 6], "car_779": [6, 0], "car_2418": [1, 3], "car_2880": [2, 3], "car_1750": [2, 6], "car_2419": [3, 2], "car_3293": [2, 0], "car_3292": [0, 6], "car_3251": [6, 1], "car_1994": [6, 5], "car_1995": [0, 2], "car_1996": [2, 6], "car_1997": [7, 1], "car_1990": [0, 6], "car_1991": [7, 5], "car_1992": [1, 2], "car_1993": [3, 0], "car_1998": [1, 2], "car_1999": [3, 6], "car_2846": [0, 5], "car_3250": [4, 0], "car_1842": [1, 5], "car_1806": [3, 6], "car_1840": [6, 5], "car_1841": [2, 7], "car_398": [1, 5], "car_399": [2, 5], "car_1844": [6, 0], "car_1807": [4, 3], "car_394": [4, 0], "car_395": [6, 5], "car_396": [2, 0], "car_397": [7, 3], "car_390": [0, 7], "car_391": [2, 3], "car_392": [5, 0], "car_393": [7, 1], "car_158": [6, 3], "car_159": [0, 7], "car_156": [1, 4], "car_157": [4, 0], "car_154": [5, 1], "car_155": [7, 0], "car_152": [1, 0], "car_153": [4, 1], "car_150": [2, 1], "car_151": [7, 5], "car_1208": [5, 1], "car_1209": [7, 5], "car_1204": [3, 2], "car_1205": [4, 0], "car_1206": [6, 7], "car_1207": [2, 1], "car_1200": [6, 3], "car_1201": [0, 3], "car_1202": [7, 6], "car_1203": [1, 6], "car_2601": [0, 6], "car_2403": [4, 2], "car_3252": [5, 6], "car_3334": [1, 7], "car_3335": [4, 2], "car_1808": [0, 6], "car_3255": [6, 2], "car_3332": [0, 6], "car_1809": [2, 6], "car_3333": [2, 3], "car_2649": [6, 5], "car_2612": [6, 0], "car_2613": [2, 4], "car_2641": [6, 3], "car_2640": [4, 2], "car_2643": [7, 4], "car_2642": [5, 0], "car_2645": [0, 3], "car_2644": [1, 2], "car_2647": [1, 6], "car_2646": [2, 5], "car_1510": [5, 3], "car_1511": [1, 4], "car_1512": [3, 5], "car_1513": [4, 7], "car_1514": [6, 7], "car_1515": [0, 2], "car_1516": [2, 4], "car_1517": [5, 0], "car_1518": [1, 4], "car_1519": [3, 4], "car_2531": [3, 0], "car_2965": [5, 6], "car_2530": [1, 5], "car_2966": [1, 7], "car_3366": [0, 2], "car_2537": [1, 2], "car_2967": [3, 1], "car_2536": [7, 5], "car_2968": [4, 2], "car_2855": [2, 0], "car_1198": [1, 0], "car_1199": [4, 1], "car_2969": [6, 5], "car_1194": [6, 7], "car_1195": [0, 2], "car_1196": [2, 0], "car_1197": [5, 2], "car_1190": [7, 1], "car_1191": [1, 0], "car_1192": [3, 6], "car_1193": [4, 7], "car_2619": [6, 5], "car_2429": [7, 2], "car_2428": [5, 1], "car_2425": [4, 6], "car_2424": [1, 0], "car_2427": [0, 2], "car_2426": [6, 7], "car_2421": [6, 1], "car_2126": [6, 3], "car_2423": [7, 5], "car_2422": [0, 1], "car_2856": [7, 0], "car_2127": [0, 1], "car_978": [0, 7], "car_979": [2, 6], "car_974": [7, 5], "car_975": [1, 6], "car_976": [3, 0], "car_977": [6, 0], "car_970": [6, 7], "car_971": [0, 4], "car_972": [2, 7], "car_973": [5, 3], "car_1424": [0, 5], "car_1425": [2, 0], "car_1426": [5, 3], "car_1427": [7, 1], "car_1420": [5, 7], "car_1421": [3, 2], "car_1422": [4, 7], "car_1423": [6, 3], "car_2402": [3, 0], "car_1428": [1, 2], "car_1429": [3, 7], "car_2857": [1, 6], "car_3259": [3, 2], "car_3358": [3, 7], "car_3359": [6, 5], "car_3354": [3, 4], "car_2128": [2, 1], "car_3356": [7, 1], "car_3357": [1, 4], "car_3350": [3, 7], "car_3258": [1, 5], "car_3352": [5, 6], "car_2129": [5, 2], "car_2511": [0, 5], "car_2510": [4, 2], "car_2513": [7, 1], "car_2512": [5, 0], "car_2515": [3, 5], "car_2514": [1, 2], "car_2517": [5, 6], "car_2516": [2, 6], "car_2519": [1, 0], "car_2518": [7, 1], "car_1738": [7, 4], "car_1739": [3, 5], "car_1730": [2, 7], "car_1731": [5, 2], "car_1732": [7, 5], "car_1733": [3, 4], "car_1734": [4, 3], "car_1735": [0, 1], "car_1736": [2, 4], "car_1737": [5, 0], "car_54": [2, 3], "car_55": [5, 4], "car_56": [7, 4], "car_57": [3, 7], "car_50": [1, 4], "car_51": [3, 6], "car_52": [4, 7], "car_53": [6, 4], "car_58": [4, 0], "car_59": [6, 1], "car_2609": [7, 3], "car_552": [1, 6], "car_805": [4, 0], "car_550": [0, 2], "car_551": [7, 2], "car_556": [2, 7], "car_557": [1, 3], "car_554": [6, 0], "car_555": [0, 3], "car_558": [6, 1], "car_559": [0, 5], "car_808": [3, 5], "car_809": [6, 5], "car_2357": [3, 0], "car_2356": [5, 4], "car_2355": [2, 1], "car_2354": [0, 6], "car_2353": [3, 6], "car_2352": [7, 4], "car_2351": [5, 2], "car_2350": [2, 4], "car_2359": [6, 0], "car_2358": [4, 7], "car_1757": [7, 4], "car_2339": [0, 5], "car_2469": [6, 5], "car_3174": [2, 7], "car_2915": [6, 2], "car_3176": [1, 0], "car_3177": [4, 3], "car_3170": [3, 2], "car_3171": [4, 2], "car_3172": [6, 3], "car_2914": [4, 3], "car_3178": [6, 0], "car_3179": [0, 1], "car_3369": [1, 4], "car_2468": [4, 6], "car_703": [1, 4], "car_702": [5, 2], "car_701": [0, 1], "car_700": [6, 4], "car_707": [5, 2], "car_706": [2, 1], "car_705": [0, 1], "car_704": [3, 0], "car_709": [4, 0], "car_708": [1, 5], "car_3008": [4, 2], "car_3009": [0, 5], "car_3000": [1, 0], "car_3001": [3, 4], "car_3002": [4, 5], "car_3003": [6, 0], "car_3004": [0, 4], "car_3005": [2, 6], "car_3006": [5, 2], "car_3007": [3, 4], "car_2221": [5, 2], "car_2308": [4, 5], "car_2400": [0, 7], "car_2309": [6, 0], "car_3201": [1, 0], "car_1987": [5, 4], "car_1986": [2, 0], "car_1985": [4, 6], "car_1984": [1, 3], "car_1983": [7, 6], "car_1982": [5, 1], "car_1981": [0, 4], "car_1980": [6, 1], "car_1989": [4, 2], "car_1988": [1, 4], "car_2768": [4, 3], "car_1855": [3, 5], "car_1796": [5, 3], "car_1857": [2, 6], "car_1856": [0, 1], "car_1851": [2, 0], "car_1850": [4, 0], "car_1853": [7, 1], "car_1797": [7, 1], "car_2336": [1, 2], "car_1859": [7, 0], "car_1794": [0, 3], "car_2230": [4, 1], "car_129": [4, 1], "car_128": [1, 6], "car_2231": [6, 4], "car_123": [4, 6], "car_122": [3, 5], "car_121": [5, 4], "car_120": [0, 1], "car_127": [5, 0], "car_126": [2, 7], "car_125": [0, 1], "car_124": [6, 2], "car_1790": [1, 0], "car_1219": [7, 2], "car_1218": [5, 4], "car_1217": [2, 5], "car_1216": [6, 2], "car_1215": [7, 0], "car_1214": [5, 6], "car_1213": [2, 0], "car_1212": [6, 5], "car_1211": [4, 6], "car_1210": [1, 0], "car_1415": [1, 5], "car_1414": [5, 6], "car_1417": [6, 5], "car_1416": [3, 6], "car_1411": [6, 0], "car_1410": [4, 5], "car_237": [6, 2], "car_236": [3, 6], "car_235": [1, 7], "car_234": [7, 5], "car_233": [5, 7], "car_232": [0, 1], "car_231": [6, 4], "car_230": [4, 6], "car_3372": [0, 5], "car_1412": [0, 5], "car_239": [7, 2], "car_238": [5, 2], "car_2988": [6, 1], "car_2989": [0, 7], "car_2638": [1, 7], "car_2639": [3, 2], "car_2634": [6, 5], "car_2635": [0, 5], "car_2636": [2, 7], "car_2637": [5, 0], "car_2630": [0, 4], "car_2631": [2, 5], "car_2632": [5, 4], "car_2633": [7, 5], "car_1503": [3, 1], "car_1502": [1, 4], "car_1501": [0, 2], "car_1500": [6, 1], "car_1507": [3, 0], "car_1506": [5, 6], "car_1505": [6, 1], "car_1504": [4, 5], "car_3373": [7, 4], "car_1509": [0, 7], "car_1508": [6, 2], "car_1189": [5, 4], "car_1188": [2, 7], "car_1187": [6, 2], "car_1186": [4, 0], "car_1185": [3, 6], "car_1184": [7, 2], "car_1183": [5, 2], "car_1182": [2, 1], "car_1181": [0, 6], "car_1180": [6, 4], "car_2182": [3, 7], "car_2183": [4, 3], "car_2180": [5, 0], "car_2181": [1, 7], "car_2186": [7, 4], "car_2187": [1, 0], "car_2184": [6, 2], "car_2185": [5, 4], "car_2188": [4, 3], "car_2189": [6, 2], "car_949": [2, 5], "car_948": [6, 2], "car_2742": [0, 2], "car_2743": [2, 0], "car_2744": [5, 4], "car_2745": [4, 6], "car_2746": [6, 1], "car_2747": [2, 4], "car_941": [1, 7], "car_940": [7, 5], "car_943": [2, 3], "car_942": [3, 0], "car_945": [7, 6], "car_944": [5, 2], "car_947": [4, 7], "car_946": [3, 0], "car_1437": [6, 1], "car_1436": [4, 7], "car_1435": [3, 7], "car_1434": [1, 4], "car_1433": [7, 4], "car_1432": [5, 3], "car_1431": [2, 6], "car_1430": [6, 2], "car_1439": [7, 2], "car_1438": [2, 1], "car_2238": [4, 2], "car_2823": [1, 4], "car_493": [1, 6], "car_492": [7, 1], "car_491": [5, 3], "car_490": [2, 7], "car_497": [0, 5], "car_496": [6, 0], "car_495": [4, 3], "car_494": [3, 1], "car_3347": [6, 2], "car_3346": [4, 6], "car_499": [7, 6], "car_498": [2, 4], "car_3343": [5, 1], "car_3342": [2, 7], "car_3341": [0, 2], "car_3340": [3, 0], "car_2296": [7, 0], "car_2297": [4, 6], "car_2294": [2, 6], "car_2239": [0, 4], "car_2292": [4, 6], "car_2293": [6, 2], "car_2290": [1, 5], "car_2291": [3, 0], "car_1918": [3, 1], "car_2568": [0, 7], "car_2569": [2, 5], "car_2298": [6, 2], "car_1919": [6, 2], "car_1729": [0, 1], "car_1728": [6, 4], "car_1723": [5, 4], "car_1722": [0, 6], "car_1721": [3, 7], "car_1720": [5, 6], "car_1727": [4, 0], "car_1726": [2, 4], "car_1725": [4, 2], "car_1724": [7, 5], "car_43": [3, 2], "car_42": [1, 6], "car_41": [7, 0], "car_40": [5, 7], "car_47": [3, 4], "car_46": [0, 5], "car_45": [6, 2], "car_44": [4, 1], "car_49": [0, 4], "car_48": [6, 3], "car_1916": [2, 5], "car_3365": [6, 0], "car_1917": [1, 4], "car_3364": [3, 4], "car_3375": [3, 2], "car_3367": [2, 3], "car_1858": [5, 1], "car_831": [7, 3], "car_830": [5, 3], "car_833": [4, 1], "car_832": [3, 6], "car_835": [0, 6], "car_834": [6, 1], "car_837": [5, 1], "car_836": [2, 0], "car_839": [1, 0], "car_838": [7, 2], "car_2360": [0, 3], "car_2361": [5, 4], "car_2366": [1, 6], "car_2367": [3, 4], "car_2364": [0, 3], "car_2365": [2, 1], "car_2168": [0, 3], "car_2169": [5, 1], "car_2160": [7, 6], "car_2161": [1, 3], "car_2162": [3, 1], "car_2163": [6, 7], "car_2164": [5, 1], "car_2165": [1, 6], "car_2166": [4, 3], "car_2167": [6, 0], "car_2810": [6, 7], "car_2811": [2, 6], "car_2812": [7, 0], "car_2813": [1, 6], "car_1941": [0, 2], "car_2814": [6, 2], "car_3055": [2, 0], "car_2815": [0, 7], "car_2544": [7, 6], "car_3235": [2, 7], "car_2817": [5, 7], "car_3167": [2, 4], "car_3166": [0, 7], "car_3165": [4, 6], "car_3164": [3, 4], "car_3163": [1, 5], "car_3162": [7, 3], "car_3161": [5, 4], "car_3160": [2, 3], "car_2463": [4, 7], "car_3169": [7, 2], "car_3168": [5, 2], "car_2462": [3, 5], "car_3309": [7, 6], "car_710": [6, 5], "car_711": [0, 7], "car_712": [1, 3], "car_713": [3, 7], "car_714": [4, 1], "car_715": [6, 1], "car_716": [0, 6], "car_717": [2, 5], "car_718": [5, 3], "car_719": [7, 1], "car_1892": [2, 7], "car_3019": [4, 5], "car_3018": [3, 1], "car_3028": [1, 5], "car_3013": [3, 4], "car_3012": [7, 3], "car_3011": [5, 1], "car_3010": [2, 3], "car_3017": [7, 0], "car_3016": [2, 3], "car_3015": [0, 2], "car_2987": [4, 0], "car_1894": [1, 3], "car_2895": [3, 5], "car_3368": [5, 2], "car_138": [0, 6], "car_139": [2, 4], "car_130": [0, 3], "car_131": [2, 4], "car_132": [5, 2], "car_133": [3, 6], "car_134": [6, 1], "car_135": [0, 4], "car_136": [7, 1], "car_137": [3, 6], "car_1222": [6, 1], "car_1223": [0, 7], "car_1220": [1, 2], "car_1221": [3, 4], "car_1226": [7, 1], "car_1227": [1, 6], "car_1224": [2, 7], "car_1225": [5, 4], "car_1886": [5, 0], "car_1887": [7, 4], "car_1228": [3, 4], "car_1229": [4, 3], "car_1882": [3, 5], "car_1883": [4, 5], "car_1880": [2, 0], "car_1881": [1, 0], "car_2621": [7, 0], "car_224": [3, 4], "car_225": [4, 7], "car_226": [5, 2], "car_227": [7, 2], "car_220": [2, 0], "car_221": [5, 2], "car_222": [7, 5], "car_223": [1, 4], "car_228": [1, 7], "car_229": [3, 2], "car_1086": [0, 5], "car_1087": [2, 3], "car_1084": [4, 0], "car_1085": [6, 7], "car_1082": [1, 0], "car_1083": [3, 7], "car_1080": [5, 3], "car_1081": [7, 5], "car_2627": [5, 3], "car_2626": [2, 3], "car_2625": [0, 1], "car_2624": [6, 2], "car_2623": [4, 0], "car_2622": [3, 5], "car_1088": [5, 4], "car_1089": [1, 0], "car_1536": [1, 6], "car_1537": [3, 4], "car_1534": [5, 2], "car_1535": [7, 1], "car_1532": [1, 5], "car_1533": [2, 3], "car_1530": [5, 7], "car_1531": [7, 6], "car_1538": [4, 2], "car_1539": [6, 1], "car_956": [5, 2], "car_957": [7, 3], "car_954": [6, 3], "car_955": [2, 3], "car_952": [3, 4], "car_953": [4, 7], "car_950": [5, 6], "car_951": [7, 0], "car_1827": [1, 6], "car_2199": [5, 0], "car_2198": [2, 0], "car_958": [3, 4], "car_959": [4, 3], "car_1158": [2, 5], "car_1159": [5, 2], "car_1408": [5, 6], "car_1409": [7, 2], "car_2757": [2, 6], "car_2756": [0, 5], "car_2755": [3, 4], "car_1829": [6, 7], "car_1150": [0, 7], "car_1151": [5, 7], "car_1152": [7, 6], "car_1153": [1, 5], "car_1154": [3, 4], "car_1155": [4, 2], "car_1156": [6, 2], "car_1157": [0, 5], "car_2532": [4, 7], "car_2380": [0, 6], "car_2764": [2, 1], "car_2381": [2, 0], "car_2382": [7, 3], "car_2383": [1, 6], "car_1826": [7, 4], "car_3314": [5, 2], "car_3315": [7, 6], "car_480": [1, 3], "car_481": [3, 4], "car_482": [6, 3], "car_483": [0, 6], "car_484": [2, 6], "car_485": [5, 0], "car_486": [7, 4], "car_487": [1, 7], "car_488": [4, 2], "car_489": [0, 1], "car_2283": [3, 2], "car_2282": [1, 6], "car_2285": [6, 7], "car_2284": [4, 6], "car_2287": [2, 5], "car_2286": [0, 7], "car_2577": [1, 3], "car_853": [3, 5], "car_2575": [0, 6], "car_2574": [6, 7], "car_2573": [4, 1], "car_2572": [3, 6], "car_2571": [1, 3], "car_852": [2, 6], "car_851": [0, 3], "car_2579": [5, 0], "car_2578": [3, 6], "car_582": [1, 4], "car_1718": [6, 7], "car_1719": [2, 6], "car_1716": [5, 2], "car_857": [5, 2], "car_1714": [3, 5], "car_1715": [2, 1], "car_1712": [7, 0], "car_1713": [1, 4], "car_1710": [6, 3], "car_856": [2, 5], "car_2982": [0, 7], "car_1828": [4, 7], "car_855": [0, 5], "car_2983": [2, 4], "car_854": [6, 0], "car_2980": [3, 4], "car_2981": [4, 1], "car_2739": [3, 0], "car_2738": [7, 3], "car_2379": [6, 1], "car_2378": [4, 5], "car_828": [6, 4], "car_829": [2, 7], "car_826": [3, 7], "car_827": [4, 2], "car_824": [7, 6], "car_825": [1, 2], "car_822": [3, 4], "car_823": [4, 7], "car_820": [7, 0], "car_821": [1, 3], "car_2179": [2, 3], "car_2178": [0, 7], "car_2173": [2, 7], "car_2172": [6, 1], "car_2171": [4, 2], "car_2170": [3, 2], "car_2177": [6, 1], "car_2176": [4, 0], "car_2175": [1, 2], "car_2174": [7, 0], "car_3238": [1, 2], "car_2535": [5, 3], "car_3349": [5, 4], "car_3218": [0, 7], "car_3158": [1, 2], "car_3159": [6, 3], "car_2534": [2, 3], "car_3152": [7, 0], "car_3153": [1, 0], "car_3150": [2, 0], "car_3151": [5, 1], "car_3156": [0, 7], "car_3157": [2, 7], "car_3154": [3, 7], "car_3155": [4, 7], "car_729": [4, 6], "car_728": [3, 1], "car_725": [5, 4], "car_724": [2, 6], "car_727": [1, 6], "car_726": [7, 1], "car_721": [4, 5], "car_720": [3, 0], "car_723": [0, 4], "car_722": [6, 7], "car_2708": [5, 2], "car_3029": [3, 2], "car_3026": [2, 4], "car_3027": [7, 4], "car_3024": [3, 0], "car_3025": [0, 4], "car_3022": [5, 1], "car_3023": [1, 5], "car_3020": [6, 7], "car_3021": [2, 6], "car_2620": [0, 2], "car_3275": [2, 7], "car_1795": [2, 3], "car_3274": [0, 7], "car_1792": [4, 2], "car_3226": [7, 0], "car_1793": [6, 1], "car_2440": [7, 4], "car_105": [6, 0], "car_104": [4, 1], "car_107": [5, 1], "car_106": [0, 7], "car_101": [7, 5], "car_100": [5, 6], "car_103": [3, 2], "car_102": [1, 6], "car_1888": [3, 4], "car_109": [3, 2], "car_108": [1, 3], "car_1791": [3, 0], "car_1235": [3, 7], "car_1234": [1, 4], "car_1237": [0, 5], "car_1236": [4, 6], "car_1231": [0, 5], "car_1230": [6, 4], "car_1233": [7, 1], "car_1232": [2, 6], "car_1899": [2, 3], "car_1898": [0, 7], "car_1239": [5, 0], "car_1238": [2, 1], "car_3141": [7, 5], "car_211": [4, 5], "car_210": [1, 4], "car_213": [2, 1], "car_212": [6, 1], "car_215": [1, 7], "car_214": [5, 2], "car_217": [4, 0], "car_216": [3, 1], "car_219": [0, 4], "car_218": [6, 0], "car_2676": [3, 1], "car_1529": [2, 3], "car_1528": [0, 5], "car_2610": [3, 2], "car_2611": [4, 1], "car_2616": [1, 3], "car_2617": [3, 6], "car_2614": [5, 2], "car_2615": [7, 4], "car_1521": [6, 2], "car_1520": [4, 2], "car_1523": [5, 1], "car_1522": [2, 0], "car_1525": [1, 7], "car_1524": [7, 2], "car_1527": [4, 0], "car_1526": [3, 1], "car_3227": [3, 4], "car_2849": [1, 6], "car_2700": [6, 3], "car_2848": [5, 3], "car_2740": [4, 6], "car_3222": [3, 2], "car_2741": [6, 7], "car_3223": [0, 1], "car_2313": [3, 6], "car_2701": [0, 6], "car_2312": [7, 5], "car_2311": [2, 0], "car_923": [5, 1], "car_922": [2, 3], "car_921": [0, 6], "car_920": [6, 2], "car_927": [6, 3], "car_926": [4, 6], "car_925": [1, 2], "car_924": [7, 4], "car_2317": [7, 1], "car_929": [5, 1], "car_928": [2, 6], "car_2316": [5, 6], "car_2766": [1, 3], "car_2748": [5, 2], "car_1149": [6, 1], "car_1148": [3, 5], "car_1419": [2, 6], "car_1418": [0, 4], "car_2760": [1, 6], "car_2749": [7, 0], "car_1143": [6, 1], "car_1142": [4, 5], "car_1141": [3, 0], "car_1140": [1, 6], "car_1147": [1, 2], "car_1146": [7, 2], "car_1145": [2, 6], "car_1144": [0, 1], "car_1099": [7, 3], "car_1098": [5, 3], "car_1091": [6, 5], "car_1090": [4, 2], "car_1093": [2, 0], "car_1092": [0, 1], "car_1095": [3, 5], "car_1094": [5, 6], "car_1097": [2, 5], "car_1096": [4, 0], "car_2818": [3, 0], "car_2819": [4, 2], "car_2548": [6, 7], "car_2549": [0, 3], "car_3361": [2, 4], "car_3360": [0, 4], "car_3363": [7, 1], "car_3362": [5, 2], "car_2542": [2, 5], "car_2543": [5, 3], "car_2540": [6, 4], "car_2541": [0, 2], "car_2546": [3, 0], "car_2547": [4, 7], "car_2521": [0, 6], "car_2545": [1, 7], "car_1701": [2, 7], "car_1700": [0, 4], "car_1703": [1, 0], "car_1702": [5, 3], "car_1705": [6, 5], "car_1704": [3, 2], "car_1707": [2, 6], "car_1706": [0, 4], "car_1709": [1, 2], "car_1708": [5, 0], "car_2522": [2, 7], "car_2523": [7, 0], "car_589": [1, 4], "car_588": [7, 2], "car_859": [3, 7], "car_858": [7, 5], "car_2384": [3, 7], "car_2385": [4, 3], "car_1695": [0, 6], "car_2387": [0, 7], "car_581": [7, 0], "car_580": [0, 7], "car_583": [3, 2], "car_850": [6, 3], "car_585": [6, 0], "car_584": [4, 1], "car_587": [5, 3], "car_586": [0, 6], "car_2002": [0, 1], "car_2148": [6, 7], "car_2149": [2, 7], "car_2146": [3, 0], "car_2147": [4, 7], "car_2144": [5, 3], "car_2145": [7, 5], "car_2142": [6, 0], "car_2143": [0, 3], "car_2140": [5, 4], "car_2141": [4, 0], "car_2985": [1, 5], "car_3149": [6, 5], "car_3148": [4, 6], "car_3145": [2, 3], "car_3144": [0, 6], "car_3147": [3, 4], "car_3146": [7, 4], "car_2779": [1, 4], "car_3140": [2, 5], "car_3143": [6, 5], "car_3142": [4, 5], "car_457": [5, 4], "car_456": [2, 4], "car_455": [0, 4], "car_454": [6, 4], "car_453": [3, 0], "car_452": [5, 2], "car_451": [2, 4], "car_450": [0, 4], "car_3381": [3, 6], "car_1878": [3, 2], "car_459": [1, 2], "car_458": [7, 1], "car_1877": [1, 3], "car_1876": [7, 6], "car_2778": [7, 5], "car_2993": [3, 1], "car_1875": [2, 4], "car_1874": [0, 2], "car_1873": [6, 2], "car_1872": [4, 0], "car_738": [5, 6], "car_739": [7, 5], "car_1871": [1, 6], "car_733": [1, 6], "car_732": [7, 3], "car_32": [6, 1], "car_730": [0, 5], "car_731": [2, 1], "car_736": [0, 4], "car_737": [2, 4], "car_734": [4, 0], "car_735": [6, 7], "car_3031": [0, 4], "car_1976": [7, 3], "car_3033": [5, 0], "car_3032": [2, 7], "car_3035": [3, 7], "car_3034": [1, 7], "car_3037": [5, 0], "car_1977": [1, 0], "car_3039": [3, 6], "car_3038": [1, 3], "car_3348": [2, 4], "car_1698": [1, 7], "car_3345": [3, 6], "car_3344": [7, 4], "car_3030": [6, 1], "car_38": [6, 0], "car_39": [2, 6], "car_2564": [5, 0], "car_2565": [7, 0], "car_3036": [4, 6], "car_2566": [3, 7], "car_2295": [5, 4], "car_1978": [3, 4], "car_2560": [1, 6], "car_1979": [4, 0], "car_2561": [4, 5], "car_2562": [6, 7], "car_2563": [2, 6], "car_2443": [6, 5], "car_2442": [4, 1], "car_3351": [4, 2], "car_2441": [3, 4], "car_112": [0, 5], "car_113": [7, 4], "car_110": [4, 3], "car_111": [6, 5], "car_116": [6, 7], "car_117": [2, 3], "car_114": [1, 6], "car_115": [4, 5], "car_2447": [1, 7], "car_118": [1, 5], "car_119": [4, 7], "car_2446": [7, 2], "car_2445": [5, 7], "car_2299": [2, 3], "car_2533": [0, 3], "car_2453": [6, 1], "car_2454": [2, 5], "car_1950": [4, 5], "car_1951": [6, 3], "car_1952": [0, 4], "car_1953": [2, 7], "car_1954": [5, 3], "car_1955": [7, 3], "car_208": [5, 1], "car_209": [7, 1], "car_206": [0, 5], "car_207": [2, 5], "car_204": [3, 5], "car_205": [4, 3], "car_202": [0, 1], "car_203": [7, 0], "car_200": [4, 2], "car_201": [6, 0], "car_2605": [4, 7], "car_2604": [3, 0], "car_2607": [2, 1], "car_2606": [6, 3], "car_1558": [5, 7], "car_1559": [1, 7], "car_2603": [1, 7], "car_2602": [7, 1], "car_1554": [1, 5], "car_1555": [6, 7], "car_1556": [0, 3], "car_1557": [2, 7], "car_1550": [3, 4], "car_1551": [6, 0], "car_1552": [2, 5], "car_1553": [5, 0], "car_1398": [3, 5], "car_1399": [6, 2], "car_1392": [4, 3], "car_1393": [6, 4], "car_1390": [1, 2], "car_1391": [3, 2], "car_1396": [5, 3], "car_1397": [1, 3], "car_1394": [0, 6], "car_1395": [2, 4], "car_2598": [5, 6], "car_930": [7, 6], "car_931": [1, 3], "car_932": [3, 2], "car_933": [4, 3], "car_934": [6, 1], "car_935": [2, 3], "car_936": [7, 3], "car_937": [1, 7], "car_938": [3, 0], "car_939": [2, 0], "car_2773": [4, 5], "car_2772": [3, 5], "car_2775": [0, 4], "car_2774": [6, 3], "car_2777": [5, 1], "car_2776": [2, 3], "car_6": [5, 0], "car_7": [7, 3], "car_4": [0, 4], "car_5": [2, 3], "car_2": [1, 7], "car_3": [4, 6], "car_1178": [3, 4], "car_1": [5, 3], "car_1176": [5, 1], "car_1177": [1, 5], "car_1174": [0, 2], "car_1175": [2, 6], "car_1172": [2, 3], "car_1173": [4, 7], "car_8": [1, 3], "car_9": [3, 5], "car_2809": [4, 0], "car_2808": [3, 4], "car_2559": [7, 4], "car_2558": [5, 6], "car_2555": [6, 0], "car_2554": [4, 0], "car_2557": [2, 0], "car_2556": [0, 3], "car_2551": [7, 2], "car_2550": [5, 3], "car_2553": [3, 2], "car_2552": [1, 4], "car_1774": [2, 3], "car_1775": [5, 6], "car_1776": [7, 2], "car_1777": [3, 7], "car_1770": [1, 3], "car_1771": [3, 7], "car_1772": [4, 0], "car_1773": [0, 5], "car_1778": [6, 2], "car_1779": [0, 3], "car_98": [4, 0], "car_99": [0, 3], "car_90": [6, 2], "car_91": [5, 7], "car_92": [4, 6], "car_93": [6, 0], "car_94": [2, 5], "car_95": [7, 3], "car_96": [1, 7], "car_97": [3, 4], "car_596": [6, 2], "car_597": [2, 5], "car_594": [1, 3], "car_595": [3, 5], "car_592": [5, 0], "car_593": [7, 5], "car_590": [3, 7], "car_591": [6, 3], "car_598": [7, 5], "car_599": [1, 0], "car_848": [3, 7], "car_849": [4, 6], "car_2391": [1, 2], "car_2390": [7, 2], "car_2397": [3, 5], "car_2396": [1, 3], "car_2395": [7, 3], "car_2394": [2, 0], "car_840": [3, 1], "car_841": [4, 6], "car_842": [6, 1], "car_843": [0, 7], "car_844": [2, 7], "car_845": [5, 2], "car_846": [7, 6], "car_847": [1, 4], "car_1608": [7, 2], "car_1609": [3, 7], "car_2153": [3, 5], "car_2152": [1, 3], "car_2155": [2, 5], "car_2154": [0, 5], "car_2157": [6, 0], "car_2156": [7, 0], "car_1600": [0, 1], "car_1601": [2, 6], "car_1602": [5, 3], "car_1603": [1, 3], "car_1604": [3, 7], "car_1605": [6, 3], "car_1606": [0, 5], "car_1607": [2, 0], "car_2369": [2, 4], "car_2362": [4, 0], "car_2363": [6, 4], "car_444": [2, 0], "car_445": [5, 2], "car_446": [7, 2], "car_447": [3, 5], "car_440": [7, 4], "car_441": [1, 3], "car_442": [4, 1], "car_443": [6, 5], "car_448": [4, 2], "car_449": [6, 1], "car_2717": [4, 7], "car_2716": [3, 6], "car_3210": [4, 3], "car_2715": [7, 1], "car_2201": [1, 2], "car_2714": [2, 1], "car_2200": [7, 6], "car_2713": [0, 6], "car_2712": [6, 5], "car_2711": [4, 3], "car_2710": [3, 0], "car_3044": [7, 6], "car_3045": [3, 1], "car_3046": [4, 6], "car_3047": [6, 3], "car_3040": [4, 5], "car_3041": [6, 2], "car_3042": [0, 7], "car_3043": [5, 7], "car_3048": [2, 3], "car_3049": [5, 0], "car_2209": [1, 3], "car_2208": [7, 5], "car_2324": [1, 3], "car_695": [5, 6], "car_694": [0, 2], "car_697": [1, 6], "car_696": [7, 5], "car_691": [3, 0], "car_690": [1, 7], "car_693": [6, 3], "car_692": [4, 1], "car_699": [4, 3], "car_698": [3, 0], "car_2399": [6, 0], "car_1943": [5, 0], "car_1942": [2, 3], "car_279": [3, 7], "car_278": [1, 3], "car_1947": [0, 6], "car_1946": [6, 1], "car_1945": [4, 1], "car_1944": [1, 2], "car_273": [6, 0], "car_272": [4, 2], "car_271": [3, 2], "car_270": [1, 4], "car_277": [7, 3], "car_276": [5, 6], "car_275": [2, 3], "car_274": [0, 4], "car_2946": [0, 6], "car_1925": [4, 7], "car_2944": [4, 5], "car_2945": [6, 2], "car_2942": [1, 0], "car_2943": [3, 7], "car_1549": [1, 6], "car_1548": [5, 6], "car_1547": [0, 3], "car_1546": [6, 2], "car_1545": [4, 0], "car_1544": [3, 4], "car_1543": [7, 0], "car_1542": [5, 4], "car_1541": [2, 7], "car_1540": [0, 7], "car_1389": [5, 6], "car_1388": [0, 4], "car_1385": [5, 6], "car_1384": [2, 0], "car_1387": [4, 2], "car_1386": [1, 0], "car_1381": [3, 5], "car_1380": [1, 7], "car_1383": [0, 2], "car_1382": [4, 1], "car_307": [3, 6], "car_306": [7, 6], "car_305": [5, 6], "car_304": [2, 4], "car_303": [0, 1], "car_302": [6, 7], "car_301": [3, 4], "car_300": [7, 6], "car_804": [3, 4], "car_309": [6, 2], "car_308": [4, 1], "car_909": [6, 0], "car_908": [4, 3], "car_905": [2, 7], "car_904": [6, 2], "car_907": [1, 5], "car_906": [5, 2], "car_901": [1, 3], "car_900": [2, 0], "car_903": [4, 0], "car_902": [3, 2], "car_1161": [3, 0], "car_1160": [7, 2], "car_1163": [6, 1], "car_1162": [4, 5], "car_1165": [2, 6], "car_1164": [0, 3], "car_1167": [7, 1], "car_1166": [5, 3], "car_1169": [3, 6], "car_1168": [1, 0], "car_2432": [0, 6], "car_2433": [2, 1], "car_2430": [1, 5], "car_2322": [2, 6], "car_2431": [3, 6], "car_2838": [4, 6], "car_2839": [6, 1], "car_2836": [1, 2], "car_2436": [4, 5], "car_2834": [5, 4], "car_2835": [7, 0], "car_2832": [0, 2], "car_2833": [2, 1], "car_2830": [4, 7], "car_2437": [6, 1], "car_2010": [7, 1], "car_2011": [1, 7], "car_2012": [4, 3], "car_2013": [6, 2], "car_2014": [0, 5], "car_2015": [7, 1], "car_2016": [1, 3], "car_2017": [6, 2], "car_2018": [0, 6], "car_2019": [7, 6], "car_2435": [1, 2], "car_87": [7, 4], "car_86": [5, 4], "car_85": [2, 5], "car_84": [0, 6], "car_83": [6, 4], "car_82": [4, 5], "car_81": [1, 5], "car_80": [5, 6], "car_3249": [3, 1], "car_2001": [6, 7], "car_89": [4, 2], "car_88": [3, 1], "car_2000": [4, 5], "car_2498": [0, 5], "car_2499": [2, 6], "car_2494": [2, 0], "car_2495": [5, 1], "car_2496": [3, 4], "car_2497": [6, 4], "car_2490": [1, 6], "car_2491": [3, 5], "car_2492": [4, 5], "car_2493": [0, 7], "car_875": [1, 7], "car_874": [5, 3], "car_877": [4, 5], "car_876": [3, 5], "car_871": [6, 0], "car_870": [4, 6], "car_873": [2, 4], "car_872": [0, 6], "car_3228": [4, 3], "car_3242": [7, 3], "car_1694": [4, 3], "car_879": [2, 4], "car_878": [6, 2], "car_3243": [1, 2], "car_1752": [1, 6], "car_1753": [3, 5], "car_1699": [6, 4], "car_2124": [3, 4], "car_2125": [4, 6], "car_1619": [4, 6], "car_1618": [1, 4], "car_2120": [0, 4], "car_2121": [5, 4], "car_2122": [7, 5], "car_2123": [1, 7], "car_1613": [1, 7], "car_1612": [7, 0], "car_1611": [6, 0], "car_1610": [4, 5], "car_1617": [7, 2], "car_1616": [0, 5], "car_1615": [6, 0], "car_1614": [4, 2], "car_1754": [4, 3], "car_1755": [0, 2], "car_2767": [3, 1], "car_2323": [7, 2], "car_471": [5, 1], "car_470": [0, 7], "car_473": [1, 2], "car_472": [7, 6], "car_475": [4, 1], "car_474": [3, 1], "car_477": [0, 2], "car_476": [6, 0], "car_479": [7, 1], "car_478": [2, 4], "car_2232": [0, 7], "car_2233": [2, 7], "car_2234": [5, 2], "car_2235": [7, 6], "car_2236": [1, 0], "car_2237": [3, 4], "car_2769": [0, 7], "car_2765": [7, 6], "car_2038": [7, 6], "car_2709": [1, 4], "car_3229": [6, 5], "car_3057": [7, 4], "car_3056": [5, 4], "car_2762": [4, 2], "car_3054": [0, 6], "car_3053": [6, 0], "car_3052": [4, 6], "car_3051": [1, 5], "car_3050": [7, 3], "car_3059": [3, 7], "car_3058": [1, 2], "car_3303": [5, 0], "car_2039": [1, 2], "car_2763": [6, 0], "car_1819": [7, 1], "car_1818": [4, 2], "car_2386": [6, 5], "car_682": [5, 7], "car_683": [7, 0], "car_680": [1, 5], "car_681": [2, 4], "car_686": [6, 7], "car_687": [2, 3], "car_684": [1, 5], "car_685": [4, 1], "car_688": [5, 4], "car_689": [7, 0], "car_2481": [6, 4], "car_2761": [3, 5], "car_3282": [0, 3], "car_3283": [5, 0], "car_1815": [5, 2], "car_3280": [4, 5], "car_1814": [6, 1], "car_3281": [6, 7], "car_3286": [6, 5], "car_2388": [2, 4], "car_3287": [0, 2], "car_3284": [1, 3], "car_3285": [3, 1], "car_2389": [5, 1], "car_3288": [2, 1], "car_3289": [7, 4], "car_1670": [7, 6], "car_1956": [1, 2], "car_3302": [0, 3], "car_1957": [3, 2], "car_3324": [3, 5], "car_1958": [4, 5], "car_1959": [6, 1], "car_2003": [2, 7], "car_268": [2, 7], "car_269": [7, 3], "car_1974": [4, 7], "car_1975": [0, 5], "car_1972": [1, 6], "car_1973": [3, 1], "car_1970": [5, 4], "car_1971": [7, 5], "car_260": [4, 5], "car_261": [6, 4], "car_262": [0, 6], "car_263": [2, 0], "car_264": [7, 4], "car_265": [1, 5], "car_266": [4, 1], "car_267": [0, 7], "car_1572": [6, 7], "car_1573": [2, 5], "car_1570": [3, 0], "car_1571": [4, 6], "car_1576": [3, 0], "car_1577": [4, 1], "car_1574": [5, 2], "car_1575": [7, 0], "car_1578": [6, 4], "car_1579": [0, 5], "car_2971": [7, 3], "car_1370": [0, 6], "car_1371": [2, 3], "car_1372": [5, 3], "car_1373": [7, 3], "car_1374": [1, 6], "car_1375": [4, 0], "car_1376": [0, 3], "car_1377": [2, 3], "car_1378": [5, 2], "car_1379": [7, 3], "car_3014": [4, 0], "car_3254": [4, 5], "car_2600": [6, 1], "car_2975": [0, 5], "car_2974": [4, 5], "car_314": [3, 4], "car_315": [4, 0], "car_316": [7, 4], "car_317": [3, 1], "car_310": [0, 7], "car_311": [5, 1], "car_312": [7, 2], "car_313": [1, 5], "car_318": [4, 5], "car_319": [0, 4], "car_918": [3, 6], "car_919": [4, 7], "car_2719": [5, 7], "car_2718": [6, 1], "car_912": [4, 2], "car_913": [6, 4], "car_910": [7, 5], "car_911": [1, 2], "car_916": [5, 2], "car_917": [7, 1], "car_914": [0, 3], "car_915": [2, 0], "car_1114": [1, 0], "car_1115": [3, 4], "car_1116": [4, 6], "car_1117": [6, 1], "car_1110": [3, 1], "car_1111": [0, 3], "car_1112": [2, 7], "car_1113": [7, 2], "car_1118": [0, 4], "car_1119": [1, 3], "car_1284": [1, 0], "car_1285": [4, 2], "car_1286": [2, 7], "car_1287": [3, 5], "car_1280": [3, 6], "car_1281": [4, 2], "car_1282": [2, 1], "car_1283": [5, 3], "car_2130": [7, 3], "car_1288": [4, 7], "car_1289": [0, 3], "car_2959": [2, 3], "car_2958": [0, 3], "car_2951": [4, 6], "car_2950": [3, 6], "car_2953": [0, 7], "car_2952": [6, 3], "car_2955": [7, 1], "car_2954": [5, 1], "car_2957": [6, 5], "car_2956": [4, 5], "car_2821": [5, 7], "car_2820": [2, 0], "car_1744": [6, 7], "car_2822": [7, 2], "car_2825": [6, 5], "car_2824": [3, 7], "car_2827": [2, 3], "car_2826": [0, 4], "car_2829": [1, 0], "car_2828": [7, 4], "car_1028": [6, 4], "car_1029": [0, 7], "car_1758": [1, 2], "car_1759": [3, 7], "car_2007": [4, 6], "car_2006": [3, 2], "car_2005": [1, 4], "car_2004": [7, 6], "car_1020": [5, 3], "car_1021": [7, 6], "car_1022": [6, 5], "car_1023": [0, 1], "car_1024": [2, 1], "car_1025": [5, 6], "car_1026": [3, 4], "car_1027": [4, 0], "car_1598": [4, 3], "car_1599": [6, 7], "car_1590": [0, 7], "car_1591": [2, 5], "car_1592": [7, 3], "car_1593": [3, 4], "car_1594": [0, 6], "car_1595": [2, 6], "car_1596": [5, 6], "car_1597": [1, 4], "car_2489": [5, 3], "car_2488": [0, 2], "car_2487": [4, 6], "car_2486": [1, 6], "car_2485": [7, 5], "car_2484": [5, 7], "car_2483": [2, 4], "car_2482": [0, 6], "car_1746": [5, 7], "car_2480": [4, 0], "car_862": [2, 1], "car_863": [1, 2], "car_860": [4, 7], "car_861": [0, 4], "car_866": [5, 2], "car_867": [7, 2], "car_864": [3, 0], "car_865": [6, 5], "car_868": [1, 5], "car_869": [3, 7], "car_1741": [7, 2], "car_2137": [1, 4], "car_2136": [7, 0], "car_2135": [5, 1], "car_2134": [0, 1], "car_2133": [4, 0], "car_2132": [3, 5], "car_1628": [2, 3], "car_1629": [7, 0], "car_1626": [6, 2], "car_1627": [0, 4], "car_1624": [1, 4], "car_1625": [3, 6], "car_1622": [5, 0], "car_1623": [7, 0], "car_1620": [6, 4], "car_1621": [2, 5], "car_1740": [4, 5]}