{"car_468": [1, 2], "car_469": [6, 5], "car_466": [2, 3], "car_467": [7, 3], "car_464": [1, 0], "car_465": [3, 2], "car_462": [3, 2], "car_463": [2, 5], "car_460": [3, 4], "car_461": [6, 0], "car_817": [4, 1], "car_816": [1, 2], "car_815": [7, 2], "car_814": [5, 7], "car_813": [2, 4], "car_812": [1, 2], "car_811": [4, 2], "car_810": [7, 0], "car_679": [1, 3], "car_678": [5, 4], "car_677": [4, 0], "car_676": [3, 0], "car_675": [4, 3], "car_674": [6, 4], "car_673": [3, 0], "car_672": [7, 0], "car_671": [3, 4], "car_670": [1, 5], "car_789": [5, 7], "car_788": [0, 2], "car_783": [4, 2], "car_782": [3, 4], "car_781": [1, 4], "car_780": [0, 7], "car_787": [7, 5], "car_786": [3, 6], "car_785": [1, 5], "car_784": [5, 6], "car_0": [3, 1], "car_1179": [4, 0], "car_255": [3, 5], "car_254": [1, 6], "car_257": [5, 7], "car_256": [4, 6], "car_251": [2, 0], "car_250": [6, 3], "car_253": [7, 4], "car_252": [5, 2], "car_259": [3, 0], "car_258": [1, 5], "car_1170": [6, 7], "car_1171": [2, 3], "car_1413": [6, 3], "car_1363": [5, 3], "car_1362": [4, 7], "car_1361": [3, 1], "car_1360": [1, 4], "car_1367": [2, 5], "car_1366": [0, 7], "car_1365": [4, 7], "car_1364": [1, 2], "car_1369": [1, 6], "car_1368": [5, 1], "car_321": [6, 0], "car_320": [4, 6], "car_323": [7, 3], "car_322": [0, 1], "car_325": [4, 1], "car_324": [3, 1], "car_327": [7, 5], "car_326": [0, 1], "car_329": [2, 6], "car_328": [3, 6], "car_1107": [4, 0], "car_1106": [3, 7], "car_1105": [6, 4], "car_1104": [7, 4], "car_1103": [0, 6], "car_1102": [3, 7], "car_1101": [7, 0], "car_1100": [6, 7], "car_1109": [0, 4], "car_1108": [6, 7], "car_1297": [2, 4], "car_1296": [4, 5], "car_1295": [1, 6], "car_1294": [5, 7], "car_1293": [0, 6], "car_1292": [6, 4], "car_1291": [1, 7], "car_1290": [5, 0], "car_1299": [1, 5], "car_1298": [5, 2], "car_1039": [3, 6], "car_1038": [5, 3], "car_1033": [7, 5], "car_1032": [5, 7], "car_1031": [0, 3], "car_1030": [6, 2], "car_1037": [2, 7], "car_1036": [0, 3], "car_1035": [6, 7], "car_1034": [3, 7], "car_899": [5, 0], "car_898": [0, 2], "car_897": [6, 5], "car_896": [3, 1], "car_895": [1, 7], "car_894": [7, 5], "car_893": [0, 1], "car_892": [1, 0], "car_891": [2, 7], "car_890": [4, 1], "car_419": [4, 2], "car_418": [1, 6], "car_413": [1, 4], "car_412": [3, 4], "car_411": [2, 3], "car_410": [5, 0], "car_417": [7, 1], "car_416": [0, 2], "car_415": [6, 5], "car_414": [3, 2], "car_527": [6, 4], "car_526": [0, 5], "car_525": [6, 4], "car_524": [3, 2], "car_523": [2, 7], "car_522": [1, 4], "car_521": [3, 1], "car_520": [5, 2], "car_529": [7, 1], "car_528": [2, 4], "car_668": [2, 7], "car_669": [7, 6], "car_664": [4, 7], "car_665": [2, 4], "car_666": [0, 1], "car_667": [4, 1], "car_660": [5, 1], "car_661": [4, 2], "car_662": [0, 4], "car_663": [2, 3], "car_798": [5, 3], "car_799": [7, 5], "car_790": [3, 6], "car_791": [2, 3], "car_792": [5, 6], "car_793": [6, 3], "car_794": [3, 4], "car_795": [5, 3], "car_796": [1, 3], "car_797": [0, 2], "car_242": [7, 5], "car_243": [1, 2], "car_240": [6, 7], "car_241": [2, 0], "car_246": [7, 5], "car_247": [7, 2], "car_244": [2, 1], "car_245": [6, 1], "car_248": [1, 2], "car_249": [4, 2], "car_1356": [1, 2], "car_1357": [6, 1], "car_1354": [4, 2], "car_1355": [0, 5], "car_1352": [7, 6], "car_1353": [1, 4], "car_1350": [1, 6], "car_1351": [3, 5], "car_1358": [0, 5], "car_1359": [7, 3], "car_338": [1, 0], "car_339": [5, 3], "car_336": [1, 3], "car_337": [0, 1], "car_334": [2, 6], "car_335": [2, 1], "car_332": [7, 1], "car_333": [0, 5], "car_330": [4, 2], "car_331": [2, 7], "car_1138": [2, 7], "car_1139": [1, 7], "car_1132": [4, 5], "car_1133": [6, 0], "car_1130": [5, 3], "car_1131": [2, 3], "car_1136": [3, 0], "car_1137": [6, 1], "car_1134": [3, 5], "car_1135": [7, 5], "car_1008": [3, 1], "car_1009": [5, 2], "car_1006": [5, 0], "car_1007": [1, 5], "car_1004": [0, 6], "car_1005": [2, 5], "car_1002": [4, 5], "car_1003": [2, 5], "car_1000": [1, 4], "car_1001": [7, 2], "car_36": [1, 2], "car_37": [3, 4], "car_34": [0, 4], "car_35": [5, 3], "car_888": [4, 6], "car_889": [1, 4], "car_30": [6, 1], "car_31": [2, 1], "car_884": [0, 5], "car_885": [2, 6], "car_886": [7, 4], "car_887": [3, 2], "car_880": [0, 5], "car_881": [5, 7], "car_882": [1, 2], "car_883": [6, 3], "car_408": [7, 5], "car_409": [0, 6], "car_400": [2, 6], "car_401": [6, 7], "car_402": [5, 2], "car_403": [1, 0], "car_404": [3, 6], "car_405": [4, 1], "car_406": [0, 2], "car_407": [5, 1], "car_534": [1, 6], "car_535": [6, 4], "car_536": [0, 7], "car_537": [7, 1], "car_530": [1, 2], "car_531": [6, 5], "car_532": [2, 4], "car_533": [7, 5], "car_538": [5, 3], "car_539": [6, 1], "car_659": [0, 1], "car_658": [4, 7], "car_651": [4, 3], "car_650": [3, 4], "car_653": [4, 1], "car_652": [0, 7], "car_655": [7, 4], "car_654": [5, 2], "car_657": [3, 0], "car_656": [0, 5], "car_1349": [5, 1], "car_1348": [6, 7], "car_1341": [6, 3], "car_1340": [0, 4], "car_1343": [2, 3], "car_1342": [0, 6], "car_1345": [7, 4], "car_1344": [5, 0], "car_1347": [3, 4], "car_1346": [1, 3], "car_349": [3, 2], "car_348": [0, 1], "car_343": [7, 1], "car_342": [2, 0], "car_341": [0, 1], "car_340": [3, 6], "car_347": [6, 3], "car_346": [4, 1], "car_345": [3, 7], "car_344": [1, 0], "car_1129": [4, 6], "car_1128": [3, 6], "car_1125": [4, 0], "car_1124": [3, 6], "car_1127": [0, 2], "car_1126": [6, 3], "car_1121": [3, 4], "car_1120": [2, 6], "car_1123": [7, 4], "car_1122": [2, 6], "car_1402": [3, 1], "car_1403": [4, 3], "car_1400": [4, 1], "car_1401": [7, 3], "car_1406": [1, 2], "car_1407": [4, 5], "car_1404": [5, 0], "car_1405": [7, 3], "car_1011": [3, 7], "car_1010": [7, 1], "car_1013": [7, 1], "car_1012": [4, 5], "car_1015": [5, 0], "car_1014": [4, 0], "car_1017": [1, 2], "car_1016": [1, 7], "car_1019": [1, 0], "car_1018": [3, 4], "car_25": [1, 6], "car_24": [5, 7], "car_27": [4, 5], "car_26": [7, 5], "car_21": [5, 3], "car_20": [6, 4], "car_23": [0, 3], "car_22": [4, 1], "car_29": [4, 7], "car_28": [2, 1], "car_435": [1, 7], "car_434": [2, 0], "car_437": [5, 7], "car_436": [2, 0], "car_431": [5, 6], "car_430": [2, 7], "car_433": [6, 1], "car_432": [4, 0], "car_439": [0, 4], "car_438": [7, 4], "car_501": [0, 1], "car_500": [6, 5], "car_503": [4, 0], "car_502": [3, 6], "car_505": [5, 0], "car_504": [0, 1], "car_507": [6, 7], "car_506": [7, 2], "car_509": [4, 2], "car_508": [5, 1], "car_646": [7, 1], "car_647": [2, 1], "car_644": [1, 3], "car_645": [0, 5], "car_642": [5, 0], "car_643": [2, 4], "car_640": [6, 2], "car_641": [0, 7], "car_648": [7, 0], "car_649": [1, 3], "car_1338": [1, 6], "car_1339": [4, 2], "car_1334": [6, 1], "car_1335": [2, 6], "car_1336": [5, 0], "car_1337": [7, 3], "car_1330": [4, 6], "car_1331": [4, 7], "car_1332": [6, 3], "car_1333": [3, 1], "car_358": [3, 0], "car_359": [2, 3], "car_350": [4, 5], "car_351": [0, 2], "car_352": [1, 4], "car_353": [4, 0], "car_354": [6, 2], "car_355": [5, 2], "car_356": [1, 7], "car_357": [6, 4], "car_1240": [4, 2], "car_1241": [3, 7], "car_1242": [7, 6], "car_1243": [1, 7], "car_1244": [5, 7], "car_1245": [7, 1], "car_1246": [4, 7], "car_1247": [4, 0], "car_1248": [7, 0], "car_1249": [3, 5], "car_1064": [6, 5], "car_1065": [2, 3], "car_1066": [1, 2], "car_1067": [0, 1], "car_1060": [3, 7], "car_1061": [6, 0], "car_1062": [2, 6], "car_1063": [5, 1], "car_1068": [1, 0], "car_1069": [4, 1], "car_10": [7, 1], "car_11": [1, 2], "car_12": [3, 5], "car_13": [6, 7], "car_14": [2, 1], "car_15": [5, 1], "car_16": [1, 6], "car_17": [7, 5], "car_18": [2, 7], "car_19": [4, 6], "car_1460": [7, 0], "car_1461": [1, 3], "car_1462": [3, 5], "car_1463": [4, 7], "car_1464": [6, 2], "car_422": [3, 4], "car_423": [6, 2], "car_420": [0, 6], "car_421": [1, 4], "car_426": [7, 0], "car_427": [3, 0], "car_424": [2, 1], "car_425": [5, 1], "car_428": [5, 1], "car_429": [7, 2], "car_518": [4, 7], "car_519": [6, 5], "car_516": [5, 3], "car_517": [3, 2], "car_514": [3, 7], "car_515": [2, 7], "car_512": [2, 1], "car_513": [1, 5], "car_510": [6, 1], "car_511": [0, 6], "car_633": [4, 7], "car_632": [1, 3], "car_631": [2, 0], "car_630": [7, 3], "car_637": [7, 2], "car_636": [2, 3], "car_635": [0, 3], "car_634": [6, 1], "car_639": [2, 4], "car_638": [6, 4], "car_189": [5, 3], "car_188": [2, 5], "car_185": [3, 1], "car_184": [1, 2], "car_187": [6, 0], "car_186": [4, 5], "car_181": [6, 4], "car_180": [4, 0], "car_183": [7, 1], "car_182": [2, 7], "car_749": [3, 1], "car_748": [7, 1], "car_747": [0, 1], "car_746": [1, 0], "car_745": [7, 6], "car_744": [0, 7], "car_743": [4, 6], "car_742": [4, 0], "car_741": [1, 2], "car_740": [5, 7], "car_299": [7, 1], "car_298": [3, 4], "car_291": [7, 4], "car_290": [4, 2], "car_293": [3, 7], "car_292": [1, 3], "car_295": [2, 6], "car_294": [0, 1], "car_297": [1, 5], "car_296": [5, 7], "car_1329": [3, 7], "car_1328": [1, 0], "car_1327": [4, 7], "car_1326": [1, 2], "car_1325": [7, 3], "car_1324": [1, 7], "car_1323": [7, 0], "car_1322": [5, 4], "car_1321": [2, 0], "car_1320": [6, 1], "car_365": [6, 3], "car_364": [3, 4], "car_367": [4, 5], "car_366": [7, 4], "car_361": [3, 1], "car_360": [3, 2], "car_363": [1, 0], "car_362": [5, 6], "car_369": [5, 2], "car_368": [2, 0], "car_167": [1, 5], "car_166": [7, 6], "car_165": [5, 0], "car_164": [4, 1], "car_163": [7, 0], "car_162": [2, 7], "car_161": [0, 2], "car_160": [6, 7], "car_169": [4, 5], "car_168": [3, 4], "car_1253": [2, 3], "car_1252": [0, 2], "car_1251": [6, 7], "car_1250": [4, 2], "car_1257": [4, 5], "car_1256": [1, 3], "car_1255": [5, 6], "car_1254": [6, 7], "car_1259": [2, 0], "car_1258": [0, 1], "car_1077": [4, 5], "car_1076": [1, 5], "car_1075": [2, 3], "car_1074": [1, 6], "car_1073": [4, 2], "car_1072": [5, 3], "car_1071": [2, 5], "car_1070": [2, 0], "car_1079": [3, 1], "car_1078": [7, 0], "car_985": [5, 7], "car_984": [4, 0], "car_987": [3, 7], "car_986": [7, 6], "car_981": [3, 2], "car_980": [3, 4], "car_983": [5, 7], "car_982": [2, 5], "car_989": [1, 3], "car_988": [5, 4], "car_569": [4, 0], "car_568": [7, 1], "car_563": [6, 2], "car_562": [0, 3], "car_561": [4, 5], "car_560": [7, 3], "car_567": [2, 7], "car_566": [6, 2], "car_565": [6, 2], "car_564": [0, 4], "car_620": [6, 1], "car_621": [5, 4], "car_622": [7, 0], "car_623": [7, 1], "car_624": [1, 3], "car_625": [6, 4], "car_626": [5, 0], "car_627": [2, 0], "car_628": [4, 3], "car_629": [3, 1], "car_198": [3, 4], "car_199": [7, 3], "car_192": [0, 3], "car_193": [2, 6], "car_190": [7, 1], "car_191": [3, 2], "car_196": [2, 5], "car_197": [7, 3], "car_194": [5, 3], "car_195": [0, 1], "car_758": [0, 5], "car_759": [1, 2], "car_754": [0, 4], "car_755": [2, 5], "car_756": [5, 3], "car_757": [4, 2], "car_750": [0, 3], "car_751": [2, 6], "car_752": [1, 0], "car_753": [6, 4], "car_286": [4, 0], "car_287": [5, 7], "car_284": [7, 1], "car_285": [1, 7], "car_282": [0, 6], "car_283": [2, 6], "car_280": [4, 6], "car_281": [6, 2], "car_288": [1, 4], "car_289": [1, 5], "car_1312": [7, 6], "car_1313": [3, 5], "car_1310": [4, 0], "car_1311": [0, 1], "car_1316": [7, 6], "car_1317": [2, 4], "car_1314": [2, 1], "car_1315": [5, 4], "car_1318": [4, 5], "car_1319": [3, 2], "car_372": [3, 0], "car_373": [0, 1], "car_370": [0, 6], "car_371": [1, 7], "car_376": [1, 2], "car_377": [2, 5], "car_374": [1, 6], "car_375": [7, 6], "car_378": [3, 4], "car_379": [0, 4], "car_174": [0, 1], "car_175": [2, 3], "car_176": [7, 0], "car_177": [1, 3], "car_170": [4, 6], "car_171": [6, 1], "car_172": [1, 7], "car_173": [2, 7], "car_178": [4, 6], "car_179": [6, 3], "car_1266": [6, 0], "car_1267": [1, 6], "car_1264": [3, 7], "car_1265": [4, 6], "car_1262": [0, 6], "car_1263": [1, 5], "car_1260": [5, 2], "car_1261": [3, 7], "car_1268": [4, 3], "car_1269": [0, 1], "car_1048": [0, 1], "car_1049": [3, 5], "car_1042": [1, 0], "car_1043": [3, 5], "car_1040": [3, 2], "car_1041": [6, 7], "car_1046": [3, 1], "car_1047": [6, 7], "car_1044": [6, 3], "car_1045": [0, 3], "car_78": [3, 7], "car_79": [4, 5], "car_72": [4, 0], "car_73": [6, 2], "car_70": [7, 3], "car_71": [3, 2], "car_76": [1, 6], "car_77": [7, 4], "car_74": [0, 2], "car_75": [7, 3], "car_992": [7, 0], "car_993": [0, 6], "car_990": [2, 7], "car_991": [5, 1], "car_996": [7, 0], "car_997": [3, 0], "car_994": [6, 1], "car_995": [0, 1], "car_998": [5, 0], "car_999": [7, 6], "car_1448": [7, 1], "car_1449": [6, 1], "car_1446": [4, 5], "car_1447": [6, 5], "car_1444": [5, 0], "car_1445": [3, 2], "car_1442": [1, 6], "car_1443": [4, 2], "car_1440": [2, 1], "car_1441": [5, 2], "car_578": [4, 7], "car_579": [4, 2], "car_553": [2, 6], "car_570": [0, 4], "car_571": [5, 1], "car_572": [7, 4], "car_573": [0, 5], "car_574": [5, 0], "car_806": [4, 0], "car_576": [5, 6], "car_577": [0, 5], "car_807": [0, 3], "car_800": [6, 2], "car_801": [5, 4], "car_802": [6, 2], "car_803": [0, 7], "car_619": [3, 4], "car_618": [7, 4], "car_615": [2, 7], "car_614": [0, 5], "car_617": [1, 7], "car_616": [5, 2], "car_611": [7, 6], "car_610": [7, 0], "car_613": [6, 7], "car_612": [4, 5], "car_769": [2, 4], "car_768": [0, 2], "car_761": [7, 2], "car_760": [0, 6], "car_763": [6, 0], "car_762": [3, 4], "car_765": [0, 5], "car_764": [5, 2], "car_767": [7, 3], "car_766": [2, 5], "car_575": [4, 0], "car_1305": [2, 3], "car_1304": [0, 6], "car_1307": [3, 5], "car_1306": [5, 3], "car_1301": [7, 1], "car_1300": [3, 0], "car_1303": [4, 5], "car_1302": [1, 0], "car_1309": [5, 3], "car_1308": [2, 4], "car_389": [0, 7], "car_388": [1, 0], "car_387": [7, 3], "car_386": [6, 5], "car_385": [7, 1], "car_384": [0, 6], "car_383": [5, 0], "car_382": [3, 6], "car_381": [2, 0], "car_380": [1, 6], "car_141": [0, 4], "car_140": [3, 4], "car_143": [7, 3], "car_142": [2, 1], "car_145": [3, 4], "car_144": [1, 7], "car_147": [2, 7], "car_146": [6, 4], "car_149": [7, 4], "car_148": [5, 3], "car_1279": [0, 1], "car_1278": [1, 3], "car_1271": [7, 2], "car_1270": [2, 3], "car_1273": [0, 2], "car_1272": [6, 4], "car_1275": [3, 7], "car_1274": [5, 4], "car_1277": [7, 2], "car_1276": [4, 6], "car_1059": [1, 3], "car_1058": [2, 7], "car_1055": [2, 7], "car_1054": [4, 3], "car_1057": [0, 7], "car_1056": [6, 1], "car_1051": [0, 3], "car_1050": [6, 1], "car_1053": [2, 7], "car_1052": [7, 4], "car_69": [5, 4], "car_68": [2, 5], "car_61": [7, 4], "car_60": [2, 3], "car_63": [4, 0], "car_62": [2, 1], "car_65": [0, 5], "car_64": [6, 4], "car_67": [0, 3], "car_66": [6, 4], "car_969": [0, 6], "car_968": [6, 5], "car_967": [7, 4], "car_966": [5, 0], "car_965": [3, 5], "car_964": [7, 6], "car_963": [5, 3], "car_962": [6, 3], "car_961": [7, 3], "car_960": [5, 4], "car_1451": [3, 5], "car_1450": [7, 6], "car_1453": [2, 3], "car_1452": [6, 0], "car_1455": [0, 5], "car_1454": [5, 0], "car_1457": [1, 6], "car_1456": [7, 1], "car_1459": [2, 5], "car_1458": [0, 3], "car_545": [6, 7], "car_544": [4, 7], "car_547": [1, 0], "car_546": [7, 1], "car_541": [7, 0], "car_540": [5, 6], "car_543": [3, 1], "car_542": [1, 7], "car_549": [0, 1], "car_548": [6, 0], "car_819": [0, 6], "car_818": [6, 7], "car_33": [4, 2], "car_608": [2, 1], "car_609": [5, 2], "car_602": [2, 5], "car_603": [3, 0], "car_600": [5, 6], "car_601": [3, 4], "car_606": [3, 6], "car_607": [0, 1], "car_604": [5, 0], "car_605": [1, 6], "car_776": [0, 5], "car_777": [5, 0], "car_774": [6, 3], "car_775": [7, 2], "car_772": [7, 6], "car_773": [4, 7], "car_770": [5, 3], "car_771": [4, 5], "car_778": [0, 5], "car_779": [2, 5], "car_398": [1, 4], "car_399": [3, 0], "car_394": [6, 3], "car_395": [5, 7], "car_396": [0, 1], "car_397": [7, 4], "car_390": [1, 3], "car_391": [6, 7], "car_392": [2, 6], "car_393": [1, 7], "car_158": [7, 0], "car_159": [1, 2], "car_156": [2, 6], "car_157": [5, 0], "car_154": [4, 1], "car_155": [6, 2], "car_152": [6, 1], "car_153": [2, 5], "car_150": [3, 6], "car_151": [2, 5], "car_1208": [1, 5], "car_1209": [4, 6], "car_1204": [6, 7], "car_1205": [3, 0], "car_1206": [6, 0], "car_1207": [7, 2], "car_1200": [5, 3], "car_1201": [4, 3], "car_1202": [2, 4], "car_1203": [1, 3], "car_1198": [1, 7], "car_1199": [6, 2], "car_1194": [3, 6], "car_1195": [1, 4], "car_1196": [3, 5], "car_1197": [4, 1], "car_1190": [4, 0], "car_1191": [0, 2], "car_1192": [2, 1], "car_1193": [1, 6], "car_978": [2, 7], "car_979": [5, 2], "car_974": [4, 0], "car_975": [6, 5], "car_976": [0, 2], "car_977": [4, 1], "car_970": [1, 2], "car_971": [4, 3], "car_972": [7, 1], "car_973": [1, 0], "car_1424": [3, 4], "car_1425": [4, 0], "car_1426": [5, 4], "car_1427": [7, 6], "car_1420": [4, 2], "car_1421": [7, 2], "car_1422": [3, 0], "car_1423": [4, 5], "car_1428": [1, 5], "car_1429": [6, 7], "car_54": [1, 4], "car_55": [6, 7], "car_56": [5, 2], "car_57": [4, 1], "car_50": [1, 3], "car_51": [6, 1], "car_52": [0, 7], "car_53": [7, 4], "car_58": [6, 0], "car_59": [0, 6], "car_552": [0, 1], "car_805": [1, 3], "car_550": [0, 5], "car_551": [5, 3], "car_556": [6, 7], "car_557": [2, 6], "car_554": [5, 7], "car_555": [4, 1], "car_558": [6, 5], "car_559": [2, 6], "car_808": [7, 0], "car_809": [1, 4], "car_703": [6, 0], "car_702": [1, 4], "car_701": [7, 3], "car_700": [5, 3], "car_707": [1, 3], "car_706": [7, 6], "car_705": [4, 1], "car_704": [7, 1], "car_709": [5, 2], "car_708": [3, 4], "car_129": [5, 1], "car_128": [2, 6], "car_123": [2, 4], "car_122": [2, 6], "car_121": [7, 2], "car_120": [6, 5], "car_127": [4, 0], "car_126": [3, 6], "car_125": [1, 3], "car_124": [5, 6], "car_1219": [4, 1], "car_1218": [3, 4], "car_1217": [1, 6], "car_1216": [2, 6], "car_1215": [0, 1], "car_1214": [4, 2], "car_1213": [1, 7], "car_1212": [7, 4], "car_1211": [4, 5], "car_1210": [1, 5], "car_1415": [3, 0], "car_1414": [7, 4], "car_1417": [6, 0], "car_1416": [4, 1], "car_1411": [6, 2], "car_1410": [3, 4], "car_237": [1, 3], "car_236": [6, 5], "car_235": [1, 7], "car_234": [7, 0], "car_233": [2, 3], "car_232": [6, 0], "car_231": [4, 7], "car_230": [1, 2], "car_1412": [5, 6], "car_239": [4, 2], "car_238": [3, 5], "car_1189": [2, 5], "car_1188": [0, 4], "car_1187": [6, 4], "car_1186": [0, 5], "car_1185": [7, 5], "car_1184": [0, 2], "car_1183": [4, 1], "car_1182": [1, 7], "car_1181": [4, 7], "car_1180": [5, 4], "car_949": [3, 1], "car_948": [1, 2], "car_941": [5, 6], "car_940": [0, 4], "car_943": [4, 3], "car_942": [1, 2], "car_945": [2, 1], "car_944": [0, 2], "car_947": [0, 5], "car_946": [6, 7], "car_1437": [4, 5], "car_1436": [4, 5], "car_1435": [7, 4], "car_1434": [0, 3], "car_1433": [0, 1], "car_1432": [1, 0], "car_1431": [7, 2], "car_1430": [4, 0], "car_1439": [0, 2], "car_1438": [6, 2], "car_493": [0, 3], "car_492": [5, 6], "car_491": [7, 4], "car_490": [1, 4], "car_497": [3, 2], "car_496": [5, 1], "car_495": [6, 4], "car_494": [3, 7], "car_499": [4, 3], "car_498": [1, 6], "car_43": [4, 7], "car_42": [2, 0], "car_41": [1, 2], "car_40": [5, 6], "car_47": [4, 2], "car_46": [3, 0], "car_45": [2, 6], "car_44": [0, 6], "car_49": [2, 0], "car_48": [0, 2], "car_831": [7, 2], "car_830": [4, 3], "car_833": [6, 5], "car_832": [1, 7], "car_835": [6, 1], "car_834": [5, 1], "car_837": [7, 1], "car_836": [5, 6], "car_839": [3, 7], "car_838": [1, 5], "car_710": [3, 6], "car_711": [6, 2], "car_712": [5, 0], "car_713": [1, 5], "car_714": [2, 0], "car_715": [3, 1], "car_716": [0, 5], "car_717": [7, 4], "car_718": [0, 4], "car_719": [7, 0], "car_138": [6, 1], "car_139": [1, 4], "car_130": [7, 1], "car_131": [1, 6], "car_132": [3, 5], "car_133": [4, 5], "car_134": [6, 4], "car_135": [2, 0], "car_136": [2, 7], "car_137": [1, 4], "car_1222": [6, 4], "car_1223": [5, 3], "car_1220": [2, 6], "car_1221": [3, 4], "car_1226": [1, 7], "car_1227": [4, 3], "car_1224": [6, 2], "car_1225": [1, 4], "car_1228": [2, 5], "car_1229": [7, 0], "car_224": [6, 2], "car_225": [7, 5], "car_226": [1, 6], "car_227": [5, 3], "car_220": [2, 4], "car_221": [0, 3], "car_222": [0, 2], "car_223": [7, 1], "car_228": [1, 0], "car_229": [7, 0], "car_1086": [1, 0], "car_1087": [1, 7], "car_1084": [6, 4], "car_1085": [7, 3], "car_1082": [2, 7], "car_1083": [1, 3], "car_1080": [6, 4], "car_1081": [0, 2], "car_1088": [3, 7], "car_1089": [2, 3], "car_956": [5, 7], "car_957": [1, 3], "car_954": [4, 0], "car_955": [0, 6], "car_952": [5, 1], "car_953": [7, 4], "car_950": [4, 6], "car_951": [6, 4], "car_958": [3, 5], "car_959": [6, 0], "car_1158": [3, 4], "car_1159": [4, 5], "car_1408": [0, 1], "car_1409": [2, 5], "car_1150": [1, 4], "car_1151": [2, 7], "car_1152": [5, 4], "car_1153": [7, 5], "car_1154": [3, 2], "car_1155": [6, 0], "car_1156": [2, 6], "car_1157": [7, 2], "car_480": [0, 6], "car_481": [7, 4], "car_482": [6, 7], "car_483": [0, 3], "car_484": [3, 1], "car_485": [6, 0], "car_486": [0, 4], "car_487": [2, 4], "car_488": [0, 4], "car_489": [3, 2], "car_853": [7, 4], "car_852": [2, 1], "car_851": [3, 4], "car_582": [2, 6], "car_857": [7, 6], "car_856": [0, 7], "car_855": [3, 2], "car_854": [1, 6], "car_828": [1, 3], "car_829": [3, 4], "car_826": [7, 6], "car_827": [2, 5], "car_824": [1, 5], "car_825": [6, 1], "car_822": [0, 1], "car_823": [5, 1], "car_820": [4, 2], "car_821": [6, 1], "car_729": [1, 2], "car_728": [2, 6], "car_725": [3, 1], "car_724": [1, 3], "car_727": [0, 2], "car_726": [4, 6], "car_721": [5, 2], "car_720": [6, 0], "car_723": [0, 2], "car_722": [6, 1], "car_105": [7, 1], "car_104": [5, 6], "car_107": [5, 2], "car_106": [0, 2], "car_101": [6, 4], "car_100": [7, 0], "car_103": [0, 5], "car_102": [4, 3], "car_109": [7, 2], "car_108": [3, 5], "car_1235": [7, 3], "car_1234": [5, 7], "car_1237": [0, 7], "car_1236": [1, 6], "car_1231": [3, 5], "car_1230": [1, 4], "car_1233": [2, 3], "car_1232": [4, 0], "car_1239": [1, 6], "car_1238": [7, 3], "car_211": [6, 4], "car_210": [3, 4], "car_213": [2, 6], "car_212": [0, 7], "car_215": [7, 5], "car_214": [5, 0], "car_217": [0, 7], "car_216": [1, 3], "car_219": [0, 7], "car_218": [2, 7], "car_923": [6, 4], "car_922": [2, 4], "car_921": [0, 1], "car_920": [1, 5], "car_927": [5, 0], "car_926": [6, 4], "car_925": [7, 6], "car_924": [5, 7], "car_929": [3, 7], "car_928": [3, 2], "car_1149": [7, 5], "car_1148": [5, 1], "car_1419": [1, 2], "car_1418": [5, 0], "car_1143": [1, 6], "car_1142": [7, 6], "car_1141": [3, 2], "car_1140": [5, 1], "car_1147": [4, 0], "car_1146": [2, 3], "car_1145": [4, 3], "car_1144": [0, 2], "car_1099": [4, 1], "car_1098": [7, 5], "car_1091": [1, 7], "car_1090": [5, 6], "car_1093": [2, 1], "car_1092": [3, 0], "car_1095": [2, 0], "car_1094": [3, 4], "car_1097": [5, 0], "car_1096": [0, 6], "car_589": [5, 7], "car_588": [0, 5], "car_859": [1, 4], "car_858": [1, 7], "car_581": [0, 4], "car_580": [6, 1], "car_583": [5, 1], "car_850": [7, 5], "car_585": [5, 0], "car_584": [7, 5], "car_587": [6, 3], "car_586": [3, 4], "car_457": [2, 5], "car_456": [6, 4], "car_455": [3, 1], "car_454": [4, 1], "car_453": [1, 4], "car_452": [0, 6], "car_451": [6, 5], "car_450": [7, 1], "car_459": [7, 2], "car_458": [5, 2], "car_738": [1, 4], "car_739": [2, 4], "car_733": [0, 5], "car_732": [4, 6], "car_32": [1, 4], "car_730": [4, 0], "car_731": [6, 3], "car_736": [4, 1], "car_737": [2, 0], "car_734": [5, 4], "car_735": [1, 7], "car_38": [4, 0], "car_39": [2, 7], "car_112": [2, 3], "car_113": [1, 0], "car_110": [6, 5], "car_111": [0, 3], "car_116": [7, 2], "car_117": [0, 1], "car_114": [4, 6], "car_115": [6, 5], "car_118": [0, 7], "car_119": [4, 3], "car_208": [4, 2], "car_209": [0, 4], "car_206": [7, 1], "car_207": [1, 3], "car_204": [3, 0], "car_205": [4, 2], "car_202": [6, 0], "car_203": [2, 3], "car_200": [1, 3], "car_201": [3, 5], "car_1398": [1, 2], "car_1399": [3, 2], "car_1392": [0, 6], "car_1393": [2, 5], "car_1390": [6, 7], "car_1391": [7, 5], "car_1396": [1, 4], "car_1397": [5, 1], "car_1394": [5, 4], "car_1395": [6, 5], "car_930": [4, 5], "car_931": [0, 3], "car_932": [2, 5], "car_933": [7, 4], "car_934": [1, 5], "car_935": [4, 1], "car_936": [6, 2], "car_937": [2, 4], "car_938": [5, 4], "car_939": [2, 6], "car_6": [7, 4], "car_7": [4, 1], "car_4": [6, 5], "car_5": [0, 7], "car_2": [7, 2], "car_3": [4, 0], "car_1178": [5, 3], "car_1": [5, 1], "car_1176": [4, 0], "car_1177": [2, 1], "car_1174": [0, 7], "car_1175": [7, 4], "car_1172": [7, 4], "car_1173": [3, 0], "car_8": [6, 3], "car_9": [5, 3], "car_98": [7, 3], "car_99": [4, 6], "car_90": [1, 3], "car_91": [4, 5], "car_92": [0, 7], "car_93": [2, 3], "car_94": [7, 3], "car_95": [3, 2], "car_96": [4, 7], "car_97": [0, 1], "car_596": [7, 0], "car_597": [4, 2], "car_594": [5, 3], "car_595": [3, 7], "car_592": [1, 0], "car_593": [3, 7], "car_590": [1, 2], "car_591": [2, 7], "car_598": [4, 5], "car_599": [7, 4], "car_848": [0, 6], "car_849": [3, 2], "car_840": [3, 1], "car_841": [4, 5], "car_842": [2, 4], "car_843": [5, 2], "car_844": [4, 1], "car_845": [2, 1], "car_846": [7, 5], "car_847": [6, 3], "car_444": [3, 0], "car_445": [2, 6], "car_446": [7, 5], "car_447": [2, 3], "car_440": [4, 1], "car_441": [0, 7], "car_442": [0, 7], "car_443": [1, 5], "car_448": [5, 7], "car_449": [4, 5], "car_695": [3, 1], "car_694": [5, 6], "car_697": [4, 7], "car_696": [7, 3], "car_691": [7, 6], "car_690": [5, 4], "car_693": [6, 5], "car_692": [1, 2], "car_699": [1, 4], "car_698": [0, 6], "car_279": [1, 4], "car_278": [7, 3], "car_273": [7, 5], "car_272": [0, 7], "car_271": [6, 1], "car_270": [2, 5], "car_277": [5, 2], "car_276": [2, 0], "car_275": [3, 7], "car_274": [1, 4], "car_1389": [4, 6], "car_1388": [2, 5], "car_1385": [2, 3], "car_1384": [0, 7], "car_1387": [4, 2], "car_1386": [5, 3], "car_1381": [1, 5], "car_1380": [0, 2], "car_1383": [5, 6], "car_1382": [2, 5], "car_307": [7, 5], "car_306": [5, 4], "car_305": [3, 7], "car_304": [7, 4], "car_303": [2, 5], "car_302": [7, 1], "car_301": [4, 3], "car_300": [3, 4], "car_804": [2, 5], "car_309": [1, 5], "car_308": [4, 2], "car_909": [3, 5], "car_908": [1, 5], "car_905": [5, 0], "car_904": [4, 3], "car_907": [7, 4], "car_906": [1, 6], "car_901": [3, 1], "car_900": [7, 2], "car_903": [7, 2], "car_902": [5, 1], "car_1161": [2, 7], "car_1160": [6, 1], "car_1163": [2, 1], "car_1162": [4, 7], "car_1165": [3, 4], "car_1164": [1, 5], "car_1167": [0, 2], "car_1166": [6, 7], "car_1169": [4, 6], "car_1168": [7, 6], "car_87": [4, 0], "car_86": [1, 4], "car_85": [7, 1], "car_84": [2, 3], "car_83": [0, 7], "car_82": [6, 4], "car_81": [1, 0], "car_80": [0, 1], "car_89": [2, 0], "car_88": [6, 4], "car_875": [4, 5], "car_874": [7, 5], "car_877": [3, 2], "car_876": [5, 7], "car_871": [3, 1], "car_870": [1, 6], "car_873": [5, 3], "car_872": [4, 5], "car_879": [6, 5], "car_878": [4, 7], "car_471": [1, 2], "car_470": [0, 7], "car_473": [6, 7], "car_472": [3, 4], "car_475": [6, 0], "car_474": [4, 6], "car_477": [6, 2], "car_476": [3, 2], "car_479": [7, 2], "car_478": [0, 4], "car_682": [4, 3], "car_683": [2, 7], "car_680": [3, 6], "car_681": [1, 7], "car_686": [3, 6], "car_687": [4, 1], "car_684": [5, 1], "car_685": [7, 5], "car_688": [2, 7], "car_689": [2, 6], "car_268": [3, 2], "car_269": [4, 1], "car_260": [1, 3], "car_261": [3, 7], "car_262": [5, 7], "car_263": [1, 6], "car_264": [6, 7], "car_265": [2, 5], "car_266": [7, 6], "car_267": [1, 4], "car_1370": [3, 0], "car_1371": [6, 0], "car_1372": [5, 1], "car_1373": [6, 3], "car_1374": [7, 0], "car_1375": [1, 5], "car_1376": [4, 0], "car_1377": [0, 3], "car_1378": [5, 3], "car_1379": [6, 3], "car_314": [4, 3], "car_315": [1, 5], "car_316": [4, 2], "car_317": [7, 6], "car_310": [0, 2], "car_311": [1, 2], "car_312": [2, 7], "car_313": [3, 0], "car_318": [2, 6], "car_319": [5, 6], "car_918": [3, 4], "car_919": [6, 5], "car_912": [1, 5], "car_913": [5, 3], "car_910": [6, 5], "car_911": [2, 1], "car_916": [7, 3], "car_917": [1, 5], "car_914": [6, 2], "car_915": [5, 2], "car_1114": [4, 0], "car_1115": [7, 6], "car_1116": [1, 6], "car_1117": [3, 0], "car_1110": [5, 3], "car_1111": [7, 5], "car_1112": [4, 3], "car_1113": [2, 3], "car_1118": [6, 1], "car_1119": [0, 4], "car_1284": [1, 3], "car_1285": [4, 3], "car_1286": [2, 7], "car_1287": [5, 1], "car_1280": [2, 0], "car_1281": [0, 4], "car_1282": [5, 1], "car_1283": [7, 3], "car_1288": [7, 2], "car_1289": [1, 0], "car_1028": [1, 6], "car_1029": [4, 5], "car_1020": [1, 0], "car_1021": [3, 2], "car_1022": [4, 2], "car_1023": [6, 3], "car_1024": [6, 3], "car_1025": [7, 2], "car_1026": [1, 3], "car_1027": [3, 1], "car_862": [1, 5], "car_863": [5, 1], "car_860": [3, 5], "car_861": [6, 1], "car_866": [1, 7], "car_867": [7, 5], "car_864": [7, 2], "car_865": [5, 1], "car_868": [1, 7], "car_869": [4, 3]}