<routes>

	<vType id="car5" accel="100.0" decel="100.0" sigma="0.0" length="5" minGap="5.000000" maxSpeed="11.180000" tau="0.100000" carFollowModel="CACC" color="255,255,255"/>
	<vType id="car6" accel="100.0" decel="100.0" sigma="0.0" length="6" minGap="5.000000" maxSpeed="11.180000" tau="0.100000" carFollowModel="CACC" color="255,255,255"/>
	<vType id="car7" accel="100.0" decel="100.0" sigma="0.0" length="7" minGap="5.000000" maxSpeed="11.180000" tau="0.100000" carFollowModel="CACC" color="255,255,255"/>
	<vType id="car8" accel="100.0" decel="100.0" sigma="0.0" length="8" minGap="5.000000" maxSpeed="11.180000" tau="0.100000" carFollowModel="CACC" color="255,255,255"/>
	<vType id="car9" accel="100.0" decel="100.0" sigma="0.0" length="9" minGap="5.000000" maxSpeed="11.180000" tau="0.100000" carFollowModel="CACC" color="255,255,255"/>

	<route id="0" edges=" 001_001_1"/>
	<route id="2" edges=" 001_002_2"/>
	<route id="5" edges=" 002_001_3"/>
	<route id="7" edges=" 001_001_4"/>
	<route id="1" edges=" 001_002_1"/>
	<route id="3" edges=" 002_002_2"/>
	<route id="4" edges=" 002_002_3"/>
	<route id="6" edges=" 002_001_4"/>

	<vehicle id="car_0" type="car8" route="1" depart="0" departLane = "1" departSpeed="11.180000"/>
	<vehicle id="car_1" type="car9" route="3" depart="2" departLane = "2" departSpeed="11.180000"/>
	<vehicle id="car_2" type="car6" route="3" depart="4" departLane = "1" departSpeed="11.180000"/>
	<vehicle id="car_3" type="car9" route="6" depart="4" departLane = "1" departSpeed="11.180000"/>
	<vehicle id="car_4" type="car8" route="0" depart="6" departLane = "0" departSpeed="11.180000"/>
	<vehicle id="car_5" type="car7" route="0" depart="7" departLane = "2" departSpeed="11.180000"/>
	<vehicle id="car_6" type="car8" route="4" depart="8" departLane = "0" departSpeed="11.180000"/>
	<vehicle id="car_7" type="car5" route="2" depart="9" departLane = "1" departSpeed="11.180000"/>
	<vehicle id="car_8" type="car7" route="5" depart="12" departLane = "0" departSpeed="11.180000"/>
	<vehicle id="car_9" type="car5" route="2" depart="13" departLane = "2" departSpeed="11.180000"/>
	<vehicle id="car_10" type="car5" route="4" depart="14" departLane = "1" departSpeed="11.180000"/>
	<vehicle id="car_11" type="car8" route="1" depart="15" departLane = "2" departSpeed="11.180000"/>
	<vehicle id="car_12" type="car9" route="2" depart="17" departLane = "2" departSpeed="11.180000"/>
	<vehicle id="car_13" type="car9" route="5" depart="17" departLane = "0" departSpeed="11.180000"/>
	<vehicle id="car_14" type="car5" route="3" depart="17" departLane = "2" departSpeed="11.180000"/>
	<vehicle id="car_15" type="car5" route="6" depart="17" departLane = "1" departSpeed="11.180000"/>
	<vehicle id="car_16" type="car8" route="3" depart="18" departLane = "0" departSpeed="11.180000"/>
	<vehicle id="car_17" type="car5" route="0" depart="19" departLane = "1" departSpeed="11.180000"/>
	<vehicle id="car_18" type="car5" route="5" depart="23" departLane = "2" departSpeed="11.180000"/>
	<vehicle id="car_19" type="car7" route="4" depart="23" departLane = "2" departSpeed="11.180000"/>
	<vehicle id="car_20" type="car9" route="5" depart="25" departLane = "2" departSpeed="11.180000"/>
	<vehicle id="car_21" type="car7" route="2" depart="27" departLane = "0" departSpeed="11.180000"/>
	<vehicle id="car_22" type="car9" route="7" depart="27" departLane = "2" departSpeed="11.180000"/>
	<vehicle id="car_23" type="car5" route="3" depart="27" departLane = "0" departSpeed="11.180000"/>
	<vehicle id="car_24" type="car9" route="4" depart="27" departLane = "0" departSpeed="11.180000"/>
	<vehicle id="car_25" type="car6" route="4" depart="32" departLane = "0" departSpeed="11.180000"/>
	<vehicle id="car_26" type="car6" route="0" depart="33" departLane = "0" departSpeed="11.180000"/>
	<vehicle id="car_27" type="car5" route="4" depart="34" departLane = "0" departSpeed="11.180000"/>
	<vehicle id="car_28" type="car9" route="1" depart="35" departLane = "1" departSpeed="11.180000"/>
	<vehicle id="car_29" type="car9" route="2" depart="38" departLane = "0" departSpeed="11.180000"/>
	<vehicle id="car_30" type="car6" route="7" depart="38" departLane = "2" departSpeed="11.180000"/>
	<vehicle id="car_31" type="car7" route="3" depart="39" departLane = "2" departSpeed="11.180000"/>
	<vehicle id="car_32" type="car9" route="6" depart="39" departLane = "2" departSpeed="11.180000"/>
	<vehicle id="car_33" type="car5" route="2" depart="40" departLane = "2" departSpeed="11.180000"/>
	<vehicle id="car_34" type="car8" route="3" depart="41" departLane = "1" departSpeed="11.180000"/>
	<vehicle id="car_35" type="car9" route="4" depart="41" departLane = "1" departSpeed="11.180000"/>
	<vehicle id="car_36" type="car5" route="6" depart="41" departLane = "0" departSpeed="11.180000"/>
	<vehicle id="car_37" type="car8" route="2" depart="42" departLane = "2" departSpeed="11.180000"/>
	<vehicle id="car_38" type="car9" route="3" depart="42" departLane = "1" departSpeed="11.180000"/>
	<vehicle id="car_39" type="car7" route="3" depart="43" departLane = "1" departSpeed="11.180000"/>
	<vehicle id="car_40" type="car5" route="1" depart="46" departLane = "1" departSpeed="11.180000"/>
	<vehicle id="car_41" type="car6" route="6" depart="46" departLane = "0" departSpeed="11.180000"/>
	<vehicle id="car_42" type="car5" route="2" depart="48" departLane = "1" departSpeed="11.180000"/>
	<vehicle id="car_43" type="car6" route="3" depart="49" departLane = "0" departSpeed="11.180000"/>
	<vehicle id="car_44" type="car5" route="4" depart="49" departLane = "0" departSpeed="11.180000"/>
	<vehicle id="car_45" type="car9" route="0" depart="56" departLane = "1" departSpeed="11.180000"/>
	<vehicle id="car_46" type="car7" route="5" depart="57" departLane = "0" departSpeed="11.180000"/>
	<vehicle id="car_47" type="car9" route="7" depart="59" departLane = "0" departSpeed="11.180000"/>
	<vehicle id="car_48" type="car8" route="1" depart="59" departLane = "1" departSpeed="11.180000"/>
	<vehicle id="car_49" type="car6" route="5" depart="60" departLane = "2" departSpeed="11.180000"/>
	<vehicle id="car_50" type="car9" route="7" depart="62" departLane = "2" departSpeed="11.180000"/>
	<vehicle id="car_51" type="car8" route="1" depart="62" departLane = "2" departSpeed="11.180000"/>
	<vehicle id="car_52" type="car7" route="3" depart="62" departLane = "1" departSpeed="11.180000"/>
	<vehicle id="car_53" type="car6" route="5" depart="63" departLane = "1" departSpeed="11.180000"/>
	<vehicle id="car_54" type="car5" route="1" depart="63" departLane = "1" departSpeed="11.180000"/>
	<vehicle id="car_55" type="car7" route="1" depart="65" departLane = "0" departSpeed="11.180000"/>
	<vehicle id="car_56" type="car5" route="1" depart="67" departLane = "1" departSpeed="11.180000"/>
	<vehicle id="car_57" type="car6" route="3" depart="67" departLane = "0" departSpeed="11.180000"/>
	<vehicle id="car_58" type="car6" route="6" depart="67" departLane = "1" departSpeed="11.180000"/>
	<vehicle id="car_59" type="car8" route="6" depart="68" departLane = "1" departSpeed="11.180000"/>
	<vehicle id="car_60" type="car9" route="3" depart="69" departLane = "0" departSpeed="11.180000"/>
	<vehicle id="car_61" type="car8" route="3" depart="70" departLane = "2" departSpeed="11.180000"/>
	<vehicle id="car_62" type="car6" route="7" depart="72" departLane = "1" departSpeed="11.180000"/>
	<vehicle id="car_63" type="car9" route="4" depart="73" departLane = "1" departSpeed="11.180000"/>
	<vehicle id="car_64" type="car9" route="1" depart="74" departLane = "0" departSpeed="11.180000"/>
	<vehicle id="car_65" type="car8" route="6" depart="74" departLane = "2" departSpeed="11.180000"/>
	<vehicle id="car_66" type="car9" route="0" depart="75" departLane = "2" departSpeed="11.180000"/>
	<vehicle id="car_67" type="car8" route="3" depart="75" departLane = "1" departSpeed="11.180000"/>
	<vehicle id="car_68" type="car6" route="5" depart="77" departLane = "1" departSpeed="11.180000"/>
	<vehicle id="car_69" type="car9" route="2" depart="80" departLane = "0" departSpeed="11.180000"/>
	<vehicle id="car_70" type="car5" route="7" depart="80" departLane = "0" departSpeed="11.180000"/>
	<vehicle id="car_71" type="car5" route="3" depart="81" departLane = "1" departSpeed="11.180000"/>
	<vehicle id="car_72" type="car7" route="1" depart="82" departLane = "2" departSpeed="11.180000"/>
	<vehicle id="car_73" type="car9" route="3" depart="83" departLane = "0" departSpeed="11.180000"/>
	<vehicle id="car_74" type="car9" route="0" depart="84" departLane = "1" departSpeed="11.180000"/>
	<vehicle id="car_75" type="car8" route="0" depart="86" departLane = "2" departSpeed="11.180000"/>
	<vehicle id="car_76" type="car6" route="7" depart="86" departLane = "2" departSpeed="11.180000"/>
	<vehicle id="car_77" type="car9" route="0" depart="87" departLane = "2" departSpeed="11.180000"/>
	<vehicle id="car_78" type="car9" route="7" depart="90" departLane = "2" departSpeed="11.180000"/>
	<vehicle id="car_79" type="car8" route="3" depart="90" departLane = "0" departSpeed="11.180000"/>
	<vehicle id="car_80" type="car6" route="4" depart="90" departLane = "1" departSpeed="11.180000"/>
	<vehicle id="car_81" type="car9" route="0" depart="91" departLane = "0" departSpeed="11.180000"/>
	<vehicle id="car_82" type="car5" route="5" depart="91" departLane = "0" departSpeed="11.180000"/>
	<vehicle id="car_83" type="car6" route="5" depart="93" departLane = "2" departSpeed="11.180000"/>
	<vehicle id="car_84" type="car7" route="4" depart="94" departLane = "0" departSpeed="11.180000"/>
	<vehicle id="car_85" type="car7" route="5" depart="95" departLane = "0" departSpeed="11.180000"/>
	<vehicle id="car_86" type="car5" route="3" depart="95" departLane = "2" departSpeed="11.180000"/>
	<vehicle id="car_87" type="car6" route="4" depart="98" departLane = "2" departSpeed="11.180000"/>
	<vehicle id="car_88" type="car5" route="4" depart="100" departLane = "1" departSpeed="11.180000"/>
	<vehicle id="car_89" type="car7" route="5" depart="102" departLane = "2" departSpeed="11.180000"/>
	<vehicle id="car_90" type="car8" route="6" depart="103" departLane = "2" departSpeed="11.180000"/>
	<vehicle id="car_91" type="car9" route="2" depart="109" departLane = "0" departSpeed="11.180000"/>
	<vehicle id="car_92" type="car7" route="6" depart="109" departLane = "2" departSpeed="11.180000"/>
	<vehicle id="car_93" type="car6" route="7" depart="110" departLane = "1" departSpeed="11.180000"/>
	<vehicle id="car_94" type="car7" route="0" depart="112" departLane = "0" departSpeed="11.180000"/>
	<vehicle id="car_95" type="car8" route="3" depart="112" departLane = "1" departSpeed="11.180000"/>
	<vehicle id="car_96" type="car6" route="2" depart="113" departLane = "2" departSpeed="11.180000"/>
	<vehicle id="car_97" type="car7" route="5" depart="113" departLane = "1" departSpeed="11.180000"/>
	<vehicle id="car_98" type="car9" route="4" depart="115" departLane = "1" departSpeed="11.180000"/>
	<vehicle id="car_99" type="car7" route="2" depart="117" departLane = "2" departSpeed="11.180000"/>
	<vehicle id="car_100" type="car5" route="5" depart="119" departLane = "2" departSpeed="11.180000"/>
	<vehicle id="car_101" type="car6" route="7" depart="119" departLane = "0" departSpeed="11.180000"/>
	<vehicle id="car_102" type="car6" route="3" depart="119" departLane = "1" departSpeed="11.180000"/>
	<vehicle id="car_103" type="car6" route="0" depart="120" departLane = "2" departSpeed="11.180000"/>
	<vehicle id="car_104" type="car7" route="0" depart="121" departLane = "1" departSpeed="11.180000"/>
	<vehicle id="car_105" type="car5" route="7" depart="121" departLane = "1" departSpeed="11.180000"/>
	<vehicle id="car_106" type="car5" route="1" depart="122" departLane = "2" departSpeed="11.180000"/>
	<vehicle id="car_107" type="car5" route="4" depart="123" departLane = "0" departSpeed="11.180000"/>
	<vehicle id="car_108" type="car8" route="4" depart="125" departLane = "1" departSpeed="11.180000"/>
	<vehicle id="car_109" type="car7" route="6" depart="126" departLane = "1" departSpeed="11.180000"/>
	<vehicle id="car_110" type="car5" route="7" depart="127" departLane = "0" departSpeed="11.180000"/>
	<vehicle id="car_111" type="car8" route="2" depart="128" departLane = "0" departSpeed="11.180000"/>
	<vehicle id="car_112" type="car8" route="5" depart="128" departLane = "2" departSpeed="11.180000"/>
	<vehicle id="car_113" type="car7" route="2" depart="129" departLane = "1" departSpeed="11.180000"/>
	<vehicle id="car_114" type="car9" route="7" depart="129" departLane = "0" departSpeed="11.180000"/>
	<vehicle id="car_115" type="car9" route="7" depart="130" departLane = "0" departSpeed="11.180000"/>
	<vehicle id="car_116" type="car5" route="7" depart="131" departLane = "0" departSpeed="11.180000"/>
	<vehicle id="car_117" type="car9" route="2" depart="132" departLane = "0" departSpeed="11.180000"/>
	<vehicle id="car_118" type="car8" route="7" depart="136" departLane = "1" departSpeed="11.180000"/>
	<vehicle id="car_119" type="car7" route="4" depart="136" departLane = "0" departSpeed="11.180000"/>
	<vehicle id="car_120" type="car9" route="7" depart="138" departLane = "1" departSpeed="11.180000"/>
	<vehicle id="car_121" type="car5" route="1" depart="138" departLane = "2" departSpeed="11.180000"/>
	<vehicle id="car_122" type="car7" route="5" depart="139" departLane = "0" departSpeed="11.180000"/>
	<vehicle id="car_123" type="car8" route="2" depart="140" departLane = "1" departSpeed="11.180000"/>
	<vehicle id="car_124" type="car5" route="6" depart="143" departLane = "2" departSpeed="11.180000"/>
	<vehicle id="car_125" type="car9" route="0" depart="144" departLane = "2" departSpeed="11.180000"/>
	<vehicle id="car_126" type="car6" route="3" depart="144" departLane = "1" departSpeed="11.180000"/>
	<vehicle id="car_127" type="car6" route="3" depart="145" departLane = "2" departSpeed="11.180000"/>
	<vehicle id="car_128" type="car7" route="0" depart="148" departLane = "0" departSpeed="11.180000"/>
	<vehicle id="car_129" type="car8" route="7" depart="148" departLane = "0" departSpeed="11.180000"/>
	<vehicle id="car_130" type="car6" route="1" depart="149" departLane = "0" departSpeed="11.180000"/>
	<vehicle id="car_131" type="car6" route="3" depart="151" departLane = "1" departSpeed="11.180000"/>
	<vehicle id="car_132" type="car8" route="7" depart="152" departLane = "1" departSpeed="11.180000"/>
	<vehicle id="car_133" type="car9" route="1" depart="152" departLane = "0" departSpeed="11.180000"/>
	<vehicle id="car_134" type="car8" route="4" depart="154" departLane = "0" departSpeed="11.180000"/>
	<vehicle id="car_135" type="car9" route="0" depart="157" departLane = "0" departSpeed="11.180000"/>
	<vehicle id="car_136" type="car5" route="3" depart="158" departLane = "1" departSpeed="11.180000"/>
	<vehicle id="car_137" type="car6" route="0" depart="159" departLane = "0" departSpeed="11.180000"/>
	<vehicle id="car_138" type="car6" route="1" depart="160" departLane = "1" departSpeed="11.180000"/>
	<vehicle id="car_139" type="car8" route="7" depart="161" departLane = "1" departSpeed="11.180000"/>
	<vehicle id="car_140" type="car6" route="3" depart="161" departLane = "0" departSpeed="11.180000"/>
	<vehicle id="car_141" type="car7" route="4" depart="162" departLane = "1" departSpeed="11.180000"/>
	<vehicle id="car_142" type="car9" route="0" depart="163" departLane = "0" departSpeed="11.180000"/>
	<vehicle id="car_143" type="car9" route="6" depart="163" departLane = "1" departSpeed="11.180000"/>
	<vehicle id="car_144" type="car8" route="2" depart="165" departLane = "2" departSpeed="11.180000"/>
	<vehicle id="car_145" type="car5" route="3" depart="167" departLane = "0" departSpeed="11.180000"/>
	<vehicle id="car_146" type="car5" route="3" depart="169" departLane = "1" departSpeed="11.180000"/>
	<vehicle id="car_147" type="car5" route="4" depart="171" departLane = "0" departSpeed="11.180000"/>
	<vehicle id="car_148" type="car7" route="6" depart="173" departLane = "0" departSpeed="11.180000"/>
	<vehicle id="car_149" type="car7" route="2" depart="174" departLane = "2" departSpeed="11.180000"/>
	<vehicle id="car_150" type="car8" route="7" depart="174" departLane = "2" departSpeed="11.180000"/>
	<vehicle id="car_151" type="car5" route="0" depart="175" departLane = "0" departSpeed="11.180000"/>
	<vehicle id="car_152" type="car7" route="5" depart="178" departLane = "1" departSpeed="11.180000"/>
	<vehicle id="car_153" type="car9" route="6" depart="179" departLane = "1" departSpeed="11.180000"/>
	<vehicle id="car_154" type="car7" route="0" depart="184" departLane = "1" departSpeed="11.180000"/>
	<vehicle id="car_155" type="car6" route="2" depart="184" departLane = "2" departSpeed="11.180000"/>
	<vehicle id="car_156" type="car5" route="5" depart="186" departLane = "0" departSpeed="11.180000"/>
	<vehicle id="car_157" type="car6" route="0" depart="188" departLane = "2" departSpeed="11.180000"/>
	<vehicle id="car_158" type="car6" route="5" depart="189" departLane = "1" departSpeed="11.180000"/>
	<vehicle id="car_159" type="car6" route="3" depart="189" departLane = "0" departSpeed="11.180000"/>
	<vehicle id="car_160" type="car6" route="6" depart="189" departLane = "2" departSpeed="11.180000"/>
	<vehicle id="car_161" type="car6" route="1" depart="191" departLane = "1" departSpeed="11.180000"/>
	<vehicle id="car_162" type="car8" route="3" depart="191" departLane = "1" departSpeed="11.180000"/>
	<vehicle id="car_163" type="car7" route="3" depart="192" departLane = "2" departSpeed="11.180000"/>
	<vehicle id="car_164" type="car7" route="0" depart="193" departLane = "2" departSpeed="11.180000"/>
	<vehicle id="car_165" type="car6" route="2" depart="194" departLane = "1" departSpeed="11.180000"/>
	<vehicle id="car_166" type="car7" route="6" depart="195" departLane = "2" departSpeed="11.180000"/>
	<vehicle id="car_167" type="car9" route="2" depart="196" departLane = "2" departSpeed="11.180000"/>
	<vehicle id="car_168" type="car9" route="6" depart="201" departLane = "2" departSpeed="11.180000"/>
	<vehicle id="car_169" type="car9" route="5" depart="204" departLane = "2" departSpeed="11.180000"/>
	<vehicle id="car_170" type="car9" route="6" depart="205" departLane = "0" departSpeed="11.180000"/>
	<vehicle id="car_171" type="car6" route="2" depart="207" departLane = "0" departSpeed="11.180000"/>
	<vehicle id="car_172" type="car6" route="2" depart="208" departLane = "0" departSpeed="11.180000"/>
	<vehicle id="car_173" type="car8" route="4" depart="208" departLane = "2" departSpeed="11.180000"/>
	<vehicle id="car_174" type="car9" route="6" depart="209" departLane = "0" departSpeed="11.180000"/>
	<vehicle id="car_175" type="car8" route="3" depart="210" departLane = "1" departSpeed="11.180000"/>
	<vehicle id="car_176" type="car8" route="2" depart="212" departLane = "2" departSpeed="11.180000"/>
	<vehicle id="car_177" type="car9" route="4" depart="213" departLane = "2" departSpeed="11.180000"/>
	<vehicle id="car_178" type="car8" route="1" depart="215" departLane = "1" departSpeed="11.180000"/>
	<vehicle id="car_179" type="car5" route="5" depart="216" departLane = "0" departSpeed="11.180000"/>
	<vehicle id="car_180" type="car6" route="4" depart="216" departLane = "0" departSpeed="11.180000"/>
	<vehicle id="car_181" type="car8" route="6" depart="216" departLane = "1" departSpeed="11.180000"/>
	<vehicle id="car_182" type="car9" route="5" depart="217" departLane = "2" departSpeed="11.180000"/>
	<vehicle id="car_183" type="car6" route="4" depart="218" departLane = "0" departSpeed="11.180000"/>
	<vehicle id="car_184" type="car6" route="5" depart="219" departLane = "1" departSpeed="11.180000"/>
	<vehicle id="car_185" type="car6" route="4" depart="219" departLane = "1" departSpeed="11.180000"/>
	<vehicle id="car_186" type="car9" route="0" depart="221" departLane = "1" departSpeed="11.180000"/>
	<vehicle id="car_187" type="car6" route="5" depart="221" departLane = "0" departSpeed="11.180000"/>
	<vehicle id="car_188" type="car5" route="2" depart="222" departLane = "1" departSpeed="11.180000"/>
	<vehicle id="car_189" type="car8" route="0" depart="223" departLane = "1" departSpeed="11.180000"/>
	<vehicle id="car_190" type="car5" route="5" depart="225" departLane = "1" departSpeed="11.180000"/>
	<vehicle id="car_191" type="car5" route="5" depart="226" departLane = "2" departSpeed="11.180000"/>
	<vehicle id="car_192" type="car5" route="6" depart="226" departLane = "1" departSpeed="11.180000"/>
	<vehicle id="car_193" type="car8" route="7" depart="228" departLane = "0" departSpeed="11.180000"/>
	<vehicle id="car_194" type="car8" route="6" depart="228" departLane = "0" departSpeed="11.180000"/>
	<vehicle id="car_195" type="car5" route="2" depart="229" departLane = "2" departSpeed="11.180000"/>
	<vehicle id="car_196" type="car7" route="5" depart="230" departLane = "1" departSpeed="11.180000"/>
	<vehicle id="car_197" type="car5" route="2" depart="232" departLane = "2" departSpeed="11.180000"/>
	<vehicle id="car_198" type="car7" route="0" depart="235" departLane = "0" departSpeed="11.180000"/>
	<vehicle id="car_199" type="car8" route="7" depart="238" departLane = "1" departSpeed="11.180000"/>
	<vehicle id="car_200" type="car8" route="2" depart="239" departLane = "0" departSpeed="11.180000"/>
	<vehicle id="car_201" type="car5" route="5" depart="239" departLane = "2" departSpeed="11.180000"/>
	<vehicle id="car_202" type="car8" route="5" depart="240" departLane = "0" departSpeed="11.180000"/>
	<vehicle id="car_203" type="car8" route="4" depart="241" departLane = "1" departSpeed="11.180000"/>
	<vehicle id="car_204" type="car9" route="3" depart="242" departLane = "0" departSpeed="11.180000"/>
	<vehicle id="car_205" type="car9" route="3" depart="243" departLane = "1" departSpeed="11.180000"/>
	<vehicle id="car_206" type="car9" route="5" depart="244" departLane = "0" departSpeed="11.180000"/>
	<vehicle id="car_207" type="car6" route="3" depart="244" departLane = "1" departSpeed="11.180000"/>
	<vehicle id="car_208" type="car7" route="7" depart="247" departLane = "0" departSpeed="11.180000"/>
	<vehicle id="car_209" type="car7" route="1" depart="247" departLane = "0" departSpeed="11.180000"/>
	<vehicle id="car_210" type="car6" route="7" depart="250" departLane = "1" departSpeed="11.180000"/>
	<vehicle id="car_211" type="car9" route="7" depart="251" departLane = "0" departSpeed="11.180000"/>
	<vehicle id="car_212" type="car5" route="3" depart="251" departLane = "0" departSpeed="11.180000"/>
	<vehicle id="car_213" type="car8" route="6" depart="252" departLane = "1" departSpeed="11.180000"/>
	<vehicle id="car_214" type="car5" route="1" depart="253" departLane = "2" departSpeed="11.180000"/>
	<vehicle id="car_215" type="car8" route="7" depart="254" departLane = "0" departSpeed="11.180000"/>
	<vehicle id="car_216" type="car8" route="0" depart="255" departLane = "1" departSpeed="11.180000"/>
	<vehicle id="car_217" type="car8" route="6" depart="255" departLane = "0" departSpeed="11.180000"/>
	<vehicle id="car_218" type="car9" route="2" depart="257" departLane = "2" departSpeed="11.180000"/>
	<vehicle id="car_219" type="car7" route="2" depart="260" departLane = "0" departSpeed="11.180000"/>
	<vehicle id="car_220" type="car6" route="7" depart="261" departLane = "0" departSpeed="11.180000"/>
	<vehicle id="car_221" type="car8" route="2" depart="266" departLane = "2" departSpeed="11.180000"/>
	<vehicle id="car_222" type="car9" route="3" depart="267" departLane = "0" departSpeed="11.180000"/>
	<vehicle id="car_223" type="car5" route="3" depart="268" departLane = "0" departSpeed="11.180000"/>
	<vehicle id="car_224" type="car5" route="2" depart="269" departLane = "1" departSpeed="11.180000"/>
	<vehicle id="car_225" type="car9" route="2" depart="270" departLane = "1" departSpeed="11.180000"/>
	<vehicle id="car_226" type="car5" route="5" depart="270" departLane = "1" departSpeed="11.180000"/>
	<vehicle id="car_227" type="car5" route="1" depart="270" departLane = "2" departSpeed="11.180000"/>
	<vehicle id="car_228" type="car7" route="0" depart="271" departLane = "2" departSpeed="11.180000"/>
	<vehicle id="car_229" type="car8" route="5" depart="273" departLane = "2" departSpeed="11.180000"/>
	<vehicle id="car_230" type="car8" route="1" depart="274" departLane = "0" departSpeed="11.180000"/>
	<vehicle id="car_231" type="car6" route="1" depart="276" departLane = "0" departSpeed="11.180000"/>
	<vehicle id="car_232" type="car6" route="4" depart="277" departLane = "2" departSpeed="11.180000"/>
	<vehicle id="car_233" type="car6" route="0" depart="278" departLane = "2" departSpeed="11.180000"/>
	<vehicle id="car_234" type="car8" route="2" depart="279" departLane = "2" departSpeed="11.180000"/>
	<vehicle id="car_235" type="car6" route="7" depart="279" departLane = "2" departSpeed="11.180000"/>
	<vehicle id="car_236" type="car9" route="4" depart="280" departLane = "0" departSpeed="11.180000"/>
	<vehicle id="car_237" type="car7" route="6" depart="285" departLane = "0" departSpeed="11.180000"/>
	<vehicle id="car_238" type="car5" route="2" depart="286" departLane = "2" departSpeed="11.180000"/>
	<vehicle id="car_239" type="car8" route="7" depart="286" departLane = "1" departSpeed="11.180000"/>
	<vehicle id="car_240" type="car8" route="0" depart="288" departLane = "0" departSpeed="11.180000"/>
	<vehicle id="car_241" type="car5" route="3" depart="288" departLane = "1" departSpeed="11.180000"/>
	<vehicle id="car_242" type="car8" route="4" depart="289" departLane = "2" departSpeed="11.180000"/>
	<vehicle id="car_243" type="car7" route="4" depart="290" departLane = "1" departSpeed="11.180000"/>
	<vehicle id="car_244" type="car5" route="6" depart="290" departLane = "1" departSpeed="11.180000"/>
	<vehicle id="car_245" type="car5" route="5" depart="291" departLane = "0" departSpeed="11.180000"/>
	<vehicle id="car_246" type="car9" route="2" depart="292" departLane = "2" departSpeed="11.180000"/>
	<vehicle id="car_247" type="car7" route="3" depart="293" departLane = "1" departSpeed="11.180000"/>
	<vehicle id="car_248" type="car8" route="5" depart="294" departLane = "2" departSpeed="11.180000"/>
	<vehicle id="car_249" type="car5" route="6" depart="294" departLane = "0" departSpeed="11.180000"/>
	<vehicle id="car_250" type="car8" route="5" depart="295" departLane = "1" departSpeed="11.180000"/>
	<vehicle id="car_251" type="car5" route="4" depart="295" departLane = "0" departSpeed="11.180000"/>
	<vehicle id="car_252" type="car5" route="6" depart="297" departLane = "0" departSpeed="11.180000"/>
	<vehicle id="car_253" type="car6" route="5" depart="298" departLane = "0" departSpeed="11.180000"/>
	<vehicle id="car_254" type="car9" route="6" depart="298" departLane = "2" departSpeed="11.180000"/>
	<vehicle id="car_255" type="car7" route="2" depart="301" departLane = "1" departSpeed="11.180000"/>
	<vehicle id="car_256" type="car8" route="2" depart="302" departLane = "1" departSpeed="11.180000"/>
	<vehicle id="car_257" type="car7" route="5" depart="303" departLane = "2" departSpeed="11.180000"/>
	<vehicle id="car_258" type="car8" route="1" depart="305" departLane = "0" departSpeed="11.180000"/>
	<vehicle id="car_259" type="car9" route="1" depart="307" departLane = "0" departSpeed="11.180000"/>
	<vehicle id="car_260" type="car8" route="0" depart="308" departLane = "1" departSpeed="11.180000"/>
	<vehicle id="car_261" type="car7" route="6" depart="311" departLane = "0" departSpeed="11.180000"/>
	<vehicle id="car_262" type="car8" route="7" depart="314" departLane = "0" departSpeed="11.180000"/>
	<vehicle id="car_263" type="car8" route="2" depart="320" departLane = "2" departSpeed="11.180000"/>
	<vehicle id="car_264" type="car5" route="2" depart="321" departLane = "2" departSpeed="11.180000"/>
	<vehicle id="car_265" type="car8" route="6" depart="321" departLane = "2" departSpeed="11.180000"/>
	<vehicle id="car_266" type="car7" route="4" depart="323" departLane = "2" departSpeed="11.180000"/>
	<vehicle id="car_267" type="car5" route="2" depart="326" departLane = "2" departSpeed="11.180000"/>
	<vehicle id="car_268" type="car6" route="7" depart="327" departLane = "1" departSpeed="11.180000"/>
	<vehicle id="car_269" type="car7" route="6" depart="327" departLane = "2" departSpeed="11.180000"/>
	<vehicle id="car_270" type="car9" route="0" depart="328" departLane = "2" departSpeed="11.180000"/>
	<vehicle id="car_271" type="car6" route="2" depart="329" departLane = "0" departSpeed="11.180000"/>
	<vehicle id="car_272" type="car7" route="6" depart="329" departLane = "2" departSpeed="11.180000"/>
	<vehicle id="car_273" type="car8" route="1" depart="330" departLane = "2" departSpeed="11.180000"/>
	<vehicle id="car_274" type="car5" route="4" depart="330" departLane = "2" departSpeed="11.180000"/>
	<vehicle id="car_275" type="car9" route="1" depart="332" departLane = "2" departSpeed="11.180000"/>
	<vehicle id="car_276" type="car5" route="3" depart="332" departLane = "1" departSpeed="11.180000"/>
	<vehicle id="car_277" type="car7" route="2" depart="337" departLane = "2" departSpeed="11.180000"/>
	<vehicle id="car_278" type="car8" route="6" depart="339" departLane = "1" departSpeed="11.180000"/>
	<vehicle id="car_279" type="car6" route="1" depart="342" departLane = "0" departSpeed="11.180000"/>
	<vehicle id="car_280" type="car9" route="0" depart="343" departLane = "0" departSpeed="11.180000"/>
	<vehicle id="car_281" type="car5" route="3" depart="343" departLane = "2" departSpeed="11.180000"/>
	<vehicle id="car_282" type="car9" route="0" depart="344" departLane = "2" departSpeed="11.180000"/>
	<vehicle id="car_283" type="car5" route="1" depart="344" departLane = "2" departSpeed="11.180000"/>
	<vehicle id="car_284" type="car6" route="1" depart="348" departLane = "1" departSpeed="11.180000"/>
	<vehicle id="car_285" type="car5" route="3" depart="349" departLane = "2" departSpeed="11.180000"/>
	<vehicle id="car_286" type="car9" route="4" depart="350" departLane = "2" departSpeed="11.180000"/>
	<vehicle id="car_287" type="car5" route="2" depart="351" departLane = "0" departSpeed="11.180000"/>
	<vehicle id="car_288" type="car5" route="1" depart="353" departLane = "2" departSpeed="11.180000"/>
	<vehicle id="car_289" type="car8" route="4" depart="357" departLane = "2" departSpeed="11.180000"/>
	<vehicle id="car_290" type="car8" route="0" depart="358" departLane = "0" departSpeed="11.180000"/>
	<vehicle id="car_291" type="car9" route="2" depart="358" departLane = "0" departSpeed="11.180000"/>
	<vehicle id="car_292" type="car7" route="7" depart="358" departLane = "2" departSpeed="11.180000"/>
	<vehicle id="car_293" type="car9" route="0" depart="359" departLane = "0" departSpeed="11.180000"/>
	<vehicle id="car_294" type="car8" route="1" depart="361" departLane = "0" departSpeed="11.180000"/>
	<vehicle id="car_295" type="car9" route="3" depart="361" departLane = "2" departSpeed="11.180000"/>
	<vehicle id="car_296" type="car5" route="6" depart="361" departLane = "1" departSpeed="11.180000"/>
	<vehicle id="car_297" type="car5" route="1" depart="362" departLane = "2" departSpeed="11.180000"/>
	<vehicle id="car_298" type="car6" route="2" depart="363" departLane = "1" departSpeed="11.180000"/>
	<vehicle id="car_299" type="car6" route="5" depart="363" departLane = "2" departSpeed="11.180000"/>
	<vehicle id="car_300" type="car8" route="1" depart="363" departLane = "1" departSpeed="11.180000"/>
	<vehicle id="car_301" type="car5" route="4" depart="364" departLane = "1" departSpeed="11.180000"/>
	<vehicle id="car_302" type="car6" route="6" depart="364" departLane = "1" departSpeed="11.180000"/>
	<vehicle id="car_303" type="car9" route="0" depart="365" departLane = "1" departSpeed="11.180000"/>
	<vehicle id="car_304" type="car9" route="3" depart="365" departLane = "1" departSpeed="11.180000"/>
	<vehicle id="car_305" type="car6" route="6" depart="366" departLane = "1" departSpeed="11.180000"/>
	<vehicle id="car_306" type="car9" route="5" depart="367" departLane = "0" departSpeed="11.180000"/>
	<vehicle id="car_307" type="car9" route="7" depart="368" departLane = "1" departSpeed="11.180000"/>
	<vehicle id="car_308" type="car9" route="0" depart="369" departLane = "0" departSpeed="11.180000"/>
	<vehicle id="car_309" type="car5" route="4" depart="369" departLane = "0" departSpeed="11.180000"/>
	<vehicle id="car_310" type="car9" route="0" depart="370" departLane = "0" departSpeed="11.180000"/>
	<vehicle id="car_311" type="car9" route="5" depart="370" departLane = "0" departSpeed="11.180000"/>
	<vehicle id="car_312" type="car6" route="3" depart="371" departLane = "1" departSpeed="11.180000"/>
	<vehicle id="car_313" type="car7" route="2" depart="372" departLane = "0" departSpeed="11.180000"/>
	<vehicle id="car_314" type="car8" route="7" depart="372" departLane = "1" departSpeed="11.180000"/>
	<vehicle id="car_315" type="car7" route="7" depart="373" departLane = "0" departSpeed="11.180000"/>
	<vehicle id="car_316" type="car5" route="5" depart="375" departLane = "2" departSpeed="11.180000"/>
	<vehicle id="car_317" type="car8" route="7" depart="377" departLane = "2" departSpeed="11.180000"/>
	<vehicle id="car_318" type="car5" route="6" depart="377" departLane = "1" departSpeed="11.180000"/>
	<vehicle id="car_319" type="car8" route="0" depart="379" departLane = "1" departSpeed="11.180000"/>
	<vehicle id="car_320" type="car8" route="2" depart="381" departLane = "2" departSpeed="11.180000"/>
	<vehicle id="car_321" type="car7" route="0" depart="382" departLane = "2" departSpeed="11.180000"/>
	<vehicle id="car_322" type="car5" route="1" depart="382" departLane = "1" departSpeed="11.180000"/>
	<vehicle id="car_323" type="car7" route="2" depart="384" departLane = "2" departSpeed="11.180000"/>
	<vehicle id="car_324" type="car5" route="7" depart="384" departLane = "0" departSpeed="11.180000"/>
	<vehicle id="car_325" type="car9" route="5" depart="386" departLane = "0" departSpeed="11.180000"/>
	<vehicle id="car_326" type="car9" route="3" depart="386" departLane = "2" departSpeed="11.180000"/>
	<vehicle id="car_327" type="car7" route="3" depart="387" departLane = "2" departSpeed="11.180000"/>
	<vehicle id="car_328" type="car7" route="6" depart="387" departLane = "1" departSpeed="11.180000"/>
	<vehicle id="car_329" type="car5" route="3" depart="388" departLane = "0" departSpeed="11.180000"/>
	<vehicle id="car_330" type="car9" route="0" depart="392" departLane = "2" departSpeed="11.180000"/>
	<vehicle id="car_331" type="car7" route="7" depart="392" departLane = "2" departSpeed="11.180000"/>
	<vehicle id="car_332" type="car8" route="3" depart="394" departLane = "0" departSpeed="11.180000"/>
	<vehicle id="car_333" type="car5" route="0" depart="396" departLane = "0" departSpeed="11.180000"/>
	<vehicle id="car_334" type="car9" route="1" depart="396" departLane = "1" departSpeed="11.180000"/>
	<vehicle id="car_335" type="car9" route="7" depart="397" departLane = "2" departSpeed="11.180000"/>
	<vehicle id="car_336" type="car8" route="0" depart="398" departLane = "0" departSpeed="11.180000"/>
	<vehicle id="car_337" type="car7" route="1" depart="399" departLane = "1" departSpeed="11.180000"/>
	<vehicle id="car_338" type="car6" route="3" depart="399" departLane = "0" departSpeed="11.180000"/>
	<vehicle id="car_339" type="car7" route="4" depart="399" departLane = "2" departSpeed="11.180000"/>
	<vehicle id="car_340" type="car8" route="3" depart="401" departLane = "1" departSpeed="11.180000"/>
	<vehicle id="car_341" type="car6" route="0" depart="402" departLane = "1" departSpeed="11.180000"/>
	<vehicle id="car_342" type="car6" route="4" depart="402" departLane = "0" departSpeed="11.180000"/>
	<vehicle id="car_343" type="car7" route="7" depart="403" departLane = "2" departSpeed="11.180000"/>
	<vehicle id="car_344" type="car7" route="0" depart="404" departLane = "2" departSpeed="11.180000"/>
	<vehicle id="car_345" type="car9" route="0" depart="407" departLane = "1" departSpeed="11.180000"/>
	<vehicle id="car_346" type="car9" route="2" depart="407" departLane = "1" departSpeed="11.180000"/>
	<vehicle id="car_347" type="car6" route="1" depart="407" departLane = "1" departSpeed="11.180000"/>
	<vehicle id="car_348" type="car8" route="4" depart="407" departLane = "1" departSpeed="11.180000"/>
	<vehicle id="car_349" type="car5" route="5" depart="409" departLane = "1" departSpeed="11.180000"/>
	<vehicle id="car_350" type="car8" route="1" depart="411" departLane = "2" departSpeed="11.180000"/>
	<vehicle id="car_351" type="car6" route="4" depart="411" departLane = "1" departSpeed="11.180000"/>
	<vehicle id="car_352" type="car5" route="5" depart="413" departLane = "0" departSpeed="11.180000"/>
	<vehicle id="car_353" type="car6" route="2" depart="418" departLane = "0" departSpeed="11.180000"/>
	<vehicle id="car_354" type="car5" route="3" depart="418" departLane = "2" departSpeed="11.180000"/>
	<vehicle id="car_355" type="car7" route="1" depart="420" departLane = "0" departSpeed="11.180000"/>
	<vehicle id="car_356" type="car5" route="0" depart="424" departLane = "2" departSpeed="11.180000"/>
	<vehicle id="car_357" type="car7" route="7" depart="424" departLane = "1" departSpeed="11.180000"/>
	<vehicle id="car_358" type="car7" route="5" depart="426" departLane = "0" departSpeed="11.180000"/>
	<vehicle id="car_359" type="car6" route="3" depart="426" departLane = "2" departSpeed="11.180000"/>
	<vehicle id="car_360" type="car6" route="2" depart="427" departLane = "0" departSpeed="11.180000"/>
	<vehicle id="car_361" type="car7" route="1" depart="427" departLane = "1" departSpeed="11.180000"/>
	<vehicle id="car_362" type="car5" route="6" depart="427" departLane = "1" departSpeed="11.180000"/>
	<vehicle id="car_363" type="car6" route="6" depart="429" departLane = "1" departSpeed="11.180000"/>
	<vehicle id="car_364" type="car8" route="2" depart="430" departLane = "1" departSpeed="11.180000"/>
	<vehicle id="car_365" type="car8" route="1" depart="430" departLane = "1" departSpeed="11.180000"/>
	<vehicle id="car_366" type="car8" route="3" depart="430" departLane = "0" departSpeed="11.180000"/>
	<vehicle id="car_367" type="car8" route="2" depart="432" departLane = "1" departSpeed="11.180000"/>
	<vehicle id="car_368" type="car7" route="0" depart="433" departLane = "2" departSpeed="11.180000"/>
	<vehicle id="car_369" type="car7" route="4" depart="433" departLane = "1" departSpeed="11.180000"/>
	<vehicle id="car_370" type="car5" route="3" depart="437" departLane = "0" departSpeed="11.180000"/>
	<vehicle id="car_371" type="car6" route="5" depart="438" departLane = "2" departSpeed="11.180000"/>
	<vehicle id="car_372" type="car7" route="0" depart="443" departLane = "2" departSpeed="11.180000"/>
	<vehicle id="car_373" type="car8" route="7" depart="443" departLane = "1" departSpeed="11.180000"/>
	<vehicle id="car_374" type="car7" route="3" depart="444" departLane = "2" departSpeed="11.180000"/>
	<vehicle id="car_375" type="car8" route="4" depart="445" departLane = "1" departSpeed="11.180000"/>
	<vehicle id="car_376" type="car5" route="3" depart="446" departLane = "2" departSpeed="11.180000"/>
	<vehicle id="car_377" type="car7" route="7" depart="448" departLane = "2" departSpeed="11.180000"/>
	<vehicle id="car_378" type="car9" route="5" depart="450" departLane = "1" departSpeed="11.180000"/>
	<vehicle id="car_379" type="car5" route="6" depart="450" departLane = "0" departSpeed="11.180000"/>
	<vehicle id="car_380" type="car6" route="1" depart="453" departLane = "2" departSpeed="11.180000"/>
	<vehicle id="car_381" type="car7" route="6" depart="453" departLane = "1" departSpeed="11.180000"/>
	<vehicle id="car_382" type="car9" route="1" depart="454" departLane = "2" departSpeed="11.180000"/>
	<vehicle id="car_383" type="car5" route="3" depart="456" departLane = "2" departSpeed="11.180000"/>
	<vehicle id="car_384" type="car8" route="0" depart="457" departLane = "2" departSpeed="11.180000"/>
	<vehicle id="car_385" type="car7" route="4" depart="457" departLane = "0" departSpeed="11.180000"/>
	<vehicle id="car_386" type="car8" route="1" depart="459" departLane = "2" departSpeed="11.180000"/>
	<vehicle id="car_387" type="car9" route="3" depart="460" departLane = "0" departSpeed="11.180000"/>
	<vehicle id="car_388" type="car7" route="1" depart="461" departLane = "2" departSpeed="11.180000"/>
	<vehicle id="car_389" type="car9" route="0" depart="462" departLane = "2" departSpeed="11.180000"/>
	<vehicle id="car_390" type="car9" route="1" depart="462" departLane = "2" departSpeed="11.180000"/>
	<vehicle id="car_391" type="car7" route="0" depart="465" departLane = "1" departSpeed="11.180000"/>
	<vehicle id="car_392" type="car8" route="1" depart="465" departLane = "2" departSpeed="11.180000"/>
	<vehicle id="car_393" type="car9" route="4" depart="465" departLane = "2" departSpeed="11.180000"/>
	<vehicle id="car_394" type="car6" route="5" depart="466" departLane = "2" departSpeed="11.180000"/>
	<vehicle id="car_395" type="car9" route="1" depart="466" departLane = "2" departSpeed="11.180000"/>
	<vehicle id="car_396" type="car8" route="5" depart="468" departLane = "0" departSpeed="11.180000"/>
	<vehicle id="car_397" type="car6" route="7" depart="468" departLane = "2" departSpeed="11.180000"/>
	<vehicle id="car_398" type="car6" route="6" depart="468" departLane = "2" departSpeed="11.180000"/>
	<vehicle id="car_399" type="car9" route="1" depart="470" departLane = "0" departSpeed="11.180000"/>
	<vehicle id="car_400" type="car8" route="1" depart="471" departLane = "2" departSpeed="11.180000"/>
	<vehicle id="car_401" type="car6" route="1" depart="473" departLane = "0" departSpeed="11.180000"/>
	<vehicle id="car_402" type="car7" route="3" depart="473" departLane = "1" departSpeed="11.180000"/>
	<vehicle id="car_403" type="car9" route="7" depart="478" departLane = "2" departSpeed="11.180000"/>
	<vehicle id="car_404" type="car6" route="2" depart="482" departLane = "2" departSpeed="11.180000"/>
	<vehicle id="car_405" type="car6" route="5" depart="483" departLane = "0" departSpeed="11.180000"/>
	<vehicle id="car_406" type="car7" route="4" depart="483" departLane = "1" departSpeed="11.180000"/>
	<vehicle id="car_407" type="car6" route="7" depart="484" departLane = "2" departSpeed="11.180000"/>
	<vehicle id="car_408" type="car8" route="1" depart="484" departLane = "0" departSpeed="11.180000"/>
	<vehicle id="car_409" type="car6" route="3" depart="484" departLane = "2" departSpeed="11.180000"/>
	<vehicle id="car_410" type="car6" route="4" depart="484" departLane = "1" departSpeed="11.180000"/>
	<vehicle id="car_411" type="car7" route="3" depart="485" departLane = "2" departSpeed="11.180000"/>
	<vehicle id="car_412" type="car9" route="3" depart="487" departLane = "0" departSpeed="11.180000"/>
	<vehicle id="car_413" type="car5" route="6" depart="487" departLane = "2" departSpeed="11.180000"/>
	<vehicle id="car_414" type="car6" route="1" depart="488" departLane = "1" departSpeed="11.180000"/>
	<vehicle id="car_415" type="car7" route="7" depart="489" departLane = "0" departSpeed="11.180000"/>
	<vehicle id="car_416" type="car5" route="4" depart="490" departLane = "2" departSpeed="11.180000"/>
	<vehicle id="car_417" type="car8" route="5" depart="491" departLane = "2" departSpeed="11.180000"/>
	<vehicle id="car_418" type="car6" route="6" depart="491" departLane = "2" departSpeed="11.180000"/>
	<vehicle id="car_419" type="car5" route="4" depart="492" departLane = "2" departSpeed="11.180000"/>
	<vehicle id="car_420" type="car8" route="2" depart="494" departLane = "2" departSpeed="11.180000"/>
	<vehicle id="car_421" type="car6" route="3" depart="494" departLane = "1" departSpeed="11.180000"/>
	<vehicle id="car_422" type="car8" route="1" depart="497" departLane = "2" departSpeed="11.180000"/>
	<vehicle id="car_423" type="car8" route="6" depart="497" departLane = "0" departSpeed="11.180000"/>
	<vehicle id="car_424" type="car6" route="0" depart="498" departLane = "0" departSpeed="11.180000"/>
	<vehicle id="car_425" type="car9" route="2" depart="499" departLane = "0" departSpeed="11.180000"/>
	<vehicle id="car_426" type="car6" route="5" depart="500" departLane = "2" departSpeed="11.180000"/>
	<vehicle id="car_427" type="car8" route="5" depart="502" departLane = "0" departSpeed="11.180000"/>
	<vehicle id="car_428" type="car9" route="4" depart="502" departLane = "0" departSpeed="11.180000"/>
	<vehicle id="car_429" type="car6" route="3" depart="503" departLane = "2" departSpeed="11.180000"/>
	<vehicle id="car_430" type="car7" route="5" depart="506" departLane = "2" departSpeed="11.180000"/>
	<vehicle id="car_431" type="car8" route="3" depart="506" departLane = "0" departSpeed="11.180000"/>
	<vehicle id="car_432" type="car7" route="4" depart="506" departLane = "2" departSpeed="11.180000"/>
	<vehicle id="car_433" type="car6" route="4" depart="507" departLane = "1" departSpeed="11.180000"/>
	<vehicle id="car_434" type="car6" route="3" depart="509" departLane = "0" departSpeed="11.180000"/>
	<vehicle id="car_435" type="car6" route="6" depart="509" departLane = "1" departSpeed="11.180000"/>
	<vehicle id="car_436" type="car9" route="5" depart="511" departLane = "1" departSpeed="11.180000"/>
	<vehicle id="car_437" type="car9" route="4" depart="511" departLane = "2" departSpeed="11.180000"/>
	<vehicle id="car_438" type="car6" route="1" depart="512" departLane = "1" departSpeed="11.180000"/>
	<vehicle id="car_439" type="car6" route="2" depart="513" departLane = "0" departSpeed="11.180000"/>
	<vehicle id="car_440" type="car5" route="6" depart="514" departLane = "1" departSpeed="11.180000"/>
	<vehicle id="car_441" type="car9" route="0" depart="517" departLane = "1" departSpeed="11.180000"/>
	<vehicle id="car_442" type="car5" route="7" depart="517" departLane = "0" departSpeed="11.180000"/>
	<vehicle id="car_443" type="car5" route="1" depart="517" departLane = "1" departSpeed="11.180000"/>
	<vehicle id="car_444" type="car8" route="2" depart="519" departLane = "2" departSpeed="11.180000"/>
	<vehicle id="car_445" type="car7" route="7" depart="519" departLane = "0" departSpeed="11.180000"/>
	<vehicle id="car_446" type="car6" route="6" depart="519" departLane = "2" departSpeed="11.180000"/>
	<vehicle id="car_447" type="car5" route="1" depart="520" departLane = "1" departSpeed="11.180000"/>
	<vehicle id="car_448" type="car7" route="6" depart="521" departLane = "2" departSpeed="11.180000"/>
	<vehicle id="car_449" type="car9" route="0" depart="522" departLane = "2" departSpeed="11.180000"/>
	<vehicle id="car_450" type="car5" route="7" depart="522" departLane = "2" departSpeed="11.180000"/>
	<vehicle id="car_451" type="car5" route="6" depart="523" departLane = "2" departSpeed="11.180000"/>
	<vehicle id="car_452" type="car7" route="5" depart="524" departLane = "1" departSpeed="11.180000"/>
	<vehicle id="car_453" type="car6" route="4" depart="524" departLane = "1" departSpeed="11.180000"/>
	<vehicle id="car_454" type="car8" route="2" depart="526" departLane = "0" departSpeed="11.180000"/>
	<vehicle id="car_455" type="car8" route="3" depart="527" departLane = "2" departSpeed="11.180000"/>
	<vehicle id="car_456" type="car9" route="1" depart="531" departLane = "0" departSpeed="11.180000"/>
	<vehicle id="car_457" type="car9" route="0" depart="532" departLane = "2" departSpeed="11.180000"/>
	<vehicle id="car_458" type="car5" route="2" depart="534" departLane = "1" departSpeed="11.180000"/>
	<vehicle id="car_459" type="car9" route="3" depart="534" departLane = "2" departSpeed="11.180000"/>
	<vehicle id="car_460" type="car5" route="7" depart="536" departLane = "1" departSpeed="11.180000"/>
	<vehicle id="car_461" type="car7" route="3" depart="536" departLane = "0" departSpeed="11.180000"/>
	<vehicle id="car_462" type="car7" route="7" depart="538" departLane = "1" departSpeed="11.180000"/>
	<vehicle id="car_463" type="car6" route="6" depart="539" departLane = "1" departSpeed="11.180000"/>
	<vehicle id="car_464" type="car8" route="0" depart="540" departLane = "1" departSpeed="11.180000"/>
	<vehicle id="car_465" type="car5" route="4" depart="542" departLane = "2" departSpeed="11.180000"/>
	<vehicle id="car_466" type="car9" route="4" depart="543" departLane = "2" departSpeed="11.180000"/>
	<vehicle id="car_467" type="car9" route="2" depart="546" departLane = "2" departSpeed="11.180000"/>
	<vehicle id="car_468" type="car7" route="2" depart="548" departLane = "0" departSpeed="11.180000"/>
	<vehicle id="car_469" type="car6" route="5" depart="552" departLane = "0" departSpeed="11.180000"/>
	<vehicle id="car_470" type="car8" route="4" depart="552" departLane = "2" departSpeed="11.180000"/>
	<vehicle id="car_471" type="car9" route="0" depart="553" departLane = "0" departSpeed="11.180000"/>
	<vehicle id="car_472" type="car5" route="3" depart="558" departLane = "1" departSpeed="11.180000"/>
	<vehicle id="car_473" type="car7" route="4" depart="559" departLane = "1" departSpeed="11.180000"/>
	<vehicle id="car_474" type="car7" route="3" depart="562" departLane = "1" departSpeed="11.180000"/>
	<vehicle id="car_475" type="car5" route="5" depart="563" departLane = "1" departSpeed="11.180000"/>
	<vehicle id="car_476" type="car8" route="4" depart="565" departLane = "0" departSpeed="11.180000"/>
	<vehicle id="car_477" type="car7" route="2" depart="566" departLane = "0" departSpeed="11.180000"/>
	<vehicle id="car_478" type="car7" route="0" depart="567" departLane = "1" departSpeed="11.180000"/>
	<vehicle id="car_479" type="car8" route="6" depart="567" departLane = "0" departSpeed="11.180000"/>
	<vehicle id="car_480" type="car5" route="2" depart="573" departLane = "1" departSpeed="11.180000"/>
	<vehicle id="car_481" type="car7" route="3" depart="573" departLane = "1" departSpeed="11.180000"/>
	<vehicle id="car_482" type="car7" route="2" depart="574" departLane = "2" departSpeed="11.180000"/>
	<vehicle id="car_483" type="car7" route="5" depart="576" departLane = "2" departSpeed="11.180000"/>
	<vehicle id="car_484" type="car9" route="1" depart="576" departLane = "0" departSpeed="11.180000"/>
	<vehicle id="car_485" type="car5" route="7" depart="578" departLane = "0" departSpeed="11.180000"/>
	<vehicle id="car_486" type="car5" route="4" depart="578" departLane = "2" departSpeed="11.180000"/>
	<vehicle id="car_487" type="car9" route="0" depart="579" departLane = "2" departSpeed="11.180000"/>
	<vehicle id="car_488" type="car6" route="0" depart="583" departLane = "1" departSpeed="11.180000"/>
	<vehicle id="car_489" type="car7" route="4" depart="583" departLane = "0" departSpeed="11.180000"/>
	<vehicle id="car_490" type="car7" route="3" depart="584" departLane = "0" departSpeed="11.180000"/>
	<vehicle id="car_491" type="car5" route="2" depart="586" departLane = "0" departSpeed="11.180000"/>
	<vehicle id="car_492" type="car6" route="2" depart="587" departLane = "1" departSpeed="11.180000"/>
	<vehicle id="car_493" type="car8" route="0" depart="589" departLane = "2" departSpeed="11.180000"/>
	<vehicle id="car_494" type="car5" route="2" depart="591" departLane = "2" departSpeed="11.180000"/>
	<vehicle id="car_495" type="car5" route="3" depart="592" departLane = "0" departSpeed="11.180000"/>
	<vehicle id="car_496" type="car6" route="7" depart="594" departLane = "2" departSpeed="11.180000"/>
	<vehicle id="car_497" type="car9" route="3" depart="598" departLane = "1" departSpeed="11.180000"/>
	<vehicle id="car_498" type="car8" route="4" depart="598" departLane = "0" departSpeed="11.180000"/>
	<vehicle id="car_499" type="car8" route="2" depart="599" departLane = "1" departSpeed="11.180000"/>
	<vehicle id="car_500" type="car8" route="5" depart="599" departLane = "2" departSpeed="11.180000"/>
	<vehicle id="car_501" type="car5" route="3" depart="599" departLane = "1" departSpeed="11.180000"/>
	<vehicle id="car_502" type="car8" route="6" depart="599" departLane = "2" departSpeed="11.180000"/>
</routes>
