<routes>

	<vType id="car5" accel="100.0" decel="100.0" sigma="0.0" length="5" minGap="5.000000" maxSpeed="11.180000" tau="0.100000" carFollowModel="CACC" color="255,255,255"/>
	<vType id="car6" accel="100.0" decel="100.0" sigma="0.0" length="6" minGap="5.000000" maxSpeed="11.180000" tau="0.100000" carFollowModel="CACC" color="255,255,255"/>
	<vType id="car7" accel="100.0" decel="100.0" sigma="0.0" length="7" minGap="5.000000" maxSpeed="11.180000" tau="0.100000" carFollowModel="CACC" color="255,255,255"/>
	<vType id="car8" accel="100.0" decel="100.0" sigma="0.0" length="8" minGap="5.000000" maxSpeed="11.180000" tau="0.100000" carFollowModel="CACC" color="255,255,255"/>
	<vType id="car9" accel="100.0" decel="100.0" sigma="0.0" length="9" minGap="5.000000" maxSpeed="11.180000" tau="0.100000" carFollowModel="CACC" color="255,255,255"/>

	<route id="0" edges=" 001_001_1"/>
	<route id="2" edges=" 001_002_2"/>
	<route id="5" edges=" 002_001_3"/>
	<route id="7" edges=" 001_001_4"/>
	<route id="1" edges=" 001_002_1"/>
	<route id="3" edges=" 002_002_2"/>
	<route id="4" edges=" 002_002_3"/>
	<route id="6" edges=" 002_001_4"/>

	<vehicle id="car_0" type="car8" route="7" depart="4" departLane = "1" departSpeed="11.180000"/>
	<vehicle id="car_1" type="car7" route="3" depart="4" departLane = "2" departSpeed="11.180000"/>
	<vehicle id="car_2" type="car6" route="4" depart="5" departLane = "1" departSpeed="11.180000"/>
	<vehicle id="car_3" type="car8" route="5" depart="8" departLane = "2" departSpeed="11.180000"/>
	<vehicle id="car_4" type="car8" route="3" depart="10" departLane = "1" departSpeed="11.180000"/>
	<vehicle id="car_5" type="car7" route="2" depart="12" departLane = "2" departSpeed="11.180000"/>
	<vehicle id="car_6" type="car8" route="7" depart="12" departLane = "1" departSpeed="11.180000"/>
	<vehicle id="car_7" type="car5" route="6" depart="12" departLane = "2" departSpeed="11.180000"/>
	<vehicle id="car_8" type="car7" route="1" depart="13" departLane = "0" departSpeed="11.180000"/>
	<vehicle id="car_9" type="car5" route="5" depart="14" departLane = "2" departSpeed="11.180000"/>
	<vehicle id="car_10" type="car8" route="5" depart="15" departLane = "2" departSpeed="11.180000"/>
	<vehicle id="car_11" type="car8" route="0" depart="17" departLane = "1" departSpeed="11.180000"/>
	<vehicle id="car_12" type="car5" route="3" depart="18" departLane = "1" departSpeed="11.180000"/>
	<vehicle id="car_13" type="car7" route="6" depart="19" departLane = "0" departSpeed="11.180000"/>
	<vehicle id="car_14" type="car8" route="4" depart="21" departLane = "2" departSpeed="11.180000"/>
	<vehicle id="car_15" type="car9" route="7" depart="22" departLane = "1" departSpeed="11.180000"/>
	<vehicle id="car_16" type="car6" route="1" depart="23" departLane = "1" departSpeed="11.180000"/>
	<vehicle id="car_17" type="car5" route="1" depart="24" departLane = "2" departSpeed="11.180000"/>
	<vehicle id="car_18" type="car8" route="0" depart="25" departLane = "2" departSpeed="11.180000"/>
	<vehicle id="car_19" type="car5" route="0" depart="26" departLane = "1" departSpeed="11.180000"/>
	<vehicle id="car_20" type="car5" route="1" depart="26" departLane = "2" departSpeed="11.180000"/>
	<vehicle id="car_21" type="car5" route="5" depart="27" departLane = "1" departSpeed="11.180000"/>
	<vehicle id="car_22" type="car9" route="4" depart="27" departLane = "1" departSpeed="11.180000"/>
	<vehicle id="car_23" type="car5" route="1" depart="29" departLane = "2" departSpeed="11.180000"/>
	<vehicle id="car_24" type="car6" route="3" depart="29" departLane = "1" departSpeed="11.180000"/>
	<vehicle id="car_25" type="car9" route="4" depart="30" departLane = "2" departSpeed="11.180000"/>
	<vehicle id="car_26" type="car9" route="1" depart="31" departLane = "0" departSpeed="11.180000"/>
	<vehicle id="car_27" type="car5" route="5" depart="34" departLane = "0" departSpeed="11.180000"/>
	<vehicle id="car_28" type="car5" route="6" depart="34" departLane = "2" departSpeed="11.180000"/>
	<vehicle id="car_29" type="car5" route="2" depart="35" departLane = "2" departSpeed="11.180000"/>
	<vehicle id="car_30" type="car5" route="5" depart="38" departLane = "1" departSpeed="11.180000"/>
	<vehicle id="car_31" type="car9" route="7" depart="38" departLane = "2" departSpeed="11.180000"/>
	<vehicle id="car_32" type="car8" route="4" depart="38" departLane = "0" departSpeed="11.180000"/>
	<vehicle id="car_33" type="car5" route="0" depart="39" departLane = "1" departSpeed="11.180000"/>
	<vehicle id="car_34" type="car7" route="2" depart="40" departLane = "0" departSpeed="11.180000"/>
	<vehicle id="car_35" type="car5" route="5" depart="44" departLane = "2" departSpeed="11.180000"/>
	<vehicle id="car_36" type="car9" route="0" depart="45" departLane = "2" departSpeed="11.180000"/>
	<vehicle id="car_37" type="car8" route="5" depart="46" departLane = "2" departSpeed="11.180000"/>
	<vehicle id="car_38" type="car9" route="3" depart="46" departLane = "2" departSpeed="11.180000"/>
	<vehicle id="car_39" type="car5" route="4" depart="46" departLane = "1" departSpeed="11.180000"/>
	<vehicle id="car_40" type="car9" route="0" depart="47" departLane = "2" departSpeed="11.180000"/>
	<vehicle id="car_41" type="car6" route="4" depart="47" departLane = "0" departSpeed="11.180000"/>
	<vehicle id="car_42" type="car5" route="0" depart="51" departLane = "0" departSpeed="11.180000"/>
	<vehicle id="car_43" type="car7" route="4" depart="51" departLane = "1" departSpeed="11.180000"/>
	<vehicle id="car_44" type="car7" route="6" depart="51" departLane = "1" departSpeed="11.180000"/>
	<vehicle id="car_45" type="car8" route="4" depart="54" departLane = "1" departSpeed="11.180000"/>
	<vehicle id="car_46" type="car6" route="4" depart="56" departLane = "1" departSpeed="11.180000"/>
	<vehicle id="car_47" type="car8" route="3" depart="57" departLane = "0" departSpeed="11.180000"/>
	<vehicle id="car_48" type="car6" route="3" depart="61" departLane = "2" departSpeed="11.180000"/>
	<vehicle id="car_49" type="car7" route="6" depart="61" departLane = "2" departSpeed="11.180000"/>
	<vehicle id="car_50" type="car9" route="2" depart="62" departLane = "2" departSpeed="11.180000"/>
	<vehicle id="car_51" type="car5" route="7" depart="62" departLane = "1" departSpeed="11.180000"/>
	<vehicle id="car_52" type="car6" route="4" depart="65" departLane = "0" departSpeed="11.180000"/>
	<vehicle id="car_53" type="car8" route="0" depart="66" departLane = "0" departSpeed="11.180000"/>
	<vehicle id="car_54" type="car5" route="7" depart="68" departLane = "0" departSpeed="11.180000"/>
	<vehicle id="car_55" type="car5" route="5" depart="70" departLane = "1" departSpeed="11.180000"/>
	<vehicle id="car_56" type="car9" route="3" depart="71" departLane = "0" departSpeed="11.180000"/>
	<vehicle id="car_57" type="car9" route="4" depart="71" departLane = "2" departSpeed="11.180000"/>
	<vehicle id="car_58" type="car5" route="0" depart="72" departLane = "2" departSpeed="11.180000"/>
	<vehicle id="car_59" type="car7" route="7" depart="72" departLane = "2" departSpeed="11.180000"/>
	<vehicle id="car_60" type="car5" route="1" depart="72" departLane = "1" departSpeed="11.180000"/>
	<vehicle id="car_61" type="car8" route="1" depart="74" departLane = "0" departSpeed="11.180000"/>
	<vehicle id="car_62" type="car5" route="6" depart="77" departLane = "1" departSpeed="11.180000"/>
	<vehicle id="car_63" type="car8" route="2" depart="78" departLane = "2" departSpeed="11.180000"/>
	<vehicle id="car_64" type="car6" route="2" depart="80" departLane = "1" departSpeed="11.180000"/>
	<vehicle id="car_65" type="car5" route="3" depart="81" departLane = "2" departSpeed="11.180000"/>
	<vehicle id="car_66" type="car8" route="2" depart="83" departLane = "0" departSpeed="11.180000"/>
	<vehicle id="car_67" type="car5" route="1" depart="83" departLane = "2" departSpeed="11.180000"/>
	<vehicle id="car_68" type="car9" route="1" depart="85" departLane = "1" departSpeed="11.180000"/>
	<vehicle id="car_69" type="car5" route="3" depart="85" departLane = "2" departSpeed="11.180000"/>
	<vehicle id="car_70" type="car9" route="1" depart="86" departLane = "0" departSpeed="11.180000"/>
	<vehicle id="car_71" type="car9" route="6" depart="86" departLane = "1" departSpeed="11.180000"/>
	<vehicle id="car_72" type="car9" route="4" depart="87" departLane = "0" departSpeed="11.180000"/>
	<vehicle id="car_73" type="car8" route="1" depart="90" departLane = "0" departSpeed="11.180000"/>
	<vehicle id="car_74" type="car9" route="7" depart="93" departLane = "1" departSpeed="11.180000"/>
	<vehicle id="car_75" type="car5" route="2" depart="94" departLane = "0" departSpeed="11.180000"/>
	<vehicle id="car_76" type="car7" route="6" depart="99" departLane = "2" departSpeed="11.180000"/>
	<vehicle id="car_77" type="car7" route="2" depart="101" departLane = "2" departSpeed="11.180000"/>
	<vehicle id="car_78" type="car5" route="6" depart="102" departLane = "0" departSpeed="11.180000"/>
	<vehicle id="car_79" type="car7" route="4" depart="103" departLane = "2" departSpeed="11.180000"/>
	<vehicle id="car_80" type="car7" route="2" depart="104" departLane = "1" departSpeed="11.180000"/>
	<vehicle id="car_81" type="car5" route="1" depart="104" departLane = "0" departSpeed="11.180000"/>
	<vehicle id="car_82" type="car9" route="3" depart="104" departLane = "2" departSpeed="11.180000"/>
	<vehicle id="car_83" type="car5" route="6" depart="105" departLane = "0" departSpeed="11.180000"/>
	<vehicle id="car_84" type="car9" route="5" depart="106" departLane = "0" departSpeed="11.180000"/>
	<vehicle id="car_85" type="car7" route="0" depart="107" departLane = "2" departSpeed="11.180000"/>
	<vehicle id="car_86" type="car7" route="5" depart="108" departLane = "1" departSpeed="11.180000"/>
	<vehicle id="car_87" type="car8" route="3" depart="108" departLane = "1" departSpeed="11.180000"/>
	<vehicle id="car_88" type="car7" route="0" depart="110" departLane = "1" departSpeed="11.180000"/>
	<vehicle id="car_89" type="car8" route="6" depart="110" departLane = "0" departSpeed="11.180000"/>
	<vehicle id="car_90" type="car6" route="5" depart="111" departLane = "1" departSpeed="11.180000"/>
	<vehicle id="car_91" type="car5" route="6" depart="111" departLane = "1" departSpeed="11.180000"/>
	<vehicle id="car_92" type="car9" route="3" depart="112" departLane = "0" departSpeed="11.180000"/>
	<vehicle id="car_93" type="car7" route="7" depart="113" departLane = "1" departSpeed="11.180000"/>
	<vehicle id="car_94" type="car5" route="3" depart="113" departLane = "2" departSpeed="11.180000"/>
	<vehicle id="car_95" type="car9" route="2" depart="114" departLane = "1" departSpeed="11.180000"/>
	<vehicle id="car_96" type="car9" route="7" depart="114" departLane = "1" departSpeed="11.180000"/>
	<vehicle id="car_97" type="car6" route="1" depart="114" departLane = "0" departSpeed="11.180000"/>
	<vehicle id="car_98" type="car6" route="0" depart="116" departLane = "0" departSpeed="11.180000"/>
	<vehicle id="car_99" type="car9" route="0" depart="117" departLane = "0" departSpeed="11.180000"/>
	<vehicle id="car_100" type="car9" route="7" depart="117" departLane = "1" departSpeed="11.180000"/>
	<vehicle id="car_101" type="car7" route="5" depart="118" departLane = "2" departSpeed="11.180000"/>
	<vehicle id="car_102" type="car7" route="6" depart="118" departLane = "1" departSpeed="11.180000"/>
	<vehicle id="car_103" type="car8" route="1" depart="120" departLane = "1" departSpeed="11.180000"/>
	<vehicle id="car_104" type="car8" route="5" depart="121" departLane = "0" departSpeed="11.180000"/>
	<vehicle id="car_105" type="car8" route="4" depart="125" departLane = "2" departSpeed="11.180000"/>
	<vehicle id="car_106" type="car7" route="7" depart="130" departLane = "2" departSpeed="11.180000"/>
	<vehicle id="car_107" type="car9" route="4" depart="131" departLane = "2" departSpeed="11.180000"/>
	<vehicle id="car_108" type="car9" route="0" depart="133" departLane = "2" departSpeed="11.180000"/>
	<vehicle id="car_109" type="car5" route="2" depart="134" departLane = "1" departSpeed="11.180000"/>
	<vehicle id="car_110" type="car7" route="3" depart="134" departLane = "1" departSpeed="11.180000"/>
	<vehicle id="car_111" type="car5" route="7" depart="136" departLane = "1" departSpeed="11.180000"/>
	<vehicle id="car_112" type="car9" route="4" depart="137" departLane = "1" departSpeed="11.180000"/>
	<vehicle id="car_113" type="car5" route="3" depart="138" departLane = "0" departSpeed="11.180000"/>
	<vehicle id="car_114" type="car7" route="1" depart="139" departLane = "0" departSpeed="11.180000"/>
	<vehicle id="car_115" type="car6" route="2" depart="145" departLane = "2" departSpeed="11.180000"/>
	<vehicle id="car_116" type="car5" route="3" depart="145" departLane = "0" departSpeed="11.180000"/>
	<vehicle id="car_117" type="car6" route="5" depart="146" departLane = "0" departSpeed="11.180000"/>
	<vehicle id="car_118" type="car9" route="0" depart="147" departLane = "2" departSpeed="11.180000"/>
	<vehicle id="car_119" type="car9" route="0" depart="149" departLane = "2" departSpeed="11.180000"/>
	<vehicle id="car_120" type="car8" route="5" depart="152" departLane = "0" departSpeed="11.180000"/>
	<vehicle id="car_121" type="car6" route="6" depart="153" departLane = "1" departSpeed="11.180000"/>
	<vehicle id="car_122" type="car9" route="5" depart="154" departLane = "2" departSpeed="11.180000"/>
	<vehicle id="car_123" type="car5" route="6" depart="157" departLane = "1" departSpeed="11.180000"/>
	<vehicle id="car_124" type="car6" route="7" depart="161" departLane = "2" departSpeed="11.180000"/>
	<vehicle id="car_125" type="car9" route="6" depart="161" departLane = "0" departSpeed="11.180000"/>
	<vehicle id="car_126" type="car9" route="7" depart="162" departLane = "1" departSpeed="11.180000"/>
	<vehicle id="car_127" type="car9" route="7" depart="163" departLane = "1" departSpeed="11.180000"/>
	<vehicle id="car_128" type="car5" route="4" depart="164" departLane = "1" departSpeed="11.180000"/>
	<vehicle id="car_129" type="car7" route="7" depart="165" departLane = "1" departSpeed="11.180000"/>
	<vehicle id="car_130" type="car6" route="6" depart="165" departLane = "1" departSpeed="11.180000"/>
	<vehicle id="car_131" type="car9" route="2" depart="167" departLane = "0" departSpeed="11.180000"/>
	<vehicle id="car_132" type="car7" route="3" depart="167" departLane = "1" departSpeed="11.180000"/>
	<vehicle id="car_133" type="car9" route="6" depart="170" departLane = "0" departSpeed="11.180000"/>
	<vehicle id="car_134" type="car8" route="2" depart="171" departLane = "0" departSpeed="11.180000"/>
	<vehicle id="car_135" type="car9" route="5" depart="172" departLane = "2" departSpeed="11.180000"/>
	<vehicle id="car_136" type="car9" route="4" depart="172" departLane = "1" departSpeed="11.180000"/>
	<vehicle id="car_137" type="car8" route="1" depart="173" departLane = "2" departSpeed="11.180000"/>
	<vehicle id="car_138" type="car8" route="5" depart="176" departLane = "1" departSpeed="11.180000"/>
	<vehicle id="car_139" type="car8" route="0" depart="177" departLane = "2" departSpeed="11.180000"/>
	<vehicle id="car_140" type="car6" route="6" depart="177" departLane = "2" departSpeed="11.180000"/>
	<vehicle id="car_141" type="car5" route="0" depart="180" departLane = "1" departSpeed="11.180000"/>
	<vehicle id="car_142" type="car5" route="1" depart="180" departLane = "2" departSpeed="11.180000"/>
	<vehicle id="car_143" type="car9" route="5" depart="182" departLane = "1" departSpeed="11.180000"/>
	<vehicle id="car_144" type="car5" route="5" depart="183" departLane = "2" departSpeed="11.180000"/>
	<vehicle id="car_145" type="car8" route="5" depart="188" departLane = "2" departSpeed="11.180000"/>
	<vehicle id="car_146" type="car6" route="7" depart="188" departLane = "0" departSpeed="11.180000"/>
	<vehicle id="car_147" type="car9" route="3" depart="188" departLane = "2" departSpeed="11.180000"/>
	<vehicle id="car_148" type="car9" route="5" depart="189" departLane = "0" departSpeed="11.180000"/>
	<vehicle id="car_149" type="car7" route="6" depart="190" departLane = "1" departSpeed="11.180000"/>
	<vehicle id="car_150" type="car9" route="7" depart="192" departLane = "0" departSpeed="11.180000"/>
	<vehicle id="car_151" type="car9" route="3" depart="194" departLane = "0" departSpeed="11.180000"/>
	<vehicle id="car_152" type="car5" route="3" depart="197" departLane = "0" departSpeed="11.180000"/>
	<vehicle id="car_153" type="car6" route="3" depart="198" departLane = "1" departSpeed="11.180000"/>
	<vehicle id="car_154" type="car7" route="4" depart="198" departLane = "2" departSpeed="11.180000"/>
	<vehicle id="car_155" type="car9" route="6" depart="199" departLane = "2" departSpeed="11.180000"/>
	<vehicle id="car_156" type="car8" route="2" depart="201" departLane = "0" departSpeed="11.180000"/>
	<vehicle id="car_157" type="car5" route="5" depart="201" departLane = "0" departSpeed="11.180000"/>
	<vehicle id="car_158" type="car6" route="1" depart="202" departLane = "0" departSpeed="11.180000"/>
	<vehicle id="car_159" type="car6" route="6" depart="202" departLane = "1" departSpeed="11.180000"/>
	<vehicle id="car_160" type="car6" route="5" depart="203" departLane = "1" departSpeed="11.180000"/>
	<vehicle id="car_161" type="car5" route="3" depart="203" departLane = "1" departSpeed="11.180000"/>
	<vehicle id="car_162" type="car6" route="7" depart="205" departLane = "2" departSpeed="11.180000"/>
	<vehicle id="car_163" type="car5" route="4" depart="205" departLane = "1" departSpeed="11.180000"/>
	<vehicle id="car_164" type="car6" route="6" depart="205" departLane = "2" departSpeed="11.180000"/>
	<vehicle id="car_165" type="car8" route="1" depart="206" departLane = "0" departSpeed="11.180000"/>
	<vehicle id="car_166" type="car8" route="7" depart="207" departLane = "1" departSpeed="11.180000"/>
	<vehicle id="car_167" type="car7" route="4" depart="212" departLane = "0" departSpeed="11.180000"/>
	<vehicle id="car_168" type="car9" route="7" depart="213" departLane = "1" departSpeed="11.180000"/>
	<vehicle id="car_169" type="car7" route="3" depart="213" departLane = "2" departSpeed="11.180000"/>
	<vehicle id="car_170" type="car9" route="1" depart="214" departLane = "2" departSpeed="11.180000"/>
	<vehicle id="car_171" type="car9" route="6" depart="215" departLane = "2" departSpeed="11.180000"/>
	<vehicle id="car_172" type="car7" route="7" depart="216" departLane = "0" departSpeed="11.180000"/>
	<vehicle id="car_173" type="car7" route="4" depart="216" departLane = "1" departSpeed="11.180000"/>
	<vehicle id="car_174" type="car9" route="6" depart="218" departLane = "1" departSpeed="11.180000"/>
	<vehicle id="car_175" type="car7" route="5" depart="219" departLane = "1" departSpeed="11.180000"/>
	<vehicle id="car_176" type="car5" route="7" depart="220" departLane = "0" departSpeed="11.180000"/>
	<vehicle id="car_177" type="car5" route="1" depart="220" departLane = "1" departSpeed="11.180000"/>
	<vehicle id="car_178" type="car6" route="3" depart="222" departLane = "2" departSpeed="11.180000"/>
	<vehicle id="car_179" type="car9" route="4" depart="222" departLane = "2" departSpeed="11.180000"/>
	<vehicle id="car_180" type="car7" route="3" depart="223" departLane = "0" departSpeed="11.180000"/>
	<vehicle id="car_181" type="car8" route="4" depart="224" departLane = "1" departSpeed="11.180000"/>
	<vehicle id="car_182" type="car7" route="2" depart="225" departLane = "0" departSpeed="11.180000"/>
	<vehicle id="car_183" type="car9" route="1" depart="226" departLane = "0" departSpeed="11.180000"/>
	<vehicle id="car_184" type="car6" route="3" depart="227" departLane = "2" departSpeed="11.180000"/>
	<vehicle id="car_185" type="car6" route="7" depart="228" departLane = "1" departSpeed="11.180000"/>
	<vehicle id="car_186" type="car5" route="7" depart="229" departLane = "1" departSpeed="11.180000"/>
	<vehicle id="car_187" type="car6" route="2" depart="230" departLane = "1" departSpeed="11.180000"/>
	<vehicle id="car_188" type="car7" route="6" depart="231" departLane = "0" departSpeed="11.180000"/>
	<vehicle id="car_189" type="car6" route="0" depart="234" departLane = "2" departSpeed="11.180000"/>
	<vehicle id="car_190" type="car9" route="2" depart="234" departLane = "2" departSpeed="11.180000"/>
	<vehicle id="car_191" type="car5" route="0" depart="236" departLane = "1" departSpeed="11.180000"/>
	<vehicle id="car_192" type="car6" route="6" depart="236" departLane = "0" departSpeed="11.180000"/>
	<vehicle id="car_193" type="car6" route="4" depart="237" departLane = "1" departSpeed="11.180000"/>
	<vehicle id="car_194" type="car6" route="6" depart="237" departLane = "0" departSpeed="11.180000"/>
	<vehicle id="car_195" type="car8" route="2" depart="241" departLane = "0" departSpeed="11.180000"/>
	<vehicle id="car_196" type="car5" route="6" depart="241" departLane = "1" departSpeed="11.180000"/>
	<vehicle id="car_197" type="car6" route="6" depart="242" departLane = "2" departSpeed="11.180000"/>
	<vehicle id="car_198" type="car6" route="0" depart="243" departLane = "1" departSpeed="11.180000"/>
	<vehicle id="car_199" type="car9" route="2" depart="245" departLane = "1" departSpeed="11.180000"/>
	<vehicle id="car_200" type="car5" route="3" depart="245" departLane = "2" departSpeed="11.180000"/>
	<vehicle id="car_201" type="car5" route="5" depart="246" departLane = "0" departSpeed="11.180000"/>
	<vehicle id="car_202" type="car5" route="0" depart="250" departLane = "0" departSpeed="11.180000"/>
	<vehicle id="car_203" type="car7" route="5" depart="253" departLane = "2" departSpeed="11.180000"/>
	<vehicle id="car_204" type="car7" route="7" depart="254" departLane = "1" departSpeed="11.180000"/>
	<vehicle id="car_205" type="car7" route="1" depart="254" departLane = "0" departSpeed="11.180000"/>
	<vehicle id="car_206" type="car5" route="7" depart="255" departLane = "1" departSpeed="11.180000"/>
	<vehicle id="car_207" type="car8" route="3" depart="255" departLane = "2" departSpeed="11.180000"/>
	<vehicle id="car_208" type="car5" route="5" depart="256" departLane = "1" departSpeed="11.180000"/>
	<vehicle id="car_209" type="car7" route="1" depart="259" departLane = "1" departSpeed="11.180000"/>
	<vehicle id="car_210" type="car5" route="1" depart="260" departLane = "2" departSpeed="11.180000"/>
	<vehicle id="car_211" type="car7" route="6" depart="261" departLane = "2" departSpeed="11.180000"/>
	<vehicle id="car_212" type="car9" route="3" depart="262" departLane = "0" departSpeed="11.180000"/>
	<vehicle id="car_213" type="car9" route="6" depart="263" departLane = "1" departSpeed="11.180000"/>
	<vehicle id="car_214" type="car5" route="0" depart="264" departLane = "0" departSpeed="11.180000"/>
	<vehicle id="car_215" type="car5" route="7" depart="264" departLane = "2" departSpeed="11.180000"/>
	<vehicle id="car_216" type="car5" route="3" depart="264" departLane = "2" departSpeed="11.180000"/>
	<vehicle id="car_217" type="car7" route="7" depart="266" departLane = "0" departSpeed="11.180000"/>
	<vehicle id="car_218" type="car5" route="3" depart="268" departLane = "2" departSpeed="11.180000"/>
	<vehicle id="car_219" type="car8" route="1" depart="270" departLane = "0" departSpeed="11.180000"/>
	<vehicle id="car_220" type="car6" route="6" depart="271" departLane = "1" departSpeed="11.180000"/>
	<vehicle id="car_221" type="car9" route="1" depart="272" departLane = "2" departSpeed="11.180000"/>
	<vehicle id="car_222" type="car8" route="4" depart="272" departLane = "0" departSpeed="11.180000"/>
	<vehicle id="car_223" type="car8" route="4" depart="274" departLane = "0" departSpeed="11.180000"/>
	<vehicle id="car_224" type="car6" route="4" depart="276" departLane = "1" departSpeed="11.180000"/>
	<vehicle id="car_225" type="car9" route="6" depart="277" departLane = "0" departSpeed="11.180000"/>
	<vehicle id="car_226" type="car9" route="2" depart="279" departLane = "2" departSpeed="11.180000"/>
	<vehicle id="car_227" type="car5" route="1" depart="279" departLane = "0" departSpeed="11.180000"/>
	<vehicle id="car_228" type="car9" route="6" depart="280" departLane = "1" departSpeed="11.180000"/>
	<vehicle id="car_229" type="car8" route="4" depart="281" departLane = "2" departSpeed="11.180000"/>
	<vehicle id="car_230" type="car6" route="5" depart="283" departLane = "0" departSpeed="11.180000"/>
	<vehicle id="car_231" type="car8" route="7" depart="283" departLane = "1" departSpeed="11.180000"/>
	<vehicle id="car_232" type="car9" route="3" depart="285" departLane = "1" departSpeed="11.180000"/>
	<vehicle id="car_233" type="car7" route="0" depart="286" departLane = "1" departSpeed="11.180000"/>
	<vehicle id="car_234" type="car6" route="7" depart="286" departLane = "0" departSpeed="11.180000"/>
	<vehicle id="car_235" type="car5" route="7" depart="289" departLane = "0" departSpeed="11.180000"/>
	<vehicle id="car_236" type="car7" route="7" depart="290" departLane = "1" departSpeed="11.180000"/>
	<vehicle id="car_237" type="car6" route="1" depart="290" departLane = "0" departSpeed="11.180000"/>
	<vehicle id="car_238" type="car7" route="0" depart="293" departLane = "1" departSpeed="11.180000"/>
	<vehicle id="car_239" type="car5" route="2" depart="293" departLane = "1" departSpeed="11.180000"/>
	<vehicle id="car_240" type="car5" route="7" depart="293" departLane = "1" departSpeed="11.180000"/>
	<vehicle id="car_241" type="car7" route="2" depart="296" departLane = "2" departSpeed="11.180000"/>
	<vehicle id="car_242" type="car6" route="7" depart="296" departLane = "1" departSpeed="11.180000"/>
	<vehicle id="car_243" type="car8" route="4" depart="296" departLane = "0" departSpeed="11.180000"/>
	<vehicle id="car_244" type="car7" route="5" depart="299" departLane = "1" departSpeed="11.180000"/>
	<vehicle id="car_245" type="car8" route="3" depart="300" departLane = "2" departSpeed="11.180000"/>
	<vehicle id="car_246" type="car5" route="6" depart="300" departLane = "2" departSpeed="11.180000"/>
	<vehicle id="car_247" type="car8" route="6" depart="302" departLane = "1" departSpeed="11.180000"/>
	<vehicle id="car_248" type="car8" route="7" depart="303" departLane = "2" departSpeed="11.180000"/>
	<vehicle id="car_249" type="car5" route="4" depart="308" departLane = "2" departSpeed="11.180000"/>
	<vehicle id="car_250" type="car9" route="0" depart="309" departLane = "0" departSpeed="11.180000"/>
	<vehicle id="car_251" type="car7" route="7" depart="309" departLane = "1" departSpeed="11.180000"/>
	<vehicle id="car_252" type="car9" route="5" depart="310" departLane = "2" departSpeed="11.180000"/>
	<vehicle id="car_253" type="car6" route="1" depart="311" departLane = "2" departSpeed="11.180000"/>
	<vehicle id="car_254" type="car6" route="1" depart="312" departLane = "2" departSpeed="11.180000"/>
	<vehicle id="car_255" type="car9" route="4" depart="312" departLane = "1" departSpeed="11.180000"/>
	<vehicle id="car_256" type="car9" route="5" depart="314" departLane = "2" departSpeed="11.180000"/>
	<vehicle id="car_257" type="car9" route="7" depart="315" departLane = "2" departSpeed="11.180000"/>
	<vehicle id="car_258" type="car5" route="7" depart="317" departLane = "1" departSpeed="11.180000"/>
	<vehicle id="car_259" type="car9" route="1" depart="318" departLane = "1" departSpeed="11.180000"/>
	<vehicle id="car_260" type="car9" route="3" depart="321" departLane = "2" departSpeed="11.180000"/>
	<vehicle id="car_261" type="car7" route="0" depart="322" departLane = "1" departSpeed="11.180000"/>
	<vehicle id="car_262" type="car5" route="6" depart="323" departLane = "0" departSpeed="11.180000"/>
	<vehicle id="car_263" type="car6" route="1" depart="324" departLane = "1" departSpeed="11.180000"/>
	<vehicle id="car_264" type="car7" route="7" depart="325" departLane = "0" departSpeed="11.180000"/>
	<vehicle id="car_265" type="car6" route="1" depart="326" departLane = "1" departSpeed="11.180000"/>
	<vehicle id="car_266" type="car5" route="5" depart="327" departLane = "0" departSpeed="11.180000"/>
	<vehicle id="car_267" type="car5" route="7" depart="330" departLane = "2" departSpeed="11.180000"/>
	<vehicle id="car_268" type="car6" route="0" depart="331" departLane = "2" departSpeed="11.180000"/>
	<vehicle id="car_269" type="car5" route="4" depart="333" departLane = "1" departSpeed="11.180000"/>
	<vehicle id="car_270" type="car6" route="3" depart="334" departLane = "1" departSpeed="11.180000"/>
	<vehicle id="car_271" type="car7" route="6" depart="337" departLane = "0" departSpeed="11.180000"/>
	<vehicle id="car_272" type="car9" route="1" depart="338" departLane = "1" departSpeed="11.180000"/>
	<vehicle id="car_273" type="car9" route="5" depart="340" departLane = "1" departSpeed="11.180000"/>
	<vehicle id="car_274" type="car8" route="5" depart="341" departLane = "1" departSpeed="11.180000"/>
	<vehicle id="car_275" type="car8" route="4" depart="341" departLane = "0" departSpeed="11.180000"/>
	<vehicle id="car_276" type="car5" route="1" depart="345" departLane = "1" departSpeed="11.180000"/>
	<vehicle id="car_277" type="car5" route="0" depart="347" departLane = "2" departSpeed="11.180000"/>
	<vehicle id="car_278" type="car9" route="2" depart="350" departLane = "1" departSpeed="11.180000"/>
	<vehicle id="car_279" type="car9" route="5" depart="350" departLane = "0" departSpeed="11.180000"/>
	<vehicle id="car_280" type="car9" route="3" depart="350" departLane = "0" departSpeed="11.180000"/>
	<vehicle id="car_281" type="car7" route="4" depart="351" departLane = "1" departSpeed="11.180000"/>
	<vehicle id="car_282" type="car9" route="2" depart="352" departLane = "0" departSpeed="11.180000"/>
	<vehicle id="car_283" type="car8" route="7" depart="352" departLane = "2" departSpeed="11.180000"/>
	<vehicle id="car_284" type="car5" route="6" depart="353" departLane = "0" departSpeed="11.180000"/>
	<vehicle id="car_285" type="car7" route="2" depart="354" departLane = "1" departSpeed="11.180000"/>
	<vehicle id="car_286" type="car8" route="3" depart="354" departLane = "1" departSpeed="11.180000"/>
	<vehicle id="car_287" type="car6" route="5" depart="359" departLane = "1" departSpeed="11.180000"/>
	<vehicle id="car_288" type="car6" route="3" depart="361" departLane = "0" departSpeed="11.180000"/>
	<vehicle id="car_289" type="car8" route="4" depart="362" departLane = "0" departSpeed="11.180000"/>
	<vehicle id="car_290" type="car8" route="5" depart="363" departLane = "0" departSpeed="11.180000"/>
	<vehicle id="car_291" type="car9" route="2" depart="364" departLane = "2" departSpeed="11.180000"/>
	<vehicle id="car_292" type="car5" route="6" depart="364" departLane = "1" departSpeed="11.180000"/>
	<vehicle id="car_293" type="car7" route="2" depart="365" departLane = "1" departSpeed="11.180000"/>
	<vehicle id="car_294" type="car7" route="4" depart="366" departLane = "1" departSpeed="11.180000"/>
	<vehicle id="car_295" type="car7" route="0" depart="367" departLane = "1" departSpeed="11.180000"/>
	<vehicle id="car_296" type="car7" route="2" depart="367" departLane = "1" departSpeed="11.180000"/>
	<vehicle id="car_297" type="car9" route="1" depart="367" departLane = "0" departSpeed="11.180000"/>
	<vehicle id="car_298" type="car8" route="4" depart="367" departLane = "2" departSpeed="11.180000"/>
	<vehicle id="car_299" type="car9" route="7" depart="369" departLane = "2" departSpeed="11.180000"/>
	<vehicle id="car_300" type="car8" route="6" depart="369" departLane = "2" departSpeed="11.180000"/>
	<vehicle id="car_301" type="car6" route="1" depart="370" departLane = "2" departSpeed="11.180000"/>
	<vehicle id="car_302" type="car5" route="3" depart="371" departLane = "2" departSpeed="11.180000"/>
	<vehicle id="car_303" type="car5" route="0" depart="373" departLane = "0" departSpeed="11.180000"/>
	<vehicle id="car_304" type="car5" route="7" depart="373" departLane = "2" departSpeed="11.180000"/>
	<vehicle id="car_305" type="car8" route="3" depart="373" departLane = "0" departSpeed="11.180000"/>
	<vehicle id="car_306" type="car5" route="6" depart="374" departLane = "1" departSpeed="11.180000"/>
	<vehicle id="car_307" type="car9" route="2" depart="378" departLane = "2" departSpeed="11.180000"/>
	<vehicle id="car_308" type="car8" route="3" depart="378" departLane = "0" departSpeed="11.180000"/>
	<vehicle id="car_309" type="car9" route="5" depart="379" departLane = "1" departSpeed="11.180000"/>
	<vehicle id="car_310" type="car9" route="7" depart="383" departLane = "2" departSpeed="11.180000"/>
	<vehicle id="car_311" type="car6" route="6" depart="386" departLane = "1" departSpeed="11.180000"/>
	<vehicle id="car_312" type="car6" route="3" depart="388" departLane = "1" departSpeed="11.180000"/>
	<vehicle id="car_313" type="car9" route="7" depart="390" departLane = "2" departSpeed="11.180000"/>
	<vehicle id="car_314" type="car9" route="2" depart="391" departLane = "2" departSpeed="11.180000"/>
	<vehicle id="car_315" type="car7" route="2" depart="392" departLane = "1" departSpeed="11.180000"/>
	<vehicle id="car_316" type="car9" route="1" depart="393" departLane = "0" departSpeed="11.180000"/>
	<vehicle id="car_317" type="car6" route="4" depart="393" departLane = "0" departSpeed="11.180000"/>
	<vehicle id="car_318" type="car6" route="7" depart="394" departLane = "0" departSpeed="11.180000"/>
	<vehicle id="car_319" type="car7" route="6" depart="394" departLane = "1" departSpeed="11.180000"/>
	<vehicle id="car_320" type="car5" route="5" depart="395" departLane = "0" departSpeed="11.180000"/>
	<vehicle id="car_321" type="car9" route="1" depart="398" departLane = "1" departSpeed="11.180000"/>
	<vehicle id="car_322" type="car8" route="3" depart="398" departLane = "1" departSpeed="11.180000"/>
	<vehicle id="car_323" type="car7" route="4" depart="398" departLane = "1" departSpeed="11.180000"/>
	<vehicle id="car_324" type="car6" route="1" depart="399" departLane = "0" departSpeed="11.180000"/>
	<vehicle id="car_325" type="car8" route="2" depart="400" departLane = "1" departSpeed="11.180000"/>
	<vehicle id="car_326" type="car7" route="7" depart="400" departLane = "1" departSpeed="11.180000"/>
	<vehicle id="car_327" type="car6" route="4" depart="401" departLane = "1" departSpeed="11.180000"/>
	<vehicle id="car_328" type="car6" route="6" depart="403" departLane = "1" departSpeed="11.180000"/>
	<vehicle id="car_329" type="car9" route="0" depart="410" departLane = "1" departSpeed="11.180000"/>
	<vehicle id="car_330" type="car5" route="2" depart="410" departLane = "0" departSpeed="11.180000"/>
	<vehicle id="car_331" type="car8" route="4" depart="411" departLane = "1" departSpeed="11.180000"/>
	<vehicle id="car_332" type="car8" route="1" depart="412" departLane = "0" departSpeed="11.180000"/>
	<vehicle id="car_333" type="car9" route="3" depart="412" departLane = "0" departSpeed="11.180000"/>
	<vehicle id="car_334" type="car9" route="2" depart="415" departLane = "2" departSpeed="11.180000"/>
	<vehicle id="car_335" type="car6" route="0" depart="416" departLane = "1" departSpeed="11.180000"/>
	<vehicle id="car_336" type="car6" route="7" depart="417" departLane = "1" departSpeed="11.180000"/>
	<vehicle id="car_337" type="car5" route="0" depart="419" departLane = "1" departSpeed="11.180000"/>
	<vehicle id="car_338" type="car8" route="0" depart="420" departLane = "1" departSpeed="11.180000"/>
	<vehicle id="car_339" type="car5" route="1" depart="420" departLane = "1" departSpeed="11.180000"/>
	<vehicle id="car_340" type="car7" route="6" depart="424" departLane = "2" departSpeed="11.180000"/>
	<vehicle id="car_341" type="car6" route="0" depart="426" departLane = "0" departSpeed="11.180000"/>
	<vehicle id="car_342" type="car6" route="4" depart="427" departLane = "1" departSpeed="11.180000"/>
	<vehicle id="car_343" type="car8" route="6" depart="427" departLane = "2" departSpeed="11.180000"/>
	<vehicle id="car_344" type="car5" route="5" depart="429" departLane = "1" departSpeed="11.180000"/>
	<vehicle id="car_345" type="car8" route="4" depart="429" departLane = "1" departSpeed="11.180000"/>
	<vehicle id="car_346" type="car7" route="6" depart="430" departLane = "2" departSpeed="11.180000"/>
	<vehicle id="car_347" type="car8" route="2" depart="431" departLane = "1" departSpeed="11.180000"/>
	<vehicle id="car_348" type="car6" route="3" depart="431" departLane = "0" departSpeed="11.180000"/>
	<vehicle id="car_349" type="car6" route="0" depart="433" departLane = "2" departSpeed="11.180000"/>
	<vehicle id="car_350" type="car8" route="4" depart="433" departLane = "0" departSpeed="11.180000"/>
	<vehicle id="car_351" type="car8" route="2" depart="434" departLane = "2" departSpeed="11.180000"/>
	<vehicle id="car_352" type="car8" route="0" depart="435" departLane = "2" departSpeed="11.180000"/>
	<vehicle id="car_353" type="car6" route="7" depart="435" departLane = "2" departSpeed="11.180000"/>
	<vehicle id="car_354" type="car6" route="1" depart="435" departLane = "1" departSpeed="11.180000"/>
	<vehicle id="car_355" type="car6" route="0" depart="436" departLane = "0" departSpeed="11.180000"/>
	<vehicle id="car_356" type="car7" route="6" depart="436" departLane = "0" departSpeed="11.180000"/>
	<vehicle id="car_357" type="car8" route="0" depart="437" departLane = "0" departSpeed="11.180000"/>
	<vehicle id="car_358" type="car6" route="1" depart="437" departLane = "2" departSpeed="11.180000"/>
	<vehicle id="car_359" type="car8" route="3" depart="437" departLane = "1" departSpeed="11.180000"/>
	<vehicle id="car_360" type="car6" route="0" depart="439" departLane = "2" departSpeed="11.180000"/>
	<vehicle id="car_361" type="car9" route="6" depart="439" departLane = "0" departSpeed="11.180000"/>
	<vehicle id="car_362" type="car5" route="3" depart="440" departLane = "0" departSpeed="11.180000"/>
	<vehicle id="car_363" type="car6" route="5" depart="441" departLane = "0" departSpeed="11.180000"/>
	<vehicle id="car_364" type="car7" route="6" depart="442" departLane = "2" departSpeed="11.180000"/>
	<vehicle id="car_365" type="car5" route="4" depart="443" departLane = "1" departSpeed="11.180000"/>
	<vehicle id="car_366" type="car9" route="6" depart="443" departLane = "1" departSpeed="11.180000"/>
	<vehicle id="car_367" type="car6" route="0" depart="448" departLane = "0" departSpeed="11.180000"/>
	<vehicle id="car_368" type="car9" route="1" depart="448" departLane = "2" departSpeed="11.180000"/>
	<vehicle id="car_369" type="car5" route="3" depart="448" departLane = "1" departSpeed="11.180000"/>
	<vehicle id="car_370" type="car7" route="2" depart="451" departLane = "1" departSpeed="11.180000"/>
	<vehicle id="car_371" type="car5" route="3" depart="451" departLane = "0" departSpeed="11.180000"/>
	<vehicle id="car_372" type="car8" route="2" depart="452" departLane = "2" departSpeed="11.180000"/>
	<vehicle id="car_373" type="car5" route="3" depart="453" departLane = "1" departSpeed="11.180000"/>
	<vehicle id="car_374" type="car5" route="5" depart="454" departLane = "1" departSpeed="11.180000"/>
	<vehicle id="car_375" type="car7" route="4" depart="455" departLane = "2" departSpeed="11.180000"/>
	<vehicle id="car_376" type="car5" route="3" depart="456" departLane = "2" departSpeed="11.180000"/>
	<vehicle id="car_377" type="car7" route="4" depart="456" departLane = "1" departSpeed="11.180000"/>
	<vehicle id="car_378" type="car9" route="2" depart="457" departLane = "2" departSpeed="11.180000"/>
	<vehicle id="car_379" type="car9" route="1" depart="461" departLane = "1" departSpeed="11.180000"/>
	<vehicle id="car_380" type="car9" route="3" depart="461" departLane = "1" departSpeed="11.180000"/>
	<vehicle id="car_381" type="car9" route="4" depart="464" departLane = "2" departSpeed="11.180000"/>
	<vehicle id="car_382" type="car9" route="2" depart="467" departLane = "2" departSpeed="11.180000"/>
	<vehicle id="car_383" type="car5" route="3" depart="467" departLane = "2" departSpeed="11.180000"/>
	<vehicle id="car_384" type="car7" route="0" depart="469" departLane = "1" departSpeed="11.180000"/>
	<vehicle id="car_385" type="car6" route="6" depart="469" departLane = "2" departSpeed="11.180000"/>
	<vehicle id="car_386" type="car9" route="2" depart="475" departLane = "0" departSpeed="11.180000"/>
	<vehicle id="car_387" type="car5" route="2" depart="478" departLane = "0" departSpeed="11.180000"/>
	<vehicle id="car_388" type="car9" route="2" depart="482" departLane = "0" departSpeed="11.180000"/>
	<vehicle id="car_389" type="car9" route="1" depart="482" departLane = "0" departSpeed="11.180000"/>
	<vehicle id="car_390" type="car9" route="4" depart="483" departLane = "1" departSpeed="11.180000"/>
	<vehicle id="car_391" type="car7" route="7" depart="485" departLane = "0" departSpeed="11.180000"/>
	<vehicle id="car_392" type="car8" route="5" depart="486" departLane = "2" departSpeed="11.180000"/>
	<vehicle id="car_393" type="car9" route="7" depart="487" departLane = "1" departSpeed="11.180000"/>
	<vehicle id="car_394" type="car9" route="1" depart="488" departLane = "0" departSpeed="11.180000"/>
	<vehicle id="car_395" type="car5" route="6" depart="489" departLane = "1" departSpeed="11.180000"/>
	<vehicle id="car_396" type="car9" route="7" depart="490" departLane = "0" departSpeed="11.180000"/>
	<vehicle id="car_397" type="car5" route="0" depart="493" departLane = "0" departSpeed="11.180000"/>
	<vehicle id="car_398" type="car5" route="5" depart="493" departLane = "1" departSpeed="11.180000"/>
	<vehicle id="car_399" type="car6" route="4" depart="493" departLane = "1" departSpeed="11.180000"/>
	<vehicle id="car_400" type="car5" route="6" depart="493" departLane = "1" departSpeed="11.180000"/>
	<vehicle id="car_401" type="car6" route="5" depart="494" departLane = "2" departSpeed="11.180000"/>
	<vehicle id="car_402" type="car6" route="6" depart="494" departLane = "2" departSpeed="11.180000"/>
	<vehicle id="car_403" type="car9" route="1" depart="495" departLane = "1" departSpeed="11.180000"/>
	<vehicle id="car_404" type="car8" route="7" depart="499" departLane = "2" departSpeed="11.180000"/>
	<vehicle id="car_405" type="car7" route="7" depart="502" departLane = "1" departSpeed="11.180000"/>
	<vehicle id="car_406" type="car6" route="1" depart="502" departLane = "0" departSpeed="11.180000"/>
	<vehicle id="car_407" type="car8" route="6" depart="502" departLane = "2" departSpeed="11.180000"/>
	<vehicle id="car_408" type="car5" route="6" depart="504" departLane = "1" departSpeed="11.180000"/>
	<vehicle id="car_409" type="car5" route="0" depart="505" departLane = "2" departSpeed="11.180000"/>
	<vehicle id="car_410" type="car5" route="2" depart="505" departLane = "0" departSpeed="11.180000"/>
	<vehicle id="car_411" type="car9" route="7" depart="505" departLane = "2" departSpeed="11.180000"/>
	<vehicle id="car_412" type="car9" route="4" depart="505" departLane = "2" departSpeed="11.180000"/>
	<vehicle id="car_413" type="car6" route="5" depart="506" departLane = "2" departSpeed="11.180000"/>
	<vehicle id="car_414" type="car5" route="1" depart="506" departLane = "2" departSpeed="11.180000"/>
	<vehicle id="car_415" type="car8" route="1" depart="507" departLane = "2" departSpeed="11.180000"/>
	<vehicle id="car_416" type="car7" route="1" depart="508" departLane = "0" departSpeed="11.180000"/>
	<vehicle id="car_417" type="car5" route="0" depart="510" departLane = "1" departSpeed="11.180000"/>
	<vehicle id="car_418" type="car5" route="1" depart="512" departLane = "2" departSpeed="11.180000"/>
	<vehicle id="car_419" type="car6" route="2" depart="513" departLane = "1" departSpeed="11.180000"/>
	<vehicle id="car_420" type="car7" route="5" depart="513" departLane = "1" departSpeed="11.180000"/>
	<vehicle id="car_421" type="car5" route="3" depart="516" departLane = "0" departSpeed="11.180000"/>
	<vehicle id="car_422" type="car6" route="1" depart="517" departLane = "1" departSpeed="11.180000"/>
	<vehicle id="car_423" type="car5" route="4" depart="518" departLane = "2" departSpeed="11.180000"/>
	<vehicle id="car_424" type="car7" route="5" depart="524" departLane = "2" departSpeed="11.180000"/>
	<vehicle id="car_425" type="car6" route="3" depart="524" departLane = "0" departSpeed="11.180000"/>
	<vehicle id="car_426" type="car8" route="0" depart="527" departLane = "1" departSpeed="11.180000"/>
	<vehicle id="car_427" type="car6" route="2" depart="528" departLane = "0" departSpeed="11.180000"/>
	<vehicle id="car_428" type="car5" route="3" depart="531" departLane = "2" departSpeed="11.180000"/>
	<vehicle id="car_429" type="car5" route="2" depart="532" departLane = "1" departSpeed="11.180000"/>
	<vehicle id="car_430" type="car8" route="0" depart="533" departLane = "2" departSpeed="11.180000"/>
	<vehicle id="car_431" type="car8" route="7" depart="533" departLane = "2" departSpeed="11.180000"/>
	<vehicle id="car_432" type="car5" route="6" depart="533" departLane = "0" departSpeed="11.180000"/>
	<vehicle id="car_433" type="car5" route="0" depart="535" departLane = "0" departSpeed="11.180000"/>
	<vehicle id="car_434" type="car5" route="3" depart="539" departLane = "1" departSpeed="11.180000"/>
	<vehicle id="car_435" type="car9" route="7" depart="540" departLane = "0" departSpeed="11.180000"/>
	<vehicle id="car_436" type="car9" route="6" depart="540" departLane = "0" departSpeed="11.180000"/>
	<vehicle id="car_437" type="car7" route="6" depart="542" departLane = "2" departSpeed="11.180000"/>
	<vehicle id="car_438" type="car8" route="4" depart="543" departLane = "1" departSpeed="11.180000"/>
	<vehicle id="car_439" type="car7" route="7" depart="545" departLane = "1" departSpeed="11.180000"/>
	<vehicle id="car_440" type="car9" route="6" depart="545" departLane = "2" departSpeed="11.180000"/>
	<vehicle id="car_441" type="car7" route="7" depart="546" departLane = "2" departSpeed="11.180000"/>
	<vehicle id="car_442" type="car6" route="6" depart="546" departLane = "1" departSpeed="11.180000"/>
	<vehicle id="car_443" type="car6" route="6" depart="549" departLane = "2" departSpeed="11.180000"/>
	<vehicle id="car_444" type="car8" route="0" depart="551" departLane = "1" departSpeed="11.180000"/>
	<vehicle id="car_445" type="car6" route="0" depart="552" departLane = "0" departSpeed="11.180000"/>
	<vehicle id="car_446" type="car5" route="1" depart="553" departLane = "0" departSpeed="11.180000"/>
	<vehicle id="car_447" type="car8" route="0" depart="556" departLane = "0" departSpeed="11.180000"/>
	<vehicle id="car_448" type="car8" route="1" depart="556" departLane = "1" departSpeed="11.180000"/>
	<vehicle id="car_449" type="car5" route="7" depart="557" departLane = "2" departSpeed="11.180000"/>
	<vehicle id="car_450" type="car6" route="5" depart="560" departLane = "0" departSpeed="11.180000"/>
	<vehicle id="car_451" type="car6" route="7" depart="560" departLane = "2" departSpeed="11.180000"/>
	<vehicle id="car_452" type="car8" route="1" depart="560" departLane = "1" departSpeed="11.180000"/>
	<vehicle id="car_453" type="car8" route="4" depart="561" departLane = "2" departSpeed="11.180000"/>
	<vehicle id="car_454" type="car6" route="0" depart="565" departLane = "2" departSpeed="11.180000"/>
	<vehicle id="car_455" type="car5" route="7" depart="565" departLane = "1" departSpeed="11.180000"/>
	<vehicle id="car_456" type="car6" route="1" depart="565" departLane = "1" departSpeed="11.180000"/>
	<vehicle id="car_457" type="car5" route="0" depart="566" departLane = "1" departSpeed="11.180000"/>
	<vehicle id="car_458" type="car8" route="6" depart="567" departLane = "1" departSpeed="11.180000"/>
	<vehicle id="car_459" type="car5" route="0" depart="568" departLane = "2" departSpeed="11.180000"/>
	<vehicle id="car_460" type="car9" route="4" depart="568" departLane = "1" departSpeed="11.180000"/>
	<vehicle id="car_461" type="car6" route="1" depart="569" departLane = "0" departSpeed="11.180000"/>
	<vehicle id="car_462" type="car7" route="5" depart="570" departLane = "2" departSpeed="11.180000"/>
	<vehicle id="car_463" type="car5" route="5" depart="574" departLane = "0" departSpeed="11.180000"/>
	<vehicle id="car_464" type="car8" route="7" depart="574" departLane = "0" departSpeed="11.180000"/>
	<vehicle id="car_465" type="car8" route="5" depart="575" departLane = "2" departSpeed="11.180000"/>
	<vehicle id="car_466" type="car5" route="7" depart="576" departLane = "1" departSpeed="11.180000"/>
	<vehicle id="car_467" type="car9" route="1" depart="576" departLane = "0" departSpeed="11.180000"/>
	<vehicle id="car_468" type="car9" route="2" depart="579" departLane = "1" departSpeed="11.180000"/>
	<vehicle id="car_469" type="car5" route="7" depart="580" departLane = "0" departSpeed="11.180000"/>
	<vehicle id="car_470" type="car8" route="1" depart="582" departLane = "1" departSpeed="11.180000"/>
	<vehicle id="car_471" type="car8" route="1" depart="585" departLane = "1" departSpeed="11.180000"/>
	<vehicle id="car_472" type="car9" route="6" depart="586" departLane = "2" departSpeed="11.180000"/>
	<vehicle id="car_473" type="car7" route="5" depart="587" departLane = "0" departSpeed="11.180000"/>
	<vehicle id="car_474" type="car8" route="7" depart="587" departLane = "0" departSpeed="11.180000"/>
	<vehicle id="car_475" type="car5" route="3" depart="587" departLane = "2" departSpeed="11.180000"/>
	<vehicle id="car_476" type="car9" route="1" depart="588" departLane = "0" departSpeed="11.180000"/>
	<vehicle id="car_477" type="car6" route="3" depart="590" departLane = "1" departSpeed="11.180000"/>
	<vehicle id="car_478" type="car9" route="3" depart="591" departLane = "2" departSpeed="11.180000"/>
	<vehicle id="car_479" type="car9" route="0" depart="597" departLane = "0" departSpeed="11.180000"/>
	<vehicle id="car_480" type="car7" route="5" depart="597" departLane = "1" departSpeed="11.180000"/>
	<vehicle id="car_481" type="car8" route="7" depart="597" departLane = "1" departSpeed="11.180000"/>
	<vehicle id="car_482" type="car7" route="7" depart="598" departLane = "2" departSpeed="11.180000"/>
</routes>
