{"car_2009": [2, 5], "car_2229": [3, 5], "car_2228": [1, 4], "car_468": [1, 0], "car_469": [3, 5], "car_466": [0, 7], "car_467": [5, 2], "car_464": [4, 7], "car_465": [6, 4], "car_462": [7, 3], "car_463": [1, 2], "car_460": [4, 6], "car_461": [6, 5], "car_817": [0, 6], "car_816": [6, 0], "car_815": [4, 5], "car_814": [3, 0], "car_813": [1, 0], "car_812": [7, 6], "car_2072": [0, 5], "car_811": [5, 0], "car_2073": [2, 6], "car_810": [3, 1], "car_679": [5, 3], "car_678": [5, 0], "car_677": [6, 7], "car_676": [4, 0], "car_675": [3, 1], "car_674": [5, 0], "car_673": [0, 7], "car_672": [6, 7], "car_671": [4, 7], "car_670": [2, 4], "car_2078": [0, 4], "car_2079": [2, 7], "car_2341": [2, 1], "car_2223": [6, 5], "car_789": [1, 2], "car_788": [7, 4], "car_2222": [3, 6], "car_783": [1, 6], "car_782": [5, 3], "car_781": [0, 2], "car_780": [4, 0], "car_787": [5, 1], "car_786": [0, 7], "car_785": [4, 6], "car_784": [3, 5], "car_2220": [6, 2], "car_0": [2, 7], "car_2227": [7, 3], "car_1179": [1, 4], "car_2375": [5, 0], "car_2226": [5, 2], "car_2225": [2, 0], "car_2224": [0, 1], "car_255": [0, 6], "car_254": [4, 7], "car_257": [7, 4], "car_256": [5, 3], "car_251": [2, 0], "car_250": [0, 3], "car_253": [3, 1], "car_252": [7, 1], "car_1961": [2, 3], "car_1960": [0, 2], "car_1963": [0, 5], "car_1962": [1, 2], "car_259": [0, 5], "car_258": [3, 4], "car_1967": [4, 2], "car_1966": [3, 4], "car_1170": [0, 6], "car_1171": [5, 1], "car_1565": [7, 1], "car_1564": [5, 3], "car_1567": [3, 2], "car_1566": [1, 3], "car_1561": [5, 4], "car_1560": [0, 6], "car_1563": [6, 0], "car_1562": [4, 0], "car_1569": [6, 3], "car_1568": [4, 1], "car_1413": [0, 1], "car_1363": [4, 6], "car_1362": [3, 2], "car_1361": [2, 3], "car_1360": [1, 5], "car_1367": [5, 6], "car_1366": [0, 6], "car_1365": [1, 7], "car_1364": [5, 3], "car_1369": [6, 0], "car_1368": [7, 3], "car_2376": [4, 1], "car_321": [1, 7], "car_320": [7, 1], "car_323": [1, 7], "car_322": [7, 6], "car_325": [0, 7], "car_324": [4, 3], "car_327": [7, 5], "car_326": [5, 1], "car_329": [3, 4], "car_328": [1, 7], "car_1107": [7, 5], "car_1106": [5, 4], "car_1105": [2, 1], "car_1104": [0, 5], "car_1103": [1, 7], "car_1102": [5, 0], "car_1101": [0, 7], "car_1100": [4, 6], "car_1109": [4, 6], "car_1108": [3, 2], "car_1297": [7, 6], "car_1296": [5, 0], "car_1295": [2, 1], "car_1294": [6, 1], "car_1293": [1, 6], "car_1292": [7, 6], "car_1291": [5, 1], "car_1290": [2, 7], "car_1299": [3, 1], "car_1298": [1, 5], "car_2036": [3, 5], "car_2037": [4, 7], "car_1039": [2, 7], "car_1038": [0, 7], "car_1749": [6, 1], "car_1748": [4, 7], "car_2030": [6, 2], "car_2031": [5, 6], "car_1033": [1, 6], "car_1032": [7, 5], "car_1031": [0, 7], "car_1030": [6, 1], "car_1037": [4, 5], "car_1036": [7, 1], "car_1035": [0, 3], "car_1034": [3, 6], "car_1589": [1, 3], "car_1588": [4, 5], "car_1583": [4, 3], "car_1582": [3, 6], "car_1581": [5, 3], "car_1580": [2, 4], "car_1587": [1, 4], "car_1586": [7, 4], "car_1585": [2, 0], "car_1584": [6, 0], "car_1852": [5, 7], "car_1906": [2, 0], "car_899": [4, 1], "car_898": [1, 6], "car_897": [7, 2], "car_896": [5, 4], "car_895": [2, 0], "car_894": [0, 3], "car_893": [6, 4], "car_892": [3, 7], "car_891": [7, 3], "car_890": [5, 0], "car_2108": [1, 3], "car_2109": [3, 0], "car_2102": [1, 0], "car_2103": [4, 7], "car_2100": [5, 3], "car_2101": [7, 0], "car_2106": [2, 7], "car_2107": [7, 6], "car_2104": [6, 1], "car_2105": [0, 2], "car_1631": [3, 5], "car_1630": [1, 2], "car_1633": [6, 5], "car_1632": [4, 7], "car_1635": [2, 5], "car_1634": [0, 3], "car_1637": [4, 7], "car_1636": [7, 6], "car_1639": [0, 2], "car_1638": [6, 0], "car_1751": [7, 3], "car_1756": [6, 0], "car_2414": [1, 4], "car_419": [0, 6], "car_418": [5, 3], "car_2218": [2, 0], "car_2219": [1, 5], "car_413": [2, 5], "car_412": [0, 1], "car_411": [1, 0], "car_410": [7, 3], "car_417": [2, 1], "car_416": [0, 6], "car_415": [4, 6], "car_414": [7, 2], "car_2417": [0, 1], "car_1679": [3, 7], "car_1678": [1, 7], "car_2412": [6, 0], "car_2413": [5, 6], "car_527": [6, 0], "car_526": [4, 0], "car_525": [3, 6], "car_524": [1, 4], "car_523": [2, 6], "car_522": [6, 0], "car_521": [4, 5], "car_520": [1, 4], "car_1671": [1, 2], "car_1889": [7, 3], "car_529": [7, 4], "car_528": [0, 4], "car_1884": [7, 5], "car_1885": [3, 5], "car_2368": [3, 1], "car_668": [4, 1], "car_669": [0, 3], "car_664": [6, 7], "car_665": [2, 4], "car_666": [1, 3], "car_667": [3, 6], "car_660": [7, 6], "car_661": [1, 2], "car_662": [3, 4], "car_663": [4, 1], "car_1854": [2, 0], "car_798": [0, 6], "car_799": [2, 3], "car_790": [4, 1], "car_791": [2, 0], "car_792": [7, 6], "car_793": [3, 7], "car_794": [6, 4], "car_795": [5, 2], "car_796": [3, 2], "car_797": [4, 2], "car_242": [3, 2], "car_243": [0, 4], "car_240": [7, 6], "car_241": [1, 5], "car_246": [0, 6], "car_247": [7, 6], "car_244": [5, 7], "car_245": [4, 2], "car_1914": [0, 7], "car_1915": [7, 5], "car_248": [4, 5], "car_249": [6, 2], "car_1910": [5, 0], "car_1911": [1, 6], "car_1912": [3, 6], "car_1913": [4, 2], "car_1356": [4, 7], "car_1357": [6, 2], "car_1354": [0, 1], "car_1355": [3, 1], "car_1352": [4, 3], "car_1353": [6, 2], "car_1350": [0, 5], "car_1351": [1, 5], "car_1358": [0, 2], "car_1359": [7, 4], "car_1831": [0, 7], "car_1820": [7, 3], "car_1821": [1, 7], "car_1822": [4, 1], "car_1823": [5, 6], "car_1824": [7, 1], "car_1825": [1, 7], "car_338": [1, 3], "car_339": [3, 0], "car_336": [0, 5], "car_337": [7, 5], "car_334": [1, 7], "car_335": [3, 6], "car_332": [5, 7], "car_333": [7, 6], "car_330": [0, 4], "car_331": [2, 6], "car_1138": [4, 2], "car_1139": [6, 2], "car_1132": [1, 3], "car_1133": [4, 7], "car_1130": [6, 3], "car_1131": [0, 1], "car_1136": [5, 1], "car_1137": [7, 3], "car_1134": [0, 3], "car_1135": [2, 5], "car_1839": [2, 4], "car_2393": [0, 2], "car_1838": [0, 1], "car_2392": [6, 3], "car_2029": [1, 6], "car_2028": [5, 0], "car_2021": [5, 3], "car_2020": [2, 1], "car_2023": [4, 5], "car_2022": [7, 0], "car_2025": [2, 6], "car_2024": [6, 2], "car_2027": [3, 7], "car_2026": [1, 7], "car_1008": [4, 3], "car_1009": [6, 1], "car_1006": [2, 0], "car_1007": [1, 3], "car_1004": [2, 7], "car_1005": [7, 0], "car_1002": [4, 1], "car_1003": [0, 1], "car_1000": [5, 6], "car_1001": [1, 5], "car_2398": [0, 1], "car_1924": [0, 4], "car_36": [4, 7], "car_37": [6, 0], "car_34": [5, 7], "car_35": [7, 5], "car_888": [4, 2], "car_889": [6, 7], "car_30": [3, 6], "car_31": [4, 2], "car_884": [2, 6], "car_885": [5, 3], "car_886": [1, 7], "car_887": [3, 4], "car_880": [5, 7], "car_881": [7, 6], "car_882": [4, 5], "car_883": [6, 2], "car_2119": [7, 6], "car_2118": [6, 5], "car_2115": [0, 3], "car_2114": [4, 5], "car_2117": [1, 0], "car_2116": [2, 4], "car_2111": [4, 3], "car_2110": [6, 3], "car_2113": [3, 6], "car_2112": [2, 3], "car_1644": [5, 3], "car_1645": [7, 3], "car_1646": [4, 1], "car_1647": [0, 6], "car_1640": [5, 6], "car_1641": [3, 5], "car_1642": [6, 1], "car_1643": [2, 5], "car_1648": [1, 4], "car_1649": [3, 4], "car_2159": [7, 4], "car_2158": [5, 1], "car_408": [0, 6], "car_409": [5, 4], "car_2203": [4, 3], "car_2202": [1, 4], "car_2205": [2, 7], "car_2204": [0, 3], "car_2207": [3, 5], "car_2206": [1, 5], "car_400": [0, 6], "car_401": [2, 0], "car_402": [1, 7], "car_403": [3, 7], "car_404": [0, 5], "car_405": [7, 2], "car_406": [4, 0], "car_407": [6, 7], "car_1769": [3, 0], "car_534": [7, 2], "car_535": [1, 6], "car_536": [4, 7], "car_537": [2, 5], "car_530": [1, 3], "car_531": [3, 1], "car_532": [6, 4], "car_533": [0, 4], "car_538": [7, 4], "car_539": [6, 5], "car_2310": [3, 1], "car_659": [5, 7], "car_658": [0, 4], "car_651": [4, 0], "car_650": [2, 7], "car_653": [2, 3], "car_652": [6, 3], "car_655": [3, 6], "car_654": [5, 7], "car_657": [6, 5], "car_656": [4, 7], "car_2434": [3, 4], "car_1929": [2, 7], "car_2195": [6, 0], "car_2194": [3, 6], "car_1764": [0, 1], "car_2197": [1, 0], "car_2196": [5, 7], "car_2191": [3, 0], "car_1928": [0, 2], "car_2190": [1, 2], "car_2193": [1, 0], "car_1909": [0, 6], "car_1908": [4, 5], "car_1907": [1, 3], "car_1763": [6, 5], "car_1905": [6, 7], "car_1904": [4, 6], "car_1903": [3, 0], "car_1902": [7, 6], "car_1901": [0, 1], "car_1900": [3, 0], "car_1349": [2, 7], "car_1348": [1, 6], "car_1762": [3, 7], "car_1341": [6, 7], "car_1340": [1, 2], "car_1343": [7, 6], "car_1342": [2, 7], "car_1345": [4, 1], "car_1344": [3, 5], "car_1347": [5, 2], "car_1346": [6, 1], "car_1833": [5, 2], "car_1832": [2, 7], "car_349": [3, 4], "car_348": [1, 5], "car_1837": [4, 3], "car_1836": [3, 2], "car_1835": [1, 6], "car_1834": [7, 6], "car_343": [1, 6], "car_342": [5, 0], "car_341": [6, 7], "car_340": [4, 0], "car_347": [7, 0], "car_346": [2, 3], "car_345": [4, 6], "car_344": [1, 5], "car_2325": [5, 0], "car_1129": [4, 3], "car_1128": [3, 1], "car_1125": [5, 4], "car_1124": [0, 6], "car_1127": [1, 4], "car_1126": [7, 6], "car_1121": [6, 5], "car_1120": [4, 0], "car_1123": [1, 5], "car_1122": [5, 7], "car_1402": [3, 5], "car_2320": [4, 6], "car_1403": [4, 3], "car_2321": [0, 6], "car_1400": [7, 3], "car_1401": [1, 6], "car_1406": [3, 6], "car_1407": [2, 4], "car_1404": [5, 7], "car_1405": [7, 1], "car_2058": [3, 1], "car_2059": [4, 5], "car_2054": [1, 2], "car_2055": [3, 7], "car_2056": [4, 1], "car_2057": [5, 1], "car_2050": [3, 7], "car_2051": [2, 4], "car_2052": [5, 6], "car_2053": [7, 6], "car_1011": [1, 6], "car_1010": [0, 7], "car_1013": [1, 4], "car_1012": [6, 4], "car_1015": [4, 7], "car_1014": [3, 0], "car_1017": [0, 3], "car_1016": [6, 2], "car_1019": [7, 6], "car_1018": [5, 3], "car_25": [6, 3], "car_24": [4, 6], "car_27": [4, 3], "car_26": [3, 2], "car_21": [5, 1], "car_20": [2, 5], "car_23": [2, 1], "car_22": [3, 5], "car_29": [5, 1], "car_28": [2, 7], "car_1657": [0, 6], "car_1656": [6, 7], "car_1655": [5, 6], "car_1654": [2, 4], "car_1653": [6, 0], "car_1652": [7, 6], "car_1651": [5, 3], "car_1650": [4, 3], "car_1659": [7, 2], "car_1658": [1, 2], "car_1969": [2, 0], "car_2315": [4, 7], "car_1843": [7, 4], "car_435": [6, 5], "car_434": [1, 0], "car_437": [2, 1], "car_436": [0, 6], "car_431": [3, 2], "car_430": [7, 0], "car_433": [2, 6], "car_432": [4, 1], "car_1846": [5, 6], "car_439": [2, 4], "car_438": [1, 3], "car_1847": [1, 4], "car_2274": [4, 2], "car_2275": [0, 1], "car_2276": [5, 3], "car_2277": [6, 0], "car_2270": [0, 1], "car_2271": [5, 0], "car_2272": [7, 5], "car_2273": [1, 4], "car_1845": [2, 6], "car_2278": [1, 7], "car_2279": [4, 6], "car_1848": [3, 2], "car_2289": [0, 5], "car_1968": [6, 5], "car_1849": [4, 3], "car_2288": [4, 3], "car_1965": [1, 3], "car_1964": [7, 1], "car_501": [0, 3], "car_500": [1, 0], "car_503": [4, 5], "car_502": [2, 1], "car_505": [3, 0], "car_504": [6, 1], "car_507": [6, 0], "car_506": [4, 6], "car_509": [5, 7], "car_508": [2, 5], "car_2302": [6, 1], "car_2303": [5, 2], "car_2304": [4, 2], "car_2305": [6, 7], "car_2306": [0, 7], "car_2307": [5, 0], "car_2281": [2, 4], "car_1745": [2, 3], "car_2280": [0, 1], "car_646": [4, 5], "car_647": [5, 0], "car_644": [1, 7], "car_645": [3, 4], "car_642": [5, 7], "car_643": [7, 2], "car_640": [3, 1], "car_641": [2, 0], "car_2314": [3, 7], "car_648": [6, 7], "car_649": [0, 6], "car_1830": [4, 5], "car_2420": [1, 4], "car_1932": [4, 6], "car_1933": [2, 4], "car_1930": [1, 2], "car_1931": [3, 1], "car_1936": [0, 1], "car_1937": [5, 3], "car_1934": [3, 7], "car_1935": [4, 0], "car_1938": [7, 2], "car_1939": [3, 4], "car_1717": [2, 3], "car_1338": [5, 0], "car_1339": [7, 6], "car_1334": [5, 0], "car_1335": [7, 4], "car_1336": [1, 6], "car_1337": [0, 2], "car_1330": [2, 6], "car_1331": [5, 2], "car_1332": [6, 4], "car_1333": [2, 7], "car_1711": [3, 4], "car_358": [0, 3], "car_359": [2, 7], "car_1804": [6, 2], "car_1805": [5, 0], "car_1802": [7, 3], "car_1803": [1, 4], "car_1800": [0, 6], "car_1801": [2, 7], "car_350": [4, 2], "car_351": [6, 0], "car_352": [0, 7], "car_353": [5, 6], "car_354": [0, 7], "car_355": [7, 1], "car_356": [1, 0], "car_357": [6, 5], "car_1482": [6, 3], "car_1483": [7, 5], "car_1480": [1, 0], "car_1481": [3, 1], "car_1486": [0, 6], "car_1487": [2, 0], "car_1484": [3, 1], "car_1485": [6, 5], "car_1488": [3, 2], "car_1489": [4, 7], "car_1240": [7, 1], "car_1241": [4, 6], "car_1242": [0, 1], "car_1243": [2, 4], "car_1244": [5, 6], "car_1245": [7, 6], "car_1246": [1, 7], "car_1247": [4, 0], "car_1248": [6, 7], "car_1249": [0, 3], "car_1747": [3, 2], "car_2374": [1, 6], "car_1879": [2, 5], "car_2049": [5, 0], "car_2048": [2, 4], "car_2047": [1, 3], "car_2046": [2, 4], "car_2045": [0, 4], "car_2044": [6, 2], "car_2043": [4, 0], "car_2042": [3, 7], "car_2041": [1, 6], "car_2040": [7, 3], "car_1064": [2, 0], "car_1065": [7, 3], "car_1066": [1, 6], "car_1067": [3, 1], "car_1060": [4, 3], "car_1061": [0, 4], "car_1062": [7, 1], "car_1063": [6, 7], "car_1068": [6, 1], "car_1069": [0, 1], "car_1798": [4, 2], "car_1799": [6, 7], "car_10": [3, 4], "car_11": [5, 6], "car_12": [3, 2], "car_13": [6, 7], "car_14": [0, 7], "car_15": [5, 2], "car_16": [3, 7], "car_17": [4, 7], "car_18": [6, 1], "car_19": [0, 5], "car_1668": [7, 4], "car_1669": [3, 2], "car_1662": [0, 5], "car_1663": [2, 7], "car_1660": [1, 4], "car_1661": [6, 1], "car_1666": [2, 6], "car_1667": [5, 1], "car_1664": [6, 1], "car_1665": [0, 3], "car_1468": [1, 6], "car_1469": [3, 1], "car_1460": [6, 5], "car_1461": [2, 3], "car_1462": [5, 6], "car_1463": [3, 5], "car_1464": [7, 6], "car_1465": [4, 7], "car_1466": [6, 1], "car_1467": [7, 2], "car_422": [3, 6], "car_423": [4, 6], "car_420": [2, 0], "car_421": [5, 3], "car_426": [6, 2], "car_427": [0, 2], "car_424": [7, 1], "car_425": [3, 7], "car_428": [7, 0], "car_429": [0, 6], "car_2377": [6, 5], "car_2267": [0, 7], "car_2266": [4, 2], "car_2265": [3, 1], "car_2264": [5, 1], "car_2263": [2, 0], "car_2262": [6, 5], "car_2261": [4, 3], "car_2260": [3, 5], "car_2371": [2, 5], "car_2269": [1, 5], "car_2268": [7, 1], "car_2373": [7, 3], "car_2372": [5, 2], "car_2008": [6, 3], "car_2370": [6, 4], "car_2319": [3, 2], "car_2318": [5, 4], "car_518": [0, 5], "car_519": [7, 5], "car_516": [3, 4], "car_517": [4, 0], "car_514": [2, 7], "car_515": [7, 1], "car_512": [1, 7], "car_513": [6, 0], "car_510": [3, 5], "car_511": [0, 4], "car_1870": [0, 6], "car_633": [4, 2], "car_632": [3, 1], "car_631": [2, 4], "car_630": [0, 1], "car_637": [2, 7], "car_636": [6, 1], "car_635": [5, 3], "car_634": [0, 4], "car_639": [7, 4], "car_638": [5, 0], "car_189": [1, 2], "car_188": [2, 1], "car_185": [1, 2], "car_184": [5, 0], "car_187": [0, 3], "car_186": [4, 6], "car_181": [3, 4], "car_180": [1, 5], "car_183": [2, 3], "car_182": [4, 2], "car_749": [3, 5], "car_748": [5, 6], "car_747": [6, 5], "car_746": [4, 3], "car_745": [3, 5], "car_744": [1, 4], "car_743": [7, 1], "car_742": [2, 4], "car_741": [0, 4], "car_740": [4, 6], "car_2131": [0, 2], "car_299": [1, 7], "car_298": [7, 5], "car_1927": [3, 1], "car_1926": [1, 5], "car_1921": [4, 3], "car_1920": [1, 2], "car_1923": [0, 1], "car_1922": [6, 3], "car_291": [0, 4], "car_290": [4, 0], "car_293": [5, 2], "car_292": [2, 7], "car_295": [4, 1], "car_294": [3, 6], "car_297": [5, 3], "car_296": [2, 6], "car_1329": [0, 4], "car_1328": [6, 5], "car_1327": [4, 3], "car_1326": [3, 6], "car_1325": [1, 7], "car_1324": [5, 0], "car_1323": [2, 6], "car_1322": [6, 4], "car_1321": [4, 7], "car_1320": [5, 2], "car_365": [0, 2], "car_364": [6, 1], "car_367": [7, 4], "car_366": [5, 3], "car_361": [1, 7], "car_360": [5, 3], "car_363": [4, 2], "car_362": [3, 0], "car_1811": [7, 1], "car_1810": [5, 0], "car_1813": [4, 2], "car_1812": [1, 4], "car_369": [3, 5], "car_368": [1, 2], "car_1817": [1, 5], "car_1816": [6, 0], "car_167": [5, 4], "car_166": [0, 7], "car_165": [4, 6], "car_164": [1, 7], "car_163": [2, 6], "car_162": [4, 2], "car_161": [3, 2], "car_160": [2, 4], "car_169": [1, 0], "car_168": [7, 6], "car_1495": [7, 1], "car_1494": [0, 7], "car_1497": [3, 7], "car_1496": [1, 5], "car_1491": [5, 1], "car_1490": [2, 7], "car_1493": [6, 4], "car_1492": [3, 4], "car_1499": [0, 5], "car_1498": [6, 7], "car_1253": [4, 3], "car_1252": [7, 4], "car_1251": [5, 3], "car_1250": [2, 0], "car_1257": [1, 0], "car_1256": [7, 2], "car_1255": [5, 0], "car_1254": [0, 5], "car_1259": [0, 2], "car_1258": [4, 0], "car_1868": [3, 0], "car_1789": [3, 4], "car_1788": [5, 1], "car_2070": [1, 2], "car_2071": [3, 2], "car_2076": [3, 4], "car_2077": [4, 7], "car_2074": [5, 1], "car_2075": [7, 1], "car_1781": [2, 5], "car_1780": [6, 1], "car_1783": [7, 3], "car_1782": [5, 0], "car_1785": [4, 3], "car_1784": [3, 7], "car_1787": [2, 3], "car_1786": [0, 2], "car_1077": [4, 1], "car_1076": [7, 1], "car_1075": [5, 4], "car_1074": [6, 4], "car_1073": [4, 5], "car_1072": [1, 2], "car_1071": [4, 5], "car_1070": [7, 0], "car_1079": [3, 2], "car_1078": [1, 2], "car_2139": [1, 7], "car_2034": [4, 6], "car_2300": [3, 2], "car_2035": [0, 5], "car_2301": [4, 0], "car_2032": [1, 5], "car_2033": [3, 1], "car_2138": [5, 4], "car_985": [1, 0], "car_984": [7, 4], "car_987": [6, 5], "car_986": [3, 1], "car_981": [1, 4], "car_980": [7, 5], "car_983": [2, 7], "car_982": [4, 5], "car_1675": [2, 3], "car_1674": [6, 1], "car_1677": [7, 1], "car_1676": [5, 0], "car_989": [1, 0], "car_988": [7, 5], "car_1673": [4, 0], "car_1672": [3, 6], "car_1479": [7, 5], "car_1478": [6, 1], "car_1473": [6, 4], "car_1472": [7, 6], "car_1471": [5, 0], "car_1470": [0, 1], "car_1477": [3, 0], "car_1476": [7, 3], "car_1475": [5, 4], "car_1474": [0, 1], "car_1743": [1, 5], "car_1742": [7, 4], "car_2258": [2, 6], "car_2259": [7, 0], "car_2252": [0, 7], "car_2253": [5, 1], "car_2250": [4, 5], "car_2251": [6, 0], "car_2256": [4, 6], "car_2257": [6, 2], "car_2254": [7, 4], "car_2255": [1, 3], "car_2098": [7, 4], "car_2099": [3, 4], "car_2090": [3, 0], "car_2091": [4, 6], "car_2092": [6, 2], "car_2093": [0, 5], "car_2094": [5, 0], "car_2095": [1, 6], "car_2096": [3, 6], "car_2097": [5, 2], "car_569": [2, 3], "car_568": [0, 1], "car_2328": [5, 0], "car_2329": [7, 0], "car_563": [2, 5], "car_562": [0, 4], "car_561": [6, 3], "car_560": [4, 7], "car_567": [3, 2], "car_566": [1, 4], "car_565": [7, 5], "car_564": [5, 4], "car_2331": [3, 6], "car_620": [5, 3], "car_621": [7, 5], "car_622": [1, 3], "car_623": [0, 5], "car_624": [2, 3], "car_625": [5, 6], "car_626": [5, 1], "car_627": [7, 0], "car_628": [4, 2], "car_629": [6, 3], "car_1869": [6, 1], "car_1866": [2, 3], "car_1867": [7, 6], "car_198": [0, 5], "car_199": [7, 5], "car_192": [6, 2], "car_193": [0, 2], "car_190": [3, 5], "car_191": [4, 6], "car_196": [3, 0], "car_197": [6, 4], "car_194": [2, 6], "car_195": [5, 1], "car_758": [0, 7], "car_759": [2, 4], "car_754": [1, 5], "car_755": [3, 1], "car_756": [4, 7], "car_757": [6, 1], "car_750": [6, 1], "car_751": [0, 6], "car_752": [5, 2], "car_753": [7, 2], "car_1940": [0, 7], "car_286": [4, 1], "car_287": [6, 2], "car_284": [2, 7], "car_285": [7, 6], "car_282": [6, 7], "car_283": [0, 1], "car_280": [1, 2], "car_281": [3, 0], "car_1949": [3, 6], "car_288": [0, 3], "car_289": [3, 2], "car_1948": [1, 5], "car_1312": [6, 0], "car_1313": [2, 4], "car_1310": [0, 2], "car_1311": [5, 4], "car_1316": [2, 0], "car_1317": [1, 0], "car_1314": [1, 3], "car_1315": [4, 6], "car_1318": [3, 6], "car_1319": [0, 3], "car_372": [3, 5], "car_373": [2, 1], "car_370": [4, 6], "car_371": [7, 0], "car_376": [2, 4], "car_377": [1, 3], "car_374": [5, 6], "car_375": [7, 5], "car_1864": [6, 1], "car_1865": [0, 3], "car_378": [4, 6], "car_379": [6, 1], "car_1860": [5, 6], "car_1861": [1, 3], "car_1862": [3, 1], "car_1863": [4, 2], "car_174": [3, 0], "car_175": [2, 5], "car_176": [1, 6], "car_177": [4, 5], "car_170": [4, 3], "car_171": [2, 1], "car_172": [7, 5], "car_173": [1, 2], "car_178": [0, 6], "car_179": [5, 7], "car_2338": [2, 6], "car_1266": [5, 7], "car_1267": [7, 5], "car_1264": [0, 3], "car_1265": [5, 0], "car_1262": [1, 5], "car_1263": [4, 3], "car_1260": [5, 2], "car_1261": [7, 5], "car_1268": [1, 7], "car_1269": [3, 6], "car_2406": [7, 2], "car_2065": [2, 3], "car_2064": [7, 2], "car_1048": [4, 0], "car_1049": [0, 7], "car_2061": [0, 3], "car_2060": [6, 1], "car_2063": [5, 2], "car_2062": [2, 3], "car_1042": [4, 0], "car_1043": [0, 7], "car_1040": [5, 2], "car_1041": [7, 1], "car_1046": [0, 5], "car_1047": [7, 6], "car_1044": [3, 0], "car_1045": [4, 5], "car_2404": [1, 3], "car_78": [4, 7], "car_79": [4, 7], "car_72": [7, 4], "car_73": [1, 2], "car_70": [0, 2], "car_71": [2, 3], "car_76": [5, 6], "car_77": [3, 4], "car_74": [4, 1], "car_75": [2, 4], "car_992": [2, 5], "car_993": [7, 2], "car_990": [4, 7], "car_991": [6, 5], "car_996": [4, 3], "car_997": [6, 2], "car_994": [1, 7], "car_995": [3, 1], "car_1688": [5, 1], "car_1689": [7, 1], "car_998": [0, 3], "car_999": [2, 1], "car_2409": [4, 6], "car_2408": [3, 5], "car_1448": [6, 0], "car_1449": [7, 0], "car_1446": [3, 6], "car_1447": [4, 6], "car_1444": [6, 0], "car_1445": [2, 1], "car_1442": [7, 1], "car_1443": [3, 4], "car_1440": [2, 7], "car_1441": [5, 2], "car_2401": [1, 5], "car_2249": [3, 5], "car_2248": [1, 6], "car_2245": [6, 4], "car_2244": [3, 6], "car_2247": [7, 3], "car_2246": [5, 2], "car_2241": [6, 5], "car_2240": [4, 1], "car_2243": [5, 3], "car_2242": [2, 7], "car_2089": [7, 4], "car_2088": [5, 6], "car_2083": [4, 5], "car_2082": [5, 3], "car_2081": [6, 5], "car_2080": [4, 5], "car_2087": [6, 7], "car_2086": [4, 7], "car_2085": [3, 5], "car_2084": [0, 2], "car_578": [1, 2], "car_579": [3, 0], "car_2333": [2, 4], "car_2332": [0, 5], "car_2335": [7, 5], "car_2334": [5, 0], "car_2337": [0, 4], "car_553": [4, 6], "car_570": [1, 6], "car_571": [3, 0], "car_572": [4, 0], "car_573": [7, 4], "car_574": [1, 4], "car_806": [2, 1], "car_576": [6, 3], "car_577": [2, 4], "car_807": [5, 1], "car_800": [5, 3], "car_801": [7, 2], "car_802": [6, 2], "car_2192": [6, 5], "car_803": [0, 1], "car_2067": [6, 1], "car_2066": [5, 3], "car_619": [2, 7], "car_618": [4, 6], "car_615": [2, 3], "car_614": [4, 0], "car_617": [7, 1], "car_616": [5, 6], "car_611": [0, 2], "car_610": [6, 1], "car_613": [3, 0], "car_612": [7, 6], "car_2151": [5, 6], "car_2150": [0, 7], "car_2069": [7, 5], "car_2068": [5, 1], "car_769": [2, 4], "car_768": [0, 2], "car_761": [7, 5], "car_760": [5, 0], "car_763": [6, 0], "car_762": [4, 7], "car_765": [6, 3], "car_764": [1, 6], "car_767": [4, 6], "car_766": [5, 3], "car_2216": [5, 2], "car_2217": [4, 1], "car_2330": [1, 5], "car_2214": [0, 1], "car_2215": [2, 1], "car_2212": [3, 1], "car_2213": [6, 7], "car_2210": [0, 6], "car_2211": [1, 3], "car_575": [4, 3], "car_1305": [3, 5], "car_1304": [7, 5], "car_1307": [7, 5], "car_1306": [5, 4], "car_1301": [0, 4], "car_1300": [4, 7], "car_1303": [5, 4], "car_1302": [2, 0], "car_1309": [6, 0], "car_1308": [3, 2], "car_389": [2, 5], "car_388": [4, 0], "car_387": [3, 1], "car_386": [2, 7], "car_385": [0, 7], "car_384": [6, 3], "car_383": [3, 5], "car_382": [7, 3], "car_381": [5, 3], "car_380": [2, 4], "car_141": [5, 4], "car_140": [2, 4], "car_143": [7, 4], "car_142": [7, 1], "car_145": [3, 0], "car_144": [1, 6], "car_147": [0, 6], "car_146": [6, 3], "car_149": [0, 6], "car_148": [3, 4], "car_2407": [1, 7], "car_1279": [4, 0], "car_1278": [7, 4], "car_1271": [2, 0], "car_1270": [6, 0], "car_1273": [1, 3], "car_1272": [5, 1], "car_1275": [4, 6], "car_1274": [3, 6], "car_1277": [0, 1], "car_1276": [6, 3], "car_2326": [4, 0], "car_2327": [2, 7], "car_1059": [3, 4], "car_1058": [7, 0], "car_1055": [0, 2], "car_1054": [6, 7], "car_1057": [5, 6], "car_1056": [2, 0], "car_1051": [1, 2], "car_1050": [5, 4], "car_1053": [4, 0], "car_1052": [3, 2], "car_2415": [3, 7], "car_2416": [6, 3], "car_69": [6, 4], "car_68": [4, 2], "car_2438": [1, 4], "car_2439": [3, 5], "car_61": [0, 2], "car_60": [6, 2], "car_63": [5, 2], "car_62": [2, 4], "car_65": [2, 3], "car_64": [7, 2], "car_67": [3, 5], "car_66": [7, 6], "car_1693": [0, 2], "car_1692": [6, 5], "car_1691": [4, 5], "car_1690": [1, 6], "car_1697": [7, 3], "car_1696": [6, 1], "car_969": [2, 0], "car_968": [0, 4], "car_967": [6, 7], "car_966": [1, 7], "car_965": [7, 6], "car_964": [2, 5], "car_963": [6, 7], "car_962": [4, 6], "car_961": [3, 5], "car_960": [7, 3], "car_1451": [3, 4], "car_1450": [1, 7], "car_1453": [2, 3], "car_1452": [0, 2], "car_1455": [6, 1], "car_1454": [1, 4], "car_1457": [0, 1], "car_1456": [1, 5], "car_1459": [4, 0], "car_1458": [1, 4], "car_2410": [7, 4], "car_2411": [3, 7], "car_1680": [4, 3], "car_1681": [6, 3], "car_1682": [0, 1], "car_1683": [5, 6], "car_1684": [4, 1], "car_1685": [0, 1], "car_1891": [0, 4], "car_1686": [7, 5], "car_1890": [3, 7], "car_1687": [6, 0], "car_1893": [5, 2], "car_545": [2, 6], "car_544": [4, 2], "car_547": [7, 3], "car_546": [5, 3], "car_541": [5, 1], "car_540": [0, 1], "car_543": [1, 0], "car_542": [7, 1], "car_1895": [3, 2], "car_549": [4, 1], "car_548": [3, 6], "car_819": [1, 4], "car_818": [7, 0], "car_2344": [0, 5], "car_2345": [2, 5], "car_2346": [0, 6], "car_2347": [2, 7], "car_2340": [3, 5], "car_1897": [0, 7], "car_2342": [7, 0], "car_2343": [3, 0], "car_2405": [0, 4], "car_1896": [4, 5], "car_2348": [1, 5], "car_2349": [4, 7], "car_33": [2, 4], "car_1767": [2, 5], "car_1766": [0, 3], "car_1765": [1, 5], "car_608": [4, 3], "car_609": [0, 5], "car_602": [3, 7], "car_603": [6, 1], "car_600": [0, 6], "car_601": [1, 6], "car_606": [1, 2], "car_607": [3, 2], "car_604": [0, 1], "car_605": [7, 2], "car_1761": [7, 2], "car_1760": [2, 4], "car_776": [4, 5], "car_777": [6, 4], "car_774": [5, 1], "car_775": [7, 1], "car_772": [4, 2], "car_773": [2, 6], "car_770": [5, 7], "car_771": [3, 7], "car_1768": [1, 2], "car_778": [0, 5], "car_779": [7, 6], "car_2418": [2, 6], "car_1750": [5, 7], "car_2419": [5, 2], "car_1994": [5, 1], "car_1995": [7, 2], "car_1996": [1, 3], "car_1997": [4, 0], "car_1990": [1, 0], "car_1991": [3, 1], "car_1992": [6, 1], "car_1993": [2, 3], "car_1998": [0, 3], "car_1999": [5, 6], "car_1842": [5, 0], "car_1806": [3, 6], "car_1840": [5, 4], "car_1841": [3, 6], "car_398": [2, 4], "car_399": [4, 5], "car_1844": [0, 6], "car_1807": [6, 5], "car_394": [5, 0], "car_395": [7, 4], "car_396": [4, 7], "car_397": [0, 2], "car_390": [5, 4], "car_391": [7, 3], "car_392": [1, 6], "car_393": [2, 3], "car_158": [4, 6], "car_159": [0, 7], "car_156": [2, 0], "car_157": [1, 7], "car_154": [6, 2], "car_155": [0, 6], "car_152": [0, 7], "car_153": [1, 0], "car_150": [5, 2], "car_151": [7, 3], "car_1208": [0, 3], "car_1209": [5, 7], "car_1204": [6, 4], "car_1205": [2, 3], "car_1206": [7, 6], "car_1207": [3, 0], "car_1200": [6, 1], "car_1201": [2, 6], "car_1202": [5, 7], "car_1203": [3, 6], "car_2403": [2, 7], "car_1808": [0, 7], "car_1809": [2, 5], "car_1510": [2, 6], "car_1511": [5, 1], "car_1512": [7, 4], "car_1513": [2, 6], "car_1514": [3, 4], "car_1515": [0, 3], "car_1516": [5, 6], "car_1517": [7, 2], "car_1518": [1, 5], "car_1519": [3, 1], "car_1198": [5, 7], "car_1199": [3, 4], "car_1194": [1, 0], "car_1195": [3, 7], "car_1196": [4, 6], "car_1197": [7, 0], "car_1190": [4, 2], "car_1191": [6, 7], "car_1192": [2, 3], "car_1193": [7, 4], "car_2429": [3, 2], "car_2428": [1, 0], "car_2425": [4, 2], "car_2424": [1, 5], "car_2427": [2, 7], "car_2426": [0, 5], "car_2421": [6, 1], "car_2126": [3, 0], "car_2423": [7, 5], "car_2422": [5, 7], "car_2127": [2, 5], "car_978": [0, 7], "car_979": [2, 1], "car_974": [5, 6], "car_975": [7, 2], "car_976": [4, 0], "car_977": [5, 6], "car_970": [3, 2], "car_971": [4, 3], "car_972": [6, 1], "car_973": [2, 7], "car_1424": [5, 4], "car_1425": [1, 3], "car_1426": [4, 5], "car_1427": [6, 4], "car_1420": [3, 6], "car_1421": [4, 1], "car_1422": [6, 3], "car_1423": [0, 4], "car_2402": [0, 3], "car_1428": [5, 6], "car_1429": [7, 4], "car_2128": [7, 0], "car_2129": [1, 5], "car_1738": [5, 3], "car_1739": [7, 4], "car_1730": [4, 5], "car_1731": [0, 1], "car_1732": [0, 7], "car_1733": [7, 4], "car_1734": [1, 3], "car_1735": [4, 1], "car_1736": [6, 1], "car_1737": [2, 3], "car_54": [6, 2], "car_55": [7, 1], "car_56": [4, 7], "car_57": [5, 1], "car_50": [5, 4], "car_51": [7, 2], "car_52": [1, 6], "car_53": [4, 2], "car_58": [7, 2], "car_59": [1, 0], "car_552": [1, 2], "car_805": [6, 2], "car_550": [2, 6], "car_551": [7, 5], "car_556": [7, 6], "car_557": [1, 7], "car_554": [0, 4], "car_555": [2, 1], "car_558": [4, 3], "car_559": [7, 3], "car_808": [7, 1], "car_809": [1, 2], "car_2357": [3, 6], "car_2356": [1, 2], "car_2355": [7, 4], "car_2354": [5, 4], "car_2353": [2, 6], "car_2352": [0, 3], "car_2351": [3, 5], "car_2350": [2, 0], "car_2359": [2, 1], "car_2358": [0, 7], "car_1757": [0, 6], "car_2339": [7, 0], "car_703": [1, 7], "car_702": [2, 6], "car_701": [0, 4], "car_700": [5, 6], "car_707": [5, 7], "car_706": [2, 1], "car_705": [0, 2], "car_704": [4, 1], "car_709": [4, 2], "car_708": [1, 0], "car_2221": [2, 0], "car_2308": [2, 0], "car_2400": [7, 4], "car_2309": [7, 3], "car_1987": [0, 7], "car_1986": [6, 7], "car_1985": [4, 6], "car_1984": [1, 4], "car_1983": [2, 4], "car_1982": [0, 2], "car_1981": [6, 1], "car_1980": [1, 4], "car_1989": [7, 3], "car_1988": [2, 4], "car_1855": [5, 4], "car_1796": [5, 4], "car_1857": [4, 5], "car_1856": [3, 2], "car_1851": [2, 6], "car_1850": [0, 5], "car_1853": [3, 0], "car_1797": [3, 0], "car_2336": [1, 6], "car_1859": [0, 3], "car_1794": [0, 4], "car_2230": [0, 5], "car_129": [7, 2], "car_128": [5, 2], "car_2231": [2, 1], "car_123": [1, 0], "car_122": [7, 3], "car_121": [5, 2], "car_120": [2, 1], "car_127": [0, 5], "car_126": [6, 4], "car_125": [1, 4], "car_124": [0, 7], "car_1790": [6, 1], "car_1219": [0, 1], "car_1218": [6, 4], "car_1217": [4, 7], "car_1216": [3, 2], "car_1215": [7, 5], "car_1214": [5, 7], "car_1213": [2, 5], "car_1212": [0, 3], "car_1211": [3, 1], "car_1210": [1, 6], "car_1415": [4, 1], "car_1414": [7, 3], "car_1417": [0, 7], "car_1416": [6, 3], "car_1411": [4, 2], "car_1410": [1, 2], "car_237": [2, 4], "car_236": [0, 3], "car_235": [3, 0], "car_234": [1, 0], "car_233": [5, 2], "car_232": [2, 7], "car_231": [0, 2], "car_230": [6, 7], "car_1412": [6, 1], "car_239": [3, 6], "car_238": [5, 3], "car_1503": [6, 4], "car_1502": [4, 1], "car_1501": [1, 7], "car_1500": [7, 5], "car_1507": [2, 3], "car_1506": [6, 3], "car_1505": [4, 6], "car_1504": [1, 0], "car_1509": [1, 3], "car_1508": [7, 2], "car_1189": [3, 0], "car_1188": [7, 2], "car_1187": [5, 0], "car_1186": [0, 4], "car_1185": [3, 2], "car_1184": [7, 5], "car_1183": [0, 6], "car_1182": [6, 3], "car_1181": [4, 5], "car_1180": [3, 0], "car_2182": [7, 3], "car_2183": [3, 4], "car_2180": [3, 0], "car_2181": [6, 0], "car_2186": [0, 6], "car_2187": [2, 4], "car_2184": [4, 1], "car_2185": [6, 0], "car_2188": [5, 1], "car_2189": [7, 0], "car_949": [0, 5], "car_948": [6, 4], "car_941": [5, 4], "car_940": [0, 1], "car_943": [1, 4], "car_942": [7, 1], "car_945": [7, 4], "car_944": [5, 6], "car_947": [4, 0], "car_946": [3, 2], "car_1437": [1, 3], "car_1436": [7, 6], "car_1435": [5, 4], "car_1434": [2, 7], "car_1433": [0, 4], "car_1432": [6, 4], "car_1431": [4, 5], "car_1430": [3, 1], "car_1439": [0, 5], "car_1438": [3, 7], "car_2238": [5, 7], "car_493": [2, 0], "car_492": [6, 1], "car_491": [4, 3], "car_490": [3, 4], "car_497": [2, 3], "car_496": [0, 4], "car_495": [6, 2], "car_494": [1, 6], "car_499": [7, 1], "car_498": [5, 1], "car_2296": [2, 5], "car_2297": [1, 7], "car_2294": [4, 0], "car_2239": [3, 5], "car_2292": [1, 4], "car_2293": [3, 1], "car_2290": [2, 7], "car_2291": [5, 3], "car_1918": [2, 5], "car_2298": [2, 4], "car_1919": [7, 5], "car_1729": [6, 7], "car_1728": [5, 3], "car_1723": [2, 3], "car_1722": [0, 3], "car_1721": [4, 7], "car_1720": [3, 6], "car_1727": [2, 6], "car_1726": [6, 3], "car_1725": [1, 5], "car_1724": [5, 4], "car_43": [0, 5], "car_42": [3, 2], "car_41": [1, 4], "car_40": [5, 2], "car_47": [3, 7], "car_46": [1, 4], "car_45": [5, 6], "car_44": [2, 1], "car_49": [0, 2], "car_48": [4, 5], "car_1916": [4, 0], "car_1917": [0, 6], "car_1858": [6, 7], "car_831": [6, 5], "car_830": [4, 3], "car_833": [1, 3], "car_832": [5, 4], "car_835": [0, 2], "car_834": [2, 3], "car_837": [5, 4], "car_836": [2, 4], "car_839": [6, 1], "car_838": [4, 1], "car_2360": [3, 2], "car_2361": [4, 6], "car_2366": [5, 6], "car_2367": [1, 4], "car_2364": [0, 7], "car_2365": [2, 0], "car_2168": [4, 5], "car_2169": [6, 2], "car_2160": [1, 6], "car_2161": [3, 1], "car_2162": [4, 6], "car_2163": [0, 4], "car_2164": [5, 7], "car_2165": [7, 4], "car_2166": [1, 6], "car_2167": [0, 7], "car_1941": [2, 1], "car_710": [6, 5], "car_711": [1, 0], "car_712": [3, 1], "car_713": [4, 6], "car_714": [3, 0], "car_715": [4, 3], "car_716": [6, 0], "car_717": [2, 5], "car_718": [5, 1], "car_719": [7, 3], "car_1892": [2, 4], "car_1894": [7, 0], "car_138": [4, 6], "car_139": [0, 7], "car_130": [1, 7], "car_131": [2, 3], "car_132": [5, 0], "car_133": [7, 5], "car_134": [3, 4], "car_135": [7, 3], "car_136": [1, 0], "car_137": [3, 6], "car_1222": [4, 1], "car_1223": [0, 6], "car_1220": [2, 0], "car_1221": [1, 6], "car_1226": [7, 5], "car_1227": [3, 2], "car_1224": [7, 1], "car_1225": [5, 4], "car_1886": [4, 7], "car_1887": [6, 0], "car_1228": [5, 3], "car_1229": [4, 2], "car_1882": [1, 5], "car_1883": [4, 0], "car_1880": [5, 1], "car_1881": [7, 3], "car_224": [4, 0], "car_225": [3, 2], "car_226": [4, 7], "car_227": [6, 4], "car_220": [5, 4], "car_221": [1, 3], "car_222": [3, 6], "car_223": [3, 2], "car_228": [0, 1], "car_229": [2, 6], "car_1086": [4, 2], "car_1087": [6, 1], "car_1084": [2, 1], "car_1085": [1, 7], "car_1082": [1, 5], "car_1083": [6, 2], "car_1080": [6, 2], "car_1081": [5, 3], "car_1088": [0, 5], "car_1089": [2, 4], "car_1536": [0, 7], "car_1537": [2, 7], "car_1534": [1, 3], "car_1535": [6, 2], "car_1532": [4, 5], "car_1533": [0, 3], "car_1530": [1, 4], "car_1531": [3, 6], "car_1538": [7, 3], "car_1539": [1, 6], "car_956": [1, 3], "car_957": [3, 6], "car_954": [5, 3], "car_955": [7, 0], "car_952": [3, 0], "car_953": [2, 0], "car_950": [5, 2], "car_951": [7, 2], "car_1827": [6, 2], "car_2199": [6, 4], "car_2198": [3, 4], "car_958": [4, 6], "car_959": [0, 5], "car_1158": [2, 4], "car_1159": [5, 6], "car_1408": [5, 6], "car_1409": [7, 1], "car_1829": [1, 0], "car_1150": [7, 5], "car_1151": [3, 4], "car_1152": [2, 1], "car_1153": [5, 4], "car_1154": [3, 7], "car_1155": [4, 6], "car_1156": [6, 0], "car_1157": [0, 4], "car_2380": [7, 0], "car_2381": [1, 7], "car_2382": [6, 0], "car_2383": [7, 1], "car_1826": [3, 1], "car_480": [1, 7], "car_481": [6, 0], "car_482": [2, 1], "car_483": [7, 4], "car_484": [0, 2], "car_485": [4, 0], "car_486": [6, 4], "car_487": [0, 6], "car_488": [7, 5], "car_489": [1, 2], "car_2283": [3, 5], "car_2282": [1, 0], "car_2285": [0, 7], "car_2284": [4, 1], "car_2287": [5, 4], "car_2286": [2, 1], "car_853": [4, 3], "car_852": [1, 4], "car_851": [5, 6], "car_582": [2, 3], "car_1718": [5, 2], "car_1719": [1, 5], "car_1716": [6, 1], "car_857": [7, 3], "car_1714": [5, 7], "car_1715": [7, 1], "car_1712": [4, 7], "car_1713": [0, 3], "car_1710": [1, 2], "car_856": [5, 3], "car_1828": [0, 1], "car_855": [2, 6], "car_854": [6, 7], "car_2379": [5, 7], "car_2378": [0, 5], "car_828": [7, 3], "car_829": [1, 6], "car_826": [6, 4], "car_827": [2, 4], "car_824": [7, 0], "car_825": [1, 3], "car_822": [0, 3], "car_823": [2, 1], "car_820": [3, 0], "car_821": [6, 2], "car_2179": [1, 0], "car_2178": [2, 4], "car_2173": [2, 4], "car_2172": [6, 2], "car_2171": [2, 1], "car_2170": [0, 6], "car_2177": [0, 5], "car_2176": [6, 0], "car_2175": [3, 5], "car_2174": [1, 7], "car_729": [6, 0], "car_728": [4, 3], "car_725": [0, 5], "car_724": [4, 1], "car_727": [7, 3], "car_726": [5, 6], "car_721": [4, 2], "car_720": [1, 3], "car_723": [3, 7], "car_722": [5, 4], "car_1795": [2, 4], "car_1792": [1, 4], "car_1793": [6, 3], "car_2440": [6, 2], "car_105": [1, 7], "car_104": [7, 2], "car_107": [7, 6], "car_106": [2, 7], "car_101": [0, 5], "car_100": [3, 5], "car_103": [5, 3], "car_102": [2, 4], "car_1888": [5, 0], "car_109": [4, 5], "car_108": [1, 5], "car_1791": [5, 1], "car_1235": [1, 5], "car_1234": [2, 7], "car_1237": [0, 3], "car_1236": [4, 6], "car_1231": [0, 2], "car_1230": [6, 4], "car_1233": [0, 3], "car_1232": [2, 1], "car_1899": [1, 6], "car_1898": [2, 0], "car_1239": [5, 7], "car_1238": [2, 1], "car_211": [3, 6], "car_210": [7, 3], "car_213": [6, 1], "car_212": [4, 7], "car_215": [7, 4], "car_214": [2, 3], "car_217": [4, 6], "car_216": [3, 4], "car_219": [0, 5], "car_218": [6, 0], "car_1529": [7, 4], "car_1528": [5, 0], "car_1521": [2, 7], "car_1520": [0, 3], "car_1523": [7, 2], "car_1522": [4, 3], "car_1525": [6, 3], "car_1524": [3, 1], "car_1527": [2, 7], "car_1526": [0, 7], "car_2313": [1, 0], "car_2312": [7, 2], "car_2311": [4, 0], "car_923": [1, 7], "car_922": [7, 6], "car_921": [5, 3], "car_920": [0, 1], "car_927": [5, 2], "car_926": [2, 3], "car_925": [0, 5], "car_924": [6, 2], "car_2317": [2, 0], "car_929": [3, 4], "car_928": [7, 4], "car_2316": [0, 3], "car_1149": [5, 3], "car_1148": [4, 1], "car_1419": [7, 6], "car_1418": [2, 4], "car_1143": [3, 7], "car_1142": [1, 6], "car_1141": [2, 1], "car_1140": [0, 1], "car_1147": [7, 3], "car_1146": [5, 0], "car_1145": [2, 0], "car_1144": [6, 5], "car_1099": [7, 1], "car_1098": [5, 2], "car_1091": [6, 4], "car_1090": [5, 0], "car_1093": [5, 7], "car_1092": [2, 4], "car_1095": [4, 0], "car_1094": [7, 4], "car_1097": [2, 4], "car_1096": [0, 1], "car_1701": [0, 2], "car_1700": [4, 1], "car_1703": [7, 4], "car_1702": [2, 3], "car_1705": [4, 6], "car_1704": [3, 4], "car_1707": [4, 3], "car_1706": [5, 7], "car_1709": [5, 1], "car_1708": [6, 7], "car_589": [0, 5], "car_588": [4, 6], "car_859": [2, 3], "car_858": [0, 7], "car_2384": [1, 7], "car_2385": [0, 3], "car_1695": [3, 7], "car_2387": [5, 6], "car_581": [0, 6], "car_580": [6, 7], "car_583": [7, 0], "car_850": [2, 7], "car_585": [2, 0], "car_584": [4, 5], "car_587": [3, 2], "car_586": [5, 0], "car_2002": [4, 5], "car_2148": [5, 4], "car_2149": [4, 1], "car_2146": [4, 0], "car_2147": [0, 7], "car_2144": [7, 6], "car_2145": [1, 4], "car_2142": [0, 3], "car_2143": [2, 1], "car_2140": [3, 4], "car_2141": [6, 0], "car_457": [5, 1], "car_456": [4, 0], "car_455": [7, 1], "car_454": [5, 0], "car_453": [0, 7], "car_452": [6, 7], "car_451": [4, 7], "car_450": [3, 2], "car_1878": [6, 5], "car_459": [1, 6], "car_458": [7, 5], "car_1877": [1, 6], "car_1876": [5, 0], "car_1875": [2, 1], "car_1874": [0, 2], "car_1873": [6, 4], "car_1872": [7, 1], "car_738": [7, 3], "car_739": [1, 5], "car_1871": [2, 5], "car_733": [3, 6], "car_732": [1, 4], "car_32": [0, 5], "car_730": [2, 3], "car_731": [5, 0], "car_736": [2, 4], "car_737": [5, 6], "car_734": [4, 6], "car_735": [0, 5], "car_1976": [6, 2], "car_1977": [5, 4], "car_1698": [1, 6], "car_38": [5, 6], "car_39": [2, 3], "car_2295": [0, 2], "car_1978": [3, 4], "car_1979": [0, 5], "car_112": [5, 1], "car_113": [7, 6], "car_110": [0, 3], "car_111": [2, 7], "car_116": [2, 5], "car_117": [7, 4], "car_114": [1, 4], "car_115": [3, 7], "car_118": [4, 2], "car_119": [0, 1], "car_2299": [7, 3], "car_1950": [4, 3], "car_1951": [6, 3], "car_1952": [2, 1], "car_1953": [1, 7], "car_1954": [3, 7], "car_1955": [4, 6], "car_208": [0, 5], "car_209": [5, 6], "car_206": [4, 5], "car_207": [6, 7], "car_204": [0, 3], "car_205": [7, 5], "car_202": [7, 1], "car_203": [3, 2], "car_200": [3, 7], "car_201": [4, 6], "car_1558": [4, 7], "car_1559": [6, 1], "car_1554": [5, 3], "car_1555": [7, 5], "car_1556": [7, 5], "car_1557": [1, 0], "car_1550": [2, 4], "car_1551": [1, 6], "car_1552": [6, 5], "car_1553": [2, 1], "car_1398": [4, 7], "car_1399": [6, 7], "car_1392": [3, 0], "car_1393": [4, 5], "car_1390": [7, 6], "car_1391": [1, 4], "car_1396": [1, 0], "car_1397": [3, 0], "car_1394": [6, 5], "car_1395": [7, 4], "car_930": [4, 5], "car_931": [6, 5], "car_932": [0, 2], "car_933": [0, 2], "car_934": [5, 4], "car_935": [3, 6], "car_936": [4, 7], "car_937": [6, 4], "car_938": [0, 6], "car_939": [4, 7], "car_6": [0, 3], "car_7": [2, 1], "car_4": [2, 7], "car_5": [7, 0], "car_2": [4, 0], "car_3": [6, 4], "car_1178": [5, 2], "car_1": [3, 4], "car_1176": [6, 5], "car_1177": [0, 5], "car_1174": [3, 2], "car_1175": [4, 2], "car_1172": [7, 4], "car_1173": [1, 5], "car_8": [5, 1], "car_9": [1, 6], "car_1774": [3, 6], "car_1775": [6, 3], "car_1776": [2, 0], "car_1777": [5, 6], "car_1770": [6, 1], "car_1771": [2, 3], "car_1772": [5, 4], "car_1773": [1, 5], "car_1778": [7, 3], "car_1779": [3, 0], "car_98": [7, 2], "car_99": [1, 5], "car_90": [0, 1], "car_91": [2, 1], "car_92": [5, 0], "car_93": [7, 3], "car_94": [1, 4], "car_95": [3, 0], "car_96": [4, 0], "car_97": [5, 3], "car_596": [7, 5], "car_597": [1, 0], "car_594": [2, 4], "car_595": [5, 6], "car_592": [7, 4], "car_593": [3, 4], "car_590": [2, 1], "car_591": [5, 4], "car_598": [3, 6], "car_599": [4, 2], "car_848": [6, 3], "car_849": [0, 6], "car_2391": [1, 6], "car_2390": [0, 3], "car_2397": [4, 0], "car_2396": [3, 1], "car_2395": [1, 4], "car_2394": [2, 6], "car_840": [0, 2], "car_841": [7, 1], "car_842": [1, 5], "car_843": [3, 6], "car_844": [4, 0], "car_845": [6, 3], "car_846": [1, 0], "car_847": [4, 0], "car_1608": [3, 2], "car_1609": [4, 5], "car_2153": [6, 3], "car_2152": [4, 5], "car_2155": [0, 6], "car_2154": [2, 5], "car_2157": [7, 0], "car_2156": [2, 1], "car_1600": [2, 4], "car_1601": [5, 7], "car_1602": [7, 1], "car_1603": [1, 5], "car_1604": [3, 5], "car_1605": [4, 7], "car_1606": [2, 3], "car_1607": [7, 1], "car_2369": [4, 7], "car_2362": [6, 1], "car_2363": [5, 6], "car_444": [3, 2], "car_445": [4, 0], "car_446": [6, 1], "car_447": [0, 5], "car_440": [7, 5], "car_441": [3, 2], "car_442": [4, 0], "car_443": [6, 0], "car_448": [5, 4], "car_449": [1, 3], "car_2201": [7, 6], "car_2200": [5, 4], "car_2209": [6, 1], "car_2208": [4, 3], "car_2324": [4, 6], "car_695": [2, 3], "car_694": [0, 1], "car_697": [3, 1], "car_696": [1, 4], "car_691": [7, 4], "car_690": [2, 4], "car_693": [4, 5], "car_692": [1, 6], "car_699": [2, 7], "car_698": [4, 2], "car_2399": [5, 2], "car_1943": [1, 3], "car_1942": [7, 6], "car_279": [3, 0], "car_278": [0, 5], "car_1947": [5, 6], "car_1946": [1, 4], "car_1945": [5, 3], "car_1944": [3, 7], "car_273": [6, 4], "car_272": [7, 3], "car_271": [6, 7], "car_270": [1, 3], "car_277": [3, 2], "car_276": [1, 4], "car_275": [2, 7], "car_274": [0, 6], "car_1925": [7, 5], "car_1549": [0, 1], "car_1548": [4, 1], "car_1547": [3, 7], "car_1546": [5, 7], "car_1545": [2, 7], "car_1544": [0, 4], "car_1543": [1, 2], "car_1542": [7, 6], "car_1541": [2, 3], "car_1540": [6, 2], "car_1389": [5, 1], "car_1388": [2, 1], "car_1385": [1, 5], "car_1384": [2, 4], "car_1387": [6, 4], "car_1386": [4, 3], "car_1381": [4, 3], "car_1380": [3, 7], "car_1383": [0, 4], "car_1382": [6, 3], "car_307": [6, 2], "car_306": [2, 7], "car_305": [1, 4], "car_304": [7, 0], "car_303": [2, 0], "car_302": [6, 4], "car_301": [4, 2], "car_300": [3, 6], "car_804": [2, 0], "car_309": [1, 2], "car_308": [7, 0], "car_909": [5, 4], "car_908": [0, 5], "car_905": [3, 0], "car_904": [7, 2], "car_907": [6, 0], "car_906": [4, 2], "car_901": [3, 2], "car_900": [6, 1], "car_903": [5, 0], "car_902": [2, 0], "car_1161": [3, 0], "car_1160": [7, 2], "car_1163": [0, 7], "car_1162": [6, 1], "car_1165": [7, 6], "car_1164": [2, 6], "car_1167": [2, 4], "car_1166": [6, 5], "car_1169": [4, 6], "car_1168": [7, 1], "car_2432": [7, 2], "car_2433": [1, 2], "car_2430": [2, 4], "car_2322": [5, 2], "car_2431": [5, 4], "car_2436": [0, 3], "car_2437": [2, 0], "car_2010": [7, 1], "car_2011": [1, 3], "car_2012": [4, 0], "car_2013": [2, 1], "car_2014": [5, 2], "car_2015": [7, 1], "car_2016": [1, 3], "car_2017": [3, 7], "car_2018": [6, 2], "car_2019": [0, 5], "car_2435": [6, 4], "car_87": [7, 1], "car_86": [5, 4], "car_85": [2, 5], "car_84": [0, 7], "car_83": [3, 4], "car_82": [7, 0], "car_81": [2, 7], "car_80": [6, 1], "car_2001": [3, 7], "car_89": [6, 5], "car_88": [3, 6], "car_2000": [1, 3], "car_875": [1, 7], "car_874": [7, 3], "car_877": [2, 3], "car_876": [4, 1], "car_871": [0, 7], "car_870": [4, 3], "car_873": [5, 3], "car_872": [2, 3], "car_1694": [1, 5], "car_879": [1, 6], "car_878": [7, 6], "car_1752": [0, 6], "car_1753": [5, 3], "car_1699": [3, 2], "car_2124": [2, 4], "car_2125": [1, 5], "car_1619": [6, 2], "car_1618": [4, 3], "car_2120": [1, 2], "car_2121": [3, 5], "car_2122": [4, 0], "car_2123": [6, 1], "car_1613": [3, 6], "car_1612": [1, 4], "car_1611": [4, 1], "car_1610": [6, 0], "car_1617": [3, 1], "car_1616": [1, 3], "car_1615": [7, 1], "car_1614": [6, 1], "car_1754": [3, 0], "car_1755": [4, 5], "car_2323": [7, 6], "car_471": [2, 5], "car_470": [0, 6], "car_473": [1, 0], "car_472": [5, 0], "car_475": [5, 2], "car_474": [4, 5], "car_477": [6, 7], "car_476": [4, 7], "car_479": [7, 6], "car_478": [2, 7], "car_2232": [5, 4], "car_2233": [1, 2], "car_2234": [3, 0], "car_2235": [4, 7], "car_2236": [6, 2], "car_2237": [0, 6], "car_2038": [6, 2], "car_2039": [2, 0], "car_1819": [6, 0], "car_1818": [3, 0], "car_2386": [2, 6], "car_682": [0, 5], "car_683": [2, 3], "car_680": [3, 4], "car_681": [4, 5], "car_686": [3, 7], "car_687": [0, 3], "car_684": [7, 5], "car_685": [1, 4], "car_688": [5, 3], "car_689": [3, 1], "car_1815": [3, 7], "car_1814": [2, 4], "car_2388": [7, 2], "car_2389": [4, 6], "car_1670": [0, 4], "car_1956": [5, 7], "car_1957": [7, 2], "car_1958": [1, 4], "car_1959": [6, 5], "car_2003": [0, 6], "car_268": [6, 0], "car_269": [7, 1], "car_1974": [7, 4], "car_1975": [1, 7], "car_1972": [2, 7], "car_1973": [5, 3], "car_1970": [1, 6], "car_1971": [0, 5], "car_260": [5, 3], "car_261": [7, 3], "car_262": [1, 2], "car_263": [3, 0], "car_264": [2, 3], "car_265": [5, 0], "car_266": [7, 0], "car_267": [3, 7], "car_1572": [3, 2], "car_1573": [4, 6], "car_1570": [5, 1], "car_1571": [7, 2], "car_1576": [2, 3], "car_1577": [5, 6], "car_1574": [6, 5], "car_1575": [0, 7], "car_1578": [7, 0], "car_1579": [1, 0], "car_1370": [0, 3], "car_1371": [2, 7], "car_1372": [5, 0], "car_1373": [7, 2], "car_1374": [1, 6], "car_1375": [3, 0], "car_1376": [6, 2], "car_1377": [0, 5], "car_1378": [5, 4], "car_1379": [7, 0], "car_314": [1, 6], "car_315": [3, 7], "car_316": [5, 2], "car_317": [1, 5], "car_310": [4, 3], "car_311": [0, 5], "car_312": [3, 6], "car_313": [2, 5], "car_318": [2, 0], "car_319": [5, 2], "car_918": [5, 2], "car_919": [4, 7], "car_912": [4, 7], "car_913": [6, 2], "car_910": [7, 1], "car_911": [1, 2], "car_916": [3, 5], "car_917": [0, 2], "car_914": [0, 7], "car_915": [2, 0], "car_1114": [4, 7], "car_1115": [0, 4], "car_1116": [2, 6], "car_1117": [5, 3], "car_1110": [6, 3], "car_1111": [0, 6], "car_1112": [5, 7], "car_1113": [7, 6], "car_1118": [7, 1], "car_1119": [3, 7], "car_1284": [3, 1], "car_1285": [6, 1], "car_1286": [1, 5], "car_1287": [4, 5], "car_1280": [6, 7], "car_1281": [2, 0], "car_1282": [5, 6], "car_1283": [1, 4], "car_2130": [4, 5], "car_1288": [6, 1], "car_1289": [0, 4], "car_1744": [3, 1], "car_1028": [1, 7], "car_1029": [3, 1], "car_1758": [5, 0], "car_1759": [4, 3], "car_2007": [4, 3], "car_2006": [3, 2], "car_2005": [5, 7], "car_2004": [2, 5], "car_1020": [3, 7], "car_1021": [4, 2], "car_1022": [6, 3], "car_1023": [0, 7], "car_1024": [5, 7], "car_1025": [7, 5], "car_1026": [1, 0], "car_1027": [0, 2], "car_1598": [3, 5], "car_1599": [0, 5], "car_1590": [3, 2], "car_1591": [6, 5], "car_1592": [0, 4], "car_1593": [2, 5], "car_1594": [5, 4], "car_1595": [0, 3], "car_1596": [7, 6], "car_1597": [1, 2], "car_1746": [7, 1], "car_862": [4, 3], "car_863": [2, 7], "car_860": [7, 2], "car_861": [1, 3], "car_866": [6, 0], "car_867": [0, 3], "car_864": [5, 7], "car_865": [7, 3], "car_868": [7, 3], "car_869": [1, 3], "car_1741": [5, 0], "car_2137": [0, 2], "car_2136": [6, 7], "car_2135": [1, 3], "car_2134": [7, 3], "car_2133": [5, 0], "car_2132": [2, 1], "car_1628": [0, 7], "car_1629": [2, 6], "car_1626": [1, 4], "car_1627": [6, 7], "car_1624": [6, 0], "car_1625": [2, 1], "car_1622": [7, 4], "car_1623": [1, 7], "car_1620": [0, 1], "car_1621": [5, 1], "car_1740": [3, 6]}