{"car_2009": [1, 3], "car_2229": [1, 4], "car_2228": [7, 5], "car_468": [6, 7], "car_469": [0, 6], "car_466": [1, 0], "car_467": [4, 7], "car_464": [5, 1], "car_465": [7, 2], "car_462": [1, 7], "car_463": [2, 3], "car_460": [2, 1], "car_461": [5, 3], "car_817": [0, 1], "car_816": [6, 2], "car_815": [4, 2], "car_814": [3, 5], "car_813": [1, 4], "car_812": [7, 3], "car_2072": [3, 4], "car_811": [5, 1], "car_2073": [6, 1], "car_810": [0, 2], "car_679": [3, 7], "car_678": [0, 4], "car_677": [3, 6], "car_676": [1, 4], "car_675": [7, 3], "car_674": [2, 1], "car_673": [0, 3], "car_672": [6, 0], "car_671": [4, 6], "car_670": [3, 6], "car_2078": [2, 3], "car_2079": [1, 7], "car_2341": [1, 5], "car_2223": [7, 2], "car_789": [4, 2], "car_788": [1, 6], "car_2222": [5, 7], "car_783": [1, 7], "car_782": [7, 5], "car_781": [0, 5], "car_780": [1, 4], "car_787": [2, 7], "car_786": [0, 3], "car_785": [6, 1], "car_784": [3, 4], "car_2220": [4, 1], "car_0": [0, 2], "car_2227": [0, 1], "car_1179": [4, 2], "car_2375": [7, 4], "car_2226": [4, 6], "car_2225": [3, 2], "car_2224": [1, 3], "car_255": [5, 4], "car_254": [2, 6], "car_257": [3, 0], "car_256": [1, 3], "car_251": [1, 4], "car_250": [7, 1], "car_253": [6, 4], "car_252": [4, 1], "car_1961": [1, 5], "car_1960": [7, 2], "car_1963": [4, 2], "car_1962": [3, 2], "car_259": [6, 0], "car_258": [4, 5], "car_1967": [1, 0], "car_1966": [4, 3], "car_1170": [5, 0], "car_1171": [1, 3], "car_1565": [4, 1], "car_1564": [1, 2], "car_1567": [3, 2], "car_1566": [7, 4], "car_1561": [4, 0], "car_1560": [7, 3], "car_1563": [5, 7], "car_1562": [6, 3], "car_1569": [7, 3], "car_1568": [2, 1], "car_1413": [2, 0], "car_1363": [5, 1], "car_1362": [0, 4], "car_1361": [4, 7], "car_1360": [2, 0], "car_1367": [5, 4], "car_1366": [0, 7], "car_1365": [4, 2], "car_1364": [7, 2], "car_1369": [6, 4], "car_1368": [4, 5], "car_2376": [1, 0], "car_321": [5, 6], "car_320": [3, 7], "car_323": [4, 6], "car_322": [1, 5], "car_325": [2, 0], "car_324": [0, 1], "car_327": [4, 5], "car_326": [3, 1], "car_329": [7, 6], "car_328": [2, 6], "car_1107": [0, 4], "car_1106": [3, 0], "car_1105": [5, 0], "car_1104": [2, 7], "car_1103": [0, 2], "car_1102": [3, 7], "car_1101": [1, 0], "car_1100": [7, 3], "car_1109": [7, 3], "car_1108": [5, 2], "car_1297": [6, 0], "car_1296": [7, 6], "car_1295": [5, 6], "car_1294": [2, 3], "car_1293": [0, 5], "car_1292": [4, 1], "car_1291": [3, 6], "car_1290": [1, 2], "car_1299": [7, 5], "car_1298": [2, 5], "car_2036": [3, 4], "car_2037": [4, 3], "car_1039": [3, 2], "car_1038": [1, 5], "car_1749": [3, 1], "car_1748": [1, 5], "car_2030": [4, 5], "car_2031": [2, 1], "car_1033": [5, 7], "car_1032": [6, 5], "car_1031": [4, 2], "car_1030": [7, 4], "car_1037": [7, 0], "car_1036": [6, 2], "car_1035": [1, 3], "car_1034": [7, 3], "car_1589": [7, 6], "car_1588": [2, 1], "car_1583": [0, 7], "car_1582": [3, 5], "car_1581": [2, 7], "car_1580": [0, 3], "car_1587": [0, 3], "car_1586": [1, 5], "car_1585": [7, 0], "car_1584": [5, 0], "car_1852": [2, 1], "car_1906": [2, 1], "car_899": [5, 3], "car_898": [0, 1], "car_897": [6, 4], "car_896": [4, 1], "car_895": [3, 5], "car_894": [7, 1], "car_893": [5, 6], "car_892": [0, 3], "car_891": [6, 5], "car_890": [3, 7], "car_2108": [2, 0], "car_2109": [7, 0], "car_2102": [4, 5], "car_2103": [0, 1], "car_2100": [1, 7], "car_2101": [3, 0], "car_2106": [4, 2], "car_2107": [0, 7], "car_2104": [5, 3], "car_2105": [1, 5], "car_1631": [6, 3], "car_1630": [4, 2], "car_1633": [4, 1], "car_1632": [5, 3], "car_1635": [7, 2], "car_1634": [6, 1], "car_1637": [4, 5], "car_1636": [1, 3], "car_1639": [5, 4], "car_1638": [0, 6], "car_1751": [0, 6], "car_1756": [0, 7], "car_419": [2, 6], "car_418": [0, 5], "car_2218": [7, 4], "car_2219": [1, 5], "car_413": [2, 6], "car_412": [6, 0], "car_411": [4, 3], "car_410": [3, 4], "car_417": [4, 1], "car_416": [3, 7], "car_415": [1, 0], "car_414": [5, 6], "car_1679": [6, 2], "car_1678": [1, 4], "car_527": [6, 0], "car_526": [1, 2], "car_525": [7, 1], "car_524": [5, 4], "car_523": [5, 3], "car_522": [3, 7], "car_521": [1, 7], "car_520": [7, 0], "car_1671": [7, 4], "car_1889": [2, 3], "car_529": [7, 5], "car_528": [2, 1], "car_1884": [2, 3], "car_1885": [3, 1], "car_2368": [5, 7], "car_668": [5, 4], "car_669": [1, 7], "car_664": [3, 7], "car_665": [7, 1], "car_666": [1, 2], "car_667": [3, 4], "car_660": [4, 3], "car_661": [2, 6], "car_662": [5, 4], "car_663": [7, 6], "car_1854": [3, 4], "car_798": [0, 1], "car_799": [2, 7], "car_790": [4, 7], "car_791": [0, 1], "car_792": [5, 6], "car_793": [7, 1], "car_794": [1, 6], "car_795": [3, 1], "car_796": [4, 2], "car_797": [6, 7], "car_242": [6, 4], "car_243": [0, 2], "car_240": [0, 5], "car_241": [3, 4], "car_246": [3, 1], "car_247": [4, 7], "car_244": [7, 0], "car_245": [1, 0], "car_1914": [1, 4], "car_1915": [0, 2], "car_248": [0, 3], "car_249": [2, 5], "car_1910": [7, 2], "car_1911": [1, 0], "car_1912": [4, 7], "car_1913": [2, 1], "car_1356": [5, 2], "car_1357": [1, 6], "car_1354": [0, 6], "car_1355": [2, 4], "car_1352": [3, 5], "car_1353": [6, 2], "car_1350": [7, 0], "car_1351": [1, 3], "car_1358": [3, 5], "car_1359": [6, 2], "car_1831": [3, 7], "car_1820": [0, 4], "car_1821": [3, 2], "car_1822": [4, 5], "car_1823": [5, 4], "car_1824": [6, 1], "car_1825": [0, 1], "car_338": [0, 2], "car_339": [7, 4], "car_336": [1, 0], "car_337": [3, 4], "car_334": [2, 6], "car_335": [7, 3], "car_332": [4, 1], "car_333": [6, 3], "car_330": [1, 6], "car_331": [3, 5], "car_1138": [4, 3], "car_1139": [6, 0], "car_1132": [4, 6], "car_1133": [6, 7], "car_1130": [5, 3], "car_1131": [3, 2], "car_1136": [2, 3], "car_1137": [1, 7], "car_1134": [5, 4], "car_1135": [7, 3], "car_1839": [3, 6], "car_1838": [2, 1], "car_2029": [5, 0], "car_2028": [2, 4], "car_2021": [5, 7], "car_2020": [2, 4], "car_2023": [1, 7], "car_2022": [7, 6], "car_2025": [4, 2], "car_2024": [3, 1], "car_2027": [0, 7], "car_2026": [6, 4], "car_1008": [6, 4], "car_1009": [0, 5], "car_1006": [3, 2], "car_1007": [4, 5], "car_1004": [5, 6], "car_1005": [1, 5], "car_1002": [7, 6], "car_1003": [6, 1], "car_1000": [4, 6], "car_1001": [2, 6], "car_1924": [6, 4], "car_36": [2, 4], "car_37": [5, 2], "car_34": [6, 5], "car_35": [0, 6], "car_888": [4, 0], "car_889": [7, 2], "car_30": [0, 1], "car_31": [0, 4], "car_884": [0, 7], "car_885": [5, 1], "car_886": [1, 2], "car_887": [1, 0], "car_880": [1, 7], "car_881": [0, 6], "car_882": [7, 3], "car_883": [4, 5], "car_2119": [0, 4], "car_2118": [6, 3], "car_2115": [1, 6], "car_2114": [7, 4], "car_2117": [4, 6], "car_2116": [3, 7], "car_2111": [6, 0], "car_2110": [4, 7], "car_2113": [5, 4], "car_2112": [0, 4], "car_1644": [3, 6], "car_1645": [4, 5], "car_1646": [0, 3], "car_1647": [2, 6], "car_1640": [4, 2], "car_1641": [2, 1], "car_1642": [7, 5], "car_1643": [1, 3], "car_1648": [5, 6], "car_1649": [7, 2], "car_2159": [2, 3], "car_2158": [4, 0], "car_408": [0, 4], "car_409": [5, 6], "car_2203": [1, 2], "car_2202": [7, 6], "car_2205": [6, 5], "car_2204": [3, 1], "car_2207": [5, 4], "car_2206": [2, 3], "car_400": [3, 5], "car_401": [0, 2], "car_402": [2, 4], "car_403": [5, 0], "car_404": [7, 6], "car_405": [3, 1], "car_406": [4, 0], "car_407": [6, 0], "car_1769": [5, 0], "car_534": [7, 5], "car_535": [1, 0], "car_536": [4, 3], "car_537": [6, 3], "car_530": [1, 5], "car_531": [3, 7], "car_532": [0, 6], "car_533": [5, 6], "car_538": [1, 6], "car_539": [0, 4], "car_2310": [3, 6], "car_659": [1, 0], "car_658": [5, 1], "car_651": [3, 6], "car_650": [1, 4], "car_653": [0, 7], "car_652": [6, 2], "car_655": [3, 0], "car_654": [2, 1], "car_657": [0, 1], "car_656": [4, 7], "car_1929": [7, 0], "car_2195": [4, 3], "car_2194": [1, 2], "car_1764": [5, 1], "car_2197": [7, 4], "car_2196": [5, 2], "car_2191": [3, 5], "car_1928": [5, 6], "car_2190": [1, 3], "car_2193": [0, 4], "car_1909": [5, 6], "car_1908": [0, 3], "car_1907": [7, 2], "car_1763": [0, 7], "car_1905": [0, 1], "car_1904": [4, 3], "car_1903": [7, 1], "car_1902": [0, 4], "car_1901": [7, 1], "car_1900": [2, 3], "car_1349": [5, 1], "car_1348": [4, 1], "car_1762": [6, 0], "car_1341": [3, 1], "car_1340": [7, 3], "car_1343": [6, 5], "car_1342": [4, 1], "car_1345": [2, 4], "car_1344": [0, 5], "car_1347": [7, 1], "car_1346": [5, 0], "car_1833": [2, 5], "car_1832": [4, 7], "car_349": [0, 5], "car_348": [6, 2], "car_1837": [0, 5], "car_1836": [4, 3], "car_1835": [1, 0], "car_1834": [7, 6], "car_343": [3, 6], "car_342": [7, 4], "car_341": [6, 5], "car_340": [4, 2], "car_347": [4, 1], "car_346": [1, 7], "car_345": [0, 4], "car_344": [4, 0], "car_2325": [5, 0], "car_1129": [0, 1], "car_1128": [6, 1], "car_1125": [7, 4], "car_1124": [5, 0], "car_1127": [3, 2], "car_1126": [1, 4], "car_1121": [7, 2], "car_1120": [5, 4], "car_1123": [2, 7], "car_1122": [0, 4], "car_1402": [0, 5], "car_2320": [5, 2], "car_1403": [1, 4], "car_2321": [1, 4], "car_1400": [4, 7], "car_1401": [6, 7], "car_1406": [3, 6], "car_1407": [0, 4], "car_1404": [0, 3], "car_1405": [7, 1], "car_2058": [4, 0], "car_2059": [2, 0], "car_2054": [7, 0], "car_2055": [2, 5], "car_2056": [7, 3], "car_2057": [3, 4], "car_2050": [3, 7], "car_2051": [4, 6], "car_2052": [6, 1], "car_2053": [0, 1], "car_1011": [4, 7], "car_1010": [1, 3], "car_1013": [1, 3], "car_1012": [2, 0], "car_1015": [4, 6], "car_1014": [3, 4], "car_1017": [0, 4], "car_1016": [6, 0], "car_1019": [5, 6], "car_1018": [2, 5], "car_25": [4, 2], "car_24": [1, 6], "car_27": [5, 4], "car_26": [0, 1], "car_21": [2, 5], "car_20": [0, 2], "car_23": [7, 2], "car_22": [5, 3], "car_29": [4, 6], "car_28": [3, 7], "car_1657": [1, 2], "car_1656": [7, 3], "car_1655": [5, 1], "car_1654": [6, 1], "car_1653": [4, 7], "car_1652": [1, 0], "car_1651": [2, 1], "car_1650": [0, 5], "car_1659": [6, 7], "car_1658": [3, 4], "car_1969": [4, 6], "car_2315": [4, 1], "car_1843": [5, 7], "car_435": [7, 4], "car_434": [2, 3], "car_437": [2, 0], "car_436": [3, 2], "car_431": [0, 6], "car_430": [4, 0], "car_433": [0, 4], "car_432": [7, 1], "car_1846": [3, 4], "car_439": [3, 1], "car_438": [5, 6], "car_1847": [6, 2], "car_2274": [4, 6], "car_2275": [0, 1], "car_2276": [2, 3], "car_2277": [1, 6], "car_2270": [4, 6], "car_2271": [6, 5], "car_2272": [0, 3], "car_2273": [2, 5], "car_1845": [1, 7], "car_2278": [3, 7], "car_2279": [5, 1], "car_1848": [2, 7], "car_2289": [1, 3], "car_1968": [3, 4], "car_1849": [7, 1], "car_2288": [5, 1], "car_1965": [0, 3], "car_1964": [6, 2], "car_501": [4, 2], "car_500": [3, 6], "car_503": [1, 5], "car_502": [0, 6], "car_505": [2, 3], "car_504": [4, 5], "car_507": [7, 4], "car_506": [5, 6], "car_509": [6, 3], "car_508": [4, 0], "car_2302": [3, 6], "car_2303": [4, 1], "car_2304": [6, 3], "car_2305": [0, 1], "car_2306": [2, 0], "car_2307": [5, 7], "car_2281": [1, 7], "car_1745": [0, 7], "car_2280": [7, 5], "car_646": [5, 7], "car_647": [7, 0], "car_644": [4, 1], "car_645": [2, 4], "car_642": [7, 3], "car_643": [1, 4], "car_640": [2, 0], "car_641": [5, 1], "car_2314": [7, 0], "car_648": [4, 1], "car_649": [0, 5], "car_1830": [7, 5], "car_1932": [0, 3], "car_1933": [7, 4], "car_1930": [3, 1], "car_1931": [4, 3], "car_1936": [0, 1], "car_1937": [7, 2], "car_1934": [4, 7], "car_1935": [6, 0], "car_1938": [4, 0], "car_1939": [1, 2], "car_1717": [2, 4], "car_1338": [6, 2], "car_1339": [0, 5], "car_1334": [6, 2], "car_1335": [2, 7], "car_1336": [5, 6], "car_1337": [4, 1], "car_1330": [2, 5], "car_1331": [7, 5], "car_1332": [1, 6], "car_1333": [3, 6], "car_1711": [0, 6], "car_358": [2, 0], "car_359": [5, 1], "car_1804": [6, 1], "car_1805": [7, 5], "car_1802": [0, 6], "car_1803": [1, 4], "car_1800": [2, 1], "car_1801": [1, 3], "car_350": [5, 1], "car_351": [1, 7], "car_352": [4, 3], "car_353": [6, 0], "car_354": [5, 0], "car_355": [1, 6], "car_356": [4, 1], "car_357": [0, 4], "car_1482": [2, 1], "car_1483": [7, 6], "car_1480": [5, 6], "car_1481": [1, 0], "car_1486": [0, 4], "car_1487": [5, 7], "car_1484": [1, 7], "car_1485": [3, 7], "car_1488": [1, 4], "car_1489": [3, 6], "car_1240": [1, 4], "car_1241": [4, 6], "car_1242": [0, 1], "car_1243": [5, 0], "car_1244": [3, 6], "car_1245": [4, 6], "car_1246": [6, 0], "car_1247": [2, 0], "car_1248": [5, 4], "car_1249": [7, 5], "car_1747": [5, 1], "car_2374": [4, 2], "car_1879": [4, 0], "car_2049": [1, 4], "car_2048": [2, 5], "car_2047": [0, 2], "car_2046": [6, 5], "car_2045": [4, 6], "car_2044": [1, 5], "car_2043": [7, 1], "car_2042": [2, 0], "car_2041": [4, 0], "car_2040": [1, 0], "car_1064": [4, 3], "car_1065": [5, 2], "car_1066": [4, 3], "car_1067": [0, 3], "car_1060": [1, 4], "car_1061": [3, 2], "car_1062": [7, 2], "car_1063": [3, 5], "car_1068": [7, 5], "car_1069": [3, 2], "car_1798": [4, 7], "car_1799": [6, 2], "car_10": [3, 1], "car_11": [4, 2], "car_12": [2, 1], "car_13": [3, 7], "car_14": [4, 6], "car_15": [6, 0], "car_16": [2, 0], "car_17": [5, 7], "car_18": [4, 7], "car_19": [6, 3], "car_1668": [4, 3], "car_1669": [6, 5], "car_1662": [7, 5], "car_1663": [1, 2], "car_1660": [2, 0], "car_1661": [5, 7], "car_1666": [0, 7], "car_1667": [7, 1], "car_1664": [3, 5], "car_1665": [6, 7], "car_1468": [2, 1], "car_1469": [5, 7], "car_1460": [2, 3], "car_1461": [5, 6], "car_1462": [1, 0], "car_1463": [4, 0], "car_1464": [1, 4], "car_1465": [3, 5], "car_1466": [4, 7], "car_1467": [6, 3], "car_422": [4, 6], "car_423": [2, 3], "car_420": [7, 1], "car_421": [3, 7], "car_426": [6, 0], "car_427": [0, 1], "car_424": [7, 5], "car_425": [3, 4], "car_428": [5, 0], "car_429": [3, 1], "car_2377": [4, 7], "car_2267": [1, 2], "car_2266": [2, 3], "car_2265": [0, 2], "car_2264": [6, 5], "car_2263": [3, 4], "car_2262": [1, 4], "car_2261": [7, 6], "car_2260": [5, 2], "car_2371": [2, 7], "car_2269": [0, 5], "car_2268": [4, 6], "car_2373": [7, 1], "car_2372": [5, 6], "car_2008": [5, 1], "car_2370": [0, 7], "car_2319": [2, 3], "car_2318": [1, 0], "car_518": [0, 7], "car_519": [5, 3], "car_516": [1, 3], "car_517": [4, 6], "car_514": [4, 6], "car_515": [2, 5], "car_512": [6, 7], "car_513": [5, 3], "car_510": [0, 2], "car_511": [2, 6], "car_1870": [0, 7], "car_633": [0, 4], "car_632": [4, 6], "car_631": [1, 2], "car_630": [7, 0], "car_637": [4, 3], "car_636": [6, 3], "car_635": [4, 2], "car_634": [1, 7], "car_639": [0, 7], "car_638": [6, 4], "car_189": [2, 4], "car_188": [0, 6], "car_185": [1, 5], "car_184": [7, 1], "car_187": [6, 4], "car_186": [4, 7], "car_181": [3, 5], "car_180": [7, 1], "car_183": [0, 4], "car_182": [6, 3], "car_749": [5, 7], "car_748": [2, 7], "car_747": [4, 5], "car_746": [1, 5], "car_745": [3, 0], "car_744": [7, 6], "car_743": [1, 6], "car_742": [5, 2], "car_741": [6, 5], "car_740": [4, 0], "car_2131": [7, 1], "car_299": [2, 7], "car_298": [4, 1], "car_1927": [2, 7], "car_1926": [3, 5], "car_1921": [3, 5], "car_1920": [1, 6], "car_1923": [3, 2], "car_1922": [2, 4], "car_291": [4, 1], "car_290": [5, 6], "car_293": [0, 7], "car_292": [6, 3], "car_295": [5, 6], "car_294": [2, 6], "car_297": [3, 5], "car_296": [1, 4], "car_1329": [1, 6], "car_1328": [5, 3], "car_1327": [2, 5], "car_1326": [6, 2], "car_1325": [7, 5], "car_1324": [5, 0], "car_1323": [2, 4], "car_1322": [0, 3], "car_1321": [4, 7], "car_1320": [1, 7], "car_365": [0, 5], "car_364": [6, 2], "car_367": [3, 6], "car_366": [2, 7], "car_361": [1, 5], "car_360": [7, 4], "car_363": [4, 3], "car_362": [3, 4], "car_1811": [2, 5], "car_1810": [0, 5], "car_1813": [3, 4], "car_1812": [1, 3], "car_369": [1, 4], "car_368": [5, 7], "car_1817": [7, 2], "car_1816": [0, 1], "car_167": [0, 6], "car_166": [3, 2], "car_165": [1, 3], "car_164": [7, 2], "car_163": [5, 4], "car_162": [0, 3], "car_161": [4, 2], "car_160": [3, 7], "car_169": [3, 1], "car_168": [2, 5], "car_1495": [4, 2], "car_1494": [1, 0], "car_1497": [4, 7], "car_1496": [1, 7], "car_1491": [2, 0], "car_1490": [6, 3], "car_1493": [7, 1], "car_1492": [5, 2], "car_1499": [2, 3], "car_1498": [0, 4], "car_1253": [0, 7], "car_1252": [6, 5], "car_1251": [3, 2], "car_1250": [6, 4], "car_1257": [1, 0], "car_1256": [7, 5], "car_1255": [5, 6], "car_1254": [2, 6], "car_1259": [5, 1], "car_1258": [0, 4], "car_1868": [2, 0], "car_1789": [6, 7], "car_1788": [4, 3], "car_2070": [5, 3], "car_2071": [7, 0], "car_2076": [3, 4], "car_2077": [0, 5], "car_2074": [7, 2], "car_2075": [1, 7], "car_1781": [2, 4], "car_1780": [0, 1], "car_1783": [1, 2], "car_1782": [7, 4], "car_1785": [2, 3], "car_1784": [0, 7], "car_1787": [1, 7], "car_1786": [7, 0], "car_1077": [6, 7], "car_1076": [4, 2], "car_1075": [7, 3], "car_1074": [5, 1], "car_1073": [2, 4], "car_1072": [0, 4], "car_1071": [6, 1], "car_1070": [4, 0], "car_1079": [2, 7], "car_1078": [0, 5], "car_2139": [0, 4], "car_2034": [2, 5], "car_2300": [0, 3], "car_2035": [5, 6], "car_2301": [1, 4], "car_2032": [5, 4], "car_2033": [6, 7], "car_2138": [4, 3], "car_985": [6, 5], "car_984": [3, 5], "car_987": [4, 5], "car_986": [1, 3], "car_981": [4, 3], "car_980": [3, 6], "car_983": [1, 0], "car_982": [5, 6], "car_1675": [7, 3], "car_1674": [6, 0], "car_1677": [6, 0], "car_1676": [1, 5], "car_989": [0, 5], "car_988": [6, 1], "car_1673": [3, 1], "car_1672": [1, 4], "car_1479": [2, 4], "car_1478": [0, 6], "car_1473": [0, 6], "car_1472": [6, 3], "car_1471": [4, 2], "car_1470": [3, 1], "car_1477": [3, 6], "car_1476": [7, 5], "car_1475": [5, 4], "car_1474": [2, 4], "car_1743": [3, 6], "car_1742": [7, 0], "car_2258": [6, 4], "car_2259": [2, 6], "car_2252": [0, 6], "car_2253": [2, 7], "car_2250": [7, 5], "car_2251": [1, 4], "car_2256": [0, 6], "car_2257": [4, 1], "car_2254": [1, 3], "car_2255": [3, 5], "car_2098": [0, 4], "car_2099": [7, 2], "car_2090": [1, 3], "car_2091": [4, 5], "car_2092": [6, 3], "car_2093": [2, 6], "car_2094": [5, 0], "car_2095": [3, 0], "car_2096": [4, 2], "car_2097": [6, 1], "car_569": [4, 6], "car_568": [3, 7], "car_2328": [4, 2], "car_2329": [6, 4], "car_563": [7, 1], "car_562": [6, 1], "car_561": [4, 7], "car_560": [5, 4], "car_567": [1, 2], "car_566": [5, 6], "car_565": [0, 2], "car_564": [1, 7], "car_2331": [5, 7], "car_620": [1, 4], "car_621": [2, 0], "car_622": [5, 4], "car_623": [4, 2], "car_624": [6, 2], "car_625": [0, 6], "car_626": [2, 7], "car_627": [1, 3], "car_628": [3, 0], "car_629": [6, 5], "car_1869": [5, 2], "car_1866": [3, 4], "car_1867": [5, 2], "car_198": [4, 1], "car_199": [0, 2], "car_192": [4, 0], "car_193": [6, 2], "car_190": [5, 3], "car_191": [7, 5], "car_196": [5, 6], "car_197": [3, 2], "car_194": [7, 2], "car_195": [2, 0], "car_758": [4, 6], "car_759": [6, 3], "car_754": [3, 7], "car_755": [4, 0], "car_756": [6, 2], "car_757": [5, 2], "car_750": [1, 6], "car_751": [4, 1], "car_752": [6, 1], "car_753": [0, 1], "car_1940": [4, 1], "car_286": [7, 0], "car_287": [3, 6], "car_284": [7, 0], "car_285": [2, 1], "car_282": [4, 0], "car_283": [0, 6], "car_280": [7, 3], "car_281": [3, 2], "car_1949": [1, 4], "car_288": [6, 4], "car_289": [2, 5], "car_1948": [5, 3], "car_1312": [1, 2], "car_1313": [3, 6], "car_1310": [5, 4], "car_1311": [7, 1], "car_1316": [5, 6], "car_1317": [7, 4], "car_1314": [6, 2], "car_1315": [2, 7], "car_1318": [1, 4], "car_1319": [6, 3], "car_372": [0, 5], "car_373": [2, 3], "car_370": [3, 2], "car_371": [6, 7], "car_376": [3, 0], "car_377": [4, 2], "car_374": [7, 2], "car_375": [1, 7], "car_1864": [3, 4], "car_1865": [7, 0], "car_378": [0, 5], "car_379": [2, 3], "car_1860": [4, 1], "car_1861": [6, 3], "car_1862": [0, 6], "car_1863": [7, 1], "car_174": [2, 4], "car_175": [5, 7], "car_176": [4, 7], "car_177": [6, 4], "car_170": [0, 3], "car_171": [5, 3], "car_172": [3, 7], "car_173": [6, 1], "car_178": [0, 5], "car_179": [5, 3], "car_2338": [2, 5], "car_1266": [0, 6], "car_1267": [2, 5], "car_1264": [7, 2], "car_1265": [6, 1], "car_1262": [6, 5], "car_1263": [2, 1], "car_1260": [7, 4], "car_1261": [4, 5], "car_1268": [3, 0], "car_1269": [4, 6], "car_2065": [3, 5], "car_2064": [5, 6], "car_1048": [3, 0], "car_1049": [6, 3], "car_2061": [4, 1], "car_2060": [3, 4], "car_2063": [2, 0], "car_2062": [0, 3], "car_1042": [7, 5], "car_1043": [1, 3], "car_1040": [4, 5], "car_1041": [0, 7], "car_1046": [0, 7], "car_1047": [1, 6], "car_1044": [7, 2], "car_1045": [6, 4], "car_78": [4, 1], "car_79": [0, 3], "car_72": [0, 1], "car_73": [5, 7], "car_70": [4, 1], "car_71": [6, 5], "car_76": [7, 1], "car_77": [1, 2], "car_74": [6, 3], "car_75": [0, 3], "car_992": [3, 0], "car_993": [2, 7], "car_990": [5, 0], "car_991": [7, 6], "car_996": [4, 2], "car_997": [6, 0], "car_994": [1, 4], "car_995": [3, 0], "car_1688": [2, 5], "car_1689": [5, 2], "car_998": [0, 5], "car_999": [5, 3], "car_1448": [0, 3], "car_1449": [1, 4], "car_1446": [1, 7], "car_1447": [6, 0], "car_1444": [6, 0], "car_1445": [0, 6], "car_1442": [7, 2], "car_1443": [4, 5], "car_1440": [3, 1], "car_1441": [2, 1], "car_2249": [5, 6], "car_2248": [2, 5], "car_2245": [7, 2], "car_2244": [5, 0], "car_2247": [4, 1], "car_2246": [1, 7], "car_2241": [3, 1], "car_2240": [5, 2], "car_2243": [6, 5], "car_2242": [4, 1], "car_2089": [7, 1], "car_2088": [6, 0], "car_2083": [1, 6], "car_2082": [2, 6], "car_2081": [0, 5], "car_2080": [4, 1], "car_2087": [4, 7], "car_2086": [7, 5], "car_2085": [2, 5], "car_2084": [6, 1], "car_578": [4, 5], "car_579": [2, 5], "car_2333": [5, 6], "car_2332": [1, 0], "car_2335": [1, 6], "car_2334": [7, 0], "car_2337": [4, 2], "car_553": [6, 7], "car_570": [6, 1], "car_571": [0, 1], "car_572": [7, 6], "car_573": [3, 7], "car_574": [0, 5], "car_806": [4, 0], "car_576": [1, 5], "car_577": [3, 1], "car_807": [6, 3], "car_800": [5, 1], "car_801": [3, 2], "car_802": [4, 5], "car_2192": [6, 5], "car_803": [6, 1], "car_2067": [2, 7], "car_2066": [6, 1], "car_619": [5, 4], "car_618": [2, 7], "car_615": [3, 7], "car_614": [1, 4], "car_617": [0, 6], "car_616": [6, 2], "car_611": [1, 6], "car_610": [7, 5], "car_613": [6, 3], "car_612": [3, 5], "car_2151": [3, 2], "car_2150": [2, 6], "car_2069": [7, 1], "car_2068": [5, 7], "car_769": [1, 5], "car_768": [5, 6], "car_761": [2, 7], "car_760": [0, 2], "car_763": [7, 2], "car_762": [5, 2], "car_765": [4, 2], "car_764": [1, 0], "car_767": [2, 4], "car_766": [0, 7], "car_2216": [2, 4], "car_2217": [5, 2], "car_2330": [0, 3], "car_2214": [4, 5], "car_2215": [6, 5], "car_2212": [1, 4], "car_2213": [3, 0], "car_2210": [6, 5], "car_2211": [2, 4], "car_575": [2, 3], "car_1305": [1, 7], "car_1304": [5, 1], "car_1307": [4, 7], "car_1306": [3, 5], "car_1301": [3, 5], "car_1300": [1, 5], "car_1303": [0, 2], "car_1302": [6, 5], "car_1309": [2, 0], "car_1308": [6, 1], "car_389": [6, 0], "car_388": [4, 5], "car_387": [1, 4], "car_386": [5, 0], "car_385": [2, 5], "car_384": [4, 5], "car_383": [5, 3], "car_382": [3, 2], "car_381": [7, 6], "car_380": [5, 3], "car_141": [1, 2], "car_140": [7, 1], "car_143": [3, 0], "car_142": [3, 1], "car_145": [1, 4], "car_144": [7, 5], "car_147": [0, 1], "car_146": [4, 0], "car_149": [1, 7], "car_148": [5, 0], "car_1279": [6, 5], "car_1278": [3, 4], "car_1271": [0, 3], "car_1270": [6, 0], "car_1273": [3, 6], "car_1272": [1, 4], "car_1275": [5, 0], "car_1274": [2, 0], "car_1277": [1, 2], "car_1276": [7, 5], "car_2326": [7, 3], "car_2327": [3, 0], "car_1059": [5, 1], "car_1058": [2, 5], "car_1055": [1, 7], "car_1054": [7, 4], "car_1057": [6, 4], "car_1056": [3, 1], "car_1051": [1, 2], "car_1050": [2, 3], "car_1053": [2, 0], "car_1052": [6, 4], "car_69": [3, 4], "car_68": [1, 0], "car_61": [0, 2], "car_60": [6, 2], "car_63": [3, 5], "car_62": [2, 3], "car_65": [6, 5], "car_64": [4, 3], "car_67": [5, 2], "car_66": [0, 1], "car_1693": [6, 7], "car_1692": [3, 2], "car_1691": [1, 7], "car_1690": [7, 1], "car_1697": [0, 6], "car_1696": [6, 7], "car_969": [7, 2], "car_968": [5, 6], "car_967": [2, 3], "car_966": [0, 4], "car_965": [6, 3], "car_964": [4, 5], "car_963": [3, 1], "car_962": [1, 5], "car_961": [2, 4], "car_960": [6, 3], "car_1451": [6, 7], "car_1450": [3, 4], "car_1453": [5, 1], "car_1452": [2, 7], "car_1455": [6, 7], "car_1454": [1, 7], "car_1457": [2, 0], "car_1456": [0, 4], "car_1459": [6, 7], "car_1458": [1, 7], "car_1680": [7, 3], "car_1681": [4, 5], "car_1682": [0, 3], "car_1683": [3, 4], "car_1684": [5, 3], "car_1685": [7, 5], "car_1891": [1, 2], "car_1686": [4, 3], "car_1890": [5, 2], "car_1687": [0, 4], "car_1893": [6, 1], "car_545": [5, 1], "car_544": [2, 1], "car_547": [6, 4], "car_546": [7, 0], "car_541": [0, 6], "car_540": [2, 4], "car_543": [0, 6], "car_542": [6, 3], "car_1895": [5, 3], "car_549": [2, 5], "car_548": [0, 5], "car_819": [1, 6], "car_818": [7, 0], "car_2344": [4, 1], "car_2345": [6, 5], "car_2346": [0, 4], "car_2347": [3, 6], "car_2340": [7, 5], "car_1897": [1, 5], "car_2342": [6, 5], "car_2343": [7, 0], "car_1896": [7, 5], "car_2348": [7, 3], "car_2349": [1, 5], "car_33": [7, 2], "car_1767": [6, 0], "car_1766": [1, 3], "car_1765": [7, 1], "car_608": [2, 3], "car_609": [5, 3], "car_602": [6, 4], "car_603": [5, 2], "car_600": [3, 0], "car_601": [4, 7], "car_606": [3, 5], "car_607": [4, 3], "car_604": [7, 2], "car_605": [1, 3], "car_1761": [4, 6], "car_1760": [7, 5], "car_776": [0, 2], "car_777": [2, 7], "car_774": [1, 0], "car_775": [4, 6], "car_772": [0, 7], "car_773": [5, 0], "car_770": [3, 0], "car_771": [6, 1], "car_1768": [0, 7], "car_778": [5, 2], "car_779": [7, 2], "car_1750": [6, 2], "car_1994": [2, 7], "car_1995": [5, 6], "car_1996": [3, 2], "car_1997": [4, 0], "car_1990": [0, 7], "car_1991": [2, 4], "car_1992": [1, 5], "car_1993": [0, 1], "car_1998": [6, 2], "car_1999": [5, 4], "car_1842": [2, 0], "car_1806": [1, 6], "car_1840": [4, 5], "car_1841": [0, 2], "car_398": [0, 5], "car_399": [5, 1], "car_1844": [7, 5], "car_1807": [3, 6], "car_394": [6, 2], "car_395": [0, 4], "car_396": [3, 7], "car_397": [6, 7], "car_390": [0, 5], "car_391": [7, 4], "car_392": [1, 2], "car_393": [3, 0], "car_158": [7, 4], "car_159": [1, 7], "car_156": [2, 0], "car_157": [5, 6], "car_154": [1, 6], "car_155": [6, 1], "car_152": [0, 4], "car_153": [7, 3], "car_150": [4, 7], "car_151": [6, 7], "car_1208": [4, 7], "car_1209": [6, 7], "car_1204": [6, 3], "car_1205": [0, 5], "car_1206": [5, 1], "car_1207": [7, 4], "car_1200": [6, 5], "car_1201": [2, 3], "car_1202": [1, 5], "car_1203": [3, 7], "car_1808": [4, 1], "car_1809": [6, 7], "car_1510": [7, 2], "car_1511": [3, 2], "car_1512": [4, 1], "car_1513": [5, 3], "car_1514": [3, 0], "car_1515": [4, 6], "car_1516": [6, 2], "car_1517": [0, 7], "car_1518": [5, 6], "car_1519": [7, 4], "car_1198": [3, 6], "car_1199": [4, 6], "car_1194": [5, 3], "car_1195": [6, 3], "car_1196": [2, 4], "car_1197": [5, 1], "car_1190": [3, 5], "car_1191": [4, 7], "car_1192": [2, 1], "car_1193": [4, 6], "car_2126": [5, 3], "car_2127": [7, 2], "car_978": [3, 4], "car_979": [6, 0], "car_974": [7, 6], "car_975": [3, 0], "car_976": [5, 0], "car_977": [1, 3], "car_970": [3, 4], "car_971": [4, 6], "car_972": [0, 5], "car_973": [5, 1], "car_1424": [5, 6], "car_1425": [7, 0], "car_1426": [1, 2], "car_1427": [3, 7], "car_1420": [1, 2], "car_1421": [6, 1], "car_1422": [0, 2], "car_1423": [2, 3], "car_1428": [4, 6], "car_1429": [6, 7], "car_2128": [1, 3], "car_2129": [6, 2], "car_1738": [7, 4], "car_1739": [1, 0], "car_1730": [2, 4], "car_1731": [7, 1], "car_1732": [6, 0], "car_1733": [0, 6], "car_1734": [2, 1], "car_1735": [5, 1], "car_1736": [7, 2], "car_1737": [5, 7], "car_54": [0, 5], "car_55": [2, 7], "car_56": [5, 7], "car_57": [7, 1], "car_50": [7, 2], "car_51": [4, 6], "car_52": [7, 1], "car_53": [6, 2], "car_58": [1, 2], "car_59": [3, 1], "car_552": [3, 0], "car_805": [3, 6], "car_550": [5, 6], "car_551": [7, 2], "car_556": [3, 1], "car_557": [4, 5], "car_554": [0, 4], "car_555": [2, 0], "car_558": [0, 4], "car_559": [2, 3], "car_808": [5, 7], "car_809": [7, 3], "car_2357": [1, 4], "car_2356": [2, 6], "car_2355": [0, 1], "car_2354": [6, 5], "car_2353": [3, 2], "car_2352": [1, 6], "car_2351": [7, 1], "car_2350": [2, 5], "car_2359": [6, 1], "car_2358": [3, 6], "car_1757": [2, 3], "car_2339": [5, 2], "car_703": [6, 5], "car_702": [4, 7], "car_701": [7, 3], "car_700": [3, 6], "car_707": [3, 6], "car_706": [1, 5], "car_705": [5, 3], "car_704": [0, 4], "car_709": [6, 2], "car_708": [4, 1], "car_2221": [6, 1], "car_2308": [7, 4], "car_2309": [1, 4], "car_1987": [6, 5], "car_1986": [3, 6], "car_1985": [1, 5], "car_1984": [7, 1], "car_1983": [5, 7], "car_1982": [6, 5], "car_1981": [4, 3], "car_1980": [7, 3], "car_1989": [4, 2], "car_1988": [3, 0], "car_1855": [6, 1], "car_1796": [7, 0], "car_1857": [2, 6], "car_1856": [0, 6], "car_1851": [6, 5], "car_1850": [1, 4], "car_1853": [5, 4], "car_1797": [3, 6], "car_2336": [3, 4], "car_1859": [6, 4], "car_1794": [2, 3], "car_2230": [3, 5], "car_129": [4, 7], "car_128": [7, 4], "car_2231": [6, 1], "car_123": [2, 7], "car_122": [3, 7], "car_121": [5, 6], "car_120": [2, 7], "car_127": [2, 0], "car_126": [6, 1], "car_125": [4, 3], "car_124": [5, 0], "car_1790": [5, 6], "car_1219": [2, 7], "car_1218": [4, 1], "car_1217": [3, 7], "car_1216": [7, 5], "car_1215": [2, 3], "car_1214": [4, 7], "car_1213": [1, 6], "car_1212": [5, 6], "car_1211": [2, 4], "car_1210": [0, 5], "car_1415": [1, 2], "car_1414": [5, 6], "car_1417": [2, 7], "car_1416": [0, 1], "car_1411": [3, 6], "car_1410": [6, 7], "car_237": [1, 2], "car_236": [7, 0], "car_235": [5, 6], "car_234": [2, 6], "car_233": [0, 7], "car_232": [4, 2], "car_231": [3, 7], "car_230": [1, 0], "car_1412": [4, 2], "car_239": [6, 0], "car_238": [3, 0], "car_1503": [2, 1], "car_1502": [4, 6], "car_1501": [3, 2], "car_1500": [7, 3], "car_1507": [1, 3], "car_1506": [5, 2], "car_1505": [2, 6], "car_1504": [3, 6], "car_1509": [3, 0], "car_1508": [2, 5], "car_1189": [1, 4], "car_1188": [7, 6], "car_1187": [6, 5], "car_1186": [3, 1], "car_1185": [1, 7], "car_1184": [7, 1], "car_1183": [0, 6], "car_1182": [4, 6], "car_1181": [7, 5], "car_1180": [5, 2], "car_2182": [2, 1], "car_2183": [7, 4], "car_2180": [4, 7], "car_2181": [6, 7], "car_2186": [0, 1], "car_2187": [2, 5], "car_2184": [3, 6], "car_2185": [4, 3], "car_2188": [5, 2], "car_2189": [7, 6], "car_949": [0, 2], "car_948": [4, 6], "car_941": [1, 3], "car_940": [5, 3], "car_943": [3, 2], "car_942": [0, 7], "car_945": [5, 7], "car_944": [0, 2], "car_947": [1, 4], "car_946": [7, 3], "car_1437": [4, 2], "car_1436": [1, 7], "car_1435": [5, 3], "car_1434": [0, 5], "car_1433": [6, 2], "car_1432": [7, 0], "car_1431": [4, 1], "car_1430": [2, 1], "car_1439": [2, 1], "car_1438": [0, 4], "car_2238": [7, 5], "car_493": [0, 5], "car_492": [3, 2], "car_491": [1, 4], "car_490": [7, 0], "car_497": [2, 1], "car_496": [0, 2], "car_495": [7, 1], "car_494": [5, 1], "car_499": [7, 3], "car_498": [5, 3], "car_2296": [2, 5], "car_2297": [5, 6], "car_2294": [6, 1], "car_2239": [2, 5], "car_2292": [5, 3], "car_2293": [4, 6], "car_2290": [3, 0], "car_2291": [6, 0], "car_1918": [2, 5], "car_2298": [1, 5], "car_1919": [7, 5], "car_1729": [0, 2], "car_1728": [6, 1], "car_1723": [4, 3], "car_1722": [7, 0], "car_1721": [5, 3], "car_1720": [4, 1], "car_1727": [4, 7], "car_1726": [3, 7], "car_1725": [0, 3], "car_1724": [6, 2], "car_43": [0, 6], "car_42": [5, 3], "car_41": [0, 1], "car_40": [6, 1], "car_47": [0, 5], "car_46": [3, 7], "car_45": [5, 3], "car_44": [2, 7], "car_49": [5, 4], "car_48": [2, 1], "car_1916": [7, 4], "car_1917": [0, 3], "car_1858": [7, 5], "car_831": [7, 5], "car_830": [2, 0], "car_833": [4, 7], "car_832": [3, 7], "car_835": [2, 4], "car_834": [6, 0], "car_837": [7, 5], "car_836": [5, 2], "car_839": [6, 7], "car_838": [3, 6], "car_2360": [2, 6], "car_2361": [5, 0], "car_2366": [5, 4], "car_2367": [2, 1], "car_2364": [0, 2], "car_2365": [2, 4], "car_2168": [5, 0], "car_2169": [1, 4], "car_2160": [1, 6], "car_2161": [3, 5], "car_2162": [6, 1], "car_2163": [0, 3], "car_2164": [5, 0], "car_2165": [1, 0], "car_2166": [0, 1], "car_2167": [2, 5], "car_1941": [6, 1], "car_710": [2, 7], "car_711": [4, 2], "car_712": [5, 2], "car_713": [1, 2], "car_714": [3, 0], "car_715": [4, 0], "car_716": [6, 5], "car_717": [0, 5], "car_718": [5, 7], "car_719": [7, 0], "car_1892": [3, 7], "car_1894": [2, 3], "car_138": [4, 5], "car_139": [0, 7], "car_130": [2, 0], "car_131": [1, 4], "car_132": [4, 5], "car_133": [0, 2], "car_134": [1, 7], "car_135": [3, 5], "car_136": [6, 3], "car_137": [0, 1], "car_1222": [2, 4], "car_1223": [5, 3], "car_1220": [4, 0], "car_1221": [6, 0], "car_1226": [6, 5], "car_1227": [0, 6], "car_1224": [3, 2], "car_1225": [4, 1], "car_1886": [4, 5], "car_1887": [6, 0], "car_1228": [0, 2], "car_1229": [5, 7], "car_1882": [2, 7], "car_1883": [7, 6], "car_1880": [6, 3], "car_1881": [0, 2], "car_224": [2, 1], "car_225": [5, 7], "car_226": [1, 5], "car_227": [3, 7], "car_220": [0, 1], "car_221": [2, 0], "car_222": [5, 0], "car_223": [7, 1], "car_228": [0, 2], "car_229": [6, 0], "car_1086": [1, 4], "car_1087": [3, 0], "car_1084": [5, 3], "car_1085": [7, 3], "car_1082": [0, 3], "car_1083": [2, 6], "car_1080": [7, 6], "car_1081": [4, 7], "car_1088": [0, 7], "car_1089": [2, 4], "car_1536": [5, 4], "car_1537": [4, 3], "car_1534": [6, 1], "car_1535": [2, 0], "car_1532": [1, 5], "car_1533": [3, 2], "car_1530": [6, 3], "car_1531": [0, 7], "car_1538": [5, 6], "car_1539": [7, 4], "car_956": [5, 1], "car_957": [1, 4], "car_954": [0, 5], "car_955": [2, 6], "car_952": [3, 2], "car_953": [4, 6], "car_950": [5, 4], "car_951": [1, 3], "car_1827": [1, 3], "car_2199": [4, 2], "car_2198": [1, 5], "car_958": [3, 2], "car_959": [4, 2], "car_1158": [5, 7], "car_1159": [1, 7], "car_1408": [1, 2], "car_1409": [4, 3], "car_1829": [6, 2], "car_1150": [3, 4], "car_1151": [2, 7], "car_1152": [5, 7], "car_1153": [7, 4], "car_1154": [1, 6], "car_1155": [3, 2], "car_1156": [4, 6], "car_1157": [0, 3], "car_2380": [5, 6], "car_2381": [1, 3], "car_2382": [4, 7], "car_2383": [6, 4], "car_1826": [5, 1], "car_480": [7, 2], "car_481": [2, 6], "car_482": [5, 1], "car_483": [7, 2], "car_484": [1, 7], "car_485": [3, 6], "car_486": [6, 7], "car_487": [0, 6], "car_488": [2, 0], "car_489": [5, 3], "car_2283": [2, 1], "car_2282": [0, 2], "car_2285": [3, 6], "car_2284": [1, 2], "car_2287": [2, 1], "car_2286": [4, 0], "car_853": [3, 1], "car_852": [1, 4], "car_851": [2, 5], "car_582": [3, 1], "car_1718": [5, 7], "car_1719": [7, 0], "car_1716": [0, 7], "car_857": [4, 6], "car_1714": [7, 5], "car_1715": [4, 1], "car_1712": [2, 0], "car_1713": [5, 7], "car_1710": [6, 4], "car_856": [5, 7], "car_1828": [3, 1], "car_855": [0, 4], "car_854": [4, 5], "car_2379": [0, 6], "car_2378": [6, 5], "car_828": [3, 7], "car_829": [4, 5], "car_826": [4, 5], "car_827": [1, 3], "car_824": [1, 2], "car_825": [3, 0], "car_822": [0, 3], "car_823": [7, 3], "car_820": [2, 4], "car_821": [7, 6], "car_2179": [7, 1], "car_2178": [3, 2], "car_2173": [2, 5], "car_2172": [0, 3], "car_2171": [4, 2], "car_2170": [3, 4], "car_2177": [5, 7], "car_2176": [6, 7], "car_2175": [1, 7], "car_2174": [5, 4], "car_729": [5, 2], "car_728": [2, 6], "car_725": [3, 0], "car_724": [1, 2], "car_727": [0, 4], "car_726": [6, 1], "car_721": [2, 7], "car_720": [4, 5], "car_723": [7, 3], "car_722": [5, 6], "car_1795": [5, 6], "car_1792": [1, 4], "car_1793": [6, 3], "car_105": [2, 4], "car_104": [0, 5], "car_107": [3, 1], "car_106": [7, 5], "car_101": [3, 0], "car_100": [1, 6], "car_103": [2, 3], "car_102": [0, 2], "car_1888": [5, 1], "car_109": [7, 2], "car_108": [6, 5], "car_1791": [7, 1], "car_1235": [7, 5], "car_1234": [0, 6], "car_1237": [0, 5], "car_1236": [3, 7], "car_1231": [1, 6], "car_1230": [7, 2], "car_1233": [6, 0], "car_1232": [4, 0], "car_1899": [0, 2], "car_1898": [3, 1], "car_1239": [7, 4], "car_1238": [5, 3], "car_211": [7, 0], "car_210": [5, 7], "car_213": [2, 1], "car_212": [1, 0], "car_215": [3, 1], "car_214": [5, 2], "car_217": [2, 1], "car_216": [0, 1], "car_219": [3, 1], "car_218": [1, 2], "car_1529": [4, 6], "car_1528": [3, 6], "car_1521": [2, 0], "car_1520": [1, 4], "car_1523": [1, 5], "car_1522": [7, 4], "car_1525": [2, 4], "car_1524": [6, 1], "car_1527": [0, 2], "car_1526": [4, 1], "car_2313": [5, 1], "car_2312": [2, 0], "car_2311": [6, 1], "car_923": [7, 2], "car_922": [5, 0], "car_921": [6, 2], "car_920": [1, 3], "car_927": [1, 3], "car_926": [5, 3], "car_925": [0, 1], "car_924": [1, 6], "car_2317": [5, 1], "car_929": [4, 7], "car_928": [3, 5], "car_2316": [0, 3], "car_1149": [1, 3], "car_1148": [7, 6], "car_1419": [7, 1], "car_1418": [5, 7], "car_1143": [6, 2], "car_1142": [7, 2], "car_1141": [5, 6], "car_1140": [0, 1], "car_1147": [2, 6], "car_1146": [4, 5], "car_1145": [3, 4], "car_1144": [2, 4], "car_1099": [0, 1], "car_1098": [3, 1], "car_1091": [7, 6], "car_1090": [5, 6], "car_1093": [4, 5], "car_1092": [1, 7], "car_1095": [7, 0], "car_1094": [6, 3], "car_1097": [3, 1], "car_1096": [1, 4], "car_1701": [5, 1], "car_1700": [7, 3], "car_1703": [3, 5], "car_1702": [7, 4], "car_1705": [2, 0], "car_1704": [0, 7], "car_1707": [4, 2], "car_1706": [3, 7], "car_1709": [1, 4], "car_1708": [7, 3], "car_589": [5, 0], "car_588": [2, 4], "car_859": [1, 7], "car_858": [6, 0], "car_1695": [1, 2], "car_581": [7, 5], "car_580": [5, 4], "car_583": [4, 6], "car_850": [6, 1], "car_585": [1, 3], "car_584": [5, 3], "car_587": [6, 5], "car_586": [4, 7], "car_2002": [3, 5], "car_2148": [4, 7], "car_2149": [0, 7], "car_2146": [7, 1], "car_2147": [3, 1], "car_2144": [0, 6], "car_2145": [2, 4], "car_2142": [4, 5], "car_2143": [6, 3], "car_2140": [2, 5], "car_2141": [7, 0], "car_457": [5, 6], "car_456": [6, 3], "car_455": [4, 1], "car_454": [1, 3], "car_453": [2, 7], "car_452": [0, 6], "car_451": [4, 0], "car_450": [7, 1], "car_1878": [1, 0], "car_459": [6, 4], "car_458": [1, 7], "car_1877": [5, 0], "car_1876": [2, 6], "car_1875": [4, 7], "car_1874": [5, 0], "car_1873": [6, 4], "car_1872": [4, 2], "car_738": [2, 4], "car_739": [5, 4], "car_1871": [2, 4], "car_733": [5, 4], "car_732": [2, 4], "car_32": [2, 0], "car_730": [7, 5], "car_731": [6, 5], "car_736": [6, 5], "car_737": [0, 6], "car_734": [7, 1], "car_735": [1, 0], "car_1976": [2, 5], "car_1977": [0, 5], "car_1698": [2, 4], "car_38": [7, 4], "car_39": [1, 0], "car_2295": [0, 5], "car_1978": [2, 6], "car_1979": [5, 6], "car_112": [2, 0], "car_113": [5, 4], "car_110": [6, 1], "car_111": [0, 3], "car_116": [3, 2], "car_117": [4, 0], "car_114": [0, 1], "car_115": [2, 0], "car_118": [6, 5], "car_119": [0, 1], "car_2299": [4, 0], "car_1950": [3, 5], "car_1951": [4, 7], "car_1952": [0, 3], "car_1953": [5, 6], "car_1954": [1, 3], "car_1955": [3, 4], "car_208": [6, 2], "car_209": [2, 4], "car_206": [5, 7], "car_207": [7, 4], "car_204": [6, 7], "car_205": [2, 3], "car_202": [1, 0], "car_203": [3, 4], "car_200": [2, 6], "car_201": [5, 3], "car_1558": [2, 4], "car_1559": [5, 0], "car_1554": [0, 7], "car_1555": [7, 5], "car_1556": [6, 4], "car_1557": [0, 4], "car_1550": [6, 1], "car_1551": [0, 5], "car_1552": [4, 3], "car_1553": [6, 7], "car_1398": [5, 1], "car_1399": [1, 4], "car_1392": [0, 2], "car_1393": [1, 4], "car_1390": [1, 2], "car_1391": [6, 2], "car_1396": [4, 5], "car_1397": [6, 2], "car_1394": [3, 2], "car_1395": [7, 4], "car_930": [2, 3], "car_931": [5, 6], "car_932": [1, 7], "car_933": [6, 0], "car_934": [2, 4], "car_935": [5, 3], "car_936": [7, 4], "car_937": [0, 3], "car_938": [1, 0], "car_939": [0, 6], "car_6": [4, 2], "car_7": [6, 7], "car_4": [5, 7], "car_5": [7, 2], "car_2": [3, 2], "car_3": [2, 1], "car_1178": [3, 6], "car_1": [7, 5], "car_1176": [3, 5], "car_1177": [6, 0], "car_1174": [5, 7], "car_1175": [7, 2], "car_1172": [4, 1], "car_1173": [6, 5], "car_8": [7, 2], "car_9": [1, 3], "car_1774": [7, 0], "car_1775": [0, 3], "car_1776": [5, 6], "car_1777": [7, 5], "car_1770": [4, 3], "car_1771": [6, 3], "car_1772": [0, 3], "car_1773": [5, 0], "car_1778": [1, 7], "car_1779": [6, 2], "car_98": [6, 0], "car_99": [5, 1], "car_90": [2, 4], "car_91": [0, 2], "car_92": [7, 3], "car_93": [1, 0], "car_94": [3, 1], "car_95": [2, 6], "car_96": [1, 4], "car_97": [3, 1], "car_596": [1, 2], "car_597": [6, 0], "car_594": [5, 2], "car_595": [7, 4], "car_592": [6, 5], "car_593": [0, 2], "car_590": [1, 2], "car_591": [3, 0], "car_598": [0, 1], "car_599": [1, 2], "car_848": [3, 5], "car_849": [4, 3], "car_840": [0, 1], "car_841": [2, 6], "car_842": [0, 1], "car_843": [5, 6], "car_844": [1, 4], "car_845": [6, 2], "car_846": [0, 2], "car_847": [5, 2], "car_1608": [3, 4], "car_1609": [6, 0], "car_2153": [6, 7], "car_2152": [4, 7], "car_2155": [7, 4], "car_2154": [2, 1], "car_2157": [3, 5], "car_2156": [1, 6], "car_1600": [0, 5], "car_1601": [2, 3], "car_1602": [3, 7], "car_1603": [2, 1], "car_1604": [5, 4], "car_1605": [7, 2], "car_1606": [1, 5], "car_1607": [7, 0], "car_2369": [4, 3], "car_2362": [7, 5], "car_2363": [1, 7], "car_444": [0, 5], "car_445": [2, 4], "car_446": [5, 7], "car_447": [1, 6], "car_440": [4, 7], "car_441": [0, 3], "car_442": [2, 7], "car_443": [5, 7], "car_448": [3, 7], "car_449": [4, 0], "car_2201": [2, 5], "car_2200": [6, 5], "car_2209": [1, 7], "car_2208": [7, 5], "car_2324": [2, 6], "car_695": [4, 1], "car_694": [7, 5], "car_697": [2, 0], "car_696": [6, 7], "car_691": [4, 0], "car_690": [5, 1], "car_693": [5, 2], "car_692": [2, 7], "car_699": [1, 4], "car_698": [7, 5], "car_1943": [5, 0], "car_1942": [0, 7], "car_279": [6, 2], "car_278": [7, 0], "car_1947": [0, 7], "car_1946": [6, 3], "car_1945": [4, 3], "car_1944": [1, 4], "car_273": [4, 2], "car_272": [1, 3], "car_271": [5, 1], "car_270": [2, 5], "car_277": [5, 6], "car_276": [2, 5], "car_275": [0, 5], "car_274": [6, 5], "car_1925": [2, 5], "car_1549": [7, 5], "car_1548": [2, 4], "car_1547": [0, 7], "car_1546": [6, 5], "car_1545": [3, 0], "car_1544": [6, 3], "car_1543": [1, 0], "car_1542": [2, 6], "car_1541": [6, 0], "car_1540": [4, 1], "car_1389": [7, 2], "car_1388": [2, 4], "car_1385": [3, 6], "car_1384": [1, 7], "car_1387": [0, 2], "car_1386": [6, 3], "car_1381": [3, 5], "car_1380": [1, 3], "car_1383": [7, 3], "car_1382": [0, 4], "car_307": [6, 0], "car_306": [4, 2], "car_305": [1, 6], "car_304": [0, 1], "car_303": [4, 6], "car_302": [1, 7], "car_301": [7, 0], "car_300": [5, 4], "car_804": [0, 7], "car_309": [5, 0], "car_308": [2, 4], "car_909": [6, 2], "car_908": [4, 0], "car_905": [5, 3], "car_904": [0, 4], "car_907": [1, 6], "car_906": [7, 2], "car_901": [1, 2], "car_900": [7, 0], "car_903": [6, 4], "car_902": [3, 2], "car_1161": [6, 5], "car_1160": [3, 1], "car_1163": [2, 5], "car_1162": [0, 1], "car_1165": [5, 4], "car_1164": [3, 0], "car_1167": [6, 2], "car_1166": [3, 5], "car_1169": [2, 7], "car_1168": [0, 4], "car_2322": [3, 6], "car_2010": [3, 5], "car_2011": [4, 7], "car_2012": [2, 5], "car_2013": [5, 4], "car_2014": [7, 0], "car_2015": [6, 4], "car_2016": [2, 4], "car_2017": [7, 3], "car_2018": [1, 0], "car_2019": [6, 4], "car_87": [3, 0], "car_86": [1, 6], "car_85": [7, 0], "car_84": [4, 0], "car_83": [1, 7], "car_82": [2, 6], "car_81": [0, 5], "car_80": [5, 3], "car_2001": [7, 2], "car_89": [0, 5], "car_88": [4, 0], "car_2000": [1, 2], "car_875": [4, 6], "car_874": [3, 1], "car_877": [0, 6], "car_876": [6, 1], "car_871": [4, 1], "car_870": [1, 5], "car_873": [1, 3], "car_872": [6, 0], "car_1694": [5, 3], "car_879": [7, 6], "car_878": [2, 3], "car_1752": [7, 3], "car_1753": [3, 4], "car_1699": [5, 3], "car_2124": [0, 4], "car_2125": [2, 5], "car_1619": [3, 7], "car_1618": [7, 5], "car_2120": [2, 7], "car_2121": [7, 0], "car_2122": [3, 2], "car_2123": [6, 2], "car_1613": [3, 5], "car_1612": [1, 7], "car_1611": [5, 4], "car_1610": [2, 0], "car_1617": [4, 0], "car_1616": [1, 2], "car_1615": [2, 1], "car_1614": [4, 2], "car_1754": [4, 2], "car_1755": [3, 7], "car_2323": [4, 6], "car_471": [0, 3], "car_470": [1, 4], "car_473": [7, 0], "car_472": [5, 2], "car_475": [6, 0], "car_474": [3, 7], "car_477": [6, 4], "car_476": [7, 4], "car_479": [5, 6], "car_478": [2, 7], "car_2232": [0, 6], "car_2233": [5, 0], "car_2234": [7, 3], "car_2235": [3, 6], "car_2236": [2, 4], "car_2237": [5, 7], "car_2038": [5, 1], "car_2039": [7, 0], "car_1819": [6, 3], "car_1818": [1, 2], "car_682": [1, 5], "car_683": [3, 6], "car_680": [6, 7], "car_681": [2, 0], "car_686": [3, 7], "car_687": [4, 5], "car_684": [5, 1], "car_685": [7, 1], "car_688": [6, 0], "car_689": [0, 6], "car_1815": [6, 5], "car_1814": [4, 5], "car_1670": [2, 0], "car_1956": [4, 6], "car_1957": [6, 1], "car_1958": [0, 4], "car_1959": [5, 7], "car_2003": [4, 3], "car_268": [1, 7], "car_269": [3, 2], "car_1974": [7, 1], "car_1975": [3, 1], "car_1972": [3, 0], "car_1973": [0, 1], "car_1970": [6, 1], "car_1971": [2, 7], "car_260": [0, 5], "car_261": [1, 5], "car_262": [3, 4], "car_263": [6, 4], "car_264": [0, 1], "car_265": [2, 1], "car_266": [5, 7], "car_267": [7, 0], "car_1572": [0, 7], "car_1573": [5, 1], "car_1570": [1, 3], "car_1571": [4, 0], "car_1576": [5, 3], "car_1577": [7, 4], "car_1574": [7, 3], "car_1575": [0, 4], "car_1578": [1, 0], "car_1579": [6, 2], "car_1370": [0, 2], "car_1371": [5, 4], "car_1372": [7, 0], "car_1373": [0, 6], "car_1374": [2, 3], "car_1375": [5, 6], "car_1376": [3, 4], "car_1377": [4, 7], "car_1378": [0, 4], "car_1379": [7, 6], "car_314": [5, 4], "car_315": [7, 4], "car_316": [1, 5], "car_317": [4, 3], "car_310": [7, 2], "car_311": [1, 3], "car_312": [6, 4], "car_313": [2, 5], "car_318": [6, 0], "car_319": [0, 7], "car_918": [5, 2], "car_919": [7, 6], "car_912": [6, 4], "car_913": [2, 1], "car_910": [2, 4], "car_911": [3, 1], "car_916": [0, 4], "car_917": [2, 7], "car_914": [7, 3], "car_915": [1, 2], "car_1114": [3, 1], "car_1115": [4, 1], "car_1116": [6, 1], "car_1117": [5, 6], "car_1110": [4, 7], "car_1111": [6, 3], "car_1112": [2, 7], "car_1113": [1, 4], "car_1118": [0, 1], "car_1119": [2, 5], "car_1284": [7, 0], "car_1285": [1, 2], "car_1286": [4, 6], "car_1287": [0, 5], "car_1280": [0, 6], "car_1281": [2, 6], "car_1282": [0, 4], "car_1283": [5, 1], "car_2130": [5, 2], "car_1288": [2, 0], "car_1289": [5, 1], "car_1744": [6, 7], "car_1028": [2, 4], "car_1029": [5, 4], "car_1758": [3, 2], "car_1759": [4, 0], "car_2007": [2, 0], "car_2006": [0, 7], "car_2005": [0, 2], "car_2004": [6, 3], "car_1020": [1, 0], "car_1021": [4, 7], "car_1022": [4, 1], "car_1023": [6, 3], "car_1024": [0, 6], "car_1025": [7, 4], "car_1026": [1, 4], "car_1027": [4, 0], "car_1598": [7, 4], "car_1599": [3, 5], "car_1590": [3, 1], "car_1591": [4, 5], "car_1592": [2, 5], "car_1593": [7, 0], "car_1594": [1, 0], "car_1595": [4, 0], "car_1596": [6, 3], "car_1597": [5, 2], "car_1746": [2, 0], "car_862": [7, 6], "car_863": [3, 0], "car_860": [3, 4], "car_861": [0, 7], "car_866": [5, 4], "car_867": [4, 6], "car_864": [4, 3], "car_865": [2, 4], "car_868": [0, 7], "car_869": [7, 6], "car_1741": [5, 7], "car_2137": [1, 5], "car_2136": [7, 5], "car_2135": [0, 6], "car_2134": [6, 7], "car_2133": [4, 5], "car_2132": [3, 2], "car_1628": [4, 6], "car_1629": [5, 1], "car_1626": [7, 5], "car_1627": [1, 6], "car_1624": [3, 2], "car_1625": [4, 0], "car_1622": [0, 6], "car_1623": [1, 4], "car_1620": [5, 0], "car_1621": [4, 7], "car_1740": [6, 5]}