{"car_3253": [5, 0], "car_2009": [6, 7], "car_3196": [7, 3], "car_3197": [1, 3], "car_3194": [2, 6], "car_3195": [5, 7], "car_3192": [6, 5], "car_3193": [0, 1], "car_3190": [3, 5], "car_3191": [4, 3], "car_3198": [3, 5], "car_3199": [4, 3], "car_2229": [7, 2], "car_2228": [5, 4], "car_468": [0, 1], "car_469": [2, 1], "car_466": [4, 0], "car_467": [6, 2], "car_464": [5, 0], "car_465": [1, 4], "car_462": [0, 3], "car_463": [2, 7], "car_460": [4, 1], "car_461": [6, 2], "car_2455": [6, 0], "car_3068": [2, 5], "car_3069": [5, 2], "car_2751": [5, 2], "car_3062": [6, 7], "car_3063": [2, 5], "car_3060": [3, 7], "car_3061": [4, 0], "car_3066": [4, 5], "car_3067": [6, 3], "car_3064": [5, 2], "car_3065": [1, 7], "car_3268": [0, 2], "car_817": [4, 3], "car_816": [3, 7], "car_3260": [1, 6], "car_3261": [3, 5], "car_3262": [4, 2], "car_3263": [6, 0], "car_3264": [0, 2], "car_815": [7, 3], "car_3266": [7, 1], "car_3267": [3, 7], "car_2750": [2, 4], "car_814": [5, 4], "car_813": [2, 4], "car_812": [0, 4], "car_2072": [1, 6], "car_811": [6, 1], "car_2073": [3, 2], "car_810": [3, 7], "car_3214": [5, 7], "car_679": [3, 7], "car_678": [5, 1], "car_677": [0, 1], "car_676": [6, 4], "car_675": [4, 3], "car_674": [7, 2], "car_673": [0, 2], "car_672": [6, 3], "car_671": [4, 0], "car_670": [1, 6], "car_2771": [0, 4], "car_3213": [2, 3], "car_2770": [4, 3], "car_3212": [0, 7], "car_2078": [5, 4], "car_2079": [7, 4], "car_2456": [0, 2], "car_2341": [5, 2], "car_2670": [0, 3], "car_2671": [2, 7], "car_2754": [2, 3], "car_2672": [5, 6], "car_2223": [1, 4], "car_789": [3, 7], "car_788": [6, 2], "car_3338": [0, 1], "car_2222": [7, 4], "car_783": [2, 5], "car_782": [6, 7], "car_781": [4, 1], "car_780": [1, 4], "car_787": [4, 1], "car_786": [3, 7], "car_785": [1, 0], "car_784": [5, 0], "car_2220": [2, 6], "car_0": [0, 1], "car_2227": [0, 7], "car_1179": [1, 5], "car_2375": [6, 7], "car_2226": [6, 5], "car_3339": [2, 4], "car_2225": [4, 1], "car_2224": [3, 2], "car_255": [4, 3], "car_254": [1, 2], "car_257": [5, 2], "car_256": [2, 7], "car_251": [2, 5], "car_250": [0, 3], "car_253": [7, 1], "car_252": [5, 4], "car_1961": [4, 0], "car_1960": [3, 5], "car_1963": [5, 0], "car_1962": [6, 0], "car_259": [3, 7], "car_258": [1, 5], "car_1967": [0, 4], "car_1966": [6, 1], "car_1170": [0, 2], "car_1171": [2, 7], "car_1565": [4, 2], "car_1564": [1, 2], "car_1567": [0, 4], "car_1566": [6, 1], "car_1561": [0, 6], "car_1560": [3, 0], "car_1563": [7, 2], "car_1562": [2, 5], "car_1569": [5, 2], "car_1568": [2, 4], "car_1413": [0, 1], "car_1363": [3, 7], "car_1362": [1, 7], "car_1361": [5, 3], "car_1360": [2, 7], "car_1367": [1, 2], "car_1366": [7, 2], "car_1365": [6, 3], "car_1364": [4, 3], "car_1369": [2, 6], "car_1368": [4, 5], "car_2758": [4, 5], "car_2376": [0, 2], "car_321": [1, 5], "car_320": [7, 1], "car_323": [4, 5], "car_322": [3, 2], "car_325": [2, 3], "car_324": [6, 5], "car_327": [1, 6], "car_326": [7, 6], "car_329": [4, 7], "car_328": [3, 6], "car_2722": [1, 5], "car_2723": [3, 4], "car_2720": [0, 1], "car_2721": [7, 3], "car_2726": [2, 3], "car_2727": [5, 7], "car_2724": [4, 6], "car_2725": [6, 5], "car_2728": [7, 5], "car_2729": [1, 5], "car_1107": [7, 2], "car_1106": [2, 0], "car_1105": [0, 1], "car_1104": [4, 2], "car_1103": [1, 0], "car_1102": [7, 0], "car_1101": [5, 6], "car_1100": [0, 2], "car_1109": [4, 3], "car_1108": [1, 7], "car_1297": [3, 7], "car_1296": [5, 2], "car_1295": [2, 0], "car_1294": [0, 2], "car_1293": [6, 1], "car_1292": [4, 6], "car_1291": [3, 4], "car_1290": [1, 7], "car_1299": [6, 7], "car_1298": [4, 6], "car_2928": [0, 6], "car_2929": [2, 0], "car_2924": [7, 3], "car_2925": [1, 3], "car_2926": [4, 1], "car_2927": [6, 3], "car_2920": [6, 5], "car_2921": [0, 7], "car_2922": [2, 0], "car_2923": [5, 1], "car_2586": [3, 5], "car_2587": [4, 0], "car_2584": [7, 4], "car_2585": [1, 0], "car_2582": [4, 7], "car_2583": [6, 4], "car_2580": [7, 2], "car_2581": [3, 2], "car_2858": [5, 2], "car_2859": [7, 2], "car_2588": [6, 2], "car_2589": [0, 7], "car_2036": [6, 1], "car_2037": [0, 6], "car_1039": [1, 6], "car_1038": [7, 1], "car_1749": [1, 7], "car_1748": [7, 0], "car_2030": [6, 5], "car_2031": [2, 0], "car_1033": [0, 6], "car_1032": [6, 3], "car_1031": [4, 0], "car_1030": [3, 6], "car_1037": [2, 7], "car_1036": [6, 0], "car_1035": [4, 1], "car_1034": [2, 0], "car_1589": [0, 2], "car_1588": [6, 3], "car_1583": [0, 2], "car_1582": [6, 2], "car_1581": [3, 4], "car_1580": [1, 5], "car_1587": [4, 7], "car_1586": [7, 6], "car_1585": [5, 3], "car_1584": [2, 3], "car_1852": [3, 6], "car_1906": [5, 4], "car_3295": [5, 1], "car_3294": [0, 5], "car_3297": [4, 2], "car_3296": [3, 0], "car_3291": [7, 2], "car_3290": [5, 4], "car_899": [5, 0], "car_898": [2, 4], "car_897": [0, 1], "car_896": [6, 7], "car_895": [4, 5], "car_894": [3, 7], "car_893": [1, 3], "car_892": [7, 2], "car_891": [0, 3], "car_890": [6, 3], "car_2458": [5, 7], "car_2459": [7, 5], "car_2108": [6, 5], "car_2109": [0, 7], "car_2102": [4, 2], "car_2103": [0, 3], "car_2100": [4, 6], "car_2101": [1, 2], "car_2106": [1, 6], "car_2107": [4, 3], "car_2104": [2, 0], "car_2105": [7, 3], "car_1631": [5, 4], "car_1630": [0, 6], "car_1633": [1, 0], "car_1632": [7, 5], "car_1635": [6, 0], "car_1634": [3, 5], "car_1637": [7, 1], "car_1636": [5, 2], "car_1639": [3, 6], "car_1638": [1, 6], "car_1751": [6, 5], "car_2803": [4, 1], "car_2802": [3, 2], "car_2801": [7, 1], "car_3189": [1, 3], "car_3188": [7, 1], "car_2800": [2, 1], "car_3269": [2, 6], "car_3181": [5, 3], "car_2807": [7, 4], "car_1756": [1, 6], "car_3182": [7, 5], "car_3185": [6, 5], "car_3184": [3, 4], "car_3187": [2, 3], "car_2806": [5, 2], "car_2805": [2, 0], "car_3306": [2, 3], "car_2816": [7, 2], "car_2804": [0, 3], "car_3104": [6, 4], "car_2414": [3, 4], "car_419": [5, 6], "car_418": [2, 1], "car_2218": [6, 2], "car_2219": [0, 4], "car_413": [7, 4], "car_412": [5, 2], "car_411": [6, 5], "car_410": [4, 7], "car_417": [0, 2], "car_416": [6, 7], "car_415": [4, 6], "car_414": [3, 4], "car_2417": [0, 1], "car_1679": [0, 4], "car_1678": [4, 1], "car_2412": [7, 6], "car_2947": [5, 7], "car_2413": [1, 0], "car_3265": [2, 1], "car_3079": [3, 7], "car_3078": [1, 6], "car_3075": [2, 5], "car_3074": [0, 3], "car_3077": [7, 6], "car_3076": [5, 0], "car_3071": [3, 7], "car_3070": [1, 3], "car_3073": [6, 0], "car_3072": [4, 5], "car_527": [1, 3], "car_526": [7, 2], "car_525": [5, 4], "car_524": [2, 1], "car_523": [6, 4], "car_522": [1, 2], "car_521": [7, 6], "car_520": [5, 7], "car_3273": [6, 0], "car_1671": [1, 2], "car_3271": [1, 0], "car_1889": [7, 2], "car_3277": [0, 4], "car_3276": [4, 1], "car_529": [4, 0], "car_528": [3, 5], "car_1884": [0, 6], "car_1885": [5, 1], "car_2368": [4, 2], "car_2786": [3, 1], "car_2787": [6, 1], "car_668": [6, 0], "car_669": [5, 7], "car_664": [5, 6], "car_665": [7, 1], "car_666": [1, 6], "car_667": [3, 7], "car_660": [4, 5], "car_661": [6, 4], "car_662": [0, 5], "car_663": [2, 3], "car_2759": [6, 5], "car_1854": [6, 1], "car_2788": [0, 2], "car_3308": [4, 3], "car_2789": [7, 1], "car_2940": [2, 3], "car_798": [6, 3], "car_799": [0, 5], "car_790": [4, 3], "car_791": [6, 5], "car_792": [0, 7], "car_793": [2, 4], "car_794": [7, 2], "car_795": [1, 2], "car_796": [3, 7], "car_797": [4, 3], "car_242": [1, 7], "car_243": [4, 1], "car_240": [5, 3], "car_241": [7, 0], "car_246": [7, 2], "car_247": [1, 4], "car_244": [2, 4], "car_245": [5, 0], "car_1914": [1, 3], "car_1915": [4, 2], "car_248": [3, 7], "car_249": [6, 4], "car_1910": [4, 3], "car_1911": [6, 0], "car_1912": [0, 4], "car_1913": [7, 6], "car_1356": [5, 4], "car_1357": [7, 5], "car_1354": [6, 1], "car_1355": [2, 0], "car_1352": [7, 4], "car_1353": [3, 2], "car_1350": [0, 3], "car_1351": [2, 7], "car_1358": [1, 6], "car_1359": [3, 7], "car_1831": [1, 0], "car_1820": [0, 1], "car_1821": [2, 3], "car_1822": [5, 7], "car_1823": [7, 4], "car_1824": [1, 3], "car_1825": [3, 7], "car_338": [3, 4], "car_339": [4, 2], "car_336": [2, 3], "car_337": [1, 2], "car_334": [3, 7], "car_335": [4, 7], "car_332": [5, 0], "car_333": [1, 6], "car_330": [6, 1], "car_331": [0, 3], "car_2735": [5, 4], "car_2734": [2, 4], "car_1138": [6, 5], "car_1139": [2, 1], "car_2731": [4, 5], "car_2730": [3, 4], "car_2733": [0, 6], "car_2732": [6, 0], "car_1132": [3, 7], "car_1133": [6, 0], "car_1130": [7, 6], "car_1131": [1, 4], "car_1136": [1, 6], "car_1137": [3, 1], "car_1134": [0, 7], "car_1135": [2, 0], "car_1839": [4, 1], "car_2393": [1, 0], "car_1838": [3, 2], "car_2392": [5, 4], "car_3301": [7, 2], "car_3300": [2, 5], "car_2939": [6, 1], "car_2938": [3, 5], "car_2937": [1, 6], "car_2936": [7, 4], "car_2935": [5, 3], "car_2934": [2, 6], "car_2933": [4, 6], "car_2932": [3, 1], "car_2931": [1, 6], "car_2930": [7, 3], "car_2029": [4, 7], "car_2028": [1, 7], "car_2845": [4, 6], "car_2844": [3, 0], "car_2843": [1, 5], "car_2842": [7, 0], "car_2841": [2, 6], "car_2840": [0, 6], "car_2021": [2, 0], "car_2020": [6, 0], "car_2023": [1, 0], "car_2022": [7, 1], "car_2025": [0, 3], "car_2024": [6, 4], "car_2027": [7, 6], "car_2026": [5, 6], "car_2948": [1, 4], "car_2520": [3, 0], "car_1008": [1, 5], "car_1009": [3, 5], "car_1006": [5, 6], "car_1007": [7, 0], "car_1004": [6, 7], "car_1005": [2, 5], "car_1002": [1, 5], "car_1003": [4, 7], "car_1000": [4, 5], "car_1001": [7, 2], "car_2398": [2, 4], "car_2629": [0, 1], "car_2524": [7, 6], "car_2628": [6, 5], "car_3310": [5, 2], "car_2525": [3, 5], "car_2995": [7, 3], "car_2674": [4, 5], "car_1924": [4, 0], "car_2994": [2, 3], "car_2527": [2, 3], "car_2997": [3, 6], "car_36": [1, 0], "car_37": [3, 2], "car_34": [5, 0], "car_35": [7, 6], "car_888": [1, 5], "car_889": [4, 0], "car_30": [7, 6], "car_31": [3, 6], "car_884": [4, 5], "car_885": [6, 2], "car_886": [0, 4], "car_887": [7, 2], "car_880": [2, 4], "car_881": [5, 4], "car_882": [7, 5], "car_883": [3, 1], "car_2449": [3, 7], "car_2448": [1, 2], "car_2119": [7, 6], "car_2118": [5, 7], "car_2115": [6, 2], "car_2114": [3, 1], "car_2117": [2, 6], "car_2116": [0, 2], "car_2111": [5, 3], "car_2110": [2, 4], "car_2113": [1, 7], "car_2112": [7, 0], "car_1644": [7, 1], "car_1645": [1, 7], "car_1646": [3, 4], "car_1647": [6, 3], "car_1640": [4, 0], "car_1641": [0, 4], "car_1642": [2, 4], "car_1643": [5, 4], "car_3312": [6, 4], "car_1648": [0, 7], "car_1649": [2, 5], "car_2599": [1, 7], "car_2159": [2, 0], "car_2158": [4, 7], "car_2591": [7, 0], "car_2590": [5, 7], "car_2593": [3, 5], "car_2592": [1, 3], "car_2595": [6, 7], "car_2594": [4, 2], "car_2597": [5, 2], "car_2596": [0, 2], "car_3313": [0, 6], "car_2677": [3, 1], "car_2608": [2, 6], "car_408": [1, 6], "car_409": [3, 1], "car_2203": [2, 3], "car_2202": [0, 7], "car_2205": [7, 0], "car_2204": [5, 7], "car_2207": [3, 2], "car_2206": [1, 5], "car_400": [1, 7], "car_401": [3, 6], "car_402": [4, 5], "car_403": [6, 3], "car_404": [0, 1], "car_405": [2, 3], "car_406": [5, 1], "car_407": [7, 1], "car_1769": [0, 1], "car_3080": [4, 3], "car_3081": [2, 5], "car_3082": [7, 1], "car_3083": [1, 3], "car_3084": [3, 6], "car_3085": [0, 1], "car_3086": [7, 5], "car_3087": [1, 5], "car_3088": [6, 1], "car_3089": [2, 7], "car_2973": [0, 3], "car_534": [0, 3], "car_535": [2, 7], "car_536": [7, 6], "car_537": [4, 3], "car_530": [6, 0], "car_531": [2, 6], "car_532": [5, 0], "car_533": [4, 5], "car_3246": [0, 1], "car_3247": [5, 1], "car_3244": [4, 0], "car_3245": [6, 3], "car_538": [5, 2], "car_539": [1, 3], "car_3240": [2, 7], "car_3241": [5, 4], "car_2972": [6, 1], "car_3317": [4, 6], "car_2310": [6, 7], "car_659": [1, 0], "car_658": [5, 6], "car_651": [2, 7], "car_650": [0, 1], "car_653": [7, 1], "car_652": [5, 3], "car_655": [4, 0], "car_654": [1, 2], "car_657": [0, 5], "car_656": [6, 2], "car_2970": [1, 0], "car_2907": [6, 2], "car_2977": [1, 6], "car_2909": [5, 4], "car_2976": [7, 3], "car_2434": [6, 3], "car_1929": [7, 2], "car_2195": [4, 6], "car_2194": [3, 2], "car_1764": [3, 4], "car_2197": [0, 7], "car_2196": [6, 3], "car_2191": [5, 0], "car_1928": [5, 0], "car_2190": [0, 3], "car_2193": [1, 3], "car_1909": [3, 4], "car_1908": [1, 4], "car_1907": [7, 4], "car_1763": [1, 3], "car_1905": [2, 6], "car_1904": [0, 7], "car_1903": [6, 2], "car_1902": [4, 1], "car_1901": [3, 1], "car_1900": [1, 6], "car_1349": [3, 1], "car_1348": [1, 0], "car_1762": [7, 5], "car_1341": [0, 2], "car_1340": [4, 0], "car_1343": [7, 3], "car_1342": [5, 2], "car_1345": [4, 0], "car_1344": [1, 3], "car_1347": [5, 4], "car_1346": [2, 4], "car_3234": [2, 5], "car_3219": [7, 4], "car_2753": [3, 5], "car_3231": [4, 3], "car_2752": [1, 4], "car_3230": [7, 0], "car_2698": [2, 0], "car_1833": [0, 7], "car_1832": [3, 0], "car_349": [1, 5], "car_348": [7, 2], "car_1837": [1, 3], "car_1836": [7, 4], "car_1835": [5, 2], "car_1834": [2, 4], "car_343": [1, 0], "car_342": [7, 2], "car_341": [0, 6], "car_340": [6, 4], "car_347": [2, 0], "car_346": [0, 4], "car_345": [4, 5], "car_344": [3, 0], "car_2325": [7, 1], "car_1129": [5, 3], "car_1128": [0, 6], "car_2979": [6, 0], "car_1125": [3, 0], "car_1124": [1, 3], "car_1127": [6, 5], "car_1126": [4, 5], "car_1121": [2, 3], "car_1120": [0, 4], "car_1123": [7, 0], "car_1122": [5, 0], "car_1402": [7, 5], "car_2320": [1, 2], "car_1403": [1, 7], "car_2321": [3, 5], "car_1400": [2, 3], "car_1401": [5, 7], "car_2978": [3, 0], "car_1406": [0, 7], "car_1407": [2, 1], "car_2902": [5, 0], "car_2903": [7, 2], "car_2900": [0, 3], "car_2901": [2, 5], "car_2906": [4, 0], "car_1404": [4, 3], "car_2904": [1, 5], "car_2905": [3, 7], "car_2908": [2, 7], "car_1405": [6, 7], "car_2058": [4, 6], "car_2059": [6, 0], "car_2054": [6, 0], "car_2055": [7, 2], "car_2056": [1, 4], "car_2057": [3, 2], "car_2050": [0, 5], "car_2051": [7, 3], "car_2052": [1, 3], "car_2053": [3, 1], "car_1011": [0, 1], "car_1010": [4, 5], "car_1013": [5, 6], "car_1012": [2, 7], "car_1015": [3, 6], "car_1014": [1, 6], "car_1017": [6, 4], "car_1016": [4, 2], "car_1019": [3, 2], "car_1018": [2, 6], "car_2690": [3, 5], "car_2691": [6, 4], "car_2696": [3, 6], "car_2697": [4, 5], "car_2694": [5, 7], "car_2695": [7, 3], "car_2790": [1, 3], "car_25": [0, 1], "car_24": [6, 1], "car_27": [0, 4], "car_26": [7, 4], "car_21": [2, 6], "car_20": [0, 1], "car_23": [3, 5], "car_22": [1, 7], "car_29": [5, 0], "car_28": [2, 3], "car_2478": [1, 7], "car_2479": [3, 6], "car_2476": [5, 4], "car_2477": [7, 4], "car_2474": [0, 2], "car_2475": [2, 3], "car_2472": [4, 2], "car_2473": [6, 7], "car_2470": [1, 5], "car_2471": [3, 7], "car_1657": [1, 2], "car_1656": [7, 1], "car_1655": [5, 3], "car_1654": [2, 3], "car_1653": [0, 3], "car_1652": [4, 7], "car_1651": [1, 7], "car_1650": [7, 2], "car_1659": [4, 2], "car_1658": [3, 5], "car_2878": [6, 4], "car_2879": [2, 5], "car_2872": [3, 1], "car_2873": [4, 5], "car_2870": [5, 1], "car_2871": [1, 6], "car_2876": [7, 5], "car_2877": [3, 2], "car_2874": [6, 4], "car_2875": [2, 5], "car_2688": [2, 1], "car_1969": [5, 7], "car_2315": [4, 7], "car_1843": [5, 2], "car_3211": [3, 7], "car_435": [6, 4], "car_434": [4, 0], "car_437": [1, 0], "car_436": [7, 0], "car_431": [2, 6], "car_430": [0, 1], "car_433": [1, 3], "car_432": [5, 6], "car_1846": [3, 2], "car_439": [6, 0], "car_438": [4, 2], "car_1847": [6, 1], "car_2274": [3, 4], "car_2275": [2, 5], "car_2276": [5, 4], "car_2277": [1, 0], "car_2270": [4, 7], "car_2271": [6, 3], "car_2272": [2, 7], "car_2273": [7, 5], "car_1845": [1, 7], "car_2278": [4, 0], "car_2279": [0, 7], "car_1848": [0, 5], "car_2289": [6, 3], "car_1968": [2, 3], "car_1849": [2, 7], "car_2288": [4, 0], "car_1965": [4, 6], "car_1964": [1, 0], "car_3093": [3, 7], "car_3092": [1, 6], "car_3091": [7, 6], "car_3090": [5, 3], "car_3097": [1, 6], "car_3096": [5, 6], "car_3095": [6, 0], "car_3094": [4, 0], "car_3099": [4, 7], "car_3098": [3, 2], "car_3311": [4, 2], "car_501": [0, 3], "car_500": [6, 7], "car_503": [5, 4], "car_502": [2, 6], "car_505": [3, 7], "car_504": [7, 3], "car_507": [2, 4], "car_506": [0, 7], "car_509": [7, 0], "car_508": [5, 2], "car_2302": [3, 4], "car_2303": [4, 1], "car_2304": [0, 7], "car_2305": [2, 7], "car_2306": [5, 4], "car_2307": [7, 0], "car_2281": [3, 6], "car_1745": [3, 4], "car_2280": [2, 4], "car_2960": [6, 5], "car_646": [1, 0], "car_647": [3, 5], "car_644": [5, 7], "car_645": [7, 6], "car_642": [0, 2], "car_643": [2, 5], "car_640": [7, 2], "car_641": [1, 6], "car_2314": [3, 6], "car_648": [4, 2], "car_649": [6, 4], "car_2961": [2, 0], "car_2576": [3, 2], "car_2526": [4, 1], "car_1830": [7, 5], "car_2673": [7, 6], "car_2962": [5, 0], "car_2570": [1, 7], "car_2681": [2, 0], "car_2999": [6, 0], "car_2420": [1, 4], "car_2963": [1, 6], "car_2680": [0, 5], "car_2854": [4, 0], "car_2964": [3, 5], "car_2683": [7, 4], "car_1932": [0, 2], "car_1933": [5, 1], "car_1930": [1, 6], "car_1931": [3, 1], "car_1936": [2, 1], "car_1937": [5, 7], "car_1934": [3, 2], "car_1935": [6, 0], "car_1938": [7, 4], "car_1939": [1, 5], "car_2682": [5, 6], "car_1717": [2, 0], "car_1338": [5, 1], "car_1339": [3, 4], "car_1334": [4, 1], "car_1335": [6, 4], "car_1336": [0, 2], "car_1337": [2, 3], "car_1330": [2, 3], "car_1331": [5, 1], "car_1332": [7, 2], "car_1333": [1, 4], "car_1711": [7, 0], "car_2998": [4, 2], "car_358": [2, 7], "car_359": [5, 3], "car_1804": [7, 6], "car_1805": [3, 4], "car_1802": [2, 4], "car_1803": [5, 6], "car_1800": [4, 0], "car_1801": [0, 3], "car_350": [4, 2], "car_351": [0, 4], "car_352": [2, 7], "car_353": [5, 4], "car_354": [7, 5], "car_355": [1, 2], "car_356": [3, 2], "car_357": [0, 4], "car_1482": [3, 5], "car_1483": [6, 1], "car_1480": [2, 3], "car_1481": [5, 1], "car_1486": [3, 7], "car_1487": [2, 4], "car_1484": [7, 6], "car_1485": [1, 6], "car_1488": [7, 2], "car_1489": [1, 0], "car_1240": [1, 6], "car_1241": [3, 0], "car_1242": [6, 0], "car_1243": [0, 2], "car_1244": [2, 3], "car_1245": [5, 0], "car_1246": [1, 7], "car_1247": [4, 2], "car_1248": [0, 3], "car_1249": [2, 3], "car_1747": [5, 3], "car_2374": [4, 3], "car_1879": [7, 6], "car_2917": [7, 3], "car_2916": [5, 3], "car_2911": [1, 6], "car_2910": [7, 0], "car_2913": [4, 7], "car_2912": [3, 5], "car_2919": [3, 5], "car_2918": [1, 7], "car_2049": [6, 7], "car_2048": [4, 7], "car_2047": [1, 2], "car_2046": [7, 1], "car_2045": [5, 4], "car_2044": [7, 2], "car_2043": [0, 4], "car_2042": [6, 1], "car_2041": [4, 6], "car_2040": [1, 3], "car_1064": [6, 0], "car_1065": [0, 5], "car_1066": [2, 7], "car_1067": [5, 6], "car_1060": [5, 6], "car_1061": [7, 1], "car_1062": [3, 2], "car_1063": [4, 0], "car_2685": [3, 4], "car_2684": [1, 5], "car_2687": [0, 7], "car_2686": [6, 4], "car_1068": [7, 4], "car_1069": [1, 0], "car_1798": [1, 2], "car_1799": [3, 0], "car_10": [7, 0], "car_11": [1, 5], "car_12": [3, 7], "car_13": [4, 7], "car_14": [6, 2], "car_15": [0, 3], "car_16": [1, 4], "car_17": [3, 6], "car_18": [4, 7], "car_19": [6, 3], "car_2461": [4, 5], "car_2460": [1, 5], "car_1668": [2, 4], "car_1669": [5, 4], "car_2465": [7, 6], "car_2464": [5, 4], "car_2467": [4, 3], "car_2466": [3, 5], "car_1662": [2, 1], "car_1663": [5, 0], "car_1660": [6, 3], "car_1661": [0, 1], "car_1666": [4, 0], "car_1667": [0, 7], "car_1664": [7, 5], "car_1665": [3, 0], "car_1468": [5, 4], "car_1469": [4, 5], "car_1460": [1, 7], "car_1461": [3, 7], "car_1462": [4, 6], "car_1463": [5, 7], "car_1464": [7, 0], "car_1465": [1, 6], "car_1466": [4, 7], "car_1467": [2, 3], "car_2699": [1, 7], "car_2869": [2, 6], "car_2868": [0, 5], "car_2865": [1, 0], "car_2864": [5, 3], "car_2867": [6, 5], "car_2866": [3, 7], "car_2861": [3, 6], "car_2860": [1, 4], "car_2863": [2, 5], "car_2862": [6, 7], "car_2648": [1, 5], "car_422": [4, 5], "car_423": [6, 0], "car_420": [7, 1], "car_421": [1, 5], "car_426": [5, 4], "car_427": [1, 6], "car_424": [0, 3], "car_425": [2, 6], "car_3318": [6, 3], "car_3319": [5, 6], "car_428": [4, 0], "car_429": [6, 7], "car_2377": [2, 1], "car_2267": [2, 0], "car_2266": [0, 5], "car_2265": [6, 7], "car_2264": [3, 0], "car_2263": [1, 6], "car_2262": [7, 1], "car_2261": [5, 6], "car_2260": [2, 7], "car_2371": [5, 4], "car_2269": [3, 1], "car_2268": [1, 2], "car_2373": [1, 5], "car_2372": [7, 1], "car_2008": [4, 2], "car_2370": [2, 5], "car_3224": [1, 0], "car_3225": [4, 6], "car_2319": [7, 5], "car_2318": [5, 1], "car_3220": [6, 2], "car_3221": [0, 3], "car_518": [0, 4], "car_519": [2, 7], "car_516": [4, 5], "car_517": [6, 0], "car_514": [1, 2], "car_515": [3, 7], "car_512": [0, 6], "car_513": [2, 5], "car_510": [1, 4], "car_511": [6, 3], "car_1870": [4, 6], "car_2692": [0, 4], "car_2444": [6, 5], "car_633": [3, 7], "car_632": [1, 5], "car_631": [7, 0], "car_630": [2, 5], "car_637": [5, 6], "car_636": [2, 1], "car_635": [0, 4], "car_634": [6, 2], "car_2675": [6, 0], "car_639": [4, 7], "car_638": [3, 1], "car_3138": [0, 1], "car_3139": [2, 7], "car_2693": [2, 1], "car_3130": [1, 3], "car_3131": [3, 0], "car_3132": [0, 1], "car_3133": [2, 7], "car_3134": [5, 6], "car_3135": [7, 0], "car_3136": [3, 1], "car_3137": [6, 5], "car_189": [4, 5], "car_188": [7, 3], "car_185": [6, 5], "car_184": [4, 0], "car_187": [2, 7], "car_186": [0, 5], "car_181": [5, 6], "car_180": [2, 4], "car_183": [3, 7], "car_182": [1, 3], "car_749": [3, 4], "car_748": [7, 2], "car_747": [5, 0], "car_746": [0, 5], "car_745": [6, 2], "car_744": [4, 1], "car_743": [3, 6], "car_742": [1, 7], "car_741": [7, 1], "car_740": [5, 4], "car_2131": [1, 0], "car_3316": [7, 4], "car_2618": [3, 4], "car_299": [4, 0], "car_298": [3, 2], "car_1927": [2, 6], "car_1926": [0, 6], "car_1921": [7, 0], "car_1920": [2, 3], "car_1923": [3, 1], "car_1922": [1, 4], "car_291": [3, 6], "car_290": [1, 7], "car_293": [3, 1], "car_292": [2, 6], "car_295": [2, 7], "car_294": [4, 2], "car_297": [1, 0], "car_296": [5, 1], "car_1329": [0, 1], "car_1328": [3, 5], "car_1327": [1, 7], "car_1326": [7, 2], "car_1325": [5, 4], "car_1324": [6, 7], "car_1323": [4, 1], "car_1322": [1, 4], "car_1321": [5, 6], "car_1320": [2, 4], "car_365": [2, 4], "car_364": [0, 4], "car_367": [7, 2], "car_366": [5, 3], "car_361": [1, 3], "car_360": [7, 6], "car_363": [6, 5], "car_362": [4, 0], "car_1811": [7, 0], "car_1810": [5, 0], "car_1813": [3, 0], "car_1812": [1, 5], "car_369": [3, 7], "car_368": [1, 7], "car_1817": [7, 3], "car_1816": [5, 6], "car_167": [7, 0], "car_166": [2, 5], "car_165": [6, 2], "car_164": [4, 3], "car_163": [3, 4], "car_162": [1, 7], "car_161": [5, 0], "car_160": [2, 3], "car_169": [4, 6], "car_168": [3, 6], "car_1495": [7, 3], "car_1494": [5, 3], "car_1497": [0, 3], "car_1496": [1, 5], "car_1491": [4, 2], "car_1490": [3, 4], "car_1493": [2, 1], "car_1492": [0, 3], "car_1499": [5, 1], "car_1498": [2, 0], "car_1253": [4, 7], "car_1252": [3, 2], "car_1251": [1, 5], "car_1250": [7, 4], "car_1257": [5, 4], "car_1256": [2, 6], "car_1255": [0, 4], "car_1254": [6, 2], "car_2850": [0, 7], "car_1259": [3, 5], "car_1258": [7, 4], "car_2851": [7, 4], "car_1868": [1, 5], "car_2852": [1, 6], "car_2853": [3, 1], "car_3248": [1, 4], "car_1789": [2, 5], "car_1788": [6, 2], "car_2070": [0, 3], "car_2071": [5, 1], "car_2076": [0, 1], "car_2077": [2, 0], "car_2074": [4, 1], "car_2075": [6, 7], "car_1781": [3, 7], "car_1780": [7, 5], "car_1783": [6, 3], "car_1782": [4, 2], "car_1785": [5, 3], "car_1784": [2, 5], "car_1787": [1, 4], "car_1786": [7, 4], "car_1077": [5, 1], "car_1076": [0, 7], "car_1075": [6, 1], "car_1074": [4, 2], "car_1073": [7, 6], "car_1072": [2, 0], "car_1071": [6, 2], "car_1070": [3, 1], "car_2678": [4, 5], "car_2679": [6, 5], "car_1079": [1, 4], "car_1078": [7, 3], "car_3257": [0, 5], "car_2139": [0, 3], "car_3256": [6, 1], "car_2034": [3, 2], "car_2300": [7, 4], "car_2035": [4, 2], "car_2301": [1, 7], "car_2032": [5, 1], "car_2033": [7, 3], "car_2996": [1, 7], "car_2138": [4, 2], "car_985": [5, 0], "car_984": [6, 7], "car_987": [4, 5], "car_986": [3, 2], "car_981": [0, 3], "car_980": [6, 4], "car_983": [3, 7], "car_982": [1, 0], "car_1675": [7, 0], "car_1674": [0, 5], "car_1677": [3, 4], "car_1676": [1, 4], "car_989": [5, 3], "car_988": [6, 1], "car_1673": [4, 1], "car_1672": [3, 4], "car_2784": [5, 4], "car_2785": [1, 2], "car_1479": [0, 1], "car_1478": [6, 2], "car_2780": [1, 4], "car_2781": [4, 0], "car_2782": [0, 1], "car_2783": [2, 1], "car_1473": [1, 4], "car_1472": [2, 1], "car_1471": [0, 1], "car_1470": [6, 5], "car_1477": [3, 5], "car_1476": [7, 2], "car_1475": [2, 6], "car_1474": [3, 5], "car_2890": [2, 7], "car_2891": [7, 2], "car_2892": [3, 4], "car_2893": [6, 4], "car_2894": [2, 1], "car_1743": [7, 3], "car_2896": [7, 6], "car_2897": [1, 6], "car_2898": [3, 5], "car_2899": [4, 3], "car_1742": [5, 7], "car_2990": [1, 2], "car_2528": [5, 3], "car_2529": [7, 6], "car_2258": [3, 1], "car_2259": [0, 4], "car_3307": [1, 0], "car_2689": [1, 7], "car_3305": [0, 2], "car_3304": [6, 4], "car_2252": [3, 2], "car_2253": [4, 3], "car_2250": [4, 1], "car_2251": [6, 2], "car_2256": [7, 1], "car_2257": [1, 6], "car_2254": [6, 7], "car_2255": [5, 7], "car_2098": [7, 1], "car_2099": [1, 3], "car_2090": [6, 5], "car_2091": [0, 6], "car_2092": [2, 3], "car_2093": [5, 0], "car_2094": [6, 4], "car_2095": [0, 4], "car_2096": [2, 0], "car_2097": [5, 4], "car_2992": [4, 6], "car_3237": [4, 2], "car_3236": [1, 7], "car_569": [4, 0], "car_568": [1, 2], "car_3233": [0, 7], "car_3232": [6, 0], "car_2328": [6, 3], "car_2329": [2, 5], "car_563": [3, 1], "car_562": [1, 2], "car_561": [7, 2], "car_560": [2, 1], "car_567": [7, 4], "car_566": [5, 2], "car_565": [2, 0], "car_564": [0, 6], "car_2331": [1, 3], "car_620": [5, 4], "car_621": [3, 2], "car_622": [6, 2], "car_623": [0, 4], "car_624": [2, 6], "car_625": [5, 4], "car_626": [7, 3], "car_627": [1, 6], "car_628": [3, 4], "car_629": [6, 0], "car_1869": [3, 1], "car_3129": [7, 6], "car_3128": [5, 1], "car_3123": [7, 0], "car_3122": [5, 1], "car_3121": [2, 1], "car_3120": [6, 1], "car_3127": [2, 3], "car_3126": [0, 6], "car_3125": [6, 1], "car_3124": [1, 7], "car_1866": [2, 0], "car_1867": [7, 4], "car_198": [6, 1], "car_199": [0, 7], "car_2831": [0, 5], "car_192": [2, 6], "car_193": [5, 7], "car_190": [6, 2], "car_191": [0, 7], "car_196": [3, 6], "car_197": [4, 1], "car_194": [7, 2], "car_195": [1, 4], "car_758": [0, 2], "car_759": [2, 3], "car_754": [7, 1], "car_755": [1, 2], "car_756": [3, 1], "car_757": [6, 4], "car_750": [4, 0], "car_751": [6, 3], "car_752": [0, 6], "car_753": [5, 7], "car_1940": [3, 0], "car_2991": [3, 6], "car_3299": [0, 7], "car_3298": [6, 3], "car_286": [4, 6], "car_287": [0, 7], "car_284": [7, 6], "car_285": [1, 6], "car_282": [0, 5], "car_283": [5, 3], "car_280": [4, 1], "car_281": [6, 3], "car_3353": [6, 0], "car_1949": [6, 5], "car_288": [2, 3], "car_289": [7, 5], "car_1948": [4, 7], "car_2791": [3, 4], "car_1312": [2, 6], "car_1313": [5, 0], "car_1310": [3, 6], "car_1311": [4, 3], "car_1316": [3, 1], "car_1317": [4, 7], "car_1314": [7, 0], "car_1315": [1, 4], "car_1318": [6, 5], "car_1319": [0, 4], "car_2450": [6, 4], "car_2451": [0, 5], "car_2452": [5, 4], "car_372": [5, 0], "car_373": [7, 5], "car_370": [0, 3], "car_371": [2, 3], "car_376": [0, 6], "car_377": [2, 1], "car_374": [4, 2], "car_375": [6, 0], "car_1864": [1, 7], "car_1865": [3, 1], "car_378": [5, 3], "car_379": [7, 1], "car_1860": [4, 1], "car_1861": [6, 7], "car_1862": [2, 3], "car_1863": [7, 3], "car_174": [3, 1], "car_175": [0, 2], "car_176": [2, 1], "car_177": [1, 4], "car_170": [6, 5], "car_171": [0, 3], "car_172": [2, 3], "car_173": [7, 0], "car_2457": [2, 1], "car_178": [6, 7], "car_179": [0, 7], "car_2338": [4, 0], "car_1266": [4, 0], "car_1267": [6, 4], "car_1264": [1, 3], "car_1265": [3, 1], "car_1262": [2, 1], "car_1263": [5, 7], "car_1260": [4, 5], "car_1261": [6, 7], "car_2949": [3, 5], "car_1268": [2, 1], "car_1269": [5, 7], "car_2406": [4, 2], "car_2065": [7, 2], "car_2064": [5, 6], "car_1048": [0, 7], "car_1049": [2, 0], "car_2061": [7, 4], "car_2060": [0, 7], "car_2063": [0, 4], "car_2062": [1, 6], "car_1042": [6, 4], "car_1043": [0, 6], "car_1040": [3, 1], "car_1041": [4, 7], "car_1046": [4, 0], "car_1047": [6, 2], "car_1044": [7, 1], "car_1045": [3, 7], "car_2663": [0, 4], "car_2662": [6, 5], "car_2661": [4, 0], "car_2660": [3, 5], "car_2667": [1, 2], "car_2666": [7, 2], "car_2665": [5, 3], "car_2664": [2, 7], "car_2669": [6, 7], "car_2668": [3, 4], "car_2404": [7, 3], "car_78": [4, 6], "car_79": [5, 1], "car_72": [6, 0], "car_73": [0, 4], "car_70": [1, 4], "car_71": [3, 7], "car_76": [7, 3], "car_77": [1, 7], "car_74": [2, 5], "car_75": [5, 6], "car_992": [4, 6], "car_993": [6, 0], "car_990": [7, 4], "car_991": [3, 5], "car_996": [5, 1], "car_997": [7, 3], "car_994": [0, 6], "car_995": [2, 3], "car_1688": [6, 3], "car_1689": [0, 6], "car_998": [1, 3], "car_999": [3, 1], "car_2409": [7, 2], "car_2408": [2, 6], "car_2797": [3, 2], "car_2796": [1, 5], "car_2795": [7, 0], "car_2794": [5, 1], "car_2793": [0, 6], "car_2792": [6, 3], "car_1448": [4, 3], "car_1449": [6, 0], "car_1446": [7, 4], "car_1447": [3, 5], "car_1444": [2, 1], "car_1445": [5, 3], "car_1442": [6, 7], "car_1443": [0, 1], "car_1440": [3, 5], "car_1441": [4, 2], "car_2883": [3, 5], "car_2882": [1, 6], "car_2881": [7, 5], "car_2798": [6, 3], "car_2887": [7, 4], "car_2886": [5, 2], "car_2885": [0, 4], "car_2884": [6, 2], "car_2889": [0, 3], "car_2888": [4, 5], "car_2401": [3, 4], "car_2986": [0, 1], "car_3336": [4, 7], "car_3337": [6, 0], "car_2539": [5, 7], "car_2538": [6, 5], "car_2249": [3, 5], "car_2248": [7, 1], "car_3330": [3, 2], "car_3331": [6, 7], "car_2245": [0, 5], "car_2244": [6, 4], "car_2247": [5, 4], "car_2246": [2, 1], "car_2241": [7, 3], "car_2240": [2, 6], "car_2243": [3, 2], "car_2242": [1, 6], "car_2089": [4, 2], "car_2088": [3, 6], "car_2083": [7, 4], "car_2082": [5, 2], "car_2081": [6, 5], "car_2080": [4, 0], "car_2087": [1, 6], "car_2086": [7, 4], "car_2085": [4, 6], "car_2084": [1, 4], "car_3180": [2, 5], "car_3183": [1, 0], "car_3239": [0, 6], "car_2984": [4, 2], "car_3208": [0, 5], "car_3209": [5, 3], "car_3202": [5, 1], "car_3203": [7, 2], "car_3200": [0, 7], "car_3186": [0, 1], "car_3206": [5, 0], "car_3207": [4, 2], "car_3204": [3, 4], "car_3205": [2, 3], "car_578": [3, 6], "car_579": [6, 1], "car_2333": [6, 5], "car_2332": [3, 5], "car_2335": [2, 6], "car_2334": [0, 5], "car_2337": [1, 5], "car_553": [0, 1], "car_570": [6, 2], "car_571": [0, 6], "car_572": [2, 7], "car_573": [7, 6], "car_574": [4, 1], "car_806": [2, 6], "car_576": [0, 3], "car_577": [7, 3], "car_807": [5, 2], "car_800": [2, 4], "car_801": [5, 7], "car_802": [7, 2], "car_2192": [7, 0], "car_803": [1, 0], "car_2067": [3, 2], "car_2066": [1, 5], "car_619": [2, 5], "car_618": [4, 2], "car_615": [2, 0], "car_614": [0, 2], "car_617": [3, 6], "car_616": [7, 1], "car_611": [7, 1], "car_610": [5, 4], "car_613": [4, 7], "car_612": [3, 7], "car_2151": [4, 0], "car_3118": [7, 5], "car_3119": [4, 7], "car_3116": [2, 5], "car_3117": [5, 6], "car_3114": [4, 1], "car_3115": [6, 5], "car_3112": [7, 5], "car_3113": [1, 0], "car_3110": [0, 7], "car_3111": [5, 4], "car_2704": [2, 5], "car_2705": [7, 1], "car_2706": [1, 2], "car_2150": [1, 7], "car_2707": [4, 1], "car_2069": [6, 3], "car_2068": [4, 6], "car_2702": [6, 7], "car_2703": [0, 5], "car_769": [6, 2], "car_768": [3, 2], "car_2567": [2, 6], "car_761": [1, 5], "car_760": [5, 4], "car_763": [4, 6], "car_762": [3, 5], "car_765": [5, 6], "car_764": [6, 4], "car_767": [1, 5], "car_766": [7, 4], "car_2216": [2, 7], "car_2217": [3, 0], "car_2330": [7, 6], "car_2214": [6, 2], "car_2215": [0, 5], "car_2212": [1, 4], "car_2213": [4, 5], "car_2210": [5, 1], "car_2211": [7, 4], "car_575": [6, 5], "car_1305": [0, 5], "car_1304": [3, 7], "car_1307": [5, 2], "car_1306": [2, 1], "car_1301": [2, 7], "car_1300": [0, 7], "car_1303": [1, 2], "car_1302": [7, 6], "car_1309": [1, 5], "car_1308": [7, 0], "car_389": [3, 5], "car_388": [1, 5], "car_387": [7, 3], "car_386": [2, 3], "car_385": [6, 2], "car_384": [3, 4], "car_383": [5, 3], "car_382": [0, 6], "car_381": [4, 3], "car_380": [1, 4], "car_141": [4, 1], "car_140": [1, 0], "car_143": [0, 6], "car_142": [6, 1], "car_145": [1, 5], "car_144": [7, 4], "car_147": [4, 1], "car_146": [3, 7], "car_149": [2, 0], "car_148": [0, 1], "car_2407": [0, 2], "car_1279": [7, 6], "car_1278": [2, 6], "car_1271": [4, 0], "car_1270": [7, 0], "car_1273": [0, 2], "car_1272": [6, 4], "car_1275": [1, 0], "car_1274": [2, 7], "car_1277": [0, 2], "car_1276": [3, 7], "car_2326": [3, 5], "car_2847": [2, 5], "car_2327": [4, 7], "car_1059": [2, 7], "car_1058": [6, 0], "car_1055": [1, 5], "car_1054": [7, 2], "car_1057": [4, 3], "car_1056": [3, 4], "car_1051": [1, 3], "car_1050": [7, 5], "car_1053": [0, 7], "car_1052": [6, 5], "car_2656": [0, 1], "car_2657": [2, 4], "car_2654": [3, 6], "car_2655": [4, 7], "car_2652": [5, 1], "car_2653": [7, 6], "car_2650": [0, 5], "car_2651": [2, 7], "car_2415": [4, 5], "car_2658": [7, 1], "car_2659": [1, 4], "car_2416": [6, 0], "car_69": [2, 0], "car_68": [0, 5], "car_2438": [3, 1], "car_2439": [4, 7], "car_61": [0, 3], "car_60": [1, 0], "car_63": [5, 1], "car_62": [2, 1], "car_65": [1, 3], "car_64": [7, 5], "car_67": [6, 4], "car_66": [4, 6], "car_1693": [1, 2], "car_1692": [7, 1], "car_1691": [5, 7], "car_1690": [2, 5], "car_1697": [5, 6], "car_1696": [2, 1], "car_969": [6, 7], "car_968": [4, 3], "car_967": [3, 0], "car_966": [1, 6], "car_965": [7, 3], "car_964": [5, 2], "car_963": [2, 4], "car_962": [0, 6], "car_961": [6, 7], "car_960": [4, 2], "car_1451": [5, 0], "car_1450": [2, 1], "car_1453": [1, 5], "car_1452": [7, 2], "car_1455": [4, 5], "car_1454": [3, 5], "car_1457": [2, 7], "car_1456": [6, 1], "car_1459": [7, 5], "car_1458": [5, 2], "car_2410": [4, 5], "car_2837": [2, 3], "car_3329": [1, 7], "car_3328": [7, 2], "car_3175": [1, 6], "car_3321": [6, 4], "car_3320": [1, 4], "car_3323": [1, 4], "car_3322": [5, 1], "car_3325": [4, 1], "car_3279": [5, 4], "car_3327": [2, 5], "car_3326": [6, 1], "car_3278": [2, 1], "car_2411": [0, 3], "car_2508": [6, 4], "car_2509": [0, 1], "car_2506": [3, 0], "car_2507": [4, 7], "car_2504": [7, 4], "car_2505": [1, 4], "car_2502": [6, 4], "car_2503": [5, 6], "car_2500": [3, 2], "car_2501": [4, 2], "car_2737": [1, 3], "car_1680": [2, 7], "car_1681": [5, 2], "car_3173": [2, 3], "car_1682": [1, 6], "car_1683": [3, 4], "car_3272": [4, 3], "car_1684": [2, 7], "car_2736": [7, 5], "car_1685": [5, 3], "car_1891": [6, 2], "car_3270": [5, 1], "car_1686": [7, 2], "car_1890": [4, 6], "car_1687": [3, 1], "car_1893": [2, 0], "car_545": [6, 3], "car_544": [3, 6], "car_547": [2, 1], "car_546": [0, 5], "car_541": [5, 2], "car_540": [2, 7], "car_543": [1, 0], "car_542": [7, 3], "car_3215": [1, 7], "car_1895": [7, 4], "car_3217": [6, 7], "car_3216": [3, 6], "car_549": [7, 1], "car_548": [5, 4], "car_819": [2, 1], "car_818": [0, 1], "car_2344": [0, 2], "car_2345": [2, 3], "car_2346": [5, 1], "car_2347": [7, 6], "car_2340": [0, 1], "car_1897": [6, 1], "car_2342": [1, 6], "car_2343": [3, 1], "car_2405": [3, 2], "car_1896": [1, 3], "car_2348": [1, 6], "car_2349": [3, 7], "car_33": [2, 5], "car_1767": [7, 4], "car_1766": [2, 6], "car_1765": [0, 6], "car_608": [0, 3], "car_609": [2, 0], "car_2941": [5, 2], "car_602": [1, 6], "car_603": [3, 1], "car_600": [2, 6], "car_601": [5, 0], "car_606": [1, 2], "car_607": [6, 0], "car_604": [4, 1], "car_605": [0, 6], "car_3101": [0, 6], "car_3100": [6, 1], "car_3103": [1, 4], "car_3102": [5, 0], "car_3105": [0, 2], "car_1761": [5, 0], "car_3107": [7, 5], "car_3106": [2, 0], "car_3109": [6, 1], "car_3108": [4, 0], "car_1760": [2, 6], "car_2799": [0, 5], "car_776": [0, 7], "car_777": [2, 0], "car_774": [3, 1], "car_775": [4, 7], "car_772": [7, 3], "car_773": [1, 4], "car_770": [2, 6], "car_771": [5, 0], "car_1768": [1, 4], "car_778": [5, 2], "car_779": [7, 4], "car_2418": [2, 4], "car_2880": [5, 2], "car_1750": [3, 6], "car_2419": [5, 3], "car_3293": [3, 5], "car_3292": [1, 6], "car_3251": [6, 0], "car_1994": [7, 5], "car_1995": [1, 3], "car_1996": [3, 0], "car_1997": [6, 5], "car_1990": [4, 0], "car_1991": [6, 1], "car_1992": [2, 1], "car_1993": [5, 4], "car_1998": [0, 7], "car_1999": [5, 4], "car_2846": [6, 2], "car_3250": [4, 7], "car_1842": [2, 3], "car_1806": [4, 5], "car_1840": [6, 1], "car_1841": [0, 5], "car_398": [6, 4], "car_399": [0, 7], "car_1844": [7, 4], "car_1807": [6, 1], "car_394": [7, 1], "car_395": [1, 4], "car_396": [3, 7], "car_397": [4, 6], "car_390": [4, 7], "car_391": [0, 3], "car_392": [2, 0], "car_393": [5, 1], "car_158": [4, 5], "car_159": [6, 2], "car_156": [7, 3], "car_157": [3, 6], "car_154": [6, 3], "car_155": [5, 3], "car_152": [1, 0], "car_153": [3, 5], "car_150": [5, 7], "car_151": [7, 5], "car_1208": [2, 1], "car_1209": [5, 2], "car_1204": [1, 5], "car_1205": [3, 6], "car_1206": [4, 6], "car_1207": [0, 1], "car_1200": [6, 5], "car_1201": [0, 5], "car_1202": [2, 3], "car_1203": [5, 6], "car_2601": [2, 5], "car_2403": [6, 2], "car_3252": [2, 4], "car_3334": [1, 0], "car_3335": [3, 5], "car_1808": [0, 5], "car_3255": [4, 0], "car_3332": [5, 3], "car_1809": [2, 3], "car_3333": [7, 1], "car_2649": [4, 5], "car_2612": [4, 7], "car_2613": [6, 5], "car_2641": [4, 1], "car_2640": [3, 5], "car_2643": [0, 4], "car_2642": [6, 1], "car_2645": [1, 5], "car_2644": [7, 0], "car_2647": [2, 7], "car_2646": [3, 6], "car_1510": [5, 2], "car_1511": [7, 3], "car_1512": [1, 0], "car_1513": [4, 3], "car_1514": [6, 1], "car_1515": [0, 7], "car_1516": [5, 1], "car_1517": [7, 4], "car_1518": [1, 6], "car_1519": [4, 0], "car_2531": [4, 2], "car_2965": [4, 7], "car_2530": [3, 2], "car_2966": [6, 2], "car_2537": [4, 3], "car_2967": [0, 2], "car_2536": [3, 5], "car_2968": [2, 4], "car_2855": [6, 7], "car_1198": [3, 1], "car_1199": [4, 7], "car_2969": [5, 3], "car_1194": [6, 1], "car_1195": [5, 4], "car_1196": [7, 5], "car_1197": [1, 4], "car_1190": [7, 1], "car_1191": [1, 0], "car_1192": [3, 7], "car_1193": [4, 3], "car_2619": [4, 1], "car_2429": [6, 1], "car_2428": [4, 3], "car_2425": [7, 2], "car_2424": [2, 6], "car_2427": [3, 5], "car_2426": [1, 3], "car_2421": [4, 7], "car_2126": [6, 0], "car_2423": [0, 6], "car_2422": [6, 2], "car_2856": [0, 5], "car_2127": [0, 6], "car_978": [1, 6], "car_979": [4, 7], "car_974": [6, 3], "car_975": [0, 4], "car_976": [2, 1], "car_977": [7, 5], "car_970": [0, 5], "car_971": [5, 4], "car_972": [1, 7], "car_973": [3, 0], "car_1424": [5, 7], "car_1425": [7, 0], "car_1426": [4, 1], "car_1427": [0, 4], "car_1420": [5, 1], "car_1421": [1, 0], "car_1422": [4, 2], "car_1423": [2, 0], "car_2402": [4, 6], "car_1428": [2, 7], "car_1429": [7, 4], "car_2857": [2, 4], "car_3259": [5, 3], "car_2128": [2, 3], "car_3350": [7, 0], "car_3258": [2, 7], "car_3352": [4, 7], "car_2129": [5, 0], "car_2511": [5, 0], "car_2510": [2, 6], "car_2513": [1, 4], "car_2512": [7, 3], "car_2515": [4, 0], "car_2514": [3, 1], "car_2517": [2, 7], "car_2516": [6, 2], "car_2519": [1, 2], "car_2518": [7, 6], "car_1738": [4, 3], "car_1739": [6, 7], "car_1730": [1, 7], "car_1731": [3, 6], "car_1732": [4, 2], "car_1733": [6, 1], "car_1734": [5, 0], "car_1735": [7, 4], "car_1736": [1, 2], "car_1737": [3, 1], "car_54": [4, 2], "car_55": [6, 7], "car_56": [0, 7], "car_57": [2, 3], "car_50": [0, 7], "car_51": [2, 3], "car_52": [7, 0], "car_53": [1, 4], "car_58": [5, 6], "car_59": [7, 6], "car_2609": [5, 2], "car_552": [6, 3], "car_805": [4, 2], "car_550": [1, 5], "car_551": [4, 5], "car_556": [1, 6], "car_557": [4, 2], "car_554": [2, 6], "car_555": [7, 1], "car_558": [6, 0], "car_559": [0, 6], "car_808": [7, 4], "car_809": [1, 0], "car_2357": [3, 5], "car_2356": [1, 0], "car_2355": [7, 5], "car_2354": [5, 2], "car_2353": [2, 6], "car_2352": [0, 5], "car_2351": [6, 3], "car_2350": [4, 7], "car_2359": [6, 0], "car_2358": [4, 1], "car_1757": [3, 0], "car_2339": [6, 1], "car_2469": [7, 6], "car_3174": [7, 6], "car_2915": [2, 1], "car_3176": [3, 2], "car_3177": [4, 3], "car_3170": [3, 6], "car_3171": [4, 2], "car_3172": [6, 1], "car_2914": [6, 7], "car_3178": [6, 4], "car_3179": [0, 3], "car_2468": [0, 3], "car_703": [4, 5], "car_702": [3, 4], "car_701": [1, 4], "car_700": [7, 0], "car_707": [7, 5], "car_706": [5, 3], "car_705": [2, 5], "car_704": [6, 5], "car_709": [3, 0], "car_708": [1, 3], "car_3008": [1, 3], "car_3009": [3, 5], "car_3000": [0, 1], "car_3001": [2, 6], "car_3002": [5, 4], "car_3003": [3, 7], "car_3004": [4, 3], "car_3005": [6, 0], "car_3006": [5, 0], "car_3007": [7, 5], "car_2221": [5, 0], "car_2308": [3, 5], "car_2400": [1, 2], "car_2309": [4, 6], "car_3201": [2, 3], "car_1987": [2, 0], "car_1986": [6, 3], "car_1985": [4, 7], "car_1984": [2, 3], "car_1983": [6, 5], "car_1982": [3, 5], "car_1981": [1, 3], "car_1980": [7, 6], "car_1989": [7, 5], "car_1988": [5, 7], "car_2768": [1, 7], "car_1855": [0, 4], "car_1796": [5, 7], "car_1857": [7, 0], "car_1856": [5, 1], "car_1851": [1, 7], "car_1850": [5, 2], "car_1853": [4, 2], "car_1797": [7, 6], "car_2336": [5, 2], "car_1859": [3, 0], "car_1794": [6, 4], "car_2230": [1, 4], "car_129": [0, 3], "car_128": [6, 4], "car_2231": [3, 0], "car_123": [5, 1], "car_122": [2, 3], "car_121": [6, 5], "car_120": [4, 1], "car_127": [4, 6], "car_126": [3, 0], "car_125": [1, 5], "car_124": [7, 1], "car_1790": [5, 7], "car_1219": [7, 1], "car_1218": [5, 4], "car_1217": [2, 6], "car_1216": [0, 2], "car_1215": [6, 4], "car_1214": [3, 0], "car_1213": [1, 0], "car_1212": [7, 2], "car_1211": [2, 4], "car_1210": [3, 1], "car_1415": [7, 2], "car_1414": [2, 7], "car_1417": [3, 0], "car_1416": [1, 2], "car_1411": [3, 5], "car_1410": [1, 7], "car_237": [6, 3], "car_236": [3, 1], "car_235": [5, 4], "car_234": [2, 0], "car_233": [0, 5], "car_232": [4, 5], "car_231": [7, 4], "car_230": [5, 7], "car_1412": [4, 6], "car_239": [2, 5], "car_238": [0, 5], "car_2988": [5, 0], "car_2989": [7, 1], "car_2638": [5, 6], "car_2639": [7, 6], "car_2634": [4, 1], "car_2635": [6, 4], "car_2636": [0, 6], "car_2637": [2, 3], "car_2630": [5, 0], "car_2631": [7, 3], "car_2632": [1, 4], "car_2633": [3, 7], "car_1503": [0, 3], "car_1502": [4, 3], "car_1501": [3, 6], "car_1500": [7, 6], "car_1507": [4, 5], "car_1506": [3, 0], "car_1505": [7, 0], "car_1504": [2, 4], "car_1509": [2, 0], "car_1508": [6, 4], "car_1189": [5, 4], "car_1188": [2, 3], "car_1187": [0, 6], "car_1186": [4, 6], "car_1185": [3, 1], "car_1184": [1, 5], "car_1183": [5, 2], "car_1182": [0, 2], "car_1181": [6, 2], "car_1180": [4, 3], "car_2182": [3, 4], "car_2183": [6, 2], "car_2180": [5, 7], "car_2181": [7, 2], "car_2186": [5, 3], "car_2187": [7, 2], "car_2184": [0, 2], "car_2185": [2, 1], "car_2188": [1, 2], "car_2189": [6, 0], "car_949": [6, 7], "car_948": [4, 6], "car_2742": [1, 6], "car_2743": [3, 6], "car_2744": [6, 5], "car_2745": [2, 1], "car_2746": [7, 5], "car_2747": [3, 1], "car_941": [3, 5], "car_940": [1, 5], "car_943": [6, 1], "car_942": [4, 7], "car_945": [5, 2], "car_944": [0, 7], "car_947": [3, 1], "car_946": [1, 0], "car_1437": [6, 4], "car_1436": [4, 6], "car_1435": [5, 6], "car_1434": [2, 3], "car_1433": [0, 3], "car_1432": [6, 0], "car_1431": [3, 6], "car_1430": [1, 5], "car_1439": [5, 3], "car_1438": [0, 7], "car_2238": [6, 4], "car_2823": [6, 2], "car_493": [6, 1], "car_492": [4, 6], "car_491": [3, 7], "car_490": [1, 6], "car_497": [7, 6], "car_496": [5, 3], "car_495": [2, 0], "car_494": [0, 7], "car_3347": [6, 3], "car_3346": [3, 4], "car_499": [4, 6], "car_498": [3, 7], "car_3343": [3, 4], "car_3342": [1, 2], "car_3341": [7, 1], "car_3340": [5, 4], "car_2296": [6, 2], "car_2297": [0, 3], "car_2294": [3, 2], "car_2239": [0, 5], "car_2292": [5, 4], "car_2293": [1, 6], "car_2290": [0, 3], "car_2291": [2, 0], "car_1918": [3, 5], "car_2568": [5, 1], "car_2569": [7, 1], "car_2298": [2, 0], "car_1919": [4, 7], "car_1729": [7, 4], "car_1728": [0, 5], "car_1723": [0, 2], "car_1722": [6, 4], "car_1721": [4, 2], "car_1720": [3, 4], "car_1727": [4, 7], "car_1726": [1, 4], "car_1725": [5, 1], "car_1724": [2, 4], "car_43": [3, 0], "car_42": [1, 0], "car_41": [7, 4], "car_40": [5, 3], "car_47": [3, 6], "car_46": [7, 5], "car_45": [2, 5], "car_44": [4, 2], "car_49": [6, 5], "car_48": [4, 2], "car_1916": [2, 4], "car_1917": [5, 3], "car_1858": [1, 7], "car_831": [1, 0], "car_830": [7, 2], "car_833": [4, 6], "car_832": [3, 1], "car_835": [0, 6], "car_834": [6, 2], "car_837": [7, 2], "car_836": [5, 3], "car_839": [6, 7], "car_838": [4, 7], "car_2360": [0, 1], "car_2361": [2, 1], "car_2366": [5, 7], "car_2367": [7, 6], "car_2364": [4, 2], "car_2365": [6, 1], "car_2168": [4, 1], "car_2169": [6, 0], "car_2160": [5, 3], "car_2161": [4, 6], "car_2162": [6, 0], "car_2163": [0, 7], "car_2164": [2, 0], "car_2165": [5, 2], "car_2166": [7, 2], "car_2167": [3, 2], "car_2810": [2, 6], "car_2811": [5, 1], "car_2812": [7, 4], "car_2813": [6, 1], "car_1941": [4, 6], "car_2814": [0, 7], "car_3055": [4, 6], "car_2815": [2, 5], "car_2544": [7, 4], "car_3235": [7, 6], "car_2817": [1, 2], "car_3167": [0, 7], "car_3166": [4, 3], "car_3165": [3, 1], "car_3164": [1, 6], "car_3163": [7, 2], "car_3162": [5, 1], "car_3161": [0, 3], "car_3160": [6, 4], "car_2463": [2, 3], "car_3169": [1, 4], "car_3168": [7, 5], "car_2462": [0, 1], "car_3309": [6, 2], "car_710": [4, 6], "car_711": [0, 2], "car_712": [2, 6], "car_713": [7, 1], "car_714": [1, 2], "car_715": [3, 4], "car_716": [4, 6], "car_717": [6, 2], "car_718": [2, 0], "car_719": [5, 2], "car_1892": [0, 4], "car_3019": [7, 3], "car_3018": [5, 7], "car_3028": [2, 7], "car_3013": [2, 4], "car_3012": [0, 5], "car_3011": [6, 2], "car_3010": [4, 5], "car_3017": [2, 7], "car_3016": [0, 5], "car_3015": [4, 7], "car_2987": [2, 1], "car_1894": [5, 6], "car_2895": [5, 6], "car_138": [5, 0], "car_139": [7, 2], "car_130": [2, 6], "car_131": [5, 4], "car_132": [7, 5], "car_133": [1, 0], "car_134": [3, 7], "car_135": [4, 3], "car_136": [6, 2], "car_137": [2, 6], "car_1222": [4, 6], "car_1223": [6, 7], "car_1220": [1, 5], "car_1221": [3, 1], "car_1226": [5, 6], "car_1227": [7, 3], "car_1224": [0, 1], "car_1225": [2, 3], "car_1886": [1, 4], "car_1887": [4, 5], "car_1228": [1, 3], "car_1229": [3, 0], "car_1882": [4, 6], "car_1883": [6, 0], "car_1880": [1, 7], "car_1881": [3, 5], "car_2621": [0, 2], "car_224": [2, 7], "car_225": [7, 5], "car_226": [3, 5], "car_227": [4, 7], "car_220": [1, 4], "car_221": [4, 5], "car_222": [6, 5], "car_223": [0, 2], "car_228": [6, 0], "car_229": [2, 0], "car_1086": [1, 0], "car_1087": [3, 7], "car_1084": [2, 1], "car_1085": [7, 2], "car_1082": [6, 0], "car_1083": [0, 1], "car_1080": [3, 4], "car_1081": [4, 1], "car_2627": [4, 7], "car_2626": [3, 1], "car_2625": [1, 4], "car_2624": [7, 0], "car_2623": [5, 4], "car_2622": [2, 6], "car_1088": [6, 3], "car_1089": [0, 5], "car_1536": [7, 0], "car_1537": [1, 0], "car_1534": [6, 1], "car_1535": [5, 4], "car_1532": [5, 0], "car_1533": [4, 3], "car_1530": [6, 2], "car_1531": [0, 6], "car_1538": [3, 5], "car_1539": [6, 0], "car_956": [0, 2], "car_957": [5, 4], "car_954": [4, 5], "car_955": [6, 4], "car_952": [1, 7], "car_953": [3, 2], "car_950": [2, 0], "car_951": [5, 6], "car_1827": [0, 7], "car_2199": [1, 7], "car_2198": [5, 0], "car_958": [7, 3], "car_959": [3, 5], "car_1158": [1, 6], "car_1159": [3, 1], "car_1408": [5, 2], "car_1409": [7, 1], "car_2757": [3, 0], "car_2756": [1, 6], "car_2755": [5, 4], "car_1829": [5, 0], "car_1150": [1, 3], "car_1151": [3, 5], "car_1152": [4, 6], "car_1153": [6, 4], "car_1154": [0, 7], "car_1155": [2, 0], "car_1156": [5, 6], "car_1157": [7, 4], "car_2532": [6, 2], "car_2380": [1, 0], "car_2764": [0, 6], "car_2381": [3, 4], "car_2382": [4, 5], "car_2383": [6, 4], "car_1826": [4, 3], "car_3314": [2, 4], "car_3315": [5, 7], "car_480": [0, 1], "car_481": [2, 3], "car_482": [7, 1], "car_483": [1, 4], "car_484": [3, 1], "car_485": [4, 0], "car_486": [6, 7], "car_487": [0, 5], "car_488": [2, 6], "car_489": [7, 3], "car_2283": [6, 0], "car_2282": [4, 7], "car_2285": [2, 1], "car_2284": [0, 2], "car_2287": [7, 4], "car_2286": [5, 2], "car_2577": [4, 7], "car_853": [0, 1], "car_2575": [7, 6], "car_2574": [2, 6], "car_2573": [0, 5], "car_2572": [6, 0], "car_2571": [4, 2], "car_852": [6, 2], "car_851": [4, 2], "car_2579": [5, 2], "car_2578": [6, 4], "car_582": [7, 0], "car_1718": [7, 3], "car_1719": [1, 2], "car_1716": [0, 5], "car_857": [4, 7], "car_1714": [4, 7], "car_1715": [6, 3], "car_1712": [1, 2], "car_1713": [3, 2], "car_1710": [5, 6], "car_856": [3, 0], "car_2982": [1, 5], "car_1828": [2, 1], "car_855": [7, 2], "car_2983": [3, 4], "car_854": [2, 5], "car_2980": [5, 6], "car_2981": [7, 6], "car_2739": [0, 1], "car_2738": [3, 2], "car_2379": [7, 1], "car_2378": [5, 3], "car_828": [0, 7], "car_829": [2, 5], "car_826": [2, 0], "car_827": [5, 3], "car_824": [6, 0], "car_825": [0, 4], "car_822": [3, 2], "car_823": [4, 1], "car_820": [5, 2], "car_821": [7, 0], "car_2179": [2, 0], "car_2178": [0, 4], "car_2173": [7, 3], "car_2172": [5, 6], "car_2171": [2, 6], "car_2170": [0, 4], "car_2177": [4, 7], "car_2176": [7, 5], "car_2175": [5, 6], "car_2174": [1, 2], "car_3238": [6, 4], "car_2535": [1, 0], "car_3349": [2, 3], "car_3218": [5, 0], "car_3158": [7, 2], "car_3159": [3, 7], "car_2534": [7, 4], "car_3152": [6, 5], "car_3153": [0, 4], "car_3150": [1, 6], "car_3151": [3, 7], "car_3156": [0, 4], "car_3157": [2, 0], "car_3154": [5, 1], "car_3155": [7, 5], "car_729": [7, 0], "car_728": [5, 1], "car_725": [3, 6], "car_724": [2, 4], "car_727": [0, 4], "car_726": [4, 7], "car_721": [4, 3], "car_720": [7, 5], "car_723": [0, 4], "car_722": [6, 7], "car_2708": [6, 3], "car_3029": [7, 1], "car_3026": [6, 3], "car_3027": [0, 7], "car_3024": [5, 7], "car_3025": [4, 5], "car_3022": [6, 3], "car_3023": [0, 2], "car_3020": [1, 5], "car_3021": [4, 6], "car_2620": [6, 7], "car_3275": [1, 5], "car_1795": [2, 3], "car_3274": [5, 6], "car_1792": [1, 3], "car_3226": [6, 0], "car_1793": [3, 0], "car_2440": [0, 4], "car_105": [3, 2], "car_104": [1, 6], "car_107": [0, 3], "car_106": [4, 2], "car_101": [4, 1], "car_100": [3, 1], "car_103": [2, 6], "car_102": [0, 2], "car_1888": [2, 5], "car_109": [7, 1], "car_108": [5, 7], "car_1791": [7, 2], "car_1235": [3, 0], "car_1234": [1, 5], "car_1237": [2, 3], "car_1236": [6, 5], "car_1231": [6, 4], "car_1230": [4, 0], "car_1233": [2, 4], "car_1232": [0, 4], "car_1899": [5, 7], "car_1898": [2, 0], "car_1239": [7, 5], "car_1238": [5, 4], "car_3141": [1, 5], "car_211": [2, 0], "car_210": [6, 0], "car_213": [7, 6], "car_212": [5, 4], "car_215": [3, 1], "car_214": [1, 6], "car_217": [2, 1], "car_216": [4, 2], "car_219": [7, 4], "car_218": [5, 3], "car_2676": [5, 1], "car_1529": [4, 5], "car_1528": [3, 0], "car_2610": [7, 2], "car_2611": [3, 7], "car_2616": [5, 7], "car_2617": [1, 5], "car_2614": [0, 2], "car_2615": [2, 5], "car_1521": [1, 6], "car_1520": [6, 0], "car_1523": [4, 1], "car_1522": [3, 5], "car_1525": [5, 7], "car_1524": [2, 1], "car_1527": [1, 0], "car_1526": [7, 1], "car_3227": [0, 5], "car_2849": [6, 0], "car_2700": [3, 7], "car_2848": [1, 4], "car_2740": [5, 6], "car_3222": [5, 1], "car_2741": [7, 2], "car_3223": [7, 3], "car_2313": [1, 2], "car_2701": [4, 1], "car_2312": [5, 3], "car_2311": [2, 1], "car_923": [7, 0], "car_922": [5, 1], "car_921": [2, 3], "car_920": [6, 1], "car_927": [6, 7], "car_926": [4, 2], "car_925": [3, 5], "car_924": [1, 3], "car_2317": [0, 4], "car_929": [5, 4], "car_928": [0, 2], "car_2316": [6, 0], "car_2766": [5, 4], "car_2748": [4, 6], "car_1149": [5, 4], "car_1148": [2, 3], "car_1419": [2, 4], "car_1418": [4, 0], "car_2760": [0, 5], "car_2749": [6, 5], "car_1143": [4, 5], "car_1142": [3, 6], "car_1141": [1, 3], "car_1140": [7, 6], "car_1147": [6, 7], "car_1146": [3, 2], "car_1145": [0, 3], "car_1144": [6, 3], "car_1099": [6, 0], "car_1098": [7, 1], "car_1091": [5, 2], "car_1090": [2, 0], "car_1093": [3, 0], "car_1092": [1, 5], "car_1095": [6, 3], "car_1094": [4, 3], "car_1097": [2, 5], "car_1096": [0, 7], "car_2818": [4, 2], "car_2819": [5, 4], "car_2548": [7, 4], "car_2549": [6, 0], "car_2542": [2, 5], "car_2543": [5, 6], "car_2540": [1, 7], "car_2541": [6, 2], "car_2546": [4, 3], "car_2547": [0, 4], "car_2521": [6, 1], "car_2545": [3, 1], "car_1701": [6, 0], "car_1700": [3, 5], "car_1703": [2, 7], "car_1702": [0, 1], "car_1705": [3, 5], "car_1704": [5, 7], "car_1707": [6, 5], "car_1706": [4, 1], "car_1709": [2, 7], "car_1708": [0, 3], "car_2522": [2, 3], "car_2523": [5, 3], "car_589": [0, 5], "car_588": [6, 3], "car_859": [0, 4], "car_858": [6, 1], "car_2384": [2, 6], "car_2385": [5, 3], "car_1695": [0, 1], "car_2387": [3, 2], "car_581": [5, 6], "car_580": [0, 6], "car_583": [4, 2], "car_850": [3, 5], "car_585": [2, 0], "car_584": [6, 3], "car_587": [4, 5], "car_586": [3, 0], "car_2002": [3, 7], "car_2148": [5, 2], "car_2149": [7, 5], "car_2146": [6, 4], "car_2147": [0, 4], "car_2144": [3, 0], "car_2145": [4, 5], "car_2142": [7, 5], "car_2143": [1, 0], "car_2140": [2, 4], "car_2141": [5, 1], "car_2985": [6, 2], "car_3149": [7, 3], "car_3148": [0, 7], "car_3145": [5, 4], "car_3144": [0, 6], "car_3147": [3, 1], "car_3146": [7, 4], "car_2779": [7, 0], "car_3140": [5, 4], "car_3143": [6, 7], "car_3142": [4, 2], "car_457": [5, 1], "car_456": [2, 5], "car_455": [0, 4], "car_454": [6, 4], "car_453": [4, 0], "car_452": [3, 2], "car_451": [1, 5], "car_450": [7, 6], "car_1878": [2, 0], "car_459": [1, 7], "car_458": [7, 2], "car_1877": [0, 6], "car_1876": [1, 6], "car_2778": [5, 3], "car_2993": [0, 4], "car_1875": [7, 3], "car_1874": [5, 0], "car_1873": [2, 5], "car_1872": [0, 6], "car_738": [6, 7], "car_739": [2, 5], "car_1871": [6, 5], "car_733": [6, 7], "car_732": [4, 2], "car_32": [0, 7], "car_730": [1, 7], "car_731": [3, 5], "car_736": [5, 0], "car_737": [1, 6], "car_734": [0, 5], "car_735": [2, 4], "car_3031": [3, 7], "car_1976": [1, 2], "car_3033": [0, 7], "car_3032": [6, 4], "car_3035": [5, 3], "car_3034": [2, 5], "car_3037": [1, 3], "car_1977": [4, 1], "car_3039": [4, 6], "car_3038": [3, 6], "car_3348": [0, 2], "car_1698": [7, 2], "car_3345": [5, 7], "car_3344": [4, 3], "car_3030": [1, 2], "car_38": [4, 7], "car_39": [2, 3], "car_2564": [1, 0], "car_2565": [6, 1], "car_3036": [7, 0], "car_2566": [0, 5], "car_2295": [4, 3], "car_1978": [0, 2], "car_2560": [0, 1], "car_1979": [5, 7], "car_2561": [2, 4], "car_2562": [5, 3], "car_2563": [7, 1], "car_2443": [1, 3], "car_2442": [5, 0], "car_3351": [3, 5], "car_2441": [2, 5], "car_112": [0, 3], "car_113": [2, 4], "car_110": [3, 5], "car_111": [6, 1], "car_116": [2, 0], "car_117": [7, 5], "car_114": [4, 3], "car_115": [6, 0], "car_2447": [5, 2], "car_118": [1, 3], "car_119": [3, 5], "car_2446": [2, 5], "car_2445": [0, 4], "car_2299": [5, 7], "car_2533": [2, 4], "car_2453": [7, 5], "car_2454": [1, 3], "car_1950": [0, 7], "car_1951": [7, 3], "car_1952": [1, 3], "car_1953": [3, 5], "car_1954": [4, 7], "car_1955": [0, 2], "car_208": [7, 5], "car_209": [3, 5], "car_206": [2, 6], "car_207": [5, 0], "car_204": [6, 2], "car_205": [0, 7], "car_202": [1, 4], "car_203": [3, 2], "car_200": [2, 1], "car_201": [5, 0], "car_2605": [3, 2], "car_2604": [1, 4], "car_2607": [6, 1], "car_2606": [4, 6], "car_1558": [7, 0], "car_1559": [1, 7], "car_2603": [7, 6], "car_2602": [5, 3], "car_1554": [5, 0], "car_1555": [6, 2], "car_1556": [0, 2], "car_1557": [5, 4], "car_1550": [3, 0], "car_1551": [6, 7], "car_1552": [0, 4], "car_1553": [2, 5], "car_1398": [4, 0], "car_1399": [6, 3], "car_1392": [0, 7], "car_1393": [2, 4], "car_1390": [3, 2], "car_1391": [4, 7], "car_1396": [1, 2], "car_1397": [3, 7], "car_1394": [5, 2], "car_1395": [7, 0], "car_2598": [7, 2], "car_930": [4, 6], "car_931": [0, 5], "car_932": [2, 0], "car_933": [7, 3], "car_934": [1, 2], "car_935": [6, 0], "car_936": [0, 5], "car_937": [2, 0], "car_938": [5, 2], "car_939": [7, 5], "car_2773": [5, 0], "car_2772": [2, 7], "car_2775": [1, 2], "car_2774": [7, 1], "car_2777": [0, 5], "car_2776": [6, 0], "car_6": [1, 5], "car_7": [3, 7], "car_4": [2, 4], "car_5": [5, 7], "car_2": [1, 5], "car_3": [0, 4], "car_1178": [7, 2], "car_1": [5, 7], "car_1176": [4, 3], "car_1177": [6, 3], "car_1174": [1, 4], "car_1175": [3, 6], "car_1172": [5, 7], "car_1173": [7, 0], "car_8": [0, 4], "car_9": [5, 3], "car_2809": [6, 0], "car_2808": [4, 5], "car_2559": [6, 4], "car_2558": [4, 0], "car_2555": [2, 4], "car_2554": [6, 4], "car_2557": [1, 4], "car_2556": [7, 4], "car_2551": [5, 1], "car_2550": [0, 3], "car_2553": [1, 7], "car_2552": [7, 5], "car_1774": [1, 0], "car_1775": [3, 6], "car_1776": [4, 2], "car_1777": [6, 1], "car_1770": [5, 1], "car_1771": [7, 3], "car_1772": [1, 7], "car_1773": [3, 4], "car_1778": [0, 5], "car_1779": [5, 6], "car_98": [0, 3], "car_99": [1, 6], "car_90": [4, 7], "car_91": [6, 1], "car_92": [0, 3], "car_93": [5, 4], "car_94": [7, 0], "car_95": [3, 2], "car_96": [4, 3], "car_97": [6, 2], "car_596": [1, 2], "car_597": [3, 5], "car_594": [0, 2], "car_595": [2, 4], "car_592": [7, 6], "car_593": [4, 6], "car_590": [2, 0], "car_591": [5, 2], "car_598": [6, 5], "car_599": [0, 7], "car_848": [7, 6], "car_849": [1, 7], "car_2391": [2, 5], "car_2390": [0, 4], "car_2397": [0, 5], "car_2396": [6, 7], "car_2395": [4, 0], "car_2394": [3, 6], "car_840": [0, 5], "car_841": [2, 6], "car_842": [5, 3], "car_843": [7, 3], "car_844": [1, 3], "car_845": [3, 2], "car_846": [0, 4], "car_847": [2, 3], "car_1608": [7, 5], "car_1609": [1, 4], "car_2153": [0, 2], "car_2152": [6, 5], "car_2155": [5, 1], "car_2154": [2, 1], "car_2157": [3, 2], "car_2156": [1, 2], "car_1600": [3, 5], "car_1601": [4, 6], "car_1602": [2, 6], "car_1603": [5, 7], "car_1604": [7, 6], "car_1605": [3, 4], "car_1606": [4, 5], "car_1607": [6, 5], "car_2369": [0, 6], "car_2362": [5, 4], "car_2363": [1, 0], "car_444": [1, 2], "car_445": [3, 1], "car_446": [6, 4], "car_447": [0, 1], "car_440": [2, 7], "car_441": [7, 3], "car_442": [6, 5], "car_443": [7, 1], "car_448": [2, 3], "car_449": [5, 7], "car_2717": [7, 6], "car_2716": [5, 6], "car_3210": [7, 1], "car_2715": [0, 3], "car_2201": [4, 6], "car_2714": [6, 3], "car_2200": [3, 0], "car_2713": [4, 6], "car_2712": [3, 5], "car_2711": [1, 6], "car_2710": [7, 0], "car_3044": [4, 0], "car_3045": [6, 0], "car_3046": [2, 6], "car_3047": [5, 1], "car_3040": [6, 4], "car_3041": [5, 3], "car_3042": [7, 5], "car_3043": [1, 3], "car_3048": [7, 0], "car_3049": [1, 0], "car_2209": [2, 0], "car_2208": [0, 3], "car_2324": [2, 1], "car_695": [3, 2], "car_694": [2, 6], "car_697": [6, 0], "car_696": [4, 3], "car_691": [4, 5], "car_690": [3, 2], "car_693": [0, 4], "car_692": [6, 3], "car_699": [5, 7], "car_698": [2, 3], "car_2399": [5, 3], "car_1943": [0, 7], "car_1942": [6, 0], "car_279": [3, 2], "car_278": [1, 4], "car_1947": [3, 4], "car_1946": [1, 6], "car_1945": [7, 6], "car_1944": [2, 5], "car_273": [1, 6], "car_272": [7, 0], "car_271": [4, 2], "car_270": [1, 0], "car_277": [7, 4], "car_276": [2, 1], "car_275": [4, 2], "car_274": [3, 5], "car_2946": [2, 7], "car_1925": [6, 5], "car_2944": [6, 4], "car_2945": [0, 6], "car_2942": [1, 6], "car_2943": [3, 5], "car_1549": [5, 7], "car_1548": [2, 6], "car_1547": [0, 3], "car_1546": [6, 7], "car_1545": [4, 3], "car_1544": [3, 7], "car_1543": [1, 2], "car_1542": [7, 0], "car_1541": [5, 1], "car_1540": [2, 5], "car_1389": [1, 7], "car_1388": [5, 0], "car_1385": [6, 0], "car_1384": [4, 7], "car_1387": [2, 0], "car_1386": [0, 6], "car_1381": [7, 0], "car_1380": [5, 1], "car_1383": [3, 6], "car_1382": [1, 0], "car_307": [2, 5], "car_306": [0, 5], "car_305": [6, 3], "car_304": [4, 3], "car_303": [3, 7], "car_302": [7, 5], "car_301": [5, 3], "car_300": [2, 4], "car_804": [3, 4], "car_309": [3, 2], "car_308": [5, 6], "car_909": [4, 0], "car_908": [3, 6], "car_905": [2, 3], "car_904": [0, 6], "car_907": [1, 6], "car_906": [5, 0], "car_901": [1, 4], "car_900": [7, 3], "car_903": [6, 5], "car_902": [3, 5], "car_1161": [5, 7], "car_1160": [2, 6], "car_1163": [1, 4], "car_1162": [7, 0], "car_1165": [5, 6], "car_1164": [4, 1], "car_1167": [1, 5], "car_1166": [7, 3], "car_1169": [6, 4], "car_1168": [3, 0], "car_2432": [1, 7], "car_2433": [3, 4], "car_2430": [0, 3], "car_2322": [6, 5], "car_2431": [2, 4], "car_2838": [7, 0], "car_2839": [4, 7], "car_2836": [0, 2], "car_2436": [5, 7], "car_2834": [3, 1], "car_2835": [4, 5], "car_2832": [2, 7], "car_2833": [7, 0], "car_2830": [6, 1], "car_2437": [7, 1], "car_2010": [0, 1], "car_2011": [2, 5], "car_2012": [5, 4], "car_2013": [1, 3], "car_2014": [4, 3], "car_2015": [6, 0], "car_2016": [0, 1], "car_2017": [5, 1], "car_2018": [1, 0], "car_2019": [4, 2], "car_2435": [0, 6], "car_87": [7, 6], "car_86": [2, 6], "car_85": [0, 1], "car_84": [6, 2], "car_83": [4, 1], "car_82": [3, 7], "car_81": [1, 3], "car_80": [7, 3], "car_3249": [3, 0], "car_2001": [1, 0], "car_89": [3, 7], "car_88": [1, 6], "car_2000": [7, 1], "car_2498": [6, 5], "car_2499": [2, 7], "car_2494": [0, 6], "car_2495": [1, 7], "car_2496": [3, 0], "car_2497": [4, 3], "car_2490": [1, 7], "car_2491": [3, 5], "car_2492": [4, 3], "car_2493": [6, 5], "car_875": [2, 1], "car_874": [3, 5], "car_877": [1, 0], "car_876": [5, 1], "car_871": [6, 0], "car_870": [4, 2], "car_873": [7, 3], "car_872": [2, 4], "car_3228": [2, 0], "car_3242": [7, 2], "car_1694": [6, 0], "car_879": [0, 7], "car_878": [3, 5], "car_3243": [3, 2], "car_1752": [0, 4], "car_1753": [2, 5], "car_1699": [1, 4], "car_2124": [3, 1], "car_2125": [4, 7], "car_1619": [5, 1], "car_1618": [2, 5], "car_2120": [1, 5], "car_2121": [6, 0], "car_2122": [5, 4], "car_2123": [1, 5], "car_1613": [2, 7], "car_1612": [0, 4], "car_1611": [6, 5], "car_1610": [4, 5], "car_1617": [0, 5], "car_1616": [3, 7], "car_1615": [1, 4], "car_1614": [7, 2], "car_1754": [5, 4], "car_1755": [7, 6], "car_2767": [7, 0], "car_2323": [0, 3], "car_471": [7, 3], "car_470": [5, 3], "car_473": [4, 6], "car_472": [1, 2], "car_475": [2, 5], "car_474": [0, 1], "car_477": [7, 0], "car_476": [5, 2], "car_479": [6, 7], "car_478": [4, 3], "car_2232": [4, 1], "car_2233": [2, 1], "car_2234": [5, 6], "car_2235": [7, 3], "car_2236": [1, 6], "car_2237": [4, 2], "car_2769": [3, 0], "car_2765": [2, 4], "car_2038": [5, 3], "car_2709": [5, 1], "car_3229": [5, 2], "car_3057": [0, 6], "car_3056": [6, 2], "car_2762": [1, 5], "car_3054": [7, 2], "car_3053": [5, 3], "car_3052": [2, 7], "car_3051": [4, 2], "car_3050": [3, 6], "car_3059": [7, 2], "car_3058": [5, 7], "car_3303": [4, 0], "car_2039": [7, 0], "car_2763": [4, 2], "car_1819": [6, 2], "car_1818": [4, 1], "car_2386": [1, 2], "car_682": [0, 4], "car_683": [2, 6], "car_680": [4, 5], "car_681": [6, 4], "car_686": [3, 7], "car_687": [6, 5], "car_684": [5, 4], "car_685": [7, 4], "car_688": [0, 6], "car_689": [7, 0], "car_2481": [0, 7], "car_2761": [5, 0], "car_3282": [3, 7], "car_3283": [6, 1], "car_1815": [0, 2], "car_3280": [7, 2], "car_1814": [4, 2], "car_3281": [1, 7], "car_3286": [3, 1], "car_2388": [4, 3], "car_3287": [4, 0], "car_3284": [0, 6], "car_3285": [5, 6], "car_2389": [6, 1], "car_3288": [0, 7], "car_3289": [2, 5], "car_1670": [7, 4], "car_1956": [2, 4], "car_3302": [3, 6], "car_1957": [5, 3], "car_3324": [3, 2], "car_1958": [7, 0], "car_1959": [1, 0], "car_2003": [6, 3], "car_268": [2, 0], "car_269": [5, 7], "car_1974": [2, 4], "car_1975": [7, 4], "car_1972": [3, 0], "car_1973": [4, 5], "car_1970": [7, 3], "car_1971": [1, 2], "car_260": [0, 3], "car_261": [2, 1], "car_262": [5, 7], "car_263": [7, 6], "car_264": [3, 2], "car_265": [4, 0], "car_266": [6, 3], "car_267": [0, 1], "car_1572": [4, 2], "car_1573": [6, 5], "car_1570": [1, 5], "car_1571": [3, 4], "car_1576": [4, 6], "car_1577": [2, 7], "car_1574": [0, 3], "car_1575": [3, 4], "car_1578": [5, 0], "car_1579": [7, 5], "car_2971": [4, 6], "car_1370": [5, 2], "car_1371": [7, 0], "car_1372": [1, 3], "car_1373": [3, 1], "car_1374": [4, 1], "car_1375": [0, 7], "car_1376": [5, 0], "car_1377": [1, 3], "car_1378": [6, 0], "car_1379": [0, 6], "car_3014": [1, 7], "car_3254": [1, 6], "car_2600": [4, 6], "car_2975": [5, 7], "car_2974": [2, 6], "car_314": [1, 4], "car_315": [3, 4], "car_316": [6, 7], "car_317": [0, 1], "car_310": [4, 1], "car_311": [0, 4], "car_312": [2, 4], "car_313": [7, 5], "car_318": [2, 7], "car_319": [5, 7], "car_918": [1, 5], "car_919": [4, 5], "car_2719": [6, 0], "car_2718": [3, 4], "car_912": [7, 4], "car_913": [1, 3], "car_910": [6, 7], "car_911": [5, 3], "car_916": [2, 7], "car_917": [5, 1], "car_914": [3, 6], "car_915": [6, 0], "car_1114": [4, 2], "car_1115": [6, 2], "car_1116": [0, 7], "car_1117": [2, 7], "car_1110": [0, 5], "car_1111": [7, 6], "car_1112": [1, 7], "car_1113": [3, 1], "car_1118": [7, 6], "car_1119": [4, 5], "car_1284": [7, 6], "car_1285": [3, 7], "car_1286": [6, 1], "car_1287": [2, 3], "car_1280": [3, 7], "car_1281": [4, 5], "car_1282": [2, 3], "car_1283": [5, 1], "car_2130": [7, 2], "car_1288": [5, 2], "car_1289": [7, 1], "car_2959": [1, 7], "car_2958": [7, 3], "car_2951": [6, 2], "car_2950": [4, 2], "car_2953": [3, 2], "car_2952": [2, 1], "car_2955": [0, 3], "car_2954": [6, 1], "car_2957": [5, 2], "car_2956": [2, 4], "car_2821": [3, 7], "car_2820": [7, 4], "car_1744": [1, 5], "car_2822": [4, 6], "car_2825": [2, 1], "car_2824": [0, 7], "car_2827": [1, 0], "car_2826": [7, 6], "car_2829": [4, 1], "car_2828": [3, 2], "car_1028": [7, 0], "car_1029": [1, 6], "car_1758": [6, 3], "car_1759": [0, 5], "car_2007": [3, 0], "car_2006": [7, 4], "car_2005": [5, 3], "car_2004": [0, 6], "car_1020": [4, 5], "car_1021": [6, 7], "car_1022": [0, 3], "car_1023": [2, 0], "car_1024": [5, 1], "car_1025": [3, 2], "car_1026": [4, 1], "car_1027": [0, 7], "car_1598": [7, 0], "car_1599": [1, 2], "car_1590": [2, 0], "car_1591": [5, 7], "car_1592": [7, 3], "car_1593": [4, 1], "car_1594": [6, 0], "car_1595": [0, 5], "car_1596": [2, 4], "car_1597": [5, 1], "car_2489": [7, 2], "car_2488": [5, 1], "car_2487": [2, 6], "car_2486": [0, 5], "car_2485": [6, 4], "car_2484": [4, 5], "car_2483": [1, 7], "car_2482": [2, 0], "car_1746": [0, 5], "car_2480": [6, 7], "car_862": [3, 1], "car_863": [4, 5], "car_860": [2, 5], "car_861": [5, 6], "car_866": [2, 7], "car_867": [5, 3], "car_864": [6, 5], "car_865": [0, 7], "car_868": [7, 1], "car_869": [1, 2], "car_1741": [2, 1], "car_2137": [3, 7], "car_2136": [1, 7], "car_2135": [2, 4], "car_2134": [0, 4], "car_2133": [6, 0], "car_2132": [3, 4], "car_1628": [3, 2], "car_1629": [4, 5], "car_1626": [7, 5], "car_1627": [1, 7], "car_1624": [6, 7], "car_1625": [0, 5], "car_1622": [3, 0], "car_1623": [4, 6], "car_1620": [7, 5], "car_1621": [1, 5], "car_1740": [0, 1]}