{"car_2009": [6, 7], "car_2229": [7, 3], "car_2228": [0, 6], "car_468": [3, 4], "car_469": [4, 6], "car_466": [2, 6], "car_467": [7, 0], "car_464": [3, 0], "car_465": [0, 2], "car_462": [2, 0], "car_463": [7, 2], "car_460": [4, 6], "car_461": [0, 7], "car_817": [7, 3], "car_816": [5, 4], "car_815": [0, 3], "car_814": [6, 4], "car_813": [3, 2], "car_812": [6, 4], "car_2072": [3, 7], "car_811": [4, 0], "car_2073": [4, 0], "car_810": [1, 5], "car_679": [6, 2], "car_678": [4, 1], "car_677": [1, 5], "car_676": [5, 2], "car_675": [0, 6], "car_674": [6, 4], "car_673": [4, 3], "car_672": [1, 2], "car_671": [7, 6], "car_670": [5, 6], "car_2078": [2, 4], "car_2079": [7, 5], "car_2341": [0, 6], "car_2223": [6, 1], "car_789": [1, 2], "car_788": [0, 4], "car_2222": [4, 1], "car_783": [0, 3], "car_782": [6, 0], "car_781": [1, 5], "car_780": [5, 3], "car_787": [6, 0], "car_786": [3, 4], "car_785": [7, 1], "car_784": [5, 7], "car_2220": [7, 4], "car_0": [0, 5], "car_2227": [6, 4], "car_1179": [0, 2], "car_2226": [4, 5], "car_2225": [7, 4], "car_2224": [0, 1], "car_255": [7, 0], "car_254": [0, 3], "car_257": [4, 0], "car_256": [3, 4], "car_251": [1, 0], "car_250": [5, 4], "car_253": [6, 1], "car_252": [3, 6], "car_1961": [1, 6], "car_1960": [7, 2], "car_1963": [0, 7], "car_1962": [3, 2], "car_259": [1, 6], "car_258": [7, 5], "car_1967": [6, 7], "car_1966": [4, 0], "car_1170": [6, 7], "car_1171": [0, 7], "car_1565": [3, 1], "car_1564": [2, 3], "car_1567": [6, 4], "car_1566": [4, 7], "car_1561": [5, 2], "car_1560": [2, 7], "car_1563": [0, 4], "car_1562": [1, 7], "car_1569": [4, 3], "car_1568": [1, 0], "car_1413": [1, 7], "car_1363": [4, 6], "car_1362": [3, 4], "car_1361": [7, 0], "car_1360": [5, 0], "car_1367": [6, 7], "car_1366": [3, 1], "car_1365": [2, 4], "car_1364": [6, 7], "car_1369": [5, 2], "car_1368": [0, 7], "car_321": [2, 6], "car_320": [0, 5], "car_323": [1, 5], "car_322": [5, 3], "car_325": [4, 7], "car_324": [3, 7], "car_327": [0, 3], "car_326": [6, 4], "car_329": [7, 4], "car_328": [5, 7], "car_1107": [2, 1], "car_1106": [6, 1], "car_1105": [4, 2], "car_1104": [3, 0], "car_1103": [7, 4], "car_1102": [5, 7], "car_1101": [7, 3], "car_1100": [2, 7], "car_1109": [1, 3], "car_1108": [5, 2], "car_1297": [3, 7], "car_1296": [5, 1], "car_1295": [2, 7], "car_1294": [6, 5], "car_1293": [0, 4], "car_1292": [3, 1], "car_1291": [0, 1], "car_1290": [6, 2], "car_1299": [2, 5], "car_1298": [4, 3], "car_2036": [7, 1], "car_2037": [4, 1], "car_1039": [1, 0], "car_1038": [5, 7], "car_1749": [0, 5], "car_1748": [6, 1], "car_2030": [5, 0], "car_2031": [7, 3], "car_1033": [5, 7], "car_1032": [0, 7], "car_1031": [6, 4], "car_1030": [3, 1], "car_1037": [0, 6], "car_1036": [6, 5], "car_1035": [3, 0], "car_1034": [7, 3], "car_1589": [2, 3], "car_1588": [0, 7], "car_1583": [1, 2], "car_1582": [7, 2], "car_1581": [5, 3], "car_1580": [2, 0], "car_1587": [1, 7], "car_1586": [7, 2], "car_1585": [0, 3], "car_1584": [4, 6], "car_1852": [7, 0], "car_1906": [6, 2], "car_899": [0, 5], "car_898": [7, 1], "car_897": [5, 2], "car_896": [0, 4], "car_895": [6, 1], "car_894": [4, 6], "car_893": [1, 6], "car_892": [7, 2], "car_891": [6, 3], "car_890": [4, 3], "car_2108": [6, 2], "car_2109": [0, 6], "car_2102": [7, 0], "car_2103": [3, 2], "car_2100": [4, 0], "car_2101": [2, 4], "car_2106": [5, 0], "car_2107": [1, 0], "car_2104": [4, 3], "car_2105": [0, 6], "car_1631": [0, 5], "car_1630": [4, 1], "car_1633": [7, 3], "car_1632": [5, 3], "car_1635": [0, 7], "car_1634": [6, 0], "car_1637": [7, 1], "car_1636": [5, 0], "car_1639": [0, 5], "car_1638": [1, 6], "car_1751": [5, 3], "car_1756": [0, 2], "car_419": [3, 5], "car_418": [7, 4], "car_2218": [6, 0], "car_2219": [5, 7], "car_413": [2, 7], "car_412": [3, 6], "car_411": [7, 0], "car_410": [2, 1], "car_417": [5, 3], "car_416": [2, 4], "car_415": [6, 5], "car_414": [3, 5], "car_1679": [5, 7], "car_1678": [2, 0], "car_527": [1, 5], "car_526": [7, 2], "car_525": [2, 5], "car_524": [6, 4], "car_523": [4, 0], "car_522": [0, 1], "car_521": [4, 2], "car_520": [3, 1], "car_1671": [3, 5], "car_1889": [3, 6], "car_529": [2, 3], "car_528": [4, 6], "car_1884": [3, 7], "car_1885": [4, 6], "car_2368": [5, 4], "car_668": [1, 6], "car_669": [4, 5], "car_664": [5, 0], "car_665": [4, 1], "car_666": [6, 3], "car_667": [0, 3], "car_660": [1, 3], "car_661": [3, 2], "car_662": [4, 5], "car_663": [6, 4], "car_1854": [2, 7], "car_798": [3, 7], "car_799": [6, 0], "car_790": [2, 5], "car_791": [3, 1], "car_792": [6, 5], "car_793": [0, 5], "car_794": [2, 3], "car_795": [5, 6], "car_796": [7, 6], "car_797": [1, 4], "car_242": [3, 0], "car_243": [6, 4], "car_240": [5, 1], "car_241": [1, 0], "car_246": [1, 3], "car_247": [4, 5], "car_244": [2, 5], "car_245": [7, 3], "car_1914": [2, 1], "car_1915": [5, 1], "car_248": [0, 4], "car_249": [2, 0], "car_1910": [1, 4], "car_1911": [3, 2], "car_1912": [4, 5], "car_1913": [0, 1], "car_1356": [5, 3], "car_1357": [4, 7], "car_1354": [4, 7], "car_1355": [0, 5], "car_1352": [2, 0], "car_1353": [5, 2], "car_1350": [1, 7], "car_1351": [6, 4], "car_1358": [6, 7], "car_1359": [0, 1], "car_1831": [1, 2], "car_1820": [1, 3], "car_1821": [3, 7], "car_1822": [4, 5], "car_1823": [2, 7], "car_1824": [7, 1], "car_1825": [1, 3], "car_338": [7, 2], "car_339": [4, 3], "car_336": [3, 7], "car_337": [4, 2], "car_334": [7, 0], "car_335": [1, 2], "car_332": [0, 2], "car_333": [2, 3], "car_330": [1, 6], "car_331": [6, 1], "car_1138": [6, 2], "car_1139": [2, 5], "car_1132": [1, 7], "car_1133": [6, 1], "car_1130": [0, 2], "car_1131": [2, 7], "car_1136": [5, 7], "car_1137": [3, 2], "car_1134": [5, 2], "car_1135": [4, 6], "car_1839": [7, 3], "car_1838": [2, 7], "car_2029": [6, 0], "car_2028": [4, 6], "car_2021": [0, 7], "car_2020": [4, 2], "car_2023": [7, 1], "car_2022": [5, 2], "car_2025": [4, 2], "car_2024": [3, 4], "car_2027": [2, 0], "car_2026": [0, 3], "car_1008": [2, 6], "car_1009": [3, 7], "car_1006": [3, 0], "car_1007": [6, 0], "car_1004": [5, 4], "car_1005": [7, 0], "car_1002": [4, 1], "car_1003": [2, 1], "car_1000": [2, 5], "car_1001": [5, 7], "car_1924": [2, 0], "car_36": [0, 4], "car_37": [2, 0], "car_34": [7, 3], "car_35": [3, 7], "car_888": [7, 4], "car_889": [1, 7], "car_30": [4, 6], "car_31": [6, 7], "car_884": [4, 2], "car_885": [2, 7], "car_886": [4, 2], "car_887": [0, 1], "car_880": [0, 3], "car_881": [5, 2], "car_882": [1, 5], "car_883": [3, 1], "car_2119": [3, 1], "car_2118": [1, 3], "car_2115": [2, 6], "car_2114": [0, 5], "car_2117": [7, 4], "car_2116": [5, 3], "car_2111": [5, 7], "car_2110": [2, 4], "car_2113": [6, 3], "car_2112": [1, 5], "car_1644": [7, 2], "car_1645": [3, 5], "car_1646": [4, 2], "car_1647": [0, 5], "car_1640": [1, 2], "car_1641": [6, 0], "car_1642": [2, 1], "car_1643": [5, 4], "car_1648": [5, 1], "car_1649": [7, 3], "car_2159": [3, 4], "car_2158": [7, 6], "car_408": [7, 4], "car_409": [6, 1], "car_2203": [7, 4], "car_2202": [5, 6], "car_2205": [6, 5], "car_2204": [1, 0], "car_2207": [2, 6], "car_2206": [0, 4], "car_400": [0, 5], "car_401": [2, 0], "car_402": [1, 3], "car_403": [2, 6], "car_404": [5, 1], "car_405": [0, 5], "car_406": [2, 7], "car_407": [5, 1], "car_1769": [2, 4], "car_534": [5, 0], "car_535": [7, 5], "car_536": [1, 2], "car_537": [3, 1], "car_530": [5, 7], "car_531": [3, 1], "car_532": [5, 4], "car_533": [0, 2], "car_538": [2, 0], "car_539": [7, 5], "car_2310": [1, 0], "car_659": [6, 1], "car_658": [3, 7], "car_651": [1, 5], "car_650": [7, 4], "car_653": [4, 0], "car_652": [3, 2], "car_655": [1, 2], "car_654": [0, 6], "car_657": [5, 7], "car_656": [3, 0], "car_1929": [1, 3], "car_2195": [0, 7], "car_2194": [5, 2], "car_1764": [2, 3], "car_2197": [1, 6], "car_2196": [2, 7], "car_2191": [1, 0], "car_1928": [7, 4], "car_2190": [5, 7], "car_2193": [2, 7], "car_1909": [7, 2], "car_1908": [2, 7], "car_1907": [0, 6], "car_1763": [3, 4], "car_1905": [4, 6], "car_1904": [2, 1], "car_1903": [0, 5], "car_1902": [5, 1], "car_1901": [1, 2], "car_1900": [0, 4], "car_1349": [5, 6], "car_1348": [2, 7], "car_1762": [1, 2], "car_1341": [5, 4], "car_1340": [1, 6], "car_1343": [1, 7], "car_1342": [7, 3], "car_1345": [4, 2], "car_1344": [3, 2], "car_1347": [0, 7], "car_1346": [6, 4], "car_1833": [6, 1], "car_1832": [4, 3], "car_349": [6, 7], "car_348": [4, 0], "car_1837": [0, 3], "car_1836": [4, 3], "car_1835": [1, 5], "car_1834": [5, 7], "car_343": [3, 7], "car_342": [7, 2], "car_341": [0, 7], "car_340": [6, 3], "car_347": [3, 7], "car_346": [7, 3], "car_345": [2, 0], "car_344": [4, 7], "car_2325": [1, 4], "car_1129": [4, 5], "car_1128": [1, 3], "car_1125": [3, 5], "car_1124": [7, 6], "car_1127": [5, 7], "car_1126": [4, 7], "car_1121": [7, 1], "car_1120": [5, 7], "car_1123": [5, 1], "car_1122": [3, 0], "car_1402": [6, 7], "car_2320": [4, 2], "car_1403": [2, 6], "car_2321": [6, 7], "car_1400": [1, 5], "car_1401": [3, 5], "car_1406": [4, 1], "car_1407": [0, 4], "car_1404": [7, 2], "car_1405": [3, 1], "car_2058": [4, 3], "car_2059": [6, 4], "car_2054": [2, 6], "car_2055": [5, 0], "car_2056": [7, 5], "car_2057": [1, 6], "car_2050": [1, 0], "car_2051": [4, 0], "car_2052": [6, 1], "car_2053": [0, 1], "car_1011": [6, 5], "car_1010": [4, 2], "car_1013": [5, 2], "car_1012": [2, 5], "car_1015": [1, 3], "car_1014": [7, 3], "car_1017": [0, 4], "car_1016": [3, 6], "car_1019": [7, 6], "car_1018": [2, 4], "car_25": [0, 7], "car_24": [3, 2], "car_27": [1, 4], "car_26": [7, 4], "car_21": [0, 2], "car_20": [4, 7], "car_23": [1, 0], "car_22": [2, 7], "car_29": [1, 2], "car_28": [7, 6], "car_1657": [3, 1], "car_1656": [1, 3], "car_1655": [5, 1], "car_1654": [2, 0], "car_1653": [0, 5], "car_1652": [7, 5], "car_1651": [0, 1], "car_1650": [3, 6], "car_1659": [4, 6], "car_1658": [3, 6], "car_1969": [2, 4], "car_2315": [3, 2], "car_1843": [5, 3], "car_435": [2, 0], "car_434": [6, 2], "car_437": [0, 2], "car_436": [6, 2], "car_431": [6, 1], "car_430": [4, 1], "car_433": [4, 6], "car_432": [1, 5], "car_1846": [2, 0], "car_439": [7, 2], "car_438": [2, 3], "car_1847": [5, 3], "car_2274": [5, 7], "car_2275": [1, 7], "car_2276": [3, 6], "car_2277": [6, 5], "car_2270": [7, 4], "car_2271": [1, 5], "car_2272": [4, 0], "car_2273": [2, 5], "car_1845": [6, 5], "car_2278": [0, 5], "car_2279": [2, 6], "car_1848": [0, 2], "car_2289": [4, 6], "car_1968": [0, 7], "car_1849": [2, 3], "car_2288": [5, 7], "car_1965": [7, 4], "car_1964": [2, 3], "car_501": [4, 7], "car_500": [3, 4], "car_503": [2, 0], "car_502": [6, 1], "car_505": [2, 7], "car_504": [1, 5], "car_507": [5, 4], "car_506": [6, 1], "car_509": [1, 0], "car_508": [7, 0], "car_2302": [1, 6], "car_2303": [3, 6], "car_2304": [2, 5], "car_2305": [4, 5], "car_2306": [6, 2], "car_2307": [0, 1], "car_2281": [1, 6], "car_1745": [4, 7], "car_2280": [5, 1], "car_646": [6, 3], "car_647": [2, 5], "car_644": [3, 5], "car_645": [4, 3], "car_642": [0, 7], "car_643": [2, 5], "car_640": [4, 1], "car_641": [6, 1], "car_2314": [1, 5], "car_648": [0, 3], "car_649": [2, 0], "car_1830": [5, 2], "car_1932": [0, 2], "car_1933": [2, 4], "car_1930": [3, 7], "car_1931": [4, 7], "car_1936": [4, 2], "car_1937": [0, 5], "car_1934": [5, 0], "car_1935": [1, 4], "car_1938": [2, 0], "car_1939": [3, 4], "car_1717": [1, 7], "car_1338": [5, 4], "car_1339": [7, 4], "car_1334": [2, 3], "car_1335": [1, 0], "car_1336": [4, 1], "car_1337": [6, 2], "car_1330": [0, 3], "car_1331": [5, 2], "car_1332": [7, 1], "car_1333": [4, 6], "car_1711": [5, 0], "car_358": [3, 6], "car_359": [6, 4], "car_1804": [1, 6], "car_1805": [4, 1], "car_1802": [0, 1], "car_1803": [2, 5], "car_1800": [3, 4], "car_1801": [6, 2], "car_350": [5, 6], "car_351": [1, 4], "car_352": [3, 7], "car_353": [4, 5], "car_354": [6, 3], "car_355": [5, 1], "car_356": [7, 4], "car_357": [1, 6], "car_1482": [3, 7], "car_1483": [4, 5], "car_1480": [5, 7], "car_1481": [7, 5], "car_1486": [3, 1], "car_1487": [4, 3], "car_1484": [2, 7], "car_1485": [5, 2], "car_1488": [0, 2], "car_1489": [7, 4], "car_1240": [2, 1], "car_1241": [5, 0], "car_1242": [7, 1], "car_1243": [3, 0], "car_1244": [4, 6], "car_1245": [6, 7], "car_1246": [5, 4], "car_1247": [0, 3], "car_1248": [2, 4], "car_1249": [3, 7], "car_1747": [3, 7], "car_1879": [5, 6], "car_2049": [7, 3], "car_2048": [6, 4], "car_2047": [4, 2], "car_2046": [3, 2], "car_2045": [1, 3], "car_2044": [7, 4], "car_2043": [4, 5], "car_2042": [1, 5], "car_2041": [7, 3], "car_2040": [5, 0], "car_1064": [2, 0], "car_1065": [7, 4], "car_1066": [4, 2], "car_1067": [6, 2], "car_1060": [3, 0], "car_1061": [4, 1], "car_1062": [6, 1], "car_1063": [0, 1], "car_1068": [2, 7], "car_1069": [5, 2], "car_1798": [0, 4], "car_1799": [5, 7], "car_10": [7, 6], "car_11": [1, 4], "car_12": [6, 5], "car_13": [2, 3], "car_14": [1, 0], "car_15": [3, 0], "car_16": [6, 4], "car_17": [2, 1], "car_18": [1, 7], "car_19": [3, 6], "car_1668": [6, 5], "car_1669": [2, 3], "car_1662": [1, 3], "car_1663": [4, 5], "car_1660": [6, 5], "car_1661": [5, 4], "car_1666": [5, 6], "car_1667": [3, 5], "car_1664": [0, 4], "car_1665": [2, 7], "car_1468": [4, 7], "car_1469": [0, 2], "car_1460": [5, 3], "car_1461": [7, 3], "car_1462": [1, 7], "car_1463": [3, 6], "car_1464": [4, 2], "car_1465": [2, 3], "car_1466": [5, 2], "car_1467": [7, 4], "car_422": [0, 6], "car_423": [7, 4], "car_420": [6, 2], "car_421": [4, 2], "car_426": [6, 5], "car_427": [3, 4], "car_424": [3, 5], "car_425": [4, 3], "car_428": [4, 1], "car_429": [0, 7], "car_2267": [2, 0], "car_2266": [4, 0], "car_2265": [3, 5], "car_2264": [1, 2], "car_2263": [2, 6], "car_2262": [0, 5], "car_2261": [3, 1], "car_2260": [1, 0], "car_2371": [5, 0], "car_2269": [0, 2], "car_2268": [5, 0], "car_2373": [3, 6], "car_2372": [7, 2], "car_2008": [4, 1], "car_2370": [2, 7], "car_2319": [7, 4], "car_2318": [5, 3], "car_518": [7, 3], "car_519": [1, 2], "car_516": [2, 3], "car_517": [5, 6], "car_514": [6, 1], "car_515": [0, 6], "car_512": [2, 6], "car_513": [3, 2], "car_510": [3, 6], "car_511": [6, 0], "car_1870": [4, 0], "car_633": [4, 2], "car_632": [3, 4], "car_631": [7, 0], "car_630": [3, 0], "car_637": [7, 3], "car_636": [0, 1], "car_635": [1, 7], "car_634": [6, 4], "car_639": [3, 7], "car_638": [1, 4], "car_189": [3, 0], "car_188": [7, 4], "car_185": [1, 3], "car_184": [7, 3], "car_187": [2, 5], "car_186": [4, 2], "car_181": [6, 0], "car_180": [4, 0], "car_183": [5, 3], "car_182": [0, 6], "car_749": [5, 6], "car_748": [2, 4], "car_747": [0, 7], "car_746": [4, 1], "car_745": [3, 4], "car_744": [2, 6], "car_743": [6, 5], "car_742": [4, 5], "car_741": [7, 5], "car_740": [2, 1], "car_2131": [7, 5], "car_299": [1, 3], "car_298": [2, 4], "car_1927": [5, 0], "car_1926": [0, 3], "car_1921": [7, 6], "car_1920": [5, 4], "car_1923": [6, 5], "car_1922": [4, 5], "car_291": [2, 0], "car_290": [6, 1], "car_293": [6, 5], "car_292": [4, 0], "car_295": [5, 0], "car_294": [2, 6], "car_297": [4, 6], "car_296": [7, 5], "car_1329": [4, 3], "car_1328": [1, 2], "car_1327": [5, 4], "car_1326": [4, 5], "car_1325": [6, 7], "car_1324": [4, 3], "car_1323": [5, 1], "car_1322": [3, 2], "car_1321": [7, 5], "car_1320": [2, 3], "car_365": [0, 7], "car_364": [6, 5], "car_367": [7, 2], "car_366": [5, 3], "car_361": [2, 6], "car_360": [0, 4], "car_363": [4, 6], "car_362": [1, 7], "car_1811": [5, 6], "car_1810": [2, 3], "car_1813": [6, 7], "car_1812": [1, 2], "car_369": [0, 7], "car_368": [3, 5], "car_1817": [6, 1], "car_1816": [4, 5], "car_167": [0, 4], "car_166": [3, 7], "car_165": [5, 4], "car_164": [2, 4], "car_163": [0, 6], "car_162": [6, 4], "car_161": [7, 3], "car_160": [2, 6], "car_169": [1, 7], "car_168": [5, 2], "car_1495": [4, 1], "car_1494": [1, 6], "car_1497": [7, 1], "car_1496": [0, 2], "car_1491": [3, 5], "car_1490": [1, 5], "car_1493": [7, 3], "car_1492": [2, 7], "car_1499": [2, 0], "car_1498": [0, 1], "car_1253": [5, 6], "car_1252": [2, 0], "car_1251": [6, 3], "car_1250": [4, 2], "car_1257": [6, 7], "car_1256": [4, 1], "car_1255": [1, 2], "car_1254": [7, 6], "car_1259": [2, 7], "car_1258": [0, 4], "car_1868": [0, 7], "car_1789": [7, 2], "car_1788": [6, 7], "car_2070": [6, 1], "car_2071": [5, 1], "car_2076": [1, 7], "car_2077": [3, 5], "car_2074": [2, 6], "car_2075": [5, 2], "car_1781": [2, 6], "car_1780": [0, 1], "car_1783": [1, 3], "car_1782": [7, 3], "car_1785": [6, 1], "car_1784": [4, 6], "car_1787": [4, 7], "car_1786": [3, 1], "car_1077": [5, 7], "car_1076": [2, 4], "car_1075": [7, 5], "car_1074": [5, 7], "car_1073": [2, 7], "car_1072": [6, 7], "car_1071": [3, 4], "car_1070": [1, 2], "car_1079": [6, 5], "car_1078": [7, 5], "car_2139": [2, 7], "car_2034": [0, 3], "car_2300": [2, 4], "car_2035": [5, 4], "car_2301": [5, 4], "car_2032": [1, 5], "car_2033": [4, 3], "car_2138": [6, 3], "car_985": [6, 2], "car_984": [4, 5], "car_987": [2, 5], "car_986": [0, 2], "car_981": [4, 3], "car_980": [3, 4], "car_983": [7, 4], "car_982": [6, 4], "car_1675": [5, 7], "car_1674": [2, 1], "car_1677": [4, 2], "car_1676": [3, 5], "car_989": [3, 2], "car_988": [7, 6], "car_1673": [0, 3], "car_1672": [6, 5], "car_1479": [2, 0], "car_1478": [0, 4], "car_1473": [0, 7], "car_1472": [6, 4], "car_1471": [3, 7], "car_1470": [5, 3], "car_1477": [4, 6], "car_1476": [3, 4], "car_1475": [7, 5], "car_1474": [2, 3], "car_1743": [1, 0], "car_1742": [7, 1], "car_2258": [3, 4], "car_2259": [2, 1], "car_2252": [4, 0], "car_2253": [6, 4], "car_2250": [7, 2], "car_2251": [3, 2], "car_2256": [0, 7], "car_2257": [2, 6], "car_2254": [2, 3], "car_2255": [3, 7], "car_2098": [7, 5], "car_2099": [3, 7], "car_2090": [1, 5], "car_2091": [0, 7], "car_2092": [2, 0], "car_2093": [7, 0], "car_2094": [1, 4], "car_2095": [3, 6], "car_2096": [0, 5], "car_2097": [5, 6], "car_569": [7, 0], "car_568": [0, 1], "car_2328": [2, 6], "car_2329": [5, 3], "car_563": [2, 3], "car_562": [0, 3], "car_561": [6, 7], "car_560": [4, 5], "car_567": [6, 0], "car_566": [4, 2], "car_565": [1, 0], "car_564": [5, 2], "car_2331": [4, 2], "car_620": [1, 4], "car_621": [3, 4], "car_622": [4, 7], "car_623": [0, 1], "car_624": [2, 5], "car_625": [5, 4], "car_626": [7, 3], "car_627": [1, 4], "car_628": [0, 3], "car_629": [5, 0], "car_1869": [1, 6], "car_1866": [7, 3], "car_1867": [4, 2], "car_198": [7, 0], "car_199": [1, 0], "car_192": [4, 2], "car_193": [6, 7], "car_190": [0, 3], "car_191": [3, 4], "car_196": [3, 5], "car_197": [0, 7], "car_194": [0, 7], "car_195": [5, 1], "car_758": [2, 4], "car_759": [7, 3], "car_754": [3, 4], "car_755": [4, 7], "car_756": [6, 0], "car_757": [0, 3], "car_750": [1, 0], "car_751": [3, 6], "car_752": [7, 1], "car_753": [1, 6], "car_1940": [4, 0], "car_286": [7, 1], "car_287": [1, 0], "car_284": [3, 2], "car_285": [5, 6], "car_282": [2, 4], "car_283": [1, 0], "car_280": [6, 4], "car_281": [0, 3], "car_1949": [7, 6], "car_288": [3, 5], "car_289": [4, 5], "car_1948": [2, 6], "car_1312": [2, 5], "car_1313": [5, 7], "car_1310": [4, 3], "car_1311": [0, 1], "car_1316": [2, 6], "car_1317": [1, 5], "car_1314": [1, 6], "car_1315": [3, 4], "car_1318": [3, 7], "car_1319": [6, 0], "car_372": [4, 3], "car_373": [0, 5], "car_370": [5, 6], "car_371": [1, 5], "car_376": [4, 7], "car_377": [5, 1], "car_374": [2, 7], "car_375": [5, 6], "car_1864": [6, 3], "car_1865": [2, 3], "car_378": [4, 0], "car_379": [2, 0], "car_1860": [6, 2], "car_1861": [5, 2], "car_1862": [7, 3], "car_1863": [3, 7], "car_174": [4, 5], "car_175": [6, 7], "car_176": [0, 3], "car_177": [5, 7], "car_170": [3, 5], "car_171": [6, 2], "car_172": [7, 5], "car_173": [1, 5], "car_178": [7, 6], "car_179": [3, 6], "car_2338": [1, 2], "car_1266": [1, 5], "car_1267": [3, 0], "car_1264": [5, 0], "car_1265": [7, 2], "car_1262": [3, 1], "car_1263": [0, 5], "car_1260": [5, 4], "car_1261": [7, 5], "car_1268": [4, 0], "car_1269": [0, 7], "car_2065": [5, 4], "car_2064": [0, 2], "car_1048": [6, 5], "car_1049": [2, 4], "car_2061": [7, 6], "car_2060": [5, 7], "car_2063": [6, 5], "car_2062": [3, 6], "car_1042": [2, 3], "car_1043": [5, 0], "car_1040": [3, 6], "car_1041": [4, 1], "car_1046": [3, 7], "car_1047": [4, 1], "car_1044": [7, 0], "car_1045": [1, 0], "car_78": [0, 6], "car_79": [5, 3], "car_72": [4, 0], "car_73": [6, 1], "car_70": [0, 1], "car_71": [7, 4], "car_76": [3, 1], "car_77": [4, 1], "car_74": [2, 4], "car_75": [7, 4], "car_992": [2, 7], "car_993": [6, 0], "car_990": [4, 2], "car_991": [6, 2], "car_996": [7, 3], "car_997": [3, 4], "car_994": [0, 2], "car_995": [2, 0], "car_1688": [6, 4], "car_1689": [2, 0], "car_998": [6, 1], "car_999": [0, 3], "car_1448": [2, 4], "car_1449": [7, 1], "car_1446": [1, 7], "car_1447": [0, 7], "car_1444": [0, 3], "car_1445": [7, 0], "car_1442": [1, 5], "car_1443": [4, 5], "car_1440": [4, 1], "car_1441": [2, 3], "car_2249": [6, 4], "car_2248": [3, 2], "car_2245": [4, 1], "car_2244": [1, 0], "car_2247": [1, 6], "car_2246": [0, 1], "car_2241": [3, 0], "car_2240": [1, 3], "car_2243": [6, 2], "car_2242": [4, 6], "car_2089": [4, 0], "car_2088": [1, 6], "car_2083": [7, 5], "car_2082": [5, 2], "car_2081": [3, 4], "car_2080": [1, 7], "car_2087": [2, 1], "car_2086": [6, 5], "car_2085": [4, 3], "car_2084": [3, 1], "car_578": [2, 5], "car_579": [5, 6], "car_2333": [2, 3], "car_2332": [6, 1], "car_2335": [5, 6], "car_2334": [3, 0], "car_2337": [6, 0], "car_553": [4, 1], "car_570": [6, 2], "car_571": [7, 1], "car_572": [4, 3], "car_573": [2, 6], "car_574": [5, 2], "car_806": [1, 3], "car_576": [3, 5], "car_577": [6, 7], "car_807": [2, 1], "car_800": [5, 0], "car_801": [4, 3], "car_802": [6, 3], "car_2192": [6, 0], "car_803": [0, 4], "car_2067": [1, 3], "car_2066": [7, 3], "car_619": [7, 5], "car_618": [5, 7], "car_615": [1, 0], "car_614": [7, 4], "car_617": [0, 5], "car_616": [3, 1], "car_611": [0, 6], "car_610": [4, 0], "car_613": [5, 4], "car_612": [2, 1], "car_2151": [0, 5], "car_2150": [1, 7], "car_2069": [4, 2], "car_2068": [3, 4], "car_769": [6, 7], "car_768": [1, 6], "car_761": [3, 1], "car_760": [5, 6], "car_763": [7, 0], "car_762": [4, 3], "car_765": [3, 7], "car_764": [1, 3], "car_767": [7, 2], "car_766": [4, 6], "car_2216": [1, 4], "car_2217": [4, 6], "car_2330": [7, 2], "car_2214": [6, 3], "car_2215": [7, 5], "car_2212": [1, 7], "car_2213": [3, 0], "car_2210": [1, 7], "car_2211": [4, 6], "car_575": [7, 5], "car_1305": [5, 2], "car_1304": [2, 0], "car_1307": [4, 7], "car_1306": [7, 2], "car_1301": [3, 7], "car_1300": [7, 6], "car_1303": [1, 2], "car_1302": [4, 5], "car_1309": [1, 6], "car_1308": [2, 7], "car_389": [7, 3], "car_388": [5, 2], "car_387": [2, 6], "car_386": [0, 3], "car_385": [4, 7], "car_384": [3, 2], "car_383": [1, 6], "car_382": [7, 4], "car_381": [6, 7], "car_380": [5, 1], "car_141": [2, 0], "car_140": [0, 3], "car_143": [4, 7], "car_142": [5, 0], "car_145": [0, 3], "car_144": [6, 7], "car_147": [5, 1], "car_146": [2, 5], "car_149": [4, 3], "car_148": [1, 6], "car_1279": [0, 5], "car_1278": [6, 0], "car_1271": [3, 4], "car_1270": [7, 4], "car_1273": [2, 4], "car_1272": [4, 6], "car_1275": [1, 4], "car_1274": [7, 6], "car_1277": [4, 2], "car_1276": [3, 6], "car_2326": [6, 4], "car_2327": [0, 3], "car_1059": [6, 0], "car_1058": [1, 7], "car_1055": [5, 1], "car_1054": [2, 4], "car_1057": [1, 4], "car_1056": [7, 2], "car_1051": [7, 3], "car_1050": [5, 7], "car_1053": [0, 1], "car_1052": [4, 0], "car_69": [6, 3], "car_68": [3, 5], "car_61": [7, 0], "car_60": [5, 3], "car_63": [3, 0], "car_62": [1, 5], "car_65": [6, 3], "car_64": [4, 1], "car_67": [1, 0], "car_66": [5, 4], "car_1693": [6, 7], "car_1692": [3, 4], "car_1691": [1, 2], "car_1690": [5, 7], "car_1697": [1, 7], "car_1696": [7, 4], "car_969": [0, 7], "car_968": [7, 6], "car_967": [2, 1], "car_966": [1, 3], "car_965": [5, 6], "car_964": [6, 1], "car_963": [4, 0], "car_962": [7, 6], "car_961": [4, 1], "car_960": [5, 4], "car_1451": [3, 1], "car_1450": [1, 6], "car_1453": [5, 4], "car_1452": [6, 2], "car_1455": [3, 1], "car_1454": [1, 4], "car_1457": [0, 2], "car_1456": [6, 4], "car_1459": [1, 6], "car_1458": [2, 1], "car_1680": [1, 0], "car_1681": [3, 2], "car_1682": [0, 4], "car_1683": [2, 1], "car_1684": [7, 5], "car_1685": [4, 6], "car_1891": [6, 4], "car_1686": [1, 6], "car_1890": [4, 5], "car_1687": [3, 0], "car_1893": [7, 2], "car_545": [4, 7], "car_544": [5, 4], "car_547": [7, 2], "car_546": [2, 1], "car_541": [4, 5], "car_540": [3, 2], "car_543": [2, 3], "car_542": [6, 4], "car_1895": [6, 5], "car_549": [6, 5], "car_548": [1, 2], "car_819": [0, 3], "car_818": [4, 5], "car_2344": [7, 2], "car_2345": [1, 3], "car_2346": [3, 2], "car_2347": [4, 3], "car_2340": [4, 7], "car_1897": [6, 1], "car_2342": [2, 6], "car_2343": [5, 3], "car_1896": [1, 0], "car_2348": [0, 5], "car_2349": [2, 7], "car_33": [5, 1], "car_1767": [1, 4], "car_1766": [7, 0], "car_1765": [5, 4], "car_608": [2, 6], "car_609": [1, 7], "car_602": [7, 2], "car_603": [3, 1], "car_600": [0, 6], "car_601": [5, 7], "car_606": [1, 7], "car_607": [6, 4], "car_604": [6, 4], "car_605": [0, 7], "car_1761": [5, 7], "car_1760": [0, 7], "car_776": [1, 3], "car_777": [3, 7], "car_774": [0, 6], "car_775": [2, 3], "car_772": [1, 2], "car_773": [3, 0], "car_770": [0, 5], "car_771": [2, 3], "car_1768": [3, 0], "car_778": [4, 3], "car_779": [0, 1], "car_1750": [2, 7], "car_1994": [6, 5], "car_1995": [0, 4], "car_1996": [5, 6], "car_1997": [7, 3], "car_1990": [0, 4], "car_1991": [7, 5], "car_1992": [1, 3], "car_1993": [3, 0], "car_1998": [3, 5], "car_1999": [4, 2], "car_1842": [2, 1], "car_1806": [2, 5], "car_1840": [3, 6], "car_1841": [0, 1], "car_398": [0, 7], "car_399": [4, 7], "car_1844": [3, 2], "car_1807": [7, 0], "car_394": [2, 3], "car_395": [5, 7], "car_396": [1, 2], "car_397": [6, 7], "car_390": [1, 3], "car_391": [3, 0], "car_392": [6, 1], "car_393": [0, 6], "car_158": [6, 3], "car_159": [0, 4], "car_156": [5, 3], "car_157": [4, 0], "car_154": [0, 3], "car_155": [2, 7], "car_152": [7, 2], "car_153": [6, 5], "car_150": [6, 1], "car_151": [5, 6], "car_1208": [5, 2], "car_1209": [3, 1], "car_1204": [7, 5], "car_1205": [3, 6], "car_1206": [4, 3], "car_1207": [0, 6], "car_1200": [4, 1], "car_1201": [0, 3], "car_1202": [2, 5], "car_1203": [4, 0], "car_1808": [1, 6], "car_1809": [0, 5], "car_1510": [4, 6], "car_1511": [6, 4], "car_1512": [5, 7], "car_1513": [1, 2], "car_1514": [3, 7], "car_1515": [4, 6], "car_1516": [0, 5], "car_1517": [2, 0], "car_1518": [5, 7], "car_1519": [1, 2], "car_1198": [2, 1], "car_1199": [3, 4], "car_1194": [7, 6], "car_1195": [4, 1], "car_1196": [6, 1], "car_1197": [0, 7], "car_1190": [4, 6], "car_1191": [6, 7], "car_1192": [0, 4], "car_1193": [5, 2], "car_2126": [0, 4], "car_2127": [2, 1], "car_978": [7, 5], "car_979": [1, 7], "car_974": [6, 0], "car_975": [0, 3], "car_976": [2, 5], "car_977": [5, 7], "car_970": [5, 7], "car_971": [7, 3], "car_972": [1, 7], "car_973": [4, 5], "car_1424": [0, 6], "car_1425": [2, 5], "car_1426": [1, 2], "car_1427": [5, 4], "car_1420": [1, 4], "car_1421": [3, 7], "car_1422": [4, 6], "car_1423": [6, 2], "car_1428": [3, 6], "car_1429": [6, 1], "car_2128": [5, 1], "car_2129": [4, 2], "car_1738": [2, 1], "car_1739": [4, 6], "car_1730": [0, 5], "car_1731": [5, 0], "car_1732": [7, 2], "car_1733": [1, 7], "car_1734": [3, 5], "car_1735": [5, 6], "car_1736": [1, 3], "car_1737": [0, 6], "car_54": [7, 0], "car_55": [4, 7], "car_56": [2, 5], "car_57": [7, 0], "car_50": [3, 2], "car_51": [4, 3], "car_52": [0, 7], "car_53": [5, 6], "car_58": [4, 6], "car_59": [6, 5], "car_552": [3, 7], "car_805": [7, 0], "car_550": [2, 1], "car_551": [1, 0], "car_556": [5, 4], "car_557": [7, 4], "car_554": [6, 5], "car_555": [0, 7], "car_558": [0, 6], "car_559": [2, 1], "car_808": [5, 7], "car_809": [7, 3], "car_2357": [1, 7], "car_2356": [5, 3], "car_2355": [2, 1], "car_2354": [3, 7], "car_2353": [7, 4], "car_2352": [1, 2], "car_2351": [7, 4], "car_2350": [5, 0], "car_2359": [4, 0], "car_2358": [3, 7], "car_1757": [5, 0], "car_2339": [3, 5], "car_703": [2, 1], "car_702": [0, 1], "car_701": [6, 7], "car_700": [4, 5], "car_707": [2, 0], "car_706": [0, 2], "car_705": [6, 1], "car_704": [7, 3], "car_709": [6, 3], "car_708": [7, 4], "car_2221": [1, 2], "car_2308": [5, 1], "car_2309": [7, 5], "car_1987": [0, 1], "car_1986": [4, 1], "car_1985": [3, 0], "car_1984": [7, 2], "car_1983": [5, 3], "car_1982": [0, 7], "car_1981": [6, 0], "car_1980": [4, 3], "car_1989": [6, 5], "car_1988": [1, 2], "car_1855": [1, 0], "car_1796": [3, 1], "car_1857": [6, 3], "car_1856": [3, 7], "car_1851": [1, 0], "car_1850": [7, 4], "car_1853": [0, 2], "car_1797": [4, 3], "car_2336": [7, 0], "car_1859": [3, 5], "car_1794": [7, 5], "car_2230": [3, 2], "car_129": [1, 3], "car_128": [5, 3], "car_2231": [0, 3], "car_123": [5, 2], "car_122": [0, 3], "car_121": [4, 1], "car_120": [3, 1], "car_127": [2, 3], "car_126": [0, 3], "car_125": [4, 1], "car_124": [1, 7], "car_1790": [1, 2], "car_1219": [4, 2], "car_1218": [3, 4], "car_1217": [5, 6], "car_1216": [6, 1], "car_1215": [4, 1], "car_1214": [3, 0], "car_1213": [1, 6], "car_1212": [5, 2], "car_1211": [2, 1], "car_1210": [4, 3], "car_1415": [4, 1], "car_1414": [3, 4], "car_1417": [2, 5], "car_1416": [6, 5], "car_1411": [0, 7], "car_1410": [4, 0], "car_237": [7, 5], "car_236": [5, 4], "car_235": [2, 6], "car_234": [6, 0], "car_233": [7, 5], "car_232": [5, 4], "car_231": [2, 0], "car_230": [6, 4], "car_1412": [7, 6], "car_239": [2, 3], "car_238": [4, 5], "car_1503": [2, 1], "car_1502": [0, 7], "car_1501": [3, 7], "car_1500": [7, 3], "car_1507": [5, 3], "car_1506": [2, 7], "car_1505": [3, 5], "car_1504": [1, 7], "car_1509": [3, 7], "car_1508": [1, 6], "car_1189": [1, 7], "car_1188": [0, 7], "car_1187": [2, 7], "car_1186": [6, 0], "car_1185": [0, 4], "car_1184": [4, 3], "car_1183": [3, 1], "car_1182": [1, 5], "car_1181": [7, 4], "car_1180": [5, 7], "car_2182": [1, 4], "car_2183": [2, 0], "car_2180": [4, 2], "car_2181": [6, 3], "car_2186": [2, 3], "car_2187": [5, 0], "car_2184": [7, 2], "car_2185": [6, 2], "car_2188": [1, 7], "car_2189": [0, 2], "car_949": [0, 2], "car_948": [3, 2], "car_941": [2, 5], "car_940": [4, 7], "car_943": [6, 4], "car_942": [1, 3], "car_945": [5, 3], "car_944": [2, 6], "car_947": [1, 4], "car_946": [7, 2], "car_1437": [2, 3], "car_1436": [3, 0], "car_1435": [5, 4], "car_1434": [2, 6], "car_1433": [4, 6], "car_1432": [7, 4], "car_1431": [2, 0], "car_1430": [6, 3], "car_1439": [1, 7], "car_1438": [7, 5], "car_2238": [6, 3], "car_493": [4, 6], "car_492": [3, 1], "car_491": [1, 4], "car_490": [5, 4], "car_497": [5, 0], "car_496": [1, 3], "car_495": [7, 1], "car_494": [5, 7], "car_499": [7, 0], "car_498": [1, 5], "car_2296": [4, 2], "car_2297": [6, 1], "car_2294": [1, 0], "car_2239": [2, 5], "car_2292": [2, 4], "car_2293": [5, 3], "car_2290": [6, 0], "car_2291": [0, 4], "car_1918": [0, 4], "car_2298": [2, 3], "car_1919": [2, 0], "car_1729": [6, 7], "car_1728": [4, 7], "car_1723": [6, 3], "car_1722": [1, 7], "car_1721": [5, 3], "car_1720": [2, 6], "car_1727": [3, 5], "car_1726": [1, 4], "car_1725": [5, 1], "car_1724": [2, 3], "car_43": [7, 1], "car_42": [2, 6], "car_41": [0, 7], "car_40": [6, 1], "car_47": [3, 0], "car_46": [7, 0], "car_45": [0, 5], "car_44": [4, 6], "car_49": [2, 6], "car_48": [0, 6], "car_1916": [1, 3], "car_1917": [4, 5], "car_1858": [0, 3], "car_831": [5, 4], "car_830": [2, 3], "car_833": [1, 6], "car_832": [7, 1], "car_835": [2, 3], "car_834": [0, 3], "car_837": [1, 2], "car_836": [5, 6], "car_839": [4, 2], "car_838": [3, 2], "car_2360": [6, 2], "car_2361": [2, 3], "car_2366": [0, 4], "car_2367": [2, 5], "car_2364": [1, 6], "car_2365": [4, 3], "car_2168": [2, 4], "car_2169": [7, 0], "car_2160": [0, 5], "car_2161": [2, 1], "car_2162": [1, 3], "car_2163": [4, 3], "car_2164": [0, 6], "car_2165": [7, 1], "car_2166": [1, 5], "car_2167": [0, 4], "car_1941": [5, 1], "car_710": [2, 0], "car_711": [5, 3], "car_712": [1, 5], "car_713": [3, 6], "car_714": [4, 3], "car_715": [6, 7], "car_716": [0, 7], "car_717": [5, 0], "car_718": [7, 4], "car_719": [1, 7], "car_1892": [0, 4], "car_1894": [1, 7], "car_138": [7, 5], "car_139": [6, 0], "car_130": [3, 7], "car_131": [0, 4], "car_132": [2, 6], "car_133": [4, 0], "car_134": [6, 3], "car_135": [0, 5], "car_136": [2, 7], "car_137": [5, 1], "car_1222": [5, 0], "car_1223": [7, 4], "car_1220": [6, 1], "car_1221": [0, 3], "car_1226": [5, 4], "car_1227": [6, 5], "car_1224": [3, 0], "car_1225": [6, 5], "car_1886": [6, 0], "car_1887": [2, 1], "car_1228": [0, 4], "car_1229": [5, 6], "car_1882": [7, 4], "car_1883": [1, 4], "car_1880": [0, 5], "car_1881": [2, 3], "car_224": [3, 5], "car_225": [0, 5], "car_226": [2, 5], "car_227": [7, 5], "car_220": [2, 6], "car_221": [5, 2], "car_222": [7, 2], "car_223": [1, 0], "car_228": [3, 7], "car_229": [4, 0], "car_1086": [0, 3], "car_1087": [5, 6], "car_1084": [3, 5], "car_1085": [4, 5], "car_1082": [5, 1], "car_1083": [7, 5], "car_1080": [0, 5], "car_1081": [2, 5], "car_1088": [7, 5], "car_1089": [3, 0], "car_1536": [7, 6], "car_1537": [6, 2], "car_1534": [2, 0], "car_1535": [5, 1], "car_1532": [6, 5], "car_1533": [0, 5], "car_1530": [3, 7], "car_1531": [4, 1], "car_1538": [0, 2], "car_1539": [7, 6], "car_956": [7, 1], "car_957": [1, 2], "car_954": [2, 1], "car_955": [5, 3], "car_952": [3, 4], "car_953": [6, 5], "car_950": [2, 7], "car_951": [1, 2], "car_1827": [6, 0], "car_2199": [6, 5], "car_2198": [4, 1], "car_958": [3, 0], "car_959": [0, 1], "car_1158": [7, 0], "car_1159": [1, 4], "car_1408": [1, 4], "car_1409": [3, 6], "car_1829": [2, 4], "car_1150": [3, 7], "car_1151": [4, 0], "car_1152": [6, 1], "car_1153": [0, 7], "car_1154": [7, 0], "car_1155": [1, 0], "car_1156": [4, 5], "car_1157": [5, 2], "car_1826": [3, 4], "car_480": [3, 2], "car_481": [6, 7], "car_482": [5, 0], "car_483": [7, 0], "car_484": [4, 7], "car_485": [6, 3], "car_486": [0, 3], "car_487": [5, 3], "car_488": [7, 5], "car_489": [4, 7], "car_2283": [5, 4], "car_2282": [4, 5], "car_2285": [4, 0], "car_2284": [1, 5], "car_2287": [2, 0], "car_2286": [0, 1], "car_853": [0, 3], "car_852": [3, 4], "car_851": [1, 6], "car_582": [2, 4], "car_1718": [4, 6], "car_1719": [6, 2], "car_1716": [7, 5], "car_857": [6, 0], "car_1714": [0, 5], "car_1715": [2, 0], "car_1712": [1, 7], "car_1713": [3, 0], "car_1710": [4, 1], "car_856": [3, 1], "car_1828": [0, 6], "car_855": [1, 7], "car_854": [2, 5], "car_828": [3, 1], "car_829": [0, 2], "car_826": [3, 5], "car_827": [5, 6], "car_824": [7, 0], "car_825": [1, 2], "car_822": [4, 3], "car_823": [5, 4], "car_820": [2, 3], "car_821": [1, 7], "car_2179": [3, 1], "car_2178": [0, 3], "car_2173": [6, 4], "car_2172": [4, 1], "car_2171": [1, 4], "car_2170": [6, 2], "car_2177": [3, 1], "car_2176": [1, 0], "car_2175": [7, 0], "car_2174": [2, 1], "car_729": [5, 6], "car_728": [0, 7], "car_725": [5, 1], "car_724": [2, 4], "car_727": [4, 3], "car_726": [7, 3], "car_721": [4, 5], "car_720": [3, 1], "car_723": [0, 1], "car_722": [6, 4], "car_1795": [1, 2], "car_1792": [6, 7], "car_1793": [5, 6], "car_105": [3, 4], "car_104": [2, 0], "car_107": [1, 6], "car_106": [5, 1], "car_101": [7, 4], "car_100": [5, 3], "car_103": [3, 2], "car_102": [1, 2], "car_1888": [5, 2], "car_109": [0, 2], "car_108": [3, 5], "car_1791": [3, 6], "car_1235": [1, 2], "car_1234": [7, 2], "car_1237": [7, 2], "car_1236": [3, 7], "car_1231": [1, 7], "car_1230": [7, 1], "car_1233": [5, 3], "car_1232": [6, 2], "car_1899": [6, 7], "car_1898": [7, 1], "car_1239": [4, 0], "car_1238": [3, 4], "car_211": [4, 7], "car_210": [3, 7], "car_213": [1, 2], "car_212": [0, 7], "car_215": [0, 4], "car_214": [6, 1], "car_217": [3, 4], "car_216": [1, 5], "car_219": [6, 2], "car_218": [4, 2], "car_1529": [7, 2], "car_1528": [6, 2], "car_1521": [0, 6], "car_1520": [6, 7], "car_1523": [4, 1], "car_1522": [5, 3], "car_1525": [1, 4], "car_1524": [7, 6], "car_1527": [4, 7], "car_1526": [3, 5], "car_2313": [7, 6], "car_2312": [4, 3], "car_2311": [3, 7], "car_923": [0, 2], "car_922": [6, 1], "car_921": [3, 5], "car_920": [1, 5], "car_927": [5, 1], "car_926": [3, 7], "car_925": [5, 0], "car_924": [2, 5], "car_2317": [0, 5], "car_929": [1, 3], "car_928": [7, 3], "car_2316": [4, 5], "car_1149": [1, 0], "car_1148": [7, 6], "car_1419": [7, 5], "car_1418": [5, 6], "car_1143": [7, 4], "car_1142": [3, 1], "car_1141": [1, 6], "car_1140": [7, 6], "car_1147": [6, 0], "car_1146": [4, 0], "car_1145": [3, 5], "car_1144": [1, 3], "car_1099": [6, 1], "car_1098": [4, 2], "car_1091": [2, 7], "car_1090": [0, 3], "car_1093": [1, 6], "car_1092": [7, 5], "car_1095": [6, 0], "car_1094": [4, 0], "car_1097": [7, 1], "car_1096": [2, 1], "car_1701": [7, 3], "car_1700": [2, 7], "car_1703": [6, 4], "car_1702": [1, 3], "car_1705": [3, 1], "car_1704": [5, 0], "car_1707": [0, 3], "car_1706": [6, 0], "car_1709": [5, 6], "car_1708": [2, 5], "car_589": [7, 0], "car_588": [5, 6], "car_859": [6, 0], "car_858": [7, 4], "car_1695": [5, 0], "car_581": [0, 3], "car_580": [3, 4], "car_583": [7, 3], "car_850": [5, 1], "car_585": [6, 1], "car_584": [3, 2], "car_587": [2, 0], "car_586": [0, 5], "car_2002": [5, 0], "car_2148": [0, 4], "car_2149": [2, 1], "car_2146": [7, 4], "car_2147": [1, 5], "car_2144": [0, 4], "car_2145": [2, 7], "car_2142": [3, 6], "car_2143": [6, 1], "car_2140": [4, 2], "car_2141": [6, 1], "car_457": [7, 0], "car_456": [2, 0], "car_455": [3, 1], "car_454": [7, 3], "car_453": [0, 3], "car_452": [6, 0], "car_451": [1, 2], "car_450": [7, 6], "car_1878": [6, 2], "car_459": [0, 6], "car_458": [1, 6], "car_1877": [7, 4], "car_1876": [0, 3], "car_1875": [4, 6], "car_1874": [3, 5], "car_1873": [5, 0], "car_1872": [6, 7], "car_738": [7, 3], "car_739": [0, 2], "car_1871": [2, 6], "car_733": [3, 6], "car_732": [1, 3], "car_32": [0, 1], "car_730": [2, 4], "car_731": [7, 4], "car_736": [0, 2], "car_737": [2, 0], "car_734": [4, 2], "car_735": [6, 1], "car_1976": [6, 5], "car_1977": [0, 3], "car_1698": [3, 1], "car_38": [1, 7], "car_39": [4, 7], "car_2295": [3, 0], "car_1978": [2, 4], "car_1979": [1, 4], "car_112": [4, 5], "car_113": [6, 0], "car_110": [2, 4], "car_111": [7, 6], "car_116": [4, 0], "car_117": [0, 3], "car_114": [2, 3], "car_115": [1, 0], "car_118": [2, 3], "car_119": [5, 4], "car_2299": [5, 6], "car_1950": [1, 5], "car_1951": [4, 6], "car_1952": [6, 0], "car_1953": [2, 5], "car_1954": [7, 3], "car_1955": [3, 7], "car_208": [4, 5], "car_209": [7, 2], "car_206": [1, 7], "car_207": [3, 2], "car_204": [5, 3], "car_205": [7, 6], "car_202": [0, 1], "car_203": [2, 0], "car_200": [3, 4], "car_201": [4, 2], "car_1558": [5, 7], "car_1559": [6, 7], "car_1554": [3, 7], "car_1555": [4, 0], "car_1556": [6, 5], "car_1557": [0, 3], "car_1550": [4, 2], "car_1551": [6, 3], "car_1552": [5, 2], "car_1553": [7, 1], "car_1398": [5, 2], "car_1399": [7, 3], "car_1392": [7, 0], "car_1393": [1, 5], "car_1390": [3, 2], "car_1391": [4, 5], "car_1396": [0, 6], "car_1397": [2, 3], "car_1394": [3, 1], "car_1395": [4, 0], "car_930": [3, 2], "car_931": [6, 7], "car_932": [5, 0], "car_933": [7, 6], "car_934": [4, 0], "car_935": [5, 0], "car_936": [7, 0], "car_937": [1, 2], "car_938": [0, 3], "car_939": [2, 0], "car_6": [2, 3], "car_7": [4, 7], "car_4": [5, 2], "car_5": [6, 3], "car_2": [3, 7], "car_3": [2, 1], "car_1178": [7, 0], "car_1": [7, 2], "car_1176": [4, 7], "car_1177": [0, 1], "car_1174": [1, 0], "car_1175": [3, 5], "car_1172": [5, 0], "car_1173": [7, 5], "car_8": [6, 2], "car_9": [0, 4], "car_1774": [7, 0], "car_1775": [0, 3], "car_1776": [7, 2], "car_1777": [1, 7], "car_1770": [5, 7], "car_1771": [6, 3], "car_1772": [0, 5], "car_1773": [2, 1], "car_1778": [3, 5], "car_1779": [6, 1], "car_98": [4, 2], "car_99": [2, 5], "car_90": [4, 6], "car_91": [0, 7], "car_92": [7, 4], "car_93": [6, 4], "car_94": [0, 1], "car_95": [2, 4], "car_96": [7, 3], "car_97": [1, 3], "car_596": [0, 4], "car_597": [5, 4], "car_594": [2, 3], "car_595": [7, 2], "car_592": [4, 6], "car_593": [6, 5], "car_590": [2, 4], "car_591": [1, 6], "car_598": [7, 4], "car_599": [6, 0], "car_848": [0, 7], "car_849": [2, 1], "car_840": [6, 0], "car_841": [7, 6], "car_842": [6, 1], "car_843": [7, 6], "car_844": [6, 2], "car_845": [7, 5], "car_846": [3, 5], "car_847": [6, 1], "car_1608": [1, 4], "car_1609": [4, 1], "car_2153": [6, 7], "car_2152": [2, 0], "car_2155": [3, 7], "car_2154": [0, 7], "car_2157": [0, 2], "car_2156": [4, 0], "car_1600": [0, 6], "car_1601": [2, 7], "car_1602": [5, 6], "car_1603": [3, 0], "car_1604": [4, 7], "car_1605": [0, 3], "car_1606": [2, 3], "car_1607": [7, 0], "car_2369": [0, 4], "car_2362": [5, 7], "car_2363": [7, 2], "car_444": [5, 2], "car_445": [3, 7], "car_446": [6, 0], "car_447": [5, 6], "car_440": [1, 3], "car_441": [3, 2], "car_442": [4, 7], "car_443": [0, 5], "car_448": [1, 7], "car_449": [0, 6], "car_2201": [2, 5], "car_2200": [0, 3], "car_2209": [7, 5], "car_2208": [5, 0], "car_2324": [7, 4], "car_695": [4, 7], "car_694": [1, 4], "car_697": [2, 4], "car_696": [6, 3], "car_691": [0, 2], "car_690": [6, 3], "car_693": [5, 0], "car_692": [2, 1], "car_699": [1, 4], "car_698": [7, 0], "car_1943": [1, 4], "car_1942": [7, 0], "car_279": [3, 5], "car_278": [1, 0], "car_1947": [7, 6], "car_1946": [5, 4], "car_1945": [2, 0], "car_1944": [4, 7], "car_273": [1, 3], "car_272": [2, 3], "car_271": [4, 3], "car_270": [3, 4], "car_277": [7, 5], "car_276": [0, 2], "car_275": [4, 5], "car_274": [3, 1], "car_1925": [6, 4], "car_1549": [3, 7], "car_1548": [5, 6], "car_1547": [2, 6], "car_1546": [6, 5], "car_1545": [5, 1], "car_1544": [2, 5], "car_1543": [0, 5], "car_1542": [6, 4], "car_1541": [4, 0], "car_1540": [1, 7], "car_1389": [6, 7], "car_1388": [4, 3], "car_1385": [3, 5], "car_1384": [1, 0], "car_1387": [7, 0], "car_1386": [2, 7], "car_1381": [4, 2], "car_1380": [3, 5], "car_1383": [5, 3], "car_1382": [2, 4], "car_307": [2, 1], "car_306": [6, 7], "car_305": [4, 2], "car_304": [5, 6], "car_303": [2, 6], "car_302": [6, 5], "car_301": [4, 5], "car_300": [3, 1], "car_804": [2, 1], "car_309": [3, 1], "car_308": [1, 6], "car_909": [2, 5], "car_908": [0, 7], "car_905": [1, 5], "car_904": [5, 3], "car_907": [4, 7], "car_906": [3, 6], "car_901": [3, 0], "car_900": [1, 4], "car_903": [6, 5], "car_902": [4, 1], "car_1161": [6, 5], "car_1160": [3, 4], "car_1163": [5, 1], "car_1162": [0, 6], "car_1165": [4, 1], "car_1164": [7, 5], "car_1167": [5, 4], "car_1166": [0, 2], "car_1169": [3, 2], "car_1168": [1, 4], "car_2322": [0, 5], "car_2010": [7, 6], "car_2011": [6, 5], "car_2012": [2, 5], "car_2013": [5, 6], "car_2014": [1, 5], "car_2015": [4, 7], "car_2016": [6, 0], "car_2017": [5, 6], "car_2018": [1, 6], "car_2019": [3, 2], "car_87": [4, 7], "car_86": [3, 5], "car_85": [1, 7], "car_84": [4, 1], "car_83": [7, 6], "car_82": [5, 0], "car_81": [3, 7], "car_80": [7, 2], "car_2001": [0, 3], "car_89": [1, 2], "car_88": [2, 4], "car_2000": [6, 5], "car_875": [4, 5], "car_874": [7, 3], "car_877": [0, 3], "car_876": [6, 1], "car_871": [1, 2], "car_870": [5, 3], "car_873": [5, 2], "car_872": [0, 6], "car_1694": [0, 5], "car_879": [3, 5], "car_878": [7, 3], "car_1752": [7, 5], "car_1753": [1, 5], "car_1699": [6, 5], "car_2124": [1, 5], "car_2125": [4, 6], "car_1619": [5, 3], "car_1618": [2, 7], "car_2120": [4, 2], "car_2121": [6, 1], "car_2122": [0, 1], "car_2123": [7, 4], "car_1613": [7, 2], "car_1612": [5, 6], "car_1611": [2, 4], "car_1610": [0, 6], "car_1617": [6, 7], "car_1616": [4, 7], "car_1615": [5, 1], "car_1614": [3, 2], "car_1754": [3, 7], "car_1755": [4, 3], "car_2323": [5, 6], "car_471": [0, 4], "car_470": [6, 2], "car_473": [5, 2], "car_472": [2, 3], "car_475": [1, 2], "car_474": [7, 6], "car_477": [2, 6], "car_476": [0, 1], "car_479": [1, 4], "car_478": [5, 6], "car_2232": [7, 6], "car_2233": [3, 0], "car_2234": [4, 0], "car_2235": [6, 2], "car_2236": [0, 1], "car_2237": [5, 0], "car_2038": [6, 4], "car_2039": [0, 5], "car_1819": [7, 6], "car_1818": [0, 2], "car_682": [5, 3], "car_683": [7, 6], "car_680": [0, 1], "car_681": [2, 6], "car_686": [0, 5], "car_687": [2, 0], "car_684": [3, 0], "car_685": [4, 0], "car_688": [7, 4], "car_689": [4, 3], "car_1815": [1, 2], "car_1814": [2, 4], "car_1670": [1, 5], "car_1956": [4, 0], "car_1957": [6, 0], "car_1958": [0, 3], "car_1959": [2, 3], "car_2003": [6, 4], "car_268": [7, 6], "car_269": [1, 7], "car_1974": [1, 2], "car_1975": [3, 6], "car_1972": [6, 7], "car_1973": [0, 4], "car_1970": [1, 7], "car_1971": [4, 2], "car_260": [3, 4], "car_261": [0, 2], "car_262": [6, 4], "car_263": [2, 1], "car_264": [7, 5], "car_265": [1, 3], "car_266": [0, 4], "car_267": [5, 0], "car_1572": [2, 5], "car_1573": [7, 3], "car_1570": [1, 3], "car_1571": [0, 5], "car_1576": [5, 6], "car_1577": [7, 1], "car_1574": [3, 4], "car_1575": [2, 6], "car_1578": [3, 1], "car_1579": [4, 5], "car_1370": [1, 7], "car_1371": [4, 5], "car_1372": [0, 2], "car_1373": [5, 0], "car_1374": [7, 1], "car_1375": [3, 4], "car_1376": [4, 7], "car_1377": [6, 1], "car_1378": [5, 6], "car_1379": [7, 4], "car_314": [1, 2], "car_315": [4, 3], "car_316": [0, 5], "car_317": [2, 7], "car_310": [0, 5], "car_311": [2, 5], "car_312": [5, 1], "car_313": [7, 3], "car_318": [7, 2], "car_319": [4, 5], "car_918": [6, 7], "car_919": [7, 1], "car_912": [4, 1], "car_913": [0, 5], "car_910": [5, 3], "car_911": [7, 4], "car_916": [1, 4], "car_917": [4, 5], "car_914": [5, 3], "car_915": [7, 2], "car_1114": [4, 6], "car_1115": [1, 2], "car_1116": [3, 1], "car_1117": [7, 5], "car_1110": [4, 2], "car_1111": [2, 0], "car_1112": [7, 6], "car_1113": [3, 0], "car_1118": [3, 5], "car_1119": [6, 0], "car_1284": [7, 2], "car_1285": [1, 5], "car_1286": [6, 3], "car_1287": [0, 7], "car_1280": [7, 3], "car_1281": [1, 7], "car_1282": [4, 5], "car_1283": [6, 3], "car_2130": [5, 2], "car_1288": [5, 6], "car_1289": [4, 6], "car_1744": [3, 4], "car_1028": [7, 1], "car_1029": [1, 5], "car_1758": [1, 6], "car_1759": [3, 7], "car_2007": [1, 0], "car_2006": [7, 4], "car_2005": [2, 0], "car_2004": [0, 1], "car_1020": [1, 7], "car_1021": [6, 7], "car_1022": [0, 6], "car_1023": [2, 1], "car_1024": [5, 0], "car_1025": [7, 4], "car_1026": [2, 3], "car_1027": [5, 7], "car_1598": [5, 3], "car_1599": [7, 4], "car_1590": [7, 5], "car_1591": [3, 1], "car_1592": [4, 6], "car_1593": [1, 6], "car_1594": [5, 1], "car_1595": [0, 1], "car_1596": [1, 4], "car_1597": [3, 5], "car_1746": [7, 4], "car_862": [7, 0], "car_863": [6, 4], "car_860": [0, 5], "car_861": [5, 3], "car_866": [1, 3], "car_867": [3, 0], "car_864": [0, 7], "car_865": [2, 7], "car_868": [4, 0], "car_869": [2, 6], "car_1741": [5, 1], "car_2137": [3, 5], "car_2136": [1, 2], "car_2135": [2, 0], "car_2134": [6, 4], "car_2133": [3, 0], "car_2132": [1, 3], "car_1628": [7, 1], "car_1629": [1, 7], "car_1626": [6, 1], "car_1627": [5, 4], "car_1624": [5, 0], "car_1625": [4, 6], "car_1622": [0, 3], "car_1623": [2, 4], "car_1620": [3, 7], "car_1621": [6, 0], "car_1740": [0, 3]}