{"car_3253": [4, 6], "car_2009": [3, 0], "car_3196": [7, 2], "car_3197": [1, 3], "car_3194": [2, 1], "car_3195": [5, 3], "car_3192": [3, 4], "car_3193": [6, 5], "car_3190": [5, 4], "car_3191": [7, 4], "car_3198": [3, 7], "car_3199": [6, 4], "car_2229": [4, 5], "car_2228": [3, 1], "car_468": [5, 0], "car_469": [7, 6], "car_466": [0, 3], "car_467": [2, 1], "car_464": [4, 6], "car_465": [6, 5], "car_462": [7, 4], "car_463": [1, 4], "car_460": [4, 5], "car_461": [5, 4], "car_2455": [5, 0], "car_3068": [7, 1], "car_3069": [1, 3], "car_2751": [2, 5], "car_3062": [3, 2], "car_3063": [4, 7], "car_3060": [7, 5], "car_3061": [1, 0], "car_3066": [2, 7], "car_3067": [5, 7], "car_3064": [6, 3], "car_3065": [0, 7], "car_3268": [3, 0], "car_817": [5, 0], "car_816": [2, 1], "car_3260": [5, 7], "car_3261": [7, 3], "car_3262": [1, 0], "car_3263": [3, 5], "car_3264": [4, 3], "car_815": [0, 4], "car_3266": [5, 4], "car_3267": [7, 3], "car_2750": [0, 6], "car_814": [6, 1], "car_813": [4, 7], "car_812": [3, 4], "car_2072": [1, 3], "car_811": [1, 4], "car_2073": [6, 7], "car_810": [7, 6], "car_3214": [4, 3], "car_679": [4, 2], "car_678": [1, 3], "car_677": [7, 1], "car_676": [5, 7], "car_675": [2, 6], "car_674": [0, 6], "car_673": [6, 5], "car_672": [3, 1], "car_671": [1, 7], "car_670": [2, 6], "car_2771": [5, 2], "car_3213": [3, 1], "car_2770": [2, 7], "car_3212": [7, 2], "car_2078": [3, 5], "car_2079": [6, 4], "car_2456": [4, 1], "car_2341": [0, 6], "car_2670": [5, 7], "car_2671": [1, 5], "car_2754": [4, 1], "car_2672": [3, 0], "car_2223": [1, 0], "car_789": [4, 6], "car_788": [1, 3], "car_3338": [1, 7], "car_2222": [7, 4], "car_783": [1, 3], "car_782": [5, 3], "car_781": [2, 6], "car_780": [0, 7], "car_787": [5, 6], "car_786": [2, 7], "car_785": [0, 3], "car_784": [6, 4], "car_2220": [2, 0], "car_0": [7, 6], "car_2227": [1, 6], "car_1179": [3, 6], "car_2375": [7, 3], "car_2226": [5, 6], "car_3339": [3, 1], "car_2225": [0, 4], "car_2224": [3, 7], "car_255": [7, 3], "car_254": [5, 1], "car_257": [4, 3], "car_256": [3, 4], "car_251": [6, 7], "car_250": [2, 7], "car_253": [2, 6], "car_252": [0, 3], "car_1961": [6, 0], "car_1960": [4, 3], "car_1963": [2, 3], "car_1962": [0, 5], "car_259": [2, 7], "car_258": [6, 7], "car_1967": [6, 5], "car_1966": [4, 1], "car_1170": [6, 1], "car_1171": [2, 1], "car_1565": [1, 4], "car_1564": [7, 0], "car_1567": [6, 1], "car_1566": [4, 7], "car_1561": [0, 3], "car_1560": [6, 3], "car_1563": [5, 3], "car_1562": [2, 1], "car_1569": [2, 7], "car_1568": [0, 5], "car_1413": [0, 1], "car_1363": [4, 5], "car_1362": [3, 1], "car_1361": [7, 4], "car_1360": [5, 6], "car_1367": [1, 3], "car_1366": [5, 7], "car_1365": [2, 3], "car_1364": [0, 3], "car_1369": [0, 4], "car_1368": [6, 0], "car_2758": [5, 2], "car_2376": [4, 5], "car_321": [2, 3], "car_320": [0, 3], "car_323": [1, 2], "car_322": [7, 6], "car_325": [0, 5], "car_324": [3, 2], "car_327": [5, 7], "car_326": [2, 4], "car_329": [1, 5], "car_328": [7, 5], "car_2722": [4, 6], "car_2723": [6, 2], "car_2720": [1, 6], "car_2721": [3, 7], "car_2726": [1, 7], "car_2727": [3, 5], "car_2724": [2, 3], "car_2725": [7, 1], "car_2728": [4, 5], "car_2729": [0, 5], "car_1107": [3, 2], "car_1106": [1, 4], "car_1105": [7, 0], "car_1104": [2, 4], "car_1103": [6, 2], "car_1102": [4, 5], "car_1101": [3, 1], "car_1100": [1, 7], "car_1109": [0, 4], "car_1108": [4, 1], "car_1297": [3, 7], "car_1296": [1, 0], "car_1295": [7, 3], "car_1294": [2, 6], "car_1293": [6, 5], "car_1292": [4, 6], "car_1291": [3, 2], "car_1290": [1, 6], "car_1299": [0, 1], "car_1298": [4, 2], "car_2928": [0, 2], "car_2929": [2, 0], "car_2924": [1, 2], "car_2925": [3, 0], "car_2926": [4, 3], "car_2927": [6, 0], "car_2920": [0, 2], "car_2921": [2, 4], "car_2922": [5, 4], "car_2923": [7, 3], "car_2586": [7, 5], "car_2587": [3, 1], "car_2584": [2, 6], "car_2585": [5, 6], "car_2582": [4, 7], "car_2583": [0, 2], "car_2580": [7, 3], "car_2581": [3, 5], "car_2858": [6, 5], "car_2859": [0, 5], "car_2588": [4, 3], "car_2589": [2, 1], "car_2036": [7, 0], "car_2037": [4, 6], "car_1039": [2, 7], "car_1038": [0, 6], "car_1749": [6, 1], "car_1748": [1, 0], "car_2030": [2, 6], "car_2031": [5, 0], "car_1033": [7, 5], "car_1032": [5, 2], "car_1031": [2, 6], "car_1030": [6, 4], "car_1037": [6, 0], "car_1036": [4, 7], "car_1035": [3, 0], "car_1034": [1, 2], "car_1589": [1, 5], "car_1588": [7, 1], "car_1583": [3, 2], "car_1582": [1, 4], "car_1581": [5, 3], "car_1580": [2, 4], "car_1587": [5, 7], "car_1586": [2, 5], "car_1585": [0, 3], "car_1584": [6, 4], "car_1852": [4, 2], "car_1906": [2, 1], "car_3295": [0, 7], "car_3294": [6, 2], "car_3297": [5, 4], "car_3296": [2, 5], "car_3291": [7, 0], "car_3290": [2, 4], "car_899": [5, 7], "car_898": [2, 6], "car_897": [0, 2], "car_896": [6, 2], "car_895": [3, 6], "car_894": [7, 1], "car_893": [5, 4], "car_892": [2, 0], "car_891": [6, 7], "car_890": [4, 0], "car_2458": [0, 1], "car_2459": [2, 4], "car_2108": [0, 3], "car_2109": [2, 5], "car_2102": [0, 6], "car_2103": [5, 1], "car_2100": [1, 4], "car_2101": [4, 3], "car_2106": [4, 1], "car_2107": [6, 0], "car_2104": [1, 7], "car_2105": [3, 6], "car_1631": [0, 5], "car_1630": [6, 5], "car_1633": [5, 2], "car_1632": [2, 5], "car_1635": [1, 2], "car_1634": [7, 4], "car_1637": [6, 2], "car_1636": [4, 5], "car_1639": [7, 0], "car_1638": [2, 7], "car_1751": [7, 1], "car_2803": [1, 7], "car_2802": [7, 4], "car_2801": [5, 0], "car_3189": [2, 4], "car_3188": [6, 7], "car_2800": [2, 0], "car_3269": [4, 1], "car_3181": [7, 1], "car_2807": [0, 1], "car_1756": [7, 4], "car_3182": [4, 3], "car_3185": [7, 5], "car_3184": [5, 4], "car_3187": [4, 3], "car_2806": [6, 4], "car_2805": [4, 2], "car_3306": [4, 2], "car_2816": [5, 2], "car_2804": [3, 2], "car_3104": [3, 2], "car_2414": [3, 2], "car_419": [6, 2], "car_418": [4, 5], "car_2218": [4, 6], "car_2219": [0, 6], "car_413": [2, 4], "car_412": [0, 3], "car_411": [4, 7], "car_410": [1, 4], "car_417": [3, 2], "car_416": [1, 3], "car_415": [7, 1], "car_414": [5, 2], "car_2417": [2, 7], "car_1679": [3, 4], "car_1678": [1, 6], "car_2412": [7, 0], "car_2947": [2, 5], "car_2413": [1, 3], "car_3265": [2, 7], "car_3079": [1, 6], "car_3078": [7, 6], "car_3075": [0, 3], "car_3074": [6, 7], "car_3077": [5, 2], "car_3076": [2, 3], "car_3071": [7, 0], "car_3070": [4, 5], "car_3073": [4, 0], "car_3072": [1, 3], "car_527": [7, 2], "car_526": [5, 2], "car_525": [2, 5], "car_524": [0, 2], "car_523": [6, 1], "car_522": [4, 7], "car_521": [3, 0], "car_520": [1, 7], "car_3273": [7, 2], "car_1671": [5, 6], "car_3271": [0, 4], "car_1889": [3, 2], "car_3277": [0, 6], "car_3276": [6, 1], "car_529": [3, 2], "car_528": [1, 7], "car_1884": [4, 5], "car_1885": [0, 5], "car_2368": [2, 3], "car_2786": [2, 3], "car_2787": [3, 4], "car_668": [6, 7], "car_669": [0, 4], "car_664": [5, 2], "car_665": [7, 5], "car_666": [1, 7], "car_667": [3, 0], "car_660": [4, 3], "car_661": [6, 3], "car_662": [0, 1], "car_663": [2, 6], "car_2759": [7, 4], "car_1854": [2, 7], "car_2788": [4, 5], "car_3308": [0, 1], "car_2789": [6, 1], "car_2940": [3, 6], "car_798": [3, 2], "car_799": [6, 4], "car_790": [6, 4], "car_791": [0, 2], "car_792": [5, 4], "car_793": [7, 2], "car_794": [3, 2], "car_795": [6, 1], "car_796": [2, 5], "car_797": [1, 0], "car_242": [4, 7], "car_243": [0, 1], "car_240": [5, 0], "car_241": [7, 4], "car_246": [1, 7], "car_247": [3, 2], "car_244": [5, 3], "car_245": [7, 5], "car_1914": [3, 1], "car_1915": [6, 4], "car_248": [4, 2], "car_249": [6, 5], "car_1910": [2, 3], "car_1911": [5, 6], "car_1912": [7, 4], "car_1913": [1, 2], "car_1356": [1, 7], "car_1357": [3, 1], "car_1354": [0, 5], "car_1355": [7, 6], "car_1352": [3, 0], "car_1353": [4, 2], "car_1350": [5, 7], "car_1351": [1, 2], "car_1358": [4, 5], "car_1359": [0, 3], "car_1831": [3, 2], "car_1820": [4, 0], "car_1821": [6, 5], "car_1822": [0, 2], "car_1823": [2, 6], "car_1824": [5, 0], "car_1825": [7, 1], "car_338": [4, 6], "car_339": [0, 1], "car_336": [1, 2], "car_337": [3, 1], "car_334": [5, 3], "car_335": [7, 1], "car_332": [0, 6], "car_333": [2, 6], "car_330": [4, 3], "car_331": [6, 3], "car_2735": [4, 5], "car_2734": [3, 0], "car_1138": [4, 0], "car_1139": [6, 0], "car_2731": [6, 2], "car_2730": [7, 1], "car_2733": [1, 4], "car_2732": [2, 1], "car_1132": [4, 6], "car_1133": [6, 2], "car_1130": [1, 3], "car_1131": [3, 4], "car_1136": [7, 4], "car_1137": [3, 2], "car_1134": [2, 4], "car_1135": [5, 1], "car_1839": [1, 2], "car_2393": [0, 5], "car_1838": [7, 2], "car_2392": [6, 5], "car_3301": [4, 6], "car_3300": [3, 6], "car_2939": [1, 5], "car_2938": [7, 5], "car_2937": [5, 2], "car_2936": [2, 4], "car_2935": [0, 2], "car_2934": [6, 1], "car_2933": [4, 6], "car_2932": [3, 1], "car_2931": [1, 3], "car_2930": [7, 2], "car_2029": [0, 5], "car_2028": [4, 2], "car_2845": [7, 5], "car_2844": [5, 0], "car_2843": [2, 6], "car_2842": [0, 2], "car_2841": [4, 5], "car_2840": [3, 5], "car_2021": [7, 2], "car_2020": [5, 6], "car_2023": [6, 5], "car_2022": [3, 6], "car_2025": [2, 7], "car_2024": [0, 3], "car_2027": [1, 4], "car_2026": [5, 2], "car_2948": [5, 2], "car_2520": [1, 2], "car_1008": [1, 2], "car_1009": [3, 4], "car_1006": [5, 7], "car_1007": [7, 2], "car_1004": [0, 1], "car_1005": [2, 7], "car_1002": [4, 6], "car_1003": [6, 4], "car_1000": [1, 6], "car_1001": [3, 7], "car_2398": [6, 7], "car_2629": [1, 0], "car_2524": [7, 2], "car_2628": [7, 2], "car_3310": [3, 1], "car_2525": [3, 4], "car_2995": [7, 4], "car_2674": [6, 4], "car_1924": [6, 7], "car_2994": [5, 0], "car_2527": [6, 7], "car_2997": [4, 0], "car_36": [5, 7], "car_37": [7, 4], "car_34": [6, 1], "car_35": [0, 5], "car_888": [2, 6], "car_889": [5, 7], "car_30": [4, 0], "car_31": [6, 5], "car_884": [1, 2], "car_885": [4, 7], "car_886": [6, 5], "car_887": [0, 4], "car_880": [3, 0], "car_881": [4, 7], "car_882": [6, 4], "car_883": [0, 2], "car_2449": [0, 2], "car_2448": [6, 2], "car_2119": [3, 6], "car_2118": [1, 2], "car_2115": [2, 5], "car_2114": [4, 0], "car_2117": [7, 1], "car_2116": [5, 3], "car_2111": [7, 5], "car_2110": [5, 4], "car_2113": [3, 0], "car_2112": [1, 5], "car_1644": [4, 1], "car_1645": [6, 5], "car_1646": [7, 3], "car_1647": [1, 0], "car_1640": [1, 2], "car_1641": [0, 4], "car_1642": [5, 6], "car_1643": [1, 5], "car_3312": [6, 5], "car_1648": [3, 4], "car_1649": [4, 0], "car_2599": [1, 7], "car_2159": [2, 0], "car_2158": [0, 5], "car_2591": [1, 7], "car_2590": [5, 4], "car_2593": [4, 2], "car_2592": [3, 6], "car_2595": [0, 7], "car_2594": [6, 4], "car_2597": [5, 6], "car_2596": [2, 3], "car_3313": [0, 1], "car_2677": [1, 2], "car_2608": [4, 5], "car_408": [2, 7], "car_409": [7, 5], "car_2203": [0, 2], "car_2202": [6, 7], "car_2205": [5, 4], "car_2204": [2, 1], "car_2207": [4, 5], "car_2206": [1, 4], "car_400": [7, 4], "car_401": [3, 6], "car_402": [4, 2], "car_403": [2, 0], "car_404": [5, 7], "car_405": [1, 6], "car_406": [4, 3], "car_407": [6, 5], "car_1769": [5, 4], "car_3080": [4, 7], "car_3081": [0, 5], "car_3082": [2, 7], "car_3083": [5, 2], "car_3084": [7, 5], "car_3085": [1, 5], "car_3086": [3, 0], "car_3087": [4, 5], "car_3088": [6, 7], "car_3089": [2, 6], "car_2973": [5, 1], "car_534": [1, 7], "car_535": [4, 0], "car_536": [6, 4], "car_537": [7, 4], "car_530": [4, 1], "car_531": [2, 1], "car_532": [5, 3], "car_533": [7, 0], "car_3246": [7, 1], "car_3247": [1, 6], "car_3244": [0, 6], "car_3245": [2, 1], "car_538": [3, 2], "car_539": [6, 2], "car_3240": [1, 5], "car_3241": [3, 0], "car_2972": [2, 1], "car_3317": [6, 5], "car_2310": [4, 2], "car_659": [3, 7], "car_658": [7, 0], "car_651": [0, 7], "car_650": [6, 4], "car_653": [7, 6], "car_652": [5, 3], "car_655": [4, 1], "car_654": [3, 6], "car_657": [2, 7], "car_656": [0, 7], "car_2970": [1, 2], "car_2907": [0, 7], "car_2977": [4, 6], "car_2909": [5, 2], "car_2976": [3, 4], "car_2434": [2, 0], "car_1929": [1, 2], "car_2195": [1, 6], "car_2194": [7, 6], "car_1764": [1, 0], "car_2197": [4, 6], "car_2196": [3, 1], "car_2191": [4, 0], "car_1928": [7, 6], "car_2190": [3, 1], "car_2193": [2, 4], "car_1909": [4, 0], "car_1908": [1, 2], "car_1907": [7, 5], "car_1763": [7, 5], "car_1905": [0, 7], "car_1904": [6, 0], "car_1903": [3, 1], "car_1902": [7, 2], "car_1901": [2, 7], "car_1900": [0, 4], "car_1349": [0, 2], "car_1348": [6, 5], "car_1762": [5, 4], "car_1341": [3, 6], "car_1340": [7, 0], "car_1343": [0, 2], "car_1342": [6, 5], "car_1345": [7, 2], "car_1344": [5, 1], "car_1347": [3, 4], "car_1346": [1, 6], "car_3234": [5, 3], "car_3219": [4, 0], "car_2753": [3, 4], "car_3231": [4, 2], "car_2752": [5, 1], "car_3230": [3, 6], "car_2698": [5, 3], "car_1833": [0, 6], "car_1832": [6, 3], "car_349": [3, 2], "car_348": [1, 0], "car_1837": [5, 0], "car_1836": [6, 5], "car_1835": [1, 7], "car_1834": [7, 3], "car_343": [4, 6], "car_342": [3, 6], "car_341": [5, 7], "car_340": [2, 0], "car_347": [7, 0], "car_346": [2, 7], "car_345": [0, 7], "car_344": [6, 3], "car_2325": [5, 6], "car_1129": [7, 1], "car_1128": [5, 6], "car_2979": [0, 5], "car_1125": [3, 2], "car_1124": [1, 7], "car_1127": [0, 5], "car_1126": [4, 3], "car_1121": [0, 2], "car_1120": [4, 2], "car_1123": [7, 1], "car_1122": [5, 1], "car_1402": [6, 3], "car_2320": [1, 3], "car_1403": [1, 7], "car_2321": [3, 7], "car_1400": [7, 4], "car_1401": [1, 4], "car_2978": [6, 1], "car_1406": [0, 1], "car_1407": [5, 3], "car_2902": [2, 1], "car_2903": [7, 3], "car_2900": [6, 1], "car_2901": [0, 3], "car_2906": [6, 0], "car_1404": [3, 0], "car_2904": [1, 2], "car_2905": [3, 7], "car_2908": [2, 5], "car_1405": [6, 3], "car_2058": [6, 0], "car_2059": [0, 4], "car_2054": [5, 2], "car_2055": [7, 3], "car_2056": [3, 6], "car_2057": [4, 2], "car_2050": [3, 2], "car_2051": [4, 5], "car_2052": [0, 6], "car_2053": [2, 0], "car_1011": [2, 4], "car_1010": [6, 3], "car_1013": [7, 0], "car_1012": [5, 1], "car_1015": [3, 7], "car_1014": [1, 0], "car_1017": [7, 3], "car_1016": [2, 0], "car_1019": [3, 6], "car_1018": [1, 7], "car_2690": [0, 4], "car_2691": [7, 5], "car_2696": [0, 6], "car_2697": [2, 3], "car_2694": [4, 1], "car_2695": [6, 0], "car_2790": [0, 7], "car_25": [1, 3], "car_24": [5, 2], "car_27": [4, 1], "car_26": [3, 7], "car_21": [6, 7], "car_20": [4, 0], "car_23": [2, 5], "car_22": [0, 2], "car_29": [1, 0], "car_28": [0, 2], "car_2478": [1, 2], "car_2479": [3, 5], "car_2476": [2, 4], "car_2477": [7, 6], "car_2474": [4, 5], "car_2475": [0, 2], "car_2472": [5, 6], "car_2473": [7, 5], "car_2470": [0, 1], "car_2471": [2, 5], "car_1657": [5, 3], "car_1656": [2, 6], "car_1655": [6, 3], "car_1654": [3, 1], "car_1653": [7, 2], "car_1652": [5, 0], "car_1651": [0, 1], "car_1650": [6, 4], "car_1659": [1, 5], "car_1658": [7, 1], "car_2878": [2, 7], "car_2879": [5, 1], "car_2872": [2, 1], "car_2873": [5, 3], "car_2870": [6, 2], "car_2871": [0, 5], "car_2876": [4, 5], "car_2877": [0, 1], "car_2874": [7, 4], "car_2875": [3, 7], "car_2688": [4, 2], "car_1969": [2, 4], "car_2315": [3, 2], "car_1843": [2, 6], "car_3211": [0, 2], "car_435": [0, 2], "car_434": [6, 0], "car_437": [7, 6], "car_436": [2, 1], "car_431": [6, 0], "car_430": [4, 0], "car_433": [3, 5], "car_432": [7, 2], "car_1846": [6, 1], "car_439": [4, 3], "car_438": [3, 1], "car_1847": [0, 4], "car_2274": [5, 4], "car_2275": [7, 0], "car_2276": [6, 2], "car_2277": [0, 6], "car_2270": [4, 0], "car_2271": [6, 3], "car_2272": [0, 3], "car_2273": [2, 5], "car_1845": [3, 7], "car_2278": [2, 3], "car_2279": [5, 4], "car_1848": [2, 6], "car_2289": [4, 6], "car_1968": [0, 7], "car_1849": [5, 4], "car_2288": [3, 5], "car_1965": [7, 6], "car_3370": [3, 4], "car_1964": [5, 4], "car_3093": [4, 1], "car_3092": [3, 6], "car_3091": [7, 1], "car_3090": [5, 1], "car_3097": [7, 6], "car_3096": [2, 5], "car_3095": [0, 4], "car_3094": [6, 3], "car_3376": [6, 2], "car_3099": [6, 2], "car_3098": [4, 1], "car_3311": [4, 0], "car_501": [7, 6], "car_500": [2, 3], "car_503": [3, 5], "car_502": [1, 4], "car_505": [2, 0], "car_504": [6, 4], "car_507": [7, 5], "car_506": [5, 4], "car_509": [6, 2], "car_508": [3, 4], "car_2302": [3, 6], "car_2303": [6, 1], "car_2304": [0, 5], "car_2305": [2, 0], "car_2306": [5, 6], "car_2307": [7, 6], "car_2281": [1, 6], "car_1745": [2, 6], "car_2280": [7, 1], "car_2960": [3, 2], "car_646": [5, 6], "car_647": [7, 6], "car_644": [0, 7], "car_645": [2, 6], "car_642": [4, 5], "car_643": [6, 0], "car_640": [1, 7], "car_641": [3, 0], "car_2314": [1, 4], "car_648": [1, 4], "car_649": [3, 4], "car_2961": [4, 2], "car_2576": [3, 0], "car_2526": [4, 7], "car_1830": [7, 1], "car_2673": [4, 2], "car_2962": [6, 3], "car_2570": [1, 7], "car_2681": [0, 4], "car_2999": [2, 3], "car_2420": [1, 4], "car_2963": [0, 5], "car_2680": [6, 5], "car_2854": [2, 0], "car_2964": [7, 1], "car_2683": [3, 7], "car_1932": [6, 0], "car_1933": [0, 1], "car_1930": [3, 5], "car_1931": [4, 1], "car_1936": [7, 3], "car_1937": [1, 0], "car_1934": [2, 5], "car_1935": [5, 1], "car_1938": [3, 6], "car_1939": [6, 5], "car_2682": [5, 0], "car_1717": [5, 2], "car_1338": [0, 4], "car_1339": [5, 1], "car_1334": [2, 5], "car_1335": [1, 0], "car_1336": [4, 1], "car_1337": [6, 7], "car_1330": [1, 2], "car_1331": [3, 5], "car_1332": [6, 4], "car_1333": [0, 6], "car_1711": [5, 7], "car_2998": [0, 3], "car_358": [0, 7], "car_359": [5, 0], "car_1804": [1, 2], "car_1805": [3, 7], "car_1802": [4, 3], "car_1803": [2, 1], "car_1800": [2, 7], "car_1801": [1, 5], "car_350": [6, 2], "car_351": [2, 1], "car_352": [5, 0], "car_353": [7, 2], "car_354": [1, 7], "car_355": [6, 7], "car_356": [5, 3], "car_357": [3, 5], "car_1482": [3, 6], "car_1483": [2, 3], "car_1480": [5, 0], "car_1481": [7, 4], "car_1486": [2, 1], "car_1487": [7, 3], "car_1484": [3, 5], "car_1485": [6, 3], "car_1488": [1, 3], "car_1489": [3, 4], "car_1240": [6, 7], "car_1241": [0, 6], "car_1242": [5, 6], "car_1243": [1, 5], "car_1244": [3, 7], "car_1245": [4, 2], "car_1246": [0, 7], "car_1247": [7, 4], "car_1248": [1, 5], "car_1249": [3, 5], "car_1747": [7, 1], "car_2374": [2, 7], "car_1879": [3, 7], "car_2917": [3, 5], "car_2916": [1, 2], "car_2911": [1, 5], "car_2910": [7, 0], "car_2913": [4, 2], "car_2912": [3, 1], "car_2919": [6, 1], "car_2918": [4, 3], "car_2049": [7, 3], "car_2048": [5, 4], "car_2047": [2, 6], "car_2046": [0, 3], "car_2045": [4, 5], "car_2044": [3, 5], "car_2043": [1, 7], "car_2042": [2, 3], "car_2041": [0, 1], "car_2040": [5, 0], "car_1064": [7, 0], "car_1065": [4, 6], "car_1066": [6, 2], "car_1067": [5, 4], "car_1060": [4, 3], "car_1061": [6, 4], "car_1062": [0, 7], "car_1063": [2, 4], "car_2685": [2, 5], "car_2684": [4, 7], "car_2687": [7, 1], "car_2686": [5, 0], "car_1068": [7, 6], "car_1069": [3, 0], "car_1798": [6, 5], "car_1799": [0, 3], "car_10": [5, 1], "car_11": [7, 1], "car_12": [3, 5], "car_13": [4, 0], "car_14": [6, 3], "car_15": [0, 4], "car_16": [5, 2], "car_17": [7, 1], "car_18": [1, 2], "car_19": [3, 6], "car_2461": [7, 4], "car_2460": [5, 7], "car_1668": [1, 4], "car_1669": [3, 1], "car_2465": [5, 3], "car_2464": [0, 5], "car_2467": [3, 1], "car_2466": [7, 3], "car_1662": [5, 0], "car_1663": [1, 6], "car_1660": [6, 3], "car_1661": [2, 6], "car_1666": [6, 3], "car_1667": [7, 0], "car_1664": [3, 4], "car_1665": [4, 7], "car_1468": [1, 0], "car_1469": [3, 5], "car_1460": [7, 5], "car_1461": [1, 2], "car_1462": [3, 2], "car_1463": [4, 2], "car_1464": [6, 0], "car_1465": [2, 4], "car_1466": [5, 6], "car_1467": [7, 5], "car_2699": [1, 7], "car_2869": [3, 1], "car_2868": [1, 3], "car_2865": [0, 7], "car_2864": [6, 7], "car_2867": [7, 3], "car_2866": [5, 2], "car_2861": [7, 3], "car_2860": [5, 3], "car_2863": [4, 3], "car_2862": [1, 7], "car_2648": [1, 7], "car_422": [1, 4], "car_423": [3, 0], "car_420": [0, 5], "car_421": [7, 1], "car_426": [5, 2], "car_427": [7, 5], "car_424": [0, 6], "car_425": [2, 6], "car_3318": [0, 7], "car_3319": [7, 5], "car_428": [1, 7], "car_429": [3, 2], "car_2377": [0, 7], "car_2267": [0, 3], "car_2266": [6, 7], "car_2265": [4, 6], "car_2264": [3, 5], "car_2263": [1, 6], "car_2262": [5, 3], "car_2261": [2, 4], "car_2260": [0, 2], "car_2371": [4, 3], "car_2269": [1, 3], "car_2268": [2, 5], "car_2373": [0, 6], "car_2372": [6, 2], "car_2008": [1, 2], "car_2370": [3, 7], "car_3224": [4, 2], "car_3225": [6, 7], "car_2319": [5, 4], "car_2318": [2, 6], "car_3220": [6, 5], "car_3221": [0, 5], "car_518": [5, 0], "car_519": [7, 6], "car_516": [0, 2], "car_517": [2, 6], "car_514": [4, 7], "car_515": [6, 7], "car_512": [1, 6], "car_513": [3, 5], "car_510": [5, 1], "car_511": [7, 2], "car_1870": [0, 4], "car_2692": [1, 5], "car_2444": [0, 4], "car_633": [6, 2], "car_632": [3, 5], "car_631": [1, 4], "car_630": [7, 2], "car_637": [6, 0], "car_636": [4, 7], "car_635": [3, 0], "car_634": [5, 2], "car_2675": [5, 6], "car_639": [5, 1], "car_638": [2, 0], "car_3138": [5, 0], "car_3139": [7, 2], "car_2693": [3, 4], "car_3130": [6, 2], "car_3131": [0, 5], "car_3132": [5, 2], "car_3133": [7, 6], "car_3134": [1, 0], "car_3135": [3, 7], "car_3136": [6, 0], "car_3137": [0, 7], "car_189": [1, 0], "car_188": [7, 5], "car_185": [0, 1], "car_184": [3, 6], "car_187": [5, 2], "car_186": [2, 6], "car_181": [5, 7], "car_180": [0, 5], "car_183": [1, 4], "car_182": [7, 1], "car_749": [5, 2], "car_748": [2, 5], "car_747": [4, 6], "car_746": [3, 2], "car_745": [5, 3], "car_744": [2, 4], "car_743": [0, 2], "car_742": [6, 5], "car_741": [4, 2], "car_740": [3, 6], "car_2131": [1, 6], "car_3316": [3, 2], "car_2618": [1, 6], "car_299": [1, 0], "car_298": [7, 4], "car_1927": [5, 0], "car_1926": [2, 4], "car_1921": [2, 6], "car_1920": [0, 7], "car_1923": [3, 6], "car_1922": [5, 2], "car_291": [7, 0], "car_290": [5, 3], "car_293": [3, 2], "car_292": [1, 7], "car_295": [0, 5], "car_294": [6, 3], "car_297": [5, 3], "car_296": [2, 1], "car_1329": [7, 1], "car_1328": [5, 2], "car_1327": [2, 3], "car_1326": [6, 3], "car_1325": [4, 6], "car_1324": [3, 0], "car_1323": [2, 4], "car_1322": [4, 1], "car_1321": [3, 6], "car_1320": [1, 2], "car_365": [0, 6], "car_364": [6, 1], "car_367": [4, 7], "car_366": [5, 3], "car_361": [1, 6], "car_360": [7, 4], "car_363": [4, 2], "car_362": [3, 1], "car_1811": [6, 1], "car_1810": [4, 0], "car_1813": [5, 6], "car_1812": [2, 5], "car_369": [2, 5], "car_368": [6, 2], "car_1817": [0, 2], "car_1816": [6, 7], "car_167": [6, 1], "car_166": [4, 1], "car_165": [3, 7], "car_164": [7, 4], "car_163": [5, 0], "car_162": [0, 7], "car_161": [6, 1], "car_160": [4, 6], "car_169": [2, 5], "car_168": [0, 2], "car_1495": [7, 0], "car_1494": [5, 0], "car_1497": [3, 7], "car_1496": [1, 7], "car_1491": [6, 4], "car_1490": [4, 1], "car_1493": [2, 6], "car_1492": [0, 2], "car_1499": [6, 5], "car_1498": [4, 7], "car_1253": [5, 6], "car_1252": [2, 6], "car_1251": [6, 4], "car_1250": [4, 1], "car_1257": [6, 0], "car_1256": [3, 1], "car_1255": [1, 0], "car_1254": [7, 3], "car_2850": [7, 6], "car_1259": [5, 1], "car_1258": [0, 2], "car_2851": [3, 4], "car_1868": [3, 2], "car_2852": [4, 3], "car_2853": [0, 6], "car_3248": [4, 1], "car_1789": [5, 7], "car_1788": [0, 4], "car_2070": [6, 2], "car_2071": [2, 7], "car_2076": [5, 1], "car_2077": [1, 5], "car_2074": [0, 3], "car_2075": [2, 1], "car_1781": [4, 0], "car_1780": [1, 4], "car_1783": [2, 3], "car_1782": [0, 2], "car_1785": [7, 2], "car_1784": [5, 2], "car_1787": [6, 2], "car_1786": [3, 2], "car_1077": [2, 3], "car_1076": [0, 5], "car_1075": [4, 0], "car_1074": [3, 1], "car_1073": [2, 3], "car_1072": [0, 2], "car_1071": [6, 1], "car_1070": [4, 1], "car_2678": [3, 1], "car_2679": [4, 3], "car_1079": [3, 2], "car_1078": [7, 5], "car_3257": [6, 2], "car_2139": [4, 7], "car_3256": [5, 4], "car_2034": [6, 0], "car_2300": [7, 6], "car_2035": [5, 1], "car_2301": [1, 4], "car_2032": [7, 3], "car_2033": [1, 2], "car_2996": [1, 3], "car_2138": [3, 2], "car_985": [1, 4], "car_984": [7, 1], "car_987": [4, 5], "car_986": [3, 0], "car_981": [6, 5], "car_980": [4, 5], "car_983": [5, 6], "car_982": [2, 3], "car_1675": [2, 0], "car_1674": [0, 6], "car_1677": [7, 4], "car_1676": [5, 0], "car_989": [2, 0], "car_988": [0, 7], "car_1673": [4, 2], "car_1672": [3, 1], "car_2784": [3, 7], "car_2785": [4, 5], "car_1479": [2, 0], "car_1478": [0, 4], "car_2780": [0, 2], "car_2781": [2, 5], "car_2782": [5, 1], "car_2783": [1, 4], "car_1473": [5, 7], "car_1472": [0, 2], "car_1471": [6, 7], "car_1470": [4, 2], "car_1477": [6, 1], "car_1476": [4, 3], "car_1475": [3, 5], "car_1474": [7, 6], "car_2890": [0, 6], "car_2891": [5, 7], "car_2892": [7, 2], "car_2893": [1, 2], "car_2894": [3, 2], "car_1743": [6, 3], "car_2896": [6, 1], "car_2897": [0, 2], "car_2898": [1, 4], "car_2899": [3, 5], "car_1742": [3, 0], "car_2990": [1, 4], "car_2528": [2, 7], "car_2529": [5, 0], "car_2258": [4, 2], "car_2259": [6, 0], "car_3307": [6, 7], "car_2689": [6, 4], "car_3305": [3, 4], "car_3304": [7, 6], "car_2252": [4, 7], "car_2253": [6, 1], "car_2250": [5, 7], "car_2251": [1, 4], "car_2256": [1, 2], "car_2257": [3, 1], "car_2254": [2, 1], "car_2255": [7, 0], "car_2098": [5, 6], "car_2099": [7, 0], "car_2090": [0, 2], "car_2091": [2, 1], "car_2092": [5, 0], "car_2093": [7, 6], "car_2094": [1, 4], "car_2095": [3, 4], "car_2096": [6, 0], "car_2097": [0, 7], "car_2992": [4, 5], "car_3237": [0, 1], "car_3236": [6, 7], "car_569": [3, 0], "car_568": [1, 0], "car_3233": [2, 6], "car_3232": [6, 0], "car_2328": [3, 1], "car_2329": [4, 6], "car_563": [1, 3], "car_562": [7, 1], "car_561": [5, 0], "car_560": [2, 4], "car_567": [7, 5], "car_566": [0, 6], "car_565": [4, 0], "car_564": [3, 6], "car_2331": [0, 2], "car_620": [6, 0], "car_621": [0, 4], "car_622": [2, 5], "car_623": [5, 6], "car_624": [3, 7], "car_625": [4, 1], "car_626": [6, 3], "car_627": [0, 7], "car_628": [2, 5], "car_629": [5, 3], "car_1869": [4, 2], "car_3129": [4, 2], "car_3128": [3, 6], "car_3123": [6, 5], "car_3122": [4, 6], "car_3121": [3, 0], "car_3120": [7, 1], "car_3127": [7, 6], "car_3126": [5, 1], "car_3125": [2, 1], "car_3124": [0, 1], "car_1866": [5, 1], "car_1867": [7, 2], "car_198": [1, 4], "car_199": [3, 6], "car_2831": [5, 3], "car_192": [6, 3], "car_193": [0, 6], "car_190": [3, 1], "car_191": [4, 1], "car_196": [0, 5], "car_197": [7, 5], "car_194": [5, 2], "car_195": [1, 4], "car_758": [0, 5], "car_759": [2, 0], "car_754": [0, 2], "car_755": [2, 1], "car_756": [4, 7], "car_757": [6, 3], "car_750": [1, 2], "car_751": [3, 5], "car_752": [4, 5], "car_753": [6, 4], "car_1940": [0, 3], "car_3355": [3, 5], "car_2991": [3, 4], "car_3299": [1, 4], "car_3298": [7, 1], "car_286": [4, 7], "car_287": [6, 3], "car_284": [2, 5], "car_285": [7, 2], "car_282": [3, 4], "car_283": [0, 5], "car_280": [5, 1], "car_281": [7, 1], "car_3353": [7, 1], "car_1949": [6, 4], "car_288": [0, 4], "car_289": [2, 5], "car_1948": [3, 2], "car_2791": [2, 3], "car_1312": [6, 0], "car_1313": [0, 7], "car_1310": [1, 4], "car_1311": [3, 6], "car_1316": [1, 3], "car_1317": [4, 0], "car_1314": [5, 3], "car_1315": [7, 3], "car_1318": [2, 1], "car_1319": [5, 0], "car_2450": [5, 4], "car_2451": [1, 5], "car_2452": [3, 6], "car_372": [1, 3], "car_373": [3, 0], "car_370": [5, 6], "car_371": [7, 0], "car_376": [5, 0], "car_377": [7, 4], "car_374": [0, 1], "car_375": [2, 1], "car_1864": [4, 1], "car_1865": [6, 2], "car_378": [1, 2], "car_379": [4, 7], "car_1860": [5, 0], "car_1861": [7, 0], "car_1862": [1, 6], "car_1863": [3, 7], "car_174": [0, 6], "car_175": [5, 3], "car_176": [1, 2], "car_177": [3, 1], "car_170": [5, 7], "car_171": [7, 6], "car_172": [1, 3], "car_173": [3, 7], "car_2457": [6, 4], "car_178": [4, 2], "car_179": [6, 5], "car_2338": [7, 4], "car_1266": [1, 5], "car_1267": [3, 5], "car_1264": [2, 5], "car_1265": [5, 7], "car_1262": [3, 0], "car_1263": [4, 7], "car_1260": [7, 2], "car_1261": [1, 0], "car_2949": [7, 1], "car_1268": [6, 3], "car_1269": [5, 4], "car_3371": [4, 1], "car_2406": [1, 4], "car_2065": [2, 0], "car_2064": [0, 6], "car_1048": [4, 2], "car_1049": [6, 0], "car_2061": [1, 4], "car_2060": [7, 2], "car_2063": [6, 2], "car_2062": [4, 6], "car_1042": [4, 5], "car_1043": [2, 4], "car_1040": [7, 6], "car_1041": [3, 0], "car_1046": [1, 3], "car_1047": [3, 7], "car_1044": [5, 3], "car_1045": [7, 1], "car_2663": [6, 3], "car_2662": [3, 4], "car_2661": [1, 5], "car_2660": [5, 1], "car_2667": [3, 7], "car_2666": [1, 3], "car_2665": [5, 1], "car_2664": [0, 7], "car_2669": [2, 1], "car_2668": [4, 5], "car_2404": [0, 3], "car_78": [4, 0], "car_79": [0, 2], "car_72": [7, 0], "car_73": [3, 2], "car_70": [2, 3], "car_71": [5, 3], "car_76": [5, 0], "car_77": [7, 0], "car_74": [6, 1], "car_75": [0, 1], "car_992": [6, 0], "car_993": [0, 7], "car_990": [5, 3], "car_991": [3, 7], "car_996": [6, 4], "car_997": [0, 2], "car_994": [5, 4], "car_995": [7, 4], "car_1688": [7, 1], "car_1689": [1, 7], "car_998": [2, 3], "car_999": [5, 3], "car_2409": [6, 1], "car_2408": [4, 0], "car_2797": [1, 7], "car_2796": [7, 3], "car_2795": [6, 5], "car_2794": [3, 2], "car_2793": [1, 5], "car_2792": [5, 3], "car_1448": [0, 1], "car_1449": [5, 0], "car_1446": [4, 7], "car_1447": [6, 1], "car_1444": [1, 4], "car_1445": [3, 6], "car_1442": [5, 3], "car_1443": [7, 2], "car_1440": [4, 1], "car_1441": [2, 5], "car_2883": [6, 4], "car_2882": [4, 2], "car_2881": [3, 6], "car_2798": [3, 0], "car_2887": [3, 1], "car_2886": [5, 4], "car_2885": [2, 3], "car_2884": [0, 1], "car_2889": [6, 5], "car_2888": [4, 7], "car_2401": [1, 5], "car_2986": [0, 3], "car_3336": [5, 2], "car_3337": [7, 3], "car_2539": [5, 2], "car_2538": [2, 6], "car_2249": [2, 4], "car_2248": [6, 1], "car_3330": [6, 1], "car_3331": [0, 7], "car_2245": [7, 4], "car_2244": [2, 1], "car_2247": [4, 3], "car_2246": [3, 7], "car_2241": [1, 7], "car_2240": [0, 4], "car_2243": [0, 1], "car_2242": [4, 0], "car_2089": [4, 7], "car_2088": [1, 0], "car_2083": [3, 1], "car_2082": [1, 6], "car_2081": [7, 3], "car_2080": [5, 2], "car_2087": [7, 1], "car_2086": [5, 4], "car_2085": [2, 3], "car_2084": [0, 1], "car_3180": [5, 2], "car_3183": [6, 5], "car_3239": [7, 0], "car_2984": [4, 2], "car_3208": [1, 4], "car_3209": [3, 5], "car_3202": [7, 5], "car_3203": [1, 2], "car_3200": [0, 5], "car_3186": [1, 4], "car_3206": [5, 6], "car_3207": [7, 5], "car_3204": [4, 6], "car_3205": [6, 4], "car_578": [7, 1], "car_579": [1, 7], "car_2333": [7, 2], "car_2332": [5, 2], "car_2335": [3, 4], "car_2334": [1, 0], "car_2337": [5, 6], "car_553": [6, 2], "car_570": [0, 3], "car_571": [5, 3], "car_572": [7, 5], "car_573": [3, 0], "car_574": [6, 4], "car_806": [6, 4], "car_576": [2, 3], "car_577": [5, 7], "car_807": [0, 3], "car_800": [2, 4], "car_801": [5, 6], "car_802": [7, 6], "car_2192": [6, 5], "car_803": [1, 4], "car_2067": [7, 6], "car_2066": [5, 6], "car_619": [4, 3], "car_618": [3, 0], "car_615": [5, 1], "car_614": [2, 3], "car_617": [1, 3], "car_616": [7, 3], "car_611": [4, 6], "car_610": [5, 0], "car_613": [0, 3], "car_612": [6, 7], "car_2151": [6, 3], "car_3118": [4, 0], "car_3119": [5, 1], "car_3116": [7, 1], "car_3117": [3, 1], "car_3114": [2, 0], "car_3115": [5, 3], "car_3112": [6, 1], "car_3113": [0, 4], "car_3110": [3, 2], "car_3111": [4, 6], "car_2704": [6, 7], "car_2705": [0, 6], "car_2706": [2, 5], "car_2150": [4, 7], "car_2707": [5, 0], "car_2069": [4, 6], "car_2068": [3, 0], "car_2702": [5, 2], "car_2703": [1, 7], "car_769": [4, 1], "car_768": [3, 6], "car_2567": [2, 6], "car_761": [7, 0], "car_760": [5, 4], "car_763": [4, 1], "car_762": [1, 0], "car_765": [0, 4], "car_764": [6, 7], "car_767": [1, 2], "car_766": [5, 7], "car_2216": [1, 6], "car_2217": [3, 6], "car_2330": [6, 7], "car_2214": [2, 4], "car_2215": [5, 2], "car_2212": [3, 0], "car_2213": [4, 2], "car_2210": [5, 3], "car_2211": [1, 0], "car_575": [0, 5], "car_3374": [1, 4], "car_1305": [1, 0], "car_1304": [7, 2], "car_1307": [6, 3], "car_1306": [3, 6], "car_1301": [4, 1], "car_1300": [3, 4], "car_1303": [2, 4], "car_1302": [6, 3], "car_1309": [5, 0], "car_1308": [2, 6], "car_389": [2, 0], "car_388": [0, 2], "car_387": [6, 4], "car_386": [4, 2], "car_385": [3, 7], "car_384": [7, 6], "car_383": [5, 7], "car_382": [2, 4], "car_381": [0, 3], "car_380": [6, 2], "car_141": [5, 0], "car_140": [2, 1], "car_143": [3, 4], "car_142": [7, 6], "car_145": [2, 7], "car_144": [6, 0], "car_147": [1, 7], "car_146": [7, 4], "car_149": [6, 1], "car_148": [4, 0], "car_2407": [3, 4], "car_1279": [6, 5], "car_1278": [4, 5], "car_1271": [1, 7], "car_1270": [7, 3], "car_1273": [6, 2], "car_1272": [3, 5], "car_1275": [5, 6], "car_1274": [2, 5], "car_1277": [1, 2], "car_1276": [7, 4], "car_2326": [7, 5], "car_2847": [4, 2], "car_2327": [1, 6], "car_1059": [3, 4], "car_1058": [1, 2], "car_1055": [6, 2], "car_1054": [3, 4], "car_1057": [7, 0], "car_1056": [5, 2], "car_1051": [5, 7], "car_1050": [2, 7], "car_1053": [1, 6], "car_1052": [7, 3], "car_2656": [4, 2], "car_2657": [6, 0], "car_2654": [1, 5], "car_2655": [3, 7], "car_2652": [0, 2], "car_2653": [7, 1], "car_2650": [4, 5], "car_2651": [6, 1], "car_2415": [4, 2], "car_2658": [0, 5], "car_2659": [2, 6], "car_2416": [0, 7], "car_69": [0, 7], "car_68": [4, 3], "car_2438": [0, 1], "car_2439": [2, 7], "car_61": [3, 5], "car_60": [1, 4], "car_63": [0, 7], "car_62": [6, 5], "car_65": [5, 0], "car_64": [2, 1], "car_67": [1, 0], "car_66": [7, 5], "car_1693": [2, 0], "car_1692": [0, 5], "car_1691": [6, 4], "car_1690": [4, 6], "car_1697": [0, 5], "car_1696": [4, 6], "car_969": [3, 0], "car_968": [1, 3], "car_967": [7, 3], "car_966": [0, 4], "car_965": [6, 2], "car_964": [4, 1], "car_963": [3, 1], "car_962": [1, 7], "car_961": [7, 3], "car_960": [5, 3], "car_1451": [1, 6], "car_1450": [7, 2], "car_1453": [6, 4], "car_1452": [4, 6], "car_1455": [5, 7], "car_1454": [2, 5], "car_1457": [3, 0], "car_1456": [1, 3], "car_1459": [0, 2], "car_1458": [4, 5], "car_2410": [0, 5], "car_2837": [5, 6], "car_3329": [7, 5], "car_3328": [0, 7], "car_3175": [2, 1], "car_3321": [4, 1], "car_3320": [1, 7], "car_3323": [0, 2], "car_3322": [6, 5], "car_3325": [7, 5], "car_3279": [7, 5], "car_3327": [6, 5], "car_3326": [3, 4], "car_3278": [2, 1], "car_2411": [2, 7], "car_2508": [6, 3], "car_2509": [0, 3], "car_2506": [3, 2], "car_2507": [4, 6], "car_2504": [7, 0], "car_2505": [1, 5], "car_2502": [1, 2], "car_2503": [2, 7], "car_2500": [2, 1], "car_2501": [5, 4], "car_2737": [0, 2], "car_1680": [4, 1], "car_1681": [2, 5], "car_3173": [6, 4], "car_1682": [7, 3], "car_1683": [1, 3], "car_3272": [2, 1], "car_1684": [3, 4], "car_2736": [6, 0], "car_1685": [4, 6], "car_1891": [6, 0], "car_3270": [6, 2], "car_1686": [6, 3], "car_1890": [4, 0], "car_1687": [2, 5], "car_1893": [2, 0], "car_545": [2, 6], "car_544": [6, 7], "car_547": [1, 6], "car_546": [7, 2], "car_541": [1, 7], "car_540": [0, 6], "car_543": [4, 1], "car_542": [3, 5], "car_3215": [0, 3], "car_1895": [7, 3], "car_3217": [7, 1], "car_3216": [5, 0], "car_549": [6, 7], "car_548": [4, 6], "car_819": [4, 7], "car_818": [7, 2], "car_2344": [3, 2], "car_2345": [4, 0], "car_2346": [6, 5], "car_2347": [2, 5], "car_2340": [6, 4], "car_1897": [3, 7], "car_2342": [5, 4], "car_2343": [1, 5], "car_2405": [2, 3], "car_1896": [1, 2], "car_2348": [5, 2], "car_2349": [7, 0], "car_33": [4, 1], "car_1767": [0, 4], "car_1766": [4, 1], "car_1765": [3, 7], "car_608": [0, 3], "car_609": [2, 4], "car_2941": [4, 7], "car_602": [6, 4], "car_603": [5, 6], "car_600": [3, 1], "car_601": [4, 1], "car_606": [4, 3], "car_607": [6, 3], "car_604": [1, 2], "car_605": [3, 2], "car_3101": [2, 6], "car_3100": [0, 5], "car_3103": [1, 3], "car_3102": [7, 4], "car_3105": [4, 5], "car_1761": [2, 7], "car_3107": [0, 1], "car_3106": [6, 3], "car_3109": [5, 2], "car_3108": [2, 6], "car_1760": [0, 1], "car_2799": [0, 7], "car_776": [6, 2], "car_777": [1, 0], "car_774": [3, 5], "car_775": [4, 6], "car_772": [5, 7], "car_773": [1, 0], "car_770": [6, 5], "car_771": [0, 2], "car_1768": [2, 7], "car_778": [4, 3], "car_779": [6, 2], "car_2418": [5, 3], "car_2880": [7, 2], "car_1750": [2, 3], "car_2419": [7, 6], "car_3293": [4, 0], "car_3292": [1, 3], "car_3251": [1, 3], "car_1994": [5, 0], "car_1995": [7, 2], "car_1996": [1, 7], "car_1997": [3, 6], "car_1990": [1, 6], "car_1991": [3, 5], "car_1992": [4, 0], "car_1993": [0, 5], "car_1998": [6, 5], "car_1999": [0, 1], "car_2846": [3, 6], "car_3250": [7, 1], "car_1842": [6, 4], "car_1806": [0, 1], "car_1840": [3, 6], "car_1841": [4, 3], "car_398": [6, 2], "car_399": [5, 0], "car_1844": [5, 1], "car_1807": [5, 4], "car_394": [0, 7], "car_395": [2, 3], "car_396": [7, 3], "car_397": [3, 2], "car_390": [7, 2], "car_391": [1, 6], "car_392": [3, 4], "car_393": [4, 0], "car_158": [1, 3], "car_159": [3, 4], "car_156": [2, 4], "car_157": [5, 4], "car_154": [3, 0], "car_155": [4, 6], "car_152": [7, 5], "car_153": [1, 3], "car_150": [0, 4], "car_151": [2, 7], "car_1208": [5, 0], "car_1209": [7, 1], "car_1204": [4, 5], "car_1205": [6, 0], "car_1206": [0, 7], "car_1207": [2, 5], "car_1200": [0, 6], "car_1201": [5, 3], "car_1202": [7, 3], "car_1203": [1, 3], "car_2601": [4, 6], "car_2403": [6, 7], "car_3252": [3, 4], "car_3334": [6, 7], "car_3335": [2, 0], "car_1808": [1, 0], "car_3255": [2, 6], "car_3332": [5, 0], "car_1809": [3, 5], "car_3333": [1, 6], "car_2649": [3, 0], "car_2612": [3, 1], "car_2613": [4, 2], "car_2641": [3, 4], "car_2640": [2, 3], "car_2643": [6, 1], "car_2642": [4, 6], "car_2645": [2, 6], "car_2644": [0, 2], "car_2647": [7, 5], "car_2646": [5, 1], "car_1510": [5, 3], "car_1511": [1, 4], "car_1512": [6, 3], "car_1513": [0, 7], "car_1514": [2, 4], "car_1515": [5, 0], "car_1516": [7, 5], "car_1517": [1, 5], "car_1518": [3, 4], "car_1519": [4, 1], "car_2531": [6, 0], "car_2965": [4, 6], "car_2530": [3, 5], "car_2966": [0, 5], "car_3366": [3, 5], "car_2537": [0, 7], "car_2967": [2, 6], "car_2536": [6, 2], "car_2968": [5, 4], "car_2855": [5, 3], "car_1198": [3, 7], "car_1199": [4, 3], "car_2969": [7, 2], "car_1194": [3, 1], "car_1195": [6, 3], "car_1196": [5, 1], "car_1197": [1, 2], "car_1190": [2, 7], "car_1191": [5, 0], "car_1192": [7, 0], "car_1193": [1, 6], "car_2619": [3, 6], "car_2429": [7, 0], "car_2428": [5, 6], "car_2425": [6, 0], "car_2424": [1, 2], "car_2427": [2, 4], "car_2426": [0, 5], "car_2421": [3, 6], "car_2126": [4, 3], "car_2423": [2, 0], "car_2422": [4, 6], "car_2856": [7, 6], "car_2127": [6, 3], "car_978": [1, 3], "car_979": [3, 4], "car_974": [3, 5], "car_975": [0, 6], "car_976": [2, 5], "car_977": [5, 6], "car_970": [0, 7], "car_971": [2, 5], "car_972": [7, 1], "car_973": [1, 4], "car_1424": [4, 5], "car_1425": [6, 1], "car_1426": [2, 7], "car_1427": [5, 0], "car_1420": [2, 5], "car_1421": [5, 3], "car_1422": [7, 0], "car_1423": [3, 4], "car_2402": [4, 6], "car_1428": [1, 3], "car_1429": [3, 7], "car_2857": [3, 1], "car_3259": [2, 0], "car_3358": [5, 0], "car_3359": [1, 6], "car_3354": [1, 3], "car_2128": [0, 1], "car_3356": [6, 5], "car_3357": [0, 7], "car_3350": [3, 7], "car_3258": [0, 2], "car_3352": [0, 6], "car_2129": [5, 0], "car_2511": [7, 1], "car_2510": [2, 5], "car_2513": [6, 5], "car_2512": [4, 6], "car_2515": [4, 1], "car_2514": [1, 7], "car_2517": [0, 3], "car_2516": [6, 2], "car_2519": [7, 0], "car_2518": [2, 3], "car_1738": [6, 5], "car_1739": [2, 0], "car_1730": [3, 4], "car_1731": [4, 2], "car_1732": [6, 2], "car_1733": [0, 3], "car_1734": [5, 0], "car_1735": [7, 2], "car_1736": [1, 7], "car_1737": [3, 1], "car_54": [7, 3], "car_55": [1, 0], "car_56": [4, 0], "car_57": [6, 2], "car_50": [6, 0], "car_51": [0, 2], "car_52": [2, 0], "car_53": [5, 2], "car_58": [0, 3], "car_59": [2, 7], "car_2609": [0, 3], "car_552": [3, 4], "car_805": [4, 2], "car_550": [7, 6], "car_551": [1, 6], "car_556": [7, 6], "car_557": [1, 3], "car_554": [2, 1], "car_555": [5, 4], "car_558": [6, 3], "car_559": [0, 2], "car_808": [2, 4], "car_809": [5, 0], "car_2357": [1, 4], "car_2356": [7, 6], "car_2355": [2, 7], "car_2354": [0, 6], "car_2353": [6, 5], "car_2352": [4, 3], "car_2351": [3, 7], "car_2350": [1, 6], "car_2359": [6, 7], "car_2358": [4, 5], "car_1757": [1, 0], "car_2339": [4, 7], "car_2469": [6, 7], "car_3174": [0, 1], "car_2915": [5, 2], "car_3176": [7, 0], "car_3177": [1, 0], "car_3170": [7, 6], "car_3171": [1, 0], "car_3172": [3, 7], "car_2914": [0, 1], "car_3178": [4, 3], "car_3179": [6, 5], "car_3369": [2, 7], "car_2468": [4, 2], "car_703": [3, 7], "car_702": [1, 2], "car_701": [7, 2], "car_700": [5, 6], "car_707": [5, 3], "car_706": [2, 3], "car_705": [0, 6], "car_704": [6, 3], "car_709": [1, 6], "car_708": [7, 3], "car_3008": [1, 7], "car_3009": [3, 1], "car_3000": [5, 6], "car_3001": [7, 6], "car_3002": [3, 5], "car_3003": [4, 6], "car_3004": [0, 6], "car_3005": [2, 1], "car_3006": [5, 4], "car_3007": [7, 4], "car_2221": [5, 4], "car_2308": [1, 3], "car_2400": [7, 1], "car_2309": [3, 4], "car_3201": [5, 0], "car_1987": [0, 1], "car_1986": [6, 4], "car_1985": [4, 5], "car_1984": [3, 4], "car_1983": [1, 3], "car_1982": [7, 4], "car_1981": [5, 1], "car_1980": [2, 1], "car_1989": [7, 4], "car_1988": [2, 5], "car_2768": [6, 2], "car_1855": [5, 1], "car_1796": [7, 2], "car_1857": [3, 7], "car_1856": [7, 5], "car_1851": [3, 2], "car_1850": [7, 3], "car_1853": [0, 6], "car_1797": [3, 6], "car_2336": [0, 1], "car_1859": [6, 1], "car_1794": [6, 4], "car_2230": [6, 0], "car_129": [7, 6], "car_128": [5, 0], "car_2231": [0, 5], "car_123": [1, 4], "car_122": [7, 6], "car_121": [5, 2], "car_120": [6, 1], "car_127": [0, 2], "car_126": [6, 3], "car_125": [4, 3], "car_124": [3, 2], "car_1790": [7, 4], "car_1219": [0, 5], "car_1218": [3, 6], "car_1217": [1, 0], "car_1216": [7, 6], "car_1215": [5, 6], "car_1214": [2, 0], "car_1213": [6, 0], "car_1212": [4, 0], "car_1211": [3, 2], "car_1210": [1, 5], "car_1415": [5, 6], "car_1414": [2, 0], "car_1417": [1, 4], "car_1416": [7, 5], "car_1411": [4, 6], "car_1410": [3, 7], "car_237": [4, 1], "car_236": [3, 5], "car_235": [1, 0], "car_234": [0, 1], "car_233": [6, 5], "car_232": [4, 2], "car_231": [3, 4], "car_230": [1, 6], "car_3372": [2, 7], "car_1412": [6, 7], "car_239": [0, 6], "car_238": [6, 7], "car_2988": [5, 3], "car_2989": [7, 0], "car_2638": [4, 0], "car_2639": [6, 1], "car_2634": [4, 3], "car_2635": [2, 7], "car_2636": [7, 6], "car_2637": [1, 0], "car_2630": [3, 0], "car_2631": [6, 4], "car_2632": [0, 4], "car_2633": [7, 4], "car_1503": [3, 0], "car_1502": [7, 3], "car_1501": [5, 4], "car_1500": [0, 6], "car_1507": [5, 1], "car_1506": [2, 1], "car_1505": [0, 3], "car_1504": [4, 2], "car_3373": [5, 7], "car_1509": [6, 0], "car_1508": [7, 6], "car_1189": [0, 5], "car_1188": [6, 3], "car_1187": [4, 1], "car_1186": [3, 2], "car_1185": [1, 3], "car_1184": [7, 1], "car_1183": [5, 1], "car_1182": [2, 0], "car_1181": [6, 2], "car_1180": [4, 5], "car_2182": [5, 6], "car_2183": [7, 5], "car_2180": [0, 2], "car_2181": [2, 7], "car_2186": [0, 5], "car_2187": [2, 0], "car_2184": [4, 0], "car_2185": [6, 1], "car_2188": [7, 6], "car_2189": [1, 7], "car_949": [3, 7], "car_948": [1, 7], "car_2742": [3, 2], "car_2743": [0, 3], "car_2744": [2, 4], "car_2745": [7, 1], "car_2746": [1, 7], "car_2747": [3, 7], "car_941": [3, 5], "car_940": [1, 4], "car_943": [6, 7], "car_942": [4, 6], "car_945": [2, 6], "car_944": [0, 4], "car_947": [7, 4], "car_946": [5, 1], "car_1437": [2, 3], "car_1436": [0, 6], "car_1435": [6, 0], "car_1434": [4, 6], "car_1433": [1, 6], "car_1432": [2, 7], "car_1431": [0, 6], "car_1430": [4, 7], "car_1439": [3, 6], "car_1438": [1, 5], "car_2238": [7, 2], "car_2823": [1, 3], "car_493": [2, 5], "car_492": [4, 7], "car_491": [1, 0], "car_490": [7, 0], "car_497": [3, 6], "car_496": [1, 5], "car_495": [7, 4], "car_494": [5, 3], "car_3347": [2, 4], "car_3346": [4, 0], "car_499": [0, 7], "car_498": [6, 0], "car_3343": [7, 4], "car_3342": [0, 7], "car_3341": [6, 2], "car_3340": [4, 5], "car_2296": [4, 6], "car_2297": [6, 2], "car_2294": [1, 6], "car_2239": [6, 2], "car_2292": [5, 4], "car_2293": [7, 0], "car_2290": [0, 3], "car_2291": [2, 3], "car_1918": [5, 1], "car_2568": [5, 0], "car_2569": [7, 4], "car_2298": [0, 2], "car_1919": [7, 3], "car_1729": [1, 0], "car_1728": [2, 5], "car_1723": [2, 5], "car_1722": [0, 7], "car_1721": [6, 3], "car_1720": [4, 3], "car_1727": [0, 6], "car_1726": [6, 0], "car_1725": [3, 6], "car_1724": [1, 6], "car_43": [7, 0], "car_42": [2, 5], "car_41": [0, 4], "car_40": [6, 1], "car_47": [2, 0], "car_46": [4, 6], "car_45": [3, 0], "car_44": [1, 3], "car_49": [4, 1], "car_48": [7, 0], "car_1916": [0, 6], "car_3365": [1, 7], "car_1917": [2, 5], "car_3364": [7, 1], "car_3375": [3, 2], "car_3367": [4, 7], "car_1858": [4, 3], "car_831": [6, 0], "car_830": [3, 5], "car_833": [5, 1], "car_832": [0, 7], "car_835": [1, 5], "car_834": [7, 6], "car_837": [6, 3], "car_836": [3, 6], "car_839": [5, 6], "car_838": [0, 5], "car_2360": [0, 2], "car_2361": [2, 5], "car_2366": [6, 1], "car_2367": [0, 3], "car_2364": [3, 1], "car_2365": [4, 6], "car_2168": [4, 0], "car_2169": [6, 4], "car_2160": [5, 6], "car_2161": [7, 2], "car_2162": [1, 0], "car_2163": [4, 7], "car_2164": [2, 7], "car_2165": [5, 6], "car_2166": [7, 2], "car_2167": [1, 2], "car_2810": [7, 2], "car_2811": [3, 5], "car_2812": [4, 5], "car_2813": [6, 0], "car_1941": [2, 3], "car_2814": [0, 4], "car_3055": [1, 5], "car_2815": [2, 7], "car_2544": [2, 1], "car_3235": [3, 0], "car_2817": [7, 2], "car_3167": [1, 3], "car_3166": [2, 5], "car_3165": [0, 2], "car_3164": [6, 4], "car_3163": [4, 7], "car_3162": [3, 4], "car_3161": [7, 3], "car_3160": [2, 3], "car_2463": [6, 0], "car_3169": [5, 1], "car_3168": [3, 1], "car_2462": [1, 4], "car_3309": [2, 0], "car_710": [3, 2], "car_711": [4, 7], "car_712": [0, 3], "car_713": [2, 7], "car_714": [5, 4], "car_715": [6, 4], "car_716": [0, 7], "car_717": [2, 3], "car_718": [5, 2], "car_719": [1, 2], "car_1892": [0, 4], "car_3019": [3, 7], "car_3018": [1, 7], "car_3028": [4, 6], "car_3013": [3, 6], "car_3012": [7, 0], "car_3011": [5, 6], "car_3010": [4, 5], "car_3017": [7, 0], "car_3016": [5, 2], "car_3015": [2, 5], "car_2987": [2, 0], "car_1894": [5, 0], "car_2895": [4, 6], "car_3368": [0, 5], "car_138": [6, 0], "car_139": [0, 1], "car_130": [4, 2], "car_131": [6, 2], "car_132": [0, 1], "car_133": [2, 5], "car_134": [5, 0], "car_135": [7, 3], "car_136": [1, 2], "car_137": [3, 4], "car_1222": [1, 6], "car_1223": [3, 4], "car_1220": [2, 3], "car_1221": [5, 1], "car_1226": [0, 1], "car_1227": [2, 0], "car_1224": [4, 7], "car_1225": [6, 4], "car_1886": [2, 4], "car_1887": [5, 0], "car_1228": [5, 2], "car_1229": [1, 7], "car_1882": [5, 3], "car_1883": [7, 0], "car_1880": [4, 2], "car_1881": [0, 5], "car_2621": [6, 5], "car_224": [1, 0], "car_225": [3, 2], "car_226": [4, 3], "car_227": [0, 5], "car_220": [3, 0], "car_221": [2, 3], "car_222": [5, 6], "car_223": [7, 2], "car_228": [2, 3], "car_229": [5, 3], "car_1086": [0, 7], "car_1087": [2, 7], "car_1084": [3, 5], "car_1085": [4, 7], "car_1082": [5, 4], "car_1083": [1, 6], "car_1080": [0, 4], "car_1081": [2, 1], "car_2627": [0, 5], "car_2626": [6, 4], "car_2625": [3, 2], "car_2624": [1, 7], "car_2623": [5, 7], "car_2622": [0, 4], "car_1088": [7, 2], "car_1089": [1, 6], "car_1536": [0, 6], "car_1537": [2, 3], "car_1534": [7, 5], "car_1535": [1, 3], "car_1532": [4, 5], "car_1533": [6, 7], "car_1530": [7, 6], "car_1531": [1, 7], "car_1538": [5, 3], "car_1539": [7, 1], "car_956": [3, 0], "car_957": [4, 3], "car_954": [7, 2], "car_955": [1, 4], "car_952": [2, 7], "car_953": [5, 3], "car_950": [4, 2], "car_951": [6, 3], "car_1827": [4, 7], "car_2199": [2, 0], "car_2198": [0, 2], "car_958": [6, 7], "car_959": [0, 5], "car_1158": [2, 0], "car_1159": [5, 3], "car_1408": [7, 6], "car_1409": [1, 7], "car_2757": [2, 3], "car_2756": [0, 2], "car_2755": [6, 4], "car_1829": [5, 4], "car_1150": [6, 3], "car_1151": [0, 3], "car_1152": [2, 4], "car_1153": [5, 6], "car_1154": [3, 6], "car_1155": [4, 3], "car_1156": [6, 1], "car_1157": [0, 7], "car_2532": [2, 6], "car_2380": [7, 1], "car_2764": [7, 2], "car_2381": [4, 1], "car_2382": [6, 1], "car_2383": [0, 6], "car_1826": [3, 6], "car_3314": [2, 4], "car_3315": [1, 0], "car_480": [2, 7], "car_481": [5, 7], "car_482": [1, 6], "car_483": [3, 7], "car_484": [2, 6], "car_485": [1, 0], "car_486": [3, 1], "car_487": [4, 1], "car_488": [0, 1], "car_489": [2, 3], "car_2283": [4, 1], "car_2282": [3, 6], "car_2285": [2, 5], "car_2284": [6, 2], "car_2287": [1, 2], "car_2286": [7, 1], "car_2577": [4, 6], "car_853": [2, 7], "car_2575": [1, 3], "car_2574": [2, 0], "car_2573": [0, 5], "car_2572": [6, 7], "car_2571": [3, 1], "car_852": [0, 6], "car_851": [6, 7], "car_2579": [5, 1], "car_2578": [6, 0], "car_582": [2, 3], "car_1718": [7, 4], "car_1719": [3, 7], "car_1716": [2, 0], "car_857": [6, 4], "car_1714": [4, 0], "car_1715": [0, 6], "car_1712": [7, 4], "car_1713": [3, 6], "car_1710": [2, 4], "car_856": [4, 6], "car_2982": [1, 7], "car_1828": [6, 2], "car_855": [1, 7], "car_2983": [3, 5], "car_854": [5, 7], "car_2980": [2, 4], "car_2981": [7, 4], "car_2739": [5, 4], "car_2738": [2, 6], "car_2379": [5, 1], "car_2378": [2, 7], "car_828": [0, 1], "car_829": [7, 3], "car_826": [4, 3], "car_827": [6, 1], "car_824": [1, 2], "car_825": [3, 6], "car_822": [5, 7], "car_823": [7, 6], "car_820": [6, 1], "car_821": [0, 2], "car_2179": [6, 5], "car_2178": [4, 2], "car_2173": [4, 2], "car_2172": [1, 5], "car_2171": [7, 3], "car_2170": [5, 1], "car_2177": [1, 3], "car_2176": [5, 0], "car_2175": [2, 5], "car_2174": [0, 6], "car_3238": [5, 1], "car_2535": [3, 6], "car_3349": [1, 5], "car_3218": [3, 2], "car_3158": [7, 1], "car_3159": [6, 4], "car_2534": [1, 2], "car_3152": [5, 7], "car_3153": [3, 4], "car_3150": [0, 2], "car_3151": [2, 6], "car_3156": [2, 3], "car_3157": [5, 7], "car_3154": [4, 5], "car_3155": [0, 2], "car_729": [2, 7], "car_728": [6, 2], "car_725": [1, 2], "car_724": [5, 4], "car_727": [4, 0], "car_726": [3, 1], "car_721": [4, 0], "car_720": [3, 5], "car_723": [2, 0], "car_722": [6, 4], "car_2708": [7, 2], "car_3029": [6, 0], "car_3026": [1, 4], "car_3027": [3, 2], "car_3024": [5, 2], "car_3025": [7, 4], "car_3022": [0, 3], "car_3023": [2, 5], "car_3020": [4, 1], "car_3021": [6, 5], "car_2620": [4, 0], "car_3275": [4, 1], "car_1795": [0, 3], "car_3274": [3, 4], "car_1792": [3, 1], "car_3226": [0, 4], "car_1793": [4, 6], "car_2440": [5, 7], "car_105": [0, 3], "car_104": [6, 0], "car_107": [5, 7], "car_106": [2, 4], "car_101": [2, 1], "car_100": [0, 2], "car_103": [1, 0], "car_102": [7, 3], "car_1888": [1, 5], "car_109": [6, 3], "car_108": [1, 7], "car_1791": [1, 4], "car_1235": [5, 4], "car_1234": [2, 5], "car_1237": [1, 2], "car_1236": [7, 5], "car_1231": [4, 1], "car_1230": [3, 5], "car_1233": [0, 5], "car_1232": [6, 0], "car_1899": [6, 4], "car_1898": [4, 7], "car_1239": [4, 2], "car_1238": [3, 4], "car_3141": [3, 7], "car_211": [5, 0], "car_210": [2, 4], "car_213": [3, 5], "car_212": [1, 7], "car_215": [6, 4], "car_214": [4, 0], "car_217": [2, 0], "car_216": [0, 2], "car_219": [7, 5], "car_218": [5, 0], "car_2676": [7, 3], "car_1529": [5, 6], "car_1528": [2, 6], "car_2610": [5, 2], "car_2611": [7, 6], "car_2616": [2, 5], "car_2617": [7, 5], "car_2614": [6, 4], "car_2615": [0, 4], "car_1521": [0, 4], "car_1520": [6, 0], "car_1523": [5, 6], "car_1522": [2, 3], "car_1525": [3, 0], "car_1524": [7, 4], "car_1527": [0, 5], "car_1526": [4, 7], "car_3227": [5, 3], "car_2849": [5, 2], "car_2700": [3, 0], "car_2848": [2, 6], "car_2740": [7, 6], "car_3222": [5, 2], "car_2741": [1, 6], "car_3223": [7, 3], "car_2313": [5, 3], "car_2701": [0, 5], "car_2312": [0, 1], "car_2311": [6, 7], "car_923": [7, 6], "car_922": [0, 1], "car_921": [6, 4], "car_920": [4, 5], "car_927": [0, 1], "car_926": [6, 4], "car_925": [3, 5], "car_924": [1, 2], "car_2317": [6, 7], "car_929": [5, 0], "car_928": [2, 0], "car_2316": [4, 6], "car_2766": [3, 4], "car_2748": [4, 1], "car_1149": [4, 2], "car_1148": [3, 7], "car_1419": [6, 5], "car_1418": [4, 2], "car_2760": [1, 4], "car_2749": [6, 3], "car_1143": [3, 4], "car_1142": [1, 5], "car_1141": [7, 4], "car_1140": [0, 4], "car_1147": [1, 5], "car_1146": [7, 4], "car_1145": [5, 6], "car_1144": [6, 0], "car_1099": [5, 6], "car_1098": [2, 4], "car_1091": [0, 1], "car_1090": [6, 0], "car_1093": [7, 0], "car_1092": [2, 6], "car_1095": [4, 7], "car_1094": [3, 6], "car_1097": [0, 4], "car_1096": [6, 0], "car_2818": [1, 2], "car_2819": [3, 6], "car_2548": [0, 5], "car_2549": [2, 4], "car_3361": [6, 3], "car_3360": [3, 2], "car_3363": [5, 4], "car_3362": [2, 3], "car_2542": [6, 2], "car_2543": [0, 3], "car_2540": [3, 0], "car_2541": [4, 3], "car_2546": [1, 6], "car_2547": [4, 2], "car_2521": [4, 0], "car_2545": [5, 4], "car_1701": [3, 0], "car_1700": [1, 6], "car_1703": [0, 6], "car_1702": [6, 2], "car_1705": [5, 0], "car_1704": [2, 7], "car_1707": [3, 4], "car_1706": [1, 4], "car_1709": [0, 1], "car_1708": [4, 5], "car_2522": [6, 4], "car_2523": [2, 5], "car_589": [3, 2], "car_588": [1, 5], "car_859": [2, 0], "car_858": [0, 7], "car_2384": [2, 4], "car_2385": [5, 4], "car_1695": [3, 4], "car_2387": [1, 5], "car_581": [0, 1], "car_580": [4, 1], "car_583": [1, 7], "car_850": [4, 2], "car_585": [4, 0], "car_584": [3, 0], "car_587": [2, 1], "car_586": [6, 7], "car_2002": [1, 0], "car_2148": [5, 4], "car_2149": [1, 0], "car_2146": [0, 2], "car_2147": [2, 7], "car_2144": [1, 4], "car_2145": [3, 7], "car_2142": [5, 3], "car_2143": [7, 1], "car_2140": [6, 4], "car_2141": [2, 5], "car_2985": [6, 5], "car_3149": [6, 4], "car_3148": [4, 0], "car_3145": [7, 2], "car_3144": [5, 6], "car_3147": [3, 1], "car_3146": [1, 2], "car_2779": [6, 7], "car_3140": [1, 7], "car_3143": [6, 5], "car_3142": [4, 3], "car_457": [5, 1], "car_456": [2, 0], "car_455": [0, 7], "car_454": [4, 6], "car_453": [3, 1], "car_452": [7, 6], "car_451": [5, 7], "car_450": [2, 7], "car_1878": [5, 6], "car_459": [3, 1], "car_458": [1, 6], "car_1877": [2, 7], "car_1876": [6, 7], "car_2778": [4, 3], "car_2993": [2, 5], "car_1875": [4, 7], "car_1874": [3, 6], "car_1873": [1, 2], "car_1872": [7, 0], "car_738": [5, 4], "car_739": [1, 6], "car_1871": [5, 3], "car_733": [3, 7], "car_732": [1, 0], "car_32": [7, 4], "car_730": [5, 2], "car_731": [7, 3], "car_736": [0, 3], "car_737": [2, 3], "car_734": [4, 5], "car_735": [6, 2], "car_3031": [7, 3], "car_1976": [7, 0], "car_3033": [3, 6], "car_3032": [1, 7], "car_3035": [2, 7], "car_3034": [6, 3], "car_3037": [3, 4], "car_1977": [1, 6], "car_3039": [6, 2], "car_3038": [4, 0], "car_3348": [5, 7], "car_1698": [2, 6], "car_3345": [3, 7], "car_3344": [1, 0], "car_3030": [5, 0], "car_38": [1, 4], "car_39": [3, 4], "car_2564": [4, 2], "car_2565": [6, 0], "car_3036": [7, 0], "car_2566": [0, 1], "car_2295": [3, 5], "car_1978": [3, 0], "car_2560": [0, 2], "car_1979": [6, 7], "car_2561": [5, 7], "car_2562": [7, 2], "car_2563": [3, 2], "car_2443": [4, 5], "car_2442": [1, 0], "car_3351": [4, 1], "car_2441": [7, 0], "car_112": [7, 4], "car_113": [3, 1], "car_110": [0, 2], "car_111": [2, 3], "car_116": [7, 6], "car_117": [1, 2], "car_114": [6, 2], "car_115": [2, 7], "car_2447": [4, 7], "car_118": [3, 1], "car_119": [4, 1], "car_2446": [7, 1], "car_2445": [2, 1], "car_2299": [2, 5], "car_2533": [5, 4], "car_2453": [6, 0], "car_2454": [0, 6], "car_1950": [0, 2], "car_1951": [5, 6], "car_1952": [7, 6], "car_1953": [1, 0], "car_1954": [4, 6], "car_1955": [6, 7], "car_208": [6, 7], "car_209": [0, 6], "car_206": [3, 0], "car_207": [4, 2], "car_204": [7, 5], "car_205": [1, 4], "car_202": [2, 1], "car_203": [5, 4], "car_200": [4, 0], "car_201": [6, 0], "car_2605": [5, 3], "car_2604": [2, 6], "car_2607": [3, 2], "car_2606": [1, 4], "car_1558": [5, 3], "car_1559": [4, 1], "car_2603": [0, 2], "car_2602": [6, 1], "car_1554": [3, 2], "car_1555": [4, 5], "car_1556": [6, 0], "car_1557": [0, 6], "car_1550": [0, 5], "car_1551": [5, 4], "car_1552": [7, 6], "car_1553": [1, 3], "car_1398": [6, 0], "car_1399": [2, 3], "car_1392": [6, 1], "car_1393": [0, 3], "car_1390": [3, 4], "car_1391": [4, 3], "car_1396": [1, 3], "car_1397": [4, 1], "car_1394": [2, 3], "car_1395": [5, 6], "car_2598": [7, 4], "car_930": [1, 5], "car_931": [3, 7], "car_932": [4, 5], "car_933": [6, 2], "car_934": [7, 3], "car_935": [1, 7], "car_936": [4, 0], "car_937": [6, 7], "car_938": [0, 6], "car_939": [2, 5], "car_2773": [1, 2], "car_2772": [7, 1], "car_2775": [6, 7], "car_2774": [3, 5], "car_2777": [5, 2], "car_2776": [0, 4], "car_6": [4, 5], "car_7": [6, 0], "car_4": [7, 4], "car_5": [3, 6], "car_2": [4, 1], "car_3": [5, 0], "car_1178": [1, 7], "car_1": [1, 3], "car_1176": [6, 1], "car_1177": [5, 1], "car_1174": [3, 4], "car_1175": [4, 2], "car_1172": [5, 6], "car_1173": [7, 4], "car_8": [0, 4], "car_9": [2, 7], "car_2809": [5, 6], "car_2808": [2, 0], "car_2559": [6, 4], "car_2558": [3, 1], "car_2555": [2, 6], "car_2554": [0, 3], "car_2557": [7, 0], "car_2556": [5, 3], "car_2551": [1, 4], "car_2550": [7, 0], "car_2553": [6, 0], "car_2552": [4, 1], "car_1774": [5, 0], "car_1775": [7, 1], "car_1776": [1, 5], "car_1777": [3, 0], "car_1770": [7, 4], "car_1771": [3, 5], "car_1772": [6, 7], "car_1773": [2, 7], "car_1778": [4, 1], "car_1779": [7, 2], "car_98": [4, 1], "car_99": [6, 4], "car_90": [3, 0], "car_91": [4, 3], "car_92": [6, 5], "car_93": [0, 6], "car_94": [2, 5], "car_95": [7, 6], "car_96": [1, 0], "car_97": [3, 1], "car_596": [0, 5], "car_597": [2, 0], "car_594": [7, 0], "car_595": [3, 2], "car_592": [0, 1], "car_593": [5, 7], "car_590": [4, 1], "car_591": [6, 1], "car_598": [7, 0], "car_599": [1, 5], "car_848": [7, 6], "car_849": [3, 7], "car_2391": [4, 5], "car_2390": [0, 6], "car_2397": [4, 7], "car_2396": [1, 2], "car_2395": [7, 5], "car_2394": [5, 1], "car_840": [7, 0], "car_841": [1, 3], "car_842": [3, 6], "car_843": [4, 1], "car_844": [6, 5], "car_845": [0, 6], "car_846": [2, 0], "car_847": [5, 7], "car_1608": [1, 7], "car_1609": [3, 5], "car_2153": [2, 5], "car_2152": [0, 6], "car_2155": [7, 5], "car_2154": [5, 0], "car_2157": [4, 2], "car_2156": [1, 2], "car_1600": [0, 3], "car_1601": [2, 1], "car_1602": [5, 0], "car_1603": [7, 0], "car_1604": [4, 2], "car_1605": [6, 1], "car_1606": [5, 0], "car_1607": [7, 2], "car_2369": [1, 6], "car_2362": [5, 7], "car_2363": [7, 5], "car_444": [6, 5], "car_445": [2, 1], "car_446": [5, 1], "car_447": [3, 2], "car_440": [0, 1], "car_441": [1, 0], "car_442": [3, 4], "car_443": [4, 0], "car_448": [6, 4], "car_449": [0, 4], "car_2717": [6, 7], "car_2716": [4, 0], "car_3210": [6, 2], "car_2715": [3, 0], "car_2201": [4, 5], "car_2714": [1, 6], "car_2200": [7, 3], "car_2713": [5, 4], "car_2712": [2, 0], "car_2711": [0, 5], "car_2710": [4, 0], "car_3044": [3, 7], "car_3045": [4, 7], "car_3046": [6, 5], "car_3047": [5, 1], "car_3040": [0, 4], "car_3041": [5, 4], "car_3042": [7, 5], "car_3043": [1, 5], "car_3048": [1, 0], "car_3049": [5, 7], "car_2209": [0, 6], "car_2208": [6, 3], "car_2324": [2, 7], "car_695": [1, 5], "car_694": [7, 5], "car_697": [4, 1], "car_696": [3, 5], "car_691": [0, 7], "car_690": [6, 5], "car_693": [5, 2], "car_692": [2, 3], "car_699": [0, 6], "car_698": [6, 0], "car_2399": [2, 3], "car_1943": [1, 7], "car_1942": [7, 4], "car_279": [2, 0], "car_278": [0, 2], "car_1947": [5, 6], "car_1946": [2, 5], "car_1945": [6, 2], "car_1944": [3, 5], "car_273": [5, 2], "car_272": [2, 4], "car_271": [0, 2], "car_270": [1, 0], "car_277": [6, 3], "car_276": [4, 1], "car_275": [3, 4], "car_274": [7, 4], "car_2946": [0, 6], "car_1925": [0, 3], "car_2944": [5, 3], "car_2945": [1, 2], "car_2942": [6, 7], "car_2943": [0, 7], "car_1549": [6, 4], "car_1548": [4, 3], "car_1547": [3, 2], "car_1546": [7, 1], "car_1545": [5, 3], "car_1544": [2, 6], "car_1543": [0, 5], "car_1542": [6, 0], "car_1541": [3, 6], "car_1540": [1, 2], "car_1389": [1, 3], "car_1388": [5, 4], "car_1385": [1, 7], "car_1384": [7, 5], "car_1387": [2, 1], "car_1386": [3, 4], "car_1381": [4, 5], "car_1380": [0, 1], "car_1383": [2, 7], "car_1382": [0, 7], "car_307": [4, 2], "car_306": [3, 6], "car_305": [7, 5], "car_304": [5, 3], "car_303": [2, 1], "car_302": [6, 1], "car_301": [4, 6], "car_300": [3, 5], "car_804": [3, 1], "car_309": [0, 6], "car_308": [6, 2], "car_909": [0, 4], "car_908": [6, 7], "car_905": [7, 3], "car_904": [5, 4], "car_907": [4, 7], "car_906": [3, 0], "car_901": [3, 2], "car_900": [7, 6], "car_903": [2, 3], "car_902": [0, 2], "car_1161": [3, 4], "car_1160": [7, 5], "car_1163": [6, 2], "car_1162": [4, 7], "car_1165": [2, 0], "car_1164": [0, 4], "car_1167": [7, 1], "car_1166": [5, 3], "car_1169": [4, 3], "car_1168": [1, 3], "car_2432": [4, 3], "car_2433": [6, 3], "car_2430": [1, 2], "car_2322": [6, 7], "car_2431": [3, 7], "car_2838": [7, 2], "car_2839": [1, 2], "car_2836": [2, 5], "car_2436": [1, 6], "car_2834": [3, 4], "car_2835": [4, 3], "car_2832": [7, 3], "car_2833": [1, 2], "car_2830": [2, 1], "car_2437": [4, 2], "car_2010": [4, 7], "car_2011": [6, 5], "car_2012": [2, 7], "car_2013": [7, 0], "car_2014": [1, 0], "car_2015": [3, 7], "car_2016": [4, 7], "car_2017": [6, 5], "car_2018": [0, 1], "car_2019": [2, 0], "car_2435": [5, 0], "car_87": [5, 2], "car_86": [2, 1], "car_85": [0, 4], "car_84": [4, 2], "car_83": [3, 0], "car_82": [7, 2], "car_81": [5, 6], "car_80": [2, 6], "car_3249": [5, 4], "car_2001": [7, 0], "car_89": [1, 7], "car_88": [7, 5], "car_2000": [5, 6], "car_2498": [6, 3], "car_2499": [0, 7], "car_2494": [4, 1], "car_2495": [0, 6], "car_2496": [3, 5], "car_2497": [4, 0], "car_2490": [0, 4], "car_2491": [5, 6], "car_2492": [7, 6], "car_2493": [1, 7], "car_875": [4, 2], "car_874": [3, 5], "car_877": [0, 3], "car_876": [6, 3], "car_871": [2, 7], "car_870": [0, 4], "car_873": [1, 0], "car_872": [5, 4], "car_3228": [7, 2], "car_3242": [4, 1], "car_1694": [5, 0], "car_879": [5, 7], "car_878": [2, 1], "car_3243": [6, 5], "car_1752": [4, 2], "car_1753": [6, 0], "car_1699": [7, 1], "car_2124": [7, 5], "car_2125": [3, 7], "car_1619": [0, 5], "car_1618": [6, 3], "car_2120": [4, 0], "car_2121": [0, 1], "car_2122": [2, 5], "car_2123": [5, 3], "car_1613": [2, 7], "car_1612": [0, 6], "car_1611": [6, 0], "car_1610": [4, 3], "car_1617": [3, 7], "car_1616": [1, 6], "car_1615": [7, 5], "car_1614": [5, 7], "car_1754": [0, 7], "car_1755": [5, 1], "car_2767": [4, 3], "car_2323": [0, 1], "car_471": [4, 0], "car_470": [1, 3], "car_473": [0, 6], "car_472": [6, 5], "car_475": [7, 0], "car_474": [5, 7], "car_477": [3, 1], "car_476": [1, 3], "car_479": [0, 3], "car_478": [4, 7], "car_2232": [2, 4], "car_2233": [5, 7], "car_2234": [7, 0], "car_2235": [1, 7], "car_2236": [3, 2], "car_2237": [0, 2], "car_2769": [0, 4], "car_2765": [1, 6], "car_2038": [6, 5], "car_2709": [3, 6], "car_3229": [1, 6], "car_3057": [0, 5], "car_3056": [3, 6], "car_2762": [4, 5], "car_3054": [7, 3], "car_3053": [6, 7], "car_3052": [4, 1], "car_3051": [3, 5], "car_3050": [7, 1], "car_3059": [5, 0], "car_3058": [2, 7], "car_3303": [0, 6], "car_2039": [0, 5], "car_2763": [6, 2], "car_1819": [7, 2], "car_1818": [5, 0], "car_2386": [7, 1], "car_682": [7, 6], "car_683": [4, 6], "car_680": [6, 1], "car_681": [0, 3], "car_686": [2, 4], "car_687": [1, 2], "car_684": [6, 0], "car_685": [0, 1], "car_688": [3, 6], "car_689": [4, 2], "car_2481": [0, 1], "car_2761": [3, 4], "car_3282": [6, 4], "car_3283": [0, 2], "car_1815": [3, 1], "car_3280": [1, 7], "car_1814": [1, 3], "car_3281": [4, 6], "car_3286": [7, 1], "car_2388": [4, 0], "car_3287": [1, 0], "car_3284": [2, 6], "car_3285": [5, 7], "car_2389": [6, 2], "car_3288": [3, 4], "car_3289": [0, 7], "car_1670": [0, 5], "car_1956": [0, 7], "car_3302": [6, 7], "car_1957": [5, 0], "car_3324": [2, 5], "car_1958": [7, 4], "car_1959": [3, 7], "car_2003": [3, 4], "car_268": [5, 2], "car_269": [7, 6], "car_1974": [2, 5], "car_1975": [5, 2], "car_1972": [6, 5], "car_1973": [0, 4], "car_1970": [5, 7], "car_1971": [7, 2], "car_260": [5, 4], "car_261": [7, 1], "car_262": [1, 4], "car_263": [3, 5], "car_264": [4, 6], "car_265": [6, 7], "car_266": [0, 5], "car_267": [2, 7], "car_1572": [4, 5], "car_1573": [6, 0], "car_1570": [5, 7], "car_1571": [3, 1], "car_1576": [5, 6], "car_1577": [3, 1], "car_1574": [0, 6], "car_1575": [2, 3], "car_1578": [4, 5], "car_1579": [0, 6], "car_2971": [4, 6], "car_1370": [5, 7], "car_1371": [3, 2], "car_1372": [4, 7], "car_1373": [6, 0], "car_1374": [0, 3], "car_1375": [2, 4], "car_1376": [7, 1], "car_1377": [1, 7], "car_1378": [4, 7], "car_1379": [6, 4], "car_3014": [4, 7], "car_3254": [6, 0], "car_2600": [3, 6], "car_2975": [1, 0], "car_2974": [7, 2], "car_314": [6, 0], "car_315": [0, 1], "car_316": [5, 7], "car_317": [7, 1], "car_310": [2, 1], "car_311": [5, 1], "car_312": [3, 4], "car_313": [4, 2], "car_318": [1, 7], "car_319": [3, 0], "car_918": [1, 2], "car_919": [3, 7], "car_2719": [7, 3], "car_2718": [5, 0], "car_912": [7, 4], "car_913": [4, 5], "car_910": [2, 3], "car_911": [5, 6], "car_916": [2, 7], "car_917": [7, 5], "car_914": [6, 5], "car_915": [0, 7], "car_1114": [3, 4], "car_1115": [0, 5], "car_1116": [2, 1], "car_1117": [7, 3], "car_1110": [2, 3], "car_1111": [5, 7], "car_1112": [7, 0], "car_1113": [1, 6], "car_1118": [1, 5], "car_1119": [3, 2], "car_1284": [1, 3], "car_1285": [3, 5], "car_1286": [0, 1], "car_1287": [2, 4], "car_1280": [0, 3], "car_1281": [2, 4], "car_1282": [5, 1], "car_1283": [7, 0], "car_2130": [7, 0], "car_1288": [5, 7], "car_1289": [7, 0], "car_2959": [5, 3], "car_2958": [6, 5], "car_2951": [4, 0], "car_2950": [1, 5], "car_2953": [2, 7], "car_2952": [0, 4], "car_2955": [1, 6], "car_2954": [5, 7], "car_2957": [4, 0], "car_2956": [3, 5], "car_2821": [2, 1], "car_2820": [4, 7], "car_1744": [0, 6], "car_2822": [5, 4], "car_2825": [5, 4], "car_2824": [4, 2], "car_2827": [1, 4], "car_2826": [7, 6], "car_2829": [0, 7], "car_2828": [3, 7], "car_1028": [3, 2], "car_1029": [4, 0], "car_1758": [4, 3], "car_1759": [6, 1], "car_2007": [7, 5], "car_2006": [5, 3], "car_2005": [6, 0], "car_2004": [4, 3], "car_1020": [4, 3], "car_1021": [6, 4], "car_1022": [2, 4], "car_1023": [1, 2], "car_1024": [6, 3], "car_1025": [0, 2], "car_1026": [7, 4], "car_1027": [1, 3], "car_1598": [3, 0], "car_1599": [4, 3], "car_1590": [3, 1], "car_1591": [4, 1], "car_1592": [6, 2], "car_1593": [0, 6], "car_1594": [2, 0], "car_1595": [5, 2], "car_1596": [7, 5], "car_1597": [1, 0], "car_2489": [6, 0], "car_2488": [4, 5], "car_2487": [0, 2], "car_2486": [6, 5], "car_2485": [4, 1], "car_2484": [1, 5], "car_2483": [7, 2], "car_2482": [2, 5], "car_1746": [5, 1], "car_2480": [4, 5], "car_862": [1, 0], "car_863": [3, 6], "car_860": [5, 7], "car_861": [7, 1], "car_866": [5, 1], "car_867": [1, 3], "car_864": [4, 6], "car_865": [0, 1], "car_868": [4, 6], "car_869": [6, 1], "car_1741": [7, 1], "car_2137": [1, 5], "car_2136": [7, 1], "car_2135": [2, 4], "car_2134": [6, 3], "car_2133": [4, 6], "car_2132": [3, 5], "car_1628": [3, 1], "car_1629": [4, 3], "car_1626": [5, 0], "car_1627": [7, 0], "car_1624": [0, 7], "car_1625": [2, 1], "car_1622": [7, 5], "car_1623": [1, 0], "car_1620": [2, 1], "car_1621": [5, 3], "car_1740": [5, 2]}