<routes>

	<vType id="car5" accel="100.0" decel="100.0" sigma="0.0" length="5" minGap="5.000000" maxSpeed="11.180000" tau="0.100000" carFollowModel="CACC" color="255,255,255"/>
	<vType id="car6" accel="100.0" decel="100.0" sigma="0.0" length="6" minGap="5.000000" maxSpeed="11.180000" tau="0.100000" carFollowModel="CACC" color="255,255,255"/>
	<vType id="car7" accel="100.0" decel="100.0" sigma="0.0" length="7" minGap="5.000000" maxSpeed="11.180000" tau="0.100000" carFollowModel="CACC" color="255,255,255"/>
	<vType id="car8" accel="100.0" decel="100.0" sigma="0.0" length="8" minGap="5.000000" maxSpeed="11.180000" tau="0.100000" carFollowModel="CACC" color="255,255,255"/>
	<vType id="car9" accel="100.0" decel="100.0" sigma="0.0" length="9" minGap="5.000000" maxSpeed="11.180000" tau="0.100000" carFollowModel="CACC" color="255,255,255"/>

	<route id="0" edges=" 001_001_1"/>
	<route id="2" edges=" 001_002_2"/>
	<route id="5" edges=" 002_001_3"/>
	<route id="7" edges=" 001_001_4"/>
	<route id="1" edges=" 001_002_1"/>
	<route id="3" edges=" 002_002_2"/>
	<route id="4" edges=" 002_002_3"/>
	<route id="6" edges=" 002_001_4"/>

	<vehicle id="car_0" type="car7" route="1" depart="0" departLane = "2" departSpeed="11.180000"/>
	<vehicle id="car_1" type="car8" route="4" depart="2" departLane = "2" departSpeed="11.180000"/>
	<vehicle id="car_2" type="car9" route="0" depart="3" departLane = "2" departSpeed="11.180000"/>
	<vehicle id="car_3" type="car5" route="3" depart="4" departLane = "1" departSpeed="11.180000"/>
	<vehicle id="car_4" type="car6" route="3" depart="6" departLane = "2" departSpeed="11.180000"/>
	<vehicle id="car_5" type="car8" route="5" depart="7" departLane = "2" departSpeed="11.180000"/>
	<vehicle id="car_6" type="car6" route="3" depart="7" departLane = "2" departSpeed="11.180000"/>
	<vehicle id="car_7" type="car5" route="2" depart="9" departLane = "0" departSpeed="11.180000"/>
	<vehicle id="car_8" type="car9" route="1" depart="9" departLane = "1" departSpeed="11.180000"/>
	<vehicle id="car_9" type="car5" route="3" depart="9" departLane = "2" departSpeed="11.180000"/>
	<vehicle id="car_10" type="car7" route="4" depart="9" departLane = "0" departSpeed="11.180000"/>
	<vehicle id="car_11" type="car7" route="6" depart="10" departLane = "0" departSpeed="11.180000"/>
	<vehicle id="car_12" type="car6" route="5" depart="11" departLane = "0" departSpeed="11.180000"/>
	<vehicle id="car_13" type="car9" route="4" depart="11" departLane = "1" departSpeed="11.180000"/>
	<vehicle id="car_14" type="car6" route="3" depart="12" departLane = "2" departSpeed="11.180000"/>
	<vehicle id="car_15" type="car9" route="5" depart="14" departLane = "2" departSpeed="11.180000"/>
	<vehicle id="car_16" type="car5" route="6" depart="14" departLane = "1" departSpeed="11.180000"/>
	<vehicle id="car_17" type="car9" route="7" depart="15" departLane = "0" departSpeed="11.180000"/>
	<vehicle id="car_18" type="car5" route="0" depart="17" departLane = "1" departSpeed="11.180000"/>
	<vehicle id="car_19" type="car9" route="6" depart="17" departLane = "2" departSpeed="11.180000"/>
	<vehicle id="car_20" type="car5" route="6" depart="18" departLane = "1" departSpeed="11.180000"/>
	<vehicle id="car_21" type="car9" route="1" depart="19" departLane = "0" departSpeed="11.180000"/>
	<vehicle id="car_22" type="car6" route="2" depart="21" departLane = "1" departSpeed="11.180000"/>
	<vehicle id="car_23" type="car6" route="1" depart="21" departLane = "2" departSpeed="11.180000"/>
	<vehicle id="car_24" type="car5" route="0" depart="24" departLane = "2" departSpeed="11.180000"/>
	<vehicle id="car_25" type="car7" route="4" depart="24" departLane = "2" departSpeed="11.180000"/>
	<vehicle id="car_26" type="car5" route="5" depart="25" departLane = "2" departSpeed="11.180000"/>
	<vehicle id="car_27" type="car5" route="1" depart="29" departLane = "1" departSpeed="11.180000"/>
	<vehicle id="car_28" type="car9" route="5" depart="30" departLane = "2" departSpeed="11.180000"/>
	<vehicle id="car_29" type="car6" route="3" depart="30" departLane = "0" departSpeed="11.180000"/>
	<vehicle id="car_30" type="car5" route="1" depart="32" departLane = "0" departSpeed="11.180000"/>
	<vehicle id="car_31" type="car9" route="3" depart="32" departLane = "0" departSpeed="11.180000"/>
	<vehicle id="car_32" type="car5" route="1" depart="34" departLane = "2" departSpeed="11.180000"/>
	<vehicle id="car_33" type="car9" route="7" depart="35" departLane = "0" departSpeed="11.180000"/>
	<vehicle id="car_34" type="car8" route="1" depart="38" departLane = "0" departSpeed="11.180000"/>
	<vehicle id="car_35" type="car8" route="1" depart="40" departLane = "1" departSpeed="11.180000"/>
	<vehicle id="car_36" type="car8" route="0" depart="41" departLane = "2" departSpeed="11.180000"/>
	<vehicle id="car_37" type="car9" route="3" depart="41" departLane = "1" departSpeed="11.180000"/>
	<vehicle id="car_38" type="car8" route="4" depart="41" departLane = "0" departSpeed="11.180000"/>
	<vehicle id="car_39" type="car7" route="6" depart="42" departLane = "2" departSpeed="11.180000"/>
	<vehicle id="car_40" type="car9" route="3" depart="43" departLane = "2" departSpeed="11.180000"/>
	<vehicle id="car_41" type="car6" route="4" depart="44" departLane = "0" departSpeed="11.180000"/>
	<vehicle id="car_42" type="car9" route="2" depart="45" departLane = "0" departSpeed="11.180000"/>
	<vehicle id="car_43" type="car9" route="1" depart="47" departLane = "0" departSpeed="11.180000"/>
	<vehicle id="car_44" type="car8" route="3" depart="47" departLane = "0" departSpeed="11.180000"/>
	<vehicle id="car_45" type="car6" route="4" depart="47" departLane = "0" departSpeed="11.180000"/>
	<vehicle id="car_46" type="car9" route="0" depart="49" departLane = "2" departSpeed="11.180000"/>
	<vehicle id="car_47" type="car5" route="1" depart="50" departLane = "0" departSpeed="11.180000"/>
	<vehicle id="car_48" type="car5" route="6" depart="51" departLane = "2" departSpeed="11.180000"/>
	<vehicle id="car_49" type="car6" route="5" depart="52" departLane = "2" departSpeed="11.180000"/>
	<vehicle id="car_50" type="car8" route="2" depart="53" departLane = "2" departSpeed="11.180000"/>
	<vehicle id="car_51" type="car7" route="4" depart="54" departLane = "2" departSpeed="11.180000"/>
	<vehicle id="car_52" type="car5" route="6" depart="54" departLane = "0" departSpeed="11.180000"/>
	<vehicle id="car_53" type="car9" route="6" depart="57" departLane = "2" departSpeed="11.180000"/>
	<vehicle id="car_54" type="car7" route="3" depart="58" departLane = "2" departSpeed="11.180000"/>
	<vehicle id="car_55" type="car7" route="3" depart="59" departLane = "2" departSpeed="11.180000"/>
	<vehicle id="car_56" type="car7" route="4" depart="59" departLane = "0" departSpeed="11.180000"/>
	<vehicle id="car_57" type="car5" route="0" depart="61" departLane = "0" departSpeed="11.180000"/>
	<vehicle id="car_58" type="car8" route="5" depart="61" departLane = "2" departSpeed="11.180000"/>
	<vehicle id="car_59" type="car7" route="3" depart="61" departLane = "0" departSpeed="11.180000"/>
	<vehicle id="car_60" type="car9" route="3" depart="62" departLane = "0" departSpeed="11.180000"/>
	<vehicle id="car_61" type="car9" route="7" depart="67" departLane = "0" departSpeed="11.180000"/>
	<vehicle id="car_62" type="car8" route="3" depart="67" departLane = "1" departSpeed="11.180000"/>
	<vehicle id="car_63" type="car8" route="3" depart="68" departLane = "0" departSpeed="11.180000"/>
	<vehicle id="car_64" type="car9" route="4" depart="68" departLane = "1" departSpeed="11.180000"/>
	<vehicle id="car_65" type="car6" route="1" depart="69" departLane = "2" departSpeed="11.180000"/>
	<vehicle id="car_66" type="car6" route="5" depart="70" departLane = "0" departSpeed="11.180000"/>
	<vehicle id="car_67" type="car9" route="1" depart="73" departLane = "1" departSpeed="11.180000"/>
	<vehicle id="car_68" type="car8" route="6" depart="74" departLane = "2" departSpeed="11.180000"/>
	<vehicle id="car_69" type="car9" route="5" depart="78" departLane = "2" departSpeed="11.180000"/>
	<vehicle id="car_70" type="car9" route="7" depart="78" departLane = "2" departSpeed="11.180000"/>
	<vehicle id="car_71" type="car5" route="0" depart="79" departLane = "1" departSpeed="11.180000"/>
	<vehicle id="car_72" type="car8" route="1" depart="79" departLane = "0" departSpeed="11.180000"/>
	<vehicle id="car_73" type="car7" route="0" depart="80" departLane = "1" departSpeed="11.180000"/>
	<vehicle id="car_74" type="car9" route="0" depart="81" departLane = "1" departSpeed="11.180000"/>
	<vehicle id="car_75" type="car9" route="6" depart="81" departLane = "1" departSpeed="11.180000"/>
	<vehicle id="car_76" type="car6" route="2" depart="84" departLane = "1" departSpeed="11.180000"/>
	<vehicle id="car_77" type="car6" route="2" depart="86" departLane = "0" departSpeed="11.180000"/>
	<vehicle id="car_78" type="car7" route="5" depart="86" departLane = "0" departSpeed="11.180000"/>
	<vehicle id="car_79" type="car6" route="2" depart="87" departLane = "1" departSpeed="11.180000"/>
	<vehicle id="car_80" type="car6" route="1" depart="88" departLane = "2" departSpeed="11.180000"/>
	<vehicle id="car_81" type="car6" route="7" depart="91" departLane = "1" departSpeed="11.180000"/>
	<vehicle id="car_82" type="car8" route="1" depart="93" departLane = "0" departSpeed="11.180000"/>
	<vehicle id="car_83" type="car7" route="6" depart="93" departLane = "0" departSpeed="11.180000"/>
	<vehicle id="car_84" type="car8" route="0" depart="94" departLane = "1" departSpeed="11.180000"/>
	<vehicle id="car_85" type="car8" route="1" depart="96" departLane = "2" departSpeed="11.180000"/>
	<vehicle id="car_86" type="car7" route="2" depart="97" departLane = "1" departSpeed="11.180000"/>
	<vehicle id="car_87" type="car5" route="7" depart="97" departLane = "1" departSpeed="11.180000"/>
	<vehicle id="car_88" type="car6" route="6" depart="98" departLane = "0" departSpeed="11.180000"/>
	<vehicle id="car_89" type="car8" route="0" depart="99" departLane = "1" departSpeed="11.180000"/>
	<vehicle id="car_90" type="car9" route="7" depart="99" departLane = "0" departSpeed="11.180000"/>
	<vehicle id="car_91" type="car7" route="4" depart="106" departLane = "1" departSpeed="11.180000"/>
	<vehicle id="car_92" type="car5" route="2" depart="110" departLane = "1" departSpeed="11.180000"/>
	<vehicle id="car_93" type="car7" route="5" depart="111" departLane = "0" departSpeed="11.180000"/>
	<vehicle id="car_94" type="car8" route="6" depart="111" departLane = "2" departSpeed="11.180000"/>
	<vehicle id="car_95" type="car7" route="7" depart="112" departLane = "2" departSpeed="11.180000"/>
	<vehicle id="car_96" type="car5" route="6" depart="113" departLane = "2" departSpeed="11.180000"/>
	<vehicle id="car_97" type="car7" route="3" depart="114" departLane = "2" departSpeed="11.180000"/>
	<vehicle id="car_98" type="car7" route="6" depart="114" departLane = "1" departSpeed="11.180000"/>
	<vehicle id="car_99" type="car7" route="7" depart="118" departLane = "0" departSpeed="11.180000"/>
	<vehicle id="car_100" type="car6" route="7" depart="120" departLane = "1" departSpeed="11.180000"/>
	<vehicle id="car_101" type="car7" route="6" depart="120" departLane = "1" departSpeed="11.180000"/>
	<vehicle id="car_102" type="car5" route="6" depart="122" departLane = "1" departSpeed="11.180000"/>
	<vehicle id="car_103" type="car7" route="7" depart="124" departLane = "0" departSpeed="11.180000"/>
	<vehicle id="car_104" type="car6" route="6" depart="127" departLane = "2" departSpeed="11.180000"/>
	<vehicle id="car_105" type="car6" route="5" depart="128" departLane = "1" departSpeed="11.180000"/>
	<vehicle id="car_106" type="car6" route="3" depart="131" departLane = "2" departSpeed="11.180000"/>
	<vehicle id="car_107" type="car5" route="1" depart="132" departLane = "0" departSpeed="11.180000"/>
	<vehicle id="car_108" type="car8" route="3" depart="132" departLane = "0" departSpeed="11.180000"/>
	<vehicle id="car_109" type="car9" route="4" depart="132" departLane = "1" departSpeed="11.180000"/>
	<vehicle id="car_110" type="car6" route="7" depart="134" departLane = "2" departSpeed="11.180000"/>
	<vehicle id="car_111" type="car5" route="6" depart="134" departLane = "2" departSpeed="11.180000"/>
	<vehicle id="car_112" type="car6" route="0" depart="138" departLane = "2" departSpeed="11.180000"/>
	<vehicle id="car_113" type="car6" route="2" depart="138" departLane = "1" departSpeed="11.180000"/>
	<vehicle id="car_114" type="car8" route="2" depart="144" departLane = "0" departSpeed="11.180000"/>
	<vehicle id="car_115" type="car5" route="5" depart="145" departLane = "0" departSpeed="11.180000"/>
	<vehicle id="car_116" type="car7" route="2" depart="146" departLane = "1" departSpeed="11.180000"/>
	<vehicle id="car_117" type="car9" route="1" depart="148" departLane = "1" departSpeed="11.180000"/>
	<vehicle id="car_118" type="car8" route="5" depart="149" departLane = "2" departSpeed="11.180000"/>
	<vehicle id="car_119" type="car9" route="2" depart="153" departLane = "0" departSpeed="11.180000"/>
	<vehicle id="car_120" type="car6" route="5" depart="153" departLane = "1" departSpeed="11.180000"/>
	<vehicle id="car_121" type="car7" route="0" depart="155" departLane = "2" departSpeed="11.180000"/>
	<vehicle id="car_122" type="car7" route="4" depart="156" departLane = "1" departSpeed="11.180000"/>
	<vehicle id="car_123" type="car6" route="0" depart="159" departLane = "0" departSpeed="11.180000"/>
	<vehicle id="car_124" type="car7" route="5" depart="160" departLane = "1" departSpeed="11.180000"/>
	<vehicle id="car_125" type="car8" route="7" depart="160" departLane = "0" departSpeed="11.180000"/>
	<vehicle id="car_126" type="car5" route="6" depart="162" departLane = "2" departSpeed="11.180000"/>
	<vehicle id="car_127" type="car7" route="0" depart="164" departLane = "1" departSpeed="11.180000"/>
	<vehicle id="car_128" type="car5" route="7" depart="165" departLane = "2" departSpeed="11.180000"/>
	<vehicle id="car_129" type="car5" route="6" depart="166" departLane = "0" departSpeed="11.180000"/>
	<vehicle id="car_130" type="car5" route="3" depart="168" departLane = "0" departSpeed="11.180000"/>
	<vehicle id="car_131" type="car5" route="4" depart="168" departLane = "1" departSpeed="11.180000"/>
	<vehicle id="car_132" type="car9" route="6" depart="168" departLane = "0" departSpeed="11.180000"/>
	<vehicle id="car_133" type="car9" route="0" depart="169" departLane = "1" departSpeed="11.180000"/>
	<vehicle id="car_134" type="car8" route="2" depart="171" departLane = "1" departSpeed="11.180000"/>
	<vehicle id="car_135" type="car6" route="3" depart="172" departLane = "1" departSpeed="11.180000"/>
	<vehicle id="car_136" type="car5" route="3" depart="173" departLane = "0" departSpeed="11.180000"/>
	<vehicle id="car_137" type="car9" route="2" depart="175" departLane = "0" departSpeed="11.180000"/>
	<vehicle id="car_138" type="car7" route="3" depart="178" departLane = "2" departSpeed="11.180000"/>
	<vehicle id="car_139" type="car6" route="4" depart="178" departLane = "2" departSpeed="11.180000"/>
	<vehicle id="car_140" type="car9" route="3" depart="179" departLane = "1" departSpeed="11.180000"/>
	<vehicle id="car_141" type="car9" route="5" depart="180" departLane = "1" departSpeed="11.180000"/>
	<vehicle id="car_142" type="car8" route="3" depart="180" departLane = "0" departSpeed="11.180000"/>
	<vehicle id="car_143" type="car7" route="0" depart="182" departLane = "1" departSpeed="11.180000"/>
	<vehicle id="car_144" type="car8" route="1" depart="182" departLane = "1" departSpeed="11.180000"/>
	<vehicle id="car_145" type="car8" route="6" depart="182" departLane = "2" departSpeed="11.180000"/>
	<vehicle id="car_146" type="car8" route="1" depart="183" departLane = "2" departSpeed="11.180000"/>
	<vehicle id="car_147" type="car8" route="3" depart="183" departLane = "1" departSpeed="11.180000"/>
	<vehicle id="car_148" type="car6" route="4" depart="183" departLane = "2" departSpeed="11.180000"/>
	<vehicle id="car_149" type="car8" route="1" depart="184" departLane = "0" departSpeed="11.180000"/>
	<vehicle id="car_150" type="car6" route="1" depart="185" departLane = "1" departSpeed="11.180000"/>
	<vehicle id="car_151" type="car9" route="7" depart="187" departLane = "1" departSpeed="11.180000"/>
	<vehicle id="car_152" type="car9" route="6" depart="187" departLane = "2" departSpeed="11.180000"/>
	<vehicle id="car_153" type="car8" route="0" depart="188" departLane = "0" departSpeed="11.180000"/>
	<vehicle id="car_154" type="car5" route="7" depart="190" departLane = "0" departSpeed="11.180000"/>
	<vehicle id="car_155" type="car6" route="4" depart="191" departLane = "1" departSpeed="11.180000"/>
	<vehicle id="car_156" type="car8" route="6" depart="191" departLane = "1" departSpeed="11.180000"/>
	<vehicle id="car_157" type="car8" route="4" depart="192" departLane = "0" departSpeed="11.180000"/>
	<vehicle id="car_158" type="car8" route="1" depart="194" departLane = "0" departSpeed="11.180000"/>
	<vehicle id="car_159" type="car6" route="2" depart="196" departLane = "2" departSpeed="11.180000"/>
	<vehicle id="car_160" type="car6" route="5" depart="197" departLane = "0" departSpeed="11.180000"/>
	<vehicle id="car_161" type="car6" route="5" depart="198" departLane = "2" departSpeed="11.180000"/>
	<vehicle id="car_162" type="car9" route="1" depart="199" departLane = "1" departSpeed="11.180000"/>
	<vehicle id="car_163" type="car9" route="3" depart="199" departLane = "0" departSpeed="11.180000"/>
	<vehicle id="car_164" type="car9" route="2" depart="202" departLane = "0" departSpeed="11.180000"/>
	<vehicle id="car_165" type="car6" route="7" depart="202" departLane = "1" departSpeed="11.180000"/>
	<vehicle id="car_166" type="car7" route="1" depart="202" departLane = "1" departSpeed="11.180000"/>
	<vehicle id="car_167" type="car8" route="7" depart="204" departLane = "1" departSpeed="11.180000"/>
	<vehicle id="car_168" type="car7" route="2" depart="205" departLane = "2" departSpeed="11.180000"/>
	<vehicle id="car_169" type="car6" route="2" depart="207" departLane = "0" departSpeed="11.180000"/>
	<vehicle id="car_170" type="car6" route="1" depart="207" departLane = "0" departSpeed="11.180000"/>
	<vehicle id="car_171" type="car7" route="6" depart="208" departLane = "1" departSpeed="11.180000"/>
	<vehicle id="car_172" type="car6" route="3" depart="209" departLane = "2" departSpeed="11.180000"/>
	<vehicle id="car_173" type="car7" route="0" depart="210" departLane = "1" departSpeed="11.180000"/>
	<vehicle id="car_174" type="car8" route="2" depart="213" departLane = "1" departSpeed="11.180000"/>
	<vehicle id="car_175" type="car8" route="6" depart="214" departLane = "2" departSpeed="11.180000"/>
	<vehicle id="car_176" type="car6" route="7" depart="216" departLane = "1" departSpeed="11.180000"/>
	<vehicle id="car_177" type="car6" route="5" depart="217" departLane = "2" departSpeed="11.180000"/>
	<vehicle id="car_178" type="car8" route="7" depart="217" departLane = "0" departSpeed="11.180000"/>
	<vehicle id="car_179" type="car7" route="3" depart="219" departLane = "2" departSpeed="11.180000"/>
	<vehicle id="car_180" type="car9" route="4" depart="219" departLane = "2" departSpeed="11.180000"/>
	<vehicle id="car_181" type="car5" route="4" depart="220" departLane = "1" departSpeed="11.180000"/>
	<vehicle id="car_182" type="car9" route="6" depart="220" departLane = "2" departSpeed="11.180000"/>
	<vehicle id="car_183" type="car6" route="0" depart="224" departLane = "2" departSpeed="11.180000"/>
	<vehicle id="car_184" type="car6" route="5" depart="225" departLane = "0" departSpeed="11.180000"/>
	<vehicle id="car_185" type="car9" route="1" depart="225" departLane = "0" departSpeed="11.180000"/>
	<vehicle id="car_186" type="car6" route="3" depart="225" departLane = "0" departSpeed="11.180000"/>
	<vehicle id="car_187" type="car8" route="4" depart="226" departLane = "1" departSpeed="11.180000"/>
	<vehicle id="car_188" type="car7" route="1" depart="227" departLane = "1" departSpeed="11.180000"/>
	<vehicle id="car_189" type="car7" route="6" depart="227" departLane = "1" departSpeed="11.180000"/>
	<vehicle id="car_190" type="car5" route="5" depart="229" departLane = "2" departSpeed="11.180000"/>
	<vehicle id="car_191" type="car8" route="6" depart="229" departLane = "0" departSpeed="11.180000"/>
	<vehicle id="car_192" type="car5" route="4" depart="230" departLane = "1" departSpeed="11.180000"/>
	<vehicle id="car_193" type="car7" route="4" depart="232" departLane = "1" departSpeed="11.180000"/>
	<vehicle id="car_194" type="car7" route="0" depart="234" departLane = "2" departSpeed="11.180000"/>
	<vehicle id="car_195" type="car7" route="0" depart="235" departLane = "1" departSpeed="11.180000"/>
	<vehicle id="car_196" type="car7" route="5" depart="235" departLane = "0" departSpeed="11.180000"/>
	<vehicle id="car_197" type="car5" route="2" depart="236" departLane = "0" departSpeed="11.180000"/>
	<vehicle id="car_198" type="car8" route="4" depart="236" departLane = "2" departSpeed="11.180000"/>
	<vehicle id="car_199" type="car7" route="6" depart="236" departLane = "0" departSpeed="11.180000"/>
	<vehicle id="car_200" type="car8" route="5" depart="238" departLane = "1" departSpeed="11.180000"/>
	<vehicle id="car_201" type="car5" route="7" depart="239" departLane = "1" departSpeed="11.180000"/>
	<vehicle id="car_202" type="car7" route="3" depart="239" departLane = "0" departSpeed="11.180000"/>
	<vehicle id="car_203" type="car8" route="0" depart="241" departLane = "1" departSpeed="11.180000"/>
	<vehicle id="car_204" type="car6" route="0" depart="242" departLane = "1" departSpeed="11.180000"/>
	<vehicle id="car_205" type="car5" route="1" depart="242" departLane = "2" departSpeed="11.180000"/>
	<vehicle id="car_206" type="car5" route="3" depart="244" departLane = "2" departSpeed="11.180000"/>
	<vehicle id="car_207" type="car8" route="0" depart="245" departLane = "1" departSpeed="11.180000"/>
	<vehicle id="car_208" type="car6" route="1" depart="245" departLane = "2" departSpeed="11.180000"/>
	<vehicle id="car_209" type="car8" route="3" depart="246" departLane = "0" departSpeed="11.180000"/>
	<vehicle id="car_210" type="car6" route="6" depart="247" departLane = "2" departSpeed="11.180000"/>
	<vehicle id="car_211" type="car5" route="0" depart="249" departLane = "2" departSpeed="11.180000"/>
	<vehicle id="car_212" type="car9" route="2" depart="249" departLane = "2" departSpeed="11.180000"/>
	<vehicle id="car_213" type="car6" route="3" depart="251" departLane = "1" departSpeed="11.180000"/>
	<vehicle id="car_214" type="car5" route="7" depart="253" departLane = "2" departSpeed="11.180000"/>
	<vehicle id="car_215" type="car6" route="4" depart="253" departLane = "0" departSpeed="11.180000"/>
	<vehicle id="car_216" type="car7" route="2" depart="254" departLane = "0" departSpeed="11.180000"/>
	<vehicle id="car_217" type="car8" route="6" depart="254" departLane = "2" departSpeed="11.180000"/>
	<vehicle id="car_218" type="car8" route="6" depart="255" departLane = "1" departSpeed="11.180000"/>
	<vehicle id="car_219" type="car8" route="7" depart="256" departLane = "1" departSpeed="11.180000"/>
	<vehicle id="car_220" type="car8" route="3" depart="257" departLane = "1" departSpeed="11.180000"/>
	<vehicle id="car_221" type="car8" route="4" depart="258" departLane = "2" departSpeed="11.180000"/>
	<vehicle id="car_222" type="car5" route="1" depart="259" departLane = "2" departSpeed="11.180000"/>
	<vehicle id="car_223" type="car7" route="5" depart="261" departLane = "2" departSpeed="11.180000"/>
	<vehicle id="car_224" type="car5" route="2" depart="263" departLane = "0" departSpeed="11.180000"/>
	<vehicle id="car_225" type="car5" route="5" depart="263" departLane = "0" departSpeed="11.180000"/>
	<vehicle id="car_226" type="car7" route="4" depart="263" departLane = "1" departSpeed="11.180000"/>
	<vehicle id="car_227" type="car5" route="6" depart="263" departLane = "2" departSpeed="11.180000"/>
	<vehicle id="car_228" type="car7" route="5" depart="267" departLane = "0" departSpeed="11.180000"/>
	<vehicle id="car_229" type="car8" route="3" depart="269" departLane = "0" departSpeed="11.180000"/>
	<vehicle id="car_230" type="car5" route="5" depart="270" departLane = "2" departSpeed="11.180000"/>
	<vehicle id="car_231" type="car9" route="2" depart="273" departLane = "0" departSpeed="11.180000"/>
	<vehicle id="car_232" type="car5" route="5" depart="273" departLane = "0" departSpeed="11.180000"/>
	<vehicle id="car_233" type="car8" route="1" depart="273" departLane = "1" departSpeed="11.180000"/>
	<vehicle id="car_234" type="car7" route="4" depart="273" departLane = "0" departSpeed="11.180000"/>
	<vehicle id="car_235" type="car9" route="0" depart="274" departLane = "1" departSpeed="11.180000"/>
	<vehicle id="car_236" type="car8" route="3" depart="274" departLane = "1" departSpeed="11.180000"/>
	<vehicle id="car_237" type="car7" route="1" depart="277" departLane = "0" departSpeed="11.180000"/>
	<vehicle id="car_238" type="car9" route="3" depart="277" departLane = "0" departSpeed="11.180000"/>
	<vehicle id="car_239" type="car8" route="4" depart="277" departLane = "1" departSpeed="11.180000"/>
	<vehicle id="car_240" type="car6" route="6" depart="277" departLane = "1" departSpeed="11.180000"/>
	<vehicle id="car_241" type="car5" route="1" depart="278" departLane = "2" departSpeed="11.180000"/>
	<vehicle id="car_242" type="car7" route="7" depart="279" departLane = "2" departSpeed="11.180000"/>
	<vehicle id="car_243" type="car6" route="0" depart="281" departLane = "0" departSpeed="11.180000"/>
	<vehicle id="car_244" type="car7" route="2" depart="281" departLane = "1" departSpeed="11.180000"/>
	<vehicle id="car_245" type="car9" route="4" depart="281" departLane = "2" departSpeed="11.180000"/>
	<vehicle id="car_246" type="car9" route="6" depart="281" departLane = "1" departSpeed="11.180000"/>
	<vehicle id="car_247" type="car9" route="6" depart="282" departLane = "0" departSpeed="11.180000"/>
	<vehicle id="car_248" type="car9" route="6" depart="284" departLane = "2" departSpeed="11.180000"/>
	<vehicle id="car_249" type="car9" route="7" depart="287" departLane = "2" departSpeed="11.180000"/>
	<vehicle id="car_250" type="car8" route="0" depart="288" departLane = "1" departSpeed="11.180000"/>
	<vehicle id="car_251" type="car9" route="2" depart="288" departLane = "0" departSpeed="11.180000"/>
	<vehicle id="car_252" type="car5" route="5" depart="288" departLane = "2" departSpeed="11.180000"/>
	<vehicle id="car_253" type="car6" route="1" depart="288" departLane = "0" departSpeed="11.180000"/>
	<vehicle id="car_254" type="car7" route="1" depart="289" departLane = "2" departSpeed="11.180000"/>
	<vehicle id="car_255" type="car5" route="4" depart="290" departLane = "1" departSpeed="11.180000"/>
	<vehicle id="car_256" type="car6" route="6" depart="292" departLane = "2" departSpeed="11.180000"/>
	<vehicle id="car_257" type="car7" route="0" depart="293" departLane = "2" departSpeed="11.180000"/>
	<vehicle id="car_258" type="car9" route="2" depart="294" departLane = "0" departSpeed="11.180000"/>
	<vehicle id="car_259" type="car8" route="7" depart="296" departLane = "1" departSpeed="11.180000"/>
	<vehicle id="car_260" type="car9" route="4" depart="297" departLane = "1" departSpeed="11.180000"/>
	<vehicle id="car_261" type="car7" route="5" depart="298" departLane = "1" departSpeed="11.180000"/>
	<vehicle id="car_262" type="car8" route="1" depart="299" departLane = "1" departSpeed="11.180000"/>
	<vehicle id="car_263" type="car9" route="6" depart="300" departLane = "2" departSpeed="11.180000"/>
	<vehicle id="car_264" type="car6" route="0" depart="301" departLane = "0" departSpeed="11.180000"/>
	<vehicle id="car_265" type="car6" route="5" depart="302" departLane = "0" departSpeed="11.180000"/>
	<vehicle id="car_266" type="car8" route="3" depart="302" departLane = "1" departSpeed="11.180000"/>
	<vehicle id="car_267" type="car7" route="3" depart="303" departLane = "1" departSpeed="11.180000"/>
	<vehicle id="car_268" type="car6" route="4" depart="303" departLane = "1" departSpeed="11.180000"/>
	<vehicle id="car_269" type="car9" route="6" depart="306" departLane = "0" departSpeed="11.180000"/>
	<vehicle id="car_270" type="car6" route="4" depart="308" departLane = "1" departSpeed="11.180000"/>
	<vehicle id="car_271" type="car5" route="7" depart="309" departLane = "2" departSpeed="11.180000"/>
	<vehicle id="car_272" type="car5" route="1" depart="309" departLane = "0" departSpeed="11.180000"/>
	<vehicle id="car_273" type="car9" route="3" depart="309" departLane = "1" departSpeed="11.180000"/>
	<vehicle id="car_274" type="car7" route="0" depart="310" departLane = "0" departSpeed="11.180000"/>
	<vehicle id="car_275" type="car7" route="0" depart="312" departLane = "0" departSpeed="11.180000"/>
	<vehicle id="car_276" type="car5" route="5" depart="313" departLane = "0" departSpeed="11.180000"/>
	<vehicle id="car_277" type="car8" route="5" depart="316" departLane = "2" departSpeed="11.180000"/>
	<vehicle id="car_278" type="car9" route="6" depart="317" departLane = "2" departSpeed="11.180000"/>
	<vehicle id="car_279" type="car6" route="2" depart="321" departLane = "1" departSpeed="11.180000"/>
	<vehicle id="car_280" type="car7" route="0" depart="324" departLane = "1" departSpeed="11.180000"/>
	<vehicle id="car_281" type="car7" route="3" depart="324" departLane = "0" departSpeed="11.180000"/>
	<vehicle id="car_282" type="car8" route="4" depart="324" departLane = "2" departSpeed="11.180000"/>
	<vehicle id="car_283" type="car6" route="0" depart="325" departLane = "2" departSpeed="11.180000"/>
	<vehicle id="car_284" type="car5" route="2" depart="325" departLane = "2" departSpeed="11.180000"/>
	<vehicle id="car_285" type="car5" route="1" depart="325" departLane = "2" departSpeed="11.180000"/>
	<vehicle id="car_286" type="car9" route="5" depart="326" departLane = "2" departSpeed="11.180000"/>
	<vehicle id="car_287" type="car5" route="0" depart="327" departLane = "1" departSpeed="11.180000"/>
	<vehicle id="car_288" type="car7" route="5" depart="328" departLane = "2" departSpeed="11.180000"/>
	<vehicle id="car_289" type="car9" route="5" depart="329" departLane = "2" departSpeed="11.180000"/>
	<vehicle id="car_290" type="car7" route="1" depart="329" departLane = "0" departSpeed="11.180000"/>
	<vehicle id="car_291" type="car8" route="0" depart="334" departLane = "1" departSpeed="11.180000"/>
	<vehicle id="car_292" type="car6" route="1" depart="334" departLane = "2" departSpeed="11.180000"/>
	<vehicle id="car_293" type="car6" route="5" depart="336" departLane = "0" departSpeed="11.180000"/>
	<vehicle id="car_294" type="car7" route="6" depart="336" departLane = "1" departSpeed="11.180000"/>
	<vehicle id="car_295" type="car5" route="1" depart="337" departLane = "1" departSpeed="11.180000"/>
	<vehicle id="car_296" type="car5" route="3" depart="337" departLane = "0" departSpeed="11.180000"/>
	<vehicle id="car_297" type="car9" route="6" depart="340" departLane = "1" departSpeed="11.180000"/>
	<vehicle id="car_298" type="car6" route="3" depart="344" departLane = "1" departSpeed="11.180000"/>
	<vehicle id="car_299" type="car6" route="3" depart="345" departLane = "0" departSpeed="11.180000"/>
	<vehicle id="car_300" type="car7" route="2" depart="349" departLane = "0" departSpeed="11.180000"/>
	<vehicle id="car_301" type="car5" route="6" depart="350" departLane = "1" departSpeed="11.180000"/>
	<vehicle id="car_302" type="car6" route="0" depart="356" departLane = "1" departSpeed="11.180000"/>
	<vehicle id="car_303" type="car9" route="6" depart="356" departLane = "2" departSpeed="11.180000"/>
	<vehicle id="car_304" type="car7" route="4" depart="358" departLane = "0" departSpeed="11.180000"/>
	<vehicle id="car_305" type="car9" route="3" depart="360" departLane = "2" departSpeed="11.180000"/>
	<vehicle id="car_306" type="car7" route="0" depart="361" departLane = "1" departSpeed="11.180000"/>
	<vehicle id="car_307" type="car5" route="6" depart="361" departLane = "0" departSpeed="11.180000"/>
	<vehicle id="car_308" type="car9" route="2" depart="362" departLane = "0" departSpeed="11.180000"/>
	<vehicle id="car_309" type="car7" route="7" depart="363" departLane = "1" departSpeed="11.180000"/>
	<vehicle id="car_310" type="car5" route="4" depart="365" departLane = "1" departSpeed="11.180000"/>
	<vehicle id="car_311" type="car8" route="7" depart="366" departLane = "2" departSpeed="11.180000"/>
	<vehicle id="car_312" type="car9" route="1" depart="366" departLane = "2" departSpeed="11.180000"/>
	<vehicle id="car_313" type="car6" route="6" depart="366" departLane = "2" departSpeed="11.180000"/>
	<vehicle id="car_314" type="car6" route="3" depart="367" departLane = "1" departSpeed="11.180000"/>
	<vehicle id="car_315" type="car5" route="0" depart="369" departLane = "1" departSpeed="11.180000"/>
	<vehicle id="car_316" type="car9" route="5" depart="370" departLane = "1" departSpeed="11.180000"/>
	<vehicle id="car_317" type="car6" route="0" depart="371" departLane = "2" departSpeed="11.180000"/>
	<vehicle id="car_318" type="car6" route="2" depart="373" departLane = "2" departSpeed="11.180000"/>
	<vehicle id="car_319" type="car9" route="1" depart="373" departLane = "2" departSpeed="11.180000"/>
	<vehicle id="car_320" type="car5" route="4" depart="373" departLane = "2" departSpeed="11.180000"/>
	<vehicle id="car_321" type="car5" route="6" depart="374" departLane = "1" departSpeed="11.180000"/>
	<vehicle id="car_322" type="car6" route="2" depart="377" departLane = "0" departSpeed="11.180000"/>
	<vehicle id="car_323" type="car9" route="4" depart="379" departLane = "1" departSpeed="11.180000"/>
	<vehicle id="car_324" type="car5" route="0" depart="381" departLane = "2" departSpeed="11.180000"/>
	<vehicle id="car_325" type="car8" route="3" depart="381" departLane = "1" departSpeed="11.180000"/>
	<vehicle id="car_326" type="car9" route="6" depart="381" departLane = "0" departSpeed="11.180000"/>
	<vehicle id="car_327" type="car7" route="3" depart="384" departLane = "0" departSpeed="11.180000"/>
	<vehicle id="car_328" type="car6" route="6" depart="384" departLane = "1" departSpeed="11.180000"/>
	<vehicle id="car_329" type="car9" route="4" depart="385" departLane = "0" departSpeed="11.180000"/>
	<vehicle id="car_330" type="car5" route="6" depart="385" departLane = "2" departSpeed="11.180000"/>
	<vehicle id="car_331" type="car5" route="4" depart="386" departLane = "1" departSpeed="11.180000"/>
	<vehicle id="car_332" type="car9" route="7" depart="388" departLane = "1" departSpeed="11.180000"/>
	<vehicle id="car_333" type="car9" route="6" depart="389" departLane = "2" departSpeed="11.180000"/>
	<vehicle id="car_334" type="car9" route="7" depart="393" departLane = "0" departSpeed="11.180000"/>
	<vehicle id="car_335" type="car6" route="1" depart="396" departLane = "2" departSpeed="11.180000"/>
	<vehicle id="car_336" type="car8" route="1" depart="399" departLane = "2" departSpeed="11.180000"/>
	<vehicle id="car_337" type="car8" route="7" depart="400" departLane = "0" departSpeed="11.180000"/>
	<vehicle id="car_338" type="car7" route="4" depart="400" departLane = "0" departSpeed="11.180000"/>
	<vehicle id="car_339" type="car6" route="6" depart="401" departLane = "2" departSpeed="11.180000"/>
	<vehicle id="car_340" type="car8" route="1" depart="405" departLane = "0" departSpeed="11.180000"/>
	<vehicle id="car_341" type="car8" route="3" depart="406" departLane = "0" departSpeed="11.180000"/>
	<vehicle id="car_342" type="car6" route="5" depart="407" departLane = "0" departSpeed="11.180000"/>
	<vehicle id="car_343" type="car8" route="1" depart="407" departLane = "1" departSpeed="11.180000"/>
	<vehicle id="car_344" type="car9" route="3" depart="407" departLane = "1" departSpeed="11.180000"/>
	<vehicle id="car_345" type="car7" route="4" depart="407" departLane = "1" departSpeed="11.180000"/>
	<vehicle id="car_346" type="car7" route="6" depart="408" departLane = "0" departSpeed="11.180000"/>
	<vehicle id="car_347" type="car5" route="4" depart="409" departLane = "0" departSpeed="11.180000"/>
	<vehicle id="car_348" type="car5" route="3" depart="410" departLane = "2" departSpeed="11.180000"/>
	<vehicle id="car_349" type="car6" route="0" depart="411" departLane = "1" departSpeed="11.180000"/>
	<vehicle id="car_350" type="car8" route="5" depart="417" departLane = "0" departSpeed="11.180000"/>
	<vehicle id="car_351" type="car7" route="6" depart="417" departLane = "2" departSpeed="11.180000"/>
	<vehicle id="car_352" type="car9" route="6" depart="418" departLane = "0" departSpeed="11.180000"/>
	<vehicle id="car_353" type="car6" route="3" depart="422" departLane = "1" departSpeed="11.180000"/>
	<vehicle id="car_354" type="car7" route="4" depart="424" departLane = "1" departSpeed="11.180000"/>
	<vehicle id="car_355" type="car6" route="3" depart="425" departLane = "0" departSpeed="11.180000"/>
	<vehicle id="car_356" type="car8" route="6" depart="425" departLane = "1" departSpeed="11.180000"/>
	<vehicle id="car_357" type="car6" route="0" depart="426" departLane = "2" departSpeed="11.180000"/>
	<vehicle id="car_358" type="car8" route="0" depart="428" departLane = "0" departSpeed="11.180000"/>
	<vehicle id="car_359" type="car5" route="6" depart="434" departLane = "2" departSpeed="11.180000"/>
	<vehicle id="car_360" type="car6" route="6" depart="435" departLane = "0" departSpeed="11.180000"/>
	<vehicle id="car_361" type="car7" route="5" depart="437" departLane = "2" departSpeed="11.180000"/>
	<vehicle id="car_362" type="car5" route="7" depart="438" departLane = "1" departSpeed="11.180000"/>
	<vehicle id="car_363" type="car9" route="6" depart="439" departLane = "1" departSpeed="11.180000"/>
	<vehicle id="car_364" type="car9" route="7" depart="440" departLane = "0" departSpeed="11.180000"/>
	<vehicle id="car_365" type="car9" route="1" depart="441" departLane = "0" departSpeed="11.180000"/>
	<vehicle id="car_366" type="car7" route="6" depart="442" departLane = "0" departSpeed="11.180000"/>
	<vehicle id="car_367" type="car6" route="1" depart="444" departLane = "2" departSpeed="11.180000"/>
	<vehicle id="car_368" type="car7" route="4" depart="444" departLane = "2" departSpeed="11.180000"/>
	<vehicle id="car_369" type="car8" route="6" depart="447" departLane = "1" departSpeed="11.180000"/>
	<vehicle id="car_370" type="car5" route="1" depart="450" departLane = "0" departSpeed="11.180000"/>
	<vehicle id="car_371" type="car9" route="1" depart="452" departLane = "0" departSpeed="11.180000"/>
	<vehicle id="car_372" type="car5" route="2" depart="454" departLane = "1" departSpeed="11.180000"/>
	<vehicle id="car_373" type="car8" route="3" depart="454" departLane = "1" departSpeed="11.180000"/>
	<vehicle id="car_374" type="car6" route="0" depart="455" departLane = "1" departSpeed="11.180000"/>
	<vehicle id="car_375" type="car7" route="1" depart="457" departLane = "0" departSpeed="11.180000"/>
	<vehicle id="car_376" type="car8" route="3" depart="458" departLane = "1" departSpeed="11.180000"/>
	<vehicle id="car_377" type="car8" route="5" depart="459" departLane = "1" departSpeed="11.180000"/>
	<vehicle id="car_378" type="car6" route="6" depart="459" departLane = "2" departSpeed="11.180000"/>
	<vehicle id="car_379" type="car8" route="7" depart="460" departLane = "0" departSpeed="11.180000"/>
	<vehicle id="car_380" type="car5" route="1" depart="460" departLane = "2" departSpeed="11.180000"/>
	<vehicle id="car_381" type="car8" route="1" depart="461" departLane = "2" departSpeed="11.180000"/>
	<vehicle id="car_382" type="car9" route="6" depart="461" departLane = "1" departSpeed="11.180000"/>
	<vehicle id="car_383" type="car9" route="6" depart="463" departLane = "1" departSpeed="11.180000"/>
	<vehicle id="car_384" type="car8" route="7" depart="465" departLane = "0" departSpeed="11.180000"/>
	<vehicle id="car_385" type="car9" route="2" depart="469" departLane = "2" departSpeed="11.180000"/>
	<vehicle id="car_386" type="car9" route="6" depart="471" departLane = "2" departSpeed="11.180000"/>
	<vehicle id="car_387" type="car5" route="0" depart="475" departLane = "2" departSpeed="11.180000"/>
	<vehicle id="car_388" type="car7" route="1" depart="475" departLane = "1" departSpeed="11.180000"/>
	<vehicle id="car_389" type="car9" route="6" depart="475" departLane = "2" departSpeed="11.180000"/>
	<vehicle id="car_390" type="car7" route="5" depart="476" departLane = "2" departSpeed="11.180000"/>
	<vehicle id="car_391" type="car9" route="7" depart="476" departLane = "0" departSpeed="11.180000"/>
	<vehicle id="car_392" type="car5" route="4" depart="477" departLane = "0" departSpeed="11.180000"/>
	<vehicle id="car_393" type="car8" route="2" depart="478" departLane = "1" departSpeed="11.180000"/>
	<vehicle id="car_394" type="car8" route="4" depart="482" departLane = "1" departSpeed="11.180000"/>
	<vehicle id="car_395" type="car6" route="6" depart="482" departLane = "1" departSpeed="11.180000"/>
	<vehicle id="car_396" type="car9" route="0" depart="483" departLane = "1" departSpeed="11.180000"/>
	<vehicle id="car_397" type="car8" route="7" depart="483" departLane = "2" departSpeed="11.180000"/>
	<vehicle id="car_398" type="car6" route="4" depart="484" departLane = "2" departSpeed="11.180000"/>
	<vehicle id="car_399" type="car9" route="6" depart="486" departLane = "1" departSpeed="11.180000"/>
	<vehicle id="car_400" type="car9" route="0" depart="492" departLane = "2" departSpeed="11.180000"/>
	<vehicle id="car_401" type="car6" route="4" depart="492" departLane = "2" departSpeed="11.180000"/>
	<vehicle id="car_402" type="car6" route="6" depart="492" departLane = "0" departSpeed="11.180000"/>
	<vehicle id="car_403" type="car9" route="3" depart="494" departLane = "0" departSpeed="11.180000"/>
	<vehicle id="car_404" type="car9" route="4" depart="494" departLane = "2" departSpeed="11.180000"/>
	<vehicle id="car_405" type="car5" route="0" depart="495" departLane = "1" departSpeed="11.180000"/>
	<vehicle id="car_406" type="car8" route="5" depart="496" departLane = "2" departSpeed="11.180000"/>
	<vehicle id="car_407" type="car8" route="2" depart="497" departLane = "0" departSpeed="11.180000"/>
	<vehicle id="car_408" type="car7" route="5" depart="497" departLane = "1" departSpeed="11.180000"/>
	<vehicle id="car_409" type="car7" route="7" depart="497" departLane = "1" departSpeed="11.180000"/>
	<vehicle id="car_410" type="car6" route="4" depart="497" departLane = "2" departSpeed="11.180000"/>
	<vehicle id="car_411" type="car9" route="6" depart="498" departLane = "1" departSpeed="11.180000"/>
	<vehicle id="car_412" type="car5" route="6" depart="500" departLane = "0" departSpeed="11.180000"/>
	<vehicle id="car_413" type="car7" route="2" depart="501" departLane = "1" departSpeed="11.180000"/>
	<vehicle id="car_414" type="car9" route="5" depart="502" departLane = "1" departSpeed="11.180000"/>
	<vehicle id="car_415" type="car9" route="5" depart="503" departLane = "1" departSpeed="11.180000"/>
	<vehicle id="car_416" type="car8" route="2" depart="504" departLane = "2" departSpeed="11.180000"/>
	<vehicle id="car_417" type="car6" route="5" depart="504" departLane = "2" departSpeed="11.180000"/>
	<vehicle id="car_418" type="car5" route="3" depart="506" departLane = "0" departSpeed="11.180000"/>
	<vehicle id="car_419" type="car7" route="4" depart="506" departLane = "0" departSpeed="11.180000"/>
	<vehicle id="car_420" type="car6" route="0" depart="507" departLane = "2" departSpeed="11.180000"/>
	<vehicle id="car_421" type="car6" route="5" depart="507" departLane = "2" departSpeed="11.180000"/>
	<vehicle id="car_422" type="car7" route="6" depart="507" departLane = "1" departSpeed="11.180000"/>
	<vehicle id="car_423" type="car9" route="2" depart="508" departLane = "0" departSpeed="11.180000"/>
	<vehicle id="car_424" type="car9" route="1" depart="511" departLane = "2" departSpeed="11.180000"/>
	<vehicle id="car_425" type="car9" route="3" depart="512" departLane = "2" departSpeed="11.180000"/>
	<vehicle id="car_426" type="car5" route="7" depart="514" departLane = "2" departSpeed="11.180000"/>
	<vehicle id="car_427" type="car6" route="1" depart="514" departLane = "2" departSpeed="11.180000"/>
	<vehicle id="car_428" type="car5" route="0" depart="516" departLane = "1" departSpeed="11.180000"/>
	<vehicle id="car_429" type="car5" route="1" depart="516" departLane = "2" departSpeed="11.180000"/>
	<vehicle id="car_430" type="car8" route="7" depart="517" departLane = "1" departSpeed="11.180000"/>
	<vehicle id="car_431" type="car6" route="3" depart="517" departLane = "0" departSpeed="11.180000"/>
	<vehicle id="car_432" type="car6" route="2" depart="518" departLane = "1" departSpeed="11.180000"/>
	<vehicle id="car_433" type="car5" route="5" depart="521" departLane = "2" departSpeed="11.180000"/>
	<vehicle id="car_434" type="car7" route="1" depart="521" departLane = "1" departSpeed="11.180000"/>
	<vehicle id="car_435" type="car8" route="1" depart="522" departLane = "1" departSpeed="11.180000"/>
	<vehicle id="car_436" type="car8" route="3" depart="522" departLane = "1" departSpeed="11.180000"/>
	<vehicle id="car_437" type="car7" route="6" depart="522" departLane = "0" departSpeed="11.180000"/>
	<vehicle id="car_438" type="car9" route="1" depart="524" departLane = "0" departSpeed="11.180000"/>
	<vehicle id="car_439" type="car6" route="0" depart="529" departLane = "2" departSpeed="11.180000"/>
	<vehicle id="car_440" type="car7" route="5" depart="529" departLane = "1" departSpeed="11.180000"/>
	<vehicle id="car_441" type="car5" route="6" depart="533" departLane = "2" departSpeed="11.180000"/>
	<vehicle id="car_442" type="car8" route="0" depart="534" departLane = "1" departSpeed="11.180000"/>
	<vehicle id="car_443" type="car6" route="6" depart="534" departLane = "1" departSpeed="11.180000"/>
	<vehicle id="car_444" type="car5" route="1" depart="536" departLane = "0" departSpeed="11.180000"/>
	<vehicle id="car_445" type="car8" route="6" depart="536" departLane = "0" departSpeed="11.180000"/>
	<vehicle id="car_446" type="car9" route="5" depart="539" departLane = "1" departSpeed="11.180000"/>
	<vehicle id="car_447" type="car8" route="7" depart="541" departLane = "2" departSpeed="11.180000"/>
	<vehicle id="car_448" type="car6" route="1" depart="543" departLane = "0" departSpeed="11.180000"/>
	<vehicle id="car_449" type="car6" route="3" depart="543" departLane = "0" departSpeed="11.180000"/>
	<vehicle id="car_450" type="car8" route="1" depart="544" departLane = "0" departSpeed="11.180000"/>
	<vehicle id="car_451" type="car8" route="3" depart="544" departLane = "1" departSpeed="11.180000"/>
	<vehicle id="car_452" type="car9" route="1" depart="545" departLane = "2" departSpeed="11.180000"/>
	<vehicle id="car_453" type="car7" route="0" depart="546" departLane = "0" departSpeed="11.180000"/>
	<vehicle id="car_454" type="car5" route="5" depart="547" departLane = "0" departSpeed="11.180000"/>
	<vehicle id="car_455" type="car6" route="5" depart="549" departLane = "0" departSpeed="11.180000"/>
	<vehicle id="car_456" type="car9" route="3" depart="549" departLane = "0" departSpeed="11.180000"/>
	<vehicle id="car_457" type="car6" route="3" depart="550" departLane = "0" departSpeed="11.180000"/>
	<vehicle id="car_458" type="car9" route="7" depart="551" departLane = "0" departSpeed="11.180000"/>
	<vehicle id="car_459" type="car7" route="5" depart="558" departLane = "2" departSpeed="11.180000"/>
	<vehicle id="car_460" type="car8" route="0" depart="559" departLane = "1" departSpeed="11.180000"/>
	<vehicle id="car_461" type="car9" route="0" depart="561" departLane = "0" departSpeed="11.180000"/>
	<vehicle id="car_462" type="car5" route="7" depart="561" departLane = "0" departSpeed="11.180000"/>
	<vehicle id="car_463" type="car8" route="5" depart="565" departLane = "2" departSpeed="11.180000"/>
	<vehicle id="car_464" type="car8" route="4" depart="565" departLane = "1" departSpeed="11.180000"/>
	<vehicle id="car_465" type="car5" route="0" depart="566" departLane = "1" departSpeed="11.180000"/>
	<vehicle id="car_466" type="car8" route="2" depart="567" departLane = "2" departSpeed="11.180000"/>
	<vehicle id="car_467" type="car6" route="4" depart="569" departLane = "2" departSpeed="11.180000"/>
	<vehicle id="car_468" type="car6" route="2" depart="570" departLane = "1" departSpeed="11.180000"/>
	<vehicle id="car_469" type="car5" route="5" depart="572" departLane = "1" departSpeed="11.180000"/>
	<vehicle id="car_470" type="car7" route="3" depart="572" departLane = "2" departSpeed="11.180000"/>
	<vehicle id="car_471" type="car6" route="7" depart="574" departLane = "0" departSpeed="11.180000"/>
	<vehicle id="car_472" type="car5" route="2" depart="575" departLane = "2" departSpeed="11.180000"/>
	<vehicle id="car_473" type="car5" route="3" depart="576" departLane = "2" departSpeed="11.180000"/>
	<vehicle id="car_474" type="car9" route="1" depart="578" departLane = "0" departSpeed="11.180000"/>
	<vehicle id="car_475" type="car9" route="5" depart="579" departLane = "1" departSpeed="11.180000"/>
	<vehicle id="car_476" type="car7" route="5" depart="580" departLane = "1" departSpeed="11.180000"/>
	<vehicle id="car_477" type="car9" route="4" depart="580" departLane = "2" departSpeed="11.180000"/>
	<vehicle id="car_478" type="car6" route="4" depart="581" departLane = "0" departSpeed="11.180000"/>
	<vehicle id="car_479" type="car8" route="3" depart="582" departLane = "1" departSpeed="11.180000"/>
	<vehicle id="car_480" type="car5" route="5" depart="584" departLane = "1" departSpeed="11.180000"/>
	<vehicle id="car_481" type="car7" route="4" depart="585" departLane = "0" departSpeed="11.180000"/>
	<vehicle id="car_482" type="car9" route="3" depart="586" departLane = "2" departSpeed="11.180000"/>
	<vehicle id="car_483" type="car7" route="2" depart="587" departLane = "2" departSpeed="11.180000"/>
	<vehicle id="car_484" type="car5" route="4" depart="590" departLane = "1" departSpeed="11.180000"/>
	<vehicle id="car_485" type="car6" route="2" depart="591" departLane = "2" departSpeed="11.180000"/>
	<vehicle id="car_486" type="car5" route="4" depart="591" departLane = "1" departSpeed="11.180000"/>
	<vehicle id="car_487" type="car6" route="2" depart="594" departLane = "2" departSpeed="11.180000"/>
	<vehicle id="car_488" type="car5" route="1" depart="594" departLane = "2" departSpeed="11.180000"/>
	<vehicle id="car_489" type="car9" route="4" depart="594" departLane = "0" departSpeed="11.180000"/>
	<vehicle id="car_490" type="car9" route="5" depart="595" departLane = "0" departSpeed="11.180000"/>
	<vehicle id="car_491" type="car7" route="3" depart="597" departLane = "2" departSpeed="11.180000"/>
	<vehicle id="car_492" type="car9" route="0" depart="599" departLane = "1" departSpeed="11.180000"/>
</routes>
