{"car_468": [2, 5], "car_469": [3, 7], "car_466": [4, 1], "car_467": [0, 2], "car_464": [2, 1], "car_465": [3, 0], "car_462": [2, 1], "car_463": [0, 5], "car_460": [3, 6], "car_461": [0, 4], "car_817": [6, 1], "car_816": [3, 6], "car_815": [2, 6], "car_814": [0, 3], "car_813": [4, 6], "car_812": [1, 6], "car_811": [4, 6], "car_810": [1, 4], "car_679": [4, 7], "car_678": [3, 4], "car_677": [5, 2], "car_676": [2, 1], "car_675": [0, 5], "car_674": [1, 7], "car_673": [2, 0], "car_672": [0, 1], "car_671": [4, 3], "car_670": [6, 4], "car_789": [3, 1], "car_788": [7, 6], "car_783": [1, 6], "car_782": [4, 1], "car_781": [3, 6], "car_780": [1, 3], "car_787": [1, 0], "car_786": [2, 3], "car_785": [3, 7], "car_784": [4, 5], "car_0": [7, 4], "car_1179": [7, 1], "car_255": [0, 7], "car_254": [6, 1], "car_257": [1, 3], "car_256": [2, 1], "car_251": [4, 7], "car_250": [5, 1], "car_253": [1, 5], "car_252": [7, 5], "car_259": [5, 2], "car_258": [0, 2], "car_1170": [2, 0], "car_1171": [5, 3], "car_1413": [5, 0], "car_1363": [1, 2], "car_1362": [7, 4], "car_1361": [5, 0], "car_1360": [3, 7], "car_1367": [5, 1], "car_1366": [2, 3], "car_1365": [0, 7], "car_1364": [4, 1], "car_1369": [1, 3], "car_1368": [7, 3], "car_321": [6, 5], "car_320": [4, 6], "car_323": [4, 0], "car_322": [0, 4], "car_325": [3, 0], "car_324": [2, 6], "car_327": [6, 0], "car_326": [4, 1], "car_329": [7, 0], "car_328": [0, 6], "car_1107": [6, 7], "car_1106": [3, 0], "car_1105": [5, 7], "car_1104": [6, 3], "car_1103": [3, 6], "car_1102": [0, 7], "car_1101": [4, 0], "car_1100": [1, 2], "car_1109": [2, 7], "car_1108": [0, 5], "car_1297": [5, 6], "car_1296": [2, 1], "car_1295": [1, 7], "car_1294": [7, 3], "car_1293": [4, 1], "car_1292": [7, 6], "car_1291": [0, 4], "car_1290": [1, 2], "car_1299": [6, 0], "car_1298": [3, 0], "car_1039": [4, 3], "car_1038": [3, 5], "car_1033": [5, 3], "car_1032": [0, 2], "car_1031": [4, 3], "car_1030": [5, 4], "car_1037": [1, 7], "car_1036": [5, 6], "car_1035": [6, 7], "car_1034": [7, 0], "car_899": [3, 7], "car_898": [7, 0], "car_897": [0, 7], "car_896": [6, 1], "car_895": [4, 6], "car_894": [1, 5], "car_893": [7, 0], "car_892": [6, 4], "car_891": [2, 0], "car_890": [1, 2], "car_419": [4, 0], "car_418": [2, 6], "car_413": [2, 5], "car_412": [0, 5], "car_411": [3, 5], "car_410": [4, 7], "car_417": [3, 6], "car_416": [0, 4], "car_415": [6, 5], "car_414": [7, 0], "car_527": [1, 0], "car_526": [2, 3], "car_525": [7, 2], "car_524": [5, 7], "car_523": [2, 1], "car_522": [0, 5], "car_521": [4, 3], "car_520": [1, 0], "car_529": [7, 2], "car_528": [6, 4], "car_668": [3, 1], "car_669": [7, 6], "car_664": [7, 2], "car_665": [1, 5], "car_666": [3, 0], "car_667": [7, 3], "car_660": [1, 2], "car_661": [3, 1], "car_662": [3, 5], "car_663": [2, 4], "car_798": [2, 1], "car_799": [7, 2], "car_790": [5, 3], "car_791": [4, 0], "car_792": [6, 0], "car_793": [0, 7], "car_794": [3, 5], "car_795": [4, 7], "car_796": [6, 1], "car_797": [0, 1], "car_242": [3, 6], "car_243": [4, 6], "car_240": [0, 2], "car_241": [7, 4], "car_246": [0, 1], "car_247": [2, 3], "car_244": [0, 2], "car_245": [2, 3], "car_248": [5, 7], "car_249": [7, 2], "car_1356": [0, 4], "car_1357": [4, 1], "car_1354": [5, 2], "car_1355": [6, 5], "car_1352": [6, 1], "car_1353": [0, 2], "car_1350": [7, 5], "car_1351": [1, 6], "car_1358": [2, 5], "car_1359": [5, 1], "car_338": [5, 3], "car_339": [4, 2], "car_336": [3, 2], "car_337": [6, 2], "car_334": [2, 0], "car_335": [3, 4], "car_332": [0, 6], "car_333": [1, 4], "car_330": [3, 0], "car_331": [4, 5], "car_1138": [5, 2], "car_1139": [3, 6], "car_1132": [0, 3], "car_1133": [2, 1], "car_1130": [7, 0], "car_1131": [1, 6], "car_1136": [3, 6], "car_1137": [2, 6], "car_1134": [5, 6], "car_1135": [1, 7], "car_1008": [6, 3], "car_1009": [5, 7], "car_1006": [7, 3], "car_1007": [3, 6], "car_1004": [2, 3], "car_1005": [5, 4], "car_1002": [3, 4], "car_1003": [4, 2], "car_1000": [6, 5], "car_1001": [5, 0], "car_36": [6, 3], "car_37": [0, 1], "car_34": [5, 0], "car_35": [1, 7], "car_888": [2, 7], "car_889": [5, 7], "car_30": [1, 4], "car_31": [4, 2], "car_884": [4, 5], "car_885": [1, 4], "car_886": [4, 2], "car_887": [0, 7], "car_880": [6, 1], "car_881": [1, 3], "car_882": [7, 1], "car_883": [1, 6], "car_408": [3, 0], "car_409": [0, 4], "car_400": [3, 5], "car_401": [6, 7], "car_402": [4, 3], "car_403": [6, 2], "car_404": [5, 0], "car_405": [7, 2], "car_406": [6, 5], "car_407": [7, 4], "car_534": [4, 0], "car_535": [5, 7], "car_536": [7, 2], "car_537": [1, 2], "car_530": [3, 5], "car_531": [3, 4], "car_532": [0, 4], "car_533": [3, 0], "car_538": [0, 5], "car_539": [0, 5], "car_659": [7, 6], "car_658": [3, 4], "car_651": [5, 2], "car_650": [0, 3], "car_653": [4, 3], "car_652": [6, 7], "car_655": [1, 2], "car_654": [0, 6], "car_657": [1, 5], "car_656": [3, 7], "car_1349": [3, 7], "car_1348": [1, 2], "car_1341": [7, 2], "car_1340": [5, 6], "car_1343": [3, 0], "car_1342": [1, 4], "car_1345": [5, 3], "car_1344": [6, 7], "car_1347": [5, 0], "car_1346": [4, 3], "car_349": [5, 6], "car_348": [6, 1], "car_343": [7, 1], "car_342": [6, 0], "car_341": [3, 5], "car_340": [1, 2], "car_347": [3, 7], "car_346": [1, 4], "car_345": [0, 7], "car_344": [6, 7], "car_1129": [4, 7], "car_1128": [4, 2], "car_1125": [0, 6], "car_1124": [6, 3], "car_1127": [1, 6], "car_1126": [5, 0], "car_1121": [7, 4], "car_1120": [2, 4], "car_1123": [7, 0], "car_1122": [5, 1], "car_1402": [2, 7], "car_1403": [5, 3], "car_1400": [1, 6], "car_1401": [6, 4], "car_1406": [5, 6], "car_1407": [7, 6], "car_1404": [7, 5], "car_1405": [4, 6], "car_1011": [3, 7], "car_1010": [3, 7], "car_1013": [0, 6], "car_1012": [7, 5], "car_1015": [6, 7], "car_1014": [3, 0], "car_1017": [6, 0], "car_1016": [0, 3], "car_1019": [5, 0], "car_1018": [0, 4], "car_25": [3, 0], "car_24": [4, 7], "car_27": [0, 6], "car_26": [5, 6], "car_21": [5, 2], "car_20": [2, 7], "car_23": [3, 1], "car_22": [7, 1], "car_29": [7, 4], "car_28": [3, 6], "car_435": [4, 5], "car_434": [6, 2], "car_437": [1, 4], "car_436": [4, 5], "car_431": [5, 3], "car_430": [6, 5], "car_433": [4, 5], "car_432": [4, 0], "car_439": [0, 5], "car_438": [4, 3], "car_501": [7, 4], "car_500": [5, 1], "car_503": [5, 6], "car_502": [0, 1], "car_505": [5, 4], "car_504": [2, 6], "car_507": [3, 4], "car_506": [5, 1], "car_509": [0, 5], "car_508": [4, 7], "car_646": [7, 5], "car_647": [4, 2], "car_644": [7, 3], "car_645": [2, 6], "car_642": [4, 0], "car_643": [6, 3], "car_640": [5, 6], "car_641": [3, 6], "car_648": [0, 6], "car_649": [6, 7], "car_1338": [6, 5], "car_1339": [0, 5], "car_1334": [3, 5], "car_1335": [4, 5], "car_1336": [0, 7], "car_1337": [4, 6], "car_1330": [5, 3], "car_1331": [7, 1], "car_1332": [3, 0], "car_1333": [4, 2], "car_358": [1, 5], "car_359": [4, 7], "car_350": [1, 4], "car_351": [4, 6], "car_352": [0, 3], "car_353": [2, 5], "car_354": [5, 0], "car_355": [3, 2], "car_356": [6, 7], "car_357": [5, 6], "car_1240": [4, 2], "car_1241": [6, 3], "car_1242": [0, 4], "car_1243": [2, 7], "car_1244": [7, 2], "car_1245": [1, 3], "car_1246": [6, 0], "car_1247": [0, 3], "car_1248": [2, 6], "car_1249": [2, 4], "car_1064": [6, 1], "car_1065": [2, 6], "car_1066": [3, 0], "car_1067": [0, 1], "car_1060": [7, 2], "car_1061": [6, 2], "car_1062": [0, 7], "car_1063": [3, 7], "car_1068": [2, 1], "car_1069": [5, 0], "car_10": [5, 6], "car_11": [7, 4], "car_12": [1, 2], "car_13": [0, 2], "car_14": [5, 0], "car_15": [3, 1], "car_16": [4, 1], "car_17": [6, 2], "car_18": [2, 0], "car_19": [1, 4], "car_422": [3, 0], "car_423": [4, 1], "car_420": [6, 2], "car_421": [1, 3], "car_426": [2, 5], "car_427": [1, 4], "car_424": [4, 7], "car_425": [6, 5], "car_428": [5, 3], "car_429": [7, 0], "car_518": [1, 5], "car_519": [6, 3], "car_516": [6, 5], "car_517": [0, 5], "car_514": [4, 6], "car_515": [1, 7], "car_512": [2, 7], "car_513": [5, 3], "car_510": [2, 1], "car_511": [3, 1], "car_633": [2, 5], "car_632": [0, 2], "car_631": [6, 3], "car_630": [4, 5], "car_637": [5, 1], "car_636": [2, 7], "car_635": [4, 2], "car_634": [3, 1], "car_639": [2, 5], "car_638": [7, 6], "car_189": [0, 4], "car_188": [6, 1], "car_185": [3, 2], "car_184": [7, 3], "car_187": [3, 7], "car_186": [5, 2], "car_181": [1, 0], "car_180": [0, 1], "car_183": [5, 1], "car_182": [3, 4], "car_749": [1, 6], "car_748": [7, 1], "car_747": [5, 0], "car_746": [6, 0], "car_745": [4, 6], "car_744": [7, 6], "car_743": [2, 7], "car_742": [0, 4], "car_741": [4, 5], "car_740": [1, 2], "car_299": [7, 1], "car_298": [2, 4], "car_291": [7, 6], "car_290": [6, 5], "car_293": [2, 3], "car_292": [1, 3], "car_295": [2, 0], "car_294": [1, 2], "car_297": [3, 5], "car_296": [7, 0], "car_1329": [2, 6], "car_1328": [0, 3], "car_1327": [4, 2], "car_1326": [1, 6], "car_1325": [5, 0], "car_1324": [2, 4], "car_1323": [0, 5], "car_1322": [4, 6], "car_1321": [3, 2], "car_1320": [0, 3], "car_365": [7, 0], "car_364": [5, 6], "car_367": [4, 1], "car_366": [6, 3], "car_361": [1, 5], "car_360": [7, 4], "car_363": [0, 5], "car_362": [4, 5], "car_369": [2, 3], "car_368": [0, 4], "car_167": [1, 3], "car_166": [5, 1], "car_165": [5, 4], "car_164": [2, 4], "car_163": [0, 4], "car_162": [4, 7], "car_161": [3, 1], "car_160": [5, 4], "car_169": [3, 2], "car_168": [5, 7], "car_1253": [3, 2], "car_1252": [1, 3], "car_1251": [7, 1], "car_1250": [5, 0], "car_1257": [1, 3], "car_1256": [6, 7], "car_1255": [4, 1], "car_1254": [5, 0], "car_1259": [6, 1], "car_1258": [4, 3], "car_1077": [1, 3], "car_1076": [7, 5], "car_1075": [2, 7], "car_1074": [3, 2], "car_1073": [1, 3], "car_1072": [0, 2], "car_1071": [6, 1], "car_1070": [3, 0], "car_1079": [6, 4], "car_1078": [1, 0], "car_985": [1, 3], "car_984": [0, 4], "car_987": [5, 7], "car_986": [2, 1], "car_981": [0, 1], "car_980": [6, 1], "car_983": [4, 7], "car_982": [3, 1], "car_989": [1, 0], "car_988": [3, 4], "car_569": [2, 4], "car_568": [0, 1], "car_563": [6, 5], "car_562": [7, 1], "car_561": [2, 4], "car_560": [6, 1], "car_567": [3, 7], "car_566": [2, 3], "car_565": [6, 7], "car_564": [3, 1], "car_620": [7, 4], "car_621": [3, 4], "car_622": [4, 0], "car_623": [6, 5], "car_624": [1, 3], "car_625": [3, 0], "car_626": [0, 3], "car_627": [3, 7], "car_628": [0, 6], "car_629": [5, 6], "car_198": [6, 7], "car_199": [5, 6], "car_192": [7, 2], "car_193": [3, 0], "car_190": [2, 7], "car_191": [5, 0], "car_196": [7, 4], "car_197": [4, 2], "car_194": [7, 2], "car_195": [0, 3], "car_758": [0, 2], "car_759": [7, 0], "car_754": [1, 3], "car_755": [4, 0], "car_756": [6, 5], "car_757": [4, 0], "car_750": [2, 7], "car_751": [1, 3], "car_752": [6, 5], "car_753": [5, 2], "car_286": [3, 4], "car_287": [6, 1], "car_284": [1, 5], "car_285": [5, 2], "car_282": [0, 7], "car_283": [5, 3], "car_280": [2, 1], "car_281": [3, 6], "car_288": [5, 1], "car_289": [4, 5], "car_1312": [7, 0], "car_1313": [1, 6], "car_1310": [4, 6], "car_1311": [6, 4], "car_1316": [2, 1], "car_1317": [3, 0], "car_1314": [3, 5], "car_1315": [6, 4], "car_1318": [4, 3], "car_1319": [6, 4], "car_372": [4, 7], "car_373": [2, 3], "car_370": [5, 7], "car_371": [7, 4], "car_376": [7, 0], "car_377": [3, 4], "car_374": [7, 3], "car_375": [5, 1], "car_378": [5, 6], "car_379": [7, 4], "car_174": [7, 4], "car_175": [1, 5], "car_176": [3, 2], "car_177": [6, 7], "car_170": [4, 1], "car_171": [1, 7], "car_172": [3, 5], "car_173": [0, 2], "car_178": [0, 3], "car_179": [1, 6], "car_1266": [2, 3], "car_1267": [1, 7], "car_1264": [6, 5], "car_1265": [0, 3], "car_1262": [0, 6], "car_1263": [2, 6], "car_1260": [5, 1], "car_1261": [4, 0], "car_1268": [2, 5], "car_1269": [7, 2], "car_1048": [7, 1], "car_1049": [6, 1], "car_1042": [3, 5], "car_1043": [2, 1], "car_1040": [0, 6], "car_1041": [1, 6], "car_1046": [6, 3], "car_1047": [2, 5], "car_1044": [7, 1], "car_1045": [4, 3], "car_78": [5, 0], "car_79": [4, 1], "car_72": [6, 1], "car_73": [5, 4], "car_70": [5, 6], "car_71": [4, 7], "car_76": [0, 2], "car_77": [2, 1], "car_74": [7, 1], "car_75": [1, 4], "car_992": [0, 2], "car_993": [4, 6], "car_990": [3, 5], "car_991": [0, 4], "car_996": [1, 7], "car_997": [3, 0], "car_994": [3, 4], "car_995": [2, 3], "car_998": [4, 1], "car_999": [1, 4], "car_578": [6, 1], "car_579": [0, 7], "car_553": [7, 5], "car_570": [1, 0], "car_571": [6, 4], "car_572": [0, 6], "car_573": [7, 5], "car_574": [6, 1], "car_806": [0, 1], "car_576": [7, 2], "car_577": [4, 3], "car_807": [2, 7], "car_800": [3, 0], "car_801": [6, 4], "car_802": [1, 2], "car_803": [3, 4], "car_619": [2, 4], "car_618": [7, 3], "car_615": [2, 0], "car_614": [0, 2], "car_617": [5, 0], "car_616": [0, 5], "car_611": [1, 0], "car_610": [2, 4], "car_613": [4, 3], "car_612": [3, 1], "car_769": [5, 2], "car_768": [5, 3], "car_761": [0, 2], "car_760": [1, 0], "car_763": [4, 2], "car_762": [3, 7], "car_765": [5, 4], "car_764": [2, 6], "car_767": [1, 0], "car_766": [6, 4], "car_575": [2, 3], "car_1305": [5, 6], "car_1304": [2, 6], "car_1307": [6, 3], "car_1306": [1, 6], "car_1301": [1, 4], "car_1300": [0, 5], "car_1303": [1, 3], "car_1302": [3, 5], "car_1309": [1, 5], "car_1308": [3, 5], "car_389": [2, 7], "car_388": [6, 3], "car_387": [4, 7], "car_386": [3, 4], "car_385": [5, 1], "car_384": [3, 6], "car_383": [3, 4], "car_382": [1, 6], "car_381": [1, 7], "car_380": [3, 2], "car_141": [0, 7], "car_140": [3, 2], "car_143": [7, 4], "car_142": [0, 5], "car_145": [3, 7], "car_144": [1, 2], "car_147": [0, 1], "car_146": [4, 0], "car_149": [5, 2], "car_148": [2, 1], "car_1279": [1, 3], "car_1278": [6, 0], "car_1271": [3, 5], "car_1270": [1, 3], "car_1273": [5, 0], "car_1272": [2, 0], "car_1275": [0, 3], "car_1274": [3, 2], "car_1277": [3, 7], "car_1276": [7, 0], "car_1059": [6, 1], "car_1058": [4, 3], "car_1055": [5, 1], "car_1054": [2, 5], "car_1057": [1, 7], "car_1056": [7, 1], "car_1051": [1, 7], "car_1050": [4, 6], "car_1053": [0, 5], "car_1052": [4, 7], "car_69": [2, 7], "car_68": [0, 6], "car_61": [7, 2], "car_60": [2, 5], "car_63": [2, 0], "car_62": [6, 5], "car_65": [1, 2], "car_64": [5, 4], "car_67": [6, 2], "car_66": [5, 2], "car_969": [1, 5], "car_968": [2, 3], "car_967": [4, 0], "car_966": [1, 0], "car_965": [6, 1], "car_964": [3, 6], "car_963": [5, 2], "car_962": [3, 6], "car_961": [6, 5], "car_960": [7, 4], "car_545": [1, 5], "car_544": [5, 1], "car_547": [3, 5], "car_546": [3, 0], "car_541": [4, 5], "car_540": [2, 1], "car_543": [2, 7], "car_542": [6, 1], "car_549": [1, 3], "car_548": [7, 3], "car_819": [6, 5], "car_818": [1, 2], "car_33": [0, 5], "car_608": [2, 4], "car_609": [5, 6], "car_602": [5, 2], "car_603": [6, 7], "car_600": [4, 7], "car_601": [1, 3], "car_606": [3, 1], "car_607": [0, 4], "car_604": [2, 7], "car_605": [1, 2], "car_776": [5, 6], "car_777": [7, 4], "car_774": [0, 2], "car_775": [2, 3], "car_772": [1, 0], "car_773": [3, 5], "car_770": [6, 5], "car_771": [2, 6], "car_778": [1, 4], "car_779": [0, 5], "car_398": [2, 6], "car_399": [3, 5], "car_394": [1, 6], "car_395": [3, 7], "car_396": [6, 0], "car_397": [0, 1], "car_390": [2, 3], "car_391": [6, 1], "car_392": [2, 7], "car_393": [5, 2], "car_158": [6, 1], "car_159": [2, 1], "car_156": [7, 2], "car_157": [1, 6], "car_154": [3, 5], "car_155": [2, 6], "car_152": [2, 3], "car_153": [5, 0], "car_150": [1, 2], "car_151": [0, 3], "car_1208": [6, 0], "car_1209": [0, 3], "car_1204": [7, 0], "car_1205": [2, 0], "car_1206": [7, 3], "car_1207": [1, 3], "car_1200": [0, 7], "car_1201": [2, 6], "car_1202": [7, 2], "car_1203": [5, 6], "car_1198": [6, 4], "car_1199": [5, 6], "car_1194": [2, 5], "car_1195": [1, 2], "car_1196": [4, 2], "car_1197": [0, 1], "car_1190": [0, 4], "car_1191": [7, 2], "car_1192": [1, 4], "car_1193": [3, 2], "car_978": [1, 7], "car_979": [4, 3], "car_974": [1, 5], "car_975": [3, 1], "car_976": [6, 7], "car_977": [2, 4], "car_970": [3, 0], "car_971": [6, 7], "car_972": [0, 5], "car_973": [5, 3], "car_1424": [6, 5], "car_1425": [2, 4], "car_1426": [1, 3], "car_1427": [3, 7], "car_1420": [0, 3], "car_1421": [1, 4], "car_1422": [6, 7], "car_1423": [5, 1], "car_1428": [4, 7], "car_1429": [5, 1], "car_54": [2, 7], "car_55": [3, 5], "car_56": [6, 1], "car_57": [1, 6], "car_50": [5, 3], "car_51": [7, 0], "car_52": [5, 1], "car_53": [3, 4], "car_58": [3, 7], "car_59": [4, 1], "car_552": [5, 7], "car_805": [1, 7], "car_550": [4, 2], "car_551": [0, 3], "car_556": [1, 6], "car_557": [0, 2], "car_554": [0, 3], "car_555": [7, 5], "car_558": [1, 0], "car_559": [2, 0], "car_808": [3, 1], "car_809": [4, 2], "car_703": [2, 7], "car_702": [4, 7], "car_701": [3, 4], "car_700": [1, 7], "car_707": [7, 0], "car_706": [2, 7], "car_705": [6, 1], "car_704": [3, 5], "car_709": [4, 1], "car_708": [3, 4], "car_129": [7, 1], "car_128": [5, 3], "car_123": [1, 2], "car_122": [5, 3], "car_121": [2, 6], "car_120": [4, 2], "car_127": [7, 0], "car_126": [1, 5], "car_125": [0, 7], "car_124": [3, 5], "car_1219": [5, 1], "car_1218": [6, 2], "car_1217": [3, 4], "car_1216": [5, 4], "car_1215": [6, 1], "car_1214": [4, 2], "car_1213": [2, 4], "car_1212": [6, 1], "car_1211": [4, 5], "car_1210": [2, 1], "car_1415": [4, 3], "car_1414": [1, 6], "car_1417": [5, 6], "car_1416": [0, 6], "car_1411": [6, 0], "car_1410": [3, 5], "car_237": [4, 6], "car_236": [1, 6], "car_235": [7, 2], "car_234": [6, 2], "car_233": [3, 4], "car_232": [6, 0], "car_231": [3, 6], "car_230": [2, 6], "car_1412": [2, 7], "car_239": [6, 5], "car_238": [0, 3], "car_1189": [1, 5], "car_1188": [5, 1], "car_1187": [2, 6], "car_1186": [2, 4], "car_1185": [0, 3], "car_1184": [3, 1], "car_1183": [1, 5], "car_1182": [4, 3], "car_1181": [1, 3], "car_1180": [1, 7], "car_949": [2, 6], "car_948": [2, 5], "car_941": [6, 1], "car_940": [4, 5], "car_943": [3, 6], "car_942": [2, 5], "car_945": [6, 7], "car_944": [4, 3], "car_947": [1, 6], "car_946": [7, 0], "car_1436": [7, 4], "car_1435": [6, 3], "car_1434": [7, 3], "car_1433": [5, 0], "car_1432": [6, 5], "car_1431": [4, 7], "car_1430": [7, 0], "car_493": [7, 3], "car_492": [2, 1], "car_491": [5, 2], "car_490": [6, 0], "car_497": [6, 5], "car_496": [3, 4], "car_495": [2, 1], "car_494": [4, 5], "car_499": [1, 2], "car_498": [2, 4], "car_43": [7, 5], "car_42": [2, 6], "car_41": [0, 6], "car_40": [7, 5], "car_47": [4, 1], "car_46": [7, 2], "car_45": [6, 3], "car_44": [0, 3], "car_49": [2, 6], "car_48": [6, 3], "car_831": [0, 1], "car_830": [6, 1], "car_833": [4, 1], "car_832": [5, 0], "car_835": [6, 1], "car_834": [1, 0], "car_837": [5, 1], "car_836": [0, 4], "car_839": [3, 2], "car_838": [7, 1], "car_710": [6, 4], "car_711": [0, 4], "car_712": [7, 1], "car_713": [1, 2], "car_714": [3, 5], "car_715": [1, 3], "car_716": [3, 5], "car_717": [6, 4], "car_718": [6, 4], "car_719": [7, 3], "car_138": [3, 2], "car_139": [4, 6], "car_130": [5, 1], "car_131": [4, 6], "car_132": [6, 4], "car_133": [6, 5], "car_134": [5, 0], "car_135": [3, 6], "car_136": [4, 5], "car_137": [5, 6], "car_1222": [2, 4], "car_1223": [7, 6], "car_1220": [1, 2], "car_1221": [0, 2], "car_1226": [7, 4], "car_1227": [1, 2], "car_1224": [3, 6], "car_1225": [5, 3], "car_1228": [5, 7], "car_1229": [3, 0], "car_224": [6, 0], "car_225": [0, 6], "car_226": [5, 6], "car_227": [7, 3], "car_220": [0, 5], "car_221": [1, 7], "car_222": [4, 7], "car_223": [4, 1], "car_228": [4, 2], "car_229": [4, 7], "car_1086": [3, 7], "car_1087": [4, 2], "car_1084": [4, 2], "car_1085": [1, 4], "car_1082": [7, 0], "car_1083": [3, 5], "car_1080": [2, 7], "car_1081": [5, 7], "car_1088": [6, 5], "car_1089": [5, 7], "car_956": [2, 6], "car_957": [1, 4], "car_954": [5, 2], "car_955": [3, 0], "car_952": [7, 5], "car_953": [6, 2], "car_950": [5, 6], "car_951": [4, 3], "car_958": [0, 3], "car_959": [2, 3], "car_1158": [1, 2], "car_1159": [6, 1], "car_1408": [3, 0], "car_1409": [6, 5], "car_1150": [5, 2], "car_1151": [4, 7], "car_1152": [7, 6], "car_1153": [1, 4], "car_1154": [0, 4], "car_1155": [1, 7], "car_1156": [4, 3], "car_1157": [6, 7], "car_480": [0, 7], "car_481": [2, 0], "car_482": [3, 0], "car_483": [6, 1], "car_484": [2, 1], "car_485": [7, 5], "car_486": [1, 5], "car_487": [4, 1], "car_488": [5, 0], "car_489": [4, 3], "car_853": [3, 7], "car_852": [6, 4], "car_851": [1, 7], "car_582": [5, 1], "car_857": [4, 5], "car_856": [1, 0], "car_855": [0, 7], "car_854": [6, 4], "car_828": [1, 0], "car_829": [3, 5], "car_826": [6, 3], "car_827": [5, 7], "car_824": [5, 7], "car_825": [4, 2], "car_822": [6, 3], "car_823": [6, 0], "car_820": [5, 7], "car_821": [1, 3], "car_729": [2, 7], "car_728": [6, 3], "car_725": [0, 1], "car_724": [6, 5], "car_727": [1, 6], "car_726": [5, 3], "car_721": [4, 7], "car_720": [1, 5], "car_723": [4, 6], "car_722": [1, 6], "car_105": [1, 7], "car_104": [7, 6], "car_107": [6, 2], "car_106": [4, 7], "car_101": [3, 7], "car_100": [5, 6], "car_103": [0, 7], "car_102": [4, 2], "car_109": [0, 1], "car_108": [4, 3], "car_1235": [1, 4], "car_1234": [7, 5], "car_1237": [6, 0], "car_1236": [4, 0], "car_1231": [7, 4], "car_1230": [6, 4], "car_1233": [2, 0], "car_1232": [1, 2], "car_1239": [3, 6], "car_1238": [1, 3], "car_211": [7, 3], "car_210": [7, 0], "car_213": [2, 4], "car_212": [1, 4], "car_215": [3, 4], "car_214": [1, 4], "car_217": [2, 1], "car_216": [4, 6], "car_219": [6, 2], "car_218": [1, 7], "car_923": [2, 3], "car_922": [0, 5], "car_921": [3, 0], "car_920": [7, 0], "car_927": [5, 2], "car_926": [4, 2], "car_925": [5, 6], "car_924": [5, 2], "car_929": [4, 2], "car_928": [7, 1], "car_1149": [2, 3], "car_1148": [6, 1], "car_1419": [3, 0], "car_1418": [7, 2], "car_1143": [3, 6], "car_1142": [7, 6], "car_1141": [0, 7], "car_1140": [6, 7], "car_1147": [4, 7], "car_1146": [3, 0], "car_1145": [6, 5], "car_1144": [4, 2], "car_1099": [6, 5], "car_1098": [3, 0], "car_1091": [6, 7], "car_1090": [3, 5], "car_1093": [5, 4], "car_1092": [0, 1], "car_1095": [4, 2], "car_1094": [7, 2], "car_1097": [1, 2], "car_1096": [7, 4], "car_589": [2, 6], "car_588": [4, 6], "car_859": [2, 0], "car_858": [0, 4], "car_581": [2, 1], "car_580": [3, 2], "car_583": [7, 6], "car_850": [5, 0], "car_585": [2, 7], "car_584": [4, 0], "car_587": [6, 1], "car_586": [1, 2], "car_457": [1, 6], "car_456": [7, 3], "car_455": [2, 0], "car_454": [1, 7], "car_453": [7, 1], "car_452": [2, 0], "car_451": [6, 1], "car_450": [1, 0], "car_459": [1, 0], "car_458": [6, 0], "car_738": [6, 1], "car_739": [7, 1], "car_733": [0, 6], "car_732": [6, 7], "car_32": [6, 5], "car_730": [5, 7], "car_731": [7, 5], "car_736": [7, 2], "car_737": [3, 7], "car_734": [2, 7], "car_735": [5, 6], "car_38": [7, 5], "car_39": [2, 0], "car_112": [7, 5], "car_113": [2, 4], "car_110": [7, 5], "car_111": [3, 6], "car_116": [0, 7], "car_117": [2, 4], "car_114": [7, 1], "car_115": [6, 1], "car_118": [7, 4], "car_119": [3, 0], "car_208": [1, 6], "car_209": [2, 5], "car_206": [5, 2], "car_207": [7, 1], "car_204": [4, 6], "car_205": [2, 4], "car_202": [2, 3], "car_203": [3, 5], "car_200": [1, 0], "car_201": [3, 4], "car_1398": [6, 0], "car_1399": [2, 4], "car_1392": [0, 7], "car_1393": [5, 0], "car_1390": [5, 7], "car_1391": [7, 5], "car_1396": [5, 4], "car_1397": [3, 7], "car_1394": [4, 6], "car_1395": [2, 5], "car_930": [6, 7], "car_931": [5, 7], "car_932": [7, 1], "car_933": [4, 1], "car_934": [0, 4], "car_935": [7, 0], "car_936": [3, 6], "car_937": [4, 5], "car_938": [2, 1], "car_939": [1, 7], "car_6": [6, 3], "car_7": [0, 6], "car_4": [2, 4], "car_5": [3, 6], "car_2": [4, 6], "car_3": [2, 5], "car_1178": [5, 2], "car_1": [3, 6], "car_1176": [4, 7], "car_1177": [0, 6], "car_1174": [1, 3], "car_1175": [3, 6], "car_1172": [2, 0], "car_1173": [5, 2], "car_8": [3, 5], "car_9": [4, 0], "car_98": [4, 5], "car_99": [2, 4], "car_90": [3, 5], "car_91": [5, 3], "car_92": [1, 6], "car_93": [0, 4], "car_94": [5, 7], "car_95": [3, 1], "car_96": [5, 2], "car_97": [7, 5], "car_596": [3, 5], "car_597": [0, 4], "car_594": [6, 2], "car_595": [7, 2], "car_592": [5, 1], "car_593": [1, 5], "car_590": [4, 6], "car_591": [6, 1], "car_598": [5, 6], "car_599": [7, 6], "car_848": [4, 3], "car_849": [0, 4], "car_840": [3, 5], "car_841": [5, 4], "car_842": [4, 7], "car_843": [0, 7], "car_844": [2, 3], "car_845": [7, 3], "car_846": [3, 0], "car_847": [6, 0], "car_444": [5, 4], "car_445": [1, 2], "car_446": [3, 4], "car_447": [6, 5], "car_440": [7, 4], "car_441": [1, 2], "car_442": [5, 4], "car_443": [4, 3], "car_448": [5, 1], "car_449": [7, 5], "car_695": [1, 2], "car_694": [2, 1], "car_697": [4, 7], "car_696": [3, 0], "car_691": [1, 6], "car_690": [0, 5], "car_693": [4, 2], "car_692": [3, 0], "car_699": [0, 7], "car_698": [6, 1], "car_279": [0, 6], "car_278": [1, 7], "car_273": [5, 6], "car_272": [3, 5], "car_271": [1, 4], "car_270": [0, 6], "car_277": [0, 7], "car_276": [4, 5], "car_275": [3, 5], "car_274": [7, 1], "car_1389": [1, 3], "car_1388": [6, 1], "car_1385": [7, 3], "car_1384": [5, 4], "car_1387": [3, 7], "car_1386": [1, 6], "car_1381": [5, 6], "car_1380": [2, 4], "car_1383": [6, 3], "car_1382": [3, 4], "car_307": [3, 2], "car_306": [5, 2], "car_305": [0, 7], "car_304": [1, 7], "car_303": [7, 4], "car_302": [7, 0], "car_301": [5, 4], "car_300": [2, 5], "car_804": [7, 2], "car_309": [4, 6], "car_308": [2, 6], "car_909": [2, 0], "car_908": [4, 7], "car_905": [6, 3], "car_904": [2, 5], "car_907": [1, 2], "car_906": [7, 1], "car_901": [6, 4], "car_900": [4, 0], "car_903": [1, 5], "car_902": [0, 1], "car_1161": [6, 3], "car_1160": [3, 1], "car_1163": [2, 3], "car_1162": [4, 7], "car_1165": [4, 6], "car_1164": [1, 4], "car_1167": [0, 4], "car_1166": [6, 3], "car_1169": [0, 2], "car_1168": [6, 4], "car_87": [0, 1], "car_86": [5, 6], "car_85": [2, 0], "car_84": [2, 1], "car_83": [4, 6], "car_82": [5, 7], "car_81": [1, 6], "car_80": [6, 3], "car_89": [6, 1], "car_88": [4, 6], "car_875": [4, 2], "car_874": [0, 6], "car_877": [0, 7], "car_876": [6, 1], "car_871": [4, 0], "car_870": [0, 1], "car_873": [4, 3], "car_872": [1, 4], "car_879": [4, 7], "car_878": [7, 2], "car_471": [5, 7], "car_470": [7, 1], "car_473": [0, 7], "car_472": [3, 0], "car_475": [2, 0], "car_474": [0, 1], "car_477": [2, 5], "car_476": [6, 7], "car_479": [6, 7], "car_478": [4, 0], "car_682": [3, 0], "car_683": [2, 3], "car_680": [6, 3], "car_681": [0, 6], "car_686": [2, 6], "car_687": [1, 0], "car_684": [5, 0], "car_685": [3, 7], "car_688": [4, 1], "car_689": [3, 4], "car_268": [7, 3], "car_269": [6, 2], "car_260": [3, 5], "car_261": [1, 6], "car_262": [2, 0], "car_263": [3, 6], "car_264": [4, 2], "car_265": [6, 1], "car_266": [0, 1], "car_267": [5, 3], "car_1370": [4, 0], "car_1371": [3, 5], "car_1372": [6, 3], "car_1373": [1, 3], "car_1374": [0, 6], "car_1375": [7, 4], "car_1376": [1, 7], "car_1377": [2, 5], "car_1378": [5, 7], "car_1379": [6, 0], "car_314": [6, 1], "car_315": [7, 4], "car_316": [4, 1], "car_317": [6, 0], "car_310": [1, 3], "car_311": [3, 0], "car_312": [2, 3], "car_313": [3, 0], "car_318": [2, 5], "car_319": [2, 3], "car_918": [3, 2], "car_919": [6, 0], "car_912": [3, 2], "car_913": [0, 1], "car_910": [6, 7], "car_911": [0, 6], "car_916": [2, 1], "car_917": [5, 3], "car_914": [5, 7], "car_915": [1, 2], "car_1114": [3, 6], "car_1115": [6, 1], "car_1116": [5, 3], "car_1117": [3, 6], "car_1110": [3, 2], "car_1111": [6, 0], "car_1112": [2, 7], "car_1113": [1, 2], "car_1118": [6, 7], "car_1119": [5, 3], "car_1284": [0, 1], "car_1285": [1, 3], "car_1286": [3, 1], "car_1287": [2, 4], "car_1280": [1, 6], "car_1281": [4, 6], "car_1282": [6, 2], "car_1283": [5, 0], "car_1288": [0, 5], "car_1289": [2, 6], "car_1028": [3, 5], "car_1029": [4, 2], "car_1020": [6, 1], "car_1021": [0, 6], "car_1022": [5, 2], "car_1023": [7, 2], "car_1024": [7, 0], "car_1025": [1, 2], "car_1026": [4, 0], "car_1027": [2, 0], "car_862": [3, 6], "car_863": [4, 1], "car_860": [5, 6], "car_861": [7, 5], "car_866": [4, 7], "car_867": [5, 0], "car_864": [6, 2], "car_865": [0, 6], "car_868": [4, 7], "car_869": [6, 3]}