{"car_2009": [6, 7], "car_2229": [5, 7], "car_2228": [2, 3], "car_468": [6, 7], "car_469": [7, 5], "car_466": [5, 0], "car_467": [7, 5], "car_464": [0, 5], "car_465": [2, 5], "car_462": [7, 1], "car_463": [4, 3], "car_460": [1, 3], "car_461": [0, 5], "car_817": [4, 5], "car_816": [3, 7], "car_815": [1, 2], "car_814": [5, 4], "car_813": [2, 0], "car_812": [0, 1], "car_2072": [7, 3], "car_811": [4, 3], "car_2073": [3, 7], "car_810": [5, 0], "car_679": [4, 1], "car_678": [3, 4], "car_677": [1, 4], "car_676": [5, 7], "car_675": [2, 4], "car_674": [0, 7], "car_673": [1, 2], "car_672": [7, 4], "car_671": [5, 3], "car_670": [0, 3], "car_2078": [2, 5], "car_2079": [1, 6], "car_2341": [0, 2], "car_2223": [7, 0], "car_789": [4, 5], "car_788": [3, 0], "car_2222": [3, 6], "car_783": [6, 5], "car_782": [3, 5], "car_781": [7, 0], "car_780": [2, 4], "car_787": [5, 4], "car_786": [2, 5], "car_785": [5, 2], "car_784": [2, 1], "car_2220": [7, 6], "car_0": [0, 2], "car_2227": [0, 1], "car_1179": [6, 5], "car_2226": [4, 0], "car_2225": [3, 0], "car_2224": [1, 0], "car_255": [6, 0], "car_254": [4, 5], "car_257": [7, 5], "car_256": [0, 2], "car_251": [0, 7], "car_250": [6, 5], "car_253": [1, 4], "car_252": [2, 6], "car_1961": [0, 7], "car_1960": [6, 4], "car_1963": [1, 2], "car_1962": [2, 1], "car_259": [3, 5], "car_258": [1, 4], "car_1967": [7, 6], "car_1966": [5, 4], "car_1170": [5, 4], "car_1171": [3, 0], "car_1565": [2, 6], "car_1564": [0, 1], "car_1567": [3, 6], "car_1566": [7, 6], "car_1561": [5, 2], "car_1560": [2, 3], "car_1563": [4, 6], "car_1562": [1, 5], "car_1569": [0, 1], "car_1568": [6, 5], "car_1413": [2, 3], "car_1363": [2, 5], "car_1362": [6, 4], "car_1361": [4, 5], "car_1360": [3, 6], "car_1367": [0, 6], "car_1366": [6, 0], "car_1365": [4, 3], "car_1364": [5, 1], "car_1369": [3, 4], "car_1368": [1, 7], "car_321": [4, 2], "car_320": [3, 6], "car_323": [2, 4], "car_322": [6, 2], "car_325": [7, 3], "car_324": [5, 6], "car_327": [4, 0], "car_326": [1, 2], "car_329": [7, 2], "car_328": [6, 2], "car_1107": [1, 5], "car_1106": [5, 1], "car_1105": [0, 1], "car_1104": [6, 1], "car_1103": [3, 6], "car_1102": [2, 1], "car_1101": [6, 2], "car_1100": [7, 3], "car_1109": [6, 2], "car_1108": [3, 6], "car_1297": [4, 7], "car_1296": [5, 6], "car_1295": [0, 1], "car_1294": [0, 6], "car_1293": [4, 5], "car_1292": [3, 7], "car_1291": [7, 4], "car_1290": [2, 6], "car_1299": [7, 4], "car_1298": [5, 3], "car_2036": [6, 5], "car_2037": [2, 4], "car_1039": [3, 0], "car_1038": [1, 3], "car_1749": [3, 0], "car_1748": [1, 6], "car_2030": [5, 1], "car_2031": [7, 1], "car_1033": [7, 4], "car_1032": [5, 4], "car_1031": [0, 2], "car_1030": [4, 3], "car_1037": [7, 4], "car_1036": [5, 2], "car_1035": [0, 3], "car_1034": [4, 3], "car_1589": [5, 4], "car_1588": [6, 2], "car_1583": [1, 5], "car_1582": [5, 0], "car_1581": [6, 4], "car_1580": [4, 7], "car_1587": [7, 2], "car_1586": [2, 7], "car_1585": [0, 6], "car_1584": [4, 6], "car_1852": [4, 7], "car_1906": [6, 0], "car_899": [6, 1], "car_898": [1, 5], "car_897": [7, 2], "car_896": [5, 6], "car_895": [2, 1], "car_894": [0, 4], "car_893": [1, 7], "car_892": [1, 7], "car_891": [5, 6], "car_890": [4, 3], "car_2108": [3, 7], "car_2109": [4, 1], "car_2102": [3, 7], "car_2103": [0, 6], "car_2100": [0, 1], "car_2101": [1, 0], "car_2106": [2, 6], "car_2107": [1, 0], "car_2104": [1, 2], "car_2105": [4, 3], "car_1631": [2, 1], "car_1630": [6, 0], "car_1633": [0, 1], "car_1632": [6, 5], "car_1635": [7, 2], "car_1634": [5, 3], "car_1637": [3, 6], "car_1636": [1, 0], "car_1639": [0, 3], "car_1638": [4, 0], "car_1751": [6, 0], "car_1756": [0, 1], "car_419": [0, 4], "car_418": [4, 7], "car_2218": [1, 4], "car_2219": [3, 2], "car_413": [2, 4], "car_412": [0, 1], "car_411": [6, 1], "car_410": [4, 3], "car_417": [1, 3], "car_416": [5, 0], "car_415": [2, 4], "car_414": [6, 5], "car_1679": [1, 6], "car_1678": [7, 6], "car_527": [3, 5], "car_526": [7, 6], "car_525": [2, 5], "car_524": [0, 4], "car_523": [4, 3], "car_522": [5, 4], "car_521": [2, 6], "car_520": [6, 5], "car_1671": [7, 5], "car_1889": [5, 6], "car_529": [0, 6], "car_528": [6, 2], "car_1884": [4, 1], "car_1885": [2, 4], "car_668": [3, 1], "car_669": [6, 4], "car_664": [2, 5], "car_665": [6, 2], "car_666": [5, 1], "car_667": [1, 0], "car_660": [6, 7], "car_661": [0, 2], "car_662": [5, 4], "car_663": [6, 2], "car_1854": [7, 2], "car_798": [5, 1], "car_799": [4, 2], "car_790": [5, 7], "car_791": [7, 5], "car_792": [6, 1], "car_793": [2, 4], "car_794": [7, 1], "car_795": [4, 2], "car_796": [6, 7], "car_797": [2, 5], "car_242": [5, 2], "car_243": [7, 2], "car_240": [1, 4], "car_241": [4, 1], "car_246": [5, 0], "car_247": [1, 6], "car_244": [3, 2], "car_245": [4, 7], "car_1914": [5, 4], "car_1915": [7, 6], "car_248": [1, 2], "car_249": [3, 6], "car_1910": [3, 1], "car_1911": [4, 7], "car_1912": [0, 6], "car_1913": [2, 5], "car_1356": [0, 2], "car_1357": [5, 0], "car_1354": [4, 2], "car_1355": [6, 0], "car_1352": [7, 4], "car_1353": [1, 5], "car_1350": [2, 7], "car_1351": [5, 6], "car_1358": [7, 4], "car_1359": [1, 3], "car_1831": [6, 4], "car_1820": [0, 3], "car_1821": [2, 0], "car_1822": [1, 2], "car_1823": [3, 2], "car_1824": [6, 1], "car_1825": [0, 1], "car_338": [3, 1], "car_339": [4, 7], "car_336": [5, 3], "car_337": [7, 3], "car_334": [5, 3], "car_335": [2, 4], "car_332": [3, 5], "car_333": [0, 3], "car_330": [7, 3], "car_331": [1, 2], "car_1138": [0, 2], "car_1139": [2, 4], "car_1132": [6, 3], "car_1133": [0, 4], "car_1130": [5, 4], "car_1131": [4, 6], "car_1136": [3, 5], "car_1137": [4, 7], "car_1134": [7, 3], "car_1135": [1, 5], "car_1839": [1, 2], "car_1838": [5, 4], "car_2029": [3, 1], "car_2028": [7, 6], "car_2021": [4, 7], "car_2020": [1, 4], "car_2023": [5, 1], "car_2022": [2, 1], "car_2025": [4, 3], "car_2024": [7, 2], "car_2027": [5, 1], "car_2026": [2, 5], "car_1008": [1, 7], "car_1009": [6, 2], "car_1006": [2, 7], "car_1007": [7, 6], "car_1004": [5, 7], "car_1005": [1, 2], "car_1002": [7, 2], "car_1003": [3, 2], "car_1000": [3, 7], "car_1001": [2, 7], "car_1924": [6, 5], "car_36": [7, 3], "car_37": [4, 0], "car_34": [3, 4], "car_35": [4, 7], "car_888": [1, 7], "car_889": [3, 0], "car_30": [0, 6], "car_31": [5, 1], "car_884": [3, 1], "car_885": [0, 1], "car_886": [2, 6], "car_887": [7, 4], "car_880": [7, 4], "car_881": [1, 2], "car_882": [4, 2], "car_883": [1, 3], "car_2119": [5, 1], "car_2118": [2, 5], "car_2115": [3, 1], "car_2114": [1, 4], "car_2117": [6, 7], "car_2116": [4, 3], "car_2111": [0, 1], "car_2110": [7, 3], "car_2113": [7, 6], "car_2112": [5, 4], "car_1644": [5, 4], "car_1645": [7, 5], "car_1646": [3, 4], "car_1647": [0, 4], "car_1640": [2, 3], "car_1641": [5, 6], "car_1642": [3, 6], "car_1643": [0, 1], "car_1648": [5, 3], "car_1649": [7, 0], "car_2159": [5, 4], "car_2158": [0, 3], "car_408": [1, 5], "car_409": [3, 0], "car_2203": [0, 6], "car_2202": [6, 0], "car_2205": [7, 5], "car_2204": [5, 2], "car_2207": [6, 1], "car_2206": [3, 1], "car_400": [3, 4], "car_401": [6, 0], "car_402": [2, 7], "car_403": [5, 1], "car_404": [3, 4], "car_405": [4, 6], "car_406": [6, 1], "car_407": [5, 3], "car_1769": [1, 6], "car_534": [2, 3], "car_535": [1, 5], "car_536": [4, 1], "car_537": [6, 3], "car_530": [5, 6], "car_531": [7, 4], "car_532": [1, 5], "car_533": [4, 3], "car_538": [0, 1], "car_539": [5, 1], "car_2310": [0, 1], "car_659": [4, 3], "car_658": [3, 7], "car_651": [0, 3], "car_650": [1, 3], "car_653": [3, 5], "car_652": [7, 2], "car_655": [2, 3], "car_654": [6, 1], "car_657": [1, 7], "car_656": [5, 3], "car_1929": [1, 7], "car_2195": [6, 0], "car_2194": [5, 3], "car_1764": [3, 1], "car_2197": [3, 7], "car_2196": [5, 4], "car_2191": [4, 7], "car_1928": [5, 1], "car_2190": [3, 1], "car_2193": [2, 7], "car_1909": [1, 6], "car_1908": [2, 7], "car_1907": [0, 4], "car_1763": [1, 0], "car_1905": [7, 2], "car_1904": [5, 6], "car_1903": [2, 7], "car_1902": [4, 5], "car_1901": [7, 3], "car_1900": [0, 3], "car_1349": [6, 2], "car_1348": [7, 5], "car_1762": [7, 0], "car_1341": [4, 2], "car_1340": [7, 1], "car_1343": [0, 4], "car_1342": [6, 5], "car_1345": [1, 7], "car_1344": [7, 1], "car_1347": [0, 6], "car_1346": [6, 1], "car_1833": [1, 3], "car_1832": [0, 7], "car_349": [6, 4], "car_348": [1, 3], "car_1837": [2, 1], "car_1836": [0, 1], "car_1835": [6, 2], "car_1834": [4, 6], "car_343": [6, 7], "car_342": [1, 0], "car_341": [5, 1], "car_340": [0, 5], "car_347": [2, 5], "car_346": [0, 6], "car_345": [1, 7], "car_344": [5, 0], "car_2325": [6, 4], "car_1129": [2, 5], "car_1128": [3, 7], "car_1125": [5, 1], "car_1124": [2, 6], "car_1127": [1, 2], "car_1126": [7, 3], "car_1121": [7, 2], "car_1120": [5, 6], "car_1123": [3, 7], "car_1122": [1, 6], "car_1402": [4, 1], "car_2320": [3, 1], "car_1403": [6, 1], "car_2321": [4, 6], "car_1400": [7, 0], "car_1401": [1, 2], "car_1406": [3, 7], "car_1407": [4, 6], "car_1404": [0, 7], "car_1405": [1, 2], "car_2058": [6, 4], "car_2059": [0, 2], "car_2054": [2, 5], "car_2055": [5, 6], "car_2056": [1, 7], "car_2057": [4, 7], "car_2050": [0, 7], "car_2051": [2, 1], "car_2052": [5, 6], "car_2053": [6, 3], "car_1011": [2, 1], "car_1010": [0, 4], "car_1013": [7, 1], "car_1012": [5, 1], "car_1015": [2, 5], "car_1014": [4, 3], "car_1017": [1, 7], "car_1016": [7, 0], "car_1019": [7, 0], "car_1018": [2, 5], "car_25": [7, 4], "car_24": [0, 3], "car_27": [3, 7], "car_26": [1, 7], "car_21": [3, 6], "car_20": [5, 4], "car_23": [6, 2], "car_22": [4, 3], "car_29": [6, 1], "car_28": [4, 0], "car_1657": [6, 3], "car_1656": [4, 7], "car_1655": [3, 6], "car_1654": [1, 3], "car_1653": [5, 7], "car_1652": [0, 3], "car_1651": [6, 2], "car_1650": [4, 3], "car_1659": [2, 1], "car_1658": [0, 6], "car_1969": [2, 4], "car_2315": [2, 1], "car_1843": [2, 6], "car_435": [2, 7], "car_434": [0, 3], "car_437": [1, 3], "car_436": [5, 7], "car_431": [7, 5], "car_430": [5, 7], "car_433": [6, 1], "car_432": [4, 5], "car_1846": [1, 6], "car_439": [6, 2], "car_438": [3, 5], "car_1847": [3, 0], "car_2274": [0, 2], "car_2275": [5, 2], "car_2276": [7, 2], "car_2277": [4, 3], "car_2270": [6, 1], "car_2271": [5, 1], "car_2272": [3, 6], "car_2273": [4, 6], "car_1845": [7, 5], "car_2278": [6, 5], "car_2279": [0, 6], "car_1848": [6, 1], "car_2289": [3, 2], "car_1968": [4, 1], "car_1849": [0, 6], "car_2288": [7, 1], "car_1965": [6, 0], "car_1964": [3, 4], "car_501": [4, 5], "car_500": [3, 2], "car_503": [0, 4], "car_502": [6, 3], "car_505": [6, 0], "car_504": [7, 5], "car_507": [5, 6], "car_506": [0, 4], "car_509": [1, 2], "car_508": [7, 2], "car_2302": [4, 2], "car_2303": [7, 4], "car_2304": [4, 7], "car_2305": [7, 3], "car_2306": [3, 6], "car_2307": [0, 2], "car_2281": [5, 4], "car_1745": [6, 7], "car_2280": [2, 5], "car_646": [2, 4], "car_647": [3, 7], "car_644": [4, 5], "car_645": [0, 1], "car_642": [1, 2], "car_643": [3, 2], "car_640": [4, 0], "car_641": [0, 7], "car_2314": [6, 1], "car_648": [0, 4], "car_649": [7, 5], "car_1830": [4, 6], "car_1932": [5, 1], "car_1933": [1, 6], "car_1930": [4, 5], "car_1931": [0, 6], "car_1936": [7, 0], "car_1937": [1, 6], "car_1934": [3, 6], "car_1935": [5, 3], "car_1938": [3, 5], "car_1939": [0, 5], "car_1717": [6, 5], "car_1338": [4, 0], "car_1339": [6, 7], "car_1334": [2, 1], "car_1335": [5, 4], "car_1336": [7, 2], "car_1337": [3, 7], "car_1330": [7, 2], "car_1331": [4, 6], "car_1332": [2, 5], "car_1333": [1, 3], "car_1711": [7, 0], "car_358": [0, 6], "car_359": [2, 7], "car_1804": [1, 4], "car_1805": [4, 3], "car_1802": [6, 4], "car_1803": [0, 1], "car_1800": [1, 5], "car_1801": [3, 4], "car_350": [2, 7], "car_351": [7, 5], "car_352": [6, 1], "car_353": [0, 2], "car_354": [7, 4], "car_355": [1, 0], "car_356": [4, 7], "car_357": [6, 2], "car_1482": [5, 3], "car_1483": [7, 2], "car_1480": [3, 4], "car_1481": [2, 4], "car_1486": [3, 1], "car_1487": [7, 4], "car_1484": [1, 5], "car_1485": [4, 3], "car_1488": [1, 5], "car_1489": [6, 2], "car_1240": [7, 0], "car_1241": [1, 3], "car_1242": [0, 4], "car_1243": [2, 1], "car_1244": [5, 2], "car_1245": [7, 4], "car_1246": [4, 6], "car_1247": [6, 4], "car_1248": [2, 5], "car_1249": [1, 0], "car_1747": [7, 1], "car_1879": [4, 6], "car_2049": [4, 3], "car_2048": [1, 6], "car_2047": [2, 5], "car_2046": [4, 7], "car_2045": [3, 6], "car_2044": [5, 3], "car_2043": [2, 1], "car_2042": [0, 3], "car_2041": [6, 7], "car_2040": [4, 6], "car_1064": [1, 0], "car_1065": [4, 0], "car_1066": [0, 6], "car_1067": [2, 1], "car_1060": [4, 7], "car_1061": [6, 4], "car_1062": [0, 3], "car_1063": [2, 5], "car_1068": [5, 2], "car_1069": [7, 4], "car_1798": [5, 1], "car_1799": [7, 4], "car_10": [0, 2], "car_11": [7, 5], "car_12": [1, 2], "car_13": [6, 5], "car_14": [1, 4], "car_15": [4, 5], "car_16": [0, 6], "car_17": [5, 4], "car_18": [7, 4], "car_19": [0, 3], "car_1668": [3, 1], "car_1669": [0, 4], "car_1662": [4, 1], "car_1663": [6, 2], "car_1660": [5, 0], "car_1661": [1, 4], "car_1666": [2, 4], "car_1667": [1, 5], "car_1664": [2, 3], "car_1665": [7, 2], "car_1468": [0, 7], "car_1469": [7, 5], "car_1460": [2, 4], "car_1461": [5, 0], "car_1462": [1, 4], "car_1463": [6, 7], "car_1464": [0, 4], "car_1465": [5, 6], "car_1466": [3, 2], "car_1467": [4, 5], "car_422": [5, 2], "car_423": [7, 2], "car_420": [2, 7], "car_421": [6, 5], "car_426": [2, 1], "car_427": [5, 6], "car_424": [1, 0], "car_425": [0, 6], "car_428": [7, 0], "car_429": [2, 3], "car_2267": [0, 2], "car_2266": [6, 4], "car_2265": [4, 0], "car_2264": [7, 1], "car_2263": [0, 5], "car_2262": [3, 2], "car_2261": [1, 4], "car_2260": [2, 3], "car_2269": [7, 2], "car_2268": [4, 1], "car_2008": [4, 5], "car_2319": [7, 5], "car_2318": [5, 7], "car_518": [5, 6], "car_519": [3, 5], "car_516": [4, 2], "car_517": [6, 4], "car_514": [1, 4], "car_515": [3, 5], "car_512": [0, 1], "car_513": [5, 1], "car_510": [3, 7], "car_511": [6, 5], "car_1870": [3, 5], "car_633": [7, 6], "car_632": [5, 6], "car_631": [2, 7], "car_630": [6, 5], "car_637": [0, 1], "car_636": [6, 3], "car_635": [4, 5], "car_634": [3, 2], "car_639": [3, 7], "car_638": [1, 3], "car_189": [4, 7], "car_188": [3, 2], "car_185": [2, 6], "car_184": [0, 1], "car_187": [1, 4], "car_186": [5, 1], "car_181": [1, 0], "car_180": [7, 3], "car_183": [6, 5], "car_182": [4, 2], "car_749": [7, 4], "car_748": [5, 0], "car_747": [2, 5], "car_746": [0, 1], "car_745": [4, 2], "car_744": [3, 1], "car_743": [7, 2], "car_742": [5, 7], "car_741": [0, 4], "car_740": [4, 5], "car_2131": [7, 2], "car_299": [2, 3], "car_298": [6, 0], "car_1927": [2, 5], "car_1926": [4, 7], "car_1921": [4, 3], "car_1920": [7, 0], "car_1923": [4, 0], "car_1922": [3, 1], "car_291": [7, 4], "car_290": [0, 4], "car_293": [7, 4], "car_292": [3, 5], "car_295": [7, 1], "car_294": [0, 7], "car_297": [4, 2], "car_296": [1, 4], "car_1329": [5, 1], "car_1328": [0, 1], "car_1327": [3, 5], "car_1326": [1, 6], "car_1325": [5, 7], "car_1324": [1, 2], "car_1323": [5, 7], "car_1322": [1, 2], "car_1321": [0, 4], "car_1320": [3, 2], "car_365": [7, 1], "car_364": [0, 6], "car_367": [6, 3], "car_366": [4, 7], "car_361": [1, 0], "car_360": [5, 3], "car_363": [6, 0], "car_362": [3, 2], "car_1811": [2, 3], "car_1810": [4, 3], "car_1813": [3, 7], "car_1812": [7, 1], "car_369": [2, 3], "car_368": [0, 7], "car_1817": [0, 5], "car_1816": [1, 6], "car_167": [5, 7], "car_166": [2, 6], "car_165": [0, 4], "car_164": [4, 7], "car_163": [3, 2], "car_162": [7, 2], "car_161": [5, 6], "car_160": [1, 2], "car_169": [3, 4], "car_168": [1, 2], "car_1495": [7, 2], "car_1494": [5, 4], "car_1497": [4, 7], "car_1496": [3, 7], "car_1491": [5, 4], "car_1490": [0, 4], "car_1493": [6, 4], "car_1492": [1, 3], "car_1499": [0, 1], "car_1498": [6, 2], "car_1253": [2, 7], "car_1252": [7, 4], "car_1251": [0, 2], "car_1250": [6, 4], "car_1257": [2, 4], "car_1256": [0, 6], "car_1255": [3, 4], "car_1254": [7, 4], "car_1259": [0, 4], "car_1258": [5, 0], "car_1868": [2, 6], "car_1789": [6, 2], "car_1788": [4, 1], "car_2070": [2, 1], "car_2071": [5, 3], "car_2076": [4, 2], "car_2077": [6, 5], "car_2074": [5, 0], "car_2075": [7, 3], "car_1781": [2, 6], "car_1780": [6, 5], "car_1783": [3, 7], "car_1782": [5, 3], "car_1785": [7, 4], "car_1784": [0, 1], "car_1787": [3, 0], "car_1786": [1, 6], "car_1077": [4, 5], "car_1076": [3, 1], "car_1075": [5, 7], "car_1074": [4, 0], "car_1073": [3, 6], "car_1072": [2, 6], "car_1071": [6, 4], "car_1070": [4, 5], "car_1079": [2, 3], "car_1078": [0, 5], "car_2139": [6, 5], "car_2034": [1, 3], "car_2300": [0, 1], "car_2035": [3, 7], "car_2301": [5, 4], "car_2032": [3, 7], "car_2033": [6, 3], "car_2138": [4, 3], "car_985": [2, 0], "car_984": [0, 4], "car_987": [1, 2], "car_986": [7, 3], "car_981": [5, 7], "car_980": [2, 6], "car_983": [3, 1], "car_982": [7, 5], "car_1675": [6, 1], "car_1674": [5, 7], "car_1677": [5, 1], "car_1676": [2, 3], "car_989": [6, 1], "car_988": [3, 7], "car_1673": [0, 1], "car_1672": [4, 7], "car_1479": [1, 0], "car_1478": [7, 1], "car_1473": [0, 7], "car_1472": [6, 7], "car_1471": [3, 5], "car_1470": [1, 7], "car_1477": [5, 3], "car_1476": [3, 1], "car_1475": [1, 3], "car_1474": [2, 5], "car_1743": [5, 2], "car_1742": [2, 1], "car_2258": [3, 5], "car_2259": [6, 0], "car_2252": [5, 2], "car_2253": [7, 1], "car_2250": [4, 6], "car_2251": [6, 0], "car_2256": [7, 5], "car_2257": [3, 5], "car_2254": [4, 7], "car_2255": [0, 6], "car_2098": [1, 4], "car_2099": [3, 7], "car_2090": [0, 3], "car_2091": [2, 4], "car_2092": [7, 1], "car_2093": [3, 6], "car_2094": [4, 1], "car_2095": [2, 6], "car_2096": [5, 7], "car_2097": [7, 3], "car_569": [4, 3], "car_568": [1, 6], "car_2328": [3, 5], "car_2329": [6, 5], "car_563": [1, 4], "car_562": [7, 0], "car_561": [5, 1], "car_560": [2, 4], "car_567": [7, 0], "car_566": [0, 4], "car_565": [4, 1], "car_564": [3, 7], "car_2331": [7, 0], "car_620": [5, 4], "car_621": [4, 0], "car_622": [0, 2], "car_623": [5, 1], "car_624": [7, 4], "car_625": [5, 3], "car_626": [1, 6], "car_627": [4, 2], "car_628": [6, 2], "car_629": [7, 3], "car_1869": [1, 6], "car_1866": [3, 6], "car_1867": [4, 6], "car_198": [3, 4], "car_199": [2, 7], "car_192": [7, 4], "car_193": [3, 1], "car_190": [6, 5], "car_191": [0, 1], "car_196": [2, 7], "car_197": [5, 0], "car_194": [6, 5], "car_195": [0, 1], "car_758": [7, 6], "car_759": [1, 5], "car_754": [5, 4], "car_755": [1, 0], "car_756": [3, 0], "car_757": [5, 1], "car_750": [1, 5], "car_751": [4, 3], "car_752": [6, 7], "car_753": [2, 6], "car_1940": [5, 3], "car_286": [7, 1], "car_287": [1, 5], "car_284": [6, 3], "car_285": [2, 7], "car_282": [3, 6], "car_283": [4, 5], "car_280": [7, 0], "car_281": [1, 7], "car_1949": [7, 2], "car_288": [3, 2], "car_289": [5, 4], "car_1948": [3, 1], "car_1312": [7, 5], "car_1313": [1, 6], "car_1310": [0, 1], "car_1311": [5, 6], "car_1316": [4, 6], "car_1317": [0, 4], "car_1314": [6, 1], "car_1315": [2, 4], "car_1318": [2, 7], "car_1319": [5, 6], "car_372": [3, 7], "car_373": [4, 2], "car_370": [0, 5], "car_371": [2, 4], "car_376": [7, 6], "car_377": [3, 7], "car_374": [0, 6], "car_375": [2, 0], "car_1864": [7, 6], "car_1865": [1, 0], "car_378": [0, 7], "car_379": [5, 0], "car_1860": [7, 6], "car_1861": [1, 7], "car_1862": [4, 7], "car_1863": [0, 2], "car_174": [3, 0], "car_175": [5, 1], "car_176": [1, 5], "car_177": [3, 0], "car_170": [6, 4], "car_171": [7, 0], "car_172": [3, 2], "car_173": [6, 3], "car_178": [2, 3], "car_179": [5, 2], "car_2338": [0, 1], "car_1266": [1, 6], "car_1267": [0, 6], "car_1264": [0, 7], "car_1265": [2, 4], "car_1262": [1, 7], "car_1263": [4, 0], "car_1260": [2, 3], "car_1261": [5, 6], "car_1268": [5, 4], "car_1269": [1, 7], "car_2065": [4, 1], "car_2064": [7, 0], "car_1048": [2, 1], "car_1049": [5, 0], "car_2061": [7, 2], "car_2060": [5, 6], "car_2063": [3, 4], "car_2062": [1, 0], "car_1042": [1, 3], "car_1043": [4, 6], "car_1040": [4, 1], "car_1041": [5, 6], "car_1046": [3, 0], "car_1047": [6, 2], "car_1044": [0, 2], "car_1045": [2, 3], "car_78": [7, 6], "car_79": [1, 5], "car_72": [2, 6], "car_73": [1, 0], "car_70": [3, 6], "car_71": [6, 4], "car_76": [0, 1], "car_77": [5, 4], "car_74": [3, 0], "car_75": [4, 0], "car_992": [5, 0], "car_993": [7, 4], "car_990": [0, 5], "car_991": [2, 5], "car_996": [2, 1], "car_997": [5, 2], "car_994": [3, 0], "car_995": [4, 0], "car_1688": [3, 0], "car_1689": [0, 5], "car_998": [7, 6], "car_999": [1, 5], "car_1448": [7, 3], "car_1449": [1, 3], "car_1446": [2, 4], "car_1447": [5, 3], "car_1444": [3, 7], "car_1445": [0, 5], "car_1442": [7, 4], "car_1443": [1, 2], "car_1440": [0, 1], "car_1441": [5, 0], "car_2249": [3, 4], "car_2248": [5, 3], "car_2245": [7, 2], "car_2244": [5, 6], "car_2247": [2, 1], "car_2246": [0, 3], "car_2241": [6, 2], "car_2240": [4, 0], "car_2243": [2, 4], "car_2242": [0, 2], "car_2089": [6, 5], "car_2088": [3, 5], "car_2083": [1, 7], "car_2082": [0, 3], "car_2081": [4, 5], "car_2080": [3, 0], "car_2087": [0, 3], "car_2086": [6, 4], "car_2085": [4, 6], "car_2084": [3, 4], "car_578": [0, 2], "car_579": [2, 3], "car_2333": [5, 6], "car_2332": [3, 6], "car_2335": [1, 7], "car_2334": [7, 4], "car_2337": [4, 5], "car_553": [2, 7], "car_570": [6, 2], "car_571": [7, 0], "car_572": [4, 0], "car_573": [6, 7], "car_574": [2, 6], "car_806": [6, 3], "car_576": [1, 4], "car_577": [6, 0], "car_807": [5, 7], "car_800": [6, 0], "car_801": [0, 1], "car_802": [2, 6], "car_2192": [0, 4], "car_803": [7, 5], "car_2067": [0, 2], "car_2066": [6, 1], "car_619": [0, 1], "car_618": [4, 7], "car_615": [2, 0], "car_614": [7, 0], "car_617": [3, 2], "car_616": [1, 3], "car_611": [3, 0], "car_610": [1, 4], "car_613": [5, 1], "car_612": [6, 2], "car_2151": [1, 7], "car_2150": [7, 1], "car_2069": [3, 2], "car_2068": [7, 3], "car_769": [4, 2], "car_768": [3, 5], "car_761": [6, 7], "car_760": [3, 5], "car_763": [7, 2], "car_762": [0, 7], "car_765": [0, 5], "car_764": [6, 2], "car_767": [1, 5], "car_766": [7, 5], "car_2216": [2, 3], "car_2217": [5, 2], "car_2330": [5, 4], "car_2214": [6, 1], "car_2215": [0, 3], "car_2212": [5, 4], "car_2213": [4, 1], "car_2210": [3, 7], "car_2211": [4, 0], "car_575": [5, 1], "car_1305": [3, 4], "car_1304": [1, 0], "car_1307": [6, 3], "car_1306": [4, 7], "car_1301": [6, 3], "car_1300": [3, 4], "car_1303": [5, 0], "car_1302": [0, 3], "car_1309": [1, 7], "car_1308": [5, 4], "car_389": [6, 7], "car_388": [3, 7], "car_387": [1, 3], "car_386": [7, 3], "car_385": [5, 4], "car_384": [2, 4], "car_383": [6, 7], "car_382": [4, 5], "car_381": [3, 0], "car_380": [7, 6], "car_141": [1, 2], "car_140": [2, 3], "car_143": [4, 0], "car_142": [3, 6], "car_145": [2, 1], "car_144": [0, 5], "car_147": [6, 5], "car_146": [1, 4], "car_149": [1, 7], "car_148": [2, 1], "car_1279": [3, 7], "car_1278": [1, 3], "car_1271": [0, 2], "car_1270": [6, 1], "car_1273": [6, 2], "car_1272": [2, 5], "car_1275": [0, 5], "car_1274": [3, 0], "car_1277": [7, 2], "car_1276": [5, 0], "car_2326": [7, 3], "car_2327": [1, 3], "car_1059": [3, 4], "car_1058": [7, 3], "car_1055": [1, 4], "car_1054": [7, 3], "car_1057": [6, 5], "car_1056": [4, 0], "car_1051": [6, 2], "car_1050": [3, 6], "car_1053": [5, 7], "car_1052": [2, 1], "car_69": [2, 5], "car_68": [5, 4], "car_61": [3, 2], "car_60": [1, 4], "car_63": [1, 2], "car_62": [2, 5], "car_65": [2, 7], "car_64": [0, 2], "car_67": [0, 3], "car_66": [1, 3], "car_1693": [3, 1], "car_1692": [1, 4], "car_1691": [7, 1], "car_1690": [5, 0], "car_1697": [1, 0], "car_1696": [0, 5], "car_969": [6, 3], "car_968": [4, 1], "car_967": [1, 6], "car_966": [7, 1], "car_965": [5, 0], "car_964": [6, 2], "car_963": [3, 2], "car_962": [1, 3], "car_961": [7, 5], "car_960": [0, 7], "car_1451": [0, 6], "car_1450": [3, 6], "car_1453": [3, 2], "car_1452": [7, 0], "car_1455": [0, 2], "car_1454": [6, 3], "car_1457": [7, 2], "car_1456": [2, 3], "car_1459": [6, 5], "car_1458": [1, 7], "car_1680": [4, 1], "car_1681": [4, 2], "car_1682": [0, 2], "car_1683": [2, 4], "car_1684": [4, 5], "car_1685": [6, 0], "car_1891": [1, 7], "car_1686": [7, 3], "car_1890": [7, 2], "car_1687": [1, 3], "car_1893": [2, 5], "car_545": [5, 4], "car_544": [2, 0], "car_547": [3, 1], "car_546": [7, 2], "car_541": [4, 2], "car_540": [7, 0], "car_543": [0, 2], "car_542": [6, 1], "car_1895": [6, 5], "car_549": [5, 4], "car_548": [6, 1], "car_819": [6, 7], "car_818": [4, 5], "car_2344": [3, 7], "car_2345": [6, 2], "car_2346": [3, 0], "car_2347": [6, 3], "car_2340": [4, 5], "car_1897": [5, 2], "car_2342": [7, 2], "car_2343": [1, 4], "car_1896": [0, 1], "car_2348": [0, 6], "car_2349": [1, 6], "car_33": [1, 5], "car_1767": [2, 4], "car_1766": [0, 3], "car_1765": [4, 7], "car_608": [0, 2], "car_609": [5, 0], "car_602": [6, 5], "car_603": [0, 3], "car_600": [7, 4], "car_601": [1, 3], "car_606": [1, 4], "car_607": [6, 5], "car_604": [2, 5], "car_605": [7, 2], "car_1761": [2, 3], "car_1760": [0, 4], "car_776": [5, 4], "car_777": [3, 1], "car_774": [3, 0], "car_775": [0, 1], "car_772": [7, 4], "car_773": [1, 0], "car_770": [0, 7], "car_771": [5, 6], "car_1768": [5, 3], "car_778": [6, 2], "car_779": [0, 3], "car_1750": [4, 5], "car_1994": [3, 5], "car_1995": [5, 7], "car_1996": [3, 6], "car_1997": [4, 7], "car_1990": [2, 1], "car_1991": [5, 4], "car_1992": [7, 1], "car_1993": [1, 3], "car_1998": [6, 1], "car_1999": [5, 6], "car_1842": [0, 6], "car_1806": [0, 4], "car_1840": [4, 0], "car_1841": [6, 7], "car_398": [7, 0], "car_399": [1, 5], "car_1844": [5, 3], "car_1807": [2, 0], "car_394": [6, 1], "car_395": [0, 6], "car_396": [2, 3], "car_397": [5, 6], "car_390": [0, 6], "car_391": [2, 4], "car_392": [3, 2], "car_393": [4, 1], "car_158": [0, 5], "car_159": [7, 5], "car_156": [7, 0], "car_157": [3, 1], "car_154": [7, 1], "car_155": [3, 0], "car_152": [4, 1], "car_153": [6, 2], "car_150": [6, 0], "car_151": [7, 5], "car_1208": [7, 1], "car_1209": [1, 6], "car_1204": [3, 6], "car_1205": [6, 3], "car_1206": [2, 4], "car_1207": [5, 1], "car_1200": [0, 5], "car_1201": [5, 0], "car_1202": [7, 1], "car_1203": [4, 6], "car_1808": [7, 5], "car_1809": [1, 3], "car_1510": [5, 2], "car_1511": [7, 4], "car_1512": [1, 2], "car_1513": [3, 2], "car_1514": [4, 7], "car_1515": [0, 2], "car_1516": [5, 2], "car_1517": [1, 3], "car_1518": [4, 5], "car_1519": [6, 7], "car_1198": [4, 7], "car_1199": [6, 5], "car_1194": [6, 5], "car_1195": [7, 2], "car_1196": [1, 7], "car_1197": [3, 2], "car_1190": [4, 2], "car_1191": [0, 4], "car_1192": [5, 2], "car_1193": [3, 7], "car_2126": [5, 7], "car_2127": [1, 3], "car_978": [4, 7], "car_979": [6, 5], "car_974": [6, 4], "car_975": [2, 1], "car_976": [5, 0], "car_977": [7, 0], "car_970": [0, 3], "car_971": [5, 0], "car_972": [1, 0], "car_973": [3, 0], "car_1424": [6, 1], "car_1425": [2, 1], "car_1426": [7, 5], "car_1427": [3, 0], "car_1420": [0, 7], "car_1421": [7, 1], "car_1422": [1, 4], "car_1423": [4, 1], "car_1428": [0, 1], "car_1429": [7, 3], "car_2128": [3, 2], "car_2129": [4, 2], "car_1738": [4, 0], "car_1739": [2, 0], "car_1730": [6, 1], "car_1731": [0, 4], "car_1732": [2, 0], "car_1733": [3, 6], "car_1734": [4, 1], "car_1735": [2, 3], "car_1736": [2, 4], "car_1737": [7, 6], "car_54": [7, 3], "car_55": [1, 7], "car_56": [0, 7], "car_57": [2, 7], "car_50": [3, 0], "car_51": [4, 7], "car_52": [6, 5], "car_53": [2, 3], "car_58": [5, 0], "car_59": [7, 2], "car_552": [0, 3], "car_805": [4, 7], "car_550": [1, 0], "car_551": [3, 1], "car_556": [1, 0], "car_557": [3, 5], "car_554": [5, 0], "car_555": [7, 4], "car_558": [7, 5], "car_559": [3, 7], "car_808": [7, 3], "car_809": [1, 5], "car_2352": [1, 3], "car_2351": [7, 4], "car_2350": [3, 1], "car_1757": [5, 4], "car_2339": [1, 5], "car_703": [4, 2], "car_702": [3, 6], "car_701": [1, 0], "car_700": [5, 0], "car_707": [1, 3], "car_706": [5, 4], "car_705": [2, 1], "car_704": [0, 4], "car_709": [6, 1], "car_708": [3, 5], "car_2221": [1, 5], "car_2308": [5, 4], "car_2309": [7, 6], "car_1987": [5, 4], "car_1986": [0, 2], "car_1985": [4, 0], "car_1984": [1, 0], "car_1983": [6, 1], "car_1982": [3, 6], "car_1981": [1, 2], "car_1980": [7, 2], "car_1989": [0, 2], "car_1988": [1, 2], "car_1855": [3, 1], "car_1796": [0, 2], "car_1857": [6, 2], "car_1856": [4, 2], "car_1851": [3, 0], "car_1850": [2, 0], "car_1853": [6, 5], "car_1797": [2, 0], "car_2336": [3, 7], "car_1859": [5, 1], "car_1794": [4, 5], "car_2230": [7, 0], "car_129": [5, 3], "car_128": [0, 2], "car_2231": [3, 5], "car_123": [1, 6], "car_122": [2, 5], "car_121": [4, 0], "car_120": [4, 3], "car_127": [6, 7], "car_126": [4, 2], "car_125": [3, 5], "car_124": [1, 7], "car_1790": [2, 4], "car_1219": [5, 0], "car_1218": [2, 3], "car_1217": [0, 1], "car_1216": [6, 0], "car_1215": [3, 5], "car_1214": [1, 2], "car_1213": [5, 2], "car_1212": [2, 6], "car_1211": [0, 6], "car_1210": [3, 2], "car_1415": [4, 3], "car_1414": [3, 6], "car_1417": [5, 2], "car_1416": [2, 4], "car_1411": [7, 6], "car_1410": [2, 5], "car_237": [2, 3], "car_236": [0, 3], "car_235": [6, 3], "car_234": [4, 1], "car_233": [3, 6], "car_232": [5, 7], "car_231": [0, 3], "car_230": [3, 5], "car_1412": [3, 6], "car_239": [7, 4], "car_238": [5, 6], "car_1503": [5, 2], "car_1502": [0, 4], "car_1501": [6, 4], "car_1500": [3, 2], "car_1507": [2, 6], "car_1506": [0, 3], "car_1505": [6, 5], "car_1504": [3, 5], "car_1509": [7, 4], "car_1508": [5, 4], "car_1189": [3, 1], "car_1188": [5, 0], "car_1187": [2, 3], "car_1186": [0, 3], "car_1185": [5, 4], "car_1184": [4, 2], "car_1183": [3, 2], "car_1182": [7, 2], "car_1181": [2, 4], "car_1180": [0, 1], "car_2182": [1, 4], "car_2183": [6, 2], "car_2180": [2, 0], "car_2181": [5, 3], "car_2186": [3, 4], "car_2187": [6, 7], "car_2184": [5, 2], "car_2185": [1, 2], "car_2188": [0, 7], "car_2189": [7, 4], "car_949": [4, 6], "car_948": [1, 2], "car_941": [0, 2], "car_940": [6, 3], "car_943": [1, 2], "car_942": [5, 0], "car_945": [2, 1], "car_944": [6, 5], "car_947": [5, 3], "car_946": [2, 1], "car_1437": [6, 1], "car_1436": [3, 7], "car_1435": [1, 0], "car_1434": [7, 3], "car_1433": [2, 1], "car_1432": [6, 2], "car_1431": [3, 0], "car_1430": [1, 2], "car_1439": [1, 4], "car_1438": [2, 5], "car_2238": [2, 6], "car_493": [7, 1], "car_492": [5, 2], "car_491": [0, 3], "car_490": [4, 2], "car_497": [5, 0], "car_496": [2, 3], "car_495": [6, 2], "car_494": [3, 5], "car_499": [1, 3], "car_498": [7, 0], "car_2296": [3, 7], "car_2297": [4, 3], "car_2294": [2, 5], "car_2239": [3, 0], "car_2292": [7, 5], "car_2293": [3, 2], "car_2290": [6, 2], "car_2291": [2, 3], "car_1918": [6, 5], "car_2298": [5, 3], "car_1919": [5, 4], "car_1729": [1, 7], "car_1728": [7, 5], "car_1723": [2, 6], "car_1722": [0, 4], "car_1721": [4, 2], "car_1720": [3, 4], "car_1727": [2, 0], "car_1726": [4, 1], "car_1725": [3, 7], "car_1724": [7, 5], "car_43": [1, 6], "car_42": [5, 4], "car_41": [0, 1], "car_40": [1, 4], "car_47": [4, 1], "car_46": [6, 4], "car_45": [4, 3], "car_44": [3, 0], "car_49": [1, 0], "car_48": [0, 5], "car_1916": [1, 5], "car_1917": [4, 0], "car_1858": [0, 4], "car_831": [6, 7], "car_830": [4, 2], "car_833": [2, 6], "car_832": [0, 3], "car_835": [1, 2], "car_834": [7, 1], "car_837": [6, 1], "car_836": [3, 6], "car_839": [7, 1], "car_838": [2, 1], "car_2168": [7, 6], "car_2169": [1, 5], "car_2160": [7, 4], "car_2161": [0, 7], "car_2162": [5, 2], "car_2163": [7, 4], "car_2164": [3, 6], "car_2165": [6, 7], "car_2166": [0, 3], "car_2167": [2, 1], "car_1941": [3, 0], "car_710": [0, 2], "car_711": [2, 6], "car_712": [5, 0], "car_713": [3, 2], "car_714": [4, 1], "car_715": [0, 2], "car_716": [4, 0], "car_717": [6, 2], "car_718": [0, 3], "car_719": [2, 4], "car_1892": [4, 2], "car_1894": [4, 7], "car_138": [6, 5], "car_139": [0, 6], "car_130": [4, 0], "car_131": [6, 4], "car_132": [5, 1], "car_133": [3, 1], "car_134": [4, 5], "car_135": [6, 0], "car_136": [7, 6], "car_137": [3, 6], "car_1222": [6, 3], "car_1223": [5, 7], "car_1220": [3, 0], "car_1221": [4, 2], "car_1226": [4, 5], "car_1227": [0, 5], "car_1224": [7, 1], "car_1225": [1, 4], "car_1886": [7, 5], "car_1887": [1, 7], "car_1228": [2, 3], "car_1229": [5, 6], "car_1882": [5, 4], "car_1883": [1, 6], "car_1880": [0, 7], "car_1881": [2, 0], "car_224": [1, 7], "car_225": [3, 5], "car_226": [6, 3], "car_227": [0, 2], "car_220": [2, 7], "car_221": [7, 1], "car_222": [7, 0], "car_223": [7, 2], "car_228": [5, 6], "car_229": [1, 2], "car_1086": [4, 0], "car_1087": [0, 5], "car_1084": [1, 7], "car_1085": [3, 1], "car_1082": [5, 0], "car_1083": [7, 0], "car_1080": [3, 6], "car_1081": [0, 1], "car_1088": [2, 5], "car_1089": [5, 2], "car_1536": [0, 7], "car_1537": [2, 4], "car_1534": [0, 3], "car_1535": [7, 2], "car_1532": [4, 5], "car_1533": [6, 0], "car_1530": [5, 6], "car_1531": [3, 1], "car_1538": [7, 0], "car_1539": [3, 2], "car_956": [0, 4], "car_957": [2, 6], "car_954": [4, 1], "car_955": [6, 4], "car_952": [7, 5], "car_953": [1, 6], "car_950": [0, 7], "car_951": [2, 5], "car_1827": [7, 0], "car_2199": [6, 7], "car_2198": [1, 2], "car_958": [5, 2], "car_959": [6, 7], "car_1158": [0, 3], "car_1159": [2, 3], "car_1408": [6, 7], "car_1409": [0, 7], "car_1829": [3, 0], "car_1150": [2, 1], "car_1151": [5, 1], "car_1152": [3, 4], "car_1153": [0, 2], "car_1154": [5, 0], "car_1155": [3, 2], "car_1156": [4, 2], "car_1157": [6, 2], "car_1826": [5, 4], "car_480": [6, 3], "car_481": [2, 7], "car_482": [7, 0], "car_483": [1, 4], "car_484": [3, 2], "car_485": [0, 1], "car_486": [5, 2], "car_487": [7, 2], "car_488": [1, 6], "car_489": [3, 5], "car_2283": [3, 7], "car_2282": [1, 2], "car_2285": [0, 7], "car_2284": [6, 0], "car_2287": [5, 3], "car_2286": [2, 7], "car_853": [2, 6], "car_852": [4, 3], "car_851": [2, 7], "car_582": [3, 2], "car_1718": [2, 5], "car_1719": [5, 3], "car_1716": [5, 1], "car_857": [7, 6], "car_1714": [0, 4], "car_1715": [2, 1], "car_1712": [1, 6], "car_1713": [4, 2], "car_1710": [0, 2], "car_856": [5, 4], "car_1828": [1, 2], "car_855": [6, 7], "car_854": [3, 7], "car_828": [5, 6], "car_829": [7, 0], "car_826": [6, 1], "car_827": [2, 3], "car_824": [1, 6], "car_825": [3, 6], "car_822": [5, 3], "car_823": [7, 1], "car_820": [0, 7], "car_821": [2, 7], "car_2179": [0, 6], "car_2178": [6, 7], "car_2173": [7, 4], "car_2172": [5, 4], "car_2171": [4, 7], "car_2170": [3, 5], "car_2177": [7, 3], "car_2176": [5, 4], "car_2175": [2, 0], "car_2174": [0, 4], "car_729": [1, 7], "car_728": [5, 3], "car_725": [6, 4], "car_724": [4, 3], "car_727": [2, 5], "car_726": [0, 1], "car_721": [7, 4], "car_720": [5, 7], "car_723": [3, 7], "car_722": [1, 5], "car_1795": [6, 7], "car_1792": [1, 0], "car_1793": [3, 5], "car_105": [5, 1], "car_104": [2, 7], "car_107": [3, 7], "car_106": [7, 5], "car_101": [7, 1], "car_100": [6, 0], "car_103": [6, 0], "car_102": [4, 7], "car_1888": [6, 5], "car_109": [6, 4], "car_108": [4, 7], "car_1791": [5, 1], "car_1235": [3, 2], "car_1234": [7, 6], "car_1237": [6, 0], "car_1236": [4, 5], "car_1231": [4, 0], "car_1230": [1, 2], "car_1233": [6, 5], "car_1232": [6, 2], "car_1899": [6, 2], "car_1898": [3, 5], "car_1239": [2, 5], "car_1238": [0, 6], "car_211": [2, 7], "car_210": [6, 1], "car_213": [7, 6], "car_212": [5, 3], "car_215": [5, 4], "car_214": [0, 6], "car_217": [3, 7], "car_216": [7, 4], "car_219": [6, 5], "car_218": [4, 7], "car_1529": [4, 5], "car_1528": [1, 3], "car_1521": [7, 6], "car_1520": [5, 4], "car_1523": [1, 5], "car_1522": [3, 6], "car_1525": [4, 0], "car_1524": [3, 2], "car_1527": [7, 4], "car_1526": [0, 1], "car_2313": [3, 7], "car_2312": [1, 7], "car_2311": [7, 2], "car_923": [6, 2], "car_922": [4, 6], "car_921": [4, 1], "car_920": [2, 1], "car_927": [0, 3], "car_926": [4, 6], "car_925": [1, 0], "car_924": [0, 5], "car_2317": [3, 2], "car_929": [5, 7], "car_928": [2, 6], "car_2316": [5, 2], "car_1149": [6, 4], "car_1148": [5, 0], "car_1419": [6, 5], "car_1418": [1, 4], "car_1143": [6, 3], "car_1142": [4, 7], "car_1141": [3, 4], "car_1140": [5, 3], "car_1147": [1, 3], "car_1146": [5, 1], "car_1145": [2, 1], "car_1144": [0, 5], "car_1099": [0, 2], "car_1098": [6, 0], "car_1091": [3, 5], "car_1090": [7, 1], "car_1093": [6, 0], "car_1092": [4, 3], "car_1095": [7, 0], "car_1094": [5, 3], "car_1097": [4, 0], "car_1096": [1, 3], "car_1701": [3, 6], "car_1700": [1, 4], "car_1703": [6, 2], "car_1702": [4, 7], "car_1705": [1, 2], "car_1704": [7, 3], "car_1707": [7, 4], "car_1706": [5, 4], "car_1709": [3, 0], "car_1708": [1, 0], "car_589": [1, 0], "car_588": [7, 0], "car_859": [4, 0], "car_858": [3, 7], "car_1695": [3, 1], "car_581": [7, 2], "car_580": [5, 1], "car_583": [0, 3], "car_850": [0, 4], "car_585": [7, 3], "car_584": [2, 0], "car_587": [6, 7], "car_586": [3, 0], "car_2002": [4, 7], "car_2148": [6, 7], "car_2149": [5, 3], "car_2146": [1, 3], "car_2147": [4, 3], "car_2144": [6, 1], "car_2145": [2, 5], "car_2142": [1, 4], "car_2143": [4, 6], "car_2140": [0, 7], "car_2141": [2, 6], "car_457": [4, 7], "car_456": [3, 6], "car_455": [1, 4], "car_454": [5, 6], "car_453": [0, 2], "car_452": [6, 4], "car_451": [4, 1], "car_450": [1, 3], "car_1878": [3, 1], "car_459": [0, 2], "car_458": [6, 5], "car_1877": [5, 7], "car_1876": [2, 0], "car_1875": [0, 6], "car_1874": [1, 5], "car_1873": [7, 6], "car_1872": [0, 2], "car_738": [7, 3], "car_739": [1, 0], "car_1871": [4, 2], "car_733": [3, 6], "car_732": [5, 6], "car_32": [7, 6], "car_730": [3, 5], "car_731": [4, 0], "car_736": [2, 6], "car_737": [5, 3], "car_734": [4, 0], "car_735": [6, 3], "car_1976": [1, 0], "car_1977": [3, 7], "car_1698": [3, 0], "car_38": [5, 4], "car_39": [7, 2], "car_2295": [1, 7], "car_1978": [0, 5], "car_1979": [2, 4], "car_112": [5, 1], "car_113": [7, 4], "car_110": [0, 3], "car_111": [2, 5], "car_116": [0, 3], "car_117": [7, 5], "car_114": [1, 5], "car_115": [6, 3], "car_118": [1, 3], "car_119": [3, 4], "car_2299": [7, 2], "car_1950": [3, 7], "car_1951": [4, 1], "car_1952": [6, 2], "car_1953": [5, 6], "car_1954": [0, 5], "car_1955": [2, 4], "car_208": [1, 0], "car_209": [4, 5], "car_206": [0, 7], "car_207": [5, 2], "car_204": [3, 4], "car_205": [6, 0], "car_202": [2, 3], "car_203": [5, 0], "car_200": [6, 2], "car_201": [0, 7], "car_1558": [7, 5], "car_1559": [4, 1], "car_1554": [4, 0], "car_1555": [6, 1], "car_1556": [2, 4], "car_1557": [5, 3], "car_1550": [6, 2], "car_1551": [0, 7], "car_1552": [5, 0], "car_1553": [7, 0], "car_1398": [2, 4], "car_1399": [5, 4], "car_1392": [7, 5], "car_1393": [1, 4], "car_1390": [5, 2], "car_1391": [4, 3], "car_1396": [7, 2], "car_1397": [4, 0], "car_1394": [4, 0], "car_1395": [0, 7], "car_930": [3, 6], "car_931": [6, 1], "car_932": [2, 1], "car_933": [5, 3], "car_934": [3, 5], "car_935": [0, 3], "car_936": [5, 6], "car_937": [0, 1], "car_938": [1, 3], "car_939": [3, 6], "car_6": [5, 2], "car_7": [1, 2], "car_4": [6, 1], "car_5": [2, 4], "car_2": [5, 1], "car_3": [3, 5], "car_1178": [4, 7], "car_1": [2, 6], "car_1176": [5, 7], "car_1177": [3, 5], "car_1174": [1, 0], "car_1175": [0, 7], "car_1172": [6, 5], "car_1173": [7, 4], "car_8": [3, 6], "car_9": [4, 5], "car_1774": [6, 2], "car_1775": [5, 0], "car_1776": [3, 2], "car_1777": [1, 7], "car_1770": [4, 7], "car_1771": [6, 4], "car_1772": [7, 4], "car_1773": [1, 2], "car_1778": [3, 1], "car_1779": [4, 7], "car_98": [7, 0], "car_99": [1, 5], "car_90": [6, 5], "car_91": [5, 4], "car_92": [7, 2], "car_93": [1, 2], "car_94": [4, 5], "car_95": [6, 4], "car_96": [2, 5], "car_97": [5, 3], "car_596": [7, 5], "car_597": [3, 5], "car_594": [0, 3], "car_595": [2, 4], "car_592": [1, 7], "car_593": [6, 0], "car_590": [7, 1], "car_591": [5, 3], "car_598": [0, 3], "car_599": [2, 3], "car_848": [0, 3], "car_849": [2, 0], "car_840": [6, 0], "car_841": [0, 2], "car_842": [3, 1], "car_843": [4, 2], "car_844": [0, 1], "car_845": [1, 7], "car_846": [3, 5], "car_847": [4, 3], "car_1608": [0, 5], "car_1609": [5, 6], "car_2153": [6, 2], "car_2152": [4, 0], "car_2155": [2, 5], "car_2154": [0, 1], "car_2157": [6, 1], "car_2156": [4, 5], "car_1600": [5, 1], "car_1601": [7, 0], "car_1602": [4, 3], "car_1603": [6, 3], "car_1604": [2, 5], "car_1605": [5, 2], "car_1606": [4, 0], "car_1607": [6, 2], "car_444": [3, 7], "car_445": [4, 5], "car_446": [1, 4], "car_447": [3, 1], "car_440": [0, 2], "car_441": [5, 4], "car_442": [7, 4], "car_443": [1, 6], "car_448": [5, 6], "car_449": [7, 2], "car_2201": [1, 3], "car_2200": [2, 1], "car_2209": [7, 3], "car_2208": [0, 4], "car_2324": [7, 3], "car_695": [6, 5], "car_694": [3, 5], "car_697": [7, 0], "car_696": [0, 6], "car_691": [6, 0], "car_690": [3, 2], "car_693": [1, 6], "car_692": [0, 7], "car_699": [0, 3], "car_698": [4, 1], "car_1943": [1, 0], "car_1942": [4, 7], "car_279": [2, 7], "car_278": [6, 2], "car_1947": [7, 5], "car_1946": [5, 6], "car_1945": [2, 3], "car_1944": [3, 6], "car_273": [1, 0], "car_272": [5, 2], "car_271": [2, 4], "car_270": [1, 7], "car_277": [4, 5], "car_276": [0, 6], "car_275": [4, 7], "car_274": [3, 1], "car_1925": [1, 6], "car_1549": [3, 6], "car_1548": [5, 6], "car_1547": [0, 7], "car_1546": [1, 7], "car_1545": [7, 1], "car_1544": [5, 7], "car_1543": [2, 0], "car_1542": [0, 5], "car_1541": [6, 7], "car_1540": [4, 6], "car_1389": [0, 6], "car_1388": [6, 3], "car_1385": [7, 6], "car_1384": [5, 0], "car_1387": [4, 0], "car_1386": [1, 7], "car_1381": [5, 6], "car_1380": [0, 7], "car_1383": [0, 4], "car_1382": [3, 7], "car_307": [3, 0], "car_306": [1, 4], "car_305": [7, 2], "car_304": [5, 1], "car_303": [6, 1], "car_302": [3, 7], "car_301": [1, 4], "car_300": [5, 4], "car_804": [1, 5], "car_309": [0, 5], "car_308": [4, 5], "car_909": [1, 0], "car_908": [5, 0], "car_905": [1, 7], "car_904": [7, 2], "car_907": [4, 0], "car_906": [3, 1], "car_901": [0, 2], "car_900": [3, 2], "car_903": [5, 2], "car_902": [2, 0], "car_1161": [1, 7], "car_1160": [7, 5], "car_1163": [0, 4], "car_1162": [3, 1], "car_1165": [1, 2], "car_1164": [2, 5], "car_1167": [1, 7], "car_1166": [6, 3], "car_1169": [6, 5], "car_1168": [4, 2], "car_2322": [6, 0], "car_2010": [2, 0], "car_2011": [3, 7], "car_2012": [0, 4], "car_2013": [2, 5], "car_2014": [5, 7], "car_2015": [1, 7], "car_2016": [5, 2], "car_2017": [7, 4], "car_2018": [3, 0], "car_2019": [4, 3], "car_87": [0, 5], "car_86": [6, 5], "car_85": [4, 6], "car_84": [3, 1], "car_83": [1, 7], "car_82": [7, 1], "car_81": [5, 6], "car_80": [6, 5], "car_2001": [3, 0], "car_89": [3, 0], "car_88": [7, 1], "car_2000": [1, 4], "car_875": [5, 2], "car_874": [6, 7], "car_877": [3, 2], "car_876": [7, 6], "car_871": [0, 7], "car_870": [4, 5], "car_873": [5, 3], "car_872": [2, 6], "car_1694": [6, 1], "car_879": [0, 6], "car_878": [6, 0], "car_1752": [0, 4], "car_1753": [7, 6], "car_1699": [4, 7], "car_2124": [6, 2], "car_2125": [2, 0], "car_1619": [7, 1], "car_1618": [2, 4], "car_2120": [3, 0], "car_2121": [0, 7], "car_2122": [2, 6], "car_2123": [1, 7], "car_1613": [2, 5], "car_1612": [4, 2], "car_1611": [3, 7], "car_1610": [7, 3], "car_1617": [0, 7], "car_1616": [6, 3], "car_1615": [7, 3], "car_1614": [5, 6], "car_1754": [1, 4], "car_1755": [4, 7], "car_2323": [0, 3], "car_471": [6, 2], "car_470": [1, 3], "car_473": [2, 5], "car_472": [0, 6], "car_475": [3, 0], "car_474": [7, 2], "car_477": [0, 4], "car_476": [6, 3], "car_479": [4, 1], "car_478": [3, 0], "car_2232": [0, 4], "car_2233": [7, 3], "car_2234": [1, 2], "car_2235": [3, 4], "car_2236": [6, 7], "car_2237": [7, 1], "car_2038": [5, 4], "car_2039": [3, 7], "car_1819": [3, 7], "car_1818": [5, 4], "car_682": [7, 2], "car_683": [1, 7], "car_680": [2, 7], "car_681": [5, 0], "car_686": [2, 4], "car_687": [5, 3], "car_684": [4, 5], "car_685": [6, 7], "car_688": [7, 3], "car_689": [1, 2], "car_1815": [5, 1], "car_1814": [0, 4], "car_1670": [2, 3], "car_1956": [5, 3], "car_1957": [1, 2], "car_1958": [3, 7], "car_1959": [4, 0], "car_2003": [0, 2], "car_268": [2, 7], "car_269": [5, 6], "car_1974": [2, 0], "car_1975": [5, 1], "car_1972": [3, 2], "car_1973": [4, 5], "car_1970": [7, 0], "car_1971": [1, 0], "car_260": [0, 7], "car_261": [7, 3], "car_262": [1, 7], "car_263": [3, 7], "car_264": [5, 2], "car_265": [7, 0], "car_266": [3, 1], "car_267": [6, 4], "car_1572": [1, 7], "car_1573": [3, 4], "car_1570": [2, 7], "car_1571": [7, 4], "car_1576": [0, 7], "car_1577": [5, 3], "car_1574": [4, 7], "car_1575": [6, 7], "car_1578": [1, 3], "car_1579": [3, 7], "car_1370": [4, 3], "car_1371": [6, 0], "car_1372": [2, 5], "car_1373": [5, 3], "car_1374": [3, 5], "car_1375": [4, 1], "car_1376": [6, 3], "car_1377": [0, 7], "car_1378": [5, 1], "car_1379": [7, 6], "car_314": [6, 3], "car_315": [2, 7], "car_316": [7, 0], "car_317": [4, 6], "car_310": [2, 0], "car_311": [5, 2], "car_312": [7, 4], "car_313": [7, 0], "car_318": [0, 7], "car_319": [1, 4], "car_918": [4, 1], "car_919": [6, 3], "car_912": [1, 2], "car_913": [3, 4], "car_910": [0, 3], "car_911": [7, 2], "car_916": [1, 3], "car_917": [3, 0], "car_914": [6, 4], "car_915": [7, 6], "car_1114": [7, 5], "car_1115": [3, 6], "car_1116": [4, 0], "car_1117": [6, 3], "car_1110": [5, 2], "car_1111": [6, 2], "car_1112": [2, 6], "car_1113": [5, 4], "car_1118": [0, 4], "car_1119": [2, 1], "car_1284": [3, 4], "car_1285": [0, 7], "car_1286": [5, 6], "car_1287": [7, 3], "car_1280": [6, 7], "car_1281": [2, 4], "car_1282": [5, 0], "car_1283": [1, 7], "car_2130": [6, 3], "car_1288": [6, 1], "car_1289": [0, 2], "car_1744": [1, 6], "car_1028": [1, 4], "car_1029": [3, 1], "car_1758": [7, 3], "car_1759": [4, 7], "car_2007": [3, 2], "car_2006": [1, 3], "car_2005": [5, 7], "car_2004": [2, 0], "car_1020": [1, 0], "car_1021": [3, 2], "car_1022": [4, 3], "car_1023": [7, 3], "car_1024": [3, 2], "car_1025": [6, 1], "car_1026": [0, 3], "car_1027": [5, 0], "car_1598": [3, 2], "car_1599": [0, 1], "car_1590": [1, 4], "car_1591": [3, 0], "car_1592": [0, 4], "car_1593": [1, 4], "car_1594": [0, 5], "car_1595": [5, 3], "car_1596": [7, 3], "car_1597": [1, 2], "car_1746": [5, 6], "car_862": [2, 6], "car_863": [5, 4], "car_860": [6, 5], "car_861": [0, 3], "car_866": [6, 2], "car_867": [0, 1], "car_864": [7, 3], "car_865": [4, 3], "car_868": [1, 4], "car_869": [3, 1], "car_1741": [1, 3], "car_2137": [3, 4], "car_2136": [1, 6], "car_2135": [7, 0], "car_2134": [5, 6], "car_2133": [0, 7], "car_2132": [3, 7], "car_1628": [1, 2], "car_1629": [4, 0], "car_1626": [5, 0], "car_1627": [7, 5], "car_1624": [1, 6], "car_1625": [6, 1], "car_1622": [5, 0], "car_1623": [7, 2], "car_1620": [1, 6], "car_1621": [4, 5], "car_1740": [5, 6]}