{"car_468": [6, 7], "car_469": [0, 1], "car_466": [2, 0], "car_467": [3, 4], "car_464": [5, 0], "car_465": [1, 0], "car_462": [7, 4], "car_463": [0, 5], "car_460": [6, 0], "car_461": [2, 4], "car_817": [5, 7], "car_816": [2, 3], "car_815": [7, 3], "car_814": [2, 0], "car_813": [0, 5], "car_812": [4, 6], "car_811": [1, 4], "car_810": [2, 4], "car_679": [3, 1], "car_678": [0, 7], "car_677": [4, 3], "car_676": [3, 0], "car_675": [1, 2], "car_674": [6, 1], "car_673": [4, 0], "car_672": [0, 7], "car_671": [3, 6], "car_670": [7, 0], "car_789": [7, 5], "car_788": [2, 6], "car_783": [7, 6], "car_782": [0, 1], "car_781": [6, 0], "car_780": [4, 3], "car_787": [4, 6], "car_786": [3, 6], "car_785": [5, 6], "car_784": [1, 3], "car_0": [4, 3], "car_1179": [7, 4], "car_255": [1, 5], "car_254": [5, 1], "car_257": [6, 2], "car_256": [3, 4], "car_251": [3, 0], "car_250": [3, 2], "car_253": [2, 5], "car_252": [6, 7], "car_259": [3, 0], "car_258": [0, 1], "car_1170": [2, 7], "car_1171": [7, 2], "car_1413": [3, 2], "car_1363": [6, 2], "car_1362": [7, 3], "car_1361": [5, 1], "car_1360": [0, 2], "car_1367": [0, 4], "car_1366": [6, 5], "car_1365": [4, 0], "car_1364": [1, 5], "car_1369": [1, 0], "car_1368": [5, 4], "car_321": [3, 1], "car_320": [1, 6], "car_323": [0, 1], "car_322": [4, 7], "car_325": [6, 3], "car_324": [3, 0], "car_327": [3, 7], "car_326": [0, 7], "car_329": [3, 6], "car_328": [7, 3], "car_1107": [2, 6], "car_1106": [6, 2], "car_1105": [1, 6], "car_1104": [1, 4], "car_1103": [6, 2], "car_1102": [1, 3], "car_1101": [3, 5], "car_1100": [7, 1], "car_1109": [7, 6], "car_1108": [1, 4], "car_1297": [1, 5], "car_1296": [0, 5], "car_1295": [4, 0], "car_1294": [1, 0], "car_1293": [7, 0], "car_1292": [5, 7], "car_1291": [2, 4], "car_1290": [4, 2], "car_1299": [4, 0], "car_1298": [3, 1], "car_1039": [2, 6], "car_1038": [1, 6], "car_1033": [6, 4], "car_1032": [1, 6], "car_1031": [4, 2], "car_1030": [0, 5], "car_1037": [2, 3], "car_1036": [6, 3], "car_1035": [5, 2], "car_1034": [0, 6], "car_899": [1, 3], "car_898": [0, 6], "car_897": [6, 7], "car_896": [4, 5], "car_895": [0, 7], "car_894": [7, 1], "car_893": [5, 6], "car_892": [6, 5], "car_891": [7, 3], "car_890": [5, 2], "car_419": [3, 1], "car_418": [0, 3], "car_413": [2, 5], "car_412": [0, 2], "car_411": [6, 7], "car_410": [4, 7], "car_417": [7, 0], "car_416": [3, 6], "car_415": [5, 7], "car_414": [5, 0], "car_527": [4, 5], "car_526": [1, 3], "car_525": [5, 7], "car_524": [6, 5], "car_523": [1, 2], "car_522": [7, 0], "car_521": [0, 1], "car_520": [4, 6], "car_529": [2, 7], "car_528": [0, 3], "car_668": [1, 3], "car_669": [2, 6], "car_664": [6, 0], "car_665": [2, 4], "car_666": [1, 2], "car_667": [3, 6], "car_660": [2, 5], "car_661": [0, 3], "car_662": [1, 7], "car_663": [3, 5], "car_798": [0, 3], "car_799": [5, 4], "car_790": [3, 1], "car_791": [0, 6], "car_792": [2, 7], "car_793": [2, 4], "car_794": [4, 2], "car_795": [5, 1], "car_796": [7, 3], "car_797": [6, 5], "car_242": [0, 2], "car_243": [2, 0], "car_240": [7, 0], "car_241": [1, 7], "car_246": [2, 7], "car_247": [5, 7], "car_244": [7, 1], "car_245": [1, 2], "car_248": [1, 7], "car_249": [1, 6], "car_1356": [4, 3], "car_1357": [4, 5], "car_1354": [5, 7], "car_1355": [3, 7], "car_1352": [6, 3], "car_1353": [2, 4], "car_1350": [4, 5], "car_1351": [3, 0], "car_1358": [6, 1], "car_1359": [6, 3], "car_338": [4, 2], "car_339": [0, 2], "car_336": [0, 7], "car_337": [3, 5], "car_334": [6, 4], "car_335": [0, 3], "car_332": [7, 0], "car_333": [4, 5], "car_330": [4, 0], "car_331": [6, 4], "car_1138": [2, 1], "car_1139": [7, 5], "car_1132": [4, 7], "car_1133": [5, 3], "car_1130": [5, 6], "car_1131": [7, 5], "car_1136": [3, 2], "car_1137": [0, 4], "car_1134": [1, 3], "car_1135": [6, 1], "car_1008": [6, 7], "car_1009": [0, 4], "car_1006": [2, 5], "car_1007": [5, 2], "car_1004": [3, 6], "car_1005": [0, 4], "car_1002": [5, 3], "car_1003": [7, 1], "car_1000": [6, 3], "car_1001": [0, 7], "car_36": [3, 4], "car_37": [4, 7], "car_34": [7, 6], "car_35": [3, 5], "car_888": [3, 7], "car_889": [0, 7], "car_30": [5, 0], "car_31": [0, 4], "car_884": [1, 5], "car_885": [4, 6], "car_886": [5, 2], "car_887": [7, 3], "car_880": [1, 4], "car_881": [3, 4], "car_882": [5, 7], "car_883": [7, 6], "car_408": [2, 3], "car_409": [4, 1], "car_400": [4, 7], "car_401": [1, 0], "car_402": [3, 7], "car_403": [4, 2], "car_404": [6, 3], "car_405": [2, 4], "car_406": [5, 0], "car_407": [3, 4], "car_534": [6, 3], "car_535": [5, 7], "car_536": [0, 2], "car_537": [2, 4], "car_530": [1, 4], "car_531": [5, 3], "car_532": [1, 0], "car_533": [3, 5], "car_538": [4, 1], "car_539": [5, 1], "car_659": [7, 5], "car_658": [5, 7], "car_651": [2, 6], "car_650": [4, 5], "car_653": [1, 0], "car_652": [5, 3], "car_655": [5, 3], "car_654": [0, 3], "car_657": [4, 3], "car_656": [3, 5], "car_1349": [1, 2], "car_1348": [7, 1], "car_1341": [1, 0], "car_1340": [2, 3], "car_1343": [1, 2], "car_1342": [2, 0], "car_1345": [5, 1], "car_1344": [3, 5], "car_1347": [4, 0], "car_1346": [1, 4], "car_349": [0, 5], "car_348": [6, 4], "car_343": [4, 5], "car_342": [6, 7], "car_341": [4, 3], "car_340": [7, 5], "car_347": [7, 4], "car_346": [0, 2], "car_345": [5, 1], "car_344": [0, 2], "car_1129": [6, 4], "car_1128": [3, 0], "car_1125": [5, 7], "car_1124": [0, 5], "car_1127": [1, 4], "car_1126": [7, 0], "car_1121": [3, 0], "car_1120": [7, 4], "car_1123": [3, 1], "car_1122": [5, 4], "car_1402": [7, 4], "car_1403": [0, 5], "car_1400": [6, 7], "car_1401": [0, 5], "car_1406": [0, 4], "car_1407": [5, 7], "car_1404": [2, 6], "car_1405": [5, 6], "car_1011": [3, 6], "car_1010": [7, 1], "car_1013": [4, 7], "car_1012": [4, 3], "car_1015": [7, 1], "car_1014": [2, 1], "car_1017": [3, 5], "car_1016": [1, 4], "car_1019": [4, 2], "car_1018": [5, 1], "car_25": [6, 1], "car_24": [4, 1], "car_27": [3, 6], "car_26": [5, 0], "car_21": [0, 7], "car_20": [0, 7], "car_23": [1, 5], "car_22": [2, 7], "car_29": [2, 1], "car_28": [3, 7], "car_435": [2, 4], "car_434": [7, 4], "car_437": [2, 7], "car_436": [5, 3], "car_431": [3, 5], "car_430": [2, 7], "car_433": [5, 7], "car_432": [4, 7], "car_439": [3, 4], "car_438": [1, 0], "car_501": [1, 7], "car_500": [2, 6], "car_503": [4, 0], "car_502": [3, 0], "car_505": [2, 1], "car_504": [6, 4], "car_507": [3, 2], "car_506": [1, 5], "car_509": [3, 0], "car_508": [0, 5], "car_646": [3, 2], "car_647": [6, 1], "car_644": [5, 7], "car_645": [7, 5], "car_642": [7, 0], "car_643": [1, 6], "car_640": [6, 7], "car_641": [2, 4], "car_648": [1, 6], "car_649": [3, 6], "car_1338": [7, 3], "car_1339": [5, 2], "car_1334": [0, 7], "car_1335": [3, 6], "car_1336": [6, 2], "car_1337": [2, 6], "car_1330": [2, 4], "car_1331": [7, 4], "car_1332": [6, 4], "car_1333": [1, 2], "car_358": [6, 1], "car_359": [5, 1], "car_350": [2, 1], "car_351": [7, 6], "car_352": [0, 4], "car_353": [3, 2], "car_354": [1, 4], "car_355": [0, 1], "car_356": [5, 0], "car_357": [4, 3], "car_1240": [6, 3], "car_1241": [7, 3], "car_1242": [4, 3], "car_1243": [6, 7], "car_1244": [3, 6], "car_1245": [4, 2], "car_1246": [7, 6], "car_1247": [1, 4], "car_1248": [4, 2], "car_1249": [6, 4], "car_1064": [4, 2], "car_1065": [0, 1], "car_1066": [5, 3], "car_1067": [4, 5], "car_1060": [3, 5], "car_1061": [7, 5], "car_1062": [0, 1], "car_1063": [2, 6], "car_1068": [6, 1], "car_1069": [1, 5], "car_10": [5, 3], "car_11": [0, 6], "car_12": [4, 3], "car_13": [2, 4], "car_14": [4, 1], "car_15": [7, 1], "car_16": [1, 0], "car_17": [1, 6], "car_18": [4, 2], "car_19": [6, 1], "car_1460": [6, 5], "car_1461": [2, 5], "car_1462": [4, 7], "car_1463": [6, 7], "car_1464": [2, 7], "car_1465": [4, 1], "car_422": [1, 0], "car_423": [5, 7], "car_420": [4, 5], "car_421": [6, 3], "car_426": [3, 0], "car_427": [4, 6], "car_424": [6, 4], "car_425": [7, 3], "car_428": [5, 4], "car_429": [6, 5], "car_518": [7, 6], "car_519": [1, 4], "car_516": [0, 4], "car_517": [5, 3], "car_514": [3, 2], "car_515": [4, 1], "car_512": [6, 3], "car_513": [1, 5], "car_510": [5, 1], "car_511": [4, 6], "car_633": [2, 4], "car_632": [0, 6], "car_631": [4, 6], "car_630": [5, 6], "car_637": [6, 4], "car_636": [4, 3], "car_635": [1, 0], "car_634": [7, 2], "car_639": [3, 5], "car_638": [1, 7], "car_189": [1, 7], "car_188": [7, 3], "car_185": [3, 5], "car_184": [7, 4], "car_187": [5, 4], "car_186": [4, 1], "car_181": [6, 7], "car_180": [3, 1], "car_183": [2, 1], "car_182": [1, 3], "car_749": [2, 7], "car_748": [3, 0], "car_747": [2, 3], "car_746": [4, 1], "car_745": [3, 0], "car_744": [5, 0], "car_743": [7, 5], "car_742": [5, 0], "car_741": [2, 6], "car_740": [6, 0], "car_299": [1, 4], "car_298": [7, 5], "car_291": [2, 0], "car_290": [6, 7], "car_293": [5, 2], "car_292": [2, 3], "car_295": [3, 7], "car_294": [1, 0], "car_297": [2, 7], "car_296": [0, 3], "car_1329": [0, 7], "car_1328": [4, 3], "car_1327": [6, 2], "car_1326": [4, 7], "car_1325": [5, 0], "car_1324": [0, 4], "car_1323": [1, 7], "car_1322": [5, 7], "car_1321": [2, 6], "car_1320": [1, 2], "car_365": [2, 6], "car_364": [0, 6], "car_367": [3, 1], "car_366": [7, 2], "car_361": [5, 2], "car_360": [7, 2], "car_363": [1, 5], "car_362": [7, 6], "car_369": [0, 1], "car_368": [6, 3], "car_167": [7, 6], "car_166": [4, 5], "car_165": [3, 2], "car_164": [6, 1], "car_163": [3, 4], "car_162": [1, 7], "car_161": [0, 7], "car_160": [6, 7], "car_169": [6, 3], "car_168": [1, 0], "car_1253": [3, 1], "car_1252": [5, 7], "car_1251": [3, 5], "car_1250": [1, 3], "car_1257": [0, 4], "car_1256": [7, 4], "car_1255": [0, 3], "car_1254": [4, 5], "car_1259": [5, 7], "car_1258": [0, 4], "car_1077": [3, 5], "car_1076": [7, 5], "car_1075": [5, 1], "car_1074": [3, 1], "car_1073": [7, 2], "car_1072": [0, 2], "car_1071": [6, 1], "car_1070": [7, 1], "car_1079": [0, 3], "car_1078": [1, 5], "car_985": [6, 1], "car_984": [6, 2], "car_987": [4, 1], "car_986": [0, 2], "car_981": [2, 1], "car_980": [6, 4], "car_983": [3, 0], "car_982": [7, 0], "car_989": [5, 0], "car_988": [2, 6], "car_569": [1, 7], "car_568": [7, 5], "car_563": [1, 2], "car_562": [0, 3], "car_561": [6, 3], "car_560": [2, 3], "car_567": [2, 0], "car_566": [0, 4], "car_565": [3, 2], "car_564": [1, 5], "car_620": [7, 1], "car_621": [3, 7], "car_622": [0, 1], "car_623": [5, 1], "car_624": [4, 6], "car_625": [6, 5], "car_626": [0, 4], "car_627": [2, 7], "car_628": [5, 7], "car_629": [3, 7], "car_198": [1, 6], "car_199": [6, 1], "car_192": [3, 6], "car_193": [3, 6], "car_190": [0, 4], "car_191": [1, 2], "car_196": [5, 7], "car_197": [7, 5], "car_194": [7, 0], "car_195": [2, 1], "car_758": [2, 0], "car_759": [3, 5], "car_754": [7, 6], "car_755": [4, 3], "car_756": [1, 6], "car_757": [3, 7], "car_750": [1, 4], "car_751": [2, 5], "car_752": [5, 1], "car_753": [3, 7], "car_286": [1, 4], "car_287": [3, 6], "car_284": [0, 2], "car_285": [2, 0], "car_282": [3, 1], "car_283": [4, 0], "car_280": [6, 2], "car_281": [2, 3], "car_288": [0, 5], "car_289": [3, 4], "car_1312": [1, 5], "car_1313": [4, 3], "car_1310": [4, 0], "car_1311": [7, 3], "car_1316": [6, 2], "car_1317": [0, 5], "car_1314": [6, 7], "car_1315": [5, 0], "car_1318": [0, 5], "car_1319": [5, 6], "car_372": [4, 7], "car_373": [0, 4], "car_370": [7, 2], "car_371": [3, 5], "car_376": [5, 1], "car_377": [3, 4], "car_374": [7, 5], "car_375": [2, 7], "car_378": [4, 5], "car_379": [6, 2], "car_174": [0, 7], "car_175": [5, 6], "car_176": [3, 6], "car_177": [5, 6], "car_170": [2, 4], "car_171": [7, 4], "car_172": [1, 5], "car_173": [3, 1], "car_178": [7, 4], "car_179": [1, 5], "car_1266": [4, 2], "car_1267": [3, 4], "car_1264": [5, 1], "car_1265": [7, 6], "car_1262": [4, 6], "car_1263": [2, 6], "car_1260": [7, 5], "car_1261": [1, 4], "car_1268": [4, 6], "car_1269": [0, 5], "car_1048": [0, 4], "car_1049": [2, 3], "car_1042": [4, 7], "car_1043": [2, 3], "car_1040": [1, 5], "car_1041": [3, 0], "car_1046": [1, 2], "car_1047": [4, 0], "car_1044": [3, 4], "car_1045": [6, 2], "car_78": [2, 0], "car_79": [5, 0], "car_72": [3, 4], "car_73": [4, 2], "car_70": [6, 7], "car_71": [4, 6], "car_76": [2, 4], "car_77": [0, 3], "car_74": [6, 0], "car_75": [3, 6], "car_992": [0, 6], "car_993": [5, 1], "car_990": [7, 1], "car_991": [3, 0], "car_996": [0, 5], "car_997": [1, 6], "car_994": [7, 2], "car_995": [3, 5], "car_998": [2, 0], "car_999": [4, 0], "car_1448": [7, 2], "car_1449": [6, 1], "car_1446": [6, 1], "car_1447": [5, 1], "car_1444": [5, 4], "car_1445": [3, 4], "car_1442": [6, 4], "car_1443": [0, 4], "car_1440": [7, 4], "car_1441": [1, 7], "car_578": [3, 5], "car_579": [6, 0], "car_553": [7, 2], "car_570": [6, 5], "car_571": [2, 1], "car_572": [5, 7], "car_573": [7, 2], "car_574": [3, 2], "car_806": [7, 3], "car_576": [6, 1], "car_577": [2, 4], "car_807": [4, 0], "car_800": [7, 2], "car_801": [3, 0], "car_802": [6, 5], "car_803": [0, 6], "car_619": [0, 7], "car_618": [4, 2], "car_615": [7, 3], "car_614": [5, 6], "car_617": [3, 6], "car_616": [4, 5], "car_611": [1, 5], "car_610": [6, 4], "car_613": [6, 7], "car_612": [3, 4], "car_769": [2, 3], "car_768": [3, 4], "car_761": [0, 7], "car_760": [6, 1], "car_763": [0, 3], "car_762": [7, 3], "car_765": [2, 0], "car_764": [1, 7], "car_767": [1, 4], "car_766": [7, 3], "car_575": [4, 3], "car_1305": [4, 0], "car_1304": [3, 5], "car_1307": [2, 3], "car_1306": [0, 2], "car_1301": [5, 1], "car_1300": [2, 0], "car_1303": [5, 2], "car_1302": [1, 5], "car_1309": [7, 4], "car_1308": [5, 2], "car_389": [6, 2], "car_388": [1, 3], "car_387": [7, 5], "car_386": [4, 7], "car_385": [1, 3], "car_384": [0, 1], "car_383": [6, 5], "car_382": [4, 2], "car_381": [2, 3], "car_380": [7, 1], "car_141": [0, 4], "car_140": [4, 2], "car_143": [6, 4], "car_142": [4, 7], "car_145": [5, 7], "car_144": [2, 1], "car_147": [3, 5], "car_146": [3, 2], "car_149": [5, 4], "car_148": [2, 3], "car_1279": [7, 1], "car_1278": [6, 2], "car_1271": [4, 2], "car_1270": [2, 7], "car_1273": [0, 4], "car_1272": [6, 1], "car_1275": [5, 3], "car_1274": [2, 5], "car_1277": [4, 3], "car_1276": [2, 0], "car_1059": [4, 0], "car_1058": [3, 0], "car_1055": [2, 7], "car_1054": [7, 3], "car_1057": [5, 3], "car_1056": [2, 6], "car_1051": [1, 4], "car_1050": [7, 3], "car_1053": [4, 0], "car_1052": [3, 2], "car_69": [4, 0], "car_68": [5, 6], "car_61": [2, 5], "car_60": [0, 4], "car_63": [1, 0], "car_62": [7, 2], "car_65": [4, 1], "car_64": [5, 4], "car_67": [2, 5], "car_66": [0, 5], "car_969": [6, 1], "car_968": [0, 4], "car_967": [4, 0], "car_966": [4, 0], "car_965": [1, 6], "car_964": [2, 4], "car_963": [6, 3], "car_962": [5, 1], "car_961": [4, 5], "car_960": [3, 0], "car_1451": [3, 5], "car_1450": [3, 5], "car_1453": [6, 4], "car_1452": [1, 3], "car_1455": [7, 1], "car_1454": [0, 4], "car_1457": [5, 1], "car_1456": [1, 5], "car_1459": [1, 7], "car_1458": [7, 0], "car_545": [3, 2], "car_544": [7, 4], "car_547": [0, 1], "car_546": [6, 4], "car_541": [4, 2], "car_540": [3, 2], "car_543": [0, 4], "car_542": [6, 3], "car_549": [7, 5], "car_548": [5, 6], "car_819": [6, 3], "car_818": [1, 4], "car_33": [5, 3], "car_608": [2, 3], "car_609": [4, 5], "car_602": [0, 5], "car_603": [5, 4], "car_600": [3, 2], "car_601": [4, 5], "car_606": [7, 6], "car_607": [3, 1], "car_604": [1, 5], "car_605": [0, 1], "car_776": [3, 0], "car_777": [4, 5], "car_774": [2, 7], "car_775": [1, 0], "car_772": [3, 6], "car_773": [4, 7], "car_770": [7, 0], "car_771": [1, 3], "car_778": [5, 7], "car_779": [3, 7], "car_398": [2, 0], "car_399": [1, 0], "car_394": [5, 6], "car_395": [3, 4], "car_396": [0, 4], "car_397": [5, 1], "car_390": [3, 5], "car_391": [6, 3], "car_392": [5, 2], "car_393": [4, 6], "car_158": [3, 4], "car_159": [1, 2], "car_156": [6, 5], "car_157": [7, 4], "car_154": [7, 6], "car_155": [1, 3], "car_152": [0, 3], "car_153": [2, 4], "car_150": [7, 1], "car_151": [4, 5], "car_1208": [5, 0], "car_1209": [7, 2], "car_1204": [6, 0], "car_1205": [5, 3], "car_1206": [7, 4], "car_1207": [2, 4], "car_1200": [5, 6], "car_1201": [1, 6], "car_1202": [2, 0], "car_1203": [4, 7], "car_1198": [5, 3], "car_1199": [6, 5], "car_1194": [4, 5], "car_1195": [6, 5], "car_1196": [3, 7], "car_1197": [0, 1], "car_1190": [7, 3], "car_1191": [4, 6], "car_1192": [6, 7], "car_1193": [7, 6], "car_978": [3, 5], "car_979": [4, 1], "car_974": [3, 2], "car_975": [6, 1], "car_976": [2, 5], "car_977": [1, 0], "car_970": [4, 3], "car_971": [6, 2], "car_972": [5, 7], "car_973": [7, 6], "car_1424": [7, 4], "car_1425": [1, 0], "car_1426": [1, 4], "car_1427": [4, 1], "car_1420": [2, 4], "car_1421": [7, 6], "car_1422": [1, 2], "car_1423": [0, 6], "car_1428": [5, 0], "car_1429": [7, 0], "car_54": [6, 3], "car_55": [0, 6], "car_56": [3, 2], "car_57": [6, 3], "car_50": [5, 3], "car_51": [2, 1], "car_52": [7, 1], "car_53": [7, 5], "car_58": [7, 2], "car_59": [4, 5], "car_552": [0, 2], "car_805": [2, 1], "car_550": [6, 2], "car_551": [4, 5], "car_556": [1, 4], "car_557": [3, 2], "car_554": [3, 6], "car_555": [0, 3], "car_558": [4, 3], "car_559": [3, 6], "car_808": [6, 0], "car_809": [0, 3], "car_703": [0, 1], "car_702": [4, 0], "car_701": [3, 4], "car_700": [1, 0], "car_707": [5, 0], "car_706": [4, 2], "car_705": [5, 7], "car_704": [7, 5], "car_709": [2, 0], "car_708": [1, 2], "car_129": [2, 6], "car_128": [3, 0], "car_123": [7, 5], "car_122": [5, 7], "car_121": [2, 5], "car_120": [1, 5], "car_127": [5, 4], "car_126": [0, 3], "car_125": [6, 1], "car_124": [1, 6], "car_1219": [7, 4], "car_1218": [2, 3], "car_1217": [0, 2], "car_1216": [4, 2], "car_1215": [7, 5], "car_1214": [5, 6], "car_1213": [1, 3], "car_1212": [6, 0], "car_1211": [2, 1], "car_1210": [1, 4], "car_1415": [1, 2], "car_1414": [2, 4], "car_1417": [1, 4], "car_1416": [3, 7], "car_1411": [1, 5], "car_1410": [5, 7], "car_237": [5, 1], "car_236": [0, 6], "car_235": [6, 7], "car_234": [3, 1], "car_233": [4, 3], "car_232": [3, 5], "car_231": [1, 3], "car_230": [1, 0], "car_1412": [5, 2], "car_239": [4, 3], "car_238": [4, 1], "car_1189": [6, 7], "car_1188": [4, 2], "car_1187": [1, 4], "car_1186": [4, 7], "car_1185": [5, 1], "car_1184": [0, 7], "car_1183": [6, 1], "car_1182": [1, 2], "car_1181": [4, 1], "car_1180": [1, 3], "car_949": [2, 3], "car_948": [5, 6], "car_941": [1, 7], "car_940": [7, 3], "car_943": [0, 5], "car_942": [4, 0], "car_945": [1, 3], "car_944": [2, 1], "car_947": [6, 3], "car_946": [5, 3], "car_1437": [3, 6], "car_1436": [1, 6], "car_1435": [0, 4], "car_1434": [6, 3], "car_1433": [5, 7], "car_1432": [4, 7], "car_1431": [2, 3], "car_1430": [1, 4], "car_1439": [2, 7], "car_1438": [0, 7], "car_493": [0, 1], "car_492": [6, 5], "car_491": [7, 5], "car_490": [5, 4], "car_497": [3, 1], "car_496": [5, 2], "car_495": [0, 4], "car_494": [2, 5], "car_499": [0, 1], "car_498": [6, 4], "car_43": [2, 3], "car_42": [0, 2], "car_41": [4, 3], "car_40": [1, 4], "car_47": [1, 6], "car_46": [7, 3], "car_45": [4, 5], "car_44": [7, 1], "car_49": [0, 2], "car_48": [3, 5], "car_831": [0, 7], "car_830": [6, 2], "car_833": [4, 6], "car_832": [7, 5], "car_835": [3, 4], "car_834": [5, 2], "car_837": [2, 3], "car_836": [6, 4], "car_839": [7, 1], "car_838": [5, 1], "car_710": [1, 5], "car_711": [3, 6], "car_712": [4, 7], "car_713": [0, 2], "car_714": [5, 2], "car_715": [1, 0], "car_716": [0, 4], "car_717": [1, 7], "car_718": [6, 3], "car_719": [7, 6], "car_138": [2, 5], "car_139": [7, 1], "car_130": [7, 0], "car_131": [3, 2], "car_132": [4, 7], "car_133": [6, 4], "car_134": [2, 5], "car_135": [4, 6], "car_136": [6, 3], "car_137": [6, 7], "car_1222": [5, 2], "car_1223": [3, 4], "car_1220": [3, 7], "car_1221": [6, 2], "car_1226": [5, 6], "car_1227": [7, 1], "car_1224": [0, 6], "car_1225": [2, 0], "car_1228": [1, 0], "car_1229": [3, 6], "car_224": [5, 7], "car_225": [1, 6], "car_226": [6, 2], "car_227": [2, 1], "car_220": [0, 6], "car_221": [2, 1], "car_222": [7, 4], "car_223": [1, 5], "car_228": [2, 4], "car_229": [7, 2], "car_1086": [0, 2], "car_1087": [2, 1], "car_1084": [0, 6], "car_1085": [2, 6], "car_1082": [1, 7], "car_1083": [3, 4], "car_1080": [2, 4], "car_1081": [7, 1], "car_1088": [3, 6], "car_1089": [6, 3], "car_956": [3, 5], "car_957": [0, 5], "car_954": [7, 2], "car_955": [1, 3], "car_952": [2, 7], "car_953": [6, 2], "car_950": [7, 5], "car_951": [3, 5], "car_958": [2, 0], "car_959": [5, 6], "car_1158": [6, 2], "car_1159": [0, 6], "car_1408": [7, 0], "car_1409": [2, 5], "car_1150": [2, 6], "car_1151": [5, 2], "car_1152": [7, 6], "car_1153": [6, 3], "car_1154": [4, 7], "car_1155": [0, 1], "car_1156": [1, 7], "car_1157": [4, 5], "car_480": [2, 7], "car_481": [7, 1], "car_482": [1, 7], "car_483": [3, 1], "car_484": [4, 7], "car_485": [2, 5], "car_486": [5, 2], "car_487": [1, 4], "car_488": [5, 2], "car_489": [2, 1], "car_853": [0, 6], "car_852": [4, 5], "car_851": [5, 2], "car_582": [1, 5], "car_857": [0, 1], "car_856": [4, 6], "car_855": [1, 5], "car_854": [2, 1], "car_828": [3, 4], "car_829": [4, 7], "car_826": [5, 7], "car_827": [7, 2], "car_824": [6, 7], "car_825": [2, 3], "car_822": [4, 5], "car_823": [1, 6], "car_820": [0, 2], "car_821": [5, 2], "car_729": [2, 5], "car_728": [0, 6], "car_725": [5, 1], "car_724": [6, 2], "car_727": [6, 2], "car_726": [4, 7], "car_721": [3, 1], "car_720": [1, 0], "car_723": [4, 5], "car_722": [3, 4], "car_105": [4, 6], "car_104": [7, 5], "car_107": [3, 0], "car_106": [7, 0], "car_101": [7, 1], "car_100": [6, 4], "car_103": [2, 0], "car_102": [3, 4], "car_109": [0, 1], "car_108": [4, 1], "car_1235": [5, 0], "car_1234": [3, 2], "car_1237": [0, 3], "car_1236": [4, 6], "car_1231": [4, 0], "car_1230": [3, 1], "car_1233": [2, 4], "car_1232": [0, 3], "car_1239": [4, 6], "car_1238": [2, 6], "car_211": [7, 6], "car_210": [0, 5], "car_213": [0, 4], "car_212": [1, 4], "car_215": [1, 6], "car_214": [4, 0], "car_217": [5, 2], "car_216": [2, 6], "car_219": [7, 3], "car_218": [2, 0], "car_923": [1, 7], "car_922": [0, 1], "car_921": [7, 4], "car_920": [5, 0], "car_927": [0, 4], "car_926": [6, 0], "car_925": [4, 7], "car_924": [3, 5], "car_929": [5, 1], "car_928": [2, 4], "car_1149": [6, 2], "car_1148": [1, 6], "car_1419": [0, 7], "car_1418": [5, 7], "car_1143": [6, 1], "car_1142": [4, 2], "car_1141": [6, 3], "car_1140": [1, 2], "car_1147": [5, 0], "car_1146": [7, 4], "car_1145": [4, 0], "car_1144": [2, 3], "car_1099": [4, 6], "car_1098": [2, 6], "car_1091": [0, 6], "car_1090": [1, 0], "car_1093": [4, 2], "car_1092": [5, 4], "car_1095": [2, 1], "car_1094": [0, 6], "car_1097": [0, 4], "car_1096": [6, 7], "car_589": [4, 6], "car_588": [7, 3], "car_859": [3, 7], "car_858": [2, 1], "car_581": [7, 6], "car_580": [2, 3], "car_583": [4, 0], "car_850": [4, 2], "car_585": [7, 6], "car_584": [2, 6], "car_587": [0, 7], "car_586": [4, 1], "car_457": [0, 5], "car_456": [1, 4], "car_455": [5, 3], "car_454": [7, 4], "car_453": [5, 1], "car_452": [1, 2], "car_451": [5, 2], "car_450": [2, 5], "car_459": [4, 1], "car_458": [1, 5], "car_738": [5, 6], "car_739": [3, 6], "car_733": [7, 2], "car_732": [7, 1], "car_32": [2, 1], "car_730": [1, 6], "car_731": [2, 3], "car_736": [6, 0], "car_737": [0, 3], "car_734": [1, 4], "car_735": [3, 0], "car_38": [1, 5], "car_39": [0, 2], "car_112": [7, 0], "car_113": [0, 3], "car_110": [2, 3], "car_111": [5, 6], "car_116": [4, 5], "car_117": [6, 7], "car_114": [5, 1], "car_115": [1, 6], "car_118": [7, 5], "car_119": [3, 6], "car_208": [4, 5], "car_209": [1, 2], "car_206": [2, 7], "car_207": [5, 7], "car_204": [4, 2], "car_205": [0, 4], "car_202": [1, 7], "car_203": [6, 0], "car_200": [4, 5], "car_201": [2, 7], "car_1398": [6, 2], "car_1399": [7, 4], "car_1392": [4, 6], "car_1393": [0, 2], "car_1390": [2, 3], "car_1391": [7, 1], "car_1396": [1, 3], "car_1397": [0, 5], "car_1394": [3, 4], "car_1395": [6, 1], "car_930": [6, 7], "car_931": [7, 2], "car_932": [4, 6], "car_933": [6, 3], "car_934": [2, 0], "car_935": [5, 7], "car_936": [7, 1], "car_937": [3, 6], "car_938": [2, 4], "car_939": [5, 2], "car_6": [7, 5], "car_7": [6, 1], "car_4": [3, 1], "car_5": [5, 0], "car_2": [2, 7], "car_3": [5, 6], "car_1178": [2, 0], "car_1": [6, 5], "car_1176": [1, 7], "car_1177": [3, 1], "car_1174": [1, 5], "car_1175": [4, 0], "car_1172": [3, 5], "car_1173": [0, 1], "car_8": [0, 6], "car_9": [2, 3], "car_98": [5, 6], "car_99": [4, 1], "car_90": [1, 4], "car_91": [4, 3], "car_92": [6, 1], "car_93": [5, 4], "car_94": [5, 6], "car_95": [7, 6], "car_96": [1, 0], "car_97": [2, 4], "car_596": [2, 0], "car_597": [1, 6], "car_594": [0, 2], "car_595": [3, 2], "car_592": [2, 1], "car_593": [1, 5], "car_590": [7, 5], "car_591": [6, 1], "car_598": [4, 2], "car_599": [1, 7], "car_848": [7, 0], "car_849": [3, 6], "car_840": [5, 2], "car_841": [4, 2], "car_842": [2, 0], "car_843": [5, 7], "car_844": [7, 4], "car_845": [4, 6], "car_846": [4, 7], "car_847": [5, 3], "car_444": [2, 7], "car_445": [6, 0], "car_446": [5, 3], "car_447": [1, 4], "car_440": [0, 6], "car_441": [2, 4], "car_442": [3, 4], "car_443": [6, 3], "car_448": [3, 1], "car_449": [4, 0], "car_695": [0, 4], "car_694": [3, 7], "car_697": [3, 7], "car_696": [2, 7], "car_691": [6, 5], "car_690": [3, 2], "car_693": [1, 0], "car_692": [0, 2], "car_699": [7, 5], "car_698": [0, 6], "car_279": [4, 3], "car_278": [1, 4], "car_273": [1, 7], "car_272": [2, 6], "car_271": [0, 5], "car_270": [4, 2], "car_277": [3, 0], "car_276": [0, 6], "car_275": [6, 4], "car_274": [4, 7], "car_1389": [0, 3], "car_1388": [6, 5], "car_1385": [1, 0], "car_1384": [7, 2], "car_1387": [4, 3], "car_1386": [5, 2], "car_1381": [7, 1], "car_1380": [3, 2], "car_1383": [5, 1], "car_1382": [3, 0], "car_307": [0, 6], "car_306": [1, 0], "car_305": [7, 5], "car_304": [2, 3], "car_303": [6, 0], "car_302": [2, 7], "car_301": [6, 3], "car_300": [4, 5], "car_804": [5, 7], "car_309": [6, 7], "car_308": [5, 2], "car_909": [2, 6], "car_908": [6, 7], "car_905": [2, 3], "car_904": [3, 1], "car_907": [4, 3], "car_906": [3, 0], "car_901": [1, 2], "car_900": [0, 3], "car_903": [7, 3], "car_902": [5, 3], "car_1161": [4, 5], "car_1160": [7, 0], "car_1163": [7, 5], "car_1162": [5, 3], "car_1165": [1, 7], "car_1164": [7, 5], "car_1167": [5, 6], "car_1166": [0, 4], "car_1169": [6, 0], "car_1168": [3, 1], "car_87": [0, 1], "car_86": [1, 5], "car_85": [2, 1], "car_84": [0, 1], "car_83": [3, 1], "car_82": [1, 2], "car_81": [6, 2], "car_80": [4, 1], "car_89": [2, 0], "car_88": [3, 7], "car_875": [3, 5], "car_874": [0, 3], "car_877": [2, 4], "car_876": [6, 5], "car_871": [5, 3], "car_870": [0, 2], "car_873": [6, 3], "car_872": [3, 5], "car_879": [5, 6], "car_878": [7, 4], "car_471": [3, 4], "car_470": [1, 5], "car_473": [7, 3], "car_472": [4, 2], "car_475": [6, 7], "car_474": [3, 1], "car_477": [4, 7], "car_476": [0, 3], "car_479": [0, 2], "car_478": [6, 5], "car_682": [4, 6], "car_683": [0, 5], "car_680": [4, 2], "car_681": [3, 7], "car_686": [6, 2], "car_687": [2, 6], "car_684": [2, 0], "car_685": [4, 6], "car_688": [2, 1], "car_689": [1, 0], "car_268": [1, 0], "car_269": [3, 2], "car_260": [4, 5], "car_261": [2, 3], "car_262": [7, 3], "car_263": [3, 2], "car_264": [4, 3], "car_265": [0, 1], "car_266": [2, 3], "car_267": [5, 4], "car_1370": [3, 7], "car_1371": [4, 6], "car_1372": [2, 3], "car_1373": [1, 3], "car_1374": [4, 0], "car_1375": [6, 7], "car_1376": [3, 5], "car_1377": [1, 2], "car_1378": [4, 2], "car_1379": [0, 5], "car_314": [1, 2], "car_315": [6, 5], "car_316": [0, 1], "car_317": [2, 5], "car_310": [0, 3], "car_311": [4, 7], "car_312": [2, 0], "car_313": [7, 0], "car_318": [5, 3], "car_319": [7, 1], "car_918": [3, 6], "car_919": [0, 6], "car_912": [0, 2], "car_913": [2, 4], "car_910": [2, 4], "car_911": [7, 2], "car_916": [6, 5], "car_917": [5, 1], "car_914": [7, 6], "car_915": [1, 6], "car_1114": [0, 2], "car_1115": [5, 4], "car_1116": [6, 2], "car_1117": [0, 7], "car_1110": [1, 4], "car_1111": [0, 1], "car_1112": [1, 7], "car_1113": [6, 5], "car_1118": [6, 7], "car_1119": [0, 7], "car_1284": [3, 2], "car_1285": [5, 4], "car_1286": [1, 5], "car_1287": [3, 0], "car_1280": [7, 6], "car_1281": [0, 2], "car_1282": [2, 0], "car_1283": [7, 1], "car_1288": [5, 1], "car_1289": [3, 6], "car_1028": [6, 4], "car_1029": [4, 7], "car_1020": [6, 5], "car_1021": [2, 7], "car_1022": [1, 4], "car_1023": [4, 0], "car_1024": [6, 4], "car_1025": [0, 7], "car_1026": [5, 1], "car_1027": [7, 4], "car_862": [7, 5], "car_863": [5, 6], "car_860": [6, 7], "car_861": [0, 3], "car_866": [1, 4], "car_867": [2, 1], "car_864": [6, 0], "car_865": [0, 7], "car_868": [3, 7], "car_869": [6, 5]}