{"car_468": [6, 5], "car_469": [7, 6], "car_466": [7, 1], "car_467": [3, 0], "car_464": [5, 0], "car_465": [2, 7], "car_462": [5, 4], "car_463": [6, 7], "car_460": [6, 7], "car_461": [0, 5], "car_817": [7, 4], "car_816": [5, 2], "car_815": [2, 1], "car_814": [4, 0], "car_813": [4, 6], "car_812": [3, 5], "car_811": [5, 3], "car_810": [2, 5], "car_679": [3, 6], "car_678": [1, 5], "car_677": [7, 1], "car_676": [0, 4], "car_675": [3, 2], "car_674": [6, 7], "car_673": [4, 3], "car_672": [3, 5], "car_671": [1, 0], "car_670": [5, 3], "car_789": [2, 4], "car_788": [2, 1], "car_783": [0, 4], "car_782": [4, 0], "car_781": [3, 5], "car_780": [5, 4], "car_787": [6, 0], "car_786": [4, 2], "car_785": [3, 1], "car_784": [5, 4], "car_0": [0, 2], "car_1179": [3, 4], "car_255": [4, 5], "car_254": [3, 7], "car_257": [0, 6], "car_256": [6, 2], "car_251": [1, 4], "car_250": [7, 4], "car_253": [5, 4], "car_252": [2, 6], "car_259": [2, 0], "car_258": [6, 2], "car_1170": [7, 6], "car_1171": [3, 0], "car_1413": [2, 3], "car_1363": [3, 7], "car_1362": [5, 4], "car_1361": [2, 1], "car_1360": [6, 3], "car_1367": [4, 2], "car_1366": [2, 3], "car_1365": [6, 4], "car_1364": [1, 4], "car_1369": [3, 1], "car_1368": [0, 7], "car_321": [1, 5], "car_320": [7, 2], "car_323": [7, 4], "car_322": [5, 4], "car_325": [4, 7], "car_324": [3, 2], "car_327": [5, 3], "car_326": [6, 2], "car_329": [3, 7], "car_328": [1, 2], "car_1107": [0, 6], "car_1106": [4, 0], "car_1105": [7, 5], "car_1104": [5, 2], "car_1103": [6, 3], "car_1102": [5, 0], "car_1101": [4, 5], "car_1100": [5, 6], "car_1109": [7, 5], "car_1108": [5, 2], "car_1297": [2, 1], "car_1296": [7, 4], "car_1295": [4, 2], "car_1294": [7, 0], "car_1293": [2, 3], "car_1292": [5, 3], "car_1291": [2, 6], "car_1290": [0, 7], "car_1299": [6, 0], "car_1298": [5, 3], "car_1039": [5, 0], "car_1038": [2, 5], "car_1033": [4, 1], "car_1032": [3, 4], "car_1031": [1, 7], "car_1030": [3, 0], "car_1037": [1, 5], "car_1036": [7, 6], "car_1035": [5, 0], "car_1034": [0, 4], "car_899": [1, 3], "car_898": [5, 4], "car_897": [0, 2], "car_896": [5, 6], "car_895": [2, 7], "car_894": [4, 5], "car_893": [1, 0], "car_892": [7, 5], "car_891": [2, 6], "car_890": [6, 5], "car_419": [5, 3], "car_418": [2, 0], "car_413": [3, 0], "car_412": [7, 6], "car_411": [5, 4], "car_410": [6, 0], "car_417": [1, 6], "car_416": [2, 1], "car_415": [0, 2], "car_414": [4, 2], "car_527": [7, 6], "car_526": [2, 5], "car_525": [6, 0], "car_524": [4, 2], "car_523": [5, 3], "car_522": [2, 0], "car_521": [0, 6], "car_520": [7, 2], "car_529": [6, 4], "car_528": [3, 1], "car_668": [4, 5], "car_669": [6, 1], "car_664": [2, 7], "car_665": [5, 3], "car_666": [1, 2], "car_667": [3, 5], "car_660": [5, 0], "car_661": [0, 4], "car_662": [1, 4], "car_663": [4, 6], "car_798": [7, 3], "car_799": [6, 0], "car_790": [5, 4], "car_791": [3, 2], "car_792": [0, 7], "car_793": [4, 5], "car_794": [3, 6], "car_795": [6, 2], "car_796": [0, 7], "car_797": [2, 6], "car_242": [0, 1], "car_243": [2, 0], "car_240": [4, 3], "car_241": [3, 5], "car_246": [2, 1], "car_247": [4, 2], "car_244": [5, 4], "car_245": [1, 7], "car_248": [6, 2], "car_249": [0, 3], "car_1356": [1, 2], "car_1357": [3, 5], "car_1354": [5, 3], "car_1355": [7, 0], "car_1352": [6, 7], "car_1353": [0, 5], "car_1350": [3, 1], "car_1351": [4, 5], "car_1358": [5, 3], "car_1359": [3, 0], "car_338": [2, 5], "car_339": [0, 5], "car_336": [7, 3], "car_337": [4, 0], "car_334": [2, 3], "car_335": [5, 3], "car_332": [4, 2], "car_333": [0, 2], "car_330": [2, 0], "car_331": [5, 1], "car_1138": [7, 1], "car_1139": [1, 6], "car_1132": [0, 3], "car_1133": [0, 1], "car_1130": [6, 1], "car_1131": [0, 5], "car_1136": [3, 2], "car_1137": [2, 7], "car_1134": [1, 3], "car_1135": [6, 2], "car_1008": [4, 7], "car_1009": [6, 2], "car_1006": [1, 5], "car_1007": [2, 0], "car_1004": [2, 3], "car_1005": [5, 4], "car_1002": [5, 7], "car_1003": [4, 5], "car_1000": [0, 5], "car_1001": [2, 7], "car_36": [0, 2], "car_37": [1, 3], "car_34": [4, 6], "car_35": [6, 4], "car_888": [1, 0], "car_889": [3, 2], "car_30": [6, 2], "car_31": [2, 0], "car_884": [6, 0], "car_885": [7, 2], "car_886": [1, 2], "car_887": [3, 4], "car_880": [4, 5], "car_881": [3, 1], "car_882": [2, 0], "car_883": [5, 7], "car_408": [1, 2], "car_409": [1, 3], "car_400": [5, 2], "car_401": [2, 0], "car_402": [5, 1], "car_403": [2, 6], "car_404": [3, 1], "car_405": [4, 5], "car_406": [6, 3], "car_407": [0, 6], "car_534": [5, 3], "car_535": [3, 0], "car_536": [7, 6], "car_537": [0, 3], "car_530": [7, 2], "car_531": [6, 7], "car_532": [0, 2], "car_533": [5, 6], "car_538": [2, 3], "car_539": [7, 6], "car_659": [2, 7], "car_658": [6, 3], "car_651": [0, 4], "car_650": [4, 0], "car_653": [4, 1], "car_652": [1, 0], "car_655": [4, 6], "car_654": [6, 5], "car_657": [5, 0], "car_656": [2, 0], "car_1349": [1, 4], "car_1348": [7, 2], "car_1341": [3, 2], "car_1340": [1, 4], "car_1343": [4, 7], "car_1342": [5, 6], "car_1345": [5, 6], "car_1344": [6, 3], "car_1347": [5, 1], "car_1346": [3, 0], "car_349": [1, 0], "car_348": [0, 1], "car_343": [5, 7], "car_342": [1, 5], "car_341": [1, 7], "car_340": [7, 6], "car_347": [6, 3], "car_346": [3, 4], "car_345": [5, 2], "car_344": [1, 3], "car_1129": [7, 0], "car_1128": [2, 5], "car_1125": [6, 3], "car_1124": [6, 4], "car_1127": [0, 7], "car_1126": [6, 7], "car_1121": [5, 4], "car_1120": [3, 1], "car_1123": [4, 3], "car_1122": [0, 4], "car_1402": [0, 7], "car_1403": [2, 3], "car_1400": [1, 7], "car_1401": [3, 5], "car_1406": [5, 1], "car_1407": [3, 7], "car_1404": [3, 0], "car_1405": [6, 2], "car_1011": [0, 2], "car_1010": [1, 4], "car_1013": [1, 3], "car_1012": [7, 4], "car_1015": [6, 5], "car_1014": [4, 0], "car_1017": [4, 6], "car_1016": [2, 3], "car_1019": [2, 3], "car_1018": [6, 5], "car_25": [1, 5], "car_24": [7, 3], "car_27": [0, 1], "car_26": [4, 5], "car_21": [3, 7], "car_20": [2, 5], "car_23": [2, 4], "car_22": [6, 0], "car_29": [3, 1], "car_28": [1, 7], "car_435": [7, 0], "car_434": [2, 3], "car_437": [1, 2], "car_436": [6, 3], "car_431": [2, 3], "car_430": [3, 0], "car_433": [0, 2], "car_432": [7, 0], "car_439": [0, 1], "car_438": [3, 7], "car_501": [5, 4], "car_500": [2, 4], "car_503": [4, 6], "car_502": [7, 5], "car_505": [6, 3], "car_504": [0, 1], "car_507": [1, 3], "car_506": [0, 2], "car_509": [4, 1], "car_508": [3, 4], "car_646": [6, 1], "car_647": [2, 5], "car_644": [0, 1], "car_645": [4, 7], "car_642": [3, 6], "car_643": [6, 3], "car_640": [2, 1], "car_641": [5, 0], "car_648": [5, 2], "car_649": [3, 4], "car_1338": [1, 0], "car_1339": [5, 2], "car_1334": [1, 4], "car_1335": [6, 5], "car_1336": [5, 3], "car_1337": [7, 5], "car_1330": [6, 5], "car_1331": [0, 4], "car_1332": [5, 4], "car_1333": [7, 0], "car_358": [4, 0], "car_359": [2, 7], "car_350": [4, 7], "car_351": [6, 5], "car_352": [6, 0], "car_353": [0, 7], "car_354": [1, 7], "car_355": [6, 1], "car_356": [7, 5], "car_357": [1, 3], "car_1240": [7, 3], "car_1241": [1, 0], "car_1242": [6, 1], "car_1243": [5, 7], "car_1244": [3, 7], "car_1245": [0, 6], "car_1246": [5, 4], "car_1247": [1, 0], "car_1248": [5, 2], "car_1249": [6, 0], "car_1064": [1, 5], "car_1065": [2, 7], "car_1066": [3, 4], "car_1067": [4, 0], "car_1060": [1, 0], "car_1061": [1, 4], "car_1062": [0, 2], "car_1063": [2, 3], "car_1068": [5, 1], "car_1069": [7, 5], "car_10": [5, 1], "car_11": [7, 3], "car_12": [4, 1], "car_13": [5, 2], "car_14": [1, 6], "car_15": [3, 5], "car_16": [4, 3], "car_17": [0, 7], "car_18": [5, 1], "car_19": [1, 5], "car_422": [4, 2], "car_423": [6, 2], "car_420": [7, 1], "car_421": [1, 7], "car_426": [3, 2], "car_427": [4, 6], "car_424": [2, 6], "car_425": [5, 1], "car_428": [1, 2], "car_429": [6, 2], "car_518": [1, 4], "car_519": [6, 7], "car_516": [2, 7], "car_517": [5, 2], "car_514": [7, 2], "car_515": [3, 4], "car_512": [4, 6], "car_513": [5, 0], "car_510": [2, 1], "car_511": [1, 0], "car_633": [4, 1], "car_632": [5, 7], "car_631": [1, 7], "car_630": [0, 6], "car_637": [0, 6], "car_636": [1, 7], "car_635": [3, 6], "car_634": [7, 3], "car_639": [4, 6], "car_638": [7, 3], "car_189": [7, 6], "car_188": [3, 1], "car_185": [6, 2], "car_184": [5, 1], "car_187": [2, 6], "car_186": [0, 7], "car_181": [5, 0], "car_180": [5, 2], "car_183": [2, 1], "car_182": [6, 3], "car_749": [1, 4], "car_748": [5, 1], "car_747": [2, 3], "car_746": [6, 5], "car_745": [7, 1], "car_744": [0, 2], "car_743": [3, 2], "car_742": [5, 0], "car_741": [1, 5], "car_740": [7, 4], "car_299": [2, 5], "car_298": [6, 5], "car_291": [6, 5], "car_290": [1, 0], "car_293": [5, 3], "car_292": [2, 0], "car_295": [4, 0], "car_294": [7, 6], "car_297": [3, 5], "car_296": [1, 2], "car_1329": [3, 2], "car_1328": [7, 1], "car_1327": [5, 3], "car_1326": [2, 5], "car_1325": [4, 5], "car_1324": [5, 4], "car_1323": [1, 3], "car_1322": [7, 3], "car_1321": [0, 2], "car_1320": [6, 1], "car_365": [3, 2], "car_364": [1, 0], "car_367": [7, 6], "car_366": [5, 3], "car_361": [4, 7], "car_360": [5, 2], "car_363": [7, 6], "car_362": [6, 4], "car_369": [4, 6], "car_368": [1, 5], "car_167": [3, 4], "car_166": [1, 0], "car_165": [2, 6], "car_164": [0, 7], "car_163": [6, 5], "car_162": [7, 2], "car_161": [0, 4], "car_160": [6, 3], "car_169": [2, 0], "car_168": [3, 6], "car_1253": [6, 2], "car_1252": [4, 3], "car_1251": [1, 7], "car_1250": [6, 3], "car_1257": [6, 3], "car_1256": [4, 7], "car_1255": [1, 2], "car_1254": [2, 5], "car_1259": [2, 6], "car_1258": [0, 4], "car_1077": [5, 7], "car_1076": [2, 0], "car_1075": [5, 6], "car_1074": [0, 1], "car_1073": [4, 2], "car_1072": [5, 1], "car_1071": [2, 4], "car_1070": [0, 5], "car_1079": [0, 6], "car_1078": [1, 4], "car_985": [5, 7], "car_984": [2, 6], "car_987": [5, 3], "car_986": [4, 5], "car_981": [7, 3], "car_980": [5, 3], "car_983": [0, 6], "car_982": [6, 1], "car_989": [4, 0], "car_988": [3, 5], "car_569": [6, 0], "car_568": [4, 1], "car_563": [3, 0], "car_562": [6, 4], "car_561": [1, 2], "car_560": [7, 0], "car_567": [3, 7], "car_566": [1, 7], "car_565": [7, 0], "car_564": [5, 7], "car_620": [0, 6], "car_621": [2, 3], "car_622": [6, 2], "car_623": [0, 3], "car_624": [1, 7], "car_625": [3, 5], "car_626": [4, 1], "car_627": [0, 2], "car_628": [2, 7], "car_629": [6, 3], "car_198": [0, 5], "car_199": [1, 7], "car_192": [0, 3], "car_193": [2, 3], "car_190": [3, 0], "car_191": [6, 0], "car_196": [0, 6], "car_197": [3, 2], "car_194": [4, 0], "car_195": [3, 4], "car_758": [0, 5], "car_759": [4, 3], "car_754": [0, 4], "car_755": [2, 6], "car_756": [7, 6], "car_757": [1, 3], "car_750": [5, 2], "car_751": [7, 5], "car_752": [4, 3], "car_753": [6, 1], "car_286": [3, 6], "car_287": [0, 7], "car_284": [3, 4], "car_285": [7, 0], "car_282": [6, 0], "car_283": [5, 2], "car_280": [3, 1], "car_281": [4, 1], "car_288": [5, 1], "car_289": [7, 0], "car_1312": [5, 2], "car_1313": [3, 2], "car_1310": [7, 2], "car_1311": [6, 5], "car_1316": [5, 1], "car_1317": [1, 0], "car_1314": [0, 6], "car_1315": [2, 5], "car_1318": [4, 1], "car_1319": [6, 2], "car_372": [3, 7], "car_373": [5, 4], "car_370": [2, 5], "car_371": [1, 2], "car_376": [5, 0], "car_377": [4, 5], "car_374": [7, 5], "car_375": [0, 7], "car_378": [4, 6], "car_379": [6, 3], "car_174": [0, 5], "car_175": [5, 4], "car_176": [3, 4], "car_177": [4, 6], "car_170": [1, 4], "car_171": [3, 6], "car_172": [1, 6], "car_173": [1, 5], "car_178": [6, 4], "car_179": [0, 7], "car_1266": [3, 4], "car_1267": [2, 1], "car_1264": [5, 6], "car_1265": [7, 4], "car_1262": [6, 3], "car_1263": [2, 3], "car_1260": [5, 1], "car_1261": [1, 5], "car_1268": [4, 2], "car_1269": [6, 7], "car_1048": [5, 1], "car_1049": [3, 1], "car_1042": [2, 6], "car_1043": [5, 6], "car_1040": [0, 6], "car_1041": [4, 5], "car_1046": [0, 7], "car_1047": [2, 3], "car_1044": [1, 6], "car_1045": [3, 2], "car_78": [3, 1], "car_79": [2, 4], "car_72": [2, 4], "car_73": [5, 3], "car_70": [3, 0], "car_71": [0, 3], "car_76": [2, 5], "car_77": [7, 3], "car_74": [6, 3], "car_75": [6, 1], "car_992": [6, 5], "car_993": [2, 1], "car_990": [1, 7], "car_991": [4, 1], "car_996": [2, 7], "car_997": [1, 5], "car_994": [1, 7], "car_995": [3, 0], "car_998": [3, 0], "car_999": [6, 3], "car_1444": [3, 5], "car_1445": [6, 2], "car_1442": [1, 7], "car_1443": [6, 3], "car_1440": [1, 4], "car_1441": [7, 5], "car_578": [5, 4], "car_579": [7, 6], "car_553": [2, 1], "car_570": [1, 5], "car_571": [7, 3], "car_572": [3, 1], "car_573": [4, 1], "car_574": [2, 7], "car_806": [4, 2], "car_576": [7, 6], "car_577": [3, 0], "car_807": [0, 6], "car_800": [2, 3], "car_801": [5, 0], "car_802": [0, 1], "car_803": [5, 6], "car_619": [5, 3], "car_618": [2, 3], "car_615": [5, 4], "car_614": [3, 1], "car_617": [0, 2], "car_616": [6, 7], "car_611": [0, 1], "car_610": [4, 3], "car_613": [5, 1], "car_612": [2, 6], "car_769": [2, 0], "car_768": [7, 6], "car_761": [5, 7], "car_760": [0, 4], "car_763": [3, 2], "car_762": [1, 2], "car_765": [6, 2], "car_764": [1, 3], "car_767": [4, 2], "car_766": [7, 1], "car_575": [6, 5], "car_1305": [3, 0], "car_1304": [0, 4], "car_1307": [4, 1], "car_1306": [1, 2], "car_1301": [7, 0], "car_1300": [0, 1], "car_1303": [6, 7], "car_1302": [3, 2], "car_1309": [0, 7], "car_1308": [6, 1], "car_389": [4, 7], "car_388": [7, 0], "car_387": [1, 0], "car_386": [4, 0], "car_385": [1, 4], "car_384": [5, 1], "car_383": [6, 7], "car_382": [1, 6], "car_381": [0, 4], "car_380": [6, 1], "car_141": [4, 0], "car_140": [2, 5], "car_143": [7, 6], "car_142": [0, 1], "car_145": [2, 1], "car_144": [4, 2], "car_147": [1, 7], "car_146": [7, 4], "car_149": [5, 7], "car_148": [4, 7], "car_1279": [6, 7], "car_1278": [0, 6], "car_1271": [2, 5], "car_1270": [2, 6], "car_1273": [5, 6], "car_1272": [5, 1], "car_1275": [7, 2], "car_1274": [3, 2], "car_1277": [4, 7], "car_1276": [1, 2], "car_1059": [0, 3], "car_1058": [3, 2], "car_1055": [0, 3], "car_1054": [7, 5], "car_1057": [1, 6], "car_1056": [5, 4], "car_1051": [3, 0], "car_1050": [7, 0], "car_1053": [5, 1], "car_1052": [6, 5], "car_69": [6, 3], "car_68": [4, 7], "car_61": [5, 1], "car_60": [0, 7], "car_63": [6, 0], "car_62": [6, 4], "car_65": [5, 7], "car_64": [2, 6], "car_67": [3, 0], "car_66": [1, 2], "car_969": [7, 3], "car_968": [4, 7], "car_967": [3, 1], "car_966": [2, 4], "car_965": [3, 1], "car_964": [1, 2], "car_963": [7, 0], "car_962": [4, 0], "car_961": [3, 4], "car_960": [7, 2], "car_545": [1, 5], "car_544": [7, 2], "car_547": [5, 4], "car_546": [4, 6], "car_541": [5, 2], "car_540": [0, 4], "car_543": [1, 0], "car_542": [7, 3], "car_549": [6, 1], "car_548": [1, 5], "car_819": [3, 5], "car_818": [1, 5], "car_33": [5, 4], "car_608": [4, 7], "car_609": [6, 3], "car_602": [6, 2], "car_603": [2, 5], "car_600": [2, 4], "car_601": [5, 4], "car_606": [4, 1], "car_607": [7, 0], "car_604": [5, 3], "car_605": [7, 1], "car_776": [1, 3], "car_777": [3, 6], "car_774": [7, 6], "car_775": [0, 2], "car_772": [4, 6], "car_773": [6, 2], "car_770": [5, 2], "car_771": [7, 2], "car_778": [4, 1], "car_779": [6, 1], "car_398": [0, 1], "car_399": [2, 6], "car_394": [1, 7], "car_395": [6, 2], "car_396": [0, 5], "car_397": [7, 5], "car_390": [2, 3], "car_391": [4, 7], "car_392": [6, 7], "car_393": [5, 3], "car_158": [5, 7], "car_159": [7, 6], "car_156": [0, 4], "car_157": [5, 4], "car_154": [1, 3], "car_155": [6, 7], "car_152": [6, 0], "car_153": [2, 1], "car_150": [1, 5], "car_151": [3, 0], "car_1208": [4, 3], "car_1209": [6, 3], "car_1204": [3, 4], "car_1205": [4, 3], "car_1206": [7, 6], "car_1207": [1, 4], "car_1200": [5, 6], "car_1201": [1, 0], "car_1202": [2, 6], "car_1203": [1, 2], "car_1198": [1, 6], "car_1199": [6, 3], "car_1194": [0, 3], "car_1195": [7, 6], "car_1196": [4, 0], "car_1197": [5, 4], "car_1190": [6, 0], "car_1191": [7, 6], "car_1192": [1, 6], "car_1193": [6, 1], "car_978": [5, 4], "car_979": [0, 2], "car_974": [6, 2], "car_975": [0, 4], "car_976": [5, 3], "car_977": [0, 6], "car_970": [3, 7], "car_971": [6, 4], "car_972": [7, 1], "car_973": [1, 6], "car_1424": [4, 7], "car_1425": [6, 5], "car_1426": [0, 5], "car_1427": [7, 1], "car_1420": [6, 4], "car_1421": [0, 3], "car_1422": [1, 2], "car_1423": [7, 1], "car_1428": [2, 6], "car_1429": [4, 1], "car_54": [4, 2], "car_55": [1, 7], "car_56": [6, 4], "car_57": [0, 6], "car_50": [7, 5], "car_51": [0, 6], "car_52": [7, 1], "car_53": [3, 4], "car_58": [7, 4], "car_59": [1, 7], "car_552": [0, 5], "car_805": [7, 5], "car_550": [2, 1], "car_551": [3, 1], "car_556": [6, 2], "car_557": [0, 2], "car_554": [7, 1], "car_555": [3, 6], "car_558": [2, 4], "car_559": [5, 6], "car_808": [2, 1], "car_809": [3, 5], "car_703": [7, 6], "car_702": [0, 7], "car_701": [6, 3], "car_700": [3, 2], "car_707": [3, 4], "car_706": [1, 6], "car_705": [7, 4], "car_704": [0, 6], "car_709": [1, 0], "car_708": [0, 1], "car_129": [0, 1], "car_128": [6, 7], "car_123": [1, 5], "car_122": [2, 0], "car_121": [4, 3], "car_120": [7, 2], "car_127": [3, 5], "car_126": [1, 0], "car_125": [0, 1], "car_124": [4, 0], "car_1219": [0, 3], "car_1218": [3, 1], "car_1217": [7, 2], "car_1216": [5, 0], "car_1215": [2, 0], "car_1214": [6, 1], "car_1213": [1, 0], "car_1212": [7, 4], "car_1211": [4, 1], "car_1210": [5, 4], "car_1415": [4, 2], "car_1414": [1, 0], "car_1417": [3, 4], "car_1416": [7, 1], "car_1411": [7, 4], "car_1410": [6, 4], "car_237": [0, 3], "car_236": [7, 1], "car_235": [2, 6], "car_234": [4, 2], "car_233": [6, 3], "car_232": [1, 2], "car_231": [5, 4], "car_230": [6, 3], "car_1412": [4, 1], "car_239": [3, 6], "car_238": [5, 3], "car_1189": [3, 5], "car_1188": [7, 3], "car_1187": [2, 6], "car_1186": [6, 2], "car_1185": [7, 1], "car_1184": [6, 5], "car_1183": [1, 5], "car_1182": [1, 0], "car_1181": [7, 5], "car_1180": [5, 7], "car_949": [2, 3], "car_948": [5, 3], "car_941": [5, 4], "car_940": [3, 7], "car_943": [1, 3], "car_942": [2, 0], "car_945": [7, 3], "car_944": [5, 6], "car_947": [0, 2], "car_946": [3, 7], "car_1437": [4, 0], "car_1436": [3, 2], "car_1435": [0, 6], "car_1434": [3, 4], "car_1433": [5, 3], "car_1432": [1, 6], "car_1431": [7, 5], "car_1430": [2, 0], "car_1439": [5, 4], "car_1438": [0, 6], "car_493": [1, 7], "car_492": [7, 0], "car_491": [0, 7], "car_490": [3, 5], "car_497": [2, 7], "car_496": [4, 1], "car_495": [5, 2], "car_494": [4, 5], "car_499": [4, 0], "car_498": [3, 5], "car_43": [4, 3], "car_42": [7, 0], "car_41": [3, 7], "car_40": [7, 1], "car_47": [6, 7], "car_46": [1, 7], "car_45": [2, 4], "car_44": [0, 6], "car_49": [0, 2], "car_48": [0, 3], "car_831": [3, 4], "car_830": [1, 7], "car_833": [5, 2], "car_832": [4, 5], "car_835": [0, 4], "car_834": [1, 5], "car_837": [2, 4], "car_836": [7, 5], "car_839": [6, 4], "car_838": [7, 4], "car_710": [6, 4], "car_711": [0, 7], "car_712": [4, 7], "car_713": [5, 7], "car_714": [6, 4], "car_715": [0, 5], "car_716": [5, 3], "car_717": [4, 0], "car_718": [5, 7], "car_719": [7, 1], "car_138": [5, 6], "car_139": [3, 5], "car_130": [7, 4], "car_131": [4, 0], "car_132": [6, 3], "car_133": [0, 2], "car_134": [2, 4], "car_135": [1, 3], "car_136": [4, 5], "car_137": [4, 2], "car_1222": [2, 3], "car_1223": [7, 5], "car_1220": [2, 3], "car_1221": [0, 6], "car_1226": [7, 3], "car_1227": [4, 2], "car_1224": [3, 0], "car_1225": [2, 6], "car_1228": [6, 2], "car_1229": [0, 2], "car_224": [3, 1], "car_225": [4, 3], "car_226": [0, 6], "car_227": [7, 2], "car_220": [7, 6], "car_221": [1, 7], "car_222": [0, 1], "car_223": [2, 5], "car_228": [1, 5], "car_229": [3, 7], "car_1086": [1, 4], "car_1087": [5, 0], "car_1084": [2, 7], "car_1085": [7, 4], "car_1082": [4, 0], "car_1083": [6, 5], "car_1080": [1, 7], "car_1081": [3, 6], "car_1088": [1, 7], "car_1089": [4, 7], "car_956": [6, 5], "car_957": [5, 1], "car_954": [5, 6], "car_955": [3, 1], "car_952": [1, 6], "car_953": [4, 2], "car_950": [5, 7], "car_951": [7, 4], "car_958": [4, 2], "car_959": [5, 0], "car_1158": [6, 7], "car_1159": [1, 4], "car_1408": [4, 7], "car_1409": [0, 4], "car_1150": [7, 4], "car_1151": [1, 5], "car_1152": [1, 6], "car_1153": [2, 4], "car_1154": [4, 7], "car_1155": [1, 2], "car_1156": [0, 2], "car_1157": [3, 0], "car_480": [6, 3], "car_481": [5, 2], "car_482": [1, 7], "car_483": [3, 0], "car_484": [0, 7], "car_485": [1, 7], "car_486": [5, 7], "car_487": [1, 6], "car_488": [6, 7], "car_489": [0, 3], "car_853": [4, 2], "car_852": [0, 2], "car_851": [6, 4], "car_582": [3, 5], "car_857": [5, 2], "car_856": [2, 3], "car_855": [3, 5], "car_854": [1, 3], "car_828": [2, 5], "car_829": [7, 4], "car_826": [3, 6], "car_827": [6, 5], "car_824": [1, 5], "car_825": [0, 4], "car_822": [1, 7], "car_823": [2, 3], "car_820": [6, 3], "car_821": [0, 7], "car_729": [0, 3], "car_728": [6, 2], "car_725": [2, 5], "car_724": [6, 7], "car_727": [1, 2], "car_726": [1, 0], "car_721": [6, 2], "car_720": [1, 0], "car_723": [7, 3], "car_722": [5, 2], "car_105": [6, 4], "car_104": [4, 7], "car_107": [1, 5], "car_106": [2, 6], "car_101": [6, 2], "car_100": [3, 7], "car_103": [1, 4], "car_102": [5, 2], "car_109": [6, 5], "car_108": [4, 0], "car_1235": [3, 5], "car_1234": [1, 0], "car_1237": [1, 4], "car_1236": [5, 1], "car_1231": [5, 3], "car_1230": [2, 0], "car_1233": [7, 5], "car_1232": [3, 6], "car_1239": [0, 6], "car_1238": [6, 2], "car_211": [5, 4], "car_210": [1, 2], "car_213": [6, 2], "car_212": [3, 7], "car_215": [1, 4], "car_214": [7, 5], "car_217": [5, 4], "car_216": [3, 0], "car_219": [2, 3], "car_218": [0, 7], "car_923": [0, 7], "car_922": [3, 0], "car_921": [1, 3], "car_920": [7, 5], "car_927": [0, 5], "car_926": [6, 1], "car_925": [4, 2], "car_924": [2, 1], "car_929": [5, 3], "car_928": [4, 1], "car_1149": [5, 7], "car_1148": [4, 7], "car_1419": [1, 5], "car_1418": [5, 7], "car_1143": [5, 0], "car_1142": [0, 1], "car_1141": [4, 1], "car_1140": [3, 4], "car_1147": [3, 7], "car_1146": [4, 7], "car_1145": [1, 3], "car_1144": [7, 6], "car_1099": [2, 6], "car_1098": [6, 7], "car_1091": [6, 4], "car_1090": [7, 6], "car_1093": [1, 3], "car_1092": [5, 4], "car_1095": [1, 3], "car_1094": [4, 7], "car_1097": [4, 3], "car_1096": [3, 5], "car_589": [4, 2], "car_588": [7, 2], "car_859": [4, 1], "car_858": [7, 1], "car_581": [6, 7], "car_580": [3, 5], "car_583": [0, 5], "car_850": [3, 1], "car_585": [1, 3], "car_584": [7, 4], "car_587": [0, 2], "car_586": [6, 4], "car_457": [3, 2], "car_456": [1, 6], "car_455": [0, 5], "car_454": [1, 3], "car_453": [6, 1], "car_452": [3, 0], "car_451": [7, 5], "car_450": [7, 2], "car_459": [1, 5], "car_458": [0, 3], "car_738": [1, 0], "car_739": [5, 0], "car_733": [4, 0], "car_732": [1, 3], "car_32": [7, 0], "car_730": [1, 7], "car_731": [5, 4], "car_736": [0, 4], "car_737": [5, 3], "car_734": [0, 4], "car_735": [4, 3], "car_38": [4, 3], "car_39": [7, 1], "car_112": [2, 1], "car_113": [1, 6], "car_110": [7, 4], "car_111": [3, 0], "car_116": [4, 6], "car_117": [0, 6], "car_114": [6, 3], "car_115": [2, 0], "car_118": [1, 4], "car_119": [5, 1], "car_208": [0, 1], "car_209": [5, 0], "car_206": [4, 2], "car_207": [6, 5], "car_204": [6, 3], "car_205": [2, 7], "car_202": [4, 1], "car_203": [0, 1], "car_200": [4, 3], "car_201": [7, 6], "car_1398": [1, 4], "car_1399": [4, 7], "car_1392": [3, 1], "car_1393": [2, 0], "car_1390": [5, 4], "car_1391": [1, 7], "car_1396": [6, 2], "car_1397": [0, 5], "car_1394": [6, 4], "car_1395": [4, 2], "car_930": [3, 0], "car_931": [4, 2], "car_932": [0, 5], "car_933": [7, 5], "car_934": [1, 2], "car_935": [3, 0], "car_936": [6, 2], "car_937": [1, 0], "car_938": [2, 5], "car_939": [5, 1], "car_6": [4, 3], "car_7": [1, 4], "car_4": [2, 7], "car_5": [1, 4], "car_2": [4, 7], "car_3": [6, 5], "car_1178": [0, 4], "car_1": [3, 0], "car_1176": [1, 0], "car_1177": [3, 6], "car_1174": [7, 6], "car_1175": [4, 3], "car_1172": [4, 3], "car_1173": [0, 5], "car_8": [3, 2], "car_9": [2, 0], "car_98": [4, 1], "car_99": [2, 7], "car_90": [5, 6], "car_91": [7, 5], "car_92": [3, 1], "car_93": [6, 3], "car_94": [0, 6], "car_95": [2, 5], "car_96": [5, 6], "car_97": [3, 6], "car_596": [3, 1], "car_597": [5, 6], "car_594": [4, 7], "car_595": [2, 7], "car_592": [6, 7], "car_593": [5, 1], "car_590": [2, 7], "car_591": [3, 6], "car_598": [1, 0], "car_599": [6, 1], "car_848": [5, 2], "car_849": [1, 3], "car_840": [0, 4], "car_841": [2, 6], "car_842": [5, 0], "car_843": [1, 5], "car_844": [6, 3], "car_845": [5, 1], "car_846": [3, 2], "car_847": [0, 2], "car_444": [4, 3], "car_445": [6, 3], "car_446": [2, 6], "car_447": [5, 0], "car_440": [2, 7], "car_441": [7, 2], "car_442": [0, 6], "car_443": [5, 6], "car_448": [2, 0], "car_449": [5, 6], "car_695": [2, 1], "car_694": [6, 7], "car_697": [1, 7], "car_696": [5, 3], "car_691": [4, 3], "car_690": [1, 4], "car_693": [1, 4], "car_692": [7, 1], "car_699": [1, 0], "car_698": [2, 1], "car_279": [1, 5], "car_278": [4, 0], "car_273": [3, 6], "car_272": [1, 6], "car_271": [4, 3], "car_270": [1, 6], "car_277": [3, 1], "car_276": [5, 6], "car_275": [2, 3], "car_274": [6, 3], "car_1389": [2, 3], "car_1388": [4, 5], "car_1385": [3, 5], "car_1384": [7, 4], "car_1387": [7, 0], "car_1386": [0, 5], "car_1381": [1, 4], "car_1380": [2, 4], "car_1383": [2, 1], "car_1382": [0, 7], "car_307": [1, 6], "car_306": [1, 2], "car_305": [7, 0], "car_304": [2, 0], "car_303": [7, 1], "car_302": [2, 1], "car_301": [4, 2], "car_300": [7, 1], "car_804": [1, 7], "car_309": [7, 4], "car_308": [0, 5], "car_909": [1, 5], "car_908": [2, 7], "car_905": [0, 1], "car_904": [3, 0], "car_907": [6, 5], "car_906": [7, 5], "car_901": [0, 6], "car_900": [6, 5], "car_903": [1, 5], "car_902": [7, 2], "car_1161": [2, 5], "car_1160": [6, 0], "car_1163": [7, 4], "car_1162": [3, 6], "car_1165": [3, 2], "car_1164": [1, 3], "car_1167": [0, 4], "car_1166": [3, 2], "car_1169": [0, 5], "car_1168": [4, 6], "car_87": [4, 0], "car_86": [3, 5], "car_85": [7, 4], "car_84": [5, 3], "car_83": [5, 6], "car_82": [0, 6], "car_81": [4, 3], "car_80": [7, 0], "car_89": [0, 7], "car_88": [2, 5], "car_875": [3, 5], "car_874": [7, 4], "car_877": [7, 6], "car_876": [0, 3], "car_871": [5, 2], "car_870": [4, 5], "car_873": [4, 5], "car_872": [3, 0], "car_879": [7, 6], "car_878": [5, 7], "car_471": [2, 5], "car_470": [6, 7], "car_473": [6, 4], "car_472": [1, 6], "car_475": [1, 2], "car_474": [4, 5], "car_477": [1, 2], "car_476": [6, 0], "car_479": [3, 2], "car_478": [5, 3], "car_682": [7, 2], "car_683": [1, 4], "car_680": [2, 0], "car_681": [5, 0], "car_686": [3, 4], "car_687": [0, 2], "car_684": [2, 1], "car_685": [5, 4], "car_688": [2, 5], "car_689": [7, 3], "car_268": [2, 7], "car_269": [7, 3], "car_260": [3, 5], "car_261": [4, 3], "car_262": [6, 2], "car_263": [1, 0], "car_264": [3, 5], "car_265": [0, 3], "car_266": [2, 1], "car_267": [6, 1], "car_1370": [4, 2], "car_1371": [6, 0], "car_1372": [4, 7], "car_1373": [5, 0], "car_1374": [7, 0], "car_1375": [0, 6], "car_1376": [7, 4], "car_1377": [1, 4], "car_1378": [3, 2], "car_1379": [4, 7], "car_314": [1, 6], "car_315": [3, 1], "car_316": [5, 3], "car_317": [3, 6], "car_310": [3, 6], "car_311": [6, 0], "car_312": [0, 7], "car_313": [4, 6], "car_318": [6, 7], "car_319": [2, 3], "car_918": [1, 5], "car_919": [4, 7], "car_912": [7, 4], "car_913": [3, 5], "car_910": [6, 0], "car_911": [0, 4], "car_916": [0, 6], "car_917": [5, 7], "car_914": [5, 3], "car_915": [7, 1], "car_1114": [0, 5], "car_1115": [2, 0], "car_1116": [7, 3], "car_1117": [1, 5], "car_1110": [1, 0], "car_1111": [5, 2], "car_1112": [7, 4], "car_1113": [6, 2], "car_1118": [6, 1], "car_1119": [5, 0], "car_1284": [5, 3], "car_1285": [3, 2], "car_1286": [4, 3], "car_1287": [6, 5], "car_1280": [2, 0], "car_1281": [5, 4], "car_1282": [7, 0], "car_1283": [2, 7], "car_1288": [7, 4], "car_1289": [6, 3], "car_1028": [1, 0], "car_1029": [1, 3], "car_1020": [3, 0], "car_1021": [0, 7], "car_1022": [1, 7], "car_1023": [3, 2], "car_1024": [4, 1], "car_1025": [6, 0], "car_1026": [5, 0], "car_1027": [7, 3], "car_862": [2, 7], "car_863": [1, 2], "car_860": [6, 4], "car_861": [0, 1], "car_866": [7, 5], "car_867": [1, 4], "car_864": [4, 6], "car_865": [0, 1], "car_868": [3, 1], "car_869": [6, 4]}