{"car_2009": [1, 4], "car_2229": [3, 1], "car_2228": [7, 2], "car_468": [2, 3], "car_469": [3, 6], "car_466": [7, 0], "car_467": [0, 6], "car_464": [4, 0], "car_465": [6, 0], "car_462": [1, 4], "car_463": [3, 4], "car_460": [6, 2], "car_461": [0, 2], "car_817": [2, 0], "car_816": [0, 4], "car_815": [6, 2], "car_814": [7, 1], "car_813": [5, 1], "car_812": [0, 2], "car_2072": [1, 3], "car_811": [6, 3], "car_2073": [3, 7], "car_810": [4, 7], "car_679": [4, 6], "car_678": [2, 3], "car_677": [3, 7], "car_676": [7, 1], "car_675": [5, 4], "car_674": [2, 5], "car_673": [0, 1], "car_672": [3, 0], "car_671": [5, 0], "car_670": [0, 4], "car_2078": [0, 5], "car_2079": [5, 0], "car_2341": [0, 2], "car_2223": [1, 7], "car_789": [5, 3], "car_788": [2, 1], "car_2222": [0, 1], "car_783": [0, 3], "car_782": [1, 6], "car_781": [7, 2], "car_780": [0, 5], "car_787": [6, 3], "car_786": [1, 0], "car_785": [7, 5], "car_784": [5, 0], "car_2220": [7, 1], "car_0": [0, 6], "car_2227": [5, 1], "car_1179": [7, 4], "car_2375": [7, 0], "car_2226": [0, 1], "car_2225": [4, 1], "car_2224": [3, 5], "car_255": [2, 0], "car_254": [6, 0], "car_257": [1, 5], "car_256": [7, 1], "car_251": [5, 6], "car_250": [4, 3], "car_253": [4, 3], "car_252": [1, 4], "car_1961": [4, 5], "car_1960": [3, 6], "car_1963": [5, 2], "car_1962": [2, 5], "car_259": [2, 5], "car_258": [0, 6], "car_1967": [7, 0], "car_1966": [0, 1], "car_1170": [5, 1], "car_1171": [3, 1], "car_1565": [4, 7], "car_1564": [7, 5], "car_1567": [2, 4], "car_1566": [6, 0], "car_1561": [3, 1], "car_1560": [7, 2], "car_1563": [5, 3], "car_1562": [6, 2], "car_1569": [3, 5], "car_1568": [7, 4], "car_1413": [0, 7], "car_1363": [3, 7], "car_1362": [1, 5], "car_1361": [7, 5], "car_1360": [5, 1], "car_1367": [5, 1], "car_1366": [0, 5], "car_1365": [6, 5], "car_1364": [4, 7], "car_1369": [3, 2], "car_1368": [1, 6], "car_2376": [1, 2], "car_321": [7, 5], "car_320": [5, 1], "car_323": [6, 3], "car_322": [4, 6], "car_325": [1, 4], "car_324": [5, 0], "car_327": [2, 5], "car_326": [3, 2], "car_329": [3, 1], "car_328": [1, 4], "car_1107": [3, 5], "car_1106": [7, 4], "car_1105": [0, 7], "car_1104": [6, 7], "car_1103": [3, 1], "car_1102": [1, 4], "car_1101": [5, 6], "car_1100": [2, 6], "car_1109": [1, 0], "car_1108": [7, 3], "car_1297": [5, 1], "car_1296": [0, 4], "car_1295": [6, 7], "car_1294": [1, 2], "car_1293": [6, 1], "car_1292": [4, 3], "car_1291": [3, 4], "car_1290": [1, 7], "car_1299": [0, 1], "car_1298": [5, 2], "car_2036": [6, 5], "car_2037": [1, 7], "car_1039": [4, 7], "car_1038": [1, 3], "car_1749": [0, 5], "car_1748": [6, 4], "car_2030": [1, 5], "car_2031": [4, 6], "car_1033": [3, 6], "car_1032": [7, 6], "car_1031": [5, 7], "car_1030": [2, 7], "car_1037": [7, 4], "car_1036": [2, 4], "car_1035": [0, 1], "car_1034": [4, 7], "car_1589": [1, 2], "car_1588": [2, 6], "car_1583": [1, 4], "car_1582": [2, 1], "car_1581": [6, 5], "car_1580": [4, 5], "car_1587": [1, 5], "car_1586": [2, 1], "car_1585": [4, 5], "car_1584": [3, 6], "car_1852": [4, 2], "car_1906": [3, 5], "car_899": [0, 5], "car_898": [6, 3], "car_897": [3, 5], "car_896": [1, 5], "car_895": [2, 6], "car_894": [0, 4], "car_893": [6, 4], "car_892": [4, 2], "car_891": [3, 6], "car_890": [0, 6], "car_2108": [0, 1], "car_2109": [5, 1], "car_2102": [5, 2], "car_2103": [7, 4], "car_2100": [4, 3], "car_2101": [6, 5], "car_2106": [1, 0], "car_2107": [3, 4], "car_2104": [1, 3], "car_2105": [6, 4], "car_1631": [6, 0], "car_1630": [3, 2], "car_1633": [4, 0], "car_1632": [7, 1], "car_1635": [3, 5], "car_1634": [2, 3], "car_1637": [0, 1], "car_1636": [6, 2], "car_1639": [4, 5], "car_1638": [7, 1], "car_1751": [5, 3], "car_1756": [4, 6], "car_2414": [6, 2], "car_419": [5, 1], "car_418": [6, 1], "car_2218": [0, 1], "car_2219": [5, 3], "car_413": [2, 3], "car_412": [0, 3], "car_411": [4, 5], "car_410": [3, 7], "car_417": [4, 3], "car_416": [3, 7], "car_415": [1, 7], "car_414": [7, 6], "car_2417": [1, 3], "car_1679": [3, 7], "car_1678": [5, 2], "car_2412": [1, 2], "car_2413": [3, 7], "car_527": [3, 1], "car_526": [7, 2], "car_525": [2, 5], "car_524": [0, 1], "car_523": [4, 6], "car_522": [3, 6], "car_521": [7, 5], "car_520": [3, 4], "car_1671": [6, 5], "car_1889": [4, 3], "car_529": [2, 7], "car_528": [0, 4], "car_1884": [3, 4], "car_1885": [0, 5], "car_2368": [1, 2], "car_668": [1, 4], "car_669": [3, 2], "car_664": [7, 3], "car_665": [4, 7], "car_666": [6, 0], "car_667": [0, 4], "car_660": [7, 6], "car_661": [6, 1], "car_662": [2, 4], "car_663": [5, 3], "car_1854": [5, 2], "car_798": [4, 7], "car_799": [6, 2], "car_790": [7, 0], "car_791": [1, 2], "car_792": [3, 4], "car_793": [4, 6], "car_794": [5, 4], "car_795": [7, 3], "car_796": [1, 2], "car_797": [3, 5], "car_242": [7, 2], "car_243": [3, 2], "car_240": [0, 7], "car_241": [5, 2], "car_246": [0, 3], "car_247": [5, 1], "car_244": [4, 5], "car_245": [6, 4], "car_1914": [6, 7], "car_1915": [1, 6], "car_248": [4, 7], "car_249": [6, 4], "car_1910": [2, 4], "car_1911": [7, 6], "car_1912": [3, 5], "car_1913": [4, 0], "car_1356": [3, 4], "car_1357": [4, 6], "car_1354": [5, 6], "car_1355": [1, 6], "car_1352": [6, 7], "car_1353": [2, 1], "car_1350": [7, 4], "car_1351": [1, 2], "car_1358": [0, 3], "car_1359": [2, 4], "car_1831": [6, 4], "car_1820": [3, 1], "car_1821": [5, 6], "car_1822": [1, 6], "car_1823": [4, 6], "car_1824": [0, 6], "car_1825": [2, 0], "car_338": [3, 0], "car_339": [6, 1], "car_336": [7, 3], "car_337": [1, 4], "car_334": [0, 5], "car_335": [2, 7], "car_332": [3, 5], "car_333": [4, 0], "car_330": [0, 6], "car_331": [2, 5], "car_1138": [5, 0], "car_1139": [7, 3], "car_1132": [7, 3], "car_1133": [3, 4], "car_1130": [6, 5], "car_1131": [2, 7], "car_1136": [1, 2], "car_1137": [3, 4], "car_1134": [4, 5], "car_1135": [5, 0], "car_1839": [0, 4], "car_2393": [3, 1], "car_1838": [6, 2], "car_2392": [7, 3], "car_2029": [7, 6], "car_2028": [2, 7], "car_2021": [6, 0], "car_2020": [3, 0], "car_2023": [5, 6], "car_2022": [2, 6], "car_2025": [1, 4], "car_2024": [7, 0], "car_2027": [6, 1], "car_2026": [3, 5], "car_1008": [6, 3], "car_1009": [0, 6], "car_1006": [2, 6], "car_1007": [1, 4], "car_1004": [1, 0], "car_1005": [3, 6], "car_1002": [4, 3], "car_1003": [0, 2], "car_1000": [7, 1], "car_1001": [3, 4], "car_2398": [0, 7], "car_1924": [0, 3], "car_36": [5, 2], "car_37": [1, 3], "car_34": [6, 5], "car_35": [0, 6], "car_888": [4, 3], "car_889": [6, 7], "car_30": [5, 7], "car_31": [7, 2], "car_884": [7, 4], "car_885": [2, 1], "car_886": [5, 3], "car_887": [7, 5], "car_880": [4, 3], "car_881": [6, 0], "car_882": [0, 6], "car_883": [5, 4], "car_2119": [0, 7], "car_2118": [3, 6], "car_2115": [6, 3], "car_2114": [4, 1], "car_2117": [7, 0], "car_2116": [0, 6], "car_2111": [0, 7], "car_2110": [1, 5], "car_2113": [3, 4], "car_2112": [2, 7], "car_1644": [1, 4], "car_1645": [3, 4], "car_1646": [0, 3], "car_1647": [2, 6], "car_1640": [6, 5], "car_1641": [0, 5], "car_1642": [2, 6], "car_1643": [5, 7], "car_1648": [5, 2], "car_1649": [7, 0], "car_2159": [7, 4], "car_2158": [2, 0], "car_408": [2, 0], "car_409": [7, 1], "car_2203": [0, 3], "car_2202": [4, 1], "car_2205": [4, 0], "car_2204": [3, 1], "car_2207": [7, 6], "car_2206": [0, 7], "car_400": [6, 2], "car_401": [0, 5], "car_402": [2, 3], "car_403": [5, 6], "car_404": [7, 2], "car_405": [1, 0], "car_406": [2, 7], "car_407": [6, 4], "car_1769": [7, 5], "car_534": [4, 7], "car_535": [6, 7], "car_536": [0, 5], "car_537": [3, 6], "car_530": [3, 0], "car_531": [6, 3], "car_532": [5, 2], "car_533": [1, 6], "car_538": [6, 0], "car_539": [0, 5], "car_2310": [4, 2], "car_659": [5, 1], "car_658": [2, 7], "car_651": [7, 1], "car_650": [5, 3], "car_653": [3, 1], "car_652": [1, 6], "car_655": [0, 4], "car_654": [4, 3], "car_657": [7, 5], "car_656": [2, 5], "car_1929": [4, 6], "car_2195": [2, 6], "car_2194": [6, 2], "car_1764": [7, 6], "car_2197": [3, 2], "car_2196": [7, 6], "car_2191": [2, 1], "car_1928": [3, 4], "car_2190": [0, 1], "car_2193": [4, 6], "car_1909": [0, 3], "car_1908": [6, 2], "car_1907": [4, 7], "car_1763": [5, 1], "car_1905": [7, 2], "car_1904": [0, 6], "car_1903": [1, 3], "car_1902": [7, 4], "car_1901": [0, 5], "car_1900": [3, 1], "car_1349": [5, 2], "car_1348": [2, 1], "car_1762": [0, 1], "car_1341": [7, 5], "car_1340": [0, 3], "car_1343": [0, 2], "car_1342": [6, 7], "car_1345": [1, 7], "car_1344": [7, 5], "car_1347": [6, 4], "car_1346": [4, 0], "car_1833": [1, 2], "car_1832": [2, 7], "car_349": [0, 6], "car_348": [4, 3], "car_1837": [1, 4], "car_1836": [2, 7], "car_1835": [0, 7], "car_1834": [3, 5], "car_343": [4, 7], "car_342": [5, 6], "car_341": [2, 4], "car_340": [0, 4], "car_347": [1, 0], "car_346": [7, 4], "car_345": [0, 5], "car_344": [6, 5], "car_2325": [3, 6], "car_1129": [3, 0], "car_1128": [7, 1], "car_1125": [3, 0], "car_1124": [7, 6], "car_1127": [5, 4], "car_1126": [2, 1], "car_1121": [1, 2], "car_1120": [7, 4], "car_1123": [6, 4], "car_1122": [4, 7], "car_1402": [7, 4], "car_2320": [4, 7], "car_1403": [1, 0], "car_2321": [6, 4], "car_1400": [6, 2], "car_1401": [0, 5], "car_1406": [6, 7], "car_1407": [7, 3], "car_1404": [3, 4], "car_1405": [4, 3], "car_2058": [6, 5], "car_2059": [0, 2], "car_2054": [1, 7], "car_2055": [3, 2], "car_2056": [2, 6], "car_2057": [7, 0], "car_2050": [6, 2], "car_2051": [0, 4], "car_2052": [2, 6], "car_2053": [5, 0], "car_1011": [3, 0], "car_1010": [5, 2], "car_1013": [2, 3], "car_1012": [6, 0], "car_1015": [1, 3], "car_1014": [7, 4], "car_1017": [2, 4], "car_1016": [4, 5], "car_1019": [4, 2], "car_1018": [7, 2], "car_25": [6, 4], "car_24": [3, 7], "car_27": [2, 0], "car_26": [0, 3], "car_21": [6, 5], "car_20": [4, 2], "car_23": [7, 3], "car_22": [0, 7], "car_29": [2, 5], "car_28": [5, 4], "car_1657": [4, 7], "car_1656": [1, 7], "car_1655": [1, 5], "car_1654": [5, 0], "car_1653": [4, 7], "car_1652": [1, 4], "car_1651": [7, 6], "car_1650": [6, 1], "car_1659": [0, 1], "car_1658": [6, 0], "car_1969": [6, 0], "car_2315": [0, 1], "car_1843": [4, 2], "car_435": [5, 2], "car_434": [2, 1], "car_437": [1, 3], "car_436": [5, 6], "car_431": [3, 0], "car_430": [2, 3], "car_433": [6, 5], "car_432": [4, 0], "car_1846": [3, 1], "car_439": [0, 4], "car_438": [4, 3], "car_1847": [4, 3], "car_2274": [5, 6], "car_2275": [3, 7], "car_2276": [4, 7], "car_2277": [6, 3], "car_2270": [0, 6], "car_2271": [7, 3], "car_2272": [1, 4], "car_2273": [0, 4], "car_1845": [7, 2], "car_2278": [2, 5], "car_2279": [6, 0], "car_1848": [6, 2], "car_2289": [1, 4], "car_1968": [4, 2], "car_1849": [0, 4], "car_2288": [3, 7], "car_1965": [1, 6], "car_1964": [7, 3], "car_501": [0, 7], "car_500": [4, 2], "car_503": [3, 1], "car_502": [7, 1], "car_505": [7, 4], "car_504": [5, 6], "car_507": [3, 5], "car_506": [1, 4], "car_509": [6, 0], "car_508": [4, 0], "car_2302": [0, 5], "car_2303": [2, 5], "car_2304": [7, 4], "car_2305": [6, 7], "car_2306": [0, 3], "car_2307": [5, 2], "car_2281": [2, 4], "car_1745": [2, 4], "car_2280": [0, 7], "car_646": [1, 0], "car_647": [4, 3], "car_644": [0, 4], "car_645": [2, 4], "car_642": [4, 1], "car_643": [6, 3], "car_640": [5, 3], "car_641": [3, 7], "car_2314": [6, 2], "car_648": [6, 4], "car_649": [2, 0], "car_1830": [4, 1], "car_2420": [3, 7], "car_1932": [5, 3], "car_1933": [7, 2], "car_1930": [6, 5], "car_1931": [2, 1], "car_1936": [1, 2], "car_1937": [3, 1], "car_1934": [4, 5], "car_1935": [6, 5], "car_1938": [4, 1], "car_1939": [6, 7], "car_1717": [7, 0], "car_1338": [7, 3], "car_1339": [4, 7], "car_1334": [5, 0], "car_1335": [1, 4], "car_1336": [4, 7], "car_1337": [0, 3], "car_1330": [1, 6], "car_1331": [4, 3], "car_1332": [0, 4], "car_1333": [2, 5], "car_1711": [3, 2], "car_358": [0, 6], "car_359": [3, 5], "car_1804": [7, 1], "car_1805": [3, 4], "car_1802": [6, 4], "car_1803": [2, 0], "car_1800": [3, 1], "car_1801": [4, 7], "car_350": [3, 7], "car_351": [2, 4], "car_352": [7, 5], "car_353": [1, 7], "car_354": [3, 6], "car_355": [4, 5], "car_356": [6, 7], "car_357": [6, 3], "car_1482": [6, 7], "car_1483": [0, 3], "car_1480": [1, 2], "car_1481": [4, 3], "car_1486": [0, 5], "car_1487": [7, 0], "car_1484": [5, 7], "car_1485": [3, 7], "car_1488": [1, 3], "car_1489": [1, 0], "car_1240": [1, 5], "car_1241": [4, 0], "car_1242": [0, 6], "car_1243": [7, 6], "car_1244": [1, 6], "car_1245": [6, 5], "car_1246": [0, 5], "car_1247": [5, 3], "car_1248": [4, 2], "car_1249": [2, 5], "car_1747": [4, 1], "car_2374": [6, 7], "car_1879": [1, 4], "car_2049": [1, 2], "car_2048": [7, 3], "car_2047": [5, 0], "car_2046": [4, 2], "car_2045": [3, 7], "car_2044": [5, 4], "car_2043": [2, 4], "car_2042": [6, 2], "car_2041": [4, 1], "car_2040": [1, 4], "car_1064": [5, 2], "car_1065": [4, 2], "car_1066": [6, 4], "car_1067": [0, 6], "car_1060": [5, 4], "car_1061": [7, 1], "car_1062": [1, 6], "car_1063": [6, 3], "car_1068": [5, 0], "car_1069": [1, 5], "car_1798": [5, 1], "car_1799": [7, 3], "car_10": [1, 6], "car_11": [4, 7], "car_12": [2, 6], "car_13": [7, 1], "car_14": [3, 7], "car_15": [6, 0], "car_16": [0, 7], "car_17": [2, 0], "car_18": [7, 6], "car_19": [1, 3], "car_1668": [5, 0], "car_1669": [7, 0], "car_1662": [4, 0], "car_1663": [6, 4], "car_1660": [5, 4], "car_1661": [1, 3], "car_1666": [5, 6], "car_1667": [1, 3], "car_1664": [0, 2], "car_1665": [2, 0], "car_1468": [1, 4], "car_1469": [3, 4], "car_1460": [4, 0], "car_1461": [0, 2], "car_1462": [2, 5], "car_1463": [7, 0], "car_1464": [3, 6], "car_1465": [7, 5], "car_1466": [3, 6], "car_1467": [7, 5], "car_422": [6, 1], "car_423": [1, 5], "car_420": [1, 3], "car_421": [4, 3], "car_426": [2, 5], "car_427": [5, 1], "car_424": [3, 1], "car_425": [4, 7], "car_428": [6, 0], "car_429": [0, 4], "car_2377": [6, 3], "car_2267": [7, 2], "car_2266": [6, 2], "car_2265": [3, 1], "car_2264": [7, 6], "car_2263": [5, 1], "car_2262": [0, 2], "car_2261": [6, 7], "car_2260": [1, 2], "car_2371": [5, 7], "car_2269": [6, 7], "car_2268": [1, 3], "car_2373": [1, 5], "car_2372": [7, 5], "car_2008": [0, 4], "car_2370": [2, 1], "car_2319": [3, 2], "car_2318": [7, 3], "car_518": [5, 3], "car_519": [1, 0], "car_516": [6, 3], "car_517": [0, 7], "car_514": [1, 0], "car_515": [4, 3], "car_512": [4, 1], "car_513": [6, 2], "car_510": [2, 6], "car_511": [3, 7], "car_1870": [2, 4], "car_633": [7, 4], "car_632": [5, 4], "car_631": [2, 7], "car_630": [3, 6], "car_637": [0, 6], "car_636": [6, 1], "car_635": [4, 2], "car_634": [1, 7], "car_639": [2, 7], "car_638": [4, 7], "car_189": [6, 5], "car_188": [3, 5], "car_185": [7, 3], "car_184": [5, 0], "car_187": [7, 3], "car_186": [1, 3], "car_181": [4, 7], "car_180": [1, 7], "car_183": [2, 6], "car_182": [6, 2], "car_749": [5, 0], "car_748": [0, 1], "car_747": [4, 3], "car_746": [5, 2], "car_745": [2, 6], "car_744": [0, 6], "car_743": [4, 0], "car_742": [3, 2], "car_741": [7, 0], "car_740": [0, 2], "car_2131": [3, 6], "car_299": [4, 0], "car_298": [1, 3], "car_1927": [7, 5], "car_1926": [5, 3], "car_1921": [3, 7], "car_1920": [2, 6], "car_1923": [6, 2], "car_1922": [4, 5], "car_291": [2, 3], "car_290": [0, 6], "car_293": [7, 6], "car_292": [5, 7], "car_295": [5, 1], "car_294": [0, 2], "car_297": [5, 0], "car_296": [1, 6], "car_1329": [0, 4], "car_1328": [6, 0], "car_1327": [7, 2], "car_1326": [5, 7], "car_1325": [6, 1], "car_1324": [4, 2], "car_1323": [3, 4], "car_1322": [1, 7], "car_1321": [5, 0], "car_1320": [2, 3], "car_365": [2, 5], "car_364": [4, 2], "car_367": [3, 0], "car_366": [7, 0], "car_361": [0, 5], "car_360": [6, 7], "car_363": [3, 0], "car_362": [1, 5], "car_1811": [3, 4], "car_1810": [1, 0], "car_1813": [0, 6], "car_1812": [6, 3], "car_369": [5, 1], "car_368": [0, 3], "car_1817": [6, 3], "car_1816": [3, 1], "car_167": [1, 3], "car_166": [5, 1], "car_165": [0, 1], "car_164": [6, 1], "car_163": [3, 2], "car_162": [1, 0], "car_161": [6, 1], "car_160": [4, 5], "car_169": [0, 3], "car_168": [6, 2], "car_1495": [4, 2], "car_1494": [1, 0], "car_1497": [1, 4], "car_1496": [5, 7], "car_1491": [6, 1], "car_1490": [3, 5], "car_1493": [5, 3], "car_1492": [0, 1], "car_1499": [4, 5], "car_1498": [3, 4], "car_1253": [0, 6], "car_1252": [4, 7], "car_1251": [1, 0], "car_1250": [5, 7], "car_1257": [3, 5], "car_1256": [1, 2], "car_1255": [7, 5], "car_1254": [2, 3], "car_1259": [0, 4], "car_1258": [6, 5], "car_1868": [1, 4], "car_1789": [1, 7], "car_1788": [7, 5], "car_2070": [0, 5], "car_2071": [5, 1], "car_2076": [2, 4], "car_2077": [1, 3], "car_2074": [4, 0], "car_2075": [0, 4], "car_1781": [0, 6], "car_1780": [6, 7], "car_1783": [1, 2], "car_1782": [5, 2], "car_1785": [4, 6], "car_1784": [3, 2], "car_1787": [5, 1], "car_1786": [2, 6], "car_1077": [6, 5], "car_1076": [4, 0], "car_1075": [3, 7], "car_1074": [1, 7], "car_1073": [7, 5], "car_1072": [5, 1], "car_1071": [6, 1], "car_1070": [4, 7], "car_1079": [2, 1], "car_1078": [0, 5], "car_2139": [4, 2], "car_2034": [5, 6], "car_2300": [3, 0], "car_2035": [4, 2], "car_2301": [4, 3], "car_2032": [6, 3], "car_2033": [0, 7], "car_2138": [1, 3], "car_985": [1, 2], "car_984": [7, 4], "car_987": [3, 5], "car_986": [7, 0], "car_981": [7, 5], "car_980": [5, 4], "car_983": [4, 3], "car_982": [3, 7], "car_1675": [6, 5], "car_1674": [1, 0], "car_1677": [2, 3], "car_1676": [0, 1], "car_989": [1, 3], "car_988": [7, 2], "car_1673": [7, 0], "car_1672": [0, 4], "car_1479": [7, 3], "car_1478": [5, 6], "car_1473": [6, 5], "car_1472": [3, 2], "car_1471": [1, 3], "car_1470": [0, 1], "car_1477": [2, 3], "car_1476": [3, 5], "car_1475": [5, 0], "car_1474": [0, 2], "car_1743": [7, 0], "car_1742": [2, 5], "car_2258": [2, 3], "car_2259": [7, 5], "car_2252": [0, 2], "car_2253": [2, 3], "car_2250": [1, 3], "car_2251": [4, 0], "car_2256": [3, 4], "car_2257": [6, 2], "car_2254": [5, 6], "car_2255": [1, 6], "car_2098": [1, 2], "car_2099": [3, 1], "car_2090": [7, 1], "car_2091": [3, 0], "car_2092": [4, 3], "car_2093": [6, 4], "car_2094": [0, 6], "car_2095": [2, 3], "car_2096": [5, 4], "car_2097": [7, 6], "car_569": [1, 2], "car_568": [4, 5], "car_2328": [2, 0], "car_2329": [5, 6], "car_563": [6, 2], "car_562": [7, 3], "car_561": [5, 1], "car_560": [2, 1], "car_567": [3, 1], "car_566": [1, 7], "car_565": [7, 5], "car_564": [0, 3], "car_2331": [3, 5], "car_620": [7, 0], "car_621": [1, 0], "car_622": [3, 5], "car_623": [4, 7], "car_624": [6, 3], "car_625": [0, 3], "car_626": [2, 0], "car_627": [5, 7], "car_628": [0, 4], "car_629": [7, 0], "car_1869": [4, 1], "car_1866": [2, 7], "car_1867": [5, 1], "car_198": [3, 6], "car_199": [6, 1], "car_192": [7, 1], "car_193": [1, 5], "car_190": [2, 7], "car_191": [5, 4], "car_196": [7, 2], "car_197": [1, 5], "car_194": [3, 5], "car_195": [0, 1], "car_758": [5, 1], "car_759": [1, 5], "car_754": [7, 3], "car_755": [3, 0], "car_756": [6, 4], "car_757": [0, 6], "car_750": [1, 2], "car_751": [0, 4], "car_752": [2, 7], "car_753": [5, 4], "car_1940": [0, 3], "car_286": [4, 3], "car_287": [7, 0], "car_284": [4, 7], "car_285": [5, 7], "car_282": [7, 2], "car_283": [3, 5], "car_280": [6, 1], "car_281": [2, 5], "car_1949": [6, 5], "car_288": [3, 5], "car_289": [4, 1], "car_1948": [1, 5], "car_1312": [0, 7], "car_1313": [2, 1], "car_1310": [3, 7], "car_1311": [6, 1], "car_1316": [6, 0], "car_1317": [2, 0], "car_1314": [7, 2], "car_1315": [1, 3], "car_1318": [5, 3], "car_1319": [6, 3], "car_372": [2, 3], "car_373": [5, 3], "car_370": [7, 1], "car_371": [6, 3], "car_376": [4, 1], "car_377": [6, 4], "car_374": [1, 6], "car_375": [3, 2], "car_1864": [3, 7], "car_1865": [4, 0], "car_378": [0, 7], "car_379": [5, 4], "car_1860": [6, 7], "car_1861": [0, 4], "car_1862": [5, 3], "car_1863": [7, 5], "car_174": [3, 4], "car_175": [5, 7], "car_176": [7, 2], "car_177": [6, 2], "car_170": [2, 4], "car_171": [5, 0], "car_172": [7, 1], "car_173": [1, 5], "car_178": [2, 1], "car_179": [5, 7], "car_2338": [0, 5], "car_1266": [7, 1], "car_1267": [1, 6], "car_1264": [6, 2], "car_1265": [0, 1], "car_1262": [6, 3], "car_1263": [0, 5], "car_1260": [7, 2], "car_1261": [5, 7], "car_1268": [4, 1], "car_1269": [6, 1], "car_2406": [7, 6], "car_2065": [6, 3], "car_2064": [4, 0], "car_1048": [6, 5], "car_1049": [2, 3], "car_2061": [3, 6], "car_2060": [2, 0], "car_2063": [1, 7], "car_2062": [4, 1], "car_1042": [7, 4], "car_1043": [3, 7], "car_1040": [2, 7], "car_1041": [5, 1], "car_1046": [2, 4], "car_1047": [4, 3], "car_1044": [4, 2], "car_1045": [0, 3], "car_2404": [6, 7], "car_78": [1, 7], "car_79": [2, 7], "car_72": [3, 4], "car_73": [4, 5], "car_70": [6, 3], "car_71": [7, 6], "car_76": [5, 2], "car_77": [7, 1], "car_74": [6, 2], "car_75": [0, 2], "car_992": [1, 5], "car_993": [3, 0], "car_990": [0, 7], "car_991": [2, 7], "car_996": [6, 3], "car_997": [0, 2], "car_994": [6, 4], "car_995": [5, 4], "car_1688": [7, 2], "car_1689": [1, 7], "car_998": [2, 1], "car_999": [5, 2], "car_2409": [4, 0], "car_2408": [3, 1], "car_1448": [0, 6], "car_1449": [2, 4], "car_1446": [1, 3], "car_1447": [4, 1], "car_1444": [0, 7], "car_1445": [5, 0], "car_1442": [7, 5], "car_1443": [1, 7], "car_1440": [2, 0], "car_1441": [5, 4], "car_2401": [2, 3], "car_2249": [7, 4], "car_2248": [5, 4], "car_2245": [5, 2], "car_2244": [6, 0], "car_2247": [6, 1], "car_2246": [4, 5], "car_2241": [1, 6], "car_2240": [2, 5], "car_2243": [4, 0], "car_2242": [3, 6], "car_2089": [5, 7], "car_2088": [2, 3], "car_2083": [5, 4], "car_2082": [0, 1], "car_2081": [3, 1], "car_2080": [7, 4], "car_2087": [0, 3], "car_2086": [7, 2], "car_2085": [5, 1], "car_2084": [1, 6], "car_578": [4, 6], "car_579": [5, 0], "car_2333": [7, 4], "car_2332": [0, 3], "car_2335": [0, 4], "car_2334": [3, 1], "car_2337": [3, 2], "car_553": [7, 4], "car_570": [4, 5], "car_571": [0, 6], "car_572": [3, 1], "car_573": [6, 4], "car_574": [2, 7], "car_806": [0, 5], "car_576": [1, 2], "car_577": [3, 0], "car_807": [2, 5], "car_800": [7, 2], "car_801": [0, 3], "car_802": [7, 0], "car_2192": [7, 2], "car_803": [1, 5], "car_2067": [5, 7], "car_2066": [0, 7], "car_619": [4, 2], "car_618": [3, 5], "car_615": [1, 7], "car_614": [5, 6], "car_617": [4, 0], "car_616": [3, 5], "car_611": [5, 6], "car_610": [3, 7], "car_613": [0, 4], "car_612": [4, 5], "car_2151": [3, 4], "car_2150": [7, 4], "car_2069": [3, 5], "car_2068": [1, 5], "car_769": [1, 7], "car_768": [7, 6], "car_761": [4, 2], "car_760": [3, 1], "car_763": [2, 6], "car_762": [0, 3], "car_765": [4, 0], "car_764": [1, 6], "car_767": [5, 2], "car_766": [2, 7], "car_2216": [3, 2], "car_2217": [6, 0], "car_2330": [1, 5], "car_2214": [6, 5], "car_2215": [2, 4], "car_2212": [1, 0], "car_2213": [3, 2], "car_2210": [0, 3], "car_2211": [7, 1], "car_575": [7, 4], "car_1305": [2, 0], "car_1304": [4, 6], "car_1307": [4, 1], "car_1306": [3, 4], "car_1301": [7, 6], "car_1300": [2, 1], "car_1303": [3, 1], "car_1302": [1, 3], "car_1309": [1, 2], "car_1308": [7, 3], "car_389": [4, 0], "car_388": [3, 6], "car_387": [5, 4], "car_386": [2, 6], "car_385": [6, 2], "car_384": [4, 2], "car_383": [2, 5], "car_382": [4, 5], "car_381": [3, 4], "car_380": [1, 4], "car_141": [6, 3], "car_140": [4, 1], "car_143": [5, 2], "car_142": [0, 5], "car_145": [1, 6], "car_144": [7, 5], "car_147": [4, 6], "car_146": [3, 6], "car_149": [0, 6], "car_148": [0, 6], "car_2407": [1, 2], "car_1279": [2, 0], "car_1278": [0, 7], "car_1271": [5, 0], "car_1270": [2, 3], "car_1273": [1, 5], "car_1272": [7, 6], "car_1275": [5, 1], "car_1274": [0, 2], "car_1277": [4, 0], "car_1276": [1, 0], "car_2326": [4, 2], "car_2327": [0, 3], "car_1059": [2, 5], "car_1058": [0, 7], "car_1055": [7, 3], "car_1054": [5, 6], "car_1057": [4, 5], "car_1056": [3, 4], "car_1051": [3, 0], "car_1050": [7, 2], "car_1053": [6, 0], "car_1052": [4, 0], "car_2415": [0, 6], "car_2416": [7, 4], "car_69": [3, 4], "car_68": [2, 1], "car_61": [7, 6], "car_60": [2, 5], "car_63": [6, 5], "car_62": [3, 7], "car_65": [5, 4], "car_64": [2, 7], "car_67": [6, 3], "car_66": [3, 7], "car_1693": [5, 1], "car_1692": [5, 3], "car_1691": [2, 4], "car_1690": [6, 0], "car_1697": [1, 3], "car_1696": [7, 1], "car_969": [4, 2], "car_968": [1, 4], "car_967": [5, 4], "car_966": [0, 5], "car_965": [3, 4], "car_964": [1, 5], "car_963": [5, 3], "car_962": [2, 4], "car_961": [6, 4], "car_960": [4, 1], "car_1451": [1, 5], "car_1450": [7, 0], "car_1453": [0, 3], "car_1452": [4, 0], "car_1455": [3, 4], "car_1454": [1, 2], "car_1457": [0, 4], "car_1456": [6, 3], "car_1459": [7, 4], "car_1458": [2, 1], "car_2410": [5, 7], "car_2411": [7, 3], "car_1680": [6, 3], "car_1681": [2, 7], "car_1682": [5, 6], "car_1683": [7, 1], "car_1684": [6, 4], "car_1685": [0, 1], "car_1891": [5, 1], "car_1686": [2, 1], "car_1890": [6, 5], "car_1687": [5, 2], "car_1893": [4, 3], "car_545": [6, 7], "car_544": [4, 3], "car_547": [1, 6], "car_546": [0, 4], "car_541": [5, 1], "car_540": [2, 6], "car_543": [3, 7], "car_542": [7, 4], "car_1895": [5, 1], "car_549": [4, 2], "car_548": [3, 1], "car_819": [7, 4], "car_818": [5, 1], "car_2344": [7, 2], "car_2345": [1, 0], "car_2346": [3, 7], "car_2347": [4, 5], "car_2340": [4, 0], "car_1897": [4, 3], "car_2342": [2, 5], "car_2343": [5, 3], "car_2405": [2, 0], "car_1896": [7, 1], "car_2348": [6, 1], "car_2349": [5, 2], "car_33": [4, 6], "car_1767": [2, 7], "car_1766": [6, 7], "car_1765": [4, 2], "car_608": [7, 4], "car_609": [1, 7], "car_602": [3, 1], "car_603": [4, 0], "car_600": [7, 4], "car_601": [1, 4], "car_606": [6, 7], "car_607": [5, 0], "car_604": [0, 1], "car_605": [3, 4], "car_1761": [6, 3], "car_1760": [4, 5], "car_776": [2, 1], "car_777": [1, 4], "car_774": [7, 2], "car_775": [1, 0], "car_772": [0, 5], "car_773": [2, 7], "car_770": [3, 6], "car_771": [4, 2], "car_1768": [7, 4], "car_778": [3, 4], "car_779": [4, 5], "car_2418": [0, 3], "car_1750": [2, 4], "car_2419": [5, 7], "car_1994": [6, 7], "car_1995": [2, 4], "car_1996": [5, 3], "car_1997": [7, 0], "car_1990": [7, 0], "car_1991": [1, 4], "car_1992": [3, 6], "car_1993": [4, 6], "car_1998": [6, 4], "car_1999": [5, 0], "car_1842": [3, 7], "car_1806": [6, 0], "car_1840": [5, 4], "car_1841": [1, 6], "car_398": [3, 4], "car_399": [4, 5], "car_1844": [2, 3], "car_1807": [5, 2], "car_394": [2, 3], "car_395": [5, 1], "car_396": [7, 2], "car_397": [1, 4], "car_390": [0, 6], "car_391": [5, 7], "car_392": [6, 4], "car_393": [0, 4], "car_158": [7, 5], "car_159": [3, 1], "car_156": [6, 1], "car_157": [5, 3], "car_154": [1, 7], "car_155": [3, 0], "car_152": [6, 0], "car_153": [2, 3], "car_150": [7, 0], "car_151": [4, 5], "car_1208": [5, 1], "car_1209": [1, 5], "car_1204": [3, 0], "car_1205": [4, 2], "car_1206": [0, 2], "car_1207": [2, 0], "car_1200": [0, 4], "car_1201": [2, 5], "car_1202": [5, 2], "car_1203": [1, 2], "car_2403": [4, 0], "car_1808": [7, 2], "car_1809": [1, 3], "car_1510": [2, 6], "car_1511": [5, 0], "car_1512": [3, 1], "car_1513": [6, 2], "car_1514": [2, 0], "car_1515": [5, 7], "car_1516": [7, 6], "car_1517": [1, 6], "car_1518": [3, 7], "car_1519": [2, 3], "car_1198": [7, 6], "car_1199": [4, 1], "car_1194": [5, 7], "car_1195": [1, 3], "car_1196": [4, 6], "car_1197": [5, 7], "car_1190": [7, 2], "car_1191": [1, 4], "car_1192": [4, 1], "car_1193": [2, 5], "car_2429": [7, 1], "car_2428": [5, 1], "car_2425": [3, 6], "car_2424": [1, 0], "car_2427": [2, 1], "car_2426": [0, 6], "car_2421": [4, 5], "car_2126": [4, 1], "car_2423": [5, 3], "car_2422": [6, 5], "car_2127": [2, 1], "car_978": [3, 0], "car_979": [6, 1], "car_974": [3, 4], "car_975": [0, 4], "car_976": [5, 2], "car_977": [7, 4], "car_970": [6, 7], "car_971": [2, 4], "car_972": [5, 3], "car_973": [1, 2], "car_1424": [2, 4], "car_1425": [7, 0], "car_1426": [1, 6], "car_1427": [3, 2], "car_1420": [0, 6], "car_1421": [2, 6], "car_1422": [3, 0], "car_1423": [4, 7], "car_2402": [5, 0], "car_1428": [6, 5], "car_1429": [2, 1], "car_2128": [5, 6], "car_2129": [7, 1], "car_1738": [5, 0], "car_1739": [7, 4], "car_1730": [2, 6], "car_1731": [7, 5], "car_1732": [3, 0], "car_1733": [6, 4], "car_1734": [0, 5], "car_1735": [1, 2], "car_1736": [4, 3], "car_1737": [6, 7], "car_54": [0, 7], "car_55": [2, 0], "car_56": [3, 5], "car_57": [4, 1], "car_50": [6, 7], "car_51": [2, 6], "car_52": [7, 0], "car_53": [1, 4], "car_58": [6, 7], "car_59": [0, 3], "car_552": [5, 3], "car_805": [6, 1], "car_550": [6, 5], "car_551": [0, 4], "car_556": [0, 7], "car_557": [2, 3], "car_554": [4, 0], "car_555": [6, 7], "car_558": [5, 2], "car_559": [1, 7], "car_808": [5, 4], "car_809": [1, 5], "car_2357": [7, 0], "car_2356": [5, 2], "car_2355": [4, 3], "car_2354": [3, 2], "car_2353": [1, 2], "car_2352": [7, 2], "car_2351": [5, 1], "car_2350": [1, 3], "car_2359": [3, 7], "car_2358": [1, 7], "car_1757": [6, 4], "car_2339": [7, 2], "car_703": [1, 5], "car_702": [7, 4], "car_701": [3, 2], "car_700": [7, 5], "car_707": [3, 6], "car_706": [2, 5], "car_705": [0, 6], "car_704": [4, 6], "car_709": [1, 4], "car_708": [2, 4], "car_2221": [4, 6], "car_2308": [7, 3], "car_2400": [6, 2], "car_2309": [1, 3], "car_1987": [2, 5], "car_1986": [0, 6], "car_1985": [6, 2], "car_1984": [4, 1], "car_1983": [1, 4], "car_1982": [0, 2], "car_1981": [6, 4], "car_1980": [4, 3], "car_1989": [0, 1], "car_1988": [4, 2], "car_1855": [4, 2], "car_1796": [3, 2], "car_1857": [0, 5], "car_1856": [6, 3], "car_1851": [7, 1], "car_1850": [2, 6], "car_1853": [2, 5], "car_1797": [2, 5], "car_2336": [7, 2], "car_1859": [1, 4], "car_1794": [7, 6], "car_2230": [4, 2], "car_129": [4, 6], "car_128": [3, 6], "car_2231": [2, 5], "car_123": [3, 4], "car_122": [1, 2], "car_121": [2, 3], "car_120": [6, 2], "car_127": [1, 0], "car_126": [5, 7], "car_125": [2, 4], "car_124": [6, 2], "car_1790": [3, 4], "car_1219": [3, 2], "car_1218": [7, 2], "car_1217": [5, 0], "car_1216": [0, 4], "car_1215": [4, 7], "car_1214": [7, 6], "car_1213": [2, 0], "car_1212": [0, 5], "car_1211": [6, 2], "car_1210": [4, 3], "car_1415": [4, 6], "car_1414": [7, 1], "car_1417": [1, 2], "car_1416": [5, 2], "car_1411": [5, 7], "car_1410": [2, 4], "car_237": [5, 3], "car_236": [2, 0], "car_235": [0, 1], "car_234": [1, 0], "car_233": [7, 2], "car_232": [5, 3], "car_231": [0, 2], "car_230": [4, 3], "car_1412": [3, 7], "car_239": [4, 3], "car_238": [3, 6], "car_1503": [1, 4], "car_1502": [7, 5], "car_1501": [5, 3], "car_1500": [6, 1], "car_1507": [5, 4], "car_1506": [6, 5], "car_1505": [2, 7], "car_1504": [3, 2], "car_1509": [1, 5], "car_1508": [7, 3], "car_1189": [1, 5], "car_1188": [4, 7], "car_1187": [1, 6], "car_1186": [6, 3], "car_1185": [4, 2], "car_1184": [7, 3], "car_1183": [2, 7], "car_1182": [6, 3], "car_1181": [4, 2], "car_1180": [3, 2], "car_2182": [1, 5], "car_2183": [3, 5], "car_2180": [0, 1], "car_2181": [7, 4], "car_2186": [2, 7], "car_2187": [5, 3], "car_2184": [4, 5], "car_2185": [0, 5], "car_2188": [1, 6], "car_2189": [3, 6], "car_949": [3, 1], "car_948": [0, 7], "car_941": [6, 5], "car_940": [4, 7], "car_943": [2, 6], "car_942": [0, 1], "car_945": [3, 4], "car_944": [5, 4], "car_947": [6, 4], "car_946": [4, 3], "car_1437": [4, 6], "car_1436": [3, 5], "car_1435": [2, 3], "car_1434": [0, 7], "car_1433": [4, 2], "car_1432": [1, 5], "car_1431": [7, 1], "car_1430": [5, 2], "car_1439": [0, 7], "car_1438": [6, 4], "car_2238": [4, 5], "car_493": [7, 6], "car_492": [2, 6], "car_491": [0, 3], "car_490": [1, 3], "car_497": [5, 6], "car_496": [0, 5], "car_495": [6, 3], "car_494": [4, 2], "car_499": [3, 7], "car_498": [7, 6], "car_2296": [4, 6], "car_2297": [2, 7], "car_2294": [1, 5], "car_2239": [6, 1], "car_2292": [0, 2], "car_2293": [7, 2], "car_2290": [3, 5], "car_2291": [4, 3], "car_1918": [1, 7], "car_2298": [5, 4], "car_1919": [6, 5], "car_1729": [0, 7], "car_1728": [6, 4], "car_1723": [4, 2], "car_1722": [3, 6], "car_1721": [5, 3], "car_1720": [0, 2], "car_1727": [4, 3], "car_1726": [1, 4], "car_1725": [5, 1], "car_1724": [2, 3], "car_43": [7, 4], "car_42": [2, 5], "car_41": [0, 3], "car_40": [4, 6], "car_47": [2, 7], "car_46": [6, 4], "car_45": [4, 7], "car_44": [3, 6], "car_49": [4, 2], "car_48": [5, 3], "car_1916": [4, 7], "car_1917": [7, 2], "car_1858": [2, 1], "car_831": [5, 0], "car_830": [2, 4], "car_833": [4, 5], "car_832": [7, 0], "car_835": [0, 6], "car_834": [6, 7], "car_837": [5, 4], "car_836": [2, 3], "car_839": [2, 5], "car_838": [7, 6], "car_2360": [4, 5], "car_2361": [2, 7], "car_2366": [2, 0], "car_2367": [5, 2], "car_2364": [4, 1], "car_2365": [6, 0], "car_2168": [1, 3], "car_2169": [3, 1], "car_2160": [6, 2], "car_2161": [2, 0], "car_2162": [7, 6], "car_2163": [1, 5], "car_2164": [3, 7], "car_2165": [4, 2], "car_2166": [6, 2], "car_2167": [2, 1], "car_1941": [7, 1], "car_710": [3, 1], "car_711": [4, 3], "car_712": [2, 1], "car_713": [7, 3], "car_714": [1, 3], "car_715": [3, 0], "car_716": [2, 5], "car_717": [1, 6], "car_718": [3, 0], "car_719": [4, 0], "car_1892": [7, 1], "car_1894": [0, 5], "car_138": [5, 7], "car_139": [3, 1], "car_130": [6, 5], "car_131": [2, 1], "car_132": [1, 5], "car_133": [3, 5], "car_134": [2, 3], "car_135": [1, 0], "car_136": [6, 4], "car_137": [0, 7], "car_1222": [2, 7], "car_1223": [5, 4], "car_1220": [4, 6], "car_1221": [6, 1], "car_1226": [4, 7], "car_1227": [2, 5], "car_1224": [7, 6], "car_1225": [1, 6], "car_1886": [2, 5], "car_1887": [3, 7], "car_1228": [7, 2], "car_1229": [1, 5], "car_1882": [0, 5], "car_1883": [7, 5], "car_1880": [3, 1], "car_1881": [4, 7], "car_224": [3, 4], "car_225": [2, 4], "car_226": [5, 0], "car_227": [7, 1], "car_220": [3, 2], "car_221": [4, 5], "car_222": [6, 2], "car_223": [5, 3], "car_228": [1, 3], "car_229": [3, 2], "car_1086": [3, 4], "car_1087": [4, 6], "car_1084": [5, 1], "car_1085": [7, 2], "car_1082": [0, 2], "car_1083": [2, 0], "car_1080": [5, 6], "car_1081": [6, 5], "car_1088": [0, 4], "car_1089": [5, 7], "car_1536": [5, 2], "car_1537": [4, 0], "car_1534": [6, 3], "car_1535": [0, 1], "car_1532": [3, 0], "car_1533": [4, 2], "car_1530": [2, 4], "car_1531": [5, 3], "car_1538": [6, 4], "car_1539": [0, 2], "car_956": [6, 4], "car_957": [0, 3], "car_954": [3, 0], "car_955": [4, 1], "car_952": [2, 7], "car_953": [5, 7], "car_950": [6, 2], "car_951": [0, 3], "car_1827": [7, 3], "car_2199": [0, 7], "car_2198": [4, 1], "car_958": [2, 0], "car_959": [3, 2], "car_1158": [0, 1], "car_1159": [2, 5], "car_1408": [3, 4], "car_1409": [4, 1], "car_1829": [3, 6], "car_1150": [1, 3], "car_1151": [4, 5], "car_1152": [6, 5], "car_1153": [0, 2], "car_1154": [2, 0], "car_1155": [5, 0], "car_1156": [3, 6], "car_1157": [6, 5], "car_2380": [1, 0], "car_2381": [4, 7], "car_2382": [2, 4], "car_2383": [0, 7], "car_1826": [5, 0], "car_480": [0, 7], "car_481": [3, 0], "car_482": [6, 0], "car_483": [0, 1], "car_484": [2, 1], "car_485": [5, 6], "car_486": [1, 7], "car_487": [3, 5], "car_488": [6, 0], "car_489": [7, 1], "car_2283": [7, 2], "car_2282": [5, 1], "car_2285": [6, 0], "car_2284": [3, 1], "car_2287": [1, 4], "car_2286": [7, 2], "car_853": [6, 3], "car_852": [4, 6], "car_851": [3, 6], "car_582": [6, 4], "car_1718": [3, 1], "car_1719": [4, 1], "car_1716": [5, 0], "car_857": [3, 7], "car_1714": [0, 4], "car_1715": [2, 0], "car_1712": [4, 5], "car_1713": [6, 0], "car_1710": [1, 4], "car_856": [1, 0], "car_1828": [1, 3], "car_855": [5, 2], "car_854": [0, 2], "car_2379": [7, 5], "car_2378": [2, 0], "car_828": [6, 2], "car_829": [0, 1], "car_826": [1, 7], "car_827": [3, 4], "car_824": [5, 6], "car_825": [7, 5], "car_822": [0, 7], "car_823": [2, 5], "car_820": [3, 5], "car_821": [4, 7], "car_2179": [3, 2], "car_2178": [7, 1], "car_2173": [5, 4], "car_2172": [2, 4], "car_2171": [0, 1], "car_2170": [6, 4], "car_2177": [5, 6], "car_2176": [0, 4], "car_2175": [3, 4], "car_2174": [7, 4], "car_729": [7, 5], "car_728": [5, 4], "car_725": [3, 5], "car_724": [1, 7], "car_727": [0, 4], "car_726": [6, 4], "car_721": [2, 6], "car_720": [0, 1], "car_723": [7, 5], "car_722": [5, 4], "car_1795": [1, 7], "car_1792": [6, 5], "car_1793": [5, 4], "car_105": [6, 3], "car_104": [4, 1], "car_107": [5, 3], "car_106": [5, 0], "car_101": [5, 4], "car_100": [2, 6], "car_103": [1, 3], "car_102": [7, 2], "car_1888": [4, 7], "car_109": [2, 1], "car_108": [1, 5], "car_1791": [4, 7], "car_1235": [4, 0], "car_1234": [1, 5], "car_1237": [0, 4], "car_1236": [6, 3], "car_1231": [0, 6], "car_1230": [3, 1], "car_1233": [7, 5], "car_1232": [5, 3], "car_1899": [7, 4], "car_1898": [0, 5], "car_1239": [7, 4], "car_1238": [2, 1], "car_211": [4, 6], "car_210": [1, 4], "car_213": [2, 3], "car_212": [0, 1], "car_215": [4, 2], "car_214": [7, 4], "car_217": [5, 7], "car_216": [0, 5], "car_219": [1, 4], "car_218": [7, 5], "car_1529": [0, 3], "car_1528": [6, 0], "car_1521": [7, 4], "car_1520": [5, 0], "car_1523": [3, 2], "car_1522": [1, 4], "car_1525": [7, 6], "car_1524": [6, 0], "car_1527": [3, 2], "car_1526": [1, 5], "car_2313": [3, 6], "car_2312": [1, 0], "car_2311": [0, 1], "car_923": [7, 0], "car_922": [2, 5], "car_921": [6, 1], "car_920": [4, 3], "car_927": [0, 6], "car_926": [4, 7], "car_925": [3, 1], "car_924": [1, 4], "car_2317": [5, 3], "car_929": [7, 0], "car_928": [5, 7], "car_2316": [2, 5], "car_1149": [7, 3], "car_1148": [0, 6], "car_1419": [4, 1], "car_1418": [3, 5], "car_1143": [7, 1], "car_1142": [6, 5], "car_1141": [4, 1], "car_1140": [1, 2], "car_1147": [3, 2], "car_1146": [6, 7], "car_1145": [4, 2], "car_1144": [3, 7], "car_1099": [6, 4], "car_1098": [7, 6], "car_1091": [2, 0], "car_1090": [0, 3], "car_1093": [6, 1], "car_1092": [1, 4], "car_1095": [7, 0], "car_1094": [0, 2], "car_1097": [2, 4], "car_1096": [4, 2], "car_1701": [2, 3], "car_1700": [0, 6], "car_1703": [0, 7], "car_1702": [7, 6], "car_1705": [7, 4], "car_1704": [2, 6], "car_1707": [6, 7], "car_1706": [1, 5], "car_1709": [2, 0], "car_1708": [0, 2], "car_589": [5, 0], "car_588": [6, 2], "car_859": [5, 7], "car_858": [6, 5], "car_2384": [2, 5], "car_2385": [1, 6], "car_1695": [4, 2], "car_2387": [4, 3], "car_581": [4, 5], "car_580": [3, 6], "car_583": [0, 7], "car_850": [1, 2], "car_585": [5, 4], "car_584": [2, 1], "car_587": [1, 4], "car_586": [7, 0], "car_2002": [2, 5], "car_2148": [2, 3], "car_2149": [5, 0], "car_2146": [7, 4], "car_2147": [3, 1], "car_2144": [4, 1], "car_2145": [0, 5], "car_2142": [7, 4], "car_2143": [3, 4], "car_2140": [6, 0], "car_2141": [0, 3], "car_457": [3, 7], "car_456": [7, 4], "car_455": [5, 3], "car_454": [2, 4], "car_453": [6, 3], "car_452": [4, 1], "car_451": [3, 2], "car_450": [1, 5], "car_1878": [7, 4], "car_459": [1, 7], "car_458": [7, 4], "car_1877": [5, 0], "car_1876": [2, 7], "car_1875": [0, 6], "car_1874": [6, 1], "car_1873": [4, 5], "car_1872": [1, 3], "car_738": [1, 7], "car_739": [4, 6], "car_1871": [5, 6], "car_733": [5, 7], "car_732": [0, 1], "car_32": [1, 0], "car_730": [1, 0], "car_731": [3, 1], "car_736": [2, 7], "car_737": [5, 3], "car_734": [1, 7], "car_735": [3, 7], "car_1976": [3, 2], "car_1977": [0, 4], "car_1698": [3, 6], "car_38": [0, 6], "car_39": [1, 0], "car_2295": [3, 1], "car_1978": [1, 0], "car_1979": [3, 7], "car_112": [6, 2], "car_113": [0, 2], "car_110": [3, 0], "car_111": [4, 0], "car_116": [1, 7], "car_117": [3, 7], "car_114": [2, 3], "car_115": [5, 6], "car_118": [0, 4], "car_119": [4, 0], "car_2299": [7, 5], "car_1950": [0, 1], "car_1951": [5, 0], "car_1952": [7, 6], "car_1953": [6, 4], "car_1954": [5, 4], "car_1955": [6, 2], "car_208": [0, 5], "car_209": [7, 6], "car_206": [7, 2], "car_207": [6, 3], "car_204": [6, 0], "car_205": [2, 0], "car_202": [7, 5], "car_203": [4, 3], "car_200": [0, 1], "car_201": [2, 0], "car_1558": [2, 6], "car_1559": [5, 0], "car_1554": [3, 0], "car_1555": [4, 2], "car_1556": [0, 1], "car_1557": [7, 5], "car_1550": [6, 0], "car_1551": [4, 2], "car_1552": [6, 4], "car_1553": [0, 7], "car_1398": [3, 5], "car_1399": [4, 7], "car_1392": [7, 2], "car_1393": [3, 4], "car_1390": [0, 1], "car_1391": [2, 5], "car_1396": [5, 1], "car_1397": [1, 2], "car_1394": [6, 5], "car_1395": [0, 5], "car_930": [1, 0], "car_931": [6, 0], "car_932": [0, 5], "car_933": [5, 2], "car_934": [7, 3], "car_935": [1, 7], "car_936": [4, 3], "car_937": [6, 7], "car_938": [2, 6], "car_939": [7, 5], "car_6": [5, 0], "car_7": [7, 3], "car_4": [4, 3], "car_5": [6, 2], "car_2": [7, 3], "car_3": [3, 2], "car_1178": [5, 7], "car_1": [5, 7], "car_1176": [3, 1], "car_1177": [6, 7], "car_1174": [4, 6], "car_1175": [5, 7], "car_1172": [2, 6], "car_1173": [7, 2], "car_8": [5, 1], "car_9": [7, 4], "car_1774": [7, 5], "car_1775": [4, 3], "car_1776": [6, 0], "car_1777": [0, 7], "car_1770": [6, 7], "car_1771": [4, 6], "car_1772": [6, 2], "car_1773": [2, 1], "car_1778": [5, 6], "car_1779": [1, 6], "car_98": [6, 5], "car_99": [0, 3], "car_90": [7, 4], "car_91": [1, 3], "car_92": [3, 2], "car_93": [0, 7], "car_94": [7, 5], "car_95": [1, 4], "car_96": [3, 6], "car_97": [4, 6], "car_596": [5, 2], "car_597": [3, 1], "car_594": [6, 4], "car_595": [2, 3], "car_592": [3, 1], "car_593": [4, 7], "car_590": [7, 0], "car_591": [1, 4], "car_598": [6, 0], "car_599": [5, 6], "car_848": [2, 0], "car_849": [5, 6], "car_2391": [5, 1], "car_2390": [2, 5], "car_2397": [6, 1], "car_2396": [4, 0], "car_2395": [7, 0], "car_2394": [6, 1], "car_840": [5, 6], "car_841": [4, 2], "car_842": [5, 4], "car_843": [0, 2], "car_844": [5, 7], "car_845": [1, 2], "car_846": [3, 2], "car_847": [6, 3], "car_1608": [3, 0], "car_1609": [6, 0], "car_2153": [5, 7], "car_2152": [6, 7], "car_2155": [3, 2], "car_2154": [7, 2], "car_2157": [0, 6], "car_2156": [6, 4], "car_1600": [1, 4], "car_1601": [4, 5], "car_1602": [6, 3], "car_1603": [0, 4], "car_1604": [2, 0], "car_1605": [5, 7], "car_1606": [7, 6], "car_1607": [1, 3], "car_2369": [3, 5], "car_2362": [5, 1], "car_2363": [1, 3], "car_444": [6, 5], "car_445": [0, 5], "car_446": [1, 0], "car_447": [3, 7], "car_440": [2, 0], "car_441": [5, 0], "car_442": [3, 7], "car_443": [4, 1], "car_448": [2, 4], "car_449": [5, 7], "car_2201": [1, 6], "car_2200": [7, 6], "car_2209": [6, 7], "car_2208": [1, 4], "car_2324": [1, 4], "car_695": [5, 4], "car_694": [0, 4], "car_697": [0, 5], "car_696": [3, 7], "car_691": [5, 2], "car_690": [2, 6], "car_693": [3, 5], "car_692": [1, 0], "car_699": [3, 0], "car_698": [2, 3], "car_2399": [7, 0], "car_1943": [4, 2], "car_1942": [3, 4], "car_279": [4, 2], "car_278": [3, 7], "car_1947": [7, 5], "car_1946": [5, 4], "car_1945": [2, 3], "car_1944": [0, 1], "car_273": [5, 4], "car_272": [0, 5], "car_271": [4, 0], "car_270": [3, 0], "car_277": [5, 2], "car_276": [0, 6], "car_275": [4, 6], "car_274": [3, 5], "car_1925": [2, 6], "car_1549": [4, 3], "car_1548": [3, 2], "car_1547": [2, 7], "car_1546": [6, 4], "car_1545": [3, 5], "car_1544": [1, 5], "car_1543": [7, 1], "car_1542": [5, 2], "car_1541": [4, 0], "car_1540": [2, 3], "car_1389": [6, 3], "car_1388": [1, 7], "car_1385": [6, 0], "car_1384": [4, 5], "car_1387": [5, 1], "car_1386": [0, 7], "car_1381": [2, 5], "car_1380": [6, 2], "car_1383": [1, 7], "car_1382": [5, 1], "car_307": [7, 6], "car_306": [5, 0], "car_305": [4, 2], "car_304": [7, 5], "car_303": [6, 7], "car_302": [3, 1], "car_301": [1, 2], "car_300": [2, 3], "car_804": [4, 1], "car_309": [0, 7], "car_308": [3, 4], "car_909": [2, 7], "car_908": [6, 4], "car_905": [2, 5], "car_904": [4, 0], "car_907": [3, 0], "car_906": [1, 0], "car_901": [7, 5], "car_900": [5, 7], "car_903": [3, 0], "car_902": [1, 3], "car_1161": [7, 5], "car_1160": [5, 2], "car_1163": [0, 6], "car_1162": [6, 5], "car_1165": [3, 1], "car_1164": [5, 6], "car_1167": [6, 1], "car_1166": [4, 2], "car_1169": [3, 7], "car_1168": [2, 1], "car_2430": [4, 0], "car_2322": [2, 1], "car_2010": [3, 6], "car_2011": [4, 0], "car_2012": [5, 3], "car_2013": [7, 5], "car_2014": [1, 0], "car_2015": [3, 5], "car_2016": [4, 2], "car_2017": [6, 7], "car_2018": [0, 6], "car_2019": [7, 3], "car_87": [0, 6], "car_86": [3, 6], "car_85": [7, 6], "car_84": [2, 4], "car_83": [0, 1], "car_82": [3, 5], "car_81": [2, 1], "car_80": [1, 5], "car_2001": [0, 1], "car_89": [5, 4], "car_88": [2, 4], "car_2000": [7, 0], "car_875": [6, 0], "car_874": [4, 0], "car_877": [5, 4], "car_876": [0, 7], "car_871": [5, 2], "car_870": [2, 5], "car_873": [3, 7], "car_872": [1, 5], "car_1694": [1, 6], "car_879": [1, 7], "car_878": [7, 3], "car_1752": [3, 7], "car_1753": [6, 2], "car_1699": [4, 3], "car_2124": [2, 0], "car_2125": [1, 0], "car_1619": [3, 5], "car_1618": [1, 6], "car_2120": [4, 3], "car_2121": [6, 2], "car_2122": [0, 2], "car_2123": [2, 4], "car_1613": [3, 5], "car_1612": [1, 6], "car_1611": [5, 7], "car_1610": [2, 3], "car_1617": [7, 0], "car_1616": [5, 4], "car_1615": [0, 7], "car_1614": [4, 0], "car_1754": [0, 3], "car_1755": [7, 1], "car_2323": [5, 3], "car_471": [7, 1], "car_470": [0, 2], "car_473": [0, 5], "car_472": [6, 4], "car_475": [1, 7], "car_474": [2, 0], "car_477": [0, 2], "car_476": [3, 7], "car_479": [1, 3], "car_478": [5, 4], "car_2232": [3, 5], "car_2233": [4, 3], "car_2234": [6, 0], "car_2235": [0, 4], "car_2236": [7, 1], "car_2237": [3, 2], "car_2038": [3, 1], "car_2039": [7, 2], "car_1819": [1, 5], "car_1818": [2, 0], "car_2386": [3, 0], "car_682": [6, 2], "car_683": [0, 1], "car_680": [6, 1], "car_681": [2, 0], "car_686": [7, 3], "car_687": [3, 2], "car_684": [2, 3], "car_685": [5, 0], "car_688": [4, 7], "car_689": [0, 4], "car_1815": [7, 0], "car_1814": [7, 5], "car_2388": [6, 2], "car_2389": [0, 3], "car_1670": [3, 7], "car_1956": [0, 4], "car_1957": [7, 2], "car_1958": [4, 1], "car_1959": [7, 0], "car_2003": [5, 6], "car_268": [7, 3], "car_269": [1, 7], "car_1974": [6, 5], "car_1975": [5, 4], "car_1972": [7, 0], "car_1973": [3, 5], "car_1970": [0, 7], "car_1971": [5, 1], "car_260": [5, 1], "car_261": [7, 6], "car_262": [4, 3], "car_263": [6, 4], "car_264": [0, 6], "car_265": [3, 4], "car_266": [4, 6], "car_267": [0, 3], "car_1572": [7, 0], "car_1573": [3, 0], "car_1570": [4, 6], "car_1571": [2, 0], "car_1576": [2, 7], "car_1577": [5, 6], "car_1574": [6, 7], "car_1575": [0, 2], "car_1578": [1, 6], "car_1579": [3, 0], "car_1370": [4, 0], "car_1371": [6, 3], "car_1372": [0, 1], "car_1373": [5, 4], "car_1374": [1, 3], "car_1375": [4, 7], "car_1376": [0, 2], "car_1377": [2, 4], "car_1378": [5, 1], "car_1379": [7, 4], "car_314": [0, 3], "car_315": [2, 1], "car_316": [7, 5], "car_317": [3, 7], "car_310": [2, 7], "car_311": [5, 0], "car_312": [1, 5], "car_313": [3, 6], "car_318": [6, 4], "car_319": [0, 1], "car_918": [5, 0], "car_919": [7, 2], "car_912": [5, 1], "car_913": [7, 3], "car_910": [3, 5], "car_911": [4, 2], "car_916": [6, 7], "car_917": [0, 4], "car_914": [1, 4], "car_915": [4, 5], "car_1114": [5, 6], "car_1115": [7, 6], "car_1116": [4, 3], "car_1117": [6, 0], "car_1110": [3, 5], "car_1111": [3, 5], "car_1112": [4, 0], "car_1113": [6, 4], "car_1118": [2, 7], "car_1119": [5, 7], "car_1284": [7, 0], "car_1285": [3, 6], "car_1286": [7, 4], "car_1287": [1, 7], "car_1280": [5, 6], "car_1281": [7, 1], "car_1282": [4, 3], "car_1283": [5, 4], "car_2130": [1, 6], "car_1288": [3, 4], "car_1289": [2, 6], "car_1744": [0, 3], "car_1028": [3, 7], "car_1029": [0, 5], "car_1758": [0, 7], "car_1759": [3, 7], "car_2007": [1, 7], "car_2006": [7, 2], "car_2005": [3, 1], "car_2004": [7, 0], "car_1020": [6, 4], "car_1021": [0, 3], "car_1022": [1, 7], "car_1023": [3, 0], "car_1024": [2, 6], "car_1025": [5, 0], "car_1026": [1, 3], "car_1027": [4, 2], "car_1598": [1, 2], "car_1599": [6, 7], "car_1590": [3, 1], "car_1591": [4, 3], "car_1592": [0, 5], "car_1593": [2, 5], "car_1594": [5, 2], "car_1595": [3, 6], "car_1596": [0, 2], "car_1597": [2, 5], "car_1746": [1, 4], "car_862": [4, 3], "car_863": [3, 7], "car_860": [1, 4], "car_861": [3, 7], "car_866": [2, 1], "car_867": [5, 0], "car_864": [4, 6], "car_865": [6, 5], "car_868": [4, 7], "car_869": [0, 1], "car_1741": [0, 4], "car_2137": [5, 0], "car_2136": [0, 4], "car_2135": [6, 4], "car_2134": [3, 0], "car_2133": [0, 1], "car_2132": [6, 2], "car_1628": [7, 1], "car_1629": [1, 5], "car_1626": [6, 2], "car_1627": [0, 2], "car_1624": [1, 7], "car_1625": [4, 6], "car_1622": [0, 5], "car_1623": [7, 3], "car_1620": [4, 2], "car_1621": [6, 3], "car_1740": [1, 6]}