<routes>

	<vType id="car5" accel="100.0" decel="100.0" sigma="0.0" length="5" minGap="5.000000" maxSpeed="11.180000" tau="0.100000" carFollowModel="CACC" color="255,255,255"/>
	<vType id="car6" accel="100.0" decel="100.0" sigma="0.0" length="6" minGap="5.000000" maxSpeed="11.180000" tau="0.100000" carFollowModel="CACC" color="255,255,255"/>
	<vType id="car7" accel="100.0" decel="100.0" sigma="0.0" length="7" minGap="5.000000" maxSpeed="11.180000" tau="0.100000" carFollowModel="CACC" color="255,255,255"/>
	<vType id="car8" accel="100.0" decel="100.0" sigma="0.0" length="8" minGap="5.000000" maxSpeed="11.180000" tau="0.100000" carFollowModel="CACC" color="255,255,255"/>
	<vType id="car9" accel="100.0" decel="100.0" sigma="0.0" length="9" minGap="5.000000" maxSpeed="11.180000" tau="0.100000" carFollowModel="CACC" color="255,255,255"/>

	<route id="0" edges=" 001_001_1"/>
	<route id="2" edges=" 001_002_2"/>
	<route id="5" edges=" 002_001_3"/>
	<route id="7" edges=" 001_001_4"/>
	<route id="1" edges=" 001_002_1"/>
	<route id="3" edges=" 002_002_2"/>
	<route id="4" edges=" 002_002_3"/>
	<route id="6" edges=" 002_001_4"/>

	<vehicle id="car_0" type="car7" route="7" depart="0" departLane = "1" departSpeed="11.180000"/>
	<vehicle id="car_1" type="car7" route="3" depart="0" departLane = "0" departSpeed="11.180000"/>
	<vehicle id="car_2" type="car9" route="6" depart="1" departLane = "0" departSpeed="11.180000"/>
	<vehicle id="car_3" type="car5" route="0" depart="3" departLane = "0" departSpeed="11.180000"/>
	<vehicle id="car_4" type="car8" route="1" depart="5" departLane = "2" departSpeed="11.180000"/>
	<vehicle id="car_5" type="car8" route="6" depart="6" departLane = "1" departSpeed="11.180000"/>
	<vehicle id="car_6" type="car7" route="1" depart="7" departLane = "0" departSpeed="11.180000"/>
	<vehicle id="car_7" type="car8" route="3" depart="7" departLane = "0" departSpeed="11.180000"/>
	<vehicle id="car_8" type="car7" route="0" depart="8" departLane = "1" departSpeed="11.180000"/>
	<vehicle id="car_9" type="car7" route="6" depart="9" departLane = "1" departSpeed="11.180000"/>
	<vehicle id="car_10" type="car9" route="3" depart="10" departLane = "2" departSpeed="11.180000"/>
	<vehicle id="car_11" type="car5" route="7" depart="11" departLane = "0" departSpeed="11.180000"/>
	<vehicle id="car_12" type="car5" route="3" depart="11" departLane = "0" departSpeed="11.180000"/>
	<vehicle id="car_13" type="car9" route="6" depart="11" departLane = "1" departSpeed="11.180000"/>
	<vehicle id="car_14" type="car5" route="0" depart="13" departLane = "1" departSpeed="11.180000"/>
	<vehicle id="car_15" type="car9" route="7" depart="13" departLane = "1" departSpeed="11.180000"/>
	<vehicle id="car_16" type="car7" route="3" depart="13" departLane = "2" departSpeed="11.180000"/>
	<vehicle id="car_17" type="car5" route="0" depart="16" departLane = "0" departSpeed="11.180000"/>
	<vehicle id="car_18" type="car8" route="5" depart="18" departLane = "2" departSpeed="11.180000"/>
	<vehicle id="car_19" type="car9" route="5" depart="21" departLane = "1" departSpeed="11.180000"/>
	<vehicle id="car_20" type="car7" route="2" depart="24" departLane = "0" departSpeed="11.180000"/>
	<vehicle id="car_21" type="car6" route="6" depart="28" departLane = "0" departSpeed="11.180000"/>
	<vehicle id="car_22" type="car7" route="3" depart="31" departLane = "1" departSpeed="11.180000"/>
	<vehicle id="car_23" type="car9" route="2" depart="32" departLane = "2" departSpeed="11.180000"/>
	<vehicle id="car_24" type="car8" route="1" depart="32" departLane = "0" departSpeed="11.180000"/>
	<vehicle id="car_25" type="car5" route="1" depart="33" departLane = "2" departSpeed="11.180000"/>
	<vehicle id="car_26" type="car9" route="3" depart="33" departLane = "1" departSpeed="11.180000"/>
	<vehicle id="car_27" type="car9" route="4" depart="33" departLane = "0" departSpeed="11.180000"/>
	<vehicle id="car_28" type="car6" route="2" depart="35" departLane = "0" departSpeed="11.180000"/>
	<vehicle id="car_29" type="car6" route="4" depart="35" departLane = "0" departSpeed="11.180000"/>
	<vehicle id="car_30" type="car5" route="5" depart="38" departLane = "0" departSpeed="11.180000"/>
	<vehicle id="car_31" type="car9" route="1" depart="38" departLane = "2" departSpeed="11.180000"/>
	<vehicle id="car_32" type="car6" route="7" depart="40" departLane = "1" departSpeed="11.180000"/>
	<vehicle id="car_33" type="car6" route="4" depart="40" departLane = "0" departSpeed="11.180000"/>
	<vehicle id="car_34" type="car5" route="6" depart="40" departLane = "0" departSpeed="11.180000"/>
	<vehicle id="car_35" type="car9" route="1" depart="42" departLane = "2" departSpeed="11.180000"/>
	<vehicle id="car_36" type="car5" route="5" depart="44" departLane = "1" departSpeed="11.180000"/>
	<vehicle id="car_37" type="car8" route="2" depart="45" departLane = "2" departSpeed="11.180000"/>
	<vehicle id="car_38" type="car8" route="1" depart="45" departLane = "0" departSpeed="11.180000"/>
	<vehicle id="car_39" type="car5" route="2" depart="47" departLane = "0" departSpeed="11.180000"/>
	<vehicle id="car_40" type="car5" route="1" depart="47" departLane = "0" departSpeed="11.180000"/>
	<vehicle id="car_41" type="car7" route="0" depart="49" departLane = "2" departSpeed="11.180000"/>
	<vehicle id="car_42" type="car5" route="5" depart="51" departLane = "1" departSpeed="11.180000"/>
	<vehicle id="car_43" type="car8" route="0" depart="52" departLane = "2" departSpeed="11.180000"/>
	<vehicle id="car_44" type="car5" route="7" depart="53" departLane = "2" departSpeed="11.180000"/>
	<vehicle id="car_45" type="car8" route="5" depart="55" departLane = "1" departSpeed="11.180000"/>
	<vehicle id="car_46" type="car9" route="3" depart="55" departLane = "0" departSpeed="11.180000"/>
	<vehicle id="car_47" type="car6" route="2" depart="58" departLane = "0" departSpeed="11.180000"/>
	<vehicle id="car_48" type="car6" route="7" depart="59" departLane = "2" departSpeed="11.180000"/>
	<vehicle id="car_49" type="car5" route="6" depart="60" departLane = "2" departSpeed="11.180000"/>
	<vehicle id="car_50" type="car6" route="5" depart="61" departLane = "2" departSpeed="11.180000"/>
	<vehicle id="car_51" type="car8" route="0" depart="63" departLane = "0" departSpeed="11.180000"/>
	<vehicle id="car_52" type="car7" route="0" depart="64" departLane = "1" departSpeed="11.180000"/>
	<vehicle id="car_53" type="car6" route="7" depart="64" departLane = "1" departSpeed="11.180000"/>
	<vehicle id="car_54" type="car7" route="7" depart="65" departLane = "2" departSpeed="11.180000"/>
	<vehicle id="car_55" type="car6" route="0" depart="66" departLane = "1" departSpeed="11.180000"/>
	<vehicle id="car_56" type="car5" route="2" depart="69" departLane = "1" departSpeed="11.180000"/>
	<vehicle id="car_57" type="car8" route="5" depart="70" departLane = "1" departSpeed="11.180000"/>
	<vehicle id="car_58" type="car6" route="3" depart="70" departLane = "1" departSpeed="11.180000"/>
	<vehicle id="car_59" type="car7" route="3" depart="71" departLane = "1" departSpeed="11.180000"/>
	<vehicle id="car_60" type="car7" route="2" depart="72" departLane = "2" departSpeed="11.180000"/>
	<vehicle id="car_61" type="car5" route="5" depart="72" departLane = "0" departSpeed="11.180000"/>
	<vehicle id="car_62" type="car8" route="4" depart="73" departLane = "2" departSpeed="11.180000"/>
	<vehicle id="car_63" type="car6" route="0" depart="74" departLane = "1" departSpeed="11.180000"/>
	<vehicle id="car_64" type="car5" route="2" depart="76" departLane = "2" departSpeed="11.180000"/>
	<vehicle id="car_65" type="car5" route="5" depart="76" departLane = "1" departSpeed="11.180000"/>
	<vehicle id="car_66" type="car5" route="6" depart="76" departLane = "1" departSpeed="11.180000"/>
	<vehicle id="car_67" type="car6" route="2" depart="81" departLane = "0" departSpeed="11.180000"/>
	<vehicle id="car_68" type="car6" route="4" depart="83" departLane = "2" departSpeed="11.180000"/>
	<vehicle id="car_69" type="car5" route="7" depart="84" departLane = "1" departSpeed="11.180000"/>
	<vehicle id="car_70" type="car5" route="3" depart="84" departLane = "2" departSpeed="11.180000"/>
	<vehicle id="car_71" type="car9" route="5" depart="86" departLane = "1" departSpeed="11.180000"/>
	<vehicle id="car_72" type="car7" route="6" depart="86" departLane = "1" departSpeed="11.180000"/>
	<vehicle id="car_73" type="car8" route="0" depart="87" departLane = "1" departSpeed="11.180000"/>
	<vehicle id="car_74" type="car9" route="4" depart="88" departLane = "1" departSpeed="11.180000"/>
	<vehicle id="car_75" type="car7" route="0" depart="91" departLane = "2" departSpeed="11.180000"/>
	<vehicle id="car_76" type="car8" route="1" depart="92" departLane = "1" departSpeed="11.180000"/>
	<vehicle id="car_77" type="car7" route="1" depart="93" departLane = "1" departSpeed="11.180000"/>
	<vehicle id="car_78" type="car8" route="4" depart="93" departLane = "2" departSpeed="11.180000"/>
	<vehicle id="car_79" type="car6" route="6" depart="95" departLane = "2" departSpeed="11.180000"/>
	<vehicle id="car_80" type="car5" route="5" depart="97" departLane = "0" departSpeed="11.180000"/>
	<vehicle id="car_81" type="car9" route="1" depart="100" departLane = "0" departSpeed="11.180000"/>
	<vehicle id="car_82" type="car5" route="2" depart="101" departLane = "0" departSpeed="11.180000"/>
	<vehicle id="car_83" type="car5" route="0" depart="102" departLane = "1" departSpeed="11.180000"/>
	<vehicle id="car_84" type="car8" route="7" depart="103" departLane = "2" departSpeed="11.180000"/>
	<vehicle id="car_85" type="car8" route="4" depart="103" departLane = "1" departSpeed="11.180000"/>
	<vehicle id="car_86" type="car7" route="3" depart="104" departLane = "1" departSpeed="11.180000"/>
	<vehicle id="car_87" type="car8" route="4" depart="104" departLane = "0" departSpeed="11.180000"/>
	<vehicle id="car_88" type="car9" route="0" depart="106" departLane = "2" departSpeed="11.180000"/>
	<vehicle id="car_89" type="car9" route="2" depart="106" departLane = "2" departSpeed="11.180000"/>
	<vehicle id="car_90" type="car6" route="6" depart="106" departLane = "2" departSpeed="11.180000"/>
	<vehicle id="car_91" type="car6" route="1" depart="108" departLane = "0" departSpeed="11.180000"/>
	<vehicle id="car_92" type="car9" route="5" depart="111" departLane = "0" departSpeed="11.180000"/>
	<vehicle id="car_93" type="car5" route="6" depart="111" departLane = "2" departSpeed="11.180000"/>
	<vehicle id="car_94" type="car7" route="5" depart="112" departLane = "1" departSpeed="11.180000"/>
	<vehicle id="car_95" type="car9" route="3" depart="112" departLane = "2" departSpeed="11.180000"/>
	<vehicle id="car_96" type="car9" route="2" depart="113" departLane = "2" departSpeed="11.180000"/>
	<vehicle id="car_97" type="car5" route="3" depart="113" departLane = "2" departSpeed="11.180000"/>
	<vehicle id="car_98" type="car6" route="0" depart="114" departLane = "0" departSpeed="11.180000"/>
	<vehicle id="car_99" type="car7" route="6" depart="114" departLane = "1" departSpeed="11.180000"/>
	<vehicle id="car_100" type="car9" route="1" depart="115" departLane = "0" departSpeed="11.180000"/>
	<vehicle id="car_101" type="car7" route="0" depart="116" departLane = "1" departSpeed="11.180000"/>
	<vehicle id="car_102" type="car8" route="3" depart="117" departLane = "2" departSpeed="11.180000"/>
	<vehicle id="car_103" type="car9" route="7" depart="118" departLane = "0" departSpeed="11.180000"/>
	<vehicle id="car_104" type="car6" route="0" depart="125" departLane = "2" departSpeed="11.180000"/>
	<vehicle id="car_105" type="car7" route="0" depart="128" departLane = "2" departSpeed="11.180000"/>
	<vehicle id="car_106" type="car7" route="6" depart="129" departLane = "0" departSpeed="11.180000"/>
	<vehicle id="car_107" type="car6" route="5" depart="132" departLane = "1" departSpeed="11.180000"/>
	<vehicle id="car_108" type="car8" route="0" depart="137" departLane = "0" departSpeed="11.180000"/>
	<vehicle id="car_109" type="car9" route="2" depart="138" departLane = "2" departSpeed="11.180000"/>
	<vehicle id="car_110" type="car5" route="3" depart="138" departLane = "2" departSpeed="11.180000"/>
	<vehicle id="car_111" type="car7" route="5" depart="142" departLane = "0" departSpeed="11.180000"/>
	<vehicle id="car_112" type="car9" route="4" depart="142" departLane = "1" departSpeed="11.180000"/>
	<vehicle id="car_113" type="car8" route="7" depart="143" departLane = "1" departSpeed="11.180000"/>
	<vehicle id="car_114" type="car8" route="1" depart="144" departLane = "1" departSpeed="11.180000"/>
	<vehicle id="car_115" type="car8" route="4" depart="147" departLane = "2" departSpeed="11.180000"/>
	<vehicle id="car_116" type="car5" route="0" depart="148" departLane = "2" departSpeed="11.180000"/>
	<vehicle id="car_117" type="car8" route="0" depart="150" departLane = "2" departSpeed="11.180000"/>
	<vehicle id="car_118" type="car7" route="1" depart="151" departLane = "0" departSpeed="11.180000"/>
	<vehicle id="car_119" type="car6" route="2" depart="152" departLane = "1" departSpeed="11.180000"/>
	<vehicle id="car_120" type="car5" route="2" depart="153" departLane = "2" departSpeed="11.180000"/>
	<vehicle id="car_121" type="car9" route="7" depart="153" departLane = "0" departSpeed="11.180000"/>
	<vehicle id="car_122" type="car8" route="0" depart="154" departLane = "2" departSpeed="11.180000"/>
	<vehicle id="car_123" type="car8" route="5" depart="154" departLane = "2" departSpeed="11.180000"/>
	<vehicle id="car_124" type="car5" route="6" depart="154" departLane = "1" departSpeed="11.180000"/>
	<vehicle id="car_125" type="car6" route="3" depart="155" departLane = "1" departSpeed="11.180000"/>
	<vehicle id="car_126" type="car9" route="5" depart="157" departLane = "2" departSpeed="11.180000"/>
	<vehicle id="car_127" type="car6" route="2" depart="159" departLane = "1" departSpeed="11.180000"/>
	<vehicle id="car_128" type="car9" route="1" depart="159" departLane = "2" departSpeed="11.180000"/>
	<vehicle id="car_129" type="car7" route="1" depart="160" departLane = "2" departSpeed="11.180000"/>
	<vehicle id="car_130" type="car9" route="6" depart="161" departLane = "2" departSpeed="11.180000"/>
	<vehicle id="car_131" type="car9" route="6" depart="163" departLane = "1" departSpeed="11.180000"/>
	<vehicle id="car_132" type="car5" route="4" depart="164" departLane = "2" departSpeed="11.180000"/>
	<vehicle id="car_133" type="car6" route="2" depart="166" departLane = "0" departSpeed="11.180000"/>
	<vehicle id="car_134" type="car7" route="5" depart="166" departLane = "2" departSpeed="11.180000"/>
	<vehicle id="car_135" type="car7" route="3" depart="166" departLane = "1" departSpeed="11.180000"/>
	<vehicle id="car_136" type="car6" route="5" depart="168" departLane = "1" departSpeed="11.180000"/>
	<vehicle id="car_137" type="car8" route="3" depart="168" departLane = "2" departSpeed="11.180000"/>
	<vehicle id="car_138" type="car5" route="6" depart="168" departLane = "2" departSpeed="11.180000"/>
	<vehicle id="car_139" type="car8" route="3" depart="170" departLane = "0" departSpeed="11.180000"/>
	<vehicle id="car_140" type="car9" route="3" depart="171" departLane = "2" departSpeed="11.180000"/>
	<vehicle id="car_141" type="car8" route="3" depart="172" departLane = "1" departSpeed="11.180000"/>
	<vehicle id="car_142" type="car9" route="7" depart="174" departLane = "2" departSpeed="11.180000"/>
	<vehicle id="car_143" type="car6" route="1" depart="175" departLane = "2" departSpeed="11.180000"/>
	<vehicle id="car_144" type="car9" route="0" depart="176" departLane = "1" departSpeed="11.180000"/>
	<vehicle id="car_145" type="car9" route="2" depart="176" departLane = "1" departSpeed="11.180000"/>
	<vehicle id="car_146" type="car5" route="7" depart="177" departLane = "1" departSpeed="11.180000"/>
	<vehicle id="car_147" type="car8" route="7" depart="178" departLane = "1" departSpeed="11.180000"/>
	<vehicle id="car_148" type="car9" route="1" depart="178" departLane = "1" departSpeed="11.180000"/>
	<vehicle id="car_149" type="car9" route="6" depart="178" departLane = "1" departSpeed="11.180000"/>
	<vehicle id="car_150" type="car7" route="4" depart="179" departLane = "1" departSpeed="11.180000"/>
	<vehicle id="car_151" type="car9" route="4" depart="180" departLane = "2" departSpeed="11.180000"/>
	<vehicle id="car_152" type="car9" route="5" depart="181" departLane = "0" departSpeed="11.180000"/>
	<vehicle id="car_153" type="car5" route="4" depart="181" departLane = "2" departSpeed="11.180000"/>
	<vehicle id="car_154" type="car7" route="6" depart="181" departLane = "1" departSpeed="11.180000"/>
	<vehicle id="car_155" type="car5" route="1" depart="182" departLane = "1" departSpeed="11.180000"/>
	<vehicle id="car_156" type="car7" route="2" depart="186" departLane = "2" departSpeed="11.180000"/>
	<vehicle id="car_157" type="car7" route="6" depart="186" departLane = "1" departSpeed="11.180000"/>
	<vehicle id="car_158" type="car8" route="0" depart="188" departLane = "0" departSpeed="11.180000"/>
	<vehicle id="car_159" type="car7" route="5" depart="191" departLane = "2" departSpeed="11.180000"/>
	<vehicle id="car_160" type="car6" route="2" depart="193" departLane = "2" departSpeed="11.180000"/>
	<vehicle id="car_161" type="car9" route="2" depart="194" departLane = "1" departSpeed="11.180000"/>
	<vehicle id="car_162" type="car8" route="5" depart="197" departLane = "1" departSpeed="11.180000"/>
	<vehicle id="car_163" type="car9" route="7" depart="200" departLane = "0" departSpeed="11.180000"/>
	<vehicle id="car_164" type="car5" route="2" depart="201" departLane = "1" departSpeed="11.180000"/>
	<vehicle id="car_165" type="car6" route="0" depart="203" departLane = "1" departSpeed="11.180000"/>
	<vehicle id="car_166" type="car7" route="5" depart="207" departLane = "2" departSpeed="11.180000"/>
	<vehicle id="car_167" type="car6" route="1" depart="207" departLane = "2" departSpeed="11.180000"/>
	<vehicle id="car_168" type="car5" route="2" depart="210" departLane = "2" departSpeed="11.180000"/>
	<vehicle id="car_169" type="car9" route="3" depart="210" departLane = "1" departSpeed="11.180000"/>
	<vehicle id="car_170" type="car9" route="0" depart="211" departLane = "1" departSpeed="11.180000"/>
	<vehicle id="car_171" type="car9" route="1" depart="211" departLane = "2" departSpeed="11.180000"/>
	<vehicle id="car_172" type="car5" route="6" depart="214" departLane = "2" departSpeed="11.180000"/>
	<vehicle id="car_173" type="car8" route="1" depart="215" departLane = "1" departSpeed="11.180000"/>
	<vehicle id="car_174" type="car6" route="3" depart="215" departLane = "2" departSpeed="11.180000"/>
	<vehicle id="car_175" type="car5" route="6" depart="219" departLane = "2" departSpeed="11.180000"/>
	<vehicle id="car_176" type="car6" route="4" depart="220" departLane = "0" departSpeed="11.180000"/>
	<vehicle id="car_177" type="car8" route="0" depart="222" departLane = "1" departSpeed="11.180000"/>
	<vehicle id="car_178" type="car5" route="3" depart="223" departLane = "0" departSpeed="11.180000"/>
	<vehicle id="car_179" type="car6" route="0" depart="224" departLane = "1" departSpeed="11.180000"/>
	<vehicle id="car_180" type="car9" route="0" depart="225" departLane = "2" departSpeed="11.180000"/>
	<vehicle id="car_181" type="car9" route="2" depart="225" departLane = "1" departSpeed="11.180000"/>
	<vehicle id="car_182" type="car8" route="0" depart="226" departLane = "1" departSpeed="11.180000"/>
	<vehicle id="car_183" type="car9" route="7" depart="226" departLane = "1" departSpeed="11.180000"/>
	<vehicle id="car_184" type="car8" route="0" depart="227" departLane = "1" departSpeed="11.180000"/>
	<vehicle id="car_185" type="car8" route="1" depart="227" departLane = "2" departSpeed="11.180000"/>
	<vehicle id="car_186" type="car6" route="5" depart="228" departLane = "1" departSpeed="11.180000"/>
	<vehicle id="car_187" type="car6" route="6" depart="231" departLane = "0" departSpeed="11.180000"/>
	<vehicle id="car_188" type="car5" route="4" depart="232" departLane = "2" departSpeed="11.180000"/>
	<vehicle id="car_189" type="car8" route="6" depart="232" departLane = "2" departSpeed="11.180000"/>
	<vehicle id="car_190" type="car9" route="3" depart="233" departLane = "1" departSpeed="11.180000"/>
	<vehicle id="car_191" type="car8" route="7" depart="234" departLane = "2" departSpeed="11.180000"/>
	<vehicle id="car_192" type="car7" route="3" depart="236" departLane = "1" departSpeed="11.180000"/>
	<vehicle id="car_193" type="car8" route="4" depart="237" departLane = "0" departSpeed="11.180000"/>
	<vehicle id="car_194" type="car5" route="0" depart="238" departLane = "1" departSpeed="11.180000"/>
	<vehicle id="car_195" type="car9" route="5" depart="238" departLane = "2" departSpeed="11.180000"/>
	<vehicle id="car_196" type="car6" route="7" depart="240" departLane = "1" departSpeed="11.180000"/>
	<vehicle id="car_197" type="car8" route="0" depart="241" departLane = "1" departSpeed="11.180000"/>
	<vehicle id="car_198" type="car5" route="0" depart="242" departLane = "2" departSpeed="11.180000"/>
	<vehicle id="car_199" type="car8" route="2" depart="242" departLane = "1" departSpeed="11.180000"/>
	<vehicle id="car_200" type="car7" route="3" depart="243" departLane = "0" departSpeed="11.180000"/>
	<vehicle id="car_201" type="car7" route="7" depart="244" departLane = "0" departSpeed="11.180000"/>
	<vehicle id="car_202" type="car6" route="1" depart="246" departLane = "1" departSpeed="11.180000"/>
	<vehicle id="car_203" type="car8" route="7" depart="249" departLane = "0" departSpeed="11.180000"/>
	<vehicle id="car_204" type="car5" route="4" depart="250" departLane = "2" departSpeed="11.180000"/>
	<vehicle id="car_205" type="car6" route="2" depart="252" departLane = "0" departSpeed="11.180000"/>
	<vehicle id="car_206" type="car5" route="1" depart="252" departLane = "2" departSpeed="11.180000"/>
	<vehicle id="car_207" type="car6" route="1" depart="253" departLane = "0" departSpeed="11.180000"/>
	<vehicle id="car_208" type="car5" route="4" depart="253" departLane = "1" departSpeed="11.180000"/>
	<vehicle id="car_209" type="car7" route="5" depart="254" departLane = "1" departSpeed="11.180000"/>
	<vehicle id="car_210" type="car5" route="3" depart="254" departLane = "2" departSpeed="11.180000"/>
	<vehicle id="car_211" type="car7" route="3" depart="255" departLane = "2" departSpeed="11.180000"/>
	<vehicle id="car_212" type="car6" route="6" depart="257" departLane = "0" departSpeed="11.180000"/>
	<vehicle id="car_213" type="car9" route="4" depart="258" departLane = "1" departSpeed="11.180000"/>
	<vehicle id="car_214" type="car6" route="5" depart="259" departLane = "0" departSpeed="11.180000"/>
	<vehicle id="car_215" type="car5" route="6" depart="259" departLane = "1" departSpeed="11.180000"/>
	<vehicle id="car_216" type="car7" route="1" depart="260" departLane = "2" departSpeed="11.180000"/>
	<vehicle id="car_217" type="car5" route="4" depart="260" departLane = "0" departSpeed="11.180000"/>
	<vehicle id="car_218" type="car9" route="2" depart="262" departLane = "2" departSpeed="11.180000"/>
	<vehicle id="car_219" type="car7" route="4" depart="263" departLane = "0" departSpeed="11.180000"/>
	<vehicle id="car_220" type="car9" route="1" depart="264" departLane = "1" departSpeed="11.180000"/>
	<vehicle id="car_221" type="car8" route="3" depart="264" departLane = "2" departSpeed="11.180000"/>
	<vehicle id="car_222" type="car5" route="4" depart="264" departLane = "0" departSpeed="11.180000"/>
	<vehicle id="car_223" type="car9" route="6" depart="264" departLane = "1" departSpeed="11.180000"/>
	<vehicle id="car_224" type="car7" route="5" depart="267" departLane = "1" departSpeed="11.180000"/>
	<vehicle id="car_225" type="car5" route="6" depart="267" departLane = "0" departSpeed="11.180000"/>
	<vehicle id="car_226" type="car8" route="5" depart="269" departLane = "0" departSpeed="11.180000"/>
	<vehicle id="car_227" type="car8" route="1" depart="270" departLane = "1" departSpeed="11.180000"/>
	<vehicle id="car_228" type="car7" route="3" depart="270" departLane = "1" departSpeed="11.180000"/>
	<vehicle id="car_229" type="car5" route="3" depart="275" departLane = "2" departSpeed="11.180000"/>
	<vehicle id="car_230" type="car5" route="2" depart="276" departLane = "2" departSpeed="11.180000"/>
	<vehicle id="car_231" type="car6" route="6" depart="276" departLane = "2" departSpeed="11.180000"/>
	<vehicle id="car_232" type="car7" route="0" depart="277" departLane = "0" departSpeed="11.180000"/>
	<vehicle id="car_233" type="car9" route="5" depart="277" departLane = "0" departSpeed="11.180000"/>
	<vehicle id="car_234" type="car5" route="0" depart="280" departLane = "1" departSpeed="11.180000"/>
	<vehicle id="car_235" type="car8" route="7" depart="280" departLane = "1" departSpeed="11.180000"/>
	<vehicle id="car_236" type="car8" route="5" depart="282" departLane = "2" departSpeed="11.180000"/>
	<vehicle id="car_237" type="car8" route="7" depart="283" departLane = "0" departSpeed="11.180000"/>
	<vehicle id="car_238" type="car8" route="6" depart="283" departLane = "2" departSpeed="11.180000"/>
	<vehicle id="car_239" type="car6" route="3" depart="288" departLane = "2" departSpeed="11.180000"/>
	<vehicle id="car_240" type="car6" route="4" depart="289" departLane = "2" departSpeed="11.180000"/>
	<vehicle id="car_241" type="car6" route="7" depart="291" departLane = "1" departSpeed="11.180000"/>
	<vehicle id="car_242" type="car8" route="5" depart="292" departLane = "2" departSpeed="11.180000"/>
	<vehicle id="car_243" type="car7" route="6" depart="292" departLane = "1" departSpeed="11.180000"/>
	<vehicle id="car_244" type="car8" route="4" depart="294" departLane = "1" departSpeed="11.180000"/>
	<vehicle id="car_245" type="car7" route="2" depart="295" departLane = "1" departSpeed="11.180000"/>
	<vehicle id="car_246" type="car8" route="3" depart="296" departLane = "1" departSpeed="11.180000"/>
	<vehicle id="car_247" type="car9" route="2" depart="297" departLane = "0" departSpeed="11.180000"/>
	<vehicle id="car_248" type="car8" route="1" depart="297" departLane = "2" departSpeed="11.180000"/>
	<vehicle id="car_249" type="car8" route="3" depart="297" departLane = "1" departSpeed="11.180000"/>
	<vehicle id="car_250" type="car9" route="1" depart="298" departLane = "0" departSpeed="11.180000"/>
	<vehicle id="car_251" type="car6" route="7" depart="299" departLane = "2" departSpeed="11.180000"/>
	<vehicle id="car_252" type="car7" route="6" depart="299" departLane = "1" departSpeed="11.180000"/>
	<vehicle id="car_253" type="car6" route="6" depart="300" departLane = "1" departSpeed="11.180000"/>
	<vehicle id="car_254" type="car7" route="1" depart="302" departLane = "1" departSpeed="11.180000"/>
	<vehicle id="car_255" type="car7" route="4" depart="302" departLane = "0" departSpeed="11.180000"/>
	<vehicle id="car_256" type="car8" route="7" depart="304" departLane = "2" departSpeed="11.180000"/>
	<vehicle id="car_257" type="car8" route="2" depart="305" departLane = "0" departSpeed="11.180000"/>
	<vehicle id="car_258" type="car6" route="6" depart="306" departLane = "1" departSpeed="11.180000"/>
	<vehicle id="car_259" type="car7" route="2" depart="307" departLane = "2" departSpeed="11.180000"/>
	<vehicle id="car_260" type="car7" route="6" depart="308" departLane = "2" departSpeed="11.180000"/>
	<vehicle id="car_261" type="car5" route="2" depart="309" departLane = "0" departSpeed="11.180000"/>
	<vehicle id="car_262" type="car7" route="3" depart="309" departLane = "2" departSpeed="11.180000"/>
	<vehicle id="car_263" type="car6" route="0" depart="310" departLane = "1" departSpeed="11.180000"/>
	<vehicle id="car_264" type="car7" route="3" depart="310" departLane = "0" departSpeed="11.180000"/>
	<vehicle id="car_265" type="car7" route="2" depart="311" departLane = "0" departSpeed="11.180000"/>
	<vehicle id="car_266" type="car9" route="6" depart="312" departLane = "0" departSpeed="11.180000"/>
	<vehicle id="car_267" type="car9" route="6" depart="314" departLane = "1" departSpeed="11.180000"/>
	<vehicle id="car_268" type="car6" route="3" depart="315" departLane = "1" departSpeed="11.180000"/>
	<vehicle id="car_269" type="car7" route="6" depart="315" departLane = "0" departSpeed="11.180000"/>
	<vehicle id="car_270" type="car6" route="5" depart="316" departLane = "1" departSpeed="11.180000"/>
	<vehicle id="car_271" type="car8" route="7" depart="316" departLane = "2" departSpeed="11.180000"/>
	<vehicle id="car_272" type="car9" route="0" depart="317" departLane = "1" departSpeed="11.180000"/>
	<vehicle id="car_273" type="car6" route="2" depart="317" departLane = "2" departSpeed="11.180000"/>
	<vehicle id="car_274" type="car8" route="3" depart="319" departLane = "1" departSpeed="11.180000"/>
	<vehicle id="car_275" type="car8" route="3" depart="324" departLane = "2" departSpeed="11.180000"/>
	<vehicle id="car_276" type="car7" route="2" depart="325" departLane = "0" departSpeed="11.180000"/>
	<vehicle id="car_277" type="car6" route="1" depart="326" departLane = "2" departSpeed="11.180000"/>
	<vehicle id="car_278" type="car9" route="2" depart="327" departLane = "0" departSpeed="11.180000"/>
	<vehicle id="car_279" type="car5" route="0" depart="329" departLane = "2" departSpeed="11.180000"/>
	<vehicle id="car_280" type="car8" route="1" depart="330" departLane = "1" departSpeed="11.180000"/>
	<vehicle id="car_281" type="car9" route="6" depart="331" departLane = "2" departSpeed="11.180000"/>
	<vehicle id="car_282" type="car6" route="3" depart="332" departLane = "0" departSpeed="11.180000"/>
	<vehicle id="car_283" type="car6" route="5" depart="333" departLane = "2" departSpeed="11.180000"/>
	<vehicle id="car_284" type="car6" route="1" depart="336" departLane = "1" departSpeed="11.180000"/>
	<vehicle id="car_285" type="car9" route="6" depart="340" departLane = "1" departSpeed="11.180000"/>
	<vehicle id="car_286" type="car7" route="7" depart="341" departLane = "2" departSpeed="11.180000"/>
	<vehicle id="car_287" type="car7" route="1" depart="344" departLane = "1" departSpeed="11.180000"/>
	<vehicle id="car_288" type="car8" route="1" depart="347" departLane = "2" departSpeed="11.180000"/>
	<vehicle id="car_289" type="car8" route="6" depart="347" departLane = "2" departSpeed="11.180000"/>
	<vehicle id="car_290" type="car9" route="2" depart="348" departLane = "0" departSpeed="11.180000"/>
	<vehicle id="car_291" type="car7" route="3" depart="348" departLane = "1" departSpeed="11.180000"/>
	<vehicle id="car_292" type="car9" route="4" depart="348" departLane = "0" departSpeed="11.180000"/>
	<vehicle id="car_293" type="car8" route="2" depart="350" departLane = "0" departSpeed="11.180000"/>
	<vehicle id="car_294" type="car8" route="7" depart="350" departLane = "2" departSpeed="11.180000"/>
	<vehicle id="car_295" type="car7" route="4" depart="351" departLane = "0" departSpeed="11.180000"/>
	<vehicle id="car_296" type="car6" route="4" depart="354" departLane = "0" departSpeed="11.180000"/>
	<vehicle id="car_297" type="car5" route="6" depart="355" departLane = "1" departSpeed="11.180000"/>
	<vehicle id="car_298" type="car9" route="5" depart="358" departLane = "2" departSpeed="11.180000"/>
	<vehicle id="car_299" type="car6" route="5" depart="359" departLane = "1" departSpeed="11.180000"/>
	<vehicle id="car_300" type="car9" route="7" depart="359" departLane = "2" departSpeed="11.180000"/>
	<vehicle id="car_301" type="car9" route="1" depart="359" departLane = "1" departSpeed="11.180000"/>
	<vehicle id="car_302" type="car8" route="6" depart="361" departLane = "0" departSpeed="11.180000"/>
	<vehicle id="car_303" type="car6" route="5" depart="363" departLane = "2" departSpeed="11.180000"/>
	<vehicle id="car_304" type="car5" route="0" depart="364" departLane = "2" departSpeed="11.180000"/>
	<vehicle id="car_305" type="car5" route="2" depart="364" departLane = "0" departSpeed="11.180000"/>
	<vehicle id="car_306" type="car8" route="2" depart="365" departLane = "0" departSpeed="11.180000"/>
	<vehicle id="car_307" type="car9" route="7" depart="366" departLane = "1" departSpeed="11.180000"/>
	<vehicle id="car_308" type="car5" route="0" depart="367" departLane = "1" departSpeed="11.180000"/>
	<vehicle id="car_309" type="car8" route="5" depart="367" departLane = "0" departSpeed="11.180000"/>
	<vehicle id="car_310" type="car8" route="3" depart="368" departLane = "2" departSpeed="11.180000"/>
	<vehicle id="car_311" type="car5" route="4" depart="369" departLane = "0" departSpeed="11.180000"/>
	<vehicle id="car_312" type="car8" route="7" depart="371" departLane = "2" departSpeed="11.180000"/>
	<vehicle id="car_313" type="car7" route="3" depart="372" departLane = "2" departSpeed="11.180000"/>
	<vehicle id="car_314" type="car6" route="4" depart="373" departLane = "2" departSpeed="11.180000"/>
	<vehicle id="car_315" type="car6" route="3" depart="376" departLane = "0" departSpeed="11.180000"/>
	<vehicle id="car_316" type="car6" route="4" depart="376" departLane = "2" departSpeed="11.180000"/>
	<vehicle id="car_317" type="car8" route="6" depart="377" departLane = "0" departSpeed="11.180000"/>
	<vehicle id="car_318" type="car5" route="6" depart="378" departLane = "0" departSpeed="11.180000"/>
	<vehicle id="car_319" type="car9" route="4" depart="380" departLane = "1" departSpeed="11.180000"/>
	<vehicle id="car_320" type="car9" route="6" depart="380" departLane = "0" departSpeed="11.180000"/>
	<vehicle id="car_321" type="car5" route="2" depart="381" departLane = "2" departSpeed="11.180000"/>
	<vehicle id="car_322" type="car9" route="6" depart="381" departLane = "1" departSpeed="11.180000"/>
	<vehicle id="car_323" type="car5" route="5" depart="382" departLane = "2" departSpeed="11.180000"/>
	<vehicle id="car_324" type="car8" route="2" depart="385" departLane = "2" departSpeed="11.180000"/>
	<vehicle id="car_325" type="car7" route="5" depart="385" departLane = "0" departSpeed="11.180000"/>
	<vehicle id="car_326" type="car5" route="1" depart="385" departLane = "1" departSpeed="11.180000"/>
	<vehicle id="car_327" type="car6" route="4" depart="385" departLane = "1" departSpeed="11.180000"/>
	<vehicle id="car_328" type="car6" route="0" depart="386" departLane = "2" departSpeed="11.180000"/>
	<vehicle id="car_329" type="car6" route="7" depart="387" departLane = "2" departSpeed="11.180000"/>
	<vehicle id="car_330" type="car7" route="3" depart="387" departLane = "0" departSpeed="11.180000"/>
	<vehicle id="car_331" type="car8" route="1" depart="388" departLane = "1" departSpeed="11.180000"/>
	<vehicle id="car_332" type="car6" route="6" depart="390" departLane = "0" departSpeed="11.180000"/>
	<vehicle id="car_333" type="car9" route="6" depart="391" departLane = "0" departSpeed="11.180000"/>
	<vehicle id="car_334" type="car6" route="0" depart="394" departLane = "0" departSpeed="11.180000"/>
	<vehicle id="car_335" type="car8" route="2" depart="394" departLane = "0" departSpeed="11.180000"/>
	<vehicle id="car_336" type="car6" route="3" depart="395" departLane = "0" departSpeed="11.180000"/>
	<vehicle id="car_337" type="car9" route="6" depart="396" departLane = "0" departSpeed="11.180000"/>
	<vehicle id="car_338" type="car9" route="5" depart="399" departLane = "1" departSpeed="11.180000"/>
	<vehicle id="car_339" type="car8" route="2" depart="400" departLane = "1" departSpeed="11.180000"/>
	<vehicle id="car_340" type="car7" route="1" depart="400" departLane = "2" departSpeed="11.180000"/>
	<vehicle id="car_341" type="car5" route="2" depart="403" departLane = "1" departSpeed="11.180000"/>
	<vehicle id="car_342" type="car7" route="5" depart="403" departLane = "2" departSpeed="11.180000"/>
	<vehicle id="car_343" type="car8" route="0" depart="404" departLane = "0" departSpeed="11.180000"/>
	<vehicle id="car_344" type="car7" route="5" depart="406" departLane = "2" departSpeed="11.180000"/>
	<vehicle id="car_345" type="car5" route="7" depart="406" departLane = "0" departSpeed="11.180000"/>
	<vehicle id="car_346" type="car6" route="1" depart="406" departLane = "0" departSpeed="11.180000"/>
	<vehicle id="car_347" type="car5" route="4" depart="406" departLane = "2" departSpeed="11.180000"/>
	<vehicle id="car_348" type="car5" route="4" depart="407" departLane = "0" departSpeed="11.180000"/>
	<vehicle id="car_349" type="car5" route="2" depart="409" departLane = "2" departSpeed="11.180000"/>
	<vehicle id="car_350" type="car7" route="4" depart="409" departLane = "0" departSpeed="11.180000"/>
	<vehicle id="car_351" type="car8" route="5" depart="410" departLane = "1" departSpeed="11.180000"/>
	<vehicle id="car_352" type="car8" route="1" depart="411" departLane = "0" departSpeed="11.180000"/>
	<vehicle id="car_353" type="car8" route="6" depart="413" departLane = "0" departSpeed="11.180000"/>
	<vehicle id="car_354" type="car6" route="4" depart="415" departLane = "1" departSpeed="11.180000"/>
	<vehicle id="car_355" type="car9" route="4" depart="417" departLane = "2" departSpeed="11.180000"/>
	<vehicle id="car_356" type="car8" route="5" depart="418" departLane = "2" departSpeed="11.180000"/>
	<vehicle id="car_357" type="car6" route="7" depart="418" departLane = "0" departSpeed="11.180000"/>
	<vehicle id="car_358" type="car5" route="0" depart="419" departLane = "1" departSpeed="11.180000"/>
	<vehicle id="car_359" type="car8" route="5" depart="424" departLane = "1" departSpeed="11.180000"/>
	<vehicle id="car_360" type="car9" route="7" depart="429" departLane = "1" departSpeed="11.180000"/>
	<vehicle id="car_361" type="car8" route="3" depart="430" departLane = "0" departSpeed="11.180000"/>
	<vehicle id="car_362" type="car8" route="4" depart="430" departLane = "0" departSpeed="11.180000"/>
	<vehicle id="car_363" type="car7" route="5" depart="434" departLane = "1" departSpeed="11.180000"/>
	<vehicle id="car_364" type="car7" route="7" depart="434" departLane = "2" departSpeed="11.180000"/>
	<vehicle id="car_365" type="car7" route="1" depart="438" departLane = "2" departSpeed="11.180000"/>
	<vehicle id="car_366" type="car5" route="7" depart="440" departLane = "1" departSpeed="11.180000"/>
	<vehicle id="car_367" type="car9" route="1" depart="442" departLane = "1" departSpeed="11.180000"/>
	<vehicle id="car_368" type="car8" route="3" depart="442" departLane = "2" departSpeed="11.180000"/>
	<vehicle id="car_369" type="car5" route="7" depart="444" departLane = "0" departSpeed="11.180000"/>
	<vehicle id="car_370" type="car8" route="6" depart="445" departLane = "2" departSpeed="11.180000"/>
	<vehicle id="car_371" type="car9" route="0" depart="447" departLane = "2" departSpeed="11.180000"/>
	<vehicle id="car_372" type="car6" route="0" depart="450" departLane = "1" departSpeed="11.180000"/>
	<vehicle id="car_373" type="car5" route="6" depart="452" departLane = "0" departSpeed="11.180000"/>
	<vehicle id="car_374" type="car6" route="2" depart="453" departLane = "2" departSpeed="11.180000"/>
	<vehicle id="car_375" type="car9" route="4" depart="453" departLane = "1" departSpeed="11.180000"/>
	<vehicle id="car_376" type="car9" route="5" depart="454" departLane = "2" departSpeed="11.180000"/>
	<vehicle id="car_377" type="car5" route="1" depart="454" departLane = "0" departSpeed="11.180000"/>
	<vehicle id="car_378" type="car7" route="7" depart="457" departLane = "2" departSpeed="11.180000"/>
	<vehicle id="car_379" type="car9" route="1" depart="459" departLane = "2" departSpeed="11.180000"/>
	<vehicle id="car_380" type="car8" route="3" depart="459" departLane = "1" departSpeed="11.180000"/>
	<vehicle id="car_381" type="car9" route="6" depart="462" departLane = "2" departSpeed="11.180000"/>
	<vehicle id="car_382" type="car8" route="4" depart="463" departLane = "0" departSpeed="11.180000"/>
	<vehicle id="car_383" type="car7" route="4" depart="464" departLane = "2" departSpeed="11.180000"/>
	<vehicle id="car_384" type="car9" route="5" depart="467" departLane = "1" departSpeed="11.180000"/>
	<vehicle id="car_385" type="car7" route="6" depart="467" departLane = "0" departSpeed="11.180000"/>
	<vehicle id="car_386" type="car7" route="0" depart="468" departLane = "1" departSpeed="11.180000"/>
	<vehicle id="car_387" type="car9" route="5" depart="471" departLane = "2" departSpeed="11.180000"/>
	<vehicle id="car_388" type="car6" route="6" depart="474" departLane = "0" departSpeed="11.180000"/>
	<vehicle id="car_389" type="car5" route="0" depart="477" departLane = "1" departSpeed="11.180000"/>
	<vehicle id="car_390" type="car5" route="5" depart="478" departLane = "1" departSpeed="11.180000"/>
	<vehicle id="car_391" type="car7" route="3" depart="478" departLane = "2" departSpeed="11.180000"/>
	<vehicle id="car_392" type="car6" route="6" depart="478" departLane = "0" departSpeed="11.180000"/>
	<vehicle id="car_393" type="car9" route="0" depart="480" departLane = "2" departSpeed="11.180000"/>
	<vehicle id="car_394" type="car5" route="7" depart="483" departLane = "1" departSpeed="11.180000"/>
	<vehicle id="car_395" type="car7" route="0" depart="484" departLane = "1" departSpeed="11.180000"/>
	<vehicle id="car_396" type="car5" route="5" depart="485" departLane = "0" departSpeed="11.180000"/>
	<vehicle id="car_397" type="car5" route="0" depart="487" departLane = "2" departSpeed="11.180000"/>
	<vehicle id="car_398" type="car7" route="7" depart="487" departLane = "1" departSpeed="11.180000"/>
	<vehicle id="car_399" type="car9" route="7" depart="488" departLane = "0" departSpeed="11.180000"/>
	<vehicle id="car_400" type="car8" route="4" depart="488" departLane = "2" departSpeed="11.180000"/>
	<vehicle id="car_401" type="car7" route="4" depart="489" departLane = "2" departSpeed="11.180000"/>
	<vehicle id="car_402" type="car7" route="6" depart="489" departLane = "1" departSpeed="11.180000"/>
	<vehicle id="car_403" type="car8" route="4" depart="491" departLane = "2" departSpeed="11.180000"/>
	<vehicle id="car_404" type="car7" route="0" depart="492" departLane = "2" departSpeed="11.180000"/>
	<vehicle id="car_405" type="car5" route="6" depart="492" departLane = "2" departSpeed="11.180000"/>
	<vehicle id="car_406" type="car5" route="4" depart="493" departLane = "1" departSpeed="11.180000"/>
	<vehicle id="car_407" type="car6" route="4" depart="500" departLane = "0" departSpeed="11.180000"/>
	<vehicle id="car_408" type="car6" route="4" depart="505" departLane = "1" departSpeed="11.180000"/>
	<vehicle id="car_409" type="car8" route="3" depart="506" departLane = "1" departSpeed="11.180000"/>
	<vehicle id="car_410" type="car6" route="3" depart="507" departLane = "1" departSpeed="11.180000"/>
	<vehicle id="car_411" type="car8" route="1" depart="509" departLane = "2" departSpeed="11.180000"/>
	<vehicle id="car_412" type="car6" route="0" depart="510" departLane = "0" departSpeed="11.180000"/>
	<vehicle id="car_413" type="car7" route="7" depart="511" departLane = "0" departSpeed="11.180000"/>
	<vehicle id="car_414" type="car5" route="1" depart="511" departLane = "1" departSpeed="11.180000"/>
	<vehicle id="car_415" type="car9" route="4" depart="513" departLane = "1" departSpeed="11.180000"/>
	<vehicle id="car_416" type="car6" route="1" depart="516" departLane = "2" departSpeed="11.180000"/>
	<vehicle id="car_417" type="car9" route="5" depart="521" departLane = "2" departSpeed="11.180000"/>
	<vehicle id="car_418" type="car9" route="6" depart="521" departLane = "1" departSpeed="11.180000"/>
	<vehicle id="car_419" type="car6" route="3" depart="522" departLane = "0" departSpeed="11.180000"/>
	<vehicle id="car_420" type="car9" route="4" depart="524" departLane = "1" departSpeed="11.180000"/>
	<vehicle id="car_421" type="car8" route="5" depart="527" departLane = "2" departSpeed="11.180000"/>
	<vehicle id="car_422" type="car6" route="7" depart="529" departLane = "1" departSpeed="11.180000"/>
	<vehicle id="car_423" type="car8" route="0" depart="530" departLane = "0" departSpeed="11.180000"/>
	<vehicle id="car_424" type="car9" route="6" depart="533" departLane = "0" departSpeed="11.180000"/>
	<vehicle id="car_425" type="car8" route="1" depart="535" departLane = "2" departSpeed="11.180000"/>
	<vehicle id="car_426" type="car6" route="2" depart="536" departLane = "0" departSpeed="11.180000"/>
	<vehicle id="car_427" type="car6" route="7" depart="537" departLane = "0" departSpeed="11.180000"/>
	<vehicle id="car_428" type="car8" route="6" depart="537" departLane = "1" departSpeed="11.180000"/>
	<vehicle id="car_429" type="car9" route="5" depart="538" departLane = "1" departSpeed="11.180000"/>
	<vehicle id="car_430" type="car6" route="5" depart="540" departLane = "2" departSpeed="11.180000"/>
	<vehicle id="car_431" type="car8" route="7" depart="540" departLane = "1" departSpeed="11.180000"/>
	<vehicle id="car_432" type="car7" route="3" depart="541" departLane = "0" departSpeed="11.180000"/>
	<vehicle id="car_433" type="car9" route="0" depart="543" departLane = "0" departSpeed="11.180000"/>
	<vehicle id="car_434" type="car7" route="3" depart="545" departLane = "2" departSpeed="11.180000"/>
	<vehicle id="car_435" type="car7" route="2" depart="547" departLane = "2" departSpeed="11.180000"/>
	<vehicle id="car_436" type="car9" route="7" depart="547" departLane = "0" departSpeed="11.180000"/>
	<vehicle id="car_437" type="car6" route="3" depart="547" departLane = "0" departSpeed="11.180000"/>
	<vehicle id="car_438" type="car5" route="0" depart="548" departLane = "0" departSpeed="11.180000"/>
	<vehicle id="car_439" type="car8" route="6" depart="548" departLane = "0" departSpeed="11.180000"/>
	<vehicle id="car_440" type="car8" route="1" depart="549" departLane = "1" departSpeed="11.180000"/>
	<vehicle id="car_441" type="car9" route="4" depart="550" departLane = "1" departSpeed="11.180000"/>
	<vehicle id="car_442" type="car9" route="7" depart="553" departLane = "0" departSpeed="11.180000"/>
	<vehicle id="car_443" type="car8" route="0" depart="554" departLane = "0" departSpeed="11.180000"/>
	<vehicle id="car_444" type="car5" route="7" depart="554" departLane = "2" departSpeed="11.180000"/>
	<vehicle id="car_445" type="car7" route="2" depart="560" departLane = "1" departSpeed="11.180000"/>
	<vehicle id="car_446" type="car9" route="1" depart="560" departLane = "0" departSpeed="11.180000"/>
	<vehicle id="car_447" type="car5" route="3" depart="560" departLane = "2" departSpeed="11.180000"/>
	<vehicle id="car_448" type="car8" route="6" depart="561" departLane = "2" departSpeed="11.180000"/>
	<vehicle id="car_449" type="car7" route="0" depart="568" departLane = "0" departSpeed="11.180000"/>
	<vehicle id="car_450" type="car5" route="5" depart="570" departLane = "0" departSpeed="11.180000"/>
	<vehicle id="car_451" type="car6" route="2" depart="571" departLane = "0" departSpeed="11.180000"/>
	<vehicle id="car_452" type="car7" route="5" depart="571" departLane = "1" departSpeed="11.180000"/>
	<vehicle id="car_453" type="car9" route="3" depart="572" departLane = "1" departSpeed="11.180000"/>
	<vehicle id="car_454" type="car7" route="4" depart="574" departLane = "1" departSpeed="11.180000"/>
	<vehicle id="car_455" type="car6" route="4" depart="575" departLane = "2" departSpeed="11.180000"/>
	<vehicle id="car_456" type="car8" route="0" depart="576" departLane = "2" departSpeed="11.180000"/>
	<vehicle id="car_457" type="car6" route="1" depart="578" departLane = "1" departSpeed="11.180000"/>
	<vehicle id="car_458" type="car6" route="5" depart="579" departLane = "0" departSpeed="11.180000"/>
	<vehicle id="car_459" type="car9" route="0" depart="581" departLane = "2" departSpeed="11.180000"/>
	<vehicle id="car_460" type="car6" route="5" depart="584" departLane = "2" departSpeed="11.180000"/>
	<vehicle id="car_461" type="car8" route="2" depart="585" departLane = "0" departSpeed="11.180000"/>
	<vehicle id="car_462" type="car6" route="5" depart="585" departLane = "1" departSpeed="11.180000"/>
	<vehicle id="car_463" type="car6" route="3" depart="585" departLane = "0" departSpeed="11.180000"/>
	<vehicle id="car_464" type="car9" route="3" depart="592" departLane = "2" departSpeed="11.180000"/>
	<vehicle id="car_465" type="car9" route="4" depart="593" departLane = "0" departSpeed="11.180000"/>
	<vehicle id="car_466" type="car7" route="4" depart="594" departLane = "1" departSpeed="11.180000"/>
	<vehicle id="car_467" type="car5" route="6" depart="596" departLane = "1" departSpeed="11.180000"/>
	<vehicle id="car_468" type="car5" route="3" depart="597" departLane = "2" departSpeed="11.180000"/>
	<vehicle id="car_469" type="car7" route="5" depart="598" departLane = "1" departSpeed="11.180000"/>
	<vehicle id="car_470" type="car7" route="7" depart="598" departLane = "0" departSpeed="11.180000"/>
</routes>
