{"car_468": [1, 7], "car_469": [4, 0], "car_466": [1, 2], "car_467": [5, 4], "car_464": [7, 5], "car_465": [3, 4], "car_462": [2, 3], "car_463": [0, 2], "car_460": [2, 7], "car_461": [2, 0], "car_211": [7, 0], "car_210": [3, 5], "car_213": [2, 4], "car_212": [0, 3], "car_215": [4, 1], "car_214": [1, 3], "car_217": [0, 4], "car_216": [7, 1], "car_219": [1, 3], "car_218": [5, 6], "car_352": [7, 4], "car_353": [4, 0], "car_354": [6, 0], "car_355": [3, 6], "car_356": [5, 6], "car_357": [7, 0], "car_10": [1, 0], "car_11": [3, 5], "car_12": [1, 0], "car_13": [6, 1], "car_14": [7, 1], "car_15": [1, 4], "car_16": [5, 2], "car_17": [3, 1], "car_18": [6, 7], "car_19": [0, 4], "car_422": [6, 5], "car_423": [2, 4], "car_420": [2, 5], "car_421": [7, 0], "car_426": [2, 1], "car_427": [1, 6], "car_424": [7, 2], "car_425": [1, 0], "car_428": [4, 5], "car_429": [2, 3], "car_255": [6, 2], "car_254": [7, 5], "car_257": [5, 0], "car_256": [1, 2], "car_251": [3, 4], "car_250": [7, 5], "car_253": [5, 2], "car_252": [5, 6], "car_394": [3, 2], "car_395": [4, 5], "car_396": [5, 1], "car_397": [1, 2], "car_259": [1, 6], "car_258": [7, 4], "car_392": [4, 1], "car_393": [2, 5], "car_158": [7, 3], "car_159": [7, 5], "car_156": [7, 4], "car_157": [1, 3], "car_154": [3, 7], "car_155": [6, 0], "car_152": [6, 3], "car_153": [2, 5], "car_150": [2, 7], "car_151": [5, 3], "car_350": [2, 6], "car_351": [0, 6], "car_457": [4, 5], "car_456": [4, 6], "car_455": [0, 4], "car_454": [7, 5], "car_453": [5, 7], "car_452": [1, 4], "car_451": [7, 2], "car_450": [3, 7], "car_459": [6, 2], "car_458": [5, 4], "car_321": [3, 4], "car_320": [7, 6], "car_323": [4, 1], "car_322": [0, 6], "car_325": [6, 2], "car_324": [4, 3], "car_327": [7, 0], "car_326": [5, 0], "car_329": [2, 1], "car_328": [5, 7], "car_268": [7, 4], "car_140": [0, 5], "car_144": [1, 5], "car_260": [3, 0], "car_189": [5, 7], "car_188": [6, 5], "car_261": [5, 1], "car_185": [4, 1], "car_184": [1, 5], "car_187": [1, 3], "car_186": [7, 2], "car_181": [6, 4], "car_180": [3, 1], "car_183": [6, 5], "car_182": [1, 4], "car_263": [5, 1], "car_299": [4, 6], "car_113": [3, 5], "car_110": [4, 1], "car_111": [0, 7], "car_116": [1, 0], "car_117": [1, 4], "car_114": [2, 0], "car_115": [6, 4], "car_291": [0, 5], "car_290": [2, 7], "car_118": [2, 7], "car_119": [6, 2], "car_295": [2, 3], "car_294": [6, 3], "car_297": [4, 7], "car_296": [5, 7], "car_54": [6, 3], "car_55": [7, 6], "car_56": [6, 7], "car_57": [1, 0], "car_50": [1, 0], "car_51": [0, 1], "car_52": [0, 1], "car_53": [5, 0], "car_58": [2, 3], "car_59": [7, 5], "car_365": [7, 3], "car_364": [4, 2], "car_367": [7, 3], "car_366": [1, 5], "car_361": [7, 4], "car_360": [6, 2], "car_363": [3, 4], "car_362": [2, 6], "car_413": [4, 7], "car_412": [3, 7], "car_411": [2, 6], "car_410": [0, 6], "car_369": [3, 7], "car_368": [1, 6], "car_415": [4, 2], "car_414": [3, 5], "car_167": [7, 5], "car_166": [6, 0], "car_165": [5, 3], "car_164": [4, 5], "car_163": [3, 2], "car_162": [6, 0], "car_161": [7, 3], "car_160": [4, 7], "car_206": [0, 1], "car_207": [1, 2], "car_204": [5, 2], "car_205": [6, 0], "car_202": [4, 2], "car_203": [2, 3], "car_169": [3, 7], "car_168": [5, 2], "car_6": [1, 5], "car_7": [3, 1], "car_4": [2, 1], "car_5": [7, 5], "car_2": [3, 4], "car_3": [4, 7], "car_0": [5, 2], "car_1": [6, 2], "car_8": [2, 0], "car_9": [6, 5], "car_98": [1, 0], "car_99": [6, 1], "car_90": [3, 1], "car_91": [7, 5], "car_92": [0, 5], "car_93": [3, 5], "car_94": [3, 1], "car_95": [6, 0], "car_96": [4, 5], "car_97": [4, 2], "car_242": [0, 7], "car_243": [7, 5], "car_240": [4, 2], "car_241": [5, 6], "car_246": [7, 0], "car_247": [3, 0], "car_244": [0, 7], "car_245": [1, 6], "car_248": [5, 2], "car_249": [3, 2], "car_129": [4, 6], "car_128": [7, 3], "car_123": [4, 3], "car_122": [7, 3], "car_121": [3, 5], "car_120": [7, 1], "car_127": [5, 7], "car_126": [7, 1], "car_125": [3, 0], "car_124": [2, 1], "car_444": [2, 3], "car_445": [1, 5], "car_446": [4, 6], "car_447": [3, 0], "car_440": [4, 6], "car_441": [0, 7], "car_442": [5, 7], "car_443": [3, 7], "car_448": [7, 0], "car_349": [1, 3], "car_237": [0, 1], "car_236": [5, 0], "car_235": [1, 0], "car_234": [5, 1], "car_233": [0, 5], "car_232": [1, 5], "car_338": [5, 0], "car_339": [4, 3], "car_336": [5, 7], "car_337": [4, 3], "car_334": [4, 3], "car_335": [0, 3], "car_332": [3, 6], "car_333": [5, 2], "car_330": [2, 6], "car_238": [3, 7], "car_408": [2, 6], "car_409": [6, 0], "car_347": [3, 0], "car_346": [0, 7], "car_402": [5, 0], "car_403": [7, 0], "car_198": [0, 7], "car_199": [5, 0], "car_192": [1, 7], "car_193": [6, 3], "car_190": [1, 6], "car_191": [1, 3], "car_196": [5, 4], "car_197": [6, 7], "car_194": [6, 7], "car_195": [7, 3], "car_279": [3, 0], "car_278": [1, 6], "car_36": [4, 2], "car_37": [0, 3], "car_34": [5, 2], "car_35": [7, 6], "car_32": [7, 4], "car_33": [5, 3], "car_30": [1, 2], "car_31": [4, 5], "car_38": [0, 1], "car_39": [1, 0], "car_286": [2, 0], "car_287": [4, 7], "car_284": [2, 6], "car_285": [3, 0], "car_282": [5, 6], "car_283": [4, 3], "car_280": [1, 5], "car_281": [1, 3], "car_288": [4, 6], "car_289": [3, 2], "car_178": [1, 6], "car_179": [4, 2], "car_43": [4, 1], "car_42": [7, 4], "car_41": [2, 6], "car_40": [5, 0], "car_47": [6, 1], "car_46": [6, 2], "car_45": [6, 5], "car_44": [3, 6], "car_49": [2, 4], "car_48": [5, 3], "car_372": [3, 7], "car_373": [1, 2], "car_370": [2, 4], "car_371": [5, 3], "car_376": [6, 5], "car_377": [7, 6], "car_374": [1, 2], "car_375": [1, 7], "car_400": [7, 4], "car_401": [2, 6], "car_378": [6, 7], "car_379": [1, 7], "car_404": [7, 6], "car_405": [3, 0], "car_406": [5, 1], "car_407": [4, 0], "car_174": [6, 0], "car_175": [1, 6], "car_176": [1, 2], "car_177": [2, 5], "car_170": [0, 7], "car_171": [2, 7], "car_172": [0, 4], "car_173": [1, 6], "car_273": [4, 5], "car_272": [3, 6], "car_271": [7, 4], "car_270": [5, 2], "car_277": [0, 1], "car_276": [3, 2], "car_275": [1, 5], "car_274": [7, 6], "car_112": [2, 6], "car_298": [1, 4], "car_358": [6, 3], "car_307": [1, 7], "car_306": [6, 7], "car_305": [0, 3], "car_304": [6, 1], "car_303": [4, 7], "car_302": [3, 1], "car_301": [3, 2], "car_300": [2, 5], "car_293": [4, 5], "car_309": [7, 4], "car_308": [2, 6], "car_292": [7, 4], "car_359": [0, 7], "car_78": [0, 2], "car_79": [3, 7], "car_72": [1, 0], "car_73": [4, 6], "car_70": [0, 6], "car_71": [7, 5], "car_76": [2, 1], "car_77": [4, 6], "car_74": [2, 3], "car_75": [7, 3], "car_87": [1, 5], "car_86": [6, 1], "car_85": [3, 5], "car_84": [6, 2], "car_83": [4, 7], "car_82": [2, 4], "car_81": [1, 4], "car_80": [6, 3], "car_89": [6, 0], "car_88": [1, 6], "car_138": [2, 3], "car_139": [4, 7], "car_130": [7, 6], "car_131": [6, 2], "car_132": [3, 5], "car_133": [2, 4], "car_134": [5, 2], "car_135": [7, 3], "car_136": [3, 7], "car_137": [3, 0], "car_471": [6, 3], "car_470": [1, 3], "car_473": [0, 1], "car_472": [7, 6], "car_475": [4, 1], "car_474": [3, 0], "car_477": [3, 6], "car_476": [3, 2], "car_479": [6, 5], "car_478": [4, 2], "car_224": [0, 2], "car_225": [0, 4], "car_226": [6, 5], "car_227": [0, 4], "car_220": [6, 3], "car_221": [5, 1], "car_222": [7, 0], "car_223": [2, 1], "car_343": [7, 0], "car_342": [0, 2], "car_341": [0, 6], "car_340": [1, 5], "car_228": [5, 6], "car_229": [3, 6], "car_345": [3, 4], "car_344": [6, 1], "car_449": [0, 6], "car_231": [4, 7], "car_230": [3, 4], "car_419": [3, 6], "car_418": [0, 6], "car_239": [3, 0], "car_331": [5, 6], "car_25": [6, 1], "car_24": [3, 2], "car_27": [3, 4], "car_26": [7, 5], "car_21": [2, 5], "car_20": [6, 7], "car_23": [0, 7], "car_22": [4, 1], "car_488": [6, 3], "car_417": [1, 0], "car_29": [0, 1], "car_28": [0, 6], "car_416": [2, 6], "car_208": [0, 1], "car_209": [4, 5], "car_435": [1, 2], "car_434": [4, 0], "car_437": [0, 2], "car_436": [4, 1], "car_431": [4, 0], "car_430": [1, 2], "car_433": [5, 3], "car_432": [0, 4], "car_398": [2, 5], "car_439": [1, 2], "car_438": [6, 7], "car_399": [7, 6], "car_389": [3, 5], "car_388": [1, 3], "car_387": [0, 1], "car_386": [4, 6], "car_385": [7, 1], "car_384": [0, 1], "car_383": [4, 7], "car_382": [5, 6], "car_381": [4, 1], "car_380": [4, 5], "car_141": [3, 6], "car_269": [0, 1], "car_143": [5, 3], "car_142": [6, 3], "car_145": [4, 7], "car_200": [6, 4], "car_147": [6, 5], "car_146": [2, 4], "car_149": [6, 5], "car_148": [1, 5], "car_262": [7, 2], "car_201": [1, 4], "car_264": [5, 0], "car_265": [3, 5], "car_266": [2, 5], "car_267": [1, 5], "car_480": [5, 4], "car_481": [2, 0], "car_390": [3, 6], "car_482": [5, 7], "car_391": [2, 0], "car_483": [3, 7], "car_484": [0, 2], "car_485": [1, 2], "car_486": [4, 7], "car_487": [1, 4], "car_314": [7, 3], "car_315": [0, 6], "car_316": [1, 7], "car_317": [4, 5], "car_310": [5, 7], "car_311": [1, 5], "car_312": [2, 5], "car_313": [7, 0], "car_318": [6, 4], "car_319": [0, 2], "car_69": [6, 1], "car_68": [5, 3], "car_61": [5, 7], "car_60": [6, 7], "car_63": [7, 3], "car_62": [2, 7], "car_65": [0, 1], "car_64": [3, 7], "car_67": [3, 0], "car_66": [1, 4], "car_348": [5, 2], "car_105": [1, 4], "car_104": [2, 5], "car_107": [1, 4], "car_106": [5, 7], "car_101": [0, 7], "car_100": [7, 3], "car_103": [2, 6], "car_102": [4, 6], "car_109": [1, 5], "car_108": [4, 5]}