<routes>

	<vType id="car5" accel="100.0" decel="100.0" sigma="0.0" length="5" minGap="5.000000" maxSpeed="11.180000" tau="0.100000" carFollowModel="CACC" color="255,255,255"/>
	<vType id="car6" accel="100.0" decel="100.0" sigma="0.0" length="6" minGap="5.000000" maxSpeed="11.180000" tau="0.100000" carFollowModel="CACC" color="255,255,255"/>
	<vType id="car7" accel="100.0" decel="100.0" sigma="0.0" length="7" minGap="5.000000" maxSpeed="11.180000" tau="0.100000" carFollowModel="CACC" color="255,255,255"/>
	<vType id="car8" accel="100.0" decel="100.0" sigma="0.0" length="8" minGap="5.000000" maxSpeed="11.180000" tau="0.100000" carFollowModel="CACC" color="255,255,255"/>
	<vType id="car9" accel="100.0" decel="100.0" sigma="0.0" length="9" minGap="5.000000" maxSpeed="11.180000" tau="0.100000" carFollowModel="CACC" color="255,255,255"/>

	<route id="0" edges=" 001_001_1"/>
	<route id="2" edges=" 001_002_2"/>
	<route id="5" edges=" 002_001_3"/>
	<route id="7" edges=" 001_001_4"/>
	<route id="1" edges=" 001_002_1"/>
	<route id="3" edges=" 002_002_2"/>
	<route id="4" edges=" 002_002_3"/>
	<route id="6" edges=" 002_001_4"/>

	<vehicle id="car_0" type="car5" route="0" depart="1" departLane = "2" departSpeed="11.180000"/>
	<vehicle id="car_1" type="car7" route="5" depart="1" departLane = "2" departSpeed="11.180000"/>
	<vehicle id="car_2" type="car5" route="3" depart="1" departLane = "1" departSpeed="11.180000"/>
	<vehicle id="car_3" type="car6" route="2" depart="2" departLane = "1" departSpeed="11.180000"/>
	<vehicle id="car_4" type="car9" route="6" depart="2" departLane = "1" departSpeed="11.180000"/>
	<vehicle id="car_5" type="car6" route="2" depart="5" departLane = "2" departSpeed="11.180000"/>
	<vehicle id="car_6" type="car5" route="3" depart="6" departLane = "2" departSpeed="11.180000"/>
	<vehicle id="car_7" type="car8" route="4" depart="8" departLane = "2" departSpeed="11.180000"/>
	<vehicle id="car_8" type="car9" route="1" depart="9" departLane = "1" departSpeed="11.180000"/>
	<vehicle id="car_9" type="car6" route="1" depart="10" departLane = "0" departSpeed="11.180000"/>
	<vehicle id="car_10" type="car5" route="1" depart="11" departLane = "0" departSpeed="11.180000"/>
	<vehicle id="car_11" type="car5" route="2" depart="12" departLane = "1" departSpeed="11.180000"/>
	<vehicle id="car_12" type="car6" route="6" depart="12" departLane = "1" departSpeed="11.180000"/>
	<vehicle id="car_13" type="car5" route="4" depart="13" departLane = "0" departSpeed="11.180000"/>
	<vehicle id="car_14" type="car6" route="3" depart="15" departLane = "2" departSpeed="11.180000"/>
	<vehicle id="car_15" type="car9" route="3" depart="16" departLane = "0" departSpeed="11.180000"/>
	<vehicle id="car_16" type="car6" route="5" depart="19" departLane = "0" departSpeed="11.180000"/>
	<vehicle id="car_17" type="car5" route="0" depart="21" departLane = "2" departSpeed="11.180000"/>
	<vehicle id="car_18" type="car5" route="4" depart="22" departLane = "2" departSpeed="11.180000"/>
	<vehicle id="car_19" type="car6" route="4" depart="23" departLane = "2" departSpeed="11.180000"/>
	<vehicle id="car_20" type="car8" route="7" depart="24" departLane = "0" departSpeed="11.180000"/>
	<vehicle id="car_21" type="car6" route="3" depart="24" departLane = "2" departSpeed="11.180000"/>
	<vehicle id="car_22" type="car5" route="7" depart="26" departLane = "2" departSpeed="11.180000"/>
	<vehicle id="car_23" type="car9" route="6" depart="26" departLane = "2" departSpeed="11.180000"/>
	<vehicle id="car_24" type="car6" route="7" depart="28" departLane = "2" departSpeed="11.180000"/>
	<vehicle id="car_25" type="car6" route="7" depart="30" departLane = "0" departSpeed="11.180000"/>
	<vehicle id="car_26" type="car5" route="1" depart="30" departLane = "1" departSpeed="11.180000"/>
	<vehicle id="car_27" type="car9" route="7" depart="31" departLane = "0" departSpeed="11.180000"/>
	<vehicle id="car_28" type="car6" route="4" depart="32" departLane = "2" departSpeed="11.180000"/>
	<vehicle id="car_29" type="car9" route="2" depart="34" departLane = "2" departSpeed="11.180000"/>
	<vehicle id="car_30" type="car8" route="0" depart="35" departLane = "1" departSpeed="11.180000"/>
	<vehicle id="car_31" type="car6" route="2" depart="35" departLane = "0" departSpeed="11.180000"/>
	<vehicle id="car_32" type="car7" route="0" depart="36" departLane = "1" departSpeed="11.180000"/>
	<vehicle id="car_33" type="car5" route="4" depart="37" departLane = "1" departSpeed="11.180000"/>
	<vehicle id="car_34" type="car8" route="5" depart="40" departLane = "2" departSpeed="11.180000"/>
	<vehicle id="car_35" type="car9" route="4" depart="40" departLane = "2" departSpeed="11.180000"/>
	<vehicle id="car_36" type="car5" route="2" depart="44" departLane = "1" departSpeed="11.180000"/>
	<vehicle id="car_37" type="car7" route="3" depart="48" departLane = "1" departSpeed="11.180000"/>
	<vehicle id="car_38" type="car6" route="3" depart="49" departLane = "1" departSpeed="11.180000"/>
	<vehicle id="car_39" type="car6" route="7" depart="51" departLane = "1" departSpeed="11.180000"/>
	<vehicle id="car_40" type="car7" route="0" depart="55" departLane = "2" departSpeed="11.180000"/>
	<vehicle id="car_41" type="car7" route="7" depart="55" departLane = "2" departSpeed="11.180000"/>
	<vehicle id="car_42" type="car9" route="7" depart="56" departLane = "1" departSpeed="11.180000"/>
	<vehicle id="car_43" type="car9" route="4" depart="58" departLane = "1" departSpeed="11.180000"/>
	<vehicle id="car_44" type="car5" route="0" depart="62" departLane = "0" departSpeed="11.180000"/>
	<vehicle id="car_45" type="car8" route="7" depart="62" departLane = "2" departSpeed="11.180000"/>
	<vehicle id="car_46" type="car6" route="0" depart="63" departLane = "1" departSpeed="11.180000"/>
	<vehicle id="car_47" type="car8" route="1" depart="64" departLane = "2" departSpeed="11.180000"/>
	<vehicle id="car_48" type="car5" route="3" depart="65" departLane = "1" departSpeed="11.180000"/>
	<vehicle id="car_49" type="car5" route="7" depart="66" departLane = "2" departSpeed="11.180000"/>
	<vehicle id="car_50" type="car5" route="4" depart="66" departLane = "1" departSpeed="11.180000"/>
	<vehicle id="car_51" type="car9" route="6" depart="67" departLane = "1" departSpeed="11.180000"/>
	<vehicle id="car_52" type="car6" route="7" depart="68" departLane = "1" departSpeed="11.180000"/>
	<vehicle id="car_53" type="car5" route="2" depart="70" departLane = "2" departSpeed="11.180000"/>
	<vehicle id="car_54" type="car7" route="1" depart="70" departLane = "1" departSpeed="11.180000"/>
	<vehicle id="car_55" type="car7" route="6" depart="70" departLane = "0" departSpeed="11.180000"/>
	<vehicle id="car_56" type="car6" route="0" depart="71" departLane = "2" departSpeed="11.180000"/>
	<vehicle id="car_57" type="car6" route="1" depart="74" departLane = "1" departSpeed="11.180000"/>
	<vehicle id="car_58" type="car9" route="5" depart="76" departLane = "1" departSpeed="11.180000"/>
	<vehicle id="car_59" type="car5" route="6" depart="79" departLane = "1" departSpeed="11.180000"/>
	<vehicle id="car_60" type="car5" route="1" depart="80" departLane = "2" departSpeed="11.180000"/>
	<vehicle id="car_61" type="car6" route="6" depart="80" departLane = "2" departSpeed="11.180000"/>
	<vehicle id="car_62" type="car9" route="6" depart="83" departLane = "1" departSpeed="11.180000"/>
	<vehicle id="car_63" type="car5" route="5" depart="84" departLane = "0" departSpeed="11.180000"/>
	<vehicle id="car_64" type="car5" route="1" depart="89" departLane = "0" departSpeed="11.180000"/>
	<vehicle id="car_65" type="car5" route="7" depart="91" departLane = "2" departSpeed="11.180000"/>
	<vehicle id="car_66" type="car6" route="1" depart="91" departLane = "1" departSpeed="11.180000"/>
	<vehicle id="car_67" type="car8" route="0" depart="92" departLane = "2" departSpeed="11.180000"/>
	<vehicle id="car_68" type="car6" route="2" depart="94" departLane = "2" departSpeed="11.180000"/>
	<vehicle id="car_69" type="car9" route="3" depart="96" departLane = "1" departSpeed="11.180000"/>
	<vehicle id="car_70" type="car6" route="3" depart="100" departLane = "2" departSpeed="11.180000"/>
	<vehicle id="car_71" type="car7" route="4" depart="101" departLane = "2" departSpeed="11.180000"/>
	<vehicle id="car_72" type="car5" route="1" depart="102" departLane = "0" departSpeed="11.180000"/>
	<vehicle id="car_73" type="car6" route="3" depart="102" departLane = "2" departSpeed="11.180000"/>
	<vehicle id="car_74" type="car6" route="2" depart="103" departLane = "0" departSpeed="11.180000"/>
	<vehicle id="car_75" type="car5" route="7" depart="103" departLane = "2" departSpeed="11.180000"/>
	<vehicle id="car_76" type="car5" route="4" depart="103" departLane = "0" departSpeed="11.180000"/>
	<vehicle id="car_77" type="car7" route="6" depart="106" departLane = "0" departSpeed="11.180000"/>
	<vehicle id="car_78" type="car6" route="6" depart="108" departLane = "2" departSpeed="11.180000"/>
	<vehicle id="car_79" type="car9" route="5" depart="111" departLane = "2" departSpeed="11.180000"/>
	<vehicle id="car_80" type="car7" route="1" depart="112" departLane = "0" departSpeed="11.180000"/>
	<vehicle id="car_81" type="car5" route="3" depart="112" departLane = "0" departSpeed="11.180000"/>
	<vehicle id="car_82" type="car7" route="1" depart="115" departLane = "1" departSpeed="11.180000"/>
	<vehicle id="car_83" type="car8" route="5" depart="116" departLane = "2" departSpeed="11.180000"/>
	<vehicle id="car_84" type="car9" route="0" depart="117" departLane = "1" departSpeed="11.180000"/>
	<vehicle id="car_85" type="car6" route="7" depart="117" departLane = "2" departSpeed="11.180000"/>
	<vehicle id="car_86" type="car5" route="7" depart="119" departLane = "0" departSpeed="11.180000"/>
	<vehicle id="car_87" type="car6" route="7" depart="120" departLane = "1" departSpeed="11.180000"/>
	<vehicle id="car_88" type="car9" route="6" depart="120" departLane = "2" departSpeed="11.180000"/>
	<vehicle id="car_89" type="car9" route="7" depart="124" departLane = "0" departSpeed="11.180000"/>
	<vehicle id="car_90" type="car8" route="3" depart="129" departLane = "0" departSpeed="11.180000"/>
	<vehicle id="car_91" type="car6" route="7" depart="130" departLane = "1" departSpeed="11.180000"/>
	<vehicle id="car_92" type="car9" route="1" depart="131" departLane = "0" departSpeed="11.180000"/>
	<vehicle id="car_93" type="car9" route="7" depart="132" departLane = "0" departSpeed="11.180000"/>
	<vehicle id="car_94" type="car5" route="3" depart="134" departLane = "0" departSpeed="11.180000"/>
	<vehicle id="car_95" type="car9" route="7" depart="136" departLane = "0" departSpeed="11.180000"/>
	<vehicle id="car_96" type="car6" route="3" depart="136" departLane = "2" departSpeed="11.180000"/>
	<vehicle id="car_97" type="car8" route="0" depart="137" departLane = "0" departSpeed="11.180000"/>
	<vehicle id="car_98" type="car9" route="1" depart="138" departLane = "1" departSpeed="11.180000"/>
	<vehicle id="car_99" type="car7" route="2" depart="139" departLane = "2" departSpeed="11.180000"/>
	<vehicle id="car_100" type="car9" route="4" depart="142" departLane = "1" departSpeed="11.180000"/>
	<vehicle id="car_101" type="car5" route="0" depart="144" departLane = "0" departSpeed="11.180000"/>
	<vehicle id="car_102" type="car5" route="5" depart="145" departLane = "1" departSpeed="11.180000"/>
	<vehicle id="car_103" type="car5" route="0" depart="146" departLane = "2" departSpeed="11.180000"/>
	<vehicle id="car_104" type="car6" route="2" depart="146" departLane = "2" departSpeed="11.180000"/>
	<vehicle id="car_105" type="car6" route="2" depart="147" departLane = "2" departSpeed="11.180000"/>
	<vehicle id="car_106" type="car6" route="4" depart="147" departLane = "2" departSpeed="11.180000"/>
	<vehicle id="car_107" type="car7" route="6" depart="147" departLane = "1" departSpeed="11.180000"/>
	<vehicle id="car_108" type="car9" route="0" depart="149" departLane = "1" departSpeed="11.180000"/>
	<vehicle id="car_109" type="car9" route="1" depart="149" departLane = "0" departSpeed="11.180000"/>
	<vehicle id="car_110" type="car8" route="4" depart="149" departLane = "0" departSpeed="11.180000"/>
	<vehicle id="car_111" type="car7" route="6" depart="149" departLane = "0" departSpeed="11.180000"/>
	<vehicle id="car_112" type="car5" route="7" depart="151" departLane = "0" departSpeed="11.180000"/>
	<vehicle id="car_113" type="car7" route="2" depart="152" departLane = "2" departSpeed="11.180000"/>
	<vehicle id="car_114" type="car7" route="4" depart="154" departLane = "2" departSpeed="11.180000"/>
	<vehicle id="car_115" type="car8" route="2" depart="156" departLane = "2" departSpeed="11.180000"/>
	<vehicle id="car_116" type="car5" route="6" depart="156" departLane = "2" departSpeed="11.180000"/>
	<vehicle id="car_117" type="car5" route="2" depart="159" departLane = "2" departSpeed="11.180000"/>
	<vehicle id="car_118" type="car8" route="7" depart="160" departLane = "0" departSpeed="11.180000"/>
	<vehicle id="car_119" type="car6" route="3" depart="160" departLane = "1" departSpeed="11.180000"/>
	<vehicle id="car_120" type="car6" route="3" depart="161" departLane = "0" departSpeed="11.180000"/>
	<vehicle id="car_121" type="car5" route="7" depart="163" departLane = "0" departSpeed="11.180000"/>
	<vehicle id="car_122" type="car5" route="3" depart="163" departLane = "1" departSpeed="11.180000"/>
	<vehicle id="car_123" type="car5" route="4" depart="163" departLane = "0" departSpeed="11.180000"/>
	<vehicle id="car_124" type="car5" route="5" depart="165" departLane = "1" departSpeed="11.180000"/>
	<vehicle id="car_125" type="car8" route="4" depart="165" departLane = "2" departSpeed="11.180000"/>
	<vehicle id="car_126" type="car6" route="2" depart="166" departLane = "1" departSpeed="11.180000"/>
	<vehicle id="car_127" type="car6" route="0" depart="168" departLane = "0" departSpeed="11.180000"/>
	<vehicle id="car_128" type="car8" route="4" depart="169" departLane = "2" departSpeed="11.180000"/>
	<vehicle id="car_129" type="car5" route="4" depart="170" departLane = "0" departSpeed="11.180000"/>
	<vehicle id="car_130" type="car8" route="1" depart="171" departLane = "0" departSpeed="11.180000"/>
	<vehicle id="car_131" type="car5" route="4" depart="172" departLane = "1" departSpeed="11.180000"/>
	<vehicle id="car_132" type="car6" route="1" depart="174" departLane = "1" departSpeed="11.180000"/>
	<vehicle id="car_133" type="car9" route="7" depart="175" departLane = "2" departSpeed="11.180000"/>
	<vehicle id="car_134" type="car5" route="1" depart="175" departLane = "1" departSpeed="11.180000"/>
	<vehicle id="car_135" type="car6" route="1" depart="177" departLane = "2" departSpeed="11.180000"/>
	<vehicle id="car_136" type="car6" route="3" depart="177" departLane = "1" departSpeed="11.180000"/>
	<vehicle id="car_137" type="car8" route="6" depart="177" departLane = "0" departSpeed="11.180000"/>
	<vehicle id="car_138" type="car6" route="1" depart="178" departLane = "1" departSpeed="11.180000"/>
	<vehicle id="car_139" type="car6" route="3" depart="178" departLane = "1" departSpeed="11.180000"/>
	<vehicle id="car_140" type="car6" route="4" depart="178" departLane = "2" departSpeed="11.180000"/>
	<vehicle id="car_141" type="car5" route="1" depart="179" departLane = "1" departSpeed="11.180000"/>
	<vehicle id="car_142" type="car5" route="3" depart="179" departLane = "0" departSpeed="11.180000"/>
	<vehicle id="car_143" type="car7" route="3" depart="180" departLane = "2" departSpeed="11.180000"/>
	<vehicle id="car_144" type="car7" route="5" depart="183" departLane = "1" departSpeed="11.180000"/>
	<vehicle id="car_145" type="car7" route="4" depart="183" departLane = "1" departSpeed="11.180000"/>
	<vehicle id="car_146" type="car8" route="2" depart="184" departLane = "2" departSpeed="11.180000"/>
	<vehicle id="car_147" type="car8" route="3" depart="184" departLane = "1" departSpeed="11.180000"/>
	<vehicle id="car_148" type="car6" route="3" depart="185" departLane = "2" departSpeed="11.180000"/>
	<vehicle id="car_149" type="car9" route="3" depart="188" departLane = "0" departSpeed="11.180000"/>
	<vehicle id="car_150" type="car8" route="1" depart="189" departLane = "0" departSpeed="11.180000"/>
	<vehicle id="car_151" type="car5" route="2" depart="190" departLane = "2" departSpeed="11.180000"/>
	<vehicle id="car_152" type="car9" route="7" depart="191" departLane = "0" departSpeed="11.180000"/>
	<vehicle id="car_153" type="car7" route="6" depart="191" departLane = "2" departSpeed="11.180000"/>
	<vehicle id="car_154" type="car5" route="5" depart="194" departLane = "1" departSpeed="11.180000"/>
	<vehicle id="car_155" type="car7" route="1" depart="194" departLane = "1" departSpeed="11.180000"/>
	<vehicle id="car_156" type="car8" route="2" depart="201" departLane = "1" departSpeed="11.180000"/>
	<vehicle id="car_157" type="car7" route="3" depart="201" departLane = "0" departSpeed="11.180000"/>
	<vehicle id="car_158" type="car7" route="1" depart="205" departLane = "1" departSpeed="11.180000"/>
	<vehicle id="car_159" type="car7" route="0" depart="206" departLane = "1" departSpeed="11.180000"/>
	<vehicle id="car_160" type="car8" route="1" depart="206" departLane = "0" departSpeed="11.180000"/>
	<vehicle id="car_161" type="car6" route="2" depart="209" departLane = "0" departSpeed="11.180000"/>
	<vehicle id="car_162" type="car9" route="3" depart="209" departLane = "2" departSpeed="11.180000"/>
	<vehicle id="car_163" type="car7" route="6" depart="210" departLane = "2" departSpeed="11.180000"/>
	<vehicle id="car_164" type="car5" route="6" depart="211" departLane = "0" departSpeed="11.180000"/>
	<vehicle id="car_165" type="car5" route="0" depart="212" departLane = "2" departSpeed="11.180000"/>
	<vehicle id="car_166" type="car7" route="1" depart="212" departLane = "2" departSpeed="11.180000"/>
	<vehicle id="car_167" type="car7" route="3" depart="213" departLane = "2" departSpeed="11.180000"/>
	<vehicle id="car_168" type="car5" route="4" depart="213" departLane = "2" departSpeed="11.180000"/>
	<vehicle id="car_169" type="car7" route="0" depart="214" departLane = "2" departSpeed="11.180000"/>
	<vehicle id="car_170" type="car7" route="4" depart="214" departLane = "0" departSpeed="11.180000"/>
	<vehicle id="car_171" type="car5" route="3" depart="217" departLane = "2" departSpeed="11.180000"/>
	<vehicle id="car_172" type="car7" route="2" depart="220" departLane = "0" departSpeed="11.180000"/>
	<vehicle id="car_173" type="car5" route="0" depart="222" departLane = "0" departSpeed="11.180000"/>
	<vehicle id="car_174" type="car6" route="4" depart="222" departLane = "2" departSpeed="11.180000"/>
	<vehicle id="car_175" type="car8" route="3" depart="223" departLane = "0" departSpeed="11.180000"/>
	<vehicle id="car_176" type="car8" route="0" depart="224" departLane = "2" departSpeed="11.180000"/>
	<vehicle id="car_177" type="car6" route="3" depart="226" departLane = "2" departSpeed="11.180000"/>
	<vehicle id="car_178" type="car8" route="7" depart="227" departLane = "1" departSpeed="11.180000"/>
	<vehicle id="car_179" type="car6" route="7" depart="228" departLane = "1" departSpeed="11.180000"/>
	<vehicle id="car_180" type="car8" route="6" depart="231" departLane = "2" departSpeed="11.180000"/>
	<vehicle id="car_181" type="car7" route="3" depart="232" departLane = "0" departSpeed="11.180000"/>
	<vehicle id="car_182" type="car9" route="5" depart="233" departLane = "1" departSpeed="11.180000"/>
	<vehicle id="car_183" type="car8" route="3" depart="233" departLane = "1" departSpeed="11.180000"/>
	<vehicle id="car_184" type="car5" route="4" depart="233" departLane = "0" departSpeed="11.180000"/>
	<vehicle id="car_185" type="car7" route="0" depart="236" departLane = "2" departSpeed="11.180000"/>
	<vehicle id="car_186" type="car6" route="4" depart="237" departLane = "2" departSpeed="11.180000"/>
	<vehicle id="car_187" type="car5" route="3" depart="238" departLane = "0" departSpeed="11.180000"/>
	<vehicle id="car_188" type="car9" route="0" depart="239" departLane = "1" departSpeed="11.180000"/>
	<vehicle id="car_189" type="car5" route="2" depart="240" departLane = "2" departSpeed="11.180000"/>
	<vehicle id="car_190" type="car5" route="5" depart="240" departLane = "1" departSpeed="11.180000"/>
	<vehicle id="car_191" type="car9" route="7" depart="241" departLane = "0" departSpeed="11.180000"/>
	<vehicle id="car_192" type="car5" route="6" depart="241" departLane = "0" departSpeed="11.180000"/>
	<vehicle id="car_193" type="car7" route="2" depart="242" departLane = "0" departSpeed="11.180000"/>
	<vehicle id="car_194" type="car5" route="4" depart="243" departLane = "0" departSpeed="11.180000"/>
	<vehicle id="car_195" type="car8" route="3" depart="244" departLane = "0" departSpeed="11.180000"/>
	<vehicle id="car_196" type="car5" route="4" depart="244" departLane = "2" departSpeed="11.180000"/>
	<vehicle id="car_197" type="car7" route="0" depart="245" departLane = "0" departSpeed="11.180000"/>
	<vehicle id="car_198" type="car7" route="7" depart="245" departLane = "0" departSpeed="11.180000"/>
	<vehicle id="car_199" type="car9" route="3" depart="245" departLane = "2" departSpeed="11.180000"/>
	<vehicle id="car_200" type="car6" route="0" depart="247" departLane = "1" departSpeed="11.180000"/>
	<vehicle id="car_201" type="car7" route="0" depart="249" departLane = "1" departSpeed="11.180000"/>
	<vehicle id="car_202" type="car5" route="6" depart="251" departLane = "1" departSpeed="11.180000"/>
	<vehicle id="car_203" type="car5" route="4" depart="253" departLane = "0" departSpeed="11.180000"/>
	<vehicle id="car_204" type="car9" route="5" depart="254" departLane = "0" departSpeed="11.180000"/>
	<vehicle id="car_205" type="car7" route="4" depart="254" departLane = "1" departSpeed="11.180000"/>
	<vehicle id="car_206" type="car7" route="5" depart="255" departLane = "1" departSpeed="11.180000"/>
	<vehicle id="car_207" type="car9" route="2" depart="257" departLane = "2" departSpeed="11.180000"/>
	<vehicle id="car_208" type="car8" route="3" depart="259" departLane = "0" departSpeed="11.180000"/>
	<vehicle id="car_209" type="car9" route="5" depart="260" departLane = "0" departSpeed="11.180000"/>
	<vehicle id="car_210" type="car7" route="3" depart="260" departLane = "1" departSpeed="11.180000"/>
	<vehicle id="car_211" type="car5" route="4" depart="260" departLane = "1" departSpeed="11.180000"/>
	<vehicle id="car_212" type="car9" route="4" depart="261" departLane = "1" departSpeed="11.180000"/>
	<vehicle id="car_213" type="car9" route="3" depart="262" departLane = "2" departSpeed="11.180000"/>
	<vehicle id="car_214" type="car5" route="7" depart="265" departLane = "1" departSpeed="11.180000"/>
	<vehicle id="car_215" type="car8" route="7" depart="266" departLane = "2" departSpeed="11.180000"/>
	<vehicle id="car_216" type="car5" route="4" depart="266" departLane = "0" departSpeed="11.180000"/>
	<vehicle id="car_217" type="car8" route="1" depart="268" departLane = "1" departSpeed="11.180000"/>
	<vehicle id="car_218" type="car9" route="2" depart="270" departLane = "1" departSpeed="11.180000"/>
	<vehicle id="car_219" type="car9" route="6" depart="270" departLane = "2" departSpeed="11.180000"/>
	<vehicle id="car_220" type="car9" route="7" depart="271" departLane = "2" departSpeed="11.180000"/>
	<vehicle id="car_221" type="car5" route="4" depart="275" departLane = "2" departSpeed="11.180000"/>
	<vehicle id="car_222" type="car5" route="7" depart="276" departLane = "2" departSpeed="11.180000"/>
	<vehicle id="car_223" type="car8" route="1" depart="276" departLane = "0" departSpeed="11.180000"/>
	<vehicle id="car_224" type="car5" route="5" depart="279" departLane = "1" departSpeed="11.180000"/>
	<vehicle id="car_225" type="car9" route="7" depart="279" departLane = "0" departSpeed="11.180000"/>
	<vehicle id="car_226" type="car7" route="7" depart="281" departLane = "2" departSpeed="11.180000"/>
	<vehicle id="car_227" type="car6" route="7" depart="283" departLane = "1" departSpeed="11.180000"/>
	<vehicle id="car_228" type="car8" route="3" depart="284" departLane = "0" departSpeed="11.180000"/>
	<vehicle id="car_229" type="car5" route="6" depart="286" departLane = "2" departSpeed="11.180000"/>
	<vehicle id="car_230" type="car8" route="5" depart="287" departLane = "2" departSpeed="11.180000"/>
	<vehicle id="car_231" type="car9" route="2" depart="289" departLane = "2" departSpeed="11.180000"/>
	<vehicle id="car_232" type="car7" route="3" depart="289" departLane = "2" departSpeed="11.180000"/>
	<vehicle id="car_233" type="car5" route="1" depart="290" departLane = "1" departSpeed="11.180000"/>
	<vehicle id="car_234" type="car6" route="0" depart="292" departLane = "2" departSpeed="11.180000"/>
	<vehicle id="car_235" type="car7" route="6" depart="294" departLane = "2" departSpeed="11.180000"/>
	<vehicle id="car_236" type="car6" route="6" depart="295" departLane = "1" departSpeed="11.180000"/>
	<vehicle id="car_237" type="car5" route="5" depart="296" departLane = "1" departSpeed="11.180000"/>
	<vehicle id="car_238" type="car6" route="7" depart="297" departLane = "2" departSpeed="11.180000"/>
	<vehicle id="car_239" type="car8" route="4" depart="298" departLane = "1" departSpeed="11.180000"/>
	<vehicle id="car_240" type="car8" route="1" depart="299" departLane = "2" departSpeed="11.180000"/>
	<vehicle id="car_241" type="car8" route="6" depart="299" departLane = "2" departSpeed="11.180000"/>
	<vehicle id="car_242" type="car5" route="5" depart="300" departLane = "0" departSpeed="11.180000"/>
	<vehicle id="car_243" type="car6" route="7" depart="300" departLane = "0" departSpeed="11.180000"/>
	<vehicle id="car_244" type="car6" route="1" depart="300" departLane = "0" departSpeed="11.180000"/>
	<vehicle id="car_245" type="car8" route="3" depart="300" departLane = "2" departSpeed="11.180000"/>
	<vehicle id="car_246" type="car5" route="5" depart="301" departLane = "1" departSpeed="11.180000"/>
	<vehicle id="car_247" type="car9" route="3" depart="301" departLane = "1" departSpeed="11.180000"/>
	<vehicle id="car_248" type="car7" route="4" depart="301" departLane = "1" departSpeed="11.180000"/>
	<vehicle id="car_249" type="car6" route="6" depart="303" departLane = "0" departSpeed="11.180000"/>
	<vehicle id="car_250" type="car6" route="6" depart="306" departLane = "2" departSpeed="11.180000"/>
	<vehicle id="car_251" type="car6" route="2" depart="307" departLane = "0" departSpeed="11.180000"/>
	<vehicle id="car_252" type="car8" route="4" depart="308" departLane = "2" departSpeed="11.180000"/>
	<vehicle id="car_253" type="car8" route="7" depart="309" departLane = "0" departSpeed="11.180000"/>
	<vehicle id="car_254" type="car6" route="0" depart="310" departLane = "1" departSpeed="11.180000"/>
	<vehicle id="car_255" type="car6" route="1" depart="311" departLane = "2" departSpeed="11.180000"/>
	<vehicle id="car_256" type="car5" route="1" depart="312" departLane = "2" departSpeed="11.180000"/>
	<vehicle id="car_257" type="car7" route="2" depart="313" departLane = "0" departSpeed="11.180000"/>
	<vehicle id="car_258" type="car7" route="1" depart="314" departLane = "0" departSpeed="11.180000"/>
	<vehicle id="car_259" type="car9" route="1" depart="316" departLane = "2" departSpeed="11.180000"/>
	<vehicle id="car_260" type="car6" route="2" depart="318" departLane = "1" departSpeed="11.180000"/>
	<vehicle id="car_261" type="car6" route="1" depart="318" departLane = "2" departSpeed="11.180000"/>
	<vehicle id="car_262" type="car8" route="6" depart="318" departLane = "0" departSpeed="11.180000"/>
	<vehicle id="car_263" type="car7" route="3" depart="319" departLane = "1" departSpeed="11.180000"/>
	<vehicle id="car_264" type="car8" route="1" depart="320" departLane = "2" departSpeed="11.180000"/>
	<vehicle id="car_265" type="car9" route="6" depart="320" departLane = "0" departSpeed="11.180000"/>
	<vehicle id="car_266" type="car9" route="3" depart="321" departLane = "2" departSpeed="11.180000"/>
	<vehicle id="car_267" type="car7" route="4" depart="321" departLane = "2" departSpeed="11.180000"/>
	<vehicle id="car_268" type="car7" route="2" depart="324" departLane = "0" departSpeed="11.180000"/>
	<vehicle id="car_269" type="car6" route="6" depart="325" departLane = "0" departSpeed="11.180000"/>
	<vehicle id="car_270" type="car8" route="7" depart="326" departLane = "2" departSpeed="11.180000"/>
	<vehicle id="car_271" type="car5" route="7" depart="327" departLane = "0" departSpeed="11.180000"/>
	<vehicle id="car_272" type="car8" route="3" depart="327" departLane = "1" departSpeed="11.180000"/>
	<vehicle id="car_273" type="car9" route="5" depart="328" departLane = "1" departSpeed="11.180000"/>
	<vehicle id="car_274" type="car5" route="1" depart="329" departLane = "2" departSpeed="11.180000"/>
	<vehicle id="car_275" type="car6" route="2" depart="332" departLane = "0" departSpeed="11.180000"/>
	<vehicle id="car_276" type="car7" route="1" depart="332" departLane = "2" departSpeed="11.180000"/>
	<vehicle id="car_277" type="car6" route="3" depart="333" departLane = "2" departSpeed="11.180000"/>
	<vehicle id="car_278" type="car9" route="4" depart="333" departLane = "0" departSpeed="11.180000"/>
	<vehicle id="car_279" type="car9" route="2" depart="335" departLane = "0" departSpeed="11.180000"/>
	<vehicle id="car_280" type="car8" route="1" depart="337" departLane = "0" departSpeed="11.180000"/>
	<vehicle id="car_281" type="car9" route="2" depart="338" departLane = "1" departSpeed="11.180000"/>
	<vehicle id="car_282" type="car8" route="4" depart="339" departLane = "0" departSpeed="11.180000"/>
	<vehicle id="car_283" type="car7" route="1" depart="340" departLane = "2" departSpeed="11.180000"/>
	<vehicle id="car_284" type="car8" route="1" depart="341" departLane = "2" departSpeed="11.180000"/>
	<vehicle id="car_285" type="car5" route="1" depart="343" departLane = "1" departSpeed="11.180000"/>
	<vehicle id="car_286" type="car9" route="4" depart="343" departLane = "1" departSpeed="11.180000"/>
	<vehicle id="car_287" type="car8" route="6" depart="343" departLane = "0" departSpeed="11.180000"/>
	<vehicle id="car_288" type="car5" route="5" depart="347" departLane = "2" departSpeed="11.180000"/>
	<vehicle id="car_289" type="car6" route="4" depart="348" departLane = "1" departSpeed="11.180000"/>
	<vehicle id="car_290" type="car7" route="4" depart="350" departLane = "0" departSpeed="11.180000"/>
	<vehicle id="car_291" type="car9" route="3" depart="353" departLane = "1" departSpeed="11.180000"/>
	<vehicle id="car_292" type="car7" route="2" depart="355" departLane = "0" departSpeed="11.180000"/>
	<vehicle id="car_293" type="car8" route="5" depart="357" departLane = "1" departSpeed="11.180000"/>
	<vehicle id="car_294" type="car8" route="1" depart="357" departLane = "0" departSpeed="11.180000"/>
	<vehicle id="car_295" type="car9" route="2" depart="359" departLane = "1" departSpeed="11.180000"/>
	<vehicle id="car_296" type="car9" route="7" depart="359" departLane = "0" departSpeed="11.180000"/>
	<vehicle id="car_297" type="car8" route="0" depart="360" departLane = "2" departSpeed="11.180000"/>
	<vehicle id="car_298" type="car6" route="7" depart="360" departLane = "1" departSpeed="11.180000"/>
	<vehicle id="car_299" type="car7" route="2" depart="361" departLane = "0" departSpeed="11.180000"/>
	<vehicle id="car_300" type="car9" route="4" depart="361" departLane = "0" departSpeed="11.180000"/>
	<vehicle id="car_301" type="car6" route="5" depart="362" departLane = "1" departSpeed="11.180000"/>
	<vehicle id="car_302" type="car8" route="2" depart="363" departLane = "0" departSpeed="11.180000"/>
	<vehicle id="car_303" type="car7" route="5" depart="363" departLane = "2" departSpeed="11.180000"/>
	<vehicle id="car_304" type="car6" route="5" depart="364" departLane = "1" departSpeed="11.180000"/>
	<vehicle id="car_305" type="car9" route="0" depart="369" departLane = "1" departSpeed="11.180000"/>
	<vehicle id="car_306" type="car5" route="2" depart="369" departLane = "0" departSpeed="11.180000"/>
	<vehicle id="car_307" type="car9" route="5" depart="369" departLane = "1" departSpeed="11.180000"/>
	<vehicle id="car_308" type="car8" route="0" depart="371" departLane = "0" departSpeed="11.180000"/>
	<vehicle id="car_309" type="car8" route="7" depart="371" departLane = "0" departSpeed="11.180000"/>
	<vehicle id="car_310" type="car5" route="5" depart="372" departLane = "2" departSpeed="11.180000"/>
	<vehicle id="car_311" type="car5" route="7" depart="372" departLane = "0" departSpeed="11.180000"/>
	<vehicle id="car_312" type="car6" route="6" depart="374" departLane = "1" departSpeed="11.180000"/>
	<vehicle id="car_313" type="car9" route="5" depart="376" departLane = "1" departSpeed="11.180000"/>
	<vehicle id="car_314" type="car6" route="7" depart="376" departLane = "1" departSpeed="11.180000"/>
	<vehicle id="car_315" type="car9" route="0" depart="378" departLane = "2" departSpeed="11.180000"/>
	<vehicle id="car_316" type="car6" route="2" depart="384" departLane = "0" departSpeed="11.180000"/>
	<vehicle id="car_317" type="car9" route="3" depart="384" departLane = "1" departSpeed="11.180000"/>
	<vehicle id="car_318" type="car9" route="3" depart="385" departLane = "1" departSpeed="11.180000"/>
	<vehicle id="car_319" type="car9" route="4" depart="385" departLane = "1" departSpeed="11.180000"/>
	<vehicle id="car_320" type="car6" route="6" depart="387" departLane = "2" departSpeed="11.180000"/>
	<vehicle id="car_321" type="car6" route="5" depart="388" departLane = "0" departSpeed="11.180000"/>
	<vehicle id="car_322" type="car5" route="0" depart="389" departLane = "2" departSpeed="11.180000"/>
	<vehicle id="car_323" type="car6" route="3" depart="389" departLane = "0" departSpeed="11.180000"/>
	<vehicle id="car_324" type="car7" route="6" depart="389" departLane = "0" departSpeed="11.180000"/>
	<vehicle id="car_325" type="car7" route="1" depart="390" departLane = "2" departSpeed="11.180000"/>
	<vehicle id="car_326" type="car5" route="3" depart="391" departLane = "1" departSpeed="11.180000"/>
	<vehicle id="car_327" type="car6" route="6" depart="392" departLane = "2" departSpeed="11.180000"/>
	<vehicle id="car_328" type="car6" route="3" depart="397" departLane = "2" departSpeed="11.180000"/>
	<vehicle id="car_329" type="car8" route="3" depart="399" departLane = "1" departSpeed="11.180000"/>
	<vehicle id="car_330" type="car5" route="6" depart="399" departLane = "0" departSpeed="11.180000"/>
	<vehicle id="car_331" type="car6" route="6" depart="402" departLane = "1" departSpeed="11.180000"/>
	<vehicle id="car_332" type="car9" route="0" depart="403" departLane = "2" departSpeed="11.180000"/>
	<vehicle id="car_333" type="car9" route="2" depart="405" departLane = "1" departSpeed="11.180000"/>
	<vehicle id="car_334" type="car6" route="0" depart="406" departLane = "2" departSpeed="11.180000"/>
	<vehicle id="car_335" type="car7" route="5" depart="406" departLane = "2" departSpeed="11.180000"/>
	<vehicle id="car_336" type="car5" route="6" depart="406" departLane = "2" departSpeed="11.180000"/>
	<vehicle id="car_337" type="car8" route="4" depart="410" departLane = "0" departSpeed="11.180000"/>
	<vehicle id="car_338" type="car6" route="6" depart="410" departLane = "0" departSpeed="11.180000"/>
	<vehicle id="car_339" type="car7" route="2" depart="411" departLane = "1" departSpeed="11.180000"/>
	<vehicle id="car_340" type="car6" route="7" depart="411" departLane = "2" departSpeed="11.180000"/>
	<vehicle id="car_341" type="car9" route="6" depart="412" departLane = "1" departSpeed="11.180000"/>
	<vehicle id="car_342" type="car7" route="7" depart="413" departLane = "0" departSpeed="11.180000"/>
	<vehicle id="car_343" type="car6" route="2" depart="416" departLane = "1" departSpeed="11.180000"/>
	<vehicle id="car_344" type="car5" route="3" depart="416" departLane = "1" departSpeed="11.180000"/>
	<vehicle id="car_345" type="car5" route="6" depart="416" departLane = "0" departSpeed="11.180000"/>
	<vehicle id="car_346" type="car8" route="7" depart="417" departLane = "2" departSpeed="11.180000"/>
	<vehicle id="car_347" type="car8" route="1" depart="417" departLane = "1" departSpeed="11.180000"/>
	<vehicle id="car_348" type="car7" route="6" depart="417" departLane = "0" departSpeed="11.180000"/>
	<vehicle id="car_349" type="car9" route="0" depart="418" departLane = "1" departSpeed="11.180000"/>
	<vehicle id="car_350" type="car9" route="1" depart="419" departLane = "1" departSpeed="11.180000"/>
	<vehicle id="car_351" type="car5" route="5" depart="420" departLane = "0" departSpeed="11.180000"/>
	<vehicle id="car_352" type="car5" route="5" depart="421" departLane = "0" departSpeed="11.180000"/>
	<vehicle id="car_353" type="car5" route="7" depart="421" departLane = "1" departSpeed="11.180000"/>
	<vehicle id="car_354" type="car5" route="4" depart="423" departLane = "1" departSpeed="11.180000"/>
	<vehicle id="car_355" type="car5" route="0" depart="424" departLane = "0" departSpeed="11.180000"/>
	<vehicle id="car_356" type="car5" route="2" depart="426" departLane = "0" departSpeed="11.180000"/>
	<vehicle id="car_357" type="car5" route="6" depart="427" departLane = "0" departSpeed="11.180000"/>
	<vehicle id="car_358" type="car8" route="5" depart="431" departLane = "0" departSpeed="11.180000"/>
	<vehicle id="car_359" type="car6" route="2" depart="433" departLane = "1" departSpeed="11.180000"/>
	<vehicle id="car_360" type="car9" route="4" depart="433" departLane = "1" departSpeed="11.180000"/>
	<vehicle id="car_361" type="car5" route="5" depart="436" departLane = "2" departSpeed="11.180000"/>
	<vehicle id="car_362" type="car5" route="5" depart="438" departLane = "0" departSpeed="11.180000"/>
	<vehicle id="car_363" type="car9" route="0" depart="440" departLane = "1" departSpeed="11.180000"/>
	<vehicle id="car_364" type="car7" route="5" depart="440" departLane = "2" departSpeed="11.180000"/>
	<vehicle id="car_365" type="car9" route="2" depart="442" departLane = "2" departSpeed="11.180000"/>
	<vehicle id="car_366" type="car6" route="5" depart="442" departLane = "0" departSpeed="11.180000"/>
	<vehicle id="car_367" type="car8" route="4" depart="442" departLane = "1" departSpeed="11.180000"/>
	<vehicle id="car_368" type="car7" route="3" depart="443" departLane = "2" departSpeed="11.180000"/>
	<vehicle id="car_369" type="car6" route="7" depart="446" departLane = "2" departSpeed="11.180000"/>
	<vehicle id="car_370" type="car7" route="4" depart="446" departLane = "2" departSpeed="11.180000"/>
	<vehicle id="car_371" type="car9" route="7" depart="448" departLane = "1" departSpeed="11.180000"/>
	<vehicle id="car_372" type="car8" route="1" depart="448" departLane = "1" departSpeed="11.180000"/>
	<vehicle id="car_373" type="car9" route="1" depart="449" departLane = "2" departSpeed="11.180000"/>
	<vehicle id="car_374" type="car7" route="4" depart="450" departLane = "2" departSpeed="11.180000"/>
	<vehicle id="car_375" type="car8" route="5" depart="452" departLane = "1" departSpeed="11.180000"/>
	<vehicle id="car_376" type="car6" route="4" depart="453" departLane = "0" departSpeed="11.180000"/>
	<vehicle id="car_377" type="car5" route="2" depart="454" departLane = "0" departSpeed="11.180000"/>
	<vehicle id="car_378" type="car8" route="6" depart="454" departLane = "1" departSpeed="11.180000"/>
	<vehicle id="car_379" type="car7" route="1" depart="455" departLane = "2" departSpeed="11.180000"/>
	<vehicle id="car_380" type="car6" route="3" depart="455" departLane = "2" departSpeed="11.180000"/>
	<vehicle id="car_381" type="car5" route="2" depart="457" departLane = "1" departSpeed="11.180000"/>
	<vehicle id="car_382" type="car6" route="3" depart="462" departLane = "1" departSpeed="11.180000"/>
	<vehicle id="car_383" type="car8" route="7" depart="465" departLane = "2" departSpeed="11.180000"/>
	<vehicle id="car_384" type="car6" route="3" depart="465" departLane = "1" departSpeed="11.180000"/>
	<vehicle id="car_385" type="car8" route="6" depart="467" departLane = "2" departSpeed="11.180000"/>
	<vehicle id="car_386" type="car8" route="6" depart="469" departLane = "2" departSpeed="11.180000"/>
	<vehicle id="car_387" type="car8" route="7" depart="471" departLane = "2" departSpeed="11.180000"/>
	<vehicle id="car_388" type="car5" route="0" depart="472" departLane = "0" departSpeed="11.180000"/>
	<vehicle id="car_389" type="car6" route="4" depart="472" departLane = "2" departSpeed="11.180000"/>
	<vehicle id="car_390" type="car6" route="6" depart="472" departLane = "2" departSpeed="11.180000"/>
	<vehicle id="car_391" type="car8" route="2" depart="474" departLane = "0" departSpeed="11.180000"/>
	<vehicle id="car_392" type="car6" route="5" depart="474" departLane = "0" departSpeed="11.180000"/>
	<vehicle id="car_393" type="car6" route="6" depart="475" departLane = "2" departSpeed="11.180000"/>
	<vehicle id="car_394" type="car9" route="7" depart="478" departLane = "2" departSpeed="11.180000"/>
	<vehicle id="car_395" type="car7" route="1" depart="478" departLane = "2" departSpeed="11.180000"/>
	<vehicle id="car_396" type="car5" route="4" depart="478" departLane = "2" departSpeed="11.180000"/>
	<vehicle id="car_397" type="car5" route="7" depart="481" departLane = "1" departSpeed="11.180000"/>
	<vehicle id="car_398" type="car9" route="4" depart="481" departLane = "0" departSpeed="11.180000"/>
	<vehicle id="car_399" type="car9" route="6" depart="482" departLane = "0" departSpeed="11.180000"/>
	<vehicle id="car_400" type="car8" route="3" depart="484" departLane = "1" departSpeed="11.180000"/>
	<vehicle id="car_401" type="car7" route="6" depart="484" departLane = "0" departSpeed="11.180000"/>
	<vehicle id="car_402" type="car7" route="4" depart="485" departLane = "1" departSpeed="11.180000"/>
	<vehicle id="car_403" type="car6" route="7" depart="486" departLane = "0" departSpeed="11.180000"/>
	<vehicle id="car_404" type="car5" route="6" depart="489" departLane = "2" departSpeed="11.180000"/>
	<vehicle id="car_405" type="car7" route="5" depart="490" departLane = "0" departSpeed="11.180000"/>
	<vehicle id="car_406" type="car6" route="2" depart="491" departLane = "1" departSpeed="11.180000"/>
	<vehicle id="car_407" type="car8" route="2" depart="494" departLane = "0" departSpeed="11.180000"/>
	<vehicle id="car_408" type="car5" route="5" depart="494" departLane = "2" departSpeed="11.180000"/>
	<vehicle id="car_409" type="car5" route="7" depart="494" departLane = "0" departSpeed="11.180000"/>
	<vehicle id="car_410" type="car5" route="3" depart="495" departLane = "1" departSpeed="11.180000"/>
	<vehicle id="car_411" type="car9" route="5" depart="501" departLane = "0" departSpeed="11.180000"/>
	<vehicle id="car_412" type="car5" route="0" depart="503" departLane = "1" departSpeed="11.180000"/>
	<vehicle id="car_413" type="car9" route="2" depart="503" departLane = "1" departSpeed="11.180000"/>
	<vehicle id="car_414" type="car6" route="3" depart="503" departLane = "0" departSpeed="11.180000"/>
	<vehicle id="car_415" type="car6" route="4" depart="505" departLane = "2" departSpeed="11.180000"/>
	<vehicle id="car_416" type="car9" route="2" depart="507" departLane = "2" departSpeed="11.180000"/>
	<vehicle id="car_417" type="car8" route="1" depart="508" departLane = "0" departSpeed="11.180000"/>
	<vehicle id="car_418" type="car7" route="3" depart="509" departLane = "2" departSpeed="11.180000"/>
	<vehicle id="car_419" type="car8" route="1" depart="510" departLane = "0" departSpeed="11.180000"/>
	<vehicle id="car_420" type="car8" route="6" depart="512" departLane = "1" departSpeed="11.180000"/>
	<vehicle id="car_421" type="car7" route="5" depart="514" departLane = "0" departSpeed="11.180000"/>
	<vehicle id="car_422" type="car8" route="6" depart="514" departLane = "2" departSpeed="11.180000"/>
	<vehicle id="car_423" type="car5" route="0" depart="516" departLane = "1" departSpeed="11.180000"/>
	<vehicle id="car_424" type="car6" route="5" depart="516" departLane = "1" departSpeed="11.180000"/>
	<vehicle id="car_425" type="car8" route="5" depart="517" departLane = "1" departSpeed="11.180000"/>
	<vehicle id="car_426" type="car6" route="7" depart="518" departLane = "2" departSpeed="11.180000"/>
	<vehicle id="car_427" type="car7" route="7" depart="520" departLane = "0" departSpeed="11.180000"/>
	<vehicle id="car_428" type="car5" route="3" depart="522" departLane = "0" departSpeed="11.180000"/>
	<vehicle id="car_429" type="car9" route="2" depart="524" departLane = "1" departSpeed="11.180000"/>
	<vehicle id="car_430" type="car9" route="3" depart="526" departLane = "0" departSpeed="11.180000"/>
	<vehicle id="car_431" type="car6" route="7" depart="527" departLane = "2" departSpeed="11.180000"/>
	<vehicle id="car_432" type="car7" route="3" depart="527" departLane = "2" departSpeed="11.180000"/>
	<vehicle id="car_433" type="car7" route="4" depart="530" departLane = "2" departSpeed="11.180000"/>
	<vehicle id="car_434" type="car5" route="6" depart="530" departLane = "0" departSpeed="11.180000"/>
	<vehicle id="car_435" type="car9" route="3" depart="532" departLane = "0" departSpeed="11.180000"/>
	<vehicle id="car_436" type="car8" route="2" depart="533" departLane = "0" departSpeed="11.180000"/>
	<vehicle id="car_437" type="car9" route="5" depart="533" departLane = "1" departSpeed="11.180000"/>
	<vehicle id="car_438" type="car6" route="2" depart="535" departLane = "1" departSpeed="11.180000"/>
	<vehicle id="car_439" type="car5" route="2" depart="536" departLane = "1" departSpeed="11.180000"/>
	<vehicle id="car_440" type="car5" route="3" depart="536" departLane = "2" departSpeed="11.180000"/>
	<vehicle id="car_441" type="car7" route="2" depart="539" departLane = "0" departSpeed="11.180000"/>
	<vehicle id="car_442" type="car9" route="0" depart="541" departLane = "2" departSpeed="11.180000"/>
	<vehicle id="car_443" type="car5" route="5" depart="542" departLane = "1" departSpeed="11.180000"/>
	<vehicle id="car_444" type="car9" route="1" depart="542" departLane = "0" departSpeed="11.180000"/>
	<vehicle id="car_445" type="car6" route="6" depart="548" departLane = "0" departSpeed="11.180000"/>
	<vehicle id="car_446" type="car8" route="5" depart="551" departLane = "2" departSpeed="11.180000"/>
	<vehicle id="car_447" type="car7" route="3" depart="552" departLane = "0" departSpeed="11.180000"/>
	<vehicle id="car_448" type="car8" route="3" depart="555" departLane = "2" departSpeed="11.180000"/>
	<vehicle id="car_449" type="car8" route="6" depart="555" departLane = "0" departSpeed="11.180000"/>
	<vehicle id="car_450" type="car6" route="0" depart="556" departLane = "2" departSpeed="11.180000"/>
	<vehicle id="car_451" type="car8" route="3" depart="556" departLane = "1" departSpeed="11.180000"/>
	<vehicle id="car_452" type="car8" route="7" depart="559" departLane = "0" departSpeed="11.180000"/>
	<vehicle id="car_453" type="car5" route="1" depart="559" departLane = "0" departSpeed="11.180000"/>
	<vehicle id="car_454" type="car8" route="0" depart="560" departLane = "0" departSpeed="11.180000"/>
	<vehicle id="car_455" type="car5" route="7" depart="560" departLane = "1" departSpeed="11.180000"/>
	<vehicle id="car_456" type="car7" route="5" depart="564" departLane = "1" departSpeed="11.180000"/>
	<vehicle id="car_457" type="car7" route="0" depart="566" departLane = "1" departSpeed="11.180000"/>
	<vehicle id="car_458" type="car6" route="7" depart="566" departLane = "1" departSpeed="11.180000"/>
	<vehicle id="car_459" type="car7" route="5" depart="567" departLane = "1" departSpeed="11.180000"/>
	<vehicle id="car_460" type="car6" route="5" depart="569" departLane = "0" departSpeed="11.180000"/>
	<vehicle id="car_461" type="car9" route="0" depart="570" departLane = "1" departSpeed="11.180000"/>
	<vehicle id="car_462" type="car6" route="2" depart="572" departLane = "2" departSpeed="11.180000"/>
	<vehicle id="car_463" type="car5" route="5" depart="572" departLane = "2" departSpeed="11.180000"/>
	<vehicle id="car_464" type="car5" route="1" depart="574" departLane = "1" departSpeed="11.180000"/>
	<vehicle id="car_465" type="car9" route="0" depart="575" departLane = "1" departSpeed="11.180000"/>
	<vehicle id="car_466" type="car7" route="3" depart="575" departLane = "1" departSpeed="11.180000"/>
	<vehicle id="car_467" type="car7" route="5" depart="576" departLane = "1" departSpeed="11.180000"/>
	<vehicle id="car_468" type="car5" route="1" depart="576" departLane = "2" departSpeed="11.180000"/>
	<vehicle id="car_469" type="car9" route="2" depart="577" departLane = "0" departSpeed="11.180000"/>
	<vehicle id="car_470" type="car8" route="5" depart="577" departLane = "1" departSpeed="11.180000"/>
	<vehicle id="car_471" type="car8" route="3" depart="577" departLane = "0" departSpeed="11.180000"/>
	<vehicle id="car_472" type="car7" route="7" depart="581" departLane = "0" departSpeed="11.180000"/>
	<vehicle id="car_473" type="car7" route="7" depart="583" departLane = "1" departSpeed="11.180000"/>
	<vehicle id="car_474" type="car7" route="2" depart="586" departLane = "0" departSpeed="11.180000"/>
	<vehicle id="car_475" type="car5" route="5" depart="588" departLane = "1" departSpeed="11.180000"/>
	<vehicle id="car_476" type="car8" route="7" depart="588" departLane = "0" departSpeed="11.180000"/>
	<vehicle id="car_477" type="car5" route="2" depart="590" departLane = "2" departSpeed="11.180000"/>
	<vehicle id="car_478" type="car8" route="7" depart="590" departLane = "2" departSpeed="11.180000"/>
	<vehicle id="car_479" type="car7" route="4" depart="590" departLane = "0" departSpeed="11.180000"/>
	<vehicle id="car_480" type="car9" route="2" depart="593" departLane = "2" departSpeed="11.180000"/>
	<vehicle id="car_481" type="car7" route="7" depart="593" departLane = "2" departSpeed="11.180000"/>
	<vehicle id="car_482" type="car9" route="7" depart="595" departLane = "2" departSpeed="11.180000"/>
	<vehicle id="car_483" type="car9" route="6" depart="595" departLane = "0" departSpeed="11.180000"/>
	<vehicle id="car_484" type="car5" route="5" depart="596" departLane = "2" departSpeed="11.180000"/>
	<vehicle id="car_485" type="car8" route="5" depart="598" departLane = "2" departSpeed="11.180000"/>
	<vehicle id="car_486" type="car7" route="3" depart="598" departLane = "2" departSpeed="11.180000"/>
	<vehicle id="car_487" type="car5" route="4" depart="598" departLane = "2" departSpeed="11.180000"/>
	<vehicle id="car_488" type="car6" route="3" depart="599" departLane = "0" departSpeed="11.180000"/>
</routes>
