{"car_3253": [4, 1], "car_2009": [3, 2], "car_3196": [0, 6], "car_3197": [2, 4], "car_3194": [4, 1], "car_3195": [6, 7], "car_3192": [1, 7], "car_3193": [3, 6], "car_3190": [2, 0], "car_3191": [7, 5], "car_3198": [1, 3], "car_3199": [3, 5], "car_2229": [6, 5], "car_2228": [4, 0], "car_468": [6, 5], "car_469": [0, 5], "car_466": [1, 4], "car_467": [4, 7], "car_464": [2, 4], "car_465": [5, 4], "car_462": [7, 6], "car_463": [0, 3], "car_460": [3, 4], "car_461": [6, 3], "car_2455": [3, 4], "car_3068": [1, 5], "car_3069": [3, 7], "car_2751": [3, 2], "car_3062": [7, 5], "car_3063": [4, 3], "car_3060": [2, 7], "car_3061": [5, 1], "car_3066": [5, 4], "car_3067": [7, 5], "car_3064": [6, 3], "car_3065": [2, 6], "car_3268": [5, 1], "car_817": [5, 7], "car_816": [2, 0], "car_3260": [0, 5], "car_3261": [2, 1], "car_3262": [5, 1], "car_3263": [1, 6], "car_3264": [3, 4], "car_815": [0, 7], "car_3266": [6, 5], "car_3267": [0, 1], "car_2750": [1, 3], "car_814": [6, 3], "car_813": [4, 2], "car_812": [7, 0], "car_2072": [6, 0], "car_811": [2, 3], "car_2073": [0, 5], "car_810": [0, 7], "car_3214": [2, 7], "car_679": [2, 5], "car_678": [0, 4], "car_677": [6, 1], "car_676": [4, 5], "car_675": [3, 5], "car_674": [1, 6], "car_673": [7, 0], "car_672": [0, 2], "car_671": [3, 0], "car_670": [1, 4], "car_2771": [5, 3], "car_3213": [6, 5], "car_2770": [0, 4], "car_3212": [3, 2], "car_2078": [3, 2], "car_2079": [4, 1], "car_2456": [4, 3], "car_2341": [5, 1], "car_2670": [2, 7], "car_2671": [5, 7], "car_2754": [0, 1], "car_2672": [7, 2], "car_2223": [3, 2], "car_789": [1, 2], "car_788": [5, 6], "car_3338": [3, 4], "car_2222": [1, 3], "car_783": [7, 2], "car_782": [5, 1], "car_781": [6, 3], "car_780": [4, 0], "car_787": [0, 3], "car_786": [6, 2], "car_785": [4, 5], "car_784": [1, 7], "car_2220": [6, 2], "car_0": [2, 5], "car_2227": [1, 4], "car_1179": [6, 4], "car_2375": [5, 7], "car_2226": [7, 3], "car_3339": [4, 1], "car_2225": [2, 4], "car_2224": [0, 6], "car_255": [5, 6], "car_254": [0, 5], "car_257": [1, 7], "car_256": [7, 1], "car_251": [7, 6], "car_250": [2, 1], "car_253": [4, 0], "car_252": [3, 4], "car_1961": [1, 4], "car_1960": [5, 3], "car_1963": [6, 7], "car_1962": [3, 0], "car_259": [0, 6], "car_258": [6, 4], "car_1967": [6, 3], "car_1966": [4, 0], "car_1170": [2, 6], "car_1171": [5, 2], "car_1565": [2, 3], "car_1564": [4, 3], "car_1567": [7, 3], "car_1566": [5, 7], "car_1561": [5, 7], "car_1560": [2, 3], "car_1563": [1, 2], "car_1562": [7, 1], "car_1569": [3, 0], "car_1568": [1, 6], "car_1413": [2, 7], "car_1363": [6, 7], "car_1362": [4, 2], "car_1361": [3, 7], "car_1360": [1, 5], "car_1367": [7, 2], "car_1366": [5, 1], "car_1365": [2, 0], "car_1364": [0, 7], "car_1369": [3, 2], "car_1368": [1, 4], "car_2758": [3, 0], "car_2376": [7, 0], "car_321": [6, 5], "car_320": [4, 5], "car_323": [2, 1], "car_322": [0, 5], "car_325": [1, 3], "car_324": [7, 0], "car_327": [6, 7], "car_326": [4, 1], "car_329": [2, 0], "car_328": [0, 7], "car_2722": [6, 7], "car_2723": [0, 7], "car_2720": [3, 7], "car_2721": [4, 2], "car_2726": [7, 5], "car_2727": [1, 5], "car_2724": [2, 6], "car_2725": [5, 6], "car_2728": [4, 3], "car_2729": [6, 3], "car_1107": [2, 6], "car_1106": [0, 1], "car_1105": [4, 6], "car_1104": [3, 1], "car_1103": [0, 5], "car_1102": [4, 2], "car_1101": [7, 5], "car_1100": [5, 4], "car_1109": [1, 5], "car_1108": [5, 0], "car_1297": [3, 1], "car_1296": [5, 7], "car_1295": [2, 6], "car_1294": [0, 5], "car_1293": [6, 3], "car_1292": [4, 5], "car_1291": [1, 4], "car_1290": [7, 1], "car_1299": [0, 5], "car_1298": [4, 0], "car_2928": [4, 5], "car_2929": [6, 5], "car_2924": [7, 4], "car_2925": [6, 3], "car_2926": [0, 6], "car_2927": [1, 3], "car_2920": [4, 0], "car_2921": [6, 0], "car_2922": [0, 5], "car_2923": [2, 1], "car_2586": [7, 4], "car_2587": [3, 2], "car_2584": [0, 7], "car_2585": [5, 4], "car_2582": [7, 5], "car_2583": [1, 0], "car_2580": [4, 3], "car_2581": [0, 1], "car_2858": [2, 0], "car_2859": [5, 6], "car_2588": [4, 6], "car_2589": [6, 3], "car_2036": [6, 4], "car_2037": [2, 4], "car_1039": [6, 7], "car_1038": [4, 2], "car_1749": [1, 0], "car_1748": [2, 6], "car_2030": [2, 5], "car_2031": [5, 3], "car_1033": [6, 7], "car_1032": [4, 6], "car_1031": [1, 7], "car_1030": [7, 6], "car_1037": [3, 5], "car_1036": [1, 0], "car_1035": [5, 3], "car_1034": [0, 5], "car_1589": [4, 0], "car_1588": [3, 6], "car_1583": [4, 2], "car_1582": [1, 0], "car_1581": [7, 6], "car_1580": [5, 7], "car_1587": [1, 2], "car_1586": [5, 3], "car_1585": [2, 0], "car_1584": [0, 2], "car_1852": [5, 2], "car_1906": [0, 5], "car_3295": [3, 1], "car_3294": [1, 2], "car_3297": [6, 0], "car_3296": [4, 2], "car_3291": [0, 7], "car_3290": [3, 4], "car_899": [3, 4], "car_898": [1, 0], "car_897": [5, 1], "car_896": [0, 4], "car_895": [4, 6], "car_894": [3, 2], "car_893": [1, 7], "car_892": [7, 2], "car_891": [5, 3], "car_890": [2, 5], "car_2458": [0, 6], "car_2459": [7, 0], "car_2108": [1, 0], "car_2109": [3, 0], "car_2102": [1, 5], "car_2103": [3, 7], "car_2100": [5, 1], "car_2101": [7, 4], "car_2106": [2, 7], "car_2107": [7, 3], "car_2104": [4, 7], "car_2105": [0, 5], "car_1631": [3, 6], "car_1630": [7, 2], "car_1633": [0, 6], "car_1632": [6, 7], "car_1635": [7, 1], "car_1634": [5, 7], "car_1637": [3, 6], "car_1636": [1, 0], "car_1639": [6, 7], "car_1638": [4, 6], "car_1751": [6, 4], "car_2803": [2, 0], "car_2802": [6, 5], "car_2801": [4, 0], "car_3189": [0, 5], "car_3188": [4, 1], "car_2800": [3, 6], "car_3269": [7, 2], "car_3181": [4, 1], "car_2807": [3, 5], "car_1756": [1, 5], "car_3182": [6, 1], "car_3185": [7, 2], "car_3184": [5, 1], "car_3187": [3, 7], "car_2806": [1, 6], "car_2805": [7, 2], "car_3306": [1, 2], "car_2816": [2, 5], "car_2804": [5, 0], "car_3380": [4, 1], "car_3104": [5, 0], "car_2414": [0, 7], "car_419": [7, 4], "car_418": [2, 7], "car_2218": [1, 6], "car_2219": [4, 1], "car_413": [7, 2], "car_412": [5, 6], "car_411": [0, 2], "car_410": [6, 2], "car_417": [0, 3], "car_416": [4, 7], "car_415": [3, 1], "car_414": [1, 2], "car_2417": [1, 7], "car_1679": [4, 5], "car_1678": [3, 1], "car_2412": [3, 1], "car_2947": [2, 3], "car_2413": [6, 2], "car_3265": [4, 0], "car_3079": [2, 6], "car_3078": [0, 6], "car_3075": [7, 1], "car_3074": [5, 4], "car_3077": [6, 3], "car_3076": [3, 6], "car_3071": [6, 3], "car_3070": [4, 0], "car_3073": [2, 1], "car_3072": [0, 4], "car_527": [3, 7], "car_526": [1, 7], "car_525": [7, 6], "car_524": [5, 7], "car_523": [2, 3], "car_522": [0, 7], "car_521": [6, 3], "car_520": [4, 6], "car_3273": [2, 1], "car_1671": [0, 3], "car_3271": [6, 0], "car_1889": [5, 1], "car_3277": [0, 4], "car_3276": [4, 5], "car_529": [0, 2], "car_528": [6, 0], "car_1884": [7, 2], "car_1885": [1, 2], "car_2368": [2, 0], "car_2786": [0, 4], "car_2787": [2, 4], "car_668": [5, 3], "car_669": [7, 5], "car_664": [0, 2], "car_665": [4, 2], "car_666": [6, 1], "car_667": [0, 6], "car_660": [1, 0], "car_661": [3, 7], "car_662": [4, 0], "car_663": [6, 2], "car_2759": [6, 7], "car_1854": [1, 5], "car_2788": [7, 4], "car_3308": [4, 1], "car_2789": [4, 7], "car_2940": [6, 7], "car_798": [0, 4], "car_799": [2, 7], "car_790": [3, 0], "car_791": [6, 0], "car_792": [0, 2], "car_793": [2, 6], "car_794": [5, 2], "car_795": [7, 1], "car_796": [3, 2], "car_797": [4, 0], "car_242": [2, 5], "car_243": [1, 6], "car_240": [6, 1], "car_241": [0, 7], "car_246": [2, 7], "car_247": [1, 7], "car_244": [6, 4], "car_245": [0, 7], "car_1914": [5, 7], "car_1915": [7, 3], "car_248": [4, 0], "car_249": [6, 3], "car_1910": [1, 3], "car_1911": [3, 0], "car_1912": [4, 6], "car_1913": [2, 3], "car_1356": [6, 1], "car_1357": [0, 4], "car_1354": [3, 4], "car_1355": [4, 2], "car_1352": [5, 6], "car_1353": [1, 2], "car_1350": [0, 1], "car_1351": [2, 0], "car_1358": [2, 0], "car_1359": [5, 4], "car_1831": [0, 5], "car_1820": [2, 3], "car_1821": [5, 7], "car_1822": [7, 0], "car_1823": [3, 4], "car_1824": [4, 5], "car_1825": [6, 5], "car_338": [4, 7], "car_339": [6, 1], "car_336": [5, 4], "car_337": [3, 1], "car_334": [6, 2], "car_335": [0, 6], "car_332": [1, 7], "car_333": [4, 5], "car_330": [5, 4], "car_331": [7, 3], "car_2735": [6, 2], "car_2734": [4, 7], "car_1138": [5, 6], "car_1139": [7, 2], "car_2731": [5, 2], "car_2730": [2, 7], "car_2733": [3, 7], "car_2732": [1, 3], "car_1132": [3, 1], "car_1133": [4, 3], "car_1130": [7, 6], "car_1131": [1, 4], "car_1136": [4, 1], "car_1137": [2, 6], "car_1134": [1, 6], "car_1135": [3, 1], "car_1839": [6, 0], "car_2393": [6, 5], "car_1838": [4, 5], "car_2392": [1, 3], "car_3301": [1, 5], "car_3300": [7, 5], "car_2939": [4, 5], "car_2938": [3, 7], "car_2937": [7, 3], "car_2936": [2, 1], "car_2935": [0, 6], "car_2934": [4, 0], "car_2933": [1, 6], "car_2932": [7, 2], "car_2931": [5, 3], "car_2930": [0, 6], "car_2029": [0, 7], "car_2028": [6, 4], "car_2845": [3, 7], "car_2844": [1, 0], "car_2843": [2, 3], "car_2842": [6, 7], "car_2841": [4, 7], "car_2840": [3, 0], "car_2021": [7, 6], "car_2020": [5, 2], "car_2023": [6, 3], "car_2022": [3, 4], "car_2025": [2, 3], "car_2024": [0, 7], "car_2027": [4, 0], "car_2026": [3, 0], "car_2948": [5, 7], "car_2520": [1, 6], "car_1008": [4, 0], "car_1009": [6, 1], "car_1006": [7, 0], "car_1007": [1, 0], "car_1004": [6, 1], "car_1005": [0, 4], "car_1002": [3, 2], "car_1003": [4, 1], "car_1000": [0, 6], "car_1001": [7, 2], "car_2398": [4, 2], "car_2629": [4, 5], "car_2524": [7, 6], "car_2628": [2, 7], "car_3310": [0, 5], "car_2525": [3, 7], "car_2995": [5, 1], "car_2674": [4, 3], "car_1924": [3, 1], "car_2994": [0, 4], "car_2527": [6, 4], "car_2997": [1, 5], "car_36": [0, 4], "car_37": [2, 4], "car_34": [4, 3], "car_35": [6, 1], "car_888": [6, 0], "car_889": [0, 3], "car_30": [5, 7], "car_31": [7, 3], "car_884": [7, 5], "car_885": [1, 0], "car_886": [3, 0], "car_887": [4, 0], "car_880": [6, 0], "car_881": [0, 5], "car_882": [2, 5], "car_883": [5, 2], "car_2449": [5, 0], "car_2448": [2, 7], "car_2119": [7, 4], "car_2118": [5, 1], "car_2115": [4, 1], "car_2114": [1, 3], "car_2117": [0, 6], "car_2116": [6, 4], "car_2111": [0, 4], "car_2110": [4, 7], "car_2113": [7, 4], "car_2112": [2, 3], "car_1644": [3, 7], "car_1645": [6, 5], "car_1646": [0, 1], "car_1647": [2, 6], "car_1640": [0, 5], "car_1641": [5, 3], "car_1642": [7, 1], "car_1643": [1, 7], "car_3312": [5, 6], "car_1648": [5, 4], "car_1649": [7, 2], "car_2599": [7, 1], "car_2159": [1, 5], "car_2158": [5, 4], "car_2591": [5, 2], "car_2590": [0, 3], "car_2593": [1, 4], "car_2592": [7, 2], "car_2595": [6, 3], "car_2594": [3, 5], "car_2597": [2, 3], "car_2596": [0, 7], "car_3313": [1, 4], "car_2677": [2, 6], "car_2608": [6, 2], "car_408": [1, 5], "car_409": [4, 1], "car_2203": [4, 6], "car_2202": [3, 5], "car_2205": [2, 7], "car_2204": [0, 3], "car_2207": [1, 0], "car_2206": [7, 1], "car_400": [0, 2], "car_401": [2, 7], "car_402": [1, 2], "car_403": [3, 7], "car_404": [4, 1], "car_405": [0, 4], "car_406": [2, 5], "car_407": [7, 2], "car_1769": [1, 4], "car_3080": [5, 7], "car_3081": [7, 0], "car_3082": [1, 2], "car_3083": [3, 2], "car_3084": [4, 1], "car_3085": [6, 2], "car_3086": [0, 3], "car_3087": [2, 3], "car_3088": [5, 2], "car_3089": [1, 4], "car_2973": [1, 0], "car_534": [3, 6], "car_535": [6, 0], "car_536": [0, 6], "car_537": [2, 7], "car_530": [2, 3], "car_531": [5, 1], "car_532": [7, 2], "car_533": [1, 3], "car_3246": [4, 5], "car_3247": [6, 5], "car_3244": [7, 2], "car_3245": [1, 0], "car_538": [7, 1], "car_539": [1, 0], "car_3240": [6, 5], "car_3241": [0, 3], "car_2972": [7, 5], "car_3317": [2, 3], "car_2310": [6, 2], "car_659": [5, 3], "car_658": [6, 1], "car_651": [0, 5], "car_650": [6, 3], "car_653": [5, 7], "car_652": [2, 1], "car_655": [1, 4], "car_654": [7, 5], "car_657": [4, 0], "car_656": [3, 5], "car_2970": [0, 3], "car_2907": [7, 6], "car_2977": [0, 7], "car_2909": [3, 1], "car_2976": [6, 2], "car_2434": [4, 5], "car_1929": [7, 1], "car_2195": [1, 3], "car_2194": [7, 6], "car_1764": [6, 3], "car_2197": [6, 7], "car_2196": [4, 6], "car_2191": [0, 7], "car_1928": [5, 6], "car_2190": [6, 1], "car_2193": [5, 1], "car_1909": [7, 0], "car_1908": [5, 4], "car_1907": [2, 7], "car_1763": [4, 0], "car_1905": [6, 2], "car_1904": [4, 0], "car_1903": [1, 4], "car_1902": [7, 1], "car_1901": [5, 2], "car_1900": [2, 7], "car_1349": [6, 1], "car_1348": [3, 1], "car_1762": [3, 2], "car_1341": [7, 3], "car_1340": [2, 6], "car_1343": [0, 6], "car_1342": [4, 3], "car_1345": [5, 3], "car_1344": [2, 0], "car_1347": [1, 6], "car_1346": [7, 1], "car_3234": [2, 7], "car_3219": [6, 7], "car_2753": [6, 3], "car_3231": [1, 0], "car_2752": [4, 6], "car_3230": [7, 3], "car_2698": [2, 3], "car_1833": [0, 7], "car_1832": [4, 6], "car_349": [6, 0], "car_348": [3, 0], "car_1837": [3, 6], "car_1836": [7, 0], "car_1835": [5, 7], "car_1834": [2, 4], "car_343": [3, 7], "car_342": [1, 2], "car_341": [7, 2], "car_340": [0, 7], "car_347": [1, 6], "car_346": [7, 3], "car_345": [6, 4], "car_344": [4, 5], "car_2325": [2, 0], "car_1129": [5, 0], "car_1128": [0, 5], "car_2979": [5, 1], "car_1125": [0, 5], "car_1124": [6, 2], "car_1127": [6, 4], "car_1126": [7, 0], "car_1121": [5, 4], "car_1120": [0, 5], "car_1123": [4, 0], "car_1122": [7, 4], "car_1402": [0, 4], "car_2320": [1, 3], "car_1403": [7, 3], "car_2321": [3, 1], "car_1400": [3, 5], "car_1401": [6, 4], "car_2978": [2, 4], "car_1406": [0, 1], "car_1407": [2, 7], "car_2902": [3, 2], "car_2903": [6, 4], "car_2900": [5, 0], "car_2901": [1, 6], "car_2906": [5, 1], "car_1404": [4, 3], "car_2904": [0, 1], "car_2905": [2, 0], "car_2908": [1, 5], "car_1405": [6, 0], "car_2058": [5, 3], "car_2059": [1, 7], "car_2054": [3, 2], "car_2055": [4, 5], "car_2056": [6, 5], "car_2057": [0, 2], "car_2050": [2, 0], "car_2051": [5, 6], "car_2052": [7, 1], "car_2053": [1, 7], "car_1011": [2, 5], "car_1010": [0, 7], "car_1013": [1, 3], "car_1012": [7, 4], "car_1015": [6, 7], "car_1014": [4, 0], "car_1017": [7, 6], "car_1016": [5, 2], "car_1019": [4, 0], "car_1018": [1, 2], "car_2690": [3, 4], "car_2691": [4, 6], "car_2696": [4, 3], "car_2697": [6, 4], "car_2694": [7, 2], "car_2695": [3, 2], "car_2790": [6, 2], "car_25": [1, 3], "car_24": [7, 3], "car_27": [4, 6], "car_26": [3, 5], "car_21": [4, 7], "car_20": [3, 1], "car_23": [2, 4], "car_22": [0, 7], "car_29": [2, 1], "car_28": [0, 7], "car_2478": [0, 2], "car_2479": [2, 0], "car_2476": [3, 7], "car_2477": [6, 1], "car_2474": [7, 1], "car_2475": [1, 3], "car_2472": [0, 7], "car_2473": [5, 6], "car_2470": [5, 4], "car_2471": [1, 7], "car_1657": [3, 1], "car_1656": [1, 3], "car_1655": [7, 5], "car_1654": [2, 1], "car_1653": [0, 6], "car_1652": [6, 2], "car_1651": [3, 0], "car_1650": [1, 7], "car_1659": [6, 1], "car_1658": [4, 2], "car_2878": [4, 7], "car_2879": [6, 7], "car_2872": [5, 3], "car_2873": [7, 0], "car_2870": [0, 3], "car_2871": [2, 7], "car_2876": [7, 1], "car_2877": [3, 4], "car_2874": [3, 1], "car_2875": [4, 7], "car_2688": [7, 1], "car_1969": [7, 5], "car_2315": [2, 4], "car_1843": [3, 4], "car_3211": [1, 4], "car_435": [7, 0], "car_434": [5, 6], "car_437": [4, 2], "car_436": [3, 4], "car_431": [6, 3], "car_430": [4, 5], "car_433": [2, 5], "car_432": [0, 4], "car_1846": [5, 6], "car_439": [0, 5], "car_438": [6, 7], "car_1847": [1, 6], "car_2274": [3, 0], "car_2275": [4, 3], "car_2276": [6, 2], "car_2277": [0, 4], "car_2270": [2, 3], "car_2271": [5, 2], "car_2272": [7, 0], "car_2273": [1, 0], "car_1845": [2, 3], "car_2278": [2, 0], "car_2279": [5, 4], "car_1848": [3, 0], "car_2289": [5, 3], "car_1968": [2, 4], "car_1849": [4, 7], "car_2288": [2, 7], "car_1965": [7, 1], "car_3370": [2, 4], "car_1964": [2, 3], "car_3093": [5, 2], "car_3092": [0, 5], "car_3091": [4, 5], "car_3090": [3, 4], "car_3097": [5, 3], "car_3096": [2, 6], "car_3095": [4, 3], "car_3094": [1, 7], "car_3376": [5, 0], "car_3099": [1, 3], "car_3098": [7, 0], "car_3311": [2, 4], "car_501": [1, 0], "car_500": [7, 0], "car_503": [7, 3], "car_502": [4, 6], "car_505": [3, 5], "car_504": [1, 4], "car_507": [0, 2], "car_506": [6, 7], "car_509": [7, 4], "car_508": [2, 6], "car_2302": [4, 1], "car_2303": [6, 5], "car_2304": [0, 3], "car_2305": [2, 0], "car_2306": [5, 3], "car_2307": [7, 2], "car_2281": [1, 6], "car_1745": [7, 3], "car_2280": [7, 2], "car_3378": [1, 3], "car_3379": [3, 7], "car_2960": [5, 3], "car_646": [6, 1], "car_647": [5, 3], "car_644": [5, 7], "car_645": [3, 4], "car_642": [6, 0], "car_643": [2, 3], "car_640": [1, 2], "car_641": [3, 2], "car_2314": [0, 3], "car_648": [7, 4], "car_649": [1, 4], "car_2961": [7, 5], "car_2576": [6, 7], "car_2526": [4, 0], "car_1830": [6, 7], "car_2673": [1, 3], "car_2962": [1, 7], "car_2570": [7, 2], "car_2681": [4, 1], "car_2999": [6, 2], "car_2420": [6, 4], "car_2963": [4, 0], "car_2680": [3, 7], "car_2854": [5, 7], "car_2964": [0, 5], "car_2683": [0, 6], "car_1932": [6, 2], "car_1933": [7, 0], "car_1930": [1, 2], "car_1931": [4, 0], "car_1936": [6, 4], "car_1937": [0, 4], "car_1934": [1, 7], "car_1935": [4, 5], "car_1938": [2, 5], "car_1939": [7, 5], "car_2682": [6, 7], "car_1717": [7, 3], "car_1338": [4, 3], "car_1339": [6, 2], "car_1334": [2, 5], "car_1335": [5, 4], "car_1336": [1, 0], "car_1337": [3, 7], "car_1330": [2, 5], "car_1331": [5, 6], "car_1332": [3, 0], "car_1333": [6, 4], "car_1711": [1, 2], "car_2998": [4, 1], "car_358": [3, 2], "car_359": [4, 0], "car_1804": [2, 7], "car_1805": [7, 5], "car_1802": [6, 2], "car_1803": [0, 4], "car_1800": [1, 4], "car_1801": [4, 6], "car_350": [2, 0], "car_351": [5, 6], "car_352": [1, 2], "car_353": [6, 0], "car_354": [0, 3], "car_355": [2, 6], "car_356": [5, 4], "car_357": [7, 1], "car_1482": [1, 3], "car_1483": [4, 7], "car_1480": [5, 3], "car_1481": [7, 3], "car_1486": [5, 6], "car_1487": [7, 3], "car_1484": [0, 6], "car_1485": [2, 0], "car_1488": [1, 2], "car_1489": [3, 4], "car_1240": [5, 2], "car_1241": [1, 3], "car_1242": [3, 0], "car_1243": [6, 0], "car_1244": [0, 4], "car_1245": [5, 0], "car_1246": [1, 5], "car_1247": [3, 0], "car_1248": [4, 2], "car_1249": [6, 5], "car_1747": [3, 2], "car_2374": [2, 1], "car_1879": [3, 7], "car_2917": [5, 3], "car_2916": [2, 7], "car_2911": [0, 4], "car_2910": [4, 6], "car_2913": [5, 7], "car_2912": [2, 7], "car_2919": [1, 5], "car_2918": [7, 0], "car_2049": [0, 5], "car_2048": [6, 3], "car_2047": [4, 6], "car_2046": [7, 6], "car_2045": [5, 0], "car_2044": [2, 3], "car_2043": [0, 6], "car_2042": [6, 1], "car_2041": [4, 1], "car_2040": [1, 2], "car_1064": [1, 6], "car_1065": [3, 1], "car_1066": [4, 6], "car_1067": [6, 7], "car_1060": [0, 7], "car_1061": [2, 7], "car_1062": [5, 7], "car_1063": [7, 4], "car_2685": [7, 0], "car_2684": [2, 4], "car_2687": [5, 6], "car_2686": [3, 7], "car_1068": [0, 5], "car_1069": [2, 6], "car_1798": [5, 6], "car_1799": [7, 2], "car_10": [3, 1], "car_11": [6, 7], "car_12": [2, 0], "car_13": [7, 5], "car_14": [1, 3], "car_15": [6, 1], "car_16": [2, 0], "car_17": [5, 1], "car_18": [7, 0], "car_19": [1, 0], "car_2461": [3, 1], "car_2460": [1, 0], "car_1668": [5, 3], "car_1669": [3, 6], "car_2465": [3, 0], "car_2464": [7, 3], "car_2467": [6, 5], "car_2466": [4, 6], "car_1662": [7, 3], "car_1663": [1, 0], "car_1660": [2, 1], "car_1661": [5, 6], "car_1666": [0, 7], "car_1667": [2, 4], "car_1664": [3, 6], "car_1665": [6, 5], "car_1468": [2, 4], "car_1469": [5, 7], "car_1460": [0, 2], "car_1461": [5, 6], "car_1462": [7, 3], "car_1463": [1, 6], "car_1464": [3, 2], "car_1465": [4, 7], "car_1466": [6, 3], "car_1467": [0, 6], "car_2699": [5, 3], "car_2869": [6, 4], "car_2868": [4, 6], "car_2865": [7, 1], "car_2864": [2, 0], "car_2867": [3, 6], "car_2866": [1, 6], "car_2861": [3, 7], "car_2860": [1, 7], "car_2863": [6, 0], "car_2862": [4, 5], "car_2648": [0, 7], "car_422": [6, 5], "car_423": [2, 4], "car_420": [3, 2], "car_421": [4, 7], "car_426": [6, 7], "car_427": [0, 5], "car_424": [7, 3], "car_425": [4, 2], "car_3318": [5, 1], "car_3319": [7, 2], "car_428": [5, 7], "car_429": [1, 0], "car_2377": [4, 1], "car_2267": [1, 6], "car_2266": [7, 0], "car_2265": [5, 0], "car_2264": [2, 4], "car_2263": [6, 0], "car_2262": [4, 5], "car_2261": [3, 4], "car_2260": [1, 0], "car_2371": [3, 4], "car_2269": [0, 3], "car_2268": [3, 1], "car_2373": [0, 5], "car_2372": [4, 1], "car_2008": [7, 6], "car_2370": [1, 5], "car_3224": [2, 0], "car_3225": [5, 0], "car_2319": [2, 6], "car_2318": [3, 7], "car_3220": [0, 7], "car_3221": [7, 6], "car_518": [7, 0], "car_519": [1, 7], "car_516": [0, 4], "car_517": [2, 4], "car_514": [1, 7], "car_515": [4, 5], "car_512": [2, 7], "car_513": [7, 4], "car_510": [3, 1], "car_511": [4, 0], "car_1870": [0, 3], "car_2692": [0, 2], "car_2444": [1, 4], "car_633": [1, 3], "car_632": [7, 1], "car_631": [0, 4], "car_630": [4, 0], "car_637": [0, 4], "car_636": [6, 3], "car_635": [4, 1], "car_634": [3, 6], "car_2675": [6, 2], "car_639": [7, 5], "car_638": [2, 3], "car_3138": [1, 5], "car_3139": [3, 1], "car_2693": [5, 4], "car_3130": [2, 6], "car_3131": [5, 6], "car_3132": [7, 6], "car_3133": [1, 0], "car_3134": [4, 7], "car_3135": [0, 2], "car_3136": [2, 1], "car_3137": [5, 3], "car_189": [0, 2], "car_188": [6, 1], "car_185": [1, 7], "car_184": [7, 0], "car_187": [4, 2], "car_186": [3, 1], "car_181": [6, 3], "car_180": [4, 2], "car_183": [5, 1], "car_182": [2, 7], "car_749": [5, 7], "car_748": [2, 5], "car_747": [0, 5], "car_746": [6, 2], "car_745": [1, 7], "car_744": [5, 6], "car_743": [2, 6], "car_742": [4, 2], "car_741": [1, 0], "car_740": [7, 2], "car_2131": [6, 5], "car_3316": [6, 3], "car_2618": [1, 5], "car_299": [3, 4], "car_298": [1, 7], "car_1927": [2, 4], "car_1926": [0, 1], "car_1921": [5, 7], "car_1920": [2, 4], "car_1923": [1, 4], "car_1922": [7, 4], "car_291": [1, 6], "car_290": [7, 0], "car_293": [4, 3], "car_292": [3, 0], "car_295": [2, 3], "car_294": [6, 2], "car_297": [7, 2], "car_296": [5, 6], "car_1329": [0, 5], "car_1328": [6, 7], "car_1327": [4, 3], "car_1326": [3, 7], "car_1325": [1, 0], "car_1324": [7, 6], "car_1323": [2, 6], "car_1322": [4, 0], "car_1321": [3, 6], "car_1320": [1, 4], "car_365": [1, 3], "car_364": [7, 0], "car_367": [4, 6], "car_366": [3, 2], "car_361": [0, 3], "car_360": [6, 4], "car_363": [5, 6], "car_362": [2, 0], "car_1811": [7, 2], "car_1810": [5, 0], "car_1813": [0, 3], "car_1812": [4, 6], "car_369": [1, 6], "car_368": [0, 5], "car_1817": [4, 3], "car_1816": [3, 7], "car_167": [7, 6], "car_166": [5, 6], "car_165": [0, 2], "car_164": [6, 5], "car_163": [4, 5], "car_162": [3, 2], "car_161": [1, 0], "car_160": [7, 1], "car_169": [4, 0], "car_168": [3, 4], "car_1495": [7, 2], "car_1494": [5, 2], "car_1497": [3, 6], "car_1496": [1, 5], "car_1491": [6, 1], "car_1490": [4, 2], "car_1493": [2, 1], "car_1492": [0, 7], "car_1499": [5, 6], "car_1498": [4, 3], "car_1253": [4, 2], "car_1252": [1, 0], "car_1251": [7, 5], "car_1250": [0, 5], "car_1257": [5, 1], "car_1256": [2, 0], "car_1255": [0, 7], "car_1254": [6, 2], "car_2850": [4, 6], "car_1259": [3, 0], "car_1258": [1, 4], "car_2851": [6, 5], "car_1868": [3, 1], "car_2852": [0, 2], "car_2853": [2, 7], "car_3248": [0, 6], "car_1789": [4, 3], "car_1788": [3, 2], "car_2070": [7, 1], "car_2071": [1, 2], "car_2076": [7, 4], "car_2077": [1, 5], "car_2074": [2, 0], "car_2075": [5, 4], "car_1781": [1, 4], "car_1780": [7, 3], "car_1783": [0, 5], "car_1782": [3, 6], "car_1785": [5, 4], "car_1784": [2, 6], "car_1787": [1, 6], "car_1786": [7, 1], "car_1077": [7, 2], "car_1076": [5, 7], "car_1075": [2, 3], "car_1074": [0, 1], "car_1073": [6, 1], "car_1072": [3, 5], "car_1071": [1, 6], "car_1070": [7, 6], "car_2678": [7, 3], "car_2679": [1, 0], "car_1079": [3, 6], "car_1078": [1, 6], "car_3257": [5, 1], "car_2139": [2, 4], "car_3256": [2, 1], "car_2034": [3, 5], "car_2300": [1, 4], "car_2035": [4, 1], "car_2301": [3, 1], "car_2032": [7, 6], "car_2033": [1, 0], "car_2996": [7, 3], "car_2138": [3, 4], "car_985": [1, 7], "car_984": [7, 3], "car_987": [4, 6], "car_986": [3, 7], "car_981": [0, 7], "car_980": [6, 7], "car_983": [5, 1], "car_982": [2, 5], "car_1675": [6, 5], "car_1674": [4, 3], "car_1677": [2, 0], "car_1676": [0, 7], "car_989": [0, 7], "car_988": [6, 0], "car_1673": [7, 0], "car_1672": [2, 7], "car_2784": [7, 1], "car_2785": [3, 5], "car_1479": [2, 1], "car_1478": [0, 4], "car_2780": [1, 2], "car_2781": [4, 2], "car_2782": [6, 3], "car_2783": [2, 3], "car_1473": [5, 0], "car_1472": [6, 7], "car_1471": [3, 6], "car_1470": [7, 4], "car_1477": [6, 5], "car_1476": [4, 6], "car_1475": [3, 6], "car_1474": [7, 0], "car_2890": [3, 0], "car_2891": [4, 6], "car_2892": [6, 4], "car_2893": [2, 0], "car_2894": [7, 2], "car_1743": [2, 3], "car_2896": [4, 2], "car_2897": [6, 2], "car_2898": [0, 6], "car_2899": [2, 3], "car_1742": [0, 1], "car_2990": [5, 7], "car_2528": [2, 7], "car_2529": [5, 1], "car_2258": [5, 7], "car_2259": [7, 2], "car_3307": [3, 0], "car_2689": [1, 2], "car_3305": [7, 3], "car_3304": [0, 2], "car_2252": [7, 0], "car_2253": [4, 5], "car_2250": [2, 4], "car_2251": [5, 0], "car_2256": [4, 3], "car_2257": [6, 4], "car_2254": [1, 2], "car_2255": [3, 0], "car_2098": [0, 5], "car_2099": [2, 6], "car_2090": [7, 6], "car_2091": [3, 5], "car_2092": [6, 3], "car_2093": [0, 5], "car_2094": [2, 3], "car_2095": [3, 1], "car_2096": [4, 7], "car_2097": [6, 3], "car_2992": [3, 1], "car_3237": [1, 0], "car_3236": [7, 2], "car_569": [0, 7], "car_568": [6, 2], "car_3233": [6, 2], "car_3232": [4, 2], "car_2328": [3, 4], "car_2329": [4, 3], "car_563": [6, 2], "car_562": [4, 0], "car_561": [3, 2], "car_560": [7, 3], "car_567": [4, 2], "car_566": [1, 7], "car_565": [7, 3], "car_564": [0, 4], "car_2331": [2, 3], "car_620": [6, 5], "car_621": [0, 1], "car_622": [2, 7], "car_623": [5, 0], "car_624": [7, 3], "car_625": [6, 4], "car_626": [2, 4], "car_627": [5, 6], "car_628": [1, 4], "car_629": [3, 1], "car_1869": [6, 7], "car_3129": [6, 3], "car_3128": [4, 7], "car_3123": [3, 2], "car_3122": [1, 2], "car_3121": [7, 6], "car_3120": [5, 3], "car_3127": [3, 6], "car_3126": [7, 3], "car_3125": [5, 6], "car_3124": [2, 7], "car_1866": [5, 6], "car_1867": [1, 3], "car_198": [3, 1], "car_199": [4, 6], "car_2831": [1, 6], "car_192": [7, 5], "car_193": [1, 2], "car_190": [2, 3], "car_191": [5, 7], "car_196": [5, 6], "car_197": [7, 6], "car_194": [3, 2], "car_195": [0, 6], "car_758": [0, 2], "car_759": [5, 1], "car_754": [7, 1], "car_755": [3, 1], "car_756": [4, 5], "car_757": [6, 7], "car_750": [1, 4], "car_751": [4, 1], "car_752": [2, 0], "car_753": [5, 3], "car_1940": [3, 2], "car_3355": [7, 0], "car_2991": [7, 2], "car_3299": [5, 3], "car_3298": [0, 3], "car_286": [4, 3], "car_287": [0, 7], "car_284": [7, 6], "car_285": [1, 0], "car_282": [2, 4], "car_283": [5, 2], "car_280": [1, 2], "car_281": [4, 0], "car_3353": [2, 4], "car_1949": [1, 6], "car_288": [2, 4], "car_289": [5, 2], "car_1948": [7, 2], "car_2791": [0, 5], "car_1312": [0, 4], "car_1313": [2, 3], "car_1310": [4, 2], "car_1311": [6, 1], "car_1316": [6, 3], "car_1317": [0, 7], "car_1314": [7, 2], "car_1315": [4, 5], "car_1318": [2, 1], "car_1319": [5, 0], "car_2450": [7, 0], "car_2451": [3, 7], "car_2452": [6, 7], "car_372": [0, 2], "car_373": [7, 2], "car_370": [3, 7], "car_371": [4, 5], "car_376": [0, 1], "car_377": [2, 7], "car_374": [4, 6], "car_375": [6, 2], "car_1864": [6, 2], "car_1865": [0, 6], "car_378": [5, 1], "car_379": [1, 4], "car_1860": [5, 0], "car_1861": [7, 6], "car_1862": [1, 0], "car_1863": [4, 7], "car_174": [6, 2], "car_175": [0, 4], "car_176": [2, 0], "car_177": [5, 2], "car_170": [0, 2], "car_171": [2, 3], "car_172": [5, 0], "car_173": [7, 5], "car_2457": [6, 0], "car_178": [7, 5], "car_179": [3, 5], "car_2338": [7, 2], "car_1266": [6, 3], "car_1267": [2, 5], "car_1264": [7, 5], "car_1265": [3, 1], "car_1262": [0, 3], "car_1263": [5, 4], "car_1260": [4, 2], "car_1261": [6, 2], "car_2949": [3, 2], "car_1268": [5, 2], "car_1269": [7, 3], "car_3371": [5, 2], "car_2406": [6, 2], "car_2065": [1, 7], "car_2064": [7, 3], "car_1048": [0, 7], "car_1049": [5, 0], "car_2061": [6, 4], "car_2060": [3, 4], "car_2063": [2, 5], "car_2062": [0, 2], "car_1042": [5, 1], "car_1043": [7, 1], "car_1040": [0, 4], "car_1041": [2, 6], "car_1046": [4, 7], "car_1047": [6, 0], "car_1044": [1, 6], "car_1045": [3, 4], "car_2663": [3, 7], "car_2662": [1, 4], "car_2661": [7, 0], "car_2660": [5, 7], "car_2667": [7, 5], "car_2666": [5, 2], "car_2665": [0, 1], "car_2664": [6, 1], "car_2669": [0, 2], "car_2668": [6, 7], "car_2404": [3, 1], "car_78": [0, 1], "car_79": [7, 1], "car_72": [2, 7], "car_73": [5, 6], "car_70": [6, 0], "car_71": [0, 3], "car_76": [3, 0], "car_77": [4, 1], "car_74": [7, 3], "car_75": [1, 0], "car_992": [1, 7], "car_993": [3, 0], "car_990": [2, 4], "car_991": [7, 0], "car_996": [2, 0], "car_997": [5, 3], "car_994": [4, 5], "car_995": [0, 1], "car_1688": [2, 3], "car_1689": [7, 1], "car_998": [1, 4], "car_999": [3, 7], "car_2409": [5, 1], "car_2408": [2, 0], "car_2797": [2, 5], "car_2796": [0, 1], "car_2795": [6, 3], "car_2794": [3, 5], "car_2793": [7, 2], "car_2792": [5, 7], "car_1448": [5, 7], "car_1449": [1, 3], "car_1446": [4, 1], "car_1447": [2, 3], "car_1444": [7, 5], "car_1445": [1, 7], "car_1442": [2, 6], "car_1443": [5, 2], "car_1440": [6, 7], "car_1441": [0, 2], "car_2883": [3, 4], "car_2882": [1, 4], "car_2881": [2, 0], "car_2798": [5, 4], "car_2887": [2, 6], "car_2886": [0, 4], "car_2885": [6, 1], "car_2884": [4, 1], "car_2889": [1, 5], "car_2888": [5, 4], "car_2401": [5, 7], "car_2986": [4, 6], "car_3336": [5, 6], "car_3337": [7, 0], "car_2539": [6, 7], "car_2538": [4, 7], "car_2249": [0, 2], "car_2248": [6, 7], "car_3330": [7, 1], "car_3331": [3, 5], "car_2245": [1, 4], "car_2244": [7, 3], "car_2247": [4, 3], "car_2246": [3, 5], "car_2241": [3, 4], "car_2240": [1, 7], "car_2243": [0, 1], "car_2242": [6, 7], "car_2089": [2, 0], "car_2088": [0, 3], "car_2083": [7, 6], "car_2082": [5, 1], "car_2081": [0, 4], "car_2080": [6, 1], "car_2087": [6, 3], "car_2086": [4, 6], "car_2085": [3, 1], "car_2084": [1, 5], "car_3180": [3, 7], "car_3183": [2, 5], "car_3239": [4, 3], "car_2984": [7, 6], "car_3208": [2, 4], "car_3209": [5, 2], "car_3202": [7, 5], "car_3203": [1, 6], "car_3200": [4, 6], "car_3186": [1, 4], "car_3206": [6, 7], "car_3207": [0, 7], "car_3204": [3, 6], "car_3205": [4, 0], "car_578": [3, 7], "car_579": [0, 4], "car_2333": [1, 3], "car_2332": [5, 2], "car_2335": [4, 6], "car_2334": [3, 1], "car_2337": [0, 5], "car_553": [1, 4], "car_570": [2, 6], "car_571": [5, 2], "car_572": [7, 1], "car_573": [1, 4], "car_574": [4, 1], "car_806": [1, 0], "car_576": [7, 6], "car_577": [1, 3], "car_807": [3, 6], "car_800": [5, 3], "car_801": [4, 3], "car_802": [6, 4], "car_2192": [2, 7], "car_803": [2, 3], "car_2067": [6, 5], "car_2066": [4, 6], "car_619": [1, 2], "car_618": [7, 4], "car_3377": [7, 4], "car_615": [6, 5], "car_614": [4, 1], "car_617": [5, 7], "car_616": [2, 6], "car_611": [7, 6], "car_610": [5, 3], "car_613": [3, 0], "car_612": [1, 2], "car_2151": [5, 6], "car_3118": [6, 5], "car_3119": [0, 1], "car_3116": [2, 5], "car_3117": [3, 1], "car_3114": [3, 7], "car_3115": [0, 5], "car_3112": [7, 0], "car_3113": [1, 0], "car_3110": [2, 6], "car_3111": [5, 3], "car_2704": [6, 7], "car_2705": [0, 2], "car_2706": [5, 4], "car_2150": [2, 1], "car_2707": [7, 4], "car_2069": [5, 3], "car_2068": [0, 6], "car_2702": [3, 2], "car_2703": [4, 3], "car_769": [5, 2], "car_768": [2, 0], "car_2567": [6, 5], "car_761": [4, 5], "car_760": [7, 2], "car_763": [2, 1], "car_762": [0, 6], "car_765": [4, 7], "car_764": [3, 2], "car_767": [0, 7], "car_766": [6, 0], "car_2216": [5, 6], "car_2217": [7, 4], "car_2330": [6, 5], "car_2214": [3, 1], "car_2215": [4, 6], "car_2212": [5, 2], "car_2213": [1, 2], "car_2210": [6, 5], "car_2211": [0, 5], "car_575": [2, 1], "car_3374": [3, 1], "car_1305": [0, 3], "car_1304": [6, 3], "car_1307": [7, 0], "car_1306": [5, 2], "car_1301": [7, 5], "car_1300": [5, 6], "car_1303": [4, 7], "car_1302": [3, 5], "car_1309": [3, 1], "car_1308": [1, 2], "car_389": [5, 7], "car_388": [2, 1], "car_387": [0, 4], "car_386": [4, 5], "car_385": [3, 5], "car_384": [7, 5], "car_383": [5, 6], "car_382": [2, 5], "car_381": [0, 1], "car_380": [4, 1], "car_141": [7, 2], "car_140": [5, 1], "car_143": [3, 4], "car_142": [1, 2], "car_145": [6, 2], "car_144": [4, 6], "car_147": [1, 3], "car_146": [7, 4], "car_149": [6, 5], "car_148": [3, 4], "car_2407": [0, 2], "car_1279": [1, 5], "car_1278": [7, 2], "car_1271": [3, 1], "car_1270": [1, 7], "car_1273": [7, 4], "car_1272": [6, 4], "car_1275": [3, 1], "car_1274": [1, 3], "car_1277": [0, 2], "car_1276": [4, 2], "car_2326": [7, 4], "car_2847": [0, 4], "car_2327": [1, 4], "car_1059": [6, 5], "car_1058": [4, 5], "car_1055": [7, 3], "car_1054": [0, 3], "car_1057": [3, 7], "car_1056": [1, 3], "car_1051": [1, 3], "car_1050": [7, 3], "car_1053": [6, 7], "car_1052": [3, 0], "car_2656": [3, 2], "car_2657": [4, 3], "car_2654": [5, 0], "car_2655": [7, 5], "car_2652": [0, 5], "car_2653": [2, 3], "car_2650": [3, 6], "car_2651": [6, 3], "car_2415": [5, 0], "car_2658": [0, 1], "car_2659": [2, 4], "car_2416": [7, 1], "car_69": [4, 5], "car_68": [3, 5], "car_2438": [1, 3], "car_2439": [4, 5], "car_61": [7, 2], "car_60": [2, 4], "car_63": [3, 4], "car_62": [1, 6], "car_65": [6, 7], "car_64": [4, 5], "car_67": [7, 5], "car_66": [5, 7], "car_1693": [6, 2], "car_1692": [4, 1], "car_1691": [3, 2], "car_1690": [1, 7], "car_1697": [3, 1], "car_1696": [1, 5], "car_969": [2, 5], "car_968": [4, 0], "car_967": [3, 6], "car_966": [1, 4], "car_965": [7, 6], "car_964": [5, 2], "car_963": [2, 6], "car_962": [0, 6], "car_961": [3, 4], "car_960": [1, 7], "car_1451": [0, 6], "car_1450": [4, 1], "car_1453": [5, 6], "car_1452": [2, 3], "car_1455": [4, 1], "car_1454": [7, 6], "car_1457": [1, 2], "car_1456": [2, 0], "car_1459": [6, 2], "car_1458": [3, 2], "car_2410": [7, 5], "car_2837": [5, 4], "car_3329": [2, 0], "car_3328": [6, 4], "car_3175": [6, 2], "car_3321": [4, 1], "car_3320": [3, 5], "car_3323": [2, 3], "car_3322": [6, 4], "car_3325": [1, 6], "car_3279": [5, 0], "car_3327": [4, 5], "car_3326": [3, 5], "car_3278": [2, 4], "car_2411": [1, 6], "car_2508": [5, 0], "car_2509": [7, 2], "car_2506": [6, 5], "car_2507": [2, 4], "car_2504": [1, 3], "car_2505": [3, 0], "car_2502": [0, 6], "car_2503": [5, 0], "car_2500": [4, 0], "car_2501": [6, 1], "car_2737": [5, 7], "car_1680": [6, 4], "car_1681": [0, 5], "car_3173": [5, 4], "car_1682": [2, 4], "car_1683": [5, 7], "car_3272": [0, 6], "car_1684": [7, 4], "car_2736": [0, 4], "car_1685": [1, 4], "car_1891": [1, 4], "car_3270": [3, 2], "car_1686": [3, 0], "car_1890": [7, 6], "car_1687": [4, 5], "car_1893": [6, 1], "car_545": [7, 0], "car_544": [5, 1], "car_547": [3, 7], "car_546": [1, 3], "car_541": [4, 3], "car_540": [3, 4], "car_543": [2, 1], "car_542": [6, 4], "car_3215": [7, 4], "car_1895": [2, 0], "car_3217": [3, 1], "car_3216": [1, 6], "car_549": [6, 0], "car_548": [4, 5], "car_819": [1, 3], "car_818": [7, 4], "car_2344": [4, 5], "car_2345": [6, 3], "car_2346": [2, 7], "car_2347": [5, 4], "car_2340": [4, 7], "car_1897": [3, 2], "car_2342": [7, 5], "car_2343": [3, 7], "car_2405": [4, 6], "car_1896": [7, 2], "car_2348": [7, 1], "car_2349": [1, 7], "car_33": [3, 6], "car_1767": [5, 4], "car_1766": [2, 1], "car_1765": [0, 6], "car_608": [4, 6], "car_609": [2, 1], "car_2941": [0, 7], "car_602": [4, 3], "car_603": [6, 0], "car_600": [1, 5], "car_601": [3, 2], "car_606": [7, 4], "car_607": [3, 4], "car_604": [2, 6], "car_605": [5, 3], "car_3101": [4, 7], "car_3100": [3, 4], "car_3103": [2, 6], "car_3102": [0, 2], "car_3105": [7, 5], "car_1761": [7, 4], "car_3107": [4, 1], "car_3106": [1, 2], "car_3109": [0, 3], "car_3108": [6, 3], "car_1760": [5, 0], "car_2799": [7, 4], "car_776": [5, 3], "car_777": [7, 6], "car_774": [0, 2], "car_775": [2, 6], "car_772": [4, 0], "car_773": [6, 7], "car_770": [7, 3], "car_771": [3, 4], "car_1768": [7, 3], "car_778": [1, 0], "car_779": [3, 6], "car_2418": [3, 4], "car_2880": [0, 6], "car_1750": [3, 2], "car_2419": [4, 6], "car_3293": [7, 5], "car_3292": [2, 5], "car_3251": [1, 4], "car_1994": [2, 7], "car_1995": [7, 6], "car_1996": [1, 4], "car_1997": [3, 6], "car_1990": [0, 1], "car_1991": [5, 4], "car_1992": [1, 5], "car_1993": [0, 1], "car_1998": [4, 5], "car_1999": [6, 3], "car_2846": [6, 1], "car_3250": [7, 1], "car_1842": [7, 5], "car_1806": [3, 6], "car_1840": [0, 7], "car_1841": [2, 5], "car_398": [4, 6], "car_399": [6, 3], "car_1844": [0, 3], "car_1807": [6, 7], "car_394": [3, 7], "car_395": [2, 4], "car_396": [1, 6], "car_397": [3, 5], "car_390": [7, 0], "car_391": [3, 5], "car_392": [2, 3], "car_393": [7, 1], "car_158": [2, 6], "car_159": [5, 6], "car_156": [6, 0], "car_157": [0, 1], "car_154": [3, 2], "car_155": [4, 0], "car_152": [5, 4], "car_153": [7, 5], "car_150": [0, 2], "car_151": [2, 7], "car_1208": [0, 4], "car_1209": [5, 1], "car_1204": [1, 2], "car_1205": [3, 4], "car_1206": [4, 2], "car_1207": [6, 0], "car_1200": [0, 5], "car_1201": [2, 4], "car_1202": [5, 7], "car_1203": [7, 4], "car_2601": [4, 7], "car_2403": [1, 2], "car_3252": [3, 7], "car_3334": [0, 2], "car_3335": [2, 4], "car_1808": [0, 5], "car_3255": [0, 5], "car_3332": [4, 7], "car_1809": [2, 0], "car_3333": [6, 1], "car_2649": [2, 0], "car_2612": [1, 2], "car_2613": [3, 4], "car_2641": [3, 0], "car_2640": [1, 4], "car_2643": [0, 5], "car_2642": [6, 2], "car_2645": [7, 2], "car_2644": [5, 4], "car_2647": [6, 4], "car_2646": [3, 6], "car_1510": [0, 7], "car_1511": [2, 7], "car_1512": [5, 3], "car_1513": [7, 5], "car_1514": [3, 0], "car_1515": [4, 0], "car_1516": [6, 4], "car_1517": [2, 1], "car_1518": [5, 3], "car_1519": [7, 5], "car_2531": [3, 0], "car_2965": [2, 7], "car_2530": [7, 1], "car_2966": [7, 3], "car_3366": [3, 1], "car_2537": [3, 7], "car_2967": [1, 2], "car_2536": [1, 6], "car_2968": [4, 6], "car_2855": [1, 6], "car_1198": [4, 5], "car_1199": [6, 5], "car_2969": [6, 1], "car_1194": [0, 3], "car_1195": [5, 4], "car_1196": [7, 6], "car_1197": [3, 5], "car_1190": [4, 1], "car_1191": [1, 4], "car_1192": [3, 6], "car_1193": [6, 1], "car_2619": [4, 3], "car_2429": [4, 2], "car_2428": [3, 7], "car_2425": [2, 4], "car_2424": [3, 1], "car_2427": [1, 5], "car_2426": [5, 4], "car_2421": [0, 3], "car_2126": [3, 1], "car_2423": [1, 4], "car_2422": [5, 0], "car_2856": [6, 1], "car_2127": [0, 2], "car_978": [3, 2], "car_979": [4, 2], "car_974": [6, 7], "car_975": [2, 5], "car_976": [5, 6], "car_977": [7, 5], "car_970": [5, 3], "car_971": [1, 2], "car_972": [3, 5], "car_973": [4, 3], "car_1424": [5, 4], "car_1425": [1, 6], "car_1426": [3, 4], "car_1427": [4, 0], "car_1420": [4, 2], "car_1421": [6, 7], "car_1422": [0, 6], "car_1423": [2, 4], "car_2402": [7, 3], "car_1428": [6, 3], "car_1429": [2, 1], "car_2857": [0, 5], "car_3259": [6, 7], "car_3358": [6, 3], "car_3359": [0, 6], "car_3354": [5, 1], "car_2128": [2, 0], "car_3356": [3, 4], "car_3357": [4, 5], "car_3350": [4, 1], "car_3258": [3, 1], "car_3352": [0, 5], "car_2129": [7, 4], "car_2511": [6, 5], "car_2510": [4, 6], "car_2513": [7, 4], "car_2512": [0, 4], "car_2515": [6, 4], "car_2514": [3, 2], "car_2517": [2, 0], "car_2516": [0, 5], "car_2519": [7, 4], "car_2518": [5, 4], "car_1738": [7, 0], "car_1739": [1, 0], "car_1730": [7, 6], "car_1731": [6, 3], "car_1732": [2, 6], "car_1733": [7, 4], "car_1734": [3, 7], "car_1735": [6, 3], "car_1736": [2, 0], "car_1737": [5, 1], "car_54": [7, 5], "car_55": [1, 2], "car_56": [3, 5], "car_57": [4, 1], "car_50": [6, 4], "car_51": [0, 6], "car_52": [2, 3], "car_53": [5, 4], "car_58": [6, 1], "car_59": [0, 5], "car_2609": [2, 7], "car_552": [7, 6], "car_805": [7, 3], "car_550": [0, 6], "car_551": [5, 2], "car_556": [6, 4], "car_557": [0, 4], "car_554": [3, 2], "car_555": [4, 6], "car_558": [2, 0], "car_559": [5, 3], "car_808": [4, 3], "car_809": [6, 2], "car_2357": [4, 6], "car_2356": [1, 5], "car_2355": [7, 4], "car_2354": [5, 2], "car_2353": [2, 3], "car_2352": [0, 7], "car_2351": [6, 7], "car_2350": [3, 7], "car_2359": [7, 2], "car_2358": [6, 0], "car_1757": [6, 2], "car_2339": [1, 0], "car_2469": [2, 7], "car_3174": [1, 2], "car_2915": [3, 1], "car_3176": [0, 5], "car_3177": [2, 5], "car_3170": [4, 2], "car_3171": [6, 2], "car_3172": [0, 7], "car_2914": [7, 0], "car_3178": [7, 6], "car_3179": [1, 3], "car_3369": [0, 2], "car_2468": [0, 7], "car_703": [4, 0], "car_702": [3, 0], "car_701": [1, 0], "car_700": [7, 2], "car_707": [1, 5], "car_706": [7, 0], "car_705": [2, 1], "car_704": [0, 1], "car_709": [4, 3], "car_708": [3, 7], "car_3008": [5, 2], "car_3009": [7, 3], "car_3000": [2, 7], "car_3001": [5, 4], "car_3002": [1, 2], "car_3003": [3, 4], "car_3004": [4, 0], "car_3005": [6, 0], "car_3006": [0, 6], "car_3007": [2, 6], "car_2221": [5, 4], "car_2308": [1, 2], "car_2400": [2, 4], "car_2309": [4, 3], "car_3201": [6, 1], "car_1987": [3, 7], "car_1986": [1, 7], "car_1985": [7, 4], "car_1984": [5, 7], "car_1983": [0, 4], "car_1982": [6, 5], "car_1981": [4, 0], "car_1980": [3, 2], "car_1989": [6, 0], "car_1988": [4, 1], "car_2768": [4, 5], "car_1855": [3, 5], "car_1796": [0, 6], "car_1857": [6, 3], "car_1856": [4, 5], "car_1851": [0, 7], "car_1850": [6, 1], "car_1853": [7, 6], "car_1797": [2, 6], "car_2336": [6, 5], "car_1859": [2, 6], "car_1794": [4, 5], "car_2230": [0, 3], "car_129": [1, 6], "car_128": [5, 0], "car_2231": [5, 0], "car_123": [1, 3], "car_122": [7, 5], "car_121": [5, 1], "car_120": [4, 7], "car_127": [2, 6], "car_126": [0, 1], "car_125": [4, 7], "car_124": [3, 7], "car_1790": [6, 7], "car_1219": [2, 0], "car_1218": [6, 2], "car_1217": [4, 5], "car_1216": [3, 5], "car_1215": [1, 4], "car_1214": [7, 2], "car_1213": [2, 6], "car_1212": [6, 2], "car_1211": [1, 0], "car_1210": [7, 3], "car_1415": [4, 5], "car_1414": [7, 4], "car_1417": [5, 0], "car_1416": [6, 1], "car_1411": [4, 1], "car_1410": [3, 1], "car_237": [2, 1], "car_236": [6, 5], "car_235": [4, 7], "car_234": [1, 7], "car_233": [7, 5], "car_232": [5, 6], "car_231": [0, 4], "car_230": [6, 1], "car_3372": [7, 5], "car_1412": [6, 1], "car_239": [1, 4], "car_238": [5, 3], "car_2988": [0, 1], "car_2989": [2, 3], "car_2638": [5, 6], "car_2639": [7, 4], "car_2634": [3, 2], "car_2635": [4, 7], "car_2636": [6, 2], "car_2637": [0, 3], "car_2630": [0, 7], "car_2631": [5, 4], "car_2632": [7, 5], "car_2633": [1, 4], "car_1503": [2, 4], "car_1502": [3, 0], "car_1501": [1, 4], "car_1500": [7, 1], "car_1507": [3, 7], "car_1506": [1, 5], "car_1505": [7, 2], "car_1504": [5, 6], "car_3373": [1, 4], "car_1509": [6, 3], "car_1508": [4, 6], "car_1189": [1, 7], "car_1188": [5, 1], "car_1187": [2, 1], "car_1186": [0, 7], "car_1185": [6, 1], "car_1184": [4, 7], "car_1183": [3, 6], "car_1182": [7, 0], "car_1181": [5, 2], "car_1180": [2, 6], "car_2182": [3, 4], "car_2183": [6, 4], "car_2180": [7, 6], "car_2181": [1, 0], "car_2186": [7, 3], "car_2187": [1, 4], "car_2184": [0, 5], "car_2185": [2, 1], "car_2188": [3, 7], "car_2189": [4, 1], "car_949": [6, 1], "car_948": [4, 0], "car_2742": [0, 5], "car_2743": [2, 6], "car_2744": [5, 0], "car_2745": [7, 2], "car_2746": [1, 3], "car_2747": [3, 2], "car_941": [7, 6], "car_940": [2, 6], "car_943": [4, 2], "car_942": [3, 1], "car_945": [2, 4], "car_944": [6, 3], "car_947": [3, 0], "car_946": [1, 7], "car_1437": [2, 4], "car_1436": [0, 5], "car_1435": [6, 7], "car_1434": [4, 0], "car_1433": [3, 1], "car_1432": [1, 7], "car_1431": [7, 3], "car_1430": [5, 2], "car_1439": [3, 4], "car_1438": [1, 3], "car_2238": [5, 1], "car_2823": [0, 1], "car_493": [6, 7], "car_492": [4, 2], "car_491": [3, 4], "car_490": [5, 2], "car_497": [0, 4], "car_496": [4, 2], "car_495": [3, 1], "car_494": [5, 1], "car_3347": [2, 5], "car_3346": [6, 2], "car_499": [5, 0], "car_498": [2, 3], "car_3343": [1, 3], "car_3342": [7, 5], "car_3341": [5, 1], "car_3340": [6, 7], "car_2296": [4, 3], "car_2297": [6, 5], "car_2294": [5, 4], "car_2239": [7, 5], "car_2292": [4, 6], "car_2293": [2, 6], "car_2290": [7, 3], "car_2291": [3, 7], "car_1918": [4, 5], "car_2568": [0, 5], "car_2569": [5, 7], "car_2298": [2, 1], "car_1919": [0, 6], "car_1729": [5, 4], "car_1728": [2, 3], "car_1723": [5, 0], "car_1722": [2, 3], "car_1721": [6, 1], "car_1720": [4, 7], "car_1727": [0, 1], "car_1726": [6, 5], "car_1725": [4, 2], "car_1724": [1, 6], "car_43": [0, 5], "car_42": [6, 0], "car_41": [3, 0], "car_40": [1, 7], "car_47": [2, 4], "car_46": [0, 6], "car_45": [6, 7], "car_44": [1, 3], "car_49": [3, 2], "car_48": [7, 2], "car_1916": [1, 5], "car_3365": [1, 5], "car_1917": [3, 0], "car_3364": [5, 1], "car_3375": [0, 2], "car_3367": [4, 0], "car_1858": [0, 2], "car_831": [4, 3], "car_830": [3, 5], "car_833": [0, 1], "car_832": [6, 5], "car_835": [5, 7], "car_834": [2, 0], "car_837": [3, 1], "car_836": [7, 5], "car_839": [6, 7], "car_838": [4, 5], "car_2360": [1, 3], "car_2361": [3, 1], "car_2366": [3, 1], "car_2367": [4, 2], "car_2364": [0, 7], "car_2365": [5, 2], "car_2168": [2, 1], "car_2169": [7, 5], "car_2160": [4, 1], "car_2161": [6, 4], "car_2162": [0, 2], "car_2163": [7, 0], "car_2164": [1, 4], "car_2165": [4, 7], "car_2166": [6, 4], "car_2167": [0, 2], "car_2810": [0, 6], "car_2811": [2, 5], "car_2812": [5, 3], "car_2813": [3, 1], "car_1941": [4, 0], "car_2814": [4, 2], "car_3055": [1, 0], "car_2815": [0, 1], "car_2544": [3, 7], "car_3235": [5, 6], "car_2817": [5, 6], "car_3167": [5, 6], "car_3166": [2, 6], "car_3165": [4, 1], "car_3164": [1, 0], "car_3163": [7, 3], "car_3162": [5, 7], "car_3161": [2, 3], "car_3160": [6, 1], "car_2463": [2, 3], "car_3169": [3, 4], "car_3168": [7, 0], "car_2462": [0, 5], "car_3309": [6, 7], "car_710": [6, 4], "car_711": [0, 2], "car_712": [3, 6], "car_713": [4, 2], "car_714": [6, 0], "car_715": [0, 6], "car_716": [5, 7], "car_717": [1, 2], "car_718": [3, 1], "car_719": [4, 5], "car_1892": [3, 0], "car_3019": [6, 3], "car_3018": [4, 0], "car_3028": [1, 3], "car_3013": [0, 1], "car_3012": [6, 2], "car_3011": [4, 7], "car_3010": [1, 3], "car_3017": [3, 4], "car_3016": [1, 6], "car_3015": [7, 6], "car_2987": [6, 4], "car_1894": [0, 7], "car_2895": [3, 0], "car_3368": [6, 4], "car_138": [0, 3], "car_139": [2, 0], "car_130": [3, 2], "car_131": [6, 3], "car_132": [0, 6], "car_133": [2, 6], "car_134": [5, 1], "car_135": [1, 5], "car_136": [3, 0], "car_137": [4, 6], "car_1222": [1, 3], "car_1223": [3, 7], "car_1220": [5, 4], "car_1221": [7, 3], "car_1226": [5, 7], "car_1227": [7, 2], "car_1224": [4, 0], "car_1225": [0, 1], "car_1886": [3, 5], "car_1887": [6, 5], "car_1228": [1, 2], "car_1229": [3, 0], "car_1882": [0, 4], "car_1883": [2, 6], "car_1880": [4, 5], "car_1881": [6, 7], "car_2621": [2, 6], "car_224": [3, 7], "car_225": [6, 0], "car_226": [0, 4], "car_227": [5, 1], "car_220": [6, 2], "car_221": [0, 6], "car_222": [2, 7], "car_223": [1, 6], "car_228": [7, 1], "car_229": [1, 0], "car_1086": [4, 7], "car_1087": [6, 3], "car_1084": [7, 2], "car_1085": [1, 0], "car_1082": [2, 5], "car_1083": [5, 3], "car_1080": [4, 3], "car_1081": [0, 1], "car_2627": [0, 4], "car_2626": [6, 2], "car_2625": [3, 5], "car_2624": [1, 4], "car_2623": [7, 0], "car_2622": [5, 7], "car_1088": [2, 6], "car_1089": [5, 0], "car_1536": [3, 0], "car_1537": [6, 4], "car_1534": [5, 2], "car_1535": [7, 5], "car_1532": [6, 3], "car_1533": [2, 5], "car_1530": [1, 7], "car_1531": [3, 7], "car_1538": [0, 4], "car_1539": [2, 5], "car_956": [0, 7], "car_957": [2, 6], "car_954": [3, 4], "car_955": [6, 5], "car_952": [5, 2], "car_953": [1, 0], "car_950": [0, 6], "car_951": [2, 0], "car_1827": [7, 4], "car_2199": [2, 1], "car_2198": [0, 3], "car_958": [5, 6], "car_959": [7, 2], "car_1158": [7, 5], "car_1159": [1, 7], "car_1408": [5, 4], "car_1409": [1, 4], "car_2757": [1, 7], "car_2756": [7, 1], "car_2755": [5, 6], "car_1829": [4, 2], "car_1150": [2, 1], "car_1151": [5, 7], "car_1152": [1, 2], "car_1153": [3, 5], "car_1154": [4, 3], "car_1155": [0, 5], "car_1156": [2, 6], "car_1157": [5, 1], "car_2532": [4, 1], "car_2380": [5, 1], "car_2764": [3, 6], "car_2381": [7, 6], "car_2382": [1, 4], "car_2383": [4, 7], "car_1826": [5, 2], "car_3314": [3, 4], "car_3315": [4, 3], "car_480": [0, 7], "car_481": [2, 0], "car_482": [5, 4], "car_483": [1, 3], "car_484": [0, 3], "car_485": [5, 6], "car_486": [7, 2], "car_487": [1, 6], "car_488": [0, 1], "car_489": [2, 0], "car_2283": [6, 0], "car_2282": [4, 0], "car_2285": [5, 6], "car_2284": [2, 3], "car_2287": [6, 2], "car_2286": [1, 3], "car_2577": [7, 2], "car_853": [7, 0], "car_2575": [4, 7], "car_2574": [1, 3], "car_2573": [4, 7], "car_2572": [3, 6], "car_2571": [1, 6], "car_852": [5, 0], "car_851": [2, 3], "car_2579": [3, 7], "car_2578": [1, 5], "car_582": [1, 6], "car_1718": [1, 0], "car_1719": [3, 4], "car_1716": [5, 4], "car_857": [2, 1], "car_1714": [0, 3], "car_1715": [2, 4], "car_1712": [3, 1], "car_1713": [4, 5], "car_1710": [0, 7], "car_856": [0, 7], "car_2982": [6, 3], "car_1828": [1, 3], "car_855": [4, 5], "car_2983": [0, 1], "car_854": [1, 6], "car_2980": [7, 2], "car_2981": [4, 3], "car_2739": [1, 5], "car_2738": [7, 3], "car_2379": [2, 7], "car_2378": [0, 7], "car_828": [5, 2], "car_829": [7, 6], "car_826": [6, 0], "car_827": [2, 5], "car_824": [3, 6], "car_825": [4, 0], "car_822": [0, 4], "car_823": [1, 2], "car_820": [3, 2], "car_821": [4, 0], "car_2179": [5, 7], "car_2178": [2, 3], "car_2173": [7, 4], "car_2172": [2, 6], "car_2171": [3, 1], "car_2170": [1, 6], "car_2177": [6, 2], "car_2176": [4, 3], "car_2175": [3, 5], "car_2174": [1, 2], "car_3238": [3, 7], "car_2535": [5, 0], "car_3349": [3, 0], "car_3218": [4, 1], "car_3158": [3, 1], "car_3159": [4, 7], "car_2534": [0, 7], "car_3152": [2, 3], "car_3153": [5, 4], "car_3150": [6, 1], "car_3151": [0, 3], "car_3156": [3, 2], "car_3157": [0, 6], "car_3154": [7, 6], "car_3155": [1, 2], "car_729": [7, 1], "car_728": [5, 3], "car_725": [4, 3], "car_724": [3, 4], "car_727": [2, 0], "car_726": [0, 3], "car_721": [0, 2], "car_720": [6, 2], "car_723": [1, 6], "car_722": [7, 1], "car_2708": [1, 2], "car_3029": [3, 6], "car_3026": [0, 2], "car_3027": [5, 3], "car_3024": [4, 7], "car_3025": [6, 0], "car_3022": [7, 0], "car_3023": [1, 6], "car_3020": [0, 4], "car_3021": [2, 7], "car_2620": [0, 7], "car_3275": [1, 7], "car_1795": [6, 4], "car_3274": [5, 0], "car_1792": [5, 1], "car_3226": [7, 3], "car_1793": [7, 2], "car_2440": [6, 5], "car_105": [1, 3], "car_104": [7, 1], "car_107": [0, 6], "car_106": [6, 3], "car_101": [4, 5], "car_100": [1, 0], "car_103": [5, 3], "car_102": [6, 1], "car_1888": [0, 6], "car_109": [5, 4], "car_108": [2, 6], "car_1791": [0, 1], "car_1235": [3, 2], "car_1234": [1, 2], "car_1237": [6, 7], "car_1236": [4, 7], "car_1231": [0, 1], "car_1230": [4, 0], "car_1233": [7, 5], "car_1232": [5, 0], "car_1899": [0, 1], "car_1898": [4, 2], "car_1239": [2, 3], "car_1238": [0, 2], "car_3141": [6, 3], "car_211": [6, 3], "car_210": [4, 0], "car_213": [5, 0], "car_212": [2, 1], "car_215": [4, 5], "car_214": [7, 5], "car_217": [1, 0], "car_216": [6, 5], "car_219": [4, 1], "car_218": [3, 4], "car_2676": [0, 5], "car_1529": [0, 4], "car_1528": [6, 0], "car_2610": [5, 7], "car_2611": [7, 5], "car_2616": [5, 1], "car_2617": [7, 0], "car_2614": [4, 7], "car_2615": [0, 1], "car_1521": [3, 4], "car_1520": [1, 7], "car_1523": [5, 0], "car_1522": [2, 0], "car_1525": [1, 6], "car_1524": [7, 1], "car_1527": [4, 0], "car_1526": [3, 7], "car_3227": [1, 7], "car_2849": [5, 1], "car_2700": [7, 0], "car_2848": [2, 5], "car_2740": [3, 6], "car_3222": [4, 5], "car_2741": [4, 2], "car_3223": [6, 2], "car_2313": [6, 7], "car_2701": [1, 2], "car_2312": [4, 1], "car_2311": [5, 7], "car_923": [5, 4], "car_922": [2, 7], "car_921": [0, 3], "car_920": [6, 7], "car_927": [2, 5], "car_926": [6, 1], "car_925": [3, 1], "car_924": [1, 0], "car_2317": [7, 5], "car_929": [7, 5], "car_928": [5, 3], "car_2316": [5, 2], "car_2766": [6, 3], "car_2748": [6, 4], "car_1149": [0, 7], "car_1148": [4, 7], "car_1419": [3, 5], "car_1418": [1, 5], "car_2760": [0, 2], "car_2749": [5, 3], "car_1143": [5, 1], "car_1142": [2, 0], "car_1141": [0, 2], "car_1140": [3, 6], "car_1147": [3, 6], "car_1146": [0, 1], "car_1145": [4, 7], "car_1144": [7, 5], "car_1099": [2, 6], "car_1098": [0, 1], "car_3385": [6, 7], "car_1091": [0, 2], "car_1090": [7, 0], "car_1093": [7, 4], "car_1092": [5, 4], "car_1095": [3, 7], "car_1094": [1, 3], "car_1097": [6, 5], "car_1096": [4, 6], "car_2818": [7, 4], "car_2819": [1, 6], "car_2548": [0, 2], "car_2549": [7, 6], "car_3361": [7, 4], "car_3360": [5, 4], "car_3363": [2, 6], "car_3362": [4, 5], "car_2542": [5, 0], "car_2543": [7, 1], "car_2540": [0, 7], "car_2541": [2, 1], "car_2546": [7, 1], "car_2547": [1, 2], "car_2521": [0, 7], "car_2545": [2, 6], "car_3384": [4, 3], "car_1701": [7, 6], "car_1700": [5, 0], "car_1703": [3, 6], "car_1702": [1, 7], "car_1705": [0, 4], "car_1704": [6, 5], "car_1707": [5, 2], "car_1706": [2, 7], "car_1709": [6, 3], "car_1708": [1, 6], "car_2522": [2, 1], "car_2523": [5, 7], "car_589": [6, 5], "car_588": [4, 7], "car_859": [1, 3], "car_858": [5, 2], "car_2384": [6, 7], "car_2385": [2, 3], "car_1695": [7, 3], "car_2387": [1, 0], "car_581": [5, 6], "car_580": [2, 0], "car_583": [4, 0], "car_850": [0, 3], "car_585": [5, 3], "car_584": [0, 3], "car_587": [3, 0], "car_586": [7, 0], "car_2002": [7, 2], "car_2148": [3, 2], "car_2149": [0, 5], "car_2146": [6, 2], "car_2147": [1, 3], "car_2144": [3, 0], "car_2145": [4, 7], "car_2142": [2, 3], "car_2143": [7, 6], "car_2140": [4, 6], "car_2141": [0, 1], "car_2985": [1, 2], "car_3149": [3, 4], "car_3148": [5, 6], "car_3145": [1, 7], "car_3144": [5, 4], "car_3147": [6, 7], "car_3146": [4, 7], "car_2779": [7, 2], "car_3140": [4, 1], "car_3143": [2, 3], "car_3142": [0, 1], "car_457": [0, 2], "car_456": [6, 2], "car_455": [3, 5], "car_454": [1, 7], "car_453": [7, 5], "car_452": [5, 7], "car_451": [2, 4], "car_450": [4, 3], "car_3383": [7, 2], "car_3382": [2, 7], "car_3381": [0, 4], "car_1878": [1, 2], "car_459": [1, 6], "car_458": [7, 5], "car_1877": [7, 6], "car_1876": [5, 6], "car_2778": [5, 0], "car_2993": [4, 2], "car_1875": [2, 7], "car_1874": [0, 3], "car_1873": [1, 7], "car_1872": [7, 6], "car_738": [4, 3], "car_739": [0, 3], "car_1871": [2, 1], "car_733": [6, 0], "car_732": [4, 7], "car_32": [1, 3], "car_730": [1, 0], "car_731": [3, 7], "car_736": [1, 3], "car_737": [3, 5], "car_734": [2, 7], "car_735": [7, 6], "car_3031": [6, 0], "car_1976": [6, 0], "car_3033": [2, 1], "car_3032": [0, 3], "car_3035": [3, 5], "car_3034": [7, 1], "car_3037": [6, 0], "car_1977": [0, 6], "car_3039": [2, 6], "car_3038": [0, 5], "car_3348": [7, 4], "car_1698": [6, 3], "car_3345": [4, 2], "car_3344": [3, 1], "car_3030": [4, 1], "car_38": [5, 6], "car_39": [7, 6], "car_2564": [1, 0], "car_2565": [3, 0], "car_3036": [4, 0], "car_2566": [4, 3], "car_2295": [1, 4], "car_1978": [7, 0], "car_2560": [0, 1], "car_1979": [1, 0], "car_2561": [2, 3], "car_2562": [5, 6], "car_2563": [7, 0], "car_2443": [7, 3], "car_2442": [2, 3], "car_3351": [6, 7], "car_2441": [0, 4], "car_112": [0, 7], "car_113": [7, 0], "car_110": [7, 6], "car_111": [4, 0], "car_116": [4, 3], "car_117": [5, 6], "car_114": [1, 0], "car_115": [3, 4], "car_2447": [0, 2], "car_118": [7, 2], "car_119": [3, 5], "car_2446": [6, 5], "car_2445": [3, 4], "car_2299": [7, 1], "car_2533": [6, 0], "car_2453": [2, 7], "car_2454": [5, 4], "car_1950": [3, 0], "car_1951": [4, 1], "car_1952": [6, 5], "car_1953": [2, 4], "car_1954": [5, 6], "car_1955": [1, 3], "car_208": [1, 7], "car_209": [3, 1], "car_206": [2, 4], "car_207": [7, 3], "car_204": [6, 7], "car_205": [0, 1], "car_202": [1, 6], "car_203": [3, 1], "car_200": [6, 3], "car_201": [2, 5], "car_2605": [1, 6], "car_2604": [7, 0], "car_2607": [4, 2], "car_2606": [3, 0], "car_1558": [4, 3], "car_1559": [6, 5], "car_2603": [2, 6], "car_2602": [6, 0], "car_1554": [5, 7], "car_1555": [7, 6], "car_1556": [1, 0], "car_1557": [3, 7], "car_1550": [3, 2], "car_1551": [4, 3], "car_1552": [0, 5], "car_1553": [2, 5], "car_1398": [5, 1], "car_1399": [7, 2], "car_1392": [0, 1], "car_1393": [2, 4], "car_1390": [1, 7], "car_1391": [6, 0], "car_1396": [3, 2], "car_1397": [4, 6], "car_1394": [5, 4], "car_1395": [1, 7], "car_2598": [5, 7], "car_930": [3, 6], "car_931": [4, 0], "car_932": [6, 5], "car_933": [2, 6], "car_934": [7, 5], "car_935": [1, 0], "car_936": [3, 1], "car_937": [4, 2], "car_938": [6, 1], "car_939": [0, 7], "car_2773": [1, 5], "car_2772": [7, 5], "car_2775": [6, 0], "car_2774": [3, 0], "car_2777": [2, 5], "car_2776": [0, 3], "car_6": [2, 7], "car_7": [5, 0], "car_4": [4, 2], "car_5": [6, 4], "car_2": [7, 5], "car_3": [3, 7], "car_1178": [4, 6], "car_1": [5, 0], "car_1176": [2, 3], "car_1177": [5, 4], "car_1174": [6, 3], "car_1175": [0, 7], "car_1172": [7, 5], "car_1173": [4, 5], "car_8": [7, 6], "car_9": [1, 6], "car_2809": [6, 5], "car_2808": [4, 6], "car_2559": [4, 7], "car_2558": [3, 1], "car_2555": [5, 7], "car_2554": [2, 5], "car_2557": [1, 4], "car_2556": [7, 5], "car_2551": [3, 5], "car_2550": [1, 6], "car_2553": [6, 2], "car_2552": [4, 3], "car_1774": [5, 2], "car_1775": [1, 4], "car_1776": [3, 6], "car_1777": [4, 0], "car_1770": [3, 7], "car_1771": [6, 3], "car_1772": [0, 5], "car_1773": [2, 3], "car_1778": [6, 2], "car_1779": [2, 3], "car_98": [4, 3], "car_99": [0, 7], "car_90": [5, 7], "car_91": [7, 4], "car_92": [1, 4], "car_93": [4, 1], "car_94": [6, 3], "car_95": [0, 1], "car_96": [2, 5], "car_97": [1, 3], "car_596": [0, 2], "car_597": [2, 5], "car_594": [4, 7], "car_595": [6, 2], "car_592": [1, 2], "car_593": [3, 7], "car_590": [0, 4], "car_591": [7, 5], "car_598": [5, 0], "car_599": [7, 4], "car_848": [3, 5], "car_849": [4, 6], "car_2391": [5, 7], "car_2390": [2, 5], "car_2397": [1, 7], "car_2396": [7, 1], "car_2395": [5, 3], "car_2394": [2, 5], "car_840": [0, 2], "car_841": [2, 3], "car_842": [5, 4], "car_843": [4, 1], "car_844": [6, 2], "car_845": [2, 1], "car_846": [5, 3], "car_847": [7, 6], "car_1608": [3, 7], "car_1609": [4, 2], "car_2153": [1, 6], "car_2152": [7, 1], "car_2155": [4, 0], "car_2154": [3, 5], "car_2157": [2, 1], "car_2156": [6, 0], "car_1600": [7, 5], "car_1601": [1, 2], "car_1602": [3, 2], "car_1603": [4, 5], "car_1604": [6, 3], "car_1605": [0, 4], "car_1606": [2, 1], "car_1607": [1, 2], "car_2369": [7, 1], "car_2362": [4, 3], "car_2363": [6, 4], "car_444": [6, 1], "car_445": [0, 7], "car_446": [2, 0], "car_447": [5, 7], "car_440": [2, 6], "car_441": [5, 3], "car_442": [1, 0], "car_443": [4, 3], "car_448": [7, 5], "car_449": [3, 4], "car_2717": [2, 5], "car_2716": [0, 5], "car_3210": [7, 2], "car_2715": [6, 1], "car_2201": [1, 0], "car_2714": [4, 6], "car_2200": [5, 1], "car_2713": [3, 4], "car_2712": [5, 1], "car_2711": [2, 3], "car_2710": [0, 3], "car_3044": [4, 5], "car_3045": [0, 7], "car_3046": [2, 7], "car_3047": [1, 2], "car_3040": [5, 2], "car_3041": [7, 4], "car_3042": [1, 3], "car_3043": [3, 6], "car_3048": [3, 6], "car_3049": [4, 0], "car_2209": [4, 3], "car_2208": [3, 5], "car_2324": [0, 2], "car_695": [7, 4], "car_694": [5, 7], "car_697": [6, 5], "car_696": [3, 1], "car_691": [4, 6], "car_690": [3, 2], "car_693": [2, 3], "car_692": [6, 0], "car_699": [5, 2], "car_698": [2, 6], "car_2399": [6, 0], "car_1943": [5, 0], "car_1942": [2, 6], "car_279": [7, 0], "car_278": [5, 1], "car_1947": [2, 5], "car_1946": [3, 0], "car_1945": [1, 2], "car_1944": [7, 0], "car_273": [3, 2], "car_272": [1, 4], "car_271": [2, 4], "car_270": [0, 7], "car_277": [2, 4], "car_276": [0, 7], "car_275": [6, 4], "car_274": [4, 1], "car_2946": [6, 1], "car_1925": [6, 2], "car_2944": [7, 0], "car_2945": [3, 7], "car_2942": [2, 4], "car_2943": [5, 3], "car_1549": [6, 2], "car_1548": [4, 0], "car_1547": [7, 1], "car_1546": [5, 6], "car_1545": [2, 1], "car_1544": [6, 5], "car_1543": [3, 6], "car_1542": [1, 7], "car_1541": [7, 3], "car_1540": [5, 7], "car_1389": [7, 4], "car_1388": [5, 1], "car_1385": [6, 3], "car_1384": [4, 1], "car_1387": [2, 0], "car_1386": [0, 3], "car_1381": [7, 2], "car_1380": [5, 4], "car_1383": [3, 0], "car_1382": [1, 5], "car_307": [4, 7], "car_306": [3, 0], "car_305": [1, 0], "car_304": [7, 2], "car_303": [5, 7], "car_302": [2, 6], "car_301": [0, 7], "car_300": [4, 1], "car_804": [5, 6], "car_309": [2, 7], "car_308": [0, 6], "car_909": [7, 5], "car_908": [5, 1], "car_905": [3, 7], "car_904": [5, 6], "car_907": [6, 7], "car_906": [4, 2], "car_901": [6, 1], "car_900": [4, 1], "car_903": [2, 3], "car_902": [0, 6], "car_1161": [0, 1], "car_1160": [3, 6], "car_1163": [5, 6], "car_1162": [2, 6], "car_1165": [1, 4], "car_1164": [7, 0], "car_1167": [4, 5], "car_1166": [3, 5], "car_1169": [0, 5], "car_1168": [6, 5], "car_2432": [7, 3], "car_2433": [1, 7], "car_2430": [0, 6], "car_2322": [4, 1], "car_2431": [5, 1], "car_2838": [7, 3], "car_2839": [1, 3], "car_2836": [2, 5], "car_2436": [2, 0], "car_2834": [6, 3], "car_2835": [0, 7], "car_2832": [3, 2], "car_2833": [4, 5], "car_2830": [5, 0], "car_2437": [5, 0], "car_2010": [0, 6], "car_2011": [2, 3], "car_2012": [7, 3], "car_2013": [1, 2], "car_2014": [3, 4], "car_2015": [4, 7], "car_2016": [5, 1], "car_2017": [7, 6], "car_2018": [1, 5], "car_2019": [6, 2], "car_2435": [0, 6], "car_87": [6, 5], "car_86": [4, 1], "car_85": [3, 6], "car_84": [1, 7], "car_83": [5, 2], "car_82": [2, 0], "car_81": [6, 4], "car_80": [4, 3], "car_3249": [5, 4], "car_2001": [5, 7], "car_89": [2, 4], "car_88": [0, 2], "car_2000": [0, 1], "car_2498": [1, 0], "car_2499": [3, 5], "car_2494": [3, 0], "car_2495": [2, 4], "car_2496": [5, 1], "car_2497": [7, 6], "car_2490": [0, 6], "car_2491": [2, 0], "car_2492": [5, 7], "car_2493": [1, 5], "car_875": [2, 7], "car_874": [0, 7], "car_877": [1, 7], "car_876": [7, 3], "car_871": [7, 1], "car_870": [5, 2], "car_873": [4, 2], "car_872": [1, 6], "car_3228": [0, 3], "car_3242": [2, 4], "car_1694": [2, 0], "car_879": [4, 0], "car_878": [3, 7], "car_3243": [5, 3], "car_1752": [0, 4], "car_1753": [2, 6], "car_1699": [0, 1], "car_2124": [7, 1], "car_2125": [1, 0], "car_1619": [1, 6], "car_1618": [7, 0], "car_2120": [1, 2], "car_2121": [4, 1], "car_2122": [6, 3], "car_2123": [0, 7], "car_1613": [3, 4], "car_1612": [2, 5], "car_1611": [0, 1], "car_1610": [6, 3], "car_1617": [5, 7], "car_1616": [2, 0], "car_1615": [0, 2], "car_1614": [6, 7], "car_1754": [5, 4], "car_1755": [7, 0], "car_2767": [3, 7], "car_2323": [6, 4], "car_471": [5, 0], "car_470": [2, 3], "car_473": [3, 1], "car_472": [7, 0], "car_475": [2, 7], "car_474": [0, 4], "car_477": [1, 7], "car_476": [5, 1], "car_479": [6, 7], "car_478": [3, 2], "car_2232": [7, 2], "car_2233": [1, 3], "car_2234": [4, 5], "car_2235": [6, 2], "car_2236": [0, 5], "car_2237": [2, 7], "car_2769": [6, 2], "car_2765": [4, 5], "car_2038": [5, 1], "car_2709": [6, 1], "car_3229": [5, 4], "car_3057": [4, 1], "car_3056": [3, 0], "car_2762": [5, 3], "car_3054": [7, 6], "car_3053": [5, 3], "car_3052": [2, 4], "car_3051": [0, 1], "car_3050": [6, 2], "car_3059": [0, 4], "car_3058": [6, 3], "car_3303": [6, 3], "car_2039": [7, 2], "car_2763": [1, 0], "car_1819": [0, 2], "car_1818": [6, 4], "car_2386": [7, 1], "car_682": [3, 2], "car_683": [6, 5], "car_680": [7, 0], "car_681": [1, 3], "car_686": [1, 6], "car_687": [3, 0], "car_684": [0, 2], "car_685": [5, 3], "car_688": [4, 3], "car_689": [0, 5], "car_2481": [7, 2], "car_2761": [2, 5], "car_3282": [6, 0], "car_3283": [0, 5], "car_1815": [1, 6], "car_3280": [1, 3], "car_1814": [2, 6], "car_3281": [4, 6], "car_3286": [2, 1], "car_2388": [6, 5], "car_3287": [5, 0], "car_3284": [5, 3], "car_3285": [3, 0], "car_2389": [0, 5], "car_3288": [7, 4], "car_3289": [1, 7], "car_1670": [6, 0], "car_1956": [3, 7], "car_3302": [4, 2], "car_1957": [4, 3], "car_3324": [7, 2], "car_1958": [6, 3], "car_1959": [2, 6], "car_2003": [3, 2], "car_268": [4, 3], "car_269": [6, 4], "car_1974": [5, 1], "car_1975": [1, 5], "car_1972": [0, 2], "car_1973": [2, 0], "car_1970": [4, 2], "car_1971": [6, 4], "car_260": [5, 0], "car_261": [7, 4], "car_262": [4, 1], "car_263": [6, 4], "car_264": [0, 6], "car_265": [5, 2], "car_266": [1, 4], "car_267": [3, 1], "car_1572": [2, 0], "car_1573": [5, 6], "car_1570": [6, 7], "car_1571": [0, 1], "car_1576": [5, 7], "car_1577": [1, 4], "car_1574": [4, 7], "car_1575": [6, 4], "car_1578": [3, 1], "car_1579": [0, 2], "car_2971": [2, 1], "car_1370": [4, 3], "car_1371": [6, 4], "car_1372": [0, 7], "car_1373": [2, 3], "car_1374": [5, 7], "car_1375": [7, 5], "car_1376": [1, 2], "car_1377": [3, 5], "car_1378": [4, 3], "car_1379": [6, 3], "car_3014": [2, 3], "car_3254": [6, 0], "car_2600": [3, 6], "car_2975": [4, 6], "car_2974": [3, 2], "car_314": [0, 1], "car_315": [2, 7], "car_316": [5, 0], "car_317": [7, 0], "car_310": [5, 1], "car_311": [7, 2], "car_312": [1, 7], "car_313": [3, 7], "car_318": [1, 7], "car_319": [3, 2], "car_918": [0, 2], "car_919": [1, 0], "car_2719": [7, 1], "car_2718": [5, 6], "car_912": [4, 5], "car_913": [6, 1], "car_910": [1, 7], "car_911": [3, 7], "car_916": [3, 0], "car_917": [4, 1], "car_914": [2, 1], "car_915": [7, 1], "car_1114": [7, 1], "car_1115": [3, 6], "car_1116": [4, 0], "car_1117": [6, 2], "car_1110": [4, 3], "car_1111": [0, 4], "car_1112": [2, 7], "car_1113": [5, 6], "car_1118": [2, 1], "car_1119": [5, 0], "car_1284": [5, 1], "car_1285": [3, 7], "car_1286": [6, 7], "car_1287": [0, 3], "car_1280": [3, 5], "car_1281": [4, 0], "car_1282": [6, 5], "car_1283": [2, 1], "car_2130": [4, 1], "car_1288": [2, 7], "car_1289": [5, 4], "car_2959": [2, 4], "car_2958": [0, 6], "car_2951": [0, 1], "car_2950": [6, 1], "car_2953": [5, 4], "car_2952": [2, 3], "car_2955": [1, 0], "car_2954": [7, 4], "car_2957": [6, 0], "car_2956": [4, 2], "car_2821": [4, 5], "car_2820": [3, 2], "car_1744": [5, 4], "car_2822": [6, 0], "car_2825": [7, 5], "car_2824": [2, 6], "car_2827": [4, 7], "car_2826": [3, 2], "car_2829": [0, 6], "car_2828": [6, 7], "car_1028": [2, 5], "car_1029": [5, 6], "car_1758": [0, 5], "car_1759": [2, 0], "car_2007": [5, 6], "car_2006": [0, 3], "car_2005": [6, 5], "car_2004": [4, 5], "car_1020": [2, 7], "car_1021": [5, 4], "car_1022": [7, 4], "car_1023": [1, 4], "car_1024": [3, 4], "car_1025": [4, 3], "car_1026": [6, 2], "car_1027": [0, 1], "car_1598": [2, 7], "car_1599": [5, 6], "car_1590": [6, 5], "car_1591": [2, 0], "car_1592": [5, 3], "car_1593": [7, 6], "car_1594": [1, 2], "car_1595": [3, 5], "car_1596": [6, 1], "car_1597": [0, 6], "car_2489": [6, 0], "car_2488": [4, 6], "car_2487": [7, 0], "car_2486": [5, 6], "car_2485": [2, 4], "car_2484": [0, 6], "car_2483": [6, 5], "car_2482": [3, 0], "car_1746": [1, 4], "car_2480": [5, 1], "car_862": [2, 3], "car_863": [7, 5], "car_860": [3, 2], "car_861": [6, 4], "car_866": [4, 6], "car_867": [6, 4], "car_864": [1, 6], "car_865": [3, 0], "car_868": [0, 7], "car_869": [2, 5], "car_1741": [6, 4], "car_2137": [5, 4], "car_2136": [0, 6], "car_2135": [4, 7], "car_2134": [3, 5], "car_2133": [7, 3], "car_2132": [0, 2], "car_1628": [0, 1], "car_1629": [2, 0], "car_1626": [4, 5], "car_1627": [6, 5], "car_1624": [7, 5], "car_1625": [1, 5], "car_1622": [0, 2], "car_1623": [2, 7], "car_1620": [3, 5], "car_1621": [6, 5], "car_1740": [4, 5]}