{"car_468": [2, 0], "car_469": [4, 7], "car_466": [3, 4], "car_467": [4, 1], "car_464": [4, 7], "car_465": [2, 4], "car_462": [4, 7], "car_463": [1, 6], "car_460": [4, 5], "car_461": [0, 6], "car_211": [7, 4], "car_210": [3, 2], "car_213": [7, 3], "car_212": [2, 6], "car_215": [6, 0], "car_214": [3, 6], "car_217": [3, 7], "car_216": [1, 6], "car_219": [3, 1], "car_218": [5, 1], "car_352": [7, 5], "car_353": [0, 3], "car_354": [7, 1], "car_355": [6, 0], "car_356": [0, 3], "car_357": [2, 6], "car_10": [7, 0], "car_11": [7, 3], "car_12": [4, 0], "car_13": [0, 5], "car_14": [7, 3], "car_15": [2, 7], "car_16": [7, 5], "car_17": [3, 5], "car_18": [0, 1], "car_19": [7, 6], "car_422": [6, 0], "car_423": [5, 4], "car_420": [7, 0], "car_421": [6, 2], "car_426": [7, 6], "car_427": [4, 0], "car_424": [7, 3], "car_425": [6, 2], "car_428": [7, 6], "car_429": [4, 1], "car_255": [7, 2], "car_254": [6, 5], "car_257": [1, 4], "car_256": [6, 3], "car_251": [0, 1], "car_250": [5, 6], "car_253": [7, 0], "car_252": [2, 1], "car_394": [1, 6], "car_395": [4, 2], "car_396": [4, 0], "car_397": [2, 3], "car_259": [4, 2], "car_258": [4, 2], "car_392": [2, 7], "car_393": [2, 1], "car_158": [4, 5], "car_159": [0, 7], "car_156": [1, 2], "car_157": [7, 2], "car_154": [3, 4], "car_155": [4, 0], "car_152": [0, 6], "car_153": [3, 2], "car_150": [5, 0], "car_151": [4, 1], "car_350": [3, 2], "car_351": [3, 7], "car_457": [0, 6], "car_456": [2, 5], "car_455": [3, 1], "car_454": [7, 4], "car_453": [4, 3], "car_452": [3, 0], "car_451": [7, 4], "car_450": [7, 2], "car_459": [4, 0], "car_458": [0, 4], "car_321": [2, 6], "car_320": [6, 0], "car_323": [4, 1], "car_322": [7, 1], "car_325": [6, 4], "car_324": [2, 3], "car_327": [1, 6], "car_326": [0, 3], "car_329": [4, 3], "car_328": [0, 4], "car_268": [1, 5], "car_140": [4, 2], "car_144": [2, 1], "car_260": [2, 4], "car_189": [3, 7], "car_188": [1, 2], "car_261": [7, 1], "car_185": [7, 1], "car_184": [2, 6], "car_187": [6, 4], "car_186": [7, 0], "car_181": [5, 3], "car_180": [7, 2], "car_183": [5, 3], "car_182": [5, 1], "car_263": [6, 1], "car_299": [0, 2], "car_113": [5, 6], "car_110": [6, 0], "car_111": [1, 2], "car_116": [6, 3], "car_117": [2, 1], "car_114": [4, 7], "car_115": [2, 3], "car_291": [6, 3], "car_290": [1, 3], "car_118": [6, 0], "car_119": [6, 5], "car_295": [5, 1], "car_294": [5, 7], "car_297": [2, 6], "car_296": [4, 1], "car_54": [3, 1], "car_55": [2, 0], "car_56": [7, 3], "car_57": [3, 6], "car_50": [5, 1], "car_51": [5, 3], "car_52": [7, 3], "car_53": [2, 5], "car_58": [1, 3], "car_59": [0, 4], "car_365": [1, 6], "car_364": [1, 7], "car_367": [2, 1], "car_366": [0, 7], "car_361": [2, 0], "car_360": [1, 4], "car_363": [7, 5], "car_362": [5, 0], "car_413": [7, 1], "car_412": [6, 7], "car_411": [0, 6], "car_410": [4, 5], "car_369": [2, 6], "car_368": [4, 1], "car_415": [0, 3], "car_414": [3, 1], "car_167": [2, 7], "car_166": [7, 1], "car_165": [4, 7], "car_164": [3, 5], "car_163": [2, 1], "car_162": [6, 1], "car_161": [1, 6], "car_160": [3, 2], "car_206": [4, 1], "car_207": [0, 7], "car_204": [5, 7], "car_205": [7, 3], "car_202": [3, 6], "car_203": [6, 5], "car_169": [6, 3], "car_168": [6, 7], "car_6": [1, 3], "car_7": [0, 1], "car_4": [7, 6], "car_5": [2, 5], "car_2": [2, 5], "car_3": [2, 1], "car_0": [1, 5], "car_1": [5, 2], "car_8": [0, 4], "car_9": [4, 3], "car_98": [6, 4], "car_99": [5, 2], "car_90": [1, 0], "car_91": [4, 0], "car_92": [1, 4], "car_93": [6, 7], "car_94": [1, 4], "car_95": [0, 6], "car_96": [6, 1], "car_97": [0, 3], "car_242": [6, 7], "car_243": [5, 2], "car_240": [6, 3], "car_241": [1, 2], "car_246": [6, 3], "car_247": [0, 5], "car_244": [7, 6], "car_245": [7, 0], "car_248": [6, 7], "car_249": [6, 4], "car_129": [2, 4], "car_128": [1, 2], "car_123": [6, 4], "car_122": [2, 0], "car_121": [1, 3], "car_120": [5, 4], "car_127": [4, 0], "car_126": [2, 3], "car_125": [4, 7], "car_124": [7, 1], "car_444": [4, 6], "car_445": [5, 7], "car_446": [5, 1], "car_447": [5, 7], "car_440": [2, 0], "car_441": [2, 4], "car_442": [1, 7], "car_443": [3, 6], "car_448": [2, 6], "car_349": [5, 3], "car_237": [2, 6], "car_236": [1, 3], "car_235": [7, 6], "car_234": [3, 2], "car_233": [3, 6], "car_232": [4, 7], "car_338": [1, 6], "car_339": [7, 4], "car_336": [1, 2], "car_337": [5, 6], "car_334": [6, 2], "car_335": [5, 7], "car_332": [4, 2], "car_333": [6, 1], "car_330": [2, 6], "car_238": [4, 2], "car_408": [7, 2], "car_409": [6, 2], "car_347": [1, 0], "car_346": [0, 4], "car_402": [1, 6], "car_403": [3, 1], "car_198": [1, 2], "car_199": [4, 7], "car_192": [5, 6], "car_193": [5, 6], "car_190": [1, 2], "car_191": [2, 3], "car_196": [4, 3], "car_197": [2, 1], "car_194": [1, 5], "car_195": [4, 1], "car_279": [3, 4], "car_278": [3, 1], "car_36": [4, 2], "car_37": [5, 2], "car_34": [2, 4], "car_35": [2, 4], "car_32": [0, 2], "car_33": [3, 4], "car_30": [4, 5], "car_31": [5, 7], "car_38": [0, 4], "car_39": [5, 0], "car_286": [0, 6], "car_287": [4, 6], "car_284": [0, 1], "car_285": [4, 7], "car_282": [7, 5], "car_283": [4, 3], "car_280": [6, 4], "car_281": [0, 4], "car_288": [4, 7], "car_289": [6, 5], "car_178": [5, 4], "car_179": [2, 5], "car_43": [7, 0], "car_42": [6, 1], "car_41": [0, 4], "car_40": [5, 7], "car_47": [4, 7], "car_46": [5, 7], "car_45": [3, 7], "car_44": [1, 7], "car_49": [2, 6], "car_48": [1, 4], "car_372": [6, 1], "car_373": [0, 1], "car_370": [6, 1], "car_371": [7, 2], "car_376": [2, 6], "car_377": [5, 4], "car_374": [3, 5], "car_375": [4, 6], "car_400": [7, 6], "car_401": [2, 7], "car_378": [2, 1], "car_379": [5, 1], "car_404": [7, 3], "car_405": [4, 6], "car_406": [2, 5], "car_407": [2, 5], "car_174": [6, 0], "car_175": [1, 6], "car_176": [2, 4], "car_177": [2, 7], "car_170": [0, 5], "car_171": [2, 4], "car_172": [1, 2], "car_173": [7, 3], "car_273": [7, 3], "car_272": [3, 5], "car_271": [7, 4], "car_270": [5, 7], "car_277": [6, 1], "car_276": [2, 7], "car_275": [5, 2], "car_274": [6, 3], "car_112": [6, 4], "car_298": [2, 4], "car_358": [6, 4], "car_307": [6, 7], "car_306": [6, 2], "car_305": [1, 2], "car_304": [4, 2], "car_303": [1, 0], "car_302": [5, 4], "car_301": [7, 5], "car_300": [5, 3], "car_293": [0, 6], "car_309": [5, 6], "car_308": [7, 0], "car_292": [1, 5], "car_359": [2, 0], "car_78": [3, 2], "car_79": [6, 1], "car_72": [3, 4], "car_73": [6, 1], "car_70": [3, 2], "car_71": [1, 4], "car_76": [3, 4], "car_77": [4, 1], "car_74": [2, 4], "car_75": [1, 6], "car_87": [4, 1], "car_86": [1, 2], "car_85": [6, 5], "car_84": [5, 2], "car_83": [0, 4], "car_82": [1, 7], "car_81": [7, 3], "car_80": [0, 1], "car_89": [2, 1], "car_88": [4, 5], "car_138": [3, 1], "car_139": [7, 6], "car_130": [2, 0], "car_131": [5, 2], "car_132": [4, 7], "car_133": [5, 7], "car_134": [5, 0], "car_135": [5, 7], "car_136": [6, 5], "car_137": [1, 3], "car_471": [3, 0], "car_470": [2, 0], "car_473": [6, 2], "car_472": [5, 6], "car_475": [1, 2], "car_474": [0, 2], "car_477": [1, 4], "car_476": [1, 6], "car_479": [1, 2], "car_478": [6, 5], "car_224": [4, 0], "car_225": [6, 5], "car_226": [0, 1], "car_227": [6, 2], "car_220": [5, 2], "car_221": [6, 2], "car_222": [3, 2], "car_223": [2, 1], "car_343": [6, 0], "car_342": [3, 0], "car_341": [2, 5], "car_340": [3, 5], "car_228": [0, 2], "car_229": [0, 7], "car_345": [4, 6], "car_344": [3, 7], "car_449": [4, 0], "car_231": [2, 5], "car_230": [3, 2], "car_419": [0, 1], "car_418": [6, 1], "car_239": [6, 5], "car_331": [2, 3], "car_25": [2, 4], "car_24": [6, 7], "car_27": [7, 2], "car_26": [3, 1], "car_21": [6, 2], "car_20": [5, 4], "car_23": [5, 7], "car_22": [1, 7], "car_417": [3, 1], "car_29": [1, 4], "car_28": [2, 6], "car_416": [2, 1], "car_208": [3, 5], "car_209": [0, 4], "car_435": [0, 1], "car_434": [5, 7], "car_437": [4, 2], "car_436": [7, 2], "car_431": [7, 4], "car_430": [5, 1], "car_433": [6, 1], "car_432": [4, 1], "car_398": [7, 6], "car_439": [0, 1], "car_438": [7, 3], "car_399": [7, 4], "car_389": [5, 4], "car_388": [0, 2], "car_387": [7, 0], "car_386": [4, 5], "car_385": [6, 2], "car_384": [2, 0], "car_383": [3, 6], "car_382": [6, 1], "car_381": [5, 4], "car_380": [7, 4], "car_141": [6, 2], "car_269": [0, 1], "car_143": [4, 3], "car_142": [2, 6], "car_145": [7, 6], "car_200": [0, 1], "car_147": [1, 6], "car_146": [0, 6], "car_149": [3, 1], "car_148": [3, 5], "car_262": [7, 3], "car_201": [2, 7], "car_264": [6, 1], "car_265": [4, 5], "car_266": [5, 7], "car_267": [2, 3], "car_480": [3, 6], "car_481": [5, 0], "car_390": [7, 6], "car_391": [5, 1], "car_314": [6, 5], "car_315": [6, 3], "car_316": [5, 1], "car_317": [5, 7], "car_310": [6, 0], "car_311": [6, 3], "car_312": [2, 5], "car_313": [3, 0], "car_318": [1, 6], "car_319": [7, 3], "car_69": [0, 5], "car_68": [4, 5], "car_61": [3, 6], "car_60": [5, 1], "car_63": [3, 6], "car_62": [3, 7], "car_65": [4, 7], "car_64": [2, 7], "car_67": [7, 4], "car_66": [2, 1], "car_348": [6, 4], "car_105": [1, 5], "car_104": [1, 7], "car_107": [3, 2], "car_106": [6, 0], "car_101": [0, 5], "car_100": [4, 2], "car_103": [0, 3], "car_102": [7, 4], "car_109": [2, 7], "car_108": [0, 4]}