{"car_468": [2, 7], "car_469": [5, 2], "car_466": [2, 4], "car_467": [4, 0], "car_464": [4, 3], "car_465": [0, 4], "car_462": [7, 1], "car_463": [5, 4], "car_460": [0, 7], "car_461": [0, 3], "car_211": [0, 2], "car_210": [6, 2], "car_213": [3, 5], "car_212": [2, 7], "car_215": [4, 7], "car_214": [7, 3], "car_217": [6, 4], "car_216": [2, 4], "car_219": [7, 6], "car_218": [6, 7], "car_352": [6, 0], "car_353": [3, 2], "car_354": [4, 7], "car_355": [3, 4], "car_356": [6, 1], "car_357": [0, 1], "car_10": [4, 7], "car_11": [6, 7], "car_12": [5, 1], "car_13": [4, 7], "car_14": [3, 7], "car_15": [5, 0], "car_16": [6, 4], "car_17": [7, 0], "car_18": [0, 3], "car_19": [6, 0], "car_422": [6, 3], "car_423": [2, 4], "car_420": [0, 5], "car_421": [5, 4], "car_426": [7, 0], "car_427": [1, 0], "car_424": [1, 7], "car_425": [3, 0], "car_428": [0, 6], "car_429": [1, 7], "car_255": [4, 7], "car_254": [1, 3], "car_257": [0, 1], "car_256": [6, 5], "car_251": [2, 4], "car_250": [0, 7], "car_253": [1, 7], "car_252": [5, 6], "car_394": [4, 3], "car_395": [6, 2], "car_396": [0, 5], "car_397": [7, 1], "car_259": [7, 1], "car_258": [2, 7], "car_392": [4, 0], "car_393": [2, 5], "car_158": [1, 2], "car_159": [2, 7], "car_156": [6, 5], "car_157": [4, 0], "car_154": [7, 4], "car_155": [4, 0], "car_152": [6, 3], "car_153": [0, 6], "car_150": [1, 7], "car_151": [7, 0], "car_350": [5, 6], "car_351": [6, 0], "car_457": [3, 6], "car_456": [3, 2], "car_455": [5, 7], "car_454": [5, 4], "car_453": [0, 2], "car_452": [1, 0], "car_451": [3, 4], "car_450": [1, 2], "car_459": [5, 4], "car_458": [7, 0], "car_321": [6, 3], "car_320": [4, 7], "car_323": [4, 7], "car_322": [2, 5], "car_325": [3, 0], "car_324": [0, 6], "car_327": [3, 5], "car_326": [6, 5], "car_329": [4, 1], "car_328": [6, 0], "car_492": [0, 5], "car_491": [3, 0], "car_490": [5, 1], "car_268": [4, 2], "car_140": [3, 1], "car_144": [1, 3], "car_260": [4, 5], "car_189": [6, 4], "car_188": [1, 7], "car_261": [5, 4], "car_185": [1, 2], "car_184": [5, 4], "car_187": [4, 5], "car_186": [3, 2], "car_181": [4, 6], "car_180": [4, 5], "car_183": [0, 2], "car_182": [6, 0], "car_263": [6, 4], "car_299": [3, 2], "car_113": [2, 7], "car_110": [7, 2], "car_111": [6, 1], "car_116": [2, 1], "car_117": [1, 6], "car_114": [2, 6], "car_115": [5, 7], "car_291": [0, 2], "car_290": [1, 7], "car_118": [5, 2], "car_119": [2, 3], "car_295": [1, 2], "car_294": [6, 5], "car_297": [6, 2], "car_296": [3, 4], "car_54": [3, 1], "car_55": [3, 6], "car_56": [4, 3], "car_57": [0, 4], "car_50": [2, 3], "car_51": [4, 1], "car_52": [6, 3], "car_53": [6, 0], "car_58": [5, 4], "car_59": [3, 0], "car_365": [1, 6], "car_364": [7, 6], "car_367": [1, 5], "car_366": [6, 5], "car_361": [5, 4], "car_360": [6, 5], "car_363": [6, 1], "car_362": [7, 4], "car_413": [2, 7], "car_412": [6, 7], "car_411": [6, 7], "car_410": [4, 0], "car_369": [6, 2], "car_368": [4, 0], "car_415": [5, 7], "car_414": [5, 1], "car_167": [7, 5], "car_166": [1, 0], "car_165": [7, 0], "car_164": [2, 4], "car_163": [3, 0], "car_162": [1, 2], "car_161": [5, 6], "car_160": [5, 2], "car_206": [3, 7], "car_207": [0, 6], "car_204": [0, 5], "car_205": [1, 6], "car_202": [3, 5], "car_203": [0, 7], "car_169": [2, 3], "car_168": [2, 1], "car_489": [4, 6], "car_6": [3, 6], "car_7": [2, 6], "car_4": [3, 4], "car_5": [5, 7], "car_2": [0, 4], "car_3": [3, 2], "car_0": [1, 6], "car_1": [4, 1], "car_8": [1, 0], "car_9": [3, 1], "car_98": [6, 4], "car_99": [7, 4], "car_90": [7, 0], "car_91": [4, 1], "car_92": [2, 1], "car_93": [5, 3], "car_94": [6, 0], "car_95": [7, 1], "car_96": [6, 5], "car_97": [3, 4], "car_242": [7, 0], "car_243": [0, 1], "car_240": [6, 4], "car_241": [1, 0], "car_246": [6, 5], "car_247": [6, 2], "car_244": [2, 5], "car_245": [4, 2], "car_248": [6, 5], "car_249": [7, 2], "car_129": [6, 5], "car_128": [7, 2], "car_123": [0, 4], "car_122": [4, 3], "car_121": [0, 6], "car_120": [5, 7], "car_127": [0, 5], "car_126": [6, 4], "car_125": [7, 1], "car_124": [5, 2], "car_444": [1, 0], "car_445": [6, 7], "car_446": [5, 1], "car_447": [7, 3], "car_440": [5, 7], "car_441": [6, 4], "car_442": [0, 1], "car_443": [6, 2], "car_448": [1, 5], "car_349": [0, 3], "car_237": [1, 3], "car_236": [3, 6], "car_235": [0, 7], "car_234": [4, 6], "car_233": [1, 4], "car_232": [5, 0], "car_338": [4, 0], "car_339": [6, 0], "car_336": [1, 4], "car_337": [7, 3], "car_334": [7, 1], "car_335": [1, 0], "car_332": [7, 4], "car_333": [6, 2], "car_330": [6, 3], "car_238": [3, 1], "car_408": [5, 3], "car_409": [7, 4], "car_347": [4, 1], "car_346": [6, 0], "car_402": [6, 3], "car_403": [3, 5], "car_198": [4, 7], "car_199": [6, 4], "car_192": [4, 3], "car_193": [4, 2], "car_190": [5, 4], "car_191": [6, 4], "car_196": [5, 4], "car_197": [2, 4], "car_194": [0, 2], "car_195": [0, 1], "car_279": [2, 0], "car_278": [6, 2], "car_36": [0, 5], "car_37": [3, 4], "car_34": [1, 6], "car_35": [1, 4], "car_32": [1, 2], "car_33": [7, 1], "car_30": [1, 0], "car_31": [3, 7], "car_38": [4, 3], "car_39": [6, 2], "car_286": [5, 2], "car_287": [0, 3], "car_284": [2, 1], "car_285": [1, 3], "car_282": [4, 2], "car_283": [0, 2], "car_280": [0, 7], "car_281": [3, 1], "car_288": [5, 7], "car_289": [5, 3], "car_178": [7, 2], "car_179": [3, 1], "car_43": [1, 5], "car_42": [2, 0], "car_41": [4, 7], "car_40": [3, 2], "car_47": [1, 4], "car_46": [0, 5], "car_45": [4, 7], "car_44": [3, 1], "car_49": [5, 3], "car_48": [6, 5], "car_372": [2, 0], "car_373": [3, 7], "car_370": [1, 0], "car_371": [1, 2], "car_376": [3, 5], "car_377": [5, 4], "car_374": [0, 3], "car_375": [1, 0], "car_400": [0, 6], "car_401": [4, 3], "car_378": [6, 5], "car_379": [7, 0], "car_404": [4, 6], "car_405": [0, 3], "car_406": [5, 2], "car_407": [2, 1], "car_174": [2, 4], "car_175": [6, 3], "car_176": [7, 1], "car_177": [5, 6], "car_170": [1, 3], "car_171": [6, 4], "car_172": [3, 7], "car_173": [0, 5], "car_273": [3, 6], "car_272": [1, 5], "car_271": [7, 1], "car_270": [4, 7], "car_277": [5, 1], "car_276": [5, 2], "car_275": [0, 5], "car_274": [0, 7], "car_112": [0, 7], "car_298": [3, 4], "car_358": [0, 2], "car_307": [6, 2], "car_306": [0, 6], "car_305": [3, 2], "car_304": [4, 0], "car_303": [6, 7], "car_302": [0, 4], "car_301": [6, 5], "car_300": [2, 3], "car_293": [5, 4], "car_309": [7, 1], "car_308": [2, 3], "car_292": [1, 4], "car_359": [6, 4], "car_78": [5, 6], "car_79": [2, 1], "car_72": [1, 0], "car_73": [0, 4], "car_70": [7, 1], "car_71": [0, 5], "car_76": [2, 7], "car_77": [2, 3], "car_74": [0, 5], "car_75": [6, 5], "car_87": [7, 6], "car_86": [2, 7], "car_85": [1, 0], "car_84": [0, 2], "car_83": [6, 1], "car_82": [1, 7], "car_81": [7, 4], "car_80": [1, 3], "car_89": [0, 2], "car_88": [6, 3], "car_138": [3, 7], "car_139": [4, 5], "car_130": [3, 4], "car_131": [4, 1], "car_132": [6, 5], "car_133": [0, 2], "car_134": [2, 1], "car_135": [3, 6], "car_136": [3, 1], "car_137": [2, 7], "car_471": [7, 0], "car_470": [3, 7], "car_473": [3, 2], "car_472": [2, 0], "car_475": [5, 7], "car_474": [1, 5], "car_477": [4, 7], "car_476": [5, 0], "car_479": [3, 0], "car_478": [4, 5], "car_224": [2, 3], "car_225": [5, 3], "car_226": [4, 3], "car_227": [6, 4], "car_220": [3, 0], "car_221": [4, 0], "car_222": [1, 7], "car_223": [5, 7], "car_343": [1, 2], "car_342": [5, 0], "car_341": [3, 2], "car_340": [1, 2], "car_228": [5, 6], "car_229": [3, 2], "car_345": [4, 1], "car_344": [3, 5], "car_449": [3, 2], "car_231": [2, 4], "car_230": [5, 2], "car_419": [4, 5], "car_418": [3, 6], "car_239": [4, 6], "car_331": [4, 7], "car_25": [4, 1], "car_24": [0, 1], "car_27": [1, 5], "car_26": [5, 6], "car_21": [1, 2], "car_20": [6, 7], "car_23": [1, 2], "car_22": [2, 3], "car_488": [1, 3], "car_417": [5, 3], "car_29": [3, 7], "car_28": [5, 7], "car_416": [2, 6], "car_208": [1, 7], "car_209": [3, 2], "car_435": [1, 7], "car_434": [1, 5], "car_437": [6, 1], "car_436": [3, 6], "car_431": [3, 1], "car_430": [7, 1], "car_433": [5, 0], "car_432": [2, 3], "car_398": [4, 5], "car_439": [0, 5], "car_438": [1, 3], "car_399": [6, 1], "car_389": [6, 3], "car_388": [1, 4], "car_387": [0, 2], "car_386": [6, 3], "car_385": [2, 7], "car_384": [7, 5], "car_383": [6, 1], "car_382": [6, 5], "car_381": [1, 2], "car_380": [1, 0], "car_141": [5, 2], "car_269": [6, 2], "car_143": [0, 5], "car_142": [3, 2], "car_145": [6, 2], "car_200": [5, 0], "car_147": [3, 2], "car_146": [1, 4], "car_149": [1, 4], "car_148": [4, 3], "car_262": [1, 7], "car_201": [7, 1], "car_264": [0, 6], "car_265": [5, 7], "car_266": [3, 5], "car_267": [3, 1], "car_480": [5, 1], "car_481": [4, 6], "car_390": [5, 2], "car_482": [3, 5], "car_391": [7, 1], "car_483": [2, 4], "car_484": [4, 7], "car_485": [2, 3], "car_486": [4, 5], "car_487": [2, 7], "car_314": [3, 0], "car_315": [0, 1], "car_316": [5, 1], "car_317": [0, 7], "car_310": [4, 5], "car_311": [7, 1], "car_312": [1, 2], "car_313": [6, 7], "car_318": [2, 4], "car_319": [1, 0], "car_69": [5, 2], "car_68": [6, 3], "car_61": [7, 0], "car_60": [3, 6], "car_63": [3, 0], "car_62": [3, 1], "car_65": [1, 4], "car_64": [4, 5], "car_67": [1, 5], "car_66": [5, 0], "car_348": [3, 7], "car_105": [5, 2], "car_104": [6, 5], "car_107": [1, 6], "car_106": [3, 1], "car_101": [6, 3], "car_100": [7, 2], "car_103": [7, 1], "car_102": [6, 4], "car_109": [4, 7], "car_108": [3, 2]}