{"car_2009": [5, 6], "car_2229": [7, 1], "car_2228": [5, 1], "car_468": [4, 7], "car_469": [6, 5], "car_466": [1, 5], "car_467": [3, 1], "car_464": [0, 4], "car_465": [7, 1], "car_462": [7, 5], "car_463": [1, 3], "car_460": [2, 5], "car_461": [5, 4], "car_817": [1, 6], "car_816": [5, 0], "car_815": [2, 6], "car_814": [6, 3], "car_813": [4, 6], "car_812": [1, 6], "car_2072": [0, 3], "car_811": [7, 2], "car_2073": [2, 4], "car_810": [5, 2], "car_679": [1, 4], "car_678": [7, 2], "car_677": [2, 6], "car_676": [0, 7], "car_675": [6, 3], "car_674": [0, 5], "car_673": [1, 7], "car_672": [7, 6], "car_671": [5, 3], "car_670": [2, 7], "car_2078": [2, 3], "car_2079": [5, 4], "car_2341": [4, 2], "car_2223": [1, 5], "car_789": [1, 4], "car_788": [5, 6], "car_2222": [2, 1], "car_783": [3, 2], "car_782": [7, 2], "car_781": [5, 4], "car_780": [2, 5], "car_787": [2, 3], "car_786": [3, 1], "car_785": [2, 3], "car_784": [6, 7], "car_2220": [4, 5], "car_0": [0, 4], "car_2227": [2, 0], "car_1179": [4, 2], "car_2375": [4, 0], "car_2226": [0, 7], "car_2225": [4, 0], "car_2224": [3, 6], "car_255": [7, 6], "car_254": [5, 2], "car_257": [5, 0], "car_256": [4, 5], "car_251": [1, 7], "car_250": [2, 0], "car_253": [0, 7], "car_252": [6, 0], "car_1961": [3, 7], "car_1960": [1, 5], "car_1963": [0, 4], "car_1962": [4, 6], "car_259": [1, 6], "car_258": [7, 0], "car_1967": [4, 3], "car_1966": [3, 7], "car_1170": [2, 3], "car_1171": [7, 3], "car_1565": [5, 7], "car_1564": [2, 0], "car_1567": [3, 1], "car_1566": [1, 6], "car_1561": [6, 3], "car_1560": [3, 6], "car_1563": [2, 5], "car_1562": [0, 1], "car_1569": [5, 7], "car_1568": [2, 4], "car_1413": [7, 0], "car_1363": [0, 1], "car_1362": [4, 0], "car_1361": [7, 3], "car_1360": [5, 2], "car_1367": [2, 7], "car_1366": [0, 4], "car_1365": [7, 4], "car_1364": [2, 6], "car_1369": [2, 1], "car_1368": [4, 2], "car_2376": [5, 4], "car_321": [2, 5], "car_320": [0, 6], "car_323": [7, 3], "car_322": [5, 2], "car_325": [4, 5], "car_324": [1, 7], "car_327": [2, 3], "car_326": [6, 1], "car_329": [6, 2], "car_328": [3, 2], "car_1107": [2, 4], "car_1106": [6, 0], "car_1105": [2, 4], "car_1104": [6, 4], "car_1103": [3, 4], "car_1102": [1, 7], "car_1101": [5, 3], "car_1100": [0, 4], "car_1109": [7, 4], "car_1108": [5, 6], "car_1297": [5, 4], "car_1296": [0, 7], "car_1295": [3, 4], "car_1294": [7, 4], "car_1293": [5, 6], "car_1292": [2, 6], "car_1291": [4, 2], "car_1290": [3, 1], "car_1299": [3, 7], "car_1298": [1, 5], "car_2036": [5, 0], "car_2037": [7, 0], "car_1039": [7, 6], "car_1038": [2, 7], "car_1749": [5, 6], "car_1748": [2, 7], "car_2030": [0, 7], "car_2031": [2, 0], "car_1033": [6, 7], "car_1032": [4, 1], "car_1031": [3, 2], "car_1030": [0, 7], "car_1037": [0, 7], "car_1036": [6, 1], "car_1035": [7, 1], "car_1034": [2, 7], "car_1589": [5, 3], "car_1588": [7, 0], "car_1583": [7, 2], "car_1582": [5, 7], "car_1581": [2, 0], "car_1580": [4, 5], "car_1587": [2, 1], "car_1586": [0, 3], "car_1585": [4, 0], "car_1584": [3, 7], "car_1852": [5, 2], "car_1906": [1, 6], "car_899": [7, 3], "car_898": [5, 6], "car_897": [2, 4], "car_896": [0, 7], "car_895": [3, 7], "car_894": [5, 3], "car_893": [0, 5], "car_892": [4, 7], "car_891": [1, 4], "car_890": [7, 1], "car_2108": [1, 4], "car_2109": [4, 5], "car_2102": [2, 1], "car_2103": [5, 1], "car_2100": [6, 3], "car_2101": [0, 5], "car_2106": [5, 2], "car_2107": [7, 1], "car_2104": [4, 5], "car_2105": [0, 1], "car_1631": [4, 3], "car_1630": [7, 6], "car_1633": [2, 7], "car_1632": [0, 2], "car_1635": [6, 0], "car_1634": [1, 7], "car_1637": [5, 1], "car_1636": [2, 0], "car_1639": [4, 1], "car_1638": [1, 4], "car_1751": [2, 7], "car_1756": [1, 4], "car_2414": [3, 4], "car_419": [4, 0], "car_418": [3, 2], "car_2218": [7, 6], "car_2219": [3, 1], "car_413": [4, 6], "car_412": [3, 7], "car_411": [1, 0], "car_410": [5, 4], "car_417": [1, 5], "car_416": [7, 3], "car_415": [2, 5], "car_414": [0, 2], "car_2417": [0, 3], "car_1679": [2, 1], "car_1678": [6, 1], "car_2412": [1, 4], "car_2413": [2, 0], "car_527": [2, 1], "car_526": [6, 7], "car_525": [1, 5], "car_524": [7, 6], "car_523": [5, 7], "car_522": [2, 7], "car_521": [0, 7], "car_520": [6, 7], "car_1671": [3, 1], "car_1889": [6, 5], "car_529": [4, 2], "car_528": [5, 1], "car_1884": [4, 3], "car_1885": [0, 7], "car_2368": [3, 5], "car_668": [4, 2], "car_669": [6, 0], "car_664": [6, 1], "car_665": [2, 6], "car_666": [7, 5], "car_667": [3, 4], "car_660": [0, 3], "car_661": [1, 2], "car_662": [3, 0], "car_663": [4, 2], "car_1854": [2, 3], "car_798": [6, 4], "car_799": [2, 3], "car_790": [4, 2], "car_791": [6, 4], "car_792": [0, 4], "car_793": [2, 3], "car_794": [5, 2], "car_795": [1, 2], "car_796": [0, 5], "car_797": [5, 7], "car_242": [6, 1], "car_243": [2, 1], "car_240": [5, 6], "car_241": [1, 7], "car_246": [7, 3], "car_247": [1, 5], "car_244": [1, 7], "car_245": [4, 7], "car_1914": [1, 2], "car_1915": [3, 7], "car_248": [6, 5], "car_249": [0, 7], "car_1910": [1, 4], "car_1911": [4, 1], "car_1912": [6, 7], "car_1913": [2, 7], "car_1356": [5, 1], "car_1357": [1, 4], "car_1354": [3, 6], "car_1355": [2, 0], "car_1352": [7, 6], "car_1353": [1, 5], "car_1350": [6, 1], "car_1351": [5, 3], "car_1358": [0, 1], "car_1359": [2, 0], "car_1831": [5, 0], "car_1820": [1, 2], "car_1821": [0, 6], "car_1822": [2, 1], "car_1823": [1, 7], "car_1824": [3, 1], "car_1825": [4, 2], "car_338": [1, 5], "car_339": [4, 1], "car_336": [5, 4], "car_337": [7, 3], "car_334": [6, 7], "car_335": [2, 0], "car_332": [3, 4], "car_333": [5, 4], "car_330": [0, 6], "car_331": [1, 0], "car_1138": [1, 3], "car_1139": [3, 0], "car_1132": [7, 3], "car_1133": [1, 7], "car_1130": [0, 4], "car_1131": [2, 5], "car_1136": [0, 3], "car_1137": [7, 4], "car_1134": [3, 4], "car_1135": [6, 1], "car_1839": [7, 5], "car_2393": [1, 6], "car_1838": [5, 6], "car_2392": [2, 5], "car_2029": [6, 3], "car_2028": [4, 3], "car_2021": [1, 0], "car_2020": [7, 0], "car_2023": [6, 2], "car_2022": [4, 6], "car_2025": [6, 3], "car_2024": [4, 3], "car_2027": [3, 2], "car_2026": [2, 1], "car_1008": [4, 3], "car_1009": [6, 4], "car_1006": [2, 0], "car_1007": [7, 2], "car_1004": [7, 0], "car_1005": [1, 6], "car_1002": [0, 4], "car_1003": [2, 3], "car_1000": [4, 6], "car_1001": [6, 2], "car_2398": [3, 6], "car_1924": [5, 4], "car_36": [7, 2], "car_37": [3, 0], "car_34": [2, 5], "car_35": [5, 0], "car_888": [0, 4], "car_889": [5, 1], "car_30": [1, 6], "car_31": [3, 5], "car_884": [7, 4], "car_885": [1, 0], "car_886": [3, 5], "car_887": [6, 4], "car_880": [4, 5], "car_881": [6, 1], "car_882": [2, 3], "car_883": [5, 2], "car_2449": [2, 3], "car_2448": [4, 7], "car_2119": [7, 1], "car_2118": [2, 5], "car_2115": [7, 3], "car_2114": [5, 7], "car_2117": [6, 2], "car_2116": [3, 0], "car_2111": [7, 5], "car_2110": [6, 1], "car_2113": [6, 3], "car_2112": [4, 2], "car_1644": [1, 0], "car_1645": [3, 0], "car_1646": [0, 5], "car_1647": [5, 6], "car_1640": [6, 4], "car_1641": [0, 2], "car_1642": [2, 3], "car_1643": [7, 6], "car_1648": [1, 7], "car_1649": [3, 1], "car_2159": [6, 2], "car_2158": [3, 5], "car_408": [4, 5], "car_409": [0, 7], "car_2203": [1, 3], "car_2202": [7, 3], "car_2205": [0, 1], "car_2204": [6, 5], "car_2207": [5, 0], "car_2206": [2, 3], "car_400": [1, 7], "car_401": [3, 4], "car_402": [4, 6], "car_403": [6, 1], "car_404": [2, 6], "car_405": [5, 2], "car_406": [7, 5], "car_407": [3, 1], "car_1769": [2, 3], "car_534": [2, 5], "car_535": [3, 1], "car_536": [0, 5], "car_537": [5, 6], "car_530": [0, 5], "car_531": [5, 2], "car_532": [7, 6], "car_533": [1, 3], "car_538": [1, 3], "car_539": [3, 6], "car_2310": [2, 6], "car_659": [4, 0], "car_658": [3, 6], "car_651": [4, 5], "car_650": [5, 2], "car_653": [0, 3], "car_652": [6, 0], "car_655": [7, 6], "car_654": [2, 3], "car_657": [7, 1], "car_656": [2, 6], "car_2434": [5, 2], "car_1929": [6, 5], "car_2195": [6, 4], "car_2194": [3, 1], "car_1764": [7, 3], "car_2197": [5, 1], "car_2196": [0, 3], "car_2191": [0, 2], "car_1928": [4, 3], "car_2190": [6, 4], "car_2193": [7, 1], "car_1909": [7, 1], "car_1908": [2, 4], "car_1907": [6, 0], "car_1763": [5, 2], "car_1905": [3, 0], "car_1904": [7, 1], "car_1903": [0, 5], "car_1902": [1, 5], "car_1901": [2, 1], "car_1900": [0, 4], "car_1349": [4, 1], "car_1348": [3, 5], "car_1762": [2, 6], "car_1341": [5, 2], "car_1340": [0, 2], "car_1343": [3, 6], "car_1342": [1, 3], "car_1345": [6, 2], "car_1344": [4, 6], "car_1347": [1, 2], "car_1346": [2, 1], "car_1833": [3, 6], "car_1832": [7, 3], "car_349": [0, 3], "car_348": [4, 1], "car_1837": [1, 7], "car_1836": [7, 4], "car_1835": [5, 3], "car_1834": [2, 5], "car_343": [6, 7], "car_342": [1, 2], "car_341": [2, 0], "car_340": [0, 2], "car_347": [7, 1], "car_346": [5, 7], "car_345": [2, 5], "car_344": [1, 7], "car_2325": [2, 1], "car_1129": [4, 6], "car_1128": [3, 1], "car_1125": [0, 1], "car_1124": [6, 1], "car_1127": [1, 7], "car_1126": [7, 0], "car_1121": [6, 0], "car_1120": [4, 2], "car_1123": [1, 3], "car_1122": [5, 2], "car_1402": [3, 1], "car_2320": [7, 5], "car_1403": [6, 2], "car_2321": [1, 4], "car_1400": [0, 6], "car_1401": [5, 4], "car_1406": [7, 6], "car_1407": [4, 6], "car_1404": [0, 4], "car_1405": [5, 7], "car_2058": [6, 5], "car_2059": [5, 1], "car_2054": [5, 0], "car_2055": [7, 6], "car_2056": [1, 3], "car_2057": [3, 1], "car_2050": [2, 0], "car_2051": [7, 4], "car_2052": [3, 7], "car_2053": [4, 7], "car_1011": [3, 6], "car_1010": [5, 1], "car_1013": [6, 2], "car_1012": [4, 3], "car_1015": [7, 5], "car_1014": [5, 4], "car_1017": [0, 2], "car_1016": [6, 7], "car_1019": [0, 1], "car_1018": [5, 1], "car_25": [2, 1], "car_24": [0, 7], "car_27": [4, 6], "car_26": [5, 7], "car_21": [5, 2], "car_20": [2, 6], "car_23": [3, 1], "car_22": [7, 1], "car_29": [7, 3], "car_28": [5, 7], "car_1657": [0, 7], "car_1656": [6, 0], "car_1655": [4, 6], "car_1654": [3, 1], "car_1653": [2, 3], "car_1652": [0, 2], "car_1651": [6, 5], "car_1650": [4, 1], "car_1659": [5, 1], "car_1658": [4, 3], "car_1969": [2, 4], "car_2315": [4, 1], "car_1843": [5, 6], "car_435": [5, 2], "car_434": [0, 4], "car_437": [6, 3], "car_436": [1, 0], "car_431": [1, 3], "car_430": [5, 6], "car_433": [5, 7], "car_432": [4, 2], "car_1846": [3, 5], "car_439": [4, 5], "car_438": [7, 4], "car_1847": [6, 5], "car_2274": [3, 0], "car_2275": [2, 5], "car_2276": [7, 5], "car_2277": [3, 5], "car_2270": [0, 1], "car_2271": [5, 7], "car_2272": [7, 6], "car_2273": [1, 0], "car_1845": [1, 6], "car_2278": [0, 7], "car_2279": [1, 2], "car_1848": [7, 2], "car_2289": [2, 1], "car_1968": [6, 0], "car_1849": [1, 4], "car_2288": [0, 4], "car_1965": [7, 2], "car_1964": [2, 0], "car_501": [3, 1], "car_500": [1, 7], "car_503": [5, 6], "car_502": [2, 4], "car_505": [3, 5], "car_504": [1, 5], "car_507": [7, 2], "car_506": [4, 1], "car_509": [4, 5], "car_508": [1, 2], "car_2302": [2, 7], "car_2303": [5, 7], "car_2304": [1, 3], "car_2305": [4, 0], "car_2306": [7, 1], "car_2307": [1, 0], "car_2281": [6, 7], "car_1745": [3, 0], "car_2280": [4, 3], "car_646": [1, 0], "car_647": [3, 0], "car_644": [3, 6], "car_645": [5, 0], "car_642": [3, 6], "car_643": [0, 2], "car_640": [6, 2], "car_641": [1, 5], "car_2314": [3, 0], "car_648": [4, 6], "car_649": [6, 0], "car_1830": [0, 6], "car_2420": [3, 2], "car_1932": [4, 3], "car_1933": [6, 2], "car_1930": [2, 5], "car_1931": [3, 6], "car_1936": [1, 6], "car_1937": [3, 1], "car_1934": [2, 7], "car_1935": [5, 7], "car_1938": [6, 4], "car_1939": [0, 1], "car_1717": [3, 5], "car_1338": [3, 2], "car_1339": [4, 7], "car_1334": [1, 2], "car_1335": [0, 5], "car_1336": [7, 0], "car_1337": [1, 6], "car_1330": [4, 6], "car_1331": [6, 0], "car_1332": [0, 2], "car_1333": [7, 2], "car_1711": [6, 1], "car_358": [3, 1], "car_359": [4, 3], "car_1804": [1, 0], "car_1805": [4, 2], "car_1802": [0, 2], "car_1803": [7, 1], "car_1800": [1, 3], "car_1801": [3, 2], "car_350": [2, 7], "car_351": [5, 6], "car_352": [1, 2], "car_353": [3, 4], "car_354": [4, 3], "car_355": [6, 0], "car_356": [5, 3], "car_357": [7, 1], "car_1482": [7, 2], "car_1483": [3, 1], "car_1480": [0, 6], "car_1481": [5, 1], "car_1486": [7, 2], "car_1487": [1, 7], "car_1484": [5, 2], "car_1485": [2, 7], "car_1488": [4, 1], "car_1489": [0, 5], "car_1240": [4, 0], "car_1241": [6, 1], "car_1242": [0, 7], "car_1243": [1, 4], "car_1244": [3, 1], "car_1245": [4, 5], "car_1246": [6, 0], "car_1247": [0, 7], "car_1248": [2, 6], "car_1249": [1, 3], "car_1747": [0, 4], "car_2374": [3, 2], "car_1879": [0, 7], "car_2049": [4, 3], "car_2048": [3, 1], "car_2047": [1, 2], "car_2046": [4, 3], "car_2045": [3, 6], "car_2044": [1, 4], "car_2043": [7, 0], "car_2042": [5, 3], "car_2041": [2, 3], "car_2040": [0, 3], "car_1064": [2, 1], "car_1065": [5, 7], "car_1066": [1, 5], "car_1067": [4, 1], "car_1060": [1, 0], "car_1061": [3, 2], "car_1062": [4, 3], "car_1063": [6, 7], "car_1068": [6, 5], "car_1069": [2, 7], "car_1798": [0, 2], "car_1799": [7, 5], "car_10": [5, 4], "car_11": [6, 5], "car_12": [0, 3], "car_13": [5, 0], "car_14": [7, 0], "car_15": [4, 7], "car_16": [6, 3], "car_17": [5, 6], "car_18": [6, 7], "car_19": [0, 7], "car_1668": [6, 5], "car_1669": [0, 1], "car_1662": [2, 0], "car_1663": [5, 6], "car_1660": [3, 2], "car_1661": [4, 7], "car_1666": [3, 5], "car_1667": [4, 1], "car_1664": [7, 0], "car_1665": [1, 2], "car_1468": [4, 6], "car_1469": [6, 2], "car_1460": [7, 0], "car_1461": [3, 6], "car_1462": [2, 1], "car_1463": [5, 4], "car_1464": [4, 3], "car_1465": [0, 5], "car_1466": [1, 6], "car_1467": [3, 6], "car_422": [5, 1], "car_423": [1, 7], "car_420": [6, 5], "car_421": [2, 4], "car_426": [5, 7], "car_427": [1, 2], "car_424": [4, 2], "car_425": [2, 3], "car_428": [0, 2], "car_429": [2, 5], "car_2377": [7, 5], "car_2267": [7, 6], "car_2266": [5, 6], "car_2265": [2, 3], "car_2264": [0, 6], "car_2263": [4, 1], "car_2262": [1, 6], "car_2261": [7, 2], "car_2260": [0, 6], "car_2371": [0, 5], "car_2269": [3, 0], "car_2268": [1, 3], "car_2373": [1, 4], "car_2372": [5, 4], "car_2008": [2, 5], "car_2370": [6, 2], "car_2319": [0, 5], "car_2318": [7, 3], "car_518": [3, 6], "car_519": [4, 1], "car_516": [7, 0], "car_517": [1, 7], "car_514": [6, 4], "car_515": [0, 3], "car_512": [5, 3], "car_513": [3, 2], "car_510": [6, 1], "car_511": [0, 2], "car_1870": [4, 5], "car_2444": [5, 1], "car_633": [7, 2], "car_632": [5, 7], "car_631": [4, 7], "car_630": [7, 1], "car_637": [0, 5], "car_636": [6, 1], "car_635": [4, 6], "car_634": [1, 0], "car_639": [3, 1], "car_638": [2, 1], "car_189": [6, 5], "car_188": [4, 7], "car_185": [2, 0], "car_184": [4, 3], "car_187": [1, 4], "car_186": [5, 0], "car_181": [1, 6], "car_180": [0, 2], "car_183": [5, 1], "car_182": [3, 4], "car_749": [5, 7], "car_748": [0, 7], "car_747": [7, 2], "car_746": [0, 2], "car_745": [7, 6], "car_744": [5, 2], "car_743": [2, 4], "car_742": [7, 0], "car_741": [2, 5], "car_740": [0, 7], "car_2131": [1, 3], "car_299": [5, 1], "car_298": [6, 4], "car_1927": [3, 2], "car_1926": [1, 5], "car_1921": [6, 1], "car_1920": [4, 1], "car_1923": [2, 3], "car_1922": [0, 2], "car_291": [1, 7], "car_290": [7, 0], "car_293": [5, 7], "car_292": [6, 7], "car_295": [5, 7], "car_294": [6, 5], "car_297": [7, 5], "car_296": [4, 5], "car_1329": [3, 5], "car_1328": [1, 7], "car_1327": [7, 2], "car_1326": [6, 0], "car_1325": [3, 2], "car_1324": [1, 3], "car_1323": [2, 6], "car_1322": [0, 7], "car_1321": [6, 5], "car_1320": [4, 2], "car_365": [0, 6], "car_364": [4, 3], "car_367": [1, 4], "car_366": [2, 7], "car_361": [2, 3], "car_360": [6, 5], "car_363": [3, 2], "car_362": [7, 4], "car_1811": [5, 1], "car_1810": [2, 3], "car_1813": [4, 2], "car_1812": [7, 0], "car_369": [2, 1], "car_368": [0, 4], "car_1817": [3, 6], "car_1816": [5, 7], "car_167": [2, 4], "car_166": [6, 2], "car_165": [4, 6], "car_164": [3, 1], "car_163": [7, 1], "car_162": [2, 3], "car_161": [6, 7], "car_160": [4, 5], "car_169": [7, 6], "car_168": [5, 0], "car_1495": [6, 0], "car_1494": [4, 1], "car_1497": [7, 1], "car_1496": [2, 7], "car_1491": [5, 1], "car_1490": [2, 1], "car_1493": [3, 0], "car_1492": [7, 4], "car_1499": [6, 1], "car_1498": [1, 6], "car_1253": [3, 4], "car_1252": [7, 5], "car_1251": [4, 1], "car_1250": [3, 2], "car_1257": [0, 4], "car_1256": [1, 5], "car_1255": [0, 2], "car_1254": [4, 5], "car_1259": [5, 2], "car_1258": [2, 5], "car_1868": [3, 2], "car_1789": [5, 1], "car_1788": [6, 1], "car_2070": [7, 6], "car_2071": [1, 0], "car_2076": [6, 3], "car_2077": [0, 7], "car_2074": [1, 3], "car_2075": [3, 4], "car_1781": [0, 1], "car_1780": [5, 0], "car_1783": [3, 7], "car_1782": [2, 5], "car_1785": [2, 5], "car_1784": [0, 2], "car_1787": [4, 2], "car_1786": [3, 1], "car_1077": [2, 1], "car_1076": [0, 7], "car_1075": [6, 7], "car_1074": [4, 2], "car_1073": [7, 4], "car_1072": [6, 7], "car_1071": [4, 0], "car_1070": [5, 4], "car_1079": [4, 7], "car_1078": [1, 2], "car_2139": [0, 1], "car_2034": [6, 4], "car_2300": [6, 5], "car_2035": [0, 3], "car_2301": [0, 4], "car_2032": [3, 4], "car_2033": [4, 6], "car_2138": [6, 3], "car_985": [6, 4], "car_984": [1, 6], "car_987": [2, 7], "car_986": [0, 4], "car_981": [6, 4], "car_980": [4, 2], "car_983": [2, 7], "car_982": [0, 3], "car_1675": [7, 3], "car_1674": [5, 3], "car_1677": [4, 2], "car_1676": [3, 7], "car_989": [4, 3], "car_988": [7, 4], "car_1673": [6, 4], "car_1672": [4, 0], "car_1479": [6, 0], "car_1478": [4, 5], "car_1473": [4, 0], "car_1472": [1, 5], "car_1471": [7, 3], "car_1470": [5, 7], "car_1477": [7, 6], "car_1476": [2, 0], "car_1475": [0, 1], "car_1474": [6, 1], "car_1743": [7, 6], "car_1742": [2, 7], "car_2258": [4, 0], "car_2259": [6, 0], "car_2252": [2, 7], "car_2253": [7, 2], "car_2250": [4, 6], "car_2251": [0, 1], "car_2256": [4, 3], "car_2257": [2, 1], "car_2254": [1, 6], "car_2255": [3, 7], "car_2098": [1, 6], "car_2099": [4, 5], "car_2090": [7, 0], "car_2091": [4, 6], "car_2092": [1, 2], "car_2093": [3, 6], "car_2094": [0, 6], "car_2095": [4, 7], "car_2096": [6, 7], "car_2097": [7, 5], "car_569": [7, 3], "car_568": [5, 4], "car_2328": [5, 1], "car_2329": [7, 4], "car_563": [5, 7], "car_562": [0, 4], "car_561": [3, 6], "car_560": [7, 5], "car_567": [2, 3], "car_566": [0, 3], "car_565": [6, 7], "car_564": [3, 1], "car_2331": [6, 2], "car_620": [3, 4], "car_621": [6, 0], "car_622": [5, 4], "car_623": [1, 6], "car_624": [4, 1], "car_625": [1, 5], "car_626": [3, 7], "car_627": [4, 3], "car_628": [6, 0], "car_629": [2, 1], "car_1869": [7, 5], "car_1866": [1, 7], "car_1867": [2, 5], "car_198": [3, 7], "car_199": [6, 0], "car_192": [1, 4], "car_193": [3, 7], "car_190": [0, 7], "car_191": [7, 1], "car_196": [7, 5], "car_197": [1, 6], "car_194": [0, 5], "car_195": [2, 6], "car_758": [5, 6], "car_759": [7, 1], "car_754": [5, 6], "car_755": [7, 0], "car_756": [1, 2], "car_757": [4, 1], "car_750": [1, 7], "car_751": [4, 2], "car_752": [0, 3], "car_753": [2, 6], "car_1940": [2, 3], "car_286": [2, 0], "car_287": [4, 1], "car_284": [4, 1], "car_285": [6, 1], "car_282": [1, 7], "car_283": [3, 5], "car_280": [2, 6], "car_281": [7, 2], "car_1949": [7, 3], "car_288": [0, 1], "car_289": [5, 0], "car_1948": [0, 3], "car_1312": [4, 6], "car_1313": [6, 3], "car_1310": [5, 2], "car_1311": [1, 2], "car_1316": [5, 1], "car_1317": [7, 6], "car_1314": [4, 1], "car_1315": [2, 1], "car_1318": [1, 7], "car_1319": [3, 1], "car_2450": [4, 1], "car_372": [4, 6], "car_373": [3, 5], "car_370": [1, 3], "car_371": [3, 7], "car_376": [4, 7], "car_377": [6, 5], "car_374": [4, 6], "car_375": [1, 0], "car_1864": [0, 5], "car_1865": [7, 4], "car_378": [2, 0], "car_379": [5, 4], "car_1860": [2, 5], "car_1861": [5, 2], "car_1862": [7, 3], "car_1863": [6, 3], "car_174": [3, 2], "car_175": [4, 7], "car_176": [0, 5], "car_177": [2, 7], "car_170": [3, 2], "car_171": [4, 0], "car_172": [6, 0], "car_173": [7, 6], "car_178": [4, 6], "car_179": [6, 3], "car_2338": [0, 6], "car_1266": [1, 3], "car_1267": [3, 0], "car_1264": [5, 0], "car_1265": [7, 5], "car_1262": [4, 7], "car_1263": [6, 7], "car_1260": [7, 0], "car_1261": [3, 0], "car_1268": [6, 4], "car_1269": [2, 5], "car_2406": [2, 5], "car_2065": [4, 7], "car_2064": [3, 7], "car_1048": [0, 6], "car_1049": [4, 3], "car_2061": [4, 0], "car_2060": [7, 3], "car_2063": [1, 0], "car_2062": [2, 7], "car_1042": [0, 2], "car_1043": [2, 4], "car_1040": [3, 6], "car_1041": [6, 1], "car_1046": [4, 6], "car_1047": [6, 2], "car_1044": [5, 2], "car_1045": [3, 0], "car_2404": [3, 0], "car_78": [0, 5], "car_79": [2, 5], "car_72": [1, 4], "car_73": [4, 2], "car_70": [0, 4], "car_71": [5, 2], "car_76": [1, 4], "car_77": [3, 0], "car_74": [6, 4], "car_75": [0, 7], "car_992": [5, 2], "car_993": [7, 5], "car_990": [6, 2], "car_991": [0, 7], "car_996": [2, 6], "car_997": [1, 3], "car_994": [3, 0], "car_995": [0, 5], "car_1688": [7, 1], "car_1689": [0, 2], "car_998": [4, 6], "car_999": [2, 3], "car_2409": [1, 4], "car_2408": [7, 6], "car_1448": [6, 2], "car_1449": [0, 2], "car_1446": [1, 3], "car_1447": [3, 4], "car_1444": [2, 6], "car_1445": [7, 1], "car_1442": [6, 1], "car_1443": [0, 6], "car_1440": [1, 3], "car_1441": [3, 5], "car_2401": [5, 6], "car_2249": [3, 5], "car_2248": [1, 6], "car_2245": [4, 5], "car_2244": [1, 2], "car_2247": [7, 0], "car_2246": [5, 2], "car_2241": [0, 5], "car_2240": [6, 3], "car_2243": [5, 7], "car_2242": [2, 7], "car_2089": [5, 1], "car_2088": [2, 0], "car_2083": [5, 0], "car_2082": [4, 1], "car_2081": [3, 5], "car_2080": [1, 5], "car_2087": [0, 4], "car_2086": [4, 0], "car_2085": [3, 6], "car_2084": [1, 7], "car_578": [3, 7], "car_579": [0, 5], "car_2333": [2, 7], "car_2332": [0, 1], "car_2335": [7, 6], "car_2334": [5, 2], "car_2337": [4, 6], "car_553": [5, 0], "car_570": [1, 5], "car_571": [0, 6], "car_572": [5, 0], "car_573": [3, 7], "car_574": [0, 5], "car_806": [4, 5], "car_576": [7, 2], "car_577": [1, 4], "car_807": [6, 3], "car_800": [5, 2], "car_801": [1, 5], "car_802": [6, 7], "car_2192": [5, 1], "car_803": [0, 7], "car_2067": [7, 0], "car_2066": [0, 5], "car_619": [4, 2], "car_618": [3, 4], "car_615": [0, 3], "car_614": [6, 0], "car_617": [1, 7], "car_616": [7, 0], "car_611": [0, 6], "car_610": [4, 2], "car_613": [4, 2], "car_612": [2, 0], "car_2151": [1, 2], "car_2150": [5, 7], "car_2069": [5, 4], "car_2068": [1, 5], "car_769": [4, 1], "car_768": [3, 1], "car_761": [0, 3], "car_760": [3, 0], "car_763": [6, 7], "car_762": [4, 2], "car_765": [7, 1], "car_764": [5, 3], "car_767": [2, 5], "car_766": [6, 1], "car_2216": [7, 6], "car_2217": [5, 3], "car_2330": [3, 0], "car_2214": [2, 0], "car_2215": [5, 3], "car_2212": [6, 5], "car_2213": [0, 1], "car_2210": [1, 7], "car_2211": [3, 2], "car_575": [5, 0], "car_1305": [7, 0], "car_1304": [0, 3], "car_1307": [4, 7], "car_1306": [3, 0], "car_1301": [7, 3], "car_1300": [5, 3], "car_1303": [4, 6], "car_1302": [3, 2], "car_1309": [2, 1], "car_1308": [6, 0], "car_389": [5, 3], "car_388": [2, 5], "car_387": [0, 1], "car_386": [4, 7], "car_385": [3, 2], "car_384": [7, 5], "car_383": [5, 2], "car_382": [3, 6], "car_381": [1, 0], "car_380": [7, 1], "car_141": [1, 6], "car_140": [5, 4], "car_143": [6, 5], "car_142": [3, 5], "car_145": [2, 4], "car_144": [0, 1], "car_147": [4, 2], "car_146": [7, 3], "car_149": [2, 6], "car_148": [6, 5], "car_2407": [5, 0], "car_1279": [4, 7], "car_1278": [1, 6], "car_1271": [1, 0], "car_1270": [7, 2], "car_1273": [1, 4], "car_1272": [7, 5], "car_1275": [6, 2], "car_1274": [4, 3], "car_1277": [7, 1], "car_1276": [2, 0], "car_2326": [1, 6], "car_2327": [3, 6], "car_1059": [5, 7], "car_1058": [2, 4], "car_1055": [5, 0], "car_1054": [6, 7], "car_1057": [0, 6], "car_1056": [3, 1], "car_1051": [5, 7], "car_1050": [2, 4], "car_1053": [3, 6], "car_1052": [1, 7], "car_2415": [4, 5], "car_2416": [6, 5], "car_69": [4, 7], "car_68": [1, 6], "car_2438": [7, 3], "car_2439": [1, 7], "car_61": [2, 5], "car_60": [0, 6], "car_63": [1, 7], "car_62": [7, 6], "car_65": [2, 4], "car_64": [0, 5], "car_67": [7, 3], "car_66": [5, 0], "car_1693": [3, 2], "car_1692": [7, 3], "car_1691": [5, 7], "car_1690": [2, 3], "car_1697": [5, 6], "car_1696": [0, 5], "car_969": [5, 2], "car_968": [0, 4], "car_967": [4, 5], "car_966": [3, 4], "car_965": [0, 5], "car_964": [6, 3], "car_963": [3, 7], "car_962": [1, 0], "car_961": [7, 0], "car_960": [5, 7], "car_1451": [1, 3], "car_1450": [5, 6], "car_1453": [6, 1], "car_1452": [3, 7], "car_1455": [2, 4], "car_1454": [0, 7], "car_1457": [1, 0], "car_1456": [7, 0], "car_1459": [5, 2], "car_1458": [2, 5], "car_2410": [3, 6], "car_2411": [7, 0], "car_1680": [2, 3], "car_1681": [7, 3], "car_1682": [1, 3], "car_1683": [3, 1], "car_1684": [6, 7], "car_1685": [0, 2], "car_1891": [6, 1], "car_1686": [2, 3], "car_1890": [0, 5], "car_1687": [5, 6], "car_1893": [5, 6], "car_545": [1, 6], "car_544": [7, 0], "car_547": [0, 2], "car_546": [3, 6], "car_541": [6, 2], "car_540": [4, 3], "car_543": [2, 6], "car_542": [0, 1], "car_1895": [0, 2], "car_549": [6, 1], "car_548": [2, 7], "car_819": [4, 7], "car_818": [3, 1], "car_2344": [5, 3], "car_2345": [1, 5], "car_2346": [3, 4], "car_2347": [0, 4], "car_2340": [1, 0], "car_1897": [7, 0], "car_2342": [6, 5], "car_2343": [0, 1], "car_2405": [6, 3], "car_1896": [2, 0], "car_2348": [2, 7], "car_2349": [5, 4], "car_33": [6, 4], "car_1767": [4, 3], "car_1766": [3, 6], "car_1765": [1, 6], "car_608": [1, 5], "car_609": [3, 1], "car_602": [5, 6], "car_603": [1, 7], "car_600": [4, 0], "car_601": [0, 1], "car_606": [0, 2], "car_607": [7, 2], "car_604": [3, 1], "car_605": [4, 7], "car_1761": [0, 5], "car_1760": [6, 4], "car_776": [1, 3], "car_777": [3, 2], "car_774": [6, 0], "car_775": [0, 3], "car_772": [7, 3], "car_773": [3, 7], "car_770": [6, 1], "car_771": [5, 3], "car_1768": [6, 7], "car_778": [6, 1], "car_779": [0, 7], "car_2418": [2, 5], "car_1750": [3, 5], "car_2419": [7, 3], "car_1994": [5, 0], "car_1995": [3, 0], "car_1996": [4, 5], "car_1997": [6, 0], "car_1990": [7, 2], "car_1991": [4, 2], "car_1992": [0, 3], "car_1993": [2, 7], "car_1998": [2, 1], "car_1999": [7, 3], "car_1842": [2, 3], "car_1806": [5, 4], "car_1840": [3, 0], "car_1841": [0, 2], "car_398": [0, 7], "car_399": [7, 0], "car_1844": [7, 2], "car_1807": [7, 2], "car_394": [0, 7], "car_395": [2, 3], "car_396": [0, 4], "car_397": [6, 2], "car_390": [7, 2], "car_391": [6, 7], "car_392": [0, 3], "car_393": [5, 7], "car_158": [7, 6], "car_159": [3, 1], "car_156": [2, 5], "car_157": [5, 3], "car_154": [7, 4], "car_155": [4, 0], "car_152": [4, 3], "car_153": [2, 5], "car_150": [5, 0], "car_151": [1, 7], "car_1208": [4, 5], "car_1209": [6, 4], "car_1204": [0, 1], "car_1205": [2, 7], "car_1206": [1, 2], "car_1207": [3, 0], "car_1200": [5, 7], "car_1201": [7, 4], "car_1202": [3, 4], "car_1203": [6, 7], "car_2403": [1, 2], "car_1808": [3, 4], "car_1809": [6, 1], "car_1510": [3, 4], "car_1511": [2, 0], "car_1512": [5, 0], "car_1513": [7, 0], "car_1514": [1, 3], "car_1515": [3, 4], "car_1516": [4, 6], "car_1517": [6, 3], "car_1518": [0, 1], "car_1519": [2, 3], "car_1198": [0, 3], "car_1199": [2, 7], "car_1194": [5, 0], "car_1195": [7, 2], "car_1196": [3, 1], "car_1197": [4, 7], "car_1190": [3, 7], "car_1191": [4, 5], "car_1192": [0, 6], "car_1193": [2, 1], "car_2429": [0, 5], "car_2428": [6, 3], "car_2425": [5, 2], "car_2424": [2, 4], "car_2427": [3, 2], "car_2426": [1, 4], "car_2421": [4, 0], "car_2126": [7, 6], "car_2423": [0, 3], "car_2422": [5, 3], "car_2127": [1, 5], "car_978": [1, 3], "car_979": [3, 2], "car_974": [3, 0], "car_975": [6, 1], "car_976": [2, 0], "car_977": [7, 0], "car_970": [1, 7], "car_971": [2, 3], "car_972": [7, 6], "car_973": [1, 4], "car_1424": [2, 7], "car_1425": [5, 4], "car_1426": [1, 5], "car_1427": [3, 4], "car_1420": [0, 7], "car_1421": [7, 3], "car_1422": [6, 2], "car_1423": [0, 4], "car_2402": [7, 0], "car_1428": [6, 0], "car_1429": [0, 3], "car_2128": [7, 0], "car_2129": [1, 0], "car_1738": [0, 4], "car_1739": [5, 3], "car_1730": [1, 5], "car_1731": [3, 7], "car_1732": [4, 5], "car_1733": [0, 3], "car_1734": [7, 1], "car_1735": [1, 5], "car_1736": [3, 7], "car_1737": [4, 1], "car_54": [0, 5], "car_55": [5, 7], "car_56": [1, 2], "car_57": [3, 1], "car_50": [7, 5], "car_51": [1, 3], "car_52": [6, 3], "car_53": [4, 5], "car_58": [4, 1], "car_59": [6, 3], "car_552": [2, 5], "car_805": [3, 1], "car_550": [2, 7], "car_551": [1, 0], "car_556": [3, 7], "car_557": [6, 7], "car_554": [7, 0], "car_555": [1, 6], "car_558": [5, 2], "car_559": [2, 7], "car_808": [0, 2], "car_809": [2, 1], "car_2357": [1, 0], "car_2356": [5, 4], "car_2355": [0, 6], "car_2354": [6, 0], "car_2353": [4, 1], "car_2352": [7, 1], "car_2351": [3, 6], "car_2350": [1, 7], "car_2359": [3, 4], "car_2358": [1, 5], "car_1757": [6, 5], "car_2339": [5, 2], "car_703": [3, 0], "car_702": [1, 3], "car_701": [7, 2], "car_700": [5, 7], "car_707": [1, 7], "car_706": [5, 7], "car_705": [0, 7], "car_704": [6, 4], "car_709": [7, 4], "car_708": [5, 7], "car_2221": [6, 5], "car_2308": [3, 1], "car_2400": [2, 6], "car_2309": [0, 4], "car_1987": [6, 2], "car_1986": [3, 5], "car_1985": [1, 4], "car_1984": [5, 2], "car_1983": [0, 3], "car_1982": [6, 7], "car_1981": [4, 2], "car_1980": [0, 1], "car_1989": [5, 2], "car_1988": [0, 6], "car_1855": [5, 7], "car_1796": [4, 6], "car_1857": [3, 7], "car_1856": [7, 6], "car_1851": [0, 2], "car_1850": [4, 7], "car_1853": [7, 2], "car_1797": [6, 4], "car_2336": [1, 0], "car_1859": [6, 0], "car_1794": [1, 0], "car_2230": [4, 6], "car_129": [3, 7], "car_128": [1, 4], "car_2231": [0, 4], "car_123": [2, 3], "car_122": [0, 5], "car_121": [3, 4], "car_120": [7, 3], "car_127": [5, 3], "car_126": [2, 5], "car_125": [4, 1], "car_124": [5, 0], "car_1790": [3, 1], "car_1219": [4, 6], "car_1218": [3, 4], "car_1217": [7, 6], "car_1216": [5, 1], "car_1215": [6, 7], "car_1214": [4, 0], "car_1213": [1, 0], "car_1212": [5, 1], "car_1211": [2, 3], "car_1210": [0, 1], "car_1415": [4, 7], "car_1414": [3, 5], "car_1417": [0, 4], "car_1416": [6, 3], "car_1411": [2, 1], "car_1410": [0, 3], "car_237": [1, 6], "car_236": [7, 6], "car_235": [6, 4], "car_234": [1, 0], "car_233": [5, 6], "car_232": [2, 5], "car_231": [4, 3], "car_230": [3, 0], "car_1412": [5, 4], "car_239": [0, 7], "car_238": [6, 7], "car_1503": [1, 4], "car_1502": [2, 5], "car_1501": [5, 6], "car_1500": [0, 2], "car_1507": [0, 1], "car_1506": [3, 7], "car_1505": [7, 2], "car_1504": [5, 1], "car_1509": [7, 4], "car_1508": [5, 7], "car_1189": [2, 4], "car_1188": [0, 4], "car_1187": [4, 2], "car_1186": [3, 6], "car_1185": [7, 1], "car_1184": [6, 0], "car_1183": [3, 0], "car_1182": [5, 4], "car_1181": [2, 3], "car_1180": [6, 0], "car_2182": [6, 3], "car_2183": [0, 2], "car_2180": [3, 0], "car_2181": [4, 7], "car_2186": [0, 3], "car_2187": [2, 4], "car_2184": [7, 2], "car_2185": [6, 5], "car_2188": [5, 1], "car_2189": [3, 0], "car_949": [5, 0], "car_948": [2, 1], "car_941": [4, 5], "car_940": [1, 5], "car_943": [1, 5], "car_942": [0, 1], "car_945": [6, 7], "car_944": [5, 1], "car_947": [6, 0], "car_946": [2, 5], "car_1437": [0, 7], "car_1436": [6, 5], "car_1435": [4, 1], "car_1434": [3, 5], "car_1433": [1, 0], "car_1432": [7, 5], "car_1431": [5, 2], "car_1430": [2, 4], "car_1439": [7, 1], "car_1438": [5, 6], "car_2238": [7, 1], "car_493": [1, 5], "car_492": [7, 2], "car_491": [5, 6], "car_490": [2, 5], "car_497": [3, 6], "car_496": [7, 5], "car_495": [0, 5], "car_494": [6, 2], "car_499": [2, 3], "car_498": [0, 2], "car_2296": [6, 4], "car_2297": [7, 1], "car_2294": [7, 4], "car_2239": [4, 5], "car_2292": [0, 4], "car_2293": [3, 5], "car_2290": [4, 5], "car_2291": [6, 5], "car_1918": [5, 7], "car_2298": [1, 5], "car_1919": [1, 4], "car_1729": [2, 3], "car_1728": [4, 2], "car_1723": [0, 4], "car_1722": [4, 1], "car_1721": [1, 6], "car_1720": [5, 2], "car_1727": [1, 5], "car_1726": [3, 0], "car_1725": [7, 5], "car_1724": [5, 4], "car_43": [6, 1], "car_42": [3, 5], "car_41": [1, 7], "car_40": [7, 3], "car_47": [0, 6], "car_46": [6, 3], "car_45": [1, 5], "car_44": [7, 1], "car_49": [5, 6], "car_48": [2, 0], "car_1916": [6, 7], "car_1917": [2, 3], "car_1858": [4, 2], "car_831": [4, 1], "car_830": [3, 0], "car_833": [7, 5], "car_832": [0, 5], "car_835": [4, 1], "car_834": [3, 1], "car_837": [7, 6], "car_836": [6, 1], "car_839": [5, 7], "car_838": [6, 3], "car_2360": [6, 1], "car_2361": [0, 1], "car_2366": [2, 0], "car_2367": [1, 5], "car_2364": [1, 2], "car_2365": [3, 5], "car_2168": [2, 1], "car_2169": [3, 0], "car_2160": [7, 2], "car_2161": [6, 3], "car_2162": [0, 1], "car_2163": [7, 3], "car_2164": [1, 4], "car_2165": [3, 7], "car_2166": [4, 6], "car_2167": [6, 5], "car_1941": [5, 3], "car_710": [1, 7], "car_711": [4, 0], "car_712": [0, 3], "car_713": [2, 7], "car_714": [5, 6], "car_715": [1, 4], "car_716": [0, 4], "car_717": [2, 3], "car_718": [5, 4], "car_719": [7, 2], "car_1892": [2, 6], "car_1894": [1, 2], "car_138": [6, 2], "car_139": [0, 7], "car_130": [4, 3], "car_131": [2, 7], "car_132": [5, 1], "car_133": [1, 4], "car_134": [6, 7], "car_135": [2, 5], "car_136": [7, 6], "car_137": [1, 7], "car_1222": [2, 3], "car_1223": [5, 1], "car_1220": [6, 4], "car_1221": [0, 7], "car_1226": [2, 7], "car_1227": [5, 0], "car_1224": [1, 3], "car_1225": [3, 4], "car_1886": [2, 1], "car_1887": [5, 2], "car_1228": [1, 5], "car_1229": [6, 2], "car_1882": [7, 5], "car_1883": [3, 2], "car_1880": [3, 7], "car_1881": [2, 4], "car_224": [2, 6], "car_225": [7, 3], "car_226": [1, 0], "car_227": [4, 7], "car_220": [4, 3], "car_221": [2, 7], "car_222": [3, 5], "car_223": [1, 4], "car_228": [2, 5], "car_229": [7, 6], "car_1086": [0, 3], "car_1087": [5, 3], "car_1084": [5, 6], "car_1085": [7, 6], "car_1082": [1, 0], "car_1083": [3, 0], "car_1080": [2, 1], "car_1081": [5, 1], "car_1088": [1, 5], "car_1089": [4, 3], "car_1536": [0, 6], "car_1537": [7, 6], "car_1534": [1, 2], "car_1535": [6, 7], "car_1532": [2, 5], "car_1533": [5, 7], "car_1530": [7, 6], "car_1531": [3, 5], "car_1538": [1, 2], "car_1539": [3, 1], "car_956": [3, 2], "car_957": [4, 6], "car_954": [5, 2], "car_955": [1, 2], "car_952": [0, 2], "car_953": [2, 0], "car_950": [1, 3], "car_951": [3, 5], "car_1827": [7, 2], "car_2199": [0, 2], "car_2198": [4, 7], "car_958": [0, 6], "car_959": [2, 6], "car_1158": [1, 5], "car_1159": [3, 4], "car_1408": [1, 4], "car_1409": [6, 1], "car_1829": [4, 2], "car_1150": [5, 2], "car_1151": [7, 6], "car_1152": [1, 6], "car_1153": [3, 5], "car_1154": [0, 6], "car_1155": [2, 0], "car_1156": [5, 7], "car_1157": [7, 1], "car_2380": [0, 5], "car_2381": [5, 3], "car_2382": [7, 4], "car_2383": [3, 0], "car_1826": [2, 6], "car_480": [3, 6], "car_481": [2, 5], "car_482": [7, 5], "car_483": [3, 2], "car_484": [4, 3], "car_485": [6, 0], "car_486": [0, 1], "car_487": [3, 5], "car_488": [6, 0], "car_489": [0, 3], "car_2283": [0, 4], "car_2282": [6, 7], "car_2285": [1, 4], "car_2284": [7, 3], "car_2287": [6, 3], "car_2286": [4, 7], "car_853": [0, 5], "car_852": [5, 7], "car_851": [6, 2], "car_582": [3, 1], "car_1718": [4, 3], "car_1719": [6, 2], "car_1716": [1, 3], "car_857": [6, 2], "car_1714": [5, 1], "car_1715": [7, 2], "car_1712": [0, 2], "car_1713": [2, 0], "car_1710": [4, 2], "car_856": [3, 2], "car_1828": [1, 3], "car_855": [1, 4], "car_854": [2, 6], "car_2379": [6, 0], "car_2378": [4, 2], "car_828": [0, 1], "car_829": [7, 6], "car_826": [4, 5], "car_827": [6, 3], "car_824": [7, 4], "car_825": [1, 4], "car_822": [2, 1], "car_823": [5, 1], "car_820": [6, 4], "car_821": [0, 6], "car_2179": [7, 5], "car_2178": [3, 6], "car_2173": [3, 1], "car_2172": [1, 0], "car_2171": [0, 2], "car_2170": [4, 1], "car_2177": [1, 7], "car_2176": [5, 7], "car_2175": [2, 1], "car_2174": [6, 1], "car_729": [4, 1], "car_728": [6, 5], "car_725": [0, 5], "car_724": [6, 2], "car_727": [4, 0], "car_726": [7, 5], "car_721": [0, 3], "car_720": [4, 0], "car_723": [3, 5], "car_722": [7, 5], "car_1795": [3, 2], "car_1792": [0, 5], "car_1793": [5, 0], "car_2440": [4, 3], "car_105": [1, 5], "car_104": [7, 6], "car_107": [6, 5], "car_106": [4, 3], "car_101": [4, 3], "car_100": [3, 1], "car_103": [5, 6], "car_102": [2, 6], "car_1888": [3, 5], "car_109": [6, 2], "car_108": [1, 6], "car_1791": [6, 4], "car_1235": [5, 7], "car_1234": [1, 0], "car_1237": [1, 4], "car_1236": [7, 0], "car_1231": [2, 5], "car_1230": [0, 7], "car_1233": [7, 4], "car_1232": [5, 2], "car_1899": [6, 4], "car_1898": [4, 7], "car_1239": [4, 0], "car_1238": [3, 4], "car_211": [7, 1], "car_210": [2, 5], "car_213": [6, 3], "car_212": [1, 2], "car_215": [1, 2], "car_214": [0, 1], "car_217": [4, 7], "car_216": [3, 2], "car_219": [3, 7], "car_218": [6, 4], "car_1529": [5, 6], "car_1528": [6, 1], "car_1521": [6, 0], "car_1520": [7, 6], "car_1523": [2, 5], "car_1522": [0, 3], "car_1525": [1, 3], "car_1524": [7, 1], "car_1527": [4, 1], "car_1526": [3, 6], "car_2313": [1, 2], "car_2312": [7, 5], "car_2311": [5, 0], "car_923": [6, 4], "car_922": [4, 5], "car_921": [1, 4], "car_920": [7, 6], "car_927": [4, 0], "car_926": [3, 4], "car_925": [5, 7], "car_924": [0, 2], "car_2317": [0, 1], "car_929": [2, 7], "car_928": [6, 5], "car_2316": [6, 3], "car_1149": [2, 1], "car_1148": [6, 4], "car_1419": [7, 0], "car_1418": [2, 1], "car_1143": [7, 6], "car_1142": [5, 2], "car_1141": [2, 6], "car_1140": [6, 1], "car_1147": [1, 7], "car_1146": [2, 3], "car_1145": [0, 4], "car_1144": [6, 4], "car_1099": [6, 7], "car_1098": [4, 1], "car_1091": [0, 1], "car_1090": [6, 2], "car_1093": [1, 6], "car_1092": [5, 1], "car_1095": [0, 2], "car_1094": [4, 5], "car_1097": [3, 7], "car_1096": [7, 4], "car_1701": [4, 5], "car_1700": [3, 4], "car_1703": [2, 7], "car_1702": [6, 0], "car_1705": [0, 3], "car_1704": [3, 7], "car_1707": [5, 3], "car_1706": [2, 1], "car_1709": [3, 0], "car_1708": [1, 5], "car_589": [2, 5], "car_588": [6, 2], "car_859": [5, 1], "car_858": [0, 2], "car_2384": [4, 7], "car_2385": [5, 0], "car_1695": [6, 4], "car_2387": [6, 2], "car_581": [2, 4], "car_580": [5, 4], "car_583": [4, 3], "car_850": [4, 1], "car_585": [7, 6], "car_584": [6, 4], "car_587": [4, 0], "car_586": [3, 1], "car_2002": [3, 5], "car_2148": [0, 7], "car_2149": [2, 3], "car_2146": [1, 6], "car_2147": [3, 0], "car_2144": [5, 1], "car_2145": [7, 2], "car_2142": [4, 1], "car_2143": [0, 6], "car_2140": [2, 5], "car_2141": [3, 4], "car_457": [4, 7], "car_456": [1, 4], "car_455": [5, 3], "car_454": [0, 2], "car_453": [1, 2], "car_452": [2, 4], "car_451": [0, 7], "car_450": [6, 2], "car_1878": [3, 4], "car_459": [0, 4], "car_458": [6, 5], "car_1877": [7, 3], "car_1876": [2, 0], "car_1875": [0, 6], "car_1874": [4, 7], "car_1873": [7, 6], "car_1872": [5, 4], "car_738": [3, 5], "car_739": [6, 4], "car_1871": [2, 4], "car_733": [6, 1], "car_732": [1, 2], "car_32": [4, 7], "car_730": [0, 1], "car_731": [5, 1], "car_736": [7, 5], "car_737": [1, 0], "car_734": [0, 6], "car_735": [5, 7], "car_1976": [2, 1], "car_1977": [5, 1], "car_1698": [7, 1], "car_38": [0, 4], "car_39": [2, 5], "car_2295": [3, 5], "car_1978": [7, 2], "car_1979": [3, 4], "car_2443": [2, 0], "car_2442": [0, 3], "car_2441": [6, 0], "car_112": [5, 3], "car_113": [1, 3], "car_110": [0, 6], "car_111": [2, 4], "car_116": [0, 2], "car_117": [1, 7], "car_114": [4, 5], "car_115": [6, 5], "car_2447": [3, 7], "car_118": [2, 7], "car_119": [5, 0], "car_2446": [1, 0], "car_2445": [7, 5], "car_2299": [3, 6], "car_1950": [1, 2], "car_1951": [4, 7], "car_1952": [6, 3], "car_1953": [2, 3], "car_1954": [5, 4], "car_1955": [1, 4], "car_208": [6, 4], "car_209": [0, 1], "car_206": [5, 1], "car_207": [1, 6], "car_204": [1, 2], "car_205": [4, 7], "car_202": [5, 1], "car_203": [7, 6], "car_200": [0, 1], "car_201": [2, 5], "car_1558": [0, 2], "car_1559": [5, 0], "car_1554": [7, 2], "car_1555": [3, 2], "car_1556": [4, 3], "car_1557": [6, 7], "car_1550": [5, 1], "car_1551": [7, 0], "car_1552": [4, 1], "car_1553": [6, 4], "car_1398": [4, 6], "car_1399": [6, 1], "car_1392": [1, 0], "car_1393": [5, 1], "car_1390": [5, 1], "car_1391": [7, 0], "car_1396": [5, 7], "car_1397": [1, 2], "car_1394": [1, 4], "car_1395": [0, 6], "car_930": [7, 2], "car_931": [1, 4], "car_932": [4, 6], "car_933": [6, 7], "car_934": [0, 6], "car_935": [2, 3], "car_936": [5, 0], "car_937": [7, 0], "car_938": [0, 5], "car_939": [7, 2], "car_6": [5, 4], "car_7": [1, 5], "car_4": [3, 6], "car_5": [4, 1], "car_2": [7, 2], "car_3": [1, 4], "car_1178": [3, 6], "car_1": [2, 7], "car_1176": [5, 1], "car_1177": [7, 0], "car_1174": [0, 1], "car_1175": [2, 4], "car_1172": [1, 7], "car_1173": [6, 3], "car_8": [4, 3], "car_9": [2, 5], "car_1774": [2, 0], "car_1775": [7, 0], "car_1776": [1, 5], "car_1777": [4, 3], "car_1770": [5, 4], "car_1771": [7, 0], "car_1772": [3, 7], "car_1773": [0, 4], "car_1778": [0, 6], "car_1779": [2, 1], "car_98": [5, 3], "car_99": [1, 0], "car_90": [1, 7], "car_91": [6, 4], "car_92": [0, 1], "car_93": [7, 4], "car_94": [1, 7], "car_95": [3, 6], "car_96": [6, 1], "car_97": [0, 7], "car_596": [3, 0], "car_597": [4, 6], "car_594": [6, 3], "car_595": [1, 2], "car_592": [1, 7], "car_593": [4, 1], "car_590": [5, 4], "car_591": [7, 5], "car_598": [0, 5], "car_599": [2, 6], "car_848": [5, 4], "car_849": [7, 2], "car_2391": [0, 1], "car_2390": [3, 2], "car_2397": [7, 2], "car_2396": [3, 5], "car_2395": [2, 6], "car_2394": [3, 2], "car_840": [7, 3], "car_841": [6, 3], "car_842": [2, 6], "car_843": [5, 0], "car_844": [7, 2], "car_845": [3, 0], "car_846": [6, 7], "car_847": [2, 3], "car_1608": [2, 0], "car_1609": [5, 6], "car_2153": [6, 4], "car_2152": [3, 4], "car_2155": [0, 5], "car_2154": [2, 5], "car_2157": [5, 0], "car_2156": [2, 0], "car_1600": [4, 7], "car_1601": [0, 4], "car_1602": [2, 1], "car_1603": [5, 3], "car_1604": [7, 5], "car_1605": [1, 4], "car_1606": [3, 6], "car_1607": [6, 7], "car_2369": [4, 6], "car_2362": [2, 7], "car_2363": [7, 0], "car_444": [6, 5], "car_445": [2, 7], "car_446": [5, 0], "car_447": [7, 2], "car_440": [6, 0], "car_441": [5, 2], "car_442": [3, 1], "car_443": [4, 1], "car_448": [1, 0], "car_449": [4, 0], "car_2201": [6, 4], "car_2200": [5, 7], "car_2209": [0, 7], "car_2208": [3, 0], "car_2324": [0, 6], "car_695": [4, 3], "car_694": [0, 4], "car_697": [5, 1], "car_696": [0, 2], "car_691": [2, 1], "car_690": [6, 3], "car_693": [4, 5], "car_692": [5, 2], "car_699": [4, 5], "car_698": [1, 7], "car_2399": [6, 3], "car_1943": [6, 5], "car_1942": [4, 1], "car_279": [0, 7], "car_278": [6, 4], "car_1947": [4, 5], "car_1946": [7, 5], "car_1945": [5, 0], "car_1944": [2, 0], "car_273": [7, 0], "car_272": [5, 7], "car_271": [2, 5], "car_270": [0, 4], "car_277": [1, 7], "car_276": [6, 0], "car_275": [4, 3], "car_274": [3, 2], "car_1925": [7, 5], "car_1549": [2, 4], "car_1548": [6, 1], "car_1547": [1, 0], "car_1546": [7, 6], "car_1545": [6, 0], "car_1544": [3, 6], "car_1543": [5, 6], "car_1542": [2, 3], "car_1541": [0, 4], "car_1540": [6, 2], "car_1389": [2, 7], "car_1388": [0, 4], "car_1385": [3, 6], "car_1384": [1, 0], "car_1387": [6, 0], "car_1386": [4, 2], "car_1381": [3, 2], "car_1380": [1, 3], "car_1383": [7, 2], "car_1382": [4, 5], "car_307": [5, 6], "car_306": [2, 7], "car_305": [6, 4], "car_304": [1, 3], "car_303": [7, 2], "car_302": [5, 6], "car_301": [2, 0], "car_300": [6, 4], "car_804": [1, 6], "car_309": [4, 6], "car_308": [7, 5], "car_909": [2, 5], "car_908": [6, 0], "car_905": [3, 7], "car_904": [1, 3], "car_907": [4, 3], "car_906": [2, 6], "car_901": [3, 0], "car_900": [1, 2], "car_903": [5, 7], "car_902": [4, 6], "car_1161": [0, 1], "car_1160": [4, 7], "car_1163": [7, 0], "car_1162": [2, 5], "car_1165": [5, 7], "car_1164": [4, 1], "car_1167": [3, 2], "car_1166": [7, 3], "car_1169": [0, 7], "car_1168": [6, 0], "car_2432": [1, 2], "car_2433": [0, 3], "car_2430": [5, 7], "car_2322": [4, 7], "car_2431": [7, 6], "car_2436": [2, 1], "car_2437": [5, 6], "car_2010": [1, 0], "car_2011": [4, 3], "car_2012": [6, 7], "car_2013": [7, 0], "car_2014": [1, 6], "car_2015": [3, 6], "car_2016": [4, 2], "car_2017": [6, 1], "car_2018": [4, 3], "car_2019": [2, 3], "car_2435": [4, 1], "car_87": [0, 4], "car_86": [3, 5], "car_85": [1, 6], "car_84": [7, 3], "car_83": [1, 4], "car_82": [7, 6], "car_81": [6, 3], "car_80": [1, 6], "car_2001": [0, 2], "car_89": [7, 3], "car_88": [2, 3], "car_2000": [4, 5], "car_875": [0, 3], "car_874": [6, 3], "car_877": [7, 3], "car_876": [2, 0], "car_871": [1, 5], "car_870": [7, 0], "car_873": [4, 0], "car_872": [3, 6], "car_1694": [4, 7], "car_879": [7, 2], "car_878": [6, 0], "car_1752": [7, 2], "car_1753": [4, 2], "car_1699": [6, 2], "car_2124": [0, 5], "car_2125": [5, 6], "car_1619": [0, 7], "car_1618": [6, 5], "car_2120": [1, 0], "car_2121": [3, 2], "car_2122": [5, 0], "car_2123": [3, 7], "car_1613": [0, 2], "car_1612": [6, 2], "car_1611": [4, 1], "car_1610": [3, 7], "car_1617": [4, 5], "car_1616": [1, 6], "car_1615": [7, 1], "car_1614": [5, 1], "car_1754": [6, 0], "car_1755": [7, 1], "car_2323": [6, 5], "car_471": [2, 5], "car_470": [0, 5], "car_473": [1, 2], "car_472": [7, 1], "car_475": [6, 1], "car_474": [3, 0], "car_477": [3, 6], "car_476": [1, 4], "car_479": [5, 1], "car_478": [6, 3], "car_2232": [2, 0], "car_2233": [7, 4], "car_2234": [1, 6], "car_2235": [6, 1], "car_2236": [0, 7], "car_2237": [5, 0], "car_2038": [7, 3], "car_2039": [6, 4], "car_1819": [2, 3], "car_1818": [4, 5], "car_2386": [3, 4], "car_682": [5, 4], "car_683": [7, 4], "car_680": [3, 6], "car_681": [0, 2], "car_686": [2, 7], "car_687": [5, 2], "car_684": [3, 6], "car_685": [6, 4], "car_688": [1, 5], "car_689": [4, 5], "car_1815": [2, 0], "car_1814": [0, 7], "car_2388": [5, 7], "car_2389": [7, 6], "car_1670": [1, 0], "car_1956": [3, 0], "car_1957": [4, 5], "car_1958": [2, 1], "car_1959": [7, 3], "car_2003": [7, 1], "car_268": [4, 7], "car_269": [6, 2], "car_1974": [6, 4], "car_1975": [0, 2], "car_1972": [3, 7], "car_1973": [4, 0], "car_1970": [5, 7], "car_1971": [1, 4], "car_260": [3, 2], "car_261": [6, 7], "car_262": [0, 4], "car_263": [2, 4], "car_264": [5, 0], "car_265": [7, 4], "car_266": [1, 7], "car_267": [3, 7], "car_1572": [4, 3], "car_1573": [6, 5], "car_1570": [1, 2], "car_1571": [3, 5], "car_1576": [4, 5], "car_1577": [5, 7], "car_1574": [7, 5], "car_1575": [1, 4], "car_1578": [7, 0], "car_1579": [1, 0], "car_1370": [5, 6], "car_1371": [7, 1], "car_1372": [1, 0], "car_1373": [0, 1], "car_1374": [1, 6], "car_1375": [4, 7], "car_1376": [6, 2], "car_1377": [0, 2], "car_1378": [2, 1], "car_1379": [7, 2], "car_314": [4, 3], "car_315": [6, 1], "car_316": [2, 5], "car_317": [3, 0], "car_310": [0, 3], "car_311": [2, 3], "car_312": [7, 3], "car_313": [1, 3], "car_318": [4, 7], "car_319": [6, 2], "car_918": [2, 1], "car_919": [5, 6], "car_912": [6, 0], "car_913": [1, 0], "car_910": [7, 2], "car_911": [3, 4], "car_916": [4, 7], "car_917": [6, 1], "car_914": [5, 6], "car_915": [7, 0], "car_1114": [3, 7], "car_1115": [0, 6], "car_1116": [2, 3], "car_1117": [5, 6], "car_1110": [1, 2], "car_1111": [0, 5], "car_1112": [1, 0], "car_1113": [7, 2], "car_1118": [7, 5], "car_1119": [1, 2], "car_1284": [2, 6], "car_1285": [5, 3], "car_1286": [7, 3], "car_1287": [1, 3], "car_1280": [2, 5], "car_1281": [1, 4], "car_1282": [3, 4], "car_1283": [0, 2], "car_2130": [0, 4], "car_1288": [0, 6], "car_1289": [1, 2], "car_1744": [1, 5], "car_1028": [1, 2], "car_1029": [4, 3], "car_1758": [7, 1], "car_1759": [3, 6], "car_2007": [6, 0], "car_2006": [4, 5], "car_2005": [2, 0], "car_2004": [0, 7], "car_1020": [5, 4], "car_1021": [1, 4], "car_1022": [3, 5], "car_1023": [4, 3], "car_1024": [6, 4], "car_1025": [0, 6], "car_1026": [2, 6], "car_1027": [7, 1], "car_1598": [5, 6], "car_1599": [1, 5], "car_1590": [7, 6], "car_1591": [0, 1], "car_1592": [2, 6], "car_1593": [7, 0], "car_1594": [1, 2], "car_1595": [3, 4], "car_1596": [4, 2], "car_1597": [2, 1], "car_1746": [4, 3], "car_862": [4, 2], "car_863": [1, 6], "car_860": [7, 0], "car_861": [1, 3], "car_866": [7, 4], "car_867": [3, 0], "car_864": [2, 3], "car_865": [5, 7], "car_868": [4, 1], "car_869": [5, 7], "car_1741": [4, 2], "car_2137": [4, 2], "car_2136": [7, 4], "car_2135": [0, 5], "car_2134": [6, 2], "car_2133": [4, 3], "car_2132": [3, 7], "car_1628": [5, 6], "car_1629": [3, 5], "car_1626": [4, 3], "car_1627": [6, 3], "car_1624": [1, 3], "car_1625": [3, 7], "car_1622": [5, 4], "car_1623": [7, 5], "car_1620": [2, 4], "car_1621": [7, 4], "car_1740": [3, 2]}