{"car_3253": [2, 1], "car_2009": [1, 0], "car_3196": [5, 0], "car_3197": [7, 4], "car_3194": [4, 3], "car_3195": [2, 5], "car_3192": [1, 5], "car_3193": [3, 0], "car_3190": [5, 3], "car_3191": [7, 0], "car_3198": [1, 7], "car_3199": [3, 5], "car_2229": [3, 7], "car_2228": [1, 0], "car_468": [6, 5], "car_469": [0, 5], "car_466": [3, 5], "car_467": [4, 0], "car_464": [7, 6], "car_465": [1, 6], "car_462": [2, 0], "car_463": [5, 0], "car_460": [6, 3], "car_461": [0, 1], "car_2455": [6, 7], "car_3068": [4, 7], "car_3069": [6, 3], "car_2751": [6, 3], "car_3062": [1, 4], "car_3063": [3, 5], "car_3060": [5, 3], "car_3061": [7, 3], "car_3066": [7, 5], "car_3067": [3, 1], "car_3064": [4, 0], "car_3065": [0, 3], "car_3268": [1, 2], "car_817": [2, 6], "car_816": [0, 6], "car_3260": [5, 1], "car_3261": [7, 0], "car_3262": [1, 7], "car_3263": [3, 2], "car_3264": [4, 6], "car_815": [6, 5], "car_3266": [0, 1], "car_3267": [7, 4], "car_2750": [4, 2], "car_814": [4, 5], "car_813": [3, 0], "car_812": [7, 0], "car_2072": [5, 2], "car_811": [5, 0], "car_2073": [7, 6], "car_810": [2, 7], "car_3214": [6, 1], "car_679": [2, 6], "car_678": [0, 4], "car_677": [6, 7], "car_676": [4, 7], "car_675": [3, 5], "car_674": [7, 5], "car_673": [2, 3], "car_672": [6, 3], "car_671": [4, 0], "car_670": [3, 5], "car_2771": [3, 5], "car_3213": [4, 6], "car_2770": [1, 3], "car_3212": [3, 0], "car_2078": [0, 1], "car_2079": [5, 1], "car_2456": [5, 4], "car_2341": [0, 6], "car_2670": [0, 6], "car_2671": [5, 7], "car_2754": [6, 5], "car_2672": [7, 0], "car_2223": [3, 7], "car_789": [6, 5], "car_788": [4, 7], "car_3338": [0, 3], "car_2222": [1, 0], "car_783": [3, 4], "car_782": [1, 2], "car_781": [7, 6], "car_780": [5, 1], "car_787": [2, 0], "car_786": [0, 5], "car_785": [6, 3], "car_784": [4, 2], "car_2220": [5, 4], "car_0": [0, 5], "car_2227": [7, 5], "car_1179": [3, 0], "car_2375": [6, 2], "car_2226": [2, 6], "car_3339": [2, 5], "car_2225": [0, 3], "car_2224": [4, 2], "car_255": [0, 1], "car_254": [4, 2], "car_257": [5, 7], "car_256": [2, 0], "car_251": [5, 6], "car_250": [2, 1], "car_253": [3, 0], "car_252": [1, 2], "car_1961": [7, 1], "car_1960": [5, 6], "car_1963": [6, 0], "car_1962": [4, 6], "car_259": [1, 7], "car_258": [7, 3], "car_1967": [4, 0], "car_1966": [7, 4], "car_1170": [2, 7], "car_1171": [5, 2], "car_1565": [3, 6], "car_1564": [1, 0], "car_1567": [6, 1], "car_1566": [4, 0], "car_1561": [2, 0], "car_1560": [0, 2], "car_1563": [7, 1], "car_1562": [5, 1], "car_1569": [2, 3], "car_1568": [0, 1], "car_1413": [6, 7], "car_1363": [3, 2], "car_1362": [7, 4], "car_1361": [2, 0], "car_1360": [6, 5], "car_1367": [5, 4], "car_1366": [2, 4], "car_1365": [6, 5], "car_1364": [4, 1], "car_1369": [3, 5], "car_1368": [1, 0], "car_2758": [3, 6], "car_2376": [0, 1], "car_321": [7, 4], "car_320": [2, 3], "car_323": [4, 7], "car_322": [1, 0], "car_325": [7, 3], "car_324": [6, 3], "car_327": [0, 2], "car_326": [3, 5], "car_329": [7, 6], "car_328": [5, 0], "car_2722": [0, 4], "car_2723": [5, 4], "car_2720": [4, 5], "car_2721": [6, 4], "car_2726": [4, 0], "car_2727": [5, 7], "car_2724": [7, 0], "car_2725": [1, 5], "car_2728": [7, 5], "car_2729": [1, 2], "car_1107": [0, 2], "car_1106": [6, 1], "car_1105": [4, 0], "car_1104": [3, 5], "car_1103": [1, 6], "car_1102": [5, 1], "car_1101": [2, 5], "car_1100": [0, 2], "car_1109": [7, 5], "car_1108": [2, 7], "car_1297": [5, 7], "car_1296": [2, 5], "car_1295": [0, 1], "car_1294": [4, 1], "car_1293": [3, 0], "car_1292": [7, 2], "car_1291": [0, 4], "car_1290": [4, 7], "car_1299": [1, 5], "car_1298": [7, 0], "car_2928": [0, 6], "car_2929": [2, 7], "car_2924": [2, 5], "car_2925": [7, 6], "car_2926": [1, 2], "car_2927": [3, 5], "car_2920": [5, 4], "car_2921": [7, 5], "car_2922": [1, 3], "car_2923": [4, 6], "car_2586": [5, 0], "car_2587": [7, 4], "car_2584": [6, 2], "car_2585": [0, 2], "car_2582": [3, 5], "car_2583": [4, 7], "car_2580": [5, 4], "car_2581": [7, 2], "car_2858": [3, 2], "car_2859": [4, 1], "car_2588": [1, 5], "car_2589": [3, 0], "car_2036": [2, 6], "car_2037": [1, 6], "car_1039": [5, 7], "car_1038": [0, 1], "car_1749": [5, 7], "car_1748": [2, 5], "car_2030": [6, 5], "car_2031": [2, 1], "car_1033": [2, 5], "car_1032": [0, 5], "car_1031": [6, 4], "car_1030": [3, 6], "car_1037": [6, 7], "car_1036": [3, 2], "car_1035": [7, 4], "car_1034": [5, 4], "car_1589": [1, 5], "car_1588": [7, 4], "car_1583": [5, 3], "car_1582": [0, 3], "car_1581": [6, 4], "car_1580": [4, 5], "car_1587": [0, 5], "car_1586": [6, 7], "car_1585": [4, 7], "car_1584": [7, 4], "car_1852": [4, 7], "car_1906": [4, 5], "car_3295": [2, 7], "car_3294": [0, 2], "car_3297": [7, 4], "car_3296": [5, 3], "car_3291": [1, 0], "car_3290": [7, 4], "car_899": [0, 2], "car_898": [6, 7], "car_897": [3, 0], "car_896": [1, 2], "car_895": [7, 3], "car_894": [5, 0], "car_893": [2, 0], "car_892": [6, 1], "car_891": [1, 5], "car_890": [2, 4], "car_2458": [3, 4], "car_2459": [4, 3], "car_2108": [0, 4], "car_2109": [2, 0], "car_2102": [2, 6], "car_2103": [5, 1], "car_2100": [4, 2], "car_2101": [6, 7], "car_2106": [4, 1], "car_2107": [6, 1], "car_2104": [7, 6], "car_2105": [1, 4], "car_1631": [7, 0], "car_1630": [5, 4], "car_1633": [3, 6], "car_1632": [1, 7], "car_1635": [6, 4], "car_1634": [4, 5], "car_1637": [2, 1], "car_1636": [0, 4], "car_1639": [7, 0], "car_1638": [5, 7], "car_1751": [1, 2], "car_2803": [3, 7], "car_2802": [1, 3], "car_2801": [7, 3], "car_3189": [2, 3], "car_3188": [0, 3], "car_2800": [2, 3], "car_3269": [3, 2], "car_3181": [4, 1], "car_2807": [7, 4], "car_1756": [3, 4], "car_3182": [0, 1], "car_3185": [1, 3], "car_3184": [7, 2], "car_3187": [6, 5], "car_2806": [5, 0], "car_2805": [0, 3], "car_3306": [0, 1], "car_2816": [6, 5], "car_2804": [4, 3], "car_3104": [4, 6], "car_2414": [3, 4], "car_419": [0, 3], "car_418": [6, 3], "car_2218": [0, 4], "car_2219": [2, 1], "car_413": [7, 5], "car_412": [5, 0], "car_411": [6, 2], "car_410": [4, 0], "car_417": [7, 0], "car_416": [0, 3], "car_415": [4, 3], "car_414": [1, 5], "car_2417": [2, 5], "car_1679": [0, 2], "car_1678": [6, 3], "car_2412": [5, 0], "car_2947": [5, 1], "car_2413": [7, 2], "car_3265": [6, 5], "car_3079": [4, 2], "car_3078": [3, 6], "car_3075": [2, 4], "car_3074": [0, 2], "car_3077": [7, 4], "car_3076": [5, 7], "car_3071": [1, 3], "car_3070": [0, 3], "car_3073": [6, 4], "car_3072": [4, 5], "car_527": [1, 3], "car_526": [7, 2], "car_525": [2, 6], "car_524": [4, 6], "car_523": [3, 6], "car_522": [1, 5], "car_521": [5, 1], "car_520": [2, 3], "car_3273": [2, 6], "car_1671": [2, 7], "car_3271": [6, 7], "car_1889": [1, 0], "car_3277": [4, 2], "car_3276": [3, 7], "car_529": [6, 3], "car_528": [4, 0], "car_1884": [1, 0], "car_1885": [3, 2], "car_2368": [1, 2], "car_2786": [4, 2], "car_2787": [0, 2], "car_668": [7, 1], "car_669": [1, 3], "car_664": [1, 3], "car_665": [4, 1], "car_666": [6, 7], "car_667": [5, 7], "car_660": [7, 0], "car_661": [1, 3], "car_662": [4, 3], "car_663": [5, 2], "car_2759": [4, 2], "car_1854": [2, 5], "car_2788": [2, 6], "car_3308": [5, 3], "car_2789": [5, 2], "car_2940": [2, 5], "car_798": [2, 5], "car_799": [5, 4], "car_790": [0, 1], "car_791": [2, 7], "car_792": [5, 4], "car_793": [1, 4], "car_794": [3, 6], "car_795": [4, 7], "car_796": [6, 4], "car_797": [0, 2], "car_242": [2, 7], "car_243": [5, 4], "car_240": [4, 7], "car_241": [6, 3], "car_246": [3, 2], "car_247": [4, 0], "car_244": [7, 1], "car_245": [1, 5], "car_1914": [2, 1], "car_1915": [5, 2], "car_248": [6, 5], "car_249": [0, 4], "car_1910": [5, 7], "car_1911": [7, 0], "car_1912": [1, 5], "car_1913": [0, 3], "car_1356": [7, 3], "car_1357": [1, 6], "car_1354": [2, 6], "car_1355": [5, 3], "car_1352": [6, 2], "car_1353": [0, 4], "car_1350": [3, 1], "car_1351": [4, 2], "car_1358": [3, 5], "car_1359": [4, 1], "car_1831": [2, 6], "car_1820": [0, 4], "car_1821": [5, 7], "car_1822": [1, 3], "car_1823": [4, 1], "car_1824": [6, 2], "car_1825": [0, 7], "car_338": [5, 6], "car_339": [7, 6], "car_336": [4, 3], "car_337": [6, 2], "car_334": [1, 6], "car_335": [3, 2], "car_332": [2, 4], "car_333": [7, 5], "car_330": [1, 2], "car_331": [4, 5], "car_2735": [2, 5], "car_2734": [4, 2], "car_1138": [1, 7], "car_1139": [3, 0], "car_2731": [0, 7], "car_2730": [4, 6], "car_2733": [3, 7], "car_2732": [2, 7], "car_1132": [5, 4], "car_1133": [3, 4], "car_1130": [1, 4], "car_1131": [6, 3], "car_1136": [5, 2], "car_1137": [7, 4], "car_1134": [0, 5], "car_1135": [2, 7], "car_1839": [1, 6], "car_2393": [3, 6], "car_1838": [7, 1], "car_2392": [1, 0], "car_3301": [2, 5], "car_3300": [0, 5], "car_2939": [0, 3], "car_2938": [6, 0], "car_2937": [4, 6], "car_2936": [3, 1], "car_2935": [1, 6], "car_2934": [5, 6], "car_2933": [0, 7], "car_2932": [6, 5], "car_2931": [4, 0], "car_2930": [5, 7], "car_2029": [4, 2], "car_2028": [3, 5], "car_2845": [2, 7], "car_2844": [0, 6], "car_2843": [6, 1], "car_2842": [4, 0], "car_2841": [3, 5], "car_2840": [7, 2], "car_2021": [5, 3], "car_2020": [4, 1], "car_2023": [4, 6], "car_2022": [3, 5], "car_2025": [2, 4], "car_2024": [6, 7], "car_2027": [7, 1], "car_2026": [5, 6], "car_2948": [1, 4], "car_2520": [3, 6], "car_1008": [5, 4], "car_1009": [3, 2], "car_1006": [0, 6], "car_1007": [2, 1], "car_1004": [5, 3], "car_1005": [1, 6], "car_1002": [0, 1], "car_1003": [2, 6], "car_1000": [4, 0], "car_1001": [6, 7], "car_2398": [4, 1], "car_2629": [6, 4], "car_2524": [2, 7], "car_2628": [4, 7], "car_3310": [1, 5], "car_2525": [5, 1], "car_2995": [7, 2], "car_2674": [6, 5], "car_1924": [6, 3], "car_2994": [6, 5], "car_2527": [1, 0], "car_2997": [4, 5], "car_36": [7, 4], "car_37": [1, 7], "car_34": [0, 7], "car_35": [2, 4], "car_888": [4, 3], "car_889": [0, 7], "car_30": [7, 2], "car_31": [1, 2], "car_884": [5, 0], "car_885": [7, 6], "car_886": [1, 0], "car_887": [3, 6], "car_880": [1, 3], "car_881": [3, 4], "car_882": [4, 2], "car_883": [6, 7], "car_2449": [6, 7], "car_2448": [4, 5], "car_2119": [0, 1], "car_2118": [6, 2], "car_2115": [7, 1], "car_2114": [2, 3], "car_2117": [4, 3], "car_2116": [3, 7], "car_2111": [1, 0], "car_2110": [5, 4], "car_2113": [0, 5], "car_2112": [3, 7], "car_1644": [1, 7], "car_1645": [3, 6], "car_1646": [4, 5], "car_1647": [6, 0], "car_1640": [4, 1], "car_1641": [6, 4], "car_1642": [0, 6], "car_1643": [7, 5], "car_3312": [6, 5], "car_1648": [2, 6], "car_1649": [5, 4], "car_2599": [6, 5], "car_2159": [3, 2], "car_2158": [1, 6], "car_2591": [6, 2], "car_2590": [4, 0], "car_2593": [5, 1], "car_2592": [2, 7], "car_2595": [0, 6], "car_2594": [7, 5], "car_2597": [7, 3], "car_2596": [5, 3], "car_3313": [0, 7], "car_2677": [7, 6], "car_2608": [7, 1], "car_408": [1, 2], "car_409": [3, 5], "car_2203": [0, 3], "car_2202": [4, 7], "car_2205": [3, 0], "car_2204": [1, 3], "car_2207": [0, 2], "car_2206": [6, 2], "car_400": [2, 7], "car_401": [5, 0], "car_402": [7, 2], "car_403": [3, 6], "car_404": [4, 5], "car_405": [0, 5], "car_406": [5, 6], "car_407": [7, 4], "car_1769": [6, 7], "car_3080": [6, 1], "car_3081": [2, 6], "car_3082": [5, 1], "car_3083": [1, 7], "car_3084": [6, 5], "car_3085": [5, 1], "car_3086": [7, 3], "car_3087": [1, 0], "car_3088": [6, 3], "car_3089": [0, 3], "car_2973": [0, 4], "car_534": [1, 6], "car_535": [4, 2], "car_536": [2, 0], "car_537": [5, 1], "car_530": [0, 4], "car_531": [2, 1], "car_532": [5, 4], "car_533": [7, 6], "car_3246": [6, 3], "car_3247": [0, 6], "car_3244": [7, 6], "car_3245": [1, 6], "car_538": [7, 2], "car_539": [1, 2], "car_3240": [7, 0], "car_3241": [3, 6], "car_2972": [6, 1], "car_3317": [3, 6], "car_2310": [3, 6], "car_659": [5, 2], "car_658": [0, 6], "car_651": [3, 0], "car_650": [1, 6], "car_653": [6, 2], "car_652": [4, 1], "car_655": [7, 0], "car_654": [5, 6], "car_657": [4, 2], "car_656": [1, 3], "car_2970": [3, 4], "car_2907": [2, 5], "car_2977": [3, 4], "car_2909": [1, 6], "car_2976": [1, 7], "car_2434": [4, 7], "car_1929": [2, 6], "car_2195": [3, 2], "car_2194": [1, 5], "car_1764": [0, 2], "car_2197": [6, 2], "car_2196": [4, 0], "car_2191": [0, 5], "car_1928": [4, 3], "car_2190": [6, 3], "car_2193": [7, 0], "car_1909": [2, 7], "car_1908": [0, 3], "car_1907": [6, 0], "car_1763": [6, 0], "car_1905": [1, 3], "car_1904": [2, 4], "car_1903": [4, 2], "car_1902": [3, 2], "car_1901": [1, 3], "car_1900": [5, 4], "car_1349": [7, 6], "car_1348": [5, 1], "car_1762": [3, 4], "car_1341": [5, 0], "car_1340": [2, 3], "car_1343": [1, 7], "car_1342": [7, 3], "car_1345": [4, 7], "car_1344": [3, 7], "car_1347": [0, 7], "car_1346": [6, 1], "car_3234": [2, 4], "car_3219": [4, 5], "car_2753": [3, 5], "car_3231": [4, 2], "car_2752": [0, 4], "car_3230": [7, 6], "car_2698": [0, 3], "car_1833": [3, 2], "car_1832": [1, 7], "car_349": [7, 4], "car_348": [2, 4], "car_1837": [2, 0], "car_1836": [0, 2], "car_1835": [6, 7], "car_1834": [4, 6], "car_343": [5, 3], "car_342": [0, 1], "car_341": [4, 0], "car_340": [1, 7], "car_347": [6, 7], "car_346": [3, 0], "car_345": [1, 5], "car_344": [7, 5], "car_2325": [2, 4], "car_1129": [7, 0], "car_1128": [5, 1], "car_2979": [6, 7], "car_1125": [4, 2], "car_1124": [3, 2], "car_1127": [0, 6], "car_1126": [6, 0], "car_1121": [4, 0], "car_1120": [3, 5], "car_1123": [5, 0], "car_1122": [0, 3], "car_1402": [0, 3], "car_2320": [5, 6], "car_1403": [7, 2], "car_2321": [7, 3], "car_1400": [1, 0], "car_1401": [3, 7], "car_2978": [4, 2], "car_1406": [0, 7], "car_1407": [2, 7], "car_2902": [1, 3], "car_2903": [3, 1], "car_2900": [5, 6], "car_2901": [7, 4], "car_2906": [0, 2], "car_1404": [3, 0], "car_2904": [4, 3], "car_2905": [6, 4], "car_2908": [5, 6], "car_1405": [4, 6], "car_2058": [4, 2], "car_2059": [6, 2], "car_2054": [2, 5], "car_2055": [7, 3], "car_2056": [1, 4], "car_2057": [3, 5], "car_2050": [5, 4], "car_2051": [1, 0], "car_2052": [4, 3], "car_2053": [0, 4], "car_1011": [6, 7], "car_1010": [4, 3], "car_1013": [5, 6], "car_1012": [0, 4], "car_1015": [3, 0], "car_1014": [7, 1], "car_1017": [6, 3], "car_1016": [4, 7], "car_1019": [7, 0], "car_1018": [2, 5], "car_2690": [4, 0], "car_2691": [6, 3], "car_2696": [3, 4], "car_2697": [4, 3], "car_2694": [7, 2], "car_2695": [1, 7], "car_2790": [7, 4], "car_25": [1, 0], "car_24": [7, 0], "car_27": [6, 7], "car_26": [4, 5], "car_21": [1, 7], "car_20": [5, 6], "car_23": [4, 3], "car_22": [3, 4], "car_29": [5, 3], "car_28": [2, 4], "car_2478": [5, 0], "car_2479": [7, 5], "car_2476": [0, 6], "car_2477": [2, 1], "car_2474": [3, 0], "car_2475": [6, 2], "car_2472": [5, 2], "car_2473": [7, 3], "car_2470": [1, 2], "car_2471": [2, 7], "car_1657": [3, 6], "car_1656": [1, 7], "car_1655": [7, 2], "car_1654": [2, 3], "car_1653": [0, 3], "car_1652": [6, 2], "car_1651": [3, 7], "car_1650": [7, 4], "car_1659": [0, 5], "car_1658": [6, 0], "car_2878": [7, 5], "car_2879": [1, 5], "car_2872": [0, 3], "car_2873": [1, 6], "car_2870": [3, 0], "car_2871": [4, 0], "car_2876": [2, 3], "car_2877": [5, 3], "car_2874": [3, 0], "car_2875": [6, 7], "car_2688": [7, 4], "car_1969": [5, 3], "car_2315": [7, 4], "car_1843": [2, 1], "car_3211": [1, 6], "car_435": [3, 2], "car_434": [7, 0], "car_437": [2, 4], "car_436": [0, 1], "car_431": [4, 0], "car_430": [3, 6], "car_433": [2, 7], "car_432": [6, 7], "car_1846": [1, 0], "car_439": [1, 6], "car_438": [7, 0], "car_1847": [3, 4], "car_2274": [6, 5], "car_2275": [0, 7], "car_2276": [5, 4], "car_2277": [7, 3], "car_2270": [7, 2], "car_2271": [1, 7], "car_2272": [3, 5], "car_2273": [4, 7], "car_1845": [7, 5], "car_2278": [1, 7], "car_2279": [3, 6], "car_1848": [6, 0], "car_2289": [3, 0], "car_1968": [6, 4], "car_1849": [2, 7], "car_2288": [2, 1], "car_1965": [2, 0], "car_1964": [0, 6], "car_3093": [3, 7], "car_3092": [1, 4], "car_3091": [7, 6], "car_3090": [5, 7], "car_3097": [7, 6], "car_3096": [5, 2], "car_3095": [2, 7], "car_3094": [6, 4], "car_3099": [6, 1], "car_3098": [1, 2], "car_3311": [4, 1], "car_501": [6, 7], "car_500": [4, 1], "car_503": [2, 7], "car_502": [0, 1], "car_505": [1, 4], "car_504": [7, 0], "car_507": [6, 3], "car_506": [3, 1], "car_509": [5, 7], "car_508": [0, 4], "car_2302": [2, 1], "car_2303": [5, 3], "car_2304": [7, 6], "car_2305": [1, 2], "car_2306": [4, 3], "car_2307": [2, 4], "car_2281": [0, 4], "car_1745": [3, 6], "car_2280": [4, 6], "car_2960": [0, 2], "car_646": [3, 2], "car_647": [6, 5], "car_644": [7, 5], "car_645": [1, 7], "car_642": [0, 3], "car_643": [2, 5], "car_640": [1, 5], "car_641": [6, 4], "car_2314": [5, 7], "car_648": [2, 7], "car_649": [5, 4], "car_2961": [2, 3], "car_2576": [5, 3], "car_2526": [7, 2], "car_1830": [0, 1], "car_2673": [3, 7], "car_2962": [5, 2], "car_2570": [5, 3], "car_2681": [2, 3], "car_2999": [2, 5], "car_2420": [1, 2], "car_2963": [7, 5], "car_2680": [6, 5], "car_2854": [2, 6], "car_2964": [1, 0], "car_2683": [7, 6], "car_1932": [3, 5], "car_1933": [4, 6], "car_1930": [5, 4], "car_1931": [1, 5], "car_1936": [5, 7], "car_1937": [1, 6], "car_1934": [0, 1], "car_1935": [2, 1], "car_1938": [3, 7], "car_1939": [4, 1], "car_2682": [5, 4], "car_1717": [0, 2], "car_1338": [4, 0], "car_1339": [0, 4], "car_1334": [2, 4], "car_1335": [5, 3], "car_1336": [7, 3], "car_1337": [3, 0], "car_1330": [1, 5], "car_1331": [5, 6], "car_1332": [7, 4], "car_1333": [0, 6], "car_1711": [0, 6], "car_2998": [0, 4], "car_358": [5, 1], "car_359": [7, 1], "car_1804": [2, 4], "car_1805": [7, 1], "car_1802": [3, 1], "car_1803": [4, 6], "car_1800": [5, 1], "car_1801": [1, 7], "car_350": [1, 4], "car_351": [6, 7], "car_352": [0, 2], "car_353": [2, 1], "car_354": [7, 3], "car_355": [4, 7], "car_356": [0, 1], "car_357": [2, 5], "car_1482": [2, 5], "car_1483": [7, 0], "car_1480": [6, 0], "car_1481": [0, 5], "car_1486": [6, 4], "car_1487": [0, 3], "car_1484": [1, 4], "car_1485": [4, 3], "car_1488": [2, 5], "car_1489": [5, 7], "car_1240": [6, 7], "car_1241": [0, 1], "car_1242": [5, 1], "car_1243": [1, 3], "car_1244": [3, 0], "car_1245": [4, 1], "car_1246": [6, 5], "car_1247": [0, 2], "car_1248": [2, 5], "car_1249": [5, 3], "car_1747": [6, 5], "car_2374": [4, 5], "car_1879": [4, 5], "car_2917": [6, 3], "car_2916": [4, 0], "car_2911": [6, 5], "car_2910": [3, 0], "car_2913": [5, 2], "car_2912": [2, 6], "car_2919": [2, 7], "car_2918": [0, 3], "car_2049": [0, 7], "car_2048": [6, 1], "car_2047": [4, 2], "car_2046": [7, 0], "car_2045": [2, 0], "car_2044": [6, 4], "car_2043": [3, 0], "car_2042": [5, 4], "car_2041": [2, 0], "car_2040": [0, 2], "car_1064": [0, 5], "car_1065": [2, 5], "car_1066": [7, 0], "car_1067": [3, 5], "car_1060": [7, 5], "car_1061": [3, 0], "car_1062": [4, 1], "car_1063": [6, 3], "car_2685": [4, 1], "car_2684": [1, 7], "car_2687": [5, 6], "car_2686": [6, 5], "car_1068": [4, 7], "car_1069": [6, 0], "car_1798": [4, 5], "car_1799": [0, 5], "car_10": [1, 7], "car_11": [3, 7], "car_12": [4, 5], "car_13": [2, 4], "car_14": [7, 1], "car_15": [1, 6], "car_16": [3, 2], "car_17": [4, 1], "car_18": [6, 4], "car_19": [0, 6], "car_2461": [2, 7], "car_2460": [6, 0], "car_1668": [1, 2], "car_1669": [4, 5], "car_2465": [3, 0], "car_2464": [1, 4], "car_2467": [6, 7], "car_2466": [4, 3], "car_1662": [1, 7], "car_1663": [3, 0], "car_1660": [2, 7], "car_1661": [5, 7], "car_1666": [0, 7], "car_1667": [7, 0], "car_1664": [4, 5], "car_1665": [6, 5], "car_1468": [6, 1], "car_1469": [0, 5], "car_1460": [4, 6], "car_1461": [6, 5], "car_1462": [2, 4], "car_1463": [5, 2], "car_1464": [7, 1], "car_1465": [6, 0], "car_1466": [0, 7], "car_1467": [2, 3], "car_2699": [3, 1], "car_2869": [0, 1], "car_2868": [6, 1], "car_2865": [1, 5], "car_2864": [7, 1], "car_2867": [4, 7], "car_2866": [3, 4], "car_2861": [0, 6], "car_2860": [6, 0], "car_2863": [5, 4], "car_2862": [2, 6], "car_2648": [4, 6], "car_422": [1, 0], "car_423": [3, 2], "car_420": [2, 0], "car_421": [7, 6], "car_426": [0, 4], "car_427": [5, 7], "car_424": [4, 2], "car_425": [6, 0], "car_3318": [6, 1], "car_3319": [0, 1], "car_428": [7, 1], "car_429": [1, 3], "car_2377": [2, 6], "car_2267": [6, 1], "car_2266": [4, 7], "car_2265": [3, 0], "car_2264": [1, 2], "car_2263": [7, 0], "car_2262": [5, 3], "car_2261": [2, 0], "car_2260": [6, 7], "car_2371": [6, 5], "car_2269": [2, 1], "car_2268": [0, 2], "car_2373": [5, 3], "car_2372": [0, 6], "car_2008": [7, 0], "car_2370": [4, 1], "car_3224": [4, 7], "car_3225": [2, 3], "car_2319": [2, 6], "car_2318": [6, 5], "car_3220": [0, 3], "car_3221": [2, 4], "car_518": [4, 5], "car_519": [6, 4], "car_516": [1, 7], "car_517": [3, 0], "car_514": [0, 6], "car_515": [5, 2], "car_512": [4, 1], "car_513": [6, 4], "car_510": [1, 6], "car_511": [3, 7], "car_1870": [0, 2], "car_2692": [0, 6], "car_2444": [5, 2], "car_633": [1, 7], "car_632": [7, 4], "car_631": [5, 0], "car_630": [2, 1], "car_637": [2, 7], "car_636": [0, 3], "car_635": [4, 7], "car_634": [3, 6], "car_2675": [0, 5], "car_639": [7, 2], "car_638": [5, 6], "car_3138": [0, 3], "car_3139": [2, 6], "car_2693": [5, 1], "car_3130": [4, 0], "car_3131": [6, 0], "car_3132": [0, 1], "car_3133": [2, 3], "car_3134": [5, 1], "car_3135": [1, 2], "car_3136": [4, 1], "car_3137": [6, 0], "car_189": [7, 3], "car_188": [5, 4], "car_185": [6, 4], "car_184": [4, 1], "car_187": [2, 5], "car_186": [0, 4], "car_181": [7, 6], "car_180": [5, 4], "car_183": [3, 0], "car_182": [1, 6], "car_749": [7, 4], "car_748": [5, 2], "car_747": [2, 1], "car_746": [6, 1], "car_745": [4, 7], "car_744": [3, 0], "car_743": [1, 6], "car_742": [7, 5], "car_741": [5, 1], "car_740": [0, 5], "car_2131": [0, 3], "car_3316": [7, 1], "car_2618": [0, 1], "car_299": [1, 5], "car_298": [5, 1], "car_1927": [3, 7], "car_1926": [5, 0], "car_1921": [5, 1], "car_1920": [2, 1], "car_1923": [3, 0], "car_1922": [1, 3], "car_291": [6, 0], "car_290": [4, 5], "car_293": [2, 3], "car_292": [0, 7], "car_295": [1, 6], "car_294": [7, 3], "car_297": [0, 1], "car_296": [3, 1], "car_1329": [7, 5], "car_1328": [5, 4], "car_1327": [0, 4], "car_1326": [6, 5], "car_1325": [4, 6], "car_1324": [1, 7], "car_1323": [7, 1], "car_1322": [5, 7], "car_1321": [6, 4], "car_1320": [4, 1], "car_365": [2, 6], "car_364": [0, 5], "car_367": [7, 4], "car_366": [5, 0], "car_361": [3, 6], "car_360": [1, 2], "car_363": [6, 2], "car_362": [4, 5], "car_1811": [5, 1], "car_1810": [2, 5], "car_1813": [4, 7], "car_1812": [1, 2], "car_369": [3, 4], "car_368": [1, 3], "car_1817": [3, 1], "car_1816": [7, 5], "car_167": [2, 4], "car_166": [0, 2], "car_165": [6, 1], "car_164": [4, 0], "car_163": [7, 6], "car_162": [2, 0], "car_161": [0, 5], "car_160": [6, 7], "car_169": [7, 4], "car_168": [5, 7], "car_1495": [7, 5], "car_1494": [2, 7], "car_1497": [3, 4], "car_1496": [1, 5], "car_1491": [3, 0], "car_1490": [1, 6], "car_1493": [0, 2], "car_1492": [6, 7], "car_1499": [0, 4], "car_1498": [4, 1], "car_1253": [0, 6], "car_1252": [6, 2], "car_1251": [3, 0], "car_1250": [7, 4], "car_1257": [6, 4], "car_1256": [3, 1], "car_1255": [1, 7], "car_1254": [2, 5], "car_2850": [7, 3], "car_1259": [1, 2], "car_1258": [7, 4], "car_2851": [1, 7], "car_1868": [4, 7], "car_2852": [4, 3], "car_2853": [6, 4], "car_3248": [2, 0], "car_1789": [7, 0], "car_1788": [5, 0], "car_2070": [0, 3], "car_2071": [2, 4], "car_2076": [4, 0], "car_2077": [6, 2], "car_2074": [1, 4], "car_2075": [3, 0], "car_1781": [0, 7], "car_1780": [6, 0], "car_1783": [5, 2], "car_1782": [2, 5], "car_1785": [1, 7], "car_1784": [7, 5], "car_1787": [4, 2], "car_1786": [3, 5], "car_1077": [5, 2], "car_1076": [2, 4], "car_1075": [0, 4], "car_1074": [6, 3], "car_1073": [4, 5], "car_1072": [3, 0], "car_1071": [1, 7], "car_1070": [5, 0], "car_2678": [1, 0], "car_2679": [3, 2], "car_1079": [1, 5], "car_1078": [7, 2], "car_3257": [3, 7], "car_2139": [7, 2], "car_3256": [1, 5], "car_2034": [3, 5], "car_2300": [4, 7], "car_2035": [4, 5], "car_2301": [6, 2], "car_2032": [5, 1], "car_2033": [7, 2], "car_2996": [3, 6], "car_2138": [5, 2], "car_985": [4, 7], "car_984": [3, 0], "car_987": [0, 2], "car_986": [6, 4], "car_981": [3, 4], "car_980": [5, 1], "car_983": [6, 0], "car_982": [4, 1], "car_1675": [1, 5], "car_1674": [0, 6], "car_1677": [4, 0], "car_1676": [3, 7], "car_989": [7, 2], "car_988": [2, 3], "car_1673": [7, 4], "car_1672": [5, 0], "car_2784": [5, 3], "car_2785": [1, 2], "car_1479": [3, 7], "car_1478": [5, 2], "car_2780": [4, 1], "car_2781": [6, 7], "car_2782": [0, 6], "car_2783": [2, 7], "car_1473": [1, 6], "car_1472": [7, 3], "car_1471": [5, 7], "car_1470": [2, 4], "car_1477": [2, 6], "car_1476": [0, 2], "car_1475": [4, 1], "car_1474": [3, 2], "car_2890": [5, 2], "car_2891": [1, 7], "car_2892": [3, 1], "car_2893": [4, 7], "car_2894": [6, 0], "car_1743": [2, 6], "car_2896": [7, 3], "car_2897": [4, 2], "car_2898": [0, 5], "car_2899": [2, 6], "car_1742": [6, 0], "car_2990": [2, 0], "car_2528": [4, 3], "car_2529": [0, 6], "car_2258": [3, 1], "car_2259": [4, 0], "car_3307": [2, 4], "car_2689": [1, 7], "car_3305": [6, 3], "car_3304": [4, 0], "car_2252": [4, 2], "car_2253": [6, 1], "car_2250": [1, 0], "car_2251": [3, 7], "car_2256": [5, 3], "car_2257": [7, 3], "car_2254": [0, 6], "car_2255": [2, 1], "car_2098": [7, 1], "car_2099": [3, 0], "car_2090": [3, 2], "car_2091": [4, 0], "car_2092": [6, 2], "car_2093": [5, 1], "car_2094": [3, 2], "car_2095": [6, 4], "car_2096": [0, 4], "car_2097": [2, 4], "car_2992": [1, 2], "car_3237": [6, 5], "car_3236": [3, 4], "car_569": [7, 5], "car_568": [5, 1], "car_3233": [0, 4], "car_3232": [6, 5], "car_2328": [3, 2], "car_2329": [4, 2], "car_563": [5, 6], "car_562": [0, 4], "car_561": [6, 5], "car_560": [4, 1], "car_567": [2, 0], "car_566": [0, 5], "car_565": [6, 2], "car_564": [7, 1], "car_2331": [0, 5], "car_620": [2, 4], "car_621": [5, 7], "car_622": [7, 0], "car_623": [1, 5], "car_624": [0, 1], "car_625": [2, 4], "car_626": [5, 2], "car_627": [7, 5], "car_628": [3, 2], "car_629": [6, 2], "car_1869": [6, 4], "car_3129": [3, 4], "car_3128": [1, 6], "car_3123": [4, 3], "car_3122": [1, 3], "car_3121": [7, 1], "car_3120": [5, 6], "car_3127": [7, 1], "car_3126": [5, 4], "car_3125": [2, 7], "car_3124": [0, 7], "car_1866": [2, 4], "car_1867": [1, 3], "car_198": [7, 6], "car_199": [3, 1], "car_2831": [4, 5], "car_192": [5, 7], "car_193": [4, 3], "car_190": [1, 6], "car_191": [2, 1], "car_196": [2, 7], "car_197": [5, 0], "car_194": [6, 5], "car_195": [0, 4], "car_758": [2, 1], "car_759": [7, 1], "car_754": [5, 7], "car_755": [3, 7], "car_756": [6, 4], "car_757": [0, 4], "car_750": [1, 5], "car_751": [4, 7], "car_752": [0, 4], "car_753": [2, 4], "car_1940": [6, 4], "car_3355": [6, 2], "car_2991": [7, 5], "car_3299": [6, 0], "car_3298": [3, 1], "car_286": [2, 0], "car_287": [5, 4], "car_284": [6, 5], "car_285": [0, 1], "car_282": [3, 5], "car_283": [4, 6], "car_280": [2, 3], "car_281": [7, 0], "car_3353": [3, 1], "car_1949": [7, 1], "car_288": [7, 4], "car_289": [1, 2], "car_1948": [5, 1], "car_2791": [3, 2], "car_1312": [1, 4], "car_1313": [3, 6], "car_1310": [2, 4], "car_1311": [5, 1], "car_1316": [2, 3], "car_1317": [5, 3], "car_1314": [4, 3], "car_1315": [0, 6], "car_1318": [7, 6], "car_1319": [3, 2], "car_2450": [0, 4], "car_2451": [2, 5], "car_2452": [1, 6], "car_372": [2, 3], "car_373": [5, 2], "car_370": [4, 6], "car_371": [6, 1], "car_376": [6, 5], "car_377": [0, 7], "car_374": [3, 7], "car_375": [4, 1], "car_1864": [3, 2], "car_1865": [4, 7], "car_378": [2, 1], "car_379": [5, 4], "car_1860": [6, 2], "car_1861": [0, 2], "car_1862": [5, 0], "car_1863": [7, 2], "car_174": [2, 0], "car_175": [7, 5], "car_176": [1, 7], "car_177": [3, 2], "car_170": [3, 0], "car_171": [4, 6], "car_172": [6, 7], "car_173": [0, 1], "car_2457": [1, 3], "car_178": [6, 0], "car_179": [2, 0], "car_2338": [1, 3], "car_1266": [4, 0], "car_1267": [0, 2], "car_1264": [1, 3], "car_1265": [3, 6], "car_1262": [2, 5], "car_1263": [5, 4], "car_1260": [3, 5], "car_1261": [4, 6], "car_2949": [4, 6], "car_1268": [2, 7], "car_1269": [5, 7], "car_2406": [2, 5], "car_2065": [4, 7], "car_2064": [3, 6], "car_1048": [3, 4], "car_1049": [6, 4], "car_2061": [5, 6], "car_2060": [2, 3], "car_2063": [1, 5], "car_2062": [7, 4], "car_1042": [3, 2], "car_1043": [4, 0], "car_1040": [7, 4], "car_1041": [1, 5], "car_1046": [5, 0], "car_1047": [1, 6], "car_1044": [0, 1], "car_1045": [2, 6], "car_2663": [4, 5], "car_2662": [1, 4], "car_2661": [7, 5], "car_2660": [5, 2], "car_2667": [1, 2], "car_2666": [2, 7], "car_2665": [0, 3], "car_2664": [6, 2], "car_2669": [4, 7], "car_2668": [3, 0], "car_2404": [6, 4], "car_78": [5, 2], "car_79": [1, 5], "car_72": [1, 2], "car_73": [3, 0], "car_70": [2, 3], "car_71": [7, 0], "car_76": [0, 7], "car_77": [2, 1], "car_74": [4, 1], "car_75": [6, 2], "car_992": [7, 4], "car_993": [3, 1], "car_990": [1, 6], "car_991": [0, 3], "car_996": [0, 6], "car_997": [5, 2], "car_994": [4, 1], "car_995": [6, 3], "car_1688": [1, 2], "car_1689": [3, 0], "car_998": [7, 2], "car_999": [1, 0], "car_2409": [6, 1], "car_2408": [3, 5], "car_2797": [4, 5], "car_2796": [1, 4], "car_2795": [5, 6], "car_2794": [2, 4], "car_2793": [6, 4], "car_2792": [4, 6], "car_1448": [4, 7], "car_1449": [6, 0], "car_1446": [1, 5], "car_1447": [3, 0], "car_1444": [2, 6], "car_1445": [5, 0], "car_1442": [6, 3], "car_1443": [0, 5], "car_1440": [3, 7], "car_1441": [4, 2], "car_2883": [0, 6], "car_2882": [6, 5], "car_2881": [4, 5], "car_2798": [6, 2], "car_2887": [3, 4], "car_2886": [1, 0], "car_2885": [5, 7], "car_2884": [2, 4], "car_2889": [0, 1], "car_2888": [4, 1], "car_2401": [5, 4], "car_2986": [7, 0], "car_3336": [4, 5], "car_3337": [6, 2], "car_2539": [6, 1], "car_2538": [4, 7], "car_2249": [5, 1], "car_2248": [2, 3], "car_3330": [1, 5], "car_3331": [3, 2], "car_2245": [7, 0], "car_2244": [5, 7], "car_2247": [0, 3], "car_2246": [6, 2], "car_2241": [4, 6], "car_2240": [3, 7], "car_2243": [2, 1], "car_2242": [6, 5], "car_2089": [1, 6], "car_2088": [0, 6], "car_2083": [5, 0], "car_2082": [6, 3], "car_2081": [3, 1], "car_2080": [1, 0], "car_2087": [6, 0], "car_2086": [3, 4], "car_2085": [1, 2], "car_2084": [7, 0], "car_3180": [3, 6], "car_3183": [2, 0], "car_3239": [5, 3], "car_2984": [0, 7], "car_3208": [2, 5], "car_3209": [5, 6], "car_3202": [0, 2], "car_3203": [7, 5], "car_3200": [4, 6], "car_3186": [4, 2], "car_3206": [4, 7], "car_3207": [0, 5], "car_3204": [1, 4], "car_3205": [3, 1], "car_578": [3, 7], "car_579": [4, 7], "car_2333": [7, 2], "car_2332": [2, 6], "car_2335": [0, 3], "car_2334": [6, 1], "car_2337": [5, 1], "car_553": [1, 5], "car_570": [1, 6], "car_571": [3, 1], "car_572": [4, 2], "car_573": [6, 1], "car_574": [2, 4], "car_806": [1, 4], "car_576": [7, 2], "car_577": [1, 3], "car_807": [3, 0], "car_800": [1, 6], "car_801": [4, 7], "car_802": [0, 2], "car_2192": [2, 3], "car_803": [2, 4], "car_2067": [0, 5], "car_2066": [6, 0], "car_619": [0, 3], "car_618": [6, 1], "car_615": [1, 5], "car_614": [7, 4], "car_617": [4, 5], "car_616": [3, 7], "car_611": [6, 7], "car_610": [4, 7], "car_613": [5, 6], "car_612": [0, 3], "car_2151": [0, 4], "car_3118": [0, 7], "car_3119": [2, 5], "car_3116": [3, 4], "car_3117": [6, 2], "car_3114": [5, 7], "car_3115": [1, 6], "car_3112": [0, 5], "car_3113": [2, 5], "car_3110": [4, 6], "car_3111": [6, 7], "car_2704": [1, 4], "car_2705": [3, 6], "car_2706": [6, 4], "car_2150": [6, 1], "car_2707": [2, 7], "car_2069": [4, 2], "car_2068": [1, 4], "car_2702": [0, 1], "car_2703": [2, 6], "car_769": [7, 2], "car_768": [0, 6], "car_2567": [4, 0], "car_761": [3, 6], "car_760": [1, 3], "car_763": [0, 7], "car_762": [4, 0], "car_765": [7, 6], "car_764": [2, 1], "car_767": [4, 1], "car_766": [1, 5], "car_2216": [3, 4], "car_2217": [4, 5], "car_2330": [6, 0], "car_2214": [7, 5], "car_2215": [1, 3], "car_2212": [0, 1], "car_2213": [2, 3], "car_2210": [4, 3], "car_2211": [6, 0], "car_575": [5, 2], "car_1305": [7, 5], "car_1304": [5, 4], "car_1307": [3, 6], "car_1306": [1, 3], "car_1301": [4, 5], "car_1300": [3, 2], "car_1303": [2, 0], "car_1302": [6, 5], "car_1309": [6, 0], "car_1308": [4, 5], "car_389": [2, 1], "car_388": [6, 4], "car_387": [4, 3], "car_386": [3, 0], "car_385": [1, 3], "car_384": [7, 3], "car_383": [5, 1], "car_382": [6, 7], "car_381": [4, 3], "car_380": [3, 0], "car_141": [7, 1], "car_140": [5, 3], "car_143": [3, 2], "car_142": [1, 3], "car_145": [6, 5], "car_144": [4, 0], "car_147": [2, 1], "car_146": [0, 1], "car_149": [3, 5], "car_148": [1, 3], "car_2407": [1, 5], "car_1279": [4, 0], "car_1278": [3, 5], "car_1271": [3, 4], "car_1270": [7, 4], "car_1273": [6, 3], "car_1272": [4, 0], "car_1275": [5, 1], "car_1274": [0, 2], "car_1277": [1, 0], "car_1276": [7, 1], "car_2326": [5, 0], "car_2847": [3, 7], "car_2327": [1, 6], "car_1059": [5, 7], "car_1058": [0, 2], "car_1055": [3, 0], "car_1054": [1, 7], "car_1057": [6, 5], "car_1056": [4, 3], "car_1051": [2, 7], "car_1050": [0, 4], "car_1053": [7, 4], "car_1052": [5, 3], "car_2656": [7, 2], "car_2657": [4, 1], "car_2654": [2, 4], "car_2655": [5, 2], "car_2652": [4, 6], "car_2653": [0, 1], "car_2650": [7, 0], "car_2651": [1, 0], "car_2415": [6, 7], "car_2658": [6, 7], "car_2659": [2, 4], "car_2416": [0, 5], "car_69": [0, 3], "car_68": [6, 1], "car_2438": [5, 2], "car_2439": [1, 5], "car_61": [3, 1], "car_60": [1, 5], "car_63": [0, 7], "car_62": [4, 3], "car_65": [5, 0], "car_64": [2, 7], "car_67": [4, 1], "car_66": [3, 7], "car_1693": [5, 4], "car_1692": [2, 6], "car_1691": [6, 5], "car_1690": [4, 2], "car_1697": [6, 4], "car_1696": [3, 4], "car_969": [3, 4], "car_968": [1, 7], "car_967": [7, 6], "car_966": [2, 6], "car_965": [0, 4], "car_964": [3, 0], "car_963": [1, 7], "car_962": [2, 6], "car_961": [0, 3], "car_960": [6, 5], "car_1451": [2, 7], "car_1450": [0, 7], "car_1453": [3, 4], "car_1452": [5, 1], "car_1455": [0, 7], "car_1454": [6, 3], "car_1457": [7, 0], "car_1456": [5, 6], "car_1459": [3, 2], "car_1458": [1, 7], "car_2410": [0, 3], "car_2837": [0, 1], "car_3329": [7, 6], "car_3328": [5, 7], "car_3175": [4, 2], "car_3321": [5, 3], "car_3320": [2, 0], "car_3323": [1, 6], "car_3322": [7, 2], "car_3325": [4, 0], "car_3279": [0, 7], "car_3327": [0, 1], "car_3326": [6, 1], "car_3278": [6, 0], "car_2411": [2, 4], "car_2508": [3, 4], "car_2509": [4, 3], "car_2506": [7, 0], "car_2507": [1, 0], "car_2504": [0, 5], "car_2505": [5, 3], "car_2502": [4, 1], "car_2503": [6, 2], "car_2500": [7, 2], "car_2501": [3, 4], "car_2737": [3, 2], "car_1680": [2, 4], "car_1681": [7, 4], "car_3173": [1, 3], "car_1682": [1, 3], "car_1683": [3, 1], "car_3272": [0, 2], "car_1684": [4, 3], "car_2736": [1, 3], "car_1685": [6, 5], "car_1891": [0, 5], "car_3270": [4, 1], "car_1686": [2, 3], "car_1890": [3, 1], "car_1687": [5, 1], "car_1893": [5, 7], "car_545": [7, 3], "car_544": [5, 7], "car_547": [3, 4], "car_546": [1, 4], "car_541": [6, 3], "car_540": [3, 5], "car_543": [2, 7], "car_542": [0, 4], "car_3215": [2, 7], "car_1895": [1, 2], "car_3217": [1, 5], "car_3216": [5, 1], "car_549": [6, 1], "car_548": [4, 5], "car_819": [3, 6], "car_818": [7, 4], "car_2344": [1, 7], "car_2345": [3, 6], "car_2346": [6, 1], "car_2347": [0, 1], "car_2340": [4, 0], "car_1897": [4, 2], "car_2342": [2, 1], "car_2343": [7, 5], "car_2405": [0, 1], "car_1896": [3, 2], "car_2348": [2, 0], "car_2349": [5, 1], "car_33": [4, 1], "car_1767": [1, 4], "car_1766": [7, 0], "car_1765": [5, 2], "car_608": [7, 0], "car_609": [3, 2], "car_2941": [5, 2], "car_602": [5, 2], "car_603": [7, 4], "car_600": [0, 5], "car_601": [2, 5], "car_606": [4, 2], "car_607": [0, 7], "car_604": [1, 3], "car_605": [3, 1], "car_3101": [2, 3], "car_3100": [0, 5], "car_3103": [3, 6], "car_3102": [7, 3], "car_3105": [0, 6], "car_1761": [1, 6], "car_3107": [7, 5], "car_3106": [2, 4], "car_3109": [3, 5], "car_3108": [1, 3], "car_1760": [5, 2], "car_2799": [0, 1], "car_776": [3, 6], "car_777": [6, 3], "car_774": [5, 6], "car_775": [7, 1], "car_772": [4, 0], "car_773": [0, 4], "car_770": [1, 6], "car_771": [3, 4], "car_1768": [3, 4], "car_778": [0, 5], "car_779": [2, 4], "car_2418": [5, 2], "car_2880": [3, 5], "car_1750": [7, 4], "car_2419": [7, 4], "car_3293": [6, 0], "car_3292": [3, 1], "car_3251": [6, 2], "car_1994": [4, 6], "car_1995": [6, 0], "car_1996": [0, 3], "car_1997": [5, 0], "car_1990": [0, 5], "car_1991": [2, 7], "car_1992": [7, 2], "car_1993": [1, 0], "car_1998": [6, 0], "car_1999": [5, 0], "car_2846": [7, 1], "car_3250": [4, 3], "car_1842": [0, 3], "car_1806": [1, 0], "car_1840": [3, 7], "car_1841": [4, 1], "car_398": [6, 7], "car_399": [0, 4], "car_1844": [5, 4], "car_1807": [3, 5], "car_394": [5, 3], "car_395": [1, 6], "car_396": [3, 5], "car_397": [4, 1], "car_390": [7, 0], "car_391": [1, 7], "car_392": [6, 1], "car_393": [0, 4], "car_158": [3, 2], "car_159": [4, 7], "car_156": [5, 2], "car_157": [7, 6], "car_154": [0, 5], "car_155": [2, 7], "car_152": [3, 6], "car_153": [4, 6], "car_150": [2, 1], "car_151": [5, 2], "car_1208": [7, 0], "car_1209": [1, 0], "car_1204": [4, 6], "car_1205": [6, 0], "car_1206": [0, 6], "car_1207": [2, 0], "car_1200": [0, 7], "car_1201": [5, 4], "car_1202": [7, 0], "car_1203": [3, 6], "car_2601": [7, 3], "car_2403": [4, 1], "car_3252": [0, 2], "car_3334": [7, 2], "car_3335": [1, 2], "car_1808": [6, 4], "car_3255": [7, 6], "car_3332": [4, 3], "car_1809": [0, 2], "car_3333": [0, 3], "car_2649": [2, 6], "car_2612": [7, 3], "car_2613": [1, 7], "car_2641": [1, 6], "car_2640": [7, 2], "car_2643": [6, 7], "car_2642": [4, 6], "car_2645": [5, 4], "car_2644": [0, 2], "car_2647": [3, 2], "car_2646": [7, 0], "car_1510": [1, 3], "car_1511": [3, 6], "car_1512": [6, 0], "car_1513": [2, 4], "car_1514": [7, 3], "car_1515": [1, 0], "car_1516": [3, 1], "car_1517": [6, 2], "car_1518": [0, 3], "car_1519": [2, 6], "car_2531": [5, 3], "car_2965": [3, 4], "car_2530": [2, 0], "car_2966": [4, 5], "car_3366": [4, 2], "car_2537": [5, 0], "car_2967": [6, 4], "car_2536": [2, 6], "car_2968": [7, 4], "car_2855": [5, 4], "car_1198": [4, 7], "car_1199": [6, 7], "car_2969": [1, 5], "car_1194": [3, 0], "car_1195": [2, 1], "car_1196": [7, 5], "car_1197": [1, 3], "car_1190": [0, 1], "car_1191": [2, 0], "car_1192": [7, 5], "car_1193": [1, 3], "car_2619": [2, 1], "car_2429": [6, 1], "car_2428": [4, 0], "car_2425": [7, 3], "car_2424": [2, 1], "car_2427": [3, 5], "car_2426": [1, 6], "car_2421": [3, 5], "car_2126": [7, 2], "car_2423": [0, 4], "car_2422": [4, 2], "car_2856": [7, 5], "car_2127": [1, 3], "car_978": [0, 4], "car_979": [2, 7], "car_974": [1, 5], "car_975": [3, 2], "car_976": [4, 7], "car_977": [6, 3], "car_970": [4, 2], "car_971": [6, 1], "car_972": [0, 3], "car_973": [5, 7], "car_1424": [2, 5], "car_1425": [5, 4], "car_1426": [7, 2], "car_1427": [1, 4], "car_1420": [7, 1], "car_1421": [4, 3], "car_1422": [6, 0], "car_1423": [0, 4], "car_2402": [1, 4], "car_1428": [3, 0], "car_1429": [6, 3], "car_2857": [1, 2], "car_3259": [2, 7], "car_3358": [1, 3], "car_3359": [4, 3], "car_3354": [4, 5], "car_2128": [3, 1], "car_3356": [0, 3], "car_3357": [7, 0], "car_3350": [0, 1], "car_3258": [6, 7], "car_3352": [5, 1], "car_2129": [4, 6], "car_2511": [0, 4], "car_2510": [6, 1], "car_2513": [7, 2], "car_2512": [5, 7], "car_2515": [3, 6], "car_2514": [1, 6], "car_2517": [6, 7], "car_2516": [4, 0], "car_2519": [5, 2], "car_2518": [2, 0], "car_1738": [5, 1], "car_1739": [7, 2], "car_1730": [6, 4], "car_1731": [0, 7], "car_1732": [5, 0], "car_1733": [7, 4], "car_1734": [4, 5], "car_1735": [6, 1], "car_1736": [0, 7], "car_1737": [2, 1], "car_54": [7, 2], "car_55": [1, 3], "car_56": [3, 6], "car_57": [4, 1], "car_50": [1, 7], "car_51": [3, 4], "car_52": [4, 7], "car_53": [6, 2], "car_58": [0, 6], "car_59": [5, 7], "car_2609": [6, 7], "car_552": [7, 3], "car_805": [7, 2], "car_550": [0, 3], "car_551": [2, 3], "car_556": [2, 3], "car_557": [7, 3], "car_554": [4, 6], "car_555": [0, 6], "car_558": [1, 5], "car_559": [3, 1], "car_808": [4, 1], "car_809": [6, 2], "car_2357": [1, 2], "car_2356": [5, 1], "car_2355": [2, 0], "car_2354": [0, 6], "car_2353": [6, 2], "car_2352": [4, 0], "car_2351": [3, 5], "car_2350": [7, 3], "car_2359": [6, 2], "car_2358": [4, 1], "car_1757": [6, 5], "car_2339": [3, 7], "car_2469": [7, 5], "car_3174": [3, 1], "car_2915": [1, 6], "car_3176": [6, 4], "car_3177": [2, 6], "car_3170": [0, 1], "car_3171": [2, 3], "car_3172": [5, 2], "car_2914": [7, 3], "car_3178": [5, 6], "car_3179": [1, 2], "car_2468": [0, 2], "car_703": [5, 4], "car_702": [2, 3], "car_701": [0, 7], "car_700": [3, 7], "car_707": [4, 7], "car_706": [3, 6], "car_705": [1, 4], "car_704": [7, 2], "car_709": [0, 2], "car_708": [6, 7], "car_3008": [0, 4], "car_3009": [2, 3], "car_3000": [5, 1], "car_3001": [7, 5], "car_3002": [3, 1], "car_3003": [6, 5], "car_3004": [7, 2], "car_3005": [1, 4], "car_3006": [3, 0], "car_3007": [6, 5], "car_2221": [7, 2], "car_2308": [5, 2], "car_2400": [2, 5], "car_2309": [1, 2], "car_3201": [6, 4], "car_1987": [3, 0], "car_1986": [1, 7], "car_1985": [7, 2], "car_1984": [5, 1], "car_1983": [2, 7], "car_1982": [0, 3], "car_1981": [6, 5], "car_1980": [1, 0], "car_1989": [6, 0], "car_1988": [4, 5], "car_2768": [5, 6], "car_1855": [5, 4], "car_1796": [1, 4], "car_1857": [1, 2], "car_1856": [7, 1], "car_1851": [1, 0], "car_1850": [7, 2], "car_1853": [6, 7], "car_1797": [3, 4], "car_2336": [2, 3], "car_1859": [4, 3], "car_1794": [0, 5], "car_2230": [0, 7], "car_129": [6, 5], "car_128": [4, 1], "car_2231": [2, 1], "car_123": [0, 7], "car_122": [6, 5], "car_121": [4, 7], "car_120": [3, 2], "car_127": [3, 4], "car_126": [1, 2], "car_125": [7, 2], "car_124": [2, 6], "car_1790": [1, 0], "car_1219": [5, 0], "car_1218": [2, 1], "car_1217": [0, 3], "car_1216": [6, 4], "car_1215": [4, 3], "car_1214": [3, 6], "car_1213": [2, 0], "car_1212": [0, 7], "car_1211": [6, 1], "car_1210": [4, 5], "car_1415": [1, 4], "car_1414": [0, 6], "car_1417": [4, 5], "car_1416": [3, 4], "car_1411": [5, 3], "car_1410": [6, 5], "car_237": [5, 3], "car_236": [0, 5], "car_235": [1, 4], "car_234": [7, 2], "car_233": [5, 6], "car_232": [2, 3], "car_231": [0, 6], "car_230": [6, 4], "car_1412": [7, 1], "car_239": [3, 6], "car_238": [1, 5], "car_2988": [4, 5], "car_2989": [6, 3], "car_2638": [2, 0], "car_2639": [5, 3], "car_2634": [1, 4], "car_2635": [3, 1], "car_2636": [4, 3], "car_2637": [6, 0], "car_2630": [0, 1], "car_2631": [2, 1], "car_2632": [5, 3], "car_2633": [7, 5], "car_1503": [3, 4], "car_1502": [1, 2], "car_1501": [7, 4], "car_1500": [2, 3], "car_1507": [2, 7], "car_1506": [0, 1], "car_1505": [6, 4], "car_1504": [4, 5], "car_1509": [7, 3], "car_1508": [5, 4], "car_1189": [4, 2], "car_1188": [1, 0], "car_1187": [7, 3], "car_1186": [2, 4], "car_1185": [4, 5], "car_1184": [3, 1], "car_1183": [1, 6], "car_1182": [7, 0], "car_1181": [0, 3], "car_1180": [4, 0], "car_2182": [3, 4], "car_2183": [4, 6], "car_2180": [7, 2], "car_2181": [1, 3], "car_2186": [7, 2], "car_2187": [1, 3], "car_2184": [6, 5], "car_2185": [5, 4], "car_2188": [3, 1], "car_2189": [4, 6], "car_949": [5, 3], "car_948": [2, 0], "car_2742": [5, 6], "car_2743": [7, 3], "car_2744": [1, 5], "car_2745": [3, 1], "car_2746": [6, 5], "car_2747": [5, 2], "car_941": [5, 4], "car_940": [2, 1], "car_943": [1, 3], "car_942": [7, 2], "car_945": [4, 7], "car_944": [3, 2], "car_947": [0, 5], "car_946": [6, 2], "car_1437": [0, 5], "car_1436": [4, 2], "car_1435": [3, 0], "car_1434": [1, 5], "car_1433": [7, 5], "car_1432": [5, 3], "car_1431": [2, 0], "car_1430": [0, 3], "car_1439": [1, 4], "car_1438": [5, 1], "car_2238": [7, 5], "car_2823": [5, 0], "car_493": [5, 0], "car_492": [0, 5], "car_491": [6, 1], "car_490": [4, 3], "car_497": [7, 5], "car_496": [4, 0], "car_495": [1, 0], "car_494": [7, 0], "car_3347": [3, 4], "car_3346": [7, 1], "car_499": [3, 7], "car_498": [1, 0], "car_3343": [6, 5], "car_3342": [3, 2], "car_3341": [1, 7], "car_3340": [7, 6], "car_2296": [6, 0], "car_2297": [0, 4], "car_2294": [3, 4], "car_2239": [1, 0], "car_2292": [5, 4], "car_2293": [7, 0], "car_2290": [4, 3], "car_2291": [6, 1], "car_1918": [6, 1], "car_2568": [6, 7], "car_2569": [2, 5], "car_2298": [7, 3], "car_1919": [0, 2], "car_1729": [4, 0], "car_1728": [3, 5], "car_1723": [0, 6], "car_1722": [6, 5], "car_1721": [3, 6], "car_1720": [7, 3], "car_1727": [1, 4], "car_1726": [7, 5], "car_1725": [5, 3], "car_1724": [2, 7], "car_43": [5, 6], "car_42": [2, 0], "car_41": [0, 4], "car_40": [6, 2], "car_47": [0, 6], "car_46": [4, 0], "car_45": [1, 0], "car_44": [7, 1], "car_49": [5, 6], "car_48": [2, 1], "car_1916": [7, 0], "car_3365": [3, 5], "car_1917": [1, 5], "car_3364": [1, 4], "car_1858": [3, 4], "car_831": [7, 3], "car_830": [5, 1], "car_833": [4, 0], "car_832": [1, 2], "car_835": [2, 4], "car_834": [6, 0], "car_837": [1, 7], "car_836": [5, 3], "car_839": [1, 6], "car_838": [0, 1], "car_2360": [0, 6], "car_2361": [2, 0], "car_2366": [5, 1], "car_2367": [7, 3], "car_2364": [4, 3], "car_2365": [0, 5], "car_2168": [7, 5], "car_2169": [1, 3], "car_2160": [4, 3], "car_2161": [6, 1], "car_2162": [0, 7], "car_2163": [1, 5], "car_2164": [6, 5], "car_2165": [0, 6], "car_2166": [2, 3], "car_2167": [5, 2], "car_2810": [0, 1], "car_2811": [2, 3], "car_2812": [5, 2], "car_2813": [7, 1], "car_1941": [0, 6], "car_2814": [1, 7], "car_3055": [7, 1], "car_2815": [4, 3], "car_2544": [0, 7], "car_3235": [7, 5], "car_2817": [0, 6], "car_3167": [7, 6], "car_3166": [2, 3], "car_3165": [0, 7], "car_3164": [3, 5], "car_3163": [1, 6], "car_3162": [7, 6], "car_3161": [5, 0], "car_3160": [2, 7], "car_2463": [7, 6], "car_3169": [4, 7], "car_3168": [3, 2], "car_2462": [5, 1], "car_3309": [7, 5], "car_710": [2, 1], "car_711": [7, 0], "car_712": [1, 7], "car_713": [3, 4], "car_714": [4, 7], "car_715": [0, 4], "car_716": [7, 0], "car_717": [1, 2], "car_718": [3, 1], "car_719": [4, 1], "car_1892": [2, 3], "car_3019": [4, 2], "car_3018": [3, 1], "car_3028": [2, 5], "car_3013": [4, 2], "car_3012": [3, 2], "car_3011": [7, 0], "car_3010": [5, 1], "car_3017": [7, 3], "car_3016": [5, 1], "car_3015": [0, 7], "car_2987": [1, 7], "car_1894": [7, 3], "car_2895": [5, 2], "car_138": [3, 4], "car_139": [6, 2], "car_130": [0, 2], "car_131": [7, 5], "car_132": [3, 4], "car_133": [6, 0], "car_134": [0, 2], "car_135": [2, 5], "car_136": [5, 4], "car_137": [7, 6], "car_1222": [3, 4], "car_1223": [4, 1], "car_1220": [7, 4], "car_1221": [1, 4], "car_1226": [2, 5], "car_1227": [5, 2], "car_1224": [6, 3], "car_1225": [0, 2], "car_1886": [2, 7], "car_1887": [5, 0], "car_1228": [7, 4], "car_1229": [1, 0], "car_1882": [5, 7], "car_1883": [7, 3], "car_1880": [0, 4], "car_1881": [2, 7], "car_2621": [7, 0], "car_224": [4, 0], "car_225": [6, 0], "car_226": [2, 0], "car_227": [1, 6], "car_220": [2, 6], "car_221": [5, 4], "car_222": [7, 0], "car_223": [1, 0], "car_228": [3, 1], "car_229": [4, 0], "car_1086": [3, 1], "car_1087": [4, 6], "car_1084": [7, 0], "car_1085": [1, 7], "car_1082": [2, 3], "car_1083": [5, 4], "car_1080": [4, 3], "car_1081": [0, 2], "car_2627": [3, 7], "car_2626": [1, 2], "car_2625": [7, 5], "car_2624": [6, 0], "car_2623": [3, 2], "car_2622": [1, 5], "car_1088": [0, 6], "car_1089": [2, 3], "car_1536": [4, 3], "car_1537": [6, 2], "car_1534": [7, 6], "car_1535": [3, 1], "car_1532": [0, 4], "car_1533": [5, 6], "car_1530": [3, 2], "car_1531": [6, 2], "car_1538": [2, 7], "car_1539": [7, 2], "car_956": [2, 6], "car_957": [7, 4], "car_954": [6, 3], "car_955": [0, 4], "car_952": [1, 2], "car_953": [4, 2], "car_950": [3, 6], "car_951": [7, 4], "car_1827": [5, 7], "car_2199": [7, 3], "car_2198": [0, 5], "car_958": [1, 6], "car_959": [3, 0], "car_1158": [0, 7], "car_1159": [5, 2], "car_1408": [5, 4], "car_1409": [4, 5], "car_2757": [1, 5], "car_2756": [7, 0], "car_2755": [0, 6], "car_1829": [6, 7], "car_1150": [4, 6], "car_1151": [6, 0], "car_1152": [5, 2], "car_1153": [7, 5], "car_1154": [1, 2], "car_1155": [3, 2], "car_1156": [4, 7], "car_1157": [6, 7], "car_2532": [7, 6], "car_2380": [1, 0], "car_2764": [3, 6], "car_2381": [3, 6], "car_2382": [4, 7], "car_2383": [6, 2], "car_1826": [2, 0], "car_3314": [7, 3], "car_3315": [2, 4], "car_480": [6, 2], "car_481": [0, 2], "car_482": [2, 4], "car_483": [5, 1], "car_484": [7, 3], "car_485": [1, 5], "car_486": [4, 0], "car_487": [6, 2], "car_488": [0, 1], "car_489": [2, 4], "car_2283": [7, 0], "car_2282": [2, 7], "car_2285": [4, 5], "car_2284": [1, 5], "car_2287": [0, 7], "car_2286": [6, 4], "car_2577": [3, 1], "car_853": [4, 1], "car_2575": [0, 4], "car_2574": [6, 4], "car_2573": [3, 4], "car_2572": [1, 2], "car_2571": [7, 4], "car_852": [3, 4], "car_851": [1, 0], "car_2579": [2, 4], "car_2578": [4, 1], "car_582": [2, 3], "car_1718": [2, 1], "car_1719": [5, 6], "car_1716": [4, 1], "car_857": [7, 5], "car_1714": [7, 6], "car_1715": [3, 4], "car_1712": [2, 4], "car_1713": [5, 7], "car_1710": [6, 7], "car_856": [5, 1], "car_2982": [5, 6], "car_1828": [4, 3], "car_855": [2, 7], "car_2983": [4, 5], "car_854": [0, 4], "car_2980": [0, 3], "car_2981": [2, 4], "car_2739": [6, 2], "car_2738": [4, 1], "car_2379": [7, 1], "car_2378": [5, 4], "car_828": [0, 7], "car_829": [2, 3], "car_826": [3, 2], "car_827": [6, 5], "car_824": [7, 5], "car_825": [1, 2], "car_822": [2, 3], "car_823": [5, 1], "car_820": [4, 1], "car_821": [6, 5], "car_2179": [5, 4], "car_2178": [2, 4], "car_2173": [2, 7], "car_2172": [6, 0], "car_2171": [4, 6], "car_2170": [3, 5], "car_2177": [6, 7], "car_2176": [4, 5], "car_2175": [1, 7], "car_2174": [7, 2], "car_3238": [2, 3], "car_2535": [4, 5], "car_3349": [6, 7], "car_3218": [3, 4], "car_3158": [4, 7], "car_3159": [6, 4], "car_2534": [3, 7], "car_3152": [3, 6], "car_3153": [4, 1], "car_3150": [7, 2], "car_3151": [1, 6], "car_3156": [7, 6], "car_3157": [1, 0], "car_3154": [6, 7], "car_3155": [0, 1], "car_729": [6, 5], "car_728": [4, 5], "car_725": [2, 6], "car_724": [6, 3], "car_727": [3, 0], "car_726": [1, 0], "car_721": [0, 5], "car_720": [6, 4], "car_723": [7, 3], "car_722": [5, 1], "car_2708": [5, 6], "car_3029": [5, 4], "car_3026": [6, 1], "car_3027": [0, 4], "car_3024": [1, 0], "car_3025": [3, 5], "car_3022": [5, 7], "car_3023": [7, 2], "car_3020": [6, 2], "car_3021": [2, 0], "car_2620": [5, 3], "car_3275": [1, 6], "car_1795": [2, 3], "car_3274": [7, 3], "car_1792": [4, 2], "car_3226": [7, 1], "car_1793": [6, 3], "car_2440": [4, 2], "car_105": [5, 3], "car_104": [2, 4], "car_107": [1, 6], "car_106": [7, 5], "car_101": [5, 2], "car_100": [2, 0], "car_103": [0, 2], "car_102": [7, 2], "car_1888": [7, 5], "car_109": [4, 6], "car_108": [3, 6], "car_1791": [3, 1], "car_1235": [6, 5], "car_1234": [3, 2], "car_1237": [1, 0], "car_1236": [7, 0], "car_1231": [6, 5], "car_1230": [3, 0], "car_1233": [7, 5], "car_1232": [0, 4], "car_1899": [0, 1], "car_1898": [6, 0], "car_1239": [4, 0], "car_1238": [3, 1], "car_3141": [6, 1], "car_211": [4, 5], "car_210": [3, 7], "car_213": [2, 1], "car_212": [0, 7], "car_215": [1, 5], "car_214": [7, 4], "car_217": [4, 0], "car_216": [3, 6], "car_219": [0, 5], "car_218": [6, 2], "car_2676": [5, 0], "car_1529": [1, 0], "car_1528": [7, 0], "car_2610": [0, 1], "car_2611": [2, 7], "car_2616": [0, 4], "car_2617": [5, 0], "car_2614": [3, 0], "car_2615": [4, 6], "car_1521": [7, 1], "car_1520": [5, 1], "car_1523": [3, 5], "car_1522": [1, 2], "car_1525": [6, 3], "car_1524": [4, 5], "car_1527": [2, 3], "car_1526": [0, 3], "car_3227": [1, 7], "car_2849": [2, 6], "car_2700": [4, 5], "car_2848": [4, 1], "car_2740": [0, 5], "car_3222": [5, 6], "car_2741": [2, 7], "car_3223": [7, 5], "car_2313": [2, 4], "car_2701": [6, 5], "car_2312": [0, 2], "car_2311": [6, 2], "car_923": [2, 0], "car_922": [0, 3], "car_921": [4, 6], "car_920": [1, 0], "car_927": [4, 2], "car_926": [3, 4], "car_925": [1, 7], "car_924": [5, 4], "car_2317": [4, 0], "car_929": [0, 2], "car_928": [6, 1], "car_2316": [1, 2], "car_2766": [0, 5], "car_2748": [7, 0], "car_1149": [1, 4], "car_1148": [7, 4], "car_1419": [5, 2], "car_1418": [0, 5], "car_2760": [2, 5], "car_2749": [1, 6], "car_1143": [2, 1], "car_1142": [0, 6], "car_1141": [6, 3], "car_1140": [4, 7], "car_1147": [5, 7], "car_1146": [3, 0], "car_1145": [1, 6], "car_1144": [5, 7], "car_1099": [3, 2], "car_1098": [1, 0], "car_1091": [3, 1], "car_1090": [7, 4], "car_1093": [6, 1], "car_1092": [4, 0], "car_1095": [2, 7], "car_1094": [0, 5], "car_1097": [7, 2], "car_1096": [5, 6], "car_2818": [1, 7], "car_2819": [3, 5], "car_2548": [4, 0], "car_2549": [0, 1], "car_3361": [0, 4], "car_3360": [6, 7], "car_3363": [7, 5], "car_3362": [2, 7], "car_2542": [3, 2], "car_2543": [4, 5], "car_2540": [5, 7], "car_2541": [1, 3], "car_2546": [5, 2], "car_2547": [1, 6], "car_2521": [4, 2], "car_2545": [2, 3], "car_1701": [3, 4], "car_1700": [1, 0], "car_1703": [0, 4], "car_1702": [6, 5], "car_1705": [5, 4], "car_1704": [2, 5], "car_1707": [1, 4], "car_1706": [7, 4], "car_1709": [4, 0], "car_1708": [3, 5], "car_2522": [6, 3], "car_2523": [0, 7], "car_589": [7, 1], "car_588": [2, 7], "car_859": [6, 0], "car_858": [4, 5], "car_2384": [0, 1], "car_2385": [5, 4], "car_1695": [1, 6], "car_2387": [3, 2], "car_581": [0, 4], "car_580": [6, 1], "car_583": [5, 7], "car_850": [7, 3], "car_585": [3, 0], "car_584": [1, 3], "car_587": [0, 7], "car_586": [6, 4], "car_2002": [3, 5], "car_2148": [3, 4], "car_2149": [4, 6], "car_2146": [5, 3], "car_2147": [7, 4], "car_2144": [0, 3], "car_2145": [2, 4], "car_2142": [4, 2], "car_2143": [6, 5], "car_2140": [1, 5], "car_2141": [3, 0], "car_2985": [2, 3], "car_3149": [0, 5], "car_3148": [6, 3], "car_3145": [1, 3], "car_3144": [7, 2], "car_3147": [4, 2], "car_3146": [3, 5], "car_2779": [3, 1], "car_3140": [1, 0], "car_3143": [5, 4], "car_3142": [2, 6], "car_457": [1, 0], "car_456": [5, 4], "car_455": [0, 1], "car_454": [3, 1], "car_453": [1, 6], "car_452": [7, 2], "car_451": [5, 1], "car_450": [0, 3], "car_1878": [3, 1], "car_459": [4, 7], "car_458": [3, 1], "car_1877": [7, 6], "car_1876": [5, 4], "car_2778": [1, 2], "car_2993": [3, 5], "car_1875": [2, 6], "car_1874": [0, 7], "car_1873": [4, 0], "car_1872": [7, 0], "car_738": [1, 4], "car_739": [4, 1], "car_1871": [2, 0], "car_733": [4, 0], "car_732": [1, 6], "car_32": [3, 2], "car_730": [0, 2], "car_731": [7, 2], "car_736": [2, 7], "car_737": [7, 6], "car_734": [6, 3], "car_735": [0, 3], "car_3031": [3, 7], "car_1976": [6, 5], "car_3033": [0, 6], "car_3032": [6, 4], "car_3035": [5, 1], "car_3034": [2, 1], "car_3037": [1, 2], "car_1977": [0, 4], "car_3039": [0, 6], "car_3038": [6, 5], "car_3348": [4, 1], "car_1698": [0, 2], "car_3345": [5, 0], "car_3344": [0, 7], "car_3030": [1, 3], "car_38": [3, 0], "car_39": [4, 2], "car_2564": [5, 0], "car_2565": [7, 1], "car_3036": [7, 4], "car_2566": [1, 3], "car_2295": [4, 1], "car_1978": [2, 3], "car_2560": [4, 5], "car_1979": [5, 7], "car_2561": [6, 5], "car_2562": [0, 2], "car_2563": [2, 7], "car_2443": [2, 4], "car_2442": [0, 6], "car_3351": [2, 4], "car_2441": [6, 2], "car_112": [5, 7], "car_113": [7, 1], "car_110": [6, 1], "car_111": [0, 2], "car_116": [0, 5], "car_117": [2, 3], "car_114": [1, 3], "car_115": [6, 1], "car_2447": [3, 5], "car_118": [7, 3], "car_119": [1, 6], "car_2446": [1, 4], "car_2445": [7, 1], "car_2299": [3, 5], "car_2533": [1, 2], "car_2453": [3, 7], "car_2454": [4, 3], "car_1950": [1, 6], "car_1951": [4, 2], "car_1952": [6, 2], "car_1953": [0, 4], "car_1954": [2, 1], "car_1955": [5, 3], "car_208": [5, 0], "car_209": [1, 5], "car_206": [0, 5], "car_207": [2, 4], "car_204": [3, 0], "car_205": [6, 1], "car_202": [5, 6], "car_203": [7, 1], "car_200": [4, 6], "car_201": [2, 6], "car_2605": [6, 7], "car_2604": [4, 7], "car_2607": [2, 3], "car_2606": [0, 6], "car_1558": [3, 7], "car_1559": [6, 2], "car_2603": [3, 0], "car_2602": [1, 2], "car_1554": [0, 6], "car_1555": [5, 7], "car_1556": [7, 3], "car_1557": [1, 0], "car_1550": [7, 3], "car_1551": [1, 4], "car_1552": [3, 6], "car_1553": [4, 0], "car_1398": [5, 3], "car_1399": [7, 5], "car_1392": [6, 1], "car_1393": [0, 7], "car_1390": [3, 1], "car_1391": [4, 7], "car_1396": [0, 7], "car_1397": [2, 6], "car_1394": [3, 4], "car_1395": [6, 3], "car_2598": [4, 2], "car_930": [2, 0], "car_931": [7, 2], "car_932": [3, 2], "car_933": [4, 5], "car_934": [0, 1], "car_935": [2, 6], "car_936": [5, 3], "car_937": [3, 5], "car_938": [4, 6], "car_939": [0, 5], "car_2773": [6, 7], "car_2772": [4, 0], "car_2775": [2, 7], "car_2774": [0, 3], "car_2777": [7, 5], "car_2776": [5, 7], "car_6": [6, 1], "car_7": [0, 2], "car_4": [1, 2], "car_5": [4, 6], "car_2": [5, 1], "car_3": [7, 3], "car_1178": [1, 4], "car_1": [2, 7], "car_1176": [2, 1], "car_1177": [5, 7], "car_1174": [4, 3], "car_1175": [0, 2], "car_1172": [7, 0], "car_1173": [3, 1], "car_8": [5, 3], "car_9": [7, 4], "car_2809": [6, 5], "car_2808": [4, 6], "car_2559": [3, 6], "car_2558": [7, 0], "car_2555": [6, 1], "car_2554": [4, 5], "car_2557": [2, 4], "car_2556": [0, 2], "car_2551": [5, 7], "car_2550": [2, 3], "car_2553": [1, 4], "car_2552": [7, 1], "car_1774": [2, 3], "car_1775": [5, 2], "car_1776": [7, 5], "car_1777": [1, 4], "car_1770": [2, 5], "car_1771": [7, 2], "car_1772": [1, 2], "car_1773": [6, 3], "car_1778": [3, 0], "car_1779": [4, 1], "car_98": [3, 2], "car_99": [6, 3], "car_90": [2, 6], "car_91": [5, 7], "car_92": [1, 3], "car_93": [4, 6], "car_94": [6, 3], "car_95": [0, 4], "car_96": [2, 7], "car_97": [1, 4], "car_596": [7, 6], "car_597": [1, 5], "car_594": [2, 4], "car_595": [5, 4], "car_592": [6, 4], "car_593": [0, 6], "car_590": [1, 3], "car_591": [3, 6], "car_598": [3, 1], "car_599": [6, 4], "car_848": [4, 3], "car_849": [5, 7], "car_2391": [5, 7], "car_2390": [0, 6], "car_2397": [7, 0], "car_2396": [5, 7], "car_2395": [6, 3], "car_2394": [4, 2], "car_840": [3, 5], "car_841": [6, 5], "car_842": [0, 4], "car_843": [2, 0], "car_844": [5, 1], "car_845": [7, 2], "car_846": [1, 4], "car_847": [3, 4], "car_1608": [4, 5], "car_1609": [6, 5], "car_2153": [7, 5], "car_2152": [5, 4], "car_2155": [4, 5], "car_2154": [1, 0], "car_2157": [0, 3], "car_2156": [6, 3], "car_1600": [5, 3], "car_1601": [7, 0], "car_1602": [1, 0], "car_1603": [4, 3], "car_1604": [0, 4], "car_1605": [2, 4], "car_1606": [7, 3], "car_1607": [1, 4], "car_2369": [3, 1], "car_2362": [5, 1], "car_2363": [3, 1], "car_444": [5, 7], "car_445": [7, 3], "car_446": [1, 3], "car_447": [3, 2], "car_440": [3, 6], "car_441": [4, 7], "car_442": [0, 1], "car_443": [2, 5], "car_448": [4, 2], "car_449": [6, 5], "car_2717": [5, 6], "car_2716": [6, 5], "car_3210": [7, 3], "car_2715": [4, 3], "car_2201": [3, 0], "car_2714": [3, 4], "car_2200": [1, 4], "car_2713": [1, 4], "car_2712": [5, 2], "car_2711": [4, 2], "car_2710": [3, 5], "car_3044": [4, 6], "car_3045": [6, 7], "car_3046": [2, 3], "car_3047": [5, 2], "car_3040": [2, 0], "car_3041": [7, 5], "car_3042": [1, 2], "car_3043": [3, 4], "car_3048": [1, 3], "car_3049": [3, 5], "car_2209": [3, 2], "car_2208": [1, 7], "car_2324": [4, 0], "car_695": [1, 3], "car_694": [7, 0], "car_697": [4, 2], "car_696": [3, 0], "car_691": [0, 3], "car_690": [6, 5], "car_693": [5, 6], "car_692": [2, 4], "car_699": [1, 5], "car_698": [5, 6], "car_2399": [6, 4], "car_1943": [1, 4], "car_1942": [7, 2], "car_279": [6, 2], "car_278": [3, 4], "car_1947": [0, 4], "car_1946": [6, 2], "car_1945": [4, 7], "car_1944": [3, 7], "car_273": [3, 6], "car_272": [0, 1], "car_271": [1, 5], "car_270": [5, 2], "car_277": [1, 2], "car_276": [5, 4], "car_275": [2, 5], "car_274": [6, 2], "car_2946": [2, 4], "car_1925": [0, 4], "car_2944": [4, 3], "car_2945": [6, 7], "car_2942": [1, 0], "car_2943": [3, 5], "car_1549": [5, 3], "car_1548": [2, 7], "car_1547": [0, 4], "car_1546": [3, 7], "car_1545": [1, 4], "car_1544": [7, 0], "car_1543": [6, 3], "car_1542": [4, 0], "car_1541": [3, 0], "car_1540": [1, 2], "car_1389": [7, 6], "car_1388": [0, 6], "car_1385": [3, 0], "car_1384": [7, 5], "car_1387": [6, 3], "car_1386": [4, 5], "car_1381": [0, 2], "car_1380": [3, 0], "car_1383": [5, 0], "car_1382": [2, 3], "car_307": [2, 1], "car_306": [6, 1], "car_305": [3, 2], "car_304": [1, 3], "car_303": [5, 7], "car_302": [2, 6], "car_301": [0, 7], "car_300": [6, 0], "car_804": [5, 0], "car_309": [3, 2], "car_308": [7, 4], "car_909": [6, 2], "car_908": [4, 7], "car_905": [5, 7], "car_904": [2, 7], "car_907": [3, 7], "car_906": [7, 2], "car_901": [1, 4], "car_900": [2, 7], "car_903": [0, 5], "car_902": [6, 1], "car_1161": [1, 7], "car_1160": [7, 6], "car_1163": [6, 5], "car_1162": [3, 7], "car_1165": [2, 4], "car_1164": [0, 3], "car_1167": [1, 4], "car_1166": [5, 0], "car_1169": [0, 6], "car_1168": [4, 5], "car_2432": [1, 5], "car_2433": [3, 0], "car_2430": [2, 3], "car_2322": [1, 5], "car_2431": [7, 2], "car_2838": [2, 0], "car_2839": [5, 6], "car_2836": [6, 3], "car_2436": [0, 2], "car_2834": [5, 6], "car_2835": [4, 2], "car_2832": [6, 0], "car_2833": [0, 2], "car_2830": [3, 5], "car_2437": [2, 3], "car_2010": [3, 6], "car_2011": [4, 3], "car_2012": [0, 6], "car_2013": [2, 3], "car_2014": [5, 0], "car_2015": [7, 3], "car_2016": [3, 5], "car_2017": [4, 6], "car_2018": [0, 5], "car_2019": [7, 4], "car_2435": [6, 5], "car_87": [4, 2], "car_86": [1, 7], "car_85": [7, 1], "car_84": [5, 6], "car_83": [2, 7], "car_82": [0, 5], "car_81": [4, 0], "car_80": [3, 5], "car_3249": [7, 3], "car_2001": [1, 7], "car_89": [0, 2], "car_88": [6, 3], "car_2000": [7, 3], "car_2498": [0, 6], "car_2499": [2, 1], "car_2494": [7, 1], "car_2495": [1, 5], "car_2496": [3, 1], "car_2497": [4, 0], "car_2490": [4, 1], "car_2491": [6, 7], "car_2492": [0, 6], "car_2493": [5, 6], "car_875": [4, 1], "car_874": [7, 0], "car_877": [0, 2], "car_876": [6, 5], "car_871": [0, 4], "car_870": [6, 1], "car_873": [5, 3], "car_872": [2, 4], "car_3228": [3, 5], "car_3242": [4, 3], "car_1694": [7, 3], "car_879": [5, 2], "car_878": [2, 6], "car_3243": [0, 3], "car_1752": [4, 7], "car_1753": [6, 5], "car_1699": [2, 0], "car_2124": [4, 5], "car_2125": [0, 1], "car_1619": [4, 6], "car_1618": [3, 7], "car_2120": [2, 6], "car_2121": [5, 6], "car_2122": [7, 4], "car_2123": [3, 6], "car_1613": [3, 5], "car_1612": [7, 4], "car_1611": [5, 7], "car_1610": [0, 1], "car_1617": [1, 7], "car_1616": [5, 6], "car_1615": [2, 0], "car_1614": [6, 3], "car_1754": [2, 3], "car_1755": [7, 0], "car_2767": [2, 5], "car_2323": [3, 0], "car_471": [7, 2], "car_470": [2, 7], "car_473": [3, 5], "car_472": [1, 5], "car_475": [6, 5], "car_474": [4, 6], "car_477": [2, 1], "car_476": [0, 5], "car_479": [4, 0], "car_478": [7, 4], "car_2232": [5, 7], "car_2233": [1, 2], "car_2234": [4, 1], "car_2235": [6, 2], "car_2236": [0, 7], "car_2237": [2, 1], "car_2769": [7, 2], "car_2765": [6, 5], "car_2038": [3, 4], "car_2709": [7, 6], "car_3229": [5, 7], "car_3057": [4, 7], "car_3056": [1, 3], "car_2762": [7, 6], "car_3054": [5, 2], "car_3053": [2, 7], "car_3052": [0, 4], "car_3051": [6, 4], "car_3050": [4, 7], "car_3059": [0, 6], "car_3058": [6, 0], "car_3303": [3, 4], "car_2039": [6, 4], "car_2763": [1, 7], "car_1819": [6, 7], "car_1818": [4, 6], "car_2386": [7, 5], "car_682": [1, 7], "car_683": [3, 5], "car_680": [5, 1], "car_681": [7, 4], "car_686": [2, 3], "car_687": [5, 3], "car_684": [4, 6], "car_685": [6, 1], "car_688": [7, 2], "car_689": [4, 0], "car_2481": [4, 2], "car_2761": [5, 4], "car_3282": [0, 4], "car_3283": [2, 1], "car_1815": [2, 3], "car_3280": [1, 5], "car_1814": [0, 6], "car_3281": [3, 6], "car_3286": [6, 4], "car_2388": [4, 2], "car_3287": [0, 2], "car_3284": [1, 2], "car_3285": [4, 6], "car_2389": [6, 3], "car_3288": [2, 0], "car_3289": [5, 0], "car_1670": [0, 7], "car_1956": [7, 3], "car_3302": [5, 3], "car_1957": [4, 3], "car_3324": [3, 2], "car_1958": [0, 7], "car_1959": [2, 3], "car_2003": [4, 1], "car_268": [6, 7], "car_269": [2, 6], "car_1974": [3, 0], "car_1975": [4, 1], "car_1972": [4, 3], "car_1973": [6, 5], "car_1970": [7, 2], "car_1971": [1, 4], "car_260": [6, 4], "car_261": [7, 3], "car_262": [3, 7], "car_263": [4, 6], "car_264": [0, 7], "car_265": [5, 6], "car_266": [3, 1], "car_267": [4, 2], "car_1572": [1, 7], "car_1573": [3, 6], "car_1570": [5, 1], "car_1571": [7, 1], "car_1576": [0, 6], "car_1577": [2, 7], "car_1574": [4, 1], "car_1575": [6, 7], "car_1578": [7, 0], "car_1579": [3, 5], "car_2971": [4, 7], "car_1370": [4, 0], "car_1371": [6, 7], "car_1372": [0, 5], "car_1373": [5, 7], "car_1374": [1, 2], "car_1375": [3, 2], "car_1376": [4, 1], "car_1377": [0, 4], "car_1378": [7, 3], "car_1379": [1, 4], "car_3014": [6, 2], "car_3254": [5, 2], "car_2600": [0, 2], "car_2975": [5, 0], "car_2974": [2, 5], "car_314": [7, 2], "car_315": [1, 2], "car_316": [3, 2], "car_317": [4, 6], "car_310": [4, 7], "car_311": [6, 2], "car_312": [0, 2], "car_313": [5, 4], "car_318": [6, 0], "car_319": [0, 1], "car_918": [5, 2], "car_919": [7, 5], "car_2719": [1, 3], "car_2718": [7, 4], "car_912": [7, 1], "car_913": [1, 2], "car_910": [0, 6], "car_911": [2, 5], "car_916": [0, 3], "car_917": [2, 0], "car_914": [3, 1], "car_915": [6, 7], "car_1114": [1, 3], "car_1115": [3, 2], "car_1116": [4, 1], "car_1117": [6, 7], "car_1110": [1, 7], "car_1111": [4, 1], "car_1112": [0, 7], "car_1113": [5, 2], "car_1118": [2, 0], "car_1119": [7, 4], "car_1284": [4, 5], "car_1285": [6, 5], "car_1286": [5, 2], "car_1287": [7, 5], "car_1280": [6, 4], "car_1281": [7, 3], "car_1282": [1, 2], "car_1283": [3, 6], "car_2130": [6, 2], "car_1288": [1, 2], "car_1289": [3, 2], "car_2959": [4, 3], "car_2958": [7, 1], "car_2951": [0, 3], "car_2950": [6, 7], "car_2953": [5, 3], "car_2952": [2, 5], "car_2955": [4, 0], "car_2954": [7, 4], "car_2957": [0, 2], "car_2956": [6, 2], "car_2821": [6, 1], "car_2820": [4, 1], "car_1744": [7, 0], "car_2822": [2, 4], "car_2825": [3, 0], "car_2824": [7, 1], "car_2827": [6, 2], "car_2826": [4, 3], "car_2829": [1, 2], "car_2828": [0, 1], "car_1028": [7, 2], "car_1029": [1, 7], "car_1758": [0, 4], "car_1759": [2, 7], "car_2007": [5, 3], "car_2006": [2, 4], "car_2005": [0, 2], "car_2004": [6, 0], "car_1020": [1, 6], "car_1021": [6, 1], "car_1022": [0, 1], "car_1023": [5, 6], "car_1024": [3, 7], "car_1025": [0, 5], "car_1026": [2, 6], "car_1027": [5, 2], "car_1598": [0, 3], "car_1599": [2, 5], "car_1590": [4, 6], "car_1591": [7, 1], "car_1592": [3, 0], "car_1593": [4, 7], "car_1594": [6, 2], "car_1595": [7, 0], "car_1596": [3, 7], "car_1597": [4, 0], "car_2489": [3, 6], "car_2488": [2, 6], "car_2487": [0, 4], "car_2486": [6, 1], "car_2485": [3, 7], "car_2484": [1, 5], "car_2483": [2, 4], "car_2482": [6, 2], "car_1746": [4, 6], "car_2480": [3, 6], "car_862": [1, 0], "car_863": [4, 7], "car_860": [2, 5], "car_861": [7, 2], "car_866": [2, 3], "car_867": [5, 2], "car_864": [6, 7], "car_865": [0, 1], "car_868": [1, 4], "car_869": [4, 3], "car_1741": [4, 3], "car_2137": [2, 3], "car_2136": [0, 6], "car_2135": [6, 2], "car_2134": [7, 1], "car_2133": [5, 7], "car_2132": [2, 3], "car_1628": [0, 2], "car_1629": [2, 5], "car_1626": [4, 2], "car_1627": [6, 3], "car_1624": [1, 7], "car_1625": [3, 0], "car_1622": [2, 4], "car_1623": [5, 0], "car_1620": [6, 1], "car_1621": [0, 6], "car_1740": [1, 3]}