{"car_468": [2, 5], "car_469": [7, 2], "car_466": [4, 2], "car_467": [6, 4], "car_464": [5, 1], "car_465": [3, 0], "car_462": [0, 7], "car_463": [2, 3], "car_460": [7, 2], "car_461": [3, 5], "car_817": [7, 2], "car_816": [2, 4], "car_815": [0, 1], "car_814": [4, 5], "car_813": [1, 0], "car_812": [7, 1], "car_811": [5, 0], "car_810": [0, 3], "car_679": [4, 6], "car_678": [5, 2], "car_677": [2, 1], "car_676": [0, 1], "car_675": [3, 4], "car_674": [1, 7], "car_673": [7, 4], "car_672": [0, 6], "car_671": [6, 2], "car_670": [1, 0], "car_789": [0, 5], "car_788": [3, 5], "car_783": [5, 3], "car_782": [2, 0], "car_781": [0, 4], "car_780": [6, 5], "car_787": [0, 2], "car_786": [1, 4], "car_785": [5, 6], "car_784": [0, 3], "car_0": [6, 2], "car_1179": [5, 3], "car_255": [3, 4], "car_254": [2, 5], "car_257": [1, 6], "car_256": [5, 0], "car_251": [1, 7], "car_250": [5, 0], "car_253": [1, 7], "car_252": [3, 5], "car_259": [2, 4], "car_258": [0, 2], "car_1170": [6, 4], "car_1171": [0, 7], "car_1413": [6, 0], "car_1363": [5, 0], "car_1362": [2, 5], "car_1361": [5, 3], "car_1360": [3, 7], "car_1367": [6, 0], "car_1366": [3, 0], "car_1365": [1, 4], "car_1364": [7, 1], "car_1369": [6, 5], "car_1368": [0, 7], "car_321": [5, 2], "car_320": [6, 5], "car_323": [2, 6], "car_322": [0, 7], "car_325": [4, 2], "car_324": [3, 6], "car_327": [2, 4], "car_326": [0, 4], "car_329": [2, 7], "car_328": [7, 6], "car_1107": [3, 7], "car_1106": [1, 3], "car_1105": [0, 2], "car_1104": [6, 5], "car_1103": [4, 3], "car_1102": [3, 7], "car_1101": [0, 3], "car_1100": [6, 3], "car_1109": [5, 4], "car_1108": [6, 0], "car_1297": [7, 4], "car_1296": [2, 5], "car_1295": [3, 5], "car_1294": [1, 3], "car_1293": [7, 1], "car_1292": [3, 6], "car_1291": [7, 6], "car_1290": [6, 3], "car_1299": [6, 2], "car_1298": [3, 4], "car_1039": [0, 3], "car_1038": [3, 2], "car_1033": [2, 3], "car_1032": [6, 2], "car_1031": [3, 1], "car_1030": [7, 4], "car_1037": [7, 3], "car_1036": [6, 4], "car_1035": [3, 2], "car_1034": [5, 6], "car_899": [3, 0], "car_898": [6, 1], "car_897": [3, 6], "car_896": [7, 5], "car_895": [3, 0], "car_894": [2, 4], "car_893": [7, 0], "car_892": [7, 6], "car_891": [5, 7], "car_890": [6, 7], "car_419": [5, 2], "car_418": [0, 3], "car_413": [1, 7], "car_412": [7, 1], "car_411": [4, 1], "car_410": [1, 2], "car_417": [3, 7], "car_416": [5, 2], "car_415": [2, 3], "car_414": [6, 5], "car_527": [7, 6], "car_526": [2, 7], "car_525": [6, 7], "car_524": [7, 2], "car_523": [4, 1], "car_522": [3, 6], "car_521": [1, 6], "car_520": [7, 1], "car_529": [5, 4], "car_528": [4, 2], "car_668": [7, 3], "car_669": [6, 2], "car_664": [6, 5], "car_665": [4, 0], "car_666": [6, 2], "car_667": [5, 0], "car_660": [2, 1], "car_661": [3, 4], "car_662": [1, 7], "car_663": [3, 2], "car_798": [0, 7], "car_799": [5, 6], "car_790": [2, 7], "car_791": [3, 2], "car_792": [4, 2], "car_793": [6, 3], "car_794": [0, 1], "car_795": [5, 3], "car_796": [7, 5], "car_797": [3, 5], "car_242": [5, 3], "car_243": [7, 2], "car_240": [4, 1], "car_241": [2, 1], "car_246": [1, 7], "car_247": [6, 0], "car_244": [1, 0], "car_245": [4, 7], "car_248": [1, 0], "car_249": [4, 2], "car_1356": [5, 0], "car_1357": [7, 6], "car_1354": [5, 6], "car_1355": [7, 5], "car_1352": [7, 3], "car_1353": [6, 2], "car_1350": [0, 1], "car_1351": [2, 3], "car_1358": [6, 4], "car_1359": [1, 6], "car_338": [3, 0], "car_339": [0, 1], "car_336": [5, 6], "car_337": [1, 6], "car_334": [1, 0], "car_335": [6, 2], "car_332": [0, 4], "car_333": [2, 7], "car_330": [1, 7], "car_331": [4, 1], "car_1138": [5, 1], "car_1139": [1, 0], "car_1132": [5, 6], "car_1133": [1, 0], "car_1130": [5, 4], "car_1131": [4, 3], "car_1136": [2, 0], "car_1137": [2, 1], "car_1134": [3, 2], "car_1135": [4, 1], "car_1008": [3, 5], "car_1009": [5, 6], "car_1006": [6, 1], "car_1007": [1, 2], "car_1004": [7, 2], "car_1005": [3, 7], "car_1002": [1, 2], "car_1003": [2, 4], "car_1000": [4, 2], "car_1001": [6, 2], "car_36": [3, 2], "car_37": [0, 6], "car_34": [7, 5], "car_35": [1, 5], "car_888": [2, 3], "car_889": [7, 1], "car_30": [4, 2], "car_31": [6, 7], "car_884": [2, 3], "car_885": [1, 6], "car_886": [3, 1], "car_887": [0, 4], "car_880": [3, 6], "car_881": [0, 2], "car_882": [1, 7], "car_883": [6, 1], "car_408": [4, 0], "car_409": [7, 2], "car_400": [7, 6], "car_401": [4, 0], "car_402": [3, 5], "car_403": [1, 5], "car_404": [3, 1], "car_405": [1, 6], "car_406": [4, 3], "car_407": [6, 0], "car_534": [5, 1], "car_535": [3, 4], "car_536": [4, 6], "car_537": [6, 3], "car_530": [3, 4], "car_531": [0, 4], "car_532": [7, 0], "car_533": [0, 2], "car_538": [2, 6], "car_539": [7, 5], "car_659": [5, 6], "car_658": [6, 0], "car_651": [1, 4], "car_650": [7, 2], "car_653": [1, 7], "car_652": [5, 6], "car_655": [7, 3], "car_654": [6, 3], "car_657": [4, 0], "car_656": [3, 6], "car_1349": [1, 0], "car_1348": [7, 5], "car_1341": [3, 1], "car_1340": [5, 3], "car_1343": [6, 1], "car_1342": [4, 0], "car_1345": [0, 2], "car_1344": [1, 0], "car_1347": [3, 5], "car_1346": [5, 1], "car_349": [7, 1], "car_348": [5, 1], "car_343": [3, 4], "car_342": [0, 5], "car_341": [1, 2], "car_340": [5, 1], "car_347": [0, 4], "car_346": [5, 0], "car_345": [2, 6], "car_344": [4, 7], "car_1129": [6, 7], "car_1128": [7, 2], "car_1125": [0, 7], "car_1124": [3, 1], "car_1127": [5, 6], "car_1126": [2, 0], "car_1121": [2, 6], "car_1120": [6, 2], "car_1123": [1, 2], "car_1122": [7, 4], "car_1402": [6, 3], "car_1403": [0, 2], "car_1400": [3, 2], "car_1401": [3, 0], "car_1406": [5, 6], "car_1407": [4, 2], "car_1404": [5, 0], "car_1405": [0, 3], "car_1011": [4, 3], "car_1010": [1, 5], "car_1013": [1, 6], "car_1012": [6, 2], "car_1015": [0, 7], "car_1014": [6, 2], "car_1017": [3, 4], "car_1016": [5, 1], "car_1019": [6, 4], "car_1018": [4, 3], "car_25": [4, 3], "car_24": [3, 0], "car_27": [2, 5], "car_26": [0, 1], "car_21": [4, 3], "car_20": [3, 6], "car_23": [1, 2], "car_22": [2, 6], "car_29": [1, 3], "car_28": [5, 4], "car_435": [2, 4], "car_434": [3, 1], "car_437": [5, 7], "car_436": [1, 6], "car_431": [6, 7], "car_430": [4, 5], "car_433": [5, 7], "car_432": [2, 3], "car_439": [2, 7], "car_438": [1, 3], "car_501": [1, 0], "car_500": [7, 2], "car_503": [1, 4], "car_502": [5, 1], "car_505": [5, 4], "car_504": [3, 4], "car_507": [4, 7], "car_506": [7, 0], "car_509": [2, 0], "car_508": [0, 1], "car_646": [5, 0], "car_647": [7, 3], "car_644": [0, 7], "car_645": [2, 5], "car_642": [6, 3], "car_643": [7, 2], "car_640": [2, 6], "car_641": [4, 7], "car_648": [1, 2], "car_649": [4, 1], "car_1338": [4, 3], "car_1339": [2, 3], "car_1334": [7, 5], "car_1335": [4, 1], "car_1336": [7, 4], "car_1337": [1, 5], "car_1330": [7, 1], "car_1331": [4, 0], "car_1332": [6, 7], "car_1333": [2, 0], "car_358": [4, 6], "car_359": [2, 6], "car_350": [3, 5], "car_351": [1, 7], "car_352": [4, 1], "car_353": [5, 1], "car_354": [4, 7], "car_355": [7, 4], "car_356": [1, 3], "car_357": [3, 2], "car_1480": [2, 4], "car_1481": [4, 0], "car_1240": [2, 0], "car_1241": [5, 3], "car_1242": [1, 3], "car_1243": [1, 4], "car_1244": [6, 3], "car_1245": [0, 4], "car_1246": [2, 5], "car_1247": [5, 6], "car_1248": [7, 4], "car_1249": [3, 5], "car_1064": [0, 2], "car_1065": [6, 2], "car_1066": [7, 0], "car_1067": [1, 3], "car_1060": [2, 0], "car_1061": [1, 0], "car_1062": [3, 2], "car_1063": [6, 1], "car_1068": [4, 7], "car_1069": [6, 2], "car_10": [2, 1], "car_11": [5, 1], "car_12": [3, 6], "car_13": [0, 5], "car_14": [1, 4], "car_15": [2, 5], "car_16": [5, 3], "car_17": [7, 3], "car_18": [3, 7], "car_19": [2, 1], "car_1468": [6, 7], "car_1469": [7, 0], "car_1460": [6, 7], "car_1461": [5, 1], "car_1462": [3, 5], "car_1463": [7, 5], "car_1464": [5, 4], "car_1465": [7, 1], "car_1466": [0, 2], "car_1467": [4, 6], "car_422": [7, 3], "car_423": [4, 3], "car_420": [7, 3], "car_421": [5, 0], "car_426": [4, 1], "car_427": [0, 5], "car_424": [1, 5], "car_425": [3, 0], "car_428": [7, 3], "car_429": [3, 0], "car_518": [6, 5], "car_519": [5, 4], "car_516": [3, 6], "car_517": [2, 7], "car_514": [5, 0], "car_515": [7, 6], "car_512": [4, 7], "car_513": [0, 7], "car_510": [7, 4], "car_511": [1, 5], "car_633": [2, 6], "car_632": [1, 5], "car_631": [2, 7], "car_630": [3, 7], "car_637": [6, 5], "car_636": [1, 0], "car_635": [3, 6], "car_634": [5, 0], "car_639": [6, 1], "car_638": [5, 3], "car_189": [3, 4], "car_188": [1, 2], "car_185": [6, 3], "car_184": [2, 1], "car_187": [0, 1], "car_186": [2, 3], "car_181": [4, 1], "car_180": [1, 7], "car_183": [0, 7], "car_182": [6, 3], "car_749": [5, 1], "car_748": [6, 4], "car_747": [4, 2], "car_746": [3, 2], "car_745": [1, 5], "car_744": [7, 6], "car_743": [2, 0], "car_742": [4, 0], "car_741": [2, 4], "car_740": [6, 4], "car_299": [1, 0], "car_298": [5, 1], "car_291": [5, 2], "car_290": [6, 0], "car_293": [4, 2], "car_292": [3, 1], "car_295": [4, 7], "car_294": [5, 4], "car_297": [1, 5], "car_296": [2, 4], "car_1329": [2, 5], "car_1328": [0, 7], "car_1327": [4, 3], "car_1326": [1, 0], "car_1325": [5, 7], "car_1324": [0, 5], "car_1323": [6, 3], "car_1322": [3, 6], "car_1321": [1, 2], "car_1320": [7, 1], "car_365": [1, 6], "car_364": [7, 4], "car_367": [0, 2], "car_366": [6, 5], "car_361": [4, 7], "car_360": [1, 6], "car_363": [0, 6], "car_362": [2, 1], "car_369": [1, 4], "car_368": [2, 3], "car_167": [7, 2], "car_166": [5, 3], "car_165": [2, 1], "car_164": [6, 4], "car_163": [1, 0], "car_162": [7, 3], "car_161": [5, 7], "car_160": [0, 1], "car_169": [3, 4], "car_168": [3, 4], "car_1253": [5, 0], "car_1252": [2, 0], "car_1251": [3, 2], "car_1250": [4, 6], "car_1257": [2, 0], "car_1256": [1, 2], "car_1255": [0, 7], "car_1254": [6, 7], "car_1259": [7, 0], "car_1258": [5, 2], "car_1077": [3, 7], "car_1076": [1, 5], "car_1075": [4, 2], "car_1074": [5, 1], "car_1073": [4, 7], "car_1072": [5, 6], "car_1071": [5, 7], "car_1070": [2, 3], "car_1079": [5, 6], "car_1078": [0, 3], "car_985": [3, 1], "car_984": [5, 3], "car_987": [4, 6], "car_986": [2, 0], "car_981": [1, 4], "car_980": [7, 5], "car_983": [2, 1], "car_982": [6, 1], "car_989": [1, 7], "car_988": [6, 5], "car_1479": [0, 3], "car_1478": [4, 6], "car_1473": [1, 4], "car_1472": [2, 7], "car_1471": [4, 3], "car_1470": [3, 2], "car_1477": [1, 3], "car_1476": [0, 2], "car_1475": [5, 3], "car_1474": [6, 0], "car_569": [5, 0], "car_568": [4, 0], "car_563": [1, 0], "car_562": [7, 2], "car_561": [2, 1], "car_560": [1, 5], "car_567": [3, 2], "car_566": [5, 4], "car_565": [2, 7], "car_564": [6, 5], "car_620": [3, 0], "car_621": [3, 2], "car_622": [4, 0], "car_623": [6, 1], "car_624": [0, 6], "car_625": [2, 6], "car_626": [3, 0], "car_627": [6, 1], "car_628": [7, 2], "car_629": [1, 4], "car_198": [5, 1], "car_199": [7, 0], "car_192": [3, 1], "car_193": [4, 6], "car_190": [4, 2], "car_191": [5, 3], "car_196": [4, 7], "car_197": [2, 6], "car_194": [6, 2], "car_195": [7, 2], "car_758": [5, 1], "car_759": [3, 1], "car_754": [3, 0], "car_755": [6, 1], "car_756": [0, 6], "car_757": [2, 5], "car_750": [7, 0], "car_751": [1, 2], "car_752": [4, 7], "car_753": [0, 5], "car_286": [0, 5], "car_287": [3, 1], "car_284": [6, 3], "car_285": [1, 7], "car_282": [1, 4], "car_283": [4, 3], "car_280": [0, 3], "car_281": [5, 2], "car_288": [6, 5], "car_289": [0, 5], "car_1312": [4, 1], "car_1313": [6, 0], "car_1310": [0, 6], "car_1311": [1, 4], "car_1316": [1, 4], "car_1317": [3, 5], "car_1314": [1, 3], "car_1315": [3, 5], "car_1318": [6, 7], "car_1319": [0, 5], "car_372": [1, 3], "car_373": [0, 2], "car_370": [4, 3], "car_371": [5, 4], "car_376": [7, 6], "car_377": [3, 5], "car_374": [7, 5], "car_375": [5, 2], "car_378": [7, 2], "car_379": [1, 0], "car_174": [1, 7], "car_175": [3, 0], "car_176": [6, 2], "car_177": [3, 5], "car_170": [4, 7], "car_171": [6, 1], "car_172": [2, 4], "car_173": [5, 6], "car_178": [0, 6], "car_179": [7, 5], "car_1266": [4, 0], "car_1267": [0, 6], "car_1264": [7, 1], "car_1265": [3, 4], "car_1262": [0, 7], "car_1263": [5, 2], "car_1260": [1, 7], "car_1261": [7, 2], "car_1268": [2, 0], "car_1269": [5, 7], "car_1048": [0, 6], "car_1049": [5, 1], "car_1042": [5, 7], "car_1043": [7, 6], "car_1040": [6, 7], "car_1041": [2, 7], "car_1046": [7, 4], "car_1047": [1, 4], "car_1044": [4, 5], "car_1045": [0, 1], "car_78": [3, 4], "car_79": [7, 6], "car_72": [5, 3], "car_73": [7, 1], "car_70": [4, 3], "car_71": [6, 5], "car_76": [2, 5], "car_77": [7, 2], "car_74": [4, 3], "car_75": [0, 1], "car_992": [5, 2], "car_993": [1, 7], "car_990": [6, 0], "car_991": [0, 3], "car_996": [4, 0], "car_997": [5, 3], "car_994": [0, 2], "car_995": [1, 2], "car_998": [7, 2], "car_999": [1, 4], "car_1448": [4, 2], "car_1449": [7, 6], "car_1446": [2, 4], "car_1447": [7, 5], "car_1444": [3, 7], "car_1445": [4, 5], "car_1442": [0, 1], "car_1443": [2, 4], "car_1440": [4, 0], "car_1441": [2, 3], "car_578": [2, 1], "car_579": [5, 6], "car_553": [6, 2], "car_570": [3, 0], "car_571": [4, 7], "car_572": [6, 4], "car_573": [2, 0], "car_574": [5, 7], "car_806": [5, 0], "car_576": [0, 1], "car_577": [5, 2], "car_807": [7, 1], "car_800": [7, 3], "car_801": [2, 3], "car_802": [7, 0], "car_803": [4, 1], "car_619": [1, 4], "car_618": [7, 3], "car_615": [5, 3], "car_614": [0, 3], "car_617": [2, 6], "car_616": [0, 2], "car_611": [7, 2], "car_610": [5, 7], "car_613": [3, 0], "car_612": [1, 7], "car_769": [4, 3], "car_768": [1, 4], "car_761": [2, 1], "car_760": [6, 1], "car_763": [3, 1], "car_762": [0, 2], "car_765": [5, 7], "car_764": [4, 6], "car_767": [6, 2], "car_766": [4, 7], "car_575": [6, 4], "car_1305": [2, 5], "car_1304": [0, 2], "car_1307": [1, 7], "car_1306": [5, 6], "car_1301": [2, 0], "car_1300": [0, 6], "car_1303": [1, 0], "car_1302": [7, 3], "car_1309": [6, 0], "car_1308": [3, 6], "car_389": [1, 7], "car_388": [7, 0], "car_387": [4, 3], "car_386": [3, 2], "car_385": [7, 0], "car_384": [1, 3], "car_383": [2, 3], "car_382": [0, 6], "car_381": [4, 5], "car_380": [3, 1], "car_141": [4, 1], "car_140": [2, 5], "car_143": [7, 1], "car_142": [5, 0], "car_145": [3, 0], "car_144": [1, 0], "car_147": [2, 6], "car_146": [0, 7], "car_149": [7, 4], "car_148": [2, 1], "car_1279": [4, 2], "car_1278": [7, 3], "car_1271": [1, 7], "car_1270": [7, 2], "car_1273": [6, 5], "car_1272": [4, 6], "car_1275": [1, 0], "car_1274": [2, 1], "car_1277": [4, 3], "car_1276": [3, 4], "car_1059": [0, 6], "car_1058": [5, 3], "car_1055": [4, 2], "car_1054": [5, 2], "car_1057": [0, 5], "car_1056": [6, 1], "car_1051": [1, 5], "car_1050": [4, 2], "car_1053": [4, 2], "car_1052": [0, 6], "car_69": [0, 4], "car_68": [6, 0], "car_61": [3, 7], "car_60": [7, 4], "car_63": [4, 5], "car_62": [4, 1], "car_65": [4, 0], "car_64": [1, 6], "car_67": [3, 4], "car_66": [6, 4], "car_969": [6, 5], "car_968": [4, 1], "car_967": [4, 3], "car_966": [3, 7], "car_965": [0, 7], "car_964": [4, 2], "car_963": [3, 0], "car_962": [5, 0], "car_961": [6, 4], "car_960": [3, 7], "car_1451": [4, 3], "car_1450": [3, 4], "car_1453": [0, 6], "car_1452": [6, 0], "car_1455": [5, 4], "car_1454": [2, 7], "car_1457": [6, 3], "car_1456": [3, 4], "car_1459": [3, 4], "car_1458": [7, 1], "car_545": [1, 5], "car_544": [6, 1], "car_547": [6, 7], "car_546": [3, 2], "car_541": [1, 6], "car_540": [2, 0], "car_543": [3, 4], "car_542": [3, 2], "car_549": [4, 7], "car_548": [1, 3], "car_819": [3, 6], "car_818": [3, 6], "car_33": [4, 5], "car_608": [6, 7], "car_609": [2, 7], "car_602": [1, 0], "car_603": [3, 0], "car_600": [6, 1], "car_601": [0, 4], "car_606": [1, 7], "car_607": [4, 0], "car_604": [0, 6], "car_605": [2, 4], "car_776": [3, 1], "car_777": [4, 6], "car_774": [6, 5], "car_775": [0, 5], "car_772": [3, 5], "car_773": [4, 6], "car_770": [6, 0], "car_771": [5, 3], "car_778": [5, 2], "car_779": [4, 1], "car_398": [4, 7], "car_399": [0, 3], "car_394": [7, 4], "car_395": [3, 2], "car_396": [4, 2], "car_397": [0, 1], "car_390": [4, 6], "car_391": [0, 4], "car_392": [1, 4], "car_393": [0, 5], "car_158": [3, 6], "car_159": [6, 7], "car_156": [4, 3], "car_157": [0, 3], "car_154": [7, 3], "car_155": [1, 4], "car_152": [3, 4], "car_153": [0, 4], "car_150": [2, 0], "car_151": [5, 7], "car_1208": [3, 7], "car_1209": [2, 7], "car_1204": [1, 4], "car_1205": [3, 0], "car_1206": [0, 2], "car_1207": [1, 3], "car_1200": [1, 2], "car_1201": [0, 3], "car_1202": [5, 2], "car_1203": [6, 4], "car_1198": [1, 3], "car_1199": [4, 5], "car_1194": [4, 2], "car_1195": [6, 2], "car_1196": [5, 6], "car_1197": [7, 0], "car_1190": [1, 7], "car_1191": [0, 3], "car_1192": [7, 2], "car_1193": [3, 4], "car_978": [6, 7], "car_979": [0, 1], "car_974": [1, 0], "car_975": [4, 1], "car_976": [6, 0], "car_977": [0, 5], "car_970": [0, 2], "car_971": [3, 7], "car_972": [0, 4], "car_973": [2, 7], "car_1424": [2, 4], "car_1425": [0, 5], "car_1426": [2, 7], "car_1427": [4, 0], "car_1420": [6, 1], "car_1421": [2, 1], "car_1422": [1, 3], "car_1423": [3, 7], "car_1428": [7, 0], "car_1429": [2, 5], "car_54": [1, 3], "car_55": [3, 6], "car_56": [4, 0], "car_57": [2, 6], "car_50": [6, 3], "car_51": [5, 3], "car_52": [0, 1], "car_53": [2, 4], "car_58": [3, 7], "car_59": [4, 6], "car_552": [4, 7], "car_805": [3, 7], "car_550": [6, 4], "car_551": [5, 6], "car_556": [7, 3], "car_557": [1, 6], "car_554": [0, 2], "car_555": [5, 0], "car_558": [4, 0], "car_559": [6, 1], "car_808": [6, 4], "car_809": [1, 0], "car_703": [1, 2], "car_702": [4, 5], "car_701": [6, 1], "car_700": [7, 2], "car_707": [3, 5], "car_706": [1, 0], "car_705": [4, 5], "car_704": [3, 1], "car_709": [5, 6], "car_708": [0, 1], "car_129": [4, 0], "car_128": [5, 0], "car_123": [6, 5], "car_122": [7, 5], "car_121": [5, 2], "car_120": [0, 7], "car_127": [2, 3], "car_126": [4, 5], "car_125": [7, 0], "car_124": [0, 2], "car_1219": [7, 6], "car_1218": [6, 1], "car_1217": [5, 0], "car_1216": [4, 7], "car_1215": [1, 6], "car_1214": [7, 6], "car_1213": [6, 3], "car_1212": [3, 6], "car_1211": [1, 5], "car_1210": [5, 3], "car_1415": [7, 3], "car_1414": [5, 1], "car_1417": [0, 7], "car_1416": [6, 4], "car_1411": [7, 6], "car_1410": [5, 4], "car_237": [6, 5], "car_236": [3, 4], "car_235": [0, 3], "car_234": [6, 1], "car_233": [1, 7], "car_232": [7, 1], "car_231": [5, 1], "car_230": [1, 3], "car_1412": [3, 1], "car_239": [3, 2], "car_238": [1, 0], "car_1189": [5, 4], "car_1188": [1, 2], "car_1187": [7, 1], "car_1186": [1, 6], "car_1185": [0, 5], "car_1184": [6, 5], "car_1183": [4, 5], "car_1182": [3, 7], "car_1181": [4, 2], "car_1180": [3, 4], "car_949": [4, 3], "car_948": [1, 5], "car_941": [7, 5], "car_940": [0, 1], "car_943": [4, 3], "car_942": [3, 1], "car_945": [3, 6], "car_944": [0, 3], "car_947": [2, 4], "car_946": [6, 0], "car_1437": [2, 0], "car_1436": [2, 6], "car_1435": [0, 7], "car_1434": [6, 7], "car_1433": [4, 6], "car_1432": [5, 4], "car_1431": [0, 3], "car_1430": [4, 6], "car_1439": [3, 6], "car_1438": [7, 6], "car_493": [5, 3], "car_492": [7, 4], "car_491": [3, 7], "car_490": [7, 6], "car_497": [3, 2], "car_496": [7, 6], "car_495": [0, 5], "car_494": [7, 3], "car_499": [1, 4], "car_498": [6, 1], "car_43": [5, 7], "car_42": [4, 7], "car_41": [1, 0], "car_40": [5, 7], "car_47": [5, 0], "car_46": [2, 6], "car_45": [2, 6], "car_44": [7, 0], "car_49": [2, 7], "car_48": [3, 4], "car_831": [6, 1], "car_830": [3, 6], "car_833": [5, 3], "car_832": [0, 1], "car_835": [0, 7], "car_834": [4, 7], "car_837": [5, 1], "car_836": [1, 6], "car_839": [1, 2], "car_838": [7, 1], "car_710": [7, 4], "car_711": [3, 4], "car_712": [4, 2], "car_713": [6, 0], "car_714": [5, 3], "car_715": [1, 4], "car_716": [3, 0], "car_717": [5, 1], "car_718": [7, 1], "car_719": [2, 6], "car_138": [4, 2], "car_139": [6, 5], "car_130": [6, 0], "car_131": [5, 7], "car_132": [0, 1], "car_133": [7, 3], "car_134": [1, 7], "car_135": [4, 2], "car_136": [1, 3], "car_137": [3, 7], "car_1222": [4, 3], "car_1223": [5, 6], "car_1220": [1, 3], "car_1221": [3, 0], "car_1226": [5, 2], "car_1227": [7, 1], "car_1224": [1, 5], "car_1225": [6, 7], "car_1228": [4, 3], "car_1229": [7, 5], "car_224": [7, 4], "car_225": [1, 2], "car_226": [6, 5], "car_227": [0, 1], "car_220": [5, 0], "car_221": [7, 1], "car_222": [4, 6], "car_223": [5, 1], "car_228": [5, 7], "car_229": [7, 0], "car_1086": [0, 6], "car_1087": [1, 3], "car_1084": [5, 6], "car_1085": [4, 6], "car_1082": [5, 7], "car_1083": [2, 4], "car_1080": [4, 5], "car_1081": [2, 4], "car_1088": [0, 5], "car_1089": [2, 3], "car_956": [3, 1], "car_957": [6, 7], "car_954": [7, 3], "car_955": [1, 3], "car_952": [0, 5], "car_953": [4, 5], "car_950": [0, 6], "car_951": [6, 2], "car_958": [0, 6], "car_959": [5, 6], "car_1158": [7, 2], "car_1159": [0, 3], "car_1408": [6, 5], "car_1409": [0, 4], "car_1150": [6, 0], "car_1151": [5, 3], "car_1152": [7, 0], "car_1153": [3, 6], "car_1154": [0, 3], "car_1155": [1, 3], "car_1156": [7, 4], "car_1157": [5, 2], "car_480": [0, 6], "car_481": [3, 1], "car_482": [4, 2], "car_483": [2, 3], "car_484": [7, 3], "car_485": [1, 3], "car_486": [0, 1], "car_487": [2, 7], "car_488": [4, 6], "car_489": [2, 4], "car_853": [3, 6], "car_852": [0, 6], "car_851": [6, 1], "car_582": [2, 0], "car_857": [2, 7], "car_856": [6, 0], "car_855": [7, 6], "car_854": [2, 3], "car_828": [6, 3], "car_829": [0, 3], "car_826": [0, 7], "car_827": [3, 7], "car_824": [5, 2], "car_825": [1, 7], "car_822": [0, 4], "car_823": [2, 4], "car_820": [4, 3], "car_821": [6, 0], "car_729": [6, 5], "car_728": [4, 0], "car_725": [3, 5], "car_724": [7, 6], "car_727": [0, 5], "car_726": [4, 1], "car_721": [3, 5], "car_720": [7, 3], "car_723": [5, 6], "car_722": [2, 1], "car_105": [7, 2], "car_104": [2, 4], "car_107": [2, 5], "car_106": [6, 2], "car_101": [3, 0], "car_100": [2, 7], "car_103": [3, 4], "car_102": [4, 2], "car_109": [0, 1], "car_108": [1, 7], "car_1235": [2, 1], "car_1234": [6, 3], "car_1237": [3, 6], "car_1236": [7, 0], "car_1231": [2, 0], "car_1230": [3, 6], "car_1233": [3, 5], "car_1232": [5, 6], "car_1239": [2, 6], "car_1238": [4, 6], "car_211": [3, 2], "car_210": [1, 6], "car_213": [0, 1], "car_212": [6, 0], "car_215": [2, 7], "car_214": [6, 0], "car_217": [0, 3], "car_216": [4, 3], "car_219": [0, 4], "car_218": [4, 6], "car_923": [3, 5], "car_922": [5, 0], "car_921": [6, 7], "car_920": [1, 6], "car_927": [7, 6], "car_926": [5, 1], "car_925": [0, 2], "car_924": [6, 4], "car_929": [6, 1], "car_928": [4, 7], "car_1149": [3, 2], "car_1148": [7, 1], "car_1419": [3, 1], "car_1418": [2, 1], "car_1143": [5, 0], "car_1142": [4, 0], "car_1141": [3, 0], "car_1140": [3, 7], "car_1147": [5, 3], "car_1146": [2, 3], "car_1145": [6, 2], "car_1144": [7, 3], "car_1099": [4, 2], "car_1098": [3, 4], "car_1091": [7, 3], "car_1090": [5, 1], "car_1093": [3, 7], "car_1092": [1, 0], "car_1095": [5, 4], "car_1094": [4, 3], "car_1097": [5, 7], "car_1096": [0, 7], "car_589": [2, 7], "car_588": [0, 4], "car_859": [1, 5], "car_858": [7, 4], "car_581": [3, 2], "car_580": [1, 7], "car_583": [1, 4], "car_850": [0, 2], "car_585": [5, 7], "car_584": [4, 1], "car_587": [7, 3], "car_586": [6, 2], "car_457": [1, 7], "car_456": [6, 2], "car_455": [3, 0], "car_454": [0, 6], "car_453": [4, 3], "car_452": [1, 3], "car_451": [6, 5], "car_450": [4, 1], "car_459": [5, 7], "car_458": [6, 4], "car_738": [6, 1], "car_739": [2, 4], "car_733": [2, 6], "car_732": [6, 3], "car_32": [5, 2], "car_730": [5, 2], "car_731": [2, 1], "car_736": [5, 2], "car_737": [7, 2], "car_734": [7, 5], "car_735": [0, 1], "car_38": [7, 4], "car_39": [6, 1], "car_112": [4, 2], "car_113": [0, 3], "car_110": [2, 1], "car_111": [3, 0], "car_116": [0, 3], "car_117": [7, 0], "car_114": [3, 4], "car_115": [4, 5], "car_118": [6, 7], "car_119": [4, 0], "car_208": [4, 2], "car_209": [7, 5], "car_206": [7, 4], "car_207": [1, 3], "car_204": [3, 7], "car_205": [0, 4], "car_202": [5, 7], "car_203": [1, 6], "car_200": [4, 0], "car_201": [6, 0], "car_1398": [3, 2], "car_1399": [5, 7], "car_1392": [4, 1], "car_1393": [6, 0], "car_1390": [0, 6], "car_1391": [1, 7], "car_1396": [2, 5], "car_1397": [5, 7], "car_1394": [5, 1], "car_1395": [0, 1], "car_930": [6, 3], "car_931": [1, 2], "car_932": [2, 1], "car_933": [3, 1], "car_934": [7, 4], "car_935": [3, 5], "car_936": [2, 5], "car_937": [5, 4], "car_938": [7, 2], "car_939": [6, 4], "car_6": [4, 0], "car_7": [0, 1], "car_4": [5, 6], "car_5": [2, 1], "car_2": [3, 2], "car_3": [6, 5], "car_1178": [3, 5], "car_1": [5, 3], "car_1176": [5, 3], "car_1177": [7, 2], "car_1174": [0, 1], "car_1175": [5, 3], "car_1172": [5, 1], "car_1173": [7, 6], "car_8": [5, 3], "car_9": [4, 1], "car_98": [7, 1], "car_99": [6, 3], "car_90": [3, 1], "car_91": [0, 4], "car_92": [3, 5], "car_93": [0, 4], "car_94": [2, 6], "car_95": [5, 6], "car_96": [0, 6], "car_97": [5, 0], "car_596": [0, 7], "car_597": [2, 1], "car_594": [1, 0], "car_595": [4, 3], "car_592": [3, 0], "car_593": [6, 3], "car_590": [5, 4], "car_591": [1, 6], "car_598": [5, 6], "car_599": [3, 5], "car_848": [7, 2], "car_849": [1, 7], "car_840": [4, 7], "car_841": [6, 2], "car_842": [0, 4], "car_843": [7, 3], "car_844": [3, 1], "car_845": [4, 5], "car_846": [2, 5], "car_847": [5, 3], "car_444": [0, 3], "car_445": [2, 5], "car_446": [5, 3], "car_447": [3, 7], "car_440": [3, 1], "car_441": [6, 1], "car_442": [7, 6], "car_443": [3, 1], "car_448": [4, 7], "car_449": [1, 2], "car_695": [3, 5], "car_694": [7, 3], "car_697": [2, 5], "car_696": [0, 4], "car_691": [7, 2], "car_690": [2, 7], "car_693": [6, 7], "car_692": [4, 5], "car_699": [6, 7], "car_698": [4, 7], "car_279": [6, 5], "car_278": [4, 5], "car_273": [1, 3], "car_272": [7, 3], "car_271": [1, 6], "car_270": [3, 2], "car_277": [1, 5], "car_276": [5, 6], "car_275": [6, 1], "car_274": [4, 7], "car_1389": [4, 2], "car_1388": [3, 1], "car_1385": [0, 6], "car_1384": [4, 1], "car_1387": [4, 5], "car_1386": [2, 6], "car_1381": [0, 3], "car_1380": [4, 5], "car_1383": [3, 7], "car_1382": [2, 6], "car_307": [0, 7], "car_306": [1, 5], "car_305": [3, 1], "car_304": [1, 4], "car_303": [6, 2], "car_302": [7, 5], "car_301": [2, 3], "car_300": [3, 5], "car_804": [5, 0], "car_309": [7, 0], "car_308": [2, 5], "car_909": [3, 6], "car_908": [2, 3], "car_905": [2, 3], "car_904": [4, 6], "car_907": [6, 0], "car_906": [7, 2], "car_901": [0, 3], "car_900": [4, 2], "car_903": [3, 1], "car_902": [2, 5], "car_1161": [6, 7], "car_1160": [2, 6], "car_1163": [4, 1], "car_1162": [0, 6], "car_1165": [6, 5], "car_1164": [4, 0], "car_1167": [0, 7], "car_1166": [2, 1], "car_1169": [3, 7], "car_1168": [7, 4], "car_87": [7, 5], "car_86": [6, 1], "car_85": [4, 3], "car_84": [1, 3], "car_83": [7, 3], "car_82": [7, 1], "car_81": [5, 0], "car_80": [0, 6], "car_89": [7, 4], "car_88": [3, 2], "car_875": [5, 0], "car_874": [0, 4], "car_877": [2, 7], "car_876": [1, 6], "car_871": [0, 3], "car_870": [6, 3], "car_873": [1, 0], "car_872": [5, 3], "car_879": [2, 1], "car_878": [0, 4], "car_471": [1, 0], "car_470": [6, 0], "car_473": [1, 2], "car_472": [7, 6], "car_475": [1, 4], "car_474": [3, 6], "car_477": [5, 4], "car_476": [6, 1], "car_479": [3, 5], "car_478": [7, 5], "car_682": [7, 4], "car_683": [1, 2], "car_680": [0, 7], "car_681": [5, 0], "car_686": [4, 6], "car_687": [0, 7], "car_684": [7, 5], "car_685": [1, 7], "car_688": [1, 5], "car_689": [0, 4], "car_268": [0, 3], "car_269": [2, 6], "car_260": [5, 7], "car_261": [7, 0], "car_262": [3, 7], "car_263": [0, 2], "car_264": [3, 0], "car_265": [1, 2], "car_266": [3, 6], "car_267": [4, 0], "car_1370": [4, 6], "car_1371": [0, 4], "car_1372": [1, 2], "car_1373": [3, 4], "car_1374": [4, 3], "car_1375": [6, 3], "car_1376": [5, 3], "car_1377": [7, 0], "car_1378": [4, 7], "car_1379": [6, 5], "car_314": [4, 3], "car_315": [0, 7], "car_316": [7, 3], "car_317": [4, 7], "car_310": [0, 5], "car_311": [5, 7], "car_312": [1, 6], "car_313": [4, 3], "car_318": [2, 0], "car_319": [5, 6], "car_918": [2, 3], "car_919": [7, 2], "car_912": [4, 3], "car_913": [6, 3], "car_910": [2, 1], "car_911": [7, 3], "car_916": [3, 4], "car_917": [6, 7], "car_914": [5, 1], "car_915": [0, 1], "car_1114": [1, 5], "car_1115": [0, 7], "car_1116": [3, 6], "car_1117": [0, 3], "car_1110": [3, 4], "car_1111": [4, 7], "car_1112": [2, 3], "car_1113": [5, 7], "car_1118": [1, 7], "car_1119": [4, 6], "car_1284": [2, 4], "car_1285": [4, 2], "car_1286": [7, 5], "car_1287": [3, 2], "car_1280": [0, 4], "car_1281": [5, 4], "car_1282": [3, 1], "car_1283": [0, 2], "car_1288": [0, 7], "car_1289": [6, 3], "car_1028": [3, 6], "car_1029": [0, 4], "car_1020": [2, 4], "car_1021": [1, 6], "car_1022": [0, 2], "car_1023": [3, 2], "car_1024": [0, 6], "car_1025": [4, 2], "car_1026": [3, 7], "car_1027": [2, 7], "car_862": [6, 5], "car_863": [0, 1], "car_860": [2, 0], "car_861": [4, 7], "car_866": [5, 0], "car_867": [0, 7], "car_864": [5, 1], "car_865": [0, 7], "car_868": [7, 4], "car_869": [5, 3]}