{"car_468": [2, 0], "car_469": [5, 6], "car_466": [4, 7], "car_467": [2, 7], "car_464": [0, 3], "car_465": [4, 3], "car_462": [7, 1], "car_463": [6, 4], "car_460": [7, 5], "car_461": [3, 7], "car_211": [7, 2], "car_210": [7, 4], "car_213": [6, 0], "car_212": [3, 7], "car_215": [7, 1], "car_214": [1, 0], "car_217": [6, 4], "car_216": [0, 3], "car_219": [2, 7], "car_218": [2, 4], "car_352": [5, 0], "car_353": [2, 6], "car_354": [3, 6], "car_355": [1, 0], "car_356": [0, 4], "car_357": [7, 5], "car_10": [4, 3], "car_11": [1, 7], "car_12": [2, 7], "car_13": [5, 7], "car_14": [3, 5], "car_15": [6, 0], "car_16": [3, 4], "car_17": [0, 4], "car_18": [5, 0], "car_19": [4, 1], "car_422": [1, 5], "car_423": [6, 5], "car_420": [2, 7], "car_421": [3, 1], "car_426": [5, 2], "car_427": [5, 7], "car_424": [0, 7], "car_425": [2, 7], "car_428": [4, 6], "car_429": [3, 6], "car_255": [2, 4], "car_254": [6, 5], "car_257": [5, 7], "car_256": [2, 6], "car_251": [4, 1], "car_250": [5, 7], "car_253": [5, 7], "car_252": [6, 5], "car_394": [5, 6], "car_395": [1, 4], "car_396": [5, 1], "car_397": [7, 0], "car_259": [1, 6], "car_258": [1, 7], "car_392": [1, 4], "car_393": [4, 3], "car_158": [5, 3], "car_159": [3, 4], "car_156": [5, 0], "car_157": [0, 3], "car_154": [0, 7], "car_155": [2, 5], "car_152": [5, 4], "car_153": [6, 4], "car_150": [7, 6], "car_151": [0, 7], "car_350": [1, 4], "car_351": [4, 3], "car_457": [0, 4], "car_456": [1, 6], "car_455": [3, 0], "car_454": [2, 0], "car_453": [4, 6], "car_452": [5, 3], "car_451": [6, 4], "car_450": [7, 1], "car_459": [3, 6], "car_458": [2, 6], "car_321": [0, 5], "car_320": [2, 0], "car_323": [2, 4], "car_322": [1, 7], "car_325": [5, 4], "car_324": [7, 1], "car_327": [3, 6], "car_326": [3, 4], "car_329": [3, 6], "car_328": [6, 1], "car_493": [0, 7], "car_492": [2, 6], "car_491": [2, 3], "car_490": [3, 7], "car_497": [3, 2], "car_496": [7, 0], "car_268": [7, 1], "car_495": [3, 6], "car_140": [3, 5], "car_494": [2, 0], "car_144": [2, 0], "car_260": [0, 6], "car_189": [0, 5], "car_188": [2, 6], "car_261": [6, 7], "car_185": [4, 2], "car_184": [5, 4], "car_187": [5, 2], "car_186": [0, 6], "car_181": [6, 7], "car_180": [4, 6], "car_183": [4, 6], "car_182": [5, 2], "car_263": [2, 0], "car_299": [5, 0], "car_113": [2, 1], "car_110": [7, 6], "car_111": [2, 1], "car_116": [7, 1], "car_117": [2, 4], "car_114": [7, 3], "car_115": [7, 6], "car_291": [2, 4], "car_290": [0, 7], "car_118": [7, 2], "car_119": [4, 7], "car_295": [3, 1], "car_294": [1, 4], "car_297": [1, 0], "car_296": [6, 0], "car_54": [1, 3], "car_55": [1, 3], "car_56": [1, 3], "car_57": [3, 7], "car_50": [7, 0], "car_51": [1, 7], "car_52": [3, 2], "car_53": [5, 2], "car_58": [6, 1], "car_59": [6, 7], "car_365": [1, 6], "car_364": [2, 5], "car_367": [2, 1], "car_366": [3, 5], "car_361": [1, 5], "car_360": [2, 4], "car_363": [6, 0], "car_362": [6, 5], "car_413": [6, 1], "car_412": [3, 4], "car_411": [3, 0], "car_410": [4, 3], "car_369": [4, 7], "car_368": [0, 2], "car_415": [7, 5], "car_414": [1, 7], "car_167": [2, 7], "car_166": [6, 1], "car_165": [2, 0], "car_164": [0, 7], "car_163": [3, 6], "car_162": [3, 7], "car_161": [1, 2], "car_160": [6, 7], "car_206": [5, 7], "car_207": [3, 1], "car_204": [3, 5], "car_205": [3, 4], "car_202": [5, 3], "car_203": [4, 6], "car_169": [5, 6], "car_168": [6, 3], "car_489": [4, 3], "car_6": [4, 3], "car_7": [2, 3], "car_4": [0, 2], "car_5": [0, 3], "car_2": [3, 2], "car_3": [6, 0], "car_0": [1, 6], "car_1": [3, 0], "car_8": [5, 0], "car_9": [2, 4], "car_98": [4, 0], "car_99": [2, 7], "car_90": [6, 3], "car_91": [2, 5], "car_92": [6, 3], "car_93": [7, 0], "car_94": [0, 4], "car_95": [3, 4], "car_96": [2, 4], "car_97": [5, 1], "car_242": [4, 2], "car_243": [4, 2], "car_240": [0, 4], "car_241": [3, 4], "car_246": [2, 6], "car_247": [3, 0], "car_244": [6, 3], "car_245": [5, 6], "car_248": [5, 4], "car_249": [6, 1], "car_129": [7, 1], "car_128": [0, 7], "car_123": [2, 7], "car_122": [5, 7], "car_121": [1, 6], "car_120": [7, 5], "car_127": [3, 2], "car_126": [3, 5], "car_125": [0, 5], "car_124": [6, 2], "car_444": [2, 7], "car_445": [7, 3], "car_446": [6, 7], "car_447": [1, 5], "car_440": [6, 0], "car_441": [0, 5], "car_442": [7, 4], "car_443": [1, 3], "car_448": [6, 7], "car_349": [5, 0], "car_237": [6, 7], "car_236": [4, 5], "car_235": [7, 5], "car_234": [2, 4], "car_233": [0, 2], "car_232": [4, 1], "car_338": [3, 0], "car_339": [4, 7], "car_336": [0, 1], "car_337": [1, 7], "car_334": [1, 5], "car_335": [7, 4], "car_332": [3, 5], "car_333": [0, 6], "car_330": [0, 2], "car_238": [2, 5], "car_408": [1, 4], "car_409": [3, 0], "car_347": [1, 4], "car_346": [2, 5], "car_402": [3, 1], "car_403": [7, 5], "car_198": [0, 2], "car_199": [7, 2], "car_192": [6, 2], "car_193": [7, 2], "car_190": [5, 2], "car_191": [5, 3], "car_196": [5, 6], "car_197": [2, 1], "car_194": [6, 5], "car_195": [2, 5], "car_279": [1, 3], "car_278": [6, 4], "car_36": [6, 2], "car_37": [2, 7], "car_34": [3, 4], "car_35": [4, 1], "car_32": [6, 5], "car_33": [2, 6], "car_30": [7, 3], "car_31": [3, 0], "car_499": [2, 6], "car_498": [4, 7], "car_38": [3, 1], "car_39": [3, 4], "car_286": [4, 5], "car_287": [2, 0], "car_284": [1, 6], "car_285": [3, 7], "car_282": [0, 5], "car_283": [1, 7], "car_280": [0, 7], "car_281": [3, 5], "car_288": [1, 7], "car_289": [4, 1], "car_178": [1, 6], "car_179": [5, 3], "car_43": [3, 1], "car_42": [2, 6], "car_41": [6, 3], "car_40": [1, 4], "car_47": [7, 0], "car_46": [5, 2], "car_45": [0, 3], "car_44": [4, 2], "car_49": [5, 3], "car_48": [1, 3], "car_372": [0, 5], "car_373": [7, 3], "car_370": [3, 4], "car_371": [5, 4], "car_376": [3, 6], "car_377": [7, 1], "car_374": [3, 0], "car_375": [4, 5], "car_400": [1, 3], "car_401": [1, 4], "car_378": [5, 7], "car_379": [6, 5], "car_404": [2, 3], "car_405": [5, 4], "car_406": [4, 2], "car_407": [7, 3], "car_174": [6, 3], "car_175": [3, 7], "car_176": [2, 5], "car_177": [4, 7], "car_170": [6, 7], "car_171": [2, 4], "car_172": [2, 4], "car_173": [4, 3], "car_273": [1, 4], "car_272": [6, 7], "car_271": [2, 3], "car_270": [0, 3], "car_277": [2, 6], "car_276": [3, 2], "car_275": [1, 6], "car_274": [4, 0], "car_112": [5, 1], "car_298": [2, 3], "car_358": [5, 6], "car_307": [7, 4], "car_306": [5, 4], "car_305": [6, 3], "car_304": [3, 6], "car_303": [0, 2], "car_302": [6, 4], "car_301": [4, 6], "car_300": [1, 3], "car_293": [0, 1], "car_309": [4, 7], "car_308": [0, 7], "car_292": [7, 0], "car_359": [3, 7], "car_78": [7, 5], "car_79": [3, 7], "car_72": [1, 6], "car_73": [3, 0], "car_70": [7, 2], "car_71": [3, 5], "car_76": [7, 1], "car_77": [0, 1], "car_74": [0, 5], "car_75": [0, 2], "car_87": [4, 0], "car_86": [3, 1], "car_85": [5, 3], "car_84": [4, 0], "car_83": [5, 6], "car_82": [5, 0], "car_81": [0, 7], "car_80": [4, 3], "car_89": [5, 1], "car_88": [4, 6], "car_138": [1, 5], "car_139": [7, 0], "car_130": [1, 7], "car_131": [3, 2], "car_132": [7, 1], "car_133": [1, 2], "car_134": [4, 1], "car_135": [0, 1], "car_136": [3, 1], "car_137": [0, 4], "car_471": [0, 5], "car_470": [4, 2], "car_473": [4, 5], "car_472": [3, 5], "car_475": [5, 1], "car_474": [3, 2], "car_477": [2, 6], "car_476": [4, 6], "car_479": [6, 2], "car_478": [0, 1], "car_224": [2, 6], "car_225": [2, 3], "car_226": [5, 1], "car_227": [1, 7], "car_220": [7, 5], "car_221": [2, 3], "car_222": [3, 5], "car_223": [3, 7], "car_343": [7, 2], "car_342": [4, 3], "car_341": [0, 5], "car_340": [3, 7], "car_228": [0, 7], "car_229": [5, 6], "car_345": [0, 7], "car_344": [0, 3], "car_449": [0, 2], "car_231": [1, 2], "car_230": [1, 3], "car_419": [4, 3], "car_418": [6, 0], "car_239": [7, 2], "car_331": [7, 2], "car_25": [4, 6], "car_24": [4, 2], "car_27": [4, 5], "car_26": [0, 7], "car_21": [2, 0], "car_20": [5, 2], "car_23": [3, 0], "car_22": [7, 3], "car_488": [0, 7], "car_417": [5, 6], "car_29": [2, 7], "car_28": [1, 0], "car_416": [4, 2], "car_208": [7, 2], "car_209": [1, 7], "car_435": [6, 7], "car_434": [3, 7], "car_437": [4, 7], "car_436": [5, 2], "car_431": [3, 0], "car_430": [5, 2], "car_433": [4, 6], "car_432": [4, 5], "car_398": [6, 0], "car_439": [2, 4], "car_438": [1, 0], "car_399": [1, 4], "car_389": [0, 1], "car_388": [1, 3], "car_387": [3, 6], "car_386": [1, 6], "car_385": [4, 7], "car_384": [0, 5], "car_383": [3, 6], "car_382": [1, 7], "car_381": [6, 2], "car_380": [1, 6], "car_141": [4, 0], "car_269": [6, 1], "car_143": [6, 4], "car_142": [0, 2], "car_145": [3, 6], "car_200": [2, 3], "car_147": [4, 2], "car_146": [3, 1], "car_149": [2, 7], "car_148": [6, 2], "car_262": [7, 5], "car_201": [5, 6], "car_264": [2, 4], "car_265": [6, 0], "car_266": [4, 5], "car_267": [2, 5], "car_480": [2, 5], "car_481": [3, 0], "car_390": [1, 0], "car_482": [2, 7], "car_391": [0, 4], "car_483": [5, 4], "car_484": [1, 5], "car_485": [7, 1], "car_501": [3, 7], "car_500": [5, 7], "car_502": [6, 1], "car_486": [4, 3], "car_487": [0, 6], "car_314": [7, 5], "car_315": [7, 3], "car_316": [5, 6], "car_317": [7, 6], "car_310": [0, 6], "car_311": [5, 3], "car_312": [3, 1], "car_313": [2, 6], "car_318": [6, 3], "car_319": [0, 5], "car_69": [2, 0], "car_68": [5, 2], "car_61": [3, 4], "car_60": [3, 2], "car_63": [4, 0], "car_62": [7, 4], "car_65": [6, 0], "car_64": [1, 5], "car_67": [3, 7], "car_66": [0, 5], "car_348": [4, 3], "car_105": [7, 0], "car_104": [0, 2], "car_107": [4, 7], "car_106": [1, 5], "car_101": [7, 6], "car_100": [5, 1], "car_103": [0, 7], "car_102": [3, 2], "car_109": [6, 0], "car_108": [4, 1]}