<routes>

	<vType id="car5" accel="100.0" decel="100.0" sigma="0.0" length="5" minGap="5.000000" maxSpeed="11.180000" tau="0.100000" carFollowModel="CACC" color="255,255,255"/>
	<vType id="car6" accel="100.0" decel="100.0" sigma="0.0" length="6" minGap="5.000000" maxSpeed="11.180000" tau="0.100000" carFollowModel="CACC" color="255,255,255"/>
	<vType id="car7" accel="100.0" decel="100.0" sigma="0.0" length="7" minGap="5.000000" maxSpeed="11.180000" tau="0.100000" carFollowModel="CACC" color="255,255,255"/>
	<vType id="car8" accel="100.0" decel="100.0" sigma="0.0" length="8" minGap="5.000000" maxSpeed="11.180000" tau="0.100000" carFollowModel="CACC" color="255,255,255"/>
	<vType id="car9" accel="100.0" decel="100.0" sigma="0.0" length="9" minGap="5.000000" maxSpeed="11.180000" tau="0.100000" carFollowModel="CACC" color="255,255,255"/>

	<route id="0" edges=" 001_001_1"/>
	<route id="2" edges=" 001_002_2"/>
	<route id="5" edges=" 002_001_3"/>
	<route id="7" edges=" 001_001_4"/>
	<route id="1" edges=" 001_002_1"/>
	<route id="3" edges=" 002_002_2"/>
	<route id="4" edges=" 002_002_3"/>
	<route id="6" edges=" 002_001_4"/>

	<vehicle id="car_0" type="car7" route="1" depart="0" departLane = "2" departSpeed="11.180000"/>
	<vehicle id="car_1" type="car6" route="6" depart="0" departLane = "2" departSpeed="11.180000"/>
	<vehicle id="car_2" type="car6" route="6" depart="2" departLane = "0" departSpeed="11.180000"/>
	<vehicle id="car_3" type="car6" route="1" depart="3" departLane = "1" departSpeed="11.180000"/>
	<vehicle id="car_4" type="car5" route="3" depart="4" departLane = "1" departSpeed="11.180000"/>
	<vehicle id="car_5" type="car7" route="4" depart="4" departLane = "2" departSpeed="11.180000"/>
	<vehicle id="car_6" type="car7" route="2" depart="5" departLane = "0" departSpeed="11.180000"/>
	<vehicle id="car_7" type="car7" route="7" depart="5" departLane = "1" departSpeed="11.180000"/>
	<vehicle id="car_8" type="car6" route="1" depart="6" departLane = "2" departSpeed="11.180000"/>
	<vehicle id="car_9" type="car6" route="4" depart="6" departLane = "2" departSpeed="11.180000"/>
	<vehicle id="car_10" type="car8" route="5" depart="7" departLane = "0" departSpeed="11.180000"/>
	<vehicle id="car_11" type="car8" route="4" depart="7" departLane = "0" departSpeed="11.180000"/>
	<vehicle id="car_12" type="car8" route="6" depart="7" departLane = "2" departSpeed="11.180000"/>
	<vehicle id="car_13" type="car9" route="4" depart="9" departLane = "0" departSpeed="11.180000"/>
	<vehicle id="car_14" type="car5" route="2" depart="10" departLane = "0" departSpeed="11.180000"/>
	<vehicle id="car_15" type="car7" route="0" depart="11" departLane = "2" departSpeed="11.180000"/>
	<vehicle id="car_16" type="car5" route="5" depart="12" departLane = "1" departSpeed="11.180000"/>
	<vehicle id="car_17" type="car8" route="1" depart="12" departLane = "0" departSpeed="11.180000"/>
	<vehicle id="car_18" type="car9" route="4" depart="13" departLane = "2" departSpeed="11.180000"/>
	<vehicle id="car_19" type="car8" route="6" depart="13" departLane = "1" departSpeed="11.180000"/>
	<vehicle id="car_20" type="car8" route="6" depart="14" departLane = "1" departSpeed="11.180000"/>
	<vehicle id="car_21" type="car7" route="3" depart="15" departLane = "1" departSpeed="11.180000"/>
	<vehicle id="car_22" type="car5" route="6" depart="15" departLane = "1" departSpeed="11.180000"/>
	<vehicle id="car_23" type="car6" route="0" depart="16" departLane = "1" departSpeed="11.180000"/>
	<vehicle id="car_24" type="car8" route="2" depart="16" departLane = "1" departSpeed="11.180000"/>
	<vehicle id="car_25" type="car9" route="5" depart="16" departLane = "1" departSpeed="11.180000"/>
	<vehicle id="car_26" type="car5" route="7" depart="19" departLane = "2" departSpeed="11.180000"/>
	<vehicle id="car_27" type="car6" route="0" depart="20" departLane = "0" departSpeed="11.180000"/>
	<vehicle id="car_28" type="car6" route="0" depart="21" departLane = "0" departSpeed="11.180000"/>
	<vehicle id="car_29" type="car7" route="4" depart="24" departLane = "1" departSpeed="11.180000"/>
	<vehicle id="car_30" type="car8" route="5" depart="25" departLane = "0" departSpeed="11.180000"/>
	<vehicle id="car_31" type="car5" route="7" depart="25" departLane = "2" departSpeed="11.180000"/>
	<vehicle id="car_32" type="car9" route="4" depart="25" departLane = "2" departSpeed="11.180000"/>
	<vehicle id="car_33" type="car8" route="1" depart="27" departLane = "0" departSpeed="11.180000"/>
	<vehicle id="car_34" type="car5" route="1" depart="29" departLane = "2" departSpeed="11.180000"/>
	<vehicle id="car_35" type="car5" route="3" depart="29" departLane = "0" departSpeed="11.180000"/>
	<vehicle id="car_36" type="car9" route="0" depart="31" departLane = "1" departSpeed="11.180000"/>
	<vehicle id="car_37" type="car6" route="4" depart="31" departLane = "2" departSpeed="11.180000"/>
	<vehicle id="car_38" type="car9" route="6" depart="32" departLane = "1" departSpeed="11.180000"/>
	<vehicle id="car_39" type="car7" route="1" depart="33" departLane = "2" departSpeed="11.180000"/>
	<vehicle id="car_40" type="car5" route="4" depart="33" departLane = "0" departSpeed="11.180000"/>
	<vehicle id="car_41" type="car9" route="4" depart="35" departLane = "1" departSpeed="11.180000"/>
	<vehicle id="car_42" type="car5" route="5" depart="36" departLane = "0" departSpeed="11.180000"/>
	<vehicle id="car_43" type="car7" route="4" depart="36" departLane = "0" departSpeed="11.180000"/>
	<vehicle id="car_44" type="car8" route="0" depart="38" departLane = "0" departSpeed="11.180000"/>
	<vehicle id="car_45" type="car8" route="3" depart="38" departLane = "2" departSpeed="11.180000"/>
	<vehicle id="car_46" type="car7" route="4" depart="38" departLane = "1" departSpeed="11.180000"/>
	<vehicle id="car_47" type="car9" route="3" depart="39" departLane = "0" departSpeed="11.180000"/>
	<vehicle id="car_48" type="car9" route="0" depart="41" departLane = "1" departSpeed="11.180000"/>
	<vehicle id="car_49" type="car7" route="4" depart="41" departLane = "1" departSpeed="11.180000"/>
	<vehicle id="car_50" type="car6" route="7" depart="42" departLane = "0" departSpeed="11.180000"/>
	<vehicle id="car_51" type="car7" route="4" depart="45" departLane = "2" departSpeed="11.180000"/>
	<vehicle id="car_52" type="car7" route="6" depart="45" departLane = "1" departSpeed="11.180000"/>
	<vehicle id="car_53" type="car6" route="4" depart="46" departLane = "2" departSpeed="11.180000"/>
	<vehicle id="car_54" type="car9" route="7" depart="47" departLane = "1" departSpeed="11.180000"/>
	<vehicle id="car_55" type="car7" route="4" depart="49" departLane = "1" departSpeed="11.180000"/>
	<vehicle id="car_56" type="car6" route="0" depart="50" departLane = "2" departSpeed="11.180000"/>
	<vehicle id="car_57" type="car8" route="5" depart="50" departLane = "2" departSpeed="11.180000"/>
	<vehicle id="car_58" type="car8" route="3" depart="50" departLane = "0" departSpeed="11.180000"/>
	<vehicle id="car_59" type="car8" route="6" depart="50" departLane = "2" departSpeed="11.180000"/>
	<vehicle id="car_60" type="car7" route="0" depart="53" departLane = "0" departSpeed="11.180000"/>
	<vehicle id="car_61" type="car5" route="7" depart="54" departLane = "1" departSpeed="11.180000"/>
	<vehicle id="car_62" type="car8" route="3" depart="55" departLane = "0" departSpeed="11.180000"/>
	<vehicle id="car_63" type="car9" route="3" depart="56" departLane = "0" departSpeed="11.180000"/>
	<vehicle id="car_64" type="car8" route="1" depart="58" departLane = "2" departSpeed="11.180000"/>
	<vehicle id="car_65" type="car6" route="7" depart="59" departLane = "0" departSpeed="11.180000"/>
	<vehicle id="car_66" type="car7" route="3" depart="59" departLane = "2" departSpeed="11.180000"/>
	<vehicle id="car_67" type="car8" route="4" depart="59" departLane = "0" departSpeed="11.180000"/>
	<vehicle id="car_68" type="car6" route="4" depart="60" departLane = "0" departSpeed="11.180000"/>
	<vehicle id="car_69" type="car8" route="0" depart="62" departLane = "2" departSpeed="11.180000"/>
	<vehicle id="car_70" type="car5" route="5" depart="63" departLane = "0" departSpeed="11.180000"/>
	<vehicle id="car_71" type="car6" route="3" depart="65" departLane = "2" departSpeed="11.180000"/>
	<vehicle id="car_72" type="car5" route="0" depart="67" departLane = "0" departSpeed="11.180000"/>
	<vehicle id="car_73" type="car9" route="5" depart="67" departLane = "2" departSpeed="11.180000"/>
	<vehicle id="car_74" type="car5" route="5" depart="68" departLane = "0" departSpeed="11.180000"/>
	<vehicle id="car_75" type="car7" route="0" depart="69" departLane = "1" departSpeed="11.180000"/>
	<vehicle id="car_76" type="car7" route="5" depart="69" departLane = "0" departSpeed="11.180000"/>
	<vehicle id="car_77" type="car5" route="3" depart="70" departLane = "0" departSpeed="11.180000"/>
	<vehicle id="car_78" type="car8" route="4" depart="73" departLane = "2" departSpeed="11.180000"/>
	<vehicle id="car_79" type="car9" route="1" depart="75" departLane = "2" departSpeed="11.180000"/>
	<vehicle id="car_80" type="car8" route="1" depart="76" departLane = "2" departSpeed="11.180000"/>
	<vehicle id="car_81" type="car6" route="5" depart="77" departLane = "1" departSpeed="11.180000"/>
	<vehicle id="car_82" type="car9" route="6" depart="77" departLane = "1" departSpeed="11.180000"/>
	<vehicle id="car_83" type="car7" route="5" depart="79" departLane = "1" departSpeed="11.180000"/>
	<vehicle id="car_84" type="car5" route="3" depart="79" departLane = "0" departSpeed="11.180000"/>
	<vehicle id="car_85" type="car8" route="0" depart="80" departLane = "0" departSpeed="11.180000"/>
	<vehicle id="car_86" type="car5" route="3" depart="80" departLane = "0" departSpeed="11.180000"/>
	<vehicle id="car_87" type="car6" route="4" depart="80" departLane = "1" departSpeed="11.180000"/>
	<vehicle id="car_88" type="car6" route="6" depart="80" departLane = "0" departSpeed="11.180000"/>
	<vehicle id="car_89" type="car8" route="4" depart="81" departLane = "2" departSpeed="11.180000"/>
	<vehicle id="car_90" type="car7" route="0" depart="83" departLane = "1" departSpeed="11.180000"/>
	<vehicle id="car_91" type="car9" route="6" depart="83" departLane = "0" departSpeed="11.180000"/>
	<vehicle id="car_92" type="car9" route="5" depart="85" departLane = "0" departSpeed="11.180000"/>
	<vehicle id="car_93" type="car8" route="1" depart="86" departLane = "2" departSpeed="11.180000"/>
	<vehicle id="car_94" type="car8" route="2" depart="87" departLane = "2" departSpeed="11.180000"/>
	<vehicle id="car_95" type="car8" route="5" depart="89" departLane = "1" departSpeed="11.180000"/>
	<vehicle id="car_96" type="car9" route="2" depart="90" departLane = "0" departSpeed="11.180000"/>
	<vehicle id="car_97" type="car8" route="6" depart="90" departLane = "2" departSpeed="11.180000"/>
	<vehicle id="car_98" type="car9" route="5" depart="91" departLane = "2" departSpeed="11.180000"/>
	<vehicle id="car_99" type="car5" route="0" depart="92" departLane = "2" departSpeed="11.180000"/>
	<vehicle id="car_100" type="car7" route="1" depart="95" departLane = "1" departSpeed="11.180000"/>
	<vehicle id="car_101" type="car7" route="6" depart="95" departLane = "1" departSpeed="11.180000"/>
	<vehicle id="car_102" type="car9" route="0" depart="98" departLane = "1" departSpeed="11.180000"/>
	<vehicle id="car_103" type="car9" route="2" depart="99" departLane = "2" departSpeed="11.180000"/>
	<vehicle id="car_104" type="car7" route="5" depart="99" departLane = "0" departSpeed="11.180000"/>
	<vehicle id="car_105" type="car6" route="2" depart="100" departLane = "0" departSpeed="11.180000"/>
	<vehicle id="car_106" type="car6" route="3" depart="100" departLane = "2" departSpeed="11.180000"/>
	<vehicle id="car_107" type="car7" route="4" depart="101" departLane = "0" departSpeed="11.180000"/>
	<vehicle id="car_108" type="car7" route="0" depart="104" departLane = "2" departSpeed="11.180000"/>
	<vehicle id="car_109" type="car6" route="6" depart="104" departLane = "1" departSpeed="11.180000"/>
	<vehicle id="car_110" type="car5" route="2" depart="107" departLane = "0" departSpeed="11.180000"/>
	<vehicle id="car_111" type="car9" route="1" depart="107" departLane = "0" departSpeed="11.180000"/>
	<vehicle id="car_112" type="car7" route="0" depart="108" departLane = "0" departSpeed="11.180000"/>
	<vehicle id="car_113" type="car5" route="1" depart="108" departLane = "1" departSpeed="11.180000"/>
	<vehicle id="car_114" type="car9" route="6" depart="110" departLane = "2" departSpeed="11.180000"/>
	<vehicle id="car_115" type="car7" route="3" depart="111" departLane = "0" departSpeed="11.180000"/>
	<vehicle id="car_116" type="car9" route="7" depart="113" departLane = "1" departSpeed="11.180000"/>
	<vehicle id="car_117" type="car5" route="1" depart="113" departLane = "1" departSpeed="11.180000"/>
	<vehicle id="car_118" type="car5" route="1" depart="114" departLane = "2" departSpeed="11.180000"/>
	<vehicle id="car_119" type="car9" route="6" depart="117" departLane = "1" departSpeed="11.180000"/>
	<vehicle id="car_120" type="car8" route="3" depart="119" departLane = "1" departSpeed="11.180000"/>
	<vehicle id="car_121" type="car7" route="6" depart="119" departLane = "2" departSpeed="11.180000"/>
	<vehicle id="car_122" type="car5" route="5" depart="120" departLane = "1" departSpeed="11.180000"/>
	<vehicle id="car_123" type="car7" route="0" depart="123" departLane = "1" departSpeed="11.180000"/>
	<vehicle id="car_124" type="car8" route="4" depart="123" departLane = "1" departSpeed="11.180000"/>
	<vehicle id="car_125" type="car7" route="1" depart="124" departLane = "2" departSpeed="11.180000"/>
	<vehicle id="car_126" type="car6" route="1" depart="125" departLane = "1" departSpeed="11.180000"/>
	<vehicle id="car_127" type="car8" route="1" depart="127" departLane = "1" departSpeed="11.180000"/>
	<vehicle id="car_128" type="car8" route="6" depart="127" departLane = "2" departSpeed="11.180000"/>
	<vehicle id="car_129" type="car6" route="5" depart="128" departLane = "1" departSpeed="11.180000"/>
	<vehicle id="car_130" type="car7" route="5" depart="129" departLane = "1" departSpeed="11.180000"/>
	<vehicle id="car_131" type="car9" route="2" depart="130" departLane = "1" departSpeed="11.180000"/>
	<vehicle id="car_132" type="car9" route="4" depart="130" departLane = "0" departSpeed="11.180000"/>
	<vehicle id="car_133" type="car7" route="6" depart="130" departLane = "1" departSpeed="11.180000"/>
	<vehicle id="car_134" type="car9" route="1" depart="132" departLane = "2" departSpeed="11.180000"/>
	<vehicle id="car_135" type="car8" route="1" depart="134" departLane = "2" departSpeed="11.180000"/>
	<vehicle id="car_136" type="car8" route="1" depart="138" departLane = "2" departSpeed="11.180000"/>
	<vehicle id="car_137" type="car7" route="3" depart="139" departLane = "1" departSpeed="11.180000"/>
	<vehicle id="car_138" type="car6" route="2" depart="141" departLane = "1" departSpeed="11.180000"/>
	<vehicle id="car_139" type="car9" route="7" depart="142" departLane = "2" departSpeed="11.180000"/>
	<vehicle id="car_140" type="car5" route="2" depart="145" departLane = "0" departSpeed="11.180000"/>
	<vehicle id="car_141" type="car6" route="1" depart="145" departLane = "1" departSpeed="11.180000"/>
	<vehicle id="car_142" type="car7" route="1" depart="147" departLane = "1" departSpeed="11.180000"/>
	<vehicle id="car_143" type="car5" route="5" depart="148" departLane = "2" departSpeed="11.180000"/>
	<vehicle id="car_144" type="car7" route="6" depart="150" departLane = "0" departSpeed="11.180000"/>
	<vehicle id="car_145" type="car8" route="0" depart="151" departLane = "0" departSpeed="11.180000"/>
	<vehicle id="car_146" type="car5" route="2" depart="151" departLane = "1" departSpeed="11.180000"/>
	<vehicle id="car_147" type="car7" route="4" depart="151" departLane = "1" departSpeed="11.180000"/>
	<vehicle id="car_148" type="car9" route="4" depart="152" departLane = "1" departSpeed="11.180000"/>
	<vehicle id="car_149" type="car9" route="4" depart="153" departLane = "0" departSpeed="11.180000"/>
	<vehicle id="car_150" type="car7" route="7" depart="154" departLane = "2" departSpeed="11.180000"/>
	<vehicle id="car_151" type="car7" route="5" depart="156" departLane = "2" departSpeed="11.180000"/>
	<vehicle id="car_152" type="car5" route="6" depart="156" departLane = "2" departSpeed="11.180000"/>
	<vehicle id="car_153" type="car8" route="1" depart="158" departLane = "2" departSpeed="11.180000"/>
	<vehicle id="car_154" type="car6" route="7" depart="161" departLane = "0" departSpeed="11.180000"/>
	<vehicle id="car_155" type="car8" route="1" depart="162" departLane = "2" departSpeed="11.180000"/>
	<vehicle id="car_156" type="car7" route="1" depart="164" departLane = "2" departSpeed="11.180000"/>
	<vehicle id="car_157" type="car8" route="3" depart="164" departLane = "2" departSpeed="11.180000"/>
	<vehicle id="car_158" type="car7" route="7" depart="165" departLane = "1" departSpeed="11.180000"/>
	<vehicle id="car_159" type="car5" route="0" depart="166" departLane = "2" departSpeed="11.180000"/>
	<vehicle id="car_160" type="car7" route="7" depart="166" departLane = "0" departSpeed="11.180000"/>
	<vehicle id="car_161" type="car5" route="4" depart="166" departLane = "2" departSpeed="11.180000"/>
	<vehicle id="car_162" type="car8" route="0" depart="171" departLane = "1" departSpeed="11.180000"/>
	<vehicle id="car_163" type="car6" route="0" depart="173" departLane = "0" departSpeed="11.180000"/>
	<vehicle id="car_164" type="car7" route="4" depart="173" departLane = "2" departSpeed="11.180000"/>
	<vehicle id="car_165" type="car9" route="6" depart="174" departLane = "2" departSpeed="11.180000"/>
	<vehicle id="car_166" type="car8" route="2" depart="175" departLane = "1" departSpeed="11.180000"/>
	<vehicle id="car_167" type="car9" route="7" depart="178" departLane = "0" departSpeed="11.180000"/>
	<vehicle id="car_168" type="car8" route="2" depart="180" departLane = "2" departSpeed="11.180000"/>
	<vehicle id="car_169" type="car5" route="0" depart="181" departLane = "0" departSpeed="11.180000"/>
	<vehicle id="car_170" type="car6" route="7" depart="181" departLane = "1" departSpeed="11.180000"/>
	<vehicle id="car_171" type="car5" route="6" depart="184" departLane = "0" departSpeed="11.180000"/>
	<vehicle id="car_172" type="car5" route="7" depart="185" departLane = "2" departSpeed="11.180000"/>
	<vehicle id="car_173" type="car7" route="4" depart="185" departLane = "0" departSpeed="11.180000"/>
	<vehicle id="car_174" type="car7" route="5" depart="186" departLane = "0" departSpeed="11.180000"/>
	<vehicle id="car_175" type="car8" route="7" depart="186" departLane = "1" departSpeed="11.180000"/>
	<vehicle id="car_176" type="car9" route="6" depart="187" departLane = "1" departSpeed="11.180000"/>
	<vehicle id="car_177" type="car7" route="3" depart="188" departLane = "1" departSpeed="11.180000"/>
	<vehicle id="car_178" type="car6" route="1" depart="189" departLane = "0" departSpeed="11.180000"/>
	<vehicle id="car_179" type="car9" route="3" depart="189" departLane = "1" departSpeed="11.180000"/>
	<vehicle id="car_180" type="car6" route="2" depart="191" departLane = "0" departSpeed="11.180000"/>
	<vehicle id="car_181" type="car7" route="1" depart="192" departLane = "2" departSpeed="11.180000"/>
	<vehicle id="car_182" type="car5" route="6" depart="194" departLane = "2" departSpeed="11.180000"/>
	<vehicle id="car_183" type="car5" route="2" depart="195" departLane = "1" departSpeed="11.180000"/>
	<vehicle id="car_184" type="car6" route="2" depart="196" departLane = "2" departSpeed="11.180000"/>
	<vehicle id="car_185" type="car6" route="1" depart="197" departLane = "2" departSpeed="11.180000"/>
	<vehicle id="car_186" type="car7" route="7" depart="198" departLane = "0" departSpeed="11.180000"/>
	<vehicle id="car_187" type="car8" route="3" depart="203" departLane = "2" departSpeed="11.180000"/>
	<vehicle id="car_188" type="car5" route="1" depart="204" departLane = "0" departSpeed="11.180000"/>
	<vehicle id="car_189" type="car7" route="4" depart="204" departLane = "2" departSpeed="11.180000"/>
	<vehicle id="car_190" type="car5" route="2" depart="205" departLane = "1" departSpeed="11.180000"/>
	<vehicle id="car_191" type="car7" route="7" depart="205" departLane = "2" departSpeed="11.180000"/>
	<vehicle id="car_192" type="car9" route="1" depart="206" departLane = "1" departSpeed="11.180000"/>
	<vehicle id="car_193" type="car6" route="5" depart="207" departLane = "0" departSpeed="11.180000"/>
	<vehicle id="car_194" type="car8" route="3" depart="208" departLane = "1" departSpeed="11.180000"/>
	<vehicle id="car_195" type="car8" route="5" depart="209" departLane = "1" departSpeed="11.180000"/>
	<vehicle id="car_196" type="car8" route="3" depart="209" departLane = "2" departSpeed="11.180000"/>
	<vehicle id="car_197" type="car6" route="2" depart="212" departLane = "1" departSpeed="11.180000"/>
	<vehicle id="car_198" type="car7" route="5" depart="212" departLane = "0" departSpeed="11.180000"/>
	<vehicle id="car_199" type="car8" route="0" depart="214" departLane = "2" departSpeed="11.180000"/>
	<vehicle id="car_200" type="car6" route="1" depart="214" departLane = "0" departSpeed="11.180000"/>
	<vehicle id="car_201" type="car7" route="3" depart="215" departLane = "1" departSpeed="11.180000"/>
	<vehicle id="car_202" type="car9" route="0" depart="216" departLane = "0" departSpeed="11.180000"/>
	<vehicle id="car_203" type="car6" route="4" depart="216" departLane = "1" departSpeed="11.180000"/>
	<vehicle id="car_204" type="car7" route="0" depart="217" departLane = "2" departSpeed="11.180000"/>
	<vehicle id="car_205" type="car7" route="0" depart="218" departLane = "1" departSpeed="11.180000"/>
	<vehicle id="car_206" type="car7" route="2" depart="219" departLane = "0" departSpeed="11.180000"/>
	<vehicle id="car_207" type="car6" route="0" depart="221" departLane = "1" departSpeed="11.180000"/>
	<vehicle id="car_208" type="car8" route="0" depart="224" departLane = "1" departSpeed="11.180000"/>
	<vehicle id="car_209" type="car5" route="1" depart="224" departLane = "1" departSpeed="11.180000"/>
	<vehicle id="car_210" type="car9" route="7" depart="226" departLane = "2" departSpeed="11.180000"/>
	<vehicle id="car_211" type="car6" route="5" depart="227" departLane = "1" departSpeed="11.180000"/>
	<vehicle id="car_212" type="car5" route="4" depart="227" departLane = "0" departSpeed="11.180000"/>
	<vehicle id="car_213" type="car7" route="0" depart="229" departLane = "1" departSpeed="11.180000"/>
	<vehicle id="car_214" type="car5" route="1" depart="229" departLane = "2" departSpeed="11.180000"/>
	<vehicle id="car_215" type="car7" route="0" depart="230" departLane = "2" departSpeed="11.180000"/>
	<vehicle id="car_216" type="car7" route="3" depart="230" departLane = "2" departSpeed="11.180000"/>
	<vehicle id="car_217" type="car8" route="6" depart="230" departLane = "0" departSpeed="11.180000"/>
	<vehicle id="car_218" type="car6" route="5" depart="232" departLane = "0" departSpeed="11.180000"/>
	<vehicle id="car_219" type="car5" route="0" depart="233" departLane = "2" departSpeed="11.180000"/>
	<vehicle id="car_220" type="car6" route="2" depart="233" departLane = "2" departSpeed="11.180000"/>
	<vehicle id="car_221" type="car7" route="5" depart="234" departLane = "2" departSpeed="11.180000"/>
	<vehicle id="car_222" type="car5" route="4" depart="234" departLane = "2" departSpeed="11.180000"/>
	<vehicle id="car_223" type="car7" route="7" depart="237" departLane = "1" departSpeed="11.180000"/>
	<vehicle id="car_224" type="car8" route="5" depart="241" departLane = "1" departSpeed="11.180000"/>
	<vehicle id="car_225" type="car7" route="3" depart="243" departLane = "2" departSpeed="11.180000"/>
	<vehicle id="car_226" type="car8" route="3" depart="244" departLane = "0" departSpeed="11.180000"/>
	<vehicle id="car_227" type="car5" route="3" depart="245" departLane = "2" departSpeed="11.180000"/>
	<vehicle id="car_228" type="car6" route="7" depart="247" departLane = "0" departSpeed="11.180000"/>
	<vehicle id="car_229" type="car7" route="2" depart="248" departLane = "0" departSpeed="11.180000"/>
	<vehicle id="car_230" type="car5" route="1" depart="248" departLane = "0" departSpeed="11.180000"/>
	<vehicle id="car_231" type="car7" route="3" depart="250" departLane = "0" departSpeed="11.180000"/>
	<vehicle id="car_232" type="car8" route="7" depart="255" departLane = "2" departSpeed="11.180000"/>
	<vehicle id="car_233" type="car5" route="3" depart="256" departLane = "1" departSpeed="11.180000"/>
	<vehicle id="car_234" type="car5" route="6" depart="257" departLane = "2" departSpeed="11.180000"/>
	<vehicle id="car_235" type="car8" route="2" depart="260" departLane = "2" departSpeed="11.180000"/>
	<vehicle id="car_236" type="car5" route="5" depart="260" departLane = "2" departSpeed="11.180000"/>
	<vehicle id="car_237" type="car8" route="4" depart="260" departLane = "1" departSpeed="11.180000"/>
	<vehicle id="car_238" type="car6" route="2" depart="261" departLane = "2" departSpeed="11.180000"/>
	<vehicle id="car_239" type="car6" route="0" depart="262" departLane = "2" departSpeed="11.180000"/>
	<vehicle id="car_240" type="car8" route="6" depart="262" departLane = "1" departSpeed="11.180000"/>
	<vehicle id="car_241" type="car9" route="6" depart="264" departLane = "1" departSpeed="11.180000"/>
	<vehicle id="car_242" type="car9" route="5" depart="265" departLane = "1" departSpeed="11.180000"/>
	<vehicle id="car_243" type="car9" route="3" depart="267" departLane = "2" departSpeed="11.180000"/>
	<vehicle id="car_244" type="car5" route="4" depart="267" departLane = "2" departSpeed="11.180000"/>
	<vehicle id="car_245" type="car8" route="5" depart="269" departLane = "0" departSpeed="11.180000"/>
	<vehicle id="car_246" type="car6" route="2" depart="270" departLane = "1" departSpeed="11.180000"/>
	<vehicle id="car_247" type="car6" route="1" depart="270" departLane = "2" departSpeed="11.180000"/>
	<vehicle id="car_248" type="car5" route="2" depart="271" departLane = "0" departSpeed="11.180000"/>
	<vehicle id="car_249" type="car5" route="1" depart="271" departLane = "2" departSpeed="11.180000"/>
	<vehicle id="car_250" type="car5" route="2" depart="272" departLane = "0" departSpeed="11.180000"/>
	<vehicle id="car_251" type="car5" route="7" depart="272" departLane = "1" departSpeed="11.180000"/>
	<vehicle id="car_252" type="car9" route="1" depart="273" departLane = "1" departSpeed="11.180000"/>
	<vehicle id="car_253" type="car7" route="6" depart="273" departLane = "2" departSpeed="11.180000"/>
	<vehicle id="car_254" type="car7" route="1" depart="279" departLane = "0" departSpeed="11.180000"/>
	<vehicle id="car_255" type="car7" route="7" depart="280" departLane = "2" departSpeed="11.180000"/>
	<vehicle id="car_256" type="car7" route="1" depart="280" departLane = "2" departSpeed="11.180000"/>
	<vehicle id="car_257" type="car7" route="2" depart="282" departLane = "0" departSpeed="11.180000"/>
	<vehicle id="car_258" type="car7" route="5" depart="283" departLane = "2" departSpeed="11.180000"/>
	<vehicle id="car_259" type="car8" route="6" depart="283" departLane = "2" departSpeed="11.180000"/>
	<vehicle id="car_260" type="car7" route="0" depart="285" departLane = "1" departSpeed="11.180000"/>
	<vehicle id="car_261" type="car7" route="7" depart="287" departLane = "1" departSpeed="11.180000"/>
	<vehicle id="car_262" type="car6" route="4" depart="287" departLane = "2" departSpeed="11.180000"/>
	<vehicle id="car_263" type="car8" route="1" depart="289" departLane = "0" departSpeed="11.180000"/>
	<vehicle id="car_264" type="car8" route="2" depart="290" departLane = "0" departSpeed="11.180000"/>
	<vehicle id="car_265" type="car5" route="3" depart="290" departLane = "0" departSpeed="11.180000"/>
	<vehicle id="car_266" type="car8" route="7" depart="291" departLane = "2" departSpeed="11.180000"/>
	<vehicle id="car_267" type="car6" route="4" depart="292" departLane = "2" departSpeed="11.180000"/>
	<vehicle id="car_268" type="car5" route="7" depart="295" departLane = "2" departSpeed="11.180000"/>
	<vehicle id="car_269" type="car6" route="2" depart="296" departLane = "0" departSpeed="11.180000"/>
	<vehicle id="car_270" type="car9" route="4" depart="297" departLane = "0" departSpeed="11.180000"/>
	<vehicle id="car_271" type="car9" route="6" depart="297" departLane = "2" departSpeed="11.180000"/>
	<vehicle id="car_272" type="car8" route="5" depart="298" departLane = "2" departSpeed="11.180000"/>
	<vehicle id="car_273" type="car7" route="5" depart="299" departLane = "2" departSpeed="11.180000"/>
	<vehicle id="car_274" type="car8" route="7" depart="300" departLane = "2" departSpeed="11.180000"/>
	<vehicle id="car_275" type="car5" route="2" depart="301" departLane = "2" departSpeed="11.180000"/>
	<vehicle id="car_276" type="car5" route="4" depart="305" departLane = "1" departSpeed="11.180000"/>
	<vehicle id="car_277" type="car8" route="0" depart="306" departLane = "0" departSpeed="11.180000"/>
	<vehicle id="car_278" type="car7" route="1" depart="307" departLane = "2" departSpeed="11.180000"/>
	<vehicle id="car_279" type="car7" route="6" depart="308" departLane = "0" departSpeed="11.180000"/>
	<vehicle id="car_280" type="car8" route="6" depart="314" departLane = "2" departSpeed="11.180000"/>
	<vehicle id="car_281" type="car5" route="1" depart="316" departLane = "0" departSpeed="11.180000"/>
	<vehicle id="car_282" type="car5" route="4" depart="316" departLane = "2" departSpeed="11.180000"/>
	<vehicle id="car_283" type="car8" route="4" depart="317" departLane = "2" departSpeed="11.180000"/>
	<vehicle id="car_284" type="car7" route="6" depart="317" departLane = "1" departSpeed="11.180000"/>
	<vehicle id="car_285" type="car8" route="0" depart="318" departLane = "2" departSpeed="11.180000"/>
	<vehicle id="car_286" type="car5" route="4" depart="318" departLane = "0" departSpeed="11.180000"/>
	<vehicle id="car_287" type="car7" route="6" depart="318" departLane = "2" departSpeed="11.180000"/>
	<vehicle id="car_288" type="car6" route="0" depart="319" departLane = "2" departSpeed="11.180000"/>
	<vehicle id="car_289" type="car7" route="4" depart="319" departLane = "2" departSpeed="11.180000"/>
	<vehicle id="car_290" type="car9" route="6" depart="319" departLane = "2" departSpeed="11.180000"/>
	<vehicle id="car_291" type="car6" route="7" depart="321" departLane = "2" departSpeed="11.180000"/>
	<vehicle id="car_292" type="car5" route="1" depart="321" departLane = "1" departSpeed="11.180000"/>
	<vehicle id="car_293" type="car5" route="5" depart="325" departLane = "0" departSpeed="11.180000"/>
	<vehicle id="car_294" type="car6" route="1" depart="325" departLane = "0" departSpeed="11.180000"/>
	<vehicle id="car_295" type="car9" route="6" depart="327" departLane = "1" departSpeed="11.180000"/>
	<vehicle id="car_296" type="car5" route="7" depart="328" departLane = "0" departSpeed="11.180000"/>
	<vehicle id="car_297" type="car8" route="3" depart="329" departLane = "1" departSpeed="11.180000"/>
	<vehicle id="car_298" type="car7" route="6" depart="331" departLane = "2" departSpeed="11.180000"/>
	<vehicle id="car_299" type="car6" route="7" depart="333" departLane = "2" departSpeed="11.180000"/>
	<vehicle id="car_300" type="car6" route="7" depart="334" departLane = "1" departSpeed="11.180000"/>
	<vehicle id="car_301" type="car5" route="1" depart="337" departLane = "1" departSpeed="11.180000"/>
	<vehicle id="car_302" type="car8" route="1" depart="338" departLane = "0" departSpeed="11.180000"/>
	<vehicle id="car_303" type="car8" route="4" depart="339" departLane = "1" departSpeed="11.180000"/>
	<vehicle id="car_304" type="car7" route="5" depart="341" departLane = "1" departSpeed="11.180000"/>
	<vehicle id="car_305" type="car5" route="7" depart="342" departLane = "0" departSpeed="11.180000"/>
	<vehicle id="car_306" type="car7" route="6" depart="342" departLane = "2" departSpeed="11.180000"/>
	<vehicle id="car_307" type="car5" route="2" depart="345" departLane = "0" departSpeed="11.180000"/>
	<vehicle id="car_308" type="car9" route="3" depart="345" departLane = "1" departSpeed="11.180000"/>
	<vehicle id="car_309" type="car9" route="5" depart="346" departLane = "2" departSpeed="11.180000"/>
	<vehicle id="car_310" type="car8" route="3" depart="346" departLane = "2" departSpeed="11.180000"/>
	<vehicle id="car_311" type="car6" route="4" depart="348" departLane = "2" departSpeed="11.180000"/>
	<vehicle id="car_312" type="car5" route="5" depart="349" departLane = "1" departSpeed="11.180000"/>
	<vehicle id="car_313" type="car9" route="3" depart="349" departLane = "2" departSpeed="11.180000"/>
	<vehicle id="car_314" type="car9" route="2" depart="352" departLane = "2" departSpeed="11.180000"/>
	<vehicle id="car_315" type="car7" route="7" depart="352" departLane = "0" departSpeed="11.180000"/>
	<vehicle id="car_316" type="car6" route="2" depart="353" departLane = "0" departSpeed="11.180000"/>
	<vehicle id="car_317" type="car7" route="6" depart="353" departLane = "1" departSpeed="11.180000"/>
	<vehicle id="car_318" type="car5" route="1" depart="355" departLane = "0" departSpeed="11.180000"/>
	<vehicle id="car_319" type="car5" route="0" depart="356" departLane = "0" departSpeed="11.180000"/>
	<vehicle id="car_320" type="car9" route="7" depart="356" departLane = "0" departSpeed="11.180000"/>
	<vehicle id="car_321" type="car7" route="5" depart="357" departLane = "2" departSpeed="11.180000"/>
	<vehicle id="car_322" type="car7" route="2" depart="364" departLane = "0" departSpeed="11.180000"/>
	<vehicle id="car_323" type="car7" route="7" depart="365" departLane = "0" departSpeed="11.180000"/>
	<vehicle id="car_324" type="car7" route="1" depart="365" departLane = "2" departSpeed="11.180000"/>
	<vehicle id="car_325" type="car5" route="5" depart="366" departLane = "2" departSpeed="11.180000"/>
	<vehicle id="car_326" type="car7" route="5" depart="367" departLane = "0" departSpeed="11.180000"/>
	<vehicle id="car_327" type="car7" route="4" depart="368" departLane = "1" departSpeed="11.180000"/>
	<vehicle id="car_328" type="car7" route="7" depart="369" departLane = "2" departSpeed="11.180000"/>
	<vehicle id="car_329" type="car5" route="6" depart="370" departLane = "2" departSpeed="11.180000"/>
	<vehicle id="car_330" type="car8" route="1" depart="371" departLane = "0" departSpeed="11.180000"/>
	<vehicle id="car_331" type="car7" route="7" depart="374" departLane = "0" departSpeed="11.180000"/>
	<vehicle id="car_332" type="car9" route="0" depart="377" departLane = "1" departSpeed="11.180000"/>
	<vehicle id="car_333" type="car9" route="0" depart="378" departLane = "0" departSpeed="11.180000"/>
	<vehicle id="car_334" type="car8" route="1" depart="379" departLane = "1" departSpeed="11.180000"/>
	<vehicle id="car_335" type="car9" route="5" depart="380" departLane = "2" departSpeed="11.180000"/>
	<vehicle id="car_336" type="car5" route="0" depart="384" departLane = "2" departSpeed="11.180000"/>
	<vehicle id="car_337" type="car5" route="0" depart="387" departLane = "1" departSpeed="11.180000"/>
	<vehicle id="car_338" type="car5" route="1" depart="387" departLane = "0" departSpeed="11.180000"/>
	<vehicle id="car_339" type="car6" route="4" depart="387" departLane = "2" departSpeed="11.180000"/>
	<vehicle id="car_340" type="car7" route="7" depart="388" departLane = "0" departSpeed="11.180000"/>
	<vehicle id="car_341" type="car5" route="3" depart="388" departLane = "0" departSpeed="11.180000"/>
	<vehicle id="car_342" type="car6" route="7" depart="389" departLane = "1" departSpeed="11.180000"/>
	<vehicle id="car_343" type="car9" route="5" depart="392" departLane = "0" departSpeed="11.180000"/>
	<vehicle id="car_344" type="car7" route="5" depart="394" departLane = "1" departSpeed="11.180000"/>
	<vehicle id="car_345" type="car8" route="0" depart="395" departLane = "2" departSpeed="11.180000"/>
	<vehicle id="car_346" type="car7" route="7" depart="395" departLane = "1" departSpeed="11.180000"/>
	<vehicle id="car_347" type="car7" route="5" depart="396" departLane = "1" departSpeed="11.180000"/>
	<vehicle id="car_348" type="car6" route="5" depart="397" departLane = "0" departSpeed="11.180000"/>
	<vehicle id="car_349" type="car6" route="7" depart="398" departLane = "2" departSpeed="11.180000"/>
	<vehicle id="car_350" type="car9" route="4" depart="398" departLane = "1" departSpeed="11.180000"/>
	<vehicle id="car_351" type="car7" route="6" depart="398" departLane = "0" departSpeed="11.180000"/>
	<vehicle id="car_352" type="car9" route="2" depart="400" departLane = "2" departSpeed="11.180000"/>
	<vehicle id="car_353" type="car8" route="7" depart="400" departLane = "0" departSpeed="11.180000"/>
	<vehicle id="car_354" type="car9" route="3" depart="400" departLane = "2" departSpeed="11.180000"/>
	<vehicle id="car_355" type="car9" route="1" depart="401" departLane = "2" departSpeed="11.180000"/>
	<vehicle id="car_356" type="car5" route="0" depart="403" departLane = "1" departSpeed="11.180000"/>
	<vehicle id="car_357" type="car5" route="2" depart="404" departLane = "2" departSpeed="11.180000"/>
	<vehicle id="car_358" type="car5" route="3" depart="404" departLane = "0" departSpeed="11.180000"/>
	<vehicle id="car_359" type="car7" route="6" depart="405" departLane = "0" departSpeed="11.180000"/>
	<vehicle id="car_360" type="car6" route="0" depart="406" departLane = "2" departSpeed="11.180000"/>
	<vehicle id="car_361" type="car8" route="1" depart="406" departLane = "0" departSpeed="11.180000"/>
	<vehicle id="car_362" type="car8" route="4" depart="406" departLane = "2" departSpeed="11.180000"/>
	<vehicle id="car_363" type="car6" route="7" depart="407" departLane = "0" departSpeed="11.180000"/>
	<vehicle id="car_364" type="car7" route="6" depart="408" departLane = "2" departSpeed="11.180000"/>
	<vehicle id="car_365" type="car6" route="2" depart="409" departLane = "1" departSpeed="11.180000"/>
	<vehicle id="car_366" type="car6" route="3" depart="409" departLane = "1" departSpeed="11.180000"/>
	<vehicle id="car_367" type="car6" route="6" depart="412" departLane = "2" departSpeed="11.180000"/>
	<vehicle id="car_368" type="car9" route="5" depart="414" departLane = "2" departSpeed="11.180000"/>
	<vehicle id="car_369" type="car6" route="1" depart="415" departLane = "2" departSpeed="11.180000"/>
	<vehicle id="car_370" type="car8" route="0" depart="416" departLane = "1" departSpeed="11.180000"/>
	<vehicle id="car_371" type="car6" route="3" depart="416" departLane = "2" departSpeed="11.180000"/>
	<vehicle id="car_372" type="car5" route="5" depart="417" departLane = "0" departSpeed="11.180000"/>
	<vehicle id="car_373" type="car9" route="2" depart="418" departLane = "2" departSpeed="11.180000"/>
	<vehicle id="car_374" type="car7" route="4" depart="419" departLane = "0" departSpeed="11.180000"/>
	<vehicle id="car_375" type="car5" route="0" depart="420" departLane = "0" departSpeed="11.180000"/>
	<vehicle id="car_376" type="car7" route="1" depart="421" departLane = "1" departSpeed="11.180000"/>
	<vehicle id="car_377" type="car8" route="4" depart="421" departLane = "1" departSpeed="11.180000"/>
	<vehicle id="car_378" type="car8" route="5" depart="422" departLane = "1" departSpeed="11.180000"/>
	<vehicle id="car_379" type="car7" route="7" depart="426" departLane = "2" departSpeed="11.180000"/>
	<vehicle id="car_380" type="car8" route="7" depart="430" departLane = "2" departSpeed="11.180000"/>
	<vehicle id="car_381" type="car8" route="7" depart="431" departLane = "2" departSpeed="11.180000"/>
	<vehicle id="car_382" type="car6" route="7" depart="432" departLane = "2" departSpeed="11.180000"/>
	<vehicle id="car_383" type="car9" route="3" depart="432" departLane = "2" departSpeed="11.180000"/>
	<vehicle id="car_384" type="car5" route="1" depart="433" departLane = "0" departSpeed="11.180000"/>
	<vehicle id="car_385" type="car9" route="4" depart="433" departLane = "2" departSpeed="11.180000"/>
	<vehicle id="car_386" type="car6" route="6" depart="433" departLane = "0" departSpeed="11.180000"/>
	<vehicle id="car_387" type="car8" route="3" depart="434" departLane = "2" departSpeed="11.180000"/>
	<vehicle id="car_388" type="car5" route="5" depart="435" departLane = "0" departSpeed="11.180000"/>
	<vehicle id="car_389" type="car8" route="1" depart="436" departLane = "2" departSpeed="11.180000"/>
	<vehicle id="car_390" type="car9" route="5" depart="437" departLane = "1" departSpeed="11.180000"/>
	<vehicle id="car_391" type="car5" route="5" depart="438" departLane = "0" departSpeed="11.180000"/>
	<vehicle id="car_392" type="car8" route="6" depart="438" departLane = "0" departSpeed="11.180000"/>
	<vehicle id="car_393" type="car7" route="7" depart="439" departLane = "2" departSpeed="11.180000"/>
	<vehicle id="car_394" type="car8" route="4" depart="439" departLane = "2" departSpeed="11.180000"/>
	<vehicle id="car_395" type="car7" route="0" depart="441" departLane = "2" departSpeed="11.180000"/>
	<vehicle id="car_396" type="car6" route="0" depart="442" departLane = "1" departSpeed="11.180000"/>
	<vehicle id="car_397" type="car8" route="1" depart="442" departLane = "1" departSpeed="11.180000"/>
	<vehicle id="car_398" type="car6" route="2" depart="443" departLane = "2" departSpeed="11.180000"/>
	<vehicle id="car_399" type="car6" route="5" depart="444" departLane = "0" departSpeed="11.180000"/>
	<vehicle id="car_400" type="car9" route="4" depart="445" departLane = "2" departSpeed="11.180000"/>
	<vehicle id="car_401" type="car8" route="2" depart="451" departLane = "0" departSpeed="11.180000"/>
	<vehicle id="car_402" type="car9" route="7" depart="453" departLane = "0" departSpeed="11.180000"/>
	<vehicle id="car_403" type="car5" route="4" depart="455" departLane = "0" departSpeed="11.180000"/>
	<vehicle id="car_404" type="car6" route="2" depart="457" departLane = "2" departSpeed="11.180000"/>
	<vehicle id="car_405" type="car6" route="1" depart="458" departLane = "2" departSpeed="11.180000"/>
	<vehicle id="car_406" type="car5" route="7" depart="459" departLane = "2" departSpeed="11.180000"/>
	<vehicle id="car_407" type="car9" route="3" depart="459" departLane = "1" departSpeed="11.180000"/>
	<vehicle id="car_408" type="car5" route="1" depart="460" departLane = "2" departSpeed="11.180000"/>
	<vehicle id="car_409" type="car7" route="6" depart="461" departLane = "1" departSpeed="11.180000"/>
	<vehicle id="car_410" type="car5" route="6" depart="463" departLane = "0" departSpeed="11.180000"/>
	<vehicle id="car_411" type="car5" route="0" depart="465" departLane = "2" departSpeed="11.180000"/>
	<vehicle id="car_412" type="car5" route="1" depart="465" departLane = "0" departSpeed="11.180000"/>
	<vehicle id="car_413" type="car9" route="1" depart="466" departLane = "2" departSpeed="11.180000"/>
	<vehicle id="car_414" type="car8" route="7" depart="467" departLane = "2" departSpeed="11.180000"/>
	<vehicle id="car_415" type="car8" route="7" depart="469" departLane = "0" departSpeed="11.180000"/>
	<vehicle id="car_416" type="car7" route="7" depart="471" departLane = "1" departSpeed="11.180000"/>
	<vehicle id="car_417" type="car8" route="2" depart="472" departLane = "0" departSpeed="11.180000"/>
	<vehicle id="car_418" type="car6" route="2" depart="474" departLane = "1" departSpeed="11.180000"/>
	<vehicle id="car_419" type="car5" route="1" depart="474" departLane = "1" departSpeed="11.180000"/>
	<vehicle id="car_420" type="car7" route="2" depart="476" departLane = "2" departSpeed="11.180000"/>
	<vehicle id="car_421" type="car7" route="6" depart="477" departLane = "0" departSpeed="11.180000"/>
	<vehicle id="car_422" type="car6" route="4" depart="481" departLane = "1" departSpeed="11.180000"/>
	<vehicle id="car_423" type="car5" route="7" depart="483" departLane = "2" departSpeed="11.180000"/>
	<vehicle id="car_424" type="car5" route="0" depart="484" departLane = "0" departSpeed="11.180000"/>
	<vehicle id="car_425" type="car5" route="1" depart="484" departLane = "2" departSpeed="11.180000"/>
	<vehicle id="car_426" type="car6" route="1" depart="485" departLane = "1" departSpeed="11.180000"/>
	<vehicle id="car_427" type="car7" route="7" depart="486" departLane = "1" departSpeed="11.180000"/>
	<vehicle id="car_428" type="car6" route="7" depart="488" departLane = "2" departSpeed="11.180000"/>
	<vehicle id="car_429" type="car6" route="7" depart="489" departLane = "0" departSpeed="11.180000"/>
	<vehicle id="car_430" type="car5" route="6" depart="489" departLane = "0" departSpeed="11.180000"/>
	<vehicle id="car_431" type="car7" route="0" depart="491" departLane = "2" departSpeed="11.180000"/>
	<vehicle id="car_432" type="car5" route="5" depart="491" departLane = "2" departSpeed="11.180000"/>
	<vehicle id="car_433" type="car9" route="1" depart="491" departLane = "2" departSpeed="11.180000"/>
	<vehicle id="car_434" type="car9" route="7" depart="493" departLane = "0" departSpeed="11.180000"/>
	<vehicle id="car_435" type="car5" route="2" depart="494" departLane = "1" departSpeed="11.180000"/>
	<vehicle id="car_436" type="car9" route="1" depart="496" departLane = "1" departSpeed="11.180000"/>
	<vehicle id="car_437" type="car8" route="7" depart="498" departLane = "2" departSpeed="11.180000"/>
	<vehicle id="car_438" type="car6" route="1" depart="498" departLane = "0" departSpeed="11.180000"/>
	<vehicle id="car_439" type="car8" route="4" depart="499" departLane = "2" departSpeed="11.180000"/>
	<vehicle id="car_440" type="car7" route="5" depart="500" departLane = "2" departSpeed="11.180000"/>
	<vehicle id="car_441" type="car9" route="7" depart="500" departLane = "2" departSpeed="11.180000"/>
	<vehicle id="car_442" type="car5" route="0" depart="501" departLane = "0" departSpeed="11.180000"/>
	<vehicle id="car_443" type="car9" route="1" depart="502" departLane = "0" departSpeed="11.180000"/>
	<vehicle id="car_444" type="car6" route="3" depart="502" departLane = "1" departSpeed="11.180000"/>
	<vehicle id="car_445" type="car7" route="6" depart="503" departLane = "2" departSpeed="11.180000"/>
	<vehicle id="car_446" type="car5" route="7" depart="505" departLane = "1" departSpeed="11.180000"/>
	<vehicle id="car_447" type="car8" route="5" depart="506" departLane = "0" departSpeed="11.180000"/>
	<vehicle id="car_448" type="car8" route="1" depart="506" departLane = "0" departSpeed="11.180000"/>
	<vehicle id="car_449" type="car5" route="7" depart="509" departLane = "1" departSpeed="11.180000"/>
	<vehicle id="car_450" type="car5" route="1" depart="509" departLane = "2" departSpeed="11.180000"/>
	<vehicle id="car_451" type="car5" route="4" depart="510" departLane = "0" departSpeed="11.180000"/>
	<vehicle id="car_452" type="car8" route="6" depart="510" departLane = "0" departSpeed="11.180000"/>
	<vehicle id="car_453" type="car5" route="7" depart="511" departLane = "2" departSpeed="11.180000"/>
	<vehicle id="car_454" type="car6" route="7" depart="512" departLane = "1" departSpeed="11.180000"/>
	<vehicle id="car_455" type="car5" route="3" depart="512" departLane = "1" departSpeed="11.180000"/>
	<vehicle id="car_456" type="car7" route="5" depart="513" departLane = "1" departSpeed="11.180000"/>
	<vehicle id="car_457" type="car6" route="5" depart="517" departLane = "2" departSpeed="11.180000"/>
	<vehicle id="car_458" type="car7" route="3" depart="517" departLane = "0" departSpeed="11.180000"/>
	<vehicle id="car_459" type="car5" route="7" depart="521" departLane = "0" departSpeed="11.180000"/>
	<vehicle id="car_460" type="car9" route="6" depart="521" departLane = "0" departSpeed="11.180000"/>
	<vehicle id="car_461" type="car7" route="5" depart="522" departLane = "1" departSpeed="11.180000"/>
	<vehicle id="car_462" type="car5" route="6" depart="522" departLane = "0" departSpeed="11.180000"/>
	<vehicle id="car_463" type="car5" route="1" depart="523" departLane = "2" departSpeed="11.180000"/>
	<vehicle id="car_464" type="car5" route="5" depart="524" departLane = "2" departSpeed="11.180000"/>
	<vehicle id="car_465" type="car6" route="7" depart="529" departLane = "2" departSpeed="11.180000"/>
	<vehicle id="car_466" type="car6" route="5" depart="530" departLane = "1" departSpeed="11.180000"/>
	<vehicle id="car_467" type="car8" route="1" depart="531" departLane = "2" departSpeed="11.180000"/>
	<vehicle id="car_468" type="car7" route="0" depart="532" departLane = "2" departSpeed="11.180000"/>
	<vehicle id="car_469" type="car7" route="3" depart="533" departLane = "1" departSpeed="11.180000"/>
	<vehicle id="car_470" type="car7" route="4" depart="533" departLane = "0" departSpeed="11.180000"/>
	<vehicle id="car_471" type="car7" route="6" depart="533" departLane = "0" departSpeed="11.180000"/>
	<vehicle id="car_472" type="car7" route="2" depart="534" departLane = "2" departSpeed="11.180000"/>
	<vehicle id="car_473" type="car7" route="3" depart="534" departLane = "2" departSpeed="11.180000"/>
	<vehicle id="car_474" type="car8" route="1" depart="537" departLane = "0" departSpeed="11.180000"/>
	<vehicle id="car_475" type="car7" route="7" depart="539" departLane = "0" departSpeed="11.180000"/>
	<vehicle id="car_476" type="car5" route="4" depart="539" departLane = "1" departSpeed="11.180000"/>
	<vehicle id="car_477" type="car5" route="0" depart="541" departLane = "0" departSpeed="11.180000"/>
	<vehicle id="car_478" type="car6" route="7" depart="541" departLane = "0" departSpeed="11.180000"/>
	<vehicle id="car_479" type="car8" route="1" depart="542" departLane = "0" departSpeed="11.180000"/>
	<vehicle id="car_480" type="car7" route="4" depart="542" departLane = "1" departSpeed="11.180000"/>
	<vehicle id="car_481" type="car5" route="7" depart="543" departLane = "2" departSpeed="11.180000"/>
	<vehicle id="car_482" type="car6" route="1" depart="545" departLane = "0" departSpeed="11.180000"/>
	<vehicle id="car_483" type="car9" route="2" depart="546" departLane = "1" departSpeed="11.180000"/>
	<vehicle id="car_484" type="car5" route="7" depart="546" departLane = "1" departSpeed="11.180000"/>
	<vehicle id="car_485" type="car5" route="6" depart="548" departLane = "0" departSpeed="11.180000"/>
	<vehicle id="car_486" type="car8" route="1" depart="549" departLane = "0" departSpeed="11.180000"/>
	<vehicle id="car_487" type="car8" route="1" depart="550" departLane = "1" departSpeed="11.180000"/>
	<vehicle id="car_488" type="car9" route="6" depart="550" departLane = "2" departSpeed="11.180000"/>
	<vehicle id="car_489" type="car6" route="3" depart="551" departLane = "2" departSpeed="11.180000"/>
	<vehicle id="car_490" type="car8" route="1" depart="553" departLane = "1" departSpeed="11.180000"/>
	<vehicle id="car_491" type="car5" route="6" depart="553" departLane = "0" departSpeed="11.180000"/>
	<vehicle id="car_492" type="car8" route="2" depart="554" departLane = "1" departSpeed="11.180000"/>
	<vehicle id="car_493" type="car6" route="4" depart="556" departLane = "0" departSpeed="11.180000"/>
	<vehicle id="car_494" type="car7" route="3" depart="557" departLane = "0" departSpeed="11.180000"/>
	<vehicle id="car_495" type="car6" route="2" depart="560" departLane = "2" departSpeed="11.180000"/>
	<vehicle id="car_496" type="car8" route="4" depart="560" departLane = "1" departSpeed="11.180000"/>
	<vehicle id="car_497" type="car6" route="5" depart="562" departLane = "2" departSpeed="11.180000"/>
	<vehicle id="car_498" type="car7" route="7" depart="562" departLane = "2" departSpeed="11.180000"/>
	<vehicle id="car_499" type="car5" route="1" depart="565" departLane = "2" departSpeed="11.180000"/>
	<vehicle id="car_500" type="car6" route="5" depart="566" departLane = "1" departSpeed="11.180000"/>
	<vehicle id="car_501" type="car9" route="1" depart="568" departLane = "0" departSpeed="11.180000"/>
	<vehicle id="car_502" type="car5" route="6" depart="568" departLane = "1" departSpeed="11.180000"/>
	<vehicle id="car_503" type="car9" route="0" depart="569" departLane = "1" departSpeed="11.180000"/>
	<vehicle id="car_504" type="car7" route="4" depart="571" departLane = "1" departSpeed="11.180000"/>
	<vehicle id="car_505" type="car8" route="6" depart="572" departLane = "1" departSpeed="11.180000"/>
	<vehicle id="car_506" type="car6" route="6" depart="573" departLane = "1" departSpeed="11.180000"/>
	<vehicle id="car_507" type="car5" route="3" depart="575" departLane = "2" departSpeed="11.180000"/>
	<vehicle id="car_508" type="car5" route="1" depart="576" departLane = "2" departSpeed="11.180000"/>
	<vehicle id="car_509" type="car8" route="3" depart="578" departLane = "2" departSpeed="11.180000"/>
	<vehicle id="car_510" type="car9" route="5" depart="579" departLane = "0" departSpeed="11.180000"/>
	<vehicle id="car_511" type="car8" route="2" depart="580" departLane = "0" departSpeed="11.180000"/>
	<vehicle id="car_512" type="car7" route="5" depart="581" departLane = "0" departSpeed="11.180000"/>
	<vehicle id="car_513" type="car6" route="5" depart="584" departLane = "1" departSpeed="11.180000"/>
	<vehicle id="car_514" type="car5" route="7" depart="584" departLane = "2" departSpeed="11.180000"/>
	<vehicle id="car_515" type="car8" route="2" depart="587" departLane = "0" departSpeed="11.180000"/>
	<vehicle id="car_516" type="car9" route="5" depart="587" departLane = "0" departSpeed="11.180000"/>
	<vehicle id="car_517" type="car8" route="2" depart="590" departLane = "1" departSpeed="11.180000"/>
	<vehicle id="car_518" type="car8" route="3" depart="590" departLane = "1" departSpeed="11.180000"/>
	<vehicle id="car_519" type="car9" route="7" depart="591" departLane = "0" departSpeed="11.180000"/>
	<vehicle id="car_520" type="car5" route="6" depart="591" departLane = "1" departSpeed="11.180000"/>
	<vehicle id="car_521" type="car8" route="5" depart="592" departLane = "1" departSpeed="11.180000"/>
	<vehicle id="car_522" type="car9" route="0" depart="593" departLane = "0" departSpeed="11.180000"/>
	<vehicle id="car_523" type="car9" route="6" depart="596" departLane = "0" departSpeed="11.180000"/>
	<vehicle id="car_524" type="car8" route="1" depart="597" departLane = "2" departSpeed="11.180000"/>
	<vehicle id="car_525" type="car7" route="0" depart="599" departLane = "1" departSpeed="11.180000"/>
	<vehicle id="car_526" type="car7" route="7" depart="599" departLane = "0" departSpeed="11.180000"/>
	<vehicle id="car_527" type="car8" route="6" depart="599" departLane = "2" departSpeed="11.180000"/>
</routes>
