{"car_2009": [5, 4], "car_2229": [0, 2], "car_2228": [6, 0], "car_468": [1, 4], "car_469": [6, 7], "car_466": [5, 3], "car_467": [7, 6], "car_464": [6, 2], "car_465": [0, 4], "car_462": [3, 6], "car_463": [4, 7], "car_460": [7, 2], "car_461": [1, 5], "car_817": [2, 3], "car_816": [0, 2], "car_815": [1, 2], "car_814": [5, 1], "car_813": [2, 1], "car_812": [0, 7], "car_2072": [1, 3], "car_811": [6, 4], "car_2073": [3, 7], "car_810": [7, 1], "car_679": [0, 5], "car_678": [4, 5], "car_677": [1, 3], "car_676": [5, 7], "car_675": [2, 3], "car_674": [0, 4], "car_673": [4, 2], "car_672": [3, 5], "car_671": [2, 6], "car_670": [3, 1], "car_2078": [7, 1], "car_2079": [6, 2], "car_2341": [0, 3], "car_2223": [0, 4], "car_789": [7, 4], "car_788": [5, 6], "car_2222": [3, 2], "car_783": [2, 6], "car_782": [4, 2], "car_781": [3, 6], "car_780": [1, 2], "car_787": [0, 5], "car_786": [3, 2], "car_785": [7, 6], "car_784": [5, 3], "car_2220": [7, 3], "car_0": [0, 7], "car_2227": [3, 5], "car_1179": [1, 6], "car_2375": [7, 2], "car_2226": [7, 2], "car_2225": [6, 4], "car_2224": [7, 0], "car_255": [6, 5], "car_254": [3, 1], "car_257": [7, 3], "car_256": [2, 7], "car_251": [3, 1], "car_250": [5, 0], "car_253": [1, 4], "car_252": [0, 1], "car_1961": [4, 1], "car_1960": [7, 0], "car_1963": [2, 1], "car_1962": [0, 3], "car_259": [3, 4], "car_258": [1, 4], "car_1967": [3, 4], "car_1966": [1, 2], "car_1170": [6, 4], "car_1171": [0, 1], "car_1565": [1, 7], "car_1564": [0, 1], "car_1567": [0, 6], "car_1566": [3, 7], "car_1561": [3, 0], "car_1560": [5, 3], "car_1563": [6, 7], "car_1562": [4, 3], "car_1569": [7, 1], "car_1568": [2, 4], "car_1413": [7, 1], "car_1363": [4, 7], "car_1362": [2, 4], "car_1361": [0, 3], "car_1360": [6, 7], "car_1367": [3, 5], "car_1366": [1, 5], "car_1365": [7, 2], "car_1364": [5, 0], "car_1369": [6, 5], "car_1368": [4, 3], "car_2376": [3, 1], "car_321": [1, 4], "car_320": [7, 0], "car_323": [6, 4], "car_322": [4, 5], "car_325": [1, 5], "car_324": [2, 7], "car_327": [7, 0], "car_326": [2, 3], "car_329": [4, 7], "car_328": [3, 0], "car_1107": [1, 7], "car_1106": [6, 7], "car_1105": [2, 0], "car_1104": [0, 4], "car_1103": [6, 1], "car_1102": [3, 1], "car_1101": [6, 0], "car_1100": [5, 6], "car_1109": [6, 0], "car_1108": [4, 5], "car_1297": [3, 5], "car_1296": [1, 4], "car_1295": [6, 5], "car_1294": [4, 2], "car_1293": [3, 7], "car_1292": [7, 4], "car_1291": [5, 2], "car_1290": [4, 5], "car_1299": [0, 1], "car_1298": [6, 3], "car_2036": [6, 5], "car_2037": [7, 6], "car_1039": [7, 1], "car_1038": [5, 2], "car_1749": [5, 6], "car_1748": [2, 7], "car_2030": [3, 4], "car_2031": [4, 7], "car_1033": [1, 5], "car_1032": [5, 1], "car_1031": [2, 1], "car_1030": [0, 3], "car_1037": [2, 3], "car_1036": [0, 7], "car_1035": [6, 1], "car_1034": [3, 7], "car_1589": [1, 6], "car_1588": [7, 0], "car_1583": [7, 0], "car_1582": [5, 2], "car_1581": [2, 1], "car_1580": [6, 0], "car_1587": [5, 4], "car_1586": [6, 3], "car_1585": [4, 1], "car_1584": [3, 1], "car_1852": [7, 6], "car_1906": [6, 5], "car_899": [1, 6], "car_898": [7, 1], "car_897": [2, 1], "car_896": [4, 5], "car_895": [1, 5], "car_894": [7, 4], "car_893": [6, 5], "car_892": [3, 6], "car_891": [2, 5], "car_890": [6, 0], "car_2108": [6, 4], "car_2109": [2, 5], "car_2102": [3, 0], "car_2103": [0, 5], "car_2100": [2, 0], "car_2101": [7, 3], "car_2106": [3, 2], "car_2107": [4, 5], "car_2104": [7, 5], "car_2105": [1, 7], "car_1631": [2, 3], "car_1630": [0, 3], "car_1633": [4, 5], "car_1632": [5, 3], "car_1635": [7, 4], "car_1634": [2, 6], "car_1637": [3, 6], "car_1636": [1, 0], "car_1639": [0, 1], "car_1638": [4, 5], "car_1751": [1, 4], "car_1756": [4, 7], "car_2414": [6, 3], "car_419": [5, 2], "car_418": [7, 3], "car_2218": [2, 5], "car_2219": [5, 4], "car_413": [7, 2], "car_412": [5, 2], "car_411": [6, 2], "car_410": [7, 2], "car_417": [2, 0], "car_416": [0, 2], "car_415": [4, 1], "car_414": [3, 4], "car_2417": [4, 0], "car_1679": [7, 0], "car_1678": [2, 7], "car_2412": [1, 7], "car_2413": [3, 6], "car_527": [7, 2], "car_526": [6, 7], "car_525": [3, 2], "car_524": [5, 2], "car_523": [0, 6], "car_522": [6, 0], "car_521": [7, 5], "car_520": [5, 1], "car_1671": [4, 0], "car_1889": [5, 6], "car_529": [6, 7], "car_528": [1, 4], "car_1884": [0, 4], "car_1885": [2, 1], "car_2368": [0, 5], "car_668": [7, 5], "car_669": [1, 6], "car_664": [2, 0], "car_665": [7, 4], "car_666": [4, 7], "car_667": [2, 7], "car_660": [2, 1], "car_661": [1, 4], "car_662": [6, 7], "car_663": [0, 2], "car_1854": [4, 2], "car_798": [7, 3], "car_799": [1, 7], "car_790": [1, 2], "car_791": [6, 4], "car_792": [2, 3], "car_793": [5, 1], "car_794": [1, 4], "car_795": [3, 6], "car_796": [4, 1], "car_797": [5, 2], "car_242": [6, 3], "car_243": [0, 6], "car_240": [6, 1], "car_241": [7, 2], "car_246": [1, 3], "car_247": [3, 0], "car_244": [2, 1], "car_245": [5, 2], "car_1914": [3, 1], "car_1915": [4, 7], "car_248": [4, 7], "car_249": [6, 3], "car_1910": [6, 3], "car_1911": [0, 3], "car_1912": [2, 0], "car_1913": [5, 1], "car_1356": [3, 0], "car_1357": [4, 3], "car_1354": [5, 6], "car_1355": [1, 7], "car_1352": [6, 3], "car_1353": [0, 1], "car_1350": [5, 4], "car_1351": [7, 2], "car_1358": [2, 3], "car_1359": [1, 0], "car_1831": [5, 3], "car_1820": [4, 6], "car_1821": [6, 4], "car_1822": [2, 7], "car_1823": [7, 3], "car_1824": [3, 7], "car_1825": [0, 7], "car_338": [7, 1], "car_339": [3, 1], "car_336": [6, 0], "car_337": [0, 6], "car_334": [1, 5], "car_335": [3, 2], "car_332": [7, 4], "car_333": [4, 3], "car_330": [6, 5], "car_331": [2, 3], "car_1138": [0, 2], "car_1139": [2, 1], "car_1132": [3, 1], "car_1133": [2, 3], "car_1130": [7, 5], "car_1131": [1, 4], "car_1136": [1, 0], "car_1137": [3, 6], "car_1134": [4, 5], "car_1135": [0, 5], "car_1839": [6, 4], "car_2393": [1, 4], "car_1838": [1, 7], "car_2392": [7, 0], "car_2029": [1, 5], "car_2028": [5, 6], "car_2021": [0, 4], "car_2020": [4, 3], "car_2023": [5, 4], "car_2022": [2, 0], "car_2025": [7, 3], "car_2024": [4, 5], "car_2027": [4, 2], "car_2026": [1, 4], "car_1008": [5, 3], "car_1009": [1, 4], "car_1006": [6, 0], "car_1007": [0, 6], "car_1004": [7, 3], "car_1005": [4, 3], "car_1002": [0, 6], "car_1003": [2, 5], "car_1000": [3, 4], "car_1001": [4, 6], "car_2398": [5, 4], "car_1924": [2, 3], "car_36": [4, 5], "car_37": [0, 4], "car_34": [7, 6], "car_35": [1, 2], "car_888": [1, 4], "car_889": [3, 1], "car_30": [3, 2], "car_31": [2, 7], "car_884": [0, 7], "car_885": [2, 3], "car_886": [5, 2], "car_887": [7, 0], "car_880": [5, 3], "car_881": [7, 1], "car_882": [1, 4], "car_883": [3, 5], "car_2119": [2, 1], "car_2118": [6, 2], "car_2115": [5, 4], "car_2114": [0, 4], "car_2117": [1, 7], "car_2116": [7, 3], "car_2111": [3, 4], "car_2110": [5, 2], "car_2113": [6, 0], "car_2112": [4, 5], "car_1644": [0, 7], "car_1645": [2, 4], "car_1646": [1, 3], "car_1647": [4, 2], "car_1640": [7, 0], "car_1641": [1, 3], "car_1642": [3, 2], "car_1643": [4, 1], "car_1648": [6, 4], "car_1649": [5, 4], "car_2159": [3, 1], "car_2158": [1, 0], "car_408": [2, 1], "car_409": [5, 1], "car_2203": [2, 4], "car_2202": [0, 6], "car_2205": [4, 1], "car_2204": [5, 6], "car_2207": [0, 2], "car_2206": [6, 1], "car_400": [4, 5], "car_401": [5, 0], "car_402": [7, 6], "car_403": [1, 4], "car_404": [3, 5], "car_405": [4, 6], "car_406": [6, 3], "car_407": [0, 1], "car_1769": [6, 4], "car_534": [3, 1], "car_535": [6, 3], "car_536": [0, 2], "car_537": [0, 4], "car_530": [2, 5], "car_531": [5, 6], "car_532": [7, 2], "car_533": [1, 3], "car_538": [2, 4], "car_539": [7, 5], "car_2310": [4, 0], "car_659": [0, 1], "car_658": [6, 1], "car_651": [5, 0], "car_650": [2, 4], "car_653": [1, 2], "car_652": [7, 4], "car_655": [5, 3], "car_654": [0, 1], "car_657": [3, 2], "car_656": [7, 1], "car_2434": [6, 0], "car_1929": [7, 3], "car_2195": [3, 1], "car_2194": [1, 6], "car_1764": [5, 4], "car_2197": [6, 1], "car_2196": [3, 6], "car_2191": [0, 5], "car_1928": [5, 2], "car_2190": [4, 3], "car_2193": [7, 4], "car_1909": [4, 1], "car_1908": [7, 3], "car_1907": [6, 4], "car_1763": [6, 5], "car_1905": [7, 1], "car_1904": [6, 7], "car_1903": [4, 6], "car_1902": [3, 0], "car_1901": [1, 6], "car_1900": [2, 7], "car_1349": [2, 6], "car_1348": [4, 2], "car_1762": [4, 6], "car_1341": [4, 7], "car_1340": [3, 4], "car_1343": [2, 5], "car_1342": [0, 1], "car_1345": [1, 4], "car_1344": [7, 1], "car_1347": [2, 6], "car_1346": [4, 5], "car_1833": [6, 3], "car_1832": [7, 4], "car_349": [1, 6], "car_348": [7, 2], "car_1837": [7, 3], "car_1836": [5, 4], "car_1835": [2, 7], "car_1834": [0, 3], "car_343": [7, 4], "car_342": [2, 1], "car_341": [0, 2], "car_340": [4, 6], "car_347": [5, 4], "car_346": [0, 5], "car_345": [6, 3], "car_344": [3, 2], "car_2325": [0, 7], "car_1129": [5, 7], "car_1128": [0, 1], "car_1125": [0, 5], "car_1124": [1, 4], "car_1127": [4, 1], "car_1126": [3, 4], "car_1121": [2, 7], "car_1120": [0, 6], "car_1123": [7, 3], "car_1122": [5, 0], "car_1402": [1, 0], "car_2320": [7, 5], "car_1403": [7, 5], "car_2321": [1, 6], "car_1400": [5, 6], "car_1401": [7, 6], "car_1406": [0, 6], "car_1407": [2, 6], "car_1404": [3, 7], "car_1405": [4, 1], "car_2058": [1, 5], "car_2059": [3, 1], "car_2054": [6, 1], "car_2055": [0, 1], "car_2056": [2, 7], "car_2057": [5, 0], "car_2050": [5, 7], "car_2051": [1, 3], "car_2052": [3, 0], "car_2053": [4, 0], "car_1011": [4, 5], "car_1010": [3, 5], "car_1013": [2, 5], "car_1012": [6, 7], "car_1015": [7, 6], "car_1014": [5, 1], "car_1017": [3, 6], "car_1016": [1, 4], "car_1019": [0, 3], "car_1018": [4, 5], "car_25": [6, 5], "car_24": [1, 0], "car_27": [5, 3], "car_26": [2, 3], "car_21": [1, 5], "car_20": [2, 7], "car_23": [0, 1], "car_22": [4, 7], "car_29": [1, 7], "car_28": [7, 6], "car_1657": [6, 0], "car_1656": [3, 0], "car_1655": [2, 5], "car_1654": [0, 3], "car_1653": [4, 3], "car_1652": [3, 5], "car_1651": [1, 7], "car_1650": [7, 3], "car_1659": [2, 4], "car_1658": [0, 6], "car_1969": [1, 3], "car_2315": [7, 0], "car_1843": [6, 1], "car_435": [6, 7], "car_434": [1, 2], "car_437": [4, 0], "car_436": [3, 0], "car_431": [2, 4], "car_430": [0, 3], "car_433": [7, 2], "car_432": [2, 3], "car_1846": [0, 5], "car_439": [0, 7], "car_438": [6, 3], "car_1847": [2, 0], "car_2274": [3, 0], "car_2275": [0, 1], "car_2276": [5, 7], "car_2277": [7, 3], "car_2270": [2, 7], "car_2271": [5, 3], "car_2272": [7, 0], "car_2273": [1, 7], "car_1845": [6, 1], "car_2278": [3, 6], "car_2279": [4, 2], "car_1848": [5, 4], "car_2289": [1, 5], "car_1968": [5, 0], "car_1849": [3, 6], "car_2288": [7, 3], "car_1965": [7, 3], "car_1964": [5, 6], "car_501": [0, 2], "car_500": [3, 6], "car_503": [7, 6], "car_502": [2, 3], "car_505": [3, 1], "car_504": [1, 7], "car_507": [5, 4], "car_506": [4, 1], "car_509": [4, 1], "car_508": [1, 3], "car_2302": [6, 4], "car_2303": [2, 0], "car_2304": [5, 4], "car_2305": [7, 6], "car_2306": [6, 3], "car_2307": [0, 3], "car_2281": [0, 4], "car_1745": [5, 0], "car_2280": [6, 0], "car_646": [3, 1], "car_647": [4, 5], "car_644": [5, 7], "car_645": [1, 0], "car_642": [7, 0], "car_643": [1, 0], "car_640": [6, 7], "car_641": [5, 0], "car_2314": [5, 0], "car_648": [6, 4], "car_649": [0, 6], "car_1830": [2, 6], "car_2420": [2, 3], "car_1932": [6, 4], "car_1933": [2, 0], "car_1930": [3, 4], "car_1931": [4, 0], "car_1936": [6, 3], "car_1937": [0, 4], "car_1934": [5, 4], "car_1935": [4, 3], "car_1938": [2, 0], "car_1939": [7, 5], "car_1717": [1, 0], "car_1338": [5, 7], "car_1339": [1, 6], "car_1334": [5, 4], "car_1335": [1, 6], "car_1336": [4, 1], "car_1337": [2, 6], "car_1330": [5, 1], "car_1331": [1, 7], "car_1332": [0, 4], "car_1333": [2, 6], "car_1711": [7, 2], "car_358": [7, 2], "car_359": [4, 7], "car_1804": [5, 6], "car_1805": [7, 1], "car_1802": [3, 2], "car_1803": [2, 1], "car_1800": [5, 2], "car_1801": [7, 6], "car_350": [3, 4], "car_351": [4, 0], "car_352": [0, 4], "car_353": [5, 2], "car_354": [3, 6], "car_355": [4, 6], "car_356": [0, 6], "car_357": [5, 3], "car_1482": [4, 3], "car_1483": [6, 2], "car_1480": [1, 5], "car_1481": [3, 7], "car_1486": [3, 6], "car_1487": [2, 1], "car_1484": [5, 6], "car_1485": [7, 4], "car_1488": [1, 4], "car_1489": [3, 2], "car_1240": [6, 0], "car_1241": [0, 1], "car_1242": [5, 1], "car_1243": [4, 0], "car_1244": [6, 0], "car_1245": [2, 4], "car_1246": [4, 7], "car_1247": [6, 1], "car_1248": [0, 1], "car_1249": [2, 7], "car_1747": [4, 3], "car_2374": [6, 5], "car_1879": [0, 1], "car_2049": [2, 5], "car_2048": [0, 1], "car_2047": [3, 7], "car_2046": [2, 0], "car_2045": [0, 7], "car_2044": [6, 2], "car_2043": [4, 0], "car_2042": [3, 5], "car_2041": [2, 5], "car_2040": [0, 4], "car_1064": [0, 2], "car_1065": [2, 0], "car_1066": [6, 0], "car_1067": [0, 4], "car_1060": [7, 5], "car_1061": [0, 2], "car_1062": [5, 0], "car_1063": [7, 2], "car_1068": [3, 5], "car_1069": [4, 3], "car_1798": [3, 7], "car_1799": [4, 1], "car_10": [2, 5], "car_11": [5, 0], "car_12": [7, 1], "car_13": [4, 6], "car_14": [0, 4], "car_15": [2, 0], "car_16": [7, 3], "car_17": [3, 4], "car_18": [4, 2], "car_19": [0, 6], "car_1668": [4, 1], "car_1669": [2, 6], "car_1662": [3, 6], "car_1663": [6, 3], "car_1660": [5, 1], "car_1661": [1, 2], "car_1666": [1, 6], "car_1667": [3, 6], "car_1664": [2, 6], "car_1665": [7, 6], "car_1468": [7, 4], "car_1469": [2, 6], "car_1460": [1, 2], "car_1461": [6, 7], "car_1462": [0, 6], "car_1463": [2, 0], "car_1464": [5, 0], "car_1465": [7, 5], "car_1466": [6, 2], "car_1467": [5, 1], "car_422": [4, 2], "car_423": [6, 2], "car_420": [3, 6], "car_421": [7, 4], "car_426": [0, 5], "car_427": [2, 6], "car_424": [3, 6], "car_425": [4, 0], "car_428": [7, 3], "car_429": [6, 3], "car_2377": [5, 2], "car_2267": [1, 4], "car_2266": [7, 5], "car_2265": [0, 7], "car_2264": [6, 4], "car_2263": [4, 1], "car_2262": [7, 3], "car_2261": [2, 3], "car_2260": [6, 4], "car_2371": [1, 3], "car_2269": [6, 7], "car_2268": [4, 0], "car_2373": [4, 1], "car_2372": [3, 2], "car_2008": [2, 3], "car_2370": [7, 5], "car_2319": [5, 2], "car_2318": [0, 7], "car_518": [3, 7], "car_519": [2, 1], "car_516": [2, 4], "car_517": [5, 4], "car_514": [7, 0], "car_515": [4, 2], "car_512": [2, 4], "car_513": [5, 3], "car_510": [6, 1], "car_511": [0, 1], "car_1870": [1, 5], "car_633": [5, 2], "car_632": [6, 3], "car_631": [4, 5], "car_630": [3, 1], "car_637": [1, 2], "car_636": [3, 4], "car_635": [1, 0], "car_634": [7, 1], "car_639": [4, 6], "car_638": [3, 1], "car_189": [3, 4], "car_188": [7, 2], "car_185": [2, 0], "car_184": [6, 7], "car_187": [0, 2], "car_186": [4, 2], "car_181": [2, 1], "car_180": [6, 5], "car_183": [1, 6], "car_182": [7, 1], "car_749": [2, 6], "car_748": [0, 7], "car_747": [4, 0], "car_746": [3, 5], "car_745": [5, 7], "car_744": [0, 3], "car_743": [6, 0], "car_742": [4, 1], "car_741": [3, 1], "car_740": [2, 1], "car_2131": [1, 6], "car_299": [2, 6], "car_298": [0, 7], "car_1927": [0, 5], "car_1926": [4, 6], "car_1921": [5, 0], "car_1920": [0, 2], "car_1923": [6, 0], "car_1922": [1, 5], "car_291": [0, 3], "car_290": [6, 0], "car_293": [2, 3], "car_292": [5, 3], "car_295": [1, 7], "car_294": [5, 0], "car_297": [6, 7], "car_296": [3, 6], "car_1329": [2, 6], "car_1328": [0, 5], "car_1327": [4, 7], "car_1326": [3, 0], "car_1325": [1, 4], "car_1324": [7, 5], "car_1323": [5, 3], "car_1322": [0, 7], "car_1321": [6, 4], "car_1320": [1, 6], "car_365": [7, 1], "car_364": [6, 7], "car_367": [4, 0], "car_366": [3, 7], "car_361": [5, 7], "car_360": [6, 7], "car_363": [3, 6], "car_362": [1, 4], "car_1811": [4, 7], "car_1810": [3, 7], "car_1813": [0, 4], "car_1812": [6, 0], "car_369": [0, 1], "car_368": [6, 4], "car_1817": [4, 5], "car_1816": [3, 7], "car_167": [6, 4], "car_166": [4, 2], "car_165": [1, 3], "car_164": [6, 0], "car_163": [5, 3], "car_162": [2, 0], "car_161": [6, 0], "car_160": [1, 4], "car_169": [1, 3], "car_168": [2, 3], "car_1495": [7, 4], "car_1494": [5, 0], "car_1497": [2, 4], "car_1496": [4, 3], "car_1491": [6, 7], "car_1490": [4, 6], "car_1493": [2, 4], "car_1492": [0, 4], "car_1499": [1, 3], "car_1498": [5, 1], "car_1253": [0, 2], "car_1252": [1, 4], "car_1251": [7, 3], "car_1250": [5, 7], "car_1257": [6, 1], "car_1256": [1, 2], "car_1255": [0, 2], "car_1254": [4, 6], "car_1259": [7, 0], "car_1258": [2, 7], "car_1868": [2, 5], "car_1789": [5, 1], "car_1788": [2, 3], "car_2070": [2, 3], "car_2071": [7, 6], "car_2076": [2, 7], "car_2077": [5, 0], "car_2074": [4, 1], "car_2075": [0, 6], "car_1781": [2, 6], "car_1780": [6, 4], "car_1783": [1, 4], "car_1782": [7, 0], "car_1785": [0, 6], "car_1784": [3, 2], "car_1787": [3, 5], "car_1786": [7, 2], "car_1077": [4, 3], "car_1076": [3, 4], "car_1075": [7, 5], "car_1074": [5, 0], "car_1073": [2, 5], "car_1072": [6, 5], "car_1071": [7, 2], "car_1070": [0, 6], "car_1079": [7, 1], "car_1078": [5, 1], "car_2139": [2, 3], "car_2034": [3, 0], "car_2300": [7, 5], "car_2035": [4, 7], "car_2301": [3, 7], "car_2032": [6, 2], "car_2033": [0, 1], "car_2138": [0, 4], "car_985": [2, 5], "car_984": [4, 1], "car_987": [7, 2], "car_986": [5, 4], "car_981": [3, 7], "car_980": [1, 7], "car_983": [6, 5], "car_982": [4, 7], "car_1675": [1, 7], "car_1674": [7, 4], "car_1677": [4, 1], "car_1676": [3, 4], "car_989": [3, 7], "car_988": [1, 2], "car_1673": [5, 6], "car_1672": [6, 7], "car_1479": [7, 4], "car_1478": [2, 0], "car_1473": [4, 6], "car_1472": [3, 0], "car_1471": [1, 7], "car_1470": [7, 2], "car_1477": [3, 7], "car_1476": [7, 4], "car_1475": [5, 1], "car_1474": [2, 1], "car_1743": [6, 5], "car_1742": [4, 0], "car_2258": [1, 0], "car_2259": [4, 0], "car_2252": [4, 6], "car_2253": [6, 7], "car_2250": [3, 6], "car_2251": [6, 1], "car_2256": [3, 0], "car_2257": [4, 6], "car_2254": [2, 5], "car_2255": [7, 4], "car_2098": [7, 2], "car_2099": [0, 4], "car_2090": [0, 7], "car_2091": [7, 1], "car_2092": [1, 4], "car_2093": [3, 6], "car_2094": [5, 4], "car_2095": [1, 0], "car_2096": [3, 5], "car_2097": [6, 5], "car_569": [7, 3], "car_568": [0, 7], "car_2328": [3, 7], "car_2329": [4, 5], "car_563": [2, 1], "car_562": [6, 1], "car_561": [3, 1], "car_560": [5, 2], "car_567": [6, 7], "car_566": [4, 3], "car_565": [1, 3], "car_564": [5, 4], "car_2331": [4, 7], "car_620": [3, 2], "car_621": [4, 2], "car_622": [2, 0], "car_623": [1, 3], "car_624": [4, 2], "car_625": [6, 3], "car_626": [0, 5], "car_627": [2, 1], "car_628": [5, 1], "car_629": [7, 3], "car_1869": [5, 1], "car_1866": [6, 4], "car_1867": [0, 5], "car_198": [7, 5], "car_199": [1, 6], "car_192": [2, 4], "car_193": [5, 6], "car_190": [4, 1], "car_191": [6, 5], "car_196": [2, 1], "car_197": [5, 1], "car_194": [1, 6], "car_195": [0, 4], "car_758": [4, 5], "car_759": [6, 4], "car_754": [0, 5], "car_755": [5, 6], "car_756": [7, 3], "car_757": [3, 5], "car_750": [5, 1], "car_751": [1, 7], "car_752": [3, 1], "car_753": [4, 1], "car_1940": [1, 0], "car_286": [3, 2], "car_287": [1, 5], "car_284": [2, 5], "car_285": [1, 4], "car_282": [4, 5], "car_283": [6, 3], "car_280": [7, 1], "car_281": [3, 6], "car_1949": [1, 6], "car_288": [3, 7], "car_289": [4, 6], "car_1948": [7, 0], "car_1312": [5, 2], "car_1313": [7, 5], "car_1310": [1, 3], "car_1311": [0, 3], "car_1316": [6, 2], "car_1317": [2, 1], "car_1314": [1, 5], "car_1315": [4, 2], "car_1318": [5, 4], "car_1319": [7, 0], "car_372": [4, 3], "car_373": [6, 2], "car_370": [2, 6], "car_371": [7, 6], "car_376": [4, 3], "car_377": [0, 2], "car_374": [5, 0], "car_375": [3, 0], "car_1864": [3, 0], "car_1865": [4, 1], "car_378": [2, 7], "car_379": [5, 7], "car_1860": [0, 6], "car_1861": [2, 5], "car_1862": [7, 1], "car_1863": [1, 4], "car_174": [1, 6], "car_175": [6, 3], "car_176": [2, 0], "car_177": [7, 3], "car_170": [3, 7], "car_171": [6, 5], "car_172": [0, 1], "car_173": [7, 3], "car_178": [1, 7], "car_179": [3, 6], "car_2338": [3, 5], "car_1266": [4, 1], "car_1267": [6, 4], "car_1264": [7, 4], "car_1265": [1, 4], "car_1262": [2, 1], "car_1263": [5, 0], "car_1260": [6, 0], "car_1261": [0, 7], "car_1268": [0, 2], "car_1269": [4, 2], "car_2406": [3, 0], "car_2065": [2, 5], "car_2064": [6, 5], "car_1048": [4, 6], "car_1049": [6, 2], "car_2061": [2, 1], "car_2060": [0, 6], "car_2063": [4, 0], "car_2062": [1, 6], "car_1042": [2, 7], "car_1043": [1, 3], "car_1040": [3, 1], "car_1041": [6, 3], "car_1046": [7, 2], "car_1047": [1, 6], "car_1044": [3, 1], "car_1045": [2, 7], "car_2404": [5, 0], "car_78": [2, 1], "car_79": [4, 5], "car_72": [1, 0], "car_73": [0, 5], "car_70": [6, 3], "car_71": [2, 5], "car_76": [1, 0], "car_77": [3, 7], "car_74": [2, 7], "car_75": [7, 5], "car_992": [2, 6], "car_993": [5, 6], "car_990": [4, 7], "car_991": [0, 2], "car_996": [5, 7], "car_997": [7, 0], "car_994": [3, 4], "car_995": [0, 7], "car_1688": [0, 6], "car_1689": [2, 3], "car_998": [6, 4], "car_999": [7, 4], "car_2409": [2, 1], "car_2408": [0, 1], "car_1448": [7, 2], "car_1449": [1, 0], "car_1446": [6, 1], "car_1447": [0, 6], "car_1444": [4, 6], "car_1445": [2, 7], "car_1442": [4, 3], "car_1443": [0, 7], "car_1440": [1, 0], "car_1441": [3, 4], "car_2401": [0, 5], "car_2249": [7, 1], "car_2248": [2, 0], "car_2245": [2, 7], "car_2244": [0, 1], "car_2247": [4, 0], "car_2246": [1, 4], "car_2241": [2, 0], "car_2240": [0, 4], "car_2243": [6, 1], "car_2242": [1, 0], "car_2089": [6, 5], "car_2088": [4, 0], "car_2083": [3, 5], "car_2082": [7, 4], "car_2081": [2, 7], "car_2080": [0, 2], "car_2087": [7, 2], "car_2086": [2, 3], "car_2085": [6, 2], "car_2084": [4, 0], "car_578": [7, 1], "car_579": [4, 0], "car_2333": [2, 3], "car_2332": [0, 3], "car_2335": [2, 4], "car_2334": [7, 1], "car_2337": [7, 5], "car_553": [0, 7], "car_570": [3, 0], "car_571": [4, 1], "car_572": [6, 0], "car_573": [3, 0], "car_574": [2, 6], "car_806": [1, 4], "car_576": [6, 1], "car_577": [2, 0], "car_807": [6, 1], "car_800": [2, 1], "car_801": [1, 0], "car_802": [4, 3], "car_2192": [2, 5], "car_803": [0, 6], "car_2067": [3, 0], "car_2066": [1, 5], "car_619": [1, 5], "car_618": [7, 6], "car_615": [4, 6], "car_614": [1, 3], "car_617": [2, 7], "car_616": [6, 1], "car_611": [0, 2], "car_610": [4, 6], "car_613": [7, 1], "car_612": [5, 6], "car_2151": [6, 1], "car_2150": [1, 6], "car_2069": [0, 6], "car_2068": [4, 6], "car_769": [4, 0], "car_768": [1, 5], "car_761": [2, 1], "car_760": [0, 5], "car_763": [6, 4], "car_762": [3, 6], "car_765": [5, 7], "car_764": [2, 5], "car_767": [0, 4], "car_766": [7, 4], "car_2216": [6, 0], "car_2217": [4, 7], "car_2330": [5, 0], "car_2214": [3, 6], "car_2215": [4, 3], "car_2212": [7, 0], "car_2213": [1, 2], "car_2210": [4, 0], "car_2211": [2, 4], "car_575": [3, 2], "car_1305": [4, 3], "car_1304": [3, 6], "car_1307": [6, 5], "car_1306": [2, 1], "car_1301": [3, 2], "car_1300": [2, 3], "car_1303": [1, 4], "car_1302": [5, 7], "car_1309": [7, 3], "car_1308": [5, 6], "car_389": [5, 7], "car_388": [0, 1], "car_387": [3, 2], "car_386": [1, 0], "car_385": [7, 6], "car_384": [2, 3], "car_383": [6, 1], "car_382": [4, 0], "car_381": [3, 5], "car_380": [7, 1], "car_141": [3, 6], "car_140": [1, 2], "car_143": [5, 6], "car_142": [4, 2], "car_145": [1, 0], "car_144": [7, 3], "car_147": [7, 1], "car_146": [6, 3], "car_149": [4, 5], "car_148": [3, 5], "car_2407": [6, 5], "car_1279": [0, 7], "car_1278": [6, 3], "car_1271": [5, 6], "car_1270": [0, 1], "car_1273": [0, 1], "car_1272": [6, 0], "car_1275": [1, 7], "car_1274": [7, 6], "car_1277": [4, 1], "car_1276": [3, 2], "car_2326": [2, 4], "car_2327": [5, 4], "car_1059": [5, 4], "car_1058": [0, 6], "car_1055": [5, 3], "car_1054": [0, 4], "car_1057": [4, 6], "car_1056": [3, 6], "car_1051": [2, 1], "car_1050": [0, 3], "car_1053": [6, 2], "car_1052": [5, 2], "car_2415": [5, 6], "car_2416": [7, 6], "car_69": [4, 1], "car_68": [3, 7], "car_61": [5, 1], "car_60": [2, 4], "car_63": [4, 0], "car_62": [3, 6], "car_65": [0, 7], "car_64": [0, 7], "car_67": [2, 5], "car_66": [7, 4], "car_1693": [5, 2], "car_1692": [0, 1], "car_1691": [6, 1], "car_1690": [1, 4], "car_1697": [4, 1], "car_1696": [3, 7], "car_969": [7, 1], "car_968": [5, 0], "car_967": [2, 4], "car_966": [0, 7], "car_965": [6, 2], "car_964": [0, 6], "car_963": [6, 1], "car_962": [7, 1], "car_961": [5, 4], "car_960": [0, 3], "car_1451": [4, 5], "car_1450": [3, 6], "car_1453": [2, 3], "car_1452": [0, 5], "car_1455": [1, 5], "car_1454": [2, 1], "car_1457": [2, 5], "car_1456": [6, 0], "car_1459": [7, 5], "car_1458": [5, 6], "car_2410": [5, 7], "car_2411": [7, 6], "car_1680": [1, 6], "car_1681": [0, 1], "car_1682": [2, 3], "car_1683": [5, 4], "car_1684": [6, 2], "car_1685": [0, 1], "car_1891": [1, 7], "car_1686": [2, 1], "car_1890": [7, 0], "car_1687": [1, 7], "car_1893": [4, 5], "car_545": [4, 0], "car_544": [1, 3], "car_547": [2, 6], "car_546": [6, 3], "car_541": [2, 5], "car_540": [6, 4], "car_543": [7, 2], "car_542": [5, 6], "car_1895": [5, 2], "car_549": [6, 3], "car_548": [1, 0], "car_819": [1, 5], "car_818": [7, 5], "car_2344": [0, 6], "car_2345": [2, 6], "car_2346": [5, 7], "car_2347": [7, 5], "car_2340": [6, 5], "car_1897": [1, 0], "car_2342": [5, 4], "car_2343": [7, 0], "car_2405": [7, 4], "car_1896": [7, 2], "car_2348": [4, 6], "car_2349": [6, 4], "car_33": [2, 7], "car_1767": [0, 2], "car_1766": [3, 4], "car_1765": [7, 2], "car_608": [7, 3], "car_609": [3, 0], "car_602": [5, 3], "car_603": [1, 5], "car_600": [4, 2], "car_601": [2, 4], "car_606": [2, 1], "car_607": [5, 1], "car_604": [3, 7], "car_605": [0, 4], "car_1761": [1, 0], "car_1760": [5, 4], "car_776": [4, 7], "car_777": [5, 0], "car_774": [1, 2], "car_775": [3, 1], "car_772": [7, 3], "car_773": [2, 4], "car_770": [6, 3], "car_771": [0, 5], "car_1768": [3, 0], "car_778": [7, 1], "car_779": [3, 0], "car_2418": [6, 3], "car_1750": [7, 1], "car_2419": [0, 5], "car_1994": [7, 1], "car_1995": [1, 4], "car_1996": [3, 0], "car_1997": [6, 1], "car_1990": [3, 5], "car_1991": [0, 3], "car_1992": [2, 4], "car_1993": [5, 1], "car_1998": [2, 0], "car_1999": [5, 6], "car_1842": [4, 7], "car_1806": [1, 7], "car_1840": [5, 4], "car_1841": [1, 7], "car_398": [1, 3], "car_399": [3, 0], "car_1844": [5, 1], "car_1807": [3, 4], "car_394": [7, 6], "car_395": [3, 1], "car_396": [5, 0], "car_397": [7, 0], "car_390": [3, 5], "car_391": [6, 0], "car_392": [0, 3], "car_393": [5, 1], "car_158": [0, 4], "car_159": [2, 0], "car_156": [5, 7], "car_157": [7, 3], "car_154": [6, 5], "car_155": [0, 6], "car_152": [3, 6], "car_153": [4, 5], "car_150": [2, 0], "car_151": [7, 3], "car_1208": [3, 1], "car_1209": [4, 5], "car_1204": [6, 1], "car_1205": [0, 5], "car_1206": [2, 5], "car_1207": [1, 0], "car_1200": [6, 5], "car_1201": [2, 3], "car_1202": [5, 6], "car_1203": [7, 6], "car_2403": [4, 7], "car_1808": [4, 5], "car_1809": [2, 1], "car_1510": [6, 3], "car_1511": [0, 5], "car_1512": [2, 0], "car_1513": [5, 3], "car_1514": [0, 4], "car_1515": [2, 7], "car_1516": [7, 2], "car_1517": [1, 6], "car_1518": [3, 0], "car_1519": [6, 5], "car_1198": [7, 2], "car_1199": [4, 3], "car_1194": [4, 1], "car_1195": [6, 0], "car_1196": [0, 7], "car_1197": [2, 7], "car_1190": [3, 7], "car_1191": [4, 6], "car_1192": [2, 3], "car_1193": [1, 5], "car_2429": [0, 5], "car_2428": [3, 4], "car_2425": [2, 3], "car_2424": [0, 2], "car_2427": [1, 4], "car_2426": [7, 6], "car_2421": [5, 7], "car_2126": [1, 0], "car_2423": [6, 3], "car_2422": [4, 6], "car_2127": [7, 3], "car_978": [7, 2], "car_979": [5, 3], "car_974": [1, 4], "car_975": [4, 5], "car_976": [6, 1], "car_977": [5, 0], "car_970": [3, 5], "car_971": [4, 3], "car_972": [0, 2], "car_973": [7, 6], "car_1424": [0, 6], "car_1425": [5, 3], "car_1426": [1, 2], "car_1427": [3, 2], "car_1420": [0, 3], "car_1421": [0, 1], "car_1422": [5, 2], "car_1423": [1, 5], "car_2402": [3, 2], "car_1428": [6, 7], "car_1429": [0, 4], "car_2128": [1, 0], "car_2129": [5, 3], "car_1738": [3, 6], "car_1739": [0, 2], "car_1730": [3, 1], "car_1731": [6, 7], "car_1732": [7, 3], "car_1733": [4, 6], "car_1734": [0, 7], "car_1735": [5, 3], "car_1736": [3, 7], "car_1737": [1, 3], "car_54": [4, 0], "car_55": [6, 0], "car_56": [7, 5], "car_57": [1, 5], "car_50": [2, 6], "car_51": [5, 0], "car_52": [7, 0], "car_53": [3, 6], "car_58": [3, 6], "car_59": [6, 5], "car_552": [6, 4], "car_805": [5, 0], "car_550": [0, 5], "car_551": [1, 7], "car_556": [7, 4], "car_557": [3, 6], "car_554": [2, 4], "car_555": [5, 4], "car_558": [4, 1], "car_559": [2, 5], "car_808": [7, 2], "car_809": [5, 3], "car_2357": [5, 1], "car_2356": [0, 6], "car_2355": [4, 5], "car_2354": [0, 6], "car_2353": [4, 2], "car_2352": [1, 5], "car_2351": [7, 5], "car_2350": [5, 4], "car_2359": [4, 3], "car_2358": [3, 7], "car_1757": [6, 4], "car_2339": [4, 2], "car_703": [0, 7], "car_702": [1, 2], "car_701": [7, 1], "car_700": [5, 4], "car_707": [6, 5], "car_706": [7, 6], "car_705": [5, 1], "car_704": [2, 3], "car_709": [4, 5], "car_708": [1, 7], "car_2221": [1, 4], "car_2308": [5, 1], "car_2400": [6, 4], "car_2309": [1, 6], "car_1987": [2, 6], "car_1986": [0, 6], "car_1985": [4, 7], "car_1984": [3, 4], "car_1983": [4, 6], "car_1982": [1, 2], "car_1981": [7, 4], "car_1980": [6, 1], "car_1989": [1, 7], "car_1988": [7, 2], "car_1855": [2, 3], "car_1796": [7, 5], "car_1857": [1, 2], "car_1856": [7, 4], "car_1851": [6, 1], "car_1850": [4, 6], "car_1853": [1, 7], "car_1797": [1, 2], "car_2336": [5, 3], "car_1859": [6, 7], "car_1794": [4, 2], "car_2230": [5, 4], "car_129": [2, 6], "car_128": [1, 0], "car_2231": [7, 3], "car_123": [3, 0], "car_122": [1, 7], "car_121": [7, 2], "car_120": [2, 6], "car_127": [7, 6], "car_126": [5, 1], "car_125": [0, 6], "car_124": [6, 3], "car_1790": [4, 1], "car_1219": [0, 4], "car_1218": [6, 0], "car_1217": [1, 0], "car_1216": [7, 3], "car_1215": [2, 5], "car_1214": [3, 1], "car_1213": [1, 5], "car_1212": [5, 6], "car_1211": [2, 4], "car_1210": [6, 0], "car_1415": [0, 2], "car_1414": [3, 7], "car_1417": [5, 2], "car_1416": [2, 7], "car_1411": [6, 7], "car_1410": [4, 1], "car_237": [1, 7], "car_236": [7, 6], "car_235": [5, 0], "car_234": [2, 7], "car_233": [0, 1], "car_232": [6, 5], "car_231": [3, 1], "car_230": [7, 1], "car_1412": [5, 1], "car_239": [4, 6], "car_238": [3, 0], "car_1503": [2, 5], "car_1502": [6, 3], "car_1501": [1, 4], "car_1500": [3, 2], "car_1507": [2, 3], "car_1506": [4, 2], "car_1505": [3, 7], "car_1504": [5, 1], "car_1509": [4, 0], "car_1508": [7, 5], "car_1189": [5, 2], "car_1188": [0, 5], "car_1187": [6, 5], "car_1186": [3, 7], "car_1185": [1, 7], "car_1184": [2, 6], "car_1183": [0, 1], "car_1182": [1, 3], "car_1181": [2, 3], "car_1180": [4, 2], "car_2182": [0, 7], "car_2183": [2, 4], "car_2180": [1, 6], "car_2181": [7, 2], "car_2186": [3, 2], "car_2187": [0, 6], "car_2184": [5, 6], "car_2185": [7, 0], "car_2188": [5, 3], "car_2189": [1, 5], "car_949": [7, 0], "car_948": [2, 4], "car_941": [5, 0], "car_940": [6, 5], "car_943": [1, 5], "car_942": [7, 2], "car_945": [4, 3], "car_944": [3, 6], "car_947": [0, 7], "car_946": [6, 2], "car_1437": [1, 2], "car_1436": [7, 6], "car_1435": [5, 0], "car_1434": [2, 7], "car_1433": [4, 5], "car_1432": [1, 7], "car_1431": [5, 7], "car_1430": [2, 5], "car_1439": [0, 5], "car_1438": [3, 2], "car_2238": [3, 2], "car_493": [2, 4], "car_492": [1, 4], "car_491": [0, 7], "car_490": [6, 5], "car_497": [1, 0], "car_496": [4, 5], "car_495": [7, 3], "car_494": [5, 3], "car_499": [5, 0], "car_498": [4, 2], "car_2296": [6, 5], "car_2297": [7, 3], "car_2294": [5, 6], "car_2239": [6, 0], "car_2292": [3, 4], "car_2293": [4, 7], "car_2290": [2, 5], "car_2291": [5, 0], "car_1918": [3, 2], "car_2298": [4, 7], "car_1919": [6, 7], "car_1729": [1, 7], "car_1728": [2, 7], "car_1723": [7, 3], "car_1722": [5, 4], "car_1721": [2, 6], "car_1720": [4, 0], "car_1727": [0, 6], "car_1726": [4, 0], "car_1725": [3, 4], "car_1724": [1, 5], "car_43": [2, 0], "car_42": [6, 7], "car_41": [3, 1], "car_40": [7, 2], "car_47": [3, 5], "car_46": [2, 4], "car_45": [0, 7], "car_44": [6, 2], "car_49": [6, 0], "car_48": [4, 6], "car_1916": [7, 3], "car_1917": [5, 0], "car_1858": [4, 0], "car_831": [6, 0], "car_830": [3, 0], "car_833": [5, 3], "car_832": [2, 5], "car_835": [3, 7], "car_834": [7, 4], "car_837": [6, 2], "car_836": [4, 6], "car_839": [5, 1], "car_838": [2, 5], "car_2360": [2, 5], "car_2361": [7, 0], "car_2366": [1, 3], "car_2367": [3, 0], "car_2364": [6, 5], "car_2365": [7, 6], "car_2168": [4, 7], "car_2169": [0, 5], "car_2160": [6, 7], "car_2161": [0, 4], "car_2162": [5, 6], "car_2163": [4, 1], "car_2164": [6, 4], "car_2165": [0, 4], "car_2166": [2, 6], "car_2167": [5, 7], "car_1941": [4, 1], "car_710": [6, 1], "car_711": [0, 3], "car_712": [5, 1], "car_713": [1, 4], "car_714": [6, 2], "car_715": [7, 4], "car_716": [4, 7], "car_717": [0, 1], "car_718": [1, 2], "car_719": [6, 5], "car_1892": [3, 0], "car_1894": [0, 5], "car_138": [4, 2], "car_139": [2, 6], "car_130": [6, 4], "car_131": [5, 7], "car_132": [1, 3], "car_133": [4, 5], "car_134": [5, 4], "car_135": [4, 3], "car_136": [5, 7], "car_137": [3, 0], "car_1222": [4, 3], "car_1223": [6, 0], "car_1220": [2, 7], "car_1221": [1, 4], "car_1226": [3, 2], "car_1227": [4, 5], "car_1224": [5, 1], "car_1225": [1, 7], "car_1886": [5, 1], "car_1887": [6, 0], "car_1228": [6, 7], "car_1229": [7, 0], "car_1882": [1, 5], "car_1883": [3, 7], "car_1880": [2, 3], "car_1881": [5, 3], "car_224": [0, 5], "car_225": [2, 1], "car_226": [5, 2], "car_227": [7, 5], "car_220": [7, 6], "car_221": [3, 7], "car_222": [4, 0], "car_223": [6, 2], "car_228": [4, 7], "car_229": [0, 6], "car_1086": [6, 5], "car_1087": [7, 0], "car_1084": [1, 3], "car_1085": [3, 0], "car_1082": [5, 4], "car_1083": [7, 0], "car_1080": [1, 4], "car_1081": [0, 4], "car_1088": [3, 4], "car_1089": [4, 6], "car_1536": [4, 2], "car_1537": [6, 1], "car_1534": [5, 0], "car_1535": [7, 3], "car_1532": [3, 5], "car_1533": [0, 1], "car_1530": [5, 1], "car_1531": [7, 1], "car_1538": [0, 7], "car_1539": [2, 5], "car_956": [2, 3], "car_957": [7, 0], "car_954": [5, 1], "car_955": [7, 4], "car_952": [0, 2], "car_953": [2, 7], "car_950": [1, 0], "car_951": [6, 5], "car_1827": [3, 5], "car_2199": [5, 1], "car_2198": [2, 3], "car_958": [3, 7], "car_959": [6, 2], "car_1158": [5, 7], "car_1159": [7, 3], "car_1408": [5, 1], "car_1409": [1, 6], "car_1829": [6, 1], "car_1150": [7, 2], "car_1151": [1, 3], "car_1152": [6, 5], "car_1153": [2, 5], "car_1154": [5, 0], "car_1155": [7, 3], "car_1156": [6, 0], "car_1157": [2, 7], "car_2380": [3, 5], "car_2381": [4, 3], "car_2382": [6, 3], "car_2383": [0, 1], "car_1826": [7, 2], "car_480": [0, 4], "car_481": [2, 4], "car_482": [5, 6], "car_483": [1, 2], "car_484": [3, 0], "car_485": [4, 1], "car_486": [6, 3], "car_487": [5, 1], "car_488": [1, 2], "car_489": [4, 6], "car_2283": [5, 6], "car_2282": [2, 7], "car_2285": [3, 4], "car_2284": [1, 2], "car_2287": [2, 1], "car_2286": [6, 1], "car_853": [2, 7], "car_852": [0, 6], "car_851": [1, 2], "car_582": [2, 5], "car_1718": [6, 5], "car_1719": [0, 3], "car_1716": [0, 6], "car_857": [1, 5], "car_1714": [4, 1], "car_1715": [6, 2], "car_1712": [1, 2], "car_1713": [3, 6], "car_1710": [5, 7], "car_856": [7, 0], "car_1828": [4, 1], "car_855": [5, 3], "car_854": [2, 7], "car_2379": [1, 4], "car_2378": [7, 3], "car_828": [2, 0], "car_829": [7, 6], "car_826": [4, 3], "car_827": [6, 0], "car_824": [1, 6], "car_825": [3, 1], "car_822": [0, 1], "car_823": [2, 4], "car_820": [3, 1], "car_821": [6, 4], "car_2179": [5, 2], "car_2178": [2, 7], "car_2173": [5, 3], "car_2172": [2, 3], "car_2171": [5, 1], "car_2170": [2, 4], "car_2177": [0, 3], "car_2176": [6, 2], "car_2175": [3, 6], "car_2174": [1, 6], "car_729": [6, 1], "car_728": [4, 1], "car_725": [5, 2], "car_724": [0, 3], "car_727": [3, 0], "car_726": [1, 4], "car_721": [5, 6], "car_720": [0, 4], "car_723": [7, 0], "car_722": [5, 7], "car_1795": [2, 1], "car_1792": [0, 1], "car_1793": [1, 0], "car_105": [1, 5], "car_104": [5, 6], "car_107": [0, 6], "car_106": [3, 7], "car_101": [1, 0], "car_100": [7, 2], "car_103": [6, 5], "car_102": [3, 1], "car_1888": [2, 4], "car_109": [5, 2], "car_108": [2, 0], "car_1791": [6, 7], "car_1235": [4, 6], "car_1234": [3, 5], "car_1237": [5, 1], "car_1236": [6, 4], "car_1231": [6, 4], "car_1230": [4, 2], "car_1233": [1, 0], "car_1232": [2, 4], "car_1899": [6, 3], "car_1898": [4, 3], "car_1239": [3, 7], "car_1238": [7, 5], "car_211": [2, 4], "car_210": [0, 7], "car_213": [1, 0], "car_212": [7, 0], "car_215": [4, 0], "car_214": [3, 1], "car_217": [7, 2], "car_216": [0, 4], "car_219": [2, 6], "car_218": [3, 5], "car_1529": [2, 1], "car_1528": [0, 1], "car_1521": [5, 2], "car_1520": [0, 5], "car_1523": [7, 5], "car_1522": [5, 6], "car_1525": [3, 4], "car_1524": [1, 0], "car_1527": [7, 4], "car_1526": [0, 7], "car_2313": [6, 1], "car_2312": [5, 7], "car_2311": [0, 4], "car_923": [2, 7], "car_922": [6, 4], "car_921": [3, 5], "car_920": [1, 5], "car_927": [6, 0], "car_926": [4, 0], "car_925": [3, 6], "car_924": [5, 7], "car_2317": [2, 3], "car_929": [2, 4], "car_928": [0, 4], "car_2316": [3, 4], "car_1149": [5, 4], "car_1148": [2, 6], "car_1419": [4, 6], "car_1418": [7, 3], "car_1143": [0, 4], "car_1142": [1, 4], "car_1141": [7, 6], "car_1140": [5, 7], "car_1147": [0, 4], "car_1146": [6, 0], "car_1145": [1, 5], "car_1144": [5, 3], "car_1099": [0, 3], "car_1098": [6, 0], "car_1091": [2, 5], "car_1090": [0, 2], "car_1093": [1, 6], "car_1092": [5, 7], "car_1095": [0, 6], "car_1094": [6, 0], "car_1097": [4, 5], "car_1096": [7, 3], "car_1701": [2, 3], "car_1700": [0, 7], "car_1703": [1, 5], "car_1702": [7, 6], "car_1705": [0, 1], "car_1704": [6, 3], "car_1707": [1, 4], "car_1706": [7, 0], "car_1709": [0, 7], "car_1708": [6, 4], "car_589": [3, 1], "car_588": [7, 2], "car_859": [4, 0], "car_858": [3, 2], "car_2384": [1, 6], "car_2385": [3, 0], "car_1695": [1, 3], "car_2387": [7, 6], "car_581": [0, 5], "car_580": [6, 2], "car_583": [5, 1], "car_850": [7, 6], "car_585": [4, 1], "car_584": [3, 1], "car_587": [5, 6], "car_586": [0, 4], "car_2002": [4, 3], "car_2148": [2, 6], "car_2149": [5, 7], "car_2146": [4, 3], "car_2147": [0, 7], "car_2144": [5, 7], "car_2145": [3, 5], "car_2142": [6, 3], "car_2143": [0, 1], "car_2140": [3, 1], "car_2141": [4, 1], "car_457": [3, 0], "car_456": [2, 4], "car_455": [6, 4], "car_454": [4, 0], "car_453": [3, 6], "car_452": [1, 7], "car_451": [7, 5], "car_450": [2, 1], "car_1878": [6, 2], "car_459": [5, 0], "car_458": [2, 0], "car_1877": [7, 6], "car_1876": [2, 3], "car_1875": [6, 1], "car_1874": [4, 0], "car_1873": [5, 3], "car_1872": [6, 1], "car_738": [3, 0], "car_739": [0, 6], "car_1871": [4, 2], "car_733": [3, 1], "car_732": [7, 0], "car_32": [4, 0], "car_730": [0, 2], "car_731": [2, 7], "car_736": [5, 4], "car_737": [7, 0], "car_734": [0, 5], "car_735": [2, 3], "car_1976": [3, 6], "car_1977": [6, 2], "car_1698": [7, 6], "car_38": [2, 3], "car_39": [5, 3], "car_2295": [7, 5], "car_1978": [5, 7], "car_1979": [1, 0], "car_112": [6, 4], "car_113": [0, 5], "car_110": [1, 5], "car_111": [3, 6], "car_116": [0, 5], "car_117": [2, 5], "car_114": [5, 0], "car_115": [4, 0], "car_118": [5, 0], "car_119": [3, 5], "car_2299": [0, 1], "car_1950": [3, 7], "car_1951": [0, 2], "car_1952": [2, 3], "car_1953": [7, 4], "car_1954": [1, 5], "car_1955": [3, 6], "car_208": [3, 4], "car_209": [4, 5], "car_206": [5, 6], "car_207": [7, 5], "car_204": [6, 7], "car_205": [2, 3], "car_202": [3, 2], "car_203": [4, 6], "car_200": [4, 3], "car_201": [0, 7], "car_1558": [3, 4], "car_1559": [2, 7], "car_1554": [7, 3], "car_1555": [4, 7], "car_1556": [2, 3], "car_1557": [1, 5], "car_1550": [5, 2], "car_1551": [1, 7], "car_1552": [4, 6], "car_1553": [5, 0], "car_1398": [6, 0], "car_1399": [0, 1], "car_1392": [3, 6], "car_1393": [0, 3], "car_1390": [6, 0], "car_1391": [7, 5], "car_1396": [3, 1], "car_1397": [4, 7], "car_1394": [7, 2], "car_1395": [1, 6], "car_930": [1, 2], "car_931": [3, 4], "car_932": [4, 7], "car_933": [6, 3], "car_934": [0, 7], "car_935": [4, 5], "car_936": [2, 5], "car_937": [5, 1], "car_938": [7, 0], "car_939": [1, 4], "car_6": [7, 5], "car_7": [1, 2], "car_4": [6, 0], "car_5": [2, 5], "car_2": [5, 3], "car_3": [3, 6], "car_1178": [7, 0], "car_1": [2, 3], "car_1176": [0, 3], "car_1177": [2, 4], "car_1174": [4, 3], "car_1175": [6, 0], "car_1172": [2, 7], "car_1173": [3, 0], "car_8": [4, 2], "car_9": [6, 4], "car_1774": [2, 3], "car_1775": [7, 0], "car_1776": [1, 4], "car_1777": [4, 7], "car_1770": [5, 4], "car_1771": [7, 0], "car_1772": [2, 7], "car_1773": [4, 7], "car_1778": [2, 1], "car_1779": [3, 2], "car_98": [4, 6], "car_99": [5, 1], "car_90": [3, 7], "car_91": [0, 1], "car_92": [5, 6], "car_93": [7, 6], "car_94": [3, 1], "car_95": [4, 3], "car_96": [6, 4], "car_97": [1, 5], "car_596": [2, 1], "car_597": [5, 6], "car_594": [1, 0], "car_595": [6, 2], "car_592": [0, 7], "car_593": [7, 5], "car_590": [4, 6], "car_591": [6, 4], "car_598": [7, 6], "car_599": [3, 6], "car_848": [6, 4], "car_849": [0, 2], "car_2391": [5, 0], "car_2390": [2, 1], "car_2397": [2, 5], "car_2396": [6, 7], "car_2395": [4, 3], "car_2394": [3, 7], "car_840": [7, 6], "car_841": [1, 4], "car_842": [4, 5], "car_843": [6, 4], "car_844": [5, 2], "car_845": [7, 3], "car_846": [1, 0], "car_847": [4, 6], "car_1608": [7, 0], "car_1609": [4, 2], "car_2153": [5, 6], "car_2152": [2, 6], "car_2155": [3, 6], "car_2154": [7, 6], "car_2157": [5, 7], "car_2156": [0, 2], "car_1600": [0, 1], "car_1601": [1, 7], "car_1602": [3, 0], "car_1603": [0, 1], "car_1604": [5, 3], "car_1605": [3, 7], "car_1606": [4, 7], "car_1607": [2, 5], "car_2369": [5, 0], "car_2362": [3, 1], "car_2363": [4, 2], "car_444": [6, 5], "car_445": [2, 5], "car_446": [5, 3], "car_447": [1, 6], "car_440": [2, 0], "car_441": [5, 7], "car_442": [7, 4], "car_443": [4, 6], "car_448": [3, 2], "car_449": [6, 1], "car_2201": [4, 2], "car_2200": [3, 7], "car_2209": [3, 2], "car_2208": [1, 0], "car_2324": [6, 3], "car_695": [0, 6], "car_694": [6, 2], "car_697": [7, 5], "car_696": [2, 3], "car_691": [7, 1], "car_690": [5, 1], "car_693": [4, 6], "car_692": [1, 0], "car_699": [2, 6], "car_698": [6, 7], "car_2399": [1, 5], "car_1943": [1, 2], "car_1942": [2, 4], "car_279": [6, 4], "car_278": [4, 5], "car_1947": [5, 2], "car_1946": [2, 6], "car_1945": [6, 7], "car_1944": [3, 2], "car_273": [1, 7], "car_272": [0, 4], "car_271": [6, 3], "car_270": [4, 5], "car_277": [1, 7], "car_276": [7, 4], "car_275": [2, 1], "car_274": [0, 5], "car_1925": [1, 7], "car_1549": [0, 2], "car_1548": [6, 7], "car_1547": [4, 3], "car_1546": [1, 0], "car_1545": [7, 2], "car_1544": [5, 2], "car_1543": [0, 4], "car_1542": [6, 3], "car_1541": [4, 3], "car_1540": [3, 5], "car_1389": [1, 5], "car_1388": [0, 3], "car_1385": [0, 7], "car_1384": [6, 4], "car_1387": [1, 0], "car_1386": [7, 2], "car_1381": [5, 2], "car_1380": [2, 4], "car_1383": [4, 7], "car_1382": [3, 6], "car_307": [6, 0], "car_306": [3, 2], "car_305": [7, 1], "car_304": [5, 4], "car_303": [2, 0], "car_302": [0, 6], "car_301": [3, 2], "car_300": [1, 6], "car_804": [2, 1], "car_309": [2, 3], "car_308": [0, 6], "car_909": [1, 5], "car_908": [7, 2], "car_905": [0, 7], "car_904": [7, 0], "car_907": [5, 0], "car_906": [2, 0], "car_901": [6, 1], "car_900": [4, 6], "car_903": [2, 5], "car_902": [0, 4], "car_1161": [2, 3], "car_1160": [0, 4], "car_1163": [5, 2], "car_1162": [2, 7], "car_1165": [0, 6], "car_1164": [6, 5], "car_1167": [7, 5], "car_1166": [2, 7], "car_1169": [4, 1], "car_1168": [1, 4], "car_2432": [7, 6], "car_2433": [3, 2], "car_2430": [2, 3], "car_2322": [3, 1], "car_2431": [5, 3], "car_2010": [7, 4], "car_2011": [1, 2], "car_2012": [4, 5], "car_2013": [2, 6], "car_2014": [7, 2], "car_2015": [3, 0], "car_2016": [4, 2], "car_2017": [6, 3], "car_2018": [2, 5], "car_2019": [7, 2], "car_87": [1, 4], "car_86": [5, 4], "car_85": [2, 1], "car_84": [0, 4], "car_83": [3, 6], "car_82": [7, 3], "car_81": [0, 2], "car_80": [6, 2], "car_2001": [3, 4], "car_89": [1, 7], "car_88": [3, 7], "car_2000": [7, 6], "car_875": [1, 2], "car_874": [0, 1], "car_877": [6, 7], "car_876": [3, 5], "car_871": [1, 5], "car_870": [7, 1], "car_873": [6, 0], "car_872": [4, 0], "car_1694": [7, 4], "car_879": [6, 4], "car_878": [4, 2], "car_1752": [3, 1], "car_1753": [6, 2], "car_1699": [1, 0], "car_2124": [2, 5], "car_2125": [7, 5], "car_1619": [2, 5], "car_1618": [6, 5], "car_2120": [5, 3], "car_2121": [1, 2], "car_2122": [3, 5], "car_2123": [4, 6], "car_1613": [7, 6], "car_1612": [5, 0], "car_1611": [2, 6], "car_1610": [0, 1], "car_1617": [1, 5], "car_1616": [2, 6], "car_1615": [6, 0], "car_1614": [1, 3], "car_1754": [2, 3], "car_1755": [1, 5], "car_2323": [4, 2], "car_471": [2, 4], "car_470": [0, 3], "car_473": [1, 7], "car_472": [7, 2], "car_475": [4, 3], "car_474": [3, 2], "car_477": [1, 2], "car_476": [7, 1], "car_479": [4, 2], "car_478": [3, 0], "car_2232": [4, 6], "car_2233": [6, 0], "car_2234": [0, 2], "car_2235": [3, 4], "car_2236": [6, 4], "car_2237": [2, 4], "car_2038": [4, 1], "car_2039": [6, 7], "car_1819": [5, 2], "car_1818": [0, 6], "car_2386": [2, 3], "car_682": [5, 3], "car_683": [7, 1], "car_680": [2, 6], "car_681": [2, 4], "car_686": [0, 3], "car_687": [2, 5], "car_684": [1, 5], "car_685": [4, 1], "car_688": [5, 1], "car_689": [4, 2], "car_1815": [1, 4], "car_1814": [5, 6], "car_2388": [6, 3], "car_2389": [0, 1], "car_1670": [1, 3], "car_1956": [6, 0], "car_1957": [0, 7], "car_1958": [2, 4], "car_1959": [5, 3], "car_2003": [6, 3], "car_268": [5, 7], "car_269": [1, 7], "car_1974": [7, 2], "car_1975": [1, 0], "car_1972": [0, 3], "car_1973": [2, 1], "car_1970": [3, 6], "car_1971": [6, 3], "car_260": [4, 5], "car_261": [6, 5], "car_262": [5, 1], "car_263": [3, 0], "car_264": [0, 6], "car_265": [4, 1], "car_266": [0, 2], "car_267": [2, 7], "car_1572": [1, 0], "car_1573": [3, 5], "car_1570": [6, 0], "car_1571": [0, 4], "car_1576": [2, 5], "car_1577": [1, 5], "car_1574": [4, 1], "car_1575": [6, 5], "car_1578": [3, 5], "car_1579": [4, 3], "car_1370": [5, 7], "car_1371": [1, 7], "car_1372": [3, 1], "car_1373": [4, 7], "car_1374": [6, 5], "car_1375": [7, 0], "car_1376": [4, 0], "car_1377": [6, 7], "car_1378": [0, 5], "car_1379": [2, 0], "car_314": [2, 3], "car_315": [1, 6], "car_316": [3, 2], "car_317": [4, 0], "car_310": [5, 1], "car_311": [3, 2], "car_312": [4, 3], "car_313": [6, 0], "car_318": [2, 7], "car_319": [5, 1], "car_918": [0, 6], "car_919": [2, 1], "car_912": [5, 3], "car_913": [1, 3], "car_910": [3, 7], "car_911": [4, 1], "car_916": [3, 7], "car_917": [4, 1], "car_914": [3, 6], "car_915": [6, 5], "car_1114": [5, 6], "car_1115": [7, 3], "car_1116": [6, 0], "car_1117": [2, 7], "car_1110": [5, 6], "car_1111": [7, 3], "car_1112": [6, 7], "car_1113": [2, 1], "car_1118": [5, 7], "car_1119": [4, 5], "car_1284": [6, 3], "car_1285": [0, 7], "car_1286": [2, 4], "car_1287": [5, 6], "car_1280": [2, 0], "car_1281": [5, 3], "car_1282": [7, 1], "car_1283": [4, 5], "car_2130": [7, 0], "car_1288": [7, 4], "car_1289": [3, 1], "car_1744": [0, 6], "car_1028": [2, 4], "car_1029": [7, 5], "car_1758": [0, 3], "car_1759": [2, 6], "car_2007": [0, 2], "car_2006": [4, 1], "car_2005": [2, 0], "car_2004": [0, 2], "car_1020": [2, 5], "car_1021": [7, 1], "car_1022": [7, 0], "car_1023": [1, 7], "car_1024": [3, 2], "car_1025": [4, 5], "car_1026": [6, 3], "car_1027": [0, 2], "car_1598": [7, 3], "car_1599": [1, 7], "car_1590": [6, 0], "car_1591": [2, 7], "car_1592": [5, 1], "car_1593": [1, 6], "car_1594": [3, 5], "car_1595": [4, 6], "car_1596": [2, 4], "car_1597": [5, 1], "car_1746": [3, 7], "car_862": [3, 1], "car_863": [5, 7], "car_860": [2, 0], "car_861": [5, 6], "car_866": [0, 3], "car_867": [7, 0], "car_864": [7, 4], "car_865": [1, 7], "car_868": [4, 0], "car_869": [0, 3], "car_1741": [5, 1], "car_2137": [6, 0], "car_2136": [5, 3], "car_2135": [2, 0], "car_2134": [0, 7], "car_2133": [6, 2], "car_2132": [3, 7], "car_1628": [1, 2], "car_1629": [6, 2], "car_1626": [4, 2], "car_1627": [6, 5], "car_1624": [7, 2], "car_1625": [3, 2], "car_1622": [0, 7], "car_1623": [5, 6], "car_1620": [5, 1], "car_1621": [4, 0], "car_1740": [2, 5]}