{"car_468": [4, 0], "car_469": [0, 5], "car_466": [1, 5], "car_467": [3, 0], "car_464": [6, 2], "car_465": [7, 6], "car_462": [6, 5], "car_463": [7, 5], "car_460": [0, 6], "car_461": [5, 2], "car_817": [3, 5], "car_816": [5, 7], "car_815": [4, 1], "car_814": [2, 1], "car_813": [6, 2], "car_812": [4, 0], "car_811": [2, 4], "car_810": [4, 5], "car_679": [3, 0], "car_678": [7, 3], "car_677": [6, 4], "car_676": [3, 2], "car_675": [3, 7], "car_674": [1, 2], "car_673": [5, 6], "car_672": [6, 0], "car_671": [3, 0], "car_670": [4, 5], "car_789": [6, 2], "car_788": [4, 6], "car_783": [5, 3], "car_782": [0, 4], "car_781": [4, 5], "car_780": [0, 3], "car_787": [3, 6], "car_786": [7, 6], "car_785": [2, 7], "car_784": [1, 4], "car_0": [0, 1], "car_1179": [0, 5], "car_255": [5, 4], "car_254": [2, 3], "car_257": [0, 7], "car_256": [1, 3], "car_251": [3, 6], "car_250": [3, 0], "car_253": [0, 6], "car_252": [6, 5], "car_259": [4, 5], "car_258": [3, 7], "car_1170": [7, 2], "car_1171": [4, 7], "car_1413": [6, 0], "car_1363": [1, 7], "car_1362": [6, 2], "car_1361": [3, 2], "car_1360": [7, 6], "car_1367": [7, 6], "car_1366": [0, 4], "car_1365": [6, 0], "car_1364": [4, 5], "car_1369": [4, 1], "car_1368": [1, 6], "car_321": [1, 5], "car_320": [7, 6], "car_323": [2, 7], "car_322": [1, 0], "car_325": [1, 6], "car_324": [5, 4], "car_327": [5, 7], "car_326": [4, 0], "car_329": [2, 0], "car_328": [6, 2], "car_1107": [6, 2], "car_1106": [4, 3], "car_1105": [6, 5], "car_1104": [3, 0], "car_1103": [5, 0], "car_1102": [7, 5], "car_1101": [3, 6], "car_1100": [5, 0], "car_1109": [6, 3], "car_1108": [3, 2], "car_1297": [0, 6], "car_1296": [4, 3], "car_1295": [3, 6], "car_1294": [6, 0], "car_1293": [4, 2], "car_1292": [3, 4], "car_1291": [0, 7], "car_1290": [7, 1], "car_1299": [4, 2], "car_1298": [2, 1], "car_1039": [7, 5], "car_1038": [0, 5], "car_1033": [5, 4], "car_1032": [0, 7], "car_1031": [2, 1], "car_1030": [0, 4], "car_1037": [3, 1], "car_1036": [7, 1], "car_1035": [0, 7], "car_1034": [7, 6], "car_899": [7, 4], "car_898": [2, 4], "car_897": [2, 6], "car_896": [6, 5], "car_895": [7, 6], "car_894": [0, 2], "car_893": [6, 4], "car_892": [0, 2], "car_891": [6, 1], "car_890": [4, 3], "car_419": [0, 7], "car_418": [1, 3], "car_413": [6, 4], "car_412": [4, 6], "car_411": [5, 1], "car_410": [2, 7], "car_417": [6, 2], "car_416": [3, 1], "car_415": [1, 6], "car_414": [0, 1], "car_527": [0, 7], "car_526": [4, 6], "car_525": [3, 5], "car_524": [1, 3], "car_523": [0, 1], "car_522": [4, 3], "car_521": [7, 1], "car_520": [3, 2], "car_529": [6, 2], "car_528": [2, 4], "car_668": [5, 7], "car_669": [1, 5], "car_664": [7, 1], "car_665": [3, 6], "car_666": [4, 2], "car_667": [0, 4], "car_660": [4, 5], "car_661": [0, 6], "car_662": [5, 3], "car_663": [0, 1], "car_798": [3, 2], "car_799": [2, 6], "car_790": [5, 3], "car_791": [4, 0], "car_792": [6, 1], "car_793": [5, 3], "car_794": [7, 1], "car_795": [1, 4], "car_796": [2, 0], "car_797": [1, 4], "car_242": [2, 5], "car_243": [7, 0], "car_240": [1, 5], "car_241": [0, 5], "car_246": [1, 3], "car_247": [3, 5], "car_244": [4, 6], "car_245": [2, 4], "car_248": [0, 2], "car_249": [7, 3], "car_1356": [5, 7], "car_1357": [1, 6], "car_1354": [4, 2], "car_1355": [1, 6], "car_1352": [3, 1], "car_1353": [7, 1], "car_1350": [7, 0], "car_1351": [1, 5], "car_1358": [3, 1], "car_1359": [5, 3], "car_338": [0, 2], "car_339": [5, 1], "car_336": [3, 6], "car_337": [4, 3], "car_334": [4, 7], "car_335": [0, 5], "car_332": [3, 7], "car_333": [3, 7], "car_330": [1, 2], "car_331": [1, 0], "car_1138": [0, 1], "car_1139": [5, 1], "car_1132": [1, 0], "car_1133": [6, 4], "car_1130": [3, 2], "car_1131": [6, 4], "car_1136": [4, 5], "car_1137": [5, 7], "car_1134": [0, 1], "car_1135": [1, 4], "car_1008": [5, 1], "car_1009": [7, 5], "car_1006": [3, 6], "car_1007": [2, 5], "car_1004": [7, 0], "car_1005": [1, 6], "car_1002": [5, 6], "car_1003": [1, 0], "car_1000": [6, 2], "car_1001": [2, 4], "car_36": [1, 0], "car_37": [6, 5], "car_34": [0, 7], "car_35": [3, 2], "car_888": [2, 1], "car_889": [5, 0], "car_30": [5, 4], "car_31": [1, 3], "car_884": [7, 0], "car_885": [3, 1], "car_886": [4, 1], "car_887": [4, 7], "car_880": [1, 0], "car_881": [3, 2], "car_882": [0, 2], "car_883": [2, 6], "car_408": [3, 6], "car_409": [0, 4], "car_400": [5, 6], "car_401": [1, 5], "car_402": [0, 6], "car_403": [0, 1], "car_404": [2, 4], "car_405": [5, 4], "car_406": [7, 1], "car_407": [1, 0], "car_534": [1, 5], "car_535": [2, 0], "car_536": [5, 1], "car_537": [1, 6], "car_530": [0, 1], "car_531": [5, 3], "car_532": [5, 6], "car_533": [7, 0], "car_538": [4, 7], "car_539": [6, 0], "car_659": [5, 4], "car_658": [7, 1], "car_651": [5, 3], "car_650": [1, 2], "car_653": [1, 6], "car_652": [0, 3], "car_655": [0, 7], "car_654": [3, 0], "car_657": [6, 7], "car_656": [4, 3], "car_1349": [3, 6], "car_1348": [1, 0], "car_1341": [2, 7], "car_1340": [0, 5], "car_1343": [3, 5], "car_1342": [5, 6], "car_1345": [5, 6], "car_1344": [4, 1], "car_1347": [7, 1], "car_1346": [5, 7], "car_349": [2, 3], "car_348": [6, 5], "car_343": [5, 4], "car_342": [6, 0], "car_341": [4, 3], "car_340": [1, 2], "car_347": [1, 3], "car_346": [4, 3], "car_345": [1, 3], "car_344": [7, 5], "car_1129": [1, 6], "car_1128": [5, 1], "car_1125": [1, 6], "car_1124": [7, 3], "car_1127": [6, 1], "car_1126": [4, 5], "car_1121": [0, 1], "car_1120": [4, 7], "car_1123": [2, 4], "car_1122": [0, 2], "car_1402": [2, 7], "car_1403": [5, 1], "car_1400": [3, 1], "car_1401": [0, 3], "car_1406": [4, 7], "car_1407": [6, 0], "car_1404": [7, 3], "car_1405": [1, 5], "car_1011": [6, 5], "car_1010": [1, 6], "car_1013": [6, 7], "car_1012": [4, 1], "car_1015": [0, 6], "car_1014": [2, 1], "car_1017": [5, 3], "car_1016": [2, 0], "car_1019": [6, 1], "car_1018": [3, 5], "car_25": [7, 1], "car_24": [5, 0], "car_27": [1, 5], "car_26": [5, 1], "car_21": [2, 4], "car_20": [0, 7], "car_23": [0, 6], "car_22": [7, 5], "car_29": [2, 5], "car_28": [6, 4], "car_435": [3, 6], "car_434": [5, 7], "car_437": [0, 1], "car_436": [6, 4], "car_431": [7, 0], "car_430": [0, 2], "car_433": [6, 0], "car_432": [4, 6], "car_439": [5, 4], "car_438": [2, 1], "car_501": [4, 5], "car_500": [3, 4], "car_503": [2, 3], "car_502": [0, 5], "car_505": [1, 3], "car_504": [5, 1], "car_507": [4, 7], "car_506": [3, 2], "car_509": [2, 7], "car_508": [0, 6], "car_646": [7, 4], "car_647": [4, 3], "car_644": [5, 1], "car_645": [1, 2], "car_642": [0, 2], "car_643": [2, 1], "car_640": [5, 7], "car_641": [7, 6], "car_648": [5, 3], "car_649": [7, 4], "car_1338": [4, 0], "car_1339": [4, 5], "car_1334": [0, 6], "car_1335": [5, 7], "car_1336": [7, 0], "car_1337": [1, 0], "car_1330": [0, 4], "car_1331": [2, 4], "car_1332": [7, 3], "car_1333": [3, 7], "car_358": [1, 5], "car_359": [4, 6], "car_350": [3, 0], "car_351": [4, 6], "car_352": [6, 0], "car_353": [2, 0], "car_354": [7, 4], "car_355": [4, 3], "car_356": [0, 7], "car_357": [5, 6], "car_1240": [6, 1], "car_1241": [0, 3], "car_1242": [2, 5], "car_1243": [5, 0], "car_1244": [0, 1], "car_1245": [2, 7], "car_1246": [7, 6], "car_1247": [3, 4], "car_1248": [2, 1], "car_1249": [7, 3], "car_1064": [1, 4], "car_1065": [0, 6], "car_1066": [3, 7], "car_1067": [0, 5], "car_1060": [3, 2], "car_1061": [4, 2], "car_1062": [6, 7], "car_1063": [7, 6], "car_1068": [7, 1], "car_1069": [5, 4], "car_10": [0, 6], "car_11": [2, 3], "car_12": [7, 2], "car_13": [6, 2], "car_14": [2, 4], "car_15": [6, 2], "car_16": [7, 6], "car_17": [3, 2], "car_18": [4, 2], "car_19": [6, 2], "car_1460": [5, 0], "car_1461": [3, 6], "car_1462": [2, 6], "car_1463": [6, 2], "car_422": [3, 1], "car_423": [4, 5], "car_420": [2, 5], "car_421": [7, 4], "car_426": [2, 1], "car_427": [7, 2], "car_424": [5, 2], "car_425": [6, 5], "car_428": [4, 0], "car_429": [6, 3], "car_518": [5, 7], "car_519": [7, 1], "car_516": [6, 1], "car_517": [0, 5], "car_514": [6, 0], "car_515": [0, 4], "car_512": [7, 6], "car_513": [1, 3], "car_510": [2, 0], "car_511": [0, 4], "car_633": [6, 4], "car_632": [6, 2], "car_631": [0, 5], "car_630": [3, 5], "car_637": [2, 7], "car_636": [3, 6], "car_635": [1, 6], "car_634": [0, 2], "car_639": [6, 3], "car_638": [5, 0], "car_189": [0, 3], "car_188": [3, 2], "car_185": [7, 6], "car_184": [5, 7], "car_187": [7, 1], "car_186": [6, 0], "car_181": [3, 0], "car_180": [5, 7], "car_183": [1, 7], "car_182": [1, 2], "car_749": [0, 6], "car_748": [4, 6], "car_747": [5, 0], "car_746": [2, 3], "car_745": [3, 6], "car_744": [2, 4], "car_743": [6, 7], "car_742": [4, 0], "car_741": [3, 7], "car_740": [1, 2], "car_299": [7, 0], "car_298": [5, 3], "car_291": [5, 4], "car_290": [6, 0], "car_293": [4, 7], "car_292": [7, 2], "car_295": [0, 6], "car_294": [6, 2], "car_297": [6, 2], "car_296": [2, 1], "car_1329": [3, 2], "car_1328": [4, 5], "car_1327": [7, 1], "car_1326": [0, 7], "car_1325": [0, 7], "car_1324": [4, 6], "car_1323": [7, 5], "car_1322": [5, 3], "car_1321": [2, 0], "car_1320": [6, 5], "car_365": [3, 0], "car_364": [1, 5], "car_367": [6, 4], "car_366": [4, 1], "car_361": [4, 0], "car_360": [2, 3], "car_363": [7, 0], "car_362": [2, 4], "car_369": [6, 4], "car_368": [0, 6], "car_167": [0, 4], "car_166": [3, 7], "car_165": [1, 7], "car_164": [2, 3], "car_163": [6, 1], "car_162": [4, 1], "car_161": [5, 2], "car_160": [4, 3], "car_169": [5, 4], "car_168": [2, 1], "car_1253": [3, 5], "car_1252": [1, 2], "car_1251": [4, 7], "car_1250": [1, 0], "car_1257": [0, 3], "car_1256": [4, 1], "car_1255": [1, 5], "car_1254": [4, 7], "car_1259": [4, 2], "car_1258": [1, 6], "car_1077": [3, 7], "car_1076": [2, 6], "car_1075": [5, 2], "car_1074": [0, 6], "car_1073": [4, 6], "car_1072": [1, 6], "car_1071": [7, 1], "car_1070": [3, 5], "car_1079": [1, 0], "car_1078": [7, 3], "car_985": [7, 5], "car_984": [1, 5], "car_987": [4, 6], "car_986": [1, 2], "car_981": [1, 5], "car_980": [2, 4], "car_983": [0, 3], "car_982": [4, 5], "car_989": [0, 2], "car_988": [6, 5], "car_569": [0, 7], "car_568": [5, 3], "car_563": [5, 1], "car_562": [0, 1], "car_561": [4, 7], "car_560": [7, 6], "car_567": [1, 4], "car_566": [7, 6], "car_565": [5, 0], "car_564": [7, 5], "car_620": [4, 6], "car_621": [6, 7], "car_622": [3, 4], "car_623": [5, 0], "car_624": [2, 4], "car_625": [1, 6], "car_626": [4, 3], "car_627": [2, 7], "car_628": [5, 6], "car_629": [7, 6], "car_198": [6, 5], "car_199": [0, 1], "car_192": [7, 6], "car_193": [3, 6], "car_190": [2, 7], "car_191": [5, 6], "car_196": [4, 0], "car_197": [3, 4], "car_194": [3, 2], "car_195": [1, 4], "car_758": [7, 6], "car_759": [6, 3], "car_754": [2, 4], "car_755": [2, 6], "car_756": [3, 5], "car_757": [0, 4], "car_750": [2, 3], "car_751": [5, 1], "car_752": [6, 2], "car_753": [5, 7], "car_286": [2, 6], "car_287": [4, 3], "car_284": [7, 1], "car_285": [3, 5], "car_282": [2, 7], "car_283": [2, 4], "car_280": [4, 5], "car_281": [0, 1], "car_288": [2, 4], "car_289": [5, 3], "car_1312": [5, 2], "car_1313": [4, 7], "car_1310": [7, 2], "car_1311": [0, 2], "car_1316": [0, 5], "car_1317": [5, 0], "car_1314": [3, 0], "car_1315": [4, 7], "car_1318": [7, 3], "car_1319": [4, 0], "car_372": [3, 2], "car_373": [6, 0], "car_370": [0, 4], "car_371": [7, 6], "car_376": [5, 4], "car_377": [7, 2], "car_374": [0, 5], "car_375": [2, 1], "car_378": [1, 5], "car_379": [4, 7], "car_174": [1, 0], "car_175": [2, 4], "car_176": [7, 0], "car_177": [3, 7], "car_170": [6, 5], "car_171": [4, 0], "car_172": [6, 3], "car_173": [5, 6], "car_178": [2, 7], "car_179": [5, 2], "car_1266": [7, 0], "car_1267": [3, 7], "car_1264": [4, 1], "car_1265": [0, 6], "car_1262": [1, 7], "car_1263": [3, 0], "car_1260": [7, 4], "car_1261": [0, 1], "car_1268": [6, 5], "car_1269": [3, 7], "car_1048": [3, 1], "car_1049": [6, 4], "car_1042": [2, 5], "car_1043": [5, 7], "car_1040": [3, 7], "car_1041": [4, 3], "car_1046": [2, 3], "car_1047": [5, 4], "car_1044": [4, 3], "car_1045": [0, 2], "car_78": [2, 5], "car_79": [1, 2], "car_72": [3, 2], "car_73": [4, 7], "car_70": [7, 2], "car_71": [1, 7], "car_76": [3, 0], "car_77": [0, 6], "car_74": [6, 7], "car_75": [5, 0], "car_992": [1, 0], "car_993": [0, 7], "car_990": [4, 5], "car_991": [0, 2], "car_996": [7, 2], "car_997": [1, 0], "car_994": [2, 4], "car_995": [5, 2], "car_998": [3, 7], "car_999": [4, 0], "car_1448": [1, 0], "car_1449": [3, 2], "car_1446": [6, 0], "car_1447": [6, 3], "car_1444": [6, 2], "car_1445": [3, 4], "car_1442": [7, 3], "car_1443": [0, 2], "car_1440": [5, 1], "car_1441": [6, 0], "car_578": [0, 7], "car_579": [2, 3], "car_553": [3, 2], "car_570": [1, 4], "car_571": [5, 2], "car_572": [6, 3], "car_573": [7, 2], "car_574": [3, 4], "car_806": [6, 4], "car_576": [6, 2], "car_577": [0, 4], "car_807": [2, 3], "car_800": [3, 7], "car_801": [6, 1], "car_802": [0, 4], "car_803": [5, 7], "car_619": [3, 4], "car_618": [1, 4], "car_615": [5, 4], "car_614": [0, 4], "car_617": [2, 7], "car_616": [7, 3], "car_611": [2, 5], "car_610": [7, 4], "car_613": [6, 5], "car_612": [1, 2], "car_769": [2, 4], "car_768": [3, 7], "car_761": [4, 1], "car_760": [5, 1], "car_763": [2, 0], "car_762": [6, 1], "car_765": [4, 5], "car_764": [2, 3], "car_767": [7, 0], "car_766": [2, 5], "car_575": [0, 5], "car_1305": [0, 6], "car_1304": [1, 3], "car_1307": [4, 7], "car_1306": [5, 3], "car_1301": [2, 3], "car_1300": [0, 3], "car_1303": [4, 1], "car_1302": [1, 7], "car_1309": [5, 3], "car_1308": [2, 5], "car_389": [2, 0], "car_388": [6, 2], "car_387": [1, 3], "car_386": [7, 4], "car_385": [6, 5], "car_384": [4, 6], "car_383": [2, 1], "car_382": [1, 4], "car_381": [5, 0], "car_380": [0, 5], "car_141": [0, 2], "car_140": [7, 3], "car_143": [1, 2], "car_142": [7, 6], "car_145": [4, 0], "car_144": [2, 0], "car_147": [7, 2], "car_146": [2, 4], "car_149": [4, 1], "car_148": [3, 6], "car_1279": [7, 2], "car_1278": [5, 6], "car_1271": [0, 4], "car_1270": [4, 5], "car_1273": [4, 2], "car_1272": [7, 5], "car_1275": [3, 1], "car_1274": [6, 2], "car_1277": [2, 6], "car_1276": [6, 0], "car_1059": [1, 7], "car_1058": [5, 0], "car_1055": [0, 7], "car_1054": [6, 4], "car_1057": [0, 5], "car_1056": [2, 0], "car_1051": [0, 3], "car_1050": [7, 0], "car_1053": [1, 3], "car_1052": [7, 5], "car_69": [0, 4], "car_68": [4, 2], "car_61": [5, 2], "car_60": [0, 6], "car_63": [4, 0], "car_62": [7, 3], "car_65": [1, 6], "car_64": [5, 7], "car_67": [7, 6], "car_66": [0, 5], "car_969": [3, 7], "car_968": [1, 0], "car_967": [7, 5], "car_966": [5, 3], "car_965": [7, 1], "car_964": [5, 3], "car_963": [5, 6], "car_962": [5, 0], "car_961": [6, 1], "car_960": [4, 0], "car_1451": [6, 2], "car_1450": [4, 7], "car_1453": [7, 5], "car_1452": [2, 0], "car_1455": [6, 4], "car_1454": [3, 5], "car_1457": [5, 6], "car_1456": [2, 7], "car_1459": [6, 5], "car_1458": [1, 2], "car_545": [5, 6], "car_544": [6, 5], "car_547": [2, 7], "car_546": [1, 7], "car_541": [2, 5], "car_540": [0, 2], "car_543": [4, 5], "car_542": [3, 1], "car_549": [4, 3], "car_548": [1, 0], "car_819": [0, 4], "car_818": [4, 2], "car_33": [0, 2], "car_608": [6, 2], "car_609": [2, 4], "car_602": [0, 2], "car_603": [3, 7], "car_600": [7, 6], "car_601": [3, 5], "car_606": [5, 2], "car_607": [7, 6], "car_604": [0, 6], "car_605": [7, 0], "car_776": [7, 6], "car_777": [4, 6], "car_774": [3, 4], "car_775": [4, 1], "car_772": [5, 3], "car_773": [7, 5], "car_770": [3, 2], "car_771": [0, 7], "car_778": [6, 4], "car_779": [3, 7], "car_398": [3, 4], "car_399": [4, 1], "car_394": [0, 1], "car_395": [7, 5], "car_396": [2, 7], "car_397": [1, 3], "car_390": [3, 0], "car_391": [4, 5], "car_392": [2, 4], "car_393": [4, 1], "car_158": [7, 6], "car_159": [1, 4], "car_156": [2, 5], "car_157": [5, 7], "car_154": [0, 2], "car_155": [3, 1], "car_152": [4, 6], "car_153": [6, 5], "car_150": [2, 0], "car_151": [5, 0], "car_1208": [0, 7], "car_1209": [5, 0], "car_1204": [7, 1], "car_1205": [5, 2], "car_1206": [7, 0], "car_1207": [4, 5], "car_1200": [1, 6], "car_1201": [2, 7], "car_1202": [3, 5], "car_1203": [2, 0], "car_1198": [7, 3], "car_1199": [2, 0], "car_1194": [4, 3], "car_1195": [6, 3], "car_1196": [1, 2], "car_1197": [0, 2], "car_1190": [2, 1], "car_1191": [7, 4], "car_1192": [0, 5], "car_1193": [5, 7], "car_978": [3, 7], "car_979": [4, 2], "car_974": [2, 0], "car_975": [1, 6], "car_976": [3, 4], "car_977": [7, 2], "car_970": [0, 5], "car_971": [7, 2], "car_972": [4, 2], "car_973": [0, 7], "car_1424": [4, 3], "car_1425": [2, 1], "car_1426": [5, 7], "car_1427": [7, 0], "car_1420": [4, 5], "car_1421": [3, 4], "car_1422": [5, 4], "car_1423": [3, 5], "car_1428": [1, 3], "car_1429": [2, 0], "car_54": [2, 1], "car_55": [6, 0], "car_56": [0, 2], "car_57": [4, 0], "car_50": [2, 1], "car_51": [7, 6], "car_52": [3, 5], "car_53": [7, 4], "car_58": [0, 3], "car_59": [1, 7], "car_552": [5, 1], "car_805": [3, 0], "car_550": [0, 6], "car_551": [7, 4], "car_556": [6, 3], "car_557": [5, 7], "car_554": [4, 7], "car_555": [3, 0], "car_558": [7, 2], "car_559": [2, 6], "car_808": [5, 6], "car_809": [1, 5], "car_703": [4, 2], "car_702": [5, 6], "car_701": [4, 3], "car_700": [3, 5], "car_707": [4, 7], "car_706": [1, 2], "car_705": [2, 1], "car_704": [4, 1], "car_709": [1, 7], "car_708": [5, 3], "car_129": [4, 3], "car_128": [0, 6], "car_123": [0, 7], "car_122": [6, 0], "car_121": [4, 2], "car_120": [1, 0], "car_127": [1, 7], "car_126": [7, 4], "car_125": [5, 4], "car_124": [0, 7], "car_1219": [4, 0], "car_1218": [3, 0], "car_1217": [7, 3], "car_1216": [0, 7], "car_1215": [6, 1], "car_1214": [4, 1], "car_1213": [3, 2], "car_1212": [2, 6], "car_1211": [4, 2], "car_1210": [7, 4], "car_1415": [0, 1], "car_1414": [0, 7], "car_1417": [1, 0], "car_1416": [5, 1], "car_1411": [1, 7], "car_1410": [7, 2], "car_237": [7, 1], "car_236": [0, 3], "car_235": [4, 3], "car_234": [1, 2], "car_233": [2, 1], "car_232": [0, 3], "car_231": [4, 5], "car_230": [1, 2], "car_1412": [4, 1], "car_239": [2, 0], "car_238": [6, 7], "car_1189": [6, 0], "car_1188": [3, 5], "car_1187": [6, 7], "car_1186": [4, 5], "car_1185": [1, 2], "car_1184": [7, 5], "car_1183": [0, 4], "car_1182": [6, 7], "car_1181": [7, 0], "car_1180": [2, 3], "car_949": [0, 4], "car_948": [4, 2], "car_941": [4, 2], "car_940": [5, 2], "car_943": [0, 4], "car_942": [6, 0], "car_945": [7, 3], "car_944": [5, 1], "car_947": [4, 7], "car_946": [1, 4], "car_1437": [3, 2], "car_1436": [5, 1], "car_1435": [2, 4], "car_1434": [3, 2], "car_1433": [7, 2], "car_1432": [0, 5], "car_1431": [2, 3], "car_1430": [3, 6], "car_1439": [6, 1], "car_1438": [4, 3], "car_493": [6, 4], "car_492": [5, 0], "car_491": [4, 5], "car_490": [5, 2], "car_497": [7, 4], "car_496": [0, 5], "car_495": [7, 0], "car_494": [5, 1], "car_499": [5, 7], "car_498": [2, 7], "car_43": [4, 3], "car_42": [2, 3], "car_41": [2, 6], "car_40": [4, 1], "car_47": [1, 6], "car_46": [7, 2], "car_45": [6, 7], "car_44": [3, 4], "car_49": [3, 2], "car_48": [1, 0], "car_831": [3, 4], "car_830": [1, 6], "car_833": [2, 6], "car_832": [0, 1], "car_835": [4, 2], "car_834": [1, 2], "car_837": [5, 6], "car_836": [0, 4], "car_839": [6, 3], "car_838": [6, 5], "car_710": [4, 2], "car_711": [5, 3], "car_712": [4, 2], "car_713": [2, 7], "car_714": [4, 1], "car_715": [5, 1], "car_716": [1, 4], "car_717": [6, 5], "car_718": [7, 1], "car_719": [3, 1], "car_138": [0, 1], "car_139": [2, 1], "car_130": [0, 4], "car_131": [2, 3], "car_132": [5, 3], "car_133": [4, 7], "car_134": [0, 6], "car_135": [2, 7], "car_136": [3, 5], "car_137": [0, 7], "car_1222": [3, 6], "car_1223": [4, 2], "car_1220": [2, 4], "car_1221": [5, 1], "car_1226": [3, 5], "car_1227": [0, 6], "car_1224": [6, 7], "car_1225": [5, 2], "car_1228": [0, 3], "car_1229": [1, 4], "car_224": [1, 7], "car_225": [3, 4], "car_226": [3, 7], "car_227": [5, 4], "car_220": [2, 5], "car_221": [5, 1], "car_222": [6, 3], "car_223": [7, 4], "car_228": [4, 7], "car_229": [6, 4], "car_1086": [6, 5], "car_1087": [2, 1], "car_1084": [3, 6], "car_1085": [4, 5], "car_1082": [4, 1], "car_1083": [2, 5], "car_1080": [4, 0], "car_1081": [6, 1], "car_1088": [2, 7], "car_1089": [5, 3], "car_956": [0, 6], "car_957": [2, 4], "car_954": [5, 2], "car_955": [1, 2], "car_952": [3, 2], "car_953": [4, 2], "car_950": [7, 0], "car_951": [1, 2], "car_958": [1, 5], "car_959": [3, 6], "car_1158": [6, 7], "car_1159": [0, 3], "car_1408": [0, 3], "car_1409": [5, 0], "car_1150": [0, 6], "car_1151": [7, 1], "car_1152": [1, 5], "car_1153": [3, 6], "car_1154": [6, 7], "car_1155": [0, 6], "car_1156": [2, 1], "car_1157": [1, 4], "car_480": [0, 2], "car_481": [7, 3], "car_482": [3, 1], "car_483": [4, 7], "car_484": [6, 3], "car_485": [4, 6], "car_486": [0, 1], "car_487": [3, 1], "car_488": [4, 3], "car_489": [6, 1], "car_853": [5, 7], "car_852": [2, 1], "car_851": [0, 5], "car_582": [5, 6], "car_857": [0, 2], "car_856": [4, 6], "car_855": [3, 5], "car_854": [1, 3], "car_828": [7, 5], "car_829": [0, 5], "car_826": [6, 1], "car_827": [5, 2], "car_824": [0, 5], "car_825": [3, 4], "car_822": [4, 6], "car_823": [6, 2], "car_820": [5, 2], "car_821": [7, 0], "car_729": [6, 5], "car_728": [3, 0], "car_725": [5, 6], "car_724": [2, 4], "car_727": [7, 5], "car_726": [2, 7], "car_721": [5, 4], "car_720": [4, 5], "car_723": [4, 3], "car_722": [3, 0], "car_105": [0, 5], "car_104": [4, 3], "car_107": [2, 6], "car_106": [7, 3], "car_101": [4, 3], "car_100": [3, 4], "car_103": [3, 4], "car_102": [5, 2], "car_109": [3, 1], "car_108": [7, 4], "car_1235": [5, 0], "car_1234": [3, 4], "car_1237": [5, 7], "car_1236": [7, 0], "car_1231": [5, 0], "car_1230": [0, 5], "car_1233": [1, 0], "car_1232": [7, 4], "car_1239": [4, 5], "car_1238": [1, 7], "car_211": [5, 6], "car_210": [2, 1], "car_213": [6, 5], "car_212": [3, 0], "car_215": [6, 0], "car_214": [0, 5], "car_217": [7, 6], "car_216": [0, 2], "car_219": [3, 6], "car_218": [1, 6], "car_923": [7, 1], "car_922": [5, 6], "car_921": [2, 5], "car_920": [0, 3], "car_927": [4, 1], "car_926": [5, 3], "car_925": [2, 3], "car_924": [3, 4], "car_929": [0, 3], "car_928": [6, 5], "car_1149": [6, 0], "car_1148": [2, 1], "car_1419": [0, 5], "car_1418": [6, 7], "car_1143": [7, 0], "car_1142": [6, 4], "car_1141": [3, 0], "car_1140": [1, 5], "car_1147": [0, 7], "car_1146": [4, 3], "car_1145": [3, 7], "car_1144": [1, 0], "car_1099": [4, 7], "car_1098": [3, 1], "car_1091": [4, 7], "car_1090": [7, 4], "car_1093": [1, 6], "car_1092": [7, 2], "car_1095": [6, 4], "car_1094": [5, 0], "car_1097": [1, 5], "car_1096": [7, 2], "car_589": [3, 0], "car_588": [5, 4], "car_859": [0, 2], "car_858": [2, 1], "car_581": [4, 5], "car_580": [3, 2], "car_583": [6, 1], "car_850": [4, 2], "car_585": [3, 6], "car_584": [2, 0], "car_587": [6, 4], "car_586": [7, 0], "car_457": [0, 5], "car_456": [1, 4], "car_455": [5, 6], "car_454": [5, 6], "car_453": [5, 7], "car_452": [2, 3], "car_451": [3, 5], "car_450": [2, 3], "car_459": [1, 3], "car_458": [2, 0], "car_738": [3, 2], "car_739": [4, 1], "car_733": [2, 0], "car_732": [4, 2], "car_32": [3, 6], "car_730": [0, 2], "car_731": [5, 1], "car_736": [0, 3], "car_737": [2, 6], "car_734": [1, 6], "car_735": [6, 0], "car_38": [5, 4], "car_39": [0, 2], "car_112": [0, 3], "car_113": [4, 2], "car_110": [4, 7], "car_111": [6, 4], "car_116": [7, 2], "car_117": [1, 3], "car_114": [6, 5], "car_115": [6, 0], "car_118": [3, 6], "car_119": [0, 7], "car_208": [3, 2], "car_209": [6, 5], "car_206": [2, 7], "car_207": [7, 0], "car_204": [5, 1], "car_205": [1, 3], "car_202": [4, 3], "car_203": [6, 1], "car_200": [2, 4], "car_201": [7, 5], "car_1398": [6, 4], "car_1399": [0, 1], "car_1392": [1, 7], "car_1393": [4, 0], "car_1390": [2, 7], "car_1391": [7, 3], "car_1396": [3, 1], "car_1397": [4, 7], "car_1394": [7, 5], "car_1395": [4, 2], "car_930": [2, 6], "car_931": [5, 6], "car_932": [7, 2], "car_933": [1, 5], "car_934": [6, 2], "car_935": [0, 3], "car_936": [1, 2], "car_937": [6, 2], "car_938": [7, 3], "car_939": [6, 2], "car_6": [0, 1], "car_7": [2, 0], "car_4": [6, 0], "car_5": [7, 6], "car_2": [3, 0], "car_3": [4, 0], "car_1178": [5, 6], "car_1": [1, 3], "car_1176": [0, 5], "car_1177": [2, 5], "car_1174": [1, 5], "car_1175": [2, 4], "car_1172": [0, 4], "car_1173": [5, 7], "car_8": [5, 0], "car_9": [3, 4], "car_98": [3, 7], "car_99": [7, 3], "car_90": [0, 4], "car_91": [7, 3], "car_92": [2, 0], "car_93": [5, 1], "car_94": [4, 1], "car_95": [6, 1], "car_96": [6, 3], "car_97": [2, 3], "car_596": [2, 3], "car_597": [4, 5], "car_594": [3, 0], "car_595": [6, 1], "car_592": [7, 3], "car_593": [1, 2], "car_590": [4, 0], "car_591": [4, 0], "car_598": [0, 5], "car_599": [2, 0], "car_848": [2, 4], "car_849": [5, 2], "car_840": [1, 5], "car_841": [6, 1], "car_842": [7, 0], "car_843": [1, 5], "car_844": [3, 5], "car_845": [5, 2], "car_846": [1, 4], "car_847": [4, 5], "car_444": [1, 5], "car_445": [3, 0], "car_446": [0, 6], "car_447": [7, 6], "car_440": [3, 0], "car_441": [7, 3], "car_442": [0, 1], "car_443": [5, 6], "car_448": [1, 6], "car_449": [4, 3], "car_695": [1, 7], "car_694": [5, 1], "car_697": [5, 6], "car_696": [3, 5], "car_691": [4, 5], "car_690": [7, 6], "car_693": [0, 7], "car_692": [6, 0], "car_699": [1, 4], "car_698": [7, 2], "car_279": [5, 3], "car_278": [6, 2], "car_273": [4, 0], "car_272": [3, 1], "car_271": [0, 7], "car_270": [7, 4], "car_277": [3, 1], "car_276": [7, 6], "car_275": [0, 6], "car_274": [7, 2], "car_1389": [4, 1], "car_1388": [3, 0], "car_1385": [3, 7], "car_1384": [7, 5], "car_1387": [0, 6], "car_1386": [6, 3], "car_1381": [0, 4], "car_1380": [3, 5], "car_1383": [5, 7], "car_1382": [2, 7], "car_307": [1, 4], "car_306": [5, 0], "car_305": [6, 1], "car_304": [7, 6], "car_303": [2, 0], "car_302": [6, 0], "car_301": [5, 7], "car_300": [2, 7], "car_804": [7, 2], "car_309": [1, 4], "car_308": [4, 0], "car_909": [3, 1], "car_908": [1, 0], "car_905": [4, 7], "car_904": [2, 3], "car_907": [6, 4], "car_906": [4, 1], "car_901": [4, 3], "car_900": [1, 6], "car_903": [7, 5], "car_902": [6, 1], "car_1161": [3, 7], "car_1160": [2, 0], "car_1163": [5, 2], "car_1162": [0, 3], "car_1165": [1, 7], "car_1164": [4, 0], "car_1167": [3, 4], "car_1166": [5, 4], "car_1169": [5, 7], "car_1168": [2, 5], "car_87": [2, 4], "car_86": [0, 6], "car_85": [6, 0], "car_84": [7, 0], "car_83": [5, 1], "car_82": [6, 5], "car_81": [4, 1], "car_80": [3, 7], "car_89": [1, 7], "car_88": [3, 5], "car_875": [4, 2], "car_874": [5, 4], "car_877": [2, 6], "car_876": [6, 1], "car_871": [4, 6], "car_870": [2, 7], "car_873": [2, 5], "car_872": [0, 4], "car_879": [7, 6], "car_878": [5, 4], "car_471": [7, 3], "car_470": [2, 4], "car_473": [6, 7], "car_472": [1, 5], "car_475": [1, 3], "car_474": [7, 2], "car_477": [2, 1], "car_476": [0, 1], "car_479": [1, 3], "car_478": [7, 1], "car_682": [1, 4], "car_683": [0, 3], "car_680": [4, 7], "car_681": [2, 7], "car_686": [1, 6], "car_687": [3, 7], "car_684": [2, 1], "car_685": [7, 2], "car_688": [6, 0], "car_689": [2, 3], "car_268": [0, 1], "car_269": [5, 6], "car_260": [5, 7], "car_261": [7, 4], "car_262": [2, 4], "car_263": [1, 3], "car_264": [1, 2], "car_265": [4, 5], "car_266": [0, 6], "car_267": [3, 6], "car_1370": [6, 1], "car_1371": [2, 7], "car_1372": [7, 6], "car_1373": [3, 1], "car_1374": [5, 1], "car_1375": [7, 3], "car_1376": [4, 0], "car_1377": [6, 3], "car_1378": [7, 1], "car_1379": [1, 5], "car_314": [6, 3], "car_315": [5, 2], "car_316": [7, 4], "car_317": [2, 3], "car_310": [3, 7], "car_311": [0, 5], "car_312": [1, 4], "car_313": [4, 6], "car_318": [7, 1], "car_319": [0, 1], "car_918": [2, 5], "car_919": [5, 7], "car_912": [1, 3], "car_913": [0, 4], "car_910": [2, 7], "car_911": [7, 0], "car_916": [6, 2], "car_917": [0, 4], "car_914": [2, 1], "car_915": [5, 7], "car_1114": [0, 2], "car_1115": [7, 3], "car_1116": [5, 2], "car_1117": [4, 5], "car_1110": [0, 2], "car_1111": [2, 3], "car_1112": [1, 7], "car_1113": [6, 0], "car_1118": [0, 3], "car_1119": [1, 3], "car_1284": [1, 4], "car_1285": [3, 0], "car_1286": [7, 1], "car_1287": [0, 5], "car_1280": [0, 1], "car_1281": [2, 6], "car_1282": [5, 1], "car_1283": [0, 1], "car_1288": [2, 5], "car_1289": [4, 3], "car_1028": [7, 0], "car_1029": [4, 5], "car_1020": [6, 2], "car_1021": [0, 1], "car_1022": [7, 6], "car_1023": [1, 6], "car_1024": [0, 1], "car_1025": [7, 6], "car_1026": [4, 3], "car_1027": [2, 0], "car_862": [5, 4], "car_863": [4, 0], "car_860": [3, 6], "car_861": [6, 7], "car_866": [0, 4], "car_867": [6, 5], "car_864": [3, 2], "car_865": [6, 7], "car_868": [0, 2], "car_869": [5, 2]}