<routes>

	<vType id="car5" accel="100.0" decel="100.0" sigma="0.0" length="5" minGap="5.000000" maxSpeed="11.180000" tau="0.100000" carFollowModel="CACC" color="255,255,255"/>
	<vType id="car6" accel="100.0" decel="100.0" sigma="0.0" length="6" minGap="5.000000" maxSpeed="11.180000" tau="0.100000" carFollowModel="CACC" color="255,255,255"/>
	<vType id="car7" accel="100.0" decel="100.0" sigma="0.0" length="7" minGap="5.000000" maxSpeed="11.180000" tau="0.100000" carFollowModel="CACC" color="255,255,255"/>
	<vType id="car8" accel="100.0" decel="100.0" sigma="0.0" length="8" minGap="5.000000" maxSpeed="11.180000" tau="0.100000" carFollowModel="CACC" color="255,255,255"/>
	<vType id="car9" accel="100.0" decel="100.0" sigma="0.0" length="9" minGap="5.000000" maxSpeed="11.180000" tau="0.100000" carFollowModel="CACC" color="255,255,255"/>

	<route id="0" edges=" 001_001_1"/>
	<route id="2" edges=" 001_002_2"/>
	<route id="5" edges=" 002_001_3"/>
	<route id="7" edges=" 001_001_4"/>
	<route id="1" edges=" 001_002_1"/>
	<route id="3" edges=" 002_002_2"/>
	<route id="4" edges=" 002_002_3"/>
	<route id="6" edges=" 002_001_4"/>

	<vehicle id="car_0" type="car5" route="5" depart="0" departLane = "2" departSpeed="11.180000"/>
	<vehicle id="car_1" type="car5" route="6" depart="1" departLane = "1" departSpeed="11.180000"/>
	<vehicle id="car_2" type="car6" route="3" depart="2" departLane = "0" departSpeed="11.180000"/>
	<vehicle id="car_3" type="car9" route="4" depart="8" departLane = "2" departSpeed="11.180000"/>
	<vehicle id="car_4" type="car8" route="2" depart="9" departLane = "0" departSpeed="11.180000"/>
	<vehicle id="car_5" type="car6" route="7" depart="10" departLane = "0" departSpeed="11.180000"/>
	<vehicle id="car_6" type="car9" route="1" depart="10" departLane = "0" departSpeed="11.180000"/>
	<vehicle id="car_7" type="car6" route="3" depart="10" departLane = "2" departSpeed="11.180000"/>
	<vehicle id="car_8" type="car9" route="2" depart="11" departLane = "0" departSpeed="11.180000"/>
	<vehicle id="car_9" type="car7" route="6" depart="11" departLane = "2" departSpeed="11.180000"/>
	<vehicle id="car_10" type="car7" route="1" depart="14" departLane = "0" departSpeed="11.180000"/>
	<vehicle id="car_11" type="car5" route="3" depart="14" departLane = "0" departSpeed="11.180000"/>
	<vehicle id="car_12" type="car5" route="1" depart="16" departLane = "1" departSpeed="11.180000"/>
	<vehicle id="car_13" type="car5" route="6" depart="16" departLane = "0" departSpeed="11.180000"/>
	<vehicle id="car_14" type="car7" route="7" depart="18" departLane = "1" departSpeed="11.180000"/>
	<vehicle id="car_15" type="car9" route="1" depart="18" departLane = "1" departSpeed="11.180000"/>
	<vehicle id="car_16" type="car8" route="5" depart="19" departLane = "0" departSpeed="11.180000"/>
	<vehicle id="car_17" type="car7" route="3" depart="19" departLane = "1" departSpeed="11.180000"/>
	<vehicle id="car_18" type="car6" route="6" depart="19" departLane = "1" departSpeed="11.180000"/>
	<vehicle id="car_19" type="car8" route="0" depart="20" departLane = "0" departSpeed="11.180000"/>
	<vehicle id="car_20" type="car9" route="6" depart="20" departLane = "1" departSpeed="11.180000"/>
	<vehicle id="car_21" type="car8" route="2" depart="21" departLane = "2" departSpeed="11.180000"/>
	<vehicle id="car_22" type="car6" route="4" depart="23" departLane = "2" departSpeed="11.180000"/>
	<vehicle id="car_23" type="car5" route="0" depart="24" departLane = "2" departSpeed="11.180000"/>
	<vehicle id="car_24" type="car7" route="3" depart="25" departLane = "2" departSpeed="11.180000"/>
	<vehicle id="car_25" type="car7" route="6" depart="26" departLane = "2" departSpeed="11.180000"/>
	<vehicle id="car_26" type="car7" route="7" depart="29" departLane = "2" departSpeed="11.180000"/>
	<vehicle id="car_27" type="car9" route="3" depart="29" departLane = "2" departSpeed="11.180000"/>
	<vehicle id="car_28" type="car5" route="0" depart="32" departLane = "1" departSpeed="11.180000"/>
	<vehicle id="car_29" type="car5" route="0" depart="33" departLane = "2" departSpeed="11.180000"/>
	<vehicle id="car_30" type="car7" route="1" depart="34" departLane = "2" departSpeed="11.180000"/>
	<vehicle id="car_31" type="car9" route="4" depart="35" departLane = "0" departSpeed="11.180000"/>
	<vehicle id="car_32" type="car8" route="7" depart="36" departLane = "1" departSpeed="11.180000"/>
	<vehicle id="car_33" type="car7" route="5" depart="38" departLane = "0" departSpeed="11.180000"/>
	<vehicle id="car_34" type="car6" route="5" depart="39" departLane = "0" departSpeed="11.180000"/>
	<vehicle id="car_35" type="car6" route="7" depart="43" departLane = "1" departSpeed="11.180000"/>
	<vehicle id="car_36" type="car5" route="4" depart="44" departLane = "0" departSpeed="11.180000"/>
	<vehicle id="car_37" type="car5" route="0" depart="46" departLane = "2" departSpeed="11.180000"/>
	<vehicle id="car_38" type="car5" route="0" depart="49" departLane = "2" departSpeed="11.180000"/>
	<vehicle id="car_39" type="car6" route="1" depart="49" departLane = "2" departSpeed="11.180000"/>
	<vehicle id="car_40" type="car9" route="5" depart="50" departLane = "1" departSpeed="11.180000"/>
	<vehicle id="car_41" type="car5" route="2" depart="51" departLane = "2" departSpeed="11.180000"/>
	<vehicle id="car_42" type="car6" route="7" depart="52" departLane = "1" departSpeed="11.180000"/>
	<vehicle id="car_43" type="car7" route="4" depart="55" departLane = "0" departSpeed="11.180000"/>
	<vehicle id="car_44" type="car8" route="3" depart="56" departLane = "2" departSpeed="11.180000"/>
	<vehicle id="car_45" type="car5" route="6" depart="56" departLane = "0" departSpeed="11.180000"/>
	<vehicle id="car_46" type="car9" route="6" depart="63" departLane = "0" departSpeed="11.180000"/>
	<vehicle id="car_47" type="car7" route="6" depart="64" departLane = "0" departSpeed="11.180000"/>
	<vehicle id="car_48" type="car7" route="5" depart="65" departLane = "2" departSpeed="11.180000"/>
	<vehicle id="car_49" type="car8" route="2" depart="67" departLane = "0" departSpeed="11.180000"/>
	<vehicle id="car_50" type="car9" route="1" depart="68" departLane = "2" departSpeed="11.180000"/>
	<vehicle id="car_51" type="car7" route="0" depart="70" departLane = "0" departSpeed="11.180000"/>
	<vehicle id="car_52" type="car8" route="0" depart="71" departLane = "1" departSpeed="11.180000"/>
	<vehicle id="car_53" type="car6" route="5" depart="73" departLane = "2" departSpeed="11.180000"/>
	<vehicle id="car_54" type="car7" route="6" depart="73" departLane = "1" departSpeed="11.180000"/>
	<vehicle id="car_55" type="car7" route="7" depart="74" departLane = "2" departSpeed="11.180000"/>
	<vehicle id="car_56" type="car6" route="6" depart="74" departLane = "2" departSpeed="11.180000"/>
	<vehicle id="car_57" type="car6" route="1" depart="75" departLane = "0" departSpeed="11.180000"/>
	<vehicle id="car_58" type="car7" route="2" depart="76" departLane = "1" departSpeed="11.180000"/>
	<vehicle id="car_59" type="car8" route="7" depart="78" departLane = "2" departSpeed="11.180000"/>
	<vehicle id="car_60" type="car6" route="6" depart="79" departLane = "2" departSpeed="11.180000"/>
	<vehicle id="car_61" type="car7" route="5" depart="86" departLane = "0" departSpeed="11.180000"/>
	<vehicle id="car_62" type="car7" route="2" depart="87" departLane = "1" departSpeed="11.180000"/>
	<vehicle id="car_63" type="car5" route="7" depart="87" departLane = "0" departSpeed="11.180000"/>
	<vehicle id="car_64" type="car6" route="3" depart="87" departLane = "1" departSpeed="11.180000"/>
	<vehicle id="car_65" type="car5" route="0" depart="93" departLane = "2" departSpeed="11.180000"/>
	<vehicle id="car_66" type="car9" route="1" depart="93" departLane = "0" departSpeed="11.180000"/>
	<vehicle id="car_67" type="car5" route="3" depart="94" departLane = "1" departSpeed="11.180000"/>
	<vehicle id="car_68" type="car9" route="5" depart="95" departLane = "0" departSpeed="11.180000"/>
	<vehicle id="car_69" type="car6" route="6" depart="95" departLane = "2" departSpeed="11.180000"/>
	<vehicle id="car_70" type="car5" route="0" depart="97" departLane = "0" departSpeed="11.180000"/>
	<vehicle id="car_71" type="car5" route="7" depart="98" departLane = "1" departSpeed="11.180000"/>
	<vehicle id="car_72" type="car8" route="1" depart="99" departLane = "2" departSpeed="11.180000"/>
	<vehicle id="car_73" type="car9" route="4" depart="100" departLane = "1" departSpeed="11.180000"/>
	<vehicle id="car_74" type="car5" route="2" depart="101" departLane = "1" departSpeed="11.180000"/>
	<vehicle id="car_75" type="car8" route="7" depart="102" departLane = "1" departSpeed="11.180000"/>
	<vehicle id="car_76" type="car9" route="2" depart="103" departLane = "2" departSpeed="11.180000"/>
	<vehicle id="car_77" type="car7" route="4" depart="106" departLane = "2" departSpeed="11.180000"/>
	<vehicle id="car_78" type="car8" route="0" depart="107" departLane = "1" departSpeed="11.180000"/>
	<vehicle id="car_79" type="car5" route="3" depart="109" departLane = "2" departSpeed="11.180000"/>
	<vehicle id="car_80" type="car9" route="6" depart="109" departLane = "1" departSpeed="11.180000"/>
	<vehicle id="car_81" type="car9" route="1" depart="111" departLane = "0" departSpeed="11.180000"/>
	<vehicle id="car_82" type="car7" route="2" depart="112" departLane = "2" departSpeed="11.180000"/>
	<vehicle id="car_83" type="car8" route="4" depart="113" departLane = "1" departSpeed="11.180000"/>
	<vehicle id="car_84" type="car8" route="6" depart="113" departLane = "0" departSpeed="11.180000"/>
	<vehicle id="car_85" type="car6" route="3" depart="114" departLane = "2" departSpeed="11.180000"/>
	<vehicle id="car_86" type="car6" route="6" depart="114" departLane = "1" departSpeed="11.180000"/>
	<vehicle id="car_87" type="car6" route="1" depart="116" departLane = "2" departSpeed="11.180000"/>
	<vehicle id="car_88" type="car6" route="1" depart="117" departLane = "2" departSpeed="11.180000"/>
	<vehicle id="car_89" type="car5" route="6" depart="117" departLane = "0" departSpeed="11.180000"/>
	<vehicle id="car_90" type="car6" route="3" depart="119" departLane = "0" departSpeed="11.180000"/>
	<vehicle id="car_91" type="car9" route="7" depart="120" departLane = "1" departSpeed="11.180000"/>
	<vehicle id="car_92" type="car9" route="0" depart="122" departLane = "1" departSpeed="11.180000"/>
	<vehicle id="car_93" type="car6" route="3" depart="122" departLane = "0" departSpeed="11.180000"/>
	<vehicle id="car_94" type="car7" route="3" depart="123" departLane = "1" departSpeed="11.180000"/>
	<vehicle id="car_95" type="car9" route="6" depart="125" departLane = "0" departSpeed="11.180000"/>
	<vehicle id="car_96" type="car5" route="4" depart="126" departLane = "0" departSpeed="11.180000"/>
	<vehicle id="car_97" type="car8" route="4" depart="127" departLane = "1" departSpeed="11.180000"/>
	<vehicle id="car_98" type="car8" route="1" depart="128" departLane = "0" departSpeed="11.180000"/>
	<vehicle id="car_99" type="car9" route="6" depart="129" departLane = "0" departSpeed="11.180000"/>
	<vehicle id="car_100" type="car8" route="7" depart="133" departLane = "1" departSpeed="11.180000"/>
	<vehicle id="car_101" type="car6" route="0" depart="136" departLane = "2" departSpeed="11.180000"/>
	<vehicle id="car_102" type="car7" route="4" depart="136" departLane = "1" departSpeed="11.180000"/>
	<vehicle id="car_103" type="car6" route="2" depart="137" departLane = "0" departSpeed="11.180000"/>
	<vehicle id="car_104" type="car7" route="2" depart="138" departLane = "1" departSpeed="11.180000"/>
	<vehicle id="car_105" type="car7" route="1" depart="138" departLane = "2" departSpeed="11.180000"/>
	<vehicle id="car_106" type="car6" route="5" depart="140" departLane = "1" departSpeed="11.180000"/>
	<vehicle id="car_107" type="car9" route="1" depart="140" departLane = "0" departSpeed="11.180000"/>
	<vehicle id="car_108" type="car8" route="4" depart="140" departLane = "1" departSpeed="11.180000"/>
	<vehicle id="car_109" type="car9" route="1" depart="142" departLane = "2" departSpeed="11.180000"/>
	<vehicle id="car_110" type="car5" route="4" depart="143" departLane = "1" departSpeed="11.180000"/>
	<vehicle id="car_111" type="car9" route="0" depart="144" departLane = "1" departSpeed="11.180000"/>
	<vehicle id="car_112" type="car7" route="2" depart="147" departLane = "1" departSpeed="11.180000"/>
	<vehicle id="car_113" type="car7" route="3" depart="147" departLane = "1" departSpeed="11.180000"/>
	<vehicle id="car_114" type="car9" route="2" depart="148" departLane = "0" departSpeed="11.180000"/>
	<vehicle id="car_115" type="car5" route="6" depart="149" departLane = "0" departSpeed="11.180000"/>
	<vehicle id="car_116" type="car5" route="1" depart="150" departLane = "1" departSpeed="11.180000"/>
	<vehicle id="car_117" type="car7" route="1" depart="151" departLane = "0" departSpeed="11.180000"/>
	<vehicle id="car_118" type="car5" route="2" depart="154" departLane = "0" departSpeed="11.180000"/>
	<vehicle id="car_119" type="car7" route="6" depart="154" departLane = "1" departSpeed="11.180000"/>
	<vehicle id="car_120" type="car7" route="7" depart="156" departLane = "1" departSpeed="11.180000"/>
	<vehicle id="car_121" type="car8" route="3" depart="157" departLane = "2" departSpeed="11.180000"/>
	<vehicle id="car_122" type="car7" route="7" depart="159" departLane = "2" departSpeed="11.180000"/>
	<vehicle id="car_123" type="car7" route="4" depart="159" departLane = "1" departSpeed="11.180000"/>
	<vehicle id="car_124" type="car8" route="2" depart="161" departLane = "0" departSpeed="11.180000"/>
	<vehicle id="car_125" type="car5" route="3" depart="161" departLane = "0" departSpeed="11.180000"/>
	<vehicle id="car_126" type="car7" route="7" depart="164" departLane = "0" departSpeed="11.180000"/>
	<vehicle id="car_127" type="car7" route="5" depart="165" departLane = "1" departSpeed="11.180000"/>
	<vehicle id="car_128" type="car7" route="7" depart="166" departLane = "1" departSpeed="11.180000"/>
	<vehicle id="car_129" type="car7" route="4" depart="166" departLane = "2" departSpeed="11.180000"/>
	<vehicle id="car_130" type="car7" route="7" depart="169" departLane = "1" departSpeed="11.180000"/>
	<vehicle id="car_131" type="car7" route="6" depart="169" departLane = "0" departSpeed="11.180000"/>
	<vehicle id="car_132" type="car6" route="3" depart="170" departLane = "0" departSpeed="11.180000"/>
	<vehicle id="car_133" type="car8" route="2" depart="171" departLane = "0" departSpeed="11.180000"/>
	<vehicle id="car_134" type="car9" route="5" depart="172" departLane = "0" departSpeed="11.180000"/>
	<vehicle id="car_135" type="car5" route="7" depart="175" departLane = "2" departSpeed="11.180000"/>
	<vehicle id="car_136" type="car8" route="3" depart="175" departLane = "0" departSpeed="11.180000"/>
	<vehicle id="car_137" type="car7" route="3" depart="176" departLane = "2" departSpeed="11.180000"/>
	<vehicle id="car_138" type="car6" route="2" depart="177" departLane = "0" departSpeed="11.180000"/>
	<vehicle id="car_139" type="car9" route="4" depart="178" departLane = "0" departSpeed="11.180000"/>
	<vehicle id="car_140" type="car7" route="0" depart="179" departLane = "1" departSpeed="11.180000"/>
	<vehicle id="car_141" type="car7" route="3" depart="180" departLane = "1" departSpeed="11.180000"/>
	<vehicle id="car_142" type="car8" route="6" depart="181" departLane = "1" departSpeed="11.180000"/>
	<vehicle id="car_143" type="car5" route="5" depart="183" departLane = "0" departSpeed="11.180000"/>
	<vehicle id="car_144" type="car9" route="1" depart="183" departLane = "1" departSpeed="11.180000"/>
	<vehicle id="car_145" type="car6" route="4" depart="185" departLane = "1" departSpeed="11.180000"/>
	<vehicle id="car_146" type="car7" route="2" depart="187" departLane = "1" departSpeed="11.180000"/>
	<vehicle id="car_147" type="car8" route="6" depart="190" departLane = "2" departSpeed="11.180000"/>
	<vehicle id="car_148" type="car7" route="1" depart="194" departLane = "1" departSpeed="11.180000"/>
	<vehicle id="car_149" type="car5" route="6" depart="196" departLane = "1" departSpeed="11.180000"/>
	<vehicle id="car_150" type="car5" route="2" depart="197" departLane = "0" departSpeed="11.180000"/>
	<vehicle id="car_151" type="car8" route="5" depart="199" departLane = "2" departSpeed="11.180000"/>
	<vehicle id="car_152" type="car8" route="6" depart="201" departLane = "2" departSpeed="11.180000"/>
	<vehicle id="car_153" type="car7" route="2" depart="202" departLane = "1" departSpeed="11.180000"/>
	<vehicle id="car_154" type="car6" route="3" depart="207" departLane = "1" departSpeed="11.180000"/>
	<vehicle id="car_155" type="car9" route="6" depart="209" departLane = "0" departSpeed="11.180000"/>
	<vehicle id="car_156" type="car5" route="7" depart="210" departLane = "2" departSpeed="11.180000"/>
	<vehicle id="car_157" type="car7" route="1" depart="210" departLane = "0" departSpeed="11.180000"/>
	<vehicle id="car_158" type="car8" route="7" depart="211" departLane = "0" departSpeed="11.180000"/>
	<vehicle id="car_159" type="car9" route="7" depart="213" departLane = "1" departSpeed="11.180000"/>
	<vehicle id="car_160" type="car9" route="4" depart="213" departLane = "0" departSpeed="11.180000"/>
	<vehicle id="car_161" type="car7" route="7" depart="214" departLane = "1" departSpeed="11.180000"/>
	<vehicle id="car_162" type="car6" route="6" depart="214" departLane = "2" departSpeed="11.180000"/>
	<vehicle id="car_163" type="car8" route="3" depart="218" departLane = "1" departSpeed="11.180000"/>
	<vehicle id="car_164" type="car6" route="4" depart="218" departLane = "2" departSpeed="11.180000"/>
	<vehicle id="car_165" type="car8" route="5" depart="221" departLane = "2" departSpeed="11.180000"/>
	<vehicle id="car_166" type="car6" route="6" depart="224" departLane = "2" departSpeed="11.180000"/>
	<vehicle id="car_167" type="car6" route="7" depart="225" departLane = "1" departSpeed="11.180000"/>
	<vehicle id="car_168" type="car8" route="5" depart="227" departLane = "1" departSpeed="11.180000"/>
	<vehicle id="car_169" type="car9" route="3" depart="231" departLane = "0" departSpeed="11.180000"/>
	<vehicle id="car_170" type="car6" route="0" depart="232" departLane = "0" departSpeed="11.180000"/>
	<vehicle id="car_171" type="car9" route="2" depart="233" departLane = "0" departSpeed="11.180000"/>
	<vehicle id="car_172" type="car8" route="0" depart="234" departLane = "2" departSpeed="11.180000"/>
	<vehicle id="car_173" type="car5" route="1" depart="236" departLane = "2" departSpeed="11.180000"/>
	<vehicle id="car_174" type="car5" route="6" depart="236" departLane = "2" departSpeed="11.180000"/>
	<vehicle id="car_175" type="car6" route="1" depart="239" departLane = "0" departSpeed="11.180000"/>
	<vehicle id="car_176" type="car6" route="1" depart="245" departLane = "2" departSpeed="11.180000"/>
	<vehicle id="car_177" type="car6" route="2" depart="247" departLane = "1" departSpeed="11.180000"/>
	<vehicle id="car_178" type="car8" route="1" depart="247" departLane = "0" departSpeed="11.180000"/>
	<vehicle id="car_179" type="car6" route="4" depart="248" departLane = "0" departSpeed="11.180000"/>
	<vehicle id="car_180" type="car8" route="3" depart="249" departLane = "1" departSpeed="11.180000"/>
	<vehicle id="car_181" type="car9" route="6" depart="249" departLane = "1" departSpeed="11.180000"/>
	<vehicle id="car_182" type="car8" route="1" depart="250" departLane = "2" departSpeed="11.180000"/>
	<vehicle id="car_183" type="car8" route="6" depart="251" departLane = "1" departSpeed="11.180000"/>
	<vehicle id="car_184" type="car6" route="1" depart="253" departLane = "2" departSpeed="11.180000"/>
	<vehicle id="car_185" type="car8" route="4" depart="253" departLane = "0" departSpeed="11.180000"/>
	<vehicle id="car_186" type="car7" route="7" depart="254" departLane = "2" departSpeed="11.180000"/>
	<vehicle id="car_187" type="car7" route="1" depart="256" departLane = "2" departSpeed="11.180000"/>
	<vehicle id="car_188" type="car8" route="6" depart="256" departLane = "0" departSpeed="11.180000"/>
	<vehicle id="car_189" type="car6" route="5" depart="257" departLane = "1" departSpeed="11.180000"/>
	<vehicle id="car_190" type="car9" route="1" depart="258" departLane = "1" departSpeed="11.180000"/>
	<vehicle id="car_191" type="car6" route="1" depart="259" departLane = "0" departSpeed="11.180000"/>
	<vehicle id="car_192" type="car6" route="1" depart="260" departLane = "0" departSpeed="11.180000"/>
	<vehicle id="car_193" type="car5" route="6" depart="260" departLane = "1" departSpeed="11.180000"/>
	<vehicle id="car_194" type="car9" route="6" depart="262" departLane = "0" departSpeed="11.180000"/>
	<vehicle id="car_195" type="car6" route="7" depart="263" departLane = "0" departSpeed="11.180000"/>
	<vehicle id="car_196" type="car9" route="5" depart="265" departLane = "1" departSpeed="11.180000"/>
	<vehicle id="car_197" type="car6" route="6" depart="265" departLane = "0" departSpeed="11.180000"/>
	<vehicle id="car_198" type="car8" route="0" depart="266" departLane = "2" departSpeed="11.180000"/>
	<vehicle id="car_199" type="car7" route="5" depart="268" departLane = "1" departSpeed="11.180000"/>
	<vehicle id="car_200" type="car6" route="6" depart="268" departLane = "1" departSpeed="11.180000"/>
	<vehicle id="car_201" type="car7" route="1" depart="270" departLane = "0" departSpeed="11.180000"/>
	<vehicle id="car_202" type="car6" route="4" depart="270" departLane = "1" departSpeed="11.180000"/>
	<vehicle id="car_203" type="car5" route="2" depart="271" departLane = "0" departSpeed="11.180000"/>
	<vehicle id="car_204" type="car7" route="5" depart="271" departLane = "2" departSpeed="11.180000"/>
	<vehicle id="car_205" type="car7" route="6" depart="271" departLane = "0" departSpeed="11.180000"/>
	<vehicle id="car_206" type="car7" route="0" depart="273" departLane = "2" departSpeed="11.180000"/>
	<vehicle id="car_207" type="car6" route="1" depart="273" departLane = "1" departSpeed="11.180000"/>
	<vehicle id="car_208" type="car5" route="0" depart="274" departLane = "2" departSpeed="11.180000"/>
	<vehicle id="car_209" type="car6" route="4" depart="276" departLane = "2" departSpeed="11.180000"/>
	<vehicle id="car_210" type="car8" route="3" depart="277" departLane = "2" departSpeed="11.180000"/>
	<vehicle id="car_211" type="car5" route="7" depart="278" departLane = "2" departSpeed="11.180000"/>
	<vehicle id="car_212" type="car7" route="0" depart="279" departLane = "1" departSpeed="11.180000"/>
	<vehicle id="car_213" type="car7" route="2" depart="279" departLane = "2" departSpeed="11.180000"/>
	<vehicle id="car_214" type="car5" route="1" depart="279" departLane = "1" departSpeed="11.180000"/>
	<vehicle id="car_215" type="car8" route="4" depart="281" departLane = "2" departSpeed="11.180000"/>
	<vehicle id="car_216" type="car5" route="7" depart="282" departLane = "0" departSpeed="11.180000"/>
	<vehicle id="car_217" type="car7" route="0" depart="285" departLane = "1" departSpeed="11.180000"/>
	<vehicle id="car_218" type="car7" route="5" depart="285" departLane = "0" departSpeed="11.180000"/>
	<vehicle id="car_219" type="car8" route="1" depart="285" departLane = "1" departSpeed="11.180000"/>
	<vehicle id="car_220" type="car9" route="6" depart="285" departLane = "2" departSpeed="11.180000"/>
	<vehicle id="car_221" type="car8" route="5" depart="287" departLane = "1" departSpeed="11.180000"/>
	<vehicle id="car_222" type="car9" route="7" depart="289" departLane = "0" departSpeed="11.180000"/>
	<vehicle id="car_223" type="car8" route="2" depart="292" departLane = "2" departSpeed="11.180000"/>
	<vehicle id="car_224" type="car7" route="0" depart="293" departLane = "2" departSpeed="11.180000"/>
	<vehicle id="car_225" type="car7" route="0" depart="295" departLane = "1" departSpeed="11.180000"/>
	<vehicle id="car_226" type="car9" route="6" depart="297" departLane = "2" departSpeed="11.180000"/>
	<vehicle id="car_227" type="car6" route="0" depart="298" departLane = "1" departSpeed="11.180000"/>
	<vehicle id="car_228" type="car5" route="5" depart="299" departLane = "2" departSpeed="11.180000"/>
	<vehicle id="car_229" type="car8" route="3" depart="300" departLane = "1" departSpeed="11.180000"/>
	<vehicle id="car_230" type="car6" route="3" depart="302" departLane = "2" departSpeed="11.180000"/>
	<vehicle id="car_231" type="car7" route="4" depart="302" departLane = "2" departSpeed="11.180000"/>
	<vehicle id="car_232" type="car5" route="1" depart="303" departLane = "1" departSpeed="11.180000"/>
	<vehicle id="car_233" type="car9" route="0" depart="306" departLane = "1" departSpeed="11.180000"/>
	<vehicle id="car_234" type="car7" route="5" depart="306" departLane = "1" departSpeed="11.180000"/>
	<vehicle id="car_235" type="car9" route="1" depart="306" departLane = "2" departSpeed="11.180000"/>
	<vehicle id="car_236" type="car9" route="5" depart="307" departLane = "0" departSpeed="11.180000"/>
	<vehicle id="car_237" type="car6" route="0" depart="308" departLane = "0" departSpeed="11.180000"/>
	<vehicle id="car_238" type="car9" route="3" depart="309" departLane = "2" departSpeed="11.180000"/>
	<vehicle id="car_239" type="car6" route="3" depart="310" departLane = "2" departSpeed="11.180000"/>
	<vehicle id="car_240" type="car5" route="4" depart="311" departLane = "0" departSpeed="11.180000"/>
	<vehicle id="car_241" type="car7" route="5" depart="312" departLane = "1" departSpeed="11.180000"/>
	<vehicle id="car_242" type="car7" route="0" depart="313" departLane = "2" departSpeed="11.180000"/>
	<vehicle id="car_243" type="car5" route="7" depart="314" departLane = "2" departSpeed="11.180000"/>
	<vehicle id="car_244" type="car5" route="0" depart="315" departLane = "0" departSpeed="11.180000"/>
	<vehicle id="car_245" type="car7" route="1" depart="317" departLane = "2" departSpeed="11.180000"/>
	<vehicle id="car_246" type="car9" route="7" depart="318" departLane = "0" departSpeed="11.180000"/>
	<vehicle id="car_247" type="car9" route="3" depart="318" departLane = "0" departSpeed="11.180000"/>
	<vehicle id="car_248" type="car9" route="5" depart="319" departLane = "0" departSpeed="11.180000"/>
	<vehicle id="car_249" type="car9" route="3" depart="319" departLane = "0" departSpeed="11.180000"/>
	<vehicle id="car_250" type="car8" route="7" depart="320" departLane = "1" departSpeed="11.180000"/>
	<vehicle id="car_251" type="car9" route="3" depart="320" departLane = "2" departSpeed="11.180000"/>
	<vehicle id="car_252" type="car8" route="5" depart="321" departLane = "2" departSpeed="11.180000"/>
	<vehicle id="car_253" type="car7" route="5" depart="322" departLane = "2" departSpeed="11.180000"/>
	<vehicle id="car_254" type="car6" route="7" depart="324" departLane = "0" departSpeed="11.180000"/>
	<vehicle id="car_255" type="car5" route="6" depart="324" departLane = "0" departSpeed="11.180000"/>
	<vehicle id="car_256" type="car7" route="1" depart="325" departLane = "2" departSpeed="11.180000"/>
	<vehicle id="car_257" type="car6" route="5" depart="326" departLane = "1" departSpeed="11.180000"/>
	<vehicle id="car_258" type="car9" route="7" depart="326" departLane = "2" departSpeed="11.180000"/>
	<vehicle id="car_259" type="car8" route="1" depart="327" departLane = "2" departSpeed="11.180000"/>
	<vehicle id="car_260" type="car8" route="3" depart="328" departLane = "2" departSpeed="11.180000"/>
	<vehicle id="car_261" type="car8" route="5" depart="329" departLane = "2" departSpeed="11.180000"/>
	<vehicle id="car_262" type="car7" route="7" depart="329" departLane = "2" departSpeed="11.180000"/>
	<vehicle id="car_263" type="car8" route="5" depart="331" departLane = "0" departSpeed="11.180000"/>
	<vehicle id="car_264" type="car9" route="5" depart="332" departLane = "1" departSpeed="11.180000"/>
	<vehicle id="car_265" type="car8" route="3" depart="333" departLane = "1" departSpeed="11.180000"/>
	<vehicle id="car_266" type="car8" route="2" depart="335" departLane = "2" departSpeed="11.180000"/>
	<vehicle id="car_267" type="car7" route="1" depart="335" departLane = "1" departSpeed="11.180000"/>
	<vehicle id="car_268" type="car7" route="7" depart="337" departLane = "1" departSpeed="11.180000"/>
	<vehicle id="car_269" type="car7" route="0" depart="338" departLane = "1" departSpeed="11.180000"/>
	<vehicle id="car_270" type="car9" route="5" depart="338" departLane = "2" departSpeed="11.180000"/>
	<vehicle id="car_271" type="car7" route="7" depart="338" departLane = "0" departSpeed="11.180000"/>
	<vehicle id="car_272" type="car5" route="3" depart="344" departLane = "0" departSpeed="11.180000"/>
	<vehicle id="car_273" type="car6" route="4" depart="344" departLane = "0" departSpeed="11.180000"/>
	<vehicle id="car_274" type="car8" route="7" depart="346" departLane = "2" departSpeed="11.180000"/>
	<vehicle id="car_275" type="car8" route="1" depart="346" departLane = "0" departSpeed="11.180000"/>
	<vehicle id="car_276" type="car7" route="3" depart="346" departLane = "1" departSpeed="11.180000"/>
	<vehicle id="car_277" type="car8" route="0" depart="349" departLane = "2" departSpeed="11.180000"/>
	<vehicle id="car_278" type="car7" route="1" depart="350" departLane = "1" departSpeed="11.180000"/>
	<vehicle id="car_279" type="car8" route="3" depart="350" departLane = "0" departSpeed="11.180000"/>
	<vehicle id="car_280" type="car8" route="1" depart="352" departLane = "1" departSpeed="11.180000"/>
	<vehicle id="car_281" type="car8" route="1" depart="353" departLane = "0" departSpeed="11.180000"/>
	<vehicle id="car_282" type="car7" route="5" depart="355" departLane = "2" departSpeed="11.180000"/>
	<vehicle id="car_283" type="car6" route="4" depart="355" departLane = "2" departSpeed="11.180000"/>
	<vehicle id="car_284" type="car7" route="2" depart="356" departLane = "0" departSpeed="11.180000"/>
	<vehicle id="car_285" type="car5" route="3" depart="356" departLane = "0" departSpeed="11.180000"/>
	<vehicle id="car_286" type="car8" route="2" depart="361" departLane = "0" departSpeed="11.180000"/>
	<vehicle id="car_287" type="car5" route="4" depart="362" departLane = "0" departSpeed="11.180000"/>
	<vehicle id="car_288" type="car6" route="4" depart="363" departLane = "1" departSpeed="11.180000"/>
	<vehicle id="car_289" type="car9" route="3" depart="364" departLane = "1" departSpeed="11.180000"/>
	<vehicle id="car_290" type="car6" route="2" depart="365" departLane = "1" departSpeed="11.180000"/>
	<vehicle id="car_291" type="car5" route="0" depart="369" departLane = "1" departSpeed="11.180000"/>
	<vehicle id="car_292" type="car9" route="7" depart="372" departLane = "1" departSpeed="11.180000"/>
	<vehicle id="car_293" type="car9" route="4" depart="373" departLane = "2" departSpeed="11.180000"/>
	<vehicle id="car_294" type="car6" route="6" depart="373" departLane = "0" departSpeed="11.180000"/>
	<vehicle id="car_295" type="car5" route="2" depart="374" departLane = "1" departSpeed="11.180000"/>
	<vehicle id="car_296" type="car7" route="5" depart="377" departLane = "0" departSpeed="11.180000"/>
	<vehicle id="car_297" type="car6" route="4" depart="378" departLane = "1" departSpeed="11.180000"/>
	<vehicle id="car_298" type="car7" route="1" depart="379" departLane = "1" departSpeed="11.180000"/>
	<vehicle id="car_299" type="car6" route="4" depart="379" departLane = "0" departSpeed="11.180000"/>
	<vehicle id="car_300" type="car8" route="2" depart="381" departLane = "0" departSpeed="11.180000"/>
	<vehicle id="car_301" type="car6" route="3" depart="381" departLane = "2" departSpeed="11.180000"/>
	<vehicle id="car_302" type="car8" route="3" depart="382" departLane = "2" departSpeed="11.180000"/>
	<vehicle id="car_303" type="car8" route="4" depart="382" departLane = "2" departSpeed="11.180000"/>
	<vehicle id="car_304" type="car9" route="6" depart="382" departLane = "2" departSpeed="11.180000"/>
	<vehicle id="car_305" type="car9" route="0" depart="383" departLane = "0" departSpeed="11.180000"/>
	<vehicle id="car_306" type="car8" route="6" depart="383" departLane = "0" departSpeed="11.180000"/>
	<vehicle id="car_307" type="car8" route="1" depart="384" departLane = "0" departSpeed="11.180000"/>
	<vehicle id="car_308" type="car8" route="2" depart="386" departLane = "1" departSpeed="11.180000"/>
	<vehicle id="car_309" type="car8" route="7" depart="386" departLane = "0" departSpeed="11.180000"/>
	<vehicle id="car_310" type="car9" route="5" depart="387" departLane = "0" departSpeed="11.180000"/>
	<vehicle id="car_311" type="car6" route="1" depart="388" departLane = "0" departSpeed="11.180000"/>
	<vehicle id="car_312" type="car9" route="2" depart="392" departLane = "0" departSpeed="11.180000"/>
	<vehicle id="car_313" type="car8" route="7" depart="392" departLane = "1" departSpeed="11.180000"/>
	<vehicle id="car_314" type="car8" route="7" depart="394" departLane = "0" departSpeed="11.180000"/>
	<vehicle id="car_315" type="car6" route="0" depart="395" departLane = "0" departSpeed="11.180000"/>
	<vehicle id="car_316" type="car7" route="1" depart="395" departLane = "2" departSpeed="11.180000"/>
	<vehicle id="car_317" type="car9" route="4" depart="395" departLane = "1" departSpeed="11.180000"/>
	<vehicle id="car_318" type="car9" route="6" depart="395" departLane = "2" departSpeed="11.180000"/>
	<vehicle id="car_319" type="car8" route="0" depart="399" departLane = "1" departSpeed="11.180000"/>
	<vehicle id="car_320" type="car5" route="7" depart="400" departLane = "1" departSpeed="11.180000"/>
	<vehicle id="car_321" type="car9" route="3" depart="401" departLane = "2" departSpeed="11.180000"/>
	<vehicle id="car_322" type="car7" route="0" depart="402" departLane = "0" departSpeed="11.180000"/>
	<vehicle id="car_323" type="car5" route="4" depart="402" departLane = "1" departSpeed="11.180000"/>
	<vehicle id="car_324" type="car5" route="4" depart="403" departLane = "1" departSpeed="11.180000"/>
	<vehicle id="car_325" type="car5" route="6" depart="406" departLane = "1" departSpeed="11.180000"/>
	<vehicle id="car_326" type="car6" route="5" depart="410" departLane = "0" departSpeed="11.180000"/>
	<vehicle id="car_327" type="car8" route="7" depart="410" departLane = "0" departSpeed="11.180000"/>
	<vehicle id="car_328" type="car5" route="5" depart="412" departLane = "1" departSpeed="11.180000"/>
	<vehicle id="car_329" type="car9" route="2" depart="413" departLane = "1" departSpeed="11.180000"/>
	<vehicle id="car_330" type="car8" route="2" depart="414" departLane = "2" departSpeed="11.180000"/>
	<vehicle id="car_331" type="car6" route="5" depart="414" departLane = "0" departSpeed="11.180000"/>
	<vehicle id="car_332" type="car7" route="3" depart="415" departLane = "0" departSpeed="11.180000"/>
	<vehicle id="car_333" type="car5" route="5" depart="419" departLane = "1" departSpeed="11.180000"/>
	<vehicle id="car_334" type="car6" route="4" depart="419" departLane = "0" departSpeed="11.180000"/>
	<vehicle id="car_335" type="car9" route="0" depart="420" departLane = "1" departSpeed="11.180000"/>
	<vehicle id="car_336" type="car6" route="5" depart="420" departLane = "2" departSpeed="11.180000"/>
	<vehicle id="car_337" type="car7" route="4" depart="421" departLane = "0" departSpeed="11.180000"/>
	<vehicle id="car_338" type="car5" route="5" depart="422" departLane = "1" departSpeed="11.180000"/>
	<vehicle id="car_339" type="car5" route="4" depart="423" departLane = "0" departSpeed="11.180000"/>
	<vehicle id="car_340" type="car7" route="1" depart="424" departLane = "1" departSpeed="11.180000"/>
	<vehicle id="car_341" type="car8" route="0" depart="425" departLane = "0" departSpeed="11.180000"/>
	<vehicle id="car_342" type="car7" route="0" depart="426" departLane = "0" departSpeed="11.180000"/>
	<vehicle id="car_343" type="car9" route="7" depart="426" departLane = "1" departSpeed="11.180000"/>
	<vehicle id="car_344" type="car9" route="6" depart="427" departLane = "1" departSpeed="11.180000"/>
	<vehicle id="car_345" type="car6" route="3" depart="429" departLane = "1" departSpeed="11.180000"/>
	<vehicle id="car_346" type="car9" route="0" depart="430" departLane = "0" departSpeed="11.180000"/>
	<vehicle id="car_347" type="car6" route="3" depart="430" departLane = "1" departSpeed="11.180000"/>
	<vehicle id="car_348" type="car6" route="5" depart="431" departLane = "0" departSpeed="11.180000"/>
	<vehicle id="car_349" type="car9" route="1" depart="432" departLane = "0" departSpeed="11.180000"/>
	<vehicle id="car_350" type="car6" route="2" depart="433" departLane = "0" departSpeed="11.180000"/>
	<vehicle id="car_351" type="car8" route="0" depart="434" departLane = "0" departSpeed="11.180000"/>
	<vehicle id="car_352" type="car8" route="7" depart="434" departLane = "0" departSpeed="11.180000"/>
	<vehicle id="car_353" type="car7" route="4" depart="434" departLane = "1" departSpeed="11.180000"/>
	<vehicle id="car_354" type="car6" route="6" depart="434" departLane = "1" departSpeed="11.180000"/>
	<vehicle id="car_355" type="car9" route="3" depart="436" departLane = "1" departSpeed="11.180000"/>
	<vehicle id="car_356" type="car8" route="5" depart="437" departLane = "2" departSpeed="11.180000"/>
	<vehicle id="car_357" type="car7" route="7" depart="437" departLane = "1" departSpeed="11.180000"/>
	<vehicle id="car_358" type="car7" route="6" depart="439" departLane = "2" departSpeed="11.180000"/>
	<vehicle id="car_359" type="car6" route="0" depart="440" departLane = "1" departSpeed="11.180000"/>
	<vehicle id="car_360" type="car7" route="6" depart="441" departLane = "2" departSpeed="11.180000"/>
	<vehicle id="car_361" type="car7" route="7" depart="445" departLane = "0" departSpeed="11.180000"/>
	<vehicle id="car_362" type="car8" route="2" depart="446" departLane = "2" departSpeed="11.180000"/>
	<vehicle id="car_363" type="car7" route="3" depart="453" departLane = "2" departSpeed="11.180000"/>
	<vehicle id="car_364" type="car6" route="4" depart="453" departLane = "2" departSpeed="11.180000"/>
	<vehicle id="car_365" type="car9" route="7" depart="454" departLane = "0" departSpeed="11.180000"/>
	<vehicle id="car_366" type="car9" route="1" depart="455" departLane = "0" departSpeed="11.180000"/>
	<vehicle id="car_367" type="car5" route="7" depart="458" departLane = "2" departSpeed="11.180000"/>
	<vehicle id="car_368" type="car5" route="1" depart="458" departLane = "1" departSpeed="11.180000"/>
	<vehicle id="car_369" type="car9" route="3" depart="458" departLane = "0" departSpeed="11.180000"/>
	<vehicle id="car_370" type="car5" route="2" depart="460" departLane = "1" departSpeed="11.180000"/>
	<vehicle id="car_371" type="car9" route="5" depart="460" departLane = "2" departSpeed="11.180000"/>
	<vehicle id="car_372" type="car9" route="3" depart="460" departLane = "1" departSpeed="11.180000"/>
	<vehicle id="car_373" type="car7" route="1" depart="461" departLane = "1" departSpeed="11.180000"/>
	<vehicle id="car_374" type="car5" route="1" depart="464" departLane = "1" departSpeed="11.180000"/>
	<vehicle id="car_375" type="car6" route="1" depart="466" departLane = "0" departSpeed="11.180000"/>
	<vehicle id="car_376" type="car6" route="6" depart="466" departLane = "1" departSpeed="11.180000"/>
	<vehicle id="car_377" type="car6" route="7" depart="467" departLane = "0" departSpeed="11.180000"/>
	<vehicle id="car_378" type="car9" route="6" depart="468" departLane = "1" departSpeed="11.180000"/>
	<vehicle id="car_379" type="car7" route="1" depart="470" departLane = "0" departSpeed="11.180000"/>
	<vehicle id="car_380" type="car9" route="4" depart="470" departLane = "2" departSpeed="11.180000"/>
	<vehicle id="car_381" type="car9" route="4" depart="471" departLane = "0" departSpeed="11.180000"/>
	<vehicle id="car_382" type="car6" route="5" depart="472" departLane = "0" departSpeed="11.180000"/>
	<vehicle id="car_383" type="car8" route="4" depart="472" departLane = "0" departSpeed="11.180000"/>
	<vehicle id="car_384" type="car5" route="0" depart="474" departLane = "2" departSpeed="11.180000"/>
	<vehicle id="car_385" type="car8" route="7" depart="474" departLane = "0" departSpeed="11.180000"/>
	<vehicle id="car_386" type="car7" route="4" depart="476" departLane = "2" departSpeed="11.180000"/>
	<vehicle id="car_387" type="car5" route="0" depart="477" departLane = "1" departSpeed="11.180000"/>
	<vehicle id="car_388" type="car6" route="1" depart="477" departLane = "1" departSpeed="11.180000"/>
	<vehicle id="car_389" type="car6" route="3" depart="478" departLane = "2" departSpeed="11.180000"/>
	<vehicle id="car_390" type="car9" route="3" depart="479" departLane = "2" departSpeed="11.180000"/>
	<vehicle id="car_391" type="car9" route="2" depart="481" departLane = "0" departSpeed="11.180000"/>
	<vehicle id="car_392" type="car9" route="4" depart="481" departLane = "2" departSpeed="11.180000"/>
	<vehicle id="car_393" type="car5" route="2" depart="482" departLane = "0" departSpeed="11.180000"/>
	<vehicle id="car_394" type="car7" route="3" depart="482" departLane = "2" departSpeed="11.180000"/>
	<vehicle id="car_395" type="car8" route="4" depart="483" departLane = "0" departSpeed="11.180000"/>
	<vehicle id="car_396" type="car5" route="5" depart="484" departLane = "1" departSpeed="11.180000"/>
	<vehicle id="car_397" type="car7" route="1" depart="485" departLane = "0" departSpeed="11.180000"/>
	<vehicle id="car_398" type="car5" route="2" depart="486" departLane = "2" departSpeed="11.180000"/>
	<vehicle id="car_399" type="car5" route="7" depart="487" departLane = "2" departSpeed="11.180000"/>
	<vehicle id="car_400" type="car5" route="7" depart="488" departLane = "1" departSpeed="11.180000"/>
	<vehicle id="car_401" type="car7" route="2" depart="489" departLane = "1" departSpeed="11.180000"/>
	<vehicle id="car_402" type="car9" route="5" depart="489" departLane = "1" departSpeed="11.180000"/>
	<vehicle id="car_403" type="car5" route="7" depart="490" departLane = "0" departSpeed="11.180000"/>
	<vehicle id="car_404" type="car8" route="7" depart="491" departLane = "0" departSpeed="11.180000"/>
	<vehicle id="car_405" type="car8" route="3" depart="493" departLane = "2" departSpeed="11.180000"/>
	<vehicle id="car_406" type="car5" route="5" depart="494" departLane = "2" departSpeed="11.180000"/>
	<vehicle id="car_407" type="car7" route="4" depart="494" departLane = "1" departSpeed="11.180000"/>
	<vehicle id="car_408" type="car6" route="2" depart="495" departLane = "2" departSpeed="11.180000"/>
	<vehicle id="car_409" type="car7" route="6" depart="496" departLane = "2" departSpeed="11.180000"/>
	<vehicle id="car_410" type="car7" route="0" depart="497" departLane = "1" departSpeed="11.180000"/>
	<vehicle id="car_411" type="car8" route="2" depart="497" departLane = "2" departSpeed="11.180000"/>
	<vehicle id="car_412" type="car8" route="3" depart="498" departLane = "0" departSpeed="11.180000"/>
	<vehicle id="car_413" type="car6" route="4" depart="499" departLane = "0" departSpeed="11.180000"/>
	<vehicle id="car_414" type="car8" route="3" depart="501" departLane = "1" departSpeed="11.180000"/>
	<vehicle id="car_415" type="car9" route="4" depart="501" departLane = "0" departSpeed="11.180000"/>
	<vehicle id="car_416" type="car6" route="2" depart="504" departLane = "1" departSpeed="11.180000"/>
	<vehicle id="car_417" type="car9" route="1" depart="504" departLane = "1" departSpeed="11.180000"/>
	<vehicle id="car_418" type="car5" route="0" depart="508" departLane = "0" departSpeed="11.180000"/>
	<vehicle id="car_419" type="car9" route="3" depart="511" departLane = "0" departSpeed="11.180000"/>
	<vehicle id="car_420" type="car7" route="2" depart="513" departLane = "1" departSpeed="11.180000"/>
	<vehicle id="car_421" type="car7" route="7" depart="513" departLane = "2" departSpeed="11.180000"/>
	<vehicle id="car_422" type="car5" route="6" depart="519" departLane = "2" departSpeed="11.180000"/>
	<vehicle id="car_423" type="car8" route="2" depart="521" departLane = "1" departSpeed="11.180000"/>
	<vehicle id="car_424" type="car6" route="7" depart="521" departLane = "2" departSpeed="11.180000"/>
	<vehicle id="car_425" type="car9" route="1" depart="521" departLane = "2" departSpeed="11.180000"/>
	<vehicle id="car_426" type="car6" route="2" depart="522" departLane = "2" departSpeed="11.180000"/>
	<vehicle id="car_427" type="car7" route="1" depart="523" departLane = "2" departSpeed="11.180000"/>
	<vehicle id="car_428" type="car9" route="4" depart="523" departLane = "0" departSpeed="11.180000"/>
	<vehicle id="car_429" type="car6" route="2" depart="524" departLane = "0" departSpeed="11.180000"/>
	<vehicle id="car_430" type="car9" route="1" depart="524" departLane = "1" departSpeed="11.180000"/>
	<vehicle id="car_431" type="car6" route="4" depart="527" departLane = "2" departSpeed="11.180000"/>
	<vehicle id="car_432" type="car8" route="0" depart="528" departLane = "2" departSpeed="11.180000"/>
	<vehicle id="car_433" type="car6" route="5" depart="531" departLane = "0" departSpeed="11.180000"/>
	<vehicle id="car_434" type="car5" route="4" depart="532" departLane = "0" departSpeed="11.180000"/>
	<vehicle id="car_435" type="car7" route="1" depart="533" departLane = "0" departSpeed="11.180000"/>
	<vehicle id="car_436" type="car8" route="4" depart="534" departLane = "0" departSpeed="11.180000"/>
	<vehicle id="car_437" type="car7" route="0" depart="535" departLane = "0" departSpeed="11.180000"/>
	<vehicle id="car_438" type="car7" route="6" depart="541" departLane = "2" departSpeed="11.180000"/>
	<vehicle id="car_439" type="car6" route="1" depart="542" departLane = "1" departSpeed="11.180000"/>
	<vehicle id="car_440" type="car5" route="4" depart="542" departLane = "0" departSpeed="11.180000"/>
	<vehicle id="car_441" type="car8" route="0" depart="543" departLane = "0" departSpeed="11.180000"/>
	<vehicle id="car_442" type="car7" route="5" depart="544" departLane = "0" departSpeed="11.180000"/>
	<vehicle id="car_443" type="car5" route="3" depart="544" departLane = "0" departSpeed="11.180000"/>
	<vehicle id="car_444" type="car9" route="2" depart="545" departLane = "0" departSpeed="11.180000"/>
	<vehicle id="car_445" type="car9" route="1" depart="545" departLane = "0" departSpeed="11.180000"/>
	<vehicle id="car_446" type="car5" route="4" depart="551" departLane = "2" departSpeed="11.180000"/>
	<vehicle id="car_447" type="car6" route="3" depart="552" departLane = "2" departSpeed="11.180000"/>
	<vehicle id="car_448" type="car9" route="7" depart="553" departLane = "1" departSpeed="11.180000"/>
	<vehicle id="car_449" type="car5" route="0" depart="554" departLane = "1" departSpeed="11.180000"/>
	<vehicle id="car_450" type="car8" route="3" depart="554" departLane = "1" departSpeed="11.180000"/>
	<vehicle id="car_451" type="car7" route="7" depart="556" departLane = "1" departSpeed="11.180000"/>
	<vehicle id="car_452" type="car6" route="1" depart="556" departLane = "2" departSpeed="11.180000"/>
	<vehicle id="car_453" type="car5" route="5" depart="557" departLane = "2" departSpeed="11.180000"/>
	<vehicle id="car_454" type="car5" route="7" depart="557" departLane = "0" departSpeed="11.180000"/>
	<vehicle id="car_455" type="car5" route="0" depart="559" departLane = "1" departSpeed="11.180000"/>
	<vehicle id="car_456" type="car7" route="4" depart="560" departLane = "0" departSpeed="11.180000"/>
	<vehicle id="car_457" type="car7" route="4" depart="561" departLane = "1" departSpeed="11.180000"/>
	<vehicle id="car_458" type="car7" route="5" depart="565" departLane = "2" departSpeed="11.180000"/>
	<vehicle id="car_459" type="car6" route="6" depart="566" departLane = "1" departSpeed="11.180000"/>
	<vehicle id="car_460" type="car6" route="2" depart="569" departLane = "0" departSpeed="11.180000"/>
	<vehicle id="car_461" type="car6" route="2" depart="571" departLane = "0" departSpeed="11.180000"/>
	<vehicle id="car_462" type="car8" route="2" depart="573" departLane = "2" departSpeed="11.180000"/>
	<vehicle id="car_463" type="car9" route="0" depart="574" departLane = "1" departSpeed="11.180000"/>
	<vehicle id="car_464" type="car9" route="7" depart="576" departLane = "0" departSpeed="11.180000"/>
	<vehicle id="car_465" type="car6" route="3" depart="576" departLane = "1" departSpeed="11.180000"/>
	<vehicle id="car_466" type="car6" route="1" depart="577" departLane = "2" departSpeed="11.180000"/>
	<vehicle id="car_467" type="car6" route="5" depart="578" departLane = "1" departSpeed="11.180000"/>
	<vehicle id="car_468" type="car6" route="1" depart="578" departLane = "2" departSpeed="11.180000"/>
	<vehicle id="car_469" type="car6" route="4" depart="578" departLane = "0" departSpeed="11.180000"/>
	<vehicle id="car_470" type="car5" route="1" depart="580" departLane = "2" departSpeed="11.180000"/>
	<vehicle id="car_471" type="car9" route="6" depart="580" departLane = "2" departSpeed="11.180000"/>
	<vehicle id="car_472" type="car9" route="7" depart="583" departLane = "2" departSpeed="11.180000"/>
	<vehicle id="car_473" type="car6" route="0" depart="586" departLane = "2" departSpeed="11.180000"/>
	<vehicle id="car_474" type="car7" route="3" depart="586" departLane = "2" departSpeed="11.180000"/>
	<vehicle id="car_475" type="car8" route="4" depart="587" departLane = "0" departSpeed="11.180000"/>
	<vehicle id="car_476" type="car5" route="3" depart="588" departLane = "2" departSpeed="11.180000"/>
	<vehicle id="car_477" type="car8" route="3" depart="590" departLane = "2" departSpeed="11.180000"/>
	<vehicle id="car_478" type="car7" route="4" depart="590" departLane = "0" departSpeed="11.180000"/>
	<vehicle id="car_479" type="car6" route="6" depart="592" departLane = "2" departSpeed="11.180000"/>
	<vehicle id="car_480" type="car6" route="5" depart="593" departLane = "1" departSpeed="11.180000"/>
	<vehicle id="car_481" type="car9" route="2" depart="594" departLane = "2" departSpeed="11.180000"/>
	<vehicle id="car_482" type="car5" route="5" depart="597" departLane = "1" departSpeed="11.180000"/>
	<vehicle id="car_483" type="car8" route="3" depart="597" departLane = "1" departSpeed="11.180000"/>
	<vehicle id="car_484" type="car6" route="0" depart="598" departLane = "1" departSpeed="11.180000"/>
	<vehicle id="car_485" type="car8" route="1" depart="598" departLane = "1" departSpeed="11.180000"/>
	<vehicle id="car_486" type="car8" route="4" depart="598" departLane = "2" departSpeed="11.180000"/>
	<vehicle id="car_487" type="car7" route="1" depart="599" departLane = "2" departSpeed="11.180000"/>
	<vehicle id="car_488" type="car6" route="6" depart="599" departLane = "1" departSpeed="11.180000"/>
</routes>
