{"car_3253": [3, 7], "car_2009": [2, 5], "car_3196": [2, 4], "car_3197": [3, 4], "car_3194": [6, 3], "car_3195": [0, 1], "car_3192": [1, 6], "car_3193": [4, 7], "car_3190": [5, 3], "car_3191": [7, 2], "car_3198": [4, 5], "car_3199": [0, 1], "car_2229": [7, 0], "car_2228": [5, 6], "car_468": [4, 7], "car_469": [2, 1], "car_466": [2, 6], "car_467": [3, 1], "car_464": [3, 7], "car_465": [6, 1], "car_462": [2, 5], "car_463": [7, 2], "car_460": [3, 5], "car_461": [0, 3], "car_2455": [4, 7], "car_3068": [4, 7], "car_3069": [6, 1], "car_2751": [2, 4], "car_3062": [4, 3], "car_3063": [6, 2], "car_3060": [7, 6], "car_3061": [1, 2], "car_3066": [7, 6], "car_3067": [1, 4], "car_3064": [2, 6], "car_3065": [5, 1], "car_3268": [5, 6], "car_817": [4, 1], "car_816": [3, 5], "car_3260": [6, 0], "car_3261": [0, 6], "car_3262": [2, 5], "car_3263": [5, 7], "car_3264": [1, 4], "car_815": [1, 5], "car_3266": [0, 7], "car_3267": [2, 0], "car_2750": [0, 2], "car_814": [5, 3], "car_813": [0, 1], "car_812": [6, 4], "car_2072": [6, 2], "car_811": [4, 5], "car_2073": [0, 1], "car_810": [3, 4], "car_3214": [3, 2], "car_679": [5, 7], "car_678": [2, 1], "car_677": [0, 2], "car_676": [6, 5], "car_675": [3, 4], "car_674": [1, 4], "car_673": [7, 6], "car_672": [5, 0], "car_671": [2, 4], "car_670": [0, 5], "car_2771": [7, 6], "car_3213": [1, 0], "car_2770": [2, 7], "car_3212": [7, 4], "car_2078": [0, 7], "car_2079": [5, 3], "car_2456": [6, 3], "car_2341": [2, 7], "car_2670": [7, 0], "car_2671": [3, 7], "car_2754": [4, 2], "car_2672": [6, 5], "car_2223": [0, 6], "car_789": [0, 1], "car_788": [6, 5], "car_2222": [6, 5], "car_783": [2, 1], "car_782": [0, 3], "car_781": [6, 7], "car_780": [4, 2], "car_787": [4, 7], "car_786": [3, 4], "car_785": [7, 6], "car_784": [5, 3], "car_2220": [3, 6], "car_0": [0, 7], "car_2227": [0, 5], "car_1179": [1, 0], "car_2375": [1, 6], "car_2226": [3, 4], "car_2225": [1, 3], "car_2224": [2, 5], "car_255": [7, 2], "car_254": [5, 2], "car_257": [4, 2], "car_256": [3, 7], "car_251": [6, 3], "car_250": [3, 1], "car_253": [2, 7], "car_252": [0, 6], "car_1961": [6, 0], "car_1960": [4, 5], "car_1963": [3, 2], "car_1962": [2, 0], "car_259": [2, 4], "car_258": [0, 7], "car_1967": [1, 7], "car_1966": [7, 2], "car_1170": [6, 5], "car_1171": [2, 0], "car_1565": [6, 1], "car_1564": [4, 6], "car_1567": [2, 4], "car_1566": [0, 1], "car_1561": [2, 3], "car_1560": [6, 0], "car_1563": [3, 6], "car_1562": [1, 4], "car_1569": [1, 2], "car_1568": [5, 2], "car_1413": [2, 1], "car_1363": [7, 0], "car_1362": [5, 1], "car_1361": [0, 3], "car_1360": [6, 3], "car_1367": [2, 5], "car_1366": [6, 7], "car_1365": [3, 5], "car_1364": [1, 4], "car_1369": [1, 7], "car_1368": [7, 2], "car_2758": [7, 5], "car_2376": [3, 6], "car_321": [3, 0], "car_320": [7, 5], "car_323": [0, 5], "car_322": [4, 5], "car_325": [7, 4], "car_324": [2, 4], "car_327": [6, 5], "car_326": [3, 5], "car_329": [2, 1], "car_328": [0, 7], "car_2722": [7, 4], "car_2723": [1, 5], "car_2720": [6, 3], "car_2721": [2, 1], "car_2726": [0, 5], "car_2727": [2, 5], "car_2724": [4, 2], "car_2725": [6, 5], "car_2728": [1, 4], "car_2729": [4, 1], "car_1107": [7, 3], "car_1106": [5, 7], "car_1105": [2, 4], "car_1104": [0, 4], "car_1103": [6, 7], "car_1102": [3, 6], "car_1101": [1, 2], "car_1100": [7, 2], "car_1109": [3, 6], "car_1108": [1, 2], "car_1297": [3, 1], "car_1296": [7, 6], "car_1295": [5, 4], "car_1294": [2, 4], "car_1293": [0, 3], "car_1292": [6, 5], "car_1291": [4, 0], "car_1290": [3, 6], "car_1299": [6, 3], "car_1298": [4, 5], "car_2928": [4, 6], "car_2929": [0, 4], "car_2924": [5, 7], "car_2925": [7, 0], "car_2926": [1, 0], "car_2927": [3, 6], "car_2920": [3, 7], "car_2921": [4, 2], "car_2922": [6, 1], "car_2923": [2, 0], "car_2586": [2, 1], "car_2587": [5, 6], "car_2584": [6, 1], "car_2585": [0, 1], "car_2582": [1, 4], "car_2583": [4, 3], "car_2580": [5, 6], "car_2581": [7, 0], "car_2858": [7, 2], "car_2859": [1, 5], "car_2588": [1, 0], "car_2589": [3, 0], "car_2036": [6, 4], "car_2037": [0, 7], "car_1039": [6, 1], "car_1038": [4, 5], "car_1749": [3, 2], "car_1748": [1, 5], "car_2030": [5, 0], "car_2031": [1, 0], "car_1033": [0, 6], "car_1032": [6, 7], "car_1031": [4, 2], "car_1030": [3, 0], "car_1037": [3, 6], "car_1036": [1, 3], "car_1035": [7, 6], "car_1034": [5, 4], "car_1589": [4, 0], "car_1588": [3, 6], "car_1583": [6, 7], "car_1582": [4, 2], "car_1581": [3, 0], "car_1580": [7, 3], "car_1587": [7, 4], "car_1586": [5, 4], "car_1585": [2, 6], "car_1584": [0, 5], "car_1852": [7, 6], "car_1906": [1, 0], "car_3295": [6, 4], "car_3294": [4, 1], "car_3297": [2, 1], "car_3296": [0, 5], "car_3291": [5, 6], "car_3290": [0, 7], "car_899": [4, 3], "car_898": [3, 0], "car_897": [1, 3], "car_896": [5, 1], "car_895": [2, 0], "car_894": [6, 0], "car_893": [4, 1], "car_892": [3, 6], "car_891": [5, 0], "car_890": [2, 5], "car_2458": [5, 4], "car_2459": [3, 7], "car_2108": [4, 0], "car_2109": [6, 5], "car_2102": [4, 7], "car_2103": [6, 5], "car_2100": [7, 1], "car_2101": [3, 5], "car_2106": [1, 3], "car_2107": [3, 2], "car_2104": [0, 4], "car_2105": [7, 0], "car_1631": [0, 6], "car_1630": [4, 3], "car_1633": [7, 2], "car_1632": [2, 1], "car_1635": [3, 2], "car_1634": [1, 5], "car_1637": [2, 6], "car_1636": [4, 2], "car_1639": [1, 5], "car_1638": [5, 6], "car_1751": [0, 7], "car_2803": [7, 3], "car_2802": [5, 4], "car_2801": [2, 4], "car_3189": [2, 4], "car_3188": [4, 7], "car_2800": [6, 1], "car_3269": [4, 5], "car_3181": [4, 5], "car_2807": [0, 7], "car_1756": [4, 0], "car_3182": [6, 7], "car_3185": [5, 2], "car_3184": [2, 7], "car_3187": [1, 4], "car_2806": [6, 1], "car_2805": [3, 6], "car_3306": [7, 4], "car_2816": [3, 2], "car_2804": [1, 2], "car_3104": [5, 7], "car_2414": [6, 4], "car_419": [3, 2], "car_418": [1, 5], "car_2218": [5, 0], "car_2219": [1, 2], "car_413": [4, 1], "car_412": [3, 0], "car_411": [7, 1], "car_410": [5, 1], "car_417": [5, 4], "car_416": [2, 3], "car_415": [0, 6], "car_414": [6, 7], "car_2417": [5, 1], "car_1679": [4, 0], "car_1678": [3, 6], "car_2412": [3, 4], "car_2947": [2, 5], "car_2413": [4, 3], "car_3265": [3, 0], "car_3079": [3, 5], "car_3078": [7, 5], "car_3075": [0, 1], "car_3074": [6, 2], "car_3077": [5, 1], "car_3076": [2, 7], "car_3071": [2, 3], "car_3070": [0, 5], "car_3073": [1, 4], "car_3072": [7, 2], "car_527": [2, 4], "car_526": [0, 1], "car_525": [6, 4], "car_524": [3, 4], "car_523": [1, 4], "car_522": [5, 0], "car_521": [2, 7], "car_520": [0, 7], "car_3273": [4, 1], "car_1671": [4, 7], "car_3271": [1, 3], "car_1889": [7, 2], "car_3277": [5, 2], "car_3276": [2, 7], "car_529": [1, 2], "car_528": [5, 0], "car_1884": [5, 2], "car_1885": [3, 4], "car_2368": [0, 3], "car_2786": [5, 3], "car_2787": [7, 0], "car_668": [4, 7], "car_669": [6, 3], "car_664": [0, 7], "car_665": [5, 1], "car_666": [1, 6], "car_667": [3, 0], "car_660": [7, 2], "car_661": [1, 5], "car_662": [4, 5], "car_663": [6, 1], "car_2759": [1, 3], "car_1854": [3, 1], "car_2788": [0, 1], "car_3308": [3, 0], "car_2789": [2, 1], "car_2940": [6, 1], "car_798": [1, 0], "car_799": [3, 7], "car_790": [2, 7], "car_791": [1, 0], "car_792": [3, 2], "car_793": [4, 6], "car_794": [6, 1], "car_795": [0, 2], "car_796": [2, 4], "car_797": [5, 6], "car_242": [5, 0], "car_243": [7, 5], "car_240": [0, 7], "car_241": [2, 4], "car_246": [4, 5], "car_247": [6, 1], "car_244": [1, 0], "car_245": [3, 4], "car_1914": [5, 7], "car_1915": [1, 3], "car_248": [0, 4], "car_249": [5, 1], "car_1910": [2, 3], "car_1911": [7, 3], "car_1912": [4, 6], "car_1913": [6, 2], "car_1356": [7, 1], "car_1357": [1, 0], "car_1354": [0, 4], "car_1355": [2, 1], "car_1352": [1, 4], "car_1353": [3, 5], "car_1350": [6, 0], "car_1351": [7, 2], "car_1358": [3, 7], "car_1359": [4, 0], "car_1831": [2, 6], "car_1820": [7, 0], "car_1821": [1, 7], "car_1822": [3, 0], "car_1823": [4, 2], "car_1824": [6, 7], "car_1825": [0, 4], "car_338": [1, 5], "car_339": [3, 2], "car_336": [2, 1], "car_337": [5, 2], "car_334": [6, 0], "car_335": [0, 6], "car_332": [3, 4], "car_333": [4, 3], "car_330": [7, 4], "car_331": [1, 5], "car_2735": [2, 4], "car_2734": [0, 1], "car_1138": [2, 5], "car_1139": [7, 3], "car_2731": [2, 4], "car_2730": [0, 7], "car_2733": [6, 5], "car_2732": [1, 0], "car_1132": [3, 4], "car_1133": [4, 6], "car_1130": [5, 1], "car_1131": [7, 5], "car_1136": [1, 7], "car_1137": [3, 0], "car_1134": [5, 3], "car_1135": [7, 3], "car_1839": [1, 0], "car_2393": [3, 6], "car_1838": [7, 3], "car_2392": [1, 6], "car_3301": [0, 7], "car_3300": [6, 0], "car_2939": [4, 0], "car_2938": [3, 0], "car_2937": [1, 7], "car_2936": [7, 0], "car_2935": [5, 2], "car_2934": [2, 7], "car_2933": [6, 2], "car_2932": [4, 0], "car_2931": [1, 4], "car_2930": [7, 2], "car_2029": [2, 5], "car_2028": [0, 2], "car_2845": [3, 2], "car_2844": [1, 4], "car_2843": [5, 2], "car_2842": [2, 0], "car_2841": [0, 7], "car_2840": [6, 4], "car_2021": [0, 2], "car_2020": [4, 6], "car_2023": [5, 4], "car_2022": [2, 0], "car_2025": [1, 6], "car_2024": [7, 6], "car_2027": [6, 4], "car_2026": [4, 7], "car_2948": [5, 2], "car_2520": [4, 3], "car_1008": [5, 6], "car_1009": [7, 4], "car_1006": [6, 4], "car_1007": [0, 3], "car_1004": [3, 6], "car_1005": [4, 1], "car_1002": [0, 7], "car_1003": [1, 6], "car_1000": [7, 1], "car_1001": [1, 6], "car_2398": [7, 4], "car_2629": [3, 1], "car_2524": [5, 2], "car_2628": [7, 2], "car_3310": [5, 2], "car_2525": [3, 2], "car_2995": [3, 4], "car_2674": [5, 1], "car_1924": [2, 5], "car_2994": [1, 0], "car_2527": [6, 3], "car_2997": [6, 5], "car_36": [0, 5], "car_37": [3, 4], "car_34": [3, 4], "car_35": [4, 2], "car_888": [6, 0], "car_889": [0, 2], "car_30": [2, 5], "car_31": [5, 7], "car_884": [5, 1], "car_885": [7, 2], "car_886": [1, 7], "car_887": [3, 2], "car_880": [3, 2], "car_881": [4, 1], "car_882": [6, 0], "car_883": [2, 6], "car_2449": [6, 3], "car_2448": [4, 2], "car_2119": [5, 0], "car_2118": [2, 5], "car_2115": [4, 2], "car_2114": [1, 5], "car_2117": [0, 7], "car_2116": [6, 0], "car_2111": [1, 6], "car_2110": [2, 6], "car_2113": [2, 3], "car_2112": [3, 4], "car_1644": [0, 5], "car_1645": [2, 6], "car_1646": [5, 3], "car_1647": [7, 4], "car_1640": [4, 2], "car_1641": [5, 4], "car_1642": [7, 6], "car_1643": [3, 6], "car_3312": [4, 6], "car_1648": [1, 6], "car_1649": [3, 1], "car_2599": [6, 4], "car_2159": [6, 2], "car_2158": [4, 5], "car_2591": [2, 0], "car_2590": [4, 0], "car_2593": [1, 0], "car_2592": [7, 1], "car_2595": [0, 5], "car_2594": [6, 0], "car_2597": [1, 0], "car_2596": [7, 2], "car_3313": [6, 4], "car_2677": [4, 1], "car_2608": [3, 1], "car_408": [0, 1], "car_409": [2, 6], "car_2203": [4, 2], "car_2202": [3, 5], "car_2205": [2, 5], "car_2204": [0, 6], "car_2207": [1, 2], "car_2206": [7, 4], "car_400": [4, 1], "car_401": [6, 0], "car_402": [0, 3], "car_403": [2, 5], "car_404": [5, 4], "car_405": [1, 7], "car_406": [3, 1], "car_407": [6, 7], "car_1769": [3, 2], "car_3080": [6, 0], "car_3081": [0, 6], "car_3082": [5, 3], "car_3083": [1, 3], "car_3084": [3, 6], "car_3085": [4, 3], "car_3086": [2, 6], "car_3087": [5, 4], "car_3088": [1, 3], "car_3089": [3, 0], "car_2973": [4, 5], "car_534": [5, 6], "car_535": [7, 6], "car_536": [3, 7], "car_537": [4, 0], "car_530": [3, 4], "car_531": [4, 2], "car_532": [6, 0], "car_533": [2, 1], "car_3246": [0, 5], "car_3247": [5, 0], "car_3244": [4, 1], "car_3245": [6, 0], "car_538": [6, 3], "car_539": [0, 5], "car_3240": [0, 4], "car_3241": [2, 1], "car_2972": [3, 7], "car_3317": [1, 2], "car_2310": [5, 0], "car_659": [5, 3], "car_658": [6, 0], "car_651": [6, 0], "car_650": [4, 3], "car_653": [2, 7], "car_652": [0, 4], "car_655": [7, 1], "car_654": [5, 0], "car_657": [4, 3], "car_656": [1, 2], "car_2970": [7, 0], "car_2907": [1, 4], "car_2977": [1, 0], "car_2909": [4, 5], "car_2976": [5, 6], "car_2434": [2, 5], "car_1929": [6, 1], "car_2195": [5, 0], "car_2194": [2, 3], "car_1764": [0, 1], "car_2197": [4, 3], "car_2196": [7, 4], "car_2191": [7, 0], "car_1928": [4, 2], "car_2190": [5, 0], "car_2193": [3, 7], "car_1909": [0, 5], "car_1908": [6, 7], "car_1907": [3, 5], "car_1763": [6, 4], "car_1905": [7, 3], "car_1904": [5, 1], "car_1903": [2, 1], "car_1902": [6, 4], "car_1901": [3, 5], "car_1900": [1, 4], "car_1349": [3, 0], "car_1348": [1, 7], "car_1762": [4, 6], "car_1341": [5, 3], "car_1340": [0, 6], "car_1343": [3, 5], "car_1342": [1, 4], "car_1345": [0, 1], "car_1344": [4, 5], "car_1347": [5, 0], "car_1346": [2, 7], "car_3234": [3, 2], "car_3219": [5, 2], "car_2753": [1, 5], "car_3231": [5, 7], "car_2752": [7, 4], "car_3230": [2, 7], "car_2698": [7, 5], "car_1833": [7, 4], "car_1832": [5, 3], "car_349": [4, 5], "car_348": [5, 0], "car_1837": [5, 6], "car_1836": [2, 3], "car_1835": [4, 5], "car_1834": [3, 1], "car_343": [2, 4], "car_342": [0, 4], "car_341": [6, 3], "car_340": [4, 5], "car_347": [0, 1], "car_346": [6, 0], "car_345": [3, 6], "car_344": [1, 5], "car_2325": [0, 7], "car_1129": [2, 0], "car_1128": [6, 7], "car_2979": [4, 0], "car_1125": [1, 0], "car_1124": [5, 4], "car_1127": [4, 6], "car_1126": [3, 1], "car_1121": [6, 7], "car_1120": [3, 5], "car_1123": [2, 0], "car_1122": [0, 1], "car_1402": [0, 7], "car_2320": [6, 0], "car_1403": [2, 7], "car_2321": [0, 7], "car_1400": [3, 4], "car_1401": [6, 0], "car_2978": [3, 1], "car_1406": [4, 5], "car_1407": [5, 3], "car_2902": [1, 5], "car_2903": [6, 7], "car_2900": [0, 1], "car_2901": [5, 0], "car_2906": [7, 4], "car_1404": [7, 4], "car_2904": [2, 0], "car_2905": [5, 4], "car_2908": [3, 5], "car_1405": [3, 7], "car_2058": [1, 0], "car_2059": [4, 7], "car_2054": [6, 3], "car_2055": [0, 5], "car_2056": [2, 7], "car_2057": [5, 3], "car_2050": [5, 4], "car_2051": [7, 0], "car_2052": [3, 5], "car_2053": [4, 0], "car_1011": [3, 5], "car_1010": [1, 0], "car_1013": [0, 4], "car_1012": [4, 6], "car_1015": [5, 3], "car_1014": [2, 3], "car_1017": [3, 6], "car_1016": [7, 0], "car_1019": [6, 3], "car_1018": [4, 6], "car_2690": [2, 0], "car_2691": [5, 6], "car_2696": [0, 1], "car_2697": [5, 1], "car_2694": [3, 2], "car_2695": [6, 4], "car_2790": [3, 1], "car_25": [5, 4], "car_24": [2, 5], "car_27": [1, 0], "car_26": [7, 6], "car_21": [3, 1], "car_20": [1, 3], "car_23": [6, 3], "car_22": [4, 1], "car_29": [6, 2], "car_28": [4, 7], "car_2478": [7, 6], "car_2479": [1, 5], "car_2476": [2, 7], "car_2477": [5, 4], "car_2474": [6, 4], "car_2475": [0, 5], "car_2472": [3, 7], "car_2473": [4, 1], "car_2470": [5, 3], "car_2471": [1, 3], "car_1657": [6, 7], "car_1656": [4, 1], "car_1655": [3, 0], "car_1654": [5, 3], "car_1653": [2, 6], "car_1652": [0, 7], "car_1651": [6, 2], "car_1650": [4, 1], "car_1659": [5, 1], "car_1658": [2, 5], "car_2878": [6, 3], "car_2879": [0, 1], "car_2872": [6, 0], "car_2873": [0, 2], "car_2870": [3, 6], "car_2871": [4, 0], "car_2876": [7, 2], "car_2877": [4, 7], "car_2874": [2, 0], "car_2875": [5, 2], "car_2688": [4, 7], "car_1969": [4, 1], "car_2315": [0, 4], "car_1843": [7, 6], "car_3211": [5, 6], "car_435": [0, 4], "car_434": [6, 5], "car_437": [5, 3], "car_436": [2, 5], "car_431": [4, 1], "car_430": [5, 6], "car_433": [3, 5], "car_432": [5, 0], "car_1846": [0, 2], "car_439": [3, 0], "car_438": [7, 3], "car_1847": [7, 5], "car_2274": [3, 5], "car_2275": [4, 7], "car_2276": [6, 4], "car_2277": [0, 4], "car_2270": [2, 7], "car_2271": [5, 7], "car_2272": [7, 4], "car_2273": [1, 6], "car_1845": [6, 4], "car_2278": [2, 4], "car_2279": [5, 0], "car_1848": [3, 2], "car_2289": [3, 1], "car_1968": [3, 6], "car_1849": [4, 5], "car_2288": [1, 7], "car_1965": [2, 4], "car_1964": [4, 6], "car_3093": [1, 5], "car_3092": [7, 1], "car_3091": [5, 2], "car_3090": [0, 7], "car_3097": [0, 4], "car_3096": [6, 0], "car_3095": [4, 3], "car_3094": [3, 7], "car_3099": [7, 3], "car_3098": [2, 7], "car_3311": [1, 7], "car_501": [3, 7], "car_500": [1, 2], "car_503": [2, 1], "car_502": [4, 2], "car_505": [7, 6], "car_504": [5, 0], "car_507": [3, 7], "car_506": [1, 3], "car_509": [5, 2], "car_508": [2, 3], "car_2302": [4, 0], "car_2303": [0, 4], "car_2304": [5, 0], "car_2305": [7, 5], "car_2306": [3, 2], "car_2307": [4, 7], "car_2281": [4, 0], "car_1745": [1, 4], "car_2280": [3, 5], "car_2960": [3, 1], "car_646": [4, 3], "car_647": [0, 1], "car_644": [2, 5], "car_645": [3, 7], "car_642": [1, 5], "car_643": [3, 5], "car_640": [2, 5], "car_641": [7, 3], "car_2314": [6, 4], "car_648": [2, 3], "car_649": [3, 1], "car_2961": [6, 7], "car_2576": [3, 1], "car_2526": [4, 3], "car_1830": [0, 2], "car_2673": [2, 6], "car_2962": [2, 0], "car_2570": [6, 7], "car_2681": [5, 3], "car_2999": [4, 5], "car_2420": [6, 5], "car_2963": [5, 1], "car_2680": [2, 1], "car_2854": [7, 6], "car_2964": [7, 5], "car_2683": [1, 2], "car_1932": [7, 3], "car_1933": [1, 6], "car_1930": [2, 3], "car_1931": [5, 6], "car_1936": [1, 2], "car_1937": [4, 6], "car_1934": [6, 0], "car_1935": [2, 7], "car_1938": [6, 0], "car_1939": [0, 4], "car_2682": [7, 4], "car_1717": [4, 3], "car_1338": [1, 2], "car_1339": [3, 0], "car_1334": [6, 0], "car_1335": [0, 4], "car_1336": [2, 4], "car_1337": [7, 4], "car_1330": [5, 0], "car_1331": [7, 5], "car_1332": [1, 5], "car_1333": [4, 7], "car_1711": [4, 6], "car_2998": [0, 2], "car_358": [2, 0], "car_359": [5, 7], "car_1804": [2, 3], "car_1805": [7, 0], "car_1802": [6, 2], "car_1803": [0, 3], "car_1800": [1, 5], "car_1801": [3, 0], "car_350": [0, 1], "car_351": [2, 3], "car_352": [5, 1], "car_353": [7, 6], "car_354": [1, 4], "car_355": [3, 0], "car_356": [4, 7], "car_357": [6, 4], "car_1482": [1, 0], "car_1483": [4, 2], "car_1480": [6, 5], "car_1481": [0, 4], "car_1486": [1, 7], "car_1487": [3, 2], "car_1484": [2, 6], "car_1485": [5, 7], "car_1488": [4, 0], "car_1489": [6, 0], "car_1240": [0, 5], "car_1241": [2, 0], "car_1242": [5, 0], "car_1243": [7, 6], "car_1244": [1, 3], "car_1245": [3, 0], "car_1246": [4, 0], "car_1247": [6, 3], "car_1248": [0, 4], "car_1249": [2, 6], "car_1747": [7, 5], "car_2374": [7, 4], "car_1879": [3, 4], "car_2917": [6, 7], "car_2916": [4, 2], "car_2911": [0, 3], "car_2910": [6, 1], "car_2913": [7, 5], "car_2912": [2, 6], "car_2919": [7, 6], "car_2918": [0, 1], "car_2049": [2, 0], "car_2048": [6, 3], "car_2047": [1, 3], "car_2046": [7, 0], "car_2045": [5, 0], "car_2044": [2, 4], "car_2043": [0, 6], "car_2042": [4, 3], "car_2041": [3, 5], "car_2040": [1, 0], "car_1064": [4, 1], "car_1065": [0, 7], "car_1066": [2, 1], "car_1067": [5, 1], "car_1060": [4, 7], "car_1061": [0, 3], "car_1062": [5, 4], "car_1063": [7, 2], "car_2685": [2, 5], "car_2684": [6, 7], "car_2687": [3, 0], "car_2686": [7, 1], "car_1068": [7, 6], "car_1069": [1, 6], "car_1798": [5, 6], "car_1799": [7, 1], "car_10": [2, 0], "car_11": [5, 6], "car_12": [7, 5], "car_13": [1, 0], "car_14": [3, 5], "car_15": [4, 1], "car_16": [6, 7], "car_17": [0, 6], "car_18": [5, 1], "car_19": [7, 0], "car_2461": [6, 5], "car_2460": [4, 0], "car_1668": [5, 2], "car_1669": [1, 7], "car_2465": [2, 7], "car_2464": [4, 7], "car_2467": [1, 4], "car_2466": [7, 3], "car_1662": [0, 2], "car_1663": [2, 3], "car_1660": [1, 7], "car_1661": [6, 1], "car_1666": [4, 6], "car_1667": [6, 2], "car_1664": [7, 1], "car_1665": [1, 7], "car_1468": [0, 5], "car_1469": [5, 6], "car_1460": [4, 5], "car_1461": [6, 0], "car_1462": [0, 4], "car_1463": [7, 2], "car_1464": [1, 3], "car_1465": [3, 0], "car_1466": [4, 6], "car_1467": [6, 2], "car_2699": [3, 2], "car_2869": [7, 2], "car_2868": [5, 7], "car_2865": [6, 4], "car_2864": [3, 6], "car_2867": [2, 6], "car_2866": [0, 2], "car_2861": [4, 2], "car_2860": [3, 2], "car_2863": [7, 5], "car_2862": [0, 4], "car_2648": [1, 3], "car_422": [5, 0], "car_423": [4, 2], "car_420": [0, 3], "car_421": [2, 7], "car_426": [3, 4], "car_427": [4, 6], "car_424": [5, 0], "car_425": [1, 5], "car_3318": [3, 5], "car_3319": [4, 0], "car_428": [0, 1], "car_429": [2, 6], "car_2377": [4, 0], "car_2267": [5, 3], "car_2266": [2, 0], "car_2265": [3, 1], "car_2264": [1, 2], "car_2263": [7, 1], "car_2262": [5, 7], "car_2261": [0, 2], "car_2260": [6, 2], "car_2371": [3, 4], "car_2269": [6, 4], "car_2268": [1, 4], "car_2373": [5, 0], "car_2372": [0, 1], "car_2008": [6, 3], "car_2370": [1, 5], "car_3224": [5, 6], "car_3225": [7, 1], "car_2319": [4, 6], "car_2318": [1, 0], "car_3220": [4, 7], "car_3221": [6, 7], "car_518": [1, 0], "car_519": [4, 3], "car_516": [2, 1], "car_517": [5, 6], "car_514": [6, 1], "car_515": [0, 5], "car_512": [3, 5], "car_513": [4, 6], "car_510": [7, 4], "car_511": [1, 4], "car_1870": [5, 3], "car_2692": [7, 4], "car_2444": [0, 3], "car_633": [4, 3], "car_632": [1, 2], "car_631": [5, 7], "car_630": [0, 5], "car_637": [1, 3], "car_636": [7, 5], "car_635": [5, 4], "car_634": [2, 6], "car_2675": [1, 3], "car_639": [6, 1], "car_638": [4, 3], "car_3138": [1, 0], "car_3139": [3, 0], "car_2693": [1, 0], "car_3130": [5, 7], "car_3131": [1, 0], "car_3132": [3, 7], "car_3133": [4, 5], "car_3134": [6, 7], "car_3135": [0, 4], "car_3136": [5, 2], "car_3137": [7, 6], "car_189": [2, 7], "car_188": [0, 2], "car_185": [1, 6], "car_184": [7, 6], "car_187": [4, 6], "car_186": [3, 5], "car_181": [3, 0], "car_180": [1, 7], "car_183": [0, 1], "car_182": [4, 3], "car_749": [3, 1], "car_748": [1, 5], "car_747": [5, 6], "car_746": [6, 2], "car_745": [3, 0], "car_744": [7, 5], "car_743": [5, 3], "car_742": [2, 0], "car_741": [0, 3], "car_740": [4, 1], "car_2131": [7, 3], "car_3316": [7, 1], "car_2618": [2, 1], "car_299": [3, 1], "car_298": [1, 0], "car_1927": [3, 1], "car_1926": [1, 0], "car_1921": [7, 5], "car_1920": [2, 6], "car_1923": [6, 1], "car_1922": [4, 6], "car_291": [7, 0], "car_290": [5, 7], "car_293": [4, 2], "car_292": [3, 2], "car_295": [0, 6], "car_294": [6, 0], "car_297": [7, 2], "car_296": [5, 2], "car_1329": [2, 6], "car_1328": [0, 3], "car_1327": [6, 3], "car_1326": [1, 7], "car_1325": [0, 2], "car_1324": [6, 2], "car_1323": [4, 0], "car_1322": [1, 7], "car_1321": [5, 3], "car_1320": [2, 0], "car_365": [1, 5], "car_364": [7, 6], "car_367": [4, 0], "car_366": [3, 7], "car_361": [1, 6], "car_360": [7, 4], "car_363": [6, 4], "car_362": [4, 5], "car_1811": [5, 6], "car_1810": [2, 1], "car_1813": [1, 4], "car_1812": [7, 1], "car_369": [2, 6], "car_368": [6, 1], "car_1817": [0, 1], "car_1816": [6, 0], "car_167": [0, 2], "car_166": [6, 3], "car_165": [4, 7], "car_164": [1, 4], "car_163": [7, 4], "car_162": [5, 1], "car_161": [2, 4], "car_160": [0, 3], "car_169": [7, 2], "car_168": [5, 2], "car_1495": [2, 3], "car_1494": [0, 6], "car_1497": [7, 3], "car_1496": [5, 2], "car_1491": [5, 0], "car_1490": [2, 4], "car_1493": [6, 1], "car_1492": [1, 6], "car_1499": [3, 5], "car_1498": [1, 0], "car_1253": [4, 1], "car_1252": [3, 7], "car_1251": [1, 2], "car_1250": [5, 7], "car_1257": [7, 0], "car_1256": [2, 0], "car_1255": [0, 1], "car_1254": [6, 5], "car_2850": [3, 0], "car_1259": [4, 2], "car_1258": [3, 2], "car_2851": [4, 5], "car_1868": [6, 0], "car_2852": [6, 1], "car_2853": [5, 0], "car_3248": [1, 3], "car_1789": [2, 3], "car_1788": [0, 6], "car_2070": [3, 4], "car_2071": [4, 7], "car_2076": [3, 4], "car_2077": [6, 7], "car_2074": [2, 3], "car_2075": [5, 6], "car_1781": [3, 7], "car_1780": [1, 7], "car_1783": [0, 4], "car_1782": [4, 0], "car_1785": [7, 5], "car_1784": [5, 0], "car_1787": [6, 3], "car_1786": [1, 0], "car_1077": [3, 4], "car_1076": [1, 6], "car_1075": [7, 0], "car_1074": [5, 1], "car_1073": [2, 0], "car_1072": [6, 7], "car_1071": [4, 2], "car_1070": [3, 7], "car_2678": [6, 4], "car_2679": [0, 4], "car_1079": [6, 3], "car_1078": [4, 6], "car_3257": [1, 7], "car_2139": [6, 3], "car_3256": [7, 6], "car_2034": [3, 4], "car_2300": [5, 1], "car_2035": [4, 7], "car_2301": [3, 7], "car_2032": [0, 7], "car_2033": [7, 1], "car_2996": [4, 5], "car_2138": [3, 1], "car_985": [2, 3], "car_984": [4, 3], "car_987": [7, 4], "car_986": [5, 3], "car_981": [7, 3], "car_980": [2, 7], "car_983": [3, 1], "car_982": [1, 2], "car_1675": [5, 1], "car_1674": [2, 4], "car_1677": [1, 4], "car_1676": [7, 4], "car_989": [0, 1], "car_988": [6, 1], "car_1673": [0, 3], "car_1672": [6, 1], "car_2784": [4, 5], "car_2785": [0, 3], "car_1479": [4, 3], "car_1478": [5, 6], "car_2780": [5, 4], "car_2781": [7, 2], "car_2782": [1, 3], "car_2783": [3, 6], "car_1473": [0, 3], "car_1472": [6, 0], "car_1471": [3, 0], "car_1470": [7, 3], "car_1477": [2, 3], "car_1476": [6, 1], "car_1475": [3, 7], "car_1474": [5, 2], "car_2890": [4, 3], "car_2891": [0, 7], "car_2892": [2, 1], "car_2893": [5, 2], "car_2894": [3, 4], "car_1743": [5, 7], "car_2896": [7, 6], "car_2897": [1, 7], "car_2898": [3, 5], "car_2899": [6, 2], "car_1742": [2, 0], "car_2990": [4, 6], "car_2528": [0, 2], "car_2529": [5, 2], "car_2258": [7, 0], "car_2259": [1, 2], "car_3307": [1, 2], "car_2689": [0, 1], "car_3305": [5, 1], "car_3304": [2, 3], "car_2252": [1, 0], "car_2253": [3, 1], "car_2250": [5, 7], "car_2251": [7, 3], "car_2256": [0, 7], "car_2257": [2, 0], "car_2254": [4, 1], "car_2255": [6, 5], "car_2098": [0, 6], "car_2099": [5, 6], "car_2090": [0, 7], "car_2091": [2, 3], "car_2092": [5, 1], "car_2093": [7, 2], "car_2094": [1, 3], "car_2095": [3, 1], "car_2096": [4, 1], "car_2097": [6, 5], "car_2992": [0, 7], "car_3237": [7, 1], "car_3236": [5, 4], "car_569": [6, 0], "car_568": [4, 0], "car_3233": [1, 6], "car_3232": [7, 3], "car_2328": [3, 1], "car_2329": [4, 7], "car_563": [6, 7], "car_562": [1, 6], "car_561": [7, 4], "car_560": [5, 6], "car_567": [3, 4], "car_566": [7, 2], "car_565": [2, 4], "car_564": [0, 2], "car_2331": [2, 5], "car_620": [5, 4], "car_621": [1, 0], "car_622": [3, 7], "car_623": [6, 2], "car_624": [0, 4], "car_625": [5, 1], "car_626": [7, 3], "car_627": [3, 5], "car_628": [4, 2], "car_629": [6, 1], "car_1869": [2, 1], "car_3129": [2, 0], "car_3128": [0, 3], "car_3123": [2, 1], "car_3122": [0, 4], "car_3121": [6, 2], "car_3120": [4, 0], "car_3127": [3, 2], "car_3126": [1, 6], "car_3125": [7, 3], "car_3124": [5, 3], "car_1866": [3, 0], "car_1867": [4, 6], "car_198": [1, 2], "car_199": [3, 1], "car_2831": [7, 5], "car_192": [1, 0], "car_193": [3, 2], "car_190": [5, 6], "car_191": [7, 1], "car_196": [0, 5], "car_197": [2, 6], "car_194": [4, 6], "car_195": [6, 2], "car_758": [5, 2], "car_759": [3, 5], "car_754": [1, 6], "car_755": [3, 2], "car_756": [4, 2], "car_757": [2, 3], "car_750": [6, 5], "car_751": [2, 1], "car_752": [5, 4], "car_753": [7, 5], "car_1940": [2, 0], "car_2991": [6, 4], "car_3299": [7, 0], "car_3298": [5, 3], "car_286": [4, 2], "car_287": [6, 7], "car_284": [7, 5], "car_285": [3, 7], "car_282": [2, 1], "car_283": [5, 1], "car_280": [6, 3], "car_281": [0, 7], "car_1949": [4, 0], "car_288": [0, 4], "car_289": [2, 5], "car_1948": [3, 7], "car_2791": [6, 7], "car_1312": [7, 0], "car_1313": [6, 1], "car_1310": [4, 7], "car_1311": [6, 1], "car_1316": [1, 2], "car_1317": [3, 4], "car_1314": [0, 6], "car_1315": [7, 6], "car_1318": [4, 6], "car_1319": [0, 6], "car_2450": [0, 3], "car_2451": [2, 0], "car_2452": [7, 2], "car_372": [4, 0], "car_373": [6, 3], "car_370": [5, 0], "car_371": [1, 0], "car_376": [7, 0], "car_377": [1, 0], "car_374": [0, 2], "car_375": [2, 5], "car_1864": [7, 6], "car_1865": [1, 6], "car_378": [0, 1], "car_379": [5, 3], "car_1860": [3, 1], "car_1861": [6, 5], "car_1862": [0, 5], "car_1863": [5, 1], "car_174": [7, 5], "car_175": [1, 5], "car_176": [4, 3], "car_177": [6, 1], "car_170": [3, 2], "car_171": [4, 6], "car_172": [2, 6], "car_173": [5, 4], "car_2457": [2, 3], "car_178": [5, 2], "car_179": [7, 2], "car_2338": [3, 5], "car_1266": [4, 2], "car_1267": [0, 6], "car_1264": [1, 6], "car_1265": [3, 2], "car_1262": [5, 2], "car_1263": [7, 3], "car_1260": [6, 1], "car_1261": [0, 7], "car_2949": [7, 5], "car_1268": [2, 3], "car_1269": [5, 4], "car_2406": [7, 0], "car_2065": [4, 2], "car_2064": [3, 6], "car_1048": [1, 0], "car_1049": [4, 3], "car_2061": [0, 4], "car_2060": [6, 3], "car_2063": [7, 4], "car_2062": [2, 4], "car_1042": [3, 7], "car_1043": [6, 0], "car_1040": [5, 6], "car_1041": [1, 4], "car_1046": [5, 0], "car_1047": [7, 2], "car_1044": [0, 3], "car_1045": [2, 1], "car_2663": [0, 2], "car_2662": [6, 7], "car_2661": [4, 3], "car_2660": [3, 2], "car_2667": [0, 5], "car_2666": [1, 6], "car_2665": [7, 2], "car_2664": [5, 7], "car_2669": [5, 3], "car_2668": [2, 1], "car_2404": [2, 3], "car_78": [0, 3], "car_79": [2, 1], "car_72": [6, 4], "car_73": [0, 6], "car_70": [1, 7], "car_71": [3, 5], "car_76": [3, 5], "car_77": [4, 2], "car_74": [7, 1], "car_75": [1, 2], "car_992": [7, 6], "car_993": [1, 7], "car_990": [2, 0], "car_991": [5, 3], "car_996": [6, 3], "car_997": [0, 1], "car_994": [3, 7], "car_995": [4, 2], "car_1688": [2, 3], "car_1689": [7, 1], "car_998": [2, 0], "car_999": [5, 4], "car_2409": [6, 5], "car_2408": [3, 7], "car_2797": [6, 7], "car_2796": [4, 0], "car_2795": [3, 1], "car_2794": [1, 7], "car_2793": [2, 3], "car_2792": [0, 1], "car_1448": [6, 1], "car_1449": [0, 2], "car_1446": [1, 5], "car_1447": [4, 2], "car_1444": [5, 2], "car_1445": [7, 5], "car_1442": [0, 7], "car_1443": [2, 0], "car_1440": [3, 7], "car_1441": [6, 0], "car_2883": [3, 1], "car_2882": [1, 7], "car_2881": [7, 4], "car_2798": [5, 6], "car_2887": [7, 1], "car_2886": [2, 0], "car_2885": [0, 1], "car_2884": [6, 3], "car_2889": [3, 1], "car_2888": [1, 0], "car_2401": [4, 0], "car_2986": [6, 7], "car_2539": [5, 3], "car_2538": [2, 0], "car_2249": [0, 7], "car_2248": [6, 5], "car_3330": [3, 7], "car_3331": [6, 3], "car_2245": [1, 5], "car_2244": [7, 1], "car_2247": [4, 1], "car_2246": [3, 2], "car_2241": [0, 4], "car_2240": [4, 2], "car_2243": [5, 6], "car_2242": [2, 4], "car_2089": [6, 2], "car_2088": [3, 5], "car_2083": [6, 2], "car_2082": [4, 7], "car_2081": [1, 4], "car_2080": [7, 5], "car_2087": [1, 0], "car_2086": [5, 7], "car_2085": [2, 7], "car_2084": [0, 6], "car_3180": [3, 7], "car_3183": [0, 2], "car_3239": [6, 2], "car_2984": [1, 7], "car_3208": [1, 3], "car_3209": [3, 6], "car_3202": [7, 0], "car_3203": [1, 0], "car_3200": [2, 3], "car_3186": [7, 6], "car_3206": [0, 2], "car_3207": [5, 6], "car_3204": [3, 1], "car_3205": [4, 0], "car_578": [4, 2], "car_579": [6, 1], "car_2333": [7, 0], "car_2332": [5, 0], "car_2335": [6, 5], "car_2334": [4, 1], "car_2337": [1, 4], "car_553": [2, 0], "car_570": [2, 7], "car_571": [5, 0], "car_572": [7, 3], "car_573": [1, 7], "car_574": [3, 7], "car_806": [6, 2], "car_576": [7, 0], "car_577": [1, 3], "car_807": [0, 5], "car_800": [6, 1], "car_801": [0, 7], "car_802": [5, 4], "car_2192": [1, 3], "car_803": [7, 0], "car_2067": [5, 3], "car_2066": [2, 3], "car_619": [2, 4], "car_618": [4, 5], "car_615": [7, 5], "car_614": [5, 6], "car_617": [3, 2], "car_616": [1, 5], "car_611": [3, 4], "car_610": [7, 5], "car_613": [2, 4], "car_612": [0, 1], "car_2151": [3, 2], "car_3118": [1, 3], "car_3119": [3, 1], "car_3116": [2, 0], "car_3117": [5, 4], "car_3114": [3, 4], "car_3115": [0, 2], "car_3112": [7, 2], "car_3113": [1, 5], "car_3110": [2, 1], "car_3111": [5, 6], "car_2704": [7, 3], "car_2705": [3, 5], "car_2706": [4, 5], "car_2150": [1, 2], "car_2707": [0, 3], "car_2069": [1, 0], "car_2068": [7, 4], "car_2702": [2, 6], "car_2703": [5, 1], "car_769": [7, 3], "car_768": [5, 7], "car_2567": [1, 2], "car_761": [0, 2], "car_760": [6, 1], "car_763": [1, 4], "car_762": [7, 6], "car_765": [4, 2], "car_764": [3, 5], "car_767": [0, 5], "car_766": [6, 7], "car_2216": [6, 1], "car_2217": [2, 0], "car_2330": [6, 7], "car_2214": [3, 2], "car_2215": [4, 2], "car_2212": [5, 3], "car_2213": [7, 0], "car_2210": [0, 3], "car_2211": [2, 0], "car_575": [0, 2], "car_1305": [4, 7], "car_1304": [3, 7], "car_1307": [2, 0], "car_1306": [0, 7], "car_1301": [2, 4], "car_1300": [0, 7], "car_1303": [1, 2], "car_1302": [5, 3], "car_1309": [1, 7], "car_1308": [5, 2], "car_389": [3, 2], "car_388": [7, 1], "car_387": [5, 3], "car_386": [2, 4], "car_385": [0, 2], "car_384": [6, 5], "car_383": [4, 5], "car_382": [3, 4], "car_381": [1, 4], "car_380": [7, 2], "car_141": [1, 2], "car_140": [7, 2], "car_143": [0, 2], "car_142": [3, 5], "car_145": [5, 4], "car_144": [2, 6], "car_147": [4, 2], "car_146": [7, 2], "car_149": [2, 7], "car_148": [6, 0], "car_2407": [1, 0], "car_1279": [0, 7], "car_1278": [4, 3], "car_1271": [3, 5], "car_1270": [1, 2], "car_1273": [6, 3], "car_1272": [4, 0], "car_1275": [5, 2], "car_1274": [2, 4], "car_1277": [1, 5], "car_1276": [7, 1], "car_2326": [5, 2], "car_2847": [2, 3], "car_2327": [1, 6], "car_1059": [1, 2], "car_1058": [7, 0], "car_1055": [4, 2], "car_1054": [3, 7], "car_1057": [2, 0], "car_1056": [0, 6], "car_1051": [2, 4], "car_1050": [0, 3], "car_1053": [1, 4], "car_1052": [5, 4], "car_2656": [4, 6], "car_2657": [6, 5], "car_2654": [1, 7], "car_2655": [3, 5], "car_2652": [0, 4], "car_2653": [2, 5], "car_2650": [4, 6], "car_2651": [6, 7], "car_2415": [0, 3], "car_2658": [5, 4], "car_2659": [1, 5], "car_2416": [2, 1], "car_69": [7, 2], "car_68": [5, 7], "car_2438": [6, 2], "car_2439": [0, 6], "car_61": [1, 0], "car_60": [7, 6], "car_63": [6, 3], "car_62": [4, 2], "car_65": [3, 2], "car_64": [5, 4], "car_67": [2, 6], "car_66": [0, 5], "car_1693": [0, 1], "car_1692": [6, 0], "car_1691": [3, 1], "car_1690": [1, 4], "car_1697": [2, 0], "car_1696": [4, 3], "car_969": [3, 7], "car_968": [1, 3], "car_967": [7, 2], "car_966": [5, 1], "car_965": [2, 0], "car_964": [0, 6], "car_963": [4, 5], "car_962": [3, 5], "car_961": [1, 7], "car_960": [7, 3], "car_1451": [7, 4], "car_1450": [5, 4], "car_1453": [3, 4], "car_1452": [1, 4], "car_1455": [6, 4], "car_1454": [4, 7], "car_1457": [5, 4], "car_1456": [2, 5], "car_1459": [3, 0], "car_1458": [1, 4], "car_2410": [2, 3], "car_2837": [7, 4], "car_3329": [1, 4], "car_3328": [5, 6], "car_3175": [0, 7], "car_3321": [2, 4], "car_3320": [6, 7], "car_3323": [7, 1], "car_3322": [5, 3], "car_3325": [6, 5], "car_3279": [3, 7], "car_3327": [2, 4], "car_3326": [0, 3], "car_3278": [7, 0], "car_2411": [7, 6], "car_2508": [2, 7], "car_2509": [1, 6], "car_2506": [6, 0], "car_2507": [0, 1], "car_2504": [3, 6], "car_2505": [4, 3], "car_2502": [5, 2], "car_2503": [1, 0], "car_2500": [6, 7], "car_2501": [0, 4], "car_2737": [3, 0], "car_1680": [6, 7], "car_1681": [0, 6], "car_3173": [4, 1], "car_1682": [2, 7], "car_1683": [7, 4], "car_3272": [3, 5], "car_1684": [1, 2], "car_2736": [5, 2], "car_1685": [4, 1], "car_1891": [3, 4], "car_3270": [5, 2], "car_1686": [6, 2], "car_1890": [1, 3], "car_1687": [0, 1], "car_1893": [2, 4], "car_545": [0, 4], "car_544": [6, 1], "car_547": [5, 7], "car_546": [2, 4], "car_541": [5, 7], "car_540": [2, 4], "car_543": [3, 5], "car_542": [1, 5], "car_3215": [4, 0], "car_1895": [6, 2], "car_3217": [0, 3], "car_3216": [6, 5], "car_549": [1, 7], "car_548": [7, 4], "car_819": [5, 6], "car_818": [2, 5], "car_2344": [4, 2], "car_2345": [0, 1], "car_2346": [2, 6], "car_2347": [7, 6], "car_2340": [0, 7], "car_1897": [2, 0], "car_2342": [5, 2], "car_2343": [3, 2], "car_2405": [5, 6], "car_1896": [0, 7], "car_2348": [1, 7], "car_2349": [3, 7], "car_33": [1, 7], "car_1767": [7, 2], "car_1766": [5, 0], "car_1765": [2, 5], "car_608": [2, 3], "car_609": [5, 0], "car_2941": [0, 7], "car_602": [0, 4], "car_603": [2, 4], "car_600": [3, 1], "car_601": [4, 2], "car_606": [3, 5], "car_607": [0, 3], "car_604": [5, 0], "car_605": [7, 4], "car_3101": [6, 3], "car_3100": [1, 7], "car_3103": [2, 4], "car_3102": [0, 3], "car_3105": [7, 6], "car_1761": [3, 0], "car_3107": [3, 2], "car_3106": [1, 2], "car_3109": [0, 7], "car_3108": [6, 2], "car_1760": [1, 0], "car_2799": [4, 2], "car_776": [4, 7], "car_777": [0, 5], "car_774": [5, 6], "car_775": [3, 7], "car_772": [6, 4], "car_773": [0, 6], "car_770": [3, 4], "car_771": [4, 2], "car_1768": [1, 5], "car_778": [2, 0], "car_779": [3, 0], "car_2418": [7, 2], "car_2880": [2, 5], "car_1750": [4, 3], "car_2419": [1, 5], "car_3293": [3, 0], "car_3292": [1, 4], "car_3251": [2, 4], "car_1994": [5, 7], "car_1995": [7, 5], "car_1996": [1, 6], "car_1997": [4, 1], "car_1990": [1, 6], "car_1991": [3, 4], "car_1992": [6, 7], "car_1993": [2, 6], "car_1998": [6, 5], "car_1999": [2, 3], "car_2846": [0, 2], "car_3250": [6, 7], "car_1842": [0, 2], "car_1806": [1, 4], "car_1840": [3, 4], "car_1841": [6, 7], "car_398": [1, 7], "car_399": [3, 5], "car_1844": [1, 2], "car_1807": [3, 6], "car_394": [3, 2], "car_395": [6, 1], "car_396": [0, 6], "car_397": [5, 2], "car_390": [4, 1], "car_391": [6, 4], "car_392": [0, 7], "car_393": [2, 3], "car_158": [4, 6], "car_159": [6, 1], "car_156": [5, 1], "car_157": [3, 1], "car_154": [6, 1], "car_155": [0, 5], "car_152": [3, 6], "car_153": [4, 2], "car_150": [7, 4], "car_151": [1, 6], "car_1208": [0, 6], "car_1209": [5, 1], "car_1204": [1, 2], "car_1205": [3, 6], "car_1206": [4, 7], "car_1207": [6, 3], "car_1200": [6, 3], "car_1201": [0, 3], "car_1202": [5, 4], "car_1203": [7, 4], "car_2601": [7, 3], "car_2403": [0, 3], "car_3252": [5, 3], "car_1808": [6, 5], "car_3255": [6, 3], "car_1809": [0, 3], "car_2649": [3, 1], "car_2612": [2, 6], "car_2613": [5, 3], "car_2641": [7, 3], "car_2640": [0, 1], "car_2643": [4, 6], "car_2642": [3, 0], "car_2645": [2, 3], "car_2644": [6, 2], "car_2647": [7, 3], "car_2646": [5, 3], "car_1510": [4, 2], "car_1511": [6, 3], "car_1512": [2, 0], "car_1513": [1, 6], "car_1514": [3, 6], "car_1515": [4, 0], "car_1516": [0, 7], "car_1517": [2, 3], "car_1518": [5, 7], "car_1519": [7, 2], "car_2531": [3, 2], "car_2965": [1, 4], "car_2530": [1, 0], "car_2966": [6, 1], "car_2537": [0, 4], "car_2967": [0, 6], "car_2536": [7, 5], "car_2968": [2, 4], "car_2855": [6, 5], "car_1198": [3, 6], "car_1199": [4, 0], "car_2969": [5, 1], "car_1194": [0, 7], "car_1195": [2, 0], "car_1196": [7, 5], "car_1197": [1, 7], "car_1190": [5, 3], "car_1191": [7, 4], "car_1192": [1, 4], "car_1193": [3, 4], "car_2619": [5, 6], "car_2429": [5, 0], "car_2428": [2, 0], "car_2425": [4, 0], "car_2424": [1, 5], "car_2427": [0, 1], "car_2426": [6, 1], "car_2421": [0, 6], "car_2126": [7, 3], "car_2423": [7, 5], "car_2422": [5, 4], "car_2856": [0, 6], "car_2127": [1, 5], "car_978": [6, 0], "car_979": [0, 7], "car_974": [7, 5], "car_975": [1, 6], "car_976": [3, 1], "car_977": [4, 6], "car_970": [4, 1], "car_971": [0, 7], "car_972": [2, 3], "car_973": [5, 4], "car_1424": [2, 7], "car_1425": [5, 1], "car_1426": [7, 5], "car_1427": [3, 0], "car_1420": [7, 3], "car_1421": [1, 5], "car_1422": [6, 2], "car_1423": [0, 1], "car_2402": [6, 7], "car_1428": [4, 1], "car_1429": [0, 7], "car_2857": [2, 4], "car_3259": [4, 7], "car_2128": [3, 6], "car_3258": [3, 1], "car_2129": [4, 3], "car_2511": [6, 1], "car_2510": [4, 1], "car_2513": [5, 6], "car_2512": [2, 5], "car_2515": [4, 2], "car_2514": [1, 6], "car_2517": [0, 2], "car_2516": [6, 7], "car_2519": [3, 2], "car_2518": [7, 4], "car_1738": [5, 7], "car_1739": [3, 2], "car_1730": [4, 1], "car_1731": [6, 0], "car_1732": [0, 4], "car_1733": [2, 3], "car_1734": [7, 4], "car_1735": [4, 0], "car_1736": [0, 2], "car_1737": [2, 1], "car_54": [7, 2], "car_55": [1, 2], "car_56": [3, 0], "car_57": [6, 1], "car_50": [6, 0], "car_51": [0, 6], "car_52": [2, 5], "car_53": [5, 0], "car_58": [2, 4], "car_59": [5, 6], "car_2609": [4, 5], "car_552": [6, 2], "car_805": [4, 6], "car_550": [3, 7], "car_551": [4, 5], "car_556": [3, 2], "car_557": [4, 6], "car_554": [5, 7], "car_555": [7, 1], "car_558": [6, 3], "car_559": [0, 3], "car_808": [5, 4], "car_809": [1, 6], "car_2357": [0, 3], "car_2356": [6, 1], "car_2355": [3, 2], "car_2354": [7, 0], "car_2353": [2, 1], "car_2352": [0, 2], "car_2351": [6, 4], "car_2350": [4, 5], "car_2359": [4, 0], "car_2358": [3, 2], "car_1757": [2, 4], "car_2339": [4, 3], "car_2469": [6, 2], "car_3174": [6, 4], "car_2915": [3, 5], "car_3176": [2, 4], "car_3177": [5, 6], "car_3170": [5, 7], "car_3171": [1, 0], "car_3172": [3, 1], "car_2914": [1, 2], "car_3178": [7, 6], "car_3179": [1, 5], "car_2468": [3, 7], "car_703": [4, 7], "car_702": [3, 0], "car_701": [1, 2], "car_700": [5, 2], "car_707": [1, 0], "car_706": [7, 4], "car_705": [5, 4], "car_704": [0, 3], "car_709": [4, 7], "car_708": [3, 0], "car_3008": [5, 2], "car_3009": [7, 5], "car_3000": [6, 5], "car_3001": [2, 0], "car_3002": [5, 6], "car_3003": [7, 5], "car_3004": [3, 0], "car_3005": [4, 2], "car_3006": [0, 1], "car_3007": [2, 3], "car_2221": [4, 1], "car_2308": [6, 1], "car_2400": [3, 4], "car_2309": [2, 5], "car_3201": [5, 6], "car_1987": [1, 4], "car_1986": [7, 3], "car_1985": [5, 0], "car_1984": [0, 7], "car_1983": [6, 1], "car_1982": [4, 0], "car_1981": [3, 7], "car_1980": [1, 7], "car_1989": [5, 4], "car_1988": [3, 4], "car_2768": [4, 2], "car_1855": [4, 7], "car_1796": [0, 7], "car_1857": [0, 5], "car_1856": [6, 4], "car_1851": [2, 6], "car_1850": [6, 4], "car_1853": [1, 4], "car_1797": [2, 5], "car_2336": [7, 3], "car_1859": [1, 5], "car_1794": [4, 1], "car_2230": [1, 7], "car_129": [3, 0], "car_128": [1, 4], "car_2231": [3, 6], "car_123": [3, 5], "car_122": [1, 2], "car_121": [7, 4], "car_120": [5, 4], "car_127": [7, 6], "car_126": [5, 0], "car_125": [2, 3], "car_124": [4, 7], "car_1790": [5, 2], "car_1219": [1, 7], "car_1218": [7, 2], "car_1217": [5, 7], "car_1216": [2, 0], "car_1215": [4, 2], "car_1214": [7, 1], "car_1213": [0, 5], "car_1212": [3, 1], "car_1211": [1, 4], "car_1210": [7, 6], "car_1415": [1, 4], "car_1414": [7, 3], "car_1417": [6, 7], "car_1416": [4, 2], "car_1411": [6, 3], "car_1410": [3, 0], "car_237": [2, 7], "car_236": [6, 0], "car_235": [3, 1], "car_234": [1, 5], "car_233": [7, 5], "car_232": [2, 5], "car_231": [0, 3], "car_230": [6, 7], "car_1412": [0, 5], "car_239": [6, 3], "car_238": [1, 0], "car_2988": [1, 5], "car_2989": [3, 0], "car_2638": [4, 1], "car_2639": [6, 0], "car_2634": [5, 3], "car_2635": [7, 4], "car_2636": [1, 3], "car_2637": [3, 6], "car_2630": [4, 5], "car_2631": [6, 1], "car_2632": [0, 1], "car_2633": [2, 7], "car_1503": [5, 2], "car_1502": [2, 7], "car_1501": [0, 6], "car_1500": [6, 0], "car_1507": [6, 5], "car_1506": [3, 4], "car_1505": [1, 2], "car_1504": [7, 4], "car_1509": [1, 2], "car_1508": [5, 2], "car_1189": [2, 3], "car_1188": [0, 7], "car_1187": [6, 5], "car_1186": [1, 0], "car_1185": [7, 3], "car_1184": [5, 0], "car_1183": [0, 4], "car_1182": [6, 3], "car_1181": [4, 1], "car_1180": [3, 7], "car_2182": [1, 5], "car_2183": [3, 0], "car_2180": [5, 4], "car_2181": [7, 2], "car_2186": [1, 2], "car_2187": [3, 0], "car_2184": [4, 2], "car_2185": [2, 0], "car_2188": [4, 1], "car_2189": [2, 1], "car_949": [4, 7], "car_948": [3, 7], "car_2742": [0, 5], "car_2743": [7, 2], "car_2744": [1, 3], "car_2745": [3, 1], "car_2746": [6, 0], "car_2747": [2, 1], "car_941": [0, 7], "car_940": [4, 7], "car_943": [1, 0], "car_942": [5, 1], "car_945": [6, 5], "car_944": [3, 7], "car_947": [1, 3], "car_946": [0, 2], "car_1437": [5, 6], "car_1436": [2, 3], "car_1435": [0, 4], "car_1434": [6, 1], "car_1433": [4, 5], "car_1432": [3, 4], "car_1431": [1, 6], "car_1430": [2, 1], "car_1439": [1, 5], "car_1438": [7, 5], "car_2238": [6, 7], "car_2823": [6, 3], "car_493": [3, 6], "car_492": [7, 4], "car_491": [5, 2], "car_490": [2, 6], "car_497": [2, 6], "car_496": [0, 5], "car_495": [6, 7], "car_494": [4, 5], "car_499": [7, 5], "car_498": [5, 0], "car_2296": [3, 7], "car_2297": [4, 6], "car_2294": [7, 1], "car_2239": [2, 6], "car_2292": [2, 4], "car_2293": [5, 7], "car_2290": [4, 7], "car_2291": [0, 1], "car_1918": [6, 7], "car_2568": [3, 5], "car_2569": [4, 0], "car_2298": [0, 3], "car_1919": [0, 6], "car_1729": [3, 7], "car_1728": [1, 5], "car_1723": [3, 0], "car_1722": [1, 3], "car_1721": [7, 4], "car_1720": [5, 4], "car_1727": [7, 1], "car_1726": [2, 4], "car_1725": [6, 7], "car_1724": [4, 0], "car_43": [6, 2], "car_42": [3, 4], "car_41": [1, 6], "car_40": [5, 7], "car_47": [7, 0], "car_46": [5, 7], "car_45": [2, 4], "car_44": [0, 1], "car_49": [4, 0], "car_48": [3, 4], "car_1916": [3, 6], "car_1917": [4, 7], "car_1858": [5, 7], "car_831": [5, 0], "car_830": [2, 4], "car_833": [1, 7], "car_832": [7, 4], "car_835": [6, 0], "car_834": [3, 2], "car_837": [5, 1], "car_836": [2, 3], "car_839": [3, 2], "car_838": [7, 5], "car_2360": [6, 3], "car_2361": [0, 5], "car_2366": [4, 7], "car_2367": [6, 4], "car_2364": [1, 6], "car_2365": [3, 5], "car_2168": [3, 7], "car_2169": [4, 1], "car_2160": [0, 6], "car_2161": [2, 3], "car_2162": [7, 6], "car_2163": [1, 4], "car_2164": [6, 4], "car_2165": [5, 7], "car_2166": [7, 6], "car_2167": [1, 0], "car_2810": [3, 6], "car_2811": [4, 6], "car_2812": [6, 5], "car_2813": [2, 6], "car_1941": [5, 0], "car_2814": [5, 6], "car_3055": [4, 6], "car_2815": [1, 6], "car_2544": [7, 3], "car_3235": [6, 3], "car_2817": [4, 2], "car_3167": [4, 5], "car_3166": [3, 5], "car_3165": [1, 6], "car_3164": [7, 6], "car_3163": [5, 1], "car_3162": [6, 3], "car_3161": [3, 0], "car_3160": [1, 0], "car_2463": [2, 7], "car_3169": [2, 5], "car_3168": [0, 4], "car_2462": [0, 1], "car_3309": [6, 0], "car_710": [6, 4], "car_711": [2, 3], "car_712": [5, 4], "car_713": [7, 6], "car_714": [1, 0], "car_715": [3, 5], "car_716": [6, 5], "car_717": [0, 4], "car_718": [1, 0], "car_719": [3, 7], "car_1892": [6, 5], "car_3019": [1, 6], "car_3018": [5, 0], "car_3028": [2, 7], "car_3013": [7, 1], "car_3012": [5, 4], "car_3011": [2, 7], "car_3010": [3, 0], "car_3017": [0, 1], "car_3016": [6, 4], "car_3015": [3, 5], "car_2987": [7, 2], "car_1894": [1, 5], "car_2895": [0, 2], "car_138": [6, 1], "car_139": [5, 1], "car_130": [6, 3], "car_131": [0, 5], "car_132": [2, 7], "car_133": [5, 6], "car_134": [7, 2], "car_135": [1, 5], "car_136": [3, 5], "car_137": [4, 6], "car_1222": [2, 3], "car_1223": [5, 3], "car_1220": [3, 7], "car_1221": [0, 4], "car_1226": [3, 5], "car_1227": [4, 5], "car_1224": [7, 4], "car_1225": [1, 7], "car_1886": [4, 2], "car_1887": [0, 6], "car_1228": [0, 1], "car_1229": [2, 5], "car_1882": [0, 3], "car_1883": [2, 7], "car_1880": [4, 5], "car_1881": [6, 3], "car_2621": [6, 2], "car_224": [6, 7], "car_225": [0, 4], "car_226": [2, 5], "car_227": [5, 2], "car_220": [5, 2], "car_221": [7, 2], "car_222": [1, 3], "car_223": [3, 1], "car_228": [7, 6], "car_229": [4, 3], "car_1086": [2, 4], "car_1087": [5, 4], "car_1084": [6, 1], "car_1085": [0, 3], "car_1082": [3, 4], "car_1083": [4, 2], "car_1080": [0, 3], "car_1081": [1, 0], "car_2627": [0, 3], "car_2626": [4, 5], "car_2625": [3, 7], "car_2624": [1, 5], "car_2623": [5, 4], "car_2622": [0, 3], "car_1088": [1, 6], "car_1089": [3, 2], "car_1536": [2, 1], "car_1537": [5, 4], "car_1534": [3, 7], "car_1535": [6, 1], "car_1532": [5, 7], "car_1533": [1, 3], "car_1530": [0, 1], "car_1531": [2, 7], "car_1538": [7, 1], "car_1539": [1, 7], "car_956": [6, 4], "car_957": [0, 6], "car_954": [1, 3], "car_955": [4, 6], "car_952": [2, 0], "car_953": [5, 2], "car_950": [6, 4], "car_951": [0, 2], "car_1827": [5, 2], "car_2199": [0, 6], "car_2198": [6, 2], "car_958": [2, 4], "car_959": [5, 6], "car_1158": [5, 1], "car_1159": [7, 2], "car_1408": [7, 2], "car_1409": [1, 3], "car_2757": [5, 1], "car_2756": [0, 2], "car_2755": [6, 0], "car_1829": [6, 1], "car_1150": [5, 2], "car_1151": [1, 7], "car_1152": [6, 2], "car_1153": [5, 1], "car_1154": [3, 5], "car_1155": [4, 7], "car_1156": [0, 3], "car_1157": [2, 6], "car_2532": [4, 3], "car_2380": [1, 0], "car_2764": [5, 7], "car_2381": [6, 5], "car_2382": [0, 5], "car_2383": [5, 7], "car_1826": [2, 0], "car_3314": [0, 7], "car_3315": [5, 1], "car_480": [2, 7], "car_481": [5, 1], "car_482": [1, 0], "car_483": [3, 0], "car_484": [4, 1], "car_485": [2, 6], "car_486": [1, 7], "car_487": [3, 0], "car_488": [4, 3], "car_489": [0, 2], "car_2283": [7, 5], "car_2282": [6, 5], "car_2285": [0, 6], "car_2284": [4, 2], "car_2287": [7, 5], "car_2286": [2, 0], "car_2577": [4, 3], "car_853": [6, 1], "car_2575": [1, 7], "car_2574": [7, 4], "car_2573": [5, 0], "car_2572": [2, 7], "car_2571": [0, 3], "car_852": [4, 3], "car_851": [3, 7], "car_2579": [2, 3], "car_2578": [0, 5], "car_582": [7, 2], "car_1718": [6, 0], "car_1719": [0, 1], "car_1716": [1, 2], "car_857": [1, 2], "car_1714": [5, 4], "car_1715": [7, 2], "car_1712": [0, 1], "car_1713": [2, 1], "car_1710": [3, 6], "car_856": [7, 1], "car_2982": [5, 3], "car_1828": [7, 1], "car_855": [5, 3], "car_2983": [7, 2], "car_854": [0, 6], "car_2980": [0, 1], "car_2981": [2, 1], "car_2739": [7, 3], "car_2738": [5, 2], "car_2379": [5, 0], "car_2378": [2, 4], "car_828": [4, 7], "car_829": [6, 4], "car_826": [7, 5], "car_827": [1, 5], "car_824": [0, 2], "car_825": [2, 3], "car_822": [3, 4], "car_823": [6, 5], "car_820": [7, 6], "car_821": [1, 5], "car_2179": [2, 0], "car_2178": [0, 1], "car_2173": [5, 0], "car_2172": [2, 3], "car_2171": [0, 7], "car_2170": [6, 2], "car_2177": [6, 2], "car_2176": [4, 7], "car_2175": [3, 4], "car_2174": [7, 4], "car_3238": [4, 0], "car_2535": [5, 6], "car_3218": [2, 7], "car_3158": [5, 7], "car_3159": [7, 0], "car_2534": [2, 7], "car_3152": [2, 6], "car_3153": [1, 5], "car_3150": [1, 7], "car_3151": [3, 0], "car_3156": [0, 3], "car_3157": [2, 6], "car_3154": [3, 7], "car_3155": [4, 7], "car_729": [0, 4], "car_728": [6, 2], "car_725": [7, 4], "car_724": [5, 6], "car_727": [3, 1], "car_726": [1, 5], "car_721": [6, 2], "car_720": [4, 1], "car_723": [2, 3], "car_722": [0, 6], "car_2708": [5, 0], "car_3029": [5, 1], "car_3026": [6, 0], "car_3027": [0, 4], "car_3024": [1, 2], "car_3025": [3, 5], "car_3022": [2, 1], "car_3023": [5, 7], "car_3020": [3, 0], "car_3021": [6, 0], "car_2620": [4, 3], "car_3275": [0, 5], "car_1795": [6, 7], "car_3274": [6, 3], "car_1792": [1, 3], "car_3226": [1, 4], "car_1793": [3, 0], "car_2440": [2, 4], "car_105": [1, 0], "car_104": [7, 0], "car_107": [6, 4], "car_106": [3, 2], "car_101": [3, 7], "car_100": [1, 5], "car_103": [5, 6], "car_102": [0, 7], "car_1888": [2, 6], "car_109": [2, 5], "car_108": [0, 3], "car_1791": [7, 4], "car_1235": [5, 6], "car_1234": [0, 4], "car_1237": [1, 7], "car_1236": [7, 4], "car_1231": [1, 0], "car_1230": [7, 0], "car_1233": [6, 1], "car_1232": [3, 6], "car_1899": [7, 3], "car_1898": [5, 3], "car_1239": [4, 0], "car_1238": [3, 4], "car_3141": [6, 3], "car_211": [4, 2], "car_210": [1, 4], "car_213": [7, 0], "car_212": [2, 0], "car_215": [3, 7], "car_214": [1, 4], "car_217": [6, 7], "car_216": [4, 7], "car_219": [2, 4], "car_218": [0, 3], "car_2676": [3, 0], "car_1529": [3, 6], "car_1528": [1, 6], "car_2610": [6, 0], "car_2611": [0, 3], "car_2616": [3, 0], "car_2617": [0, 7], "car_2614": [7, 3], "car_2615": [1, 7], "car_1521": [5, 3], "car_1520": [3, 7], "car_1523": [1, 5], "car_1522": [7, 6], "car_1525": [6, 4], "car_1524": [4, 1], "car_1527": [5, 2], "car_1526": [2, 1], "car_3227": [3, 7], "car_2849": [1, 4], "car_2700": [4, 0], "car_2848": [5, 2], "car_2740": [1, 4], "car_3222": [0, 1], "car_2741": [3, 4], "car_3223": [2, 4], "car_2313": [4, 7], "car_2701": [0, 2], "car_2312": [1, 2], "car_2311": [7, 5], "car_923": [4, 2], "car_922": [1, 6], "car_921": [7, 6], "car_920": [0, 3], "car_927": [5, 7], "car_926": [2, 5], "car_925": [0, 2], "car_924": [6, 3], "car_2317": [7, 0], "car_929": [1, 3], "car_928": [7, 4], "car_2316": [5, 7], "car_2766": [1, 6], "car_2748": [7, 2], "car_1149": [2, 4], "car_1148": [0, 6], "car_1419": [5, 4], "car_1418": [0, 1], "car_2760": [3, 4], "car_2749": [1, 6], "car_1143": [7, 3], "car_1142": [6, 7], "car_1141": [4, 3], "car_1140": [3, 0], "car_1147": [6, 7], "car_1146": [4, 2], "car_1145": [3, 5], "car_1144": [1, 6], "car_1099": [5, 1], "car_1098": [2, 3], "car_1091": [6, 0], "car_1090": [4, 5], "car_1093": [5, 0], "car_1092": [0, 6], "car_1095": [3, 4], "car_1094": [7, 4], "car_1097": [0, 2], "car_1096": [4, 1], "car_2818": [6, 5], "car_2819": [0, 7], "car_2548": [1, 0], "car_2549": [3, 5], "car_2542": [6, 4], "car_2543": [2, 6], "car_2540": [1, 7], "car_2541": [4, 3], "car_2546": [5, 6], "car_2547": [7, 6], "car_2521": [6, 5], "car_2545": [0, 4], "car_1701": [4, 0], "car_1700": [1, 6], "car_1703": [5, 7], "car_1702": [6, 4], "car_1705": [3, 4], "car_1704": [7, 5], "car_1707": [5, 6], "car_1706": [4, 6], "car_1709": [1, 2], "car_1708": [7, 1], "car_2522": [0, 7], "car_2523": [2, 7], "car_589": [3, 1], "car_588": [1, 2], "car_859": [6, 1], "car_858": [4, 1], "car_2384": [3, 1], "car_2385": [2, 7], "car_1695": [3, 7], "car_2387": [7, 3], "car_581": [2, 0], "car_580": [0, 1], "car_583": [1, 5], "car_850": [7, 3], "car_585": [4, 3], "car_584": [3, 1], "car_587": [2, 1], "car_586": [6, 3], "car_2002": [4, 1], "car_2148": [5, 3], "car_2149": [7, 2], "car_2146": [6, 0], "car_2147": [0, 6], "car_2144": [3, 2], "car_2145": [4, 1], "car_2142": [7, 0], "car_2143": [1, 6], "car_2140": [2, 5], "car_2141": [5, 0], "car_2985": [4, 0], "car_3149": [5, 7], "car_3148": [2, 6], "car_3145": [1, 2], "car_3144": [7, 2], "car_3147": [4, 6], "car_3146": [3, 4], "car_2779": [2, 3], "car_3140": [4, 0], "car_3143": [2, 5], "car_3142": [0, 3], "car_457": [5, 3], "car_456": [2, 3], "car_455": [0, 7], "car_454": [4, 7], "car_453": [1, 4], "car_452": [7, 5], "car_451": [3, 1], "car_450": [1, 7], "car_1878": [1, 3], "car_459": [1, 2], "car_458": [7, 1], "car_1877": [5, 3], "car_1876": [6, 0], "car_2778": [0, 3], "car_2993": [5, 2], "car_1875": [3, 2], "car_1874": [7, 2], "car_1873": [5, 6], "car_1872": [2, 4], "car_738": [1, 4], "car_739": [3, 4], "car_1871": [1, 0], "car_733": [4, 2], "car_732": [1, 4], "car_32": [7, 0], "car_730": [5, 6], "car_731": [7, 2], "car_736": [5, 1], "car_737": [7, 3], "car_734": [6, 7], "car_735": [0, 6], "car_3031": [3, 2], "car_1976": [3, 2], "car_3033": [6, 7], "car_3032": [4, 3], "car_3035": [7, 3], "car_3034": [5, 2], "car_3037": [3, 4], "car_1977": [6, 2], "car_3039": [6, 1], "car_3038": [4, 5], "car_1698": [5, 0], "car_3030": [7, 2], "car_38": [4, 3], "car_39": [6, 2], "car_2564": [6, 0], "car_2565": [0, 5], "car_3036": [1, 2], "car_2566": [7, 0], "car_2295": [1, 7], "car_1978": [0, 2], "car_2560": [5, 1], "car_1979": [5, 6], "car_2561": [7, 1], "car_2562": [3, 2], "car_2563": [4, 3], "car_2443": [4, 2], "car_2442": [3, 2], "car_2441": [5, 7], "car_112": [1, 6], "car_113": [3, 0], "car_110": [5, 1], "car_111": [7, 6], "car_116": [0, 7], "car_117": [7, 5], "car_114": [4, 6], "car_115": [6, 1], "car_2447": [3, 4], "car_118": [1, 0], "car_119": [2, 1], "car_2446": [5, 6], "car_2445": [2, 7], "car_2299": [2, 3], "car_2533": [0, 1], "car_2453": [1, 2], "car_2454": [3, 2], "car_1950": [6, 3], "car_1951": [0, 5], "car_1952": [5, 0], "car_1953": [7, 2], "car_1954": [3, 0], "car_1955": [4, 5], "car_208": [6, 0], "car_209": [7, 6], "car_206": [1, 7], "car_207": [3, 2], "car_204": [6, 4], "car_205": [5, 7], "car_202": [7, 1], "car_203": [4, 6], "car_200": [4, 7], "car_201": [6, 3], "car_2605": [0, 5], "car_2604": [4, 0], "car_2607": [7, 0], "car_2606": [5, 3], "car_1558": [3, 6], "car_1559": [4, 5], "car_2603": [3, 4], "car_2602": [1, 5], "car_1554": [0, 7], "car_1555": [2, 7], "car_1556": [5, 1], "car_1557": [7, 5], "car_1550": [7, 5], "car_1551": [3, 2], "car_1552": [4, 1], "car_1553": [6, 4], "car_1398": [7, 3], "car_1399": [1, 4], "car_1392": [2, 1], "car_1393": [5, 0], "car_1390": [6, 3], "car_1391": [0, 4], "car_1396": [3, 0], "car_1397": [6, 1], "car_1394": [7, 3], "car_1395": [1, 6], "car_2598": [3, 6], "car_930": [4, 1], "car_931": [2, 4], "car_932": [5, 4], "car_933": [7, 0], "car_934": [1, 5], "car_935": [3, 2], "car_936": [0, 2], "car_937": [2, 0], "car_938": [7, 4], "car_939": [1, 5], "car_2773": [6, 3], "car_2772": [4, 6], "car_2775": [2, 1], "car_2774": [0, 4], "car_2777": [4, 2], "car_2776": [5, 1], "car_6": [1, 6], "car_7": [3, 1], "car_4": [0, 4], "car_5": [7, 5], "car_2": [1, 4], "car_3": [4, 7], "car_1178": [7, 4], "car_1": [5, 6], "car_1176": [2, 3], "car_1177": [5, 1], "car_1174": [4, 0], "car_1175": [2, 0], "car_1172": [5, 3], "car_1173": [1, 3], "car_8": [6, 3], "car_9": [0, 2], "car_2809": [1, 6], "car_2808": [7, 0], "car_2559": [2, 6], "car_2558": [0, 3], "car_2555": [3, 0], "car_2554": [1, 5], "car_2557": [6, 5], "car_2556": [4, 6], "car_2551": [2, 0], "car_2550": [0, 5], "car_2553": [7, 4], "car_2552": [5, 7], "car_1774": [1, 2], "car_1775": [3, 6], "car_1776": [6, 7], "car_1777": [0, 4], "car_1770": [0, 6], "car_1771": [2, 7], "car_1772": [5, 7], "car_1773": [7, 3], "car_1778": [2, 5], "car_1779": [7, 0], "car_98": [5, 6], "car_99": [7, 0], "car_90": [3, 7], "car_91": [4, 2], "car_92": [6, 7], "car_93": [2, 0], "car_94": [7, 6], "car_95": [4, 3], "car_96": [6, 1], "car_97": [2, 5], "car_596": [4, 0], "car_597": [6, 3], "car_594": [1, 4], "car_595": [3, 6], "car_592": [0, 5], "car_593": [5, 0], "car_590": [4, 1], "car_591": [6, 0], "car_598": [2, 4], "car_599": [1, 0], "car_848": [2, 7], "car_849": [5, 0], "car_2391": [2, 5], "car_2390": [0, 7], "car_2397": [5, 3], "car_2396": [2, 3], "car_2395": [6, 4], "car_2394": [4, 1], "car_840": [6, 3], "car_841": [0, 1], "car_842": [1, 4], "car_843": [6, 1], "car_844": [2, 7], "car_845": [1, 0], "car_846": [4, 0], "car_847": [6, 4], "car_1608": [7, 0], "car_1609": [1, 4], "car_2153": [2, 3], "car_2152": [4, 7], "car_2155": [7, 2], "car_2154": [5, 2], "car_2157": [3, 0], "car_2156": [1, 7], "car_1600": [7, 4], "car_1601": [1, 2], "car_1602": [3, 5], "car_1603": [4, 5], "car_1604": [6, 0], "car_1605": [0, 3], "car_1606": [2, 0], "car_1607": [5, 3], "car_2369": [2, 4], "car_2362": [2, 7], "car_2363": [7, 2], "car_444": [1, 6], "car_445": [3, 6], "car_446": [4, 1], "car_447": [6, 1], "car_440": [0, 1], "car_441": [2, 5], "car_442": [5, 4], "car_443": [7, 2], "car_448": [0, 5], "car_449": [5, 7], "car_2717": [7, 2], "car_2716": [5, 2], "car_3210": [6, 3], "car_2715": [2, 4], "car_2201": [7, 6], "car_2714": [0, 3], "car_2200": [2, 7], "car_2713": [6, 1], "car_2712": [4, 3], "car_2711": [3, 6], "car_2710": [1, 6], "car_3044": [6, 1], "car_3045": [0, 1], "car_3046": [7, 5], "car_3047": [1, 3], "car_3040": [0, 7], "car_3041": [2, 3], "car_3042": [5, 7], "car_3043": [7, 3], "car_3048": [6, 0], "car_3049": [0, 4], "car_2209": [4, 6], "car_2208": [3, 4], "car_2324": [7, 2], "car_695": [0, 1], "car_694": [4, 1], "car_697": [1, 3], "car_696": [5, 1], "car_691": [2, 4], "car_690": [0, 6], "car_693": [3, 5], "car_692": [5, 1], "car_699": [4, 3], "car_698": [3, 2], "car_2399": [1, 2], "car_1943": [6, 7], "car_1942": [3, 6], "car_279": [4, 6], "car_278": [3, 5], "car_1947": [7, 0], "car_1946": [5, 6], "car_1945": [2, 6], "car_1944": [0, 4], "car_273": [4, 6], "car_272": [7, 6], "car_271": [5, 6], "car_270": [2, 7], "car_277": [1, 3], "car_276": [7, 0], "car_275": [5, 0], "car_274": [0, 5], "car_2946": [0, 5], "car_1925": [7, 6], "car_2944": [4, 2], "car_2945": [6, 1], "car_2942": [2, 3], "car_2943": [1, 3], "car_1549": [5, 6], "car_1548": [2, 7], "car_1547": [0, 3], "car_1546": [6, 2], "car_1545": [3, 1], "car_1544": [1, 5], "car_1543": [7, 0], "car_1542": [5, 7], "car_1541": [0, 5], "car_1540": [3, 0], "car_1389": [4, 1], "car_1388": [7, 5], "car_1385": [4, 7], "car_1384": [7, 1], "car_1387": [2, 5], "car_1386": [0, 5], "car_1381": [3, 5], "car_1380": [5, 3], "car_1383": [0, 4], "car_1382": [4, 2], "car_307": [7, 2], "car_306": [2, 6], "car_305": [6, 5], "car_304": [4, 7], "car_303": [1, 3], "car_302": [0, 6], "car_301": [6, 0], "car_300": [4, 0], "car_804": [1, 2], "car_309": [4, 2], "car_308": [3, 4], "car_909": [1, 6], "car_908": [2, 0], "car_905": [3, 4], "car_904": [1, 6], "car_907": [0, 6], "car_906": [6, 5], "car_901": [0, 2], "car_900": [6, 1], "car_903": [7, 6], "car_902": [5, 2], "car_1161": [4, 6], "car_1160": [3, 2], "car_1163": [0, 2], "car_1162": [6, 4], "car_1165": [5, 3], "car_1164": [2, 0], "car_1167": [1, 3], "car_1166": [7, 2], "car_1169": [4, 5], "car_1168": [3, 7], "car_2432": [6, 3], "car_2433": [0, 7], "car_2430": [7, 3], "car_2322": [2, 5], "car_2431": [4, 5], "car_2838": [3, 5], "car_2839": [4, 3], "car_2836": [5, 2], "car_2436": [1, 0], "car_2834": [6, 5], "car_2835": [0, 4], "car_2832": [3, 6], "car_2833": [4, 5], "car_2830": [5, 0], "car_2437": [3, 7], "car_2010": [5, 3], "car_2011": [1, 5], "car_2012": [3, 2], "car_2013": [4, 1], "car_2014": [6, 1], "car_2015": [0, 5], "car_2016": [2, 5], "car_2017": [7, 5], "car_2018": [1, 3], "car_2019": [3, 7], "car_2435": [5, 2], "car_87": [2, 6], "car_86": [0, 4], "car_85": [6, 2], "car_84": [4, 0], "car_83": [3, 1], "car_82": [1, 2], "car_81": [7, 5], "car_80": [5, 6], "car_3249": [3, 1], "car_2001": [3, 6], "car_89": [7, 3], "car_88": [5, 2], "car_2000": [7, 5], "car_2498": [7, 2], "car_2499": [4, 6], "car_2494": [6, 0], "car_2495": [0, 4], "car_2496": [2, 7], "car_2497": [5, 4], "car_2490": [6, 0], "car_2491": [2, 6], "car_2492": [7, 0], "car_2493": [3, 6], "car_875": [3, 4], "car_874": [7, 4], "car_877": [2, 5], "car_876": [0, 5], "car_871": [3, 5], "car_870": [7, 3], "car_873": [0, 7], "car_872": [4, 6], "car_3228": [4, 2], "car_3242": [7, 2], "car_1694": [2, 4], "car_879": [1, 6], "car_878": [5, 7], "car_3243": [3, 7], "car_1752": [2, 7], "car_1753": [5, 1], "car_1699": [7, 4], "car_2124": [0, 5], "car_2125": [2, 5], "car_1619": [5, 1], "car_1618": [0, 3], "car_2120": [7, 4], "car_2121": [1, 3], "car_2122": [3, 0], "car_2123": [4, 1], "car_1613": [2, 4], "car_1612": [6, 1], "car_1611": [4, 7], "car_1610": [3, 1], "car_1617": [6, 1], "car_1616": [4, 2], "car_1615": [1, 4], "car_1614": [5, 0], "car_1754": [7, 6], "car_1755": [3, 7], "car_2767": [3, 0], "car_2323": [5, 3], "car_471": [1, 4], "car_470": [7, 4], "car_473": [4, 1], "car_472": [3, 1], "car_475": [2, 1], "car_474": [6, 2], "car_477": [1, 0], "car_476": [7, 5], "car_479": [0, 4], "car_478": [4, 2], "car_2232": [4, 3], "car_2233": [6, 0], "car_2234": [2, 6], "car_2235": [5, 4], "car_2236": [3, 6], "car_2237": [4, 2], "car_2769": [0, 1], "car_2765": [7, 3], "car_2038": [5, 2], "car_2709": [7, 0], "car_3229": [6, 2], "car_3057": [0, 7], "car_3056": [6, 2], "car_2762": [0, 2], "car_3054": [3, 1], "car_3053": [1, 4], "car_3052": [7, 6], "car_3051": [5, 7], "car_3050": [2, 7], "car_3059": [5, 3], "car_3058": [2, 7], "car_3303": [6, 4], "car_2039": [7, 6], "car_2763": [2, 6], "car_1819": [5, 1], "car_1818": [2, 6], "car_2386": [5, 7], "car_682": [0, 5], "car_683": [2, 0], "car_680": [7, 6], "car_681": [1, 5], "car_686": [1, 4], "car_687": [3, 6], "car_684": [5, 2], "car_685": [7, 0], "car_688": [4, 1], "car_689": [6, 5], "car_2481": [6, 2], "car_2761": [4, 0], "car_3282": [2, 0], "car_3283": [5, 2], "car_1815": [4, 0], "car_3280": [6, 1], "car_1814": [3, 2], "car_3281": [0, 2], "car_3286": [6, 4], "car_2388": [1, 6], "car_3287": [3, 5], "car_3284": [7, 3], "car_3285": [1, 0], "car_2389": [6, 0], "car_3288": [4, 1], "car_3289": [6, 4], "car_1670": [3, 1], "car_1956": [0, 4], "car_3302": [4, 2], "car_1957": [2, 7], "car_3324": [3, 0], "car_1958": [5, 6], "car_1959": [3, 5], "car_2003": [5, 6], "car_268": [6, 0], "car_269": [0, 1], "car_1974": [7, 6], "car_1975": [1, 0], "car_1972": [2, 3], "car_1973": [5, 3], "car_1970": [6, 2], "car_1971": [0, 2], "car_260": [5, 6], "car_261": [7, 0], "car_262": [3, 5], "car_263": [4, 7], "car_264": [6, 0], "car_265": [0, 1], "car_266": [2, 5], "car_267": [3, 4], "car_1572": [0, 1], "car_1573": [5, 7], "car_1570": [4, 1], "car_1571": [6, 4], "car_1576": [0, 5], "car_1577": [7, 5], "car_1574": [4, 3], "car_1575": [6, 2], "car_1578": [0, 3], "car_1579": [5, 2], "car_2971": [1, 6], "car_1370": [3, 7], "car_1371": [4, 5], "car_1372": [0, 3], "car_1373": [2, 1], "car_1374": [5, 0], "car_1375": [7, 1], "car_1376": [1, 5], "car_1377": [3, 1], "car_1378": [6, 3], "car_1379": [2, 5], "car_3014": [1, 3], "car_3254": [4, 5], "car_2600": [5, 7], "car_2975": [0, 3], "car_2974": [6, 4], "car_314": [1, 3], "car_315": [4, 7], "car_316": [6, 4], "car_317": [0, 7], "car_310": [0, 3], "car_311": [2, 6], "car_312": [5, 0], "car_313": [7, 4], "car_318": [2, 3], "car_319": [5, 1], "car_918": [4, 1], "car_919": [6, 3], "car_2719": [3, 5], "car_2718": [1, 4], "car_912": [0, 2], "car_913": [2, 0], "car_910": [4, 1], "car_911": [6, 1], "car_916": [1, 5], "car_917": [3, 5], "car_914": [5, 2], "car_915": [7, 3], "car_1114": [3, 2], "car_1115": [6, 0], "car_1116": [0, 2], "car_1117": [2, 3], "car_1110": [4, 3], "car_1111": [0, 1], "car_1112": [2, 0], "car_1113": [1, 7], "car_1118": [7, 4], "car_1119": [1, 5], "car_1284": [6, 2], "car_1285": [0, 5], "car_1286": [2, 7], "car_1287": [5, 3], "car_1280": [5, 7], "car_1281": [7, 3], "car_1282": [3, 5], "car_1283": [4, 5], "car_2130": [2, 1], "car_1288": [7, 5], "car_1289": [1, 6], "car_2959": [1, 4], "car_2958": [7, 2], "car_2951": [2, 7], "car_2950": [1, 0], "car_2953": [1, 5], "car_2952": [7, 6], "car_2955": [6, 0], "car_2954": [4, 1], "car_2957": [2, 0], "car_2956": [0, 2], "car_2821": [7, 0], "car_2820": [2, 0], "car_1744": [7, 0], "car_2822": [1, 3], "car_2825": [5, 1], "car_2824": [0, 3], "car_2827": [6, 0], "car_2826": [7, 6], "car_2829": [2, 4], "car_2828": [0, 5], "car_1028": [5, 3], "car_1029": [1, 6], "car_1758": [5, 6], "car_1759": [7, 3], "car_2007": [4, 6], "car_2006": [3, 1], "car_2005": [1, 3], "car_2004": [7, 1], "car_1020": [0, 5], "car_1021": [2, 5], "car_1022": [5, 2], "car_1023": [7, 0], "car_1024": [1, 3], "car_1025": [3, 7], "car_1026": [4, 1], "car_1027": [2, 1], "car_1598": [2, 3], "car_1599": [5, 7], "car_1590": [6, 1], "car_1591": [0, 4], "car_1592": [2, 0], "car_1593": [7, 1], "car_1594": [1, 7], "car_1595": [3, 2], "car_1596": [4, 5], "car_1597": [0, 5], "car_2489": [5, 7], "car_2488": [2, 5], "car_2487": [0, 6], "car_2486": [6, 1], "car_2485": [4, 5], "car_2484": [3, 5], "car_2483": [1, 3], "car_2482": [0, 5], "car_1746": [4, 3], "car_2480": [4, 7], "car_862": [1, 4], "car_863": [3, 4], "car_860": [5, 2], "car_861": [7, 5], "car_866": [5, 1], "car_867": [3, 1], "car_864": [4, 2], "car_865": [6, 2], "car_868": [6, 3], "car_869": [0, 5], "car_1741": [0, 7], "car_2137": [7, 0], "car_2136": [2, 7], "car_2135": [0, 4], "car_2134": [6, 4], "car_2133": [4, 2], "car_2132": [3, 4], "car_1628": [1, 4], "car_1629": [3, 0], "car_1626": [5, 0], "car_1627": [7, 3], "car_1624": [0, 4], "car_1625": [2, 3], "car_1622": [3, 2], "car_1623": [6, 1], "car_1620": [7, 0], "car_1621": [1, 0], "car_1740": [4, 5]}