<routes>

	<vType id="car5" accel="100.0" decel="100.0" sigma="0.0" length="5" minGap="5.000000" maxSpeed="11.180000" tau="0.100000" carFollowModel="CACC" color="255,255,255"/>
	<vType id="car6" accel="100.0" decel="100.0" sigma="0.0" length="6" minGap="5.000000" maxSpeed="11.180000" tau="0.100000" carFollowModel="CACC" color="255,255,255"/>
	<vType id="car7" accel="100.0" decel="100.0" sigma="0.0" length="7" minGap="5.000000" maxSpeed="11.180000" tau="0.100000" carFollowModel="CACC" color="255,255,255"/>
	<vType id="car8" accel="100.0" decel="100.0" sigma="0.0" length="8" minGap="5.000000" maxSpeed="11.180000" tau="0.100000" carFollowModel="CACC" color="255,255,255"/>
	<vType id="car9" accel="100.0" decel="100.0" sigma="0.0" length="9" minGap="5.000000" maxSpeed="11.180000" tau="0.100000" carFollowModel="CACC" color="255,255,255"/>

	<route id="0" edges=" 001_001_1"/>
	<route id="3" edges=" 001_003_2"/>
	<route id="8" edges=" 003_001_3"/>
	<route id="11" edges=" 001_001_4"/>
	<route id="1" edges=" 001_002_1"/>
	<route id="4" edges=" 002_003_2"/>
	<route id="7" edges=" 003_002_3"/>
	<route id="10" edges=" 002_001_4"/>
	<route id="2" edges=" 001_003_1"/>
	<route id="5" edges=" 003_003_2"/>
	<route id="6" edges=" 003_003_3"/>
	<route id="9" edges=" 003_001_4"/>

	<vehicle id="car_0" type="car5" route="4" depart="0" departLane = "2" departSpeed="11.180000"/>
	<vehicle id="car_1" type="car8" route="7" depart="1" departLane = "1" departSpeed="11.180000"/>
	<vehicle id="car_2" type="car9" route="10" depart="1" departLane = "1" departSpeed="11.180000"/>
	<vehicle id="car_3" type="car5" route="1" depart="2" departLane = "0" departSpeed="11.180000"/>
	<vehicle id="car_4" type="car9" route="4" depart="4" departLane = "2" departSpeed="11.180000"/>
	<vehicle id="car_5" type="car8" route="0" depart="5" departLane = "0" departSpeed="11.180000"/>
	<vehicle id="car_6" type="car7" route="10" depart="5" departLane = "0" departSpeed="11.180000"/>
	<vehicle id="car_7" type="car9" route="9" depart="5" departLane = "0" departSpeed="11.180000"/>
	<vehicle id="car_8" type="car7" route="4" depart="7" departLane = "1" departSpeed="11.180000"/>
	<vehicle id="car_9" type="car8" route="2" depart="7" departLane = "1" departSpeed="11.180000"/>
	<vehicle id="car_10" type="car5" route="0" depart="8" departLane = "2" departSpeed="11.180000"/>
	<vehicle id="car_11" type="car7" route="0" depart="9" departLane = "2" departSpeed="11.180000"/>
	<vehicle id="car_12" type="car9" route="1" depart="12" departLane = "2" departSpeed="11.180000"/>
	<vehicle id="car_13" type="car7" route="1" depart="13" departLane = "0" departSpeed="11.180000"/>
	<vehicle id="car_14" type="car9" route="4" depart="13" departLane = "2" departSpeed="11.180000"/>
	<vehicle id="car_15" type="car8" route="5" depart="13" departLane = "0" departSpeed="11.180000"/>
	<vehicle id="car_16" type="car8" route="4" depart="15" departLane = "2" departSpeed="11.180000"/>
	<vehicle id="car_17" type="car5" route="0" depart="16" departLane = "0" departSpeed="11.180000"/>
	<vehicle id="car_18" type="car7" route="8" depart="16" departLane = "0" departSpeed="11.180000"/>
	<vehicle id="car_19" type="car5" route="3" depart="17" departLane = "1" departSpeed="11.180000"/>
	<vehicle id="car_20" type="car7" route="1" depart="18" departLane = "1" departSpeed="11.180000"/>
	<vehicle id="car_21" type="car5" route="5" depart="19" departLane = "2" departSpeed="11.180000"/>
	<vehicle id="car_22" type="car5" route="6" depart="19" departLane = "2" departSpeed="11.180000"/>
	<vehicle id="car_23" type="car9" route="9" depart="19" departLane = "0" departSpeed="11.180000"/>
	<vehicle id="car_24" type="car8" route="4" depart="20" departLane = "1" departSpeed="11.180000"/>
	<vehicle id="car_25" type="car6" route="5" depart="20" departLane = "1" departSpeed="11.180000"/>
	<vehicle id="car_26" type="car7" route="2" depart="21" departLane = "2" departSpeed="11.180000"/>
	<vehicle id="car_27" type="car8" route="10" depart="22" departLane = "2" departSpeed="11.180000"/>
	<vehicle id="car_28" type="car7" route="3" depart="24" departLane = "1" departSpeed="11.180000"/>
	<vehicle id="car_29" type="car5" route="8" depart="27" departLane = "2" departSpeed="11.180000"/>
	<vehicle id="car_30" type="car6" route="7" depart="27" departLane = "1" departSpeed="11.180000"/>
	<vehicle id="car_31" type="car9" route="7" depart="28" departLane = "1" departSpeed="11.180000"/>
	<vehicle id="car_32" type="car8" route="1" depart="31" departLane = "2" departSpeed="11.180000"/>
	<vehicle id="car_33" type="car7" route="6" depart="31" departLane = "0" departSpeed="11.180000"/>
	<vehicle id="car_34" type="car5" route="10" depart="32" departLane = "2" departSpeed="11.180000"/>
	<vehicle id="car_35" type="car9" route="9" depart="33" departLane = "2" departSpeed="11.180000"/>
	<vehicle id="car_36" type="car8" route="9" depart="34" departLane = "1" departSpeed="11.180000"/>
	<vehicle id="car_37" type="car7" route="1" depart="35" departLane = "1" departSpeed="11.180000"/>
	<vehicle id="car_38" type="car6" route="9" depart="35" departLane = "0" departSpeed="11.180000"/>
	<vehicle id="car_39" type="car5" route="10" depart="37" departLane = "0" departSpeed="11.180000"/>
	<vehicle id="car_40" type="car6" route="3" depart="39" departLane = "2" departSpeed="11.180000"/>
	<vehicle id="car_41" type="car5" route="2" depart="39" departLane = "0" departSpeed="11.180000"/>
	<vehicle id="car_42" type="car5" route="5" depart="39" departLane = "1" departSpeed="11.180000"/>
	<vehicle id="car_43" type="car7" route="9" depart="39" departLane = "1" departSpeed="11.180000"/>
	<vehicle id="car_44" type="car7" route="8" depart="40" departLane = "0" departSpeed="11.180000"/>
	<vehicle id="car_45" type="car8" route="4" depart="40" departLane = "0" departSpeed="11.180000"/>
	<vehicle id="car_46" type="car8" route="8" depart="41" departLane = "2" departSpeed="11.180000"/>
	<vehicle id="car_47" type="car5" route="11" depart="41" departLane = "0" departSpeed="11.180000"/>
	<vehicle id="car_48" type="car5" route="1" depart="41" departLane = "1" departSpeed="11.180000"/>
	<vehicle id="car_49" type="car6" route="9" depart="41" departLane = "1" departSpeed="11.180000"/>
	<vehicle id="car_50" type="car6" route="0" depart="42" departLane = "2" departSpeed="11.180000"/>
	<vehicle id="car_51" type="car7" route="0" depart="44" departLane = "2" departSpeed="11.180000"/>
	<vehicle id="car_52" type="car6" route="3" depart="44" departLane = "2" departSpeed="11.180000"/>
	<vehicle id="car_53" type="car6" route="5" depart="44" departLane = "2" departSpeed="11.180000"/>
	<vehicle id="car_54" type="car8" route="0" depart="45" departLane = "0" departSpeed="11.180000"/>
	<vehicle id="car_55" type="car6" route="11" depart="45" departLane = "2" departSpeed="11.180000"/>
	<vehicle id="car_56" type="car9" route="0" depart="46" departLane = "0" departSpeed="11.180000"/>
	<vehicle id="car_57" type="car7" route="11" depart="46" departLane = "0" departSpeed="11.180000"/>
	<vehicle id="car_58" type="car6" route="10" depart="47" departLane = "1" departSpeed="11.180000"/>
	<vehicle id="car_59" type="car6" route="7" depart="48" departLane = "0" departSpeed="11.180000"/>
	<vehicle id="car_60" type="car8" route="0" depart="50" departLane = "0" departSpeed="11.180000"/>
	<vehicle id="car_61" type="car8" route="8" depart="50" departLane = "0" departSpeed="11.180000"/>
	<vehicle id="car_62" type="car5" route="6" depart="50" departLane = "2" departSpeed="11.180000"/>
	<vehicle id="car_63" type="car5" route="4" depart="52" departLane = "1" departSpeed="11.180000"/>
	<vehicle id="car_64" type="car6" route="7" depart="52" departLane = "2" departSpeed="11.180000"/>
	<vehicle id="car_65" type="car5" route="6" depart="52" departLane = "0" departSpeed="11.180000"/>
	<vehicle id="car_66" type="car7" route="0" depart="53" departLane = "0" departSpeed="11.180000"/>
	<vehicle id="car_67" type="car7" route="4" depart="53" departLane = "1" departSpeed="11.180000"/>
	<vehicle id="car_68" type="car8" route="4" depart="54" departLane = "2" departSpeed="11.180000"/>
	<vehicle id="car_69" type="car7" route="2" depart="56" departLane = "1" departSpeed="11.180000"/>
	<vehicle id="car_70" type="car6" route="6" depart="58" departLane = "0" departSpeed="11.180000"/>
	<vehicle id="car_71" type="car6" route="1" depart="59" departLane = "2" departSpeed="11.180000"/>
	<vehicle id="car_72" type="car6" route="5" depart="59" departLane = "2" departSpeed="11.180000"/>
	<vehicle id="car_73" type="car8" route="1" depart="60" departLane = "0" departSpeed="11.180000"/>
	<vehicle id="car_74" type="car9" route="7" depart="60" departLane = "1" departSpeed="11.180000"/>
	<vehicle id="car_75" type="car5" route="1" depart="61" departLane = "2" departSpeed="11.180000"/>
	<vehicle id="car_76" type="car6" route="0" depart="62" departLane = "2" departSpeed="11.180000"/>
	<vehicle id="car_77" type="car9" route="4" depart="63" departLane = "1" departSpeed="11.180000"/>
	<vehicle id="car_78" type="car9" route="10" depart="63" departLane = "2" departSpeed="11.180000"/>
	<vehicle id="car_79" type="car7" route="9" depart="63" departLane = "1" departSpeed="11.180000"/>
	<vehicle id="car_80" type="car7" route="4" depart="66" departLane = "2" departSpeed="11.180000"/>
	<vehicle id="car_81" type="car9" route="7" depart="66" departLane = "1" departSpeed="11.180000"/>
	<vehicle id="car_82" type="car6" route="8" depart="68" departLane = "0" departSpeed="11.180000"/>
	<vehicle id="car_83" type="car5" route="5" depart="69" departLane = "1" departSpeed="11.180000"/>
	<vehicle id="car_84" type="car9" route="10" depart="70" departLane = "2" departSpeed="11.180000"/>
	<vehicle id="car_85" type="car5" route="9" depart="70" departLane = "1" departSpeed="11.180000"/>
	<vehicle id="car_86" type="car8" route="2" depart="71" departLane = "0" departSpeed="11.180000"/>
	<vehicle id="car_87" type="car6" route="9" depart="71" departLane = "1" departSpeed="11.180000"/>
	<vehicle id="car_88" type="car7" route="4" depart="73" departLane = "0" departSpeed="11.180000"/>
	<vehicle id="car_89" type="car7" route="11" depart="74" departLane = "1" departSpeed="11.180000"/>
	<vehicle id="car_90" type="car7" route="4" depart="74" departLane = "1" departSpeed="11.180000"/>
	<vehicle id="car_91" type="car8" route="8" depart="76" departLane = "2" departSpeed="11.180000"/>
	<vehicle id="car_92" type="car8" route="4" depart="78" departLane = "1" departSpeed="11.180000"/>
	<vehicle id="car_93" type="car8" route="3" depart="79" departLane = "2" departSpeed="11.180000"/>
	<vehicle id="car_94" type="car7" route="7" depart="80" departLane = "0" departSpeed="11.180000"/>
	<vehicle id="car_95" type="car6" route="8" depart="81" departLane = "0" departSpeed="11.180000"/>
	<vehicle id="car_96" type="car8" route="7" depart="82" departLane = "2" departSpeed="11.180000"/>
	<vehicle id="car_97" type="car5" route="8" depart="84" departLane = "1" departSpeed="11.180000"/>
	<vehicle id="car_98" type="car7" route="5" depart="84" departLane = "2" departSpeed="11.180000"/>
	<vehicle id="car_99" type="car5" route="3" depart="86" departLane = "2" departSpeed="11.180000"/>
	<vehicle id="car_100" type="car6" route="4" depart="86" departLane = "2" departSpeed="11.180000"/>
	<vehicle id="car_101" type="car7" route="7" depart="86" departLane = "0" departSpeed="11.180000"/>
	<vehicle id="car_102" type="car6" route="10" depart="87" departLane = "1" departSpeed="11.180000"/>
	<vehicle id="car_103" type="car5" route="6" depart="87" departLane = "1" departSpeed="11.180000"/>
	<vehicle id="car_104" type="car8" route="2" depart="88" departLane = "1" departSpeed="11.180000"/>
	<vehicle id="car_105" type="car7" route="0" depart="90" departLane = "0" departSpeed="11.180000"/>
	<vehicle id="car_106" type="car8" route="11" depart="90" departLane = "0" departSpeed="11.180000"/>
	<vehicle id="car_107" type="car9" route="2" depart="90" departLane = "0" departSpeed="11.180000"/>
	<vehicle id="car_108" type="car8" route="6" depart="90" departLane = "1" departSpeed="11.180000"/>
	<vehicle id="car_109" type="car8" route="0" depart="91" departLane = "1" departSpeed="11.180000"/>
	<vehicle id="car_110" type="car5" route="3" depart="91" departLane = "2" departSpeed="11.180000"/>
	<vehicle id="car_111" type="car6" route="2" depart="91" departLane = "2" departSpeed="11.180000"/>
	<vehicle id="car_112" type="car6" route="4" depart="92" departLane = "1" departSpeed="11.180000"/>
	<vehicle id="car_113" type="car5" route="10" depart="92" departLane = "1" departSpeed="11.180000"/>
	<vehicle id="car_114" type="car8" route="0" depart="93" departLane = "2" departSpeed="11.180000"/>
	<vehicle id="car_115" type="car9" route="10" depart="96" departLane = "0" departSpeed="11.180000"/>
	<vehicle id="car_116" type="car9" route="6" depart="96" departLane = "0" departSpeed="11.180000"/>
	<vehicle id="car_117" type="car6" route="8" depart="98" departLane = "0" departSpeed="11.180000"/>
	<vehicle id="car_118" type="car9" route="5" depart="98" departLane = "0" departSpeed="11.180000"/>
	<vehicle id="car_119" type="car9" route="0" depart="100" departLane = "1" departSpeed="11.180000"/>
	<vehicle id="car_120" type="car7" route="9" depart="101" departLane = "1" departSpeed="11.180000"/>
	<vehicle id="car_121" type="car7" route="6" depart="102" departLane = "2" departSpeed="11.180000"/>
	<vehicle id="car_122" type="car6" route="0" depart="103" departLane = "0" departSpeed="11.180000"/>
	<vehicle id="car_123" type="car9" route="2" depart="103" departLane = "0" departSpeed="11.180000"/>
	<vehicle id="car_124" type="car6" route="0" depart="104" departLane = "2" departSpeed="11.180000"/>
	<vehicle id="car_125" type="car5" route="2" depart="104" departLane = "1" departSpeed="11.180000"/>
	<vehicle id="car_126" type="car9" route="5" depart="106" departLane = "2" departSpeed="11.180000"/>
	<vehicle id="car_127" type="car7" route="2" depart="108" departLane = "1" departSpeed="11.180000"/>
	<vehicle id="car_128" type="car5" route="8" depart="109" departLane = "0" departSpeed="11.180000"/>
	<vehicle id="car_129" type="car7" route="5" depart="109" departLane = "1" departSpeed="11.180000"/>
	<vehicle id="car_130" type="car7" route="10" depart="110" departLane = "1" departSpeed="11.180000"/>
	<vehicle id="car_131" type="car5" route="5" depart="110" departLane = "0" departSpeed="11.180000"/>
	<vehicle id="car_132" type="car8" route="11" depart="111" departLane = "0" departSpeed="11.180000"/>
	<vehicle id="car_133" type="car9" route="3" depart="112" departLane = "2" departSpeed="11.180000"/>
	<vehicle id="car_134" type="car8" route="6" depart="112" departLane = "1" departSpeed="11.180000"/>
	<vehicle id="car_135" type="car6" route="8" depart="113" departLane = "1" departSpeed="11.180000"/>
	<vehicle id="car_136" type="car8" route="4" depart="114" departLane = "1" departSpeed="11.180000"/>
	<vehicle id="car_137" type="car8" route="6" depart="118" departLane = "1" departSpeed="11.180000"/>
	<vehicle id="car_138" type="car9" route="8" depart="120" departLane = "0" departSpeed="11.180000"/>
	<vehicle id="car_139" type="car7" route="1" depart="120" departLane = "2" departSpeed="11.180000"/>
	<vehicle id="car_140" type="car9" route="6" depart="120" departLane = "0" departSpeed="11.180000"/>
	<vehicle id="car_141" type="car5" route="3" depart="122" departLane = "0" departSpeed="11.180000"/>
	<vehicle id="car_142" type="car8" route="8" depart="123" departLane = "1" departSpeed="11.180000"/>
	<vehicle id="car_143" type="car6" route="7" depart="123" departLane = "2" departSpeed="11.180000"/>
	<vehicle id="car_144" type="car9" route="0" depart="124" departLane = "1" departSpeed="11.180000"/>
	<vehicle id="car_145" type="car5" route="8" depart="124" departLane = "1" departSpeed="11.180000"/>
	<vehicle id="car_146" type="car5" route="3" depart="125" departLane = "0" departSpeed="11.180000"/>
	<vehicle id="car_147" type="car9" route="2" depart="126" departLane = "0" departSpeed="11.180000"/>
	<vehicle id="car_148" type="car9" route="2" depart="127" departLane = "0" departSpeed="11.180000"/>
	<vehicle id="car_149" type="car6" route="6" depart="127" departLane = "2" departSpeed="11.180000"/>
	<vehicle id="car_150" type="car5" route="8" depart="131" departLane = "2" departSpeed="11.180000"/>
	<vehicle id="car_151" type="car9" route="1" depart="132" departLane = "1" departSpeed="11.180000"/>
	<vehicle id="car_152" type="car6" route="7" depart="132" departLane = "2" departSpeed="11.180000"/>
	<vehicle id="car_153" type="car7" route="7" depart="133" departLane = "0" departSpeed="11.180000"/>
	<vehicle id="car_154" type="car9" route="8" depart="134" departLane = "1" departSpeed="11.180000"/>
	<vehicle id="car_155" type="car6" route="9" depart="135" departLane = "2" departSpeed="11.180000"/>
	<vehicle id="car_156" type="car8" route="8" depart="136" departLane = "0" departSpeed="11.180000"/>
	<vehicle id="car_157" type="car5" route="6" depart="136" departLane = "0" departSpeed="11.180000"/>
	<vehicle id="car_158" type="car9" route="6" depart="140" departLane = "1" departSpeed="11.180000"/>
	<vehicle id="car_159" type="car7" route="3" depart="141" departLane = "2" departSpeed="11.180000"/>
	<vehicle id="car_160" type="car7" route="4" depart="144" departLane = "2" departSpeed="11.180000"/>
	<vehicle id="car_161" type="car7" route="5" depart="144" departLane = "2" departSpeed="11.180000"/>
	<vehicle id="car_162" type="car5" route="0" depart="145" departLane = "1" departSpeed="11.180000"/>
	<vehicle id="car_163" type="car6" route="2" depart="145" departLane = "1" departSpeed="11.180000"/>
	<vehicle id="car_164" type="car5" route="11" depart="146" departLane = "0" departSpeed="11.180000"/>
	<vehicle id="car_165" type="car9" route="6" depart="147" departLane = "1" departSpeed="11.180000"/>
	<vehicle id="car_166" type="car7" route="8" depart="148" departLane = "1" departSpeed="11.180000"/>
	<vehicle id="car_167" type="car7" route="11" depart="148" departLane = "0" departSpeed="11.180000"/>
	<vehicle id="car_168" type="car6" route="2" depart="148" departLane = "0" departSpeed="11.180000"/>
	<vehicle id="car_169" type="car7" route="4" depart="149" departLane = "1" departSpeed="11.180000"/>
	<vehicle id="car_170" type="car7" route="0" depart="150" departLane = "1" departSpeed="11.180000"/>
	<vehicle id="car_171" type="car7" route="3" depart="151" departLane = "0" departSpeed="11.180000"/>
	<vehicle id="car_172" type="car9" route="3" depart="154" departLane = "1" departSpeed="11.180000"/>
	<vehicle id="car_173" type="car6" route="7" depart="154" departLane = "2" departSpeed="11.180000"/>
	<vehicle id="car_174" type="car9" route="10" depart="154" departLane = "1" departSpeed="11.180000"/>
	<vehicle id="car_175" type="car9" route="0" depart="155" departLane = "0" departSpeed="11.180000"/>
	<vehicle id="car_176" type="car5" route="1" depart="157" departLane = "0" departSpeed="11.180000"/>
	<vehicle id="car_177" type="car6" route="7" depart="158" departLane = "0" departSpeed="11.180000"/>
	<vehicle id="car_178" type="car6" route="6" depart="158" departLane = "1" departSpeed="11.180000"/>
	<vehicle id="car_179" type="car6" route="0" depart="159" departLane = "0" departSpeed="11.180000"/>
	<vehicle id="car_180" type="car9" route="1" depart="159" departLane = "0" departSpeed="11.180000"/>
	<vehicle id="car_181" type="car5" route="0" depart="161" departLane = "2" departSpeed="11.180000"/>
	<vehicle id="car_182" type="car8" route="9" depart="162" departLane = "2" departSpeed="11.180000"/>
	<vehicle id="car_183" type="car6" route="0" depart="163" departLane = "0" departSpeed="11.180000"/>
	<vehicle id="car_184" type="car7" route="4" depart="164" departLane = "2" departSpeed="11.180000"/>
	<vehicle id="car_185" type="car5" route="0" depart="166" departLane = "1" departSpeed="11.180000"/>
	<vehicle id="car_186" type="car5" route="0" depart="167" departLane = "0" departSpeed="11.180000"/>
	<vehicle id="car_187" type="car8" route="4" depart="167" departLane = "2" departSpeed="11.180000"/>
	<vehicle id="car_188" type="car5" route="5" depart="168" departLane = "0" departSpeed="11.180000"/>
	<vehicle id="car_189" type="car8" route="9" depart="168" departLane = "0" departSpeed="11.180000"/>
	<vehicle id="car_190" type="car7" route="0" depart="169" departLane = "0" departSpeed="11.180000"/>
	<vehicle id="car_191" type="car7" route="9" depart="169" departLane = "2" departSpeed="11.180000"/>
	<vehicle id="car_192" type="car5" route="9" depart="172" departLane = "0" departSpeed="11.180000"/>
	<vehicle id="car_193" type="car9" route="8" depart="173" departLane = "2" departSpeed="11.180000"/>
	<vehicle id="car_194" type="car5" route="6" depart="173" departLane = "2" departSpeed="11.180000"/>
	<vehicle id="car_195" type="car7" route="10" depart="174" departLane = "2" departSpeed="11.180000"/>
	<vehicle id="car_196" type="car9" route="9" depart="177" departLane = "0" departSpeed="11.180000"/>
	<vehicle id="car_197" type="car8" route="10" depart="179" departLane = "2" departSpeed="11.180000"/>
	<vehicle id="car_198" type="car6" route="11" depart="180" departLane = "2" departSpeed="11.180000"/>
	<vehicle id="car_199" type="car7" route="9" depart="182" departLane = "1" departSpeed="11.180000"/>
	<vehicle id="car_200" type="car9" route="3" depart="183" departLane = "0" departSpeed="11.180000"/>
	<vehicle id="car_201" type="car7" route="11" depart="185" departLane = "2" departSpeed="11.180000"/>
	<vehicle id="car_202" type="car6" route="0" depart="186" departLane = "2" departSpeed="11.180000"/>
	<vehicle id="car_203" type="car9" route="6" depart="186" departLane = "0" departSpeed="11.180000"/>
	<vehicle id="car_204" type="car9" route="9" depart="187" departLane = "1" departSpeed="11.180000"/>
	<vehicle id="car_205" type="car7" route="8" depart="188" departLane = "2" departSpeed="11.180000"/>
	<vehicle id="car_206" type="car6" route="2" depart="188" departLane = "0" departSpeed="11.180000"/>
	<vehicle id="car_207" type="car5" route="2" depart="190" departLane = "2" departSpeed="11.180000"/>
	<vehicle id="car_208" type="car8" route="0" depart="191" departLane = "2" departSpeed="11.180000"/>
	<vehicle id="car_209" type="car5" route="2" depart="191" departLane = "1" departSpeed="11.180000"/>
	<vehicle id="car_210" type="car9" route="7" depart="193" departLane = "1" departSpeed="11.180000"/>
	<vehicle id="car_211" type="car5" route="8" depart="194" departLane = "1" departSpeed="11.180000"/>
	<vehicle id="car_212" type="car6" route="1" depart="194" departLane = "0" departSpeed="11.180000"/>
	<vehicle id="car_213" type="car7" route="5" depart="194" departLane = "1" departSpeed="11.180000"/>
	<vehicle id="car_214" type="car9" route="0" depart="195" departLane = "0" departSpeed="11.180000"/>
	<vehicle id="car_215" type="car7" route="7" depart="195" departLane = "2" departSpeed="11.180000"/>
	<vehicle id="car_216" type="car5" route="6" depart="198" departLane = "1" departSpeed="11.180000"/>
	<vehicle id="car_217" type="car6" route="4" depart="199" departLane = "1" departSpeed="11.180000"/>
	<vehicle id="car_218" type="car7" route="8" depart="200" departLane = "0" departSpeed="11.180000"/>
	<vehicle id="car_219" type="car8" route="7" depart="200" departLane = "0" departSpeed="11.180000"/>
	<vehicle id="car_220" type="car9" route="11" depart="201" departLane = "2" departSpeed="11.180000"/>
	<vehicle id="car_221" type="car7" route="6" depart="201" departLane = "1" departSpeed="11.180000"/>
	<vehicle id="car_222" type="car6" route="9" depart="201" departLane = "2" departSpeed="11.180000"/>
	<vehicle id="car_223" type="car6" route="7" depart="204" departLane = "1" departSpeed="11.180000"/>
	<vehicle id="car_224" type="car9" route="2" depart="204" departLane = "0" departSpeed="11.180000"/>
	<vehicle id="car_225" type="car5" route="5" depart="206" departLane = "1" departSpeed="11.180000"/>
	<vehicle id="car_226" type="car9" route="6" depart="206" departLane = "0" departSpeed="11.180000"/>
	<vehicle id="car_227" type="car5" route="5" depart="207" departLane = "2" departSpeed="11.180000"/>
	<vehicle id="car_228" type="car9" route="0" depart="208" departLane = "1" departSpeed="11.180000"/>
	<vehicle id="car_229" type="car5" route="4" depart="208" departLane = "2" departSpeed="11.180000"/>
	<vehicle id="car_230" type="car7" route="7" depart="208" departLane = "0" departSpeed="11.180000"/>
	<vehicle id="car_231" type="car9" route="3" depart="209" departLane = "1" departSpeed="11.180000"/>
	<vehicle id="car_232" type="car5" route="4" depart="209" departLane = "1" departSpeed="11.180000"/>
	<vehicle id="car_233" type="car9" route="10" depart="211" departLane = "2" departSpeed="11.180000"/>
	<vehicle id="car_234" type="car6" route="10" depart="212" departLane = "2" departSpeed="11.180000"/>
	<vehicle id="car_235" type="car9" route="2" depart="212" departLane = "1" departSpeed="11.180000"/>
	<vehicle id="car_236" type="car9" route="5" depart="213" departLane = "0" departSpeed="11.180000"/>
	<vehicle id="car_237" type="car9" route="8" depart="214" departLane = "0" departSpeed="11.180000"/>
	<vehicle id="car_238" type="car9" route="9" depart="214" departLane = "0" departSpeed="11.180000"/>
	<vehicle id="car_239" type="car6" route="10" depart="216" departLane = "1" departSpeed="11.180000"/>
	<vehicle id="car_240" type="car5" route="11" depart="217" departLane = "0" departSpeed="11.180000"/>
	<vehicle id="car_241" type="car5" route="2" depart="217" departLane = "1" departSpeed="11.180000"/>
	<vehicle id="car_242" type="car6" route="0" depart="218" departLane = "0" departSpeed="11.180000"/>
	<vehicle id="car_243" type="car5" route="3" depart="218" departLane = "1" departSpeed="11.180000"/>
	<vehicle id="car_244" type="car6" route="11" depart="220" departLane = "2" departSpeed="11.180000"/>
	<vehicle id="car_245" type="car6" route="4" depart="220" departLane = "1" departSpeed="11.180000"/>
	<vehicle id="car_246" type="car5" route="3" depart="221" departLane = "2" departSpeed="11.180000"/>
	<vehicle id="car_247" type="car9" route="5" depart="222" departLane = "1" departSpeed="11.180000"/>
	<vehicle id="car_248" type="car8" route="10" depart="223" departLane = "0" departSpeed="11.180000"/>
	<vehicle id="car_249" type="car6" route="3" depart="224" departLane = "0" departSpeed="11.180000"/>
	<vehicle id="car_250" type="car8" route="4" depart="224" departLane = "1" departSpeed="11.180000"/>
	<vehicle id="car_251" type="car8" route="8" depart="225" departLane = "0" departSpeed="11.180000"/>
	<vehicle id="car_252" type="car8" route="11" depart="225" departLane = "0" departSpeed="11.180000"/>
	<vehicle id="car_253" type="car5" route="11" depart="226" departLane = "1" departSpeed="11.180000"/>
	<vehicle id="car_254" type="car6" route="4" depart="226" departLane = "2" departSpeed="11.180000"/>
	<vehicle id="car_255" type="car9" route="7" depart="227" departLane = "0" departSpeed="11.180000"/>
	<vehicle id="car_256" type="car6" route="5" depart="228" departLane = "1" departSpeed="11.180000"/>
	<vehicle id="car_257" type="car5" route="5" depart="229" departLane = "1" departSpeed="11.180000"/>
	<vehicle id="car_258" type="car7" route="6" depart="229" departLane = "2" departSpeed="11.180000"/>
	<vehicle id="car_259" type="car8" route="4" depart="230" departLane = "1" departSpeed="11.180000"/>
	<vehicle id="car_260" type="car5" route="11" depart="232" departLane = "2" departSpeed="11.180000"/>
	<vehicle id="car_261" type="car8" route="5" depart="233" departLane = "0" departSpeed="11.180000"/>
	<vehicle id="car_262" type="car6" route="0" depart="234" departLane = "1" departSpeed="11.180000"/>
	<vehicle id="car_263" type="car8" route="0" depart="235" departLane = "2" departSpeed="11.180000"/>
	<vehicle id="car_264" type="car7" route="3" depart="236" departLane = "0" departSpeed="11.180000"/>
	<vehicle id="car_265" type="car6" route="6" depart="236" departLane = "2" departSpeed="11.180000"/>
	<vehicle id="car_266" type="car6" route="11" depart="237" departLane = "2" departSpeed="11.180000"/>
	<vehicle id="car_267" type="car9" route="4" depart="237" departLane = "1" departSpeed="11.180000"/>
	<vehicle id="car_268" type="car9" route="5" depart="237" departLane = "2" departSpeed="11.180000"/>
	<vehicle id="car_269" type="car5" route="7" depart="239" departLane = "0" departSpeed="11.180000"/>
	<vehicle id="car_270" type="car5" route="6" depart="239" departLane = "0" departSpeed="11.180000"/>
	<vehicle id="car_271" type="car6" route="6" depart="240" departLane = "2" departSpeed="11.180000"/>
	<vehicle id="car_272" type="car7" route="1" depart="241" departLane = "1" departSpeed="11.180000"/>
	<vehicle id="car_273" type="car9" route="7" depart="242" departLane = "1" departSpeed="11.180000"/>
	<vehicle id="car_274" type="car6" route="8" depart="243" departLane = "0" departSpeed="11.180000"/>
	<vehicle id="car_275" type="car8" route="10" depart="243" departLane = "1" departSpeed="11.180000"/>
	<vehicle id="car_276" type="car5" route="8" depart="245" departLane = "2" departSpeed="11.180000"/>
	<vehicle id="car_277" type="car6" route="5" depart="245" departLane = "0" departSpeed="11.180000"/>
	<vehicle id="car_278" type="car6" route="8" depart="246" departLane = "1" departSpeed="11.180000"/>
	<vehicle id="car_279" type="car5" route="9" depart="246" departLane = "2" departSpeed="11.180000"/>
	<vehicle id="car_280" type="car5" route="5" depart="247" departLane = "1" departSpeed="11.180000"/>
	<vehicle id="car_281" type="car9" route="7" depart="250" departLane = "0" departSpeed="11.180000"/>
	<vehicle id="car_282" type="car7" route="10" depart="250" departLane = "1" departSpeed="11.180000"/>
	<vehicle id="car_283" type="car7" route="2" depart="251" departLane = "0" departSpeed="11.180000"/>
	<vehicle id="car_284" type="car6" route="9" depart="252" departLane = "2" departSpeed="11.180000"/>
	<vehicle id="car_285" type="car5" route="8" depart="253" departLane = "2" departSpeed="11.180000"/>
	<vehicle id="car_286" type="car8" route="10" depart="253" departLane = "0" departSpeed="11.180000"/>
	<vehicle id="car_287" type="car5" route="7" depart="254" departLane = "2" departSpeed="11.180000"/>
	<vehicle id="car_288" type="car8" route="10" depart="254" departLane = "2" departSpeed="11.180000"/>
	<vehicle id="car_289" type="car7" route="11" depart="256" departLane = "2" departSpeed="11.180000"/>
	<vehicle id="car_290" type="car7" route="5" depart="256" departLane = "0" departSpeed="11.180000"/>
	<vehicle id="car_291" type="car7" route="3" depart="258" departLane = "2" departSpeed="11.180000"/>
	<vehicle id="car_292" type="car6" route="2" depart="258" departLane = "1" departSpeed="11.180000"/>
	<vehicle id="car_293" type="car8" route="3" depart="259" departLane = "2" departSpeed="11.180000"/>
	<vehicle id="car_294" type="car7" route="4" depart="259" departLane = "2" departSpeed="11.180000"/>
	<vehicle id="car_295" type="car8" route="5" depart="259" departLane = "0" departSpeed="11.180000"/>
	<vehicle id="car_296" type="car7" route="2" depart="261" departLane = "1" departSpeed="11.180000"/>
	<vehicle id="car_297" type="car9" route="10" depart="262" departLane = "1" departSpeed="11.180000"/>
	<vehicle id="car_298" type="car9" route="2" depart="262" departLane = "0" departSpeed="11.180000"/>
	<vehicle id="car_299" type="car6" route="7" depart="265" departLane = "2" departSpeed="11.180000"/>
	<vehicle id="car_300" type="car7" route="2" depart="265" departLane = "1" departSpeed="11.180000"/>
	<vehicle id="car_301" type="car5" route="5" depart="265" departLane = "1" departSpeed="11.180000"/>
	<vehicle id="car_302" type="car9" route="8" depart="266" departLane = "0" departSpeed="11.180000"/>
	<vehicle id="car_303" type="car5" route="9" depart="267" departLane = "0" departSpeed="11.180000"/>
	<vehicle id="car_304" type="car8" route="3" depart="268" departLane = "2" departSpeed="11.180000"/>
	<vehicle id="car_305" type="car8" route="1" depart="268" departLane = "1" departSpeed="11.180000"/>
	<vehicle id="car_306" type="car5" route="10" depart="268" departLane = "1" departSpeed="11.180000"/>
	<vehicle id="car_307" type="car9" route="9" depart="270" departLane = "1" departSpeed="11.180000"/>
	<vehicle id="car_308" type="car5" route="0" depart="272" departLane = "2" departSpeed="11.180000"/>
	<vehicle id="car_309" type="car7" route="6" depart="272" departLane = "2" departSpeed="11.180000"/>
	<vehicle id="car_310" type="car5" route="11" depart="273" departLane = "1" departSpeed="11.180000"/>
	<vehicle id="car_311" type="car6" route="2" depart="273" departLane = "0" departSpeed="11.180000"/>
	<vehicle id="car_312" type="car8" route="11" depart="274" departLane = "1" departSpeed="11.180000"/>
	<vehicle id="car_313" type="car7" route="5" depart="276" departLane = "0" departSpeed="11.180000"/>
	<vehicle id="car_314" type="car6" route="6" depart="277" departLane = "0" departSpeed="11.180000"/>
	<vehicle id="car_315" type="car7" route="8" depart="280" departLane = "1" departSpeed="11.180000"/>
	<vehicle id="car_316" type="car6" route="2" depart="280" departLane = "0" departSpeed="11.180000"/>
	<vehicle id="car_317" type="car6" route="4" depart="282" departLane = "0" departSpeed="11.180000"/>
	<vehicle id="car_318" type="car5" route="6" depart="282" departLane = "2" departSpeed="11.180000"/>
	<vehicle id="car_319" type="car5" route="3" depart="283" departLane = "2" departSpeed="11.180000"/>
	<vehicle id="car_320" type="car9" route="0" depart="284" departLane = "1" departSpeed="11.180000"/>
	<vehicle id="car_321" type="car9" route="2" depart="284" departLane = "0" departSpeed="11.180000"/>
	<vehicle id="car_322" type="car7" route="4" depart="286" departLane = "2" departSpeed="11.180000"/>
	<vehicle id="car_323" type="car8" route="4" depart="287" departLane = "2" departSpeed="11.180000"/>
	<vehicle id="car_324" type="car9" route="0" depart="289" departLane = "0" departSpeed="11.180000"/>
	<vehicle id="car_325" type="car7" route="1" depart="289" departLane = "1" departSpeed="11.180000"/>
	<vehicle id="car_326" type="car6" route="10" depart="289" departLane = "1" departSpeed="11.180000"/>
	<vehicle id="car_327" type="car6" route="4" depart="290" departLane = "1" departSpeed="11.180000"/>
	<vehicle id="car_328" type="car6" route="1" depart="291" departLane = "2" departSpeed="11.180000"/>
	<vehicle id="car_329" type="car7" route="5" depart="291" departLane = "2" departSpeed="11.180000"/>
	<vehicle id="car_330" type="car9" route="2" depart="292" departLane = "2" departSpeed="11.180000"/>
	<vehicle id="car_331" type="car5" route="11" depart="293" departLane = "1" departSpeed="11.180000"/>
	<vehicle id="car_332" type="car8" route="6" depart="293" departLane = "1" departSpeed="11.180000"/>
	<vehicle id="car_333" type="car7" route="5" depart="294" departLane = "0" departSpeed="11.180000"/>
	<vehicle id="car_334" type="car5" route="4" depart="295" departLane = "2" departSpeed="11.180000"/>
	<vehicle id="car_335" type="car7" route="3" depart="296" departLane = "0" departSpeed="11.180000"/>
	<vehicle id="car_336" type="car7" route="3" depart="297" departLane = "2" departSpeed="11.180000"/>
	<vehicle id="car_337" type="car7" route="10" depart="297" departLane = "1" departSpeed="11.180000"/>
	<vehicle id="car_338" type="car6" route="8" depart="298" departLane = "2" departSpeed="11.180000"/>
	<vehicle id="car_339" type="car5" route="4" depart="299" departLane = "2" departSpeed="11.180000"/>
	<vehicle id="car_340" type="car7" route="11" depart="301" departLane = "1" departSpeed="11.180000"/>
	<vehicle id="car_341" type="car7" route="8" depart="302" departLane = "1" departSpeed="11.180000"/>
	<vehicle id="car_342" type="car8" route="0" depart="304" departLane = "1" departSpeed="11.180000"/>
	<vehicle id="car_343" type="car7" route="4" depart="304" departLane = "1" departSpeed="11.180000"/>
	<vehicle id="car_344" type="car7" route="7" depart="304" departLane = "0" departSpeed="11.180000"/>
	<vehicle id="car_345" type="car7" route="1" depart="305" departLane = "2" departSpeed="11.180000"/>
	<vehicle id="car_346" type="car8" route="2" depart="305" departLane = "2" departSpeed="11.180000"/>
	<vehicle id="car_347" type="car6" route="1" depart="306" departLane = "2" departSpeed="11.180000"/>
	<vehicle id="car_348" type="car6" route="6" depart="306" departLane = "0" departSpeed="11.180000"/>
	<vehicle id="car_349" type="car9" route="3" depart="307" departLane = "2" departSpeed="11.180000"/>
	<vehicle id="car_350" type="car6" route="9" depart="307" departLane = "2" departSpeed="11.180000"/>
	<vehicle id="car_351" type="car9" route="2" depart="308" departLane = "0" departSpeed="11.180000"/>
	<vehicle id="car_352" type="car7" route="9" depart="308" departLane = "0" departSpeed="11.180000"/>
	<vehicle id="car_353" type="car6" route="7" depart="309" departLane = "0" departSpeed="11.180000"/>
	<vehicle id="car_354" type="car8" route="0" depart="310" departLane = "0" departSpeed="11.180000"/>
	<vehicle id="car_355" type="car5" route="2" depart="310" departLane = "2" departSpeed="11.180000"/>
	<vehicle id="car_356" type="car5" route="1" depart="311" departLane = "0" departSpeed="11.180000"/>
	<vehicle id="car_357" type="car8" route="8" depart="313" departLane = "2" departSpeed="11.180000"/>
	<vehicle id="car_358" type="car5" route="2" depart="314" departLane = "2" departSpeed="11.180000"/>
	<vehicle id="car_359" type="car9" route="5" depart="316" departLane = "1" departSpeed="11.180000"/>
	<vehicle id="car_360" type="car6" route="9" depart="317" departLane = "0" departSpeed="11.180000"/>
	<vehicle id="car_361" type="car8" route="4" depart="318" departLane = "1" departSpeed="11.180000"/>
	<vehicle id="car_362" type="car5" route="4" depart="319" departLane = "2" departSpeed="11.180000"/>
	<vehicle id="car_363" type="car7" route="9" depart="319" departLane = "0" departSpeed="11.180000"/>
	<vehicle id="car_364" type="car5" route="0" depart="320" departLane = "1" departSpeed="11.180000"/>
	<vehicle id="car_365" type="car8" route="4" depart="323" departLane = "1" departSpeed="11.180000"/>
	<vehicle id="car_366" type="car8" route="5" depart="325" departLane = "0" departSpeed="11.180000"/>
	<vehicle id="car_367" type="car9" route="3" depart="326" departLane = "0" departSpeed="11.180000"/>
	<vehicle id="car_368" type="car9" route="0" depart="327" departLane = "0" departSpeed="11.180000"/>
	<vehicle id="car_369" type="car7" route="4" depart="327" departLane = "0" departSpeed="11.180000"/>
	<vehicle id="car_370" type="car9" route="6" depart="328" departLane = "1" departSpeed="11.180000"/>
	<vehicle id="car_371" type="car6" route="10" depart="329" departLane = "0" departSpeed="11.180000"/>
	<vehicle id="car_372" type="car6" route="2" depart="329" departLane = "0" departSpeed="11.180000"/>
	<vehicle id="car_373" type="car7" route="10" depart="331" departLane = "2" departSpeed="11.180000"/>
	<vehicle id="car_374" type="car8" route="10" depart="332" departLane = "1" departSpeed="11.180000"/>
	<vehicle id="car_375" type="car6" route="5" depart="332" departLane = "1" departSpeed="11.180000"/>
	<vehicle id="car_376" type="car9" route="0" depart="333" departLane = "0" departSpeed="11.180000"/>
	<vehicle id="car_377" type="car9" route="3" depart="333" departLane = "2" departSpeed="11.180000"/>
	<vehicle id="car_378" type="car6" route="9" depart="333" departLane = "2" departSpeed="11.180000"/>
	<vehicle id="car_379" type="car5" route="8" depart="334" departLane = "2" departSpeed="11.180000"/>
	<vehicle id="car_380" type="car7" route="10" depart="334" departLane = "1" departSpeed="11.180000"/>
	<vehicle id="car_381" type="car8" route="5" depart="334" departLane = "1" departSpeed="11.180000"/>
	<vehicle id="car_382" type="car7" route="4" depart="336" departLane = "0" departSpeed="11.180000"/>
	<vehicle id="car_383" type="car6" route="10" depart="337" departLane = "1" departSpeed="11.180000"/>
	<vehicle id="car_384" type="car9" route="8" depart="339" departLane = "0" departSpeed="11.180000"/>
	<vehicle id="car_385" type="car8" route="1" depart="339" departLane = "2" departSpeed="11.180000"/>
	<vehicle id="car_386" type="car6" route="2" depart="340" departLane = "1" departSpeed="11.180000"/>
	<vehicle id="car_387" type="car7" route="8" depart="342" departLane = "1" departSpeed="11.180000"/>
	<vehicle id="car_388" type="car9" route="10" depart="346" departLane = "2" departSpeed="11.180000"/>
	<vehicle id="car_389" type="car8" route="3" depart="347" departLane = "1" departSpeed="11.180000"/>
	<vehicle id="car_390" type="car6" route="11" depart="347" departLane = "1" departSpeed="11.180000"/>
	<vehicle id="car_391" type="car7" route="6" depart="347" departLane = "2" departSpeed="11.180000"/>
	<vehicle id="car_392" type="car7" route="7" depart="348" departLane = "0" departSpeed="11.180000"/>
	<vehicle id="car_393" type="car8" route="11" depart="349" departLane = "1" departSpeed="11.180000"/>
	<vehicle id="car_394" type="car9" route="9" depart="352" departLane = "2" departSpeed="11.180000"/>
	<vehicle id="car_395" type="car9" route="9" depart="353" departLane = "0" departSpeed="11.180000"/>
	<vehicle id="car_396" type="car9" route="1" depart="354" departLane = "2" departSpeed="11.180000"/>
	<vehicle id="car_397" type="car5" route="3" depart="355" departLane = "2" departSpeed="11.180000"/>
	<vehicle id="car_398" type="car9" route="10" depart="355" departLane = "0" departSpeed="11.180000"/>
	<vehicle id="car_399" type="car8" route="6" depart="355" departLane = "2" departSpeed="11.180000"/>
	<vehicle id="car_400" type="car8" route="7" depart="356" departLane = "0" departSpeed="11.180000"/>
	<vehicle id="car_401" type="car5" route="3" depart="357" departLane = "2" departSpeed="11.180000"/>
	<vehicle id="car_402" type="car7" route="10" depart="358" departLane = "0" departSpeed="11.180000"/>
	<vehicle id="car_403" type="car7" route="5" depart="359" departLane = "1" departSpeed="11.180000"/>
	<vehicle id="car_404" type="car7" route="0" depart="360" departLane = "0" departSpeed="11.180000"/>
	<vehicle id="car_405" type="car6" route="9" depart="360" departLane = "0" departSpeed="11.180000"/>
	<vehicle id="car_406" type="car8" route="3" depart="361" departLane = "2" departSpeed="11.180000"/>
	<vehicle id="car_407" type="car6" route="7" depart="361" departLane = "0" departSpeed="11.180000"/>
	<vehicle id="car_408" type="car7" route="8" depart="362" departLane = "1" departSpeed="11.180000"/>
	<vehicle id="car_409" type="car8" route="2" depart="362" departLane = "0" departSpeed="11.180000"/>
	<vehicle id="car_410" type="car6" route="9" depart="362" departLane = "0" departSpeed="11.180000"/>
	<vehicle id="car_411" type="car9" route="5" depart="363" departLane = "0" departSpeed="11.180000"/>
	<vehicle id="car_412" type="car6" route="0" depart="365" departLane = "2" departSpeed="11.180000"/>
	<vehicle id="car_413" type="car6" route="2" depart="365" departLane = "2" departSpeed="11.180000"/>
	<vehicle id="car_414" type="car6" route="0" depart="366" departLane = "0" departSpeed="11.180000"/>
	<vehicle id="car_415" type="car7" route="4" depart="367" departLane = "1" departSpeed="11.180000"/>
	<vehicle id="car_416" type="car8" route="10" depart="367" departLane = "0" departSpeed="11.180000"/>
	<vehicle id="car_417" type="car9" route="2" depart="367" departLane = "0" departSpeed="11.180000"/>
	<vehicle id="car_418" type="car6" route="5" depart="367" departLane = "1" departSpeed="11.180000"/>
	<vehicle id="car_419" type="car7" route="0" depart="368" departLane = "0" departSpeed="11.180000"/>
	<vehicle id="car_420" type="car9" route="8" depart="369" departLane = "0" departSpeed="11.180000"/>
	<vehicle id="car_421" type="car6" route="1" depart="370" departLane = "0" departSpeed="11.180000"/>
	<vehicle id="car_422" type="car9" route="2" depart="370" departLane = "1" departSpeed="11.180000"/>
	<vehicle id="car_423" type="car6" route="6" depart="372" departLane = "1" departSpeed="11.180000"/>
	<vehicle id="car_424" type="car8" route="4" depart="374" departLane = "1" departSpeed="11.180000"/>
	<vehicle id="car_425" type="car6" route="7" depart="374" departLane = "2" departSpeed="11.180000"/>
	<vehicle id="car_426" type="car7" route="3" depart="377" departLane = "1" departSpeed="11.180000"/>
	<vehicle id="car_427" type="car8" route="9" depart="379" departLane = "0" departSpeed="11.180000"/>
	<vehicle id="car_428" type="car5" route="9" depart="381" departLane = "0" departSpeed="11.180000"/>
	<vehicle id="car_429" type="car9" route="9" depart="382" departLane = "2" departSpeed="11.180000"/>
	<vehicle id="car_430" type="car7" route="4" depart="383" departLane = "2" departSpeed="11.180000"/>
	<vehicle id="car_431" type="car7" route="0" depart="384" departLane = "2" departSpeed="11.180000"/>
	<vehicle id="car_432" type="car6" route="2" depart="386" departLane = "2" departSpeed="11.180000"/>
	<vehicle id="car_433" type="car5" route="0" depart="387" departLane = "2" departSpeed="11.180000"/>
	<vehicle id="car_434" type="car7" route="6" depart="387" departLane = "0" departSpeed="11.180000"/>
	<vehicle id="car_435" type="car7" route="11" depart="388" departLane = "1" departSpeed="11.180000"/>
	<vehicle id="car_436" type="car9" route="7" depart="388" departLane = "2" departSpeed="11.180000"/>
	<vehicle id="car_437" type="car5" route="3" depart="389" departLane = "2" departSpeed="11.180000"/>
	<vehicle id="car_438" type="car5" route="11" depart="389" departLane = "0" departSpeed="11.180000"/>
	<vehicle id="car_439" type="car9" route="7" depart="389" departLane = "2" departSpeed="11.180000"/>
	<vehicle id="car_440" type="car6" route="9" depart="389" departLane = "0" departSpeed="11.180000"/>
	<vehicle id="car_441" type="car7" route="1" depart="390" departLane = "2" departSpeed="11.180000"/>
	<vehicle id="car_442" type="car5" route="8" depart="391" departLane = "0" departSpeed="11.180000"/>
	<vehicle id="car_443" type="car7" route="11" depart="391" departLane = "1" departSpeed="11.180000"/>
	<vehicle id="car_444" type="car5" route="6" depart="391" departLane = "0" departSpeed="11.180000"/>
	<vehicle id="car_445" type="car5" route="5" depart="393" departLane = "2" departSpeed="11.180000"/>
	<vehicle id="car_446" type="car6" route="4" depart="394" departLane = "1" departSpeed="11.180000"/>
	<vehicle id="car_447" type="car6" route="8" depart="396" departLane = "1" departSpeed="11.180000"/>
	<vehicle id="car_448" type="car6" route="9" depart="396" departLane = "1" departSpeed="11.180000"/>
	<vehicle id="car_449" type="car8" route="8" depart="397" departLane = "1" departSpeed="11.180000"/>
	<vehicle id="car_450" type="car6" route="0" depart="399" departLane = "0" departSpeed="11.180000"/>
	<vehicle id="car_451" type="car9" route="10" depart="399" departLane = "1" departSpeed="11.180000"/>
	<vehicle id="car_452" type="car7" route="11" depart="400" departLane = "0" departSpeed="11.180000"/>
	<vehicle id="car_453" type="car7" route="8" depart="401" departLane = "0" departSpeed="11.180000"/>
	<vehicle id="car_454" type="car6" route="7" depart="401" departLane = "0" departSpeed="11.180000"/>
	<vehicle id="car_455" type="car8" route="7" depart="402" departLane = "0" departSpeed="11.180000"/>
	<vehicle id="car_456" type="car5" route="10" depart="402" departLane = "1" departSpeed="11.180000"/>
	<vehicle id="car_457" type="car7" route="2" depart="402" departLane = "1" departSpeed="11.180000"/>
	<vehicle id="car_458" type="car7" route="0" depart="403" departLane = "2" departSpeed="11.180000"/>
	<vehicle id="car_459" type="car9" route="8" depart="405" departLane = "0" departSpeed="11.180000"/>
	<vehicle id="car_460" type="car7" route="4" depart="405" departLane = "0" departSpeed="11.180000"/>
	<vehicle id="car_461" type="car8" route="2" depart="405" departLane = "2" departSpeed="11.180000"/>
	<vehicle id="car_462" type="car5" route="0" depart="406" departLane = "2" departSpeed="11.180000"/>
	<vehicle id="car_463" type="car8" route="9" depart="407" departLane = "2" departSpeed="11.180000"/>
	<vehicle id="car_464" type="car9" route="1" depart="408" departLane = "1" departSpeed="11.180000"/>
	<vehicle id="car_465" type="car6" route="2" depart="408" departLane = "2" departSpeed="11.180000"/>
	<vehicle id="car_466" type="car6" route="9" depart="408" departLane = "2" departSpeed="11.180000"/>
	<vehicle id="car_467" type="car8" route="5" depart="409" departLane = "1" departSpeed="11.180000"/>
	<vehicle id="car_468" type="car7" route="4" depart="412" departLane = "2" departSpeed="11.180000"/>
	<vehicle id="car_469" type="car7" route="9" depart="412" departLane = "0" departSpeed="11.180000"/>
	<vehicle id="car_470" type="car8" route="3" depart="413" departLane = "2" departSpeed="11.180000"/>
	<vehicle id="car_471" type="car8" route="9" depart="414" departLane = "1" departSpeed="11.180000"/>
	<vehicle id="car_472" type="car8" route="9" depart="415" departLane = "0" departSpeed="11.180000"/>
	<vehicle id="car_473" type="car6" route="1" depart="416" departLane = "2" departSpeed="11.180000"/>
	<vehicle id="car_474" type="car5" route="7" depart="416" departLane = "0" departSpeed="11.180000"/>
	<vehicle id="car_475" type="car6" route="9" depart="417" departLane = "0" departSpeed="11.180000"/>
	<vehicle id="car_476" type="car7" route="0" depart="418" departLane = "1" departSpeed="11.180000"/>
	<vehicle id="car_477" type="car9" route="8" depart="418" departLane = "2" departSpeed="11.180000"/>
	<vehicle id="car_478" type="car7" route="7" depart="418" departLane = "0" departSpeed="11.180000"/>
	<vehicle id="car_479" type="car7" route="6" depart="418" departLane = "2" departSpeed="11.180000"/>
	<vehicle id="car_480" type="car6" route="3" depart="419" departLane = "1" departSpeed="11.180000"/>
	<vehicle id="car_481" type="car5" route="8" depart="421" departLane = "1" departSpeed="11.180000"/>
	<vehicle id="car_482" type="car6" route="4" depart="421" departLane = "2" departSpeed="11.180000"/>
	<vehicle id="car_483" type="car9" route="2" depart="421" departLane = "1" departSpeed="11.180000"/>
	<vehicle id="car_484" type="car7" route="9" depart="421" departLane = "1" departSpeed="11.180000"/>
	<vehicle id="car_485" type="car9" route="0" depart="423" departLane = "2" departSpeed="11.180000"/>
	<vehicle id="car_486" type="car7" route="4" depart="423" departLane = "1" departSpeed="11.180000"/>
	<vehicle id="car_487" type="car8" route="8" depart="424" departLane = "1" departSpeed="11.180000"/>
	<vehicle id="car_488" type="car5" route="9" depart="424" departLane = "2" departSpeed="11.180000"/>
	<vehicle id="car_489" type="car6" route="10" depart="425" departLane = "0" departSpeed="11.180000"/>
	<vehicle id="car_490" type="car8" route="9" depart="425" departLane = "1" departSpeed="11.180000"/>
	<vehicle id="car_491" type="car6" route="5" depart="426" departLane = "0" departSpeed="11.180000"/>
	<vehicle id="car_492" type="car6" route="7" depart="427" departLane = "0" departSpeed="11.180000"/>
	<vehicle id="car_493" type="car7" route="6" depart="427" departLane = "2" departSpeed="11.180000"/>
	<vehicle id="car_494" type="car7" route="11" depart="428" departLane = "2" departSpeed="11.180000"/>
	<vehicle id="car_495" type="car6" route="9" depart="428" departLane = "1" departSpeed="11.180000"/>
	<vehicle id="car_496" type="car5" route="3" depart="429" departLane = "1" departSpeed="11.180000"/>
	<vehicle id="car_497" type="car5" route="4" depart="429" departLane = "0" departSpeed="11.180000"/>
	<vehicle id="car_498" type="car5" route="9" depart="429" departLane = "2" departSpeed="11.180000"/>
	<vehicle id="car_499" type="car9" route="5" depart="430" departLane = "0" departSpeed="11.180000"/>
	<vehicle id="car_500" type="car5" route="9" depart="430" departLane = "0" departSpeed="11.180000"/>
	<vehicle id="car_501" type="car7" route="9" depart="431" departLane = "2" departSpeed="11.180000"/>
	<vehicle id="car_502" type="car6" route="8" depart="432" departLane = "0" departSpeed="11.180000"/>
	<vehicle id="car_503" type="car8" route="4" depart="433" departLane = "2" departSpeed="11.180000"/>
	<vehicle id="car_504" type="car9" route="0" depart="434" departLane = "1" departSpeed="11.180000"/>
	<vehicle id="car_505" type="car6" route="6" depart="434" departLane = "1" departSpeed="11.180000"/>
	<vehicle id="car_506" type="car9" route="1" depart="436" departLane = "2" departSpeed="11.180000"/>
	<vehicle id="car_507" type="car5" route="10" depart="437" departLane = "2" departSpeed="11.180000"/>
	<vehicle id="car_508" type="car9" route="6" depart="437" departLane = "0" departSpeed="11.180000"/>
	<vehicle id="car_509" type="car8" route="3" depart="438" departLane = "2" departSpeed="11.180000"/>
	<vehicle id="car_510" type="car6" route="4" depart="439" departLane = "0" departSpeed="11.180000"/>
	<vehicle id="car_511" type="car9" route="6" depart="439" departLane = "1" departSpeed="11.180000"/>
	<vehicle id="car_512" type="car6" route="1" depart="441" departLane = "2" departSpeed="11.180000"/>
	<vehicle id="car_513" type="car7" route="10" depart="441" departLane = "1" departSpeed="11.180000"/>
	<vehicle id="car_514" type="car9" route="5" depart="441" departLane = "2" departSpeed="11.180000"/>
	<vehicle id="car_515" type="car7" route="4" depart="442" departLane = "2" departSpeed="11.180000"/>
	<vehicle id="car_516" type="car9" route="5" depart="442" departLane = "0" departSpeed="11.180000"/>
	<vehicle id="car_517" type="car5" route="9" depart="442" departLane = "1" departSpeed="11.180000"/>
	<vehicle id="car_518" type="car5" route="10" depart="444" departLane = "2" departSpeed="11.180000"/>
	<vehicle id="car_519" type="car7" route="4" depart="445" departLane = "2" departSpeed="11.180000"/>
	<vehicle id="car_520" type="car7" route="11" depart="447" departLane = "1" departSpeed="11.180000"/>
	<vehicle id="car_521" type="car6" route="5" depart="447" departLane = "2" departSpeed="11.180000"/>
	<vehicle id="car_522" type="car8" route="7" depart="448" departLane = "2" departSpeed="11.180000"/>
	<vehicle id="car_523" type="car6" route="8" depart="449" departLane = "2" departSpeed="11.180000"/>
	<vehicle id="car_524" type="car6" route="10" depart="450" departLane = "2" departSpeed="11.180000"/>
	<vehicle id="car_525" type="car6" route="9" depart="451" departLane = "2" departSpeed="11.180000"/>
	<vehicle id="car_526" type="car5" route="2" depart="453" departLane = "0" departSpeed="11.180000"/>
	<vehicle id="car_527" type="car9" route="6" depart="453" departLane = "1" departSpeed="11.180000"/>
	<vehicle id="car_528" type="car8" route="7" depart="455" departLane = "1" departSpeed="11.180000"/>
	<vehicle id="car_529" type="car5" route="5" depart="456" departLane = "2" departSpeed="11.180000"/>
	<vehicle id="car_530" type="car5" route="3" depart="458" departLane = "1" departSpeed="11.180000"/>
	<vehicle id="car_531" type="car9" route="0" depart="460" departLane = "2" departSpeed="11.180000"/>
	<vehicle id="car_532" type="car9" route="3" depart="461" departLane = "2" departSpeed="11.180000"/>
	<vehicle id="car_533" type="car7" route="6" depart="462" departLane = "0" departSpeed="11.180000"/>
	<vehicle id="car_534" type="car5" route="8" depart="464" departLane = "2" departSpeed="11.180000"/>
	<vehicle id="car_535" type="car6" route="2" depart="464" departLane = "2" departSpeed="11.180000"/>
	<vehicle id="car_536" type="car5" route="9" depart="464" departLane = "2" departSpeed="11.180000"/>
	<vehicle id="car_537" type="car8" route="7" depart="465" departLane = "1" departSpeed="11.180000"/>
	<vehicle id="car_538" type="car5" route="7" depart="466" departLane = "0" departSpeed="11.180000"/>
	<vehicle id="car_539" type="car9" route="2" depart="467" departLane = "2" departSpeed="11.180000"/>
	<vehicle id="car_540" type="car6" route="1" depart="468" departLane = "0" departSpeed="11.180000"/>
	<vehicle id="car_541" type="car7" route="5" depart="468" departLane = "1" departSpeed="11.180000"/>
	<vehicle id="car_542" type="car6" route="8" depart="471" departLane = "2" departSpeed="11.180000"/>
	<vehicle id="car_543" type="car6" route="7" depart="471" departLane = "0" departSpeed="11.180000"/>
	<vehicle id="car_544" type="car8" route="1" depart="472" departLane = "1" departSpeed="11.180000"/>
	<vehicle id="car_545" type="car9" route="6" depart="472" departLane = "2" departSpeed="11.180000"/>
	<vehicle id="car_546" type="car8" route="4" depart="473" departLane = "2" departSpeed="11.180000"/>
	<vehicle id="car_547" type="car8" route="0" depart="474" departLane = "2" departSpeed="11.180000"/>
	<vehicle id="car_548" type="car5" route="6" depart="474" departLane = "2" departSpeed="11.180000"/>
	<vehicle id="car_549" type="car7" route="11" depart="475" departLane = "2" departSpeed="11.180000"/>
	<vehicle id="car_550" type="car5" route="0" depart="476" departLane = "0" departSpeed="11.180000"/>
	<vehicle id="car_551" type="car5" route="1" depart="476" departLane = "2" departSpeed="11.180000"/>
	<vehicle id="car_552" type="car6" route="10" depart="476" departLane = "1" departSpeed="11.180000"/>
	<vehicle id="car_553" type="car8" route="9" depart="476" departLane = "2" departSpeed="11.180000"/>
	<vehicle id="car_554" type="car6" route="9" depart="478" departLane = "2" departSpeed="11.180000"/>
	<vehicle id="car_555" type="car7" route="8" depart="480" departLane = "1" departSpeed="11.180000"/>
	<vehicle id="car_556" type="car9" route="6" depart="480" departLane = "1" departSpeed="11.180000"/>
	<vehicle id="car_557" type="car7" route="8" depart="481" departLane = "2" departSpeed="11.180000"/>
	<vehicle id="car_558" type="car7" route="4" depart="482" departLane = "1" departSpeed="11.180000"/>
	<vehicle id="car_559" type="car7" route="3" depart="483" departLane = "1" departSpeed="11.180000"/>
	<vehicle id="car_560" type="car8" route="7" depart="484" departLane = "1" departSpeed="11.180000"/>
	<vehicle id="car_561" type="car9" route="5" depart="485" departLane = "0" departSpeed="11.180000"/>
	<vehicle id="car_562" type="car5" route="0" depart="486" departLane = "2" departSpeed="11.180000"/>
	<vehicle id="car_563" type="car5" route="4" depart="486" departLane = "2" departSpeed="11.180000"/>
	<vehicle id="car_564" type="car7" route="0" depart="487" departLane = "0" departSpeed="11.180000"/>
	<vehicle id="car_565" type="car9" route="3" depart="487" departLane = "2" departSpeed="11.180000"/>
	<vehicle id="car_566" type="car6" route="11" depart="487" departLane = "0" departSpeed="11.180000"/>
	<vehicle id="car_567" type="car7" route="2" depart="488" departLane = "2" departSpeed="11.180000"/>
	<vehicle id="car_568" type="car6" route="7" depart="489" departLane = "0" departSpeed="11.180000"/>
	<vehicle id="car_569" type="car9" route="2" depart="489" departLane = "1" departSpeed="11.180000"/>
	<vehicle id="car_570" type="car8" route="3" depart="490" departLane = "0" departSpeed="11.180000"/>
	<vehicle id="car_571" type="car9" route="3" depart="491" departLane = "1" departSpeed="11.180000"/>
	<vehicle id="car_572" type="car7" route="3" depart="493" departLane = "0" departSpeed="11.180000"/>
	<vehicle id="car_573" type="car5" route="1" depart="495" departLane = "2" departSpeed="11.180000"/>
	<vehicle id="car_574" type="car7" route="5" depart="495" departLane = "1" departSpeed="11.180000"/>
	<vehicle id="car_575" type="car9" route="10" depart="496" departLane = "2" departSpeed="11.180000"/>
	<vehicle id="car_576" type="car5" route="8" depart="497" departLane = "1" departSpeed="11.180000"/>
	<vehicle id="car_577" type="car8" route="0" depart="498" departLane = "2" departSpeed="11.180000"/>
	<vehicle id="car_578" type="car5" route="2" depart="501" departLane = "1" departSpeed="11.180000"/>
	<vehicle id="car_579" type="car6" route="5" depart="504" departLane = "2" departSpeed="11.180000"/>
	<vehicle id="car_580" type="car9" route="2" depart="505" departLane = "1" departSpeed="11.180000"/>
	<vehicle id="car_581" type="car7" route="9" depart="505" departLane = "2" departSpeed="11.180000"/>
	<vehicle id="car_582" type="car5" route="2" depart="507" departLane = "0" departSpeed="11.180000"/>
	<vehicle id="car_583" type="car6" route="6" depart="507" departLane = "0" departSpeed="11.180000"/>
	<vehicle id="car_584" type="car8" route="8" depart="508" departLane = "1" departSpeed="11.180000"/>
	<vehicle id="car_585" type="car6" route="1" depart="509" departLane = "2" departSpeed="11.180000"/>
	<vehicle id="car_586" type="car7" route="10" depart="510" departLane = "1" departSpeed="11.180000"/>
	<vehicle id="car_587" type="car9" route="1" depart="511" departLane = "2" departSpeed="11.180000"/>
	<vehicle id="car_588" type="car7" route="11" depart="512" departLane = "0" departSpeed="11.180000"/>
	<vehicle id="car_589" type="car8" route="10" depart="512" departLane = "0" departSpeed="11.180000"/>
	<vehicle id="car_590" type="car9" route="2" depart="513" departLane = "2" departSpeed="11.180000"/>
	<vehicle id="car_591" type="car8" route="6" depart="513" departLane = "2" departSpeed="11.180000"/>
	<vehicle id="car_592" type="car6" route="10" depart="514" departLane = "2" departSpeed="11.180000"/>
	<vehicle id="car_593" type="car9" route="4" depart="515" departLane = "2" departSpeed="11.180000"/>
	<vehicle id="car_594" type="car5" route="5" depart="515" departLane = "1" departSpeed="11.180000"/>
	<vehicle id="car_595" type="car8" route="9" depart="515" departLane = "2" departSpeed="11.180000"/>
	<vehicle id="car_596" type="car8" route="0" depart="516" departLane = "2" departSpeed="11.180000"/>
	<vehicle id="car_597" type="car7" route="3" depart="518" departLane = "0" departSpeed="11.180000"/>
	<vehicle id="car_598" type="car6" route="7" depart="518" departLane = "2" departSpeed="11.180000"/>
	<vehicle id="car_599" type="car9" route="9" depart="518" departLane = "1" departSpeed="11.180000"/>
	<vehicle id="car_600" type="car7" route="8" depart="519" departLane = "1" departSpeed="11.180000"/>
	<vehicle id="car_601" type="car5" route="7" depart="519" departLane = "1" departSpeed="11.180000"/>
	<vehicle id="car_602" type="car6" route="4" depart="520" departLane = "0" departSpeed="11.180000"/>
	<vehicle id="car_603" type="car5" route="10" depart="521" departLane = "1" departSpeed="11.180000"/>
	<vehicle id="car_604" type="car5" route="3" depart="522" departLane = "0" departSpeed="11.180000"/>
	<vehicle id="car_605" type="car7" route="7" depart="530" departLane = "1" departSpeed="11.180000"/>
	<vehicle id="car_606" type="car6" route="3" depart="531" departLane = "0" departSpeed="11.180000"/>
	<vehicle id="car_607" type="car7" route="8" depart="531" departLane = "0" departSpeed="11.180000"/>
	<vehicle id="car_608" type="car7" route="1" depart="532" departLane = "2" departSpeed="11.180000"/>
	<vehicle id="car_609" type="car5" route="4" depart="533" departLane = "2" departSpeed="11.180000"/>
	<vehicle id="car_610" type="car8" route="0" depart="534" departLane = "2" departSpeed="11.180000"/>
	<vehicle id="car_611" type="car8" route="9" depart="536" departLane = "0" departSpeed="11.180000"/>
	<vehicle id="car_612" type="car9" route="8" depart="537" departLane = "0" departSpeed="11.180000"/>
	<vehicle id="car_613" type="car7" route="10" depart="539" departLane = "2" departSpeed="11.180000"/>
	<vehicle id="car_614" type="car7" route="2" depart="539" departLane = "1" departSpeed="11.180000"/>
	<vehicle id="car_615" type="car7" route="4" depart="540" departLane = "2" departSpeed="11.180000"/>
	<vehicle id="car_616" type="car6" route="2" depart="540" departLane = "1" departSpeed="11.180000"/>
	<vehicle id="car_617" type="car7" route="6" depart="540" departLane = "1" departSpeed="11.180000"/>
	<vehicle id="car_618" type="car6" route="0" depart="542" departLane = "0" departSpeed="11.180000"/>
	<vehicle id="car_619" type="car9" route="7" depart="542" departLane = "0" departSpeed="11.180000"/>
	<vehicle id="car_620" type="car7" route="10" depart="542" departLane = "2" departSpeed="11.180000"/>
	<vehicle id="car_621" type="car6" route="7" depart="543" departLane = "0" departSpeed="11.180000"/>
	<vehicle id="car_622" type="car8" route="0" depart="544" departLane = "2" departSpeed="11.180000"/>
	<vehicle id="car_623" type="car5" route="4" depart="545" departLane = "0" departSpeed="11.180000"/>
	<vehicle id="car_624" type="car5" route="9" depart="545" departLane = "1" departSpeed="11.180000"/>
	<vehicle id="car_625" type="car6" route="8" depart="546" departLane = "0" departSpeed="11.180000"/>
	<vehicle id="car_626" type="car7" route="7" depart="546" departLane = "1" departSpeed="11.180000"/>
	<vehicle id="car_627" type="car7" route="11" depart="548" departLane = "1" departSpeed="11.180000"/>
	<vehicle id="car_628" type="car7" route="4" depart="548" departLane = "2" departSpeed="11.180000"/>
	<vehicle id="car_629" type="car5" route="3" depart="549" departLane = "2" departSpeed="11.180000"/>
	<vehicle id="car_630" type="car8" route="7" depart="549" departLane = "0" departSpeed="11.180000"/>
	<vehicle id="car_631" type="car6" route="11" depart="550" departLane = "1" departSpeed="11.180000"/>
	<vehicle id="car_632" type="car6" route="7" depart="550" departLane = "2" departSpeed="11.180000"/>
	<vehicle id="car_633" type="car8" route="5" depart="550" departLane = "0" departSpeed="11.180000"/>
	<vehicle id="car_634" type="car6" route="1" depart="552" departLane = "0" departSpeed="11.180000"/>
	<vehicle id="car_635" type="car6" route="4" depart="552" departLane = "2" departSpeed="11.180000"/>
	<vehicle id="car_636" type="car7" route="0" depart="553" departLane = "2" departSpeed="11.180000"/>
	<vehicle id="car_637" type="car9" route="3" depart="556" departLane = "1" departSpeed="11.180000"/>
	<vehicle id="car_638" type="car9" route="4" depart="556" departLane = "0" departSpeed="11.180000"/>
	<vehicle id="car_639" type="car7" route="2" depart="557" departLane = "2" departSpeed="11.180000"/>
	<vehicle id="car_640" type="car6" route="5" depart="557" departLane = "2" departSpeed="11.180000"/>
	<vehicle id="car_641" type="car7" route="9" depart="557" departLane = "0" departSpeed="11.180000"/>
	<vehicle id="car_642" type="car6" route="5" depart="558" departLane = "1" departSpeed="11.180000"/>
	<vehicle id="car_643" type="car7" route="9" depart="559" departLane = "0" departSpeed="11.180000"/>
	<vehicle id="car_644" type="car9" route="3" depart="560" departLane = "2" departSpeed="11.180000"/>
	<vehicle id="car_645" type="car9" route="8" depart="562" departLane = "0" departSpeed="11.180000"/>
	<vehicle id="car_646" type="car8" route="2" depart="564" departLane = "1" departSpeed="11.180000"/>
	<vehicle id="car_647" type="car9" route="3" depart="565" departLane = "0" departSpeed="11.180000"/>
	<vehicle id="car_648" type="car5" route="7" depart="565" departLane = "0" departSpeed="11.180000"/>
	<vehicle id="car_649" type="car5" route="3" depart="566" departLane = "1" departSpeed="11.180000"/>
	<vehicle id="car_650" type="car7" route="10" depart="567" departLane = "0" departSpeed="11.180000"/>
	<vehicle id="car_651" type="car5" route="5" depart="567" departLane = "1" departSpeed="11.180000"/>
	<vehicle id="car_652" type="car9" route="11" depart="568" departLane = "0" departSpeed="11.180000"/>
	<vehicle id="car_653" type="car5" route="7" depart="568" departLane = "0" departSpeed="11.180000"/>
	<vehicle id="car_654" type="car9" route="10" depart="570" departLane = "2" departSpeed="11.180000"/>
	<vehicle id="car_655" type="car5" route="9" depart="570" departLane = "2" departSpeed="11.180000"/>
	<vehicle id="car_656" type="car7" route="0" depart="571" departLane = "1" departSpeed="11.180000"/>
	<vehicle id="car_657" type="car8" route="8" depart="571" departLane = "0" departSpeed="11.180000"/>
	<vehicle id="car_658" type="car5" route="4" depart="572" departLane = "1" departSpeed="11.180000"/>
	<vehicle id="car_659" type="car9" route="0" depart="573" departLane = "1" departSpeed="11.180000"/>
	<vehicle id="car_660" type="car9" route="10" depart="574" departLane = "2" departSpeed="11.180000"/>
	<vehicle id="car_661" type="car6" route="1" depart="575" departLane = "1" departSpeed="11.180000"/>
	<vehicle id="car_662" type="car8" route="10" depart="576" departLane = "2" departSpeed="11.180000"/>
	<vehicle id="car_663" type="car5" route="6" depart="577" departLane = "1" departSpeed="11.180000"/>
	<vehicle id="car_664" type="car5" route="11" depart="578" departLane = "0" departSpeed="11.180000"/>
	<vehicle id="car_665" type="car5" route="2" depart="578" departLane = "1" departSpeed="11.180000"/>
	<vehicle id="car_666" type="car9" route="7" depart="579" departLane = "1" departSpeed="11.180000"/>
	<vehicle id="car_667" type="car7" route="2" depart="579" departLane = "2" departSpeed="11.180000"/>
	<vehicle id="car_668" type="car7" route="0" depart="580" departLane = "2" departSpeed="11.180000"/>
	<vehicle id="car_669" type="car9" route="7" depart="581" departLane = "2" departSpeed="11.180000"/>
	<vehicle id="car_670" type="car5" route="3" depart="582" departLane = "2" departSpeed="11.180000"/>
	<vehicle id="car_671" type="car6" route="3" depart="583" departLane = "2" departSpeed="11.180000"/>
	<vehicle id="car_672" type="car9" route="7" depart="583" departLane = "1" departSpeed="11.180000"/>
	<vehicle id="car_673" type="car8" route="9" depart="584" departLane = "1" departSpeed="11.180000"/>
	<vehicle id="car_674" type="car6" route="0" depart="587" departLane = "1" departSpeed="11.180000"/>
	<vehicle id="car_675" type="car7" route="1" depart="587" departLane = "1" departSpeed="11.180000"/>
	<vehicle id="car_676" type="car6" route="8" depart="588" departLane = "1" departSpeed="11.180000"/>
	<vehicle id="car_677" type="car7" route="4" depart="588" departLane = "1" departSpeed="11.180000"/>
	<vehicle id="car_678" type="car9" route="3" depart="590" departLane = "1" departSpeed="11.180000"/>
	<vehicle id="car_679" type="car6" route="11" depart="591" departLane = "2" departSpeed="11.180000"/>
	<vehicle id="car_680" type="car9" route="4" depart="591" departLane = "1" departSpeed="11.180000"/>
	<vehicle id="car_681" type="car7" route="9" depart="591" departLane = "2" departSpeed="11.180000"/>
	<vehicle id="car_682" type="car6" route="11" depart="594" departLane = "1" departSpeed="11.180000"/>
	<vehicle id="car_683" type="car8" route="3" depart="595" departLane = "0" departSpeed="11.180000"/>
	<vehicle id="car_684" type="car9" route="4" depart="595" departLane = "1" departSpeed="11.180000"/>
	<vehicle id="car_685" type="car7" route="7" depart="595" departLane = "0" departSpeed="11.180000"/>
	<vehicle id="car_686" type="car7" route="2" depart="596" departLane = "2" departSpeed="11.180000"/>
	<vehicle id="car_687" type="car6" route="5" depart="596" departLane = "2" departSpeed="11.180000"/>
	<vehicle id="car_688" type="car6" route="3" depart="597" departLane = "0" departSpeed="11.180000"/>
	<vehicle id="car_689" type="car7" route="3" depart="598" departLane = "0" departSpeed="11.180000"/>
	<vehicle id="car_690" type="car5" route="5" depart="598" departLane = "0" departSpeed="11.180000"/>
	<vehicle id="car_691" type="car9" route="1" depart="599" departLane = "1" departSpeed="11.180000"/>
</routes>
