{"car_545": [6, 2], "car_544": [1, 3], "car_547": [0, 5], "car_546": [4, 3], "car_541": [5, 3], "car_540": [1, 7], "car_543": [7, 5], "car_542": [8, 3], "car_549": [11, 4], "car_548": [6, 5], "car_468": [4, 7], "car_469": [9, 3], "car_466": [9, 1], "car_467": [5, 0], "car_464": [1, 5], "car_465": [2, 7], "car_462": [0, 3], "car_463": [9, 0], "car_460": [4, 2], "car_461": [2, 6], "car_211": [8, 5], "car_210": [7, 3], "car_213": [5, 6], "car_212": [1, 6], "car_215": [7, 0], "car_214": [0, 1], "car_217": [4, 0], "car_216": [6, 3], "car_219": [7, 0], "car_218": [8, 2], "car_352": [9, 1], "car_353": [7, 4], "car_354": [0, 3], "car_355": [2, 3], "car_356": [1, 3], "car_357": [8, 5], "car_608": [1, 5], "car_609": [4, 1], "car_602": [4, 0], "car_603": [10, 1], "car_600": [8, 2], "car_601": [7, 1], "car_606": [3, 7], "car_607": [8, 2], "car_604": [3, 6], "car_605": [7, 1], "car_518": [10, 3], "car_519": [4, 6], "car_510": [4, 1], "car_511": [6, 7], "car_679": [11, 4], "car_678": [3, 1], "car_677": [4, 5], "car_676": [8, 1], "car_675": [1, 7], "car_674": [0, 4], "car_673": [9, 7], "car_672": [7, 4], "car_671": [3, 4], "car_670": [3, 6], "car_10": [0, 7], "car_11": [0, 2], "car_12": [1, 7], "car_13": [1, 6], "car_14": [4, 7], "car_15": [5, 2], "car_16": [4, 0], "car_17": [0, 7], "car_18": [8, 2], "car_19": [3, 4], "car_422": [2, 4], "car_423": [6, 7], "car_420": [8, 5], "car_421": [1, 4], "car_426": [3, 4], "car_427": [9, 6], "car_424": [4, 7], "car_425": [7, 6], "car_581": [9, 4], "car_580": [2, 5], "car_428": [9, 7], "car_429": [9, 0], "car_585": [1, 2], "car_584": [8, 0], "car_587": [1, 3], "car_586": [10, 0], "car_255": [7, 3], "car_254": [4, 6], "car_257": [5, 7], "car_256": [5, 3], "car_251": [8, 1], "car_250": [4, 7], "car_253": [11, 2], "car_252": [11, 6], "car_394": [9, 4], "car_395": [9, 3], "car_396": [1, 6], "car_397": [3, 2], "car_259": [4, 2], "car_258": [6, 0], "car_392": [7, 3], "car_393": [11, 2], "car_158": [6, 0], "car_159": [3, 2], "car_156": [8, 6], "car_157": [6, 1], "car_154": [8, 0], "car_155": [9, 0], "car_152": [7, 5], "car_153": [7, 0], "car_150": [8, 2], "car_151": [1, 2], "car_350": [9, 3], "car_351": [2, 5], "car_457": [2, 7], "car_456": [10, 4], "car_455": [7, 2], "car_454": [7, 1], "car_453": [8, 7], "car_452": [11, 4], "car_451": [10, 4], "car_450": [0, 7], "car_516": [5, 3], "car_517": [9, 5], "car_514": [5, 0], "car_515": [4, 5], "car_512": [1, 3], "car_513": [10, 5], "car_459": [8, 6], "car_458": [0, 6], "car_321": [2, 6], "car_320": [0, 7], "car_323": [4, 2], "car_322": [4, 1], "car_325": [1, 5], "car_324": [0, 3], "car_327": [4, 7], "car_326": [10, 1], "car_329": [5, 3], "car_328": [1, 2], "car_493": [6, 3], "car_492": [7, 2], "car_491": [5, 1], "car_633": [5, 1], "car_632": [7, 6], "car_631": [11, 5], "car_490": [9, 4], "car_637": [3, 0], "car_636": [0, 6], "car_635": [4, 5], "car_634": [1, 2], "car_497": [4, 6], "car_639": [2, 3], "car_638": [4, 1], "car_496": [3, 2], "car_268": [5, 3], "car_495": [9, 2], "car_140": [6, 2], "car_494": [11, 0], "car_144": [0, 6], "car_260": [11, 3], "car_189": [9, 3], "car_188": [5, 4], "car_261": [5, 7], "car_185": [0, 3], "car_184": [4, 0], "car_187": [4, 5], "car_186": [0, 5], "car_181": [0, 6], "car_180": [1, 5], "car_183": [0, 5], "car_182": [9, 0], "car_263": [0, 5], "car_299": [7, 1], "car_113": [10, 2], "car_110": [3, 7], "car_111": [2, 3], "car_116": [6, 1], "car_117": [8, 1], "car_114": [0, 2], "car_115": [10, 3], "car_291": [3, 5], "car_290": [5, 3], "car_118": [5, 2], "car_119": [0, 1], "car_295": [5, 6], "car_294": [4, 3], "car_297": [10, 1], "car_296": [2, 3], "car_54": [0, 1], "car_55": [11, 1], "car_56": [0, 7], "car_57": [11, 6], "car_50": [0, 3], "car_51": [0, 5], "car_52": [3, 5], "car_53": [5, 0], "car_58": [10, 0], "car_59": [7, 5], "car_552": [10, 7], "car_553": [9, 7], "car_550": [0, 2], "car_551": [1, 2], "car_556": [6, 2], "car_557": [8, 0], "car_554": [9, 6], "car_555": [8, 1], "car_558": [4, 2], "car_559": [3, 4], "car_365": [4, 1], "car_364": [0, 3], "car_367": [3, 0], "car_366": [5, 7], "car_361": [4, 5], "car_360": [9, 5], "car_363": [9, 2], "car_362": [4, 3], "car_413": [2, 5], "car_412": [0, 6], "car_411": [5, 2], "car_410": [9, 4], "car_369": [4, 2], "car_368": [0, 4], "car_415": [4, 1], "car_414": [0, 2], "car_167": [11, 6], "car_166": [8, 2], "car_165": [6, 2], "car_164": [11, 7], "car_163": [2, 4], "car_162": [0, 4], "car_161": [5, 2], "car_160": [4, 2], "car_206": [2, 3], "car_207": [2, 5], "car_204": [9, 1], "car_205": [8, 3], "car_202": [0, 2], "car_203": [6, 0], "car_169": [4, 5], "car_168": [2, 3], "car_527": [6, 1], "car_526": [2, 3], "car_525": [9, 0], "car_524": [10, 5], "car_523": [8, 6], "car_522": [7, 6], "car_521": [5, 6], "car_520": [11, 2], "car_529": [5, 6], "car_528": [7, 2], "car_489": [10, 2], "car_6": [10, 1], "car_7": [9, 7], "car_4": [4, 0], "car_5": [0, 5], "car_2": [10, 5], "car_3": [1, 7], "car_0": [4, 2], "car_1": [7, 2], "car_8": [4, 0], "car_9": [2, 5], "car_668": [0, 2], "car_669": [7, 0], "car_664": [11, 1], "car_665": [2, 7], "car_666": [7, 2], "car_667": [2, 1], "car_660": [10, 7], "car_661": [1, 5], "car_662": [10, 7], "car_663": [6, 5], "car_98": [5, 7], "car_99": [3, 7], "car_90": [4, 1], "car_91": [8, 3], "car_92": [4, 2], "car_93": [3, 2], "car_94": [7, 4], "car_95": [8, 7], "car_96": [7, 1], "car_97": [8, 1], "car_596": [0, 2], "car_578": [2, 6], "car_594": [5, 2], "car_595": [9, 4], "car_592": [10, 5], "car_593": [4, 6], "car_590": [2, 7], "car_579": [5, 7], "car_598": [7, 6], "car_599": [9, 7], "car_242": [0, 7], "car_243": [3, 1], "car_240": [11, 6], "car_241": [2, 5], "car_246": [3, 5], "car_247": [5, 0], "car_244": [11, 1], "car_245": [4, 2], "car_248": [10, 5], "car_249": [3, 0], "car_570": [3, 5], "car_129": [5, 0], "car_128": [8, 7], "car_571": [3, 6], "car_123": [2, 0], "car_122": [0, 6], "car_121": [6, 7], "car_120": [9, 3], "car_127": [2, 5], "car_126": [5, 4], "car_125": [2, 7], "car_124": [0, 4], "car_597": [3, 0], "car_444": [6, 0], "car_445": [5, 0], "car_446": [4, 7], "car_447": [8, 1], "car_440": [9, 7], "car_441": [1, 7], "car_442": [8, 1], "car_443": [11, 2], "car_563": [4, 6], "car_562": [0, 5], "car_561": [5, 0], "car_560": [7, 0], "car_448": [9, 3], "car_349": [3, 6], "car_565": [3, 0], "car_564": [0, 6], "car_237": [8, 6], "car_236": [5, 4], "car_235": [2, 0], "car_234": [10, 2], "car_233": [10, 2], "car_232": [4, 6], "car_338": [8, 3], "car_339": [4, 2], "car_336": [3, 5], "car_337": [10, 4], "car_334": [4, 2], "car_335": [3, 6], "car_332": [6, 1], "car_333": [5, 1], "car_330": [2, 1], "car_238": [9, 2], "car_408": [8, 6], "car_409": [2, 7], "car_620": [10, 4], "car_621": [7, 1], "car_622": [0, 2], "car_623": [4, 6], "car_624": [9, 4], "car_625": [8, 3], "car_626": [7, 1], "car_627": [11, 3], "car_628": [4, 3], "car_629": [3, 6], "car_347": [1, 7], "car_346": [2, 1], "car_630": [7, 0], "car_402": [10, 3], "car_403": [5, 3], "car_198": [11, 4], "car_199": [9, 6], "car_192": [9, 7], "car_193": [8, 5], "car_190": [0, 7], "car_191": [9, 6], "car_196": [9, 2], "car_197": [10, 7], "car_194": [6, 2], "car_195": [10, 1], "car_691": [1, 2], "car_690": [5, 7], "car_279": [9, 3], "car_278": [8, 3], "car_36": [9, 3], "car_37": [1, 3], "car_34": [10, 5], "car_35": [9, 7], "car_32": [1, 4], "car_33": [6, 2], "car_30": [7, 3], "car_31": [7, 6], "car_499": [5, 3], "car_498": [9, 4], "car_38": [9, 0], "car_39": [10, 1], "car_286": [10, 4], "car_287": [7, 5], "car_284": [9, 3], "car_285": [8, 3], "car_282": [10, 6], "car_283": [2, 6], "car_280": [5, 0], "car_281": [7, 3], "car_288": [10, 0], "car_289": [11, 4], "car_178": [6, 4], "car_179": [0, 7], "car_43": [9, 0], "car_42": [5, 3], "car_41": [2, 3], "car_40": [3, 1], "car_47": [11, 1], "car_46": [8, 4], "car_45": [4, 6], "car_44": [8, 4], "car_49": [9, 7], "car_48": [1, 7], "car_566": [11, 3], "car_372": [2, 0], "car_373": [10, 3], "car_370": [6, 0], "car_371": [10, 3], "car_376": [0, 2], "car_377": [3, 2], "car_374": [10, 7], "car_375": [5, 2], "car_400": [7, 2], "car_401": [3, 4], "car_378": [9, 0], "car_379": [8, 1], "car_404": [0, 5], "car_405": [9, 7], "car_406": [3, 5], "car_407": [7, 3], "car_174": [10, 4], "car_175": [0, 5], "car_176": [1, 7], "car_177": [7, 2], "car_170": [0, 1], "car_171": [3, 7], "car_172": [3, 5], "car_173": [7, 0], "car_273": [7, 6], "car_272": [1, 2], "car_271": [6, 2], "car_270": [6, 1], "car_277": [5, 6], "car_276": [8, 6], "car_275": [10, 6], "car_274": [8, 2], "car_112": [4, 1], "car_298": [2, 6], "car_534": [8, 1], "car_535": [2, 5], "car_536": [9, 7], "car_537": [7, 1], "car_530": [3, 1], "car_531": [0, 6], "car_532": [3, 7], "car_358": [2, 0], "car_538": [7, 0], "car_539": [2, 7], "car_307": [9, 5], "car_306": [10, 2], "car_305": [1, 6], "car_304": [3, 2], "car_303": [9, 4], "car_302": [8, 1], "car_301": [5, 7], "car_300": [2, 5], "car_293": [3, 4], "car_309": [6, 5], "car_308": [0, 3], "car_292": [2, 4], "car_359": [5, 7], "car_659": [0, 2], "car_658": [4, 5], "car_651": [5, 2], "car_650": [10, 2], "car_653": [7, 4], "car_652": [11, 1], "car_655": [9, 7], "car_654": [10, 1], "car_657": [8, 5], "car_656": [0, 2], "car_78": [10, 7], "car_79": [9, 1], "car_72": [5, 1], "car_73": [1, 6], "car_70": [6, 0], "car_71": [1, 0], "car_76": [0, 6], "car_77": [4, 6], "car_74": [7, 3], "car_75": [1, 7], "car_87": [9, 6], "car_86": [2, 7], "car_85": [9, 3], "car_84": [10, 0], "car_83": [5, 0], "car_82": [8, 0], "car_81": [7, 2], "car_80": [4, 6], "car_533": [6, 7], "car_89": [11, 6], "car_88": [4, 1], "car_689": [3, 4], "car_138": [8, 4], "car_139": [1, 4], "car_130": [10, 4], "car_131": [5, 0], "car_132": [11, 7], "car_133": [3, 7], "car_134": [6, 7], "car_135": [8, 3], "car_136": [4, 1], "car_137": [6, 4], "car_569": [2, 1], "car_568": [7, 3], "car_471": [9, 1], "car_470": [3, 0], "car_473": [1, 5], "car_472": [9, 4], "car_475": [9, 1], "car_474": [7, 4], "car_477": [8, 6], "car_476": [0, 5], "car_479": [6, 0], "car_478": [7, 2], "car_572": [3, 0], "car_573": [1, 2], "car_574": [5, 1], "car_575": [10, 2], "car_576": [8, 2], "car_577": [0, 1], "car_224": [2, 3], "car_225": [5, 2], "car_226": [6, 7], "car_227": [5, 6], "car_220": [11, 1], "car_221": [6, 0], "car_222": [9, 7], "car_223": [7, 6], "car_343": [4, 1], "car_342": [0, 2], "car_341": [8, 6], "car_340": [11, 4], "car_228": [0, 5], "car_229": [4, 2], "car_345": [1, 7], "car_344": [7, 2], "car_567": [2, 7], "car_449": [8, 4], "car_619": [7, 5], "car_618": [0, 4], "car_615": [4, 1], "car_614": [2, 5], "car_617": [6, 3], "car_616": [2, 6], "car_611": [9, 2], "car_610": [0, 3], "car_613": [10, 3], "car_612": [8, 1], "car_591": [6, 7], "car_231": [3, 1], "car_683": [3, 2], "car_230": [7, 3], "car_419": [0, 3], "car_418": [5, 0], "car_682": [11, 7], "car_589": [10, 3], "car_680": [4, 1], "car_681": [9, 3], "car_686": [2, 1], "car_687": [5, 6], "car_684": [4, 3], "car_588": [11, 4], "car_688": [3, 4], "car_685": [7, 6], "car_239": [10, 5], "car_331": [11, 3], "car_25": [5, 6], "car_24": [4, 5], "car_27": [10, 4], "car_26": [2, 3], "car_21": [5, 0], "car_20": [1, 7], "car_23": [9, 6], "car_22": [6, 1], "car_488": [9, 0], "car_417": [2, 4], "car_29": [8, 2], "car_28": [3, 1], "car_416": [10, 3], "car_583": [6, 3], "car_582": [2, 3], "car_208": [0, 6], "car_209": [2, 7], "car_435": [11, 3], "car_434": [6, 7], "car_437": [3, 7], "car_436": [7, 6], "car_431": [0, 7], "car_430": [4, 0], "car_433": [0, 3], "car_432": [2, 6], "car_398": [10, 5], "car_439": [7, 1], "car_438": [11, 4], "car_399": [6, 3], "car_389": [3, 1], "car_388": [10, 7], "car_387": [8, 0], "car_386": [2, 4], "car_385": [1, 7], "car_384": [8, 1], "car_383": [10, 4], "car_382": [4, 0], "car_381": [5, 2], "car_380": [10, 3], "car_141": [3, 6], "car_269": [7, 1], "car_143": [7, 4], "car_142": [8, 2], "car_145": [8, 0], "car_200": [3, 7], "car_147": [2, 7], "car_146": [3, 0], "car_149": [6, 7], "car_148": [2, 0], "car_262": [0, 4], "car_201": [11, 4], "car_264": [3, 0], "car_265": [6, 1], "car_266": [11, 5], "car_267": [4, 6], "car_480": [3, 2], "car_481": [8, 7], "car_390": [11, 3], "car_482": [4, 2], "car_391": [6, 1], "car_483": [2, 0], "car_484": [9, 1], "car_485": [0, 7], "car_501": [9, 7], "car_500": [9, 4], "car_503": [4, 2], "car_502": [8, 3], "car_505": [6, 4], "car_486": [4, 1], "car_507": [10, 5], "car_506": [1, 5], "car_509": [3, 7], "car_508": [6, 0], "car_487": [8, 4], "car_314": [6, 3], "car_315": [8, 1], "car_316": [2, 3], "car_317": [4, 1], "car_310": [11, 0], "car_311": [2, 5], "car_312": [11, 3], "car_313": [5, 6], "car_318": [6, 3], "car_319": [3, 0], "car_646": [2, 6], "car_647": [3, 1], "car_644": [3, 1], "car_645": [8, 7], "car_642": [5, 7], "car_643": [9, 5], "car_640": [5, 3], "car_641": [9, 0], "car_648": [7, 1], "car_649": [3, 5], "car_69": [2, 3], "car_68": [4, 7], "car_61": [8, 3], "car_60": [0, 4], "car_63": [4, 1], "car_62": [6, 5], "car_65": [6, 3], "car_64": [7, 3], "car_67": [4, 5], "car_66": [0, 2], "car_504": [0, 1], "car_348": [6, 7], "car_105": [0, 5], "car_104": [2, 0], "car_107": [2, 7], "car_106": [11, 3], "car_101": [7, 0], "car_100": [4, 1], "car_103": [6, 1], "car_102": [10, 4], "car_109": [0, 7], "car_108": [6, 4]}