{"car_545": [5, 2], "car_544": [8, 0], "car_547": [3, 0], "car_546": [0, 7], "car_541": [1, 4], "car_540": [11, 4], "car_543": [11, 5], "car_542": [5, 3], "car_549": [10, 3], "car_548": [1, 5], "car_468": [8, 7], "car_469": [2, 6], "car_466": [5, 4], "car_467": [2, 6], "car_464": [11, 4], "car_465": [5, 0], "car_462": [0, 5], "car_463": [10, 6], "car_460": [5, 7], "car_461": [2, 1], "car_211": [7, 2], "car_210": [3, 4], "car_213": [7, 6], "car_212": [0, 4], "car_215": [7, 6], "car_214": [1, 3], "car_217": [3, 6], "car_216": [2, 0], "car_219": [10, 5], "car_218": [8, 7], "car_352": [9, 4], "car_353": [8, 3], "car_354": [3, 2], "car_355": [4, 7], "car_356": [9, 7], "car_357": [3, 6], "car_608": [5, 6], "car_609": [6, 0], "car_602": [4, 0], "car_603": [3, 7], "car_600": [11, 0], "car_601": [4, 7], "car_606": [10, 7], "car_607": [4, 7], "car_604": [6, 1], "car_605": [6, 7], "car_518": [1, 0], "car_519": [4, 2], "car_510": [9, 0], "car_511": [11, 0], "car_679": [1, 2], "car_678": [11, 5], "car_677": [9, 6], "car_676": [10, 6], "car_675": [0, 6], "car_674": [9, 1], "car_673": [2, 0], "car_672": [9, 1], "car_671": [2, 3], "car_670": [1, 0], "car_10": [11, 7], "car_11": [1, 7], "car_12": [5, 3], "car_13": [1, 0], "car_14": [8, 5], "car_15": [3, 0], "car_16": [7, 0], "car_17": [9, 5], "car_18": [7, 1], "car_19": [5, 6], "car_703": [10, 5], "car_702": [0, 1], "car_701": [11, 1], "car_700": [10, 7], "car_707": [10, 1], "car_706": [5, 2], "car_705": [9, 7], "car_704": [6, 3], "car_698": [4, 2], "car_422": [9, 2], "car_423": [3, 1], "car_420": [10, 1], "car_421": [6, 3], "car_426": [4, 0], "car_427": [5, 2], "car_424": [11, 1], "car_425": [1, 3], "car_581": [2, 0], "car_580": [3, 2], "car_428": [4, 0], "car_429": [2, 4], "car_585": [2, 4], "car_584": [4, 7], "car_587": [1, 4], "car_586": [1, 3], "car_255": [5, 6], "car_254": [4, 0], "car_257": [6, 3], "car_256": [8, 2], "car_251": [1, 6], "car_250": [3, 4], "car_253": [11, 1], "car_252": [8, 1], "car_394": [8, 4], "car_395": [11, 6], "car_396": [6, 1], "car_397": [4, 7], "car_259": [3, 2], "car_258": [9, 4], "car_392": [0, 4], "car_393": [1, 2], "car_158": [7, 1], "car_159": [6, 2], "car_156": [3, 2], "car_157": [1, 5], "car_154": [11, 0], "car_155": [4, 1], "car_152": [7, 2], "car_153": [8, 4], "car_150": [10, 1], "car_151": [5, 6], "car_350": [4, 7], "car_351": [2, 0], "car_457": [8, 4], "car_456": [8, 2], "car_455": [5, 0], "car_454": [10, 2], "car_453": [9, 5], "car_452": [11, 1], "car_451": [10, 7], "car_450": [11, 6], "car_516": [2, 5], "car_517": [8, 6], "car_514": [1, 4], "car_515": [9, 6], "car_512": [10, 3], "car_513": [5, 2], "car_459": [1, 3], "car_458": [0, 3], "car_321": [7, 1], "car_320": [1, 7], "car_323": [8, 0], "car_322": [6, 3], "car_325": [11, 1], "car_324": [1, 2], "car_327": [7, 3], "car_326": [7, 4], "car_329": [8, 3], "car_328": [0, 6], "car_493": [6, 1], "car_492": [10, 1], "car_491": [4, 0], "car_633": [3, 5], "car_632": [8, 4], "car_631": [8, 5], "car_490": [9, 6], "car_637": [4, 5], "car_636": [1, 5], "car_635": [7, 5], "car_634": [4, 7], "car_497": [0, 3], "car_639": [1, 3], "car_638": [9, 4], "car_496": [10, 5], "car_268": [10, 3], "car_495": [10, 5], "car_140": [10, 2], "car_494": [3, 0], "car_144": [1, 6], "car_260": [4, 2], "car_189": [1, 2], "car_188": [9, 4], "car_261": [2, 4], "car_185": [4, 1], "car_184": [10, 6], "car_187": [6, 7], "car_186": [5, 7], "car_181": [3, 4], "car_180": [6, 2], "car_183": [2, 3], "car_182": [0, 1], "car_263": [7, 3], "car_299": [2, 4], "car_113": [6, 7], "car_110": [0, 2], "car_111": [11, 4], "car_116": [2, 1], "car_117": [8, 0], "car_114": [3, 6], "car_115": [7, 3], "car_291": [7, 3], "car_290": [3, 5], "car_118": [6, 5], "car_119": [3, 5], "car_295": [0, 5], "car_294": [7, 6], "car_297": [3, 1], "car_296": [4, 1], "car_54": [4, 1], "car_55": [5, 0], "car_56": [9, 3], "car_57": [3, 6], "car_50": [3, 5], "car_51": [6, 3], "car_52": [10, 3], "car_53": [3, 5], "car_58": [1, 3], "car_59": [2, 4], "car_552": [1, 0], "car_553": [10, 7], "car_550": [9, 3], "car_551": [3, 0], "car_556": [6, 5], "car_557": [1, 3], "car_554": [6, 5], "car_555": [8, 1], "car_558": [10, 4], "car_559": [9, 7], "car_365": [3, 0], "car_364": [2, 4], "car_367": [9, 5], "car_366": [8, 0], "car_361": [6, 0], "car_360": [4, 3], "car_363": [4, 0], "car_362": [11, 4], "car_413": [0, 2], "car_412": [1, 5], "car_411": [3, 6], "car_410": [5, 7], "car_369": [1, 6], "car_368": [0, 7], "car_415": [9, 2], "car_414": [10, 2], "car_167": [10, 7], "car_166": [3, 7], "car_165": [10, 1], "car_164": [6, 7], "car_163": [3, 5], "car_162": [4, 1], "car_161": [1, 5], "car_160": [3, 6], "car_206": [11, 3], "car_207": [6, 1], "car_204": [6, 5], "car_205": [3, 5], "car_202": [2, 7], "car_203": [0, 6], "car_169": [2, 5], "car_168": [11, 3], "car_527": [3, 1], "car_526": [7, 6], "car_525": [1, 4], "car_524": [11, 3], "car_523": [2, 1], "car_522": [11, 6], "car_521": [8, 2], "car_520": [11, 0], "car_529": [10, 0], "car_528": [7, 5], "car_489": [8, 5], "car_6": [5, 3], "car_7": [5, 1], "car_4": [9, 7], "car_5": [7, 5], "car_2": [4, 5], "car_3": [3, 1], "car_0": [1, 5], "car_1": [6, 2], "car_709": [7, 3], "car_708": [1, 3], "car_8": [4, 2], "car_9": [6, 3], "car_668": [11, 5], "car_669": [11, 4], "car_664": [8, 4], "car_665": [1, 3], "car_666": [0, 2], "car_667": [3, 6], "car_660": [11, 6], "car_661": [1, 6], "car_662": [10, 5], "car_663": [2, 0], "car_98": [11, 2], "car_99": [10, 2], "car_90": [11, 0], "car_91": [3, 4], "car_92": [1, 7], "car_93": [4, 1], "car_94": [7, 6], "car_95": [5, 1], "car_96": [6, 3], "car_97": [4, 7], "car_596": [1, 3], "car_578": [4, 7], "car_594": [10, 1], "car_595": [9, 4], "car_592": [1, 3], "car_593": [0, 3], "car_590": [0, 1], "car_579": [0, 6], "car_598": [6, 2], "car_599": [7, 1], "car_242": [0, 2], "car_243": [11, 6], "car_240": [5, 6], "car_241": [10, 3], "car_246": [3, 0], "car_247": [4, 3], "car_244": [1, 2], "car_245": [4, 6], "car_248": [7, 5], "car_249": [5, 7], "car_570": [5, 6], "car_129": [2, 0], "car_128": [0, 4], "car_571": [9, 7], "car_123": [10, 1], "car_122": [11, 4], "car_121": [5, 0], "car_120": [1, 3], "car_127": [10, 2], "car_126": [3, 0], "car_125": [2, 3], "car_124": [7, 6], "car_597": [8, 5], "car_444": [3, 2], "car_445": [4, 1], "car_446": [6, 0], "car_447": [7, 4], "car_440": [0, 7], "car_441": [7, 1], "car_442": [5, 2], "car_443": [0, 2], "car_563": [7, 3], "car_562": [9, 4], "car_561": [1, 4], "car_560": [1, 2], "car_448": [5, 7], "car_349": [10, 6], "car_565": [3, 1], "car_564": [0, 7], "car_237": [7, 3], "car_236": [5, 6], "car_235": [9, 2], "car_234": [11, 6], "car_233": [9, 4], "car_232": [7, 5], "car_338": [0, 7], "car_339": [6, 2], "car_336": [3, 1], "car_337": [5, 2], "car_334": [6, 3], "car_335": [9, 4], "car_332": [11, 3], "car_333": [7, 6], "car_330": [6, 2], "car_238": [9, 6], "car_408": [8, 6], "car_409": [11, 1], "car_620": [9, 4], "car_621": [11, 3], "car_622": [10, 7], "car_623": [8, 5], "car_624": [4, 1], "car_625": [10, 5], "car_626": [5, 0], "car_627": [8, 4], "car_628": [7, 3], "car_629": [1, 0], "car_347": [8, 7], "car_346": [0, 5], "car_630": [0, 3], "car_402": [11, 1], "car_403": [9, 3], "car_198": [2, 1], "car_199": [11, 2], "car_192": [2, 3], "car_193": [5, 6], "car_190": [3, 7], "car_191": [2, 5], "car_196": [5, 1], "car_197": [4, 3], "car_194": [5, 6], "car_195": [9, 5], "car_695": [11, 0], "car_694": [5, 1], "car_697": [1, 2], "car_696": [0, 4], "car_691": [8, 7], "car_690": [9, 2], "car_693": [0, 4], "car_692": [4, 3], "car_699": [0, 3], "car_279": [8, 1], "car_278": [2, 1], "car_723": [6, 4], "car_722": [3, 4], "car_36": [3, 2], "car_37": [5, 2], "car_34": [9, 2], "car_35": [2, 4], "car_32": [6, 2], "car_33": [9, 4], "car_30": [5, 1], "car_31": [1, 7], "car_499": [3, 5], "car_498": [11, 6], "car_38": [9, 4], "car_39": [3, 0], "car_286": [2, 7], "car_287": [7, 6], "car_284": [1, 3], "car_285": [7, 1], "car_282": [5, 0], "car_283": [3, 5], "car_280": [6, 4], "car_281": [2, 4], "car_288": [0, 6], "car_289": [1, 7], "car_178": [8, 4], "car_179": [5, 6], "car_43": [9, 0], "car_42": [8, 6], "car_41": [10, 4], "car_40": [5, 7], "car_47": [7, 2], "car_46": [6, 7], "car_45": [5, 7], "car_44": [0, 7], "car_49": [1, 6], "car_48": [9, 4], "car_566": [9, 1], "car_372": [8, 1], "car_373": [4, 6], "car_370": [1, 7], "car_371": [5, 1], "car_376": [9, 1], "car_377": [2, 1], "car_374": [11, 1], "car_375": [10, 2], "car_400": [7, 2], "car_401": [8, 4], "car_378": [3, 5], "car_379": [6, 4], "car_404": [4, 6], "car_405": [3, 4], "car_406": [5, 6], "car_407": [11, 7], "car_174": [5, 6], "car_175": [10, 6], "car_176": [1, 4], "car_177": [1, 2], "car_170": [5, 4], "car_171": [0, 2], "car_172": [11, 3], "car_173": [10, 6], "car_273": [7, 3], "car_272": [4, 1], "car_271": [1, 7], "car_270": [8, 1], "car_277": [8, 7], "car_276": [11, 2], "car_275": [1, 3], "car_274": [3, 1], "car_112": [8, 6], "car_298": [0, 6], "car_534": [1, 4], "car_535": [5, 7], "car_536": [1, 7], "car_537": [2, 1], "car_530": [3, 6], "car_531": [0, 6], "car_532": [10, 4], "car_358": [9, 7], "car_538": [10, 3], "car_539": [6, 3], "car_307": [3, 2], "car_306": [6, 2], "car_305": [0, 2], "car_304": [6, 0], "car_303": [2, 4], "car_302": [11, 5], "car_301": [3, 0], "car_300": [9, 2], "car_293": [8, 5], "car_309": [5, 7], "car_308": [4, 7], "car_292": [5, 3], "car_359": [1, 0], "car_710": [10, 1], "car_711": [0, 6], "car_712": [5, 7], "car_713": [6, 7], "car_714": [10, 3], "car_715": [6, 0], "car_716": [3, 2], "car_717": [1, 2], "car_718": [6, 2], "car_719": [1, 3], "car_659": [5, 4], "car_658": [2, 0], "car_651": [9, 3], "car_650": [7, 5], "car_653": [9, 1], "car_652": [2, 6], "car_655": [0, 1], "car_654": [0, 1], "car_657": [5, 4], "car_656": [1, 7], "car_78": [0, 1], "car_79": [3, 1], "car_72": [4, 0], "car_73": [7, 4], "car_70": [3, 2], "car_71": [2, 4], "car_76": [9, 1], "car_77": [7, 2], "car_74": [5, 6], "car_75": [6, 4], "car_87": [11, 5], "car_86": [10, 1], "car_85": [5, 2], "car_84": [0, 5], "car_83": [10, 2], "car_82": [5, 4], "car_81": [3, 7], "car_80": [0, 3], "car_533": [4, 0], "car_89": [3, 0], "car_88": [7, 1], "car_689": [2, 6], "car_138": [6, 7], "car_139": [6, 2], "car_130": [5, 2], "car_131": [3, 7], "car_132": [3, 7], "car_133": [5, 0], "car_134": [3, 7], "car_135": [6, 5], "car_136": [11, 3], "car_137": [2, 1], "car_569": [8, 7], "car_568": [9, 0], "car_471": [5, 4], "car_470": [6, 7], "car_473": [9, 1], "car_472": [5, 3], "car_475": [11, 4], "car_474": [6, 0], "car_477": [9, 0], "car_476": [10, 0], "car_479": [4, 2], "car_478": [0, 6], "car_572": [8, 5], "car_573": [11, 2], "car_574": [9, 6], "car_575": [3, 6], "car_576": [1, 5], "car_577": [9, 2], "car_224": [10, 1], "car_225": [0, 3], "car_226": [0, 5], "car_227": [3, 1], "car_220": [10, 1], "car_221": [0, 2], "car_222": [3, 6], "car_223": [2, 7], "car_343": [9, 5], "car_342": [5, 4], "car_341": [8, 6], "car_340": [0, 6], "car_228": [0, 2], "car_229": [5, 2], "car_345": [9, 3], "car_344": [9, 5], "car_567": [0, 2], "car_449": [7, 6], "car_619": [5, 2], "car_618": [10, 3], "car_615": [4, 6], "car_614": [8, 1], "car_617": [8, 5], "car_616": [3, 5], "car_611": [10, 6], "car_610": [3, 0], "car_613": [2, 6], "car_612": [9, 2], "car_591": [3, 7], "car_231": [6, 2], "car_683": [3, 5], "car_230": [4, 7], "car_419": [2, 7], "car_418": [2, 7], "car_682": [5, 4], "car_589": [6, 0], "car_680": [9, 7], "car_681": [5, 3], "car_686": [2, 7], "car_687": [0, 3], "car_684": [5, 2], "car_588": [10, 3], "car_688": [1, 2], "car_685": [11, 6], "car_239": [1, 2], "car_331": [5, 4], "car_25": [10, 2], "car_24": [7, 2], "car_27": [7, 2], "car_26": [0, 1], "car_21": [4, 2], "car_20": [0, 4], "car_23": [4, 7], "car_22": [6, 1], "car_488": [9, 2], "car_417": [4, 6], "car_29": [11, 4], "car_28": [0, 6], "car_416": [8, 4], "car_583": [1, 6], "car_582": [0, 1], "car_208": [2, 0], "car_209": [8, 5], "car_435": [11, 1], "car_434": [1, 6], "car_437": [1, 4], "car_436": [10, 1], "car_431": [9, 2], "car_430": [4, 7], "car_433": [11, 0], "car_432": [9, 7], "car_398": [5, 1], "car_439": [3, 1], "car_438": [9, 4], "car_399": [0, 6], "car_389": [8, 0], "car_388": [3, 2], "car_387": [5, 6], "car_386": [1, 7], "car_385": [9, 4], "car_384": [8, 7], "car_383": [3, 1], "car_382": [9, 2], "car_381": [2, 4], "car_380": [7, 2], "car_141": [5, 2], "car_269": [6, 5], "car_143": [7, 1], "car_142": [11, 3], "car_145": [5, 6], "car_200": [4, 7], "car_147": [6, 3], "car_146": [5, 6], "car_149": [0, 1], "car_148": [10, 1], "car_262": [6, 1], "car_201": [10, 1], "car_264": [6, 1], "car_265": [7, 1], "car_266": [5, 1], "car_267": [0, 7], "car_480": [7, 2], "car_481": [7, 2], "car_390": [4, 6], "car_482": [6, 0], "car_391": [5, 4], "car_483": [4, 1], "car_484": [11, 5], "car_485": [1, 2], "car_501": [5, 4], "car_500": [2, 5], "car_503": [3, 2], "car_502": [9, 3], "car_505": [2, 5], "car_486": [5, 6], "car_507": [4, 0], "car_506": [3, 4], "car_509": [8, 6], "car_508": [5, 4], "car_487": [6, 0], "car_314": [7, 3], "car_315": [2, 5], "car_316": [0, 2], "car_317": [4, 5], "car_310": [9, 5], "car_311": [9, 6], "car_312": [1, 6], "car_313": [4, 7], "car_318": [4, 3], "car_319": [2, 1], "car_646": [0, 4], "car_647": [4, 2], "car_644": [2, 4], "car_645": [9, 4], "car_642": [4, 5], "car_643": [10, 6], "car_640": [9, 7], "car_641": [10, 6], "car_725": [2, 6], "car_724": [8, 0], "car_726": [11, 3], "car_721": [8, 6], "car_720": [6, 2], "car_648": [6, 1], "car_649": [1, 0], "car_69": [2, 5], "car_68": [7, 5], "car_61": [3, 6], "car_60": [6, 1], "car_63": [3, 6], "car_62": [4, 7], "car_65": [6, 7], "car_64": [4, 7], "car_67": [9, 4], "car_66": [5, 1], "car_504": [10, 5], "car_348": [4, 3], "car_105": [2, 0], "car_104": [4, 5], "car_107": [3, 4], "car_106": [6, 2], "car_101": [9, 4], "car_100": [5, 6], "car_103": [2, 1], "car_102": [1, 3], "car_109": [10, 0], "car_108": [7, 4]}