{"car_3253": [3, 6], "car_2009": [7, 6], "car_3196": [2, 0], "car_3197": [6, 3], "car_3194": [3, 1], "car_3195": [1, 6], "car_3192": [6, 5], "car_3193": [0, 1], "car_3190": [8, 5], "car_3191": [11, 6], "car_3198": [0, 3], "car_3199": [3, 5], "car_2229": [4, 3], "car_2228": [1, 4], "car_468": [4, 7], "car_469": [7, 0], "car_466": [8, 7], "car_467": [1, 4], "car_464": [9, 0], "car_465": [3, 4], "car_462": [5, 7], "car_463": [6, 3], "car_460": [4, 0], "car_461": [10, 2], "car_2455": [8, 4], "car_3068": [7, 5], "car_3069": [6, 7], "car_2751": [2, 5], "car_3062": [8, 3], "car_3063": [11, 7], "car_3060": [6, 5], "car_3061": [0, 4], "car_3066": [0, 3], "car_3067": [4, 7], "car_3064": [6, 7], "car_3065": [9, 2], "car_3268": [5, 1], "car_817": [0, 3], "car_816": [9, 6], "car_3260": [5, 6], "car_3261": [9, 4], "car_3262": [0, 5], "car_3263": [11, 2], "car_3264": [1, 3], "car_815": [2, 0], "car_3266": [10, 7], "car_3267": [2, 6], "car_2750": [10, 3], "car_814": [7, 4], "car_813": [1, 6], "car_812": [11, 1], "car_2072": [3, 1], "car_811": [3, 0], "car_2073": [8, 1], "car_810": [0, 3], "car_3214": [3, 6], "car_679": [8, 6], "car_678": [0, 1], "car_677": [6, 7], "car_676": [5, 1], "car_675": [10, 1], "car_674": [4, 1], "car_673": [1, 0], "car_672": [0, 2], "car_671": [6, 1], "car_670": [5, 0], "car_2771": [9, 7], "car_3213": [0, 7], "car_2770": [4, 6], "car_3212": [9, 0], "car_2078": [2, 6], "car_2079": [6, 2], "car_3464": [11, 1], "car_2456": [11, 4], "car_2341": [0, 2], "car_2670": [4, 0], "car_3465": [1, 3], "car_2671": [7, 0], "car_2754": [11, 2], "car_2672": [10, 3], "car_2223": [5, 1], "car_789": [8, 3], "car_788": [3, 7], "car_3338": [8, 1], "car_2222": [2, 7], "car_783": [6, 7], "car_782": [5, 3], "car_781": [10, 2], "car_780": [11, 7], "car_787": [9, 4], "car_786": [6, 3], "car_785": [10, 4], "car_784": [7, 3], "car_3462": [6, 1], "car_2220": [1, 3], "car_0": [0, 3], "car_2227": [11, 1], "car_1179": [1, 4], "car_2375": [4, 0], "car_2226": [8, 6], "car_3339": [1, 2], "car_2225": [9, 2], "car_2224": [6, 3], "car_3463": [9, 4], "car_255": [10, 5], "car_254": [11, 1], "car_257": [3, 6], "car_256": [9, 1], "car_251": [5, 2], "car_250": [7, 2], "car_253": [8, 1], "car_252": [6, 0], "car_1961": [1, 7], "car_1960": [3, 6], "car_1963": [2, 7], "car_1962": [4, 3], "car_259": [1, 5], "car_258": [11, 4], "car_1967": [2, 3], "car_1966": [11, 2], "car_1170": [9, 7], "car_1171": [8, 1], "car_1565": [6, 7], "car_1564": [2, 7], "car_1567": [11, 7], "car_1566": [3, 6], "car_1561": [8, 4], "car_1560": [3, 1], "car_1563": [7, 4], "car_1562": [11, 3], "car_1569": [4, 2], "car_1568": [1, 6], "car_1413": [8, 1], "car_1363": [0, 2], "car_1362": [5, 2], "car_1361": [2, 4], "car_1360": [10, 2], "car_1367": [4, 5], "car_1366": [1, 4], "car_1365": [8, 3], "car_1364": [3, 0], "car_1369": [2, 4], "car_1368": [10, 3], "car_2758": [9, 7], "car_2376": [10, 1], "car_321": [6, 2], "car_320": [5, 1], "car_323": [11, 2], "car_322": [3, 6], "car_325": [7, 2], "car_324": [1, 3], "car_327": [9, 0], "car_326": [2, 0], "car_329": [8, 6], "car_328": [0, 3], "car_2722": [4, 1], "car_2723": [7, 2], "car_2720": [11, 7], "car_2721": [1, 3], "car_2726": [11, 4], "car_2727": [7, 3], "car_2724": [3, 7], "car_2725": [8, 6], "car_2728": [10, 4], "car_2729": [0, 3], "car_1107": [2, 6], "car_1106": [10, 4], "car_1105": [7, 2], "car_1104": [4, 6], "car_1103": [1, 7], "car_1102": [11, 3], "car_1101": [3, 2], "car_1100": [6, 4], "car_1109": [0, 3], "car_1108": [5, 4], "car_1297": [10, 6], "car_1296": [7, 6], "car_1295": [4, 2], "car_1294": [1, 3], "car_1293": [11, 5], "car_1292": [3, 7], "car_1291": [0, 4], "car_1290": [5, 3], "car_1299": [5, 3], "car_1298": [2, 1], "car_2928": [5, 7], "car_2929": [11, 3], "car_2924": [6, 1], "car_2925": [3, 0], "car_2926": [11, 3], "car_2927": [1, 4], "car_2920": [11, 6], "car_2921": [1, 5], "car_2922": [7, 6], "car_2923": [10, 2], "car_2586": [3, 5], "car_2587": [5, 7], "car_2584": [10, 4], "car_2585": [6, 1], "car_2582": [3, 7], "car_2583": [8, 6], "car_2580": [5, 1], "car_2581": [6, 3], "car_3527": [4, 6], "car_3526": [11, 7], "car_3525": [3, 4], "car_3524": [0, 1], "car_2858": [5, 7], "car_2859": [6, 5], "car_2588": [0, 5], "car_2589": [1, 2], "car_2036": [8, 3], "car_2037": [7, 6], "car_1039": [1, 3], "car_1038": [11, 4], "car_1749": [3, 4], "car_1748": [0, 6], "car_2030": [3, 2], "car_2031": [8, 1], "car_1033": [4, 0], "car_1032": [1, 3], "car_1031": [11, 1], "car_1030": [3, 1], "car_1037": [8, 2], "car_1036": [0, 2], "car_1035": [6, 5], "car_1034": [7, 3], "car_1589": [4, 0], "car_1588": [1, 4], "car_1583": [7, 5], "car_1582": [11, 0], "car_1581": [0, 2], "car_1580": [9, 5], "car_1587": [8, 3], "car_1586": [6, 7], "car_1585": [5, 1], "car_1584": [10, 7], "car_1852": [8, 3], "car_1906": [9, 3], "car_3295": [3, 7], "car_3294": [0, 3], "car_3297": [7, 1], "car_3296": [1, 6], "car_3291": [2, 7], "car_3290": [4, 2], "car_899": [9, 5], "car_898": [7, 2], "car_897": [1, 7], "car_896": [11, 3], "car_895": [8, 6], "car_894": [9, 5], "car_893": [6, 1], "car_892": [2, 7], "car_891": [1, 7], "car_890": [11, 7], "car_2458": [4, 6], "car_2459": [5, 3], "car_2108": [0, 1], "car_2109": [8, 2], "car_3457": [8, 4], "car_3456": [6, 1], "car_3455": [10, 6], "car_3454": [7, 4], "car_2102": [2, 0], "car_2103": [5, 2], "car_2100": [4, 5], "car_2101": [10, 4], "car_2106": [1, 5], "car_2107": [7, 5], "car_2104": [9, 5], "car_2105": [8, 5], "car_1631": [5, 1], "car_1630": [10, 5], "car_1633": [9, 7], "car_1632": [6, 1], "car_1635": [11, 3], "car_1634": [0, 7], "car_1637": [2, 7], "car_1636": [4, 3], "car_1639": [6, 0], "car_1638": [5, 4], "car_3418": [8, 5], "car_1751": [11, 2], "car_2803": [3, 7], "car_2802": [0, 3], "car_2801": [9, 2], "car_3189": [3, 5], "car_3188": [0, 6], "car_2800": [6, 3], "car_3269": [9, 5], "car_3181": [10, 7], "car_2807": [10, 3], "car_1756": [8, 1], "car_3182": [2, 6], "car_3185": [8, 7], "car_3184": [0, 7], "car_3187": [2, 1], "car_2806": [4, 5], "car_2805": [11, 0], "car_3306": [2, 7], "car_2816": [7, 5], "car_2804": [8, 3], "car_3380": [7, 3], "car_3104": [6, 5], "car_2414": [10, 2], "car_419": [11, 0], "car_418": [8, 2], "car_2218": [8, 1], "car_2219": [11, 3], "car_413": [10, 7], "car_412": [7, 3], "car_411": [11, 6], "car_410": [3, 7], "car_417": [3, 2], "car_416": [0, 1], "car_415": [9, 1], "car_414": [5, 4], "car_2417": [6, 3], "car_1679": [10, 3], "car_3546": [4, 6], "car_1678": [1, 5], "car_2412": [11, 5], "car_2947": [9, 1], "car_2413": [7, 1], "car_3265": [4, 1], "car_3079": [1, 4], "car_3078": [11, 4], "car_3075": [9, 7], "car_3074": [2, 4], "car_3077": [8, 6], "car_3076": [0, 2], "car_3071": [0, 3], "car_3070": [9, 1], "car_3073": [7, 1], "car_3072": [4, 0], "car_527": [3, 0], "car_526": [0, 3], "car_525": [9, 2], "car_524": [10, 1], "car_523": [4, 3], "car_522": [1, 3], "car_521": [5, 2], "car_520": [2, 6], "car_3273": [8, 0], "car_1671": [11, 1], "car_3271": [0, 3], "car_1889": [0, 2], "car_3277": [10, 4], "car_3276": [7, 0], "car_529": [11, 6], "car_528": [8, 3], "car_1884": [1, 5], "car_1885": [4, 2], "car_2368": [4, 3], "car_2786": [4, 6], "car_2787": [5, 7], "car_668": [11, 5], "car_669": [4, 1], "car_664": [9, 3], "car_665": [0, 4], "car_666": [3, 7], "car_667": [8, 6], "car_660": [9, 2], "car_661": [11, 2], "car_662": [10, 3], "car_663": [2, 1], "car_2759": [0, 3], "car_1854": [4, 0], "car_2788": [6, 3], "car_3308": [3, 2], "car_2789": [3, 0], "car_2940": [5, 7], "car_798": [8, 4], "car_799": [7, 1], "car_790": [11, 4], "car_791": [1, 4], "car_792": [2, 5], "car_793": [5, 1], "car_794": [6, 4], "car_795": [11, 3], "car_796": [6, 4], "car_797": [0, 5], "car_242": [8, 5], "car_243": [11, 0], "car_240": [9, 7], "car_241": [3, 6], "car_246": [10, 2], "car_247": [5, 6], "car_244": [1, 3], "car_245": [7, 4], "car_1914": [6, 5], "car_1915": [9, 2], "car_248": [0, 5], "car_249": [1, 7], "car_1910": [5, 4], "car_1911": [6, 3], "car_1912": [4, 3], "car_1913": [5, 7], "car_1356": [11, 0], "car_1357": [1, 7], "car_1354": [6, 2], "car_1355": [0, 2], "car_1352": [4, 2], "car_1353": [10, 2], "car_1350": [3, 7], "car_1351": [8, 5], "car_1358": [4, 2], "car_1359": [7, 2], "car_1831": [8, 2], "car_1820": [3, 2], "car_1821": [11, 4], "car_1822": [1, 2], "car_1823": [4, 0], "car_1824": [5, 7], "car_1825": [6, 3], "car_338": [9, 5], "car_339": [0, 2], "car_336": [10, 0], "car_337": [6, 0], "car_334": [11, 5], "car_335": [4, 5], "car_332": [2, 4], "car_333": [5, 7], "car_330": [7, 5], "car_331": [10, 3], "car_2735": [0, 7], "car_2734": [10, 2], "car_1138": [1, 4], "car_1139": [4, 0], "car_2731": [11, 4], "car_2730": [8, 2], "car_2733": [7, 6], "car_2732": [4, 3], "car_1132": [11, 5], "car_1133": [1, 4], "car_1130": [0, 5], "car_1131": [8, 4], "car_1136": [5, 7], "car_1137": [6, 7], "car_1134": [4, 3], "car_1135": [2, 0], "car_1839": [8, 7], "car_2393": [10, 4], "car_1838": [3, 7], "car_2392": [1, 5], "car_3301": [11, 1], "car_3300": [0, 7], "car_2939": [4, 6], "car_2938": [1, 5], "car_2937": [8, 6], "car_2936": [9, 6], "car_2935": [6, 4], "car_2934": [5, 7], "car_2933": [2, 3], "car_2932": [10, 1], "car_2931": [7, 4], "car_2930": [1, 4], "car_2029": [6, 4], "car_2028": [5, 4], "car_2845": [7, 1], "car_2844": [11, 5], "car_2843": [3, 7], "car_2842": [5, 1], "car_2841": [10, 1], "car_2840": [7, 4], "car_2021": [3, 4], "car_2020": [6, 4], "car_2023": [5, 6], "car_2022": [10, 2], "car_2025": [3, 4], "car_2024": [0, 2], "car_2027": [10, 3], "car_2026": [11, 4], "car_2948": [3, 4], "car_2520": [11, 2], "car_1008": [2, 1], "car_1009": [6, 4], "car_1006": [4, 1], "car_1007": [10, 5], "car_1004": [8, 3], "car_1005": [11, 3], "car_1002": [6, 4], "car_1003": [9, 7], "car_1000": [4, 3], "car_1001": [2, 6], "car_3459": [10, 2], "car_2398": [2, 1], "car_2629": [8, 3], "car_2524": [5, 0], "car_2628": [0, 7], "car_3310": [1, 3], "car_2525": [6, 2], "car_2995": [4, 7], "car_2674": [9, 1], "car_1924": [0, 6], "car_2994": [11, 4], "car_2527": [0, 6], "car_2997": [2, 3], "car_36": [2, 1], "car_37": [6, 2], "car_34": [7, 6], "car_35": [10, 2], "car_888": [6, 4], "car_889": [0, 2], "car_30": [2, 7], "car_31": [6, 2], "car_884": [9, 6], "car_885": [8, 0], "car_886": [11, 7], "car_887": [10, 0], "car_880": [10, 2], "car_881": [2, 0], "car_882": [5, 4], "car_883": [6, 5], "car_3466": [10, 1], "car_3467": [9, 6], "car_2449": [11, 6], "car_2448": [8, 7], "car_2119": [11, 1], "car_2118": [8, 2], "car_3460": [2, 6], "car_3461": [5, 2], "car_2115": [8, 5], "car_2114": [5, 0], "car_2117": [4, 2], "car_2116": [1, 5], "car_2111": [1, 4], "car_2110": [11, 7], "car_2113": [2, 5], "car_2112": [7, 1], "car_1644": [7, 0], "car_1645": [10, 2], "car_1646": [2, 5], "car_1647": [5, 0], "car_1640": [9, 2], "car_1641": [0, 5], "car_1642": [3, 5], "car_1643": [11, 6], "car_3312": [7, 3], "car_1648": [6, 5], "car_1649": [9, 4], "car_2599": [8, 7], "car_2159": [7, 3], "car_2158": [4, 1], "car_2591": [2, 5], "car_2590": [4, 5], "car_2593": [8, 7], "car_2592": [3, 1], "car_2595": [7, 1], "car_2594": [4, 1], "car_2597": [9, 4], "car_2596": [10, 1], "car_3560": [3, 7], "car_3313": [2, 1], "car_2677": [11, 7], "car_2608": [10, 4], "car_408": [5, 7], "car_409": [0, 2], "car_2203": [4, 0], "car_2202": [11, 4], "car_2205": [2, 3], "car_2204": [7, 2], "car_2207": [3, 6], "car_2206": [6, 4], "car_400": [11, 0], "car_401": [6, 5], "car_402": [0, 6], "car_403": [3, 4], "car_404": [11, 1], "car_405": [1, 4], "car_406": [7, 1], "car_407": [10, 7], "car_1769": [4, 2], "car_3080": [7, 0], "car_3081": [2, 1], "car_3082": [6, 7], "car_3083": [9, 7], "car_3084": [0, 4], "car_3085": [3, 0], "car_3086": [8, 0], "car_3087": [11, 6], "car_3088": [1, 2], "car_3089": [4, 7], "car_2973": [6, 2], "car_534": [8, 0], "car_535": [11, 0], "car_536": [9, 3], "car_537": [11, 6], "car_530": [7, 3], "car_531": [10, 2], "car_532": [5, 6], "car_533": [0, 3], "car_3246": [1, 2], "car_3247": [4, 1], "car_3244": [9, 6], "car_3245": [11, 6], "car_538": [4, 3], "car_539": [7, 3], "car_3240": [7, 4], "car_3241": [10, 2], "car_2972": [5, 6], "car_3317": [3, 6], "car_2310": [7, 4], "car_659": [7, 3], "car_658": [4, 5], "car_651": [0, 7], "car_650": [9, 3], "car_653": [11, 7], "car_652": [8, 1], "car_655": [2, 5], "car_654": [7, 4], "car_657": [1, 0], "car_656": [11, 5], "car_2970": [11, 4], "car_2907": [10, 6], "car_2977": [6, 5], "car_2909": [6, 3], "car_2976": [10, 0], "car_2434": [7, 2], "car_1929": [5, 2], "car_2195": [4, 5], "car_2194": [1, 5], "car_1764": [10, 6], "car_2197": [2, 7], "car_2196": [7, 3], "car_2191": [0, 3], "car_1928": [10, 0], "car_2190": [9, 1], "car_2193": [11, 6], "car_1909": [7, 4], "car_1908": [4, 6], "car_1907": [0, 5], "car_1763": [1, 5], "car_1905": [5, 6], "car_1904": [2, 4], "car_1903": [11, 1], "car_1902": [8, 4], "car_1901": [0, 6], "car_1900": [6, 4], "car_1349": [0, 3], "car_1348": [5, 1], "car_1762": [11, 0], "car_1341": [4, 7], "car_1340": [1, 3], "car_1343": [9, 1], "car_1342": [7, 3], "car_1345": [1, 7], "car_1344": [11, 7], "car_1347": [2, 4], "car_1346": [4, 7], "car_3234": [7, 2], "car_3219": [9, 1], "car_2753": [0, 1], "car_3231": [8, 3], "car_2752": [6, 0], "car_3230": [9, 0], "car_2698": [5, 6], "car_1833": [4, 5], "car_1832": [11, 0], "car_349": [2, 6], "car_348": [10, 2], "car_1837": [9, 3], "car_1836": [6, 0], "car_1835": [2, 4], "car_1834": [7, 5], "car_343": [2, 5], "car_342": [7, 5], "car_341": [1, 3], "car_340": [11, 7], "car_347": [4, 2], "car_346": [11, 7], "car_345": [3, 4], "car_344": [0, 2], "car_2325": [3, 0], "car_1129": [9, 5], "car_1128": [2, 3], "car_2979": [3, 7], "car_1125": [0, 3], "car_1124": [9, 1], "car_1127": [4, 7], "car_1126": [8, 3], "car_1121": [10, 2], "car_1120": [8, 2], "car_1123": [6, 1], "car_1122": [2, 3], "car_1402": [7, 5], "car_2320": [8, 7], "car_1403": [5, 1], "car_2321": [7, 1], "car_1400": [11, 6], "car_1401": [4, 5], "car_2978": [9, 4], "car_1406": [1, 3], "car_1407": [6, 7], "car_2902": [10, 7], "car_2903": [9, 3], "car_2900": [1, 2], "car_2901": [7, 2], "car_2906": [4, 6], "car_1404": [6, 7], "car_2904": [0, 1], "car_2905": [1, 0], "car_2908": [2, 0], "car_1405": [8, 4], "car_3505": [6, 5], "car_3504": [5, 4], "car_3507": [1, 4], "car_3506": [8, 0], "car_2058": [10, 2], "car_2059": [6, 3], "car_3503": [7, 4], "car_3502": [4, 3], "car_2054": [6, 1], "car_2055": [9, 5], "car_2056": [3, 6], "car_2057": [8, 3], "car_2050": [6, 5], "car_2051": [8, 2], "car_2052": [1, 2], "car_2053": [2, 5], "car_1011": [1, 2], "car_1010": [9, 2], "car_1013": [9, 1], "car_1012": [10, 6], "car_1015": [7, 0], "car_1014": [8, 1], "car_1017": [6, 1], "car_1016": [2, 1], "car_1019": [8, 6], "car_1018": [0, 1], "car_2690": [8, 0], "car_2691": [4, 6], "car_2696": [7, 6], "car_2697": [2, 5], "car_2694": [9, 4], "car_2695": [1, 7], "car_2790": [11, 3], "car_25": [1, 5], "car_24": [11, 6], "car_27": [3, 6], "car_26": [0, 6], "car_21": [9, 1], "car_20": [6, 1], "car_23": [8, 1], "car_22": [0, 5], "car_3471": [6, 7], "car_3470": [2, 7], "car_3473": [3, 4], "car_3472": [9, 2], "car_29": [10, 5], "car_28": [11, 5], "car_3477": [2, 3], "car_3476": [10, 3], "car_2478": [4, 1], "car_2479": [7, 0], "car_2476": [8, 0], "car_2477": [1, 6], "car_2474": [6, 1], "car_2475": [3, 6], "car_2472": [10, 3], "car_2473": [5, 2], "car_2470": [0, 4], "car_2471": [1, 5], "car_1657": [6, 4], "car_1656": [10, 7], "car_1655": [4, 2], "car_1654": [1, 2], "car_1653": [11, 6], "car_1652": [8, 1], "car_1651": [3, 2], "car_1650": [0, 1], "car_1659": [1, 6], "car_1658": [3, 0], "car_2878": [8, 2], "car_2879": [1, 5], "car_2872": [7, 1], "car_2873": [2, 6], "car_2870": [1, 5], "car_2871": [4, 5], "car_2876": [9, 3], "car_2877": [0, 4], "car_2874": [5, 4], "car_2875": [6, 7], "car_2688": [0, 4], "car_1969": [6, 3], "car_2315": [1, 2], "car_1843": [0, 3], "car_3211": [5, 7], "car_435": [8, 5], "car_434": [9, 3], "car_437": [1, 6], "car_436": [11, 4], "car_431": [10, 0], "car_430": [7, 6], "car_433": [6, 2], "car_432": [5, 0], "car_1846": [4, 5], "car_439": [7, 5], "car_438": [4, 1], "car_1847": [10, 3], "car_2274": [3, 1], "car_2275": [4, 2], "car_2276": [10, 6], "car_2277": [9, 7], "car_2270": [7, 0], "car_2271": [10, 0], "car_2272": [9, 4], "car_2273": [0, 7], "car_1845": [1, 7], "car_2278": [0, 1], "car_2279": [8, 7], "car_3573": [9, 2], "car_1848": [2, 6], "car_2289": [3, 4], "car_1968": [5, 0], "car_1849": [9, 3], "car_2288": [0, 3], "car_1965": [3, 7], "car_3370": [6, 1], "car_1964": [6, 5], "car_3093": [8, 6], "car_3092": [0, 4], "car_3091": [9, 6], "car_3090": [2, 7], "car_3097": [10, 5], "car_3096": [4, 3], "car_3095": [1, 2], "car_3094": [11, 4], "car_3420": [5, 0], "car_3376": [6, 4], "car_3099": [5, 4], "car_3098": [2, 3], "car_3311": [4, 3], "car_501": [11, 5], "car_500": [8, 7], "car_503": [7, 0], "car_502": [4, 7], "car_505": [0, 6], "car_504": [9, 5], "car_507": [11, 5], "car_506": [3, 2], "car_509": [2, 3], "car_508": [7, 0], "car_2302": [8, 1], "car_2303": [2, 1], "car_2304": [5, 7], "car_2305": [6, 7], "car_2306": [9, 1], "car_2307": [3, 7], "car_2281": [1, 5], "car_1745": [10, 3], "car_2280": [11, 0], "car_3378": [8, 6], "car_3379": [4, 0], "car_2960": [0, 6], "car_3475": [1, 4], "car_3474": [8, 5], "car_646": [1, 2], "car_647": [4, 6], "car_644": [3, 6], "car_645": [11, 1], "car_642": [6, 4], "car_643": [9, 1], "car_640": [1, 0], "car_641": [4, 7], "car_2314": [11, 1], "car_648": [7, 0], "car_649": [5, 0], "car_3570": [4, 7], "car_2961": [3, 7], "car_2576": [3, 2], "car_3577": [1, 7], "car_3572": [2, 1], "car_2526": [9, 5], "car_1830": [3, 4], "car_3574": [0, 1], "car_2673": [6, 2], "car_3575": [3, 6], "car_2962": [8, 1], "car_3576": [11, 2], "car_2570": [1, 5], "car_2681": [9, 3], "car_2999": [0, 6], "car_2420": [11, 6], "car_2963": [11, 7], "car_2680": [2, 5], "car_2854": [8, 0], "car_2964": [7, 2], "car_2683": [11, 6], "car_1932": [3, 2], "car_1933": [8, 6], "car_1930": [6, 7], "car_1931": [9, 0], "car_1936": [2, 4], "car_1937": [0, 5], "car_1934": [11, 0], "car_1935": [7, 6], "car_1938": [3, 6], "car_1939": [11, 0], "car_2682": [8, 7], "car_1717": [0, 7], "car_1338": [8, 3], "car_1339": [11, 0], "car_1334": [1, 2], "car_1335": [2, 6], "car_1336": [5, 3], "car_1337": [6, 4], "car_1330": [10, 3], "car_1331": [5, 0], "car_1332": [9, 7], "car_1333": [3, 1], "car_1711": [8, 2], "car_2998": [6, 0], "car_358": [7, 3], "car_359": [10, 0], "car_1804": [7, 0], "car_1805": [10, 2], "car_1802": [8, 1], "car_1803": [11, 7], "car_1800": [0, 3], "car_1801": [3, 7], "car_350": [3, 0], "car_351": [4, 6], "car_352": [10, 3], "car_353": [5, 2], "car_354": [6, 0], "car_355": [0, 5], "car_356": [3, 2], "car_357": [8, 3], "car_1482": [11, 2], "car_1483": [1, 5], "car_1480": [0, 5], "car_1481": [3, 0], "car_1486": [3, 7], "car_1487": [1, 6], "car_1484": [9, 2], "car_1485": [0, 1], "car_1488": [4, 7], "car_1489": [7, 0], "car_1240": [4, 0], "car_1241": [7, 1], "car_1242": [10, 4], "car_1243": [2, 1], "car_1244": [5, 7], "car_1245": [6, 0], "car_1246": [9, 3], "car_1247": [0, 7], "car_1248": [3, 0], "car_1249": [8, 5], "car_1747": [6, 2], "car_2374": [1, 0], "car_1879": [2, 4], "car_2917": [5, 3], "car_2916": [10, 2], "car_2911": [4, 7], "car_2910": [1, 4], "car_2913": [6, 3], "car_2912": [7, 0], "car_2919": [3, 2], "car_2918": [0, 3], "car_2049": [5, 7], "car_2048": [2, 0], "car_2047": [7, 4], "car_2046": [1, 5], "car_2045": [6, 0], "car_2044": [5, 7], "car_2043": [2, 0], "car_2042": [10, 0], "car_2041": [7, 6], "car_2040": [3, 1], "car_1064": [6, 0], "car_1065": [0, 6], "car_1066": [8, 2], "car_1067": [1, 0], "car_1060": [6, 7], "car_1061": [9, 3], "car_1062": [8, 3], "car_1063": [4, 1], "car_2685": [10, 0], "car_2684": [1, 2], "car_2687": [6, 1], "car_2686": [2, 7], "car_1068": [4, 3], "car_1069": [0, 2], "car_1798": [10, 1], "car_1799": [9, 3], "car_10": [10, 3], "car_11": [2, 3], "car_12": [6, 2], "car_13": [9, 3], "car_14": [3, 0], "car_15": [11, 5], "car_16": [1, 4], "car_17": [7, 0], "car_18": [10, 3], "car_19": [2, 5], "car_3406": [1, 3], "car_3407": [4, 3], "car_3400": [4, 6], "car_3401": [2, 0], "car_3402": [9, 1], "car_3403": [0, 2], "car_2461": [9, 2], "car_2460": [6, 0], "car_1668": [4, 7], "car_1669": [7, 2], "car_2465": [1, 2], "car_2464": [9, 4], "car_2467": [2, 7], "car_2466": [10, 2], "car_1662": [10, 0], "car_1663": [2, 3], "car_1660": [4, 6], "car_1661": [7, 0], "car_1666": [0, 2], "car_1667": [3, 0], "car_1664": [5, 1], "car_1665": [9, 6], "car_1468": [1, 5], "car_1469": [4, 7], "car_1460": [5, 3], "car_1461": [11, 0], "car_1462": [1, 6], "car_1463": [4, 5], "car_1464": [7, 2], "car_1465": [2, 4], "car_1466": [6, 4], "car_1467": [0, 2], "car_2699": [6, 1], "car_2869": [9, 7], "car_2868": [6, 4], "car_2865": [10, 3], "car_2864": [7, 1], "car_2867": [5, 4], "car_2866": [2, 6], "car_2861": [8, 3], "car_2860": [3, 5], "car_2863": [1, 7], "car_2862": [11, 4], "car_2648": [7, 2], "car_422": [10, 2], "car_423": [2, 3], "car_420": [4, 5], "car_421": [7, 5], "car_426": [8, 6], "car_427": [11, 3], "car_424": [5, 7], "car_425": [6, 5], "car_3318": [8, 6], "car_3319": [11, 3], "car_428": [1, 6], "car_429": [4, 6], "car_2377": [2, 7], "car_2267": [0, 7], "car_2266": [9, 4], "car_2265": [6, 5], "car_2264": [5, 1], "car_2263": [10, 0], "car_2262": [7, 6], "car_2261": [0, 5], "car_2260": [9, 1], "car_2371": [9, 6], "car_2269": [11, 3], "car_2268": [3, 2], "car_2373": [3, 7], "car_2372": [0, 7], "car_2008": [4, 1], "car_2370": [5, 3], "car_3486": [8, 5], "car_3487": [4, 6], "car_3224": [9, 3], "car_3225": [0, 3], "car_2319": [0, 6], "car_2318": [9, 5], "car_3220": [8, 1], "car_3221": [11, 5], "car_518": [4, 0], "car_519": [7, 0], "car_516": [0, 3], "car_517": [11, 3], "car_514": [1, 2], "car_515": [4, 1], "car_512": [8, 6], "car_513": [11, 6], "car_510": [5, 7], "car_511": [3, 0], "car_1870": [8, 5], "car_3589": [1, 3], "car_2692": [2, 1], "car_3488": [7, 1], "car_2444": [5, 0], "car_3469": [10, 0], "car_3489": [10, 6], "car_633": [4, 7], "car_632": [1, 3], "car_631": [0, 4], "car_630": [9, 6], "car_637": [9, 4], "car_636": [2, 5], "car_635": [10, 2], "car_634": [7, 3], "car_2675": [3, 5], "car_639": [11, 3], "car_638": [8, 2], "car_3588": [11, 0], "car_3138": [7, 6], "car_3139": [10, 2], "car_2693": [5, 7], "car_3130": [11, 3], "car_3131": [1, 3], "car_3132": [7, 2], "car_3133": [10, 5], "car_3134": [2, 5], "car_3135": [5, 0], "car_3136": [6, 3], "car_3137": [3, 7], "car_189": [6, 4], "car_188": [2, 1], "car_185": [8, 3], "car_184": [3, 2], "car_187": [1, 4], "car_186": [11, 6], "car_181": [2, 1], "car_180": [10, 3], "car_183": [6, 0], "car_182": [5, 7], "car_749": [0, 5], "car_748": [9, 2], "car_747": [10, 5], "car_746": [4, 2], "car_745": [11, 7], "car_744": [3, 2], "car_743": [0, 5], "car_742": [9, 3], "car_741": [6, 5], "car_740": [10, 1], "car_2131": [3, 4], "car_3316": [9, 3], "car_2618": [6, 4], "car_3584": [5, 0], "car_299": [3, 7], "car_298": [6, 2], "car_1927": [4, 0], "car_1926": [1, 2], "car_1921": [2, 5], "car_1920": [7, 5], "car_1923": [9, 3], "car_1922": [6, 5], "car_291": [2, 0], "car_290": [7, 0], "car_293": [6, 3], "car_292": [5, 2], "car_295": [4, 5], "car_294": [8, 2], "car_297": [10, 2], "car_296": [7, 3], "car_1329": [4, 1], "car_1328": [11, 1], "car_1327": [3, 4], "car_1326": [0, 1], "car_1325": [6, 0], "car_1324": [2, 7], "car_1323": [10, 2], "car_1322": [4, 1], "car_1321": [11, 6], "car_1320": [0, 7], "car_365": [2, 5], "car_364": [1, 7], "car_367": [0, 4], "car_366": [9, 4], "car_361": [0, 7], "car_360": [9, 4], "car_363": [6, 2], "car_362": [4, 2], "car_1811": [5, 0], "car_1810": [10, 5], "car_1813": [9, 6], "car_1812": [6, 0], "car_369": [1, 7], "car_368": [3, 6], "car_1817": [1, 7], "car_1816": [11, 0], "car_167": [7, 4], "car_166": [4, 1], "car_165": [1, 6], "car_164": [8, 2], "car_163": [3, 0], "car_162": [0, 2], "car_161": [9, 6], "car_160": [6, 0], "car_169": [6, 3], "car_168": [5, 0], "car_1495": [5, 7], "car_1494": [4, 3], "car_1497": [0, 4], "car_1496": [6, 2], "car_1491": [0, 1], "car_1490": [6, 0], "car_1493": [11, 3], "car_1492": [3, 7], "car_1499": [8, 4], "car_1498": [3, 6], "car_3580": [6, 5], "car_1253": [2, 0], "car_1252": [4, 6], "car_1251": [1, 2], "car_1250": [11, 1], "car_1257": [4, 1], "car_1256": [1, 6], "car_1255": [0, 1], "car_1254": [9, 3], "car_2850": [7, 6], "car_1259": [5, 4], "car_1258": [7, 4], "car_3622": [6, 1], "car_2851": [2, 0], "car_1868": [9, 2], "car_2852": [6, 3], "car_3624": [8, 4], "car_2853": [3, 0], "car_3583": [2, 3], "car_3248": [10, 3], "car_3626": [7, 6], "car_3627": [10, 7], "car_1789": [0, 4], "car_1788": [9, 4], "car_2070": [6, 5], "car_2071": [9, 1], "car_2076": [7, 0], "car_2077": [10, 5], "car_2074": [1, 3], "car_2075": [4, 1], "car_1781": [0, 1], "car_1780": [6, 2], "car_1783": [8, 6], "car_1782": [3, 1], "car_1785": [10, 5], "car_1784": [4, 2], "car_1787": [6, 1], "car_1786": [5, 1], "car_1077": [6, 4], "car_1076": [5, 7], "car_1075": [2, 1], "car_1074": [4, 6], "car_1073": [1, 5], "car_1072": [11, 2], "car_1071": [6, 4], "car_1070": [3, 5], "car_2678": [1, 3], "car_2679": [7, 3], "car_3520": [2, 4], "car_1079": [3, 1], "car_1078": [9, 2], "car_3257": [9, 5], "car_2139": [7, 2], "car_3256": [6, 2], "car_2034": [5, 1], "car_2300": [6, 2], "car_2035": [9, 2], "car_2301": [9, 5], "car_2032": [7, 2], "car_2033": [10, 4], "car_2996": [7, 1], "car_3419": [1, 5], "car_2138": [8, 4], "car_3417": [3, 0], "car_3416": [0, 3], "car_3415": [9, 5], "car_3414": [5, 0], "car_3413": [2, 0], "car_3412": [8, 6], "car_3411": [0, 5], "car_3410": [6, 5], "car_985": [4, 0], "car_984": [1, 4], "car_987": [10, 3], "car_986": [7, 6], "car_981": [5, 1], "car_980": [4, 0], "car_983": [8, 0], "car_982": [6, 5], "car_1675": [0, 5], "car_1674": [9, 3], "car_1677": [11, 4], "car_1676": [8, 0], "car_989": [5, 0], "car_988": [2, 0], "car_1673": [10, 5], "car_1672": [4, 0], "car_2784": [8, 5], "car_2785": [1, 7], "car_1479": [6, 7], "car_1478": [2, 1], "car_2780": [6, 3], "car_2781": [9, 6], "car_2782": [0, 3], "car_2783": [3, 1], "car_1473": [6, 7], "car_1472": [2, 7], "car_1471": [10, 4], "car_1470": [7, 1], "car_1477": [10, 2], "car_1476": [1, 0], "car_1475": [11, 3], "car_1474": [3, 4], "car_2890": [9, 5], "car_2891": [0, 4], "car_2892": [3, 6], "car_2893": [4, 5], "car_2894": [10, 3], "car_1743": [4, 0], "car_2896": [6, 7], "car_2897": [9, 7], "car_2898": [0, 2], "car_2899": [11, 5], "car_1742": [1, 6], "car_2990": [5, 4], "car_2528": [8, 4], "car_2529": [11, 0], "car_2258": [2, 7], "car_2259": [5, 2], "car_3307": [5, 4], "car_2689": [3, 7], "car_3305": [10, 3], "car_3304": [7, 2], "car_2252": [0, 4], "car_2253": [8, 1], "car_2250": [6, 4], "car_2251": [9, 5], "car_2256": [7, 2], "car_2257": [10, 5], "car_2254": [11, 5], "car_2255": [1, 4], "car_2098": [6, 0], "car_2099": [11, 0], "car_2090": [5, 7], "car_2091": [6, 7], "car_2092": [0, 5], "car_2093": [3, 2], "car_2094": [8, 2], "car_2095": [10, 5], "car_2096": [2, 6], "car_2097": [5, 4], "car_2992": [0, 2], "car_3237": [3, 6], "car_3236": [6, 5], "car_569": [4, 6], "car_568": [1, 4], "car_3233": [4, 7], "car_3232": [1, 0], "car_2328": [9, 1], "car_2329": [3, 5], "car_563": [8, 6], "car_562": [0, 1], "car_561": [9, 7], "car_560": [5, 1], "car_567": [5, 4], "car_566": [10, 7], "car_565": [1, 5], "car_564": [11, 0], "car_3598": [2, 4], "car_2331": [4, 1], "car_620": [11, 7], "car_621": [4, 5], "car_622": [10, 1], "car_623": [2, 7], "car_624": [6, 5], "car_625": [0, 6], "car_626": [3, 6], "car_627": [8, 5], "car_628": [5, 0], "car_629": [6, 1], "car_1869": [0, 4], "car_3129": [3, 4], "car_3128": [0, 2], "car_3123": [0, 6], "car_3122": [6, 4], "car_3121": [5, 3], "car_3120": [2, 4], "car_3127": [6, 7], "car_3126": [4, 1], "car_3125": [1, 4], "car_3124": [3, 4], "car_1866": [5, 2], "car_1867": [6, 1], "car_3388": [7, 2], "car_198": [7, 4], "car_199": [10, 5], "car_2831": [3, 6], "car_192": [11, 4], "car_193": [4, 0], "car_190": [0, 3], "car_191": [8, 2], "car_196": [2, 1], "car_197": [0, 2], "car_194": [7, 4], "car_195": [10, 6], "car_758": [6, 3], "car_759": [3, 1], "car_754": [4, 6], "car_755": [7, 2], "car_756": [10, 1], "car_757": [5, 7], "car_750": [3, 5], "car_751": [8, 1], "car_752": [11, 5], "car_753": [1, 2], "car_1940": [7, 2], "car_3355": [8, 1], "car_2991": [6, 0], "car_3299": [5, 1], "car_3298": [10, 4], "car_286": [5, 1], "car_287": [0, 1], "car_284": [4, 0], "car_285": [7, 1], "car_282": [0, 5], "car_283": [1, 3], "car_280": [2, 7], "car_281": [9, 2], "car_3353": [0, 5], "car_1949": [2, 4], "car_288": [8, 6], "car_289": [1, 5], "car_3453": [4, 3], "car_1948": [10, 4], "car_2791": [1, 6], "car_3592": [0, 1], "car_3452": [8, 3], "car_3451": [3, 7], "car_3450": [0, 3], "car_1312": [8, 1], "car_1313": [1, 5], "car_1310": [9, 0], "car_1311": [3, 4], "car_1316": [0, 1], "car_1317": [3, 0], "car_1314": [2, 6], "car_1315": [5, 3], "car_1318": [10, 0], "car_1319": [6, 5], "car_2450": [7, 1], "car_2451": [10, 5], "car_2452": [5, 3], "car_372": [5, 7], "car_373": [6, 2], "car_370": [7, 6], "car_371": [10, 0], "car_376": [0, 2], "car_377": [11, 5], "car_374": [11, 7], "car_375": [2, 7], "car_1864": [7, 3], "car_1865": [10, 3], "car_378": [4, 2], "car_379": [7, 3], "car_1860": [4, 6], "car_1861": [10, 4], "car_1862": [8, 5], "car_1863": [11, 5], "car_174": [7, 5], "car_175": [10, 7], "car_176": [5, 7], "car_177": [6, 0], "car_170": [9, 0], "car_171": [0, 2], "car_172": [1, 5], "car_173": [4, 1], "car_2457": [1, 2], "car_178": [0, 4], "car_179": [4, 3], "car_2338": [8, 1], "car_1266": [11, 1], "car_1267": [2, 4], "car_1264": [9, 5], "car_1265": [8, 1], "car_1262": [10, 1], "car_1263": [6, 2], "car_1260": [0, 6], "car_1261": [4, 1], "car_2949": [11, 0], "car_1268": [6, 0], "car_1269": [9, 5], "car_3581": [0, 3], "car_3371": [11, 7], "car_2406": [2, 1], "car_2065": [8, 3], "car_2064": [0, 6], "car_1048": [3, 2], "car_1049": [4, 2], "car_2061": [4, 7], "car_2060": [0, 6], "car_2063": [9, 4], "car_2062": [6, 4], "car_1042": [1, 7], "car_1043": [4, 1], "car_1040": [3, 2], "car_1041": [8, 1], "car_1046": [9, 1], "car_1047": [0, 6], "car_1044": [7, 3], "car_1045": [5, 0], "car_2663": [4, 1], "car_2662": [11, 5], "car_2661": [8, 2], "car_2660": [3, 2], "car_2667": [6, 1], "car_2666": [5, 1], "car_2665": [2, 6], "car_2664": [10, 6], "car_2669": [1, 4], "car_2668": [11, 4], "car_3528": [7, 0], "car_2404": [4, 1], "car_3582": [7, 6], "car_3422": [0, 7], "car_3423": [3, 5], "car_78": [4, 0], "car_79": [10, 5], "car_3426": [6, 5], "car_3427": [9, 5], "car_3424": [8, 3], "car_3425": [5, 6], "car_72": [11, 5], "car_73": [10, 5], "car_70": [3, 5], "car_71": [8, 3], "car_76": [11, 7], "car_77": [1, 0], "car_74": [2, 4], "car_75": [6, 4], "car_992": [11, 3], "car_993": [4, 0], "car_990": [9, 0], "car_991": [8, 0], "car_996": [6, 5], "car_997": [9, 1], "car_994": [2, 4], "car_995": [5, 0], "car_1688": [3, 6], "car_1689": [8, 2], "car_998": [3, 2], "car_999": [8, 2], "car_2409": [5, 6], "car_2408": [10, 1], "car_2797": [4, 3], "car_2796": [1, 2], "car_2795": [11, 2], "car_2794": [0, 5], "car_2793": [9, 6], "car_2792": [6, 4], "car_1448": [0, 2], "car_1449": [3, 4], "car_1446": [6, 0], "car_1447": [9, 2], "car_1444": [10, 2], "car_1445": [5, 4], "car_1442": [4, 7], "car_1443": [7, 4], "car_1440": [11, 7], "car_1441": [1, 7], "car_2883": [6, 1], "car_2882": [10, 4], "car_2881": [7, 3], "car_2798": [10, 4], "car_2887": [7, 0], "car_2886": [8, 3], "car_2885": [3, 6], "car_2884": [9, 2], "car_2889": [6, 4], "car_2888": [10, 2], "car_2401": [8, 6], "car_2986": [0, 5], "car_3336": [6, 1], "car_3337": [3, 1], "car_2539": [5, 0], "car_2538": [10, 5], "car_2249": [5, 0], "car_2248": [10, 6], "car_3330": [9, 0], "car_3331": [11, 4], "car_2245": [3, 7], "car_2244": [0, 6], "car_2247": [4, 1], "car_2246": [1, 3], "car_2241": [7, 6], "car_2240": [4, 1], "car_2243": [6, 0], "car_2242": [5, 7], "car_2089": [2, 7], "car_2088": [10, 6], "car_2083": [8, 2], "car_2082": [3, 1], "car_2081": [0, 7], "car_2080": [9, 0], "car_2087": [7, 0], "car_2086": [4, 3], "car_2085": [1, 6], "car_2084": [11, 7], "car_3180": [7, 2], "car_3183": [9, 7], "car_3239": [1, 4], "car_2984": [5, 2], "car_3208": [8, 0], "car_3209": [11, 2], "car_3202": [1, 2], "car_3203": [4, 2], "car_3200": [8, 7], "car_3186": [11, 6], "car_3206": [6, 4], "car_3207": [3, 6], "car_3204": [10, 7], "car_3205": [2, 7], "car_578": [5, 4], "car_579": [9, 5], "car_2333": [5, 2], "car_2332": [10, 2], "car_2335": [3, 5], "car_2334": [9, 6], "car_2337": [0, 3], "car_553": [6, 0], "car_570": [7, 0], "car_571": [6, 3], "car_572": [9, 4], "car_573": [8, 3], "car_574": [11, 3], "car_806": [11, 3], "car_576": [10, 7], "car_577": [2, 3], "car_807": [4, 0], "car_800": [10, 5], "car_801": [2, 6], "car_802": [6, 5], "car_2192": [8, 4], "car_803": [9, 4], "car_2067": [1, 3], "car_2066": [11, 3], "car_619": [8, 3], "car_618": [3, 0], "car_3377": [3, 0], "car_615": [2, 4], "car_614": [7, 0], "car_617": [0, 1], "car_616": [5, 2], "car_611": [0, 3], "car_610": [9, 2], "car_613": [1, 3], "car_612": [11, 7], "car_2151": [7, 4], "car_3118": [4, 1], "car_3119": [7, 0], "car_3116": [0, 4], "car_3117": [11, 4], "car_3114": [6, 2], "car_3115": [9, 4], "car_3112": [4, 3], "car_3113": [2, 5], "car_3110": [9, 7], "car_3111": [0, 5], "car_2704": [5, 4], "car_2705": [0, 7], "car_2706": [3, 7], "car_2150": [4, 2], "car_2707": [11, 2], "car_2069": [2, 7], "car_2068": [4, 2], "car_2702": [1, 3], "car_2703": [2, 6], "car_769": [10, 6], "car_768": [7, 6], "car_2567": [9, 5], "car_761": [10, 0], "car_760": [7, 0], "car_763": [9, 2], "car_762": [2, 6], "car_765": [8, 1], "car_764": [0, 6], "car_767": [4, 3], "car_766": [1, 6], "car_2216": [2, 1], "car_2217": [0, 2], "car_2330": [8, 4], "car_2214": [1, 4], "car_2215": [7, 1], "car_2212": [0, 4], "car_2213": [11, 5], "car_2210": [10, 7], "car_2211": [5, 0], "car_575": [7, 3], "car_3374": [7, 0], "car_1305": [2, 3], "car_1304": [10, 4], "car_1307": [7, 5], "car_1306": [9, 0], "car_1301": [3, 7], "car_1300": [0, 7], "car_1303": [4, 3], "car_1302": [11, 3], "car_1309": [6, 2], "car_1308": [2, 3], "car_389": [1, 2], "car_388": [8, 6], "car_387": [3, 6], "car_386": [9, 1], "car_385": [1, 5], "car_384": [11, 5], "car_383": [3, 5], "car_382": [6, 2], "car_381": [5, 1], "car_380": [2, 7], "car_141": [9, 1], "car_140": [6, 2], "car_143": [8, 5], "car_142": [0, 7], "car_145": [10, 7], "car_144": [1, 5], "car_147": [5, 1], "car_146": [2, 1], "car_149": [9, 2], "car_148": [6, 5], "car_2407": [1, 0], "car_1279": [1, 4], "car_1278": [11, 2], "car_1271": [3, 2], "car_1270": [0, 7], "car_1273": [7, 0], "car_1272": [1, 3], "car_1275": [2, 7], "car_1274": [10, 6], "car_1277": [0, 4], "car_1276": [5, 2], "car_2326": [11, 0], "car_2847": [9, 1], "car_2327": [7, 1], "car_3491": [11, 6], "car_1059": [5, 1], "car_1058": [7, 2], "car_1055": [3, 7], "car_1054": [0, 4], "car_1057": [4, 3], "car_1056": [8, 0], "car_1051": [2, 3], "car_1050": [7, 6], "car_1053": [6, 3], "car_1052": [5, 4], "car_2656": [4, 0], "car_2657": [2, 6], "car_2654": [0, 1], "car_2655": [1, 5], "car_2652": [3, 2], "car_2653": [9, 1], "car_2650": [5, 2], "car_2651": [9, 4], "car_2415": [2, 3], "car_2658": [9, 5], "car_2659": [0, 3], "car_3490": [5, 7], "car_2416": [5, 2], "car_69": [0, 2], "car_68": [9, 5], "car_2438": [3, 2], "car_2439": [8, 4], "car_3431": [2, 3], "car_3430": [7, 4], "car_3433": [6, 5], "car_3432": [5, 6], "car_61": [5, 6], "car_60": [2, 1], "car_63": [4, 7], "car_62": [1, 0], "car_65": [2, 3], "car_64": [10, 6], "car_67": [6, 3], "car_66": [5, 3], "car_1693": [11, 2], "car_1692": [8, 4], "car_1691": [0, 1], "car_1690": [11, 7], "car_1697": [8, 5], "car_1696": [0, 3], "car_969": [11, 1], "car_968": [3, 1], "car_967": [5, 6], "car_966": [2, 1], "car_965": [7, 4], "car_964": [4, 6], "car_963": [8, 6], "car_962": [0, 2], "car_961": [7, 2], "car_960": [11, 1], "car_1451": [11, 1], "car_1450": [8, 1], "car_1453": [4, 2], "car_1452": [1, 0], "car_1455": [6, 1], "car_1454": [5, 4], "car_1457": [3, 0], "car_1456": [0, 3], "car_1459": [7, 6], "car_1458": [1, 0], "car_3541": [7, 1], "car_2410": [6, 7], "car_2837": [8, 7], "car_3428": [8, 4], "car_3329": [5, 2], "car_3328": [10, 0], "car_3429": [4, 7], "car_3175": [2, 7], "car_3321": [10, 6], "car_3320": [1, 2], "car_3323": [5, 1], "car_3322": [2, 7], "car_3325": [9, 4], "car_3279": [9, 7], "car_3327": [4, 0], "car_3326": [3, 0], "car_3278": [5, 3], "car_2411": [3, 0], "car_3547": [7, 6], "car_2508": [8, 4], "car_2509": [7, 5], "car_2506": [9, 2], "car_2507": [0, 5], "car_2504": [2, 7], "car_2505": [6, 5], "car_2502": [4, 0], "car_2503": [7, 1], "car_2500": [8, 5], "car_2501": [1, 4], "car_2737": [1, 6], "car_1680": [2, 6], "car_1681": [5, 6], "car_3173": [1, 4], "car_1682": [6, 1], "car_1683": [9, 3], "car_3272": [3, 7], "car_1684": [2, 4], "car_2736": [11, 5], "car_1685": [6, 4], "car_1891": [8, 7], "car_3270": [5, 2], "car_1686": [9, 2], "car_1890": [3, 1], "car_1687": [0, 3], "car_1893": [2, 6], "car_545": [7, 2], "car_544": [0, 3], "car_547": [2, 3], "car_546": [10, 1], "car_541": [2, 0], "car_540": [10, 3], "car_543": [6, 3], "car_542": [5, 4], "car_3215": [11, 6], "car_1895": [6, 1], "car_3217": [2, 4], "car_3216": [7, 0], "car_549": [3, 7], "car_548": [9, 0], "car_819": [1, 3], "car_818": [3, 1], "car_2344": [11, 7], "car_2345": [4, 2], "car_2346": [7, 5], "car_2347": [2, 6], "car_2340": [9, 0], "car_1897": [11, 2], "car_2342": [3, 2], "car_2343": [8, 5], "car_2405": [7, 0], "car_1896": [0, 7], "car_2348": [0, 3], "car_2349": [1, 3], "car_33": [11, 6], "car_1767": [8, 6], "car_1766": [5, 7], "car_1765": [2, 1], "car_3498": [2, 1], "car_608": [4, 1], "car_609": [5, 7], "car_2941": [0, 5], "car_602": [10, 5], "car_603": [5, 1], "car_600": [8, 1], "car_601": [11, 1], "car_606": [3, 4], "car_607": [11, 4], "car_604": [9, 2], "car_605": [0, 1], "car_3101": [1, 7], "car_3100": [3, 1], "car_3103": [2, 1], "car_3102": [10, 6], "car_3105": [8, 0], "car_1761": [8, 4], "car_3107": [10, 6], "car_3106": [4, 6], "car_3109": [6, 4], "car_3108": [2, 1], "car_1760": [9, 5], "car_2799": [5, 4], "car_776": [4, 0], "car_777": [5, 7], "car_774": [11, 6], "car_775": [1, 0], "car_772": [0, 1], "car_773": [8, 7], "car_770": [2, 3], "car_771": [5, 0], "car_1768": [11, 0], "car_778": [6, 5], "car_779": [0, 5], "car_2418": [0, 3], "car_2880": [4, 7], "car_1750": [8, 4], "car_2419": [3, 5], "car_3293": [6, 3], "car_3292": [5, 3], "car_3251": [9, 2], "car_1994": [2, 7], "car_1995": [5, 4], "car_1996": [9, 6], "car_1997": [0, 1], "car_1990": [5, 4], "car_1991": [11, 6], "car_1992": [7, 0], "car_1993": [10, 5], "car_1998": [3, 7], "car_1999": [11, 0], "car_2846": [5, 4], "car_3250": [6, 1], "car_1842": [2, 7], "car_1806": [6, 0], "car_1840": [11, 3], "car_1841": [10, 5], "car_398": [6, 5], "car_399": [3, 1], "car_1844": [8, 0], "car_1807": [8, 5], "car_394": [3, 4], "car_395": [8, 4], "car_396": [11, 1], "car_397": [7, 5], "car_390": [2, 1], "car_391": [6, 7], "car_392": [9, 4], "car_393": [0, 7], "car_158": [7, 2], "car_159": [10, 7], "car_156": [0, 3], "car_157": [1, 6], "car_154": [1, 0], "car_155": [4, 0], "car_152": [8, 1], "car_153": [11, 6], "car_150": [0, 2], "car_151": [3, 6], "car_1208": [3, 5], "car_1209": [11, 5], "car_1204": [7, 1], "car_1205": [10, 1], "car_1206": [5, 2], "car_1207": [0, 5], "car_1200": [6, 1], "car_1201": [9, 6], "car_1202": [11, 5], "car_1203": [1, 5], "car_2601": [1, 3], "car_2403": [1, 4], "car_3252": [0, 1], "car_3334": [7, 0], "car_3335": [2, 1], "car_1808": [11, 4], "car_3255": [5, 1], "car_3332": [1, 4], "car_1809": [4, 2], "car_3333": [4, 7], "car_2649": [10, 3], "car_2612": [3, 7], "car_2613": [11, 2], "car_2641": [3, 1], "car_2640": [9, 3], "car_2643": [10, 5], "car_2642": [7, 3], "car_2645": [8, 1], "car_2644": [0, 2], "car_2647": [4, 0], "car_2646": [1, 5], "car_1510": [0, 1], "car_1511": [3, 4], "car_1512": [8, 1], "car_1513": [7, 3], "car_1514": [5, 3], "car_1515": [6, 1], "car_1516": [9, 3], "car_1517": [3, 0], "car_1518": [11, 7], "car_1519": [1, 7], "car_2531": [4, 3], "car_2965": [10, 2], "car_2530": [1, 2], "car_2966": [2, 5], "car_3366": [11, 3], "car_2537": [7, 0], "car_2967": [5, 1], "car_2536": [11, 5], "car_2968": [6, 7], "car_2855": [11, 4], "car_1198": [7, 4], "car_1199": [5, 7], "car_2969": [3, 5], "car_1194": [9, 3], "car_1195": [3, 1], "car_1196": [11, 0], "car_1197": [1, 3], "car_1190": [11, 1], "car_1191": [7, 5], "car_1192": [10, 2], "car_1193": [6, 4], "car_2619": [9, 5], "car_2429": [4, 0], "car_2428": [1, 4], "car_2425": [6, 4], "car_2424": [1, 0], "car_2427": [8, 2], "car_2426": [0, 4], "car_2421": [0, 3], "car_2126": [7, 6], "car_2423": [11, 0], "car_2422": [8, 1], "car_2856": [1, 6], "car_2127": [2, 3], "car_978": [11, 5], "car_979": [1, 6], "car_974": [3, 7], "car_975": [1, 5], "car_976": [6, 1], "car_977": [9, 4], "car_970": [4, 6], "car_971": [7, 6], "car_972": [2, 4], "car_973": [0, 4], "car_1424": [2, 4], "car_1425": [6, 1], "car_1426": [0, 2], "car_1427": [3, 0], "car_1420": [1, 7], "car_1421": [4, 0], "car_1422": [7, 0], "car_1423": [10, 1], "car_2402": [11, 0], "car_1428": [11, 3], "car_1429": [1, 6], "car_2857": [4, 2], "car_3259": [2, 3], "car_3593": [3, 5], "car_3358": [0, 5], "car_3359": [3, 1], "car_3354": [3, 2], "car_2128": [5, 1], "car_3356": [11, 6], "car_3357": [10, 3], "car_3350": [2, 4], "car_3258": [1, 5], "car_3352": [9, 4], "car_2129": [6, 5], "car_2511": [9, 5], "car_2510": [6, 4], "car_2513": [11, 2], "car_2512": [8, 5], "car_2515": [7, 1], "car_2514": [4, 6], "car_2517": [2, 4], "car_2516": [10, 6], "car_2519": [0, 4], "car_2518": [6, 2], "car_3590": [2, 7], "car_3591": [9, 3], "car_3596": [7, 4], "car_3597": [10, 1], "car_3594": [1, 4], "car_3595": [4, 2], "car_1738": [4, 7], "car_1739": [10, 5], "car_1730": [0, 7], "car_1731": [8, 2], "car_1732": [4, 7], "car_1733": [5, 2], "car_1734": [6, 2], "car_1735": [9, 0], "car_1736": [3, 5], "car_1737": [8, 0], "car_54": [6, 3], "car_55": [9, 7], "car_56": [0, 2], "car_57": [8, 0], "car_50": [8, 1], "car_51": [11, 4], "car_52": [10, 2], "car_53": [5, 2], "car_58": [4, 6], "car_59": [10, 3], "car_2609": [2, 7], "car_552": [5, 0], "car_805": [3, 7], "car_550": [1, 7], "car_551": [4, 7], "car_556": [3, 5], "car_557": [1, 5], "car_554": [9, 3], "car_555": [0, 5], "car_558": [4, 5], "car_559": [7, 3], "car_808": [6, 1], "car_809": [9, 0], "car_2357": [5, 6], "car_2356": [7, 5], "car_2355": [4, 1], "car_2354": [1, 3], "car_2353": [5, 3], "car_2352": [2, 6], "car_2351": [7, 1], "car_2350": [4, 1], "car_2359": [1, 3], "car_2358": [3, 5], "car_1757": [11, 4], "car_2339": [7, 5], "car_2469": [9, 0], "car_3174": [7, 5], "car_2915": [7, 3], "car_3176": [6, 7], "car_3177": [3, 7], "car_3170": [0, 2], "car_3171": [3, 0], "car_3172": [11, 5], "car_2914": [3, 6], "car_3178": [8, 3], "car_3179": [1, 0], "car_3369": [2, 7], "car_2468": [6, 5], "car_3437": [4, 5], "car_703": [1, 4], "car_702": [9, 7], "car_701": [5, 2], "car_700": [10, 7], "car_707": [3, 1], "car_706": [0, 5], "car_705": [5, 3], "car_704": [2, 3], "car_709": [11, 0], "car_708": [8, 3], "car_3436": [1, 5], "car_3008": [3, 0], "car_3009": [8, 5], "car_3000": [3, 7], "car_3001": [8, 3], "car_3002": [1, 0], "car_3003": [4, 2], "car_3004": [10, 4], "car_3005": [2, 5], "car_3006": [9, 0], "car_3007": [0, 1], "car_2221": [7, 4], "car_2308": [1, 6], "car_3619": [4, 6], "car_2400": [3, 6], "car_2309": [4, 5], "car_3201": [11, 3], "car_1987": [0, 2], "car_1986": [9, 0], "car_1985": [6, 2], "car_1984": [5, 7], "car_1983": [2, 1], "car_1982": [10, 0], "car_1981": [7, 1], "car_1980": [6, 4], "car_1989": [2, 1], "car_1988": [10, 6], "car_2768": [11, 3], "car_1855": [10, 1], "car_1796": [6, 0], "car_1857": [0, 2], "car_1856": [5, 4], "car_1851": [3, 6], "car_1850": [0, 1], "car_1853": [1, 3], "car_1797": [3, 7], "car_2336": [7, 4], "car_1859": [1, 6], "car_1794": [10, 0], "car_2230": [7, 3], "car_129": [9, 0], "car_128": [5, 3], "car_2231": [10, 0], "car_123": [4, 3], "car_122": [1, 7], "car_121": [11, 3], "car_120": [8, 5], "car_127": [7, 6], "car_126": [0, 5], "car_125": [5, 6], "car_124": [7, 3], "car_1790": [8, 1], "car_1219": [3, 1], "car_1218": [0, 4], "car_1217": [6, 0], "car_1216": [5, 4], "car_1215": [2, 5], "car_1214": [4, 1], "car_1213": [8, 7], "car_1212": [3, 1], "car_1211": [9, 1], "car_1210": [5, 3], "car_1415": [9, 6], "car_1414": [1, 2], "car_1417": [3, 0], "car_1416": [0, 4], "car_1411": [2, 5], "car_1410": [4, 0], "car_237": [4, 3], "car_236": [3, 0], "car_235": [9, 0], "car_234": [5, 3], "car_233": [2, 1], "car_232": [4, 3], "car_231": [11, 5], "car_230": [8, 7], "car_3372": [1, 7], "car_1412": [3, 4], "car_239": [5, 7], "car_238": [2, 3], "car_2988": [1, 6], "car_2989": [4, 7], "car_2638": [2, 7], "car_2639": [6, 4], "car_2634": [8, 7], "car_2635": [11, 0], "car_2636": [1, 3], "car_2637": [4, 3], "car_2630": [11, 6], "car_2631": [4, 2], "car_2632": [10, 0], "car_2633": [9, 1], "car_1503": [6, 1], "car_1502": [2, 5], "car_1501": [10, 7], "car_1500": [7, 3], "car_1507": [10, 0], "car_1506": [11, 3], "car_1505": [8, 5], "car_1504": [0, 2], "car_3373": [4, 6], "car_1509": [6, 2], "car_1508": [5, 3], "car_3439": [2, 7], "car_1189": [3, 6], "car_1188": [0, 4], "car_1187": [9, 7], "car_1186": [5, 0], "car_1185": [1, 4], "car_1184": [11, 7], "car_1183": [3, 6], "car_1182": [6, 2], "car_1181": [5, 2], "car_1180": [10, 5], "car_2182": [5, 1], "car_2183": [0, 2], "car_2180": [1, 5], "car_2181": [4, 6], "car_2186": [10, 2], "car_2187": [2, 0], "car_2184": [11, 7], "car_2185": [7, 2], "car_3438": [10, 5], "car_2188": [5, 4], "car_2189": [6, 1], "car_949": [4, 0], "car_948": [11, 7], "car_2742": [10, 4], "car_2743": [5, 0], "car_2744": [6, 2], "car_2745": [0, 5], "car_2746": [8, 0], "car_2747": [11, 0], "car_941": [10, 3], "car_940": [7, 6], "car_943": [6, 3], "car_942": [2, 7], "car_945": [0, 3], "car_944": [9, 0], "car_947": [8, 5], "car_946": [3, 0], "car_1437": [0, 1], "car_1436": [2, 0], "car_1435": [10, 5], "car_1434": [7, 2], "car_1433": [8, 6], "car_1432": [6, 4], "car_1431": [5, 3], "car_1430": [2, 4], "car_1439": [5, 0], "car_1438": [4, 7], "car_3501": [1, 0], "car_2238": [3, 4], "car_2823": [5, 7], "car_493": [7, 5], "car_492": [4, 0], "car_491": [1, 6], "car_490": [8, 0], "car_497": [8, 5], "car_496": [9, 3], "car_495": [5, 1], "car_494": [10, 0], "car_3347": [11, 7], "car_3346": [3, 6], "car_499": [5, 4], "car_498": [1, 2], "car_3343": [5, 3], "car_3342": [2, 7], "car_3341": [7, 3], "car_3340": [4, 2], "car_2296": [10, 4], "car_2297": [2, 3], "car_2294": [1, 0], "car_2239": [8, 7], "car_2292": [6, 7], "car_2293": [3, 2], "car_2290": [4, 7], "car_2291": [2, 1], "car_3585": [9, 1], "car_1918": [11, 4], "car_3587": [8, 1], "car_3586": [0, 5], "car_2568": [3, 5], "car_2569": [8, 3], "car_2298": [4, 5], "car_1919": [1, 6], "car_1729": [6, 0], "car_1728": [2, 3], "car_1723": [6, 5], "car_1722": [7, 5], "car_1721": [1, 4], "car_1720": [11, 0], "car_1727": [10, 1], "car_1726": [4, 3], "car_1725": [8, 2], "car_1724": [3, 2], "car_43": [10, 4], "car_42": [7, 6], "car_41": [1, 6], "car_40": [3, 6], "car_47": [8, 4], "car_46": [0, 1], "car_45": [5, 0], "car_44": [2, 6], "car_49": [0, 5], "car_48": [9, 1], "car_1916": [0, 3], "car_3365": [6, 1], "car_1917": [3, 5], "car_3364": [5, 6], "car_3375": [10, 1], "car_3367": [1, 3], "car_1858": [3, 5], "car_831": [4, 0], "car_830": [11, 4], "car_833": [2, 1], "car_832": [10, 2], "car_835": [6, 2], "car_834": [5, 7], "car_837": [0, 1], "car_836": [9, 6], "car_839": [8, 1], "car_838": [3, 0], "car_2360": [4, 7], "car_2361": [10, 1], "car_2366": [3, 0], "car_2367": [11, 3], "car_2364": [1, 5], "car_2365": [0, 1], "car_2168": [3, 6], "car_2169": [8, 2], "car_3509": [5, 4], "car_2160": [2, 7], "car_2161": [0, 2], "car_2162": [3, 7], "car_2163": [11, 5], "car_2164": [1, 5], "car_2165": [2, 7], "car_2166": [9, 3], "car_2167": [0, 3], "car_2810": [6, 1], "car_2811": [9, 5], "car_2812": [0, 2], "car_2813": [3, 4], "car_1941": [10, 6], "car_2814": [11, 1], "car_3055": [3, 6], "car_2815": [4, 0], "car_2544": [5, 4], "car_3235": [5, 3], "car_2817": [5, 6], "car_3167": [2, 4], "car_3166": [7, 1], "car_3165": [11, 1], "car_3164": [8, 1], "car_3163": [3, 2], "car_3162": [0, 1], "car_3161": [9, 6], "car_3160": [10, 4], "car_2463": [6, 2], "car_3169": [9, 2], "car_3168": [6, 0], "car_2462": [7, 2], "car_3309": [8, 3], "car_3565": [8, 5], "car_710": [7, 3], "car_711": [10, 3], "car_712": [8, 1], "car_713": [1, 2], "car_714": [7, 6], "car_715": [2, 1], "car_716": [5, 0], "car_717": [6, 3], "car_718": [9, 6], "car_719": [7, 3], "car_1892": [7, 6], "car_3019": [0, 4], "car_3018": [9, 4], "car_3028": [11, 7], "car_3013": [8, 4], "car_3012": [6, 7], "car_3011": [5, 7], "car_3010": [7, 2], "car_3017": [6, 7], "car_3016": [2, 5], "car_3015": [7, 5], "car_2987": [3, 6], "car_3508": [4, 6], "car_3421": [6, 5], "car_1894": [5, 2], "car_2895": [2, 3], "car_3368": [4, 3], "car_138": [10, 6], "car_139": [5, 3], "car_130": [0, 1], "car_131": [4, 7], "car_132": [2, 0], "car_133": [6, 2], "car_134": [9, 2], "car_135": [0, 2], "car_136": [1, 2], "car_137": [4, 3], "car_1222": [4, 5], "car_1223": [7, 5], "car_1220": [11, 2], "car_1221": [1, 0], "car_1226": [5, 6], "car_1227": [3, 2], "car_1224": [10, 5], "car_1225": [2, 5], "car_1886": [5, 0], "car_1887": [6, 2], "car_1228": [1, 2], "car_1229": [7, 0], "car_1882": [8, 0], "car_1883": [11, 3], "car_1880": [5, 1], "car_1881": [0, 6], "car_2621": [7, 3], "car_3625": [11, 2], "car_224": [10, 5], "car_225": [5, 0], "car_226": [1, 5], "car_227": [7, 2], "car_220": [0, 6], "car_221": [8, 1], "car_222": [1, 4], "car_223": [7, 4], "car_228": [5, 3], "car_229": [0, 1], "car_1086": [0, 4], "car_1087": [8, 0], "car_1084": [6, 5], "car_1085": [9, 7], "car_1082": [10, 2], "car_1083": [5, 6], "car_1080": [8, 4], "car_1081": [4, 7], "car_2627": [9, 3], "car_2626": [7, 5], "car_2625": [4, 2], "car_2624": [11, 1], "car_2623": [8, 1], "car_2622": [0, 7], "car_1088": [11, 0], "car_1089": [1, 6], "car_1536": [4, 3], "car_1537": [7, 5], "car_1534": [8, 4], "car_1535": [11, 1], "car_1532": [0, 6], "car_1533": [3, 0], "car_1530": [6, 7], "car_1531": [9, 1], "car_1538": [10, 4], "car_1539": [5, 2], "car_3512": [11, 6], "car_956": [7, 2], "car_957": [5, 3], "car_954": [1, 6], "car_955": [4, 6], "car_952": [3, 2], "car_953": [8, 5], "car_950": [7, 3], "car_951": [10, 7], "car_1827": [8, 0], "car_2199": [6, 1], "car_2198": [5, 6], "car_958": [9, 2], "car_959": [8, 7], "car_1158": [6, 7], "car_1159": [9, 4], "car_1408": [0, 6], "car_1409": [1, 5], "car_2757": [6, 4], "car_2756": [7, 2], "car_2755": [4, 2], "car_1829": [2, 7], "car_1150": [8, 2], "car_1151": [11, 1], "car_1152": [2, 0], "car_1153": [5, 0], "car_1154": [0, 6], "car_1155": [3, 1], "car_1156": [1, 5], "car_1157": [5, 0], "car_2532": [7, 6], "car_2380": [4, 5], "car_3510": [9, 2], "car_2764": [9, 2], "car_2381": [2, 6], "car_2382": [5, 0], "car_2383": [0, 2], "car_1826": [3, 2], "car_3314": [5, 7], "car_3315": [6, 5], "car_480": [8, 5], "car_481": [11, 2], "car_482": [1, 4], "car_483": [4, 1], "car_484": [7, 0], "car_485": [10, 7], "car_486": [2, 0], "car_487": [6, 0], "car_488": [0, 2], "car_489": [3, 2], "car_2283": [10, 5], "car_2282": [4, 1], "car_2285": [5, 4], "car_2284": [2, 7], "car_2287": [9, 6], "car_2286": [6, 7], "car_2577": [11, 2], "car_853": [0, 6], "car_2575": [0, 7], "car_2574": [9, 3], "car_2573": [2, 0], "car_2572": [7, 5], "car_2571": [4, 2], "car_852": [9, 7], "car_3578": [4, 2], "car_3579": [2, 5], "car_851": [5, 4], "car_2579": [7, 2], "car_2578": [4, 5], "car_582": [4, 0], "car_1718": [3, 7], "car_1719": [8, 5], "car_1716": [9, 7], "car_857": [9, 6], "car_1714": [2, 7], "car_1715": [6, 1], "car_1712": [1, 7], "car_1713": [4, 2], "car_1710": [3, 4], "car_856": [6, 0], "car_2982": [10, 2], "car_1828": [4, 6], "car_855": [5, 1], "car_2983": [2, 1], "car_854": [7, 1], "car_2980": [8, 0], "car_2981": [1, 0], "car_2739": [0, 5], "car_2738": [4, 0], "car_3494": [6, 0], "car_2379": [0, 7], "car_2378": [9, 4], "car_828": [5, 6], "car_829": [8, 1], "car_826": [4, 1], "car_827": [2, 6], "car_824": [11, 5], "car_825": [1, 6], "car_822": [0, 4], "car_823": [8, 7], "car_820": [5, 4], "car_821": [9, 5], "car_3484": [0, 5], "car_3485": [3, 6], "car_2179": [3, 2], "car_2178": [0, 4], "car_3480": [8, 6], "car_3481": [11, 0], "car_3482": [2, 6], "car_3483": [5, 1], "car_2173": [9, 1], "car_2172": [6, 0], "car_2171": [10, 7], "car_2170": [11, 0], "car_2177": [2, 5], "car_2176": [10, 7], "car_2175": [11, 1], "car_2174": [0, 4], "car_3238": [8, 7], "car_2535": [3, 1], "car_3349": [10, 6], "car_3218": [5, 3], "car_3628": [5, 2], "car_3629": [9, 6], "car_3158": [1, 2], "car_3159": [7, 3], "car_2534": [0, 4], "car_3499": [6, 5], "car_3152": [2, 5], "car_3153": [5, 0], "car_3150": [1, 0], "car_3151": [7, 0], "car_3156": [0, 5], "car_3157": [3, 4], "car_3154": [6, 4], "car_3155": [9, 6], "car_3398": [6, 5], "car_3399": [1, 5], "car_3390": [6, 1], "car_3391": [3, 5], "car_3392": [8, 1], "car_3393": [10, 7], "car_3394": [2, 1], "car_3395": [3, 2], "car_3396": [2, 1], "car_3397": [5, 7], "car_3389": [10, 7], "car_729": [6, 0], "car_728": [2, 0], "car_725": [1, 5], "car_724": [3, 1], "car_727": [7, 0], "car_726": [4, 6], "car_721": [5, 1], "car_720": [10, 6], "car_723": [9, 5], "car_722": [6, 5], "car_2708": [1, 2], "car_3029": [1, 0], "car_3026": [3, 0], "car_3027": [8, 4], "car_3024": [9, 1], "car_3025": [0, 7], "car_3022": [11, 7], "car_3023": [7, 2], "car_3020": [3, 6], "car_3021": [8, 5], "car_3519": [4, 3], "car_2620": [8, 4], "car_3275": [4, 6], "car_1795": [5, 3], "car_3274": [11, 5], "car_1792": [1, 6], "car_3226": [8, 1], "car_1793": [4, 6], "car_2440": [11, 0], "car_105": [6, 7], "car_104": [2, 6], "car_107": [8, 4], "car_106": [0, 3], "car_101": [1, 0], "car_100": [11, 4], "car_103": [10, 4], "car_102": [7, 5], "car_1888": [9, 6], "car_109": [1, 0], "car_108": [11, 7], "car_1791": [11, 0], "car_1235": [8, 4], "car_1234": [9, 7], "car_1237": [4, 7], "car_1236": [1, 2], "car_1231": [1, 4], "car_1230": [0, 7], "car_1233": [7, 2], "car_1232": [4, 3], "car_1899": [2, 1], "car_1898": [10, 1], "car_1239": [8, 4], "car_1238": [9, 6], "car_3633": [2, 7], "car_3511": [0, 3], "car_3632": [4, 1], "car_3609": [11, 7], "car_3516": [6, 3], "car_3631": [8, 5], "car_3517": [9, 5], "car_3630": [0, 3], "car_3514": [7, 0], "car_3141": [9, 0], "car_3515": [10, 1], "car_3636": [9, 2], "car_211": [9, 3], "car_210": [6, 4], "car_213": [3, 1], "car_212": [0, 4], "car_215": [11, 6], "car_214": [8, 7], "car_217": [7, 3], "car_216": [1, 2], "car_219": [6, 2], "car_218": [10, 2], "car_3634": [5, 4], "car_3518": [0, 4], "car_2676": [8, 5], "car_1529": [5, 7], "car_1528": [2, 3], "car_2610": [6, 1], "car_2611": [9, 6], "car_2616": [2, 3], "car_2617": [5, 3], "car_2614": [4, 1], "car_2615": [7, 6], "car_1521": [5, 2], "car_1520": [2, 7], "car_1523": [9, 1], "car_1522": [6, 0], "car_1525": [11, 3], "car_1524": [8, 0], "car_1527": [7, 1], "car_1526": [4, 0], "car_3227": [11, 1], "car_2849": [8, 6], "car_2700": [8, 4], "car_2848": [0, 6], "car_2740": [4, 6], "car_3222": [4, 6], "car_2741": [7, 4], "car_3223": [2, 7], "car_2313": [0, 3], "car_2701": [11, 5], "car_2312": [6, 4], "car_2311": [10, 5], "car_923": [3, 7], "car_922": [6, 3], "car_921": [5, 0], "car_920": [2, 5], "car_927": [3, 0], "car_926": [10, 3], "car_925": [11, 0], "car_924": [8, 2], "car_2317": [6, 3], "car_929": [7, 6], "car_928": [4, 5], "car_2316": [2, 3], "car_2766": [3, 1], "car_2748": [1, 2], "car_1149": [3, 6], "car_1148": [0, 3], "car_1419": [11, 4], "car_1418": [8, 0], "car_2760": [3, 2], "car_2749": [7, 5], "car_1143": [8, 0], "car_1142": [3, 0], "car_1141": [9, 5], "car_1140": [10, 5], "car_1147": [9, 7], "car_1146": [7, 1], "car_1145": [4, 1], "car_1144": [1, 3], "car_1099": [5, 6], "car_1098": [7, 2], "car_3385": [0, 4], "car_1091": [7, 2], "car_1090": [4, 3], "car_1093": [2, 7], "car_1092": [10, 1], "car_1095": [9, 2], "car_1094": [5, 1], "car_1097": [8, 5], "car_1096": [0, 2], "car_2818": [8, 0], "car_2819": [1, 5], "car_2548": [10, 1], "car_2549": [2, 6], "car_3361": [11, 7], "car_3360": [8, 5], "car_3363": [10, 3], "car_3362": [7, 4], "car_2542": [4, 1], "car_2543": [10, 2], "car_2540": [6, 3], "car_2541": [0, 1], "car_2546": [9, 7], "car_2547": [1, 5], "car_2521": [1, 2], "car_2545": [6, 0], "car_3563": [10, 4], "car_3562": [7, 2], "car_3561": [4, 6], "car_3384": [6, 3], "car_3567": [0, 5], "car_3566": [7, 6], "car_3468": [4, 7], "car_3564": [2, 0], "car_3569": [11, 1], "car_3568": [3, 0], "car_1701": [6, 2], "car_1700": [10, 6], "car_1703": [8, 7], "car_1702": [0, 6], "car_1705": [7, 1], "car_1704": [1, 7], "car_1707": [2, 6], "car_1706": [10, 1], "car_1709": [0, 5], "car_1708": [6, 7], "car_2522": [7, 2], "car_2523": [10, 6], "car_589": [11, 0], "car_588": [8, 1], "car_859": [11, 0], "car_858": [3, 4], "car_2384": [3, 2], "car_2385": [11, 1], "car_1695": [2, 0], "car_2387": [7, 6], "car_581": [3, 1], "car_580": [0, 5], "car_583": [10, 7], "car_850": [2, 7], "car_585": [5, 4], "car_584": [2, 6], "car_587": [3, 0], "car_586": [6, 4], "car_3497": [7, 6], "car_3496": [4, 6], "car_3495": [3, 2], "car_2002": [7, 4], "car_3493": [2, 6], "car_3492": [10, 3], "car_2148": [3, 7], "car_2149": [1, 2], "car_2146": [5, 4], "car_2147": [9, 4], "car_2144": [4, 5], "car_2145": [10, 2], "car_2142": [6, 0], "car_2143": [3, 1], "car_2140": [10, 5], "car_2141": [2, 6], "car_3529": [10, 1], "car_2985": [9, 6], "car_3149": [8, 0], "car_3148": [9, 7], "car_3145": [7, 4], "car_3144": [4, 7], "car_3147": [5, 3], "car_3146": [2, 4], "car_2779": [2, 5], "car_3140": [6, 1], "car_3143": [8, 7], "car_3142": [0, 3], "car_457": [3, 7], "car_456": [0, 5], "car_455": [9, 3], "car_454": [5, 1], "car_453": [7, 5], "car_452": [4, 0], "car_451": [1, 4], "car_450": [3, 7], "car_3383": [10, 2], "car_3382": [0, 2], "car_3381": [2, 4], "car_1878": [7, 5], "car_3387": [4, 1], "car_3386": [11, 0], "car_459": [1, 4], "car_458": [8, 6], "car_1877": [1, 5], "car_1876": [8, 0], "car_2778": [1, 7], "car_2993": [8, 6], "car_1875": [3, 0], "car_1874": [0, 2], "car_1873": [2, 6], "car_1872": [4, 6], "car_738": [1, 7], "car_739": [7, 0], "car_1871": [11, 4], "car_733": [7, 0], "car_732": [11, 4], "car_32": [3, 6], "car_730": [9, 1], "car_731": [0, 1], "car_736": [9, 1], "car_737": [11, 1], "car_734": [2, 0], "car_735": [6, 4], "car_3031": [2, 3], "car_1976": [4, 6], "car_3033": [1, 4], "car_3032": [5, 2], "car_3035": [7, 4], "car_3034": [4, 7], "car_3037": [6, 0], "car_1977": [10, 3], "car_3039": [1, 4], "car_3038": [11, 5], "car_3348": [4, 5], "car_1698": [1, 7], "car_3345": [0, 6], "car_3344": [6, 3], "car_3030": [7, 2], "car_3635": [6, 2], "car_38": [9, 4], "car_39": [0, 3], "car_2564": [2, 7], "car_2565": [5, 0], "car_3036": [5, 6], "car_2566": [6, 4], "car_2295": [7, 4], "car_1978": [2, 3], "car_2560": [7, 4], "car_1979": [5, 0], "car_3523": [9, 4], "car_2561": [6, 4], "car_2562": [11, 3], "car_2563": [10, 5], "car_2443": [10, 4], "car_2442": [4, 3], "car_3522": [6, 5], "car_3351": [6, 7], "car_2441": [1, 5], "car_112": [5, 6], "car_113": [9, 2], "car_110": [7, 1], "car_111": [2, 3], "car_116": [1, 7], "car_117": [4, 6], "car_114": [8, 5], "car_115": [11, 5], "car_2447": [3, 1], "car_118": [7, 4], "car_119": [3, 4], "car_2446": [0, 6], "car_2445": [6, 2], "car_3521": [5, 1], "car_2299": [7, 1], "car_2533": [5, 2], "car_2453": [0, 3], "car_3408": [7, 0], "car_2454": [3, 6], "car_3409": [2, 3], "car_1950": [5, 7], "car_1951": [9, 2], "car_1952": [0, 7], "car_1953": [11, 1], "car_1954": [1, 7], "car_1955": [7, 1], "car_208": [10, 4], "car_209": [2, 4], "car_206": [4, 7], "car_207": [7, 0], "car_204": [11, 0], "car_205": [1, 6], "car_202": [6, 5], "car_203": [0, 7], "car_200": [2, 6], "car_201": [5, 4], "car_2605": [9, 0], "car_2604": [6, 4], "car_2607": [7, 5], "car_2606": [0, 2], "car_1558": [4, 3], "car_1559": [6, 3], "car_2603": [5, 1], "car_2602": [2, 5], "car_1554": [9, 1], "car_1555": [0, 6], "car_1556": [3, 6], "car_1557": [11, 0], "car_1550": [1, 2], "car_1551": [4, 0], "car_1552": [10, 1], "car_1553": [2, 5], "car_1398": [9, 5], "car_1399": [8, 4], "car_1392": [2, 6], "car_1393": [6, 4], "car_1390": [11, 6], "car_1391": [1, 3], "car_1396": [4, 1], "car_1397": [6, 3], "car_1394": [3, 7], "car_1395": [8, 1], "car_2598": [3, 2], "car_3544": [11, 2], "car_3404": [3, 1], "car_930": [10, 3], "car_931": [2, 1], "car_932": [9, 4], "car_933": [8, 7], "car_934": [11, 6], "car_935": [1, 2], "car_936": [2, 3], "car_937": [6, 2], "car_938": [8, 1], "car_939": [4, 1], "car_2773": [3, 1], "car_2772": [0, 4], "car_2775": [6, 3], "car_2774": [5, 2], "car_2777": [8, 7], "car_2776": [3, 6], "car_6": [0, 4], "car_7": [1, 0], "car_4": [5, 7], "car_5": [6, 4], "car_2": [1, 7], "car_3": [10, 1], "car_1178": [3, 7], "car_1": [11, 2], "car_1176": [5, 1], "car_1177": [6, 5], "car_1174": [7, 6], "car_1175": [10, 4], "car_1172": [11, 4], "car_1173": [4, 0], "car_8": [4, 0], "car_9": [7, 0], "car_3513": [1, 6], "car_2809": [5, 2], "car_2808": [2, 6], "car_2559": [4, 1], "car_2558": [11, 4], "car_2555": [2, 0], "car_2554": [10, 4], "car_2557": [3, 4], "car_2556": [6, 0], "car_2551": [3, 0], "car_2550": [9, 1], "car_2553": [4, 3], "car_2552": [1, 4], "car_3556": [4, 1], "car_3557": [7, 3], "car_3554": [6, 0], "car_3555": [8, 5], "car_3552": [1, 4], "car_3553": [7, 1], "car_3550": [6, 4], "car_3551": [3, 0], "car_3558": [10, 0], "car_3559": [9, 2], "car_1774": [6, 7], "car_1775": [9, 2], "car_1776": [8, 0], "car_1777": [7, 2], "car_1770": [7, 6], "car_1771": [10, 1], "car_1772": [2, 7], "car_1773": [5, 6], "car_1778": [2, 5], "car_1779": [5, 4], "car_98": [9, 5], "car_99": [3, 7], "car_90": [6, 1], "car_91": [9, 6], "car_92": [3, 7], "car_93": [8, 3], "car_94": [11, 1], "car_95": [4, 2], "car_96": [2, 1], "car_97": [5, 6], "car_596": [7, 5], "car_597": [10, 6], "car_594": [3, 7], "car_595": [8, 7], "car_592": [8, 3], "car_593": [7, 0], "car_590": [7, 4], "car_591": [3, 1], "car_3500": [0, 4], "car_598": [5, 1], "car_599": [9, 5], "car_848": [4, 7], "car_849": [10, 4], "car_2391": [3, 1], "car_2390": [0, 6], "car_2397": [7, 5], "car_2396": [1, 6], "car_2395": [0, 6], "car_2394": [5, 7], "car_840": [1, 4], "car_841": [4, 2], "car_842": [10, 0], "car_843": [5, 4], "car_844": [6, 1], "car_845": [0, 1], "car_846": [8, 3], "car_847": [1, 5], "car_1608": [3, 4], "car_1609": [8, 1], "car_2153": [6, 1], "car_2152": [5, 1], "car_2155": [0, 3], "car_2154": [9, 1], "car_2157": [1, 3], "car_2156": [3, 6], "car_1600": [8, 4], "car_1601": [1, 0], "car_1602": [7, 2], "car_1603": [10, 4], "car_1604": [2, 7], "car_1605": [6, 7], "car_1606": [9, 2], "car_1607": [0, 4], "car_2369": [10, 5], "car_3538": [3, 7], "car_3620": [7, 1], "car_2362": [6, 7], "car_3608": [0, 1], "car_2363": [8, 7], "car_3606": [2, 1], "car_3607": [6, 0], "car_3604": [4, 2], "car_3605": [10, 6], "car_3602": [11, 3], "car_3603": [1, 3], "car_3600": [3, 0], "car_3601": [8, 2], "car_444": [11, 3], "car_445": [7, 3], "car_446": [10, 2], "car_447": [5, 7], "car_440": [2, 0], "car_441": [5, 0], "car_442": [6, 5], "car_443": [3, 5], "car_448": [6, 3], "car_449": [0, 2], "car_2717": [5, 2], "car_2716": [10, 5], "car_3210": [7, 2], "car_2715": [7, 3], "car_2201": [3, 5], "car_2714": [4, 1], "car_2200": [0, 2], "car_2713": [1, 7], "car_2712": [11, 1], "car_2711": [3, 6], "car_2710": [5, 1], "car_3405": [8, 2], "car_3044": [3, 6], "car_3045": [8, 7], "car_3046": [1, 3], "car_3047": [5, 7], "car_3040": [10, 4], "car_3041": [2, 6], "car_3042": [5, 4], "car_3043": [9, 0], "car_3623": [9, 7], "car_3048": [6, 4], "car_3049": [9, 7], "car_2209": [4, 0], "car_3534": [1, 5], "car_2208": [11, 1], "car_3599": [6, 3], "car_3535": [4, 5], "car_2324": [0, 3], "car_695": [9, 3], "car_694": [5, 1], "car_697": [11, 3], "car_696": [0, 3], "car_691": [11, 6], "car_690": [0, 2], "car_693": [2, 1], "car_692": [7, 2], "car_699": [7, 5], "car_698": [4, 5], "car_3479": [9, 7], "car_3478": [6, 4], "car_2399": [9, 3], "car_3571": [10, 3], "car_1943": [9, 2], "car_1942": [2, 1], "car_279": [1, 5], "car_278": [11, 1], "car_1947": [4, 2], "car_1946": [11, 2], "car_1945": [3, 1], "car_1944": [0, 6], "car_273": [8, 6], "car_272": [0, 5], "car_271": [9, 2], "car_270": [6, 4], "car_277": [5, 0], "car_276": [2, 1], "car_275": [10, 6], "car_274": [4, 3], "car_2946": [6, 0], "car_1925": [8, 6], "car_2944": [4, 5], "car_2945": [2, 0], "car_2942": [8, 1], "car_2943": [1, 5], "car_1549": [8, 2], "car_1548": [3, 4], "car_1547": [0, 5], "car_1546": [5, 6], "car_1545": [2, 7], "car_1544": [10, 0], "car_1543": [7, 4], "car_1542": [4, 2], "car_1541": [3, 7], "car_1540": [0, 5], "car_1389": [8, 7], "car_1388": [9, 4], "car_1385": [10, 5], "car_1384": [4, 7], "car_1387": [6, 3], "car_1386": [5, 1], "car_1381": [9, 2], "car_1380": [6, 1], "car_1383": [8, 6], "car_1382": [0, 4], "car_307": [3, 0], "car_306": [9, 1], "car_305": [5, 4], "car_304": [2, 7], "car_303": [10, 4], "car_302": [7, 5], "car_301": [1, 6], "car_300": [11, 2], "car_804": [0, 7], "car_309": [7, 1], "car_308": [11, 3], "car_3435": [11, 1], "car_909": [4, 3], "car_908": [11, 0], "car_3434": [3, 0], "car_905": [0, 6], "car_904": [9, 6], "car_907": [8, 2], "car_906": [3, 0], "car_901": [7, 3], "car_900": [4, 7], "car_903": [5, 3], "car_902": [10, 6], "car_1161": [11, 6], "car_1160": [8, 0], "car_1163": [6, 2], "car_1162": [10, 4], "car_1165": [11, 1], "car_1164": [8, 7], "car_1167": [10, 0], "car_1166": [1, 6], "car_1169": [6, 7], "car_1168": [5, 3], "car_3539": [1, 5], "car_2432": [3, 0], "car_2433": [4, 6], "car_2430": [6, 4], "car_3549": [2, 0], "car_3548": [10, 0], "car_2322": [6, 2], "car_2431": [9, 4], "car_2838": [11, 7], "car_2839": [4, 5], "car_2836": [9, 7], "car_2436": [9, 3], "car_2834": [10, 6], "car_2835": [2, 0], "car_2832": [8, 6], "car_2833": [7, 0], "car_2830": [5, 1], "car_2437": [0, 1], "car_2010": [2, 4], "car_2011": [5, 4], "car_2012": [6, 1], "car_2013": [0, 3], "car_2014": [3, 0], "car_2015": [8, 4], "car_2016": [11, 7], "car_2017": [1, 7], "car_2018": [7, 6], "car_2019": [10, 0], "car_2435": [5, 6], "car_87": [2, 0], "car_86": [7, 1], "car_85": [4, 3], "car_84": [11, 0], "car_83": [8, 7], "car_82": [0, 2], "car_81": [9, 7], "car_80": [6, 0], "car_3249": [2, 4], "car_2001": [4, 2], "car_89": [1, 6], "car_88": [11, 5], "car_2000": [1, 5], "car_2498": [9, 3], "car_2499": [3, 0], "car_2494": [7, 6], "car_2495": [10, 1], "car_2496": [5, 2], "car_2497": [6, 5], "car_2490": [9, 4], "car_2491": [8, 4], "car_2492": [11, 1], "car_2493": [1, 0], "car_875": [9, 4], "car_874": [5, 4], "car_877": [3, 0], "car_876": [0, 2], "car_871": [4, 6], "car_870": [1, 5], "car_873": [10, 5], "car_872": [7, 2], "car_3228": [2, 3], "car_3242": [2, 5], "car_1694": [1, 4], "car_879": [7, 4], "car_878": [4, 2], "car_3243": [6, 7], "car_1752": [10, 6], "car_1753": [2, 4], "car_1699": [4, 3], "car_2124": [0, 6], "car_2125": [8, 2], "car_1619": [4, 7], "car_1618": [9, 6], "car_2120": [2, 1], "car_2121": [5, 6], "car_2122": [6, 1], "car_2123": [9, 0], "car_1613": [10, 7], "car_1612": [7, 3], "car_1611": [1, 2], "car_1610": [11, 7], "car_1617": [2, 1], "car_1616": [3, 6], "car_1615": [9, 4], "car_1614": [5, 2], "car_1754": [6, 7], "car_1755": [3, 7], "car_2767": [8, 7], "car_3611": [7, 2], "car_3610": [4, 1], "car_3613": [5, 1], "car_3612": [2, 7], "car_3615": [3, 1], "car_3614": [6, 3], "car_3617": [6, 5], "car_3616": [1, 0], "car_2323": [9, 0], "car_3618": [0, 1], "car_471": [2, 0], "car_470": [10, 4], "car_473": [0, 3], "car_472": [5, 2], "car_475": [7, 0], "car_474": [3, 0], "car_477": [9, 2], "car_476": [10, 7], "car_479": [3, 5], "car_478": [0, 7], "car_2232": [5, 4], "car_2233": [9, 1], "car_2234": [3, 6], "car_2235": [4, 5], "car_2236": [7, 2], "car_2237": [9, 7], "car_2769": [1, 4], "car_2765": [0, 3], "car_2038": [10, 7], "car_2709": [4, 7], "car_3229": [5, 0], "car_3057": [10, 5], "car_3056": [4, 1], "car_2762": [4, 2], "car_3054": [2, 5], "car_3053": [4, 3], "car_3052": [11, 4], "car_3051": [3, 2], "car_3050": [0, 5], "car_3059": [5, 0], "car_3058": [2, 3], "car_3303": [4, 6], "car_2039": [6, 1], "car_2763": [10, 5], "car_1819": [7, 6], "car_1818": [4, 6], "car_2386": [4, 7], "car_682": [9, 7], "car_683": [0, 3], "car_680": [2, 5], "car_681": [6, 0], "car_686": [2, 5], "car_687": [5, 3], "car_684": [3, 2], "car_685": [1, 2], "car_688": [6, 4], "car_689": [9, 5], "car_2481": [2, 6], "car_2761": [8, 3], "car_3540": [4, 2], "car_3282": [2, 6], "car_3283": [5, 1], "car_1815": [3, 0], "car_3280": [3, 7], "car_1814": [0, 5], "car_3621": [10, 4], "car_3281": [8, 4], "car_3286": [10, 3], "car_3543": [8, 7], "car_2388": [10, 7], "car_3287": [0, 7], "car_3284": [6, 3], "car_3285": [3, 1], "car_3542": [3, 2], "car_2389": [2, 1], "car_3288": [11, 1], "car_3289": [1, 3], "car_1670": [0, 1], "car_1956": [10, 1], "car_3302": [1, 4], "car_1957": [5, 6], "car_3324": [6, 4], "car_1958": [6, 1], "car_1959": [0, 2], "car_3545": [1, 6], "car_2003": [10, 1], "car_268": [4, 0], "car_269": [10, 7], "car_1974": [11, 2], "car_1975": [1, 2], "car_1972": [3, 1], "car_1973": [8, 6], "car_1970": [9, 2], "car_1971": [0, 2], "car_260": [4, 6], "car_261": [7, 2], "car_262": [10, 7], "car_263": [2, 0], "car_264": [6, 0], "car_265": [9, 0], "car_266": [0, 7], "car_267": [3, 0], "car_1572": [6, 7], "car_1573": [9, 3], "car_1570": [10, 2], "car_1571": [5, 3], "car_1576": [1, 2], "car_1577": [4, 3], "car_1574": [0, 7], "car_1575": [3, 5], "car_1578": [2, 6], "car_1579": [9, 0], "car_2971": [4, 6], "car_1370": [5, 7], "car_1371": [6, 7], "car_1372": [9, 5], "car_1373": [0, 5], "car_1374": [3, 5], "car_1375": [8, 7], "car_1376": [11, 3], "car_1377": [7, 5], "car_1378": [2, 6], "car_1379": [5, 2], "car_3014": [1, 3], "car_3254": [1, 2], "car_2600": [11, 4], "car_2975": [7, 4], "car_2974": [4, 6], "car_314": [7, 5], "car_315": [5, 3], "car_316": [0, 2], "car_317": [1, 6], "car_310": [5, 2], "car_311": [9, 0], "car_312": [3, 2], "car_313": [4, 6], "car_318": [4, 1], "car_319": [2, 7], "car_918": [7, 4], "car_919": [10, 5], "car_2719": [8, 0], "car_2718": [9, 6], "car_912": [6, 1], "car_913": [0, 4], "car_910": [10, 5], "car_911": [2, 5], "car_916": [2, 1], "car_917": [8, 0], "car_914": [3, 6], "car_915": [10, 0], "car_1114": [0, 4], "car_1115": [8, 2], "car_1116": [11, 0], "car_1117": [5, 7], "car_1110": [3, 5], "car_1111": [4, 0], "car_1112": [5, 4], "car_1113": [9, 2], "car_1118": [6, 0], "car_1119": [9, 7], "car_1284": [9, 6], "car_1285": [0, 3], "car_1286": [3, 7], "car_1287": [8, 4], "car_1280": [10, 2], "car_1281": [2, 5], "car_1282": [5, 7], "car_1283": [6, 5], "car_3458": [1, 7], "car_2130": [0, 5], "car_1288": [11, 5], "car_1289": [2, 4], "car_2959": [5, 4], "car_2958": [10, 3], "car_2951": [5, 0], "car_2950": [2, 7], "car_2953": [3, 5], "car_2952": [6, 5], "car_2955": [1, 0], "car_2954": [8, 5], "car_2957": [7, 6], "car_2956": [4, 0], "car_2821": [7, 3], "car_2820": [4, 7], "car_1744": [7, 5], "car_2822": [2, 1], "car_2825": [8, 1], "car_2824": [3, 1], "car_2827": [1, 6], "car_2826": [11, 7], "car_2829": [7, 1], "car_2828": [4, 0], "car_3536": [10, 5], "car_3537": [2, 6], "car_3530": [2, 0], "car_3531": [5, 3], "car_3532": [8, 5], "car_3533": [11, 1], "car_1028": [2, 1], "car_1029": [9, 3], "car_1758": [1, 3], "car_1759": [10, 1], "car_2007": [11, 5], "car_2006": [0, 1], "car_2005": [6, 3], "car_2004": [5, 4], "car_1020": [1, 4], "car_1021": [7, 1], "car_1022": [2, 3], "car_1023": [9, 4], "car_1024": [0, 2], "car_1025": [3, 0], "car_1026": [4, 2], "car_1027": [7, 0], "car_1598": [2, 4], "car_1599": [9, 3], "car_1590": [7, 4], "car_1591": [6, 0], "car_1592": [9, 1], "car_1593": [0, 2], "car_1594": [8, 6], "car_1595": [1, 6], "car_1596": [7, 6], "car_1597": [10, 3], "car_2489": [2, 7], "car_2488": [7, 1], "car_2487": [4, 2], "car_2486": [1, 0], "car_2485": [3, 1], "car_2484": [0, 5], "car_2483": [6, 4], "car_2482": [5, 1], "car_1746": [5, 7], "car_2480": [10, 5], "car_862": [8, 1], "car_863": [11, 1], "car_860": [9, 5], "car_861": [0, 4], "car_866": [10, 2], "car_867": [2, 5], "car_864": [1, 7], "car_865": [7, 0], "car_868": [0, 5], "car_869": [8, 1], "car_3440": [0, 6], "car_3441": [8, 3], "car_3442": [7, 5], "car_3443": [2, 6], "car_3444": [5, 3], "car_3445": [6, 0], "car_3446": [3, 4], "car_3447": [11, 7], "car_3448": [4, 5], "car_3449": [9, 1], "car_1741": [11, 1], "car_2137": [9, 1], "car_2136": [6, 5], "car_2135": [5, 7], "car_2134": [2, 5], "car_2133": [4, 5], "car_2132": [1, 5], "car_1628": [4, 3], "car_1629": [7, 4], "car_1626": [0, 2], "car_1627": [11, 2], "car_1624": [8, 4], "car_1625": [6, 0], "car_1622": [0, 7], "car_1623": [3, 7], "car_1620": [7, 1], "car_1621": [10, 1], "car_1740": [2, 0]}