{"car_3253": [11, 1], "car_2009": [10, 1], "car_3196": [6, 3], "car_3197": [9, 0], "car_3194": [2, 6], "car_3195": [5, 2], "car_3192": [1, 5], "car_3193": [4, 5], "car_3190": [0, 7], "car_3191": [11, 1], "car_3198": [0, 7], "car_3199": [11, 0], "car_2229": [0, 7], "car_2228": [6, 1], "car_468": [0, 4], "car_469": [11, 4], "car_466": [6, 1], "car_467": [9, 2], "car_464": [11, 5], "car_465": [10, 4], "car_462": [2, 5], "car_463": [0, 4], "car_460": [8, 7], "car_461": [4, 2], "car_2455": [2, 1], "car_3068": [0, 3], "car_3069": [3, 5], "car_2751": [0, 5], "car_3062": [10, 0], "car_3063": [5, 3], "car_3060": [11, 2], "car_3061": [1, 7], "car_3066": [7, 2], "car_3067": [5, 3], "car_3064": [3, 5], "car_3065": [11, 2], "car_3268": [6, 2], "car_817": [9, 6], "car_816": [6, 7], "car_3260": [4, 5], "car_3261": [7, 2], "car_3262": [5, 0], "car_3263": [9, 5], "car_3264": [0, 5], "car_815": [5, 2], "car_3266": [11, 7], "car_3267": [4, 3], "car_2750": [9, 3], "car_814": [4, 2], "car_813": [1, 4], "car_812": [11, 0], "car_2072": [1, 0], "car_811": [3, 7], "car_2073": [7, 2], "car_810": [0, 7], "car_3214": [2, 3], "car_679": [0, 2], "car_678": [9, 6], "car_677": [6, 7], "car_676": [2, 4], "car_675": [10, 4], "car_674": [4, 3], "car_673": [3, 0], "car_672": [9, 0], "car_671": [6, 0], "car_670": [10, 4], "car_2771": [7, 0], "car_3213": [7, 3], "car_2770": [4, 7], "car_3212": [1, 6], "car_2078": [4, 6], "car_2079": [10, 0], "car_3464": [11, 5], "car_2456": [5, 2], "car_2341": [6, 3], "car_2670": [9, 3], "car_3465": [1, 5], "car_2671": [3, 6], "car_2754": [1, 0], "car_2672": [8, 2], "car_2223": [1, 2], "car_789": [11, 3], "car_788": [8, 7], "car_3338": [2, 1], "car_2222": [11, 7], "car_783": [2, 5], "car_782": [7, 3], "car_781": [8, 4], "car_780": [3, 1], "car_787": [3, 6], "car_786": [0, 4], "car_785": [9, 5], "car_784": [5, 2], "car_3462": [10, 4], "car_2220": [0, 6], "car_0": [0, 5], "car_2227": [5, 4], "car_1179": [8, 2], "car_2375": [8, 0], "car_2226": [2, 1], "car_3339": [8, 6], "car_2225": [7, 5], "car_2224": [4, 1], "car_3463": [3, 1], "car_255": [1, 3], "car_254": [8, 6], "car_257": [10, 6], "car_256": [7, 0], "car_251": [5, 3], "car_250": [10, 1], "car_253": [0, 1], "car_252": [6, 4], "car_1961": [9, 4], "car_1960": [6, 7], "car_1963": [3, 0], "car_1962": [0, 5], "car_259": [6, 0], "car_258": [2, 3], "car_1967": [10, 0], "car_1966": [4, 0], "car_1170": [7, 2], "car_1171": [10, 0], "car_1565": [8, 3], "car_1564": [6, 0], "car_1567": [7, 6], "car_1566": [4, 0], "car_1561": [4, 1], "car_1560": [8, 3], "car_1563": [5, 4], "car_1562": [10, 2], "car_1569": [0, 5], "car_1568": [6, 0], "car_1413": [7, 5], "car_1363": [4, 0], "car_1362": [8, 1], "car_1361": [3, 1], "car_1360": [0, 2], "car_1367": [11, 4], "car_1366": [8, 0], "car_1365": [0, 2], "car_1364": [6, 5], "car_1369": [2, 5], "car_1368": [1, 7], "car_2758": [3, 1], "car_2376": [10, 2], "car_321": [7, 6], "car_320": [1, 3], "car_323": [1, 0], "car_322": [9, 6], "car_325": [5, 6], "car_324": [4, 7], "car_327": [0, 6], "car_326": [6, 2], "car_329": [11, 2], "car_328": [8, 4], "car_2722": [7, 1], "car_2723": [10, 3], "car_2720": [11, 7], "car_2721": [1, 7], "car_2726": [6, 1], "car_2727": [9, 2], "car_2724": [6, 2], "car_2725": [5, 4], "car_2728": [1, 5], "car_2729": [10, 4], "car_1107": [0, 4], "car_1106": [9, 0], "car_1105": [6, 7], "car_1104": [5, 3], "car_1103": [7, 0], "car_1102": [11, 5], "car_1101": [8, 0], "car_1100": [0, 7], "car_1109": [11, 7], "car_1108": [3, 1], "car_1297": [8, 2], "car_1296": [0, 2], "car_1295": [6, 7], "car_1294": [2, 6], "car_1293": [7, 2], "car_1292": [1, 2], "car_1291": [6, 5], "car_1290": [5, 3], "car_1299": [1, 6], "car_1298": [11, 1], "car_2928": [7, 1], "car_2929": [2, 1], "car_2924": [5, 7], "car_2925": [9, 0], "car_2926": [3, 4], "car_2927": [4, 6], "car_2920": [11, 0], "car_2921": [7, 5], "car_2922": [10, 6], "car_2923": [2, 4], "car_2586": [1, 2], "car_2587": [4, 5], "car_2584": [0, 2], "car_2585": [3, 2], "car_2582": [5, 1], "car_2583": [9, 1], "car_2580": [10, 1], "car_2581": [2, 6], "car_3527": [1, 7], "car_3526": [3, 7], "car_3525": [6, 1], "car_3524": [0, 1], "car_2858": [4, 3], "car_2859": [7, 2], "car_2588": [6, 3], "car_2589": [3, 0], "car_2036": [3, 4], "car_2037": [8, 4], "car_1039": [1, 5], "car_1038": [8, 5], "car_1749": [11, 2], "car_1748": [8, 7], "car_2030": [8, 6], "car_2031": [1, 5], "car_1033": [3, 5], "car_1032": [9, 3], "car_1031": [6, 2], "car_1030": [2, 1], "car_1037": [0, 6], "car_1036": [6, 5], "car_1035": [4, 3], "car_1034": [8, 5], "car_1589": [4, 0], "car_1588": [8, 1], "car_1583": [8, 1], "car_1582": [0, 4], "car_1581": [9, 6], "car_1580": [2, 3], "car_1587": [3, 1], "car_1586": [9, 4], "car_1585": [10, 6], "car_1584": [7, 1], "car_1852": [7, 2], "car_1906": [8, 0], "car_3295": [8, 3], "car_3294": [2, 5], "car_3297": [1, 5], "car_3296": [11, 5], "car_3291": [1, 6], "car_3290": [11, 3], "car_899": [11, 3], "car_898": [0, 7], "car_897": [9, 3], "car_896": [10, 5], "car_895": [7, 4], "car_894": [4, 2], "car_893": [1, 6], "car_892": [8, 0], "car_891": [3, 1], "car_890": [0, 4], "car_2458": [0, 7], "car_2459": [0, 7], "car_2108": [4, 6], "car_2109": [10, 6], "car_3457": [3, 1], "car_3456": [0, 4], "car_3455": [6, 3], "car_3454": [2, 6], "car_2102": [1, 4], "car_2103": [4, 2], "car_2100": [3, 0], "car_2101": [8, 4], "car_2106": [0, 1], "car_2107": [3, 1], "car_2104": [7, 6], "car_2105": [9, 7], "car_1631": [6, 0], "car_1630": [5, 6], "car_1633": [8, 1], "car_1632": [9, 6], "car_1635": [2, 4], "car_1634": [1, 3], "car_1637": [0, 2], "car_1636": [5, 1], "car_1639": [8, 5], "car_1638": [3, 7], "car_3418": [4, 0], "car_1751": [7, 3], "car_2803": [3, 1], "car_2802": [9, 5], "car_2801": [6, 4], "car_3189": [9, 6], "car_3188": [6, 2], "car_2800": [10, 3], "car_3269": [9, 2], "car_3181": [9, 0], "car_2807": [9, 4], "car_1756": [8, 7], "car_3182": [0, 3], "car_3185": [7, 3], "car_3184": [4, 3], "car_3187": [2, 7], "car_2806": [6, 0], "car_2805": [5, 7], "car_3306": [8, 1], "car_2816": [0, 4], "car_2804": [4, 5], "car_3380": [10, 1], "car_3104": [8, 5], "car_2414": [9, 3], "car_419": [5, 0], "car_418": [2, 7], "car_2218": [10, 1], "car_2219": [5, 6], "car_413": [1, 0], "car_412": [3, 1], "car_411": [0, 5], "car_410": [9, 5], "car_417": [1, 4], "car_416": [9, 7], "car_415": [2, 3], "car_414": [4, 7], "car_2417": [8, 6], "car_1679": [4, 1], "car_3546": [8, 0], "car_1678": [11, 1], "car_2412": [10, 0], "car_2947": [7, 0], "car_2413": [6, 0], "car_3265": [8, 4], "car_3079": [2, 1], "car_3078": [10, 1], "car_3075": [9, 5], "car_3074": [6, 3], "car_3077": [1, 0], "car_3076": [8, 5], "car_3071": [11, 4], "car_3070": [8, 7], "car_3073": [2, 3], "car_3072": [4, 1], "car_527": [0, 5], "car_526": [6, 2], "car_525": [5, 7], "car_524": [10, 3], "car_523": [8, 5], "car_522": [0, 6], "car_521": [9, 1], "car_520": [6, 5], "car_3273": [9, 5], "car_1671": [0, 1], "car_3271": [8, 4], "car_1889": [8, 1], "car_3277": [1, 7], "car_3276": [8, 0], "car_529": [8, 3], "car_528": [3, 0], "car_1884": [11, 1], "car_1885": [4, 3], "car_2368": [2, 5], "car_2786": [5, 4], "car_2787": [6, 2], "car_668": [4, 0], "car_669": [7, 5], "car_664": [5, 2], "car_665": [9, 4], "car_666": [8, 7], "car_667": [11, 5], "car_660": [8, 6], "car_661": [11, 5], "car_662": [1, 2], "car_663": [7, 6], "car_2759": [8, 7], "car_1854": [6, 0], "car_2788": [0, 2], "car_3308": [1, 2], "car_2789": [3, 2], "car_2940": [6, 5], "car_798": [11, 5], "car_799": [1, 2], "car_790": [7, 5], "car_791": [6, 1], "car_792": [1, 2], "car_793": [10, 3], "car_794": [5, 2], "car_795": [6, 0], "car_796": [9, 1], "car_797": [8, 5], "car_242": [3, 7], "car_243": [11, 6], "car_240": [5, 4], "car_241": [9, 2], "car_246": [0, 3], "car_247": [3, 5], "car_244": [4, 1], "car_245": [5, 4], "car_1914": [8, 7], "car_1915": [1, 2], "car_248": [1, 2], "car_249": [4, 0], "car_1910": [0, 6], "car_1911": [8, 4], "car_1912": [1, 2], "car_1913": [4, 5], "car_1356": [2, 1], "car_1357": [5, 2], "car_1354": [1, 3], "car_1355": [7, 1], "car_1352": [8, 1], "car_1353": [11, 7], "car_1350": [9, 2], "car_1351": [3, 5], "car_1358": [6, 5], "car_1359": [9, 3], "car_1831": [1, 7], "car_1820": [11, 0], "car_1821": [1, 7], "car_1822": [7, 6], "car_1823": [10, 4], "car_1824": [5, 1], "car_1825": [6, 1], "car_338": [7, 2], "car_339": [10, 5], "car_336": [8, 0], "car_337": [11, 4], "car_334": [0, 3], "car_335": [3, 5], "car_332": [7, 6], "car_333": [5, 7], "car_330": [1, 4], "car_331": [4, 0], "car_2735": [1, 7], "car_2734": [11, 1], "car_1138": [0, 4], "car_1139": [5, 2], "car_2731": [5, 2], "car_2730": [2, 0], "car_2733": [3, 1], "car_2732": [9, 3], "car_1132": [8, 0], "car_1133": [11, 4], "car_1130": [9, 7], "car_1131": [0, 1], "car_1136": [5, 6], "car_1137": [9, 4], "car_1134": [1, 4], "car_1135": [4, 5], "car_1839": [10, 6], "car_2393": [10, 0], "car_1838": [7, 1], "car_2392": [11, 5], "car_3301": [0, 5], "car_3300": [5, 4], "car_2939": [10, 2], "car_2938": [4, 5], "car_2937": [3, 0], "car_2936": [0, 7], "car_2935": [9, 1], "car_2934": [6, 7], "car_2933": [7, 6], "car_2932": [3, 5], "car_2931": [9, 5], "car_2930": [5, 1], "car_2029": [3, 7], "car_2028": [0, 4], "car_2845": [3, 0], "car_2844": [0, 5], "car_2843": [6, 5], "car_2842": [2, 7], "car_2841": [7, 5], "car_2840": [4, 5], "car_2021": [8, 2], "car_2020": [6, 4], "car_2023": [7, 3], "car_2022": [11, 6], "car_2025": [2, 0], "car_2024": [10, 4], "car_2027": [9, 1], "car_2026": [6, 5], "car_2948": [5, 6], "car_2520": [6, 5], "car_1008": [4, 1], "car_1009": [2, 4], "car_1006": [3, 5], "car_1007": [11, 4], "car_1004": [5, 6], "car_1005": [0, 7], "car_1002": [1, 4], "car_1003": [2, 5], "car_1000": [8, 5], "car_1001": [11, 0], "car_3459": [0, 5], "car_2398": [11, 5], "car_2629": [5, 4], "car_2524": [1, 4], "car_2628": [2, 4], "car_3310": [6, 1], "car_2525": [10, 4], "car_2995": [3, 2], "car_2674": [4, 3], "car_1924": [7, 3], "car_2994": [6, 5], "car_2527": [5, 7], "car_2997": [1, 6], "car_36": [3, 2], "car_37": [8, 5], "car_34": [6, 5], "car_35": [0, 1], "car_888": [5, 2], "car_889": [6, 4], "car_30": [3, 1], "car_31": [11, 1], "car_884": [11, 0], "car_885": [1, 6], "car_886": [4, 6], "car_887": [2, 3], "car_880": [5, 6], "car_881": [6, 1], "car_882": [9, 6], "car_883": [3, 6], "car_3466": [7, 6], "car_3467": [5, 2], "car_2449": [10, 2], "car_2448": [7, 5], "car_2119": [8, 5], "car_2118": [5, 6], "car_3460": [1, 3], "car_3461": [7, 6], "car_2115": [1, 0], "car_2114": [11, 7], "car_2117": [10, 5], "car_2116": [4, 3], "car_2111": [5, 6], "car_2110": [2, 5], "car_2113": [9, 2], "car_2112": [6, 1], "car_1644": [0, 7], "car_1645": [8, 0], "car_1646": [1, 0], "car_1647": [4, 5], "car_1640": [7, 3], "car_1641": [10, 5], "car_1642": [5, 4], "car_1643": [9, 3], "car_3312": [8, 0], "car_1648": [0, 7], "car_1649": [3, 4], "car_2599": [6, 2], "car_2159": [1, 0], "car_2158": [8, 7], "car_2591": [7, 6], "car_2590": [4, 1], "car_2593": [11, 0], "car_2592": [6, 1], "car_2595": [4, 2], "car_2594": [1, 2], "car_2597": [2, 6], "car_2596": [7, 4], "car_3560": [1, 3], "car_3313": [11, 1], "car_2677": [8, 7], "car_2608": [5, 4], "car_408": [11, 5], "car_409": [2, 4], "car_2203": [1, 4], "car_2202": [11, 4], "car_2205": [7, 2], "car_2204": [4, 7], "car_2207": [6, 3], "car_2206": [5, 3], "car_400": [4, 0], "car_401": [10, 6], "car_402": [2, 5], "car_403": [6, 5], "car_404": [9, 1], "car_405": [0, 6], "car_406": [3, 6], "car_407": [8, 3], "car_1769": [11, 1], "car_3080": [8, 0], "car_3081": [1, 5], "car_3082": [4, 3], "car_3083": [7, 2], "car_3084": [10, 3], "car_3085": [2, 3], "car_3086": [5, 1], "car_3087": [11, 3], "car_3088": [4, 3], "car_3089": [2, 7], "car_2973": [5, 6], "car_534": [2, 4], "car_535": [5, 3], "car_536": [8, 4], "car_537": [11, 5], "car_530": [1, 6], "car_531": [4, 2], "car_532": [7, 4], "car_533": [10, 2], "car_3246": [1, 5], "car_3247": [4, 7], "car_3244": [5, 6], "car_3245": [8, 1], "car_538": [1, 3], "car_539": [7, 6], "car_3240": [1, 2], "car_3241": [2, 6], "car_2972": [7, 0], "car_3317": [3, 5], "car_2310": [5, 6], "car_659": [3, 5], "car_658": [10, 7], "car_651": [4, 0], "car_650": [1, 3], "car_653": [5, 6], "car_652": [2, 1], "car_655": [3, 7], "car_654": [9, 4], "car_657": [11, 6], "car_656": [8, 4], "car_2970": [6, 2], "car_2907": [11, 2], "car_2977": [8, 2], "car_2909": [7, 3], "car_2976": [3, 5], "car_2434": [3, 1], "car_1929": [7, 6], "car_2195": [8, 0], "car_2194": [3, 5], "car_1764": [8, 4], "car_2197": [1, 5], "car_2196": [11, 3], "car_2191": [6, 2], "car_1928": [1, 3], "car_2190": [5, 7], "car_2193": [0, 3], "car_1909": [9, 1], "car_1908": [5, 6], "car_1907": [2, 1], "car_1763": [3, 5], "car_1905": [0, 5], "car_1904": [5, 6], "car_1903": [2, 0], "car_1902": [10, 1], "car_1901": [7, 3], "car_1900": [4, 3], "car_1349": [6, 4], "car_1348": [1, 0], "car_1762": [0, 4], "car_1341": [11, 5], "car_1340": [8, 7], "car_1343": [9, 2], "car_1342": [6, 1], "car_1345": [3, 0], "car_1344": [0, 5], "car_1347": [11, 0], "car_1346": [8, 0], "car_3234": [7, 3], "car_3219": [8, 7], "car_2753": [8, 4], "car_3231": [0, 3], "car_2752": [3, 6], "car_3230": [9, 1], "car_2698": [11, 6], "car_1833": [2, 5], "car_1832": [10, 0], "car_349": [4, 7], "car_348": [1, 2], "car_1837": [11, 7], "car_1836": [8, 2], "car_1835": [3, 6], "car_1834": [6, 0], "car_343": [9, 5], "car_342": [6, 2], "car_341": [5, 0], "car_340": [2, 7], "car_347": [11, 6], "car_346": [8, 2], "car_345": [3, 1], "car_344": [0, 3], "car_2325": [1, 0], "car_1129": [5, 2], "car_1128": [2, 1], "car_2979": [1, 7], "car_1125": [6, 1], "car_1124": [5, 1], "car_1127": [7, 1], "car_1126": [1, 4], "car_1121": [9, 0], "car_1120": [2, 5], "car_1123": [2, 5], "car_1122": [4, 6], "car_1402": [5, 0], "car_2320": [10, 7], "car_1403": [9, 0], "car_2321": [5, 0], "car_1400": [7, 1], "car_1401": [10, 1], "car_2978": [11, 4], "car_1406": [11, 4], "car_1407": [1, 2], "car_2902": [6, 7], "car_2903": [9, 0], "car_2900": [7, 1], "car_2901": [10, 0], "car_2906": [8, 4], "car_1404": [3, 4], "car_2904": [0, 5], "car_2905": [3, 4], "car_2908": [4, 2], "car_1405": [8, 2], "car_3505": [5, 3], "car_3504": [2, 5], "car_3507": [3, 5], "car_3506": [9, 2], "car_2058": [1, 2], "car_2059": [7, 0], "car_3503": [3, 5], "car_3502": [0, 3], "car_2054": [2, 0], "car_2055": [0, 6], "car_2056": [3, 6], "car_2057": [8, 6], "car_2050": [11, 2], "car_2051": [4, 3], "car_2052": [7, 1], "car_2053": [10, 0], "car_1011": [9, 1], "car_1010": [5, 4], "car_1013": [3, 2], "car_1012": [0, 2], "car_1015": [5, 0], "car_1014": [1, 7], "car_1017": [0, 6], "car_1016": [6, 5], "car_1019": [1, 4], "car_1018": [8, 0], "car_2690": [8, 6], "car_2691": [4, 1], "car_2696": [4, 1], "car_2697": [3, 4], "car_2694": [5, 7], "car_2695": [1, 5], "car_2790": [8, 3], "car_25": [9, 7], "car_24": [5, 3], "car_27": [4, 2], "car_26": [3, 2], "car_21": [1, 3], "car_20": [8, 7], "car_23": [2, 6], "car_22": [4, 6], "car_3471": [4, 1], "car_3470": [11, 0], "car_3473": [6, 1], "car_3472": [7, 1], "car_29": [0, 7], "car_28": [5, 7], "car_3477": [1, 6], "car_3476": [11, 7], "car_2478": [7, 5], "car_2479": [8, 7], "car_2476": [11, 4], "car_2477": [4, 5], "car_2474": [3, 4], "car_2475": [8, 0], "car_2472": [6, 3], "car_2473": [0, 1], "car_2470": [10, 7], "car_2471": [2, 3], "car_1657": [8, 6], "car_1656": [0, 6], "car_1655": [2, 1], "car_1654": [10, 0], "car_1653": [7, 4], "car_1652": [4, 1], "car_1651": [11, 2], "car_1650": [8, 1], "car_1659": [4, 6], "car_1658": [11, 2], "car_2878": [4, 5], "car_2879": [7, 2], "car_2872": [9, 4], "car_2873": [0, 6], "car_2870": [7, 0], "car_2871": [10, 3], "car_2876": [11, 7], "car_2877": [1, 2], "car_2874": [3, 4], "car_2875": [8, 4], "car_2688": [6, 4], "car_1969": [5, 6], "car_2315": [0, 1], "car_1843": [9, 7], "car_3211": [8, 7], "car_435": [2, 1], "car_434": [10, 6], "car_437": [6, 1], "car_436": [5, 6], "car_431": [1, 5], "car_430": [8, 6], "car_433": [7, 3], "car_432": [4, 6], "car_1846": [6, 7], "car_439": [3, 6], "car_438": [0, 7], "car_1847": [0, 5], "car_2274": [8, 7], "car_2275": [11, 7], "car_2276": [1, 2], "car_2277": [4, 3], "car_2270": [9, 0], "car_2271": [3, 2], "car_2272": [5, 3], "car_2273": [9, 0], "car_1845": [2, 0], "car_2278": [7, 6], "car_2279": [9, 4], "car_1848": [1, 6], "car_2289": [3, 7], "car_1968": [2, 3], "car_1849": [7, 3], "car_2288": [0, 3], "car_1965": [1, 3], "car_3370": [2, 4], "car_1964": [11, 5], "car_3093": [11, 6], "car_3092": [3, 0], "car_3091": [9, 0], "car_3090": [6, 1], "car_3097": [5, 6], "car_3096": [2, 4], "car_3095": [10, 1], "car_3094": [7, 0], "car_3420": [3, 7], "car_3376": [9, 5], "car_3099": [4, 6], "car_3098": [11, 1], "car_3311": [3, 5], "car_501": [9, 1], "car_500": [6, 2], "car_503": [3, 2], "car_502": [0, 1], "car_505": [11, 2], "car_504": [8, 7], "car_507": [7, 1], "car_506": [1, 0], "car_509": [5, 7], "car_508": [10, 5], "car_2302": [1, 3], "car_2303": [7, 6], "car_2304": [10, 0], "car_2305": [2, 6], "car_2306": [8, 6], "car_2307": [1, 6], "car_2281": [3, 2], "car_1745": [6, 5], "car_2280": [0, 2], "car_3378": [11, 1], "car_3379": [1, 4], "car_2960": [7, 6], "car_3475": [8, 7], "car_3474": [3, 6], "car_646": [2, 6], "car_647": [5, 2], "car_644": [6, 3], "car_645": [0, 2], "car_642": [1, 6], "car_643": [2, 4], "car_640": [9, 4], "car_641": [0, 5], "car_2314": [5, 7], "car_648": [6, 0], "car_649": [9, 5], "car_2961": [10, 2], "car_2576": [9, 4], "car_2526": [2, 3], "car_1830": [2, 7], "car_2673": [1, 0], "car_2962": [2, 6], "car_2570": [7, 0], "car_2681": [5, 2], "car_2999": [10, 7], "car_2420": [10, 7], "car_2963": [5, 7], "car_2680": [10, 5], "car_2854": [2, 7], "car_2964": [6, 7], "car_2683": [11, 6], "car_1932": [6, 1], "car_1933": [9, 1], "car_1930": [2, 4], "car_1931": [5, 3], "car_1936": [7, 5], "car_1937": [10, 4], "car_1934": [3, 5], "car_1935": [11, 4], "car_1938": [5, 7], "car_1939": [3, 0], "car_2682": [8, 1], "car_1717": [8, 7], "car_1338": [6, 4], "car_1339": [0, 2], "car_1334": [8, 1], "car_1335": [1, 2], "car_1336": [4, 3], "car_1337": [10, 4], "car_1330": [2, 1], "car_1331": [9, 7], "car_1332": [0, 2], "car_1333": [3, 5], "car_1711": [3, 4], "car_2998": [7, 4], "car_358": [5, 2], "car_359": [6, 4], "car_1804": [7, 6], "car_1805": [10, 4], "car_1802": [1, 0], "car_1803": [4, 7], "car_1800": [0, 1], "car_1801": [8, 0], "car_350": [7, 0], "car_351": [6, 0], "car_352": [0, 1], "car_353": [3, 6], "car_354": [8, 5], "car_355": [1, 5], "car_356": [10, 4], "car_357": [2, 3], "car_1482": [7, 2], "car_1483": [3, 0], "car_1480": [11, 7], "car_1481": [4, 2], "car_1486": [1, 4], "car_1487": [7, 6], "car_1484": [8, 7], "car_1485": [11, 1], "car_1488": [10, 6], "car_1489": [5, 0], "car_1240": [8, 1], "car_1241": [11, 4], "car_1242": [1, 7], "car_1243": [4, 7], "car_1244": [10, 0], "car_1245": [2, 1], "car_1246": [0, 5], "car_1247": [4, 0], "car_1248": [5, 4], "car_1249": [6, 4], "car_1747": [0, 7], "car_2374": [0, 1], "car_1879": [8, 5], "car_2917": [6, 0], "car_2916": [5, 2], "car_2911": [6, 7], "car_2910": [2, 7], "car_2913": [11, 1], "car_2912": [3, 7], "car_2919": [3, 2], "car_2918": [0, 7], "car_2049": [8, 7], "car_2048": [3, 1], "car_2047": [9, 2], "car_2046": [2, 7], "car_2045": [1, 2], "car_2044": [11, 4], "car_2043": [5, 6], "car_2042": [8, 1], "car_2041": [6, 5], "car_2040": [10, 5], "car_1064": [0, 7], "car_1065": [8, 4], "car_1066": [1, 6], "car_1067": [10, 6], "car_1060": [10, 2], "car_1061": [2, 0], "car_1062": [5, 6], "car_1063": [6, 4], "car_2685": [10, 3], "car_2684": [1, 5], "car_2687": [5, 4], "car_2686": [2, 0], "car_1068": [2, 4], "car_1069": [6, 7], "car_1798": [6, 3], "car_1799": [9, 5], "car_10": [5, 7], "car_11": [6, 5], "car_12": [9, 2], "car_13": [3, 4], "car_14": [8, 6], "car_15": [11, 5], "car_16": [4, 3], "car_17": [5, 3], "car_18": [0, 2], "car_19": [3, 7], "car_3406": [6, 7], "car_3407": [0, 7], "car_3400": [5, 3], "car_3401": [9, 2], "car_3402": [0, 4], "car_3403": [4, 1], "car_2461": [4, 1], "car_2460": [1, 5], "car_1668": [2, 0], "car_1669": [5, 3], "car_2465": [8, 0], "car_2464": [6, 5], "car_2467": [1, 0], "car_2466": [11, 4], "car_1662": [2, 4], "car_1663": [5, 7], "car_1660": [7, 0], "car_1661": [10, 3], "car_1666": [7, 6], "car_1667": [10, 0], "car_1664": [8, 6], "car_1665": [11, 2], "car_1468": [10, 5], "car_1469": [5, 4], "car_1460": [3, 4], "car_1461": [8, 7], "car_1462": [1, 3], "car_1463": [6, 2], "car_1464": [0, 3], "car_1465": [11, 0], "car_1466": [1, 7], "car_1467": [4, 5], "car_2699": [1, 5], "car_2869": [1, 5], "car_2868": [11, 1], "car_2865": [2, 7], "car_2864": [10, 2], "car_2867": [9, 0], "car_2866": [6, 3], "car_2861": [2, 0], "car_2860": [10, 7], "car_2863": [4, 2], "car_2862": [8, 2], "car_2648": [8, 2], "car_422": [8, 4], "car_423": [11, 4], "car_420": [9, 1], "car_421": [3, 0], "car_426": [0, 3], "car_427": [3, 7], "car_424": [7, 0], "car_425": [5, 2], "car_3318": [8, 5], "car_3319": [4, 2], "car_428": [7, 3], "car_429": [2, 4], "car_2377": [2, 0], "car_2267": [4, 2], "car_2266": [1, 0], "car_2265": [11, 4], "car_2264": [0, 6], "car_2263": [9, 3], "car_2262": [6, 3], "car_2261": [5, 2], "car_2260": [7, 1], "car_2371": [11, 1], "car_2269": [2, 6], "car_2268": [7, 6], "car_2373": [6, 0], "car_2372": [1, 7], "car_2008": [4, 0], "car_2370": [0, 4], "car_3486": [5, 1], "car_3487": [6, 1], "car_3224": [3, 6], "car_3225": [10, 3], "car_2319": [7, 2], "car_2318": [1, 3], "car_3220": [1, 3], "car_3221": [4, 3], "car_518": [4, 2], "car_519": [2, 6], "car_516": [9, 5], "car_517": [0, 6], "car_514": [1, 7], "car_515": [4, 3], "car_512": [0, 6], "car_513": [3, 6], "car_510": [6, 3], "car_511": [9, 1], "car_1870": [6, 5], "car_2692": [7, 6], "car_3488": [0, 4], "car_2444": [0, 2], "car_3469": [8, 3], "car_3489": [3, 7], "car_633": [6, 3], "car_632": [5, 0], "car_631": [7, 3], "car_630": [4, 7], "car_637": [1, 0], "car_636": [8, 4], "car_635": [3, 6], "car_634": [9, 1], "car_2675": [10, 2], "car_639": [10, 4], "car_638": [7, 5], "car_3138": [2, 7], "car_3139": [6, 1], "car_2693": [2, 1], "car_3130": [2, 7], "car_3131": [5, 1], "car_3132": [6, 4], "car_3133": [0, 3], "car_3134": [8, 6], "car_3135": [4, 1], "car_3136": [7, 3], "car_3137": [10, 3], "car_189": [5, 7], "car_188": [2, 3], "car_185": [6, 4], "car_184": [10, 7], "car_187": [1, 7], "car_186": [9, 4], "car_181": [8, 1], "car_180": [3, 2], "car_183": [4, 3], "car_182": [1, 2], "car_749": [9, 3], "car_748": [6, 4], "car_747": [5, 1], "car_746": [10, 7], "car_745": [7, 0], "car_744": [4, 5], "car_743": [1, 5], "car_742": [11, 6], "car_741": [8, 3], "car_740": [3, 2], "car_2131": [1, 6], "car_3316": [10, 5], "car_2618": [8, 7], "car_299": [11, 1], "car_298": [6, 0], "car_1927": [8, 3], "car_1926": [3, 0], "car_1921": [11, 2], "car_1920": [3, 7], "car_1923": [4, 5], "car_1922": [1, 0], "car_291": [2, 5], "car_290": [10, 7], "car_293": [6, 1], "car_292": [5, 0], "car_295": [3, 2], "car_294": [9, 4], "car_297": [2, 7], "car_296": [1, 4], "car_1329": [7, 3], "car_1328": [11, 3], "car_1327": [8, 4], "car_1326": [0, 6], "car_1325": [2, 5], "car_1324": [10, 7], "car_1323": [4, 3], "car_1322": [3, 5], "car_1321": [0, 2], "car_1320": [5, 0], "car_365": [2, 1], "car_364": [10, 3], "car_367": [6, 4], "car_366": [5, 0], "car_361": [8, 5], "car_360": [9, 6], "car_363": [7, 5], "car_362": [1, 2], "car_1811": [5, 0], "car_1810": [7, 1], "car_1813": [8, 7], "car_1812": [6, 7], "car_369": [1, 5], "car_368": [8, 5], "car_1817": [10, 5], "car_1816": [7, 4], "car_167": [6, 5], "car_166": [10, 1], "car_165": [4, 1], "car_164": [0, 5], "car_163": [6, 1], "car_162": [5, 3], "car_161": [2, 3], "car_160": [10, 7], "car_169": [4, 5], "car_168": [8, 0], "car_1495": [2, 7], "car_1494": [7, 4], "car_1497": [0, 2], "car_1496": [9, 4], "car_1491": [3, 6], "car_1490": [0, 3], "car_1493": [1, 5], "car_1492": [11, 3], "car_1499": [8, 4], "car_1498": [3, 7], "car_1253": [7, 3], "car_1252": [3, 4], "car_1251": [0, 6], "car_1250": [9, 5], "car_1257": [0, 3], "car_1256": [9, 7], "car_1255": [2, 7], "car_1254": [10, 3], "car_2850": [6, 1], "car_1259": [11, 5], "car_1258": [8, 5], "car_2851": [9, 1], "car_1868": [11, 6], "car_2852": [0, 2], "car_2853": [4, 1], "car_3248": [2, 3], "car_1789": [1, 7], "car_1788": [11, 3], "car_2070": [3, 1], "car_2071": [8, 3], "car_2076": [8, 7], "car_2077": [1, 3], "car_2074": [5, 7], "car_2075": [3, 5], "car_1781": [10, 1], "car_1780": [1, 7], "car_1783": [6, 4], "car_1782": [5, 6], "car_1785": [0, 7], "car_1784": [9, 6], "car_1787": [8, 5], "car_1786": [3, 7], "car_1077": [8, 0], "car_1076": [3, 5], "car_1075": [9, 0], "car_1074": [6, 1], "car_1073": [7, 1], "car_1072": [1, 0], "car_1071": [11, 5], "car_1070": [3, 1], "car_2678": [1, 0], "car_2679": [4, 1], "car_3520": [10, 3], "car_1079": [1, 7], "car_1078": [11, 3], "car_3257": [2, 7], "car_2139": [9, 3], "car_3256": [10, 5], "car_2034": [10, 4], "car_2300": [8, 1], "car_2035": [9, 6], "car_2301": [11, 7], "car_2032": [4, 1], "car_2033": [7, 0], "car_2996": [8, 3], "car_3419": [2, 7], "car_2138": [6, 7], "car_3417": [1, 2], "car_3416": [3, 5], "car_3415": [0, 1], "car_3414": [6, 5], "car_3413": [5, 6], "car_3412": [2, 0], "car_3411": [10, 4], "car_3410": [4, 3], "car_985": [7, 3], "car_984": [8, 0], "car_987": [6, 3], "car_986": [10, 1], "car_981": [7, 3], "car_980": [1, 4], "car_983": [3, 7], "car_982": [5, 1], "car_1675": [6, 1], "car_1674": [5, 0], "car_1677": [0, 3], "car_1676": [9, 2], "car_989": [7, 2], "car_988": [8, 4], "car_1673": [10, 5], "car_1672": [1, 3], "car_2784": [11, 7], "car_2785": [1, 3], "car_1479": [3, 5], "car_1478": [0, 4], "car_2780": [2, 1], "car_2781": [5, 2], "car_2782": [3, 5], "car_2783": [8, 2], "car_1473": [5, 1], "car_1472": [10, 2], "car_1471": [11, 6], "car_1470": [3, 1], "car_1477": [9, 2], "car_1476": [6, 0], "car_1475": [8, 6], "car_1474": [3, 5], "car_2890": [11, 5], "car_2891": [1, 0], "car_2892": [4, 1], "car_2893": [7, 2], "car_2894": [5, 3], "car_1743": [2, 3], "car_2896": [0, 2], "car_2897": [3, 1], "car_2898": [1, 6], "car_2899": [4, 5], "car_1742": [4, 5], "car_2990": [11, 7], "car_2528": [9, 6], "car_2529": [1, 0], "car_2258": [11, 3], "car_2259": [4, 2], "car_3307": [11, 6], "car_2689": [3, 6], "car_3305": [3, 7], "car_3304": [9, 2], "car_2252": [10, 4], "car_2253": [9, 1], "car_2250": [8, 1], "car_2251": [7, 6], "car_2256": [6, 5], "car_2257": [0, 6], "car_2254": [8, 1], "car_2255": [5, 3], "car_2098": [7, 0], "car_2099": [5, 0], "car_2090": [3, 1], "car_2091": [1, 2], "car_2092": [4, 7], "car_2093": [7, 2], "car_2094": [2, 5], "car_2095": [5, 2], "car_2096": [0, 2], "car_2097": [11, 3], "car_2992": [2, 1], "car_3237": [0, 6], "car_3236": [5, 1], "car_569": [6, 5], "car_568": [1, 2], "car_3233": [11, 5], "car_3232": [3, 7], "car_2328": [5, 3], "car_2329": [6, 2], "car_563": [5, 1], "car_562": [3, 4], "car_561": [0, 2], "car_560": [9, 1], "car_567": [11, 4], "car_566": [3, 7], "car_565": [0, 4], "car_564": [6, 1], "car_2331": [0, 5], "car_620": [4, 5], "car_621": [10, 2], "car_622": [2, 1], "car_623": [5, 0], "car_624": [6, 3], "car_625": [9, 1], "car_626": [0, 3], "car_627": [3, 0], "car_628": [11, 3], "car_629": [1, 6], "car_1869": [1, 6], "car_3129": [7, 0], "car_3128": [4, 3], "car_3123": [2, 4], "car_3122": [1, 5], "car_3121": [3, 2], "car_3120": [0, 1], "car_3127": [1, 5], "car_3126": [11, 6], "car_3125": [8, 2], "car_3124": [0, 5], "car_1866": [0, 6], "car_1867": [3, 5], "car_3388": [4, 3], "car_198": [11, 3], "car_199": [1, 2], "car_2831": [11, 0], "car_192": [11, 4], "car_193": [1, 7], "car_190": [0, 1], "car_191": [8, 2], "car_196": [5, 1], "car_197": [3, 1], "car_194": [7, 3], "car_195": [2, 7], "car_758": [3, 4], "car_759": [11, 1], "car_754": [2, 5], "car_755": [5, 3], "car_756": [6, 5], "car_757": [0, 1], "car_750": [3, 6], "car_751": [8, 2], "car_752": [1, 6], "car_753": [7, 0], "car_1940": [8, 0], "car_3355": [7, 3], "car_2991": [1, 7], "car_3299": [10, 5], "car_3298": [4, 3], "car_286": [3, 5], "car_287": [8, 2], "car_284": [7, 1], "car_285": [6, 2], "car_282": [8, 2], "car_283": [4, 3], "car_280": [9, 0], "car_281": [3, 6], "car_3353": [11, 7], "car_1949": [8, 3], "car_288": [11, 4], "car_289": [1, 6], "car_3453": [7, 4], "car_1948": [0, 1], "car_2791": [11, 2], "car_3452": [1, 2], "car_3451": [0, 4], "car_3450": [9, 1], "car_1312": [2, 1], "car_1313": [5, 3], "car_1310": [11, 0], "car_1311": [4, 1], "car_1316": [4, 6], "car_1317": [2, 6], "car_1314": [6, 5], "car_1315": [3, 1], "car_1318": [8, 5], "car_1319": [10, 0], "car_2450": [6, 3], "car_2451": [9, 7], "car_2452": [8, 0], "car_372": [5, 0], "car_373": [6, 3], "car_370": [4, 7], "car_371": [7, 0], "car_376": [4, 2], "car_377": [10, 0], "car_374": [0, 7], "car_375": [11, 0], "car_1864": [6, 7], "car_1865": [9, 1], "car_378": [2, 0], "car_379": [5, 3], "car_1860": [10, 6], "car_1861": [6, 5], "car_1862": [9, 2], "car_1863": [7, 0], "car_174": [0, 2], "car_175": [1, 5], "car_176": [4, 7], "car_177": [10, 1], "car_170": [7, 2], "car_171": [10, 5], "car_172": [6, 5], "car_173": [9, 5], "car_2457": [6, 7], "car_178": [9, 3], "car_179": [0, 6], "car_2338": [11, 6], "car_1266": [7, 0], "car_1267": [10, 5], "car_1264": [8, 0], "car_1265": [1, 3], "car_1262": [10, 5], "car_1263": [2, 0], "car_1260": [1, 4], "car_1261": [4, 6], "car_2949": [6, 4], "car_1268": [9, 3], "car_1269": [0, 7], "car_3371": [9, 1], "car_2406": [2, 1], "car_2065": [4, 0], "car_2064": [1, 4], "car_1048": [4, 0], "car_1049": [10, 6], "car_2061": [6, 5], "car_2060": [5, 7], "car_2063": [3, 1], "car_2062": [0, 2], "car_1042": [5, 4], "car_1043": [0, 5], "car_1040": [7, 6], "car_1041": [10, 1], "car_1046": [11, 1], "car_1047": [1, 7], "car_1044": [3, 6], "car_1045": [8, 2], "car_2663": [2, 5], "car_2662": [10, 6], "car_2661": [1, 7], "car_2660": [3, 4], "car_2667": [10, 6], "car_2666": [11, 3], "car_2665": [0, 6], "car_2664": [6, 1], "car_2669": [5, 0], "car_2668": [2, 1], "car_3528": [10, 6], "car_2404": [11, 5], "car_3422": [11, 1], "car_3423": [1, 7], "car_78": [5, 1], "car_79": [6, 4], "car_3426": [5, 1], "car_3427": [6, 5], "car_3424": [7, 3], "car_3425": [10, 1], "car_72": [5, 0], "car_73": [6, 1], "car_70": [7, 3], "car_71": [10, 2], "car_76": [4, 3], "car_77": [2, 6], "car_74": [0, 6], "car_75": [3, 4], "car_992": [9, 5], "car_993": [8, 5], "car_990": [10, 4], "car_991": [2, 7], "car_996": [2, 7], "car_997": [5, 7], "car_994": [4, 7], "car_995": [7, 0], "car_1688": [3, 5], "car_1689": [11, 6], "car_998": [0, 2], "car_999": [3, 6], "car_2409": [11, 3], "car_2408": [8, 7], "car_2797": [11, 2], "car_2796": [3, 2], "car_2795": [6, 7], "car_2794": [5, 7], "car_2793": [7, 5], "car_2792": [4, 6], "car_1448": [1, 4], "car_1449": [10, 6], "car_1446": [5, 7], "car_1447": [3, 6], "car_1444": [3, 4], "car_1445": [8, 5], "car_1442": [6, 0], "car_1443": [9, 2], "car_1440": [10, 1], "car_1441": [5, 4], "car_2883": [3, 2], "car_2882": [0, 4], "car_2881": [9, 4], "car_2798": [4, 2], "car_2887": [2, 4], "car_2886": [10, 1], "car_2885": [4, 7], "car_2884": [1, 4], "car_2889": [3, 5], "car_2888": [6, 7], "car_2401": [2, 0], "car_2986": [6, 5], "car_3336": [7, 2], "car_3337": [10, 5], "car_2539": [3, 7], "car_2538": [5, 4], "car_2249": [3, 5], "car_2248": [0, 5], "car_3330": [11, 0], "car_3331": [1, 4], "car_2245": [4, 6], "car_2244": [1, 4], "car_2247": [5, 1], "car_2246": [10, 5], "car_2241": [5, 0], "car_2240": [7, 2], "car_2243": [3, 6], "car_2242": [6, 7], "car_2089": [0, 1], "car_2088": [5, 3], "car_2083": [11, 6], "car_2082": [8, 7], "car_2081": [0, 3], "car_2080": [6, 1], "car_2087": [7, 2], "car_2086": [0, 7], "car_2085": [10, 7], "car_2084": [4, 5], "car_3180": [5, 1], "car_3183": [3, 5], "car_3239": [11, 6], "car_2984": [2, 3], "car_3208": [5, 4], "car_3209": [9, 6], "car_3202": [5, 3], "car_3203": [8, 4], "car_3200": [4, 5], "car_3186": [10, 3], "car_3206": [4, 0], "car_3207": [10, 4], "car_3204": [11, 1], "car_3205": [1, 2], "car_578": [11, 5], "car_579": [4, 2], "car_2333": [11, 1], "car_2332": [8, 0], "car_2335": [7, 5], "car_2334": [4, 5], "car_2337": [0, 2], "car_553": [5, 3], "car_570": [9, 5], "car_571": [8, 3], "car_572": [7, 5], "car_573": [2, 0], "car_574": [5, 4], "car_806": [10, 4], "car_576": [9, 7], "car_577": [0, 7], "car_807": [2, 5], "car_800": [4, 7], "car_801": [7, 1], "car_802": [6, 4], "car_2192": [9, 7], "car_803": [8, 0], "car_2067": [5, 3], "car_2066": [10, 7], "car_619": [11, 5], "car_618": [8, 0], "car_3377": [8, 5], "car_615": [10, 5], "car_614": [1, 4], "car_617": [0, 5], "car_616": [2, 0], "car_611": [0, 5], "car_610": [9, 2], "car_613": [8, 1], "car_612": [3, 0], "car_2151": [1, 0], "car_3118": [10, 7], "car_3119": [5, 6], "car_3116": [3, 6], "car_3117": [8, 1], "car_3114": [9, 2], "car_3115": [0, 7], "car_3112": [10, 4], "car_3113": [5, 0], "car_3110": [8, 6], "car_3111": [1, 6], "car_2704": [6, 4], "car_2705": [9, 2], "car_2706": [3, 5], "car_2150": [8, 0], "car_2707": [8, 3], "car_2069": [6, 2], "car_2068": [3, 4], "car_2702": [2, 5], "car_2703": [5, 2], "car_769": [2, 1], "car_768": [7, 2], "car_2567": [8, 6], "car_761": [7, 6], "car_760": [1, 2], "car_763": [2, 5], "car_762": [10, 1], "car_765": [8, 0], "car_764": [0, 1], "car_767": [1, 4], "car_766": [11, 5], "car_2216": [0, 7], "car_2217": [11, 5], "car_2330": [9, 7], "car_2214": [4, 0], "car_2215": [9, 1], "car_2212": [6, 2], "car_2213": [11, 7], "car_2210": [2, 0], "car_2211": [5, 1], "car_575": [6, 5], "car_3374": [10, 4], "car_1305": [4, 5], "car_1304": [1, 3], "car_1307": [2, 5], "car_1306": [7, 2], "car_1301": [5, 0], "car_1300": [7, 5], "car_1303": [8, 1], "car_1302": [6, 1], "car_1309": [8, 4], "car_1308": [9, 6], "car_389": [11, 7], "car_388": [8, 6], "car_387": [3, 0], "car_386": [9, 6], "car_385": [5, 6], "car_384": [2, 3], "car_383": [10, 3], "car_382": [7, 6], "car_381": [11, 0], "car_380": [8, 7], "car_141": [2, 0], "car_140": [1, 6], "car_143": [9, 1], "car_142": [5, 6], "car_145": [3, 7], "car_144": [0, 5], "car_147": [2, 0], "car_146": [10, 1], "car_149": [9, 1], "car_148": [5, 2], "car_2407": [0, 1], "car_1279": [0, 3], "car_1278": [5, 3], "car_1271": [8, 6], "car_1270": [3, 7], "car_1273": [10, 5], "car_1272": [4, 3], "car_1275": [3, 2], "car_1274": [0, 4], "car_1277": [2, 5], "car_1276": [10, 2], "car_2326": [4, 6], "car_2847": [10, 7], "car_2327": [10, 7], "car_3491": [1, 2], "car_1059": [7, 4], "car_1058": [4, 6], "car_1055": [2, 5], "car_1054": [10, 5], "car_1057": [8, 6], "car_1056": [0, 1], "car_1051": [9, 3], "car_1050": [5, 1], "car_1053": [4, 1], "car_1052": [1, 5], "car_2656": [10, 7], "car_2657": [2, 4], "car_2654": [0, 7], "car_2655": [4, 6], "car_2652": [7, 6], "car_2653": [6, 5], "car_2650": [1, 5], "car_2651": [4, 2], "car_2415": [0, 7], "car_2658": [6, 5], "car_2659": [9, 0], "car_3490": [8, 3], "car_2416": [3, 1], "car_69": [0, 5], "car_68": [6, 4], "car_2438": [8, 7], "car_2439": [4, 3], "car_3431": [2, 4], "car_3430": [1, 7], "car_3433": [6, 7], "car_3432": [5, 4], "car_61": [9, 2], "car_60": [7, 0], "car_63": [11, 6], "car_62": [3, 7], "car_65": [4, 0], "car_64": [1, 3], "car_67": [5, 4], "car_66": [10, 0], "car_1693": [8, 7], "car_1692": [9, 5], "car_1691": [5, 3], "car_1690": [1, 7], "car_1697": [6, 3], "car_1696": [5, 1], "car_969": [5, 6], "car_968": [10, 0], "car_967": [11, 4], "car_966": [3, 7], "car_965": [0, 1], "car_964": [6, 2], "car_963": [5, 6], "car_962": [2, 1], "car_961": [10, 3], "car_960": [4, 1], "car_1451": [3, 6], "car_1450": [5, 4], "car_1453": [1, 4], "car_1452": [11, 0], "car_1455": [7, 1], "car_1454": [4, 2], "car_1457": [2, 3], "car_1456": [10, 6], "car_1459": [0, 2], "car_1458": [9, 3], "car_3541": [4, 6], "car_2410": [4, 2], "car_2837": [0, 7], "car_3428": [3, 2], "car_3329": [8, 4], "car_3328": [3, 7], "car_3429": [11, 0], "car_3175": [3, 5], "car_3321": [6, 3], "car_3320": [10, 7], "car_3323": [0, 6], "car_3322": [9, 0], "car_3325": [5, 4], "car_3279": [7, 2], "car_3327": [0, 7], "car_3326": [9, 3], "car_3278": [4, 2], "car_2411": [7, 0], "car_3547": [11, 1], "car_2508": [3, 4], "car_2509": [1, 2], "car_2506": [3, 6], "car_2507": [1, 0], "car_2504": [9, 2], "car_2505": [0, 7], "car_2502": [5, 2], "car_2503": [6, 4], "car_2500": [10, 1], "car_2501": [2, 5], "car_2737": [9, 4], "car_1680": [7, 1], "car_1681": [2, 3], "car_3173": [5, 6], "car_1682": [5, 0], "car_1683": [3, 1], "car_3272": [11, 5], "car_1684": [4, 6], "car_2736": [7, 0], "car_1685": [7, 3], "car_1891": [4, 7], "car_3270": [0, 4], "car_1686": [10, 0], "car_1890": [1, 2], "car_1687": [2, 0], "car_1893": [8, 1], "car_545": [10, 1], "car_544": [11, 1], "car_547": [9, 5], "car_546": [6, 1], "car_541": [5, 6], "car_540": [2, 4], "car_543": [3, 1], "car_542": [6, 3], "car_3215": [5, 6], "car_1895": [4, 0], "car_3217": [9, 7], "car_3216": [6, 1], "car_549": [3, 1], "car_548": [0, 1], "car_819": [6, 5], "car_818": [3, 2], "car_2344": [1, 5], "car_2345": [7, 3], "car_2346": [5, 7], "car_2347": [6, 0], "car_2340": [5, 3], "car_1897": [6, 3], "car_2342": [0, 6], "car_2343": [11, 7], "car_2405": [4, 1], "car_1896": [7, 0], "car_2348": [0, 6], "car_2349": [3, 6], "car_33": [10, 6], "car_1767": [9, 0], "car_1766": [10, 0], "car_1765": [4, 3], "car_3498": [3, 2], "car_608": [4, 6], "car_609": [6, 2], "car_2941": [9, 5], "car_602": [11, 3], "car_603": [10, 6], "car_600": [4, 3], "car_601": [0, 3], "car_606": [9, 4], "car_607": [8, 0], "car_604": [2, 5], "car_605": [6, 3], "car_3101": [2, 4], "car_3100": [7, 5], "car_3103": [3, 4], "car_3102": [0, 7], "car_3105": [7, 5], "car_1761": [9, 5], "car_3107": [6, 4], "car_3106": [2, 3], "car_3109": [3, 1], "car_3108": [0, 7], "car_1760": [2, 1], "car_2799": [7, 4], "car_776": [7, 1], "car_777": [10, 5], "car_774": [3, 1], "car_775": [8, 2], "car_772": [2, 1], "car_773": [9, 6], "car_770": [6, 3], "car_771": [11, 0], "car_1768": [3, 5], "car_778": [5, 1], "car_779": [9, 0], "car_2418": [1, 3], "car_2880": [5, 3], "car_1750": [1, 0], "car_2419": [7, 4], "car_3293": [10, 1], "car_3292": [7, 0], "car_3251": [0, 3], "car_1994": [11, 0], "car_1995": [4, 1], "car_1996": [10, 3], "car_1997": [2, 3], "car_1990": [5, 4], "car_1991": [0, 3], "car_1992": [3, 6], "car_1993": [8, 7], "car_1998": [9, 6], "car_1999": [3, 0], "car_2846": [4, 0], "car_3250": [9, 3], "car_1842": [10, 1], "car_1806": [2, 5], "car_1840": [6, 3], "car_1841": [7, 5], "car_398": [2, 7], "car_399": [3, 7], "car_1844": [10, 4], "car_1807": [5, 7], "car_394": [8, 0], "car_395": [1, 6], "car_396": [4, 6], "car_397": [7, 4], "car_390": [4, 0], "car_391": [2, 3], "car_392": [6, 5], "car_393": [0, 6], "car_158": [1, 2], "car_159": [4, 7], "car_156": [3, 6], "car_157": [8, 0], "car_154": [5, 0], "car_155": [9, 1], "car_152": [4, 7], "car_153": [2, 0], "car_150": [0, 4], "car_151": [8, 2], "car_1208": [4, 7], "car_1209": [7, 1], "car_1204": [0, 1], "car_1205": [3, 2], "car_1206": [8, 7], "car_1207": [11, 4], "car_1200": [11, 3], "car_1201": [7, 0], "car_1202": [5, 3], "car_1203": [9, 7], "car_2601": [11, 6], "car_2403": [8, 7], "car_3252": [8, 2], "car_3334": [8, 7], "car_3335": [1, 6], "car_1808": [9, 7], "car_3255": [7, 4], "car_3332": [7, 6], "car_1809": [8, 7], "car_3333": [6, 0], "car_2649": [11, 6], "car_2612": [8, 1], "car_2613": [1, 2], "car_2641": [5, 0], "car_2640": [2, 4], "car_2643": [9, 0], "car_2642": [6, 3], "car_2645": [11, 4], "car_2644": [0, 4], "car_2647": [2, 3], "car_2646": [7, 1], "car_1510": [5, 4], "car_1511": [0, 2], "car_1512": [3, 2], "car_1513": [8, 0], "car_1514": [11, 1], "car_1515": [4, 7], "car_1516": [7, 2], "car_1517": [6, 1], "car_1518": [9, 5], "car_1519": [3, 7], "car_2531": [2, 7], "car_2965": [9, 5], "car_2530": [10, 3], "car_2966": [0, 1], "car_3366": [8, 3], "car_2537": [2, 6], "car_2967": [3, 7], "car_2536": [10, 6], "car_2968": [1, 5], "car_2855": [5, 3], "car_1198": [3, 4], "car_1199": [8, 7], "car_2969": [4, 0], "car_1194": [1, 2], "car_1195": [2, 6], "car_1196": [5, 4], "car_1197": [9, 2], "car_1190": [4, 6], "car_1191": [2, 0], "car_1192": [0, 7], "car_1193": [11, 5], "car_2619": [11, 3], "car_2429": [2, 5], "car_2428": [10, 5], "car_2425": [7, 2], "car_2424": [8, 7], "car_2427": [0, 1], "car_2426": [5, 2], "car_2421": [5, 7], "car_2126": [9, 3], "car_2423": [3, 1], "car_2422": [0, 5], "car_2856": [6, 0], "car_2127": [0, 1], "car_978": [9, 5], "car_979": [11, 7], "car_974": [4, 5], "car_975": [7, 0], "car_976": [0, 4], "car_977": [11, 0], "car_970": [6, 7], "car_971": [3, 5], "car_972": [8, 5], "car_973": [11, 1], "car_1424": [11, 2], "car_1425": [7, 2], "car_1426": [10, 6], "car_1427": [5, 0], "car_1420": [7, 4], "car_1421": [10, 5], "car_1422": [9, 1], "car_1423": [3, 6], "car_2402": [9, 0], "car_1428": [6, 0], "car_1429": [9, 3], "car_2857": [9, 3], "car_3259": [1, 6], "car_3358": [3, 1], "car_3359": [8, 7], "car_3354": [4, 6], "car_2128": [7, 2], "car_3356": [10, 7], "car_3357": [9, 2], "car_3350": [5, 1], "car_3258": [9, 0], "car_3352": [8, 2], "car_2129": [10, 4], "car_2511": [10, 1], "car_2510": [7, 4], "car_2513": [3, 1], "car_2512": [6, 7], "car_2515": [4, 5], "car_2514": [11, 7], "car_2517": [8, 2], "car_2516": [10, 2], "car_2519": [5, 2], "car_2518": [7, 4], "car_1738": [7, 3], "car_1739": [10, 0], "car_1730": [0, 1], "car_1731": [3, 0], "car_1732": [7, 1], "car_1733": [10, 3], "car_1734": [5, 7], "car_1735": [9, 5], "car_1736": [0, 2], "car_1737": [3, 5], "car_54": [0, 6], "car_55": [3, 5], "car_56": [8, 7], "car_57": [11, 3], "car_50": [4, 3], "car_51": [2, 1], "car_52": [5, 2], "car_53": [9, 2], "car_58": [1, 6], "car_59": [4, 0], "car_2609": [6, 0], "car_552": [7, 5], "car_805": [7, 1], "car_550": [1, 3], "car_551": [4, 2], "car_556": [1, 2], "car_557": [10, 2], "car_554": [6, 3], "car_555": [11, 6], "car_558": [5, 1], "car_559": [6, 5], "car_808": [6, 2], "car_809": [9, 0], "car_2357": [9, 2], "car_2356": [6, 1], "car_2355": [5, 0], "car_2354": [2, 4], "car_2353": [10, 2], "car_2352": [7, 3], "car_2351": [1, 3], "car_2350": [11, 1], "car_2359": [11, 5], "car_2358": [8, 3], "car_1757": [11, 2], "car_2339": [2, 3], "car_2469": [7, 2], "car_3174": [6, 7], "car_2915": [2, 7], "car_3176": [1, 0], "car_3177": [7, 0], "car_3170": [8, 7], "car_3171": [1, 2], "car_3172": [4, 3], "car_2914": [4, 1], "car_3178": [10, 6], "car_3179": [2, 3], "car_3369": [10, 4], "car_2468": [4, 2], "car_3437": [5, 1], "car_703": [10, 6], "car_702": [7, 1], "car_701": [4, 3], "car_700": [1, 5], "car_707": [11, 1], "car_706": [8, 7], "car_705": [0, 1], "car_704": [9, 3], "car_709": [4, 2], "car_708": [1, 2], "car_3436": [4, 7], "car_3008": [7, 6], "car_3009": [10, 6], "car_3000": [5, 4], "car_3001": [6, 1], "car_3002": [9, 0], "car_3003": [0, 2], "car_3004": [3, 0], "car_3005": [8, 3], "car_3006": [1, 4], "car_3007": [4, 3], "car_2221": [3, 6], "car_2308": [4, 2], "car_2400": [10, 6], "car_2309": [10, 0], "car_3201": [10, 7], "car_1987": [4, 3], "car_1986": [1, 2], "car_1985": [11, 4], "car_1984": [9, 4], "car_1983": [6, 1], "car_1982": [10, 6], "car_1981": [7, 4], "car_1980": [11, 2], "car_1989": [2, 1], "car_1988": [10, 2], "car_2768": [0, 6], "car_1855": [9, 4], "car_1796": [2, 4], "car_1857": [11, 7], "car_1856": [0, 7], "car_1851": [3, 7], "car_1850": [9, 1], "car_1853": [5, 6], "car_1797": [5, 7], "car_2336": [6, 2], "car_1859": [7, 3], "car_1794": [11, 2], "car_2230": [8, 7], "car_129": [11, 1], "car_128": [9, 6], "car_2231": [1, 0], "car_123": [8, 1], "car_122": [0, 5], "car_121": [7, 3], "car_120": [4, 0], "car_127": [5, 1], "car_126": [7, 3], "car_125": [4, 3], "car_124": [1, 5], "car_1790": [10, 6], "car_1219": [1, 7], "car_1218": [8, 4], "car_1217": [3, 5], "car_1216": [0, 2], "car_1215": [9, 1], "car_1214": [2, 1], "car_1213": [10, 6], "car_1212": [11, 6], "car_1211": [0, 7], "car_1210": [9, 6], "car_1415": [2, 7], "car_1414": [10, 5], "car_1417": [3, 0], "car_1416": [0, 4], "car_1411": [3, 2], "car_1410": [6, 7], "car_237": [0, 6], "car_236": [9, 0], "car_235": [5, 3], "car_234": [7, 0], "car_233": [4, 5], "car_232": [11, 6], "car_231": [6, 3], "car_230": [5, 7], "car_3372": [1, 6], "car_1412": [1, 2], "car_239": [7, 3], "car_238": [8, 0], "car_2988": [0, 7], "car_2989": [3, 6], "car_2638": [1, 2], "car_2639": [4, 2], "car_2634": [2, 4], "car_2635": [5, 1], "car_2636": [0, 3], "car_2637": [11, 4], "car_2630": [0, 7], "car_2631": [8, 0], "car_2632": [11, 1], "car_2633": [4, 5], "car_1503": [6, 1], "car_1502": [2, 7], "car_1501": [4, 6], "car_1500": [1, 6], "car_1507": [11, 4], "car_1506": [8, 1], "car_1505": [3, 0], "car_1504": [0, 6], "car_3373": [7, 6], "car_1509": [2, 5], "car_1508": [7, 0], "car_3439": [8, 4], "car_1189": [8, 2], "car_1188": [3, 4], "car_1187": [9, 3], "car_1186": [6, 3], "car_1185": [5, 6], "car_1184": [2, 3], "car_1183": [10, 4], "car_1182": [7, 0], "car_1181": [4, 2], "car_1180": [1, 2], "car_2182": [7, 0], "car_2183": [10, 5], "car_2180": [8, 2], "car_2181": [4, 5], "car_2186": [11, 6], "car_2187": [4, 5], "car_2184": [2, 7], "car_2185": [8, 5], "car_3438": [9, 2], "car_2188": [7, 4], "car_2189": [10, 6], "car_949": [1, 3], "car_948": [11, 7], "car_2742": [8, 4], "car_2743": [11, 0], "car_2744": [4, 2], "car_2745": [2, 7], "car_2746": [0, 7], "car_2747": [11, 7], "car_941": [7, 0], "car_940": [1, 7], "car_943": [2, 5], "car_942": [10, 4], "car_945": [9, 1], "car_944": [6, 3], "car_947": [8, 4], "car_946": [0, 4], "car_1437": [8, 5], "car_1436": [3, 2], "car_1435": [9, 7], "car_1434": [5, 4], "car_1433": [10, 5], "car_1432": [7, 1], "car_1431": [4, 6], "car_1430": [0, 7], "car_1439": [7, 6], "car_1438": [4, 7], "car_3501": [2, 0], "car_2238": [1, 4], "car_2823": [3, 6], "car_493": [8, 6], "car_492": [3, 1], "car_491": [0, 2], "car_490": [5, 7], "car_497": [10, 1], "car_496": [7, 1], "car_495": [4, 1], "car_494": [11, 5], "car_3347": [4, 2], "car_3346": [1, 3], "car_499": [5, 1], "car_498": [2, 6], "car_3343": [10, 3], "car_3342": [4, 3], "car_3341": [1, 0], "car_3340": [11, 4], "car_2296": [7, 5], "car_2297": [10, 0], "car_2294": [1, 3], "car_2239": [4, 6], "car_2292": [3, 1], "car_2293": [8, 2], "car_2290": [10, 6], "car_2291": [9, 3], "car_1918": [5, 1], "car_2568": [1, 5], "car_2569": [4, 7], "car_2298": [9, 2], "car_1919": [0, 3], "car_1729": [9, 3], "car_1728": [6, 3], "car_1723": [8, 1], "car_1722": [9, 0], "car_1721": [5, 0], "car_1720": [2, 4], "car_1727": [2, 7], "car_1726": [10, 4], "car_1725": [7, 6], "car_1724": [4, 2], "car_43": [11, 4], "car_42": [3, 6], "car_41": [0, 1], "car_40": [9, 7], "car_47": [0, 1], "car_46": [9, 3], "car_45": [2, 0], "car_44": [10, 0], "car_49": [1, 4], "car_48": [3, 0], "car_1916": [4, 5], "car_3365": [3, 7], "car_1917": [2, 6], "car_3364": [0, 4], "car_3375": [2, 4], "car_3367": [1, 0], "car_1858": [1, 0], "car_831": [9, 6], "car_830": [6, 5], "car_833": [1, 6], "car_832": [11, 4], "car_835": [2, 5], "car_834": [7, 0], "car_837": [3, 7], "car_836": [0, 2], "car_839": [4, 0], "car_838": [8, 3], "car_2360": [4, 6], "car_2361": [10, 6], "car_2366": [8, 7], "car_2367": [10, 5], "car_2364": [0, 7], "car_2365": [3, 0], "car_2168": [9, 2], "car_2169": [3, 6], "car_3509": [11, 3], "car_2160": [10, 0], "car_2161": [6, 5], "car_2162": [9, 7], "car_2163": [0, 6], "car_2164": [8, 2], "car_2165": [4, 0], "car_2166": [7, 1], "car_2167": [2, 1], "car_2810": [8, 0], "car_2811": [11, 4], "car_2812": [4, 7], "car_2813": [2, 7], "car_1941": [11, 1], "car_2814": [5, 4], "car_3055": [7, 4], "car_2815": [9, 0], "car_2544": [5, 3], "car_3235": [2, 5], "car_2817": [11, 5], "car_3167": [8, 4], "car_3166": [0, 2], "car_3165": [10, 4], "car_3164": [7, 2], "car_3163": [4, 5], "car_3162": [1, 2], "car_3161": [3, 2], "car_3160": [9, 1], "car_2463": [2, 5], "car_3169": [3, 6], "car_3168": [4, 6], "car_2462": [7, 0], "car_3309": [7, 3], "car_710": [5, 1], "car_711": [0, 6], "car_712": [8, 5], "car_713": [4, 2], "car_714": [10, 2], "car_715": [2, 5], "car_716": [5, 6], "car_717": [9, 5], "car_718": [0, 1], "car_719": [3, 0], "car_1892": [0, 1], "car_3019": [11, 7], "car_3018": [0, 4], "car_3028": [3, 5], "car_3013": [3, 6], "car_3012": [9, 5], "car_3011": [6, 2], "car_3010": [5, 3], "car_3017": [9, 4], "car_3016": [6, 1], "car_3015": [5, 4], "car_2987": [9, 1], "car_3508": [8, 7], "car_3421": [8, 5], "car_1894": [1, 7], "car_2895": [6, 3], "car_3368": [4, 6], "car_138": [9, 6], "car_139": [11, 1], "car_130": [4, 3], "car_131": [7, 6], "car_132": [5, 3], "car_133": [6, 5], "car_134": [3, 0], "car_135": [11, 2], "car_136": [4, 6], "car_137": [6, 7], "car_1222": [9, 4], "car_1223": [11, 7], "car_1220": [5, 7], "car_1221": [6, 1], "car_1226": [6, 2], "car_1227": [0, 2], "car_1224": [4, 7], "car_1225": [5, 4], "car_1886": [7, 5], "car_1887": [9, 7], "car_1228": [3, 0], "car_1229": [4, 7], "car_1882": [2, 4], "car_1883": [5, 2], "car_1880": [1, 0], "car_1881": [10, 3], "car_2621": [7, 6], "car_224": [5, 1], "car_225": [3, 6], "car_226": [8, 1], "car_227": [1, 2], "car_220": [2, 7], "car_221": [9, 6], "car_222": [1, 0], "car_223": [4, 0], "car_228": [4, 7], "car_229": [7, 1], "car_1086": [10, 3], "car_1087": [2, 5], "car_1084": [6, 7], "car_1085": [11, 4], "car_1082": [2, 5], "car_1083": [5, 4], "car_1080": [4, 1], "car_1081": [7, 0], "car_2627": [7, 5], "car_2626": [1, 4], "car_2625": [0, 5], "car_2624": [9, 3], "car_2623": [5, 0], "car_2622": [10, 6], "car_1088": [5, 1], "car_1089": [0, 4], "car_1536": [5, 2], "car_1537": [6, 7], "car_1534": [3, 6], "car_1535": [4, 1], "car_1532": [9, 0], "car_1533": [0, 1], "car_1530": [4, 7], "car_1531": [6, 3], "car_1538": [9, 7], "car_1539": [0, 5], "car_3512": [10, 7], "car_956": [2, 7], "car_957": [5, 1], "car_954": [1, 4], "car_955": [7, 2], "car_952": [6, 7], "car_953": [3, 1], "car_950": [2, 7], "car_951": [5, 1], "car_1827": [8, 4], "car_2199": [2, 4], "car_2198": [10, 2], "car_958": [8, 4], "car_959": [1, 2], "car_1158": [5, 6], "car_1159": [9, 3], "car_1408": [2, 3], "car_1409": [5, 4], "car_2757": [2, 1], "car_2756": [10, 2], "car_2755": [4, 2], "car_1829": [10, 3], "car_1150": [3, 2], "car_1151": [2, 3], "car_1152": [5, 1], "car_1153": [6, 4], "car_1154": [11, 4], "car_1155": [4, 2], "car_1156": [10, 0], "car_1157": [2, 5], "car_2532": [3, 6], "car_2380": [8, 5], "car_3510": [1, 4], "car_2764": [11, 4], "car_2381": [11, 2], "car_2382": [2, 5], "car_2383": [5, 7], "car_1826": [0, 7], "car_3314": [1, 5], "car_3315": [4, 3], "car_480": [4, 5], "car_481": [7, 5], "car_482": [10, 7], "car_483": [2, 3], "car_484": [6, 2], "car_485": [11, 3], "car_486": [1, 7], "car_487": [4, 5], "car_488": [10, 6], "car_489": [2, 5], "car_2283": [1, 4], "car_2282": [11, 0], "car_2285": [2, 1], "car_2284": [4, 6], "car_2287": [9, 5], "car_2286": [5, 0], "car_2577": [0, 6], "car_853": [7, 0], "car_2575": [7, 6], "car_2574": [3, 4], "car_2573": [6, 2], "car_2572": [2, 4], "car_2571": [10, 6], "car_852": [4, 5], "car_851": [1, 3], "car_2579": [1, 5], "car_2578": [8, 5], "car_582": [6, 2], "car_1718": [11, 6], "car_1719": [7, 1], "car_1716": [6, 5], "car_857": [11, 1], "car_1714": [4, 6], "car_1715": [5, 7], "car_1712": [8, 4], "car_1713": [11, 1], "car_1710": [9, 2], "car_856": [3, 4], "car_2982": [3, 7], "car_1828": [7, 4], "car_855": [0, 2], "car_2983": [8, 6], "car_854": [2, 1], "car_2980": [2, 7], "car_2981": [5, 1], "car_2739": [4, 1], "car_2738": [11, 6], "car_3494": [9, 1], "car_2379": [3, 7], "car_2378": [6, 5], "car_828": [2, 4], "car_829": [5, 0], "car_826": [1, 6], "car_827": [10, 5], "car_824": [0, 3], "car_825": [3, 4], "car_822": [2, 0], "car_823": [9, 7], "car_820": [0, 6], "car_821": [1, 0], "car_3484": [7, 1], "car_3485": [2, 1], "car_2179": [9, 7], "car_2178": [10, 7], "car_3480": [9, 4], "car_3481": [0, 6], "car_3482": [3, 1], "car_3483": [1, 0], "car_2173": [7, 4], "car_2172": [4, 2], "car_2171": [11, 5], "car_2170": [8, 3], "car_2177": [8, 1], "car_2176": [3, 1], "car_2175": [6, 0], "car_2174": [2, 6], "car_3238": [3, 1], "car_2535": [4, 3], "car_3349": [2, 7], "car_3218": [0, 5], "car_3158": [4, 0], "car_3159": [2, 5], "car_2534": [1, 6], "car_3499": [8, 3], "car_3152": [2, 4], "car_3153": [6, 4], "car_3150": [7, 6], "car_3151": [10, 6], "car_3156": [8, 0], "car_3157": [11, 4], "car_3154": [9, 5], "car_3155": [0, 6], "car_3398": [7, 6], "car_3399": [10, 7], "car_3390": [10, 1], "car_3391": [5, 2], "car_3392": [6, 1], "car_3393": [9, 7], "car_3394": [0, 2], "car_3395": [8, 0], "car_3396": [11, 3], "car_3397": [4, 5], "car_3389": [7, 5], "car_729": [11, 0], "car_728": [8, 1], "car_725": [5, 1], "car_724": [2, 5], "car_727": [3, 1], "car_726": [6, 5], "car_721": [11, 3], "car_720": [8, 2], "car_723": [4, 5], "car_722": [1, 4], "car_2708": [11, 5], "car_3029": [4, 3], "car_3026": [9, 6], "car_3027": [0, 1], "car_3024": [7, 4], "car_3025": [2, 6], "car_3022": [3, 0], "car_3023": [4, 2], "car_3020": [2, 4], "car_3021": [5, 3], "car_3519": [7, 6], "car_2620": [4, 3], "car_3275": [3, 7], "car_1795": [7, 0], "car_3274": [0, 5], "car_1792": [9, 2], "car_3226": [7, 3], "car_1793": [0, 1], "car_2440": [10, 2], "car_105": [0, 7], "car_104": [5, 1], "car_107": [4, 1], "car_106": [11, 0], "car_101": [4, 2], "car_100": [1, 3], "car_103": [2, 5], "car_102": [7, 1], "car_1888": [3, 6], "car_109": [9, 7], "car_108": [2, 4], "car_1791": [2, 5], "car_1235": [5, 1], "car_1234": [11, 5], "car_1237": [3, 4], "car_1236": [9, 0], "car_1231": [2, 0], "car_1230": [7, 0], "car_1233": [3, 7], "car_1232": [0, 3], "car_1899": [11, 1], "car_1898": [3, 1], "car_1239": [3, 5], "car_1238": [4, 5], "car_3511": [7, 1], "car_3516": [8, 7], "car_3517": [11, 2], "car_3514": [9, 5], "car_3141": [3, 4], "car_3515": [0, 7], "car_211": [6, 5], "car_210": [11, 7], "car_213": [2, 7], "car_212": [0, 1], "car_215": [0, 3], "car_214": [9, 4], "car_217": [11, 1], "car_216": [8, 4], "car_219": [7, 5], "car_218": [1, 2], "car_3518": [1, 3], "car_2676": [2, 5], "car_1529": [11, 2], "car_1528": [8, 0], "car_2610": [0, 3], "car_2611": [3, 2], "car_2616": [0, 7], "car_2617": [3, 5], "car_2614": [4, 1], "car_2615": [5, 2], "car_1521": [11, 0], "car_1520": [8, 7], "car_1523": [7, 0], "car_1522": [4, 2], "car_1525": [2, 1], "car_1524": [10, 4], "car_1527": [3, 1], "car_1526": [5, 0], "car_3227": [10, 4], "car_2849": [5, 6], "car_2700": [4, 2], "car_2848": [2, 7], "car_2740": [7, 2], "car_3222": [10, 1], "car_2741": [3, 2], "car_3223": [6, 2], "car_2313": [4, 5], "car_2701": [7, 0], "car_2312": [11, 0], "car_2311": [9, 7], "car_923": [5, 2], "car_922": [2, 0], "car_921": [4, 7], "car_920": [1, 5], "car_927": [1, 2], "car_926": [11, 2], "car_925": [8, 4], "car_924": [3, 4], "car_2317": [8, 3], "car_929": [7, 4], "car_928": [4, 6], "car_2316": [3, 0], "car_2766": [10, 3], "car_2748": [4, 5], "car_1149": [0, 7], "car_1148": [9, 2], "car_1419": [1, 3], "car_1418": [11, 7], "car_2760": [11, 0], "car_2749": [7, 2], "car_1143": [3, 6], "car_1142": [0, 2], "car_1141": [9, 7], "car_1140": [6, 2], "car_1147": [2, 1], "car_1146": [10, 2], "car_1145": [1, 6], "car_1144": [11, 2], "car_1099": [7, 0], "car_1098": [4, 3], "car_3385": [5, 6], "car_1091": [1, 6], "car_1090": [11, 1], "car_1093": [2, 5], "car_1092": [7, 0], "car_1095": [9, 0], "car_1094": [6, 3], "car_1097": [1, 5], "car_1096": [3, 4], "car_2818": [1, 2], "car_2819": [4, 5], "car_2548": [2, 5], "car_2549": [5, 1], "car_3361": [7, 1], "car_3360": [4, 3], "car_3363": [9, 1], "car_3362": [6, 3], "car_2542": [7, 2], "car_2543": [2, 1], "car_2540": [11, 3], "car_2541": [4, 6], "car_2546": [8, 7], "car_2547": [10, 7], "car_2521": [3, 4], "car_2545": [9, 5], "car_3562": [5, 0], "car_3561": [2, 5], "car_3384": [10, 1], "car_3468": [0, 6], "car_1701": [2, 0], "car_1700": [11, 2], "car_1703": [9, 6], "car_1702": [6, 7], "car_1705": [1, 4], "car_1704": [0, 1], "car_1707": [10, 7], "car_1706": [4, 3], "car_1709": [6, 1], "car_1708": [5, 2], "car_2522": [8, 0], "car_2523": [11, 2], "car_589": [9, 4], "car_588": [5, 4], "car_859": [0, 7], "car_858": [7, 6], "car_2384": [6, 0], "car_2385": [8, 7], "car_1695": [10, 0], "car_2387": [5, 2], "car_581": [2, 0], "car_580": [10, 4], "car_583": [9, 3], "car_850": [11, 2], "car_585": [8, 6], "car_584": [3, 5], "car_587": [2, 3], "car_586": [11, 6], "car_3497": [6, 5], "car_3496": [4, 6], "car_3495": [8, 5], "car_2002": [2, 1], "car_3493": [2, 5], "car_3492": [4, 3], "car_2148": [9, 7], "car_2149": [0, 6], "car_2146": [7, 6], "car_2147": [6, 4], "car_2144": [1, 2], "car_2145": [4, 5], "car_2142": [8, 6], "car_2143": [11, 7], "car_2140": [0, 1], "car_2141": [3, 7], "car_3529": [2, 1], "car_2985": [5, 1], "car_3149": [4, 7], "car_3148": [3, 5], "car_3145": [5, 3], "car_3144": [2, 5], "car_3147": [0, 5], "car_3146": [9, 6], "car_2779": [10, 5], "car_3140": [0, 5], "car_3143": [4, 6], "car_3142": [11, 6], "car_457": [9, 7], "car_456": [6, 5], "car_455": [1, 3], "car_454": [11, 2], "car_453": [3, 5], "car_452": [0, 2], "car_451": [9, 4], "car_450": [6, 3], "car_3383": [4, 0], "car_3382": [1, 6], "car_3381": [2, 1], "car_1878": [3, 1], "car_3387": [3, 0], "car_3386": [0, 2], "car_459": [3, 4], "car_458": [0, 3], "car_1877": [0, 7], "car_1876": [9, 5], "car_2778": [8, 0], "car_2993": [5, 1], "car_1875": [5, 2], "car_1874": [10, 3], "car_1873": [11, 5], "car_1872": [8, 2], "car_738": [2, 6], "car_739": [6, 4], "car_1871": [0, 7], "car_733": [9, 3], "car_732": [2, 7], "car_32": [1, 4], "car_730": [4, 2], "car_731": [7, 6], "car_736": [1, 7], "car_737": [4, 3], "car_734": [3, 1], "car_735": [8, 5], "car_3031": [2, 0], "car_1976": [9, 6], "car_3033": [9, 7], "car_3032": [6, 1], "car_3035": [11, 4], "car_3034": [8, 0], "car_3037": [4, 1], "car_1977": [6, 3], "car_3039": [5, 4], "car_3038": [2, 6], "car_3348": [7, 5], "car_1698": [9, 6], "car_3345": [11, 4], "car_3344": [9, 1], "car_3030": [7, 6], "car_38": [5, 1], "car_39": [6, 4], "car_2564": [7, 0], "car_2565": [2, 7], "car_3036": [1, 3], "car_2566": [6, 7], "car_2295": [4, 6], "car_1978": [9, 3], "car_2560": [0, 3], "car_1979": [8, 1], "car_3523": [9, 5], "car_2561": [3, 2], "car_2562": [1, 4], "car_2563": [4, 5], "car_2443": [9, 1], "car_2442": [5, 2], "car_3522": [5, 3], "car_3351": [3, 2], "car_2441": [2, 7], "car_112": [1, 2], "car_113": [4, 5], "car_110": [0, 7], "car_111": [3, 6], "car_116": [2, 1], "car_117": [5, 1], "car_114": [7, 2], "car_115": [10, 1], "car_2447": [4, 5], "car_118": [11, 7], "car_119": [1, 0], "car_2446": [1, 6], "car_2445": [3, 0], "car_3521": [2, 6], "car_2299": [0, 3], "car_2533": [11, 5], "car_2453": [11, 4], "car_3408": [3, 4], "car_2454": [1, 5], "car_3409": [1, 4], "car_1950": [11, 6], "car_1951": [10, 3], "car_1952": [2, 6], "car_1953": [9, 1], "car_1954": [8, 3], "car_1955": [7, 6], "car_208": [5, 6], "car_209": [6, 3], "car_206": [1, 5], "car_207": [10, 3], "car_204": [0, 2], "car_205": [3, 7], "car_202": [2, 4], "car_203": [9, 3], "car_200": [7, 5], "car_201": [10, 6], "car_2605": [4, 6], "car_2604": [8, 3], "car_2607": [10, 4], "car_2606": [7, 0], "car_1558": [10, 5], "car_1559": [0, 1], "car_2603": [2, 0], "car_2602": [7, 4], "car_1554": [0, 3], "car_1555": [8, 7], "car_1556": [11, 2], "car_1557": [1, 4], "car_1550": [10, 2], "car_1551": [5, 1], "car_1552": [6, 5], "car_1553": [9, 4], "car_1398": [8, 6], "car_1399": [1, 0], "car_1392": [8, 1], "car_1393": [11, 1], "car_1390": [2, 0], "car_1391": [6, 2], "car_1396": [2, 1], "car_1397": [5, 3], "car_1394": [1, 0], "car_1395": [10, 5], "car_2598": [5, 3], "car_3544": [9, 3], "car_3404": [7, 6], "car_930": [10, 3], "car_931": [2, 0], "car_932": [9, 4], "car_933": [0, 5], "car_934": [8, 2], "car_935": [11, 0], "car_936": [2, 5], "car_937": [6, 3], "car_938": [0, 3], "car_939": [3, 1], "car_2773": [8, 4], "car_2772": [0, 1], "car_2775": [10, 4], "car_2774": [11, 4], "car_2777": [3, 1], "car_2776": [5, 2], "car_6": [11, 2], "car_7": [4, 1], "car_4": [4, 7], "car_5": [6, 3], "car_2": [11, 6], "car_3": [1, 3], "car_1178": [6, 5], "car_1": [3, 0], "car_1176": [7, 3], "car_1177": [10, 4], "car_1174": [6, 0], "car_1175": [1, 3], "car_1172": [2, 0], "car_1173": [5, 4], "car_8": [10, 3], "car_9": [2, 7], "car_3513": [5, 6], "car_2809": [3, 0], "car_2808": [0, 5], "car_2559": [9, 2], "car_2558": [10, 1], "car_2555": [0, 5], "car_2554": [10, 1], "car_2557": [4, 2], "car_2556": [1, 6], "car_2551": [8, 2], "car_2550": [3, 0], "car_2553": [1, 4], "car_2552": [11, 2], "car_3556": [6, 1], "car_3557": [3, 5], "car_3554": [1, 3], "car_3555": [10, 1], "car_3552": [9, 2], "car_3553": [8, 4], "car_3550": [2, 4], "car_3551": [6, 0], "car_3558": [8, 5], "car_3559": [11, 3], "car_1774": [6, 0], "car_1775": [0, 3], "car_1776": [8, 2], "car_1777": [7, 6], "car_1770": [1, 6], "car_1771": [10, 3], "car_1772": [2, 0], "car_1773": [5, 7], "car_1778": [10, 0], "car_1779": [3, 4], "car_98": [8, 3], "car_99": [11, 1], "car_90": [11, 2], "car_91": [1, 5], "car_92": [4, 0], "car_93": [0, 1], "car_94": [7, 4], "car_95": [10, 6], "car_96": [5, 1], "car_97": [3, 1], "car_596": [9, 7], "car_597": [3, 6], "car_594": [5, 1], "car_595": [6, 2], "car_592": [7, 0], "car_593": [2, 7], "car_590": [1, 3], "car_591": [4, 0], "car_3500": [10, 7], "car_598": [8, 3], "car_599": [11, 0], "car_848": [6, 1], "car_849": [0, 1], "car_2391": [8, 3], "car_2390": [3, 2], "car_2397": [8, 3], "car_2396": [6, 4], "car_2395": [5, 2], "car_2394": [2, 4], "car_840": [5, 7], "car_841": [11, 6], "car_842": [1, 7], "car_843": [10, 1], "car_844": [6, 7], "car_845": [3, 0], "car_846": [4, 3], "car_847": [5, 3], "car_1608": [5, 2], "car_1609": [9, 7], "car_2153": [7, 5], "car_2152": [4, 3], "car_2155": [2, 1], "car_2154": [10, 5], "car_2157": [3, 0], "car_2156": [0, 4], "car_1600": [0, 6], "car_1601": [3, 2], "car_1602": [5, 4], "car_1603": [6, 4], "car_1604": [4, 1], "car_1605": [7, 4], "car_1606": [10, 1], "car_1607": [2, 5], "car_2369": [9, 2], "car_3538": [9, 4], "car_2362": [2, 7], "car_2363": [5, 3], "car_444": [9, 2], "car_445": [0, 3], "car_446": [11, 1], "car_447": [1, 6], "car_440": [4, 7], "car_441": [7, 2], "car_442": [10, 4], "car_443": [6, 5], "car_448": [4, 0], "car_449": [5, 7], "car_2717": [10, 1], "car_2716": [7, 2], "car_3210": [3, 5], "car_2715": [4, 3], "car_2201": [8, 3], "car_2714": [11, 6], "car_2200": [9, 3], "car_2713": [8, 5], "car_2712": [3, 5], "car_2711": [9, 6], "car_2710": [5, 7], "car_3405": [10, 6], "car_3044": [2, 6], "car_3045": [5, 4], "car_3046": [6, 7], "car_3047": [9, 1], "car_3040": [3, 4], "car_3041": [8, 7], "car_3042": [1, 0], "car_3043": [10, 0], "car_3048": [0, 3], "car_3049": [1, 5], "car_2209": [8, 5], "car_3534": [7, 5], "car_2208": [9, 2], "car_3535": [10, 6], "car_2324": [11, 3], "car_695": [7, 4], "car_694": [4, 6], "car_697": [6, 0], "car_696": [2, 3], "car_691": [9, 4], "car_690": [6, 0], "car_693": [1, 4], "car_692": [3, 4], "car_699": [11, 5], "car_698": [9, 3], "car_3479": [10, 6], "car_3478": [7, 6], "car_2399": [4, 1], "car_1943": [4, 2], "car_1942": [1, 2], "car_279": [6, 3], "car_278": [5, 3], "car_1947": [9, 5], "car_1946": [6, 0], "car_1945": [2, 6], "car_1944": [10, 3], "car_273": [6, 4], "car_272": [2, 1], "car_271": [10, 4], "car_270": [4, 0], "car_277": [4, 5], "car_276": [1, 4], "car_275": [8, 7], "car_274": [3, 6], "car_2946": [4, 3], "car_1925": [2, 3], "car_2944": [11, 5], "car_2945": [1, 0], "car_2942": [3, 5], "car_2943": [8, 0], "car_1549": [7, 4], "car_1548": [1, 4], "car_1547": [8, 5], "car_1546": [3, 0], "car_1545": [0, 7], "car_1544": [9, 4], "car_1543": [7, 5], "car_1542": [4, 6], "car_1541": [11, 4], "car_1540": [3, 5], "car_1389": [10, 0], "car_1388": [4, 7], "car_1385": [3, 2], "car_1384": [6, 1], "car_1387": [1, 7], "car_1386": [8, 0], "car_1381": [1, 0], "car_1380": [11, 0], "car_1383": [5, 7], "car_1382": [2, 3], "car_307": [2, 7], "car_306": [10, 1], "car_305": [7, 6], "car_304": [8, 1], "car_303": [0, 7], "car_302": [9, 3], "car_301": [10, 0], "car_300": [4, 0], "car_804": [1, 3], "car_309": [9, 2], "car_308": [5, 1], "car_3435": [1, 3], "car_909": [4, 2], "car_908": [8, 5], "car_3434": [9, 2], "car_905": [10, 4], "car_904": [8, 6], "car_907": [9, 0], "car_906": [5, 7], "car_901": [9, 2], "car_900": [10, 0], "car_903": [3, 5], "car_902": [0, 7], "car_1161": [3, 7], "car_1160": [0, 6], "car_1163": [4, 0], "car_1162": [8, 2], "car_1165": [6, 1], "car_1164": [2, 0], "car_1167": [0, 3], "car_1166": [9, 5], "car_1169": [11, 1], "car_1168": [3, 6], "car_3539": [3, 4], "car_2432": [9, 0], "car_2433": [0, 3], "car_2430": [5, 0], "car_3549": [10, 2], "car_3548": [1, 0], "car_2322": [9, 5], "car_2431": [6, 2], "car_2838": [11, 2], "car_2839": [1, 0], "car_2836": [6, 0], "car_2436": [11, 0], "car_2834": [10, 5], "car_2835": [5, 3], "car_2832": [1, 3], "car_2833": [7, 3], "car_2830": [8, 0], "car_2437": [0, 5], "car_2010": [6, 7], "car_2011": [9, 2], "car_2012": [3, 5], "car_2013": [8, 4], "car_2014": [11, 2], "car_2015": [1, 2], "car_2016": [7, 5], "car_2017": [10, 1], "car_2018": [2, 7], "car_2019": [5, 7], "car_2435": [8, 0], "car_87": [2, 7], "car_86": [7, 3], "car_85": [1, 0], "car_84": [11, 7], "car_83": [8, 7], "car_82": [3, 4], "car_81": [0, 5], "car_80": [9, 6], "car_3249": [6, 1], "car_2001": [4, 6], "car_89": [3, 1], "car_88": [9, 3], "car_2000": [1, 3], "car_2498": [1, 0], "car_2499": [7, 1], "car_2494": [5, 2], "car_2495": [9, 6], "car_2496": [8, 5], "car_2497": [11, 6], "car_2490": [9, 3], "car_2491": [8, 1], "car_2492": [1, 7], "car_2493": [7, 1], "car_875": [2, 7], "car_874": [7, 3], "car_877": [11, 1], "car_876": [9, 0], "car_871": [8, 1], "car_870": [6, 0], "car_873": [1, 5], "car_872": [11, 5], "car_3228": [2, 3], "car_3242": [0, 3], "car_1694": [11, 7], "car_879": [2, 3], "car_878": [1, 7], "car_3243": [4, 6], "car_1752": [10, 1], "car_1753": [2, 4], "car_1699": [0, 5], "car_2124": [3, 2], "car_2125": [5, 0], "car_1619": [4, 3], "car_1618": [1, 4], "car_2120": [11, 4], "car_2121": [10, 0], "car_2122": [5, 1], "car_2123": [9, 2], "car_1613": [10, 5], "car_1612": [7, 2], "car_1611": [4, 3], "car_1610": [3, 4], "car_1617": [11, 6], "car_1616": [8, 5], "car_1615": [3, 6], "car_1614": [9, 5], "car_1754": [5, 2], "car_1755": [9, 4], "car_2767": [6, 5], "car_2323": [0, 3], "car_471": [7, 2], "car_470": [4, 6], "car_473": [2, 7], "car_472": [10, 1], "car_475": [6, 0], "car_474": [5, 3], "car_477": [3, 1], "car_476": [9, 1], "car_479": [1, 2], "car_478": [11, 2], "car_2232": [4, 0], "car_2233": [7, 2], "car_2234": [10, 0], "car_2235": [5, 3], "car_2236": [0, 2], "car_2237": [3, 1], "car_2769": [1, 2], "car_2765": [7, 4], "car_2038": [1, 0], "car_2709": [2, 1], "car_3229": [6, 2], "car_3057": [0, 1], "car_3056": [5, 7], "car_2762": [7, 4], "car_3054": [0, 7], "car_3053": [9, 2], "car_3052": [10, 0], "car_3051": [7, 6], "car_3050": [4, 6], "car_3059": [8, 2], "car_3058": [3, 2], "car_3303": [10, 7], "car_2039": [7, 1], "car_2763": [5, 0], "car_1819": [8, 4], "car_1818": [6, 7], "car_2386": [1, 6], "car_682": [2, 4], "car_683": [5, 3], "car_680": [11, 1], "car_681": [10, 3], "car_686": [8, 0], "car_687": [11, 6], "car_684": [6, 2], "car_685": [9, 6], "car_688": [4, 0], "car_689": [2, 7], "car_2481": [7, 6], "car_2761": [4, 1], "car_3540": [8, 2], "car_3282": [0, 1], "car_3283": [3, 7], "car_1815": [1, 3], "car_3280": [2, 7], "car_1814": [11, 7], "car_3281": [9, 3], "car_3286": [5, 6], "car_3543": [5, 1], "car_2388": [6, 5], "car_3287": [6, 2], "car_3284": [1, 0], "car_3285": [4, 1], "car_3542": [7, 1], "car_2389": [0, 6], "car_3288": [0, 5], "car_3289": [3, 6], "car_1670": [6, 0], "car_1956": [8, 6], "car_3302": [8, 2], "car_1957": [11, 3], "car_3324": [7, 5], "car_1958": [1, 3], "car_1959": [5, 1], "car_3545": [3, 7], "car_2003": [5, 1], "car_268": [0, 7], "car_269": [8, 1], "car_1974": [5, 2], "car_1975": [6, 3], "car_1972": [8, 3], "car_1973": [10, 7], "car_1970": [0, 4], "car_1971": [3, 6], "car_260": [0, 1], "car_261": [8, 5], "car_262": [11, 0], "car_263": [1, 3], "car_264": [7, 3], "car_265": [2, 4], "car_266": [5, 2], "car_267": [9, 2], "car_1572": [2, 6], "car_1573": [6, 2], "car_1570": [3, 7], "car_1571": [4, 3], "car_1576": [8, 3], "car_1577": [11, 1], "car_1574": [9, 3], "car_1575": [3, 5], "car_1578": [4, 0], "car_1579": [7, 5], "car_2971": [1, 5], "car_1370": [5, 3], "car_1371": [3, 5], "car_1372": [8, 0], "car_1373": [11, 0], "car_1374": [4, 1], "car_1375": [7, 3], "car_1376": [10, 6], "car_1377": [2, 5], "car_1378": [5, 4], "car_1379": [9, 6], "car_3014": [10, 4], "car_3254": [4, 7], "car_2600": [3, 5], "car_2975": [0, 2], "car_2974": [6, 2], "car_314": [5, 7], "car_315": [6, 2], "car_316": [9, 6], "car_317": [0, 6], "car_310": [0, 1], "car_311": [1, 0], "car_312": [7, 5], "car_313": [2, 7], "car_318": [3, 2], "car_319": [8, 3], "car_918": [9, 1], "car_919": [8, 2], "car_2719": [8, 6], "car_2718": [6, 3], "car_912": [5, 2], "car_913": [6, 1], "car_910": [10, 2], "car_911": [2, 1], "car_916": [5, 7], "car_917": [6, 5], "car_914": [0, 3], "car_915": [7, 1], "car_1114": [9, 1], "car_1115": [11, 0], "car_1116": [1, 4], "car_1117": [4, 2], "car_1110": [1, 6], "car_1111": [4, 6], "car_1112": [10, 2], "car_1113": [2, 7], "car_1118": [7, 6], "car_1119": [10, 7], "car_1284": [5, 3], "car_1285": [0, 1], "car_1286": [3, 5], "car_1287": [11, 4], "car_1280": [3, 2], "car_1281": [11, 4], "car_1282": [10, 4], "car_1283": [2, 7], "car_3458": [6, 7], "car_2130": [3, 2], "car_1288": [1, 2], "car_1289": [10, 0], "car_2959": [1, 0], "car_2958": [11, 5], "car_2951": [3, 7], "car_2950": [0, 1], "car_2953": [4, 1], "car_2952": [8, 4], "car_2955": [5, 0], "car_2954": [10, 2], "car_2957": [3, 6], "car_2956": [6, 3], "car_2821": [10, 3], "car_2820": [7, 4], "car_1744": [5, 0], "car_2822": [6, 0], "car_2825": [11, 0], "car_2824": [8, 1], "car_2827": [7, 0], "car_2826": [4, 7], "car_2829": [6, 4], "car_2828": [10, 1], "car_3536": [2, 3], "car_3537": [6, 4], "car_3530": [5, 4], "car_3531": [0, 4], "car_3532": [8, 7], "car_3533": [1, 6], "car_1028": [11, 2], "car_1029": [1, 0], "car_1758": [7, 5], "car_1759": [10, 3], "car_2007": [11, 5], "car_2006": [3, 4], "car_2005": [9, 0], "car_2004": [6, 5], "car_1020": [4, 6], "car_1021": [10, 3], "car_1022": [2, 4], "car_1023": [5, 1], "car_1024": [6, 2], "car_1025": [9, 4], "car_1026": [0, 4], "car_1027": [8, 3], "car_1598": [5, 7], "car_1599": [6, 5], "car_1590": [7, 6], "car_1591": [2, 4], "car_1592": [5, 4], "car_1593": [0, 2], "car_1594": [3, 5], "car_1595": [8, 6], "car_1596": [1, 0], "car_1597": [10, 0], "car_2489": [6, 1], "car_2488": [2, 5], "car_2487": [10, 7], "car_2486": [1, 7], "car_2485": [3, 2], "car_2484": [9, 1], "car_2483": [6, 7], "car_2482": [5, 6], "car_1746": [9, 1], "car_2480": [11, 1], "car_862": [7, 4], "car_863": [10, 1], "car_860": [3, 0], "car_861": [8, 5], "car_866": [0, 5], "car_867": [3, 2], "car_864": [2, 4], "car_865": [6, 4], "car_868": [8, 7], "car_869": [11, 1], "car_3440": [4, 2], "car_3441": [2, 4], "car_3442": [5, 4], "car_3443": [6, 3], "car_3444": [8, 3], "car_3445": [1, 4], "car_3446": [4, 0], "car_3447": [10, 7], "car_3448": [2, 6], "car_3449": [6, 2], "car_1741": [3, 6], "car_2137": [2, 1], "car_2136": [10, 4], "car_2135": [9, 5], "car_2134": [5, 6], "car_2133": [2, 3], "car_2132": [7, 4], "car_1628": [1, 6], "car_1629": [10, 5], "car_1626": [8, 4], "car_1627": [11, 3], "car_1624": [2, 6], "car_1625": [0, 5], "car_1622": [4, 3], "car_1623": [10, 6], "car_1620": [10, 0], "car_1621": [3, 6], "car_1740": [9, 5]}