{"car_2009": [4, 0], "car_468": [6, 3], "car_469": [0, 6], "car_466": [5, 4], "car_467": [0, 5], "car_464": [4, 6], "car_465": [10, 0], "car_462": [9, 3], "car_463": [3, 5], "car_460": [5, 3], "car_461": [6, 1], "car_817": [4, 2], "car_816": [11, 5], "car_815": [9, 5], "car_814": [6, 3], "car_813": [5, 1], "car_812": [8, 3], "car_2072": [2, 4], "car_811": [0, 6], "car_2073": [3, 7], "car_810": [2, 3], "car_679": [0, 6], "car_678": [9, 7], "car_677": [4, 6], "car_676": [1, 3], "car_675": [6, 7], "car_674": [5, 2], "car_673": [8, 4], "car_672": [10, 3], "car_671": [11, 3], "car_670": [9, 3], "car_2078": [0, 5], "car_2079": [3, 4], "car_789": [8, 7], "car_788": [3, 0], "car_783": [7, 2], "car_782": [1, 7], "car_781": [9, 2], "car_780": [11, 0], "car_787": [0, 6], "car_786": [6, 0], "car_785": [5, 4], "car_784": [10, 1], "car_0": [0, 1], "car_1179": [3, 0], "car_255": [6, 4], "car_254": [1, 4], "car_257": [4, 0], "car_256": [0, 4], "car_251": [4, 1], "car_250": [1, 0], "car_253": [8, 1], "car_252": [10, 1], "car_1961": [8, 4], "car_1960": [6, 4], "car_1963": [4, 0], "car_1962": [11, 0], "car_259": [7, 6], "car_258": [2, 0], "car_1967": [7, 3], "car_1966": [8, 3], "car_1170": [4, 7], "car_1171": [5, 6], "car_1565": [3, 6], "car_1564": [2, 4], "car_1567": [9, 4], "car_1566": [1, 4], "car_1561": [8, 4], "car_1560": [5, 7], "car_1563": [7, 6], "car_1562": [4, 7], "car_1569": [7, 5], "car_1568": [3, 4], "car_1413": [0, 6], "car_1363": [10, 6], "car_1362": [8, 3], "car_1361": [3, 5], "car_1360": [4, 0], "car_1367": [6, 5], "car_1366": [10, 6], "car_1365": [11, 1], "car_1364": [6, 2], "car_1369": [3, 1], "car_1368": [9, 5], "car_321": [10, 7], "car_320": [1, 0], "car_323": [5, 1], "car_322": [2, 0], "car_325": [7, 0], "car_324": [3, 4], "car_327": [2, 0], "car_326": [6, 3], "car_329": [6, 0], "car_328": [5, 1], "car_1107": [1, 2], "car_1106": [8, 6], "car_1105": [8, 7], "car_1104": [5, 2], "car_1103": [7, 0], "car_1102": [1, 5], "car_1101": [0, 3], "car_1100": [11, 2], "car_1109": [0, 6], "car_1108": [6, 4], "car_1297": [8, 1], "car_1296": [5, 4], "car_1295": [2, 1], "car_1294": [0, 6], "car_1293": [5, 2], "car_1292": [10, 1], "car_1291": [2, 4], "car_1290": [4, 7], "car_1299": [10, 6], "car_1298": [11, 0], "car_2036": [8, 6], "car_2037": [6, 3], "car_1039": [8, 2], "car_1038": [7, 1], "car_1749": [0, 7], "car_1748": [2, 6], "car_2030": [5, 4], "car_2031": [6, 3], "car_1033": [0, 4], "car_1032": [9, 5], "car_1031": [6, 4], "car_1030": [7, 5], "car_1037": [11, 7], "car_1036": [2, 7], "car_1035": [10, 3], "car_1034": [7, 6], "car_1589": [5, 7], "car_1588": [10, 7], "car_1583": [5, 7], "car_1582": [8, 7], "car_1581": [0, 5], "car_1580": [5, 7], "car_1587": [8, 2], "car_1586": [8, 7], "car_1585": [3, 2], "car_1584": [11, 0], "car_1852": [5, 2], "car_1906": [6, 3], "car_899": [4, 5], "car_898": [1, 7], "car_897": [3, 0], "car_896": [0, 3], "car_895": [5, 3], "car_894": [2, 3], "car_893": [10, 4], "car_892": [7, 2], "car_891": [8, 4], "car_890": [0, 6], "car_2108": [5, 7], "car_2109": [9, 2], "car_2102": [6, 3], "car_2103": [9, 3], "car_2100": [7, 0], "car_2101": [2, 7], "car_2106": [4, 7], "car_2107": [10, 6], "car_2104": [0, 6], "car_2105": [1, 6], "car_1631": [10, 2], "car_1630": [11, 5], "car_1633": [9, 6], "car_1632": [2, 7], "car_1635": [1, 6], "car_1634": [3, 1], "car_1637": [5, 2], "car_1636": [10, 2], "car_1639": [3, 2], "car_1638": [6, 2], "car_1751": [11, 5], "car_1756": [2, 0], "car_419": [4, 0], "car_418": [1, 3], "car_413": [2, 4], "car_412": [8, 0], "car_411": [7, 6], "car_410": [4, 7], "car_417": [6, 1], "car_416": [10, 3], "car_415": [4, 5], "car_414": [0, 5], "car_1679": [9, 5], "car_1678": [5, 0], "car_527": [6, 5], "car_526": [4, 5], "car_525": [1, 2], "car_524": [9, 1], "car_523": [2, 3], "car_522": [7, 2], "car_521": [4, 5], "car_520": [0, 2], "car_1671": [4, 0], "car_1889": [9, 2], "car_529": [1, 3], "car_528": [3, 1], "car_1884": [9, 7], "car_1885": [7, 3], "car_668": [0, 3], "car_669": [3, 0], "car_664": [5, 3], "car_665": [7, 1], "car_666": [2, 4], "car_667": [5, 0], "car_660": [3, 0], "car_661": [8, 3], "car_662": [7, 2], "car_663": [2, 3], "car_1854": [0, 2], "car_798": [1, 3], "car_799": [10, 2], "car_790": [11, 2], "car_791": [1, 7], "car_792": [7, 6], "car_793": [10, 6], "car_794": [6, 1], "car_795": [3, 0], "car_796": [8, 4], "car_797": [9, 3], "car_242": [6, 5], "car_243": [1, 0], "car_240": [9, 5], "car_241": [0, 1], "car_246": [8, 1], "car_247": [2, 3], "car_244": [4, 5], "car_245": [2, 4], "car_1914": [6, 1], "car_1915": [0, 6], "car_248": [6, 5], "car_249": [9, 5], "car_1910": [8, 7], "car_1911": [7, 5], "car_1912": [10, 1], "car_1913": [2, 0], "car_1356": [9, 2], "car_1357": [0, 6], "car_1354": [1, 2], "car_1355": [2, 5], "car_1352": [9, 0], "car_1353": [3, 4], "car_1350": [2, 0], "car_1351": [6, 2], "car_1358": [3, 7], "car_1359": [8, 5], "car_1831": [0, 3], "car_1820": [10, 5], "car_1821": [0, 5], "car_1822": [3, 7], "car_1823": [9, 3], "car_1824": [8, 6], "car_1825": [1, 2], "car_338": [10, 4], "car_339": [2, 4], "car_336": [4, 3], "car_337": [7, 0], "car_334": [2, 6], "car_335": [1, 6], "car_332": [11, 4], "car_333": [4, 7], "car_330": [0, 5], "car_331": [8, 1], "car_1138": [5, 6], "car_1139": [8, 2], "car_1132": [3, 7], "car_1133": [8, 1], "car_1130": [11, 4], "car_1131": [1, 0], "car_1136": [5, 7], "car_1137": [1, 7], "car_1134": [11, 5], "car_1135": [7, 0], "car_1839": [10, 2], "car_1838": [7, 4], "car_2029": [2, 1], "car_2028": [7, 6], "car_2021": [9, 2], "car_2020": [6, 1], "car_2023": [4, 5], "car_2022": [8, 6], "car_2025": [3, 0], "car_2024": [2, 4], "car_2027": [11, 3], "car_2026": [10, 3], "car_1008": [4, 7], "car_1009": [2, 3], "car_1006": [9, 6], "car_1007": [8, 4], "car_1004": [6, 7], "car_1005": [10, 0], "car_1002": [1, 4], "car_1003": [5, 4], "car_1000": [4, 6], "car_1001": [10, 3], "car_1924": [6, 7], "car_36": [6, 0], "car_37": [0, 7], "car_34": [2, 4], "car_35": [5, 1], "car_888": [0, 6], "car_889": [4, 5], "car_30": [1, 6], "car_31": [7, 6], "car_884": [10, 4], "car_885": [2, 3], "car_886": [5, 3], "car_887": [9, 6], "car_880": [5, 3], "car_881": [1, 5], "car_882": [4, 0], "car_883": [7, 1], "car_2119": [8, 3], "car_2118": [3, 1], "car_2115": [9, 6], "car_2114": [1, 0], "car_2117": [9, 6], "car_2116": [8, 6], "car_2111": [4, 6], "car_2110": [11, 4], "car_2113": [3, 2], "car_2112": [5, 4], "car_1644": [9, 1], "car_1645": [3, 1], "car_1646": [8, 7], "car_1647": [11, 4], "car_1640": [1, 6], "car_1641": [4, 3], "car_1642": [10, 2], "car_1643": [5, 0], "car_1648": [1, 6], "car_1649": [7, 3], "car_2159": [4, 1], "car_2158": [9, 2], "car_408": [8, 1], "car_409": [8, 7], "car_400": [2, 3], "car_401": [9, 7], "car_402": [8, 1], "car_403": [1, 3], "car_404": [10, 6], "car_405": [2, 1], "car_406": [9, 4], "car_407": [0, 3], "car_1769": [2, 7], "car_534": [0, 7], "car_535": [8, 5], "car_536": [11, 0], "car_537": [10, 3], "car_530": [4, 6], "car_531": [7, 3], "car_532": [2, 6], "car_533": [9, 2], "car_538": [2, 4], "car_539": [6, 2], "car_659": [5, 0], "car_658": [2, 0], "car_651": [10, 2], "car_650": [7, 0], "car_653": [9, 0], "car_652": [2, 1], "car_655": [2, 1], "car_654": [10, 1], "car_657": [9, 6], "car_656": [6, 1], "car_1929": [2, 6], "car_2195": [8, 2], "car_2194": [3, 6], "car_1764": [11, 3], "car_2196": [9, 5], "car_2191": [11, 2], "car_1928": [7, 3], "car_2190": [3, 0], "car_2193": [10, 6], "car_1909": [0, 7], "car_1908": [7, 4], "car_1907": [0, 6], "car_1763": [0, 2], "car_1905": [5, 3], "car_1904": [2, 5], "car_1903": [1, 3], "car_1902": [11, 4], "car_1901": [8, 5], "car_1900": [0, 1], "car_1349": [10, 3], "car_1348": [11, 0], "car_1762": [6, 7], "car_1341": [5, 1], "car_1340": [10, 6], "car_1343": [0, 6], "car_1342": [6, 4], "car_1345": [7, 1], "car_1344": [1, 7], "car_1347": [8, 7], "car_1346": [5, 2], "car_1833": [7, 6], "car_1832": [4, 7], "car_349": [6, 5], "car_348": [2, 1], "car_1837": [11, 3], "car_1836": [8, 3], "car_1835": [9, 0], "car_1834": [2, 7], "car_343": [2, 7], "car_342": [11, 7], "car_341": [9, 7], "car_340": [5, 2], "car_347": [10, 1], "car_346": [4, 6], "car_345": [9, 0], "car_344": [6, 3], "car_1129": [3, 2], "car_1128": [0, 6], "car_1125": [10, 3], "car_1124": [4, 7], "car_1127": [9, 1], "car_1126": [5, 1], "car_1121": [1, 5], "car_1120": [3, 0], "car_1123": [8, 7], "car_1122": [9, 1], "car_1402": [3, 5], "car_1403": [8, 0], "car_1400": [9, 5], "car_1401": [0, 6], "car_1406": [6, 3], "car_1407": [8, 1], "car_1404": [10, 2], "car_1405": [5, 4], "car_2058": [11, 6], "car_2059": [1, 2], "car_2054": [2, 4], "car_2055": [5, 0], "car_2056": [6, 1], "car_2057": [0, 3], "car_2050": [4, 6], "car_2051": [7, 0], "car_2052": [2, 7], "car_2053": [6, 2], "car_1011": [3, 5], "car_1010": [7, 5], "car_1013": [1, 0], "car_1012": [8, 3], "car_1015": [2, 7], "car_1014": [4, 0], "car_1017": [8, 5], "car_1016": [6, 3], "car_1019": [2, 5], "car_1018": [7, 2], "car_25": [0, 4], "car_24": [6, 0], "car_27": [9, 7], "car_26": [3, 5], "car_21": [1, 0], "car_20": [11, 4], "car_23": [5, 1], "car_22": [10, 7], "car_29": [11, 0], "car_28": [3, 7], "car_1657": [9, 2], "car_1656": [7, 6], "car_1655": [1, 6], "car_1654": [8, 3], "car_1653": [9, 4], "car_1652": [6, 2], "car_1651": [2, 1], "car_1650": [10, 3], "car_1659": [4, 5], "car_1658": [0, 7], "car_1969": [0, 4], "car_1843": [6, 7], "car_435": [8, 4], "car_434": [5, 1], "car_437": [8, 3], "car_436": [1, 7], "car_431": [3, 0], "car_430": [6, 3], "car_433": [1, 2], "car_432": [8, 7], "car_1846": [7, 5], "car_439": [4, 6], "car_438": [1, 2], "car_1847": [2, 7], "car_1845": [4, 1], "car_1848": [5, 4], "car_1968": [5, 2], "car_1849": [8, 3], "car_1965": [5, 7], "car_1964": [7, 1], "car_501": [8, 1], "car_500": [9, 4], "car_503": [4, 3], "car_502": [1, 2], "car_505": [3, 0], "car_504": [5, 1], "car_507": [10, 5], "car_506": [7, 6], "car_509": [10, 0], "car_508": [1, 7], "car_1745": [7, 1], "car_646": [2, 7], "car_647": [10, 4], "car_644": [11, 6], "car_645": [1, 2], "car_642": [4, 7], "car_643": [8, 0], "car_640": [4, 2], "car_641": [8, 1], "car_648": [9, 3], "car_649": [11, 5], "car_1830": [2, 3], "car_1932": [8, 3], "car_1933": [11, 7], "car_1930": [0, 7], "car_1931": [3, 7], "car_1936": [0, 1], "car_1937": [8, 6], "car_1934": [7, 3], "car_1935": [6, 1], "car_1938": [11, 6], "car_1939": [1, 4], "car_1717": [3, 1], "car_1338": [1, 4], "car_1339": [7, 5], "car_1334": [7, 2], "car_1335": [2, 3], "car_1336": [8, 7], "car_1337": [11, 2], "car_1330": [9, 0], "car_1331": [8, 0], "car_1332": [2, 3], "car_1333": [4, 5], "car_1711": [4, 3], "car_358": [11, 4], "car_359": [7, 3], "car_1804": [5, 3], "car_1805": [6, 2], "car_1802": [9, 4], "car_1803": [4, 2], "car_1800": [8, 0], "car_1801": [1, 2], "car_350": [1, 7], "car_351": [7, 6], "car_352": [10, 6], "car_353": [3, 1], "car_354": [8, 1], "car_355": [11, 2], "car_356": [4, 7], "car_357": [7, 2], "car_1482": [2, 1], "car_1483": [9, 3], "car_1480": [9, 6], "car_1481": [1, 4], "car_1486": [5, 2], "car_1487": [6, 7], "car_1484": [11, 0], "car_1485": [4, 1], "car_1488": [4, 6], "car_1489": [6, 4], "car_1240": [4, 3], "car_1241": [7, 3], "car_1242": [0, 3], "car_1243": [11, 3], "car_1244": [4, 1], "car_1245": [10, 4], "car_1246": [5, 0], "car_1247": [6, 7], "car_1248": [9, 2], "car_1249": [8, 0], "car_1747": [10, 5], "car_1879": [7, 4], "car_2049": [8, 3], "car_2048": [9, 2], "car_2047": [6, 4], "car_2046": [2, 0], "car_2045": [1, 3], "car_2044": [11, 6], "car_2043": [3, 0], "car_2042": [7, 1], "car_2041": [1, 4], "car_2040": [0, 4], "car_1064": [9, 7], "car_1065": [3, 1], "car_1066": [4, 5], "car_1067": [5, 1], "car_1060": [7, 0], "car_1061": [5, 1], "car_1062": [4, 5], "car_1063": [10, 3], "car_1068": [9, 3], "car_1069": [1, 7], "car_1798": [4, 0], "car_1799": [7, 2], "car_10": [1, 7], "car_11": [10, 2], "car_12": [5, 1], "car_13": [8, 4], "car_14": [4, 7], "car_15": [7, 4], "car_16": [10, 7], "car_17": [6, 5], "car_18": [9, 1], "car_19": [6, 4], "car_1668": [6, 7], "car_1669": [3, 1], "car_1662": [6, 3], "car_1663": [3, 7], "car_1660": [6, 1], "car_1661": [9, 1], "car_1666": [8, 0], "car_1667": [2, 0], "car_1664": [8, 7], "car_1665": [2, 3], "car_1468": [5, 2], "car_1469": [6, 0], "car_1460": [1, 3], "car_1461": [4, 1], "car_1462": [6, 5], "car_1463": [9, 4], "car_1464": [0, 5], "car_1465": [3, 7], "car_1466": [11, 1], "car_1467": [1, 3], "car_422": [0, 1], "car_423": [3, 6], "car_420": [2, 3], "car_421": [5, 3], "car_426": [6, 0], "car_427": [0, 3], "car_424": [1, 3], "car_425": [7, 2], "car_428": [1, 6], "car_429": [2, 1], "car_2008": [1, 2], "car_518": [10, 2], "car_519": [2, 4], "car_516": [3, 1], "car_517": [11, 2], "car_514": [2, 7], "car_515": [5, 0], "car_512": [0, 7], "car_513": [1, 2], "car_510": [2, 3], "car_511": [6, 2], "car_1870": [5, 1], "car_633": [0, 6], "car_632": [10, 7], "car_631": [11, 5], "car_630": [3, 7], "car_637": [9, 2], "car_636": [5, 4], "car_635": [10, 7], "car_634": [11, 3], "car_639": [1, 4], "car_638": [3, 2], "car_189": [0, 1], "car_188": [9, 4], "car_185": [11, 0], "car_184": [7, 2], "car_187": [10, 0], "car_186": [7, 2], "car_181": [8, 2], "car_180": [3, 0], "car_183": [7, 3], "car_182": [4, 0], "car_749": [5, 6], "car_748": [10, 5], "car_747": [8, 3], "car_746": [9, 1], "car_745": [6, 2], "car_744": [10, 7], "car_743": [1, 5], "car_742": [8, 6], "car_741": [6, 3], "car_740": [5, 0], "car_2131": [11, 4], "car_299": [6, 7], "car_298": [10, 0], "car_1927": [1, 7], "car_1926": [11, 6], "car_1921": [9, 0], "car_1920": [5, 0], "car_1923": [10, 1], "car_1922": [8, 7], "car_291": [9, 1], "car_290": [7, 5], "car_293": [1, 2], "car_292": [0, 6], "car_295": [5, 4], "car_294": [2, 4], "car_297": [0, 7], "car_296": [9, 4], "car_1329": [6, 3], "car_1328": [7, 5], "car_1327": [4, 0], "car_1326": [1, 2], "car_1325": [3, 1], "car_1324": [9, 5], "car_1323": [2, 4], "car_1322": [10, 0], "car_1321": [1, 0], "car_1320": [0, 1], "car_365": [8, 7], "car_364": [3, 2], "car_367": [3, 1], "car_366": [7, 2], "car_361": [5, 6], "car_360": [2, 1], "car_363": [0, 3], "car_362": [9, 5], "car_1811": [11, 4], "car_1810": [9, 3], "car_1813": [9, 4], "car_1812": [5, 0], "car_369": [10, 6], "car_368": [8, 6], "car_1817": [2, 3], "car_1816": [2, 6], "car_167": [6, 5], "car_166": [4, 3], "car_165": [1, 2], "car_164": [9, 1], "car_163": [5, 2], "car_162": [10, 2], "car_161": [7, 5], "car_160": [4, 5], "car_169": [6, 3], "car_168": [9, 7], "car_1495": [11, 7], "car_1494": [8, 6], "car_1497": [11, 0], "car_1496": [10, 7], "car_1491": [11, 2], "car_1490": [3, 5], "car_1493": [0, 2], "car_1492": [5, 7], "car_1499": [7, 3], "car_1498": [1, 7], "car_1253": [9, 5], "car_1252": [6, 4], "car_1251": [7, 3], "car_1250": [4, 5], "car_1257": [0, 6], "car_1256": [7, 2], "car_1255": [8, 3], "car_1254": [0, 1], "car_1259": [10, 5], "car_1258": [4, 1], "car_1868": [1, 7], "car_1789": [6, 2], "car_1788": [2, 7], "car_2070": [4, 0], "car_2071": [7, 1], "car_2076": [2, 0], "car_2077": [9, 3], "car_2074": [11, 6], "car_2075": [4, 3], "car_1781": [2, 0], "car_1780": [7, 2], "car_1783": [10, 4], "car_1782": [1, 6], "car_1785": [5, 7], "car_1784": [2, 4], "car_1787": [7, 2], "car_1786": [4, 3], "car_1077": [2, 1], "car_1076": [7, 3], "car_1075": [1, 7], "car_1074": [11, 3], "car_1073": [0, 7], "car_1072": [9, 4], "car_1071": [5, 6], "car_1070": [10, 4], "car_1079": [9, 0], "car_1078": [6, 5], "car_2139": [5, 1], "car_2034": [2, 0], "car_2035": [3, 0], "car_2032": [3, 0], "car_2033": [11, 0], "car_2138": [1, 0], "car_985": [10, 5], "car_984": [5, 0], "car_987": [11, 1], "car_986": [8, 4], "car_981": [4, 7], "car_980": [1, 3], "car_983": [2, 5], "car_982": [7, 6], "car_1675": [4, 2], "car_1674": [1, 4], "car_1677": [2, 0], "car_1676": [10, 6], "car_989": [3, 6], "car_988": [2, 4], "car_1673": [5, 0], "car_1672": [2, 5], "car_1479": [7, 1], "car_1478": [3, 2], "car_1473": [6, 1], "car_1472": [8, 6], "car_1471": [3, 5], "car_1470": [9, 6], "car_1477": [6, 2], "car_1476": [10, 1], "car_1475": [1, 2], "car_1474": [0, 4], "car_1743": [0, 7], "car_1742": [9, 5], "car_2098": [1, 3], "car_2099": [4, 2], "car_2090": [8, 1], "car_2091": [1, 2], "car_2092": [4, 3], "car_2093": [7, 2], "car_2094": [10, 5], "car_2095": [0, 2], "car_2096": [3, 0], "car_2097": [11, 0], "car_569": [5, 2], "car_568": [4, 1], "car_563": [1, 5], "car_562": [0, 7], "car_561": [9, 7], "car_560": [6, 7], "car_567": [11, 6], "car_566": [9, 4], "car_565": [10, 2], "car_564": [7, 0], "car_620": [1, 3], "car_621": [4, 5], "car_622": [7, 2], "car_623": [6, 3], "car_624": [9, 7], "car_625": [3, 0], "car_626": [1, 4], "car_627": [10, 4], "car_628": [2, 7], "car_629": [9, 2], "car_1869": [4, 3], "car_1866": [8, 2], "car_1867": [11, 0], "car_198": [10, 2], "car_199": [8, 5], "car_192": [2, 1], "car_193": [5, 2], "car_190": [8, 3], "car_191": [10, 1], "car_196": [4, 0], "car_197": [7, 4], "car_194": [3, 6], "car_195": [11, 7], "car_758": [6, 7], "car_759": [4, 0], "car_754": [8, 1], "car_755": [1, 0], "car_756": [7, 6], "car_757": [10, 6], "car_750": [3, 0], "car_751": [6, 5], "car_752": [8, 5], "car_753": [0, 3], "car_1940": [7, 0], "car_286": [3, 6], "car_287": [11, 5], "car_284": [5, 3], "car_285": [6, 0], "car_282": [3, 6], "car_283": [10, 4], "car_280": [2, 7], "car_281": [0, 7], "car_1949": [9, 0], "car_288": [1, 6], "car_289": [4, 5], "car_1948": [2, 6], "car_1312": [10, 7], "car_1313": [8, 0], "car_1310": [11, 7], "car_1311": [1, 3], "car_1316": [7, 1], "car_1317": [10, 3], "car_1314": [6, 2], "car_1315": [0, 7], "car_1318": [2, 0], "car_1319": [9, 3], "car_372": [4, 0], "car_373": [10, 7], "car_370": [9, 3], "car_371": [3, 6], "car_376": [1, 0], "car_377": [5, 7], "car_374": [5, 4], "car_375": [6, 1], "car_1864": [10, 3], "car_1865": [5, 7], "car_378": [6, 5], "car_379": [9, 1], "car_1860": [8, 6], "car_1861": [1, 7], "car_1862": [9, 6], "car_1863": [1, 0], "car_174": [5, 6], "car_175": [1, 4], "car_176": [10, 4], "car_177": [8, 7], "car_170": [8, 3], "car_171": [1, 6], "car_172": [4, 0], "car_173": [7, 0], "car_178": [11, 2], "car_179": [4, 6], "car_1266": [5, 3], "car_1267": [6, 3], "car_1264": [3, 5], "car_1265": [10, 0], "car_1262": [10, 0], "car_1263": [9, 3], "car_1260": [9, 4], "car_1261": [1, 7], "car_1268": [9, 4], "car_1269": [3, 7], "car_2065": [2, 3], "car_2064": [7, 4], "car_1048": [8, 1], "car_1049": [10, 6], "car_2061": [2, 1], "car_2060": [7, 2], "car_2063": [11, 2], "car_2062": [8, 6], "car_1042": [6, 5], "car_1043": [9, 3], "car_1040": [4, 1], "car_1041": [7, 2], "car_1046": [6, 1], "car_1047": [0, 1], "car_1044": [8, 5], "car_1045": [2, 7], "car_78": [11, 0], "car_79": [7, 5], "car_72": [9, 6], "car_73": [3, 0], "car_70": [5, 0], "car_71": [6, 3], "car_76": [0, 1], "car_77": [8, 2], "car_74": [8, 1], "car_75": [10, 5], "car_992": [1, 2], "car_993": [4, 3], "car_990": [8, 7], "car_991": [8, 0], "car_996": [8, 0], "car_997": [4, 3], "car_994": [2, 7], "car_995": [9, 4], "car_1688": [0, 2], "car_1689": [11, 7], "car_998": [9, 2], "car_999": [11, 3], "car_1448": [9, 5], "car_1449": [2, 0], "car_1446": [7, 6], "car_1447": [10, 1], "car_1444": [2, 1], "car_1445": [8, 3], "car_1442": [5, 6], "car_1443": [0, 4], "car_1440": [4, 7], "car_1441": [2, 7], "car_2089": [3, 2], "car_2088": [0, 2], "car_2083": [9, 1], "car_2082": [7, 1], "car_2081": [11, 2], "car_2080": [7, 4], "car_2087": [9, 7], "car_2086": [8, 1], "car_2085": [3, 6], "car_2084": [0, 1], "car_578": [2, 6], "car_579": [5, 2], "car_553": [7, 6], "car_570": [11, 1], "car_571": [2, 6], "car_572": [8, 2], "car_573": [7, 2], "car_574": [6, 2], "car_806": [0, 5], "car_576": [0, 5], "car_577": [8, 3], "car_807": [8, 2], "car_800": [5, 4], "car_801": [9, 4], "car_802": [8, 1], "car_2192": [7, 1], "car_803": [4, 0], "car_2067": [3, 1], "car_2066": [0, 1], "car_619": [11, 7], "car_618": [6, 3], "car_615": [8, 7], "car_614": [0, 7], "car_617": [5, 3], "car_616": [4, 0], "car_611": [6, 3], "car_610": [5, 0], "car_613": [4, 5], "car_612": [0, 4], "car_2151": [8, 7], "car_2150": [2, 6], "car_2069": [11, 5], "car_2068": [5, 3], "car_769": [2, 5], "car_768": [7, 4], "car_761": [2, 1], "car_760": [7, 3], "car_763": [8, 4], "car_762": [5, 6], "car_765": [11, 4], "car_764": [4, 6], "car_767": [4, 6], "car_766": [1, 5], "car_575": [9, 1], "car_1305": [7, 1], "car_1304": [0, 3], "car_1307": [6, 5], "car_1306": [10, 3], "car_1301": [9, 4], "car_1300": [2, 0], "car_1303": [1, 4], "car_1302": [11, 5], "car_1309": [5, 6], "car_1308": [10, 2], "car_389": [2, 3], "car_388": [4, 0], "car_387": [1, 3], "car_386": [9, 3], "car_385": [1, 4], "car_384": [3, 7], "car_383": [10, 0], "car_382": [4, 7], "car_381": [8, 3], "car_380": [3, 5], "car_141": [3, 4], "car_140": [0, 3], "car_143": [1, 2], "car_142": [11, 7], "car_145": [10, 3], "car_144": [4, 1], "car_147": [3, 5], "car_146": [6, 7], "car_149": [2, 0], "car_148": [7, 2], "car_1279": [10, 0], "car_1278": [7, 0], "car_1271": [8, 7], "car_1270": [7, 4], "car_1273": [7, 1], "car_1272": [1, 5], "car_1275": [3, 6], "car_1274": [2, 3], "car_1277": [1, 4], "car_1276": [11, 2], "car_1059": [11, 2], "car_1058": [5, 3], "car_1055": [3, 6], "car_1054": [9, 0], "car_1057": [10, 3], "car_1056": [11, 7], "car_1051": [6, 0], "car_1050": [2, 5], "car_1053": [10, 4], "car_1052": [4, 0], "car_69": [2, 7], "car_68": [7, 6], "car_61": [0, 2], "car_60": [10, 5], "car_63": [10, 3], "car_62": [8, 7], "car_65": [6, 4], "car_64": [5, 7], "car_67": [4, 7], "car_66": [3, 6], "car_1693": [9, 2], "car_1692": [2, 3], "car_1691": [10, 0], "car_1690": [4, 3], "car_1697": [8, 1], "car_1696": [0, 5], "car_969": [5, 7], "car_968": [10, 4], "car_967": [1, 5], "car_966": [11, 7], "car_965": [6, 0], "car_964": [5, 0], "car_963": [1, 7], "car_962": [8, 2], "car_961": [3, 4], "car_960": [9, 3], "car_1451": [11, 6], "car_1450": [9, 7], "car_1453": [2, 4], "car_1452": [10, 7], "car_1455": [3, 5], "car_1454": [6, 7], "car_1457": [4, 1], "car_1456": [3, 4], "car_1459": [2, 4], "car_1458": [7, 3], "car_1680": [0, 6], "car_1681": [11, 2], "car_1682": [5, 6], "car_1683": [1, 0], "car_1684": [4, 3], "car_1685": [7, 1], "car_1891": [1, 2], "car_1686": [10, 2], "car_1890": [0, 4], "car_1687": [6, 5], "car_1893": [3, 1], "car_545": [8, 7], "car_544": [2, 4], "car_547": [5, 6], "car_546": [7, 3], "car_541": [7, 2], "car_540": [8, 6], "car_543": [8, 6], "car_542": [9, 2], "car_1895": [4, 3], "car_549": [9, 4], "car_548": [0, 4], "car_819": [9, 6], "car_818": [6, 2], "car_1897": [5, 4], "car_1896": [7, 4], "car_33": [4, 5], "car_1767": [1, 5], "car_1766": [11, 4], "car_1765": [6, 5], "car_608": [0, 1], "car_609": [3, 5], "car_602": [4, 2], "car_603": [0, 6], "car_600": [5, 4], "car_601": [6, 7], "car_606": [6, 5], "car_607": [9, 3], "car_604": [8, 6], "car_605": [7, 3], "car_1761": [5, 6], "car_1760": [2, 6], "car_776": [10, 2], "car_777": [0, 2], "car_774": [8, 7], "car_775": [11, 7], "car_772": [2, 0], "car_773": [5, 0], "car_770": [5, 6], "car_771": [1, 2], "car_1768": [7, 4], "car_778": [3, 6], "car_779": [8, 6], "car_1750": [8, 2], "car_1994": [2, 5], "car_1995": [6, 4], "car_1996": [9, 5], "car_1997": [2, 5], "car_1990": [2, 3], "car_1991": [3, 1], "car_1992": [11, 2], "car_1993": [1, 4], "car_1998": [1, 2], "car_1999": [2, 7], "car_1842": [2, 1], "car_1806": [4, 7], "car_1840": [9, 0], "car_1841": [4, 3], "car_398": [1, 6], "car_399": [4, 6], "car_1844": [11, 5], "car_1807": [9, 7], "car_394": [3, 1], "car_395": [10, 7], "car_396": [8, 4], "car_397": [11, 2], "car_390": [7, 1], "car_391": [10, 3], "car_392": [5, 4], "car_393": [9, 0], "car_158": [9, 2], "car_159": [1, 7], "car_156": [0, 7], "car_157": [3, 2], "car_154": [4, 1], "car_155": [10, 6], "car_152": [5, 3], "car_153": [9, 5], "car_150": [9, 6], "car_151": [7, 0], "car_1208": [11, 1], "car_1209": [10, 0], "car_1204": [5, 3], "car_1205": [6, 5], "car_1206": [10, 4], "car_1207": [0, 4], "car_1200": [8, 6], "car_1201": [11, 2], "car_1202": [4, 7], "car_1203": [2, 0], "car_1808": [0, 2], "car_1809": [8, 1], "car_1510": [6, 7], "car_1511": [9, 2], "car_1512": [3, 0], "car_1513": [1, 2], "car_1514": [2, 5], "car_1515": [5, 0], "car_1516": [6, 3], "car_1517": [0, 4], "car_1518": [8, 5], "car_1519": [5, 2], "car_1198": [0, 1], "car_1199": [3, 0], "car_1194": [1, 7], "car_1195": [6, 5], "car_1196": [3, 2], "car_1197": [5, 6], "car_1190": [10, 5], "car_1191": [6, 5], "car_1192": [9, 0], "car_1193": [3, 0], "car_2126": [11, 1], "car_2127": [4, 0], "car_978": [6, 4], "car_979": [0, 3], "car_974": [2, 0], "car_975": [5, 6], "car_976": [6, 7], "car_977": [10, 4], "car_970": [9, 2], "car_971": [1, 6], "car_972": [7, 4], "car_973": [10, 3], "car_1424": [5, 1], "car_1425": [8, 1], "car_1426": [11, 2], "car_1427": [1, 3], "car_1420": [5, 6], "car_1421": [0, 7], "car_1422": [6, 1], "car_1423": [3, 5], "car_1428": [7, 2], "car_1429": [5, 6], "car_2128": [6, 7], "car_2129": [11, 7], "car_1738": [11, 4], "car_1739": [1, 0], "car_1730": [3, 6], "car_1731": [5, 4], "car_1732": [6, 0], "car_1733": [0, 4], "car_1734": [11, 1], "car_1735": [5, 0], "car_1736": [6, 4], "car_1737": [0, 7], "car_54": [7, 5], "car_55": [0, 7], "car_56": [8, 6], "car_57": [11, 2], "car_50": [0, 4], "car_51": [3, 6], "car_52": [8, 3], "car_53": [1, 6], "car_58": [9, 3], "car_59": [8, 1], "car_552": [4, 3], "car_805": [2, 5], "car_550": [3, 1], "car_551": [11, 2], "car_556": [11, 3], "car_557": [4, 2], "car_554": [5, 2], "car_555": [9, 4], "car_558": [1, 0], "car_559": [0, 7], "car_808": [4, 7], "car_809": [0, 3], "car_1757": [0, 6], "car_703": [4, 6], "car_702": [3, 5], "car_701": [0, 5], "car_700": [9, 5], "car_707": [4, 2], "car_706": [8, 7], "car_705": [3, 7], "car_704": [0, 7], "car_709": [5, 3], "car_708": [7, 5], "car_1987": [11, 6], "car_1986": [0, 4], "car_1985": [2, 7], "car_1984": [10, 1], "car_1983": [7, 0], "car_1982": [3, 6], "car_1981": [6, 0], "car_1980": [4, 0], "car_1989": [10, 0], "car_1988": [7, 0], "car_1855": [3, 6], "car_1796": [3, 2], "car_1857": [10, 6], "car_1856": [11, 2], "car_1851": [10, 5], "car_1850": [11, 6], "car_1853": [9, 1], "car_1797": [1, 2], "car_1859": [0, 6], "car_1794": [11, 4], "car_129": [5, 3], "car_128": [10, 3], "car_123": [6, 7], "car_122": [2, 7], "car_121": [10, 0], "car_120": [7, 6], "car_127": [1, 0], "car_126": [11, 7], "car_125": [0, 7], "car_124": [9, 7], "car_1790": [9, 5], "car_1219": [7, 0], "car_1218": [1, 5], "car_1217": [11, 7], "car_1216": [6, 4], "car_1215": [5, 7], "car_1214": [2, 4], "car_1213": [4, 7], "car_1212": [3, 5], "car_1211": [6, 3], "car_1210": [5, 2], "car_1415": [7, 4], "car_1414": [11, 5], "car_1417": [5, 6], "car_1416": [10, 1], "car_1411": [6, 2], "car_1410": [2, 7], "car_237": [10, 1], "car_236": [8, 3], "car_235": [0, 3], "car_234": [5, 2], "car_233": [1, 6], "car_232": [11, 1], "car_231": [6, 0], "car_230": [5, 4], "car_1412": [9, 0], "car_239": [5, 6], "car_238": [2, 6], "car_1503": [3, 4], "car_1502": [6, 1], "car_1501": [5, 7], "car_1500": [10, 4], "car_1507": [8, 6], "car_1506": [6, 5], "car_1505": [7, 6], "car_1504": [4, 5], "car_1509": [2, 7], "car_1508": [10, 5], "car_1189": [7, 3], "car_1188": [6, 2], "car_1187": [2, 0], "car_1186": [4, 6], "car_1185": [6, 7], "car_1184": [10, 6], "car_1183": [11, 3], "car_1182": [9, 7], "car_1181": [2, 7], "car_1180": [1, 4], "car_2182": [11, 0], "car_2183": [1, 7], "car_2180": [0, 1], "car_2181": [8, 2], "car_2186": [2, 1], "car_2187": [5, 4], "car_2184": [4, 0], "car_2185": [10, 1], "car_2188": [9, 0], "car_2189": [0, 1], "car_949": [3, 0], "car_948": [2, 0], "car_941": [0, 1], "car_940": [6, 1], "car_943": [9, 0], "car_942": [6, 2], "car_945": [10, 4], "car_944": [11, 7], "car_947": [11, 7], "car_946": [8, 5], "car_1437": [11, 1], "car_1436": [8, 6], "car_1435": [0, 1], "car_1434": [9, 5], "car_1433": [5, 4], "car_1432": [9, 4], "car_1431": [11, 0], "car_1430": [6, 5], "car_1439": [6, 2], "car_1438": [5, 6], "car_493": [10, 0], "car_492": [1, 7], "car_491": [11, 4], "car_490": [0, 7], "car_497": [6, 7], "car_496": [10, 5], "car_495": [6, 0], "car_494": [5, 1], "car_499": [8, 5], "car_498": [9, 1], "car_1918": [4, 2], "car_1919": [7, 3], "car_1729": [0, 1], "car_1728": [7, 4], "car_1723": [10, 1], "car_1722": [7, 0], "car_1721": [3, 0], "car_1720": [7, 2], "car_1727": [4, 1], "car_1726": [8, 3], "car_1725": [0, 1], "car_1724": [2, 0], "car_43": [0, 2], "car_42": [5, 6], "car_41": [10, 7], "car_40": [1, 6], "car_47": [8, 0], "car_46": [9, 4], "car_45": [10, 3], "car_44": [1, 4], "car_49": [5, 1], "car_48": [10, 2], "car_1916": [3, 5], "car_1917": [1, 6], "car_1858": [9, 1], "car_831": [6, 1], "car_830": [10, 1], "car_833": [1, 3], "car_832": [9, 0], "car_835": [3, 4], "car_834": [4, 3], "car_837": [1, 7], "car_836": [8, 5], "car_839": [2, 1], "car_838": [4, 5], "car_2168": [1, 5], "car_2169": [4, 0], "car_2160": [7, 5], "car_2161": [1, 5], "car_2162": [2, 6], "car_2163": [5, 6], "car_2164": [9, 3], "car_2165": [0, 6], "car_2166": [8, 7], "car_2167": [11, 3], "car_1941": [2, 3], "car_710": [0, 2], "car_711": [8, 3], "car_712": [4, 2], "car_713": [7, 2], "car_714": [5, 6], "car_715": [6, 0], "car_716": [9, 3], "car_717": [3, 5], "car_718": [10, 2], "car_719": [9, 3], "car_1892": [0, 1], "car_1894": [11, 1], "car_138": [10, 6], "car_139": [2, 6], "car_130": [11, 2], "car_131": [1, 6], "car_132": [7, 3], "car_133": [10, 4], "car_134": [2, 0], "car_135": [1, 2], "car_136": [4, 0], "car_137": [7, 1], "car_1222": [8, 1], "car_1223": [1, 0], "car_1220": [10, 1], "car_1221": [5, 0], "car_1226": [10, 0], "car_1227": [2, 4], "car_1224": [4, 5], "car_1225": [7, 2], "car_1886": [10, 6], "car_1887": [2, 5], "car_1228": [0, 5], "car_1229": [3, 7], "car_1882": [7, 4], "car_1883": [5, 2], "car_1880": [10, 2], "car_1881": [0, 6], "car_224": [3, 6], "car_225": [8, 4], "car_226": [0, 4], "car_227": [3, 4], "car_220": [3, 5], "car_221": [10, 0], "car_222": [2, 5], "car_223": [9, 1], "car_228": [11, 0], "car_229": [7, 5], "car_1086": [6, 2], "car_1087": [9, 2], "car_1084": [3, 5], "car_1085": [2, 6], "car_1082": [6, 5], "car_1083": [0, 3], "car_1080": [1, 2], "car_1081": [4, 6], "car_1088": [11, 3], "car_1089": [10, 3], "car_1536": [2, 1], "car_1537": [0, 4], "car_1534": [5, 4], "car_1535": [7, 3], "car_1532": [3, 1], "car_1533": [4, 7], "car_1530": [2, 6], "car_1531": [6, 7], "car_1538": [3, 6], "car_1539": [5, 4], "car_956": [6, 7], "car_957": [9, 6], "car_954": [2, 6], "car_955": [5, 7], "car_952": [8, 3], "car_953": [1, 4], "car_950": [10, 5], "car_951": [0, 6], "car_1827": [5, 0], "car_958": [10, 0], "car_959": [5, 6], "car_1158": [4, 3], "car_1159": [7, 6], "car_1408": [1, 0], "car_1409": [10, 1], "car_1829": [3, 4], "car_1150": [9, 2], "car_1151": [8, 7], "car_1152": [1, 6], "car_1153": [7, 6], "car_1154": [10, 0], "car_1155": [9, 6], "car_1156": [8, 1], "car_1157": [1, 0], "car_1826": [7, 2], "car_480": [10, 4], "car_481": [6, 0], "car_482": [3, 0], "car_483": [8, 2], "car_484": [1, 7], "car_485": [5, 7], "car_486": [6, 3], "car_487": [7, 1], "car_488": [10, 5], "car_489": [2, 7], "car_853": [7, 5], "car_852": [1, 0], "car_851": [11, 5], "car_582": [1, 0], "car_1718": [8, 4], "car_1719": [11, 2], "car_1716": [6, 4], "car_857": [10, 3], "car_1714": [0, 7], "car_1715": [11, 3], "car_1712": [7, 0], "car_1713": [10, 4], "car_1710": [11, 3], "car_856": [4, 5], "car_1828": [9, 2], "car_855": [8, 7], "car_854": [5, 1], "car_828": [3, 6], "car_829": [8, 6], "car_826": [6, 7], "car_827": [9, 6], "car_824": [10, 5], "car_825": [2, 6], "car_822": [1, 5], "car_823": [7, 2], "car_820": [0, 6], "car_821": [3, 0], "car_2179": [8, 5], "car_2178": [5, 1], "car_2173": [5, 6], "car_2172": [2, 1], "car_2171": [10, 3], "car_2170": [7, 4], "car_2177": [10, 2], "car_2176": [7, 1], "car_2175": [8, 5], "car_2174": [9, 1], "car_729": [8, 3], "car_728": [3, 7], "car_725": [0, 5], "car_724": [5, 0], "car_727": [5, 7], "car_726": [3, 2], "car_721": [8, 4], "car_720": [5, 2], "car_723": [2, 3], "car_722": [10, 4], "car_1795": [1, 3], "car_1792": [2, 6], "car_1793": [9, 3], "car_105": [2, 5], "car_104": [8, 1], "car_107": [0, 6], "car_106": [9, 6], "car_101": [1, 2], "car_100": [9, 7], "car_103": [3, 0], "car_102": [2, 3], "car_1888": [6, 5], "car_109": [4, 0], "car_108": [3, 4], "car_1791": [3, 0], "car_1235": [9, 1], "car_1234": [2, 3], "car_1237": [8, 4], "car_1236": [3, 6], "car_1231": [0, 5], "car_1230": [7, 5], "car_1233": [2, 7], "car_1232": [1, 4], "car_1899": [6, 3], "car_1898": [9, 4], "car_1239": [7, 1], "car_1238": [1, 7], "car_211": [2, 4], "car_210": [4, 5], "car_213": [3, 7], "car_212": [5, 3], "car_215": [7, 2], "car_214": [8, 7], "car_217": [4, 5], "car_216": [6, 1], "car_219": [0, 1], "car_218": [9, 2], "car_1529": [1, 4], "car_1528": [11, 5], "car_1521": [2, 6], "car_1520": [0, 6], "car_1523": [9, 3], "car_1522": [5, 0], "car_1525": [2, 5], "car_1524": [11, 1], "car_1527": [8, 2], "car_1526": [5, 1], "car_923": [9, 2], "car_922": [5, 6], "car_921": [10, 0], "car_920": [9, 2], "car_927": [10, 6], "car_926": [4, 3], "car_925": [8, 7], "car_924": [3, 5], "car_929": [0, 5], "car_928": [9, 2], "car_1149": [6, 5], "car_1148": [10, 7], "car_1419": [10, 5], "car_1418": [3, 5], "car_1143": [4, 2], "car_1142": [11, 5], "car_1141": [11, 1], "car_1140": [10, 0], "car_1147": [7, 4], "car_1146": [4, 1], "car_1145": [8, 7], "car_1144": [5, 7], "car_1099": [0, 1], "car_1098": [2, 0], "car_1091": [8, 2], "car_1090": [0, 6], "car_1093": [5, 2], "car_1092": [7, 4], "car_1095": [11, 4], "car_1094": [9, 7], "car_1097": [10, 3], "car_1096": [7, 5], "car_1701": [1, 5], "car_1700": [11, 0], "car_1703": [10, 4], "car_1702": [7, 4], "car_1705": [6, 1], "car_1704": [5, 1], "car_1707": [3, 4], "car_1706": [9, 4], "car_1709": [2, 7], "car_1708": [11, 7], "car_589": [2, 3], "car_588": [10, 4], "car_859": [9, 3], "car_858": [6, 3], "car_1695": [2, 4], "car_581": [0, 3], "car_580": [6, 0], "car_583": [10, 4], "car_850": [3, 0], "car_585": [11, 0], "car_584": [9, 2], "car_587": [7, 0], "car_586": [1, 3], "car_2002": [8, 7], "car_2148": [1, 6], "car_2149": [10, 6], "car_2146": [5, 1], "car_2147": [8, 4], "car_2144": [8, 3], "car_2145": [1, 0], "car_2142": [10, 2], "car_2143": [9, 5], "car_2140": [6, 5], "car_2141": [9, 7], "car_457": [3, 2], "car_456": [9, 5], "car_455": [6, 5], "car_454": [7, 5], "car_453": [1, 4], "car_452": [6, 1], "car_451": [7, 1], "car_450": [3, 2], "car_1878": [2, 0], "car_459": [2, 5], "car_458": [4, 2], "car_1877": [8, 4], "car_1876": [5, 2], "car_1875": [2, 1], "car_1874": [7, 0], "car_1873": [2, 1], "car_1872": [7, 1], "car_738": [10, 6], "car_739": [2, 3], "car_1871": [0, 1], "car_733": [10, 7], "car_732": [10, 3], "car_32": [6, 2], "car_730": [1, 5], "car_731": [4, 6], "car_736": [0, 7], "car_737": [1, 4], "car_734": [5, 6], "car_735": [10, 4], "car_1976": [1, 5], "car_1977": [7, 4], "car_1698": [7, 6], "car_38": [8, 4], "car_39": [1, 2], "car_1978": [6, 7], "car_1979": [11, 7], "car_112": [6, 1], "car_113": [9, 6], "car_110": [10, 3], "car_111": [5, 7], "car_116": [9, 0], "car_117": [0, 7], "car_114": [8, 5], "car_115": [1, 2], "car_118": [8, 6], "car_119": [11, 4], "car_1950": [0, 7], "car_1951": [4, 0], "car_1952": [7, 5], "car_1953": [10, 3], "car_1954": [2, 7], "car_1955": [11, 0], "car_208": [9, 7], "car_209": [11, 3], "car_206": [10, 2], "car_207": [6, 5], "car_204": [1, 4], "car_205": [4, 7], "car_202": [4, 1], "car_203": [0, 5], "car_200": [11, 1], "car_201": [1, 7], "car_1558": [9, 7], "car_1559": [7, 1], "car_1554": [8, 7], "car_1555": [11, 2], "car_1556": [2, 3], "car_1557": [5, 1], "car_1550": [8, 4], "car_1551": [2, 3], "car_1552": [9, 6], "car_1553": [0, 1], "car_1398": [10, 2], "car_1399": [2, 1], "car_1392": [10, 3], "car_1393": [6, 7], "car_1390": [11, 6], "car_1391": [7, 2], "car_1396": [9, 1], "car_1397": [8, 1], "car_1394": [9, 1], "car_1395": [5, 0], "car_930": [3, 4], "car_931": [11, 4], "car_932": [1, 6], "car_933": [7, 1], "car_934": [2, 0], "car_935": [9, 1], "car_936": [0, 3], "car_937": [1, 4], "car_938": [4, 7], "car_939": [7, 1], "car_6": [8, 7], "car_7": [7, 5], "car_4": [7, 6], "car_5": [2, 7], "car_2": [8, 6], "car_3": [4, 7], "car_1178": [5, 0], "car_1": [5, 7], "car_1176": [11, 0], "car_1177": [1, 3], "car_1174": [4, 7], "car_1175": [2, 5], "car_1172": [6, 5], "car_1173": [11, 0], "car_8": [2, 3], "car_9": [3, 5], "car_1774": [5, 1], "car_1775": [9, 3], "car_1776": [3, 1], "car_1777": [11, 3], "car_1770": [5, 7], "car_1771": [8, 3], "car_1772": [4, 2], "car_1773": [7, 2], "car_1778": [1, 0], "car_1779": [4, 2], "car_98": [8, 1], "car_99": [10, 1], "car_90": [10, 7], "car_91": [0, 6], "car_92": [6, 1], "car_93": [0, 2], "car_94": [10, 1], "car_95": [2, 6], "car_96": [7, 0], "car_97": [3, 2], "car_596": [2, 7], "car_597": [9, 0], "car_594": [3, 2], "car_595": [10, 5], "car_592": [5, 7], "car_593": [3, 1], "car_590": [5, 7], "car_591": [4, 6], "car_598": [8, 6], "car_599": [7, 5], "car_848": [5, 1], "car_849": [0, 1], "car_840": [5, 2], "car_841": [6, 3], "car_842": [9, 3], "car_843": [0, 5], "car_844": [8, 7], "car_845": [1, 0], "car_846": [7, 3], "car_847": [2, 7], "car_1608": [11, 3], "car_1609": [7, 2], "car_2153": [5, 4], "car_2152": [10, 0], "car_2155": [0, 7], "car_2154": [9, 0], "car_2157": [6, 3], "car_2156": [7, 3], "car_1600": [10, 2], "car_1601": [11, 2], "car_1602": [1, 6], "car_1603": [10, 1], "car_1604": [5, 2], "car_1605": [11, 2], "car_1606": [7, 5], "car_1607": [0, 1], "car_444": [4, 2], "car_445": [10, 1], "car_446": [2, 6], "car_447": [9, 7], "car_440": [2, 7], "car_441": [9, 0], "car_442": [8, 5], "car_443": [1, 4], "car_448": [0, 1], "car_449": [2, 3], "car_695": [1, 7], "car_694": [3, 7], "car_697": [8, 4], "car_696": [9, 3], "car_691": [8, 1], "car_690": [6, 7], "car_693": [0, 3], "car_692": [1, 3], "car_699": [6, 7], "car_698": [11, 2], "car_1943": [4, 0], "car_1942": [11, 0], "car_279": [1, 6], "car_278": [11, 1], "car_1947": [1, 5], "car_1946": [4, 1], "car_1945": [11, 2], "car_1944": [5, 1], "car_273": [9, 4], "car_272": [5, 1], "car_271": [2, 6], "car_270": [10, 1], "car_277": [6, 2], "car_276": [1, 7], "car_275": [8, 1], "car_274": [0, 1], "car_1925": [9, 2], "car_1549": [0, 5], "car_1548": [5, 7], "car_1547": [2, 3], "car_1546": [10, 2], "car_1545": [1, 5], "car_1544": [11, 4], "car_1543": [8, 7], "car_1542": [3, 5], "car_1541": [0, 3], "car_1540": [9, 6], "car_1389": [3, 5], "car_1388": [2, 0], "car_1385": [11, 6], "car_1384": [8, 5], "car_1387": [4, 5], "car_1386": [1, 2], "car_1381": [0, 5], "car_1380": [5, 0], "car_1383": [5, 0], "car_1382": [3, 4], "car_307": [7, 6], "car_306": [4, 2], "car_305": [1, 2], "car_304": [0, 7], "car_303": [9, 5], "car_302": [2, 5], "car_301": [11, 2], "car_300": [9, 4], "car_804": [11, 4], "car_309": [6, 3], "car_308": [2, 1], "car_909": [3, 2], "car_908": [0, 1], "car_905": [6, 0], "car_904": [2, 1], "car_907": [4, 5], "car_906": [0, 6], "car_901": [8, 3], "car_900": [0, 5], "car_903": [10, 7], "car_902": [11, 6], "car_1161": [11, 4], "car_1160": [0, 6], "car_1163": [7, 0], "car_1162": [1, 0], "car_1165": [4, 1], "car_1164": [2, 1], "car_1167": [10, 4], "car_1166": [0, 5], "car_1169": [1, 5], "car_1168": [11, 7], "car_2010": [0, 5], "car_2011": [7, 4], "car_2012": [5, 3], "car_2013": [6, 7], "car_2014": [9, 7], "car_2015": [0, 2], "car_2016": [10, 4], "car_2017": [9, 1], "car_2018": [0, 3], "car_2019": [1, 4], "car_87": [11, 7], "car_86": [8, 0], "car_85": [0, 3], "car_84": [11, 6], "car_83": [3, 7], "car_82": [0, 3], "car_81": [5, 4], "car_80": [2, 7], "car_2001": [0, 1], "car_89": [7, 0], "car_88": [1, 4], "car_2000": [6, 2], "car_875": [4, 0], "car_874": [6, 5], "car_877": [6, 4], "car_876": [7, 6], "car_871": [8, 3], "car_870": [0, 3], "car_873": [5, 6], "car_872": [7, 2], "car_1694": [0, 2], "car_879": [1, 7], "car_878": [11, 6], "car_1752": [1, 7], "car_1753": [4, 2], "car_1699": [3, 1], "car_2124": [0, 3], "car_2125": [8, 0], "car_1619": [10, 7], "car_1618": [4, 2], "car_2120": [11, 1], "car_2121": [1, 4], "car_2122": [2, 5], "car_2123": [9, 7], "car_1613": [4, 2], "car_1612": [1, 3], "car_1611": [9, 7], "car_1610": [2, 0], "car_1617": [11, 6], "car_1616": [3, 4], "car_1615": [5, 3], "car_1614": [10, 1], "car_1754": [7, 5], "car_1755": [10, 2], "car_471": [2, 5], "car_470": [10, 2], "car_473": [10, 3], "car_472": [8, 5], "car_475": [5, 1], "car_474": [2, 3], "car_477": [0, 6], "car_476": [9, 7], "car_479": [4, 7], "car_478": [8, 6], "car_2038": [4, 1], "car_2039": [9, 5], "car_1819": [1, 7], "car_1818": [9, 3], "car_682": [9, 6], "car_683": [8, 1], "car_680": [7, 1], "car_681": [8, 0], "car_686": [8, 7], "car_687": [1, 6], "car_684": [5, 7], "car_685": [0, 4], "car_688": [7, 0], "car_689": [5, 1], "car_1815": [4, 1], "car_1814": [8, 6], "car_1670": [11, 3], "car_1956": [2, 7], "car_1957": [0, 4], "car_1958": [4, 1], "car_1959": [2, 7], "car_2003": [4, 0], "car_268": [0, 5], "car_269": [4, 0], "car_1974": [3, 1], "car_1975": [11, 1], "car_1972": [7, 5], "car_1973": [10, 4], "car_1970": [3, 0], "car_1971": [8, 4], "car_260": [11, 5], "car_261": [1, 2], "car_262": [4, 2], "car_263": [7, 4], "car_264": [5, 1], "car_265": [6, 7], "car_266": [9, 3], "car_267": [6, 7], "car_1572": [10, 5], "car_1573": [6, 0], "car_1570": [3, 6], "car_1571": [11, 0], "car_1576": [9, 6], "car_1577": [0, 2], "car_1574": [9, 5], "car_1575": [5, 2], "car_1578": [7, 1], "car_1579": [10, 6], "car_1370": [8, 2], "car_1371": [7, 4], "car_1372": [10, 4], "car_1373": [9, 4], "car_1374": [0, 6], "car_1375": [8, 3], "car_1376": [4, 1], "car_1377": [2, 6], "car_1378": [0, 5], "car_1379": [1, 0], "car_314": [2, 3], "car_315": [8, 3], "car_316": [0, 7], "car_317": [3, 1], "car_310": [9, 5], "car_311": [3, 5], "car_312": [1, 0], "car_313": [10, 6], "car_318": [8, 4], "car_319": [11, 3], "car_918": [11, 2], "car_919": [2, 7], "car_912": [6, 1], "car_913": [9, 0], "car_910": [11, 6], "car_911": [10, 1], "car_916": [5, 0], "car_917": [0, 7], "car_914": [8, 1], "car_915": [2, 0], "car_1114": [10, 5], "car_1115": [5, 6], "car_1116": [3, 6], "car_1117": [4, 3], "car_1110": [3, 5], "car_1111": [11, 5], "car_1112": [10, 4], "car_1113": [0, 3], "car_1118": [5, 6], "car_1119": [6, 4], "car_1284": [1, 5], "car_1285": [7, 2], "car_1286": [9, 4], "car_1287": [3, 2], "car_1280": [9, 3], "car_1281": [0, 1], "car_1282": [8, 1], "car_1283": [11, 3], "car_2130": [9, 2], "car_1288": [8, 3], "car_1289": [1, 6], "car_1744": [3, 4], "car_1028": [3, 4], "car_1029": [8, 2], "car_1758": [3, 2], "car_1759": [11, 2], "car_2007": [9, 2], "car_2006": [6, 2], "car_2005": [2, 3], "car_2004": [7, 5], "car_1020": [9, 2], "car_1021": [0, 1], "car_1022": [4, 0], "car_1023": [5, 1], "car_1024": [6, 7], "car_1025": [8, 6], "car_1026": [7, 2], "car_1027": [9, 3], "car_1598": [9, 3], "car_1599": [0, 4], "car_1590": [9, 7], "car_1591": [8, 6], "car_1592": [5, 7], "car_1593": [6, 2], "car_1594": [9, 5], "car_1595": [11, 1], "car_1596": [5, 2], "car_1597": [6, 1], "car_1746": [10, 4], "car_862": [1, 4], "car_863": [2, 0], "car_860": [8, 1], "car_861": [11, 0], "car_866": [0, 5], "car_867": [7, 5], "car_864": [2, 4], "car_865": [5, 1], "car_868": [10, 0], "car_869": [9, 1], "car_1741": [10, 6], "car_2137": [11, 5], "car_2136": [8, 2], "car_2135": [3, 4], "car_2134": [6, 3], "car_2133": [7, 4], "car_2132": [4, 5], "car_1628": [6, 7], "car_1629": [1, 4], "car_1626": [11, 0], "car_1627": [5, 4], "car_1624": [8, 2], "car_1625": [0, 1], "car_1622": [4, 3], "car_1623": [0, 4], "car_1620": [5, 3], "car_1621": [8, 5], "car_1740": [7, 5]}