{"car_2009": [5, 1], "car_468": [2, 7], "car_469": [6, 5], "car_466": [8, 0], "car_467": [10, 3], "car_464": [4, 7], "car_465": [10, 4], "car_462": [5, 6], "car_463": [3, 4], "car_460": [3, 5], "car_461": [7, 5], "car_817": [4, 6], "car_816": [11, 7], "car_815": [9, 4], "car_814": [6, 4], "car_813": [5, 6], "car_812": [7, 3], "car_2072": [6, 7], "car_811": [4, 6], "car_2073": [0, 7], "car_810": [11, 6], "car_679": [5, 0], "car_678": [2, 4], "car_677": [10, 6], "car_676": [4, 3], "car_675": [8, 5], "car_674": [3, 6], "car_673": [7, 6], "car_672": [4, 7], "car_671": [11, 0], "car_670": [0, 1], "car_2078": [3, 6], "car_2079": [2, 4], "car_789": [0, 7], "car_788": [9, 6], "car_783": [3, 7], "car_782": [10, 1], "car_781": [4, 3], "car_780": [11, 2], "car_787": [6, 2], "car_786": [2, 4], "car_785": [4, 2], "car_784": [8, 3], "car_0": [1, 4], "car_1179": [0, 4], "car_255": [1, 4], "car_254": [9, 6], "car_257": [6, 1], "car_256": [10, 2], "car_251": [6, 5], "car_250": [5, 4], "car_253": [6, 3], "car_252": [1, 3], "car_1961": [2, 4], "car_1960": [3, 5], "car_1963": [0, 6], "car_1962": [6, 3], "car_259": [10, 1], "car_258": [7, 6], "car_1967": [0, 4], "car_1966": [10, 7], "car_1170": [10, 6], "car_1171": [2, 0], "car_1565": [0, 3], "car_1564": [2, 7], "car_1567": [4, 6], "car_1566": [11, 2], "car_1561": [6, 2], "car_1560": [7, 0], "car_1563": [7, 4], "car_1562": [0, 6], "car_1569": [5, 0], "car_1568": [7, 3], "car_1413": [10, 7], "car_1363": [8, 6], "car_1362": [9, 2], "car_1361": [7, 0], "car_1360": [11, 0], "car_1367": [10, 6], "car_1366": [4, 6], "car_1365": [1, 5], "car_1364": [11, 1], "car_1369": [0, 7], "car_1368": [2, 5], "car_321": [11, 2], "car_320": [8, 4], "car_323": [6, 1], "car_322": [1, 3], "car_325": [4, 3], "car_324": [3, 0], "car_327": [3, 6], "car_326": [5, 3], "car_329": [10, 6], "car_328": [7, 6], "car_1107": [5, 1], "car_1106": [11, 7], "car_1105": [9, 0], "car_1104": [4, 0], "car_1103": [3, 4], "car_1102": [5, 7], "car_1101": [2, 4], "car_1100": [7, 1], "car_1109": [11, 3], "car_1108": [0, 6], "car_1297": [1, 3], "car_1296": [6, 1], "car_1295": [5, 6], "car_1294": [2, 7], "car_1293": [1, 4], "car_1292": [2, 6], "car_1291": [7, 0], "car_1290": [3, 5], "car_1299": [1, 3], "car_1298": [11, 3], "car_2036": [7, 0], "car_2037": [2, 4], "car_1039": [11, 2], "car_1038": [0, 7], "car_1749": [4, 0], "car_1748": [1, 7], "car_2030": [11, 3], "car_2031": [7, 1], "car_1033": [10, 7], "car_1032": [4, 2], "car_1031": [1, 6], "car_1030": [8, 3], "car_1037": [9, 4], "car_1036": [6, 4], "car_1035": [5, 1], "car_1034": [2, 5], "car_1589": [7, 6], "car_1588": [4, 6], "car_1583": [0, 6], "car_1582": [4, 1], "car_1581": [6, 4], "car_1580": [7, 2], "car_1587": [0, 5], "car_1586": [6, 3], "car_1585": [5, 4], "car_1584": [10, 3], "car_1852": [10, 2], "car_1906": [11, 0], "car_899": [8, 7], "car_898": [9, 7], "car_897": [5, 4], "car_896": [2, 5], "car_895": [1, 0], "car_894": [11, 5], "car_893": [3, 1], "car_892": [6, 1], "car_891": [11, 2], "car_890": [9, 3], "car_2108": [3, 4], "car_2109": [2, 5], "car_2102": [9, 2], "car_2103": [0, 5], "car_2100": [10, 5], "car_2101": [6, 7], "car_2106": [7, 3], "car_2107": [0, 3], "car_2104": [8, 4], "car_2105": [4, 5], "car_1631": [9, 2], "car_1630": [7, 1], "car_1633": [7, 4], "car_1632": [4, 5], "car_1635": [8, 7], "car_1634": [0, 4], "car_1637": [7, 2], "car_1636": [11, 7], "car_1639": [5, 2], "car_1638": [2, 3], "car_1751": [7, 2], "car_1756": [8, 2], "car_419": [10, 5], "car_418": [3, 4], "car_413": [10, 3], "car_412": [11, 3], "car_411": [5, 1], "car_410": [2, 0], "car_417": [0, 6], "car_416": [10, 7], "car_415": [11, 7], "car_414": [6, 0], "car_1679": [10, 7], "car_1678": [3, 1], "car_527": [10, 3], "car_526": [4, 2], "car_525": [8, 4], "car_524": [9, 4], "car_523": [6, 4], "car_522": [2, 3], "car_521": [11, 4], "car_520": [3, 7], "car_1671": [1, 2], "car_1889": [5, 4], "car_529": [9, 1], "car_528": [2, 3], "car_1884": [9, 7], "car_1885": [1, 4], "car_668": [7, 6], "car_669": [5, 7], "car_664": [4, 1], "car_665": [8, 6], "car_666": [1, 0], "car_667": [4, 0], "car_660": [5, 6], "car_661": [0, 3], "car_662": [8, 5], "car_663": [11, 5], "car_1854": [0, 6], "car_798": [11, 3], "car_799": [1, 0], "car_790": [8, 4], "car_791": [1, 5], "car_792": [7, 1], "car_793": [2, 4], "car_794": [8, 3], "car_795": [11, 0], "car_796": [6, 2], "car_797": [3, 1], "car_242": [3, 1], "car_243": [10, 1], "car_240": [10, 1], "car_241": [6, 5], "car_246": [8, 0], "car_247": [11, 6], "car_244": [2, 0], "car_245": [6, 1], "car_1914": [7, 2], "car_1915": [5, 0], "car_248": [1, 3], "car_249": [7, 4], "car_1910": [2, 3], "car_1911": [9, 5], "car_1912": [3, 5], "car_1913": [4, 2], "car_1356": [9, 3], "car_1357": [0, 2], "car_1354": [8, 1], "car_1355": [1, 5], "car_1352": [7, 4], "car_1353": [3, 0], "car_1350": [3, 2], "car_1351": [8, 0], "car_1358": [3, 7], "car_1359": [8, 7], "car_1831": [4, 1], "car_1820": [3, 1], "car_1821": [8, 4], "car_1822": [1, 6], "car_1823": [4, 7], "car_1824": [7, 5], "car_1825": [10, 6], "car_338": [0, 6], "car_339": [1, 2], "car_336": [6, 7], "car_337": [6, 5], "car_334": [8, 4], "car_335": [11, 6], "car_332": [0, 3], "car_333": [3, 2], "car_330": [5, 7], "car_331": [9, 6], "car_1138": [5, 7], "car_1139": [6, 4], "car_1132": [8, 7], "car_1133": [11, 3], "car_1130": [0, 3], "car_1131": [3, 1], "car_1136": [3, 0], "car_1137": [4, 5], "car_1134": [7, 1], "car_1135": [0, 2], "car_1839": [5, 4], "car_1838": [10, 7], "car_2029": [0, 5], "car_2028": [9, 4], "car_2021": [2, 0], "car_2020": [7, 6], "car_2023": [9, 0], "car_2022": [6, 4], "car_2025": [8, 4], "car_2024": [0, 6], "car_2027": [4, 1], "car_2026": [11, 1], "car_1008": [10, 7], "car_1009": [5, 7], "car_1006": [0, 6], "car_1007": [11, 6], "car_1004": [10, 1], "car_1005": [5, 6], "car_1002": [1, 0], "car_1003": [7, 1], "car_1000": [6, 4], "car_1001": [8, 6], "car_1924": [1, 3], "car_36": [5, 2], "car_37": [0, 4], "car_34": [10, 7], "car_35": [2, 4], "car_888": [5, 1], "car_889": [6, 4], "car_30": [7, 6], "car_31": [8, 2], "car_884": [5, 7], "car_885": [0, 5], "car_886": [3, 7], "car_887": [5, 1], "car_880": [2, 3], "car_881": [6, 2], "car_882": [8, 7], "car_883": [1, 7], "car_2119": [6, 3], "car_2118": [5, 3], "car_2115": [0, 5], "car_2114": [9, 0], "car_2117": [7, 2], "car_2116": [3, 5], "car_2111": [0, 6], "car_2110": [9, 3], "car_2113": [1, 6], "car_2112": [11, 1], "car_1644": [11, 1], "car_1645": [1, 3], "car_1646": [10, 5], "car_1647": [2, 7], "car_1640": [4, 1], "car_1641": [2, 6], "car_1642": [0, 2], "car_1643": [8, 1], "car_1648": [8, 7], "car_1649": [1, 0], "car_2159": [8, 0], "car_2158": [6, 0], "car_408": [1, 0], "car_409": [10, 4], "car_2203": [7, 5], "car_2202": [8, 6], "car_2205": [3, 1], "car_2204": [9, 7], "car_2207": [5, 0], "car_2206": [8, 4], "car_400": [7, 1], "car_401": [8, 4], "car_402": [11, 5], "car_403": [4, 5], "car_404": [9, 1], "car_405": [8, 4], "car_406": [7, 6], "car_407": [0, 1], "car_1769": [0, 5], "car_534": [4, 7], "car_535": [0, 3], "car_536": [4, 6], "car_537": [5, 3], "car_530": [11, 2], "car_531": [9, 0], "car_532": [3, 7], "car_533": [11, 2], "car_538": [7, 1], "car_539": [2, 7], "car_659": [10, 5], "car_658": [6, 3], "car_651": [6, 5], "car_650": [2, 1], "car_653": [0, 1], "car_652": [9, 3], "car_655": [8, 5], "car_654": [3, 5], "car_657": [2, 6], "car_656": [7, 5], "car_1929": [5, 0], "car_2195": [9, 3], "car_2194": [4, 0], "car_1764": [5, 0], "car_2197": [5, 2], "car_2196": [4, 7], "car_2191": [3, 1], "car_1928": [10, 2], "car_2190": [9, 5], "car_2193": [1, 6], "car_1909": [8, 5], "car_1908": [2, 1], "car_1907": [10, 3], "car_1763": [7, 5], "car_1905": [0, 4], "car_1904": [5, 6], "car_1903": [4, 6], "car_1902": [6, 0], "car_1901": [2, 6], "car_1900": [4, 0], "car_1349": [6, 7], "car_1348": [3, 5], "car_1762": [4, 6], "car_1341": [5, 2], "car_1340": [10, 0], "car_1343": [8, 6], "car_1342": [9, 1], "car_1345": [2, 5], "car_1344": [10, 6], "car_1347": [0, 4], "car_1346": [6, 1], "car_1833": [7, 0], "car_1832": [2, 0], "car_349": [0, 3], "car_348": [9, 2], "car_1837": [1, 0], "car_1836": [8, 5], "car_1835": [6, 5], "car_1834": [10, 4], "car_343": [3, 1], "car_342": [9, 6], "car_341": [6, 5], "car_340": [4, 7], "car_347": [5, 0], "car_346": [2, 0], "car_345": [7, 0], "car_344": [4, 2], "car_1129": [7, 2], "car_1128": [6, 2], "car_1125": [7, 6], "car_1124": [4, 1], "car_1127": [2, 6], "car_1126": [7, 0], "car_1121": [6, 4], "car_1120": [3, 6], "car_1123": [1, 3], "car_1122": [11, 2], "car_1402": [3, 4], "car_1403": [8, 3], "car_1400": [5, 6], "car_1401": [0, 7], "car_1406": [2, 6], "car_1407": [6, 0], "car_1404": [7, 4], "car_1405": [0, 4], "car_2058": [1, 0], "car_2059": [7, 2], "car_2054": [7, 3], "car_2055": [9, 6], "car_2056": [0, 7], "car_2057": [3, 4], "car_2050": [11, 3], "car_2051": [4, 6], "car_2052": [2, 0], "car_2053": [8, 6], "car_1011": [0, 2], "car_1010": [6, 7], "car_1013": [4, 7], "car_1012": [11, 3], "car_1015": [10, 5], "car_1014": [7, 1], "car_1017": [5, 1], "car_1016": [2, 5], "car_1019": [1, 7], "car_1018": [0, 5], "car_25": [8, 1], "car_24": [3, 4], "car_27": [6, 3], "car_26": [1, 6], "car_21": [4, 1], "car_20": [1, 2], "car_23": [6, 0], "car_22": [7, 1], "car_29": [0, 7], "car_28": [9, 7], "car_1657": [8, 2], "car_1656": [3, 2], "car_1655": [6, 1], "car_1654": [5, 4], "car_1653": [10, 0], "car_1652": [7, 6], "car_1651": [0, 4], "car_1650": [7, 0], "car_1659": [2, 4], "car_1658": [1, 6], "car_1969": [2, 4], "car_1843": [8, 7], "car_435": [6, 5], "car_434": [2, 6], "car_437": [3, 2], "car_436": [0, 3], "car_431": [9, 5], "car_430": [2, 4], "car_433": [7, 5], "car_432": [3, 4], "car_1846": [6, 0], "car_439": [5, 2], "car_438": [8, 4], "car_1847": [0, 4], "car_1845": [2, 3], "car_1848": [3, 5], "car_1968": [8, 0], "car_1849": [8, 4], "car_1965": [7, 5], "car_1964": [4, 1], "car_501": [5, 7], "car_500": [2, 3], "car_503": [11, 6], "car_502": [3, 0], "car_505": [4, 2], "car_504": [1, 2], "car_507": [0, 1], "car_506": [9, 2], "car_509": [1, 7], "car_508": [8, 7], "car_1745": [6, 7], "car_646": [8, 3], "car_647": [11, 6], "car_644": [10, 6], "car_645": [0, 6], "car_642": [11, 4], "car_643": [7, 5], "car_640": [10, 0], "car_641": [5, 7], "car_648": [4, 6], "car_649": [10, 6], "car_1830": [1, 2], "car_1932": [3, 2], "car_1933": [1, 6], "car_1930": [9, 1], "car_1931": [0, 7], "car_1936": [11, 0], "car_1937": [4, 2], "car_1934": [2, 5], "car_1935": [6, 4], "car_1938": [0, 1], "car_1939": [2, 1], "car_1717": [3, 1], "car_1338": [8, 5], "car_1339": [7, 5], "car_1334": [10, 6], "car_1335": [3, 1], "car_1336": [11, 7], "car_1337": [6, 4], "car_1330": [3, 6], "car_1331": [8, 0], "car_1332": [11, 3], "car_1333": [7, 6], "car_1711": [4, 0], "car_358": [6, 4], "car_359": [9, 4], "car_1804": [6, 4], "car_1805": [0, 6], "car_1802": [3, 1], "car_1803": [8, 2], "car_1800": [2, 0], "car_1801": [9, 3], "car_350": [4, 7], "car_351": [7, 4], "car_352": [10, 4], "car_353": [5, 3], "car_354": [6, 1], "car_355": [9, 1], "car_356": [8, 5], "car_357": [7, 3], "car_1482": [7, 2], "car_1483": [10, 6], "car_1480": [5, 4], "car_1481": [3, 6], "car_1486": [8, 2], "car_1487": [11, 2], "car_1484": [5, 0], "car_1485": [0, 3], "car_1488": [4, 2], "car_1489": [7, 1], "car_1240": [9, 0], "car_1241": [4, 3], "car_1242": [10, 5], "car_1243": [0, 6], "car_1244": [9, 2], "car_1245": [10, 2], "car_1246": [9, 5], "car_1247": [8, 0], "car_1248": [11, 2], "car_1249": [1, 4], "car_1747": [8, 5], "car_1879": [4, 5], "car_2049": [5, 0], "car_2048": [0, 6], "car_2047": [6, 5], "car_2046": [5, 0], "car_2045": [7, 0], "car_2044": [4, 1], "car_2043": [0, 5], "car_2042": [5, 7], "car_2041": [2, 4], "car_2040": [4, 2], "car_1064": [10, 4], "car_1065": [8, 7], "car_1066": [11, 1], "car_1067": [4, 7], "car_1060": [1, 2], "car_1061": [10, 1], "car_1062": [11, 6], "car_1063": [4, 0], "car_1068": [6, 3], "car_1069": [11, 7], "car_1798": [6, 3], "car_1799": [8, 0], "car_10": [7, 3], "car_11": [2, 6], "car_12": [6, 2], "car_13": [9, 5], "car_14": [1, 0], "car_15": [2, 0], "car_16": [10, 2], "car_17": [5, 0], "car_18": [8, 6], "car_19": [11, 5], "car_1668": [6, 4], "car_1669": [0, 5], "car_1662": [1, 0], "car_1663": [4, 1], "car_1660": [6, 4], "car_1661": [3, 1], "car_1666": [2, 5], "car_1667": [8, 6], "car_1664": [9, 4], "car_1665": [3, 5], "car_1468": [9, 5], "car_1469": [8, 0], "car_1460": [1, 3], "car_1461": [4, 3], "car_1462": [10, 4], "car_1463": [3, 5], "car_1464": [8, 7], "car_1465": [4, 6], "car_1466": [10, 6], "car_1467": [2, 0], "car_422": [1, 0], "car_423": [2, 7], "car_420": [0, 2], "car_421": [11, 3], "car_426": [3, 6], "car_427": [11, 7], "car_424": [9, 1], "car_425": [0, 7], "car_428": [1, 3], "car_429": [4, 7], "car_2008": [4, 0], "car_518": [3, 7], "car_519": [10, 6], "car_516": [5, 7], "car_517": [6, 0], "car_514": [7, 5], "car_515": [2, 1], "car_512": [4, 2], "car_513": [9, 1], "car_510": [6, 3], "car_511": [9, 0], "car_1870": [7, 1], "car_633": [9, 4], "car_632": [5, 2], "car_631": [7, 3], "car_630": [11, 4], "car_637": [4, 2], "car_636": [11, 6], "car_635": [8, 3], "car_634": [0, 6], "car_639": [1, 0], "car_638": [9, 1], "car_189": [11, 0], "car_188": [0, 5], "car_185": [10, 0], "car_184": [7, 1], "car_187": [5, 1], "car_186": [1, 3], "car_181": [10, 5], "car_180": [4, 0], "car_183": [0, 7], "car_182": [6, 4], "car_749": [7, 4], "car_748": [8, 7], "car_747": [0, 5], "car_746": [3, 2], "car_745": [2, 1], "car_744": [11, 1], "car_743": [8, 6], "car_742": [3, 0], "car_741": [2, 0], "car_740": [7, 3], "car_2131": [2, 4], "car_299": [9, 7], "car_298": [10, 2], "car_1927": [8, 4], "car_1926": [0, 4], "car_1921": [8, 5], "car_1920": [7, 1], "car_1923": [0, 4], "car_1922": [1, 3], "car_291": [5, 7], "car_290": [4, 6], "car_293": [4, 6], "car_292": [11, 5], "car_295": [0, 3], "car_294": [2, 5], "car_297": [1, 2], "car_296": [8, 3], "car_1329": [10, 3], "car_1328": [7, 1], "car_1327": [4, 6], "car_1326": [11, 6], "car_1325": [0, 2], "car_1324": [6, 5], "car_1323": [5, 1], "car_1322": [10, 6], "car_1321": [1, 3], "car_1320": [11, 4], "car_365": [11, 4], "car_364": [0, 6], "car_367": [10, 4], "car_366": [7, 0], "car_361": [3, 1], "car_360": [0, 1], "car_363": [5, 2], "car_362": [1, 2], "car_1811": [8, 5], "car_1810": [9, 0], "car_1813": [7, 3], "car_1812": [1, 6], "car_369": [9, 3], "car_368": [5, 3], "car_1817": [11, 5], "car_1816": [8, 7], "car_167": [7, 6], "car_166": [11, 5], "car_165": [3, 7], "car_164": [0, 4], "car_163": [4, 0], "car_162": [6, 0], "car_161": [5, 3], "car_160": [2, 4], "car_169": [2, 1], "car_168": [10, 3], "car_1495": [0, 7], "car_1494": [6, 2], "car_1497": [4, 7], "car_1496": [3, 4], "car_1491": [10, 6], "car_1490": [10, 0], "car_1493": [5, 2], "car_1492": [2, 0], "car_1499": [5, 3], "car_1498": [2, 6], "car_1253": [7, 4], "car_1252": [4, 5], "car_1251": [8, 7], "car_1250": [3, 6], "car_1257": [4, 1], "car_1256": [8, 4], "car_1255": [3, 7], "car_1254": [2, 3], "car_1259": [6, 3], "car_1258": [5, 7], "car_1868": [3, 6], "car_1789": [11, 5], "car_1788": [9, 5], "car_2070": [7, 6], "car_2071": [2, 5], "car_2076": [6, 4], "car_2077": [9, 2], "car_2074": [8, 6], "car_2075": [5, 2], "car_1781": [8, 3], "car_1780": [3, 4], "car_1783": [6, 4], "car_1782": [2, 7], "car_1785": [11, 4], "car_1784": [8, 3], "car_1787": [10, 5], "car_1786": [1, 7], "car_1077": [6, 4], "car_1076": [5, 3], "car_1075": [2, 1], "car_1074": [10, 0], "car_1073": [8, 6], "car_1072": [0, 6], "car_1071": [6, 1], "car_1070": [10, 7], "car_1079": [11, 6], "car_1078": [3, 4], "car_2139": [10, 3], "car_2034": [8, 6], "car_2035": [11, 5], "car_2032": [2, 0], "car_2033": [5, 2], "car_2138": [4, 1], "car_985": [6, 4], "car_984": [7, 6], "car_987": [7, 1], "car_986": [8, 7], "car_981": [3, 2], "car_980": [6, 1], "car_983": [1, 7], "car_982": [8, 4], "car_1675": [11, 0], "car_1674": [9, 2], "car_1677": [5, 6], "car_1676": [1, 7], "car_989": [6, 3], "car_988": [2, 7], "car_1673": [5, 3], "car_1672": [10, 0], "car_1479": [10, 3], "car_1478": [7, 0], "car_1473": [5, 4], "car_1472": [4, 0], "car_1471": [5, 6], "car_1470": [4, 1], "car_1477": [4, 5], "car_1476": [1, 6], "car_1475": [11, 4], "car_1474": [9, 4], "car_1743": [10, 6], "car_1742": [9, 2], "car_2098": [8, 2], "car_2099": [4, 3], "car_2090": [10, 6], "car_2091": [6, 3], "car_2092": [0, 7], "car_2093": [1, 6], "car_2094": [7, 6], "car_2095": [10, 3], "car_2096": [9, 0], "car_2097": [0, 3], "car_569": [9, 6], "car_568": [10, 5], "car_563": [1, 3], "car_562": [8, 6], "car_561": [5, 1], "car_560": [2, 7], "car_567": [7, 5], "car_566": [1, 7], "car_565": [10, 5], "car_564": [7, 1], "car_620": [4, 1], "car_621": [7, 5], "car_622": [2, 0], "car_623": [6, 5], "car_624": [9, 5], "car_625": [7, 0], "car_626": [6, 5], "car_627": [9, 6], "car_628": [0, 5], "car_629": [3, 1], "car_1869": [11, 6], "car_1866": [5, 6], "car_1867": [0, 1], "car_198": [0, 2], "car_199": [3, 0], "car_192": [8, 4], "car_193": [11, 2], "car_190": [5, 0], "car_191": [9, 0], "car_196": [10, 4], "car_197": [2, 3], "car_194": [1, 2], "car_195": [4, 5], "car_758": [1, 3], "car_759": [9, 4], "car_754": [0, 7], "car_755": [7, 1], "car_756": [2, 1], "car_757": [8, 6], "car_750": [10, 6], "car_751": [2, 6], "car_752": [5, 6], "car_753": [6, 7], "car_1940": [9, 1], "car_286": [2, 3], "car_287": [11, 4], "car_284": [9, 7], "car_285": [7, 5], "car_282": [2, 1], "car_283": [5, 3], "car_280": [11, 3], "car_281": [4, 5], "car_1949": [5, 4], "car_288": [5, 4], "car_289": [6, 1], "car_1948": [7, 2], "car_1312": [0, 5], "car_1313": [7, 0], "car_1310": [6, 2], "car_1311": [9, 4], "car_1316": [3, 0], "car_1317": [4, 2], "car_1314": [5, 7], "car_1315": [6, 7], "car_1318": [2, 0], "car_1319": [5, 7], "car_372": [11, 6], "car_373": [1, 3], "car_370": [5, 6], "car_371": [9, 7], "car_376": [2, 3], "car_377": [6, 1], "car_374": [4, 2], "car_375": [10, 4], "car_1864": [4, 2], "car_1865": [2, 3], "car_378": [0, 2], "car_379": [3, 5], "car_1860": [8, 2], "car_1861": [6, 1], "car_1862": [3, 4], "car_1863": [8, 7], "car_174": [9, 3], "car_175": [4, 0], "car_176": [7, 1], "car_177": [10, 1], "car_170": [11, 0], "car_171": [8, 4], "car_172": [4, 6], "car_173": [10, 5], "car_178": [6, 4], "car_179": [9, 4], "car_1266": [7, 0], "car_1267": [9, 5], "car_1264": [6, 0], "car_1265": [8, 0], "car_1262": [8, 5], "car_1263": [4, 5], "car_1260": [9, 0], "car_1261": [0, 4], "car_1268": [4, 5], "car_1269": [10, 6], "car_2065": [11, 2], "car_2064": [8, 6], "car_1048": [8, 0], "car_1049": [11, 4], "car_2061": [9, 3], "car_2060": [10, 2], "car_2063": [3, 4], "car_2062": [0, 5], "car_1042": [5, 1], "car_1043": [0, 2], "car_1040": [4, 0], "car_1041": [10, 3], "car_1046": [2, 7], "car_1047": [0, 1], "car_1044": [3, 2], "car_1045": [4, 1], "car_78": [7, 6], "car_79": [10, 5], "car_72": [1, 0], "car_73": [10, 1], "car_70": [3, 0], "car_71": [8, 2], "car_76": [11, 5], "car_77": [1, 3], "car_74": [6, 4], "car_75": [8, 1], "car_992": [10, 5], "car_993": [2, 5], "car_990": [0, 5], "car_991": [4, 5], "car_996": [1, 6], "car_997": [10, 2], "car_994": [0, 3], "car_995": [11, 1], "car_1688": [2, 7], "car_1689": [9, 4], "car_998": [2, 3], "car_999": [5, 2], "car_1448": [2, 7], "car_1449": [5, 3], "car_1446": [9, 3], "car_1447": [1, 7], "car_1444": [1, 6], "car_1445": [5, 7], "car_1442": [3, 6], "car_1443": [11, 4], "car_1440": [4, 7], "car_1441": [9, 2], "car_2089": [4, 2], "car_2088": [3, 4], "car_2083": [2, 1], "car_2082": [4, 5], "car_2081": [8, 2], "car_2080": [3, 5], "car_2087": [0, 1], "car_2086": [9, 0], "car_2085": [6, 2], "car_2084": [5, 7], "car_578": [11, 7], "car_579": [1, 0], "car_553": [7, 0], "car_570": [3, 5], "car_571": [11, 4], "car_572": [7, 1], "car_573": [2, 7], "car_574": [5, 6], "car_806": [3, 5], "car_576": [9, 7], "car_577": [8, 2], "car_807": [11, 6], "car_800": [7, 1], "car_801": [11, 7], "car_802": [4, 3], "car_2192": [11, 5], "car_803": [7, 5], "car_2067": [7, 0], "car_2066": [6, 1], "car_619": [11, 2], "car_618": [7, 3], "car_615": [11, 4], "car_614": [8, 5], "car_617": [4, 1], "car_616": [1, 4], "car_611": [5, 1], "car_610": [11, 4], "car_613": [3, 0], "car_612": [0, 3], "car_2151": [1, 7], "car_2150": [11, 5], "car_2069": [4, 0], "car_2068": [11, 2], "car_769": [1, 6], "car_768": [8, 3], "car_761": [2, 4], "car_760": [0, 3], "car_763": [9, 2], "car_762": [6, 7], "car_765": [4, 3], "car_764": [3, 1], "car_767": [0, 7], "car_766": [9, 4], "car_2216": [6, 3], "car_2214": [6, 5], "car_2215": [2, 3], "car_2212": [11, 1], "car_2213": [1, 4], "car_2210": [1, 2], "car_2211": [7, 3], "car_575": [6, 0], "car_1305": [6, 4], "car_1304": [5, 3], "car_1307": [4, 3], "car_1306": [8, 2], "car_1301": [7, 2], "car_1300": [4, 2], "car_1303": [2, 1], "car_1302": [10, 0], "car_1309": [2, 7], "car_1308": [10, 5], "car_389": [3, 7], "car_388": [9, 3], "car_387": [5, 1], "car_386": [2, 4], "car_385": [4, 1], "car_384": [11, 2], "car_383": [3, 2], "car_382": [2, 1], "car_381": [10, 4], "car_380": [1, 7], "car_141": [9, 3], "car_140": [6, 0], "car_143": [11, 3], "car_142": [0, 1], "car_145": [4, 7], "car_144": [3, 4], "car_147": [8, 1], "car_146": [5, 4], "car_149": [10, 2], "car_148": [11, 1], "car_1279": [9, 1], "car_1278": [5, 3], "car_1271": [5, 2], "car_1270": [7, 4], "car_1273": [4, 6], "car_1272": [0, 2], "car_1275": [8, 7], "car_1274": [9, 7], "car_1277": [1, 0], "car_1276": [11, 4], "car_1059": [8, 7], "car_1058": [9, 2], "car_1055": [7, 3], "car_1054": [8, 6], "car_1057": [6, 2], "car_1056": [10, 2], "car_1051": [5, 3], "car_1050": [4, 6], "car_1053": [0, 3], "car_1052": [7, 2], "car_69": [11, 4], "car_68": [8, 0], "car_61": [0, 7], "car_60": [2, 5], "car_63": [8, 4], "car_62": [3, 6], "car_65": [4, 0], "car_64": [11, 3], "car_67": [9, 3], "car_66": [7, 4], "car_1693": [2, 7], "car_1692": [11, 2], "car_1691": [3, 0], "car_1690": [4, 0], "car_1697": [7, 6], "car_1696": [11, 7], "car_969": [2, 3], "car_968": [4, 1], "car_967": [11, 5], "car_966": [8, 5], "car_965": [0, 1], "car_964": [5, 3], "car_963": [3, 7], "car_962": [2, 0], "car_961": [4, 7], "car_960": [6, 2], "car_1451": [11, 4], "car_1450": [8, 5], "car_1453": [4, 0], "car_1452": [1, 5], "car_1455": [0, 3], "car_1454": [5, 2], "car_1457": [10, 1], "car_1456": [11, 6], "car_1459": [9, 3], "car_1458": [2, 5], "car_1680": [2, 6], "car_1681": [6, 4], "car_1682": [1, 6], "car_1683": [10, 6], "car_1684": [0, 3], "car_1685": [4, 7], "car_1891": [1, 6], "car_1686": [7, 3], "car_1890": [11, 2], "car_1687": [4, 3], "car_1893": [10, 6], "car_545": [7, 4], "car_544": [3, 1], "car_547": [2, 4], "car_546": [10, 1], "car_541": [7, 4], "car_540": [6, 7], "car_543": [0, 4], "car_542": [5, 6], "car_1895": [7, 5], "car_549": [11, 2], "car_548": [8, 0], "car_819": [0, 2], "car_818": [2, 3], "car_1897": [5, 0], "car_1896": [10, 4], "car_33": [7, 1], "car_1767": [11, 7], "car_1766": [8, 6], "car_1765": [3, 7], "car_608": [10, 1], "car_609": [8, 7], "car_602": [7, 6], "car_603": [11, 7], "car_600": [1, 0], "car_601": [4, 2], "car_606": [0, 1], "car_607": [1, 0], "car_604": [4, 7], "car_605": [9, 4], "car_1761": [6, 1], "car_1760": [4, 1], "car_776": [11, 5], "car_777": [10, 0], "car_774": [6, 4], "car_775": [0, 2], "car_772": [11, 1], "car_773": [2, 5], "car_770": [6, 3], "car_771": [9, 3], "car_1768": [7, 2], "car_778": [9, 7], "car_779": [0, 7], "car_1750": [1, 4], "car_1994": [8, 4], "car_1995": [1, 6], "car_1996": [6, 7], "car_1997": [9, 0], "car_1990": [1, 2], "car_1991": [2, 1], "car_1992": [9, 6], "car_1993": [3, 1], "car_1998": [0, 7], "car_1999": [3, 1], "car_1842": [3, 4], "car_1806": [7, 4], "car_1840": [9, 2], "car_1841": [0, 2], "car_398": [11, 2], "car_399": [1, 2], "car_1844": [7, 5], "car_1807": [10, 0], "car_394": [2, 0], "car_395": [0, 2], "car_396": [4, 1], "car_397": [6, 4], "car_390": [4, 7], "car_391": [6, 2], "car_392": [4, 0], "car_393": [0, 3], "car_158": [10, 0], "car_159": [5, 2], "car_156": [1, 3], "car_157": [4, 1], "car_154": [9, 0], "car_155": [0, 4], "car_152": [7, 3], "car_153": [6, 7], "car_150": [9, 0], "car_151": [1, 5], "car_1208": [8, 7], "car_1209": [11, 7], "car_1204": [3, 0], "car_1205": [1, 2], "car_1206": [4, 0], "car_1207": [9, 3], "car_1200": [1, 2], "car_1201": [7, 4], "car_1202": [6, 2], "car_1203": [0, 1], "car_1808": [2, 4], "car_1809": [6, 2], "car_1510": [2, 4], "car_1511": [4, 1], "car_1512": [5, 0], "car_1513": [9, 4], "car_1514": [11, 1], "car_1515": [10, 0], "car_1516": [2, 7], "car_1517": [5, 7], "car_1518": [6, 7], "car_1519": [9, 4], "car_1198": [5, 7], "car_1199": [8, 4], "car_1194": [11, 3], "car_1195": [7, 0], "car_1196": [10, 5], "car_1197": [2, 1], "car_1190": [2, 4], "car_1191": [11, 7], "car_1192": [11, 4], "car_1193": [0, 5], "car_2126": [0, 4], "car_2127": [8, 0], "car_978": [4, 0], "car_979": [5, 7], "car_974": [10, 5], "car_975": [1, 5], "car_976": [3, 7], "car_977": [8, 1], "car_970": [9, 4], "car_971": [8, 4], "car_972": [11, 1], "car_973": [4, 6], "car_1424": [6, 4], "car_1425": [4, 1], "car_1426": [7, 1], "car_1427": [2, 4], "car_1420": [10, 4], "car_1421": [8, 0], "car_1422": [4, 0], "car_1423": [7, 5], "car_1428": [5, 2], "car_1429": [6, 1], "car_2128": [4, 7], "car_2129": [7, 0], "car_1738": [9, 4], "car_1739": [0, 4], "car_1730": [9, 2], "car_1731": [11, 7], "car_1732": [4, 1], "car_1733": [9, 6], "car_1734": [0, 7], "car_1735": [11, 2], "car_1736": [2, 3], "car_1737": [5, 4], "car_54": [10, 0], "car_55": [9, 4], "car_56": [2, 7], "car_57": [9, 5], "car_50": [8, 2], "car_51": [11, 0], "car_52": [4, 5], "car_53": [7, 6], "car_58": [8, 6], "car_59": [1, 6], "car_552": [0, 4], "car_805": [9, 2], "car_550": [2, 1], "car_551": [1, 3], "car_556": [8, 0], "car_557": [6, 0], "car_554": [2, 7], "car_555": [6, 3], "car_558": [9, 7], "car_559": [4, 5], "car_808": [7, 4], "car_809": [10, 4], "car_1757": [4, 5], "car_703": [1, 6], "car_702": [11, 4], "car_701": [9, 6], "car_700": [10, 5], "car_707": [5, 1], "car_706": [1, 4], "car_705": [6, 5], "car_704": [2, 0], "car_709": [8, 6], "car_708": [6, 3], "car_1987": [0, 6], "car_1986": [5, 6], "car_1985": [2, 0], "car_1984": [3, 6], "car_1983": [0, 6], "car_1982": [10, 5], "car_1981": [3, 6], "car_1980": [10, 2], "car_1989": [11, 3], "car_1988": [3, 6], "car_1855": [3, 1], "car_1796": [7, 0], "car_1857": [4, 1], "car_1856": [1, 6], "car_1851": [4, 7], "car_1850": [3, 1], "car_1853": [5, 6], "car_1797": [5, 4], "car_1859": [2, 5], "car_1794": [9, 1], "car_129": [3, 2], "car_128": [0, 5], "car_123": [8, 4], "car_122": [3, 0], "car_121": [0, 7], "car_120": [6, 2], "car_127": [6, 1], "car_126": [5, 0], "car_125": [10, 0], "car_124": [7, 2], "car_1790": [4, 5], "car_1219": [5, 4], "car_1218": [7, 4], "car_1217": [8, 2], "car_1216": [3, 6], "car_1215": [9, 6], "car_1214": [0, 7], "car_1213": [9, 7], "car_1212": [2, 1], "car_1211": [10, 7], "car_1210": [1, 3], "car_1415": [3, 4], "car_1414": [0, 4], "car_1417": [11, 1], "car_1416": [4, 5], "car_1411": [5, 4], "car_1410": [10, 7], "car_237": [3, 5], "car_236": [9, 4], "car_235": [2, 6], "car_234": [7, 1], "car_233": [4, 0], "car_232": [1, 4], "car_231": [2, 1], "car_230": [11, 1], "car_1412": [3, 7], "car_239": [4, 3], "car_238": [1, 3], "car_1503": [8, 2], "car_1502": [10, 5], "car_1501": [4, 2], "car_1500": [11, 5], "car_1507": [9, 7], "car_1506": [2, 0], "car_1505": [7, 1], "car_1504": [4, 1], "car_1509": [7, 6], "car_1508": [4, 3], "car_1189": [8, 6], "car_1188": [5, 7], "car_1187": [7, 5], "car_1186": [1, 4], "car_1185": [0, 2], "car_1184": [9, 0], "car_1183": [5, 2], "car_1182": [7, 1], "car_1181": [4, 2], "car_1180": [1, 7], "car_2182": [8, 3], "car_2183": [7, 3], "car_2180": [7, 3], "car_2181": [3, 6], "car_2186": [1, 3], "car_2187": [7, 0], "car_2184": [5, 6], "car_2185": [6, 1], "car_2188": [10, 1], "car_2189": [5, 7], "car_949": [1, 3], "car_948": [0, 1], "car_941": [9, 1], "car_940": [5, 7], "car_943": [11, 5], "car_942": [8, 2], "car_945": [9, 4], "car_944": [1, 4], "car_947": [9, 6], "car_946": [3, 6], "car_1437": [10, 7], "car_1436": [7, 1], "car_1435": [9, 1], "car_1434": [6, 7], "car_1433": [5, 4], "car_1432": [2, 7], "car_1431": [7, 0], "car_1430": [10, 5], "car_1439": [11, 1], "car_1438": [3, 1], "car_493": [5, 0], "car_492": [2, 1], "car_491": [7, 1], "car_490": [4, 3], "car_497": [4, 2], "car_496": [8, 1], "car_495": [0, 6], "car_494": [9, 0], "car_499": [9, 4], "car_498": [10, 1], "car_1918": [3, 0], "car_1919": [8, 0], "car_1729": [5, 2], "car_1728": [8, 7], "car_1723": [0, 4], "car_1722": [5, 4], "car_1721": [2, 0], "car_1720": [10, 2], "car_1727": [0, 4], "car_1726": [2, 6], "car_1725": [10, 7], "car_1724": [1, 2], "car_43": [11, 1], "car_42": [3, 4], "car_41": [5, 7], "car_40": [3, 0], "car_47": [5, 1], "car_46": [7, 2], "car_45": [4, 1], "car_44": [1, 2], "car_49": [3, 2], "car_48": [9, 2], "car_1916": [6, 0], "car_1917": [0, 2], "car_1858": [10, 6], "car_831": [10, 2], "car_830": [4, 0], "car_833": [0, 4], "car_832": [2, 5], "car_835": [8, 4], "car_834": [3, 5], "car_837": [4, 1], "car_836": [1, 5], "car_839": [5, 1], "car_838": [2, 6], "car_2168": [9, 2], "car_2169": [0, 4], "car_2160": [11, 7], "car_2161": [7, 6], "car_2162": [6, 2], "car_2163": [9, 7], "car_2164": [3, 1], "car_2165": [2, 4], "car_2166": [0, 6], "car_2167": [4, 0], "car_1941": [3, 0], "car_710": [3, 5], "car_711": [11, 2], "car_712": [7, 6], "car_713": [2, 5], "car_714": [6, 5], "car_715": [9, 2], "car_716": [0, 4], "car_717": [10, 1], "car_718": [6, 2], "car_719": [9, 2], "car_1892": [4, 6], "car_1894": [3, 7], "car_138": [8, 3], "car_139": [5, 6], "car_130": [1, 6], "car_131": [7, 1], "car_132": [2, 6], "car_133": [8, 5], "car_134": [11, 0], "car_135": [1, 0], "car_136": [0, 7], "car_137": [3, 6], "car_1222": [8, 2], "car_1223": [11, 7], "car_1220": [7, 0], "car_1221": [3, 1], "car_1226": [2, 6], "car_1227": [8, 2], "car_1224": [7, 1], "car_1225": [7, 1], "car_1886": [7, 5], "car_1887": [10, 5], "car_1228": [11, 0], "car_1229": [4, 3], "car_1882": [3, 5], "car_1883": [11, 1], "car_1880": [5, 4], "car_1881": [9, 5], "car_224": [0, 1], "car_225": [11, 3], "car_226": [7, 1], "car_227": [9, 1], "car_220": [5, 3], "car_221": [9, 7], "car_222": [8, 1], "car_223": [1, 0], "car_228": [4, 1], "car_229": [7, 5], "car_1086": [5, 7], "car_1087": [1, 0], "car_1084": [11, 4], "car_1085": [7, 1], "car_1082": [10, 5], "car_1083": [2, 5], "car_1080": [1, 5], "car_1081": [7, 2], "car_1088": [2, 5], "car_1089": [1, 3], "car_1536": [8, 3], "car_1537": [2, 7], "car_1534": [5, 7], "car_1535": [0, 6], "car_1532": [4, 3], "car_1533": [7, 2], "car_1530": [8, 7], "car_1531": [11, 6], "car_1538": [6, 1], "car_1539": [9, 3], "car_956": [0, 1], "car_957": [3, 1], "car_954": [5, 1], "car_955": [9, 3], "car_952": [1, 4], "car_953": [2, 7], "car_950": [9, 7], "car_951": [0, 6], "car_1827": [9, 3], "car_2199": [5, 1], "car_2198": [8, 4], "car_958": [10, 6], "car_959": [5, 4], "car_1158": [10, 3], "car_1159": [5, 6], "car_1408": [3, 0], "car_1409": [8, 7], "car_1829": [9, 7], "car_1150": [11, 2], "car_1151": [2, 6], "car_1152": [5, 2], "car_1153": [3, 4], "car_1154": [11, 1], "car_1155": [7, 0], "car_1156": [5, 1], "car_1157": [1, 7], "car_1826": [2, 6], "car_480": [3, 5], "car_481": [4, 6], "car_482": [6, 1], "car_483": [1, 6], "car_484": [6, 3], "car_485": [9, 2], "car_486": [11, 3], "car_487": [10, 4], "car_488": [9, 6], "car_489": [0, 4], "car_853": [4, 0], "car_852": [8, 2], "car_851": [0, 7], "car_582": [4, 5], "car_1718": [8, 2], "car_1719": [1, 3], "car_1716": [9, 5], "car_857": [2, 3], "car_1714": [11, 5], "car_1715": [4, 7], "car_1712": [7, 4], "car_1713": [10, 2], "car_1710": [5, 2], "car_856": [10, 2], "car_1828": [4, 3], "car_855": [0, 3], "car_854": [5, 0], "car_828": [8, 5], "car_829": [0, 3], "car_826": [6, 3], "car_827": [0, 4], "car_824": [1, 4], "car_825": [7, 0], "car_822": [6, 1], "car_823": [3, 1], "car_820": [4, 2], "car_821": [10, 6], "car_2179": [1, 5], "car_2178": [3, 0], "car_2173": [1, 7], "car_2172": [1, 5], "car_2171": [8, 6], "car_2170": [3, 0], "car_2177": [0, 3], "car_2176": [6, 7], "car_2175": [5, 7], "car_2174": [7, 6], "car_729": [9, 1], "car_728": [2, 4], "car_725": [11, 6], "car_724": [3, 5], "car_727": [7, 0], "car_726": [4, 7], "car_721": [10, 4], "car_720": [7, 4], "car_723": [0, 5], "car_722": [5, 3], "car_1795": [3, 6], "car_1792": [5, 2], "car_1793": [6, 3], "car_105": [0, 3], "car_104": [9, 2], "car_107": [1, 4], "car_106": [3, 4], "car_101": [1, 6], "car_100": [8, 1], "car_103": [6, 5], "car_102": [5, 0], "car_1888": [2, 1], "car_109": [2, 6], "car_108": [7, 6], "car_1791": [7, 6], "car_1235": [1, 6], "car_1234": [9, 5], "car_1237": [9, 0], "car_1236": [4, 2], "car_1231": [11, 2], "car_1230": [2, 0], "car_1233": [6, 3], "car_1232": [7, 2], "car_1899": [11, 3], "car_1898": [3, 1], "car_1239": [6, 7], "car_1238": [1, 0], "car_211": [7, 2], "car_210": [5, 7], "car_213": [5, 3], "car_212": [10, 6], "car_215": [3, 0], "car_214": [2, 5], "car_217": [4, 5], "car_216": [11, 4], "car_219": [2, 5], "car_218": [7, 6], "car_1529": [1, 7], "car_1528": [5, 7], "car_1521": [4, 0], "car_1520": [3, 5], "car_1523": [9, 6], "car_1522": [6, 7], "car_1525": [4, 0], "car_1524": [8, 7], "car_1527": [2, 3], "car_1526": [7, 3], "car_923": [6, 1], "car_922": [4, 2], "car_921": [8, 4], "car_920": [3, 5], "car_927": [5, 0], "car_926": [11, 0], "car_925": [0, 4], "car_924": [9, 2], "car_929": [3, 7], "car_928": [6, 7], "car_1149": [0, 1], "car_1148": [9, 3], "car_1419": [7, 3], "car_1418": [4, 1], "car_1143": [2, 4], "car_1142": [7, 1], "car_1141": [1, 7], "car_1140": [8, 7], "car_1147": [5, 6], "car_1146": [10, 2], "car_1145": [4, 0], "car_1144": [1, 3], "car_1099": [8, 5], "car_1098": [0, 1], "car_1091": [10, 3], "car_1090": [4, 3], "car_1093": [5, 0], "car_1092": [2, 3], "car_1095": [7, 4], "car_1094": [1, 5], "car_1097": [9, 1], "car_1096": [5, 2], "car_1701": [5, 3], "car_1700": [0, 6], "car_1703": [11, 6], "car_1702": [3, 2], "car_1705": [2, 6], "car_1704": [1, 3], "car_1707": [3, 7], "car_1706": [9, 4], "car_1709": [10, 1], "car_1708": [4, 2], "car_589": [6, 0], "car_588": [5, 1], "car_859": [3, 7], "car_858": [0, 3], "car_1695": [8, 3], "car_581": [1, 3], "car_580": [10, 6], "car_583": [7, 0], "car_850": [7, 1], "car_585": [0, 2], "car_584": [10, 7], "car_587": [2, 7], "car_586": [11, 0], "car_2002": [4, 3], "car_2148": [10, 6], "car_2149": [3, 4], "car_2146": [0, 1], "car_2147": [8, 7], "car_2144": [10, 6], "car_2145": [2, 7], "car_2142": [2, 4], "car_2143": [9, 6], "car_2140": [2, 6], "car_2141": [1, 3], "car_457": [6, 1], "car_456": [4, 2], "car_455": [1, 5], "car_454": [9, 6], "car_453": [6, 7], "car_452": [11, 5], "car_451": [8, 2], "car_450": [11, 1], "car_1878": [1, 6], "car_459": [2, 7], "car_458": [10, 7], "car_1877": [3, 2], "car_1876": [0, 6], "car_1875": [10, 6], "car_1874": [4, 1], "car_1873": [0, 1], "car_1872": [9, 2], "car_738": [10, 5], "car_739": [1, 4], "car_1871": [5, 7], "car_733": [7, 6], "car_732": [8, 4], "car_32": [1, 5], "car_730": [0, 4], "car_731": [2, 4], "car_736": [4, 0], "car_737": [7, 6], "car_734": [6, 0], "car_735": [9, 7], "car_1976": [10, 1], "car_1977": [0, 3], "car_1698": [5, 6], "car_38": [8, 0], "car_39": [1, 3], "car_1978": [7, 1], "car_1979": [3, 4], "car_112": [3, 6], "car_113": [1, 2], "car_110": [9, 3], "car_111": [0, 5], "car_116": [11, 4], "car_117": [1, 3], "car_114": [4, 5], "car_115": [9, 6], "car_118": [4, 7], "car_119": [5, 7], "car_1950": [9, 0], "car_1951": [0, 2], "car_1952": [4, 5], "car_1953": [10, 7], "car_1954": [8, 4], "car_1955": [7, 6], "car_208": [6, 5], "car_209": [2, 5], "car_206": [10, 6], "car_207": [5, 4], "car_204": [1, 7], "car_205": [7, 4], "car_202": [9, 3], "car_203": [8, 7], "car_200": [7, 5], "car_201": [5, 6], "car_1558": [6, 2], "car_1559": [1, 6], "car_1554": [3, 7], "car_1555": [11, 0], "car_1556": [4, 0], "car_1557": [7, 5], "car_1550": [0, 7], "car_1551": [11, 3], "car_1552": [4, 3], "car_1553": [2, 1], "car_1398": [11, 4], "car_1399": [10, 1], "car_1392": [8, 7], "car_1393": [4, 3], "car_1390": [7, 0], "car_1391": [0, 4], "car_1396": [9, 6], "car_1397": [8, 2], "car_1394": [7, 1], "car_1395": [2, 0], "car_930": [8, 7], "car_931": [11, 5], "car_932": [4, 7], "car_933": [9, 3], "car_934": [8, 0], "car_935": [6, 2], "car_936": [9, 6], "car_937": [8, 2], "car_938": [1, 0], "car_939": [10, 7], "car_6": [5, 4], "car_7": [0, 6], "car_4": [4, 6], "car_5": [10, 2], "car_2": [5, 7], "car_3": [8, 1], "car_1178": [6, 3], "car_1": [10, 6], "car_1176": [11, 2], "car_1177": [2, 4], "car_1174": [4, 3], "car_1175": [2, 0], "car_1172": [1, 5], "car_1173": [7, 1], "car_8": [8, 6], "car_9": [11, 3], "car_1774": [7, 6], "car_1775": [10, 2], "car_1776": [6, 0], "car_1777": [8, 6], "car_1770": [8, 2], "car_1771": [11, 3], "car_1772": [1, 7], "car_1773": [4, 7], "car_1778": [2, 7], "car_1779": [0, 5], "car_98": [9, 2], "car_99": [0, 3], "car_90": [4, 5], "car_91": [6, 7], "car_92": [3, 7], "car_93": [3, 7], "car_94": [4, 5], "car_95": [10, 6], "car_96": [2, 4], "car_97": [6, 5], "car_596": [4, 6], "car_597": [7, 0], "car_594": [5, 6], "car_595": [6, 4], "car_592": [10, 0], "car_593": [2, 3], "car_590": [9, 3], "car_591": [11, 5], "car_598": [2, 3], "car_599": [5, 6], "car_848": [8, 3], "car_849": [11, 4], "car_840": [3, 6], "car_841": [11, 1], "car_842": [1, 2], "car_843": [7, 0], "car_844": [10, 5], "car_845": [5, 3], "car_846": [9, 0], "car_847": [0, 3], "car_1608": [11, 4], "car_1609": [7, 4], "car_2153": [5, 1], "car_2152": [2, 0], "car_2155": [11, 1], "car_2154": [3, 0], "car_2157": [5, 6], "car_2156": [10, 3], "car_1600": [10, 4], "car_1601": [5, 6], "car_1602": [3, 4], "car_1603": [8, 1], "car_1604": [0, 2], "car_1605": [1, 0], "car_1606": [10, 0], "car_1607": [9, 3], "car_444": [2, 4], "car_445": [6, 3], "car_446": [3, 7], "car_447": [1, 6], "car_440": [11, 0], "car_441": [4, 7], "car_442": [7, 4], "car_443": [8, 5], "car_448": [10, 4], "car_449": [3, 1], "car_2201": [9, 3], "car_2200": [6, 5], "car_2209": [8, 3], "car_2208": [3, 4], "car_695": [7, 5], "car_694": [8, 6], "car_697": [6, 1], "car_696": [5, 3], "car_691": [2, 3], "car_690": [7, 1], "car_693": [0, 2], "car_692": [6, 7], "car_699": [7, 3], "car_698": [8, 7], "car_1943": [7, 4], "car_1942": [1, 2], "car_279": [4, 7], "car_278": [11, 5], "car_1947": [1, 5], "car_1946": [8, 5], "car_1945": [2, 5], "car_1944": [10, 0], "car_273": [2, 3], "car_272": [4, 0], "car_271": [11, 4], "car_270": [8, 6], "car_277": [0, 5], "car_276": [8, 4], "car_275": [6, 5], "car_274": [5, 4], "car_1925": [10, 6], "car_1549": [5, 1], "car_1548": [2, 7], "car_1547": [10, 0], "car_1546": [4, 1], "car_1545": [8, 4], "car_1544": [9, 3], "car_1543": [11, 0], "car_1542": [5, 3], "car_1541": [10, 1], "car_1540": [7, 4], "car_1389": [3, 0], "car_1388": [2, 7], "car_1385": [0, 6], "car_1384": [7, 0], "car_1387": [11, 4], "car_1386": [3, 1], "car_1381": [0, 7], "car_1380": [5, 4], "car_1383": [4, 2], "car_1382": [3, 7], "car_307": [4, 7], "car_306": [2, 5], "car_305": [7, 4], "car_304": [11, 4], "car_303": [3, 1], "car_302": [10, 2], "car_301": [11, 6], "car_300": [8, 6], "car_804": [6, 3], "car_309": [3, 4], "car_308": [7, 2], "car_909": [9, 3], "car_908": [11, 6], "car_905": [10, 2], "car_904": [4, 3], "car_907": [6, 4], "car_906": [5, 4], "car_901": [3, 2], "car_900": [4, 1], "car_903": [4, 6], "car_902": [8, 0], "car_1161": [9, 7], "car_1160": [8, 1], "car_1163": [1, 4], "car_1162": [3, 5], "car_1165": [0, 5], "car_1164": [7, 3], "car_1167": [5, 1], "car_1166": [2, 7], "car_1169": [7, 4], "car_1168": [9, 3], "car_2010": [5, 4], "car_2011": [11, 7], "car_2012": [0, 6], "car_2013": [11, 7], "car_2014": [4, 3], "car_2015": [7, 2], "car_2016": [10, 3], "car_2017": [9, 4], "car_2018": [8, 2], "car_2019": [11, 5], "car_87": [11, 3], "car_86": [0, 7], "car_85": [6, 2], "car_84": [10, 2], "car_83": [4, 7], "car_82": [8, 6], "car_81": [3, 0], "car_80": [6, 5], "car_2001": [7, 4], "car_89": [2, 0], "car_88": [10, 0], "car_2000": [11, 3], "car_875": [3, 5], "car_874": [1, 5], "car_877": [4, 3], "car_876": [11, 6], "car_871": [7, 2], "car_870": [1, 7], "car_873": [6, 3], "car_872": [10, 2], "car_1694": [5, 3], "car_879": [10, 1], "car_878": [7, 2], "car_1752": [10, 4], "car_1753": [2, 7], "car_1699": [6, 3], "car_2124": [8, 7], "car_2125": [7, 5], "car_1619": [2, 3], "car_1618": [4, 2], "car_2120": [0, 7], "car_2121": [1, 3], "car_2122": [7, 0], "car_2123": [6, 3], "car_1613": [9, 7], "car_1612": [7, 6], "car_1611": [3, 0], "car_1610": [0, 7], "car_1617": [11, 6], "car_1616": [0, 2], "car_1615": [8, 2], "car_1614": [3, 2], "car_1754": [6, 0], "car_1755": [3, 2], "car_471": [3, 1], "car_470": [9, 2], "car_473": [7, 6], "car_472": [4, 3], "car_475": [0, 1], "car_474": [6, 4], "car_477": [5, 6], "car_476": [10, 3], "car_479": [5, 1], "car_478": [9, 5], "car_2038": [6, 5], "car_2039": [3, 1], "car_1819": [2, 4], "car_1818": [10, 5], "car_682": [11, 3], "car_683": [1, 3], "car_680": [6, 7], "car_681": [3, 2], "car_686": [0, 1], "car_687": [3, 7], "car_684": [7, 4], "car_685": [5, 0], "car_688": [11, 7], "car_689": [4, 2], "car_1815": [9, 0], "car_1814": [6, 3], "car_1670": [11, 1], "car_1956": [5, 7], "car_1957": [0, 7], "car_1958": [2, 1], "car_1959": [9, 6], "car_2003": [2, 0], "car_268": [2, 0], "car_269": [0, 2], "car_1974": [11, 1], "car_1975": [1, 0], "car_1972": [3, 7], "car_1973": [8, 4], "car_1970": [5, 3], "car_1971": [0, 2], "car_260": [2, 6], "car_261": [6, 7], "car_262": [0, 4], "car_263": [4, 1], "car_264": [10, 1], "car_265": [11, 3], "car_266": [7, 0], "car_267": [10, 7], "car_1572": [4, 0], "car_1573": [7, 3], "car_1570": [9, 2], "car_1571": [0, 5], "car_1576": [4, 2], "car_1577": [7, 0], "car_1574": [10, 7], "car_1575": [11, 0], "car_1578": [10, 2], "car_1579": [6, 5], "car_1370": [8, 1], "car_1371": [4, 7], "car_1372": [7, 6], "car_1373": [2, 0], "car_1374": [9, 2], "car_1375": [3, 0], "car_1376": [2, 6], "car_1377": [5, 1], "car_1378": [9, 3], "car_1379": [3, 2], "car_314": [8, 2], "car_315": [4, 1], "car_316": [2, 6], "car_317": [5, 7], "car_310": [11, 1], "car_311": [1, 4], "car_312": [7, 1], "car_313": [2, 1], "car_318": [9, 3], "car_319": [0, 1], "car_918": [4, 3], "car_919": [10, 6], "car_912": [9, 7], "car_913": [10, 5], "car_910": [3, 2], "car_911": [2, 7], "car_916": [8, 0], "car_917": [11, 5], "car_914": [6, 4], "car_915": [3, 0], "car_1114": [7, 1], "car_1115": [1, 7], "car_1116": [10, 0], "car_1117": [6, 1], "car_1110": [1, 0], "car_1111": [4, 6], "car_1112": [3, 4], "car_1113": [8, 2], "car_1118": [0, 6], "car_1119": [5, 6], "car_1284": [2, 7], "car_1285": [9, 3], "car_1286": [8, 3], "car_1287": [11, 5], "car_1280": [0, 4], "car_1281": [11, 1], "car_1282": [4, 1], "car_1283": [10, 3], "car_2130": [10, 1], "car_1288": [7, 6], "car_1289": [9, 0], "car_1744": [6, 0], "car_1028": [5, 7], "car_1029": [3, 1], "car_1758": [9, 2], "car_1759": [1, 6], "car_2007": [3, 1], "car_2006": [9, 3], "car_2005": [6, 1], "car_2004": [5, 0], "car_1020": [0, 3], "car_1021": [5, 6], "car_1022": [3, 7], "car_1023": [4, 1], "car_1024": [0, 3], "car_1025": [3, 5], "car_1026": [8, 7], "car_1027": [4, 7], "car_1598": [1, 5], "car_1599": [4, 3], "car_1590": [2, 5], "car_1591": [5, 4], "car_1592": [9, 0], "car_1593": [1, 5], "car_1594": [10, 4], "car_1595": [2, 4], "car_1596": [9, 2], "car_1597": [8, 7], "car_1746": [0, 1], "car_862": [3, 0], "car_863": [4, 6], "car_860": [2, 6], "car_861": [0, 1], "car_866": [3, 7], "car_867": [4, 1], "car_864": [2, 3], "car_865": [5, 7], "car_868": [10, 7], "car_869": [2, 0], "car_1741": [4, 7], "car_2137": [6, 7], "car_2136": [2, 4], "car_2135": [4, 3], "car_2134": [8, 1], "car_2133": [9, 3], "car_2132": [6, 0], "car_1628": [8, 2], "car_1629": [1, 2], "car_1626": [4, 3], "car_1627": [5, 7], "car_1624": [0, 3], "car_1625": [1, 2], "car_1622": [1, 7], "car_1623": [2, 4], "car_1620": [5, 1], "car_1621": [9, 1], "car_1740": [11, 1]}