{"car_2009": [6, 2], "car_468": [8, 3], "car_469": [11, 7], "car_466": [4, 2], "car_467": [10, 3], "car_464": [0, 3], "car_465": [8, 7], "car_462": [4, 3], "car_463": [9, 6], "car_460": [10, 4], "car_461": [8, 0], "car_817": [0, 3], "car_816": [9, 6], "car_815": [6, 7], "car_814": [5, 3], "car_813": [5, 4], "car_812": [4, 5], "car_2072": [4, 2], "car_811": [1, 3], "car_2073": [6, 7], "car_810": [11, 2], "car_679": [0, 4], "car_678": [10, 2], "car_677": [11, 2], "car_676": [5, 7], "car_675": [1, 4], "car_674": [9, 6], "car_673": [11, 5], "car_672": [8, 4], "car_671": [3, 7], "car_670": [7, 2], "car_2078": [6, 5], "car_2079": [1, 2], "car_789": [6, 1], "car_788": [5, 3], "car_783": [0, 4], "car_782": [9, 3], "car_781": [3, 4], "car_780": [9, 2], "car_787": [10, 3], "car_786": [1, 5], "car_785": [8, 1], "car_784": [3, 6], "car_0": [4, 1], "car_1179": [3, 0], "car_255": [10, 3], "car_254": [3, 4], "car_257": [9, 3], "car_256": [5, 4], "car_251": [2, 4], "car_250": [8, 7], "car_253": [0, 2], "car_252": [6, 3], "car_1961": [10, 0], "car_1960": [11, 6], "car_1963": [5, 6], "car_1962": [2, 6], "car_259": [10, 0], "car_258": [3, 0], "car_1967": [10, 6], "car_1966": [0, 7], "car_1170": [1, 7], "car_1171": [5, 6], "car_1565": [7, 3], "car_1564": [4, 0], "car_1567": [0, 5], "car_1566": [6, 2], "car_1561": [1, 2], "car_1560": [2, 4], "car_1563": [3, 2], "car_1562": [4, 3], "car_1569": [1, 6], "car_1568": [3, 1], "car_1413": [8, 7], "car_1363": [3, 2], "car_1362": [0, 4], "car_1361": [6, 5], "car_1360": [4, 2], "car_1367": [3, 7], "car_1366": [0, 2], "car_1365": [6, 7], "car_1364": [11, 4], "car_1369": [2, 5], "car_1368": [8, 0], "car_321": [2, 0], "car_320": [7, 2], "car_323": [11, 1], "car_322": [8, 0], "car_325": [0, 7], "car_324": [1, 3], "car_327": [6, 2], "car_326": [10, 5], "car_329": [3, 1], "car_328": [0, 6], "car_1107": [7, 4], "car_1106": [1, 3], "car_1105": [3, 7], "car_1104": [0, 2], "car_1103": [10, 0], "car_1102": [7, 4], "car_1101": [8, 5], "car_1100": [5, 3], "car_1109": [11, 6], "car_1108": [2, 1], "car_1297": [11, 7], "car_1296": [2, 3], "car_1295": [7, 0], "car_1294": [11, 7], "car_1293": [0, 2], "car_1292": [9, 3], "car_1291": [5, 1], "car_1290": [1, 7], "car_1299": [2, 0], "car_1298": [7, 0], "car_2036": [1, 4], "car_2037": [4, 5], "car_1039": [4, 2], "car_1038": [1, 0], "car_1749": [4, 3], "car_1748": [9, 2], "car_2030": [11, 2], "car_2031": [1, 0], "car_1033": [5, 3], "car_1032": [1, 4], "car_1031": [8, 0], "car_1030": [0, 3], "car_1037": [11, 7], "car_1036": [8, 3], "car_1035": [11, 2], "car_1034": [9, 0], "car_1589": [3, 2], "car_1588": [4, 3], "car_1583": [9, 5], "car_1582": [11, 0], "car_1581": [2, 7], "car_1580": [10, 5], "car_1587": [1, 5], "car_1586": [5, 7], "car_1585": [7, 1], "car_1584": [3, 0], "car_1852": [7, 1], "car_1906": [9, 3], "car_899": [11, 0], "car_898": [9, 7], "car_897": [1, 0], "car_896": [11, 2], "car_895": [8, 1], "car_894": [5, 7], "car_893": [10, 2], "car_892": [8, 3], "car_891": [0, 4], "car_890": [5, 4], "car_2108": [1, 7], "car_2109": [7, 1], "car_2102": [7, 6], "car_2103": [5, 1], "car_2100": [9, 0], "car_2101": [0, 5], "car_2106": [8, 4], "car_2107": [11, 4], "car_2104": [6, 3], "car_2105": [9, 7], "car_1631": [9, 4], "car_1630": [5, 7], "car_1633": [2, 7], "car_1632": [10, 5], "car_1635": [1, 3], "car_1634": [3, 0], "car_1637": [5, 2], "car_1636": [4, 6], "car_1639": [7, 1], "car_1638": [11, 3], "car_1751": [6, 5], "car_1756": [7, 5], "car_419": [2, 5], "car_418": [4, 3], "car_413": [4, 5], "car_412": [11, 0], "car_411": [8, 5], "car_410": [0, 6], "car_417": [3, 5], "car_416": [9, 2], "car_415": [5, 6], "car_414": [2, 7], "car_1679": [0, 3], "car_1678": [10, 7], "car_527": [1, 7], "car_526": [9, 0], "car_525": [4, 1], "car_524": [11, 4], "car_523": [8, 3], "car_522": [11, 5], "car_521": [9, 7], "car_520": [6, 7], "car_1671": [10, 4], "car_1889": [5, 0], "car_529": [7, 4], "car_528": [4, 6], "car_1884": [5, 0], "car_1885": [6, 2], "car_668": [10, 1], "car_669": [6, 4], "car_664": [3, 1], "car_665": [11, 1], "car_666": [4, 0], "car_667": [7, 6], "car_660": [2, 7], "car_661": [6, 1], "car_662": [9, 6], "car_663": [0, 4], "car_1854": [6, 2], "car_798": [8, 6], "car_799": [4, 2], "car_790": [9, 5], "car_791": [0, 4], "car_792": [1, 3], "car_793": [2, 3], "car_794": [5, 0], "car_795": [6, 3], "car_796": [4, 5], "car_797": [7, 1], "car_242": [1, 2], "car_243": [4, 3], "car_240": [6, 0], "car_241": [3, 2], "car_246": [6, 0], "car_247": [7, 2], "car_244": [5, 7], "car_245": [10, 5], "car_1914": [4, 5], "car_1915": [2, 6], "car_248": [5, 2], "car_249": [6, 3], "car_1910": [7, 2], "car_1911": [9, 0], "car_1912": [0, 7], "car_1913": [8, 1], "car_1356": [10, 0], "car_1357": [0, 5], "car_1354": [4, 7], "car_1355": [7, 6], "car_1352": [6, 0], "car_1353": [3, 1], "car_1350": [8, 7], "car_1351": [1, 4], "car_1358": [9, 7], "car_1359": [8, 3], "car_1831": [2, 3], "car_1820": [11, 4], "car_1821": [1, 0], "car_1822": [7, 4], "car_1823": [10, 4], "car_1824": [2, 0], "car_1825": [6, 0], "car_338": [7, 4], "car_339": [10, 5], "car_336": [2, 1], "car_337": [5, 2], "car_334": [5, 6], "car_335": [4, 0], "car_332": [6, 5], "car_333": [2, 5], "car_330": [4, 5], "car_331": [5, 1], "car_1138": [0, 1], "car_1139": [7, 5], "car_1132": [10, 1], "car_1133": [2, 5], "car_1130": [1, 2], "car_1131": [4, 5], "car_1136": [1, 7], "car_1137": [10, 3], "car_1134": [6, 1], "car_1135": [11, 3], "car_1839": [2, 1], "car_1838": [1, 0], "car_2029": [6, 4], "car_2028": [7, 1], "car_2021": [2, 4], "car_2020": [0, 7], "car_2023": [4, 7], "car_2022": [6, 2], "car_2025": [6, 3], "car_2024": [2, 6], "car_2027": [11, 2], "car_2026": [3, 2], "car_1008": [3, 6], "car_1009": [1, 3], "car_1006": [9, 2], "car_1007": [0, 3], "car_1004": [11, 5], "car_1005": [7, 4], "car_1002": [7, 0], "car_1003": [2, 0], "car_1000": [9, 2], "car_1001": [4, 6], "car_1924": [4, 1], "car_36": [1, 4], "car_37": [10, 7], "car_34": [9, 2], "car_35": [8, 2], "car_888": [11, 4], "car_889": [8, 7], "car_30": [3, 6], "car_31": [11, 0], "car_884": [0, 3], "car_885": [11, 0], "car_886": [3, 6], "car_887": [8, 1], "car_880": [1, 3], "car_881": [4, 0], "car_882": [7, 2], "car_883": [10, 5], "car_2119": [4, 3], "car_2118": [1, 6], "car_2115": [2, 3], "car_2114": [11, 7], "car_2117": [9, 2], "car_2116": [5, 3], "car_2111": [2, 4], "car_2110": [10, 3], "car_2113": [3, 2], "car_2112": [7, 5], "car_1644": [1, 4], "car_1645": [10, 7], "car_1646": [2, 6], "car_1647": [0, 2], "car_1640": [2, 3], "car_1641": [6, 4], "car_1642": [3, 0], "car_1643": [8, 4], "car_1648": [1, 5], "car_1649": [10, 3], "car_408": [10, 3], "car_409": [6, 5], "car_400": [10, 3], "car_401": [2, 3], "car_402": [5, 0], "car_403": [6, 7], "car_404": [11, 0], "car_405": [10, 2], "car_406": [2, 0], "car_407": [7, 1], "car_1769": [3, 2], "car_534": [7, 0], "car_535": [10, 5], "car_536": [5, 3], "car_537": [8, 6], "car_530": [2, 4], "car_531": [0, 2], "car_532": [11, 4], "car_533": [1, 3], "car_538": [11, 5], "car_539": [4, 3], "car_659": [1, 2], "car_658": [3, 7], "car_651": [3, 4], "car_650": [0, 1], "car_653": [3, 5], "car_652": [0, 1], "car_655": [4, 1], "car_654": [5, 3], "car_657": [0, 6], "car_656": [5, 3], "car_1929": [1, 4], "car_1764": [2, 0], "car_1928": [3, 2], "car_1909": [4, 7], "car_1908": [1, 4], "car_1907": [8, 2], "car_1763": [5, 4], "car_1905": [6, 1], "car_1904": [2, 4], "car_1903": [3, 6], "car_1902": [2, 5], "car_1901": [10, 0], "car_1900": [11, 6], "car_1349": [3, 1], "car_1348": [4, 2], "car_1762": [2, 3], "car_1341": [4, 0], "car_1340": [3, 7], "car_1343": [11, 1], "car_1342": [7, 6], "car_1345": [10, 5], "car_1344": [1, 3], "car_1347": [1, 0], "car_1346": [0, 5], "car_1833": [0, 5], "car_1832": [1, 6], "car_349": [0, 5], "car_348": [6, 5], "car_1837": [8, 4], "car_1836": [6, 2], "car_1835": [10, 7], "car_1834": [11, 4], "car_343": [11, 7], "car_342": [9, 7], "car_341": [6, 3], "car_340": [2, 5], "car_347": [2, 6], "car_346": [11, 4], "car_345": [9, 5], "car_344": [2, 3], "car_1129": [6, 3], "car_1128": [2, 3], "car_1125": [9, 3], "car_1124": [1, 2], "car_1127": [7, 2], "car_1126": [3, 7], "car_1121": [2, 0], "car_1120": [7, 6], "car_1123": [6, 5], "car_1122": [5, 0], "car_1402": [11, 6], "car_1403": [5, 6], "car_1400": [10, 1], "car_1401": [6, 3], "car_1406": [3, 0], "car_1407": [11, 4], "car_1404": [3, 2], "car_1405": [5, 7], "car_2058": [0, 3], "car_2059": [3, 0], "car_2054": [11, 0], "car_2055": [7, 0], "car_2056": [10, 6], "car_2057": [5, 0], "car_2050": [8, 0], "car_2051": [1, 2], "car_2052": [2, 0], "car_2053": [8, 5], "car_1011": [9, 2], "car_1010": [7, 6], "car_1013": [8, 1], "car_1012": [3, 6], "car_1015": [4, 2], "car_1014": [11, 0], "car_1017": [5, 3], "car_1016": [7, 2], "car_1019": [3, 1], "car_1018": [9, 7], "car_25": [2, 4], "car_24": [10, 3], "car_27": [0, 1], "car_26": [5, 1], "car_21": [7, 1], "car_20": [1, 6], "car_23": [11, 2], "car_22": [3, 6], "car_29": [0, 4], "car_28": [9, 1], "car_1657": [11, 5], "car_1656": [0, 5], "car_1655": [10, 0], "car_1654": [11, 4], "car_1653": [3, 6], "car_1652": [10, 2], "car_1651": [6, 0], "car_1650": [5, 6], "car_1659": [5, 4], "car_1658": [2, 7], "car_1969": [5, 7], "car_1843": [1, 3], "car_435": [7, 6], "car_434": [8, 5], "car_437": [6, 5], "car_436": [2, 7], "car_431": [10, 4], "car_430": [4, 6], "car_433": [3, 1], "car_432": [5, 4], "car_1846": [0, 5], "car_439": [4, 5], "car_438": [0, 7], "car_1847": [3, 0], "car_1845": [9, 4], "car_1848": [9, 7], "car_1968": [7, 5], "car_1849": [3, 4], "car_1965": [9, 5], "car_1964": [5, 7], "car_501": [7, 1], "car_500": [8, 3], "car_503": [5, 6], "car_502": [10, 0], "car_505": [11, 5], "car_504": [6, 5], "car_507": [6, 5], "car_506": [10, 3], "car_509": [4, 7], "car_508": [9, 0], "car_1745": [9, 2], "car_646": [3, 5], "car_647": [2, 7], "car_644": [11, 3], "car_645": [1, 6], "car_642": [10, 4], "car_643": [3, 4], "car_640": [9, 0], "car_641": [8, 1], "car_648": [5, 0], "car_649": [9, 2], "car_1830": [7, 3], "car_1932": [10, 0], "car_1933": [9, 5], "car_1930": [4, 0], "car_1931": [7, 0], "car_1936": [5, 1], "car_1937": [6, 2], "car_1934": [1, 7], "car_1935": [10, 7], "car_1938": [0, 6], "car_1939": [4, 3], "car_1717": [7, 4], "car_1338": [2, 7], "car_1339": [5, 4], "car_1334": [9, 2], "car_1335": [0, 2], "car_1336": [8, 2], "car_1337": [1, 4], "car_1330": [0, 6], "car_1331": [4, 0], "car_1332": [10, 7], "car_1333": [6, 7], "car_1711": [6, 4], "car_358": [6, 2], "car_359": [3, 4], "car_1804": [9, 1], "car_1805": [8, 5], "car_1802": [3, 4], "car_1803": [2, 0], "car_1800": [9, 0], "car_1801": [0, 1], "car_350": [8, 4], "car_351": [11, 1], "car_352": [4, 0], "car_353": [0, 5], "car_354": [3, 5], "car_355": [2, 1], "car_356": [3, 4], "car_357": [1, 5], "car_1482": [9, 6], "car_1483": [11, 7], "car_1480": [10, 2], "car_1481": [2, 1], "car_1486": [0, 1], "car_1487": [8, 1], "car_1484": [1, 0], "car_1485": [4, 6], "car_1488": [11, 4], "car_1489": [1, 0], "car_1240": [7, 3], "car_1241": [5, 2], "car_1242": [6, 2], "car_1243": [9, 4], "car_1244": [11, 6], "car_1245": [1, 7], "car_1246": [6, 5], "car_1247": [9, 0], "car_1248": [6, 7], "car_1249": [8, 5], "car_1747": [2, 5], "car_1879": [10, 5], "car_2049": [3, 4], "car_2048": [0, 1], "car_2047": [9, 7], "car_2046": [1, 0], "car_2045": [11, 1], "car_2044": [3, 5], "car_2043": [0, 6], "car_2042": [6, 0], "car_2041": [10, 0], "car_2040": [3, 1], "car_1064": [3, 1], "car_1065": [1, 4], "car_1066": [2, 0], "car_1067": [6, 1], "car_1060": [6, 5], "car_1061": [1, 5], "car_1062": [4, 0], "car_1063": [9, 7], "car_1068": [0, 4], "car_1069": [11, 1], "car_1798": [5, 3], "car_1799": [6, 4], "car_10": [0, 1], "car_11": [1, 5], "car_12": [2, 4], "car_13": [9, 1], "car_14": [8, 7], "car_15": [7, 5], "car_16": [10, 4], "car_17": [2, 0], "car_18": [5, 0], "car_19": [3, 5], "car_1668": [1, 2], "car_1669": [4, 6], "car_1662": [6, 0], "car_1663": [0, 2], "car_1660": [9, 6], "car_1661": [2, 5], "car_1666": [4, 7], "car_1667": [9, 1], "car_1664": [8, 3], "car_1665": [11, 1], "car_1468": [7, 0], "car_1469": [5, 4], "car_1460": [0, 4], "car_1461": [2, 6], "car_1462": [6, 5], "car_1463": [0, 6], "car_1464": [3, 5], "car_1465": [1, 4], "car_1466": [3, 1], "car_1467": [10, 3], "car_422": [5, 0], "car_423": [9, 4], "car_420": [5, 6], "car_421": [2, 0], "car_426": [10, 5], "car_427": [5, 7], "car_424": [0, 1], "car_425": [11, 5], "car_428": [0, 1], "car_429": [1, 0], "car_2008": [7, 4], "car_518": [3, 0], "car_519": [8, 3], "car_516": [6, 5], "car_517": [9, 0], "car_514": [11, 0], "car_515": [10, 7], "car_512": [7, 1], "car_513": [4, 1], "car_510": [11, 1], "car_511": [1, 5], "car_1870": [9, 2], "car_633": [2, 4], "car_632": [9, 2], "car_631": [4, 0], "car_630": [1, 5], "car_637": [1, 3], "car_636": [8, 0], "car_635": [3, 5], "car_634": [0, 2], "car_639": [2, 1], "car_638": [4, 5], "car_189": [9, 5], "car_188": [5, 0], "car_185": [5, 3], "car_184": [2, 7], "car_187": [0, 5], "car_186": [9, 2], "car_181": [6, 4], "car_180": [1, 0], "car_183": [4, 6], "car_182": [8, 1], "car_749": [7, 3], "car_748": [11, 2], "car_747": [0, 7], "car_746": [6, 5], "car_745": [2, 3], "car_744": [10, 6], "car_743": [9, 2], "car_742": [6, 1], "car_741": [5, 1], "car_740": [10, 2], "car_2131": [10, 6], "car_299": [5, 1], "car_298": [2, 1], "car_1927": [9, 0], "car_1926": [10, 4], "car_1921": [3, 0], "car_1920": [9, 0], "car_1923": [1, 2], "car_1922": [8, 2], "car_291": [4, 2], "car_290": [1, 2], "car_293": [6, 2], "car_292": [2, 4], "car_295": [2, 5], "car_294": [8, 7], "car_297": [10, 6], "car_296": [6, 3], "car_1329": [9, 5], "car_1328": [10, 5], "car_1327": [7, 1], "car_1326": [4, 7], "car_1325": [1, 5], "car_1324": [11, 5], "car_1323": [3, 6], "car_1322": [9, 6], "car_1321": [2, 5], "car_1320": [7, 2], "car_365": [7, 1], "car_364": [11, 3], "car_367": [0, 2], "car_366": [5, 2], "car_361": [10, 7], "car_360": [4, 1], "car_363": [0, 5], "car_362": [6, 0], "car_1811": [6, 3], "car_1810": [10, 1], "car_1813": [2, 3], "car_1812": [3, 2], "car_369": [1, 3], "car_368": [8, 2], "car_1817": [9, 1], "car_1816": [2, 4], "car_167": [0, 5], "car_166": [6, 1], "car_165": [5, 7], "car_164": [11, 1], "car_163": [8, 3], "car_162": [3, 4], "car_161": [0, 2], "car_160": [9, 5], "car_169": [1, 4], "car_168": [3, 2], "car_1495": [4, 7], "car_1494": [1, 4], "car_1497": [0, 2], "car_1496": [6, 3], "car_1491": [2, 1], "car_1490": [7, 2], "car_1493": [9, 5], "car_1492": [6, 1], "car_1499": [6, 0], "car_1498": [10, 0], "car_1253": [9, 0], "car_1252": [6, 5], "car_1251": [5, 1], "car_1250": [4, 1], "car_1257": [8, 5], "car_1256": [4, 7], "car_1255": [0, 7], "car_1254": [10, 2], "car_1259": [7, 4], "car_1258": [4, 2], "car_1868": [3, 4], "car_1789": [4, 2], "car_1788": [1, 0], "car_2070": [0, 2], "car_2071": [1, 3], "car_2076": [1, 5], "car_2077": [10, 1], "car_2074": [9, 4], "car_2075": [0, 2], "car_1781": [9, 4], "car_1780": [6, 0], "car_1783": [1, 7], "car_1782": [0, 5], "car_1785": [6, 1], "car_1784": [5, 2], "car_1787": [8, 3], "car_1786": [9, 4], "car_1077": [10, 0], "car_1076": [4, 1], "car_1075": [1, 6], "car_1074": [8, 6], "car_1073": [9, 2], "car_1072": [6, 5], "car_1071": [10, 1], "car_1070": [4, 3], "car_1079": [8, 5], "car_1078": [5, 1], "car_2139": [5, 2], "car_2034": [8, 5], "car_2035": [11, 0], "car_2032": [5, 6], "car_2033": [6, 7], "car_2138": [8, 7], "car_985": [7, 6], "car_984": [4, 0], "car_987": [0, 3], "car_986": [10, 4], "car_981": [5, 4], "car_980": [10, 4], "car_983": [3, 7], "car_982": [6, 0], "car_1675": [3, 5], "car_1674": [0, 7], "car_1677": [8, 3], "car_1676": [6, 5], "car_989": [1, 5], "car_988": [11, 7], "car_1673": [9, 5], "car_1672": [5, 6], "car_1479": [4, 1], "car_1478": [1, 5], "car_1473": [0, 1], "car_1472": [2, 1], "car_1471": [0, 7], "car_1470": [8, 5], "car_1477": [8, 5], "car_1476": [3, 7], "car_1475": [10, 6], "car_1474": [11, 7], "car_1743": [7, 0], "car_1742": [1, 5], "car_2098": [10, 6], "car_2099": [2, 1], "car_2090": [6, 4], "car_2091": [8, 3], "car_2092": [1, 7], "car_2093": [5, 0], "car_2094": [9, 7], "car_2095": [0, 5], "car_2096": [11, 4], "car_2097": [4, 5], "car_569": [7, 0], "car_568": [0, 1], "car_563": [11, 6], "car_562": [3, 6], "car_561": [9, 2], "car_560": [2, 5], "car_567": [5, 1], "car_566": [2, 3], "car_565": [10, 7], "car_564": [1, 2], "car_620": [10, 6], "car_621": [2, 6], "car_622": [0, 5], "car_623": [1, 0], "car_624": [5, 3], "car_625": [0, 2], "car_626": [5, 7], "car_627": [9, 0], "car_628": [3, 6], "car_629": [11, 2], "car_1869": [8, 0], "car_1866": [8, 2], "car_1867": [6, 4], "car_198": [7, 3], "car_199": [2, 6], "car_192": [11, 5], "car_193": [1, 3], "car_190": [0, 3], "car_191": [8, 0], "car_196": [8, 4], "car_197": [4, 7], "car_194": [4, 7], "car_195": [9, 2], "car_758": [8, 0], "car_759": [11, 5], "car_754": [3, 2], "car_755": [11, 3], "car_756": [7, 3], "car_757": [3, 5], "car_750": [5, 2], "car_751": [6, 2], "car_752": [9, 2], "car_753": [0, 2], "car_1940": [2, 5], "car_286": [8, 1], "car_287": [4, 2], "car_284": [7, 3], "car_285": [5, 6], "car_282": [6, 2], "car_283": [9, 2], "car_280": [7, 4], "car_281": [2, 7], "car_1949": [10, 2], "car_288": [6, 7], "car_289": [11, 0], "car_1948": [6, 5], "car_1312": [4, 6], "car_1313": [9, 3], "car_1310": [3, 1], "car_1311": [11, 4], "car_1316": [1, 2], "car_1317": [10, 2], "car_1314": [8, 4], "car_1315": [11, 2], "car_1318": [0, 4], "car_1319": [3, 7], "car_372": [2, 4], "car_373": [5, 2], "car_370": [4, 1], "car_371": [10, 4], "car_376": [4, 3], "car_377": [7, 5], "car_374": [9, 1], "car_375": [3, 5], "car_1864": [7, 3], "car_1865": [0, 4], "car_378": [2, 1], "car_379": [9, 1], "car_1860": [0, 7], "car_1861": [3, 5], "car_1862": [8, 1], "car_1863": [4, 0], "car_174": [8, 1], "car_175": [6, 3], "car_176": [0, 2], "car_177": [11, 3], "car_170": [4, 0], "car_171": [10, 0], "car_172": [0, 2], "car_173": [3, 4], "car_178": [4, 3], "car_179": [11, 7], "car_1266": [4, 1], "car_1267": [7, 3], "car_1264": [5, 1], "car_1265": [8, 7], "car_1262": [2, 6], "car_1263": [5, 4], "car_1260": [2, 0], "car_1261": [8, 2], "car_1268": [5, 3], "car_1269": [6, 3], "car_2065": [0, 1], "car_2064": [9, 2], "car_1048": [10, 7], "car_1049": [2, 0], "car_2061": [10, 4], "car_2060": [7, 2], "car_2063": [5, 2], "car_2062": [2, 0], "car_1042": [7, 1], "car_1043": [0, 1], "car_1040": [7, 4], "car_1041": [6, 5], "car_1046": [8, 4], "car_1047": [1, 2], "car_1044": [11, 0], "car_1045": [7, 5], "car_78": [11, 0], "car_79": [1, 2], "car_72": [4, 0], "car_73": [7, 0], "car_70": [11, 5], "car_71": [1, 2], "car_76": [3, 4], "car_77": [8, 6], "car_74": [9, 2], "car_75": [0, 2], "car_992": [8, 4], "car_993": [4, 2], "car_990": [7, 0], "car_991": [3, 6], "car_996": [9, 4], "car_997": [1, 0], "car_994": [7, 4], "car_995": [6, 0], "car_1688": [4, 3], "car_1689": [10, 4], "car_998": [4, 6], "car_999": [10, 0], "car_1448": [5, 6], "car_1449": [6, 4], "car_1446": [7, 2], "car_1447": [2, 7], "car_1444": [9, 1], "car_1445": [4, 7], "car_1442": [7, 4], "car_1443": [6, 5], "car_1440": [9, 2], "car_1441": [8, 5], "car_2089": [4, 2], "car_2088": [1, 5], "car_2083": [4, 0], "car_2082": [3, 7], "car_2081": [9, 3], "car_2080": [2, 0], "car_2087": [3, 4], "car_2086": [0, 7], "car_2085": [9, 3], "car_2084": [6, 5], "car_578": [1, 3], "car_579": [2, 0], "car_553": [4, 1], "car_570": [2, 0], "car_571": [6, 5], "car_572": [3, 5], "car_573": [8, 2], "car_574": [2, 3], "car_806": [11, 4], "car_576": [0, 6], "car_577": [3, 2], "car_807": [1, 0], "car_800": [9, 2], "car_801": [0, 2], "car_802": [8, 7], "car_803": [1, 0], "car_2067": [3, 7], "car_2066": [1, 4], "car_619": [4, 7], "car_618": [11, 4], "car_615": [1, 4], "car_614": [8, 3], "car_617": [8, 5], "car_616": [0, 1], "car_611": [4, 6], "car_610": [9, 4], "car_613": [0, 4], "car_612": [5, 4], "car_2069": [6, 5], "car_2068": [4, 2], "car_769": [5, 0], "car_768": [4, 3], "car_761": [6, 1], "car_760": [2, 1], "car_763": [11, 0], "car_762": [8, 2], "car_765": [2, 0], "car_764": [10, 3], "car_767": [8, 7], "car_766": [9, 1], "car_575": [6, 4], "car_1305": [0, 3], "car_1304": [9, 2], "car_1307": [10, 3], "car_1306": [8, 3], "car_1301": [8, 6], "car_1300": [6, 0], "car_1303": [10, 3], "car_1302": [4, 1], "car_1309": [6, 5], "car_1308": [2, 1], "car_389": [0, 4], "car_388": [6, 1], "car_387": [5, 4], "car_386": [2, 5], "car_385": [4, 1], "car_384": [11, 6], "car_383": [3, 2], "car_382": [6, 7], "car_381": [5, 1], "car_380": [2, 4], "car_141": [2, 6], "car_140": [8, 3], "car_143": [3, 7], "car_142": [5, 3], "car_145": [11, 1], "car_144": [8, 5], "car_147": [10, 7], "car_146": [4, 0], "car_149": [6, 4], "car_148": [5, 3], "car_1279": [4, 7], "car_1278": [1, 2], "car_1271": [0, 2], "car_1270": [9, 3], "car_1273": [1, 3], "car_1272": [11, 0], "car_1275": [1, 6], "car_1274": [8, 7], "car_1277": [8, 2], "car_1276": [4, 2], "car_1059": [7, 3], "car_1058": [4, 3], "car_1055": [0, 2], "car_1054": [6, 5], "car_1057": [1, 2], "car_1056": [3, 2], "car_1051": [11, 7], "car_1050": [3, 1], "car_1053": [5, 7], "car_1052": [9, 1], "car_69": [0, 1], "car_68": [2, 1], "car_61": [9, 0], "car_60": [6, 3], "car_63": [11, 1], "car_62": [7, 2], "car_65": [9, 5], "car_64": [7, 4], "car_67": [7, 1], "car_66": [11, 5], "car_1693": [7, 3], "car_1692": [8, 4], "car_1691": [5, 6], "car_1690": [2, 6], "car_1697": [8, 2], "car_1696": [0, 5], "car_969": [2, 5], "car_968": [0, 1], "car_967": [6, 4], "car_966": [2, 6], "car_965": [7, 0], "car_964": [4, 3], "car_963": [0, 6], "car_962": [5, 4], "car_961": [7, 3], "car_960": [0, 6], "car_1451": [2, 6], "car_1450": [7, 5], "car_1453": [3, 2], "car_1452": [5, 4], "car_1455": [8, 0], "car_1454": [9, 2], "car_1457": [11, 3], "car_1456": [6, 1], "car_1459": [2, 1], "car_1458": [1, 5], "car_1680": [8, 2], "car_1681": [7, 4], "car_1682": [6, 5], "car_1683": [4, 6], "car_1684": [6, 3], "car_1685": [9, 6], "car_1891": [6, 4], "car_1686": [0, 7], "car_1890": [8, 3], "car_1687": [8, 4], "car_1893": [2, 6], "car_545": [4, 6], "car_544": [1, 4], "car_547": [5, 4], "car_546": [7, 0], "car_541": [6, 0], "car_540": [5, 3], "car_543": [8, 3], "car_542": [3, 7], "car_1895": [7, 4], "car_549": [10, 3], "car_548": [9, 0], "car_819": [5, 0], "car_818": [10, 3], "car_1897": [9, 4], "car_1896": [2, 3], "car_33": [7, 3], "car_1767": [5, 2], "car_1766": [1, 5], "car_1765": [0, 4], "car_608": [2, 0], "car_609": [6, 0], "car_602": [10, 0], "car_603": [2, 5], "car_600": [9, 7], "car_601": [0, 3], "car_606": [3, 4], "car_607": [10, 5], "car_604": [6, 7], "car_605": [0, 4], "car_1761": [11, 4], "car_1760": [3, 2], "car_776": [0, 7], "car_777": [8, 3], "car_774": [9, 0], "car_775": [10, 3], "car_772": [11, 4], "car_773": [7, 2], "car_770": [0, 4], "car_771": [8, 1], "car_1768": [0, 3], "car_778": [11, 2], "car_779": [5, 2], "car_1750": [7, 1], "car_1994": [6, 1], "car_1995": [1, 3], "car_1996": [4, 5], "car_1997": [10, 5], "car_1990": [3, 0], "car_1991": [11, 6], "car_1992": [10, 3], "car_1993": [5, 6], "car_1998": [2, 5], "car_1999": [5, 0], "car_1842": [3, 0], "car_1806": [5, 7], "car_1840": [6, 7], "car_1841": [9, 2], "car_398": [7, 1], "car_399": [0, 5], "car_1844": [5, 2], "car_1807": [9, 2], "car_394": [10, 4], "car_395": [5, 7], "car_396": [9, 3], "car_397": [6, 7], "car_390": [10, 5], "car_391": [9, 5], "car_392": [0, 3], "car_393": [3, 0], "car_158": [9, 6], "car_159": [6, 1], "car_156": [4, 6], "car_157": [2, 3], "car_154": [7, 6], "car_155": [3, 7], "car_152": [9, 1], "car_153": [1, 3], "car_150": [3, 7], "car_151": [10, 7], "car_1208": [7, 2], "car_1209": [10, 5], "car_1204": [3, 0], "car_1205": [8, 7], "car_1206": [11, 6], "car_1207": [6, 3], "car_1200": [4, 0], "car_1201": [2, 0], "car_1202": [5, 7], "car_1203": [0, 2], "car_1808": [0, 4], "car_1809": [3, 4], "car_1510": [8, 0], "car_1511": [1, 0], "car_1512": [4, 5], "car_1513": [8, 4], "car_1514": [11, 4], "car_1515": [7, 4], "car_1516": [6, 1], "car_1517": [5, 6], "car_1518": [6, 7], "car_1519": [4, 3], "car_1198": [2, 7], "car_1199": [1, 7], "car_1194": [11, 7], "car_1195": [1, 3], "car_1196": [4, 6], "car_1197": [4, 1], "car_1190": [1, 3], "car_1191": [2, 7], "car_1192": [5, 3], "car_1193": [3, 0], "car_2126": [9, 0], "car_2127": [1, 2], "car_978": [5, 4], "car_979": [0, 6], "car_974": [11, 2], "car_975": [4, 7], "car_976": [10, 0], "car_977": [2, 5], "car_970": [5, 7], "car_971": [0, 6], "car_972": [10, 5], "car_973": [5, 2], "car_1424": [3, 6], "car_1425": [8, 3], "car_1426": [4, 1], "car_1427": [10, 0], "car_1420": [3, 1], "car_1421": [7, 0], "car_1422": [2, 3], "car_1423": [6, 7], "car_1428": [2, 3], "car_1429": [0, 4], "car_2128": [5, 0], "car_2129": [6, 1], "car_1738": [2, 1], "car_1739": [0, 2], "car_1730": [7, 5], "car_1731": [5, 2], "car_1732": [6, 1], "car_1733": [3, 1], "car_1734": [8, 2], "car_1735": [11, 4], "car_1736": [1, 0], "car_1737": [4, 2], "car_54": [1, 6], "car_55": [5, 0], "car_56": [9, 3], "car_57": [3, 7], "car_50": [0, 2], "car_51": [8, 5], "car_52": [10, 3], "car_53": [6, 0], "car_58": [10, 4], "car_59": [5, 2], "car_552": [1, 4], "car_805": [8, 0], "car_550": [2, 0], "car_551": [11, 7], "car_556": [6, 0], "car_557": [7, 2], "car_554": [10, 4], "car_555": [5, 0], "car_558": [2, 0], "car_559": [8, 6], "car_808": [6, 7], "car_809": [9, 5], "car_1757": [10, 7], "car_703": [6, 5], "car_702": [5, 7], "car_701": [2, 4], "car_700": [4, 3], "car_707": [8, 1], "car_706": [6, 5], "car_705": [10, 5], "car_704": [9, 0], "car_709": [1, 6], "car_708": [7, 2], "car_1987": [5, 3], "car_1986": [4, 1], "car_1985": [1, 0], "car_1984": [0, 6], "car_1983": [2, 7], "car_1982": [1, 6], "car_1981": [8, 2], "car_1980": [3, 4], "car_1989": [9, 1], "car_1988": [6, 4], "car_1855": [9, 2], "car_1796": [4, 0], "car_1857": [4, 5], "car_1856": [11, 1], "car_1851": [4, 6], "car_1850": [11, 7], "car_1853": [5, 3], "car_1797": [10, 1], "car_1859": [9, 5], "car_1794": [3, 5], "car_129": [1, 3], "car_128": [5, 3], "car_123": [2, 3], "car_122": [7, 2], "car_121": [1, 2], "car_120": [9, 4], "car_127": [2, 7], "car_126": [4, 0], "car_125": [0, 1], "car_124": [5, 1], "car_1790": [2, 5], "car_1219": [2, 5], "car_1218": [4, 7], "car_1217": [0, 3], "car_1216": [5, 1], "car_1215": [2, 5], "car_1214": [10, 3], "car_1213": [11, 1], "car_1212": [0, 7], "car_1211": [8, 6], "car_1210": [0, 1], "car_1415": [9, 6], "car_1414": [5, 3], "car_1417": [4, 3], "car_1416": [11, 1], "car_1411": [9, 1], "car_1410": [5, 2], "car_237": [11, 0], "car_236": [6, 5], "car_235": [5, 6], "car_234": [2, 4], "car_233": [11, 7], "car_232": [9, 7], "car_231": [5, 7], "car_230": [2, 4], "car_1412": [3, 6], "car_239": [5, 1], "car_238": [10, 5], "car_1503": [0, 5], "car_1502": [9, 4], "car_1501": [7, 4], "car_1500": [8, 2], "car_1507": [10, 6], "car_1506": [4, 0], "car_1505": [1, 7], "car_1504": [8, 1], "car_1509": [6, 4], "car_1508": [2, 5], "car_1189": [6, 4], "car_1188": [5, 6], "car_1187": [7, 0], "car_1186": [11, 6], "car_1185": [8, 4], "car_1184": [3, 1], "car_1183": [0, 7], "car_1182": [5, 3], "car_1181": [2, 4], "car_1180": [8, 1], "car_949": [9, 3], "car_948": [6, 4], "car_941": [4, 0], "car_940": [8, 3], "car_943": [0, 7], "car_942": [10, 2], "car_945": [8, 7], "car_944": [3, 4], "car_947": [10, 5], "car_946": [4, 7], "car_1437": [4, 0], "car_1436": [5, 7], "car_1435": [7, 4], "car_1434": [4, 1], "car_1433": [1, 4], "car_1432": [3, 2], "car_1431": [10, 0], "car_1430": [1, 6], "car_1439": [5, 2], "car_1438": [2, 0], "car_493": [4, 2], "car_492": [8, 6], "car_491": [3, 1], "car_490": [5, 4], "car_497": [4, 3], "car_496": [11, 6], "car_495": [2, 5], "car_494": [7, 4], "car_499": [9, 3], "car_498": [6, 0], "car_1918": [10, 1], "car_1919": [5, 6], "car_1729": [3, 2], "car_1728": [6, 4], "car_1723": [7, 5], "car_1722": [4, 1], "car_1721": [1, 4], "car_1720": [3, 2], "car_1727": [2, 4], "car_1726": [8, 4], "car_1725": [9, 2], "car_1724": [10, 1], "car_43": [9, 0], "car_42": [6, 2], "car_41": [7, 3], "car_40": [4, 0], "car_47": [10, 4], "car_46": [4, 1], "car_45": [11, 6], "car_44": [3, 5], "car_49": [11, 7], "car_48": [9, 2], "car_1916": [0, 2], "car_1917": [4, 5], "car_1858": [6, 7], "car_831": [9, 0], "car_830": [10, 6], "car_833": [2, 1], "car_832": [7, 2], "car_835": [8, 7], "car_834": [4, 1], "car_837": [5, 4], "car_836": [4, 2], "car_839": [8, 2], "car_838": [9, 2], "car_1941": [1, 2], "car_710": [7, 3], "car_711": [2, 5], "car_712": [6, 0], "car_713": [8, 6], "car_714": [11, 6], "car_715": [7, 1], "car_716": [10, 3], "car_717": [6, 4], "car_718": [10, 0], "car_719": [9, 4], "car_1892": [8, 7], "car_1894": [9, 1], "car_138": [10, 3], "car_139": [3, 6], "car_130": [7, 1], "car_131": [10, 6], "car_132": [1, 7], "car_133": [7, 1], "car_134": [9, 4], "car_135": [1, 7], "car_136": [4, 2], "car_137": [7, 3], "car_1222": [3, 6], "car_1223": [8, 4], "car_1220": [5, 0], "car_1221": [0, 3], "car_1226": [7, 4], "car_1227": [6, 7], "car_1224": [4, 3], "car_1225": [8, 2], "car_1886": [9, 5], "car_1887": [0, 6], "car_1228": [4, 7], "car_1229": [2, 5], "car_1882": [10, 4], "car_1883": [8, 2], "car_1880": [2, 3], "car_1881": [4, 7], "car_224": [4, 6], "car_225": [2, 4], "car_226": [5, 6], "car_227": [6, 4], "car_220": [6, 2], "car_221": [2, 3], "car_222": [5, 7], "car_223": [0, 6], "car_228": [3, 1], "car_229": [4, 0], "car_1086": [3, 4], "car_1087": [8, 7], "car_1084": [6, 5], "car_1085": [9, 0], "car_1082": [5, 3], "car_1083": [0, 4], "car_1080": [1, 6], "car_1081": [7, 5], "car_1088": [11, 1], "car_1089": [7, 3], "car_1536": [0, 3], "car_1537": [4, 6], "car_1534": [5, 6], "car_1535": [6, 7], "car_1532": [4, 2], "car_1533": [10, 0], "car_1530": [9, 5], "car_1531": [0, 2], "car_1538": [5, 6], "car_1539": [6, 5], "car_956": [3, 6], "car_957": [7, 1], "car_954": [1, 5], "car_955": [10, 1], "car_952": [3, 4], "car_953": [11, 5], "car_950": [11, 2], "car_951": [6, 1], "car_1827": [5, 7], "car_958": [5, 0], "car_959": [9, 5], "car_1158": [0, 6], "car_1159": [4, 5], "car_1408": [4, 3], "car_1409": [2, 6], "car_1829": [11, 0], "car_1150": [8, 5], "car_1151": [5, 3], "car_1152": [11, 3], "car_1153": [7, 2], "car_1154": [2, 4], "car_1155": [6, 0], "car_1156": [4, 2], "car_1157": [9, 6], "car_1826": [4, 1], "car_480": [10, 3], "car_481": [5, 0], "car_482": [8, 0], "car_483": [11, 2], "car_484": [1, 5], "car_485": [10, 4], "car_486": [9, 1], "car_487": [0, 7], "car_488": [4, 3], "car_489": [10, 7], "car_853": [0, 3], "car_852": [9, 5], "car_851": [2, 5], "car_582": [5, 3], "car_1718": [10, 0], "car_1719": [5, 1], "car_1716": [4, 1], "car_857": [8, 4], "car_1714": [10, 3], "car_1715": [6, 3], "car_1712": [8, 6], "car_1713": [7, 6], "car_1710": [5, 4], "car_856": [4, 5], "car_1828": [9, 4], "car_855": [11, 2], "car_854": [3, 1], "car_828": [11, 3], "car_829": [7, 0], "car_826": [6, 1], "car_827": [3, 0], "car_824": [0, 3], "car_825": [4, 0], "car_822": [11, 7], "car_823": [9, 1], "car_820": [0, 4], "car_821": [3, 4], "car_729": [2, 4], "car_728": [10, 6], "car_725": [0, 2], "car_724": [6, 5], "car_727": [8, 3], "car_726": [3, 4], "car_721": [0, 3], "car_720": [5, 6], "car_723": [4, 0], "car_722": [11, 6], "car_1795": [11, 0], "car_1792": [6, 7], "car_1793": [9, 2], "car_105": [3, 2], "car_104": [9, 6], "car_107": [7, 2], "car_106": [1, 7], "car_101": [9, 5], "car_100": [4, 7], "car_103": [4, 0], "car_102": [8, 5], "car_1888": [4, 6], "car_109": [5, 7], "car_108": [10, 3], "car_1791": [5, 4], "car_1235": [10, 2], "car_1234": [5, 1], "car_1237": [9, 3], "car_1236": [5, 2], "car_1231": [3, 1], "car_1230": [9, 0], "car_1233": [2, 3], "car_1232": [10, 7], "car_1899": [8, 0], "car_1898": [0, 3], "car_1239": [11, 1], "car_1238": [3, 4], "car_211": [5, 3], "car_210": [10, 4], "car_213": [11, 1], "car_212": [8, 7], "car_215": [5, 1], "car_214": [10, 7], "car_217": [0, 1], "car_216": [6, 3], "car_219": [5, 0], "car_218": [7, 1], "car_1529": [1, 4], "car_1528": [11, 7], "car_1521": [5, 7], "car_1520": [9, 3], "car_1523": [8, 4], "car_1522": [3, 4], "car_1525": [4, 0], "car_1524": [11, 0], "car_1527": [3, 1], "car_1526": [9, 4], "car_923": [9, 2], "car_922": [7, 2], "car_921": [9, 4], "car_920": [4, 0], "car_927": [9, 7], "car_926": [7, 3], "car_925": [1, 4], "car_924": [0, 5], "car_929": [11, 7], "car_928": [0, 5], "car_1149": [3, 4], "car_1148": [0, 5], "car_1419": [6, 3], "car_1418": [8, 7], "car_1143": [1, 4], "car_1142": [5, 6], "car_1141": [9, 6], "car_1140": [10, 6], "car_1147": [5, 6], "car_1146": [10, 7], "car_1145": [7, 0], "car_1144": [8, 3], "car_1099": [7, 0], "car_1098": [4, 2], "car_1091": [9, 1], "car_1090": [5, 2], "car_1093": [11, 1], "car_1092": [10, 6], "car_1095": [2, 7], "car_1094": [10, 5], "car_1097": [1, 3], "car_1096": [9, 0], "car_1701": [2, 1], "car_1700": [10, 1], "car_1703": [3, 7], "car_1702": [9, 1], "car_1705": [10, 6], "car_1704": [8, 0], "car_1707": [11, 0], "car_1706": [2, 0], "car_1709": [1, 3], "car_1708": [9, 5], "car_589": [11, 7], "car_588": [8, 1], "car_859": [4, 0], "car_858": [1, 4], "car_1695": [2, 7], "car_581": [2, 1], "car_580": [1, 4], "car_583": [0, 1], "car_850": [4, 5], "car_585": [7, 3], "car_584": [3, 5], "car_587": [6, 0], "car_586": [5, 4], "car_2002": [4, 6], "car_2142": [7, 5], "car_2143": [5, 6], "car_2140": [6, 4], "car_2141": [8, 1], "car_457": [6, 5], "car_456": [4, 0], "car_455": [0, 2], "car_454": [9, 4], "car_453": [6, 2], "car_452": [5, 0], "car_451": [7, 5], "car_450": [1, 2], "car_1878": [7, 2], "car_459": [8, 7], "car_458": [9, 1], "car_1877": [11, 1], "car_1876": [9, 3], "car_1875": [4, 1], "car_1874": [6, 2], "car_1873": [5, 0], "car_1872": [7, 6], "car_738": [4, 3], "car_739": [7, 6], "car_1871": [3, 5], "car_733": [7, 1], "car_732": [8, 4], "car_32": [1, 2], "car_730": [6, 3], "car_731": [9, 3], "car_736": [8, 1], "car_737": [1, 2], "car_734": [9, 4], "car_735": [0, 4], "car_1976": [7, 2], "car_1977": [5, 0], "car_1698": [4, 5], "car_38": [9, 2], "car_39": [1, 6], "car_1978": [1, 3], "car_1979": [9, 3], "car_112": [7, 1], "car_113": [6, 7], "car_110": [3, 6], "car_111": [11, 7], "car_116": [8, 5], "car_117": [4, 0], "car_114": [5, 7], "car_115": [3, 1], "car_118": [2, 1], "car_119": [6, 4], "car_1950": [1, 2], "car_1951": [10, 5], "car_1952": [2, 3], "car_1953": [6, 0], "car_1954": [1, 2], "car_1955": [5, 2], "car_208": [1, 5], "car_209": [7, 3], "car_206": [0, 4], "car_207": [11, 2], "car_204": [2, 1], "car_205": [5, 4], "car_202": [1, 0], "car_203": [4, 3], "car_200": [0, 1], "car_201": [8, 2], "car_1558": [7, 3], "car_1559": [10, 7], "car_1554": [5, 1], "car_1555": [6, 1], "car_1556": [3, 4], "car_1557": [4, 1], "car_1550": [2, 4], "car_1551": [6, 2], "car_1552": [8, 0], "car_1553": [7, 5], "car_1398": [11, 3], "car_1399": [1, 6], "car_1392": [2, 7], "car_1393": [9, 4], "car_1390": [2, 1], "car_1391": [6, 2], "car_1396": [9, 1], "car_1397": [0, 2], "car_1394": [1, 3], "car_1395": [6, 4], "car_930": [1, 3], "car_931": [2, 0], "car_932": [6, 2], "car_933": [3, 1], "car_934": [1, 3], "car_935": [10, 7], "car_936": [5, 4], "car_937": [1, 4], "car_938": [2, 4], "car_939": [9, 1], "car_6": [9, 7], "car_7": [0, 3], "car_4": [2, 7], "car_5": [6, 4], "car_2": [6, 7], "car_3": [8, 7], "car_1178": [5, 3], "car_1": [10, 0], "car_1176": [8, 0], "car_1177": [10, 6], "car_1174": [9, 5], "car_1175": [3, 4], "car_1172": [6, 0], "car_1173": [8, 6], "car_8": [4, 3], "car_9": [5, 7], "car_1774": [3, 7], "car_1775": [1, 7], "car_1776": [4, 3], "car_1777": [7, 2], "car_1770": [1, 7], "car_1771": [4, 2], "car_1772": [5, 4], "car_1773": [0, 4], "car_1778": [0, 4], "car_1779": [10, 6], "car_98": [3, 6], "car_99": [11, 5], "car_90": [4, 1], "car_91": [7, 4], "car_92": [10, 0], "car_93": [2, 4], "car_94": [3, 5], "car_95": [4, 6], "car_96": [10, 0], "car_97": [0, 4], "car_596": [8, 0], "car_597": [11, 7], "car_594": [4, 1], "car_595": [10, 6], "car_592": [9, 1], "car_593": [11, 2], "car_590": [5, 0], "car_591": [6, 4], "car_598": [4, 5], "car_599": [10, 6], "car_848": [0, 7], "car_849": [11, 3], "car_840": [4, 6], "car_841": [7, 5], "car_842": [10, 1], "car_843": [5, 0], "car_844": [9, 1], "car_845": [0, 2], "car_846": [2, 1], "car_847": [5, 2], "car_1608": [2, 7], "car_1609": [9, 4], "car_1600": [2, 7], "car_1601": [9, 4], "car_1602": [0, 4], "car_1603": [3, 4], "car_1604": [11, 1], "car_1605": [7, 3], "car_1606": [9, 0], "car_1607": [1, 2], "car_444": [4, 2], "car_445": [7, 1], "car_446": [10, 5], "car_447": [5, 1], "car_440": [7, 3], "car_441": [10, 0], "car_442": [6, 0], "car_443": [0, 1], "car_448": [3, 5], "car_449": [11, 0], "car_695": [0, 5], "car_694": [5, 0], "car_697": [7, 4], "car_696": [11, 6], "car_691": [8, 5], "car_690": [0, 6], "car_693": [2, 3], "car_692": [4, 7], "car_699": [8, 6], "car_698": [3, 0], "car_1943": [2, 7], "car_1942": [10, 1], "car_279": [1, 3], "car_278": [6, 5], "car_1947": [5, 6], "car_1946": [11, 7], "car_1945": [2, 5], "car_1944": [11, 6], "car_273": [0, 1], "car_272": [9, 3], "car_271": [9, 7], "car_270": [8, 2], "car_277": [7, 3], "car_276": [4, 6], "car_275": [11, 6], "car_274": [3, 0], "car_1925": [7, 1], "car_1549": [10, 3], "car_1548": [4, 6], "car_1547": [11, 4], "car_1546": [8, 4], "car_1545": [5, 7], "car_1544": [2, 5], "car_1543": [4, 3], "car_1542": [1, 7], "car_1541": [8, 7], "car_1540": [3, 1], "car_1389": [7, 0], "car_1388": [4, 1], "car_1385": [1, 7], "car_1384": [9, 1], "car_1387": [2, 5], "car_1386": [10, 2], "car_1381": [6, 2], "car_1380": [5, 2], "car_1383": [8, 1], "car_1382": [10, 7], "car_307": [5, 3], "car_306": [2, 0], "car_305": [9, 1], "car_304": [2, 4], "car_303": [7, 4], "car_302": [1, 0], "car_301": [11, 5], "car_300": [0, 4], "car_804": [0, 7], "car_309": [8, 4], "car_308": [6, 1], "car_909": [2, 1], "car_908": [10, 7], "car_905": [9, 7], "car_904": [6, 2], "car_907": [4, 5], "car_906": [8, 4], "car_901": [5, 6], "car_900": [1, 0], "car_903": [5, 4], "car_902": [2, 4], "car_1161": [2, 3], "car_1160": [7, 4], "car_1163": [2, 7], "car_1162": [0, 7], "car_1165": [4, 2], "car_1164": [11, 3], "car_1167": [0, 7], "car_1166": [2, 1], "car_1169": [4, 7], "car_1168": [3, 5], "car_2010": [6, 7], "car_2011": [11, 6], "car_2012": [4, 7], "car_2013": [2, 4], "car_2014": [6, 5], "car_2015": [3, 7], "car_2016": [8, 4], "car_2017": [11, 0], "car_2018": [1, 0], "car_2019": [9, 1], "car_87": [11, 0], "car_86": [5, 4], "car_85": [7, 0], "car_84": [4, 7], "car_83": [1, 0], "car_82": [8, 5], "car_81": [5, 0], "car_80": [10, 4], "car_2001": [8, 4], "car_89": [11, 3], "car_88": [2, 5], "car_2000": [9, 3], "car_875": [6, 4], "car_874": [5, 2], "car_877": [0, 5], "car_876": [9, 1], "car_871": [0, 6], "car_870": [5, 3], "car_873": [2, 1], "car_872": [11, 0], "car_1694": [10, 7], "car_879": [8, 5], "car_878": [3, 7], "car_1752": [9, 6], "car_1753": [0, 6], "car_1699": [7, 3], "car_2124": [10, 0], "car_2125": [5, 1], "car_1619": [10, 0], "car_1618": [1, 5], "car_2120": [10, 3], "car_2121": [2, 4], "car_2122": [6, 7], "car_2123": [8, 5], "car_1613": [3, 5], "car_1612": [0, 3], "car_1611": [2, 0], "car_1610": [7, 5], "car_1617": [11, 5], "car_1616": [9, 5], "car_1615": [5, 1], "car_1614": [7, 1], "car_1754": [8, 4], "car_1755": [1, 3], "car_471": [4, 6], "car_470": [1, 4], "car_473": [9, 6], "car_472": [10, 2], "car_475": [1, 5], "car_474": [8, 1], "car_477": [9, 4], "car_476": [10, 1], "car_479": [4, 2], "car_478": [1, 0], "car_2038": [7, 5], "car_2039": [2, 3], "car_1819": [8, 4], "car_1818": [0, 7], "car_682": [5, 6], "car_683": [6, 1], "car_680": [3, 7], "car_681": [7, 4], "car_686": [10, 3], "car_687": [2, 7], "car_684": [0, 6], "car_685": [7, 4], "car_688": [11, 2], "car_689": [7, 4], "car_1815": [7, 4], "car_1814": [5, 4], "car_1670": [7, 2], "car_1956": [3, 5], "car_1957": [1, 3], "car_1958": [4, 1], "car_1959": [2, 1], "car_2003": [5, 3], "car_268": [7, 1], "car_269": [2, 4], "car_1974": [8, 3], "car_1975": [4, 6], "car_1972": [11, 1], "car_1973": [3, 0], "car_1970": [0, 3], "car_1971": [3, 5], "car_260": [2, 4], "car_261": [5, 7], "car_262": [8, 5], "car_263": [11, 2], "car_264": [4, 2], "car_265": [9, 1], "car_266": [11, 5], "car_267": [4, 3], "car_1572": [5, 0], "car_1573": [6, 5], "car_1570": [10, 6], "car_1571": [2, 4], "car_1576": [8, 7], "car_1577": [11, 3], "car_1574": [0, 2], "car_1575": [3, 6], "car_1578": [1, 5], "car_1579": [4, 5], "car_1370": [5, 6], "car_1371": [11, 3], "car_1372": [10, 5], "car_1373": [6, 7], "car_1374": [9, 4], "car_1375": [8, 6], "car_1376": [1, 4], "car_1377": [0, 3], "car_1378": [8, 6], "car_1379": [2, 5], "car_314": [10, 6], "car_315": [5, 2], "car_316": [6, 7], "car_317": [9, 6], "car_310": [11, 4], "car_311": [8, 2], "car_312": [4, 7], "car_313": [9, 4], "car_318": [3, 6], "car_319": [1, 0], "car_918": [11, 3], "car_919": [1, 5], "car_912": [11, 5], "car_913": [7, 0], "car_910": [6, 4], "car_911": [0, 5], "car_916": [0, 4], "car_917": [8, 7], "car_914": [5, 6], "car_915": [9, 3], "car_1114": [5, 2], "car_1115": [9, 2], "car_1116": [6, 3], "car_1117": [11, 3], "car_1110": [4, 1], "car_1111": [5, 1], "car_1112": [3, 1], "car_1113": [7, 6], "car_1118": [5, 3], "car_1119": [4, 1], "car_1284": [7, 0], "car_1285": [2, 5], "car_1286": [5, 0], "car_1287": [6, 0], "car_1280": [10, 6], "car_1281": [0, 4], "car_1282": [3, 0], "car_1283": [4, 7], "car_2130": [7, 1], "car_1288": [9, 7], "car_1289": [3, 4], "car_1744": [5, 7], "car_1028": [5, 1], "car_1029": [9, 4], "car_1758": [2, 7], "car_1759": [5, 4], "car_2007": [0, 5], "car_2006": [9, 1], "car_2005": [10, 7], "car_2004": [11, 6], "car_1020": [3, 6], "car_1021": [7, 2], "car_1022": [2, 0], "car_1023": [6, 7], "car_1024": [0, 1], "car_1025": [4, 1], "car_1026": [7, 4], "car_1027": [2, 3], "car_1598": [7, 0], "car_1599": [10, 5], "car_1590": [8, 3], "car_1591": [1, 4], "car_1592": [10, 1], "car_1593": [2, 7], "car_1594": [6, 1], "car_1595": [11, 2], "car_1596": [1, 4], "car_1597": [4, 6], "car_1746": [11, 5], "car_862": [9, 3], "car_863": [0, 5], "car_860": [7, 4], "car_861": [5, 2], "car_866": [5, 4], "car_867": [6, 2], "car_864": [3, 0], "car_865": [10, 2], "car_868": [11, 6], "car_869": [10, 4], "car_1741": [11, 7], "car_2137": [3, 4], "car_2136": [0, 1], "car_2135": [9, 1], "car_2134": [2, 7], "car_2133": [0, 6], "car_2132": [1, 6], "car_1628": [6, 0], "car_1629": [7, 4], "car_1626": [4, 1], "car_1627": [2, 0], "car_1624": [4, 5], "car_1625": [3, 2], "car_1622": [8, 4], "car_1623": [1, 3], "car_1620": [6, 2], "car_1621": [6, 7], "car_1740": [8, 7]}