{"car_545": [4, 7], "car_544": [7, 6], "car_547": [1, 7], "car_546": [2, 6], "car_541": [5, 3], "car_540": [2, 1], "car_543": [8, 0], "car_542": [9, 4], "car_549": [2, 1], "car_548": [7, 5], "car_468": [8, 6], "car_469": [10, 1], "car_466": [6, 7], "car_467": [9, 3], "car_464": [4, 0], "car_465": [7, 0], "car_462": [2, 1], "car_463": [4, 3], "car_460": [0, 2], "car_461": [5, 3], "car_211": [0, 6], "car_210": [5, 7], "car_213": [3, 7], "car_212": [2, 1], "car_215": [6, 4], "car_214": [1, 3], "car_217": [10, 6], "car_216": [8, 5], "car_219": [3, 4], "car_218": [2, 0], "car_352": [8, 6], "car_353": [10, 2], "car_354": [5, 1], "car_355": [6, 5], "car_356": [11, 5], "car_357": [1, 2], "car_608": [5, 2], "car_609": [3, 1], "car_602": [7, 0], "car_603": [8, 7], "car_600": [1, 0], "car_601": [5, 0], "car_606": [9, 2], "car_607": [5, 4], "car_604": [10, 3], "car_605": [5, 3], "car_518": [4, 7], "car_519": [7, 1], "car_510": [9, 0], "car_511": [6, 4], "car_679": [7, 6], "car_678": [8, 3], "car_677": [1, 4], "car_676": [11, 7], "car_675": [9, 7], "car_674": [4, 7], "car_673": [3, 5], "car_672": [10, 5], "car_671": [3, 5], "car_670": [3, 4], "car_10": [4, 3], "car_11": [6, 2], "car_12": [8, 5], "car_13": [9, 5], "car_14": [11, 0], "car_15": [2, 4], "car_16": [0, 3], "car_17": [1, 4], "car_18": [5, 4], "car_19": [3, 7], "car_703": [9, 7], "car_702": [4, 3], "car_701": [6, 1], "car_700": [2, 3], "car_707": [4, 7], "car_706": [4, 0], "car_705": [1, 2], "car_704": [0, 5], "car_698": [5, 6], "car_422": [3, 4], "car_423": [0, 6], "car_420": [11, 3], "car_421": [8, 4], "car_426": [10, 0], "car_427": [5, 2], "car_424": [6, 5], "car_425": [0, 6], "car_581": [11, 4], "car_580": [3, 2], "car_428": [6, 4], "car_429": [5, 1], "car_585": [6, 4], "car_584": [7, 4], "car_587": [6, 5], "car_586": [3, 1], "car_255": [5, 4], "car_254": [9, 7], "car_257": [3, 5], "car_256": [4, 1], "car_251": [2, 0], "car_250": [3, 2], "car_253": [5, 1], "car_252": [11, 2], "car_394": [5, 6], "car_395": [4, 1], "car_396": [9, 5], "car_397": [0, 5], "car_259": [9, 1], "car_258": [8, 6], "car_392": [4, 2], "car_393": [7, 4], "car_158": [7, 5], "car_159": [8, 2], "car_156": [0, 1], "car_157": [6, 2], "car_154": [0, 7], "car_155": [8, 1], "car_152": [4, 1], "car_153": [10, 3], "car_150": [3, 4], "car_151": [1, 5], "car_350": [3, 1], "car_351": [7, 0], "car_457": [7, 4], "car_456": [5, 6], "car_455": [6, 4], "car_454": [8, 7], "car_453": [4, 6], "car_452": [6, 5], "car_451": [8, 1], "car_450": [6, 2], "car_516": [6, 3], "car_517": [8, 7], "car_514": [9, 6], "car_515": [4, 3], "car_512": [0, 4], "car_513": [11, 5], "car_459": [2, 1], "car_458": [1, 5], "car_321": [6, 7], "car_320": [5, 7], "car_323": [7, 6], "car_322": [10, 5], "car_325": [4, 3], "car_324": [4, 2], "car_327": [0, 5], "car_326": [5, 3], "car_329": [6, 7], "car_328": [1, 0], "car_493": [1, 6], "car_492": [3, 5], "car_491": [9, 6], "car_633": [2, 4], "car_632": [9, 2], "car_631": [4, 5], "car_490": [6, 3], "car_637": [7, 2], "car_636": [4, 5], "car_635": [8, 3], "car_634": [3, 7], "car_497": [3, 2], "car_639": [2, 3], "car_638": [4, 6], "car_496": [11, 5], "car_268": [11, 1], "car_495": [4, 5], "car_140": [8, 3], "car_494": [10, 4], "car_144": [11, 2], "car_260": [7, 1], "car_189": [6, 1], "car_188": [8, 6], "car_261": [6, 7], "car_185": [9, 5], "car_184": [11, 5], "car_187": [5, 4], "car_186": [2, 0], "car_181": [2, 3], "car_180": [0, 3], "car_183": [4, 0], "car_182": [0, 3], "car_263": [7, 3], "car_299": [6, 7], "car_113": [5, 4], "car_110": [6, 1], "car_111": [0, 4], "car_116": [7, 3], "car_117": [6, 2], "car_114": [6, 2], "car_115": [4, 5], "car_291": [2, 7], "car_290": [11, 6], "car_118": [9, 2], "car_119": [0, 2], "car_295": [11, 3], "car_294": [10, 1], "car_297": [7, 2], "car_296": [6, 4], "car_54": [4, 5], "car_55": [11, 1], "car_56": [7, 3], "car_57": [5, 4], "car_50": [7, 6], "car_51": [3, 5], "car_52": [8, 5], "car_53": [2, 4], "car_58": [1, 7], "car_59": [4, 5], "car_552": [10, 7], "car_553": [10, 4], "car_550": [0, 4], "car_551": [3, 4], "car_556": [3, 0], "car_557": [8, 4], "car_554": [6, 4], "car_555": [9, 5], "car_558": [4, 1], "car_559": [9, 5], "car_365": [3, 2], "car_364": [1, 4], "car_367": [0, 6], "car_366": [11, 6], "car_361": [1, 7], "car_360": [3, 6], "car_363": [9, 6], "car_362": [7, 2], "car_413": [10, 5], "car_412": [8, 6], "car_411": [2, 0], "car_410": [6, 5], "car_369": [11, 6], "car_368": [3, 7], "car_415": [11, 7], "car_414": [7, 3], "car_167": [9, 2], "car_166": [5, 2], "car_165": [6, 1], "car_164": [5, 7], "car_163": [9, 5], "car_162": [1, 4], "car_161": [10, 4], "car_160": [11, 2], "car_206": [11, 0], "car_207": [0, 7], "car_204": [9, 1], "car_205": [0, 2], "car_202": [6, 0], "car_203": [6, 0], "car_169": [2, 6], "car_168": [10, 6], "car_527": [1, 3], "car_526": [5, 2], "car_525": [2, 7], "car_524": [0, 1], "car_523": [3, 4], "car_522": [2, 7], "car_521": [11, 1], "car_520": [10, 1], "car_529": [9, 6], "car_528": [5, 1], "car_489": [5, 1], "car_6": [9, 7], "car_7": [0, 2], "car_4": [2, 5], "car_5": [6, 4], "car_2": [2, 1], "car_3": [0, 5], "car_0": [7, 5], "car_1": [3, 7], "car_709": [8, 4], "car_708": [0, 2], "car_8": [5, 7], "car_9": [9, 3], "car_668": [8, 5], "car_669": [9, 0], "car_664": [5, 4], "car_665": [1, 6], "car_666": [11, 5], "car_667": [3, 1], "car_660": [4, 0], "car_661": [7, 4], "car_662": [9, 1], "car_663": [4, 7], "car_98": [7, 6], "car_99": [0, 6], "car_90": [11, 3], "car_91": [11, 5], "car_92": [2, 3], "car_93": [6, 7], "car_94": [4, 0], "car_95": [8, 3], "car_96": [4, 3], "car_97": [9, 6], "car_596": [8, 3], "car_578": [11, 0], "car_594": [4, 1], "car_595": [6, 2], "car_592": [8, 1], "car_593": [1, 7], "car_590": [6, 3], "car_579": [5, 6], "car_598": [8, 7], "car_599": [1, 7], "car_242": [4, 3], "car_243": [2, 3], "car_240": [9, 4], "car_241": [6, 1], "car_246": [6, 5], "car_247": [9, 2], "car_244": [9, 0], "car_245": [9, 1], "car_248": [8, 7], "car_249": [4, 5], "car_570": [2, 1], "car_129": [5, 3], "car_128": [8, 5], "car_571": [10, 4], "car_123": [7, 2], "car_122": [4, 7], "car_121": [10, 2], "car_120": [1, 5], "car_127": [9, 7], "car_126": [4, 0], "car_125": [7, 1], "car_124": [2, 5], "car_597": [7, 6], "car_444": [2, 1], "car_445": [4, 6], "car_446": [5, 7], "car_447": [6, 5], "car_440": [7, 1], "car_441": [2, 4], "car_442": [11, 0], "car_443": [4, 0], "car_563": [9, 5], "car_562": [6, 0], "car_561": [5, 7], "car_560": [10, 6], "car_448": [1, 2], "car_349": [8, 6], "car_565": [4, 6], "car_564": [8, 1], "car_237": [2, 4], "car_236": [4, 5], "car_235": [4, 6], "car_234": [6, 3], "car_233": [3, 6], "car_232": [7, 5], "car_338": [0, 7], "car_339": [6, 5], "car_336": [0, 6], "car_337": [0, 6], "car_334": [11, 6], "car_335": [9, 1], "car_332": [1, 4], "car_333": [4, 5], "car_330": [11, 5], "car_238": [3, 1], "car_408": [6, 1], "car_409": [0, 1], "car_620": [4, 7], "car_621": [1, 3], "car_622": [7, 5], "car_623": [10, 0], "car_624": [10, 0], "car_625": [9, 4], "car_626": [4, 3], "car_627": [10, 1], "car_628": [3, 1], "car_629": [4, 2], "car_347": [1, 7], "car_346": [1, 4], "car_630": [3, 4], "car_402": [6, 7], "car_403": [8, 6], "car_198": [6, 2], "car_199": [9, 3], "car_192": [0, 4], "car_193": [1, 6], "car_190": [3, 7], "car_191": [7, 2], "car_196": [11, 0], "car_197": [2, 6], "car_194": [5, 4], "car_195": [11, 5], "car_695": [0, 3], "car_694": [6, 2], "car_697": [2, 6], "car_696": [4, 7], "car_691": [11, 6], "car_690": [8, 1], "car_693": [4, 5], "car_692": [0, 4], "car_699": [11, 2], "car_279": [6, 5], "car_278": [11, 7], "car_36": [0, 3], "car_37": [3, 4], "car_34": [5, 7], "car_35": [5, 3], "car_32": [2, 4], "car_33": [9, 2], "car_30": [3, 1], "car_31": [1, 0], "car_499": [5, 4], "car_498": [10, 2], "car_38": [11, 3], "car_39": [4, 3], "car_286": [4, 7], "car_287": [6, 5], "car_284": [2, 0], "car_285": [8, 0], "car_282": [6, 5], "car_283": [0, 6], "car_280": [5, 7], "car_281": [11, 3], "car_288": [0, 4], "car_289": [3, 2], "car_178": [4, 6], "car_179": [9, 5], "car_43": [1, 4], "car_42": [9, 4], "car_41": [10, 1], "car_40": [7, 2], "car_47": [9, 6], "car_46": [2, 1], "car_45": [4, 3], "car_44": [11, 2], "car_49": [4, 0], "car_48": [11, 5], "car_566": [4, 2], "car_372": [5, 0], "car_373": [6, 4], "car_370": [7, 4], "car_371": [11, 5], "car_376": [8, 4], "car_377": [8, 5], "car_374": [6, 5], "car_375": [1, 7], "car_400": [10, 3], "car_401": [5, 6], "car_378": [11, 6], "car_379": [5, 6], "car_404": [4, 1], "car_405": [0, 5], "car_406": [7, 3], "car_407": [10, 5], "car_174": [0, 6], "car_175": [3, 7], "car_176": [3, 2], "car_177": [1, 5], "car_170": [9, 6], "car_171": [1, 2], "car_172": [7, 5], "car_173": [9, 6], "car_273": [5, 4], "car_272": [9, 0], "car_271": [2, 4], "car_270": [1, 6], "car_277": [3, 7], "car_276": [0, 3], "car_275": [5, 1], "car_274": [0, 3], "car_112": [4, 0], "car_298": [8, 0], "car_534": [1, 4], "car_535": [0, 1], "car_536": [1, 5], "car_537": [0, 5], "car_530": [10, 1], "car_531": [5, 6], "car_532": [3, 0], "car_358": [2, 5], "car_538": [8, 6], "car_539": [7, 3], "car_307": [10, 5], "car_306": [8, 2], "car_305": [3, 7], "car_304": [9, 5], "car_303": [6, 2], "car_302": [7, 3], "car_301": [10, 5], "car_300": [0, 5], "car_293": [1, 0], "car_309": [0, 2], "car_308": [5, 7], "car_292": [2, 7], "car_359": [5, 4], "car_710": [2, 6], "car_659": [0, 3], "car_658": [9, 0], "car_651": [1, 3], "car_650": [10, 5], "car_653": [8, 6], "car_652": [5, 4], "car_655": [8, 1], "car_654": [7, 4], "car_657": [11, 2], "car_656": [5, 0], "car_78": [4, 2], "car_79": [7, 4], "car_72": [9, 5], "car_73": [3, 4], "car_70": [10, 3], "car_71": [5, 3], "car_76": [4, 1], "car_77": [5, 2], "car_74": [4, 3], "car_75": [11, 7], "car_87": [0, 3], "car_86": [7, 5], "car_85": [4, 6], "car_84": [1, 0], "car_83": [6, 1], "car_82": [6, 4], "car_81": [9, 5], "car_80": [5, 3], "car_533": [8, 0], "car_89": [2, 7], "car_88": [1, 0], "car_689": [0, 5], "car_138": [0, 7], "car_139": [3, 2], "car_130": [6, 5], "car_131": [4, 0], "car_132": [7, 3], "car_133": [7, 0], "car_134": [0, 4], "car_135": [3, 4], "car_136": [7, 0], "car_137": [9, 4], "car_569": [10, 5], "car_568": [6, 7], "car_471": [7, 5], "car_470": [8, 4], "car_473": [6, 2], "car_472": [10, 4], "car_475": [4, 1], "car_474": [6, 4], "car_477": [8, 1], "car_476": [10, 3], "car_479": [0, 5], "car_478": [11, 2], "car_572": [9, 1], "car_573": [5, 3], "car_574": [0, 2], "car_575": [3, 6], "car_576": [5, 6], "car_577": [1, 0], "car_224": [5, 4], "car_225": [11, 2], "car_226": [4, 7], "car_227": [0, 4], "car_220": [6, 2], "car_221": [0, 6], "car_222": [3, 0], "car_223": [1, 3], "car_343": [8, 5], "car_342": [5, 0], "car_341": [8, 1], "car_340": [11, 3], "car_228": [4, 5], "car_229": [2, 7], "car_345": [8, 3], "car_344": [1, 2], "car_567": [7, 4], "car_449": [5, 7], "car_619": [8, 6], "car_618": [9, 0], "car_615": [10, 5], "car_614": [7, 6], "car_617": [7, 0], "car_616": [3, 0], "car_611": [7, 0], "car_610": [4, 2], "car_613": [1, 7], "car_612": [4, 3], "car_591": [3, 6], "car_231": [4, 6], "car_683": [3, 1], "car_230": [3, 0], "car_419": [1, 3], "car_418": [5, 1], "car_682": [3, 1], "car_589": [8, 0], "car_680": [10, 7], "car_681": [1, 0], "car_686": [8, 3], "car_687": [1, 4], "car_684": [9, 6], "car_588": [3, 2], "car_688": [5, 3], "car_685": [1, 2], "car_239": [8, 6], "car_331": [6, 3], "car_25": [7, 5], "car_24": [1, 7], "car_27": [7, 1], "car_26": [4, 0], "car_21": [11, 4], "car_20": [0, 7], "car_23": [8, 6], "car_22": [8, 3], "car_488": [2, 4], "car_417": [10, 0], "car_29": [7, 0], "car_28": [3, 5], "car_416": [7, 5], "car_583": [6, 5], "car_582": [2, 7], "car_208": [10, 1], "car_209": [10, 7], "car_435": [4, 0], "car_434": [11, 6], "car_437": [11, 1], "car_436": [10, 4], "car_431": [6, 1], "car_430": [3, 6], "car_433": [3, 4], "car_432": [9, 0], "car_398": [10, 6], "car_439": [6, 5], "car_438": [7, 6], "car_399": [3, 4], "car_389": [9, 2], "car_388": [6, 7], "car_387": [0, 6], "car_386": [11, 6], "car_385": [8, 7], "car_384": [3, 2], "car_383": [2, 1], "car_382": [9, 5], "car_381": [8, 5], "car_380": [6, 3], "car_141": [8, 4], "car_269": [2, 5], "car_143": [8, 3], "car_142": [0, 7], "car_145": [8, 2], "car_200": [9, 4], "car_147": [1, 7], "car_146": [6, 0], "car_149": [1, 0], "car_148": [6, 3], "car_262": [1, 2], "car_201": [8, 3], "car_264": [1, 0], "car_265": [8, 0], "car_266": [0, 6], "car_267": [4, 1], "car_480": [5, 6], "car_481": [10, 4], "car_390": [11, 4], "car_482": [5, 1], "car_391": [0, 3], "car_483": [0, 6], "car_484": [8, 6], "car_485": [0, 4], "car_501": [3, 1], "car_500": [0, 6], "car_503": [9, 3], "car_502": [5, 2], "car_505": [1, 3], "car_486": [1, 4], "car_507": [5, 4], "car_506": [7, 4], "car_509": [10, 6], "car_508": [3, 1], "car_487": [7, 3], "car_314": [0, 1], "car_315": [11, 2], "car_316": [8, 4], "car_317": [11, 4], "car_310": [3, 7], "car_311": [8, 6], "car_312": [1, 0], "car_313": [10, 1], "car_318": [8, 5], "car_319": [7, 0], "car_646": [1, 5], "car_647": [4, 2], "car_644": [10, 3], "car_645": [10, 5], "car_642": [10, 2], "car_643": [5, 3], "car_640": [9, 1], "car_641": [3, 0], "car_648": [3, 4], "car_649": [8, 7], "car_69": [1, 0], "car_68": [9, 3], "car_61": [0, 4], "car_60": [3, 7], "car_63": [10, 0], "car_62": [10, 7], "car_65": [6, 3], "car_64": [10, 3], "car_67": [6, 5], "car_66": [7, 2], "car_504": [5, 2], "car_348": [10, 7], "car_105": [4, 6], "car_104": [0, 3], "car_107": [9, 2], "car_106": [6, 1], "car_101": [8, 0], "car_100": [3, 6], "car_103": [9, 1], "car_102": [3, 5], "car_109": [0, 5], "car_108": [0, 3]}