{"car_3253": [9, 4], "car_2009": [5, 6], "car_3196": [0, 6], "car_3197": [3, 0], "car_3194": [6, 0], "car_3195": [9, 7], "car_3192": [2, 3], "car_3193": [5, 1], "car_3190": [11, 4], "car_3191": [7, 2], "car_3198": [10, 7], "car_3199": [2, 1], "car_2229": [4, 7], "car_2228": [11, 3], "car_468": [6, 0], "car_469": [9, 5], "car_466": [8, 3], "car_467": [5, 3], "car_464": [6, 4], "car_465": [9, 0], "car_462": [7, 0], "car_463": [10, 5], "car_460": [8, 6], "car_461": [11, 1], "car_2455": [6, 1], "car_3068": [4, 1], "car_3069": [5, 7], "car_2751": [8, 2], "car_3062": [3, 6], "car_3063": [11, 4], "car_3060": [6, 7], "car_3061": [0, 3], "car_3066": [2, 0], "car_3067": [3, 7], "car_3064": [1, 6], "car_3065": [4, 6], "car_3268": [11, 3], "car_817": [3, 2], "car_816": [2, 1], "car_3260": [8, 5], "car_3261": [1, 4], "car_3262": [4, 6], "car_3263": [10, 0], "car_3264": [2, 4], "car_815": [8, 2], "car_3266": [6, 1], "car_3267": [9, 2], "car_2750": [9, 0], "car_814": [0, 3], "car_813": [9, 4], "car_812": [2, 1], "car_2072": [3, 6], "car_811": [4, 5], "car_2073": [4, 0], "car_810": [8, 2], "car_3214": [10, 5], "car_679": [10, 2], "car_678": [11, 3], "car_677": [8, 2], "car_676": [3, 2], "car_675": [0, 3], "car_674": [6, 7], "car_673": [5, 0], "car_672": [10, 2], "car_671": [1, 7], "car_670": [0, 2], "car_2771": [3, 4], "car_3213": [7, 6], "car_2770": [0, 2], "car_3212": [1, 4], "car_2078": [3, 6], "car_2079": [8, 2], "car_3464": [1, 2], "car_2456": [9, 0], "car_2341": [1, 3], "car_2670": [3, 4], "car_3465": [4, 3], "car_2671": [8, 5], "car_2754": [2, 0], "car_2672": [4, 2], "car_2223": [6, 4], "car_789": [7, 6], "car_788": [4, 0], "car_3338": [6, 7], "car_2222": [5, 0], "car_783": [0, 4], "car_782": [9, 2], "car_781": [6, 3], "car_780": [10, 4], "car_787": [1, 0], "car_786": [0, 6], "car_785": [7, 1], "car_784": [8, 7], "car_3462": [0, 7], "car_2220": [10, 4], "car_0": [8, 2], "car_2227": [0, 6], "car_1179": [4, 0], "car_2375": [6, 3], "car_2226": [2, 5], "car_3339": [9, 5], "car_2225": [1, 3], "car_2224": [0, 6], "car_3463": [8, 7], "car_255": [8, 2], "car_254": [0, 4], "car_257": [7, 4], "car_256": [4, 7], "car_251": [5, 4], "car_250": [7, 5], "car_253": [9, 0], "car_252": [6, 4], "car_1961": [6, 2], "car_1960": [5, 3], "car_1963": [0, 4], "car_1962": [9, 7], "car_259": [9, 6], "car_258": [5, 4], "car_1967": [4, 6], "car_1966": [1, 0], "car_1170": [8, 5], "car_1171": [1, 6], "car_1565": [4, 3], "car_1564": [11, 6], "car_1567": [5, 4], "car_1566": [7, 0], "car_1561": [6, 3], "car_1560": [2, 7], "car_1563": [8, 6], "car_1562": [9, 6], "car_1569": [8, 3], "car_1568": [6, 3], "car_1413": [0, 6], "car_1363": [1, 6], "car_1362": [11, 1], "car_1361": [8, 3], "car_1360": [9, 7], "car_1367": [6, 5], "car_1366": [2, 4], "car_1365": [10, 3], "car_1364": [7, 5], "car_1369": [0, 7], "car_1368": [9, 7], "car_2758": [11, 0], "car_2376": [1, 5], "car_321": [3, 2], "car_320": [6, 0], "car_323": [5, 1], "car_322": [2, 7], "car_325": [9, 5], "car_324": [6, 7], "car_327": [8, 3], "car_326": [3, 6], "car_329": [2, 1], "car_328": [4, 7], "car_2722": [2, 5], "car_2723": [6, 0], "car_2720": [1, 6], "car_2721": [7, 5], "car_2726": [5, 6], "car_2727": [6, 7], "car_2724": [1, 2], "car_2725": [10, 1], "car_2728": [11, 3], "car_2729": [1, 6], "car_1107": [3, 6], "car_1106": [0, 3], "car_1105": [9, 0], "car_1104": [2, 3], "car_1103": [4, 3], "car_1102": [1, 6], "car_1101": [11, 3], "car_1100": [8, 6], "car_1109": [11, 3], "car_1108": [8, 5], "car_1297": [8, 1], "car_1296": [3, 0], "car_1295": [9, 0], "car_1294": [5, 3], "car_1293": [10, 7], "car_1292": [1, 2], "car_1291": [11, 5], "car_1290": [8, 2], "car_1299": [7, 3], "car_1298": [11, 3], "car_2928": [2, 3], "car_2929": [5, 3], "car_2924": [8, 5], "car_2925": [11, 7], "car_2926": [1, 4], "car_2927": [10, 3], "car_2920": [2, 4], "car_2921": [5, 3], "car_2922": [0, 1], "car_2923": [3, 2], "car_2586": [10, 4], "car_2587": [2, 0], "car_2584": [4, 7], "car_2585": [7, 5], "car_2582": [11, 7], "car_2583": [1, 7], "car_2580": [0, 5], "car_2581": [8, 5], "car_3527": [1, 5], "car_3526": [3, 2], "car_3525": [0, 1], "car_3524": [6, 5], "car_2858": [3, 1], "car_2859": [8, 0], "car_2588": [8, 2], "car_2589": [11, 4], "car_2036": [1, 7], "car_2037": [4, 5], "car_1039": [11, 0], "car_1038": [0, 1], "car_1749": [2, 0], "car_1748": [7, 1], "car_2030": [1, 7], "car_2031": [7, 5], "car_1033": [2, 1], "car_1032": [7, 4], "car_1031": [1, 6], "car_1030": [0, 4], "car_1037": [9, 4], "car_1036": [5, 7], "car_1035": [10, 0], "car_1034": [9, 3], "car_1589": [0, 2], "car_1588": [6, 7], "car_1583": [0, 4], "car_1582": [9, 0], "car_1581": [6, 5], "car_1580": [5, 3], "car_1587": [2, 4], "car_1586": [1, 4], "car_1585": [8, 0], "car_1584": [3, 0], "car_1852": [7, 0], "car_1906": [6, 4], "car_3295": [2, 4], "car_3294": [10, 0], "car_3297": [6, 2], "car_3296": [5, 4], "car_3291": [5, 2], "car_3290": [7, 2], "car_899": [0, 6], "car_898": [9, 3], "car_897": [5, 0], "car_896": [11, 2], "car_895": [0, 3], "car_894": [9, 4], "car_893": [6, 2], "car_892": [2, 4], "car_891": [7, 5], "car_890": [1, 5], "car_2458": [4, 3], "car_2459": [6, 4], "car_2108": [9, 2], "car_2109": [0, 2], "car_3457": [10, 5], "car_3456": [4, 5], "car_3455": [6, 1], "car_3454": [2, 6], "car_2102": [3, 0], "car_2103": [11, 0], "car_2100": [5, 2], "car_2101": [0, 6], "car_2106": [10, 2], "car_2107": [5, 7], "car_2104": [4, 6], "car_2105": [7, 5], "car_1631": [1, 4], "car_1630": [11, 1], "car_1633": [7, 4], "car_1632": [4, 2], "car_1635": [2, 4], "car_1634": [10, 6], "car_1637": [8, 2], "car_1636": [3, 1], "car_1639": [4, 6], "car_1638": [1, 7], "car_3418": [3, 7], "car_1751": [3, 7], "car_2803": [0, 7], "car_2802": [9, 2], "car_2801": [6, 3], "car_3189": [8, 0], "car_3188": [3, 4], "car_2800": [5, 4], "car_3269": [1, 6], "car_3181": [1, 0], "car_2807": [10, 6], "car_1756": [3, 0], "car_3182": [4, 3], "car_3185": [6, 3], "car_3184": [5, 1], "car_3187": [0, 6], "car_2806": [7, 0], "car_2805": [4, 5], "car_3306": [10, 5], "car_2816": [6, 3], "car_2804": [11, 1], "car_3380": [3, 4], "car_3104": [6, 1], "car_2414": [7, 1], "car_419": [6, 5], "car_418": [5, 6], "car_2218": [4, 3], "car_2219": [7, 1], "car_413": [9, 6], "car_412": [2, 6], "car_411": [10, 6], "car_410": [7, 0], "car_417": [7, 2], "car_416": [1, 2], "car_415": [11, 5], "car_414": [8, 6], "car_2417": [9, 3], "car_1679": [5, 7], "car_1678": [2, 4], "car_2412": [11, 5], "car_2947": [7, 2], "car_2413": [1, 6], "car_3265": [5, 2], "car_3079": [2, 7], "car_3078": [10, 7], "car_3075": [3, 7], "car_3074": [0, 7], "car_3077": [7, 1], "car_3076": [1, 2], "car_3071": [4, 1], "car_3070": [11, 5], "car_3073": [6, 7], "car_3072": [2, 6], "car_527": [9, 6], "car_526": [6, 2], "car_525": [5, 2], "car_524": [10, 4], "car_523": [7, 5], "car_522": [11, 7], "car_521": [8, 0], "car_520": [0, 1], "car_3273": [5, 1], "car_1671": [4, 5], "car_3271": [10, 0], "car_1889": [9, 1], "car_3277": [11, 2], "car_3276": [3, 5], "car_529": [8, 5], "car_528": [3, 6], "car_1884": [3, 5], "car_1885": [8, 2], "car_2368": [0, 4], "car_2786": [5, 4], "car_2787": [6, 7], "car_668": [6, 7], "car_669": [9, 7], "car_664": [7, 6], "car_665": [10, 5], "car_666": [2, 5], "car_667": [5, 0], "car_660": [3, 2], "car_661": [8, 2], "car_662": [11, 1], "car_663": [4, 3], "car_2759": [2, 1], "car_1854": [9, 1], "car_2788": [0, 5], "car_3308": [6, 4], "car_2789": [3, 0], "car_2940": [3, 7], "car_798": [2, 6], "car_799": [5, 0], "car_790": [10, 6], "car_791": [2, 7], "car_792": [6, 0], "car_793": [9, 4], "car_794": [11, 3], "car_795": [1, 2], "car_796": [4, 7], "car_797": [10, 4], "car_242": [3, 6], "car_243": [8, 7], "car_240": [2, 5], "car_241": [0, 1], "car_246": [9, 7], "car_247": [0, 2], "car_244": [5, 4], "car_245": [6, 0], "car_1914": [3, 4], "car_1915": [11, 2], "car_248": [1, 7], "car_249": [4, 5], "car_1910": [8, 7], "car_1911": [1, 4], "car_1912": [7, 2], "car_1913": [0, 1], "car_1356": [11, 7], "car_1357": [10, 4], "car_1354": [9, 6], "car_1355": [0, 6], "car_1352": [2, 1], "car_1353": [6, 2], "car_1350": [11, 5], "car_1351": [7, 2], "car_1358": [5, 0], "car_1359": [6, 4], "car_1831": [4, 5], "car_1820": [11, 2], "car_1821": [1, 7], "car_1822": [4, 2], "car_1823": [10, 2], "car_1824": [2, 0], "car_1825": [5, 7], "car_338": [5, 3], "car_339": [9, 5], "car_336": [4, 6], "car_337": [7, 2], "car_334": [11, 6], "car_335": [1, 4], "car_332": [3, 0], "car_333": [8, 1], "car_330": [9, 4], "car_331": [0, 6], "car_2735": [0, 2], "car_2734": [9, 3], "car_1138": [0, 1], "car_1139": [3, 2], "car_2731": [10, 3], "car_2730": [4, 2], "car_2733": [5, 2], "car_2732": [2, 5], "car_1132": [3, 6], "car_1133": [11, 1], "car_1130": [6, 0], "car_1131": [9, 1], "car_1136": [10, 7], "car_1137": [6, 5], "car_1134": [1, 0], "car_1135": [7, 3], "car_1839": [1, 6], "car_2393": [9, 6], "car_1838": [11, 3], "car_2392": [6, 4], "car_3301": [6, 0], "car_3300": [1, 6], "car_2939": [6, 0], "car_2938": [5, 2], "car_2937": [4, 0], "car_2936": [0, 4], "car_2935": [9, 5], "car_2934": [5, 3], "car_2933": [2, 0], "car_2932": [7, 3], "car_2931": [3, 2], "car_2930": [6, 1], "car_2029": [2, 0], "car_2028": [10, 0], "car_2845": [2, 0], "car_2844": [1, 6], "car_2843": [11, 1], "car_2842": [3, 1], "car_2841": [0, 5], "car_2840": [5, 7], "car_2021": [10, 3], "car_2020": [7, 6], "car_2023": [9, 3], "car_2022": [5, 2], "car_2025": [8, 1], "car_2024": [3, 6], "car_2027": [7, 3], "car_2026": [4, 7], "car_2948": [10, 5], "car_2520": [4, 2], "car_1008": [7, 1], "car_1009": [2, 6], "car_1006": [0, 2], "car_1007": [3, 6], "car_1004": [6, 3], "car_1005": [9, 2], "car_1002": [9, 6], "car_1003": [8, 7], "car_1000": [2, 5], "car_1001": [5, 2], "car_3459": [5, 7], "car_2398": [10, 3], "car_2629": [0, 3], "car_2524": [6, 3], "car_2628": [6, 4], "car_3310": [0, 2], "car_2525": [9, 2], "car_2995": [8, 4], "car_2674": [10, 1], "car_1924": [0, 5], "car_2994": [3, 2], "car_2527": [8, 3], "car_2997": [10, 2], "car_36": [5, 4], "car_37": [6, 2], "car_34": [11, 3], "car_35": [7, 4], "car_888": [6, 5], "car_889": [0, 1], "car_30": [10, 5], "car_31": [6, 2], "car_884": [7, 6], "car_885": [10, 4], "car_886": [2, 7], "car_887": [5, 7], "car_880": [2, 5], "car_881": [9, 4], "car_882": [0, 4], "car_883": [3, 6], "car_3466": [7, 3], "car_3467": [6, 7], "car_2449": [2, 7], "car_2448": [11, 5], "car_2119": [2, 7], "car_2118": [7, 1], "car_3460": [6, 0], "car_3461": [9, 4], "car_2115": [3, 5], "car_2114": [0, 5], "car_2117": [11, 4], "car_2116": [8, 6], "car_2111": [2, 6], "car_2110": [11, 2], "car_2113": [6, 1], "car_2112": [5, 7], "car_1644": [3, 1], "car_1645": [11, 7], "car_1646": [1, 3], "car_1647": [4, 0], "car_1640": [7, 1], "car_1641": [10, 5], "car_1642": [9, 1], "car_1643": [0, 4], "car_3312": [8, 0], "car_1648": [7, 6], "car_1649": [10, 1], "car_2599": [2, 5], "car_2159": [11, 2], "car_2158": [8, 0], "car_2591": [4, 1], "car_2590": [1, 2], "car_2593": [2, 0], "car_2592": [10, 0], "car_2595": [8, 7], "car_2594": [3, 6], "car_2597": [3, 7], "car_2596": [2, 4], "car_3313": [4, 0], "car_2677": [6, 0], "car_2608": [1, 4], "car_408": [8, 2], "car_409": [4, 6], "car_2203": [4, 6], "car_2202": [1, 2], "car_2205": [11, 2], "car_2204": [9, 1], "car_2207": [4, 2], "car_2206": [1, 2], "car_400": [0, 2], "car_401": [8, 1], "car_402": [11, 2], "car_403": [1, 2], "car_404": [4, 2], "car_405": [10, 4], "car_406": [6, 7], "car_407": [0, 7], "car_1769": [5, 4], "car_3080": [5, 0], "car_3081": [6, 0], "car_3082": [7, 4], "car_3083": [5, 4], "car_3084": [9, 3], "car_3085": [11, 2], "car_3086": [1, 2], "car_3087": [10, 7], "car_3088": [5, 0], "car_3089": [9, 5], "car_2973": [6, 0], "car_534": [9, 2], "car_535": [11, 2], "car_536": [1, 5], "car_537": [4, 0], "car_530": [1, 0], "car_531": [7, 0], "car_532": [2, 4], "car_533": [5, 4], "car_3246": [2, 3], "car_3247": [5, 2], "car_3244": [5, 4], "car_3245": [4, 2], "car_538": [7, 1], "car_539": [10, 5], "car_3240": [10, 5], "car_3241": [8, 2], "car_2972": [2, 1], "car_3317": [9, 7], "car_2310": [9, 2], "car_659": [0, 1], "car_658": [9, 0], "car_651": [11, 2], "car_650": [9, 6], "car_653": [2, 6], "car_652": [4, 3], "car_655": [0, 7], "car_654": [9, 0], "car_657": [7, 3], "car_656": [3, 1], "car_2970": [4, 0], "car_2907": [2, 7], "car_2977": [6, 0], "car_2909": [0, 1], "car_2976": [5, 1], "car_2434": [2, 6], "car_1929": [5, 6], "car_2195": [2, 1], "car_2194": [10, 7], "car_1764": [6, 0], "car_2197": [9, 0], "car_2196": [5, 1], "car_2191": [5, 4], "car_1928": [1, 3], "car_2190": [2, 6], "car_2193": [3, 2], "car_1909": [3, 1], "car_1908": [0, 1], "car_1907": [9, 2], "car_1763": [5, 2], "car_1905": [5, 7], "car_1904": [10, 0], "car_1903": [7, 6], "car_1902": [4, 0], "car_1901": [11, 7], "car_1900": [8, 2], "car_1349": [0, 6], "car_1348": [5, 1], "car_1762": [10, 7], "car_1341": [5, 1], "car_1340": [2, 1], "car_1343": [9, 1], "car_1342": [6, 5], "car_1345": [8, 7], "car_1344": [0, 3], "car_1347": [1, 5], "car_1346": [11, 4], "car_3234": [6, 3], "car_3219": [4, 2], "car_2753": [10, 1], "car_3231": [1, 4], "car_2752": [1, 7], "car_3230": [11, 3], "car_2698": [9, 7], "car_1833": [10, 4], "car_1832": [7, 0], "car_349": [1, 4], "car_348": [0, 1], "car_1837": [8, 7], "car_1836": [3, 7], "car_1835": [9, 0], "car_1834": [6, 2], "car_343": [11, 1], "car_342": [8, 2], "car_341": [3, 0], "car_340": [0, 7], "car_347": [9, 4], "car_346": [2, 3], "car_345": [10, 5], "car_344": [4, 6], "car_2325": [1, 5], "car_1129": [7, 6], "car_1128": [1, 5], "car_2979": [4, 7], "car_1125": [3, 7], "car_1124": [5, 0], "car_1127": [11, 2], "car_1126": [8, 2], "car_1121": [9, 0], "car_1120": [2, 4], "car_1123": [2, 1], "car_1122": [11, 7], "car_1402": [7, 4], "car_2320": [7, 6], "car_1403": [2, 7], "car_2321": [6, 1], "car_1400": [11, 4], "car_1401": [4, 6], "car_2978": [3, 7], "car_1406": [3, 4], "car_1407": [8, 5], "car_2902": [1, 7], "car_2903": [4, 2], "car_2900": [0, 2], "car_2901": [3, 1], "car_2906": [8, 4], "car_1404": [6, 0], "car_2904": [5, 2], "car_2905": [3, 6], "car_2908": [6, 0], "car_1405": [9, 6], "car_3505": [11, 4], "car_3504": [8, 0], "car_3507": [7, 1], "car_3506": [1, 2], "car_2058": [5, 2], "car_2059": [6, 7], "car_3503": [3, 7], "car_3502": [9, 3], "car_2054": [0, 2], "car_2055": [3, 6], "car_2056": [8, 5], "car_2057": [7, 2], "car_2050": [2, 4], "car_2051": [5, 7], "car_2052": [6, 0], "car_2053": [9, 6], "car_1011": [9, 3], "car_1010": [6, 1], "car_1013": [10, 1], "car_1012": [7, 1], "car_1015": [6, 7], "car_1014": [2, 5], "car_1017": [11, 4], "car_1016": [3, 1], "car_1019": [4, 1], "car_1018": [1, 3], "car_2690": [5, 6], "car_2691": [3, 5], "car_2696": [5, 7], "car_2697": [6, 7], "car_2694": [1, 5], "car_2695": [7, 5], "car_2790": [8, 0], "car_25": [3, 2], "car_24": [0, 3], "car_27": [4, 3], "car_26": [8, 1], "car_21": [4, 6], "car_20": [1, 7], "car_23": [9, 4], "car_22": [7, 1], "car_3471": [1, 0], "car_3470": [11, 1], "car_3473": [2, 5], "car_3472": [10, 7], "car_29": [7, 4], "car_28": [0, 1], "car_3477": [11, 3], "car_3476": [0, 1], "car_2478": [0, 7], "car_2479": [3, 0], "car_2476": [10, 5], "car_2477": [6, 7], "car_2474": [4, 1], "car_2475": [7, 6], "car_2472": [6, 1], "car_2473": [0, 4], "car_2470": [7, 1], "car_2471": [10, 2], "car_1657": [10, 6], "car_1656": [7, 3], "car_1655": [4, 0], "car_1654": [1, 6], "car_1653": [0, 6], "car_1652": [6, 3], "car_1651": [5, 2], "car_1650": [2, 6], "car_1659": [8, 0], "car_1658": [6, 0], "car_2878": [8, 0], "car_2879": [1, 4], "car_2872": [1, 3], "car_2873": [7, 3], "car_2870": [9, 3], "car_2871": [8, 1], "car_2876": [9, 6], "car_2877": [0, 3], "car_2874": [2, 3], "car_2875": [5, 3], "car_2688": [11, 3], "car_1969": [5, 7], "car_2315": [7, 5], "car_1843": [10, 0], "car_3211": [11, 0], "car_435": [6, 3], "car_434": [2, 0], "car_437": [3, 5], "car_436": [0, 7], "car_431": [3, 7], "car_430": [0, 5], "car_433": [10, 6], "car_432": [1, 5], "car_1846": [1, 4], "car_439": [10, 4], "car_438": [7, 3], "car_1847": [7, 0], "car_2274": [3, 7], "car_2275": [8, 0], "car_2276": [11, 0], "car_2277": [7, 0], "car_2270": [4, 5], "car_2271": [7, 3], "car_2272": [6, 4], "car_2273": [0, 1], "car_1845": [11, 7], "car_2278": [10, 5], "car_2279": [5, 4], "car_1848": [5, 6], "car_2289": [10, 6], "car_1968": [10, 6], "car_1849": [6, 2], "car_2288": [7, 0], "car_1965": [11, 0], "car_3370": [10, 2], "car_1964": [8, 7], "car_3093": [7, 1], "car_3092": [8, 0], "car_3091": [3, 6], "car_3090": [0, 2], "car_3097": [6, 7], "car_3096": [5, 4], "car_3095": [2, 1], "car_3094": [10, 4], "car_3420": [11, 2], "car_3376": [4, 5], "car_3099": [3, 7], "car_3098": [9, 4], "car_3311": [3, 5], "car_501": [8, 3], "car_500": [3, 4], "car_503": [4, 7], "car_502": [1, 2], "car_505": [10, 6], "car_504": [7, 0], "car_507": [9, 1], "car_506": [5, 0], "car_509": [11, 4], "car_508": [8, 2], "car_2302": [3, 7], "car_2303": [7, 1], "car_2304": [5, 0], "car_2305": [6, 2], "car_2306": [3, 5], "car_2307": [4, 1], "car_2281": [3, 0], "car_1745": [10, 6], "car_2280": [0, 6], "car_3378": [6, 0], "car_3379": [0, 3], "car_2960": [8, 0], "car_3475": [9, 7], "car_3474": [6, 1], "car_646": [3, 7], "car_647": [1, 4], "car_644": [6, 7], "car_645": [9, 6], "car_642": [2, 6], "car_643": [5, 7], "car_640": [1, 6], "car_641": [4, 1], "car_2314": [4, 1], "car_648": [10, 0], "car_649": [2, 7], "car_2961": [11, 7], "car_2576": [7, 4], "car_2526": [0, 4], "car_1830": [11, 1], "car_2673": [7, 2], "car_2962": [1, 2], "car_2570": [11, 0], "car_2681": [7, 3], "car_2999": [6, 5], "car_2420": [2, 5], "car_2963": [4, 0], "car_2680": [4, 3], "car_2854": [10, 5], "car_2964": [2, 0], "car_2683": [6, 5], "car_1932": [8, 5], "car_1933": [11, 7], "car_1930": [0, 6], "car_1931": [3, 5], "car_1936": [10, 5], "car_1937": [5, 4], "car_1934": [4, 0], "car_1935": [7, 3], "car_1938": [9, 5], "car_1939": [3, 7], "car_2682": [2, 6], "car_1717": [0, 5], "car_1338": [6, 7], "car_1339": [1, 6], "car_1334": [8, 0], "car_1335": [4, 3], "car_1336": [7, 4], "car_1337": [10, 7], "car_1330": [1, 6], "car_1331": [4, 0], "car_1332": [5, 0], "car_1333": [6, 3], "car_1711": [0, 4], "car_2998": [5, 0], "car_358": [7, 1], "car_359": [1, 7], "car_1804": [4, 3], "car_1805": [10, 7], "car_1802": [8, 1], "car_1803": [11, 0], "car_1800": [0, 7], "car_1801": [3, 4], "car_350": [7, 4], "car_351": [10, 6], "car_352": [6, 0], "car_353": [0, 5], "car_354": [3, 1], "car_355": [8, 3], "car_356": [11, 5], "car_357": [1, 3], "car_1482": [2, 3], "car_1483": [6, 5], "car_1480": [11, 6], "car_1481": [10, 4], "car_1486": [8, 4], "car_1487": [1, 4], "car_1484": [9, 2], "car_1485": [0, 5], "car_1488": [4, 0], "car_1489": [2, 3], "car_1240": [3, 1], "car_1241": [8, 1], "car_1242": [11, 0], "car_1243": [1, 4], "car_1244": [4, 2], "car_1245": [10, 7], "car_1246": [5, 3], "car_1247": [0, 6], "car_1248": [10, 6], "car_1249": [2, 3], "car_1747": [11, 3], "car_2374": [2, 1], "car_1879": [10, 4], "car_2917": [11, 6], "car_2916": [9, 6], "car_2911": [1, 5], "car_2910": [3, 1], "car_2913": [7, 3], "car_2912": [4, 7], "car_2919": [7, 4], "car_2918": [1, 7], "car_2049": [10, 1], "car_2048": [7, 6], "car_2047": [1, 5], "car_2046": [11, 3], "car_2045": [8, 4], "car_2044": [0, 3], "car_2043": [9, 5], "car_2042": [6, 3], "car_2041": [4, 5], "car_2040": [8, 2], "car_1064": [5, 4], "car_1065": [6, 2], "car_1066": [9, 7], "car_1067": [3, 5], "car_1060": [2, 7], "car_1061": [5, 7], "car_1062": [8, 6], "car_1063": [1, 3], "car_2685": [0, 4], "car_2684": [9, 0], "car_2687": [8, 0], "car_2686": [3, 5], "car_1068": [11, 7], "car_1069": [1, 4], "car_1798": [7, 3], "car_1799": [2, 1], "car_10": [5, 7], "car_11": [0, 5], "car_12": [3, 7], "car_13": [8, 5], "car_14": [1, 7], "car_15": [4, 7], "car_16": [7, 5], "car_17": [5, 3], "car_18": [6, 1], "car_19": [11, 3], "car_3406": [2, 7], "car_3407": [9, 7], "car_3400": [3, 1], "car_3401": [8, 0], "car_3402": [11, 6], "car_3403": [4, 7], "car_2461": [8, 0], "car_2460": [9, 4], "car_1668": [3, 0], "car_1669": [8, 7], "car_2465": [6, 3], "car_2464": [2, 0], "car_2467": [11, 0], "car_2466": [8, 1], "car_1662": [11, 2], "car_1663": [1, 7], "car_1660": [1, 0], "car_1661": [8, 7], "car_1666": [5, 6], "car_1667": [9, 7], "car_1664": [5, 7], "car_1665": [2, 6], "car_1468": [4, 3], "car_1469": [7, 2], "car_1460": [5, 0], "car_1461": [6, 1], "car_1462": [9, 6], "car_1463": [8, 0], "car_1464": [6, 4], "car_1465": [9, 4], "car_1466": [0, 4], "car_1467": [8, 5], "car_2699": [0, 7], "car_2869": [6, 4], "car_2868": [2, 5], "car_2865": [8, 2], "car_2864": [3, 6], "car_2867": [4, 3], "car_2866": [11, 0], "car_2861": [5, 6], "car_2860": [4, 2], "car_2863": [0, 3], "car_2862": [9, 2], "car_2648": [7, 1], "car_422": [4, 7], "car_423": [5, 1], "car_420": [8, 0], "car_421": [1, 2], "car_426": [0, 1], "car_427": [1, 6], "car_424": [6, 4], "car_425": [9, 7], "car_3318": [0, 7], "car_3319": [10, 6], "car_428": [7, 1], "car_429": [5, 2], "car_2377": [4, 1], "car_2267": [6, 7], "car_2266": [5, 6], "car_2265": [4, 2], "car_2264": [11, 2], "car_2263": [3, 6], "car_2262": [0, 1], "car_2261": [6, 4], "car_2260": [2, 1], "car_2371": [1, 7], "car_2269": [11, 7], "car_2268": [8, 4], "car_2373": [10, 6], "car_2372": [4, 0], "car_2008": [10, 4], "car_2370": [8, 4], "car_3486": [6, 7], "car_3487": [9, 2], "car_3224": [4, 6], "car_3225": [2, 6], "car_2319": [4, 6], "car_2318": [1, 7], "car_3220": [5, 2], "car_3221": [0, 2], "car_518": [6, 7], "car_519": [9, 0], "car_516": [10, 0], "car_517": [2, 3], "car_514": [11, 2], "car_515": [7, 0], "car_512": [5, 6], "car_513": [0, 1], "car_510": [4, 0], "car_511": [2, 4], "car_1870": [1, 4], "car_2692": [8, 1], "car_3488": [8, 2], "car_2444": [5, 0], "car_3469": [3, 7], "car_3489": [11, 3], "car_633": [8, 4], "car_632": [3, 6], "car_631": [0, 4], "car_630": [9, 7], "car_637": [9, 3], "car_636": [6, 5], "car_635": [2, 5], "car_634": [11, 3], "car_2675": [2, 4], "car_639": [8, 1], "car_638": [0, 4], "car_3138": [7, 2], "car_3139": [5, 0], "car_2693": [11, 2], "car_3130": [11, 7], "car_3131": [7, 5], "car_3132": [10, 0], "car_3133": [2, 3], "car_3134": [9, 1], "car_3135": [0, 6], "car_3136": [3, 0], "car_3137": [1, 7], "car_189": [4, 5], "car_188": [1, 4], "car_185": [4, 7], "car_184": [1, 6], "car_187": [8, 1], "car_186": [6, 3], "car_181": [0, 6], "car_180": [9, 0], "car_183": [11, 0], "car_182": [3, 0], "car_749": [5, 0], "car_748": [7, 3], "car_747": [1, 7], "car_746": [8, 7], "car_745": [9, 2], "car_744": [1, 7], "car_743": [3, 4], "car_742": [6, 0], "car_741": [4, 3], "car_740": [1, 7], "car_2131": [0, 4], "car_3316": [6, 1], "car_2618": [3, 7], "car_299": [10, 4], "car_298": [7, 6], "car_1927": [11, 3], "car_1926": [8, 2], "car_1921": [3, 4], "car_1920": [9, 1], "car_1923": [6, 7], "car_1922": [7, 3], "car_291": [1, 7], "car_290": [3, 6], "car_293": [2, 1], "car_292": [10, 6], "car_295": [6, 0], "car_294": [5, 6], "car_297": [0, 2], "car_296": [9, 5], "car_1329": [8, 2], "car_1328": [3, 4], "car_1327": [0, 2], "car_1326": [9, 0], "car_1325": [6, 5], "car_1324": [2, 3], "car_1323": [10, 3], "car_1322": [1, 6], "car_1321": [3, 1], "car_1320": [0, 4], "car_365": [10, 7], "car_364": [4, 7], "car_367": [9, 0], "car_366": [6, 3], "car_361": [5, 1], "car_360": [10, 4], "car_363": [11, 5], "car_362": [9, 6], "car_1811": [7, 5], "car_1810": [4, 0], "car_1813": [1, 5], "car_1812": [11, 3], "car_369": [11, 2], "car_368": [8, 2], "car_1817": [5, 2], "car_1816": [2, 3], "car_167": [6, 2], "car_166": [5, 0], "car_165": [4, 5], "car_164": [11, 6], "car_163": [8, 1], "car_162": [0, 4], "car_161": [9, 7], "car_160": [6, 3], "car_169": [8, 1], "car_168": [9, 6], "car_1495": [7, 0], "car_1494": [1, 7], "car_1497": [6, 5], "car_1496": [5, 0], "car_1491": [9, 3], "car_1490": [5, 6], "car_1493": [11, 7], "car_1492": [3, 1], "car_1499": [0, 3], "car_1498": [9, 3], "car_1253": [1, 5], "car_1252": [11, 3], "car_1251": [0, 2], "car_1250": [9, 3], "car_1257": [11, 5], "car_1256": [9, 1], "car_1255": [2, 5], "car_1254": [7, 6], "car_2850": [11, 2], "car_1259": [10, 6], "car_1258": [1, 3], "car_2851": [1, 7], "car_1868": [8, 0], "car_2852": [4, 0], "car_2853": [7, 6], "car_3248": [9, 7], "car_1789": [10, 6], "car_1788": [4, 6], "car_2070": [9, 6], "car_2071": [0, 4], "car_2076": [2, 3], "car_2077": [0, 4], "car_2074": [7, 6], "car_2075": [10, 3], "car_1781": [8, 5], "car_1780": [3, 2], "car_1783": [7, 0], "car_1782": [11, 4], "car_1785": [0, 5], "car_1784": [10, 5], "car_1787": [1, 6], "car_1786": [8, 5], "car_1077": [7, 1], "car_1076": [4, 1], "car_1075": [1, 0], "car_1074": [8, 4], "car_1073": [5, 6], "car_1072": [2, 1], "car_1071": [10, 6], "car_1070": [7, 1], "car_2678": [9, 5], "car_2679": [8, 2], "car_3520": [4, 1], "car_1079": [2, 6], "car_1078": [10, 3], "car_3257": [6, 7], "car_2139": [1, 0], "car_3256": [2, 3], "car_2034": [0, 4], "car_2300": [9, 5], "car_2035": [8, 2], "car_2301": [0, 7], "car_2032": [10, 5], "car_2033": [5, 3], "car_2996": [7, 6], "car_3419": [8, 2], "car_2138": [8, 7], "car_3417": [9, 0], "car_3416": [5, 0], "car_3415": [2, 5], "car_3414": [7, 2], "car_3413": [4, 6], "car_3412": [1, 0], "car_3411": [11, 1], "car_3410": [8, 4], "car_985": [6, 1], "car_984": [2, 0], "car_987": [3, 7], "car_986": [9, 0], "car_981": [8, 2], "car_980": [3, 6], "car_983": [10, 2], "car_982": [7, 2], "car_1675": [8, 0], "car_1674": [5, 1], "car_1677": [10, 1], "car_1676": [11, 0], "car_989": [4, 5], "car_988": [1, 3], "car_1673": [2, 4], "car_1672": [10, 1], "car_2784": [7, 3], "car_2785": [10, 4], "car_1479": [3, 5], "car_1478": [0, 6], "car_2780": [6, 1], "car_2781": [0, 7], "car_2782": [3, 6], "car_2783": [4, 1], "car_1473": [3, 2], "car_1472": [6, 2], "car_1471": [2, 5], "car_1470": [10, 4], "car_1477": [9, 3], "car_1476": [5, 3], "car_1475": [4, 7], "car_1474": [1, 0], "car_2890": [7, 2], "car_2891": [2, 7], "car_2892": [5, 4], "car_2893": [9, 5], "car_2894": [8, 1], "car_1743": [1, 0], "car_2896": [7, 2], "car_2897": [10, 4], "car_2898": [6, 4], "car_2899": [9, 7], "car_1742": [11, 0], "car_2990": [1, 6], "car_2528": [1, 7], "car_2529": [4, 3], "car_2258": [4, 0], "car_2259": [7, 0], "car_3307": [2, 5], "car_2689": [2, 3], "car_3305": [1, 4], "car_3304": [11, 4], "car_2252": [1, 2], "car_2253": [2, 4], "car_2250": [5, 4], "car_2251": [3, 1], "car_2256": [8, 1], "car_2257": [11, 0], "car_2254": [0, 5], "car_2255": [3, 4], "car_2098": [8, 0], "car_2099": [4, 6], "car_2090": [0, 6], "car_2091": [3, 5], "car_2092": [1, 2], "car_2093": [7, 2], "car_2094": [0, 6], "car_2095": [5, 4], "car_2096": [6, 7], "car_2097": [9, 4], "car_2992": [5, 7], "car_3237": [8, 1], "car_3236": [3, 1], "car_569": [8, 5], "car_568": [3, 1], "car_3233": [5, 0], "car_3232": [4, 2], "car_2328": [2, 6], "car_2329": [5, 0], "car_563": [9, 4], "car_562": [6, 2], "car_561": [11, 1], "car_560": [3, 7], "car_567": [6, 7], "car_566": [2, 4], "car_565": [8, 3], "car_564": [3, 0], "car_2331": [9, 0], "car_620": [0, 6], "car_621": [11, 0], "car_622": [1, 3], "car_623": [10, 2], "car_624": [2, 5], "car_625": [6, 2], "car_626": [8, 6], "car_627": [11, 3], "car_628": [1, 4], "car_629": [10, 3], "car_1869": [11, 5], "car_3129": [8, 7], "car_3128": [3, 4], "car_3123": [7, 6], "car_3122": [4, 5], "car_3121": [9, 2], "car_3120": [6, 5], "car_3127": [0, 6], "car_3126": [9, 0], "car_3125": [6, 0], "car_3124": [10, 1], "car_1866": [10, 2], "car_1867": [2, 4], "car_3388": [1, 5], "car_198": [10, 7], "car_199": [5, 3], "car_2831": [6, 0], "car_192": [0, 5], "car_193": [3, 0], "car_190": [10, 4], "car_191": [6, 4], "car_196": [1, 2], "car_197": [4, 3], "car_194": [8, 2], "car_195": [11, 3], "car_758": [8, 0], "car_759": [7, 4], "car_754": [10, 1], "car_755": [2, 4], "car_756": [9, 3], "car_757": [3, 7], "car_750": [6, 0], "car_751": [3, 2], "car_752": [8, 7], "car_753": [4, 1], "car_1940": [8, 7], "car_3355": [9, 1], "car_2991": [4, 7], "car_3299": [3, 7], "car_3298": [9, 7], "car_286": [11, 6], "car_287": [4, 3], "car_284": [9, 0], "car_285": [8, 0], "car_282": [7, 4], "car_283": [2, 6], "car_280": [10, 1], "car_281": [6, 3], "car_3353": [10, 0], "car_1949": [1, 4], "car_288": [6, 1], "car_289": [9, 2], "car_3453": [10, 3], "car_1948": [0, 1], "car_2791": [7, 4], "car_3452": [7, 0], "car_3451": [4, 6], "car_3450": [11, 3], "car_1312": [10, 5], "car_1313": [5, 3], "car_1310": [4, 7], "car_1311": [7, 1], "car_1316": [1, 6], "car_1317": [4, 1], "car_1314": [8, 0], "car_1315": [11, 5], "car_1318": [10, 7], "car_1319": [9, 4], "car_2450": [5, 6], "car_2451": [6, 4], "car_2452": [0, 6], "car_372": [2, 4], "car_373": [5, 0], "car_370": [4, 1], "car_371": [7, 1], "car_376": [0, 6], "car_377": [3, 4], "car_374": [6, 2], "car_375": [9, 0], "car_1864": [4, 6], "car_1865": [7, 5], "car_378": [8, 7], "car_379": [7, 3], "car_1860": [7, 2], "car_1861": [10, 1], "car_1862": [9, 2], "car_1863": [1, 6], "car_174": [6, 0], "car_175": [0, 1], "car_176": [7, 5], "car_177": [10, 1], "car_170": [4, 0], "car_171": [7, 5], "car_172": [10, 2], "car_173": [5, 0], "car_2457": [11, 1], "car_178": [5, 3], "car_179": [6, 2], "car_2338": [9, 6], "car_1266": [10, 7], "car_1267": [2, 6], "car_1264": [8, 2], "car_1265": [4, 0], "car_1262": [9, 4], "car_1263": [3, 6], "car_1260": [2, 6], "car_1261": [6, 0], "car_2949": [2, 6], "car_1268": [6, 3], "car_1269": [9, 5], "car_3371": [5, 6], "car_2406": [7, 4], "car_2065": [11, 0], "car_2064": [0, 4], "car_1048": [10, 6], "car_1049": [5, 1], "car_2061": [11, 7], "car_2060": [0, 2], "car_2063": [6, 2], "car_2062": [10, 4], "car_1042": [5, 4], "car_1043": [6, 5], "car_1040": [1, 6], "car_1041": [4, 3], "car_1046": [3, 0], "car_1047": [7, 3], "car_1044": [9, 1], "car_1045": [0, 1], "car_2663": [9, 0], "car_2662": [6, 2], "car_2661": [5, 2], "car_2660": [7, 5], "car_2667": [4, 1], "car_2666": [11, 7], "car_2665": [3, 0], "car_2664": [0, 6], "car_2669": [0, 3], "car_2668": [5, 0], "car_3528": [4, 5], "car_2404": [11, 7], "car_3422": [10, 6], "car_3423": [0, 1], "car_78": [5, 2], "car_79": [8, 7], "car_3426": [7, 2], "car_3427": [6, 4], "car_3424": [11, 2], "car_3425": [4, 0], "car_72": [0, 5], "car_73": [0, 6], "car_70": [5, 0], "car_71": [9, 7], "car_76": [4, 0], "car_77": [7, 3], "car_74": [11, 1], "car_75": [1, 5], "car_992": [5, 6], "car_993": [0, 4], "car_990": [7, 6], "car_991": [10, 5], "car_996": [1, 0], "car_997": [4, 0], "car_994": [3, 6], "car_995": [8, 7], "car_1688": [8, 7], "car_1689": [11, 4], "car_998": [7, 0], "car_999": [10, 2], "car_2409": [9, 6], "car_2408": [2, 0], "car_2797": [1, 5], "car_2796": [11, 1], "car_2795": [3, 0], "car_2794": [9, 5], "car_2793": [6, 4], "car_2792": [10, 0], "car_1448": [0, 5], "car_1449": [3, 0], "car_1446": [11, 4], "car_1447": [2, 6], "car_1444": [6, 5], "car_1445": [3, 2], "car_1442": [10, 0], "car_1443": [5, 0], "car_1440": [11, 2], "car_1441": [7, 5], "car_2883": [2, 6], "car_2882": [10, 5], "car_2881": [7, 4], "car_2798": [10, 3], "car_2887": [11, 0], "car_2886": [8, 6], "car_2885": [3, 5], "car_2884": [9, 6], "car_2889": [4, 1], "car_2888": [1, 4], "car_2401": [6, 3], "car_2986": [10, 2], "car_3336": [2, 1], "car_3337": [5, 1], "car_2539": [9, 2], "car_2538": [6, 0], "car_2249": [10, 3], "car_2248": [4, 6], "car_3330": [6, 3], "car_3331": [3, 1], "car_2245": [2, 7], "car_2244": [7, 5], "car_2247": [9, 6], "car_2246": [6, 1], "car_2241": [8, 3], "car_2240": [3, 4], "car_2243": [4, 3], "car_2242": [1, 3], "car_2089": [6, 5], "car_2088": [5, 3], "car_2083": [2, 1], "car_2082": [4, 3], "car_2081": [1, 2], "car_2080": [11, 2], "car_2087": [7, 6], "car_2086": [4, 5], "car_2085": [11, 0], "car_2084": [9, 4], "car_3180": [6, 0], "car_3183": [2, 3], "car_3239": [4, 1], "car_2984": [4, 7], "car_3208": [6, 3], "car_3209": [0, 5], "car_3202": [0, 6], "car_3203": [8, 1], "car_3200": [6, 7], "car_3186": [9, 3], "car_3206": [7, 0], "car_3207": [5, 1], "car_3204": [11, 2], "car_3205": [1, 7], "car_578": [4, 1], "car_579": [10, 7], "car_2333": [4, 0], "car_2332": [8, 2], "car_2335": [10, 7], "car_2334": [7, 5], "car_2337": [5, 0], "car_553": [6, 7], "car_570": [11, 5], "car_571": [1, 2], "car_572": [4, 7], "car_573": [10, 5], "car_574": [2, 1], "car_806": [7, 5], "car_576": [9, 1], "car_577": [1, 3], "car_807": [2, 0], "car_800": [0, 2], "car_801": [3, 1], "car_802": [1, 7], "car_2192": [6, 0], "car_803": [7, 6], "car_2067": [4, 7], "car_2066": [1, 0], "car_619": [9, 7], "car_618": [10, 2], "car_3377": [10, 7], "car_615": [1, 4], "car_614": [8, 0], "car_617": [7, 3], "car_616": [4, 1], "car_611": [5, 3], "car_610": [2, 7], "car_613": [3, 6], "car_612": [0, 2], "car_2151": [2, 3], "car_3118": [10, 5], "car_3119": [5, 1], "car_3116": [4, 6], "car_3117": [7, 2], "car_3114": [8, 5], "car_3115": [1, 4], "car_3112": [6, 4], "car_3113": [0, 1], "car_3110": [1, 0], "car_3111": [4, 1], "car_2704": [5, 7], "car_2705": [6, 5], "car_2706": [9, 6], "car_2150": [7, 0], "car_2707": [3, 5], "car_2069": [6, 4], "car_2068": [5, 6], "car_2702": [1, 3], "car_2703": [10, 2], "car_769": [0, 4], "car_768": [6, 2], "car_2567": [0, 4], "car_761": [9, 1], "car_760": [6, 4], "car_763": [3, 7], "car_762": [0, 1], "car_765": [11, 7], "car_764": [8, 7], "car_767": [7, 6], "car_766": [4, 7], "car_2216": [3, 7], "car_2217": [1, 5], "car_2330": [6, 4], "car_2214": [5, 2], "car_2215": [9, 5], "car_2212": [3, 6], "car_2213": [1, 2], "car_2210": [9, 3], "car_2211": [0, 7], "car_575": [5, 6], "car_3374": [3, 1], "car_1305": [2, 1], "car_1304": [10, 1], "car_1307": [3, 4], "car_1306": [9, 2], "car_1301": [3, 5], "car_1300": [10, 5], "car_1303": [1, 6], "car_1302": [11, 0], "car_1309": [1, 5], "car_1308": [8, 4], "car_389": [10, 6], "car_388": [7, 6], "car_387": [4, 7], "car_386": [1, 0], "car_385": [8, 2], "car_384": [0, 4], "car_383": [9, 1], "car_382": [6, 1], "car_381": [5, 2], "car_380": [2, 6], "car_141": [8, 0], "car_140": [3, 1], "car_143": [4, 1], "car_142": [11, 5], "car_145": [2, 0], "car_144": [10, 1], "car_147": [0, 3], "car_146": [9, 3], "car_149": [11, 2], "car_148": [8, 5], "car_2407": [10, 5], "car_1279": [0, 7], "car_1278": [9, 4], "car_1271": [11, 5], "car_1270": [8, 7], "car_1273": [7, 5], "car_1272": [1, 4], "car_1275": [2, 4], "car_1274": [10, 3], "car_1277": [6, 7], "car_1276": [5, 2], "car_2326": [4, 7], "car_2847": [0, 2], "car_2327": [7, 2], "car_3491": [6, 5], "car_1059": [7, 1], "car_1058": [1, 5], "car_1055": [6, 1], "car_1054": [5, 0], "car_1057": [11, 5], "car_1056": [3, 1], "car_1051": [11, 1], "car_1050": [6, 4], "car_1053": [7, 0], "car_1052": [4, 6], "car_2656": [6, 0], "car_2657": [0, 4], "car_2654": [7, 4], "car_2655": [2, 4], "car_2652": [0, 2], "car_2653": [8, 7], "car_2650": [6, 5], "car_2651": [9, 2], "car_2415": [2, 5], "car_2658": [3, 7], "car_2659": [8, 2], "car_3490": [7, 1], "car_2416": [5, 3], "car_69": [2, 0], "car_68": [10, 0], "car_2438": [3, 5], "car_2439": [1, 0], "car_3431": [5, 1], "car_3430": [2, 7], "car_3433": [9, 7], "car_3432": [6, 5], "car_61": [3, 7], "car_60": [0, 5], "car_63": [4, 6], "car_62": [1, 4], "car_65": [8, 1], "car_64": [10, 6], "car_67": [4, 0], "car_66": [1, 2], "car_1693": [6, 0], "car_1692": [5, 1], "car_1691": [2, 1], "car_1690": [1, 2], "car_1697": [2, 0], "car_1696": [11, 7], "car_969": [6, 3], "car_968": [5, 3], "car_967": [2, 7], "car_966": [10, 6], "car_965": [7, 6], "car_964": [4, 1], "car_963": [11, 3], "car_962": [0, 1], "car_961": [9, 5], "car_960": [2, 6], "car_1451": [11, 2], "car_1450": [8, 6], "car_1453": [10, 6], "car_1452": [1, 3], "car_1455": [0, 1], "car_1454": [9, 2], "car_1457": [1, 4], "car_1456": [3, 2], "car_1459": [2, 7], "car_1458": [10, 1], "car_3541": [0, 6], "car_2410": [0, 4], "car_2837": [11, 1], "car_3428": [3, 7], "car_3329": [1, 2], "car_3328": [3, 0], "car_3429": [8, 7], "car_3175": [9, 1], "car_3321": [6, 4], "car_3320": [5, 2], "car_3323": [8, 2], "car_3322": [3, 6], "car_3325": [4, 5], "car_3279": [5, 2], "car_3327": [10, 4], "car_3326": [7, 0], "car_3278": [4, 2], "car_2411": [8, 6], "car_2508": [1, 5], "car_2509": [7, 2], "car_2506": [9, 5], "car_2507": [3, 7], "car_2504": [7, 0], "car_2505": [10, 0], "car_2502": [11, 6], "car_2503": [4, 5], "car_2500": [0, 5], "car_2501": [8, 7], "car_2737": [8, 2], "car_1680": [6, 4], "car_1681": [0, 1], "car_3173": [7, 2], "car_1682": [3, 5], "car_1683": [1, 2], "car_3272": [2, 6], "car_1684": [7, 6], "car_2736": [3, 7], "car_1685": [2, 0], "car_1891": [11, 3], "car_3270": [7, 1], "car_1686": [5, 6], "car_1890": [0, 6], "car_1687": [3, 0], "car_1893": [2, 7], "car_545": [2, 6], "car_544": [4, 1], "car_547": [9, 0], "car_546": [6, 4], "car_541": [0, 7], "car_540": [5, 6], "car_543": [1, 7], "car_542": [11, 6], "car_3215": [9, 7], "car_1895": [8, 0], "car_3217": [8, 4], "car_3216": [3, 1], "car_549": [8, 0], "car_548": [0, 7], "car_819": [10, 0], "car_818": [4, 6], "car_2344": [9, 0], "car_2345": [3, 0], "car_2346": [4, 7], "car_2347": [7, 1], "car_2340": [8, 7], "car_1897": [7, 4], "car_2342": [8, 3], "car_2343": [10, 1], "car_2405": [4, 6], "car_1896": [4, 7], "car_2348": [10, 0], "car_2349": [2, 0], "car_33": [3, 4], "car_1767": [1, 0], "car_1766": [11, 1], "car_1765": [8, 0], "car_3498": [8, 6], "car_608": [3, 0], "car_609": [8, 4], "car_2941": [4, 3], "car_602": [4, 7], "car_603": [10, 7], "car_600": [8, 5], "car_601": [11, 6], "car_606": [9, 6], "car_607": [0, 2], "car_604": [2, 4], "car_605": [5, 2], "car_3101": [1, 3], "car_3100": [11, 6], "car_3103": [2, 3], "car_3102": [10, 3], "car_3105": [9, 2], "car_1761": [4, 3], "car_3107": [8, 1], "car_3106": [0, 6], "car_3109": [7, 5], "car_3108": [11, 5], "car_1760": [0, 7], "car_2799": [2, 1], "car_776": [6, 7], "car_777": [0, 1], "car_774": [2, 4], "car_775": [5, 3], "car_772": [7, 0], "car_773": [10, 0], "car_770": [3, 7], "car_771": [4, 0], "car_1768": [2, 6], "car_778": [8, 0], "car_779": [1, 5], "car_2418": [11, 7], "car_2880": [4, 7], "car_1750": [6, 7], "car_2419": [10, 7], "car_3293": [4, 2], "car_3292": [3, 6], "car_3251": [11, 6], "car_1994": [1, 4], "car_1995": [10, 7], "car_1996": [2, 4], "car_1997": [5, 1], "car_1990": [2, 6], "car_1991": [9, 5], "car_1992": [0, 3], "car_1993": [11, 4], "car_1998": [6, 0], "car_1999": [9, 2], "car_2846": [6, 0], "car_3250": [8, 2], "car_1842": [7, 0], "car_1806": [5, 0], "car_1840": [6, 2], "car_1841": [1, 0], "car_398": [2, 7], "car_399": [5, 6], "car_1844": [3, 1], "car_1807": [9, 3], "car_394": [3, 1], "car_395": [8, 6], "car_396": [11, 0], "car_397": [10, 0], "car_390": [2, 3], "car_391": [5, 3], "car_392": [6, 1], "car_393": [9, 0], "car_158": [4, 6], "car_159": [7, 3], "car_156": [11, 6], "car_157": [1, 5], "car_154": [3, 2], "car_155": [8, 2], "car_152": [5, 2], "car_153": [6, 3], "car_150": [10, 0], "car_151": [2, 1], "car_1208": [7, 1], "car_1209": [10, 2], "car_1204": [5, 0], "car_1205": [6, 4], "car_1206": [3, 0], "car_1207": [8, 5], "car_1200": [4, 3], "car_1201": [7, 6], "car_1202": [10, 2], "car_1203": [2, 0], "car_2601": [11, 6], "car_2403": [8, 1], "car_3252": [2, 4], "car_3334": [7, 6], "car_3335": [10, 6], "car_1808": [0, 7], "car_3255": [7, 4], "car_3332": [11, 3], "car_1809": [1, 2], "car_3333": [4, 6], "car_2649": [10, 4], "car_2612": [9, 2], "car_2613": [8, 6], "car_2641": [4, 0], "car_2640": [3, 2], "car_2643": [10, 6], "car_2642": [7, 2], "car_2645": [5, 7], "car_2644": [2, 6], "car_2647": [0, 1], "car_2646": [6, 7], "car_1510": [11, 3], "car_1511": [1, 3], "car_1512": [7, 0], "car_1513": [5, 3], "car_1514": [6, 5], "car_1515": [9, 1], "car_1516": [0, 6], "car_1517": [8, 6], "car_1518": [11, 0], "car_1519": [10, 7], "car_2531": [5, 7], "car_2965": [6, 2], "car_2530": [10, 7], "car_2966": [0, 5], "car_3366": [7, 4], "car_2537": [10, 5], "car_2967": [3, 2], "car_2536": [7, 1], "car_2968": [8, 4], "car_2855": [5, 0], "car_1198": [0, 1], "car_1199": [1, 3], "car_2969": [11, 3], "car_1194": [11, 3], "car_1195": [1, 0], "car_1196": [4, 0], "car_1197": [6, 5], "car_1190": [5, 3], "car_1191": [9, 3], "car_1192": [3, 6], "car_1193": [8, 2], "car_2619": [8, 3], "car_2429": [10, 0], "car_2428": [7, 0], "car_2425": [7, 4], "car_2424": [4, 7], "car_2427": [5, 0], "car_2426": [2, 6], "car_2421": [5, 7], "car_2126": [4, 1], "car_2423": [11, 4], "car_2422": [8, 1], "car_2856": [9, 6], "car_2127": [10, 0], "car_978": [6, 2], "car_979": [0, 2], "car_974": [7, 5], "car_975": [10, 1], "car_976": [2, 1], "car_977": [5, 6], "car_970": [9, 0], "car_971": [3, 2], "car_972": [11, 1], "car_973": [4, 5], "car_1424": [9, 1], "car_1425": [0, 7], "car_1426": [8, 1], "car_1427": [1, 0], "car_1420": [8, 0], "car_1421": [4, 5], "car_1422": [10, 5], "car_1423": [5, 1], "car_2402": [0, 5], "car_1428": [7, 0], "car_1429": [6, 0], "car_2857": [0, 7], "car_3259": [0, 3], "car_3358": [8, 1], "car_3359": [1, 3], "car_3354": [2, 0], "car_2128": [2, 3], "car_3356": [0, 7], "car_3357": [3, 7], "car_3350": [0, 2], "car_3258": [9, 3], "car_3352": [1, 2], "car_2129": [5, 4], "car_2511": [6, 1], "car_2510": [2, 6], "car_2513": [1, 7], "car_2512": [0, 4], "car_2515": [7, 3], "car_2514": [4, 3], "car_2517": [6, 2], "car_2516": [2, 4], "car_2519": [8, 4], "car_2518": [3, 5], "car_1738": [10, 1], "car_1739": [5, 6], "car_1730": [10, 6], "car_1731": [5, 4], "car_1732": [9, 5], "car_1733": [8, 5], "car_1734": [7, 2], "car_1735": [9, 0], "car_1736": [8, 0], "car_1737": [11, 6], "car_54": [7, 1], "car_55": [5, 1], "car_56": [6, 1], "car_57": [3, 7], "car_50": [2, 4], "car_51": [5, 4], "car_52": [1, 2], "car_53": [4, 3], "car_58": [8, 5], "car_59": [6, 3], "car_2609": [4, 3], "car_552": [5, 1], "car_805": [6, 5], "car_550": [11, 2], "car_551": [4, 7], "car_556": [1, 0], "car_557": [2, 7], "car_554": [9, 4], "car_555": [8, 7], "car_558": [9, 4], "car_559": [0, 5], "car_808": [6, 3], "car_809": [3, 4], "car_2357": [3, 6], "car_2356": [6, 2], "car_2355": [7, 4], "car_2354": [4, 2], "car_2353": [1, 5], "car_2352": [11, 5], "car_2351": [3, 2], "car_2350": [6, 1], "car_2359": [4, 1], "car_2358": [1, 6], "car_1757": [1, 0], "car_2339": [3, 7], "car_2469": [4, 5], "car_3174": [6, 1], "car_2915": [5, 4], "car_3176": [11, 6], "car_3177": [4, 2], "car_3170": [8, 6], "car_3171": [1, 0], "car_3172": [4, 3], "car_2914": [2, 7], "car_3178": [2, 0], "car_3179": [5, 7], "car_3369": [7, 4], "car_2468": [1, 5], "car_3437": [4, 5], "car_703": [10, 5], "car_702": [3, 4], "car_701": [0, 2], "car_700": [9, 6], "car_707": [0, 4], "car_706": [9, 4], "car_705": [5, 3], "car_704": [2, 1], "car_709": [10, 2], "car_708": [4, 7], "car_3436": [8, 3], "car_3008": [1, 4], "car_3009": [0, 3], "car_3000": [9, 5], "car_3001": [0, 2], "car_3002": [3, 0], "car_3003": [8, 6], "car_3004": [11, 7], "car_3005": [1, 3], "car_3006": [4, 5], "car_3007": [9, 6], "car_2221": [2, 0], "car_2308": [10, 5], "car_2400": [5, 6], "car_2309": [5, 1], "car_3201": [9, 5], "car_1987": [11, 7], "car_1986": [8, 0], "car_1985": [9, 0], "car_1984": [6, 4], "car_1983": [5, 3], "car_1982": [2, 1], "car_1981": [10, 0], "car_1980": [1, 2], "car_1989": [10, 0], "car_1988": [7, 6], "car_2768": [2, 7], "car_1855": [0, 2], "car_1796": [1, 7], "car_1857": [11, 3], "car_1856": [3, 6], "car_1851": [11, 7], "car_1850": [8, 4], "car_1853": [6, 2], "car_1797": [4, 6], "car_2336": [2, 0], "car_1859": [4, 5], "car_1794": [7, 6], "car_2230": [10, 5], "car_129": [5, 7], "car_128": [2, 6], "car_2231": [5, 1], "car_123": [6, 7], "car_122": [5, 7], "car_121": [2, 3], "car_120": [7, 3], "car_127": [7, 6], "car_126": [1, 5], "car_125": [8, 0], "car_124": [9, 4], "car_1790": [0, 3], "car_1219": [0, 1], "car_1218": [9, 5], "car_1217": [2, 6], "car_1216": [10, 0], "car_1215": [7, 0], "car_1214": [1, 7], "car_1213": [3, 4], "car_1212": [0, 1], "car_1211": [6, 0], "car_1210": [2, 6], "car_1415": [4, 2], "car_1414": [11, 5], "car_1417": [2, 3], "car_1416": [7, 6], "car_1411": [2, 0], "car_1410": [7, 1], "car_237": [5, 1], "car_236": [2, 4], "car_235": [10, 1], "car_234": [7, 0], "car_233": [1, 5], "car_232": [3, 0], "car_231": [0, 3], "car_230": [9, 3], "car_3372": [6, 2], "car_1412": [6, 0], "car_239": [4, 1], "car_238": [9, 1], "car_2988": [6, 2], "car_2989": [11, 6], "car_2638": [9, 7], "car_2639": [0, 4], "car_2634": [1, 4], "car_2635": [10, 2], "car_2636": [2, 6], "car_2637": [5, 7], "car_2630": [11, 5], "car_2631": [4, 1], "car_2632": [2, 4], "car_2633": [11, 1], "car_1503": [9, 7], "car_1502": [5, 0], "car_1501": [1, 5], "car_1500": [11, 2], "car_1507": [9, 0], "car_1506": [6, 5], "car_1505": [10, 7], "car_1504": [1, 6], "car_3373": [9, 6], "car_1509": [8, 4], "car_1508": [3, 1], "car_3439": [2, 0], "car_1189": [2, 6], "car_1188": [10, 6], "car_1187": [7, 6], "car_1186": [1, 2], "car_1185": [11, 0], "car_1184": [8, 5], "car_1183": [3, 4], "car_1182": [6, 0], "car_1181": [2, 5], "car_1180": [10, 2], "car_2182": [1, 7], "car_2183": [10, 6], "car_2180": [3, 7], "car_2181": [11, 6], "car_2186": [9, 6], "car_2187": [0, 2], "car_2184": [5, 6], "car_2185": [6, 0], "car_3438": [10, 6], "car_2188": [3, 2], "car_2189": [7, 2], "car_949": [0, 5], "car_948": [10, 0], "car_2742": [10, 7], "car_2743": [2, 0], "car_2744": [3, 4], "car_2745": [11, 2], "car_2746": [1, 6], "car_2747": [7, 2], "car_941": [4, 6], "car_940": [11, 4], "car_943": [2, 5], "car_942": [7, 5], "car_945": [9, 3], "car_944": [6, 0], "car_947": [4, 0], "car_946": [0, 4], "car_1437": [6, 1], "car_1436": [5, 1], "car_1435": [2, 4], "car_1434": [10, 2], "car_1433": [7, 5], "car_1432": [11, 1], "car_1431": [0, 6], "car_1430": [9, 0], "car_1439": [3, 0], "car_1438": [0, 7], "car_3501": [10, 2], "car_2238": [2, 1], "car_2823": [1, 6], "car_493": [2, 6], "car_492": [10, 3], "car_491": [4, 5], "car_490": [3, 0], "car_497": [11, 2], "car_496": [8, 1], "car_495": [3, 7], "car_494": [9, 2], "car_3347": [10, 7], "car_3346": [4, 1], "car_499": [0, 5], "car_498": [7, 6], "car_3343": [6, 2], "car_3342": [7, 1], "car_3341": [11, 5], "car_3340": [0, 4], "car_2296": [7, 0], "car_2297": [10, 4], "car_2294": [1, 5], "car_2239": [9, 6], "car_2292": [8, 3], "car_2293": [11, 0], "car_2290": [5, 3], "car_2291": [3, 1], "car_1918": [2, 7], "car_2568": [3, 4], "car_2569": [8, 6], "car_2298": [5, 7], "car_1919": [5, 7], "car_1729": [4, 7], "car_1728": [1, 0], "car_1723": [6, 7], "car_1722": [2, 0], "car_1721": [7, 0], "car_1720": [0, 2], "car_1727": [11, 4], "car_1726": [3, 5], "car_1725": [0, 2], "car_1724": [9, 6], "car_43": [5, 4], "car_42": [2, 5], "car_41": [11, 1], "car_40": [8, 2], "car_47": [4, 5], "car_46": [11, 5], "car_45": [0, 2], "car_44": [6, 4], "car_49": [10, 6], "car_48": [7, 3], "car_1916": [1, 0], "car_3365": [11, 0], "car_1917": [7, 2], "car_3364": [3, 1], "car_3375": [8, 3], "car_3367": [10, 6], "car_1858": [1, 7], "car_831": [1, 7], "car_830": [11, 2], "car_833": [10, 7], "car_832": [7, 0], "car_835": [5, 3], "car_834": [2, 7], "car_837": [9, 6], "car_836": [6, 7], "car_839": [11, 4], "car_838": [0, 3], "car_2360": [2, 0], "car_2361": [5, 6], "car_2366": [6, 3], "car_2367": [9, 0], "car_2364": [8, 5], "car_2365": [1, 2], "car_2168": [10, 4], "car_2169": [2, 6], "car_3509": [6, 4], "car_2160": [1, 3], "car_2161": [2, 7], "car_2162": [5, 6], "car_2163": [6, 7], "car_2164": [9, 1], "car_2165": [0, 5], "car_2166": [8, 7], "car_2167": [11, 4], "car_2810": [11, 1], "car_2811": [1, 5], "car_2812": [4, 2], "car_2813": [7, 5], "car_1941": [11, 4], "car_2814": [2, 3], "car_3055": [11, 0], "car_2815": [5, 0], "car_2544": [7, 6], "car_3235": [0, 5], "car_2817": [9, 7], "car_3167": [6, 2], "car_3166": [10, 6], "car_3165": [1, 4], "car_3164": [9, 1], "car_3163": [2, 3], "car_3162": [7, 0], "car_3161": [0, 3], "car_3160": [6, 5], "car_2463": [4, 6], "car_3169": [0, 6], "car_3168": [9, 7], "car_2462": [11, 2], "car_3309": [9, 1], "car_710": [2, 4], "car_711": [6, 3], "car_712": [3, 7], "car_713": [8, 3], "car_714": [11, 1], "car_715": [4, 6], "car_716": [7, 5], "car_717": [10, 5], "car_718": [2, 4], "car_719": [3, 4], "car_1892": [7, 1], "car_3019": [7, 4], "car_3018": [4, 3], "car_3028": [3, 1], "car_3013": [5, 0], "car_3012": [7, 5], "car_3011": [4, 7], "car_3010": [8, 0], "car_3017": [1, 4], "car_3016": [11, 6], "car_3015": [8, 5], "car_2987": [2, 3], "car_3508": [2, 6], "car_3421": [7, 5], "car_1894": [6, 4], "car_2895": [1, 4], "car_3368": [5, 2], "car_138": [6, 5], "car_139": [0, 3], "car_130": [9, 7], "car_131": [8, 7], "car_132": [11, 2], "car_133": [7, 5], "car_134": [5, 4], "car_135": [6, 0], "car_136": [3, 4], "car_137": [4, 1], "car_1222": [1, 7], "car_1223": [10, 6], "car_1220": [8, 5], "car_1221": [11, 3], "car_1226": [5, 4], "car_1227": [6, 4], "car_1224": [0, 3], "car_1225": [2, 3], "car_1886": [1, 4], "car_1887": [7, 0], "car_1228": [9, 6], "car_1229": [0, 1], "car_1882": [9, 7], "car_1883": [0, 1], "car_1880": [2, 4], "car_1881": [5, 6], "car_2621": [10, 2], "car_224": [9, 4], "car_225": [0, 1], "car_226": [3, 2], "car_227": [2, 5], "car_220": [2, 3], "car_221": [5, 1], "car_222": [6, 1], "car_223": [11, 1], "car_228": [5, 6], "car_229": [6, 7], "car_1086": [4, 7], "car_1087": [7, 1], "car_1084": [3, 2], "car_1085": [1, 2], "car_1082": [1, 5], "car_1083": [5, 1], "car_1080": [6, 2], "car_1081": [0, 4], "car_2627": [5, 7], "car_2626": [11, 4], "car_2625": [3, 0], "car_2624": [0, 1], "car_2623": [9, 5], "car_2622": [6, 2], "car_1088": [5, 7], "car_1089": [1, 0], "car_1536": [7, 6], "car_1537": [10, 7], "car_1534": [8, 3], "car_1535": [11, 6], "car_1532": [6, 3], "car_1533": [9, 2], "car_1530": [11, 7], "car_1531": [2, 7], "car_1538": [2, 7], "car_1539": [5, 4], "car_3512": [11, 7], "car_956": [6, 2], "car_957": [0, 1], "car_954": [10, 3], "car_955": [2, 6], "car_952": [4, 5], "car_953": [7, 1], "car_950": [11, 1], "car_951": [1, 6], "car_1827": [11, 7], "car_2199": [3, 6], "car_2198": [0, 2], "car_958": [3, 6], "car_959": [1, 0], "car_1158": [4, 5], "car_1159": [2, 6], "car_1408": [11, 4], "car_1409": [4, 0], "car_2757": [8, 6], "car_2756": [0, 5], "car_2755": [5, 7], "car_1829": [5, 6], "car_1150": [11, 3], "car_1151": [1, 6], "car_1152": [7, 3], "car_1153": [10, 5], "car_1154": [5, 3], "car_1155": [6, 1], "car_1156": [0, 4], "car_1157": [1, 5], "car_2532": [11, 1], "car_2380": [1, 6], "car_3510": [9, 3], "car_2764": [0, 2], "car_2381": [5, 4], "car_2382": [6, 7], "car_2383": [9, 3], "car_1826": [6, 0], "car_3314": [10, 6], "car_3315": [5, 0], "car_480": [8, 3], "car_481": [11, 0], "car_482": [1, 6], "car_483": [4, 5], "car_484": [2, 5], "car_485": [6, 3], "car_486": [3, 0], "car_487": [8, 7], "car_488": [2, 0], "car_489": [5, 6], "car_2283": [1, 7], "car_2282": [8, 2], "car_2285": [0, 6], "car_2284": [9, 4], "car_2287": [11, 7], "car_2286": [3, 4], "car_2577": [2, 6], "car_853": [9, 7], "car_2575": [8, 6], "car_2574": [3, 7], "car_2573": [9, 2], "car_2572": [2, 5], "car_2571": [7, 3], "car_852": [7, 2], "car_851": [8, 4], "car_2579": [9, 7], "car_2578": [5, 7], "car_582": [11, 7], "car_1718": [3, 5], "car_1719": [1, 2], "car_1716": [5, 4], "car_857": [9, 2], "car_1714": [4, 3], "car_1715": [2, 6], "car_1712": [3, 0], "car_1713": [8, 7], "car_1710": [7, 0], "car_856": [6, 7], "car_2982": [3, 1], "car_1828": [10, 3], "car_855": [2, 3], "car_2983": [11, 3], "car_854": [11, 7], "car_2980": [7, 6], "car_2981": [5, 1], "car_2739": [1, 2], "car_2738": [11, 2], "car_3494": [10, 3], "car_2379": [8, 6], "car_2378": [3, 6], "car_828": [0, 5], "car_829": [3, 4], "car_826": [6, 5], "car_827": [9, 6], "car_824": [7, 2], "car_825": [5, 3], "car_822": [11, 2], "car_823": [4, 2], "car_820": [5, 7], "car_821": [6, 2], "car_3484": [11, 7], "car_3485": [2, 6], "car_2179": [0, 7], "car_2178": [9, 3], "car_3480": [7, 0], "car_3481": [10, 7], "car_3482": [2, 4], "car_3483": [8, 1], "car_2173": [1, 4], "car_2172": [8, 0], "car_2171": [0, 3], "car_2170": [9, 5], "car_2177": [5, 0], "car_2176": [2, 7], "car_2175": [7, 1], "car_2174": [4, 5], "car_3238": [1, 7], "car_2535": [1, 7], "car_3349": [6, 2], "car_3218": [11, 7], "car_3158": [7, 2], "car_3159": [5, 4], "car_2534": [10, 3], "car_3499": [11, 6], "car_3152": [10, 3], "car_3153": [2, 0], "car_3150": [11, 4], "car_3151": [7, 0], "car_3156": [0, 5], "car_3157": [1, 5], "car_3154": [6, 2], "car_3155": [9, 3], "car_3398": [1, 2], "car_3399": [10, 5], "car_3390": [5, 7], "car_3391": [9, 3], "car_3392": [4, 2], "car_3393": [9, 3], "car_3394": [0, 6], "car_3395": [3, 2], "car_3396": [8, 7], "car_3397": [11, 5], "car_3389": [4, 5], "car_729": [10, 4], "car_728": [4, 3], "car_725": [8, 7], "car_724": [6, 3], "car_727": [1, 0], "car_726": [11, 6], "car_721": [10, 4], "car_720": [8, 4], "car_723": [5, 4], "car_722": [2, 0], "car_2708": [1, 4], "car_3029": [1, 3], "car_3026": [9, 7], "car_3027": [0, 1], "car_3024": [2, 5], "car_3025": [5, 0], "car_3022": [3, 2], "car_3023": [10, 0], "car_3020": [5, 6], "car_3021": [9, 7], "car_3519": [1, 5], "car_2620": [4, 6], "car_3275": [9, 7], "car_1795": [3, 1], "car_3274": [6, 5], "car_1792": [1, 7], "car_3226": [6, 1], "car_1793": [4, 3], "car_2440": [4, 0], "car_105": [2, 5], "car_104": [7, 2], "car_107": [0, 2], "car_106": [6, 3], "car_101": [9, 5], "car_100": [6, 3], "car_103": [4, 3], "car_102": [8, 1], "car_1888": [2, 3], "car_109": [8, 0], "car_108": [3, 1], "car_1791": [11, 7], "car_1235": [4, 5], "car_1234": [11, 2], "car_1237": [5, 2], "car_1236": [2, 1], "car_1231": [11, 0], "car_1230": [3, 2], "car_1233": [10, 3], "car_1232": [1, 7], "car_1899": [9, 4], "car_1898": [5, 0], "car_1239": [0, 7], "car_1238": [9, 1], "car_3511": [3, 4], "car_3516": [0, 7], "car_3517": [3, 7], "car_3514": [5, 7], "car_3141": [9, 2], "car_3515": [6, 7], "car_211": [9, 5], "car_210": [2, 4], "car_213": [11, 4], "car_212": [0, 1], "car_215": [7, 5], "car_214": [1, 3], "car_217": [9, 1], "car_216": [5, 7], "car_219": [7, 1], "car_218": [3, 7], "car_3518": [8, 5], "car_2676": [5, 3], "car_1529": [3, 6], "car_1528": [0, 4], "car_2610": [5, 3], "car_2611": [6, 7], "car_2616": [2, 7], "car_2617": [0, 6], "car_2614": [1, 0], "car_2615": [10, 1], "car_1521": [0, 6], "car_1520": [9, 2], "car_1523": [8, 5], "car_1522": [3, 2], "car_1525": [1, 3], "car_1524": [11, 7], "car_1527": [9, 0], "car_1526": [10, 5], "car_3227": [9, 3], "car_2849": [8, 7], "car_2700": [8, 7], "car_2848": [3, 2], "car_2740": [4, 2], "car_3222": [3, 7], "car_2741": [7, 1], "car_3223": [11, 1], "car_2313": [11, 2], "car_2701": [11, 5], "car_2312": [8, 7], "car_2311": [3, 7], "car_923": [1, 6], "car_922": [11, 3], "car_921": [8, 1], "car_920": [3, 1], "car_927": [6, 0], "car_926": [5, 1], "car_925": [2, 0], "car_924": [7, 0], "car_2317": [3, 5], "car_929": [11, 1], "car_928": [0, 1], "car_2316": [0, 7], "car_2766": [4, 1], "car_2748": [10, 1], "car_1149": [9, 1], "car_1148": [6, 5], "car_1419": [9, 7], "car_1418": [6, 3], "car_2760": [6, 7], "car_2749": [5, 0], "car_1143": [6, 7], "car_1142": [7, 1], "car_1141": [4, 6], "car_1140": [8, 5], "car_1147": [2, 4], "car_1146": [4, 7], "car_1145": [0, 7], "car_1144": [9, 2], "car_1099": [3, 0], "car_1098": [0, 1], "car_3385": [9, 7], "car_1091": [10, 1], "car_1090": [7, 3], "car_1093": [3, 0], "car_1092": [5, 6], "car_1095": [5, 1], "car_1094": [11, 7], "car_1097": [9, 4], "car_1096": [6, 3], "car_2818": [0, 6], "car_2819": [4, 2], "car_2548": [8, 4], "car_2549": [11, 6], "car_3361": [7, 5], "car_3360": [4, 0], "car_3363": [0, 4], "car_3362": [6, 7], "car_2542": [1, 3], "car_2543": [4, 6], "car_2540": [3, 0], "car_2541": [8, 3], "car_2546": [6, 3], "car_2547": [3, 1], "car_2521": [10, 5], "car_2545": [10, 1], "car_3384": [6, 3], "car_3468": [0, 6], "car_1701": [4, 6], "car_1700": [1, 7], "car_1703": [2, 3], "car_1702": [10, 2], "car_1705": [6, 2], "car_1704": [5, 0], "car_1707": [3, 7], "car_1706": [0, 2], "car_1709": [4, 6], "car_1708": [1, 0], "car_2522": [2, 3], "car_2523": [5, 1], "car_589": [3, 0], "car_588": [1, 7], "car_859": [8, 6], "car_858": [3, 4], "car_2384": [1, 4], "car_2385": [7, 1], "car_1695": [8, 6], "car_2387": [6, 7], "car_581": [8, 3], "car_580": [5, 3], "car_583": [4, 5], "car_850": [0, 1], "car_585": [2, 5], "car_584": [10, 4], "car_587": [8, 4], "car_586": [0, 3], "car_3497": [9, 2], "car_3496": [6, 3], "car_3495": [2, 1], "car_2002": [1, 3], "car_3493": [7, 1], "car_3492": [11, 5], "car_2148": [11, 3], "car_2149": [4, 1], "car_2146": [0, 3], "car_2147": [3, 6], "car_2144": [6, 1], "car_2145": [9, 3], "car_2142": [10, 3], "car_2143": [5, 3], "car_2140": [4, 7], "car_2141": [7, 1], "car_3529": [2, 5], "car_2985": [7, 5], "car_3149": [8, 2], "car_3148": [5, 7], "car_3145": [1, 2], "car_3144": [8, 1], "car_3147": [2, 3], "car_3146": [10, 1], "car_2779": [2, 6], "car_3140": [6, 5], "car_3143": [3, 4], "car_3142": [0, 6], "car_457": [6, 0], "car_456": [2, 7], "car_455": [10, 1], "car_454": [7, 6], "car_453": [4, 7], "car_452": [1, 2], "car_451": [11, 4], "car_450": [8, 0], "car_3383": [2, 7], "car_3382": [4, 7], "car_3381": [1, 7], "car_1878": [7, 0], "car_3387": [8, 4], "car_3386": [0, 2], "car_459": [3, 4], "car_458": [0, 5], "car_1877": [4, 7], "car_1876": [1, 6], "car_2778": [7, 3], "car_2993": [9, 4], "car_1875": [8, 0], "car_1874": [0, 6], "car_1873": [2, 0], "car_1872": [10, 6], "car_738": [0, 5], "car_739": [11, 4], "car_1871": [7, 4], "car_733": [1, 4], "car_732": [11, 2], "car_32": [9, 4], "car_730": [6, 2], "car_731": [3, 2], "car_736": [5, 4], "car_737": [9, 3], "car_734": [7, 3], "car_735": [2, 7], "car_3031": [5, 4], "car_1976": [6, 2], "car_3033": [3, 5], "car_3032": [9, 3], "car_3035": [1, 3], "car_3034": [8, 6], "car_3037": [8, 4], "car_1977": [9, 7], "car_3039": [10, 4], "car_3038": [1, 5], "car_3348": [5, 2], "car_1698": [6, 7], "car_3345": [11, 4], "car_3344": [0, 1], "car_3030": [10, 5], "car_38": [0, 7], "car_39": [3, 7], "car_2564": [4, 1], "car_2565": [7, 2], "car_3036": [4, 2], "car_2566": [5, 1], "car_2295": [4, 6], "car_1978": [0, 5], "car_2560": [5, 3], "car_1979": [11, 7], "car_3523": [5, 6], "car_2561": [3, 0], "car_2562": [8, 7], "car_2563": [1, 7], "car_2443": [2, 7], "car_2442": [10, 4], "car_3522": [2, 0], "car_3351": [11, 6], "car_2441": [7, 5], "car_112": [7, 1], "car_113": [10, 7], "car_110": [1, 3], "car_111": [4, 5], "car_116": [9, 3], "car_117": [3, 7], "car_114": [5, 4], "car_115": [6, 7], "car_2447": [3, 1], "car_118": [8, 6], "car_119": [1, 7], "car_2446": [0, 7], "car_2445": [6, 2], "car_3521": [7, 5], "car_2299": [6, 1], "car_2533": [4, 2], "car_2453": [3, 6], "car_3408": [0, 2], "car_2454": [2, 1], "car_3409": [3, 2], "car_1950": [4, 2], "car_1951": [7, 1], "car_1952": [5, 1], "car_1953": [3, 6], "car_1954": [8, 5], "car_1955": [11, 2], "car_208": [3, 4], "car_209": [8, 2], "car_206": [6, 1], "car_207": [9, 2], "car_204": [1, 5], "car_205": [4, 2], "car_202": [8, 7], "car_203": [11, 2], "car_200": [6, 0], "car_201": [9, 2], "car_2605": [0, 1], "car_2604": [9, 2], "car_2607": [11, 1], "car_2606": [8, 4], "car_1558": [4, 0], "car_1559": [10, 5], "car_2603": [2, 0], "car_2602": [10, 6], "car_1554": [9, 7], "car_1555": [0, 6], "car_1556": [8, 6], "car_1557": [1, 5], "car_1550": [0, 1], "car_1551": [4, 2], "car_1552": [5, 0], "car_1553": [6, 7], "car_1398": [3, 6], "car_1399": [8, 6], "car_1392": [1, 5], "car_1393": [7, 1], "car_1390": [10, 2], "car_1391": [2, 6], "car_1396": [6, 2], "car_1397": [5, 7], "car_1394": [10, 7], "car_1395": [5, 7], "car_2598": [1, 7], "car_3544": [5, 3], "car_3404": [7, 0], "car_930": [4, 2], "car_931": [5, 0], "car_932": [9, 0], "car_933": [0, 5], "car_934": [7, 1], "car_935": [10, 3], "car_936": [2, 3], "car_937": [0, 7], "car_938": [3, 4], "car_939": [8, 4], "car_2773": [7, 4], "car_2772": [8, 3], "car_2775": [8, 6], "car_2774": [9, 0], "car_2777": [1, 4], "car_2776": [11, 0], "car_6": [9, 4], "car_7": [3, 6], "car_4": [10, 4], "car_5": [6, 7], "car_2": [2, 4], "car_3": [4, 0], "car_1178": [1, 7], "car_1": [7, 5], "car_1176": [0, 4], "car_1177": [11, 6], "car_1174": [10, 3], "car_1175": [2, 5], "car_1172": [4, 7], "car_1173": [7, 1], "car_8": [1, 3], "car_9": [4, 6], "car_3513": [4, 5], "car_2809": [3, 4], "car_2808": [9, 3], "car_2559": [2, 4], "car_2558": [4, 3], "car_2555": [6, 3], "car_2554": [5, 0], "car_2557": [1, 2], "car_2556": [8, 4], "car_2551": [4, 3], "car_2550": [1, 4], "car_2553": [2, 4], "car_2552": [10, 2], "car_1774": [8, 5], "car_1775": [1, 5], "car_1776": [10, 1], "car_1777": [2, 6], "car_1770": [6, 7], "car_1771": [9, 3], "car_1772": [0, 3], "car_1773": [3, 0], "car_1778": [5, 1], "car_1779": [0, 3], "car_98": [10, 1], "car_99": [5, 4], "car_90": [7, 5], "car_91": [10, 6], "car_92": [6, 5], "car_93": [9, 2], "car_94": [0, 7], "car_95": [8, 0], "car_96": [11, 0], "car_97": [7, 0], "car_596": [7, 1], "car_597": [10, 0], "car_594": [8, 6], "car_595": [1, 3], "car_592": [2, 7], "car_593": [9, 5], "car_590": [1, 3], "car_591": [10, 6], "car_3500": [1, 7], "car_598": [5, 4], "car_599": [0, 3], "car_848": [5, 3], "car_849": [6, 7], "car_2391": [5, 0], "car_2390": [2, 0], "car_2397": [7, 3], "car_2396": [1, 5], "car_2395": [3, 1], "car_2394": [0, 4], "car_840": [1, 3], "car_841": [7, 3], "car_842": [2, 6], "car_843": [6, 2], "car_844": [8, 7], "car_845": [11, 7], "car_846": [1, 3], "car_847": [2, 5], "car_1608": [10, 5], "car_1609": [6, 4], "car_2153": [9, 4], "car_2152": [6, 4], "car_2155": [2, 7], "car_2154": [1, 6], "car_2157": [3, 6], "car_2156": [0, 3], "car_1600": [2, 3], "car_1601": [5, 2], "car_1602": [8, 6], "car_1603": [11, 3], "car_1604": [4, 3], "car_1605": [6, 5], "car_1606": [9, 7], "car_1607": [8, 6], "car_2369": [3, 0], "car_3538": [11, 4], "car_2362": [6, 4], "car_2363": [0, 6], "car_444": [9, 3], "car_445": [8, 3], "car_446": [4, 5], "car_447": [2, 7], "car_440": [11, 1], "car_441": [4, 2], "car_442": [2, 5], "car_443": [6, 2], "car_448": [5, 6], "car_449": [6, 2], "car_2717": [5, 0], "car_2716": [7, 2], "car_3210": [3, 7], "car_2715": [4, 3], "car_2201": [1, 4], "car_2714": [1, 0], "car_2200": [11, 6], "car_2713": [11, 6], "car_2712": [3, 5], "car_2711": [9, 2], "car_2710": [10, 2], "car_3405": [10, 5], "car_3044": [10, 3], "car_3045": [2, 3], "car_3046": [0, 6], "car_3047": [3, 7], "car_3040": [2, 5], "car_3041": [0, 2], "car_3042": [8, 7], "car_3043": [4, 3], "car_3048": [1, 0], "car_3049": [4, 5], "car_2209": [2, 4], "car_3534": [0, 6], "car_2208": [7, 0], "car_3535": [11, 2], "car_2324": [11, 5], "car_695": [8, 2], "car_694": [3, 4], "car_697": [10, 1], "car_696": [7, 3], "car_691": [10, 1], "car_690": [7, 6], "car_693": [9, 3], "car_692": [5, 7], "car_699": [6, 0], "car_698": [2, 7], "car_3479": [4, 5], "car_3478": [1, 3], "car_2399": [2, 4], "car_1943": [7, 4], "car_1942": [4, 6], "car_279": [4, 3], "car_278": [3, 0], "car_1947": [9, 6], "car_1946": [5, 3], "car_1945": [2, 0], "car_1944": [10, 5], "car_273": [2, 6], "car_272": [4, 3], "car_271": [0, 4], "car_270": [6, 3], "car_277": [0, 4], "car_276": [9, 1], "car_275": [6, 4], "car_274": [5, 3], "car_2946": [11, 1], "car_1925": [3, 7], "car_2944": [6, 2], "car_2945": [9, 2], "car_2942": [7, 3], "car_2943": [2, 6], "car_1549": [9, 7], "car_1548": [6, 1], "car_1547": [10, 3], "car_1546": [7, 5], "car_1545": [4, 7], "car_1544": [11, 0], "car_1543": [0, 4], "car_1542": [1, 3], "car_1541": [11, 5], "car_1540": [9, 2], "car_1389": [4, 2], "car_1388": [8, 7], "car_1385": [4, 0], "car_1384": [1, 4], "car_1387": [6, 4], "car_1386": [2, 0], "car_1381": [6, 1], "car_1380": [10, 7], "car_1383": [3, 1], "car_1382": [9, 6], "car_307": [6, 7], "car_306": [2, 3], "car_305": [10, 4], "car_304": [4, 7], "car_303": [8, 3], "car_302": [3, 4], "car_301": [9, 1], "car_300": [5, 7], "car_804": [5, 4], "car_309": [0, 1], "car_308": [9, 0], "car_3435": [3, 4], "car_909": [7, 3], "car_908": [1, 4], "car_3434": [0, 7], "car_905": [5, 3], "car_904": [10, 6], "car_907": [11, 0], "car_906": [3, 5], "car_901": [4, 1], "car_900": [1, 6], "car_903": [0, 3], "car_902": [9, 4], "car_1161": [2, 0], "car_1160": [4, 3], "car_1163": [9, 6], "car_1162": [5, 3], "car_1165": [7, 0], "car_1164": [11, 7], "car_1167": [5, 3], "car_1166": [10, 4], "car_1169": [3, 0], "car_1168": [9, 6], "car_3539": [1, 0], "car_2432": [3, 1], "car_2433": [8, 3], "car_2430": [9, 1], "car_2322": [9, 2], "car_2431": [0, 3], "car_2838": [10, 1], "car_2839": [2, 3], "car_2836": [0, 4], "car_2436": [9, 0], "car_2834": [5, 2], "car_2835": [6, 2], "car_2832": [7, 2], "car_2833": [2, 6], "car_2830": [5, 2], "car_2437": [0, 6], "car_2010": [9, 6], "car_2011": [8, 0], "car_2012": [1, 3], "car_2013": [4, 3], "car_2014": [7, 6], "car_2015": [2, 4], "car_2016": [6, 0], "car_2017": [9, 6], "car_2018": [0, 5], "car_2019": [1, 2], "car_2435": [5, 6], "car_87": [0, 7], "car_86": [9, 0], "car_85": [6, 5], "car_84": [5, 7], "car_83": [2, 6], "car_82": [10, 2], "car_81": [4, 0], "car_80": [11, 4], "car_3249": [0, 2], "car_2001": [8, 3], "car_89": [8, 7], "car_88": [3, 1], "car_2000": [3, 7], "car_2498": [5, 0], "car_2499": [6, 5], "car_2494": [1, 7], "car_2495": [7, 5], "car_2496": [10, 1], "car_2497": [2, 4], "car_2490": [9, 2], "car_2491": [0, 6], "car_2492": [3, 2], "car_2493": [8, 4], "car_875": [10, 3], "car_874": [1, 3], "car_877": [11, 3], "car_876": [9, 4], "car_871": [3, 1], "car_870": [0, 5], "car_873": [11, 0], "car_872": [8, 6], "car_3228": [3, 5], "car_3242": [1, 4], "car_1694": [3, 4], "car_879": [4, 3], "car_878": [1, 3], "car_3243": [7, 1], "car_1752": [8, 4], "car_1753": [11, 3], "car_1699": [9, 0], "car_2124": [4, 0], "car_2125": [7, 4], "car_1619": [5, 6], "car_1618": [2, 4], "car_2120": [5, 0], "car_2121": [6, 3], "car_2122": [9, 6], "car_2123": [8, 3], "car_1613": [2, 0], "car_1612": [1, 6], "car_1611": [8, 3], "car_1610": [9, 2], "car_1617": [7, 4], "car_1616": [1, 2], "car_1615": [11, 0], "car_1614": [5, 3], "car_1754": [4, 5], "car_1755": [7, 6], "car_2767": [7, 0], "car_2323": [8, 7], "car_471": [7, 4], "car_470": [1, 6], "car_473": [5, 1], "car_472": [2, 5], "car_475": [3, 4], "car_474": [9, 7], "car_477": [7, 1], "car_476": [1, 6], "car_479": [5, 6], "car_478": [2, 6], "car_2232": [9, 0], "car_2233": [0, 2], "car_2234": [8, 0], "car_2235": [11, 3], "car_2236": [4, 7], "car_2237": [7, 1], "car_2769": [6, 2], "car_2765": [3, 6], "car_2038": [6, 2], "car_2709": [4, 6], "car_3229": [8, 5], "car_3057": [7, 2], "car_3056": [4, 3], "car_2762": [8, 0], "car_3054": [3, 7], "car_3053": [9, 5], "car_3052": [6, 1], "car_3051": [2, 3], "car_3050": [10, 3], "car_3059": [5, 7], "car_3058": [10, 2], "car_3303": [8, 2], "car_2039": [0, 6], "car_2763": [5, 4], "car_1819": [3, 1], "car_1818": [6, 0], "car_2386": [5, 6], "car_682": [8, 6], "car_683": [11, 7], "car_680": [5, 7], "car_681": [0, 7], "car_686": [2, 3], "car_687": [5, 3], "car_684": [4, 7], "car_685": [10, 4], "car_688": [3, 6], "car_689": [1, 4], "car_2481": [11, 5], "car_2761": [0, 2], "car_3540": [2, 7], "car_3282": [8, 5], "car_3283": [4, 1], "car_1815": [10, 4], "car_3280": [6, 5], "car_1814": [7, 5], "car_3281": [0, 1], "car_3286": [9, 6], "car_3543": [4, 2], "car_2388": [11, 5], "car_3287": [0, 2], "car_3284": [2, 3], "car_3285": [6, 2], "car_3542": [8, 2], "car_2389": [4, 2], "car_3288": [3, 2], "car_3289": [4, 1], "car_1670": [11, 1], "car_1956": [4, 0], "car_3302": [9, 1], "car_1957": [7, 1], "car_3324": [1, 7], "car_1958": [10, 1], "car_1959": [2, 3], "car_2003": [4, 1], "car_268": [10, 6], "car_269": [5, 6], "car_1974": [7, 6], "car_1975": [2, 3], "car_1972": [8, 2], "car_1973": [1, 3], "car_1970": [9, 1], "car_1971": [3, 1], "car_260": [8, 1], "car_261": [11, 1], "car_262": [2, 5], "car_263": [6, 5], "car_264": [9, 3], "car_265": [8, 4], "car_266": [11, 2], "car_267": [4, 0], "car_1572": [5, 7], "car_1573": [6, 7], "car_1570": [1, 6], "car_1571": [4, 5], "car_1576": [1, 0], "car_1577": [4, 3], "car_1574": [9, 4], "car_1575": [11, 4], "car_1578": [7, 6], "car_1579": [10, 4], "car_2971": [7, 5], "car_1370": [8, 1], "car_1371": [11, 4], "car_1372": [7, 2], "car_1373": [2, 7], "car_1374": [5, 0], "car_1375": [6, 7], "car_1376": [8, 3], "car_1377": [11, 4], "car_1378": [4, 2], "car_1379": [7, 2], "car_3014": [3, 6], "car_3254": [1, 7], "car_2600": [5, 4], "car_2975": [10, 4], "car_2974": [9, 1], "car_314": [10, 6], "car_315": [5, 4], "car_316": [9, 6], "car_317": [1, 4], "car_310": [3, 7], "car_311": [11, 3], "car_312": [1, 4], "car_313": [4, 3], "car_318": [4, 2], "car_319": [2, 7], "car_918": [5, 4], "car_919": [0, 2], "car_2719": [3, 0], "car_2718": [0, 5], "car_912": [6, 4], "car_913": [9, 7], "car_910": [2, 5], "car_911": [5, 0], "car_916": [4, 1], "car_917": [2, 1], "car_914": [0, 1], "car_915": [3, 1], "car_1114": [6, 1], "car_1115": [0, 7], "car_1116": [3, 0], "car_1117": [1, 3], "car_1110": [1, 3], "car_1111": [7, 6], "car_1112": [10, 4], "car_1113": [2, 4], "car_1118": [4, 1], "car_1119": [10, 1], "car_1284": [4, 6], "car_1285": [7, 6], "car_1286": [10, 2], "car_1287": [2, 5], "car_1280": [3, 6], "car_1281": [4, 7], "car_1282": [6, 1], "car_1283": [8, 0], "car_3458": [2, 0], "car_2130": [9, 7], "car_1288": [5, 7], "car_1289": [3, 7], "car_2959": [0, 6], "car_2958": [9, 7], "car_2951": [9, 3], "car_2950": [6, 3], "car_2953": [4, 6], "car_2952": [1, 0], "car_2955": [2, 5], "car_2954": [10, 1], "car_2957": [6, 1], "car_2956": [5, 4], "car_2821": [2, 4], "car_2820": [7, 3], "car_1744": [4, 3], "car_2822": [5, 6], "car_2825": [5, 3], "car_2824": [10, 3], "car_2827": [8, 7], "car_2826": [9, 2], "car_2829": [2, 6], "car_2828": [10, 0], "car_3536": [2, 6], "car_3537": [0, 3], "car_3530": [5, 6], "car_3531": [11, 7], "car_3532": [1, 0], "car_3533": [10, 3], "car_1028": [6, 3], "car_1029": [9, 2], "car_1758": [7, 1], "car_1759": [10, 1], "car_2007": [1, 4], "car_2006": [8, 2], "car_2005": [3, 5], "car_2004": [5, 4], "car_1020": [7, 5], "car_1021": [10, 1], "car_1022": [2, 0], "car_1023": [6, 2], "car_1024": [1, 0], "car_1025": [4, 5], "car_1026": [10, 6], "car_1027": [5, 0], "car_1598": [3, 2], "car_1599": [7, 0], "car_1590": [3, 6], "car_1591": [8, 1], "car_1592": [11, 5], "car_1593": [1, 2], "car_1594": [7, 6], "car_1595": [10, 0], "car_1596": [2, 3], "car_1597": [6, 4], "car_2489": [2, 5], "car_2488": [10, 4], "car_2487": [1, 2], "car_2486": [8, 0], "car_2485": [9, 1], "car_2484": [6, 2], "car_2483": [4, 1], "car_2482": [1, 0], "car_1746": [5, 7], "car_2480": [8, 1], "car_862": [9, 2], "car_863": [3, 7], "car_860": [10, 1], "car_861": [6, 7], "car_866": [7, 2], "car_867": [5, 3], "car_864": [11, 1], "car_865": [4, 1], "car_868": [6, 1], "car_869": [9, 0], "car_3440": [5, 7], "car_3441": [3, 4], "car_3442": [7, 5], "car_3443": [5, 7], "car_3444": [6, 3], "car_3445": [8, 6], "car_3446": [10, 4], "car_3447": [5, 2], "car_3448": [6, 2], "car_3449": [8, 4], "car_1741": [0, 5], "car_2137": [9, 7], "car_2136": [4, 7], "car_2135": [0, 5], "car_2134": [4, 1], "car_2133": [1, 4], "car_2132": [11, 7], "car_1628": [3, 4], "car_1629": [8, 7], "car_1626": [9, 6], "car_1627": [0, 4], "car_1624": [7, 3], "car_1625": [6, 0], "car_1622": [1, 5], "car_1623": [4, 5], "car_1620": [6, 5], "car_1621": [8, 1], "car_1740": [6, 1]}