{"car_3253": [6, 4], "car_3750": [6, 4], "car_2009": [0, 7], "car_3196": [3, 6], "car_3197": [8, 7], "car_3194": [10, 7], "car_3195": [2, 7], "car_3192": [8, 0], "car_3193": [4, 0], "car_3190": [0, 2], "car_3191": [3, 2], "car_3668": [10, 0], "car_3669": [5, 4], "car_3198": [1, 2], "car_3199": [4, 5], "car_2229": [0, 5], "car_2228": [6, 2], "car_468": [6, 3], "car_469": [9, 2], "car_466": [2, 5], "car_467": [5, 4], "car_464": [8, 2], "car_465": [1, 7], "car_462": [6, 2], "car_463": [9, 4], "car_460": [2, 7], "car_461": [5, 0], "car_4456": [10, 5], "car_4012": [8, 5], "car_4658": [8, 1], "car_2455": [6, 0], "car_4457": [2, 3], "car_3068": [6, 0], "car_3069": [9, 5], "car_2751": [5, 7], "car_3768": [5, 4], "car_3062": [1, 2], "car_3063": [4, 7], "car_3060": [8, 5], "car_3061": [11, 6], "car_3066": [2, 5], "car_3067": [5, 7], "car_3064": [7, 3], "car_3065": [10, 6], "car_3268": [4, 5], "car_817": [6, 2], "car_816": [2, 0], "car_3260": [7, 3], "car_3261": [10, 0], "car_3262": [2, 7], "car_3263": [9, 2], "car_3264": [0, 7], "car_815": [10, 0], "car_3266": [8, 3], "car_3267": [11, 7], "car_2750": [7, 4], "car_814": [7, 0], "car_813": [4, 3], "car_812": [1, 5], "car_2072": [10, 6], "car_811": [3, 4], "car_2073": [2, 0], "car_4455": [7, 1], "car_810": [0, 7], "car_3743": [8, 7], "car_3214": [1, 2], "car_3741": [9, 4], "car_3740": [6, 4], "car_679": [5, 4], "car_678": [2, 5], "car_677": [10, 1], "car_676": [7, 6], "car_675": [4, 2], "car_674": [11, 0], "car_673": [8, 7], "car_672": [0, 2], "car_671": [9, 1], "car_670": [6, 5], "car_2771": [0, 2], "car_4654": [6, 5], "car_3213": [11, 1], "car_2770": [6, 5], "car_3212": [8, 7], "car_2078": [1, 5], "car_2079": [4, 2], "car_3464": [1, 4], "car_4013": [11, 5], "car_4026": [10, 0], "car_4655": [9, 5], "car_4706": [2, 0], "car_4842": [7, 2], "car_2456": [9, 1], "car_2341": [10, 0], "car_2670": [5, 4], "car_3465": [7, 0], "car_3818": [1, 6], "car_2671": [9, 6], "car_4429": [9, 6], "car_2754": [0, 4], "car_2672": [3, 2], "car_4702": [9, 6], "car_4656": [0, 6], "car_4879": [4, 7], "car_2223": [11, 1], "car_789": [9, 2], "car_788": [6, 5], "car_3338": [6, 0], "car_2222": [8, 4], "car_783": [11, 7], "car_782": [8, 2], "car_781": [3, 2], "car_780": [0, 1], "car_787": [5, 3], "car_786": [10, 6], "car_785": [4, 7], "car_784": [1, 7], "car_3462": [0, 7], "car_2220": [0, 2], "car_4817": [9, 7], "car_0": [0, 3], "car_2227": [5, 2], "car_1179": [4, 2], "car_2375": [6, 0], "car_2226": [7, 3], "car_4430": [3, 1], "car_4793": [11, 4], "car_3339": [9, 2], "car_2225": [4, 3], "car_4431": [8, 6], "car_2224": [1, 4], "car_4432": [11, 2], "car_3463": [11, 5], "car_255": [5, 3], "car_254": [2, 0], "car_257": [9, 7], "car_256": [6, 2], "car_251": [4, 2], "car_250": [1, 6], "car_253": [10, 6], "car_252": [7, 0], "car_1961": [10, 4], "car_1960": [4, 7], "car_1963": [5, 4], "car_1962": [2, 3], "car_259": [3, 0], "car_258": [0, 6], "car_1967": [1, 3], "car_1966": [11, 4], "car_4135": [10, 1], "car_4085": [5, 2], "car_4137": [6, 0], "car_4136": [5, 7], "car_4131": [0, 7], "car_1170": [10, 6], "car_4133": [1, 6], "car_4132": [3, 5], "car_1171": [2, 1], "car_4139": [3, 6], "car_4138": [9, 6], "car_1565": [9, 3], "car_1564": [2, 0], "car_1567": [8, 7], "car_1566": [0, 7], "car_1561": [4, 2], "car_1560": [1, 4], "car_1563": [10, 1], "car_1562": [7, 5], "car_4243": [0, 6], "car_4242": [6, 7], "car_4241": [5, 4], "car_4240": [10, 3], "car_1569": [10, 2], "car_1568": [4, 0], "car_1413": [8, 7], "car_4080": [5, 6], "car_1363": [8, 5], "car_1362": [9, 1], "car_1361": [2, 4], "car_1360": [10, 6], "car_1367": [7, 5], "car_1366": [4, 0], "car_1365": [1, 3], "car_1364": [11, 2], "car_1369": [6, 0], "car_1368": [5, 3], "car_4399": [11, 5], "car_4398": [8, 4], "car_2758": [7, 6], "car_2376": [9, 1], "car_4391": [11, 3], "car_4390": [3, 0], "car_4393": [4, 5], "car_4392": [1, 7], "car_4395": [5, 2], "car_4394": [10, 1], "car_4397": [3, 0], "car_4396": [0, 1], "car_321": [7, 1], "car_320": [4, 0], "car_323": [0, 7], "car_322": [6, 7], "car_325": [11, 2], "car_324": [3, 7], "car_327": [4, 0], "car_326": [1, 5], "car_329": [2, 7], "car_328": [10, 1], "car_4623": [0, 6], "car_4622": [5, 6], "car_4625": [8, 6], "car_4624": [3, 1], "car_4627": [4, 0], "car_4626": [1, 6], "car_2722": [3, 6], "car_2723": [1, 2], "car_2720": [9, 4], "car_2721": [0, 6], "car_2726": [2, 4], "car_2727": [5, 6], "car_2724": [4, 7], "car_2725": [10, 4], "car_2728": [6, 7], "car_2729": [9, 1], "car_4853": [6, 0], "car_1107": [11, 2], "car_1106": [9, 6], "car_1105": [6, 0], "car_1104": [10, 1], "car_1103": [7, 6], "car_1102": [1, 6], "car_1101": [11, 1], "car_1100": [8, 5], "car_4409": [2, 0], "car_4408": [10, 6], "car_1109": [7, 0], "car_1108": [1, 2], "car_1297": [1, 0], "car_1296": [11, 7], "car_1295": [8, 5], "car_1294": [3, 6], "car_1293": [9, 4], "car_1292": [5, 4], "car_1291": [10, 1], "car_1290": [4, 1], "car_1299": [7, 2], "car_1298": [4, 3], "car_2928": [1, 7], "car_2929": [4, 1], "car_2924": [9, 3], "car_2925": [0, 6], "car_2926": [3, 5], "car_2927": [11, 6], "car_2920": [4, 2], "car_2921": [7, 0], "car_2922": [10, 7], "car_2923": [5, 3], "car_2586": [9, 3], "car_2587": [0, 2], "car_2584": [5, 7], "car_2585": [6, 4], "car_2582": [4, 2], "car_2583": [2, 6], "car_2580": [3, 0], "car_2581": [1, 6], "car_3527": [9, 4], "car_3526": [6, 7], "car_3525": [5, 2], "car_3524": [10, 4], "car_2858": [8, 6], "car_2859": [11, 5], "car_2588": [3, 7], "car_2589": [8, 5], "car_2036": [4, 6], "car_2037": [7, 4], "car_1039": [4, 0], "car_1038": [1, 7], "car_1749": [6, 1], "car_1748": [5, 4], "car_2030": [2, 3], "car_2031": [5, 4], "car_1033": [2, 0], "car_1032": [10, 1], "car_1031": [7, 3], "car_1030": [4, 2], "car_1037": [3, 0], "car_1036": [0, 3], "car_1035": [9, 2], "car_1034": [5, 4], "car_4557": [1, 7], "car_1589": [4, 2], "car_1588": [1, 4], "car_1583": [10, 0], "car_1582": [1, 6], "car_1581": [11, 0], "car_1580": [8, 5], "car_1587": [8, 2], "car_1586": [3, 1], "car_1585": [0, 5], "car_1584": [5, 2], "car_4903": [8, 4], "car_1852": [6, 1], "car_1906": [6, 5], "car_4556": [8, 4], "car_3295": [6, 0], "car_3294": [5, 0], "car_3297": [3, 7], "car_3296": [0, 3], "car_3291": [1, 4], "car_3290": [8, 3], "car_899": [10, 7], "car_898": [7, 0], "car_897": [4, 1], "car_896": [1, 2], "car_895": [11, 7], "car_894": [3, 1], "car_893": [0, 1], "car_892": [5, 2], "car_891": [2, 6], "car_890": [10, 4], "car_2458": [3, 5], "car_2459": [4, 5], "car_2108": [7, 0], "car_2109": [2, 4], "car_3457": [9, 6], "car_3456": [6, 7], "car_3455": [2, 0], "car_3454": [10, 7], "car_2102": [2, 7], "car_2103": [6, 4], "car_2100": [7, 1], "car_2101": [10, 7], "car_2106": [1, 7], "car_2107": [4, 3], "car_2104": [9, 4], "car_2105": [11, 1], "car_1631": [1, 4], "car_1630": [11, 6], "car_1633": [10, 5], "car_1632": [7, 1], "car_1635": [5, 6], "car_1634": [2, 6], "car_1637": [3, 6], "car_1636": [6, 3], "car_1639": [11, 4], "car_1638": [8, 5], "car_3418": [11, 5], "car_1751": [0, 5], "car_2803": [7, 3], "car_3859": [2, 7], "car_2802": [4, 1], "car_3857": [4, 7], "car_3856": [1, 3], "car_3855": [11, 7], "car_3854": [8, 5], "car_3853": [0, 7], "car_2801": [11, 4], "car_3851": [6, 0], "car_3850": [10, 4], "car_3189": [5, 3], "car_3188": [2, 3], "car_2800": [8, 5], "car_3269": [7, 3], "car_3181": [0, 7], "car_2807": [0, 2], "car_1756": [7, 2], "car_3182": [3, 6], "car_3185": [4, 2], "car_3184": [1, 2], "car_3187": [10, 4], "car_2806": [6, 3], "car_3677": [2, 4], "car_3676": [7, 1], "car_3675": [4, 7], "car_3674": [11, 7], "car_3673": [3, 6], "car_2805": [2, 5], "car_3306": [11, 5], "car_2816": [8, 0], "car_2804": [10, 1], "car_3380": [5, 6], "car_4018": [6, 7], "car_3679": [6, 5], "car_3104": [6, 1], "car_2414": [4, 2], "car_419": [5, 1], "car_418": [2, 5], "car_4968": [6, 0], "car_2218": [5, 2], "car_2219": [9, 7], "car_413": [3, 1], "car_412": [0, 3], "car_411": [9, 2], "car_410": [6, 5], "car_417": [10, 5], "car_416": [4, 3], "car_415": [11, 5], "car_414": [8, 7], "car_2417": [5, 6], "car_4552": [5, 1], "car_1679": [6, 1], "car_3546": [7, 6], "car_4086": [6, 2], "car_1678": [5, 6], "car_4261": [11, 5], "car_4969": [0, 5], "car_2412": [11, 0], "car_4104": [5, 4], "car_4260": [3, 5], "car_2947": [1, 4], "car_2413": [1, 5], "car_3265": [3, 5], "car_4519": [2, 5], "car_3079": [8, 1], "car_3078": [3, 6], "car_3729": [6, 1], "car_3075": [5, 7], "car_3074": [2, 5], "car_3077": [0, 4], "car_3076": [6, 1], "car_3071": [11, 3], "car_3070": [3, 4], "car_3073": [7, 0], "car_3072": [4, 0], "car_527": [11, 6], "car_526": [8, 1], "car_525": [3, 4], "car_524": [0, 4], "car_523": [6, 4], "car_522": [2, 0], "car_521": [10, 1], "car_520": [7, 4], "car_3273": [9, 3], "car_1671": [0, 1], "car_3271": [2, 5], "car_1889": [3, 6], "car_3277": [1, 5], "car_3276": [11, 6], "car_529": [10, 3], "car_528": [4, 7], "car_4269": [8, 3], "car_4550": [11, 1], "car_4268": [0, 1], "car_4851": [2, 5], "car_4103": [2, 3], "car_1884": [10, 2], "car_4967": [4, 5], "car_1885": [2, 6], "car_4836": [6, 3], "car_2368": [3, 2], "car_2786": [2, 6], "car_4573": [3, 1], "car_2787": [6, 7], "car_4964": [9, 4], "car_668": [4, 7], "car_669": [5, 3], "car_664": [3, 1], "car_665": [8, 0], "car_666": [11, 3], "car_667": [1, 4], "car_660": [10, 1], "car_661": [5, 1], "car_662": [6, 3], "car_663": [9, 6], "car_4732": [10, 7], "car_4200": [1, 5], "car_4972": [1, 3], "car_2759": [10, 3], "car_1854": [0, 7], "car_2788": [9, 7], "car_3308": [7, 4], "car_2789": [0, 4], "car_4892": [6, 1], "car_4893": [9, 4], "car_4890": [2, 4], "car_4891": [5, 1], "car_4896": [8, 4], "car_4897": [11, 7], "car_4894": [0, 5], "car_4878": [1, 0], "car_4962": [10, 0], "car_3824": [4, 5], "car_4899": [2, 5], "car_4707": [5, 4], "car_4034": [7, 3], "car_2940": [10, 5], "car_3952": [10, 5], "car_3953": [2, 5], "car_798": [5, 6], "car_799": [6, 0], "car_4466": [8, 6], "car_790": [0, 7], "car_791": [3, 5], "car_792": [8, 3], "car_793": [11, 5], "car_794": [1, 2], "car_795": [4, 2], "car_796": [7, 6], "car_797": [10, 2], "car_4098": [8, 3], "car_4099": [11, 1], "car_4092": [7, 2], "car_4093": [10, 3], "car_4090": [1, 2], "car_4091": [4, 6], "car_4096": [9, 0], "car_4097": [0, 3], "car_4094": [2, 0], "car_4095": [6, 2], "car_4620": [4, 6], "car_3822": [3, 1], "car_3958": [8, 7], "car_242": [8, 4], "car_243": [11, 2], "car_240": [9, 2], "car_241": [3, 7], "car_246": [2, 6], "car_247": [5, 1], "car_244": [1, 3], "car_245": [7, 1], "car_1914": [3, 5], "car_1915": [8, 5], "car_248": [8, 2], "car_249": [11, 6], "car_1910": [10, 2], "car_1911": [6, 0], "car_1912": [9, 0], "car_1913": [0, 6], "car_4464": [0, 7], "car_4961": [11, 0], "car_3823": [11, 3], "car_4559": [7, 5], "car_4178": [2, 0], "car_4278": [4, 5], "car_4279": [10, 5], "car_4276": [11, 5], "car_4277": [1, 2], "car_4274": [6, 3], "car_4275": [3, 5], "car_4272": [10, 7], "car_3738": [2, 4], "car_4270": [11, 1], "car_4271": [7, 6], "car_1356": [8, 1], "car_1357": [11, 6], "car_1354": [0, 1], "car_1355": [3, 2], "car_1352": [4, 6], "car_1353": [9, 5], "car_1350": [11, 3], "car_1351": [1, 3], "car_4858": [1, 6], "car_1358": [4, 5], "car_1359": [7, 0], "car_4904": [11, 7], "car_4558": [4, 7], "car_4905": [1, 4], "car_4462": [2, 7], "car_1831": [1, 0], "car_1820": [4, 0], "car_1821": [10, 2], "car_1822": [5, 4], "car_1823": [9, 1], "car_1824": [11, 7], "car_1825": [7, 6], "car_338": [10, 4], "car_339": [2, 3], "car_336": [11, 0], "car_337": [1, 7], "car_334": [3, 6], "car_335": [8, 1], "car_332": [9, 0], "car_333": [0, 2], "car_330": [5, 6], "car_331": [6, 1], "car_2735": [10, 1], "car_2734": [4, 7], "car_1138": [6, 0], "car_1139": [9, 6], "car_2731": [8, 1], "car_2730": [3, 2], "car_2733": [1, 3], "car_2732": [11, 7], "car_1132": [8, 0], "car_1133": [11, 7], "car_1130": [0, 1], "car_1131": [3, 7], "car_1136": [2, 1], "car_1137": [5, 1], "car_1134": [1, 3], "car_1135": [4, 0], "car_4474": [3, 1], "car_4475": [11, 3], "car_4476": [4, 3], "car_4032": [1, 5], "car_4470": [10, 6], "car_3734": [1, 6], "car_4472": [5, 2], "car_4473": [6, 3], "car_3735": [4, 0], "car_4478": [10, 0], "car_1839": [8, 1], "car_2393": [0, 2], "car_1838": [3, 5], "car_2392": [5, 2], "car_4460": [1, 4], "car_4643": [10, 0], "car_4999": [7, 6], "car_3301": [10, 0], "car_4642": [4, 1], "car_3300": [4, 6], "car_4641": [11, 2], "car_2939": [7, 0], "car_2938": [4, 0], "car_2937": [11, 4], "car_2936": [8, 5], "car_2935": [0, 1], "car_2934": [9, 6], "car_2933": [6, 4], "car_2932": [2, 7], "car_2931": [10, 0], "car_2930": [7, 2], "car_2029": [10, 0], "car_2028": [7, 1], "car_2845": [7, 2], "car_2844": [4, 5], "car_2843": [8, 6], "car_2842": [0, 1], "car_2841": [9, 7], "car_2840": [6, 2], "car_2021": [7, 5], "car_2020": [4, 7], "car_2023": [2, 1], "car_2022": [10, 0], "car_2025": [8, 4], "car_2024": [0, 1], "car_2027": [4, 5], "car_2026": [1, 4], "car_2948": [4, 3], "car_2520": [10, 2], "car_4583": [4, 5], "car_1008": [9, 1], "car_1009": [0, 3], "car_1006": [7, 5], "car_1007": [6, 5], "car_1004": [1, 7], "car_1005": [4, 7], "car_1002": [8, 6], "car_1003": [11, 0], "car_1000": [0, 1], "car_1001": [3, 5], "car_3459": [11, 1], "car_2398": [7, 1], "car_2629": [5, 7], "car_5001": [2, 4], "car_2524": [0, 7], "car_2628": [2, 0], "car_3310": [5, 1], "car_2525": [3, 4], "car_2995": [5, 2], "car_2674": [11, 7], "car_1924": [9, 4], "car_2994": [2, 7], "car_2527": [1, 3], "car_2997": [0, 2], "car_36": [9, 4], "car_37": [0, 6], "car_34": [10, 6], "car_35": [2, 6], "car_888": [4, 5], "car_889": [7, 1], "car_30": [6, 4], "car_31": [3, 7], "car_884": [0, 4], "car_885": [3, 1], "car_886": [11, 0], "car_887": [1, 4], "car_880": [7, 2], "car_881": [10, 0], "car_882": [6, 2], "car_883": [9, 0], "car_3466": [10, 4], "car_3467": [2, 5], "car_2449": [11, 7], "car_2448": [0, 2], "car_2119": [5, 2], "car_2118": [2, 5], "car_3460": [2, 4], "car_3461": [6, 7], "car_2115": [1, 5], "car_2114": [11, 7], "car_2117": [10, 0], "car_2116": [4, 0], "car_2111": [0, 1], "car_2110": [6, 7], "car_2113": [8, 5], "car_2112": [3, 4], "car_1644": [9, 2], "car_1645": [0, 6], "car_1646": [8, 2], "car_1647": [11, 0], "car_1640": [1, 5], "car_1641": [4, 2], "car_1642": [5, 3], "car_1643": [6, 0], "car_3312": [9, 5], "car_1648": [4, 1], "car_1649": [10, 7], "car_3915": [8, 4], "car_2599": [1, 2], "car_2159": [2, 3], "car_3860": [5, 4], "car_3861": [6, 3], "car_3866": [10, 2], "car_3867": [2, 0], "car_3864": [1, 5], "car_2158": [10, 7], "car_2591": [4, 7], "car_2590": [11, 3], "car_2593": [10, 4], "car_2592": [7, 2], "car_2595": [5, 2], "car_2594": [2, 5], "car_2597": [8, 7], "car_2596": [0, 4], "car_3648": [4, 6], "car_3649": [10, 0], "car_4859": [4, 2], "car_4748": [5, 4], "car_3560": [6, 2], "car_3313": [0, 7], "car_3643": [6, 0], "car_3640": [10, 2], "car_3641": [2, 5], "car_3646": [3, 6], "car_3647": [8, 1], "car_2677": [7, 0], "car_2608": [4, 0], "car_3888": [9, 5], "car_3703": [1, 7], "car_3880": [3, 6], "car_3881": [8, 3], "car_3882": [11, 7], "car_3883": [1, 4], "car_3884": [4, 3], "car_3885": [10, 3], "car_3886": [2, 1], "car_3887": [5, 2], "car_408": [10, 1], "car_409": [5, 2], "car_2203": [1, 2], "car_2202": [11, 6], "car_2205": [10, 5], "car_2204": [4, 5], "car_2207": [5, 2], "car_2206": [2, 0], "car_400": [2, 6], "car_401": [5, 2], "car_402": [6, 2], "car_403": [9, 7], "car_404": [8, 4], "car_405": [11, 1], "car_406": [1, 6], "car_407": [4, 1], "car_4469": [7, 3], "car_4914": [2, 5], "car_3787": [1, 4], "car_4048": [11, 3], "car_4528": [6, 4], "car_4733": [5, 6], "car_1769": [9, 4], "car_4384": [4, 6], "car_3080": [11, 6], "car_3081": [1, 4], "car_3082": [7, 5], "car_3083": [10, 5], "car_3084": [5, 2], "car_3085": [6, 1], "car_3086": [9, 1], "car_3087": [3, 6], "car_3088": [8, 1], "car_3089": [11, 0], "car_2973": [5, 3], "car_534": [0, 7], "car_535": [3, 5], "car_536": [11, 4], "car_537": [1, 3], "car_530": [2, 4], "car_531": [5, 1], "car_532": [6, 7], "car_533": [9, 6], "car_3246": [9, 7], "car_3247": [3, 5], "car_3244": [7, 2], "car_3245": [5, 2], "car_538": [7, 2], "car_539": [2, 5], "car_3240": [0, 1], "car_3241": [8, 1], "car_2972": [2, 4], "car_3317": [4, 6], "car_4452": [11, 3], "car_2310": [10, 5], "car_4810": [1, 7], "car_4953": [7, 0], "car_4729": [1, 6], "car_4779": [7, 2], "car_659": [4, 3], "car_658": [1, 6], "car_651": [10, 5], "car_650": [1, 2], "car_653": [6, 5], "car_652": [5, 4], "car_655": [0, 5], "car_654": [9, 5], "car_657": [11, 0], "car_656": [8, 1], "car_2970": [4, 1], "car_2907": [5, 6], "car_4246": [1, 5], "car_4951": [1, 7], "car_3813": [9, 1], "car_4596": [5, 1], "car_4885": [3, 2], "car_4884": [0, 3], "car_2977": [7, 2], "car_4886": [11, 7], "car_4881": [2, 5], "car_4880": [10, 6], "car_4883": [9, 1], "car_4882": [5, 1], "car_4889": [10, 6], "car_4888": [4, 6], "car_2909": [9, 3], "car_4950": [8, 7], "car_3812": [6, 0], "car_3946": [5, 4], "car_2976": [1, 4], "car_4105": [6, 0], "car_2434": [5, 3], "car_4864": [9, 3], "car_1929": [4, 1], "car_4518": [4, 2], "car_2195": [8, 3], "car_3971": [6, 4], "car_4089": [11, 4], "car_4088": [3, 2], "car_2194": [3, 6], "car_3811": [2, 5], "car_4084": [10, 7], "car_4087": [9, 5], "car_1764": [4, 2], "car_4081": [9, 4], "car_2197": [10, 6], "car_4083": [1, 0], "car_4082": [0, 1], "car_4869": [7, 1], "car_2196": [7, 2], "car_2191": [10, 3], "car_4965": [3, 5], "car_1928": [1, 7], "car_2190": [4, 5], "car_3922": [4, 5], "car_2193": [6, 7], "car_1909": [7, 1], "car_1908": [4, 1], "car_1907": [1, 7], "car_1763": [8, 2], "car_1905": [5, 2], "car_1904": [2, 5], "car_1903": [10, 7], "car_1902": [7, 0], "car_1901": [3, 4], "car_1900": [9, 4], "car_4973": [4, 3], "car_3805": [10, 3], "car_3918": [5, 3], "car_3865": [7, 1], "car_1349": [8, 0], "car_1348": [3, 1], "car_4263": [4, 6], "car_4262": [1, 3], "car_3817": [11, 4], "car_4264": [10, 5], "car_4267": [9, 5], "car_1762": [3, 5], "car_1341": [11, 2], "car_1340": [0, 4], "car_1343": [4, 1], "car_1342": [1, 5], "car_1345": [5, 7], "car_1344": [2, 1], "car_1347": [0, 4], "car_1346": [9, 0], "car_3234": [4, 2], "car_3919": [9, 6], "car_4663": [2, 0], "car_3219": [5, 6], "car_2753": [9, 2], "car_3816": [8, 4], "car_3231": [3, 5], "car_2752": [6, 0], "car_3230": [0, 3], "car_2698": [8, 3], "car_4546": [6, 1], "car_1833": [10, 3], "car_1832": [7, 1], "car_349": [2, 0], "car_348": [7, 5], "car_1837": [0, 2], "car_1836": [9, 2], "car_1835": [6, 0], "car_1834": [2, 4], "car_343": [0, 1], "car_342": [9, 6], "car_341": [6, 7], "car_340": [5, 0], "car_347": [1, 3], "car_346": [11, 0], "car_345": [8, 5], "car_344": [3, 2], "car_4140": [8, 1], "car_2325": [4, 0], "car_1129": [9, 6], "car_1128": [6, 7], "car_2979": [0, 1], "car_4141": [11, 0], "car_1125": [1, 5], "car_1124": [8, 0], "car_1127": [10, 2], "car_1126": [7, 0], "car_1121": [2, 4], "car_1120": [10, 4], "car_1123": [3, 2], "car_1122": [6, 3], "car_4467": [11, 3], "car_1402": [2, 0], "car_4465": [3, 0], "car_4143": [7, 1], "car_4463": [9, 3], "car_2320": [10, 0], "car_4461": [10, 6], "car_1403": [6, 1], "car_4144": [10, 3], "car_2321": [2, 4], "car_1400": [1, 6], "car_3814": [0, 1], "car_4145": [2, 6], "car_1401": [10, 4], "car_2978": [6, 2], "car_4146": [9, 7], "car_1406": [4, 3], "car_4147": [3, 1], "car_1407": [10, 5], "car_2902": [11, 5], "car_2903": [4, 6], "car_2900": [0, 7], "car_2901": [3, 7], "car_2906": [2, 7], "car_1404": [0, 4], "car_2904": [7, 3], "car_2905": [10, 0], "car_2908": [6, 4], "car_1405": [8, 7], "car_3505": [7, 6], "car_3504": [1, 6], "car_3507": [2, 7], "car_3506": [10, 5], "car_2058": [6, 7], "car_2059": [0, 7], "car_3503": [11, 0], "car_3502": [8, 3], "car_2054": [11, 6], "car_2055": [4, 6], "car_2056": [10, 1], "car_2057": [5, 4], "car_2050": [9, 1], "car_2051": [0, 1], "car_2052": [3, 0], "car_2053": [8, 5], "car_1011": [1, 6], "car_1010": [11, 0], "car_1013": [7, 5], "car_1012": [4, 5], "car_1015": [5, 6], "car_1014": [2, 6], "car_1017": [9, 1], "car_1016": [6, 2], "car_1019": [8, 3], "car_1018": [0, 7], "car_2690": [1, 7], "car_2691": [4, 3], "car_2696": [6, 1], "car_2697": [3, 7], "car_2694": [2, 6], "car_2695": [5, 3], "car_2790": [3, 1], "car_4862": [5, 7], "car_3863": [3, 7], "car_4373": [8, 2], "car_4841": [4, 1], "car_4482": [3, 0], "car_3819": [10, 3], "car_4594": [10, 2], "car_25": [8, 4], "car_24": [3, 1], "car_27": [4, 0], "car_26": [1, 6], "car_21": [5, 1], "car_20": [10, 0], "car_23": [0, 6], "car_22": [6, 1], "car_3471": [3, 0], "car_3470": [0, 5], "car_3473": [11, 2], "car_3472": [8, 2], "car_29": [5, 3], "car_28": [2, 7], "car_3477": [6, 0], "car_3476": [2, 6], "car_4648": [11, 7], "car_2478": [9, 6], "car_2479": [0, 3], "car_2476": [5, 2], "car_2477": [6, 0], "car_2474": [4, 5], "car_2475": [7, 2], "car_2472": [11, 3], "car_2473": [1, 0], "car_2470": [0, 5], "car_2471": [3, 0], "car_1657": [5, 1], "car_1656": [7, 0], "car_1655": [4, 6], "car_1654": [3, 0], "car_1653": [0, 2], "car_1652": [9, 2], "car_1651": [6, 5], "car_1650": [2, 3], "car_1659": [9, 6], "car_1658": [6, 1], "car_3875": [10, 5], "car_3874": [7, 1], "car_2878": [11, 0], "car_2879": [4, 0], "car_3871": [11, 1], "car_3870": [3, 4], "car_3645": [0, 5], "car_3872": [1, 4], "car_2872": [10, 6], "car_2873": [5, 4], "car_2870": [11, 6], "car_2871": [7, 1], "car_2876": [3, 6], "car_2877": [8, 2], "car_2874": [9, 7], "car_2875": [0, 7], "car_2688": [8, 0], "car_1969": [10, 4], "car_2315": [3, 7], "car_3658": [7, 4], "car_1843": [2, 7], "car_3655": [8, 7], "car_3654": [3, 5], "car_3657": [4, 0], "car_3656": [11, 1], "car_3651": [5, 1], "car_3650": [2, 0], "car_3211": [3, 6], "car_3652": [6, 7], "car_435": [4, 1], "car_434": [1, 6], "car_437": [8, 5], "car_436": [6, 0], "car_431": [3, 5], "car_430": [0, 4], "car_433": [11, 1], "car_432": [8, 3], "car_3893": [6, 3], "car_1846": [3, 0], "car_3891": [4, 6], "car_3890": [1, 2], "car_439": [7, 4], "car_438": [4, 6], "car_3895": [0, 1], "car_1847": [8, 4], "car_2274": [4, 6], "car_2275": [7, 5], "car_2276": [10, 2], "car_2277": [2, 0], "car_2270": [5, 7], "car_2271": [6, 3], "car_2272": [3, 1], "car_2273": [11, 1], "car_3778": [11, 5], "car_1845": [0, 2], "car_2278": [0, 5], "car_2279": [3, 1], "car_4487": [10, 3], "car_4863": [6, 7], "car_3573": [1, 5], "car_4726": [3, 5], "car_4813": [10, 3], "car_4533": [1, 0], "car_4865": [0, 6], "car_3927": [9, 3], "car_1848": [7, 6], "car_2289": [8, 5], "car_1968": [4, 2], "car_1849": [10, 5], "car_2288": [3, 1], "car_1965": [8, 1], "car_4479": [2, 7], "car_3370": [1, 0], "car_1964": [0, 6], "car_3093": [6, 2], "car_3092": [5, 6], "car_3091": [10, 2], "car_3090": [1, 6], "car_3097": [11, 2], "car_3096": [8, 5], "car_3095": [0, 4], "car_3094": [9, 7], "car_3420": [4, 5], "car_3376": [11, 1], "car_3099": [4, 6], "car_3098": [1, 6], "car_3311": [6, 1], "car_501": [8, 0], "car_500": [3, 5], "car_503": [4, 5], "car_502": [11, 7], "car_505": [10, 5], "car_504": [7, 4], "car_507": [5, 3], "car_506": [2, 6], "car_509": [9, 0], "car_508": [6, 5], "car_2302": [10, 3], "car_2303": [2, 3], "car_2304": [5, 4], "car_2305": [6, 3], "car_2306": [0, 1], "car_2307": [8, 6], "car_2281": [11, 1], "car_4535": [7, 2], "car_1745": [4, 6], "car_2280": [8, 5], "car_4176": [1, 3], "car_3378": [10, 5], "car_4130": [9, 2], "car_3379": [2, 1], "car_2960": [6, 7], "car_3475": [4, 5], "car_3474": [1, 4], "car_646": [9, 0], "car_647": [3, 0], "car_644": [2, 7], "car_645": [5, 2], "car_642": [1, 3], "car_643": [7, 5], "car_640": [8, 2], "car_641": [11, 7], "car_2314": [0, 1], "car_4036": [5, 0], "car_648": [8, 7], "car_649": [11, 1], "car_3570": [3, 7], "car_4037": [9, 2], "car_4727": [8, 0], "car_2961": [11, 6], "car_2576": [7, 5], "car_4030": [0, 5], "car_3577": [2, 6], "car_3572": [11, 6], "car_4031": [8, 1], "car_4537": [2, 0], "car_4856": [8, 6], "car_2526": [11, 1], "car_4370": [6, 7], "car_1830": [3, 0], "car_3574": [4, 3], "car_4033": [4, 5], "car_2673": [8, 5], "car_3575": [7, 5], "car_4364": [1, 6], "car_2962": [1, 7], "car_3576": [10, 6], "car_4497": [3, 0], "car_2570": [6, 2], "car_4249": [5, 2], "car_4536": [10, 1], "car_2681": [8, 3], "car_4248": [10, 1], "car_2999": [4, 1], "car_5003": [9, 5], "car_4360": [6, 5], "car_2420": [3, 4], "car_4371": [9, 1], "car_4361": [0, 5], "car_4699": [2, 1], "car_2963": [4, 0], "car_4490": [3, 7], "car_3899": [1, 0], "car_4491": [11, 5], "car_4539": [6, 3], "car_3929": [1, 3], "car_2680": [0, 7], "car_4715": [10, 4], "car_2854": [5, 2], "car_4714": [7, 0], "car_4942": [9, 2], "car_3800": [0, 6], "car_4387": [5, 3], "car_2964": [7, 3], "car_4071": [5, 6], "car_4072": [6, 0], "car_4073": [0, 3], "car_4074": [8, 4], "car_4075": [11, 2], "car_4076": [1, 5], "car_4077": [4, 0], "car_4078": [7, 5], "car_4079": [2, 3], "car_4538": [5, 4], "car_3928": [11, 3], "car_2683": [7, 1], "car_3913": [9, 0], "car_4988": [3, 0], "car_4245": [11, 5], "car_4943": [0, 7], "car_3801": [8, 5], "car_4985": [10, 1], "car_4986": [2, 0], "car_4244": [3, 6], "car_4980": [8, 3], "car_4981": [11, 4], "car_4982": [1, 5], "car_4983": [4, 3], "car_1932": [2, 7], "car_1933": [5, 1], "car_1930": [7, 6], "car_1931": [10, 2], "car_1936": [0, 6], "car_1937": [3, 4], "car_1934": [6, 7], "car_1935": [9, 7], "car_1938": [8, 3], "car_1939": [11, 6], "car_2682": [4, 3], "car_4453": [1, 0], "car_4401": [6, 4], "car_4944": [3, 2], "car_3802": [11, 3], "car_1717": [9, 1], "car_4385": [7, 3], "car_4214": [9, 6], "car_4215": [0, 2], "car_4216": [3, 6], "car_4217": [8, 4], "car_1338": [6, 2], "car_1339": [9, 6], "car_4212": [5, 2], "car_4213": [6, 5], "car_1334": [3, 4], "car_1335": [11, 4], "car_1336": [7, 1], "car_1337": [5, 7], "car_1330": [7, 6], "car_1331": [10, 6], "car_1332": [2, 1], "car_1333": [9, 3], "car_4184": [1, 7], "car_4185": [4, 3], "car_4186": [7, 1], "car_4187": [10, 7], "car_3803": [1, 7], "car_4181": [9, 0], "car_4182": [0, 3], "car_4183": [8, 1], "car_1711": [3, 5], "car_4188": [2, 0], "car_4189": [0, 3], "car_4861": [10, 0], "car_4728": [11, 6], "car_2998": [1, 6], "car_3877": [6, 3], "car_4403": [0, 5], "car_358": [5, 4], "car_359": [9, 6], "car_1804": [6, 7], "car_1805": [9, 7], "car_1802": [7, 6], "car_1803": [5, 6], "car_1800": [1, 0], "car_1801": [4, 2], "car_350": [6, 2], "car_351": [0, 4], "car_352": [8, 7], "car_353": [11, 0], "car_354": [4, 3], "car_355": [7, 2], "car_356": [10, 2], "car_357": [2, 1], "car_1482": [2, 1], "car_1483": [6, 7], "car_1480": [7, 1], "car_1481": [10, 5], "car_1486": [3, 1], "car_1487": [1, 7], "car_1484": [9, 7], "car_1485": [0, 1], "car_4320": [4, 6], "car_4321": [7, 1], "car_1488": [4, 5], "car_1489": [7, 6], "car_4324": [5, 7], "car_4325": [6, 7], "car_4326": [0, 6], "car_4327": [3, 4], "car_1240": [0, 1], "car_1241": [8, 3], "car_1242": [11, 6], "car_1243": [7, 4], "car_1244": [10, 3], "car_1245": [2, 4], "car_1246": [5, 2], "car_1247": [0, 2], "car_1248": [3, 0], "car_1249": [11, 6], "car_4692": [6, 0], "car_4693": [0, 1], "car_4694": [8, 6], "car_4695": [11, 2], "car_4621": [7, 3], "car_4697": [7, 0], "car_1747": [2, 7], "car_3977": [4, 2], "car_3642": [5, 4], "car_3879": [0, 1], "car_4681": [10, 7], "car_4339": [6, 4], "car_3806": [5, 0], "car_3878": [9, 0], "car_2374": [5, 4], "car_1879": [0, 3], "car_2917": [8, 7], "car_2916": [3, 5], "car_2911": [11, 7], "car_2910": [8, 0], "car_2913": [7, 6], "car_2912": [4, 0], "car_2919": [1, 3], "car_2918": [11, 5], "car_4447": [6, 4], "car_3804": [4, 0], "car_2049": [2, 6], "car_2048": [10, 1], "car_2047": [7, 1], "car_2046": [4, 3], "car_2045": [1, 2], "car_2044": [11, 3], "car_2043": [8, 6], "car_2042": [3, 6], "car_2041": [9, 6], "car_2040": [5, 1], "car_1064": [6, 3], "car_1065": [9, 5], "car_1066": [3, 0], "car_1067": [8, 5], "car_1060": [7, 5], "car_1061": [10, 2], "car_1062": [2, 7], "car_1063": [5, 7], "car_2685": [9, 1], "car_2684": [2, 4], "car_2687": [3, 4], "car_2686": [0, 2], "car_1068": [1, 0], "car_1069": [5, 6], "car_1798": [0, 2], "car_1799": [3, 1], "car_4629": [6, 5], "car_3701": [8, 3], "car_4059": [4, 7], "car_4628": [5, 6], "car_3808": [0, 7], "car_4959": [3, 4], "car_4781": [5, 0], "car_4860": [7, 2], "car_4787": [1, 7], "car_10": [11, 4], "car_11": [4, 5], "car_12": [7, 3], "car_13": [6, 1], "car_14": [9, 1], "car_15": [0, 2], "car_16": [3, 0], "car_17": [8, 1], "car_18": [11, 4], "car_19": [4, 0], "car_3406": [5, 4], "car_3407": [9, 7], "car_3400": [0, 1], "car_3401": [3, 1], "car_3402": [4, 5], "car_3403": [7, 4], "car_2461": [2, 7], "car_2460": [10, 1], "car_1668": [5, 1], "car_1669": [6, 4], "car_2465": [8, 7], "car_2464": [0, 1], "car_2467": [2, 6], "car_2466": [7, 3], "car_1662": [11, 6], "car_1663": [1, 6], "car_1660": [3, 6], "car_1661": [8, 7], "car_1666": [10, 1], "car_1667": [2, 3], "car_1664": [4, 3], "car_1665": [7, 3], "car_1468": [1, 5], "car_1469": [7, 5], "car_4789": [10, 7], "car_1460": [2, 0], "car_1461": [5, 6], "car_1462": [6, 2], "car_1463": [9, 0], "car_1464": [0, 4], "car_1465": [3, 5], "car_1466": [8, 1], "car_1467": [11, 0], "car_3930": [7, 1], "car_2699": [11, 4], "car_3717": [4, 1], "car_2869": [8, 3], "car_2868": [3, 6], "car_2865": [6, 3], "car_2864": [5, 6], "car_2867": [0, 4], "car_2866": [9, 6], "car_2861": [4, 2], "car_2860": [1, 0], "car_2863": [2, 0], "car_2862": [10, 5], "car_3712": [7, 2], "car_2648": [6, 7], "car_3713": [5, 3], "car_4873": [6, 3], "car_3931": [10, 7], "car_422": [3, 1], "car_423": [8, 4], "car_420": [6, 5], "car_421": [9, 3], "car_426": [4, 2], "car_427": [10, 7], "car_424": [11, 4], "car_425": [1, 3], "car_3318": [7, 0], "car_3319": [2, 1], "car_428": [5, 7], "car_429": [6, 2], "car_2377": [0, 5], "car_2267": [7, 0], "car_2266": [1, 2], "car_2265": [11, 2], "car_2264": [8, 0], "car_2263": [0, 3], "car_2262": [6, 7], "car_2261": [5, 0], "car_2260": [10, 3], "car_2371": [4, 1], "car_4874": [9, 1], "car_3932": [2, 7], "car_4875": [0, 7], "car_2269": [2, 1], "car_2268": [10, 4], "car_4562": [5, 2], "car_3798": [5, 2], "car_2373": [2, 1], "car_4563": [6, 4], "car_3794": [1, 5], "car_3795": [4, 0], "car_3796": [7, 2], "car_2372": [7, 5], "car_2008": [9, 2], "car_3791": [9, 2], "car_3792": [3, 0], "car_3793": [8, 1], "car_4561": [2, 3], "car_4566": [11, 2], "car_2370": [11, 6], "car_4867": [11, 7], "car_3486": [1, 7], "car_4567": [1, 4], "car_3487": [4, 2], "car_4564": [9, 0], "car_4796": [7, 4], "car_4565": [0, 2], "car_3224": [7, 6], "car_3225": [10, 2], "car_2319": [7, 0], "car_2318": [4, 0], "car_3220": [0, 2], "car_3221": [8, 6], "car_518": [8, 7], "car_519": [11, 1], "car_516": [5, 1], "car_517": [0, 3], "car_514": [10, 2], "car_515": [2, 7], "car_512": [11, 1], "car_513": [4, 1], "car_510": [0, 1], "car_511": [3, 6], "car_4402": [9, 4], "car_4405": [11, 7], "car_4209": [7, 3], "car_1870": [9, 1], "car_3589": [3, 1], "car_4407": [7, 3], "car_3935": [8, 3], "car_2692": [7, 0], "car_3488": [10, 2], "car_2444": [7, 0], "car_4406": [1, 0], "car_3469": [9, 6], "car_3489": [2, 4], "car_633": [4, 2], "car_632": [11, 7], "car_631": [8, 5], "car_630": [3, 5], "car_637": [6, 5], "car_636": [2, 1], "car_635": [10, 3], "car_634": [7, 2], "car_2675": [1, 3], "car_639": [0, 7], "car_638": [9, 2], "car_4531": [8, 1], "car_4762": [7, 4], "car_3588": [9, 2], "car_3138": [9, 4], "car_3139": [0, 7], "car_3936": [11, 4], "car_2693": [10, 2], "car_3130": [0, 5], "car_3131": [8, 4], "car_3132": [11, 6], "car_3133": [1, 7], "car_3134": [10, 2], "car_3135": [2, 4], "car_3136": [5, 1], "car_3137": [6, 3], "car_4828": [3, 0], "car_4767": [8, 3], "car_4570": [5, 2], "car_189": [0, 3], "car_188": [6, 5], "car_185": [4, 0], "car_184": [1, 7], "car_187": [2, 6], "car_186": [10, 2], "car_181": [9, 7], "car_180": [5, 2], "car_183": [11, 5], "car_182": [3, 0], "car_3938": [7, 1], "car_4866": [3, 1], "car_749": [5, 6], "car_748": [2, 6], "car_747": [1, 4], "car_746": [11, 5], "car_745": [8, 7], "car_744": [6, 7], "car_743": [5, 2], "car_742": [2, 6], "car_741": [10, 5], "car_740": [7, 1], "car_4718": [8, 2], "car_2131": [1, 7], "car_4529": [9, 4], "car_3939": [10, 1], "car_3724": [8, 6], "car_4062": [6, 0], "car_4061": [2, 7], "car_4060": [10, 1], "car_4067": [1, 2], "car_4066": [8, 0], "car_4065": [3, 1], "car_4064": [0, 6], "car_4069": [7, 0], "car_4068": [4, 0], "car_3316": [1, 0], "car_2618": [10, 0], "car_3584": [10, 4], "car_4998": [4, 7], "car_4997": [1, 5], "car_4996": [8, 2], "car_4526": [10, 0], "car_4994": [9, 7], "car_4993": [2, 6], "car_4992": [7, 5], "car_4991": [4, 1], "car_4990": [11, 1], "car_299": [0, 1], "car_298": [2, 1], "car_1927": [11, 6], "car_1926": [8, 6], "car_1921": [2, 0], "car_1920": [10, 3], "car_1923": [6, 7], "car_1922": [5, 4], "car_291": [0, 7], "car_290": [5, 2], "car_293": [11, 2], "car_292": [3, 6], "car_295": [4, 6], "car_294": [1, 2], "car_297": [10, 3], "car_296": [7, 1], "car_4527": [2, 0], "car_3852": [9, 5], "car_4207": [8, 0], "car_4206": [3, 5], "car_4205": [0, 7], "car_4204": [9, 4], "car_4203": [10, 1], "car_4202": [7, 5], "car_1329": [1, 0], "car_1328": [11, 3], "car_1327": [8, 7], "car_1326": [3, 4], "car_1325": [0, 4], "car_1324": [9, 2], "car_1323": [6, 7], "car_1322": [5, 1], "car_1321": [2, 1], "car_1320": [7, 3], "car_4197": [3, 1], "car_4196": [6, 3], "car_4195": [5, 4], "car_4194": [2, 5], "car_4193": [10, 3], "car_4192": [7, 0], "car_4191": [4, 3], "car_4190": [3, 4], "car_3721": [9, 1], "car_4199": [11, 3], "car_4198": [8, 6], "car_365": [5, 1], "car_364": [7, 2], "car_367": [0, 7], "car_366": [6, 4], "car_361": [3, 0], "car_360": [0, 5], "car_363": [4, 2], "car_362": [1, 5], "car_1811": [4, 0], "car_1810": [1, 7], "car_1813": [10, 1], "car_1812": [7, 1], "car_369": [8, 1], "car_368": [3, 0], "car_1817": [0, 5], "car_1816": [6, 4], "car_167": [1, 6], "car_166": [11, 1], "car_165": [0, 7], "car_164": [9, 1], "car_163": [6, 5], "car_162": [10, 4], "car_161": [7, 2], "car_160": [4, 6], "car_3720": [5, 0], "car_4848": [4, 5], "car_4669": [11, 7], "car_4668": [8, 6], "car_169": [7, 0], "car_168": [4, 2], "car_1495": [1, 6], "car_1494": [11, 3], "car_1497": [7, 2], "car_1496": [4, 7], "car_1491": [5, 4], "car_1490": [10, 7], "car_1493": [9, 0], "car_1492": [6, 1], "car_4333": [0, 6], "car_4332": [6, 5], "car_4331": [2, 7], "car_4330": [10, 0], "car_1499": [2, 1], "car_1498": [10, 4], "car_3580": [9, 2], "car_4334": [3, 6], "car_1253": [2, 6], "car_1252": [10, 2], "car_1251": [7, 5], "car_1250": [1, 5], "car_1257": [11, 3], "car_1256": [8, 5], "car_1255": [3, 6], "car_1254": [6, 3], "car_4683": [5, 0], "car_2850": [0, 2], "car_1259": [4, 3], "car_1258": [1, 4], "car_4687": [11, 1], "car_3622": [8, 1], "car_4685": [9, 5], "car_2851": [8, 1], "car_1868": [2, 4], "car_2852": [4, 2], "car_3624": [7, 4], "car_2853": [10, 0], "car_3583": [1, 7], "car_4672": [10, 4], "car_3248": [11, 3], "car_4523": [1, 5], "car_3626": [6, 2], "car_3627": [9, 0], "car_4210": [10, 2], "car_1789": [9, 5], "car_1788": [6, 2], "car_2070": [4, 1], "car_2071": [7, 2], "car_2076": [3, 6], "car_2077": [8, 0], "car_2074": [5, 1], "car_2075": [0, 4], "car_1781": [11, 3], "car_1780": [8, 2], "car_1783": [4, 2], "car_1782": [1, 4], "car_1785": [10, 1], "car_1784": [7, 6], "car_1787": [5, 0], "car_1786": [2, 5], "car_1077": [2, 6], "car_1076": [7, 4], "car_1075": [4, 6], "car_1074": [1, 2], "car_1073": [11, 2], "car_1072": [8, 7], "car_1071": [3, 6], "car_1070": [0, 5], "car_2678": [10, 2], "car_2679": [2, 0], "car_3520": [0, 5], "car_4211": [2, 4], "car_1079": [6, 2], "car_1078": [5, 4], "car_3981": [5, 3], "car_3257": [11, 3], "car_4337": [4, 3], "car_2139": [5, 3], "car_3256": [3, 2], "car_4521": [6, 0], "car_2034": [3, 1], "car_4933": [6, 2], "car_2300": [1, 5], "car_2035": [11, 6], "car_2301": [4, 5], "car_2032": [6, 4], "car_3706": [5, 3], "car_2033": [9, 1], "car_2996": [6, 7], "car_4837": [0, 2], "car_3419": [1, 2], "car_2138": [2, 3], "car_3417": [3, 2], "car_3416": [0, 1], "car_3415": [9, 4], "car_3414": [6, 5], "car_3413": [5, 2], "car_3412": [2, 5], "car_3411": [7, 3], "car_3410": [1, 4], "car_985": [11, 4], "car_984": [8, 2], "car_987": [4, 1], "car_986": [1, 7], "car_981": [6, 7], "car_980": [5, 3], "car_983": [0, 5], "car_982": [9, 7], "car_1675": [4, 0], "car_1674": [1, 4], "car_1677": [10, 2], "car_1676": [7, 5], "car_989": [5, 1], "car_988": [10, 1], "car_1673": [11, 7], "car_1672": [3, 2], "car_2784": [7, 6], "car_2785": [10, 7], "car_1479": [4, 5], "car_1478": [1, 0], "car_2780": [3, 4], "car_2781": [8, 1], "car_2782": [11, 2], "car_2783": [1, 0], "car_1473": [6, 2], "car_1472": [5, 1], "car_1471": [2, 4], "car_1470": [10, 6], "car_1477": [11, 4], "car_1476": [8, 4], "car_1475": [0, 7], "car_1474": [9, 3], "car_2890": [10, 1], "car_2891": [2, 4], "car_2892": [5, 4], "car_2893": [0, 5], "car_2894": [8, 2], "car_1743": [8, 6], "car_2896": [4, 2], "car_2897": [7, 0], "car_2898": [2, 5], "car_2899": [6, 7], "car_1742": [0, 3], "car_2990": [3, 1], "car_4673": [2, 4], "car_4581": [8, 3], "car_2528": [7, 5], "car_2529": [2, 6], "car_2258": [1, 4], "car_2259": [7, 5], "car_3307": [1, 5], "car_2689": [11, 1], "car_3305": [8, 5], "car_3304": [3, 5], "car_2252": [2, 5], "car_2253": [5, 1], "car_2250": [4, 0], "car_2251": [10, 2], "car_2256": [8, 5], "car_2257": [11, 4], "car_2254": [9, 7], "car_2255": [3, 6], "car_2098": [11, 4], "car_2099": [4, 7], "car_2090": [4, 7], "car_2091": [7, 5], "car_2092": [10, 6], "car_2093": [5, 1], "car_2094": [6, 3], "car_2095": [9, 2], "car_2096": [0, 5], "car_2097": [8, 3], "car_3789": [2, 7], "car_3788": [4, 1], "car_2992": [4, 6], "car_3786": [11, 6], "car_3785": [3, 2], "car_3784": [0, 6], "car_3783": [9, 0], "car_3782": [6, 7], "car_3781": [5, 1], "car_3780": [2, 4], "car_4310": [11, 4], "car_3237": [2, 6], "car_3236": [10, 7], "car_569": [4, 7], "car_568": [1, 3], "car_3233": [11, 2], "car_3232": [8, 4], "car_2328": [9, 6], "car_2329": [3, 4], "car_563": [6, 4], "car_562": [10, 5], "car_561": [7, 0], "car_560": [4, 5], "car_567": [11, 1], "car_566": [8, 6], "car_565": [3, 5], "car_564": [0, 1], "car_3598": [3, 4], "car_2331": [1, 0], "car_3739": [5, 3], "car_4380": [9, 0], "car_3644": [9, 3], "car_620": [8, 6], "car_621": [11, 1], "car_622": [1, 0], "car_623": [4, 2], "car_624": [7, 3], "car_625": [10, 7], "car_626": [2, 7], "car_627": [5, 1], "car_628": [9, 3], "car_629": [0, 1], "car_4670": [1, 6], "car_1869": [5, 0], "car_3129": [9, 1], "car_3128": [5, 3], "car_4289": [4, 5], "car_3123": [0, 7], "car_3122": [6, 7], "car_3121": [2, 6], "car_3120": [4, 1], "car_3127": [2, 6], "car_3126": [10, 1], "car_3125": [4, 0], "car_3124": [1, 4], "car_4524": [4, 3], "car_3666": [4, 6], "car_4934": [9, 1], "car_1866": [4, 0], "car_1867": [10, 7], "car_3388": [10, 6], "car_4931": [2, 7], "car_4930": [10, 2], "car_198": [8, 1], "car_199": [11, 4], "car_2831": [5, 3], "car_192": [7, 6], "car_193": [10, 1], "car_190": [3, 6], "car_191": [4, 0], "car_196": [9, 4], "car_197": [0, 1], "car_194": [2, 4], "car_195": [6, 3], "car_4834": [10, 0], "car_3670": [6, 0], "car_758": [2, 0], "car_759": [5, 7], "car_4835": [5, 0], "car_754": [11, 7], "car_755": [1, 0], "car_756": [4, 6], "car_757": [7, 2], "car_750": [6, 0], "car_751": [9, 6], "car_752": [3, 1], "car_753": [8, 0], "car_1940": [1, 2], "car_3355": [5, 3], "car_4830": [11, 5], "car_4831": [1, 6], "car_4056": [0, 5], "car_4057": [3, 1], "car_4054": [5, 2], "car_4055": [9, 6], "car_2991": [8, 6], "car_4053": [2, 6], "car_4050": [4, 1], "car_4051": [7, 5], "car_3299": [11, 6], "car_4118": [1, 6], "car_4058": [8, 3], "car_3298": [8, 2], "car_286": [1, 7], "car_287": [4, 1], "car_284": [0, 5], "car_285": [11, 4], "car_282": [6, 0], "car_283": [9, 7], "car_280": [2, 6], "car_281": [5, 3], "car_3353": [10, 4], "car_1949": [1, 4], "car_288": [7, 2], "car_289": [2, 0], "car_3453": [4, 2], "car_1948": [8, 2], "car_2791": [11, 5], "car_3592": [4, 1], "car_3452": [8, 5], "car_4749": [6, 0], "car_4113": [6, 7], "car_3451": [3, 0], "car_4112": [5, 3], "car_4646": [0, 3], "car_3450": [9, 7], "car_4111": [2, 7], "car_3985": [7, 2], "car_4110": [7, 4], "car_3984": [11, 2], "car_1312": [7, 5], "car_1313": [2, 5], "car_1310": [8, 7], "car_1311": [1, 7], "car_1316": [8, 3], "car_1317": [11, 6], "car_1314": [9, 5], "car_1315": [3, 4], "car_4513": [2, 6], "car_1318": [1, 4], "car_1319": [4, 3], "car_2450": [1, 4], "car_3921": [11, 7], "car_2451": [7, 6], "car_2452": [10, 7], "car_4877": [11, 7], "car_372": [6, 2], "car_373": [3, 4], "car_370": [7, 1], "car_371": [10, 3], "car_376": [2, 3], "car_377": [5, 7], "car_374": [7, 3], "car_375": [10, 1], "car_1864": [8, 7], "car_1865": [11, 4], "car_378": [6, 1], "car_379": [9, 2], "car_1860": [2, 6], "car_1861": [5, 6], "car_1862": [6, 2], "car_1863": [9, 7], "car_174": [8, 1], "car_175": [11, 1], "car_176": [4, 0], "car_177": [7, 4], "car_170": [2, 6], "car_171": [5, 2], "car_172": [6, 3], "car_173": [0, 3], "car_2457": [0, 2], "car_178": [10, 5], "car_179": [2, 4], "car_2338": [8, 4], "car_4511": [1, 2], "car_4952": [4, 6], "car_4308": [3, 5], "car_4309": [8, 1], "car_4306": [9, 7], "car_4307": [0, 4], "car_4304": [7, 0], "car_3697": [5, 4], "car_4302": [1, 7], "car_4303": [4, 2], "car_4300": [0, 6], "car_4301": [8, 0], "car_1266": [8, 3], "car_1267": [11, 0], "car_1264": [9, 2], "car_1265": [0, 3], "car_1262": [2, 5], "car_1263": [5, 4], "car_1260": [7, 4], "car_1261": [10, 5], "car_2949": [10, 4], "car_4769": [1, 2], "car_1268": [1, 0], "car_1269": [2, 0], "car_3581": [0, 7], "car_4510": [11, 7], "car_3749": [5, 3], "car_4919": [8, 7], "car_3371": [10, 3], "car_4735": [9, 0], "car_2406": [2, 1], "car_4948": [9, 6], "car_3979": [10, 4], "car_4238": [4, 0], "car_4239": [7, 6], "car_4232": [2, 6], "car_4233": [6, 7], "car_4230": [7, 3], "car_4231": [10, 6], "car_4236": [11, 6], "car_4237": [1, 7], "car_4234": [9, 1], "car_4235": [3, 5], "car_2065": [2, 5], "car_2064": [10, 1], "car_1048": [4, 0], "car_1049": [7, 2], "car_2061": [11, 0], "car_2060": [3, 1], "car_2063": [7, 2], "car_2062": [1, 0], "car_1042": [2, 1], "car_1043": [6, 0], "car_1040": [7, 0], "car_1041": [10, 0], "car_1046": [3, 7], "car_1047": [8, 3], "car_1044": [9, 7], "car_1045": [0, 1], "car_2663": [9, 5], "car_2662": [5, 3], "car_2661": [2, 4], "car_2660": [10, 4], "car_2667": [11, 6], "car_2666": [8, 0], "car_2665": [3, 1], "car_2664": [0, 1], "car_2669": [7, 3], "car_2668": [4, 6], "car_4548": [0, 7], "car_4522": [3, 6], "car_4516": [8, 1], "car_3528": [3, 6], "car_4868": [1, 6], "car_2404": [1, 5], "car_4265": [2, 0], "car_3582": [8, 3], "car_4739": [2, 1], "car_4740": [5, 3], "car_4738": [7, 1], "car_4515": [3, 6], "car_3422": [2, 3], "car_3423": [5, 2], "car_78": [0, 6], "car_79": [3, 2], "car_3426": [3, 1], "car_3427": [8, 7], "car_3424": [9, 5], "car_3425": [0, 4], "car_72": [8, 0], "car_73": [4, 5], "car_70": [0, 3], "car_71": [3, 1], "car_76": [5, 7], "car_77": [6, 0], "car_74": [10, 2], "car_75": [2, 6], "car_992": [0, 7], "car_993": [3, 1], "car_990": [6, 5], "car_991": [9, 1], "car_996": [4, 1], "car_997": [7, 3], "car_994": [11, 3], "car_995": [1, 0], "car_1688": [6, 2], "car_1689": [0, 7], "car_998": [2, 0], "car_999": [5, 1], "car_4833": [7, 2], "car_2409": [9, 5], "car_2408": [6, 7], "car_2797": [9, 2], "car_2796": [6, 7], "car_2795": [5, 7], "car_2794": [2, 3], "car_2793": [7, 3], "car_2792": [1, 5], "car_1448": [9, 2], "car_1449": [0, 7], "car_1446": [5, 0], "car_1447": [6, 7], "car_1444": [10, 2], "car_1445": [2, 7], "car_1442": [4, 7], "car_1443": [7, 4], "car_1440": [11, 2], "car_1441": [1, 6], "car_2883": [9, 6], "car_2882": [6, 1], "car_2881": [5, 0], "car_2798": [0, 4], "car_2887": [11, 7], "car_2886": [8, 5], "car_2885": [3, 4], "car_2884": [0, 6], "car_2889": [4, 2], "car_2888": [1, 7], "car_3686": [10, 7], "car_3687": [2, 5], "car_3684": [1, 0], "car_3685": [4, 2], "car_2401": [9, 5], "car_3683": [11, 6], "car_3680": [9, 1], "car_3681": [3, 1], "car_2986": [2, 5], "car_3688": [5, 1], "car_3689": [9, 0], "car_3336": [2, 4], "car_3337": [5, 3], "car_2539": [5, 3], "car_2538": [2, 5], "car_2249": [1, 3], "car_2248": [11, 4], "car_3330": [0, 3], "car_3331": [3, 1], "car_2245": [6, 2], "car_2244": [5, 3], "car_2247": [8, 2], "car_2246": [3, 0], "car_2241": [1, 4], "car_2240": [11, 5], "car_2243": [2, 0], "car_2242": [10, 6], "car_2089": [11, 1], "car_2088": [8, 6], "car_3873": [4, 3], "car_4949": [3, 4], "car_2083": [5, 0], "car_2082": [2, 4], "car_2081": [10, 1], "car_2080": [7, 5], "car_2087": [3, 7], "car_2086": [0, 3], "car_2085": [9, 3], "car_2084": [6, 7], "car_4846": [11, 1], "car_3180": [9, 0], "car_3183": [11, 6], "car_4676": [9, 6], "car_3239": [6, 7], "car_2984": [4, 1], "car_3758": [10, 7], "car_3759": [2, 3], "car_3208": [5, 4], "car_3209": [9, 6], "car_4336": [1, 6], "car_3868": [5, 3], "car_4941": [6, 7], "car_3202": [5, 0], "car_3203": [9, 2], "car_3200": [7, 3], "car_3186": [7, 6], "car_3206": [7, 3], "car_3207": [2, 7], "car_3204": [8, 5], "car_3205": [1, 6], "car_578": [4, 0], "car_579": [2, 0], "car_2333": [7, 5], "car_2332": [4, 5], "car_2335": [5, 2], "car_2334": [2, 5], "car_2337": [3, 7], "car_553": [4, 7], "car_570": [7, 4], "car_571": [10, 3], "car_572": [2, 6], "car_573": [6, 4], "car_574": [0, 6], "car_806": [4, 0], "car_576": [8, 3], "car_577": [11, 2], "car_4115": [0, 6], "car_807": [7, 1], "car_4946": [2, 3], "car_800": [9, 0], "car_4947": [5, 4], "car_801": [0, 7], "car_4152": [2, 7], "car_802": [3, 1], "car_4508": [3, 2], "car_4400": [2, 6], "car_2192": [2, 0], "car_803": [8, 2], "car_2067": [3, 5], "car_2066": [0, 6], "car_619": [3, 5], "car_618": [9, 7], "car_3377": [7, 1], "car_615": [10, 7], "car_614": [4, 3], "car_617": [6, 5], "car_616": [2, 5], "car_611": [8, 7], "car_610": [3, 4], "car_613": [1, 3], "car_612": [11, 4], "car_4824": [10, 0], "car_2151": [0, 7], "car_3775": [9, 2], "car_4509": [8, 0], "car_3118": [8, 0], "car_3119": [11, 0], "car_3116": [0, 1], "car_3117": [3, 2], "car_3114": [6, 0], "car_3115": [9, 3], "car_3112": [2, 4], "car_3113": [5, 0], "car_3110": [4, 3], "car_3111": [10, 4], "car_2704": [9, 6], "car_4674": [5, 1], "car_2705": [0, 4], "car_4586": [2, 6], "car_3678": [5, 6], "car_2706": [3, 4], "car_4591": [11, 2], "car_2150": [5, 3], "car_4555": [3, 2], "car_2707": [8, 3], "car_2069": [1, 0], "car_2068": [8, 2], "car_2702": [7, 6], "car_2703": [5, 0], "car_4778": [1, 6], "car_4632": [1, 2], "car_769": [2, 0], "car_768": [7, 5], "car_2567": [4, 6], "car_4545": [2, 7], "car_761": [3, 1], "car_760": [6, 7], "car_763": [2, 5], "car_762": [11, 3], "car_765": [3, 1], "car_764": [0, 4], "car_767": [1, 0], "car_766": [8, 3], "car_2216": [10, 2], "car_4428": [6, 2], "car_2217": [2, 4], "car_4540": [8, 3], "car_2330": [8, 4], "car_4832": [4, 5], "car_2214": [1, 3], "car_4541": [1, 7], "car_4800": [0, 1], "car_4070": [10, 5], "car_2215": [4, 0], "car_4542": [4, 1], "car_4957": [6, 3], "car_2212": [8, 5], "car_4543": [7, 3], "car_2213": [11, 6], "car_4424": [1, 2], "car_4423": [11, 5], "car_2210": [0, 5], "car_4422": [8, 4], "car_4151": [7, 0], "car_2211": [3, 5], "car_575": [3, 1], "car_3374": [0, 1], "car_4549": [3, 2], "car_4201": [4, 1], "car_4425": [7, 6], "car_4381": [0, 5], "car_4142": [1, 6], "car_1305": [0, 1], "car_1304": [9, 2], "car_1307": [5, 6], "car_1306": [2, 6], "car_1301": [2, 1], "car_1300": [10, 2], "car_1303": [6, 1], "car_1302": [5, 4], "car_4675": [6, 4], "car_3909": [4, 2], "car_1309": [3, 0], "car_1308": [0, 2], "car_3832": [1, 0], "car_3760": [5, 1], "car_389": [8, 4], "car_388": [3, 6], "car_387": [6, 0], "car_386": [2, 5], "car_385": [4, 7], "car_384": [1, 5], "car_383": [11, 1], "car_382": [8, 5], "car_381": [3, 0], "car_380": [0, 1], "car_141": [2, 1], "car_140": [8, 1], "car_143": [6, 7], "car_142": [5, 4], "car_145": [0, 7], "car_144": [9, 3], "car_147": [8, 5], "car_146": [3, 2], "car_149": [4, 6], "car_148": [1, 2], "car_4043": [10, 0], "car_4042": [4, 2], "car_2407": [5, 7], "car_4044": [5, 0], "car_4047": [8, 1], "car_4046": [0, 6], "car_1279": [6, 0], "car_1278": [2, 0], "car_4313": [10, 2], "car_4312": [7, 5], "car_4315": [0, 3], "car_4314": [9, 4], "car_4317": [8, 6], "car_4316": [3, 5], "car_1271": [9, 2], "car_1270": [6, 1], "car_1273": [3, 4], "car_1272": [0, 5], "car_1275": [1, 2], "car_1274": [11, 7], "car_1277": [7, 4], "car_1276": [4, 7], "car_4984": [7, 4], "car_2326": [5, 6], "car_4501": [7, 2], "car_4956": [5, 6], "car_4987": [6, 7], "car_2847": [2, 6], "car_3671": [9, 5], "car_4771": [7, 5], "car_2327": [6, 3], "car_4502": [10, 0], "car_4958": [0, 3], "car_4229": [4, 7], "car_4228": [1, 4], "car_4305": [2, 6], "car_4225": [9, 7], "car_3912": [6, 7], "car_4227": [11, 4], "car_4226": [0, 6], "car_4221": [10, 3], "car_4220": [7, 1], "car_4223": [5, 6], "car_4222": [2, 3], "car_3491": [6, 2], "car_1059": [4, 2], "car_1058": [1, 2], "car_1055": [3, 7], "car_1054": [0, 1], "car_1057": [11, 0], "car_1056": [8, 6], "car_1051": [2, 7], "car_1050": [10, 7], "car_1053": [9, 3], "car_1052": [6, 5], "car_2656": [8, 1], "car_2657": [1, 7], "car_2654": [9, 1], "car_2655": [3, 1], "car_2652": [7, 3], "car_2653": [10, 2], "car_2650": [11, 2], "car_2651": [4, 1], "car_4439": [9, 2], "car_2415": [7, 2], "car_2658": [4, 5], "car_2659": [7, 2], "car_3490": [5, 0], "car_4588": [9, 7], "car_3790": [6, 4], "car_4035": [2, 1], "car_4689": [7, 2], "car_2416": [10, 4], "car_69": [9, 5], "car_68": [6, 2], "car_2438": [4, 1], "car_2439": [10, 2], "car_3431": [6, 3], "car_3430": [2, 5], "car_3433": [0, 7], "car_3432": [9, 0], "car_61": [3, 0], "car_60": [0, 2], "car_63": [1, 5], "car_62": [8, 2], "car_65": [7, 0], "car_64": [4, 1], "car_67": [2, 5], "car_66": [10, 0], "car_1693": [1, 7], "car_1692": [11, 1], "car_1691": [8, 0], "car_1690": [3, 7], "car_1697": [6, 2], "car_1696": [5, 3], "car_969": [4, 2], "car_968": [3, 4], "car_967": [0, 6], "car_966": [5, 1], "car_965": [10, 3], "car_964": [4, 6], "car_963": [1, 7], "car_962": [8, 7], "car_961": [3, 1], "car_960": [0, 3], "car_1451": [8, 1], "car_1450": [3, 2], "car_1453": [7, 2], "car_1452": [1, 0], "car_1455": [6, 1], "car_1454": [2, 0], "car_1457": [0, 5], "car_1456": [9, 7], "car_1459": [4, 7], "car_1458": [1, 2], "car_4506": [9, 5], "car_3937": [1, 6], "car_3707": [6, 5], "car_3541": [3, 4], "car_2410": [0, 4], "car_2837": [11, 4], "car_4449": [0, 2], "car_3428": [1, 4], "car_3329": [9, 5], "car_3328": [5, 7], "car_3429": [7, 6], "car_3175": [8, 6], "car_3321": [9, 1], "car_3320": [5, 3], "car_3323": [8, 7], "car_3322": [0, 7], "car_3325": [4, 7], "car_3279": [10, 3], "car_3327": [2, 3], "car_3326": [7, 2], "car_3278": [4, 3], "car_2411": [8, 2], "car_3547": [2, 3], "car_2508": [11, 3], "car_2509": [1, 4], "car_2506": [0, 3], "car_2507": [8, 3], "car_2504": [5, 4], "car_2505": [6, 4], "car_2502": [10, 2], "car_2503": [2, 5], "car_2500": [4, 3], "car_2501": [7, 6], "car_2737": [6, 4], "car_1680": [0, 3], "car_1681": [8, 5], "car_4009": [6, 1], "car_3705": [2, 0], "car_3173": [6, 0], "car_1682": [1, 4], "car_1683": [4, 1], "car_4442": [1, 5], "car_3903": [2, 4], "car_3272": [5, 1], "car_1684": [7, 0], "car_2736": [2, 1], "car_1685": [10, 4], "car_1891": [1, 6], "car_3270": [10, 7], "car_1686": [2, 7], "car_1890": [11, 3], "car_3704": [4, 2], "car_1687": [5, 3], "car_1893": [5, 7], "car_545": [2, 5], "car_544": [7, 4], "car_547": [6, 2], "car_546": [5, 2], "car_541": [9, 2], "car_540": [5, 7], "car_543": [4, 5], "car_542": [11, 0], "car_3215": [4, 5], "car_1895": [3, 0], "car_3217": [10, 3], "car_3216": [7, 0], "car_549": [3, 1], "car_548": [0, 6], "car_819": [3, 0], "car_818": [0, 3], "car_2344": [6, 0], "car_2345": [0, 7], "car_2346": [3, 2], "car_2347": [8, 2], "car_2340": [1, 4], "car_1897": [11, 4], "car_2342": [2, 3], "car_2343": [5, 3], "car_2405": [10, 1], "car_1896": [8, 7], "car_2348": [1, 6], "car_2349": [4, 2], "car_4710": [3, 4], "car_3699": [0, 2], "car_3698": [6, 1], "car_3691": [8, 0], "car_3690": [0, 5], "car_3693": [1, 2], "car_3692": [11, 1], "car_3695": [7, 5], "car_3694": [4, 6], "car_33": [7, 3], "car_3696": [10, 3], "car_1767": [2, 3], "car_3702": [11, 1], "car_1766": [10, 1], "car_4682": [2, 5], "car_4218": [11, 2], "car_4838": [8, 4], "car_1765": [7, 2], "car_4219": [1, 3], "car_3498": [2, 0], "car_608": [9, 3], "car_609": [0, 1], "car_4840": [1, 5], "car_2941": [2, 4], "car_602": [1, 3], "car_603": [4, 2], "car_600": [8, 3], "car_601": [11, 2], "car_606": [5, 0], "car_607": [6, 4], "car_604": [7, 3], "car_605": [10, 3], "car_3101": [10, 4], "car_3100": [7, 4], "car_3103": [5, 3], "car_3102": [2, 0], "car_3105": [9, 7], "car_1761": [0, 6], "car_3107": [8, 7], "car_3106": [3, 7], "car_3109": [1, 4], "car_3108": [11, 4], "car_1760": [9, 5], "car_4350": [8, 5], "car_4768": [11, 3], "car_4872": [5, 4], "car_4180": [6, 1], "car_2799": [3, 1], "car_3700": [3, 6], "car_4433": [1, 0], "car_4901": [6, 0], "car_776": [2, 1], "car_777": [5, 4], "car_774": [4, 1], "car_775": [10, 5], "car_772": [0, 6], "car_773": [3, 1], "car_770": [5, 4], "car_771": [9, 5], "car_4551": [2, 3], "car_1768": [5, 0], "car_778": [6, 1], "car_779": [9, 0], "car_4468": [4, 0], "car_4434": [4, 7], "car_2418": [6, 0], "car_2880": [10, 1], "car_4338": [2, 4], "car_1750": [9, 4], "car_3941": [9, 1], "car_4448": [9, 4], "car_3940": [5, 0], "car_4686": [8, 3], "car_4435": [7, 5], "car_2419": [9, 3], "car_4713": [4, 2], "car_4717": [9, 7], "car_3293": [2, 3], "car_4935": [0, 7], "car_4383": [1, 0], "car_4900": [5, 4], "car_4436": [2, 1], "car_4839": [11, 1], "car_3664": [8, 2], "car_3292": [7, 0], "car_3949": [8, 2], "car_3948": [3, 4], "car_4547": [9, 7], "car_4532": [11, 3], "car_4684": [6, 1], "car_4437": [5, 0], "car_3251": [7, 2], "car_1994": [7, 3], "car_1995": [10, 1], "car_1996": [2, 0], "car_1997": [5, 3], "car_1990": [3, 5], "car_1991": [11, 1], "car_1992": [1, 3], "car_1993": [4, 5], "car_4148": [8, 4], "car_4149": [11, 3], "car_1998": [6, 7], "car_1999": [0, 6], "car_2846": [10, 2], "car_4499": [1, 4], "car_3682": [8, 7], "car_3250": [4, 0], "car_3728": [5, 1], "car_1842": [10, 5], "car_1806": [0, 4], "car_1840": [11, 2], "car_1841": [4, 2], "car_398": [1, 7], "car_399": [4, 1], "car_1844": [6, 2], "car_1807": [3, 7], "car_394": [0, 2], "car_395": [3, 4], "car_396": [8, 1], "car_397": [11, 6], "car_390": [4, 6], "car_391": [7, 0], "car_392": [2, 0], "car_393": [6, 2], "car_4369": [5, 1], "car_3725": [1, 5], "car_4671": [4, 6], "car_4038": [0, 1], "car_4039": [3, 4], "car_158": [11, 2], "car_159": [1, 2], "car_156": [3, 4], "car_157": [8, 3], "car_154": [6, 5], "car_155": [9, 4], "car_152": [2, 5], "car_153": [5, 4], "car_150": [7, 6], "car_151": [10, 5], "car_3667": [7, 4], "car_4365": [4, 5], "car_4366": [7, 5], "car_3726": [4, 6], "car_1208": [5, 1], "car_1209": [6, 0], "car_4362": [8, 0], "car_4363": [11, 5], "car_1204": [1, 7], "car_1205": [4, 3], "car_1206": [7, 1], "car_1207": [10, 6], "car_1200": [6, 4], "car_1201": [9, 4], "car_1202": [0, 2], "car_1203": [3, 2], "car_4171": [6, 3], "car_2601": [7, 0], "car_2403": [8, 4], "car_4170": [5, 1], "car_3252": [5, 2], "car_3926": [5, 0], "car_3722": [0, 6], "car_4678": [8, 4], "car_3660": [2, 3], "car_4760": [8, 7], "car_4172": [9, 1], "car_4852": [5, 1], "car_3334": [4, 2], "car_4174": [8, 5], "car_3708": [9, 4], "car_4783": [9, 2], "car_4780": [10, 4], "car_3335": [7, 2], "car_4786": [11, 4], "car_1808": [8, 1], "car_4784": [3, 7], "car_3255": [0, 7], "car_4966": [1, 5], "car_3332": [8, 6], "car_4788": [7, 4], "car_1809": [11, 1], "car_3661": [6, 1], "car_4963": [6, 4], "car_4960": [8, 6], "car_3333": [11, 4], "car_2649": [9, 0], "car_2612": [5, 4], "car_4568": [4, 0], "car_4438": [6, 5], "car_4701": [6, 4], "car_2613": [6, 7], "car_2641": [9, 4], "car_2640": [6, 2], "car_2643": [1, 6], "car_2642": [8, 5], "car_2645": [7, 1], "car_2644": [4, 7], "car_2647": [2, 0], "car_2646": [10, 5], "car_1510": [8, 0], "car_1511": [1, 5], "car_1512": [4, 5], "car_1513": [10, 5], "car_1514": [5, 4], "car_1515": [6, 4], "car_1516": [3, 0], "car_1517": [8, 1], "car_1518": [1, 6], "car_1519": [4, 1], "car_3662": [0, 5], "car_4763": [10, 0], "car_4764": [2, 1], "car_2531": [9, 2], "car_4766": [0, 1], "car_2965": [10, 2], "car_2530": [6, 3], "car_2966": [5, 7], "car_3366": [9, 4], "car_4698": [10, 6], "car_2537": [7, 1], "car_2967": [6, 2], "car_2536": [4, 0], "car_2968": [8, 6], "car_2855": [6, 2], "car_4976": [5, 2], "car_1198": [10, 1], "car_1199": [5, 4], "car_2969": [1, 0], "car_1194": [8, 0], "car_1195": [11, 7], "car_1196": [1, 4], "car_1197": [7, 0], "car_1190": [7, 1], "car_1191": [5, 4], "car_1192": [9, 1], "car_1193": [3, 5], "car_3916": [7, 0], "car_3917": [10, 2], "car_3914": [3, 5], "car_2619": [2, 3], "car_2429": [3, 4], "car_2428": [0, 3], "car_3910": [10, 4], "car_3911": [5, 1], "car_2425": [2, 4], "car_2424": [10, 3], "car_2427": [6, 2], "car_2426": [5, 4], "car_2421": [8, 3], "car_2126": [7, 1], "car_2423": [7, 3], "car_2422": [4, 7], "car_2856": [9, 0], "car_2127": [10, 5], "car_978": [7, 2], "car_979": [2, 4], "car_974": [9, 7], "car_975": [3, 4], "car_976": [8, 3], "car_977": [4, 3], "car_970": [7, 1], "car_971": [2, 0], "car_972": [5, 1], "car_973": [6, 5], "car_1424": [4, 5], "car_1425": [7, 4], "car_1426": [10, 7], "car_1427": [2, 6], "car_1420": [9, 5], "car_1421": [3, 2], "car_1422": [11, 7], "car_1423": [1, 6], "car_2402": [3, 2], "car_1428": [5, 2], "car_1429": [6, 1], "car_2857": [0, 7], "car_3259": [4, 0], "car_4752": [1, 0], "car_4765": [5, 2], "car_4937": [11, 0], "car_4335": [8, 6], "car_4754": [7, 4], "car_3593": [10, 7], "car_4902": [3, 6], "car_3358": [0, 4], "car_3359": [3, 6], "car_3354": [2, 3], "car_2128": [5, 2], "car_3356": [6, 1], "car_3357": [9, 6], "car_3350": [3, 7], "car_3258": [1, 3], "car_3352": [7, 5], "car_2129": [0, 4], "car_2511": [10, 6], "car_2510": [4, 5], "car_2513": [5, 3], "car_2512": [2, 3], "car_2515": [3, 2], "car_2514": [0, 3], "car_2517": [1, 6], "car_2516": [11, 7], "car_2519": [7, 4], "car_2518": [4, 6], "car_3590": [8, 5], "car_3591": [11, 2], "car_3596": [6, 5], "car_3597": [9, 4], "car_3594": [2, 5], "car_3595": [5, 1], "car_1738": [7, 1], "car_1739": [2, 6], "car_1730": [11, 1], "car_1731": [4, 0], "car_1732": [2, 1], "car_1733": [6, 5], "car_1734": [0, 3], "car_1735": [8, 4], "car_1736": [11, 6], "car_1737": [1, 2], "car_54": [8, 1], "car_55": [11, 0], "car_56": [4, 6], "car_57": [7, 3], "car_50": [2, 7], "car_51": [6, 4], "car_52": [0, 3], "car_53": [3, 5], "car_4507": [0, 7], "car_58": [10, 5], "car_59": [5, 6], "car_4954": [10, 3], "car_2609": [7, 3], "car_552": [1, 3], "car_805": [1, 2], "car_550": [8, 2], "car_551": [11, 2], "car_556": [5, 1], "car_557": [9, 1], "car_554": [7, 5], "car_555": [10, 3], "car_3776": [3, 7], "car_3777": [8, 7], "car_558": [0, 3], "car_559": [11, 2], "car_808": [5, 6], "car_809": [9, 7], "car_3770": [3, 4], "car_3771": [11, 3], "car_2357": [11, 4], "car_2356": [8, 1], "car_2355": [0, 4], "car_2354": [9, 2], "car_2353": [5, 1], "car_2352": [2, 3], "car_2351": [10, 3], "car_2350": [7, 1], "car_2359": [9, 0], "car_2358": [5, 0], "car_4117": [8, 4], "car_1757": [10, 2], "car_4445": [2, 0], "car_4895": [3, 7], "car_3672": [0, 4], "car_4936": [8, 6], "car_3710": [11, 7], "car_2339": [11, 1], "car_4690": [10, 1], "car_3709": [3, 2], "car_2469": [6, 7], "car_4898": [1, 2], "car_4855": [3, 2], "car_3174": [0, 4], "car_2915": [9, 5], "car_3176": [1, 4], "car_3177": [4, 6], "car_3170": [7, 0], "car_3171": [10, 4], "car_3172": [2, 6], "car_2914": [6, 1], "car_3178": [2, 4], "car_3179": [6, 5], "car_3711": [4, 3], "car_3369": [11, 0], "car_4691": [5, 2], "car_4359": [2, 1], "car_2468": [5, 4], "car_3437": [4, 2], "car_3747": [7, 1], "car_4843": [10, 0], "car_4328": [11, 5], "car_4876": [8, 4], "car_703": [4, 5], "car_702": [1, 3], "car_701": [11, 6], "car_700": [3, 1], "car_707": [6, 4], "car_706": [5, 2], "car_705": [2, 6], "car_704": [10, 3], "car_709": [3, 2], "car_708": [0, 3], "car_3436": [1, 0], "car_3008": [4, 1], "car_3009": [7, 6], "car_4329": [4, 7], "car_3000": [10, 2], "car_3001": [2, 7], "car_3002": [5, 0], "car_3003": [6, 2], "car_3004": [0, 4], "car_3005": [3, 5], "car_3006": [8, 1], "car_3007": [1, 0], "car_2221": [3, 2], "car_4353": [3, 1], "car_4247": [4, 2], "car_2308": [1, 4], "car_4116": [3, 7], "car_3619": [9, 3], "car_4773": [5, 7], "car_2400": [6, 4], "car_3751": [9, 7], "car_2309": [7, 2], "car_3201": [2, 0], "car_3754": [11, 0], "car_3755": [1, 5], "car_4496": [5, 0], "car_3756": [4, 2], "car_3757": [7, 4], "car_4815": [5, 7], "car_1987": [2, 4], "car_1986": [4, 7], "car_1985": [1, 3], "car_1984": [11, 1], "car_1983": [8, 3], "car_1982": [6, 4], "car_1981": [5, 6], "car_1980": [2, 4], "car_4159": [11, 2], "car_4158": [8, 5], "car_4696": [4, 7], "car_1989": [0, 2], "car_1988": [9, 4], "car_4918": [3, 0], "car_4827": [0, 5], "car_2768": [7, 0], "car_1855": [8, 5], "car_1796": [5, 7], "car_1857": [1, 4], "car_1856": [11, 7], "car_1851": [5, 1], "car_1850": [2, 7], "car_1853": [9, 6], "car_1797": [6, 1], "car_4805": [5, 6], "car_4804": [4, 1], "car_4807": [9, 3], "car_2336": [0, 1], "car_1859": [10, 1], "car_1794": [10, 7], "car_4803": [11, 2], "car_4802": [8, 5], "car_2230": [3, 2], "car_129": [10, 0], "car_128": [7, 3], "car_4368": [2, 1], "car_4029": [6, 4], "car_2231": [8, 7], "car_123": [2, 6], "car_122": [7, 6], "car_121": [4, 3], "car_120": [1, 0], "car_127": [4, 0], "car_126": [0, 3], "car_125": [9, 2], "car_124": [5, 0], "car_4377": [2, 5], "car_4153": [5, 1], "car_4375": [4, 2], "car_4374": [1, 3], "car_3718": [7, 0], "car_1790": [8, 2], "car_1219": [3, 6], "car_1218": [0, 1], "car_1217": [9, 2], "car_1216": [6, 7], "car_1215": [5, 3], "car_1214": [10, 4], "car_1213": [7, 6], "car_1212": [1, 7], "car_1211": [8, 5], "car_1210": [0, 6], "car_1415": [7, 3], "car_4150": [4, 3], "car_1414": [1, 7], "car_4157": [3, 1], "car_1417": [2, 1], "car_4156": [0, 7], "car_4266": [5, 2], "car_3719": [10, 6], "car_1416": [10, 4], "car_4155": [9, 1], "car_1411": [0, 1], "car_4154": [6, 1], "car_3959": [11, 2], "car_1410": [9, 2], "car_237": [10, 7], "car_236": [4, 6], "car_235": [1, 7], "car_234": [11, 1], "car_233": [3, 1], "car_232": [0, 5], "car_231": [9, 4], "car_230": [6, 0], "car_4979": [3, 1], "car_4978": [0, 7], "car_3372": [6, 7], "car_1412": [3, 2], "car_4799": [9, 3], "car_4798": [6, 4], "car_239": [5, 3], "car_238": [2, 0], "car_2988": [6, 3], "car_2989": [0, 4], "car_2638": [2, 6], "car_2639": [5, 2], "car_2634": [11, 6], "car_2635": [1, 0], "car_2636": [7, 4], "car_2637": [10, 7], "car_2630": [6, 2], "car_2631": [9, 6], "car_2632": [0, 2], "car_2633": [3, 2], "car_1503": [4, 3], "car_1502": [11, 6], "car_1501": [9, 0], "car_1500": [6, 0], "car_1507": [9, 5], "car_1506": [6, 4], "car_1505": [10, 4], "car_1504": [7, 3], "car_3373": [9, 7], "car_4772": [10, 7], "car_1509": [3, 1], "car_1508": [0, 5], "car_4777": [11, 0], "car_4776": [3, 4], "car_4775": [0, 7], "car_3825": [7, 6], "car_4498": [8, 1], "car_4916": [9, 7], "car_4367": [10, 1], "car_4812": [7, 2], "car_4854": [0, 3], "car_3439": [6, 7], "car_3745": [1, 4], "car_4489": [0, 1], "car_4488": [2, 5], "car_4322": [10, 2], "car_1189": [4, 1], "car_1188": [1, 6], "car_1187": [11, 7], "car_1186": [8, 0], "car_1185": [3, 6], "car_1184": [0, 5], "car_1183": [9, 7], "car_1182": [6, 0], "car_1181": [5, 3], "car_1180": [10, 5], "car_2182": [4, 1], "car_2183": [10, 7], "car_2180": [11, 1], "car_2181": [1, 3], "car_2186": [6, 4], "car_2187": [3, 1], "car_2184": [2, 5], "car_2185": [5, 2], "car_3438": [2, 4], "car_2188": [11, 1], "car_2189": [1, 2], "car_949": [10, 6], "car_948": [7, 1], "car_2742": [4, 5], "car_2743": [5, 3], "car_2744": [6, 4], "car_2745": [9, 5], "car_2746": [0, 7], "car_2747": [11, 5], "car_941": [7, 3], "car_940": [4, 2], "car_943": [3, 7], "car_942": [2, 6], "car_945": [11, 4], "car_944": [8, 7], "car_947": [4, 6], "car_946": [1, 2], "car_1437": [0, 1], "car_1436": [5, 7], "car_1435": [2, 0], "car_1434": [4, 7], "car_1433": [1, 2], "car_1432": [11, 3], "car_1431": [3, 4], "car_1430": [0, 1], "car_1439": [8, 1], "car_1438": [3, 0], "car_3501": [0, 1], "car_2238": [0, 1], "car_4114": [9, 4], "car_2823": [9, 1], "car_4446": [5, 2], "car_493": [5, 2], "car_492": [10, 4], "car_491": [7, 5], "car_490": [4, 0], "car_497": [2, 4], "car_496": [4, 3], "car_495": [1, 0], "car_494": [6, 3], "car_3347": [6, 1], "car_3346": [5, 2], "car_499": [0, 3], "car_498": [9, 5], "car_3343": [4, 0], "car_3342": [1, 3], "car_3341": [8, 5], "car_3340": [0, 3], "car_2296": [0, 2], "car_2297": [3, 1], "car_2294": [5, 2], "car_2239": [3, 2], "car_2292": [7, 0], "car_2293": [10, 4], "car_2290": [1, 4], "car_2291": [4, 3], "car_3585": [2, 1], "car_1918": [4, 7], "car_3587": [6, 1], "car_3586": [5, 0], "car_2568": [10, 4], "car_2569": [2, 3], "car_2298": [8, 3], "car_1919": [7, 1], "car_1729": [8, 3], "car_1728": [3, 1], "car_1723": [7, 6], "car_1722": [4, 3], "car_1721": [1, 3], "car_1720": [8, 5], "car_1727": [6, 0], "car_1726": [5, 3], "car_1725": [2, 7], "car_1724": [10, 0], "car_43": [6, 4], "car_42": [10, 1], "car_41": [7, 2], "car_40": [4, 2], "car_47": [1, 2], "car_46": [8, 5], "car_45": [3, 1], "car_44": [9, 3], "car_3901": [7, 1], "car_3900": [4, 5], "car_49": [7, 5], "car_48": [4, 2], "car_3905": [3, 7], "car_1916": [11, 2], "car_3907": [11, 3], "car_3906": [8, 2], "car_3365": [6, 0], "car_1917": [1, 0], "car_4940": [7, 2], "car_4844": [9, 7], "car_3364": [5, 3], "car_4801": [3, 5], "car_3761": [0, 7], "car_3375": [3, 6], "car_3367": [3, 4], "car_1858": [7, 5], "car_831": [2, 7], "car_830": [4, 7], "car_833": [6, 3], "car_832": [5, 2], "car_835": [0, 6], "car_834": [9, 5], "car_837": [11, 7], "car_836": [3, 4], "car_839": [2, 0], "car_838": [10, 5], "car_2360": [0, 7], "car_2361": [8, 6], "car_2366": [6, 7], "car_2367": [9, 1], "car_2364": [2, 0], "car_2365": [5, 6], "car_2168": [0, 6], "car_2169": [3, 0], "car_3509": [6, 0], "car_3815": [3, 7], "car_2160": [6, 4], "car_2161": [9, 7], "car_2162": [11, 5], "car_2163": [1, 0], "car_2164": [7, 6], "car_2165": [2, 6], "car_2166": [6, 1], "car_2167": [9, 4], "car_2810": [1, 0], "car_2811": [10, 2], "car_4871": [2, 7], "car_2812": [5, 6], "car_4311": [1, 4], "car_2813": [6, 5], "car_3763": [8, 2], "car_1941": [4, 1], "car_2814": [9, 1], "car_4028": [5, 2], "car_3055": [1, 2], "car_2815": [0, 4], "car_4027": [2, 3], "car_2544": [1, 6], "car_3235": [7, 1], "car_2817": [11, 0], "car_4025": [7, 4], "car_3167": [3, 4], "car_3166": [0, 1], "car_3165": [9, 2], "car_3164": [6, 0], "car_3163": [5, 1], "car_3162": [2, 6], "car_3161": [10, 7], "car_3160": [7, 2], "car_4023": [1, 5], "car_4785": [8, 7], "car_2463": [6, 7], "car_3169": [4, 6], "car_3168": [11, 4], "car_2462": [5, 2], "car_3980": [2, 5], "car_4021": [8, 5], "car_3309": [10, 1], "car_4020": [3, 7], "car_3565": [10, 6], "car_4376": [10, 0], "car_3933": [5, 7], "car_710": [8, 4], "car_711": [11, 5], "car_712": [7, 5], "car_713": [10, 5], "car_714": [2, 3], "car_715": [6, 0], "car_716": [9, 0], "car_717": [0, 1], "car_718": [3, 6], "car_719": [8, 7], "car_4847": [1, 6], "car_4372": [3, 1], "car_1892": [4, 7], "car_3019": [4, 2], "car_3018": [1, 0], "car_4224": [6, 2], "car_3028": [1, 3], "car_3013": [6, 5], "car_3012": [5, 0], "car_3011": [2, 6], "car_3010": [10, 0], "car_3017": [11, 6], "car_3016": [8, 7], "car_3015": [3, 0], "car_2987": [5, 1], "car_3923": [7, 4], "car_3508": [5, 7], "car_3989": [8, 7], "car_3421": [7, 2], "car_4494": [7, 4], "car_4273": [2, 4], "car_4857": [11, 6], "car_4379": [6, 0], "car_4809": [3, 7], "car_4378": [5, 3], "car_1894": [0, 3], "car_4579": [6, 5], "car_4495": [10, 2], "car_4440": [8, 0], "car_4932": [5, 0], "car_4517": [11, 1], "car_4808": [0, 7], "car_3769": [0, 6], "car_4166": [1, 7], "car_4167": [4, 1], "car_4164": [9, 0], "car_4165": [11, 5], "car_4162": [5, 3], "car_4163": [6, 3], "car_4160": [1, 7], "car_4161": [10, 6], "car_4492": [1, 0], "car_4168": [7, 2], "car_4169": [10, 3], "car_2895": [11, 4], "car_3368": [8, 5], "car_4493": [4, 3], "car_4811": [4, 6], "car_138": [5, 1], "car_139": [0, 3], "car_4010": [9, 3], "car_4011": [3, 7], "car_4016": [10, 1], "car_4017": [2, 7], "car_4014": [1, 4], "car_4015": [4, 0], "car_130": [2, 0], "car_131": [5, 1], "car_132": [9, 7], "car_133": [3, 5], "car_134": [11, 7], "car_135": [1, 5], "car_136": [4, 2], "car_137": [7, 1], "car_1222": [7, 4], "car_1223": [2, 7], "car_1220": [11, 4], "car_1221": [1, 0], "car_1226": [3, 7], "car_1227": [8, 3], "car_1224": [6, 0], "car_1225": [9, 2], "car_1886": [5, 3], "car_1887": [6, 3], "car_1228": [4, 7], "car_1229": [7, 4], "car_1882": [4, 5], "car_1883": [7, 3], "car_1880": [3, 2], "car_1881": [8, 6], "car_2621": [6, 7], "car_3625": [10, 5], "car_3988": [3, 6], "car_5002": [5, 4], "car_224": [1, 6], "car_225": [4, 5], "car_226": [7, 4], "car_227": [10, 4], "car_220": [5, 2], "car_221": [6, 0], "car_222": [9, 0], "car_223": [3, 4], "car_228": [2, 5], "car_229": [5, 6], "car_1086": [7, 6], "car_1087": [10, 4], "car_1084": [1, 0], "car_1085": [4, 7], "car_1082": [8, 7], "car_1083": [11, 7], "car_1080": [9, 4], "car_1081": [3, 6], "car_2627": [10, 0], "car_2626": [4, 3], "car_2625": [1, 5], "car_2624": [11, 1], "car_2623": [3, 5], "car_2622": [9, 6], "car_1088": [2, 0], "car_1089": [5, 3], "car_1536": [3, 7], "car_1537": [11, 7], "car_1534": [9, 3], "car_1535": [0, 3], "car_1532": [5, 0], "car_1533": [6, 2], "car_1530": [10, 6], "car_1531": [2, 0], "car_4746": [7, 1], "car_4747": [10, 1], "car_4744": [11, 1], "car_4745": [4, 7], "car_4742": [3, 0], "car_4743": [8, 6], "car_1538": [4, 6], "car_1539": [7, 1], "car_4795": [4, 7], "car_3512": [11, 5], "car_4794": [1, 3], "car_4806": [6, 5], "car_4703": [11, 5], "car_4797": [2, 1], "car_4348": [0, 4], "car_4349": [3, 1], "car_4342": [8, 5], "car_4343": [7, 2], "car_4340": [9, 2], "car_4341": [3, 1], "car_4346": [5, 7], "car_4347": [9, 5], "car_4344": [10, 0], "car_4345": [2, 1], "car_956": [4, 3], "car_957": [7, 1], "car_954": [8, 4], "car_955": [1, 0], "car_952": [9, 5], "car_953": [0, 6], "car_950": [5, 4], "car_951": [6, 4], "car_4593": [7, 2], "car_1827": [2, 6], "car_2199": [5, 7], "car_2198": [2, 6], "car_958": [2, 3], "car_959": [6, 0], "car_1158": [0, 1], "car_1159": [3, 4], "car_1408": [5, 2], "car_1409": [6, 3], "car_2757": [4, 1], "car_2756": [11, 0], "car_2755": [3, 7], "car_1829": [0, 3], "car_1150": [3, 1], "car_1151": [11, 5], "car_1152": [1, 3], "car_1153": [4, 0], "car_1154": [7, 3], "car_1155": [10, 6], "car_1156": [5, 0], "car_1157": [6, 0], "car_2532": [0, 4], "car_2380": [1, 4], "car_3510": [3, 4], "car_4657": [3, 6], "car_2764": [3, 2], "car_4592": [4, 1], "car_2381": [4, 7], "car_4650": [7, 2], "car_2382": [10, 5], "car_4651": [10, 1], "car_2383": [2, 3], "car_4652": [2, 7], "car_1826": [10, 5], "car_3314": [3, 1], "car_4653": [5, 4], "car_3315": [11, 0], "car_480": [11, 2], "car_481": [4, 5], "car_482": [10, 2], "car_483": [2, 4], "car_484": [5, 6], "car_485": [6, 1], "car_486": [9, 6], "car_487": [8, 6], "car_488": [11, 2], "car_489": [1, 2], "car_2283": [4, 5], "car_2282": [1, 3], "car_2285": [2, 4], "car_2284": [10, 4], "car_2287": [0, 1], "car_2286": [9, 0], "car_2577": [10, 1], "car_853": [1, 3], "car_2575": [4, 7], "car_2574": [1, 4], "car_2573": [11, 1], "car_2572": [3, 0], "car_2571": [9, 3], "car_852": [8, 7], "car_3578": [5, 6], "car_3579": [6, 1], "car_851": [3, 7], "car_2579": [0, 2], "car_2578": [5, 2], "car_4590": [8, 6], "car_582": [0, 6], "car_4711": [11, 5], "car_1718": [0, 4], "car_1719": [3, 1], "car_1716": [6, 1], "car_857": [5, 4], "car_1714": [10, 4], "car_1715": [5, 3], "car_1712": [11, 3], "car_1713": [4, 6], "car_1710": [0, 4], "car_856": [2, 7], "car_2982": [11, 6], "car_1828": [5, 1], "car_3978": [7, 6], "car_855": [7, 2], "car_4584": [7, 5], "car_2983": [1, 4], "car_3974": [8, 0], "car_3975": [11, 0], "car_3976": [1, 0], "car_854": [4, 3], "car_3970": [5, 2], "car_2980": [3, 4], "car_3972": [9, 1], "car_3973": [3, 6], "car_4597": [6, 5], "car_4700": [5, 0], "car_2981": [8, 5], "car_2739": [3, 4], "car_4757": [6, 5], "car_2738": [0, 3], "car_3714": [6, 4], "car_3715": [0, 5], "car_3716": [3, 7], "car_3494": [11, 7], "car_2379": [8, 4], "car_2378": [3, 2], "car_828": [3, 6], "car_829": [11, 1], "car_826": [9, 2], "car_827": [0, 1], "car_824": [10, 5], "car_825": [2, 3], "car_822": [4, 3], "car_823": [7, 3], "car_820": [11, 5], "car_821": [1, 5], "car_3484": [0, 4], "car_3485": [11, 7], "car_2179": [8, 6], "car_2178": [9, 0], "car_3480": [8, 5], "car_3481": [1, 2], "car_3482": [7, 6], "car_3483": [5, 0], "car_2173": [7, 1], "car_2172": [4, 3], "car_2171": [1, 6], "car_2170": [11, 7], "car_2177": [6, 1], "car_2176": [5, 3], "car_2175": [2, 0], "car_2174": [10, 4], "car_4486": [4, 0], "car_4477": [7, 4], "car_3238": [5, 4], "car_2535": [1, 4], "car_3920": [3, 0], "car_4971": [11, 0], "car_4595": [2, 1], "car_4471": [2, 0], "car_3349": [0, 3], "car_3218": [2, 4], "car_3628": [3, 0], "car_3629": [8, 5], "car_3158": [1, 4], "car_3159": [4, 6], "car_2534": [11, 7], "car_3499": [5, 7], "car_4908": [9, 2], "car_4022": [11, 4], "car_3152": [7, 3], "car_3153": [10, 5], "car_3150": [11, 1], "car_3151": [4, 1], "car_3156": [9, 2], "car_3157": [0, 5], "car_3154": [2, 3], "car_3155": [5, 4], "car_3398": [5, 2], "car_3399": [6, 2], "car_4770": [4, 2], "car_4906": [10, 2], "car_3390": [5, 4], "car_3391": [6, 7], "car_3392": [9, 7], "car_3393": [3, 1], "car_3394": [11, 0], "car_3395": [1, 4], "car_3396": [7, 6], "car_3397": [2, 5], "car_3983": [8, 2], "car_4514": [5, 1], "car_4774": [6, 1], "car_3799": [6, 5], "car_3389": [2, 3], "car_4458": [3, 5], "car_3982": [9, 0], "car_4761": [4, 3], "car_729": [11, 2], "car_728": [8, 3], "car_725": [5, 2], "car_724": [2, 3], "car_727": [9, 7], "car_726": [6, 7], "car_721": [1, 2], "car_720": [11, 7], "car_723": [10, 6], "car_722": [4, 3], "car_3797": [2, 6], "car_2708": [11, 5], "car_3029": [4, 6], "car_3026": [0, 7], "car_3027": [8, 0], "car_3024": [6, 1], "car_3025": [9, 5], "car_3022": [2, 5], "car_3023": [5, 0], "car_3020": [7, 2], "car_3021": [10, 5], "car_3519": [9, 0], "car_4945": [10, 0], "car_4599": [8, 0], "car_2620": [5, 7], "car_3275": [3, 4], "car_4926": [3, 1], "car_1795": [2, 4], "car_4818": [0, 6], "car_4598": [9, 3], "car_3274": [0, 6], "car_4927": [8, 1], "car_1792": [4, 0], "car_4819": [3, 5], "car_3987": [0, 4], "car_3226": [2, 0], "car_4791": [6, 4], "car_1793": [7, 3], "car_3986": [10, 2], "car_3779": [4, 5], "car_4481": [0, 1], "car_2440": [2, 0], "car_4635": [2, 1], "car_4480": [9, 1], "car_4790": [5, 0], "car_4483": [8, 1], "car_105": [6, 2], "car_104": [2, 6], "car_107": [3, 5], "car_106": [0, 2], "car_101": [4, 3], "car_100": [1, 4], "car_103": [10, 0], "car_102": [7, 3], "car_1888": [9, 0], "car_4485": [1, 7], "car_109": [11, 4], "car_108": [8, 2], "car_3659": [10, 2], "car_4484": [11, 5], "car_4005": [4, 6], "car_4004": [11, 3], "car_4007": [2, 6], "car_4006": [7, 2], "car_4001": [0, 1], "car_4000": [9, 0], "car_4003": [8, 3], "car_4002": [3, 4], "car_3934": [0, 4], "car_1791": [11, 3], "car_4008": [5, 1], "car_3637": [1, 6], "car_1235": [1, 7], "car_1234": [8, 4], "car_1237": [10, 7], "car_1236": [7, 3], "car_1231": [5, 1], "car_1230": [2, 1], "car_1233": [3, 4], "car_1232": [6, 0], "car_1899": [2, 0], "car_1898": [1, 5], "car_4512": [4, 2], "car_1239": [9, 0], "car_1238": [6, 4], "car_3633": [6, 4], "car_4633": [7, 0], "car_3511": [8, 1], "car_4792": [8, 1], "car_3632": [2, 0], "car_3609": [0, 7], "car_3516": [10, 2], "car_3631": [4, 7], "car_3517": [2, 1], "car_3630": [11, 0], "car_3774": [2, 1], "car_3514": [4, 3], "car_3141": [8, 4], "car_3515": [7, 0], "car_4975": [2, 0], "car_3636": [8, 6], "car_211": [5, 3], "car_210": [7, 3], "car_213": [9, 4], "car_212": [6, 0], "car_215": [8, 5], "car_214": [3, 6], "car_217": [1, 7], "car_216": [11, 7], "car_219": [2, 6], "car_218": [7, 5], "car_4173": [3, 5], "car_3634": [9, 7], "car_4175": [11, 0], "car_3518": [6, 0], "car_4177": [10, 3], "car_2676": [4, 5], "car_1529": [7, 3], "car_1528": [4, 2], "car_2610": [10, 0], "car_2611": [2, 5], "car_2616": [4, 6], "car_2617": [7, 3], "car_2614": [9, 5], "car_2615": [11, 1], "car_1521": [2, 0], "car_1520": [7, 1], "car_1523": [9, 7], "car_1522": [5, 1], "car_1525": [8, 1], "car_1524": [0, 2], "car_1527": [1, 5], "car_1526": [11, 2], "car_4751": [11, 3], "car_4750": [3, 7], "car_4753": [4, 0], "car_3227": [5, 3], "car_4755": [2, 7], "car_2849": [9, 4], "car_2700": [1, 3], "car_4756": [5, 6], "car_4759": [3, 2], "car_4758": [9, 2], "car_2848": [6, 7], "car_3772": [1, 2], "car_2740": [11, 6], "car_3222": [11, 0], "car_4910": [3, 6], "car_2741": [1, 2], "car_3223": [4, 0], "car_2313": [9, 4], "car_2701": [4, 7], "car_4358": [10, 6], "car_2312": [5, 4], "car_4355": [11, 5], "car_4354": [8, 7], "car_4357": [7, 4], "car_4356": [4, 2], "car_4351": [4, 5], "car_2311": [2, 7], "car_3773": [4, 6], "car_4352": [9, 2], "car_923": [2, 0], "car_922": [10, 7], "car_921": [7, 6], "car_920": [4, 1], "car_927": [3, 6], "car_926": [9, 0], "car_925": [6, 7], "car_924": [5, 6], "car_2317": [1, 3], "car_929": [1, 0], "car_928": [8, 3], "car_3665": [1, 7], "car_2316": [8, 5], "car_2766": [11, 6], "car_2748": [1, 4], "car_1149": [0, 2], "car_1148": [6, 2], "car_1419": [6, 7], "car_1418": [5, 0], "car_2760": [2, 1], "car_2749": [4, 6], "car_1143": [11, 6], "car_1142": [8, 6], "car_1141": [3, 5], "car_1140": [0, 7], "car_1147": [5, 3], "car_1146": [2, 1], "car_1145": [10, 2], "car_1144": [7, 2], "car_4503": [2, 6], "car_4504": [5, 3], "car_4505": [6, 3], "car_1099": [3, 6], "car_1098": [0, 6], "car_3385": [11, 1], "car_4580": [9, 3], "car_4816": [6, 1], "car_1091": [9, 7], "car_1090": [6, 2], "car_1093": [11, 0], "car_1092": [0, 2], "car_1095": [2, 1], "car_1094": [1, 5], "car_1097": [9, 0], "car_1096": [6, 2], "car_2818": [4, 1], "car_2819": [10, 1], "car_2548": [6, 4], "car_2549": [3, 7], "car_3361": [1, 3], "car_3360": [8, 1], "car_3363": [7, 0], "car_3362": [4, 0], "car_2542": [8, 0], "car_2543": [11, 5], "car_2540": [6, 5], "car_2541": [0, 6], "car_2546": [10, 1], "car_2547": [5, 6], "car_2521": [5, 6], "car_2545": [4, 5], "car_3563": [11, 3], "car_3562": [8, 5], "car_3561": [0, 4], "car_3384": [8, 1], "car_3567": [6, 4], "car_3566": [5, 1], "car_3468": [6, 0], "car_3564": [1, 6], "car_3569": [0, 4], "car_3568": [9, 1], "car_4645": [9, 5], "car_1701": [8, 4], "car_1700": [3, 4], "car_1703": [1, 2], "car_1702": [11, 3], "car_1705": [7, 1], "car_1704": [4, 7], "car_1707": [5, 1], "car_1706": [2, 0], "car_1709": [9, 6], "car_1708": [6, 5], "car_2522": [6, 1], "car_4661": [7, 3], "car_4582": [11, 3], "car_4814": [2, 7], "car_3969": [2, 0], "car_3968": [10, 7], "car_3967": [1, 2], "car_3966": [8, 3], "car_3965": [0, 4], "car_3964": [9, 1], "car_3963": [6, 7], "car_3962": [5, 3], "car_3961": [7, 6], "car_3960": [4, 1], "car_4850": [10, 4], "car_2523": [9, 1], "car_4660": [4, 7], "car_589": [2, 6], "car_588": [10, 3], "car_859": [9, 0], "car_858": [6, 5], "car_2384": [5, 1], "car_2385": [9, 2], "car_1695": [10, 7], "car_2387": [3, 6], "car_581": [9, 2], "car_580": [5, 4], "car_583": [3, 6], "car_850": [9, 3], "car_585": [11, 5], "car_584": [8, 4], "car_587": [4, 5], "car_586": [1, 2], "car_3497": [7, 2], "car_3496": [4, 5], "car_3495": [1, 3], "car_2002": [1, 5], "car_3493": [8, 2], "car_3492": [0, 6], "car_2148": [7, 5], "car_2149": [10, 5], "car_2146": [1, 6], "car_2147": [4, 1], "car_2144": [8, 0], "car_2145": [11, 3], "car_2142": [0, 1], "car_2143": [3, 6], "car_2140": [6, 4], "car_2141": [9, 2], "car_4544": [10, 0], "car_3896": [3, 4], "car_4049": [1, 2], "car_4639": [3, 1], "car_3529": [8, 2], "car_4662": [10, 1], "car_4585": [10, 6], "car_2985": [10, 1], "car_3639": [7, 3], "car_3638": [4, 3], "car_3149": [8, 4], "car_3148": [3, 5], "car_3145": [5, 4], "car_3144": [2, 1], "car_3147": [0, 1], "car_3146": [9, 4], "car_2779": [0, 5], "car_3140": [3, 7], "car_3143": [10, 3], "car_3142": [7, 1], "car_457": [4, 3], "car_456": [11, 2], "car_455": [3, 7], "car_454": [0, 2], "car_453": [9, 2], "car_452": [6, 7], "car_451": [5, 1], "car_450": [2, 3], "car_3383": [3, 7], "car_3382": [0, 1], "car_3381": [6, 3], "car_1878": [9, 2], "car_3387": [7, 3], "car_3386": [4, 2], "car_459": [10, 1], "car_458": [7, 0], "car_1877": [5, 3], "car_4644": [5, 7], "car_1876": [10, 5], "car_2778": [9, 5], "car_2993": [7, 2], "car_1875": [4, 3], "car_1874": [1, 5], "car_4587": [6, 4], "car_1873": [11, 2], "car_1872": [3, 5], "car_738": [11, 2], "car_739": [4, 5], "car_1871": [0, 4], "car_733": [2, 5], "car_732": [10, 7], "car_32": [1, 4], "car_730": [1, 4], "car_731": [4, 3], "car_736": [3, 1], "car_737": [8, 0], "car_734": [9, 0], "car_735": [0, 3], "car_3031": [10, 1], "car_1976": [8, 3], "car_3033": [5, 6], "car_3032": [2, 7], "car_3035": [9, 6], "car_3034": [6, 1], "car_3037": [8, 5], "car_1977": [11, 7], "car_3039": [1, 4], "car_3038": [11, 6], "car_3348": [9, 5], "car_1698": [9, 4], "car_4120": [10, 0], "car_4782": [6, 3], "car_4121": [5, 6], "car_4126": [11, 0], "car_3345": [10, 5], "car_4127": [4, 6], "car_3748": [2, 5], "car_4974": [7, 3], "car_3344": [7, 4], "car_4589": [3, 7], "car_4124": [3, 4], "car_3030": [7, 3], "car_4125": [8, 1], "car_4134": [4, 5], "car_4041": [1, 2], "car_3635": [0, 7], "car_38": [3, 5], "car_4040": [8, 6], "car_39": [1, 3], "car_4128": [7, 2], "car_2564": [6, 5], "car_4129": [10, 2], "car_2565": [3, 6], "car_4045": [6, 2], "car_3036": [3, 1], "car_2566": [11, 6], "car_2295": [6, 7], "car_1978": [4, 6], "car_2560": [1, 7], "car_1979": [7, 0], "car_3523": [1, 4], "car_2561": [4, 2], "car_4258": [9, 7], "car_2562": [7, 4], "car_4259": [0, 2], "car_2563": [10, 4], "car_4708": [6, 3], "car_2443": [8, 4], "car_4709": [9, 1], "car_2442": [9, 4], "car_3998": [5, 1], "car_3522": [11, 6], "car_3351": [8, 1], "car_2441": [6, 4], "car_112": [7, 0], "car_113": [10, 0], "car_110": [1, 0], "car_111": [4, 3], "car_116": [9, 2], "car_117": [3, 1], "car_114": [5, 1], "car_115": [6, 5], "car_2447": [9, 7], "car_118": [8, 7], "car_119": [11, 6], "car_2446": [2, 7], "car_4319": [1, 6], "car_2445": [10, 7], "car_3999": [6, 1], "car_4318": [11, 5], "car_3521": [3, 1], "car_2299": [11, 0], "car_4252": [1, 2], "car_2533": [8, 1], "car_2453": [2, 0], "car_4611": [4, 6], "car_4612": [10, 7], "car_4253": [4, 1], "car_3408": [3, 7], "car_4615": [6, 5], "car_4616": [9, 6], "car_4617": [3, 4], "car_4618": [8, 3], "car_4619": [11, 5], "car_4255": [10, 1], "car_3828": [5, 0], "car_3996": [4, 2], "car_4704": [4, 1], "car_4705": [7, 6], "car_2454": [5, 0], "car_4052": [10, 0], "car_3409": [11, 5], "car_4929": [7, 5], "car_4298": [5, 0], "car_4299": [6, 5], "car_4917": [0, 7], "car_4294": [8, 2], "car_4295": [1, 2], "car_4296": [10, 3], "car_4297": [2, 7], "car_4290": [7, 1], "car_4291": [5, 7], "car_4292": [6, 3], "car_4293": [0, 1], "car_1950": [4, 5], "car_1951": [7, 3], "car_1952": [5, 2], "car_1953": [6, 1], "car_1954": [9, 2], "car_1955": [0, 5], "car_208": [1, 6], "car_209": [4, 7], "car_206": [3, 0], "car_207": [11, 2], "car_204": [6, 7], "car_205": [0, 7], "car_202": [2, 1], "car_203": [5, 0], "car_200": [4, 3], "car_201": [7, 5], "car_2605": [8, 1], "car_2604": [9, 0], "car_2607": [1, 4], "car_2606": [11, 1], "car_1558": [8, 4], "car_1559": [11, 4], "car_2603": [2, 5], "car_2602": [10, 5], "car_1554": [10, 5], "car_1555": [5, 1], "car_1556": [6, 7], "car_1557": [9, 5], "car_1550": [8, 5], "car_1551": [11, 6], "car_1552": [4, 1], "car_1553": [7, 4], "car_4724": [9, 1], "car_4725": [0, 3], "car_1398": [8, 2], "car_1399": [11, 2], "car_4720": [4, 3], "car_4721": [10, 3], "car_4722": [2, 6], "car_4723": [6, 5], "car_1392": [10, 0], "car_1393": [2, 7], "car_1390": [1, 3], "car_1391": [4, 5], "car_1396": [0, 7], "car_1397": [3, 5], "car_1394": [5, 2], "car_1395": [9, 5], "car_3862": [9, 0], "car_4915": [5, 4], "car_2598": [11, 0], "car_3544": [1, 0], "car_3404": [10, 3], "car_930": [7, 5], "car_931": [10, 2], "car_932": [2, 3], "car_933": [5, 0], "car_934": [6, 4], "car_935": [9, 7], "car_936": [3, 5], "car_937": [8, 0], "car_938": [11, 6], "car_939": [1, 2], "car_2773": [11, 0], "car_2772": [3, 6], "car_2775": [10, 4], "car_2774": [1, 0], "car_2777": [6, 1], "car_2776": [5, 6], "car_6": [9, 1], "car_7": [0, 6], "car_4": [7, 2], "car_5": [10, 1], "car_2": [11, 4], "car_3": [4, 7], "car_1178": [11, 4], "car_1": [8, 2], "car_1176": [3, 0], "car_1177": [8, 1], "car_1174": [9, 0], "car_1175": [0, 1], "car_1172": [5, 0], "car_1173": [6, 5], "car_8": [3, 5], "car_9": [8, 6], "car_3869": [6, 3], "car_3829": [9, 4], "car_3746": [4, 6], "car_3513": [1, 6], "car_3904": [9, 0], "car_3807": [9, 5], "car_3898": [11, 7], "car_3908": [1, 5], "car_4912": [7, 5], "car_4610": [11, 7], "car_3826": [10, 7], "car_3827": [2, 6], "car_2809": [11, 4], "car_2808": [3, 5], "car_2559": [11, 3], "car_2558": [3, 5], "car_3820": [9, 5], "car_3821": [0, 4], "car_2555": [5, 3], "car_2554": [10, 4], "car_2557": [0, 6], "car_2556": [6, 5], "car_2551": [1, 5], "car_2550": [8, 1], "car_2553": [7, 5], "car_2552": [4, 5], "car_3556": [7, 3], "car_3557": [10, 4], "car_3554": [11, 7], "car_3555": [4, 2], "car_3552": [3, 0], "car_3553": [8, 3], "car_3550": [9, 2], "car_3551": [0, 6], "car_4911": [8, 3], "car_3902": [10, 7], "car_3558": [2, 0], "car_3559": [5, 2], "car_1774": [4, 3], "car_1775": [10, 6], "car_1776": [6, 3], "car_1777": [9, 6], "car_1770": [0, 6], "car_1771": [3, 4], "car_1772": [8, 1], "car_1773": [11, 3], "car_3744": [11, 0], "car_4913": [10, 3], "car_1778": [0, 4], "car_1779": [3, 1], "car_98": [8, 2], "car_99": [11, 2], "car_3950": [4, 3], "car_3951": [7, 6], "car_3956": [0, 6], "car_3957": [3, 2], "car_3954": [5, 6], "car_3955": [9, 3], "car_90": [8, 7], "car_91": [11, 6], "car_92": [7, 5], "car_93": [10, 1], "car_94": [2, 7], "car_95": [5, 4], "car_96": [0, 7], "car_97": [3, 6], "car_596": [2, 7], "car_597": [5, 1], "car_594": [1, 7], "car_595": [10, 5], "car_592": [8, 5], "car_593": [11, 4], "car_590": [5, 0], "car_591": [9, 1], "car_3500": [9, 5], "car_3733": [11, 7], "car_3730": [9, 1], "car_3731": [0, 2], "car_3736": [7, 3], "car_3737": [10, 4], "car_598": [0, 3], "car_599": [3, 7], "car_848": [2, 4], "car_849": [6, 2], "car_2391": [2, 3], "car_2390": [7, 3], "car_2397": [1, 5], "car_2396": [11, 1], "car_2395": [8, 5], "car_2394": [3, 2], "car_840": [5, 7], "car_841": [6, 3], "car_842": [9, 6], "car_843": [3, 1], "car_844": [11, 1], "car_845": [1, 3], "car_846": [4, 7], "car_847": [7, 4], "car_1608": [10, 4], "car_1609": [2, 0], "car_2153": [8, 6], "car_2152": [3, 0], "car_2155": [1, 7], "car_2154": [11, 0], "car_2157": [7, 4], "car_2156": [4, 7], "car_1600": [10, 5], "car_1601": [6, 4], "car_1602": [9, 7], "car_1603": [0, 3], "car_1604": [8, 1], "car_1605": [11, 4], "car_1606": [4, 1], "car_1607": [7, 3], "car_4500": [4, 3], "car_4404": [3, 1], "car_2369": [8, 2], "car_4955": [2, 6], "car_3765": [1, 0], "car_3538": [5, 2], "car_4389": [9, 7], "car_4677": [0, 6], "car_3764": [11, 4], "car_3767": [10, 4], "car_3766": [4, 1], "car_3620": [0, 3], "car_2362": [1, 2], "car_3608": [9, 1], "car_2363": [4, 0], "car_3606": [5, 7], "car_3607": [6, 7], "car_3604": [10, 1], "car_3605": [2, 4], "car_3602": [4, 3], "car_3603": [7, 1], "car_3600": [11, 3], "car_3601": [1, 4], "car_444": [9, 1], "car_445": [3, 6], "car_446": [8, 4], "car_447": [11, 0], "car_440": [10, 3], "car_441": [2, 3], "car_442": [5, 7], "car_443": [6, 1], "car_3892": [7, 6], "car_448": [4, 6], "car_449": [7, 6], "car_2717": [7, 2], "car_2716": [1, 3], "car_3210": [0, 4], "car_4578": [5, 2], "car_4826": [6, 1], "car_2715": [8, 3], "car_2201": [0, 1], "car_2714": [0, 2], "car_2200": [9, 0], "car_5000": [10, 4], "car_2713": [2, 4], "car_4640": [8, 7], "car_2712": [10, 3], "car_2711": [7, 1], "car_4825": [5, 2], "car_2710": [4, 6], "car_3405": [2, 3], "car_3044": [3, 2], "car_3045": [11, 4], "car_3046": [1, 5], "car_3047": [4, 0], "car_3040": [7, 0], "car_3041": [10, 2], "car_3042": [9, 3], "car_3043": [0, 1], "car_3623": [4, 5], "car_4849": [7, 5], "car_3048": [7, 0], "car_3049": [2, 3], "car_2209": [9, 5], "car_3534": [3, 6], "car_4554": [0, 6], "car_2208": [6, 7], "car_4553": [6, 5], "car_4989": [8, 6], "car_4450": [3, 7], "car_4063": [9, 0], "car_3897": [8, 6], "car_4418": [7, 2], "car_4419": [10, 4], "car_4323": [2, 3], "car_3599": [8, 7], "car_3535": [8, 0], "car_3663": [3, 0], "car_4575": [4, 2], "car_4823": [7, 1], "car_2324": [1, 7], "car_4386": [2, 4], "car_4122": [9, 5], "car_695": [10, 1], "car_694": [4, 0], "car_697": [5, 6], "car_696": [2, 7], "car_691": [0, 6], "car_690": [9, 4], "car_693": [1, 3], "car_692": [8, 5], "car_4412": [9, 0], "car_699": [0, 4], "car_698": [6, 0], "car_4413": [0, 4], "car_4520": [5, 1], "car_4679": [1, 0], "car_4574": [8, 6], "car_4822": [4, 1], "car_3810": [10, 1], "car_3479": [3, 5], "car_4123": [0, 1], "car_3876": [2, 3], "car_4845": [3, 7], "car_4577": [10, 3], "car_4821": [1, 4], "car_3478": [9, 7], "car_4829": [8, 4], "car_3894": [9, 0], "car_4525": [7, 0], "car_2399": [10, 0], "car_4576": [7, 0], "car_4820": [8, 1], "car_4970": [3, 0], "car_4603": [7, 5], "car_4602": [4, 2], "car_4601": [1, 5], "car_4600": [11, 1], "car_4607": [0, 3], "car_4606": [6, 4], "car_4605": [5, 6], "car_4604": [10, 3], "car_4609": [8, 2], "car_4608": [3, 2], "car_4571": [9, 5], "car_4451": [8, 2], "car_4995": [0, 6], "car_4939": [4, 2], "car_4938": [1, 5], "car_3571": [8, 6], "car_4288": [11, 7], "car_4287": [9, 2], "car_4286": [5, 1], "car_4285": [10, 0], "car_4284": [7, 6], "car_4283": [1, 2], "car_4282": [9, 5], "car_4281": [6, 0], "car_4280": [2, 7], "car_1943": [10, 4], "car_1942": [7, 5], "car_279": [4, 2], "car_278": [1, 2], "car_1947": [3, 1], "car_1946": [9, 2], "car_1945": [6, 3], "car_1944": [5, 3], "car_273": [2, 6], "car_272": [10, 1], "car_271": [7, 3], "car_270": [11, 6], "car_277": [11, 5], "car_276": [8, 1], "car_275": [3, 2], "car_274": [9, 0], "car_2946": [11, 2], "car_1925": [3, 2], "car_2944": [3, 6], "car_2945": [8, 6], "car_2942": [5, 1], "car_2943": [6, 7], "car_1549": [9, 3], "car_1548": [7, 4], "car_1547": [11, 2], "car_1546": [3, 6], "car_1545": [0, 2], "car_1544": [9, 4], "car_1543": [6, 2], "car_1542": [5, 4], "car_1541": [2, 6], "car_1540": [10, 4], "car_4737": [1, 2], "car_4736": [11, 5], "car_3762": [3, 6], "car_4734": [6, 4], "car_1389": [11, 0], "car_1388": [0, 1], "car_4731": [7, 4], "car_4730": [4, 7], "car_1385": [5, 7], "car_1384": [10, 2], "car_1387": [9, 5], "car_1386": [6, 5], "car_1381": [1, 2], "car_1380": [11, 0], "car_1383": [7, 2], "car_1382": [4, 7], "car_4572": [0, 5], "car_3742": [3, 7], "car_307": [3, 2], "car_306": [9, 4], "car_305": [6, 2], "car_304": [5, 1], "car_303": [2, 1], "car_302": [7, 2], "car_301": [1, 6], "car_300": [11, 5], "car_804": [11, 4], "car_309": [11, 0], "car_308": [8, 5], "car_3752": [0, 7], "car_3435": [11, 1], "car_909": [6, 0], "car_908": [5, 6], "car_3434": [3, 1], "car_905": [8, 7], "car_904": [0, 1], "car_907": [10, 3], "car_906": [7, 4], "car_901": [5, 1], "car_900": [2, 5], "car_903": [9, 3], "car_902": [6, 1], "car_1161": [10, 5], "car_1160": [8, 4], "car_1163": [6, 2], "car_1162": [5, 2], "car_1165": [3, 6], "car_1164": [9, 0], "car_1167": [11, 3], "car_1166": [8, 7], "car_1169": [7, 1], "car_1168": [1, 0], "car_4421": [3, 4], "car_4420": [9, 4], "car_4427": [5, 1], "car_4426": [10, 0], "car_3753": [3, 7], "car_3539": [9, 2], "car_4569": [10, 0], "car_3925": [2, 4], "car_3889": [11, 4], "car_3924": [10, 7], "car_4907": [2, 5], "car_2432": [4, 1], "car_2433": [7, 5], "car_2430": [8, 5], "car_3549": [6, 1], "car_3548": [5, 7], "car_2322": [3, 7], "car_2431": [1, 4], "car_2838": [7, 3], "car_2839": [2, 3], "car_2836": [8, 3], "car_2436": [11, 0], "car_2834": [0, 7], "car_2835": [3, 7], "car_2832": [6, 5], "car_2833": [9, 1], "car_2830": [2, 4], "car_2437": [1, 3], "car_2010": [8, 1], "car_2011": [11, 2], "car_2012": [4, 0], "car_2013": [7, 5], "car_2014": [5, 1], "car_2015": [6, 7], "car_2016": [0, 1], "car_2017": [3, 2], "car_2018": [8, 5], "car_2019": [1, 7], "car_4024": [4, 2], "car_2435": [0, 2], "car_3732": [3, 7], "car_87": [9, 4], "car_86": [6, 1], "car_85": [5, 2], "car_84": [2, 0], "car_83": [10, 5], "car_82": [1, 4], "car_81": [11, 3], "car_80": [8, 6], "car_4444": [7, 6], "car_3249": [1, 6], "car_2001": [11, 2], "car_89": [3, 1], "car_88": [0, 1], "car_3945": [10, 3], "car_3944": [7, 2], "car_3947": [0, 2], "car_2000": [8, 4], "car_2498": [11, 2], "car_2499": [1, 2], "car_3943": [8, 1], "car_3942": [0, 2], "car_2494": [2, 3], "car_2495": [6, 4], "car_2496": [0, 4], "car_2497": [3, 4], "car_2490": [11, 3], "car_2491": [1, 5], "car_2492": [7, 4], "car_2493": [10, 5], "car_875": [5, 1], "car_874": [10, 1], "car_877": [9, 7], "car_876": [6, 3], "car_871": [1, 3], "car_870": [11, 2], "car_873": [7, 3], "car_872": [4, 6], "car_3228": [6, 1], "car_3242": [11, 1], "car_3727": [2, 0], "car_1694": [4, 6], "car_879": [4, 3], "car_878": [1, 2], "car_3723": [3, 1], "car_3243": [1, 5], "car_1752": [3, 0], "car_4613": [2, 6], "car_1753": [11, 0], "car_4614": [5, 4], "car_1699": [0, 3], "car_2124": [11, 3], "car_2125": [4, 6], "car_1619": [8, 2], "car_1618": [3, 2], "car_2120": [6, 5], "car_2121": [9, 2], "car_2122": [0, 6], "car_2123": [8, 0], "car_1613": [1, 7], "car_1612": [8, 2], "car_1611": [9, 5], "car_1610": [5, 1], "car_1617": [0, 3], "car_1616": [9, 6], "car_1615": [10, 2], "car_1614": [4, 7], "car_3839": [11, 1], "car_3838": [8, 1], "car_1754": [1, 2], "car_3831": [8, 1], "car_3830": [0, 4], "car_3833": [4, 1], "car_1755": [4, 7], "car_3835": [5, 1], "car_3834": [2, 4], "car_3837": [9, 2], "car_3836": [6, 1], "car_4441": [11, 6], "car_2767": [1, 4], "car_3653": [0, 5], "car_3611": [8, 4], "car_3610": [3, 6], "car_3613": [1, 0], "car_3612": [11, 0], "car_3615": [10, 7], "car_3614": [4, 5], "car_3617": [5, 2], "car_3616": [2, 5], "car_2323": [8, 5], "car_3618": [6, 7], "car_4208": [11, 3], "car_471": [8, 1], "car_470": [3, 6], "car_473": [4, 3], "car_472": [11, 2], "car_475": [6, 0], "car_474": [5, 6], "car_477": [0, 6], "car_476": [9, 0], "car_479": [8, 5], "car_478": [3, 2], "car_2232": [11, 3], "car_2233": [1, 7], "car_2234": [4, 6], "car_2235": [7, 3], "car_2236": [10, 6], "car_2237": [5, 2], "car_4534": [4, 6], "car_4443": [4, 6], "car_2769": [10, 3], "car_2765": [8, 3], "car_4719": [11, 2], "car_4649": [1, 0], "car_4741": [6, 4], "car_2038": [10, 1], "car_2709": [1, 0], "car_3229": [9, 7], "car_3057": [9, 2], "car_3056": [2, 4], "car_2762": [9, 2], "car_3054": [8, 7], "car_3053": [0, 2], "car_3052": [9, 2], "car_3051": [6, 1], "car_3050": [5, 2], "car_3059": [3, 0], "car_3058": [0, 3], "car_3997": [10, 0], "car_3303": [6, 0], "car_2039": [2, 4], "car_3809": [3, 2], "car_2763": [0, 3], "car_1819": [1, 0], "car_4647": [3, 6], "car_4659": [11, 7], "car_1818": [8, 6], "car_4928": [1, 6], "car_4102": [10, 2], "car_4530": [3, 7], "car_4454": [4, 6], "car_2386": [0, 4], "car_4909": [0, 5], "car_682": [8, 6], "car_683": [11, 2], "car_680": [6, 2], "car_681": [9, 0], "car_686": [10, 7], "car_687": [2, 6], "car_684": [1, 7], "car_685": [4, 3], "car_688": [5, 4], "car_689": [6, 4], "car_4870": [10, 2], "car_4922": [10, 2], "car_4179": [5, 0], "car_4382": [8, 6], "car_2481": [8, 7], "car_4923": [5, 4], "car_2761": [6, 4], "car_4920": [11, 6], "car_3540": [0, 1], "car_3282": [8, 0], "car_4921": [1, 2], "car_3283": [1, 2], "car_1815": [5, 6], "car_3280": [2, 0], "car_1814": [2, 4], "car_3621": [3, 4], "car_3281": [3, 6], "car_4924": [6, 7], "car_3286": [10, 2], "car_4925": [9, 5], "car_3543": [11, 0], "car_4019": [9, 7], "car_2388": [8, 6], "car_3287": [2, 0], "car_4665": [9, 2], "car_3284": [4, 0], "car_4664": [5, 6], "car_3285": [7, 5], "car_4667": [3, 1], "car_4666": [0, 3], "car_4108": [8, 1], "car_3542": [8, 7], "car_2389": [11, 3], "car_3288": [6, 4], "car_4560": [10, 6], "car_4109": [1, 3], "car_4636": [6, 3], "car_4637": [9, 5], "car_4634": [10, 1], "car_3289": [3, 2], "car_1670": [9, 0], "car_1956": [3, 1], "car_4630": [9, 7], "car_4631": [0, 5], "car_3302": [2, 0], "car_1957": [8, 7], "car_4638": [0, 7], "car_3324": [1, 3], "car_1958": [11, 2], "car_1959": [1, 7], "car_3545": [4, 5], "car_4716": [6, 0], "car_4106": [0, 6], "car_2003": [4, 7], "car_4107": [3, 2], "car_3858": [10, 7], "car_4100": [1, 0], "car_4101": [7, 6], "car_268": [0, 1], "car_269": [8, 5], "car_1974": [0, 2], "car_1975": [3, 5], "car_1972": [6, 5], "car_1973": [9, 3], "car_1970": [2, 6], "car_1971": [5, 0], "car_260": [8, 6], "car_261": [11, 1], "car_262": [1, 5], "car_263": [4, 5], "car_264": [10, 7], "car_265": [2, 6], "car_266": [5, 6], "car_267": [6, 3], "car_1572": [6, 3], "car_1573": [0, 2], "car_1570": [2, 1], "car_1571": [5, 2], "car_1576": [4, 1], "car_1577": [7, 3], "car_1574": [8, 0], "car_1575": [1, 3], "car_4250": [9, 3], "car_4251": [11, 7], "car_1578": [5, 2], "car_1579": [6, 7], "car_4254": [7, 0], "car_2971": [10, 0], "car_4256": [2, 5], "car_4257": [6, 7], "car_1370": [0, 1], "car_1371": [3, 7], "car_1372": [8, 5], "car_1373": [4, 3], "car_1374": [10, 3], "car_1375": [5, 7], "car_1376": [9, 1], "car_1377": [0, 3], "car_1378": [3, 0], "car_1379": [8, 1], "car_3014": [9, 2], "car_3254": [9, 0], "car_2600": [4, 1], "car_4459": [8, 7], "car_2975": [8, 2], "car_3992": [6, 0], "car_2974": [9, 0], "car_3993": [9, 6], "car_314": [11, 2], "car_315": [7, 3], "car_316": [9, 3], "car_317": [0, 7], "car_310": [7, 3], "car_311": [10, 6], "car_312": [2, 6], "car_313": [8, 7], "car_318": [3, 2], "car_319": [1, 0], "car_4388": [6, 7], "car_4119": [7, 2], "car_918": [8, 3], "car_919": [1, 0], "car_2719": [5, 6], "car_2718": [2, 6], "car_912": [10, 6], "car_913": [2, 0], "car_910": [8, 5], "car_911": [11, 7], "car_916": [0, 2], "car_917": [3, 6], "car_914": [6, 7], "car_915": [9, 0], "car_1114": [3, 2], "car_1115": [8, 3], "car_1116": [11, 5], "car_1117": [1, 2], "car_1110": [10, 1], "car_1111": [2, 6], "car_1112": [9, 5], "car_1113": [0, 6], "car_4416": [1, 2], "car_4417": [4, 1], "car_4414": [8, 4], "car_4415": [11, 7], "car_1118": [4, 5], "car_1119": [7, 4], "car_4410": [5, 7], "car_4411": [6, 2], "car_1284": [10, 1], "car_1285": [6, 4], "car_1286": [9, 6], "car_1287": [0, 5], "car_1280": [3, 1], "car_1281": [11, 7], "car_1282": [1, 7], "car_1283": [4, 2], "car_3458": [8, 7], "car_2130": [11, 1], "car_1288": [8, 1], "car_1289": [1, 0], "car_4712": [1, 2], "car_2959": [5, 0], "car_2958": [2, 7], "car_4688": [4, 3], "car_2951": [6, 5], "car_2950": [5, 3], "car_2953": [8, 2], "car_2952": [3, 5], "car_2955": [4, 1], "car_2954": [11, 4], "car_2957": [10, 6], "car_2956": [7, 2], "car_2821": [5, 3], "car_2820": [2, 3], "car_1744": [11, 6], "car_2822": [6, 4], "car_2825": [11, 2], "car_2824": [3, 0], "car_2827": [4, 7], "car_2826": [1, 2], "car_2829": [10, 6], "car_2828": [7, 0], "car_3536": [1, 7], "car_3537": [2, 1], "car_3530": [11, 4], "car_3531": [10, 0], "car_3532": [2, 5], "car_3533": [5, 0], "car_1028": [8, 6], "car_1029": [1, 0], "car_1758": [2, 4], "car_1759": [6, 4], "car_2007": [6, 7], "car_2006": [5, 6], "car_2005": [10, 1], "car_2004": [7, 1], "car_1020": [11, 1], "car_1021": [1, 4], "car_1022": [7, 1], "car_1023": [2, 1], "car_1024": [6, 7], "car_1025": [9, 3], "car_1026": [0, 6], "car_1027": [3, 0], "car_1598": [1, 4], "car_1599": [4, 5], "car_4680": [7, 3], "car_1590": [7, 4], "car_1591": [2, 4], "car_1592": [5, 0], "car_1593": [9, 3], "car_1594": [0, 6], "car_1595": [3, 5], "car_1596": [8, 1], "car_1597": [11, 1], "car_2489": [8, 5], "car_2488": [3, 1], "car_2487": [9, 5], "car_2486": [6, 0], "car_2485": [5, 6], "car_2484": [10, 3], "car_2483": [1, 0], "car_2482": [11, 3], "car_1746": [7, 0], "car_2480": [3, 2], "car_862": [4, 3], "car_863": [7, 4], "car_860": [0, 6], "car_861": [8, 7], "car_866": [6, 3], "car_867": [9, 5], "car_864": [10, 1], "car_865": [5, 4], "car_868": [3, 2], "car_869": [8, 6], "car_4887": [1, 4], "car_3440": [9, 5], "car_3441": [0, 6], "car_3442": [3, 6], "car_3443": [8, 7], "car_3444": [11, 3], "car_3445": [1, 2], "car_3446": [4, 3], "car_3447": [7, 6], "car_3448": [10, 4], "car_3449": [2, 0], "car_3994": [8, 2], "car_3995": [1, 6], "car_1741": [9, 7], "car_3846": [8, 6], "car_3990": [7, 3], "car_3991": [2, 3], "car_2137": [4, 5], "car_2136": [8, 1], "car_2135": [3, 2], "car_2134": [9, 1], "car_2133": [7, 6], "car_2132": [4, 3], "car_1628": [3, 4], "car_1629": [8, 3], "car_1626": [9, 1], "car_1627": [0, 3], "car_1624": [5, 1], "car_1625": [6, 5], "car_1622": [10, 3], "car_1623": [2, 0], "car_1620": [11, 1], "car_1621": [1, 4], "car_3848": [1, 5], "car_3849": [4, 6], "car_4977": [9, 4], "car_3844": [6, 4], "car_3845": [3, 0], "car_1740": [6, 7], "car_3847": [11, 0], "car_3840": [1, 3], "car_3841": [7, 4], "car_3842": [10, 2], "car_3843": [5, 1]}