{"car_3253": [6, 4], "car_2009": [1, 0], "car_3196": [5, 7], "car_3197": [6, 2], "car_3194": [10, 5], "car_3195": [2, 0], "car_3192": [4, 5], "car_3193": [7, 5], "car_3190": [11, 2], "car_3191": [1, 7], "car_3198": [3, 7], "car_3199": [8, 0], "car_2229": [10, 4], "car_2228": [7, 3], "car_468": [5, 4], "car_469": [6, 3], "car_466": [7, 6], "car_467": [2, 3], "car_464": [8, 7], "car_465": [1, 3], "car_462": [0, 4], "car_463": [3, 5], "car_460": [2, 7], "car_461": [6, 3], "car_2455": [3, 0], "car_3068": [0, 3], "car_3069": [8, 6], "car_2751": [2, 5], "car_3062": [1, 3], "car_3063": [4, 1], "car_3060": [8, 4], "car_3061": [11, 3], "car_3066": [5, 7], "car_3067": [6, 3], "car_3064": [10, 5], "car_3065": [2, 4], "car_3268": [9, 3], "car_817": [10, 4], "car_816": [11, 3], "car_3260": [7, 5], "car_3261": [5, 6], "car_3262": [6, 7], "car_3263": [9, 2], "car_3264": [3, 4], "car_815": [3, 0], "car_3266": [1, 3], "car_3267": [4, 7], "car_2750": [10, 2], "car_814": [9, 5], "car_813": [5, 6], "car_812": [2, 5], "car_2072": [2, 1], "car_811": [10, 5], "car_2073": [6, 5], "car_810": [7, 1], "car_3214": [2, 1], "car_679": [6, 0], "car_678": [2, 7], "car_677": [10, 6], "car_676": [7, 6], "car_675": [1, 5], "car_674": [11, 6], "car_673": [3, 5], "car_672": [6, 0], "car_671": [10, 2], "car_670": [4, 2], "car_2771": [3, 1], "car_3213": [7, 3], "car_2770": [9, 5], "car_3212": [4, 2], "car_2078": [10, 4], "car_2079": [5, 4], "car_3464": [7, 0], "car_2456": [11, 6], "car_2341": [8, 2], "car_2670": [4, 3], "car_3465": [2, 6], "car_2671": [7, 0], "car_2754": [3, 7], "car_2672": [10, 1], "car_2223": [6, 0], "car_789": [10, 1], "car_788": [4, 6], "car_3338": [1, 2], "car_2222": [10, 3], "car_783": [11, 5], "car_782": [3, 6], "car_781": [9, 2], "car_780": [5, 4], "car_787": [0, 5], "car_786": [9, 3], "car_785": [6, 5], "car_784": [5, 6], "car_3462": [6, 2], "car_2220": [4, 5], "car_0": [1, 7], "car_2227": [11, 1], "car_1179": [11, 1], "car_2375": [11, 7], "car_2226": [8, 0], "car_3339": [4, 2], "car_2225": [0, 5], "car_2224": [9, 5], "car_3463": [3, 1], "car_255": [6, 7], "car_254": [2, 6], "car_257": [0, 1], "car_256": [9, 7], "car_251": [8, 5], "car_250": [0, 4], "car_253": [7, 0], "car_252": [4, 7], "car_1961": [4, 7], "car_1960": [1, 5], "car_1963": [5, 3], "car_1962": [7, 4], "car_259": [11, 2], "car_258": [8, 1], "car_1967": [4, 3], "car_1966": [1, 3], "car_1170": [3, 1], "car_1171": [8, 7], "car_1565": [5, 1], "car_1564": [2, 6], "car_1567": [3, 1], "car_1566": [9, 5], "car_1561": [0, 3], "car_1560": [6, 0], "car_1563": [7, 6], "car_1562": [11, 0], "car_1569": [1, 5], "car_1568": [8, 5], "car_1413": [4, 2], "car_1363": [10, 1], "car_1362": [1, 3], "car_1361": [9, 4], "car_1360": [5, 4], "car_1367": [3, 1], "car_1366": [10, 3], "car_1365": [11, 7], "car_1364": [0, 3], "car_1369": [4, 2], "car_1368": [11, 6], "car_2758": [7, 4], "car_2376": [1, 3], "car_321": [11, 7], "car_320": [8, 1], "car_323": [7, 5], "car_322": [1, 0], "car_325": [6, 3], "car_324": [5, 3], "car_327": [3, 5], "car_326": [0, 5], "car_329": [4, 2], "car_328": [8, 1], "car_2722": [7, 4], "car_2723": [2, 0], "car_2720": [0, 2], "car_2721": [1, 0], "car_2726": [8, 1], "car_2727": [11, 0], "car_2724": [0, 5], "car_2725": [3, 2], "car_2728": [2, 4], "car_2729": [6, 0], "car_1107": [5, 1], "car_1106": [10, 4], "car_1105": [7, 1], "car_1104": [4, 6], "car_1103": [1, 6], "car_1102": [11, 0], "car_1101": [8, 2], "car_1100": [0, 5], "car_1109": [3, 0], "car_1108": [0, 1], "car_1297": [8, 3], "car_1296": [2, 5], "car_1295": [7, 0], "car_1294": [1, 3], "car_1293": [11, 1], "car_1292": [9, 2], "car_1291": [6, 5], "car_1290": [5, 4], "car_1299": [1, 2], "car_1298": [11, 6], "car_2928": [9, 2], "car_2929": [0, 4], "car_2924": [8, 5], "car_2925": [1, 4], "car_2926": [4, 6], "car_2927": [2, 4], "car_2920": [7, 2], "car_2921": [10, 2], "car_2922": [5, 2], "car_2923": [6, 5], "car_2586": [11, 2], "car_2587": [1, 0], "car_2584": [3, 0], "car_2585": [8, 2], "car_2582": [1, 7], "car_2583": [2, 0], "car_2580": [9, 0], "car_2581": [0, 2], "car_3527": [2, 3], "car_3526": [10, 0], "car_3525": [4, 3], "car_3524": [11, 0], "car_2858": [2, 4], "car_2859": [5, 7], "car_2588": [7, 1], "car_2589": [2, 0], "car_2036": [2, 0], "car_2037": [5, 7], "car_1039": [3, 6], "car_1038": [0, 6], "car_1749": [2, 0], "car_1748": [10, 5], "car_2030": [6, 2], "car_2031": [9, 5], "car_1033": [0, 1], "car_1032": [9, 2], "car_1031": [2, 1], "car_1030": [10, 7], "car_1037": [5, 2], "car_1036": [2, 1], "car_1035": [4, 6], "car_1034": [1, 4], "car_1589": [4, 1], "car_1588": [8, 1], "car_1583": [11, 1], "car_1582": [8, 4], "car_1581": [3, 4], "car_1580": [9, 7], "car_1587": [3, 7], "car_1586": [9, 0], "car_1585": [5, 0], "car_1584": [4, 1], "car_1852": [0, 2], "car_1906": [0, 4], "car_3295": [5, 2], "car_3294": [2, 0], "car_3297": [3, 0], "car_3296": [6, 0], "car_3291": [8, 7], "car_3290": [10, 7], "car_899": [9, 3], "car_898": [5, 6], "car_897": [10, 6], "car_896": [7, 5], "car_895": [11, 6], "car_894": [8, 1], "car_893": [0, 7], "car_892": [6, 4], "car_891": [5, 4], "car_890": [7, 1], "car_2458": [7, 5], "car_2459": [5, 7], "car_2108": [8, 1], "car_2109": [11, 2], "car_3457": [3, 1], "car_3456": [0, 6], "car_3455": [2, 5], "car_3454": [11, 6], "car_2102": [8, 1], "car_2103": [11, 1], "car_2100": [0, 1], "car_2101": [3, 2], "car_2106": [10, 5], "car_2107": [5, 2], "car_2104": [1, 4], "car_2105": [7, 2], "car_1631": [0, 5], "car_1630": [6, 5], "car_1633": [11, 7], "car_1632": [3, 1], "car_1635": [5, 0], "car_1634": [10, 6], "car_1637": [11, 6], "car_1636": [6, 4], "car_1639": [7, 4], "car_1638": [1, 5], "car_3418": [7, 6], "car_1751": [0, 6], "car_2803": [9, 7], "car_2802": [5, 7], "car_2801": [2, 3], "car_3189": [8, 5], "car_3188": [3, 5], "car_2800": [7, 3], "car_3269": [3, 7], "car_3181": [2, 6], "car_2807": [4, 2], "car_1756": [1, 3], "car_3182": [9, 3], "car_3185": [5, 7], "car_3184": [10, 2], "car_3187": [0, 6], "car_2806": [1, 2], "car_2805": [11, 6], "car_3306": [6, 3], "car_2816": [5, 4], "car_2804": [8, 2], "car_3380": [1, 3], "car_3104": [7, 0], "car_2414": [7, 5], "car_419": [4, 2], "car_418": [11, 1], "car_2218": [9, 7], "car_2219": [0, 2], "car_413": [8, 1], "car_412": [0, 3], "car_411": [9, 2], "car_410": [6, 5], "car_417": [8, 1], "car_416": [3, 6], "car_415": [6, 1], "car_414": [10, 4], "car_2417": [6, 5], "car_1679": [8, 1], "car_3546": [0, 3], "car_1678": [0, 5], "car_2412": [6, 3], "car_2947": [8, 3], "car_2413": [3, 2], "car_3265": [8, 0], "car_3079": [2, 4], "car_3078": [7, 0], "car_3075": [0, 5], "car_3074": [9, 4], "car_3077": [4, 2], "car_3076": [1, 2], "car_3071": [4, 6], "car_3070": [11, 1], "car_3073": [2, 3], "car_3072": [10, 5], "car_527": [10, 0], "car_526": [7, 4], "car_525": [4, 5], "car_524": [8, 7], "car_523": [3, 5], "car_522": [0, 3], "car_521": [6, 1], "car_520": [5, 0], "car_3273": [10, 3], "car_1671": [0, 2], "car_3271": [1, 2], "car_1889": [5, 0], "car_3277": [4, 5], "car_3276": [9, 0], "car_529": [3, 4], "car_528": [9, 4], "car_1884": [9, 0], "car_1885": [0, 1], "car_2368": [1, 7], "car_2786": [10, 7], "car_2787": [6, 3], "car_668": [3, 7], "car_669": [11, 1], "car_664": [4, 7], "car_665": [7, 6], "car_666": [6, 3], "car_667": [9, 7], "car_660": [6, 4], "car_661": [0, 1], "car_662": [8, 1], "car_663": [11, 7], "car_2759": [10, 1], "car_1854": [1, 4], "car_2788": [9, 2], "car_3308": [0, 3], "car_2789": [0, 1], "car_2940": [2, 5], "car_798": [3, 1], "car_799": [8, 2], "car_790": [2, 3], "car_791": [9, 6], "car_792": [0, 7], "car_793": [4, 1], "car_794": [7, 5], "car_795": [10, 7], "car_796": [9, 2], "car_797": [0, 2], "car_242": [6, 4], "car_243": [9, 0], "car_240": [4, 1], "car_241": [2, 7], "car_246": [8, 1], "car_247": [11, 2], "car_244": [0, 6], "car_245": [3, 1], "car_1914": [9, 4], "car_1915": [8, 5], "car_248": [6, 7], "car_249": [9, 4], "car_1910": [9, 5], "car_1911": [0, 4], "car_1912": [4, 3], "car_1913": [2, 4], "car_1356": [11, 5], "car_1357": [1, 0], "car_1354": [9, 1], "car_1355": [0, 7], "car_1352": [7, 0], "car_1353": [10, 0], "car_1350": [8, 1], "car_1351": [11, 2], "car_1358": [10, 0], "car_1359": [2, 5], "car_1831": [7, 2], "car_1820": [9, 7], "car_1821": [8, 5], "car_1822": [11, 6], "car_1823": [1, 2], "car_1824": [4, 2], "car_1825": [7, 2], "car_338": [4, 1], "car_339": [10, 3], "car_336": [8, 1], "car_337": [11, 1], "car_334": [4, 5], "car_335": [5, 4], "car_332": [5, 4], "car_333": [1, 2], "car_330": [7, 1], "car_331": [10, 3], "car_2735": [2, 0], "car_2734": [7, 1], "car_1138": [5, 1], "car_1139": [6, 2], "car_2731": [0, 4], "car_2730": [9, 6], "car_2733": [11, 3], "car_2732": [8, 5], "car_1132": [11, 6], "car_1133": [7, 6], "car_1130": [9, 7], "car_1131": [3, 5], "car_1136": [1, 7], "car_1137": [7, 6], "car_1134": [2, 3], "car_1135": [6, 7], "car_1839": [6, 3], "car_2393": [5, 6], "car_1838": [10, 3], "car_2392": [8, 4], "car_3301": [3, 5], "car_3300": [5, 6], "car_2939": [11, 6], "car_2938": [8, 7], "car_2937": [0, 7], "car_2936": [9, 4], "car_2935": [6, 5], "car_2934": [5, 6], "car_2933": [2, 7], "car_2932": [10, 3], "car_2931": [8, 5], "car_2930": [3, 4], "car_2029": [8, 4], "car_2028": [3, 7], "car_2845": [1, 6], "car_2844": [11, 7], "car_2843": [8, 4], "car_2842": [3, 4], "car_2841": [9, 7], "car_2840": [7, 6], "car_2021": [3, 4], "car_2020": [6, 1], "car_2023": [1, 6], "car_2022": [8, 7], "car_2025": [7, 6], "car_2024": [4, 6], "car_2027": [9, 7], "car_2026": [2, 5], "car_2948": [10, 1], "car_2520": [1, 3], "car_1008": [11, 1], "car_1009": [4, 1], "car_1006": [3, 4], "car_1007": [8, 1], "car_1004": [10, 1], "car_1005": [6, 5], "car_1002": [11, 1], "car_1003": [1, 3], "car_1000": [9, 6], "car_1001": [0, 5], "car_3459": [1, 4], "car_2398": [2, 1], "car_2629": [11, 1], "car_2524": [5, 6], "car_2628": [8, 7], "car_3310": [4, 3], "car_2525": [9, 7], "car_2995": [11, 5], "car_2674": [3, 4], "car_1924": [9, 6], "car_2994": [8, 0], "car_2527": [3, 2], "car_2997": [10, 5], "car_36": [5, 6], "car_37": [6, 4], "car_34": [10, 6], "car_35": [2, 6], "car_888": [11, 7], "car_889": [1, 5], "car_30": [4, 1], "car_31": [10, 4], "car_884": [10, 1], "car_885": [2, 7], "car_886": [0, 3], "car_887": [8, 7], "car_880": [10, 7], "car_881": [5, 2], "car_882": [6, 4], "car_883": [9, 5], "car_3466": [9, 0], "car_3467": [0, 5], "car_2449": [11, 7], "car_2448": [8, 1], "car_2119": [10, 4], "car_2118": [4, 0], "car_3460": [7, 6], "car_3461": [5, 4], "car_2115": [8, 2], "car_2114": [9, 7], "car_2117": [1, 7], "car_2116": [11, 2], "car_2111": [7, 5], "car_2110": [1, 2], "car_2113": [5, 7], "car_2112": [10, 4], "car_1644": [1, 4], "car_1645": [7, 0], "car_1646": [10, 0], "car_1647": [2, 3], "car_1640": [2, 6], "car_1641": [5, 3], "car_1642": [3, 1], "car_1643": [11, 3], "car_3312": [2, 7], "car_1648": [5, 2], "car_1649": [6, 3], "car_2599": [11, 6], "car_2159": [3, 7], "car_2158": [0, 3], "car_2591": [6, 3], "car_2590": [5, 7], "car_2593": [0, 1], "car_2592": [9, 0], "car_2595": [4, 3], "car_2594": [3, 2], "car_2597": [10, 2], "car_2596": [7, 3], "car_3560": [0, 7], "car_3313": [6, 1], "car_2677": [2, 6], "car_2608": [10, 3], "car_408": [2, 1], "car_409": [5, 2], "car_2203": [4, 2], "car_2202": [1, 0], "car_2205": [5, 6], "car_2204": [10, 7], "car_2207": [8, 6], "car_2206": [0, 6], "car_400": [5, 3], "car_401": [6, 2], "car_402": [0, 2], "car_403": [3, 7], "car_404": [11, 1], "car_405": [4, 3], "car_406": [7, 3], "car_407": [10, 5], "car_1769": [4, 1], "car_3080": [5, 2], "car_3081": [6, 1], "car_3082": [9, 4], "car_3083": [0, 5], "car_3084": [3, 5], "car_3085": [8, 7], "car_3086": [11, 4], "car_3087": [1, 5], "car_3088": [10, 1], "car_3089": [5, 7], "car_2973": [1, 3], "car_534": [6, 7], "car_535": [9, 7], "car_536": [3, 7], "car_537": [8, 1], "car_530": [11, 3], "car_531": [1, 0], "car_532": [10, 4], "car_533": [5, 4], "car_3246": [2, 0], "car_3247": [6, 5], "car_3244": [3, 2], "car_3245": [11, 0], "car_538": [11, 2], "car_539": [1, 4], "car_3240": [2, 7], "car_3241": [5, 3], "car_2972": [8, 3], "car_3317": [10, 4], "car_2310": [7, 6], "car_659": [2, 0], "car_658": [10, 3], "car_651": [10, 5], "car_650": [1, 6], "car_653": [6, 3], "car_652": [2, 5], "car_655": [3, 5], "car_654": [0, 4], "car_657": [7, 5], "car_656": [11, 0], "car_2970": [2, 3], "car_2907": [0, 6], "car_2977": [0, 4], "car_2909": [8, 3], "car_2976": [9, 2], "car_2434": [2, 6], "car_1929": [5, 0], "car_2195": [9, 0], "car_2194": [5, 7], "car_1764": [5, 4], "car_2197": [3, 7], "car_2196": [0, 5], "car_2191": [7, 6], "car_1928": [7, 5], "car_2190": [8, 6], "car_2193": [2, 1], "car_1909": [7, 5], "car_1908": [1, 3], "car_1907": [8, 1], "car_1763": [10, 1], "car_1905": [6, 3], "car_1904": [2, 4], "car_1903": [7, 1], "car_1902": [3, 7], "car_1901": [9, 0], "car_1900": [10, 3], "car_1349": [3, 4], "car_1348": [2, 4], "car_1762": [4, 2], "car_1341": [10, 2], "car_1340": [7, 2], "car_1343": [3, 5], "car_1342": [2, 4], "car_1345": [4, 0], "car_1344": [8, 0], "car_1347": [10, 2], "car_1346": [7, 6], "car_3234": [1, 3], "car_3219": [11, 6], "car_2753": [0, 7], "car_3231": [9, 6], "car_2752": [9, 4], "car_3230": [10, 1], "car_2698": [5, 7], "car_1833": [5, 1], "car_1832": [2, 7], "car_349": [8, 5], "car_348": [0, 3], "car_1837": [7, 4], "car_1836": [8, 1], "car_1835": [3, 4], "car_1834": [9, 5], "car_343": [1, 7], "car_342": [8, 5], "car_341": [6, 2], "car_340": [2, 1], "car_347": [9, 6], "car_346": [6, 2], "car_345": [2, 5], "car_344": [4, 7], "car_2325": [2, 7], "car_1129": [6, 0], "car_1128": [5, 1], "car_2979": [8, 6], "car_1125": [4, 2], "car_1124": [1, 6], "car_1127": [10, 2], "car_1126": [7, 0], "car_1121": [6, 4], "car_1120": [10, 2], "car_1123": [11, 2], "car_1122": [3, 4], "car_1402": [8, 3], "car_2320": [5, 4], "car_1403": [11, 5], "car_2321": [6, 5], "car_1400": [0, 3], "car_1401": [3, 7], "car_2978": [3, 6], "car_1406": [6, 0], "car_1407": [0, 6], "car_2902": [4, 5], "car_2903": [2, 7], "car_2900": [8, 5], "car_2901": [1, 3], "car_2906": [9, 1], "car_1404": [7, 4], "car_2904": [5, 2], "car_2905": [6, 0], "car_2908": [3, 7], "car_1405": [2, 5], "car_3505": [1, 6], "car_3504": [8, 1], "car_3507": [2, 0], "car_3506": [4, 2], "car_2058": [6, 3], "car_2059": [9, 2], "car_3503": [9, 6], "car_3502": [6, 5], "car_2054": [8, 5], "car_2055": [11, 6], "car_2056": [10, 2], "car_2057": [5, 2], "car_2050": [2, 7], "car_2051": [6, 3], "car_2052": [9, 1], "car_2053": [0, 1], "car_1011": [5, 2], "car_1010": [10, 5], "car_1013": [9, 2], "car_1012": [6, 5], "car_1015": [3, 4], "car_1014": [0, 2], "car_1017": [11, 5], "car_1016": [8, 1], "car_1019": [10, 5], "car_1018": [4, 7], "car_2690": [9, 0], "car_2691": [0, 6], "car_2696": [10, 2], "car_2697": [2, 0], "car_2694": [11, 3], "car_2695": [7, 4], "car_2790": [4, 6], "car_25": [4, 7], "car_24": [1, 6], "car_27": [0, 5], "car_26": [10, 4], "car_21": [0, 6], "car_20": [9, 0], "car_23": [8, 7], "car_22": [3, 2], "car_3471": [0, 3], "car_3470": [6, 7], "car_3473": [8, 7], "car_3472": [3, 5], "car_29": [8, 5], "car_28": [3, 4], "car_3477": [10, 5], "car_3476": [7, 5], "car_2478": [11, 7], "car_2479": [1, 2], "car_2476": [9, 7], "car_2477": [3, 5], "car_2474": [10, 4], "car_2475": [2, 3], "car_2472": [4, 2], "car_2473": [7, 0], "car_2470": [11, 3], "car_2471": [1, 5], "car_1657": [0, 1], "car_1656": [10, 5], "car_1655": [4, 5], "car_1654": [5, 1], "car_1653": [7, 6], "car_1652": [1, 3], "car_1651": [3, 5], "car_1650": [0, 6], "car_1659": [10, 1], "car_1658": [1, 3], "car_2878": [5, 4], "car_2879": [6, 1], "car_2872": [0, 1], "car_2873": [3, 0], "car_2870": [6, 3], "car_2871": [9, 2], "car_2876": [7, 4], "car_2877": [10, 5], "car_2874": [8, 7], "car_2875": [4, 3], "car_2688": [5, 3], "car_1969": [10, 3], "car_2315": [10, 3], "car_1843": [2, 4], "car_3211": [11, 7], "car_435": [2, 4], "car_434": [4, 7], "car_437": [9, 5], "car_436": [5, 4], "car_431": [10, 5], "car_430": [7, 3], "car_433": [9, 6], "car_432": [5, 1], "car_1846": [0, 1], "car_439": [2, 7], "car_438": [11, 3], "car_1847": [8, 0], "car_2274": [4, 0], "car_2275": [7, 6], "car_2276": [10, 2], "car_2277": [2, 1], "car_2270": [10, 4], "car_2271": [0, 7], "car_2272": [3, 1], "car_2273": [1, 6], "car_1845": [6, 3], "car_2278": [5, 4], "car_2279": [9, 2], "car_1848": [11, 3], "car_2289": [1, 6], "car_1968": [7, 2], "car_1849": [7, 2], "car_2288": [8, 6], "car_1965": [3, 0], "car_3370": [7, 2], "car_1964": [9, 4], "car_3093": [2, 3], "car_3092": [10, 3], "car_3091": [9, 7], "car_3090": [6, 3], "car_3097": [1, 2], "car_3096": [3, 2], "car_3095": [9, 6], "car_3094": [6, 4], "car_3420": [0, 1], "car_3376": [10, 2], "car_3099": [0, 6], "car_3098": [5, 3], "car_3311": [10, 0], "car_501": [9, 0], "car_500": [4, 5], "car_503": [8, 7], "car_502": [0, 2], "car_505": [7, 5], "car_504": [11, 4], "car_507": [9, 7], "car_506": [6, 1], "car_509": [11, 2], "car_508": [0, 6], "car_2302": [7, 1], "car_2303": [10, 1], "car_2304": [2, 3], "car_2305": [5, 1], "car_2306": [9, 1], "car_2307": [3, 2], "car_2281": [1, 0], "car_1745": [1, 2], "car_2280": [0, 6], "car_3378": [5, 4], "car_3379": [9, 0], "car_2960": [8, 6], "car_3475": [4, 5], "car_3474": [1, 5], "car_646": [9, 1], "car_647": [3, 2], "car_644": [10, 2], "car_645": [6, 2], "car_642": [11, 2], "car_643": [1, 3], "car_640": [3, 5], "car_641": [8, 3], "car_2314": [7, 4], "car_648": [8, 5], "car_649": [11, 7], "car_2961": [1, 2], "car_2576": [8, 3], "car_2526": [0, 1], "car_1830": [4, 5], "car_2673": [0, 5], "car_2962": [4, 2], "car_2570": [5, 1], "car_2681": [1, 0], "car_2999": [9, 4], "car_2420": [8, 5], "car_2963": [7, 4], "car_2680": [0, 5], "car_2854": [0, 6], "car_2964": [10, 7], "car_2683": [6, 5], "car_1932": [8, 7], "car_1933": [1, 7], "car_1930": [9, 5], "car_1931": [3, 5], "car_1936": [2, 0], "car_1937": [9, 2], "car_1934": [4, 1], "car_1935": [10, 7], "car_1938": [0, 6], "car_1939": [3, 1], "car_2682": [2, 3], "car_1717": [8, 5], "car_1338": [8, 4], "car_1339": [4, 0], "car_1334": [4, 1], "car_1335": [7, 2], "car_1336": [9, 5], "car_1337": [3, 6], "car_1330": [0, 7], "car_1331": [8, 2], "car_1332": [11, 5], "car_1333": [1, 3], "car_1711": [9, 2], "car_2998": [2, 3], "car_358": [2, 4], "car_359": [5, 7], "car_1804": [11, 0], "car_1805": [4, 7], "car_1802": [9, 6], "car_1803": [8, 5], "car_1800": [11, 0], "car_1801": [6, 5], "car_350": [11, 1], "car_351": [10, 6], "car_352": [2, 4], "car_353": [9, 2], "car_354": [0, 1], "car_355": [3, 0], "car_356": [11, 3], "car_357": [1, 0], "car_1482": [1, 2], "car_1483": [10, 7], "car_1480": [8, 5], "car_1481": [11, 7], "car_1486": [1, 4], "car_1487": [7, 1], "car_1484": [2, 7], "car_1485": [8, 6], "car_1488": [10, 6], "car_1489": [2, 5], "car_1240": [6, 0], "car_1241": [0, 4], "car_1242": [8, 5], "car_1243": [11, 6], "car_1244": [1, 7], "car_1245": [4, 1], "car_1246": [7, 5], "car_1247": [2, 1], "car_1248": [6, 1], "car_1249": [4, 6], "car_1747": [7, 2], "car_2374": [9, 2], "car_1879": [6, 3], "car_2917": [3, 0], "car_2916": [9, 6], "car_2911": [4, 2], "car_2910": [1, 4], "car_2913": [2, 1], "car_2912": [7, 5], "car_2919": [4, 2], "car_2918": [8, 7], "car_2049": [10, 3], "car_2048": [4, 3], "car_2047": [1, 2], "car_2046": [3, 1], "car_2045": [9, 6], "car_2044": [6, 3], "car_2043": [10, 6], "car_2042": [1, 4], "car_2041": [8, 4], "car_2040": [3, 7], "car_1064": [3, 0], "car_1065": [4, 2], "car_1066": [7, 0], "car_1067": [2, 4], "car_1060": [8, 2], "car_1061": [7, 2], "car_1062": [5, 0], "car_1063": [0, 5], "car_2685": [11, 1], "car_2684": [3, 5], "car_2687": [7, 0], "car_2686": [4, 0], "car_1068": [5, 3], "car_1069": [3, 1], "car_1798": [5, 3], "car_1799": [9, 1], "car_10": [6, 1], "car_11": [9, 7], "car_12": [0, 3], "car_13": [4, 5], "car_14": [5, 0], "car_15": [11, 2], "car_16": [4, 3], "car_17": [7, 6], "car_18": [10, 5], "car_19": [2, 3], "car_3406": [0, 3], "car_3407": [3, 7], "car_3400": [8, 4], "car_3401": [1, 5], "car_3402": [7, 3], "car_3403": [5, 0], "car_2461": [9, 3], "car_2460": [6, 2], "car_1668": [8, 7], "car_1669": [4, 7], "car_2465": [0, 2], "car_2464": [6, 5], "car_2467": [0, 7], "car_2466": [6, 4], "car_1662": [3, 2], "car_1663": [11, 1], "car_1660": [2, 7], "car_1661": [0, 5], "car_1666": [9, 0], "car_1667": [0, 3], "car_1664": [4, 3], "car_1665": [10, 0], "car_1468": [4, 2], "car_1469": [7, 1], "car_1460": [1, 3], "car_1461": [7, 4], "car_1462": [5, 0], "car_1463": [1, 7], "car_1464": [2, 3], "car_1465": [5, 3], "car_1466": [0, 2], "car_1467": [11, 6], "car_2699": [0, 7], "car_2869": [4, 1], "car_2868": [11, 5], "car_2865": [5, 3], "car_2864": [4, 3], "car_2867": [3, 4], "car_2866": [6, 0], "car_2861": [3, 1], "car_2860": [9, 3], "car_2863": [1, 7], "car_2862": [11, 0], "car_2648": [1, 5], "car_422": [3, 2], "car_423": [8, 0], "car_420": [6, 3], "car_421": [0, 6], "car_426": [2, 0], "car_427": [6, 3], "car_424": [1, 7], "car_425": [10, 2], "car_3318": [2, 6], "car_3319": [6, 4], "car_428": [9, 5], "car_429": [3, 4], "car_2377": [7, 0], "car_2267": [11, 0], "car_2266": [3, 5], "car_2265": [0, 2], "car_2264": [9, 2], "car_2263": [10, 5], "car_2262": [4, 5], "car_2261": [1, 2], "car_2260": [11, 1], "car_2371": [5, 0], "car_2269": [4, 7], "car_2268": [1, 2], "car_2373": [5, 7], "car_2372": [4, 5], "car_2008": [9, 6], "car_2370": [10, 4], "car_3486": [0, 1], "car_3487": [8, 3], "car_3224": [10, 3], "car_3225": [2, 4], "car_2319": [7, 5], "car_2318": [4, 7], "car_3220": [4, 3], "car_3221": [7, 3], "car_518": [0, 2], "car_519": [2, 7], "car_516": [6, 3], "car_517": [9, 3], "car_514": [7, 2], "car_515": [2, 3], "car_512": [7, 2], "car_513": [9, 2], "car_510": [1, 4], "car_511": [4, 2], "car_1870": [11, 2], "car_2692": [3, 6], "car_3488": [11, 5], "car_2444": [6, 5], "car_3469": [2, 0], "car_3489": [4, 2], "car_633": [11, 3], "car_632": [9, 2], "car_631": [6, 2], "car_630": [5, 4], "car_637": [5, 2], "car_636": [10, 0], "car_635": [4, 7], "car_634": [1, 4], "car_2675": [4, 2], "car_639": [0, 4], "car_638": [9, 2], "car_3138": [8, 1], "car_3139": [11, 5], "car_2693": [8, 6], "car_3130": [3, 0], "car_3131": [11, 6], "car_3132": [10, 6], "car_3133": [2, 0], "car_3134": [6, 3], "car_3135": [9, 2], "car_3136": [0, 5], "car_3137": [3, 2], "car_189": [7, 2], "car_188": [11, 4], "car_185": [7, 3], "car_184": [8, 0], "car_187": [6, 0], "car_186": [10, 5], "car_181": [6, 4], "car_180": [2, 0], "car_183": [0, 1], "car_182": [9, 4], "car_749": [0, 4], "car_748": [2, 6], "car_747": [10, 6], "car_746": [7, 5], "car_745": [4, 6], "car_744": [1, 0], "car_743": [8, 5], "car_742": [0, 1], "car_741": [6, 7], "car_740": [10, 1], "car_2131": [11, 1], "car_3316": [11, 3], "car_2618": [8, 0], "car_299": [2, 7], "car_298": [10, 0], "car_1927": [4, 0], "car_1926": [1, 7], "car_1921": [7, 0], "car_1920": [6, 7], "car_1923": [6, 7], "car_1922": [2, 1], "car_291": [10, 2], "car_290": [1, 7], "car_293": [5, 4], "car_292": [2, 1], "car_295": [0, 2], "car_294": [9, 4], "car_297": [4, 3], "car_296": [1, 7], "car_1329": [7, 1], "car_1328": [11, 3], "car_1327": [3, 0], "car_1326": [6, 1], "car_1325": [5, 4], "car_1324": [2, 1], "car_1323": [10, 4], "car_1322": [7, 3], "car_1321": [4, 1], "car_1320": [1, 0], "car_365": [5, 4], "car_364": [7, 4], "car_367": [0, 6], "car_366": [9, 1], "car_361": [0, 4], "car_360": [9, 1], "car_363": [4, 1], "car_362": [11, 5], "car_1811": [4, 3], "car_1810": [11, 1], "car_1813": [5, 3], "car_1812": [7, 5], "car_369": [11, 5], "car_368": [3, 6], "car_1817": [10, 1], "car_1816": [8, 6], "car_167": [10, 3], "car_166": [7, 1], "car_165": [1, 5], "car_164": [11, 7], "car_163": [8, 7], "car_162": [3, 1], "car_161": [0, 2], "car_160": [9, 5], "car_169": [3, 7], "car_168": [2, 1], "car_1495": [7, 0], "car_1494": [4, 2], "car_1497": [9, 7], "car_1496": [6, 3], "car_1491": [9, 3], "car_1490": [6, 0], "car_1493": [1, 7], "car_1492": [3, 2], "car_1499": [11, 1], "car_1498": [3, 2], "car_1253": [0, 3], "car_1252": [9, 3], "car_1251": [6, 1], "car_1250": [7, 1], "car_1257": [7, 1], "car_1256": [11, 0], "car_1255": [8, 4], "car_1254": [3, 0], "car_2850": [0, 2], "car_1259": [5, 3], "car_1258": [2, 7], "car_2851": [3, 1], "car_1868": [5, 3], "car_2852": [11, 1], "car_2853": [5, 7], "car_3248": [9, 4], "car_1789": [2, 3], "car_1788": [7, 6], "car_2070": [7, 1], "car_2071": [10, 3], "car_2076": [8, 6], "car_2077": [4, 1], "car_2074": [9, 0], "car_2075": [0, 4], "car_1781": [3, 6], "car_1780": [0, 6], "car_1783": [10, 1], "car_1782": [7, 3], "car_1785": [0, 2], "car_1784": [9, 4], "car_1787": [1, 2], "car_1786": [3, 5], "car_1077": [9, 0], "car_1076": [5, 4], "car_1075": [7, 5], "car_1074": [1, 3], "car_1073": [0, 7], "car_1072": [9, 1], "car_1071": [1, 4], "car_1070": [11, 3], "car_2678": [5, 0], "car_2679": [6, 3], "car_3520": [10, 3], "car_1079": [8, 1], "car_1078": [0, 6], "car_3257": [11, 0], "car_2139": [4, 0], "car_3256": [3, 0], "car_2034": [4, 6], "car_2300": [11, 1], "car_2035": [7, 3], "car_2301": [4, 0], "car_2032": [3, 7], "car_2033": [1, 5], "car_2996": [4, 0], "car_3419": [6, 7], "car_2138": [1, 3], "car_3417": [1, 0], "car_3416": [6, 4], "car_3415": [5, 4], "car_3414": [2, 1], "car_3413": [10, 6], "car_3412": [3, 4], "car_3411": [5, 6], "car_3410": [10, 0], "car_985": [7, 3], "car_984": [4, 2], "car_987": [5, 4], "car_986": [10, 6], "car_981": [1, 5], "car_980": [11, 2], "car_983": [6, 3], "car_982": [2, 7], "car_1675": [7, 1], "car_1674": [4, 7], "car_1677": [6, 1], "car_1676": [10, 3], "car_989": [3, 6], "car_988": [0, 3], "car_1673": [8, 6], "car_1672": [3, 1], "car_2784": [1, 4], "car_2785": [4, 2], "car_1479": [3, 7], "car_1478": [0, 1], "car_2780": [10, 3], "car_2781": [5, 2], "car_2782": [0, 2], "car_2783": [3, 7], "car_1473": [4, 7], "car_1472": [1, 3], "car_1471": [0, 7], "car_1470": [9, 1], "car_1477": [6, 4], "car_1476": [5, 6], "car_1475": [2, 7], "car_1474": [7, 6], "car_2890": [7, 1], "car_2891": [2, 7], "car_2892": [9, 7], "car_2893": [3, 2], "car_2894": [11, 1], "car_1743": [8, 2], "car_2896": [10, 5], "car_2897": [2, 0], "car_2898": [5, 7], "car_2899": [6, 4], "car_1742": [9, 5], "car_2990": [10, 6], "car_2528": [1, 7], "car_2529": [4, 7], "car_2258": [0, 6], "car_2259": [3, 1], "car_3307": [9, 3], "car_2689": [6, 0], "car_3305": [2, 1], "car_3304": [10, 3], "car_2252": [8, 6], "car_2253": [7, 3], "car_2250": [9, 6], "car_2251": [3, 6], "car_2256": [6, 2], "car_2257": [9, 3], "car_2254": [10, 0], "car_2255": [2, 1], "car_2098": [5, 2], "car_2099": [6, 7], "car_2090": [5, 1], "car_2091": [6, 7], "car_2092": [11, 6], "car_2093": [1, 4], "car_2094": [3, 4], "car_2095": [4, 1], "car_2096": [7, 3], "car_2097": [2, 5], "car_2992": [6, 1], "car_3237": [2, 7], "car_3236": [10, 4], "car_569": [8, 5], "car_568": [2, 0], "car_3233": [8, 7], "car_3232": [3, 1], "car_2328": [0, 5], "car_2329": [3, 7], "car_563": [8, 7], "car_562": [6, 0], "car_561": [2, 0], "car_560": [10, 5], "car_567": [10, 6], "car_566": [7, 6], "car_565": [4, 6], "car_564": [11, 4], "car_2331": [4, 1], "car_620": [8, 3], "car_621": [1, 5], "car_622": [7, 4], "car_623": [2, 7], "car_624": [9, 0], "car_625": [3, 0], "car_626": [1, 7], "car_627": [4, 0], "car_628": [7, 4], "car_629": [2, 4], "car_1869": [3, 2], "car_3129": [0, 1], "car_3128": [6, 1], "car_3123": [0, 6], "car_3122": [2, 6], "car_3121": [7, 0], "car_3120": [4, 6], "car_3127": [5, 1], "car_3126": [2, 6], "car_3125": [7, 6], "car_3124": [8, 3], "car_1866": [7, 2], "car_1867": [10, 5], "car_3388": [7, 4], "car_198": [9, 2], "car_199": [0, 1], "car_2831": [3, 6], "car_192": [11, 3], "car_193": [2, 4], "car_190": [6, 3], "car_191": [3, 5], "car_196": [5, 4], "car_197": [6, 5], "car_194": [3, 0], "car_195": [10, 3], "car_758": [10, 2], "car_759": [2, 7], "car_754": [0, 1], "car_755": [3, 1], "car_756": [8, 6], "car_757": [7, 0], "car_750": [3, 7], "car_751": [8, 5], "car_752": [2, 5], "car_753": [5, 2], "car_1940": [11, 7], "car_3355": [9, 1], "car_2991": [5, 1], "car_3299": [1, 7], "car_3298": [11, 6], "car_286": [9, 4], "car_287": [3, 7], "car_284": [5, 0], "car_285": [6, 7], "car_282": [7, 3], "car_283": [10, 3], "car_280": [3, 0], "car_281": [4, 3], "car_3353": [10, 3], "car_1949": [9, 4], "car_288": [8, 6], "car_289": [11, 5], "car_3453": [8, 7], "car_1948": [6, 3], "car_2791": [7, 4], "car_3452": [3, 1], "car_3451": [2, 6], "car_3450": [10, 7], "car_1312": [8, 0], "car_1313": [11, 4], "car_1310": [6, 2], "car_1311": [3, 4], "car_1316": [6, 1], "car_1317": [3, 0], "car_1314": [4, 3], "car_1315": [10, 3], "car_1318": [8, 0], "car_1319": [11, 0], "car_2450": [1, 2], "car_2451": [4, 0], "car_2452": [7, 3], "car_372": [11, 3], "car_373": [1, 6], "car_370": [10, 4], "car_371": [8, 1], "car_376": [11, 0], "car_377": [4, 5], "car_374": [10, 1], "car_375": [5, 4], "car_1864": [1, 4], "car_1865": [4, 2], "car_378": [2, 4], "car_379": [8, 0], "car_1860": [1, 0], "car_1861": [7, 0], "car_1862": [2, 5], "car_1863": [9, 3], "car_174": [10, 6], "car_175": [6, 7], "car_176": [9, 7], "car_177": [8, 1], "car_170": [11, 0], "car_171": [1, 7], "car_172": [4, 5], "car_173": [7, 1], "car_2457": [1, 5], "car_178": [4, 3], "car_179": [7, 5], "car_2338": [10, 4], "car_1266": [8, 3], "car_1267": [1, 5], "car_1264": [9, 1], "car_1265": [0, 7], "car_1262": [4, 5], "car_1263": [6, 5], "car_1260": [3, 1], "car_1261": [1, 0], "car_2949": [5, 1], "car_1268": [4, 1], "car_1269": [7, 5], "car_3371": [10, 6], "car_2406": [9, 3], "car_2065": [10, 7], "car_2064": [4, 6], "car_1048": [8, 0], "car_1049": [1, 6], "car_2061": [6, 7], "car_2060": [7, 4], "car_2063": [0, 1], "car_2062": [9, 0], "car_1042": [4, 2], "car_1043": [7, 6], "car_1040": [11, 5], "car_1041": [1, 7], "car_1046": [9, 6], "car_1047": [3, 5], "car_1044": [2, 3], "car_1045": [5, 4], "car_2663": [2, 6], "car_2662": [10, 5], "car_2661": [3, 4], "car_2660": [0, 4], "car_2667": [3, 1], "car_2666": [0, 5], "car_2665": [9, 7], "car_2664": [5, 3], "car_2669": [1, 0], "car_2668": [11, 4], "car_3528": [5, 1], "car_2404": [2, 1], "car_3422": [4, 2], "car_3423": [7, 3], "car_78": [2, 3], "car_79": [5, 3], "car_3426": [5, 0], "car_3427": [6, 3], "car_3424": [10, 5], "car_3425": [2, 6], "car_72": [9, 4], "car_73": [0, 4], "car_70": [10, 7], "car_71": [5, 2], "car_76": [4, 6], "car_77": [7, 1], "car_74": [8, 4], "car_75": [1, 3], "car_992": [4, 2], "car_993": [7, 6], "car_990": [8, 0], "car_991": [11, 5], "car_996": [0, 2], "car_997": [8, 1], "car_994": [10, 2], "car_995": [6, 7], "car_1688": [4, 5], "car_1689": [7, 6], "car_998": [7, 4], "car_999": [5, 1], "car_2409": [7, 6], "car_2408": [11, 4], "car_2797": [11, 1], "car_2796": [8, 3], "car_2795": [3, 2], "car_2794": [6, 1], "car_2793": [5, 6], "car_2792": [2, 6], "car_1448": [7, 5], "car_1449": [0, 6], "car_1446": [1, 0], "car_1447": [4, 0], "car_1444": [0, 2], "car_1445": [3, 4], "car_1442": [6, 5], "car_1443": [9, 5], "car_1440": [2, 6], "car_1441": [5, 4], "car_2883": [4, 0], "car_2882": [8, 5], "car_2881": [3, 1], "car_2798": [1, 6], "car_2887": [6, 2], "car_2886": [5, 4], "car_2885": [2, 7], "car_2884": [10, 1], "car_2889": [4, 7], "car_2888": [9, 2], "car_2401": [11, 5], "car_2986": [4, 6], "car_3336": [9, 1], "car_3337": [3, 7], "car_2539": [8, 1], "car_2538": [0, 7], "car_2249": [6, 3], "car_2248": [5, 3], "car_3330": [8, 6], "car_3331": [11, 5], "car_2245": [1, 7], "car_2244": [3, 5], "car_2247": [2, 4], "car_2246": [4, 1], "car_2241": [7, 6], "car_2240": [4, 5], "car_2243": [6, 1], "car_2242": [2, 1], "car_2089": [2, 4], "car_2088": [7, 4], "car_2083": [5, 2], "car_2082": [1, 5], "car_2081": [8, 3], "car_2080": [6, 2], "car_2087": [0, 4], "car_2086": [10, 2], "car_2085": [7, 4], "car_2084": [6, 1], "car_3180": [10, 2], "car_3183": [7, 1], "car_3239": [9, 0], "car_2984": [11, 0], "car_3208": [5, 2], "car_3209": [9, 5], "car_3202": [7, 4], "car_3203": [10, 4], "car_3200": [1, 2], "car_3186": [6, 0], "car_3206": [1, 3], "car_3207": [10, 4], "car_3204": [0, 1], "car_3205": [8, 0], "car_578": [1, 6], "car_579": [4, 2], "car_2333": [2, 4], "car_2332": [10, 2], "car_2335": [9, 6], "car_2334": [6, 3], "car_2337": [11, 4], "car_553": [6, 5], "car_570": [1, 3], "car_571": [7, 4], "car_572": [10, 4], "car_573": [2, 0], "car_574": [5, 4], "car_806": [0, 6], "car_576": [3, 4], "car_577": [8, 0], "car_807": [3, 1], "car_800": [11, 2], "car_801": [4, 6], "car_802": [7, 1], "car_2192": [10, 5], "car_803": [10, 1], "car_2067": [5, 0], "car_2066": [2, 0], "car_619": [0, 1], "car_618": [5, 4], "car_3377": [2, 1], "car_615": [3, 4], "car_614": [9, 7], "car_617": [7, 1], "car_616": [4, 2], "car_611": [7, 0], "car_610": [4, 6], "car_613": [6, 4], "car_612": [5, 0], "car_2151": [9, 6], "car_3118": [11, 3], "car_3119": [1, 5], "car_3116": [9, 7], "car_3117": [0, 7], "car_3114": [5, 4], "car_3115": [6, 4], "car_3112": [4, 7], "car_3113": [2, 6], "car_3110": [8, 2], "car_3111": [11, 2], "car_2704": [5, 2], "car_2705": [3, 7], "car_2706": [11, 4], "car_2150": [6, 7], "car_2707": [1, 6], "car_2069": [8, 5], "car_2068": [0, 4], "car_2702": [10, 5], "car_2703": [2, 5], "car_769": [0, 5], "car_768": [9, 3], "car_2567": [1, 7], "car_761": [9, 1], "car_760": [6, 4], "car_763": [3, 5], "car_762": [0, 1], "car_765": [2, 0], "car_764": [8, 5], "car_767": [6, 4], "car_766": [5, 6], "car_2216": [10, 0], "car_2217": [5, 2], "car_2330": [8, 0], "car_2214": [8, 4], "car_2215": [11, 7], "car_2212": [0, 1], "car_2213": [3, 5], "car_2210": [7, 2], "car_2211": [10, 5], "car_575": [0, 4], "car_3374": [0, 5], "car_1305": [4, 1], "car_1304": [11, 7], "car_1307": [10, 7], "car_1306": [7, 5], "car_1301": [2, 4], "car_1300": [10, 1], "car_1303": [8, 6], "car_1302": [3, 6], "car_1309": [5, 3], "car_1308": [2, 3], "car_389": [4, 0], "car_388": [11, 0], "car_387": [8, 6], "car_386": [9, 7], "car_385": [10, 0], "car_384": [1, 4], "car_383": [11, 2], "car_382": [6, 4], "car_381": [5, 7], "car_380": [11, 2], "car_141": [11, 2], "car_140": [9, 1], "car_143": [10, 3], "car_142": [1, 3], "car_145": [0, 1], "car_144": [9, 1], "car_147": [4, 2], "car_146": [1, 7], "car_149": [6, 5], "car_148": [7, 3], "car_2407": [0, 7], "car_1279": [11, 5], "car_1278": [6, 5], "car_1271": [2, 6], "car_1270": [10, 2], "car_1273": [6, 0], "car_1272": [5, 6], "car_1275": [8, 6], "car_1274": [9, 4], "car_1277": [5, 0], "car_1276": [4, 0], "car_2326": [5, 6], "car_2847": [10, 6], "car_2327": [6, 7], "car_3491": [5, 4], "car_1059": [3, 2], "car_1058": [9, 4], "car_1055": [8, 4], "car_1054": [0, 5], "car_1057": [6, 3], "car_1056": [7, 2], "car_1051": [2, 1], "car_1050": [10, 0], "car_1053": [6, 5], "car_1052": [5, 0], "car_2656": [3, 7], "car_2657": [8, 0], "car_2654": [5, 4], "car_2655": [0, 3], "car_2652": [0, 7], "car_2653": [10, 0], "car_2650": [2, 0], "car_2651": [5, 6], "car_2415": [2, 3], "car_2658": [4, 3], "car_2659": [7, 5], "car_3490": [7, 3], "car_2416": [5, 4], "car_69": [7, 5], "car_68": [4, 2], "car_2438": [1, 3], "car_2439": [6, 3], "car_3431": [7, 5], "car_3430": [4, 2], "car_3433": [2, 0], "car_3432": [10, 5], "car_61": [8, 7], "car_60": [3, 7], "car_63": [5, 4], "car_62": [4, 5], "car_65": [9, 4], "car_64": [6, 4], "car_67": [11, 0], "car_66": [0, 1], "car_1693": [3, 0], "car_1692": [6, 7], "car_1691": [5, 2], "car_1690": [10, 5], "car_1697": [9, 3], "car_1696": [6, 4], "car_969": [5, 1], "car_968": [2, 0], "car_967": [10, 7], "car_966": [7, 4], "car_965": [4, 0], "car_964": [1, 2], "car_963": [11, 0], "car_962": [8, 5], "car_961": [0, 3], "car_960": [9, 1], "car_1451": [8, 7], "car_1450": [3, 2], "car_1453": [4, 0], "car_1452": [1, 7], "car_1455": [10, 4], "car_1454": [7, 6], "car_1457": [5, 7], "car_1456": [2, 5], "car_1459": [11, 5], "car_1458": [6, 5], "car_3541": [1, 5], "car_2410": [10, 5], "car_2837": [3, 0], "car_3428": [9, 2], "car_3329": [3, 4], "car_3328": [9, 6], "car_3429": [8, 5], "car_3175": [9, 2], "car_3321": [8, 2], "car_3320": [0, 7], "car_3323": [6, 5], "car_3322": [1, 5], "car_3325": [8, 4], "car_3279": [2, 3], "car_3327": [1, 3], "car_3326": [11, 4], "car_3278": [10, 1], "car_2411": [5, 3], "car_3547": [3, 2], "car_2508": [9, 5], "car_2509": [3, 6], "car_2506": [10, 3], "car_2507": [5, 0], "car_2504": [11, 1], "car_2505": [7, 1], "car_2502": [2, 4], "car_2503": [5, 6], "car_2500": [1, 3], "car_2501": [10, 4], "car_2737": [0, 1], "car_1680": [11, 0], "car_1681": [10, 2], "car_3173": [2, 0], "car_1682": [5, 3], "car_1683": [6, 0], "car_3272": [4, 6], "car_1684": [3, 1], "car_2736": [9, 2], "car_1685": [8, 5], "car_1891": [8, 6], "car_3270": [11, 1], "car_1686": [11, 2], "car_1890": [6, 1], "car_1687": [1, 6], "car_1893": [7, 1], "car_545": [1, 4], "car_544": [11, 1], "car_547": [9, 5], "car_546": [5, 7], "car_541": [10, 4], "car_540": [4, 0], "car_543": [0, 5], "car_542": [2, 0], "car_3215": [6, 0], "car_1895": [2, 1], "car_3217": [1, 5], "car_3216": [3, 7], "car_549": [11, 4], "car_548": [0, 6], "car_819": [5, 1], "car_818": [2, 6], "car_2344": [5, 3], "car_2345": [9, 2], "car_2346": [0, 2], "car_2347": [11, 7], "car_2340": [0, 3], "car_1897": [8, 0], "car_2342": [11, 1], "car_2343": [4, 2], "car_2405": [6, 1], "car_1896": [6, 7], "car_2348": [1, 7], "car_2349": [5, 1], "car_33": [8, 2], "car_1767": [3, 6], "car_1766": [0, 1], "car_1765": [6, 4], "car_3498": [6, 1], "car_608": [8, 5], "car_609": [11, 3], "car_2941": [6, 4], "car_602": [8, 5], "car_603": [1, 5], "car_600": [5, 6], "car_601": [0, 1], "car_606": [0, 1], "car_607": [3, 4], "car_604": [10, 7], "car_605": [2, 0], "car_3101": [11, 0], "car_3100": [3, 0], "car_3103": [4, 1], "car_3102": [1, 3], "car_3105": [10, 0], "car_1761": [8, 7], "car_3107": [5, 1], "car_3106": [2, 5], "car_3109": [9, 2], "car_3108": [6, 7], "car_1760": [3, 5], "car_2799": [4, 2], "car_776": [11, 4], "car_777": [1, 4], "car_774": [3, 2], "car_775": [8, 6], "car_772": [6, 4], "car_773": [0, 6], "car_770": [11, 6], "car_771": [5, 1], "car_1768": [1, 2], "car_778": [7, 6], "car_779": [2, 1], "car_2418": [9, 6], "car_2880": [0, 3], "car_1750": [5, 3], "car_2419": [3, 4], "car_3293": [7, 4], "car_3292": [11, 0], "car_3251": [1, 0], "car_1994": [8, 4], "car_1995": [11, 1], "car_1996": [1, 7], "car_1997": [7, 6], "car_1990": [7, 3], "car_1991": [10, 4], "car_1992": [2, 3], "car_1993": [0, 4], "car_1998": [10, 0], "car_1999": [2, 0], "car_2846": [4, 6], "car_3250": [11, 1], "car_1842": [1, 3], "car_1806": [2, 1], "car_1840": [0, 6], "car_1841": [3, 6], "car_398": [0, 7], "car_399": [8, 1], "car_1844": [5, 7], "car_1807": [5, 0], "car_394": [0, 6], "car_395": [7, 3], "car_396": [6, 1], "car_397": [9, 5], "car_390": [10, 0], "car_391": [2, 3], "car_392": [5, 2], "car_393": [6, 7], "car_158": [4, 6], "car_159": [7, 2], "car_156": [11, 3], "car_157": [1, 6], "car_154": [5, 3], "car_155": [6, 2], "car_152": [7, 1], "car_153": [2, 5], "car_150": [9, 4], "car_151": [11, 2], "car_1208": [0, 2], "car_1209": [3, 4], "car_1204": [10, 7], "car_1205": [2, 4], "car_1206": [6, 5], "car_1207": [9, 6], "car_1200": [9, 2], "car_1201": [3, 0], "car_1202": [1, 4], "car_1203": [7, 6], "car_2601": [2, 7], "car_2403": [10, 3], "car_3252": [10, 6], "car_3334": [7, 4], "car_3335": [10, 0], "car_1808": [0, 4], "car_3255": [0, 3], "car_3332": [1, 4], "car_1809": [8, 6], "car_3333": [4, 7], "car_2649": [7, 6], "car_2612": [10, 3], "car_2613": [2, 5], "car_2641": [8, 3], "car_2640": [3, 0], "car_2643": [7, 3], "car_2642": [4, 0], "car_2645": [6, 1], "car_2644": [10, 1], "car_2647": [11, 1], "car_2646": [3, 0], "car_1510": [2, 5], "car_1511": [6, 0], "car_1512": [3, 1], "car_1513": [8, 4], "car_1514": [11, 7], "car_1515": [1, 5], "car_1516": [5, 1], "car_1517": [9, 3], "car_1518": [0, 3], "car_1519": [3, 7], "car_2531": [3, 0], "car_2965": [2, 4], "car_2530": [0, 1], "car_2966": [5, 2], "car_3366": [6, 5], "car_2537": [9, 3], "car_2967": [9, 0], "car_2536": [6, 3], "car_2968": [4, 6], "car_2855": [3, 0], "car_1198": [2, 3], "car_1199": [5, 7], "car_2969": [7, 5], "car_1194": [6, 4], "car_1195": [9, 0], "car_1196": [3, 7], "car_1197": [11, 6], "car_1190": [7, 0], "car_1191": [10, 0], "car_1192": [2, 3], "car_1193": [5, 4], "car_2619": [7, 4], "car_2429": [0, 1], "car_2428": [10, 6], "car_2425": [8, 0], "car_2424": [6, 1], "car_2427": [4, 7], "car_2426": [1, 4], "car_2421": [4, 0], "car_2126": [4, 5], "car_2423": [5, 1], "car_2422": [2, 4], "car_2856": [1, 7], "car_2127": [7, 0], "car_978": [6, 1], "car_979": [3, 2], "car_974": [7, 5], "car_975": [10, 7], "car_976": [2, 6], "car_977": [5, 1], "car_970": [9, 3], "car_971": [0, 1], "car_972": [3, 7], "car_973": [1, 0], "car_1424": [6, 4], "car_1425": [3, 1], "car_1426": [11, 3], "car_1427": [5, 3], "car_1420": [8, 2], "car_1421": [11, 2], "car_1422": [4, 1], "car_1423": [7, 3], "car_2402": [1, 4], "car_1428": [6, 3], "car_1429": [9, 2], "car_2857": [7, 0], "car_3259": [4, 7], "car_3358": [4, 3], "car_3359": [5, 0], "car_3354": [6, 1], "car_2128": [10, 7], "car_3356": [0, 6], "car_3357": [1, 0], "car_3350": [1, 5], "car_3258": [1, 3], "car_3352": [7, 6], "car_2129": [6, 5], "car_2511": [4, 7], "car_2510": [8, 2], "car_2513": [10, 1], "car_2512": [7, 6], "car_2515": [6, 1], "car_2514": [5, 1], "car_2517": [0, 6], "car_2516": [9, 6], "car_2519": [8, 5], "car_2518": [3, 6], "car_1738": [11, 5], "car_1739": [1, 5], "car_1730": [0, 1], "car_1731": [3, 2], "car_1732": [8, 0], "car_1733": [4, 7], "car_1734": [7, 2], "car_1735": [10, 5], "car_1736": [6, 3], "car_1737": [8, 5], "car_54": [6, 7], "car_55": [9, 4], "car_56": [3, 5], "car_57": [4, 1], "car_50": [8, 0], "car_51": [4, 3], "car_52": [9, 0], "car_53": [3, 5], "car_58": [7, 5], "car_59": [0, 3], "car_2609": [6, 5], "car_552": [5, 3], "car_805": [6, 0], "car_550": [1, 3], "car_551": [2, 5], "car_556": [3, 0], "car_557": [11, 1], "car_554": [9, 5], "car_555": [0, 4], "car_558": [1, 5], "car_559": [7, 6], "car_808": [8, 6], "car_809": [4, 6], "car_2357": [3, 4], "car_2356": [9, 3], "car_2355": [2, 5], "car_2354": [7, 2], "car_2353": [4, 0], "car_2352": [8, 1], "car_2351": [0, 5], "car_2350": [6, 0], "car_2359": [4, 0], "car_2358": [8, 0], "car_1757": [5, 1], "car_2339": [2, 5], "car_2469": [8, 4], "car_3174": [6, 3], "car_2915": [6, 7], "car_3176": [3, 6], "car_3177": [11, 0], "car_3170": [1, 3], "car_3171": [4, 2], "car_3172": [7, 5], "car_2914": [5, 3], "car_3178": [4, 0], "car_3179": [7, 6], "car_3369": [4, 5], "car_2468": [3, 7], "car_3437": [5, 3], "car_703": [11, 3], "car_702": [3, 1], "car_701": [5, 1], "car_700": [2, 1], "car_707": [9, 2], "car_706": [10, 4], "car_705": [7, 5], "car_704": [1, 5], "car_709": [1, 5], "car_708": [3, 4], "car_3436": [10, 3], "car_3008": [8, 6], "car_3009": [7, 1], "car_3000": [8, 0], "car_3001": [11, 4], "car_3002": [1, 0], "car_3003": [7, 6], "car_3004": [2, 0], "car_3005": [5, 1], "car_3006": [0, 1], "car_3007": [3, 4], "car_2221": [7, 1], "car_2308": [8, 7], "car_2400": [8, 3], "car_2309": [1, 7], "car_3201": [4, 7], "car_1987": [9, 0], "car_1986": [6, 1], "car_1985": [1, 0], "car_1984": [11, 0], "car_1983": [8, 6], "car_1982": [3, 2], "car_1981": [0, 4], "car_1980": [9, 5], "car_1989": [4, 6], "car_1988": [3, 0], "car_2768": [7, 6], "car_1855": [7, 5], "car_1796": [10, 4], "car_1857": [6, 5], "car_1856": [2, 0], "car_1851": [6, 5], "car_1850": [2, 5], "car_1853": [8, 2], "car_1797": [2, 1], "car_2336": [0, 2], "car_1859": [3, 0], "car_1794": [1, 6], "car_2230": [6, 0], "car_129": [1, 5], "car_128": [9, 0], "car_2231": [0, 3], "car_123": [0, 1], "car_122": [10, 2], "car_121": [7, 3], "car_120": [4, 6], "car_127": [5, 2], "car_126": [7, 1], "car_125": [11, 2], "car_124": [8, 5], "car_1790": [9, 4], "car_1219": [7, 1], "car_1218": [4, 3], "car_1217": [1, 5], "car_1216": [8, 4], "car_1215": [0, 4], "car_1214": [6, 0], "car_1213": [10, 7], "car_1212": [7, 6], "car_1211": [4, 6], "car_1210": [8, 2], "car_1415": [10, 0], "car_1414": [7, 5], "car_1417": [7, 0], "car_1416": [2, 1], "car_1411": [5, 1], "car_1410": [11, 4], "car_237": [8, 7], "car_236": [3, 7], "car_235": [2, 3], "car_234": [10, 2], "car_233": [7, 3], "car_232": [11, 0], "car_231": [8, 3], "car_230": [3, 6], "car_3372": [6, 7], "car_1412": [3, 1], "car_239": [1, 0], "car_238": [11, 1], "car_2988": [6, 1], "car_2989": [3, 1], "car_2638": [6, 7], "car_2639": [9, 2], "car_2634": [11, 0], "car_2635": [1, 6], "car_2636": [2, 1], "car_2637": [5, 1], "car_2630": [1, 4], "car_2631": [7, 6], "car_2632": [5, 1], "car_2633": [3, 7], "car_1503": [8, 0], "car_1502": [0, 1], "car_1501": [4, 5], "car_1500": [1, 5], "car_1507": [5, 3], "car_1506": [2, 7], "car_1505": [7, 0], "car_1504": [1, 3], "car_3373": [9, 5], "car_1509": [7, 4], "car_1508": [4, 5], "car_3439": [9, 5], "car_1189": [4, 6], "car_1188": [1, 2], "car_1187": [11, 2], "car_1186": [8, 2], "car_1185": [0, 5], "car_1184": [6, 2], "car_1183": [5, 2], "car_1182": [2, 7], "car_1181": [10, 2], "car_1180": [7, 5], "car_2182": [0, 5], "car_2183": [11, 3], "car_2180": [5, 0], "car_2181": [9, 5], "car_2186": [10, 4], "car_2187": [2, 7], "car_2184": [1, 2], "car_2185": [4, 1], "car_3438": [6, 5], "car_2188": [9, 2], "car_2189": [3, 5], "car_949": [2, 0], "car_948": [1, 2], "car_2742": [9, 0], "car_2743": [1, 4], "car_2744": [7, 2], "car_2745": [6, 0], "car_2746": [9, 2], "car_2747": [0, 2], "car_941": [8, 7], "car_940": [3, 5], "car_943": [4, 6], "car_942": [11, 0], "car_945": [10, 2], "car_944": [7, 2], "car_947": [11, 7], "car_946": [9, 4], "car_1437": [4, 5], "car_1436": [1, 5], "car_1435": [8, 5], "car_1434": [0, 4], "car_1433": [10, 4], "car_1432": [4, 1], "car_1431": [1, 6], "car_1430": [0, 2], "car_1439": [10, 3], "car_1438": [7, 4], "car_3501": [2, 3], "car_2238": [11, 4], "car_2823": [10, 4], "car_493": [1, 3], "car_492": [11, 6], "car_491": [8, 6], "car_490": [3, 5], "car_497": [0, 7], "car_496": [9, 7], "car_495": [2, 5], "car_494": [10, 3], "car_3347": [9, 2], "car_3346": [5, 7], "car_499": [11, 6], "car_498": [3, 7], "car_3343": [9, 7], "car_3342": [6, 7], "car_3341": [2, 6], "car_3340": [7, 2], "car_2296": [9, 2], "car_2297": [0, 4], "car_2294": [8, 5], "car_2239": [1, 6], "car_2292": [6, 5], "car_2293": [0, 3], "car_2290": [4, 0], "car_2291": [10, 6], "car_1918": [4, 2], "car_2568": [10, 0], "car_2569": [2, 7], "car_2298": [3, 2], "car_1919": [5, 0], "car_1729": [9, 2], "car_1728": [10, 4], "car_1723": [9, 0], "car_1722": [6, 5], "car_1721": [10, 2], "car_1720": [7, 1], "car_1727": [7, 0], "car_1726": [1, 0], "car_1725": [11, 3], "car_1724": [3, 6], "car_43": [2, 4], "car_42": [10, 0], "car_41": [4, 1], "car_40": [11, 2], "car_47": [10, 1], "car_46": [4, 5], "car_45": [1, 6], "car_44": [0, 3], "car_49": [6, 2], "car_48": [2, 0], "car_1916": [11, 7], "car_3365": [5, 0], "car_1917": [1, 2], "car_3364": [7, 6], "car_3375": [8, 5], "car_3367": [0, 4], "car_1858": [0, 4], "car_831": [1, 0], "car_830": [8, 1], "car_833": [10, 0], "car_832": [4, 6], "car_835": [6, 3], "car_834": [5, 1], "car_837": [3, 4], "car_836": [9, 2], "car_839": [11, 6], "car_838": [8, 6], "car_2360": [2, 5], "car_2361": [5, 4], "car_2366": [0, 6], "car_2367": [11, 5], "car_2364": [1, 0], "car_2365": [5, 2], "car_2168": [1, 0], "car_2169": [10, 2], "car_3509": [9, 1], "car_2160": [2, 7], "car_2161": [5, 4], "car_2162": [3, 5], "car_2163": [2, 3], "car_2164": [5, 1], "car_2165": [4, 6], "car_2166": [3, 4], "car_2167": [8, 5], "car_2810": [2, 1], "car_2811": [5, 4], "car_2812": [6, 3], "car_2813": [8, 3], "car_1941": [6, 3], "car_2814": [1, 2], "car_3055": [10, 4], "car_2815": [7, 2], "car_2544": [2, 5], "car_3235": [7, 5], "car_2817": [6, 5], "car_3167": [7, 6], "car_3166": [11, 6], "car_3165": [3, 7], "car_3164": [9, 2], "car_3163": [5, 2], "car_3162": [7, 6], "car_3161": [4, 3], "car_3160": [9, 1], "car_2463": [10, 5], "car_3169": [9, 3], "car_3168": [2, 0], "car_2462": [1, 5], "car_3309": [8, 5], "car_3565": [11, 1], "car_710": [7, 0], "car_711": [2, 5], "car_712": [6, 2], "car_713": [9, 6], "car_714": [8, 5], "car_715": [1, 6], "car_716": [4, 2], "car_717": [7, 1], "car_718": [2, 5], "car_719": [6, 3], "car_1892": [4, 5], "car_3019": [4, 0], "car_3018": [11, 7], "car_3028": [10, 2], "car_3013": [0, 7], "car_3012": [6, 2], "car_3011": [5, 0], "car_3010": [10, 3], "car_3017": [0, 2], "car_3016": [9, 1], "car_3015": [7, 3], "car_2987": [2, 0], "car_3508": [6, 2], "car_3421": [11, 5], "car_1894": [10, 1], "car_2895": [4, 1], "car_3368": [11, 4], "car_138": [4, 6], "car_139": [10, 6], "car_130": [7, 3], "car_131": [0, 4], "car_132": [11, 7], "car_133": [4, 6], "car_134": [5, 1], "car_135": [9, 2], "car_136": [0, 5], "car_137": [1, 5], "car_1222": [11, 6], "car_1223": [1, 7], "car_1220": [6, 4], "car_1221": [0, 4], "car_1226": [2, 3], "car_1227": [9, 7], "car_1224": [4, 2], "car_1225": [7, 1], "car_1886": [11, 3], "car_1887": [1, 0], "car_1228": [1, 5], "car_1229": [7, 1], "car_1882": [5, 1], "car_1883": [6, 4], "car_1880": [9, 3], "car_1881": [10, 7], "car_2621": [5, 6], "car_224": [8, 1], "car_225": [1, 7], "car_226": [4, 2], "car_227": [10, 7], "car_220": [2, 6], "car_221": [5, 0], "car_222": [6, 7], "car_223": [9, 5], "car_228": [2, 0], "car_229": [9, 4], "car_1086": [11, 4], "car_1087": [10, 1], "car_1084": [2, 7], "car_1085": [0, 3], "car_1082": [8, 1], "car_1083": [10, 5], "car_1080": [11, 4], "car_1081": [6, 2], "car_2627": [3, 6], "car_2626": [6, 2], "car_2625": [5, 6], "car_2624": [2, 6], "car_2623": [10, 0], "car_2622": [7, 5], "car_1088": [5, 4], "car_1089": [6, 5], "car_1536": [10, 6], "car_1537": [3, 6], "car_1534": [4, 2], "car_1535": [7, 4], "car_1532": [3, 1], "car_1533": [11, 6], "car_1530": [10, 5], "car_1531": [2, 7], "car_1538": [11, 0], "car_1539": [1, 3], "car_3512": [9, 7], "car_956": [7, 4], "car_957": [10, 6], "car_954": [6, 1], "car_955": [3, 7], "car_952": [0, 6], "car_953": [1, 7], "car_950": [5, 6], "car_951": [6, 3], "car_1827": [3, 5], "car_2199": [6, 3], "car_2198": [8, 1], "car_958": [5, 7], "car_959": [6, 1], "car_1158": [2, 4], "car_1159": [5, 2], "car_1408": [3, 1], "car_1409": [8, 0], "car_2757": [1, 0], "car_2756": [11, 7], "car_2755": [8, 7], "car_1829": [1, 4], "car_1150": [11, 2], "car_1151": [7, 5], "car_1152": [2, 0], "car_1153": [6, 3], "car_1154": [3, 0], "car_1155": [8, 4], "car_1156": [1, 2], "car_1157": [4, 1], "car_2532": [11, 6], "car_2380": [5, 0], "car_3510": [0, 5], "car_2764": [9, 6], "car_2381": [9, 2], "car_2382": [8, 7], "car_2383": [1, 7], "car_1826": [2, 5], "car_3314": [9, 5], "car_3315": [3, 4], "car_480": [5, 0], "car_481": [6, 4], "car_482": [9, 6], "car_483": [0, 1], "car_484": [8, 7], "car_485": [7, 0], "car_486": [5, 1], "car_487": [0, 1], "car_488": [8, 1], "car_489": [7, 5], "car_2283": [2, 7], "car_2282": [4, 0], "car_2285": [6, 7], "car_2284": [5, 4], "car_2287": [0, 2], "car_2286": [9, 5], "car_2577": [4, 5], "car_853": [11, 2], "car_2575": [7, 2], "car_2574": [11, 6], "car_2573": [8, 7], "car_2572": [3, 7], "car_2571": [0, 2], "car_852": [3, 1], "car_851": [9, 1], "car_2579": [6, 3], "car_2578": [5, 7], "car_582": [0, 7], "car_1718": [11, 5], "car_1719": [4, 7], "car_1716": [3, 2], "car_857": [5, 7], "car_1714": [2, 0], "car_1715": [9, 5], "car_1712": [3, 0], "car_1713": [4, 0], "car_1710": [2, 7], "car_856": [2, 5], "car_2982": [6, 1], "car_1828": [11, 5], "car_855": [10, 2], "car_2983": [9, 3], "car_854": [7, 5], "car_2980": [1, 6], "car_2981": [7, 2], "car_2739": [10, 3], "car_2738": [3, 7], "car_3494": [8, 5], "car_2379": [2, 4], "car_2378": [10, 4], "car_828": [6, 1], "car_829": [9, 0], "car_826": [10, 1], "car_827": [5, 0], "car_824": [1, 4], "car_825": [4, 6], "car_822": [0, 7], "car_823": [11, 4], "car_820": [6, 3], "car_821": [9, 1], "car_3484": [5, 2], "car_3485": [9, 7], "car_2179": [2, 0], "car_2178": [10, 4], "car_3480": [11, 0], "car_3481": [1, 4], "car_3482": [4, 1], "car_3483": [10, 1], "car_2173": [10, 2], "car_2172": [0, 3], "car_2171": [9, 3], "car_2170": [2, 1], "car_2177": [7, 1], "car_2176": [1, 2], "car_2175": [5, 2], "car_2174": [2, 4], "car_3238": [5, 4], "car_2535": [5, 2], "car_3349": [11, 3], "car_3218": [5, 1], "car_3158": [10, 1], "car_3159": [2, 5], "car_2534": [2, 0], "car_3499": [8, 7], "car_3152": [2, 7], "car_3153": [6, 0], "car_3150": [4, 0], "car_3151": [10, 2], "car_3156": [4, 1], "car_3157": [7, 2], "car_3154": [3, 6], "car_3155": [11, 2], "car_3398": [9, 4], "car_3399": [0, 6], "car_3390": [2, 6], "car_3391": [5, 2], "car_3392": [9, 2], "car_3393": [0, 6], "car_3394": [3, 2], "car_3395": [10, 2], "car_3396": [2, 6], "car_3397": [5, 4], "car_3389": [10, 0], "car_729": [0, 6], "car_728": [9, 5], "car_725": [10, 4], "car_724": [7, 2], "car_727": [6, 0], "car_726": [5, 4], "car_721": [0, 5], "car_720": [9, 4], "car_723": [1, 5], "car_722": [3, 7], "car_2708": [4, 1], "car_3029": [2, 4], "car_3026": [1, 5], "car_3027": [7, 3], "car_3024": [8, 7], "car_3025": [11, 4], "car_3022": [9, 7], "car_3023": [0, 2], "car_3020": [7, 1], "car_3021": [5, 0], "car_3519": [9, 5], "car_2620": [10, 7], "car_3275": [6, 2], "car_1795": [7, 5], "car_3274": [5, 6], "car_1792": [8, 1], "car_3226": [9, 1], "car_1793": [11, 3], "car_2440": [0, 5], "car_105": [10, 7], "car_104": [7, 1], "car_107": [6, 2], "car_106": [5, 4], "car_101": [0, 5], "car_100": [9, 1], "car_103": [4, 0], "car_102": [11, 5], "car_1888": [2, 5], "car_109": [3, 1], "car_108": [0, 3], "car_1791": [3, 1], "car_1235": [1, 6], "car_1234": [11, 5], "car_1237": [7, 4], "car_1236": [4, 0], "car_1231": [5, 0], "car_1230": [2, 4], "car_1233": [8, 2], "car_1232": [6, 1], "car_1899": [7, 2], "car_1898": [1, 4], "car_1239": [2, 4], "car_1238": [10, 3], "car_3511": [2, 3], "car_3516": [4, 3], "car_3517": [5, 6], "car_3514": [11, 6], "car_3141": [7, 4], "car_3515": [1, 2], "car_211": [3, 4], "car_210": [0, 1], "car_213": [7, 2], "car_212": [11, 5], "car_215": [6, 7], "car_214": [2, 4], "car_217": [1, 3], "car_216": [9, 2], "car_219": [10, 4], "car_218": [4, 7], "car_3518": [6, 7], "car_2676": [7, 0], "car_1529": [4, 6], "car_1528": [1, 6], "car_2610": [4, 1], "car_2611": [7, 4], "car_2616": [9, 3], "car_2617": [3, 6], "car_2614": [5, 2], "car_2615": [6, 2], "car_1521": [11, 1], "car_1520": [8, 2], "car_1523": [10, 4], "car_1522": [1, 3], "car_1525": [0, 2], "car_1524": [6, 4], "car_1527": [11, 1], "car_1526": [3, 6], "car_3227": [0, 5], "car_2849": [9, 4], "car_2700": [3, 4], "car_2848": [2, 5], "car_2740": [2, 5], "car_3222": [3, 4], "car_2741": [5, 6], "car_3223": [1, 2], "car_2313": [8, 5], "car_2701": [1, 7], "car_2312": [0, 4], "car_2311": [10, 7], "car_923": [1, 2], "car_922": [6, 7], "car_921": [5, 7], "car_920": [10, 4], "car_927": [5, 2], "car_926": [10, 3], "car_925": [7, 0], "car_924": [4, 2], "car_2317": [1, 7], "car_929": [9, 3], "car_928": [6, 1], "car_2316": [5, 3], "car_2766": [11, 6], "car_2748": [1, 4], "car_1149": [3, 4], "car_1148": [9, 2], "car_1419": [9, 7], "car_1418": [5, 4], "car_2760": [0, 4], "car_2749": [4, 0], "car_1143": [9, 1], "car_1142": [10, 5], "car_1141": [4, 2], "car_1140": [3, 0], "car_1147": [5, 4], "car_1146": [2, 5], "car_1145": [7, 2], "car_1144": [1, 6], "car_1099": [6, 5], "car_1098": [5, 6], "car_3385": [3, 1], "car_1091": [0, 4], "car_1090": [9, 7], "car_1093": [8, 6], "car_1092": [3, 5], "car_1095": [1, 2], "car_1094": [11, 0], "car_1097": [7, 6], "car_1096": [4, 5], "car_2818": [9, 0], "car_2819": [3, 0], "car_2548": [0, 4], "car_2549": [8, 0], "car_3361": [9, 7], "car_3360": [6, 1], "car_3363": [4, 5], "car_3362": [1, 5], "car_2542": [7, 5], "car_2543": [10, 0], "car_2540": [11, 2], "car_2541": [1, 2], "car_2546": [6, 5], "car_2547": [9, 0], "car_2521": [7, 3], "car_2545": [5, 4], "car_3563": [4, 5], "car_3562": [11, 1], "car_3561": [8, 3], "car_3384": [0, 1], "car_3567": [7, 3], "car_3566": [1, 3], "car_3468": [3, 6], "car_3564": [8, 7], "car_3568": [9, 5], "car_1701": [8, 0], "car_1700": [3, 6], "car_1703": [1, 0], "car_1702": [11, 0], "car_1705": [7, 1], "car_1704": [4, 6], "car_1707": [3, 1], "car_1706": [2, 4], "car_1709": [7, 3], "car_1708": [4, 6], "car_2522": [10, 4], "car_2523": [2, 3], "car_589": [3, 4], "car_588": [0, 1], "car_859": [11, 0], "car_858": [9, 5], "car_2384": [4, 0], "car_2385": [7, 4], "car_1695": [2, 4], "car_2387": [11, 0], "car_581": [6, 1], "car_580": [5, 7], "car_583": [3, 7], "car_850": [6, 2], "car_585": [5, 3], "car_584": [8, 1], "car_587": [9, 1], "car_586": [6, 7], "car_3497": [5, 7], "car_3496": [4, 3], "car_3495": [1, 4], "car_2002": [3, 0], "car_3493": [3, 6], "car_3492": [6, 7], "car_2148": [9, 7], "car_2149": [5, 3], "car_2146": [5, 7], "car_2147": [6, 1], "car_2144": [7, 6], "car_2145": [2, 1], "car_2142": [8, 3], "car_2143": [1, 6], "car_2140": [7, 5], "car_2141": [2, 0], "car_3529": [0, 5], "car_2985": [1, 7], "car_3149": [1, 5], "car_3148": [11, 2], "car_3145": [0, 7], "car_3144": [6, 3], "car_3147": [8, 1], "car_3146": [3, 0], "car_2779": [3, 1], "car_3140": [4, 2], "car_3143": [2, 1], "car_3142": [10, 0], "car_457": [11, 1], "car_456": [3, 0], "car_455": [9, 7], "car_454": [6, 1], "car_453": [5, 1], "car_452": [10, 2], "car_451": [3, 0], "car_450": [0, 4], "car_3383": [9, 2], "car_3382": [6, 5], "car_3381": [10, 5], "car_1878": [5, 0], "car_3387": [4, 5], "car_3386": [1, 4], "car_459": [10, 3], "car_458": [7, 3], "car_1877": [10, 1], "car_1876": [3, 6], "car_2778": [0, 1], "car_2993": [9, 0], "car_1875": [0, 4], "car_1874": [9, 0], "car_1873": [5, 4], "car_1872": [7, 1], "car_738": [11, 3], "car_739": [1, 0], "car_1871": [4, 0], "car_733": [7, 1], "car_732": [4, 1], "car_32": [0, 1], "car_730": [11, 4], "car_731": [1, 2], "car_736": [9, 3], "car_737": [0, 1], "car_734": [5, 6], "car_735": [6, 2], "car_3031": [9, 7], "car_1976": [7, 6], "car_3033": [1, 3], "car_3032": [3, 0], "car_3035": [7, 3], "car_3034": [4, 5], "car_3037": [9, 0], "car_1977": [10, 4], "car_3039": [8, 2], "car_3038": [0, 2], "car_3348": [3, 0], "car_1698": [0, 7], "car_3345": [10, 0], "car_3344": [4, 7], "car_3030": [5, 6], "car_38": [9, 4], "car_39": [8, 5], "car_2564": [7, 5], "car_2565": [0, 7], "car_3036": [2, 6], "car_2566": [11, 6], "car_2295": [10, 2], "car_1978": [2, 0], "car_2560": [0, 5], "car_1979": [6, 5], "car_3523": [3, 6], "car_2561": [3, 1], "car_2562": [11, 7], "car_2563": [4, 2], "car_2443": [10, 4], "car_2442": [7, 0], "car_3522": [9, 6], "car_3351": [4, 7], "car_2441": [8, 6], "car_112": [7, 3], "car_113": [6, 7], "car_110": [1, 5], "car_111": [4, 5], "car_116": [4, 2], "car_117": [7, 5], "car_114": [8, 1], "car_115": [11, 5], "car_2447": [3, 1], "car_118": [3, 0], "car_119": [11, 4], "car_2446": [0, 7], "car_2445": [9, 1], "car_3521": [5, 7], "car_2299": [8, 0], "car_2533": [10, 7], "car_2453": [2, 6], "car_3408": [1, 3], "car_2454": [0, 7], "car_3409": [7, 6], "car_1950": [0, 5], "car_1951": [3, 4], "car_1952": [8, 2], "car_1953": [1, 2], "car_1954": [10, 4], "car_1955": [2, 0], "car_208": [1, 3], "car_209": [4, 3], "car_206": [3, 0], "car_207": [11, 4], "car_204": [5, 2], "car_205": [0, 7], "car_202": [1, 7], "car_203": [10, 3], "car_200": [3, 7], "car_201": [8, 2], "car_2605": [3, 7], "car_2604": [0, 4], "car_2607": [4, 1], "car_2606": [1, 3], "car_1558": [7, 2], "car_1559": [2, 6], "car_2603": [9, 7], "car_2602": [6, 7], "car_1554": [6, 3], "car_1555": [9, 0], "car_1556": [0, 7], "car_1557": [1, 7], "car_1550": [0, 2], "car_1551": [3, 6], "car_1552": [1, 3], "car_1553": [10, 6], "car_1398": [5, 1], "car_1399": [6, 4], "car_1392": [10, 1], "car_1393": [6, 3], "car_1390": [4, 6], "car_1391": [7, 5], "car_1396": [4, 3], "car_1397": [10, 5], "car_1394": [9, 4], "car_1395": [8, 5], "car_2598": [2, 0], "car_3544": [6, 5], "car_3404": [6, 5], "car_930": [0, 2], "car_931": [8, 7], "car_932": [11, 4], "car_933": [1, 4], "car_934": [8, 4], "car_935": [1, 2], "car_936": [4, 2], "car_937": [10, 1], "car_938": [2, 6], "car_939": [5, 6], "car_2773": [11, 0], "car_2772": [8, 7], "car_2775": [2, 1], "car_2774": [10, 6], "car_2777": [6, 4], "car_2776": [5, 6], "car_6": [3, 6], "car_7": [1, 2], "car_4": [9, 5], "car_5": [0, 2], "car_2": [2, 1], "car_3": [5, 1], "car_1178": [8, 7], "car_1": [7, 0], "car_1176": [6, 0], "car_1177": [9, 5], "car_1174": [4, 2], "car_1175": [5, 3], "car_1172": [11, 0], "car_1173": [1, 7], "car_8": [4, 5], "car_9": [7, 6], "car_3513": [3, 5], "car_2809": [10, 1], "car_2808": [7, 4], "car_2559": [2, 3], "car_2558": [4, 7], "car_2555": [3, 2], "car_2554": [6, 7], "car_2557": [1, 0], "car_2556": [11, 1], "car_2551": [7, 2], "car_2550": [1, 7], "car_2553": [5, 7], "car_2552": [10, 0], "car_3556": [1, 2], "car_3557": [7, 2], "car_3554": [6, 5], "car_3555": [0, 5], "car_3552": [7, 5], "car_3553": [2, 0], "car_3550": [0, 4], "car_3551": [1, 7], "car_3558": [5, 4], "car_3559": [9, 2], "car_1774": [0, 1], "car_1775": [11, 3], "car_1776": [1, 4], "car_1777": [4, 7], "car_1770": [7, 3], "car_1771": [2, 7], "car_1772": [6, 5], "car_1773": [9, 3], "car_1778": [7, 1], "car_1779": [6, 1], "car_98": [2, 1], "car_99": [6, 5], "car_90": [8, 3], "car_91": [11, 2], "car_92": [2, 5], "car_93": [9, 7], "car_94": [3, 0], "car_95": [8, 0], "car_96": [11, 5], "car_97": [10, 3], "car_596": [3, 7], "car_597": [11, 1], "car_594": [9, 2], "car_595": [0, 1], "car_592": [10, 4], "car_593": [6, 5], "car_590": [1, 2], "car_591": [4, 1], "car_3500": [10, 0], "car_598": [4, 5], "car_599": [7, 6], "car_848": [7, 1], "car_849": [10, 5], "car_2391": [9, 3], "car_2390": [2, 7], "car_2397": [10, 6], "car_2396": [11, 0], "car_2395": [8, 7], "car_2394": [3, 5], "car_840": [7, 6], "car_841": [10, 0], "car_842": [2, 3], "car_843": [6, 3], "car_844": [9, 0], "car_845": [0, 2], "car_846": [8, 3], "car_847": [1, 7], "car_1608": [6, 5], "car_1609": [9, 7], "car_2153": [11, 4], "car_2152": [0, 3], "car_2155": [4, 5], "car_2154": [1, 3], "car_2157": [6, 2], "car_2156": [10, 3], "car_1600": [9, 4], "car_1601": [0, 1], "car_1602": [3, 6], "car_1603": [11, 3], "car_1604": [4, 0], "car_1605": [7, 4], "car_1606": [10, 5], "car_1607": [2, 1], "car_2369": [4, 3], "car_3538": [5, 1], "car_2362": [9, 0], "car_2363": [8, 4], "car_444": [8, 3], "car_445": [4, 6], "car_446": [10, 7], "car_447": [2, 0], "car_440": [5, 6], "car_441": [6, 0], "car_442": [0, 1], "car_443": [3, 4], "car_448": [5, 0], "car_449": [6, 0], "car_2717": [10, 3], "car_2716": [4, 2], "car_3210": [3, 1], "car_2715": [3, 6], "car_2201": [11, 3], "car_2714": [6, 5], "car_2200": [9, 7], "car_2713": [10, 3], "car_2712": [1, 4], "car_2711": [3, 1], "car_2710": [6, 3], "car_3405": [9, 3], "car_3044": [11, 1], "car_3045": [1, 5], "car_3046": [6, 5], "car_3047": [9, 3], "car_3040": [1, 4], "car_3041": [4, 5], "car_3042": [2, 4], "car_3043": [9, 4], "car_3048": [8, 1], "car_3049": [11, 1], "car_2209": [4, 0], "car_3534": [11, 1], "car_2208": [1, 7], "car_3535": [1, 6], "car_2324": [10, 0], "car_695": [7, 3], "car_694": [1, 6], "car_697": [3, 7], "car_696": [9, 1], "car_691": [7, 6], "car_690": [11, 7], "car_693": [6, 2], "car_692": [10, 7], "car_699": [7, 3], "car_698": [4, 6], "car_3479": [9, 5], "car_3478": [2, 6], "car_2399": [0, 7], "car_1943": [0, 7], "car_1942": [9, 4], "car_279": [9, 7], "car_278": [6, 0], "car_1947": [10, 2], "car_1946": [7, 0], "car_1945": [1, 7], "car_1944": [3, 4], "car_273": [8, 0], "car_272": [3, 6], "car_271": [6, 5], "car_270": [4, 0], "car_277": [10, 3], "car_276": [7, 1], "car_275": [4, 1], "car_274": [11, 7], "car_2946": [0, 2], "car_1925": [0, 6], "car_2944": [6, 5], "car_2945": [9, 4], "car_2942": [8, 1], "car_2943": [10, 2], "car_1549": [9, 4], "car_1548": [2, 4], "car_1547": [10, 1], "car_1546": [7, 1], "car_1545": [4, 2], "car_1544": [3, 6], "car_1543": [0, 4], "car_1542": [6, 1], "car_1541": [10, 5], "car_1540": [4, 2], "car_1389": [11, 0], "car_1388": [0, 2], "car_1385": [7, 5], "car_1384": [4, 5], "car_1387": [2, 5], "car_1386": [10, 5], "car_1381": [6, 2], "car_1380": [2, 6], "car_1383": [1, 3], "car_1382": [9, 3], "car_307": [6, 3], "car_306": [5, 2], "car_305": [10, 3], "car_304": [1, 4], "car_303": [11, 1], "car_302": [8, 6], "car_301": [9, 7], "car_300": [6, 3], "car_804": [5, 3], "car_309": [3, 6], "car_308": [0, 4], "car_3435": [6, 0], "car_909": [4, 3], "car_908": [11, 2], "car_3434": [5, 0], "car_905": [5, 4], "car_904": [2, 5], "car_907": [8, 1], "car_906": [6, 0], "car_901": [11, 4], "car_900": [3, 4], "car_903": [7, 1], "car_902": [1, 5], "car_1161": [3, 2], "car_1160": [9, 5], "car_1163": [11, 3], "car_1162": [8, 7], "car_1165": [7, 6], "car_1164": [4, 3], "car_1167": [6, 0], "car_1166": [10, 1], "car_1169": [0, 7], "car_1168": [9, 1], "car_3539": [6, 3], "car_2432": [1, 6], "car_2433": [10, 5], "car_2430": [8, 2], "car_3549": [11, 0], "car_3548": [8, 5], "car_2322": [0, 6], "car_2431": [11, 1], "car_2838": [11, 7], "car_2839": [4, 2], "car_2836": [0, 6], "car_2436": [9, 6], "car_2834": [2, 0], "car_2835": [5, 7], "car_2832": [1, 3], "car_2833": [4, 2], "car_2830": [2, 5], "car_2437": [0, 7], "car_2010": [4, 0], "car_2011": [10, 1], "car_2012": [2, 0], "car_2013": [5, 7], "car_2014": [9, 6], "car_2015": [0, 1], "car_2016": [8, 3], "car_2017": [11, 0], "car_2018": [1, 4], "car_2019": [7, 2], "car_2435": [6, 5], "car_87": [5, 4], "car_86": [2, 3], "car_85": [10, 5], "car_84": [7, 2], "car_83": [4, 5], "car_82": [1, 5], "car_81": [0, 3], "car_80": [9, 4], "car_3249": [8, 4], "car_2001": [9, 7], "car_89": [3, 2], "car_88": [6, 0], "car_2000": [6, 2], "car_2498": [3, 7], "car_2499": [8, 0], "car_2494": [7, 0], "car_2495": [6, 1], "car_2496": [9, 3], "car_2497": [0, 4], "car_2490": [0, 5], "car_2491": [8, 2], "car_2492": [11, 3], "car_2493": [4, 7], "car_875": [3, 1], "car_874": [9, 6], "car_877": [1, 0], "car_876": [11, 6], "car_871": [7, 1], "car_870": [4, 5], "car_873": [6, 4], "car_872": [10, 6], "car_3228": [1, 6], "car_3242": [6, 1], "car_1694": [10, 4], "car_879": [7, 1], "car_878": [4, 5], "car_3243": [9, 5], "car_1752": [6, 2], "car_1753": [0, 2], "car_1699": [9, 6], "car_2124": [11, 7], "car_2125": [1, 0], "car_1619": [1, 0], "car_1618": [9, 2], "car_2120": [6, 3], "car_2121": [9, 3], "car_2122": [3, 2], "car_2123": [8, 1], "car_1613": [11, 4], "car_1612": [8, 7], "car_1611": [3, 1], "car_1610": [0, 5], "car_1617": [6, 3], "car_1616": [2, 4], "car_1615": [7, 3], "car_1614": [4, 0], "car_1754": [3, 2], "car_1755": [11, 2], "car_2767": [1, 2], "car_2323": [4, 1], "car_471": [3, 0], "car_470": [0, 1], "car_473": [4, 2], "car_472": [8, 0], "car_475": [10, 3], "car_474": [7, 0], "car_477": [5, 2], "car_476": [2, 3], "car_479": [11, 3], "car_478": [9, 7], "car_2232": [4, 5], "car_2233": [2, 5], "car_2234": [5, 4], "car_2235": [6, 5], "car_2236": [3, 5], "car_2237": [8, 5], "car_2769": [2, 4], "car_2765": [3, 2], "car_2038": [6, 0], "car_2709": [2, 0], "car_3229": [4, 3], "car_3057": [5, 2], "car_3056": [2, 1], "car_2762": [10, 3], "car_3054": [4, 5], "car_3053": [1, 5], "car_3052": [3, 7], "car_3051": [7, 2], "car_3050": [4, 0], "car_3059": [3, 4], "car_3058": [6, 1], "car_3303": [1, 7], "car_2039": [9, 5], "car_2763": [5, 2], "car_1819": [6, 7], "car_1818": [5, 2], "car_2386": [0, 7], "car_682": [8, 5], "car_683": [11, 0], "car_680": [0, 5], "car_681": [3, 1], "car_686": [2, 5], "car_687": [5, 3], "car_684": [4, 0], "car_685": [7, 3], "car_688": [6, 2], "car_689": [0, 5], "car_2481": [0, 1], "car_2761": [3, 6], "car_3540": [8, 0], "car_3282": [9, 6], "car_3283": [0, 5], "car_1815": [3, 0], "car_3280": [5, 7], "car_1814": [9, 5], "car_3281": [6, 5], "car_3286": [7, 0], "car_3543": [5, 4], "car_2388": [1, 2], "car_3287": [10, 4], "car_3284": [3, 4], "car_3285": [4, 2], "car_3542": [7, 0], "car_2389": [7, 5], "car_3288": [6, 0], "car_3289": [4, 0], "car_1670": [7, 6], "car_1956": [5, 0], "car_3302": [11, 4], "car_1957": [0, 6], "car_3324": [0, 2], "car_1958": [8, 0], "car_1959": [11, 6], "car_3545": [9, 2], "car_2003": [8, 0], "car_268": [3, 4], "car_269": [1, 2], "car_1974": [8, 7], "car_1975": [11, 6], "car_1972": [0, 5], "car_1973": [3, 6], "car_1970": [2, 7], "car_1971": [6, 1], "car_260": [1, 7], "car_261": [4, 2], "car_262": [7, 0], "car_263": [6, 7], "car_264": [9, 0], "car_265": [8, 2], "car_266": [5, 7], "car_267": [0, 7], "car_1572": [2, 4], "car_1573": [9, 1], "car_1570": [4, 2], "car_1571": [7, 4], "car_1576": [1, 7], "car_1577": [7, 4], "car_1574": [0, 1], "car_1575": [8, 5], "car_1578": [10, 4], "car_1579": [5, 7], "car_2971": [9, 1], "car_1370": [10, 7], "car_1371": [2, 0], "car_1372": [5, 4], "car_1373": [6, 4], "car_1374": [9, 3], "car_1375": [0, 5], "car_1376": [3, 1], "car_1377": [11, 0], "car_1378": [4, 3], "car_1379": [10, 5], "car_3014": [11, 0], "car_3254": [9, 1], "car_2600": [1, 4], "car_2975": [2, 7], "car_2974": [4, 0], "car_314": [0, 6], "car_315": [1, 4], "car_316": [10, 1], "car_317": [9, 5], "car_310": [8, 7], "car_311": [11, 2], "car_312": [4, 1], "car_313": [2, 3], "car_318": [0, 6], "car_319": [3, 6], "car_918": [11, 7], "car_919": [1, 6], "car_2719": [9, 3], "car_2718": [5, 2], "car_912": [2, 3], "car_913": [1, 4], "car_910": [7, 4], "car_911": [10, 7], "car_916": [3, 1], "car_917": [8, 4], "car_914": [2, 6], "car_915": [0, 5], "car_1114": [9, 7], "car_1115": [1, 6], "car_1116": [7, 2], "car_1117": [5, 1], "car_1110": [8, 1], "car_1111": [11, 4], "car_1112": [1, 5], "car_1113": [10, 0], "car_1118": [0, 4], "car_1119": [8, 1], "car_1284": [0, 3], "car_1285": [3, 5], "car_1286": [8, 6], "car_1287": [4, 3], "car_1280": [7, 6], "car_1281": [10, 3], "car_1282": [6, 7], "car_1283": [9, 7], "car_3458": [11, 7], "car_2130": [9, 7], "car_1288": [7, 6], "car_1289": [2, 1], "car_2959": [3, 2], "car_2958": [9, 2], "car_2951": [1, 5], "car_2950": [8, 3], "car_2953": [2, 4], "car_2952": [7, 0], "car_2955": [0, 6], "car_2954": [5, 1], "car_2957": [10, 5], "car_2956": [11, 5], "car_2821": [11, 5], "car_2820": [8, 0], "car_1744": [11, 3], "car_2822": [7, 2], "car_2825": [5, 3], "car_2824": [2, 6], "car_2827": [9, 0], "car_2826": [6, 5], "car_2829": [11, 3], "car_2828": [8, 6], "car_3536": [7, 1], "car_3537": [10, 0], "car_3530": [8, 0], "car_3531": [1, 3], "car_3532": [10, 1], "car_3533": [8, 7], "car_1028": [4, 3], "car_1029": [7, 5], "car_1758": [9, 3], "car_1759": [0, 3], "car_2007": [5, 2], "car_2006": [10, 5], "car_2005": [4, 6], "car_2004": [1, 5], "car_1020": [5, 4], "car_1021": [0, 6], "car_1022": [3, 5], "car_1023": [11, 5], "car_1024": [7, 6], "car_1025": [2, 4], "car_1026": [6, 2], "car_1027": [1, 2], "car_1598": [5, 3], "car_1599": [6, 5], "car_1590": [9, 7], "car_1591": [0, 6], "car_1592": [7, 6], "car_1593": [5, 2], "car_1594": [9, 0], "car_1595": [0, 5], "car_1596": [7, 6], "car_1597": [10, 6], "car_2489": [9, 4], "car_2488": [6, 0], "car_2487": [5, 7], "car_2486": [10, 5], "car_2485": [7, 1], "car_2484": [4, 2], "car_2483": [11, 4], "car_2482": [3, 7], "car_1746": [4, 7], "car_2480": [2, 7], "car_862": [5, 4], "car_863": [8, 6], "car_860": [7, 4], "car_861": [10, 4], "car_866": [9, 5], "car_867": [3, 1], "car_864": [2, 3], "car_865": [5, 6], "car_868": [8, 6], "car_869": [11, 2], "car_3440": [3, 2], "car_3441": [11, 5], "car_3442": [1, 0], "car_3443": [4, 1], "car_3444": [7, 0], "car_3445": [5, 7], "car_3446": [0, 7], "car_3447": [3, 7], "car_3448": [1, 7], "car_3449": [4, 6], "car_1741": [6, 1], "car_2137": [11, 2], "car_2136": [8, 5], "car_2135": [3, 7], "car_2134": [6, 3], "car_2133": [10, 4], "car_2132": [4, 1], "car_1628": [10, 2], "car_1629": [5, 7], "car_1626": [4, 0], "car_1627": [7, 1], "car_1624": [3, 4], "car_1625": [11, 4], "car_1622": [2, 3], "car_1623": [5, 4], "car_1620": [7, 3], "car_1621": [10, 5], "car_1740": [5, 0]}