{"car_2009": [9, 5], "car_468": [2, 1], "car_469": [3, 2], "car_466": [11, 0], "car_467": [1, 5], "car_464": [11, 0], "car_465": [0, 6], "car_462": [9, 5], "car_463": [8, 5], "car_460": [5, 2], "car_461": [6, 3], "car_817": [5, 3], "car_816": [1, 0], "car_815": [3, 4], "car_814": [9, 5], "car_813": [6, 3], "car_812": [10, 2], "car_2072": [7, 6], "car_811": [7, 4], "car_2073": [9, 7], "car_810": [4, 5], "car_679": [10, 7], "car_678": [4, 0], "car_677": [1, 6], "car_676": [9, 5], "car_675": [5, 4], "car_674": [4, 7], "car_673": [11, 7], "car_672": [10, 5], "car_671": [7, 3], "car_670": [8, 5], "car_2078": [1, 2], "car_2079": [10, 4], "car_789": [9, 1], "car_788": [5, 0], "car_783": [7, 3], "car_782": [1, 7], "car_781": [3, 2], "car_780": [7, 3], "car_787": [0, 2], "car_786": [10, 6], "car_785": [9, 1], "car_784": [10, 2], "car_0": [0, 4], "car_1179": [6, 5], "car_255": [0, 3], "car_254": [2, 3], "car_257": [7, 4], "car_256": [11, 7], "car_251": [3, 0], "car_250": [6, 5], "car_253": [4, 1], "car_252": [1, 0], "car_1961": [5, 7], "car_1960": [4, 5], "car_1963": [3, 5], "car_1962": [0, 2], "car_259": [0, 1], "car_258": [9, 5], "car_1967": [9, 3], "car_1966": [6, 0], "car_1170": [11, 4], "car_1171": [2, 6], "car_1565": [4, 1], "car_1564": [4, 2], "car_1567": [9, 7], "car_1566": [6, 5], "car_1561": [0, 6], "car_1560": [5, 6], "car_1563": [8, 3], "car_1562": [3, 0], "car_1569": [8, 1], "car_1568": [0, 2], "car_1413": [10, 0], "car_1363": [7, 3], "car_1362": [4, 7], "car_1361": [1, 2], "car_1360": [8, 3], "car_1367": [11, 0], "car_1366": [8, 0], "car_1365": [0, 3], "car_1364": [6, 2], "car_1369": [5, 2], "car_1368": [4, 0], "car_321": [2, 3], "car_320": [7, 0], "car_323": [11, 7], "car_322": [8, 3], "car_325": [10, 3], "car_324": [4, 6], "car_327": [7, 2], "car_326": [1, 2], "car_329": [1, 6], "car_328": [6, 5], "car_1107": [5, 2], "car_1106": [2, 6], "car_1105": [7, 6], "car_1104": [8, 7], "car_1103": [0, 2], "car_1102": [2, 5], "car_1101": [10, 6], "car_1100": [7, 6], "car_1109": [4, 1], "car_1108": [6, 7], "car_1297": [4, 5], "car_1296": [1, 6], "car_1295": [11, 0], "car_1294": [6, 4], "car_1293": [5, 4], "car_1292": [7, 1], "car_1291": [1, 2], "car_1290": [8, 0], "car_1299": [10, 3], "car_1298": [7, 0], "car_2036": [0, 1], "car_2037": [3, 4], "car_1039": [3, 1], "car_1038": [8, 6], "car_1749": [0, 4], "car_1748": [6, 1], "car_2030": [0, 5], "car_2031": [11, 1], "car_1033": [11, 0], "car_1032": [8, 2], "car_1031": [3, 2], "car_1030": [0, 1], "car_1037": [9, 5], "car_1036": [5, 7], "car_1035": [4, 2], "car_1034": [1, 3], "car_1589": [8, 4], "car_1588": [3, 7], "car_1583": [9, 5], "car_1582": [6, 1], "car_1581": [7, 0], "car_1580": [3, 5], "car_1587": [9, 5], "car_1586": [1, 2], "car_1585": [3, 7], "car_1584": [0, 7], "car_1852": [11, 1], "car_1906": [11, 3], "car_899": [3, 0], "car_898": [9, 6], "car_897": [2, 1], "car_896": [7, 3], "car_895": [4, 3], "car_894": [5, 3], "car_893": [2, 3], "car_892": [1, 2], "car_891": [6, 0], "car_890": [5, 2], "car_2108": [6, 3], "car_2109": [9, 2], "car_2102": [4, 0], "car_2103": [5, 7], "car_2100": [8, 6], "car_2101": [1, 5], "car_2106": [3, 1], "car_2107": [11, 1], "car_2104": [6, 4], "car_2105": [0, 4], "car_1631": [3, 6], "car_1630": [0, 6], "car_1633": [5, 6], "car_1632": [7, 0], "car_1635": [4, 2], "car_1634": [8, 1], "car_1637": [3, 1], "car_1636": [2, 0], "car_1639": [2, 1], "car_1638": [7, 6], "car_1751": [2, 5], "car_1756": [0, 6], "car_419": [0, 2], "car_418": [9, 2], "car_413": [10, 3], "car_412": [7, 0], "car_411": [8, 3], "car_410": [6, 1], "car_417": [7, 2], "car_416": [4, 5], "car_415": [6, 5], "car_414": [2, 7], "car_1679": [9, 2], "car_1678": [2, 7], "car_527": [5, 7], "car_526": [10, 4], "car_525": [11, 1], "car_524": [6, 5], "car_523": [2, 4], "car_522": [10, 7], "car_521": [4, 1], "car_520": [8, 7], "car_1671": [4, 0], "car_1889": [1, 4], "car_529": [3, 1], "car_528": [6, 7], "car_1884": [2, 3], "car_1885": [2, 7], "car_668": [2, 6], "car_669": [9, 0], "car_664": [11, 3], "car_665": [1, 7], "car_666": [7, 5], "car_667": [10, 2], "car_660": [3, 6], "car_661": [4, 3], "car_662": [0, 7], "car_663": [8, 0], "car_1854": [2, 1], "car_798": [10, 3], "car_799": [2, 1], "car_790": [3, 2], "car_791": [7, 4], "car_792": [2, 5], "car_793": [4, 0], "car_794": [6, 1], "car_795": [3, 6], "car_796": [8, 2], "car_797": [4, 0], "car_242": [10, 0], "car_243": [5, 0], "car_240": [4, 2], "car_241": [7, 4], "car_246": [11, 3], "car_247": [7, 0], "car_244": [6, 3], "car_245": [0, 6], "car_1914": [5, 1], "car_1915": [6, 2], "car_248": [2, 6], "car_249": [5, 0], "car_1910": [3, 6], "car_1911": [7, 5], "car_1912": [10, 7], "car_1913": [2, 5], "car_1356": [8, 1], "car_1357": [4, 1], "car_1354": [7, 1], "car_1355": [6, 4], "car_1352": [5, 7], "car_1353": [8, 1], "car_1350": [5, 2], "car_1351": [2, 3], "car_1358": [10, 6], "car_1359": [2, 5], "car_1831": [8, 3], "car_1820": [1, 6], "car_1821": [10, 1], "car_1822": [2, 3], "car_1823": [8, 5], "car_1824": [11, 4], "car_1825": [4, 6], "car_338": [9, 5], "car_339": [8, 6], "car_336": [9, 2], "car_337": [0, 7], "car_334": [5, 4], "car_335": [6, 7], "car_332": [6, 7], "car_333": [9, 2], "car_330": [10, 7], "car_331": [5, 3], "car_1138": [5, 1], "car_1139": [7, 0], "car_1132": [4, 0], "car_1133": [7, 0], "car_1130": [9, 4], "car_1131": [1, 6], "car_1136": [9, 7], "car_1137": [8, 7], "car_1134": [2, 5], "car_1135": [6, 0], "car_1839": [9, 3], "car_1838": [6, 0], "car_2029": [9, 6], "car_2028": [3, 6], "car_2021": [6, 5], "car_2020": [7, 3], "car_2023": [5, 7], "car_2022": [4, 1], "car_2025": [10, 7], "car_2024": [7, 4], "car_2027": [0, 2], "car_2026": [4, 2], "car_1008": [2, 6], "car_1009": [5, 4], "car_1006": [0, 4], "car_1007": [7, 0], "car_1004": [10, 7], "car_1005": [9, 5], "car_1002": [4, 6], "car_1003": [7, 3], "car_1000": [0, 3], "car_1001": [11, 0], "car_1924": [9, 4], "car_36": [1, 5], "car_37": [7, 3], "car_34": [2, 7], "car_35": [8, 3], "car_888": [11, 0], "car_889": [2, 1], "car_30": [9, 6], "car_31": [3, 1], "car_884": [1, 2], "car_885": [7, 5], "car_886": [9, 2], "car_887": [4, 1], "car_880": [8, 0], "car_881": [11, 7], "car_882": [5, 2], "car_883": [8, 2], "car_2119": [8, 4], "car_2118": [5, 4], "car_2115": [11, 1], "car_2114": [8, 6], "car_2117": [7, 2], "car_2116": [4, 7], "car_2111": [5, 0], "car_2110": [8, 0], "car_2113": [0, 6], "car_2112": [9, 6], "car_1644": [9, 1], "car_1645": [0, 2], "car_1646": [8, 1], "car_1647": [7, 1], "car_1640": [3, 6], "car_1641": [8, 4], "car_1642": [1, 6], "car_1643": [4, 2], "car_1648": [10, 1], "car_1649": [2, 4], "car_408": [10, 3], "car_409": [2, 3], "car_400": [11, 4], "car_401": [4, 7], "car_402": [9, 5], "car_403": [0, 7], "car_404": [3, 6], "car_405": [4, 3], "car_406": [5, 3], "car_407": [3, 2], "car_1769": [10, 2], "car_534": [9, 4], "car_535": [7, 4], "car_536": [5, 0], "car_537": [1, 2], "car_530": [1, 0], "car_531": [4, 1], "car_532": [6, 1], "car_533": [9, 4], "car_538": [6, 1], "car_539": [8, 4], "car_659": [0, 2], "car_658": [9, 6], "car_651": [0, 6], "car_650": [9, 2], "car_653": [1, 0], "car_652": [3, 5], "car_655": [1, 0], "car_654": [5, 4], "car_657": [5, 2], "car_656": [7, 6], "car_1929": [3, 7], "car_1764": [2, 1], "car_1928": [0, 2], "car_1909": [2, 6], "car_1908": [7, 4], "car_1907": [1, 4], "car_1763": [4, 0], "car_1905": [8, 3], "car_1904": [9, 4], "car_1903": [5, 7], "car_1902": [2, 3], "car_1901": [6, 3], "car_1900": [2, 7], "car_1349": [2, 3], "car_1348": [1, 2], "car_1762": [1, 0], "car_1341": [9, 5], "car_1340": [10, 5], "car_1343": [5, 1], "car_1342": [4, 6], "car_1345": [0, 2], "car_1344": [6, 4], "car_1347": [8, 5], "car_1346": [3, 6], "car_1833": [11, 2], "car_1832": [0, 1], "car_349": [10, 7], "car_348": [7, 0], "car_1837": [5, 7], "car_1836": [10, 0], "car_1835": [7, 2], "car_1834": [4, 3], "car_343": [3, 2], "car_342": [9, 4], "car_341": [5, 4], "car_340": [7, 2], "car_347": [11, 2], "car_346": [9, 2], "car_345": [2, 1], "car_344": [10, 1], "car_1129": [5, 6], "car_1128": [2, 0], "car_1125": [7, 3], "car_1124": [8, 5], "car_1127": [8, 2], "car_1126": [2, 1], "car_1121": [9, 3], "car_1120": [6, 2], "car_1123": [3, 2], "car_1122": [0, 5], "car_1402": [4, 0], "car_1403": [7, 4], "car_1400": [3, 7], "car_1401": [11, 2], "car_1406": [0, 1], "car_1407": [11, 5], "car_1404": [10, 2], "car_1405": [5, 1], "car_2058": [1, 5], "car_2059": [4, 5], "car_2054": [10, 4], "car_2055": [2, 0], "car_2056": [5, 7], "car_2057": [9, 3], "car_2050": [6, 5], "car_2051": [8, 6], "car_2052": [11, 2], "car_2053": [7, 1], "car_1011": [7, 4], "car_1010": [8, 1], "car_1013": [0, 6], "car_1012": [5, 1], "car_1015": [4, 3], "car_1014": [11, 5], "car_1017": [1, 7], "car_1016": [9, 1], "car_1019": [5, 4], "car_1018": [2, 5], "car_25": [11, 1], "car_24": [8, 2], "car_27": [7, 3], "car_26": [4, 3], "car_21": [10, 6], "car_20": [1, 5], "car_23": [3, 5], "car_22": [2, 3], "car_29": [2, 1], "car_28": [10, 6], "car_1657": [2, 5], "car_1656": [10, 0], "car_1655": [3, 6], "car_1654": [2, 6], "car_1653": [7, 3], "car_1652": [6, 7], "car_1651": [0, 4], "car_1650": [5, 3], "car_1659": [8, 4], "car_1658": [6, 1], "car_1969": [1, 0], "car_1843": [8, 3], "car_435": [5, 1], "car_434": [2, 4], "car_437": [7, 2], "car_436": [8, 7], "car_431": [4, 7], "car_430": [1, 5], "car_433": [10, 4], "car_432": [7, 0], "car_1846": [7, 4], "car_439": [6, 3], "car_438": [5, 6], "car_1847": [10, 7], "car_1845": [1, 3], "car_1848": [2, 1], "car_1968": [11, 4], "car_1849": [10, 2], "car_1965": [10, 2], "car_1964": [4, 3], "car_501": [0, 5], "car_500": [6, 2], "car_503": [2, 6], "car_502": [11, 0], "car_505": [8, 2], "car_504": [3, 2], "car_507": [4, 6], "car_506": [1, 0], "car_509": [5, 3], "car_508": [10, 7], "car_1745": [9, 6], "car_646": [0, 1], "car_647": [8, 5], "car_644": [8, 1], "car_645": [2, 1], "car_642": [5, 3], "car_643": [9, 3], "car_640": [3, 5], "car_641": [1, 4], "car_648": [11, 1], "car_649": [1, 7], "car_1830": [3, 5], "car_1932": [4, 5], "car_1933": [2, 3], "car_1930": [8, 3], "car_1931": [11, 4], "car_1936": [6, 5], "car_1937": [7, 0], "car_1934": [6, 7], "car_1935": [9, 2], "car_1938": [2, 1], "car_1939": [5, 2], "car_1717": [4, 1], "car_1338": [9, 6], "car_1339": [4, 0], "car_1334": [9, 7], "car_1335": [8, 7], "car_1336": [8, 3], "car_1337": [7, 5], "car_1330": [10, 0], "car_1331": [2, 4], "car_1332": [6, 3], "car_1333": [4, 7], "car_1711": [5, 6], "car_358": [6, 5], "car_359": [0, 6], "car_1804": [11, 2], "car_1805": [7, 5], "car_1802": [9, 3], "car_1803": [3, 6], "car_1800": [3, 0], "car_1801": [8, 1], "car_350": [2, 4], "car_351": [9, 6], "car_352": [10, 7], "car_353": [9, 3], "car_354": [0, 4], "car_355": [3, 6], "car_356": [8, 2], "car_357": [7, 2], "car_1482": [11, 7], "car_1483": [1, 6], "car_1480": [2, 7], "car_1481": [3, 5], "car_1486": [6, 5], "car_1487": [9, 3], "car_1484": [4, 7], "car_1485": [2, 3], "car_1488": [3, 7], "car_1489": [1, 3], "car_1240": [2, 3], "car_1241": [9, 0], "car_1242": [8, 7], "car_1243": [7, 5], "car_1244": [6, 1], "car_1245": [3, 1], "car_1246": [10, 0], "car_1247": [5, 7], "car_1248": [3, 6], "car_1249": [8, 5], "car_1747": [5, 4], "car_1879": [11, 4], "car_2049": [5, 0], "car_2048": [2, 4], "car_2047": [10, 6], "car_2046": [11, 5], "car_2045": [9, 5], "car_2044": [3, 1], "car_2043": [6, 4], "car_2042": [8, 1], "car_2041": [3, 7], "car_2040": [5, 7], "car_1064": [7, 0], "car_1065": [6, 5], "car_1066": [0, 1], "car_1067": [1, 0], "car_1060": [6, 7], "car_1061": [0, 4], "car_1062": [11, 5], "car_1063": [1, 6], "car_1068": [8, 0], "car_1069": [4, 5], "car_1798": [9, 4], "car_1799": [0, 3], "car_10": [5, 7], "car_11": [6, 7], "car_12": [9, 0], "car_13": [0, 1], "car_14": [8, 3], "car_15": [11, 1], "car_16": [7, 5], "car_17": [11, 2], "car_18": [7, 5], "car_19": [9, 0], "car_1668": [6, 3], "car_1669": [1, 7], "car_1662": [10, 2], "car_1663": [2, 1], "car_1660": [11, 3], "car_1661": [7, 3], "car_1666": [11, 1], "car_1667": [7, 2], "car_1664": [0, 1], "car_1665": [8, 3], "car_1468": [1, 7], "car_1469": [7, 0], "car_1460": [0, 4], "car_1461": [3, 0], "car_1462": [11, 2], "car_1463": [5, 7], "car_1464": [6, 5], "car_1465": [0, 6], "car_1466": [8, 3], "car_1467": [11, 2], "car_422": [1, 5], "car_423": [10, 1], "car_420": [9, 7], "car_421": [3, 6], "car_426": [1, 0], "car_427": [4, 7], "car_424": [6, 3], "car_425": [8, 6], "car_428": [9, 1], "car_429": [11, 7], "car_2008": [11, 6], "car_518": [4, 6], "car_519": [7, 3], "car_516": [0, 4], "car_517": [11, 1], "car_514": [7, 2], "car_515": [9, 7], "car_512": [1, 4], "car_513": [4, 5], "car_510": [6, 1], "car_511": [0, 3], "car_1870": [8, 7], "car_633": [6, 5], "car_632": [10, 1], "car_631": [1, 4], "car_630": [9, 0], "car_637": [10, 0], "car_636": [8, 4], "car_635": [3, 0], "car_634": [0, 7], "car_639": [0, 6], "car_638": [5, 4], "car_189": [6, 2], "car_188": [5, 1], "car_185": [4, 0], "car_184": [1, 2], "car_187": [1, 7], "car_186": [7, 3], "car_181": [1, 7], "car_180": [3, 6], "car_183": [9, 1], "car_182": [6, 0], "car_749": [7, 3], "car_748": [4, 6], "car_747": [9, 2], "car_746": [6, 3], "car_745": [2, 6], "car_744": [1, 0], "car_743": [9, 2], "car_742": [10, 4], "car_741": [7, 3], "car_740": [1, 0], "car_299": [2, 4], "car_298": [0, 7], "car_1927": [10, 6], "car_1926": [1, 7], "car_1921": [3, 4], "car_1920": [7, 4], "car_1923": [5, 2], "car_1922": [11, 0], "car_291": [5, 6], "car_290": [11, 3], "car_293": [3, 6], "car_292": [0, 6], "car_295": [7, 5], "car_294": [1, 6], "car_297": [9, 6], "car_296": [2, 1], "car_1329": [4, 7], "car_1328": [1, 6], "car_1327": [9, 1], "car_1326": [6, 4], "car_1325": [11, 4], "car_1324": [8, 7], "car_1323": [5, 4], "car_1322": [2, 4], "car_1321": [7, 2], "car_1320": [4, 2], "car_365": [0, 7], "car_364": [0, 1], "car_367": [11, 3], "car_366": [8, 7], "car_361": [0, 5], "car_360": [5, 1], "car_363": [1, 4], "car_362": [8, 6], "car_1811": [10, 2], "car_1810": [4, 6], "car_1813": [8, 7], "car_1812": [0, 7], "car_369": [6, 5], "car_368": [8, 7], "car_1817": [4, 0], "car_1816": [3, 1], "car_167": [5, 7], "car_166": [4, 3], "car_165": [11, 3], "car_164": [3, 7], "car_163": [9, 3], "car_162": [10, 0], "car_161": [4, 3], "car_160": [1, 6], "car_169": [0, 5], "car_168": [7, 5], "car_1495": [9, 4], "car_1494": [6, 1], "car_1497": [1, 3], "car_1496": [11, 5], "car_1491": [2, 0], "car_1490": [4, 7], "car_1493": [4, 3], "car_1492": [1, 3], "car_1499": [9, 2], "car_1498": [2, 3], "car_1253": [2, 1], "car_1252": [11, 5], "car_1251": [3, 7], "car_1250": [4, 3], "car_1257": [6, 1], "car_1256": [7, 3], "car_1255": [1, 0], "car_1254": [5, 2], "car_1259": [1, 0], "car_1258": [8, 3], "car_1868": [6, 7], "car_1789": [11, 0], "car_1788": [5, 1], "car_2070": [5, 1], "car_2071": [4, 1], "car_2076": [10, 4], "car_2077": [5, 0], "car_2074": [11, 4], "car_2075": [1, 7], "car_1781": [5, 0], "car_1780": [1, 5], "car_1783": [7, 0], "car_1782": [11, 2], "car_1785": [2, 3], "car_1784": [10, 0], "car_1787": [3, 7], "car_1786": [5, 7], "car_1077": [5, 6], "car_1076": [2, 4], "car_1075": [4, 6], "car_1074": [3, 2], "car_1073": [10, 4], "car_1072": [4, 3], "car_1071": [1, 7], "car_1070": [5, 7], "car_1079": [10, 3], "car_1078": [1, 3], "car_2034": [11, 2], "car_2035": [10, 3], "car_2032": [2, 3], "car_2033": [5, 1], "car_985": [10, 5], "car_984": [6, 5], "car_987": [11, 4], "car_986": [8, 4], "car_981": [4, 2], "car_980": [11, 5], "car_983": [7, 2], "car_982": [2, 7], "car_1675": [3, 1], "car_1674": [9, 1], "car_1677": [10, 4], "car_1676": [7, 2], "car_989": [4, 0], "car_988": [2, 3], "car_1673": [1, 5], "car_1672": [0, 4], "car_1479": [10, 6], "car_1478": [4, 6], "car_1473": [0, 2], "car_1472": [9, 4], "car_1471": [2, 4], "car_1470": [10, 0], "car_1477": [1, 2], "car_1476": [8, 6], "car_1475": [3, 6], "car_1474": [4, 1], "car_1743": [4, 0], "car_1742": [9, 3], "car_2098": [6, 4], "car_2099": [9, 2], "car_2090": [6, 7], "car_2091": [2, 1], "car_2092": [9, 7], "car_2093": [3, 6], "car_2094": [8, 3], "car_2095": [10, 6], "car_2096": [2, 1], "car_2097": [5, 4], "car_569": [3, 6], "car_568": [0, 1], "car_563": [8, 3], "car_562": [3, 6], "car_561": [7, 5], "car_560": [0, 3], "car_567": [10, 5], "car_566": [3, 5], "car_565": [7, 0], "car_564": [4, 0], "car_620": [9, 1], "car_621": [11, 7], "car_622": [7, 5], "car_623": [10, 2], "car_624": [5, 4], "car_625": [6, 2], "car_626": [9, 7], "car_627": [7, 1], "car_628": [2, 5], "car_629": [5, 4], "car_1869": [0, 2], "car_1866": [6, 0], "car_1867": [5, 1], "car_198": [7, 0], "car_199": [10, 2], "car_192": [2, 5], "car_193": [5, 0], "car_190": [4, 7], "car_191": [7, 6], "car_196": [10, 6], "car_197": [11, 1], "car_194": [8, 4], "car_195": [4, 2], "car_758": [1, 5], "car_759": [5, 7], "car_754": [10, 4], "car_755": [5, 2], "car_756": [6, 4], "car_757": [11, 3], "car_750": [6, 3], "car_751": [3, 1], "car_752": [6, 2], "car_753": [7, 6], "car_1940": [7, 3], "car_286": [7, 3], "car_287": [10, 6], "car_284": [8, 7], "car_285": [4, 7], "car_282": [2, 0], "car_283": [5, 4], "car_280": [1, 7], "car_281": [10, 0], "car_1949": [1, 5], "car_288": [5, 0], "car_289": [6, 1], "car_1948": [11, 3], "car_1312": [7, 3], "car_1313": [5, 0], "car_1310": [9, 0], "car_1311": [1, 7], "car_1316": [0, 5], "car_1317": [3, 1], "car_1314": [1, 3], "car_1315": [4, 7], "car_1318": [7, 2], "car_1319": [2, 0], "car_372": [10, 4], "car_373": [0, 1], "car_370": [8, 0], "car_371": [11, 7], "car_376": [5, 2], "car_377": [9, 3], "car_374": [1, 3], "car_375": [10, 6], "car_1864": [4, 0], "car_1865": [5, 2], "car_378": [8, 3], "car_379": [2, 3], "car_1860": [3, 4], "car_1861": [8, 5], "car_1862": [1, 3], "car_1863": [10, 0], "car_174": [4, 6], "car_175": [10, 2], "car_176": [2, 6], "car_177": [11, 1], "car_170": [10, 3], "car_171": [9, 7], "car_172": [0, 3], "car_173": [11, 0], "car_178": [5, 6], "car_179": [9, 0], "car_1266": [10, 5], "car_1267": [2, 4], "car_1264": [5, 7], "car_1265": [0, 3], "car_1262": [11, 1], "car_1263": [10, 0], "car_1260": [2, 3], "car_1261": [9, 0], "car_1268": [0, 7], "car_1269": [10, 6], "car_2065": [1, 7], "car_2064": [8, 4], "car_1048": [11, 4], "car_1049": [10, 5], "car_2061": [5, 6], "car_2060": [7, 5], "car_2063": [0, 1], "car_2062": [9, 3], "car_1042": [8, 7], "car_1043": [11, 4], "car_1040": [1, 0], "car_1041": [4, 1], "car_1046": [6, 2], "car_1047": [8, 5], "car_1044": [4, 5], "car_1045": [5, 4], "car_78": [1, 7], "car_79": [10, 5], "car_72": [1, 2], "car_73": [0, 5], "car_70": [9, 3], "car_71": [0, 3], "car_76": [4, 0], "car_77": [10, 5], "car_74": [3, 2], "car_75": [1, 4], "car_992": [5, 6], "car_993": [6, 4], "car_990": [10, 7], "car_991": [2, 5], "car_996": [11, 5], "car_997": [1, 7], "car_994": [9, 7], "car_995": [3, 2], "car_1688": [6, 5], "car_1689": [3, 7], "car_998": [6, 1], "car_999": [3, 4], "car_1448": [6, 5], "car_1449": [3, 1], "car_1446": [11, 3], "car_1447": [4, 2], "car_1444": [6, 7], "car_1445": [3, 0], "car_1442": [11, 0], "car_1443": [3, 7], "car_1440": [6, 7], "car_1441": [8, 0], "car_2089": [7, 1], "car_2088": [3, 1], "car_2083": [8, 1], "car_2082": [10, 5], "car_2081": [9, 5], "car_2080": [5, 6], "car_2087": [9, 4], "car_2086": [1, 0], "car_2085": [10, 7], "car_2084": [4, 0], "car_578": [1, 2], "car_579": [10, 2], "car_553": [1, 2], "car_570": [7, 2], "car_571": [2, 1], "car_572": [6, 3], "car_573": [8, 4], "car_574": [1, 2], "car_806": [4, 0], "car_576": [11, 1], "car_577": [10, 1], "car_807": [7, 1], "car_800": [6, 3], "car_801": [7, 0], "car_802": [2, 5], "car_803": [0, 5], "car_2067": [5, 0], "car_2066": [4, 1], "car_619": [10, 4], "car_618": [7, 6], "car_615": [7, 2], "car_614": [11, 6], "car_617": [9, 4], "car_616": [2, 6], "car_611": [9, 3], "car_610": [1, 5], "car_613": [10, 4], "car_612": [8, 2], "car_2069": [2, 7], "car_2068": [11, 3], "car_769": [11, 6], "car_768": [0, 6], "car_761": [3, 4], "car_760": [0, 1], "car_763": [10, 4], "car_762": [1, 3], "car_765": [4, 6], "car_764": [2, 0], "car_767": [6, 4], "car_766": [7, 1], "car_575": [2, 5], "car_1305": [6, 7], "car_1304": [10, 1], "car_1307": [4, 0], "car_1306": [8, 7], "car_1301": [5, 1], "car_1300": [2, 1], "car_1303": [1, 5], "car_1302": [6, 4], "car_1309": [7, 2], "car_1308": [8, 6], "car_389": [3, 6], "car_388": [0, 7], "car_387": [10, 4], "car_386": [7, 4], "car_385": [11, 5], "car_384": [2, 4], "car_383": [7, 4], "car_382": [1, 5], "car_381": [8, 5], "car_380": [5, 3], "car_141": [10, 6], "car_140": [11, 4], "car_143": [6, 2], "car_142": [2, 4], "car_145": [0, 5], "car_144": [9, 1], "car_147": [2, 7], "car_146": [11, 4], "car_149": [7, 3], "car_148": [5, 3], "car_1279": [2, 3], "car_1278": [10, 4], "car_1271": [11, 7], "car_1270": [9, 6], "car_1273": [5, 0], "car_1272": [7, 5], "car_1275": [8, 0], "car_1274": [6, 4], "car_1277": [7, 4], "car_1276": [1, 7], "car_1059": [7, 3], "car_1058": [3, 7], "car_1055": [6, 1], "car_1054": [4, 1], "car_1057": [7, 5], "car_1056": [9, 0], "car_1051": [5, 0], "car_1050": [2, 3], "car_1053": [3, 0], "car_1052": [6, 5], "car_69": [4, 3], "car_68": [4, 6], "car_61": [3, 7], "car_60": [8, 2], "car_63": [11, 5], "car_62": [8, 1], "car_65": [2, 4], "car_64": [1, 3], "car_67": [6, 3], "car_66": [5, 2], "car_1693": [3, 2], "car_1692": [0, 3], "car_1691": [6, 2], "car_1690": [5, 2], "car_1697": [2, 7], "car_1696": [1, 2], "car_969": [9, 7], "car_968": [6, 5], "car_967": [7, 6], "car_966": [11, 7], "car_965": [8, 0], "car_964": [3, 1], "car_963": [1, 0], "car_962": [3, 4], "car_961": [0, 4], "car_960": [5, 3], "car_1451": [11, 4], "car_1450": [8, 4], "car_1453": [2, 1], "car_1452": [1, 3], "car_1455": [8, 2], "car_1454": [6, 4], "car_1457": [2, 0], "car_1456": [11, 1], "car_1459": [9, 7], "car_1458": [6, 1], "car_1680": [8, 5], "car_1681": [2, 6], "car_1682": [9, 7], "car_1683": [4, 7], "car_1684": [5, 4], "car_1685": [9, 2], "car_1891": [8, 2], "car_1686": [3, 7], "car_1890": [0, 4], "car_1687": [11, 2], "car_1893": [1, 2], "car_545": [1, 6], "car_544": [11, 1], "car_547": [6, 5], "car_546": [10, 6], "car_541": [4, 2], "car_540": [11, 6], "car_543": [0, 3], "car_542": [6, 3], "car_1895": [2, 0], "car_549": [0, 1], "car_548": [9, 3], "car_819": [0, 3], "car_818": [6, 5], "car_1897": [3, 1], "car_1896": [5, 3], "car_33": [4, 5], "car_1767": [0, 2], "car_1766": [6, 3], "car_1765": [5, 2], "car_608": [5, 6], "car_609": [8, 1], "car_602": [11, 2], "car_603": [4, 0], "car_600": [6, 5], "car_601": [9, 4], "car_606": [8, 0], "car_607": [1, 6], "car_604": [10, 1], "car_605": [3, 7], "car_1761": [8, 4], "car_1760": [3, 0], "car_776": [3, 2], "car_777": [8, 1], "car_774": [10, 5], "car_775": [2, 7], "car_772": [1, 4], "car_773": [4, 6], "car_770": [1, 4], "car_771": [5, 2], "car_1768": [7, 6], "car_778": [11, 4], "car_779": [1, 2], "car_1750": [10, 7], "car_1994": [5, 2], "car_1995": [6, 2], "car_1996": [0, 3], "car_1997": [11, 7], "car_1990": [4, 6], "car_1991": [2, 7], "car_1992": [3, 0], "car_1993": [1, 5], "car_1998": [2, 5], "car_1999": [6, 5], "car_1842": [0, 4], "car_1806": [6, 7], "car_1840": [8, 0], "car_1841": [11, 0], "car_398": [3, 6], "car_399": [8, 7], "car_1844": [11, 0], "car_1807": [9, 2], "car_394": [11, 7], "car_395": [4, 2], "car_396": [7, 3], "car_397": [6, 5], "car_390": [8, 5], "car_391": [1, 6], "car_392": [2, 6], "car_393": [0, 7], "car_158": [11, 6], "car_159": [0, 4], "car_156": [2, 1], "car_157": [3, 1], "car_154": [1, 5], "car_155": [7, 2], "car_152": [6, 2], "car_153": [11, 7], "car_150": [10, 4], "car_151": [5, 0], "car_1208": [9, 2], "car_1209": [1, 4], "car_1204": [5, 7], "car_1205": [8, 5], "car_1206": [1, 7], "car_1207": [7, 1], "car_1200": [7, 6], "car_1201": [0, 4], "car_1202": [8, 2], "car_1203": [7, 3], "car_1808": [3, 1], "car_1809": [8, 0], "car_1510": [4, 7], "car_1511": [7, 0], "car_1512": [10, 1], "car_1513": [6, 4], "car_1514": [8, 3], "car_1515": [1, 6], "car_1516": [10, 2], "car_1517": [3, 2], "car_1518": [11, 5], "car_1519": [7, 4], "car_1198": [3, 4], "car_1199": [11, 1], "car_1194": [6, 7], "car_1195": [1, 7], "car_1196": [5, 4], "car_1197": [0, 3], "car_1190": [8, 2], "car_1191": [1, 7], "car_1192": [4, 3], "car_1193": [7, 4], "car_2126": [0, 6], "car_2127": [9, 0], "car_978": [4, 0], "car_979": [9, 3], "car_974": [6, 1], "car_975": [3, 0], "car_976": [8, 6], "car_977": [11, 1], "car_970": [0, 7], "car_971": [8, 7], "car_972": [10, 1], "car_973": [5, 2], "car_1424": [6, 7], "car_1425": [11, 6], "car_1426": [1, 0], "car_1427": [4, 6], "car_1420": [8, 6], "car_1421": [1, 0], "car_1422": [4, 6], "car_1423": [2, 3], "car_1428": [3, 1], "car_1429": [11, 4], "car_2128": [3, 2], "car_2129": [10, 2], "car_1738": [11, 5], "car_1739": [1, 0], "car_1730": [8, 4], "car_1731": [11, 4], "car_1732": [1, 6], "car_1733": [2, 7], "car_1734": [0, 3], "car_1735": [7, 2], "car_1736": [6, 2], "car_1737": [0, 2], "car_54": [10, 6], "car_55": [6, 1], "car_56": [0, 6], "car_57": [3, 5], "car_50": [6, 2], "car_51": [3, 4], "car_52": [1, 4], "car_53": [7, 3], "car_58": [4, 2], "car_59": [0, 5], "car_552": [9, 2], "car_805": [8, 0], "car_550": [1, 2], "car_551": [5, 4], "car_556": [6, 2], "car_557": [3, 0], "car_554": [7, 0], "car_555": [2, 0], "car_558": [4, 3], "car_559": [10, 0], "car_808": [2, 5], "car_809": [8, 2], "car_1757": [11, 7], "car_703": [8, 6], "car_702": [5, 6], "car_701": [2, 6], "car_700": [4, 3], "car_707": [11, 0], "car_706": [0, 7], "car_705": [7, 5], "car_704": [4, 5], "car_709": [9, 6], "car_708": [1, 4], "car_1987": [7, 4], "car_1986": [1, 6], "car_1985": [8, 1], "car_1984": [3, 6], "car_1983": [0, 3], "car_1982": [6, 4], "car_1981": [7, 6], "car_1980": [3, 2], "car_1989": [0, 7], "car_1988": [2, 4], "car_1855": [9, 6], "car_1796": [2, 3], "car_1857": [4, 2], "car_1856": [3, 6], "car_1851": [3, 6], "car_1850": [5, 1], "car_1853": [10, 3], "car_1797": [6, 2], "car_1859": [0, 6], "car_1794": [11, 4], "car_129": [0, 7], "car_128": [5, 7], "car_123": [2, 6], "car_122": [7, 4], "car_121": [4, 1], "car_120": [5, 4], "car_127": [2, 6], "car_126": [10, 6], "car_125": [0, 5], "car_124": [5, 3], "car_1790": [4, 2], "car_1219": [1, 4], "car_1218": [6, 4], "car_1217": [5, 0], "car_1216": [2, 0], "car_1215": [3, 0], "car_1214": [6, 0], "car_1213": [5, 2], "car_1212": [11, 1], "car_1211": [4, 5], "car_1210": [6, 0], "car_1415": [10, 7], "car_1414": [5, 6], "car_1417": [0, 1], "car_1416": [9, 4], "car_1411": [4, 0], "car_1410": [8, 7], "car_237": [8, 6], "car_236": [5, 3], "car_235": [2, 0], "car_234": [7, 0], "car_233": [8, 1], "car_232": [9, 2], "car_231": [6, 5], "car_230": [5, 4], "car_1412": [7, 4], "car_239": [5, 1], "car_238": [10, 3], "car_1503": [0, 7], "car_1502": [10, 3], "car_1501": [7, 1], "car_1500": [3, 5], "car_1507": [1, 2], "car_1506": [6, 2], "car_1505": [2, 6], "car_1504": [11, 2], "car_1509": [0, 6], "car_1508": [7, 5], "car_1189": [7, 5], "car_1188": [6, 2], "car_1187": [4, 6], "car_1186": [8, 1], "car_1185": [3, 5], "car_1184": [6, 2], "car_1183": [5, 0], "car_1182": [2, 5], "car_1181": [7, 4], "car_1180": [9, 7], "car_949": [11, 7], "car_948": [3, 7], "car_941": [10, 5], "car_940": [11, 7], "car_943": [8, 6], "car_942": [3, 0], "car_945": [7, 3], "car_944": [4, 6], "car_947": [9, 7], "car_946": [6, 7], "car_1437": [1, 0], "car_1436": [11, 3], "car_1435": [0, 2], "car_1434": [6, 2], "car_1433": [5, 1], "car_1432": [2, 3], "car_1431": [10, 2], "car_1430": [7, 0], "car_1439": [2, 0], "car_1438": [7, 3], "car_493": [5, 1], "car_492": [11, 2], "car_491": [8, 1], "car_490": [4, 6], "car_497": [1, 0], "car_496": [8, 1], "car_495": [3, 0], "car_494": [0, 6], "car_499": [5, 1], "car_498": [10, 6], "car_1918": [11, 7], "car_1919": [1, 6], "car_1729": [4, 1], "car_1728": [9, 5], "car_1723": [8, 6], "car_1722": [9, 0], "car_1721": [2, 7], "car_1720": [7, 2], "car_1727": [4, 7], "car_1726": [1, 5], "car_1725": [3, 2], "car_1724": [5, 3], "car_43": [5, 3], "car_42": [10, 5], "car_41": [7, 0], "car_40": [1, 3], "car_47": [3, 1], "car_46": [2, 4], "car_45": [10, 2], "car_44": [0, 5], "car_49": [2, 1], "car_48": [4, 1], "car_1916": [3, 7], "car_1917": [8, 4], "car_1858": [6, 2], "car_831": [3, 0], "car_830": [9, 4], "car_833": [7, 2], "car_832": [4, 7], "car_835": [8, 7], "car_834": [3, 4], "car_837": [7, 4], "car_836": [11, 2], "car_839": [11, 2], "car_838": [6, 4], "car_1941": [10, 0], "car_710": [11, 6], "car_711": [4, 6], "car_712": [6, 0], "car_713": [11, 7], "car_714": [1, 0], "car_715": [10, 3], "car_716": [2, 4], "car_717": [8, 4], "car_718": [11, 0], "car_719": [1, 2], "car_1892": [11, 2], "car_1894": [7, 2], "car_138": [4, 7], "car_139": [6, 5], "car_130": [3, 6], "car_131": [7, 1], "car_132": [2, 1], "car_133": [0, 6], "car_134": [3, 6], "car_135": [11, 4], "car_136": [0, 2], "car_137": [8, 7], "car_1222": [7, 0], "car_1223": [6, 7], "car_1220": [4, 2], "car_1221": [2, 3], "car_1226": [2, 7], "car_1227": [3, 2], "car_1224": [8, 0], "car_1225": [7, 3], "car_1886": [6, 4], "car_1887": [0, 1], "car_1228": [8, 5], "car_1229": [8, 6], "car_1882": [5, 2], "car_1883": [4, 1], "car_1880": [1, 3], "car_1881": [10, 4], "car_224": [9, 0], "car_225": [11, 4], "car_226": [10, 7], "car_227": [7, 3], "car_220": [3, 2], "car_221": [1, 7], "car_222": [7, 0], "car_223": [10, 3], "car_228": [6, 1], "car_229": [3, 1], "car_1086": [2, 1], "car_1087": [5, 1], "car_1084": [7, 3], "car_1085": [10, 7], "car_1082": [11, 3], "car_1083": [1, 3], "car_1080": [5, 0], "car_1081": [3, 6], "car_1088": [6, 7], "car_1089": [0, 5], "car_1536": [11, 3], "car_1537": [7, 0], "car_1534": [6, 0], "car_1535": [3, 1], "car_1532": [0, 5], "car_1533": [7, 6], "car_1530": [3, 4], "car_1531": [11, 5], "car_1538": [2, 0], "car_1539": [9, 3], "car_956": [7, 2], "car_957": [9, 1], "car_954": [8, 6], "car_955": [11, 1], "car_952": [5, 4], "car_953": [0, 4], "car_950": [7, 4], "car_951": [10, 4], "car_1827": [7, 5], "car_958": [4, 3], "car_959": [8, 5], "car_1158": [4, 0], "car_1159": [7, 2], "car_1408": [10, 0], "car_1409": [2, 1], "car_1829": [9, 5], "car_1150": [6, 4], "car_1151": [9, 4], "car_1152": [3, 7], "car_1153": [8, 4], "car_1154": [4, 5], "car_1155": [11, 5], "car_1156": [6, 7], "car_1157": [11, 2], "car_1826": [4, 7], "car_480": [6, 2], "car_481": [0, 1], "car_482": [8, 5], "car_483": [4, 1], "car_484": [7, 2], "car_485": [2, 1], "car_486": [5, 4], "car_487": [9, 1], "car_488": [3, 0], "car_489": [11, 0], "car_853": [4, 0], "car_852": [11, 4], "car_851": [3, 1], "car_582": [11, 5], "car_1718": [10, 6], "car_1719": [1, 5], "car_1716": [3, 1], "car_857": [5, 0], "car_1714": [4, 3], "car_1715": [10, 6], "car_1712": [6, 5], "car_1713": [11, 5], "car_1710": [2, 6], "car_856": [3, 4], "car_1828": [6, 1], "car_855": [9, 2], "car_854": [6, 1], "car_828": [4, 7], "car_829": [10, 7], "car_826": [6, 1], "car_827": [1, 6], "car_824": [7, 5], "car_825": [2, 6], "car_822": [5, 2], "car_823": [6, 5], "car_820": [3, 7], "car_821": [1, 0], "car_729": [0, 4], "car_728": [6, 3], "car_725": [1, 5], "car_724": [8, 5], "car_727": [5, 2], "car_726": [10, 2], "car_721": [5, 1], "car_720": [4, 2], "car_723": [2, 3], "car_722": [11, 0], "car_1795": [7, 3], "car_1792": [9, 2], "car_1793": [3, 5], "car_105": [11, 0], "car_104": [9, 2], "car_107": [1, 4], "car_106": [7, 6], "car_101": [3, 1], "car_100": [9, 1], "car_103": [2, 5], "car_102": [1, 5], "car_1888": [3, 1], "car_109": [0, 2], "car_108": [9, 7], "car_1791": [10, 0], "car_1235": [9, 2], "car_1234": [2, 4], "car_1237": [6, 3], "car_1236": [11, 3], "car_1231": [0, 6], "car_1230": [1, 7], "car_1233": [10, 0], "car_1232": [8, 3], "car_1899": [7, 5], "car_1898": [4, 1], "car_1239": [10, 4], "car_1238": [0, 3], "car_211": [6, 0], "car_210": [2, 7], "car_213": [11, 5], "car_212": [0, 1], "car_215": [6, 2], "car_214": [6, 7], "car_217": [1, 2], "car_216": [8, 0], "car_219": [0, 1], "car_218": [5, 0], "car_1529": [2, 1], "car_1528": [11, 3], "car_1521": [2, 1], "car_1520": [10, 4], "car_1523": [11, 5], "car_1522": [9, 7], "car_1525": [2, 4], "car_1524": [4, 5], "car_1527": [8, 4], "car_1526": [0, 7], "car_923": [3, 7], "car_922": [0, 2], "car_921": [5, 4], "car_920": [1, 3], "car_927": [5, 4], "car_926": [2, 7], "car_925": [8, 7], "car_924": [2, 4], "car_929": [0, 2], "car_928": [9, 6], "car_1149": [0, 6], "car_1148": [6, 1], "car_1419": [3, 0], "car_1418": [3, 0], "car_1143": [8, 5], "car_1142": [0, 7], "car_1141": [9, 0], "car_1140": [5, 4], "car_1147": [2, 0], "car_1146": [7, 3], "car_1145": [1, 3], "car_1144": [11, 1], "car_1099": [0, 5], "car_1098": [6, 0], "car_1091": [1, 4], "car_1090": [3, 1], "car_1093": [5, 1], "car_1092": [10, 5], "car_1095": [11, 0], "car_1094": [0, 7], "car_1097": [8, 6], "car_1096": [3, 1], "car_1701": [11, 2], "car_1700": [8, 5], "car_1703": [2, 1], "car_1702": [7, 5], "car_1705": [9, 5], "car_1704": [1, 6], "car_1707": [4, 6], "car_1706": [11, 0], "car_1709": [8, 6], "car_1708": [2, 1], "car_589": [9, 7], "car_588": [6, 1], "car_859": [5, 4], "car_858": [10, 3], "car_1695": [7, 0], "car_581": [8, 1], "car_580": [5, 1], "car_583": [4, 5], "car_850": [2, 5], "car_585": [0, 3], "car_584": [0, 5], "car_587": [8, 4], "car_586": [3, 2], "car_2002": [4, 5], "car_457": [10, 5], "car_456": [4, 5], "car_455": [11, 3], "car_454": [2, 6], "car_453": [4, 3], "car_452": [0, 3], "car_451": [4, 1], "car_450": [8, 1], "car_1878": [6, 5], "car_459": [4, 2], "car_458": [9, 7], "car_1877": [5, 0], "car_1876": [2, 5], "car_1875": [3, 4], "car_1874": [0, 3], "car_1873": [9, 6], "car_1872": [10, 4], "car_738": [4, 2], "car_739": [11, 1], "car_1871": [7, 5], "car_733": [6, 4], "car_732": [10, 2], "car_32": [0, 7], "car_730": [8, 7], "car_731": [1, 2], "car_736": [11, 6], "car_737": [1, 4], "car_734": [3, 6], "car_735": [8, 0], "car_1976": [10, 5], "car_1977": [2, 4], "car_1698": [6, 1], "car_38": [10, 7], "car_39": [6, 4], "car_1978": [10, 4], "car_1979": [5, 4], "car_112": [4, 7], "car_113": [7, 5], "car_110": [3, 5], "car_111": [11, 5], "car_116": [9, 1], "car_117": [11, 3], "car_114": [6, 1], "car_115": [5, 6], "car_118": [2, 5], "car_119": [4, 7], "car_1950": [7, 2], "car_1951": [2, 3], "car_1952": [5, 7], "car_1953": [6, 5], "car_1954": [8, 0], "car_1955": [11, 0], "car_208": [7, 5], "car_209": [10, 1], "car_206": [0, 7], "car_207": [11, 6], "car_204": [7, 0], "car_205": [2, 7], "car_202": [3, 1], "car_203": [8, 0], "car_200": [5, 0], "car_201": [6, 5], "car_1558": [1, 5], "car_1559": [2, 7], "car_1554": [1, 3], "car_1555": [4, 2], "car_1556": [2, 4], "car_1557": [6, 3], "car_1550": [1, 3], "car_1551": [4, 2], "car_1552": [9, 3], "car_1553": [3, 5], "car_1398": [5, 0], "car_1399": [9, 0], "car_1392": [8, 5], "car_1393": [1, 3], "car_1390": [9, 6], "car_1391": [0, 7], "car_1396": [0, 1], "car_1397": [4, 1], "car_1394": [5, 3], "car_1395": [6, 5], "car_930": [1, 6], "car_931": [10, 4], "car_932": [2, 0], "car_933": [2, 1], "car_934": [9, 1], "car_935": [11, 0], "car_936": [1, 7], "car_937": [4, 2], "car_938": [7, 4], "car_939": [6, 3], "car_6": [1, 2], "car_7": [11, 1], "car_4": [10, 5], "car_5": [8, 4], "car_2": [4, 5], "car_3": [7, 1], "car_1178": [2, 6], "car_1": [3, 5], "car_1176": [4, 0], "car_1177": [10, 1], "car_1174": [0, 2], "car_1175": [3, 7], "car_1172": [5, 2], "car_1173": [6, 2], "car_8": [4, 0], "car_9": [2, 6], "car_1774": [11, 7], "car_1775": [7, 2], "car_1776": [5, 0], "car_1777": [6, 5], "car_1770": [5, 2], "car_1771": [2, 5], "car_1772": [0, 7], "car_1773": [8, 6], "car_1778": [9, 0], "car_1779": [0, 4], "car_98": [8, 6], "car_99": [10, 5], "car_90": [9, 6], "car_91": [0, 5], "car_92": [8, 0], "car_93": [3, 6], "car_94": [11, 6], "car_95": [7, 1], "car_96": [2, 7], "car_97": [9, 3], "car_596": [3, 6], "car_597": [11, 3], "car_594": [9, 2], "car_595": [0, 2], "car_592": [7, 2], "car_593": [6, 2], "car_590": [0, 3], "car_591": [1, 0], "car_598": [2, 1], "car_599": [5, 6], "car_848": [1, 0], "car_849": [10, 2], "car_840": [10, 7], "car_841": [0, 6], "car_842": [8, 2], "car_843": [1, 6], "car_844": [7, 3], "car_845": [3, 2], "car_846": [2, 3], "car_847": [9, 0], "car_1608": [11, 4], "car_1609": [4, 7], "car_1600": [8, 5], "car_1601": [11, 4], "car_1602": [10, 1], "car_1603": [5, 7], "car_1604": [1, 5], "car_1605": [2, 1], "car_1606": [9, 6], "car_1607": [0, 1], "car_444": [7, 4], "car_445": [10, 2], "car_446": [2, 7], "car_447": [6, 7], "car_440": [0, 1], "car_441": [3, 2], "car_442": [11, 2], "car_443": [1, 4], "car_448": [0, 5], "car_449": [3, 5], "car_695": [11, 3], "car_694": [0, 5], "car_697": [6, 4], "car_696": [1, 7], "car_691": [2, 3], "car_690": [8, 1], "car_693": [9, 0], "car_692": [6, 1], "car_699": [3, 7], "car_698": [0, 2], "car_1943": [3, 5], "car_1942": [5, 1], "car_279": [6, 0], "car_278": [2, 1], "car_1947": [3, 0], "car_1946": [6, 0], "car_1945": [2, 3], "car_1944": [10, 2], "car_273": [9, 3], "car_272": [5, 0], "car_271": [1, 7], "car_270": [3, 7], "car_277": [10, 0], "car_276": [4, 3], "car_275": [3, 4], "car_274": [0, 4], "car_1925": [3, 2], "car_1549": [0, 1], "car_1548": [5, 7], "car_1547": [10, 3], "car_1546": [0, 2], "car_1545": [2, 6], "car_1544": [10, 2], "car_1543": [7, 1], "car_1542": [7, 3], "car_1541": [4, 2], "car_1540": [11, 4], "car_1389": [6, 4], "car_1388": [5, 2], "car_1385": [11, 4], "car_1384": [0, 3], "car_1387": [10, 5], "car_1386": [7, 3], "car_1381": [6, 5], "car_1380": [11, 6], "car_1383": [2, 7], "car_1382": [10, 2], "car_307": [4, 0], "car_306": [11, 2], "car_305": [8, 4], "car_304": [9, 0], "car_303": [6, 5], "car_302": [7, 3], "car_301": [4, 1], "car_300": [3, 2], "car_804": [3, 1], "car_309": [2, 6], "car_308": [10, 5], "car_909": [9, 4], "car_908": [5, 3], "car_905": [9, 6], "car_904": [1, 5], "car_907": [2, 7], "car_906": [1, 4], "car_901": [1, 3], "car_900": [8, 5], "car_903": [0, 3], "car_902": [10, 1], "car_1161": [2, 4], "car_1160": [10, 0], "car_1163": [8, 3], "car_1162": [5, 6], "car_1165": [8, 6], "car_1164": [7, 3], "car_1167": [5, 1], "car_1166": [1, 0], "car_1169": [8, 4], "car_1168": [9, 7], "car_2010": [8, 6], "car_2011": [9, 3], "car_2012": [4, 7], "car_2013": [7, 3], "car_2014": [5, 2], "car_2015": [0, 2], "car_2016": [3, 0], "car_2017": [11, 7], "car_2018": [1, 3], "car_2019": [10, 4], "car_87": [4, 5], "car_86": [3, 4], "car_85": [9, 1], "car_84": [6, 3], "car_83": [5, 2], "car_82": [10, 2], "car_81": [6, 7], "car_80": [5, 1], "car_2001": [11, 7], "car_89": [2, 5], "car_88": [10, 6], "car_2000": [3, 6], "car_875": [1, 0], "car_874": [8, 4], "car_877": [7, 6], "car_876": [4, 7], "car_871": [6, 0], "car_870": [5, 6], "car_873": [0, 4], "car_872": [9, 5], "car_1694": [8, 7], "car_879": [0, 3], "car_878": [5, 3], "car_1752": [3, 0], "car_1753": [4, 0], "car_1699": [3, 2], "car_2124": [3, 2], "car_2125": [11, 5], "car_1619": [0, 4], "car_1618": [10, 5], "car_2120": [5, 0], "car_2121": [9, 3], "car_2122": [4, 7], "car_2123": [2, 5], "car_1613": [3, 0], "car_1612": [0, 2], "car_1611": [9, 6], "car_1610": [5, 4], "car_1617": [8, 7], "car_1616": [2, 5], "car_1615": [4, 2], "car_1614": [1, 0], "car_1754": [10, 7], "car_1755": [6, 2], "car_471": [4, 6], "car_470": [8, 4], "car_473": [9, 0], "car_472": [11, 0], "car_475": [2, 1], "car_474": [3, 4], "car_477": [1, 2], "car_476": [11, 3], "car_479": [2, 6], "car_478": [10, 7], "car_2038": [11, 6], "car_2039": [2, 0], "car_1819": [6, 0], "car_1818": [10, 5], "car_682": [11, 1], "car_683": [10, 5], "car_680": [5, 7], "car_681": [0, 5], "car_686": [4, 1], "car_687": [5, 0], "car_684": [5, 0], "car_685": [11, 1], "car_688": [9, 4], "car_689": [0, 3], "car_1815": [6, 3], "car_1814": [10, 7], "car_1670": [11, 2], "car_1956": [1, 7], "car_1957": [10, 2], "car_1958": [5, 3], "car_1959": [6, 4], "car_2003": [10, 3], "car_268": [7, 4], "car_269": [2, 3], "car_1974": [8, 0], "car_1975": [4, 1], "car_1972": [0, 5], "car_1973": [3, 5], "car_1970": [7, 1], "car_1971": [6, 3], "car_260": [11, 3], "car_261": [6, 4], "car_262": [0, 3], "car_263": [7, 6], "car_264": [10, 7], "car_265": [9, 0], "car_266": [11, 5], "car_267": [4, 1], "car_1572": [7, 5], "car_1573": [10, 0], "car_1570": [11, 2], "car_1571": [4, 1], "car_1576": [4, 5], "car_1577": [7, 6], "car_1574": [3, 5], "car_1575": [11, 3], "car_1578": [10, 4], "car_1579": [5, 0], "car_1370": [10, 5], "car_1371": [9, 0], "car_1372": [4, 6], "car_1373": [7, 2], "car_1374": [10, 1], "car_1375": [5, 7], "car_1376": [0, 1], "car_1377": [11, 5], "car_1378": [4, 3], "car_1379": [8, 3], "car_314": [2, 0], "car_315": [5, 3], "car_316": [6, 4], "car_317": [3, 4], "car_310": [6, 7], "car_311": [3, 1], "car_312": [11, 7], "car_313": [10, 0], "car_318": [11, 6], "car_319": [4, 5], "car_918": [10, 5], "car_919": [3, 2], "car_912": [7, 6], "car_913": [0, 4], "car_910": [1, 5], "car_911": [4, 6], "car_916": [4, 5], "car_917": [7, 6], "car_914": [6, 7], "car_915": [9, 0], "car_1114": [6, 3], "car_1115": [9, 5], "car_1116": [3, 1], "car_1117": [11, 1], "car_1110": [6, 2], "car_1111": [9, 4], "car_1112": [3, 4], "car_1113": [2, 7], "car_1118": [2, 4], "car_1119": [5, 3], "car_1284": [2, 0], "car_1285": [9, 2], "car_1286": [3, 2], "car_1287": [10, 6], "car_1280": [9, 5], "car_1281": [0, 1], "car_1282": [8, 7], "car_1283": [4, 6], "car_2130": [2, 3], "car_1288": [2, 0], "car_1289": [5, 1], "car_1744": [10, 0], "car_1028": [2, 4], "car_1029": [6, 4], "car_1758": [9, 5], "car_1759": [0, 5], "car_2007": [6, 7], "car_2006": [7, 4], "car_2005": [1, 6], "car_2004": [9, 1], "car_1020": [6, 2], "car_1021": [3, 2], "car_1022": [9, 2], "car_1023": [7, 6], "car_1024": [6, 3], "car_1025": [11, 3], "car_1026": [4, 5], "car_1027": [7, 6], "car_1598": [10, 3], "car_1599": [5, 7], "car_1590": [11, 0], "car_1591": [4, 5], "car_1592": [2, 1], "car_1593": [6, 4], "car_1594": [1, 7], "car_1595": [10, 3], "car_1596": [5, 0], "car_1597": [9, 5], "car_1746": [4, 1], "car_862": [8, 3], "car_863": [6, 5], "car_860": [6, 7], "car_861": [3, 7], "car_866": [5, 2], "car_867": [9, 1], "car_864": [9, 1], "car_865": [10, 6], "car_868": [0, 3], "car_869": [1, 2], "car_1741": [6, 0], "car_1628": [6, 3], "car_1629": [9, 1], "car_1626": [8, 6], "car_1627": [4, 7], "car_1624": [3, 7], "car_1625": [3, 5], "car_1622": [6, 4], "car_1623": [0, 2], "car_1620": [1, 5], "car_1621": [2, 0], "car_1740": [7, 4]}