{"car_545": [4, 1], "car_544": [2, 6], "car_547": [6, 4], "car_546": [10, 0], "car_541": [2, 3], "car_540": [1, 0], "car_543": [9, 2], "car_542": [6, 0], "car_549": [11, 1], "car_548": [8, 4], "car_468": [0, 7], "car_469": [11, 4], "car_466": [6, 3], "car_467": [4, 2], "car_464": [9, 2], "car_465": [7, 0], "car_462": [1, 4], "car_463": [4, 2], "car_460": [8, 4], "car_461": [0, 5], "car_211": [11, 4], "car_210": [8, 3], "car_213": [0, 1], "car_212": [7, 3], "car_215": [8, 4], "car_214": [4, 1], "car_217": [7, 3], "car_216": [1, 6], "car_219": [2, 1], "car_218": [5, 3], "car_352": [8, 4], "car_353": [4, 0], "car_354": [7, 0], "car_355": [2, 6], "car_356": [3, 6], "car_357": [8, 7], "car_608": [2, 5], "car_609": [0, 1], "car_602": [4, 2], "car_603": [0, 5], "car_600": [2, 1], "car_601": [5, 3], "car_606": [2, 5], "car_607": [4, 3], "car_604": [9, 1], "car_605": [1, 4], "car_518": [10, 6], "car_519": [9, 4], "car_510": [4, 5], "car_511": [10, 6], "car_679": [2, 6], "car_678": [0, 4], "car_677": [4, 7], "car_676": [10, 2], "car_675": [0, 3], "car_674": [11, 1], "car_673": [2, 0], "car_672": [9, 2], "car_671": [6, 0], "car_670": [2, 5], "car_10": [6, 0], "car_11": [9, 5], "car_12": [8, 0], "car_13": [4, 1], "car_14": [4, 1], "car_15": [7, 4], "car_16": [0, 2], "car_17": [11, 3], "car_18": [7, 0], "car_19": [1, 7], "car_703": [0, 4], "car_702": [4, 6], "car_701": [1, 4], "car_700": [6, 2], "car_707": [2, 3], "car_706": [0, 3], "car_705": [2, 0], "car_704": [6, 1], "car_698": [0, 5], "car_422": [2, 5], "car_423": [6, 0], "car_420": [11, 6], "car_421": [2, 6], "car_426": [11, 2], "car_427": [1, 0], "car_424": [8, 5], "car_425": [0, 2], "car_581": [1, 6], "car_580": [3, 2], "car_428": [5, 1], "car_429": [2, 6], "car_585": [3, 0], "car_584": [3, 7], "car_587": [1, 6], "car_586": [8, 0], "car_255": [11, 2], "car_254": [5, 6], "car_257": [6, 4], "car_256": [5, 0], "car_251": [11, 6], "car_250": [6, 4], "car_253": [4, 5], "car_252": [9, 5], "car_394": [2, 4], "car_395": [0, 5], "car_396": [1, 2], "car_397": [3, 5], "car_259": [1, 0], "car_258": [10, 6], "car_392": [4, 2], "car_393": [7, 2], "car_158": [3, 5], "car_159": [1, 7], "car_156": [8, 3], "car_157": [5, 3], "car_154": [5, 0], "car_155": [3, 4], "car_152": [7, 5], "car_153": [8, 3], "car_150": [10, 3], "car_151": [1, 3], "car_350": [1, 6], "car_351": [9, 6], "car_457": [5, 7], "car_456": [11, 4], "car_455": [8, 2], "car_454": [0, 7], "car_453": [10, 6], "car_452": [8, 0], "car_451": [9, 2], "car_450": [6, 3], "car_516": [5, 6], "car_517": [6, 5], "car_514": [5, 7], "car_515": [3, 6], "car_512": [8, 7], "car_513": [8, 1], "car_459": [9, 0], "car_458": [6, 5], "car_321": [11, 4], "car_320": [1, 7], "car_323": [0, 1], "car_322": [7, 6], "car_325": [5, 2], "car_324": [2, 3], "car_327": [3, 2], "car_326": [0, 5], "car_329": [6, 2], "car_328": [11, 7], "car_493": [9, 1], "car_492": [5, 3], "car_491": [4, 1], "car_633": [7, 5], "car_632": [1, 6], "car_631": [10, 0], "car_490": [9, 7], "car_637": [8, 1], "car_636": [9, 6], "car_635": [2, 3], "car_634": [4, 0], "car_497": [10, 6], "car_639": [6, 1], "car_638": [4, 1], "car_730": [5, 0], "car_496": [0, 5], "car_268": [2, 1], "car_731": [1, 2], "car_495": [5, 4], "car_140": [0, 6], "car_494": [7, 5], "car_144": [4, 7], "car_260": [5, 1], "car_189": [9, 1], "car_188": [11, 6], "car_261": [6, 2], "car_185": [9, 1], "car_184": [7, 2], "car_187": [7, 3], "car_186": [11, 5], "car_181": [6, 5], "car_180": [9, 4], "car_183": [3, 1], "car_182": [9, 5], "car_263": [5, 0], "car_299": [2, 6], "car_113": [8, 0], "car_110": [4, 7], "car_111": [7, 6], "car_116": [7, 4], "car_117": [11, 7], "car_114": [1, 6], "car_115": [6, 0], "car_291": [4, 5], "car_290": [6, 7], "car_118": [5, 2], "car_119": [5, 1], "car_295": [6, 3], "car_294": [2, 3], "car_297": [9, 4], "car_296": [9, 7], "car_54": [8, 6], "car_55": [7, 3], "car_56": [6, 0], "car_57": [11, 3], "car_50": [11, 1], "car_51": [9, 1], "car_52": [4, 0], "car_53": [6, 3], "car_58": [5, 4], "car_59": [2, 7], "car_552": [3, 2], "car_553": [11, 1], "car_550": [10, 2], "car_551": [6, 4], "car_556": [3, 2], "car_557": [11, 3], "car_554": [7, 0], "car_555": [0, 1], "car_558": [10, 0], "car_559": [9, 6], "car_365": [6, 2], "car_364": [5, 4], "car_367": [0, 1], "car_366": [11, 3], "car_361": [0, 2], "car_360": [5, 7], "car_363": [6, 7], "car_362": [1, 4], "car_413": [8, 6], "car_412": [3, 6], "car_411": [9, 6], "car_410": [5, 6], "car_369": [3, 6], "car_368": [0, 3], "car_415": [9, 7], "car_414": [8, 7], "car_167": [4, 3], "car_166": [7, 2], "car_165": [11, 5], "car_164": [0, 5], "car_163": [10, 3], "car_162": [2, 0], "car_161": [8, 0], "car_160": [5, 7], "car_206": [5, 1], "car_207": [10, 4], "car_204": [3, 1], "car_205": [4, 2], "car_202": [9, 2], "car_203": [1, 0], "car_169": [7, 4], "car_168": [5, 7], "car_527": [1, 6], "car_526": [0, 4], "car_525": [7, 2], "car_524": [9, 4], "car_523": [4, 3], "car_522": [6, 0], "car_521": [3, 6], "car_520": [2, 3], "car_529": [3, 2], "car_528": [2, 7], "car_489": [5, 2], "car_6": [8, 5], "car_7": [11, 1], "car_4": [11, 1], "car_5": [3, 5], "car_2": [9, 4], "car_3": [0, 7], "car_0": [8, 5], "car_1": [4, 2], "car_709": [4, 6], "car_708": [0, 3], "car_8": [10, 0], "car_9": [3, 5], "car_668": [10, 5], "car_669": [0, 1], "car_664": [0, 4], "car_665": [3, 4], "car_666": [11, 7], "car_667": [1, 6], "car_660": [9, 5], "car_661": [3, 4], "car_662": [0, 3], "car_663": [3, 4], "car_98": [6, 1], "car_99": [8, 3], "car_90": [11, 5], "car_91": [1, 5], "car_92": [5, 3], "car_93": [7, 1], "car_94": [0, 2], "car_95": [7, 4], "car_96": [1, 4], "car_97": [9, 0], "car_596": [6, 1], "car_578": [4, 6], "car_594": [3, 6], "car_595": [5, 3], "car_592": [7, 1], "car_593": [2, 0], "car_590": [8, 7], "car_579": [5, 2], "car_598": [1, 4], "car_599": [11, 3], "car_242": [10, 7], "car_243": [3, 7], "car_240": [8, 6], "car_241": [2, 7], "car_246": [7, 0], "car_247": [9, 2], "car_244": [5, 6], "car_245": [1, 0], "car_248": [8, 2], "car_249": [2, 5], "car_570": [11, 3], "car_129": [4, 6], "car_128": [2, 6], "car_571": [7, 2], "car_123": [9, 1], "car_122": [3, 4], "car_121": [5, 7], "car_120": [10, 5], "car_127": [4, 3], "car_126": [2, 7], "car_125": [3, 1], "car_124": [11, 0], "car_597": [0, 2], "car_444": [7, 5], "car_445": [8, 7], "car_446": [4, 7], "car_447": [5, 3], "car_440": [3, 2], "car_441": [2, 6], "car_442": [8, 2], "car_443": [1, 6], "car_563": [0, 1], "car_562": [7, 1], "car_561": [11, 2], "car_560": [0, 6], "car_448": [0, 5], "car_349": [6, 1], "car_565": [8, 4], "car_564": [2, 5], "car_237": [7, 2], "car_236": [4, 1], "car_235": [8, 4], "car_234": [3, 5], "car_233": [10, 0], "car_232": [4, 1], "car_338": [0, 7], "car_339": [9, 3], "car_336": [2, 7], "car_337": [2, 3], "car_334": [1, 3], "car_335": [7, 3], "car_332": [10, 6], "car_333": [0, 2], "car_330": [10, 6], "car_238": [3, 0], "car_408": [8, 1], "car_409": [7, 0], "car_620": [2, 1], "car_621": [1, 2], "car_622": [10, 3], "car_623": [8, 2], "car_624": [4, 1], "car_625": [3, 7], "car_626": [8, 4], "car_627": [1, 0], "car_628": [3, 0], "car_629": [7, 0], "car_347": [10, 0], "car_346": [8, 7], "car_630": [2, 7], "car_729": [10, 3], "car_402": [1, 4], "car_728": [4, 6], "car_403": [6, 0], "car_198": [11, 6], "car_199": [7, 4], "car_192": [11, 7], "car_193": [10, 3], "car_190": [2, 7], "car_191": [9, 3], "car_196": [1, 7], "car_197": [6, 0], "car_194": [6, 4], "car_195": [11, 7], "car_695": [1, 2], "car_694": [3, 5], "car_697": [1, 5], "car_696": [4, 5], "car_691": [7, 2], "car_690": [1, 4], "car_693": [9, 3], "car_692": [2, 7], "car_699": [3, 0], "car_279": [7, 5], "car_278": [11, 0], "car_723": [3, 0], "car_722": [2, 7], "car_36": [1, 3], "car_37": [1, 7], "car_34": [4, 7], "car_35": [7, 2], "car_32": [9, 3], "car_33": [10, 5], "car_30": [11, 5], "car_31": [2, 4], "car_499": [2, 6], "car_498": [0, 7], "car_38": [10, 0], "car_39": [3, 0], "car_286": [8, 0], "car_287": [11, 7], "car_284": [11, 3], "car_285": [4, 7], "car_282": [2, 3], "car_283": [9, 6], "car_280": [8, 3], "car_281": [1, 6], "car_288": [9, 6], "car_289": [7, 2], "car_178": [1, 6], "car_179": [4, 6], "car_43": [1, 6], "car_42": [5, 1], "car_41": [7, 4], "car_40": [2, 6], "car_47": [3, 5], "car_46": [6, 1], "car_45": [8, 2], "car_44": [7, 5], "car_49": [11, 0], "car_48": [4, 3], "car_566": [1, 4], "car_372": [11, 3], "car_373": [7, 3], "car_370": [8, 7], "car_371": [8, 4], "car_376": [1, 7], "car_377": [10, 6], "car_374": [0, 2], "car_375": [0, 2], "car_400": [5, 2], "car_401": [2, 6], "car_378": [0, 7], "car_379": [3, 7], "car_404": [3, 6], "car_405": [10, 0], "car_406": [11, 6], "car_407": [5, 0], "car_174": [2, 5], "car_175": [2, 5], "car_176": [9, 6], "car_177": [5, 2], "car_170": [0, 4], "car_171": [2, 6], "car_172": [9, 0], "car_173": [2, 6], "car_273": [1, 6], "car_272": [11, 5], "car_271": [8, 6], "car_270": [9, 7], "car_277": [3, 1], "car_276": [3, 1], "car_275": [7, 2], "car_274": [4, 5], "car_112": [6, 5], "car_298": [7, 4], "car_534": [9, 4], "car_535": [9, 1], "car_536": [0, 4], "car_537": [11, 0], "car_530": [8, 1], "car_531": [7, 5], "car_532": [2, 7], "car_358": [11, 4], "car_538": [7, 4], "car_539": [2, 7], "car_307": [6, 7], "car_306": [4, 7], "car_305": [6, 3], "car_304": [5, 1], "car_303": [2, 7], "car_302": [10, 1], "car_301": [9, 2], "car_300": [10, 5], "car_293": [10, 5], "car_309": [3, 4], "car_308": [9, 6], "car_292": [2, 4], "car_359": [2, 3], "car_710": [1, 5], "car_711": [11, 4], "car_712": [10, 2], "car_713": [3, 0], "car_714": [11, 4], "car_715": [10, 1], "car_716": [3, 2], "car_717": [8, 4], "car_718": [1, 7], "car_719": [11, 2], "car_659": [1, 6], "car_658": [6, 1], "car_651": [4, 3], "car_650": [0, 1], "car_653": [6, 0], "car_652": [7, 1], "car_655": [7, 4], "car_654": [0, 7], "car_657": [5, 3], "car_656": [11, 3], "car_78": [8, 7], "car_79": [1, 3], "car_72": [11, 6], "car_73": [7, 3], "car_70": [2, 5], "car_71": [4, 0], "car_76": [11, 6], "car_77": [4, 2], "car_74": [1, 3], "car_75": [6, 1], "car_87": [1, 6], "car_86": [5, 6], "car_85": [2, 1], "car_84": [4, 3], "car_83": [9, 2], "car_82": [6, 7], "car_81": [5, 4], "car_80": [4, 5], "car_533": [6, 2], "car_89": [5, 1], "car_88": [10, 0], "car_689": [11, 0], "car_138": [5, 7], "car_139": [9, 5], "car_130": [5, 6], "car_131": [1, 5], "car_132": [2, 4], "car_133": [4, 2], "car_134": [7, 3], "car_135": [2, 7], "car_136": [1, 0], "car_137": [2, 3], "car_569": [6, 7], "car_568": [11, 7], "car_471": [4, 2], "car_470": [6, 1], "car_473": [10, 0], "car_472": [7, 3], "car_475": [0, 6], "car_474": [5, 3], "car_477": [7, 1], "car_476": [5, 6], "car_479": [2, 1], "car_478": [9, 0], "car_572": [10, 7], "car_573": [6, 2], "car_574": [9, 7], "car_575": [5, 0], "car_576": [4, 7], "car_577": [11, 1], "car_224": [5, 6], "car_225": [9, 4], "car_226": [5, 6], "car_227": [2, 6], "car_220": [3, 0], "car_221": [9, 1], "car_222": [7, 2], "car_223": [6, 4], "car_343": [5, 0], "car_342": [4, 0], "car_341": [5, 6], "car_340": [4, 5], "car_228": [0, 4], "car_229": [3, 7], "car_345": [9, 4], "car_344": [5, 1], "car_567": [6, 4], "car_449": [8, 4], "car_619": [7, 2], "car_618": [5, 2], "car_615": [11, 5], "car_614": [8, 1], "car_617": [10, 5], "car_616": [4, 2], "car_611": [5, 1], "car_610": [5, 1], "car_613": [5, 6], "car_612": [2, 3], "car_591": [9, 1], "car_231": [11, 5], "car_683": [1, 4], "car_230": [10, 5], "car_419": [0, 3], "car_418": [6, 7], "car_682": [6, 2], "car_589": [3, 6], "car_680": [4, 0], "car_681": [10, 5], "car_686": [11, 7], "car_687": [10, 7], "car_684": [7, 3], "car_588": [4, 2], "car_688": [9, 5], "car_685": [3, 4], "car_239": [6, 2], "car_331": [2, 6], "car_25": [9, 7], "car_24": [1, 4], "car_27": [5, 6], "car_26": [8, 4], "car_21": [11, 1], "car_20": [7, 5], "car_23": [7, 2], "car_22": [4, 7], "car_488": [4, 2], "car_417": [11, 2], "car_29": [4, 2], "car_28": [4, 1], "car_416": [8, 5], "car_583": [4, 3], "car_582": [0, 2], "car_208": [11, 5], "car_209": [5, 0], "car_435": [5, 3], "car_434": [10, 4], "car_437": [6, 4], "car_436": [5, 4], "car_431": [3, 7], "car_430": [6, 5], "car_433": [4, 0], "car_432": [11, 2], "car_398": [4, 5], "car_439": [9, 1], "car_438": [3, 2], "car_399": [1, 2], "car_389": [9, 3], "car_388": [10, 1], "car_387": [4, 6], "car_386": [6, 1], "car_385": [7, 0], "car_384": [2, 7], "car_383": [1, 6], "car_382": [0, 1], "car_381": [1, 5], "car_380": [8, 7], "car_141": [6, 3], "car_269": [6, 2], "car_143": [9, 5], "car_142": [5, 3], "car_145": [1, 4], "car_200": [2, 7], "car_147": [11, 1], "car_146": [6, 5], "car_149": [3, 2], "car_148": [9, 5], "car_262": [3, 1], "car_201": [6, 3], "car_264": [2, 5], "car_265": [2, 5], "car_266": [9, 1], "car_267": [11, 4], "car_480": [11, 2], "car_481": [10, 6], "car_390": [2, 3], "car_482": [2, 4], "car_391": [4, 6], "car_483": [8, 5], "car_484": [4, 2], "car_485": [6, 0], "car_501": [9, 0], "car_500": [11, 2], "car_503": [4, 0], "car_502": [11, 5], "car_505": [6, 3], "car_486": [9, 7], "car_507": [3, 1], "car_506": [6, 7], "car_509": [4, 6], "car_508": [8, 6], "car_487": [8, 7], "car_314": [4, 3], "car_315": [6, 5], "car_316": [3, 7], "car_317": [11, 5], "car_310": [2, 7], "car_311": [7, 5], "car_312": [9, 5], "car_313": [3, 0], "car_318": [1, 4], "car_319": [4, 2], "car_646": [0, 2], "car_647": [2, 1], "car_644": [5, 4], "car_645": [8, 4], "car_642": [7, 0], "car_643": [7, 1], "car_640": [9, 3], "car_641": [10, 1], "car_725": [5, 0], "car_724": [11, 6], "car_727": [1, 4], "car_726": [0, 6], "car_721": [11, 4], "car_720": [2, 6], "car_648": [4, 5], "car_649": [6, 1], "car_69": [6, 4], "car_68": [3, 1], "car_61": [7, 3], "car_60": [9, 7], "car_63": [5, 7], "car_62": [10, 3], "car_65": [7, 4], "car_64": [1, 3], "car_67": [2, 3], "car_66": [11, 0], "car_504": [10, 0], "car_348": [0, 2], "car_105": [9, 7], "car_104": [10, 1], "car_107": [11, 4], "car_106": [3, 4], "car_101": [4, 6], "car_100": [9, 7], "car_103": [1, 5], "car_102": [2, 6], "car_109": [1, 7], "car_108": [7, 5]}