{"car_3253": [5, 0], "car_2009": [3, 4], "car_3196": [3, 1], "car_3197": [8, 0], "car_3194": [5, 3], "car_3195": [6, 0], "car_3192": [7, 1], "car_3193": [10, 6], "car_3190": [1, 5], "car_3191": [4, 2], "car_3198": [4, 2], "car_3199": [2, 7], "car_2229": [8, 0], "car_2228": [3, 5], "car_468": [2, 4], "car_469": [5, 0], "car_466": [1, 3], "car_467": [7, 5], "car_464": [3, 1], "car_465": [8, 1], "car_462": [6, 5], "car_463": [0, 1], "car_460": [2, 4], "car_461": [5, 2], "car_2455": [11, 6], "car_3068": [8, 1], "car_3069": [11, 4], "car_2751": [11, 6], "car_3062": [1, 0], "car_3063": [4, 7], "car_3060": [3, 7], "car_3061": [8, 2], "car_3066": [0, 4], "car_3067": [3, 4], "car_3064": [6, 0], "car_3065": [9, 2], "car_3268": [3, 5], "car_817": [5, 4], "car_816": [7, 2], "car_3260": [8, 3], "car_3261": [1, 3], "car_3262": [5, 4], "car_3263": [9, 4], "car_3264": [0, 4], "car_815": [8, 6], "car_3266": [4, 1], "car_3267": [5, 0], "car_2750": [8, 1], "car_814": [0, 3], "car_813": [9, 5], "car_812": [5, 0], "car_2072": [9, 0], "car_811": [2, 3], "car_2073": [0, 1], "car_810": [1, 2], "car_3214": [3, 2], "car_679": [2, 3], "car_678": [10, 5], "car_677": [7, 2], "car_676": [8, 2], "car_675": [6, 1], "car_674": [5, 1], "car_673": [2, 4], "car_672": [7, 6], "car_671": [1, 5], "car_670": [11, 4], "car_2771": [8, 5], "car_3213": [0, 6], "car_2770": [9, 0], "car_3212": [9, 0], "car_2078": [5, 6], "car_2079": [6, 4], "car_3464": [7, 2], "car_2456": [10, 1], "car_2341": [7, 1], "car_2670": [11, 2], "car_3465": [5, 7], "car_2671": [7, 5], "car_2754": [2, 5], "car_2672": [9, 4], "car_2223": [7, 5], "car_789": [4, 6], "car_788": [1, 0], "car_3338": [4, 6], "car_2222": [3, 7], "car_783": [10, 2], "car_782": [7, 5], "car_781": [4, 6], "car_780": [1, 0], "car_787": [11, 3], "car_786": [0, 5], "car_785": [6, 3], "car_784": [5, 6], "car_3462": [11, 4], "car_2220": [6, 7], "car_0": [0, 7], "car_2227": [0, 4], "car_1179": [1, 7], "car_2375": [6, 3], "car_2226": [5, 1], "car_3339": [7, 4], "car_2225": [2, 1], "car_2224": [10, 3], "car_3463": [1, 5], "car_255": [0, 7], "car_254": [6, 0], "car_257": [1, 5], "car_256": [3, 0], "car_251": [3, 5], "car_250": [0, 3], "car_253": [7, 1], "car_252": [8, 6], "car_1961": [3, 1], "car_1960": [0, 1], "car_1963": [4, 1], "car_1962": [1, 2], "car_259": [10, 5], "car_258": [4, 0], "car_1967": [9, 1], "car_1966": [2, 3], "car_1170": [8, 2], "car_1171": [11, 0], "car_1565": [9, 2], "car_1564": [5, 6], "car_1567": [1, 4], "car_1566": [3, 5], "car_1561": [4, 2], "car_1560": [1, 5], "car_1563": [2, 1], "car_1562": [7, 5], "car_1569": [9, 1], "car_1568": [4, 1], "car_1413": [10, 5], "car_1363": [10, 2], "car_1362": [7, 2], "car_1361": [1, 2], "car_1360": [11, 4], "car_1367": [5, 6], "car_1366": [2, 5], "car_1365": [4, 6], "car_1364": [8, 4], "car_1369": [9, 1], "car_1368": [6, 7], "car_2758": [4, 5], "car_2376": [0, 4], "car_321": [7, 2], "car_320": [4, 2], "car_323": [0, 1], "car_322": [9, 1], "car_325": [11, 3], "car_324": [3, 6], "car_327": [7, 6], "car_326": [1, 3], "car_329": [3, 1], "car_328": [10, 1], "car_2722": [6, 7], "car_2723": [0, 3], "car_2720": [2, 4], "car_2721": [5, 0], "car_2726": [1, 5], "car_2727": [7, 2], "car_2724": [3, 1], "car_2725": [11, 0], "car_2728": [2, 4], "car_2729": [5, 7], "car_1107": [0, 5], "car_1106": [2, 7], "car_1105": [10, 2], "car_1104": [7, 0], "car_1103": [11, 3], "car_1102": [3, 4], "car_1101": [0, 6], "car_1100": [9, 0], "car_1109": [4, 7], "car_1108": [3, 4], "car_1297": [9, 0], "car_1296": [6, 0], "car_1295": [5, 6], "car_1294": [4, 0], "car_1293": [1, 5], "car_1292": [11, 2], "car_1291": [9, 1], "car_1290": [6, 7], "car_1299": [3, 1], "car_1298": [0, 2], "car_2928": [1, 3], "car_2929": [4, 3], "car_2924": [7, 5], "car_2925": [2, 1], "car_2926": [6, 3], "car_2927": [0, 1], "car_2920": [3, 6], "car_2921": [8, 2], "car_2922": [9, 0], "car_2923": [3, 4], "car_2586": [0, 7], "car_2587": [8, 7], "car_2584": [10, 7], "car_2585": [5, 4], "car_2582": [9, 3], "car_2583": [3, 6], "car_2580": [7, 4], "car_2581": [5, 2], "car_3527": [4, 5], "car_3526": [1, 3], "car_3525": [11, 0], "car_3524": [3, 1], "car_2858": [10, 1], "car_2859": [2, 6], "car_2588": [10, 1], "car_2589": [2, 5], "car_2036": [3, 2], "car_2037": [8, 5], "car_1039": [1, 2], "car_1038": [11, 3], "car_1749": [6, 4], "car_1748": [5, 0], "car_2030": [4, 3], "car_2031": [7, 6], "car_1033": [1, 6], "car_1032": [11, 3], "car_1031": [2, 3], "car_1030": [10, 2], "car_1037": [3, 5], "car_1036": [0, 6], "car_1035": [6, 2], "car_1034": [4, 1], "car_1589": [7, 2], "car_1588": [1, 6], "car_1583": [9, 6], "car_1582": [10, 4], "car_1581": [7, 2], "car_1580": [9, 3], "car_1587": [11, 3], "car_1586": [8, 5], "car_1585": [3, 6], "car_1584": [0, 5], "car_1852": [2, 3], "car_1906": [8, 6], "car_3295": [9, 1], "car_3294": [5, 0], "car_3297": [1, 2], "car_3296": [0, 5], "car_3291": [5, 3], "car_3290": [2, 1], "car_899": [10, 1], "car_898": [7, 5], "car_897": [4, 7], "car_896": [8, 2], "car_895": [3, 2], "car_894": [0, 3], "car_893": [9, 3], "car_892": [6, 2], "car_891": [5, 3], "car_890": [2, 6], "car_2458": [7, 4], "car_2459": [10, 6], "car_2108": [9, 2], "car_2109": [0, 6], "car_3457": [2, 5], "car_3456": [1, 4], "car_3455": [11, 3], "car_3454": [2, 5], "car_2102": [3, 0], "car_2103": [8, 7], "car_2100": [5, 6], "car_2101": [6, 1], "car_2106": [5, 7], "car_2107": [6, 7], "car_2104": [1, 5], "car_2105": [4, 2], "car_1631": [10, 2], "car_1630": [11, 3], "car_1633": [9, 2], "car_1632": [2, 5], "car_1635": [8, 7], "car_1634": [3, 0], "car_1637": [4, 5], "car_1636": [1, 7], "car_1639": [4, 6], "car_1638": [6, 2], "car_3418": [9, 0], "car_1751": [0, 1], "car_2803": [3, 0], "car_2802": [0, 1], "car_2801": [9, 1], "car_3189": [8, 1], "car_3188": [9, 0], "car_2800": [2, 1], "car_3269": [4, 3], "car_3181": [11, 0], "car_2807": [7, 5], "car_1756": [2, 5], "car_3182": [5, 2], "car_3185": [11, 5], "car_3184": [0, 3], "car_3187": [6, 7], "car_2806": [4, 5], "car_2805": [1, 2], "car_3306": [4, 7], "car_2816": [6, 2], "car_2804": [8, 2], "car_3380": [0, 1], "car_3104": [5, 3], "car_2414": [8, 7], "car_419": [10, 6], "car_418": [1, 0], "car_2218": [10, 4], "car_2219": [5, 3], "car_413": [10, 3], "car_412": [4, 3], "car_411": [11, 3], "car_410": [3, 7], "car_417": [8, 6], "car_416": [0, 6], "car_415": [9, 1], "car_414": [6, 4], "car_2417": [7, 0], "car_1679": [6, 5], "car_3546": [7, 2], "car_1678": [5, 6], "car_2412": [0, 5], "car_2947": [6, 0], "car_2413": [3, 6], "car_3265": [1, 0], "car_3079": [9, 0], "car_3078": [2, 0], "car_3075": [11, 6], "car_3074": [0, 6], "car_3077": [7, 2], "car_3076": [1, 2], "car_3071": [7, 4], "car_3070": [4, 6], "car_3073": [5, 1], "car_3072": [2, 3], "car_527": [1, 3], "car_526": [11, 5], "car_525": [3, 6], "car_524": [0, 2], "car_523": [2, 4], "car_522": [7, 6], "car_521": [5, 2], "car_520": [10, 7], "car_3273": [11, 0], "car_1671": [11, 1], "car_3271": [3, 0], "car_1889": [6, 1], "car_3277": [10, 2], "car_3276": [7, 3], "car_529": [5, 4], "car_528": [4, 2], "car_1884": [4, 2], "car_1885": [10, 3], "car_2368": [3, 7], "car_2786": [3, 1], "car_2787": [4, 5], "car_668": [9, 1], "car_669": [0, 1], "car_664": [10, 4], "car_665": [2, 3], "car_666": [5, 1], "car_667": [6, 2], "car_660": [6, 5], "car_661": [3, 1], "car_662": [4, 6], "car_663": [7, 3], "car_2759": [7, 3], "car_1854": [6, 3], "car_2788": [7, 3], "car_3308": [2, 6], "car_2789": [10, 5], "car_2940": [6, 2], "car_798": [11, 2], "car_799": [1, 0], "car_790": [7, 2], "car_791": [9, 0], "car_792": [3, 1], "car_793": [11, 1], "car_794": [10, 6], "car_795": [2, 4], "car_796": [5, 4], "car_797": [3, 2], "car_242": [10, 5], "car_243": [5, 2], "car_240": [1, 7], "car_241": [4, 1], "car_246": [11, 4], "car_247": [7, 0], "car_244": [0, 3], "car_245": [3, 7], "car_1914": [10, 1], "car_1915": [6, 4], "car_248": [5, 1], "car_249": [9, 0], "car_1910": [6, 0], "car_1911": [3, 4], "car_1912": [1, 6], "car_1913": [4, 6], "car_1356": [9, 6], "car_1357": [0, 5], "car_1354": [5, 7], "car_1355": [6, 7], "car_1352": [8, 6], "car_1353": [11, 7], "car_1350": [6, 5], "car_1351": [3, 1], "car_1358": [3, 5], "car_1359": [8, 0], "car_1831": [9, 5], "car_1820": [6, 0], "car_1821": [9, 4], "car_1822": [1, 2], "car_1823": [4, 7], "car_1824": [7, 0], "car_1825": [10, 2], "car_338": [10, 1], "car_339": [2, 4], "car_336": [1, 5], "car_337": [7, 5], "car_334": [0, 3], "car_335": [8, 5], "car_332": [2, 3], "car_333": [9, 0], "car_330": [8, 4], "car_331": [1, 7], "car_2735": [10, 7], "car_2734": [7, 2], "car_1138": [7, 6], "car_1139": [2, 0], "car_2731": [3, 7], "car_2730": [9, 4], "car_2733": [11, 4], "car_2732": [8, 0], "car_1132": [7, 3], "car_1133": [2, 4], "car_1130": [3, 0], "car_1131": [11, 2], "car_1136": [3, 2], "car_1137": [11, 5], "car_1134": [5, 4], "car_1135": [6, 5], "car_1839": [2, 4], "car_2393": [10, 5], "car_1838": [10, 1], "car_2392": [7, 0], "car_3301": [9, 6], "car_3300": [6, 2], "car_2939": [5, 0], "car_2938": [10, 5], "car_2937": [1, 6], "car_2936": [3, 5], "car_2935": [10, 1], "car_2934": [1, 4], "car_2933": [11, 5], "car_2932": [8, 4], "car_2931": [3, 5], "car_2930": [5, 2], "car_2029": [11, 7], "car_2028": [8, 5], "car_2845": [4, 1], "car_2844": [1, 3], "car_2843": [3, 1], "car_2842": [5, 1], "car_2841": [2, 1], "car_2840": [10, 5], "car_2021": [1, 2], "car_2020": [11, 1], "car_2023": [2, 6], "car_2022": [10, 7], "car_2025": [6, 2], "car_2024": [5, 7], "car_2027": [0, 2], "car_2026": [9, 2], "car_2948": [3, 5], "car_2520": [7, 2], "car_1008": [10, 4], "car_1009": [2, 4], "car_1006": [11, 0], "car_1007": [1, 2], "car_1004": [6, 4], "car_1005": [9, 7], "car_1002": [2, 3], "car_1003": [5, 4], "car_1000": [7, 6], "car_1001": [10, 4], "car_3459": [0, 4], "car_2398": [11, 1], "car_2629": [11, 6], "car_2524": [8, 4], "car_2628": [8, 3], "car_3310": [6, 5], "car_2525": [11, 2], "car_2995": [0, 7], "car_2674": [11, 3], "car_1924": [8, 1], "car_2994": [9, 2], "car_2527": [7, 1], "car_2997": [10, 0], "car_36": [2, 0], "car_37": [6, 3], "car_34": [8, 1], "car_35": [10, 1], "car_888": [7, 6], "car_889": [10, 6], "car_30": [7, 3], "car_31": [10, 6], "car_884": [2, 0], "car_885": [0, 6], "car_886": [1, 2], "car_887": [4, 5], "car_880": [9, 5], "car_881": [3, 7], "car_882": [8, 0], "car_883": [10, 6], "car_3466": [0, 4], "car_3467": [8, 1], "car_2449": [0, 5], "car_2448": [5, 0], "car_2119": [2, 6], "car_2118": [7, 2], "car_3460": [3, 1], "car_3461": [8, 1], "car_2115": [9, 7], "car_2114": [6, 5], "car_2117": [4, 5], "car_2116": [11, 4], "car_2111": [11, 6], "car_2110": [3, 0], "car_2113": [7, 3], "car_2112": [4, 6], "car_1644": [8, 1], "car_1645": [11, 4], "car_1646": [4, 6], "car_1647": [7, 4], "car_1640": [7, 6], "car_1641": [10, 0], "car_1642": [0, 4], "car_1643": [3, 0], "car_3312": [3, 6], "car_1648": [10, 2], "car_1649": [5, 6], "car_2599": [11, 3], "car_2159": [3, 0], "car_2158": [5, 6], "car_2591": [6, 0], "car_2590": [5, 6], "car_2593": [0, 5], "car_2592": [9, 2], "car_2595": [11, 5], "car_2594": [3, 0], "car_2597": [7, 4], "car_2596": [4, 6], "car_3560": [0, 7], "car_3313": [7, 3], "car_2677": [5, 0], "car_2608": [4, 1], "car_408": [6, 2], "car_409": [9, 3], "car_2203": [1, 3], "car_2202": [11, 7], "car_2205": [7, 1], "car_2204": [4, 5], "car_2207": [2, 6], "car_2206": [10, 5], "car_400": [1, 2], "car_401": [4, 7], "car_402": [2, 0], "car_403": [5, 7], "car_404": [9, 3], "car_405": [0, 3], "car_406": [4, 5], "car_407": [10, 2], "car_1769": [8, 0], "car_3080": [3, 4], "car_3081": [8, 2], "car_3082": [11, 6], "car_3083": [1, 2], "car_3084": [2, 4], "car_3085": [5, 4], "car_3086": [3, 5], "car_3087": [8, 7], "car_3088": [11, 2], "car_3089": [4, 5], "car_2973": [10, 3], "car_534": [11, 2], "car_535": [4, 0], "car_536": [7, 1], "car_537": [2, 1], "car_530": [9, 3], "car_531": [0, 3], "car_532": [3, 4], "car_533": [8, 3], "car_3246": [5, 4], "car_3247": [9, 4], "car_3244": [11, 5], "car_3245": [2, 1], "car_538": [0, 2], "car_539": [11, 5], "car_3240": [6, 5], "car_3241": [9, 0], "car_2972": [7, 5], "car_3317": [2, 4], "car_2310": [0, 6], "car_659": [2, 7], "car_658": [1, 2], "car_651": [4, 2], "car_650": [11, 0], "car_653": [2, 6], "car_652": [7, 3], "car_655": [0, 5], "car_654": [6, 0], "car_657": [11, 0], "car_656": [8, 2], "car_2970": [11, 2], "car_2907": [3, 6], "car_2977": [7, 0], "car_2909": [11, 5], "car_2976": [4, 2], "car_2434": [11, 6], "car_1929": [6, 4], "car_2195": [4, 6], "car_2194": [1, 7], "car_1764": [4, 6], "car_2197": [10, 5], "car_2196": [7, 6], "car_2191": [7, 6], "car_1928": [10, 2], "car_2190": [4, 0], "car_2193": [9, 7], "car_1909": [10, 2], "car_1908": [7, 2], "car_1907": [1, 5], "car_1763": [1, 5], "car_1905": [3, 0], "car_1904": [0, 3], "car_1903": [6, 0], "car_1902": [10, 0], "car_1901": [1, 5], "car_1900": [8, 2], "car_1349": [5, 3], "car_1348": [1, 0], "car_1762": [8, 3], "car_1341": [0, 2], "car_1340": [6, 7], "car_1343": [4, 5], "car_1342": [1, 2], "car_1345": [2, 4], "car_1344": [10, 3], "car_1347": [3, 1], "car_1346": [6, 3], "car_3234": [9, 7], "car_3219": [7, 3], "car_2753": [7, 0], "car_3231": [4, 1], "car_2752": [3, 2], "car_3230": [1, 5], "car_2698": [11, 0], "car_1833": [11, 5], "car_1832": [8, 7], "car_349": [3, 1], "car_348": [9, 6], "car_1837": [7, 1], "car_1836": [11, 6], "car_1835": [3, 1], "car_1834": [2, 5], "car_343": [0, 5], "car_342": [9, 0], "car_341": [6, 1], "car_340": [5, 4], "car_347": [2, 5], "car_346": [10, 1], "car_345": [7, 2], "car_344": [4, 7], "car_2325": [8, 5], "car_1129": [0, 2], "car_1128": [9, 4], "car_2979": [5, 3], "car_1125": [7, 0], "car_1124": [4, 5], "car_1127": [5, 2], "car_1126": [10, 2], "car_1121": [3, 5], "car_1120": [9, 5], "car_1123": [9, 5], "car_1122": [5, 6], "car_1402": [9, 4], "car_2320": [4, 5], "car_1403": [0, 6], "car_2321": [5, 4], "car_1400": [5, 7], "car_1401": [6, 0], "car_2978": [10, 2], "car_1406": [5, 2], "car_1407": [9, 4], "car_2902": [1, 5], "car_2903": [4, 1], "car_2900": [3, 6], "car_2901": [8, 3], "car_2906": [9, 6], "car_1404": [1, 4], "car_2904": [10, 1], "car_2905": [2, 7], "car_2908": [8, 1], "car_1405": [7, 2], "car_3505": [9, 3], "car_3504": [2, 4], "car_3507": [8, 5], "car_3506": [0, 1], "car_2058": [7, 3], "car_2059": [9, 2], "car_3503": [10, 5], "car_3502": [7, 1], "car_2054": [9, 7], "car_2055": [0, 3], "car_2056": [8, 4], "car_2057": [4, 3], "car_2050": [11, 0], "car_2051": [1, 2], "car_2052": [5, 4], "car_2053": [6, 3], "car_1011": [6, 5], "car_1010": [5, 6], "car_1013": [3, 7], "car_1012": [9, 4], "car_1015": [10, 0], "car_1014": [7, 2], "car_1017": [5, 6], "car_1016": [2, 4], "car_1019": [3, 7], "car_1018": [9, 6], "car_2690": [8, 2], "car_2691": [1, 0], "car_2696": [9, 6], "car_2697": [0, 5], "car_2694": [10, 1], "car_2695": [2, 3], "car_2790": [2, 7], "car_25": [2, 5], "car_24": [10, 1], "car_27": [9, 5], "car_26": [6, 4], "car_21": [8, 2], "car_20": [3, 7], "car_23": [7, 0], "car_22": [4, 3], "car_3471": [6, 0], "car_3470": [5, 4], "car_3473": [11, 2], "car_3472": [3, 4], "car_29": [1, 7], "car_28": [0, 5], "car_3477": [9, 2], "car_3476": [5, 3], "car_2478": [6, 1], "car_2479": [0, 1], "car_2476": [11, 6], "car_2477": [1, 4], "car_2474": [0, 2], "car_2475": [8, 6], "car_2472": [2, 4], "car_2473": [9, 0], "car_2470": [11, 7], "car_2471": [7, 6], "car_1657": [8, 0], "car_1656": [3, 6], "car_1655": [4, 7], "car_1654": [1, 7], "car_1653": [11, 6], "car_1652": [8, 1], "car_1651": [3, 6], "car_1650": [0, 5], "car_1659": [4, 2], "car_1658": [1, 7], "car_2878": [0, 6], "car_2879": [3, 0], "car_2872": [6, 1], "car_2873": [11, 1], "car_2870": [10, 4], "car_2871": [5, 2], "car_2876": [2, 1], "car_2877": [5, 3], "car_2874": [1, 4], "car_2875": [4, 1], "car_2688": [6, 7], "car_1969": [3, 4], "car_2315": [10, 5], "car_1843": [1, 7], "car_3211": [6, 0], "car_435": [3, 2], "car_434": [0, 1], "car_437": [4, 5], "car_436": [1, 6], "car_431": [5, 7], "car_430": [4, 2], "car_433": [9, 7], "car_432": [6, 2], "car_1846": [5, 7], "car_439": [10, 4], "car_438": [7, 4], "car_1847": [6, 2], "car_2274": [4, 1], "car_2275": [10, 0], "car_2276": [6, 1], "car_2277": [9, 4], "car_2270": [5, 7], "car_2271": [0, 3], "car_2272": [3, 4], "car_2273": [8, 5], "car_1845": [10, 4], "car_2278": [3, 4], "car_2279": [8, 4], "car_3573": [1, 2], "car_1848": [9, 5], "car_2289": [6, 0], "car_1968": [0, 5], "car_1849": [8, 5], "car_2288": [5, 4], "car_1965": [10, 2], "car_3370": [5, 4], "car_1964": [7, 4], "car_3093": [3, 1], "car_3092": [0, 3], "car_3091": [9, 6], "car_3090": [6, 1], "car_3097": [6, 3], "car_3096": [2, 4], "car_3095": [4, 6], "car_3094": [8, 1], "car_3420": [11, 1], "car_3376": [9, 1], "car_3099": [11, 7], "car_3098": [0, 1], "car_3311": [0, 4], "car_501": [3, 6], "car_500": [6, 1], "car_503": [1, 5], "car_502": [8, 0], "car_505": [2, 7], "car_504": [7, 3], "car_507": [6, 0], "car_506": [5, 0], "car_509": [0, 3], "car_508": [9, 3], "car_2302": [6, 1], "car_2303": [0, 2], "car_2304": [3, 7], "car_2305": [8, 3], "car_2306": [11, 6], "car_2307": [2, 1], "car_2281": [1, 3], "car_1745": [7, 4], "car_2280": [11, 7], "car_3378": [5, 0], "car_3379": [9, 2], "car_2960": [1, 0], "car_3475": [10, 7], "car_3474": [7, 3], "car_646": [10, 5], "car_647": [5, 7], "car_644": [11, 0], "car_645": [7, 6], "car_642": [6, 1], "car_643": [0, 6], "car_640": [10, 0], "car_641": [5, 0], "car_2314": [7, 4], "car_648": [6, 0], "car_649": [3, 4], "car_3570": [5, 6], "car_2961": [4, 5], "car_2576": [5, 3], "car_3577": [6, 2], "car_3572": [11, 6], "car_2526": [4, 5], "car_1830": [7, 1], "car_3574": [4, 7], "car_2673": [0, 2], "car_3575": [10, 3], "car_2962": [7, 5], "car_3576": [5, 4], "car_2570": [3, 6], "car_2681": [10, 0], "car_2999": [9, 5], "car_2420": [0, 2], "car_2963": [10, 7], "car_2680": [8, 3], "car_2854": [0, 3], "car_2964": [0, 3], "car_2683": [9, 3], "car_1932": [3, 4], "car_1933": [4, 3], "car_1930": [9, 7], "car_1931": [0, 2], "car_1936": [8, 7], "car_1937": [11, 3], "car_1934": [0, 7], "car_1935": [3, 4], "car_1938": [1, 2], "car_1939": [7, 6], "car_2682": [2, 1], "car_1717": [11, 3], "car_1338": [3, 4], "car_1339": [2, 6], "car_1334": [4, 2], "car_1335": [10, 1], "car_1336": [5, 2], "car_1337": [9, 2], "car_1330": [2, 4], "car_1331": [5, 3], "car_1332": [6, 5], "car_1333": [9, 5], "car_1711": [4, 2], "car_2998": [5, 1], "car_358": [10, 4], "car_359": [6, 2], "car_1804": [11, 5], "car_1805": [4, 0], "car_1802": [3, 5], "car_1803": [8, 2], "car_1800": [5, 3], "car_1801": [9, 4], "car_350": [1, 5], "car_351": [7, 0], "car_352": [10, 6], "car_353": [9, 5], "car_354": [0, 3], "car_355": [3, 6], "car_356": [11, 2], "car_357": [7, 4], "car_1482": [10, 3], "car_1483": [2, 6], "car_1480": [8, 3], "car_1481": [1, 7], "car_1486": [0, 1], "car_1487": [8, 6], "car_1484": [5, 6], "car_1485": [9, 0], "car_1488": [4, 3], "car_1489": [10, 2], "car_1240": [1, 0], "car_1241": [2, 0], "car_1242": [5, 0], "car_1243": [6, 0], "car_1244": [0, 6], "car_1245": [3, 6], "car_1246": [11, 7], "car_1247": [4, 2], "car_1248": [2, 0], "car_1249": [5, 7], "car_1747": [2, 0], "car_2374": [5, 1], "car_1879": [10, 4], "car_2917": [2, 6], "car_2916": [10, 6], "car_2911": [0, 7], "car_2910": [1, 0], "car_2913": [1, 0], "car_2912": [3, 1], "car_2919": [0, 1], "car_2918": [9, 2], "car_2049": [3, 0], "car_2048": [9, 0], "car_2047": [5, 1], "car_2046": [10, 6], "car_2045": [4, 3], "car_2044": [1, 4], "car_2043": [11, 6], "car_2042": [9, 7], "car_2041": [6, 0], "car_2040": [2, 3], "car_1064": [11, 7], "car_1065": [1, 7], "car_1066": [4, 0], "car_1067": [7, 5], "car_1060": [7, 6], "car_1061": [9, 4], "car_1062": [0, 6], "car_1063": [3, 0], "car_2685": [11, 2], "car_2684": [3, 1], "car_2687": [2, 3], "car_2686": [1, 6], "car_1068": [2, 1], "car_1069": [6, 2], "car_1798": [7, 2], "car_1799": [2, 1], "car_10": [7, 3], "car_11": [2, 7], "car_12": [9, 4], "car_13": [0, 6], "car_14": [8, 4], "car_15": [11, 0], "car_16": [1, 7], "car_17": [4, 7], "car_18": [5, 7], "car_19": [6, 5], "car_3406": [10, 0], "car_3407": [6, 5], "car_3400": [6, 7], "car_3401": [0, 7], "car_3402": [3, 5], "car_3403": [11, 0], "car_2461": [0, 6], "car_2460": [5, 2], "car_1668": [5, 1], "car_1669": [0, 7], "car_2465": [2, 4], "car_2464": [10, 2], "car_2467": [6, 5], "car_2466": [5, 2], "car_1662": [2, 4], "car_1663": [6, 0], "car_1660": [7, 5], "car_1661": [10, 3], "car_1666": [10, 1], "car_1667": [2, 4], "car_1664": [4, 3], "car_1665": [7, 4], "car_1468": [8, 1], "car_1469": [11, 5], "car_1460": [5, 6], "car_1461": [6, 7], "car_1462": [9, 0], "car_1463": [0, 2], "car_1464": [1, 5], "car_1465": [7, 4], "car_1466": [10, 2], "car_1467": [3, 6], "car_2699": [4, 0], "car_2869": [7, 0], "car_2868": [8, 2], "car_2865": [2, 0], "car_2864": [10, 3], "car_2867": [0, 6], "car_2866": [6, 0], "car_2861": [6, 2], "car_2860": [5, 2], "car_2863": [4, 7], "car_2862": [1, 0], "car_2648": [8, 1], "car_422": [10, 5], "car_423": [2, 6], "car_420": [3, 7], "car_421": [1, 0], "car_426": [4, 2], "car_427": [2, 6], "car_424": [6, 3], "car_425": [3, 4], "car_3318": [5, 7], "car_3319": [9, 5], "car_428": [8, 5], "car_429": [11, 3], "car_2377": [11, 0], "car_2267": [1, 3], "car_2266": [3, 4], "car_2265": [9, 0], "car_2264": [6, 5], "car_2263": [5, 7], "car_2262": [4, 3], "car_2261": [8, 2], "car_2260": [3, 2], "car_2371": [7, 2], "car_2269": [10, 6], "car_2268": [7, 2], "car_2373": [2, 0], "car_2372": [10, 2], "car_2008": [0, 3], "car_2370": [4, 1], "car_3486": [6, 3], "car_3487": [3, 6], "car_3224": [8, 0], "car_3225": [1, 3], "car_2319": [1, 7], "car_2318": [3, 4], "car_3220": [10, 4], "car_3221": [5, 7], "car_518": [1, 7], "car_519": [4, 7], "car_516": [8, 0], "car_517": [11, 7], "car_514": [2, 3], "car_515": [6, 7], "car_512": [1, 2], "car_513": [10, 7], "car_510": [8, 2], "car_511": [11, 6], "car_1870": [11, 5], "car_3589": [0, 3], "car_2692": [4, 0], "car_3488": [1, 3], "car_2444": [1, 3], "car_3469": [2, 6], "car_3489": [4, 6], "car_633": [9, 3], "car_632": [6, 1], "car_631": [2, 5], "car_630": [10, 2], "car_637": [10, 0], "car_636": [4, 6], "car_635": [8, 1], "car_634": [0, 5], "car_2675": [4, 5], "car_639": [4, 0], "car_638": [3, 5], "car_3588": [6, 3], "car_3138": [10, 6], "car_3139": [0, 7], "car_2693": [7, 6], "car_3130": [1, 2], "car_3131": [7, 6], "car_3132": [10, 3], "car_3133": [2, 1], "car_3134": [6, 7], "car_3135": [9, 2], "car_3136": [0, 3], "car_3137": [1, 3], "car_189": [1, 3], "car_188": [11, 1], "car_185": [5, 3], "car_184": [2, 4], "car_187": [3, 5], "car_186": [9, 2], "car_181": [11, 0], "car_180": [0, 2], "car_183": [7, 2], "car_182": [4, 2], "car_749": [10, 4], "car_748": [4, 5], "car_747": [3, 0], "car_746": [0, 5], "car_745": [9, 1], "car_744": [5, 6], "car_743": [2, 4], "car_742": [7, 0], "car_741": [0, 2], "car_740": [9, 7], "car_2131": [3, 2], "car_3316": [10, 0], "car_2618": [8, 4], "car_3584": [9, 2], "car_299": [6, 5], "car_298": [5, 4], "car_1927": [7, 6], "car_1926": [4, 5], "car_1921": [9, 4], "car_1920": [2, 1], "car_1923": [3, 1], "car_1922": [0, 7], "car_291": [3, 1], "car_290": [9, 7], "car_293": [1, 7], "car_292": [8, 0], "car_295": [7, 5], "car_294": [4, 3], "car_297": [2, 7], "car_296": [10, 5], "car_1329": [10, 1], "car_1328": [7, 0], "car_1327": [4, 6], "car_1326": [1, 3], "car_1325": [3, 1], "car_1324": [0, 6], "car_1323": [9, 6], "car_1322": [6, 1], "car_1321": [5, 2], "car_1320": [2, 1], "car_365": [10, 7], "car_364": [7, 3], "car_367": [0, 7], "car_366": [2, 4], "car_361": [3, 1], "car_360": [0, 5], "car_363": [4, 6], "car_362": [8, 2], "car_1811": [8, 4], "car_1810": [3, 2], "car_1813": [4, 6], "car_1812": [11, 3], "car_369": [11, 3], "car_368": [8, 1], "car_1817": [9, 7], "car_1816": [5, 0], "car_167": [9, 4], "car_166": [2, 1], "car_165": [10, 6], "car_164": [11, 0], "car_163": [8, 6], "car_162": [3, 2], "car_161": [0, 3], "car_160": [9, 0], "car_169": [3, 7], "car_168": [0, 1], "car_1495": [10, 4], "car_1494": [7, 5], "car_1497": [6, 0], "car_1496": [2, 1], "car_1491": [8, 0], "car_1490": [5, 6], "car_1493": [1, 4], "car_1492": [11, 2], "car_1499": [0, 5], "car_1498": [9, 6], "car_3580": [8, 0], "car_1253": [5, 3], "car_1252": [4, 7], "car_1251": [1, 2], "car_1250": [11, 2], "car_1257": [5, 7], "car_1256": [8, 0], "car_1255": [0, 7], "car_1254": [6, 4], "car_2850": [8, 1], "car_1259": [0, 2], "car_1258": [9, 1], "car_2851": [11, 7], "car_1868": [5, 3], "car_2852": [1, 6], "car_2853": [4, 3], "car_3583": [10, 1], "car_3248": [0, 5], "car_1789": [11, 4], "car_1788": [0, 2], "car_2070": [5, 6], "car_2071": [6, 0], "car_2076": [1, 5], "car_2077": [7, 1], "car_2074": [8, 0], "car_2075": [11, 1], "car_1781": [0, 5], "car_1780": [6, 4], "car_1783": [8, 4], "car_1782": [3, 6], "car_1785": [4, 5], "car_1784": [1, 7], "car_1787": [2, 7], "car_1786": [7, 3], "car_1077": [0, 4], "car_1076": [9, 0], "car_1075": [8, 4], "car_1074": [3, 7], "car_1073": [9, 2], "car_1072": [5, 4], "car_1071": [4, 2], "car_1070": [0, 1], "car_2678": [9, 6], "car_2679": [3, 1], "car_3520": [2, 4], "car_1079": [11, 4], "car_1078": [8, 7], "car_3257": [10, 3], "car_2139": [1, 4], "car_3256": [7, 3], "car_2034": [6, 5], "car_2300": [7, 6], "car_2035": [9, 1], "car_2301": [2, 3], "car_2032": [2, 6], "car_2033": [5, 2], "car_2996": [4, 2], "car_3419": [0, 1], "car_2138": [11, 4], "car_3417": [5, 2], "car_3416": [2, 6], "car_3415": [10, 3], "car_3414": [7, 1], "car_3413": [1, 7], "car_3412": [3, 6], "car_3411": [6, 7], "car_3410": [10, 2], "car_985": [0, 3], "car_984": [6, 1], "car_987": [4, 7], "car_986": [11, 1], "car_981": [6, 3], "car_980": [5, 0], "car_983": [5, 4], "car_982": [4, 7], "car_1675": [8, 7], "car_1674": [0, 7], "car_1677": [2, 0], "car_1676": [4, 3], "car_989": [2, 3], "car_988": [7, 6], "car_1673": [6, 1], "car_1672": [10, 3], "car_2784": [9, 1], "car_2785": [0, 4], "car_1479": [6, 2], "car_1478": [5, 3], "car_2780": [4, 6], "car_2781": [10, 3], "car_2782": [5, 2], "car_2783": [6, 7], "car_1473": [0, 1], "car_1472": [6, 7], "car_1471": [2, 3], "car_1470": [4, 1], "car_1477": [2, 6], "car_1476": [10, 4], "car_1475": [8, 4], "car_1474": [3, 5], "car_2890": [2, 3], "car_2891": [6, 3], "car_2892": [3, 5], "car_2893": [8, 7], "car_2894": [1, 0], "car_1743": [11, 5], "car_2896": [6, 7], "car_2897": [5, 0], "car_2898": [9, 2], "car_2899": [0, 1], "car_1742": [8, 3], "car_2990": [1, 7], "car_2528": [10, 4], "car_2529": [9, 6], "car_2258": [10, 1], "car_2259": [5, 2], "car_3307": [7, 2], "car_2689": [0, 2], "car_3305": [1, 5], "car_3304": [11, 5], "car_2252": [6, 3], "car_2253": [0, 6], "car_2250": [10, 3], "car_2251": [2, 6], "car_2256": [11, 5], "car_2257": [1, 5], "car_2254": [3, 1], "car_2255": [8, 4], "car_2098": [4, 2], "car_2099": [10, 5], "car_2090": [3, 4], "car_2091": [8, 1], "car_2092": [11, 6], "car_2093": [4, 5], "car_2094": [7, 3], "car_2095": [2, 7], "car_2096": [0, 5], "car_2097": [3, 5], "car_2992": [2, 5], "car_3237": [1, 3], "car_3236": [11, 0], "car_569": [6, 2], "car_568": [2, 3], "car_3233": [6, 5], "car_3232": [2, 1], "car_2328": [4, 3], "car_2329": [7, 1], "car_563": [1, 5], "car_562": [5, 2], "car_561": [10, 5], "car_560": [11, 6], "car_567": [10, 6], "car_566": [4, 6], "car_565": [8, 0], "car_564": [7, 6], "car_3598": [3, 5], "car_2331": [9, 4], "car_620": [11, 7], "car_621": [0, 7], "car_622": [8, 6], "car_623": [11, 2], "car_624": [4, 7], "car_625": [7, 5], "car_626": [6, 4], "car_627": [0, 5], "car_628": [3, 7], "car_629": [8, 4], "car_1869": [8, 3], "car_3129": [3, 6], "car_3128": [0, 5], "car_3123": [1, 5], "car_3122": [3, 1], "car_3121": [0, 6], "car_3120": [2, 3], "car_3127": [9, 2], "car_3126": [6, 1], "car_3125": [5, 3], "car_3124": [7, 5], "car_1866": [10, 3], "car_1867": [2, 0], "car_3388": [11, 1], "car_198": [2, 3], "car_199": [5, 6], "car_2831": [4, 0], "car_192": [6, 0], "car_193": [9, 5], "car_190": [7, 6], "car_191": [5, 0], "car_196": [4, 1], "car_197": [10, 3], "car_194": [11, 5], "car_195": [1, 0], "car_758": [0, 7], "car_759": [3, 0], "car_754": [8, 0], "car_755": [11, 5], "car_756": [1, 7], "car_757": [7, 6], "car_750": [2, 0], "car_751": [9, 5], "car_752": [0, 4], "car_753": [3, 6], "car_1940": [5, 2], "car_3355": [6, 2], "car_2991": [4, 1], "car_3299": [10, 6], "car_3298": [4, 7], "car_286": [8, 0], "car_287": [11, 4], "car_284": [0, 1], "car_285": [3, 1], "car_282": [2, 6], "car_283": [6, 3], "car_280": [11, 6], "car_281": [1, 5], "car_3353": [4, 0], "car_1949": [3, 0], "car_288": [1, 7], "car_289": [5, 4], "car_3453": [10, 0], "car_1948": [0, 6], "car_2791": [6, 1], "car_3592": [1, 0], "car_3452": [7, 6], "car_3451": [9, 1], "car_3450": [2, 0], "car_1312": [2, 7], "car_1313": [9, 7], "car_1310": [4, 6], "car_1311": [7, 1], "car_1316": [4, 6], "car_1317": [1, 0], "car_1314": [0, 7], "car_1315": [11, 3], "car_1318": [7, 0], "car_1319": [10, 6], "car_2450": [3, 5], "car_2451": [11, 2], "car_2452": [1, 6], "car_372": [10, 0], "car_373": [5, 4], "car_370": [1, 4], "car_371": [7, 0], "car_376": [8, 3], "car_377": [11, 1], "car_374": [6, 2], "car_375": [0, 2], "car_1864": [4, 5], "car_1865": [7, 1], "car_378": [7, 0], "car_379": [10, 7], "car_1860": [5, 4], "car_1861": [9, 7], "car_1862": [3, 6], "car_1863": [8, 1], "car_174": [0, 6], "car_175": [3, 0], "car_176": [8, 1], "car_177": [4, 0], "car_170": [11, 1], "car_171": [4, 5], "car_172": [10, 3], "car_173": [2, 3], "car_2457": [5, 4], "car_178": [7, 6], "car_179": [5, 4], "car_2338": [3, 1], "car_1266": [8, 0], "car_1267": [11, 4], "car_1264": [0, 1], "car_1265": [3, 7], "car_1262": [2, 4], "car_1263": [9, 1], "car_1260": [8, 0], "car_1261": [7, 2], "car_2949": [8, 6], "car_1268": [1, 3], "car_1269": [4, 1], "car_3581": [11, 7], "car_3371": [6, 3], "car_2406": [3, 4], "car_2065": [3, 6], "car_2064": [5, 0], "car_1048": [1, 4], "car_1049": [4, 6], "car_2061": [8, 0], "car_2060": [0, 6], "car_2063": [10, 6], "car_2062": [7, 3], "car_1042": [10, 4], "car_1043": [2, 4], "car_1040": [4, 5], "car_1041": [7, 4], "car_1046": [9, 4], "car_1047": [3, 5], "car_1044": [1, 7], "car_1045": [5, 0], "car_2663": [11, 5], "car_2662": [0, 5], "car_2661": [6, 0], "car_2660": [2, 1], "car_2667": [0, 7], "car_2666": [5, 2], "car_2665": [10, 3], "car_2664": [7, 0], "car_2669": [8, 5], "car_2668": [3, 6], "car_3528": [10, 2], "car_2404": [9, 1], "car_3582": [4, 7], "car_3422": [2, 5], "car_3423": [5, 4], "car_78": [4, 0], "car_79": [7, 4], "car_3426": [8, 1], "car_3427": [11, 0], "car_3424": [6, 2], "car_3425": [3, 7], "car_72": [4, 1], "car_73": [7, 6], "car_70": [11, 5], "car_71": [1, 0], "car_76": [8, 6], "car_77": [11, 7], "car_74": [6, 2], "car_75": [9, 2], "car_992": [11, 5], "car_993": [1, 3], "car_990": [9, 2], "car_991": [3, 4], "car_996": [9, 5], "car_997": [0, 5], "car_994": [10, 1], "car_995": [2, 0], "car_1688": [3, 5], "car_1689": [8, 2], "car_998": [11, 7], "car_999": [1, 4], "car_2409": [2, 1], "car_2408": [7, 4], "car_2797": [4, 2], "car_2796": [11, 6], "car_2795": [8, 1], "car_2794": [3, 1], "car_2793": [0, 5], "car_2792": [9, 0], "car_1448": [3, 1], "car_1449": [8, 5], "car_1446": [9, 1], "car_1447": [0, 2], "car_1444": [4, 6], "car_1445": [2, 1], "car_1442": [0, 1], "car_1443": [1, 5], "car_1440": [5, 1], "car_1441": [6, 4], "car_2883": [2, 5], "car_2882": [1, 6], "car_2881": [11, 6], "car_2798": [7, 4], "car_2887": [8, 0], "car_2886": [9, 4], "car_2885": [6, 4], "car_2884": [5, 6], "car_2889": [10, 4], "car_2888": [11, 0], "car_2401": [10, 2], "car_2986": [6, 0], "car_3336": [5, 3], "car_3337": [3, 0], "car_2539": [11, 5], "car_2538": [8, 0], "car_2249": [4, 3], "car_2248": [1, 4], "car_3330": [9, 3], "car_3331": [8, 2], "car_2245": [0, 1], "car_2244": [6, 3], "car_2247": [11, 2], "car_2246": [3, 5], "car_2241": [7, 5], "car_2240": [1, 5], "car_2243": [2, 6], "car_2242": [10, 1], "car_2089": [0, 1], "car_2088": [9, 4], "car_2083": [4, 2], "car_2082": [1, 4], "car_2081": [11, 7], "car_2080": [3, 1], "car_2087": [5, 7], "car_2086": [2, 4], "car_2085": [10, 1], "car_2084": [7, 0], "car_3180": [3, 7], "car_3183": [9, 5], "car_3239": [5, 1], "car_2984": [4, 6], "car_3208": [9, 3], "car_3209": [3, 2], "car_3202": [8, 2], "car_3203": [1, 7], "car_3200": [9, 2], "car_3186": [10, 2], "car_3206": [10, 2], "car_3207": [6, 4], "car_3204": [4, 0], "car_3205": [7, 4], "car_578": [7, 5], "car_579": [10, 4], "car_2333": [1, 6], "car_2332": [0, 7], "car_2335": [2, 1], "car_2334": [10, 4], "car_2337": [9, 1], "car_553": [8, 4], "car_570": [8, 2], "car_571": [11, 1], "car_572": [4, 1], "car_573": [5, 3], "car_574": [9, 0], "car_806": [2, 1], "car_576": [8, 6], "car_577": [11, 0], "car_807": [9, 0], "car_800": [4, 1], "car_801": [2, 4], "car_802": [5, 7], "car_2192": [2, 3], "car_803": [0, 7], "car_2067": [1, 3], "car_2066": [11, 0], "car_619": [0, 1], "car_618": [9, 5], "car_3377": [3, 2], "car_615": [2, 4], "car_614": [10, 4], "car_617": [6, 7], "car_616": [5, 6], "car_611": [3, 6], "car_610": [9, 6], "car_613": [4, 1], "car_612": [11, 2], "car_2151": [5, 3], "car_3118": [8, 2], "car_3119": [11, 2], "car_3116": [0, 1], "car_3117": [3, 0], "car_3114": [5, 2], "car_3115": [9, 3], "car_3112": [10, 0], "car_3113": [2, 3], "car_3110": [4, 1], "car_3111": [7, 6], "car_2704": [0, 1], "car_2705": [3, 7], "car_2706": [1, 5], "car_2150": [10, 2], "car_2707": [7, 6], "car_2069": [2, 5], "car_2068": [10, 1], "car_2702": [5, 6], "car_2703": [9, 2], "car_769": [7, 1], "car_768": [4, 1], "car_2567": [10, 1], "car_761": [10, 5], "car_760": [11, 3], "car_763": [6, 1], "car_762": [2, 4], "car_765": [0, 2], "car_764": [9, 6], "car_767": [11, 2], "car_766": [8, 4], "car_2216": [8, 6], "car_2217": [11, 4], "car_2330": [10, 6], "car_2214": [9, 7], "car_2215": [3, 6], "car_2212": [2, 4], "car_2213": [6, 7], "car_2210": [7, 0], "car_2211": [10, 2], "car_575": [0, 6], "car_3374": [10, 7], "car_1305": [6, 0], "car_1304": [2, 0], "car_1307": [8, 3], "car_1306": [3, 5], "car_1301": [11, 3], "car_1300": [8, 1], "car_1303": [10, 5], "car_1302": [4, 7], "car_1309": [1, 0], "car_1308": [11, 0], "car_389": [6, 2], "car_388": [10, 3], "car_387": [7, 1], "car_386": [4, 1], "car_385": [1, 5], "car_384": [11, 3], "car_383": [8, 7], "car_382": [9, 0], "car_381": [6, 0], "car_380": [2, 3], "car_141": [8, 6], "car_140": [3, 7], "car_143": [8, 7], "car_142": [3, 0], "car_145": [4, 3], "car_144": [1, 3], "car_147": [2, 4], "car_146": [10, 0], "car_149": [9, 0], "car_148": [6, 4], "car_2407": [1, 6], "car_1279": [10, 2], "car_1278": [7, 6], "car_1271": [10, 3], "car_1270": [7, 0], "car_1273": [5, 1], "car_1272": [2, 6], "car_1275": [11, 0], "car_1274": [0, 7], "car_1277": [4, 3], "car_1276": [1, 0], "car_2326": [11, 0], "car_2847": [5, 4], "car_2327": [1, 0], "car_3491": [10, 7], "car_1059": [4, 0], "car_1058": [1, 2], "car_1055": [3, 1], "car_1054": [0, 6], "car_1057": [11, 4], "car_1056": [8, 3], "car_1051": [5, 1], "car_1050": [2, 3], "car_1053": [9, 0], "car_1052": [6, 7], "car_2656": [3, 6], "car_2657": [8, 2], "car_2654": [9, 7], "car_2655": [0, 5], "car_2652": [5, 0], "car_2653": [6, 5], "car_2650": [4, 6], "car_2651": [10, 6], "car_2415": [11, 4], "car_2658": [1, 3], "car_2659": [7, 6], "car_3490": [7, 6], "car_2416": [4, 7], "car_69": [8, 5], "car_68": [3, 1], "car_2438": [6, 0], "car_2439": [8, 4], "car_3431": [6, 3], "car_3430": [10, 0], "car_3433": [8, 0], "car_3432": [9, 2], "car_61": [3, 6], "car_60": [2, 1], "car_63": [1, 5], "car_62": [8, 1], "car_65": [7, 2], "car_64": [4, 7], "car_67": [0, 7], "car_66": [6, 2], "car_1693": [2, 5], "car_1692": [10, 7], "car_1691": [7, 5], "car_1690": [4, 6], "car_1697": [11, 5], "car_1696": [8, 0], "car_969": [9, 7], "car_968": [6, 3], "car_967": [2, 6], "car_966": [4, 1], "car_965": [1, 2], "car_964": [0, 3], "car_963": [9, 1], "car_962": [5, 1], "car_961": [4, 1], "car_960": [1, 5], "car_1451": [10, 7], "car_1450": [4, 7], "car_1453": [6, 0], "car_1452": [2, 0], "car_1455": [3, 1], "car_1454": [0, 4], "car_1457": [1, 0], "car_1456": [11, 4], "car_1459": [10, 7], "car_1458": [7, 3], "car_3541": [3, 5], "car_2410": [5, 4], "car_2837": [8, 4], "car_3428": [4, 0], "car_3329": [6, 4], "car_3328": [2, 6], "car_3429": [7, 3], "car_3175": [0, 5], "car_3321": [8, 5], "car_3320": [0, 3], "car_3323": [10, 0], "car_3322": [11, 6], "car_3325": [8, 6], "car_3279": [0, 4], "car_3327": [7, 5], "car_3326": [4, 5], "car_3278": [2, 0], "car_2411": [9, 2], "car_3547": [10, 4], "car_2508": [8, 5], "car_2509": [11, 0], "car_2506": [6, 3], "car_2507": [9, 0], "car_2504": [7, 4], "car_2505": [2, 1], "car_2502": [3, 5], "car_2503": [1, 2], "car_2500": [2, 0], "car_2501": [6, 1], "car_2737": [9, 4], "car_1680": [9, 2], "car_1681": [3, 6], "car_3173": [6, 7], "car_1682": [8, 4], "car_1683": [11, 1], "car_3272": [8, 0], "car_1684": [10, 1], "car_2736": [6, 7], "car_1685": [6, 1], "car_1891": [0, 6], "car_3270": [0, 7], "car_1686": [9, 4], "car_1890": [9, 5], "car_1687": [0, 5], "car_1893": [8, 3], "car_545": [0, 3], "car_544": [9, 3], "car_547": [10, 3], "car_546": [11, 0], "car_541": [10, 5], "car_540": [1, 4], "car_543": [5, 0], "car_542": [2, 1], "car_3215": [8, 0], "car_1895": [1, 6], "car_3217": [1, 4], "car_3216": [11, 6], "car_549": [4, 2], "car_548": [5, 7], "car_819": [0, 4], "car_818": [6, 5], "car_2344": [1, 0], "car_2345": [11, 1], "car_2346": [5, 4], "car_2347": [6, 0], "car_2340": [1, 2], "car_1897": [7, 5], "car_2342": [2, 4], "car_2343": [6, 7], "car_2405": [0, 4], "car_1896": [4, 2], "car_2348": [9, 6], "car_2349": [0, 7], "car_33": [9, 2], "car_1767": [9, 5], "car_1766": [2, 7], "car_1765": [10, 3], "car_3498": [5, 4], "car_608": [5, 7], "car_609": [6, 4], "car_2941": [11, 4], "car_602": [9, 5], "car_603": [3, 0], "car_600": [5, 4], "car_601": [6, 2], "car_606": [4, 3], "car_607": [7, 4], "car_604": [8, 5], "car_605": [11, 6], "car_3101": [4, 3], "car_3100": [1, 6], "car_3103": [2, 6], "car_3102": [10, 1], "car_3105": [6, 4], "car_1761": [3, 2], "car_3107": [0, 4], "car_3106": [9, 6], "car_3109": [1, 4], "car_3108": [11, 2], "car_1760": [0, 6], "car_2799": [10, 1], "car_776": [2, 4], "car_777": [6, 3], "car_774": [11, 6], "car_775": [7, 3], "car_772": [3, 5], "car_773": [8, 4], "car_770": [10, 1], "car_771": [6, 4], "car_1768": [0, 6], "car_778": [3, 6], "car_779": [11, 0], "car_2418": [5, 7], "car_2880": [8, 2], "car_1750": [9, 1], "car_2419": [6, 1], "car_3293": [1, 2], "car_3292": [0, 7], "car_3251": [7, 2], "car_1994": [3, 1], "car_1995": [8, 6], "car_1996": [10, 6], "car_1997": [9, 4], "car_1990": [2, 5], "car_1991": [5, 4], "car_1992": [6, 3], "car_1993": [0, 2], "car_1998": [0, 7], "car_1999": [3, 5], "car_2846": [2, 1], "car_3250": [4, 0], "car_1842": [11, 4], "car_1806": [10, 6], "car_1840": [6, 4], "car_1841": [8, 3], "car_398": [2, 6], "car_399": [0, 7], "car_1844": [7, 3], "car_1807": [5, 7], "car_394": [10, 2], "car_395": [1, 3], "car_396": [7, 4], "car_397": [10, 1], "car_390": [0, 5], "car_391": [8, 2], "car_392": [11, 1], "car_393": [1, 7], "car_158": [7, 3], "car_159": [5, 7], "car_156": [11, 7], "car_157": [4, 7], "car_154": [6, 1], "car_155": [8, 7], "car_152": [11, 2], "car_153": [4, 2], "car_150": [0, 5], "car_151": [8, 6], "car_1208": [6, 5], "car_1209": [9, 2], "car_1204": [3, 6], "car_1205": [4, 3], "car_1206": [7, 6], "car_1207": [5, 7], "car_1200": [2, 3], "car_1201": [6, 5], "car_1202": [9, 0], "car_1203": [0, 5], "car_2601": [7, 3], "car_2403": [6, 5], "car_3252": [2, 4], "car_3334": [10, 1], "car_3335": [2, 7], "car_1808": [9, 3], "car_3255": [1, 7], "car_3332": [11, 1], "car_1809": [0, 3], "car_3333": [4, 5], "car_2649": [1, 2], "car_2612": [8, 1], "car_2613": [11, 0], "car_2641": [3, 5], "car_2640": [0, 7], "car_2643": [4, 1], "car_2642": [11, 0], "car_2645": [6, 0], "car_2644": [2, 0], "car_2647": [3, 4], "car_2646": [0, 1], "car_1510": [7, 0], "car_1511": [10, 2], "car_1512": [2, 6], "car_1513": [9, 7], "car_1514": [3, 6], "car_1515": [1, 0], "car_1516": [7, 0], "car_1517": [10, 3], "car_1518": [2, 6], "car_1519": [5, 3], "car_2531": [11, 6], "car_2965": [3, 6], "car_2530": [0, 4], "car_2966": [4, 3], "car_3366": [0, 4], "car_2537": [3, 6], "car_2967": [5, 1], "car_2536": [0, 6], "car_2968": [0, 3], "car_2855": [8, 6], "car_1198": [4, 5], "car_1199": [10, 6], "car_2969": [8, 5], "car_1194": [5, 7], "car_1195": [3, 2], "car_1196": [8, 4], "car_1197": [11, 2], "car_1190": [6, 2], "car_1191": [9, 5], "car_1192": [1, 5], "car_1193": [7, 2], "car_2619": [11, 7], "car_2429": [10, 6], "car_2428": [11, 6], "car_2425": [9, 0], "car_2424": [6, 3], "car_2427": [8, 0], "car_2426": [3, 5], "car_2421": [1, 0], "car_2126": [8, 7], "car_2423": [2, 0], "car_2422": [7, 6], "car_2856": [11, 6], "car_2127": [5, 3], "car_978": [1, 0], "car_979": [2, 3], "car_974": [7, 5], "car_975": [2, 0], "car_976": [6, 3], "car_977": [0, 5], "car_970": [0, 1], "car_971": [3, 6], "car_972": [8, 7], "car_973": [4, 1], "car_1424": [7, 0], "car_1425": [10, 3], "car_1426": [2, 0], "car_1427": [6, 2], "car_1420": [9, 6], "car_1421": [3, 0], "car_1422": [11, 7], "car_1423": [1, 3], "car_2402": [5, 1], "car_1428": [3, 1], "car_1429": [8, 5], "car_2857": [7, 2], "car_3259": [9, 6], "car_3593": [7, 0], "car_3358": [1, 7], "car_3359": [2, 0], "car_3354": [7, 0], "car_2128": [6, 3], "car_3356": [3, 1], "car_3357": [11, 3], "car_3350": [8, 3], "car_3258": [6, 2], "car_3352": [1, 2], "car_2129": [9, 7], "car_2511": [4, 3], "car_2510": [1, 2], "car_2513": [2, 7], "car_2512": [7, 2], "car_2515": [0, 3], "car_2514": [9, 4], "car_2517": [8, 3], "car_2516": [3, 1], "car_2519": [4, 3], "car_2518": [1, 5], "car_3590": [3, 7], "car_3591": [11, 7], "car_3596": [6, 5], "car_3597": [9, 0], "car_3594": [10, 0], "car_3595": [2, 7], "car_1738": [7, 4], "car_1739": [5, 6], "car_1730": [11, 0], "car_1731": [2, 0], "car_1732": [6, 2], "car_1733": [0, 2], "car_1734": [3, 1], "car_1735": [11, 0], "car_1736": [1, 7], "car_1737": [4, 7], "car_54": [4, 2], "car_55": [7, 5], "car_56": [5, 2], "car_57": [0, 7], "car_50": [0, 2], "car_51": [3, 7], "car_52": [8, 6], "car_53": [1, 5], "car_58": [3, 0], "car_59": [1, 3], "car_2609": [7, 4], "car_552": [5, 0], "car_805": [4, 6], "car_550": [7, 5], "car_551": [10, 3], "car_556": [7, 4], "car_557": [10, 1], "car_554": [11, 1], "car_555": [1, 0], "car_558": [2, 7], "car_559": [5, 1], "car_808": [0, 1], "car_809": [11, 5], "car_2357": [1, 5], "car_2356": [11, 2], "car_2355": [3, 5], "car_2354": [0, 3], "car_2353": [9, 6], "car_2352": [5, 7], "car_2351": [7, 5], "car_2350": [1, 6], "car_2359": [6, 1], "car_2358": [10, 4], "car_1757": [5, 4], "car_2339": [11, 7], "car_2469": [0, 1], "car_3174": [9, 1], "car_2915": [7, 3], "car_3176": [3, 2], "car_3177": [4, 5], "car_3170": [11, 0], "car_3171": [4, 7], "car_3172": [2, 7], "car_2914": [4, 7], "car_3178": [10, 5], "car_3179": [2, 3], "car_3369": [7, 5], "car_2468": [9, 0], "car_3437": [10, 4], "car_703": [10, 7], "car_702": [7, 2], "car_701": [3, 7], "car_700": [0, 7], "car_707": [8, 5], "car_706": [9, 4], "car_705": [6, 4], "car_704": [2, 5], "car_709": [7, 3], "car_708": [11, 1], "car_3436": [4, 2], "car_3008": [8, 6], "car_3009": [0, 2], "car_3000": [3, 6], "car_3001": [8, 1], "car_3002": [11, 1], "car_3003": [10, 2], "car_3004": [2, 3], "car_3005": [6, 1], "car_3006": [0, 1], "car_3007": [3, 4], "car_2221": [0, 2], "car_2308": [5, 7], "car_3619": [2, 4], "car_2400": [7, 5], "car_2309": [9, 3], "car_3201": [0, 5], "car_1987": [4, 3], "car_1986": [1, 4], "car_1985": [3, 4], "car_1984": [0, 5], "car_1983": [6, 0], "car_1982": [5, 3], "car_1981": [4, 7], "car_1980": [1, 3], "car_1989": [10, 3], "car_1988": [7, 3], "car_2768": [5, 0], "car_1855": [0, 5], "car_1796": [3, 4], "car_1857": [8, 2], "car_1856": [3, 4], "car_1851": [10, 7], "car_1850": [1, 5], "car_1853": [5, 6], "car_1797": [11, 7], "car_2336": [6, 0], "car_1859": [2, 4], "car_1794": [9, 1], "car_2230": [7, 3], "car_129": [9, 5], "car_128": [5, 3], "car_2231": [9, 7], "car_123": [5, 6], "car_122": [2, 7], "car_121": [10, 2], "car_120": [7, 3], "car_127": [2, 7], "car_126": [11, 2], "car_125": [8, 7], "car_124": [9, 3], "car_1790": [1, 4], "car_1219": [9, 5], "car_1218": [5, 1], "car_1217": [4, 5], "car_1216": [1, 2], "car_1215": [8, 1], "car_1214": [0, 5], "car_1213": [10, 0], "car_1212": [1, 4], "car_1211": [11, 5], "car_1210": [3, 6], "car_1415": [6, 0], "car_1414": [5, 1], "car_1417": [0, 7], "car_1416": [9, 7], "car_1411": [1, 2], "car_1410": [8, 4], "car_237": [9, 5], "car_236": [6, 7], "car_235": [2, 4], "car_234": [10, 2], "car_233": [4, 7], "car_232": [1, 0], "car_231": [0, 6], "car_230": [9, 4], "car_3372": [1, 6], "car_1412": [7, 6], "car_239": [8, 4], "car_238": [3, 5], "car_2988": [0, 4], "car_2989": [3, 4], "car_2638": [6, 2], "car_2639": [9, 5], "car_2634": [4, 6], "car_2635": [7, 0], "car_2636": [10, 0], "car_2637": [2, 7], "car_2630": [4, 2], "car_2631": [7, 1], "car_2632": [6, 2], "car_2633": [9, 0], "car_1503": [1, 5], "car_1502": [11, 3], "car_1501": [8, 6], "car_1500": [3, 0], "car_1507": [3, 4], "car_1506": [9, 4], "car_1505": [6, 2], "car_1504": [2, 0], "car_3373": [7, 4], "car_1509": [4, 2], "car_1508": [8, 6], "car_3439": [0, 2], "car_1189": [2, 5], "car_1188": [10, 2], "car_1187": [4, 0], "car_1186": [1, 7], "car_1185": [3, 4], "car_1184": [0, 7], "car_1183": [9, 3], "car_1182": [6, 4], "car_1181": [2, 7], "car_1180": [10, 0], "car_2182": [8, 5], "car_2183": [4, 3], "car_2180": [9, 0], "car_2181": [3, 0], "car_2186": [6, 3], "car_2187": [3, 7], "car_2184": [2, 5], "car_2185": [5, 0], "car_3438": [9, 5], "car_2188": [8, 1], "car_2189": [1, 4], "car_949": [7, 1], "car_948": [4, 1], "car_2742": [6, 5], "car_2743": [3, 5], "car_2744": [7, 6], "car_2745": [10, 5], "car_2746": [6, 2], "car_2747": [9, 2], "car_941": [2, 1], "car_940": [10, 5], "car_943": [6, 0], "car_942": [5, 7], "car_945": [8, 7], "car_944": [0, 1], "car_947": [1, 2], "car_946": [11, 6], "car_1437": [11, 7], "car_1436": [3, 2], "car_1435": [0, 3], "car_1434": [9, 3], "car_1433": [5, 3], "car_1432": [2, 4], "car_1431": [10, 6], "car_1430": [11, 6], "car_1439": [7, 1], "car_1438": [4, 1], "car_3501": [1, 6], "car_2238": [3, 6], "car_2823": [1, 2], "car_493": [4, 6], "car_492": [11, 7], "car_491": [8, 1], "car_490": [6, 0], "car_497": [3, 6], "car_496": [0, 4], "car_495": [9, 0], "car_494": [2, 7], "car_3347": [2, 4], "car_3346": [4, 3], "car_499": [5, 6], "car_498": [10, 6], "car_3343": [6, 4], "car_3342": [4, 2], "car_3341": [11, 1], "car_3340": [9, 3], "car_2296": [2, 1], "car_2297": [9, 7], "car_2294": [7, 3], "car_2239": [11, 0], "car_2292": [11, 3], "car_2293": [1, 3], "car_2290": [0, 2], "car_2291": [3, 0], "car_3585": [3, 4], "car_1918": [7, 5], "car_3587": [2, 3], "car_3586": [11, 6], "car_2568": [6, 3], "car_2569": [0, 7], "car_2298": [11, 6], "car_1919": [10, 5], "car_1729": [0, 2], "car_1728": [9, 3], "car_1723": [8, 4], "car_1722": [3, 0], "car_1721": [9, 2], "car_1720": [2, 6], "car_1727": [5, 4], "car_1726": [10, 7], "car_1725": [1, 6], "car_1724": [11, 6], "car_43": [0, 7], "car_42": [2, 5], "car_41": [7, 1], "car_40": [1, 7], "car_47": [1, 4], "car_46": [11, 7], "car_45": [8, 6], "car_44": [3, 4], "car_49": [6, 7], "car_48": [10, 4], "car_1916": [0, 5], "car_3365": [9, 6], "car_1917": [8, 3], "car_3364": [6, 7], "car_3375": [2, 5], "car_3367": [3, 0], "car_1858": [7, 6], "car_831": [2, 5], "car_830": [7, 4], "car_833": [0, 1], "car_832": [6, 0], "car_835": [8, 3], "car_834": [3, 2], "car_837": [2, 0], "car_836": [10, 6], "car_839": [9, 4], "car_838": [5, 0], "car_2360": [9, 5], "car_2361": [11, 3], "car_2366": [6, 2], "car_2367": [9, 1], "car_2364": [10, 0], "car_2365": [5, 1], "car_2168": [7, 0], "car_2169": [10, 3], "car_3509": [2, 4], "car_2160": [11, 7], "car_2161": [4, 6], "car_2162": [7, 5], "car_2163": [2, 3], "car_2164": [5, 7], "car_2165": [0, 2], "car_2166": [11, 6], "car_2167": [1, 0], "car_2810": [2, 1], "car_2811": [5, 7], "car_2812": [11, 7], "car_2813": [1, 3], "car_1941": [6, 3], "car_2814": [7, 4], "car_3055": [7, 5], "car_2815": [2, 1], "car_2544": [11, 6], "car_3235": [8, 3], "car_2817": [9, 3], "car_3167": [9, 5], "car_3166": [6, 4], "car_3165": [2, 5], "car_3164": [1, 6], "car_3163": [8, 4], "car_3162": [9, 7], "car_3161": [5, 3], "car_3160": [10, 6], "car_2463": [7, 2], "car_3169": [8, 4], "car_3168": [0, 1], "car_2462": [11, 2], "car_3309": [5, 0], "car_3565": [1, 7], "car_710": [2, 3], "car_711": [6, 0], "car_712": [8, 7], "car_713": [11, 7], "car_714": [2, 4], "car_715": [5, 4], "car_716": [9, 0], "car_717": [11, 2], "car_718": [2, 4], "car_719": [6, 1], "car_1892": [3, 5], "car_3019": [9, 4], "car_3018": [6, 7], "car_3028": [0, 4], "car_3013": [4, 2], "car_3012": [1, 5], "car_3011": [11, 5], "car_3010": [3, 0], "car_3017": [5, 0], "car_3016": [2, 5], "car_3015": [10, 3], "car_2987": [9, 6], "car_3508": [1, 5], "car_3421": [10, 1], "car_1894": [11, 3], "car_2895": [10, 4], "car_3368": [11, 7], "car_138": [10, 4], "car_139": [0, 6], "car_130": [3, 1], "car_131": [8, 6], "car_132": [2, 6], "car_133": [8, 1], "car_134": [2, 1], "car_135": [0, 4], "car_136": [3, 5], "car_137": [7, 3], "car_1222": [7, 1], "car_1223": [6, 0], "car_1220": [3, 4], "car_1221": [11, 7], "car_1226": [7, 6], "car_1227": [6, 4], "car_1224": [9, 2], "car_1225": [11, 2], "car_1886": [9, 4], "car_1887": [4, 2], "car_1228": [8, 1], "car_1229": [11, 5], "car_1882": [0, 3], "car_1883": [1, 4], "car_1880": [2, 7], "car_1881": [5, 1], "car_2621": [4, 1], "car_224": [10, 2], "car_225": [6, 4], "car_226": [9, 1], "car_227": [3, 5], "car_220": [0, 2], "car_221": [11, 0], "car_222": [1, 7], "car_223": [7, 0], "car_228": [1, 6], "car_229": [6, 1], "car_1086": [11, 0], "car_1087": [4, 7], "car_1084": [9, 6], "car_1085": [8, 0], "car_1082": [5, 0], "car_1083": [6, 1], "car_1080": [4, 3], "car_1081": [7, 2], "car_2627": [3, 2], "car_2626": [9, 3], "car_2625": [5, 7], "car_2624": [2, 7], "car_2623": [10, 7], "car_2622": [7, 3], "car_1088": [7, 4], "car_1089": [2, 5], "car_1536": [3, 4], "car_1537": [8, 7], "car_1534": [9, 1], "car_1535": [0, 5], "car_1532": [2, 1], "car_1533": [6, 5], "car_1530": [4, 5], "car_1531": [7, 4], "car_1538": [7, 1], "car_1539": [10, 2], "car_3512": [3, 2], "car_956": [6, 2], "car_957": [0, 7], "car_954": [4, 7], "car_955": [7, 2], "car_952": [11, 5], "car_953": [1, 3], "car_950": [0, 7], "car_951": [3, 2], "car_1827": [6, 3], "car_2199": [6, 5], "car_2198": [5, 3], "car_958": [3, 1], "car_959": [8, 6], "car_1158": [1, 6], "car_1159": [10, 7], "car_1408": [0, 1], "car_1409": [3, 7], "car_2757": [8, 1], "car_2756": [3, 6], "car_2755": [0, 4], "car_1829": [1, 5], "car_1150": [4, 5], "car_1151": [7, 4], "car_1152": [10, 1], "car_1153": [2, 6], "car_1154": [5, 3], "car_1155": [0, 2], "car_1156": [3, 4], "car_1157": [8, 2], "car_2532": [7, 1], "car_2380": [7, 2], "car_3510": [6, 5], "car_2764": [8, 3], "car_2381": [10, 4], "car_2382": [5, 2], "car_2383": [9, 5], "car_1826": [2, 5], "car_3314": [10, 0], "car_3315": [8, 6], "car_480": [4, 7], "car_481": [7, 4], "car_482": [10, 2], "car_483": [2, 4], "car_484": [5, 0], "car_485": [9, 4], "car_486": [3, 2], "car_487": [11, 0], "car_488": [4, 0], "car_489": [5, 4], "car_2283": [11, 5], "car_2282": [2, 6], "car_2285": [4, 2], "car_2284": [1, 5], "car_2287": [2, 6], "car_2286": [10, 4], "car_2577": [3, 0], "car_853": [7, 2], "car_2575": [2, 7], "car_2574": [10, 6], "car_2573": [7, 4], "car_2572": [4, 2], "car_2571": [1, 2], "car_852": [4, 5], "car_3578": [0, 3], "car_3579": [3, 1], "car_851": [0, 5], "car_2579": [11, 4], "car_2578": [8, 3], "car_582": [3, 4], "car_1718": [4, 5], "car_1719": [7, 5], "car_1716": [4, 0], "car_857": [9, 0], "car_1714": [11, 2], "car_1715": [1, 5], "car_1712": [10, 3], "car_1713": [2, 7], "car_1710": [1, 2], "car_856": [6, 5], "car_2982": [3, 4], "car_1828": [3, 7], "car_855": [5, 1], "car_2983": [1, 6], "car_854": [10, 1], "car_2980": [6, 3], "car_2981": [9, 2], "car_2739": [4, 3], "car_2738": [0, 7], "car_3494": [1, 3], "car_2379": [4, 1], "car_2378": [1, 7], "car_828": [0, 6], "car_829": [8, 5], "car_826": [6, 3], "car_827": [9, 4], "car_824": [2, 5], "car_825": [5, 3], "car_822": [4, 7], "car_823": [7, 6], "car_820": [8, 5], "car_821": [11, 7], "car_3484": [4, 7], "car_3485": [2, 3], "car_2179": [6, 7], "car_2178": [2, 4], "car_3480": [2, 4], "car_3481": [6, 2], "car_3482": [0, 4], "car_3483": [1, 6], "car_2173": [4, 1], "car_2172": [11, 5], "car_2171": [0, 4], "car_2170": [9, 6], "car_2177": [1, 6], "car_2176": [3, 4], "car_2175": [2, 6], "car_2174": [7, 4], "car_3238": [4, 2], "car_2535": [6, 5], "car_3349": [0, 3], "car_3218": [4, 6], "car_3158": [1, 5], "car_3159": [7, 0], "car_2534": [5, 7], "car_3499": [0, 2], "car_3152": [1, 7], "car_3153": [7, 3], "car_3150": [3, 6], "car_3151": [11, 3], "car_3156": [0, 2], "car_3157": [8, 5], "car_3154": [2, 0], "car_3155": [6, 3], "car_3398": [8, 7], "car_3399": [5, 0], "car_3390": [4, 1], "car_3391": [10, 5], "car_3392": [6, 5], "car_3393": [3, 1], "car_3394": [11, 2], "car_3395": [1, 3], "car_3396": [7, 2], "car_3397": [3, 1], "car_3389": [1, 3], "car_729": [2, 4], "car_728": [11, 3], "car_725": [2, 3], "car_724": [4, 1], "car_727": [8, 2], "car_726": [3, 1], "car_721": [3, 1], "car_720": [9, 4], "car_723": [1, 0], "car_722": [11, 0], "car_2708": [6, 5], "car_3029": [6, 4], "car_3026": [6, 4], "car_3027": [9, 1], "car_3024": [4, 2], "car_3025": [10, 3], "car_3022": [11, 0], "car_3023": [1, 5], "car_3020": [3, 5], "car_3021": [8, 4], "car_3519": [10, 7], "car_2620": [1, 5], "car_3275": [4, 0], "car_1795": [0, 7], "car_3274": [1, 6], "car_1792": [10, 6], "car_3226": [10, 3], "car_1793": [2, 4], "car_2440": [11, 1], "car_105": [0, 5], "car_104": [9, 4], "car_107": [4, 3], "car_106": [11, 0], "car_101": [4, 3], "car_100": [1, 4], "car_103": [6, 5], "car_102": [5, 3], "car_1888": [7, 2], "car_109": [0, 7], "car_108": [9, 1], "car_1791": [4, 6], "car_1235": [3, 0], "car_1234": [5, 0], "car_1237": [11, 5], "car_1236": [8, 4], "car_1231": [4, 1], "car_1230": [1, 7], "car_1233": [10, 7], "car_1232": [7, 3], "car_1899": [5, 1], "car_1898": [10, 1], "car_1239": [9, 6], "car_1238": [1, 4], "car_3511": [0, 6], "car_3609": [7, 1], "car_3516": [6, 4], "car_3517": [9, 4], "car_3514": [10, 4], "car_3141": [8, 4], "car_3515": [5, 2], "car_211": [6, 2], "car_210": [5, 6], "car_213": [3, 5], "car_212": [9, 7], "car_215": [1, 5], "car_214": [8, 5], "car_217": [7, 1], "car_216": [4, 3], "car_219": [9, 5], "car_218": [10, 5], "car_3518": [3, 7], "car_2676": [7, 0], "car_1529": [11, 6], "car_1528": [8, 2], "car_2610": [6, 5], "car_2611": [9, 6], "car_2616": [5, 1], "car_2617": [6, 7], "car_2614": [1, 3], "car_2615": [10, 2], "car_1521": [9, 1], "car_1520": [6, 2], "car_1523": [3, 4], "car_1522": [0, 3], "car_1525": [5, 3], "car_1524": [7, 3], "car_1527": [3, 4], "car_1526": [9, 3], "car_3227": [9, 1], "car_2849": [9, 7], "car_2700": [10, 0], "car_2848": [6, 1], "car_2740": [10, 4], "car_3222": [0, 6], "car_2741": [2, 1], "car_3223": [3, 2], "car_2313": [4, 1], "car_2701": [2, 0], "car_2312": [1, 0], "car_2311": [11, 7], "car_923": [7, 3], "car_922": [4, 2], "car_921": [3, 6], "car_920": [9, 2], "car_927": [1, 0], "car_926": [5, 4], "car_925": [2, 5], "car_924": [10, 6], "car_2317": [9, 6], "car_929": [7, 3], "car_928": [4, 3], "car_2316": [6, 7], "car_2766": [7, 2], "car_2748": [0, 1], "car_1149": [8, 4], "car_1148": [0, 1], "car_1419": [6, 0], "car_1418": [10, 4], "car_2760": [10, 0], "car_2749": [3, 4], "car_1143": [4, 3], "car_1142": [1, 2], "car_1141": [11, 7], "car_1140": [9, 0], "car_1147": [9, 6], "car_1146": [5, 2], "car_1145": [10, 1], "car_1144": [7, 3], "car_1099": [5, 1], "car_1098": [2, 5], "car_3385": [6, 0], "car_1091": [9, 0], "car_1090": [5, 1], "car_1093": [8, 0], "car_1092": [0, 5], "car_1095": [4, 7], "car_1094": [1, 3], "car_1097": [10, 4], "car_1096": [7, 3], "car_2818": [3, 7], "car_2819": [1, 6], "car_2548": [2, 5], "car_2549": [5, 1], "car_3361": [3, 7], "car_3360": [9, 5], "car_3363": [10, 1], "car_3362": [1, 6], "car_2542": [0, 3], "car_2543": [8, 5], "car_2540": [4, 1], "car_2541": [6, 4], "car_2546": [4, 7], "car_2547": [10, 7], "car_2521": [10, 0], "car_2545": [1, 5], "car_3563": [8, 2], "car_3562": [3, 0], "car_3561": [11, 5], "car_3384": [5, 7], "car_3567": [4, 1], "car_3566": [5, 6], "car_3468": [7, 0], "car_3564": [11, 5], "car_3569": [10, 3], "car_3568": [7, 0], "car_1701": [9, 2], "car_1700": [5, 6], "car_1703": [8, 1], "car_1702": [3, 6], "car_1705": [1, 7], "car_1704": [11, 4], "car_1707": [9, 6], "car_1706": [10, 5], "car_1709": [11, 2], "car_1708": [0, 3], "car_2522": [6, 7], "car_2523": [9, 0], "car_589": [9, 4], "car_588": [6, 5], "car_859": [3, 7], "car_858": [0, 7], "car_2384": [3, 0], "car_2385": [8, 6], "car_1695": [9, 1], "car_2387": [7, 6], "car_581": [9, 3], "car_580": [2, 6], "car_583": [8, 4], "car_850": [2, 6], "car_585": [7, 1], "car_584": [11, 1], "car_587": [2, 5], "car_586": [10, 4], "car_3497": [3, 1], "car_3496": [5, 1], "car_3495": [7, 4], "car_2002": [5, 2], "car_3493": [8, 0], "car_3492": [5, 7], "car_2148": [0, 5], "car_2149": [1, 7], "car_2146": [5, 3], "car_2147": [9, 7], "car_2144": [7, 5], "car_2145": [2, 5], "car_2142": [11, 5], "car_2143": [4, 6], "car_2140": [3, 0], "car_2141": [8, 4], "car_3529": [6, 3], "car_2985": [5, 6], "car_3149": [9, 2], "car_3148": [5, 0], "car_3145": [8, 0], "car_3144": [10, 5], "car_3147": [7, 2], "car_3146": [4, 2], "car_2779": [1, 0], "car_3140": [3, 1], "car_3143": [4, 5], "car_3142": [11, 4], "car_457": [1, 6], "car_456": [11, 2], "car_455": [8, 6], "car_454": [0, 6], "car_453": [6, 3], "car_452": [5, 0], "car_451": [11, 1], "car_450": [9, 5], "car_3383": [10, 1], "car_3382": [1, 2], "car_3381": [8, 5], "car_1878": [7, 6], "car_3387": [3, 1], "car_3386": [9, 3], "car_459": [10, 2], "car_458": [4, 7], "car_1877": [4, 6], "car_1876": [1, 6], "car_2778": [8, 3], "car_2993": [6, 1], "car_1875": [8, 1], "car_1874": [0, 2], "car_1873": [2, 7], "car_1872": [10, 4], "car_738": [10, 5], "car_739": [5, 0], "car_1871": [4, 3], "car_733": [5, 3], "car_732": [10, 2], "car_32": [5, 1], "car_730": [3, 0], "car_731": [11, 2], "car_736": [1, 2], "car_737": [7, 3], "car_734": [6, 0], "car_735": [0, 7], "car_3031": [8, 1], "car_1976": [9, 3], "car_3033": [7, 1], "car_3032": [4, 6], "car_3035": [9, 7], "car_3034": [10, 7], "car_3037": [3, 2], "car_1977": [3, 4], "car_3039": [11, 6], "car_3038": [8, 2], "car_3348": [9, 1], "car_1698": [1, 2], "car_3345": [1, 3], "car_3344": [3, 6], "car_3030": [3, 2], "car_38": [0, 7], "car_39": [11, 7], "car_2564": [1, 7], "car_2565": [4, 2], "car_3036": [0, 4], "car_2566": [7, 0], "car_2295": [10, 2], "car_1978": [8, 6], "car_2560": [7, 1], "car_1979": [11, 7], "car_3523": [0, 6], "car_2561": [10, 1], "car_2562": [2, 1], "car_2563": [11, 1], "car_2443": [11, 2], "car_2442": [6, 4], "car_3522": [9, 3], "car_3351": [11, 6], "car_2441": [1, 0], "car_112": [1, 3], "car_113": [7, 4], "car_110": [3, 5], "car_111": [8, 5], "car_116": [0, 6], "car_117": [3, 1], "car_114": [6, 1], "car_115": [9, 1], "car_2447": [2, 1], "car_118": [8, 5], "car_119": [4, 0], "car_2446": [7, 5], "car_2445": [4, 1], "car_3521": [6, 1], "car_2299": [4, 1], "car_2533": [2, 3], "car_2453": [6, 4], "car_3408": [0, 1], "car_2454": [8, 6], "car_3409": [11, 1], "car_1950": [11, 2], "car_1951": [1, 4], "car_1952": [4, 3], "car_1953": [7, 0], "car_1954": [10, 3], "car_1955": [5, 1], "car_208": [1, 6], "car_209": [10, 5], "car_206": [8, 4], "car_207": [11, 7], "car_204": [6, 3], "car_205": [0, 5], "car_202": [1, 6], "car_203": [2, 4], "car_200": [8, 6], "car_201": [11, 6], "car_2605": [0, 4], "car_2604": [9, 7], "car_2607": [1, 2], "car_2606": [11, 7], "car_1558": [8, 5], "car_1559": [11, 4], "car_2603": [5, 7], "car_2602": [10, 2], "car_1554": [6, 1], "car_1555": [9, 2], "car_1556": [0, 2], "car_1557": [3, 2], "car_1550": [8, 6], "car_1551": [11, 1], "car_1552": [7, 2], "car_1553": [2, 0], "car_1398": [4, 5], "car_1399": [7, 2], "car_1392": [11, 7], "car_1393": [1, 7], "car_1390": [3, 5], "car_1391": [8, 7], "car_1396": [2, 4], "car_1397": [9, 0], "car_1394": [7, 3], "car_1395": [10, 3], "car_2598": [3, 1], "car_3544": [1, 2], "car_3404": [4, 5], "car_930": [2, 1], "car_931": [5, 4], "car_932": [9, 5], "car_933": [8, 5], "car_934": [11, 1], "car_935": [5, 0], "car_936": [6, 1], "car_937": [3, 1], "car_938": [8, 2], "car_939": [11, 3], "car_2773": [7, 0], "car_2772": [1, 0], "car_2775": [6, 3], "car_2774": [5, 3], "car_2777": [3, 5], "car_2776": [9, 3], "car_6": [0, 5], "car_7": [3, 7], "car_4": [6, 0], "car_5": [9, 7], "car_2": [11, 1], "car_3": [2, 7], "car_1178": [8, 7], "car_1": [3, 0], "car_1176": [5, 6], "car_1177": [3, 0], "car_1174": [7, 0], "car_1175": [10, 1], "car_1172": [1, 4], "car_1173": [4, 0], "car_8": [11, 6], "car_9": [4, 7], "car_3513": [11, 4], "car_2809": [1, 3], "car_2808": [5, 7], "car_2559": [9, 4], "car_2558": [6, 3], "car_2555": [7, 6], "car_2554": [4, 2], "car_2557": [5, 4], "car_2556": [10, 3], "car_2551": [0, 4], "car_2550": [6, 5], "car_2553": [11, 7], "car_2552": [3, 0], "car_3556": [1, 6], "car_3557": [5, 6], "car_3554": [3, 2], "car_3555": [8, 2], "car_3552": [6, 0], "car_3553": [9, 2], "car_3550": [4, 7], "car_3551": [2, 3], "car_3558": [6, 7], "car_3559": [9, 6], "car_1774": [5, 2], "car_1775": [3, 4], "car_1776": [8, 0], "car_1777": [1, 7], "car_1770": [1, 2], "car_1771": [4, 0], "car_1772": [10, 7], "car_1773": [2, 6], "car_1778": [4, 1], "car_1779": [5, 6], "car_98": [2, 0], "car_99": [6, 2], "car_90": [11, 7], "car_91": [1, 3], "car_92": [4, 2], "car_93": [10, 3], "car_94": [5, 0], "car_95": [6, 3], "car_96": [4, 7], "car_97": [10, 2], "car_596": [3, 4], "car_597": [7, 3], "car_594": [6, 1], "car_595": [9, 6], "car_592": [2, 4], "car_593": [5, 1], "car_590": [0, 1], "car_591": [11, 5], "car_3500": [8, 5], "car_598": [10, 1], "car_599": [2, 6], "car_848": [1, 5], "car_849": [10, 6], "car_2391": [1, 5], "car_2390": [11, 7], "car_2397": [0, 2], "car_2396": [9, 2], "car_2395": [6, 7], "car_2394": [5, 7], "car_840": [0, 3], "car_841": [8, 0], "car_842": [11, 0], "car_843": [1, 2], "car_844": [4, 6], "car_845": [7, 1], "car_846": [10, 3], "car_847": [11, 4], "car_1608": [0, 3], "car_1609": [3, 2], "car_2153": [3, 7], "car_2152": [9, 0], "car_2155": [1, 2], "car_2154": [11, 6], "car_2157": [10, 3], "car_2156": [7, 1], "car_1600": [2, 0], "car_1601": [5, 3], "car_1602": [6, 7], "car_1603": [11, 3], "car_1604": [1, 2], "car_1605": [10, 0], "car_1606": [6, 2], "car_1607": [9, 0], "car_2369": [8, 1], "car_3538": [4, 5], "car_3620": [5, 2], "car_2362": [4, 1], "car_3608": [1, 0], "car_2363": [7, 4], "car_3606": [8, 7], "car_3607": [11, 5], "car_3604": [0, 6], "car_3605": [3, 5], "car_3602": [5, 1], "car_3603": [9, 0], "car_3600": [1, 7], "car_3601": [2, 0], "car_444": [2, 0], "car_445": [6, 4], "car_446": [9, 1], "car_447": [11, 6], "car_440": [6, 2], "car_441": [9, 7], "car_442": [8, 5], "car_443": [10, 1], "car_448": [7, 4], "car_449": [6, 1], "car_2717": [1, 4], "car_2716": [11, 7], "car_3210": [8, 1], "car_2715": [8, 7], "car_2201": [0, 2], "car_2714": [9, 6], "car_2200": [9, 3], "car_2713": [6, 7], "car_2712": [4, 5], "car_2711": [1, 5], "car_2710": [3, 7], "car_3405": [7, 2], "car_3044": [8, 5], "car_3045": [11, 0], "car_3046": [1, 0], "car_3047": [9, 0], "car_3040": [4, 2], "car_3041": [2, 3], "car_3042": [0, 1], "car_3043": [3, 6], "car_3048": [3, 2], "car_3049": [11, 3], "car_2209": [4, 6], "car_3534": [2, 6], "car_2208": [5, 4], "car_3599": [8, 2], "car_3535": [9, 1], "car_2324": [3, 5], "car_695": [5, 4], "car_694": [4, 5], "car_697": [3, 7], "car_696": [6, 1], "car_691": [3, 4], "car_690": [0, 1], "car_693": [1, 4], "car_692": [8, 7], "car_699": [7, 0], "car_698": [4, 5], "car_3479": [10, 5], "car_3478": [0, 6], "car_2399": [4, 6], "car_3571": [0, 5], "car_1943": [3, 5], "car_1942": [0, 4], "car_279": [9, 3], "car_278": [5, 6], "car_1947": [6, 3], "car_1946": [2, 4], "car_1945": [10, 7], "car_1944": [11, 6], "car_273": [9, 5], "car_272": [5, 6], "car_271": [2, 7], "car_270": [10, 5], "car_277": [1, 5], "car_276": [11, 7], "car_275": [8, 2], "car_274": [3, 0], "car_2946": [5, 2], "car_1925": [11, 1], "car_2944": [10, 0], "car_2945": [2, 7], "car_2942": [1, 7], "car_2943": [4, 0], "car_1549": [2, 3], "car_1548": [10, 3], "car_1547": [7, 4], "car_1546": [4, 3], "car_1545": [11, 2], "car_1544": [3, 7], "car_1543": [0, 5], "car_1542": [9, 6], "car_1541": [5, 1], "car_1540": [2, 5], "car_1389": [0, 7], "car_1388": [6, 3], "car_1385": [10, 5], "car_1384": [7, 4], "car_1387": [5, 4], "car_1386": [2, 5], "car_1381": [3, 5], "car_1380": [9, 3], "car_1383": [4, 3], "car_1382": [1, 5], "car_307": [9, 4], "car_306": [6, 2], "car_305": [10, 5], "car_304": [4, 7], "car_303": [11, 4], "car_302": [8, 2], "car_301": [3, 1], "car_300": [9, 0], "car_804": [3, 6], "car_309": [1, 4], "car_308": [11, 3], "car_3435": [1, 4], "car_909": [4, 3], "car_908": [11, 2], "car_3434": [11, 0], "car_905": [0, 7], "car_904": [6, 3], "car_907": [8, 0], "car_906": [3, 7], "car_901": [1, 4], "car_900": [5, 2], "car_903": [5, 1], "car_902": [7, 5], "car_1161": [4, 2], "car_1160": [2, 5], "car_1163": [5, 2], "car_1162": [2, 6], "car_1165": [11, 3], "car_1164": [0, 6], "car_1167": [7, 3], "car_1166": [4, 2], "car_1169": [3, 0], "car_1168": [9, 3], "car_3539": [7, 5], "car_2432": [0, 2], "car_2433": [8, 2], "car_2430": [2, 4], "car_3549": [3, 0], "car_3548": [0, 2], "car_2322": [6, 5], "car_2431": [6, 7], "car_2838": [4, 7], "car_2839": [7, 5], "car_2836": [9, 2], "car_2436": [10, 3], "car_2834": [5, 3], "car_2835": [6, 7], "car_2832": [7, 6], "car_2833": [10, 0], "car_2830": [11, 1], "car_2437": [2, 6], "car_2010": [8, 6], "car_2011": [1, 4], "car_2012": [10, 5], "car_2013": [5, 6], "car_2014": [0, 7], "car_2015": [3, 1], "car_2016": [8, 1], "car_2017": [2, 4], "car_2018": [6, 3], "car_2019": [3, 1], "car_2435": [1, 2], "car_87": [6, 2], "car_86": [5, 7], "car_85": [4, 5], "car_84": [1, 6], "car_83": [8, 5], "car_82": [5, 1], "car_81": [2, 5], "car_80": [10, 5], "car_3249": [11, 1], "car_2001": [11, 3], "car_89": [8, 5], "car_88": [9, 3], "car_2000": [8, 5], "car_2498": [1, 2], "car_2499": [10, 2], "car_2494": [9, 6], "car_2495": [0, 5], "car_2496": [3, 7], "car_2497": [8, 3], "car_2490": [10, 6], "car_2491": [0, 3], "car_2492": [11, 4], "car_2493": [4, 2], "car_875": [1, 6], "car_874": [11, 3], "car_877": [7, 2], "car_876": [4, 3], "car_871": [6, 4], "car_870": [5, 6], "car_873": [8, 4], "car_872": [9, 4], "car_3228": [3, 7], "car_3242": [0, 5], "car_1694": [6, 3], "car_879": [6, 7], "car_878": [5, 4], "car_3243": [8, 2], "car_1752": [3, 1], "car_1753": [4, 6], "car_1699": [2, 4], "car_2124": [1, 0], "car_2125": [2, 3], "car_1619": [10, 5], "car_1618": [3, 2], "car_2120": [6, 3], "car_2121": [9, 1], "car_2122": [0, 2], "car_2123": [8, 1], "car_1613": [7, 6], "car_1612": [1, 3], "car_1611": [11, 5], "car_1610": [8, 5], "car_1617": [0, 4], "car_1616": [9, 1], "car_1615": [5, 0], "car_1614": [10, 7], "car_1754": [7, 0], "car_1755": [10, 1], "car_2767": [2, 7], "car_3611": [2, 4], "car_3610": [10, 1], "car_3613": [0, 3], "car_3612": [6, 0], "car_3615": [8, 7], "car_3614": [3, 5], "car_3617": [4, 2], "car_3616": [11, 6], "car_2323": [0, 1], "car_3618": [10, 7], "car_471": [0, 6], "car_470": [6, 5], "car_473": [1, 5], "car_472": [11, 5], "car_475": [0, 4], "car_474": [7, 0], "car_477": [8, 0], "car_476": [3, 5], "car_479": [1, 3], "car_478": [11, 4], "car_2232": [3, 4], "car_2233": [1, 2], "car_2234": [7, 2], "car_2235": [2, 1], "car_2236": [5, 1], "car_2237": [9, 7], "car_2769": [6, 2], "car_2765": [11, 4], "car_2038": [1, 0], "car_2709": [0, 3], "car_3229": [8, 4], "car_3057": [2, 0], "car_3056": [10, 6], "car_2762": [0, 4], "car_3054": [4, 7], "car_3053": [8, 2], "car_3052": [5, 0], "car_3051": [2, 1], "car_3050": [7, 4], "car_3059": [0, 4], "car_3058": [6, 5], "car_3303": [8, 5], "car_2039": [4, 6], "car_2763": [3, 0], "car_1819": [1, 2], "car_1818": [0, 3], "car_2386": [4, 0], "car_682": [3, 0], "car_683": [1, 2], "car_680": [5, 0], "car_681": [9, 4], "car_686": [5, 7], "car_687": [8, 2], "car_684": [4, 5], "car_685": [10, 3], "car_688": [11, 1], "car_689": [5, 3], "car_2481": [11, 1], "car_2761": [5, 4], "car_3540": [0, 4], "car_3282": [4, 7], "car_3283": [10, 2], "car_1815": [10, 1], "car_3280": [3, 7], "car_1814": [7, 3], "car_3621": [9, 0], "car_3281": [1, 3], "car_3286": [0, 5], "car_3543": [11, 3], "car_2388": [2, 4], "car_3287": [8, 1], "car_3284": [2, 4], "car_3285": [6, 2], "car_3542": [8, 3], "car_2389": [9, 6], "car_3288": [11, 7], "car_3289": [1, 7], "car_1670": [3, 4], "car_1956": [3, 2], "car_3302": [0, 6], "car_1957": [4, 3], "car_3324": [3, 6], "car_1958": [10, 4], "car_1959": [5, 4], "car_3545": [4, 7], "car_2003": [8, 1], "car_268": [2, 1], "car_269": [6, 4], "car_1974": [5, 7], "car_1975": [6, 4], "car_1972": [4, 5], "car_1973": [7, 0], "car_1970": [8, 3], "car_1971": [1, 6], "car_260": [2, 7], "car_261": [6, 0], "car_262": [0, 6], "car_263": [3, 1], "car_264": [8, 2], "car_265": [11, 7], "car_266": [4, 3], "car_267": [10, 3], "car_1572": [5, 6], "car_1573": [6, 2], "car_1570": [8, 0], "car_1571": [1, 6], "car_1576": [1, 4], "car_1577": [4, 6], "car_1574": [9, 0], "car_1575": [11, 0], "car_1578": [10, 5], "car_1579": [5, 7], "car_2971": [1, 3], "car_1370": [3, 2], "car_1371": [8, 1], "car_1372": [1, 6], "car_1373": [4, 2], "car_1374": [9, 6], "car_1375": [8, 0], "car_1376": [11, 5], "car_1377": [1, 4], "car_1378": [7, 0], "car_1379": [2, 4], "car_3014": [7, 1], "car_3254": [0, 5], "car_2600": [4, 1], "car_2975": [11, 3], "car_2974": [5, 1], "car_314": [0, 7], "car_315": [4, 3], "car_316": [7, 5], "car_317": [10, 1], "car_310": [4, 0], "car_311": [7, 4], "car_312": [10, 0], "car_313": [9, 4], "car_318": [5, 0], "car_319": [8, 3], "car_918": [5, 7], "car_919": [6, 0], "car_2719": [10, 5], "car_2718": [7, 6], "car_912": [2, 6], "car_913": [6, 3], "car_910": [7, 0], "car_911": [10, 2], "car_916": [8, 4], "car_917": [2, 4], "car_914": [0, 4], "car_915": [3, 5], "car_1114": [8, 3], "car_1115": [11, 2], "car_1116": [4, 2], "car_1117": [10, 7], "car_1110": [7, 3], "car_1111": [10, 5], "car_1112": [2, 6], "car_1113": [6, 2], "car_1118": [2, 1], "car_1119": [6, 2], "car_1284": [4, 7], "car_1285": [7, 0], "car_1286": [10, 6], "car_1287": [3, 2], "car_1280": [2, 1], "car_1281": [6, 7], "car_1282": [8, 7], "car_1283": [1, 6], "car_3458": [5, 0], "car_2130": [0, 3], "car_1288": [11, 7], "car_1289": [2, 0], "car_2959": [0, 3], "car_2958": [10, 4], "car_2951": [7, 2], "car_2950": [4, 3], "car_2953": [5, 7], "car_2952": [2, 0], "car_2955": [3, 6], "car_2954": [6, 7], "car_2957": [7, 4], "car_2956": [11, 3], "car_2821": [10, 3], "car_2820": [7, 4], "car_1744": [1, 0], "car_2822": [9, 4], "car_2825": [10, 0], "car_2824": [4, 2], "car_2827": [9, 1], "car_2826": [2, 6], "car_2829": [3, 6], "car_2828": [0, 1], "car_3536": [0, 2], "car_3537": [1, 5], "car_3530": [3, 7], "car_3531": [8, 4], "car_3532": [7, 5], "car_3533": [10, 6], "car_1028": [4, 3], "car_1029": [7, 2], "car_1758": [6, 3], "car_1759": [9, 2], "car_2007": [9, 0], "car_2006": [10, 5], "car_2005": [4, 6], "car_2004": [11, 2], "car_1020": [1, 0], "car_1021": [4, 7], "car_1022": [10, 4], "car_1023": [2, 1], "car_1024": [0, 1], "car_1025": [3, 4], "car_1026": [11, 0], "car_1027": [1, 4], "car_1598": [3, 1], "car_1599": [7, 3], "car_1590": [2, 3], "car_1591": [5, 0], "car_1592": [9, 2], "car_1593": [1, 6], "car_1594": [4, 2], "car_1595": [5, 2], "car_1596": [9, 4], "car_1597": [0, 2], "car_2489": [7, 0], "car_2488": [4, 1], "car_2487": [3, 7], "car_2486": [9, 5], "car_2485": [6, 1], "car_2484": [10, 0], "car_2483": [7, 5], "car_2482": [4, 3], "car_1746": [10, 5], "car_2480": [3, 5], "car_862": [2, 3], "car_863": [6, 1], "car_860": [4, 7], "car_861": [10, 5], "car_866": [3, 4], "car_867": [1, 2], "car_864": [9, 6], "car_865": [0, 3], "car_868": [4, 7], "car_869": [7, 0], "car_3440": [8, 5], "car_3441": [4, 6], "car_3442": [2, 6], "car_3443": [6, 4], "car_3444": [9, 0], "car_3445": [3, 6], "car_3446": [8, 4], "car_3447": [1, 5], "car_3448": [4, 5], "car_3449": [7, 6], "car_1741": [3, 2], "car_2137": [3, 6], "car_2136": [9, 0], "car_2135": [6, 5], "car_2134": [10, 2], "car_2133": [7, 0], "car_2132": [4, 0], "car_1628": [5, 2], "car_1629": [6, 2], "car_1626": [10, 6], "car_1627": [2, 5], "car_1624": [11, 1], "car_1625": [4, 0], "car_1622": [3, 5], "car_1623": [8, 7], "car_1620": [2, 7], "car_1621": [6, 3], "car_1740": [9, 7]}