{"car_3253": [2, 5], "car_2009": [6, 7], "car_3196": [4, 0], "car_3197": [7, 4], "car_3194": [0, 1], "car_3195": [3, 1], "car_3192": [2, 5], "car_3193": [6, 4], "car_3190": [4, 3], "car_3191": [10, 0], "car_3198": [10, 6], "car_3199": [3, 5], "car_2229": [0, 6], "car_2228": [9, 3], "car_468": [0, 6], "car_469": [3, 0], "car_466": [6, 1], "car_467": [9, 5], "car_464": [1, 0], "car_465": [4, 0], "car_462": [2, 0], "car_463": [0, 6], "car_460": [4, 2], "car_461": [10, 3], "car_2455": [10, 2], "car_3068": [10, 2], "car_3069": [0, 1], "car_2751": [5, 4], "car_3062": [11, 7], "car_3063": [2, 5], "car_3060": [0, 5], "car_3061": [8, 2], "car_3066": [11, 2], "car_3067": [1, 0], "car_3064": [9, 0], "car_3065": [3, 5], "car_3268": [6, 4], "car_817": [11, 1], "car_816": [8, 1], "car_3260": [2, 0], "car_3261": [6, 1], "car_3262": [9, 1], "car_3263": [0, 4], "car_3264": [11, 4], "car_815": [3, 2], "car_3266": [7, 3], "car_3267": [10, 3], "car_2750": [4, 7], "car_814": [0, 1], "car_813": [2, 5], "car_812": [7, 0], "car_2072": [10, 1], "car_811": [1, 2], "car_2073": [5, 4], "car_810": [11, 6], "car_3214": [7, 1], "car_679": [0, 7], "car_678": [6, 2], "car_677": [7, 4], "car_676": [8, 7], "car_675": [3, 4], "car_674": [6, 0], "car_673": [5, 3], "car_672": [7, 0], "car_671": [11, 4], "car_670": [8, 6], "car_2771": [1, 2], "car_3213": [11, 4], "car_2770": [11, 7], "car_3212": [8, 3], "car_2078": [9, 5], "car_2079": [11, 3], "car_3464": [6, 2], "car_2456": [5, 1], "car_2341": [4, 2], "car_2670": [9, 3], "car_3465": [9, 7], "car_2671": [0, 6], "car_2754": [11, 3], "car_2672": [8, 0], "car_2223": [6, 0], "car_789": [6, 0], "car_788": [5, 3], "car_3338": [2, 1], "car_2222": [10, 4], "car_783": [11, 2], "car_782": [3, 4], "car_781": [0, 7], "car_780": [9, 2], "car_787": [2, 6], "car_786": [10, 6], "car_785": [4, 0], "car_784": [1, 5], "car_3462": [10, 5], "car_2220": [4, 7], "car_0": [3, 2], "car_2227": [2, 5], "car_1179": [0, 1], "car_2375": [5, 7], "car_2226": [10, 5], "car_3339": [6, 4], "car_2225": [4, 3], "car_2224": [3, 7], "car_3463": [2, 6], "car_255": [5, 4], "car_254": [2, 7], "car_257": [9, 5], "car_256": [6, 7], "car_251": [4, 6], "car_250": [8, 6], "car_253": [10, 5], "car_252": [7, 1], "car_1961": [5, 2], "car_1960": [2, 5], "car_1963": [9, 6], "car_1962": [6, 0], "car_259": [11, 6], "car_258": [8, 4], "car_1967": [2, 0], "car_1966": [10, 2], "car_1170": [2, 3], "car_1171": [6, 7], "car_1565": [9, 4], "car_1564": [6, 1], "car_1567": [7, 5], "car_1566": [1, 6], "car_1561": [4, 5], "car_1560": [1, 2], "car_1563": [2, 1], "car_1562": [7, 6], "car_1569": [2, 1], "car_1568": [10, 2], "car_1413": [2, 0], "car_1363": [1, 0], "car_1362": [11, 7], "car_1361": [0, 4], "car_1360": [9, 2], "car_1367": [11, 0], "car_1366": [8, 7], "car_1365": [0, 1], "car_1364": [6, 0], "car_1369": [10, 7], "car_1368": [4, 3], "car_2758": [5, 3], "car_2376": [8, 7], "car_321": [10, 4], "car_320": [11, 2], "car_323": [5, 4], "car_322": [2, 4], "car_325": [8, 4], "car_324": [9, 1], "car_327": [7, 4], "car_326": [4, 7], "car_329": [5, 6], "car_328": [2, 5], "car_2722": [4, 7], "car_2723": [7, 0], "car_2720": [8, 2], "car_2721": [1, 2], "car_2726": [11, 3], "car_2727": [7, 5], "car_2724": [0, 7], "car_2725": [3, 1], "car_2728": [2, 3], "car_2729": [3, 2], "car_1107": [1, 5], "car_1106": [3, 6], "car_1105": [7, 4], "car_1104": [6, 2], "car_1103": [5, 3], "car_1102": [2, 4], "car_1101": [4, 5], "car_1100": [1, 3], "car_1109": [10, 5], "car_1108": [4, 5], "car_1297": [0, 5], "car_1296": [9, 6], "car_1295": [6, 0], "car_1294": [5, 6], "car_1293": [2, 7], "car_1292": [10, 0], "car_1291": [4, 0], "car_1290": [1, 3], "car_1299": [8, 0], "car_1298": [3, 0], "car_2928": [0, 6], "car_2929": [3, 7], "car_2924": [7, 5], "car_2925": [10, 1], "car_2926": [5, 7], "car_2927": [9, 2], "car_2920": [7, 1], "car_2921": [10, 4], "car_2922": [2, 6], "car_2923": [5, 6], "car_2586": [8, 2], "car_2587": [1, 6], "car_2584": [10, 3], "car_2585": [2, 1], "car_2582": [4, 6], "car_2583": [7, 3], "car_2580": [11, 6], "car_2581": [1, 2], "car_3527": [3, 2], "car_3526": [6, 4], "car_3525": [2, 6], "car_3524": [10, 6], "car_2858": [10, 5], "car_2859": [5, 2], "car_2588": [4, 6], "car_2589": [10, 2], "car_2036": [5, 3], "car_2037": [9, 2], "car_1039": [4, 2], "car_1038": [11, 2], "car_1749": [11, 2], "car_1748": [0, 2], "car_2030": [8, 2], "car_2031": [1, 2], "car_1033": [5, 0], "car_1032": [2, 6], "car_1031": [7, 6], "car_1030": [11, 4], "car_1037": [8, 6], "car_1036": [3, 6], "car_1035": [0, 4], "car_1034": [6, 7], "car_1589": [4, 3], "car_1588": [8, 2], "car_1583": [10, 1], "car_1582": [11, 6], "car_1581": [3, 1], "car_1580": [9, 1], "car_1587": [3, 2], "car_1586": [9, 1], "car_1585": [5, 7], "car_1584": [2, 4], "car_1852": [6, 0], "car_1906": [2, 4], "car_3295": [1, 4], "car_3294": [11, 5], "car_3297": [10, 6], "car_3296": [7, 5], "car_3291": [2, 7], "car_3290": [1, 3], "car_899": [0, 5], "car_898": [6, 7], "car_897": [2, 0], "car_896": [10, 5], "car_895": [7, 5], "car_894": [1, 2], "car_893": [11, 6], "car_892": [3, 6], "car_891": [0, 2], "car_890": [6, 3], "car_2458": [3, 2], "car_2459": [8, 5], "car_2108": [1, 3], "car_2109": [4, 2], "car_3457": [0, 6], "car_3456": [5, 4], "car_3455": [2, 7], "car_3454": [10, 3], "car_2102": [10, 0], "car_2103": [2, 6], "car_2100": [4, 2], "car_2101": [7, 2], "car_2106": [8, 5], "car_2107": [11, 3], "car_2104": [5, 7], "car_2105": [0, 3], "car_1631": [3, 4], "car_1630": [6, 0], "car_1633": [1, 4], "car_1632": [11, 6], "car_1635": [2, 7], "car_1634": [10, 7], "car_1637": [0, 1], "car_1636": [6, 3], "car_1639": [1, 3], "car_1638": [8, 6], "car_3418": [0, 1], "car_1751": [7, 4], "car_2803": [4, 3], "car_2802": [11, 7], "car_2801": [3, 0], "car_3189": [1, 3], "car_3188": [11, 5], "car_2800": [6, 1], "car_3269": [0, 3], "car_3181": [8, 6], "car_2807": [1, 3], "car_1756": [11, 0], "car_3182": [11, 6], "car_3185": [2, 5], "car_3184": [4, 5], "car_3187": [9, 2], "car_2806": [8, 5], "car_2805": [6, 5], "car_3306": [11, 0], "car_2816": [6, 7], "car_2804": [10, 0], "car_3380": [4, 7], "car_3104": [8, 4], "car_2414": [5, 0], "car_419": [10, 4], "car_418": [1, 4], "car_2218": [11, 4], "car_2219": [1, 7], "car_413": [10, 5], "car_412": [7, 1], "car_411": [4, 5], "car_410": [11, 5], "car_417": [0, 6], "car_416": [9, 0], "car_415": [5, 1], "car_414": [2, 5], "car_2417": [10, 4], "car_1679": [7, 2], "car_3546": [6, 7], "car_1678": [11, 4], "car_2412": [4, 6], "car_2947": [1, 5], "car_2413": [7, 1], "car_3265": [4, 0], "car_3079": [11, 1], "car_3078": [8, 5], "car_3075": [6, 5], "car_3074": [5, 1], "car_3077": [0, 1], "car_3076": [9, 0], "car_3071": [7, 4], "car_3070": [4, 3], "car_3073": [2, 4], "car_3072": [10, 6], "car_527": [6, 1], "car_526": [2, 3], "car_525": [1, 0], "car_524": [11, 2], "car_523": [8, 5], "car_522": [6, 0], "car_521": [2, 6], "car_520": [1, 2], "car_3273": [10, 3], "car_1671": [7, 6], "car_3271": [4, 2], "car_1889": [10, 6], "car_3277": [4, 2], "car_3276": [1, 0], "car_529": [7, 4], "car_528": [1, 7], "car_1884": [6, 5], "car_1885": [9, 6], "car_2368": [10, 4], "car_2786": [8, 5], "car_2787": [11, 7], "car_668": [6, 7], "car_669": [0, 6], "car_664": [4, 0], "car_665": [7, 5], "car_666": [2, 1], "car_667": [5, 4], "car_660": [6, 7], "car_661": [3, 6], "car_662": [8, 6], "car_663": [1, 4], "car_2759": [0, 2], "car_1854": [3, 0], "car_2788": [4, 1], "car_3308": [10, 1], "car_2789": [7, 4], "car_2940": [7, 1], "car_798": [10, 2], "car_799": [6, 5], "car_790": [9, 6], "car_791": [3, 5], "car_792": [8, 5], "car_793": [4, 3], "car_794": [2, 4], "car_795": [6, 1], "car_796": [3, 0], "car_797": [4, 2], "car_242": [3, 7], "car_243": [8, 6], "car_240": [9, 3], "car_241": [0, 3], "car_246": [2, 6], "car_247": [6, 2], "car_244": [1, 6], "car_245": [10, 7], "car_1914": [2, 4], "car_1915": [5, 0], "car_248": [0, 2], "car_249": [3, 2], "car_1910": [8, 6], "car_1911": [1, 3], "car_1912": [7, 0], "car_1913": [10, 0], "car_1356": [8, 7], "car_1357": [4, 5], "car_1354": [2, 5], "car_1355": [0, 4], "car_1352": [4, 6], "car_1353": [7, 6], "car_1350": [3, 6], "car_1351": [11, 4], "car_1358": [7, 5], "car_1359": [5, 3], "car_1831": [4, 3], "car_1820": [7, 1], "car_1821": [10, 3], "car_1822": [2, 6], "car_1823": [6, 1], "car_1824": [3, 6], "car_1825": [8, 5], "car_338": [11, 3], "car_339": [4, 5], "car_336": [0, 4], "car_337": [3, 6], "car_334": [10, 4], "car_335": [5, 1], "car_332": [1, 7], "car_333": [4, 1], "car_330": [0, 7], "car_331": [3, 0], "car_2735": [3, 2], "car_2734": [0, 6], "car_1138": [9, 5], "car_1139": [11, 4], "car_2731": [1, 3], "car_2730": [11, 3], "car_2733": [9, 0], "car_2732": [6, 5], "car_1132": [4, 2], "car_1133": [7, 2], "car_1130": [0, 2], "car_1131": [3, 6], "car_1136": [5, 0], "car_1137": [6, 1], "car_1134": [10, 5], "car_1135": [2, 7], "car_1839": [2, 5], "car_2393": [10, 6], "car_1838": [4, 3], "car_2392": [3, 1], "car_3301": [1, 7], "car_3300": [8, 2], "car_2939": [4, 0], "car_2938": [1, 7], "car_2937": [11, 7], "car_2936": [3, 4], "car_2935": [0, 7], "car_2934": [6, 0], "car_2933": [10, 0], "car_2932": [1, 7], "car_2931": [11, 2], "car_2930": [8, 1], "car_2029": [9, 7], "car_2028": [4, 7], "car_2845": [9, 1], "car_2844": [7, 6], "car_2843": [11, 5], "car_2842": [8, 5], "car_2841": [6, 4], "car_2840": [5, 7], "car_2021": [7, 0], "car_2020": [4, 6], "car_2023": [2, 4], "car_2022": [10, 1], "car_2025": [0, 6], "car_2024": [9, 6], "car_2027": [1, 4], "car_2026": [11, 6], "car_2948": [7, 3], "car_2520": [11, 5], "car_1008": [1, 2], "car_1009": [4, 6], "car_1006": [9, 0], "car_1007": [0, 7], "car_1004": [5, 6], "car_1005": [6, 0], "car_1002": [10, 0], "car_1003": [2, 5], "car_1000": [1, 3], "car_1001": [7, 2], "car_3459": [11, 3], "car_2398": [7, 1], "car_2629": [9, 2], "car_2524": [10, 1], "car_2628": [6, 1], "car_3310": [5, 6], "car_2525": [2, 6], "car_2995": [1, 0], "car_2674": [4, 2], "car_1924": [8, 0], "car_2994": [8, 6], "car_2527": [0, 1], "car_2997": [5, 3], "car_36": [4, 7], "car_37": [7, 5], "car_34": [0, 6], "car_35": [11, 0], "car_888": [7, 5], "car_889": [10, 5], "car_30": [1, 0], "car_31": [7, 4], "car_884": [2, 3], "car_885": [0, 3], "car_886": [8, 7], "car_887": [4, 7], "car_880": [3, 7], "car_881": [11, 2], "car_882": [1, 6], "car_883": [10, 4], "car_3466": [0, 3], "car_3467": [8, 2], "car_2449": [1, 7], "car_2448": [11, 5], "car_2119": [1, 4], "car_2118": [11, 1], "car_3460": [4, 5], "car_3461": [7, 6], "car_2115": [2, 0], "car_2114": [4, 3], "car_2117": [3, 7], "car_2116": [0, 5], "car_2111": [2, 0], "car_2110": [10, 0], "car_2113": [3, 4], "car_2112": [9, 3], "car_1644": [6, 1], "car_1645": [9, 5], "car_1646": [0, 5], "car_1647": [8, 5], "car_1640": [7, 0], "car_1641": [10, 1], "car_1642": [2, 4], "car_1643": [5, 2], "car_3312": [8, 1], "car_1648": [1, 3], "car_1649": [7, 4], "car_2599": [6, 7], "car_2159": [9, 7], "car_2158": [6, 0], "car_2591": [3, 6], "car_2590": [9, 2], "car_2593": [1, 2], "car_2592": [11, 7], "car_2595": [7, 2], "car_2594": [4, 1], "car_2597": [7, 5], "car_2596": [6, 5], "car_3560": [9, 4], "car_3313": [11, 3], "car_2677": [0, 3], "car_2608": [2, 3], "car_408": [3, 1], "car_409": [8, 3], "car_2203": [0, 3], "car_2202": [6, 5], "car_2205": [8, 7], "car_2204": [3, 6], "car_2207": [7, 5], "car_2206": [4, 3], "car_400": [9, 2], "car_401": [0, 1], "car_402": [3, 1], "car_403": [8, 6], "car_404": [1, 0], "car_405": [4, 2], "car_406": [2, 1], "car_407": [9, 2], "car_1769": [11, 4], "car_3080": [1, 4], "car_3081": [7, 4], "car_3082": [10, 0], "car_3083": [0, 1], "car_3084": [8, 1], "car_3085": [7, 2], "car_3086": [10, 6], "car_3087": [5, 4], "car_3088": [9, 7], "car_3089": [3, 2], "car_2973": [4, 5], "car_534": [11, 5], "car_535": [7, 0], "car_536": [5, 1], "car_537": [9, 3], "car_530": [10, 0], "car_531": [2, 0], "car_532": [9, 7], "car_533": [3, 1], "car_3246": [1, 0], "car_3247": [7, 5], "car_3244": [0, 7], "car_3245": [11, 5], "car_538": [0, 7], "car_539": [3, 4], "car_3240": [7, 6], "car_3241": [2, 5], "car_2972": [1, 7], "car_3317": [2, 7], "car_2310": [4, 1], "car_659": [2, 1], "car_658": [10, 2], "car_651": [7, 1], "car_650": [11, 6], "car_653": [5, 2], "car_652": [10, 1], "car_655": [3, 2], "car_654": [0, 6], "car_657": [4, 6], "car_656": [11, 6], "car_2970": [8, 2], "car_2907": [9, 2], "car_2977": [9, 4], "car_2909": [1, 7], "car_2976": [5, 6], "car_2434": [8, 1], "car_1929": [2, 7], "car_2195": [9, 1], "car_2194": [6, 0], "car_1764": [2, 4], "car_2197": [1, 5], "car_2196": [8, 3], "car_2191": [8, 1], "car_1928": [10, 6], "car_2190": [3, 2], "car_2193": [1, 4], "car_1909": [3, 6], "car_1908": [0, 7], "car_1907": [6, 4], "car_1763": [7, 2], "car_1905": [10, 0], "car_1904": [9, 6], "car_1903": [6, 3], "car_1902": [4, 1], "car_1901": [1, 3], "car_1900": [11, 2], "car_1349": [0, 5], "car_1348": [2, 1], "car_1762": [4, 0], "car_1341": [6, 0], "car_1340": [5, 7], "car_1343": [3, 2], "car_1342": [9, 3], "car_1345": [11, 2], "car_1344": [8, 6], "car_1347": [7, 6], "car_1346": [1, 4], "car_3234": [1, 0], "car_3219": [0, 6], "car_2753": [0, 2], "car_3231": [6, 7], "car_2752": [9, 6], "car_3230": [10, 7], "car_2698": [10, 6], "car_1833": [10, 7], "car_1832": [7, 5], "car_349": [10, 5], "car_348": [1, 5], "car_1837": [1, 5], "car_1836": [8, 2], "car_1835": [3, 4], "car_1834": [5, 1], "car_343": [6, 0], "car_342": [5, 7], "car_341": [10, 0], "car_340": [7, 1], "car_347": [8, 7], "car_346": [3, 1], "car_345": [0, 4], "car_344": [9, 4], "car_2325": [9, 0], "car_1129": [5, 4], "car_1128": [2, 6], "car_2979": [4, 7], "car_1125": [4, 7], "car_1124": [1, 6], "car_1127": [10, 7], "car_1126": [7, 2], "car_1121": [5, 1], "car_1120": [10, 4], "car_1123": [11, 3], "car_1122": [0, 1], "car_1402": [7, 1], "car_2320": [11, 3], "car_1403": [2, 5], "car_2321": [7, 2], "car_1400": [3, 4], "car_1401": [1, 2], "car_2978": [3, 7], "car_1406": [4, 6], "car_1407": [5, 7], "car_2902": [10, 7], "car_2903": [2, 6], "car_2900": [1, 6], "car_2901": [7, 0], "car_2906": [7, 6], "car_1404": [11, 1], "car_2904": [5, 3], "car_2905": [6, 0], "car_2908": [8, 2], "car_1405": [1, 0], "car_3505": [0, 2], "car_3504": [9, 7], "car_3507": [11, 7], "car_3506": [3, 0], "car_2058": [7, 3], "car_2059": [5, 2], "car_3503": [6, 3], "car_3502": [5, 0], "car_2054": [6, 4], "car_2055": [0, 2], "car_2056": [11, 0], "car_2057": [4, 6], "car_2050": [8, 4], "car_2051": [11, 1], "car_2052": [7, 5], "car_2053": [5, 3], "car_1011": [2, 4], "car_1010": [10, 4], "car_1013": [6, 7], "car_1012": [5, 1], "car_1015": [11, 7], "car_1014": [0, 3], "car_1017": [10, 0], "car_1016": [1, 7], "car_1019": [6, 5], "car_1018": [5, 3], "car_2690": [1, 5], "car_2691": [4, 6], "car_2696": [8, 6], "car_2697": [11, 1], "car_2694": [6, 3], "car_2695": [0, 5], "car_2790": [5, 0], "car_25": [6, 3], "car_24": [2, 0], "car_27": [3, 0], "car_26": [0, 4], "car_21": [4, 6], "car_20": [9, 5], "car_23": [10, 7], "car_22": [7, 0], "car_3471": [11, 4], "car_3470": [5, 6], "car_3473": [4, 2], "car_3472": [1, 2], "car_29": [11, 7], "car_28": [8, 4], "car_3477": [1, 2], "car_3476": [8, 0], "car_2478": [11, 1], "car_2479": [0, 6], "car_2476": [2, 5], "car_2477": [5, 7], "car_2474": [4, 2], "car_2475": [10, 3], "car_2472": [8, 0], "car_2473": [11, 1], "car_2470": [10, 6], "car_2471": [6, 7], "car_1657": [2, 0], "car_1656": [7, 2], "car_1655": [4, 7], "car_1654": [1, 4], "car_1653": [11, 0], "car_1652": [8, 4], "car_1651": [5, 6], "car_1650": [10, 3], "car_1659": [0, 1], "car_1658": [6, 3], "car_2878": [6, 7], "car_2879": [7, 4], "car_2872": [6, 1], "car_2873": [9, 5], "car_2870": [10, 6], "car_2871": [5, 4], "car_2876": [10, 3], "car_2877": [5, 4], "car_2874": [0, 1], "car_2875": [1, 6], "car_2688": [8, 6], "car_1969": [6, 4], "car_2315": [1, 4], "car_1843": [3, 6], "car_3211": [0, 1], "car_435": [9, 0], "car_434": [6, 0], "car_437": [11, 0], "car_436": [8, 1], "car_431": [11, 1], "car_430": [9, 6], "car_433": [5, 4], "car_432": [7, 0], "car_1846": [7, 6], "car_439": [10, 5], "car_438": [4, 5], "car_1847": [6, 4], "car_2274": [11, 7], "car_2275": [10, 7], "car_2276": [0, 4], "car_2277": [2, 4], "car_2270": [6, 3], "car_2271": [9, 3], "car_2272": [0, 6], "car_2273": [3, 0], "car_1845": [11, 1], "car_2278": [7, 2], "car_2279": [3, 5], "car_3573": [9, 1], "car_1848": [11, 4], "car_2289": [11, 1], "car_1968": [5, 6], "car_1849": [7, 2], "car_2288": [2, 1], "car_1965": [7, 6], "car_3370": [9, 5], "car_1964": [0, 3], "car_3093": [7, 6], "car_3092": [4, 7], "car_3091": [1, 3], "car_3090": [11, 7], "car_3097": [11, 2], "car_3096": [8, 1], "car_3095": [0, 2], "car_3094": [5, 4], "car_3420": [4, 1], "car_3376": [5, 3], "car_3099": [4, 0], "car_3098": [1, 2], "car_3311": [0, 3], "car_501": [8, 5], "car_500": [3, 2], "car_503": [2, 1], "car_502": [10, 7], "car_505": [11, 4], "car_504": [8, 2], "car_507": [7, 2], "car_506": [4, 1], "car_509": [5, 4], "car_508": [2, 4], "car_2302": [5, 7], "car_2303": [6, 1], "car_2304": [1, 6], "car_2305": [4, 5], "car_2306": [7, 0], "car_2307": [2, 3], "car_2281": [11, 6], "car_1745": [11, 2], "car_2280": [8, 6], "car_3378": [3, 0], "car_3379": [8, 4], "car_2960": [9, 0], "car_3475": [9, 6], "car_3474": [2, 0], "car_646": [10, 5], "car_647": [5, 0], "car_644": [4, 5], "car_645": [7, 5], "car_642": [3, 1], "car_643": [1, 4], "car_640": [2, 1], "car_641": [6, 2], "car_2314": [11, 1], "car_648": [3, 5], "car_649": [8, 6], "car_3570": [10, 1], "car_2961": [0, 6], "car_2576": [6, 3], "car_3577": [10, 6], "car_3572": [6, 1], "car_2526": [6, 1], "car_1830": [1, 4], "car_3574": [3, 0], "car_2673": [11, 2], "car_3575": [11, 0], "car_2962": [3, 0], "car_3576": [7, 0], "car_2570": [6, 5], "car_2681": [2, 5], "car_2999": [9, 5], "car_2420": [1, 7], "car_2963": [11, 7], "car_2680": [4, 7], "car_2854": [11, 6], "car_2964": [4, 0], "car_2683": [6, 4], "car_1932": [4, 2], "car_1933": [10, 7], "car_1930": [6, 0], "car_1931": [0, 6], "car_1936": [9, 7], "car_1937": [0, 6], "car_1934": [5, 3], "car_1935": [6, 3], "car_1938": [11, 5], "car_1939": [10, 5], "car_2682": [5, 3], "car_1717": [3, 6], "car_1338": [7, 3], "car_1339": [10, 5], "car_1334": [3, 7], "car_1335": [8, 0], "car_1336": [11, 3], "car_1337": [1, 2], "car_1330": [7, 5], "car_1331": [2, 5], "car_1332": [5, 4], "car_1333": [0, 7], "car_1711": [11, 7], "car_2998": [6, 4], "car_358": [4, 7], "car_359": [10, 3], "car_1804": [4, 2], "car_1805": [7, 3], "car_1802": [11, 7], "car_1803": [1, 7], "car_1800": [9, 6], "car_1801": [0, 1], "car_350": [5, 4], "car_351": [0, 5], "car_352": [3, 5], "car_353": [4, 7], "car_354": [7, 5], "car_355": [3, 0], "car_356": [8, 6], "car_357": [1, 2], "car_1482": [7, 3], "car_1483": [2, 7], "car_1480": [0, 6], "car_1481": [1, 3], "car_1486": [9, 2], "car_1487": [0, 5], "car_1484": [6, 2], "car_1485": [6, 3], "car_1488": [8, 1], "car_1489": [11, 3], "car_1240": [10, 3], "car_1241": [5, 7], "car_1242": [6, 5], "car_1243": [0, 4], "car_1244": [8, 6], "car_1245": [1, 3], "car_1246": [4, 1], "car_1247": [10, 0], "car_1248": [5, 0], "car_1249": [6, 5], "car_1747": [6, 0], "car_2374": [2, 6], "car_1879": [11, 0], "car_2917": [5, 2], "car_2916": [10, 0], "car_2911": [5, 4], "car_2910": [10, 2], "car_2913": [0, 5], "car_2912": [6, 2], "car_2919": [4, 7], "car_2918": [9, 7], "car_2049": [3, 4], "car_2048": [9, 2], "car_2047": [2, 7], "car_2046": [7, 6], "car_2045": [1, 0], "car_2044": [8, 7], "car_2043": [0, 4], "car_2042": [9, 3], "car_2041": [5, 7], "car_2040": [7, 1], "car_1064": [10, 6], "car_1065": [2, 0], "car_1066": [6, 0], "car_1067": [8, 6], "car_1060": [9, 1], "car_1061": [8, 2], "car_1062": [1, 3], "car_1063": [4, 5], "car_2685": [1, 4], "car_2684": [9, 4], "car_2687": [0, 7], "car_2686": [7, 6], "car_1068": [11, 3], "car_1069": [4, 6], "car_1798": [5, 0], "car_1799": [6, 0], "car_10": [5, 7], "car_11": [3, 2], "car_12": [8, 3], "car_13": [11, 0], "car_14": [6, 2], "car_15": [9, 4], "car_16": [0, 7], "car_17": [4, 0], "car_18": [7, 2], "car_19": [2, 1], "car_3406": [0, 1], "car_3407": [3, 6], "car_3400": [6, 3], "car_3401": [9, 0], "car_3402": [10, 7], "car_3403": [2, 7], "car_2461": [3, 0], "car_2460": [2, 0], "car_1668": [9, 6], "car_1669": [11, 1], "car_2465": [9, 7], "car_2464": [5, 0], "car_2467": [8, 4], "car_2466": [0, 1], "car_1662": [9, 6], "car_1663": [0, 4], "car_1660": [10, 4], "car_1661": [6, 1], "car_1666": [2, 0], "car_1667": [6, 0], "car_1664": [1, 7], "car_1665": [4, 7], "car_1468": [5, 3], "car_1469": [9, 5], "car_1460": [10, 2], "car_1461": [2, 7], "car_1462": [5, 4], "car_1463": [6, 4], "car_1464": [0, 5], "car_1465": [8, 0], "car_1466": [1, 6], "car_1467": [2, 1], "car_2699": [5, 1], "car_2869": [7, 4], "car_2868": [1, 3], "car_2865": [5, 4], "car_2864": [2, 6], "car_2867": [9, 3], "car_2866": [6, 0], "car_2861": [9, 0], "car_2860": [6, 2], "car_2863": [4, 5], "car_2862": [8, 0], "car_2648": [4, 1], "car_422": [4, 2], "car_423": [2, 1], "car_420": [0, 6], "car_421": [3, 6], "car_426": [4, 5], "car_427": [2, 5], "car_424": [3, 0], "car_425": [11, 3], "car_3318": [5, 2], "car_3319": [3, 1], "car_428": [5, 2], "car_429": [6, 3], "car_2377": [1, 4], "car_2267": [8, 2], "car_2266": [0, 2], "car_2265": [7, 0], "car_2264": [4, 0], "car_2263": [8, 4], "car_2262": [3, 2], "car_2261": [0, 7], "car_2260": [9, 6], "car_2371": [3, 2], "car_2269": [2, 7], "car_2268": [7, 3], "car_2373": [7, 6], "car_2372": [8, 2], "car_2008": [7, 5], "car_2370": [9, 4], "car_3486": [9, 1], "car_3487": [3, 4], "car_3224": [7, 0], "car_3225": [10, 2], "car_2319": [6, 5], "car_2318": [7, 0], "car_3220": [3, 7], "car_3221": [8, 2], "car_518": [3, 0], "car_519": [11, 7], "car_516": [9, 4], "car_517": [0, 6], "car_514": [10, 2], "car_515": [6, 2], "car_512": [4, 0], "car_513": [7, 3], "car_510": [0, 7], "car_511": [3, 2], "car_1870": [8, 2], "car_2692": [2, 3], "car_3488": [11, 1], "car_2444": [1, 0], "car_3469": [4, 0], "car_3489": [4, 2], "car_633": [5, 1], "car_632": [2, 4], "car_631": [7, 1], "car_630": [4, 3], "car_637": [8, 4], "car_636": [0, 4], "car_635": [9, 4], "car_634": [6, 4], "car_2675": [2, 6], "car_639": [7, 5], "car_638": [4, 7], "car_3138": [2, 6], "car_3139": [5, 7], "car_2693": [5, 6], "car_3130": [8, 5], "car_3131": [7, 6], "car_3132": [9, 7], "car_3133": [11, 0], "car_3134": [4, 6], "car_3135": [5, 1], "car_3136": [0, 7], "car_3137": [4, 2], "car_189": [2, 3], "car_188": [4, 2], "car_185": [0, 2], "car_184": [6, 3], "car_187": [1, 6], "car_186": [8, 7], "car_181": [10, 0], "car_180": [7, 2], "car_183": [5, 0], "car_182": [2, 3], "car_749": [1, 7], "car_748": [11, 4], "car_747": [8, 2], "car_746": [6, 0], "car_745": [2, 1], "car_744": [7, 2], "car_743": [4, 1], "car_742": [1, 4], "car_741": [11, 7], "car_740": [8, 0], "car_2131": [11, 3], "car_3316": [10, 1], "car_2618": [9, 3], "car_299": [8, 5], "car_298": [3, 2], "car_1927": [7, 1], "car_1926": [4, 0], "car_1921": [9, 7], "car_1920": [4, 0], "car_1923": [3, 1], "car_1922": [0, 7], "car_291": [11, 0], "car_290": [8, 0], "car_293": [4, 3], "car_292": [1, 3], "car_295": [10, 1], "car_294": [7, 6], "car_297": [6, 7], "car_296": [2, 4], "car_1329": [1, 5], "car_1328": [3, 1], "car_1327": [0, 1], "car_1326": [5, 2], "car_1325": [2, 1], "car_1324": [10, 3], "car_1323": [7, 2], "car_1322": [8, 7], "car_1321": [3, 1], "car_1320": [6, 7], "car_365": [10, 4], "car_364": [1, 5], "car_367": [0, 5], "car_366": [5, 1], "car_361": [9, 0], "car_360": [5, 0], "car_363": [8, 3], "car_362": [0, 7], "car_1811": [8, 6], "car_1810": [0, 4], "car_1813": [2, 6], "car_1812": [7, 6], "car_369": [1, 3], "car_368": [11, 4], "car_1817": [0, 3], "car_1816": [9, 4], "car_167": [10, 6], "car_166": [4, 3], "car_165": [1, 6], "car_164": [11, 5], "car_163": [8, 1], "car_162": [3, 0], "car_161": [0, 1], "car_160": [2, 4], "car_169": [3, 6], "car_168": [0, 7], "car_1495": [8, 7], "car_1494": [3, 1], "car_1497": [4, 2], "car_1496": [1, 7], "car_1491": [7, 2], "car_1490": [1, 0], "car_1493": [0, 2], "car_1492": [10, 4], "car_1499": [5, 2], "car_1498": [7, 1], "car_1253": [7, 6], "car_1252": [4, 0], "car_1251": [11, 1], "car_1250": [8, 5], "car_1257": [6, 0], "car_1256": [5, 1], "car_1255": [2, 5], "car_1254": [10, 7], "car_2850": [2, 4], "car_1259": [11, 0], "car_1258": [3, 1], "car_2851": [5, 7], "car_1868": [0, 6], "car_2852": [3, 4], "car_2853": [8, 3], "car_3248": [2, 3], "car_1789": [10, 6], "car_1788": [7, 0], "car_2070": [4, 3], "car_2071": [7, 0], "car_2076": [4, 5], "car_2077": [6, 1], "car_2074": [6, 7], "car_2075": [0, 3], "car_1781": [4, 7], "car_1780": [11, 1], "car_1783": [2, 4], "car_1782": [10, 1], "car_1785": [8, 1], "car_1784": [3, 6], "car_1787": [4, 2], "car_1786": [1, 3], "car_1077": [7, 5], "car_1076": [4, 2], "car_1075": [11, 6], "car_1074": [8, 2], "car_1073": [3, 7], "car_1072": [6, 4], "car_1071": [5, 0], "car_1070": [10, 2], "car_2678": [3, 1], "car_2679": [1, 7], "car_3520": [0, 2], "car_1079": [3, 0], "car_1078": [2, 6], "car_3257": [4, 0], "car_2139": [3, 1], "car_3256": [11, 1], "car_2034": [10, 5], "car_2300": [4, 1], "car_2035": [2, 6], "car_2301": [2, 7], "car_2032": [4, 6], "car_2033": [7, 1], "car_2996": [4, 5], "car_3419": [3, 7], "car_2138": [0, 3], "car_3417": [5, 4], "car_3416": [2, 0], "car_3415": [4, 3], "car_3414": [1, 4], "car_3413": [8, 0], "car_3412": [2, 6], "car_3411": [10, 6], "car_3410": [7, 6], "car_985": [7, 6], "car_984": [8, 3], "car_987": [6, 0], "car_986": [10, 6], "car_981": [5, 1], "car_980": [2, 5], "car_983": [0, 5], "car_982": [9, 5], "car_1675": [6, 5], "car_1674": [5, 1], "car_1677": [3, 2], "car_1676": [9, 2], "car_989": [0, 3], "car_988": [9, 5], "car_1673": [2, 3], "car_1672": [10, 7], "car_2784": [9, 0], "car_2785": [3, 7], "car_1479": [9, 2], "car_1478": [10, 4], "car_2780": [11, 7], "car_2781": [1, 3], "car_2782": [4, 5], "car_2783": [5, 4], "car_1473": [1, 7], "car_1472": [8, 5], "car_1471": [3, 1], "car_1470": [0, 2], "car_1477": [7, 0], "car_1476": [11, 4], "car_1475": [2, 3], "car_1474": [7, 2], "car_2890": [0, 6], "car_2891": [3, 6], "car_2892": [8, 1], "car_2893": [4, 1], "car_2894": [2, 7], "car_1743": [6, 3], "car_2896": [6, 4], "car_2897": [0, 3], "car_2898": [3, 5], "car_2899": [8, 5], "car_1742": [10, 1], "car_2990": [7, 4], "car_2528": [11, 0], "car_2529": [1, 2], "car_2258": [10, 3], "car_2259": [6, 0], "car_3307": [4, 7], "car_2689": [11, 7], "car_3305": [8, 7], "car_3304": [9, 5], "car_2252": [2, 7], "car_2253": [6, 1], "car_2250": [7, 2], "car_2251": [10, 3], "car_2256": [4, 2], "car_2257": [7, 1], "car_2254": [11, 2], "car_2255": [1, 4], "car_2098": [0, 3], "car_2099": [8, 7], "car_2090": [9, 7], "car_2091": [8, 7], "car_2092": [2, 6], "car_2093": [9, 6], "car_2094": [8, 3], "car_2095": [11, 4], "car_2096": [4, 7], "car_2097": [6, 0], "car_2992": [6, 5], "car_3237": [6, 4], "car_3236": [5, 3], "car_569": [2, 0], "car_568": [11, 4], "car_3233": [11, 6], "car_3232": [9, 3], "car_2328": [10, 4], "car_2329": [9, 3], "car_563": [7, 3], "car_562": [4, 1], "car_561": [1, 2], "car_560": [3, 4], "car_567": [0, 3], "car_566": [9, 4], "car_565": [6, 2], "car_564": [10, 5], "car_2331": [3, 1], "car_620": [6, 0], "car_621": [0, 4], "car_622": [1, 2], "car_623": [7, 0], "car_624": [2, 6], "car_625": [5, 1], "car_626": [9, 7], "car_627": [0, 1], "car_628": [3, 2], "car_629": [1, 7], "car_1869": [3, 4], "car_3129": [0, 1], "car_3128": [9, 4], "car_3123": [8, 7], "car_3122": [0, 5], "car_3121": [9, 6], "car_3120": [6, 4], "car_3127": [6, 2], "car_3126": [10, 3], "car_3125": [4, 6], "car_3124": [1, 3], "car_1866": [5, 3], "car_1867": [9, 3], "car_3388": [6, 3], "car_198": [9, 5], "car_199": [11, 2], "car_2831": [1, 3], "car_192": [3, 6], "car_193": [11, 7], "car_190": [5, 1], "car_191": [9, 4], "car_196": [2, 0], "car_197": [6, 4], "car_194": [1, 6], "car_195": [7, 5], "car_758": [9, 7], "car_759": [0, 4], "car_754": [4, 2], "car_755": [7, 5], "car_756": [10, 1], "car_757": [2, 6], "car_750": [9, 4], "car_751": [0, 5], "car_752": [3, 5], "car_753": [8, 2], "car_1940": [5, 0], "car_3355": [6, 3], "car_2991": [2, 7], "car_3299": [6, 4], "car_3298": [2, 7], "car_286": [11, 5], "car_287": [4, 6], "car_284": [9, 0], "car_285": [0, 1], "car_282": [2, 3], "car_283": [6, 2], "car_280": [1, 0], "car_281": [7, 1], "car_3353": [1, 0], "car_1949": [1, 6], "car_288": [10, 1], "car_289": [6, 2], "car_3453": [7, 2], "car_1948": [11, 3], "car_2791": [6, 3], "car_3452": [1, 7], "car_3451": [11, 3], "car_3450": [3, 6], "car_1312": [4, 0], "car_1313": [2, 0], "car_1310": [11, 3], "car_1311": [1, 4], "car_1316": [11, 0], "car_1317": [4, 2], "car_1314": [5, 6], "car_1315": [3, 2], "car_1318": [10, 7], "car_1319": [5, 7], "car_2450": [2, 6], "car_2451": [5, 1], "car_2452": [9, 2], "car_372": [3, 5], "car_373": [8, 4], "car_370": [2, 6], "car_371": [9, 2], "car_376": [7, 4], "car_377": [2, 7], "car_374": [1, 2], "car_375": [4, 3], "car_1864": [1, 3], "car_1865": [2, 0], "car_378": [9, 5], "car_379": [0, 3], "car_1860": [5, 3], "car_1861": [3, 7], "car_1862": [8, 7], "car_1863": [11, 1], "car_174": [9, 3], "car_175": [0, 5], "car_176": [3, 5], "car_177": [8, 0], "car_170": [11, 4], "car_171": [1, 5], "car_172": [10, 7], "car_173": [2, 3], "car_2457": [6, 7], "car_178": [11, 1], "car_179": [1, 2], "car_2338": [9, 1], "car_1266": [4, 1], "car_1267": [7, 0], "car_1264": [3, 6], "car_1265": [1, 5], "car_1262": [2, 4], "car_1263": [0, 1], "car_1260": [1, 2], "car_1261": [7, 0], "car_2949": [3, 5], "car_1268": [10, 3], "car_1269": [2, 3], "car_3371": [8, 2], "car_2406": [1, 2], "car_2065": [7, 3], "car_2064": [4, 7], "car_1048": [0, 4], "car_1049": [8, 7], "car_2061": [0, 7], "car_2060": [6, 1], "car_2063": [11, 7], "car_2062": [8, 7], "car_1042": [9, 1], "car_1043": [3, 4], "car_1040": [10, 6], "car_1041": [2, 1], "car_1046": [6, 1], "car_1047": [9, 4], "car_1044": [1, 4], "car_1045": [10, 5], "car_2663": [0, 4], "car_2662": [7, 2], "car_2661": [4, 3], "car_2660": [11, 6], "car_2667": [2, 5], "car_2666": [4, 2], "car_2665": [1, 2], "car_2664": [11, 2], "car_2669": [6, 7], "car_2668": [5, 1], "car_3528": [8, 4], "car_2404": [2, 1], "car_3422": [8, 5], "car_3423": [1, 6], "car_78": [10, 5], "car_79": [2, 0], "car_3426": [6, 3], "car_3427": [9, 4], "car_3424": [4, 6], "car_3425": [5, 3], "car_72": [6, 3], "car_73": [9, 0], "car_70": [2, 7], "car_71": [5, 6], "car_76": [1, 7], "car_77": [7, 6], "car_74": [3, 0], "car_75": [11, 3], "car_992": [1, 6], "car_993": [4, 7], "car_990": [3, 7], "car_991": [8, 7], "car_996": [2, 4], "car_997": [5, 2], "car_994": [7, 3], "car_995": [10, 5], "car_1688": [9, 2], "car_1689": [0, 7], "car_998": [6, 2], "car_999": [3, 1], "car_2409": [10, 0], "car_2408": [7, 6], "car_2797": [0, 3], "car_2796": [2, 4], "car_2795": [10, 6], "car_2794": [1, 6], "car_2793": [8, 5], "car_2792": [3, 0], "car_1448": [6, 4], "car_1449": [0, 6], "car_1446": [2, 4], "car_1447": [5, 2], "car_1444": [11, 2], "car_1445": [10, 7], "car_1442": [3, 0], "car_1443": [8, 1], "car_1440": [10, 3], "car_1441": [5, 0], "car_2883": [9, 3], "car_2882": [5, 6], "car_2881": [2, 4], "car_2798": [2, 3], "car_2887": [10, 4], "car_2886": [7, 1], "car_2885": [1, 3], "car_2884": [0, 1], "car_2889": [6, 0], "car_2888": [5, 3], "car_2401": [8, 0], "car_2986": [4, 2], "car_3336": [1, 5], "car_3337": [7, 3], "car_2539": [7, 6], "car_2538": [4, 5], "car_2249": [1, 6], "car_2248": [11, 1], "car_3330": [5, 6], "car_3331": [6, 0], "car_2245": [1, 6], "car_2244": [8, 6], "car_2247": [0, 1], "car_2246": [6, 7], "car_2241": [8, 3], "car_2240": [0, 6], "car_2243": [9, 0], "car_2242": [10, 4], "car_2089": [2, 7], "car_2088": [4, 1], "car_2083": [6, 7], "car_2082": [5, 2], "car_2081": [2, 7], "car_2080": [4, 2], "car_2087": [11, 2], "car_2086": [8, 0], "car_2085": [3, 7], "car_2084": [9, 7], "car_3180": [0, 4], "car_3183": [1, 0], "car_3239": [4, 1], "car_2984": [11, 5], "car_3208": [7, 0], "car_3209": [10, 2], "car_3202": [4, 6], "car_3203": [5, 3], "car_3200": [8, 4], "car_3186": [5, 0], "car_3206": [1, 2], "car_3207": [4, 2], "car_3204": [6, 2], "car_3205": [9, 4], "car_578": [10, 7], "car_579": [9, 0], "car_2333": [11, 0], "car_2332": [8, 4], "car_2335": [10, 0], "car_2334": [4, 1], "car_2337": [6, 3], "car_553": [3, 2], "car_570": [5, 4], "car_571": [0, 1], "car_572": [8, 1], "car_573": [1, 5], "car_574": [2, 0], "car_806": [2, 4], "car_576": [8, 3], "car_577": [1, 3], "car_807": [6, 0], "car_800": [3, 7], "car_801": [8, 2], "car_802": [11, 4], "car_2192": [11, 7], "car_803": [1, 0], "car_2067": [6, 2], "car_2066": [5, 1], "car_619": [5, 6], "car_618": [2, 4], "car_3377": [0, 7], "car_615": [11, 7], "car_614": [0, 7], "car_617": [7, 2], "car_616": [1, 2], "car_611": [4, 5], "car_610": [1, 3], "car_613": [5, 3], "car_612": [7, 1], "car_2151": [2, 7], "car_3118": [2, 5], "car_3119": [5, 7], "car_3116": [3, 6], "car_3117": [7, 2], "car_3114": [6, 5], "car_3115": [9, 7], "car_3112": [4, 7], "car_3113": [10, 2], "car_3110": [11, 3], "car_3111": [1, 4], "car_2704": [0, 5], "car_2705": [3, 7], "car_2706": [11, 7], "car_2150": [11, 2], "car_2707": [1, 5], "car_2069": [0, 1], "car_2068": [9, 2], "car_2702": [4, 3], "car_2703": [2, 1], "car_769": [8, 2], "car_768": [3, 4], "car_2567": [4, 1], "car_761": [11, 0], "car_760": [3, 5], "car_763": [7, 4], "car_762": [1, 4], "car_765": [2, 1], "car_764": [10, 4], "car_767": [0, 7], "car_766": [5, 4], "car_2216": [9, 4], "car_2217": [8, 4], "car_2330": [0, 1], "car_2214": [10, 1], "car_2215": [5, 0], "car_2212": [4, 6], "car_2213": [7, 2], "car_2210": [9, 4], "car_2211": [3, 6], "car_575": [6, 7], "car_3374": [10, 5], "car_1305": [0, 1], "car_1304": [9, 7], "car_1307": [11, 7], "car_1306": [3, 4], "car_1301": [10, 1], "car_1300": [7, 6], "car_1303": [5, 7], "car_1302": [2, 1], "car_1309": [9, 4], "car_1308": [2, 0], "car_389": [11, 2], "car_388": [8, 5], "car_387": [3, 7], "car_386": [5, 6], "car_385": [10, 5], "car_384": [11, 1], "car_383": [3, 7], "car_382": [2, 7], "car_381": [4, 1], "car_380": [3, 5], "car_141": [11, 5], "car_140": [3, 7], "car_143": [7, 0], "car_142": [1, 3], "car_145": [3, 4], "car_144": [2, 0], "car_147": [11, 6], "car_146": [8, 7], "car_149": [10, 4], "car_148": [1, 6], "car_2407": [4, 1], "car_1279": [4, 0], "car_1278": [1, 6], "car_1271": [0, 6], "car_1270": [6, 3], "car_1273": [4, 6], "car_1272": [11, 5], "car_1275": [9, 4], "car_1274": [6, 5], "car_1277": [11, 4], "car_1276": [3, 5], "car_2326": [11, 3], "car_2847": [8, 2], "car_2327": [7, 4], "car_3491": [2, 1], "car_1059": [6, 3], "car_1058": [5, 6], "car_1055": [9, 6], "car_1054": [6, 2], "car_1057": [2, 5], "car_1056": [8, 6], "car_1051": [4, 2], "car_1050": [1, 2], "car_1053": [2, 7], "car_1052": [10, 2], "car_2656": [10, 6], "car_2657": [5, 2], "car_2654": [1, 4], "car_2655": [4, 7], "car_2652": [9, 5], "car_2653": [3, 0], "car_2650": [5, 1], "car_2651": [6, 0], "car_2415": [0, 3], "car_2658": [9, 0], "car_2659": [8, 7], "car_3490": [10, 0], "car_2416": [4, 5], "car_69": [10, 0], "car_68": [7, 4], "car_2438": [2, 3], "car_2439": [5, 0], "car_3431": [11, 3], "car_3430": [9, 3], "car_3433": [7, 5], "car_3432": [1, 3], "car_61": [1, 5], "car_60": [11, 2], "car_63": [2, 4], "car_62": [10, 1], "car_65": [8, 4], "car_64": [5, 7], "car_67": [4, 3], "car_66": [1, 5], "car_1693": [7, 3], "car_1692": [6, 7], "car_1691": [7, 6], "car_1690": [1, 2], "car_1697": [8, 6], "car_1696": [5, 4], "car_969": [2, 0], "car_968": [7, 2], "car_967": [1, 4], "car_966": [11, 1], "car_965": [8, 1], "car_964": [2, 4], "car_963": [11, 7], "car_962": [3, 4], "car_961": [10, 6], "car_960": [4, 0], "car_1451": [11, 3], "car_1450": [8, 3], "car_1453": [4, 5], "car_1452": [1, 0], "car_1455": [9, 1], "car_1454": [10, 3], "car_1457": [3, 6], "car_1456": [0, 4], "car_1459": [7, 6], "car_1458": [8, 5], "car_3541": [3, 5], "car_2410": [0, 1], "car_2837": [8, 6], "car_3428": [10, 0], "car_3329": [2, 3], "car_3328": [4, 0], "car_3429": [5, 0], "car_3175": [7, 3], "car_3321": [11, 0], "car_3320": [8, 3], "car_3323": [4, 7], "car_3322": [1, 3], "car_3325": [6, 3], "car_3279": [0, 5], "car_3327": [1, 7], "car_3326": [0, 4], "car_3278": [9, 7], "car_2411": [8, 1], "car_3547": [0, 6], "car_2508": [1, 2], "car_2509": [2, 0], "car_2506": [6, 7], "car_2507": [11, 6], "car_2504": [7, 0], "car_2505": [2, 1], "car_2502": [3, 1], "car_2503": [11, 3], "car_2500": [6, 0], "car_2501": [0, 7], "car_2737": [7, 1], "car_1680": [10, 4], "car_1681": [2, 3], "car_3173": [1, 4], "car_1682": [6, 2], "car_1683": [0, 4], "car_3272": [7, 3], "car_1684": [3, 2], "car_2736": [11, 1], "car_1685": [8, 2], "car_1891": [6, 4], "car_3270": [1, 6], "car_1686": [4, 1], "car_1890": [2, 1], "car_1687": [2, 1], "car_1893": [8, 3], "car_545": [8, 7], "car_544": [3, 0], "car_547": [2, 1], "car_546": [4, 1], "car_541": [4, 7], "car_540": [8, 4], "car_543": [9, 5], "car_542": [10, 3], "car_3215": [10, 5], "car_1895": [1, 0], "car_3217": [5, 2], "car_3216": [2, 1], "car_549": [0, 6], "car_548": [6, 4], "car_819": [7, 4], "car_818": [4, 6], "car_2344": [6, 4], "car_2345": [9, 1], "car_2346": [0, 4], "car_2347": [3, 4], "car_2340": [1, 4], "car_1897": [5, 1], "car_2342": [7, 5], "car_2343": [2, 5], "car_2405": [11, 2], "car_1896": [7, 0], "car_2348": [11, 4], "car_2349": [7, 1], "car_33": [9, 5], "car_1767": [3, 4], "car_1766": [9, 2], "car_1765": [6, 2], "car_3498": [6, 5], "car_608": [6, 4], "car_609": [0, 1], "car_2941": [10, 5], "car_602": [9, 0], "car_603": [0, 3], "car_600": [2, 3], "car_601": [6, 2], "car_606": [7, 4], "car_607": [10, 5], "car_604": [11, 4], "car_605": [4, 1], "car_3101": [5, 2], "car_3100": [2, 7], "car_3103": [3, 4], "car_3102": [0, 6], "car_3105": [10, 1], "car_1761": [1, 5], "car_3107": [1, 2], "car_3106": [2, 0], "car_3109": [3, 7], "car_3108": [6, 7], "car_1760": [11, 4], "car_2799": [5, 7], "car_776": [4, 0], "car_777": [7, 2], "car_774": [0, 2], "car_775": [8, 1], "car_772": [7, 2], "car_773": [2, 1], "car_770": [11, 3], "car_771": [1, 3], "car_1768": [8, 4], "car_778": [2, 3], "car_779": [5, 3], "car_2418": [2, 4], "car_2880": [10, 2], "car_1750": [1, 0], "car_2419": [8, 4], "car_3293": [8, 6], "car_3292": [0, 5], "car_3251": [3, 4], "car_1994": [2, 4], "car_1995": [5, 3], "car_1996": [6, 3], "car_1997": [0, 4], "car_1990": [11, 0], "car_1991": [4, 5], "car_1992": [7, 3], "car_1993": [10, 2], "car_1998": [10, 4], "car_1999": [2, 1], "car_2846": [0, 1], "car_3250": [6, 3], "car_1842": [0, 2], "car_1806": [10, 0], "car_1840": [5, 4], "car_1841": [6, 2], "car_398": [8, 0], "car_399": [11, 2], "car_1844": [8, 5], "car_1807": [2, 1], "car_394": [4, 0], "car_395": [5, 3], "car_396": [0, 3], "car_397": [3, 2], "car_390": [0, 3], "car_391": [3, 6], "car_392": [8, 3], "car_393": [11, 5], "car_158": [11, 5], "car_159": [1, 4], "car_156": [7, 4], "car_157": [10, 3], "car_154": [0, 2], "car_155": [1, 0], "car_152": [6, 5], "car_153": [9, 0], "car_150": [2, 1], "car_151": [5, 1], "car_1208": [5, 7], "car_1209": [0, 5], "car_1204": [5, 6], "car_1205": [4, 5], "car_1206": [10, 6], "car_1207": [2, 1], "car_1200": [3, 1], "car_1201": [8, 4], "car_1202": [7, 3], "car_1203": [2, 4], "car_2601": [0, 3], "car_2403": [7, 4], "car_3252": [11, 5], "car_3334": [8, 2], "car_3335": [11, 4], "car_1808": [6, 5], "car_3255": [3, 2], "car_3332": [9, 6], "car_1809": [9, 2], "car_3333": [3, 2], "car_2649": [2, 3], "car_2612": [3, 5], "car_2613": [1, 4], "car_2641": [0, 6], "car_2640": [9, 3], "car_2643": [5, 4], "car_2642": [8, 6], "car_2645": [0, 4], "car_2644": [9, 0], "car_2647": [11, 7], "car_2646": [3, 6], "car_1510": [3, 2], "car_1511": [11, 0], "car_1512": [2, 6], "car_1513": [0, 5], "car_1514": [3, 2], "car_1515": [8, 1], "car_1516": [11, 7], "car_1517": [7, 2], "car_1518": [10, 5], "car_1519": [6, 5], "car_2531": [7, 4], "car_2965": [10, 0], "car_2530": [4, 7], "car_2966": [2, 5], "car_3366": [1, 6], "car_2537": [1, 6], "car_2967": [6, 2], "car_2536": [8, 2], "car_2968": [9, 6], "car_2855": [1, 4], "car_1198": [6, 2], "car_1199": [0, 1], "car_2969": [0, 5], "car_1194": [4, 6], "car_1195": [7, 3], "car_1196": [10, 7], "car_1197": [5, 1], "car_1190": [6, 7], "car_1191": [8, 7], "car_1192": [11, 4], "car_1193": [1, 5], "car_2619": [0, 6], "car_2429": [1, 6], "car_2428": [0, 6], "car_2425": [8, 4], "car_2424": [3, 0], "car_2427": [7, 5], "car_2426": [4, 7], "car_2421": [7, 2], "car_2126": [3, 0], "car_2423": [5, 7], "car_2422": [2, 4], "car_2856": [4, 3], "car_2127": [4, 2], "car_978": [11, 3], "car_979": [1, 3], "car_974": [11, 7], "car_975": [1, 4], "car_976": [4, 2], "car_977": [6, 2], "car_970": [5, 1], "car_971": [6, 5], "car_972": [3, 5], "car_973": [8, 1], "car_1424": [11, 3], "car_1425": [4, 1], "car_1426": [7, 2], "car_1427": [10, 7], "car_1420": [7, 2], "car_1421": [5, 0], "car_1422": [6, 3], "car_1423": [8, 2], "car_2402": [1, 5], "car_1428": [5, 1], "car_1429": [9, 1], "car_2857": [7, 5], "car_3259": [10, 3], "car_3358": [8, 0], "car_3359": [10, 5], "car_3354": [5, 2], "car_2128": [7, 1], "car_3356": [0, 1], "car_3357": [3, 7], "car_3350": [10, 5], "car_3258": [7, 3], "car_3352": [3, 2], "car_2129": [6, 7], "car_2511": [9, 3], "car_2510": [6, 2], "car_2513": [8, 0], "car_2512": [0, 3], "car_2515": [7, 4], "car_2514": [4, 0], "car_2517": [6, 7], "car_2516": [2, 3], "car_2519": [3, 1], "car_2518": [9, 6], "car_1738": [3, 1], "car_1739": [8, 3], "car_1730": [3, 4], "car_1731": [11, 7], "car_1732": [7, 1], "car_1733": [10, 3], "car_1734": [2, 0], "car_1735": [5, 7], "car_1736": [6, 5], "car_1737": [0, 2], "car_54": [4, 1], "car_55": [7, 3], "car_56": [2, 5], "car_57": [5, 1], "car_50": [4, 1], "car_51": [2, 5], "car_52": [3, 6], "car_53": [1, 2], "car_58": [6, 7], "car_59": [0, 6], "car_2609": [5, 0], "car_552": [0, 3], "car_805": [7, 0], "car_550": [7, 1], "car_551": [10, 2], "car_556": [7, 2], "car_557": [2, 6], "car_554": [8, 3], "car_555": [4, 7], "car_558": [6, 1], "car_559": [0, 6], "car_808": [9, 5], "car_809": [0, 2], "car_2357": [8, 3], "car_2356": [0, 5], "car_2355": [9, 1], "car_2354": [10, 2], "car_2353": [7, 3], "car_2352": [4, 3], "car_2351": [11, 0], "car_2350": [8, 3], "car_2359": [1, 5], "car_2358": [11, 2], "car_1757": [1, 7], "car_2339": [8, 5], "car_2469": [4, 2], "car_3174": [4, 0], "car_2915": [7, 5], "car_3176": [2, 7], "car_3177": [6, 3], "car_3170": [1, 6], "car_3171": [7, 5], "car_3172": [2, 3], "car_2914": [1, 4], "car_3178": [4, 6], "car_3179": [6, 7], "car_3369": [6, 4], "car_2468": [1, 7], "car_3437": [11, 2], "car_703": [2, 6], "car_702": [4, 5], "car_701": [1, 4], "car_700": [8, 2], "car_707": [8, 2], "car_706": [9, 0], "car_705": [6, 0], "car_704": [5, 6], "car_709": [10, 6], "car_708": [7, 5], "car_3436": [8, 0], "car_3008": [1, 6], "car_3009": [2, 6], "car_3000": [0, 4], "car_3001": [8, 5], "car_3002": [1, 4], "car_3003": [7, 2], "car_3004": [6, 0], "car_3005": [9, 2], "car_3006": [3, 1], "car_3007": [8, 6], "car_2221": [7, 5], "car_2308": [9, 4], "car_2400": [0, 1], "car_2309": [3, 0], "car_3201": [1, 4], "car_1987": [6, 4], "car_1986": [2, 1], "car_1985": [10, 3], "car_1984": [7, 2], "car_1983": [4, 7], "car_1982": [11, 6], "car_1981": [3, 7], "car_1980": [9, 3], "car_1989": [8, 7], "car_1988": [3, 7], "car_2768": [3, 5], "car_1855": [8, 5], "car_1796": [4, 7], "car_1857": [1, 7], "car_1856": [11, 3], "car_1851": [2, 4], "car_1850": [10, 3], "car_1853": [9, 4], "car_1797": [2, 1], "car_2336": [2, 4], "car_1859": [7, 2], "car_1794": [8, 3], "car_2230": [11, 3], "car_129": [1, 4], "car_128": [3, 4], "car_2231": [10, 6], "car_123": [10, 7], "car_122": [7, 5], "car_121": [6, 5], "car_120": [2, 0], "car_127": [9, 2], "car_126": [6, 5], "car_125": [5, 0], "car_124": [2, 0], "car_1790": [2, 3], "car_1219": [7, 0], "car_1218": [4, 0], "car_1217": [0, 4], "car_1216": [6, 4], "car_1215": [2, 0], "car_1214": [7, 5], "car_1213": [4, 3], "car_1212": [1, 3], "car_1211": [11, 3], "car_1210": [8, 1], "car_1415": [6, 7], "car_1414": [5, 7], "car_1417": [0, 7], "car_1416": [9, 0], "car_1411": [11, 2], "car_1410": [8, 6], "car_237": [1, 2], "car_236": [8, 4], "car_235": [10, 7], "car_234": [11, 5], "car_233": [10, 4], "car_232": [1, 2], "car_231": [8, 7], "car_230": [3, 2], "car_3372": [1, 6], "car_1412": [7, 1], "car_239": [2, 5], "car_238": [7, 1], "car_2988": [11, 0], "car_2989": [1, 4], "car_2638": [2, 3], "car_2639": [6, 2], "car_2634": [9, 0], "car_2635": [3, 7], "car_2636": [7, 3], "car_2637": [10, 5], "car_2630": [0, 1], "car_2631": [8, 3], "car_2632": [11, 6], "car_2633": [10, 3], "car_1503": [1, 5], "car_1502": [8, 7], "car_1501": [3, 1], "car_1500": [0, 5], "car_1507": [2, 7], "car_1506": [10, 0], "car_1505": [7, 0], "car_1504": [4, 6], "car_3373": [4, 2], "car_1509": [9, 0], "car_1508": [6, 1], "car_3439": [7, 0], "car_1189": [10, 6], "car_1188": [1, 4], "car_1187": [8, 4], "car_1186": [3, 5], "car_1185": [9, 5], "car_1184": [6, 0], "car_1183": [10, 0], "car_1182": [4, 3], "car_1181": [7, 1], "car_1180": [1, 3], "car_2182": [6, 3], "car_2183": [9, 4], "car_2180": [7, 0], "car_2181": [2, 1], "car_2186": [1, 0], "car_2187": [4, 1], "car_2184": [3, 2], "car_2185": [8, 6], "car_3438": [1, 4], "car_2188": [5, 3], "car_2189": [9, 6], "car_949": [7, 3], "car_948": [4, 7], "car_2742": [11, 2], "car_2743": [1, 0], "car_2744": [10, 6], "car_2745": [2, 4], "car_2746": [6, 3], "car_2747": [0, 1], "car_941": [5, 7], "car_940": [2, 7], "car_943": [9, 5], "car_942": [6, 7], "car_945": [3, 1], "car_944": [0, 4], "car_947": [11, 5], "car_946": [8, 3], "car_1437": [8, 5], "car_1436": [6, 3], "car_1435": [2, 5], "car_1434": [10, 0], "car_1433": [4, 2], "car_1432": [8, 1], "car_1431": [3, 7], "car_1430": [0, 3], "car_1439": [7, 5], "car_1438": [1, 2], "car_3501": [10, 5], "car_2238": [5, 1], "car_2823": [3, 2], "car_493": [0, 2], "car_492": [6, 1], "car_491": [2, 5], "car_490": [10, 4], "car_497": [10, 3], "car_496": [7, 6], "car_495": [1, 5], "car_494": [11, 6], "car_3347": [9, 0], "car_3346": [5, 1], "car_499": [6, 5], "car_498": [2, 7], "car_3343": [1, 0], "car_3342": [11, 1], "car_3341": [3, 2], "car_3340": [9, 5], "car_2296": [6, 5], "car_2297": [9, 4], "car_2294": [10, 4], "car_2239": [9, 6], "car_2292": [8, 0], "car_2293": [11, 5], "car_2290": [2, 4], "car_2291": [3, 7], "car_1918": [8, 5], "car_2568": [7, 6], "car_2569": [2, 3], "car_2298": [0, 2], "car_1919": [1, 5], "car_1729": [0, 3], "car_1728": [9, 3], "car_1723": [3, 4], "car_1722": [0, 2], "car_1721": [6, 1], "car_1720": [2, 3], "car_1727": [6, 5], "car_1726": [7, 1], "car_1725": [4, 5], "car_1724": [8, 6], "car_43": [4, 0], "car_42": [11, 1], "car_41": [9, 6], "car_40": [5, 0], "car_47": [0, 4], "car_46": [5, 1], "car_45": [10, 5], "car_44": [7, 5], "car_49": [8, 5], "car_48": [3, 6], "car_1916": [6, 7], "car_3365": [11, 7], "car_1917": [9, 0], "car_3364": [8, 7], "car_3375": [2, 4], "car_3367": [10, 2], "car_1858": [4, 2], "car_831": [9, 7], "car_830": [6, 3], "car_833": [3, 2], "car_832": [0, 6], "car_835": [7, 2], "car_834": [8, 5], "car_837": [5, 0], "car_836": [10, 5], "car_839": [0, 7], "car_838": [9, 4], "car_2360": [4, 0], "car_2361": [10, 1], "car_2366": [1, 0], "car_2367": [7, 3], "car_2364": [9, 4], "car_2365": [0, 3], "car_2168": [5, 0], "car_2169": [0, 4], "car_3509": [2, 0], "car_2160": [8, 5], "car_2161": [4, 3], "car_2162": [2, 1], "car_2163": [6, 2], "car_2164": [3, 5], "car_2165": [8, 7], "car_2166": [11, 4], "car_2167": [1, 6], "car_2810": [5, 6], "car_2811": [6, 1], "car_2812": [0, 3], "car_2813": [8, 4], "car_1941": [0, 2], "car_2814": [10, 1], "car_3055": [0, 3], "car_2815": [5, 4], "car_2544": [5, 0], "car_3235": [4, 0], "car_2817": [3, 7], "car_3167": [3, 0], "car_3166": [9, 2], "car_3165": [6, 2], "car_3164": [5, 4], "car_3163": [10, 0], "car_3162": [4, 2], "car_3161": [3, 7], "car_3160": [6, 5], "car_2463": [4, 6], "car_3169": [11, 3], "car_3168": [8, 7], "car_2462": [11, 5], "car_3309": [2, 0], "car_3565": [5, 0], "car_710": [2, 3], "car_711": [9, 4], "car_712": [0, 3], "car_713": [8, 0], "car_714": [1, 2], "car_715": [4, 3], "car_716": [7, 6], "car_717": [2, 6], "car_718": [5, 4], "car_719": [9, 2], "car_1892": [3, 1], "car_3019": [7, 3], "car_3018": [4, 0], "car_3028": [11, 5], "car_3013": [10, 0], "car_3012": [7, 3], "car_3011": [4, 0], "car_3010": [1, 4], "car_3017": [0, 7], "car_3016": [9, 2], "car_3015": [6, 5], "car_2987": [6, 7], "car_3508": [7, 4], "car_3421": [5, 6], "car_1894": [11, 1], "car_2895": [5, 6], "car_3368": [2, 4], "car_138": [6, 5], "car_139": [0, 3], "car_130": [7, 2], "car_131": [10, 0], "car_132": [2, 6], "car_133": [6, 3], "car_134": [1, 0], "car_135": [4, 0], "car_136": [10, 7], "car_137": [5, 3], "car_1222": [0, 6], "car_1223": [3, 5], "car_1220": [10, 4], "car_1221": [2, 4], "car_1226": [5, 2], "car_1227": [0, 5], "car_1224": [7, 0], "car_1225": [2, 7], "car_1886": [0, 1], "car_1887": [3, 6], "car_1228": [8, 6], "car_1229": [11, 4], "car_1882": [10, 5], "car_1883": [2, 0], "car_1880": [1, 3], "car_1881": [7, 5], "car_2621": [10, 4], "car_224": [11, 7], "car_225": [1, 5], "car_226": [4, 3], "car_227": [7, 1], "car_220": [10, 7], "car_221": [2, 6], "car_222": [5, 4], "car_223": [6, 7], "car_228": [2, 1], "car_229": [5, 7], "car_1086": [6, 2], "car_1087": [11, 6], "car_1084": [3, 4], "car_1085": [4, 5], "car_1082": [5, 1], "car_1083": [0, 6], "car_1080": [8, 5], "car_1081": [2, 5], "car_2627": [5, 0], "car_2626": [2, 6], "car_2625": [4, 2], "car_2624": [11, 1], "car_2623": [5, 6], "car_2622": [2, 5], "car_1088": [1, 6], "car_1089": [4, 6], "car_1536": [6, 7], "car_1537": [9, 2], "car_1534": [1, 6], "car_1535": [2, 3], "car_1532": [8, 2], "car_1533": [11, 1], "car_1530": [9, 6], "car_1531": [3, 5], "car_1538": [8, 3], "car_1539": [1, 4], "car_3512": [10, 1], "car_956": [8, 0], "car_957": [10, 0], "car_954": [0, 2], "car_955": [3, 2], "car_952": [6, 0], "car_953": [9, 2], "car_950": [10, 0], "car_951": [2, 4], "car_1827": [6, 3], "car_2199": [7, 4], "car_2198": [4, 6], "car_958": [2, 5], "car_959": [8, 2], "car_1158": [5, 1], "car_1159": [6, 0], "car_1408": [9, 7], "car_1409": [3, 5], "car_2757": [2, 6], "car_2756": [10, 3], "car_2755": [1, 3], "car_1829": [3, 0], "car_1150": [10, 7], "car_1151": [2, 1], "car_1152": [5, 1], "car_1153": [9, 5], "car_1154": [0, 7], "car_1155": [3, 2], "car_1156": [8, 7], "car_1157": [11, 4], "car_2532": [2, 1], "car_2380": [5, 2], "car_3510": [0, 1], "car_2764": [4, 3], "car_2381": [6, 4], "car_2382": [3, 4], "car_2383": [11, 2], "car_1826": [11, 6], "car_3314": [1, 4], "car_3315": [7, 3], "car_480": [11, 5], "car_481": [1, 2], "car_482": [4, 7], "car_483": [7, 6], "car_484": [5, 3], "car_485": [9, 0], "car_486": [3, 0], "car_487": [11, 2], "car_488": [4, 6], "car_489": [7, 0], "car_2283": [10, 1], "car_2282": [1, 6], "car_2285": [6, 5], "car_2284": [5, 2], "car_2287": [4, 1], "car_2286": [0, 2], "car_2577": [9, 5], "car_853": [2, 0], "car_2575": [10, 7], "car_2574": [4, 7], "car_2573": [1, 5], "car_2572": [11, 1], "car_2571": [3, 0], "car_852": [10, 3], "car_851": [7, 0], "car_2579": [8, 6], "car_2578": [3, 1], "car_582": [7, 3], "car_1718": [8, 1], "car_1719": [4, 0], "car_1716": [9, 4], "car_857": [11, 2], "car_1714": [2, 1], "car_1715": [5, 3], "car_1712": [1, 4], "car_1713": [7, 2], "car_1710": [8, 1], "car_856": [8, 4], "car_2982": [6, 1], "car_1828": [9, 5], "car_855": [0, 1], "car_2983": [3, 6], "car_854": [6, 7], "car_2980": [7, 0], "car_2981": [5, 6], "car_2739": [5, 0], "car_2738": [10, 3], "car_3494": [3, 1], "car_2379": [10, 7], "car_2378": [7, 4], "car_828": [10, 6], "car_829": [5, 2], "car_826": [1, 5], "car_827": [4, 6], "car_824": [0, 5], "car_825": [11, 7], "car_822": [5, 3], "car_823": [9, 7], "car_820": [10, 5], "car_821": [2, 4], "car_3484": [0, 1], "car_3485": [7, 4], "car_2179": [4, 2], "car_2178": [1, 4], "car_3480": [10, 1], "car_3481": [2, 7], "car_3482": [6, 7], "car_3483": [9, 3], "car_2173": [7, 4], "car_2172": [1, 7], "car_2171": [11, 7], "car_2170": [8, 0], "car_2177": [11, 2], "car_2176": [0, 2], "car_2175": [5, 7], "car_2174": [2, 7], "car_3238": [0, 5], "car_2535": [3, 1], "car_3349": [1, 0], "car_3218": [6, 1], "car_3158": [2, 7], "car_3159": [5, 4], "car_2534": [0, 7], "car_3499": [8, 5], "car_3152": [10, 6], "car_3153": [5, 6], "car_3150": [1, 6], "car_3151": [4, 2], "car_3156": [3, 2], "car_3157": [4, 6], "car_3154": [9, 2], "car_3155": [0, 7], "car_3398": [7, 5], "car_3399": [2, 3], "car_3390": [3, 1], "car_3391": [8, 1], "car_3392": [7, 2], "car_3393": [5, 0], "car_3394": [0, 3], "car_3395": [8, 2], "car_3396": [11, 3], "car_3397": [1, 3], "car_3389": [9, 0], "car_729": [5, 1], "car_728": [2, 7], "car_725": [6, 0], "car_724": [5, 2], "car_727": [1, 2], "car_726": [8, 1], "car_721": [8, 5], "car_720": [3, 4], "car_723": [7, 0], "car_722": [11, 2], "car_2708": [4, 7], "car_3029": [1, 4], "car_3026": [5, 3], "car_3027": [9, 1], "car_3024": [7, 3], "car_3025": [10, 5], "car_3022": [11, 2], "car_3023": [1, 6], "car_3020": [10, 3], "car_3021": [2, 0], "car_3519": [5, 2], "car_2620": [4, 7], "car_3275": [9, 1], "car_1795": [11, 3], "car_3274": [6, 0], "car_1792": [6, 1], "car_3226": [5, 6], "car_1793": [9, 3], "car_2440": [9, 6], "car_105": [7, 5], "car_104": [1, 4], "car_107": [2, 5], "car_106": [10, 5], "car_101": [6, 5], "car_100": [7, 3], "car_103": [3, 1], "car_102": [0, 2], "car_1888": [7, 5], "car_109": [6, 7], "car_108": [5, 6], "car_1791": [5, 2], "car_1235": [3, 1], "car_1234": [5, 0], "car_1237": [1, 2], "car_1236": [11, 3], "car_1231": [4, 2], "car_1230": [1, 6], "car_1233": [2, 0], "car_1232": [10, 6], "car_1899": [3, 1], "car_1898": [0, 4], "car_1239": [7, 1], "car_1238": [4, 3], "car_3511": [3, 4], "car_3516": [8, 1], "car_3517": [4, 6], "car_3514": [5, 3], "car_3141": [0, 2], "car_3515": [0, 1], "car_211": [4, 1], "car_210": [11, 4], "car_213": [10, 0], "car_212": [7, 4], "car_215": [6, 3], "car_214": [5, 4], "car_217": [11, 2], "car_216": [3, 7], "car_219": [4, 2], "car_218": [1, 0], "car_3518": [10, 3], "car_2676": [5, 3], "car_1529": [6, 5], "car_1528": [2, 3], "car_2610": [9, 7], "car_2611": [0, 7], "car_2616": [5, 1], "car_2617": [6, 5], "car_2614": [4, 1], "car_2615": [7, 4], "car_1521": [3, 4], "car_1520": [0, 3], "car_1523": [7, 6], "car_1522": [8, 3], "car_1525": [2, 3], "car_1524": [10, 4], "car_1527": [11, 1], "car_1526": [9, 1], "car_3227": [0, 4], "car_2849": [1, 3], "car_2700": [6, 3], "car_2848": [11, 7], "car_2740": [9, 1], "car_3222": [11, 0], "car_2741": [0, 5], "car_3223": [4, 7], "car_2313": [8, 6], "car_2701": [8, 0], "car_2312": [3, 2], "car_2311": [5, 1], "car_923": [10, 7], "car_922": [7, 0], "car_921": [4, 5], "car_920": [1, 6], "car_927": [4, 2], "car_926": [8, 5], "car_925": [0, 2], "car_924": [5, 1], "car_2317": [4, 3], "car_929": [5, 4], "car_928": [10, 6], "car_2316": [4, 1], "car_2766": [6, 7], "car_2748": [3, 1], "car_1149": [7, 3], "car_1148": [8, 4], "car_1419": [11, 7], "car_1418": [3, 6], "car_2760": [3, 1], "car_2749": [1, 3], "car_1143": [8, 7], "car_1142": [3, 7], "car_1141": [7, 1], "car_1140": [4, 0], "car_1147": [0, 3], "car_1146": [9, 0], "car_1145": [6, 0], "car_1144": [5, 6], "car_1099": [11, 5], "car_1098": [3, 2], "car_3385": [8, 4], "car_1091": [9, 6], "car_1090": [6, 1], "car_1093": [3, 2], "car_1092": [0, 5], "car_1095": [7, 2], "car_1094": [11, 1], "car_1097": [6, 7], "car_1096": [5, 4], "car_2818": [4, 2], "car_2819": [7, 0], "car_2548": [4, 6], "car_2549": [5, 7], "car_3361": [5, 1], "car_3360": [2, 3], "car_3363": [0, 7], "car_3362": [9, 6], "car_2542": [4, 2], "car_2543": [10, 7], "car_2540": [0, 4], "car_2541": [1, 2], "car_2546": [8, 1], "car_2547": [1, 5], "car_2521": [1, 2], "car_2545": [6, 4], "car_3563": [7, 1], "car_3562": [4, 2], "car_3561": [11, 4], "car_3384": [3, 2], "car_3567": [8, 3], "car_3566": [6, 1], "car_3468": [11, 2], "car_3564": [2, 3], "car_3569": [7, 0], "car_3568": [1, 6], "car_1701": [2, 7], "car_1700": [7, 0], "car_1703": [9, 2], "car_1702": [5, 1], "car_1705": [1, 0], "car_1704": [3, 2], "car_1707": [7, 5], "car_1706": [4, 2], "car_1709": [0, 1], "car_1708": [10, 0], "car_2522": [4, 0], "car_2523": [7, 0], "car_589": [0, 1], "car_588": [5, 1], "car_859": [4, 7], "car_858": [1, 2], "car_2384": [1, 0], "car_2385": [7, 2], "car_1695": [2, 5], "car_2387": [6, 3], "car_581": [0, 7], "car_580": [5, 6], "car_583": [10, 2], "car_850": [4, 6], "car_585": [5, 6], "car_584": [2, 0], "car_587": [10, 0], "car_586": [1, 0], "car_3497": [10, 2], "car_3496": [4, 7], "car_3495": [11, 7], "car_2002": [9, 6], "car_3493": [6, 2], "car_3492": [5, 6], "car_2148": [6, 5], "car_2149": [9, 1], "car_2146": [10, 1], "car_2147": [2, 0], "car_2144": [11, 7], "car_2145": [7, 0], "car_2142": [9, 6], "car_2143": [8, 3], "car_2140": [7, 3], "car_2141": [10, 7], "car_3529": [10, 1], "car_2985": [1, 3], "car_3149": [11, 1], "car_3148": [3, 7], "car_3145": [10, 0], "car_3144": [7, 2], "car_3147": [5, 7], "car_3146": [2, 1], "car_2779": [8, 5], "car_3140": [6, 4], "car_3143": [11, 6], "car_3142": [8, 0], "car_457": [3, 6], "car_456": [9, 3], "car_455": [6, 7], "car_454": [10, 1], "car_453": [4, 2], "car_452": [0, 5], "car_451": [6, 1], "car_450": [5, 6], "car_3383": [9, 0], "car_3382": [2, 4], "car_3381": [7, 3], "car_1878": [3, 0], "car_3387": [5, 6], "car_3386": [7, 6], "car_459": [11, 7], "car_458": [8, 6], "car_1877": [6, 4], "car_1876": [5, 1], "car_2778": [3, 4], "car_2993": [3, 5], "car_1875": [10, 0], "car_1874": [7, 0], "car_1873": [4, 2], "car_1872": [1, 3], "car_738": [7, 3], "car_739": [2, 5], "car_1871": [11, 1], "car_733": [7, 4], "car_732": [4, 3], "car_32": [2, 7], "car_730": [6, 2], "car_731": [0, 5], "car_736": [11, 7], "car_737": [1, 4], "car_734": [6, 4], "car_735": [0, 6], "car_3031": [5, 0], "car_1976": [11, 4], "car_3033": [11, 6], "car_3032": [9, 3], "car_3035": [6, 0], "car_3034": [7, 2], "car_3037": [11, 5], "car_1977": [7, 2], "car_3039": [7, 6], "car_3038": [1, 5], "car_3348": [3, 4], "car_1698": [1, 4], "car_3345": [10, 4], "car_3344": [4, 7], "car_3030": [10, 1], "car_38": [10, 0], "car_39": [2, 4], "car_2564": [0, 1], "car_2565": [8, 5], "car_3036": [8, 6], "car_2566": [11, 5], "car_2295": [5, 6], "car_1978": [10, 5], "car_2560": [7, 4], "car_1979": [6, 0], "car_3523": [7, 0], "car_2561": [10, 5], "car_2562": [5, 7], "car_2563": [9, 5], "car_2443": [11, 3], "car_2442": [8, 4], "car_3522": [4, 0], "car_3351": [6, 1], "car_2441": [3, 2], "car_112": [1, 3], "car_113": [4, 6], "car_110": [0, 4], "car_111": [3, 4], "car_116": [9, 1], "car_117": [11, 6], "car_114": [7, 2], "car_115": [10, 0], "car_2447": [8, 1], "car_118": [1, 4], "car_119": [7, 6], "car_2446": [0, 4], "car_2445": [2, 4], "car_3521": [3, 5], "car_2299": [1, 4], "car_2533": [6, 3], "car_2453": [0, 5], "car_3408": [11, 7], "car_2454": [7, 6], "car_3409": [1, 4], "car_1950": [7, 2], "car_1951": [5, 1], "car_1952": [3, 5], "car_1953": [7, 3], "car_1954": [2, 4], "car_1955": [5, 0], "car_208": [9, 3], "car_209": [0, 4], "car_206": [1, 5], "car_207": [7, 0], "car_204": [6, 1], "car_205": [11, 4], "car_202": [2, 0], "car_203": [5, 4], "car_200": [4, 3], "car_201": [7, 6], "car_2605": [4, 7], "car_2604": [1, 6], "car_2607": [10, 1], "car_2606": [7, 1], "car_1558": [9, 0], "car_1559": [8, 1], "car_2603": [8, 4], "car_2602": [3, 2], "car_1554": [7, 5], "car_1555": [10, 4], "car_1556": [2, 0], "car_1557": [6, 2], "car_1550": [6, 7], "car_1551": [3, 1], "car_1552": [8, 6], "car_1553": [4, 0], "car_1398": [9, 4], "car_1399": [0, 3], "car_1392": [8, 4], "car_1393": [11, 4], "car_1390": [0, 1], "car_1391": [3, 7], "car_1396": [2, 4], "car_1397": [5, 7], "car_1394": [4, 0], "car_1395": [10, 7], "car_2598": [5, 2], "car_3544": [4, 5], "car_3404": [5, 1], "car_930": [6, 2], "car_931": [0, 5], "car_932": [10, 6], "car_933": [2, 0], "car_934": [6, 0], "car_935": [9, 6], "car_936": [0, 6], "car_937": [3, 4], "car_938": [11, 2], "car_939": [1, 3], "car_2773": [7, 3], "car_2772": [4, 6], "car_2775": [7, 2], "car_2774": [8, 4], "car_2777": [6, 5], "car_2776": [2, 5], "car_6": [11, 2], "car_7": [1, 2], "car_4": [6, 7], "car_5": [0, 5], "car_2": [7, 6], "car_3": [2, 3], "car_1178": [9, 6], "car_1": [4, 0], "car_1176": [5, 2], "car_1177": [6, 5], "car_1174": [11, 2], "car_1175": [7, 1], "car_1172": [9, 5], "car_1173": [3, 6], "car_8": [4, 5], "car_9": [10, 4], "car_3513": [2, 0], "car_2809": [7, 6], "car_2808": [4, 5], "car_2559": [1, 5], "car_2558": [3, 0], "car_2555": [5, 2], "car_2554": [2, 0], "car_2557": [0, 1], "car_2556": [6, 1], "car_2551": [9, 2], "car_2550": [6, 4], "car_2553": [10, 7], "car_2552": [1, 3], "car_3556": [3, 2], "car_3557": [8, 6], "car_3554": [5, 4], "car_3555": [0, 3], "car_3552": [7, 0], "car_3553": [2, 0], "car_3550": [1, 0], "car_3551": [4, 2], "car_3558": [4, 3], "car_3559": [10, 4], "car_1774": [1, 5], "car_1775": [10, 4], "car_1776": [2, 4], "car_1777": [9, 0], "car_1770": [1, 6], "car_1771": [5, 6], "car_1772": [6, 3], "car_1773": [11, 5], "car_1778": [0, 2], "car_1779": [3, 1], "car_98": [0, 1], "car_99": [11, 0], "car_90": [3, 6], "car_91": [8, 2], "car_92": [11, 2], "car_93": [7, 1], "car_94": [10, 5], "car_95": [2, 3], "car_96": [5, 4], "car_97": [6, 7], "car_596": [3, 0], "car_597": [11, 4], "car_594": [10, 2], "car_595": [2, 1], "car_592": [11, 1], "car_593": [4, 6], "car_590": [3, 6], "car_591": [8, 1], "car_3500": [4, 2], "car_598": [1, 4], "car_599": [7, 0], "car_848": [3, 7], "car_849": [8, 5], "car_2391": [0, 6], "car_2390": [1, 4], "car_2397": [1, 2], "car_2396": [9, 2], "car_2395": [6, 7], "car_2394": [2, 7], "car_840": [1, 0], "car_841": [4, 2], "car_842": [2, 3], "car_843": [6, 0], "car_844": [0, 5], "car_845": [3, 0], "car_846": [11, 7], "car_847": [7, 4], "car_1608": [2, 1], "car_1609": [6, 4], "car_2153": [0, 5], "car_2152": [6, 5], "car_2155": [1, 5], "car_2154": [3, 4], "car_2157": [2, 1], "car_2156": [7, 4], "car_1600": [1, 4], "car_1601": [4, 0], "car_1602": [2, 6], "car_1603": [9, 7], "car_1604": [0, 7], "car_1605": [8, 5], "car_1606": [4, 7], "car_1607": [10, 0], "car_2369": [5, 2], "car_3538": [5, 3], "car_2362": [2, 5], "car_2363": [5, 4], "car_444": [5, 7], "car_445": [6, 4], "car_446": [3, 4], "car_447": [8, 2], "car_440": [6, 5], "car_441": [8, 2], "car_442": [4, 6], "car_443": [2, 0], "car_448": [7, 4], "car_449": [2, 1], "car_2717": [9, 7], "car_2716": [6, 4], "car_3210": [6, 5], "car_2715": [2, 1], "car_2201": [5, 6], "car_2714": [10, 2], "car_2200": [10, 4], "car_2713": [7, 2], "car_2712": [0, 7], "car_2711": [9, 3], "car_2710": [5, 7], "car_3405": [9, 7], "car_3044": [0, 4], "car_3045": [8, 5], "car_3046": [7, 1], "car_3047": [10, 0], "car_3040": [6, 7], "car_3041": [0, 7], "car_3042": [8, 3], "car_3043": [4, 2], "car_3048": [6, 0], "car_3049": [8, 3], "car_2209": [6, 7], "car_3534": [1, 2], "car_2208": [5, 3], "car_3535": [4, 1], "car_2324": [6, 0], "car_695": [4, 3], "car_694": [1, 5], "car_697": [10, 3], "car_696": [7, 6], "car_691": [2, 1], "car_690": [7, 2], "car_693": [0, 5], "car_692": [5, 2], "car_699": [0, 4], "car_698": [9, 7], "car_3479": [7, 3], "car_3478": [4, 1], "car_2399": [5, 4], "car_3571": [5, 6], "car_1943": [7, 6], "car_1942": [4, 3], "car_279": [2, 5], "car_278": [1, 0], "car_1947": [8, 4], "car_1946": [6, 4], "car_1945": [2, 4], "car_1944": [10, 5], "car_273": [8, 2], "car_272": [3, 2], "car_271": [6, 0], "car_270": [2, 4], "car_277": [11, 3], "car_276": [0, 4], "car_275": [9, 1], "car_274": [11, 3], "car_2946": [8, 0], "car_1925": [11, 4], "car_2944": [0, 5], "car_2945": [3, 6], "car_2942": [5, 1], "car_2943": [9, 6], "car_1549": [5, 3], "car_1548": [7, 5], "car_1547": [4, 1], "car_1546": [1, 6], "car_1545": [0, 2], "car_1544": [9, 2], "car_1543": [2, 7], "car_1542": [10, 2], "car_1541": [7, 1], "car_1540": [4, 0], "car_1389": [6, 7], "car_1388": [5, 4], "car_1385": [1, 6], "car_1384": [9, 7], "car_1387": [7, 3], "car_1386": [4, 6], "car_1381": [4, 6], "car_1380": [1, 2], "car_1383": [10, 1], "car_1382": [7, 4], "car_307": [10, 7], "car_306": [4, 1], "car_305": [11, 4], "car_304": [3, 4], "car_303": [0, 2], "car_302": [2, 1], "car_301": [7, 6], "car_300": [4, 7], "car_804": [4, 5], "car_309": [5, 0], "car_308": [2, 4], "car_3435": [0, 1], "car_909": [10, 5], "car_908": [7, 0], "car_3434": [10, 5], "car_905": [11, 6], "car_904": [8, 6], "car_907": [4, 2], "car_906": [1, 3], "car_901": [4, 7], "car_900": [11, 4], "car_903": [9, 5], "car_902": [2, 4], "car_1161": [8, 1], "car_1160": [0, 2], "car_1163": [4, 2], "car_1162": [1, 4], "car_1165": [2, 1], "car_1164": [10, 4], "car_1167": [6, 1], "car_1166": [5, 0], "car_1169": [11, 6], "car_1168": [8, 0], "car_3539": [9, 2], "car_2432": [9, 6], "car_2433": [3, 1], "car_2430": [4, 1], "car_3549": [11, 1], "car_3548": [3, 5], "car_2322": [10, 3], "car_2431": [2, 4], "car_2838": [1, 3], "car_2839": [7, 6], "car_2836": [3, 2], "car_2436": [4, 2], "car_2834": [9, 0], "car_2835": [0, 5], "car_2832": [2, 6], "car_2833": [5, 3], "car_2830": [0, 7], "car_2437": [7, 2], "car_2010": [9, 1], "car_2011": [0, 6], "car_2012": [8, 7], "car_2013": [4, 5], "car_2014": [10, 3], "car_2015": [5, 6], "car_2016": [9, 7], "car_2017": [0, 3], "car_2018": [11, 7], "car_2019": [1, 4], "car_2435": [11, 5], "car_87": [10, 5], "car_86": [7, 3], "car_85": [4, 2], "car_84": [1, 5], "car_83": [8, 7], "car_82": [3, 7], "car_81": [0, 4], "car_80": [6, 7], "car_3249": [5, 2], "car_2001": [6, 2], "car_89": [9, 7], "car_88": [6, 3], "car_2000": [5, 4], "car_2498": [1, 0], "car_2499": [2, 0], "car_2494": [9, 7], "car_2495": [0, 4], "car_2496": [8, 0], "car_2497": [11, 5], "car_2490": [1, 5], "car_2491": [7, 0], "car_2492": [10, 7], "car_2493": [2, 3], "car_875": [10, 4], "car_874": [7, 2], "car_877": [6, 7], "car_876": [2, 5], "car_871": [8, 2], "car_870": [3, 7], "car_873": [1, 0], "car_872": [11, 3], "car_3228": [8, 4], "car_3242": [5, 3], "car_1694": [10, 7], "car_879": [0, 2], "car_878": [9, 3], "car_3243": [6, 4], "car_1752": [2, 7], "car_1753": [5, 7], "car_1699": [4, 7], "car_2124": [9, 7], "car_2125": [0, 7], "car_1619": [9, 1], "car_1618": [5, 0], "car_2120": [7, 0], "car_2121": [10, 3], "car_2122": [2, 3], "car_2123": [5, 0], "car_1613": [10, 2], "car_1612": [8, 2], "car_1611": [3, 2], "car_1610": [0, 3], "car_1617": [2, 4], "car_1616": [8, 7], "car_1615": [0, 1], "car_1614": [9, 5], "car_1754": [9, 7], "car_1755": [3, 1], "car_2767": [9, 3], "car_2323": [5, 3], "car_471": [5, 2], "car_470": [11, 1], "car_473": [8, 4], "car_472": [6, 7], "car_475": [10, 6], "car_474": [7, 4], "car_477": [0, 3], "car_476": [2, 0], "car_479": [8, 0], "car_478": [3, 5], "car_2232": [2, 3], "car_2233": [0, 1], "car_2234": [8, 3], "car_2235": [1, 5], "car_2236": [4, 7], "car_2237": [2, 4], "car_2769": [8, 7], "car_2765": [2, 7], "car_2038": [11, 7], "car_2709": [10, 5], "car_3229": [4, 7], "car_3057": [11, 3], "car_3056": [3, 2], "car_2762": [11, 7], "car_3054": [5, 0], "car_3053": [2, 4], "car_3052": [10, 2], "car_3051": [1, 7], "car_3050": [11, 3], "car_3059": [5, 3], "car_3058": [2, 5], "car_3303": [6, 5], "car_2039": [4, 2], "car_2763": [1, 5], "car_1819": [1, 0], "car_1818": [11, 4], "car_2386": [10, 7], "car_682": [4, 0], "car_683": [7, 5], "car_680": [8, 1], "car_681": [1, 7], "car_686": [0, 5], "car_687": [3, 1], "car_684": [10, 1], "car_685": [9, 7], "car_688": [11, 1], "car_689": [4, 1], "car_2481": [8, 3], "car_2761": [8, 2], "car_3540": [0, 1], "car_3282": [4, 7], "car_3283": [7, 5], "car_1815": [6, 1], "car_3280": [3, 6], "car_1814": [5, 6], "car_3281": [11, 7], "car_3286": [8, 2], "car_3543": [11, 2], "car_2388": [0, 4], "car_3287": [2, 4], "car_3284": [2, 0], "car_3285": [0, 1], "car_3542": [8, 5], "car_2389": [11, 5], "car_3288": [8, 5], "car_3289": [11, 1], "car_1670": [4, 3], "car_1956": [9, 3], "car_3302": [7, 2], "car_1957": [0, 1], "car_3324": [2, 5], "car_1958": [11, 4], "car_1959": [10, 3], "car_3545": [7, 5], "car_2003": [3, 1], "car_268": [1, 0], "car_269": [7, 1], "car_1974": [0, 4], "car_1975": [8, 1], "car_1972": [6, 3], "car_1973": [9, 1], "car_1970": [0, 6], "car_1971": [8, 0], "car_260": [1, 7], "car_261": [4, 2], "car_262": [5, 1], "car_263": [6, 0], "car_264": [9, 7], "car_265": [0, 1], "car_266": [3, 7], "car_267": [8, 4], "car_1572": [0, 7], "car_1573": [3, 2], "car_1570": [6, 4], "car_1571": [9, 4], "car_1576": [1, 6], "car_1577": [4, 5], "car_1574": [8, 3], "car_1575": [11, 0], "car_1578": [7, 6], "car_1579": [6, 7], "car_2971": [11, 7], "car_1370": [2, 7], "car_1371": [0, 3], "car_1372": [3, 2], "car_1373": [11, 2], "car_1374": [1, 6], "car_1375": [7, 0], "car_1376": [10, 3], "car_1377": [0, 3], "car_1378": [8, 1], "car_1379": [11, 0], "car_3014": [5, 4], "car_3254": [6, 3], "car_2600": [9, 0], "car_2975": [10, 5], "car_2974": [7, 0], "car_314": [11, 2], "car_315": [1, 0], "car_316": [7, 6], "car_317": [2, 1], "car_310": [6, 4], "car_311": [9, 2], "car_312": [3, 1], "car_313": [8, 3], "car_318": [9, 2], "car_319": [8, 5], "car_918": [8, 4], "car_919": [11, 6], "car_2719": [3, 4], "car_2718": [0, 7], "car_912": [9, 5], "car_913": [0, 1], "car_910": [5, 4], "car_911": [6, 0], "car_916": [0, 2], "car_917": [3, 5], "car_914": [3, 7], "car_915": [9, 6], "car_1114": [9, 0], "car_1115": [0, 4], "car_1116": [3, 2], "car_1117": [11, 6], "car_1110": [2, 0], "car_1111": [1, 0], "car_1112": [10, 3], "car_1113": [6, 4], "car_1118": [4, 5], "car_1119": [7, 1], "car_1284": [0, 6], "car_1285": [3, 6], "car_1286": [4, 1], "car_1287": [6, 7], "car_1280": [10, 5], "car_1281": [5, 0], "car_1282": [6, 7], "car_1283": [9, 1], "car_3458": [8, 6], "car_2130": [3, 5], "car_1288": [9, 5], "car_1289": [3, 5], "car_2959": [5, 6], "car_2958": [2, 0], "car_2951": [1, 6], "car_2950": [8, 2], "car_2953": [5, 1], "car_2952": [2, 0], "car_2955": [9, 1], "car_2954": [6, 4], "car_2957": [1, 0], "car_2956": [0, 6], "car_2821": [6, 4], "car_2820": [10, 2], "car_1744": [0, 1], "car_2822": [9, 2], "car_2825": [1, 4], "car_2824": [8, 1], "car_2827": [10, 0], "car_2826": [7, 0], "car_2829": [6, 5], "car_2828": [2, 5], "car_3536": [7, 2], "car_3537": [10, 5], "car_3530": [2, 4], "car_3531": [9, 2], "car_3532": [0, 2], "car_3533": [8, 6], "car_1028": [3, 2], "car_1029": [8, 6], "car_1758": [9, 5], "car_1759": [8, 1], "car_2007": [8, 1], "car_2006": [9, 5], "car_2005": [5, 7], "car_2004": [2, 3], "car_1020": [9, 7], "car_1021": [7, 2], "car_1022": [2, 1], "car_1023": [3, 6], "car_1024": [11, 1], "car_1025": [10, 6], "car_1026": [2, 0], "car_1027": [5, 4], "car_1598": [0, 4], "car_1599": [11, 2], "car_1590": [7, 5], "car_1591": [10, 1], "car_1592": [0, 1], "car_1593": [8, 5], "car_1594": [0, 5], "car_1595": [11, 2], "car_1596": [7, 5], "car_1597": [2, 7], "car_2489": [8, 0], "car_2488": [3, 7], "car_2487": [6, 4], "car_2486": [2, 3], "car_2485": [10, 2], "car_2484": [7, 0], "car_2483": [4, 6], "car_2482": [11, 5], "car_1746": [10, 4], "car_2480": [3, 6], "car_862": [5, 3], "car_863": [6, 0], "car_860": [10, 7], "car_861": [2, 3], "car_866": [4, 2], "car_867": [10, 3], "car_864": [0, 4], "car_865": [3, 0], "car_868": [2, 0], "car_869": [0, 3], "car_3440": [2, 6], "car_3441": [5, 1], "car_3442": [6, 7], "car_3443": [9, 3], "car_3444": [0, 4], "car_3445": [7, 5], "car_3446": [2, 4], "car_3447": [5, 2], "car_3448": [6, 1], "car_3449": [0, 5], "car_1741": [7, 2], "car_2137": [9, 1], "car_2136": [5, 3], "car_2135": [2, 6], "car_2134": [7, 5], "car_2133": [4, 3], "car_2132": [1, 6], "car_1628": [10, 3], "car_1629": [2, 4], "car_1626": [11, 2], "car_1627": [1, 5], "car_1624": [9, 1], "car_1625": [3, 6], "car_1622": [10, 1], "car_1623": [2, 7], "car_1620": [8, 7], "car_1621": [4, 6], "car_1740": [11, 3]}