<routes>

	<vType id="car5" accel="100.0" decel="100.0" sigma="0.0" length="5" minGap="5.000000" maxSpeed="11.180000" tau="0.100000" carFollowModel="CACC" color="255,255,255"/>
	<vType id="car6" accel="100.0" decel="100.0" sigma="0.0" length="6" minGap="5.000000" maxSpeed="11.180000" tau="0.100000" carFollowModel="CACC" color="255,255,255"/>
	<vType id="car7" accel="100.0" decel="100.0" sigma="0.0" length="7" minGap="5.000000" maxSpeed="11.180000" tau="0.100000" carFollowModel="CACC" color="255,255,255"/>
	<vType id="car8" accel="100.0" decel="100.0" sigma="0.0" length="8" minGap="5.000000" maxSpeed="11.180000" tau="0.100000" carFollowModel="CACC" color="255,255,255"/>
	<vType id="car9" accel="100.0" decel="100.0" sigma="0.0" length="9" minGap="5.000000" maxSpeed="11.180000" tau="0.100000" carFollowModel="CACC" color="255,255,255"/>

	<route id="0" edges=" 001_001_1"/>
	<route id="3" edges=" 001_003_2"/>
	<route id="8" edges=" 003_001_3"/>
	<route id="11" edges=" 001_001_4"/>
	<route id="1" edges=" 001_002_1"/>
	<route id="4" edges=" 002_003_2"/>
	<route id="7" edges=" 003_002_3"/>
	<route id="10" edges=" 002_001_4"/>
	<route id="2" edges=" 001_003_1"/>
	<route id="5" edges=" 003_003_2"/>
	<route id="6" edges=" 003_003_3"/>
	<route id="9" edges=" 003_001_4"/>

	<vehicle id="car_0" type="car8" route="9" depart="2" departLane = "1" departSpeed="11.180000"/>
	<vehicle id="car_1" type="car7" route="3" depart="3" departLane = "2" departSpeed="11.180000"/>
	<vehicle id="car_2" type="car6" route="6" depart="3" departLane = "1" departSpeed="11.180000"/>
	<vehicle id="car_3" type="car8" route="7" depart="5" departLane = "2" departSpeed="11.180000"/>
	<vehicle id="car_4" type="car8" route="0" depart="7" departLane = "1" departSpeed="11.180000"/>
	<vehicle id="car_5" type="car7" route="0" depart="8" departLane = "2" departSpeed="11.180000"/>
	<vehicle id="car_6" type="car8" route="8" depart="8" departLane = "1" departSpeed="11.180000"/>
	<vehicle id="car_7" type="car5" route="7" depart="8" departLane = "2" departSpeed="11.180000"/>
	<vehicle id="car_8" type="car7" route="9" depart="8" departLane = "0" departSpeed="11.180000"/>
	<vehicle id="car_9" type="car5" route="4" depart="9" departLane = "2" departSpeed="11.180000"/>
	<vehicle id="car_10" type="car8" route="3" depart="10" departLane = "2" departSpeed="11.180000"/>
	<vehicle id="car_11" type="car8" route="11" depart="11" departLane = "1" departSpeed="11.180000"/>
	<vehicle id="car_12" type="car5" route="4" depart="12" departLane = "1" departSpeed="11.180000"/>
	<vehicle id="car_13" type="car7" route="11" depart="13" departLane = "0" departSpeed="11.180000"/>
	<vehicle id="car_14" type="car8" route="7" depart="14" departLane = "2" departSpeed="11.180000"/>
	<vehicle id="car_15" type="car9" route="9" depart="14" departLane = "1" departSpeed="11.180000"/>
	<vehicle id="car_16" type="car6" route="2" depart="15" departLane = "1" departSpeed="11.180000"/>
	<vehicle id="car_17" type="car5" route="1" depart="16" departLane = "2" departSpeed="11.180000"/>
	<vehicle id="car_18" type="car8" route="2" depart="16" departLane = "2" departSpeed="11.180000"/>
	<vehicle id="car_19" type="car5" route="1" depart="17" departLane = "1" departSpeed="11.180000"/>
	<vehicle id="car_20" type="car5" route="2" depart="17" departLane = "2" departSpeed="11.180000"/>
	<vehicle id="car_21" type="car5" route="3" depart="18" departLane = "1" departSpeed="11.180000"/>
	<vehicle id="car_22" type="car9" route="4" depart="18" departLane = "1" departSpeed="11.180000"/>
	<vehicle id="car_23" type="car5" route="10" depart="19" departLane = "2" departSpeed="11.180000"/>
	<vehicle id="car_24" type="car6" route="2" depart="19" departLane = "1" departSpeed="11.180000"/>
	<vehicle id="car_25" type="car9" route="10" depart="20" departLane = "2" departSpeed="11.180000"/>
	<vehicle id="car_26" type="car9" route="3" depart="21" departLane = "0" departSpeed="11.180000"/>
	<vehicle id="car_27" type="car5" route="3" depart="23" departLane = "0" departSpeed="11.180000"/>
	<vehicle id="car_28" type="car5" route="7" depart="23" departLane = "2" departSpeed="11.180000"/>
	<vehicle id="car_29" type="car5" route="2" depart="23" departLane = "2" departSpeed="11.180000"/>
	<vehicle id="car_30" type="car5" route="5" depart="25" departLane = "1" departSpeed="11.180000"/>
	<vehicle id="car_31" type="car9" route="6" depart="25" departLane = "2" departSpeed="11.180000"/>
	<vehicle id="car_32" type="car8" route="3" depart="26" departLane = "0" departSpeed="11.180000"/>
	<vehicle id="car_33" type="car5" route="11" depart="26" departLane = "1" departSpeed="11.180000"/>
	<vehicle id="car_34" type="car7" route="0" depart="27" departLane = "0" departSpeed="11.180000"/>
	<vehicle id="car_35" type="car5" route="2" depart="29" departLane = "2" departSpeed="11.180000"/>
	<vehicle id="car_36" type="car9" route="8" depart="30" departLane = "2" departSpeed="11.180000"/>
	<vehicle id="car_37" type="car8" route="0" depart="31" departLane = "2" departSpeed="11.180000"/>
	<vehicle id="car_38" type="car9" route="8" depart="31" departLane = "2" departSpeed="11.180000"/>
	<vehicle id="car_39" type="car5" route="11" depart="31" departLane = "1" departSpeed="11.180000"/>
	<vehicle id="car_40" type="car9" route="4" depart="31" departLane = "2" departSpeed="11.180000"/>
	<vehicle id="car_41" type="car6" route="0" depart="32" departLane = "0" departSpeed="11.180000"/>
	<vehicle id="car_42" type="car5" route="11" depart="34" departLane = "0" departSpeed="11.180000"/>
	<vehicle id="car_43" type="car7" route="1" depart="34" departLane = "1" departSpeed="11.180000"/>
	<vehicle id="car_44" type="car7" route="2" depart="34" departLane = "1" departSpeed="11.180000"/>
	<vehicle id="car_45" type="car7" route="5" depart="34" departLane = "1" departSpeed="11.180000"/>
	<vehicle id="car_46" type="car8" route="10" depart="36" departLane = "1" departSpeed="11.180000"/>
	<vehicle id="car_47" type="car6" route="9" depart="37" departLane = "1" departSpeed="11.180000"/>
	<vehicle id="car_48" type="car8" route="10" depart="38" departLane = "0" departSpeed="11.180000"/>
	<vehicle id="car_49" type="car6" route="11" depart="41" departLane = "2" departSpeed="11.180000"/>
	<vehicle id="car_50" type="car7" route="4" depart="41" departLane = "2" departSpeed="11.180000"/>
	<vehicle id="car_51" type="car9" route="10" depart="41" departLane = "2" departSpeed="11.180000"/>
	<vehicle id="car_52" type="car5" route="5" depart="41" departLane = "1" departSpeed="11.180000"/>
	<vehicle id="car_53" type="car6" route="3" depart="44" departLane = "0" departSpeed="11.180000"/>
	<vehicle id="car_54" type="car8" route="11" depart="44" departLane = "0" departSpeed="11.180000"/>
	<vehicle id="car_55" type="car5" route="6" depart="45" departLane = "0" departSpeed="11.180000"/>
	<vehicle id="car_56" type="car5" route="3" depart="47" departLane = "1" departSpeed="11.180000"/>
	<vehicle id="car_57" type="car9" route="0" depart="48" departLane = "0" departSpeed="11.180000"/>
	<vehicle id="car_58" type="car9" route="8" depart="48" departLane = "2" departSpeed="11.180000"/>
	<vehicle id="car_59" type="car5" route="1" depart="48" departLane = "2" departSpeed="11.180000"/>
	<vehicle id="car_60" type="car7" route="10" depart="48" departLane = "2" departSpeed="11.180000"/>
	<vehicle id="car_61" type="car5" route="2" depart="48" departLane = "1" departSpeed="11.180000"/>
	<vehicle id="car_62" type="car8" route="3" depart="50" departLane = "0" departSpeed="11.180000"/>
	<vehicle id="car_63" type="car5" route="1" depart="52" departLane = "1" departSpeed="11.180000"/>
	<vehicle id="car_64" type="car8" route="7" depart="52" departLane = "2" departSpeed="11.180000"/>
	<vehicle id="car_65" type="car6" route="6" depart="53" departLane = "1" departSpeed="11.180000"/>
	<vehicle id="car_66" type="car5" route="6" depart="54" departLane = "2" departSpeed="11.180000"/>
	<vehicle id="car_67" type="car8" route="6" depart="55" departLane = "0" departSpeed="11.180000"/>
	<vehicle id="car_68" type="car5" route="3" depart="56" departLane = "2" departSpeed="11.180000"/>
	<vehicle id="car_69" type="car9" route="1" depart="57" departLane = "1" departSpeed="11.180000"/>
	<vehicle id="car_70" type="car5" route="4" depart="57" departLane = "2" departSpeed="11.180000"/>
	<vehicle id="car_71" type="car9" route="9" depart="57" departLane = "0" departSpeed="11.180000"/>
	<vehicle id="car_72" type="car9" route="8" depart="58" departLane = "1" departSpeed="11.180000"/>
	<vehicle id="car_73" type="car9" route="5" depart="58" departLane = "0" departSpeed="11.180000"/>
	<vehicle id="car_74" type="car8" route="10" depart="60" departLane = "0" departSpeed="11.180000"/>
	<vehicle id="car_75" type="car9" route="7" depart="62" departLane = "1" departSpeed="11.180000"/>
	<vehicle id="car_76" type="car5" route="0" depart="63" departLane = "0" departSpeed="11.180000"/>
	<vehicle id="car_77" type="car7" route="6" depart="66" departLane = "2" departSpeed="11.180000"/>
	<vehicle id="car_78" type="car7" route="2" depart="67" departLane = "2" departSpeed="11.180000"/>
	<vehicle id="car_79" type="car5" route="6" depart="68" departLane = "0" departSpeed="11.180000"/>
	<vehicle id="car_80" type="car7" route="4" depart="69" departLane = "2" departSpeed="11.180000"/>
	<vehicle id="car_81" type="car7" route="2" depart="69" departLane = "1" departSpeed="11.180000"/>
	<vehicle id="car_82" type="car5" route="9" depart="69" departLane = "0" departSpeed="11.180000"/>
	<vehicle id="car_83" type="car9" route="0" depart="70" departLane = "2" departSpeed="11.180000"/>
	<vehicle id="car_84" type="car5" route="6" depart="70" departLane = "0" departSpeed="11.180000"/>
	<vehicle id="car_85" type="car9" route="3" depart="71" departLane = "0" departSpeed="11.180000"/>
	<vehicle id="car_86" type="car7" route="10" depart="71" departLane = "2" departSpeed="11.180000"/>
	<vehicle id="car_87" type="car7" route="4" depart="72" departLane = "1" departSpeed="11.180000"/>
	<vehicle id="car_88" type="car8" route="2" depart="72" departLane = "1" departSpeed="11.180000"/>
	<vehicle id="car_89" type="car7" route="10" depart="73" departLane = "1" departSpeed="11.180000"/>
	<vehicle id="car_90" type="car8" route="8" depart="74" departLane = "0" departSpeed="11.180000"/>
	<vehicle id="car_91" type="car6" route="4" depart="74" departLane = "1" departSpeed="11.180000"/>
	<vehicle id="car_92" type="car5" route="6" depart="74" departLane = "1" departSpeed="11.180000"/>
	<vehicle id="car_93" type="car9" route="1" depart="75" departLane = "0" departSpeed="11.180000"/>
	<vehicle id="car_94" type="car7" route="9" depart="75" departLane = "1" departSpeed="11.180000"/>
	<vehicle id="car_95" type="car5" route="3" depart="76" departLane = "2" departSpeed="11.180000"/>
	<vehicle id="car_96" type="car9" route="4" depart="76" departLane = "1" departSpeed="11.180000"/>
	<vehicle id="car_97" type="car9" route="10" depart="76" departLane = "1" departSpeed="11.180000"/>
	<vehicle id="car_98" type="car6" route="2" depart="76" departLane = "0" departSpeed="11.180000"/>
	<vehicle id="car_99" type="car6" route="2" depart="77" departLane = "0" departSpeed="11.180000"/>
	<vehicle id="car_100" type="car9" route="1" depart="78" departLane = "0" departSpeed="11.180000"/>
	<vehicle id="car_101" type="car9" route="10" depart="78" departLane = "1" departSpeed="11.180000"/>
	<vehicle id="car_102" type="car7" route="8" depart="79" departLane = "2" departSpeed="11.180000"/>
	<vehicle id="car_103" type="car7" route="10" depart="79" departLane = "1" departSpeed="11.180000"/>
	<vehicle id="car_104" type="car8" route="2" depart="80" departLane = "1" departSpeed="11.180000"/>
	<vehicle id="car_105" type="car6" route="5" depart="80" departLane = "2" departSpeed="11.180000"/>
	<vehicle id="car_106" type="car8" route="0" depart="81" departLane = "0" departSpeed="11.180000"/>
	<vehicle id="car_107" type="car8" route="0" depart="84" departLane = "2" departSpeed="11.180000"/>
	<vehicle id="car_108" type="car7" route="3" depart="87" departLane = "2" departSpeed="11.180000"/>
	<vehicle id="car_109" type="car9" route="3" depart="88" departLane = "2" departSpeed="11.180000"/>
	<vehicle id="car_110" type="car9" route="6" depart="88" departLane = "2" departSpeed="11.180000"/>
	<vehicle id="car_111" type="car5" route="10" depart="89" departLane = "1" departSpeed="11.180000"/>
	<vehicle id="car_112" type="car7" route="9" depart="89" departLane = "1" departSpeed="11.180000"/>
	<vehicle id="car_113" type="car5" route="3" depart="91" departLane = "1" departSpeed="11.180000"/>
	<vehicle id="car_114" type="car9" route="3" depart="92" departLane = "1" departSpeed="11.180000"/>
	<vehicle id="car_115" type="car5" route="2" depart="92" departLane = "0" departSpeed="11.180000"/>
	<vehicle id="car_116" type="car7" route="11" depart="93" departLane = "0" departSpeed="11.180000"/>
	<vehicle id="car_117" type="car6" route="0" depart="97" departLane = "2" departSpeed="11.180000"/>
	<vehicle id="car_118" type="car5" route="1" depart="97" departLane = "0" departSpeed="11.180000"/>
	<vehicle id="car_119" type="car6" route="5" depart="97" departLane = "0" departSpeed="11.180000"/>
	<vehicle id="car_120" type="car9" route="11" depart="98" departLane = "2" departSpeed="11.180000"/>
	<vehicle id="car_121" type="car9" route="2" depart="99" departLane = "2" departSpeed="11.180000"/>
	<vehicle id="car_122" type="car8" route="5" depart="101" departLane = "0" departSpeed="11.180000"/>
	<vehicle id="car_123" type="car6" route="6" depart="102" departLane = "1" departSpeed="11.180000"/>
	<vehicle id="car_124" type="car9" route="3" depart="103" departLane = "2" departSpeed="11.180000"/>
	<vehicle id="car_125" type="car5" route="7" depart="105" departLane = "1" departSpeed="11.180000"/>
	<vehicle id="car_126" type="car6" route="6" depart="107" departLane = "2" departSpeed="11.180000"/>
	<vehicle id="car_127" type="car9" route="8" depart="108" departLane = "0" departSpeed="11.180000"/>
	<vehicle id="car_128" type="car9" route="7" depart="108" departLane = "1" departSpeed="11.180000"/>
	<vehicle id="car_129" type="car9" route="8" depart="109" departLane = "1" departSpeed="11.180000"/>
	<vehicle id="car_130" type="car5" route="3" depart="110" departLane = "1" departSpeed="11.180000"/>
	<vehicle id="car_131" type="car9" route="8" depart="110" departLane = "1" departSpeed="11.180000"/>
	<vehicle id="car_132" type="car7" route="1" depart="110" departLane = "1" departSpeed="11.180000"/>
	<vehicle id="car_133" type="car6" route="5" depart="110" departLane = "1" departSpeed="11.180000"/>
	<vehicle id="car_134" type="car9" route="10" depart="111" departLane = "0" departSpeed="11.180000"/>
	<vehicle id="car_135" type="car7" route="0" depart="112" departLane = "1" departSpeed="11.180000"/>
	<vehicle id="car_136" type="car9" route="8" depart="114" departLane = "0" departSpeed="11.180000"/>
	<vehicle id="car_137" type="car8" route="1" depart="114" departLane = "0" departSpeed="11.180000"/>
	<vehicle id="car_138" type="car9" route="3" depart="115" departLane = "2" departSpeed="11.180000"/>
	<vehicle id="car_139" type="car9" route="4" depart="115" departLane = "1" departSpeed="11.180000"/>
	<vehicle id="car_140" type="car8" route="9" depart="115" departLane = "2" departSpeed="11.180000"/>
	<vehicle id="car_141" type="car8" route="5" depart="117" departLane = "1" departSpeed="11.180000"/>
	<vehicle id="car_142" type="car8" route="11" depart="118" departLane = "2" departSpeed="11.180000"/>
	<vehicle id="car_143" type="car6" route="6" depart="118" departLane = "2" departSpeed="11.180000"/>
	<vehicle id="car_144" type="car5" route="11" depart="120" departLane = "1" departSpeed="11.180000"/>
	<vehicle id="car_145" type="car5" route="10" depart="120" departLane = "2" departSpeed="11.180000"/>
	<vehicle id="car_146" type="car9" route="5" depart="121" departLane = "1" departSpeed="11.180000"/>
	<vehicle id="car_147" type="car5" route="4" depart="122" departLane = "2" departSpeed="11.180000"/>
	<vehicle id="car_148" type="car8" route="5" depart="125" departLane = "2" departSpeed="11.180000"/>
	<vehicle id="car_149" type="car6" route="6" depart="125" departLane = "0" departSpeed="11.180000"/>
	<vehicle id="car_150" type="car9" route="0" depart="126" departLane = "2" departSpeed="11.180000"/>
	<vehicle id="car_151" type="car9" route="4" depart="126" departLane = "0" departSpeed="11.180000"/>
	<vehicle id="car_152" type="car7" route="4" depart="127" departLane = "1" departSpeed="11.180000"/>
	<vehicle id="car_153" type="car9" route="4" depart="128" departLane = "0" departSpeed="11.180000"/>
	<vehicle id="car_154" type="car9" route="9" depart="129" departLane = "0" departSpeed="11.180000"/>
	<vehicle id="car_155" type="car5" route="9" depart="131" departLane = "0" departSpeed="11.180000"/>
	<vehicle id="car_156" type="car6" route="10" depart="132" departLane = "1" departSpeed="11.180000"/>
	<vehicle id="car_157" type="car7" route="2" depart="132" departLane = "2" departSpeed="11.180000"/>
	<vehicle id="car_158" type="car9" route="4" depart="133" departLane = "2" departSpeed="11.180000"/>
	<vehicle id="car_159" type="car8" route="11" depart="134" departLane = "0" departSpeed="11.180000"/>
	<vehicle id="car_160" type="car5" route="1" depart="134" departLane = "0" departSpeed="11.180000"/>
	<vehicle id="car_161" type="car6" route="8" depart="135" departLane = "0" departSpeed="11.180000"/>
	<vehicle id="car_162" type="car6" route="4" depart="135" departLane = "1" departSpeed="11.180000"/>
	<vehicle id="car_163" type="car6" route="2" depart="135" departLane = "1" departSpeed="11.180000"/>
	<vehicle id="car_164" type="car5" route="9" depart="135" departLane = "1" departSpeed="11.180000"/>
	<vehicle id="car_165" type="car6" route="3" depart="137" departLane = "2" departSpeed="11.180000"/>
	<vehicle id="car_166" type="car5" route="1" depart="137" departLane = "1" departSpeed="11.180000"/>
	<vehicle id="car_167" type="car6" route="2" depart="137" departLane = "2" departSpeed="11.180000"/>
	<vehicle id="car_168" type="car8" route="3" depart="138" departLane = "0" departSpeed="11.180000"/>
	<vehicle id="car_169" type="car8" route="2" depart="138" departLane = "1" departSpeed="11.180000"/>
	<vehicle id="car_170" type="car7" route="1" depart="142" departLane = "0" departSpeed="11.180000"/>
	<vehicle id="car_171" type="car9" route="5" depart="142" departLane = "1" departSpeed="11.180000"/>
	<vehicle id="car_172" type="car7" route="9" depart="142" departLane = "2" departSpeed="11.180000"/>
	<vehicle id="car_173" type="car9" route="10" depart="143" departLane = "2" departSpeed="11.180000"/>
	<vehicle id="car_174" type="car9" route="7" depart="144" departLane = "2" departSpeed="11.180000"/>
	<vehicle id="car_175" type="car7" route="6" depart="144" departLane = "0" departSpeed="11.180000"/>
	<vehicle id="car_176" type="car7" route="9" depart="144" departLane = "1" departSpeed="11.180000"/>
	<vehicle id="car_177" type="car9" route="1" depart="146" departLane = "1" departSpeed="11.180000"/>
	<vehicle id="car_178" type="car7" route="10" depart="146" departLane = "1" departSpeed="11.180000"/>
	<vehicle id="car_179" type="car5" route="1" depart="147" departLane = "0" departSpeed="11.180000"/>
	<vehicle id="car_180" type="car5" route="4" depart="147" departLane = "1" departSpeed="11.180000"/>
	<vehicle id="car_181" type="car6" route="6" depart="148" departLane = "2" departSpeed="11.180000"/>
	<vehicle id="car_182" type="car9" route="9" depart="148" departLane = "2" departSpeed="11.180000"/>
	<vehicle id="car_183" type="car7" route="7" depart="149" departLane = "0" departSpeed="11.180000"/>
	<vehicle id="car_184" type="car8" route="11" depart="150" departLane = "1" departSpeed="11.180000"/>
	<vehicle id="car_185" type="car7" route="10" depart="150" departLane = "0" departSpeed="11.180000"/>
	<vehicle id="car_186" type="car9" route="7" depart="151" departLane = "0" departSpeed="11.180000"/>
	<vehicle id="car_187" type="car6" route="4" depart="152" departLane = "2" departSpeed="11.180000"/>
	<vehicle id="car_188" type="car6" route="9" depart="152" departLane = "1" departSpeed="11.180000"/>
	<vehicle id="car_189" type="car5" route="10" depart="153" departLane = "1" departSpeed="11.180000"/>
	<vehicle id="car_190" type="car6" route="3" depart="154" departLane = "1" departSpeed="11.180000"/>
	<vehicle id="car_191" type="car7" route="11" depart="155" departLane = "0" departSpeed="11.180000"/>
	<vehicle id="car_192" type="car6" route="2" depart="156" departLane = "2" departSpeed="11.180000"/>
	<vehicle id="car_193" type="car9" route="6" depart="156" departLane = "2" departSpeed="11.180000"/>
	<vehicle id="car_194" type="car5" route="3" depart="158" departLane = "1" departSpeed="11.180000"/>
	<vehicle id="car_195" type="car6" route="2" depart="158" departLane = "0" departSpeed="11.180000"/>
	<vehicle id="car_196" type="car6" route="11" depart="159" departLane = "1" departSpeed="11.180000"/>
	<vehicle id="car_197" type="car6" route="1" depart="159" departLane = "0" departSpeed="11.180000"/>
	<vehicle id="car_198" type="car8" route="10" depart="161" departLane = "0" departSpeed="11.180000"/>
	<vehicle id="car_199" type="car5" route="3" depart="162" departLane = "1" departSpeed="11.180000"/>
	<vehicle id="car_200" type="car6" route="5" depart="162" departLane = "2" departSpeed="11.180000"/>
	<vehicle id="car_201" type="car6" route="9" depart="162" departLane = "1" departSpeed="11.180000"/>
	<vehicle id="car_202" type="car9" route="1" depart="164" departLane = "1" departSpeed="11.180000"/>
	<vehicle id="car_203" type="car5" route="2" depart="164" departLane = "2" departSpeed="11.180000"/>
	<vehicle id="car_204" type="car5" route="3" depart="165" departLane = "0" departSpeed="11.180000"/>
	<vehicle id="car_205" type="car5" route="10" depart="167" departLane = "0" departSpeed="11.180000"/>
	<vehicle id="car_206" type="car7" route="5" depart="169" departLane = "2" departSpeed="11.180000"/>
	<vehicle id="car_207" type="car7" route="7" depart="170" departLane = "1" departSpeed="11.180000"/>
	<vehicle id="car_208" type="car7" route="10" depart="170" departLane = "0" departSpeed="11.180000"/>
	<vehicle id="car_209" type="car5" route="8" depart="171" departLane = "1" departSpeed="11.180000"/>
	<vehicle id="car_210" type="car8" route="1" depart="171" departLane = "2" departSpeed="11.180000"/>
	<vehicle id="car_211" type="car5" route="5" depart="171" departLane = "1" departSpeed="11.180000"/>
	<vehicle id="car_212" type="car7" route="9" depart="173" departLane = "1" departSpeed="11.180000"/>
	<vehicle id="car_213" type="car5" route="10" depart="174" departLane = "2" departSpeed="11.180000"/>
	<vehicle id="car_214" type="car7" route="7" depart="175" departLane = "2" departSpeed="11.180000"/>
	<vehicle id="car_215" type="car9" route="0" depart="176" departLane = "0" departSpeed="11.180000"/>
	<vehicle id="car_216" type="car8" route="3" depart="176" departLane = "2" departSpeed="11.180000"/>
	<vehicle id="car_217" type="car9" route="2" depart="176" departLane = "1" departSpeed="11.180000"/>
	<vehicle id="car_218" type="car5" route="5" depart="176" departLane = "2" departSpeed="11.180000"/>
	<vehicle id="car_219" type="car5" route="9" depart="176" departLane = "2" departSpeed="11.180000"/>
	<vehicle id="car_220" type="car5" route="3" depart="177" departLane = "2" departSpeed="11.180000"/>
	<vehicle id="car_221" type="car7" route="11" depart="178" departLane = "0" departSpeed="11.180000"/>
	<vehicle id="car_222" type="car5" route="6" depart="179" departLane = "2" departSpeed="11.180000"/>
	<vehicle id="car_223" type="car8" route="3" depart="181" departLane = "0" departSpeed="11.180000"/>
	<vehicle id="car_224" type="car6" route="0" depart="182" departLane = "1" departSpeed="11.180000"/>
	<vehicle id="car_225" type="car9" route="4" depart="182" departLane = "2" departSpeed="11.180000"/>
	<vehicle id="car_226" type="car8" route="10" depart="182" departLane = "0" departSpeed="11.180000"/>
	<vehicle id="car_227" type="car8" route="9" depart="183" departLane = "0" departSpeed="11.180000"/>
	<vehicle id="car_228" type="car6" route="11" depart="185" departLane = "1" departSpeed="11.180000"/>
	<vehicle id="car_229" type="car9" route="0" depart="186" departLane = "0" departSpeed="11.180000"/>
	<vehicle id="car_230" type="car9" route="6" depart="186" departLane = "2" departSpeed="11.180000"/>
	<vehicle id="car_231" type="car5" route="3" depart="187" departLane = "0" departSpeed="11.180000"/>
	<vehicle id="car_232" type="car9" route="0" depart="188" departLane = "1" departSpeed="11.180000"/>
	<vehicle id="car_233" type="car8" route="10" depart="188" departLane = "2" departSpeed="11.180000"/>
	<vehicle id="car_234" type="car6" route="10" depart="189" departLane = "0" departSpeed="11.180000"/>
	<vehicle id="car_235" type="car8" route="2" depart="189" departLane = "1" departSpeed="11.180000"/>
	<vehicle id="car_236" type="car9" route="8" depart="191" departLane = "1" departSpeed="11.180000"/>
	<vehicle id="car_237" type="car7" route="4" depart="191" departLane = "1" departSpeed="11.180000"/>
	<vehicle id="car_238" type="car6" route="5" depart="191" departLane = "0" departSpeed="11.180000"/>
	<vehicle id="car_239" type="car5" route="5" depart="193" departLane = "0" departSpeed="11.180000"/>
	<vehicle id="car_240" type="car7" route="4" depart="194" departLane = "1" departSpeed="11.180000"/>
	<vehicle id="car_241" type="car6" route="7" depart="194" departLane = "0" departSpeed="11.180000"/>
	<vehicle id="car_242" type="car7" route="8" depart="196" departLane = "1" departSpeed="11.180000"/>
	<vehicle id="car_243" type="car5" route="11" depart="196" departLane = "1" departSpeed="11.180000"/>
	<vehicle id="car_244" type="car5" route="4" depart="196" departLane = "1" departSpeed="11.180000"/>
	<vehicle id="car_245" type="car7" route="11" depart="198" departLane = "2" departSpeed="11.180000"/>
	<vehicle id="car_246" type="car6" route="4" depart="198" departLane = "1" departSpeed="11.180000"/>
	<vehicle id="car_247" type="car9" route="7" depart="198" departLane = "1" departSpeed="11.180000"/>
	<vehicle id="car_248" type="car7" route="4" depart="200" departLane = "1" departSpeed="11.180000"/>
	<vehicle id="car_249" type="car8" route="8" depart="201" departLane = "2" departSpeed="11.180000"/>
	<vehicle id="car_250" type="car5" route="1" depart="201" departLane = "2" departSpeed="11.180000"/>
	<vehicle id="car_251" type="car8" route="2" depart="202" departLane = "1" departSpeed="11.180000"/>
	<vehicle id="car_252" type="car8" route="0" depart="203" departLane = "2" departSpeed="11.180000"/>
	<vehicle id="car_253" type="car5" route="2" depart="206" departLane = "2" departSpeed="11.180000"/>
	<vehicle id="car_254" type="car9" route="6" depart="206" departLane = "0" departSpeed="11.180000"/>
	<vehicle id="car_255" type="car7" route="3" depart="207" departLane = "1" departSpeed="11.180000"/>
	<vehicle id="car_256" type="car9" route="5" depart="207" departLane = "2" departSpeed="11.180000"/>
	<vehicle id="car_257" type="car6" route="10" depart="208" departLane = "2" departSpeed="11.180000"/>
	<vehicle id="car_258" type="car6" route="11" depart="209" departLane = "2" departSpeed="11.180000"/>
	<vehicle id="car_259" type="car9" route="4" depart="209" departLane = "1" departSpeed="11.180000"/>
	<vehicle id="car_260" type="car9" route="4" depart="210" departLane = "2" departSpeed="11.180000"/>
	<vehicle id="car_261" type="car9" route="8" depart="211" departLane = "2" departSpeed="11.180000"/>
	<vehicle id="car_262" type="car5" route="7" depart="212" departLane = "1" departSpeed="11.180000"/>
	<vehicle id="car_263" type="car9" route="11" depart="213" departLane = "1" departSpeed="11.180000"/>
	<vehicle id="car_264" type="car9" route="1" depart="215" departLane = "2" departSpeed="11.180000"/>
	<vehicle id="car_265" type="car7" route="10" depart="215" departLane = "1" departSpeed="11.180000"/>
	<vehicle id="car_266" type="car5" route="6" depart="216" departLane = "0" departSpeed="11.180000"/>
	<vehicle id="car_267" type="car6" route="11" depart="217" departLane = "1" departSpeed="11.180000"/>
	<vehicle id="car_268" type="car7" route="6" depart="217" departLane = "0" departSpeed="11.180000"/>
	<vehicle id="car_269" type="car6" route="2" depart="218" departLane = "1" departSpeed="11.180000"/>
	<vehicle id="car_270" type="car5" route="8" depart="219" departLane = "0" departSpeed="11.180000"/>
	<vehicle id="car_271" type="car5" route="11" depart="221" departLane = "2" departSpeed="11.180000"/>
	<vehicle id="car_272" type="car6" route="2" depart="221" departLane = "2" departSpeed="11.180000"/>
	<vehicle id="car_273" type="car5" route="7" depart="223" departLane = "1" departSpeed="11.180000"/>
	<vehicle id="car_274" type="car6" route="3" depart="224" departLane = "1" departSpeed="11.180000"/>
	<vehicle id="car_275" type="car7" route="11" depart="226" departLane = "0" departSpeed="11.180000"/>
	<vehicle id="car_276" type="car9" route="2" depart="226" departLane = "1" departSpeed="11.180000"/>
	<vehicle id="car_277" type="car9" route="6" depart="227" departLane = "1" departSpeed="11.180000"/>
	<vehicle id="car_278" type="car8" route="7" depart="228" departLane = "1" departSpeed="11.180000"/>
	<vehicle id="car_279" type="car8" route="6" depart="228" departLane = "0" departSpeed="11.180000"/>
	<vehicle id="car_280" type="car5" route="9" depart="228" departLane = "1" departSpeed="11.180000"/>
	<vehicle id="car_281" type="car5" route="8" depart="231" departLane = "1" departSpeed="11.180000"/>
	<vehicle id="car_282" type="car5" route="8" depart="232" departLane = "2" departSpeed="11.180000"/>
	<vehicle id="car_283" type="car9" route="11" depart="234" departLane = "1" departSpeed="11.180000"/>
	<vehicle id="car_284" type="car9" route="4" depart="234" departLane = "0" departSpeed="11.180000"/>
	<vehicle id="car_285" type="car9" route="2" depart="234" departLane = "0" departSpeed="11.180000"/>
	<vehicle id="car_286" type="car7" route="4" depart="235" departLane = "1" departSpeed="11.180000"/>
	<vehicle id="car_287" type="car9" route="2" depart="235" departLane = "0" departSpeed="11.180000"/>
	<vehicle id="car_288" type="car8" route="6" depart="235" departLane = "2" departSpeed="11.180000"/>
	<vehicle id="car_289" type="car5" route="5" depart="236" departLane = "0" departSpeed="11.180000"/>
	<vehicle id="car_290" type="car7" route="9" depart="236" departLane = "1" departSpeed="11.180000"/>
	<vehicle id="car_291" type="car8" route="11" depart="237" departLane = "1" departSpeed="11.180000"/>
	<vehicle id="car_292" type="car6" route="1" depart="240" departLane = "1" departSpeed="11.180000"/>
	<vehicle id="car_293" type="car6" route="9" depart="241" departLane = "0" departSpeed="11.180000"/>
	<vehicle id="car_294" type="car8" route="2" depart="242" departLane = "0" departSpeed="11.180000"/>
	<vehicle id="car_295" type="car8" route="0" depart="243" departLane = "0" departSpeed="11.180000"/>
	<vehicle id="car_296" type="car9" route="10" depart="243" departLane = "2" departSpeed="11.180000"/>
	<vehicle id="car_297" type="car5" route="3" depart="244" departLane = "1" departSpeed="11.180000"/>
	<vehicle id="car_298" type="car7" route="11" depart="244" departLane = "1" departSpeed="11.180000"/>
	<vehicle id="car_299" type="car7" route="1" depart="245" departLane = "1" departSpeed="11.180000"/>
	<vehicle id="car_300" type="car7" route="7" depart="245" departLane = "1" departSpeed="11.180000"/>
	<vehicle id="car_301" type="car7" route="10" depart="245" departLane = "1" departSpeed="11.180000"/>
	<vehicle id="car_302" type="car9" route="6" depart="245" departLane = "0" departSpeed="11.180000"/>
	<vehicle id="car_303" type="car8" route="0" depart="246" departLane = "2" departSpeed="11.180000"/>
	<vehicle id="car_304" type="car9" route="3" depart="247" departLane = "2" departSpeed="11.180000"/>
	<vehicle id="car_305" type="car8" route="7" depart="247" departLane = "2" departSpeed="11.180000"/>
	<vehicle id="car_306" type="car6" route="6" depart="247" departLane = "2" departSpeed="11.180000"/>
	<vehicle id="car_307" type="car5" route="7" depart="248" departLane = "2" departSpeed="11.180000"/>
	<vehicle id="car_308" type="car5" route="4" depart="249" departLane = "0" departSpeed="11.180000"/>
	<vehicle id="car_309" type="car5" route="2" depart="249" departLane = "2" departSpeed="11.180000"/>
	<vehicle id="car_310" type="car8" route="6" depart="249" departLane = "0" departSpeed="11.180000"/>
	<vehicle id="car_311" type="car5" route="2" depart="250" departLane = "1" departSpeed="11.180000"/>
	<vehicle id="car_312" type="car9" route="6" depart="252" departLane = "2" departSpeed="11.180000"/>
	<vehicle id="car_313" type="car8" route="11" depart="253" departLane = "0" departSpeed="11.180000"/>
	<vehicle id="car_314" type="car9" route="2" depart="253" departLane = "1" departSpeed="11.180000"/>
	<vehicle id="car_315" type="car9" route="4" depart="256" departLane = "2" departSpeed="11.180000"/>
	<vehicle id="car_316" type="car6" route="5" depart="258" departLane = "1" departSpeed="11.180000"/>
	<vehicle id="car_317" type="car6" route="9" depart="259" departLane = "1" departSpeed="11.180000"/>
	<vehicle id="car_318" type="car9" route="3" depart="261" departLane = "2" departSpeed="11.180000"/>
	<vehicle id="car_319" type="car9" route="10" depart="261" departLane = "2" departSpeed="11.180000"/>
	<vehicle id="car_320" type="car7" route="11" depart="262" departLane = "1" departSpeed="11.180000"/>
	<vehicle id="car_321" type="car9" route="8" depart="263" departLane = "0" departSpeed="11.180000"/>
	<vehicle id="car_322" type="car6" route="1" depart="263" departLane = "0" departSpeed="11.180000"/>
	<vehicle id="car_323" type="car6" route="5" depart="263" departLane = "0" departSpeed="11.180000"/>
	<vehicle id="car_324" type="car7" route="3" depart="264" departLane = "1" departSpeed="11.180000"/>
	<vehicle id="car_325" type="car5" route="11" depart="264" departLane = "0" departSpeed="11.180000"/>
	<vehicle id="car_326" type="car9" route="4" depart="266" departLane = "1" departSpeed="11.180000"/>
	<vehicle id="car_327" type="car8" route="7" depart="266" departLane = "1" departSpeed="11.180000"/>
	<vehicle id="car_328" type="car7" route="10" depart="266" departLane = "1" departSpeed="11.180000"/>
	<vehicle id="car_329" type="car6" route="3" depart="267" departLane = "0" departSpeed="11.180000"/>
	<vehicle id="car_330" type="car8" route="7" depart="267" departLane = "1" departSpeed="11.180000"/>
	<vehicle id="car_331" type="car7" route="2" depart="267" departLane = "1" departSpeed="11.180000"/>
	<vehicle id="car_332" type="car6" route="7" depart="268" departLane = "1" departSpeed="11.180000"/>
	<vehicle id="car_333" type="car6" route="6" depart="269" departLane = "1" departSpeed="11.180000"/>
	<vehicle id="car_334" type="car9" route="9" depart="273" departLane = "1" departSpeed="11.180000"/>
	<vehicle id="car_335" type="car5" route="0" depart="274" departLane = "0" departSpeed="11.180000"/>
	<vehicle id="car_336" type="car8" route="3" depart="275" departLane = "1" departSpeed="11.180000"/>
	<vehicle id="car_337" type="car8" route="10" depart="275" departLane = "0" departSpeed="11.180000"/>
	<vehicle id="car_338" type="car9" route="2" depart="275" departLane = "0" departSpeed="11.180000"/>
	<vehicle id="car_339" type="car9" route="1" depart="277" departLane = "2" departSpeed="11.180000"/>
	<vehicle id="car_340" type="car6" route="9" depart="277" departLane = "1" departSpeed="11.180000"/>
	<vehicle id="car_341" type="car6" route="6" depart="278" departLane = "1" departSpeed="11.180000"/>
	<vehicle id="car_342" type="car5" route="2" depart="279" departLane = "1" departSpeed="11.180000"/>
	<vehicle id="car_343" type="car8" route="1" depart="280" departLane = "1" departSpeed="11.180000"/>
	<vehicle id="car_344" type="car5" route="2" depart="280" departLane = "1" departSpeed="11.180000"/>
	<vehicle id="car_345" type="car7" route="10" depart="283" departLane = "2" departSpeed="11.180000"/>
	<vehicle id="car_346" type="car6" route="1" depart="284" departLane = "0" departSpeed="11.180000"/>
	<vehicle id="car_347" type="car6" route="7" depart="285" departLane = "1" departSpeed="11.180000"/>
	<vehicle id="car_348" type="car8" route="10" depart="285" departLane = "2" departSpeed="11.180000"/>
	<vehicle id="car_349" type="car5" route="7" depart="286" departLane = "1" departSpeed="11.180000"/>
	<vehicle id="car_350" type="car8" route="6" depart="286" departLane = "1" departSpeed="11.180000"/>
	<vehicle id="car_351" type="car7" route="10" depart="287" departLane = "2" departSpeed="11.180000"/>
	<vehicle id="car_352" type="car8" route="5" depart="287" departLane = "1" departSpeed="11.180000"/>
	<vehicle id="car_353" type="car6" route="3" depart="288" departLane = "0" departSpeed="11.180000"/>
	<vehicle id="car_354" type="car6" route="0" depart="289" departLane = "2" departSpeed="11.180000"/>
	<vehicle id="car_355" type="car8" route="7" depart="289" departLane = "0" departSpeed="11.180000"/>
	<vehicle id="car_356" type="car8" route="5" depart="289" departLane = "2" departSpeed="11.180000"/>
	<vehicle id="car_357" type="car8" route="1" depart="290" departLane = "2" departSpeed="11.180000"/>
	<vehicle id="car_358" type="car6" route="10" depart="290" departLane = "2" departSpeed="11.180000"/>
	<vehicle id="car_359" type="car6" route="2" depart="290" departLane = "1" departSpeed="11.180000"/>
	<vehicle id="car_360" type="car6" route="0" depart="291" departLane = "0" departSpeed="11.180000"/>
	<vehicle id="car_361" type="car7" route="10" depart="291" departLane = "0" departSpeed="11.180000"/>
	<vehicle id="car_362" type="car8" route="2" depart="291" departLane = "0" departSpeed="11.180000"/>
	<vehicle id="car_363" type="car6" route="3" depart="292" departLane = "2" departSpeed="11.180000"/>
	<vehicle id="car_364" type="car8" route="8" depart="292" departLane = "1" departSpeed="11.180000"/>
	<vehicle id="car_365" type="car6" route="3" depart="293" departLane = "2" departSpeed="11.180000"/>
	<vehicle id="car_366" type="car9" route="2" depart="293" departLane = "0" departSpeed="11.180000"/>
	<vehicle id="car_367" type="car5" route="3" depart="294" departLane = "0" departSpeed="11.180000"/>
	<vehicle id="car_368" type="car6" route="7" depart="294" departLane = "0" departSpeed="11.180000"/>
	<vehicle id="car_369" type="car7" route="10" depart="295" departLane = "2" departSpeed="11.180000"/>
	<vehicle id="car_370" type="car5" route="11" depart="296" departLane = "1" departSpeed="11.180000"/>
	<vehicle id="car_371" type="car9" route="1" depart="296" departLane = "1" departSpeed="11.180000"/>
	<vehicle id="car_372" type="car6" route="4" depart="296" departLane = "1" departSpeed="11.180000"/>
	<vehicle id="car_373" type="car6" route="6" depart="298" departLane = "0" departSpeed="11.180000"/>
	<vehicle id="car_374" type="car9" route="8" depart="299" departLane = "2" departSpeed="11.180000"/>
	<vehicle id="car_375" type="car5" route="11" depart="299" departLane = "1" departSpeed="11.180000"/>
	<vehicle id="car_376" type="car7" route="0" depart="301" departLane = "1" departSpeed="11.180000"/>
	<vehicle id="car_377" type="car5" route="1" depart="301" departLane = "0" departSpeed="11.180000"/>
	<vehicle id="car_378" type="car8" route="2" depart="301" departLane = "2" departSpeed="11.180000"/>
	<vehicle id="car_379" type="car5" route="2" depart="302" departLane = "1" departSpeed="11.180000"/>
	<vehicle id="car_380" type="car5" route="3" depart="303" departLane = "1" departSpeed="11.180000"/>
	<vehicle id="car_381" type="car7" route="3" depart="304" departLane = "2" departSpeed="11.180000"/>
	<vehicle id="car_382" type="car5" route="10" depart="304" departLane = "2" departSpeed="11.180000"/>
	<vehicle id="car_383" type="car7" route="2" depart="304" departLane = "1" departSpeed="11.180000"/>
	<vehicle id="car_384" type="car9" route="9" depart="304" departLane = "2" departSpeed="11.180000"/>
	<vehicle id="car_385" type="car9" route="6" depart="307" departLane = "1" departSpeed="11.180000"/>
	<vehicle id="car_386" type="car9" route="9" depart="307" departLane = "1" departSpeed="11.180000"/>
	<vehicle id="car_387" type="car9" route="0" depart="310" departLane = "2" departSpeed="11.180000"/>
	<vehicle id="car_388" type="car9" route="10" depart="311" departLane = "2" departSpeed="11.180000"/>
	<vehicle id="car_389" type="car7" route="2" depart="311" departLane = "1" departSpeed="11.180000"/>
	<vehicle id="car_390" type="car5" route="5" depart="311" departLane = "2" departSpeed="11.180000"/>
	<vehicle id="car_391" type="car7" route="2" depart="312" departLane = "1" departSpeed="11.180000"/>
	<vehicle id="car_392" type="car6" route="8" depart="313" departLane = "2" departSpeed="11.180000"/>
	<vehicle id="car_393" type="car9" route="2" depart="316" departLane = "0" departSpeed="11.180000"/>
	<vehicle id="car_394" type="car5" route="2" depart="318" departLane = "0" departSpeed="11.180000"/>
	<vehicle id="car_395" type="car9" route="1" depart="321" departLane = "0" departSpeed="11.180000"/>
	<vehicle id="car_396" type="car9" route="10" depart="321" departLane = "0" departSpeed="11.180000"/>
	<vehicle id="car_397" type="car9" route="4" depart="322" departLane = "1" departSpeed="11.180000"/>
	<vehicle id="car_398" type="car7" route="7" depart="323" departLane = "0" departSpeed="11.180000"/>
	<vehicle id="car_399" type="car8" route="3" depart="324" departLane = "2" departSpeed="11.180000"/>
	<vehicle id="car_400" type="car9" route="6" depart="324" departLane = "1" departSpeed="11.180000"/>
	<vehicle id="car_401" type="car9" route="10" depart="325" departLane = "0" departSpeed="11.180000"/>
	<vehicle id="car_402" type="car5" route="2" depart="326" departLane = "1" departSpeed="11.180000"/>
	<vehicle id="car_403" type="car9" route="0" depart="327" departLane = "0" departSpeed="11.180000"/>
	<vehicle id="car_404" type="car5" route="5" depart="328" departLane = "0" departSpeed="11.180000"/>
	<vehicle id="car_405" type="car5" route="0" depart="329" departLane = "1" departSpeed="11.180000"/>
	<vehicle id="car_406" type="car6" route="1" depart="329" departLane = "1" departSpeed="11.180000"/>
	<vehicle id="car_407" type="car5" route="4" depart="329" departLane = "0" departSpeed="11.180000"/>
	<vehicle id="car_408" type="car6" route="2" depart="329" departLane = "2" departSpeed="11.180000"/>
	<vehicle id="car_409" type="car6" route="3" depart="330" departLane = "2" departSpeed="11.180000"/>
	<vehicle id="car_410" type="car9" route="7" depart="330" departLane = "1" departSpeed="11.180000"/>
	<vehicle id="car_411" type="car8" route="3" depart="333" departLane = "2" departSpeed="11.180000"/>
	<vehicle id="car_412" type="car7" route="3" depart="335" departLane = "1" departSpeed="11.180000"/>
	<vehicle id="car_413" type="car6" route="8" depart="335" departLane = "0" departSpeed="11.180000"/>
	<vehicle id="car_414" type="car8" route="7" depart="335" departLane = "2" departSpeed="11.180000"/>
	<vehicle id="car_415" type="car5" route="5" depart="336" departLane = "1" departSpeed="11.180000"/>
	<vehicle id="car_416" type="car5" route="6" depart="336" departLane = "2" departSpeed="11.180000"/>
	<vehicle id="car_417" type="car5" route="9" depart="336" departLane = "0" departSpeed="11.180000"/>
	<vehicle id="car_418" type="car9" route="3" depart="337" departLane = "2" departSpeed="11.180000"/>
	<vehicle id="car_419" type="car9" route="1" depart="337" departLane = "2" departSpeed="11.180000"/>
	<vehicle id="car_420" type="car6" route="2" depart="337" departLane = "2" departSpeed="11.180000"/>
	<vehicle id="car_421" type="car5" route="6" depart="337" departLane = "2" departSpeed="11.180000"/>
	<vehicle id="car_422" type="car8" route="4" depart="338" departLane = "2" departSpeed="11.180000"/>
	<vehicle id="car_423" type="car7" route="3" depart="339" departLane = "0" departSpeed="11.180000"/>
	<vehicle id="car_424" type="car5" route="3" depart="340" departLane = "1" departSpeed="11.180000"/>
	<vehicle id="car_425" type="car5" route="5" depart="341" departLane = "2" departSpeed="11.180000"/>
	<vehicle id="car_426" type="car6" route="8" depart="342" departLane = "1" departSpeed="11.180000"/>
	<vehicle id="car_427" type="car7" route="11" depart="342" departLane = "1" departSpeed="11.180000"/>
	<vehicle id="car_428" type="car5" route="7" depart="344" departLane = "0" departSpeed="11.180000"/>
	<vehicle id="car_429" type="car6" route="3" depart="345" departLane = "1" departSpeed="11.180000"/>
	<vehicle id="car_430" type="car5" route="9" depart="345" departLane = "2" departSpeed="11.180000"/>
	<vehicle id="car_431" type="car7" route="2" depart="349" departLane = "2" departSpeed="11.180000"/>
	<vehicle id="car_432" type="car6" route="9" depart="349" departLane = "0" departSpeed="11.180000"/>
	<vehicle id="car_433" type="car8" route="7" depart="351" departLane = "1" departSpeed="11.180000"/>
	<vehicle id="car_434" type="car6" route="11" depart="352" departLane = "0" departSpeed="11.180000"/>
	<vehicle id="car_435" type="car5" route="10" depart="354" departLane = "2" departSpeed="11.180000"/>
	<vehicle id="car_436" type="car5" route="0" depart="355" departLane = "1" departSpeed="11.180000"/>
	<vehicle id="car_437" type="car8" route="2" depart="355" departLane = "2" departSpeed="11.180000"/>
	<vehicle id="car_438" type="car8" route="9" depart="355" departLane = "2" departSpeed="11.180000"/>
	<vehicle id="car_439" type="car5" route="11" depart="356" departLane = "0" departSpeed="11.180000"/>
	<vehicle id="car_440" type="car5" route="0" depart="357" departLane = "0" departSpeed="11.180000"/>
	<vehicle id="car_441" type="car5" route="3" depart="360" departLane = "1" departSpeed="11.180000"/>
	<vehicle id="car_442" type="car9" route="10" depart="360" departLane = "0" departSpeed="11.180000"/>
	<vehicle id="car_443" type="car9" route="0" depart="361" departLane = "0" departSpeed="11.180000"/>
	<vehicle id="car_444" type="car7" route="1" depart="362" departLane = "2" departSpeed="11.180000"/>
	<vehicle id="car_445" type="car8" route="9" depart="362" departLane = "1" departSpeed="11.180000"/>
	<vehicle id="car_446" type="car9" route="0" depart="363" departLane = "0" departSpeed="11.180000"/>
	<vehicle id="car_447" type="car7" route="6" depart="363" departLane = "1" departSpeed="11.180000"/>
	<vehicle id="car_448" type="car9" route="11" depart="364" departLane = "2" departSpeed="11.180000"/>
	<vehicle id="car_449" type="car7" route="10" depart="364" departLane = "2" departSpeed="11.180000"/>
	<vehicle id="car_450" type="car6" route="9" depart="364" departLane = "1" departSpeed="11.180000"/>
	<vehicle id="car_451" type="car6" route="9" depart="366" departLane = "2" departSpeed="11.180000"/>
	<vehicle id="car_452" type="car8" route="2" depart="367" departLane = "1" departSpeed="11.180000"/>
	<vehicle id="car_453" type="car5" route="5" depart="367" departLane = "2" departSpeed="11.180000"/>
	<vehicle id="car_454" type="car6" route="11" depart="368" departLane = "0" departSpeed="11.180000"/>
	<vehicle id="car_455" type="car5" route="11" depart="369" departLane = "0" departSpeed="11.180000"/>
	<vehicle id="car_456" type="car8" route="9" depart="370" departLane = "0" departSpeed="11.180000"/>
	<vehicle id="car_457" type="car8" route="11" depart="371" departLane = "1" departSpeed="11.180000"/>
	<vehicle id="car_458" type="car5" route="6" depart="371" departLane = "2" departSpeed="11.180000"/>
	<vehicle id="car_459" type="car6" route="5" depart="373" departLane = "0" departSpeed="11.180000"/>
	<vehicle id="car_460" type="car6" route="6" depart="373" departLane = "2" departSpeed="11.180000"/>
	<vehicle id="car_461" type="car8" route="3" depart="374" departLane = "1" departSpeed="11.180000"/>
	<vehicle id="car_462" type="car8" route="10" depart="374" departLane = "2" departSpeed="11.180000"/>
	<vehicle id="car_463" type="car6" route="5" depart="376" departLane = "2" departSpeed="11.180000"/>
	<vehicle id="car_464" type="car5" route="9" depart="376" departLane = "1" departSpeed="11.180000"/>
	<vehicle id="car_465" type="car6" route="0" depart="377" departLane = "1" departSpeed="11.180000"/>
	<vehicle id="car_466" type="car5" route="1" depart="377" departLane = "1" departSpeed="11.180000"/>
	<vehicle id="car_467" type="car8" route="2" depart="378" departLane = "1" departSpeed="11.180000"/>
	<vehicle id="car_468" type="car5" route="5" depart="378" departLane = "2" departSpeed="11.180000"/>
	<vehicle id="car_469" type="car9" route="11" depart="379" departLane = "1" departSpeed="11.180000"/>
	<vehicle id="car_470" type="car6" route="5" depart="379" departLane = "0" departSpeed="11.180000"/>
	<vehicle id="car_471" type="car7" route="11" depart="380" departLane = "2" departSpeed="11.180000"/>
	<vehicle id="car_472" type="car5" route="9" depart="382" departLane = "0" departSpeed="11.180000"/>
	<vehicle id="car_473" type="car8" route="3" depart="383" departLane = "0" departSpeed="11.180000"/>
	<vehicle id="car_474" type="car8" route="2" depart="383" departLane = "2" departSpeed="11.180000"/>
	<vehicle id="car_475" type="car5" route="4" depart="384" departLane = "1" departSpeed="11.180000"/>
	<vehicle id="car_476" type="car9" route="7" depart="384" departLane = "0" departSpeed="11.180000"/>
	<vehicle id="car_477" type="car9" route="11" depart="386" departLane = "1" departSpeed="11.180000"/>
	<vehicle id="car_478" type="car5" route="8" depart="387" departLane = "0" departSpeed="11.180000"/>
	<vehicle id="car_479" type="car8" route="10" depart="388" departLane = "1" departSpeed="11.180000"/>
	<vehicle id="car_480" type="car8" route="10" depart="390" departLane = "1" departSpeed="11.180000"/>
	<vehicle id="car_481" type="car9" route="7" depart="391" departLane = "2" departSpeed="11.180000"/>
	<vehicle id="car_482" type="car7" route="6" depart="391" departLane = "0" departSpeed="11.180000"/>
	<vehicle id="car_483" type="car8" route="9" depart="391" departLane = "0" departSpeed="11.180000"/>
	<vehicle id="car_484" type="car5" route="3" depart="392" departLane = "2" departSpeed="11.180000"/>
	<vehicle id="car_485" type="car9" route="2" depart="392" departLane = "0" departSpeed="11.180000"/>
	<vehicle id="car_486" type="car6" route="3" depart="394" departLane = "1" departSpeed="11.180000"/>
	<vehicle id="car_487" type="car9" route="5" depart="394" departLane = "2" departSpeed="11.180000"/>
	<vehicle id="car_488" type="car9" route="1" depart="398" departLane = "0" departSpeed="11.180000"/>
	<vehicle id="car_489" type="car7" route="7" depart="398" departLane = "1" departSpeed="11.180000"/>
	<vehicle id="car_490" type="car8" route="10" depart="398" departLane = "1" departSpeed="11.180000"/>
	<vehicle id="car_491" type="car7" route="11" depart="399" departLane = "2" departSpeed="11.180000"/>
	<vehicle id="car_492" type="car7" route="1" depart="399" departLane = "0" departSpeed="11.180000"/>
	<vehicle id="car_493" type="car6" route="8" depart="400" departLane = "1" departSpeed="11.180000"/>
	<vehicle id="car_494" type="car5" route="7" depart="400" departLane = "2" departSpeed="11.180000"/>
	<vehicle id="car_495" type="car6" route="10" depart="400" departLane = "0" departSpeed="11.180000"/>
	<vehicle id="car_496" type="car9" route="1" depart="401" departLane = "2" departSpeed="11.180000"/>
	<vehicle id="car_497" type="car9" route="4" depart="401" departLane = "1" departSpeed="11.180000"/>
	<vehicle id="car_498" type="car7" route="6" depart="402" departLane = "1" departSpeed="11.180000"/>
	<vehicle id="car_499" type="car5" route="3" depart="403" departLane = "2" departSpeed="11.180000"/>
	<vehicle id="car_500" type="car6" route="8" depart="403" departLane = "1" departSpeed="11.180000"/>
	<vehicle id="car_501" type="car9" route="11" depart="404" departLane = "1" departSpeed="11.180000"/>
	<vehicle id="car_502" type="car9" route="10" depart="405" departLane = "1" departSpeed="11.180000"/>
	<vehicle id="car_503" type="car6" route="4" depart="408" departLane = "0" departSpeed="11.180000"/>
	<vehicle id="car_504" type="car7" route="7" depart="408" departLane = "0" departSpeed="11.180000"/>
	<vehicle id="car_505" type="car9" route="9" depart="408" departLane = "1" departSpeed="11.180000"/>
	<vehicle id="car_506" type="car7" route="8" depart="409" departLane = "2" departSpeed="11.180000"/>
	<vehicle id="car_507" type="car8" route="11" depart="410" departLane = "0" departSpeed="11.180000"/>
	<vehicle id="car_508" type="car9" route="10" depart="411" departLane = "2" departSpeed="11.180000"/>
	<vehicle id="car_509" type="car6" route="6" depart="411" departLane = "2" departSpeed="11.180000"/>
	<vehicle id="car_510" type="car8" route="11" depart="414" departLane = "0" departSpeed="11.180000"/>
	<vehicle id="car_511" type="car5" route="8" depart="418" departLane = "2" departSpeed="11.180000"/>
	<vehicle id="car_512" type="car8" route="8" depart="419" departLane = "2" departSpeed="11.180000"/>
	<vehicle id="car_513" type="car5" route="4" depart="422" departLane = "0" departSpeed="11.180000"/>
	<vehicle id="car_514" type="car9" route="4" depart="423" departLane = "0" departSpeed="11.180000"/>
	<vehicle id="car_515" type="car6" route="8" depart="424" departLane = "0" departSpeed="11.180000"/>
	<vehicle id="car_516" type="car8" route="11" depart="424" departLane = "2" departSpeed="11.180000"/>
	<vehicle id="car_517" type="car9" route="6" depart="426" departLane = "1" departSpeed="11.180000"/>
	<vehicle id="car_518" type="car7" route="9" depart="426" departLane = "0" departSpeed="11.180000"/>
	<vehicle id="car_519" type="car5" route="10" depart="427" departLane = "2" departSpeed="11.180000"/>
	<vehicle id="car_520" type="car7" route="1" depart="428" departLane = "1" departSpeed="11.180000"/>
	<vehicle id="car_521" type="car8" route="6" depart="429" departLane = "1" departSpeed="11.180000"/>
	<vehicle id="car_522" type="car7" route="5" depart="434" departLane = "1" departSpeed="11.180000"/>
	<vehicle id="car_523" type="car6" route="6" depart="435" departLane = "2" departSpeed="11.180000"/>
	<vehicle id="car_524" type="car7" route="1" depart="437" departLane = "1" departSpeed="11.180000"/>
	<vehicle id="car_525" type="car8" route="6" depart="437" departLane = "2" departSpeed="11.180000"/>
	<vehicle id="car_526" type="car6" route="3" depart="438" departLane = "1" departSpeed="11.180000"/>
	<vehicle id="car_527" type="car9" route="11" depart="438" departLane = "0" departSpeed="11.180000"/>
	<vehicle id="car_528" type="car6" route="6" depart="438" departLane = "0" departSpeed="11.180000"/>
	<vehicle id="car_529" type="car8" route="3" depart="439" departLane = "2" departSpeed="11.180000"/>
	<vehicle id="car_530" type="car5" route="11" depart="439" departLane = "2" departSpeed="11.180000"/>
	<vehicle id="car_531" type="car8" route="6" depart="440" departLane = "2" departSpeed="11.180000"/>
	<vehicle id="car_532" type="car5" route="8" depart="441" departLane = "0" departSpeed="11.180000"/>
	<vehicle id="car_533" type="car6" route="1" depart="441" departLane = "2" departSpeed="11.180000"/>
	<vehicle id="car_534" type="car9" route="2" depart="441" departLane = "2" departSpeed="11.180000"/>
	<vehicle id="car_535" type="car7" route="8" depart="443" departLane = "2" departSpeed="11.180000"/>
	<vehicle id="car_536" type="car5" route="11" depart="444" departLane = "1" departSpeed="11.180000"/>
	<vehicle id="car_537" type="car5" route="3" depart="445" departLane = "2" departSpeed="11.180000"/>
	<vehicle id="car_538" type="car7" route="5" depart="445" departLane = "1" departSpeed="11.180000"/>
	<vehicle id="car_539" type="car7" route="11" depart="446" departLane = "0" departSpeed="11.180000"/>
	<vehicle id="car_540" type="car9" route="2" depart="447" departLane = "0" departSpeed="11.180000"/>
	<vehicle id="car_541" type="car6" route="1" depart="448" departLane = "2" departSpeed="11.180000"/>
	<vehicle id="car_542" type="car8" route="1" depart="449" departLane = "1" departSpeed="11.180000"/>
	<vehicle id="car_543" type="car6" route="5" depart="449" departLane = "1" departSpeed="11.180000"/>
	<vehicle id="car_544" type="car8" route="2" depart="451" departLane = "0" departSpeed="11.180000"/>
	<vehicle id="car_545" type="car6" route="5" depart="451" departLane = "1" departSpeed="11.180000"/>
	<vehicle id="car_546" type="car8" route="10" depart="452" departLane = "1" departSpeed="11.180000"/>
	<vehicle id="car_547" type="car7" route="3" depart="455" departLane = "1" departSpeed="11.180000"/>
	<vehicle id="car_548" type="car5" route="1" depart="455" departLane = "1" departSpeed="11.180000"/>
	<vehicle id="car_549" type="car9" route="9" depart="455" departLane = "0" departSpeed="11.180000"/>
	<vehicle id="car_550" type="car7" route="0" depart="456" departLane = "0" departSpeed="11.180000"/>
	<vehicle id="car_551" type="car5" route="3" depart="456" departLane = "2" departSpeed="11.180000"/>
	<vehicle id="car_552" type="car9" route="8" depart="456" departLane = "2" departSpeed="11.180000"/>
	<vehicle id="car_553" type="car9" route="2" depart="456" departLane = "1" departSpeed="11.180000"/>
	<vehicle id="car_554" type="car7" route="6" depart="456" departLane = "2" departSpeed="11.180000"/>
	<vehicle id="car_555" type="car9" route="4" depart="457" departLane = "2" departSpeed="11.180000"/>
	<vehicle id="car_556" type="car8" route="4" depart="458" departLane = "1" departSpeed="11.180000"/>
	<vehicle id="car_557" type="car9" route="6" depart="458" departLane = "0" departSpeed="11.180000"/>
	<vehicle id="car_558" type="car6" route="9" depart="458" departLane = "2" departSpeed="11.180000"/>
	<vehicle id="car_559" type="car6" route="5" depart="462" departLane = "0" departSpeed="11.180000"/>
	<vehicle id="car_560" type="car8" route="6" depart="462" departLane = "1" departSpeed="11.180000"/>
	<vehicle id="car_561" type="car6" route="6" depart="463" departLane = "1" departSpeed="11.180000"/>
	<vehicle id="car_562" type="car8" route="8" depart="465" departLane = "1" departSpeed="11.180000"/>
	<vehicle id="car_563" type="car7" route="7" depart="465" departLane = "1" departSpeed="11.180000"/>
	<vehicle id="car_564" type="car5" route="10" depart="466" departLane = "0" departSpeed="11.180000"/>
	<vehicle id="car_565" type="car5" route="7" depart="467" departLane = "2" departSpeed="11.180000"/>
	<vehicle id="car_566" type="car8" route="3" depart="468" departLane = "0" departSpeed="11.180000"/>
	<vehicle id="car_567" type="car9" route="0" depart="469" departLane = "0" departSpeed="11.180000"/>
	<vehicle id="car_568" type="car8" route="1" depart="469" departLane = "1" departSpeed="11.180000"/>
	<vehicle id="car_569" type="car5" route="4" depart="469" departLane = "1" departSpeed="11.180000"/>
	<vehicle id="car_570" type="car9" route="2" depart="469" departLane = "0" departSpeed="11.180000"/>
	<vehicle id="car_571" type="car6" route="8" depart="470" departLane = "2" departSpeed="11.180000"/>
	<vehicle id="car_572" type="car9" route="11" depart="471" departLane = "2" departSpeed="11.180000"/>
	<vehicle id="car_573" type="car6" route="5" depart="472" departLane = "1" departSpeed="11.180000"/>
	<vehicle id="car_574" type="car9" route="6" depart="472" departLane = "0" departSpeed="11.180000"/>
	<vehicle id="car_575" type="car9" route="9" depart="472" departLane = "0" departSpeed="11.180000"/>
	<vehicle id="car_576" type="car8" route="1" depart="473" departLane = "1" departSpeed="11.180000"/>
	<vehicle id="car_577" type="car6" route="11" depart="474" departLane = "0" departSpeed="11.180000"/>
	<vehicle id="car_578" type="car6" route="10" depart="474" departLane = "2" departSpeed="11.180000"/>
	<vehicle id="car_579" type="car5" route="9" depart="474" departLane = "2" departSpeed="11.180000"/>
	<vehicle id="car_580" type="car9" route="11" depart="475" departLane = "1" departSpeed="11.180000"/>
	<vehicle id="car_581" type="car8" route="10" depart="475" departLane = "0" departSpeed="11.180000"/>
	<vehicle id="car_582" type="car9" route="5" depart="476" departLane = "1" departSpeed="11.180000"/>
	<vehicle id="car_583" type="car9" route="9" depart="480" departLane = "0" departSpeed="11.180000"/>
	<vehicle id="car_584" type="car6" route="10" depart="481" departLane = "0" departSpeed="11.180000"/>
	<vehicle id="car_585" type="car5" route="6" depart="481" departLane = "1" departSpeed="11.180000"/>
	<vehicle id="car_586" type="car6" route="7" depart="482" departLane = "0" departSpeed="11.180000"/>
	<vehicle id="car_587" type="car8" route="2" depart="482" departLane = "0" departSpeed="11.180000"/>
	<vehicle id="car_588" type="car5" route="10" depart="483" departLane = "2" departSpeed="11.180000"/>
	<vehicle id="car_589" type="car9" route="2" depart="485" departLane = "1" departSpeed="11.180000"/>
	<vehicle id="car_590" type="car6" route="0" depart="486" departLane = "1" departSpeed="11.180000"/>
	<vehicle id="car_591" type="car7" route="6" depart="486" departLane = "0" departSpeed="11.180000"/>
	<vehicle id="car_592" type="car6" route="3" depart="487" departLane = "2" departSpeed="11.180000"/>
	<vehicle id="car_593" type="car8" route="11" depart="487" departLane = "0" departSpeed="11.180000"/>
	<vehicle id="car_594" type="car7" route="11" depart="488" departLane = "1" departSpeed="11.180000"/>
	<vehicle id="car_595" type="car5" route="11" depart="489" departLane = "1" departSpeed="11.180000"/>
	<vehicle id="car_596" type="car6" route="7" depart="490" departLane = "2" departSpeed="11.180000"/>
	<vehicle id="car_597" type="car7" route="9" depart="490" departLane = "1" departSpeed="11.180000"/>
	<vehicle id="car_598" type="car6" route="6" depart="491" departLane = "0" departSpeed="11.180000"/>
	<vehicle id="car_599" type="car5" route="2" depart="492" departLane = "2" departSpeed="11.180000"/>
	<vehicle id="car_600" type="car5" route="10" depart="494" departLane = "0" departSpeed="11.180000"/>
	<vehicle id="car_601" type="car5" route="10" depart="495" departLane = "2" departSpeed="11.180000"/>
	<vehicle id="car_602" type="car6" route="3" depart="496" departLane = "1" departSpeed="11.180000"/>
	<vehicle id="car_603" type="car7" route="2" depart="496" departLane = "1" departSpeed="11.180000"/>
	<vehicle id="car_604" type="car8" route="2" depart="497" departLane = "1" departSpeed="11.180000"/>
	<vehicle id="car_605" type="car8" route="6" depart="498" departLane = "2" departSpeed="11.180000"/>
	<vehicle id="car_606" type="car5" route="3" depart="499" departLane = "2" departSpeed="11.180000"/>
	<vehicle id="car_607" type="car6" route="11" depart="499" departLane = "1" departSpeed="11.180000"/>
	<vehicle id="car_608" type="car5" route="5" depart="499" departLane = "1" departSpeed="11.180000"/>
	<vehicle id="car_609" type="car7" route="9" depart="499" departLane = "0" departSpeed="11.180000"/>
	<vehicle id="car_610" type="car7" route="5" depart="500" departLane = "2" departSpeed="11.180000"/>
	<vehicle id="car_611" type="car6" route="9" depart="500" departLane = "2" departSpeed="11.180000"/>
	<vehicle id="car_612" type="car5" route="9" depart="501" departLane = "2" departSpeed="11.180000"/>
	<vehicle id="car_613" type="car5" route="0" depart="502" departLane = "2" departSpeed="11.180000"/>
	<vehicle id="car_614" type="car6" route="3" depart="502" departLane = "2" departSpeed="11.180000"/>
	<vehicle id="car_615" type="car7" route="1" depart="502" departLane = "1" departSpeed="11.180000"/>
	<vehicle id="car_616" type="car7" route="2" depart="502" departLane = "1" departSpeed="11.180000"/>
	<vehicle id="car_617" type="car7" route="6" depart="502" departLane = "1" departSpeed="11.180000"/>
	<vehicle id="car_618" type="car7" route="9" depart="502" departLane = "1" departSpeed="11.180000"/>
	<vehicle id="car_619" type="car6" route="8" depart="503" departLane = "0" departSpeed="11.180000"/>
	<vehicle id="car_620" type="car8" route="4" depart="503" departLane = "0" departSpeed="11.180000"/>
	<vehicle id="car_621" type="car5" route="5" depart="503" departLane = "0" departSpeed="11.180000"/>
	<vehicle id="car_622" type="car5" route="4" depart="504" departLane = "2" departSpeed="11.180000"/>
	<vehicle id="car_623" type="car7" route="7" depart="505" departLane = "0" departSpeed="11.180000"/>
	<vehicle id="car_624" type="car6" route="10" depart="505" departLane = "0" departSpeed="11.180000"/>
	<vehicle id="car_625" type="car6" route="3" depart="506" departLane = "0" departSpeed="11.180000"/>
	<vehicle id="car_626" type="car5" route="10" depart="507" departLane = "2" departSpeed="11.180000"/>
	<vehicle id="car_627" type="car7" route="9" depart="507" departLane = "1" departSpeed="11.180000"/>
	<vehicle id="car_628" type="car9" route="4" depart="509" departLane = "1" departSpeed="11.180000"/>
	<vehicle id="car_629" type="car9" route="7" depart="510" departLane = "1" departSpeed="11.180000"/>
	<vehicle id="car_630" type="car6" route="8" depart="511" departLane = "0" departSpeed="11.180000"/>
	<vehicle id="car_631" type="car5" route="3" depart="512" departLane = "2" departSpeed="11.180000"/>
	<vehicle id="car_632" type="car6" route="10" depart="512" departLane = "0" departSpeed="11.180000"/>
	<vehicle id="car_633" type="car6" route="0" depart="513" departLane = "0" departSpeed="11.180000"/>
	<vehicle id="car_634" type="car8" route="0" depart="514" departLane = "1" departSpeed="11.180000"/>
	<vehicle id="car_635" type="car5" route="8" depart="514" departLane = "0" departSpeed="11.180000"/>
	<vehicle id="car_636" type="car5" route="5" depart="515" departLane = "1" departSpeed="11.180000"/>
	<vehicle id="car_637" type="car5" route="6" depart="516" departLane = "2" departSpeed="11.180000"/>
	<vehicle id="car_638" type="car9" route="8" depart="517" departLane = "2" departSpeed="11.180000"/>
	<vehicle id="car_639" type="car8" route="2" depart="517" departLane = "2" departSpeed="11.180000"/>
	<vehicle id="car_640" type="car7" route="1" depart="518" departLane = "1" departSpeed="11.180000"/>
	<vehicle id="car_641" type="car5" route="8" depart="519" departLane = "0" departSpeed="11.180000"/>
	<vehicle id="car_642" type="car9" route="4" depart="521" departLane = "2" departSpeed="11.180000"/>
	<vehicle id="car_643" type="car6" route="8" depart="523" departLane = "0" departSpeed="11.180000"/>
	<vehicle id="car_644" type="car8" route="0" depart="524" departLane = "0" departSpeed="11.180000"/>
	<vehicle id="car_645" type="car9" route="3" depart="524" departLane = "1" departSpeed="11.180000"/>
	<vehicle id="car_646" type="car9" route="4" depart="524" departLane = "0" departSpeed="11.180000"/>
	<vehicle id="car_647" type="car6" route="9" depart="525" departLane = "2" departSpeed="11.180000"/>
	<vehicle id="car_648" type="car9" route="10" depart="526" departLane = "1" departSpeed="11.180000"/>
	<vehicle id="car_649" type="car5" route="11" depart="527" departLane = "2" departSpeed="11.180000"/>
	<vehicle id="car_650" type="car6" route="6" depart="527" departLane = "1" departSpeed="11.180000"/>
	<vehicle id="car_651" type="car8" route="2" depart="528" departLane = "0" departSpeed="11.180000"/>
	<vehicle id="car_652" type="car7" route="0" depart="530" departLane = "0" departSpeed="11.180000"/>
	<vehicle id="car_653" type="car6" route="1" depart="530" departLane = "2" departSpeed="11.180000"/>
	<vehicle id="car_654" type="car8" route="6" depart="530" departLane = "1" departSpeed="11.180000"/>
	<vehicle id="car_655" type="car5" route="9" depart="530" departLane = "2" departSpeed="11.180000"/>
	<vehicle id="car_656" type="car9" route="8" depart="531" departLane = "2" departSpeed="11.180000"/>
	<vehicle id="car_657" type="car7" route="10" depart="531" departLane = "1" departSpeed="11.180000"/>
	<vehicle id="car_658" type="car5" route="2" depart="532" departLane = "1" departSpeed="11.180000"/>
	<vehicle id="car_659" type="car6" route="3" depart="534" departLane = "1" departSpeed="11.180000"/>
	<vehicle id="car_660" type="car7" route="11" depart="534" departLane = "0" departSpeed="11.180000"/>
	<vehicle id="car_661" type="car8" route="5" depart="535" departLane = "2" departSpeed="11.180000"/>
	<vehicle id="car_662" type="car6" route="0" depart="537" departLane = "1" departSpeed="11.180000"/>
	<vehicle id="car_663" type="car7" route="2" depart="537" departLane = "1" departSpeed="11.180000"/>
	<vehicle id="car_664" type="car9" route="1" depart="538" departLane = "2" departSpeed="11.180000"/>
	<vehicle id="car_665" type="car5" route="10" depart="539" departLane = "0" departSpeed="11.180000"/>
	<vehicle id="car_666" type="car7" route="5" depart="539" departLane = "0" departSpeed="11.180000"/>
	<vehicle id="car_667" type="car5" route="10" depart="540" departLane = "0" departSpeed="11.180000"/>
	<vehicle id="car_668" type="car9" route="5" depart="541" departLane = "2" departSpeed="11.180000"/>
	<vehicle id="car_669" type="car6" route="10" depart="542" departLane = "1" departSpeed="11.180000"/>
	<vehicle id="car_670" type="car8" route="9" depart="545" departLane = "0" departSpeed="11.180000"/>
	<vehicle id="car_671" type="car9" route="7" depart="546" departLane = "0" departSpeed="11.180000"/>
	<vehicle id="car_672" type="car9" route="2" depart="546" departLane = "2" departSpeed="11.180000"/>
	<vehicle id="car_673" type="car8" route="5" depart="546" departLane = "0" departSpeed="11.180000"/>
	<vehicle id="car_674" type="car6" route="2" depart="547" departLane = "2" departSpeed="11.180000"/>
	<vehicle id="car_675" type="car6" route="1" depart="549" departLane = "0" departSpeed="11.180000"/>
	<vehicle id="car_676" type="car7" route="9" depart="549" departLane = "2" departSpeed="11.180000"/>
	<vehicle id="car_677" type="car6" route="10" depart="550" departLane = "2" departSpeed="11.180000"/>
	<vehicle id="car_678" type="car9" route="6" depart="553" departLane = "0" departSpeed="11.180000"/>
	<vehicle id="car_679" type="car7" route="3" depart="554" departLane = "2" departSpeed="11.180000"/>
	<vehicle id="car_680" type="car5" route="7" depart="554" departLane = "2" departSpeed="11.180000"/>
	<vehicle id="car_681" type="car5" route="9" depart="554" departLane = "0" departSpeed="11.180000"/>
	<vehicle id="car_682" type="car6" route="3" depart="555" departLane = "0" departSpeed="11.180000"/>
	<vehicle id="car_683" type="car9" route="4" depart="556" departLane = "1" departSpeed="11.180000"/>
	<vehicle id="car_684" type="car7" route="10" depart="556" departLane = "1" departSpeed="11.180000"/>
	<vehicle id="car_685" type="car5" route="4" depart="557" departLane = "2" departSpeed="11.180000"/>
	<vehicle id="car_686" type="car9" route="5" depart="559" departLane = "0" departSpeed="11.180000"/>
	<vehicle id="car_687" type="car7" route="0" depart="560" departLane = "0" departSpeed="11.180000"/>
	<vehicle id="car_688" type="car8" route="5" depart="561" departLane = "1" departSpeed="11.180000"/>
	<vehicle id="car_689" type="car9" route="4" depart="562" departLane = "2" departSpeed="11.180000"/>
	<vehicle id="car_690" type="car9" route="7" depart="563" departLane = "1" departSpeed="11.180000"/>
	<vehicle id="car_691" type="car7" route="5" depart="563" departLane = "1" departSpeed="11.180000"/>
	<vehicle id="car_692" type="car5" route="3" depart="564" departLane = "1" departSpeed="11.180000"/>
	<vehicle id="car_693" type="car9" route="3" depart="565" departLane = "1" departSpeed="11.180000"/>
	<vehicle id="car_694" type="car7" route="5" depart="565" departLane = "2" departSpeed="11.180000"/>
	<vehicle id="car_695" type="car7" route="8" depart="566" departLane = "0" departSpeed="11.180000"/>
	<vehicle id="car_696" type="car7" route="4" depart="566" departLane = "0" departSpeed="11.180000"/>
	<vehicle id="car_697" type="car8" route="6" depart="566" departLane = "2" departSpeed="11.180000"/>
	<vehicle id="car_698" type="car9" route="7" depart="568" departLane = "2" departSpeed="11.180000"/>
	<vehicle id="car_699" type="car6" route="4" depart="569" departLane = "2" departSpeed="11.180000"/>
	<vehicle id="car_700" type="car5" route="0" depart="570" departLane = "2" departSpeed="11.180000"/>
	<vehicle id="car_701" type="car6" route="3" depart="570" departLane = "2" departSpeed="11.180000"/>
	<vehicle id="car_702" type="car8" route="8" depart="570" departLane = "2" departSpeed="11.180000"/>
	<vehicle id="car_703" type="car9" route="1" depart="570" departLane = "0" departSpeed="11.180000"/>
	<vehicle id="car_704" type="car5" route="7" depart="570" departLane = "2" departSpeed="11.180000"/>
	<vehicle id="car_705" type="car5" route="4" depart="572" departLane = "1" departSpeed="11.180000"/>
	<vehicle id="car_706" type="car5" route="2" depart="572" departLane = "2" departSpeed="11.180000"/>
	<vehicle id="car_707" type="car5" route="6" depart="572" departLane = "1" departSpeed="11.180000"/>
	<vehicle id="car_708" type="car8" route="9" depart="573" departLane = "0" departSpeed="11.180000"/>
	<vehicle id="car_709" type="car5" route="3" depart="577" departLane = "1" departSpeed="11.180000"/>
	<vehicle id="car_710" type="car9" route="2" depart="577" departLane = "1" departSpeed="11.180000"/>
	<vehicle id="car_711" type="car6" route="3" depart="578" departLane = "1" departSpeed="11.180000"/>
	<vehicle id="car_712" type="car8" route="11" depart="578" departLane = "2" departSpeed="11.180000"/>
	<vehicle id="car_713" type="car8" route="4" depart="579" departLane = "0" departSpeed="11.180000"/>
	<vehicle id="car_714" type="car7" route="0" depart="580" departLane = "2" departSpeed="11.180000"/>
	<vehicle id="car_715" type="car6" route="0" depart="581" departLane = "0" departSpeed="11.180000"/>
	<vehicle id="car_716" type="car8" route="6" depart="581" departLane = "1" departSpeed="11.180000"/>
	<vehicle id="car_717" type="car5" route="8" depart="582" departLane = "2" departSpeed="11.180000"/>
	<vehicle id="car_718" type="car9" route="8" depart="583" departLane = "1" departSpeed="11.180000"/>
	<vehicle id="car_719" type="car5" route="1" depart="583" departLane = "2" departSpeed="11.180000"/>
	<vehicle id="car_720" type="car8" route="3" depart="584" departLane = "2" departSpeed="11.180000"/>
	<vehicle id="car_721" type="car5" route="10" depart="584" departLane = "2" departSpeed="11.180000"/>
	<vehicle id="car_722" type="car8" route="3" depart="585" departLane = "1" departSpeed="11.180000"/>
	<vehicle id="car_723" type="car7" route="11" depart="585" departLane = "2" departSpeed="11.180000"/>
	<vehicle id="car_724" type="car7" route="7" depart="586" departLane = "1" departSpeed="11.180000"/>
	<vehicle id="car_725" type="car5" route="4" depart="588" departLane = "1" departSpeed="11.180000"/>
	<vehicle id="car_726" type="car8" route="10" depart="588" departLane = "2" departSpeed="11.180000"/>
	<vehicle id="car_727" type="car8" route="9" depart="588" departLane = "2" departSpeed="11.180000"/>
	<vehicle id="car_728" type="car9" route="5" depart="589" departLane = "1" departSpeed="11.180000"/>
	<vehicle id="car_729" type="car8" route="10" depart="590" departLane = "1" departSpeed="11.180000"/>
	<vehicle id="car_730" type="car6" route="5" depart="590" departLane = "0" departSpeed="11.180000"/>
	<vehicle id="car_731" type="car7" route="10" depart="591" departLane = "1" departSpeed="11.180000"/>
	<vehicle id="car_732" type="car8" route="0" depart="592" departLane = "0" departSpeed="11.180000"/>
	<vehicle id="car_733" type="car6" route="11" depart="592" departLane = "0" departSpeed="11.180000"/>
	<vehicle id="car_734" type="car8" route="4" depart="592" departLane = "0" departSpeed="11.180000"/>
	<vehicle id="car_735" type="car9" route="3" depart="593" departLane = "0" departSpeed="11.180000"/>
	<vehicle id="car_736" type="car5" route="1" depart="593" departLane = "0" departSpeed="11.180000"/>
	<vehicle id="car_737" type="car5" route="4" depart="594" departLane = "1" departSpeed="11.180000"/>
	<vehicle id="car_738" type="car9" route="3" depart="595" departLane = "1" departSpeed="11.180000"/>
	<vehicle id="car_739" type="car8" route="11" depart="596" departLane = "1" departSpeed="11.180000"/>
	<vehicle id="car_740" type="car6" route="2" depart="598" departLane = "1" departSpeed="11.180000"/>
	<vehicle id="car_741" type="car8" route="8" depart="599" departLane = "1" departSpeed="11.180000"/>
</routes>
