{"car_545": [3, 2], "car_544": [0, 1], "car_547": [6, 5], "car_546": [10, 3], "car_541": [11, 4], "car_540": [9, 1], "car_543": [9, 3], "car_542": [10, 0], "car_549": [0, 6], "car_548": [6, 2], "car_468": [9, 0], "car_469": [4, 0], "car_466": [7, 2], "car_467": [5, 7], "car_464": [6, 0], "car_465": [3, 7], "car_462": [4, 7], "car_463": [3, 4], "car_460": [6, 4], "car_461": [8, 4], "car_211": [4, 7], "car_210": [8, 3], "car_213": [8, 4], "car_212": [2, 4], "car_215": [8, 6], "car_214": [6, 7], "car_217": [10, 4], "car_216": [0, 4], "car_219": [6, 7], "car_218": [2, 5], "car_352": [0, 4], "car_353": [8, 1], "car_354": [11, 1], "car_355": [10, 2], "car_356": [8, 4], "car_357": [6, 5], "car_608": [2, 4], "car_609": [9, 7], "car_602": [11, 5], "car_603": [3, 0], "car_600": [9, 0], "car_601": [0, 6], "car_606": [2, 4], "car_607": [6, 3], "car_604": [0, 4], "car_605": [6, 3], "car_518": [0, 5], "car_519": [5, 7], "car_510": [6, 4], "car_511": [0, 3], "car_679": [4, 2], "car_678": [9, 4], "car_677": [9, 0], "car_676": [6, 5], "car_675": [7, 0], "car_674": [4, 5], "car_673": [7, 4], "car_672": [1, 7], "car_671": [11, 2], "car_670": [0, 4], "car_10": [2, 7], "car_11": [4, 7], "car_12": [2, 1], "car_13": [0, 7], "car_14": [10, 7], "car_15": [2, 5], "car_16": [5, 7], "car_17": [9, 4], "car_18": [11, 7], "car_19": [4, 3], "car_703": [2, 7], "car_702": [2, 7], "car_701": [8, 6], "car_700": [5, 4], "car_707": [7, 4], "car_706": [5, 1], "car_705": [0, 7], "car_704": [9, 1], "car_698": [4, 7], "car_422": [10, 0], "car_423": [5, 0], "car_420": [10, 4], "car_421": [6, 7], "car_426": [3, 7], "car_427": [2, 1], "car_424": [6, 0], "car_425": [6, 1], "car_581": [0, 5], "car_580": [7, 1], "car_428": [6, 1], "car_429": [8, 2], "car_585": [11, 0], "car_584": [6, 5], "car_587": [11, 2], "car_586": [10, 3], "car_255": [0, 7], "car_254": [1, 7], "car_257": [4, 5], "car_256": [7, 1], "car_251": [0, 3], "car_250": [1, 7], "car_253": [11, 5], "car_252": [6, 7], "car_394": [3, 1], "car_395": [0, 5], "car_396": [4, 1], "car_397": [6, 3], "car_259": [10, 7], "car_258": [5, 4], "car_392": [5, 2], "car_393": [6, 5], "car_158": [7, 1], "car_159": [2, 0], "car_156": [9, 5], "car_157": [2, 6], "car_154": [3, 2], "car_155": [8, 7], "car_152": [1, 5], "car_153": [9, 0], "car_150": [1, 4], "car_151": [11, 0], "car_350": [0, 2], "car_351": [4, 7], "car_457": [2, 7], "car_456": [8, 4], "car_455": [10, 0], "car_454": [3, 6], "car_453": [4, 2], "car_452": [8, 7], "car_451": [6, 4], "car_450": [0, 2], "car_516": [5, 6], "car_517": [9, 6], "car_514": [1, 7], "car_515": [11, 5], "car_512": [1, 3], "car_513": [2, 6], "car_459": [11, 1], "car_458": [0, 3], "car_321": [11, 6], "car_320": [4, 7], "car_323": [6, 5], "car_322": [2, 0], "car_325": [6, 0], "car_324": [2, 5], "car_327": [7, 3], "car_326": [4, 1], "car_329": [8, 4], "car_328": [3, 7], "car_493": [11, 1], "car_492": [10, 6], "car_491": [11, 1], "car_633": [10, 5], "car_632": [1, 5], "car_631": [8, 4], "car_490": [10, 0], "car_637": [8, 4], "car_636": [11, 3], "car_635": [8, 4], "car_634": [0, 1], "car_497": [9, 0], "car_639": [7, 2], "car_638": [5, 1], "car_496": [6, 5], "car_268": [3, 1], "car_495": [10, 6], "car_140": [8, 3], "car_494": [2, 3], "car_144": [0, 3], "car_260": [7, 4], "car_189": [10, 2], "car_188": [11, 3], "car_261": [10, 6], "car_185": [1, 4], "car_184": [3, 7], "car_187": [2, 4], "car_186": [11, 4], "car_181": [9, 2], "car_180": [5, 4], "car_183": [5, 3], "car_182": [0, 2], "car_263": [5, 3], "car_299": [7, 4], "car_113": [9, 6], "car_110": [5, 1], "car_111": [6, 7], "car_116": [6, 2], "car_117": [11, 5], "car_114": [2, 7], "car_115": [11, 1], "car_291": [7, 6], "car_290": [3, 4], "car_118": [9, 3], "car_119": [0, 7], "car_295": [6, 4], "car_294": [1, 2], "car_297": [6, 3], "car_296": [7, 2], "car_54": [4, 1], "car_55": [3, 6], "car_56": [8, 3], "car_57": [0, 4], "car_50": [5, 3], "car_51": [6, 1], "car_52": [9, 3], "car_53": [9, 0], "car_58": [8, 5], "car_59": [7, 0], "car_552": [4, 3], "car_553": [11, 5], "car_550": [6, 3], "car_551": [11, 4], "car_556": [0, 7], "car_557": [10, 4], "car_554": [10, 4], "car_555": [7, 1], "car_558": [11, 4], "car_559": [10, 1], "car_365": [2, 0], "car_364": [7, 5], "car_367": [7, 0], "car_366": [5, 2], "car_361": [6, 3], "car_360": [7, 1], "car_363": [4, 5], "car_362": [7, 6], "car_413": [9, 6], "car_412": [11, 5], "car_411": [10, 1], "car_410": [6, 7], "car_369": [9, 0], "car_368": [6, 2], "car_415": [10, 6], "car_414": [0, 3], "car_167": [5, 4], "car_166": [6, 3], "car_165": [10, 3], "car_164": [1, 3], "car_163": [6, 5], "car_162": [10, 0], "car_161": [7, 0], "car_160": [1, 4], "car_206": [2, 7], "car_207": [1, 0], "car_204": [3, 7], "car_205": [6, 2], "car_202": [10, 7], "car_203": [6, 2], "car_169": [10, 5], "car_168": [11, 3], "car_527": [6, 5], "car_526": [7, 2], "car_525": [6, 7], "car_524": [3, 4], "car_523": [6, 4], "car_522": [1, 4], "car_521": [0, 3], "car_520": [9, 1], "car_529": [10, 5], "car_528": [6, 2], "car_489": [10, 5], "car_6": [8, 6], "car_7": [8, 6], "car_4": [7, 4], "car_5": [9, 7], "car_2": [3, 4], "car_3": [8, 2], "car_0": [1, 6], "car_1": [6, 4], "car_8": [4, 1], "car_9": [7, 5], "car_668": [9, 2], "car_669": [9, 7], "car_664": [5, 6], "car_665": [11, 1], "car_666": [1, 0], "car_667": [4, 1], "car_660": [6, 4], "car_661": [4, 0], "car_662": [10, 3], "car_663": [4, 3], "car_98": [2, 4], "car_99": [0, 2], "car_90": [3, 1], "car_91": [1, 6], "car_92": [0, 3], "car_93": [4, 0], "car_94": [5, 1], "car_95": [5, 6], "car_96": [8, 4], "car_97": [1, 4], "car_596": [7, 4], "car_578": [6, 1], "car_594": [3, 1], "car_595": [5, 6], "car_592": [3, 2], "car_593": [1, 4], "car_590": [9, 7], "car_579": [4, 5], "car_598": [5, 2], "car_599": [4, 1], "car_242": [6, 4], "car_243": [0, 5], "car_240": [11, 1], "car_241": [1, 2], "car_246": [10, 2], "car_247": [0, 7], "car_244": [2, 7], "car_245": [9, 5], "car_248": [3, 4], "car_249": [8, 6], "car_570": [0, 6], "car_129": [5, 0], "car_128": [4, 0], "car_571": [11, 0], "car_123": [2, 0], "car_122": [6, 4], "car_121": [1, 3], "car_120": [8, 6], "car_127": [11, 5], "car_126": [11, 2], "car_125": [1, 5], "car_124": [10, 4], "car_597": [2, 6], "car_444": [9, 3], "car_445": [1, 5], "car_446": [4, 2], "car_447": [0, 2], "car_440": [10, 2], "car_441": [2, 0], "car_442": [9, 7], "car_443": [7, 1], "car_563": [8, 5], "car_562": [3, 4], "car_561": [11, 0], "car_560": [3, 0], "car_448": [3, 4], "car_349": [7, 0], "car_565": [1, 3], "car_564": [10, 2], "car_237": [8, 4], "car_236": [3, 6], "car_235": [0, 1], "car_234": [9, 3], "car_233": [0, 6], "car_232": [7, 0], "car_338": [1, 2], "car_339": [5, 0], "car_336": [8, 0], "car_337": [10, 2], "car_334": [8, 3], "car_335": [4, 0], "car_332": [10, 0], "car_333": [10, 4], "car_330": [8, 2], "car_238": [10, 0], "car_408": [1, 7], "car_409": [2, 7], "car_620": [4, 3], "car_621": [11, 0], "car_622": [11, 0], "car_623": [4, 3], "car_624": [10, 4], "car_625": [9, 3], "car_626": [4, 2], "car_627": [6, 3], "car_628": [6, 1], "car_629": [8, 2], "car_347": [4, 6], "car_346": [11, 3], "car_630": [7, 2], "car_402": [6, 3], "car_403": [2, 3], "car_198": [8, 5], "car_199": [3, 7], "car_192": [1, 4], "car_193": [9, 4], "car_190": [4, 0], "car_191": [8, 1], "car_196": [11, 0], "car_197": [0, 1], "car_194": [1, 7], "car_195": [4, 3], "car_695": [0, 6], "car_694": [9, 4], "car_697": [9, 1], "car_696": [5, 1], "car_691": [4, 6], "car_690": [9, 3], "car_693": [6, 4], "car_692": [8, 6], "car_699": [7, 0], "car_279": [8, 2], "car_278": [3, 1], "car_36": [9, 4], "car_37": [11, 5], "car_34": [7, 1], "car_35": [10, 6], "car_32": [2, 7], "car_33": [9, 2], "car_30": [1, 7], "car_31": [10, 0], "car_499": [8, 1], "car_498": [2, 3], "car_38": [2, 4], "car_39": [5, 3], "car_286": [4, 3], "car_287": [10, 7], "car_284": [9, 3], "car_285": [5, 7], "car_282": [6, 3], "car_283": [1, 5], "car_280": [1, 2], "car_281": [4, 2], "car_288": [10, 2], "car_289": [9, 4], "car_178": [3, 2], "car_179": [9, 2], "car_43": [8, 0], "car_42": [9, 7], "car_41": [8, 2], "car_40": [7, 6], "car_47": [9, 1], "car_46": [9, 5], "car_45": [3, 7], "car_44": [5, 0], "car_49": [8, 3], "car_48": [9, 5], "car_566": [9, 5], "car_372": [11, 0], "car_373": [0, 5], "car_370": [11, 3], "car_371": [10, 3], "car_376": [9, 0], "car_377": [0, 4], "car_374": [4, 3], "car_375": [5, 7], "car_400": [10, 5], "car_401": [2, 6], "car_378": [10, 2], "car_379": [6, 5], "car_404": [8, 1], "car_405": [11, 3], "car_406": [1, 4], "car_407": [10, 0], "car_174": [10, 2], "car_175": [3, 1], "car_176": [8, 5], "car_177": [6, 0], "car_170": [2, 4], "car_171": [6, 3], "car_172": [6, 1], "car_173": [4, 5], "car_273": [7, 2], "car_272": [5, 2], "car_271": [7, 6], "car_270": [11, 6], "car_277": [2, 7], "car_276": [5, 0], "car_275": [10, 2], "car_274": [7, 1], "car_112": [9, 7], "car_298": [0, 6], "car_534": [10, 6], "car_535": [5, 4], "car_536": [1, 4], "car_537": [0, 1], "car_530": [2, 0], "car_531": [9, 2], "car_532": [11, 3], "car_358": [5, 4], "car_538": [4, 2], "car_539": [9, 0], "car_307": [8, 5], "car_306": [10, 1], "car_305": [5, 3], "car_304": [10, 2], "car_303": [0, 6], "car_302": [10, 3], "car_301": [1, 0], "car_300": [3, 7], "car_293": [8, 4], "car_309": [2, 7], "car_308": [10, 1], "car_292": [0, 1], "car_359": [7, 4], "car_659": [7, 4], "car_658": [2, 0], "car_651": [5, 2], "car_650": [8, 3], "car_653": [0, 1], "car_652": [5, 6], "car_655": [11, 1], "car_654": [4, 3], "car_657": [7, 6], "car_656": [9, 6], "car_78": [3, 6], "car_79": [2, 1], "car_72": [4, 0], "car_73": [5, 4], "car_70": [2, 1], "car_71": [3, 5], "car_76": [2, 7], "car_77": [0, 3], "car_74": [4, 5], "car_75": [0, 6], "car_87": [5, 3], "car_86": [7, 0], "car_85": [3, 0], "car_84": [4, 2], "car_83": [8, 6], "car_82": [9, 7], "car_81": [7, 4], "car_80": [10, 3], "car_533": [7, 2], "car_89": [3, 7], "car_88": [6, 2], "car_689": [7, 2], "car_138": [6, 2], "car_139": [5, 0], "car_130": [4, 1], "car_131": [4, 3], "car_132": [8, 3], "car_133": [11, 7], "car_134": [10, 7], "car_135": [2, 5], "car_136": [11, 1], "car_137": [2, 7], "car_569": [4, 6], "car_568": [1, 2], "car_471": [2, 5], "car_470": [4, 2], "car_473": [6, 0], "car_472": [8, 7], "car_475": [9, 4], "car_474": [8, 4], "car_477": [2, 1], "car_476": [10, 0], "car_479": [11, 5], "car_478": [2, 6], "car_572": [7, 3], "car_573": [10, 1], "car_574": [4, 5], "car_575": [9, 7], "car_576": [6, 5], "car_577": [11, 0], "car_224": [5, 4], "car_225": [0, 6], "car_226": [10, 2], "car_227": [0, 2], "car_220": [0, 7], "car_221": [11, 3], "car_222": [1, 3], "car_223": [2, 3], "car_343": [6, 0], "car_342": [3, 1], "car_341": [0, 5], "car_340": [9, 2], "car_228": [9, 4], "car_229": [0, 5], "car_345": [0, 7], "car_344": [4, 1], "car_567": [8, 1], "car_449": [2, 0], "car_619": [5, 0], "car_618": [10, 2], "car_615": [1, 3], "car_614": [0, 4], "car_617": [7, 2], "car_616": [7, 2], "car_611": [4, 2], "car_610": [9, 4], "car_613": [9, 0], "car_612": [7, 2], "car_591": [7, 1], "car_231": [11, 4], "car_683": [8, 7], "car_230": [3, 4], "car_419": [4, 3], "car_418": [0, 4], "car_682": [10, 0], "car_589": [2, 0], "car_680": [8, 2], "car_681": [1, 7], "car_686": [1, 4], "car_687": [10, 7], "car_684": [9, 0], "car_588": [4, 5], "car_688": [3, 2], "car_685": [3, 6], "car_239": [8, 0], "car_331": [7, 1], "car_25": [9, 1], "car_24": [11, 2], "car_27": [5, 6], "car_26": [4, 1], "car_21": [10, 7], "car_20": [0, 4], "car_23": [3, 5], "car_22": [0, 2], "car_488": [2, 0], "car_417": [6, 5], "car_29": [3, 7], "car_28": [10, 5], "car_416": [2, 5], "car_583": [8, 4], "car_582": [5, 7], "car_208": [7, 4], "car_209": [0, 5], "car_435": [10, 1], "car_434": [7, 1], "car_437": [6, 7], "car_436": [2, 5], "car_431": [7, 1], "car_430": [1, 0], "car_433": [1, 6], "car_432": [11, 7], "car_398": [11, 4], "car_439": [0, 1], "car_438": [9, 4], "car_399": [4, 3], "car_389": [7, 0], "car_388": [10, 1], "car_387": [4, 5], "car_386": [8, 3], "car_385": [9, 4], "car_384": [10, 2], "car_383": [7, 3], "car_382": [2, 7], "car_381": [8, 5], "car_380": [8, 1], "car_141": [4, 2], "car_269": [8, 5], "car_143": [9, 2], "car_142": [6, 4], "car_145": [7, 4], "car_200": [5, 0], "car_147": [4, 0], "car_146": [8, 7], "car_149": [6, 4], "car_148": [5, 3], "car_262": [4, 5], "car_201": [8, 6], "car_264": [7, 1], "car_265": [10, 2], "car_266": [2, 5], "car_267": [2, 7], "car_480": [10, 4], "car_481": [0, 7], "car_390": [5, 4], "car_482": [11, 2], "car_391": [2, 3], "car_483": [5, 6], "car_484": [11, 7], "car_485": [7, 3], "car_501": [2, 0], "car_500": [4, 0], "car_503": [8, 0], "car_502": [6, 0], "car_505": [5, 6], "car_486": [2, 4], "car_507": [1, 3], "car_506": [4, 3], "car_509": [5, 4], "car_508": [10, 2], "car_487": [3, 1], "car_314": [10, 7], "car_315": [0, 4], "car_316": [11, 0], "car_317": [4, 7], "car_310": [6, 7], "car_311": [1, 0], "car_312": [11, 1], "car_313": [3, 1], "car_318": [8, 3], "car_319": [2, 5], "car_646": [5, 2], "car_647": [3, 1], "car_644": [4, 6], "car_645": [8, 0], "car_642": [5, 7], "car_643": [0, 5], "car_640": [2, 4], "car_641": [0, 5], "car_648": [1, 2], "car_649": [9, 2], "car_69": [10, 2], "car_68": [1, 3], "car_61": [1, 0], "car_60": [8, 6], "car_63": [8, 0], "car_62": [7, 1], "car_65": [5, 4], "car_64": [11, 5], "car_67": [4, 5], "car_66": [11, 0], "car_504": [2, 5], "car_348": [6, 0], "car_105": [10, 1], "car_104": [1, 2], "car_107": [11, 2], "car_106": [8, 6], "car_101": [5, 4], "car_100": [1, 6], "car_103": [3, 5], "car_102": [5, 1], "car_109": [4, 2], "car_108": [1, 7]}