{"car_3253": [1, 2], "car_3750": [8, 1], "car_2009": [11, 6], "car_3196": [4, 1], "car_3197": [10, 0], "car_3194": [8, 4], "car_3195": [11, 3], "car_3192": [9, 7], "car_3193": [0, 7], "car_3190": [5, 0], "car_3191": [6, 5], "car_3668": [3, 5], "car_3669": [8, 4], "car_3198": [2, 3], "car_3199": [5, 7], "car_2229": [2, 7], "car_2228": [10, 7], "car_468": [9, 1], "car_469": [0, 5], "car_466": [4, 7], "car_467": [2, 0], "car_464": [5, 4], "car_465": [3, 6], "car_462": [4, 0], "car_463": [10, 1], "car_460": [9, 6], "car_461": [1, 4], "car_4456": [4, 2], "car_4012": [7, 4], "car_4658": [3, 7], "car_2455": [5, 1], "car_4457": [7, 1], "car_3068": [1, 5], "car_3069": [4, 7], "car_2751": [1, 0], "car_3768": [7, 2], "car_3062": [11, 7], "car_3063": [7, 5], "car_3060": [0, 6], "car_3061": [8, 3], "car_3066": [9, 4], "car_3067": [3, 2], "car_3064": [10, 4], "car_3065": [2, 5], "car_3268": [0, 1], "car_817": [0, 1], "car_816": [9, 7], "car_3260": [8, 6], "car_3261": [11, 0], "car_3262": [1, 5], "car_3263": [7, 6], "car_3264": [10, 6], "car_815": [5, 3], "car_3266": [6, 4], "car_3267": [9, 5], "car_2750": [11, 0], "car_814": [2, 6], "car_813": [7, 3], "car_812": [4, 1], "car_2072": [0, 3], "car_811": [1, 7], "car_2073": [8, 3], "car_4455": [1, 4], "car_810": [11, 3], "car_3743": [11, 6], "car_3214": [4, 7], "car_3741": [3, 5], "car_3740": [0, 6], "car_679": [8, 3], "car_678": [3, 1], "car_677": [9, 6], "car_676": [2, 4], "car_675": [7, 2], "car_674": [4, 2], "car_673": [1, 4], "car_672": [8, 6], "car_671": [3, 0], "car_670": [0, 1], "car_2771": [10, 5], "car_4654": [10, 2], "car_3213": [11, 4], "car_2770": [7, 4], "car_3212": [8, 7], "car_2078": [9, 3], "car_2079": [3, 7], "car_3464": [10, 6], "car_5006": [9, 2], "car_4013": [10, 2], "car_4026": [3, 4], "car_4655": [2, 5], "car_4706": [9, 3], "car_4842": [8, 5], "car_5004": [5, 1], "car_2456": [9, 1], "car_2341": [3, 0], "car_2670": [7, 4], "car_3465": [2, 0], "car_3818": [8, 4], "car_2671": [10, 5], "car_4429": [1, 7], "car_2754": [10, 5], "car_2672": [5, 1], "car_4702": [7, 1], "car_4656": [5, 2], "car_4879": [0, 5], "car_2223": [0, 4], "car_789": [6, 3], "car_788": [2, 5], "car_3338": [2, 1], "car_2222": [5, 1], "car_783": [0, 5], "car_782": [9, 0], "car_781": [6, 1], "car_780": [5, 4], "car_787": [10, 3], "car_786": [7, 5], "car_785": [4, 7], "car_784": [3, 2], "car_3462": [1, 4], "car_2220": [7, 0], "car_4817": [7, 0], "car_0": [3, 1], "car_2227": [7, 1], "car_1179": [11, 6], "car_2375": [6, 5], "car_2226": [4, 6], "car_4430": [4, 3], "car_4793": [9, 6], "car_3339": [6, 2], "car_2225": [8, 0], "car_4431": [7, 4], "car_2224": [3, 4], "car_4432": [10, 2], "car_3463": [4, 0], "car_255": [1, 4], "car_254": [11, 1], "car_257": [7, 6], "car_256": [4, 5], "car_251": [0, 3], "car_250": [9, 0], "car_253": [8, 6], "car_252": [3, 4], "car_1961": [8, 4], "car_1960": [0, 3], "car_1963": [4, 2], "car_1962": [11, 3], "car_259": [6, 3], "car_258": [10, 6], "car_1967": [6, 3], "car_1966": [2, 5], "car_4135": [4, 0], "car_4085": [8, 3], "car_4137": [10, 3], "car_4136": [7, 6], "car_4131": [0, 2], "car_1170": [1, 3], "car_4133": [8, 2], "car_4132": [3, 2], "car_1171": [4, 3], "car_4139": [6, 5], "car_4138": [2, 7], "car_1565": [4, 3], "car_1564": [11, 2], "car_1567": [10, 5], "car_1566": [7, 4], "car_1561": [9, 7], "car_1560": [6, 3], "car_1563": [3, 1], "car_1562": [0, 3], "car_4243": [6, 4], "car_4242": [5, 4], "car_4241": [2, 1], "car_4240": [7, 3], "car_1569": [5, 3], "car_1568": [2, 6], "car_1413": [6, 1], "car_4080": [5, 3], "car_1363": [6, 7], "car_1362": [5, 1], "car_1361": [10, 3], "car_1360": [7, 4], "car_1367": [4, 1], "car_1366": [1, 2], "car_1365": [8, 5], "car_1364": [9, 5], "car_1369": [5, 0], "car_1368": [10, 4], "car_4399": [0, 6], "car_4398": [9, 7], "car_2758": [3, 0], "car_2376": [9, 5], "car_4391": [0, 5], "car_4390": [9, 2], "car_4393": [8, 7], "car_4392": [3, 1], "car_4395": [10, 2], "car_4394": [7, 0], "car_4397": [6, 7], "car_4396": [2, 7], "car_321": [4, 6], "car_320": [8, 7], "car_323": [10, 1], "car_322": [7, 6], "car_325": [5, 1], "car_324": [2, 1], "car_327": [3, 1], "car_326": [0, 2], "car_329": [11, 0], "car_328": [8, 2], "car_4623": [4, 0], "car_4622": [8, 5], "car_4625": [2, 0], "car_4624": [10, 5], "car_4627": [6, 0], "car_4626": [5, 4], "car_2722": [0, 6], "car_2723": [3, 6], "car_2720": [2, 5], "car_2721": [6, 7], "car_2726": [7, 4], "car_2727": [10, 5], "car_2724": [8, 7], "car_2725": [1, 7], "car_2728": [5, 3], "car_2729": [6, 0], "car_4853": [6, 4], "car_1107": [4, 0], "car_1106": [11, 3], "car_1105": [8, 7], "car_1104": [3, 7], "car_1103": [0, 2], "car_1102": [6, 1], "car_1101": [5, 0], "car_1100": [2, 3], "car_4409": [8, 5], "car_4408": [3, 2], "car_1109": [5, 3], "car_1108": [2, 5], "car_1297": [5, 6], "car_1296": [2, 5], "car_1295": [10, 1], "car_1294": [7, 5], "car_1293": [4, 0], "car_1292": [8, 2], "car_1291": [3, 6], "car_1290": [0, 7], "car_1299": [0, 3], "car_1298": [6, 1], "car_2928": [3, 7], "car_2929": [1, 7], "car_2924": [5, 3], "car_2925": [6, 4], "car_2926": [9, 3], "car_2927": [0, 1], "car_2920": [4, 0], "car_2921": [7, 3], "car_2922": [10, 2], "car_2923": [2, 5], "car_2586": [6, 3], "car_2587": [0, 5], "car_2584": [10, 4], "car_2585": [2, 0], "car_2582": [4, 7], "car_2583": [7, 6], "car_2580": [8, 7], "car_2581": [1, 7], "car_3527": [5, 4], "car_3526": [2, 4], "car_3525": [10, 2], "car_3524": [7, 4], "car_2858": [9, 3], "car_2859": [3, 2], "car_2588": [3, 6], "car_2589": [8, 3], "car_2036": [0, 1], "car_2037": [11, 7], "car_1039": [3, 4], "car_1038": [0, 6], "car_1749": [6, 7], "car_1748": [5, 3], "car_2030": [11, 2], "car_2031": [1, 2], "car_1033": [1, 7], "car_1032": [11, 1], "car_1031": [8, 0], "car_1030": [3, 1], "car_1037": [9, 0], "car_1036": [6, 3], "car_1035": [5, 1], "car_1034": [10, 3], "car_4557": [7, 1], "car_1589": [11, 3], "car_1588": [8, 3], "car_1583": [7, 2], "car_1582": [4, 2], "car_1581": [8, 6], "car_1580": [3, 6], "car_1587": [0, 2], "car_1586": [9, 2], "car_1585": [6, 7], "car_1584": [2, 6], "car_4903": [8, 0], "car_1852": [7, 0], "car_1906": [2, 4], "car_4556": [1, 5], "car_3295": [1, 5], "car_3294": [11, 6], "car_3297": [7, 5], "car_3296": [4, 0], "car_3291": [6, 3], "car_3290": [10, 3], "car_899": [3, 0], "car_898": [9, 5], "car_897": [5, 7], "car_896": [2, 6], "car_895": [10, 7], "car_894": [7, 6], "car_893": [4, 0], "car_892": [1, 4], "car_891": [8, 1], "car_890": [0, 7], "car_2458": [3, 0], "car_2459": [8, 6], "car_2108": [6, 5], "car_2109": [9, 5], "car_3457": [6, 1], "car_3456": [5, 1], "car_3455": [2, 6], "car_3454": [10, 0], "car_2102": [8, 1], "car_2103": [11, 6], "car_2100": [6, 4], "car_2101": [0, 4], "car_2106": [10, 5], "car_2107": [5, 6], "car_2104": [1, 4], "car_2105": [7, 4], "car_1631": [6, 3], "car_1630": [5, 3], "car_1633": [1, 6], "car_1632": [9, 5], "car_1635": [10, 5], "car_1634": [4, 7], "car_1637": [0, 2], "car_1636": [2, 3], "car_1639": [4, 0], "car_1638": [3, 2], "car_3418": [3, 4], "car_1751": [0, 1], "car_2803": [0, 5], "car_3859": [0, 7], "car_2802": [9, 5], "car_3857": [5, 7], "car_3856": [2, 5], "car_3855": [4, 2], "car_3854": [11, 6], "car_3853": [3, 7], "car_2801": [6, 1], "car_3851": [6, 4], "car_3850": [2, 6], "car_3189": [7, 2], "car_3188": [4, 2], "car_2800": [5, 6], "car_3269": [8, 2], "car_3181": [7, 0], "car_2807": [1, 7], "car_1756": [7, 4], "car_3182": [10, 3], "car_3185": [0, 5], "car_3184": [6, 1], "car_3187": [1, 2], "car_2806": [11, 2], "car_3677": [1, 0], "car_3676": [11, 0], "car_3675": [3, 1], "car_3674": [0, 7], "car_3673": [6, 0], "car_2805": [8, 5], "car_3306": [4, 6], "car_2816": [4, 7], "car_2804": [3, 2], "car_3380": [9, 5], "car_4018": [8, 2], "car_3679": [5, 0], "car_3104": [9, 0], "car_2414": [8, 5], "car_419": [4, 6], "car_418": [1, 0], "car_4968": [1, 0], "car_2218": [11, 5], "car_2219": [4, 7], "car_413": [10, 3], "car_412": [7, 3], "car_411": [4, 5], "car_410": [1, 4], "car_417": [11, 5], "car_416": [9, 7], "car_415": [6, 0], "car_414": [2, 5], "car_2417": [7, 3], "car_4552": [6, 2], "car_1679": [8, 1], "car_3546": [5, 7], "car_4086": [11, 7], "car_1678": [3, 5], "car_4261": [0, 3], "car_4969": [4, 2], "car_2412": [0, 6], "car_4104": [8, 4], "car_4260": [9, 2], "car_2947": [4, 7], "car_2413": [3, 6], "car_3265": [5, 1], "car_4519": [2, 5], "car_3079": [2, 3], "car_3078": [10, 7], "car_3729": [2, 0], "car_3075": [8, 6], "car_3074": [0, 5], "car_3077": [7, 0], "car_3076": [1, 3], "car_3071": [10, 2], "car_3070": [7, 1], "car_3073": [6, 3], "car_3072": [5, 0], "car_527": [8, 6], "car_526": [3, 4], "car_525": [0, 7], "car_524": [6, 4], "car_523": [2, 3], "car_522": [7, 3], "car_521": [4, 0], "car_520": [1, 7], "car_3273": [10, 0], "car_1671": [4, 0], "car_3271": [4, 6], "car_1889": [10, 6], "car_3277": [3, 7], "car_3276": [0, 3], "car_529": [10, 2], "car_528": [4, 2], "car_4269": [5, 4], "car_4550": [2, 3], "car_4268": [2, 5], "car_4851": [7, 0], "car_4103": [3, 2], "car_1884": [8, 4], "car_4967": [8, 6], "car_1885": [11, 2], "car_4836": [1, 6], "car_2368": [8, 1], "car_2786": [11, 1], "car_4573": [3, 4], "car_2787": [1, 5], "car_4964": [9, 4], "car_668": [6, 2], "car_669": [9, 5], "car_664": [7, 6], "car_665": [10, 6], "car_666": [2, 4], "car_667": [5, 2], "car_660": [0, 2], "car_661": [8, 3], "car_662": [11, 2], "car_663": [4, 0], "car_4732": [3, 2], "car_4200": [6, 2], "car_4972": [9, 2], "car_2759": [8, 6], "car_1854": [0, 7], "car_2788": [4, 6], "car_3308": [10, 5], "car_2789": [7, 0], "car_4892": [7, 3], "car_4893": [10, 0], "car_4890": [8, 2], "car_4891": [1, 2], "car_4896": [4, 3], "car_4897": [2, 1], "car_4894": [2, 4], "car_4878": [9, 7], "car_4962": [2, 4], "car_3824": [5, 4], "car_4899": [6, 4], "car_4707": [0, 7], "car_4034": [6, 2], "car_2940": [5, 6], "car_3952": [1, 6], "car_3953": [7, 4], "car_798": [6, 4], "car_799": [9, 5], "car_4466": [7, 1], "car_790": [9, 5], "car_791": [0, 6], "car_792": [8, 5], "car_793": [11, 5], "car_794": [4, 0], "car_795": [7, 0], "car_796": [10, 5], "car_797": [2, 0], "car_4098": [10, 2], "car_4099": [2, 7], "car_4092": [0, 5], "car_4093": [3, 2], "car_4090": [6, 2], "car_4091": [9, 0], "car_4096": [4, 3], "car_4097": [7, 2], "car_4094": [8, 2], "car_4095": [11, 7], "car_4620": [9, 5], "car_3822": [7, 2], "car_3958": [3, 7], "car_242": [6, 2], "car_243": [9, 5], "car_240": [2, 0], "car_241": [5, 6], "car_246": [1, 6], "car_247": [7, 5], "car_244": [0, 3], "car_245": [3, 0], "car_1914": [2, 0], "car_1915": [5, 0], "car_248": [2, 1], "car_249": [6, 0], "car_1910": [0, 5], "car_1911": [3, 0], "car_1912": [1, 3], "car_1913": [4, 2], "car_4464": [1, 2], "car_4961": [10, 6], "car_3823": [2, 1], "car_4559": [5, 0], "car_4178": [8, 2], "car_4278": [5, 0], "car_4279": [6, 1], "car_4276": [10, 7], "car_4277": [2, 1], "car_4274": [1, 3], "car_4275": [4, 0], "car_4272": [3, 7], "car_3738": [2, 3], "car_4270": [6, 1], "car_4271": [9, 1], "car_1356": [9, 4], "car_1357": [0, 1], "car_1354": [4, 1], "car_1355": [5, 0], "car_1352": [8, 2], "car_1353": [11, 4], "car_1350": [9, 4], "car_1351": [0, 1], "car_4858": [4, 1], "car_1358": [3, 5], "car_1359": [8, 4], "car_4904": [1, 7], "car_4558": [2, 5], "car_4905": [4, 1], "car_4462": [3, 4], "car_1831": [11, 4], "car_1820": [5, 2], "car_1821": [6, 1], "car_1822": [0, 5], "car_1823": [8, 7], "car_1824": [11, 5], "car_1825": [4, 2], "car_338": [8, 4], "car_339": [11, 1], "car_336": [0, 2], "car_337": [3, 7], "car_334": [5, 2], "car_335": [6, 3], "car_332": [7, 1], "car_333": [2, 4], "car_330": [1, 4], "car_331": [4, 5], "car_2735": [7, 4], "car_2734": [4, 0], "car_1138": [8, 0], "car_1139": [1, 0], "car_2731": [3, 7], "car_2730": [9, 7], "car_2733": [11, 4], "car_2732": [8, 7], "car_1132": [11, 2], "car_1133": [10, 4], "car_1130": [3, 4], "car_1131": [8, 0], "car_1136": [9, 4], "car_1137": [0, 3], "car_1134": [2, 4], "car_1135": [5, 3], "car_4474": [7, 1], "car_4475": [10, 0], "car_4476": [2, 5], "car_4032": [2, 6], "car_4470": [3, 1], "car_3734": [3, 4], "car_4472": [1, 3], "car_4473": [4, 6], "car_3735": [11, 3], "car_4478": [0, 7], "car_1839": [3, 0], "car_2393": [0, 4], "car_1838": [9, 2], "car_2392": [6, 1], "car_4460": [5, 7], "car_4643": [7, 3], "car_4999": [1, 4], "car_3301": [6, 5], "car_4642": [1, 5], "car_3300": [5, 0], "car_4641": [11, 6], "car_2939": [10, 2], "car_2938": [7, 1], "car_2937": [4, 6], "car_2936": [1, 5], "car_2935": [11, 4], "car_2934": [8, 7], "car_2933": [0, 3], "car_2932": [2, 1], "car_2931": [7, 5], "car_2930": [4, 7], "car_2029": [8, 3], "car_2028": [0, 4], "car_2845": [10, 7], "car_2844": [7, 5], "car_2843": [4, 3], "car_2842": [1, 6], "car_2841": [11, 7], "car_2840": [8, 1], "car_2021": [9, 0], "car_2020": [6, 0], "car_2023": [8, 0], "car_2022": [3, 7], "car_2025": [7, 6], "car_2024": [4, 7], "car_2027": [5, 0], "car_2026": [2, 4], "car_2948": [7, 1], "car_2520": [7, 0], "car_4583": [10, 6], "car_1008": [10, 3], "car_1009": [5, 1], "car_1006": [8, 7], "car_1007": [11, 3], "car_1004": [2, 0], "car_1005": [9, 1], "car_1002": [4, 2], "car_1003": [10, 1], "car_1000": [11, 6], "car_1001": [1, 0], "car_3459": [0, 6], "car_2398": [7, 6], "car_2629": [4, 7], "car_5001": [7, 0], "car_2524": [8, 0], "car_2628": [11, 1], "car_3310": [5, 0], "car_2525": [11, 6], "car_2995": [10, 6], "car_2674": [8, 3], "car_1924": [2, 5], "car_2994": [7, 4], "car_2527": [7, 6], "car_2997": [9, 2], "car_36": [1, 7], "car_37": [7, 5], "car_34": [3, 5], "car_35": [8, 2], "car_888": [5, 4], "car_889": [6, 4], "car_30": [2, 7], "car_31": [5, 7], "car_884": [11, 3], "car_885": [4, 6], "car_886": [10, 1], "car_887": [2, 6], "car_880": [9, 4], "car_881": [0, 4], "car_882": [3, 7], "car_883": [8, 4], "car_3466": [5, 3], "car_3467": [6, 7], "car_2449": [9, 3], "car_2448": [6, 0], "car_2119": [7, 6], "car_2118": [3, 4], "car_3460": [3, 7], "car_3461": [11, 2], "car_2115": [2, 5], "car_2114": [10, 7], "car_2117": [9, 2], "car_2116": [5, 6], "car_2111": [11, 3], "car_2110": [3, 4], "car_2113": [4, 2], "car_2112": [1, 3], "car_1644": [9, 2], "car_1645": [0, 6], "car_1646": [3, 2], "car_1647": [8, 4], "car_1640": [7, 4], "car_1641": [10, 1], "car_1642": [2, 6], "car_1643": [5, 6], "car_3312": [9, 2], "car_1648": [11, 2], "car_1649": [1, 6], "car_3915": [10, 1], "car_2599": [3, 4], "car_2159": [4, 5], "car_3860": [3, 5], "car_3861": [11, 0], "car_3866": [9, 1], "car_3867": [0, 3], "car_3864": [2, 4], "car_2158": [1, 0], "car_2591": [4, 1], "car_2590": [11, 3], "car_2593": [10, 5], "car_2592": [7, 4], "car_2595": [5, 0], "car_2594": [2, 0], "car_2597": [9, 1], "car_2596": [6, 2], "car_3648": [4, 6], "car_3649": [2, 6], "car_4859": [2, 3], "car_4748": [11, 5], "car_3560": [11, 4], "car_3313": [8, 7], "car_3643": [0, 1], "car_3640": [10, 0], "car_3641": [6, 0], "car_3646": [11, 3], "car_3647": [1, 0], "car_2677": [4, 3], "car_2608": [6, 3], "car_3888": [5, 6], "car_3703": [3, 6], "car_3880": [0, 7], "car_3881": [8, 7], "car_3882": [11, 6], "car_3883": [1, 4], "car_3884": [4, 6], "car_3885": [7, 1], "car_3886": [10, 2], "car_3887": [2, 5], "car_408": [8, 6], "car_409": [11, 7], "car_2203": [3, 7], "car_2202": [9, 3], "car_2205": [1, 6], "car_2204": [11, 0], "car_2207": [10, 2], "car_2206": [7, 5], "car_400": [1, 6], "car_401": [4, 5], "car_402": [10, 4], "car_403": [5, 0], "car_404": [6, 5], "car_405": [9, 2], "car_406": [0, 4], "car_407": [3, 5], "car_4469": [9, 2], "car_4914": [4, 2], "car_3787": [5, 6], "car_4048": [11, 3], "car_4528": [5, 0], "car_4733": [8, 3], "car_1769": [2, 0], "car_4384": [8, 2], "car_3080": [5, 4], "car_3081": [6, 3], "car_3082": [9, 6], "car_3083": [8, 6], "car_3084": [11, 5], "car_3085": [4, 5], "car_3086": [7, 2], "car_3087": [5, 7], "car_3088": [6, 3], "car_3089": [8, 3], "car_2973": [11, 1], "car_534": [8, 3], "car_535": [11, 1], "car_536": [1, 5], "car_537": [7, 4], "car_530": [2, 3], "car_531": [5, 1], "car_532": [6, 3], "car_533": [0, 7], "car_3246": [2, 4], "car_3247": [5, 7], "car_3244": [7, 2], "car_3245": [10, 6], "car_538": [10, 7], "car_539": [5, 7], "car_3240": [8, 7], "car_3241": [11, 1], "car_2972": [8, 6], "car_3317": [9, 0], "car_4452": [6, 0], "car_2310": [7, 3], "car_4810": [5, 1], "car_4953": [3, 1], "car_4729": [5, 0], "car_4779": [7, 1], "car_659": [9, 5], "car_658": [6, 0], "car_651": [3, 4], "car_650": [9, 1], "car_653": [11, 6], "car_652": [8, 6], "car_655": [10, 0], "car_654": [7, 4], "car_657": [5, 6], "car_656": [2, 5], "car_2970": [0, 1], "car_2907": [6, 3], "car_4246": [3, 6], "car_4951": [5, 2], "car_3813": [10, 3], "car_4596": [1, 2], "car_4885": [2, 7], "car_4884": [10, 3], "car_2977": [0, 3], "car_4886": [5, 1], "car_4881": [8, 7], "car_4880": [3, 5], "car_4883": [7, 0], "car_4882": [11, 3], "car_4889": [0, 6], "car_4888": [9, 3], "car_2909": [3, 4], "car_4950": [2, 3], "car_3812": [7, 2], "car_3946": [5, 2], "car_2976": [9, 7], "car_4105": [11, 1], "car_2434": [1, 3], "car_4864": [1, 6], "car_1929": [8, 0], "car_4518": [7, 5], "car_2195": [3, 2], "car_3971": [6, 4], "car_4089": [5, 7], "car_4088": [2, 3], "car_2194": [9, 3], "car_3811": [4, 0], "car_4084": [3, 0], "car_4087": [7, 4], "car_1764": [8, 0], "car_4081": [6, 7], "car_2197": [1, 7], "car_4083": [0, 4], "car_4082": [9, 2], "car_4869": [9, 5], "car_2196": [11, 0], "car_2191": [7, 5], "car_4965": [0, 4], "car_1928": [3, 1], "car_2190": [4, 1], "car_3922": [1, 4], "car_2193": [6, 4], "car_1909": [9, 6], "car_1908": [6, 1], "car_1907": [5, 3], "car_1763": [3, 2], "car_1905": [10, 0], "car_1904": [7, 3], "car_1903": [4, 1], "car_1902": [8, 5], "car_1901": [3, 2], "car_1900": [0, 1], "car_4973": [0, 5], "car_3805": [4, 0], "car_3918": [6, 7], "car_3865": [5, 4], "car_1349": [6, 1], "car_1348": [5, 7], "car_4263": [11, 7], "car_4262": [3, 7], "car_3817": [0, 1], "car_4264": [1, 4], "car_4267": [10, 5], "car_1762": [0, 4], "car_1341": [9, 0], "car_1340": [5, 4], "car_1343": [1, 7], "car_1342": [3, 7], "car_1345": [7, 5], "car_1344": [4, 5], "car_1347": [2, 6], "car_1346": [10, 5], "car_3234": [7, 6], "car_3919": [9, 4], "car_4663": [7, 6], "car_3219": [0, 1], "car_2753": [7, 6], "car_3816": [6, 0], "car_3231": [3, 6], "car_2752": [4, 5], "car_3230": [0, 1], "car_2698": [2, 0], "car_4546": [1, 6], "car_1833": [7, 4], "car_1832": [1, 4], "car_349": [1, 6], "car_348": [11, 2], "car_1837": [6, 7], "car_1836": [5, 6], "car_1835": [2, 4], "car_1834": [10, 0], "car_343": [5, 1], "car_342": [2, 7], "car_341": [10, 0], "car_340": [4, 7], "car_347": [8, 3], "car_346": [0, 4], "car_345": [9, 3], "car_344": [6, 2], "car_4140": [9, 5], "car_2325": [0, 6], "car_1129": [0, 7], "car_1128": [6, 4], "car_2979": [4, 5], "car_4141": [0, 4], "car_1125": [4, 3], "car_1124": [1, 5], "car_1127": [2, 0], "car_1126": [10, 0], "car_1121": [0, 6], "car_1120": [9, 2], "car_1123": [11, 2], "car_1122": [8, 2], "car_4467": [2, 1], "car_1402": [8, 2], "car_4465": [4, 3], "car_4143": [8, 7], "car_4463": [11, 1], "car_2320": [7, 4], "car_4461": [6, 3], "car_1403": [11, 2], "car_4144": [1, 0], "car_2321": [2, 4], "car_1400": [0, 5], "car_3814": [2, 3], "car_4145": [4, 2], "car_1401": [3, 6], "car_2978": [11, 4], "car_4146": [7, 2], "car_1406": [0, 2], "car_4147": [2, 5], "car_1407": [3, 5], "car_2902": [9, 4], "car_2903": [0, 4], "car_2900": [5, 0], "car_2901": [6, 1], "car_2906": [5, 7], "car_1404": [4, 2], "car_2904": [1, 0], "car_2905": [10, 1], "car_2908": [0, 5], "car_1405": [6, 3], "car_3505": [9, 0], "car_3504": [6, 0], "car_3507": [8, 2], "car_3506": [0, 3], "car_2058": [4, 6], "car_2059": [5, 6], "car_3503": [5, 6], "car_3502": [10, 6], "car_2054": [0, 1], "car_2055": [3, 4], "car_2056": [8, 5], "car_2057": [11, 7], "car_2050": [10, 5], "car_2051": [5, 2], "car_2052": [6, 4], "car_2053": [9, 3], "car_1011": [0, 5], "car_1010": [9, 5], "car_1013": [8, 7], "car_1012": [3, 7], "car_1015": [7, 4], "car_1014": [11, 2], "car_1017": [5, 3], "car_1016": [2, 6], "car_1019": [9, 3], "car_1018": [6, 5], "car_2690": [9, 4], "car_2691": [0, 5], "car_2696": [4, 5], "car_2697": [10, 6], "car_2694": [11, 1], "car_2695": [1, 2], "car_2790": [10, 2], "car_4862": [8, 5], "car_3863": [10, 4], "car_4373": [0, 6], "car_4841": [3, 0], "car_4482": [4, 7], "car_3819": [11, 2], "car_4594": [3, 0], "car_25": [3, 7], "car_24": [0, 2], "car_27": [11, 6], "car_26": [8, 6], "car_21": [10, 0], "car_20": [7, 6], "car_23": [9, 0], "car_22": [5, 1], "car_3471": [11, 4], "car_3470": [8, 0], "car_3473": [10, 3], "car_3472": [1, 0], "car_29": [10, 7], "car_28": [1, 2], "car_3477": [9, 1], "car_3476": [6, 2], "car_4648": [3, 6], "car_2478": [8, 2], "car_2479": [4, 2], "car_2476": [0, 3], "car_2477": [3, 4], "car_2474": [6, 1], "car_2475": [9, 0], "car_2472": [7, 5], "car_2473": [10, 2], "car_2470": [1, 6], "car_2471": [4, 1], "car_1657": [3, 1], "car_1656": [0, 5], "car_1655": [9, 4], "car_1654": [6, 1], "car_1653": [5, 2], "car_1652": [10, 4], "car_1651": [7, 1], "car_1650": [4, 1], "car_1659": [11, 4], "car_1658": [8, 3], "car_3875": [3, 6], "car_3874": [0, 7], "car_2878": [11, 6], "car_2879": [1, 4], "car_3871": [10, 0], "car_3870": [7, 2], "car_3645": [8, 2], "car_3872": [2, 7], "car_2872": [10, 5], "car_2873": [2, 6], "car_2870": [4, 2], "car_2871": [7, 6], "car_2876": [9, 0], "car_2877": [8, 6], "car_2874": [5, 6], "car_2875": [6, 7], "car_2688": [5, 7], "car_1969": [3, 0], "car_2315": [0, 6], "car_3658": [9, 3], "car_1843": [7, 4], "car_3655": [4, 7], "car_3654": [8, 4], "car_3657": [6, 7], "car_3656": [2, 5], "car_3651": [9, 1], "car_3650": [6, 0], "car_3211": [3, 5], "car_3652": [0, 1], "car_435": [10, 7], "car_434": [7, 1], "car_437": [9, 6], "car_436": [6, 3], "car_431": [2, 4], "car_430": [10, 4], "car_433": [3, 5], "car_432": [5, 1], "car_3893": [1, 5], "car_1846": [6, 1], "car_3891": [3, 6], "car_3890": [0, 3], "car_439": [3, 2], "car_438": [0, 7], "car_3895": [2, 6], "car_1847": [9, 3], "car_2274": [5, 4], "car_2275": [6, 3], "car_2276": [3, 2], "car_2277": [8, 4], "car_2270": [1, 7], "car_2271": [4, 6], "car_2272": [10, 0], "car_2273": [2, 3], "car_3778": [5, 1], "car_1845": [5, 6], "car_2278": [11, 3], "car_2279": [1, 2], "car_4487": [9, 3], "car_4863": [11, 4], "car_3573": [5, 1], "car_4726": [11, 0], "car_4813": [3, 2], "car_4533": [8, 4], "car_4865": [7, 1], "car_3927": [0, 5], "car_1848": [0, 3], "car_2289": [10, 5], "car_1968": [9, 1], "car_1849": [11, 0], "car_2288": [7, 2], "car_1965": [10, 7], "car_4479": [3, 7], "car_3370": [4, 6], "car_1964": [7, 0], "car_3093": [10, 2], "car_3092": [7, 3], "car_3091": [4, 0], "car_3090": [1, 2], "car_3097": [3, 2], "car_3096": [0, 2], "car_3095": [9, 3], "car_3094": [5, 0], "car_3420": [1, 0], "car_3376": [8, 5], "car_3099": [1, 7], "car_3098": [8, 7], "car_3311": [6, 5], "car_501": [1, 3], "car_500": [11, 3], "car_503": [7, 5], "car_502": [4, 0], "car_505": [2, 3], "car_504": [10, 4], "car_507": [6, 0], "car_506": [5, 1], "car_509": [3, 4], "car_508": [9, 7], "car_2302": [2, 6], "car_2303": [5, 6], "car_2304": [6, 7], "car_2305": [0, 3], "car_2306": [8, 6], "car_2307": [11, 2], "car_2281": [7, 5], "car_4535": [1, 4], "car_1745": [1, 5], "car_2280": [4, 1], "car_4176": [0, 6], "car_3378": [2, 4], "car_4130": [9, 0], "car_3379": [5, 2], "car_2960": [9, 0], "car_3475": [5, 4], "car_3474": [2, 4], "car_646": [4, 5], "car_647": [10, 5], "car_644": [11, 7], "car_645": [1, 7], "car_642": [3, 4], "car_643": [8, 7], "car_640": [9, 1], "car_641": [0, 4], "car_2314": [9, 3], "car_4036": [0, 4], "car_648": [2, 4], "car_649": [6, 5], "car_3570": [4, 2], "car_4037": [8, 3], "car_4727": [10, 5], "car_2961": [0, 7], "car_2576": [7, 2], "car_4030": [7, 2], "car_3577": [3, 6], "car_3572": [10, 4], "car_4031": [10, 6], "car_4537": [7, 2], "car_4856": [11, 0], "car_2526": [4, 6], "car_4370": [2, 4], "car_1830": [3, 2], "car_3574": [6, 0], "car_4033": [5, 7], "car_2673": [6, 7], "car_3575": [9, 0], "car_4364": [3, 5], "car_2962": [3, 5], "car_3576": [0, 4], "car_4497": [0, 2], "car_2570": [0, 2], "car_4249": [5, 0], "car_4536": [4, 3], "car_2681": [0, 1], "car_4248": [2, 1], "car_2999": [3, 5], "car_5003": [2, 3], "car_4360": [1, 7], "car_2420": [6, 1], "car_4371": [5, 7], "car_4361": [4, 6], "car_4699": [8, 4], "car_2963": [8, 7], "car_4490": [1, 0], "car_3899": [0, 6], "car_4491": [4, 7], "car_4539": [2, 3], "car_3929": [1, 6], "car_2680": [9, 4], "car_4715": [9, 4], "car_2854": [4, 3], "car_4714": [5, 7], "car_4942": [6, 0], "car_3800": [0, 3], "car_4387": [4, 2], "car_2964": [11, 1], "car_4071": [6, 3], "car_4072": [9, 4], "car_4073": [0, 7], "car_4074": [3, 0], "car_4075": [1, 5], "car_4076": [4, 5], "car_4077": [7, 1], "car_4078": [10, 6], "car_4079": [2, 0], "car_4538": [10, 5], "car_3928": [3, 6], "car_2683": [8, 7], "car_3913": [4, 6], "car_4988": [11, 2], "car_4245": [0, 3], "car_4943": [9, 2], "car_3801": [3, 6], "car_4985": [0, 6], "car_4986": [3, 5], "car_4244": [9, 1], "car_4980": [1, 6], "car_4981": [10, 6], "car_4982": [2, 5], "car_4983": [5, 4], "car_1932": [4, 1], "car_1933": [10, 3], "car_1930": [11, 0], "car_1931": [1, 6], "car_1936": [6, 2], "car_1937": [0, 5], "car_1934": [2, 4], "car_1935": [5, 4], "car_1938": [3, 6], "car_1939": [8, 1], "car_2682": [3, 5], "car_4453": [0, 5], "car_4401": [1, 4], "car_4944": [0, 5], "car_3802": [8, 2], "car_1717": [1, 5], "car_4385": [11, 1], "car_4214": [7, 2], "car_4215": [10, 0], "car_4216": [2, 6], "car_4217": [5, 3], "car_1338": [7, 0], "car_1339": [10, 1], "car_4212": [11, 3], "car_4213": [1, 3], "car_1334": [0, 7], "car_1335": [3, 0], "car_1336": [8, 4], "car_1337": [4, 0], "car_1330": [10, 1], "car_1331": [2, 0], "car_1332": [5, 7], "car_1333": [9, 2], "car_4184": [9, 7], "car_4185": [0, 2], "car_4186": [8, 1], "car_4187": [11, 5], "car_3803": [11, 2], "car_4181": [10, 1], "car_4182": [2, 7], "car_4183": [6, 4], "car_1711": [7, 0], "car_4188": [1, 6], "car_4189": [7, 5], "car_4861": [3, 7], "car_4728": [2, 4], "car_2998": [0, 6], "car_3877": [7, 2], "car_4403": [7, 1], "car_358": [1, 4], "car_359": [4, 1], "car_1804": [8, 3], "car_1805": [11, 5], "car_1802": [0, 4], "car_1803": [3, 6], "car_1800": [5, 0], "car_1801": [9, 7], "car_350": [4, 1], "car_351": [10, 5], "car_352": [2, 6], "car_353": [6, 1], "car_354": [9, 4], "car_355": [0, 1], "car_356": [3, 5], "car_357": [8, 5], "car_1482": [10, 0], "car_1483": [2, 5], "car_1480": [1, 5], "car_1481": [7, 4], "car_1486": [0, 3], "car_1487": [3, 7], "car_1484": [6, 7], "car_1485": [9, 4], "car_4320": [8, 5], "car_4321": [11, 6], "car_1488": [8, 1], "car_1489": [1, 5], "car_4324": [10, 0], "car_4325": [2, 5], "car_4326": [5, 6], "car_4327": [6, 7], "car_1240": [7, 0], "car_1241": [10, 0], "car_1242": [2, 0], "car_1243": [6, 2], "car_1244": [9, 1], "car_1245": [0, 3], "car_1246": [3, 5], "car_1247": [8, 2], "car_1248": [11, 5], "car_1249": [1, 6], "car_4692": [7, 0], "car_4693": [2, 6], "car_4694": [5, 4], "car_4695": [6, 1], "car_4621": [0, 2], "car_4697": [0, 1], "car_1747": [2, 6], "car_3977": [7, 5], "car_3642": [9, 6], "car_3879": [5, 1], "car_4681": [1, 7], "car_4339": [8, 0], "car_3806": [7, 0], "car_3878": [2, 5], "car_2374": [5, 3], "car_1879": [10, 2], "car_2917": [3, 4], "car_2916": [0, 4], "car_2911": [11, 4], "car_2910": [8, 1], "car_2913": [4, 3], "car_2912": [1, 4], "car_2919": [1, 3], "car_2918": [11, 3], "car_4447": [4, 7], "car_3804": [1, 6], "car_2049": [7, 1], "car_2048": [4, 2], "car_2047": [11, 6], "car_2046": [8, 6], "car_2045": [3, 5], "car_2044": [6, 3], "car_2043": [5, 6], "car_2042": [2, 6], "car_2041": [10, 4], "car_2040": [7, 2], "car_1064": [9, 4], "car_1065": [0, 1], "car_1066": [11, 1], "car_1067": [4, 1], "car_1060": [7, 5], "car_1061": [10, 1], "car_1062": [2, 7], "car_1063": [5, 2], "car_2685": [1, 3], "car_2684": [11, 0], "car_2687": [2, 5], "car_2686": [10, 7], "car_1068": [7, 5], "car_1069": [10, 6], "car_1798": [10, 0], "car_1799": [2, 7], "car_4629": [3, 0], "car_3701": [6, 2], "car_4059": [1, 0], "car_4628": [9, 3], "car_3808": [6, 2], "car_4959": [3, 4], "car_4781": [2, 3], "car_4860": [6, 1], "car_4787": [8, 6], "car_10": [11, 4], "car_11": [7, 3], "car_12": [10, 5], "car_13": [2, 1], "car_14": [5, 0], "car_15": [6, 1], "car_16": [0, 1], "car_17": [8, 1], "car_18": [1, 4], "car_19": [4, 2], "car_3406": [6, 3], "car_3407": [0, 7], "car_3400": [8, 7], "car_3401": [11, 4], "car_3402": [4, 3], "car_3403": [10, 7], "car_2461": [1, 6], "car_2460": [11, 3], "car_1668": [3, 4], "car_1669": [11, 2], "car_2465": [5, 1], "car_2464": [2, 1], "car_2467": [9, 1], "car_2466": [6, 4], "car_1662": [7, 0], "car_1663": [2, 7], "car_1660": [1, 2], "car_1661": [4, 3], "car_1666": [9, 5], "car_1667": [0, 1], "car_1664": [5, 6], "car_1665": [6, 3], "car_1468": [0, 1], "car_1469": [8, 5], "car_4789": [4, 3], "car_1460": [6, 3], "car_1461": [0, 2], "car_1462": [8, 5], "car_1463": [1, 6], "car_1464": [4, 5], "car_1465": [2, 7], "car_1466": [5, 1], "car_1467": [6, 4], "car_3930": [4, 7], "car_2699": [6, 0], "car_3717": [1, 7], "car_2869": [11, 6], "car_2868": [0, 1], "car_2865": [5, 1], "car_2864": [2, 4], "car_2867": [9, 4], "car_2866": [6, 1], "car_2861": [4, 0], "car_2860": [1, 3], "car_2863": [10, 3], "car_2862": [7, 5], "car_3712": [9, 7], "car_2648": [9, 7], "car_3713": [0, 2], "car_4873": [4, 7], "car_3931": [5, 2], "car_422": [6, 4], "car_423": [9, 7], "car_420": [10, 6], "car_421": [2, 1], "car_426": [8, 6], "car_427": [11, 3], "car_424": [0, 4], "car_425": [3, 5], "car_3318": [0, 3], "car_3319": [3, 2], "car_428": [4, 0], "car_429": [7, 6], "car_2377": [0, 2], "car_2267": [9, 3], "car_2266": [6, 2], "car_2265": [5, 2], "car_2264": [2, 4], "car_2263": [10, 4], "car_2262": [7, 0], "car_2261": [4, 1], "car_2260": [1, 5], "car_2371": [7, 4], "car_4874": [7, 0], "car_3932": [0, 1], "car_4875": [10, 5], "car_2269": [8, 0], "car_2268": [0, 5], "car_4562": [3, 2], "car_3798": [2, 1], "car_2373": [2, 6], "car_4563": [8, 6], "car_3794": [0, 7], "car_3795": [3, 4], "car_3796": [8, 6], "car_2372": [10, 5], "car_2008": [8, 3], "car_3791": [2, 7], "car_3792": [5, 6], "car_3793": [6, 4], "car_4561": [0, 5], "car_4566": [4, 5], "car_2370": [4, 5], "car_4867": [5, 4], "car_3486": [3, 0], "car_4567": [7, 5], "car_3487": [8, 6], "car_4564": [11, 7], "car_4796": [11, 7], "car_4565": [1, 0], "car_3224": [7, 1], "car_3225": [10, 0], "car_2319": [1, 2], "car_2318": [11, 2], "car_3220": [3, 6], "car_3221": [11, 4], "car_518": [8, 7], "car_519": [11, 1], "car_516": [6, 2], "car_517": [3, 4], "car_514": [2, 5], "car_515": [5, 7], "car_512": [1, 5], "car_513": [7, 6], "car_510": [8, 2], "car_511": [11, 4], "car_4402": [4, 2], "car_4405": [2, 6], "car_4209": [6, 5], "car_1870": [5, 6], "car_3589": [10, 0], "car_4407": [9, 6], "car_3935": [1, 4], "car_2692": [3, 0], "car_3488": [11, 6], "car_2444": [4, 0], "car_4406": [5, 7], "car_3469": [0, 6], "car_3489": [1, 6], "car_633": [3, 0], "car_632": [0, 3], "car_631": [9, 1], "car_630": [6, 1], "car_637": [7, 2], "car_636": [1, 4], "car_635": [11, 7], "car_634": [8, 1], "car_2675": [11, 7], "car_639": [6, 0], "car_638": [5, 4], "car_4531": [0, 5], "car_4762": [4, 0], "car_3588": [7, 1], "car_3138": [5, 7], "car_3139": [6, 3], "car_3936": [4, 3], "car_2693": [8, 7], "car_3130": [6, 3], "car_3131": [0, 3], "car_3132": [3, 6], "car_3133": [8, 5], "car_3134": [11, 0], "car_3135": [4, 0], "car_3136": [10, 4], "car_3137": [2, 1], "car_4828": [10, 1], "car_4767": [8, 3], "car_4570": [5, 1], "car_189": [3, 4], "car_188": [0, 4], "car_185": [10, 0], "car_184": [7, 4], "car_187": [6, 3], "car_186": [5, 7], "car_181": [11, 3], "car_180": [3, 5], "car_183": [4, 3], "car_182": [1, 7], "car_3938": [2, 3], "car_4866": [2, 1], "car_749": [0, 5], "car_748": [9, 0], "car_747": [2, 1], "car_746": [10, 7], "car_745": [7, 3], "car_744": [1, 4], "car_743": [8, 4], "car_742": [3, 0], "car_741": [0, 6], "car_740": [6, 3], "car_4718": [4, 3], "car_2131": [8, 7], "car_4529": [6, 4], "car_3939": [5, 2], "car_3724": [3, 4], "car_4062": [0, 4], "car_4061": [5, 3], "car_4060": [4, 2], "car_4067": [7, 0], "car_4066": [4, 7], "car_4065": [11, 3], "car_4064": [8, 0], "car_4069": [2, 6], "car_4068": [10, 6], "car_3316": [7, 5], "car_2618": [0, 2], "car_3584": [3, 5], "car_4998": [8, 2], "car_4997": [3, 0], "car_4996": [0, 4], "car_4526": [10, 3], "car_4994": [6, 5], "car_4993": [5, 3], "car_4992": [10, 5], "car_4991": [7, 4], "car_4990": [4, 3], "car_299": [9, 4], "car_298": [5, 4], "car_1927": [9, 5], "car_1926": [6, 3], "car_1921": [4, 2], "car_1920": [11, 1], "car_1923": [10, 3], "car_1922": [7, 4], "car_291": [2, 6], "car_290": [10, 7], "car_293": [0, 6], "car_292": [5, 3], "car_295": [4, 7], "car_294": [8, 4], "car_297": [2, 3], "car_296": [10, 5], "car_4527": [2, 1], "car_3852": [9, 1], "car_4207": [2, 3], "car_4206": [7, 3], "car_4205": [4, 6], "car_4204": [1, 5], "car_4203": [8, 1], "car_4202": [3, 7], "car_1329": [4, 0], "car_1328": [11, 3], "car_1327": [8, 6], "car_1326": [3, 5], "car_1325": [0, 1], "car_1324": [9, 3], "car_1323": [6, 2], "car_1322": [2, 7], "car_1321": [7, 4], "car_1320": [8, 3], "car_4197": [11, 1], "car_4196": [8, 0], "car_4195": [3, 0], "car_4194": [0, 4], "car_4193": [9, 0], "car_4192": [5, 4], "car_4191": [2, 3], "car_4190": [10, 2], "car_3721": [6, 0], "car_4199": [2, 4], "car_4198": [1, 4], "car_365": [10, 1], "car_364": [7, 4], "car_367": [5, 1], "car_366": [2, 4], "car_361": [0, 6], "car_360": [9, 6], "car_363": [1, 4], "car_362": [8, 5], "car_1811": [6, 5], "car_1810": [5, 7], "car_1813": [0, 3], "car_1812": [9, 7], "car_369": [0, 1], "car_368": [6, 2], "car_1817": [7, 4], "car_1816": [4, 7], "car_167": [7, 3], "car_166": [4, 7], "car_165": [1, 4], "car_164": [11, 2], "car_163": [8, 4], "car_162": [3, 1], "car_161": [0, 5], "car_160": [9, 3], "car_3720": [5, 7], "car_4848": [5, 1], "car_4669": [3, 0], "car_4668": [0, 5], "car_169": [2, 0], "car_168": [10, 1], "car_1495": [3, 5], "car_1494": [0, 7], "car_1497": [11, 1], "car_1496": [8, 4], "car_1491": [2, 5], "car_1490": [7, 4], "car_1493": [6, 3], "car_1492": [5, 3], "car_4333": [7, 3], "car_4332": [4, 6], "car_4331": [1, 4], "car_4330": [8, 3], "car_1499": [4, 5], "car_1498": [1, 6], "car_3580": [2, 0], "car_4334": [10, 5], "car_1253": [5, 4], "car_1252": [10, 1], "car_1251": [7, 0], "car_1250": [4, 5], "car_1257": [3, 1], "car_1256": [0, 1], "car_1255": [9, 0], "car_1254": [6, 2], "car_4683": [10, 2], "car_2850": [3, 5], "car_1259": [11, 2], "car_1258": [8, 7], "car_4687": [0, 6], "car_3622": [5, 6], "car_4685": [6, 3], "car_2851": [8, 1], "car_1868": [7, 3], "car_2852": [11, 7], "car_3624": [9, 6], "car_2853": [1, 7], "car_3583": [0, 5], "car_4672": [1, 7], "car_3248": [6, 3], "car_4523": [1, 2], "car_3626": [8, 0], "car_3627": [11, 0], "car_4210": [3, 5], "car_1789": [8, 7], "car_1788": [3, 6], "car_2070": [6, 2], "car_2071": [9, 0], "car_2076": [2, 1], "car_2077": [6, 4], "car_2074": [7, 2], "car_2075": [10, 3], "car_1781": [5, 7], "car_1780": [2, 3], "car_1783": [3, 7], "car_1782": [6, 3], "car_1785": [7, 1], "car_1784": [8, 7], "car_1787": [6, 7], "car_1786": [5, 3], "car_1077": [7, 3], "car_1076": [4, 3], "car_1075": [11, 4], "car_1074": [0, 4], "car_1073": [9, 7], "car_1072": [6, 3], "car_1071": [5, 6], "car_1070": [2, 5], "car_2678": [2, 7], "car_2679": [6, 4], "car_3520": [9, 1], "car_4211": [8, 6], "car_1079": [6, 3], "car_1078": [5, 2], "car_3981": [0, 4], "car_3257": [6, 7], "car_4337": [0, 2], "car_2139": [8, 5], "car_3256": [10, 7], "car_4521": [3, 4], "car_2034": [2, 4], "car_4933": [9, 1], "car_2300": [1, 4], "car_2035": [6, 2], "car_2301": [10, 0], "car_2032": [7, 1], "car_3706": [1, 7], "car_2033": [10, 3], "car_2996": [6, 1], "car_4837": [4, 2], "car_3419": [11, 2], "car_2138": [3, 2], "car_3417": [0, 3], "car_3416": [6, 3], "car_3415": [5, 7], "car_3414": [10, 5], "car_3413": [7, 2], "car_3412": [4, 6], "car_3411": [1, 6], "car_3410": [11, 2], "car_985": [2, 6], "car_984": [10, 5], "car_987": [9, 4], "car_986": [5, 4], "car_981": [1, 0], "car_980": [8, 2], "car_983": [7, 5], "car_982": [4, 1], "car_1675": [5, 1], "car_1674": [2, 7], "car_1677": [9, 5], "car_1676": [6, 2], "car_989": [3, 0], "car_988": [0, 7], "car_1673": [10, 6], "car_1672": [7, 4], "car_2784": [3, 5], "car_2785": [8, 6], "car_1479": [11, 3], "car_1478": [8, 1], "car_2780": [10, 1], "car_2781": [5, 3], "car_2782": [9, 4], "car_2783": [0, 2], "car_1473": [10, 0], "car_1472": [7, 3], "car_1471": [4, 0], "car_1470": [11, 2], "car_1477": [3, 0], "car_1476": [0, 3], "car_1475": [6, 7], "car_1474": [5, 6], "car_2890": [10, 0], "car_2891": [6, 2], "car_2892": [9, 6], "car_2893": [0, 4], "car_2894": [3, 1], "car_1743": [8, 1], "car_2896": [11, 6], "car_2897": [1, 5], "car_2898": [10, 1], "car_2899": [2, 7], "car_1742": [3, 4], "car_2990": [0, 1], "car_4673": [10, 4], "car_4581": [1, 7], "car_2528": [10, 7], "car_2529": [6, 5], "car_2258": [0, 2], "car_2259": [11, 3], "car_3307": [7, 2], "car_2689": [6, 1], "car_3305": [1, 7], "car_3304": [11, 1], "car_2252": [1, 7], "car_2253": [7, 5], "car_2250": [8, 5], "car_2251": [11, 7], "car_2256": [5, 3], "car_2257": [9, 2], "car_2254": [10, 1], "car_2255": [2, 4], "car_2098": [10, 5], "car_2099": [5, 3], "car_2090": [4, 0], "car_2091": [7, 6], "car_2092": [2, 5], "car_2093": [9, 4], "car_2094": [0, 4], "car_2095": [8, 6], "car_2096": [11, 0], "car_2097": [4, 2], "car_3789": [9, 2], "car_3788": [6, 5], "car_2992": [8, 5], "car_3786": [10, 6], "car_3785": [7, 2], "car_3784": [4, 7], "car_3783": [1, 0], "car_3782": [8, 5], "car_3781": [3, 6], "car_3780": [9, 6], "car_4310": [7, 6], "car_3237": [9, 5], "car_3236": [6, 0], "car_569": [6, 7], "car_568": [2, 0], "car_3233": [4, 3], "car_3232": [1, 3], "car_2328": [11, 3], "car_2329": [1, 4], "car_563": [10, 6], "car_562": [7, 5], "car_561": [4, 0], "car_560": [1, 0], "car_567": [4, 2], "car_566": [8, 3], "car_565": [3, 0], "car_564": [5, 7], "car_3598": [4, 0], "car_2331": [2, 6], "car_3739": [5, 4], "car_4380": [2, 7], "car_3644": [3, 2], "car_620": [10, 0], "car_621": [2, 7], "car_622": [5, 1], "car_623": [6, 3], "car_624": [9, 7], "car_625": [0, 5], "car_626": [4, 1], "car_627": [10, 4], "car_628": [2, 7], "car_629": [5, 3], "car_4670": [8, 1], "car_1869": [2, 0], "car_3129": [5, 0], "car_3128": [2, 5], "car_4289": [1, 2], "car_3123": [8, 5], "car_3122": [3, 5], "car_3121": [9, 3], "car_3120": [6, 3], "car_3127": [10, 5], "car_3126": [7, 5], "car_3125": [4, 5], "car_3124": [1, 2], "car_4524": [4, 1], "car_3666": [6, 4], "car_4934": [0, 4], "car_1866": [11, 7], "car_1867": [1, 4], "car_3388": [0, 5], "car_4931": [5, 4], "car_4930": [10, 3], "car_198": [7, 6], "car_199": [10, 0], "car_2831": [1, 5], "car_192": [5, 7], "car_193": [9, 2], "car_190": [10, 5], "car_191": [2, 0], "car_196": [11, 3], "car_197": [1, 0], "car_194": [0, 3], "car_195": [8, 1], "car_4834": [3, 0], "car_3670": [11, 7], "car_758": [3, 0], "car_759": [1, 7], "car_4835": [11, 4], "car_754": [7, 5], "car_755": [2, 0], "car_756": [6, 7], "car_757": [0, 4], "car_750": [3, 1], "car_751": [8, 7], "car_752": [11, 1], "car_753": [1, 4], "car_1940": [11, 0], "car_3355": [5, 2], "car_4830": [5, 1], "car_4831": [6, 3], "car_4056": [3, 2], "car_4057": [8, 4], "car_4054": [6, 5], "car_4055": [0, 6], "car_2991": [3, 7], "car_4053": [2, 7], "car_4050": [4, 5], "car_4051": [7, 4], "car_3299": [2, 6], "car_4118": [5, 0], "car_4058": [11, 4], "car_3298": [10, 2], "car_286": [11, 4], "car_287": [1, 6], "car_284": [6, 2], "car_285": [8, 2], "car_282": [2, 6], "car_283": [5, 0], "car_280": [4, 0], "car_281": [10, 3], "car_3353": [7, 2], "car_1949": [3, 0], "car_288": [4, 6], "car_289": [7, 5], "car_3453": [7, 2], "car_1948": [0, 1], "car_2791": [2, 0], "car_3592": [6, 2], "car_3452": [4, 5], "car_4749": [1, 2], "car_4113": [8, 5], "car_3451": [1, 0], "car_4112": [0, 3], "car_4646": [9, 7], "car_3450": [11, 4], "car_4111": [5, 3], "car_3985": [7, 2], "car_4110": [2, 7], "car_3984": [4, 5], "car_1312": [1, 3], "car_1313": [4, 3], "car_1310": [8, 7], "car_1311": [11, 0], "car_1316": [5, 3], "car_1317": [6, 1], "car_1314": [7, 6], "car_1315": [10, 1], "car_4513": [3, 4], "car_1318": [9, 6], "car_1319": [3, 0], "car_2450": [3, 7], "car_3921": [11, 1], "car_2451": [8, 6], "car_2452": [1, 6], "car_4877": [6, 4], "car_372": [1, 4], "car_373": [4, 5], "car_370": [8, 5], "car_371": [11, 5], "car_376": [5, 1], "car_377": [9, 1], "car_374": [7, 3], "car_375": [2, 7], "car_1864": [3, 4], "car_1865": [8, 0], "car_378": [0, 4], "car_379": [3, 4], "car_1860": [2, 7], "car_1861": [5, 1], "car_1862": [6, 3], "car_1863": [9, 2], "car_174": [11, 7], "car_175": [1, 4], "car_176": [4, 7], "car_177": [7, 3], "car_170": [5, 2], "car_171": [6, 2], "car_172": [9, 3], "car_173": [8, 1], "car_2457": [0, 1], "car_178": [10, 0], "car_179": [9, 2], "car_2338": [7, 3], "car_4511": [6, 0], "car_4952": [0, 2], "car_4308": [1, 4], "car_4309": [4, 3], "car_4306": [3, 1], "car_4307": [8, 0], "car_4304": [9, 4], "car_3697": [4, 2], "car_4302": [2, 1], "car_4303": [6, 4], "car_4300": [9, 6], "car_4301": [4, 1], "car_1266": [0, 7], "car_1267": [3, 1], "car_1264": [6, 5], "car_1265": [9, 1], "car_1262": [2, 4], "car_1263": [5, 6], "car_1260": [1, 5], "car_1261": [4, 1], "car_2949": [2, 7], "car_4769": [4, 5], "car_1268": [8, 0], "car_1269": [11, 6], "car_3581": [5, 2], "car_4510": [5, 4], "car_3749": [3, 6], "car_4919": [3, 1], "car_3371": [7, 1], "car_4735": [4, 6], "car_2406": [7, 4], "car_4948": [4, 2], "car_3979": [6, 1], "car_4238": [8, 0], "car_4239": [1, 4], "car_4232": [4, 7], "car_4233": [7, 1], "car_4230": [11, 6], "car_4231": [1, 5], "car_4236": [6, 2], "car_4237": [9, 6], "car_4234": [10, 4], "car_4235": [5, 3], "car_2065": [4, 3], "car_2064": [1, 7], "car_1048": [3, 7], "car_1049": [8, 3], "car_2061": [3, 2], "car_2060": [0, 1], "car_2063": [11, 6], "car_2062": [8, 3], "car_1042": [10, 0], "car_1043": [2, 1], "car_1040": [8, 3], "car_1041": [4, 3], "car_1046": [9, 3], "car_1047": [0, 6], "car_1044": [5, 2], "car_1045": [6, 0], "car_2663": [10, 7], "car_2662": [7, 6], "car_2661": [4, 7], "car_2660": [1, 0], "car_2667": [0, 4], "car_2666": [9, 7], "car_2665": [6, 7], "car_2664": [5, 2], "car_2669": [4, 6], "car_2668": [3, 4], "car_4548": [7, 2], "car_4522": [8, 0], "car_4516": [1, 6], "car_3528": [6, 2], "car_4868": [6, 1], "car_2404": [8, 6], "car_4265": [4, 3], "car_3582": [9, 3], "car_4739": [6, 1], "car_4740": [9, 5], "car_4738": [5, 2], "car_4515": [11, 3], "car_3422": [2, 3], "car_3423": [9, 6], "car_78": [7, 5], "car_79": [5, 0], "car_3426": [8, 3], "car_3427": [11, 2], "car_3424": [0, 7], "car_3425": [3, 7], "car_72": [10, 6], "car_73": [5, 0], "car_70": [4, 7], "car_71": [7, 1], "car_76": [11, 2], "car_77": [1, 0], "car_74": [9, 4], "car_75": [8, 4], "car_992": [4, 1], "car_993": [7, 5], "car_990": [8, 7], "car_991": [1, 3], "car_996": [9, 2], "car_997": [0, 7], "car_994": [10, 0], "car_995": [5, 2], "car_1688": [11, 1], "car_1689": [1, 3], "car_998": [3, 4], "car_999": [8, 5], "car_4833": [0, 4], "car_2409": [5, 3], "car_2408": [2, 4], "car_2797": [1, 6], "car_2796": [11, 0], "car_2795": [8, 1], "car_2794": [0, 5], "car_2793": [9, 5], "car_2792": [6, 0], "car_1448": [1, 7], "car_1449": [4, 3], "car_1446": [8, 7], "car_1447": [11, 5], "car_1444": [6, 0], "car_1445": [3, 2], "car_1442": [10, 7], "car_1443": [5, 4], "car_1440": [4, 5], "car_1441": [7, 1], "car_2883": [2, 0], "car_2882": [10, 5], "car_2881": [7, 2], "car_2798": [7, 3], "car_2887": [8, 7], "car_2886": [0, 6], "car_2885": [6, 7], "car_2884": [5, 6], "car_2889": [7, 2], "car_2888": [1, 7], "car_3686": [2, 0], "car_3687": [5, 1], "car_3684": [7, 6], "car_3685": [10, 4], "car_2401": [6, 3], "car_3683": [4, 5], "car_3680": [9, 6], "car_3681": [11, 4], "car_2986": [1, 2], "car_3688": [6, 5], "car_3689": [9, 3], "car_3336": [4, 2], "car_3337": [10, 1], "car_2539": [7, 4], "car_2538": [1, 4], "car_2249": [3, 2], "car_2248": [0, 2], "car_3330": [5, 6], "car_3331": [6, 0], "car_2245": [10, 4], "car_2244": [7, 3], "car_2247": [9, 0], "car_2246": [5, 6], "car_2241": [8, 3], "car_2240": [0, 6], "car_2243": [1, 0], "car_2242": [11, 4], "car_2089": [1, 4], "car_2088": [11, 5], "car_3873": [6, 5], "car_4949": [10, 0], "car_2083": [7, 5], "car_2082": [4, 5], "car_2081": [1, 7], "car_2080": [8, 5], "car_2087": [8, 4], "car_2086": [3, 6], "car_2085": [9, 1], "car_2084": [6, 2], "car_4846": [10, 3], "car_3180": [4, 7], "car_3183": [5, 2], "car_4676": [6, 4], "car_3239": [3, 2], "car_2984": [8, 1], "car_3758": [0, 7], "car_3759": [3, 1], "car_3208": [2, 3], "car_3209": [6, 4], "car_4336": [5, 0], "car_3868": [8, 4], "car_4941": [2, 6], "car_3202": [0, 2], "car_3203": [3, 1], "car_3200": [6, 1], "car_3186": [8, 4], "car_3206": [4, 0], "car_3207": [7, 4], "car_3204": [8, 3], "car_3205": [1, 4], "car_578": [9, 2], "car_579": [8, 5], "car_2333": [6, 1], "car_2332": [5, 1], "car_2335": [0, 6], "car_2334": [9, 2], "car_2337": [11, 6], "car_553": [11, 2], "car_570": [9, 1], "car_571": [0, 2], "car_572": [3, 0], "car_573": [8, 6], "car_574": [11, 2], "car_806": [5, 3], "car_576": [4, 3], "car_577": [2, 0], "car_4115": [4, 1], "car_807": [6, 1], "car_4946": [11, 3], "car_800": [0, 1], "car_4947": [1, 0], "car_801": [1, 7], "car_4152": [4, 3], "car_802": [4, 1], "car_4508": [4, 7], "car_4400": [8, 0], "car_2192": [2, 4], "car_803": [7, 4], "car_2067": [10, 5], "car_2066": [7, 1], "car_619": [4, 1], "car_618": [1, 0], "car_3377": [4, 6], "car_615": [0, 1], "car_614": [6, 5], "car_617": [8, 5], "car_616": [3, 6], "car_611": [4, 5], "car_610": [11, 5], "car_613": [5, 3], "car_612": [2, 3], "car_4824": [11, 5], "car_2151": [10, 2], "car_3775": [1, 5], "car_4509": [10, 2], "car_3118": [2, 1], "car_3119": [5, 0], "car_3116": [7, 0], "car_3117": [10, 3], "car_3114": [3, 1], "car_3115": [8, 5], "car_3112": [6, 1], "car_3113": [9, 3], "car_3110": [2, 3], "car_3111": [5, 0], "car_2704": [10, 4], "car_4674": [2, 4], "car_2705": [2, 1], "car_4586": [8, 3], "car_3678": [10, 3], "car_2706": [5, 7], "car_4591": [5, 1], "car_2150": [7, 6], "car_4555": [8, 3], "car_2707": [3, 0], "car_2069": [5, 3], "car_2068": [2, 0], "car_2702": [11, 2], "car_2703": [7, 5], "car_4778": [1, 5], "car_4632": [1, 6], "car_769": [8, 0], "car_768": [3, 6], "car_2567": [2, 6], "car_4545": [11, 2], "car_761": [7, 2], "car_760": [4, 6], "car_763": [2, 7], "car_762": [10, 7], "car_765": [6, 2], "car_764": [5, 1], "car_767": [0, 3], "car_766": [9, 4], "car_2216": [6, 2], "car_4428": [11, 5], "car_2217": [9, 2], "car_4540": [5, 4], "car_2330": [7, 2], "car_4832": [9, 3], "car_2214": [4, 0], "car_4541": [9, 4], "car_4800": [2, 5], "car_4070": [5, 7], "car_2215": [7, 5], "car_4542": [0, 4], "car_4957": [6, 0], "car_2212": [8, 3], "car_4543": [3, 6], "car_2213": [1, 0], "car_4424": [9, 3], "car_4423": [6, 4], "car_2210": [9, 1], "car_4422": [2, 5], "car_4151": [1, 5], "car_2211": [0, 5], "car_575": [1, 6], "car_3374": [5, 7], "car_4549": [10, 6], "car_4201": [0, 6], "car_4425": [0, 1], "car_4381": [5, 6], "car_4142": [3, 0], "car_1305": [2, 4], "car_1304": [10, 3], "car_1307": [9, 4], "car_1306": [6, 5], "car_1301": [1, 3], "car_1300": [8, 3], "car_1303": [7, 3], "car_1302": [4, 6], "car_4675": [5, 2], "car_3909": [0, 6], "car_1309": [3, 5], "car_1308": [0, 7], "car_3832": [7, 3], "car_3760": [4, 2], "car_389": [8, 6], "car_388": [3, 4], "car_387": [0, 2], "car_386": [9, 7], "car_385": [6, 7], "car_384": [2, 4], "car_383": [10, 3], "car_382": [4, 6], "car_381": [1, 2], "car_380": [11, 1], "car_141": [8, 2], "car_140": [3, 6], "car_143": [4, 3], "car_142": [11, 1], "car_145": [2, 6], "car_144": [10, 6], "car_147": [6, 3], "car_146": [5, 3], "car_149": [0, 1], "car_148": [9, 1], "car_4043": [5, 1], "car_4042": [2, 4], "car_2407": [10, 1], "car_4044": [6, 1], "car_4047": [8, 1], "car_4046": [3, 0], "car_1279": [7, 1], "car_1278": [11, 0], "car_4313": [9, 7], "car_4312": [5, 3], "car_4315": [3, 6], "car_4314": [0, 6], "car_4317": [9, 3], "car_4316": [2, 3], "car_1271": [10, 6], "car_1270": [4, 1], "car_1273": [5, 0], "car_1272": [2, 1], "car_1275": [9, 0], "car_1274": [6, 4], "car_1277": [8, 1], "car_1276": [0, 3], "car_4984": [9, 1], "car_2326": [3, 4], "car_4501": [10, 1], "car_4956": [4, 0], "car_4987": [8, 3], "car_2847": [5, 3], "car_3671": [7, 2], "car_4771": [10, 2], "car_2327": [8, 3], "car_4502": [2, 6], "car_4958": [9, 7], "car_4229": [8, 6], "car_4228": [3, 5], "car_4305": [0, 4], "car_4225": [10, 4], "car_3912": [1, 2], "car_4227": [9, 6], "car_4226": [5, 6], "car_4221": [8, 2], "car_4220": [3, 1], "car_4223": [1, 0], "car_4222": [11, 2], "car_3491": [7, 4], "car_1059": [1, 6], "car_1058": [11, 7], "car_1055": [0, 6], "car_1054": [9, 6], "car_1057": [8, 0], "car_1056": [3, 5], "car_1051": [10, 2], "car_1050": [1, 4], "car_1053": [5, 6], "car_1052": [2, 7], "car_2656": [0, 4], "car_2657": [3, 1], "car_2654": [5, 4], "car_2655": [6, 0], "car_2652": [1, 2], "car_2653": [4, 0], "car_2650": [8, 3], "car_2651": [11, 1], "car_4439": [1, 7], "car_2415": [1, 2], "car_2658": [8, 7], "car_2659": [11, 6], "car_3490": [4, 6], "car_4588": [4, 1], "car_3790": [10, 0], "car_4035": [9, 6], "car_4689": [8, 6], "car_2416": [4, 1], "car_69": [1, 2], "car_68": [8, 1], "car_2438": [6, 4], "car_2439": [9, 4], "car_3431": [2, 7], "car_3430": [10, 0], "car_3433": [6, 5], "car_3432": [5, 0], "car_61": [1, 3], "car_60": [11, 7], "car_63": [7, 6], "car_62": [4, 6], "car_65": [2, 0], "car_64": [10, 7], "car_67": [0, 6], "car_66": [5, 0], "car_1693": [2, 0], "car_1692": [10, 3], "car_1691": [7, 3], "car_1690": [4, 6], "car_1697": [1, 2], "car_1696": [8, 5], "car_969": [11, 2], "car_968": [8, 5], "car_967": [3, 2], "car_966": [4, 0], "car_965": [11, 5], "car_964": [8, 5], "car_963": [0, 1], "car_962": [9, 4], "car_961": [6, 2], "car_960": [5, 6], "car_1451": [6, 7], "car_1450": [7, 1], "car_1453": [11, 1], "car_1452": [3, 2], "car_1455": [4, 0], "car_1454": [1, 4], "car_1457": [10, 4], "car_1456": [7, 1], "car_1459": [5, 1], "car_1458": [2, 4], "car_4506": [11, 5], "car_3937": [7, 5], "car_3707": [4, 2], "car_3541": [8, 5], "car_2410": [6, 7], "car_2837": [9, 2], "car_4449": [10, 5], "car_3428": [1, 4], "car_3329": [2, 3], "car_3328": [10, 6], "car_3429": [7, 2], "car_3175": [7, 1], "car_3321": [11, 3], "car_3320": [8, 7], "car_3323": [10, 7], "car_3322": [1, 4], "car_3325": [6, 0], "car_3279": [7, 1], "car_3327": [1, 4], "car_3326": [11, 2], "car_3278": [4, 6], "car_2411": [9, 2], "car_3547": [6, 5], "car_2508": [9, 5], "car_2509": [3, 5], "car_2506": [10, 4], "car_2507": [6, 0], "car_2504": [1, 5], "car_2505": [7, 1], "car_2502": [8, 0], "car_2503": [11, 6], "car_2500": [9, 2], "car_2501": [3, 5], "car_2737": [2, 3], "car_1680": [11, 1], "car_1681": [1, 7], "car_4009": [8, 5], "car_3705": [11, 6], "car_3173": [1, 0], "car_1682": [4, 6], "car_1683": [7, 4], "car_4442": [5, 3], "car_3903": [1, 3], "car_3272": [7, 1], "car_1684": [10, 3], "car_2736": [10, 3], "car_1685": [9, 4], "car_1891": [5, 1], "car_3270": [11, 0], "car_1686": [3, 7], "car_1890": [2, 7], "car_3704": [8, 4], "car_1687": [8, 2], "car_1893": [0, 3], "car_545": [1, 3], "car_544": [11, 2], "car_547": [7, 5], "car_546": [4, 0], "car_541": [0, 1], "car_540": [6, 1], "car_543": [8, 6], "car_542": [3, 5], "car_3215": [7, 1], "car_1895": [4, 6], "car_3217": [2, 3], "car_3216": [10, 3], "car_549": [2, 5], "car_548": [10, 5], "car_819": [11, 0], "car_818": [8, 2], "car_2344": [1, 5], "car_2345": [4, 3], "car_2346": [7, 0], "car_2347": [10, 2], "car_2340": [9, 0], "car_1897": [10, 5], "car_2342": [8, 2], "car_2343": [11, 5], "car_2405": [1, 0], "car_1896": [7, 2], "car_2348": [5, 3], "car_2349": [6, 0], "car_4710": [4, 2], "car_3699": [2, 5], "car_3698": [10, 4], "car_3691": [11, 7], "car_3690": [3, 7], "car_3693": [4, 2], "car_3692": [1, 0], "car_3695": [5, 6], "car_3694": [10, 3], "car_33": [9, 7], "car_3696": [1, 4], "car_1767": [7, 5], "car_3702": [0, 7], "car_1766": [4, 5], "car_4682": [4, 1], "car_4218": [6, 1], "car_4838": [7, 3], "car_1765": [11, 7], "car_4219": [9, 6], "car_3498": [11, 7], "car_608": [3, 7], "car_609": [8, 5], "car_4840": [5, 6], "car_2941": [6, 3], "car_602": [4, 6], "car_603": [10, 2], "car_600": [8, 5], "car_601": [11, 0], "car_606": [6, 0], "car_607": [9, 2], "car_604": [2, 0], "car_605": [5, 6], "car_3101": [10, 3], "car_3100": [7, 6], "car_3103": [6, 3], "car_3102": [2, 7], "car_3105": [0, 3], "car_1761": [9, 2], "car_3107": [8, 5], "car_3106": [3, 0], "car_3109": [7, 5], "car_3108": [11, 6], "car_1760": [6, 1], "car_4350": [11, 7], "car_4768": [11, 5], "car_4872": [1, 6], "car_4180": [1, 6], "car_2799": [2, 4], "car_3700": [5, 1], "car_4433": [2, 5], "car_4901": [0, 7], "car_776": [8, 1], "car_777": [1, 7], "car_774": [0, 2], "car_775": [3, 6], "car_772": [6, 1], "car_773": [9, 2], "car_770": [10, 1], "car_771": [2, 1], "car_4551": [5, 7], "car_1768": [10, 0], "car_778": [7, 6], "car_779": [2, 1], "car_4468": [5, 6], "car_4434": [5, 6], "car_2418": [10, 7], "car_2880": [4, 6], "car_4338": [3, 5], "car_1750": [9, 5], "car_3941": [9, 1], "car_4448": [7, 2], "car_3940": [6, 1], "car_4686": [9, 3], "car_4435": [6, 1], "car_2419": [5, 1], "car_4713": [2, 3], "car_4717": [1, 5], "car_3293": [0, 6], "car_4935": [3, 4], "car_4383": [9, 2], "car_4900": [9, 6], "car_4436": [9, 3], "car_4839": [10, 5], "car_3664": [2, 6], "car_3292": [9, 5], "car_3949": [3, 7], "car_3948": [0, 4], "car_4547": [4, 2], "car_4532": [3, 5], "car_4684": [2, 7], "car_4437": [3, 1], "car_3251": [8, 2], "car_1994": [4, 6], "car_1995": [7, 2], "car_1996": [10, 7], "car_1997": [2, 1], "car_1990": [0, 3], "car_1991": [8, 0], "car_1992": [11, 3], "car_1993": [1, 3], "car_4148": [5, 1], "car_4149": [6, 7], "car_1998": [5, 6], "car_1999": [6, 3], "car_2846": [2, 4], "car_4499": [11, 4], "car_3682": [1, 2], "car_3250": [3, 5], "car_3728": [10, 6], "car_1842": [4, 2], "car_1806": [1, 2], "car_1840": [8, 7], "car_1841": [11, 5], "car_398": [8, 6], "car_399": [11, 3], "car_1844": [10, 1], "car_1807": [4, 0], "car_394": [2, 1], "car_395": [5, 4], "car_396": [6, 0], "car_397": [0, 5], "car_390": [11, 4], "car_391": [1, 6], "car_392": [4, 2], "car_393": [10, 7], "car_4369": [10, 1], "car_3725": [8, 2], "car_4671": [11, 0], "car_4038": [11, 1], "car_4039": [4, 2], "car_158": [5, 0], "car_159": [6, 3], "car_156": [10, 4], "car_157": [2, 0], "car_154": [4, 7], "car_155": [7, 0], "car_152": [11, 5], "car_153": [1, 6], "car_150": [3, 7], "car_151": [8, 4], "car_3667": [9, 3], "car_4365": [11, 6], "car_4366": [1, 0], "car_3726": [1, 7], "car_1208": [5, 0], "car_1209": [9, 0], "car_4362": [10, 1], "car_4363": [5, 7], "car_1204": [4, 5], "car_1205": [7, 2], "car_1206": [10, 5], "car_1207": [2, 4], "car_1200": [0, 5], "car_1201": [8, 6], "car_1202": [11, 7], "car_1203": [1, 7], "car_4171": [7, 5], "car_2601": [11, 1], "car_2403": [0, 2], "car_4170": [4, 2], "car_3252": [11, 0], "car_3926": [6, 5], "car_3722": [9, 7], "car_4678": [3, 5], "car_3660": [8, 0], "car_4760": [0, 4], "car_4172": [10, 5], "car_4852": [10, 6], "car_3334": [8, 0], "car_4174": [6, 3], "car_3708": [10, 5], "car_4783": [6, 4], "car_4780": [10, 2], "car_3335": [1, 3], "car_4786": [3, 6], "car_1808": [7, 1], "car_4784": [9, 2], "car_3255": [7, 0], "car_4966": [3, 1], "car_3332": [0, 7], "car_4788": [1, 2], "car_1809": [10, 6], "car_3661": [11, 4], "car_4963": [5, 4], "car_4960": [1, 4], "car_3333": [3, 7], "car_2649": [0, 3], "car_2612": [11, 3], "car_4568": [10, 5], "car_4438": [8, 5], "car_4701": [4, 0], "car_2613": [1, 2], "car_2641": [8, 3], "car_2640": [3, 0], "car_2643": [4, 0], "car_2642": [1, 2], "car_2645": [2, 1], "car_2644": [7, 4], "car_2647": [6, 0], "car_2646": [5, 7], "car_1510": [7, 3], "car_1511": [10, 1], "car_1512": [2, 5], "car_1513": [5, 0], "car_1514": [6, 1], "car_1515": [0, 3], "car_1516": [3, 0], "car_1517": [11, 7], "car_1518": [1, 4], "car_1519": [4, 6], "car_3662": [1, 2], "car_4763": [7, 6], "car_4764": [2, 4], "car_2531": [3, 6], "car_4766": [0, 6], "car_2965": [7, 6], "car_2530": [0, 5], "car_2966": [10, 6], "car_3366": [9, 1], "car_4698": [3, 7], "car_2537": [11, 3], "car_2967": [5, 2], "car_2536": [8, 5], "car_2968": [6, 0], "car_2855": [7, 1], "car_4976": [10, 0], "car_1198": [5, 4], "car_1199": [9, 2], "car_2969": [9, 6], "car_1194": [1, 7], "car_1195": [7, 3], "car_1196": [10, 5], "car_1197": [2, 3], "car_1190": [6, 7], "car_1191": [9, 2], "car_1192": [0, 6], "car_1193": [11, 4], "car_3916": [2, 0], "car_3917": [5, 2], "car_3914": [7, 6], "car_2619": [3, 2], "car_2429": [6, 0], "car_2428": [5, 6], "car_3910": [3, 0], "car_3911": [11, 4], "car_2425": [1, 0], "car_2424": [11, 5], "car_2427": [2, 3], "car_2426": [4, 5], "car_2421": [9, 4], "car_2126": [7, 2], "car_2423": [3, 5], "car_2422": [0, 5], "car_2856": [10, 3], "car_2127": [10, 5], "car_978": [9, 5], "car_979": [3, 7], "car_974": [3, 5], "car_975": [1, 5], "car_976": [10, 4], "car_977": [6, 4], "car_970": [1, 6], "car_971": [10, 7], "car_972": [2, 4], "car_973": [9, 3], "car_1424": [4, 1], "car_1425": [7, 1], "car_1426": [10, 1], "car_1427": [6, 5], "car_1420": [5, 3], "car_1421": [6, 1], "car_1422": [3, 5], "car_1423": [1, 0], "car_2402": [9, 1], "car_1428": [3, 7], "car_1429": [8, 7], "car_2857": [5, 0], "car_3259": [0, 1], "car_4752": [2, 5], "car_4765": [5, 1], "car_4937": [11, 6], "car_4335": [2, 7], "car_4754": [0, 3], "car_3593": [9, 5], "car_4902": [3, 0], "car_3358": [0, 1], "car_3359": [3, 0], "car_3354": [10, 2], "car_2128": [2, 3], "car_3356": [6, 4], "car_3357": [9, 5], "car_3350": [8, 3], "car_3258": [9, 1], "car_3352": [4, 5], "car_2129": [6, 2], "car_2511": [11, 7], "car_2510": [8, 5], "car_2513": [6, 3], "car_2512": [5, 6], "car_2515": [0, 5], "car_2514": [9, 5], "car_2517": [8, 1], "car_2516": [3, 5], "car_2519": [1, 6], "car_2518": [11, 6], "car_3590": [2, 7], "car_3591": [5, 2], "car_3596": [11, 2], "car_3597": [1, 0], "car_3594": [3, 6], "car_3595": [8, 2], "car_1738": [5, 3], "car_1739": [6, 4], "car_1730": [5, 4], "car_1731": [9, 6], "car_1732": [0, 5], "car_1733": [3, 1], "car_1734": [11, 5], "car_1735": [7, 3], "car_1736": [10, 2], "car_1737": [2, 0], "car_54": [10, 6], "car_55": [2, 0], "car_56": [5, 3], "car_57": [6, 1], "car_50": [9, 3], "car_51": [8, 5], "car_52": [1, 3], "car_53": [4, 5], "car_4507": [1, 0], "car_58": [9, 7], "car_59": [3, 1], "car_4954": [8, 7], "car_2609": [9, 0], "car_552": [8, 2], "car_805": [2, 4], "car_550": [5, 1], "car_551": [3, 5], "car_556": [9, 5], "car_557": [0, 1], "car_554": [7, 5], "car_555": [2, 5], "car_3776": [7, 2], "car_3777": [10, 2], "car_558": [3, 1], "car_559": [8, 0], "car_808": [9, 5], "car_809": [0, 3], "car_3770": [6, 2], "car_3771": [9, 4], "car_2357": [0, 1], "car_2356": [5, 3], "car_2355": [10, 2], "car_2354": [7, 4], "car_2353": [11, 6], "car_2352": [3, 6], "car_2351": [0, 6], "car_2350": [9, 2], "car_2359": [8, 5], "car_2358": [3, 6], "car_4117": [2, 3], "car_1757": [10, 6], "car_4445": [8, 0], "car_4895": [9, 4], "car_3672": [2, 0], "car_4936": [8, 0], "car_3710": [5, 0], "car_2339": [6, 0], "car_4690": [11, 1], "car_3709": [2, 5], "car_2469": [11, 1], "car_4898": [5, 2], "car_4855": [8, 1], "car_3174": [4, 5], "car_2915": [5, 4], "car_3176": [5, 2], "car_3177": [9, 6], "car_3170": [5, 3], "car_3171": [6, 3], "car_3172": [9, 3], "car_2914": [2, 4], "car_3178": [3, 0], "car_3179": [1, 2], "car_3711": [6, 7], "car_3369": [1, 0], "car_4691": [1, 4], "car_4359": [11, 6], "car_2468": [0, 7], "car_3437": [11, 3], "car_3747": [6, 1], "car_4843": [11, 4], "car_4328": [0, 7], "car_4876": [2, 1], "car_703": [8, 3], "car_702": [3, 4], "car_701": [0, 5], "car_700": [9, 0], "car_707": [10, 6], "car_706": [7, 1], "car_705": [4, 0], "car_704": [11, 6], "car_709": [5, 6], "car_708": [2, 4], "car_3436": [8, 4], "car_3008": [8, 5], "car_3009": [11, 3], "car_4329": [3, 0], "car_3000": [11, 7], "car_3001": [1, 2], "car_3002": [4, 3], "car_3003": [7, 5], "car_3004": [10, 4], "car_3005": [5, 3], "car_3006": [6, 1], "car_3007": [3, 4], "car_2221": [2, 5], "car_4353": [10, 2], "car_4247": [7, 4], "car_2308": [1, 2], "car_4116": [10, 3], "car_3619": [8, 7], "car_4773": [6, 2], "car_2400": [2, 4], "car_3751": [1, 7], "car_2309": [4, 6], "car_3201": [9, 6], "car_3754": [10, 7], "car_3755": [2, 6], "car_4496": [9, 0], "car_3756": [6, 2], "car_3757": [9, 3], "car_4815": [1, 6], "car_1987": [4, 6], "car_1986": [1, 0], "car_1985": [8, 4], "car_1984": [0, 7], "car_1983": [6, 2], "car_1982": [5, 0], "car_1981": [10, 3], "car_1980": [7, 4], "car_4159": [0, 4], "car_4158": [9, 4], "car_4696": [9, 7], "car_1989": [2, 0], "car_1988": [10, 7], "car_4918": [0, 6], "car_4827": [7, 4], "car_2768": [11, 6], "car_1855": [3, 2], "car_1796": [9, 6], "car_1857": [11, 1], "car_1856": [8, 7], "car_1851": [4, 2], "car_1850": [1, 2], "car_1853": [6, 3], "car_1797": [7, 3], "car_4805": [3, 5], "car_4804": [0, 6], "car_4807": [4, 5], "car_2336": [8, 1], "car_1859": [10, 2], "car_1794": [5, 0], "car_4803": [9, 6], "car_4802": [6, 2], "car_2230": [6, 4], "car_129": [10, 3], "car_128": [7, 3], "car_4368": [7, 5], "car_4029": [4, 0], "car_2231": [0, 4], "car_123": [2, 4], "car_122": [10, 5], "car_121": [4, 7], "car_120": [1, 6], "car_127": [4, 2], "car_126": [1, 4], "car_125": [9, 5], "car_124": [6, 1], "car_4377": [4, 7], "car_4153": [7, 0], "car_4375": [11, 2], "car_4374": [3, 4], "car_3718": [4, 0], "car_1790": [11, 1], "car_1219": [7, 2], "car_1218": [4, 2], "car_1217": [11, 4], "car_1216": [8, 3], "car_1215": [3, 2], "car_1214": [9, 1], "car_1213": [6, 0], "car_1212": [5, 0], "car_1211": [2, 5], "car_1210": [1, 6], "car_1415": [11, 6], "car_4150": [9, 4], "car_1414": [9, 6], "car_4157": [6, 0], "car_1417": [4, 0], "car_4156": [5, 3], "car_4266": [7, 5], "car_3719": [2, 7], "car_1416": [1, 5], "car_4155": [2, 5], "car_1411": [2, 6], "car_4154": [10, 6], "car_3959": [8, 7], "car_1410": [4, 5], "car_237": [0, 1], "car_236": [9, 2], "car_235": [6, 0], "car_234": [5, 2], "car_233": [2, 5], "car_232": [10, 6], "car_231": [4, 3], "car_230": [1, 7], "car_4979": [11, 2], "car_4978": [9, 2], "car_3372": [10, 4], "car_1412": [5, 4], "car_4799": [10, 5], "car_4798": [7, 1], "car_239": [1, 3], "car_238": [8, 1], "car_2988": [7, 1], "car_2989": [2, 4], "car_2638": [9, 3], "car_2639": [0, 2], "car_2634": [8, 1], "car_2635": [11, 1], "car_2636": [1, 5], "car_2637": [2, 4], "car_2630": [7, 4], "car_2631": [10, 0], "car_2632": [6, 5], "car_2633": [9, 3], "car_1503": [6, 1], "car_1502": [5, 7], "car_1501": [2, 7], "car_1500": [7, 6], "car_1507": [11, 1], "car_1506": [8, 2], "car_1505": [0, 4], "car_1504": [9, 7], "car_3373": [2, 4], "car_4772": [2, 7], "car_1509": [4, 2], "car_1508": [1, 5], "car_4777": [11, 1], "car_4776": [3, 4], "car_4775": [0, 5], "car_3825": [6, 2], "car_4498": [8, 2], "car_4916": [10, 4], "car_4367": [4, 1], "car_4812": [9, 6], "car_4854": [3, 2], "car_3439": [10, 5], "car_3745": [4, 3], "car_4489": [8, 0], "car_4488": [0, 5], "car_4322": [1, 2], "car_1189": [5, 3], "car_1188": [2, 7], "car_1187": [10, 7], "car_1186": [4, 2], "car_1185": [1, 5], "car_1184": [11, 2], "car_1183": [8, 1], "car_1182": [0, 4], "car_1181": [10, 1], "car_1180": [7, 3], "car_2182": [10, 5], "car_2183": [2, 0], "car_2180": [1, 3], "car_2181": [4, 1], "car_2186": [9, 4], "car_2187": [8, 6], "car_2184": [5, 1], "car_2185": [6, 7], "car_3438": [1, 0], "car_2188": [11, 7], "car_2189": [1, 2], "car_949": [0, 1], "car_948": [6, 0], "car_2742": [4, 6], "car_2743": [7, 2], "car_2744": [10, 7], "car_2745": [5, 0], "car_2746": [6, 0], "car_2747": [9, 2], "car_941": [9, 0], "car_940": [6, 3], "car_943": [8, 1], "car_942": [0, 2], "car_945": [4, 3], "car_944": [11, 2], "car_947": [5, 6], "car_946": [2, 4], "car_1437": [8, 3], "car_1436": [3, 1], "car_1435": [0, 6], "car_1434": [9, 6], "car_1433": [5, 2], "car_1432": [10, 1], "car_1431": [1, 7], "car_1430": [11, 5], "car_1439": [1, 3], "car_1438": [11, 3], "car_3501": [7, 0], "car_2238": [6, 0], "car_4114": [1, 6], "car_2823": [8, 4], "car_4446": [1, 4], "car_493": [4, 0], "car_492": [1, 4], "car_491": [11, 4], "car_490": [8, 5], "car_497": [0, 3], "car_496": [6, 3], "car_495": [10, 3], "car_494": [7, 1], "car_3347": [6, 3], "car_3346": [2, 5], "car_499": [8, 2], "car_498": [3, 7], "car_3343": [1, 0], "car_3342": [11, 5], "car_3341": [8, 5], "car_3340": [9, 2], "car_2296": [1, 7], "car_2297": [7, 4], "car_2294": [3, 0], "car_2239": [9, 7], "car_2292": [9, 6], "car_2293": [0, 5], "car_2290": [5, 3], "car_2291": [6, 0], "car_3585": [8, 5], "car_1918": [3, 7], "car_3587": [4, 6], "car_3586": [11, 7], "car_2568": [6, 0], "car_2569": [9, 1], "car_2298": [10, 2], "car_1919": [8, 2], "car_1729": [10, 3], "car_1728": [7, 1], "car_1723": [3, 6], "car_1722": [0, 3], "car_1721": [6, 1], "car_1720": [2, 1], "car_1727": [4, 2], "car_1726": [1, 6], "car_1725": [11, 0], "car_1724": [8, 0], "car_43": [8, 6], "car_42": [3, 7], "car_41": [9, 2], "car_40": [6, 1], "car_47": [10, 2], "car_46": [4, 5], "car_45": [1, 7], "car_44": [11, 2], "car_3901": [8, 7], "car_3900": [3, 7], "car_49": [6, 7], "car_48": [5, 6], "car_3905": [7, 4], "car_1916": [6, 3], "car_3907": [5, 7], "car_3906": [10, 6], "car_3365": [5, 0], "car_1917": [9, 4], "car_4940": [10, 6], "car_4844": [1, 6], "car_3364": [10, 2], "car_4801": [5, 4], "car_3761": [10, 6], "car_3375": [0, 1], "car_3367": [8, 6], "car_1858": [1, 7], "car_831": [6, 7], "car_830": [5, 2], "car_833": [3, 6], "car_832": [9, 1], "car_835": [2, 0], "car_834": [1, 2], "car_837": [6, 4], "car_836": [5, 4], "car_839": [0, 4], "car_838": [9, 2], "car_2360": [11, 1], "car_2361": [1, 3], "car_2366": [0, 1], "car_2367": [3, 2], "car_2364": [5, 0], "car_2365": [9, 1], "car_2168": [7, 5], "car_2169": [2, 5], "car_3509": [4, 0], "car_3815": [5, 7], "car_2160": [7, 3], "car_2161": [10, 2], "car_2162": [6, 3], "car_2163": [9, 0], "car_2164": [3, 0], "car_2165": [11, 6], "car_2166": [1, 5], "car_2167": [4, 7], "car_2810": [10, 5], "car_2811": [2, 1], "car_4871": [11, 7], "car_2812": [9, 3], "car_4311": [10, 4], "car_2813": [0, 3], "car_3763": [6, 5], "car_1941": [1, 5], "car_2814": [3, 6], "car_4028": [1, 7], "car_3055": [8, 0], "car_2815": [1, 2], "car_4027": [11, 3], "car_2544": [3, 1], "car_3235": [2, 6], "car_2817": [2, 4], "car_4025": [9, 1], "car_3167": [7, 4], "car_3166": [4, 6], "car_3165": [1, 6], "car_3164": [3, 0], "car_3163": [0, 1], "car_3162": [9, 0], "car_3161": [6, 0], "car_3160": [2, 5], "car_4023": [5, 4], "car_4785": [0, 5], "car_2463": [10, 0], "car_3169": [2, 1], "car_3168": [10, 0], "car_2462": [4, 6], "car_3980": [9, 1], "car_4021": [7, 4], "car_3309": [2, 5], "car_4020": [1, 5], "car_3565": [0, 7], "car_4376": [1, 7], "car_3933": [3, 6], "car_710": [6, 7], "car_711": [9, 4], "car_712": [0, 3], "car_713": [1, 7], "car_714": [4, 6], "car_715": [10, 0], "car_716": [5, 7], "car_717": [6, 3], "car_718": [9, 4], "car_719": [0, 7], "car_4847": [2, 0], "car_4372": [9, 6], "car_1892": [6, 3], "car_3019": [10, 2], "car_3018": [7, 5], "car_4224": [4, 0], "car_3028": [2, 7], "car_3013": [2, 0], "car_3012": [10, 1], "car_3011": [7, 5], "car_3010": [4, 5], "car_3017": [11, 7], "car_3016": [8, 2], "car_3015": [6, 2], "car_2987": [4, 0], "car_3923": [4, 2], "car_3508": [11, 0], "car_3989": [9, 6], "car_3421": [10, 5], "car_4494": [5, 7], "car_4273": [11, 7], "car_4857": [1, 5], "car_4379": [10, 1], "car_4809": [2, 4], "car_4378": [7, 5], "car_1894": [11, 2], "car_4579": [0, 4], "car_4495": [6, 0], "car_4440": [7, 3], "car_4932": [6, 7], "car_4517": [4, 2], "car_4808": [7, 0], "car_3769": [10, 0], "car_4166": [0, 1], "car_4167": [3, 1], "car_4164": [7, 5], "car_4165": [2, 4], "car_4162": [1, 0], "car_4163": [4, 2], "car_4160": [3, 0], "car_4161": [11, 2], "car_4492": [7, 6], "car_4168": [11, 2], "car_4169": [1, 3], "car_2895": [8, 1], "car_3368": [11, 3], "car_4493": [10, 2], "car_4811": [6, 3], "car_138": [9, 5], "car_139": [0, 4], "car_4010": [1, 3], "car_4011": [4, 5], "car_4016": [0, 4], "car_4017": [3, 4], "car_4014": [6, 0], "car_4015": [9, 0], "car_130": [0, 4], "car_131": [3, 5], "car_132": [8, 1], "car_133": [11, 2], "car_134": [1, 6], "car_135": [4, 1], "car_136": [7, 3], "car_137": [2, 7], "car_1222": [6, 3], "car_1223": [9, 2], "car_1220": [10, 2], "car_1221": [5, 4], "car_1226": [7, 5], "car_1227": [2, 4], "car_1224": [0, 6], "car_1225": [1, 4], "car_1886": [1, 4], "car_1887": [4, 7], "car_1228": [5, 0], "car_1229": [3, 7], "car_1882": [0, 4], "car_1883": [3, 2], "car_1880": [2, 4], "car_1881": [6, 5], "car_2621": [1, 5], "car_3625": [0, 5], "car_3988": [6, 2], "car_5002": [10, 1], "car_224": [4, 0], "car_225": [10, 4], "car_226": [2, 0], "car_227": [6, 2], "car_220": [9, 1], "car_221": [3, 1], "car_222": [8, 4], "car_223": [11, 7], "car_228": [0, 2], "car_229": [8, 7], "car_1086": [2, 4], "car_1087": [5, 3], "car_1084": [11, 5], "car_1085": [4, 2], "car_1082": [3, 1], "car_1083": [8, 2], "car_1080": [9, 2], "car_1081": [0, 7], "car_2627": [3, 2], "car_2626": [6, 1], "car_2625": [2, 6], "car_2624": [10, 5], "car_2623": [7, 1], "car_2622": [4, 5], "car_1088": [9, 2], "car_1089": [0, 7], "car_1536": [6, 7], "car_1537": [0, 1], "car_1534": [1, 5], "car_1535": [7, 4], "car_1532": [8, 2], "car_1533": [11, 3], "car_1530": [0, 5], "car_1531": [3, 0], "car_4746": [5, 7], "car_4747": [0, 7], "car_4744": [4, 6], "car_4745": [2, 4], "car_4742": [3, 1], "car_4743": [1, 3], "car_1538": [1, 2], "car_1539": [4, 0], "car_4795": [3, 2], "car_3512": [9, 1], "car_4794": [0, 7], "car_4806": [8, 6], "car_4703": [2, 4], "car_4797": [4, 6], "car_4348": [3, 4], "car_4349": [8, 0], "car_4342": [4, 1], "car_4343": [7, 5], "car_4340": [11, 1], "car_4341": [1, 0], "car_4346": [5, 0], "car_4347": [0, 6], "car_4344": [10, 6], "car_4345": [2, 6], "car_956": [0, 6], "car_957": [8, 3], "car_954": [5, 6], "car_955": [6, 4], "car_952": [10, 7], "car_953": [2, 4], "car_950": [3, 5], "car_951": [7, 4], "car_4593": [9, 1], "car_1827": [10, 4], "car_2199": [10, 3], "car_2198": [7, 4], "car_958": [11, 6], "car_959": [7, 6], "car_1158": [10, 6], "car_1159": [2, 7], "car_1408": [8, 3], "car_1409": [1, 3], "car_2757": [0, 4], "car_2756": [9, 6], "car_2755": [2, 1], "car_1829": [6, 3], "car_1150": [7, 2], "car_1151": [10, 6], "car_1152": [5, 0], "car_1153": [9, 1], "car_1154": [0, 6], "car_1155": [3, 2], "car_1156": [1, 0], "car_1157": [4, 6], "car_2532": [11, 2], "car_2380": [1, 6], "car_3510": [10, 1], "car_4657": [9, 4], "car_2764": [10, 3], "car_4592": [6, 0], "car_2381": [4, 5], "car_4650": [11, 1], "car_2382": [7, 1], "car_4651": [1, 6], "car_2383": [10, 1], "car_4652": [4, 1], "car_1826": [7, 2], "car_3314": [1, 2], "car_4653": [7, 5], "car_3315": [4, 6], "car_480": [8, 0], "car_481": [11, 4], "car_482": [4, 5], "car_483": [7, 4], "car_484": [10, 7], "car_485": [2, 6], "car_486": [5, 4], "car_487": [6, 3], "car_488": [9, 2], "car_489": [3, 2], "car_2283": [5, 4], "car_2282": [10, 0], "car_2285": [8, 1], "car_2284": [6, 1], "car_2287": [4, 3], "car_2286": [1, 2], "car_2577": [2, 1], "car_853": [4, 0], "car_2575": [3, 7], "car_2574": [5, 4], "car_2573": [2, 6], "car_2572": [10, 2], "car_2571": [3, 0], "car_852": [11, 6], "car_3578": [7, 1], "car_3579": [10, 1], "car_851": [8, 7], "car_2579": [9, 6], "car_2578": [6, 7], "car_4590": [2, 3], "car_582": [4, 6], "car_4711": [7, 5], "car_1718": [4, 6], "car_1719": [7, 0], "car_1716": [3, 2], "car_857": [6, 2], "car_1714": [6, 3], "car_1715": [0, 4], "car_1712": [2, 4], "car_1713": [5, 2], "car_1710": [11, 1], "car_856": [2, 3], "car_2982": [9, 4], "car_1828": [2, 4], "car_3978": [2, 7], "car_855": [10, 3], "car_4584": [6, 2], "car_2983": [0, 2], "car_3974": [11, 3], "car_3975": [1, 5], "car_3976": [4, 3], "car_854": [7, 3], "car_3970": [2, 5], "car_2980": [2, 7], "car_3972": [9, 3], "car_3973": [8, 1], "car_4597": [4, 3], "car_4700": [11, 5], "car_2981": [5, 2], "car_2739": [3, 7], "car_4757": [10, 5], "car_2738": [6, 1], "car_3714": [3, 2], "car_3715": [8, 3], "car_3716": [11, 3], "car_3494": [6, 3], "car_2379": [8, 2], "car_2378": [3, 7], "car_828": [4, 0], "car_829": [10, 2], "car_826": [3, 5], "car_827": [8, 3], "car_824": [9, 1], "car_825": [0, 6], "car_822": [10, 7], "car_823": [6, 5], "car_820": [1, 5], "car_821": [4, 5], "car_3484": [9, 2], "car_3485": [0, 6], "car_2179": [8, 1], "car_2178": [3, 1], "car_3480": [10, 1], "car_3481": [2, 1], "car_3482": [5, 7], "car_3483": [6, 2], "car_2173": [11, 3], "car_2172": [3, 7], "car_2171": [6, 0], "car_2170": [5, 4], "car_2177": [0, 7], "car_2176": [10, 2], "car_2175": [7, 1], "car_2174": [4, 7], "car_4486": [6, 7], "car_4477": [6, 3], "car_3238": [0, 1], "car_2535": [3, 5], "car_3920": [8, 2], "car_4971": [5, 3], "car_4595": [8, 5], "car_4471": [8, 5], "car_3349": [3, 0], "car_3218": [9, 7], "car_3628": [1, 6], "car_3629": [4, 2], "car_3158": [7, 0], "car_3159": [10, 1], "car_2534": [6, 2], "car_3499": [1, 0], "car_4908": [5, 2], "car_4022": [2, 5], "car_3152": [7, 6], "car_3153": [5, 0], "car_3150": [3, 7], "car_3151": [8, 4], "car_3156": [3, 1], "car_3157": [11, 7], "car_3154": [6, 5], "car_3155": [9, 5], "car_3398": [0, 6], "car_3399": [3, 2], "car_4770": [7, 4], "car_4906": [10, 7], "car_3390": [8, 0], "car_3391": [1, 4], "car_3392": [4, 6], "car_3393": [7, 1], "car_3394": [10, 2], "car_3395": [2, 4], "car_3396": [5, 6], "car_3397": [9, 6], "car_3983": [11, 3], "car_4514": [8, 1], "car_4774": [9, 5], "car_3799": [6, 5], "car_3389": [3, 1], "car_4458": [10, 7], "car_3982": [8, 0], "car_4761": [11, 3], "car_729": [1, 2], "car_728": [3, 5], "car_725": [5, 1], "car_724": [2, 4], "car_727": [0, 4], "car_726": [6, 3], "car_721": [8, 6], "car_720": [3, 7], "car_723": [7, 0], "car_722": [11, 1], "car_3797": [1, 3], "car_2708": [8, 1], "car_3029": [5, 2], "car_3026": [7, 6], "car_3027": [10, 7], "car_3024": [1, 4], "car_3025": [4, 0], "car_3022": [0, 2], "car_3023": [8, 3], "car_3020": [6, 4], "car_3021": [9, 5], "car_3519": [5, 1], "car_4945": [8, 1], "car_4599": [10, 3], "car_2620": [11, 6], "car_3275": [9, 5], "car_4926": [8, 3], "car_1795": [6, 7], "car_4818": [10, 6], "car_4598": [7, 4], "car_3274": [6, 1], "car_4927": [11, 3], "car_1792": [10, 6], "car_4819": [5, 2], "car_3987": [5, 0], "car_3226": [2, 5], "car_4791": [2, 5], "car_1793": [2, 1], "car_3986": [2, 5], "car_3779": [6, 5], "car_4481": [1, 4], "car_2440": [0, 1], "car_4635": [5, 1], "car_4480": [8, 0], "car_4790": [7, 4], "car_4483": [7, 0], "car_105": [3, 0], "car_104": [0, 1], "car_107": [4, 5], "car_106": [11, 1], "car_101": [5, 3], "car_100": [10, 7], "car_103": [9, 0], "car_102": [6, 0], "car_1888": [7, 3], "car_4485": [5, 0], "car_109": [10, 7], "car_108": [7, 1], "car_3659": [0, 3], "car_4484": [2, 7], "car_4005": [5, 1], "car_4004": [2, 3], "car_4007": [0, 6], "car_4006": [9, 1], "car_4001": [1, 7], "car_4000": [11, 4], "car_4003": [10, 2], "car_4002": [7, 2], "car_3934": [8, 7], "car_1791": [1, 0], "car_4008": [3, 4], "car_3637": [1, 5], "car_1235": [6, 1], "car_1234": [10, 2], "car_1237": [3, 6], "car_1236": [9, 4], "car_1231": [1, 7], "car_1230": [8, 0], "car_1233": [7, 5], "car_1232": [4, 3], "car_1899": [9, 6], "car_1898": [6, 5], "car_4512": [9, 4], "car_1239": [1, 6], "car_1238": [8, 0], "car_3633": [6, 3], "car_4633": [7, 5], "car_3511": [2, 6], "car_4792": [6, 3], "car_3632": [5, 2], "car_3609": [10, 0], "car_3516": [1, 4], "car_3631": [10, 4], "car_3517": [4, 7], "car_3630": [7, 3], "car_3774": [11, 2], "car_3514": [3, 5], "car_3141": [0, 7], "car_3515": [11, 2], "car_4975": [1, 0], "car_3636": [11, 7], "car_211": [9, 6], "car_210": [6, 4], "car_213": [8, 7], "car_212": [0, 3], "car_215": [1, 2], "car_214": [11, 4], "car_217": [10, 0], "car_216": [7, 2], "car_219": [5, 1], "car_218": [2, 3], "car_4173": [5, 3], "car_3634": [9, 5], "car_4175": [9, 4], "car_3518": [7, 2], "car_4177": [3, 4], "car_2676": [1, 0], "car_1529": [6, 2], "car_1528": [5, 1], "car_2610": [3, 2], "car_2611": [8, 2], "car_2616": [2, 6], "car_2617": [6, 3], "car_2614": [4, 0], "car_2615": [7, 5], "car_1521": [5, 2], "car_1520": [10, 1], "car_1523": [0, 7], "car_1522": [9, 2], "car_1525": [8, 2], "car_1524": [3, 6], "car_1527": [10, 6], "car_1526": [7, 0], "car_4751": [10, 6], "car_4750": [4, 1], "car_4753": [5, 4], "car_3227": [5, 4], "car_4755": [3, 7], "car_2849": [9, 7], "car_2700": [9, 6], "car_4756": [7, 5], "car_4759": [9, 7], "car_4758": [2, 1], "car_2848": [6, 3], "car_3772": [0, 6], "car_2740": [8, 7], "car_3222": [1, 7], "car_4910": [0, 6], "car_2741": [11, 2], "car_3223": [4, 1], "car_2313": [6, 3], "car_2701": [0, 5], "car_4358": [3, 1], "car_2312": [5, 3], "car_4355": [5, 1], "car_4354": [2, 7], "car_4357": [0, 2], "car_4356": [9, 3], "car_4351": [1, 6], "car_2311": [2, 7], "car_3773": [8, 0], "car_4352": [7, 5], "car_923": [0, 3], "car_922": [9, 2], "car_921": [6, 4], "car_920": [5, 2], "car_927": [4, 3], "car_926": [1, 7], "car_925": [11, 1], "car_924": [3, 0], "car_2317": [8, 2], "car_929": [2, 1], "car_928": [10, 3], "car_3665": [5, 3], "car_2316": [3, 7], "car_2766": [6, 5], "car_2748": [3, 6], "car_1149": [4, 2], "car_1148": [1, 2], "car_1419": [2, 7], "car_1418": [7, 6], "car_2760": [11, 6], "car_2749": [8, 5], "car_1143": [5, 0], "car_1142": [2, 4], "car_1141": [7, 3], "car_1140": [4, 7], "car_1147": [3, 7], "car_1146": [0, 5], "car_1145": [9, 4], "car_1144": [6, 7], "car_4503": [6, 7], "car_4504": [0, 3], "car_4505": [8, 6], "car_1099": [10, 7], "car_1098": [1, 7], "car_3385": [4, 6], "car_4580": [3, 6], "car_4816": [4, 7], "car_1091": [1, 3], "car_1090": [11, 2], "car_1093": [2, 3], "car_1092": [10, 2], "car_1095": [0, 6], "car_1094": [6, 5], "car_1097": [11, 0], "car_1096": [3, 0], "car_2818": [5, 3], "car_2819": [6, 3], "car_2548": [4, 3], "car_2549": [7, 5], "car_3361": [11, 4], "car_3360": [8, 4], "car_3363": [7, 3], "car_3362": [1, 3], "car_2542": [6, 1], "car_2543": [9, 0], "car_2540": [10, 3], "car_2541": [2, 3], "car_2546": [11, 6], "car_2547": [1, 6], "car_2521": [10, 6], "car_2545": [8, 2], "car_3563": [5, 0], "car_3562": [7, 4], "car_3561": [1, 4], "car_3384": [1, 5], "car_3567": [8, 6], "car_3566": [3, 6], "car_3468": [9, 1], "car_3564": [9, 4], "car_3569": [1, 3], "car_3568": [11, 7], "car_4645": [5, 0], "car_1701": [5, 2], "car_1700": [2, 0], "car_1703": [0, 1], "car_1702": [9, 6], "car_1705": [1, 5], "car_1704": [11, 1], "car_1707": [7, 4], "car_1706": [4, 2], "car_1709": [8, 4], "car_1708": [3, 1], "car_2522": [9, 3], "car_4661": [1, 4], "car_4582": [4, 3], "car_4814": [11, 7], "car_3969": [10, 6], "car_3968": [7, 4], "car_3967": [4, 1], "car_3966": [1, 3], "car_3965": [11, 3], "car_3964": [0, 1], "car_3963": [6, 0], "car_3962": [5, 6], "car_3961": [10, 7], "car_3960": [7, 3], "car_4850": [8, 1], "car_2523": [3, 7], "car_4660": [11, 7], "car_589": [11, 4], "car_588": [8, 1], "car_859": [8, 1], "car_858": [0, 1], "car_2384": [2, 6], "car_2385": [6, 0], "car_1695": [0, 4], "car_2387": [8, 4], "car_581": [1, 6], "car_580": [11, 3], "car_583": [7, 0], "car_850": [3, 0], "car_585": [6, 3], "car_584": [10, 4], "car_587": [0, 1], "car_586": [9, 7], "car_3497": [3, 2], "car_3496": [0, 3], "car_3495": [9, 5], "car_2002": [11, 6], "car_3493": [5, 1], "car_3492": [10, 6], "car_2148": [0, 2], "car_2149": [1, 4], "car_2146": [6, 7], "car_2147": [9, 1], "car_2144": [2, 4], "car_2145": [5, 4], "car_2142": [4, 7], "car_2143": [7, 4], "car_2140": [11, 6], "car_2141": [1, 5], "car_4544": [8, 3], "car_3896": [5, 4], "car_4049": [1, 6], "car_4639": [3, 1], "car_3529": [9, 2], "car_4662": [4, 1], "car_4585": [3, 7], "car_2985": [11, 0], "car_3639": [7, 0], "car_3638": [4, 6], "car_3149": [9, 3], "car_3148": [6, 5], "car_3145": [4, 2], "car_3144": [1, 5], "car_3147": [5, 7], "car_3146": [2, 1], "car_2779": [4, 3], "car_3140": [9, 0], "car_3143": [11, 4], "car_3142": [8, 5], "car_457": [7, 3], "car_456": [1, 6], "car_455": [11, 7], "car_454": [8, 2], "car_453": [3, 1], "car_452": [0, 7], "car_451": [9, 3], "car_450": [6, 1], "car_3383": [11, 5], "car_3382": [8, 2], "car_3381": [3, 5], "car_1878": [7, 2], "car_3387": [9, 6], "car_3386": [2, 4], "car_459": [6, 5], "car_458": [2, 3], "car_1877": [4, 5], "car_4644": [2, 4], "car_1876": [1, 3], "car_2778": [1, 0], "car_2993": [11, 3], "car_1875": [11, 6], "car_1874": [8, 0], "car_4587": [11, 0], "car_1873": [3, 5], "car_1872": [9, 4], "car_738": [2, 1], "car_739": [5, 4], "car_1871": [6, 7], "car_733": [2, 6], "car_732": [10, 1], "car_32": [6, 0], "car_730": [4, 0], "car_731": [7, 1], "car_736": [8, 2], "car_737": [10, 2], "car_734": [9, 4], "car_735": [0, 3], "car_3031": [3, 4], "car_1976": [6, 4], "car_3033": [1, 7], "car_3032": [11, 0], "car_3035": [2, 0], "car_3034": [7, 6], "car_3037": [9, 2], "car_1977": [9, 2], "car_3039": [8, 7], "car_3038": [3, 2], "car_3348": [9, 5], "car_1698": [7, 5], "car_4120": [9, 3], "car_4782": [5, 1], "car_4121": [0, 4], "car_4126": [10, 1], "car_3345": [10, 4], "car_4127": [2, 4], "car_3748": [0, 7], "car_4974": [3, 4], "car_3344": [4, 7], "car_4589": [10, 4], "car_4124": [4, 2], "car_3030": [6, 4], "car_4125": [7, 1], "car_4134": [11, 5], "car_4041": [10, 7], "car_3635": [8, 0], "car_38": [10, 3], "car_4040": [7, 3], "car_39": [5, 4], "car_4128": [5, 7], "car_2564": [1, 2], "car_4129": [6, 4], "car_2565": [4, 0], "car_4045": [9, 2], "car_3036": [5, 2], "car_2566": [10, 7], "car_2295": [8, 3], "car_1978": [1, 0], "car_2560": [0, 7], "car_1979": [4, 0], "car_3523": [1, 7], "car_2561": [3, 0], "car_4258": [2, 3], "car_2562": [8, 0], "car_4259": [5, 7], "car_2563": [11, 5], "car_4708": [8, 5], "car_2443": [1, 6], "car_4709": [11, 5], "car_2442": [11, 6], "car_3998": [0, 6], "car_3522": [11, 6], "car_3351": [1, 6], "car_2441": [3, 6], "car_112": [9, 2], "car_113": [0, 7], "car_110": [2, 5], "car_111": [5, 6], "car_116": [11, 3], "car_117": [10, 7], "car_114": [3, 2], "car_115": [8, 4], "car_2447": [2, 7], "car_118": [5, 0], "car_119": [11, 3], "car_2446": [10, 5], "car_4319": [3, 5], "car_2445": [7, 2], "car_3999": [8, 3], "car_4318": [0, 3], "car_3521": [8, 6], "car_2299": [0, 7], "car_4252": [3, 0], "car_2533": [1, 0], "car_2453": [7, 5], "car_4611": [5, 4], "car_4612": [9, 6], "car_4253": [8, 3], "car_3408": [3, 5], "car_4615": [11, 6], "car_4616": [1, 5], "car_4617": [4, 5], "car_4618": [7, 4], "car_4619": [2, 1], "car_4255": [1, 2], "car_3828": [3, 0], "car_3996": [5, 3], "car_4704": [5, 3], "car_4705": [6, 3], "car_2454": [2, 7], "car_4052": [10, 0], "car_3409": [8, 1], "car_4929": [7, 3], "car_4298": [2, 4], "car_4299": [5, 1], "car_4917": [5, 1], "car_4294": [3, 7], "car_4295": [8, 0], "car_4296": [11, 4], "car_4297": [10, 1], "car_4290": [10, 3], "car_4291": [2, 0], "car_4292": [6, 4], "car_4293": [0, 2], "car_1950": [8, 1], "car_1951": [11, 0], "car_1952": [1, 6], "car_1953": [4, 7], "car_1954": [7, 4], "car_1955": [10, 6], "car_208": [10, 6], "car_209": [2, 7], "car_206": [1, 7], "car_207": [4, 5], "car_204": [8, 3], "car_205": [11, 0], "car_202": [6, 2], "car_203": [9, 0], "car_200": [2, 5], "car_201": [5, 0], "car_2605": [10, 3], "car_2604": [7, 0], "car_2607": [5, 7], "car_2606": [2, 0], "car_1558": [10, 7], "car_1559": [5, 0], "car_2603": [4, 5], "car_2602": [1, 0], "car_1554": [8, 2], "car_1555": [11, 6], "car_1556": [1, 3], "car_1557": [7, 6], "car_1550": [2, 4], "car_1551": [5, 6], "car_1552": [6, 7], "car_1553": [0, 6], "car_4724": [0, 5], "car_4725": [8, 2], "car_1398": [5, 3], "car_1399": [6, 0], "car_4720": [2, 4], "car_4721": [5, 1], "car_4722": [6, 0], "car_4723": [9, 0], "car_1392": [11, 0], "car_1393": [1, 7], "car_1390": [3, 4], "car_1391": [8, 0], "car_1396": [10, 6], "car_1397": [2, 5], "car_1394": [4, 5], "car_1395": [7, 1], "car_3862": [1, 6], "car_4915": [7, 1], "car_2598": [0, 3], "car_3544": [7, 4], "car_3404": [2, 1], "car_930": [5, 3], "car_931": [9, 3], "car_932": [3, 4], "car_933": [8, 2], "car_934": [11, 0], "car_935": [1, 2], "car_936": [4, 3], "car_937": [7, 2], "car_938": [10, 0], "car_939": [2, 6], "car_2773": [6, 1], "car_2772": [5, 7], "car_2775": [3, 7], "car_2774": [9, 5], "car_2777": [11, 7], "car_2776": [8, 1], "car_6": [5, 4], "car_7": [6, 5], "car_4": [7, 4], "car_5": [10, 3], "car_2": [11, 7], "car_3": [4, 1], "car_1178": [3, 6], "car_1": [8, 2], "car_1176": [6, 0], "car_1177": [9, 1], "car_1174": [2, 3], "car_1175": [5, 3], "car_1172": [7, 0], "car_1173": [10, 2], "car_8": [0, 2], "car_9": [8, 6], "car_3869": [1, 2], "car_3829": [8, 0], "car_3746": [2, 7], "car_3513": [0, 4], "car_3904": [4, 2], "car_3807": [5, 3], "car_3898": [9, 0], "car_3908": [9, 7], "car_4912": [11, 1], "car_4610": [2, 6], "car_3826": [9, 4], "car_3827": [0, 2], "car_2809": [7, 6], "car_2808": [4, 3], "car_2559": [9, 1], "car_2558": [6, 3], "car_3820": [1, 7], "car_3821": [4, 0], "car_2555": [7, 3], "car_2554": [1, 2], "car_2557": [2, 4], "car_2556": [10, 0], "car_2551": [5, 3], "car_2550": [10, 0], "car_2553": [3, 1], "car_2552": [9, 7], "car_3556": [6, 5], "car_3557": [9, 5], "car_3554": [4, 1], "car_3555": [5, 3], "car_3552": [11, 2], "car_3553": [1, 0], "car_3550": [3, 4], "car_3551": [8, 4], "car_4911": [8, 7], "car_3902": [11, 4], "car_3558": [0, 5], "car_3559": [3, 0], "car_1774": [8, 7], "car_1775": [11, 6], "car_1776": [1, 3], "car_1777": [4, 6], "car_1770": [5, 6], "car_1771": [6, 7], "car_1772": [9, 7], "car_1773": [0, 4], "car_3744": [1, 7], "car_4913": [1, 0], "car_1778": [7, 0], "car_1779": [10, 7], "car_98": [1, 0], "car_99": [4, 3], "car_3950": [8, 7], "car_3951": [11, 3], "car_3956": [5, 6], "car_3957": [0, 5], "car_3954": [10, 1], "car_3955": [2, 5], "car_90": [4, 1], "car_91": [10, 1], "car_92": [2, 1], "car_93": [5, 0], "car_94": [6, 7], "car_95": [3, 1], "car_96": [8, 6], "car_97": [11, 3], "car_596": [6, 4], "car_597": [9, 2], "car_594": [2, 1], "car_595": [5, 6], "car_592": [7, 6], "car_593": [10, 3], "car_590": [1, 2], "car_591": [4, 2], "car_3500": [4, 6], "car_3733": [0, 1], "car_3730": [5, 7], "car_3731": [6, 0], "car_3736": [4, 2], "car_3737": [10, 7], "car_598": [0, 4], "car_599": [3, 2], "car_848": [9, 6], "car_849": [0, 2], "car_2391": [2, 4], "car_2390": [10, 1], "car_2397": [4, 6], "car_2396": [1, 6], "car_2395": [8, 3], "car_2394": [3, 1], "car_840": [3, 4], "car_841": [8, 1], "car_842": [11, 6], "car_843": [1, 2], "car_844": [7, 5], "car_845": [2, 1], "car_846": [5, 2], "car_847": [6, 4], "car_1608": [7, 3], "car_1609": [10, 7], "car_2153": [5, 6], "car_2152": [2, 4], "car_2155": [3, 7], "car_2154": [0, 2], "car_2157": [11, 7], "car_2156": [8, 2], "car_1600": [2, 0], "car_1601": [5, 2], "car_1602": [6, 3], "car_1603": [9, 0], "car_1604": [0, 2], "car_1605": [3, 1], "car_1606": [8, 5], "car_1607": [4, 2], "car_4500": [1, 5], "car_4404": [10, 2], "car_2369": [1, 4], "car_4955": [11, 0], "car_3765": [0, 2], "car_3538": [9, 5], "car_4389": [2, 4], "car_4677": [0, 7], "car_3764": [9, 6], "car_3767": [4, 5], "car_3766": [1, 3], "car_3620": [1, 7], "car_2362": [4, 5], "car_3608": [7, 5], "car_2363": [2, 1], "car_3606": [11, 6], "car_3607": [1, 2], "car_3604": [3, 5], "car_3605": [8, 1], "car_3602": [5, 6], "car_3603": [0, 7], "car_3600": [10, 4], "car_3601": [2, 3], "car_444": [5, 4], "car_445": [6, 7], "car_446": [0, 4], "car_447": [3, 7], "car_440": [4, 2], "car_441": [7, 3], "car_442": [10, 1], "car_443": [2, 7], "car_3892": [11, 1], "car_448": [1, 3], "car_449": [2, 1], "car_2717": [0, 1], "car_2716": [9, 0], "car_3210": [9, 1], "car_4578": [9, 6], "car_4826": [4, 3], "car_2715": [6, 2], "car_2201": [6, 4], "car_2714": [5, 3], "car_2200": [2, 3], "car_5000": [4, 1], "car_2713": [2, 1], "car_4640": [8, 2], "car_2712": [10, 3], "car_2711": [7, 3], "car_4825": [1, 7], "car_2710": [4, 6], "car_3405": [5, 4], "car_3044": [6, 7], "car_3045": [9, 6], "car_3046": [3, 2], "car_3047": [1, 7], "car_3040": [1, 2], "car_3041": [4, 3], "car_3042": [10, 7], "car_3043": [2, 3], "car_3623": [6, 4], "car_4849": [6, 7], "car_3048": [4, 7], "car_3049": [7, 3], "car_2209": [5, 4], "car_3534": [4, 2], "car_4554": [3, 1], "car_2208": [2, 5], "car_4553": [9, 5], "car_4989": [1, 5], "car_4450": [2, 5], "car_4063": [3, 0], "car_3897": [6, 4], "car_4418": [8, 6], "car_4419": [11, 0], "car_4323": [4, 7], "car_3599": [7, 0], "car_3535": [10, 1], "car_3663": [7, 0], "car_4575": [1, 7], "car_4823": [8, 7], "car_2324": [9, 5], "car_4386": [1, 2], "car_4122": [3, 6], "car_695": [1, 5], "car_694": [8, 5], "car_697": [10, 5], "car_696": [4, 5], "car_691": [6, 2], "car_690": [5, 7], "car_693": [3, 0], "car_692": [9, 1], "car_4412": [7, 0], "car_699": [5, 1], "car_698": [2, 6], "car_4413": [10, 0], "car_4520": [6, 2], "car_4679": [8, 7], "car_4574": [11, 3], "car_4822": [3, 5], "car_3810": [1, 3], "car_3479": [11, 3], "car_4123": [8, 6], "car_3876": [4, 1], "car_4845": [4, 6], "car_4577": [10, 0], "car_4821": [9, 4], "car_3478": [0, 6], "car_4829": [2, 5], "car_3894": [4, 2], "car_4525": [7, 4], "car_2399": [10, 3], "car_4576": [4, 7], "car_4820": [6, 7], "car_4970": [7, 0], "car_4603": [0, 2], "car_4602": [9, 0], "car_4601": [6, 0], "car_4600": [5, 7], "car_4607": [1, 6], "car_4606": [11, 4], "car_4605": [8, 4], "car_4604": [3, 4], "car_4609": [10, 2], "car_4608": [4, 3], "car_4571": [6, 4], "car_4451": [5, 2], "car_4995": [9, 1], "car_4939": [7, 1], "car_4938": [1, 3], "car_3571": [7, 0], "car_4288": [8, 0], "car_4287": [3, 1], "car_4286": [0, 1], "car_4285": [6, 4], "car_4284": [2, 3], "car_4283": [4, 1], "car_4282": [1, 3], "car_4281": [11, 4], "car_4280": [0, 3], "car_1943": [7, 6], "car_1942": [4, 6], "car_279": [11, 5], "car_278": [8, 0], "car_1947": [9, 3], "car_1946": [5, 6], "car_1945": [2, 0], "car_1944": [10, 0], "car_273": [10, 5], "car_272": [4, 6], "car_271": [11, 0], "car_270": [8, 4], "car_277": [3, 1], "car_276": [0, 1], "car_275": [9, 6], "car_274": [5, 2], "car_2946": [1, 7], "car_1925": [5, 4], "car_2944": [8, 7], "car_2945": [11, 0], "car_2942": [9, 1], "car_2943": [3, 2], "car_1549": [10, 6], "car_1548": [7, 3], "car_1547": [4, 2], "car_1546": [3, 5], "car_1545": [0, 2], "car_1544": [9, 6], "car_1543": [6, 5], "car_1542": [5, 1], "car_1541": [2, 7], "car_1540": [7, 3], "car_4737": [2, 7], "car_4736": [10, 7], "car_3762": [5, 2], "car_4734": [11, 0], "car_1389": [0, 7], "car_1388": [9, 5], "car_4731": [0, 3], "car_4730": [6, 2], "car_1385": [2, 7], "car_1384": [7, 4], "car_1387": [6, 3], "car_1386": [5, 3], "car_1381": [8, 2], "car_1380": [3, 1], "car_1383": [4, 1], "car_1382": [11, 6], "car_4572": [9, 2], "car_3742": [8, 6], "car_307": [3, 1], "car_306": [0, 3], "car_305": [5, 7], "car_304": [10, 2], "car_303": [1, 2], "car_302": [11, 6], "car_301": [3, 2], "car_300": [0, 7], "car_804": [10, 5], "car_309": [11, 3], "car_308": [8, 0], "car_3752": [4, 5], "car_3435": [3, 7], "car_909": [8, 7], "car_908": [0, 1], "car_3434": [0, 7], "car_905": [5, 0], "car_904": [2, 6], "car_907": [9, 3], "car_906": [6, 1], "car_901": [4, 6], "car_900": [8, 6], "car_903": [10, 2], "car_902": [7, 3], "car_1161": [8, 2], "car_1160": [0, 3], "car_1163": [7, 3], "car_1162": [1, 0], "car_1165": [2, 5], "car_1164": [10, 4], "car_1167": [6, 0], "car_1166": [5, 7], "car_1169": [11, 5], "car_1168": [0, 7], "car_4421": [10, 4], "car_4420": [7, 5], "car_4427": [8, 6], "car_4426": [3, 4], "car_3753": [7, 1], "car_3539": [0, 3], "car_4569": [2, 6], "car_3925": [2, 6], "car_3889": [9, 5], "car_3924": [7, 4], "car_4907": [2, 6], "car_2432": [8, 6], "car_2433": [11, 2], "car_2430": [9, 2], "car_3549": [0, 1], "car_3548": [9, 1], "car_2322": [5, 3], "car_2431": [3, 7], "car_2838": [0, 6], "car_2839": [3, 0], "car_2836": [6, 0], "car_2436": [10, 2], "car_2834": [2, 5], "car_2835": [5, 0], "car_2832": [4, 3], "car_2833": [10, 3], "car_2830": [8, 1], "car_2437": [2, 4], "car_2010": [1, 0], "car_2011": [10, 1], "car_2012": [2, 3], "car_2013": [5, 4], "car_2014": [9, 6], "car_2015": [8, 7], "car_2016": [11, 6], "car_2017": [1, 0], "car_2018": [7, 4], "car_2019": [5, 1], "car_4024": [6, 2], "car_2435": [4, 5], "car_3732": [9, 7], "car_87": [5, 0], "car_86": [7, 6], "car_85": [4, 1], "car_84": [11, 0], "car_83": [8, 5], "car_82": [3, 4], "car_81": [9, 7], "car_80": [6, 1], "car_4444": [3, 5], "car_3249": [9, 4], "car_2001": [0, 3], "car_89": [1, 7], "car_88": [9, 5], "car_3945": [2, 4], "car_3944": [7, 6], "car_3947": [6, 4], "car_2000": [9, 5], "car_2498": [2, 7], "car_2499": [5, 6], "car_3943": [8, 2], "car_3942": [0, 1], "car_2494": [1, 5], "car_2495": [4, 2], "car_2496": [7, 5], "car_2497": [10, 7], "car_2490": [2, 3], "car_2491": [5, 4], "car_2492": [6, 2], "car_2493": [0, 7], "car_875": [11, 6], "car_874": [3, 2], "car_877": [2, 3], "car_876": [4, 6], "car_871": [2, 5], "car_870": [10, 6], "car_873": [0, 3], "car_872": [6, 3], "car_3228": [6, 4], "car_3242": [1, 6], "car_3727": [4, 6], "car_1694": [6, 4], "car_879": [6, 2], "car_878": [5, 0], "car_3723": [0, 4], "car_3243": [4, 6], "car_1752": [3, 7], "car_4613": [3, 4], "car_1753": [11, 1], "car_4614": [8, 0], "car_1699": [10, 5], "car_2124": [1, 6], "car_2125": [4, 7], "car_1619": [6, 0], "car_1618": [5, 2], "car_2120": [5, 3], "car_2121": [9, 6], "car_2122": [3, 1], "car_2123": [8, 5], "car_1613": [8, 1], "car_1612": [3, 6], "car_1611": [0, 3], "car_1610": [6, 1], "car_1617": [10, 5], "car_1616": [7, 4], "car_1615": [1, 7], "car_1614": [11, 3], "car_3839": [7, 2], "car_3838": [1, 3], "car_1754": [1, 6], "car_3831": [4, 1], "car_3830": [1, 2], "car_3833": [10, 4], "car_1755": [4, 0], "car_3835": [9, 3], "car_3834": [5, 7], "car_3837": [8, 3], "car_3836": [3, 4], "car_4441": [2, 7], "car_2767": [3, 6], "car_3653": [3, 2], "car_3611": [6, 5], "car_3610": [5, 4], "car_3613": [11, 0], "car_3612": [9, 3], "car_3615": [7, 1], "car_3614": [1, 4], "car_3617": [5, 7], "car_3616": [10, 6], "car_2323": [6, 1], "car_3618": [3, 6], "car_4208": [5, 7], "car_471": [8, 2], "car_470": [3, 5], "car_473": [1, 7], "car_472": [11, 0], "car_475": [7, 2], "car_474": [4, 1], "car_477": [6, 0], "car_476": [2, 3], "car_479": [0, 6], "car_478": [9, 6], "car_2232": [3, 0], "car_2233": [8, 6], "car_2234": [4, 7], "car_2235": [10, 7], "car_2236": [2, 4], "car_2237": [5, 7], "car_4534": [11, 5], "car_4443": [6, 2], "car_2769": [1, 5], "car_2765": [2, 0], "car_4719": [10, 1], "car_4649": [8, 5], "car_4741": [0, 4], "car_5005": [6, 1], "car_2038": [1, 7], "car_2709": [11, 3], "car_3229": [9, 6], "car_3057": [10, 7], "car_3056": [4, 6], "car_2762": [4, 6], "car_3054": [3, 2], "car_3053": [0, 5], "car_3052": [9, 7], "car_3051": [6, 0], "car_3050": [10, 3], "car_3059": [9, 5], "car_3058": [5, 1], "car_3997": [9, 6], "car_3303": [8, 5], "car_2039": [4, 7], "car_3809": [11, 7], "car_2763": [7, 2], "car_1819": [2, 1], "car_4647": [0, 7], "car_4659": [8, 1], "car_1818": [10, 5], "car_4928": [1, 5], "car_4102": [0, 4], "car_4530": [9, 1], "car_4454": [3, 2], "car_2386": [3, 2], "car_4909": [6, 2], "car_682": [10, 7], "car_683": [2, 7], "car_680": [11, 1], "car_681": [4, 2], "car_686": [3, 2], "car_687": [11, 7], "car_684": [5, 0], "car_685": [0, 5], "car_688": [1, 0], "car_689": [4, 7], "car_4870": [0, 1], "car_4922": [10, 6], "car_4179": [11, 1], "car_4382": [6, 1], "car_2481": [2, 7], "car_4923": [2, 7], "car_2761": [1, 0], "car_4920": [11, 6], "car_3540": [3, 0], "car_3282": [6, 2], "car_4921": [7, 3], "car_3283": [9, 3], "car_1815": [8, 3], "car_3280": [2, 4], "car_1814": [3, 6], "car_3621": [2, 4], "car_3281": [5, 1], "car_4924": [5, 0], "car_3286": [11, 5], "car_4925": [9, 7], "car_3543": [4, 3], "car_4019": [11, 7], "car_2388": [1, 4], "car_3287": [1, 3], "car_4665": [5, 7], "car_3284": [0, 5], "car_4664": [10, 3], "car_3285": [8, 5], "car_4667": [9, 3], "car_4666": [6, 3], "car_4108": [7, 1], "car_3542": [11, 6], "car_2389": [7, 4], "car_3288": [4, 7], "car_4560": [6, 4], "car_4109": [10, 0], "car_4636": [6, 1], "car_4637": [9, 6], "car_4634": [2, 1], "car_3289": [7, 4], "car_1670": [1, 0], "car_1956": [2, 3], "car_4630": [8, 4], "car_4631": [11, 2], "car_3302": [9, 6], "car_1957": [5, 4], "car_4638": [0, 4], "car_3324": [5, 7], "car_1958": [6, 2], "car_1959": [9, 0], "car_3545": [2, 0], "car_4716": [11, 5], "car_4106": [1, 3], "car_2003": [4, 0], "car_4107": [4, 2], "car_3858": [9, 7], "car_4100": [5, 3], "car_4101": [9, 6], "car_268": [6, 1], "car_269": [3, 0], "car_1974": [2, 3], "car_1975": [5, 7], "car_1972": [7, 0], "car_1973": [10, 2], "car_1970": [8, 2], "car_1971": [4, 6], "car_260": [9, 1], "car_261": [0, 4], "car_262": [3, 6], "car_263": [8, 7], "car_264": [11, 3], "car_265": [1, 7], "car_266": [7, 5], "car_267": [5, 7], "car_1572": [3, 7], "car_1573": [8, 1], "car_1570": [9, 5], "car_1571": [0, 5], "car_1576": [7, 5], "car_1577": [2, 0], "car_1574": [11, 1], "car_1575": [4, 2], "car_4250": [6, 1], "car_4251": [0, 3], "car_1578": [6, 7], "car_1579": [0, 3], "car_4254": [11, 6], "car_2971": [3, 1], "car_4256": [7, 1], "car_4257": [10, 0], "car_1370": [9, 1], "car_1371": [0, 5], "car_1372": [3, 6], "car_1373": [8, 5], "car_1374": [11, 3], "car_1375": [10, 4], "car_1376": [5, 6], "car_1377": [6, 5], "car_1378": [9, 0], "car_1379": [0, 3], "car_3014": [5, 6], "car_3254": [4, 5], "car_2600": [8, 6], "car_4459": [2, 5], "car_2975": [6, 4], "car_3992": [8, 7], "car_2974": [7, 0], "car_3993": [11, 5], "car_314": [2, 4], "car_315": [5, 1], "car_316": [6, 2], "car_317": [9, 3], "car_310": [1, 7], "car_311": [4, 0], "car_312": [7, 1], "car_313": [10, 4], "car_318": [0, 6], "car_319": [3, 7], "car_4388": [7, 5], "car_4119": [6, 1], "car_918": [10, 6], "car_919": [2, 0], "car_2719": [4, 1], "car_2718": [8, 2], "car_912": [10, 2], "car_913": [6, 1], "car_910": [4, 0], "car_911": [7, 4], "car_916": [4, 2], "car_917": [7, 6], "car_914": [0, 1], "car_915": [8, 3], "car_1114": [1, 0], "car_1115": [4, 0], "car_1116": [10, 5], "car_1117": [2, 1], "car_1110": [6, 5], "car_1111": [9, 1], "car_1112": [0, 5], "car_1113": [11, 7], "car_4416": [0, 6], "car_4417": [3, 4], "car_4414": [2, 5], "car_4415": [5, 1], "car_1118": [5, 7], "car_1119": [6, 3], "car_4410": [1, 3], "car_4411": [4, 1], "car_1284": [8, 3], "car_1285": [11, 0], "car_1286": [1, 3], "car_1287": [7, 6], "car_1280": [5, 4], "car_1281": [6, 0], "car_1282": [9, 3], "car_1283": [0, 3], "car_3458": [9, 3], "car_2130": [0, 4], "car_1288": [5, 3], "car_1289": [6, 4], "car_4712": [10, 2], "car_2959": [6, 7], "car_2958": [5, 4], "car_4688": [3, 2], "car_2951": [0, 1], "car_2950": [6, 1], "car_2953": [11, 1], "car_2952": [3, 0], "car_2955": [4, 3], "car_2954": [1, 7], "car_2957": [2, 4], "car_2956": [7, 4], "car_2821": [0, 7], "car_2820": [9, 3], "car_1744": [11, 5], "car_2822": [3, 6], "car_2825": [4, 2], "car_2824": [11, 3], "car_2827": [10, 2], "car_2826": [7, 6], "car_2829": [6, 0], "car_2828": [5, 6], "car_3536": [5, 3], "car_3537": [6, 1], "car_3530": [0, 7], "car_3531": [3, 2], "car_3532": [8, 7], "car_3533": [11, 3], "car_1028": [6, 7], "car_1029": [9, 1], "car_1758": [2, 4], "car_1759": [5, 1], "car_2007": [9, 2], "car_2006": [5, 0], "car_2005": [10, 5], "car_2004": [7, 2], "car_1020": [0, 6], "car_1021": [3, 5], "car_1022": [11, 0], "car_1023": [1, 3], "car_1024": [4, 3], "car_1025": [7, 0], "car_1026": [10, 2], "car_1027": [2, 3], "car_1598": [11, 5], "car_1599": [7, 2], "car_4680": [11, 5], "car_1590": [1, 0], "car_1591": [4, 6], "car_1592": [7, 2], "car_1593": [10, 6], "car_1594": [5, 7], "car_1595": [9, 6], "car_1596": [0, 7], "car_1597": [3, 4], "car_2489": [7, 2], "car_2488": [4, 2], "car_2487": [1, 2], "car_2486": [11, 2], "car_2485": [8, 5], "car_2484": [3, 7], "car_2483": [0, 5], "car_2482": [5, 1], "car_1746": [10, 1], "car_2480": [10, 3], "car_862": [7, 2], "car_863": [5, 3], "car_860": [1, 7], "car_861": [4, 7], "car_866": [8, 7], "car_867": [11, 4], "car_864": [0, 4], "car_865": [3, 5], "car_868": [4, 5], "car_869": [7, 2], "car_4887": [6, 7], "car_3440": [5, 7], "car_3441": [6, 3], "car_3442": [9, 3], "car_3443": [0, 2], "car_3444": [8, 3], "car_3445": [7, 2], "car_3446": [10, 2], "car_3447": [5, 7], "car_3448": [9, 5], "car_3449": [8, 5], "car_3994": [1, 2], "car_3995": [4, 2], "car_1741": [0, 2], "car_3846": [11, 3], "car_3990": [0, 3], "car_3991": [3, 6], "car_2137": [0, 7], "car_2136": [5, 7], "car_2135": [2, 6], "car_2134": [10, 1], "car_2133": [4, 3], "car_2132": [1, 3], "car_1628": [10, 3], "car_1629": [2, 6], "car_1626": [4, 0], "car_1627": [7, 3], "car_1624": [11, 2], "car_1625": [1, 6], "car_1622": [3, 6], "car_1623": [8, 7], "car_1620": [9, 0], "car_1621": [0, 6], "car_3848": [4, 3], "car_3849": [7, 5], "car_4977": [5, 1], "car_3844": [3, 7], "car_3845": [8, 1], "car_1740": [9, 3], "car_3847": [1, 6], "car_3840": [2, 4], "car_3841": [6, 1], "car_3842": [9, 4], "car_3843": [0, 5]}