{"car_2009": [4, 6], "car_468": [3, 2], "car_469": [11, 2], "car_466": [0, 2], "car_467": [3, 2], "car_464": [5, 7], "car_465": [6, 7], "car_462": [1, 2], "car_463": [7, 4], "car_460": [1, 3], "car_461": [4, 1], "car_817": [8, 3], "car_816": [0, 2], "car_815": [10, 1], "car_814": [7, 6], "car_813": [11, 4], "car_812": [8, 6], "car_2072": [5, 2], "car_811": [2, 0], "car_2073": [6, 5], "car_810": [10, 2], "car_679": [6, 4], "car_678": [1, 7], "car_677": [6, 0], "car_676": [7, 2], "car_675": [1, 3], "car_674": [3, 7], "car_673": [5, 0], "car_672": [2, 3], "car_671": [10, 7], "car_670": [4, 3], "car_2078": [6, 7], "car_2079": [9, 5], "car_789": [3, 1], "car_788": [10, 2], "car_783": [5, 7], "car_782": [11, 5], "car_781": [3, 7], "car_780": [0, 5], "car_787": [7, 2], "car_786": [11, 5], "car_785": [0, 4], "car_784": [6, 5], "car_0": [3, 1], "car_1179": [3, 6], "car_255": [9, 4], "car_254": [6, 7], "car_257": [11, 2], "car_256": [0, 6], "car_251": [11, 2], "car_250": [9, 6], "car_253": [5, 2], "car_252": [1, 6], "car_1961": [6, 4], "car_1960": [10, 4], "car_1963": [8, 1], "car_1962": [5, 3], "car_259": [0, 3], "car_258": [2, 6], "car_1967": [5, 1], "car_1966": [2, 6], "car_1170": [10, 4], "car_1171": [0, 5], "car_1565": [0, 5], "car_1564": [10, 2], "car_1567": [10, 7], "car_1566": [11, 2], "car_1561": [10, 3], "car_1560": [1, 4], "car_1563": [9, 5], "car_1562": [5, 6], "car_1569": [7, 4], "car_1568": [6, 0], "car_1413": [5, 2], "car_1363": [3, 7], "car_1362": [1, 6], "car_1361": [8, 0], "car_1360": [10, 3], "car_1367": [3, 5], "car_1366": [10, 0], "car_1365": [1, 4], "car_1364": [11, 7], "car_1369": [1, 4], "car_1368": [8, 7], "car_321": [7, 5], "car_320": [3, 0], "car_323": [9, 4], "car_322": [2, 5], "car_325": [7, 5], "car_324": [1, 4], "car_327": [8, 4], "car_326": [5, 1], "car_329": [1, 5], "car_328": [11, 6], "car_1107": [11, 5], "car_1106": [8, 6], "car_1105": [5, 0], "car_1104": [10, 4], "car_1103": [4, 6], "car_1102": [1, 5], "car_1101": [11, 4], "car_1100": [8, 0], "car_1109": [5, 6], "car_1108": [2, 6], "car_1297": [6, 2], "car_1296": [5, 6], "car_1295": [4, 3], "car_1294": [1, 0], "car_1293": [11, 0], "car_1292": [9, 7], "car_1291": [5, 4], "car_1290": [11, 1], "car_1299": [0, 6], "car_1298": [9, 7], "car_2036": [6, 3], "car_2037": [9, 3], "car_1039": [5, 3], "car_1038": [9, 0], "car_1749": [4, 5], "car_1748": [11, 7], "car_2030": [5, 1], "car_2031": [0, 3], "car_1033": [9, 3], "car_1032": [8, 4], "car_1031": [10, 4], "car_1030": [0, 2], "car_1037": [6, 2], "car_1036": [7, 5], "car_1035": [4, 5], "car_1034": [0, 3], "car_1589": [9, 4], "car_1588": [2, 1], "car_1583": [1, 0], "car_1582": [0, 7], "car_1581": [6, 1], "car_1580": [5, 3], "car_1587": [10, 6], "car_1586": [7, 3], "car_1585": [9, 1], "car_1584": [10, 6], "car_1852": [5, 7], "car_1906": [8, 1], "car_899": [9, 4], "car_898": [2, 5], "car_897": [10, 5], "car_896": [7, 1], "car_895": [8, 3], "car_894": [3, 0], "car_893": [5, 7], "car_892": [2, 1], "car_891": [11, 1], "car_890": [3, 6], "car_2108": [5, 4], "car_2109": [9, 1], "car_2102": [11, 7], "car_2103": [5, 6], "car_2100": [10, 1], "car_2101": [8, 3], "car_2106": [4, 1], "car_2107": [7, 3], "car_2104": [3, 6], "car_2105": [1, 4], "car_1631": [10, 3], "car_1630": [1, 7], "car_1633": [6, 7], "car_1632": [5, 0], "car_1635": [3, 7], "car_1634": [0, 5], "car_1637": [4, 6], "car_1636": [8, 5], "car_1639": [6, 3], "car_1638": [5, 6], "car_1751": [9, 4], "car_1756": [1, 4], "car_419": [4, 7], "car_418": [3, 4], "car_413": [6, 4], "car_412": [2, 4], "car_411": [0, 6], "car_410": [6, 5], "car_417": [10, 5], "car_416": [11, 1], "car_415": [3, 4], "car_414": [9, 6], "car_1679": [2, 5], "car_1678": [1, 2], "car_527": [10, 7], "car_526": [7, 1], "car_525": [9, 5], "car_524": [2, 6], "car_523": [10, 5], "car_522": [7, 1], "car_521": [4, 5], "car_520": [3, 6], "car_1671": [6, 2], "car_1889": [2, 7], "car_529": [1, 6], "car_528": [5, 1], "car_1884": [6, 1], "car_1885": [9, 3], "car_668": [3, 6], "car_669": [8, 1], "car_664": [2, 1], "car_665": [5, 2], "car_666": [6, 3], "car_667": [9, 6], "car_660": [10, 0], "car_661": [5, 1], "car_662": [11, 6], "car_663": [1, 2], "car_1854": [7, 2], "car_798": [8, 2], "car_799": [4, 1], "car_790": [11, 6], "car_791": [1, 4], "car_792": [4, 1], "car_793": [7, 1], "car_794": [10, 2], "car_795": [9, 1], "car_796": [0, 6], "car_797": [3, 5], "car_242": [4, 5], "car_243": [7, 2], "car_240": [4, 5], "car_241": [11, 0], "car_246": [11, 0], "car_247": [7, 6], "car_244": [2, 1], "car_245": [0, 2], "car_1914": [0, 7], "car_1915": [1, 0], "car_248": [5, 0], "car_249": [6, 3], "car_1910": [11, 6], "car_1911": [1, 3], "car_1912": [2, 4], "car_1913": [5, 4], "car_1356": [7, 2], "car_1357": [6, 4], "car_1354": [2, 1], "car_1355": [11, 5], "car_1352": [8, 0], "car_1353": [10, 0], "car_1350": [3, 5], "car_1351": [2, 3], "car_1358": [8, 6], "car_1359": [11, 3], "car_1831": [11, 2], "car_1820": [10, 2], "car_1821": [5, 0], "car_1822": [11, 6], "car_1823": [4, 0], "car_1824": [7, 3], "car_1825": [10, 0], "car_338": [0, 4], "car_339": [8, 1], "car_336": [7, 2], "car_337": [10, 5], "car_334": [8, 0], "car_335": [4, 6], "car_332": [9, 4], "car_333": [3, 2], "car_330": [2, 5], "car_331": [5, 2], "car_1138": [3, 7], "car_1139": [1, 4], "car_1132": [3, 0], "car_1133": [8, 1], "car_1130": [2, 7], "car_1131": [6, 4], "car_1136": [10, 3], "car_1137": [5, 7], "car_1134": [11, 0], "car_1135": [1, 6], "car_1839": [4, 7], "car_1838": [7, 3], "car_2029": [2, 5], "car_2028": [7, 6], "car_2021": [0, 4], "car_2020": [10, 3], "car_2023": [7, 4], "car_2022": [4, 6], "car_2025": [3, 7], "car_2024": [10, 0], "car_2027": [1, 0], "car_2026": [8, 6], "car_1008": [4, 0], "car_1009": [7, 0], "car_1006": [6, 0], "car_1007": [0, 4], "car_1004": [0, 6], "car_1005": [5, 0], "car_1002": [4, 0], "car_1003": [7, 5], "car_1000": [0, 5], "car_1001": [3, 1], "car_1924": [0, 4], "car_36": [6, 3], "car_37": [0, 1], "car_34": [3, 2], "car_35": [10, 1], "car_888": [10, 6], "car_889": [5, 7], "car_30": [9, 1], "car_31": [0, 5], "car_884": [6, 4], "car_885": [3, 7], "car_886": [11, 1], "car_887": [7, 1], "car_880": [4, 2], "car_881": [6, 7], "car_882": [0, 5], "car_883": [5, 0], "car_2119": [3, 0], "car_2118": [0, 4], "car_2115": [8, 7], "car_2114": [2, 5], "car_2117": [9, 2], "car_2116": [11, 6], "car_2111": [9, 2], "car_2110": [8, 3], "car_2113": [4, 7], "car_2112": [11, 3], "car_1644": [9, 1], "car_1645": [10, 0], "car_1646": [5, 4], "car_1647": [0, 7], "car_1640": [0, 5], "car_1641": [3, 0], "car_1642": [8, 0], "car_1643": [1, 0], "car_1648": [3, 5], "car_1649": [8, 4], "car_2159": [10, 7], "car_2158": [8, 0], "car_408": [11, 2], "car_409": [7, 6], "car_2203": [0, 2], "car_2202": [6, 4], "car_2205": [1, 6], "car_2204": [3, 0], "car_2207": [6, 7], "car_2206": [7, 4], "car_400": [3, 1], "car_401": [5, 7], "car_402": [0, 1], "car_403": [3, 0], "car_404": [4, 3], "car_405": [7, 1], "car_406": [10, 2], "car_407": [8, 4], "car_1769": [5, 1], "car_534": [2, 0], "car_535": [9, 0], "car_536": [11, 6], "car_537": [10, 1], "car_530": [4, 0], "car_531": [7, 3], "car_532": [5, 3], "car_533": [0, 1], "car_538": [6, 4], "car_539": [0, 3], "car_659": [4, 3], "car_658": [1, 7], "car_651": [10, 1], "car_650": [4, 7], "car_653": [10, 5], "car_652": [5, 1], "car_655": [6, 4], "car_654": [2, 0], "car_657": [11, 0], "car_656": [8, 0], "car_1929": [1, 7], "car_2195": [9, 1], "car_2194": [6, 4], "car_1764": [3, 0], "car_2197": [6, 5], "car_2196": [11, 3], "car_2191": [1, 7], "car_1928": [8, 7], "car_2190": [0, 7], "car_2193": [2, 7], "car_1909": [3, 5], "car_1908": [6, 4], "car_1907": [11, 2], "car_1763": [2, 3], "car_1905": [0, 6], "car_1904": [2, 6], "car_1903": [7, 6], "car_1902": [9, 2], "car_1901": [5, 7], "car_1900": [2, 7], "car_1349": [9, 2], "car_1348": [5, 2], "car_1762": [7, 2], "car_1341": [2, 5], "car_1340": [4, 2], "car_1343": [8, 5], "car_1342": [0, 3], "car_1345": [0, 4], "car_1344": [6, 3], "car_1347": [2, 3], "car_1346": [7, 3], "car_1833": [3, 0], "car_1832": [1, 0], "car_349": [11, 4], "car_348": [3, 2], "car_1837": [3, 5], "car_1836": [6, 2], "car_1835": [7, 6], "car_1834": [1, 6], "car_343": [11, 1], "car_342": [9, 5], "car_341": [7, 5], "car_340": [4, 2], "car_347": [9, 2], "car_346": [2, 6], "car_345": [10, 1], "car_344": [4, 7], "car_1129": [1, 2], "car_1128": [6, 0], "car_1125": [1, 5], "car_1124": [9, 2], "car_1127": [5, 4], "car_1126": [7, 3], "car_1121": [8, 6], "car_1120": [7, 0], "car_1123": [6, 7], "car_1122": [10, 6], "car_1402": [0, 7], "car_1403": [2, 1], "car_1400": [6, 4], "car_1401": [9, 0], "car_1406": [5, 3], "car_1407": [3, 2], "car_1404": [7, 4], "car_1405": [2, 7], "car_2058": [9, 5], "car_2059": [1, 5], "car_2054": [8, 1], "car_2055": [11, 1], "car_2056": [1, 5], "car_2057": [2, 0], "car_2050": [10, 5], "car_2051": [2, 3], "car_2052": [0, 3], "car_2053": [3, 6], "car_1011": [9, 2], "car_1010": [6, 5], "car_1013": [7, 2], "car_1012": [3, 0], "car_1015": [5, 6], "car_1014": [10, 4], "car_1017": [11, 0], "car_1016": [3, 0], "car_1019": [0, 4], "car_1018": [9, 7], "car_25": [7, 4], "car_24": [9, 0], "car_27": [9, 1], "car_26": [5, 7], "car_21": [0, 7], "car_20": [9, 2], "car_23": [11, 7], "car_22": [8, 6], "car_29": [1, 4], "car_28": [11, 0], "car_1657": [0, 7], "car_1656": [11, 7], "car_1655": [8, 1], "car_1654": [2, 6], "car_1653": [10, 3], "car_1652": [1, 7], "car_1651": [8, 4], "car_1650": [5, 1], "car_1659": [8, 7], "car_1658": [3, 6], "car_1969": [11, 2], "car_1843": [0, 5], "car_435": [0, 5], "car_434": [9, 3], "car_437": [8, 1], "car_436": [3, 6], "car_431": [1, 4], "car_430": [11, 2], "car_433": [7, 5], "car_432": [4, 5], "car_1846": [6, 7], "car_439": [0, 2], "car_438": [1, 4], "car_1847": [7, 2], "car_1845": [8, 4], "car_1848": [6, 3], "car_1968": [8, 6], "car_1849": [9, 6], "car_1965": [10, 1], "car_1964": [1, 7], "car_501": [7, 6], "car_500": [1, 2], "car_503": [2, 5], "car_502": [10, 5], "car_505": [11, 2], "car_504": [3, 5], "car_507": [11, 7], "car_506": [10, 0], "car_509": [4, 2], "car_508": [1, 4], "car_1745": [11, 3], "car_646": [7, 4], "car_647": [10, 1], "car_644": [8, 4], "car_645": [10, 0], "car_642": [9, 6], "car_643": [0, 2], "car_640": [7, 1], "car_641": [5, 1], "car_648": [9, 4], "car_649": [3, 5], "car_1830": [3, 6], "car_1932": [4, 7], "car_1933": [7, 5], "car_1930": [4, 5], "car_1931": [7, 2], "car_1936": [2, 0], "car_1937": [5, 3], "car_1934": [2, 4], "car_1935": [9, 5], "car_1938": [3, 6], "car_1939": [11, 2], "car_1717": [0, 6], "car_1338": [4, 3], "car_1339": [0, 6], "car_1334": [5, 4], "car_1335": [3, 0], "car_1336": [8, 6], "car_1337": [11, 6], "car_1330": [4, 1], "car_1331": [2, 0], "car_1332": [0, 1], "car_1333": [1, 7], "car_1711": [0, 4], "car_358": [3, 2], "car_359": [11, 4], "car_1804": [6, 0], "car_1805": [9, 0], "car_1802": [4, 5], "car_1803": [2, 3], "car_1800": [5, 7], "car_1801": [9, 1], "car_350": [4, 6], "car_351": [6, 5], "car_352": [7, 3], "car_353": [9, 5], "car_354": [8, 1], "car_355": [7, 0], "car_356": [10, 5], "car_357": [2, 5], "car_1482": [1, 5], "car_1483": [10, 0], "car_1480": [9, 4], "car_1481": [8, 4], "car_1486": [7, 4], "car_1487": [8, 5], "car_1484": [2, 5], "car_1485": [6, 1], "car_1488": [4, 2], "car_1489": [7, 4], "car_1240": [5, 0], "car_1241": [6, 2], "car_1242": [0, 6], "car_1243": [8, 7], "car_1244": [7, 1], "car_1245": [8, 6], "car_1246": [7, 0], "car_1247": [8, 4], "car_1248": [1, 7], "car_1249": [4, 1], "car_1747": [8, 6], "car_1879": [8, 3], "car_2049": [11, 7], "car_2048": [3, 4], "car_2047": [9, 6], "car_2046": [4, 0], "car_2045": [1, 5], "car_2044": [11, 3], "car_2043": [8, 1], "car_2042": [6, 7], "car_2041": [10, 6], "car_2040": [4, 0], "car_1064": [10, 5], "car_1065": [9, 2], "car_1066": [3, 7], "car_1067": [7, 6], "car_1060": [10, 3], "car_1061": [5, 0], "car_1062": [11, 3], "car_1063": [4, 7], "car_1068": [2, 0], "car_1069": [6, 1], "car_1798": [5, 6], "car_1799": [11, 2], "car_10": [5, 0], "car_11": [3, 4], "car_12": [10, 7], "car_13": [2, 7], "car_14": [10, 4], "car_15": [2, 5], "car_16": [6, 5], "car_17": [9, 3], "car_18": [0, 1], "car_19": [6, 3], "car_1668": [10, 6], "car_1669": [11, 5], "car_1662": [7, 3], "car_1663": [2, 5], "car_1660": [1, 2], "car_1661": [4, 5], "car_1666": [8, 4], "car_1667": [7, 5], "car_1664": [6, 1], "car_1665": [9, 4], "car_1468": [3, 5], "car_1469": [8, 5], "car_1460": [7, 2], "car_1461": [10, 2], "car_1462": [5, 3], "car_1463": [6, 0], "car_1464": [11, 4], "car_1465": [1, 7], "car_1466": [7, 5], "car_1467": [0, 5], "car_422": [10, 0], "car_423": [2, 1], "car_420": [3, 1], "car_421": [8, 4], "car_426": [11, 3], "car_427": [10, 0], "car_424": [0, 7], "car_425": [8, 0], "car_428": [5, 1], "car_429": [6, 7], "car_2008": [8, 0], "car_518": [9, 0], "car_519": [0, 6], "car_516": [8, 6], "car_517": [1, 0], "car_514": [6, 2], "car_515": [0, 2], "car_512": [2, 7], "car_513": [5, 0], "car_510": [7, 2], "car_511": [10, 0], "car_1870": [9, 2], "car_633": [8, 7], "car_632": [0, 3], "car_631": [2, 3], "car_630": [7, 5], "car_637": [8, 3], "car_636": [0, 4], "car_635": [9, 2], "car_634": [1, 3], "car_639": [4, 5], "car_638": [11, 6], "car_189": [9, 7], "car_188": [6, 2], "car_185": [8, 0], "car_184": [7, 4], "car_187": [10, 5], "car_186": [1, 0], "car_181": [0, 4], "car_180": [9, 3], "car_183": [1, 5], "car_182": [8, 7], "car_749": [1, 0], "car_748": [11, 0], "car_747": [6, 4], "car_746": [5, 0], "car_745": [2, 4], "car_744": [10, 0], "car_743": [4, 5], "car_742": [3, 4], "car_741": [5, 3], "car_740": [3, 6], "car_2131": [3, 4], "car_299": [11, 6], "car_298": [3, 7], "car_1927": [10, 2], "car_1926": [7, 5], "car_1921": [0, 1], "car_1920": [5, 6], "car_1923": [9, 6], "car_1922": [1, 3], "car_291": [6, 4], "car_290": [10, 4], "car_293": [10, 3], "car_292": [1, 7], "car_295": [11, 4], "car_294": [3, 5], "car_297": [10, 1], "car_296": [4, 3], "car_1329": [1, 6], "car_1328": [11, 4], "car_1327": [8, 6], "car_1326": [2, 7], "car_1325": [10, 4], "car_1324": [11, 4], "car_1323": [3, 6], "car_1322": [0, 5], "car_1321": [4, 3], "car_1320": [1, 4], "car_365": [4, 1], "car_364": [11, 0], "car_367": [10, 1], "car_366": [7, 6], "car_361": [2, 4], "car_360": [4, 5], "car_363": [3, 2], "car_362": [5, 2], "car_1811": [9, 2], "car_1810": [6, 5], "car_1813": [11, 1], "car_1812": [8, 2], "car_369": [6, 2], "car_368": [5, 0], "car_1817": [3, 1], "car_1816": [9, 4], "car_167": [1, 6], "car_166": [3, 7], "car_165": [10, 3], "car_164": [4, 2], "car_163": [1, 4], "car_162": [11, 3], "car_161": [3, 6], "car_160": [6, 4], "car_169": [2, 7], "car_168": [4, 0], "car_1495": [6, 1], "car_1494": [4, 1], "car_1497": [11, 4], "car_1496": [0, 6], "car_1491": [9, 0], "car_1490": [6, 1], "car_1493": [11, 6], "car_1492": [8, 2], "car_1499": [7, 6], "car_1498": [4, 0], "car_1253": [10, 0], "car_1252": [7, 2], "car_1251": [1, 4], "car_1250": [5, 6], "car_1257": [7, 1], "car_1256": [3, 1], "car_1255": [6, 2], "car_1254": [2, 7], "car_1259": [2, 4], "car_1258": [10, 4], "car_1868": [0, 6], "car_1789": [6, 1], "car_1788": [10, 7], "car_2070": [3, 6], "car_2071": [4, 6], "car_2076": [1, 4], "car_2077": [4, 3], "car_2074": [0, 4], "car_2075": [8, 7], "car_1781": [5, 4], "car_1780": [4, 7], "car_1783": [8, 0], "car_1782": [3, 2], "car_1785": [6, 0], "car_1784": [4, 3], "car_1787": [7, 4], "car_1786": [0, 4], "car_1077": [1, 6], "car_1076": [11, 5], "car_1075": [8, 2], "car_1074": [3, 5], "car_1073": [0, 6], "car_1072": [2, 4], "car_1071": [11, 7], "car_1070": [3, 1], "car_1079": [5, 0], "car_1078": [7, 0], "car_2139": [4, 7], "car_2034": [10, 1], "car_2035": [5, 1], "car_2032": [11, 2], "car_2033": [1, 7], "car_2138": [11, 3], "car_985": [6, 0], "car_984": [7, 2], "car_987": [0, 4], "car_986": [9, 6], "car_981": [4, 0], "car_980": [8, 5], "car_983": [0, 6], "car_982": [2, 6], "car_1675": [6, 3], "car_1674": [5, 0], "car_1677": [0, 3], "car_1676": [9, 2], "car_989": [8, 6], "car_988": [3, 2], "car_1673": [10, 2], "car_1672": [4, 6], "car_1479": [5, 6], "car_1478": [2, 3], "car_1473": [9, 4], "car_1472": [2, 5], "car_1471": [7, 6], "car_1470": [4, 5], "car_1477": [10, 0], "car_1476": [4, 5], "car_1475": [8, 7], "car_1474": [0, 6], "car_1743": [7, 6], "car_1742": [4, 6], "car_2098": [0, 6], "car_2099": [1, 3], "car_2090": [8, 5], "car_2091": [1, 3], "car_2092": [2, 1], "car_2093": [5, 2], "car_2094": [7, 6], "car_2095": [10, 5], "car_2096": [2, 0], "car_2097": [5, 4], "car_569": [2, 0], "car_568": [10, 7], "car_563": [2, 0], "car_562": [4, 5], "car_561": [1, 3], "car_560": [3, 4], "car_567": [8, 4], "car_566": [11, 3], "car_565": [8, 5], "car_564": [3, 6], "car_620": [9, 2], "car_621": [4, 2], "car_622": [10, 3], "car_623": [2, 1], "car_624": [6, 3], "car_625": [0, 7], "car_626": [11, 0], "car_627": [1, 2], "car_628": [10, 3], "car_629": [8, 2], "car_1869": [8, 4], "car_1866": [4, 3], "car_1867": [5, 2], "car_198": [3, 1], "car_199": [9, 2], "car_192": [3, 1], "car_193": [11, 2], "car_190": [10, 2], "car_191": [5, 4], "car_196": [2, 4], "car_197": [0, 3], "car_194": [1, 2], "car_195": [7, 5], "car_758": [9, 7], "car_759": [1, 7], "car_754": [3, 4], "car_755": [11, 5], "car_756": [1, 0], "car_757": [6, 0], "car_750": [9, 7], "car_751": [3, 7], "car_752": [9, 5], "car_753": [0, 6], "car_1940": [10, 6], "car_286": [2, 5], "car_287": [6, 4], "car_284": [1, 0], "car_285": [10, 3], "car_282": [5, 4], "car_283": [3, 2], "car_280": [1, 0], "car_281": [7, 6], "car_1949": [7, 0], "car_288": [9, 1], "car_289": [1, 6], "car_1948": [4, 1], "car_1312": [2, 6], "car_1313": [9, 7], "car_1310": [9, 0], "car_1311": [0, 1], "car_1316": [1, 2], "car_1317": [4, 5], "car_1314": [7, 3], "car_1315": [11, 4], "car_1318": [3, 7], "car_1319": [11, 3], "car_372": [10, 2], "car_373": [0, 6], "car_370": [9, 2], "car_371": [0, 1], "car_376": [10, 0], "car_377": [8, 3], "car_374": [8, 7], "car_375": [4, 7], "car_1864": [5, 2], "car_1865": [1, 2], "car_378": [11, 3], "car_379": [6, 7], "car_1860": [10, 5], "car_1861": [5, 6], "car_1862": [6, 7], "car_1863": [8, 7], "car_174": [10, 5], "car_175": [5, 6], "car_176": [9, 3], "car_177": [4, 1], "car_170": [8, 3], "car_171": [11, 6], "car_172": [2, 1], "car_173": [11, 4], "car_178": [2, 1], "car_179": [6, 0], "car_1266": [7, 1], "car_1267": [10, 0], "car_1264": [8, 7], "car_1265": [11, 6], "car_1262": [10, 6], "car_1263": [6, 1], "car_1260": [5, 2], "car_1261": [9, 2], "car_1268": [11, 4], "car_1269": [7, 5], "car_2065": [0, 1], "car_2064": [6, 3], "car_1048": [7, 0], "car_1049": [2, 5], "car_2061": [9, 0], "car_2060": [10, 2], "car_2063": [2, 6], "car_2062": [7, 0], "car_1042": [8, 5], "car_1043": [11, 6], "car_1040": [0, 1], "car_1041": [3, 2], "car_1046": [3, 2], "car_1047": [11, 2], "car_1044": [10, 3], "car_1045": [2, 7], "car_78": [3, 0], "car_79": [8, 6], "car_72": [8, 2], "car_73": [2, 6], "car_70": [6, 3], "car_71": [3, 7], "car_76": [8, 1], "car_77": [1, 7], "car_74": [6, 4], "car_75": [0, 7], "car_992": [9, 1], "car_993": [0, 2], "car_990": [7, 4], "car_991": [10, 2], "car_996": [2, 5], "car_997": [3, 2], "car_994": [4, 7], "car_995": [10, 6], "car_1688": [7, 4], "car_1689": [6, 1], "car_998": [2, 6], "car_999": [5, 2], "car_1448": [8, 4], "car_1449": [11, 1], "car_1446": [6, 5], "car_1447": [9, 5], "car_1444": [8, 0], "car_1445": [4, 5], "car_1442": [0, 4], "car_1443": [3, 6], "car_1440": [8, 3], "car_1441": [2, 6], "car_2089": [3, 5], "car_2088": [9, 3], "car_2083": [6, 0], "car_2082": [5, 4], "car_2081": [2, 1], "car_2080": [10, 0], "car_2087": [5, 6], "car_2086": [7, 2], "car_2085": [8, 3], "car_2084": [0, 2], "car_578": [2, 6], "car_579": [3, 7], "car_553": [5, 7], "car_570": [11, 5], "car_571": [4, 0], "car_572": [10, 1], "car_573": [2, 4], "car_574": [6, 2], "car_806": [11, 3], "car_576": [11, 6], "car_577": [1, 4], "car_807": [2, 1], "car_800": [5, 1], "car_801": [9, 0], "car_802": [4, 7], "car_2192": [10, 4], "car_803": [7, 3], "car_2067": [3, 2], "car_2066": [7, 4], "car_619": [6, 3], "car_618": [11, 5], "car_615": [11, 5], "car_614": [5, 6], "car_617": [3, 0], "car_616": [6, 0], "car_611": [0, 3], "car_610": [2, 0], "car_613": [7, 0], "car_612": [3, 0], "car_2151": [0, 4], "car_2150": [7, 2], "car_2069": [6, 2], "car_2068": [2, 0], "car_769": [5, 1], "car_768": [10, 5], "car_761": [9, 1], "car_760": [10, 4], "car_763": [11, 0], "car_762": [3, 7], "car_765": [9, 2], "car_764": [4, 7], "car_767": [3, 7], "car_766": [0, 5], "car_2210": [5, 0], "car_575": [9, 7], "car_1305": [9, 3], "car_1304": [10, 1], "car_1307": [8, 7], "car_1306": [0, 4], "car_1301": [5, 2], "car_1300": [1, 3], "car_1303": [4, 6], "car_1302": [3, 1], "car_1309": [5, 6], "car_1308": [4, 1], "car_389": [3, 2], "car_388": [5, 4], "car_387": [2, 5], "car_386": [10, 4], "car_385": [4, 6], "car_384": [1, 7], "car_383": [5, 2], "car_382": [10, 2], "car_381": [7, 5], "car_380": [9, 4], "car_141": [0, 7], "car_140": [5, 3], "car_143": [8, 6], "car_142": [3, 6], "car_145": [10, 5], "car_144": [1, 5], "car_147": [6, 4], "car_146": [8, 2], "car_149": [11, 6], "car_148": [9, 2], "car_1279": [8, 2], "car_1278": [0, 5], "car_1271": [5, 1], "car_1270": [2, 6], "car_1273": [0, 4], "car_1272": [8, 1], "car_1275": [10, 6], "car_1274": [1, 6], "car_1277": [5, 7], "car_1276": [2, 5], "car_1059": [11, 7], "car_1058": [6, 0], "car_1055": [10, 7], "car_1054": [8, 2], "car_1057": [2, 7], "car_1056": [10, 1], "car_1051": [2, 3], "car_1050": [5, 2], "car_1053": [0, 3], "car_1052": [5, 7], "car_69": [2, 0], "car_68": [3, 7], "car_61": [2, 7], "car_60": [11, 7], "car_63": [3, 5], "car_62": [9, 0], "car_65": [7, 4], "car_64": [8, 0], "car_67": [1, 2], "car_66": [3, 1], "car_1693": [9, 1], "car_1692": [2, 4], "car_1691": [11, 1], "car_1690": [0, 4], "car_1697": [2, 7], "car_1696": [4, 0], "car_969": [9, 1], "car_968": [7, 3], "car_967": [6, 0], "car_966": [2, 4], "car_965": [8, 2], "car_964": [2, 4], "car_963": [11, 3], "car_962": [9, 0], "car_961": [6, 1], "car_960": [10, 1], "car_1451": [11, 7], "car_1450": [2, 3], "car_1453": [4, 6], "car_1452": [10, 5], "car_1455": [2, 6], "car_1454": [10, 6], "car_1457": [10, 5], "car_1456": [5, 1], "car_1459": [1, 7], "car_1458": [2, 6], "car_1680": [6, 5], "car_1681": [3, 0], "car_1682": [4, 2], "car_1683": [6, 7], "car_1684": [9, 0], "car_1685": [0, 3], "car_1891": [6, 4], "car_1686": [8, 5], "car_1890": [5, 6], "car_1687": [11, 4], "car_1893": [8, 6], "car_545": [7, 4], "car_544": [9, 1], "car_547": [2, 6], "car_546": [10, 4], "car_541": [4, 0], "car_540": [11, 0], "car_543": [6, 4], "car_542": [2, 5], "car_1895": [1, 0], "car_549": [1, 3], "car_548": [3, 7], "car_819": [7, 6], "car_818": [11, 3], "car_1897": [6, 1], "car_1896": [7, 3], "car_33": [9, 1], "car_1767": [10, 6], "car_1766": [4, 1], "car_1765": [8, 0], "car_608": [9, 0], "car_609": [1, 4], "car_602": [2, 3], "car_603": [5, 4], "car_600": [9, 1], "car_601": [10, 7], "car_606": [7, 1], "car_607": [10, 5], "car_604": [0, 7], "car_605": [4, 2], "car_1761": [11, 5], "car_1760": [0, 4], "car_776": [4, 7], "car_777": [7, 0], "car_774": [11, 0], "car_775": [1, 5], "car_772": [4, 2], "car_773": [6, 4], "car_770": [9, 3], "car_771": [11, 6], "car_1768": [2, 0], "car_778": [10, 1], "car_779": [5, 6], "car_1750": [10, 2], "car_1994": [11, 0], "car_1995": [4, 3], "car_1996": [7, 3], "car_1997": [10, 4], "car_1990": [10, 6], "car_1991": [2, 1], "car_1992": [1, 2], "car_1993": [6, 1], "car_1998": [0, 7], "car_1999": [7, 3], "car_1842": [6, 5], "car_1806": [3, 1], "car_1840": [10, 0], "car_1841": [2, 1], "car_398": [6, 0], "car_399": [0, 1], "car_1844": [3, 1], "car_1807": [11, 0], "car_394": [11, 0], "car_395": [1, 2], "car_396": [10, 2], "car_397": [2, 6], "car_390": [6, 1], "car_391": [0, 6], "car_392": [3, 4], "car_393": [8, 6], "car_158": [3, 1], "car_159": [11, 2], "car_156": [9, 2], "car_157": [0, 1], "car_154": [4, 7], "car_155": [7, 6], "car_152": [5, 0], "car_153": [8, 3], "car_150": [1, 6], "car_151": [2, 7], "car_1208": [9, 7], "car_1209": [0, 1], "car_1204": [11, 7], "car_1205": [4, 2], "car_1206": [5, 2], "car_1207": [6, 4], "car_1200": [2, 6], "car_1201": [6, 3], "car_1202": [9, 0], "car_1203": [8, 2], "car_1808": [4, 7], "car_1809": [2, 5], "car_1510": [10, 4], "car_1511": [11, 2], "car_1512": [2, 1], "car_1513": [1, 0], "car_1514": [4, 6], "car_1515": [7, 1], "car_1516": [11, 0], "car_1517": [7, 0], "car_1518": [10, 2], "car_1519": [2, 1], "car_1198": [3, 7], "car_1199": [1, 6], "car_1194": [6, 4], "car_1195": [0, 1], "car_1196": [5, 2], "car_1197": [6, 4], "car_1190": [2, 0], "car_1191": [8, 1], "car_1192": [2, 7], "car_1193": [5, 4], "car_2126": [4, 0], "car_2127": [7, 4], "car_978": [6, 5], "car_979": [9, 2], "car_974": [11, 5], "car_975": [4, 5], "car_976": [10, 4], "car_977": [5, 7], "car_970": [0, 7], "car_971": [8, 7], "car_972": [11, 2], "car_973": [4, 0], "car_1424": [5, 7], "car_1425": [3, 1], "car_1426": [8, 0], "car_1427": [7, 3], "car_1420": [5, 1], "car_1421": [11, 4], "car_1422": [4, 0], "car_1423": [2, 7], "car_1428": [10, 7], "car_1429": [7, 1], "car_2128": [10, 5], "car_2129": [5, 3], "car_1738": [5, 4], "car_1739": [0, 6], "car_1730": [0, 2], "car_1731": [8, 0], "car_1732": [6, 3], "car_1733": [8, 0], "car_1734": [11, 6], "car_1735": [4, 1], "car_1736": [7, 6], "car_1737": [2, 7], "car_54": [11, 2], "car_55": [1, 5], "car_56": [2, 1], "car_57": [5, 1], "car_50": [5, 1], "car_51": [9, 6], "car_52": [3, 7], "car_53": [8, 0], "car_58": [6, 5], "car_59": [3, 6], "car_552": [10, 5], "car_805": [6, 5], "car_550": [4, 1], "car_551": [2, 5], "car_556": [11, 7], "car_557": [10, 4], "car_554": [6, 4], "car_555": [8, 5], "car_558": [9, 2], "car_559": [0, 3], "car_808": [3, 7], "car_809": [7, 4], "car_1757": [5, 1], "car_703": [4, 1], "car_702": [11, 0], "car_701": [3, 5], "car_700": [10, 7], "car_707": [7, 3], "car_706": [8, 7], "car_705": [0, 5], "car_704": [10, 4], "car_709": [0, 2], "car_708": [10, 3], "car_1987": [0, 7], "car_1986": [9, 6], "car_1985": [5, 7], "car_1984": [10, 5], "car_1983": [3, 0], "car_1982": [10, 3], "car_1981": [7, 4], "car_1980": [11, 3], "car_1989": [11, 1], "car_1988": [3, 1], "car_1855": [2, 3], "car_1796": [4, 1], "car_1857": [8, 0], "car_1856": [0, 2], "car_1851": [11, 2], "car_1850": [8, 1], "car_1853": [3, 4], "car_1797": [10, 1], "car_1859": [4, 1], "car_1794": [8, 4], "car_129": [9, 4], "car_128": [5, 4], "car_123": [5, 2], "car_122": [2, 5], "car_121": [1, 6], "car_120": [11, 2], "car_127": [2, 5], "car_126": [4, 2], "car_125": [7, 5], "car_124": [0, 4], "car_1790": [0, 1], "car_1219": [2, 7], "car_1218": [0, 2], "car_1217": [9, 7], "car_1216": [3, 5], "car_1215": [4, 7], "car_1214": [3, 5], "car_1213": [9, 3], "car_1212": [2, 1], "car_1211": [10, 7], "car_1210": [11, 1], "car_1415": [10, 6], "car_1414": [9, 3], "car_1417": [6, 7], "car_1416": [5, 2], "car_1411": [7, 4], "car_1410": [11, 3], "car_237": [9, 4], "car_236": [10, 4], "car_235": [7, 0], "car_234": [10, 4], "car_233": [11, 5], "car_232": [8, 1], "car_231": [0, 1], "car_230": [2, 5], "car_1412": [2, 0], "car_239": [11, 7], "car_238": [0, 6], "car_1503": [8, 6], "car_1502": [3, 6], "car_1501": [6, 5], "car_1500": [10, 0], "car_1507": [9, 5], "car_1506": [2, 6], "car_1505": [1, 7], "car_1504": [11, 6], "car_1509": [7, 5], "car_1508": [0, 5], "car_1189": [10, 7], "car_1188": [11, 1], "car_1187": [9, 4], "car_1186": [5, 3], "car_1185": [10, 4], "car_1184": [6, 5], "car_1183": [5, 1], "car_1182": [1, 4], "car_1181": [0, 4], "car_1180": [4, 2], "car_2182": [8, 3], "car_2183": [9, 2], "car_2180": [2, 1], "car_2181": [3, 7], "car_2186": [1, 7], "car_2187": [10, 7], "car_2184": [0, 4], "car_2185": [8, 1], "car_2188": [2, 1], "car_2189": [6, 1], "car_949": [11, 2], "car_948": [6, 3], "car_941": [10, 4], "car_940": [0, 5], "car_943": [11, 5], "car_942": [0, 4], "car_945": [10, 1], "car_944": [1, 3], "car_947": [5, 0], "car_946": [2, 7], "car_1437": [4, 5], "car_1436": [11, 6], "car_1435": [3, 7], "car_1434": [5, 2], "car_1433": [7, 0], "car_1432": [11, 1], "car_1431": [8, 0], "car_1430": [10, 5], "car_1439": [3, 4], "car_1438": [2, 1], "car_493": [7, 2], "car_492": [4, 7], "car_491": [11, 2], "car_490": [3, 4], "car_497": [1, 3], "car_496": [8, 5], "car_495": [0, 5], "car_494": [5, 4], "car_499": [11, 5], "car_498": [2, 5], "car_1918": [11, 0], "car_1919": [1, 2], "car_1729": [9, 1], "car_1728": [2, 5], "car_1723": [11, 6], "car_1722": [9, 4], "car_1721": [5, 6], "car_1720": [7, 4], "car_1727": [3, 6], "car_1726": [9, 3], "car_1725": [4, 5], "car_1724": [1, 7], "car_43": [1, 2], "car_42": [6, 4], "car_41": [2, 0], "car_40": [7, 6], "car_47": [3, 7], "car_46": [9, 5], "car_45": [11, 3], "car_44": [3, 1], "car_49": [2, 0], "car_48": [8, 1], "car_1916": [9, 6], "car_1917": [8, 6], "car_1858": [1, 5], "car_831": [7, 0], "car_830": [9, 7], "car_833": [5, 6], "car_832": [10, 7], "car_835": [9, 3], "car_834": [6, 0], "car_837": [9, 5], "car_836": [6, 0], "car_839": [8, 3], "car_838": [3, 0], "car_2168": [2, 7], "car_2169": [0, 5], "car_2160": [2, 6], "car_2161": [5, 3], "car_2162": [4, 2], "car_2163": [0, 3], "car_2164": [8, 3], "car_2165": [11, 6], "car_2166": [8, 5], "car_2167": [10, 6], "car_1941": [9, 6], "car_710": [1, 2], "car_711": [10, 3], "car_712": [3, 0], "car_713": [1, 6], "car_714": [5, 2], "car_715": [8, 5], "car_716": [7, 0], "car_717": [0, 1], "car_718": [10, 2], "car_719": [2, 0], "car_1892": [9, 0], "car_1894": [11, 6], "car_138": [1, 4], "car_139": [10, 6], "car_130": [0, 3], "car_131": [7, 6], "car_132": [2, 4], "car_133": [5, 4], "car_134": [6, 0], "car_135": [0, 7], "car_136": [1, 4], "car_137": [5, 0], "car_1222": [0, 4], "car_1223": [1, 0], "car_1220": [6, 7], "car_1221": [9, 3], "car_1226": [0, 7], "car_1227": [8, 2], "car_1224": [7, 2], "car_1225": [2, 1], "car_1886": [0, 6], "car_1887": [3, 1], "car_1228": [1, 6], "car_1229": [2, 4], "car_1882": [10, 5], "car_1883": [5, 3], "car_1880": [1, 3], "car_1881": [7, 0], "car_224": [9, 3], "car_225": [11, 2], "car_226": [7, 3], "car_227": [6, 1], "car_220": [9, 7], "car_221": [11, 3], "car_222": [4, 7], "car_223": [10, 2], "car_228": [8, 5], "car_229": [11, 2], "car_1086": [0, 6], "car_1087": [11, 3], "car_1084": [8, 0], "car_1085": [2, 7], "car_1082": [7, 2], "car_1083": [6, 1], "car_1080": [11, 5], "car_1081": [4, 1], "car_1088": [1, 7], "car_1089": [7, 4], "car_1536": [8, 3], "car_1537": [5, 1], "car_1534": [10, 2], "car_1535": [2, 7], "car_1532": [11, 4], "car_1533": [1, 5], "car_1530": [8, 3], "car_1531": [0, 2], "car_1538": [4, 3], "car_1539": [7, 4], "car_956": [3, 4], "car_957": [8, 1], "car_954": [2, 4], "car_955": [5, 2], "car_952": [5, 2], "car_953": [4, 5], "car_950": [1, 7], "car_951": [4, 6], "car_1827": [9, 1], "car_2199": [4, 5], "car_2198": [11, 2], "car_958": [4, 2], "car_959": [7, 3], "car_1158": [0, 2], "car_1159": [3, 0], "car_1408": [6, 0], "car_1409": [3, 6], "car_1829": [2, 6], "car_1150": [3, 2], "car_1151": [11, 1], "car_1152": [2, 0], "car_1153": [9, 1], "car_1154": [8, 3], "car_1155": [7, 4], "car_1156": [10, 1], "car_1157": [9, 1], "car_1826": [2, 0], "car_480": [4, 3], "car_481": [7, 5], "car_482": [10, 0], "car_483": [2, 7], "car_484": [9, 5], "car_485": [8, 2], "car_486": [4, 2], "car_487": [10, 7], "car_488": [2, 0], "car_489": [9, 1], "car_853": [10, 0], "car_852": [6, 7], "car_851": [2, 6], "car_582": [8, 4], "car_1718": [1, 4], "car_1719": [4, 3], "car_1716": [9, 5], "car_857": [1, 5], "car_1714": [4, 7], "car_1715": [6, 5], "car_1712": [3, 5], "car_1713": [1, 0], "car_1710": [6, 1], "car_856": [9, 4], "car_1828": [0, 6], "car_855": [6, 4], "car_854": [2, 0], "car_828": [7, 2], "car_829": [2, 3], "car_826": [3, 1], "car_827": [11, 5], "car_824": [5, 7], "car_825": [0, 5], "car_822": [7, 0], "car_823": [4, 3], "car_820": [10, 1], "car_821": [3, 1], "car_2179": [7, 3], "car_2178": [1, 3], "car_2173": [9, 5], "car_2172": [10, 5], "car_2171": [4, 1], "car_2170": [8, 3], "car_2177": [11, 6], "car_2176": [3, 4], "car_2175": [9, 1], "car_2174": [10, 1], "car_729": [1, 7], "car_728": [11, 1], "car_725": [6, 4], "car_724": [10, 2], "car_727": [8, 1], "car_726": [3, 2], "car_721": [3, 0], "car_720": [9, 5], "car_723": [4, 7], "car_722": [1, 0], "car_1795": [1, 7], "car_1792": [6, 5], "car_1793": [9, 0], "car_105": [7, 0], "car_104": [6, 0], "car_107": [0, 2], "car_106": [9, 3], "car_101": [10, 4], "car_100": [11, 0], "car_103": [5, 0], "car_102": [6, 4], "car_1888": [1, 6], "car_109": [11, 1], "car_108": [3, 0], "car_1791": [11, 0], "car_1235": [5, 7], "car_1234": [10, 1], "car_1237": [3, 7], "car_1236": [9, 1], "car_1231": [6, 5], "car_1230": [5, 7], "car_1233": [7, 2], "car_1232": [8, 6], "car_1899": [7, 1], "car_1898": [1, 7], "car_1239": [1, 6], "car_1238": [8, 5], "car_211": [6, 2], "car_210": [4, 5], "car_213": [8, 5], "car_212": [0, 4], "car_215": [10, 6], "car_214": [11, 3], "car_217": [10, 1], "car_216": [9, 2], "car_219": [3, 2], "car_218": [6, 1], "car_1529": [3, 2], "car_1528": [6, 0], "car_1521": [8, 2], "car_1520": [0, 1], "car_1523": [1, 6], "car_1522": [11, 1], "car_1525": [5, 0], "car_1524": [10, 1], "car_1527": [5, 7], "car_1526": [0, 2], "car_923": [8, 3], "car_922": [3, 1], "car_921": [0, 7], "car_920": [9, 3], "car_927": [10, 3], "car_926": [7, 0], "car_925": [4, 7], "car_924": [11, 5], "car_929": [6, 2], "car_928": [5, 0], "car_1149": [0, 1], "car_1148": [9, 3], "car_1419": [3, 6], "car_1418": [7, 4], "car_1143": [8, 3], "car_1142": [5, 0], "car_1141": [2, 6], "car_1140": [7, 2], "car_1147": [5, 2], "car_1146": [4, 3], "car_1145": [8, 7], "car_1144": [10, 1], "car_1099": [0, 1], "car_1098": [6, 1], "car_1091": [9, 7], "car_1090": [6, 1], "car_1093": [8, 4], "car_1092": [3, 0], "car_1095": [1, 2], "car_1094": [11, 5], "car_1097": [2, 3], "car_1096": [7, 6], "car_1701": [7, 4], "car_1700": [8, 1], "car_1703": [11, 0], "car_1702": [10, 1], "car_1705": [6, 1], "car_1704": [7, 5], "car_1707": [0, 2], "car_1706": [9, 0], "car_1709": [1, 7], "car_1708": [11, 2], "car_589": [1, 6], "car_588": [5, 2], "car_859": [10, 7], "car_858": [7, 5], "car_1695": [1, 5], "car_581": [10, 1], "car_580": [1, 5], "car_583": [4, 5], "car_850": [4, 7], "car_585": [2, 6], "car_584": [10, 1], "car_587": [10, 6], "car_586": [6, 5], "car_2002": [8, 3], "car_2148": [6, 2], "car_2149": [8, 3], "car_2146": [0, 2], "car_2147": [4, 2], "car_2144": [4, 1], "car_2145": [9, 2], "car_2142": [1, 5], "car_2143": [11, 5], "car_2140": [6, 1], "car_2141": [2, 6], "car_457": [2, 0], "car_456": [10, 2], "car_455": [11, 2], "car_454": [0, 2], "car_453": [6, 7], "car_452": [2, 0], "car_451": [10, 6], "car_450": [1, 2], "car_1878": [0, 3], "car_459": [11, 1], "car_458": [5, 4], "car_1877": [9, 2], "car_1876": [6, 5], "car_1875": [2, 3], "car_1874": [1, 5], "car_1873": [11, 6], "car_1872": [3, 2], "car_738": [10, 2], "car_739": [6, 5], "car_1871": [0, 7], "car_733": [6, 4], "car_732": [10, 0], "car_32": [8, 7], "car_730": [11, 7], "car_731": [7, 0], "car_736": [11, 2], "car_737": [1, 7], "car_734": [9, 1], "car_735": [8, 6], "car_1976": [5, 3], "car_1977": [11, 7], "car_1698": [9, 3], "car_38": [1, 3], "car_39": [4, 5], "car_1978": [10, 4], "car_1979": [3, 5], "car_112": [0, 5], "car_113": [3, 0], "car_110": [4, 3], "car_111": [6, 5], "car_116": [5, 2], "car_117": [8, 7], "car_114": [11, 6], "car_115": [4, 3], "car_118": [4, 6], "car_119": [2, 0], "car_1950": [9, 7], "car_1951": [7, 6], "car_1952": [2, 6], "car_1953": [9, 1], "car_1954": [0, 6], "car_1955": [10, 3], "car_208": [8, 1], "car_209": [1, 7], "car_206": [9, 0], "car_207": [0, 7], "car_204": [10, 6], "car_205": [6, 5], "car_202": [11, 0], "car_203": [4, 3], "car_200": [0, 6], "car_201": [3, 7], "car_1558": [6, 5], "car_1559": [9, 4], "car_1554": [2, 6], "car_1555": [5, 2], "car_1556": [8, 6], "car_1557": [2, 4], "car_1550": [10, 3], "car_1551": [0, 2], "car_1552": [8, 7], "car_1553": [4, 1], "car_1398": [10, 3], "car_1399": [2, 6], "car_1392": [6, 1], "car_1393": [8, 5], "car_1390": [10, 6], "car_1391": [5, 6], "car_1396": [0, 6], "car_1397": [4, 1], "car_1394": [1, 7], "car_1395": [7, 4], "car_930": [9, 1], "car_931": [8, 1], "car_932": [11, 0], "car_933": [1, 7], "car_934": [0, 1], "car_935": [8, 5], "car_936": [11, 2], "car_937": [1, 5], "car_938": [4, 7], "car_939": [7, 5], "car_6": [2, 0], "car_7": [3, 4], "car_4": [0, 2], "car_5": [1, 5], "car_2": [10, 4], "car_3": [5, 1], "car_1178": [9, 1], "car_1": [7, 1], "car_1176": [10, 7], "car_1177": [6, 3], "car_1174": [0, 3], "car_1175": [11, 1], "car_1172": [3, 2], "car_1173": [11, 2], "car_8": [1, 5], "car_9": [10, 2], "car_1774": [2, 6], "car_1775": [3, 5], "car_1776": [1, 0], "car_1777": [2, 4], "car_1770": [9, 6], "car_1771": [8, 5], "car_1772": [4, 3], "car_1773": [7, 3], "car_1778": [9, 4], "car_1779": [0, 6], "car_98": [2, 6], "car_99": [5, 6], "car_90": [9, 4], "car_91": [10, 7], "car_92": [2, 3], "car_93": [2, 1], "car_94": [5, 7], "car_95": [0, 6], "car_96": [4, 1], "car_97": [10, 2], "car_596": [1, 5], "car_597": [2, 6], "car_594": [7, 1], "car_595": [3, 1], "car_592": [11, 0], "car_593": [4, 0], "car_590": [2, 7], "car_591": [8, 3], "car_598": [5, 0], "car_599": [6, 4], "car_848": [0, 2], "car_849": [11, 3], "car_840": [11, 5], "car_841": [7, 6], "car_842": [2, 7], "car_843": [1, 0], "car_844": [2, 1], "car_845": [9, 4], "car_846": [10, 2], "car_847": [6, 0], "car_1608": [0, 2], "car_1609": [3, 4], "car_2153": [5, 6], "car_2152": [8, 1], "car_2155": [8, 0], "car_2154": [0, 3], "car_2157": [9, 1], "car_2156": [11, 3], "car_1600": [4, 1], "car_1601": [6, 1], "car_1602": [3, 2], "car_1603": [8, 7], "car_1604": [4, 3], "car_1605": [7, 2], "car_1606": [10, 3], "car_1607": [5, 4], "car_444": [4, 2], "car_445": [10, 6], "car_446": [2, 1], "car_447": [5, 6], "car_440": [8, 3], "car_441": [7, 1], "car_442": [10, 5], "car_443": [1, 3], "car_448": [9, 2], "car_449": [0, 3], "car_2201": [2, 6], "car_2200": [7, 1], "car_2209": [8, 1], "car_2208": [3, 1], "car_695": [6, 7], "car_694": [7, 0], "car_697": [11, 5], "car_696": [9, 0], "car_691": [5, 6], "car_690": [2, 5], "car_693": [1, 3], "car_692": [11, 5], "car_699": [7, 5], "car_698": [1, 2], "car_1943": [1, 2], "car_1942": [11, 0], "car_279": [3, 2], "car_278": [6, 5], "car_1947": [1, 5], "car_1946": [0, 5], "car_1945": [6, 7], "car_1944": [4, 7], "car_273": [8, 1], "car_272": [9, 3], "car_271": [10, 6], "car_270": [1, 4], "car_277": [4, 3], "car_276": [5, 0], "car_275": [10, 1], "car_274": [7, 1], "car_1925": [11, 1], "car_1549": [7, 6], "car_1548": [11, 2], "car_1547": [3, 7], "car_1546": [5, 2], "car_1545": [2, 4], "car_1544": [7, 3], "car_1543": [4, 2], "car_1542": [11, 0], "car_1541": [3, 6], "car_1540": [5, 0], "car_1389": [4, 7], "car_1388": [1, 7], "car_1385": [7, 6], "car_1384": [4, 2], "car_1387": [5, 6], "car_1386": [10, 0], "car_1381": [2, 1], "car_1380": [10, 2], "car_1383": [1, 5], "car_1382": [3, 5], "car_307": [10, 1], "car_306": [7, 3], "car_305": [11, 1], "car_304": [8, 0], "car_303": [6, 3], "car_302": [2, 6], "car_301": [10, 6], "car_300": [4, 3], "car_804": [2, 0], "car_309": [3, 0], "car_308": [2, 4], "car_909": [4, 3], "car_908": [8, 2], "car_905": [4, 6], "car_904": [1, 3], "car_907": [9, 1], "car_906": [6, 0], "car_901": [5, 7], "car_900": [2, 7], "car_903": [8, 7], "car_902": [6, 7], "car_1161": [10, 5], "car_1160": [1, 5], "car_1163": [9, 1], "car_1162": [2, 4], "car_1165": [3, 7], "car_1164": [0, 7], "car_1167": [10, 1], "car_1166": [1, 4], "car_1169": [7, 6], "car_1168": [5, 4], "car_2010": [3, 2], "car_2011": [5, 1], "car_2012": [8, 1], "car_2013": [8, 6], "car_2014": [11, 0], "car_2015": [1, 2], "car_2016": [10, 0], "car_2017": [5, 2], "car_2018": [1, 0], "car_2019": [7, 5], "car_87": [0, 4], "car_86": [6, 2], "car_85": [7, 3], "car_84": [3, 2], "car_83": [10, 4], "car_82": [11, 7], "car_81": [5, 3], "car_80": [11, 4], "car_2001": [2, 1], "car_89": [6, 2], "car_88": [11, 5], "car_2000": [7, 2], "car_875": [4, 6], "car_874": [11, 7], "car_877": [9, 5], "car_876": [7, 1], "car_871": [3, 1], "car_870": [10, 1], "car_873": [6, 3], "car_872": [1, 2], "car_1694": [8, 3], "car_879": [11, 2], "car_878": [3, 6], "car_1752": [3, 1], "car_1753": [4, 2], "car_1699": [0, 4], "car_2124": [3, 5], "car_2125": [11, 0], "car_1619": [10, 1], "car_1618": [8, 3], "car_2120": [11, 3], "car_2121": [1, 3], "car_2122": [6, 5], "car_2123": [9, 5], "car_1613": [0, 2], "car_1612": [10, 4], "car_1611": [1, 2], "car_1610": [8, 2], "car_1617": [9, 7], "car_1616": [5, 4], "car_1615": [4, 6], "car_1614": [3, 0], "car_1754": [9, 2], "car_1755": [8, 2], "car_471": [2, 4], "car_470": [10, 6], "car_473": [1, 6], "car_472": [9, 5], "car_475": [7, 1], "car_474": [4, 0], "car_477": [4, 6], "car_476": [5, 0], "car_479": [6, 1], "car_478": [5, 3], "car_2038": [8, 2], "car_2039": [1, 2], "car_1819": [4, 7], "car_1818": [1, 2], "car_682": [7, 0], "car_683": [10, 5], "car_680": [3, 4], "car_681": [4, 5], "car_686": [5, 7], "car_687": [9, 1], "car_684": [5, 7], "car_685": [9, 4], "car_688": [4, 6], "car_689": [10, 5], "car_1815": [2, 3], "car_1814": [1, 3], "car_1670": [5, 3], "car_1956": [8, 6], "car_1957": [6, 7], "car_1958": [9, 4], "car_1959": [4, 3], "car_2003": [9, 5], "car_268": [5, 6], "car_269": [3, 5], "car_1974": [10, 6], "car_1975": [2, 0], "car_1972": [8, 7], "car_1973": [11, 6], "car_1970": [1, 4], "car_1971": [7, 5], "car_260": [3, 0], "car_261": [4, 6], "car_262": [10, 6], "car_263": [2, 3], "car_264": [5, 1], "car_265": [8, 2], "car_266": [4, 7], "car_267": [0, 2], "car_1572": [4, 2], "car_1573": [7, 3], "car_1570": [10, 7], "car_1571": [0, 4], "car_1576": [1, 3], "car_1577": [4, 5], "car_1574": [0, 1], "car_1575": [3, 0], "car_1578": [6, 2], "car_1579": [9, 3], "car_1370": [2, 5], "car_1371": [0, 7], "car_1372": [11, 2], "car_1373": [4, 0], "car_1374": [7, 6], "car_1375": [11, 6], "car_1376": [1, 0], "car_1377": [6, 7], "car_1378": [1, 5], "car_1379": [7, 3], "car_314": [11, 1], "car_315": [1, 0], "car_316": [10, 7], "car_317": [2, 7], "car_310": [1, 4], "car_311": [4, 2], "car_312": [5, 6], "car_313": [3, 7], "car_318": [5, 0], "car_319": [9, 4], "car_918": [7, 6], "car_919": [2, 1], "car_912": [0, 5], "car_913": [11, 2], "car_910": [7, 6], "car_911": [10, 0], "car_916": [1, 4], "car_917": [4, 0], "car_914": [6, 1], "car_915": [9, 7], "car_1114": [6, 0], "car_1115": [11, 4], "car_1116": [1, 7], "car_1117": [2, 3], "car_1110": [3, 4], "car_1111": [4, 2], "car_1112": [7, 1], "car_1113": [2, 7], "car_1118": [9, 0], "car_1119": [11, 5], "car_1284": [0, 5], "car_1285": [11, 3], "car_1286": [7, 6], "car_1287": [9, 7], "car_1280": [1, 7], "car_1281": [1, 4], "car_1282": [2, 1], "car_1283": [5, 2], "car_2130": [0, 4], "car_1288": [4, 2], "car_1289": [0, 4], "car_1744": [3, 0], "car_1028": [5, 7], "car_1029": [6, 0], "car_1758": [6, 4], "car_1759": [9, 3], "car_2007": [9, 4], "car_2006": [5, 4], "car_2005": [4, 2], "car_2004": [11, 4], "car_1020": [11, 6], "car_1021": [10, 5], "car_1022": [8, 4], "car_1023": [1, 3], "car_1024": [2, 7], "car_1025": [6, 2], "car_1026": [0, 1], "car_1027": [3, 1], "car_1598": [3, 0], "car_1599": [1, 7], "car_1590": [6, 0], "car_1591": [9, 5], "car_1592": [0, 1], "car_1593": [8, 4], "car_1594": [1, 6], "car_1595": [9, 6], "car_1596": [0, 2], "car_1597": [1, 6], "car_1746": [7, 4], "car_862": [2, 1], "car_863": [0, 6], "car_860": [2, 6], "car_861": [9, 5], "car_866": [6, 0], "car_867": [9, 6], "car_864": [2, 7], "car_865": [5, 1], "car_868": [4, 0], "car_869": [7, 5], "car_1741": [8, 4], "car_2137": [8, 0], "car_2136": [3, 0], "car_2135": [9, 7], "car_2134": [6, 5], "car_2133": [4, 2], "car_2132": [11, 3], "car_1628": [1, 2], "car_1629": [2, 0], "car_1626": [6, 3], "car_1627": [0, 7], "car_1624": [7, 2], "car_1625": [10, 2], "car_1622": [3, 5], "car_1623": [11, 2], "car_1620": [2, 6], "car_1621": [5, 1], "car_1740": [9, 2]}