{"car_2009": [6, 0], "car_468": [0, 2], "car_469": [2, 0], "car_466": [5, 6], "car_467": [9, 6], "car_464": [8, 0], "car_465": [10, 3], "car_462": [5, 7], "car_463": [3, 5], "car_460": [7, 0], "car_461": [10, 0], "car_817": [0, 3], "car_816": [6, 5], "car_815": [10, 7], "car_814": [7, 0], "car_813": [4, 7], "car_812": [11, 7], "car_2072": [4, 3], "car_811": [0, 5], "car_2073": [5, 3], "car_810": [6, 4], "car_679": [7, 4], "car_678": [1, 4], "car_677": [8, 3], "car_676": [0, 3], "car_675": [9, 0], "car_674": [6, 5], "car_673": [4, 0], "car_672": [1, 3], "car_671": [8, 2], "car_670": [3, 5], "car_2078": [6, 5], "car_2079": [8, 0], "car_789": [1, 4], "car_788": [6, 0], "car_783": [2, 1], "car_782": [1, 0], "car_781": [8, 5], "car_780": [5, 3], "car_787": [5, 1], "car_786": [2, 7], "car_785": [11, 1], "car_784": [5, 4], "car_0": [8, 1], "car_1179": [10, 6], "car_255": [3, 5], "car_254": [9, 4], "car_257": [5, 0], "car_256": [1, 0], "car_251": [4, 1], "car_250": [1, 2], "car_253": [10, 3], "car_252": [7, 1], "car_1961": [2, 6], "car_1960": [8, 0], "car_1963": [0, 1], "car_1962": [5, 4], "car_259": [1, 3], "car_258": [11, 5], "car_1967": [11, 6], "car_1966": [3, 7], "car_1170": [2, 7], "car_1171": [5, 0], "car_1565": [10, 1], "car_1564": [1, 0], "car_1567": [3, 7], "car_1566": [6, 1], "car_1561": [4, 6], "car_1560": [11, 7], "car_1563": [6, 2], "car_1562": [10, 0], "car_1569": [4, 1], "car_1568": [11, 0], "car_1413": [2, 3], "car_1363": [8, 5], "car_1362": [3, 1], "car_1361": [11, 3], "car_1360": [5, 4], "car_1367": [8, 1], "car_1366": [10, 3], "car_1365": [7, 4], "car_1364": [4, 7], "car_1369": [2, 4], "car_1368": [1, 2], "car_321": [9, 2], "car_320": [10, 1], "car_323": [1, 6], "car_322": [8, 2], "car_325": [7, 0], "car_324": [4, 2], "car_327": [9, 6], "car_326": [6, 3], "car_329": [4, 3], "car_328": [8, 4], "car_1107": [2, 3], "car_1106": [1, 7], "car_1105": [8, 0], "car_1104": [0, 2], "car_1103": [5, 7], "car_1102": [7, 4], "car_1101": [3, 4], "car_1100": [6, 5], "car_1109": [8, 6], "car_1108": [6, 2], "car_1297": [4, 3], "car_1296": [3, 0], "car_1295": [6, 7], "car_1294": [10, 0], "car_1293": [7, 0], "car_1292": [4, 2], "car_1291": [0, 2], "car_1290": [9, 2], "car_1299": [3, 5], "car_1298": [5, 7], "car_2036": [9, 4], "car_2037": [0, 3], "car_1039": [9, 2], "car_1038": [6, 5], "car_1749": [2, 7], "car_1748": [7, 6], "car_2030": [8, 5], "car_2031": [1, 5], "car_1033": [10, 0], "car_1032": [7, 0], "car_1031": [4, 6], "car_1030": [11, 0], "car_1037": [10, 5], "car_1036": [7, 5], "car_1035": [4, 7], "car_1034": [8, 3], "car_1589": [2, 6], "car_1588": [4, 7], "car_1583": [10, 3], "car_1582": [7, 1], "car_1581": [1, 0], "car_1580": [6, 7], "car_1587": [6, 3], "car_1586": [8, 1], "car_1585": [3, 1], "car_1584": [6, 4], "car_1852": [0, 7], "car_1906": [3, 7], "car_899": [2, 7], "car_898": [8, 4], "car_897": [3, 6], "car_896": [9, 3], "car_895": [5, 0], "car_894": [2, 7], "car_893": [8, 1], "car_892": [3, 4], "car_891": [9, 2], "car_890": [5, 0], "car_2108": [3, 7], "car_2109": [8, 7], "car_2102": [11, 0], "car_2103": [7, 1], "car_2100": [1, 7], "car_2101": [7, 4], "car_2106": [2, 4], "car_2107": [0, 1], "car_2104": [5, 6], "car_2105": [6, 1], "car_1631": [7, 1], "car_1630": [11, 1], "car_1633": [9, 2], "car_1632": [10, 2], "car_1635": [8, 5], "car_1634": [0, 3], "car_1637": [1, 3], "car_1636": [11, 5], "car_1639": [2, 0], "car_1638": [4, 5], "car_1751": [3, 0], "car_1756": [3, 6], "car_419": [5, 6], "car_418": [10, 1], "car_413": [4, 2], "car_412": [11, 0], "car_411": [8, 3], "car_410": [9, 0], "car_417": [8, 1], "car_416": [6, 5], "car_415": [10, 0], "car_414": [7, 3], "car_1679": [0, 6], "car_1678": [5, 2], "car_527": [9, 4], "car_526": [2, 1], "car_525": [10, 0], "car_524": [8, 4], "car_523": [3, 1], "car_522": [4, 1], "car_521": [1, 6], "car_520": [8, 0], "car_1671": [5, 4], "car_1889": [9, 3], "car_529": [8, 5], "car_528": [3, 7], "car_1884": [6, 5], "car_1885": [0, 5], "car_668": [5, 7], "car_669": [9, 2], "car_664": [6, 7], "car_665": [9, 5], "car_666": [3, 6], "car_667": [4, 5], "car_660": [11, 2], "car_661": [5, 0], "car_662": [3, 5], "car_663": [11, 3], "car_1854": [10, 5], "car_798": [8, 7], "car_799": [6, 3], "car_790": [3, 1], "car_791": [4, 0], "car_792": [9, 5], "car_793": [0, 6], "car_794": [1, 2], "car_795": [2, 1], "car_796": [6, 1], "car_797": [9, 7], "car_242": [4, 3], "car_243": [7, 3], "car_240": [10, 3], "car_241": [8, 3], "car_246": [1, 3], "car_247": [4, 7], "car_244": [2, 3], "car_245": [8, 3], "car_1914": [10, 0], "car_1915": [2, 3], "car_248": [10, 1], "car_249": [8, 7], "car_1910": [7, 4], "car_1911": [9, 3], "car_1912": [3, 0], "car_1913": [8, 2], "car_1356": [3, 2], "car_1357": [11, 5], "car_1354": [6, 0], "car_1355": [9, 0], "car_1352": [2, 1], "car_1353": [10, 4], "car_1350": [4, 7], "car_1351": [7, 4], "car_1358": [10, 0], "car_1359": [2, 1], "car_1831": [3, 6], "car_1820": [11, 3], "car_1821": [7, 6], "car_1822": [10, 4], "car_1823": [11, 4], "car_1824": [1, 5], "car_1825": [5, 2], "car_338": [2, 4], "car_339": [6, 0], "car_336": [5, 7], "car_337": [9, 7], "car_334": [7, 6], "car_335": [2, 1], "car_332": [0, 6], "car_333": [8, 6], "car_330": [7, 5], "car_331": [2, 5], "car_1138": [4, 6], "car_1139": [3, 6], "car_1132": [2, 5], "car_1133": [5, 1], "car_1130": [4, 3], "car_1131": [10, 6], "car_1136": [3, 7], "car_1137": [8, 3], "car_1134": [6, 3], "car_1135": [0, 2], "car_1839": [3, 4], "car_1838": [10, 0], "car_2029": [9, 2], "car_2028": [5, 4], "car_2021": [7, 5], "car_2020": [0, 1], "car_2023": [6, 3], "car_2022": [5, 6], "car_2025": [11, 3], "car_2024": [9, 3], "car_2027": [2, 3], "car_2026": [7, 1], "car_1008": [5, 7], "car_1009": [9, 7], "car_1006": [2, 7], "car_1007": [1, 7], "car_1004": [1, 2], "car_1005": [7, 0], "car_1002": [2, 6], "car_1003": [5, 3], "car_1000": [4, 7], "car_1001": [7, 4], "car_1924": [4, 3], "car_36": [1, 2], "car_37": [11, 4], "car_34": [9, 1], "car_35": [3, 2], "car_888": [1, 6], "car_889": [2, 3], "car_30": [3, 4], "car_31": [1, 2], "car_884": [10, 5], "car_885": [9, 7], "car_886": [0, 6], "car_887": [3, 1], "car_880": [10, 7], "car_881": [0, 5], "car_882": [1, 2], "car_883": [4, 7], "car_2119": [11, 5], "car_2118": [3, 4], "car_2115": [0, 6], "car_2114": [10, 7], "car_2117": [9, 4], "car_2116": [8, 3], "car_2111": [1, 2], "car_2110": [11, 6], "car_2113": [7, 2], "car_2112": [4, 7], "car_1644": [3, 4], "car_1645": [7, 0], "car_1646": [2, 0], "car_1647": [9, 3], "car_1640": [5, 3], "car_1641": [8, 6], "car_1642": [11, 1], "car_1643": [2, 0], "car_1648": [3, 4], "car_1649": [2, 3], "car_408": [8, 0], "car_409": [4, 2], "car_400": [2, 0], "car_401": [1, 2], "car_402": [7, 4], "car_403": [10, 3], "car_404": [9, 0], "car_405": [11, 4], "car_406": [4, 7], "car_407": [6, 3], "car_1769": [5, 3], "car_534": [9, 6], "car_535": [0, 7], "car_536": [10, 1], "car_537": [2, 0], "car_530": [2, 6], "car_531": [3, 2], "car_532": [8, 6], "car_533": [10, 1], "car_538": [5, 7], "car_539": [6, 5], "car_659": [0, 3], "car_658": [9, 6], "car_651": [7, 2], "car_650": [1, 4], "car_653": [6, 2], "car_652": [2, 6], "car_655": [4, 5], "car_654": [9, 1], "car_657": [6, 7], "car_656": [10, 4], "car_1929": [6, 7], "car_1764": [9, 7], "car_1928": [3, 0], "car_1909": [4, 5], "car_1908": [11, 7], "car_1907": [6, 5], "car_1763": [6, 7], "car_1905": [10, 7], "car_1904": [2, 3], "car_1903": [10, 7], "car_1902": [4, 2], "car_1901": [11, 0], "car_1900": [6, 5], "car_1349": [3, 7], "car_1348": [2, 1], "car_1762": [5, 7], "car_1341": [11, 5], "car_1340": [8, 0], "car_1343": [10, 6], "car_1342": [7, 5], "car_1345": [9, 5], "car_1344": [2, 5], "car_1347": [7, 2], "car_1346": [0, 3], "car_1833": [7, 4], "car_1832": [4, 5], "car_349": [2, 3], "car_348": [0, 4], "car_1837": [7, 5], "car_1836": [4, 7], "car_1835": [0, 2], "car_1834": [9, 5], "car_343": [1, 0], "car_342": [10, 7], "car_341": [11, 2], "car_340": [0, 1], "car_347": [9, 2], "car_346": [6, 0], "car_345": [10, 2], "car_344": [7, 6], "car_1129": [8, 3], "car_1128": [9, 0], "car_1125": [1, 6], "car_1124": [2, 3], "car_1127": [5, 4], "car_1126": [7, 1], "car_1121": [8, 4], "car_1120": [0, 7], "car_1123": [10, 0], "car_1122": [4, 0], "car_1402": [3, 7], "car_1403": [2, 7], "car_1400": [2, 4], "car_1401": [9, 5], "car_1406": [2, 6], "car_1407": [6, 2], "car_1404": [5, 0], "car_1405": [8, 0], "car_2058": [8, 5], "car_2059": [1, 3], "car_2054": [3, 6], "car_2055": [7, 4], "car_2056": [10, 1], "car_2057": [5, 2], "car_2050": [3, 1], "car_2051": [8, 5], "car_2052": [7, 0], "car_2053": [6, 5], "car_1011": [1, 0], "car_1010": [3, 5], "car_1013": [7, 2], "car_1012": [4, 2], "car_1015": [5, 4], "car_1014": [2, 5], "car_1017": [6, 7], "car_1016": [2, 4], "car_1019": [8, 7], "car_1018": [0, 6], "car_25": [4, 2], "car_24": [9, 1], "car_27": [9, 5], "car_26": [7, 5], "car_21": [0, 4], "car_20": [9, 3], "car_23": [5, 3], "car_22": [8, 7], "car_29": [6, 2], "car_28": [1, 3], "car_1657": [5, 7], "car_1656": [10, 4], "car_1655": [1, 2], "car_1654": [9, 7], "car_1653": [7, 1], "car_1652": [1, 4], "car_1651": [3, 1], "car_1650": [6, 2], "car_1659": [11, 6], "car_1658": [9, 4], "car_1969": [4, 0], "car_1843": [8, 4], "car_435": [1, 4], "car_434": [11, 3], "car_437": [6, 3], "car_436": [7, 1], "car_431": [8, 7], "car_430": [6, 5], "car_433": [5, 1], "car_432": [11, 5], "car_1846": [5, 0], "car_439": [11, 7], "car_438": [8, 0], "car_1847": [0, 5], "car_1845": [2, 3], "car_1848": [11, 0], "car_1968": [1, 4], "car_1849": [4, 3], "car_1965": [0, 1], "car_1964": [2, 3], "car_501": [8, 4], "car_500": [0, 6], "car_503": [11, 4], "car_502": [10, 4], "car_505": [10, 2], "car_504": [1, 3], "car_507": [5, 1], "car_506": [2, 7], "car_509": [3, 4], "car_508": [9, 3], "car_1745": [6, 5], "car_646": [7, 6], "car_647": [10, 0], "car_644": [3, 6], "car_645": [8, 0], "car_642": [6, 7], "car_643": [9, 1], "car_640": [4, 1], "car_641": [10, 3], "car_648": [6, 0], "car_649": [3, 2], "car_1830": [0, 1], "car_1932": [4, 5], "car_1933": [2, 4], "car_1930": [9, 6], "car_1931": [8, 3], "car_1936": [0, 5], "car_1937": [11, 2], "car_1934": [6, 3], "car_1935": [4, 2], "car_1938": [8, 6], "car_1939": [1, 7], "car_1717": [5, 4], "car_1338": [2, 0], "car_1339": [3, 7], "car_1334": [5, 3], "car_1335": [7, 2], "car_1336": [3, 7], "car_1337": [10, 0], "car_1330": [0, 7], "car_1331": [8, 2], "car_1332": [1, 6], "car_1333": [4, 3], "car_1711": [6, 7], "car_358": [11, 7], "car_359": [3, 4], "car_1804": [5, 7], "car_1805": [6, 7], "car_1802": [8, 6], "car_1803": [10, 3], "car_1800": [0, 7], "car_1801": [3, 4], "car_350": [9, 5], "car_351": [3, 0], "car_352": [7, 4], "car_353": [3, 7], "car_354": [11, 4], "car_355": [10, 1], "car_356": [2, 1], "car_357": [8, 5], "car_1482": [2, 7], "car_1483": [0, 2], "car_1480": [11, 1], "car_1481": [4, 1], "car_1486": [10, 2], "car_1487": [2, 5], "car_1484": [11, 3], "car_1485": [4, 1], "car_1488": [9, 1], "car_1489": [0, 4], "car_1240": [3, 1], "car_1241": [7, 6], "car_1242": [5, 0], "car_1243": [2, 1], "car_1244": [5, 2], "car_1245": [6, 4], "car_1246": [3, 1], "car_1247": [4, 1], "car_1248": [7, 0], "car_1249": [10, 4], "car_1747": [8, 1], "car_1879": [10, 6], "car_2049": [10, 4], "car_2048": [7, 6], "car_2047": [1, 7], "car_2046": [11, 6], "car_2045": [0, 1], "car_2044": [5, 1], "car_2043": [4, 0], "car_2042": [8, 4], "car_2041": [6, 7], "car_2040": [5, 7], "car_1064": [11, 6], "car_1065": [4, 1], "car_1066": [7, 3], "car_1067": [5, 6], "car_1060": [2, 6], "car_1061": [2, 7], "car_1062": [0, 6], "car_1063": [3, 5], "car_1068": [0, 5], "car_1069": [8, 6], "car_1798": [11, 5], "car_1799": [2, 3], "car_10": [0, 7], "car_11": [1, 5], "car_12": [9, 5], "car_13": [11, 1], "car_14": [6, 0], "car_15": [9, 7], "car_16": [0, 7], "car_17": [3, 2], "car_18": [2, 7], "car_19": [9, 7], "car_1668": [5, 0], "car_1669": [1, 4], "car_1662": [5, 6], "car_1663": [6, 7], "car_1660": [1, 6], "car_1661": [4, 2], "car_1666": [4, 2], "car_1667": [7, 0], "car_1664": [5, 2], "car_1665": [11, 2], "car_1468": [4, 5], "car_1469": [7, 0], "car_1460": [10, 5], "car_1461": [9, 2], "car_1462": [0, 2], "car_1463": [1, 7], "car_1464": [10, 6], "car_1465": [5, 6], "car_1466": [7, 2], "car_1467": [8, 5], "car_422": [11, 0], "car_423": [1, 4], "car_420": [0, 3], "car_421": [3, 0], "car_426": [1, 3], "car_427": [10, 0], "car_424": [9, 3], "car_425": [11, 7], "car_428": [2, 5], "car_429": [9, 3], "car_2008": [10, 2], "car_518": [2, 0], "car_519": [0, 5], "car_516": [7, 1], "car_517": [10, 3], "car_514": [5, 4], "car_515": [1, 4], "car_512": [4, 7], "car_513": [2, 0], "car_510": [8, 4], "car_511": [5, 2], "car_1870": [1, 4], "car_633": [2, 3], "car_632": [7, 5], "car_631": [8, 0], "car_630": [9, 2], "car_637": [1, 6], "car_636": [8, 4], "car_635": [0, 1], "car_634": [5, 4], "car_639": [1, 0], "car_638": [0, 3], "car_189": [9, 4], "car_188": [7, 2], "car_185": [8, 4], "car_184": [6, 5], "car_187": [4, 0], "car_186": [11, 1], "car_181": [11, 2], "car_180": [3, 0], "car_183": [10, 6], "car_182": [1, 6], "car_749": [4, 3], "car_748": [11, 3], "car_747": [0, 3], "car_746": [9, 3], "car_745": [5, 2], "car_744": [2, 6], "car_743": [10, 6], "car_742": [4, 0], "car_741": [1, 2], "car_740": [3, 6], "car_2131": [7, 0], "car_299": [0, 5], "car_298": [10, 1], "car_1927": [0, 5], "car_1926": [6, 7], "car_1921": [9, 7], "car_1920": [10, 2], "car_1923": [1, 0], "car_1922": [3, 5], "car_291": [7, 6], "car_290": [11, 1], "car_293": [9, 1], "car_292": [6, 2], "car_295": [8, 0], "car_294": [3, 0], "car_297": [7, 6], "car_296": [1, 5], "car_1329": [4, 7], "car_1328": [11, 2], "car_1327": [3, 6], "car_1326": [9, 4], "car_1325": [4, 6], "car_1324": [1, 6], "car_1323": [11, 2], "car_1322": [3, 5], "car_1321": [5, 4], "car_1320": [2, 7], "car_365": [11, 5], "car_364": [8, 4], "car_367": [5, 2], "car_366": [4, 6], "car_361": [10, 4], "car_360": [11, 4], "car_363": [3, 1], "car_362": [5, 6], "car_1811": [9, 1], "car_1810": [6, 3], "car_1813": [4, 2], "car_1812": [11, 7], "car_369": [10, 5], "car_368": [4, 0], "car_1817": [3, 7], "car_1816": [0, 3], "car_167": [2, 6], "car_166": [7, 0], "car_165": [4, 2], "car_164": [5, 4], "car_163": [2, 7], "car_162": [7, 5], "car_161": [4, 2], "car_160": [3, 6], "car_169": [4, 3], "car_168": [0, 5], "car_1495": [10, 1], "car_1494": [7, 2], "car_1497": [11, 0], "car_1496": [6, 7], "car_1491": [4, 2], "car_1490": [8, 3], "car_1493": [6, 3], "car_1492": [2, 3], "car_1499": [4, 0], "car_1498": [1, 0], "car_1253": [5, 4], "car_1252": [1, 3], "car_1251": [4, 7], "car_1250": [11, 4], "car_1257": [7, 5], "car_1256": [1, 4], "car_1255": [3, 5], "car_1254": [9, 2], "car_1259": [7, 2], "car_1258": [2, 3], "car_1868": [8, 7], "car_1789": [0, 6], "car_1788": [9, 1], "car_2070": [8, 7], "car_2071": [1, 3], "car_2076": [4, 1], "car_2077": [10, 0], "car_2074": [6, 5], "car_2075": [3, 5], "car_1781": [9, 3], "car_1780": [6, 4], "car_1783": [0, 3], "car_1782": [0, 4], "car_1785": [11, 5], "car_1784": [8, 4], "car_1787": [6, 5], "car_1786": [2, 7], "car_1077": [10, 7], "car_1076": [1, 5], "car_1075": [8, 6], "car_1074": [3, 6], "car_1073": [0, 6], "car_1072": [9, 4], "car_1071": [10, 2], "car_1070": [7, 1], "car_1079": [3, 2], "car_1078": [0, 2], "car_2139": [5, 2], "car_2034": [0, 4], "car_2035": [3, 7], "car_2032": [2, 4], "car_2033": [6, 7], "car_2138": [8, 7], "car_985": [10, 5], "car_984": [3, 6], "car_987": [11, 7], "car_986": [2, 0], "car_981": [4, 7], "car_980": [7, 4], "car_983": [0, 4], "car_982": [6, 5], "car_1675": [5, 0], "car_1674": [7, 4], "car_1677": [8, 1], "car_1676": [9, 3], "car_989": [10, 5], "car_988": [7, 1], "car_1673": [8, 3], "car_1672": [6, 7], "car_1479": [8, 1], "car_1478": [0, 3], "car_1473": [10, 1], "car_1472": [4, 6], "car_1471": [11, 2], "car_1470": [5, 0], "car_1477": [9, 3], "car_1476": [5, 0], "car_1475": [10, 1], "car_1474": [7, 1], "car_1743": [10, 7], "car_1742": [4, 0], "car_2098": [3, 2], "car_2099": [8, 6], "car_2090": [7, 5], "car_2091": [9, 4], "car_2092": [7, 6], "car_2093": [5, 3], "car_2094": [0, 7], "car_2095": [3, 1], "car_2096": [7, 1], "car_2097": [9, 3], "car_569": [4, 7], "car_568": [3, 2], "car_563": [10, 7], "car_562": [4, 6], "car_561": [11, 2], "car_560": [3, 0], "car_567": [9, 4], "car_566": [7, 5], "car_565": [5, 6], "car_564": [2, 6], "car_620": [7, 6], "car_621": [2, 1], "car_622": [5, 1], "car_623": [11, 5], "car_624": [10, 7], "car_625": [2, 5], "car_626": [0, 1], "car_627": [3, 2], "car_628": [1, 5], "car_629": [10, 2], "car_1869": [11, 3], "car_1866": [5, 7], "car_1867": [0, 1], "car_198": [2, 5], "car_199": [5, 0], "car_192": [1, 4], "car_193": [10, 1], "car_190": [3, 4], "car_191": [11, 0], "car_196": [11, 6], "car_197": [6, 3], "car_194": [6, 4], "car_195": [8, 7], "car_758": [1, 7], "car_759": [4, 5], "car_754": [9, 4], "car_755": [0, 7], "car_756": [8, 1], "car_757": [11, 5], "car_750": [0, 1], "car_751": [11, 5], "car_752": [7, 3], "car_753": [10, 4], "car_1940": [7, 5], "car_286": [8, 7], "car_287": [7, 0], "car_284": [5, 7], "car_285": [6, 7], "car_282": [8, 6], "car_283": [4, 3], "car_280": [5, 4], "car_281": [9, 2], "car_1949": [4, 6], "car_288": [0, 1], "car_289": [8, 6], "car_1948": [6, 0], "car_1312": [5, 3], "car_1313": [6, 1], "car_1310": [3, 1], "car_1311": [10, 4], "car_1316": [3, 2], "car_1317": [8, 6], "car_1314": [9, 2], "car_1315": [0, 6], "car_1318": [11, 2], "car_1319": [7, 5], "car_372": [4, 7], "car_373": [5, 1], "car_370": [2, 3], "car_371": [9, 4], "car_376": [4, 6], "car_377": [6, 2], "car_374": [0, 7], "car_375": [11, 7], "car_1864": [9, 6], "car_1865": [8, 1], "car_378": [3, 4], "car_379": [8, 1], "car_1860": [4, 2], "car_1861": [2, 5], "car_1862": [9, 7], "car_1863": [1, 7], "car_174": [2, 3], "car_175": [9, 5], "car_176": [1, 6], "car_177": [4, 7], "car_170": [7, 5], "car_171": [8, 3], "car_172": [1, 5], "car_173": [10, 1], "car_178": [5, 4], "car_179": [0, 5], "car_1266": [2, 7], "car_1267": [6, 4], "car_1264": [1, 6], "car_1265": [7, 2], "car_1262": [3, 1], "car_1263": [11, 1], "car_1260": [9, 5], "car_1261": [0, 6], "car_1268": [9, 3], "car_1269": [7, 5], "car_2065": [2, 1], "car_2064": [4, 3], "car_1048": [2, 0], "car_1049": [5, 2], "car_2061": [10, 6], "car_2060": [7, 6], "car_2063": [3, 1], "car_2062": [9, 0], "car_1042": [5, 6], "car_1043": [2, 7], "car_1040": [0, 2], "car_1041": [11, 4], "car_1046": [3, 4], "car_1047": [11, 0], "car_1044": [5, 1], "car_1045": [6, 3], "car_78": [5, 4], "car_79": [3, 5], "car_72": [11, 5], "car_73": [7, 4], "car_70": [7, 4], "car_71": [10, 4], "car_76": [7, 5], "car_77": [2, 4], "car_74": [5, 0], "car_75": [9, 5], "car_992": [3, 5], "car_993": [11, 5], "car_990": [2, 3], "car_991": [9, 0], "car_996": [3, 5], "car_997": [8, 0], "car_994": [10, 2], "car_995": [6, 2], "car_1688": [5, 7], "car_1689": [7, 0], "car_998": [11, 7], "car_999": [1, 3], "car_1448": [2, 1], "car_1449": [9, 0], "car_1446": [4, 3], "car_1447": [7, 5], "car_1444": [6, 7], "car_1445": [3, 2], "car_1442": [11, 7], "car_1443": [7, 0], "car_1440": [0, 4], "car_1441": [3, 2], "car_2089": [2, 7], "car_2088": [10, 1], "car_2083": [7, 4], "car_2082": [6, 0], "car_2081": [7, 1], "car_2080": [4, 0], "car_2087": [1, 5], "car_2086": [11, 2], "car_2085": [6, 0], "car_2084": [10, 2], "car_578": [1, 0], "car_579": [4, 3], "car_553": [1, 5], "car_570": [2, 4], "car_571": [1, 2], "car_572": [10, 4], "car_573": [2, 1], "car_574": [5, 3], "car_806": [9, 1], "car_576": [9, 3], "car_577": [8, 2], "car_807": [3, 7], "car_800": [9, 2], "car_801": [0, 6], "car_802": [3, 1], "car_803": [1, 7], "car_2067": [8, 3], "car_2066": [5, 0], "car_619": [1, 3], "car_618": [2, 1], "car_615": [9, 1], "car_614": [6, 2], "car_617": [10, 2], "car_616": [8, 0], "car_611": [11, 1], "car_610": [6, 1], "car_613": [5, 0], "car_612": [7, 5], "car_2069": [2, 7], "car_2068": [11, 4], "car_769": [5, 7], "car_768": [2, 5], "car_761": [10, 5], "car_760": [7, 2], "car_763": [7, 4], "car_762": [9, 1], "car_765": [5, 4], "car_764": [2, 1], "car_767": [11, 6], "car_766": [0, 3], "car_575": [6, 1], "car_1305": [1, 4], "car_1304": [6, 7], "car_1307": [10, 0], "car_1306": [7, 0], "car_1301": [2, 7], "car_1300": [7, 1], "car_1303": [4, 3], "car_1302": [1, 0], "car_1309": [2, 0], "car_1308": [8, 5], "car_389": [0, 3], "car_388": [6, 4], "car_387": [2, 6], "car_386": [8, 7], "car_385": [3, 5], "car_384": [9, 1], "car_383": [2, 6], "car_382": [10, 5], "car_381": [7, 6], "car_380": [1, 0], "car_141": [1, 6], "car_140": [0, 3], "car_143": [2, 0], "car_142": [7, 1], "car_145": [4, 3], "car_144": [9, 7], "car_147": [9, 4], "car_146": [6, 1], "car_149": [2, 6], "car_148": [8, 5], "car_1279": [8, 7], "car_1278": [10, 7], "car_1271": [3, 6], "car_1270": [0, 2], "car_1273": [11, 0], "car_1272": [8, 4], "car_1275": [7, 0], "car_1274": [4, 0], "car_1277": [1, 2], "car_1276": [5, 2], "car_1059": [7, 1], "car_1058": [11, 1], "car_1055": [8, 2], "car_1054": [3, 2], "car_1057": [8, 4], "car_1056": [10, 2], "car_1051": [3, 1], "car_1050": [6, 3], "car_1053": [9, 4], "car_1052": [7, 1], "car_69": [4, 0], "car_68": [11, 7], "car_61": [6, 2], "car_60": [7, 2], "car_63": [11, 6], "car_62": [0, 4], "car_65": [2, 3], "car_64": [7, 3], "car_67": [8, 3], "car_66": [6, 3], "car_1693": [8, 0], "car_1692": [3, 6], "car_1691": [6, 0], "car_1690": [5, 0], "car_1697": [0, 5], "car_1696": [7, 4], "car_969": [9, 5], "car_968": [6, 4], "car_967": [7, 3], "car_966": [4, 3], "car_965": [1, 0], "car_964": [11, 2], "car_963": [8, 5], "car_962": [9, 1], "car_961": [2, 3], "car_960": [4, 0], "car_1451": [4, 5], "car_1450": [3, 0], "car_1453": [0, 4], "car_1452": [5, 3], "car_1455": [7, 2], "car_1454": [3, 1], "car_1457": [6, 5], "car_1456": [10, 6], "car_1459": [1, 7], "car_1458": [9, 6], "car_1680": [3, 5], "car_1681": [8, 2], "car_1682": [1, 4], "car_1683": [10, 6], "car_1684": [0, 2], "car_1685": [3, 4], "car_1891": [8, 3], "car_1686": [1, 3], "car_1890": [8, 1], "car_1687": [4, 1], "car_1893": [7, 1], "car_545": [10, 6], "car_544": [7, 6], "car_547": [0, 1], "car_546": [9, 0], "car_541": [0, 4], "car_540": [9, 3], "car_543": [11, 3], "car_542": [3, 2], "car_1895": [6, 1], "car_549": [10, 3], "car_548": [8, 6], "car_819": [8, 2], "car_818": [3, 0], "car_1897": [4, 5], "car_1896": [3, 4], "car_33": [10, 0], "car_1767": [11, 4], "car_1766": [9, 0], "car_1765": [3, 5], "car_608": [7, 3], "car_609": [10, 6], "car_602": [2, 5], "car_603": [0, 2], "car_600": [4, 3], "car_601": [10, 0], "car_606": [7, 3], "car_607": [4, 1], "car_604": [3, 0], "car_605": [1, 6], "car_1761": [7, 5], "car_1760": [6, 0], "car_776": [4, 6], "car_777": [2, 1], "car_774": [0, 3], "car_775": [1, 3], "car_772": [3, 4], "car_773": [6, 3], "car_770": [8, 6], "car_771": [9, 4], "car_1768": [10, 5], "car_778": [4, 2], "car_779": [7, 5], "car_1750": [10, 2], "car_1994": [3, 0], "car_1995": [11, 7], "car_1996": [5, 7], "car_1997": [6, 2], "car_1990": [10, 0], "car_1991": [4, 7], "car_1992": [7, 6], "car_1993": [10, 5], "car_1998": [9, 1], "car_1999": [1, 7], "car_1842": [6, 4], "car_1806": [9, 3], "car_1840": [11, 5], "car_1841": [7, 1], "car_398": [7, 3], "car_399": [10, 1], "car_1844": [7, 0], "car_1807": [3, 1], "car_394": [4, 1], "car_395": [9, 2], "car_396": [0, 3], "car_397": [4, 7], "car_390": [8, 5], "car_391": [10, 2], "car_392": [9, 2], "car_393": [8, 2], "car_158": [9, 0], "car_159": [0, 2], "car_156": [4, 0], "car_157": [5, 6], "car_154": [0, 6], "car_155": [8, 0], "car_152": [1, 7], "car_153": [9, 7], "car_150": [3, 5], "car_151": [11, 7], "car_1208": [4, 5], "car_1209": [7, 2], "car_1204": [7, 0], "car_1205": [3, 5], "car_1206": [8, 3], "car_1207": [4, 1], "car_1200": [3, 6], "car_1201": [8, 3], "car_1202": [11, 4], "car_1203": [1, 4], "car_1808": [11, 6], "car_1809": [10, 7], "car_1510": [3, 6], "car_1511": [11, 5], "car_1512": [4, 1], "car_1513": [7, 2], "car_1514": [10, 6], "car_1515": [5, 4], "car_1516": [2, 0], "car_1517": [6, 4], "car_1518": [3, 7], "car_1519": [1, 7], "car_1198": [2, 1], "car_1199": [9, 7], "car_1194": [5, 0], "car_1195": [0, 1], "car_1196": [11, 1], "car_1197": [10, 4], "car_1190": [9, 1], "car_1191": [11, 2], "car_1192": [7, 0], "car_1193": [2, 7], "car_2126": [4, 5], "car_2127": [10, 4], "car_978": [0, 7], "car_979": [8, 7], "car_974": [6, 7], "car_975": [9, 2], "car_976": [2, 3], "car_977": [4, 7], "car_970": [0, 6], "car_971": [1, 0], "car_972": [4, 7], "car_973": [2, 4], "car_1424": [0, 7], "car_1425": [11, 4], "car_1426": [1, 7], "car_1427": [5, 4], "car_1420": [4, 6], "car_1421": [1, 0], "car_1422": [10, 3], "car_1423": [2, 5], "car_1428": [11, 6], "car_1429": [1, 6], "car_2128": [2, 7], "car_2129": [6, 5], "car_1738": [6, 3], "car_1739": [3, 1], "car_1730": [11, 1], "car_1731": [5, 3], "car_1732": [0, 3], "car_1733": [3, 2], "car_1734": [8, 7], "car_1735": [11, 4], "car_1736": [4, 0], "car_1737": [5, 1], "car_54": [7, 0], "car_55": [7, 6], "car_56": [10, 3], "car_57": [2, 0], "car_50": [9, 3], "car_51": [8, 1], "car_52": [5, 0], "car_53": [11, 3], "car_58": [0, 6], "car_59": [8, 0], "car_552": [11, 7], "car_805": [2, 3], "car_550": [5, 1], "car_551": [8, 1], "car_556": [9, 5], "car_557": [0, 6], "car_554": [5, 7], "car_555": [6, 7], "car_558": [4, 2], "car_559": [0, 6], "car_808": [11, 5], "car_809": [2, 0], "car_1757": [8, 4], "car_703": [0, 3], "car_702": [10, 7], "car_701": [4, 1], "car_700": [8, 7], "car_707": [2, 5], "car_706": [10, 6], "car_705": [7, 3], "car_704": [8, 0], "car_709": [4, 2], "car_708": [9, 1], "car_1987": [6, 1], "car_1986": [5, 3], "car_1985": [10, 6], "car_1984": [1, 0], "car_1983": [8, 4], "car_1982": [0, 4], "car_1981": [10, 1], "car_1980": [1, 2], "car_1989": [1, 5], "car_1988": [8, 4], "car_1855": [2, 1], "car_1796": [2, 3], "car_1857": [11, 4], "car_1856": [6, 7], "car_1851": [2, 3], "car_1850": [10, 3], "car_1853": [8, 6], "car_1797": [3, 4], "car_1859": [11, 1], "car_1794": [6, 0], "car_129": [1, 2], "car_128": [11, 0], "car_123": [1, 0], "car_122": [11, 5], "car_121": [8, 0], "car_120": [6, 2], "car_127": [9, 5], "car_126": [6, 3], "car_125": [7, 3], "car_124": [0, 1], "car_1790": [4, 6], "car_1219": [7, 1], "car_1218": [8, 4], "car_1217": [0, 4], "car_1216": [2, 6], "car_1215": [10, 4], "car_1214": [2, 7], "car_1213": [3, 0], "car_1212": [0, 5], "car_1211": [6, 7], "car_1210": [2, 7], "car_1415": [11, 2], "car_1414": [5, 1], "car_1417": [8, 3], "car_1416": [9, 4], "car_1411": [4, 6], "car_1410": [11, 2], "car_237": [0, 6], "car_236": [9, 3], "car_235": [6, 3], "car_234": [5, 1], "car_233": [11, 0], "car_232": [6, 4], "car_231": [5, 4], "car_230": [11, 2], "car_1412": [7, 2], "car_239": [11, 6], "car_238": [8, 2], "car_1503": [0, 6], "car_1502": [9, 0], "car_1501": [2, 7], "car_1500": [10, 4], "car_1507": [4, 2], "car_1506": [1, 4], "car_1505": [8, 0], "car_1504": [3, 4], "car_1509": [9, 3], "car_1508": [5, 1], "car_1189": [5, 7], "car_1188": [10, 2], "car_1187": [4, 6], "car_1186": [1, 7], "car_1185": [0, 1], "car_1184": [9, 6], "car_1183": [6, 1], "car_1182": [3, 2], "car_1181": [6, 7], "car_1180": [5, 1], "car_949": [2, 3], "car_948": [7, 1], "car_941": [8, 6], "car_940": [3, 7], "car_943": [1, 3], "car_942": [3, 0], "car_945": [0, 6], "car_944": [11, 7], "car_947": [1, 7], "car_946": [3, 6], "car_1437": [4, 7], "car_1436": [1, 7], "car_1435": [9, 4], "car_1434": [4, 2], "car_1433": [11, 6], "car_1432": [3, 5], "car_1431": [10, 2], "car_1430": [7, 5], "car_1439": [9, 0], "car_1438": [2, 3], "car_493": [6, 3], "car_492": [5, 4], "car_491": [2, 4], "car_490": [7, 3], "car_497": [1, 5], "car_496": [8, 5], "car_495": [3, 5], "car_494": [9, 0], "car_499": [6, 0], "car_498": [10, 0], "car_1918": [9, 4], "car_1919": [3, 0], "car_1729": [9, 5], "car_1728": [10, 0], "car_1723": [4, 2], "car_1722": [5, 7], "car_1721": [10, 6], "car_1720": [1, 0], "car_1727": [8, 1], "car_1726": [5, 7], "car_1725": [11, 7], "car_1724": [2, 4], "car_43": [9, 5], "car_42": [6, 3], "car_41": [7, 3], "car_40": [11, 0], "car_47": [4, 1], "car_46": [11, 1], "car_45": [5, 0], "car_44": [10, 1], "car_49": [5, 6], "car_48": [10, 6], "car_1916": [5, 0], "car_1917": [6, 3], "car_1858": [7, 0], "car_831": [4, 0], "car_830": [11, 2], "car_833": [5, 3], "car_832": [2, 4], "car_835": [0, 2], "car_834": [9, 0], "car_837": [11, 7], "car_836": [3, 6], "car_839": [10, 1], "car_838": [4, 1], "car_1941": [0, 3], "car_710": [10, 0], "car_711": [6, 0], "car_712": [8, 1], "car_713": [11, 6], "car_714": [2, 7], "car_715": [5, 1], "car_716": [9, 4], "car_717": [8, 7], "car_718": [5, 1], "car_719": [10, 0], "car_1892": [3, 4], "car_1894": [5, 3], "car_138": [1, 7], "car_139": [10, 7], "car_130": [10, 7], "car_131": [2, 6], "car_132": [5, 0], "car_133": [9, 4], "car_134": [0, 3], "car_135": [11, 4], "car_136": [4, 5], "car_137": [10, 4], "car_1222": [0, 2], "car_1223": [6, 2], "car_1220": [6, 2], "car_1221": [9, 6], "car_1226": [8, 6], "car_1227": [11, 0], "car_1224": [10, 4], "car_1225": [9, 2], "car_1886": [1, 0], "car_1887": [4, 6], "car_1228": [4, 7], "car_1229": [7, 6], "car_1882": [11, 5], "car_1883": [4, 3], "car_1880": [6, 5], "car_1881": [9, 4], "car_224": [2, 7], "car_225": [6, 3], "car_226": [1, 3], "car_227": [10, 3], "car_220": [1, 0], "car_221": [7, 3], "car_222": [9, 5], "car_223": [10, 3], "car_228": [2, 4], "car_229": [5, 1], "car_1086": [3, 5], "car_1087": [8, 5], "car_1084": [5, 7], "car_1085": [0, 4], "car_1082": [1, 6], "car_1083": [7, 5], "car_1080": [8, 2], "car_1081": [11, 4], "car_1088": [1, 7], "car_1089": [7, 5], "car_1536": [4, 2], "car_1537": [5, 1], "car_1534": [2, 1], "car_1535": [3, 1], "car_1532": [8, 4], "car_1533": [4, 1], "car_1530": [5, 4], "car_1531": [0, 7], "car_1538": [0, 4], "car_1539": [3, 5], "car_956": [7, 3], "car_957": [5, 2], "car_954": [5, 1], "car_955": [1, 0], "car_952": [4, 7], "car_953": [7, 4], "car_950": [3, 5], "car_951": [1, 3], "car_1827": [0, 2], "car_958": [6, 7], "car_959": [9, 3], "car_1158": [6, 3], "car_1159": [9, 6], "car_1408": [5, 2], "car_1409": [3, 7], "car_1829": [7, 0], "car_1150": [7, 1], "car_1151": [10, 5], "car_1152": [2, 6], "car_1153": [6, 3], "car_1154": [0, 7], "car_1155": [4, 3], "car_1156": [10, 6], "car_1157": [5, 4], "car_1826": [9, 0], "car_480": [10, 1], "car_481": [3, 2], "car_482": [11, 4], "car_483": [4, 3], "car_484": [7, 4], "car_485": [1, 0], "car_486": [4, 5], "car_487": [10, 6], "car_488": [2, 7], "car_489": [4, 1], "car_853": [9, 4], "car_852": [2, 1], "car_851": [7, 2], "car_582": [1, 5], "car_1718": [9, 7], "car_1719": [3, 5], "car_1716": [4, 6], "car_857": [4, 3], "car_1714": [7, 1], "car_1715": [0, 1], "car_1712": [9, 5], "car_1713": [4, 7], "car_1710": [2, 3], "car_856": [1, 2], "car_1828": [4, 2], "car_855": [4, 3], "car_854": [0, 7], "car_828": [1, 4], "car_829": [4, 7], "car_826": [0, 3], "car_827": [3, 6], "car_824": [10, 2], "car_825": [6, 2], "car_822": [6, 1], "car_823": [0, 6], "car_820": [1, 2], "car_821": [5, 7], "car_729": [9, 7], "car_728": [6, 4], "car_725": [0, 1], "car_724": [2, 4], "car_727": [4, 2], "car_726": [3, 5], "car_721": [6, 0], "car_720": [2, 0], "car_723": [10, 7], "car_722": [7, 5], "car_1795": [10, 5], "car_1792": [0, 5], "car_1793": [8, 1], "car_105": [5, 0], "car_104": [7, 6], "car_107": [1, 0], "car_106": [3, 1], "car_101": [0, 5], "car_100": [9, 0], "car_103": [4, 0], "car_102": [8, 5], "car_1888": [2, 3], "car_109": [5, 0], "car_108": [2, 6], "car_1791": [9, 3], "car_1235": [3, 1], "car_1234": [10, 0], "car_1237": [4, 2], "car_1236": [1, 4], "car_1231": [5, 7], "car_1230": [2, 7], "car_1233": [1, 2], "car_1232": [6, 7], "car_1899": [2, 4], "car_1898": [10, 2], "car_1239": [0, 3], "car_1238": [6, 5], "car_211": [8, 1], "car_210": [6, 7], "car_213": [9, 4], "car_212": [10, 6], "car_215": [6, 0], "car_214": [11, 4], "car_217": [3, 7], "car_216": [9, 3], "car_219": [2, 5], "car_218": [10, 6], "car_1529": [3, 6], "car_1528": [0, 5], "car_1521": [10, 6], "car_1520": [7, 5], "car_1523": [8, 5], "car_1522": [2, 1], "car_1525": [2, 1], "car_1524": [1, 5], "car_1527": [6, 5], "car_1526": [2, 3], "car_923": [1, 0], "car_922": [11, 0], "car_921": [3, 2], "car_920": [7, 6], "car_927": [0, 4], "car_926": [4, 6], "car_925": [10, 1], "car_924": [4, 2], "car_929": [9, 2], "car_928": [4, 1], "car_1149": [4, 7], "car_1148": [11, 7], "car_1419": [3, 6], "car_1418": [1, 3], "car_1143": [5, 2], "car_1142": [3, 7], "car_1141": [6, 7], "car_1140": [11, 0], "car_1147": [2, 6], "car_1146": [11, 3], "car_1145": [9, 6], "car_1144": [0, 7], "car_1099": [10, 3], "car_1098": [7, 5], "car_1091": [3, 0], "car_1090": [6, 3], "car_1093": [4, 3], "car_1092": [11, 0], "car_1095": [1, 0], "car_1094": [3, 2], "car_1097": [11, 4], "car_1096": [5, 6], "car_1701": [6, 3], "car_1700": [4, 2], "car_1703": [1, 5], "car_1702": [3, 2], "car_1705": [6, 7], "car_1704": [4, 0], "car_1707": [11, 3], "car_1706": [9, 0], "car_1709": [0, 7], "car_1708": [10, 2], "car_589": [5, 7], "car_588": [4, 5], "car_859": [2, 1], "car_858": [10, 7], "car_1695": [5, 6], "car_581": [5, 1], "car_580": [7, 6], "car_583": [10, 2], "car_850": [11, 1], "car_585": [5, 6], "car_584": [9, 6], "car_587": [2, 4], "car_586": [1, 6], "car_2002": [10, 1], "car_2142": [9, 3], "car_2143": [0, 5], "car_2140": [7, 1], "car_2141": [10, 6], "car_457": [5, 7], "car_456": [2, 7], "car_455": [8, 7], "car_454": [0, 6], "car_453": [4, 0], "car_452": [1, 7], "car_451": [11, 5], "car_450": [6, 3], "car_1878": [7, 1], "car_459": [1, 3], "car_458": [3, 7], "car_1877": [3, 4], "car_1876": [2, 5], "car_1875": [1, 4], "car_1874": [0, 2], "car_1873": [9, 3], "car_1872": [6, 2], "car_738": [10, 5], "car_739": [9, 7], "car_1871": [10, 4], "car_733": [3, 1], "car_732": [6, 3], "car_32": [7, 0], "car_730": [7, 3], "car_731": [5, 6], "car_736": [1, 7], "car_737": [7, 1], "car_734": [8, 6], "car_735": [11, 7], "car_1976": [0, 5], "car_1977": [11, 2], "car_1698": [11, 2], "car_38": [0, 7], "car_39": [3, 5], "car_1978": [5, 4], "car_1979": [0, 2], "car_112": [8, 2], "car_113": [1, 2], "car_110": [5, 0], "car_111": [6, 4], "car_116": [3, 7], "car_117": [1, 2], "car_114": [6, 3], "car_115": [9, 6], "car_118": [2, 6], "car_119": [5, 4], "car_1950": [5, 0], "car_1951": [6, 7], "car_1952": [0, 4], "car_1953": [10, 0], "car_1954": [6, 1], "car_1955": [0, 7], "car_208": [10, 5], "car_209": [9, 5], "car_206": [3, 5], "car_207": [8, 1], "car_204": [11, 2], "car_205": [0, 6], "car_202": [4, 7], "car_203": [6, 4], "car_200": [0, 6], "car_201": [11, 0], "car_1558": [6, 5], "car_1559": [8, 2], "car_1554": [6, 4], "car_1555": [3, 7], "car_1556": [11, 1], "car_1557": [10, 2], "car_1550": [9, 1], "car_1551": [1, 2], "car_1552": [4, 3], "car_1553": [2, 7], "car_1398": [8, 5], "car_1399": [1, 4], "car_1392": [0, 5], "car_1393": [11, 3], "car_1390": [2, 1], "car_1391": [9, 4], "car_1396": [6, 5], "car_1397": [0, 3], "car_1394": [10, 6], "car_1395": [5, 4], "car_930": [0, 7], "car_931": [11, 1], "car_932": [10, 6], "car_933": [5, 6], "car_934": [9, 6], "car_935": [8, 1], "car_936": [7, 1], "car_937": [2, 7], "car_938": [9, 1], "car_939": [0, 4], "car_6": [3, 1], "car_7": [7, 0], "car_4": [7, 6], "car_5": [6, 3], "car_2": [5, 1], "car_3": [1, 0], "car_1178": [4, 1], "car_1": [10, 5], "car_1176": [5, 7], "car_1177": [1, 5], "car_1174": [11, 3], "car_1175": [4, 5], "car_1172": [9, 2], "car_1173": [0, 1], "car_8": [5, 3], "car_9": [6, 2], "car_1774": [9, 0], "car_1775": [11, 4], "car_1776": [5, 1], "car_1777": [8, 6], "car_1770": [4, 2], "car_1771": [7, 2], "car_1772": [2, 6], "car_1773": [4, 7], "car_1778": [1, 0], "car_1779": [7, 5], "car_98": [3, 1], "car_99": [4, 6], "car_90": [5, 1], "car_91": [6, 3], "car_92": [3, 7], "car_93": [8, 7], "car_94": [4, 0], "car_95": [2, 3], "car_96": [5, 2], "car_97": [6, 7], "car_596": [10, 3], "car_597": [0, 5], "car_594": [1, 0], "car_595": [4, 1], "car_592": [8, 7], "car_593": [11, 2], "car_590": [9, 7], "car_591": [0, 6], "car_598": [11, 3], "car_599": [1, 5], "car_848": [5, 2], "car_849": [6, 7], "car_840": [5, 1], "car_841": [8, 2], "car_842": [0, 6], "car_843": [3, 6], "car_844": [8, 2], "car_845": [11, 1], "car_846": [4, 0], "car_847": [2, 7], "car_1608": [10, 6], "car_1609": [5, 2], "car_1600": [3, 1], "car_1601": [11, 4], "car_1602": [5, 0], "car_1603": [9, 6], "car_1604": [0, 5], "car_1605": [7, 2], "car_1606": [8, 1], "car_1607": [7, 3], "car_444": [4, 3], "car_445": [6, 4], "car_446": [8, 4], "car_447": [2, 4], "car_440": [2, 4], "car_441": [9, 3], "car_442": [8, 6], "car_443": [1, 3], "car_448": [9, 1], "car_449": [3, 0], "car_695": [10, 5], "car_694": [11, 3], "car_697": [1, 5], "car_696": [5, 0], "car_691": [10, 2], "car_690": [7, 0], "car_693": [8, 2], "car_692": [0, 4], "car_699": [3, 2], "car_698": [2, 6], "car_1943": [11, 0], "car_1942": [3, 0], "car_279": [7, 0], "car_278": [11, 0], "car_1947": [5, 3], "car_1946": [8, 6], "car_1945": [9, 2], "car_1944": [4, 1], "car_273": [0, 6], "car_272": [11, 5], "car_271": [3, 7], "car_270": [9, 2], "car_277": [9, 3], "car_276": [5, 7], "car_275": [7, 0], "car_274": [11, 6], "car_1925": [5, 7], "car_1549": [2, 5], "car_1548": [3, 4], "car_1547": [6, 1], "car_1546": [5, 0], "car_1545": [8, 0], "car_1544": [6, 5], "car_1543": [7, 0], "car_1542": [5, 3], "car_1541": [4, 0], "car_1540": [8, 4], "car_1389": [1, 2], "car_1388": [0, 3], "car_1385": [2, 1], "car_1384": [3, 2], "car_1387": [9, 2], "car_1386": [5, 6], "car_1381": [6, 3], "car_1380": [5, 4], "car_1383": [9, 0], "car_1382": [7, 4], "car_307": [9, 3], "car_306": [1, 5], "car_305": [11, 3], "car_304": [8, 7], "car_303": [0, 7], "car_302": [6, 5], "car_301": [7, 4], "car_300": [3, 0], "car_804": [4, 2], "car_309": [4, 5], "car_308": [8, 6], "car_909": [3, 4], "car_908": [0, 5], "car_905": [8, 7], "car_904": [6, 0], "car_907": [6, 2], "car_906": [7, 5], "car_901": [8, 3], "car_900": [5, 2], "car_903": [4, 1], "car_902": [1, 3], "car_1161": [10, 5], "car_1160": [0, 5], "car_1163": [1, 3], "car_1162": [3, 4], "car_1165": [7, 1], "car_1164": [4, 0], "car_1167": [11, 2], "car_1166": [10, 0], "car_1169": [11, 7], "car_1168": [7, 5], "car_2010": [11, 1], "car_2011": [1, 5], "car_2012": [2, 4], "car_2013": [9, 2], "car_2014": [1, 0], "car_2015": [4, 3], "car_2016": [9, 7], "car_2017": [8, 7], "car_2018": [4, 0], "car_2019": [7, 0], "car_87": [6, 2], "car_86": [2, 7], "car_85": [4, 0], "car_84": [1, 0], "car_83": [8, 3], "car_82": [10, 1], "car_81": [7, 0], "car_80": [4, 7], "car_2001": [7, 3], "car_89": [2, 0], "car_88": [0, 1], "car_2000": [4, 0], "car_875": [10, 7], "car_874": [9, 4], "car_877": [8, 3], "car_876": [6, 2], "car_871": [8, 4], "car_870": [0, 5], "car_873": [6, 0], "car_872": [4, 1], "car_1694": [10, 7], "car_879": [7, 3], "car_878": [11, 7], "car_1752": [11, 6], "car_1753": [1, 7], "car_1699": [1, 0], "car_2124": [11, 7], "car_2125": [1, 4], "car_1619": [3, 2], "car_1618": [7, 0], "car_2120": [7, 6], "car_2121": [2, 5], "car_2122": [9, 1], "car_2123": [0, 3], "car_1613": [10, 1], "car_1612": [11, 0], "car_1611": [6, 2], "car_1610": [5, 4], "car_1617": [11, 2], "car_1616": [3, 4], "car_1615": [6, 3], "car_1614": [5, 4], "car_1754": [10, 3], "car_1755": [0, 7], "car_471": [9, 3], "car_470": [6, 4], "car_473": [7, 5], "car_472": [11, 4], "car_475": [8, 0], "car_474": [10, 5], "car_477": [5, 6], "car_476": [10, 1], "car_479": [7, 3], "car_478": [4, 0], "car_2038": [3, 5], "car_2039": [8, 5], "car_1819": [6, 1], "car_1818": [11, 0], "car_682": [10, 0], "car_683": [0, 3], "car_680": [3, 5], "car_681": [5, 2], "car_686": [6, 5], "car_687": [9, 5], "car_684": [4, 6], "car_685": [7, 2], "car_688": [11, 0], "car_689": [1, 0], "car_1815": [6, 0], "car_1814": [2, 5], "car_1670": [2, 7], "car_1956": [3, 2], "car_1957": [8, 5], "car_1958": [9, 0], "car_1959": [9, 4], "car_2003": [6, 5], "car_268": [5, 6], "car_269": [6, 4], "car_1974": [5, 7], "car_1975": [6, 3], "car_1972": [11, 2], "car_1973": [1, 2], "car_1970": [7, 3], "car_1971": [8, 0], "car_260": [8, 4], "car_261": [2, 7], "car_262": [3, 4], "car_263": [11, 7], "car_264": [1, 3], "car_265": [5, 0], "car_266": [9, 5], "car_267": [4, 2], "car_1572": [1, 5], "car_1573": [4, 0], "car_1570": [2, 5], "car_1571": [6, 2], "car_1576": [6, 5], "car_1577": [3, 2], "car_1574": [2, 0], "car_1575": [5, 0], "car_1578": [1, 6], "car_1579": [4, 5], "car_1370": [9, 4], "car_1371": [1, 6], "car_1372": [5, 4], "car_1373": [6, 1], "car_1374": [9, 1], "car_1375": [11, 1], "car_1376": [7, 5], "car_1377": [9, 5], "car_1378": [8, 5], "car_1379": [1, 4], "car_314": [1, 0], "car_315": [4, 1], "car_316": [6, 7], "car_317": [9, 6], "car_310": [7, 3], "car_311": [10, 6], "car_312": [5, 2], "car_313": [3, 1], "car_318": [3, 5], "car_319": [8, 6], "car_918": [0, 5], "car_919": [3, 4], "car_912": [7, 6], "car_913": [10, 3], "car_910": [2, 7], "car_911": [5, 6], "car_916": [5, 4], "car_917": [9, 3], "car_914": [9, 4], "car_915": [7, 4], "car_1114": [0, 4], "car_1115": [10, 6], "car_1116": [2, 5], "car_1117": [5, 2], "car_1110": [11, 3], "car_1111": [10, 0], "car_1112": [8, 1], "car_1113": [2, 4], "car_1118": [7, 3], "car_1119": [9, 4], "car_1284": [4, 0], "car_1285": [7, 4], "car_1286": [6, 7], "car_1287": [3, 6], "car_1280": [1, 4], "car_1281": [4, 6], "car_1282": [2, 5], "car_1283": [8, 5], "car_2130": [3, 2], "car_1288": [7, 1], "car_1289": [2, 3], "car_1744": [5, 6], "car_1028": [0, 2], "car_1029": [6, 5], "car_1758": [7, 1], "car_1759": [10, 0], "car_2007": [1, 5], "car_2006": [11, 1], "car_2005": [0, 4], "car_2004": [10, 4], "car_1020": [11, 5], "car_1021": [5, 3], "car_1022": [0, 7], "car_1023": [8, 5], "car_1024": [11, 6], "car_1025": [1, 7], "car_1026": [7, 2], "car_1027": [10, 4], "car_1598": [10, 5], "car_1599": [10, 4], "car_1590": [6, 5], "car_1591": [9, 1], "car_1592": [2, 4], "car_1593": [8, 7], "car_1594": [4, 5], "car_1595": [5, 7], "car_1596": [0, 5], "car_1597": [8, 0], "car_1746": [3, 4], "car_862": [8, 5], "car_863": [11, 7], "car_860": [5, 7], "car_861": [9, 7], "car_866": [9, 7], "car_867": [2, 3], "car_864": [4, 5], "car_865": [2, 5], "car_868": [5, 1], "car_869": [9, 0], "car_1741": [11, 3], "car_2137": [6, 4], "car_2136": [1, 7], "car_2135": [8, 3], "car_2134": [9, 0], "car_2133": [7, 4], "car_2132": [3, 5], "car_1628": [7, 1], "car_1629": [0, 4], "car_1626": [1, 6], "car_1627": [10, 2], "car_1624": [8, 4], "car_1625": [11, 5], "car_1622": [6, 2], "car_1623": [9, 2], "car_1620": [8, 0], "car_1621": [1, 0], "car_1740": [1, 2]}