{"car_3253": [10, 4], "car_2009": [10, 2], "car_3196": [10, 2], "car_3197": [2, 7], "car_3194": [4, 1], "car_3195": [7, 6], "car_3192": [0, 4], "car_3193": [3, 7], "car_3190": [10, 1], "car_3191": [2, 7], "car_3198": [5, 4], "car_3199": [8, 7], "car_2229": [3, 4], "car_2228": [6, 4], "car_468": [6, 1], "car_469": [9, 6], "car_466": [7, 6], "car_467": [10, 3], "car_464": [6, 0], "car_465": [1, 4], "car_462": [10, 0], "car_463": [2, 5], "car_460": [11, 1], "car_461": [1, 5], "car_2455": [10, 0], "car_3068": [6, 4], "car_3069": [0, 3], "car_2751": [7, 2], "car_3062": [0, 3], "car_3063": [3, 4], "car_3060": [1, 4], "car_3061": [6, 1], "car_3066": [4, 7], "car_3067": [5, 7], "car_3064": [11, 1], "car_3065": [1, 2], "car_3268": [11, 2], "car_817": [11, 6], "car_816": [8, 6], "car_3260": [6, 5], "car_3261": [3, 1], "car_3262": [11, 3], "car_3263": [10, 6], "car_3264": [2, 7], "car_815": [6, 2], "car_3266": [0, 7], "car_3267": [3, 1], "car_2750": [4, 0], "car_814": [2, 3], "car_813": [10, 2], "car_812": [4, 6], "car_2072": [6, 7], "car_811": [11, 1], "car_2073": [9, 5], "car_810": [8, 2], "car_3214": [5, 2], "car_679": [0, 6], "car_678": [5, 2], "car_677": [10, 6], "car_676": [7, 4], "car_675": [4, 7], "car_674": [8, 6], "car_673": [9, 1], "car_672": [6, 3], "car_671": [7, 5], "car_670": [4, 6], "car_2771": [6, 3], "car_3213": [2, 7], "car_2770": [5, 1], "car_3212": [10, 2], "car_2078": [7, 2], "car_2079": [5, 0], "car_3464": [8, 4], "car_2456": [2, 7], "car_2341": [0, 5], "car_2670": [0, 1], "car_3465": [1, 5], "car_2671": [8, 2], "car_2754": [3, 0], "car_2672": [1, 4], "car_2223": [8, 6], "car_789": [6, 1], "car_788": [5, 2], "car_3338": [5, 7], "car_2222": [3, 7], "car_783": [9, 5], "car_782": [6, 7], "car_781": [7, 2], "car_780": [1, 5], "car_787": [7, 2], "car_786": [1, 7], "car_785": [11, 5], "car_784": [3, 6], "car_3462": [10, 0], "car_2220": [6, 0], "car_0": [0, 6], "car_2227": [10, 7], "car_1179": [8, 5], "car_2375": [10, 7], "car_2226": [7, 3], "car_3339": [6, 0], "car_2225": [1, 6], "car_2224": [11, 7], "car_3463": [0, 2], "car_255": [3, 7], "car_254": [5, 7], "car_257": [7, 0], "car_256": [8, 2], "car_251": [3, 7], "car_250": [5, 4], "car_253": [7, 0], "car_252": [8, 5], "car_1961": [0, 3], "car_1960": [6, 7], "car_1963": [1, 3], "car_1962": [3, 6], "car_259": [6, 3], "car_258": [5, 3], "car_1967": [8, 0], "car_1966": [0, 3], "car_1170": [0, 7], "car_1171": [8, 4], "car_1565": [10, 5], "car_1564": [11, 5], "car_1567": [5, 7], "car_1566": [2, 6], "car_1561": [9, 3], "car_1560": [5, 1], "car_1563": [8, 2], "car_1562": [3, 0], "car_1569": [9, 6], "car_1568": [6, 0], "car_1413": [10, 1], "car_1363": [2, 0], "car_1362": [7, 6], "car_1361": [4, 5], "car_1360": [8, 1], "car_1367": [1, 5], "car_1366": [11, 7], "car_1365": [3, 4], "car_1364": [0, 1], "car_1369": [10, 7], "car_1368": [7, 3], "car_2758": [10, 4], "car_2376": [5, 2], "car_321": [2, 3], "car_320": [7, 4], "car_323": [9, 3], "car_322": [5, 3], "car_325": [7, 2], "car_324": [4, 1], "car_327": [9, 4], "car_326": [2, 1], "car_329": [5, 0], "car_328": [0, 2], "car_2722": [5, 1], "car_2723": [6, 1], "car_2720": [3, 7], "car_2721": [2, 3], "car_2726": [9, 1], "car_2727": [0, 4], "car_2724": [11, 7], "car_2725": [6, 3], "car_2728": [3, 6], "car_2729": [8, 5], "car_1107": [4, 3], "car_1106": [1, 4], "car_1105": [3, 2], "car_1104": [9, 1], "car_1103": [5, 2], "car_1102": [7, 5], "car_1101": [4, 3], "car_1100": [1, 7], "car_1109": [5, 7], "car_1108": [10, 6], "car_1297": [3, 1], "car_1296": [5, 6], "car_1295": [10, 4], "car_1294": [4, 3], "car_1293": [1, 4], "car_1292": [8, 3], "car_1291": [3, 5], "car_1290": [9, 1], "car_1299": [7, 2], "car_1298": [4, 1], "car_2928": [1, 6], "car_2929": [7, 6], "car_2924": [9, 1], "car_2925": [0, 6], "car_2926": [8, 7], "car_2927": [11, 0], "car_2920": [6, 7], "car_2921": [0, 5], "car_2922": [8, 4], "car_2923": [2, 1], "car_2586": [1, 0], "car_2587": [4, 7], "car_2584": [2, 6], "car_2585": [3, 0], "car_2582": [4, 2], "car_2583": [10, 0], "car_2580": [3, 2], "car_2581": [1, 6], "car_3527": [11, 4], "car_3526": [3, 7], "car_3525": [2, 6], "car_3524": [10, 4], "car_2858": [0, 2], "car_2859": [11, 7], "car_2588": [5, 7], "car_2589": [9, 1], "car_2036": [9, 7], "car_2037": [0, 7], "car_1039": [9, 4], "car_1038": [10, 5], "car_1749": [3, 5], "car_1748": [9, 2], "car_2030": [8, 7], "car_2031": [4, 0], "car_1033": [9, 2], "car_1032": [6, 3], "car_1031": [7, 0], "car_1030": [4, 5], "car_1037": [7, 6], "car_1036": [4, 6], "car_1035": [11, 0], "car_1034": [3, 5], "car_1589": [10, 3], "car_1588": [4, 6], "car_1583": [5, 6], "car_1582": [2, 7], "car_1581": [10, 2], "car_1580": [4, 1], "car_1587": [11, 2], "car_1586": [3, 2], "car_1585": [0, 5], "car_1584": [6, 7], "car_1852": [5, 7], "car_1906": [11, 4], "car_3295": [9, 2], "car_3294": [4, 6], "car_3297": [11, 4], "car_3296": [0, 7], "car_3291": [3, 5], "car_3290": [0, 6], "car_899": [8, 0], "car_898": [0, 2], "car_897": [9, 0], "car_896": [2, 5], "car_895": [10, 7], "car_894": [7, 3], "car_893": [9, 5], "car_892": [2, 1], "car_891": [8, 4], "car_890": [3, 4], "car_2458": [8, 5], "car_2459": [11, 4], "car_2108": [9, 1], "car_2109": [0, 1], "car_3457": [9, 7], "car_3456": [6, 5], "car_3455": [5, 4], "car_3454": [10, 1], "car_2102": [9, 1], "car_2103": [8, 4], "car_2100": [10, 1], "car_2101": [6, 0], "car_2106": [5, 4], "car_2107": [6, 1], "car_2104": [1, 2], "car_2105": [7, 1], "car_1631": [8, 6], "car_1630": [9, 0], "car_1633": [1, 2], "car_1632": [11, 2], "car_1635": [10, 0], "car_1634": [4, 1], "car_1637": [5, 7], "car_1636": [2, 5], "car_1639": [3, 5], "car_1638": [0, 7], "car_3418": [7, 0], "car_1751": [7, 2], "car_2803": [0, 5], "car_2802": [10, 4], "car_2801": [7, 4], "car_3189": [7, 1], "car_3188": [1, 2], "car_2800": [4, 0], "car_3269": [10, 0], "car_3181": [0, 4], "car_2807": [5, 1], "car_1756": [3, 2], "car_3182": [1, 4], "car_3185": [9, 0], "car_3184": [6, 5], "car_3187": [11, 5], "car_2806": [10, 2], "car_2805": [4, 3], "car_3306": [8, 6], "car_2816": [7, 2], "car_2804": [11, 2], "car_3380": [0, 2], "car_3104": [8, 7], "car_2414": [4, 1], "car_419": [10, 3], "car_418": [7, 1], "car_2218": [10, 0], "car_2219": [2, 1], "car_413": [6, 5], "car_412": [5, 6], "car_411": [7, 1], "car_410": [4, 1], "car_417": [4, 7], "car_416": [8, 0], "car_415": [3, 6], "car_414": [0, 1], "car_2417": [5, 6], "car_1679": [5, 6], "car_3546": [5, 3], "car_1678": [2, 7], "car_2412": [9, 4], "car_2947": [11, 1], "car_2413": [1, 0], "car_3265": [6, 1], "car_3079": [10, 0], "car_3078": [7, 6], "car_3075": [9, 3], "car_3074": [7, 2], "car_3077": [1, 2], "car_3076": [3, 2], "car_3071": [11, 7], "car_3070": [3, 6], "car_3073": [4, 1], "car_3072": [1, 7], "car_527": [11, 0], "car_526": [11, 2], "car_525": [0, 4], "car_524": [9, 0], "car_523": [6, 0], "car_522": [5, 7], "car_521": [2, 6], "car_520": [7, 2], "car_3273": [11, 3], "car_1671": [6, 1], "car_3271": [5, 4], "car_1889": [3, 0], "car_3277": [8, 1], "car_3276": [3, 1], "car_529": [7, 3], "car_528": [4, 1], "car_1884": [7, 3], "car_1885": [10, 5], "car_2368": [10, 7], "car_2786": [6, 0], "car_2787": [0, 7], "car_668": [8, 5], "car_669": [11, 2], "car_664": [4, 3], "car_665": [7, 5], "car_666": [2, 5], "car_667": [3, 7], "car_660": [2, 5], "car_661": [8, 6], "car_662": [11, 4], "car_663": [1, 2], "car_2759": [5, 6], "car_1854": [3, 5], "car_2788": [3, 6], "car_3308": [1, 7], "car_2789": [8, 1], "car_2940": [11, 1], "car_798": [11, 1], "car_799": [7, 3], "car_790": [0, 7], "car_791": [1, 0], "car_792": [4, 0], "car_793": [7, 4], "car_794": [2, 1], "car_795": [5, 2], "car_796": [6, 7], "car_797": [3, 6], "car_242": [6, 7], "car_243": [9, 6], "car_240": [2, 1], "car_241": [5, 1], "car_246": [11, 3], "car_247": [4, 3], "car_244": [0, 1], "car_245": [8, 2], "car_1914": [5, 1], "car_1915": [3, 5], "car_248": [7, 1], "car_249": [2, 3], "car_1910": [0, 3], "car_1911": [3, 7], "car_1912": [11, 4], "car_1913": [1, 7], "car_1356": [10, 4], "car_1357": [2, 7], "car_1354": [4, 7], "car_1355": [7, 3], "car_1352": [11, 0], "car_1353": [1, 4], "car_1350": [9, 2], "car_1351": [0, 4], "car_1358": [6, 4], "car_1359": [3, 1], "car_1831": [2, 3], "car_1820": [9, 4], "car_1821": [0, 7], "car_1822": [3, 7], "car_1823": [1, 3], "car_1824": [4, 7], "car_1825": [7, 0], "car_338": [0, 7], "car_339": [3, 0], "car_336": [5, 2], "car_337": [9, 0], "car_334": [4, 7], "car_335": [2, 6], "car_332": [8, 7], "car_333": [1, 6], "car_330": [9, 7], "car_331": [0, 5], "car_2735": [1, 4], "car_2734": [9, 0], "car_1138": [3, 1], "car_1139": [11, 4], "car_2731": [4, 1], "car_2730": [1, 2], "car_2733": [6, 3], "car_2732": [5, 2], "car_1132": [3, 7], "car_1133": [8, 2], "car_1130": [2, 6], "car_1131": [5, 7], "car_1136": [5, 4], "car_1137": [9, 7], "car_1134": [10, 0], "car_1135": [2, 6], "car_1839": [2, 5], "car_2393": [7, 1], "car_1838": [10, 4], "car_2392": [4, 3], "car_3301": [7, 1], "car_3300": [3, 7], "car_2939": [9, 7], "car_2938": [6, 7], "car_2937": [2, 1], "car_2936": [10, 3], "car_2935": [8, 4], "car_2934": [3, 2], "car_2933": [9, 1], "car_2932": [6, 2], "car_2931": [5, 0], "car_2930": [2, 7], "car_2029": [3, 2], "car_2028": [0, 4], "car_2845": [6, 7], "car_2844": [10, 4], "car_2843": [4, 6], "car_2842": [9, 4], "car_2841": [5, 3], "car_2840": [2, 0], "car_2021": [5, 3], "car_2020": [2, 6], "car_2023": [8, 5], "car_2022": [3, 1], "car_2025": [10, 7], "car_2024": [7, 1], "car_2027": [9, 0], "car_2026": [2, 0], "car_2948": [2, 3], "car_2520": [0, 1], "car_1008": [8, 0], "car_1009": [11, 2], "car_1006": [6, 2], "car_1007": [0, 2], "car_1004": [7, 6], "car_1005": [5, 3], "car_1002": [8, 0], "car_1003": [1, 4], "car_1000": [0, 1], "car_1001": [3, 1], "car_3459": [3, 1], "car_2398": [8, 4], "car_2629": [5, 2], "car_2524": [10, 7], "car_2628": [2, 4], "car_3310": [2, 7], "car_2525": [2, 3], "car_2995": [4, 0], "car_2674": [2, 3], "car_1924": [10, 7], "car_2994": [1, 5], "car_2527": [9, 1], "car_2997": [6, 3], "car_36": [11, 6], "car_37": [1, 6], "car_34": [6, 4], "car_35": [0, 2], "car_888": [2, 1], "car_889": [5, 7], "car_30": [3, 1], "car_31": [4, 0], "car_884": [11, 5], "car_885": [1, 5], "car_886": [7, 0], "car_887": [10, 3], "car_880": [2, 3], "car_881": [5, 1], "car_882": [6, 3], "car_883": [9, 1], "car_3466": [5, 2], "car_3467": [9, 6], "car_2449": [6, 2], "car_2448": [10, 0], "car_2119": [0, 6], "car_2118": [11, 2], "car_3460": [8, 5], "car_3461": [11, 4], "car_2115": [0, 7], "car_2114": [6, 4], "car_2117": [8, 2], "car_2116": [3, 7], "car_2111": [1, 7], "car_2110": [3, 7], "car_2113": [5, 1], "car_2112": [4, 3], "car_1644": [2, 0], "car_1645": [3, 5], "car_1646": [1, 3], "car_1647": [4, 1], "car_1640": [11, 2], "car_1641": [1, 0], "car_1642": [4, 1], "car_1643": [7, 6], "car_3312": [9, 4], "car_1648": [10, 0], "car_1649": [2, 6], "car_2599": [8, 1], "car_2159": [3, 1], "car_2158": [4, 3], "car_2591": [4, 3], "car_2590": [1, 7], "car_2593": [5, 2], "car_2592": [10, 1], "car_2595": [9, 4], "car_2594": [6, 4], "car_2597": [6, 3], "car_2596": [2, 3], "car_3560": [8, 7], "car_3313": [3, 0], "car_2677": [0, 7], "car_2608": [0, 4], "car_408": [11, 5], "car_409": [1, 3], "car_2203": [11, 4], "car_2202": [8, 0], "car_2205": [9, 7], "car_2204": [6, 7], "car_2207": [11, 7], "car_2206": [0, 3], "car_400": [2, 6], "car_401": [5, 1], "car_402": [8, 6], "car_403": [4, 7], "car_404": [7, 0], "car_405": [5, 0], "car_406": [9, 3], "car_407": [0, 1], "car_1769": [8, 7], "car_3080": [6, 2], "car_3081": [3, 2], "car_3082": [11, 2], "car_3083": [1, 2], "car_3084": [4, 6], "car_3085": [7, 4], "car_3086": [2, 5], "car_3087": [5, 3], "car_3088": [3, 0], "car_3089": [11, 3], "car_2973": [5, 6], "car_534": [9, 4], "car_535": [0, 2], "car_536": [3, 5], "car_537": [11, 5], "car_530": [10, 6], "car_531": [2, 5], "car_532": [5, 7], "car_533": [6, 3], "car_3246": [10, 0], "car_3247": [6, 0], "car_3244": [4, 0], "car_3245": [7, 5], "car_538": [1, 7], "car_539": [10, 6], "car_3240": [9, 1], "car_3241": [0, 7], "car_2972": [2, 7], "car_3317": [6, 0], "car_2310": [9, 2], "car_659": [4, 0], "car_658": [11, 0], "car_651": [7, 4], "car_650": [4, 0], "car_653": [2, 0], "car_652": [10, 1], "car_655": [6, 7], "car_654": [5, 1], "car_657": [3, 4], "car_656": [9, 4], "car_2970": [7, 4], "car_2907": [6, 1], "car_2977": [8, 5], "car_2909": [1, 0], "car_2976": [3, 5], "car_2434": [0, 1], "car_1929": [4, 0], "car_2195": [11, 7], "car_2194": [8, 7], "car_1764": [8, 0], "car_2197": [10, 2], "car_2196": [7, 5], "car_2191": [6, 7], "car_1928": [3, 4], "car_2190": [10, 2], "car_2193": [0, 2], "car_1909": [5, 0], "car_1908": [7, 1], "car_1907": [4, 0], "car_1763": [3, 4], "car_1905": [8, 2], "car_1904": [3, 1], "car_1903": [0, 2], "car_1902": [9, 3], "car_1901": [7, 4], "car_1900": [11, 6], "car_1349": [7, 5], "car_1348": [4, 6], "car_1762": [6, 4], "car_1341": [10, 7], "car_1340": [7, 1], "car_1343": [6, 4], "car_1342": [5, 7], "car_1345": [0, 3], "car_1344": [9, 2], "car_1347": [1, 3], "car_1346": [3, 5], "car_3234": [11, 7], "car_3219": [9, 4], "car_2753": [6, 4], "car_3231": [10, 7], "car_2752": [2, 0], "car_3230": [4, 2], "car_2698": [10, 0], "car_1833": [6, 1], "car_1832": [5, 3], "car_349": [4, 1], "car_348": [1, 5], "car_1837": [11, 5], "car_1836": [8, 7], "car_1835": [0, 4], "car_1834": [9, 2], "car_343": [2, 6], "car_342": [4, 7], "car_341": [1, 4], "car_340": [11, 3], "car_347": [3, 0], "car_346": [0, 1], "car_345": [6, 5], "car_344": [5, 3], "car_2325": [3, 1], "car_1129": [10, 0], "car_1128": [7, 1], "car_2979": [4, 5], "car_1125": [6, 7], "car_1124": [5, 1], "car_1127": [8, 0], "car_1126": [9, 6], "car_1121": [7, 1], "car_1120": [1, 0], "car_1123": [2, 3], "car_1122": [10, 6], "car_1402": [0, 1], "car_2320": [1, 2], "car_1403": [8, 1], "car_2321": [7, 3], "car_1400": [6, 0], "car_1401": [9, 0], "car_2978": [1, 3], "car_1406": [2, 7], "car_1407": [6, 2], "car_2902": [1, 2], "car_2903": [6, 2], "car_2900": [8, 5], "car_2901": [11, 1], "car_2906": [5, 6], "car_1404": [1, 0], "car_2904": [9, 3], "car_2905": [7, 3], "car_2908": [11, 1], "car_1405": [7, 6], "car_3505": [5, 0], "car_3504": [2, 7], "car_3507": [0, 1], "car_3506": [9, 0], "car_2058": [11, 0], "car_2059": [1, 7], "car_3503": [10, 2], "car_3502": [8, 5], "car_2054": [5, 7], "car_2055": [6, 7], "car_2056": [9, 7], "car_2057": [3, 6], "car_2050": [3, 0], "car_2051": [8, 2], "car_2052": [4, 7], "car_2053": [7, 4], "car_1011": [7, 1], "car_1010": [1, 0], "car_1013": [2, 6], "car_1012": [10, 1], "car_1015": [4, 7], "car_1014": [3, 2], "car_1017": [2, 0], "car_1016": [10, 5], "car_1019": [6, 7], "car_1018": [5, 3], "car_2690": [4, 1], "car_2691": [7, 4], "car_2696": [8, 1], "car_2697": [4, 1], "car_2694": [6, 5], "car_2695": [0, 5], "car_2790": [7, 0], "car_25": [1, 2], "car_24": [11, 5], "car_27": [7, 3], "car_26": [4, 0], "car_21": [5, 6], "car_20": [2, 5], "car_23": [8, 2], "car_22": [3, 4], "car_3471": [5, 4], "car_3470": [2, 1], "car_3473": [11, 3], "car_3472": [3, 7], "car_29": [9, 6], "car_28": [2, 6], "car_3477": [5, 4], "car_3476": [10, 4], "car_2478": [4, 2], "car_2479": [10, 4], "car_2476": [8, 4], "car_2477": [11, 7], "car_2474": [9, 7], "car_2475": [3, 0], "car_2472": [5, 4], "car_2473": [6, 1], "car_2470": [7, 6], "car_2471": [10, 6], "car_1657": [5, 2], "car_1656": [6, 0], "car_1655": [2, 7], "car_1654": [10, 4], "car_1653": [1, 5], "car_1652": [8, 3], "car_1651": [3, 4], "car_1650": [0, 3], "car_1659": [0, 2], "car_1658": [9, 1], "car_2878": [2, 4], "car_2879": [5, 3], "car_2872": [3, 2], "car_2873": [8, 4], "car_2870": [4, 3], "car_2871": [0, 7], "car_2876": [7, 6], "car_2877": [10, 1], "car_2874": [11, 6], "car_2875": [4, 6], "car_2688": [0, 6], "car_1969": [1, 5], "car_2315": [5, 3], "car_1843": [4, 0], "car_3211": [4, 3], "car_435": [0, 7], "car_434": [9, 3], "car_437": [7, 6], "car_436": [4, 3], "car_431": [7, 1], "car_430": [1, 7], "car_433": [5, 2], "car_432": [2, 3], "car_1846": [5, 1], "car_439": [5, 0], "car_438": [10, 5], "car_1847": [9, 2], "car_2274": [1, 2], "car_2275": [7, 1], "car_2276": [10, 0], "car_2277": [2, 3], "car_2270": [10, 3], "car_2271": [6, 5], "car_2272": [9, 7], "car_2273": [11, 7], "car_1845": [2, 6], "car_2278": [5, 7], "car_2279": [6, 5], "car_3573": [0, 1], "car_1848": [0, 3], "car_2289": [9, 4], "car_1968": [11, 1], "car_1849": [8, 0], "car_2288": [6, 5], "car_1965": [9, 1], "car_3370": [0, 1], "car_1964": [2, 4], "car_3093": [6, 5], "car_3092": [2, 5], "car_3091": [10, 5], "car_3090": [4, 5], "car_3097": [4, 6], "car_3096": [8, 3], "car_3095": [3, 2], "car_3094": [0, 1], "car_3420": [9, 7], "car_3376": [6, 3], "car_3099": [2, 4], "car_3098": [10, 5], "car_3311": [6, 5], "car_501": [11, 1], "car_500": [8, 0], "car_503": [4, 1], "car_502": [1, 4], "car_505": [10, 2], "car_504": [7, 2], "car_507": [5, 1], "car_506": [2, 1], "car_509": [9, 7], "car_508": [6, 7], "car_2302": [1, 7], "car_2303": [4, 6], "car_2304": [2, 4], "car_2305": [5, 6], "car_2306": [0, 7], "car_2307": [11, 1], "car_2281": [11, 7], "car_1745": [10, 7], "car_2280": [3, 0], "car_3378": [7, 6], "car_3379": [10, 1], "car_2960": [3, 0], "car_3475": [7, 6], "car_3474": [1, 7], "car_646": [3, 5], "car_647": [8, 7], "car_644": [10, 3], "car_645": [6, 5], "car_642": [4, 2], "car_643": [7, 2], "car_640": [9, 0], "car_641": [1, 2], "car_2314": [2, 7], "car_648": [11, 4], "car_649": [1, 0], "car_3570": [2, 6], "car_2961": [11, 4], "car_2576": [10, 2], "car_3577": [9, 0], "car_3572": [9, 0], "car_2526": [6, 7], "car_1830": [4, 6], "car_3574": [4, 5], "car_2673": [10, 5], "car_3575": [5, 7], "car_2962": [7, 1], "car_3576": [6, 3], "car_2570": [1, 0], "car_2681": [9, 3], "car_2999": [0, 2], "car_2420": [8, 1], "car_2963": [10, 1], "car_2680": [10, 6], "car_2854": [5, 0], "car_2964": [2, 4], "car_2683": [4, 1], "car_1932": [9, 3], "car_1933": [11, 1], "car_1930": [5, 0], "car_1931": [6, 0], "car_1936": [8, 5], "car_1937": [1, 7], "car_1934": [5, 6], "car_1935": [3, 4], "car_1938": [9, 3], "car_1939": [0, 5], "car_2682": [11, 1], "car_1717": [3, 4], "car_1338": [11, 6], "car_1339": [1, 4], "car_1334": [10, 5], "car_1335": [0, 6], "car_1336": [3, 7], "car_1337": [8, 3], "car_1330": [8, 1], "car_1331": [11, 7], "car_1332": [1, 0], "car_1333": [4, 3], "car_1711": [4, 3], "car_2998": [9, 7], "car_358": [4, 3], "car_359": [7, 2], "car_1804": [4, 6], "car_1805": [7, 2], "car_1802": [11, 7], "car_1803": [1, 6], "car_1800": [0, 1], "car_1801": [3, 7], "car_350": [10, 7], "car_351": [2, 6], "car_352": [9, 1], "car_353": [0, 2], "car_354": [3, 5], "car_355": [8, 0], "car_356": [11, 7], "car_357": [1, 4], "car_1482": [6, 7], "car_1483": [9, 7], "car_1480": [1, 3], "car_1481": [2, 5], "car_1486": [4, 6], "car_1487": [10, 1], "car_1484": [3, 1], "car_1485": [8, 2], "car_1488": [2, 6], "car_1489": [1, 5], "car_1240": [0, 2], "car_1241": [3, 6], "car_1242": [4, 6], "car_1243": [7, 5], "car_1244": [10, 0], "car_1245": [5, 4], "car_1246": [11, 0], "car_1247": [1, 3], "car_1248": [4, 6], "car_1249": [2, 7], "car_1747": [6, 4], "car_2374": [1, 4], "car_1879": [7, 5], "car_2917": [7, 1], "car_2916": [4, 2], "car_2911": [2, 6], "car_2910": [4, 0], "car_2913": [0, 7], "car_2912": [6, 0], "car_2919": [2, 3], "car_2918": [10, 7], "car_2049": [0, 2], "car_2048": [9, 1], "car_2047": [2, 1], "car_2046": [7, 1], "car_2045": [4, 1], "car_2044": [1, 2], "car_2043": [11, 3], "car_2042": [3, 1], "car_2041": [9, 7], "car_2040": [6, 7], "car_1064": [6, 7], "car_1065": [9, 1], "car_1066": [3, 1], "car_1067": [8, 0], "car_1060": [11, 2], "car_1061": [4, 7], "car_1062": [10, 3], "car_1063": [2, 6], "car_2685": [2, 4], "car_2684": [7, 6], "car_2687": [9, 4], "car_2686": [6, 3], "car_1068": [1, 4], "car_1069": [4, 2], "car_1798": [4, 5], "car_1799": [10, 2], "car_10": [11, 5], "car_11": [1, 4], "car_12": [4, 0], "car_13": [7, 1], "car_14": [10, 4], "car_15": [2, 3], "car_16": [5, 0], "car_17": [0, 6], "car_18": [1, 7], "car_19": [7, 4], "car_3406": [6, 5], "car_3407": [0, 2], "car_3400": [10, 0], "car_3401": [2, 6], "car_3402": [6, 3], "car_3403": [9, 0], "car_2461": [4, 6], "car_2460": [1, 6], "car_1668": [1, 4], "car_1669": [7, 5], "car_2465": [9, 6], "car_2464": [5, 6], "car_2467": [3, 5], "car_2466": [0, 5], "car_1662": [11, 0], "car_1663": [1, 4], "car_1660": [3, 5], "car_1661": [8, 4], "car_1666": [8, 7], "car_1667": [11, 3], "car_1664": [7, 1], "car_1665": [2, 3], "car_1468": [10, 1], "car_1469": [2, 7], "car_1460": [1, 0], "car_1461": [7, 5], "car_1462": [2, 0], "car_1463": [5, 6], "car_1464": [6, 0], "car_1465": [3, 2], "car_1466": [1, 0], "car_1467": [4, 6], "car_2699": [2, 1], "car_2869": [1, 6], "car_2868": [8, 5], "car_2865": [8, 4], "car_2864": [5, 2], "car_2867": [7, 4], "car_2866": [1, 5], "car_2861": [4, 7], "car_2860": [1, 3], "car_2863": [10, 1], "car_2862": [7, 0], "car_2648": [6, 1], "car_422": [0, 2], "car_423": [4, 1], "car_420": [5, 0], "car_421": [9, 6], "car_426": [6, 1], "car_427": [3, 7], "car_424": [7, 5], "car_425": [10, 6], "car_3318": [9, 1], "car_3319": [8, 3], "car_428": [8, 5], "car_429": [11, 1], "car_2377": [6, 3], "car_2267": [0, 6], "car_2266": [2, 5], "car_2265": [1, 2], "car_2264": [11, 1], "car_2263": [3, 2], "car_2262": [0, 3], "car_2261": [9, 4], "car_2260": [7, 1], "car_2371": [3, 6], "car_2269": [7, 4], "car_2268": [1, 0], "car_2373": [11, 0], "car_2372": [8, 5], "car_2008": [4, 2], "car_2370": [9, 7], "car_3486": [3, 4], "car_3487": [8, 7], "car_3224": [10, 1], "car_3225": [9, 2], "car_2319": [8, 6], "car_2318": [0, 7], "car_3220": [8, 3], "car_3221": [11, 3], "car_518": [1, 7], "car_519": [4, 7], "car_516": [8, 7], "car_517": [11, 6], "car_514": [9, 0], "car_515": [3, 0], "car_512": [2, 7], "car_513": [5, 0], "car_510": [0, 7], "car_511": [10, 0], "car_1870": [8, 5], "car_3589": [10, 5], "car_2692": [2, 5], "car_3488": [11, 4], "car_2444": [8, 6], "car_3469": [1, 3], "car_3489": [1, 5], "car_633": [1, 4], "car_632": [11, 1], "car_631": [6, 7], "car_630": [10, 4], "car_637": [10, 0], "car_636": [1, 7], "car_635": [11, 4], "car_634": [10, 4], "car_2675": [5, 0], "car_639": [6, 4], "car_638": [2, 1], "car_3588": [7, 3], "car_3138": [1, 6], "car_3139": [4, 0], "car_2693": [5, 3], "car_3130": [11, 2], "car_3131": [1, 4], "car_3132": [10, 6], "car_3133": [5, 0], "car_3134": [6, 4], "car_3135": [9, 4], "car_3136": [0, 1], "car_3137": [11, 1], "car_189": [1, 5], "car_188": [11, 7], "car_185": [6, 5], "car_184": [5, 3], "car_187": [0, 1], "car_186": [9, 7], "car_181": [11, 3], "car_180": [5, 7], "car_183": [10, 2], "car_182": [4, 3], "car_749": [2, 1], "car_748": [1, 6], "car_747": [11, 2], "car_746": [6, 0], "car_745": [2, 3], "car_744": [10, 4], "car_743": [3, 4], "car_742": [0, 4], "car_741": [4, 3], "car_740": [1, 0], "car_2131": [4, 2], "car_3316": [2, 4], "car_2618": [10, 2], "car_3584": [0, 4], "car_299": [0, 1], "car_298": [9, 3], "car_1927": [9, 5], "car_1926": [6, 4], "car_1921": [0, 6], "car_1920": [6, 2], "car_1923": [1, 2], "car_1922": [3, 7], "car_291": [11, 0], "car_290": [8, 1], "car_293": [4, 1], "car_292": [1, 2], "car_295": [2, 4], "car_294": [10, 4], "car_297": [6, 1], "car_296": [5, 4], "car_1329": [5, 7], "car_1328": [2, 6], "car_1327": [10, 3], "car_1326": [4, 6], "car_1325": [1, 5], "car_1324": [11, 7], "car_1323": [8, 0], "car_1322": [3, 1], "car_1321": [9, 4], "car_1320": [7, 3], "car_365": [0, 5], "car_364": [9, 7], "car_367": [8, 3], "car_366": [3, 2], "car_361": [2, 4], "car_360": [10, 3], "car_363": [6, 1], "car_362": [5, 1], "car_1811": [5, 3], "car_1810": [2, 3], "car_1813": [9, 2], "car_1812": [6, 7], "car_369": [4, 6], "car_368": [11, 3], "car_1817": [7, 6], "car_1816": [4, 0], "car_167": [10, 5], "car_166": [1, 5], "car_165": [11, 1], "car_164": [3, 1], "car_163": [5, 3], "car_162": [2, 5], "car_161": [10, 1], "car_160": [4, 0], "car_169": [6, 2], "car_168": [2, 3], "car_1495": [2, 4], "car_1494": [11, 0], "car_1497": [0, 6], "car_1496": [6, 3], "car_1491": [7, 5], "car_1490": [4, 2], "car_1493": [8, 6], "car_1492": [9, 0], "car_1499": [8, 2], "car_1498": [3, 6], "car_3580": [6, 4], "car_1253": [11, 3], "car_1252": [8, 4], "car_1251": [6, 5], "car_1250": [5, 6], "car_1257": [5, 7], "car_1256": [2, 5], "car_1255": [10, 0], "car_1254": [1, 3], "car_2850": [4, 6], "car_1259": [3, 2], "car_1258": [6, 5], "car_2851": [7, 2], "car_1868": [6, 4], "car_2852": [10, 2], "car_2853": [2, 0], "car_3583": [5, 7], "car_3248": [9, 3], "car_1789": [0, 1], "car_1788": [9, 3], "car_2070": [2, 4], "car_2071": [5, 1], "car_2076": [5, 3], "car_2077": [9, 7], "car_2074": [0, 4], "car_2075": [3, 4], "car_1781": [11, 5], "car_1780": [3, 4], "car_1783": [4, 0], "car_1782": [1, 6], "car_1785": [2, 3], "car_1784": [10, 5], "car_1787": [6, 3], "car_1786": [5, 1], "car_1077": [1, 6], "car_1076": [3, 5], "car_1075": [0, 4], "car_1074": [9, 7], "car_1073": [6, 1], "car_1072": [5, 0], "car_1071": [2, 0], "car_1070": [10, 2], "car_2678": [11, 3], "car_2679": [4, 7], "car_3520": [8, 1], "car_1079": [7, 4], "car_1078": [4, 0], "car_3257": [5, 6], "car_2139": [11, 1], "car_3256": [7, 0], "car_2034": [2, 4], "car_2300": [8, 5], "car_2035": [5, 7], "car_2301": [11, 3], "car_2032": [7, 3], "car_2033": [10, 7], "car_2996": [7, 5], "car_3419": [10, 2], "car_2138": [8, 5], "car_3417": [4, 6], "car_3416": [11, 1], "car_3415": [3, 0], "car_3414": [0, 2], "car_3413": [9, 6], "car_3412": [6, 7], "car_3411": [2, 4], "car_3410": [10, 4], "car_985": [6, 1], "car_984": [2, 5], "car_987": [2, 3], "car_986": [8, 6], "car_981": [1, 3], "car_980": [8, 2], "car_983": [10, 7], "car_982": [7, 2], "car_1675": [11, 2], "car_1674": [3, 2], "car_1677": [7, 4], "car_1676": [4, 5], "car_989": [9, 0], "car_988": [5, 0], "car_1673": [0, 1], "car_1672": [9, 2], "car_2784": [4, 1], "car_2785": [2, 7], "car_1479": [11, 3], "car_1478": [3, 0], "car_2780": [5, 7], "car_2781": [6, 4], "car_2782": [8, 2], "car_2783": [11, 5], "car_1473": [10, 5], "car_1472": [7, 2], "car_1471": [1, 7], "car_1470": [8, 4], "car_1477": [0, 3], "car_1476": [6, 0], "car_1475": [5, 6], "car_1474": [2, 7], "car_2890": [10, 4], "car_2891": [6, 1], "car_2892": [8, 3], "car_2893": [11, 6], "car_2894": [1, 2], "car_1743": [0, 6], "car_2896": [10, 5], "car_2897": [5, 1], "car_2898": [6, 5], "car_2899": [0, 1], "car_1742": [5, 6], "car_2990": [7, 0], "car_2528": [0, 1], "car_2529": [1, 0], "car_2258": [1, 6], "car_2259": [4, 5], "car_3307": [11, 5], "car_2689": [1, 6], "car_3305": [0, 1], "car_3304": [5, 7], "car_2252": [8, 6], "car_2253": [4, 5], "car_2250": [0, 1], "car_2251": [3, 2], "car_2256": [6, 0], "car_2257": [3, 6], "car_2254": [7, 6], "car_2255": [2, 6], "car_2098": [4, 6], "car_2099": [7, 0], "car_2090": [7, 1], "car_2091": [10, 5], "car_2092": [5, 1], "car_2093": [6, 3], "car_2094": [9, 1], "car_2095": [3, 0], "car_2096": [11, 6], "car_2097": [1, 4], "car_2992": [8, 6], "car_3237": [10, 4], "car_3236": [4, 2], "car_569": [0, 4], "car_568": [2, 1], "car_3233": [8, 1], "car_3232": [6, 1], "car_2328": [5, 3], "car_2329": [8, 4], "car_563": [0, 2], "car_562": [2, 7], "car_561": [4, 7], "car_560": [1, 3], "car_567": [10, 5], "car_566": [7, 4], "car_565": [8, 0], "car_564": [3, 7], "car_2331": [4, 6], "car_620": [10, 1], "car_621": [2, 5], "car_622": [5, 6], "car_623": [0, 6], "car_624": [11, 5], "car_625": [7, 0], "car_626": [2, 7], "car_627": [3, 5], "car_628": [1, 0], "car_629": [7, 1], "car_1869": [3, 4], "car_3129": [8, 3], "car_3128": [6, 7], "car_3123": [3, 6], "car_3122": [6, 3], "car_3121": [2, 3], "car_3120": [7, 2], "car_3127": [5, 7], "car_3126": [2, 3], "car_3125": [10, 0], "car_3124": [4, 1], "car_1866": [2, 0], "car_1867": [5, 0], "car_3388": [4, 1], "car_198": [10, 1], "car_199": [5, 6], "car_2831": [3, 5], "car_192": [6, 1], "car_193": [9, 1], "car_190": [10, 1], "car_191": [2, 6], "car_196": [1, 0], "car_197": [4, 0], "car_194": [0, 5], "car_195": [8, 2], "car_758": [3, 6], "car_759": [11, 5], "car_754": [4, 7], "car_755": [7, 6], "car_756": [2, 1], "car_757": [6, 4], "car_750": [5, 7], "car_751": [6, 1], "car_752": [3, 1], "car_753": [8, 6], "car_1940": [3, 0], "car_3355": [8, 5], "car_2991": [0, 5], "car_3299": [6, 0], "car_3298": [4, 0], "car_286": [5, 6], "car_287": [9, 0], "car_284": [7, 2], "car_285": [10, 1], "car_282": [11, 1], "car_283": [4, 2], "car_280": [3, 4], "car_281": [8, 6], "car_3353": [2, 0], "car_1949": [3, 5], "car_288": [0, 7], "car_289": [3, 0], "car_3453": [7, 0], "car_1948": [0, 2], "car_2791": [5, 4], "car_3592": [8, 7], "car_3452": [4, 0], "car_3451": [1, 7], "car_3450": [8, 5], "car_1312": [6, 3], "car_1313": [9, 2], "car_1310": [2, 1], "car_1311": [5, 3], "car_1316": [5, 2], "car_1317": [6, 0], "car_1314": [3, 6], "car_1315": [1, 2], "car_1318": [11, 1], "car_1319": [4, 5], "car_2450": [9, 3], "car_2451": [0, 6], "car_2452": [11, 6], "car_372": [3, 5], "car_373": [8, 5], "car_370": [10, 6], "car_371": [0, 7], "car_376": [7, 1], "car_377": [6, 5], "car_374": [1, 3], "car_375": [4, 0], "car_1864": [4, 6], "car_1865": [7, 4], "car_378": [9, 5], "car_379": [8, 2], "car_1860": [9, 7], "car_1861": [3, 1], "car_1862": [11, 3], "car_1863": [1, 4], "car_174": [3, 4], "car_175": [1, 3], "car_176": [4, 6], "car_177": [7, 2], "car_170": [9, 2], "car_171": [4, 5], "car_172": [10, 5], "car_173": [6, 5], "car_2457": [3, 4], "car_178": [10, 2], "car_179": [2, 4], "car_2338": [10, 4], "car_1266": [11, 0], "car_1267": [1, 5], "car_1264": [0, 5], "car_1265": [3, 6], "car_1262": [10, 6], "car_1263": [5, 1], "car_1260": [8, 7], "car_1261": [7, 4], "car_2949": [6, 1], "car_1268": [7, 5], "car_1269": [10, 0], "car_3581": [3, 2], "car_3371": [3, 2], "car_2406": [5, 1], "car_2065": [3, 6], "car_2064": [9, 7], "car_1048": [1, 4], "car_1049": [4, 6], "car_2061": [10, 0], "car_2060": [7, 0], "car_2063": [5, 6], "car_2062": [2, 1], "car_1042": [4, 0], "car_1043": [7, 2], "car_1040": [0, 4], "car_1041": [11, 0], "car_1046": [3, 7], "car_1047": [8, 0], "car_1044": [2, 7], "car_1045": [6, 4], "car_2663": [11, 5], "car_2662": [8, 3], "car_2661": [3, 6], "car_2660": [0, 7], "car_2667": [1, 3], "car_2666": [0, 7], "car_2665": [5, 6], "car_2664": [7, 6], "car_2669": [2, 5], "car_2668": [7, 4], "car_3528": [1, 5], "car_2404": [7, 5], "car_3582": [1, 2], "car_3422": [3, 7], "car_3423": [11, 0], "car_78": [3, 0], "car_79": [5, 3], "car_3426": [6, 2], "car_3427": [9, 6], "car_3424": [7, 3], "car_3425": [10, 5], "car_72": [6, 2], "car_73": [0, 7], "car_70": [10, 7], "car_71": [5, 2], "car_76": [2, 5], "car_77": [6, 5], "car_74": [8, 0], "car_75": [1, 2], "car_992": [11, 3], "car_993": [4, 1], "car_990": [3, 5], "car_991": [8, 3], "car_996": [3, 1], "car_997": [8, 0], "car_994": [7, 5], "car_995": [6, 2], "car_1688": [2, 4], "car_1689": [9, 1], "car_998": [11, 5], "car_999": [1, 2], "car_2409": [1, 4], "car_2408": [11, 6], "car_2797": [6, 2], "car_2796": [2, 0], "car_2795": [7, 6], "car_2794": [4, 0], "car_2793": [11, 7], "car_2792": [3, 4], "car_1448": [7, 6], "car_1449": [10, 6], "car_1446": [8, 2], "car_1447": [11, 0], "car_1444": [9, 7], "car_1445": [0, 7], "car_1442": [2, 4], "car_1443": [5, 1], "car_1440": [7, 3], "car_1441": [10, 0], "car_2883": [1, 7], "car_2882": [0, 4], "car_2881": [9, 6], "car_2798": [0, 6], "car_2887": [9, 6], "car_2886": [6, 1], "car_2885": [2, 6], "car_2884": [10, 3], "car_2889": [7, 2], "car_2888": [11, 7], "car_2401": [5, 2], "car_2986": [0, 6], "car_3336": [7, 1], "car_3337": [2, 6], "car_2539": [7, 1], "car_2538": [4, 0], "car_2249": [9, 5], "car_2248": [2, 1], "car_3330": [5, 1], "car_3331": [6, 5], "car_2245": [8, 3], "car_2244": [9, 0], "car_2247": [10, 4], "car_2246": [4, 6], "car_2241": [11, 3], "car_2240": [8, 6], "car_2243": [10, 4], "car_2242": [7, 3], "car_2089": [8, 7], "car_2088": [3, 0], "car_2083": [1, 4], "car_2082": [11, 3], "car_2081": [8, 1], "car_2080": [9, 5], "car_2087": [0, 2], "car_2086": [9, 4], "car_2085": [6, 1], "car_2084": [7, 5], "car_3180": [7, 4], "car_3183": [2, 3], "car_3239": [5, 3], "car_2984": [11, 0], "car_3208": [8, 7], "car_3209": [11, 0], "car_3202": [11, 4], "car_3203": [1, 0], "car_3200": [1, 5], "car_3186": [8, 1], "car_3206": [9, 2], "car_3207": [0, 7], "car_3204": [4, 3], "car_3205": [5, 4], "car_578": [8, 1], "car_579": [2, 7], "car_2333": [2, 4], "car_2332": [10, 5], "car_2335": [3, 0], "car_2334": [6, 5], "car_2337": [7, 2], "car_553": [10, 5], "car_570": [3, 0], "car_571": [8, 2], "car_572": [11, 3], "car_573": [1, 5], "car_574": [7, 5], "car_806": [6, 0], "car_576": [5, 7], "car_577": [9, 4], "car_807": [9, 6], "car_800": [2, 5], "car_801": [9, 1], "car_802": [8, 1], "car_2192": [9, 1], "car_803": [11, 1], "car_2067": [4, 6], "car_2066": [8, 3], "car_619": [7, 6], "car_618": [11, 7], "car_3377": [3, 0], "car_615": [2, 4], "car_614": [4, 3], "car_617": [8, 2], "car_616": [9, 3], "car_611": [0, 3], "car_610": [6, 2], "car_613": [1, 2], "car_612": [3, 0], "car_2151": [2, 7], "car_3118": [8, 0], "car_3119": [4, 3], "car_3116": [5, 0], "car_3117": [9, 2], "car_3114": [8, 7], "car_3115": [2, 4], "car_3112": [5, 0], "car_3113": [3, 7], "car_3110": [8, 5], "car_3111": [1, 2], "car_2704": [4, 5], "car_2705": [10, 7], "car_2706": [2, 4], "car_2150": [7, 5], "car_2707": [5, 7], "car_2069": [10, 0], "car_2068": [7, 0], "car_2702": [3, 0], "car_2703": [8, 3], "car_769": [9, 2], "car_768": [5, 0], "car_2567": [5, 1], "car_761": [2, 6], "car_760": [10, 7], "car_763": [9, 2], "car_762": [5, 7], "car_765": [11, 1], "car_764": [0, 2], "car_767": [2, 6], "car_766": [1, 0], "car_2216": [2, 6], "car_2217": [8, 5], "car_2330": [11, 1], "car_2214": [11, 4], "car_2215": [1, 5], "car_2212": [0, 3], "car_2213": [8, 6], "car_2210": [6, 5], "car_2211": [9, 0], "car_575": [10, 1], "car_3374": [2, 1], "car_1305": [3, 0], "car_1304": [0, 7], "car_1307": [4, 0], "car_1306": [1, 7], "car_1301": [5, 1], "car_1300": [10, 7], "car_1303": [9, 3], "car_1302": [6, 2], "car_1309": [10, 1], "car_1308": [7, 2], "car_389": [8, 5], "car_388": [6, 1], "car_387": [5, 1], "car_386": [7, 2], "car_385": [1, 3], "car_384": [8, 7], "car_383": [6, 2], "car_382": [7, 1], "car_381": [4, 0], "car_380": [11, 6], "car_141": [2, 7], "car_140": [10, 6], "car_143": [0, 1], "car_142": [5, 1], "car_145": [4, 2], "car_144": [11, 5], "car_147": [2, 5], "car_146": [7, 4], "car_149": [6, 2], "car_148": [5, 6], "car_2407": [6, 2], "car_1279": [10, 4], "car_1278": [7, 0], "car_1271": [3, 5], "car_1270": [5, 3], "car_1273": [7, 0], "car_1272": [1, 6], "car_1275": [0, 3], "car_1274": [10, 6], "car_1277": [4, 7], "car_1276": [8, 6], "car_2326": [11, 6], "car_2847": [0, 7], "car_2327": [2, 7], "car_3491": [5, 4], "car_1059": [8, 7], "car_1058": [9, 4], "car_1055": [2, 4], "car_1054": [11, 7], "car_1057": [6, 4], "car_1056": [5, 3], "car_1051": [2, 7], "car_1050": [10, 3], "car_1053": [8, 5], "car_1052": [9, 3], "car_2656": [1, 7], "car_2657": [7, 2], "car_2654": [5, 4], "car_2655": [3, 2], "car_2652": [10, 1], "car_2653": [2, 0], "car_2650": [8, 0], "car_2651": [4, 3], "car_2415": [7, 1], "car_2658": [2, 1], "car_2659": [6, 2], "car_3490": [4, 0], "car_2416": [10, 7], "car_69": [4, 2], "car_68": [11, 5], "car_2438": [9, 7], "car_2439": [0, 6], "car_3431": [6, 4], "car_3430": [2, 1], "car_3433": [0, 5], "car_3432": [9, 5], "car_61": [8, 7], "car_60": [3, 6], "car_63": [2, 6], "car_62": [7, 1], "car_65": [9, 3], "car_64": [5, 7], "car_67": [8, 1], "car_66": [3, 6], "car_1693": [5, 3], "car_1692": [2, 0], "car_1691": [8, 2], "car_1690": [0, 7], "car_1697": [11, 7], "car_1696": [8, 3], "car_969": [0, 6], "car_968": [5, 3], "car_967": [2, 6], "car_966": [7, 2], "car_965": [4, 5], "car_964": [9, 4], "car_963": [5, 1], "car_962": [3, 5], "car_961": [0, 6], "car_960": [6, 5], "car_1451": [0, 3], "car_1450": [9, 0], "car_1453": [1, 7], "car_1452": [8, 7], "car_1455": [7, 4], "car_1454": [4, 2], "car_1457": [0, 3], "car_1456": [2, 1], "car_1459": [8, 4], "car_1458": [3, 6], "car_3541": [9, 2], "car_2410": [7, 4], "car_2837": [3, 5], "car_3428": [3, 0], "car_3329": [10, 0], "car_3328": [7, 1], "car_3429": [1, 7], "car_3175": [3, 0], "car_3321": [1, 3], "car_3320": [11, 5], "car_3323": [10, 5], "car_3322": [7, 6], "car_3325": [0, 3], "car_3279": [1, 6], "car_3327": [4, 3], "car_3326": [3, 4], "car_3278": [11, 4], "car_2411": [6, 4], "car_3547": [9, 0], "car_2508": [3, 4], "car_2509": [11, 7], "car_2506": [6, 0], "car_2507": [9, 4], "car_2504": [4, 2], "car_2505": [10, 6], "car_2502": [8, 7], "car_2503": [11, 2], "car_2500": [6, 2], "car_2501": [0, 6], "car_2737": [5, 4], "car_1680": [6, 5], "car_1681": [0, 1], "car_3173": [11, 0], "car_1682": [3, 1], "car_1683": [11, 0], "car_3272": [6, 2], "car_1684": [1, 5], "car_2736": [4, 6], "car_1685": [10, 0], "car_1891": [11, 5], "car_3270": [2, 5], "car_1686": [6, 3], "car_1890": [8, 2], "car_1687": [10, 1], "car_1893": [10, 6], "car_545": [4, 1], "car_544": [8, 4], "car_547": [2, 5], "car_546": [10, 2], "car_541": [6, 5], "car_540": [2, 3], "car_543": [3, 6], "car_542": [0, 5], "car_3215": [9, 2], "car_1895": [5, 1], "car_3217": [11, 0], "car_3216": [0, 2], "car_549": [9, 1], "car_548": [6, 0], "car_819": [5, 3], "car_818": [4, 6], "car_2344": [10, 0], "car_2345": [2, 6], "car_2346": [5, 7], "car_2347": [6, 5], "car_2340": [9, 5], "car_1897": [9, 2], "car_2342": [3, 1], "car_2343": [1, 5], "car_2405": [10, 5], "car_1896": [6, 2], "car_2348": [11, 5], "car_2349": [1, 3], "car_33": [5, 1], "car_1767": [6, 0], "car_1766": [2, 7], "car_1765": [7, 6], "car_3498": [10, 3], "car_608": [2, 4], "car_609": [5, 0], "car_2941": [4, 3], "car_602": [4, 6], "car_603": [10, 6], "car_600": [6, 2], "car_601": [9, 5], "car_606": [4, 7], "car_607": [7, 2], "car_604": [2, 5], "car_605": [3, 4], "car_3101": [9, 5], "car_3100": [5, 2], "car_3103": [3, 5], "car_3102": [0, 6], "car_3105": [4, 6], "car_1761": [2, 5], "car_3107": [10, 1], "car_3106": [7, 1], "car_3109": [0, 4], "car_3108": [5, 7], "car_1760": [7, 6], "car_2799": [8, 6], "car_776": [10, 4], "car_777": [5, 7], "car_774": [4, 6], "car_775": [7, 6], "car_772": [11, 3], "car_773": [1, 6], "car_770": [0, 1], "car_771": [8, 5], "car_1768": [0, 6], "car_778": [8, 7], "car_779": [11, 1], "car_2418": [6, 5], "car_2880": [6, 4], "car_1750": [11, 3], "car_2419": [3, 4], "car_3293": [11, 5], "car_3292": [8, 7], "car_3251": [11, 0], "car_1994": [0, 3], "car_1995": [3, 5], "car_1996": [11, 4], "car_1997": [7, 4], "car_1990": [2, 3], "car_1991": [5, 6], "car_1992": [6, 3], "car_1993": [9, 3], "car_1998": [11, 2], "car_1999": [5, 0], "car_2846": [9, 1], "car_3250": [8, 0], "car_1842": [3, 4], "car_1806": [10, 4], "car_1840": [5, 2], "car_1841": [0, 5], "car_398": [3, 0], "car_399": [1, 3], "car_1844": [7, 6], "car_1807": [9, 7], "car_394": [9, 6], "car_395": [0, 4], "car_396": [1, 7], "car_397": [9, 3], "car_390": [1, 2], "car_391": [10, 4], "car_392": [2, 5], "car_393": [5, 4], "car_158": [11, 0], "car_159": [1, 4], "car_156": [3, 5], "car_157": [8, 3], "car_154": [5, 3], "car_155": [9, 4], "car_152": [8, 4], "car_153": [11, 0], "car_150": [9, 1], "car_151": [0, 4], "car_1208": [5, 4], "car_1209": [9, 5], "car_1204": [1, 2], "car_1205": [7, 4], "car_1206": [10, 7], "car_1207": [2, 4], "car_1200": [6, 4], "car_1201": [9, 0], "car_1202": [3, 2], "car_1203": [8, 5], "car_2601": [4, 7], "car_2403": [1, 0], "car_3252": [1, 6], "car_3334": [1, 2], "car_3335": [4, 3], "car_1808": [3, 2], "car_3255": [9, 3], "car_3332": [0, 5], "car_1809": [10, 3], "car_3333": [11, 1], "car_2649": [3, 7], "car_2612": [5, 0], "car_2613": [6, 0], "car_2641": [3, 6], "car_2640": [6, 3], "car_2643": [11, 0], "car_2642": [8, 2], "car_2645": [4, 0], "car_2644": [1, 6], "car_2647": [5, 6], "car_2646": [10, 0], "car_1510": [1, 7], "car_1511": [7, 5], "car_1512": [2, 6], "car_1513": [6, 0], "car_1514": [0, 2], "car_1515": [3, 5], "car_1516": [11, 1], "car_1517": [8, 2], "car_1518": [1, 3], "car_1519": [4, 7], "car_2531": [2, 7], "car_2965": [5, 2], "car_2530": [7, 6], "car_2966": [6, 2], "car_3366": [7, 3], "car_2537": [1, 7], "car_2967": [9, 1], "car_2536": [11, 2], "car_2968": [3, 1], "car_2855": [8, 4], "car_1198": [7, 3], "car_1199": [10, 0], "car_2969": [1, 5], "car_1194": [10, 2], "car_1195": [2, 6], "car_1196": [9, 6], "car_1197": [4, 0], "car_1190": [9, 7], "car_1191": [11, 7], "car_1192": [4, 2], "car_1193": [7, 4], "car_2619": [5, 0], "car_2429": [1, 4], "car_2428": [11, 1], "car_2425": [6, 3], "car_2424": [10, 0], "car_2427": [8, 1], "car_2426": [0, 3], "car_2421": [11, 2], "car_2126": [6, 4], "car_2423": [7, 5], "car_2422": [4, 1], "car_2856": [4, 0], "car_2127": [0, 6], "car_978": [0, 6], "car_979": [3, 2], "car_974": [7, 1], "car_975": [10, 1], "car_976": [5, 0], "car_977": [6, 7], "car_970": [3, 7], "car_971": [11, 0], "car_972": [1, 6], "car_973": [4, 6], "car_1424": [1, 0], "car_1425": [4, 5], "car_1426": [7, 0], "car_1427": [9, 5], "car_1420": [10, 7], "car_1421": [5, 0], "car_1422": [6, 5], "car_1423": [9, 3], "car_2402": [8, 7], "car_1428": [0, 2], "car_1429": [3, 4], "car_2857": [5, 0], "car_3259": [5, 7], "car_3593": [11, 6], "car_3358": [10, 1], "car_3359": [6, 2], "car_3354": [6, 5], "car_2128": [3, 0], "car_3356": [11, 5], "car_3357": [7, 6], "car_3350": [3, 7], "car_3258": [10, 5], "car_3352": [10, 1], "car_2129": [8, 6], "car_2511": [2, 4], "car_2510": [4, 3], "car_2513": [3, 2], "car_2512": [5, 4], "car_2515": [1, 2], "car_2514": [8, 2], "car_2517": [5, 6], "car_2516": [10, 4], "car_2519": [9, 2], "car_2518": [6, 1], "car_3590": [9, 1], "car_3591": [0, 1], "car_3596": [9, 7], "car_3594": [4, 5], "car_3595": [5, 0], "car_1738": [5, 1], "car_1739": [9, 1], "car_1730": [10, 7], "car_1731": [2, 3], "car_1732": [5, 1], "car_1733": [6, 2], "car_1734": [3, 1], "car_1735": [8, 5], "car_1736": [4, 5], "car_1737": [10, 0], "car_54": [10, 1], "car_55": [2, 3], "car_56": [5, 6], "car_57": [6, 0], "car_50": [11, 6], "car_51": [1, 2], "car_52": [4, 7], "car_53": [7, 1], "car_58": [9, 1], "car_59": [0, 7], "car_2609": [8, 3], "car_552": [4, 1], "car_805": [5, 3], "car_550": [3, 5], "car_551": [8, 7], "car_556": [1, 0], "car_557": [7, 2], "car_554": [9, 4], "car_555": [3, 4], "car_558": [9, 4], "car_559": [8, 4], "car_808": [0, 7], "car_809": [3, 6], "car_2357": [6, 1], "car_2356": [5, 2], "car_2355": [10, 7], "car_2354": [8, 0], "car_2353": [3, 2], "car_2352": [9, 5], "car_2351": [6, 0], "car_2350": [7, 5], "car_2359": [0, 6], "car_2358": [9, 6], "car_1757": [8, 7], "car_2339": [2, 7], "car_2469": [11, 4], "car_3174": [2, 7], "car_2915": [8, 0], "car_3176": [8, 3], "car_3177": [1, 0], "car_3170": [9, 7], "car_3171": [0, 1], "car_3172": [8, 5], "car_2914": [3, 5], "car_3178": [2, 7], "car_3179": [9, 4], "car_3369": [9, 0], "car_2468": [8, 3], "car_3437": [4, 7], "car_703": [11, 7], "car_702": [7, 4], "car_701": [4, 3], "car_700": [1, 5], "car_707": [9, 5], "car_706": [6, 0], "car_705": [10, 7], "car_704": [7, 5], "car_709": [11, 4], "car_708": [8, 7], "car_3436": [1, 5], "car_3008": [10, 2], "car_3009": [6, 4], "car_3000": [3, 5], "car_3001": [7, 5], "car_3002": [6, 1], "car_3003": [9, 1], "car_3004": [3, 7], "car_3005": [8, 7], "car_3006": [1, 2], "car_3007": [7, 6], "car_2221": [0, 1], "car_2308": [10, 5], "car_2400": [2, 3], "car_2309": [2, 4], "car_3201": [7, 5], "car_1987": [11, 6], "car_1986": [8, 1], "car_1985": [9, 6], "car_1984": [6, 7], "car_1983": [7, 4], "car_1982": [4, 0], "car_1981": [1, 4], "car_1980": [8, 0], "car_1989": [10, 1], "car_1988": [1, 6], "car_2768": [4, 3], "car_1855": [8, 2], "car_1796": [11, 6], "car_1857": [10, 7], "car_1856": [1, 0], "car_1851": [7, 3], "car_1850": [4, 2], "car_1853": [0, 1], "car_1797": [1, 0], "car_2336": [1, 7], "car_1859": [6, 1], "car_1794": [3, 1], "car_2230": [8, 4], "car_129": [9, 5], "car_128": [2, 3], "car_2231": [11, 3], "car_123": [6, 4], "car_122": [5, 0], "car_121": [2, 6], "car_120": [11, 0], "car_127": [7, 0], "car_126": [4, 6], "car_125": [8, 0], "car_124": [0, 2], "car_1790": [3, 5], "car_1219": [1, 3], "car_1218": [11, 4], "car_1217": [8, 4], "car_1216": [0, 7], "car_1215": [5, 3], "car_1214": [2, 1], "car_1213": [11, 3], "car_1212": [8, 7], "car_1211": [3, 4], "car_1210": [0, 6], "car_1415": [9, 6], "car_1414": [2, 0], "car_1417": [8, 4], "car_1416": [0, 6], "car_1411": [1, 7], "car_1410": [11, 2], "car_237": [3, 7], "car_236": [9, 5], "car_235": [2, 1], "car_234": [4, 2], "car_233": [1, 3], "car_232": [11, 7], "car_231": [0, 4], "car_230": [6, 4], "car_3372": [4, 3], "car_1412": [4, 6], "car_239": [7, 6], "car_238": [1, 7], "car_2988": [11, 1], "car_2989": [4, 6], "car_2638": [2, 4], "car_2639": [5, 0], "car_2634": [5, 3], "car_2635": [3, 6], "car_2636": [4, 1], "car_2637": [10, 3], "car_2630": [9, 6], "car_2631": [8, 7], "car_2632": [11, 5], "car_2633": [1, 7], "car_1503": [0, 4], "car_1502": [10, 1], "car_1501": [7, 4], "car_1500": [1, 7], "car_1507": [4, 5], "car_1506": [1, 2], "car_1505": [11, 4], "car_1504": [8, 2], "car_3373": [10, 2], "car_1509": [8, 4], "car_1508": [0, 5], "car_3439": [6, 0], "car_1189": [6, 7], "car_1188": [10, 1], "car_1187": [4, 5], "car_1186": [11, 3], "car_1185": [8, 1], "car_1184": [6, 5], "car_1183": [5, 4], "car_1182": [2, 4], "car_1181": [7, 6], "car_1180": [11, 5], "car_2182": [8, 7], "car_2183": [4, 7], "car_2180": [6, 4], "car_2181": [3, 4], "car_2186": [6, 2], "car_2187": [3, 4], "car_2184": [10, 5], "car_2185": [5, 4], "car_3438": [2, 6], "car_2188": [8, 4], "car_2189": [11, 0], "car_949": [2, 4], "car_948": [7, 6], "car_2742": [11, 6], "car_2743": [4, 1], "car_2744": [7, 0], "car_2745": [10, 0], "car_2746": [5, 0], "car_2747": [6, 0], "car_941": [2, 1], "car_940": [10, 3], "car_943": [6, 7], "car_942": [5, 1], "car_945": [8, 6], "car_944": [0, 3], "car_947": [1, 5], "car_946": [11, 4], "car_1437": [2, 3], "car_1436": [10, 0], "car_1435": [4, 3], "car_1434": [1, 0], "car_1433": [8, 5], "car_1432": [5, 3], "car_1431": [4, 5], "car_1430": [1, 2], "car_1439": [4, 0], "car_1438": [8, 2], "car_3501": [3, 1], "car_2238": [5, 4], "car_2823": [0, 1], "car_493": [2, 4], "car_492": [10, 4], "car_491": [4, 1], "car_490": [11, 7], "car_497": [1, 2], "car_496": [8, 6], "car_495": [3, 0], "car_494": [0, 5], "car_3347": [0, 4], "car_3346": [6, 5], "car_499": [3, 1], "car_498": [9, 2], "car_3343": [10, 3], "car_3342": [1, 7], "car_3341": [8, 5], "car_3340": [0, 6], "car_2296": [11, 4], "car_2297": [1, 6], "car_2294": [9, 6], "car_2239": [9, 2], "car_2292": [7, 6], "car_2293": [10, 5], "car_2290": [3, 6], "car_2291": [11, 0], "car_3585": [11, 5], "car_1918": [3, 4], "car_3587": [4, 7], "car_3586": [1, 7], "car_2568": [6, 0], "car_2569": [11, 6], "car_2298": [2, 3], "car_1919": [7, 5], "car_1729": [4, 1], "car_1728": [8, 5], "car_1723": [10, 3], "car_1722": [7, 0], "car_1721": [4, 1], "car_1720": [1, 3], "car_1727": [3, 6], "car_1726": [9, 5], "car_1725": [5, 2], "car_1724": [2, 5], "car_43": [7, 6], "car_42": [3, 2], "car_41": [0, 3], "car_40": [9, 6], "car_47": [0, 5], "car_46": [6, 2], "car_45": [5, 6], "car_44": [2, 4], "car_49": [8, 3], "car_48": [3, 5], "car_1916": [8, 6], "car_3365": [4, 0], "car_1917": [1, 6], "car_3364": [1, 7], "car_3375": [5, 7], "car_3367": [5, 3], "car_1858": [5, 2], "car_831": [3, 4], "car_830": [6, 7], "car_833": [11, 5], "car_832": [8, 6], "car_835": [4, 6], "car_834": [1, 3], "car_837": [2, 5], "car_836": [7, 0], "car_839": [9, 2], "car_838": [6, 1], "car_2360": [3, 0], "car_2361": [11, 4], "car_2366": [3, 4], "car_2367": [8, 2], "car_2364": [6, 7], "car_2365": [9, 4], "car_2168": [1, 6], "car_2169": [7, 0], "car_3509": [11, 3], "car_2160": [8, 7], "car_2161": [7, 3], "car_2162": [10, 0], "car_2163": [2, 6], "car_2164": [5, 6], "car_2165": [6, 4], "car_2166": [9, 1], "car_2167": [8, 6], "car_2810": [7, 0], "car_2811": [9, 2], "car_2812": [0, 5], "car_2813": [8, 6], "car_1941": [6, 5], "car_2814": [11, 0], "car_3055": [2, 4], "car_2815": [1, 5], "car_2544": [7, 3], "car_3235": [1, 2], "car_2817": [6, 1], "car_3167": [10, 2], "car_3166": [4, 6], "car_3165": [8, 7], "car_3164": [9, 5], "car_3163": [6, 3], "car_3162": [10, 1], "car_3161": [4, 2], "car_3160": [11, 4], "car_2463": [2, 6], "car_3169": [6, 5], "car_3168": [5, 4], "car_2462": [10, 7], "car_3309": [7, 5], "car_3565": [2, 3], "car_710": [10, 7], "car_711": [2, 3], "car_712": [6, 1], "car_713": [3, 4], "car_714": [8, 6], "car_715": [11, 3], "car_716": [1, 3], "car_717": [4, 0], "car_718": [10, 2], "car_719": [2, 1], "car_1892": [4, 5], "car_3019": [9, 5], "car_3018": [5, 1], "car_3028": [1, 4], "car_3013": [8, 3], "car_3012": [3, 0], "car_3011": [0, 6], "car_3010": [9, 0], "car_3017": [10, 4], "car_3016": [7, 1], "car_3015": [4, 7], "car_2987": [8, 1], "car_3508": [8, 0], "car_3421": [0, 5], "car_1894": [2, 7], "car_2895": [7, 4], "car_3368": [6, 4], "car_138": [8, 2], "car_139": [4, 3], "car_130": [3, 5], "car_131": [11, 4], "car_132": [7, 0], "car_133": [10, 5], "car_134": [2, 6], "car_135": [6, 0], "car_136": [0, 2], "car_137": [3, 7], "car_1222": [8, 3], "car_1223": [1, 6], "car_1220": [10, 4], "car_1221": [2, 7], "car_1226": [2, 1], "car_1227": [6, 5], "car_1224": [4, 1], "car_1225": [7, 6], "car_1886": [5, 3], "car_1887": [6, 5], "car_1228": [3, 1], "car_1229": [1, 6], "car_1882": [8, 4], "car_1883": [11, 2], "car_1880": [9, 6], "car_1881": [0, 1], "car_2621": [0, 7], "car_224": [8, 0], "car_225": [11, 4], "car_226": [4, 1], "car_227": [7, 6], "car_220": [11, 0], "car_221": [1, 7], "car_222": [9, 1], "car_223": [0, 1], "car_228": [10, 1], "car_229": [2, 1], "car_1086": [1, 5], "car_1087": [7, 5], "car_1084": [3, 1], "car_1085": [8, 3], "car_1082": [5, 1], "car_1083": [6, 2], "car_1080": [10, 6], "car_1081": [2, 6], "car_2627": [7, 4], "car_2626": [4, 0], "car_2625": [1, 6], "car_2624": [11, 0], "car_2623": [8, 5], "car_2622": [3, 4], "car_1088": [2, 4], "car_1089": [8, 2], "car_1536": [0, 6], "car_1537": [8, 7], "car_1534": [5, 6], "car_1535": [6, 2], "car_1532": [8, 2], "car_1533": [11, 2], "car_1530": [6, 0], "car_1531": [9, 7], "car_1538": [11, 0], "car_1539": [1, 2], "car_3512": [6, 4], "car_956": [6, 7], "car_957": [8, 1], "car_954": [10, 1], "car_955": [5, 7], "car_952": [0, 4], "car_953": [11, 1], "car_950": [5, 7], "car_951": [9, 0], "car_1827": [2, 1], "car_2199": [5, 7], "car_2198": [2, 6], "car_958": [11, 3], "car_959": [7, 3], "car_1158": [5, 6], "car_1159": [6, 4], "car_1408": [9, 2], "car_1409": [0, 2], "car_2757": [7, 4], "car_2756": [4, 2], "car_2755": [8, 5], "car_1829": [8, 4], "car_1150": [7, 6], "car_1151": [2, 6], "car_1152": [0, 1], "car_1153": [3, 2], "car_1154": [1, 7], "car_1155": [4, 1], "car_1156": [10, 0], "car_1157": [2, 0], "car_2532": [5, 2], "car_2380": [1, 3], "car_3510": [4, 0], "car_2764": [6, 2], "car_2381": [6, 0], "car_2382": [9, 2], "car_2383": [1, 2], "car_1826": [10, 4], "car_3314": [1, 6], "car_3315": [4, 3], "car_480": [2, 7], "car_481": [9, 3], "car_482": [3, 2], "car_483": [11, 1], "car_484": [1, 3], "car_485": [4, 2], "car_486": [10, 3], "car_487": [2, 0], "car_488": [6, 2], "car_489": [0, 5], "car_2283": [6, 7], "car_2282": [2, 0], "car_2285": [0, 5], "car_2284": [9, 4], "car_2287": [2, 0], "car_2286": [11, 5], "car_2577": [5, 0], "car_853": [1, 4], "car_2575": [8, 6], "car_2574": [3, 0], "car_2573": [0, 6], "car_2572": [5, 3], "car_2571": [10, 3], "car_852": [11, 1], "car_3578": [8, 0], "car_3579": [10, 3], "car_851": [3, 2], "car_2579": [9, 5], "car_2578": [6, 7], "car_582": [3, 5], "car_1718": [8, 3], "car_1719": [11, 7], "car_1716": [0, 2], "car_857": [5, 7], "car_1714": [5, 7], "car_1715": [6, 5], "car_1712": [7, 5], "car_1713": [10, 0], "car_1710": [0, 1], "car_856": [2, 4], "car_2982": [3, 0], "car_1828": [6, 4], "car_855": [10, 0], "car_2983": [8, 7], "car_854": [4, 7], "car_2980": [7, 1], "car_2981": [6, 2], "car_2739": [0, 2], "car_2738": [9, 6], "car_3494": [8, 5], "car_2379": [11, 5], "car_2378": [3, 4], "car_828": [1, 7], "car_829": [4, 3], "car_826": [8, 2], "car_827": [11, 6], "car_824": [1, 5], "car_825": [2, 3], "car_822": [3, 7], "car_823": [11, 6], "car_820": [9, 6], "car_821": [0, 3], "car_3484": [5, 3], "car_3485": [0, 5], "car_2179": [4, 3], "car_2178": [1, 6], "car_3480": [11, 3], "car_3481": [1, 3], "car_3482": [4, 0], "car_3483": [2, 5], "car_2173": [3, 4], "car_2172": [9, 1], "car_2171": [2, 0], "car_2170": [10, 7], "car_2177": [11, 1], "car_2176": [9, 2], "car_2175": [6, 1], "car_2174": [10, 4], "car_3238": [2, 7], "car_2535": [0, 4], "car_3349": [0, 4], "car_3218": [5, 6], "car_3158": [0, 2], "car_3159": [3, 2], "car_2534": [9, 2], "car_3499": [5, 3], "car_3152": [0, 4], "car_3153": [8, 0], "car_3150": [5, 3], "car_3151": [6, 2], "car_3156": [2, 6], "car_3157": [9, 2], "car_3154": [1, 0], "car_3155": [4, 5], "car_3398": [0, 2], "car_3399": [8, 5], "car_3390": [9, 2], "car_3391": [3, 2], "car_3392": [11, 7], "car_3393": [1, 4], "car_3394": [10, 5], "car_3395": [2, 6], "car_3396": [6, 4], "car_3397": [9, 5], "car_3389": [5, 3], "car_729": [4, 7], "car_728": [1, 2], "car_725": [5, 0], "car_724": [1, 7], "car_727": [11, 2], "car_726": [0, 4], "car_721": [3, 2], "car_720": [6, 0], "car_723": [11, 2], "car_722": [8, 5], "car_2708": [11, 2], "car_3029": [7, 0], "car_3026": [0, 1], "car_3027": [8, 2], "car_3024": [10, 4], "car_3025": [5, 2], "car_3022": [4, 2], "car_3023": [7, 0], "car_3020": [0, 4], "car_3021": [11, 0], "car_3519": [9, 6], "car_2620": [9, 1], "car_3275": [4, 7], "car_1795": [8, 5], "car_3274": [1, 4], "car_1792": [2, 5], "car_3226": [0, 4], "car_1793": [6, 7], "car_2440": [8, 1], "car_105": [1, 0], "car_104": [2, 7], "car_107": [2, 4], "car_106": [7, 3], "car_101": [11, 3], "car_100": [0, 5], "car_103": [10, 0], "car_102": [7, 4], "car_1888": [0, 3], "car_109": [3, 2], "car_108": [9, 3], "car_1791": [10, 0], "car_1235": [11, 4], "car_1234": [3, 7], "car_1237": [10, 3], "car_1236": [4, 2], "car_1231": [10, 7], "car_1230": [7, 5], "car_1233": [9, 6], "car_1232": [5, 3], "car_1899": [3, 7], "car_1898": [0, 7], "car_1239": [9, 0], "car_1238": [6, 0], "car_3511": [10, 3], "car_3516": [7, 4], "car_3517": [10, 6], "car_3514": [1, 6], "car_3141": [2, 4], "car_3515": [4, 3], "car_211": [0, 4], "car_210": [5, 0], "car_213": [8, 2], "car_212": [3, 7], "car_215": [4, 1], "car_214": [1, 4], "car_217": [5, 7], "car_216": [10, 1], "car_219": [8, 7], "car_218": [0, 2], "car_3518": [2, 5], "car_2676": [9, 5], "car_1529": [4, 1], "car_1528": [1, 5], "car_2610": [7, 5], "car_2611": [2, 1], "car_2616": [8, 2], "car_2617": [1, 7], "car_2614": [0, 7], "car_2615": [3, 6], "car_1521": [10, 7], "car_1520": [7, 3], "car_1523": [6, 4], "car_1522": [5, 0], "car_1525": [3, 2], "car_1524": [9, 4], "car_1527": [11, 5], "car_1526": [8, 6], "car_3227": [8, 7], "car_2849": [1, 5], "car_2700": [5, 3], "car_2848": [3, 0], "car_2740": [3, 5], "car_3222": [1, 4], "car_2741": [8, 2], "car_3223": [4, 5], "car_2313": [1, 5], "car_2701": [6, 5], "car_2312": [3, 0], "car_2311": [0, 2], "car_923": [3, 1], "car_922": [0, 7], "car_921": [1, 3], "car_920": [8, 0], "car_927": [5, 6], "car_926": [7, 2], "car_925": [4, 0], "car_924": [11, 0], "car_2317": [9, 0], "car_929": [0, 6], "car_928": [9, 6], "car_2316": [6, 2], "car_2766": [8, 7], "car_2748": [9, 6], "car_1149": [1, 7], "car_1148": [3, 2], "car_1419": [7, 6], "car_1418": [1, 7], "car_2760": [8, 4], "car_2749": [3, 7], "car_1143": [5, 2], "car_1142": [2, 4], "car_1141": [10, 5], "car_1140": [4, 6], "car_1147": [5, 7], "car_1146": [4, 5], "car_1145": [11, 5], "car_1144": [8, 2], "car_1099": [8, 7], "car_1098": [3, 7], "car_3385": [6, 3], "car_1091": [6, 5], "car_1090": [7, 5], "car_1093": [3, 5], "car_1092": [9, 6], "car_1095": [4, 7], "car_1094": [11, 3], "car_1097": [9, 3], "car_1096": [5, 4], "car_2818": [0, 2], "car_2819": [3, 2], "car_2548": [8, 2], "car_2549": [5, 1], "car_3361": [3, 4], "car_3360": [0, 6], "car_3363": [11, 0], "car_3362": [8, 4], "car_2542": [9, 6], "car_2543": [4, 3], "car_2540": [10, 4], "car_2541": [2, 0], "car_2546": [6, 7], "car_2547": [9, 2], "car_2521": [3, 1], "car_2545": [10, 0], "car_3563": [7, 2], "car_3562": [4, 2], "car_3561": [1, 5], "car_3384": [2, 0], "car_3567": [1, 3], "car_3566": [11, 4], "car_3468": [0, 5], "car_3564": [10, 0], "car_3569": [10, 7], "car_3568": [7, 3], "car_1701": [3, 0], "car_1700": [0, 3], "car_1703": [1, 3], "car_1702": [8, 1], "car_1705": [8, 7], "car_1704": [9, 6], "car_1707": [7, 6], "car_1706": [1, 4], "car_1709": [5, 6], "car_1708": [2, 5], "car_2522": [8, 2], "car_2523": [7, 3], "car_589": [3, 6], "car_588": [0, 6], "car_859": [11, 5], "car_858": [9, 4], "car_2384": [4, 0], "car_2385": [7, 5], "car_1695": [3, 2], "car_2387": [6, 1], "car_581": [9, 1], "car_580": [6, 3], "car_583": [8, 2], "car_850": [5, 3], "car_585": [1, 5], "car_584": [11, 6], "car_587": [2, 6], "car_586": [10, 7], "car_3497": [7, 1], "car_3496": [1, 7], "car_3495": [11, 7], "car_2002": [1, 0], "car_3493": [0, 6], "car_3492": [6, 7], "car_2148": [8, 3], "car_2149": [4, 5], "car_2146": [6, 4], "car_2147": [0, 1], "car_2144": [2, 7], "car_2145": [5, 0], "car_2142": [4, 5], "car_2143": [7, 1], "car_2140": [5, 2], "car_2141": [0, 7], "car_3529": [4, 2], "car_2985": [6, 4], "car_3149": [2, 4], "car_3148": [10, 2], "car_3145": [0, 7], "car_3144": [9, 6], "car_3147": [7, 1], "car_3146": [11, 1], "car_2779": [10, 6], "car_3140": [7, 3], "car_3143": [6, 7], "car_3142": [5, 0], "car_457": [2, 7], "car_456": [7, 6], "car_455": [11, 3], "car_454": [8, 1], "car_453": [3, 4], "car_452": [0, 4], "car_451": [9, 5], "car_450": [5, 0], "car_3383": [1, 2], "car_3382": [11, 1], "car_3381": [3, 1], "car_1878": [4, 7], "car_3387": [11, 6], "car_3386": [8, 3], "car_459": [8, 2], "car_458": [5, 4], "car_1877": [1, 6], "car_1876": [8, 2], "car_2778": [7, 3], "car_2993": [11, 2], "car_1875": [3, 4], "car_1874": [0, 1], "car_1873": [9, 6], "car_1872": [6, 2], "car_738": [3, 2], "car_739": [11, 3], "car_1871": [2, 1], "car_733": [6, 5], "car_732": [2, 5], "car_32": [7, 4], "car_730": [7, 4], "car_731": [10, 5], "car_736": [10, 4], "car_737": [2, 1], "car_734": [11, 3], "car_735": [1, 0], "car_3031": [2, 0], "car_1976": [10, 7], "car_3033": [0, 6], "car_3032": [5, 7], "car_3035": [11, 6], "car_3034": [3, 5], "car_3037": [10, 6], "car_1977": [5, 2], "car_3039": [6, 7], "car_3038": [2, 6], "car_3348": [5, 2], "car_1698": [7, 6], "car_3345": [5, 6], "car_3344": [2, 1], "car_3030": [10, 6], "car_38": [4, 7], "car_39": [10, 0], "car_2564": [8, 6], "car_2565": [11, 6], "car_3036": [4, 2], "car_2566": [2, 7], "car_2295": [3, 2], "car_1978": [0, 2], "car_2560": [7, 0], "car_1979": [3, 0], "car_3523": [4, 5], "car_2561": [2, 4], "car_2562": [5, 1], "car_2563": [3, 0], "car_2443": [3, 6], "car_2442": [4, 0], "car_3522": [1, 6], "car_3351": [4, 1], "car_2441": [11, 6], "car_112": [7, 1], "car_113": [10, 2], "car_110": [8, 2], "car_111": [1, 0], "car_116": [6, 4], "car_117": [9, 6], "car_114": [2, 1], "car_115": [5, 4], "car_2447": [7, 6], "car_118": [0, 1], "car_119": [3, 0], "car_2446": [4, 0], "car_2445": [11, 6], "car_3521": [11, 6], "car_2299": [5, 0], "car_2533": [6, 4], "car_2453": [1, 3], "car_3408": [3, 2], "car_2454": [7, 4], "car_3409": [11, 2], "car_1950": [4, 7], "car_1951": [7, 6], "car_1952": [10, 7], "car_1953": [5, 4], "car_1954": [0, 1], "car_1955": [11, 2], "car_208": [10, 1], "car_209": [2, 7], "car_206": [4, 2], "car_207": [7, 2], "car_204": [6, 2], "car_205": [11, 1], "car_202": [0, 6], "car_203": [3, 7], "car_200": [6, 4], "car_201": [9, 5], "car_2605": [7, 3], "car_2604": [9, 5], "car_2607": [9, 6], "car_2606": [5, 0], "car_1558": [10, 5], "car_1559": [2, 4], "car_2603": [5, 6], "car_2602": [10, 4], "car_1554": [2, 0], "car_1555": [6, 0], "car_1556": [3, 6], "car_1557": [7, 6], "car_1550": [3, 7], "car_1551": [11, 5], "car_1552": [1, 4], "car_1553": [4, 3], "car_1398": [2, 5], "car_1399": [5, 3], "car_1392": [0, 5], "car_1393": [3, 6], "car_1390": [6, 3], "car_1391": [9, 1], "car_1396": [4, 2], "car_1397": [10, 3], "car_1394": [8, 1], "car_1395": [1, 2], "car_2598": [9, 6], "car_3544": [1, 2], "car_3404": [7, 6], "car_930": [3, 2], "car_931": [11, 1], "car_932": [10, 3], "car_933": [6, 1], "car_934": [3, 4], "car_935": [8, 3], "car_936": [1, 7], "car_937": [6, 1], "car_938": [8, 6], "car_939": [11, 0], "car_2773": [7, 2], "car_2772": [8, 5], "car_2775": [6, 3], "car_2774": [2, 7], "car_2777": [3, 0], "car_2776": [9, 0], "car_6": [10, 0], "car_7": [2, 7], "car_4": [1, 6], "car_5": [7, 6], "car_2": [8, 6], "car_3": [11, 3], "car_1178": [3, 2], "car_1": [3, 7], "car_1176": [9, 1], "car_1177": [0, 5], "car_1174": [5, 7], "car_1175": [6, 7], "car_1172": [11, 4], "car_1173": [7, 0], "car_8": [5, 7], "car_9": [9, 3], "car_3513": [0, 3], "car_2809": [11, 4], "car_2808": [0, 2], "car_2559": [8, 1], "car_2558": [3, 7], "car_2555": [10, 5], "car_2554": [7, 4], "car_2557": [0, 3], "car_2556": [6, 3], "car_2551": [3, 7], "car_2550": [6, 4], "car_2553": [1, 7], "car_2552": [11, 1], "car_3556": [10, 7], "car_3557": [6, 0], "car_3554": [1, 7], "car_3555": [7, 6], "car_3552": [0, 6], "car_3553": [3, 0], "car_3550": [6, 7], "car_3551": [9, 3], "car_3558": [9, 3], "car_3559": [3, 0], "car_1774": [0, 7], "car_1775": [4, 5], "car_1776": [7, 3], "car_1777": [2, 5], "car_1770": [1, 5], "car_1771": [4, 5], "car_1772": [6, 7], "car_1773": [9, 0], "car_1778": [5, 1], "car_1779": [0, 3], "car_98": [5, 1], "car_99": [9, 0], "car_90": [11, 0], "car_91": [7, 1], "car_92": [5, 3], "car_93": [3, 0], "car_94": [8, 1], "car_95": [11, 5], "car_96": [7, 2], "car_97": [10, 7], "car_596": [11, 3], "car_597": [1, 2], "car_594": [5, 6], "car_595": [3, 4], "car_592": [10, 1], "car_593": [2, 4], "car_590": [8, 1], "car_591": [11, 3], "car_3500": [6, 7], "car_598": [4, 6], "car_599": [5, 1], "car_848": [10, 7], "car_849": [2, 7], "car_2391": [11, 2], "car_2390": [8, 7], "car_2397": [0, 1], "car_2396": [6, 2], "car_2395": [5, 7], "car_2394": [2, 4], "car_840": [8, 1], "car_841": [11, 3], "car_842": [10, 4], "car_843": [6, 4], "car_844": [9, 7], "car_845": [0, 4], "car_846": [4, 0], "car_847": [7, 2], "car_1608": [10, 0], "car_1609": [2, 4], "car_2153": [6, 4], "car_2152": [5, 3], "car_2155": [0, 5], "car_2154": [9, 2], "car_2157": [11, 6], "car_2156": [3, 1], "car_1600": [7, 2], "car_1601": [5, 6], "car_1602": [9, 1], "car_1603": [0, 2], "car_1604": [7, 4], "car_1605": [2, 4], "car_1606": [11, 4], "car_1607": [4, 2], "car_2369": [2, 7], "car_3538": [1, 5], "car_2362": [4, 1], "car_2363": [5, 1], "car_444": [11, 2], "car_445": [10, 7], "car_446": [2, 1], "car_447": [6, 4], "car_440": [9, 6], "car_441": [0, 6], "car_442": [3, 0], "car_443": [8, 0], "car_448": [7, 0], "car_449": [2, 6], "car_2717": [4, 3], "car_2716": [1, 5], "car_3210": [1, 3], "car_2715": [3, 4], "car_2201": [3, 2], "car_2714": [6, 1], "car_2200": [0, 4], "car_2713": [2, 6], "car_2712": [10, 2], "car_2711": [7, 3], "car_2710": [4, 0], "car_3405": [2, 4], "car_3044": [4, 0], "car_3045": [7, 3], "car_3046": [10, 7], "car_3047": [9, 4], "car_3040": [0, 3], "car_3041": [8, 3], "car_3042": [11, 7], "car_3043": [1, 4], "car_3048": [0, 6], "car_3049": [8, 6], "car_2209": [5, 3], "car_3534": [1, 2], "car_2208": [7, 3], "car_3535": [10, 0], "car_2324": [9, 1], "car_695": [6, 1], "car_694": [10, 0], "car_697": [0, 6], "car_696": [9, 5], "car_691": [6, 7], "car_690": [11, 5], "car_693": [1, 4], "car_692": [3, 7], "car_699": [11, 7], "car_698": [8, 6], "car_3479": [0, 4], "car_3478": [9, 2], "car_2399": [10, 7], "car_3571": [6, 2], "car_1943": [4, 5], "car_1942": [3, 7], "car_279": [6, 4], "car_278": [7, 3], "car_1947": [9, 7], "car_1946": [6, 0], "car_1945": [5, 4], "car_1944": [10, 6], "car_273": [0, 5], "car_272": [2, 7], "car_271": [4, 5], "car_270": [11, 0], "car_277": [4, 0], "car_276": [1, 2], "car_275": [11, 0], "car_274": [8, 7], "car_2946": [8, 4], "car_1925": [2, 3], "car_2944": [9, 5], "car_2945": [0, 4], "car_2942": [7, 4], "car_2943": [2, 3], "car_1549": [0, 1], "car_1548": [9, 5], "car_1547": [6, 5], "car_1546": [10, 7], "car_1545": [7, 6], "car_1544": [3, 2], "car_1543": [0, 4], "car_1542": [5, 6], "car_1541": [2, 3], "car_1540": [4, 5], "car_1389": [5, 3], "car_1388": [2, 7], "car_1385": [3, 0], "car_1384": [0, 1], "car_1387": [1, 0], "car_1386": [11, 6], "car_1381": [10, 1], "car_1380": [7, 5], "car_1383": [5, 1], "car_1382": [2, 4], "car_307": [11, 3], "car_306": [8, 2], "car_305": [9, 4], "car_304": [6, 7], "car_303": [5, 4], "car_302": [7, 2], "car_301": [1, 6], "car_300": [3, 1], "car_804": [1, 3], "car_309": [4, 1], "car_308": [1, 7], "car_3435": [11, 5], "car_909": [7, 5], "car_908": [1, 0], "car_3434": [3, 1], "car_905": [5, 7], "car_904": [2, 3], "car_907": [3, 2], "car_906": [6, 7], "car_901": [1, 4], "car_900": [11, 7], "car_903": [7, 1], "car_902": [4, 6], "car_1161": [0, 7], "car_1160": [9, 3], "car_1163": [10, 4], "car_1162": [11, 7], "car_1165": [6, 2], "car_1164": [2, 3], "car_1167": [1, 2], "car_1166": [0, 6], "car_1169": [10, 2], "car_1168": [4, 7], "car_3539": [10, 0], "car_2432": [2, 4], "car_2433": [5, 4], "car_2430": [4, 0], "car_3549": [2, 0], "car_3548": [10, 0], "car_2322": [2, 4], "car_2431": [7, 3], "car_2838": [1, 7], "car_2839": [7, 4], "car_2836": [0, 6], "car_2436": [5, 6], "car_2834": [4, 3], "car_2835": [7, 2], "car_2832": [11, 6], "car_2833": [1, 6], "car_2830": [9, 0], "car_2437": [6, 4], "car_2010": [2, 4], "car_2011": [5, 2], "car_2012": [6, 5], "car_2013": [9, 2], "car_2014": [0, 1], "car_2015": [3, 7], "car_2016": [8, 7], "car_2017": [9, 1], "car_2018": [3, 1], "car_2019": [7, 1], "car_2435": [2, 7], "car_87": [9, 4], "car_86": [6, 1], "car_85": [2, 0], "car_84": [10, 4], "car_83": [4, 5], "car_82": [11, 2], "car_81": [3, 2], "car_80": [6, 7], "car_3249": [3, 7], "car_2001": [11, 6], "car_89": [8, 3], "car_88": [0, 5], "car_2000": [3, 7], "car_2498": [7, 2], "car_2499": [10, 4], "car_2494": [2, 7], "car_2495": [6, 0], "car_2496": [3, 6], "car_2497": [8, 3], "car_2490": [6, 5], "car_2491": [0, 2], "car_2492": [4, 2], "car_2493": [10, 5], "car_875": [9, 2], "car_874": [5, 4], "car_877": [3, 1], "car_876": [0, 2], "car_871": [9, 6], "car_870": [6, 4], "car_873": [4, 3], "car_872": [0, 1], "car_3228": [11, 5], "car_3242": [8, 4], "car_1694": [6, 3], "car_879": [11, 5], "car_878": [8, 2], "car_3243": [11, 6], "car_1752": [10, 1], "car_1753": [2, 4], "car_1699": [5, 1], "car_2124": [7, 4], "car_2125": [2, 4], "car_1619": [11, 0], "car_1618": [3, 0], "car_2120": [3, 2], "car_2121": [8, 0], "car_2122": [11, 3], "car_2123": [1, 4], "car_1613": [8, 4], "car_1612": [3, 4], "car_1611": [0, 5], "car_1610": [9, 7], "car_1617": [10, 2], "car_1616": [4, 5], "car_1615": [1, 3], "car_1614": [11, 0], "car_1754": [5, 0], "car_1755": [6, 3], "car_2767": [1, 4], "car_2323": [5, 1], "car_471": [1, 2], "car_470": [0, 7], "car_473": [5, 6], "car_472": [2, 6], "car_475": [9, 6], "car_474": [6, 7], "car_477": [11, 0], "car_476": [0, 5], "car_479": [4, 5], "car_478": [1, 7], "car_2232": [2, 0], "car_2233": [6, 7], "car_2234": [9, 2], "car_2235": [0, 5], "car_2236": [3, 2], "car_2237": [7, 3], "car_2769": [7, 1], "car_2765": [3, 7], "car_2038": [3, 4], "car_2709": [1, 7], "car_3229": [1, 2], "car_3057": [3, 1], "car_3056": [9, 2], "car_2762": [7, 4], "car_3054": [10, 1], "car_3053": [7, 0], "car_3052": [4, 5], "car_3051": [1, 4], "car_3050": [11, 0], "car_3059": [11, 2], "car_3058": [8, 0], "car_3303": [2, 5], "car_2039": [2, 5], "car_2763": [2, 6], "car_1819": [6, 3], "car_1818": [5, 3], "car_2386": [5, 1], "car_682": [5, 3], "car_683": [6, 4], "car_680": [8, 1], "car_681": [10, 2], "car_686": [2, 7], "car_687": [6, 7], "car_684": [8, 2], "car_685": [4, 3], "car_688": [0, 5], "car_689": [8, 1], "car_2481": [11, 6], "car_2761": [4, 0], "car_3540": [2, 0], "car_3282": [6, 1], "car_3283": [8, 2], "car_1815": [11, 5], "car_3280": [10, 3], "car_1814": [3, 7], "car_3281": [2, 5], "car_3286": [9, 4], "car_3543": [3, 7], "car_2388": [0, 1], "car_3287": [3, 4], "car_3284": [7, 5], "car_3285": [10, 5], "car_3542": [0, 3], "car_2389": [3, 5], "car_3288": [8, 5], "car_3289": [5, 4], "car_1670": [10, 7], "car_1956": [1, 5], "car_3302": [10, 7], "car_1957": [7, 5], "car_3324": [9, 7], "car_1958": [2, 1], "car_1959": [5, 0], "car_3545": [4, 3], "car_2003": [7, 0], "car_268": [5, 1], "car_269": [9, 3], "car_1974": [3, 1], "car_1975": [8, 2], "car_1972": [9, 6], "car_1973": [0, 1], "car_1970": [2, 5], "car_1971": [5, 6], "car_260": [9, 0], "car_261": [3, 2], "car_262": [1, 5], "car_263": [7, 2], "car_264": [10, 7], "car_265": [2, 7], "car_266": [8, 6], "car_267": [10, 3], "car_1572": [4, 1], "car_1573": [7, 1], "car_1570": [3, 0], "car_1571": [1, 7], "car_1576": [5, 4], "car_1577": [6, 1], "car_1574": [10, 0], "car_1575": [2, 1], "car_1578": [0, 2], "car_1579": [11, 5], "car_2971": [10, 5], "car_1370": [5, 6], "car_1371": [0, 3], "car_1372": [1, 2], "car_1373": [7, 3], "car_1374": [9, 7], "car_1375": [0, 2], "car_1376": [3, 2], "car_1377": [8, 0], "car_1378": [11, 6], "car_1379": [4, 3], "car_3014": [1, 6], "car_3254": [6, 3], "car_2600": [1, 3], "car_2975": [0, 5], "car_2974": [6, 3], "car_314": [1, 2], "car_315": [7, 4], "car_316": [10, 1], "car_317": [2, 4], "car_310": [7, 1], "car_311": [2, 4], "car_312": [9, 1], "car_313": [8, 7], "car_318": [11, 1], "car_319": [1, 0], "car_918": [0, 2], "car_919": [3, 5], "car_2719": [5, 4], "car_2718": [2, 1], "car_912": [8, 3], "car_913": [11, 2], "car_910": [10, 4], "car_911": [0, 4], "car_916": [2, 7], "car_917": [5, 2], "car_914": [1, 6], "car_915": [4, 6], "car_1114": [1, 5], "car_1115": [4, 5], "car_1116": [10, 1], "car_1117": [5, 4], "car_1110": [6, 2], "car_1111": [3, 7], "car_1112": [8, 4], "car_1113": [11, 3], "car_1118": [0, 4], "car_1119": [3, 5], "car_1284": [7, 6], "car_1285": [10, 3], "car_1286": [9, 5], "car_1287": [1, 4], "car_1280": [8, 3], "car_1281": [11, 0], "car_1282": [1, 0], "car_1283": [4, 1], "car_3458": [0, 6], "car_2130": [1, 5], "car_1288": [7, 4], "car_1289": [2, 1], "car_2959": [0, 2], "car_2958": [11, 2], "car_2951": [0, 7], "car_2950": [9, 2], "car_2953": [2, 1], "car_2952": [4, 0], "car_2955": [9, 7], "car_2954": [5, 4], "car_2957": [8, 7], "car_2956": [3, 0], "car_2821": [10, 3], "car_2820": [8, 4], "car_1744": [1, 2], "car_2822": [2, 7], "car_2825": [4, 0], "car_2824": [8, 1], "car_2827": [10, 7], "car_2826": [7, 5], "car_2829": [6, 7], "car_2828": [2, 4], "car_3536": [9, 3], "car_3537": [0, 7], "car_3530": [7, 2], "car_3531": [2, 1], "car_3532": [0, 2], "car_3533": [8, 1], "car_1028": [11, 6], "car_1029": [1, 4], "car_1758": [11, 6], "car_1759": [4, 5], "car_2007": [0, 7], "car_2006": [9, 7], "car_2005": [2, 3], "car_2004": [10, 2], "car_1020": [3, 7], "car_1021": [11, 7], "car_1022": [1, 5], "car_1023": [4, 3], "car_1024": [6, 5], "car_1025": [9, 0], "car_1026": [0, 3], "car_1027": [3, 0], "car_1598": [11, 0], "car_1599": [4, 0], "car_1590": [2, 5], "car_1591": [6, 5], "car_1592": [9, 1], "car_1593": [8, 7], "car_1594": [1, 5], "car_1595": [10, 3], "car_1596": [5, 1], "car_1597": [8, 5], "car_2489": [5, 0], "car_2488": [2, 0], "car_2487": [4, 2], "car_2486": [1, 7], "car_2485": [6, 2], "car_2484": [2, 5], "car_2483": [10, 1], "car_2482": [7, 2], "car_1746": [2, 7], "car_2480": [8, 0], "car_862": [2, 3], "car_863": [5, 7], "car_860": [7, 4], "car_861": [10, 7], "car_866": [3, 5], "car_867": [11, 3], "car_864": [6, 0], "car_865": [9, 3], "car_868": [4, 6], "car_869": [2, 5], "car_3440": [3, 5], "car_3441": [8, 4], "car_3442": [4, 1], "car_3443": [7, 0], "car_3444": [10, 6], "car_3445": [2, 6], "car_3446": [9, 4], "car_3447": [3, 5], "car_3448": [11, 3], "car_3449": [7, 6], "car_1741": [2, 7], "car_2137": [3, 0], "car_2136": [0, 6], "car_2135": [9, 0], "car_2134": [5, 4], "car_2133": [10, 0], "car_2132": [7, 2], "car_1628": [2, 1], "car_1629": [5, 1], "car_1626": [8, 1], "car_1627": [10, 7], "car_1624": [0, 2], "car_1625": [3, 2], "car_1622": [6, 1], "car_1623": [9, 2], "car_1620": [4, 0], "car_1621": [7, 6], "car_1740": [11, 2]}