{"car_2009": [2, 5], "car_468": [11, 0], "car_469": [10, 3], "car_466": [0, 5], "car_467": [8, 6], "car_464": [5, 7], "car_465": [9, 3], "car_462": [4, 0], "car_463": [10, 6], "car_460": [9, 5], "car_461": [0, 4], "car_817": [7, 5], "car_816": [4, 0], "car_815": [1, 0], "car_814": [11, 0], "car_813": [8, 7], "car_812": [2, 0], "car_2072": [4, 1], "car_811": [10, 5], "car_2073": [7, 2], "car_810": [7, 3], "car_679": [5, 2], "car_678": [4, 1], "car_677": [1, 5], "car_676": [3, 1], "car_675": [6, 7], "car_674": [4, 7], "car_673": [11, 1], "car_672": [8, 5], "car_671": [3, 4], "car_670": [9, 2], "car_2078": [9, 3], "car_2079": [8, 2], "car_789": [6, 2], "car_788": [11, 4], "car_783": [1, 2], "car_782": [8, 3], "car_781": [3, 1], "car_780": [9, 3], "car_787": [8, 7], "car_786": [9, 4], "car_785": [5, 2], "car_784": [2, 4], "car_0": [0, 6], "car_1179": [10, 3], "car_255": [2, 7], "car_254": [10, 1], "car_257": [0, 1], "car_256": [5, 1], "car_251": [0, 6], "car_250": [1, 0], "car_253": [4, 7], "car_252": [8, 7], "car_1961": [8, 1], "car_1960": [9, 2], "car_1963": [4, 1], "car_1962": [11, 5], "car_259": [3, 0], "car_258": [8, 1], "car_1967": [4, 7], "car_1966": [3, 6], "car_1170": [8, 4], "car_1171": [5, 1], "car_1565": [1, 5], "car_1564": [3, 5], "car_1567": [2, 6], "car_1566": [4, 5], "car_1561": [11, 0], "car_1560": [8, 3], "car_1563": [9, 1], "car_1562": [6, 2], "car_1569": [0, 1], "car_1568": [9, 4], "car_1413": [0, 7], "car_1363": [8, 1], "car_1362": [9, 4], "car_1361": [7, 4], "car_1360": [11, 5], "car_1367": [0, 1], "car_1366": [9, 7], "car_1365": [6, 7], "car_1364": [11, 1], "car_1369": [5, 7], "car_1368": [10, 0], "car_321": [8, 7], "car_320": [0, 2], "car_323": [0, 2], "car_322": [11, 2], "car_325": [11, 7], "car_324": [8, 1], "car_327": [6, 2], "car_326": [1, 6], "car_329": [0, 1], "car_328": [9, 1], "car_1107": [6, 1], "car_1106": [5, 3], "car_1105": [11, 3], "car_1104": [8, 6], "car_1103": [3, 2], "car_1102": [6, 1], "car_1101": [5, 4], "car_1100": [7, 4], "car_1109": [4, 2], "car_1108": [11, 4], "car_1297": [11, 6], "car_1296": [3, 0], "car_1295": [9, 1], "car_1294": [5, 1], "car_1293": [1, 2], "car_1292": [3, 6], "car_1291": [6, 2], "car_1290": [8, 2], "car_1299": [0, 4], "car_1298": [10, 7], "car_2036": [2, 0], "car_2037": [6, 1], "car_1039": [7, 4], "car_1038": [0, 6], "car_1749": [8, 0], "car_1748": [6, 2], "car_2030": [1, 7], "car_2031": [7, 0], "car_1033": [0, 4], "car_1032": [5, 1], "car_1031": [2, 3], "car_1030": [11, 4], "car_1037": [3, 0], "car_1036": [6, 3], "car_1035": [11, 1], "car_1034": [8, 1], "car_1589": [4, 5], "car_1588": [8, 7], "car_1583": [9, 0], "car_1582": [8, 1], "car_1581": [9, 6], "car_1580": [1, 4], "car_1587": [0, 4], "car_1586": [9, 1], "car_1585": [10, 7], "car_1584": [4, 1], "car_1852": [1, 3], "car_1906": [5, 4], "car_899": [8, 2], "car_898": [10, 2], "car_897": [7, 0], "car_896": [5, 1], "car_895": [1, 5], "car_894": [0, 2], "car_893": [9, 3], "car_892": [7, 3], "car_891": [1, 3], "car_890": [8, 0], "car_2108": [9, 6], "car_2109": [0, 2], "car_2102": [7, 3], "car_2103": [9, 1], "car_2100": [8, 7], "car_2101": [4, 7], "car_2106": [2, 1], "car_2107": [6, 7], "car_2104": [8, 5], "car_2105": [4, 1], "car_1631": [10, 5], "car_1630": [7, 0], "car_1633": [3, 5], "car_1632": [0, 4], "car_1635": [0, 3], "car_1634": [7, 0], "car_1637": [4, 3], "car_1636": [3, 2], "car_1639": [2, 7], "car_1638": [10, 5], "car_1751": [1, 5], "car_1756": [11, 4], "car_419": [2, 5], "car_418": [10, 5], "car_413": [8, 2], "car_412": [3, 1], "car_411": [5, 6], "car_410": [2, 0], "car_417": [7, 4], "car_416": [9, 6], "car_415": [5, 0], "car_414": [4, 3], "car_1679": [0, 2], "car_1678": [10, 7], "car_527": [5, 2], "car_526": [9, 5], "car_525": [6, 5], "car_524": [7, 0], "car_523": [11, 1], "car_522": [3, 4], "car_521": [2, 7], "car_520": [7, 1], "car_1671": [5, 3], "car_1889": [4, 2], "car_529": [4, 0], "car_528": [6, 4], "car_1884": [7, 2], "car_1885": [6, 3], "car_668": [2, 0], "car_669": [6, 5], "car_664": [4, 7], "car_665": [7, 5], "car_666": [2, 5], "car_667": [6, 2], "car_660": [5, 3], "car_661": [6, 1], "car_662": [9, 5], "car_663": [0, 4], "car_1854": [6, 3], "car_798": [4, 7], "car_799": [7, 1], "car_790": [9, 3], "car_791": [11, 1], "car_792": [1, 0], "car_793": [9, 4], "car_794": [3, 5], "car_795": [11, 4], "car_796": [3, 5], "car_797": [8, 3], "car_242": [0, 4], "car_243": [8, 7], "car_240": [10, 6], "car_241": [5, 0], "car_246": [5, 1], "car_247": [9, 4], "car_244": [1, 3], "car_245": [7, 0], "car_1914": [5, 7], "car_1915": [3, 1], "car_248": [0, 7], "car_249": [8, 2], "car_1910": [9, 7], "car_1911": [3, 0], "car_1912": [7, 0], "car_1913": [2, 1], "car_1356": [5, 4], "car_1357": [9, 6], "car_1354": [4, 0], "car_1355": [7, 0], "car_1352": [8, 2], "car_1353": [11, 7], "car_1350": [5, 6], "car_1351": [3, 1], "car_1358": [3, 6], "car_1359": [8, 3], "car_1831": [4, 0], "car_1820": [7, 6], "car_1821": [10, 2], "car_1822": [2, 6], "car_1823": [5, 4], "car_1824": [3, 2], "car_1825": [8, 2], "car_338": [11, 2], "car_339": [1, 7], "car_336": [5, 4], "car_337": [6, 3], "car_334": [3, 5], "car_335": [1, 3], "car_332": [10, 1], "car_333": [10, 6], "car_330": [8, 1], "car_331": [1, 5], "car_1138": [7, 3], "car_1139": [7, 1], "car_1132": [3, 5], "car_1133": [8, 0], "car_1130": [6, 4], "car_1131": [9, 7], "car_1136": [0, 5], "car_1137": [1, 2], "car_1134": [2, 7], "car_1135": [9, 2], "car_1839": [1, 5], "car_1838": [11, 5], "car_2029": [11, 5], "car_2028": [6, 2], "car_2021": [1, 0], "car_2020": [0, 7], "car_2023": [2, 5], "car_2022": [4, 7], "car_2025": [4, 5], "car_2024": [6, 5], "car_2027": [5, 4], "car_2026": [7, 3], "car_1008": [7, 6], "car_1009": [2, 5], "car_1006": [8, 6], "car_1007": [4, 5], "car_1004": [5, 1], "car_1005": [9, 6], "car_1002": [11, 0], "car_1003": [2, 1], "car_1000": [7, 3], "car_1001": [2, 7], "car_1924": [1, 4], "car_36": [7, 4], "car_37": [2, 5], "car_34": [3, 2], "car_35": [1, 5], "car_888": [9, 0], "car_889": [0, 5], "car_30": [11, 3], "car_31": [2, 4], "car_884": [5, 0], "car_885": [9, 0], "car_886": [8, 1], "car_887": [10, 3], "car_880": [6, 5], "car_881": [9, 1], "car_882": [3, 1], "car_883": [8, 5], "car_2119": [11, 6], "car_2118": [0, 6], "car_2115": [1, 6], "car_2114": [2, 1], "car_2117": [5, 4], "car_2116": [10, 0], "car_2111": [11, 7], "car_2110": [3, 6], "car_2113": [7, 6], "car_2112": [4, 2], "car_1644": [6, 5], "car_1645": [0, 3], "car_1646": [11, 1], "car_1647": [7, 2], "car_1640": [8, 5], "car_1641": [11, 6], "car_1642": [10, 1], "car_1643": [7, 2], "car_1648": [10, 2], "car_1649": [2, 6], "car_408": [4, 1], "car_409": [10, 7], "car_400": [4, 2], "car_401": [5, 0], "car_402": [3, 1], "car_403": [1, 5], "car_404": [4, 7], "car_405": [8, 3], "car_406": [11, 5], "car_407": [1, 0], "car_1769": [8, 3], "car_534": [3, 4], "car_535": [0, 2], "car_536": [3, 1], "car_537": [11, 1], "car_530": [3, 0], "car_531": [8, 2], "car_532": [11, 4], "car_533": [4, 3], "car_538": [6, 7], "car_539": [9, 5], "car_659": [2, 4], "car_658": [11, 3], "car_651": [9, 7], "car_650": [0, 7], "car_653": [2, 7], "car_652": [4, 1], "car_655": [8, 6], "car_654": [3, 6], "car_657": [0, 3], "car_656": [7, 2], "car_1929": [8, 3], "car_1764": [8, 0], "car_1928": [6, 5], "car_1909": [2, 5], "car_1908": [4, 3], "car_1907": [6, 2], "car_1763": [8, 1], "car_1905": [8, 6], "car_1904": [9, 1], "car_1903": [5, 0], "car_1902": [10, 4], "car_1901": [4, 1], "car_1900": [1, 6], "car_1349": [2, 6], "car_1348": [10, 1], "car_1762": [6, 2], "car_1341": [5, 6], "car_1340": [4, 2], "car_1343": [9, 4], "car_1342": [6, 2], "car_1345": [8, 1], "car_1344": [3, 2], "car_1347": [1, 5], "car_1346": [11, 0], "car_1833": [3, 4], "car_1832": [10, 5], "car_349": [4, 5], "car_348": [1, 3], "car_1837": [9, 3], "car_1836": [2, 5], "car_1835": [1, 5], "car_1834": [11, 7], "car_343": [8, 1], "car_342": [0, 5], "car_341": [6, 5], "car_340": [10, 5], "car_347": [2, 7], "car_346": [10, 5], "car_345": [7, 1], "car_344": [4, 6], "car_1129": [2, 7], "car_1128": [10, 0], "car_1125": [9, 0], "car_1124": [4, 3], "car_1127": [0, 7], "car_1126": [1, 4], "car_1121": [6, 5], "car_1120": [2, 5], "car_1123": [11, 7], "car_1122": [0, 4], "car_1402": [11, 1], "car_1403": [6, 4], "car_1400": [3, 5], "car_1401": [8, 2], "car_1406": [10, 3], "car_1407": [9, 4], "car_1404": [8, 2], "car_1405": [11, 4], "car_2058": [6, 0], "car_2059": [9, 4], "car_2054": [10, 4], "car_2055": [6, 2], "car_2056": [4, 7], "car_2057": [10, 0], "car_2050": [11, 6], "car_2051": [4, 7], "car_2052": [2, 4], "car_2053": [0, 7], "car_1011": [1, 2], "car_1010": [8, 2], "car_1013": [7, 5], "car_1012": [4, 3], "car_1015": [6, 3], "car_1014": [5, 2], "car_1017": [8, 5], "car_1016": [0, 7], "car_1019": [8, 0], "car_1018": [7, 2], "car_25": [3, 4], "car_24": [7, 1], "car_27": [5, 3], "car_26": [7, 2], "car_21": [2, 6], "car_20": [4, 3], "car_23": [11, 2], "car_22": [0, 5], "car_29": [8, 0], "car_28": [3, 4], "car_1657": [7, 1], "car_1656": [4, 6], "car_1655": [3, 4], "car_1654": [5, 0], "car_1653": [2, 6], "car_1652": [9, 2], "car_1651": [6, 3], "car_1650": [1, 2], "car_1659": [9, 6], "car_1658": [6, 1], "car_1969": [7, 4], "car_1843": [0, 2], "car_435": [6, 4], "car_434": [7, 6], "car_437": [0, 2], "car_436": [5, 0], "car_431": [1, 2], "car_430": [0, 5], "car_433": [4, 7], "car_432": [0, 6], "car_1846": [11, 2], "car_439": [5, 7], "car_438": [2, 7], "car_1847": [4, 0], "car_1845": [10, 3], "car_1848": [5, 0], "car_1968": [1, 0], "car_1849": [6, 2], "car_1965": [9, 7], "car_1964": [6, 2], "car_501": [7, 0], "car_500": [4, 1], "car_503": [7, 1], "car_502": [9, 6], "car_505": [7, 0], "car_504": [11, 1], "car_507": [11, 5], "car_506": [0, 3], "car_509": [7, 6], "car_508": [4, 5], "car_1745": [6, 7], "car_646": [0, 5], "car_647": [7, 5], "car_644": [4, 5], "car_645": [7, 0], "car_642": [4, 3], "car_643": [0, 3], "car_640": [0, 6], "car_641": [3, 6], "car_648": [2, 0], "car_649": [6, 1], "car_1830": [1, 3], "car_1932": [9, 4], "car_1933": [11, 5], "car_1930": [4, 3], "car_1931": [2, 5], "car_1936": [6, 0], "car_1937": [11, 6], "car_1934": [1, 7], "car_1935": [3, 5], "car_1938": [4, 2], "car_1939": [2, 1], "car_1717": [9, 7], "car_1338": [3, 1], "car_1339": [8, 6], "car_1334": [7, 0], "car_1335": [5, 7], "car_1336": [6, 3], "car_1337": [9, 2], "car_1330": [2, 0], "car_1331": [9, 3], "car_1332": [1, 4], "car_1333": [4, 7], "car_1711": [2, 0], "car_358": [9, 7], "car_359": [8, 4], "car_1804": [1, 0], "car_1805": [4, 7], "car_1802": [3, 5], "car_1803": [8, 3], "car_1800": [10, 4], "car_1801": [0, 1], "car_350": [2, 4], "car_351": [5, 2], "car_352": [3, 1], "car_353": [1, 7], "car_354": [4, 5], "car_355": [5, 6], "car_356": [9, 0], "car_357": [4, 2], "car_1482": [7, 5], "car_1483": [9, 0], "car_1480": [0, 1], "car_1481": [3, 6], "car_1486": [3, 5], "car_1487": [11, 5], "car_1484": [1, 3], "car_1485": [0, 1], "car_1488": [10, 5], "car_1489": [0, 3], "car_1240": [4, 5], "car_1241": [5, 7], "car_1242": [9, 3], "car_1243": [0, 7], "car_1244": [11, 2], "car_1245": [10, 5], "car_1246": [2, 6], "car_1247": [6, 7], "car_1248": [3, 1], "car_1249": [8, 3], "car_1747": [2, 3], "car_1879": [3, 1], "car_2049": [8, 7], "car_2048": [3, 7], "car_2047": [0, 4], "car_2046": [10, 2], "car_2045": [6, 4], "car_2044": [11, 6], "car_2043": [3, 7], "car_2042": [0, 4], "car_2041": [2, 4], "car_2040": [1, 5], "car_1064": [8, 6], "car_1065": [10, 0], "car_1066": [5, 4], "car_1067": [6, 0], "car_1060": [11, 2], "car_1061": [1, 4], "car_1062": [7, 6], "car_1063": [5, 4], "car_1068": [8, 3], "car_1069": [1, 6], "car_1798": [0, 6], "car_1799": [8, 7], "car_10": [7, 2], "car_11": [6, 7], "car_12": [3, 1], "car_13": [4, 2], "car_14": [7, 1], "car_15": [10, 6], "car_16": [2, 1], "car_17": [9, 5], "car_18": [0, 7], "car_19": [1, 7], "car_1668": [4, 5], "car_1669": [3, 0], "car_1662": [4, 5], "car_1663": [10, 3], "car_1660": [8, 4], "car_1661": [11, 7], "car_1666": [3, 0], "car_1667": [8, 7], "car_1664": [9, 7], "car_1665": [0, 2], "car_1468": [9, 3], "car_1469": [2, 5], "car_1460": [6, 4], "car_1461": [9, 7], "car_1462": [3, 0], "car_1463": [11, 6], "car_1464": [1, 2], "car_1465": [7, 4], "car_1466": [10, 0], "car_1467": [5, 3], "car_422": [11, 5], "car_423": [5, 3], "car_420": [6, 5], "car_421": [0, 1], "car_426": [7, 3], "car_427": [10, 5], "car_424": [8, 2], "car_425": [4, 2], "car_428": [2, 3], "car_429": [9, 5], "car_2008": [10, 5], "car_518": [0, 1], "car_519": [4, 2], "car_516": [4, 0], "car_517": [9, 5], "car_514": [11, 6], "car_515": [1, 5], "car_512": [7, 5], "car_513": [5, 6], "car_510": [10, 1], "car_511": [11, 2], "car_1870": [0, 2], "car_633": [2, 4], "car_632": [8, 4], "car_631": [3, 7], "car_630": [9, 0], "car_637": [7, 0], "car_636": [4, 6], "car_635": [8, 7], "car_634": [0, 6], "car_639": [2, 6], "car_638": [10, 3], "car_189": [5, 3], "car_188": [10, 7], "car_185": [5, 4], "car_184": [4, 0], "car_187": [0, 6], "car_186": [9, 3], "car_181": [3, 4], "car_180": [0, 4], "car_183": [1, 0], "car_182": [2, 4], "car_749": [10, 6], "car_748": [7, 3], "car_747": [4, 7], "car_746": [1, 3], "car_745": [11, 7], "car_744": [8, 3], "car_743": [3, 4], "car_742": [0, 7], "car_741": [5, 2], "car_740": [7, 3], "car_2131": [1, 0], "car_299": [2, 3], "car_298": [1, 6], "car_1927": [4, 2], "car_1926": [6, 3], "car_1921": [4, 3], "car_1920": [6, 1], "car_1923": [8, 6], "car_1922": [2, 5], "car_291": [7, 2], "car_290": [5, 4], "car_293": [9, 5], "car_292": [6, 5], "car_295": [7, 5], "car_294": [0, 6], "car_297": [3, 7], "car_296": [9, 2], "car_1329": [10, 4], "car_1328": [7, 3], "car_1327": [1, 3], "car_1326": [0, 7], "car_1325": [7, 2], "car_1324": [9, 6], "car_1323": [2, 0], "car_1322": [10, 5], "car_1321": [6, 0], "car_1320": [2, 5], "car_365": [1, 6], "car_364": [3, 7], "car_367": [6, 4], "car_366": [3, 1], "car_361": [2, 4], "car_360": [7, 1], "car_363": [6, 2], "car_362": [5, 6], "car_1811": [8, 0], "car_1810": [9, 3], "car_1813": [4, 2], "car_1812": [1, 0], "car_369": [3, 1], "car_368": [9, 5], "car_1817": [6, 0], "car_1816": [5, 4], "car_167": [11, 2], "car_166": [9, 1], "car_165": [5, 1], "car_164": [10, 7], "car_163": [7, 0], "car_162": [3, 5], "car_161": [2, 4], "car_160": [7, 5], "car_169": [7, 2], "car_168": [4, 1], "car_1495": [5, 4], "car_1494": [4, 2], "car_1497": [3, 2], "car_1496": [9, 5], "car_1491": [3, 0], "car_1490": [11, 5], "car_1493": [1, 5], "car_1492": [11, 4], "car_1499": [10, 1], "car_1498": [8, 0], "car_1253": [5, 7], "car_1252": [11, 7], "car_1251": [8, 4], "car_1250": [4, 7], "car_1257": [9, 1], "car_1256": [1, 6], "car_1255": [11, 6], "car_1254": [0, 6], "car_1259": [10, 6], "car_1258": [4, 7], "car_1868": [5, 0], "car_1789": [7, 4], "car_1788": [8, 1], "car_2070": [11, 0], "car_2071": [1, 6], "car_2076": [10, 2], "car_2077": [6, 4], "car_2074": [10, 4], "car_2075": [3, 4], "car_1781": [2, 3], "car_1780": [7, 4], "car_1783": [0, 4], "car_1782": [5, 6], "car_1785": [11, 6], "car_1784": [8, 4], "car_1787": [3, 6], "car_1786": [10, 4], "car_1077": [3, 2], "car_1076": [6, 3], "car_1075": [5, 3], "car_1074": [2, 4], "car_1073": [4, 7], "car_1072": [3, 2], "car_1071": [7, 1], "car_1070": [4, 1], "car_1079": [5, 1], "car_1078": [11, 5], "car_2139": [4, 2], "car_2034": [1, 3], "car_2035": [7, 3], "car_2032": [10, 4], "car_2033": [3, 5], "car_2138": [8, 6], "car_985": [1, 6], "car_984": [6, 3], "car_987": [6, 1], "car_986": [7, 4], "car_981": [6, 4], "car_980": [5, 2], "car_983": [1, 6], "car_982": [8, 1], "car_1675": [6, 1], "car_1674": [10, 3], "car_1677": [8, 5], "car_1676": [9, 1], "car_989": [1, 5], "car_988": [11, 0], "car_1673": [7, 6], "car_1672": [4, 3], "car_1479": [6, 4], "car_1478": [2, 0], "car_1473": [4, 6], "car_1472": [1, 0], "car_1471": [11, 5], "car_1470": [5, 4], "car_1477": [4, 5], "car_1476": [3, 6], "car_1475": [5, 3], "car_1474": [7, 1], "car_1743": [1, 7], "car_1742": [3, 6], "car_2098": [4, 6], "car_2099": [7, 0], "car_2090": [9, 5], "car_2091": [3, 2], "car_2092": [8, 3], "car_2093": [10, 7], "car_2094": [5, 2], "car_2095": [8, 3], "car_2096": [1, 0], "car_2097": [7, 3], "car_569": [8, 3], "car_568": [9, 7], "car_563": [10, 7], "car_562": [3, 4], "car_561": [6, 3], "car_560": [5, 1], "car_567": [6, 7], "car_566": [5, 1], "car_565": [11, 7], "car_564": [0, 3], "car_620": [6, 7], "car_621": [9, 0], "car_622": [8, 3], "car_623": [11, 5], "car_624": [7, 3], "car_625": [5, 2], "car_626": [11, 0], "car_627": [2, 6], "car_628": [5, 6], "car_629": [6, 3], "car_1869": [9, 3], "car_1866": [2, 5], "car_1867": [0, 6], "car_198": [8, 6], "car_199": [11, 2], "car_192": [6, 5], "car_193": [0, 6], "car_190": [2, 7], "car_191": [5, 1], "car_196": [0, 6], "car_197": [3, 4], "car_194": [3, 1], "car_195": [1, 7], "car_758": [11, 1], "car_759": [7, 4], "car_754": [3, 7], "car_755": [10, 6], "car_756": [2, 7], "car_757": [8, 7], "car_750": [9, 7], "car_751": [8, 7], "car_752": [1, 6], "car_753": [7, 2], "car_1940": [11, 1], "car_286": [10, 5], "car_287": [2, 5], "car_284": [9, 5], "car_285": [3, 0], "car_282": [8, 3], "car_283": [7, 2], "car_280": [6, 7], "car_281": [0, 4], "car_1949": [9, 2], "car_288": [11, 0], "car_289": [2, 4], "car_1948": [2, 1], "car_1312": [8, 1], "car_1313": [11, 1], "car_1310": [5, 1], "car_1311": [6, 4], "car_1316": [0, 7], "car_1317": [8, 5], "car_1314": [2, 5], "car_1315": [6, 3], "car_1318": [4, 2], "car_1319": [7, 2], "car_372": [3, 2], "car_373": [2, 1], "car_370": [7, 5], "car_371": [0, 1], "car_376": [1, 5], "car_377": [4, 7], "car_374": [6, 1], "car_375": [9, 7], "car_1864": [0, 6], "car_1865": [10, 2], "car_378": [10, 3], "car_379": [3, 6], "car_1860": [9, 3], "car_1861": [2, 1], "car_1862": [5, 2], "car_1863": [6, 3], "car_174": [5, 1], "car_175": [0, 7], "car_176": [8, 6], "car_177": [11, 5], "car_170": [6, 7], "car_171": [5, 2], "car_172": [4, 0], "car_173": [7, 4], "car_178": [1, 4], "car_179": [6, 0], "car_1266": [3, 5], "car_1267": [11, 3], "car_1264": [5, 7], "car_1265": [9, 6], "car_1262": [0, 3], "car_1263": [7, 5], "car_1260": [2, 5], "car_1261": [5, 0], "car_1268": [4, 5], "car_1269": [7, 3], "car_2065": [3, 7], "car_2064": [6, 1], "car_1048": [7, 4], "car_1049": [10, 1], "car_2061": [3, 4], "car_2060": [0, 7], "car_2063": [7, 4], "car_2062": [1, 7], "car_1042": [9, 4], "car_1043": [11, 4], "car_1040": [5, 7], "car_1041": [6, 5], "car_1046": [6, 7], "car_1047": [3, 7], "car_1044": [7, 2], "car_1045": [2, 6], "car_78": [7, 5], "car_79": [2, 0], "car_72": [3, 2], "car_73": [1, 7], "car_70": [11, 2], "car_71": [9, 2], "car_76": [6, 5], "car_77": [0, 3], "car_74": [7, 0], "car_75": [2, 4], "car_992": [0, 3], "car_993": [10, 4], "car_990": [2, 3], "car_991": [6, 7], "car_996": [7, 3], "car_997": [5, 0], "car_994": [6, 3], "car_995": [0, 5], "car_1688": [6, 4], "car_1689": [11, 7], "car_998": [8, 3], "car_999": [1, 2], "car_1448": [9, 2], "car_1449": [1, 4], "car_1446": [3, 5], "car_1447": [7, 3], "car_1444": [4, 5], "car_1445": [6, 3], "car_1442": [5, 2], "car_1443": [9, 3], "car_1440": [11, 3], "car_1441": [2, 1], "car_2089": [6, 3], "car_2088": [10, 4], "car_2083": [11, 7], "car_2082": [8, 3], "car_2081": [9, 0], "car_2080": [5, 7], "car_2087": [1, 2], "car_2086": [8, 2], "car_2085": [3, 7], "car_2084": [5, 4], "car_578": [8, 0], "car_579": [1, 5], "car_553": [7, 6], "car_570": [11, 7], "car_571": [4, 0], "car_572": [10, 6], "car_573": [2, 1], "car_574": [3, 5], "car_806": [6, 7], "car_576": [7, 2], "car_577": [6, 1], "car_807": [0, 6], "car_800": [10, 2], "car_801": [2, 0], "car_802": [8, 0], "car_803": [1, 7], "car_2067": [1, 2], "car_2066": [8, 7], "car_619": [5, 0], "car_618": [2, 7], "car_615": [7, 6], "car_614": [11, 7], "car_617": [3, 6], "car_616": [5, 4], "car_611": [0, 1], "car_610": [2, 4], "car_613": [4, 0], "car_612": [3, 7], "car_2069": [3, 2], "car_2068": [2, 0], "car_769": [9, 3], "car_768": [6, 4], "car_761": [7, 0], "car_760": [3, 0], "car_763": [5, 2], "car_762": [2, 5], "car_765": [9, 2], "car_764": [6, 7], "car_767": [7, 6], "car_766": [0, 3], "car_575": [11, 3], "car_1305": [0, 6], "car_1304": [6, 2], "car_1307": [4, 5], "car_1306": [1, 5], "car_1301": [2, 7], "car_1300": [7, 4], "car_1303": [4, 5], "car_1302": [8, 5], "car_1309": [1, 3], "car_1308": [6, 5], "car_389": [9, 5], "car_388": [5, 6], "car_387": [10, 4], "car_386": [7, 2], "car_385": [11, 7], "car_384": [9, 5], "car_383": [2, 5], "car_382": [10, 3], "car_381": [11, 5], "car_380": [8, 1], "car_141": [11, 3], "car_140": [8, 3], "car_143": [4, 0], "car_142": [3, 2], "car_145": [0, 2], "car_144": [7, 4], "car_147": [11, 0], "car_146": [3, 7], "car_149": [3, 5], "car_148": [6, 4], "car_1279": [8, 2], "car_1278": [7, 2], "car_1271": [6, 7], "car_1270": [10, 5], "car_1273": [6, 1], "car_1272": [1, 5], "car_1275": [0, 1], "car_1274": [9, 0], "car_1277": [4, 2], "car_1276": [1, 6], "car_1059": [0, 5], "car_1058": [7, 1], "car_1055": [7, 5], "car_1054": [0, 4], "car_1057": [3, 4], "car_1056": [5, 0], "car_1051": [8, 3], "car_1050": [2, 4], "car_1053": [10, 5], "car_1052": [7, 5], "car_69": [2, 4], "car_68": [7, 6], "car_61": [6, 7], "car_60": [4, 1], "car_63": [7, 5], "car_62": [0, 6], "car_65": [6, 3], "car_64": [2, 6], "car_67": [11, 3], "car_66": [3, 5], "car_1693": [0, 3], "car_1692": [9, 4], "car_1691": [6, 5], "car_1690": [7, 5], "car_1697": [2, 5], "car_1696": [7, 3], "car_969": [3, 0], "car_968": [6, 7], "car_967": [5, 1], "car_966": [4, 0], "car_965": [9, 0], "car_964": [6, 3], "car_963": [2, 0], "car_962": [7, 5], "car_961": [1, 6], "car_960": [0, 1], "car_1451": [10, 4], "car_1450": [7, 4], "car_1453": [3, 6], "car_1452": [9, 0], "car_1455": [11, 2], "car_1454": [8, 7], "car_1457": [5, 7], "car_1456": [4, 1], "car_1459": [7, 4], "car_1458": [1, 5], "car_1680": [8, 1], "car_1681": [7, 0], "car_1682": [5, 1], "car_1683": [6, 0], "car_1684": [4, 2], "car_1685": [7, 6], "car_1891": [3, 6], "car_1686": [2, 6], "car_1890": [6, 3], "car_1687": [5, 1], "car_1893": [1, 6], "car_545": [10, 7], "car_544": [4, 7], "car_547": [6, 7], "car_546": [2, 0], "car_541": [3, 2], "car_540": [0, 2], "car_543": [11, 5], "car_542": [8, 7], "car_1895": [7, 1], "car_549": [8, 6], "car_548": [9, 3], "car_819": [11, 3], "car_818": [8, 3], "car_1897": [5, 1], "car_1896": [2, 4], "car_33": [0, 1], "car_1767": [2, 3], "car_1766": [10, 2], "car_1765": [4, 6], "car_608": [4, 6], "car_609": [10, 5], "car_602": [9, 7], "car_603": [0, 3], "car_600": [2, 3], "car_601": [5, 6], "car_606": [7, 4], "car_607": [6, 0], "car_604": [3, 4], "car_605": [8, 1], "car_1761": [2, 7], "car_1760": [11, 5], "car_776": [8, 7], "car_777": [11, 6], "car_774": [6, 3], "car_775": [3, 5], "car_772": [7, 0], "car_773": [10, 7], "car_770": [3, 4], "car_771": [1, 0], "car_1768": [3, 1], "car_778": [1, 0], "car_779": [5, 6], "car_1750": [11, 3], "car_1994": [5, 1], "car_1995": [11, 3], "car_1996": [1, 7], "car_1997": [7, 5], "car_1990": [4, 6], "car_1991": [7, 4], "car_1992": [10, 6], "car_1993": [2, 3], "car_1998": [2, 7], "car_1999": [9, 2], "car_1842": [5, 3], "car_1806": [7, 1], "car_1840": [7, 5], "car_1841": [2, 7], "car_398": [4, 5], "car_399": [7, 1], "car_1844": [1, 0], "car_1807": [2, 5], "car_394": [4, 6], "car_395": [10, 4], "car_396": [5, 2], "car_397": [6, 4], "car_390": [3, 7], "car_391": [11, 2], "car_392": [7, 3], "car_393": [11, 0], "car_158": [10, 0], "car_159": [8, 1], "car_156": [1, 4], "car_157": [4, 3], "car_154": [3, 7], "car_155": [8, 0], "car_152": [5, 4], "car_153": [9, 1], "car_150": [1, 5], "car_151": [10, 7], "car_1208": [8, 3], "car_1209": [11, 1], "car_1204": [4, 2], "car_1205": [5, 0], "car_1206": [9, 1], "car_1207": [3, 6], "car_1200": [8, 4], "car_1201": [5, 1], "car_1202": [9, 2], "car_1203": [0, 7], "car_1808": [5, 4], "car_1809": [6, 7], "car_1510": [7, 6], "car_1511": [10, 2], "car_1512": [9, 0], "car_1513": [11, 4], "car_1514": [1, 2], "car_1515": [9, 1], "car_1516": [0, 2], "car_1517": [1, 0], "car_1518": [7, 3], "car_1519": [10, 6], "car_1198": [9, 7], "car_1199": [3, 4], "car_1194": [8, 4], "car_1195": [4, 1], "car_1196": [7, 0], "car_1197": [10, 7], "car_1190": [4, 5], "car_1191": [7, 0], "car_1192": [2, 5], "car_1193": [6, 2], "car_2126": [11, 5], "car_2127": [4, 5], "car_978": [6, 3], "car_979": [2, 7], "car_974": [9, 2], "car_975": [7, 2], "car_976": [2, 7], "car_977": [11, 5], "car_970": [11, 0], "car_971": [1, 6], "car_972": [10, 3], "car_973": [6, 7], "car_1424": [9, 6], "car_1425": [0, 2], "car_1426": [3, 0], "car_1427": [11, 5], "car_1420": [5, 7], "car_1421": [9, 2], "car_1422": [10, 6], "car_1423": [5, 4], "car_1428": [4, 2], "car_1429": [6, 4], "car_2128": [10, 0], "car_2129": [9, 0], "car_1738": [4, 5], "car_1739": [10, 6], "car_1730": [8, 2], "car_1731": [11, 4], "car_1732": [4, 5], "car_1733": [10, 1], "car_1734": [2, 3], "car_1735": [5, 1], "car_1736": [4, 1], "car_1737": [2, 1], "car_54": [5, 4], "car_55": [8, 5], "car_56": [1, 3], "car_57": [6, 1], "car_50": [8, 1], "car_51": [11, 0], "car_52": [7, 6], "car_53": [2, 6], "car_58": [9, 6], "car_59": [0, 5], "car_552": [4, 1], "car_805": [2, 6], "car_550": [6, 2], "car_551": [0, 7], "car_556": [11, 1], "car_557": [4, 7], "car_554": [5, 3], "car_555": [6, 3], "car_558": [7, 1], "car_559": [9, 5], "car_808": [8, 5], "car_809": [4, 2], "car_1757": [10, 4], "car_703": [7, 0], "car_702": [1, 0], "car_701": [9, 5], "car_700": [6, 4], "car_707": [2, 4], "car_706": [3, 6], "car_705": [9, 1], "car_704": [2, 1], "car_709": [9, 1], "car_708": [5, 3], "car_1987": [9, 4], "car_1986": [5, 4], "car_1985": [2, 6], "car_1984": [10, 5], "car_1983": [7, 0], "car_1982": [3, 1], "car_1981": [9, 5], "car_1980": [7, 5], "car_1989": [11, 4], "car_1988": [0, 6], "car_1855": [5, 4], "car_1796": [5, 0], "car_1857": [7, 3], "car_1856": [9, 0], "car_1851": [8, 3], "car_1850": [9, 1], "car_1853": [7, 4], "car_1797": [9, 5], "car_1859": [6, 4], "car_1794": [8, 6], "car_129": [11, 4], "car_128": [3, 2], "car_123": [6, 4], "car_122": [2, 4], "car_121": [3, 7], "car_120": [9, 2], "car_127": [0, 1], "car_126": [1, 0], "car_125": [11, 4], "car_124": [0, 1], "car_1790": [0, 3], "car_1219": [6, 5], "car_1218": [2, 6], "car_1217": [4, 1], "car_1216": [8, 1], "car_1215": [0, 7], "car_1214": [9, 2], "car_1213": [2, 7], "car_1212": [10, 0], "car_1211": [7, 3], "car_1210": [1, 5], "car_1415": [11, 5], "car_1414": [8, 1], "car_1417": [6, 4], "car_1416": [5, 4], "car_1411": [9, 7], "car_1410": [2, 0], "car_237": [7, 1], "car_236": [11, 6], "car_235": [8, 2], "car_234": [0, 6], "car_233": [9, 1], "car_232": [6, 3], "car_231": [7, 2], "car_230": [4, 1], "car_1412": [5, 1], "car_239": [9, 7], "car_238": [10, 2], "car_1503": [9, 0], "car_1502": [2, 4], "car_1501": [10, 5], "car_1500": [8, 4], "car_1507": [5, 6], "car_1506": [4, 3], "car_1505": [1, 3], "car_1504": [11, 1], "car_1509": [1, 6], "car_1508": [9, 5], "car_1189": [8, 2], "car_1188": [9, 4], "car_1187": [5, 1], "car_1186": [8, 3], "car_1185": [9, 3], "car_1184": [6, 4], "car_1183": [10, 3], "car_1182": [4, 2], "car_1181": [11, 5], "car_1180": [0, 6], "car_949": [3, 2], "car_948": [0, 5], "car_941": [1, 0], "car_940": [5, 7], "car_943": [6, 0], "car_942": [5, 2], "car_945": [6, 3], "car_944": [8, 1], "car_947": [1, 5], "car_946": [3, 4], "car_1437": [10, 4], "car_1436": [7, 5], "car_1435": [1, 3], "car_1434": [8, 6], "car_1433": [6, 3], "car_1432": [11, 2], "car_1431": [8, 6], "car_1430": [9, 3], "car_1439": [0, 6], "car_1438": [9, 2], "car_493": [0, 7], "car_492": [9, 4], "car_491": [10, 7], "car_490": [4, 2], "car_497": [5, 4], "car_496": [1, 7], "car_495": [8, 6], "car_494": [3, 7], "car_499": [1, 7], "car_498": [9, 3], "car_1918": [10, 7], "car_1919": [2, 7], "car_1729": [9, 7], "car_1728": [6, 2], "car_1723": [4, 3], "car_1722": [3, 5], "car_1721": [8, 0], "car_1720": [0, 3], "car_1727": [2, 4], "car_1726": [11, 2], "car_1725": [6, 3], "car_1724": [2, 4], "car_43": [11, 6], "car_42": [6, 3], "car_41": [1, 3], "car_40": [3, 7], "car_47": [2, 3], "car_46": [10, 7], "car_45": [7, 0], "car_44": [1, 7], "car_49": [6, 7], "car_48": [5, 7], "car_1916": [11, 7], "car_1917": [4, 2], "car_1858": [5, 2], "car_831": [3, 5], "car_830": [10, 2], "car_833": [7, 1], "car_832": [1, 2], "car_835": [5, 4], "car_834": [2, 0], "car_837": [9, 7], "car_836": [6, 0], "car_839": [10, 1], "car_838": [7, 3], "car_1941": [1, 2], "car_710": [4, 1], "car_711": [5, 2], "car_712": [0, 3], "car_713": [1, 3], "car_714": [10, 2], "car_715": [9, 3], "car_716": [8, 7], "car_717": [2, 3], "car_718": [6, 7], "car_719": [0, 4], "car_1892": [11, 6], "car_1894": [4, 0], "car_138": [0, 7], "car_139": [3, 1], "car_130": [7, 5], "car_131": [10, 4], "car_132": [9, 0], "car_133": [1, 3], "car_134": [9, 1], "car_135": [4, 3], "car_136": [9, 0], "car_137": [8, 3], "car_1222": [6, 2], "car_1223": [9, 1], "car_1220": [4, 1], "car_1221": [5, 1], "car_1226": [2, 4], "car_1227": [3, 5], "car_1224": [0, 3], "car_1225": [4, 2], "car_1886": [9, 1], "car_1887": [0, 6], "car_1228": [8, 6], "car_1229": [2, 5], "car_1882": [0, 7], "car_1883": [11, 2], "car_1880": [1, 2], "car_1881": [2, 6], "car_224": [6, 4], "car_225": [11, 0], "car_226": [1, 6], "car_227": [4, 0], "car_220": [9, 5], "car_221": [1, 0], "car_222": [2, 1], "car_223": [10, 5], "car_228": [5, 0], "car_229": [0, 2], "car_1086": [2, 3], "car_1087": [0, 3], "car_1084": [3, 2], "car_1085": [10, 1], "car_1082": [6, 4], "car_1083": [9, 5], "car_1080": [6, 4], "car_1081": [7, 1], "car_1088": [3, 5], "car_1089": [8, 7], "car_1536": [7, 6], "car_1537": [9, 5], "car_1534": [8, 1], "car_1535": [11, 1], "car_1532": [6, 5], "car_1533": [9, 6], "car_1530": [8, 4], "car_1531": [1, 0], "car_1538": [8, 0], "car_1539": [4, 6], "car_956": [8, 2], "car_957": [11, 5], "car_954": [2, 6], "car_955": [9, 0], "car_952": [1, 2], "car_953": [7, 6], "car_950": [8, 2], "car_951": [11, 1], "car_1827": [4, 2], "car_958": [1, 5], "car_959": [2, 1], "car_1158": [10, 1], "car_1159": [5, 0], "car_1408": [11, 7], "car_1409": [10, 6], "car_1829": [3, 7], "car_1150": [8, 0], "car_1151": [7, 0], "car_1152": [0, 5], "car_1153": [1, 0], "car_1154": [7, 6], "car_1155": [10, 4], "car_1156": [8, 5], "car_1157": [4, 2], "car_1826": [1, 7], "car_480": [1, 3], "car_481": [7, 0], "car_482": [2, 4], "car_483": [6, 2], "car_484": [1, 3], "car_485": [7, 1], "car_486": [10, 2], "car_487": [4, 3], "car_488": [10, 3], "car_489": [2, 7], "car_853": [3, 4], "car_852": [9, 2], "car_851": [2, 1], "car_582": [11, 3], "car_1718": [4, 3], "car_1719": [10, 4], "car_1716": [10, 6], "car_857": [9, 0], "car_1714": [11, 7], "car_1715": [7, 0], "car_1712": [6, 4], "car_1713": [9, 2], "car_1710": [8, 7], "car_856": [6, 3], "car_1828": [10, 2], "car_855": [5, 6], "car_854": [2, 3], "car_828": [0, 4], "car_829": [3, 6], "car_826": [9, 5], "car_827": [9, 1], "car_824": [7, 1], "car_825": [5, 6], "car_822": [0, 3], "car_823": [1, 0], "car_820": [7, 5], "car_821": [6, 2], "car_729": [11, 6], "car_728": [8, 1], "car_725": [3, 4], "car_724": [2, 5], "car_727": [1, 2], "car_726": [8, 7], "car_721": [8, 5], "car_720": [3, 2], "car_723": [6, 5], "car_722": [1, 6], "car_1795": [2, 5], "car_1792": [4, 0], "car_1793": [10, 1], "car_105": [8, 4], "car_104": [9, 6], "car_107": [6, 3], "car_106": [7, 5], "car_101": [1, 2], "car_100": [3, 0], "car_103": [4, 7], "car_102": [0, 5], "car_1888": [8, 7], "car_109": [3, 0], "car_108": [9, 3], "car_1791": [3, 7], "car_1235": [10, 6], "car_1234": [7, 4], "car_1237": [9, 2], "car_1236": [6, 1], "car_1231": [8, 4], "car_1230": [5, 7], "car_1233": [4, 7], "car_1232": [11, 3], "car_1899": [7, 1], "car_1898": [4, 6], "car_1239": [1, 2], "car_1238": [0, 3], "car_211": [8, 1], "car_210": [6, 0], "car_213": [7, 6], "car_212": [4, 1], "car_215": [2, 4], "car_214": [10, 3], "car_217": [1, 6], "car_216": [3, 2], "car_219": [5, 0], "car_218": [7, 2], "car_1529": [0, 3], "car_1528": [9, 7], "car_1521": [6, 0], "car_1520": [5, 0], "car_1523": [1, 2], "car_1522": [8, 5], "car_1525": [11, 2], "car_1524": [5, 3], "car_1527": [10, 3], "car_1526": [1, 3], "car_923": [5, 3], "car_922": [1, 6], "car_921": [3, 2], "car_920": [9, 4], "car_927": [4, 2], "car_926": [1, 2], "car_925": [11, 3], "car_924": [3, 4], "car_929": [5, 1], "car_928": [10, 0], "car_1149": [6, 7], "car_1148": [5, 4], "car_1419": [2, 5], "car_1418": [11, 1], "car_1143": [7, 6], "car_1142": [1, 2], "car_1141": [6, 7], "car_1140": [10, 2], "car_1147": [2, 7], "car_1146": [5, 3], "car_1145": [2, 1], "car_1144": [11, 2], "car_1099": [8, 1], "car_1098": [9, 5], "car_1091": [4, 3], "car_1090": [11, 6], "car_1093": [5, 3], "car_1092": [10, 2], "car_1095": [11, 1], "car_1094": [8, 3], "car_1097": [10, 2], "car_1096": [7, 6], "car_1701": [6, 1], "car_1700": [5, 4], "car_1703": [0, 7], "car_1702": [9, 5], "car_1705": [10, 5], "car_1704": [1, 0], "car_1707": [6, 2], "car_1706": [5, 1], "car_1709": [0, 4], "car_1708": [9, 5], "car_589": [4, 6], "car_588": [1, 7], "car_859": [8, 3], "car_858": [0, 7], "car_1695": [8, 3], "car_581": [8, 5], "car_580": [7, 0], "car_583": [10, 2], "car_850": [10, 3], "car_585": [10, 3], "car_584": [3, 1], "car_587": [9, 1], "car_586": [6, 1], "car_2002": [11, 7], "car_2144": [4, 7], "car_2142": [11, 3], "car_2143": [1, 3], "car_2140": [7, 1], "car_2141": [5, 6], "car_457": [7, 1], "car_456": [4, 2], "car_455": [3, 5], "car_454": [0, 7], "car_453": [6, 1], "car_452": [5, 2], "car_451": [10, 3], "car_450": [4, 2], "car_1878": [0, 6], "car_459": [2, 4], "car_458": [10, 6], "car_1877": [8, 2], "car_1876": [2, 3], "car_1875": [1, 7], "car_1874": [8, 5], "car_1873": [7, 6], "car_1872": [4, 1], "car_738": [2, 4], "car_739": [1, 7], "car_1871": [8, 7], "car_733": [9, 6], "car_732": [2, 1], "car_32": [6, 4], "car_730": [7, 6], "car_731": [10, 4], "car_736": [5, 3], "car_737": [8, 6], "car_734": [11, 3], "car_735": [7, 4], "car_1976": [10, 4], "car_1977": [0, 4], "car_1698": [5, 6], "car_38": [5, 6], "car_39": [0, 4], "car_1978": [11, 1], "car_1979": [1, 5], "car_112": [10, 1], "car_113": [2, 1], "car_110": [11, 6], "car_111": [1, 6], "car_116": [7, 6], "car_117": [4, 5], "car_114": [5, 2], "car_115": [6, 0], "car_118": [7, 0], "car_119": [10, 2], "car_1950": [8, 4], "car_1951": [7, 5], "car_1952": [10, 6], "car_1953": [10, 6], "car_1954": [10, 0], "car_1955": [2, 7], "car_208": [7, 3], "car_209": [10, 4], "car_206": [9, 4], "car_207": [4, 3], "car_204": [4, 7], "car_205": [10, 6], "car_202": [2, 1], "car_203": [8, 3], "car_200": [7, 5], "car_201": [4, 6], "car_1558": [2, 4], "car_1559": [3, 6], "car_1554": [2, 6], "car_1555": [1, 4], "car_1556": [4, 2], "car_1557": [7, 2], "car_1550": [9, 1], "car_1551": [0, 3], "car_1552": [11, 4], "car_1553": [10, 6], "car_1398": [6, 2], "car_1399": [0, 5], "car_1392": [6, 2], "car_1393": [1, 6], "car_1390": [10, 2], "car_1391": [3, 7], "car_1396": [9, 1], "car_1397": [1, 4], "car_1394": [10, 3], "car_1395": [5, 4], "car_930": [9, 4], "car_931": [0, 2], "car_932": [4, 2], "car_933": [11, 0], "car_934": [1, 5], "car_935": [9, 4], "car_936": [0, 3], "car_937": [11, 4], "car_938": [1, 6], "car_939": [4, 1], "car_6": [1, 3], "car_7": [8, 0], "car_4": [5, 6], "car_5": [9, 1], "car_2": [7, 6], "car_3": [2, 3], "car_1178": [7, 2], "car_1": [6, 3], "car_1176": [6, 2], "car_1177": [4, 5], "car_1174": [2, 5], "car_1175": [5, 7], "car_1172": [11, 6], "car_1173": [10, 5], "car_8": [1, 6], "car_9": [4, 5], "car_1774": [10, 7], "car_1775": [6, 4], "car_1776": [0, 5], "car_1777": [6, 2], "car_1770": [11, 5], "car_1771": [1, 7], "car_1772": [9, 2], "car_1773": [0, 3], "car_1778": [3, 1], "car_1779": [11, 3], "car_98": [1, 3], "car_99": [10, 7], "car_90": [10, 0], "car_91": [6, 4], "car_92": [0, 3], "car_93": [5, 1], "car_94": [8, 2], "car_95": [10, 7], "car_96": [6, 0], "car_97": [9, 7], "car_596": [0, 3], "car_597": [3, 0], "car_594": [2, 1], "car_595": [2, 4], "car_592": [1, 2], "car_593": [4, 7], "car_590": [0, 1], "car_591": [8, 6], "car_598": [5, 1], "car_599": [11, 3], "car_848": [11, 2], "car_849": [7, 0], "car_840": [6, 7], "car_841": [1, 0], "car_842": [5, 7], "car_843": [6, 4], "car_844": [4, 7], "car_845": [7, 3], "car_846": [0, 1], "car_847": [8, 6], "car_1608": [8, 7], "car_1609": [1, 6], "car_1600": [5, 6], "car_1601": [8, 2], "car_1602": [8, 1], "car_1603": [1, 5], "car_1604": [4, 5], "car_1605": [7, 2], "car_1606": [6, 2], "car_1607": [3, 4], "car_444": [1, 0], "car_445": [10, 6], "car_446": [6, 4], "car_447": [4, 2], "car_440": [6, 3], "car_441": [9, 5], "car_442": [3, 4], "car_443": [8, 5], "car_448": [3, 4], "car_449": [11, 6], "car_695": [1, 6], "car_694": [8, 7], "car_697": [2, 5], "car_696": [4, 2], "car_691": [0, 7], "car_690": [2, 3], "car_693": [10, 4], "car_692": [11, 4], "car_699": [5, 4], "car_698": [3, 0], "car_1943": [10, 0], "car_1942": [7, 6], "car_279": [4, 5], "car_278": [4, 3], "car_1947": [10, 2], "car_1946": [0, 6], "car_1945": [6, 5], "car_1944": [5, 3], "car_273": [2, 5], "car_272": [8, 2], "car_271": [9, 0], "car_270": [5, 4], "car_277": [1, 4], "car_276": [11, 2], "car_275": [6, 3], "car_274": [5, 3], "car_1925": [2, 7], "car_1549": [10, 0], "car_1548": [5, 1], "car_1547": [10, 1], "car_1546": [1, 4], "car_1545": [8, 0], "car_1544": [5, 6], "car_1543": [4, 3], "car_1542": [1, 5], "car_1541": [9, 2], "car_1540": [5, 4], "car_1389": [3, 6], "car_1388": [5, 1], "car_1385": [9, 3], "car_1384": [7, 1], "car_1387": [10, 7], "car_1386": [0, 6], "car_1381": [6, 0], "car_1380": [10, 6], "car_1383": [1, 2], "car_1382": [8, 5], "car_307": [8, 2], "car_306": [6, 5], "car_305": [5, 3], "car_304": [2, 6], "car_303": [3, 1], "car_302": [2, 4], "car_301": [8, 3], "car_300": [5, 6], "car_804": [10, 4], "car_309": [5, 6], "car_308": [4, 3], "car_909": [6, 2], "car_908": [5, 2], "car_905": [2, 5], "car_904": [11, 4], "car_907": [10, 1], "car_906": [3, 4], "car_901": [6, 0], "car_900": [4, 5], "car_903": [6, 1], "car_902": [4, 5], "car_1161": [9, 6], "car_1160": [6, 3], "car_1163": [4, 3], "car_1162": [11, 5], "car_1165": [10, 0], "car_1164": [2, 3], "car_1167": [6, 1], "car_1166": [2, 4], "car_1169": [0, 6], "car_1168": [9, 7], "car_2010": [8, 2], "car_2011": [6, 1], "car_2012": [9, 7], "car_2013": [0, 2], "car_2014": [8, 6], "car_2015": [11, 7], "car_2016": [10, 4], "car_2017": [2, 3], "car_2018": [6, 1], "car_2019": [9, 5], "car_87": [5, 6], "car_86": [2, 4], "car_85": [10, 1], "car_84": [7, 2], "car_83": [6, 7], "car_82": [5, 7], "car_81": [11, 6], "car_80": [0, 7], "car_2001": [0, 3], "car_89": [9, 5], "car_88": [6, 5], "car_2000": [9, 0], "car_875": [9, 7], "car_874": [6, 1], "car_877": [4, 2], "car_876": [11, 3], "car_871": [8, 0], "car_870": [3, 1], "car_873": [5, 4], "car_872": [2, 3], "car_1694": [3, 1], "car_879": [5, 7], "car_878": [10, 7], "car_1752": [4, 5], "car_1753": [5, 2], "car_1699": [9, 7], "car_2124": [1, 7], "car_2125": [7, 1], "car_1619": [5, 7], "car_1618": [2, 1], "car_2120": [1, 4], "car_2121": [10, 3], "car_2122": [5, 6], "car_2123": [11, 5], "car_1613": [9, 7], "car_1612": [6, 0], "car_1611": [7, 6], "car_1610": [4, 2], "car_1617": [4, 7], "car_1616": [1, 0], "car_1615": [11, 1], "car_1614": [8, 2], "car_1754": [9, 4], "car_1755": [0, 2], "car_471": [8, 3], "car_470": [9, 3], "car_473": [4, 5], "car_472": [11, 6], "car_475": [9, 4], "car_474": [6, 0], "car_477": [1, 0], "car_476": [11, 5], "car_479": [9, 3], "car_478": [5, 2], "car_2038": [9, 6], "car_2039": [3, 7], "car_1819": [4, 1], "car_1818": [1, 0], "car_682": [1, 7], "car_683": [7, 3], "car_680": [0, 6], "car_681": [11, 6], "car_686": [9, 1], "car_687": [3, 4], "car_684": [2, 4], "car_685": [6, 3], "car_688": [1, 0], "car_689": [10, 1], "car_1815": [0, 5], "car_1814": [10, 5], "car_1670": [10, 5], "car_1956": [6, 2], "car_1957": [3, 1], "car_1958": [4, 2], "car_1959": [7, 4], "car_2003": [4, 1], "car_268": [1, 6], "car_269": [10, 2], "car_1974": [8, 3], "car_1975": [4, 6], "car_1972": [2, 6], "car_1973": [5, 4], "car_1970": [6, 3], "car_1971": [3, 1], "car_260": [2, 0], "car_261": [9, 4], "car_262": [0, 4], "car_263": [3, 5], "car_264": [8, 3], "car_265": [7, 2], "car_266": [2, 5], "car_267": [0, 2], "car_1572": [4, 3], "car_1573": [2, 7], "car_1570": [8, 7], "car_1571": [11, 4], "car_1576": [10, 7], "car_1577": [2, 4], "car_1574": [4, 6], "car_1575": [7, 3], "car_1578": [6, 0], "car_1579": [3, 6], "car_1370": [7, 1], "car_1371": [2, 7], "car_1372": [9, 2], "car_1373": [8, 2], "car_1374": [1, 5], "car_1375": [10, 2], "car_1376": [8, 6], "car_1377": [11, 3], "car_1378": [1, 5], "car_1379": [7, 0], "car_314": [10, 3], "car_315": [6, 0], "car_316": [11, 4], "car_317": [6, 0], "car_310": [6, 3], "car_311": [0, 5], "car_312": [11, 3], "car_313": [4, 0], "car_318": [3, 2], "car_319": [10, 2], "car_918": [7, 1], "car_919": [10, 5], "car_912": [7, 1], "car_913": [10, 3], "car_910": [9, 1], "car_911": [1, 3], "car_916": [8, 2], "car_917": [1, 5], "car_914": [9, 5], "car_915": [0, 7], "car_1114": [10, 6], "car_1115": [6, 7], "car_1116": [3, 7], "car_1117": [1, 3], "car_1110": [5, 0], "car_1111": [0, 5], "car_1112": [1, 7], "car_1113": [4, 6], "car_1118": [4, 3], "car_1119": [7, 3], "car_1284": [0, 3], "car_1285": [3, 7], "car_1286": [11, 2], "car_1287": [0, 7], "car_1280": [11, 3], "car_1281": [7, 1], "car_1282": [10, 3], "car_1283": [6, 1], "car_2130": [3, 7], "car_1288": [0, 5], "car_1289": [3, 2], "car_1744": [2, 1], "car_1028": [6, 3], "car_1029": [9, 1], "car_1758": [6, 5], "car_1759": [9, 2], "car_2007": [1, 3], "car_2006": [0, 3], "car_2005": [2, 7], "car_2004": [10, 4], "car_1020": [4, 0], "car_1021": [7, 3], "car_1022": [10, 7], "car_1023": [3, 0], "car_1024": [6, 3], "car_1025": [9, 2], "car_1026": [4, 0], "car_1027": [2, 5], "car_1598": [1, 7], "car_1599": [4, 6], "car_1590": [7, 2], "car_1591": [6, 2], "car_1592": [9, 0], "car_1593": [8, 6], "car_1594": [5, 3], "car_1595": [6, 7], "car_1596": [10, 0], "car_1597": [4, 0], "car_1746": [10, 7], "car_862": [2, 1], "car_863": [6, 1], "car_860": [11, 4], "car_861": [4, 7], "car_866": [4, 5], "car_867": [7, 2], "car_864": [9, 3], "car_865": [1, 6], "car_868": [2, 5], "car_869": [0, 1], "car_1741": [0, 5], "car_2137": [0, 2], "car_2136": [1, 5], "car_2135": [3, 4], "car_2134": [6, 3], "car_2133": [7, 1], "car_2132": [4, 0], "car_1628": [3, 4], "car_1629": [4, 1], "car_1626": [7, 5], "car_1627": [5, 7], "car_1624": [11, 2], "car_1625": [1, 7], "car_1622": [1, 5], "car_1623": [8, 4], "car_1620": [6, 3], "car_1621": [3, 1], "car_1740": [9, 1]}