{"car_3253": [0, 5], "car_2009": [1, 4], "car_3196": [8, 0], "car_3197": [11, 1], "car_3194": [2, 0], "car_3195": [0, 7], "car_3192": [4, 6], "car_3193": [10, 1], "car_3190": [6, 2], "car_3191": [11, 6], "car_3198": [1, 5], "car_3199": [7, 5], "car_2229": [7, 5], "car_2228": [1, 6], "car_468": [6, 7], "car_469": [9, 0], "car_466": [10, 4], "car_467": [5, 6], "car_464": [8, 6], "car_465": [7, 0], "car_462": [9, 7], "car_463": [0, 5], "car_460": [4, 6], "car_461": [6, 2], "car_2455": [0, 3], "car_3068": [7, 6], "car_3069": [5, 6], "car_2751": [1, 3], "car_3062": [2, 4], "car_3063": [0, 2], "car_3060": [1, 3], "car_3061": [10, 1], "car_3066": [1, 5], "car_3067": [4, 5], "car_3064": [3, 2], "car_3065": [8, 0], "car_3268": [11, 1], "car_817": [2, 3], "car_816": [4, 5], "car_3260": [7, 4], "car_3261": [2, 7], "car_3262": [8, 5], "car_3263": [1, 7], "car_3264": [6, 5], "car_815": [11, 1], "car_3266": [0, 2], "car_3267": [3, 7], "car_2750": [8, 2], "car_814": [8, 6], "car_813": [9, 0], "car_812": [6, 4], "car_2072": [5, 7], "car_811": [2, 6], "car_2073": [6, 5], "car_810": [7, 6], "car_3214": [5, 2], "car_679": [2, 5], "car_678": [4, 1], "car_677": [1, 6], "car_676": [11, 1], "car_675": [8, 1], "car_674": [3, 1], "car_673": [0, 2], "car_672": [9, 2], "car_671": [2, 3], "car_670": [10, 2], "car_2771": [6, 3], "car_3213": [7, 1], "car_2770": [2, 3], "car_3212": [4, 2], "car_2078": [4, 1], "car_2079": [7, 0], "car_3464": [0, 1], "car_2456": [3, 0], "car_2341": [3, 0], "car_2670": [4, 1], "car_3465": [11, 5], "car_2671": [2, 4], "car_2754": [2, 4], "car_2672": [6, 0], "car_2223": [10, 1], "car_789": [6, 7], "car_788": [2, 3], "car_3338": [9, 4], "car_2222": [1, 6], "car_783": [9, 1], "car_782": [6, 4], "car_781": [5, 2], "car_780": [4, 2], "car_787": [4, 5], "car_786": [11, 5], "car_785": [8, 2], "car_784": [0, 5], "car_3462": [5, 3], "car_2220": [8, 3], "car_0": [0, 6], "car_2227": [11, 5], "car_1179": [7, 5], "car_2375": [0, 2], "car_2226": [8, 3], "car_3339": [0, 6], "car_2225": [9, 1], "car_2224": [6, 2], "car_3463": [9, 3], "car_255": [8, 4], "car_254": [3, 7], "car_257": [9, 0], "car_256": [1, 7], "car_251": [7, 3], "car_250": [11, 5], "car_253": [0, 5], "car_252": [6, 0], "car_1961": [8, 0], "car_1960": [0, 5], "car_1963": [2, 4], "car_1962": [11, 3], "car_259": [4, 7], "car_258": [0, 3], "car_1967": [6, 7], "car_1966": [5, 6], "car_1170": [1, 0], "car_1171": [2, 1], "car_1565": [6, 2], "car_1564": [5, 0], "car_1567": [3, 4], "car_1566": [9, 0], "car_1561": [8, 5], "car_1560": [3, 1], "car_1563": [1, 2], "car_1562": [11, 2], "car_1569": [11, 6], "car_1568": [8, 2], "car_1413": [6, 7], "car_1363": [7, 0], "car_1362": [1, 2], "car_1361": [11, 3], "car_1360": [8, 0], "car_1367": [11, 3], "car_1366": [5, 0], "car_1365": [2, 3], "car_1364": [10, 1], "car_1369": [6, 7], "car_1368": [4, 3], "car_2758": [11, 1], "car_2376": [3, 6], "car_321": [2, 6], "car_320": [7, 2], "car_323": [8, 5], "car_322": [6, 0], "car_325": [1, 0], "car_324": [11, 5], "car_327": [0, 6], "car_326": [9, 4], "car_329": [4, 1], "car_328": [8, 6], "car_2722": [10, 4], "car_2723": [5, 3], "car_2720": [11, 2], "car_2721": [1, 7], "car_2726": [11, 0], "car_2727": [4, 1], "car_2724": [0, 2], "car_2725": [3, 5], "car_2728": [5, 0], "car_2729": [9, 5], "car_1107": [8, 3], "car_1106": [5, 0], "car_1105": [2, 7], "car_1104": [7, 4], "car_1103": [4, 3], "car_1102": [1, 2], "car_1101": [11, 3], "car_1100": [3, 0], "car_1109": [2, 5], "car_1108": [11, 5], "car_1297": [2, 7], "car_1296": [4, 0], "car_1295": [11, 2], "car_1294": [3, 5], "car_1293": [9, 4], "car_1292": [3, 2], "car_1291": [9, 4], "car_1290": [10, 2], "car_1299": [3, 5], "car_1298": [0, 5], "car_2928": [9, 5], "car_2929": [7, 0], "car_2924": [4, 0], "car_2925": [7, 4], "car_2926": [10, 0], "car_2927": [2, 0], "car_2920": [2, 3], "car_2921": [5, 4], "car_2922": [9, 3], "car_2923": [3, 1], "car_2586": [10, 5], "car_2587": [2, 5], "car_2584": [0, 6], "car_2585": [11, 7], "car_2582": [7, 0], "car_2583": [9, 2], "car_2580": [3, 0], "car_2581": [1, 5], "car_3527": [4, 3], "car_3526": [1, 5], "car_3525": [11, 1], "car_3524": [8, 2], "car_2858": [11, 5], "car_2859": [4, 1], "car_2588": [5, 3], "car_2589": [6, 3], "car_2036": [2, 0], "car_2037": [6, 0], "car_1039": [3, 4], "car_1038": [9, 6], "car_1749": [11, 7], "car_1748": [8, 2], "car_2030": [9, 5], "car_2031": [0, 1], "car_1033": [11, 2], "car_1032": [0, 4], "car_1031": [9, 6], "car_1030": [5, 2], "car_1037": [5, 0], "car_1036": [2, 1], "car_1035": [10, 6], "car_1034": [7, 6], "car_1589": [8, 5], "car_1588": [3, 5], "car_1583": [4, 7], "car_1582": [1, 6], "car_1581": [8, 5], "car_1580": [3, 4], "car_1587": [0, 2], "car_1586": [5, 7], "car_1585": [10, 6], "car_1584": [7, 6], "car_1852": [3, 6], "car_1906": [7, 1], "car_3295": [7, 6], "car_3294": [3, 0], "car_3297": [9, 5], "car_3296": [5, 4], "car_3291": [10, 2], "car_3290": [4, 2], "car_899": [6, 1], "car_898": [5, 6], "car_897": [2, 1], "car_896": [7, 0], "car_895": [4, 2], "car_894": [11, 1], "car_893": [0, 5], "car_892": [2, 3], "car_891": [10, 7], "car_890": [7, 1], "car_2458": [4, 7], "car_2459": [7, 3], "car_2108": [0, 2], "car_2109": [3, 7], "car_3457": [0, 7], "car_3456": [9, 2], "car_3455": [6, 5], "car_3454": [5, 6], "car_2102": [3, 6], "car_2103": [8, 4], "car_2100": [6, 0], "car_2101": [0, 4], "car_2106": [5, 0], "car_2107": [6, 7], "car_2104": [11, 0], "car_2105": [2, 6], "car_1631": [0, 1], "car_1630": [9, 2], "car_1633": [4, 1], "car_1632": [8, 2], "car_1635": [2, 5], "car_1634": [7, 3], "car_1637": [9, 4], "car_1636": [6, 2], "car_1639": [11, 3], "car_1638": [0, 4], "car_3418": [9, 5], "car_1751": [4, 3], "car_2803": [3, 4], "car_2802": [9, 6], "car_2801": [10, 1], "car_3189": [5, 1], "car_3188": [2, 6], "car_2800": [7, 2], "car_3269": [7, 5], "car_3181": [6, 0], "car_2807": [0, 3], "car_1756": [3, 7], "car_3182": [9, 0], "car_3185": [7, 5], "car_3184": [4, 0], "car_3187": [0, 4], "car_2806": [6, 0], "car_2805": [10, 1], "car_3306": [5, 0], "car_2816": [3, 4], "car_2804": [4, 6], "car_3380": [11, 4], "car_3104": [6, 1], "car_2414": [1, 3], "car_419": [6, 4], "car_418": [5, 0], "car_2218": [9, 1], "car_2219": [3, 6], "car_413": [9, 1], "car_412": [6, 3], "car_411": [5, 1], "car_410": [10, 2], "car_417": [4, 3], "car_416": [11, 3], "car_415": [3, 5], "car_414": [0, 2], "car_2417": [6, 1], "car_1679": [11, 4], "car_3546": [7, 6], "car_1678": [8, 0], "car_2412": [3, 5], "car_2947": [11, 4], "car_2413": [11, 4], "car_3265": [9, 4], "car_3079": [5, 3], "car_3078": [2, 4], "car_3075": [6, 1], "car_3074": [5, 2], "car_3077": [7, 0], "car_3076": [1, 3], "car_3071": [9, 7], "car_3070": [6, 2], "car_3073": [4, 1], "car_3072": [1, 6], "car_527": [9, 6], "car_526": [6, 7], "car_525": [2, 0], "car_524": [7, 1], "car_523": [4, 0], "car_522": [11, 1], "car_521": [3, 1], "car_520": [0, 5], "car_3273": [11, 5], "car_1671": [0, 4], "car_3271": [6, 1], "car_1889": [3, 7], "car_3277": [8, 4], "car_3276": [6, 0], "car_529": [11, 3], "car_528": [0, 5], "car_1884": [0, 1], "car_1885": [11, 0], "car_2368": [0, 5], "car_2786": [5, 3], "car_2787": [6, 0], "car_668": [8, 5], "car_669": [1, 2], "car_664": [5, 0], "car_665": [9, 4], "car_666": [0, 2], "car_667": [3, 2], "car_660": [1, 3], "car_661": [4, 1], "car_662": [7, 3], "car_663": [10, 1], "car_2759": [1, 0], "car_1854": [7, 1], "car_2788": [0, 6], "car_3308": [9, 1], "car_2789": [3, 1], "car_2940": [11, 1], "car_798": [1, 7], "car_799": [4, 1], "car_790": [9, 3], "car_791": [0, 4], "car_792": [3, 1], "car_793": [1, 4], "car_794": [7, 3], "car_795": [2, 5], "car_796": [0, 2], "car_797": [3, 0], "car_242": [3, 0], "car_243": [8, 3], "car_240": [6, 7], "car_241": [9, 3], "car_246": [5, 7], "car_247": [6, 3], "car_244": [1, 6], "car_245": [10, 0], "car_1914": [10, 7], "car_1915": [6, 0], "car_248": [0, 3], "car_249": [3, 6], "car_1910": [9, 3], "car_1911": [3, 4], "car_1912": [11, 4], "car_1913": [4, 5], "car_1356": [7, 2], "car_1357": [10, 7], "car_1354": [8, 2], "car_1355": [4, 0], "car_1352": [0, 1], "car_1353": [3, 0], "car_1350": [10, 2], "car_1351": [2, 6], "car_1358": [6, 5], "car_1359": [9, 3], "car_1831": [4, 1], "car_1820": [1, 0], "car_1821": [7, 6], "car_1822": [10, 0], "car_1823": [9, 5], "car_1824": [3, 5], "car_1825": [1, 4], "car_338": [11, 6], "car_339": [4, 1], "car_336": [7, 1], "car_337": [5, 3], "car_334": [1, 2], "car_335": [4, 1], "car_332": [0, 4], "car_333": [3, 0], "car_330": [10, 1], "car_331": [2, 1], "car_2735": [11, 1], "car_2734": [8, 4], "car_1138": [9, 6], "car_1139": [0, 1], "car_2731": [7, 1], "car_2730": [0, 3], "car_2733": [5, 1], "car_2732": [2, 7], "car_1132": [9, 6], "car_1133": [3, 6], "car_1130": [7, 6], "car_1131": [6, 3], "car_1136": [10, 7], "car_1137": [5, 0], "car_1134": [11, 7], "car_1135": [1, 7], "car_1839": [10, 5], "car_2393": [1, 3], "car_1838": [7, 1], "car_2392": [8, 2], "car_3301": [1, 4], "car_3300": [11, 7], "car_2939": [8, 5], "car_2938": [3, 0], "car_2937": [0, 1], "car_2936": [9, 1], "car_2935": [5, 2], "car_2934": [10, 2], "car_2933": [7, 0], "car_2932": [8, 4], "car_2931": [6, 4], "car_2930": [2, 0], "car_2029": [5, 0], "car_2028": [2, 3], "car_2845": [6, 1], "car_2844": [5, 7], "car_2843": [7, 5], "car_2842": [4, 1], "car_2841": [1, 7], "car_2840": [8, 0], "car_2021": [2, 3], "car_2020": [7, 6], "car_2023": [6, 5], "car_2022": [5, 1], "car_2025": [3, 4], "car_2024": [9, 4], "car_2027": [10, 2], "car_2026": [4, 2], "car_2948": [1, 0], "car_2520": [8, 4], "car_1008": [6, 5], "car_1009": [9, 1], "car_1006": [7, 0], "car_1007": [5, 6], "car_1004": [3, 5], "car_1005": [8, 1], "car_1002": [6, 7], "car_1003": [0, 6], "car_1000": [10, 1], "car_1001": [2, 4], "car_3459": [4, 6], "car_2398": [0, 2], "car_2629": [2, 3], "car_2524": [0, 2], "car_2628": [4, 5], "car_3310": [3, 6], "car_2525": [4, 6], "car_2995": [2, 3], "car_2674": [0, 1], "car_1924": [5, 0], "car_2994": [4, 2], "car_2527": [10, 6], "car_2997": [3, 2], "car_36": [11, 5], "car_37": [10, 5], "car_34": [3, 7], "car_35": [8, 3], "car_888": [8, 4], "car_889": [11, 2], "car_30": [4, 0], "car_31": [5, 6], "car_884": [11, 1], "car_885": [9, 7], "car_886": [2, 4], "car_887": [6, 1], "car_880": [11, 3], "car_881": [10, 1], "car_882": [6, 0], "car_883": [3, 1], "car_3466": [4, 7], "car_3467": [7, 0], "car_2449": [4, 1], "car_2448": [1, 2], "car_2119": [5, 4], "car_2118": [2, 3], "car_3460": [7, 1], "car_3461": [10, 5], "car_2115": [8, 6], "car_2114": [0, 5], "car_2117": [10, 2], "car_2116": [1, 0], "car_2111": [7, 6], "car_2110": [8, 6], "car_2113": [6, 4], "car_2112": [2, 0], "car_1644": [2, 3], "car_1645": [6, 0], "car_1646": [3, 2], "car_1647": [8, 6], "car_1640": [2, 3], "car_1641": [0, 5], "car_1642": [4, 5], "car_1643": [7, 5], "car_3312": [10, 4], "car_1648": [11, 6], "car_1649": [4, 0], "car_2599": [3, 7], "car_2159": [3, 6], "car_2158": [0, 1], "car_2591": [0, 2], "car_2590": [9, 3], "car_2593": [1, 3], "car_2592": [3, 7], "car_2595": [7, 6], "car_2594": [4, 7], "car_2597": [2, 3], "car_2596": [10, 6], "car_3560": [11, 7], "car_3313": [2, 6], "car_2677": [4, 5], "car_2608": [7, 4], "car_408": [3, 0], "car_409": [7, 3], "car_2203": [6, 7], "car_2202": [5, 0], "car_2205": [0, 4], "car_2204": [9, 5], "car_2207": [7, 3], "car_2206": [11, 3], "car_400": [9, 4], "car_401": [3, 4], "car_402": [8, 6], "car_403": [11, 5], "car_404": [1, 0], "car_405": [5, 1], "car_406": [6, 4], "car_407": [9, 3], "car_1769": [6, 0], "car_3080": [6, 7], "car_3081": [9, 2], "car_3082": [3, 4], "car_3083": [11, 5], "car_3084": [1, 7], "car_3085": [4, 2], "car_3086": [8, 2], "car_3087": [1, 2], "car_3088": [4, 3], "car_3089": [10, 5], "car_2973": [2, 0], "car_534": [2, 7], "car_535": [5, 7], "car_536": [6, 4], "car_537": [0, 2], "car_530": [1, 7], "car_531": [4, 5], "car_532": [7, 1], "car_533": [10, 4], "car_3246": [3, 5], "car_3247": [8, 4], "car_3244": [5, 2], "car_3245": [0, 2], "car_538": [4, 0], "car_539": [7, 6], "car_3240": [9, 5], "car_3241": [0, 4], "car_2972": [7, 5], "car_3317": [7, 5], "car_2310": [1, 6], "car_659": [11, 4], "car_658": [8, 3], "car_651": [8, 6], "car_650": [3, 7], "car_653": [4, 7], "car_652": [11, 0], "car_655": [6, 5], "car_654": [5, 7], "car_657": [3, 6], "car_656": [0, 2], "car_2970": [0, 1], "car_2907": [0, 5], "car_2977": [0, 2], "car_2909": [8, 5], "car_2976": [9, 2], "car_2434": [0, 4], "car_1929": [6, 1], "car_2195": [5, 3], "car_2194": [7, 1], "car_1764": [9, 6], "car_2197": [0, 1], "car_2196": [9, 1], "car_2191": [3, 7], "car_1928": [5, 4], "car_2190": [0, 4], "car_2193": [1, 4], "car_1909": [6, 7], "car_1908": [5, 3], "car_1907": [2, 3], "car_1763": [5, 6], "car_1905": [0, 7], "car_1904": [7, 6], "car_1903": [4, 2], "car_1902": [3, 7], "car_1901": [9, 4], "car_1900": [5, 0], "car_1349": [7, 6], "car_1348": [4, 5], "car_1762": [10, 0], "car_1341": [11, 1], "car_1340": [3, 1], "car_1343": [10, 7], "car_1342": [4, 2], "car_1345": [5, 0], "car_1344": [2, 7], "car_1347": [0, 3], "car_1346": [6, 4], "car_3234": [0, 2], "car_3219": [1, 7], "car_2753": [10, 7], "car_3231": [4, 1], "car_2752": [7, 3], "car_3230": [3, 2], "car_2698": [8, 1], "car_1833": [2, 5], "car_1832": [10, 0], "car_349": [7, 0], "car_348": [4, 5], "car_1837": [4, 2], "car_1836": [11, 4], "car_1835": [0, 4], "car_1834": [9, 4], "car_343": [3, 0], "car_342": [9, 1], "car_341": [5, 4], "car_340": [10, 5], "car_347": [11, 6], "car_346": [8, 0], "car_345": [10, 6], "car_344": [4, 1], "car_2325": [2, 5], "car_1129": [8, 5], "car_1128": [9, 6], "car_2979": [11, 1], "car_1125": [4, 7], "car_1124": [11, 7], "car_1127": [5, 1], "car_1126": [7, 6], "car_1121": [10, 1], "car_1120": [1, 0], "car_1123": [8, 5], "car_1122": [3, 6], "car_1402": [8, 1], "car_2320": [8, 3], "car_1403": [11, 1], "car_2321": [11, 6], "car_1400": [9, 3], "car_1401": [0, 4], "car_2978": [8, 4], "car_1406": [6, 4], "car_1407": [11, 6], "car_2902": [8, 2], "car_2903": [11, 3], "car_2900": [9, 3], "car_2901": [0, 2], "car_2906": [7, 4], "car_1404": [4, 3], "car_2904": [1, 2], "car_2905": [4, 2], "car_2908": [3, 5], "car_1405": [2, 7], "car_3505": [7, 5], "car_3504": [4, 7], "car_3507": [6, 1], "car_3506": [2, 5], "car_2058": [1, 3], "car_2059": [10, 5], "car_3503": [1, 7], "car_3502": [3, 2], "car_2054": [2, 5], "car_2055": [5, 3], "car_2056": [8, 1], "car_2057": [11, 3], "car_2050": [9, 1], "car_2051": [1, 6], "car_2052": [4, 3], "car_2053": [10, 5], "car_1011": [10, 6], "car_1010": [1, 6], "car_1013": [8, 7], "car_1012": [3, 1], "car_1015": [1, 0], "car_1014": [11, 0], "car_1017": [10, 5], "car_1016": [4, 2], "car_1019": [0, 6], "car_1018": [6, 3], "car_2690": [2, 3], "car_2691": [5, 1], "car_2696": [9, 5], "car_2697": [0, 6], "car_2694": [0, 6], "car_2695": [7, 5], "car_2790": [8, 4], "car_25": [6, 1], "car_24": [5, 4], "car_27": [0, 5], "car_26": [9, 3], "car_21": [8, 3], "car_20": [5, 4], "car_23": [2, 4], "car_22": [7, 2], "car_3471": [4, 7], "car_3470": [3, 2], "car_3473": [5, 3], "car_3472": [7, 0], "car_29": [11, 0], "car_28": [3, 0], "car_3477": [7, 1], "car_3476": [3, 7], "car_2478": [9, 7], "car_2479": [0, 5], "car_2476": [5, 3], "car_2477": [6, 1], "car_2474": [7, 3], "car_2475": [10, 4], "car_2472": [11, 4], "car_2473": [4, 0], "car_2470": [3, 0], "car_2471": [8, 4], "car_1657": [0, 7], "car_1656": [5, 2], "car_1655": [2, 4], "car_1654": [0, 1], "car_1653": [6, 2], "car_1652": [5, 4], "car_1651": [10, 1], "car_1650": [7, 3], "car_1659": [11, 6], "car_1658": [3, 1], "car_2878": [10, 1], "car_2879": [2, 3], "car_2872": [10, 7], "car_2873": [5, 4], "car_2870": [1, 0], "car_2871": [4, 1], "car_2876": [11, 0], "car_2877": [7, 4], "car_2874": [9, 7], "car_2875": [8, 1], "car_2688": [4, 7], "car_1969": [3, 4], "car_2315": [2, 6], "car_1843": [7, 0], "car_3211": [3, 1], "car_435": [2, 1], "car_434": [8, 7], "car_437": [0, 2], "car_436": [9, 0], "car_431": [6, 3], "car_430": [2, 4], "car_433": [3, 0], "car_432": [0, 5], "car_1846": [6, 5], "car_439": [1, 6], "car_438": [11, 0], "car_1847": [4, 0], "car_2274": [4, 7], "car_2275": [5, 1], "car_2276": [0, 4], "car_2277": [1, 4], "car_2270": [2, 1], "car_2271": [8, 6], "car_2272": [11, 3], "car_2273": [1, 7], "car_1845": [5, 4], "car_2278": [10, 2], "car_2279": [5, 1], "car_1848": [10, 4], "car_2289": [5, 0], "car_1968": [0, 3], "car_1849": [5, 2], "car_2288": [11, 5], "car_1965": [3, 2], "car_3370": [4, 2], "car_1964": [0, 5], "car_3093": [8, 3], "car_3092": [3, 0], "car_3091": [9, 0], "car_3090": [2, 0], "car_3097": [9, 5], "car_3096": [5, 6], "car_3095": [10, 4], "car_3094": [7, 5], "car_3420": [8, 5], "car_3376": [2, 0], "car_3099": [3, 5], "car_3098": [0, 5], "car_3311": [8, 2], "car_501": [7, 4], "car_500": [1, 2], "car_503": [5, 2], "car_502": [10, 3], "car_505": [9, 2], "car_504": [6, 5], "car_507": [8, 1], "car_506": [0, 7], "car_509": [7, 6], "car_508": [11, 3], "car_2302": [1, 0], "car_2303": [2, 1], "car_2304": [8, 2], "car_2305": [11, 6], "car_2306": [7, 2], "car_2307": [5, 1], "car_2281": [3, 4], "car_1745": [5, 7], "car_2280": [6, 0], "car_3378": [9, 2], "car_3379": [0, 5], "car_2960": [0, 7], "car_3475": [0, 1], "car_3474": [6, 0], "car_646": [7, 3], "car_647": [2, 3], "car_644": [11, 3], "car_645": [4, 6], "car_642": [5, 3], "car_643": [9, 2], "car_640": [7, 1], "car_641": [2, 7], "car_2314": [7, 1], "car_648": [6, 5], "car_649": [9, 6], "car_2961": [3, 4], "car_2576": [6, 4], "car_2526": [7, 6], "car_1830": [8, 5], "car_2673": [9, 1], "car_2962": [8, 6], "car_2570": [10, 4], "car_2681": [3, 0], "car_2999": [10, 6], "car_2420": [3, 5], "car_2963": [11, 7], "car_2680": [5, 4], "car_2854": [10, 2], "car_2964": [1, 6], "car_2683": [5, 0], "car_1932": [7, 1], "car_1933": [10, 1], "car_1930": [9, 3], "car_1931": [4, 6], "car_1936": [1, 5], "car_1937": [0, 5], "car_1934": [6, 2], "car_1935": [0, 6], "car_1938": [3, 5], "car_1939": [8, 6], "car_2682": [2, 0], "car_1717": [11, 1], "car_1338": [9, 4], "car_1339": [0, 7], "car_1334": [10, 0], "car_1335": [2, 7], "car_1336": [5, 2], "car_1337": [6, 7], "car_1330": [8, 4], "car_1331": [1, 5], "car_1332": [4, 5], "car_1333": [7, 3], "car_1711": [7, 1], "car_2998": [7, 1], "car_358": [5, 0], "car_359": [6, 5], "car_1804": [0, 4], "car_1805": [8, 0], "car_1802": [6, 0], "car_1803": [9, 7], "car_1800": [6, 0], "car_1801": [0, 2], "car_350": [2, 1], "car_351": [0, 7], "car_352": [3, 6], "car_353": [8, 6], "car_354": [11, 5], "car_355": [1, 5], "car_356": [4, 7], "car_357": [10, 5], "car_1482": [4, 1], "car_1483": [7, 3], "car_1480": [8, 3], "car_1481": [1, 3], "car_1486": [9, 1], "car_1487": [3, 2], "car_1484": [2, 7], "car_1485": [5, 2], "car_1488": [11, 0], "car_1489": [4, 3], "car_1240": [9, 0], "car_1241": [3, 2], "car_1242": [8, 5], "car_1243": [11, 6], "car_1244": [1, 5], "car_1245": [2, 6], "car_1246": [5, 7], "car_1247": [6, 5], "car_1248": [3, 6], "car_1249": [11, 2], "car_1747": [0, 3], "car_2374": [5, 0], "car_1879": [11, 3], "car_2917": [8, 4], "car_2916": [3, 7], "car_2911": [4, 1], "car_2910": [1, 2], "car_2913": [2, 4], "car_2912": [7, 2], "car_2919": [10, 7], "car_2918": [1, 7], "car_2049": [6, 4], "car_2048": [5, 3], "car_2047": [2, 3], "car_2046": [10, 5], "car_2045": [3, 7], "car_2044": [9, 3], "car_2043": [6, 3], "car_2042": [2, 3], "car_2041": [7, 2], "car_2040": [1, 0], "car_1064": [0, 4], "car_1065": [11, 0], "car_1066": [1, 4], "car_1067": [7, 0], "car_1060": [10, 5], "car_1061": [5, 6], "car_1062": [6, 2], "car_1063": [9, 7], "car_2685": [0, 5], "car_2684": [9, 1], "car_2687": [11, 4], "car_2686": [8, 2], "car_1068": [2, 3], "car_1069": [8, 5], "car_1798": [10, 2], "car_1799": [2, 4], "car_10": [3, 2], "car_11": [1, 3], "car_12": [10, 0], "car_13": [5, 1], "car_14": [9, 3], "car_15": [0, 3], "car_16": [3, 5], "car_17": [11, 7], "car_18": [4, 7], "car_19": [7, 4], "car_3406": [8, 5], "car_3407": [1, 3], "car_3400": [7, 1], "car_3401": [7, 4], "car_3402": [6, 5], "car_3403": [9, 2], "car_2461": [5, 7], "car_2460": [2, 5], "car_1668": [2, 5], "car_1669": [5, 7], "car_2465": [1, 7], "car_2464": [11, 6], "car_2467": [0, 3], "car_2466": [7, 6], "car_1662": [5, 3], "car_1663": [6, 5], "car_1660": [1, 5], "car_1661": [2, 5], "car_1666": [3, 2], "car_1667": [10, 1], "car_1664": [9, 1], "car_1665": [0, 5], "car_1468": [4, 2], "car_1469": [7, 2], "car_1460": [8, 5], "car_1461": [11, 2], "car_1462": [1, 3], "car_1463": [4, 6], "car_1464": [9, 3], "car_1465": [0, 5], "car_1466": [3, 7], "car_1467": [8, 5], "car_2699": [11, 2], "car_2869": [11, 7], "car_2868": [3, 5], "car_2865": [2, 0], "car_2864": [8, 4], "car_2867": [9, 3], "car_2866": [5, 3], "car_2861": [2, 5], "car_2860": [10, 5], "car_2863": [3, 0], "car_2862": [5, 3], "car_2648": [3, 4], "car_422": [11, 5], "car_423": [1, 2], "car_420": [9, 1], "car_421": [0, 5], "car_426": [0, 6], "car_427": [8, 4], "car_424": [10, 5], "car_425": [6, 4], "car_3318": [10, 7], "car_3319": [2, 0], "car_428": [11, 2], "car_429": [7, 4], "car_2377": [8, 0], "car_2267": [0, 6], "car_2266": [5, 3], "car_2265": [10, 1], "car_2264": [7, 6], "car_2263": [8, 3], "car_2262": [3, 6], "car_2261": [0, 5], "car_2260": [9, 4], "car_2371": [4, 5], "car_2269": [10, 7], "car_2268": [1, 6], "car_2373": [2, 5], "car_2372": [7, 5], "car_2008": [11, 0], "car_2370": [1, 4], "car_3486": [2, 1], "car_3487": [9, 5], "car_3224": [11, 7], "car_3225": [4, 0], "car_2319": [3, 7], "car_2318": [0, 3], "car_3220": [4, 3], "car_3221": [10, 1], "car_518": [7, 3], "car_519": [6, 0], "car_516": [11, 0], "car_517": [1, 6], "car_514": [0, 5], "car_515": [8, 4], "car_512": [6, 5], "car_513": [9, 6], "car_510": [10, 3], "car_511": [2, 6], "car_1870": [3, 6], "car_2692": [6, 4], "car_3488": [3, 4], "car_2444": [7, 2], "car_3469": [0, 5], "car_3489": [11, 5], "car_633": [4, 6], "car_632": [11, 3], "car_631": [8, 5], "car_630": [6, 2], "car_637": [3, 4], "car_636": [6, 5], "car_635": [5, 2], "car_634": [2, 6], "car_2675": [3, 5], "car_639": [4, 1], "car_638": [1, 2], "car_3138": [8, 0], "car_3139": [4, 6], "car_2693": [9, 2], "car_3130": [11, 0], "car_3131": [4, 7], "car_3132": [7, 3], "car_3133": [10, 5], "car_3134": [5, 3], "car_3135": [9, 6], "car_3136": [0, 4], "car_3137": [3, 6], "car_189": [5, 1], "car_188": [2, 4], "car_185": [6, 7], "car_184": [5, 7], "car_187": [3, 5], "car_186": [0, 3], "car_181": [11, 0], "car_180": [9, 5], "car_183": [7, 3], "car_182": [1, 4], "car_749": [4, 5], "car_748": [1, 7], "car_747": [11, 7], "car_746": [3, 4], "car_745": [0, 4], "car_744": [5, 7], "car_743": [10, 2], "car_742": [3, 1], "car_741": [9, 0], "car_740": [11, 0], "car_2131": [4, 7], "car_3316": [4, 7], "car_2618": [6, 7], "car_299": [7, 2], "car_298": [1, 0], "car_1927": [2, 6], "car_1926": [10, 0], "car_1921": [9, 4], "car_1920": [6, 4], "car_1923": [1, 5], "car_1922": [8, 0], "car_291": [7, 3], "car_290": [11, 7], "car_293": [2, 4], "car_292": [10, 6], "car_295": [6, 5], "car_294": [5, 4], "car_297": [11, 2], "car_296": [3, 5], "car_1329": [0, 4], "car_1328": [9, 6], "car_1327": [7, 3], "car_1326": [3, 6], "car_1325": [10, 3], "car_1324": [7, 6], "car_1323": [1, 6], "car_1322": [11, 5], "car_1321": [0, 2], "car_1320": [9, 2], "car_365": [2, 6], "car_364": [10, 4], "car_367": [6, 4], "car_366": [5, 1], "car_361": [11, 1], "car_360": [9, 2], "car_363": [7, 0], "car_362": [1, 2], "car_1811": [5, 7], "car_1810": [2, 3], "car_1813": [0, 7], "car_1812": [6, 1], "car_369": [3, 2], "car_368": [0, 1], "car_1817": [0, 4], "car_1816": [9, 5], "car_167": [2, 4], "car_166": [7, 2], "car_165": [4, 3], "car_164": [1, 5], "car_163": [11, 0], "car_162": [6, 5], "car_161": [5, 2], "car_160": [2, 5], "car_169": [6, 4], "car_168": [5, 0], "car_1495": [11, 6], "car_1494": [8, 2], "car_1497": [7, 5], "car_1496": [4, 3], "car_1491": [5, 7], "car_1490": [7, 6], "car_1493": [3, 2], "car_1492": [6, 1], "car_1499": [2, 7], "car_1498": [10, 1], "car_1253": [3, 1], "car_1252": [9, 6], "car_1251": [5, 4], "car_1250": [7, 6], "car_1257": [8, 6], "car_1256": [5, 0], "car_1255": [7, 1], "car_1254": [1, 4], "car_2850": [0, 4], "car_1259": [4, 5], "car_1258": [11, 5], "car_2851": [3, 0], "car_1868": [6, 4], "car_2852": [8, 1], "car_2853": [1, 5], "car_3248": [11, 4], "car_1789": [9, 5], "car_1788": [7, 0], "car_2070": [11, 4], "car_2071": [2, 4], "car_2076": [3, 6], "car_2077": [8, 7], "car_2074": [9, 3], "car_2075": [0, 5], "car_1781": [7, 2], "car_1780": [1, 4], "car_1783": [5, 6], "car_1782": [2, 7], "car_1785": [0, 6], "car_1784": [6, 5], "car_1787": [8, 6], "car_1786": [3, 4], "car_1077": [10, 7], "car_1076": [7, 4], "car_1075": [4, 3], "car_1074": [1, 6], "car_1073": [11, 2], "car_1072": [2, 4], "car_1071": [7, 6], "car_1070": [4, 7], "car_2678": [10, 0], "car_2679": [2, 3], "car_3520": [0, 7], "car_1079": [9, 1], "car_1078": [5, 1], "car_3257": [6, 7], "car_2139": [2, 1], "car_3256": [5, 7], "car_2034": [4, 6], "car_2300": [0, 7], "car_2035": [7, 5], "car_2301": [11, 5], "car_2032": [3, 0], "car_2033": [1, 4], "car_2996": [0, 3], "car_3419": [3, 1], "car_2138": [10, 1], "car_3417": [5, 6], "car_3416": [2, 5], "car_3415": [10, 2], "car_3414": [8, 5], "car_3413": [3, 0], "car_3412": [0, 6], "car_3411": [6, 4], "car_3410": [5, 4], "car_985": [4, 0], "car_984": [11, 4], "car_987": [10, 4], "car_986": [7, 5], "car_981": [5, 7], "car_980": [2, 1], "car_983": [8, 3], "car_982": [9, 1], "car_1675": [10, 1], "car_1674": [7, 1], "car_1677": [5, 7], "car_1676": [2, 3], "car_989": [0, 1], "car_988": [9, 4], "car_1673": [1, 0], "car_1672": [3, 6], "car_2784": [7, 3], "car_2785": [10, 3], "car_1479": [3, 1], "car_1478": [2, 7], "car_2780": [5, 3], "car_2781": [0, 3], "car_2782": [3, 5], "car_2783": [1, 7], "car_1473": [0, 4], "car_1472": [5, 6], "car_1471": [2, 3], "car_1470": [10, 4], "car_1477": [7, 2], "car_1476": [4, 1], "car_1475": [11, 6], "car_1474": [8, 4], "car_2890": [2, 5], "car_2891": [5, 2], "car_2892": [6, 4], "car_2893": [0, 7], "car_2894": [10, 3], "car_1743": [7, 6], "car_2896": [11, 3], "car_2897": [4, 6], "car_2898": [10, 4], "car_2899": [5, 3], "car_1742": [11, 0], "car_2990": [0, 2], "car_2528": [2, 1], "car_2529": [5, 7], "car_2258": [2, 1], "car_2259": [6, 3], "car_3307": [6, 7], "car_2689": [7, 4], "car_3305": [2, 3], "car_3304": [10, 5], "car_2252": [2, 0], "car_2253": [5, 6], "car_2250": [4, 7], "car_2251": [10, 6], "car_2256": [1, 2], "car_2257": [4, 1], "car_2254": [6, 3], "car_2255": [3, 4], "car_2098": [10, 4], "car_2099": [5, 1], "car_2090": [9, 2], "car_2091": [0, 1], "car_2092": [3, 4], "car_2093": [8, 2], "car_2094": [11, 7], "car_2095": [1, 5], "car_2096": [4, 5], "car_2097": [7, 6], "car_2992": [11, 4], "car_3237": [1, 6], "car_3236": [11, 4], "car_569": [4, 7], "car_568": [8, 7], "car_3233": [5, 3], "car_3232": [10, 5], "car_2328": [2, 1], "car_2329": [0, 1], "car_563": [10, 7], "car_562": [1, 2], "car_561": [8, 0], "car_560": [0, 5], "car_567": [0, 7], "car_566": [9, 4], "car_565": [5, 1], "car_564": [2, 1], "car_2331": [10, 4], "car_620": [8, 5], "car_621": [11, 0], "car_622": [1, 3], "car_623": [4, 6], "car_624": [2, 0], "car_625": [6, 3], "car_626": [11, 0], "car_627": [4, 7], "car_628": [10, 1], "car_629": [5, 4], "car_1869": [9, 4], "car_3129": [8, 1], "car_3128": [0, 5], "car_3123": [9, 1], "car_3122": [7, 3], "car_3121": [8, 6], "car_3120": [3, 6], "car_3127": [6, 3], "car_3126": [5, 3], "car_3125": [10, 1], "car_3124": [1, 7], "car_1866": [4, 0], "car_1867": [10, 7], "car_3388": [7, 6], "car_198": [11, 0], "car_199": [1, 7], "car_2831": [2, 5], "car_192": [11, 6], "car_193": [1, 3], "car_190": [9, 6], "car_191": [0, 2], "car_196": [9, 6], "car_197": [0, 2], "car_194": [10, 4], "car_195": [5, 1], "car_758": [0, 2], "car_759": [8, 1], "car_754": [4, 7], "car_755": [7, 1], "car_756": [10, 4], "car_757": [5, 1], "car_750": [6, 7], "car_751": [9, 3], "car_752": [0, 5], "car_753": [8, 6], "car_1940": [1, 7], "car_3355": [5, 1], "car_2991": [3, 0], "car_3299": [8, 3], "car_3298": [0, 7], "car_286": [10, 6], "car_287": [6, 4], "car_284": [4, 0], "car_285": [7, 0], "car_282": [1, 7], "car_283": [8, 0], "car_280": [8, 0], "car_281": [11, 6], "car_3353": [0, 5], "car_1949": [7, 0], "car_288": [0, 2], "car_289": [8, 0], "car_3453": [4, 1], "car_1948": [1, 2], "car_2791": [11, 5], "car_3452": [8, 0], "car_3451": [0, 5], "car_3450": [2, 3], "car_1312": [10, 5], "car_1313": [5, 6], "car_1310": [0, 1], "car_1311": [8, 1], "car_1316": [1, 7], "car_1317": [4, 7], "car_1314": [6, 4], "car_1315": [9, 3], "car_1318": [2, 7], "car_1319": [5, 7], "car_2450": [7, 5], "car_2451": [2, 3], "car_2452": [5, 4], "car_372": [6, 4], "car_373": [9, 5], "car_370": [7, 0], "car_371": [5, 7], "car_376": [4, 2], "car_377": [10, 5], "car_374": [0, 5], "car_375": [1, 7], "car_1864": [6, 0], "car_1865": [3, 4], "car_378": [2, 4], "car_379": [9, 4], "car_1860": [11, 7], "car_1861": [4, 0], "car_1862": [7, 0], "car_1863": [10, 1], "car_174": [11, 4], "car_175": [1, 6], "car_176": [4, 2], "car_177": [10, 6], "car_170": [9, 0], "car_171": [11, 0], "car_172": [10, 0], "car_173": [6, 0], "car_2457": [8, 2], "car_178": [5, 4], "car_179": [6, 4], "car_2338": [10, 2], "car_1266": [7, 3], "car_1267": [5, 6], "car_1264": [11, 7], "car_1265": [1, 6], "car_1262": [6, 3], "car_1263": [8, 7], "car_1260": [7, 5], "car_1261": [2, 4], "car_2949": [4, 3], "car_1268": [9, 7], "car_1269": [4, 5], "car_3371": [10, 6], "car_2406": [8, 3], "car_2065": [7, 1], "car_2064": [1, 5], "car_1048": [7, 6], "car_1049": [5, 0], "car_2061": [6, 0], "car_2060": [5, 4], "car_2063": [11, 0], "car_2062": [8, 5], "car_1042": [1, 2], "car_1043": [7, 6], "car_1040": [8, 3], "car_1041": [11, 1], "car_1046": [1, 6], "car_1047": [4, 7], "car_1044": [10, 2], "car_1045": [11, 1], "car_2663": [0, 6], "car_2662": [9, 0], "car_2661": [11, 4], "car_2660": [6, 5], "car_2667": [0, 5], "car_2666": [7, 3], "car_2665": [8, 4], "car_2664": [3, 1], "car_2669": [1, 6], "car_2668": [3, 7], "car_3528": [10, 7], "car_2404": [6, 3], "car_3422": [4, 2], "car_3423": [10, 1], "car_78": [8, 6], "car_79": [11, 1], "car_3426": [6, 1], "car_3427": [3, 6], "car_3424": [2, 0], "car_3425": [5, 7], "car_72": [3, 2], "car_73": [8, 6], "car_70": [9, 6], "car_71": [0, 2], "car_76": [0, 3], "car_77": [3, 2], "car_74": [4, 6], "car_75": [6, 0], "car_992": [1, 4], "car_993": [4, 7], "car_990": [3, 6], "car_991": [11, 2], "car_996": [0, 2], "car_997": [3, 4], "car_994": [7, 4], "car_995": [5, 3], "car_1688": [5, 3], "car_1689": [6, 2], "car_998": [8, 3], "car_999": [7, 1], "car_2409": [10, 0], "car_2408": [8, 1], "car_2797": [0, 3], "car_2796": [9, 3], "car_2795": [5, 7], "car_2794": [2, 5], "car_2793": [4, 7], "car_2792": [1, 7], "car_1448": [1, 0], "car_1449": [7, 3], "car_1446": [3, 2], "car_1447": [8, 2], "car_1444": [6, 3], "car_1445": [0, 2], "car_1442": [5, 0], "car_1443": [2, 3], "car_1440": [4, 6], "car_1441": [10, 6], "car_2883": [7, 3], "car_2882": [9, 5], "car_2881": [6, 0], "car_2798": [3, 6], "car_2887": [1, 3], "car_2886": [8, 1], "car_2885": [3, 5], "car_2884": [0, 7], "car_2889": [7, 5], "car_2888": [4, 5], "car_2401": [1, 5], "car_2986": [8, 6], "car_3336": [2, 1], "car_3337": [5, 6], "car_2539": [1, 0], "car_2538": [11, 7], "car_2249": [1, 5], "car_2248": [8, 0], "car_3330": [1, 3], "car_3331": [10, 2], "car_2245": [5, 0], "car_2244": [2, 5], "car_2247": [3, 5], "car_2246": [9, 1], "car_2241": [1, 7], "car_2240": [8, 0], "car_2243": [7, 5], "car_2242": [4, 3], "car_2089": [6, 1], "car_2088": [5, 6], "car_2083": [0, 5], "car_2082": [9, 7], "car_2081": [6, 1], "car_2080": [2, 5], "car_2087": [4, 2], "car_2086": [11, 3], "car_2085": [8, 3], "car_2084": [3, 7], "car_3180": [5, 7], "car_3183": [1, 7], "car_3239": [5, 4], "car_2984": [10, 2], "car_3208": [6, 4], "car_3209": [9, 4], "car_3202": [6, 1], "car_3203": [11, 1], "car_3200": [10, 1], "car_3186": [5, 0], "car_3206": [7, 0], "car_3207": [5, 2], "car_3204": [1, 3], "car_3205": [4, 6], "car_578": [11, 7], "car_579": [10, 1], "car_2333": [5, 2], "car_2332": [2, 0], "car_2335": [0, 2], "car_2334": [6, 2], "car_2337": [4, 0], "car_553": [3, 2], "car_570": [10, 5], "car_571": [9, 0], "car_572": [8, 4], "car_573": [11, 0], "car_574": [1, 3], "car_806": [10, 7], "car_576": [0, 2], "car_577": [3, 6], "car_807": [6, 1], "car_800": [7, 1], "car_801": [5, 4], "car_802": [9, 5], "car_2192": [11, 4], "car_803": [8, 0], "car_2067": [6, 7], "car_2066": [10, 1], "car_619": [3, 5], "car_618": [0, 6], "car_3377": [6, 7], "car_615": [4, 3], "car_614": [1, 3], "car_617": [9, 0], "car_616": [2, 5], "car_611": [3, 2], "car_610": [0, 1], "car_613": [11, 5], "car_612": [8, 4], "car_2151": [5, 2], "car_3118": [6, 0], "car_3119": [0, 1], "car_3116": [1, 5], "car_3117": [7, 3], "car_3114": [3, 0], "car_3115": [8, 6], "car_3112": [5, 6], "car_3113": [0, 2], "car_3110": [10, 3], "car_3111": [2, 0], "car_2704": [4, 2], "car_2705": [7, 5], "car_2706": [10, 5], "car_2150": [2, 5], "car_2707": [2, 3], "car_2069": [8, 1], "car_2068": [3, 5], "car_2702": [9, 1], "car_2703": [11, 2], "car_769": [7, 0], "car_768": [4, 0], "car_2567": [6, 5], "car_761": [1, 0], "car_760": [11, 3], "car_763": [5, 2], "car_762": [10, 0], "car_765": [9, 1], "car_764": [6, 1], "car_767": [1, 2], "car_766": [0, 5], "car_2216": [10, 7], "car_2217": [5, 3], "car_2330": [11, 2], "car_2214": [11, 1], "car_2215": [7, 3], "car_2212": [9, 0], "car_2213": [3, 2], "car_2210": [5, 0], "car_2211": [6, 5], "car_575": [7, 5], "car_3374": [7, 1], "car_1305": [8, 4], "car_1304": [0, 4], "car_1307": [4, 7], "car_1306": [11, 2], "car_1301": [7, 1], "car_1300": [1, 6], "car_1303": [6, 0], "car_1302": [5, 6], "car_1309": [6, 7], "car_1308": [10, 3], "car_389": [7, 3], "car_388": [1, 7], "car_387": [3, 5], "car_386": [9, 2], "car_385": [5, 1], "car_384": [2, 6], "car_383": [10, 6], "car_382": [4, 0], "car_381": [3, 0], "car_380": [0, 6], "car_141": [3, 2], "car_140": [0, 4], "car_143": [1, 5], "car_142": [8, 5], "car_145": [2, 7], "car_144": [7, 2], "car_147": [6, 0], "car_146": [5, 4], "car_149": [0, 5], "car_148": [9, 2], "car_2407": [10, 0], "car_1279": [2, 4], "car_1278": [7, 1], "car_1271": [2, 5], "car_1270": [10, 6], "car_1273": [9, 3], "car_1272": [5, 4], "car_1275": [3, 7], "car_1274": [0, 2], "car_1277": [4, 7], "car_1276": [1, 2], "car_2326": [8, 7], "car_2847": [7, 0], "car_2327": [4, 7], "car_3491": [7, 2], "car_1059": [8, 2], "car_1058": [3, 0], "car_1055": [5, 7], "car_1054": [2, 1], "car_1057": [0, 1], "car_1056": [9, 6], "car_1051": [9, 0], "car_1050": [6, 7], "car_1053": [1, 0], "car_1052": [11, 2], "car_2656": [1, 5], "car_2657": [10, 1], "car_2654": [8, 1], "car_2655": [11, 6], "car_2652": [9, 1], "car_2653": [0, 7], "car_2650": [1, 3], "car_2651": [7, 2], "car_2415": [7, 2], "car_2658": [2, 0], "car_2659": [5, 0], "car_3490": [4, 0], "car_2416": [2, 6], "car_69": [5, 6], "car_68": [2, 6], "car_2438": [5, 7], "car_2439": [0, 7], "car_3431": [9, 0], "car_3430": [2, 1], "car_3433": [11, 0], "car_3432": [0, 1], "car_61": [8, 0], "car_60": [2, 1], "car_63": [1, 2], "car_62": [11, 3], "car_65": [8, 3], "car_64": [2, 6], "car_67": [10, 1], "car_66": [1, 6], "car_1693": [4, 1], "car_1692": [1, 5], "car_1691": [11, 7], "car_1690": [0, 4], "car_1697": [7, 2], "car_1696": [11, 3], "car_969": [9, 7], "car_968": [2, 5], "car_967": [4, 1], "car_966": [11, 1], "car_965": [6, 0], "car_964": [10, 1], "car_963": [7, 1], "car_962": [4, 5], "car_961": [1, 2], "car_960": [0, 2], "car_1451": [2, 3], "car_1450": [10, 3], "car_1453": [0, 2], "car_1452": [9, 0], "car_1455": [8, 0], "car_1454": [3, 6], "car_1457": [10, 6], "car_1456": [7, 4], "car_1459": [3, 1], "car_1458": [9, 0], "car_3541": [5, 1], "car_2410": [5, 3], "car_2837": [10, 1], "car_3428": [8, 5], "car_3329": [11, 4], "car_3328": [8, 5], "car_3429": [10, 7], "car_3175": [5, 1], "car_3321": [0, 7], "car_3320": [5, 4], "car_3323": [11, 7], "car_3322": [3, 2], "car_3325": [10, 3], "car_3279": [1, 0], "car_3327": [9, 0], "car_3326": [6, 4], "car_3278": [11, 7], "car_2411": [6, 7], "car_3547": [10, 7], "car_2508": [5, 0], "car_2509": [6, 2], "car_2506": [11, 1], "car_2507": [10, 3], "car_2504": [9, 0], "car_2505": [3, 2], "car_2502": [10, 7], "car_2503": [5, 6], "car_2500": [4, 3], "car_2501": [7, 4], "car_2737": [4, 2], "car_1680": [7, 3], "car_1681": [2, 0], "car_3173": [7, 4], "car_1682": [6, 3], "car_1683": [0, 2], "car_3272": [3, 7], "car_1684": [11, 5], "car_2736": [1, 2], "car_1685": [4, 7], "car_1891": [11, 0], "car_3270": [10, 7], "car_1686": [7, 1], "car_1890": [8, 6], "car_1687": [10, 2], "car_1893": [6, 7], "car_545": [3, 7], "car_544": [0, 4], "car_547": [11, 3], "car_546": [8, 0], "car_541": [2, 3], "car_540": [10, 2], "car_543": [9, 6], "car_542": [5, 0], "car_3215": [1, 3], "car_1895": [8, 6], "car_3217": [2, 7], "car_3216": [10, 1], "car_549": [4, 5], "car_548": [1, 2], "car_819": [4, 5], "car_818": [5, 2], "car_2344": [4, 3], "car_2345": [7, 5], "car_2346": [10, 1], "car_2347": [9, 7], "car_2340": [6, 1], "car_1897": [1, 2], "car_2342": [11, 0], "car_2343": [1, 4], "car_2405": [0, 5], "car_1896": [11, 3], "car_2348": [0, 5], "car_2349": [8, 5], "car_33": [0, 4], "car_1767": [1, 7], "car_1766": [8, 2], "car_1765": [3, 1], "car_3498": [10, 3], "car_608": [5, 3], "car_609": [9, 4], "car_2941": [1, 6], "car_602": [10, 1], "car_603": [5, 1], "car_600": [11, 1], "car_601": [4, 3], "car_606": [4, 2], "car_607": [10, 0], "car_604": [9, 4], "car_605": [11, 7], "car_3101": [4, 5], "car_3100": [8, 6], "car_3103": [2, 0], "car_3102": [7, 3], "car_3105": [9, 3], "car_1761": [7, 4], "car_3107": [3, 2], "car_3106": [0, 5], "car_3109": [7, 4], "car_3108": [11, 4], "car_1760": [4, 0], "car_2799": [8, 5], "car_776": [4, 3], "car_777": [7, 6], "car_774": [11, 2], "car_775": [1, 5], "car_772": [3, 1], "car_773": [8, 5], "car_770": [9, 6], "car_771": [0, 3], "car_1768": [4, 6], "car_778": [10, 4], "car_779": [9, 1], "car_2418": [9, 5], "car_2880": [5, 6], "car_1750": [1, 5], "car_2419": [0, 4], "car_3293": [9, 2], "car_3292": [6, 0], "car_3251": [6, 0], "car_1994": [3, 1], "car_1995": [8, 7], "car_1996": [1, 2], "car_1997": [4, 0], "car_1990": [4, 5], "car_1991": [7, 5], "car_1992": [10, 4], "car_1993": [6, 7], "car_1998": [7, 4], "car_1999": [6, 2], "car_2846": [11, 2], "car_3250": [10, 7], "car_1842": [11, 6], "car_1806": [1, 4], "car_1840": [6, 5], "car_1841": [9, 1], "car_398": [5, 0], "car_399": [6, 3], "car_1844": [10, 0], "car_1807": [4, 0], "car_394": [11, 4], "car_395": [1, 2], "car_396": [10, 6], "car_397": [2, 6], "car_390": [10, 2], "car_391": [9, 7], "car_392": [0, 4], "car_393": [3, 4], "car_158": [7, 0], "car_159": [10, 0], "car_156": [11, 0], "car_157": [4, 3], "car_154": [6, 7], "car_155": [0, 3], "car_152": [7, 5], "car_153": [5, 4], "car_150": [3, 5], "car_151": [4, 1], "car_1208": [10, 0], "car_1209": [6, 1], "car_1204": [8, 5], "car_1205": [11, 1], "car_1206": [4, 7], "car_1207": [7, 0], "car_1200": [10, 7], "car_1201": [5, 3], "car_1202": [6, 3], "car_1203": [3, 5], "car_2601": [1, 7], "car_2403": [10, 0], "car_3252": [9, 2], "car_3334": [4, 1], "car_3335": [7, 3], "car_1808": [7, 1], "car_3255": [2, 6], "car_3332": [6, 3], "car_1809": [10, 0], "car_3333": [11, 6], "car_2649": [11, 4], "car_2612": [8, 0], "car_2613": [11, 5], "car_2641": [2, 7], "car_2640": [10, 1], "car_2643": [9, 6], "car_2642": [5, 0], "car_2645": [4, 3], "car_2644": [8, 0], "car_2647": [6, 4], "car_2646": [7, 1], "car_1510": [6, 2], "car_1511": [7, 2], "car_1512": [2, 3], "car_1513": [9, 3], "car_1514": [0, 5], "car_1515": [3, 4], "car_1516": [8, 0], "car_1517": [7, 6], "car_1518": [10, 0], "car_1519": [3, 5], "car_2531": [8, 3], "car_2965": [10, 6], "car_2530": [6, 5], "car_2966": [2, 4], "car_3366": [11, 2], "car_2537": [8, 0], "car_2967": [4, 5], "car_2536": [3, 0], "car_2968": [5, 1], "car_2855": [2, 6], "car_1198": [4, 0], "car_1199": [7, 0], "car_2969": [9, 1], "car_1194": [6, 5], "car_1195": [3, 5], "car_1196": [11, 1], "car_1197": [1, 7], "car_1190": [0, 3], "car_1191": [3, 2], "car_1192": [8, 1], "car_1193": [7, 1], "car_2619": [9, 6], "car_2429": [11, 4], "car_2428": [8, 1], "car_2425": [10, 0], "car_2424": [7, 4], "car_2427": [3, 0], "car_2426": [2, 5], "car_2421": [8, 4], "car_2126": [6, 1], "car_2423": [1, 7], "car_2422": [11, 7], "car_2856": [6, 1], "car_2127": [9, 2], "car_978": [7, 6], "car_979": [10, 6], "car_974": [5, 3], "car_975": [9, 2], "car_976": [8, 3], "car_977": [4, 0], "car_970": [1, 5], "car_971": [7, 5], "car_972": [10, 5], "car_973": [2, 0], "car_1424": [2, 0], "car_1425": [5, 7], "car_1426": [6, 2], "car_1427": [9, 0], "car_1420": [3, 4], "car_1421": [1, 3], "car_1422": [4, 7], "car_1423": [10, 2], "car_2402": [4, 3], "car_1428": [8, 6], "car_1429": [4, 1], "car_2857": [8, 2], "car_3259": [3, 5], "car_3358": [3, 0], "car_3359": [7, 1], "car_3354": [10, 5], "car_2128": [0, 3], "car_3356": [9, 7], "car_3357": [0, 2], "car_3350": [2, 5], "car_3258": [9, 0], "car_3352": [9, 6], "car_2129": [3, 4], "car_2511": [8, 3], "car_2510": [0, 3], "car_2513": [7, 6], "car_2512": [4, 3], "car_2515": [2, 6], "car_2514": [10, 5], "car_2517": [6, 1], "car_2516": [5, 4], "car_2519": [3, 2], "car_2518": [0, 4], "car_1738": [2, 3], "car_1739": [9, 4], "car_1730": [11, 2], "car_1731": [1, 7], "car_1732": [10, 1], "car_1733": [2, 5], "car_1734": [9, 5], "car_1735": [3, 4], "car_1736": [1, 6], "car_1737": [7, 5], "car_54": [2, 3], "car_55": [6, 1], "car_56": [3, 1], "car_57": [8, 4], "car_50": [11, 7], "car_51": [1, 3], "car_52": [4, 0], "car_53": [7, 4], "car_58": [4, 7], "car_59": [10, 6], "car_2609": [10, 0], "car_552": [9, 6], "car_805": [4, 2], "car_550": [10, 4], "car_551": [2, 0], "car_556": [8, 6], "car_557": [7, 5], "car_554": [1, 6], "car_555": [2, 4], "car_558": [2, 6], "car_559": [9, 6], "car_808": [0, 1], "car_809": [11, 6], "car_2357": [4, 2], "car_2356": [1, 7], "car_2355": [11, 2], "car_2354": [0, 1], "car_2353": [9, 4], "car_2352": [6, 3], "car_2351": [10, 4], "car_2350": [7, 0], "car_2359": [10, 1], "car_2358": [7, 3], "car_1757": [8, 5], "car_2339": [2, 7], "car_2469": [11, 4], "car_3174": [2, 7], "car_2915": [0, 5], "car_3176": [6, 1], "car_3177": [3, 4], "car_3170": [0, 2], "car_3171": [8, 6], "car_3172": [4, 0], "car_2914": [9, 1], "car_3178": [8, 0], "car_3179": [4, 6], "car_3369": [3, 6], "car_2468": [3, 6], "car_3437": [11, 6], "car_703": [3, 6], "car_702": [9, 3], "car_701": [6, 2], "car_700": [2, 3], "car_707": [10, 5], "car_706": [4, 1], "car_705": [1, 4], "car_704": [11, 5], "car_709": [5, 7], "car_708": [2, 0], "car_3436": [3, 7], "car_3008": [9, 2], "car_3009": [0, 7], "car_3000": [5, 1], "car_3001": [6, 5], "car_3002": [0, 7], "car_3003": [3, 0], "car_3004": [8, 6], "car_3005": [2, 1], "car_3006": [5, 3], "car_3007": [6, 1], "car_2221": [11, 6], "car_2308": [9, 3], "car_2400": [11, 1], "car_2309": [0, 5], "car_3201": [5, 3], "car_1987": [0, 7], "car_1986": [2, 3], "car_1985": [10, 1], "car_1984": [4, 6], "car_1983": [1, 4], "car_1982": [9, 6], "car_1981": [6, 2], "car_1980": [7, 1], "car_1989": [1, 5], "car_1988": [3, 4], "car_2768": [7, 0], "car_1855": [2, 0], "car_1796": [3, 6], "car_1857": [0, 6], "car_1856": [5, 2], "car_1851": [0, 2], "car_1850": [9, 1], "car_1853": [1, 7], "car_1797": [11, 2], "car_2336": [1, 0], "car_1859": [8, 0], "car_1794": [2, 6], "car_2230": [6, 5], "car_129": [10, 3], "car_128": [7, 1], "car_2231": [9, 1], "car_123": [10, 7], "car_122": [7, 1], "car_121": [1, 5], "car_120": [0, 6], "car_127": [1, 0], "car_126": [0, 4], "car_125": [6, 2], "car_124": [5, 3], "car_1790": [0, 2], "car_1219": [9, 4], "car_1218": [2, 7], "car_1217": [10, 1], "car_1216": [1, 4], "car_1215": [0, 7], "car_1214": [9, 5], "car_1213": [10, 7], "car_1212": [7, 3], "car_1211": [1, 4], "car_1210": [8, 0], "car_1415": [7, 0], "car_1414": [11, 5], "car_1417": [5, 6], "car_1416": [2, 4], "car_1411": [2, 5], "car_1410": [10, 2], "car_237": [11, 0], "car_236": [8, 2], "car_235": [6, 7], "car_234": [5, 7], "car_233": [10, 2], "car_232": [7, 0], "car_231": [1, 5], "car_230": [9, 0], "car_3372": [11, 4], "car_1412": [5, 4], "car_239": [5, 6], "car_238": [10, 3], "car_2988": [2, 6], "car_2989": [6, 1], "car_2638": [11, 5], "car_2639": [1, 3], "car_2634": [6, 7], "car_2635": [9, 4], "car_2636": [3, 5], "car_2637": [8, 2], "car_2630": [5, 0], "car_2631": [9, 7], "car_2632": [11, 5], "car_2633": [10, 7], "car_1503": [8, 1], "car_1502": [3, 2], "car_1501": [9, 1], "car_1500": [5, 3], "car_1507": [10, 7], "car_1506": [7, 0], "car_1505": [1, 3], "car_1504": [11, 7], "car_3373": [1, 3], "car_1509": [5, 2], "car_1508": [2, 0], "car_3439": [6, 2], "car_1189": [9, 6], "car_1188": [6, 4], "car_1187": [2, 5], "car_1186": [7, 6], "car_1185": [4, 7], "car_1184": [1, 6], "car_1183": [3, 5], "car_1182": [0, 4], "car_1181": [2, 1], "car_1180": [10, 1], "car_2182": [4, 1], "car_2183": [10, 7], "car_2180": [0, 3], "car_2181": [8, 2], "car_2186": [3, 1], "car_2187": [7, 6], "car_2184": [5, 4], "car_2185": [0, 5], "car_3438": [10, 4], "car_2188": [2, 1], "car_2189": [9, 0], "car_949": [9, 0], "car_948": [2, 3], "car_2742": [8, 6], "car_2743": [10, 6], "car_2744": [9, 1], "car_2745": [3, 0], "car_2746": [8, 6], "car_2747": [4, 5], "car_941": [9, 1], "car_940": [6, 3], "car_943": [8, 3], "car_942": [0, 2], "car_945": [1, 4], "car_944": [11, 1], "car_947": [10, 6], "car_946": [4, 5], "car_1437": [8, 6], "car_1436": [9, 0], "car_1435": [5, 6], "car_1434": [7, 6], "car_1433": [4, 2], "car_1432": [9, 1], "car_1431": [6, 1], "car_1430": [2, 1], "car_1439": [1, 7], "car_1438": [11, 3], "car_3501": [0, 3], "car_2238": [5, 6], "car_2823": [3, 0], "car_493": [3, 5], "car_492": [0, 1], "car_491": [2, 3], "car_490": [4, 6], "car_497": [6, 1], "car_496": [2, 3], "car_495": [10, 6], "car_494": [4, 3], "car_3347": [8, 0], "car_3346": [3, 2], "car_499": [3, 7], "car_498": [9, 5], "car_3343": [2, 1], "car_3342": [10, 6], "car_3341": [7, 5], "car_3340": [3, 1], "car_2296": [3, 0], "car_2297": [11, 5], "car_2294": [6, 0], "car_2239": [0, 6], "car_2292": [3, 5], "car_2293": [7, 1], "car_2290": [9, 2], "car_2291": [0, 6], "car_1918": [4, 6], "car_2568": [0, 4], "car_2569": [7, 5], "car_2298": [1, 5], "car_1919": [5, 7], "car_1729": [8, 7], "car_1728": [5, 2], "car_1723": [3, 1], "car_1722": [9, 1], "car_1721": [5, 4], "car_1720": [10, 6], "car_1727": [10, 0], "car_1726": [4, 1], "car_1725": [1, 2], "car_1724": [8, 5], "car_43": [1, 0], "car_42": [11, 6], "car_41": [8, 6], "car_40": [3, 2], "car_47": [6, 4], "car_46": [2, 5], "car_45": [7, 2], "car_44": [4, 0], "car_49": [3, 2], "car_48": [9, 6], "car_1916": [9, 2], "car_3365": [8, 0], "car_1917": [1, 4], "car_3364": [3, 6], "car_3375": [10, 7], "car_3367": [1, 3], "car_1858": [3, 6], "car_831": [5, 0], "car_830": [2, 5], "car_833": [3, 7], "car_832": [0, 4], "car_835": [11, 6], "car_834": [8, 5], "car_837": [10, 0], "car_836": [7, 5], "car_839": [3, 0], "car_838": [0, 4], "car_2360": [2, 5], "car_2361": [0, 4], "car_2366": [5, 1], "car_2367": [6, 5], "car_2364": [7, 3], "car_2365": [2, 5], "car_2168": [7, 2], "car_2169": [10, 6], "car_3509": [2, 1], "car_2160": [8, 1], "car_2161": [11, 6], "car_2162": [4, 1], "car_2163": [10, 7], "car_2164": [0, 4], "car_2165": [3, 1], "car_2166": [11, 4], "car_2167": [4, 7], "car_2810": [4, 6], "car_2811": [7, 1], "car_2812": [10, 0], "car_2813": [2, 1], "car_1941": [7, 0], "car_2814": [9, 2], "car_3055": [10, 7], "car_2815": [0, 7], "car_2544": [9, 0], "car_3235": [8, 2], "car_2817": [1, 3], "car_3167": [1, 4], "car_3166": [9, 4], "car_3165": [5, 4], "car_3164": [10, 6], "car_3163": [4, 2], "car_3162": [11, 4], "car_3161": [6, 4], "car_3160": [5, 3], "car_2463": [3, 7], "car_3169": [5, 2], "car_3168": [7, 5], "car_2462": [0, 1], "car_3309": [0, 7], "car_710": [6, 5], "car_711": [0, 1], "car_712": [11, 5], "car_713": [7, 5], "car_714": [3, 0], "car_715": [8, 1], "car_716": [10, 5], "car_717": [2, 0], "car_718": [5, 4], "car_719": [6, 0], "car_1892": [1, 0], "car_3019": [7, 0], "car_3018": [1, 0], "car_3028": [8, 4], "car_3013": [7, 5], "car_3012": [4, 7], "car_3011": [1, 3], "car_3010": [3, 7], "car_3017": [3, 4], "car_3016": [0, 2], "car_3015": [9, 3], "car_2987": [7, 4], "car_3508": [7, 4], "car_3421": [1, 2], "car_1894": [9, 4], "car_2895": [0, 6], "car_3368": [4, 2], "car_138": [2, 0], "car_139": [9, 6], "car_130": [5, 2], "car_131": [6, 3], "car_132": [9, 0], "car_133": [0, 7], "car_134": [3, 1], "car_135": [8, 6], "car_136": [4, 6], "car_137": [7, 6], "car_1222": [5, 6], "car_1223": [0, 4], "car_1220": [4, 5], "car_1221": [7, 2], "car_1226": [10, 3], "car_1227": [2, 3], "car_1224": [1, 3], "car_1225": [4, 1], "car_1886": [4, 3], "car_1887": [5, 2], "car_1228": [6, 1], "car_1229": [9, 4], "car_1882": [5, 0], "car_1883": [9, 4], "car_1880": [7, 3], "car_1881": [2, 5], "car_2621": [8, 3], "car_224": [9, 3], "car_225": [3, 1], "car_226": [11, 6], "car_227": [7, 0], "car_220": [11, 0], "car_221": [1, 2], "car_222": [4, 7], "car_223": [6, 7], "car_228": [10, 2], "car_229": [2, 7], "car_1086": [11, 5], "car_1087": [1, 6], "car_1084": [3, 2], "car_1085": [8, 3], "car_1082": [4, 3], "car_1083": [7, 6], "car_1080": [11, 0], "car_1081": [1, 0], "car_2627": [0, 4], "car_2626": [9, 3], "car_2625": [6, 1], "car_2624": [2, 1], "car_2623": [10, 1], "car_2622": [1, 5], "car_1088": [7, 6], "car_1089": [10, 7], "car_1536": [0, 3], "car_1537": [3, 7], "car_1534": [10, 6], "car_1535": [6, 0], "car_1532": [0, 1], "car_1533": [3, 6], "car_1530": [5, 3], "car_1531": [9, 5], "car_1538": [11, 7], "car_1539": [1, 7], "car_3512": [8, 7], "car_956": [11, 0], "car_957": [4, 3], "car_954": [6, 3], "car_955": [0, 5], "car_952": [7, 3], "car_953": [5, 7], "car_950": [3, 0], "car_951": [8, 5], "car_1827": [7, 6], "car_2199": [1, 2], "car_2198": [3, 0], "car_958": [7, 0], "car_959": [9, 6], "car_1158": [5, 4], "car_1159": [6, 2], "car_1408": [1, 4], "car_1409": [4, 1], "car_2757": [0, 3], "car_2756": [6, 5], "car_2755": [5, 2], "car_1829": [0, 2], "car_1150": [1, 0], "car_1151": [4, 2], "car_1152": [7, 5], "car_1153": [5, 2], "car_1154": [3, 6], "car_1155": [11, 5], "car_1156": [4, 7], "car_1157": [7, 4], "car_2532": [5, 6], "car_2380": [10, 0], "car_3510": [5, 2], "car_2764": [9, 4], "car_2381": [9, 2], "car_2382": [3, 1], "car_2383": [11, 3], "car_1826": [4, 1], "car_3314": [0, 6], "car_3315": [3, 1], "car_480": [10, 3], "car_481": [0, 5], "car_482": [1, 4], "car_483": [10, 7], "car_484": [2, 6], "car_485": [9, 4], "car_486": [0, 4], "car_487": [8, 1], "car_488": [11, 4], "car_489": [1, 3], "car_2283": [6, 1], "car_2282": [2, 0], "car_2285": [0, 7], "car_2284": [9, 6], "car_2287": [8, 6], "car_2286": [3, 0], "car_2577": [1, 5], "car_853": [2, 5], "car_2575": [5, 2], "car_2574": [10, 7], "car_2573": [7, 1], "car_2572": [4, 7], "car_2571": [1, 0], "car_852": [10, 4], "car_851": [4, 7], "car_2579": [9, 6], "car_2578": [10, 3], "car_582": [0, 7], "car_1718": [1, 7], "car_1719": [7, 2], "car_1716": [8, 5], "car_857": [0, 6], "car_1714": [9, 0], "car_1715": [0, 5], "car_1712": [10, 7], "car_1713": [5, 0], "car_1710": [11, 4], "car_856": [7, 2], "car_2982": [0, 7], "car_1828": [10, 5], "car_855": [1, 5], "car_2983": [3, 6], "car_854": [8, 4], "car_2980": [4, 2], "car_2981": [10, 5], "car_2739": [2, 1], "car_2738": [10, 1], "car_3494": [0, 7], "car_2379": [4, 6], "car_2378": [1, 7], "car_828": [7, 4], "car_829": [10, 7], "car_826": [11, 7], "car_827": [4, 1], "car_824": [0, 3], "car_825": [8, 3], "car_822": [5, 6], "car_823": [9, 7], "car_820": [7, 1], "car_821": [10, 5], "car_3484": [1, 4], "car_3485": [7, 4], "car_2179": [9, 4], "car_2178": [5, 3], "car_3480": [9, 4], "car_3481": [3, 2], "car_3482": [8, 6], "car_3483": [11, 4], "car_2173": [1, 4], "car_2172": [8, 5], "car_2171": [0, 2], "car_2170": [9, 1], "car_2177": [2, 7], "car_2176": [10, 1], "car_2175": [4, 1], "car_2174": [9, 3], "car_3238": [2, 3], "car_2535": [0, 5], "car_3349": [10, 5], "car_3218": [9, 2], "car_3158": [4, 7], "car_3159": [10, 4], "car_2534": [9, 7], "car_3499": [2, 7], "car_3152": [2, 0], "car_3153": [9, 3], "car_3150": [4, 1], "car_3151": [7, 6], "car_3156": [11, 4], "car_3157": [1, 5], "car_3154": [0, 6], "car_3155": [3, 5], "car_3398": [8, 7], "car_3399": [11, 7], "car_3390": [5, 0], "car_3391": [0, 2], "car_3392": [8, 0], "car_3393": [2, 3], "car_3394": [5, 4], "car_3395": [9, 7], "car_3396": [0, 4], "car_3397": [3, 4], "car_3389": [2, 6], "car_729": [0, 5], "car_728": [6, 7], "car_725": [7, 2], "car_724": [4, 5], "car_727": [5, 3], "car_726": [10, 2], "car_721": [8, 1], "car_720": [0, 7], "car_723": [1, 2], "car_722": [11, 7], "car_2708": [6, 4], "car_3029": [11, 6], "car_3026": [0, 1], "car_3027": [3, 4], "car_3024": [10, 7], "car_3025": [5, 2], "car_3022": [8, 4], "car_3023": [4, 7], "car_3020": [6, 2], "car_3021": [9, 3], "car_3519": [9, 4], "car_2620": [0, 1], "car_3275": [7, 4], "car_1795": [9, 0], "car_3274": [1, 5], "car_1792": [1, 4], "car_3226": [2, 0], "car_1793": [10, 5], "car_2440": [3, 6], "car_105": [9, 2], "car_104": [5, 4], "car_107": [11, 7], "car_106": [0, 1], "car_101": [7, 3], "car_100": [1, 3], "car_103": [2, 7], "car_102": [10, 7], "car_1888": [6, 0], "car_109": [2, 1], "car_108": [10, 0], "car_1791": [8, 3], "car_1235": [1, 5], "car_1234": [11, 4], "car_1237": [7, 4], "car_1236": [4, 3], "car_1231": [2, 6], "car_1230": [1, 2], "car_1233": [0, 4], "car_1232": [5, 7], "car_1899": [2, 0], "car_1898": [4, 0], "car_1239": [5, 6], "car_1238": [2, 3], "car_3511": [0, 6], "car_3516": [10, 6], "car_3517": [2, 0], "car_3514": [1, 3], "car_3141": [9, 0], "car_3515": [7, 2], "car_211": [11, 0], "car_210": [8, 3], "car_213": [4, 7], "car_212": [1, 0], "car_215": [10, 6], "car_214": [7, 4], "car_217": [5, 2], "car_216": [2, 7], "car_219": [8, 0], "car_218": [9, 0], "car_3518": [6, 1], "car_2676": [1, 2], "car_1529": [2, 1], "car_1528": [7, 3], "car_2610": [6, 3], "car_2611": [0, 1], "car_2616": [2, 7], "car_2617": [5, 0], "car_2614": [4, 3], "car_2615": [7, 0], "car_1521": [7, 3], "car_1520": [11, 3], "car_1523": [6, 0], "car_1522": [2, 5], "car_1525": [8, 5], "car_1524": [0, 3], "car_1527": [1, 2], "car_1526": [11, 5], "car_3227": [5, 3], "car_2849": [6, 1], "car_2700": [1, 0], "car_2848": [5, 4], "car_2740": [5, 0], "car_3222": [6, 5], "car_2741": [9, 3], "car_3223": [9, 0], "car_2313": [4, 3], "car_2701": [5, 4], "car_2312": [3, 1], "car_2311": [10, 1], "car_923": [2, 7], "car_922": [4, 1], "car_921": [1, 6], "car_920": [0, 6], "car_927": [4, 1], "car_926": [11, 7], "car_925": [3, 5], "car_924": [0, 3], "car_2317": [6, 5], "car_929": [9, 6], "car_928": [5, 1], "car_2316": [5, 1], "car_2766": [1, 0], "car_2748": [7, 5], "car_1149": [0, 4], "car_1148": [6, 5], "car_1419": [0, 2], "car_1418": [9, 7], "car_2760": [4, 5], "car_2749": [10, 4], "car_1143": [0, 6], "car_1142": [2, 1], "car_1141": [4, 3], "car_1140": [8, 6], "car_1147": [10, 0], "car_1146": [7, 4], "car_1145": [8, 2], "car_1144": [3, 7], "car_1099": [0, 7], "car_1098": [9, 7], "car_3385": [9, 7], "car_1091": [9, 6], "car_1090": [6, 1], "car_1093": [8, 5], "car_1092": [0, 3], "car_1095": [7, 1], "car_1094": [4, 6], "car_1097": [5, 1], "car_1096": [2, 7], "car_2818": [4, 6], "car_2819": [10, 1], "car_2548": [1, 4], "car_2549": [10, 0], "car_3361": [6, 1], "car_3360": [10, 2], "car_3363": [0, 5], "car_3362": [9, 7], "car_2542": [2, 7], "car_2543": [6, 5], "car_2540": [7, 2], "car_2541": [10, 3], "car_2546": [3, 5], "car_2547": [11, 4], "car_2521": [7, 1], "car_2545": [0, 4], "car_3562": [4, 2], "car_3561": [1, 3], "car_3384": [7, 6], "car_3468": [5, 2], "car_1701": [0, 7], "car_1700": [6, 2], "car_1703": [1, 4], "car_1702": [11, 3], "car_1705": [7, 3], "car_1704": [4, 3], "car_1707": [5, 1], "car_1706": [2, 5], "car_1709": [8, 0], "car_1708": [3, 0], "car_2522": [2, 1], "car_2523": [6, 7], "car_589": [6, 4], "car_588": [7, 5], "car_859": [11, 7], "car_858": [3, 6], "car_2384": [7, 6], "car_2385": [9, 5], "car_1695": [3, 0], "car_2387": [1, 0], "car_581": [9, 2], "car_580": [6, 5], "car_583": [3, 6], "car_850": [11, 1], "car_585": [6, 4], "car_584": [2, 6], "car_587": [3, 6], "car_586": [0, 4], "car_3497": [1, 5], "car_3496": [8, 2], "car_3495": [3, 0], "car_2002": [8, 7], "car_3493": [5, 0], "car_3492": [10, 4], "car_2148": [7, 3], "car_2149": [10, 7], "car_2146": [3, 1], "car_2147": [8, 1], "car_2144": [10, 2], "car_2145": [0, 2], "car_2142": [4, 0], "car_2143": [7, 1], "car_2140": [3, 1], "car_2141": [8, 2], "car_3529": [2, 3], "car_2985": [6, 7], "car_3149": [1, 0], "car_3148": [0, 1], "car_3145": [5, 2], "car_3144": [4, 6], "car_3147": [9, 5], "car_3146": [6, 0], "car_2779": [10, 6], "car_3140": [10, 2], "car_3143": [8, 1], "car_3142": [0, 7], "car_457": [11, 0], "car_456": [8, 5], "car_455": [3, 4], "car_454": [9, 7], "car_453": [6, 2], "car_452": [5, 3], "car_451": [2, 0], "car_450": [10, 0], "car_3383": [6, 3], "car_3382": [10, 0], "car_3381": [4, 5], "car_1878": [8, 3], "car_3387": [4, 0], "car_3386": [11, 3], "car_459": [9, 7], "car_458": [6, 5], "car_1877": [3, 1], "car_1876": [0, 2], "car_2778": [4, 0], "car_2993": [1, 4], "car_1875": [9, 3], "car_1874": [6, 2], "car_1873": [2, 5], "car_1872": [10, 7], "car_738": [9, 5], "car_739": [0, 3], "car_1871": [11, 4], "car_733": [2, 1], "car_732": [7, 3], "car_32": [6, 4], "car_730": [1, 0], "car_731": [4, 0], "car_736": [10, 2], "car_737": [2, 7], "car_734": [0, 7], "car_735": [4, 1], "car_3031": [4, 3], "car_1976": [8, 7], "car_3033": [5, 1], "car_3032": [10, 2], "car_3035": [3, 7], "car_3034": [0, 1], "car_3037": [2, 5], "car_1977": [11, 1], "car_3039": [11, 6], "car_3038": [8, 1], "car_3348": [7, 6], "car_1698": [10, 1], "car_3345": [0, 5], "car_3344": [9, 2], "car_3030": [1, 4], "car_38": [9, 0], "car_39": [0, 7], "car_2564": [7, 0], "car_2565": [10, 7], "car_3036": [8, 0], "car_2566": [2, 5], "car_2295": [0, 4], "car_1978": [1, 7], "car_2560": [7, 2], "car_1979": [4, 1], "car_3523": [7, 6], "car_2561": [10, 2], "car_2562": [8, 2], "car_2563": [4, 5], "car_2443": [4, 7], "car_2442": [1, 4], "car_3522": [4, 6], "car_3351": [6, 3], "car_2441": [11, 5], "car_112": [11, 5], "car_113": [7, 3], "car_110": [0, 4], "car_111": [3, 6], "car_116": [8, 1], "car_117": [11, 0], "car_114": [10, 1], "car_115": [3, 6], "car_2447": [0, 7], "car_118": [1, 6], "car_119": [2, 6], "car_2446": [9, 3], "car_2445": [2, 6], "car_3521": [3, 4], "car_2299": [7, 3], "car_2533": [6, 7], "car_2453": [6, 4], "car_3408": [7, 2], "car_2454": [9, 3], "car_3409": [2, 5], "car_1950": [5, 6], "car_1951": [6, 3], "car_1952": [3, 1], "car_1953": [8, 5], "car_1954": [1, 4], "car_1955": [4, 6], "car_208": [2, 7], "car_209": [6, 2], "car_206": [7, 1], "car_207": [10, 4], "car_204": [0, 4], "car_205": [8, 6], "car_202": [5, 7], "car_203": [6, 2], "car_200": [4, 1], "car_201": [10, 1], "car_2605": [6, 5], "car_2604": [2, 5], "car_2607": [1, 4], "car_2606": [9, 6], "car_1558": [9, 7], "car_1559": [0, 1], "car_2603": [10, 2], "car_2602": [7, 0], "car_1554": [11, 6], "car_1555": [4, 6], "car_1556": [10, 5], "car_1557": [6, 2], "car_1550": [2, 5], "car_1551": [5, 7], "car_1552": [6, 3], "car_1553": [9, 4], "car_1398": [5, 0], "car_1399": [6, 4], "car_1392": [5, 2], "car_1393": [6, 3], "car_1390": [10, 3], "car_1391": [2, 1], "car_1396": [11, 3], "car_1397": [2, 1], "car_1394": [9, 6], "car_1395": [3, 0], "car_2598": [6, 2], "car_3544": [1, 7], "car_3404": [0, 4], "car_930": [0, 2], "car_931": [3, 1], "car_932": [8, 0], "car_933": [4, 7], "car_934": [7, 4], "car_935": [2, 3], "car_936": [0, 4], "car_937": [1, 2], "car_938": [2, 1], "car_939": [5, 7], "car_2773": [1, 6], "car_2772": [3, 4], "car_2775": [0, 7], "car_2774": [2, 5], "car_2777": [1, 3], "car_2776": [11, 3], "car_6": [6, 7], "car_7": [0, 5], "car_4": [7, 5], "car_5": [10, 1], "car_2": [8, 5], "car_3": [4, 2], "car_1178": [4, 2], "car_1": [3, 1], "car_1176": [8, 4], "car_1177": [1, 3], "car_1174": [9, 5], "car_1175": [3, 1], "car_1172": [5, 7], "car_1173": [6, 4], "car_8": [11, 1], "car_9": [7, 1], "car_3513": [11, 7], "car_2809": [1, 0], "car_2808": [11, 1], "car_2559": [11, 4], "car_2558": [6, 7], "car_2555": [1, 3], "car_2554": [11, 4], "car_2557": [10, 6], "car_2556": [7, 2], "car_2551": [6, 5], "car_2550": [5, 4], "car_2553": [8, 2], "car_2552": [9, 5], "car_3556": [6, 1], "car_3557": [9, 3], "car_3554": [4, 3], "car_3555": [2, 0], "car_3552": [11, 0], "car_3553": [1, 6], "car_3550": [3, 0], "car_3551": [8, 3], "car_3558": [3, 4], "car_3559": [8, 3], "car_1774": [4, 5], "car_1775": [7, 5], "car_1776": [2, 4], "car_1777": [9, 5], "car_1770": [0, 7], "car_1771": [3, 6], "car_1772": [8, 6], "car_1773": [1, 0], "car_1778": [0, 7], "car_1779": [11, 4], "car_98": [3, 1], "car_99": [11, 7], "car_90": [8, 4], "car_91": [11, 1], "car_92": [7, 0], "car_93": [2, 5], "car_94": [9, 4], "car_95": [11, 0], "car_96": [7, 0], "car_97": [10, 3], "car_596": [9, 5], "car_597": [0, 1], "car_594": [2, 7], "car_595": [6, 2], "car_592": [4, 3], "car_593": [10, 1], "car_590": [3, 0], "car_591": [1, 3], "car_3500": [9, 6], "car_598": [3, 5], "car_599": [8, 3], "car_848": [3, 2], "car_849": [8, 3], "car_2391": [6, 4], "car_2390": [5, 1], "car_2397": [9, 1], "car_2396": [2, 6], "car_2395": [10, 6], "car_2394": [4, 0], "car_840": [11, 3], "car_841": [1, 3], "car_842": [5, 1], "car_843": [3, 1], "car_844": [4, 2], "car_845": [7, 0], "car_846": [6, 1], "car_847": [0, 1], "car_1608": [10, 4], "car_1609": [2, 4], "car_2153": [9, 3], "car_2152": [6, 5], "car_2155": [2, 1], "car_2154": [0, 3], "car_2157": [9, 5], "car_2156": [5, 0], "car_1600": [6, 2], "car_1601": [3, 5], "car_1602": [10, 1], "car_1603": [9, 2], "car_1604": [0, 7], "car_1605": [3, 0], "car_1606": [11, 4], "car_1607": [7, 2], "car_2369": [8, 3], "car_3538": [0, 4], "car_2362": [1, 2], "car_2363": [4, 0], "car_444": [7, 0], "car_445": [10, 2], "car_446": [8, 7], "car_447": [2, 3], "car_440": [5, 7], "car_441": [9, 4], "car_442": [0, 7], "car_443": [3, 5], "car_448": [5, 0], "car_449": [11, 2], "car_2717": [7, 6], "car_2716": [1, 5], "car_3210": [0, 7], "car_2715": [3, 7], "car_2201": [2, 3], "car_2714": [10, 2], "car_2200": [4, 6], "car_2713": [7, 3], "car_2712": [4, 7], "car_2711": [11, 6], "car_2710": [0, 2], "car_3405": [3, 6], "car_3044": [0, 7], "car_3045": [3, 7], "car_3046": [8, 1], "car_3047": [11, 3], "car_3040": [1, 4], "car_3041": [7, 4], "car_3042": [5, 7], "car_3043": [6, 3], "car_3048": [10, 5], "car_3049": [2, 7], "car_2209": [2, 3], "car_3534": [1, 2], "car_2208": [10, 3], "car_3535": [4, 3], "car_2324": [10, 2], "car_695": [0, 3], "car_694": [6, 5], "car_697": [8, 2], "car_696": [3, 5], "car_691": [7, 2], "car_690": [4, 6], "car_693": [2, 6], "car_692": [10, 4], "car_699": [7, 3], "car_698": [1, 6], "car_3479": [6, 0], "car_3478": [2, 4], "car_2399": [3, 1], "car_1943": [5, 6], "car_1942": [10, 6], "car_279": [3, 5], "car_278": [0, 7], "car_1947": [8, 7], "car_1946": [3, 1], "car_1945": [0, 7], "car_1944": [6, 7], "car_273": [1, 6], "car_272": [8, 3], "car_271": [5, 2], "car_270": [2, 5], "car_277": [6, 0], "car_276": [5, 2], "car_275": [2, 3], "car_274": [10, 6], "car_2946": [3, 2], "car_1925": [3, 4], "car_2944": [6, 5], "car_2945": [9, 5], "car_2942": [2, 0], "car_2943": [5, 2], "car_1549": [10, 0], "car_1548": [7, 6], "car_1547": [4, 6], "car_1546": [1, 0], "car_1545": [11, 4], "car_1544": [8, 5], "car_1543": [3, 6], "car_1542": [0, 4], "car_1541": [6, 1], "car_1540": [4, 6], "car_1389": [7, 2], "car_1388": [4, 0], "car_1385": [10, 4], "car_1384": [4, 5], "car_1387": [1, 6], "car_1386": [9, 0], "car_1381": [6, 7], "car_1380": [5, 0], "car_1383": [8, 3], "car_1382": [0, 6], "car_307": [2, 3], "car_306": [10, 5], "car_305": [4, 1], "car_304": [1, 5], "car_303": [11, 2], "car_302": [0, 4], "car_301": [9, 0], "car_300": [5, 7], "car_804": [1, 4], "car_309": [0, 2], "car_308": [5, 1], "car_3435": [9, 4], "car_909": [1, 5], "car_908": [11, 2], "car_3434": [6, 2], "car_905": [0, 1], "car_904": [6, 2], "car_907": [8, 2], "car_906": [3, 1], "car_901": [11, 6], "car_900": [3, 6], "car_903": [2, 3], "car_902": [10, 1], "car_1161": [0, 4], "car_1160": [9, 1], "car_1163": [11, 4], "car_1162": [3, 7], "car_1165": [10, 5], "car_1164": [1, 4], "car_1167": [6, 1], "car_1166": [2, 7], "car_1169": [8, 1], "car_1168": [3, 1], "car_3539": [11, 7], "car_2432": [2, 5], "car_2433": [6, 5], "car_2430": [1, 0], "car_3549": [0, 3], "car_3548": [2, 5], "car_2322": [4, 7], "car_2431": [7, 1], "car_2838": [6, 5], "car_2839": [0, 5], "car_2836": [7, 1], "car_2436": [1, 3], "car_2834": [8, 7], "car_2835": [1, 5], "car_2832": [5, 7], "car_2833": [3, 0], "car_2830": [7, 0], "car_2437": [10, 3], "car_2010": [7, 3], "car_2011": [10, 3], "car_2012": [2, 7], "car_2013": [5, 4], "car_2014": [9, 1], "car_2015": [3, 4], "car_2016": [8, 6], "car_2017": [11, 5], "car_2018": [1, 0], "car_2019": [4, 6], "car_2435": [8, 1], "car_87": [4, 7], "car_86": [1, 2], "car_85": [8, 7], "car_84": [3, 1], "car_83": [0, 7], "car_82": [9, 5], "car_81": [6, 4], "car_80": [4, 3], "car_3249": [1, 7], "car_2001": [3, 4], "car_89": [3, 0], "car_88": [7, 3], "car_2000": [9, 1], "car_2498": [3, 6], "car_2499": [11, 0], "car_2494": [4, 5], "car_2495": [2, 5], "car_2496": [9, 4], "car_2497": [0, 7], "car_2490": [3, 2], "car_2491": [8, 5], "car_2492": [11, 2], "car_2493": [1, 6], "car_875": [4, 2], "car_874": [11, 7], "car_877": [5, 2], "car_876": [7, 3], "car_871": [9, 4], "car_870": [4, 0], "car_873": [8, 7], "car_872": [0, 5], "car_3228": [6, 0], "car_3242": [1, 0], "car_1694": [5, 0], "car_879": [9, 2], "car_878": [6, 5], "car_3243": [2, 6], "car_1752": [7, 5], "car_1753": [2, 6], "car_1699": [2, 6], "car_2124": [7, 4], "car_2125": [2, 5], "car_1619": [8, 1], "car_1618": [3, 7], "car_2120": [6, 7], "car_2121": [9, 3], "car_2122": [8, 3], "car_2123": [1, 6], "car_1613": [7, 3], "car_1612": [3, 2], "car_1611": [0, 7], "car_1610": [9, 0], "car_1617": [9, 0], "car_1616": [5, 6], "car_1615": [2, 0], "car_1614": [10, 6], "car_1754": [9, 5], "car_1755": [0, 4], "car_2767": [4, 3], "car_2323": [7, 0], "car_471": [3, 0], "car_470": [0, 5], "car_473": [1, 4], "car_472": [11, 0], "car_475": [9, 1], "car_474": [5, 4], "car_477": [11, 0], "car_476": [0, 6], "car_479": [7, 0], "car_478": [1, 7], "car_2232": [3, 6], "car_2233": [11, 3], "car_2234": [1, 6], "car_2235": [7, 3], "car_2236": [10, 2], "car_2237": [2, 7], "car_2769": [10, 3], "car_2765": [0, 1], "car_2038": [0, 5], "car_2709": [9, 7], "car_3229": [0, 1], "car_3057": [6, 5], "car_3056": [5, 4], "car_2762": [5, 7], "car_3054": [7, 1], "car_3053": [4, 3], "car_3052": [11, 5], "car_3051": [3, 5], "car_3050": [6, 3], "car_3059": [8, 5], "car_3058": [9, 6], "car_3303": [7, 6], "car_2039": [11, 5], "car_2763": [6, 7], "car_1819": [8, 7], "car_1818": [3, 0], "car_2386": [3, 2], "car_682": [1, 7], "car_683": [4, 7], "car_680": [0, 2], "car_681": [8, 6], "car_686": [9, 5], "car_687": [3, 0], "car_684": [7, 6], "car_685": [10, 3], "car_688": [8, 0], "car_689": [11, 3], "car_2481": [1, 2], "car_2761": [7, 0], "car_3540": [4, 2], "car_3282": [0, 3], "car_3283": [3, 1], "car_1815": [7, 2], "car_3280": [2, 6], "car_1814": [11, 6], "car_3281": [6, 3], "car_3286": [9, 0], "car_3543": [8, 6], "car_2388": [7, 5], "car_3287": [3, 1], "car_3284": [1, 2], "car_3285": [10, 2], "car_3542": [9, 3], "car_2389": [2, 5], "car_3288": [11, 7], "car_3289": [1, 0], "car_1670": [6, 2], "car_1956": [10, 1], "car_3302": [4, 3], "car_1957": [2, 6], "car_3324": [1, 3], "car_1958": [5, 6], "car_1959": [9, 5], "car_3545": [4, 6], "car_2003": [11, 6], "car_268": [4, 7], "car_269": [10, 7], "car_1974": [6, 7], "car_1975": [9, 2], "car_1972": [2, 6], "car_1973": [5, 2], "car_1970": [4, 6], "car_1971": [7, 4], "car_260": [7, 4], "car_261": [10, 2], "car_262": [5, 7], "car_263": [6, 7], "car_264": [3, 7], "car_265": [8, 1], "car_266": [11, 6], "car_267": [1, 2], "car_1572": [10, 6], "car_1573": [5, 4], "car_1570": [1, 3], "car_1571": [7, 3], "car_1576": [1, 5], "car_1577": [7, 0], "car_1574": [9, 0], "car_1575": [3, 7], "car_1578": [10, 2], "car_1579": [9, 7], "car_2971": [4, 1], "car_1370": [9, 2], "car_1371": [0, 6], "car_1372": [8, 4], "car_1373": [7, 0], "car_1374": [10, 7], "car_1375": [6, 0], "car_1376": [0, 7], "car_1377": [3, 2], "car_1378": [8, 6], "car_1379": [10, 4], "car_3014": [2, 0], "car_3254": [8, 3], "car_2600": [8, 4], "car_2975": [6, 3], "car_2974": [5, 0], "car_314": [6, 5], "car_315": [3, 0], "car_316": [8, 3], "car_317": [11, 3], "car_310": [8, 3], "car_311": [1, 2], "car_312": [4, 7], "car_313": [7, 2], "car_318": [1, 7], "car_319": [4, 6], "car_918": [6, 7], "car_919": [9, 5], "car_2719": [0, 2], "car_2718": [2, 1], "car_912": [2, 6], "car_913": [5, 3], "car_910": [4, 2], "car_911": [7, 5], "car_916": [7, 2], "car_917": [10, 6], "car_914": [0, 2], "car_915": [8, 0], "car_1114": [7, 6], "car_1115": [10, 3], "car_1116": [2, 1], "car_1117": [9, 4], "car_1110": [6, 5], "car_1111": [0, 5], "car_1112": [3, 1], "car_1113": [11, 7], "car_1118": [8, 1], "car_1119": [11, 1], "car_1284": [1, 2], "car_1285": [4, 2], "car_1286": [10, 6], "car_1287": [2, 0], "car_1280": [5, 2], "car_1281": [0, 2], "car_1282": [8, 6], "car_1283": [11, 1], "car_3458": [3, 7], "car_2130": [1, 7], "car_1288": [9, 2], "car_1289": [3, 6], "car_2959": [6, 2], "car_2958": [10, 3], "car_2951": [2, 4], "car_2950": [10, 0], "car_2953": [6, 2], "car_2952": [5, 7], "car_2955": [8, 0], "car_2954": [3, 0], "car_2957": [4, 6], "car_2956": [1, 3], "car_2821": [6, 5], "car_2820": [2, 6], "car_1744": [2, 3], "car_2822": [9, 7], "car_2825": [11, 4], "car_2824": [1, 5], "car_2827": [9, 0], "car_2826": [2, 6], "car_2829": [8, 7], "car_2828": [0, 3], "car_3536": [5, 7], "car_3537": [6, 0], "car_3530": [9, 4], "car_3531": [0, 5], "car_3532": [3, 2], "car_3533": [11, 6], "car_1028": [7, 0], "car_1029": [2, 6], "car_1758": [11, 0], "car_1759": [1, 3], "car_2007": [8, 6], "car_2006": [0, 5], "car_2005": [6, 5], "car_2004": [7, 3], "car_1020": [11, 7], "car_1021": [10, 1], "car_1022": [2, 5], "car_1023": [5, 3], "car_1024": [6, 7], "car_1025": [9, 4], "car_1026": [8, 0], "car_1027": [11, 2], "car_1598": [2, 6], "car_1599": [5, 1], "car_1590": [11, 7], "car_1591": [6, 1], "car_1592": [3, 0], "car_1593": [8, 3], "car_1594": [11, 1], "car_1595": [4, 1], "car_1596": [7, 5], "car_1597": [10, 7], "car_2489": [6, 5], "car_2488": [5, 0], "car_2487": [2, 4], "car_2486": [10, 6], "car_2485": [1, 0], "car_2484": [11, 2], "car_2483": [3, 6], "car_2482": [2, 6], "car_1746": [9, 6], "car_2480": [3, 1], "car_862": [5, 3], "car_863": [0, 3], "car_860": [4, 1], "car_861": [2, 1], "car_866": [7, 5], "car_867": [2, 6], "car_864": [3, 4], "car_865": [8, 3], "car_868": [9, 7], "car_869": [1, 3], "car_3440": [9, 5], "car_3441": [0, 3], "car_3442": [3, 7], "car_3443": [1, 2], "car_3444": [10, 3], "car_3445": [9, 3], "car_3446": [0, 1], "car_3447": [8, 7], "car_3448": [7, 6], "car_3449": [10, 0], "car_1741": [3, 7], "car_2137": [1, 4], "car_2136": [11, 2], "car_2135": [3, 5], "car_2134": [0, 7], "car_2133": [6, 5], "car_2132": [5, 7], "car_1628": [7, 4], "car_1629": [2, 3], "car_1626": [3, 2], "car_1627": [4, 2], "car_1624": [2, 3], "car_1625": [9, 6], "car_1622": [7, 5], "car_1623": [10, 2], "car_1620": [11, 2], "car_1621": [1, 7], "car_1740": [0, 1]}