{"car_3253": [1, 7], "car_2009": [1, 4], "car_3196": [3, 4], "car_3197": [11, 1], "car_3194": [5, 7], "car_3195": [6, 2], "car_3192": [7, 2], "car_3193": [2, 3], "car_3190": [8, 6], "car_3191": [4, 3], "car_3198": [4, 2], "car_3199": [7, 0], "car_2229": [7, 3], "car_2228": [4, 2], "car_468": [6, 3], "car_469": [4, 5], "car_466": [4, 2], "car_467": [10, 5], "car_464": [11, 1], "car_465": [1, 2], "car_462": [3, 2], "car_463": [8, 4], "car_460": [9, 1], "car_461": [0, 6], "car_2455": [7, 1], "car_3068": [3, 6], "car_3069": [8, 3], "car_2751": [8, 6], "car_3062": [1, 3], "car_3063": [4, 1], "car_3060": [0, 3], "car_3061": [8, 5], "car_3066": [6, 7], "car_3067": [0, 6], "car_3064": [7, 1], "car_3065": [2, 0], "car_3268": [2, 5], "car_817": [5, 3], "car_816": [10, 3], "car_3260": [5, 7], "car_3261": [6, 7], "car_3262": [9, 0], "car_3263": [8, 3], "car_3264": [11, 7], "car_815": [7, 1], "car_3266": [4, 2], "car_3267": [7, 1], "car_2750": [3, 7], "car_814": [9, 4], "car_813": [6, 0], "car_812": [10, 7], "car_2072": [6, 0], "car_811": [4, 5], "car_2073": [9, 2], "car_810": [11, 7], "car_3214": [10, 7], "car_679": [5, 1], "car_678": [10, 5], "car_677": [1, 6], "car_676": [11, 5], "car_675": [8, 2], "car_674": [0, 3], "car_673": [9, 1], "car_672": [5, 2], "car_671": [4, 1], "car_670": [1, 3], "car_2771": [9, 3], "car_3213": [1, 0], "car_2770": [5, 6], "car_3212": [8, 2], "car_2078": [6, 0], "car_2079": [9, 6], "car_3464": [2, 6], "car_2456": [10, 6], "car_2341": [2, 6], "car_2670": [6, 3], "car_3465": [6, 1], "car_2671": [9, 6], "car_2754": [4, 0], "car_2672": [3, 0], "car_2223": [0, 2], "car_789": [7, 0], "car_788": [4, 6], "car_3338": [0, 3], "car_2222": [6, 5], "car_783": [5, 4], "car_782": [10, 2], "car_781": [11, 4], "car_780": [9, 0], "car_787": [8, 3], "car_786": [3, 4], "car_785": [9, 2], "car_784": [6, 0], "car_3462": [5, 4], "car_2220": [4, 1], "car_0": [0, 1], "car_2227": [1, 7], "car_1179": [9, 7], "car_2375": [7, 4], "car_2226": [11, 3], "car_3339": [11, 6], "car_2225": [8, 1], "car_2224": [3, 5], "car_3463": [1, 0], "car_255": [4, 6], "car_254": [8, 4], "car_257": [5, 7], "car_256": [10, 7], "car_251": [9, 0], "car_250": [6, 3], "car_253": [3, 0], "car_252": [0, 6], "car_1961": [6, 1], "car_1960": [10, 4], "car_1963": [3, 7], "car_1962": [0, 3], "car_259": [9, 2], "car_258": [6, 2], "car_1967": [2, 4], "car_1966": [10, 6], "car_1170": [1, 3], "car_1171": [7, 2], "car_1565": [4, 3], "car_1564": [3, 6], "car_1567": [5, 7], "car_1566": [2, 6], "car_1561": [4, 5], "car_1560": [8, 5], "car_1563": [9, 0], "car_1562": [2, 0], "car_1569": [3, 2], "car_1568": [9, 7], "car_1413": [10, 0], "car_1363": [0, 1], "car_1362": [6, 1], "car_1361": [5, 2], "car_1360": [10, 6], "car_1367": [0, 1], "car_1366": [2, 3], "car_1365": [1, 7], "car_1364": [8, 7], "car_1369": [11, 4], "car_1368": [8, 4], "car_2758": [9, 5], "car_2376": [2, 5], "car_321": [0, 7], "car_320": [10, 7], "car_323": [4, 0], "car_322": [11, 3], "car_325": [2, 7], "car_324": [7, 4], "car_327": [11, 2], "car_326": [9, 1], "car_329": [7, 6], "car_328": [4, 6], "car_2722": [4, 2], "car_2723": [9, 5], "car_2720": [6, 4], "car_2721": [9, 6], "car_2726": [7, 2], "car_2727": [6, 4], "car_2724": [8, 5], "car_2725": [1, 7], "car_2728": [9, 3], "car_2729": [0, 6], "car_1107": [6, 2], "car_1106": [2, 6], "car_1105": [10, 7], "car_1104": [4, 0], "car_1103": [1, 6], "car_1102": [8, 0], "car_1101": [9, 5], "car_1100": [6, 1], "car_1109": [8, 6], "car_1108": [0, 1], "car_1297": [7, 4], "car_1296": [1, 5], "car_1295": [11, 6], "car_1294": [3, 0], "car_1293": [0, 6], "car_1292": [9, 2], "car_1291": [5, 7], "car_1290": [2, 3], "car_1299": [6, 1], "car_1298": [2, 5], "car_2928": [10, 0], "car_2929": [2, 4], "car_2924": [5, 3], "car_2925": [9, 5], "car_2926": [0, 6], "car_2927": [11, 7], "car_2920": [11, 3], "car_2921": [1, 3], "car_2922": [4, 6], "car_2923": [10, 1], "car_2586": [1, 7], "car_2587": [7, 2], "car_2584": [3, 6], "car_2585": [8, 6], "car_2582": [5, 7], "car_2583": [0, 1], "car_2580": [11, 4], "car_2581": [7, 1], "car_3527": [6, 0], "car_3526": [2, 1], "car_3525": [7, 6], "car_3524": [4, 2], "car_2858": [6, 1], "car_2859": [9, 6], "car_2588": [2, 6], "car_2589": [6, 2], "car_2036": [2, 5], "car_2037": [5, 6], "car_1039": [10, 3], "car_1038": [7, 3], "car_1749": [10, 3], "car_1748": [7, 1], "car_2030": [5, 0], "car_2031": [3, 4], "car_1033": [10, 4], "car_1032": [1, 0], "car_1031": [0, 5], "car_1030": [6, 0], "car_1037": [1, 3], "car_1036": [8, 2], "car_1035": [0, 4], "car_1034": [6, 3], "car_1589": [11, 0], "car_1588": [5, 1], "car_1583": [6, 4], "car_1582": [7, 6], "car_1581": [1, 5], "car_1580": [11, 7], "car_1587": [7, 6], "car_1586": [1, 3], "car_1585": [8, 2], "car_1584": [3, 5], "car_1852": [8, 7], "car_1906": [3, 1], "car_3295": [6, 7], "car_3294": [10, 6], "car_3297": [0, 5], "car_3296": [9, 2], "car_3291": [3, 5], "car_3290": [9, 3], "car_899": [10, 0], "car_898": [7, 4], "car_897": [1, 3], "car_896": [11, 5], "car_895": [8, 2], "car_894": [0, 3], "car_893": [10, 1], "car_892": [4, 1], "car_891": [9, 1], "car_890": [5, 3], "car_2458": [6, 1], "car_2459": [0, 4], "car_2108": [0, 6], "car_2109": [3, 1], "car_3457": [7, 5], "car_3456": [4, 7], "car_3455": [11, 4], "car_3454": [8, 5], "car_2102": [4, 7], "car_2103": [10, 1], "car_2100": [0, 6], "car_2101": [3, 5], "car_2106": [6, 2], "car_2107": [9, 7], "car_2104": [2, 1], "car_2105": [5, 2], "car_1631": [3, 2], "car_1630": [9, 2], "car_1633": [11, 4], "car_1632": [8, 1], "car_1635": [9, 0], "car_1634": [10, 5], "car_1637": [7, 3], "car_1636": [1, 6], "car_1639": [9, 1], "car_1638": [6, 2], "car_3418": [9, 3], "car_1751": [3, 7], "car_2803": [10, 0], "car_2802": [7, 4], "car_2801": [4, 5], "car_3189": [0, 3], "car_3188": [5, 0], "car_2800": [1, 3], "car_3269": [6, 7], "car_3181": [6, 2], "car_2807": [5, 6], "car_1756": [1, 0], "car_3182": [9, 0], "car_3185": [8, 1], "car_3184": [3, 6], "car_3187": [7, 4], "car_2806": [7, 1], "car_2805": [11, 2], "car_3306": [6, 0], "car_2816": [10, 7], "car_2804": [9, 5], "car_3380": [3, 4], "car_3104": [3, 6], "car_2414": [9, 5], "car_419": [11, 1], "car_418": [0, 6], "car_2218": [3, 0], "car_2219": [11, 3], "car_413": [1, 0], "car_412": [8, 5], "car_411": [3, 6], "car_410": [9, 1], "car_417": [9, 0], "car_416": [6, 4], "car_415": [5, 1], "car_414": [2, 0], "car_2417": [5, 2], "car_1679": [8, 0], "car_3546": [3, 6], "car_1678": [0, 4], "car_2412": [2, 0], "car_2947": [8, 1], "car_2413": [6, 5], "car_3265": [1, 4], "car_3079": [3, 4], "car_3078": [0, 7], "car_3075": [11, 4], "car_3074": [6, 3], "car_3077": [10, 0], "car_3076": [1, 2], "car_3071": [7, 1], "car_3070": [4, 5], "car_3073": [5, 1], "car_3072": [10, 1], "car_527": [7, 3], "car_526": [4, 2], "car_525": [1, 2], "car_524": [11, 3], "car_523": [8, 3], "car_522": [0, 6], "car_521": [9, 3], "car_520": [5, 0], "car_3273": [8, 3], "car_1671": [5, 1], "car_3271": [11, 2], "car_1889": [9, 4], "car_3277": [2, 1], "car_3276": [7, 0], "car_529": [2, 1], "car_528": [10, 6], "car_1884": [0, 4], "car_1885": [3, 2], "car_2368": [11, 1], "car_2786": [4, 7], "car_2787": [7, 6], "car_668": [3, 5], "car_669": [8, 5], "car_664": [4, 2], "car_665": [2, 4], "car_666": [5, 3], "car_667": [9, 1], "car_660": [9, 3], "car_661": [0, 7], "car_662": [8, 4], "car_663": [1, 5], "car_2759": [3, 6], "car_1854": [5, 1], "car_2788": [10, 5], "car_3308": [5, 6], "car_2789": [5, 0], "car_2940": [3, 0], "car_798": [6, 0], "car_799": [3, 0], "car_790": [10, 0], "car_791": [2, 5], "car_792": [6, 4], "car_793": [0, 4], "car_794": [8, 4], "car_795": [7, 2], "car_796": [2, 0], "car_797": [5, 4], "car_242": [4, 7], "car_243": [7, 1], "car_240": [8, 7], "car_241": [1, 3], "car_246": [11, 7], "car_247": [1, 3], "car_244": [9, 6], "car_245": [0, 5], "car_1914": [11, 0], "car_1915": [1, 3], "car_248": [7, 6], "car_249": [10, 5], "car_1910": [2, 7], "car_1911": [5, 3], "car_1912": [9, 2], "car_1913": [0, 4], "car_1356": [0, 2], "car_1357": [8, 2], "car_1354": [5, 0], "car_1355": [6, 2], "car_1352": [7, 2], "car_1353": [2, 1], "car_1350": [9, 0], "car_1351": [3, 0], "car_1358": [11, 4], "car_1359": [4, 6], "car_1831": [10, 5], "car_1820": [4, 3], "car_1821": [7, 3], "car_1822": [5, 2], "car_1823": [0, 6], "car_1824": [7, 0], "car_1825": [6, 4], "car_338": [11, 1], "car_339": [1, 6], "car_336": [6, 3], "car_337": [9, 1], "car_334": [1, 2], "car_335": [7, 5], "car_332": [6, 2], "car_333": [3, 6], "car_330": [2, 0], "car_331": [5, 4], "car_2735": [3, 7], "car_2734": [9, 1], "car_1138": [8, 3], "car_1139": [11, 3], "car_2731": [8, 0], "car_2730": [3, 6], "car_2733": [10, 6], "car_2732": [11, 1], "car_1132": [5, 1], "car_1133": [8, 5], "car_1130": [10, 6], "car_1131": [2, 0], "car_1136": [7, 2], "car_1137": [9, 5], "car_1134": [11, 6], "car_1135": [1, 2], "car_1839": [9, 5], "car_2393": [0, 7], "car_1838": [5, 3], "car_2392": [9, 6], "car_3301": [10, 1], "car_3300": [7, 0], "car_2939": [0, 5], "car_2938": [5, 1], "car_2937": [2, 3], "car_2936": [4, 3], "car_2935": [1, 4], "car_2934": [8, 4], "car_2933": [0, 1], "car_2932": [9, 4], "car_2931": [6, 5], "car_2930": [5, 4], "car_2029": [4, 3], "car_2028": [1, 5], "car_2845": [0, 6], "car_2844": [2, 4], "car_2843": [10, 4], "car_2842": [4, 7], "car_2841": [11, 2], "car_2840": [8, 4], "car_2021": [10, 6], "car_2020": [7, 0], "car_2023": [5, 7], "car_2022": [2, 5], "car_2025": [0, 7], "car_2024": [6, 0], "car_2027": [8, 0], "car_2026": [3, 1], "car_2948": [11, 0], "car_2520": [8, 4], "car_1008": [5, 4], "car_1009": [8, 0], "car_1006": [10, 5], "car_1007": [2, 7], "car_1004": [4, 0], "car_1005": [7, 1], "car_1002": [3, 4], "car_1003": [11, 6], "car_1000": [2, 4], "car_1001": [0, 2], "car_3459": [9, 6], "car_2398": [0, 5], "car_2629": [0, 4], "car_2524": [7, 1], "car_2628": [6, 1], "car_3310": [0, 7], "car_2525": [5, 4], "car_2995": [1, 3], "car_2674": [7, 0], "car_1924": [3, 7], "car_2994": [11, 3], "car_2527": [3, 2], "car_2997": [10, 6], "car_36": [4, 6], "car_37": [7, 0], "car_34": [8, 1], "car_35": [1, 2], "car_888": [10, 4], "car_889": [2, 3], "car_30": [4, 0], "car_31": [7, 6], "car_884": [9, 7], "car_885": [0, 4], "car_886": [4, 5], "car_887": [7, 1], "car_880": [1, 3], "car_881": [4, 5], "car_882": [10, 4], "car_883": [2, 4], "car_3466": [9, 6], "car_3467": [0, 3], "car_2449": [2, 5], "car_2448": [10, 5], "car_2119": [4, 3], "car_2118": [1, 2], "car_3460": [8, 7], "car_3461": [2, 6], "car_2115": [3, 6], "car_2114": [5, 3], "car_2117": [11, 7], "car_2116": [8, 7], "car_2111": [4, 2], "car_2110": [11, 5], "car_2113": [10, 4], "car_2112": [7, 0], "car_1644": [9, 1], "car_1645": [8, 0], "car_1646": [10, 7], "car_1647": [0, 6], "car_1640": [0, 4], "car_1641": [4, 3], "car_1642": [2, 1], "car_1643": [5, 3], "car_3312": [11, 6], "car_1648": [8, 1], "car_1649": [11, 4], "car_2599": [1, 6], "car_2159": [10, 4], "car_2158": [7, 1], "car_2591": [0, 6], "car_2590": [9, 6], "car_2593": [11, 3], "car_2592": [3, 0], "car_2595": [4, 3], "car_2594": [1, 6], "car_2597": [6, 0], "car_2596": [7, 2], "car_3560": [5, 3], "car_3313": [4, 1], "car_2677": [6, 7], "car_2608": [9, 3], "car_408": [2, 1], "car_409": [5, 4], "car_2203": [8, 3], "car_2202": [0, 1], "car_2205": [9, 0], "car_2204": [6, 2], "car_2207": [11, 2], "car_2206": [0, 3], "car_400": [2, 6], "car_401": [5, 6], "car_402": [6, 5], "car_403": [9, 6], "car_404": [0, 7], "car_405": [8, 2], "car_406": [4, 3], "car_407": [10, 4], "car_1769": [4, 3], "car_3080": [11, 2], "car_3081": [5, 1], "car_3082": [8, 0], "car_3083": [11, 0], "car_3084": [1, 2], "car_3085": [2, 5], "car_3086": [0, 3], "car_3087": [11, 0], "car_3088": [4, 5], "car_3089": [7, 3], "car_2973": [1, 7], "car_534": [10, 4], "car_535": [2, 4], "car_536": [5, 4], "car_537": [4, 0], "car_530": [5, 7], "car_531": [9, 7], "car_532": [3, 0], "car_533": [1, 6], "car_3246": [1, 2], "car_3247": [7, 2], "car_3244": [9, 5], "car_3245": [3, 5], "car_538": [7, 3], "car_539": [10, 3], "car_3240": [10, 2], "car_3241": [2, 0], "car_2972": [8, 0], "car_3317": [3, 5], "car_2310": [3, 5], "car_659": [6, 7], "car_658": [2, 7], "car_651": [10, 7], "car_650": [0, 6], "car_653": [6, 0], "car_652": [2, 4], "car_655": [3, 6], "car_654": [0, 7], "car_657": [4, 5], "car_656": [8, 0], "car_2970": [9, 5], "car_2907": [7, 4], "car_2977": [4, 3], "car_2909": [2, 6], "car_2976": [0, 7], "car_2434": [10, 5], "car_1929": [2, 1], "car_2195": [7, 2], "car_2194": [4, 2], "car_1764": [10, 6], "car_2197": [9, 1], "car_2196": [10, 2], "car_2191": [2, 3], "car_1928": [10, 0], "car_2190": [10, 4], "car_2193": [3, 7], "car_1909": [7, 2], "car_1908": [4, 6], "car_1907": [11, 6], "car_1763": [4, 2], "car_1905": [0, 3], "car_1904": [9, 7], "car_1903": [6, 0], "car_1902": [5, 3], "car_1901": [2, 0], "car_1900": [10, 0], "car_1349": [6, 5], "car_1348": [5, 0], "car_1762": [3, 1], "car_1341": [3, 0], "car_1340": [0, 1], "car_1343": [11, 7], "car_1342": [8, 2], "car_1345": [7, 2], "car_1344": [1, 4], "car_1347": [2, 4], "car_1346": [10, 4], "car_3234": [10, 3], "car_3219": [11, 7], "car_2753": [1, 2], "car_3231": [1, 4], "car_2752": [11, 5], "car_3230": [3, 1], "car_2698": [5, 3], "car_1833": [5, 6], "car_1832": [2, 5], "car_349": [11, 7], "car_348": [8, 2], "car_1837": [2, 4], "car_1836": [1, 3], "car_1835": [8, 6], "car_1834": [3, 5], "car_343": [11, 1], "car_342": [0, 2], "car_341": [6, 0], "car_340": [7, 1], "car_347": [6, 1], "car_346": [10, 5], "car_345": [7, 1], "car_344": [4, 5], "car_2325": [1, 2], "car_1129": [4, 5], "car_1128": [0, 6], "car_2979": [2, 7], "car_1125": [1, 0], "car_1124": [3, 0], "car_1127": [6, 5], "car_1126": [5, 6], "car_1121": [8, 6], "car_1120": [5, 7], "car_1123": [9, 6], "car_1122": [11, 4], "car_1402": [6, 1], "car_2320": [4, 0], "car_1403": [9, 7], "car_2321": [10, 6], "car_1400": [10, 2], "car_1401": [5, 6], "car_2978": [7, 3], "car_1406": [1, 2], "car_1407": [7, 0], "car_2902": [7, 1], "car_2903": [0, 2], "car_2900": [1, 0], "car_2901": [4, 2], "car_2906": [1, 5], "car_1404": [3, 5], "car_2904": [3, 0], "car_2905": [11, 1], "car_2908": [10, 6], "car_1405": [11, 5], "car_3505": [1, 2], "car_3504": [11, 4], "car_3507": [5, 0], "car_3506": [2, 1], "car_2058": [9, 2], "car_2059": [0, 2], "car_3503": [3, 2], "car_3502": [0, 1], "car_2054": [8, 5], "car_2055": [1, 3], "car_2056": [10, 7], "car_2057": [6, 7], "car_2050": [11, 2], "car_2051": [4, 2], "car_2052": [6, 0], "car_2053": [9, 5], "car_1011": [10, 4], "car_1010": [11, 1], "car_1013": [9, 4], "car_1012": [6, 4], "car_1015": [3, 6], "car_1014": [0, 1], "car_1017": [7, 6], "car_1016": [4, 2], "car_1019": [9, 5], "car_1018": [5, 1], "car_2690": [7, 0], "car_2691": [6, 0], "car_2696": [10, 0], "car_2697": [2, 1], "car_2694": [4, 2], "car_2695": [7, 2], "car_2790": [6, 1], "car_25": [2, 4], "car_24": [7, 0], "car_27": [3, 4], "car_26": [5, 0], "car_21": [6, 4], "car_20": [5, 2], "car_23": [8, 7], "car_22": [9, 7], "car_3471": [5, 4], "car_3470": [7, 0], "car_3473": [3, 5], "car_3472": [9, 0], "car_29": [1, 7], "car_28": [11, 1], "car_3477": [10, 4], "car_3476": [7, 3], "car_2478": [9, 6], "car_2479": [0, 4], "car_2476": [10, 5], "car_2477": [6, 5], "car_2474": [3, 7], "car_2475": [4, 2], "car_2472": [5, 4], "car_2473": [9, 3], "car_2470": [10, 1], "car_2471": [2, 3], "car_1657": [9, 2], "car_1656": [6, 0], "car_1655": [2, 0], "car_1654": [7, 0], "car_1653": [3, 0], "car_1652": [2, 6], "car_1651": [10, 7], "car_1650": [1, 3], "car_1659": [3, 6], "car_1658": [0, 4], "car_2878": [7, 2], "car_2879": [10, 7], "car_2872": [11, 3], "car_2873": [1, 7], "car_2870": [9, 0], "car_2871": [0, 7], "car_2876": [0, 2], "car_2877": [4, 3], "car_2874": [6, 0], "car_2875": [9, 5], "car_2688": [1, 0], "car_1969": [3, 6], "car_2315": [5, 4], "car_1843": [0, 1], "car_3211": [0, 6], "car_435": [7, 0], "car_434": [4, 6], "car_437": [5, 1], "car_436": [2, 1], "car_431": [3, 2], "car_430": [0, 1], "car_433": [1, 3], "car_432": [11, 3], "car_1846": [3, 7], "car_439": [1, 4], "car_438": [8, 0], "car_1847": [1, 5], "car_2274": [6, 2], "car_2275": [0, 2], "car_2276": [1, 6], "car_2277": [7, 6], "car_2270": [6, 2], "car_2271": [9, 7], "car_2272": [0, 4], "car_2273": [2, 6], "car_1845": [2, 5], "car_2278": [6, 1], "car_2279": [9, 6], "car_3573": [3, 6], "car_1848": [4, 5], "car_2289": [4, 3], "car_1968": [5, 1], "car_1849": [7, 4], "car_2288": [11, 5], "car_1965": [7, 6], "car_3370": [3, 5], "car_1964": [8, 1], "car_3093": [8, 5], "car_3092": [3, 6], "car_3091": [9, 2], "car_3090": [10, 0], "car_3097": [9, 2], "car_3096": [10, 4], "car_3095": [7, 6], "car_3094": [4, 6], "car_3420": [8, 3], "car_3376": [7, 4], "car_3099": [3, 5], "car_3098": [0, 3], "car_3311": [3, 2], "car_501": [1, 4], "car_500": [11, 7], "car_503": [10, 2], "car_502": [7, 6], "car_505": [6, 4], "car_504": [2, 3], "car_507": [0, 6], "car_506": [9, 5], "car_509": [11, 0], "car_508": [8, 0], "car_2302": [8, 2], "car_2303": [1, 3], "car_2304": [7, 3], "car_2305": [10, 1], "car_2306": [5, 2], "car_2307": [6, 5], "car_2281": [11, 5], "car_1745": [0, 6], "car_2280": [3, 5], "car_3378": [2, 5], "car_3379": [9, 0], "car_2960": [1, 5], "car_3475": [1, 3], "car_3474": [8, 2], "car_646": [3, 6], "car_647": [7, 4], "car_644": [9, 1], "car_645": [0, 4], "car_642": [7, 6], "car_643": [2, 7], "car_640": [8, 2], "car_641": [4, 0], "car_2314": [10, 4], "car_648": [2, 0], "car_649": [5, 3], "car_3570": [7, 2], "car_2961": [4, 2], "car_2576": [4, 2], "car_3577": [10, 1], "car_3572": [5, 1], "car_2526": [9, 4], "car_1830": [3, 6], "car_3574": [8, 0], "car_2673": [1, 6], "car_3575": [1, 7], "car_2962": [9, 5], "car_3576": [4, 0], "car_2570": [2, 7], "car_2681": [7, 1], "car_2999": [8, 5], "car_2420": [8, 1], "car_2963": [3, 0], "car_2680": [1, 7], "car_2854": [3, 2], "car_2964": [11, 6], "car_2683": [5, 4], "car_1932": [0, 7], "car_1933": [3, 1], "car_1930": [5, 7], "car_1931": [6, 1], "car_1936": [4, 0], "car_1937": [10, 3], "car_1934": [8, 2], "car_1935": [1, 2], "car_1938": [2, 3], "car_1939": [9, 5], "car_2682": [10, 1], "car_1717": [4, 3], "car_1338": [7, 5], "car_1339": [10, 3], "car_1334": [3, 0], "car_1335": [11, 5], "car_1336": [1, 0], "car_1337": [4, 7], "car_1330": [7, 3], "car_1331": [10, 7], "car_1332": [2, 6], "car_1333": [0, 4], "car_1711": [10, 6], "car_2998": [3, 6], "car_358": [6, 3], "car_359": [0, 4], "car_1804": [8, 1], "car_1805": [10, 6], "car_1802": [9, 1], "car_1803": [0, 7], "car_1800": [5, 4], "car_1801": [6, 7], "car_350": [7, 2], "car_351": [6, 1], "car_352": [9, 6], "car_353": [0, 1], "car_354": [3, 7], "car_355": [8, 4], "car_356": [11, 5], "car_357": [7, 1], "car_1482": [2, 4], "car_1483": [5, 4], "car_1480": [4, 6], "car_1481": [7, 1], "car_1486": [2, 7], "car_1487": [6, 2], "car_1484": [3, 4], "car_1485": [4, 6], "car_1488": [9, 3], "car_1489": [3, 4], "car_1240": [11, 3], "car_1241": [4, 0], "car_1242": [2, 1], "car_1243": [0, 3], "car_1244": [8, 3], "car_1245": [1, 0], "car_1246": [4, 7], "car_1247": [7, 6], "car_1248": [2, 0], "car_1249": [6, 3], "car_1747": [4, 3], "car_2374": [11, 5], "car_1879": [3, 1], "car_2917": [2, 3], "car_2916": [10, 5], "car_2911": [8, 7], "car_2910": [6, 0], "car_2913": [1, 4], "car_2912": [11, 0], "car_2919": [9, 5], "car_2918": [5, 3], "car_2049": [3, 6], "car_2048": [0, 4], "car_2047": [9, 1], "car_2046": [10, 7], "car_2045": [11, 7], "car_2044": [0, 5], "car_2043": [5, 3], "car_2042": [2, 4], "car_2041": [4, 2], "car_2040": [8, 7], "car_1064": [0, 6], "car_1065": [3, 2], "car_1066": [8, 5], "car_1067": [11, 6], "car_1060": [7, 0], "car_1061": [10, 4], "car_1062": [5, 0], "car_1063": [9, 1], "car_2685": [0, 3], "car_2684": [6, 2], "car_2687": [11, 3], "car_2686": [8, 1], "car_1068": [1, 5], "car_1069": [4, 1], "car_1798": [4, 2], "car_1799": [10, 3], "car_10": [7, 3], "car_11": [2, 6], "car_12": [3, 6], "car_13": [8, 2], "car_14": [4, 7], "car_15": [0, 6], "car_16": [8, 7], "car_17": [11, 6], "car_18": [4, 0], "car_19": [7, 6], "car_3406": [0, 6], "car_3407": [4, 6], "car_3400": [8, 0], "car_3401": [11, 4], "car_3402": [1, 2], "car_3403": [10, 3], "car_2461": [11, 3], "car_2460": [3, 2], "car_1668": [1, 3], "car_1669": [4, 3], "car_2465": [9, 7], "car_2464": [5, 7], "car_2467": [3, 1], "car_2466": [0, 3], "car_1662": [7, 5], "car_1663": [6, 7], "car_1660": [8, 1], "car_1661": [1, 5], "car_1666": [3, 0], "car_1667": [11, 6], "car_1664": [9, 7], "car_1665": [0, 1], "car_1468": [10, 5], "car_1469": [5, 6], "car_1460": [11, 7], "car_1461": [7, 3], "car_1462": [5, 6], "car_1463": [6, 2], "car_1464": [0, 2], "car_1465": [3, 5], "car_1466": [8, 0], "car_1467": [11, 7], "car_2699": [6, 3], "car_2869": [2, 4], "car_2868": [4, 7], "car_2865": [6, 5], "car_2864": [7, 4], "car_2867": [11, 3], "car_2866": [0, 5], "car_2861": [3, 6], "car_2860": [0, 1], "car_2863": [4, 0], "car_2862": [11, 5], "car_2648": [9, 7], "car_422": [2, 1], "car_423": [9, 5], "car_420": [4, 5], "car_421": [10, 2], "car_426": [8, 6], "car_427": [1, 7], "car_424": [0, 5], "car_425": [3, 0], "car_3318": [11, 4], "car_3319": [4, 7], "car_428": [7, 3], "car_429": [9, 2], "car_2377": [5, 2], "car_2267": [1, 0], "car_2266": [4, 6], "car_2265": [11, 1], "car_2264": [8, 4], "car_2263": [3, 7], "car_2262": [0, 5], "car_2261": [6, 2], "car_2260": [5, 0], "car_2371": [9, 0], "car_2269": [5, 3], "car_2268": [4, 3], "car_2373": [8, 5], "car_2372": [0, 7], "car_2008": [8, 5], "car_2370": [7, 0], "car_3486": [6, 2], "car_3487": [0, 5], "car_3224": [1, 4], "car_3225": [4, 0], "car_2319": [1, 5], "car_2318": [8, 1], "car_3220": [1, 6], "car_3221": [0, 3], "car_518": [11, 2], "car_519": [1, 4], "car_516": [3, 6], "car_517": [8, 3], "car_514": [9, 3], "car_515": [0, 1], "car_512": [10, 7], "car_513": [5, 1], "car_510": [4, 3], "car_511": [7, 0], "car_1870": [5, 2], "car_3589": [6, 0], "car_2692": [11, 6], "car_3488": [3, 1], "car_2444": [8, 1], "car_3469": [1, 4], "car_3489": [8, 1], "car_633": [11, 2], "car_632": [8, 2], "car_631": [6, 1], "car_630": [5, 0], "car_637": [5, 0], "car_636": [2, 5], "car_635": [7, 4], "car_634": [1, 7], "car_2675": [2, 1], "car_639": [0, 3], "car_638": [6, 2], "car_3588": [7, 6], "car_3138": [10, 4], "car_3139": [2, 0], "car_2693": [1, 5], "car_3130": [11, 5], "car_3131": [1, 4], "car_3132": [4, 3], "car_3133": [7, 2], "car_3134": [2, 5], "car_3135": [3, 5], "car_3136": [8, 2], "car_3137": [11, 6], "car_189": [10, 4], "car_188": [7, 6], "car_185": [0, 1], "car_184": [9, 6], "car_187": [4, 0], "car_186": [11, 7], "car_181": [2, 4], "car_180": [7, 6], "car_183": [6, 1], "car_182": [5, 0], "car_749": [11, 6], "car_748": [8, 4], "car_747": [0, 5], "car_746": [9, 5], "car_745": [5, 3], "car_744": [10, 5], "car_743": [4, 3], "car_742": [11, 6], "car_741": [0, 2], "car_740": [6, 0], "car_2131": [2, 7], "car_3316": [0, 5], "car_2618": [8, 2], "car_3584": [5, 6], "car_299": [0, 3], "car_298": [9, 4], "car_1927": [4, 5], "car_1926": [1, 7], "car_1921": [2, 7], "car_1920": [1, 4], "car_1923": [0, 3], "car_1922": [5, 6], "car_291": [9, 6], "car_290": [6, 5], "car_293": [1, 7], "car_292": [3, 0], "car_295": [2, 7], "car_294": [4, 3], "car_297": [6, 1], "car_296": [5, 6], "car_1329": [4, 1], "car_1328": [1, 6], "car_1327": [11, 1], "car_1326": [6, 7], "car_1325": [10, 6], "car_1324": [1, 3], "car_1323": [11, 5], "car_1322": [8, 0], "car_1321": [3, 1], "car_1320": [10, 3], "car_365": [6, 5], "car_364": [5, 7], "car_367": [8, 2], "car_366": [0, 6], "car_361": [11, 4], "car_360": [8, 0], "car_363": [10, 1], "car_362": [4, 6], "car_1811": [7, 4], "car_1810": [1, 0], "car_1813": [0, 6], "car_1812": [2, 1], "car_369": [10, 4], "car_368": [7, 6], "car_1817": [2, 0], "car_1816": [10, 6], "car_167": [3, 0], "car_166": [0, 7], "car_165": [5, 2], "car_164": [10, 5], "car_163": [1, 5], "car_162": [3, 6], "car_161": [9, 0], "car_160": [2, 3], "car_169": [7, 6], "car_168": [11, 0], "car_1495": [8, 7], "car_1494": [0, 1], "car_1497": [1, 2], "car_1496": [11, 7], "car_1491": [10, 0], "car_1490": [4, 0], "car_1493": [9, 7], "car_1492": [6, 1], "car_1499": [2, 4], "car_1498": [7, 6], "car_3580": [9, 5], "car_1253": [4, 7], "car_1252": [11, 3], "car_1251": [0, 5], "car_1250": [9, 0], "car_1257": [6, 4], "car_1256": [2, 6], "car_1255": [10, 6], "car_1254": [7, 2], "car_2850": [10, 3], "car_1259": [3, 5], "car_1258": [9, 6], "car_2851": [2, 7], "car_1868": [7, 3], "car_2852": [6, 5], "car_2853": [0, 5], "car_3583": [10, 0], "car_3248": [10, 7], "car_1789": [7, 4], "car_1788": [11, 1], "car_2070": [11, 3], "car_2071": [1, 2], "car_2076": [8, 0], "car_2077": [10, 3], "car_2074": [0, 7], "car_2075": [7, 4], "car_1781": [7, 2], "car_1780": [8, 1], "car_1783": [5, 1], "car_1782": [2, 4], "car_1785": [9, 5], "car_1784": [6, 0], "car_1787": [8, 2], "car_1786": [3, 7], "car_1077": [6, 2], "car_1076": [5, 2], "car_1075": [2, 7], "car_1074": [1, 5], "car_1073": [6, 7], "car_1072": [2, 3], "car_1071": [10, 1], "car_1070": [7, 1], "car_2678": [0, 3], "car_2679": [11, 0], "car_3520": [2, 6], "car_1079": [0, 1], "car_1078": [9, 6], "car_3257": [3, 4], "car_2139": [3, 6], "car_3256": [6, 2], "car_2034": [1, 7], "car_2300": [5, 6], "car_2035": [4, 3], "car_2301": [0, 7], "car_2032": [8, 2], "car_2033": [11, 5], "car_2996": [7, 4], "car_3419": [0, 2], "car_2138": [11, 7], "car_3417": [6, 5], "car_3416": [5, 2], "car_3415": [2, 4], "car_3414": [10, 6], "car_3413": [7, 4], "car_3412": [11, 2], "car_3411": [3, 7], "car_3410": [9, 4], "car_985": [9, 5], "car_984": [10, 3], "car_987": [3, 0], "car_986": [0, 2], "car_981": [8, 3], "car_980": [3, 2], "car_983": [7, 4], "car_982": [1, 7], "car_1675": [7, 2], "car_1674": [1, 2], "car_1677": [2, 0], "car_1676": [10, 6], "car_989": [4, 2], "car_988": [8, 4], "car_1673": [3, 5], "car_1672": [0, 2], "car_2784": [8, 2], "car_2785": [11, 3], "car_1479": [11, 2], "car_1478": [8, 1], "car_2780": [3, 4], "car_2781": [1, 6], "car_2782": [7, 4], "car_2783": [3, 4], "car_1473": [8, 2], "car_1472": [3, 7], "car_1471": [0, 1], "car_1470": [6, 4], "car_1477": [10, 5], "car_1476": [4, 3], "car_1475": [1, 0], "car_1474": [11, 5], "car_2890": [11, 1], "car_2891": [1, 5], "car_2892": [4, 7], "car_2893": [7, 6], "car_2894": [10, 7], "car_1743": [10, 1], "car_2896": [9, 6], "car_2897": [0, 2], "car_2898": [8, 0], "car_2899": [11, 7], "car_1742": [7, 6], "car_2990": [9, 4], "car_2528": [8, 2], "car_2529": [11, 2], "car_2258": [10, 3], "car_2259": [2, 7], "car_3307": [9, 2], "car_2689": [4, 0], "car_3305": [10, 4], "car_3304": [7, 1], "car_2252": [4, 0], "car_2253": [5, 0], "car_2250": [0, 6], "car_2251": [3, 0], "car_2256": [11, 5], "car_2257": [7, 6], "car_2254": [0, 1], "car_2255": [8, 6], "car_2098": [2, 7], "car_2099": [6, 7], "car_2090": [3, 7], "car_2091": [11, 7], "car_2092": [1, 5], "car_2093": [4, 7], "car_2094": [6, 3], "car_2095": [11, 0], "car_2096": [1, 7], "car_2097": [10, 4], "car_2992": [3, 2], "car_3237": [11, 6], "car_3236": [0, 7], "car_569": [1, 2], "car_568": [11, 0], "car_3233": [7, 5], "car_3232": [4, 6], "car_2328": [5, 4], "car_2329": [9, 0], "car_563": [2, 1], "car_562": [10, 4], "car_561": [7, 4], "car_560": [4, 3], "car_567": [3, 2], "car_566": [9, 6], "car_565": [6, 5], "car_564": [5, 4], "car_3598": [8, 5], "car_2331": [7, 1], "car_620": [10, 0], "car_621": [2, 6], "car_622": [6, 0], "car_623": [0, 3], "car_624": [8, 6], "car_625": [11, 3], "car_626": [1, 7], "car_627": [4, 1], "car_628": [10, 6], "car_629": [2, 7], "car_1869": [2, 4], "car_3129": [3, 6], "car_3128": [9, 5], "car_3123": [8, 5], "car_3122": [3, 7], "car_3121": [0, 3], "car_3120": [6, 1], "car_3127": [6, 7], "car_3126": [2, 0], "car_3125": [10, 5], "car_3124": [1, 2], "car_1866": [11, 3], "car_1867": [4, 5], "car_3388": [11, 1], "car_198": [3, 5], "car_199": [8, 3], "car_2831": [0, 5], "car_192": [1, 3], "car_193": [7, 2], "car_190": [6, 0], "car_191": [3, 4], "car_196": [9, 3], "car_197": [0, 7], "car_194": [10, 4], "car_195": [6, 4], "car_758": [5, 4], "car_759": [6, 7], "car_754": [1, 7], "car_755": [7, 3], "car_756": [10, 6], "car_757": [2, 6], "car_750": [1, 7], "car_751": [9, 6], "car_752": [3, 1], "car_753": [11, 3], "car_1940": [3, 5], "car_3355": [6, 0], "car_2991": [0, 6], "car_3299": [1, 4], "car_3298": [11, 7], "car_286": [11, 2], "car_287": [1, 5], "car_284": [6, 3], "car_285": [9, 3], "car_282": [3, 7], "car_283": [11, 7], "car_280": [10, 4], "car_281": [6, 0], "car_3353": [10, 1], "car_1949": [7, 5], "car_288": [4, 1], "car_289": [5, 0], "car_3453": [2, 4], "car_1948": [4, 7], "car_2791": [0, 2], "car_3592": [4, 3], "car_3452": [4, 3], "car_3451": [1, 3], "car_3450": [11, 0], "car_1312": [5, 3], "car_1313": [6, 0], "car_1310": [4, 7], "car_1311": [7, 1], "car_1316": [1, 3], "car_1317": [10, 6], "car_1314": [9, 0], "car_1315": [0, 1], "car_1318": [9, 2], "car_1319": [8, 1], "car_2450": [0, 4], "car_2451": [3, 2], "car_2452": [11, 6], "car_372": [3, 7], "car_373": [1, 7], "car_370": [5, 7], "car_371": [9, 3], "car_376": [9, 4], "car_377": [0, 1], "car_374": [10, 2], "car_375": [5, 0], "car_1864": [3, 7], "car_1865": [8, 4], "car_378": [3, 6], "car_379": [8, 3], "car_1860": [7, 3], "car_1861": [2, 7], "car_1862": [9, 4], "car_1863": [0, 6], "car_174": [4, 2], "car_175": [2, 0], "car_176": [6, 5], "car_177": [0, 2], "car_170": [10, 2], "car_171": [5, 3], "car_172": [6, 7], "car_173": [9, 7], "car_2457": [5, 7], "car_178": [3, 5], "car_179": [8, 4], "car_2338": [4, 0], "car_1266": [8, 1], "car_1267": [11, 2], "car_1264": [9, 6], "car_1265": [3, 7], "car_1262": [7, 0], "car_1263": [10, 1], "car_1260": [8, 6], "car_1261": [1, 7], "car_2949": [1, 3], "car_1268": [7, 0], "car_1269": [2, 3], "car_3581": [0, 5], "car_3371": [8, 7], "car_2406": [8, 1], "car_2065": [10, 1], "car_2064": [7, 4], "car_1048": [5, 1], "car_1049": [6, 3], "car_2061": [11, 7], "car_2060": [3, 4], "car_2063": [4, 0], "car_2062": [1, 5], "car_1042": [8, 5], "car_1043": [1, 0], "car_1040": [5, 2], "car_1041": [9, 2], "car_1046": [10, 4], "car_1047": [2, 3], "car_1044": [4, 3], "car_1045": [7, 4], "car_2663": [5, 0], "car_2662": [2, 6], "car_2661": [7, 3], "car_2660": [3, 7], "car_2667": [1, 6], "car_2666": [11, 4], "car_2665": [0, 4], "car_2664": [9, 2], "car_2669": [2, 6], "car_2668": [10, 0], "car_3528": [9, 2], "car_2404": [9, 6], "car_3582": [11, 0], "car_3422": [4, 5], "car_3423": [5, 7], "car_78": [7, 1], "car_79": [2, 5], "car_3426": [3, 4], "car_3427": [8, 0], "car_3424": [9, 5], "car_3425": [0, 5], "car_72": [1, 4], "car_73": [10, 7], "car_70": [8, 5], "car_71": [11, 0], "car_76": [1, 2], "car_77": [4, 1], "car_74": [6, 4], "car_75": [11, 1], "car_992": [5, 3], "car_993": [9, 7], "car_990": [10, 0], "car_991": [2, 0], "car_996": [4, 1], "car_997": [9, 4], "car_994": [3, 4], "car_995": [8, 5], "car_1688": [0, 4], "car_1689": [3, 1], "car_998": [1, 4], "car_999": [4, 0], "car_2409": [6, 5], "car_2408": [2, 7], "car_2797": [9, 6], "car_2796": [5, 3], "car_2795": [2, 7], "car_2794": [10, 3], "car_2793": [4, 7], "car_2792": [1, 4], "car_1448": [1, 5], "car_1449": [4, 0], "car_1446": [6, 7], "car_1447": [8, 1], "car_1444": [2, 1], "car_1445": [5, 7], "car_1442": [7, 5], "car_1443": [10, 4], "car_1440": [8, 5], "car_1441": [11, 5], "car_2883": [11, 0], "car_2882": [0, 7], "car_2881": [9, 0], "car_2798": [0, 4], "car_2887": [2, 3], "car_2886": [10, 6], "car_2885": [4, 6], "car_2884": [1, 2], "car_2889": [9, 7], "car_2888": [5, 2], "car_2401": [7, 6], "car_2986": [5, 2], "car_3336": [7, 3], "car_3337": [6, 7], "car_2539": [6, 1], "car_2538": [5, 3], "car_2249": [6, 4], "car_2248": [2, 3], "car_3330": [5, 7], "car_3331": [6, 2], "car_2245": [6, 0], "car_2244": [5, 4], "car_2247": [4, 3], "car_2246": [9, 2], "car_2241": [0, 1], "car_2240": [9, 0], "car_2243": [7, 5], "car_2242": [4, 5], "car_2089": [5, 1], "car_2088": [10, 0], "car_2083": [10, 5], "car_2082": [7, 6], "car_2081": [8, 1], "car_2080": [0, 1], "car_2087": [7, 1], "car_2086": [4, 3], "car_2085": [3, 7], "car_2084": [5, 6], "car_3180": [5, 1], "car_3183": [0, 1], "car_3239": [7, 4], "car_2984": [7, 1], "car_3208": [5, 2], "car_3209": [6, 4], "car_3202": [9, 3], "car_3203": [11, 5], "car_3200": [10, 3], "car_3186": [1, 5], "car_3206": [11, 1], "car_3207": [10, 4], "car_3204": [7, 5], "car_3205": [6, 0], "car_578": [3, 7], "car_579": [8, 3], "car_2333": [2, 3], "car_2332": [10, 7], "car_2335": [6, 0], "car_2334": [5, 6], "car_2337": [1, 5], "car_553": [4, 0], "car_570": [4, 3], "car_571": [10, 5], "car_572": [5, 2], "car_573": [0, 3], "car_574": [8, 4], "car_806": [1, 7], "car_576": [1, 4], "car_577": [2, 5], "car_807": [4, 6], "car_800": [1, 2], "car_801": [4, 0], "car_802": [7, 2], "car_2192": [6, 2], "car_803": [6, 4], "car_2067": [9, 5], "car_2066": [2, 0], "car_619": [4, 1], "car_618": [8, 5], "car_3377": [10, 4], "car_615": [5, 6], "car_614": [7, 1], "car_617": [0, 5], "car_616": [9, 0], "car_611": [3, 5], "car_610": [9, 0], "car_613": [4, 6], "car_612": [8, 1], "car_2151": [4, 5], "car_3118": [7, 4], "car_3119": [2, 5], "car_3116": [1, 5], "car_3117": [4, 7], "car_3114": [3, 2], "car_3115": [8, 1], "car_3112": [10, 3], "car_3113": [2, 0], "car_3110": [8, 2], "car_3111": [4, 1], "car_2704": [2, 7], "car_2705": [5, 1], "car_2706": [6, 2], "car_2150": [1, 2], "car_2707": [9, 0], "car_2069": [3, 2], "car_2068": [0, 6], "car_2702": [7, 0], "car_2703": [10, 3], "car_769": [8, 2], "car_768": [0, 2], "car_2567": [11, 1], "car_761": [8, 6], "car_760": [3, 1], "car_763": [1, 4], "car_762": [11, 6], "car_765": [7, 2], "car_764": [4, 0], "car_767": [6, 4], "car_766": [10, 0], "car_2216": [5, 2], "car_2217": [0, 4], "car_2330": [8, 0], "car_2214": [3, 5], "car_2215": [2, 4], "car_2212": [6, 4], "car_2213": [0, 4], "car_2210": [10, 7], "car_2211": [5, 2], "car_575": [11, 0], "car_3374": [3, 7], "car_1305": [5, 1], "car_1304": [10, 1], "car_1307": [0, 2], "car_1306": [6, 7], "car_1301": [11, 2], "car_1300": [9, 7], "car_1303": [7, 1], "car_1302": [1, 3], "car_1309": [8, 7], "car_1308": [3, 7], "car_389": [4, 5], "car_388": [8, 4], "car_387": [3, 4], "car_386": [0, 1], "car_385": [9, 3], "car_384": [6, 4], "car_383": [5, 7], "car_382": [2, 3], "car_381": [10, 6], "car_380": [11, 4], "car_141": [7, 6], "car_140": [4, 5], "car_143": [6, 1], "car_142": [5, 4], "car_145": [0, 7], "car_144": [9, 3], "car_147": [10, 7], "car_146": [1, 7], "car_149": [9, 1], "car_148": [2, 0], "car_2407": [10, 7], "car_1279": [11, 4], "car_1278": [3, 7], "car_1271": [9, 7], "car_1270": [5, 6], "car_1273": [7, 6], "car_1272": [3, 1], "car_1275": [5, 4], "car_1274": [10, 2], "car_1277": [0, 2], "car_1276": [9, 1], "car_2326": [10, 6], "car_2847": [11, 5], "car_2327": [2, 5], "car_3491": [6, 5], "car_1059": [11, 3], "car_1058": [8, 1], "car_1055": [6, 2], "car_1054": [10, 5], "car_1057": [3, 7], "car_1056": [0, 7], "car_1051": [11, 6], "car_1050": [3, 6], "car_1053": [7, 5], "car_1052": [1, 7], "car_2656": [4, 2], "car_2657": [10, 2], "car_2654": [0, 3], "car_2655": [1, 6], "car_2652": [7, 5], "car_2653": [2, 1], "car_2650": [8, 6], "car_2651": [11, 3], "car_2415": [3, 2], "car_2658": [2, 7], "car_2659": [0, 7], "car_3490": [7, 3], "car_2416": [4, 1], "car_69": [3, 6], "car_68": [5, 4], "car_2438": [9, 3], "car_2439": [0, 1], "car_3431": [5, 1], "car_3430": [2, 7], "car_3433": [9, 2], "car_3432": [6, 3], "car_61": [6, 2], "car_60": [5, 4], "car_63": [8, 6], "car_62": [3, 2], "car_65": [4, 5], "car_64": [11, 0], "car_67": [2, 5], "car_66": [7, 5], "car_1693": [5, 3], "car_1692": [10, 7], "car_1691": [1, 4], "car_1690": [11, 7], "car_1697": [1, 0], "car_1696": [11, 2], "car_969": [10, 6], "car_968": [7, 1], "car_967": [4, 6], "car_966": [1, 7], "car_965": [11, 1], "car_964": [8, 1], "car_963": [3, 5], "car_962": [9, 0], "car_961": [5, 4], "car_960": [2, 0], "car_1451": [9, 4], "car_1450": [7, 2], "car_1453": [3, 7], "car_1452": [0, 5], "car_1455": [1, 4], "car_1454": [11, 7], "car_1457": [2, 1], "car_1456": [7, 4], "car_1459": [3, 0], "car_1458": [0, 6], "car_3541": [3, 0], "car_2410": [11, 1], "car_2837": [5, 4], "car_3428": [7, 4], "car_3329": [10, 3], "car_3328": [4, 6], "car_3429": [10, 1], "car_3175": [5, 4], "car_3321": [5, 1], "car_3320": [7, 6], "car_3323": [9, 3], "car_3322": [6, 5], "car_3325": [10, 1], "car_3279": [9, 5], "car_3327": [3, 6], "car_3326": [5, 1], "car_3278": [6, 4], "car_2411": [10, 7], "car_3547": [8, 3], "car_2508": [7, 1], "car_2509": [10, 0], "car_2506": [0, 1], "car_2507": [1, 2], "car_2504": [5, 3], "car_2505": [6, 1], "car_2502": [1, 7], "car_2503": [4, 7], "car_2500": [9, 3], "car_2501": [3, 4], "car_2737": [10, 7], "car_1680": [1, 7], "car_1681": [7, 3], "car_3173": [1, 4], "car_1682": [10, 0], "car_1683": [5, 4], "car_3272": [6, 4], "car_1684": [3, 1], "car_2736": [8, 3], "car_1685": [8, 4], "car_1891": [3, 0], "car_3270": [3, 7], "car_1686": [6, 7], "car_1890": [0, 5], "car_1687": [9, 5], "car_1893": [1, 5], "car_545": [3, 1], "car_544": [0, 4], "car_547": [4, 7], "car_546": [11, 2], "car_541": [5, 2], "car_540": [2, 5], "car_543": [9, 3], "car_542": [6, 7], "car_3215": [2, 4], "car_1895": [6, 2], "car_3217": [0, 2], "car_3216": [5, 7], "car_549": [2, 0], "car_548": [7, 1], "car_819": [8, 3], "car_818": [3, 7], "car_2344": [3, 2], "car_2345": [4, 3], "car_2346": [10, 5], "car_2347": [2, 7], "car_2340": [10, 1], "car_1897": [3, 7], "car_2342": [9, 1], "car_2343": [0, 1], "car_2405": [0, 5], "car_1896": [0, 3], "car_2348": [6, 5], "car_2349": [3, 6], "car_33": [9, 1], "car_1767": [3, 7], "car_1766": [9, 0], "car_1765": [5, 0], "car_3498": [8, 0], "car_608": [5, 1], "car_609": [6, 7], "car_2941": [4, 2], "car_602": [8, 5], "car_603": [11, 7], "car_600": [6, 7], "car_601": [3, 1], "car_606": [10, 0], "car_607": [2, 1], "car_604": [4, 3], "car_605": [7, 0], "car_3101": [7, 2], "car_3100": [4, 5], "car_3103": [9, 4], "car_3102": [2, 0], "car_3105": [8, 7], "car_1761": [0, 5], "car_3107": [1, 7], "car_3106": [11, 3], "car_3109": [0, 6], "car_3108": [4, 5], "car_1760": [9, 0], "car_2799": [11, 6], "car_776": [11, 3], "car_777": [1, 4], "car_774": [3, 5], "car_775": [8, 4], "car_772": [7, 6], "car_773": [6, 7], "car_770": [11, 7], "car_771": [4, 1], "car_1768": [8, 6], "car_778": [4, 2], "car_779": [2, 4], "car_2418": [0, 1], "car_2880": [2, 0], "car_1750": [2, 0], "car_2419": [3, 6], "car_3293": [7, 0], "car_3292": [8, 2], "car_3251": [9, 2], "car_1994": [8, 2], "car_1995": [11, 7], "car_1996": [7, 5], "car_1997": [10, 4], "car_1990": [2, 5], "car_1991": [5, 7], "car_1992": [9, 7], "car_1993": [3, 6], "car_1998": [2, 5], "car_1999": [5, 1], "car_2846": [8, 1], "car_3250": [6, 5], "car_1842": [6, 1], "car_1806": [2, 6], "car_1840": [8, 2], "car_1841": [1, 5], "car_398": [4, 6], "car_399": [10, 6], "car_1844": [7, 5], "car_1807": [9, 4], "car_394": [0, 4], "car_395": [8, 1], "car_396": [11, 5], "car_397": [1, 0], "car_390": [7, 4], "car_391": [10, 7], "car_392": [2, 6], "car_393": [5, 1], "car_158": [7, 0], "car_159": [10, 6], "car_156": [11, 0], "car_157": [1, 0], "car_154": [6, 0], "car_155": [3, 2], "car_152": [1, 7], "car_153": [10, 2], "car_150": [3, 5], "car_151": [11, 7], "car_1208": [2, 7], "car_1209": [6, 5], "car_1204": [9, 0], "car_1205": [0, 5], "car_1206": [11, 5], "car_1207": [7, 6], "car_1200": [5, 2], "car_1201": [0, 4], "car_1202": [4, 1], "car_1203": [7, 3], "car_2601": [5, 1], "car_2403": [2, 7], "car_3252": [0, 7], "car_3334": [8, 7], "car_3335": [4, 0], "car_1808": [3, 2], "car_3255": [10, 1], "car_3332": [9, 1], "car_1809": [8, 4], "car_3333": [3, 1], "car_2649": [0, 7], "car_2612": [10, 7], "car_2613": [2, 3], "car_2641": [6, 5], "car_2640": [5, 0], "car_2643": [0, 5], "car_2642": [9, 7], "car_2645": [4, 3], "car_2644": [1, 5], "car_2647": [10, 3], "car_2646": [7, 6], "car_1510": [2, 5], "car_1511": [5, 3], "car_1512": [6, 1], "car_1513": [0, 5], "car_1514": [3, 7], "car_1515": [8, 2], "car_1516": [11, 2], "car_1517": [1, 0], "car_1518": [7, 2], "car_1519": [5, 4], "car_2531": [7, 6], "car_2965": [1, 7], "car_2530": [4, 7], "car_2966": [4, 1], "car_3366": [5, 0], "car_2537": [2, 1], "car_2967": [7, 0], "car_2536": [4, 3], "car_2968": [10, 0], "car_2855": [10, 6], "car_1198": [10, 2], "car_1199": [2, 3], "car_2969": [5, 3], "car_1194": [8, 3], "car_1195": [11, 3], "car_1196": [4, 5], "car_1197": [7, 4], "car_1190": [2, 0], "car_1191": [4, 5], "car_1192": [2, 6], "car_1193": [5, 1], "car_2619": [11, 7], "car_2429": [7, 2], "car_2428": [4, 6], "car_2425": [2, 7], "car_2424": [10, 0], "car_2427": [1, 2], "car_2426": [0, 4], "car_2421": [1, 5], "car_2126": [6, 4], "car_2423": [7, 0], "car_2422": [4, 7], "car_2856": [2, 6], "car_2127": [0, 4], "car_978": [9, 6], "car_979": [0, 3], "car_974": [1, 3], "car_975": [4, 5], "car_976": [7, 3], "car_977": [10, 7], "car_970": [2, 3], "car_971": [9, 6], "car_972": [0, 6], "car_973": [11, 0], "car_1424": [6, 3], "car_1425": [3, 5], "car_1426": [11, 7], "car_1427": [7, 6], "car_1420": [4, 0], "car_1421": [7, 2], "car_1422": [10, 0], "car_1423": [5, 1], "car_2402": [10, 0], "car_1428": [2, 3], "car_1429": [5, 0], "car_2857": [5, 2], "car_3259": [10, 3], "car_3593": [7, 5], "car_3358": [8, 7], "car_3359": [2, 5], "car_3354": [5, 1], "car_2128": [11, 0], "car_3356": [0, 3], "car_3357": [3, 5], "car_3350": [3, 7], "car_3258": [8, 5], "car_3352": [7, 2], "car_2129": [4, 5], "car_2511": [5, 2], "car_2510": [2, 7], "car_2513": [1, 2], "car_2512": [8, 2], "car_2515": [10, 4], "car_2514": [4, 5], "car_2517": [5, 2], "car_2516": [2, 5], "car_2519": [0, 2], "car_2518": [9, 1], "car_3590": [0, 2], "car_3591": [11, 4], "car_3596": [9, 1], "car_3597": [0, 6], "car_3594": [10, 3], "car_3595": [2, 7], "car_1738": [3, 2], "car_1739": [8, 0], "car_1730": [8, 6], "car_1731": [11, 3], "car_1732": [10, 3], "car_1733": [2, 3], "car_1734": [5, 3], "car_1735": [6, 4], "car_1736": [9, 0], "car_1737": [0, 7], "car_54": [5, 4], "car_55": [9, 0], "car_56": [0, 3], "car_57": [3, 5], "car_50": [0, 1], "car_51": [11, 7], "car_52": [1, 2], "car_53": [10, 3], "car_58": [8, 0], "car_59": [11, 3], "car_2609": [3, 0], "car_552": [11, 6], "car_805": [8, 0], "car_550": [6, 1], "car_551": [0, 7], "car_556": [9, 0], "car_557": [0, 5], "car_554": [5, 4], "car_555": [6, 1], "car_558": [8, 1], "car_559": [1, 0], "car_808": [10, 1], "car_809": [8, 6], "car_2357": [2, 6], "car_2356": [4, 7], "car_2355": [1, 2], "car_2354": [11, 0], "car_2353": [8, 1], "car_2352": [9, 2], "car_2351": [10, 1], "car_2350": [8, 6], "car_2359": [9, 1], "car_2358": [6, 2], "car_1757": [7, 1], "car_2339": [7, 6], "car_2469": [11, 5], "car_3174": [4, 7], "car_2915": [7, 4], "car_3176": [6, 1], "car_3177": [3, 5], "car_3170": [6, 1], "car_3171": [0, 7], "car_3172": [11, 1], "car_2914": [4, 0], "car_3178": [1, 5], "car_3179": [4, 3], "car_3369": [0, 6], "car_2468": [8, 4], "car_3437": [7, 3], "car_703": [4, 6], "car_702": [1, 7], "car_701": [8, 3], "car_700": [3, 5], "car_707": [8, 6], "car_706": [0, 1], "car_705": [5, 6], "car_704": [7, 5], "car_709": [1, 6], "car_708": [11, 6], "car_3436": [4, 5], "car_3008": [6, 1], "car_3009": [9, 6], "car_3000": [11, 7], "car_3001": [4, 5], "car_3002": [10, 4], "car_3003": [6, 3], "car_3004": [0, 2], "car_3005": [11, 6], "car_3006": [7, 4], "car_3007": [2, 3], "car_2221": [5, 3], "car_2308": [9, 4], "car_2400": [8, 4], "car_2309": [0, 4], "car_3201": [2, 7], "car_1987": [8, 4], "car_1986": [3, 7], "car_1985": [6, 4], "car_1984": [5, 6], "car_1983": [2, 3], "car_1982": [7, 0], "car_1981": [11, 0], "car_1980": [8, 2], "car_1989": [10, 6], "car_1988": [1, 0], "car_2768": [8, 4], "car_1855": [6, 1], "car_1796": [8, 3], "car_1857": [8, 7], "car_1856": [3, 4], "car_1851": [0, 2], "car_1850": [6, 0], "car_1853": [10, 4], "car_1797": [11, 5], "car_2336": [11, 6], "car_1859": [4, 1], "car_1794": [9, 1], "car_2230": [8, 5], "car_129": [3, 0], "car_128": [0, 5], "car_2231": [11, 4], "car_123": [7, 5], "car_122": [4, 7], "car_121": [1, 2], "car_120": [9, 2], "car_127": [9, 2], "car_126": [5, 0], "car_125": [2, 3], "car_124": [10, 5], "car_1790": [10, 7], "car_1219": [9, 2], "car_1218": [6, 0], "car_1217": [4, 6], "car_1216": [1, 0], "car_1215": [3, 7], "car_1214": [0, 2], "car_1213": [6, 1], "car_1212": [10, 1], "car_1211": [7, 4], "car_1210": [3, 4], "car_1415": [3, 5], "car_1414": [6, 7], "car_1417": [2, 1], "car_1416": [8, 2], "car_1411": [8, 1], "car_1410": [0, 5], "car_237": [6, 1], "car_236": [7, 1], "car_235": [11, 3], "car_234": [3, 0], "car_233": [5, 7], "car_232": [7, 1], "car_231": [4, 1], "car_230": [1, 2], "car_3372": [10, 7], "car_1412": [4, 1], "car_239": [3, 2], "car_238": [9, 1], "car_2988": [11, 5], "car_2989": [10, 3], "car_2638": [1, 5], "car_2639": [10, 0], "car_2634": [6, 3], "car_2635": [9, 6], "car_2636": [0, 4], "car_2637": [11, 2], "car_2630": [3, 7], "car_2631": [11, 4], "car_2632": [1, 2], "car_2633": [7, 0], "car_1503": [11, 1], "car_1502": [8, 3], "car_1501": [0, 7], "car_1500": [6, 2], "car_1507": [11, 6], "car_1506": [6, 4], "car_1505": [5, 6], "car_1504": [1, 4], "car_3373": [2, 5], "car_1509": [10, 6], "car_1508": [1, 2], "car_3439": [2, 6], "car_1189": [10, 6], "car_1188": [7, 5], "car_1187": [4, 5], "car_1186": [11, 4], "car_1185": [3, 2], "car_1184": [6, 7], "car_1183": [7, 2], "car_1182": [1, 2], "car_1181": [8, 3], "car_1180": [0, 1], "car_2182": [2, 5], "car_2183": [6, 1], "car_2180": [7, 6], "car_2181": [10, 1], "car_2186": [10, 1], "car_2187": [2, 1], "car_2184": [4, 3], "car_2185": [7, 0], "car_3438": [10, 6], "car_2188": [4, 5], "car_2189": [7, 3], "car_949": [5, 2], "car_948": [2, 7], "car_2742": [6, 2], "car_2743": [9, 1], "car_2744": [0, 1], "car_2745": [11, 7], "car_2746": [1, 2], "car_2747": [4, 1], "car_941": [1, 6], "car_940": [8, 5], "car_943": [5, 3], "car_942": [4, 0], "car_945": [11, 3], "car_944": [9, 6], "car_947": [4, 0], "car_946": [1, 3], "car_1437": [5, 2], "car_1436": [2, 5], "car_1435": [3, 6], "car_1434": [5, 1], "car_1433": [7, 2], "car_1432": [11, 2], "car_1431": [3, 7], "car_1430": [0, 3], "car_1439": [3, 5], "car_1438": [6, 3], "car_3501": [2, 7], "car_2238": [1, 2], "car_2823": [10, 2], "car_493": [6, 2], "car_492": [5, 2], "car_491": [10, 0], "car_490": [4, 7], "car_497": [5, 6], "car_496": [2, 5], "car_495": [10, 2], "car_494": [3, 2], "car_3347": [8, 4], "car_3346": [3, 5], "car_499": [8, 2], "car_498": [0, 2], "car_3343": [6, 1], "car_3342": [2, 7], "car_3341": [4, 0], "car_3340": [1, 3], "car_2296": [2, 1], "car_2297": [3, 4], "car_2294": [7, 0], "car_2239": [10, 7], "car_2292": [0, 6], "car_2293": [1, 2], "car_2290": [2, 7], "car_2291": [5, 3], "car_3585": [9, 3], "car_1918": [0, 6], "car_3587": [3, 0], "car_3586": [0, 6], "car_2568": [4, 1], "car_2569": [10, 5], "car_2298": [11, 2], "car_1919": [8, 2], "car_1729": [0, 1], "car_1728": [9, 1], "car_1723": [1, 7], "car_1722": [11, 5], "car_1721": [8, 6], "car_1720": [6, 7], "car_1727": [6, 7], "car_1726": [5, 4], "car_1725": [2, 6], "car_1724": [4, 7], "car_43": [2, 1], "car_42": [7, 2], "car_41": [11, 3], "car_40": [8, 7], "car_47": [10, 5], "car_46": [7, 1], "car_45": [9, 2], "car_44": [6, 3], "car_49": [6, 2], "car_48": [2, 3], "car_1916": [6, 0], "car_3365": [7, 2], "car_1917": [9, 0], "car_3364": [1, 6], "car_3375": [8, 5], "car_3367": [6, 0], "car_1858": [1, 4], "car_831": [6, 0], "car_830": [2, 4], "car_833": [11, 7], "car_832": [3, 1], "car_835": [7, 6], "car_834": [1, 3], "car_837": [2, 6], "car_836": [10, 2], "car_839": [3, 7], "car_838": [9, 1], "car_2360": [0, 4], "car_2361": [4, 7], "car_2366": [3, 7], "car_2367": [8, 2], "car_2364": [6, 5], "car_2365": [9, 4], "car_2168": [1, 7], "car_2169": [7, 1], "car_3509": [9, 2], "car_2160": [5, 7], "car_2161": [0, 5], "car_2162": [8, 3], "car_2163": [11, 0], "car_2164": [7, 6], "car_2165": [2, 4], "car_2166": [5, 1], "car_2167": [11, 7], "car_2810": [1, 0], "car_2811": [4, 7], "car_2812": [7, 2], "car_2813": [8, 7], "car_1941": [8, 4], "car_2814": [4, 0], "car_3055": [1, 7], "car_2815": [7, 3], "car_2544": [3, 2], "car_3235": [5, 0], "car_2817": [5, 7], "car_3167": [4, 7], "car_3166": [11, 0], "car_3165": [8, 6], "car_3164": [3, 0], "car_3163": [0, 1], "car_3162": [9, 2], "car_3161": [5, 0], "car_3160": [4, 0], "car_2463": [2, 7], "car_3169": [10, 2], "car_3168": [7, 4], "car_2462": [1, 3], "car_3309": [6, 7], "car_3565": [9, 5], "car_710": [7, 6], "car_711": [5, 2], "car_712": [9, 7], "car_713": [3, 0], "car_714": [8, 1], "car_715": [1, 6], "car_716": [7, 0], "car_717": [5, 6], "car_718": [3, 1], "car_719": [8, 4], "car_1892": [11, 6], "car_3019": [3, 5], "car_3018": [0, 5], "car_3028": [4, 0], "car_3013": [4, 6], "car_3012": [11, 0], "car_3011": [3, 4], "car_3010": [0, 5], "car_3017": [5, 7], "car_3016": [2, 7], "car_3015": [10, 7], "car_2987": [3, 1], "car_3508": [6, 3], "car_3421": [1, 7], "car_1894": [2, 1], "car_2895": [6, 5], "car_3368": [9, 0], "car_138": [8, 1], "car_139": [1, 6], "car_130": [11, 1], "car_131": [1, 3], "car_132": [4, 5], "car_133": [7, 4], "car_134": [10, 0], "car_135": [2, 6], "car_136": [9, 0], "car_137": [3, 7], "car_1222": [11, 2], "car_1223": [1, 4], "car_1220": [3, 2], "car_1221": [8, 5], "car_1226": [2, 3], "car_1227": [9, 2], "car_1224": [7, 6], "car_1225": [10, 0], "car_1886": [11, 0], "car_1887": [1, 0], "car_1228": [3, 0], "car_1229": [8, 6], "car_1882": [6, 7], "car_1883": [9, 1], "car_1880": [7, 3], "car_1881": [5, 7], "car_2621": [7, 3], "car_224": [9, 3], "car_225": [1, 0], "car_226": [4, 6], "car_227": [5, 1], "car_220": [10, 4], "car_221": [2, 7], "car_222": [5, 4], "car_223": [6, 4], "car_228": [6, 3], "car_229": [9, 4], "car_1086": [3, 4], "car_1087": [11, 3], "car_1084": [6, 5], "car_1085": [9, 4], "car_1082": [8, 3], "car_1083": [10, 5], "car_1080": [2, 5], "car_1081": [5, 7], "car_2627": [2, 1], "car_2626": [4, 6], "car_2625": [11, 4], "car_2624": [3, 2], "car_2623": [9, 0], "car_2622": [10, 0], "car_1088": [1, 0], "car_1089": [4, 0], "car_1536": [9, 5], "car_1537": [3, 4], "car_1534": [11, 7], "car_1535": [4, 6], "car_1532": [0, 2], "car_1533": [3, 1], "car_1530": [6, 3], "car_1531": [9, 6], "car_1538": [8, 3], "car_1539": [7, 4], "car_3512": [7, 4], "car_956": [5, 4], "car_957": [6, 5], "car_954": [1, 4], "car_955": [7, 5], "car_952": [3, 7], "car_953": [11, 5], "car_950": [9, 7], "car_951": [0, 3], "car_1827": [11, 0], "car_2199": [10, 6], "car_2198": [0, 3], "car_958": [11, 2], "car_959": [1, 7], "car_1158": [3, 0], "car_1159": [11, 4], "car_1408": [10, 2], "car_1409": [2, 3], "car_2757": [6, 4], "car_2756": [10, 0], "car_2755": [7, 5], "car_1829": [0, 4], "car_1150": [2, 1], "car_1151": [5, 1], "car_1152": [6, 4], "car_1153": [3, 7], "car_1154": [8, 5], "car_1155": [4, 7], "car_1156": [7, 3], "car_1157": [0, 4], "car_2532": [10, 7], "car_2380": [0, 6], "car_3510": [3, 2], "car_2764": [5, 4], "car_2381": [8, 2], "car_2382": [11, 3], "car_2383": [1, 2], "car_1826": [8, 2], "car_3314": [7, 1], "car_3315": [10, 0], "car_480": [3, 5], "car_481": [11, 2], "car_482": [1, 3], "car_483": [7, 4], "car_484": [10, 0], "car_485": [2, 4], "car_486": [6, 0], "car_487": [9, 4], "car_488": [11, 4], "car_489": [1, 5], "car_2283": [7, 2], "car_2282": [4, 6], "car_2285": [2, 3], "car_2284": [10, 7], "car_2287": [8, 4], "car_2286": [6, 0], "car_2577": [2, 5], "car_853": [7, 6], "car_2575": [8, 1], "car_2574": [3, 4], "car_2573": [0, 2], "car_2572": [6, 1], "car_2571": [5, 7], "car_852": [8, 5], "car_3578": [5, 2], "car_3579": [6, 2], "car_851": [0, 5], "car_2579": [3, 5], "car_2578": [9, 1], "car_582": [9, 5], "car_1718": [2, 6], "car_1719": [5, 0], "car_1716": [3, 2], "car_857": [7, 5], "car_1714": [6, 4], "car_1715": [9, 4], "car_1712": [2, 1], "car_1713": [5, 0], "car_1710": [7, 2], "car_856": [1, 7], "car_2982": [1, 6], "car_1828": [7, 0], "car_855": [8, 7], "car_2983": [4, 0], "car_854": [9, 3], "car_2980": [9, 2], "car_2981": [11, 7], "car_2739": [0, 2], "car_2738": [9, 7], "car_3494": [1, 3], "car_2379": [9, 3], "car_2378": [6, 2], "car_828": [7, 3], "car_829": [10, 7], "car_826": [8, 6], "car_827": [4, 7], "car_824": [9, 4], "car_825": [3, 0], "car_822": [10, 7], "car_823": [6, 5], "car_820": [4, 1], "car_821": [7, 4], "car_3484": [10, 3], "car_3485": [2, 4], "car_2179": [4, 6], "car_2178": [1, 4], "car_3480": [3, 2], "car_3481": [11, 3], "car_3482": [1, 2], "car_3483": [7, 2], "car_2173": [1, 2], "car_2172": [8, 6], "car_2171": [6, 3], "car_2170": [2, 4], "car_2177": [11, 5], "car_2176": [5, 2], "car_2175": [2, 0], "car_2174": [4, 6], "car_3238": [4, 5], "car_2535": [11, 0], "car_3349": [4, 5], "car_3218": [8, 6], "car_3158": [8, 3], "car_3159": [6, 3], "car_2534": [6, 7], "car_3499": [1, 0], "car_3152": [11, 0], "car_3153": [1, 0], "car_3150": [3, 7], "car_3151": [8, 4], "car_3156": [6, 3], "car_3157": [0, 1], "car_3154": [7, 1], "car_3155": [2, 3], "car_3398": [5, 2], "car_3399": [3, 7], "car_3390": [4, 0], "car_3391": [2, 4], "car_3392": [9, 7], "car_3393": [0, 7], "car_3394": [3, 7], "car_3395": [8, 2], "car_3396": [7, 3], "car_3397": [2, 3], "car_3389": [1, 2], "car_729": [9, 6], "car_728": [5, 3], "car_725": [0, 4], "car_724": [9, 5], "car_727": [2, 3], "car_726": [3, 1], "car_721": [1, 2], "car_720": [11, 4], "car_723": [5, 7], "car_722": [7, 4], "car_2708": [0, 2], "car_3029": [7, 4], "car_3026": [11, 0], "car_3027": [1, 5], "car_3024": [3, 6], "car_3025": [8, 0], "car_3022": [5, 7], "car_3023": [0, 7], "car_3020": [11, 0], "car_3021": [10, 7], "car_3519": [10, 3], "car_2620": [4, 3], "car_3275": [4, 1], "car_1795": [3, 7], "car_3274": [11, 3], "car_1792": [5, 6], "car_3226": [10, 4], "car_1793": [6, 0], "car_2440": [11, 1], "car_105": [1, 7], "car_104": [0, 4], "car_107": [2, 0], "car_106": [4, 3], "car_101": [4, 7], "car_100": [8, 3], "car_103": [9, 5], "car_102": [2, 3], "car_1888": [4, 3], "car_109": [9, 2], "car_108": [5, 4], "car_1791": [2, 4], "car_1235": [8, 3], "car_1234": [9, 4], "car_1237": [7, 3], "car_1236": [4, 5], "car_1231": [4, 7], "car_1230": [1, 0], "car_1233": [10, 6], "car_1232": [7, 6], "car_1899": [7, 0], "car_1898": [11, 7], "car_1239": [2, 4], "car_1238": [10, 5], "car_3511": [1, 6], "car_3516": [9, 0], "car_3517": [0, 6], "car_3514": [2, 6], "car_3141": [0, 5], "car_3515": [6, 5], "car_211": [8, 6], "car_210": [0, 6], "car_213": [4, 6], "car_212": [11, 1], "car_215": [5, 6], "car_214": [7, 1], "car_217": [8, 0], "car_216": [0, 3], "car_219": [7, 6], "car_218": [11, 7], "car_3518": [1, 5], "car_2676": [5, 3], "car_1529": [5, 7], "car_1528": [2, 5], "car_2610": [11, 6], "car_2611": [4, 5], "car_2616": [1, 0], "car_2617": [0, 3], "car_2614": [3, 6], "car_2615": [11, 2], "car_1521": [0, 7], "car_1520": [6, 0], "car_1523": [8, 7], "car_1522": [3, 2], "car_1525": [1, 0], "car_1524": [11, 1], "car_1527": [10, 6], "car_1526": [4, 1], "car_3227": [2, 0], "car_2849": [7, 6], "car_2700": [0, 3], "car_2848": [4, 5], "car_2740": [7, 5], "car_3222": [8, 3], "car_2741": [10, 0], "car_3223": [11, 7], "car_2313": [7, 1], "car_2701": [3, 5], "car_2312": [1, 2], "car_2311": [8, 2], "car_923": [2, 0], "car_922": [10, 3], "car_921": [7, 6], "car_920": [8, 5], "car_927": [11, 3], "car_926": [8, 5], "car_925": [3, 0], "car_924": [9, 5], "car_2317": [3, 6], "car_929": [4, 1], "car_928": [1, 2], "car_2316": [6, 1], "car_2766": [9, 3], "car_2748": [2, 5], "car_1149": [10, 6], "car_1148": [4, 0], "car_1419": [11, 1], "car_1418": [3, 1], "car_2760": [8, 1], "car_2749": [0, 1], "car_1143": [5, 2], "car_1142": [2, 4], "car_1141": [7, 4], "car_1140": [1, 4], "car_1147": [1, 7], "car_1146": [8, 6], "car_1145": [3, 1], "car_1144": [9, 1], "car_1099": [5, 1], "car_1098": [2, 5], "car_3385": [5, 1], "car_1091": [0, 3], "car_1090": [9, 2], "car_1093": [11, 6], "car_1092": [3, 0], "car_1095": [4, 5], "car_1094": [1, 4], "car_1097": [10, 1], "car_1096": [7, 6], "car_2818": [6, 4], "car_2819": [3, 7], "car_2548": [6, 0], "car_2549": [9, 4], "car_3361": [6, 7], "car_3360": [5, 7], "car_3363": [8, 0], "car_3362": [3, 1], "car_2542": [1, 7], "car_2543": [7, 1], "car_2540": [8, 3], "car_2541": [11, 4], "car_2546": [10, 5], "car_2547": [5, 3], "car_2521": [11, 2], "car_2545": [4, 6], "car_3563": [1, 0], "car_3562": [3, 2], "car_3561": [0, 1], "car_3384": [10, 1], "car_3567": [8, 7], "car_3566": [3, 7], "car_3468": [11, 6], "car_3564": [2, 6], "car_3569": [4, 3], "car_3568": [11, 0], "car_1701": [9, 4], "car_1700": [11, 3], "car_1703": [11, 3], "car_1702": [8, 2], "car_1705": [4, 1], "car_1704": [1, 0], "car_1707": [0, 3], "car_1706": [6, 5], "car_1709": [1, 0], "car_1708": [8, 0], "car_2522": [1, 3], "car_2523": [4, 3], "car_589": [9, 6], "car_588": [5, 7], "car_859": [6, 4], "car_858": [2, 7], "car_2384": [7, 6], "car_2385": [2, 0], "car_1695": [3, 4], "car_2387": [6, 3], "car_581": [5, 6], "car_580": [4, 2], "car_583": [0, 4], "car_850": [2, 7], "car_585": [8, 2], "car_584": [3, 7], "car_587": [2, 3], "car_586": [11, 1], "car_3497": [5, 7], "car_3496": [2, 4], "car_3495": [7, 6], "car_2002": [3, 1], "car_3493": [3, 0], "car_3492": [0, 2], "car_2148": [9, 1], "car_2149": [8, 1], "car_2146": [5, 7], "car_2147": [6, 7], "car_2144": [10, 5], "car_2145": [2, 5], "car_2142": [1, 4], "car_2143": [4, 1], "car_2140": [8, 1], "car_2141": [11, 7], "car_3529": [8, 2], "car_2985": [2, 4], "car_3149": [0, 2], "car_3148": [9, 4], "car_3145": [10, 6], "car_3144": [7, 3], "car_3147": [6, 3], "car_3146": [5, 3], "car_2779": [0, 5], "car_3140": [5, 7], "car_3143": [4, 5], "car_3142": [8, 2], "car_457": [0, 5], "car_456": [2, 1], "car_455": [11, 6], "car_454": [3, 4], "car_453": [0, 3], "car_452": [9, 6], "car_451": [2, 7], "car_450": [7, 3], "car_3383": [7, 0], "car_3382": [1, 5], "car_3381": [8, 3], "car_1878": [0, 6], "car_3387": [8, 1], "car_3386": [6, 2], "car_459": [3, 5], "car_458": [2, 6], "car_1877": [5, 3], "car_1876": [2, 1], "car_2778": [6, 2], "car_2993": [8, 0], "car_1875": [10, 5], "car_1874": [4, 3], "car_1873": [1, 5], "car_1872": [11, 7], "car_738": [2, 4], "car_739": [5, 6], "car_1871": [6, 3], "car_733": [1, 7], "car_732": [11, 3], "car_32": [10, 6], "car_730": [0, 6], "car_731": [8, 2], "car_736": [8, 2], "car_737": [10, 7], "car_734": [4, 2], "car_735": [10, 6], "car_3031": [6, 2], "car_1976": [6, 1], "car_3033": [3, 6], "car_3032": [9, 2], "car_3035": [7, 4], "car_3034": [8, 7], "car_3037": [1, 3], "car_1977": [9, 3], "car_3039": [10, 3], "car_3038": [4, 0], "car_3348": [11, 4], "car_1698": [10, 2], "car_3345": [0, 7], "car_3344": [9, 1], "car_3030": [2, 0], "car_38": [6, 2], "car_39": [0, 3], "car_2564": [9, 3], "car_2565": [0, 6], "car_3036": [10, 3], "car_2566": [3, 6], "car_2295": [10, 4], "car_1978": [0, 5], "car_2560": [4, 2], "car_1979": [3, 4], "car_3523": [1, 2], "car_2561": [10, 3], "car_2562": [2, 4], "car_2563": [5, 7], "car_2443": [0, 4], "car_2442": [5, 4], "car_3522": [8, 5], "car_3351": [11, 4], "car_2441": [10, 6], "car_112": [7, 6], "car_113": [2, 6], "car_110": [3, 1], "car_111": [4, 7], "car_116": [11, 0], "car_117": [1, 4], "car_114": [5, 4], "car_115": [9, 1], "car_2447": [7, 2], "car_118": [2, 0], "car_119": [5, 3], "car_2446": [4, 7], "car_2445": [1, 6], "car_3521": [6, 1], "car_2299": [10, 5], "car_2533": [2, 1], "car_2453": [1, 4], "car_3408": [5, 4], "car_2454": [4, 7], "car_3409": [6, 3], "car_1950": [10, 0], "car_1951": [2, 0], "car_1952": [5, 6], "car_1953": [9, 7], "car_1954": [8, 7], "car_1955": [11, 4], "car_208": [10, 6], "car_209": [6, 3], "car_206": [8, 5], "car_207": [4, 3], "car_204": [0, 6], "car_205": [3, 4], "car_202": [5, 0], "car_203": [9, 0], "car_200": [1, 3], "car_201": [4, 5], "car_2605": [7, 4], "car_2604": [1, 0], "car_2607": [2, 1], "car_2606": [10, 5], "car_1558": [6, 7], "car_1559": [3, 1], "car_2603": [11, 0], "car_2602": [6, 7], "car_1554": [1, 7], "car_1555": [7, 3], "car_1556": [10, 5], "car_1557": [5, 1], "car_1550": [9, 7], "car_1551": [0, 2], "car_1552": [3, 5], "car_1553": [8, 5], "car_1398": [4, 5], "car_1399": [7, 2], "car_1392": [10, 7], "car_1393": [2, 7], "car_1390": [4, 3], "car_1391": [7, 0], "car_1396": [0, 2], "car_1397": [11, 5], "car_1394": [5, 7], "car_1395": [9, 0], "car_2598": [9, 1], "car_3544": [6, 5], "car_3404": [2, 6], "car_930": [7, 5], "car_931": [6, 2], "car_932": [0, 1], "car_933": [4, 5], "car_934": [7, 1], "car_935": [10, 4], "car_936": [2, 6], "car_937": [9, 3], "car_938": [0, 6], "car_939": [3, 1], "car_2773": [1, 6], "car_2772": [3, 2], "car_2775": [7, 2], "car_2774": [4, 2], "car_2777": [2, 7], "car_2776": [10, 4], "car_6": [0, 2], "car_7": [11, 7], "car_4": [5, 6], "car_5": [6, 7], "car_2": [7, 0], "car_3": [2, 5], "car_1178": [6, 0], "car_1": [11, 5], "car_1176": [4, 3], "car_1177": [5, 4], "car_1174": [3, 2], "car_1175": [1, 0], "car_1172": [2, 5], "car_1173": [5, 7], "car_8": [1, 6], "car_9": [4, 2], "car_3513": [10, 3], "car_2809": [8, 1], "car_2808": [3, 0], "car_2559": [7, 3], "car_2558": [1, 0], "car_2555": [6, 1], "car_2554": [5, 2], "car_2557": [11, 3], "car_2556": [0, 6], "car_2551": [11, 2], "car_2550": [3, 4], "car_2553": [4, 6], "car_2552": [1, 4], "car_3556": [1, 4], "car_3557": [4, 2], "car_3554": [8, 7], "car_3555": [11, 6], "car_3552": [5, 6], "car_3553": [9, 6], "car_3550": [4, 6], "car_3551": [7, 0], "car_3558": [7, 1], "car_3559": [2, 3], "car_1774": [3, 2], "car_1775": [8, 7], "car_1776": [11, 1], "car_1777": [4, 7], "car_1770": [7, 3], "car_1771": [5, 6], "car_1772": [9, 6], "car_1773": [0, 7], "car_1778": [5, 0], "car_1779": [3, 2], "car_98": [6, 4], "car_99": [3, 0], "car_90": [7, 4], "car_91": [2, 3], "car_92": [5, 1], "car_93": [0, 6], "car_94": [8, 0], "car_95": [1, 2], "car_96": [7, 2], "car_97": [2, 7], "car_596": [11, 0], "car_597": [1, 2], "car_594": [6, 5], "car_595": [8, 5], "car_592": [2, 7], "car_593": [5, 4], "car_590": [1, 6], "car_591": [10, 1], "car_3500": [4, 1], "car_598": [4, 7], "car_599": [7, 0], "car_848": [1, 0], "car_849": [10, 4], "car_2391": [6, 0], "car_2390": [10, 1], "car_2397": [9, 0], "car_2396": [10, 6], "car_2395": [7, 4], "car_2394": [3, 5], "car_840": [8, 6], "car_841": [1, 2], "car_842": [4, 0], "car_843": [10, 3], "car_844": [2, 5], "car_845": [5, 3], "car_846": [6, 5], "car_847": [11, 5], "car_1608": [11, 1], "car_1609": [7, 2], "car_2153": [5, 1], "car_2152": [2, 4], "car_2155": [0, 3], "car_2154": [6, 0], "car_2157": [4, 6], "car_2156": [8, 4], "car_1600": [9, 0], "car_1601": [3, 5], "car_1602": [11, 3], "car_1603": [1, 2], "car_1604": [7, 4], "car_1605": [2, 6], "car_1606": [6, 0], "car_1607": [0, 3], "car_2369": [1, 5], "car_3538": [4, 2], "car_2362": [7, 4], "car_2363": [2, 4], "car_3604": [6, 5], "car_3605": [9, 6], "car_3602": [2, 7], "car_3603": [5, 4], "car_3600": [1, 5], "car_3601": [4, 5], "car_444": [5, 1], "car_445": [0, 2], "car_446": [3, 2], "car_447": [8, 2], "car_440": [4, 6], "car_441": [7, 0], "car_442": [10, 7], "car_443": [2, 0], "car_448": [11, 0], "car_449": [4, 3], "car_2717": [7, 5], "car_2716": [4, 5], "car_3210": [9, 5], "car_2715": [1, 7], "car_2201": [6, 1], "car_2714": [9, 0], "car_2200": [2, 6], "car_2713": [5, 1], "car_2712": [10, 5], "car_2711": [7, 2], "car_2710": [4, 3], "car_3405": [6, 0], "car_3044": [5, 0], "car_3045": [6, 7], "car_3046": [3, 2], "car_3047": [8, 0], "car_3040": [2, 7], "car_3041": [11, 1], "car_3042": [4, 5], "car_3043": [10, 2], "car_3048": [1, 0], "car_3049": [4, 6], "car_2209": [7, 4], "car_3534": [9, 4], "car_2208": [1, 0], "car_3599": [11, 3], "car_3535": [0, 5], "car_2324": [9, 0], "car_695": [1, 2], "car_694": [3, 6], "car_697": [2, 6], "car_696": [4, 3], "car_691": [7, 3], "car_690": [4, 0], "car_693": [0, 4], "car_692": [9, 0], "car_699": [6, 7], "car_698": [5, 6], "car_3479": [0, 3], "car_3478": [5, 0], "car_2399": [3, 0], "car_3571": [2, 3], "car_1943": [1, 4], "car_1942": [11, 1], "car_279": [1, 3], "car_278": [9, 6], "car_1947": [11, 6], "car_1946": [3, 2], "car_1945": [6, 0], "car_1944": [2, 0], "car_273": [8, 0], "car_272": [3, 4], "car_271": [0, 5], "car_270": [9, 3], "car_277": [5, 1], "car_276": [2, 7], "car_275": [7, 6], "car_274": [1, 0], "car_2946": [3, 4], "car_1925": [8, 3], "car_2944": [2, 6], "car_2945": [5, 3], "car_2942": [7, 2], "car_2943": [10, 6], "car_1549": [6, 5], "car_1548": [10, 3], "car_1547": [7, 6], "car_1546": [4, 1], "car_1545": [11, 0], "car_1544": [8, 7], "car_1543": [3, 4], "car_1542": [6, 1], "car_1541": [5, 2], "car_1540": [10, 4], "car_1389": [0, 2], "car_1388": [6, 5], "car_1385": [10, 7], "car_1384": [1, 3], "car_1387": [5, 1], "car_1386": [2, 3], "car_1381": [2, 6], "car_1380": [10, 6], "car_1383": [9, 4], "car_1382": [6, 2], "car_307": [9, 6], "car_306": [6, 3], "car_305": [5, 4], "car_304": [10, 4], "car_303": [4, 5], "car_302": [1, 5], "car_301": [11, 7], "car_300": [3, 2], "car_804": [0, 4], "car_309": [8, 0], "car_308": [0, 4], "car_3435": [3, 4], "car_909": [1, 2], "car_908": [8, 5], "car_3434": [0, 7], "car_905": [2, 6], "car_904": [10, 6], "car_907": [3, 5], "car_906": [0, 4], "car_901": [3, 6], "car_900": [0, 6], "car_903": [11, 7], "car_902": [8, 7], "car_1161": [6, 4], "car_1160": [10, 1], "car_1163": [3, 7], "car_1162": [0, 2], "car_1165": [1, 7], "car_1164": [11, 0], "car_1167": [6, 1], "car_1166": [4, 7], "car_1169": [8, 2], "car_1168": [0, 6], "car_3539": [5, 7], "car_2432": [0, 4], "car_2433": [8, 3], "car_2430": [10, 0], "car_3549": [1, 0], "car_3548": [11, 3], "car_2322": [2, 1], "car_2431": [9, 4], "car_2838": [9, 1], "car_2839": [0, 3], "car_2836": [2, 7], "car_2436": [5, 1], "car_2834": [1, 7], "car_2835": [10, 1], "car_2832": [3, 2], "car_2833": [11, 7], "car_2830": [6, 1], "car_2437": [6, 2], "car_2010": [7, 5], "car_2011": [2, 1], "car_2012": [5, 2], "car_2013": [9, 0], "car_2014": [3, 6], "car_2015": [8, 7], "car_2016": [7, 3], "car_2017": [2, 5], "car_2018": [3, 0], "car_2019": [8, 2], "car_2435": [2, 3], "car_87": [8, 3], "car_86": [2, 0], "car_85": [10, 0], "car_84": [7, 6], "car_83": [4, 2], "car_82": [8, 3], "car_81": [3, 0], "car_80": [9, 1], "car_3249": [2, 7], "car_2001": [0, 6], "car_89": [4, 3], "car_88": [1, 3], "car_2000": [9, 3], "car_2498": [10, 2], "car_2499": [2, 6], "car_2494": [11, 2], "car_2495": [1, 7], "car_2496": [4, 6], "car_2497": [7, 4], "car_2490": [1, 0], "car_2491": [10, 3], "car_2492": [3, 5], "car_2493": [8, 4], "car_875": [5, 2], "car_874": [10, 7], "car_877": [0, 6], "car_876": [6, 7], "car_871": [4, 7], "car_870": [8, 0], "car_873": [0, 3], "car_872": [7, 3], "car_3228": [5, 7], "car_3242": [5, 0], "car_1694": [9, 4], "car_879": [8, 4], "car_878": [3, 1], "car_3243": [6, 0], "car_1752": [11, 6], "car_1753": [4, 0], "car_1699": [6, 7], "car_2124": [11, 1], "car_2125": [2, 7], "car_1619": [0, 3], "car_1618": [6, 2], "car_2120": [7, 6], "car_2121": [2, 4], "car_2122": [5, 6], "car_2123": [3, 4], "car_1613": [3, 6], "car_1612": [9, 6], "car_1611": [5, 3], "car_1610": [2, 5], "car_1617": [5, 3], "car_1616": [10, 4], "car_1615": [7, 6], "car_1614": [11, 6], "car_1754": [0, 5], "car_1755": [3, 1], "car_2767": [0, 4], "car_2323": [6, 0], "car_471": [10, 7], "car_470": [7, 1], "car_473": [5, 2], "car_472": [2, 7], "car_475": [3, 5], "car_474": [9, 0], "car_477": [7, 3], "car_476": [1, 0], "car_479": [9, 6], "car_478": [5, 7], "car_2232": [4, 2], "car_2233": [7, 2], "car_2234": [10, 5], "car_2235": [2, 6], "car_2236": [5, 1], "car_2237": [0, 3], "car_2769": [1, 6], "car_2765": [6, 4], "car_2038": [9, 1], "car_2709": [11, 1], "car_3229": [6, 2], "car_3057": [2, 7], "car_3056": [10, 3], "car_2762": [7, 2], "car_3054": [3, 2], "car_3053": [0, 2], "car_3052": [9, 7], "car_3051": [5, 0], "car_3050": [2, 6], "car_3059": [9, 3], "car_3058": [5, 7], "car_3303": [0, 6], "car_2039": [3, 2], "car_2763": [10, 6], "car_1819": [11, 0], "car_1818": [8, 2], "car_2386": [5, 3], "car_682": [10, 1], "car_683": [2, 5], "car_680": [6, 7], "car_681": [1, 7], "car_686": [3, 0], "car_687": [8, 6], "car_684": [9, 3], "car_685": [0, 1], "car_688": [11, 2], "car_689": [1, 7], "car_2481": [8, 4], "car_2761": [1, 2], "car_3540": [0, 3], "car_3282": [1, 5], "car_3283": [5, 2], "car_1815": [7, 4], "car_3280": [3, 6], "car_1814": [11, 7], "car_3281": [11, 1], "car_3286": [0, 4], "car_3543": [5, 6], "car_2388": [9, 7], "car_3287": [8, 0], "car_3284": [6, 2], "car_3285": [9, 0], "car_3542": [8, 6], "car_2389": [0, 3], "car_3288": [11, 2], "car_3289": [1, 7], "car_1670": [2, 6], "car_1956": [4, 3], "car_3302": [6, 7], "car_1957": [10, 1], "car_3324": [3, 7], "car_1958": [1, 3], "car_1959": [7, 6], "car_3545": [9, 7], "car_2003": [8, 5], "car_268": [5, 6], "car_269": [6, 4], "car_1974": [2, 0], "car_1975": [5, 7], "car_1972": [7, 4], "car_1973": [10, 2], "car_1970": [8, 1], "car_1971": [1, 6], "car_260": [0, 6], "car_261": [3, 1], "car_262": [8, 2], "car_263": [11, 0], "car_264": [2, 1], "car_265": [5, 1], "car_266": [3, 6], "car_267": [7, 0], "car_1572": [2, 5], "car_1573": [5, 7], "car_1570": [8, 1], "car_1571": [4, 6], "car_1576": [5, 4], "car_1577": [6, 0], "car_1574": [8, 6], "car_1575": [1, 6], "car_1578": [3, 5], "car_1579": [8, 2], "car_2971": [0, 3], "car_1370": [10, 4], "car_1371": [9, 1], "car_1372": [0, 5], "car_1373": [3, 2], "car_1374": [8, 1], "car_1375": [1, 3], "car_1376": [4, 0], "car_1377": [2, 3], "car_1378": [5, 6], "car_1379": [11, 4], "car_3014": [7, 0], "car_3254": [4, 1], "car_2600": [4, 1], "car_2975": [5, 0], "car_2974": [2, 6], "car_314": [9, 4], "car_315": [8, 2], "car_316": [10, 0], "car_317": [5, 4], "car_310": [1, 6], "car_311": [4, 5], "car_312": [2, 4], "car_313": [5, 2], "car_318": [0, 4], "car_319": [3, 0], "car_918": [0, 1], "car_919": [3, 2], "car_2719": [5, 4], "car_2718": [2, 0], "car_912": [8, 6], "car_913": [1, 4], "car_910": [7, 6], "car_911": [0, 5], "car_916": [5, 7], "car_917": [6, 0], "car_914": [7, 2], "car_915": [2, 5], "car_1114": [5, 4], "car_1115": [0, 7], "car_1116": [8, 3], "car_1117": [1, 2], "car_1110": [11, 1], "car_1111": [4, 5], "car_1112": [7, 2], "car_1113": [2, 1], "car_1118": [7, 4], "car_1119": [10, 5], "car_1284": [9, 4], "car_1285": [8, 1], "car_1286": [11, 4], "car_1287": [1, 4], "car_1280": [1, 7], "car_1281": [4, 3], "car_1282": [2, 3], "car_1283": [5, 6], "car_3458": [10, 6], "car_2130": [10, 3], "car_1288": [4, 7], "car_1289": [10, 4], "car_2959": [0, 1], "car_2958": [9, 7], "car_2951": [5, 4], "car_2950": [10, 0], "car_2953": [8, 1], "car_2952": [3, 1], "car_2955": [4, 3], "car_2954": [1, 4], "car_2957": [2, 3], "car_2956": [10, 0], "car_2821": [11, 1], "car_2820": [8, 6], "car_1744": [5, 6], "car_2822": [1, 6], "car_2825": [5, 6], "car_2824": [2, 3], "car_2827": [11, 4], "car_2826": [6, 7], "car_2829": [5, 3], "car_2828": [4, 2], "car_3536": [8, 1], "car_3537": [11, 4], "car_3530": [11, 5], "car_3531": [4, 7], "car_3532": [2, 5], "car_3533": [6, 1], "car_1028": [4, 5], "car_1029": [7, 3], "car_1758": [2, 5], "car_1759": [5, 3], "car_2007": [9, 6], "car_2006": [10, 7], "car_2005": [7, 2], "car_2004": [11, 3], "car_1020": [1, 7], "car_1021": [4, 3], "car_1022": [10, 2], "car_1023": [2, 1], "car_1024": [3, 7], "car_1025": [8, 1], "car_1026": [11, 0], "car_1027": [1, 4], "car_1598": [2, 0], "car_1599": [6, 7], "car_1590": [1, 3], "car_1591": [7, 3], "car_1592": [2, 3], "car_1593": [9, 7], "car_1594": [0, 4], "car_1595": [8, 2], "car_1596": [11, 6], "car_1597": [7, 2], "car_2489": [8, 2], "car_2488": [3, 2], "car_2487": [9, 2], "car_2486": [6, 7], "car_2485": [5, 3], "car_2484": [7, 2], "car_2483": [4, 5], "car_2482": [1, 6], "car_1746": [3, 1], "car_2480": [3, 7], "car_862": [10, 3], "car_863": [2, 3], "car_860": [0, 7], "car_861": [11, 6], "car_866": [8, 0], "car_867": [1, 0], "car_864": [6, 1], "car_865": [0, 6], "car_868": [10, 5], "car_869": [3, 6], "car_3440": [6, 7], "car_3441": [0, 3], "car_3442": [11, 3], "car_3443": [1, 2], "car_3444": [4, 0], "car_3445": [7, 3], "car_3446": [2, 1], "car_3447": [6, 0], "car_3448": [0, 7], "car_3449": [8, 7], "car_1741": [1, 6], "car_2137": [9, 0], "car_2136": [10, 6], "car_2135": [4, 2], "car_2134": [3, 6], "car_2133": [9, 1], "car_2132": [5, 1], "car_1628": [5, 1], "car_1629": [6, 7], "car_1626": [7, 6], "car_1627": [10, 2], "car_1624": [11, 5], "car_1625": [1, 3], "car_1622": [1, 5], "car_1623": [6, 3], "car_1620": [8, 6], "car_1621": [11, 1], "car_1740": [11, 1]}