{"car_2009": [7, 2], "car_468": [2, 5], "car_469": [1, 6], "car_466": [8, 0], "car_467": [11, 6], "car_464": [5, 3], "car_465": [6, 7], "car_462": [7, 4], "car_463": [2, 6], "car_460": [1, 6], "car_461": [4, 7], "car_817": [10, 5], "car_816": [0, 4], "car_815": [2, 1], "car_814": [10, 3], "car_813": [1, 5], "car_812": [6, 0], "car_2072": [3, 0], "car_811": [2, 4], "car_2073": [8, 7], "car_810": [9, 6], "car_679": [0, 5], "car_678": [6, 0], "car_677": [7, 6], "car_676": [8, 2], "car_675": [0, 2], "car_674": [4, 5], "car_673": [1, 6], "car_672": [8, 4], "car_671": [3, 0], "car_670": [10, 5], "car_2078": [7, 2], "car_2079": [6, 1], "car_789": [2, 4], "car_788": [9, 4], "car_783": [9, 7], "car_782": [6, 1], "car_781": [7, 0], "car_780": [3, 2], "car_787": [2, 0], "car_786": [10, 6], "car_785": [7, 3], "car_784": [1, 3], "car_0": [2, 1], "car_1179": [11, 2], "car_255": [4, 1], "car_254": [11, 7], "car_257": [6, 2], "car_256": [5, 1], "car_251": [5, 2], "car_250": [2, 6], "car_253": [0, 7], "car_252": [9, 6], "car_1961": [8, 3], "car_1960": [0, 5], "car_1963": [1, 5], "car_1962": [11, 7], "car_259": [8, 4], "car_258": [0, 5], "car_1967": [7, 3], "car_1966": [3, 7], "car_1170": [4, 3], "car_1171": [0, 3], "car_1565": [10, 3], "car_1564": [11, 2], "car_1567": [8, 7], "car_1566": [5, 1], "car_1561": [5, 4], "car_1560": [2, 7], "car_1563": [9, 3], "car_1562": [6, 1], "car_1569": [5, 7], "car_1568": [2, 4], "car_1413": [1, 7], "car_1363": [0, 1], "car_1362": [6, 1], "car_1361": [5, 4], "car_1360": [7, 5], "car_1367": [4, 0], "car_1366": [1, 0], "car_1365": [0, 3], "car_1364": [4, 6], "car_1369": [11, 1], "car_1368": [8, 7], "car_321": [5, 4], "car_320": [10, 1], "car_323": [1, 7], "car_322": [11, 2], "car_325": [4, 7], "car_324": [2, 1], "car_327": [6, 2], "car_326": [5, 1], "car_329": [7, 4], "car_328": [1, 4], "car_1107": [11, 3], "car_1106": [2, 3], "car_1105": [10, 3], "car_1104": [7, 0], "car_1103": [4, 6], "car_1102": [11, 2], "car_1101": [8, 7], "car_1100": [3, 6], "car_1109": [10, 5], "car_1108": [4, 5], "car_1297": [8, 5], "car_1296": [0, 7], "car_1295": [11, 1], "car_1294": [0, 1], "car_1293": [9, 3], "car_1292": [2, 6], "car_1291": [0, 3], "car_1290": [9, 3], "car_1299": [2, 0], "car_1298": [1, 5], "car_2036": [3, 7], "car_2037": [8, 2], "car_1039": [5, 6], "car_1038": [7, 2], "car_1749": [0, 3], "car_1748": [7, 0], "car_2030": [3, 1], "car_2031": [8, 1], "car_1033": [7, 6], "car_1032": [4, 5], "car_1031": [3, 6], "car_1030": [9, 4], "car_1037": [8, 5], "car_1036": [7, 5], "car_1035": [3, 1], "car_1034": [9, 4], "car_1589": [2, 5], "car_1588": [10, 4], "car_1583": [8, 3], "car_1582": [9, 1], "car_1581": [6, 0], "car_1580": [8, 2], "car_1587": [7, 4], "car_1586": [1, 6], "car_1585": [9, 0], "car_1584": [6, 2], "car_1852": [8, 2], "car_1906": [3, 7], "car_899": [6, 3], "car_898": [5, 7], "car_897": [8, 0], "car_896": [0, 3], "car_895": [9, 3], "car_894": [6, 1], "car_893": [5, 3], "car_892": [1, 7], "car_891": [8, 1], "car_890": [0, 2], "car_2108": [2, 7], "car_2109": [5, 3], "car_2102": [1, 6], "car_2103": [4, 0], "car_2100": [9, 4], "car_2101": [3, 0], "car_2106": [9, 6], "car_2107": [0, 7], "car_2104": [10, 1], "car_2105": [5, 3], "car_1631": [6, 3], "car_1630": [5, 4], "car_1633": [3, 1], "car_1632": [9, 2], "car_1635": [7, 2], "car_1634": [8, 0], "car_1637": [9, 4], "car_1636": [10, 3], "car_1639": [9, 5], "car_1638": [5, 2], "car_1751": [7, 2], "car_1756": [7, 2], "car_419": [6, 0], "car_418": [5, 7], "car_413": [1, 5], "car_412": [11, 0], "car_411": [9, 4], "car_410": [4, 0], "car_417": [10, 0], "car_416": [2, 7], "car_415": [10, 1], "car_414": [7, 6], "car_1679": [0, 5], "car_1678": [10, 1], "car_527": [0, 2], "car_526": [9, 1], "car_525": [6, 5], "car_524": [10, 5], "car_523": [1, 4], "car_522": [6, 1], "car_521": [5, 0], "car_520": [2, 7], "car_1671": [8, 0], "car_1889": [0, 5], "car_529": [1, 4], "car_528": [11, 3], "car_1884": [4, 2], "car_1885": [7, 1], "car_668": [4, 6], "car_669": [7, 2], "car_664": [5, 6], "car_665": [9, 7], "car_666": [0, 7], "car_667": [11, 6], "car_660": [2, 7], "car_661": [4, 6], "car_662": [5, 6], "car_663": [6, 2], "car_1854": [0, 2], "car_798": [4, 2], "car_799": [7, 3], "car_790": [5, 4], "car_791": [6, 2], "car_792": [7, 5], "car_793": [10, 3], "car_794": [2, 3], "car_795": [9, 1], "car_796": [0, 5], "car_797": [11, 5], "car_242": [10, 1], "car_243": [5, 3], "car_240": [4, 6], "car_241": [7, 5], "car_246": [0, 7], "car_247": [3, 7], "car_244": [9, 6], "car_245": [6, 3], "car_1914": [0, 2], "car_1915": [5, 3], "car_248": [8, 7], "car_249": [10, 7], "car_1910": [7, 5], "car_1911": [9, 5], "car_1912": [7, 2], "car_1913": [10, 4], "car_1356": [7, 3], "car_1357": [0, 5], "car_1354": [8, 6], "car_1355": [4, 2], "car_1352": [9, 3], "car_1353": [0, 5], "car_1350": [6, 0], "car_1351": [4, 6], "car_1358": [8, 6], "car_1359": [1, 7], "car_1831": [11, 3], "car_1820": [1, 5], "car_1821": [6, 1], "car_1822": [3, 1], "car_1823": [8, 5], "car_1824": [11, 1], "car_1825": [10, 6], "car_338": [2, 5], "car_339": [9, 1], "car_336": [8, 2], "car_337": [4, 5], "car_334": [10, 6], "car_335": [5, 1], "car_332": [8, 3], "car_333": [11, 6], "car_330": [5, 6], "car_331": [9, 4], "car_1138": [8, 4], "car_1139": [11, 0], "car_1132": [7, 0], "car_1133": [8, 2], "car_1130": [8, 2], "car_1131": [4, 5], "car_1136": [10, 6], "car_1137": [5, 4], "car_1134": [1, 7], "car_1135": [4, 5], "car_1839": [3, 1], "car_1838": [6, 4], "car_2029": [0, 7], "car_2028": [2, 5], "car_2021": [5, 7], "car_2020": [4, 0], "car_2023": [1, 7], "car_2022": [6, 1], "car_2025": [2, 4], "car_2024": [10, 0], "car_2027": [10, 4], "car_2026": [7, 1], "car_1008": [7, 5], "car_1009": [10, 1], "car_1006": [8, 1], "car_1007": [11, 4], "car_1004": [2, 0], "car_1005": [9, 6], "car_1002": [1, 7], "car_1003": [10, 4], "car_1000": [3, 4], "car_1001": [11, 2], "car_1924": [6, 4], "car_36": [8, 3], "car_37": [10, 0], "car_34": [5, 7], "car_35": [9, 5], "car_888": [6, 0], "car_889": [9, 4], "car_30": [7, 3], "car_31": [6, 4], "car_884": [6, 1], "car_885": [3, 5], "car_886": [8, 1], "car_887": [4, 7], "car_880": [2, 5], "car_881": [5, 2], "car_882": [8, 6], "car_883": [1, 4], "car_2119": [5, 6], "car_2118": [10, 1], "car_2115": [11, 1], "car_2114": [9, 0], "car_2117": [11, 2], "car_2116": [5, 7], "car_2111": [1, 5], "car_2110": [3, 5], "car_2113": [6, 4], "car_2112": [10, 7], "car_1644": [5, 3], "car_1645": [9, 0], "car_1646": [0, 5], "car_1647": [1, 0], "car_1640": [1, 2], "car_1641": [2, 4], "car_1642": [4, 3], "car_1643": [7, 0], "car_1648": [10, 2], "car_1649": [2, 6], "car_2159": [4, 7], "car_2158": [8, 4], "car_408": [6, 7], "car_409": [0, 2], "car_400": [7, 1], "car_401": [9, 3], "car_402": [7, 1], "car_403": [10, 6], "car_404": [5, 6], "car_405": [8, 4], "car_406": [1, 2], "car_407": [7, 1], "car_1769": [6, 3], "car_534": [11, 7], "car_535": [9, 7], "car_536": [4, 5], "car_537": [6, 3], "car_530": [4, 3], "car_531": [10, 6], "car_532": [5, 3], "car_533": [0, 7], "car_538": [8, 0], "car_539": [1, 7], "car_659": [4, 5], "car_658": [1, 2], "car_651": [7, 0], "car_650": [1, 6], "car_653": [6, 2], "car_652": [2, 6], "car_655": [6, 0], "car_654": [7, 3], "car_657": [11, 3], "car_656": [9, 6], "car_1929": [8, 7], "car_1764": [4, 1], "car_2191": [6, 3], "car_1928": [5, 6], "car_2190": [5, 2], "car_1909": [6, 5], "car_1908": [10, 2], "car_1907": [11, 3], "car_1763": [8, 6], "car_1905": [5, 7], "car_1904": [10, 3], "car_1903": [1, 4], "car_1902": [11, 7], "car_1901": [6, 2], "car_1900": [5, 6], "car_1349": [2, 5], "car_1348": [3, 1], "car_1762": [2, 4], "car_1341": [11, 2], "car_1340": [2, 7], "car_1343": [8, 0], "car_1342": [6, 3], "car_1345": [7, 0], "car_1344": [11, 4], "car_1347": [5, 1], "car_1346": [2, 0], "car_1833": [10, 4], "car_1832": [1, 3], "car_349": [7, 0], "car_348": [4, 1], "car_1837": [10, 0], "car_1836": [7, 3], "car_1835": [0, 7], "car_1834": [6, 4], "car_343": [7, 2], "car_342": [8, 7], "car_341": [9, 0], "car_340": [11, 3], "car_347": [8, 5], "car_346": [3, 1], "car_345": [9, 7], "car_344": [10, 6], "car_1129": [9, 4], "car_1128": [10, 7], "car_1125": [8, 3], "car_1124": [9, 5], "car_1127": [11, 6], "car_1126": [4, 7], "car_1121": [7, 6], "car_1120": [0, 6], "car_1123": [6, 1], "car_1122": [5, 0], "car_1402": [6, 4], "car_1403": [3, 0], "car_1400": [1, 0], "car_1401": [5, 3], "car_1406": [4, 3], "car_1407": [7, 2], "car_1404": [8, 7], "car_1405": [1, 0], "car_2058": [0, 1], "car_2059": [8, 2], "car_2054": [1, 6], "car_2055": [4, 5], "car_2056": [2, 5], "car_2057": [6, 1], "car_2050": [5, 2], "car_2051": [6, 1], "car_2052": [9, 5], "car_2053": [0, 1], "car_1011": [9, 0], "car_1010": [2, 7], "car_1013": [4, 7], "car_1012": [0, 2], "car_1015": [5, 7], "car_1014": [10, 5], "car_1017": [3, 7], "car_1016": [6, 4], "car_1019": [4, 1], "car_1018": [11, 3], "car_25": [10, 7], "car_24": [7, 4], "car_27": [0, 4], "car_26": [5, 2], "car_21": [10, 6], "car_20": [9, 5], "car_23": [1, 6], "car_22": [2, 4], "car_29": [4, 7], "car_28": [3, 1], "car_1657": [5, 7], "car_1656": [2, 4], "car_1655": [1, 7], "car_1654": [2, 7], "car_1653": [10, 1], "car_1652": [1, 5], "car_1651": [9, 3], "car_1650": [5, 6], "car_1659": [4, 7], "car_1658": [6, 3], "car_1969": [8, 2], "car_1843": [0, 7], "car_435": [10, 2], "car_434": [3, 1], "car_437": [0, 2], "car_436": [2, 7], "car_431": [7, 2], "car_430": [3, 6], "car_433": [9, 7], "car_432": [5, 1], "car_1846": [4, 0], "car_439": [7, 0], "car_438": [8, 0], "car_1847": [2, 7], "car_1845": [8, 6], "car_1848": [9, 7], "car_1968": [10, 5], "car_1849": [8, 4], "car_1965": [7, 2], "car_1964": [4, 5], "car_501": [7, 6], "car_500": [11, 4], "car_503": [2, 1], "car_502": [10, 3], "car_505": [8, 1], "car_504": [5, 1], "car_507": [4, 0], "car_506": [11, 7], "car_509": [2, 3], "car_508": [7, 3], "car_1745": [0, 1], "car_646": [1, 4], "car_647": [9, 1], "car_644": [7, 5], "car_645": [8, 4], "car_642": [3, 6], "car_643": [11, 7], "car_640": [10, 1], "car_641": [6, 3], "car_648": [0, 4], "car_649": [11, 3], "car_1830": [0, 3], "car_1932": [5, 3], "car_1933": [6, 2], "car_1930": [7, 0], "car_1931": [10, 3], "car_1936": [4, 0], "car_1937": [10, 1], "car_1934": [0, 7], "car_1935": [8, 1], "car_1938": [9, 4], "car_1939": [9, 7], "car_1717": [4, 2], "car_1338": [11, 0], "car_1339": [4, 0], "car_1334": [4, 6], "car_1335": [2, 5], "car_1336": [9, 6], "car_1337": [8, 4], "car_1330": [8, 5], "car_1331": [11, 5], "car_1332": [1, 0], "car_1333": [5, 6], "car_1711": [5, 1], "car_358": [4, 7], "car_359": [7, 1], "car_1804": [4, 0], "car_1805": [7, 6], "car_1802": [2, 5], "car_1803": [0, 2], "car_1800": [2, 3], "car_1801": [5, 4], "car_350": [10, 3], "car_351": [2, 4], "car_352": [6, 4], "car_353": [9, 5], "car_354": [8, 0], "car_355": [4, 1], "car_356": [7, 4], "car_357": [2, 1], "car_1482": [10, 3], "car_1483": [5, 0], "car_1480": [8, 4], "car_1481": [4, 0], "car_1486": [10, 6], "car_1487": [5, 0], "car_1484": [0, 3], "car_1485": [1, 3], "car_1488": [3, 4], "car_1489": [2, 5], "car_1240": [4, 7], "car_1241": [7, 6], "car_1242": [10, 5], "car_1243": [5, 6], "car_1244": [1, 3], "car_1245": [4, 6], "car_1246": [9, 4], "car_1247": [0, 7], "car_1248": [5, 0], "car_1249": [3, 5], "car_1747": [3, 4], "car_1879": [11, 5], "car_2049": [10, 3], "car_2048": [4, 2], "car_2047": [1, 6], "car_2046": [0, 2], "car_2045": [2, 7], "car_2044": [3, 4], "car_2043": [0, 2], "car_2042": [9, 1], "car_2041": [2, 4], "car_2040": [10, 0], "car_1064": [6, 1], "car_1065": [11, 1], "car_1066": [7, 5], "car_1067": [5, 4], "car_1060": [7, 4], "car_1061": [3, 4], "car_1062": [11, 4], "car_1063": [7, 3], "car_1068": [3, 6], "car_1069": [4, 1], "car_1798": [9, 1], "car_1799": [7, 2], "car_10": [2, 3], "car_11": [9, 5], "car_12": [8, 1], "car_13": [7, 4], "car_14": [2, 6], "car_15": [9, 4], "car_16": [8, 2], "car_17": [1, 2], "car_18": [4, 3], "car_19": [5, 1], "car_1668": [2, 0], "car_1669": [6, 3], "car_1662": [5, 1], "car_1663": [6, 5], "car_1660": [7, 6], "car_1661": [10, 5], "car_1666": [11, 1], "car_1667": [10, 2], "car_1664": [0, 6], "car_1665": [3, 7], "car_1468": [5, 4], "car_1469": [6, 7], "car_1460": [9, 0], "car_1461": [0, 1], "car_1462": [4, 3], "car_1463": [5, 3], "car_1464": [3, 4], "car_1465": [2, 4], "car_1466": [8, 3], "car_1467": [2, 7], "car_422": [2, 1], "car_423": [8, 5], "car_420": [9, 4], "car_421": [0, 1], "car_426": [3, 2], "car_427": [11, 7], "car_424": [2, 3], "car_425": [0, 1], "car_428": [7, 0], "car_429": [0, 7], "car_2008": [4, 1], "car_518": [3, 4], "car_519": [4, 3], "car_516": [0, 2], "car_517": [7, 6], "car_514": [0, 3], "car_515": [1, 4], "car_512": [4, 7], "car_513": [9, 0], "car_510": [3, 1], "car_511": [8, 7], "car_1870": [0, 3], "car_633": [4, 5], "car_632": [1, 7], "car_631": [8, 0], "car_630": [9, 7], "car_637": [3, 7], "car_636": [9, 0], "car_635": [5, 2], "car_634": [7, 6], "car_639": [4, 6], "car_638": [1, 2], "car_189": [2, 3], "car_188": [3, 4], "car_185": [8, 3], "car_184": [2, 0], "car_187": [5, 6], "car_186": [1, 6], "car_181": [0, 2], "car_180": [5, 3], "car_183": [7, 0], "car_182": [11, 7], "car_749": [0, 4], "car_748": [9, 2], "car_747": [10, 2], "car_746": [4, 1], "car_745": [8, 2], "car_744": [9, 3], "car_743": [2, 4], "car_742": [4, 1], "car_741": [1, 2], "car_740": [9, 4], "car_2131": [11, 6], "car_299": [11, 3], "car_298": [8, 3], "car_1927": [4, 5], "car_1926": [1, 5], "car_1921": [11, 1], "car_1920": [6, 2], "car_1923": [10, 2], "car_1922": [7, 0], "car_291": [11, 2], "car_290": [0, 5], "car_293": [4, 6], "car_292": [1, 3], "car_295": [10, 1], "car_294": [7, 4], "car_297": [6, 5], "car_296": [2, 3], "car_1329": [6, 4], "car_1328": [5, 1], "car_1327": [7, 5], "car_1326": [1, 2], "car_1325": [3, 7], "car_1324": [0, 4], "car_1323": [4, 3], "car_1322": [11, 4], "car_1321": [0, 4], "car_1320": [10, 4], "car_365": [3, 0], "car_364": [0, 7], "car_367": [11, 0], "car_366": [8, 2], "car_361": [3, 5], "car_360": [10, 5], "car_363": [6, 7], "car_362": [7, 4], "car_1811": [5, 4], "car_1810": [7, 4], "car_1813": [3, 7], "car_1812": [9, 1], "car_369": [0, 3], "car_368": [4, 0], "car_1817": [9, 4], "car_1816": [6, 2], "car_167": [10, 6], "car_166": [0, 6], "car_165": [6, 2], "car_164": [10, 5], "car_163": [4, 6], "car_162": [9, 3], "car_161": [10, 3], "car_160": [7, 0], "car_169": [10, 2], "car_168": [4, 3], "car_1495": [1, 3], "car_1494": [11, 3], "car_1497": [6, 1], "car_1496": [5, 3], "car_1491": [1, 2], "car_1490": [8, 7], "car_1493": [9, 2], "car_1492": [4, 6], "car_1499": [10, 3], "car_1498": [1, 3], "car_1253": [11, 7], "car_1252": [9, 0], "car_1251": [5, 0], "car_1250": [10, 5], "car_1257": [9, 2], "car_1256": [5, 3], "car_1255": [2, 5], "car_1254": [10, 4], "car_1259": [8, 6], "car_1258": [3, 6], "car_1868": [4, 5], "car_1789": [6, 7], "car_1788": [5, 7], "car_2070": [7, 5], "car_2071": [10, 7], "car_2076": [11, 1], "car_2077": [1, 4], "car_2074": [7, 4], "car_2075": [3, 0], "car_1781": [6, 1], "car_1780": [4, 0], "car_1783": [11, 6], "car_1782": [0, 7], "car_1785": [7, 3], "car_1784": [1, 0], "car_1787": [8, 7], "car_1786": [2, 5], "car_1077": [7, 3], "car_1076": [6, 3], "car_1075": [4, 5], "car_1074": [1, 3], "car_1073": [11, 1], "car_1072": [8, 1], "car_1071": [9, 7], "car_1070": [7, 3], "car_1079": [10, 6], "car_1078": [9, 6], "car_2139": [7, 1], "car_2034": [8, 7], "car_2035": [7, 1], "car_2032": [2, 3], "car_2033": [9, 3], "car_2138": [4, 5], "car_985": [0, 5], "car_984": [11, 1], "car_987": [7, 0], "car_986": [11, 1], "car_981": [5, 7], "car_980": [2, 0], "car_983": [8, 0], "car_982": [9, 4], "car_1675": [5, 6], "car_1674": [10, 0], "car_1677": [0, 4], "car_1676": [9, 4], "car_989": [6, 5], "car_988": [2, 4], "car_1673": [4, 1], "car_1672": [11, 7], "car_1479": [3, 4], "car_1478": [0, 3], "car_1473": [4, 0], "car_1472": [1, 6], "car_1471": [11, 2], "car_1470": [3, 7], "car_1477": [9, 1], "car_1476": [6, 7], "car_1475": [11, 7], "car_1474": [0, 7], "car_1743": [5, 2], "car_1742": [10, 0], "car_2098": [6, 5], "car_2099": [7, 3], "car_2090": [3, 7], "car_2091": [7, 5], "car_2092": [5, 6], "car_2093": [6, 4], "car_2094": [8, 7], "car_2095": [11, 1], "car_2096": [10, 2], "car_2097": [5, 2], "car_569": [3, 2], "car_568": [0, 2], "car_563": [3, 7], "car_562": [0, 5], "car_561": [11, 7], "car_560": [3, 6], "car_567": [9, 2], "car_566": [10, 5], "car_565": [7, 6], "car_564": [8, 6], "car_620": [10, 2], "car_621": [0, 4], "car_622": [3, 2], "car_623": [8, 0], "car_624": [1, 5], "car_625": [5, 2], "car_626": [9, 0], "car_627": [3, 7], "car_628": [7, 6], "car_629": [2, 3], "car_1869": [6, 5], "car_1866": [8, 3], "car_1867": [1, 4], "car_198": [0, 3], "car_199": [3, 6], "car_192": [8, 7], "car_193": [7, 5], "car_190": [6, 1], "car_191": [9, 0], "car_196": [6, 4], "car_197": [9, 7], "car_194": [10, 1], "car_195": [2, 4], "car_758": [8, 4], "car_759": [11, 2], "car_754": [9, 2], "car_755": [4, 7], "car_756": [2, 0], "car_757": [6, 4], "car_750": [8, 6], "car_751": [1, 6], "car_752": [5, 3], "car_753": [6, 4], "car_1940": [0, 1], "car_286": [3, 2], "car_287": [7, 5], "car_284": [0, 7], "car_285": [4, 3], "car_282": [3, 4], "car_283": [7, 6], "car_280": [5, 2], "car_281": [0, 6], "car_1949": [6, 0], "car_288": [2, 6], "car_289": [9, 0], "car_1948": [5, 4], "car_1312": [2, 0], "car_1313": [5, 0], "car_1310": [11, 4], "car_1311": [1, 4], "car_1316": [7, 6], "car_1317": [6, 2], "car_1314": [6, 7], "car_1315": [9, 1], "car_1318": [4, 0], "car_1319": [9, 5], "car_372": [7, 4], "car_373": [2, 4], "car_370": [8, 4], "car_371": [1, 0], "car_376": [3, 7], "car_377": [4, 0], "car_374": [8, 7], "car_375": [1, 4], "car_1864": [2, 4], "car_1865": [3, 4], "car_378": [10, 5], "car_379": [5, 4], "car_1860": [10, 4], "car_1861": [2, 5], "car_1862": [9, 1], "car_1863": [7, 0], "car_174": [8, 7], "car_175": [5, 0], "car_176": [9, 5], "car_177": [11, 6], "car_170": [0, 7], "car_171": [10, 3], "car_172": [5, 6], "car_173": [3, 2], "car_178": [1, 2], "car_179": [3, 1], "car_1266": [9, 5], "car_1267": [1, 2], "car_1264": [9, 4], "car_1265": [0, 4], "car_1262": [7, 4], "car_1263": [10, 7], "car_1260": [1, 2], "car_1261": [4, 1], "car_1268": [4, 2], "car_1269": [10, 6], "car_2065": [5, 3], "car_2064": [2, 1], "car_1048": [3, 5], "car_1049": [5, 7], "car_2061": [7, 0], "car_2060": [11, 0], "car_2063": [11, 3], "car_2062": [2, 0], "car_1042": [0, 6], "car_1043": [3, 4], "car_1040": [6, 5], "car_1041": [9, 3], "car_1046": [7, 5], "car_1047": [9, 3], "car_1044": [1, 4], "car_1045": [2, 1], "car_78": [5, 0], "car_79": [10, 1], "car_72": [11, 5], "car_73": [2, 3], "car_70": [0, 3], "car_71": [8, 7], "car_76": [1, 2], "car_77": [1, 0], "car_74": [9, 5], "car_75": [0, 6], "car_992": [7, 5], "car_993": [11, 0], "car_990": [9, 6], "car_991": [1, 5], "car_996": [2, 3], "car_997": [5, 1], "car_994": [4, 6], "car_995": [9, 2], "car_1688": [3, 5], "car_1689": [10, 0], "car_998": [9, 2], "car_999": [0, 2], "car_1448": [9, 5], "car_1449": [0, 6], "car_1446": [5, 4], "car_1447": [6, 2], "car_1444": [7, 5], "car_1445": [2, 1], "car_1442": [8, 2], "car_1443": [11, 2], "car_1440": [6, 0], "car_1441": [0, 5], "car_2089": [6, 7], "car_2088": [11, 1], "car_2083": [4, 0], "car_2082": [7, 2], "car_2081": [4, 7], "car_2080": [0, 2], "car_2087": [8, 4], "car_2086": [9, 7], "car_2085": [10, 7], "car_2084": [8, 4], "car_578": [7, 5], "car_579": [9, 5], "car_553": [1, 2], "car_570": [8, 3], "car_571": [11, 3], "car_572": [4, 5], "car_573": [10, 1], "car_574": [9, 1], "car_806": [10, 7], "car_576": [3, 7], "car_577": [11, 4], "car_807": [5, 0], "car_800": [10, 5], "car_801": [9, 0], "car_802": [0, 6], "car_2192": [9, 1], "car_803": [6, 3], "car_2067": [9, 5], "car_2066": [6, 3], "car_619": [7, 3], "car_618": [4, 2], "car_615": [0, 5], "car_614": [5, 7], "car_617": [11, 1], "car_616": [8, 7], "car_611": [6, 4], "car_610": [5, 7], "car_613": [7, 5], "car_612": [0, 6], "car_2151": [0, 4], "car_2150": [9, 2], "car_2069": [1, 5], "car_2068": [8, 2], "car_769": [0, 4], "car_768": [9, 3], "car_761": [6, 5], "car_760": [2, 0], "car_763": [3, 0], "car_762": [9, 4], "car_765": [10, 1], "car_764": [8, 0], "car_767": [6, 2], "car_766": [5, 6], "car_575": [7, 4], "car_1305": [8, 3], "car_1304": [9, 5], "car_1307": [5, 1], "car_1306": [1, 4], "car_1301": [3, 1], "car_1300": [0, 5], "car_1303": [2, 4], "car_1302": [10, 0], "car_1309": [9, 1], "car_1308": [6, 2], "car_389": [0, 3], "car_388": [6, 4], "car_387": [7, 0], "car_386": [8, 7], "car_385": [2, 6], "car_384": [1, 0], "car_383": [8, 3], "car_382": [0, 5], "car_381": [9, 6], "car_380": [6, 0], "car_141": [6, 5], "car_140": [5, 0], "car_143": [2, 0], "car_142": [10, 3], "car_145": [1, 7], "car_144": [9, 3], "car_147": [5, 6], "car_146": [10, 6], "car_149": [8, 3], "car_148": [3, 5], "car_1279": [11, 4], "car_1278": [8, 1], "car_1271": [1, 0], "car_1270": [2, 4], "car_1273": [11, 4], "car_1272": [2, 4], "car_1275": [4, 3], "car_1274": [1, 4], "car_1277": [6, 1], "car_1276": [7, 1], "car_1059": [4, 2], "car_1058": [8, 3], "car_1055": [0, 7], "car_1054": [9, 7], "car_1057": [3, 7], "car_1056": [0, 3], "car_1051": [8, 3], "car_1050": [3, 7], "car_1053": [1, 5], "car_1052": [11, 0], "car_69": [6, 2], "car_68": [2, 3], "car_61": [1, 5], "car_60": [11, 6], "car_63": [0, 1], "car_62": [9, 7], "car_65": [11, 0], "car_64": [8, 5], "car_67": [4, 7], "car_66": [9, 5], "car_1693": [8, 0], "car_1692": [0, 3], "car_1691": [9, 5], "car_1690": [6, 7], "car_1697": [8, 4], "car_1696": [3, 7], "car_969": [4, 3], "car_968": [1, 0], "car_967": [3, 2], "car_966": [9, 1], "car_965": [4, 3], "car_964": [9, 6], "car_963": [7, 4], "car_962": [8, 3], "car_961": [6, 3], "car_960": [5, 0], "car_1451": [5, 1], "car_1450": [10, 2], "car_1453": [1, 6], "car_1452": [9, 7], "car_1455": [11, 6], "car_1454": [3, 4], "car_1457": [6, 0], "car_1456": [4, 7], "car_1459": [7, 2], "car_1458": [4, 5], "car_1680": [8, 3], "car_1681": [10, 0], "car_1682": [3, 6], "car_1683": [8, 4], "car_1684": [7, 3], "car_1685": [5, 2], "car_1891": [11, 6], "car_1686": [6, 3], "car_1890": [3, 6], "car_1687": [9, 1], "car_1893": [9, 1], "car_545": [10, 6], "car_544": [7, 1], "car_547": [6, 2], "car_546": [5, 2], "car_541": [0, 1], "car_540": [4, 3], "car_543": [4, 7], "car_542": [8, 2], "car_1895": [4, 7], "car_549": [10, 2], "car_548": [7, 0], "car_819": [9, 2], "car_818": [2, 6], "car_1897": [1, 6], "car_1896": [3, 0], "car_33": [2, 5], "car_1767": [4, 6], "car_1766": [6, 3], "car_1765": [5, 4], "car_608": [7, 2], "car_609": [0, 4], "car_602": [2, 0], "car_603": [9, 4], "car_600": [10, 7], "car_601": [5, 1], "car_606": [11, 0], "car_607": [4, 5], "car_604": [3, 7], "car_605": [8, 7], "car_1761": [8, 4], "car_1760": [5, 7], "car_776": [3, 4], "car_777": [8, 0], "car_774": [1, 3], "car_775": [4, 6], "car_772": [0, 3], "car_773": [11, 0], "car_770": [3, 7], "car_771": [11, 2], "car_1768": [7, 1], "car_778": [9, 1], "car_779": [0, 3], "car_1750": [8, 6], "car_1994": [5, 7], "car_1995": [6, 4], "car_1996": [0, 1], "car_1997": [2, 4], "car_1990": [1, 4], "car_1991": [3, 0], "car_1992": [1, 4], "car_1993": [7, 2], "car_1998": [1, 3], "car_1999": [4, 6], "car_1842": [9, 1], "car_1806": [10, 0], "car_1840": [1, 7], "car_1841": [7, 5], "car_398": [7, 2], "car_399": [4, 7], "car_1844": [3, 6], "car_1807": [2, 0], "car_394": [4, 0], "car_395": [0, 2], "car_396": [3, 6], "car_397": [8, 1], "car_390": [3, 1], "car_391": [10, 0], "car_392": [3, 4], "car_393": [11, 3], "car_158": [8, 6], "car_159": [4, 6], "car_156": [7, 6], "car_157": [0, 2], "car_154": [0, 7], "car_155": [4, 1], "car_152": [2, 3], "car_153": [5, 2], "car_150": [11, 2], "car_151": [1, 5], "car_1208": [11, 3], "car_1209": [1, 4], "car_1204": [2, 7], "car_1205": [5, 0], "car_1206": [9, 5], "car_1207": [3, 7], "car_1200": [7, 2], "car_1201": [3, 7], "car_1202": [1, 4], "car_1203": [10, 7], "car_1808": [5, 4], "car_1809": [6, 4], "car_1510": [8, 7], "car_1511": [4, 2], "car_1512": [7, 1], "car_1513": [9, 0], "car_1514": [3, 7], "car_1515": [3, 4], "car_1516": [11, 1], "car_1517": [7, 2], "car_1518": [2, 7], "car_1519": [3, 0], "car_1198": [4, 1], "car_1199": [2, 6], "car_1194": [11, 7], "car_1195": [7, 2], "car_1196": [2, 4], "car_1197": [9, 6], "car_1190": [4, 1], "car_1191": [2, 6], "car_1192": [7, 1], "car_1193": [2, 6], "car_2126": [4, 5], "car_2127": [2, 1], "car_978": [8, 0], "car_979": [7, 3], "car_974": [0, 3], "car_975": [8, 2], "car_976": [11, 2], "car_977": [1, 6], "car_970": [8, 3], "car_971": [11, 2], "car_972": [5, 6], "car_973": [6, 1], "car_1424": [9, 4], "car_1425": [7, 5], "car_1426": [10, 3], "car_1427": [5, 1], "car_1420": [8, 4], "car_1421": [1, 7], "car_1422": [2, 7], "car_1423": [5, 3], "car_1428": [6, 2], "car_1429": [8, 1], "car_2128": [6, 4], "car_2129": [9, 2], "car_1738": [3, 4], "car_1739": [1, 5], "car_1730": [0, 3], "car_1731": [8, 0], "car_1732": [4, 3], "car_1733": [5, 7], "car_1734": [6, 2], "car_1735": [9, 1], "car_1736": [5, 3], "car_1737": [0, 5], "car_54": [4, 2], "car_55": [7, 2], "car_56": [6, 5], "car_57": [7, 5], "car_50": [0, 3], "car_51": [8, 7], "car_52": [11, 4], "car_53": [1, 7], "car_58": [10, 1], "car_59": [0, 4], "car_552": [11, 5], "car_805": [4, 0], "car_550": [5, 0], "car_551": [0, 7], "car_556": [8, 2], "car_557": [1, 5], "car_554": [2, 4], "car_555": [0, 3], "car_558": [7, 0], "car_559": [6, 7], "car_808": [8, 3], "car_809": [6, 5], "car_1757": [5, 4], "car_703": [0, 1], "car_702": [6, 0], "car_701": [5, 3], "car_700": [2, 3], "car_707": [2, 3], "car_706": [0, 7], "car_705": [1, 3], "car_704": [8, 2], "car_709": [1, 5], "car_708": [6, 3], "car_1987": [7, 6], "car_1986": [4, 1], "car_1985": [9, 4], "car_1984": [5, 3], "car_1983": [7, 4], "car_1982": [1, 5], "car_1981": [9, 1], "car_1980": [5, 3], "car_1989": [5, 6], "car_1988": [10, 5], "car_1855": [8, 7], "car_1796": [8, 7], "car_1857": [3, 0], "car_1856": [11, 6], "car_1851": [0, 2], "car_1850": [4, 6], "car_1853": [9, 5], "car_1797": [10, 0], "car_1859": [3, 2], "car_1794": [4, 7], "car_129": [7, 0], "car_128": [11, 4], "car_123": [10, 2], "car_122": [4, 7], "car_121": [0, 2], "car_120": [4, 1], "car_127": [4, 1], "car_126": [11, 0], "car_125": [0, 1], "car_124": [9, 2], "car_1790": [9, 6], "car_1219": [3, 5], "car_1218": [6, 7], "car_1217": [7, 3], "car_1216": [1, 4], "car_1215": [3, 5], "car_1214": [0, 1], "car_1213": [6, 1], "car_1212": [5, 4], "car_1211": [10, 7], "car_1210": [4, 5], "car_1415": [10, 1], "car_1414": [7, 2], "car_1417": [4, 5], "car_1416": [11, 2], "car_1411": [9, 0], "car_1410": [4, 0], "car_237": [10, 5], "car_236": [7, 3], "car_235": [8, 4], "car_234": [7, 4], "car_233": [1, 5], "car_232": [11, 3], "car_231": [2, 5], "car_230": [10, 2], "car_1412": [3, 4], "car_239": [11, 6], "car_238": [5, 7], "car_1503": [1, 3], "car_1502": [3, 7], "car_1501": [0, 2], "car_1500": [5, 0], "car_1507": [4, 6], "car_1506": [0, 6], "car_1505": [5, 1], "car_1504": [4, 0], "car_1509": [2, 1], "car_1508": [10, 6], "car_1189": [1, 5], "car_1188": [11, 5], "car_1187": [0, 1], "car_1186": [9, 0], "car_1185": [7, 4], "car_1184": [3, 4], "car_1183": [6, 5], "car_1182": [0, 6], "car_1181": [6, 1], "car_1180": [10, 2], "car_2182": [7, 5], "car_2183": [2, 6], "car_2180": [11, 4], "car_2181": [4, 3], "car_2186": [8, 5], "car_2187": [1, 4], "car_2184": [5, 3], "car_2185": [6, 5], "car_2188": [4, 3], "car_2189": [2, 0], "car_949": [1, 7], "car_948": [3, 4], "car_941": [0, 6], "car_940": [6, 0], "car_943": [3, 6], "car_942": [6, 4], "car_945": [1, 2], "car_944": [11, 6], "car_947": [5, 3], "car_946": [7, 0], "car_1437": [2, 7], "car_1436": [4, 2], "car_1435": [1, 0], "car_1434": [11, 5], "car_1433": [5, 6], "car_1432": [2, 7], "car_1431": [1, 0], "car_1430": [11, 4], "car_1439": [4, 2], "car_1438": [5, 6], "car_493": [4, 7], "car_492": [11, 0], "car_491": [8, 5], "car_490": [3, 6], "car_497": [6, 5], "car_496": [2, 3], "car_495": [10, 7], "car_494": [7, 0], "car_499": [3, 7], "car_498": [9, 1], "car_1918": [8, 1], "car_1919": [11, 5], "car_1729": [7, 0], "car_1728": [1, 0], "car_1723": [4, 6], "car_1722": [1, 3], "car_1721": [11, 7], "car_1720": [3, 6], "car_1727": [6, 1], "car_1726": [7, 6], "car_1725": [3, 2], "car_1724": [0, 4], "car_43": [2, 3], "car_42": [8, 2], "car_41": [3, 7], "car_40": [0, 1], "car_47": [3, 5], "car_46": [8, 7], "car_45": [8, 4], "car_44": [9, 0], "car_49": [10, 4], "car_48": [4, 3], "car_1916": [7, 3], "car_1917": [0, 4], "car_1858": [9, 7], "car_831": [10, 5], "car_830": [7, 4], "car_833": [10, 6], "car_832": [8, 3], "car_835": [6, 2], "car_834": [2, 6], "car_837": [7, 5], "car_836": [0, 3], "car_839": [11, 6], "car_838": [3, 5], "car_2168": [7, 2], "car_2169": [8, 6], "car_2160": [7, 3], "car_2161": [5, 0], "car_2162": [3, 5], "car_2163": [8, 4], "car_2164": [11, 2], "car_2165": [2, 6], "car_2166": [3, 5], "car_2167": [1, 4], "car_1941": [11, 6], "car_710": [4, 1], "car_711": [2, 3], "car_712": [5, 2], "car_713": [6, 5], "car_714": [4, 6], "car_715": [7, 1], "car_716": [2, 5], "car_717": [1, 4], "car_718": [10, 2], "car_719": [2, 4], "car_1892": [7, 1], "car_1894": [3, 1], "car_138": [7, 4], "car_139": [2, 4], "car_130": [9, 1], "car_131": [0, 3], "car_132": [6, 2], "car_133": [9, 0], "car_134": [7, 5], "car_135": [2, 0], "car_136": [5, 3], "car_137": [11, 2], "car_1222": [2, 1], "car_1223": [9, 1], "car_1220": [8, 6], "car_1221": [1, 5], "car_1226": [1, 5], "car_1227": [2, 5], "car_1224": [3, 7], "car_1225": [8, 5], "car_1886": [7, 4], "car_1887": [2, 0], "car_1228": [6, 0], "car_1229": [9, 1], "car_1882": [10, 4], "car_1883": [3, 2], "car_1880": [1, 3], "car_1881": [4, 3], "car_224": [5, 0], "car_225": [9, 4], "car_226": [0, 1], "car_227": [3, 4], "car_220": [9, 7], "car_221": [11, 5], "car_222": [4, 1], "car_223": [10, 7], "car_228": [8, 0], "car_229": [7, 1], "car_1086": [9, 6], "car_1087": [8, 0], "car_1084": [8, 5], "car_1085": [1, 3], "car_1082": [4, 0], "car_1083": [2, 7], "car_1080": [6, 0], "car_1081": [4, 0], "car_1088": [5, 7], "car_1089": [9, 5], "car_1536": [6, 1], "car_1537": [9, 3], "car_1534": [4, 5], "car_1535": [5, 2], "car_1532": [9, 4], "car_1533": [3, 4], "car_1530": [6, 2], "car_1531": [7, 6], "car_1538": [0, 1], "car_1539": [8, 6], "car_956": [0, 1], "car_957": [3, 0], "car_954": [7, 3], "car_955": [2, 7], "car_952": [8, 4], "car_953": [4, 3], "car_950": [10, 1], "car_951": [0, 5], "car_1827": [9, 5], "car_958": [1, 4], "car_959": [7, 5], "car_1158": [3, 5], "car_1159": [1, 6], "car_1408": [6, 5], "car_1409": [3, 1], "car_1829": [2, 1], "car_1150": [10, 6], "car_1151": [6, 2], "car_1152": [9, 5], "car_1153": [0, 4], "car_1154": [3, 5], "car_1155": [8, 1], "car_1156": [7, 2], "car_1157": [10, 4], "car_1826": [5, 7], "car_480": [4, 3], "car_481": [10, 4], "car_482": [9, 5], "car_483": [4, 6], "car_484": [6, 2], "car_485": [3, 6], "car_486": [11, 1], "car_487": [2, 0], "car_488": [6, 4], "car_489": [0, 4], "car_853": [2, 0], "car_852": [4, 0], "car_851": [1, 5], "car_582": [8, 4], "car_1718": [6, 3], "car_1719": [9, 7], "car_1716": [1, 0], "car_857": [4, 3], "car_1714": [5, 1], "car_1715": [0, 4], "car_1712": [1, 7], "car_1713": [4, 0], "car_1710": [10, 6], "car_856": [1, 6], "car_1828": [3, 4], "car_855": [3, 1], "car_854": [0, 4], "car_828": [3, 0], "car_829": [8, 5], "car_826": [3, 6], "car_827": [0, 4], "car_824": [10, 7], "car_825": [0, 1], "car_822": [4, 1], "car_823": [6, 3], "car_820": [9, 4], "car_821": [8, 6], "car_2179": [0, 1], "car_2178": [9, 5], "car_2173": [5, 0], "car_2172": [2, 5], "car_2171": [7, 1], "car_2170": [11, 0], "car_2177": [2, 3], "car_2176": [3, 2], "car_2175": [9, 6], "car_2174": [6, 7], "car_729": [0, 2], "car_728": [5, 2], "car_725": [9, 4], "car_724": [2, 1], "car_727": [2, 7], "car_726": [8, 6], "car_721": [3, 5], "car_720": [5, 2], "car_723": [7, 2], "car_722": [1, 2], "car_1795": [3, 4], "car_1792": [8, 7], "car_1793": [1, 0], "car_105": [4, 2], "car_104": [8, 7], "car_107": [11, 4], "car_106": [2, 1], "car_101": [7, 4], "car_100": [4, 2], "car_103": [9, 0], "car_102": [10, 1], "car_1888": [5, 7], "car_109": [0, 6], "car_108": [10, 6], "car_1791": [3, 6], "car_1235": [10, 6], "car_1234": [1, 7], "car_1237": [11, 7], "car_1236": [5, 6], "car_1231": [11, 0], "car_1230": [0, 4], "car_1233": [3, 5], "car_1232": [2, 1], "car_1899": [2, 5], "car_1898": [7, 2], "car_1239": [3, 2], "car_1238": [2, 4], "car_211": [8, 2], "car_210": [3, 0], "car_213": [2, 4], "car_212": [4, 1], "car_215": [0, 1], "car_214": [6, 7], "car_217": [4, 7], "car_216": [3, 7], "car_219": [10, 4], "car_218": [7, 4], "car_1529": [10, 4], "car_1528": [4, 5], "car_1521": [10, 7], "car_1520": [7, 0], "car_1523": [9, 3], "car_1522": [6, 5], "car_1525": [5, 7], "car_1524": [11, 0], "car_1527": [1, 4], "car_1526": [0, 7], "car_923": [11, 4], "car_922": [8, 5], "car_921": [9, 6], "car_920": [10, 0], "car_927": [0, 6], "car_926": [5, 4], "car_925": [10, 0], "car_924": [7, 4], "car_929": [3, 7], "car_928": [11, 4], "car_1149": [5, 3], "car_1148": [10, 3], "car_1419": [0, 1], "car_1418": [6, 4], "car_1143": [4, 0], "car_1142": [8, 2], "car_1141": [0, 3], "car_1140": [1, 2], "car_1147": [11, 5], "car_1146": [8, 5], "car_1145": [3, 0], "car_1144": [5, 0], "car_1099": [5, 2], "car_1098": [1, 2], "car_1091": [7, 2], "car_1090": [3, 4], "car_1093": [2, 4], "car_1092": [10, 3], "car_1095": [9, 1], "car_1094": [5, 0], "car_1097": [2, 7], "car_1096": [3, 7], "car_1701": [4, 3], "car_1700": [11, 1], "car_1703": [2, 5], "car_1702": [7, 4], "car_1705": [1, 2], "car_1704": [5, 6], "car_1707": [7, 4], "car_1706": [4, 1], "car_1709": [5, 1], "car_1708": [2, 3], "car_589": [7, 1], "car_588": [1, 7], "car_859": [2, 0], "car_858": [7, 1], "car_1695": [0, 3], "car_581": [3, 7], "car_580": [0, 1], "car_583": [4, 3], "car_850": [8, 6], "car_585": [7, 2], "car_584": [7, 1], "car_587": [9, 7], "car_586": [6, 2], "car_2002": [6, 7], "car_2148": [3, 0], "car_2149": [8, 3], "car_2146": [10, 7], "car_2147": [6, 5], "car_2144": [2, 0], "car_2145": [9, 3], "car_2142": [8, 3], "car_2143": [10, 3], "car_2140": [2, 6], "car_2141": [6, 2], "car_457": [6, 1], "car_456": [7, 4], "car_455": [4, 6], "car_454": [11, 0], "car_453": [0, 4], "car_452": [6, 1], "car_451": [2, 5], "car_450": [7, 0], "car_1878": [3, 1], "car_459": [11, 5], "car_458": [3, 7], "car_1877": [1, 7], "car_1876": [8, 4], "car_1875": [9, 1], "car_1874": [1, 5], "car_1873": [11, 1], "car_1872": [6, 1], "car_738": [2, 5], "car_739": [5, 1], "car_1871": [2, 0], "car_733": [4, 3], "car_732": [11, 0], "car_32": [4, 7], "car_730": [10, 5], "car_731": [5, 0], "car_736": [7, 3], "car_737": [10, 1], "car_734": [7, 3], "car_735": [5, 0], "car_1976": [4, 2], "car_1977": [2, 4], "car_1698": [0, 2], "car_38": [5, 3], "car_39": [9, 5], "car_1978": [5, 0], "car_1979": [8, 0], "car_112": [4, 5], "car_113": [2, 3], "car_110": [3, 1], "car_111": [1, 7], "car_116": [1, 4], "car_117": [7, 6], "car_114": [9, 2], "car_115": [3, 5], "car_118": [10, 6], "car_119": [6, 4], "car_1950": [0, 6], "car_1951": [11, 6], "car_1952": [1, 6], "car_1953": [9, 5], "car_1954": [8, 4], "car_1955": [9, 5], "car_208": [5, 3], "car_209": [0, 6], "car_206": [9, 1], "car_207": [7, 4], "car_204": [7, 6], "car_205": [5, 0], "car_202": [0, 3], "car_203": [8, 7], "car_200": [7, 0], "car_201": [6, 2], "car_1558": [0, 3], "car_1559": [3, 5], "car_1554": [6, 0], "car_1555": [9, 1], "car_1556": [0, 3], "car_1557": [1, 7], "car_1550": [3, 0], "car_1551": [8, 1], "car_1552": [7, 0], "car_1553": [10, 1], "car_1398": [3, 1], "car_1399": [8, 2], "car_1392": [9, 3], "car_1393": [8, 1], "car_1390": [1, 5], "car_1391": [6, 2], "car_1396": [6, 5], "car_1397": [0, 6], "car_1394": [4, 1], "car_1395": [10, 6], "car_930": [8, 3], "car_931": [11, 5], "car_932": [7, 6], "car_933": [6, 7], "car_934": [7, 6], "car_935": [2, 3], "car_936": [5, 3], "car_937": [4, 5], "car_938": [10, 0], "car_939": [5, 7], "car_6": [10, 3], "car_7": [2, 0], "car_4": [8, 4], "car_5": [11, 0], "car_2": [9, 5], "car_3": [3, 4], "car_1178": [5, 0], "car_1": [6, 5], "car_1176": [7, 5], "car_1177": [10, 6], "car_1174": [0, 1], "car_1175": [4, 7], "car_1172": [5, 7], "car_1173": [9, 1], "car_8": [9, 2], "car_9": [7, 1], "car_1774": [8, 0], "car_1775": [1, 2], "car_1776": [7, 3], "car_1777": [9, 2], "car_1770": [9, 6], "car_1771": [3, 2], "car_1772": [1, 0], "car_1773": [7, 0], "car_1778": [8, 4], "car_1779": [1, 4], "car_98": [10, 0], "car_99": [3, 2], "car_90": [8, 4], "car_91": [11, 6], "car_92": [7, 5], "car_93": [6, 1], "car_94": [0, 3], "car_95": [8, 2], "car_96": [4, 3], "car_97": [7, 1], "car_596": [5, 1], "car_597": [6, 2], "car_594": [1, 0], "car_595": [10, 0], "car_592": [8, 1], "car_593": [11, 1], "car_590": [2, 6], "car_591": [0, 4], "car_598": [8, 3], "car_599": [11, 2], "car_848": [4, 2], "car_849": [3, 2], "car_840": [1, 4], "car_841": [2, 0], "car_842": [4, 6], "car_843": [7, 5], "car_844": [2, 6], "car_845": [9, 1], "car_846": [11, 0], "car_847": [1, 3], "car_1608": [3, 4], "car_1609": [11, 0], "car_2153": [11, 6], "car_2152": [3, 1], "car_2155": [7, 0], "car_2154": [4, 5], "car_2157": [0, 7], "car_2156": [5, 6], "car_1600": [5, 2], "car_1601": [6, 4], "car_1602": [9, 6], "car_1603": [11, 4], "car_1604": [4, 3], "car_1605": [8, 7], "car_1606": [1, 6], "car_1607": [10, 2], "car_444": [4, 6], "car_445": [5, 2], "car_446": [5, 2], "car_447": [6, 1], "car_440": [2, 0], "car_441": [9, 5], "car_442": [0, 3], "car_443": [3, 2], "car_448": [3, 2], "car_449": [8, 6], "car_695": [8, 4], "car_694": [10, 4], "car_697": [1, 0], "car_696": [11, 2], "car_691": [11, 4], "car_690": [0, 3], "car_693": [7, 3], "car_692": [4, 6], "car_699": [0, 3], "car_698": [4, 3], "car_1943": [7, 5], "car_1942": [4, 3], "car_279": [2, 7], "car_278": [11, 2], "car_1947": [2, 4], "car_1946": [10, 4], "car_1945": [4, 0], "car_1944": [11, 3], "car_273": [9, 5], "car_272": [6, 0], "car_271": [2, 3], "car_270": [7, 2], "car_277": [9, 0], "car_276": [6, 0], "car_275": [2, 7], "car_274": [7, 0], "car_1925": [9, 2], "car_1549": [0, 6], "car_1548": [10, 3], "car_1547": [7, 1], "car_1546": [4, 5], "car_1545": [9, 6], "car_1544": [6, 0], "car_1543": [2, 0], "car_1542": [10, 0], "car_1541": [7, 6], "car_1540": [11, 5], "car_1389": [11, 7], "car_1388": [1, 2], "car_1385": [5, 4], "car_1384": [10, 2], "car_1387": [8, 6], "car_1386": [0, 7], "car_1381": [5, 6], "car_1380": [2, 1], "car_1383": [0, 1], "car_1382": [6, 2], "car_307": [3, 1], "car_306": [9, 6], "car_305": [1, 0], "car_304": [0, 2], "car_303": [2, 7], "car_302": [3, 5], "car_301": [9, 6], "car_300": [4, 1], "car_804": [8, 3], "car_309": [6, 0], "car_308": [7, 3], "car_909": [0, 4], "car_908": [6, 2], "car_905": [3, 7], "car_904": [0, 5], "car_907": [2, 0], "car_906": [7, 6], "car_901": [11, 6], "car_900": [11, 3], "car_903": [10, 7], "car_902": [7, 4], "car_1161": [2, 3], "car_1160": [7, 4], "car_1163": [11, 5], "car_1162": [9, 2], "car_1165": [6, 1], "car_1164": [1, 6], "car_1167": [11, 6], "car_1166": [8, 1], "car_1169": [0, 6], "car_1168": [2, 4], "car_2010": [2, 1], "car_2011": [5, 2], "car_2012": [6, 3], "car_2013": [3, 6], "car_2014": [8, 0], "car_2015": [1, 2], "car_2016": [6, 3], "car_2017": [0, 3], "car_2018": [3, 0], "car_2019": [11, 7], "car_87": [2, 1], "car_86": [1, 3], "car_85": [3, 5], "car_84": [9, 7], "car_83": [5, 1], "car_82": [11, 5], "car_81": [9, 1], "car_80": [5, 4], "car_2001": [5, 1], "car_89": [0, 6], "car_88": [5, 4], "car_2000": [2, 3], "car_875": [2, 1], "car_874": [7, 0], "car_877": [8, 7], "car_876": [5, 3], "car_871": [5, 7], "car_870": [2, 4], "car_873": [8, 3], "car_872": [6, 3], "car_1694": [7, 0], "car_879": [10, 1], "car_878": [1, 6], "car_1752": [8, 4], "car_1753": [7, 4], "car_1699": [8, 6], "car_2124": [9, 4], "car_2125": [8, 1], "car_1619": [11, 5], "car_1618": [0, 1], "car_2120": [6, 4], "car_2121": [11, 6], "car_2122": [5, 4], "car_2123": [7, 3], "car_1613": [0, 5], "car_1612": [6, 4], "car_1611": [7, 1], "car_1610": [4, 7], "car_1617": [6, 2], "car_1616": [5, 3], "car_1615": [2, 7], "car_1614": [3, 4], "car_1754": [6, 0], "car_1755": [3, 5], "car_471": [5, 3], "car_470": [4, 6], "car_473": [7, 6], "car_472": [8, 5], "car_475": [6, 1], "car_474": [10, 0], "car_477": [6, 7], "car_476": [0, 7], "car_479": [1, 3], "car_478": [0, 4], "car_2038": [4, 5], "car_2039": [7, 4], "car_1819": [8, 0], "car_1818": [0, 6], "car_682": [10, 7], "car_683": [5, 3], "car_680": [11, 0], "car_681": [1, 3], "car_686": [7, 1], "car_687": [0, 3], "car_684": [6, 7], "car_685": [11, 2], "car_688": [3, 1], "car_689": [5, 7], "car_1815": [10, 5], "car_1814": [8, 6], "car_1670": [3, 0], "car_1956": [3, 4], "car_1957": [11, 4], "car_1958": [5, 6], "car_1959": [6, 3], "car_2003": [0, 5], "car_268": [9, 3], "car_269": [8, 6], "car_1974": [1, 3], "car_1975": [2, 6], "car_1972": [0, 1], "car_1973": [3, 1], "car_1970": [7, 2], "car_1971": [10, 1], "car_260": [11, 7], "car_261": [4, 6], "car_262": [2, 6], "car_263": [5, 0], "car_264": [0, 5], "car_265": [3, 0], "car_266": [8, 1], "car_267": [2, 7], "car_1572": [8, 0], "car_1573": [1, 6], "car_1570": [6, 4], "car_1571": [0, 3], "car_1576": [8, 1], "car_1577": [1, 2], "car_1574": [7, 6], "car_1575": [6, 2], "car_1578": [7, 0], "car_1579": [6, 2], "car_1370": [1, 6], "car_1371": [6, 0], "car_1372": [0, 3], "car_1373": [3, 2], "car_1374": [8, 6], "car_1375": [11, 3], "car_1376": [4, 0], "car_1377": [11, 5], "car_1378": [4, 6], "car_1379": [7, 6], "car_314": [5, 7], "car_315": [6, 1], "car_316": [9, 5], "car_317": [0, 1], "car_310": [9, 0], "car_311": [0, 7], "car_312": [4, 5], "car_313": [7, 1], "car_318": [3, 5], "car_319": [8, 4], "car_918": [0, 5], "car_919": [4, 7], "car_912": [10, 2], "car_913": [6, 3], "car_910": [8, 3], "car_911": [4, 0], "car_916": [4, 3], "car_917": [9, 7], "car_914": [8, 6], "car_915": [11, 7], "car_1114": [8, 3], "car_1115": [7, 1], "car_1116": [11, 4], "car_1117": [10, 1], "car_1110": [5, 7], "car_1111": [6, 4], "car_1112": [9, 7], "car_1113": [0, 4], "car_1118": [2, 1], "car_1119": [6, 7], "car_1284": [3, 0], "car_1285": [7, 4], "car_1286": [9, 4], "car_1287": [3, 0], "car_1280": [4, 2], "car_1281": [7, 5], "car_1282": [5, 1], "car_1283": [0, 2], "car_2130": [8, 4], "car_1288": [11, 1], "car_1289": [4, 7], "car_1744": [9, 0], "car_1028": [2, 5], "car_1029": [6, 1], "car_1758": [6, 7], "car_1759": [4, 5], "car_2007": [11, 7], "car_2006": [3, 1], "car_2005": [1, 5], "car_2004": [11, 4], "car_1020": [5, 4], "car_1021": [9, 3], "car_1022": [2, 4], "car_1023": [9, 6], "car_1024": [1, 7], "car_1025": [10, 1], "car_1026": [4, 7], "car_1027": [7, 5], "car_1598": [10, 3], "car_1599": [2, 0], "car_1590": [6, 5], "car_1591": [11, 6], "car_1592": [1, 6], "car_1593": [7, 3], "car_1594": [5, 2], "car_1595": [8, 6], "car_1596": [1, 3], "car_1597": [7, 1], "car_1746": [0, 1], "car_862": [4, 5], "car_863": [10, 7], "car_860": [5, 2], "car_861": [1, 5], "car_866": [11, 5], "car_867": [3, 5], "car_864": [3, 6], "car_865": [8, 5], "car_868": [1, 2], "car_869": [4, 0], "car_1741": [2, 4], "car_2137": [11, 2], "car_2136": [8, 5], "car_2135": [0, 2], "car_2134": [9, 3], "car_2133": [10, 1], "car_2132": [5, 2], "car_1628": [11, 7], "car_1629": [1, 4], "car_1626": [0, 4], "car_1627": [3, 6], "car_1624": [6, 4], "car_1625": [8, 7], "car_1622": [2, 0], "car_1623": [5, 1], "car_1620": [7, 2], "car_1621": [10, 4], "car_1740": [7, 4]}