{"car_545": [6, 5], "car_544": [2, 1], "car_547": [0, 4], "car_546": [9, 4], "car_541": [5, 2], "car_540": [7, 2], "car_543": [7, 6], "car_542": [3, 0], "car_549": [3, 2], "car_548": [3, 4], "car_468": [6, 5], "car_469": [11, 1], "car_466": [6, 3], "car_467": [11, 6], "car_464": [4, 2], "car_465": [8, 3], "car_462": [7, 6], "car_463": [5, 6], "car_460": [6, 3], "car_461": [4, 5], "car_211": [1, 2], "car_210": [3, 0], "car_213": [7, 3], "car_212": [0, 6], "car_215": [1, 5], "car_214": [0, 3], "car_217": [11, 2], "car_216": [6, 7], "car_219": [1, 2], "car_218": [4, 5], "car_352": [4, 0], "car_353": [2, 5], "car_354": [9, 1], "car_355": [11, 3], "car_356": [1, 7], "car_357": [4, 1], "car_608": [10, 4], "car_609": [6, 4], "car_602": [10, 6], "car_603": [2, 1], "car_600": [3, 4], "car_601": [8, 5], "car_606": [1, 6], "car_607": [5, 7], "car_604": [6, 5], "car_605": [8, 0], "car_518": [8, 3], "car_519": [7, 1], "car_510": [5, 1], "car_511": [1, 4], "car_679": [11, 6], "car_678": [7, 5], "car_677": [8, 0], "car_676": [7, 5], "car_675": [8, 4], "car_674": [3, 7], "car_673": [5, 4], "car_672": [7, 5], "car_671": [1, 2], "car_670": [0, 4], "car_10": [2, 1], "car_11": [6, 0], "car_12": [0, 1], "car_13": [5, 2], "car_14": [0, 1], "car_15": [8, 6], "car_16": [5, 2], "car_17": [11, 6], "car_18": [11, 4], "car_19": [8, 0], "car_703": [4, 6], "car_702": [1, 0], "car_701": [8, 3], "car_700": [2, 6], "car_707": [10, 0], "car_706": [4, 3], "car_705": [11, 5], "car_704": [2, 1], "car_698": [9, 7], "car_422": [5, 6], "car_423": [1, 0], "car_420": [9, 7], "car_421": [1, 3], "car_426": [0, 2], "car_427": [10, 5], "car_424": [4, 1], "car_425": [9, 2], "car_581": [5, 7], "car_580": [10, 3], "car_428": [9, 7], "car_429": [8, 3], "car_585": [9, 0], "car_584": [10, 6], "car_587": [6, 3], "car_586": [5, 0], "car_255": [3, 0], "car_254": [3, 4], "car_257": [1, 3], "car_256": [11, 7], "car_251": [7, 2], "car_250": [9, 4], "car_253": [4, 3], "car_252": [3, 6], "car_394": [3, 2], "car_395": [9, 0], "car_396": [3, 5], "car_397": [1, 0], "car_259": [9, 1], "car_258": [6, 2], "car_392": [1, 0], "car_393": [2, 1], "car_158": [9, 0], "car_159": [2, 5], "car_156": [0, 4], "car_157": [4, 7], "car_154": [7, 1], "car_155": [10, 4], "car_152": [6, 3], "car_153": [8, 1], "car_150": [4, 6], "car_151": [3, 4], "car_350": [0, 1], "car_351": [6, 2], "car_457": [9, 7], "car_456": [1, 3], "car_455": [8, 0], "car_454": [7, 5], "car_453": [3, 2], "car_452": [8, 3], "car_451": [3, 4], "car_450": [7, 3], "car_516": [4, 2], "car_517": [9, 5], "car_514": [3, 7], "car_515": [5, 4], "car_512": [1, 6], "car_513": [8, 4], "car_459": [10, 0], "car_458": [4, 1], "car_321": [1, 5], "car_320": [6, 1], "car_323": [7, 1], "car_322": [10, 1], "car_325": [5, 1], "car_324": [10, 3], "car_327": [11, 4], "car_326": [3, 7], "car_329": [1, 5], "car_328": [8, 3], "car_493": [0, 1], "car_492": [5, 2], "car_491": [1, 3], "car_633": [9, 5], "car_632": [11, 4], "car_631": [4, 1], "car_490": [9, 7], "car_637": [6, 5], "car_636": [10, 7], "car_635": [9, 7], "car_634": [1, 3], "car_497": [1, 0], "car_639": [9, 6], "car_638": [3, 1], "car_496": [2, 1], "car_268": [3, 6], "car_495": [6, 1], "car_140": [9, 0], "car_494": [1, 6], "car_144": [8, 0], "car_260": [3, 5], "car_189": [2, 6], "car_188": [3, 5], "car_261": [8, 4], "car_185": [6, 4], "car_184": [1, 7], "car_187": [2, 1], "car_186": [8, 2], "car_181": [4, 2], "car_180": [5, 1], "car_183": [3, 5], "car_182": [7, 0], "car_263": [2, 7], "car_299": [0, 3], "car_113": [5, 0], "car_110": [2, 5], "car_111": [3, 4], "car_116": [5, 1], "car_117": [11, 5], "car_114": [7, 2], "car_115": [2, 4], "car_291": [7, 0], "car_290": [11, 6], "car_118": [11, 0], "car_119": [2, 7], "car_295": [3, 5], "car_294": [8, 4], "car_297": [5, 7], "car_296": [0, 6], "car_54": [4, 5], "car_55": [7, 5], "car_56": [3, 2], "car_57": [1, 7], "car_50": [4, 7], "car_51": [3, 1], "car_52": [11, 7], "car_53": [0, 3], "car_58": [0, 7], "car_59": [1, 6], "car_552": [11, 2], "car_553": [8, 4], "car_550": [1, 2], "car_551": [5, 2], "car_556": [1, 4], "car_557": [7, 1], "car_554": [11, 5], "car_555": [1, 5], "car_558": [2, 5], "car_559": [6, 3], "car_365": [7, 4], "car_364": [6, 2], "car_367": [0, 6], "car_366": [10, 5], "car_361": [1, 0], "car_360": [7, 3], "car_363": [5, 3], "car_362": [4, 3], "car_413": [7, 3], "car_412": [4, 0], "car_411": [7, 4], "car_410": [8, 2], "car_369": [1, 3], "car_368": [1, 4], "car_415": [5, 3], "car_414": [0, 5], "car_167": [7, 2], "car_166": [2, 4], "car_165": [4, 3], "car_164": [9, 6], "car_163": [6, 3], "car_162": [5, 0], "car_161": [3, 1], "car_160": [6, 4], "car_206": [2, 4], "car_207": [9, 5], "car_204": [6, 4], "car_205": [5, 1], "car_202": [10, 3], "car_203": [0, 4], "car_169": [4, 2], "car_168": [2, 4], "car_527": [8, 7], "car_526": [4, 1], "car_525": [1, 3], "car_524": [0, 5], "car_523": [9, 1], "car_522": [2, 4], "car_521": [10, 2], "car_520": [3, 1], "car_529": [4, 5], "car_528": [1, 6], "car_489": [5, 0], "car_6": [0, 6], "car_7": [4, 7], "car_4": [2, 4], "car_5": [10, 7], "car_2": [11, 1], "car_3": [0, 5], "car_0": [11, 0], "car_1": [4, 0], "car_709": [8, 5], "car_708": [2, 1], "car_8": [2, 4], "car_9": [8, 6], "car_668": [7, 5], "car_669": [7, 5], "car_664": [6, 7], "car_665": [1, 6], "car_666": [6, 0], "car_667": [1, 3], "car_660": [5, 1], "car_661": [0, 3], "car_662": [8, 2], "car_663": [3, 7], "car_98": [11, 5], "car_99": [6, 2], "car_90": [7, 5], "car_91": [10, 5], "car_92": [4, 0], "car_93": [6, 5], "car_94": [3, 6], "car_95": [1, 7], "car_96": [2, 5], "car_97": [0, 1], "car_596": [4, 6], "car_578": [11, 2], "car_594": [8, 2], "car_595": [1, 2], "car_592": [7, 2], "car_593": [2, 1], "car_590": [11, 7], "car_579": [7, 6], "car_598": [2, 3], "car_599": [1, 2], "car_242": [5, 0], "car_243": [1, 3], "car_240": [0, 6], "car_241": [5, 3], "car_246": [11, 3], "car_247": [11, 6], "car_244": [2, 5], "car_245": [9, 4], "car_248": [10, 0], "car_249": [6, 3], "car_570": [5, 4], "car_129": [4, 6], "car_128": [8, 4], "car_571": [0, 4], "car_123": [3, 7], "car_122": [9, 6], "car_121": [7, 0], "car_120": [1, 0], "car_127": [9, 6], "car_126": [5, 3], "car_125": [7, 1], "car_124": [4, 6], "car_597": [3, 6], "car_444": [9, 3], "car_445": [5, 0], "car_446": [0, 2], "car_447": [3, 4], "car_440": [5, 2], "car_441": [7, 1], "car_442": [11, 2], "car_443": [2, 3], "car_563": [7, 2], "car_562": [11, 7], "car_561": [10, 0], "car_560": [11, 3], "car_448": [9, 5], "car_349": [2, 5], "car_565": [10, 6], "car_564": [8, 6], "car_237": [5, 2], "car_236": [7, 4], "car_235": [11, 3], "car_234": [4, 7], "car_233": [11, 3], "car_232": [8, 5], "car_338": [7, 3], "car_339": [5, 1], "car_336": [1, 0], "car_337": [9, 1], "car_334": [7, 3], "car_335": [7, 4], "car_332": [3, 4], "car_333": [4, 6], "car_330": [6, 0], "car_238": [7, 5], "car_408": [11, 2], "car_409": [9, 4], "car_620": [6, 5], "car_621": [10, 1], "car_622": [5, 0], "car_623": [5, 6], "car_624": [4, 5], "car_625": [8, 1], "car_626": [10, 4], "car_627": [8, 0], "car_628": [5, 6], "car_629": [9, 5], "car_347": [1, 0], "car_346": [2, 7], "car_630": [8, 1], "car_402": [11, 0], "car_403": [4, 2], "car_198": [1, 2], "car_199": [0, 3], "car_192": [5, 2], "car_193": [11, 6], "car_190": [5, 4], "car_191": [11, 5], "car_196": [1, 6], "car_197": [5, 7], "car_194": [0, 3], "car_195": [8, 1], "car_695": [5, 4], "car_694": [11, 4], "car_697": [10, 7], "car_696": [7, 1], "car_691": [6, 1], "car_690": [2, 4], "car_693": [9, 3], "car_692": [10, 4], "car_699": [4, 6], "car_279": [11, 2], "car_278": [6, 3], "car_36": [1, 4], "car_37": [10, 0], "car_34": [10, 5], "car_35": [5, 0], "car_32": [4, 3], "car_33": [7, 1], "car_30": [9, 5], "car_31": [8, 4], "car_499": [1, 6], "car_498": [2, 4], "car_38": [2, 5], "car_39": [9, 5], "car_286": [10, 2], "car_287": [9, 5], "car_284": [4, 5], "car_285": [2, 7], "car_282": [7, 4], "car_283": [0, 7], "car_280": [10, 3], "car_281": [10, 7], "car_288": [0, 6], "car_289": [0, 2], "car_178": [4, 2], "car_179": [7, 1], "car_43": [9, 2], "car_42": [9, 0], "car_41": [4, 3], "car_40": [9, 7], "car_47": [0, 1], "car_46": [8, 1], "car_45": [4, 3], "car_44": [8, 6], "car_49": [11, 6], "car_48": [0, 7], "car_566": [3, 4], "car_372": [9, 6], "car_373": [8, 5], "car_370": [3, 2], "car_371": [3, 2], "car_376": [3, 0], "car_377": [0, 3], "car_374": [10, 1], "car_375": [9, 4], "car_400": [9, 7], "car_401": [0, 1], "car_378": [1, 4], "car_379": [4, 5], "car_404": [0, 6], "car_405": [2, 6], "car_406": [1, 7], "car_407": [2, 0], "car_174": [0, 1], "car_175": [8, 1], "car_176": [0, 2], "car_177": [10, 1], "car_170": [6, 2], "car_171": [3, 7], "car_172": [4, 2], "car_173": [2, 1], "car_273": [7, 3], "car_272": [3, 6], "car_271": [0, 7], "car_270": [5, 4], "car_277": [9, 0], "car_276": [10, 2], "car_275": [11, 1], "car_274": [10, 5], "car_112": [11, 4], "car_298": [1, 7], "car_534": [2, 7], "car_535": [5, 7], "car_536": [3, 0], "car_537": [8, 4], "car_530": [6, 0], "car_531": [8, 5], "car_532": [10, 6], "car_358": [10, 6], "car_538": [7, 3], "car_539": [3, 1], "car_307": [2, 6], "car_306": [6, 7], "car_305": [8, 7], "car_304": [3, 6], "car_303": [10, 1], "car_302": [2, 3], "car_301": [1, 7], "car_300": [3, 0], "car_293": [0, 4], "car_309": [11, 6], "car_308": [3, 2], "car_292": [6, 0], "car_359": [3, 7], "car_710": [1, 7], "car_711": [4, 6], "car_712": [7, 1], "car_713": [10, 0], "car_714": [10, 5], "car_715": [11, 2], "car_716": [4, 0], "car_717": [4, 0], "car_659": [7, 3], "car_658": [9, 3], "car_651": [8, 4], "car_650": [3, 7], "car_653": [3, 2], "car_652": [1, 3], "car_655": [6, 1], "car_654": [11, 7], "car_657": [9, 7], "car_656": [9, 5], "car_78": [9, 7], "car_79": [3, 1], "car_72": [8, 4], "car_73": [1, 7], "car_70": [2, 6], "car_71": [3, 7], "car_76": [2, 0], "car_77": [6, 4], "car_74": [6, 0], "car_75": [9, 1], "car_87": [3, 4], "car_86": [0, 1], "car_85": [4, 2], "car_84": [8, 6], "car_83": [8, 0], "car_82": [10, 4], "car_81": [8, 5], "car_80": [0, 7], "car_533": [3, 6], "car_89": [3, 5], "car_88": [0, 5], "car_689": [7, 5], "car_138": [10, 5], "car_139": [5, 7], "car_130": [3, 1], "car_131": [3, 1], "car_132": [4, 0], "car_133": [0, 6], "car_134": [9, 0], "car_135": [0, 3], "car_136": [11, 0], "car_137": [1, 7], "car_569": [1, 4], "car_568": [10, 7], "car_471": [4, 6], "car_470": [1, 5], "car_473": [1, 3], "car_472": [10, 4], "car_475": [4, 1], "car_474": [4, 6], "car_477": [2, 1], "car_476": [6, 2], "car_479": [9, 0], "car_478": [9, 0], "car_572": [3, 4], "car_573": [2, 1], "car_574": [9, 7], "car_575": [2, 7], "car_576": [6, 7], "car_577": [0, 7], "car_224": [11, 4], "car_225": [6, 2], "car_226": [8, 0], "car_227": [3, 7], "car_220": [7, 5], "car_221": [0, 7], "car_222": [3, 2], "car_223": [8, 6], "car_343": [1, 2], "car_342": [6, 2], "car_341": [4, 2], "car_340": [1, 3], "car_228": [9, 6], "car_229": [0, 7], "car_345": [7, 5], "car_344": [4, 5], "car_567": [7, 6], "car_449": [0, 3], "car_619": [7, 2], "car_618": [9, 0], "car_615": [0, 5], "car_614": [11, 0], "car_617": [3, 4], "car_616": [5, 2], "car_611": [2, 5], "car_610": [9, 1], "car_613": [9, 0], "car_612": [1, 3], "car_591": [1, 2], "car_231": [2, 0], "car_683": [6, 5], "car_230": [1, 0], "car_419": [8, 4], "car_418": [5, 0], "car_682": [1, 2], "car_589": [5, 0], "car_680": [5, 3], "car_681": [11, 2], "car_686": [10, 5], "car_687": [6, 3], "car_684": [3, 4], "car_588": [8, 1], "car_688": [7, 0], "car_685": [11, 0], "car_239": [6, 4], "car_331": [4, 3], "car_25": [7, 6], "car_24": [4, 3], "car_27": [7, 2], "car_26": [10, 6], "car_21": [8, 0], "car_20": [1, 5], "car_23": [2, 1], "car_22": [7, 0], "car_488": [1, 3], "car_417": [8, 6], "car_29": [2, 5], "car_28": [0, 5], "car_416": [5, 2], "car_583": [7, 4], "car_582": [11, 3], "car_208": [10, 7], "car_209": [5, 3], "car_435": [7, 2], "car_434": [11, 2], "car_437": [5, 0], "car_436": [2, 3], "car_431": [10, 4], "car_430": [7, 0], "car_433": [11, 1], "car_432": [7, 5], "car_398": [0, 1], "car_439": [1, 7], "car_438": [6, 1], "car_399": [11, 2], "car_389": [3, 7], "car_388": [1, 4], "car_387": [9, 2], "car_386": [1, 5], "car_385": [8, 5], "car_384": [0, 6], "car_383": [7, 5], "car_382": [6, 1], "car_381": [8, 2], "car_380": [10, 1], "car_141": [10, 5], "car_269": [2, 7], "car_143": [4, 1], "car_142": [11, 1], "car_145": [7, 1], "car_200": [3, 4], "car_147": [4, 3], "car_146": [10, 1], "car_149": [8, 6], "car_148": [3, 5], "car_262": [1, 7], "car_201": [3, 4], "car_264": [6, 1], "car_265": [11, 4], "car_266": [10, 5], "car_267": [5, 3], "car_480": [3, 1], "car_481": [4, 1], "car_390": [1, 4], "car_482": [0, 6], "car_391": [7, 6], "car_483": [7, 6], "car_484": [9, 6], "car_485": [4, 0], "car_501": [11, 2], "car_500": [7, 4], "car_503": [9, 3], "car_502": [11, 6], "car_505": [11, 1], "car_486": [9, 0], "car_507": [9, 3], "car_506": [5, 6], "car_509": [0, 4], "car_508": [2, 4], "car_487": [9, 7], "car_314": [10, 7], "car_315": [7, 0], "car_316": [7, 2], "car_317": [8, 2], "car_310": [8, 6], "car_311": [9, 5], "car_312": [0, 3], "car_313": [6, 5], "car_318": [4, 6], "car_319": [7, 6], "car_646": [11, 6], "car_647": [1, 0], "car_644": [10, 5], "car_645": [3, 5], "car_642": [3, 0], "car_643": [0, 2], "car_640": [3, 4], "car_641": [6, 5], "car_648": [7, 1], "car_649": [0, 3], "car_69": [7, 3], "car_68": [4, 5], "car_61": [4, 5], "car_60": [4, 7], "car_63": [0, 1], "car_62": [10, 7], "car_65": [7, 5], "car_64": [3, 2], "car_67": [0, 1], "car_66": [1, 7], "car_504": [2, 0], "car_348": [11, 3], "car_105": [10, 5], "car_104": [10, 5], "car_107": [4, 0], "car_106": [6, 7], "car_101": [10, 6], "car_100": [11, 0], "car_103": [8, 1], "car_102": [2, 6], "car_109": [1, 6], "car_108": [10, 1]}