{"car_773": [0, 3], "car_545": [7, 6], "car_544": [8, 4], "car_547": [8, 6], "car_546": [6, 7], "car_541": [9, 3], "car_540": [4, 1], "car_543": [0, 1], "car_542": [6, 0], "car_549": [5, 7], "car_548": [4, 3], "car_468": [0, 4], "car_469": [4, 6], "car_466": [7, 1], "car_467": [10, 1], "car_464": [2, 0], "car_465": [8, 6], "car_462": [5, 2], "car_463": [4, 7], "car_460": [8, 6], "car_461": [1, 7], "car_211": [1, 0], "car_210": [1, 5], "car_213": [3, 7], "car_212": [5, 1], "car_215": [3, 0], "car_214": [5, 6], "car_217": [11, 3], "car_216": [9, 4], "car_219": [0, 7], "car_218": [10, 3], "car_352": [3, 4], "car_353": [5, 7], "car_354": [7, 3], "car_355": [5, 3], "car_356": [6, 1], "car_357": [2, 7], "car_608": [4, 7], "car_609": [4, 1], "car_602": [11, 4], "car_603": [2, 5], "car_600": [9, 2], "car_601": [8, 2], "car_606": [9, 6], "car_607": [1, 3], "car_604": [3, 7], "car_605": [4, 6], "car_518": [9, 3], "car_519": [9, 5], "car_776": [9, 0], "car_777": [4, 1], "car_774": [7, 2], "car_775": [8, 0], "car_772": [11, 5], "car_510": [7, 0], "car_770": [3, 5], "car_771": [8, 6], "car_511": [11, 2], "car_778": [2, 5], "car_779": [8, 3], "car_679": [4, 0], "car_678": [3, 0], "car_677": [6, 7], "car_676": [9, 1], "car_675": [2, 4], "car_674": [11, 6], "car_673": [8, 4], "car_672": [4, 1], "car_671": [10, 2], "car_670": [7, 2], "car_10": [5, 3], "car_11": [3, 6], "car_12": [8, 3], "car_13": [4, 7], "car_14": [2, 3], "car_15": [11, 0], "car_16": [8, 1], "car_17": [1, 0], "car_18": [8, 4], "car_19": [7, 2], "car_758": [3, 1], "car_759": [6, 3], "car_703": [3, 6], "car_702": [9, 6], "car_701": [6, 3], "car_789": [8, 3], "car_700": [3, 1], "car_783": [7, 2], "car_707": [11, 7], "car_781": [0, 3], "car_780": [1, 0], "car_787": [6, 2], "car_786": [8, 2], "car_785": [7, 5], "car_706": [6, 2], "car_705": [7, 4], "car_750": [9, 4], "car_704": [9, 1], "car_698": [11, 5], "car_422": [4, 2], "car_423": [6, 4], "car_420": [10, 3], "car_421": [9, 2], "car_426": [3, 5], "car_427": [8, 2], "car_424": [3, 1], "car_425": [11, 3], "car_581": [9, 0], "car_580": [6, 2], "car_428": [5, 6], "car_429": [6, 5], "car_585": [9, 5], "car_584": [2, 4], "car_587": [4, 3], "car_586": [0, 3], "car_255": [8, 0], "car_254": [5, 0], "car_257": [3, 7], "car_256": [1, 6], "car_251": [6, 0], "car_250": [11, 1], "car_253": [7, 3], "car_252": [3, 0], "car_394": [9, 6], "car_395": [4, 7], "car_396": [3, 2], "car_397": [7, 5], "car_259": [0, 4], "car_258": [1, 5], "car_392": [2, 4], "car_393": [3, 1], "car_158": [7, 0], "car_159": [10, 6], "car_156": [11, 7], "car_157": [3, 1], "car_154": [11, 4], "car_155": [1, 7], "car_152": [2, 5], "car_153": [6, 7], "car_150": [10, 7], "car_151": [11, 3], "car_350": [11, 2], "car_351": [7, 1], "car_457": [11, 5], "car_456": [4, 3], "car_455": [11, 7], "car_454": [1, 7], "car_453": [8, 2], "car_452": [10, 2], "car_451": [10, 7], "car_450": [5, 0], "car_516": [4, 6], "car_517": [0, 2], "car_514": [2, 5], "car_515": [0, 1], "car_512": [9, 4], "car_513": [3, 7], "car_459": [7, 1], "car_458": [1, 2], "car_321": [1, 2], "car_320": [6, 5], "car_323": [6, 3], "car_322": [5, 7], "car_325": [4, 1], "car_324": [8, 5], "car_327": [10, 4], "car_326": [0, 7], "car_329": [7, 0], "car_328": [4, 0], "car_493": [1, 7], "car_492": [2, 3], "car_491": [11, 3], "car_633": [5, 3], "car_632": [4, 6], "car_631": [9, 1], "car_490": [10, 0], "car_637": [0, 1], "car_636": [6, 5], "car_635": [6, 4], "car_634": [11, 0], "car_732": [8, 0], "car_497": [10, 3], "car_639": [9, 3], "car_638": [3, 6], "car_736": [8, 7], "car_730": [5, 3], "car_734": [7, 3], "car_496": [1, 5], "car_268": [2, 1], "car_731": [0, 3], "car_495": [3, 1], "car_140": [0, 7], "car_494": [10, 7], "car_737": [2, 4], "car_735": [2, 0], "car_144": [1, 5], "car_260": [10, 3], "car_189": [2, 0], "car_188": [8, 5], "car_261": [2, 1], "car_185": [0, 4], "car_184": [6, 0], "car_187": [10, 7], "car_186": [2, 7], "car_181": [1, 6], "car_180": [11, 4], "car_183": [11, 0], "car_182": [1, 6], "car_263": [10, 5], "car_749": [10, 7], "car_748": [8, 0], "car_747": [8, 4], "car_746": [2, 5], "car_745": [0, 5], "car_744": [1, 6], "car_743": [6, 0], "car_742": [1, 4], "car_741": [9, 1], "car_740": [11, 0], "car_768": [8, 1], "car_299": [2, 4], "car_113": [8, 2], "car_110": [0, 1], "car_111": [10, 5], "car_116": [7, 5], "car_117": [0, 6], "car_114": [7, 1], "car_115": [6, 1], "car_291": [3, 4], "car_290": [10, 3], "car_118": [8, 5], "car_119": [11, 6], "car_295": [3, 7], "car_294": [0, 2], "car_297": [0, 3], "car_296": [9, 4], "car_54": [7, 0], "car_55": [9, 3], "car_56": [7, 6], "car_57": [2, 7], "car_50": [8, 7], "car_51": [10, 0], "car_52": [6, 5], "car_53": [9, 4], "car_58": [6, 2], "car_59": [3, 0], "car_552": [6, 3], "car_553": [0, 4], "car_550": [8, 6], "car_551": [2, 6], "car_556": [9, 1], "car_557": [9, 4], "car_554": [11, 1], "car_555": [6, 7], "car_558": [10, 4], "car_559": [8, 0], "car_365": [10, 4], "car_364": [7, 4], "car_367": [3, 7], "car_366": [9, 3], "car_361": [2, 5], "car_360": [2, 3], "car_363": [5, 1], "car_362": [4, 5], "car_413": [2, 0], "car_412": [3, 0], "car_411": [9, 4], "car_410": [1, 0], "car_369": [7, 0], "car_368": [7, 1], "car_415": [9, 3], "car_414": [10, 1], "car_167": [4, 7], "car_166": [2, 1], "car_165": [8, 6], "car_164": [6, 4], "car_163": [0, 3], "car_162": [5, 2], "car_161": [7, 2], "car_160": [3, 4], "car_206": [4, 6], "car_207": [10, 0], "car_204": [2, 4], "car_205": [9, 2], "car_202": [4, 0], "car_203": [6, 1], "car_169": [5, 4], "car_168": [10, 1], "car_527": [8, 6], "car_526": [9, 0], "car_525": [10, 1], "car_524": [3, 1], "car_523": [5, 7], "car_522": [0, 1], "car_521": [9, 1], "car_520": [3, 2], "car_529": [11, 1], "car_528": [2, 4], "car_489": [4, 1], "car_6": [4, 7], "car_7": [7, 1], "car_4": [3, 0], "car_5": [8, 3], "car_2": [9, 2], "car_3": [1, 0], "car_0": [1, 0], "car_1": [10, 3], "car_709": [10, 5], "car_708": [4, 3], "car_8": [11, 4], "car_9": [4, 3], "car_668": [8, 1], "car_669": [4, 6], "car_664": [6, 1], "car_665": [9, 7], "car_666": [0, 1], "car_667": [3, 4], "car_660": [0, 1], "car_661": [3, 6], "car_662": [7, 4], "car_663": [10, 5], "car_98": [7, 1], "car_99": [0, 6], "car_90": [11, 0], "car_91": [6, 0], "car_92": [10, 0], "car_93": [11, 2], "car_94": [8, 6], "car_95": [0, 2], "car_96": [4, 3], "car_97": [6, 5], "car_596": [7, 2], "car_578": [3, 2], "car_594": [7, 6], "car_595": [6, 1], "car_592": [0, 3], "car_593": [4, 6], "car_590": [7, 2], "car_579": [10, 0], "car_598": [2, 3], "car_599": [5, 0], "car_790": [0, 7], "car_791": [7, 4], "car_792": [5, 7], "car_242": [6, 3], "car_243": [3, 7], "car_240": [4, 6], "car_241": [7, 6], "car_246": [7, 1], "car_247": [2, 0], "car_244": [10, 1], "car_245": [8, 7], "car_248": [11, 0], "car_249": [1, 2], "car_570": [3, 6], "car_129": [5, 0], "car_128": [4, 0], "car_571": [8, 3], "car_123": [7, 1], "car_122": [1, 5], "car_121": [8, 1], "car_120": [9, 7], "car_127": [5, 2], "car_126": [3, 4], "car_125": [10, 6], "car_124": [5, 1], "car_597": [10, 6], "car_444": [9, 1], "car_445": [6, 7], "car_446": [8, 3], "car_447": [11, 4], "car_440": [7, 3], "car_441": [0, 1], "car_442": [10, 6], "car_443": [6, 0], "car_563": [4, 7], "car_562": [8, 7], "car_561": [7, 4], "car_560": [4, 2], "car_448": [2, 4], "car_349": [5, 3], "car_565": [11, 5], "car_564": [10, 4], "car_237": [11, 6], "car_236": [3, 7], "car_235": [2, 5], "car_234": [4, 1], "car_233": [9, 5], "car_232": [0, 1], "car_338": [2, 4], "car_339": [2, 3], "car_336": [11, 0], "car_337": [0, 5], "car_334": [3, 5], "car_335": [7, 1], "car_332": [2, 5], "car_333": [3, 5], "car_330": [0, 4], "car_238": [3, 4], "car_408": [7, 5], "car_409": [4, 1], "car_620": [3, 2], "car_621": [9, 7], "car_622": [1, 3], "car_623": [2, 0], "car_624": [5, 2], "car_625": [0, 5], "car_626": [1, 5], "car_627": [7, 5], "car_628": [7, 4], "car_629": [5, 4], "car_347": [7, 6], "car_346": [0, 5], "car_630": [5, 1], "car_729": [2, 1], "car_402": [6, 1], "car_728": [6, 0], "car_403": [1, 6], "car_198": [2, 3], "car_199": [5, 7], "car_192": [2, 5], "car_193": [6, 3], "car_190": [11, 0], "car_191": [4, 1], "car_196": [0, 5], "car_197": [4, 2], "car_194": [10, 7], "car_195": [3, 7], "car_695": [6, 0], "car_694": [2, 6], "car_697": [9, 0], "car_696": [9, 3], "car_691": [3, 5], "car_690": [6, 4], "car_693": [10, 6], "car_692": [10, 5], "car_754": [10, 1], "car_755": [9, 2], "car_756": [3, 5], "car_757": [7, 2], "car_699": [6, 0], "car_279": [3, 2], "car_752": [7, 6], "car_753": [9, 1], "car_278": [1, 0], "car_723": [3, 0], "car_722": [4, 7], "car_36": [9, 3], "car_37": [4, 6], "car_34": [9, 5], "car_35": [0, 4], "car_32": [4, 5], "car_33": [10, 3], "car_30": [3, 4], "car_31": [8, 0], "car_499": [7, 0], "car_498": [5, 4], "car_38": [8, 1], "car_39": [10, 3], "car_286": [7, 0], "car_287": [2, 0], "car_284": [2, 3], "car_285": [2, 4], "car_282": [5, 6], "car_283": [5, 3], "car_280": [10, 5], "car_281": [2, 4], "car_288": [1, 4], "car_289": [7, 2], "car_178": [3, 0], "car_179": [10, 3], "car_43": [6, 2], "car_42": [7, 4], "car_41": [8, 2], "car_40": [5, 4], "car_47": [3, 6], "car_46": [0, 7], "car_45": [5, 2], "car_44": [2, 0], "car_49": [2, 7], "car_48": [2, 3], "car_566": [4, 3], "car_372": [8, 2], "car_373": [3, 5], "car_370": [2, 4], "car_371": [0, 6], "car_376": [10, 0], "car_377": [0, 6], "car_374": [6, 7], "car_375": [8, 1], "car_400": [6, 3], "car_401": [7, 6], "car_378": [10, 5], "car_379": [2, 6], "car_404": [3, 7], "car_405": [0, 7], "car_406": [4, 2], "car_407": [6, 7], "car_174": [4, 6], "car_175": [2, 5], "car_176": [0, 7], "car_177": [3, 4], "car_170": [9, 0], "car_171": [7, 3], "car_172": [5, 0], "car_173": [3, 1], "car_273": [2, 7], "car_272": [9, 0], "car_271": [0, 3], "car_270": [7, 4], "car_277": [7, 5], "car_276": [11, 5], "car_275": [3, 4], "car_274": [3, 7], "car_112": [3, 7], "car_298": [7, 2], "car_534": [3, 2], "car_535": [9, 2], "car_536": [0, 1], "car_537": [11, 3], "car_530": [2, 1], "car_531": [5, 0], "car_532": [3, 2], "car_358": [6, 5], "car_538": [7, 1], "car_539": [1, 2], "car_307": [4, 3], "car_306": [2, 1], "car_305": [10, 3], "car_304": [9, 0], "car_303": [9, 1], "car_302": [4, 7], "car_301": [10, 1], "car_300": [11, 2], "car_293": [4, 0], "car_309": [11, 1], "car_308": [11, 5], "car_292": [11, 6], "car_359": [0, 3], "car_710": [3, 5], "car_711": [4, 2], "car_712": [9, 3], "car_713": [0, 4], "car_714": [11, 3], "car_715": [4, 2], "car_716": [11, 6], "car_717": [9, 5], "car_718": [1, 0], "car_719": [4, 5], "car_659": [2, 0], "car_658": [1, 2], "car_651": [6, 4], "car_650": [5, 4], "car_653": [3, 7], "car_652": [2, 7], "car_655": [7, 1], "car_654": [4, 0], "car_657": [8, 6], "car_656": [0, 4], "car_78": [10, 3], "car_79": [5, 2], "car_72": [8, 0], "car_73": [3, 5], "car_70": [10, 6], "car_71": [4, 5], "car_76": [4, 0], "car_77": [2, 1], "car_74": [11, 3], "car_75": [9, 1], "car_87": [2, 4], "car_86": [7, 1], "car_85": [11, 4], "car_84": [1, 5], "car_83": [8, 1], "car_82": [3, 5], "car_81": [10, 6], "car_80": [9, 4], "car_533": [4, 2], "car_89": [8, 2], "car_88": [3, 6], "car_689": [4, 0], "car_784": [11, 3], "car_138": [11, 0], "car_139": [0, 7], "car_788": [5, 4], "car_130": [0, 5], "car_131": [11, 7], "car_132": [9, 1], "car_133": [7, 4], "car_134": [9, 4], "car_135": [8, 2], "car_136": [11, 6], "car_137": [10, 2], "car_569": [4, 0], "car_568": [5, 1], "car_782": [8, 6], "car_471": [1, 2], "car_470": [9, 1], "car_473": [5, 0], "car_472": [9, 0], "car_475": [8, 0], "car_474": [3, 6], "car_477": [1, 7], "car_476": [11, 7], "car_479": [6, 2], "car_478": [7, 5], "car_572": [1, 4], "car_573": [7, 4], "car_574": [10, 7], "car_575": [6, 7], "car_576": [11, 1], "car_577": [0, 4], "car_224": [4, 0], "car_225": [5, 4], "car_226": [10, 1], "car_227": [8, 2], "car_220": [8, 3], "car_221": [3, 7], "car_222": [10, 1], "car_223": [2, 0], "car_343": [0, 5], "car_342": [2, 3], "car_341": [2, 5], "car_340": [8, 2], "car_228": [5, 1], "car_229": [4, 3], "car_345": [2, 7], "car_344": [8, 4], "car_567": [10, 3], "car_739": [8, 4], "car_449": [2, 4], "car_619": [6, 5], "car_618": [2, 7], "car_615": [1, 2], "car_614": [11, 1], "car_617": [2, 1], "car_616": [10, 0], "car_611": [1, 2], "car_610": [11, 4], "car_613": [0, 2], "car_612": [7, 2], "car_591": [5, 3], "car_769": [10, 0], "car_231": [9, 3], "car_683": [3, 6], "car_230": [7, 3], "car_419": [8, 7], "car_418": [10, 5], "car_682": [2, 7], "car_589": [11, 2], "car_680": [5, 1], "car_681": [10, 0], "car_686": [9, 1], "car_687": [4, 0], "car_684": [8, 1], "car_588": [2, 5], "car_761": [5, 7], "car_760": [9, 0], "car_688": [6, 0], "car_685": [5, 2], "car_765": [6, 0], "car_764": [6, 2], "car_767": [5, 2], "car_766": [9, 2], "car_239": [9, 7], "car_331": [2, 3], "car_763": [5, 6], "car_25": [3, 7], "car_24": [0, 6], "car_27": [10, 6], "car_26": [8, 0], "car_21": [2, 5], "car_20": [8, 7], "car_23": [9, 4], "car_22": [6, 1], "car_488": [9, 1], "car_417": [9, 3], "car_29": [5, 6], "car_28": [11, 4], "car_416": [2, 4], "car_583": [7, 4], "car_582": [10, 0], "car_733": [8, 0], "car_208": [1, 3], "car_209": [3, 5], "car_435": [6, 1], "car_434": [8, 5], "car_437": [9, 2], "car_436": [8, 4], "car_431": [10, 0], "car_430": [11, 1], "car_433": [6, 1], "car_432": [11, 6], "car_398": [6, 4], "car_439": [11, 0], "car_438": [3, 0], "car_399": [0, 3], "car_389": [9, 0], "car_388": [1, 7], "car_387": [8, 6], "car_386": [4, 7], "car_385": [2, 7], "car_384": [0, 4], "car_383": [11, 0], "car_382": [9, 5], "car_381": [5, 3], "car_380": [6, 3], "car_141": [6, 7], "car_269": [8, 3], "car_143": [0, 7], "car_142": [5, 1], "car_145": [6, 4], "car_200": [8, 3], "car_147": [2, 5], "car_146": [10, 0], "car_149": [0, 4], "car_148": [5, 3], "car_262": [6, 4], "car_201": [11, 7], "car_264": [3, 2], "car_265": [6, 5], "car_266": [1, 2], "car_267": [7, 2], "car_480": [5, 3], "car_481": [0, 2], "car_390": [3, 5], "car_482": [11, 2], "car_391": [8, 0], "car_483": [3, 7], "car_484": [8, 4], "car_485": [9, 2], "car_501": [5, 6], "car_500": [3, 4], "car_503": [8, 6], "car_502": [8, 3], "car_505": [1, 7], "car_486": [3, 1], "car_507": [1, 6], "car_506": [6, 7], "car_509": [2, 6], "car_508": [10, 0], "car_487": [7, 5], "car_314": [5, 7], "car_315": [0, 1], "car_316": [4, 5], "car_317": [5, 6], "car_310": [0, 7], "car_311": [4, 7], "car_312": [6, 2], "car_313": [11, 3], "car_318": [0, 2], "car_319": [2, 5], "car_646": [5, 0], "car_647": [4, 7], "car_644": [3, 4], "car_645": [7, 4], "car_642": [7, 0], "car_643": [9, 2], "car_640": [7, 3], "car_641": [5, 0], "car_725": [9, 2], "car_724": [1, 2], "car_727": [2, 7], "car_726": [1, 0], "car_721": [2, 3], "car_720": [6, 4], "car_648": [6, 2], "car_649": [8, 6], "car_69": [6, 1], "car_68": [8, 6], "car_61": [2, 3], "car_60": [11, 2], "car_63": [4, 1], "car_62": [10, 3], "car_65": [1, 5], "car_64": [3, 5], "car_67": [3, 5], "car_66": [9, 0], "car_504": [11, 3], "car_738": [10, 5], "car_751": [0, 6], "car_348": [4, 3], "car_105": [2, 3], "car_104": [9, 6], "car_107": [1, 4], "car_106": [5, 1], "car_101": [6, 0], "car_100": [1, 7], "car_103": [7, 3], "car_102": [11, 2], "car_109": [7, 2], "car_108": [2, 3], "car_762": [2, 5]}