{"car_2009": [0, 6], "car_468": [6, 4], "car_469": [8, 6], "car_466": [11, 7], "car_467": [4, 5], "car_464": [8, 0], "car_465": [9, 4], "car_462": [7, 3], "car_463": [10, 4], "car_460": [3, 7], "car_461": [8, 7], "car_817": [8, 1], "car_816": [3, 7], "car_815": [9, 7], "car_814": [6, 2], "car_813": [9, 6], "car_812": [6, 2], "car_2072": [4, 3], "car_811": [8, 6], "car_2073": [7, 6], "car_810": [10, 6], "car_679": [1, 0], "car_678": [8, 6], "car_677": [3, 4], "car_676": [2, 6], "car_675": [4, 2], "car_674": [8, 5], "car_673": [0, 5], "car_672": [10, 2], "car_671": [8, 5], "car_670": [3, 0], "car_2078": [3, 0], "car_2079": [10, 2], "car_789": [5, 1], "car_788": [2, 6], "car_783": [5, 4], "car_782": [11, 1], "car_781": [4, 6], "car_780": [1, 5], "car_787": [5, 1], "car_786": [1, 2], "car_785": [1, 7], "car_784": [3, 2], "car_0": [0, 6], "car_1179": [10, 2], "car_255": [7, 0], "car_254": [11, 6], "car_257": [10, 5], "car_256": [0, 3], "car_251": [3, 6], "car_250": [9, 1], "car_253": [0, 3], "car_252": [9, 6], "car_1961": [3, 1], "car_1960": [6, 1], "car_1963": [2, 3], "car_1962": [7, 5], "car_259": [5, 2], "car_258": [2, 1], "car_1967": [1, 6], "car_1966": [3, 6], "car_1170": [3, 2], "car_1171": [8, 1], "car_1565": [9, 5], "car_1564": [10, 6], "car_1567": [3, 2], "car_1566": [0, 5], "car_1561": [1, 2], "car_1560": [3, 0], "car_1563": [10, 4], "car_1562": [4, 5], "car_1569": [11, 2], "car_1568": [8, 6], "car_1413": [4, 1], "car_1363": [10, 2], "car_1362": [4, 6], "car_1361": [11, 2], "car_1360": [6, 3], "car_1367": [2, 0], "car_1366": [10, 1], "car_1365": [4, 7], "car_1364": [8, 3], "car_1369": [0, 1], "car_1368": [6, 5], "car_321": [0, 6], "car_320": [6, 7], "car_323": [1, 7], "car_322": [8, 2], "car_325": [9, 7], "car_324": [4, 0], "car_327": [8, 4], "car_326": [3, 1], "car_329": [3, 6], "car_328": [1, 2], "car_1107": [10, 4], "car_1106": [7, 4], "car_1105": [1, 3], "car_1104": [2, 4], "car_1103": [1, 5], "car_1102": [11, 1], "car_1101": [3, 7], "car_1100": [0, 6], "car_1109": [0, 4], "car_1108": [2, 1], "car_1297": [10, 2], "car_1296": [7, 0], "car_1295": [2, 1], "car_1294": [9, 7], "car_1293": [2, 4], "car_1292": [7, 5], "car_1291": [8, 6], "car_1290": [0, 4], "car_1299": [3, 4], "car_1298": [0, 1], "car_2036": [4, 7], "car_2037": [10, 2], "car_1039": [5, 4], "car_1038": [2, 4], "car_1749": [2, 0], "car_1748": [10, 5], "car_2030": [6, 0], "car_2031": [9, 4], "car_1033": [6, 1], "car_1032": [2, 7], "car_1031": [11, 5], "car_1030": [10, 4], "car_1037": [7, 0], "car_1036": [11, 5], "car_1035": [3, 0], "car_1034": [4, 5], "car_1589": [0, 6], "car_1588": [10, 2], "car_1583": [6, 4], "car_1582": [2, 3], "car_1581": [11, 5], "car_1580": [3, 1], "car_1587": [7, 6], "car_1586": [4, 1], "car_1585": [8, 3], "car_1584": [0, 3], "car_1852": [11, 6], "car_1906": [0, 6], "car_899": [3, 2], "car_898": [5, 6], "car_897": [10, 6], "car_896": [9, 1], "car_895": [0, 3], "car_894": [4, 1], "car_893": [3, 1], "car_892": [5, 4], "car_891": [10, 7], "car_890": [7, 4], "car_2108": [6, 2], "car_2109": [0, 7], "car_2102": [6, 5], "car_2103": [0, 6], "car_2100": [4, 6], "car_2101": [10, 3], "car_2106": [8, 6], "car_2107": [11, 4], "car_2104": [6, 5], "car_2105": [9, 6], "car_1631": [7, 2], "car_1630": [11, 0], "car_1633": [5, 6], "car_1632": [10, 5], "car_1635": [2, 4], "car_1634": [4, 7], "car_1637": [4, 7], "car_1636": [5, 1], "car_1639": [2, 5], "car_1638": [10, 4], "car_1751": [9, 0], "car_1756": [8, 6], "car_419": [3, 4], "car_418": [9, 0], "car_413": [0, 4], "car_412": [5, 7], "car_411": [2, 4], "car_410": [10, 6], "car_417": [7, 1], "car_416": [4, 7], "car_415": [2, 7], "car_414": [1, 4], "car_1679": [9, 2], "car_1678": [6, 4], "car_527": [9, 3], "car_526": [1, 3], "car_525": [11, 2], "car_524": [8, 7], "car_523": [6, 0], "car_522": [1, 6], "car_521": [8, 7], "car_520": [3, 7], "car_1671": [0, 5], "car_1889": [7, 3], "car_529": [4, 3], "car_528": [8, 1], "car_1884": [7, 6], "car_1885": [5, 4], "car_668": [2, 6], "car_669": [9, 6], "car_664": [3, 0], "car_665": [11, 4], "car_666": [1, 6], "car_667": [9, 0], "car_660": [2, 7], "car_661": [0, 4], "car_662": [11, 6], "car_663": [4, 6], "car_1854": [4, 0], "car_798": [7, 3], "car_799": [9, 5], "car_790": [6, 2], "car_791": [1, 3], "car_792": [10, 4], "car_793": [10, 1], "car_794": [2, 3], "car_795": [8, 4], "car_796": [1, 0], "car_797": [4, 7], "car_242": [11, 5], "car_243": [4, 7], "car_240": [10, 0], "car_241": [3, 7], "car_246": [1, 7], "car_247": [4, 2], "car_244": [5, 2], "car_245": [6, 7], "car_1914": [8, 5], "car_1915": [7, 0], "car_248": [7, 1], "car_249": [6, 7], "car_1910": [4, 3], "car_1911": [2, 5], "car_1912": [9, 0], "car_1913": [2, 1], "car_1356": [2, 7], "car_1357": [9, 3], "car_1354": [0, 3], "car_1355": [1, 3], "car_1352": [7, 1], "car_1353": [6, 4], "car_1350": [3, 4], "car_1351": [4, 0], "car_1358": [3, 2], "car_1359": [4, 6], "car_1831": [3, 5], "car_1820": [11, 2], "car_1821": [4, 3], "car_1822": [10, 0], "car_1823": [6, 4], "car_1824": [3, 2], "car_1825": [8, 7], "car_338": [4, 5], "car_339": [5, 0], "car_336": [1, 5], "car_337": [3, 4], "car_334": [3, 7], "car_335": [11, 6], "car_332": [7, 3], "car_333": [6, 0], "car_330": [8, 5], "car_331": [4, 0], "car_1138": [4, 0], "car_1139": [9, 4], "car_1132": [1, 0], "car_1133": [6, 1], "car_1130": [3, 0], "car_1131": [11, 4], "car_1136": [5, 0], "car_1137": [11, 1], "car_1134": [8, 6], "car_1135": [11, 5], "car_1839": [3, 7], "car_1838": [5, 4], "car_2029": [1, 2], "car_2028": [0, 3], "car_2021": [5, 0], "car_2020": [2, 4], "car_2023": [0, 4], "car_2022": [6, 1], "car_2025": [8, 6], "car_2024": [3, 7], "car_2027": [9, 7], "car_2026": [7, 4], "car_1008": [6, 5], "car_1009": [9, 6], "car_1006": [11, 0], "car_1007": [5, 1], "car_1004": [0, 7], "car_1005": [3, 1], "car_1002": [11, 4], "car_1003": [1, 2], "car_1000": [2, 7], "car_1001": [5, 1], "car_1924": [3, 6], "car_36": [1, 2], "car_37": [6, 4], "car_34": [10, 7], "car_35": [5, 7], "car_888": [9, 6], "car_889": [1, 0], "car_30": [2, 5], "car_31": [3, 0], "car_884": [8, 4], "car_885": [10, 3], "car_886": [2, 0], "car_887": [5, 6], "car_880": [9, 4], "car_881": [3, 5], "car_882": [10, 1], "car_883": [0, 5], "car_2119": [3, 0], "car_2118": [0, 4], "car_2115": [7, 2], "car_2114": [0, 1], "car_2117": [9, 6], "car_2116": [10, 1], "car_2111": [4, 1], "car_2110": [1, 0], "car_2113": [9, 6], "car_2112": [5, 4], "car_1644": [6, 3], "car_1645": [0, 3], "car_1646": [10, 7], "car_1647": [8, 3], "car_1640": [6, 7], "car_1641": [9, 1], "car_1642": [2, 6], "car_1643": [5, 3], "car_1648": [11, 2], "car_1649": [1, 3], "car_2159": [8, 7], "car_2158": [3, 7], "car_408": [3, 0], "car_409": [1, 2], "car_400": [1, 2], "car_401": [9, 7], "car_402": [5, 6], "car_403": [3, 4], "car_404": [2, 5], "car_405": [5, 7], "car_406": [9, 1], "car_407": [0, 6], "car_1769": [6, 4], "car_534": [0, 5], "car_535": [8, 7], "car_536": [11, 6], "car_537": [1, 3], "car_530": [8, 1], "car_531": [4, 0], "car_532": [6, 2], "car_533": [9, 2], "car_538": [3, 4], "car_539": [7, 5], "car_659": [10, 1], "car_658": [1, 5], "car_651": [0, 6], "car_650": [5, 0], "car_653": [7, 6], "car_652": [3, 7], "car_655": [0, 6], "car_654": [10, 7], "car_657": [11, 6], "car_656": [3, 0], "car_1929": [4, 3], "car_2195": [2, 1], "car_2194": [7, 3], "car_1764": [11, 0], "car_2191": [3, 2], "car_1928": [0, 7], "car_2190": [0, 3], "car_2193": [1, 4], "car_1909": [11, 6], "car_1908": [8, 0], "car_1907": [3, 0], "car_1763": [3, 6], "car_1905": [7, 4], "car_1904": [1, 4], "car_1903": [3, 1], "car_1902": [0, 2], "car_1901": [2, 7], "car_1900": [11, 7], "car_1349": [9, 3], "car_1348": [2, 0], "car_1762": [0, 3], "car_1341": [6, 5], "car_1340": [0, 2], "car_1343": [3, 6], "car_1342": [0, 2], "car_1345": [5, 3], "car_1344": [1, 0], "car_1347": [1, 5], "car_1346": [9, 6], "car_1833": [0, 1], "car_1832": [1, 7], "car_349": [0, 3], "car_348": [6, 4], "car_1837": [10, 6], "car_1836": [1, 4], "car_1835": [11, 5], "car_1834": [3, 5], "car_343": [7, 6], "car_342": [11, 1], "car_341": [3, 5], "car_340": [0, 2], "car_347": [10, 2], "car_346": [1, 7], "car_345": [11, 6], "car_344": [8, 1], "car_1129": [9, 0], "car_1128": [6, 4], "car_1125": [8, 7], "car_1124": [3, 0], "car_1127": [7, 5], "car_1126": [11, 5], "car_1121": [10, 7], "car_1120": [4, 1], "car_1123": [6, 4], "car_1122": [2, 6], "car_1402": [7, 6], "car_1403": [0, 2], "car_1400": [3, 5], "car_1401": [8, 4], "car_1406": [11, 7], "car_1407": [1, 6], "car_1404": [1, 3], "car_1405": [6, 5], "car_2058": [0, 6], "car_2059": [4, 5], "car_2054": [3, 7], "car_2055": [4, 3], "car_2056": [1, 5], "car_2057": [5, 7], "car_2050": [8, 1], "car_2051": [1, 3], "car_2052": [4, 6], "car_2053": [7, 3], "car_1011": [4, 2], "car_1010": [0, 5], "car_1013": [10, 3], "car_1012": [7, 2], "car_1015": [5, 2], "car_1014": [1, 3], "car_1017": [1, 3], "car_1016": [11, 6], "car_1019": [3, 1], "car_1018": [0, 7], "car_25": [7, 2], "car_24": [1, 7], "car_27": [9, 1], "car_26": [2, 5], "car_21": [2, 0], "car_20": [7, 0], "car_23": [8, 2], "car_22": [6, 5], "car_29": [7, 0], "car_28": [1, 0], "car_1657": [4, 2], "car_1656": [0, 4], "car_1655": [7, 0], "car_1654": [1, 7], "car_1653": [11, 2], "car_1652": [0, 3], "car_1651": [5, 7], "car_1650": [7, 5], "car_1659": [9, 6], "car_1658": [6, 2], "car_1969": [3, 6], "car_1843": [2, 6], "car_435": [2, 7], "car_434": [10, 6], "car_437": [9, 4], "car_436": [6, 3], "car_431": [5, 0], "car_430": [11, 6], "car_433": [4, 2], "car_432": [1, 4], "car_1846": [10, 7], "car_439": [2, 3], "car_438": [11, 2], "car_1847": [1, 4], "car_1845": [4, 5], "car_1848": [7, 0], "car_1968": [6, 4], "car_1849": [10, 5], "car_1965": [6, 2], "car_1964": [6, 7], "car_501": [6, 3], "car_500": [2, 5], "car_503": [5, 1], "car_502": [1, 3], "car_505": [7, 4], "car_504": [11, 4], "car_507": [5, 2], "car_506": [10, 2], "car_509": [2, 7], "car_508": [3, 1], "car_1745": [6, 3], "car_646": [11, 3], "car_647": [2, 3], "car_644": [9, 5], "car_645": [3, 2], "car_642": [2, 7], "car_643": [5, 3], "car_640": [2, 7], "car_641": [8, 5], "car_648": [5, 3], "car_649": [3, 6], "car_1830": [9, 1], "car_1932": [3, 7], "car_1933": [10, 5], "car_1930": [7, 0], "car_1931": [9, 1], "car_1936": [10, 0], "car_1937": [2, 1], "car_1934": [0, 6], "car_1935": [1, 7], "car_1938": [9, 7], "car_1939": [11, 0], "car_1717": [1, 3], "car_1338": [2, 3], "car_1339": [5, 4], "car_1334": [8, 5], "car_1335": [11, 7], "car_1336": [1, 6], "car_1337": [7, 2], "car_1330": [4, 1], "car_1331": [7, 0], "car_1332": [6, 7], "car_1333": [0, 5], "car_1711": [4, 0], "car_358": [0, 4], "car_359": [3, 7], "car_1804": [9, 0], "car_1805": [10, 2], "car_1802": [8, 4], "car_1803": [2, 6], "car_1800": [10, 1], "car_1801": [5, 3], "car_350": [3, 4], "car_351": [7, 2], "car_352": [10, 0], "car_353": [0, 6], "car_354": [3, 2], "car_355": [1, 0], "car_356": [4, 1], "car_357": [6, 5], "car_1482": [8, 6], "car_1483": [5, 2], "car_1480": [0, 6], "car_1481": [3, 7], "car_1486": [4, 6], "car_1487": [7, 1], "car_1484": [11, 0], "car_1485": [1, 0], "car_1488": [5, 0], "car_1489": [6, 7], "car_1240": [2, 7], "car_1241": [9, 0], "car_1242": [0, 7], "car_1243": [1, 0], "car_1244": [4, 6], "car_1245": [7, 3], "car_1246": [10, 2], "car_1247": [5, 2], "car_1248": [3, 2], "car_1249": [0, 3], "car_1747": [1, 6], "car_1879": [5, 0], "car_2049": [0, 1], "car_2048": [6, 3], "car_2047": [5, 6], "car_2046": [10, 5], "car_2045": [4, 3], "car_2044": [5, 6], "car_2043": [2, 4], "car_2042": [7, 3], "car_2041": [4, 6], "car_2040": [1, 6], "car_1064": [8, 3], "car_1065": [11, 7], "car_1066": [3, 7], "car_1067": [9, 0], "car_1060": [11, 6], "car_1061": [4, 6], "car_1062": [10, 2], "car_1063": [3, 6], "car_1068": [1, 7], "car_1069": [8, 0], "car_1798": [8, 6], "car_1799": [7, 1], "car_10": [2, 1], "car_11": [6, 2], "car_12": [0, 6], "car_13": [3, 7], "car_14": [7, 0], "car_15": [10, 6], "car_16": [2, 7], "car_17": [8, 1], "car_18": [6, 5], "car_19": [0, 1], "car_1668": [7, 1], "car_1669": [10, 4], "car_1662": [11, 3], "car_1663": [7, 3], "car_1660": [1, 6], "car_1661": [8, 4], "car_1666": [5, 7], "car_1667": [0, 6], "car_1664": [10, 7], "car_1665": [2, 4], "car_1468": [0, 7], "car_1469": [8, 5], "car_1460": [7, 4], "car_1461": [2, 1], "car_1462": [9, 0], "car_1463": [0, 2], "car_1464": [11, 5], "car_1465": [4, 6], "car_1466": [10, 3], "car_1467": [2, 7], "car_422": [6, 5], "car_423": [9, 2], "car_420": [7, 6], "car_421": [5, 6], "car_426": [11, 4], "car_427": [4, 2], "car_424": [0, 2], "car_425": [3, 5], "car_428": [9, 7], "car_429": [3, 5], "car_2008": [8, 1], "car_518": [4, 5], "car_519": [0, 6], "car_516": [0, 3], "car_517": [11, 7], "car_514": [6, 0], "car_515": [9, 0], "car_512": [7, 5], "car_513": [5, 2], "car_510": [5, 3], "car_511": [1, 4], "car_1870": [5, 6], "car_633": [2, 1], "car_632": [1, 5], "car_631": [3, 1], "car_630": [4, 7], "car_637": [9, 5], "car_636": [6, 7], "car_635": [7, 1], "car_634": [5, 2], "car_639": [7, 3], "car_638": [0, 5], "car_189": [10, 3], "car_188": [7, 4], "car_185": [7, 4], "car_184": [2, 3], "car_187": [3, 1], "car_186": [2, 1], "car_181": [5, 3], "car_180": [2, 6], "car_183": [4, 3], "car_182": [3, 6], "car_749": [8, 7], "car_748": [3, 6], "car_747": [6, 7], "car_746": [2, 6], "car_745": [10, 2], "car_744": [7, 1], "car_743": [1, 5], "car_742": [10, 6], "car_741": [7, 2], "car_740": [1, 4], "car_2131": [11, 7], "car_299": [3, 1], "car_298": [6, 3], "car_1927": [9, 5], "car_1926": [6, 0], "car_1921": [1, 0], "car_1920": [11, 1], "car_1923": [2, 6], "car_1922": [10, 1], "car_291": [7, 5], "car_290": [11, 6], "car_293": [6, 3], "car_292": [10, 7], "car_295": [8, 7], "car_294": [9, 5], "car_297": [4, 2], "car_296": [11, 2], "car_1329": [11, 6], "car_1328": [3, 5], "car_1327": [0, 3], "car_1326": [9, 0], "car_1325": [6, 0], "car_1324": [10, 1], "car_1323": [7, 3], "car_1322": [4, 7], "car_1321": [1, 6], "car_1320": [6, 3], "car_365": [9, 2], "car_364": [10, 6], "car_367": [4, 0], "car_366": [11, 6], "car_361": [2, 6], "car_360": [11, 2], "car_363": [11, 1], "car_362": [5, 1], "car_1811": [10, 4], "car_1810": [7, 3], "car_1813": [5, 7], "car_1812": [2, 4], "car_369": [9, 5], "car_368": [2, 6], "car_1817": [9, 1], "car_1816": [4, 0], "car_167": [3, 0], "car_166": [1, 2], "car_165": [11, 6], "car_164": [9, 4], "car_163": [5, 1], "car_162": [2, 5], "car_161": [7, 2], "car_160": [0, 7], "car_169": [7, 3], "car_168": [2, 3], "car_1495": [11, 7], "car_1494": [8, 3], "car_1497": [10, 5], "car_1496": [4, 6], "car_1491": [11, 5], "car_1490": [0, 6], "car_1493": [6, 1], "car_1492": [7, 2], "car_1499": [10, 5], "car_1498": [9, 4], "car_1253": [6, 1], "car_1252": [10, 7], "car_1251": [8, 3], "car_1250": [3, 5], "car_1257": [9, 1], "car_1256": [5, 4], "car_1255": [2, 6], "car_1254": [0, 6], "car_1259": [2, 4], "car_1258": [10, 3], "car_1868": [9, 0], "car_1789": [7, 0], "car_1788": [3, 4], "car_2070": [0, 5], "car_2071": [8, 7], "car_2076": [4, 0], "car_2077": [9, 3], "car_2074": [10, 3], "car_2075": [2, 6], "car_1781": [4, 1], "car_1780": [3, 2], "car_1783": [9, 2], "car_1782": [6, 2], "car_1785": [10, 7], "car_1784": [3, 5], "car_1787": [9, 4], "car_1786": [5, 7], "car_1077": [9, 1], "car_1076": [5, 6], "car_1075": [1, 2], "car_1074": [11, 1], "car_1073": [0, 1], "car_1072": [6, 4], "car_1071": [10, 2], "car_1070": [1, 2], "car_1079": [3, 0], "car_1078": [0, 6], "car_2139": [6, 3], "car_2034": [3, 7], "car_2035": [11, 1], "car_2032": [3, 6], "car_2033": [6, 1], "car_2138": [7, 0], "car_985": [5, 2], "car_984": [7, 5], "car_987": [3, 0], "car_986": [6, 5], "car_981": [0, 2], "car_980": [6, 4], "car_983": [4, 0], "car_982": [11, 3], "car_1675": [10, 3], "car_1674": [1, 3], "car_1677": [2, 6], "car_1676": [11, 1], "car_989": [11, 2], "car_988": [8, 3], "car_1673": [11, 5], "car_1672": [3, 7], "car_1479": [9, 5], "car_1478": [6, 3], "car_1473": [0, 5], "car_1472": [5, 7], "car_1471": [2, 0], "car_1470": [11, 2], "car_1477": [5, 7], "car_1476": [10, 6], "car_1475": [4, 2], "car_1474": [11, 6], "car_1743": [1, 2], "car_1742": [2, 3], "car_2098": [6, 0], "car_2099": [1, 6], "car_2090": [7, 1], "car_2091": [6, 3], "car_2092": [9, 7], "car_2093": [3, 2], "car_2094": [11, 2], "car_2095": [1, 0], "car_2096": [7, 2], "car_2097": [2, 0], "car_569": [4, 5], "car_568": [0, 5], "car_563": [3, 5], "car_562": [0, 2], "car_561": [6, 7], "car_560": [5, 6], "car_567": [6, 0], "car_566": [5, 4], "car_565": [1, 3], "car_564": [8, 2], "car_620": [10, 3], "car_621": [0, 7], "car_622": [5, 3], "car_623": [8, 1], "car_624": [7, 4], "car_625": [6, 2], "car_626": [0, 7], "car_627": [3, 2], "car_628": [8, 6], "car_629": [11, 7], "car_1869": [11, 5], "car_1866": [10, 5], "car_1867": [6, 7], "car_198": [6, 0], "car_199": [11, 3], "car_192": [5, 3], "car_193": [5, 3], "car_190": [5, 4], "car_191": [1, 6], "car_196": [3, 5], "car_197": [2, 3], "car_194": [6, 0], "car_195": [0, 7], "car_758": [3, 7], "car_759": [11, 4], "car_754": [0, 6], "car_755": [3, 2], "car_756": [2, 0], "car_757": [0, 2], "car_750": [7, 6], "car_751": [6, 3], "car_752": [10, 1], "car_753": [2, 7], "car_1940": [1, 4], "car_286": [5, 6], "car_287": [6, 1], "car_284": [11, 0], "car_285": [4, 7], "car_282": [0, 4], "car_283": [8, 3], "car_280": [8, 4], "car_281": [7, 5], "car_1949": [8, 6], "car_288": [3, 7], "car_289": [8, 3], "car_1948": [5, 2], "car_1312": [8, 7], "car_1313": [1, 4], "car_1310": [2, 7], "car_1311": [0, 6], "car_1316": [3, 4], "car_1317": [8, 5], "car_1314": [4, 5], "car_1315": [9, 4], "car_1318": [11, 1], "car_1319": [10, 2], "car_372": [4, 1], "car_373": [7, 4], "car_370": [10, 3], "car_371": [5, 3], "car_376": [11, 7], "car_377": [6, 5], "car_374": [2, 0], "car_375": [6, 5], "car_1864": [1, 2], "car_1865": [11, 3], "car_378": [0, 4], "car_379": [3, 7], "car_1860": [3, 4], "car_1861": [4, 6], "car_1862": [10, 4], "car_1863": [8, 7], "car_174": [2, 6], "car_175": [9, 7], "car_176": [0, 6], "car_177": [8, 4], "car_170": [3, 1], "car_171": [7, 6], "car_172": [6, 2], "car_173": [9, 3], "car_178": [1, 6], "car_179": [7, 2], "car_1266": [2, 5], "car_1267": [0, 4], "car_1264": [7, 6], "car_1265": [0, 3], "car_1262": [11, 6], "car_1263": [4, 2], "car_1260": [6, 2], "car_1261": [3, 7], "car_1268": [3, 1], "car_1269": [1, 6], "car_2065": [1, 6], "car_2064": [11, 0], "car_1048": [3, 5], "car_1049": [11, 2], "car_2061": [2, 5], "car_2060": [10, 7], "car_2063": [3, 6], "car_2062": [9, 6], "car_1042": [5, 6], "car_1043": [0, 3], "car_1040": [1, 4], "car_1041": [4, 1], "car_1046": [1, 3], "car_1047": [2, 1], "car_1044": [1, 0], "car_1045": [11, 1], "car_78": [3, 5], "car_79": [5, 4], "car_72": [6, 2], "car_73": [3, 0], "car_70": [4, 6], "car_71": [10, 7], "car_76": [1, 4], "car_77": [6, 3], "car_74": [8, 5], "car_75": [11, 2], "car_992": [6, 3], "car_993": [3, 0], "car_990": [7, 6], "car_991": [10, 5], "car_996": [9, 0], "car_997": [2, 5], "car_994": [8, 1], "car_995": [5, 0], "car_1688": [3, 4], "car_1689": [8, 7], "car_998": [6, 1], "car_999": [4, 2], "car_1448": [5, 4], "car_1449": [6, 7], "car_1446": [3, 5], "car_1447": [8, 0], "car_1444": [2, 6], "car_1445": [9, 1], "car_1442": [0, 3], "car_1443": [4, 2], "car_1440": [6, 7], "car_1441": [9, 5], "car_2089": [4, 7], "car_2088": [1, 2], "car_2083": [1, 3], "car_2082": [11, 3], "car_2081": [9, 1], "car_2080": [6, 7], "car_2087": [8, 4], "car_2086": [9, 0], "car_2085": [2, 7], "car_2084": [7, 5], "car_578": [7, 6], "car_579": [8, 4], "car_553": [7, 3], "car_570": [7, 4], "car_571": [2, 1], "car_572": [5, 7], "car_573": [10, 3], "car_574": [10, 0], "car_806": [2, 1], "car_576": [0, 7], "car_577": [3, 1], "car_807": [1, 2], "car_800": [0, 7], "car_801": [2, 1], "car_802": [6, 2], "car_2192": [8, 0], "car_803": [9, 2], "car_2067": [10, 1], "car_2066": [7, 2], "car_619": [3, 2], "car_618": [5, 2], "car_615": [3, 5], "car_614": [0, 1], "car_617": [4, 6], "car_616": [8, 6], "car_611": [1, 6], "car_610": [8, 1], "car_613": [5, 3], "car_612": [2, 0], "car_2151": [0, 7], "car_2150": [1, 5], "car_2069": [5, 3], "car_2068": [11, 5], "car_769": [9, 5], "car_768": [10, 4], "car_761": [2, 4], "car_760": [10, 3], "car_763": [10, 7], "car_762": [8, 0], "car_765": [5, 7], "car_764": [2, 5], "car_767": [4, 0], "car_766": [0, 5], "car_575": [5, 6], "car_1305": [2, 6], "car_1304": [10, 7], "car_1307": [5, 0], "car_1306": [7, 1], "car_1301": [1, 3], "car_1300": [11, 5], "car_1303": [5, 7], "car_1302": [10, 3], "car_1309": [3, 6], "car_1308": [0, 2], "car_389": [1, 5], "car_388": [11, 6], "car_387": [9, 1], "car_386": [6, 3], "car_385": [5, 1], "car_384": [2, 3], "car_383": [4, 5], "car_382": [2, 7], "car_381": [4, 6], "car_380": [8, 4], "car_141": [1, 3], "car_140": [8, 4], "car_143": [2, 4], "car_142": [10, 2], "car_145": [4, 5], "car_144": [6, 0], "car_147": [11, 2], "car_146": [8, 0], "car_149": [10, 3], "car_148": [7, 6], "car_1279": [10, 2], "car_1278": [7, 4], "car_1271": [4, 1], "car_1270": [0, 4], "car_1273": [11, 6], "car_1272": [10, 5], "car_1275": [2, 4], "car_1274": [1, 2], "car_1277": [8, 6], "car_1276": [6, 7], "car_1059": [3, 6], "car_1058": [6, 3], "car_1055": [8, 2], "car_1054": [3, 5], "car_1057": [5, 1], "car_1056": [4, 1], "car_1051": [4, 0], "car_1050": [1, 7], "car_1053": [0, 3], "car_1052": [10, 5], "car_69": [1, 6], "car_68": [11, 4], "car_61": [11, 4], "car_60": [9, 6], "car_63": [2, 7], "car_62": [1, 0], "car_65": [9, 7], "car_64": [5, 6], "car_67": [3, 5], "car_66": [1, 2], "car_1693": [8, 0], "car_1692": [10, 3], "car_1691": [0, 1], "car_1690": [7, 5], "car_1697": [7, 6], "car_1696": [8, 1], "car_969": [7, 0], "car_968": [11, 6], "car_967": [3, 0], "car_966": [0, 3], "car_965": [9, 7], "car_964": [1, 5], "car_963": [8, 0], "car_962": [3, 5], "car_961": [9, 5], "car_960": [10, 4], "car_1451": [8, 6], "car_1450": [9, 5], "car_1453": [4, 2], "car_1452": [1, 4], "car_1455": [3, 6], "car_1454": [7, 1], "car_1457": [4, 7], "car_1456": [1, 2], "car_1459": [8, 4], "car_1458": [2, 0], "car_1680": [0, 4], "car_1681": [8, 1], "car_1682": [11, 5], "car_1683": [10, 0], "car_1684": [0, 1], "car_1685": [5, 7], "car_1891": [3, 5], "car_1686": [9, 4], "car_1890": [0, 1], "car_1687": [0, 3], "car_1893": [1, 0], "car_545": [4, 5], "car_544": [2, 4], "car_547": [5, 3], "car_546": [7, 5], "car_541": [9, 0], "car_540": [10, 2], "car_543": [10, 3], "car_542": [7, 5], "car_1895": [2, 7], "car_549": [1, 0], "car_548": [0, 6], "car_819": [11, 3], "car_818": [3, 6], "car_1897": [4, 6], "car_1896": [3, 4], "car_33": [1, 6], "car_1767": [2, 3], "car_1766": [7, 1], "car_1765": [4, 3], "car_608": [9, 6], "car_609": [0, 5], "car_602": [8, 4], "car_603": [4, 5], "car_600": [9, 5], "car_601": [3, 5], "car_606": [1, 7], "car_607": [2, 1], "car_604": [7, 2], "car_605": [6, 2], "car_1761": [5, 0], "car_1760": [10, 7], "car_776": [7, 0], "car_777": [10, 0], "car_774": [5, 6], "car_775": [6, 5], "car_772": [4, 2], "car_773": [10, 6], "car_770": [0, 7], "car_771": [1, 3], "car_1768": [5, 3], "car_778": [5, 7], "car_779": [9, 1], "car_1750": [6, 0], "car_1994": [4, 0], "car_1995": [9, 1], "car_1996": [0, 4], "car_1997": [4, 6], "car_1990": [7, 0], "car_1991": [0, 1], "car_1992": [3, 2], "car_1993": [11, 6], "car_1998": [7, 1], "car_1999": [2, 6], "car_1842": [4, 7], "car_1806": [3, 0], "car_1840": [9, 0], "car_1841": [8, 0], "car_398": [6, 5], "car_399": [4, 2], "car_1844": [0, 3], "car_1807": [5, 0], "car_394": [8, 3], "car_395": [1, 5], "car_396": [7, 4], "car_397": [10, 4], "car_390": [7, 1], "car_391": [6, 5], "car_392": [0, 6], "car_393": [1, 4], "car_158": [8, 1], "car_159": [10, 2], "car_156": [5, 4], "car_157": [9, 2], "car_154": [10, 3], "car_155": [2, 5], "car_152": [8, 0], "car_153": [1, 3], "car_150": [0, 7], "car_151": [4, 2], "car_1208": [7, 2], "car_1209": [6, 1], "car_1204": [2, 6], "car_1205": [9, 5], "car_1206": [8, 5], "car_1207": [11, 0], "car_1200": [4, 5], "car_1201": [2, 7], "car_1202": [0, 4], "car_1203": [3, 6], "car_1808": [3, 7], "car_1809": [8, 1], "car_1510": [0, 5], "car_1511": [11, 1], "car_1512": [1, 5], "car_1513": [5, 4], "car_1514": [6, 2], "car_1515": [0, 4], "car_1516": [8, 7], "car_1517": [4, 6], "car_1518": [10, 2], "car_1519": [2, 4], "car_1198": [0, 4], "car_1199": [3, 2], "car_1194": [4, 3], "car_1195": [7, 1], "car_1196": [2, 0], "car_1197": [9, 2], "car_1190": [0, 1], "car_1191": [10, 2], "car_1192": [5, 2], "car_1193": [1, 5], "car_2126": [9, 7], "car_2127": [3, 1], "car_978": [7, 6], "car_979": [10, 3], "car_974": [9, 4], "car_975": [0, 4], "car_976": [4, 2], "car_977": [5, 3], "car_970": [10, 0], "car_971": [2, 7], "car_972": [9, 7], "car_973": [0, 5], "car_1424": [7, 1], "car_1425": [2, 7], "car_1426": [9, 6], "car_1427": [3, 7], "car_1420": [1, 2], "car_1421": [7, 5], "car_1422": [2, 6], "car_1423": [9, 2], "car_1428": [8, 1], "car_1429": [11, 4], "car_2128": [10, 0], "car_2129": [0, 7], "car_1738": [0, 7], "car_1739": [11, 3], "car_1730": [8, 0], "car_1731": [11, 5], "car_1732": [7, 6], "car_1733": [1, 3], "car_1734": [4, 0], "car_1735": [6, 1], "car_1736": [0, 6], "car_1737": [3, 6], "car_54": [2, 0], "car_55": [9, 4], "car_56": [1, 7], "car_57": [7, 1], "car_50": [11, 3], "car_51": [7, 0], "car_52": [5, 2], "car_53": [3, 6], "car_58": [10, 6], "car_59": [2, 0], "car_552": [1, 2], "car_805": [4, 0], "car_550": [5, 3], "car_551": [9, 0], "car_556": [3, 0], "car_557": [11, 5], "car_554": [10, 4], "car_555": [0, 3], "car_558": [1, 4], "car_559": [2, 5], "car_808": [4, 3], "car_809": [11, 1], "car_1757": [1, 7], "car_703": [5, 0], "car_702": [7, 4], "car_701": [1, 5], "car_700": [8, 0], "car_707": [3, 7], "car_706": [2, 3], "car_705": [7, 3], "car_704": [1, 0], "car_709": [0, 5], "car_708": [4, 3], "car_1987": [5, 6], "car_1986": [10, 1], "car_1985": [6, 5], "car_1984": [5, 0], "car_1983": [3, 6], "car_1982": [9, 6], "car_1981": [6, 4], "car_1980": [1, 7], "car_1989": [0, 5], "car_1988": [6, 3], "car_1855": [6, 7], "car_1796": [9, 1], "car_1857": [11, 1], "car_1856": [3, 2], "car_1851": [8, 1], "car_1850": [3, 2], "car_1853": [1, 4], "car_1797": [0, 4], "car_1859": [9, 7], "car_1794": [10, 5], "car_129": [7, 6], "car_128": [8, 0], "car_123": [4, 2], "car_122": [3, 6], "car_121": [0, 5], "car_120": [9, 3], "car_127": [9, 2], "car_126": [6, 4], "car_125": [2, 4], "car_124": [10, 7], "car_1790": [10, 1], "car_1219": [7, 1], "car_1218": [8, 1], "car_1217": [3, 6], "car_1216": [2, 5], "car_1215": [10, 5], "car_1214": [7, 1], "car_1213": [1, 7], "car_1212": [8, 6], "car_1211": [0, 7], "car_1210": [9, 0], "car_1415": [2, 7], "car_1414": [7, 6], "car_1417": [0, 7], "car_1416": [9, 5], "car_1411": [3, 2], "car_1410": [6, 3], "car_237": [9, 2], "car_236": [6, 3], "car_235": [11, 2], "car_234": [0, 6], "car_233": [10, 0], "car_232": [7, 4], "car_231": [1, 3], "car_230": [9, 3], "car_1412": [11, 7], "car_239": [1, 2], "car_238": [3, 1], "car_1503": [5, 3], "car_1502": [2, 0], "car_1501": [7, 4], "car_1500": [3, 4], "car_1507": [6, 5], "car_1506": [5, 2], "car_1505": [7, 2], "car_1504": [8, 3], "car_1509": [11, 4], "car_1508": [3, 4], "car_1189": [6, 4], "car_1188": [7, 6], "car_1187": [8, 5], "car_1186": [4, 1], "car_1185": [1, 4], "car_1184": [8, 0], "car_1183": [3, 2], "car_1182": [4, 1], "car_1181": [11, 5], "car_1180": [6, 5], "car_2182": [7, 6], "car_2183": [5, 6], "car_2180": [8, 3], "car_2181": [11, 6], "car_2186": [2, 4], "car_2187": [11, 6], "car_2184": [9, 5], "car_2185": [8, 0], "car_2188": [7, 5], "car_2189": [6, 2], "car_949": [3, 5], "car_948": [6, 5], "car_941": [8, 3], "car_940": [10, 1], "car_943": [1, 3], "car_942": [11, 6], "car_945": [9, 5], "car_944": [2, 1], "car_947": [5, 0], "car_946": [2, 3], "car_1437": [2, 5], "car_1436": [7, 2], "car_1435": [3, 6], "car_1434": [0, 5], "car_1433": [9, 3], "car_1432": [10, 1], "car_1431": [7, 6], "car_1430": [1, 4], "car_1439": [8, 0], "car_1438": [9, 3], "car_493": [0, 6], "car_492": [6, 3], "car_491": [3, 4], "car_490": [0, 6], "car_497": [7, 4], "car_496": [11, 5], "car_495": [1, 2], "car_494": [3, 0], "car_499": [7, 3], "car_498": [0, 3], "car_1918": [3, 6], "car_1919": [8, 2], "car_1729": [3, 7], "car_1728": [9, 3], "car_1723": [5, 2], "car_1722": [4, 5], "car_1721": [11, 1], "car_1720": [9, 3], "car_1727": [10, 2], "car_1726": [7, 5], "car_1725": [4, 6], "car_1724": [1, 5], "car_43": [1, 4], "car_42": [5, 7], "car_41": [3, 7], "car_40": [6, 4], "car_47": [7, 6], "car_46": [6, 7], "car_45": [5, 0], "car_44": [2, 4], "car_49": [9, 4], "car_48": [6, 4], "car_1916": [5, 0], "car_1917": [9, 2], "car_1858": [7, 5], "car_831": [0, 4], "car_830": [2, 1], "car_833": [5, 4], "car_832": [10, 6], "car_835": [4, 2], "car_834": [1, 5], "car_837": [3, 5], "car_836": [5, 4], "car_839": [9, 3], "car_838": [6, 5], "car_2168": [3, 5], "car_2169": [10, 2], "car_2160": [11, 7], "car_2161": [4, 1], "car_2162": [2, 7], "car_2163": [7, 4], "car_2164": [2, 1], "car_2165": [8, 1], "car_2166": [11, 5], "car_2167": [10, 3], "car_1941": [7, 4], "car_710": [10, 4], "car_711": [2, 1], "car_712": [9, 7], "car_713": [7, 0], "car_714": [10, 6], "car_715": [2, 4], "car_716": [5, 6], "car_717": [6, 5], "car_718": [9, 3], "car_719": [3, 4], "car_1892": [11, 6], "car_1894": [7, 0], "car_138": [5, 4], "car_139": [9, 4], "car_130": [6, 4], "car_131": [9, 1], "car_132": [8, 1], "car_133": [7, 1], "car_134": [10, 7], "car_135": [3, 2], "car_136": [4, 6], "car_137": [7, 1], "car_1222": [3, 1], "car_1223": [11, 6], "car_1220": [6, 7], "car_1221": [0, 6], "car_1226": [5, 2], "car_1227": [6, 1], "car_1224": [7, 4], "car_1225": [10, 1], "car_1886": [3, 4], "car_1887": [7, 5], "car_1228": [3, 7], "car_1229": [4, 5], "car_1882": [3, 2], "car_1883": [8, 0], "car_1880": [9, 4], "car_1881": [0, 3], "car_224": [6, 0], "car_225": [9, 2], "car_226": [0, 4], "car_227": [11, 6], "car_220": [9, 7], "car_221": [1, 7], "car_222": [7, 6], "car_223": [10, 6], "car_228": [1, 3], "car_229": [7, 1], "car_1086": [9, 1], "car_1087": [10, 7], "car_1084": [11, 7], "car_1085": [5, 0], "car_1082": [9, 5], "car_1083": [8, 5], "car_1080": [11, 2], "car_1081": [4, 2], "car_1088": [0, 4], "car_1089": [3, 0], "car_1536": [2, 1], "car_1537": [0, 6], "car_1534": [7, 2], "car_1535": [10, 0], "car_1532": [8, 0], "car_1533": [11, 3], "car_1530": [7, 3], "car_1531": [6, 2], "car_1538": [4, 5], "car_1539": [8, 6], "car_956": [4, 5], "car_957": [3, 2], "car_954": [11, 4], "car_955": [1, 0], "car_952": [3, 7], "car_953": [9, 5], "car_950": [4, 5], "car_951": [10, 1], "car_1827": [11, 3], "car_958": [1, 2], "car_959": [4, 7], "car_1158": [7, 2], "car_1159": [5, 1], "car_1408": [2, 4], "car_1409": [5, 1], "car_1829": [2, 5], "car_1150": [9, 7], "car_1151": [3, 7], "car_1152": [2, 0], "car_1153": [6, 2], "car_1154": [10, 5], "car_1155": [6, 3], "car_1156": [9, 4], "car_1157": [8, 7], "car_1826": [9, 0], "car_480": [10, 2], "car_481": [2, 6], "car_482": [1, 7], "car_483": [7, 4], "car_484": [5, 7], "car_485": [4, 5], "car_486": [5, 7], "car_487": [7, 2], "car_488": [2, 3], "car_489": [9, 0], "car_853": [1, 2], "car_852": [5, 3], "car_851": [7, 3], "car_582": [2, 5], "car_1718": [4, 1], "car_1719": [6, 5], "car_1716": [8, 1], "car_857": [0, 7], "car_1714": [6, 5], "car_1715": [9, 7], "car_1712": [10, 3], "car_1713": [2, 7], "car_1710": [8, 3], "car_856": [6, 3], "car_1828": [4, 1], "car_855": [7, 1], "car_854": [4, 3], "car_828": [0, 2], "car_829": [11, 0], "car_826": [10, 5], "car_827": [9, 7], "car_824": [1, 3], "car_825": [4, 7], "car_822": [0, 7], "car_823": [11, 6], "car_820": [1, 6], "car_821": [6, 5], "car_2179": [0, 4], "car_2178": [6, 0], "car_2173": [2, 1], "car_2172": [10, 1], "car_2171": [1, 3], "car_2170": [6, 4], "car_2177": [2, 3], "car_2176": [7, 3], "car_2175": [0, 3], "car_2174": [11, 0], "car_729": [8, 5], "car_728": [3, 1], "car_725": [11, 3], "car_724": [2, 3], "car_727": [5, 6], "car_726": [2, 5], "car_721": [11, 2], "car_720": [8, 7], "car_723": [10, 3], "car_722": [4, 7], "car_1795": [2, 0], "car_1792": [6, 2], "car_1793": [7, 1], "car_105": [7, 5], "car_104": [1, 2], "car_107": [6, 1], "car_106": [5, 7], "car_101": [9, 1], "car_100": [0, 7], "car_103": [11, 1], "car_102": [3, 0], "car_1888": [8, 7], "car_109": [8, 1], "car_108": [1, 7], "car_1791": [2, 0], "car_1235": [1, 4], "car_1234": [1, 0], "car_1237": [2, 6], "car_1236": [7, 2], "car_1231": [2, 6], "car_1230": [7, 3], "car_1233": [11, 5], "car_1232": [5, 7], "car_1899": [9, 3], "car_1898": [7, 5], "car_1239": [10, 0], "car_1238": [11, 3], "car_211": [7, 6], "car_210": [3, 7], "car_213": [5, 7], "car_212": [2, 5], "car_215": [8, 1], "car_214": [3, 7], "car_217": [11, 6], "car_216": [0, 7], "car_219": [5, 3], "car_218": [7, 1], "car_1529": [4, 3], "car_1528": [1, 2], "car_1521": [8, 7], "car_1520": [9, 2], "car_1523": [7, 2], "car_1522": [11, 1], "car_1525": [6, 2], "car_1524": [10, 5], "car_1527": [11, 2], "car_1526": [9, 7], "car_923": [6, 3], "car_922": [5, 0], "car_921": [2, 4], "car_920": [10, 5], "car_927": [6, 1], "car_926": [5, 2], "car_925": [7, 6], "car_924": [3, 6], "car_929": [3, 2], "car_928": [0, 7], "car_1149": [6, 0], "car_1148": [5, 7], "car_1419": [8, 0], "car_1418": [3, 5], "car_1143": [8, 6], "car_1142": [5, 2], "car_1141": [10, 0], "car_1140": [3, 5], "car_1147": [10, 1], "car_1146": [1, 0], "car_1145": [3, 4], "car_1144": [5, 6], "car_1099": [2, 0], "car_1098": [8, 0], "car_1091": [2, 4], "car_1090": [11, 0], "car_1093": [6, 7], "car_1092": [5, 2], "car_1095": [4, 3], "car_1094": [8, 2], "car_1097": [5, 0], "car_1096": [10, 2], "car_1701": [8, 1], "car_1700": [3, 7], "car_1703": [4, 0], "car_1702": [11, 1], "car_1705": [4, 1], "car_1704": [2, 4], "car_1707": [6, 0], "car_1706": [5, 6], "car_1709": [0, 4], "car_1708": [9, 0], "car_589": [2, 0], "car_588": [10, 7], "car_859": [11, 3], "car_858": [3, 4], "car_1695": [9, 5], "car_581": [10, 0], "car_580": [1, 2], "car_583": [9, 7], "car_850": [1, 5], "car_585": [3, 7], "car_584": [0, 5], "car_587": [1, 4], "car_586": [8, 3], "car_2002": [0, 6], "car_2148": [9, 6], "car_2149": [3, 2], "car_2146": [2, 0], "car_2147": [5, 1], "car_2144": [4, 7], "car_2145": [10, 4], "car_2142": [0, 5], "car_2143": [1, 7], "car_2140": [1, 0], "car_2141": [2, 3], "car_457": [11, 1], "car_456": [8, 3], "car_455": [3, 5], "car_454": [9, 2], "car_453": [6, 7], "car_452": [5, 6], "car_451": [7, 4], "car_450": [11, 7], "car_1878": [11, 3], "car_459": [0, 2], "car_458": [10, 1], "car_1877": [9, 3], "car_1876": [8, 4], "car_1875": [3, 0], "car_1874": [9, 5], "car_1873": [10, 1], "car_1872": [5, 7], "car_738": [6, 7], "car_739": [0, 1], "car_1871": [7, 5], "car_733": [6, 7], "car_732": [10, 2], "car_32": [11, 4], "car_730": [11, 1], "car_731": [4, 3], "car_736": [4, 3], "car_737": [5, 0], "car_734": [9, 7], "car_735": [3, 2], "car_1976": [1, 0], "car_1977": [2, 3], "car_1698": [3, 7], "car_38": [8, 3], "car_39": [5, 1], "car_1978": [9, 0], "car_1979": [3, 1], "car_112": [0, 2], "car_113": [3, 2], "car_110": [10, 5], "car_111": [6, 5], "car_116": [4, 3], "car_117": [7, 3], "car_114": [8, 3], "car_115": [1, 0], "car_118": [10, 2], "car_119": [6, 3], "car_1950": [11, 0], "car_1951": [2, 5], "car_1952": [5, 0], "car_1953": [1, 6], "car_1954": [5, 7], "car_1955": [6, 7], "car_208": [4, 6], "car_209": [6, 0], "car_206": [5, 7], "car_207": [8, 7], "car_204": [7, 3], "car_205": [10, 2], "car_202": [9, 6], "car_203": [0, 2], "car_200": [10, 5], "car_201": [2, 3], "car_1558": [9, 2], "car_1559": [0, 2], "car_1554": [5, 4], "car_1555": [3, 0], "car_1556": [11, 1], "car_1557": [2, 0], "car_1550": [7, 3], "car_1551": [8, 2], "car_1552": [11, 6], "car_1553": [1, 2], "car_1398": [10, 1], "car_1399": [9, 1], "car_1392": [3, 6], "car_1393": [10, 3], "car_1390": [1, 4], "car_1391": [5, 4], "car_1396": [8, 3], "car_1397": [7, 3], "car_1394": [2, 4], "car_1395": [6, 2], "car_930": [4, 7], "car_931": [10, 4], "car_932": [2, 3], "car_933": [5, 6], "car_934": [6, 1], "car_935": [0, 3], "car_936": [4, 6], "car_937": [2, 7], "car_938": [0, 2], "car_939": [8, 5], "car_6": [6, 1], "car_7": [9, 5], "car_4": [2, 5], "car_5": [5, 2], "car_2": [4, 2], "car_3": [10, 7], "car_1178": [1, 3], "car_1": [1, 7], "car_1176": [9, 5], "car_1177": [3, 2], "car_1174": [5, 0], "car_1175": [6, 4], "car_1172": [4, 2], "car_1173": [2, 4], "car_8": [1, 3], "car_9": [7, 0], "car_1774": [2, 6], "car_1775": [9, 6], "car_1776": [11, 5], "car_1777": [2, 6], "car_1770": [9, 6], "car_1771": [8, 6], "car_1772": [1, 6], "car_1773": [10, 3], "car_1778": [5, 0], "car_1779": [9, 3], "car_98": [6, 3], "car_99": [9, 1], "car_90": [3, 1], "car_91": [11, 6], "car_92": [1, 6], "car_93": [9, 6], "car_94": [1, 6], "car_95": [4, 2], "car_96": [10, 2], "car_97": [2, 1], "car_596": [9, 0], "car_597": [0, 7], "car_594": [0, 1], "car_595": [7, 0], "car_592": [4, 0], "car_593": [10, 7], "car_590": [0, 2], "car_591": [8, 2], "car_598": [1, 3], "car_599": [4, 7], "car_848": [1, 4], "car_849": [6, 4], "car_840": [0, 3], "car_841": [3, 0], "car_842": [8, 5], "car_843": [4, 5], "car_844": [2, 1], "car_845": [6, 0], "car_846": [0, 6], "car_847": [11, 7], "car_1608": [1, 6], "car_1609": [7, 3], "car_2153": [9, 3], "car_2152": [5, 6], "car_2155": [4, 2], "car_2154": [1, 6], "car_2157": [0, 4], "car_2156": [10, 6], "car_1600": [1, 0], "car_1601": [4, 0], "car_1602": [7, 4], "car_1603": [2, 5], "car_1604": [5, 3], "car_1605": [9, 1], "car_1606": [3, 6], "car_1607": [11, 5], "car_444": [9, 1], "car_445": [11, 7], "car_446": [4, 2], "car_447": [10, 0], "car_440": [11, 4], "car_441": [7, 4], "car_442": [10, 6], "car_443": [5, 3], "car_448": [2, 5], "car_449": [6, 0], "car_695": [4, 6], "car_694": [1, 6], "car_697": [10, 5], "car_696": [7, 1], "car_691": [6, 0], "car_690": [5, 3], "car_693": [8, 6], "car_692": [9, 2], "car_699": [0, 3], "car_698": [5, 7], "car_1943": [6, 0], "car_1942": [10, 2], "car_279": [3, 1], "car_278": [9, 3], "car_1947": [2, 1], "car_1946": [1, 4], "car_1945": [11, 3], "car_1944": [3, 7], "car_273": [2, 4], "car_272": [10, 4], "car_271": [1, 4], "car_270": [11, 4], "car_277": [5, 3], "car_276": [2, 1], "car_275": [8, 7], "car_274": [6, 5], "car_1925": [11, 7], "car_1549": [11, 7], "car_1548": [0, 1], "car_1547": [9, 0], "car_1546": [5, 4], "car_1545": [2, 1], "car_1544": [7, 5], "car_1543": [1, 4], "car_1542": [6, 1], "car_1541": [7, 3], "car_1540": [1, 0], "car_1389": [6, 5], "car_1388": [2, 1], "car_1385": [1, 2], "car_1384": [11, 1], "car_1387": [8, 7], "car_1386": [2, 4], "car_1381": [9, 6], "car_1380": [2, 6], "car_1383": [8, 1], "car_1382": [3, 7], "car_307": [5, 1], "car_306": [4, 0], "car_305": [1, 2], "car_304": [3, 5], "car_303": [0, 5], "car_302": [6, 2], "car_301": [7, 0], "car_300": [8, 2], "car_804": [8, 4], "car_309": [0, 1], "car_308": [9, 6], "car_909": [4, 7], "car_908": [1, 7], "car_905": [7, 3], "car_904": [0, 4], "car_907": [11, 7], "car_906": [9, 3], "car_901": [3, 7], "car_900": [0, 4], "car_903": [6, 4], "car_902": [1, 5], "car_1161": [9, 1], "car_1160": [6, 0], "car_1163": [6, 4], "car_1162": [5, 4], "car_1165": [4, 7], "car_1164": [3, 5], "car_1167": [4, 0], "car_1166": [7, 1], "car_1169": [6, 3], "car_1168": [7, 2], "car_2010": [7, 4], "car_2011": [10, 5], "car_2012": [9, 6], "car_2013": [3, 7], "car_2014": [8, 7], "car_2015": [4, 6], "car_2016": [7, 1], "car_2017": [5, 7], "car_2018": [6, 3], "car_2019": [11, 1], "car_87": [2, 5], "car_86": [1, 3], "car_85": [3, 4], "car_84": [0, 6], "car_83": [9, 3], "car_82": [8, 3], "car_81": [3, 6], "car_80": [0, 7], "car_2001": [6, 7], "car_89": [9, 3], "car_88": [1, 3], "car_2000": [5, 4], "car_875": [9, 3], "car_874": [7, 0], "car_877": [9, 0], "car_876": [5, 0], "car_871": [8, 1], "car_870": [0, 7], "car_873": [4, 3], "car_872": [11, 4], "car_1694": [1, 5], "car_879": [10, 2], "car_878": [4, 7], "car_1752": [0, 2], "car_1753": [11, 0], "car_1699": [1, 3], "car_2124": [1, 2], "car_2125": [2, 3], "car_1619": [11, 0], "car_1618": [0, 4], "car_2120": [11, 1], "car_2121": [4, 3], "car_2122": [10, 3], "car_2123": [11, 7], "car_1613": [4, 1], "car_1612": [11, 0], "car_1611": [3, 0], "car_1610": [0, 4], "car_1617": [9, 3], "car_1616": [4, 0], "car_1615": [2, 4], "car_1614": [7, 5], "car_1754": [10, 3], "car_1755": [6, 3], "car_471": [11, 6], "car_470": [5, 3], "car_473": [2, 0], "car_472": [10, 7], "car_475": [0, 6], "car_474": [9, 0], "car_477": [11, 3], "car_476": [8, 4], "car_479": [3, 4], "car_478": [7, 6], "car_2038": [5, 2], "car_2039": [8, 5], "car_1819": [3, 7], "car_1818": [0, 7], "car_682": [5, 1], "car_683": [6, 0], "car_680": [4, 3], "car_681": [10, 4], "car_686": [5, 7], "car_687": [6, 7], "car_684": [4, 2], "car_685": [10, 5], "car_688": [8, 7], "car_689": [1, 7], "car_1815": [1, 0], "car_1814": [9, 6], "car_1670": [9, 7], "car_1956": [3, 0], "car_1957": [8, 7], "car_1958": [11, 0], "car_1959": [2, 6], "car_2003": [11, 5], "car_268": [6, 7], "car_269": [8, 7], "car_1974": [4, 5], "car_1975": [7, 2], "car_1972": [7, 1], "car_1973": [5, 3], "car_1970": [8, 6], "car_1971": [11, 4], "car_260": [6, 2], "car_261": [9, 5], "car_262": [0, 6], "car_263": [8, 2], "car_264": [3, 4], "car_265": [2, 4], "car_266": [9, 1], "car_267": [3, 4], "car_1572": [0, 5], "car_1573": [1, 5], "car_1570": [7, 1], "car_1571": [5, 6], "car_1576": [11, 2], "car_1577": [1, 3], "car_1574": [7, 5], "car_1575": [10, 5], "car_1578": [4, 6], "car_1579": [0, 3], "car_1370": [3, 4], "car_1371": [10, 1], "car_1372": [5, 7], "car_1373": [6, 1], "car_1374": [3, 7], "car_1375": [2, 6], "car_1376": [6, 5], "car_1377": [8, 5], "car_1378": [11, 0], "car_1379": [4, 6], "car_314": [3, 2], "car_315": [10, 5], "car_316": [7, 2], "car_317": [3, 2], "car_310": [3, 2], "car_311": [8, 2], "car_312": [10, 2], "car_313": [0, 3], "car_318": [8, 1], "car_319": [1, 7], "car_918": [1, 6], "car_919": [11, 4], "car_912": [7, 1], "car_913": [6, 5], "car_910": [5, 1], "car_911": [1, 5], "car_916": [6, 3], "car_917": [9, 3], "car_914": [7, 0], "car_915": [5, 1], "car_1114": [2, 6], "car_1115": [5, 2], "car_1116": [11, 5], "car_1117": [5, 2], "car_1110": [6, 0], "car_1111": [0, 2], "car_1112": [4, 0], "car_1113": [7, 1], "car_1118": [6, 0], "car_1119": [9, 7], "car_1284": [2, 4], "car_1285": [1, 5], "car_1286": [4, 0], "car_1287": [2, 1], "car_1280": [0, 1], "car_1281": [11, 1], "car_1282": [1, 7], "car_1283": [7, 2], "car_2130": [8, 1], "car_1288": [11, 5], "car_1289": [6, 5], "car_1744": [10, 5], "car_1028": [8, 0], "car_1029": [7, 4], "car_1758": [4, 7], "car_1759": [7, 0], "car_2007": [3, 5], "car_2006": [0, 4], "car_2005": [7, 6], "car_2004": [4, 3], "car_1020": [8, 1], "car_1021": [11, 3], "car_1022": [7, 2], "car_1023": [9, 7], "car_1024": [1, 5], "car_1025": [4, 5], "car_1026": [6, 2], "car_1027": [3, 1], "car_1598": [3, 7], "car_1599": [8, 4], "car_1590": [8, 6], "car_1591": [11, 3], "car_1592": [1, 5], "car_1593": [4, 2], "car_1594": [7, 3], "car_1595": [2, 5], "car_1596": [9, 6], "car_1597": [0, 1], "car_1746": [3, 0], "car_862": [3, 2], "car_863": [8, 3], "car_860": [10, 5], "car_861": [0, 6], "car_866": [11, 2], "car_867": [2, 0], "car_864": [2, 1], "car_865": [6, 1], "car_868": [5, 1], "car_869": [6, 5], "car_1741": [10, 2], "car_2137": [4, 5], "car_2136": [8, 1], "car_2135": [9, 0], "car_2134": [6, 2], "car_2133": [7, 6], "car_2132": [4, 7], "car_1628": [0, 2], "car_1629": [8, 2], "car_1626": [5, 0], "car_1627": [6, 4], "car_1624": [10, 7], "car_1625": [2, 6], "car_1622": [6, 4], "car_1623": [9, 3], "car_1620": [1, 2], "car_1621": [5, 1], "car_1740": [7, 5]}