{"car_2009": [0, 3], "car_468": [2, 0], "car_469": [5, 1], "car_466": [4, 5], "car_467": [7, 2], "car_464": [1, 5], "car_465": [10, 7], "car_462": [9, 3], "car_463": [3, 6], "car_460": [2, 3], "car_461": [6, 4], "car_817": [11, 5], "car_816": [0, 7], "car_815": [6, 4], "car_814": [2, 4], "car_813": [7, 2], "car_812": [0, 5], "car_2072": [6, 4], "car_811": [6, 1], "car_2073": [9, 5], "car_810": [5, 3], "car_679": [0, 1], "car_678": [6, 1], "car_677": [10, 0], "car_676": [1, 4], "car_675": [0, 7], "car_674": [6, 4], "car_673": [2, 4], "car_672": [11, 1], "car_671": [8, 1], "car_670": [11, 3], "car_2078": [1, 6], "car_2079": [10, 2], "car_789": [6, 4], "car_788": [1, 5], "car_783": [10, 0], "car_782": [1, 0], "car_781": [11, 0], "car_780": [0, 3], "car_787": [3, 2], "car_786": [6, 1], "car_785": [4, 1], "car_784": [3, 4], "car_0": [7, 2], "car_1179": [7, 5], "car_255": [3, 2], "car_254": [6, 2], "car_257": [7, 2], "car_256": [11, 0], "car_251": [3, 0], "car_250": [5, 2], "car_253": [2, 6], "car_252": [10, 5], "car_1961": [10, 1], "car_1960": [1, 4], "car_1963": [1, 5], "car_1962": [8, 2], "car_259": [8, 1], "car_258": [0, 2], "car_1967": [0, 1], "car_1966": [6, 3], "car_1170": [6, 7], "car_1171": [11, 4], "car_1565": [0, 6], "car_1564": [9, 7], "car_1567": [8, 3], "car_1566": [6, 4], "car_1561": [10, 2], "car_1560": [4, 5], "car_1563": [5, 4], "car_1562": [2, 1], "car_1569": [7, 1], "car_1568": [4, 3], "car_1413": [0, 5], "car_1363": [1, 3], "car_1362": [11, 4], "car_1361": [6, 3], "car_1360": [5, 3], "car_1367": [8, 2], "car_1366": [5, 1], "car_1365": [4, 5], "car_1364": [3, 7], "car_1369": [7, 2], "car_1368": [1, 6], "car_321": [4, 3], "car_320": [8, 0], "car_323": [2, 6], "car_322": [7, 6], "car_325": [11, 4], "car_324": [0, 3], "car_327": [11, 0], "car_326": [5, 4], "car_329": [9, 4], "car_328": [2, 6], "car_1107": [0, 7], "car_1106": [9, 2], "car_1105": [6, 7], "car_1104": [7, 1], "car_1103": [1, 5], "car_1102": [0, 1], "car_1101": [2, 1], "car_1100": [7, 5], "car_1109": [5, 1], "car_1108": [11, 1], "car_1297": [7, 2], "car_1296": [1, 3], "car_1295": [0, 4], "car_1294": [8, 5], "car_1293": [0, 3], "car_1292": [5, 7], "car_1291": [10, 0], "car_1290": [7, 2], "car_1299": [5, 7], "car_1298": [10, 0], "car_2036": [7, 1], "car_2037": [11, 2], "car_1039": [5, 7], "car_1038": [7, 2], "car_1749": [1, 6], "car_1748": [2, 3], "car_2030": [8, 5], "car_2031": [4, 1], "car_1033": [3, 5], "car_1032": [0, 6], "car_1031": [6, 5], "car_1030": [5, 6], "car_1037": [6, 1], "car_1036": [5, 4], "car_1035": [1, 5], "car_1034": [2, 0], "car_1589": [11, 5], "car_1588": [3, 1], "car_1583": [4, 5], "car_1582": [11, 1], "car_1581": [6, 4], "car_1580": [5, 3], "car_1587": [5, 3], "car_1586": [7, 2], "car_1585": [1, 2], "car_1584": [5, 4], "car_1852": [11, 3], "car_1906": [7, 4], "car_899": [2, 3], "car_898": [1, 6], "car_897": [3, 6], "car_896": [9, 0], "car_895": [5, 1], "car_894": [7, 4], "car_893": [11, 4], "car_892": [9, 6], "car_891": [1, 7], "car_890": [3, 2], "car_1631": [2, 4], "car_1630": [1, 2], "car_1633": [6, 4], "car_1632": [5, 4], "car_1635": [7, 4], "car_1634": [0, 3], "car_1637": [9, 0], "car_1636": [10, 0], "car_1639": [0, 1], "car_1638": [5, 0], "car_1751": [2, 1], "car_1756": [1, 2], "car_419": [9, 7], "car_418": [11, 3], "car_413": [4, 7], "car_412": [9, 5], "car_411": [1, 6], "car_410": [6, 7], "car_417": [8, 7], "car_416": [3, 0], "car_415": [6, 3], "car_414": [10, 7], "car_1679": [2, 7], "car_1678": [10, 6], "car_527": [9, 3], "car_526": [5, 3], "car_525": [4, 2], "car_524": [8, 6], "car_523": [0, 5], "car_522": [2, 1], "car_521": [7, 2], "car_520": [4, 0], "car_1671": [9, 6], "car_1889": [6, 2], "car_529": [4, 2], "car_528": [3, 5], "car_1884": [7, 3], "car_1885": [6, 3], "car_668": [0, 4], "car_669": [8, 7], "car_664": [10, 1], "car_665": [5, 1], "car_666": [11, 1], "car_667": [4, 7], "car_660": [2, 1], "car_661": [0, 6], "car_662": [8, 5], "car_663": [11, 2], "car_1854": [5, 2], "car_798": [11, 2], "car_799": [1, 5], "car_790": [8, 3], "car_791": [7, 0], "car_792": [10, 3], "car_793": [2, 0], "car_794": [3, 6], "car_795": [2, 5], "car_796": [6, 7], "car_797": [3, 1], "car_242": [0, 6], "car_243": [8, 3], "car_240": [0, 1], "car_241": [11, 3], "car_246": [6, 4], "car_247": [3, 5], "car_244": [1, 7], "car_245": [2, 1], "car_1914": [1, 5], "car_1915": [10, 1], "car_248": [8, 5], "car_249": [4, 6], "car_1910": [3, 5], "car_1911": [1, 6], "car_1912": [9, 1], "car_1913": [3, 4], "car_1356": [5, 1], "car_1357": [4, 2], "car_1354": [7, 5], "car_1355": [2, 4], "car_1352": [1, 3], "car_1353": [4, 1], "car_1350": [11, 6], "car_1351": [8, 6], "car_1358": [6, 1], "car_1359": [4, 0], "car_1831": [11, 7], "car_1820": [6, 3], "car_1821": [0, 7], "car_1822": [8, 4], "car_1823": [1, 0], "car_1824": [2, 3], "car_1825": [9, 2], "car_338": [6, 0], "car_339": [11, 6], "car_336": [7, 1], "car_337": [2, 1], "car_334": [1, 0], "car_335": [4, 0], "car_332": [3, 4], "car_333": [11, 2], "car_330": [5, 4], "car_331": [9, 4], "car_1138": [3, 0], "car_1139": [1, 0], "car_1132": [3, 0], "car_1133": [10, 1], "car_1130": [10, 4], "car_1131": [5, 2], "car_1136": [4, 5], "car_1137": [0, 2], "car_1134": [9, 6], "car_1135": [0, 5], "car_1839": [11, 1], "car_1838": [2, 1], "car_2029": [4, 2], "car_2028": [6, 7], "car_2021": [1, 3], "car_2020": [2, 4], "car_2023": [2, 4], "car_2022": [7, 4], "car_2025": [8, 0], "car_2024": [5, 1], "car_2027": [5, 3], "car_2026": [10, 2], "car_1008": [0, 4], "car_1009": [8, 2], "car_1006": [4, 3], "car_1007": [5, 3], "car_1004": [0, 2], "car_1005": [11, 2], "car_1002": [3, 0], "car_1003": [4, 1], "car_1000": [5, 2], "car_1001": [0, 3], "car_1924": [11, 6], "car_36": [10, 2], "car_37": [2, 0], "car_34": [11, 5], "car_35": [4, 1], "car_888": [11, 1], "car_889": [10, 2], "car_30": [0, 4], "car_31": [3, 7], "car_884": [8, 6], "car_885": [10, 3], "car_886": [6, 1], "car_887": [3, 6], "car_880": [7, 1], "car_881": [10, 0], "car_882": [9, 7], "car_883": [5, 7], "car_1644": [6, 2], "car_1645": [0, 3], "car_1646": [11, 5], "car_1647": [1, 2], "car_1640": [11, 0], "car_1641": [4, 6], "car_1642": [2, 4], "car_1643": [5, 7], "car_1648": [10, 5], "car_1649": [2, 7], "car_408": [4, 0], "car_409": [2, 3], "car_400": [3, 1], "car_401": [1, 0], "car_402": [10, 6], "car_403": [2, 1], "car_404": [5, 2], "car_405": [6, 5], "car_406": [0, 5], "car_407": [11, 5], "car_1769": [3, 4], "car_534": [6, 1], "car_535": [9, 5], "car_536": [8, 1], "car_537": [11, 6], "car_530": [0, 5], "car_531": [1, 3], "car_532": [4, 2], "car_533": [2, 1], "car_538": [8, 5], "car_539": [1, 5], "car_659": [4, 5], "car_658": [1, 0], "car_651": [0, 4], "car_650": [6, 5], "car_653": [8, 6], "car_652": [7, 5], "car_655": [9, 3], "car_654": [11, 6], "car_657": [8, 1], "car_656": [0, 7], "car_1929": [0, 4], "car_1764": [10, 0], "car_1928": [10, 5], "car_1909": [0, 6], "car_1908": [11, 5], "car_1907": [3, 2], "car_1763": [8, 5], "car_1905": [8, 5], "car_1904": [9, 1], "car_1903": [6, 5], "car_1902": [5, 6], "car_1901": [6, 0], "car_1900": [2, 1], "car_1349": [1, 4], "car_1348": [3, 7], "car_1762": [9, 3], "car_1341": [1, 3], "car_1340": [0, 4], "car_1343": [0, 4], "car_1342": [10, 6], "car_1345": [10, 5], "car_1344": [4, 6], "car_1347": [11, 3], "car_1346": [3, 0], "car_1833": [4, 0], "car_1832": [1, 7], "car_349": [5, 1], "car_348": [10, 0], "car_1837": [10, 7], "car_1836": [4, 7], "car_1835": [9, 6], "car_1834": [5, 2], "car_343": [6, 5], "car_342": [3, 1], "car_341": [9, 2], "car_340": [7, 4], "car_347": [7, 2], "car_346": [11, 3], "car_345": [8, 4], "car_344": [9, 1], "car_1129": [7, 1], "car_1128": [4, 0], "car_1125": [0, 3], "car_1124": [5, 4], "car_1127": [1, 7], "car_1126": [8, 5], "car_1121": [3, 2], "car_1120": [2, 7], "car_1123": [4, 0], "car_1122": [1, 0], "car_1402": [5, 3], "car_1403": [0, 4], "car_1400": [4, 3], "car_1401": [2, 3], "car_1406": [6, 1], "car_1407": [5, 0], "car_1404": [3, 0], "car_1405": [4, 3], "car_2058": [2, 5], "car_2059": [6, 2], "car_2054": [1, 5], "car_2055": [4, 2], "car_2056": [5, 1], "car_2057": [0, 4], "car_2050": [2, 6], "car_2051": [5, 6], "car_2052": [6, 5], "car_2053": [11, 7], "car_1011": [6, 0], "car_1010": [11, 3], "car_1013": [8, 5], "car_1012": [0, 4], "car_1015": [4, 5], "car_1014": [1, 4], "car_1017": [3, 6], "car_1016": [5, 2], "car_1019": [4, 0], "car_1018": [11, 1], "car_25": [7, 1], "car_24": [4, 6], "car_27": [9, 5], "car_26": [6, 5], "car_21": [8, 3], "car_20": [0, 3], "car_23": [1, 3], "car_22": [4, 7], "car_29": [9, 2], "car_28": [0, 1], "car_1657": [10, 7], "car_1656": [4, 6], "car_1655": [11, 3], "car_1654": [8, 6], "car_1653": [3, 0], "car_1652": [4, 3], "car_1651": [11, 1], "car_1650": [6, 3], "car_1659": [0, 2], "car_1658": [6, 0], "car_1969": [7, 6], "car_1843": [1, 5], "car_435": [5, 7], "car_434": [10, 2], "car_437": [7, 4], "car_436": [0, 1], "car_431": [4, 1], "car_430": [1, 5], "car_433": [8, 7], "car_432": [3, 4], "car_1846": [6, 1], "car_439": [4, 0], "car_438": [11, 1], "car_1847": [9, 6], "car_1845": [4, 0], "car_1848": [1, 7], "car_1968": [8, 0], "car_1849": [4, 2], "car_1965": [4, 1], "car_1964": [4, 3], "car_501": [10, 3], "car_500": [8, 4], "car_503": [11, 3], "car_502": [6, 5], "car_505": [7, 5], "car_504": [1, 3], "car_507": [11, 7], "car_506": [10, 4], "car_509": [8, 4], "car_508": [4, 5], "car_1745": [4, 1], "car_646": [6, 2], "car_647": [9, 5], "car_644": [9, 3], "car_645": [1, 7], "car_642": [10, 0], "car_643": [6, 2], "car_640": [8, 4], "car_641": [4, 0], "car_648": [3, 4], "car_649": [5, 3], "car_1830": [9, 7], "car_1932": [10, 0], "car_1933": [3, 5], "car_1930": [8, 1], "car_1931": [4, 2], "car_1936": [10, 7], "car_1937": [5, 1], "car_1934": [11, 1], "car_1935": [7, 2], "car_1938": [0, 7], "car_1939": [3, 1], "car_1717": [10, 2], "car_1338": [5, 4], "car_1339": [6, 1], "car_1334": [2, 7], "car_1335": [6, 3], "car_1336": [11, 4], "car_1337": [11, 6], "car_1330": [1, 3], "car_1331": [4, 2], "car_1332": [1, 6], "car_1333": [10, 5], "car_1711": [3, 1], "car_358": [4, 3], "car_359": [10, 0], "car_1804": [3, 4], "car_1805": [11, 3], "car_1802": [2, 4], "car_1803": [0, 1], "car_1800": [11, 3], "car_1801": [4, 7], "car_350": [1, 3], "car_351": [10, 7], "car_352": [9, 4], "car_353": [3, 2], "car_354": [5, 7], "car_355": [6, 0], "car_356": [11, 1], "car_357": [1, 4], "car_1482": [5, 1], "car_1483": [9, 5], "car_1480": [1, 2], "car_1481": [10, 1], "car_1486": [7, 6], "car_1487": [6, 3], "car_1484": [3, 7], "car_1485": [8, 0], "car_1488": [3, 4], "car_1489": [8, 6], "car_1240": [5, 1], "car_1241": [11, 2], "car_1242": [1, 4], "car_1243": [7, 0], "car_1244": [3, 2], "car_1245": [11, 3], "car_1246": [1, 3], "car_1247": [10, 5], "car_1248": [5, 1], "car_1249": [9, 0], "car_1747": [8, 3], "car_1879": [0, 7], "car_2049": [10, 4], "car_2048": [4, 7], "car_2047": [11, 3], "car_2046": [6, 0], "car_2045": [2, 7], "car_2044": [9, 1], "car_2043": [5, 6], "car_2042": [7, 0], "car_2041": [0, 3], "car_2040": [6, 2], "car_1064": [10, 3], "car_1065": [6, 7], "car_1066": [0, 1], "car_1067": [8, 4], "car_1060": [6, 3], "car_1061": [0, 4], "car_1062": [11, 6], "car_1063": [4, 3], "car_1068": [6, 7], "car_1069": [9, 4], "car_1798": [8, 4], "car_1799": [7, 2], "car_10": [7, 6], "car_11": [0, 1], "car_12": [7, 4], "car_13": [9, 0], "car_14": [7, 4], "car_15": [2, 0], "car_16": [8, 4], "car_17": [5, 7], "car_18": [10, 3], "car_19": [6, 7], "car_1668": [10, 0], "car_1669": [2, 0], "car_1662": [4, 0], "car_1663": [5, 6], "car_1660": [8, 5], "car_1661": [3, 4], "car_1666": [7, 5], "car_1667": [7, 3], "car_1664": [9, 5], "car_1665": [8, 3], "car_1468": [1, 4], "car_1469": [9, 3], "car_1460": [3, 0], "car_1461": [11, 7], "car_1462": [4, 0], "car_1463": [6, 7], "car_1464": [10, 1], "car_1465": [5, 7], "car_1466": [6, 0], "car_1467": [3, 5], "car_422": [10, 3], "car_423": [2, 0], "car_420": [0, 3], "car_421": [11, 2], "car_426": [11, 4], "car_427": [0, 4], "car_424": [5, 3], "car_425": [8, 7], "car_428": [10, 6], "car_429": [0, 4], "car_2008": [6, 3], "car_518": [2, 3], "car_519": [1, 3], "car_516": [1, 3], "car_517": [7, 1], "car_514": [6, 2], "car_515": [3, 6], "car_512": [7, 6], "car_513": [10, 6], "car_510": [11, 3], "car_511": [4, 1], "car_1870": [8, 3], "car_633": [11, 0], "car_632": [3, 1], "car_631": [9, 6], "car_630": [11, 7], "car_637": [4, 6], "car_636": [0, 1], "car_635": [9, 6], "car_634": [4, 6], "car_639": [3, 0], "car_638": [7, 1], "car_189": [1, 6], "car_188": [6, 3], "car_185": [5, 3], "car_184": [10, 4], "car_187": [9, 1], "car_186": [6, 5], "car_181": [3, 1], "car_180": [9, 4], "car_183": [4, 0], "car_182": [11, 5], "car_749": [3, 1], "car_748": [0, 1], "car_747": [6, 0], "car_746": [10, 7], "car_745": [7, 5], "car_744": [5, 4], "car_743": [7, 2], "car_742": [11, 3], "car_741": [8, 2], "car_740": [3, 2], "car_299": [3, 5], "car_298": [10, 0], "car_1927": [8, 3], "car_1926": [10, 0], "car_1921": [3, 0], "car_1920": [0, 3], "car_1923": [6, 7], "car_1922": [1, 6], "car_291": [6, 2], "car_290": [5, 6], "car_293": [3, 1], "car_292": [9, 4], "car_295": [0, 4], "car_294": [6, 1], "car_297": [4, 2], "car_296": [3, 6], "car_1329": [11, 0], "car_1328": [5, 1], "car_1327": [2, 0], "car_1326": [4, 6], "car_1325": [8, 5], "car_1324": [9, 5], "car_1323": [6, 0], "car_1322": [2, 0], "car_1321": [10, 3], "car_1320": [7, 3], "car_365": [1, 5], "car_364": [11, 4], "car_367": [1, 0], "car_366": [10, 2], "car_361": [7, 1], "car_360": [4, 0], "car_363": [3, 5], "car_362": [5, 7], "car_1811": [3, 0], "car_1810": [0, 7], "car_1813": [10, 2], "car_1812": [1, 3], "car_369": [2, 0], "car_368": [7, 6], "car_1817": [1, 2], "car_1816": [11, 4], "car_167": [5, 2], "car_166": [2, 4], "car_165": [11, 1], "car_164": [0, 4], "car_163": [9, 5], "car_162": [2, 1], "car_161": [7, 0], "car_160": [1, 4], "car_169": [1, 4], "car_168": [9, 1], "car_1495": [1, 3], "car_1494": [7, 5], "car_1497": [5, 6], "car_1496": [10, 1], "car_1491": [10, 6], "car_1490": [1, 7], "car_1493": [0, 3], "car_1492": [9, 1], "car_1499": [2, 0], "car_1498": [3, 0], "car_1253": [5, 0], "car_1252": [10, 1], "car_1251": [3, 0], "car_1250": [0, 6], "car_1257": [11, 7], "car_1256": [10, 1], "car_1255": [6, 4], "car_1254": [4, 2], "car_1259": [7, 3], "car_1258": [1, 0], "car_1868": [0, 5], "car_1789": [6, 1], "car_1788": [11, 7], "car_2070": [3, 0], "car_2071": [11, 0], "car_2076": [0, 1], "car_2077": [3, 2], "car_2074": [1, 3], "car_2075": [2, 7], "car_1781": [9, 6], "car_1780": [6, 4], "car_1783": [8, 7], "car_1782": [3, 6], "car_1785": [7, 3], "car_1784": [4, 5], "car_1787": [0, 1], "car_1786": [6, 0], "car_1077": [8, 0], "car_1076": [3, 5], "car_1075": [2, 4], "car_1074": [10, 3], "car_1073": [4, 5], "car_1072": [11, 1], "car_1071": [8, 3], "car_1070": [0, 5], "car_1079": [11, 3], "car_1078": [10, 2], "car_2034": [11, 1], "car_2035": [4, 5], "car_2032": [7, 3], "car_2033": [5, 4], "car_985": [9, 3], "car_984": [0, 5], "car_987": [7, 1], "car_986": [8, 1], "car_981": [11, 1], "car_980": [10, 3], "car_983": [6, 1], "car_982": [2, 1], "car_1675": [8, 5], "car_1674": [0, 6], "car_1677": [1, 5], "car_1676": [11, 6], "car_989": [1, 7], "car_988": [2, 6], "car_1673": [10, 3], "car_1672": [11, 1], "car_1479": [10, 2], "car_1478": [8, 7], "car_1473": [10, 4], "car_1472": [1, 4], "car_1471": [11, 5], "car_1470": [8, 7], "car_1477": [9, 1], "car_1476": [6, 4], "car_1475": [5, 6], "car_1474": [2, 5], "car_1743": [4, 2], "car_1742": [7, 5], "car_2090": [8, 7], "car_2091": [1, 4], "car_2092": [4, 3], "car_2093": [5, 3], "car_2094": [8, 6], "car_2095": [10, 6], "car_2096": [2, 6], "car_569": [9, 3], "car_568": [4, 0], "car_563": [9, 7], "car_562": [6, 5], "car_561": [5, 2], "car_560": [9, 4], "car_567": [11, 4], "car_566": [10, 0], "car_565": [7, 4], "car_564": [8, 2], "car_620": [1, 4], "car_621": [4, 1], "car_622": [7, 0], "car_623": [5, 0], "car_624": [6, 4], "car_625": [3, 5], "car_626": [8, 7], "car_627": [11, 4], "car_628": [7, 4], "car_629": [10, 0], "car_1869": [8, 3], "car_1866": [5, 6], "car_1867": [6, 4], "car_198": [7, 6], "car_199": [10, 4], "car_192": [1, 3], "car_193": [4, 1], "car_190": [4, 2], "car_191": [9, 1], "car_196": [8, 2], "car_197": [4, 2], "car_194": [2, 7], "car_195": [5, 0], "car_758": [2, 4], "car_759": [6, 5], "car_754": [2, 0], "car_755": [5, 2], "car_756": [0, 2], "car_757": [8, 5], "car_750": [5, 0], "car_751": [6, 4], "car_752": [11, 2], "car_753": [10, 5], "car_1940": [7, 6], "car_286": [2, 5], "car_287": [9, 1], "car_284": [6, 1], "car_285": [1, 0], "car_282": [8, 0], "car_283": [7, 5], "car_280": [1, 7], "car_281": [0, 1], "car_1949": [1, 0], "car_288": [10, 1], "car_289": [11, 0], "car_1948": [11, 6], "car_1312": [3, 0], "car_1313": [8, 4], "car_1310": [5, 3], "car_1311": [9, 3], "car_1316": [6, 3], "car_1317": [9, 7], "car_1314": [11, 2], "car_1315": [7, 5], "car_1318": [8, 0], "car_1319": [1, 0], "car_372": [10, 6], "car_373": [9, 0], "car_370": [5, 3], "car_371": [1, 4], "car_376": [7, 3], "car_377": [2, 7], "car_374": [11, 6], "car_375": [1, 7], "car_1864": [0, 3], "car_1865": [7, 1], "car_378": [1, 0], "car_379": [4, 7], "car_1860": [3, 5], "car_1861": [4, 7], "car_1862": [6, 4], "car_1863": [2, 7], "car_174": [11, 4], "car_175": [7, 0], "car_176": [2, 5], "car_177": [5, 7], "car_170": [2, 7], "car_171": [9, 6], "car_172": [0, 6], "car_173": [8, 0], "car_178": [4, 5], "car_179": [2, 4], "car_1266": [11, 4], "car_1267": [2, 0], "car_1264": [5, 3], "car_1265": [9, 4], "car_1262": [11, 1], "car_1263": [2, 4], "car_1260": [5, 3], "car_1261": [6, 1], "car_1268": [3, 1], "car_1269": [8, 7], "car_2065": [6, 4], "car_2064": [2, 7], "car_1048": [4, 1], "car_1049": [10, 0], "car_2061": [7, 3], "car_2060": [4, 2], "car_2063": [0, 1], "car_2062": [9, 7], "car_1042": [7, 2], "car_1043": [6, 1], "car_1040": [0, 5], "car_1041": [8, 7], "car_1046": [3, 4], "car_1047": [11, 0], "car_1044": [10, 6], "car_1045": [0, 5], "car_78": [2, 0], "car_79": [9, 7], "car_72": [7, 5], "car_73": [10, 5], "car_70": [7, 6], "car_71": [6, 7], "car_76": [11, 5], "car_77": [7, 3], "car_74": [9, 3], "car_75": [8, 4], "car_992": [11, 0], "car_993": [7, 6], "car_990": [2, 0], "car_991": [9, 4], "car_996": [6, 0], "car_997": [0, 6], "car_994": [2, 0], "car_995": [5, 6], "car_1688": [5, 4], "car_1689": [9, 0], "car_998": [3, 5], "car_999": [8, 4], "car_1448": [9, 3], "car_1449": [0, 4], "car_1446": [2, 3], "car_1447": [5, 1], "car_1444": [7, 6], "car_1445": [10, 0], "car_1442": [11, 4], "car_1443": [2, 4], "car_1440": [1, 7], "car_1441": [3, 6], "car_2089": [0, 4], "car_2088": [7, 2], "car_2083": [11, 6], "car_2082": [0, 6], "car_2081": [6, 5], "car_2080": [5, 4], "car_2087": [4, 6], "car_2086": [11, 1], "car_2085": [6, 0], "car_2084": [1, 4], "car_578": [7, 5], "car_579": [11, 0], "car_553": [8, 4], "car_570": [3, 5], "car_571": [8, 7], "car_572": [1, 3], "car_573": [4, 1], "car_574": [10, 0], "car_806": [5, 0], "car_576": [6, 3], "car_577": [4, 5], "car_807": [3, 5], "car_800": [7, 4], "car_801": [9, 3], "car_802": [4, 0], "car_803": [10, 6], "car_2067": [8, 7], "car_2066": [9, 0], "car_619": [3, 6], "car_618": [6, 5], "car_615": [6, 2], "car_614": [1, 6], "car_617": [2, 6], "car_616": [10, 2], "car_611": [9, 7], "car_610": [5, 0], "car_613": [11, 7], "car_612": [8, 1], "car_2069": [9, 6], "car_2068": [6, 3], "car_769": [3, 2], "car_768": [7, 2], "car_761": [3, 2], "car_760": [0, 4], "car_763": [3, 0], "car_762": [6, 5], "car_765": [2, 7], "car_764": [11, 4], "car_767": [3, 5], "car_766": [0, 7], "car_575": [5, 3], "car_1305": [6, 2], "car_1304": [11, 2], "car_1307": [8, 7], "car_1306": [3, 4], "car_1301": [11, 4], "car_1300": [0, 4], "car_1303": [0, 4], "car_1302": [10, 4], "car_1309": [2, 3], "car_1308": [1, 6], "car_389": [11, 3], "car_388": [7, 6], "car_387": [1, 3], "car_386": [8, 6], "car_385": [0, 4], "car_384": [9, 1], "car_383": [10, 1], "car_382": [7, 4], "car_381": [5, 0], "car_380": [10, 0], "car_141": [4, 0], "car_140": [11, 0], "car_143": [9, 5], "car_142": [2, 6], "car_145": [9, 6], "car_144": [11, 1], "car_147": [3, 2], "car_146": [0, 5], "car_149": [4, 3], "car_148": [1, 7], "car_1279": [2, 0], "car_1278": [7, 2], "car_1271": [2, 5], "car_1270": [4, 3], "car_1273": [4, 0], "car_1272": [1, 5], "car_1275": [9, 0], "car_1274": [6, 0], "car_1277": [1, 7], "car_1276": [0, 7], "car_1059": [2, 4], "car_1058": [1, 2], "car_1055": [11, 7], "car_1054": [6, 1], "car_1057": [8, 4], "car_1056": [3, 6], "car_1051": [3, 4], "car_1050": [10, 1], "car_1053": [5, 0], "car_1052": [10, 1], "car_69": [4, 7], "car_68": [9, 0], "car_61": [10, 3], "car_60": [1, 3], "car_63": [6, 7], "car_62": [2, 4], "car_65": [10, 0], "car_64": [7, 2], "car_67": [6, 0], "car_66": [5, 6], "car_1693": [1, 0], "car_1692": [9, 0], "car_1691": [10, 1], "car_1690": [3, 0], "car_1697": [10, 3], "car_1696": [0, 4], "car_969": [5, 1], "car_968": [0, 6], "car_967": [9, 3], "car_966": [6, 7], "car_965": [3, 7], "car_964": [0, 5], "car_963": [5, 7], "car_962": [2, 0], "car_961": [8, 7], "car_960": [0, 4], "car_1451": [1, 4], "car_1450": [3, 6], "car_1453": [9, 7], "car_1452": [5, 7], "car_1455": [2, 6], "car_1454": [1, 2], "car_1457": [7, 3], "car_1456": [1, 2], "car_1459": [9, 7], "car_1458": [5, 2], "car_1680": [0, 2], "car_1681": [3, 6], "car_1682": [8, 4], "car_1683": [4, 1], "car_1684": [10, 1], "car_1685": [0, 3], "car_1891": [7, 6], "car_1686": [3, 4], "car_1890": [0, 5], "car_1687": [10, 6], "car_1893": [6, 2], "car_545": [7, 5], "car_544": [8, 6], "car_547": [6, 0], "car_546": [2, 6], "car_541": [5, 7], "car_540": [2, 7], "car_543": [9, 5], "car_542": [1, 2], "car_1895": [2, 5], "car_549": [1, 5], "car_548": [11, 0], "car_819": [7, 0], "car_818": [11, 1], "car_1897": [11, 4], "car_1896": [8, 3], "car_33": [10, 7], "car_1767": [9, 4], "car_1766": [5, 2], "car_1765": [2, 4], "car_608": [4, 1], "car_609": [7, 4], "car_602": [10, 7], "car_603": [2, 1], "car_600": [9, 1], "car_601": [8, 2], "car_606": [8, 1], "car_607": [11, 6], "car_604": [0, 2], "car_605": [3, 2], "car_1761": [5, 3], "car_1760": [4, 2], "car_776": [3, 6], "car_777": [11, 7], "car_774": [6, 1], "car_775": [9, 0], "car_772": [7, 2], "car_773": [2, 4], "car_770": [8, 0], "car_771": [11, 1], "car_1768": [0, 5], "car_778": [4, 5], "car_779": [7, 6], "car_1750": [10, 7], "car_1994": [10, 2], "car_1995": [5, 7], "car_1996": [9, 4], "car_1997": [9, 2], "car_1990": [9, 7], "car_1991": [3, 4], "car_1992": [11, 1], "car_1993": [1, 2], "car_1998": [3, 5], "car_1999": [10, 4], "car_1842": [3, 4], "car_1806": [4, 6], "car_1840": [1, 5], "car_1841": [2, 0], "car_398": [2, 3], "car_399": [9, 3], "car_1844": [7, 2], "car_1807": [6, 1], "car_394": [7, 3], "car_395": [5, 4], "car_396": [8, 7], "car_397": [11, 0], "car_390": [1, 6], "car_391": [4, 3], "car_392": [0, 1], "car_393": [1, 3], "car_158": [3, 7], "car_159": [11, 5], "car_156": [5, 1], "car_157": [0, 7], "car_154": [3, 4], "car_155": [2, 5], "car_152": [6, 4], "car_153": [11, 1], "car_150": [7, 0], "car_151": [2, 0], "car_1208": [5, 0], "car_1209": [0, 5], "car_1204": [5, 4], "car_1205": [3, 1], "car_1206": [11, 3], "car_1207": [7, 6], "car_1200": [5, 2], "car_1201": [1, 7], "car_1202": [7, 4], "car_1203": [10, 3], "car_1808": [9, 0], "car_1809": [9, 4], "car_1510": [3, 1], "car_1511": [4, 3], "car_1512": [5, 4], "car_1513": [6, 1], "car_1514": [9, 2], "car_1515": [0, 7], "car_1516": [8, 7], "car_1517": [11, 2], "car_1518": [1, 2], "car_1519": [10, 1], "car_1198": [8, 4], "car_1199": [1, 7], "car_1194": [7, 4], "car_1195": [6, 2], "car_1196": [6, 3], "car_1197": [3, 2], "car_1190": [6, 3], "car_1191": [9, 0], "car_1192": [0, 4], "car_1193": [11, 2], "car_978": [4, 5], "car_979": [7, 0], "car_974": [10, 2], "car_975": [2, 1], "car_976": [11, 5], "car_977": [1, 3], "car_970": [8, 3], "car_971": [11, 3], "car_972": [4, 2], "car_973": [7, 5], "car_1424": [3, 1], "car_1425": [0, 4], "car_1426": [8, 1], "car_1427": [1, 5], "car_1420": [11, 0], "car_1421": [4, 0], "car_1422": [5, 2], "car_1423": [9, 4], "car_1428": [5, 2], "car_1429": [6, 7], "car_1738": [0, 2], "car_1739": [10, 1], "car_1730": [3, 1], "car_1731": [11, 1], "car_1732": [5, 4], "car_1733": [6, 4], "car_1734": [3, 7], "car_1735": [7, 6], "car_1736": [4, 2], "car_1737": [5, 3], "car_54": [4, 0], "car_55": [7, 5], "car_56": [2, 3], "car_57": [0, 6], "car_50": [4, 3], "car_51": [2, 1], "car_52": [3, 2], "car_53": [1, 2], "car_58": [3, 0], "car_59": [8, 2], "car_552": [3, 0], "car_805": [1, 7], "car_550": [5, 4], "car_551": [0, 5], "car_556": [8, 4], "car_557": [7, 2], "car_554": [4, 5], "car_555": [3, 4], "car_558": [10, 1], "car_559": [6, 0], "car_808": [1, 5], "car_809": [2, 4], "car_1757": [6, 2], "car_703": [2, 3], "car_702": [10, 3], "car_701": [7, 1], "car_700": [4, 0], "car_707": [2, 7], "car_706": [4, 1], "car_705": [8, 0], "car_704": [4, 6], "car_709": [4, 5], "car_708": [5, 7], "car_1987": [9, 0], "car_1986": [2, 5], "car_1985": [10, 4], "car_1984": [11, 2], "car_1983": [0, 5], "car_1982": [6, 1], "car_1981": [2, 4], "car_1980": [8, 1], "car_1989": [5, 7], "car_1988": [1, 2], "car_1855": [9, 6], "car_1796": [5, 7], "car_1857": [5, 1], "car_1856": [3, 6], "car_1851": [5, 0], "car_1850": [10, 5], "car_1853": [2, 5], "car_1797": [9, 0], "car_1859": [9, 6], "car_1794": [7, 2], "car_129": [4, 0], "car_128": [1, 5], "car_123": [9, 6], "car_122": [6, 0], "car_121": [10, 7], "car_120": [4, 0], "car_127": [9, 5], "car_126": [10, 4], "car_125": [1, 7], "car_124": [8, 0], "car_1790": [3, 0], "car_1219": [2, 5], "car_1218": [10, 7], "car_1217": [4, 2], "car_1216": [1, 4], "car_1215": [11, 6], "car_1214": [5, 6], "car_1213": [6, 3], "car_1212": [5, 3], "car_1211": [1, 0], "car_1210": [3, 6], "car_1415": [9, 0], "car_1414": [2, 0], "car_1417": [3, 2], "car_1416": [1, 4], "car_1411": [4, 5], "car_1410": [6, 1], "car_237": [8, 5], "car_236": [6, 2], "car_235": [2, 1], "car_234": [11, 7], "car_233": [8, 1], "car_232": [1, 6], "car_231": [8, 5], "car_230": [5, 0], "car_1412": [6, 3], "car_239": [7, 5], "car_238": [11, 1], "car_1503": [10, 4], "car_1502": [8, 6], "car_1501": [10, 6], "car_1500": [4, 2], "car_1507": [6, 3], "car_1506": [10, 7], "car_1505": [3, 4], "car_1504": [9, 5], "car_1509": [0, 1], "car_1508": [9, 7], "car_1189": [2, 6], "car_1188": [7, 3], "car_1187": [4, 1], "car_1186": [1, 5], "car_1185": [3, 5], "car_1184": [8, 4], "car_1183": [2, 4], "car_1182": [7, 1], "car_1181": [1, 6], "car_1180": [6, 4], "car_949": [1, 7], "car_948": [8, 2], "car_941": [9, 6], "car_940": [7, 6], "car_943": [1, 3], "car_942": [0, 5], "car_945": [8, 2], "car_944": [6, 2], "car_947": [4, 3], "car_946": [11, 5], "car_1437": [3, 7], "car_1436": [9, 3], "car_1435": [2, 0], "car_1434": [7, 2], "car_1433": [4, 0], "car_1432": [1, 6], "car_1431": [0, 7], "car_1430": [9, 2], "car_1439": [11, 7], "car_1438": [7, 2], "car_493": [1, 7], "car_492": [2, 1], "car_491": [7, 5], "car_490": [1, 2], "car_497": [7, 0], "car_496": [4, 1], "car_495": [6, 3], "car_494": [10, 3], "car_499": [9, 2], "car_498": [5, 7], "car_1918": [10, 6], "car_1919": [6, 7], "car_1729": [11, 0], "car_1728": [2, 6], "car_1723": [10, 0], "car_1722": [1, 7], "car_1721": [8, 3], "car_1720": [6, 5], "car_1727": [7, 4], "car_1726": [4, 0], "car_1725": [1, 6], "car_1724": [8, 3], "car_43": [8, 1], "car_42": [3, 6], "car_41": [0, 7], "car_40": [6, 4], "car_47": [2, 4], "car_46": [7, 2], "car_45": [4, 1], "car_44": [11, 1], "car_49": [3, 2], "car_48": [0, 5], "car_1916": [0, 4], "car_1917": [7, 1], "car_1858": [8, 1], "car_831": [4, 7], "car_830": [3, 7], "car_833": [5, 0], "car_832": [2, 6], "car_835": [4, 1], "car_834": [6, 5], "car_837": [9, 6], "car_836": [7, 3], "car_839": [8, 1], "car_838": [9, 3], "car_1941": [6, 0], "car_710": [2, 5], "car_711": [5, 3], "car_712": [6, 2], "car_713": [4, 1], "car_714": [2, 4], "car_715": [5, 0], "car_716": [9, 7], "car_717": [4, 3], "car_718": [7, 6], "car_719": [2, 6], "car_1892": [5, 2], "car_1894": [7, 2], "car_138": [6, 7], "car_139": [0, 7], "car_130": [10, 6], "car_131": [6, 5], "car_132": [8, 3], "car_133": [1, 2], "car_134": [7, 3], "car_135": [6, 4], "car_136": [9, 2], "car_137": [11, 3], "car_1222": [8, 5], "car_1223": [11, 3], "car_1220": [8, 2], "car_1221": [6, 1], "car_1226": [10, 2], "car_1227": [0, 3], "car_1224": [1, 3], "car_1225": [4, 6], "car_1886": [9, 3], "car_1887": [0, 2], "car_1228": [6, 5], "car_1229": [9, 0], "car_1882": [5, 0], "car_1883": [8, 5], "car_1880": [3, 1], "car_1881": [1, 7], "car_224": [6, 5], "car_225": [0, 1], "car_226": [3, 2], "car_227": [11, 5], "car_220": [11, 5], "car_221": [4, 7], "car_222": [0, 5], "car_223": [1, 2], "car_228": [7, 6], "car_229": [2, 4], "car_1086": [1, 7], "car_1087": [5, 1], "car_1084": [7, 2], "car_1085": [0, 2], "car_1082": [2, 6], "car_1083": [9, 2], "car_1080": [1, 5], "car_1081": [10, 0], "car_1088": [9, 0], "car_1089": [8, 1], "car_1536": [11, 4], "car_1537": [4, 1], "car_1534": [5, 7], "car_1535": [8, 7], "car_1532": [6, 2], "car_1533": [0, 3], "car_1530": [8, 4], "car_1531": [10, 7], "car_1538": [7, 3], "car_1539": [10, 7], "car_956": [7, 6], "car_957": [1, 2], "car_954": [3, 7], "car_955": [11, 5], "car_952": [2, 6], "car_953": [9, 7], "car_950": [4, 6], "car_951": [10, 7], "car_1827": [4, 5], "car_958": [5, 0], "car_959": [9, 1], "car_1158": [6, 7], "car_1159": [9, 4], "car_1408": [3, 6], "car_1409": [1, 5], "car_1829": [10, 5], "car_1150": [1, 7], "car_1151": [5, 0], "car_1152": [11, 1], "car_1153": [7, 1], "car_1154": [9, 4], "car_1155": [4, 5], "car_1156": [8, 1], "car_1157": [1, 7], "car_1826": [11, 2], "car_480": [5, 6], "car_481": [9, 2], "car_482": [1, 6], "car_483": [10, 0], "car_484": [5, 1], "car_485": [0, 1], "car_486": [5, 4], "car_487": [0, 7], "car_488": [3, 7], "car_489": [8, 3], "car_853": [2, 1], "car_852": [10, 6], "car_851": [5, 3], "car_582": [3, 4], "car_1718": [2, 5], "car_1719": [5, 4], "car_1716": [7, 5], "car_857": [10, 2], "car_1714": [7, 6], "car_1715": [3, 0], "car_1712": [8, 5], "car_1713": [1, 6], "car_1710": [6, 7], "car_856": [8, 4], "car_1828": [7, 4], "car_855": [3, 0], "car_854": [9, 4], "car_828": [5, 3], "car_829": [0, 7], "car_826": [11, 4], "car_827": [1, 3], "car_824": [9, 0], "car_825": [3, 5], "car_822": [6, 7], "car_823": [1, 0], "car_820": [2, 7], "car_821": [2, 5], "car_729": [8, 1], "car_728": [9, 1], "car_725": [6, 3], "car_724": [2, 5], "car_727": [5, 3], "car_726": [7, 4], "car_721": [0, 6], "car_720": [5, 6], "car_723": [7, 5], "car_722": [4, 2], "car_1795": [10, 7], "car_1792": [11, 3], "car_1793": [1, 6], "car_105": [2, 4], "car_104": [7, 6], "car_107": [0, 7], "car_106": [6, 0], "car_101": [0, 3], "car_100": [9, 3], "car_103": [4, 0], "car_102": [3, 0], "car_1888": [8, 6], "car_109": [2, 3], "car_108": [11, 5], "car_1791": [8, 0], "car_1235": [4, 6], "car_1234": [1, 3], "car_1237": [3, 7], "car_1236": [2, 4], "car_1231": [4, 2], "car_1230": [3, 4], "car_1233": [11, 2], "car_1232": [7, 3], "car_1899": [10, 6], "car_1898": [1, 4], "car_1239": [7, 3], "car_1238": [11, 7], "car_211": [2, 3], "car_210": [7, 0], "car_213": [1, 0], "car_212": [8, 5], "car_215": [9, 0], "car_214": [2, 4], "car_217": [4, 0], "car_216": [3, 2], "car_219": [6, 5], "car_218": [5, 4], "car_1529": [3, 4], "car_1528": [6, 0], "car_1521": [6, 1], "car_1520": [2, 4], "car_1523": [0, 4], "car_1522": [9, 1], "car_1525": [4, 0], "car_1524": [1, 5], "car_1527": [2, 7], "car_1526": [10, 1], "car_923": [10, 3], "car_922": [7, 3], "car_921": [4, 6], "car_920": [1, 4], "car_927": [0, 4], "car_926": [9, 4], "car_925": [5, 1], "car_924": [11, 3], "car_929": [11, 7], "car_928": [8, 0], "car_1149": [0, 2], "car_1148": [1, 7], "car_1419": [3, 6], "car_1418": [0, 3], "car_1143": [11, 2], "car_1142": [2, 1], "car_1141": [8, 6], "car_1140": [2, 1], "car_1147": [9, 0], "car_1146": [7, 5], "car_1145": [4, 5], "car_1144": [1, 5], "car_1099": [4, 0], "car_1098": [1, 3], "car_1091": [6, 7], "car_1090": [7, 0], "car_1093": [11, 2], "car_1092": [9, 4], "car_1095": [0, 7], "car_1094": [4, 2], "car_1097": [11, 2], "car_1096": [3, 6], "car_1701": [3, 7], "car_1700": [8, 5], "car_1703": [1, 6], "car_1702": [8, 4], "car_1705": [2, 0], "car_1704": [4, 7], "car_1707": [8, 5], "car_1706": [9, 0], "car_1709": [2, 4], "car_1708": [11, 2], "car_589": [9, 0], "car_588": [4, 0], "car_859": [9, 4], "car_858": [6, 4], "car_1695": [5, 2], "car_581": [9, 7], "car_580": [4, 7], "car_583": [1, 2], "car_850": [7, 0], "car_585": [10, 3], "car_584": [7, 0], "car_587": [11, 0], "car_586": [8, 5], "car_2002": [0, 6], "car_457": [8, 6], "car_456": [0, 4], "car_455": [5, 0], "car_454": [1, 7], "car_453": [8, 7], "car_452": [6, 5], "car_451": [1, 6], "car_450": [11, 4], "car_1878": [6, 5], "car_459": [4, 3], "car_458": [1, 4], "car_1877": [2, 3], "car_1876": [7, 4], "car_1875": [10, 4], "car_1874": [6, 7], "car_1873": [7, 4], "car_1872": [4, 1], "car_738": [6, 7], "car_739": [9, 6], "car_1871": [11, 5], "car_733": [7, 4], "car_732": [3, 6], "car_32": [4, 7], "car_730": [4, 7], "car_731": [2, 4], "car_736": [4, 5], "car_737": [7, 2], "car_734": [3, 7], "car_735": [11, 2], "car_1976": [0, 5], "car_1977": [3, 4], "car_1698": [0, 6], "car_38": [5, 4], "car_39": [3, 6], "car_1978": [8, 0], "car_1979": [0, 7], "car_112": [8, 3], "car_113": [6, 1], "car_110": [10, 2], "car_111": [5, 6], "car_116": [7, 1], "car_117": [5, 2], "car_114": [0, 6], "car_115": [11, 2], "car_118": [7, 0], "car_119": [1, 0], "car_1950": [7, 4], "car_1951": [2, 7], "car_1952": [6, 1], "car_1953": [9, 1], "car_1954": [8, 2], "car_1955": [4, 2], "car_208": [5, 2], "car_209": [0, 3], "car_206": [10, 5], "car_207": [2, 7], "car_204": [0, 2], "car_205": [3, 0], "car_202": [1, 7], "car_203": [2, 1], "car_200": [3, 4], "car_201": [11, 1], "car_1558": [3, 1], "car_1559": [1, 4], "car_1554": [5, 0], "car_1555": [1, 7], "car_1556": [4, 3], "car_1557": [0, 6], "car_1550": [11, 1], "car_1551": [2, 3], "car_1552": [9, 1], "car_1553": [3, 7], "car_1398": [3, 5], "car_1399": [1, 5], "car_1392": [10, 0], "car_1393": [2, 0], "car_1390": [11, 4], "car_1391": [1, 2], "car_1396": [10, 4], "car_1397": [6, 2], "car_1394": [5, 7], "car_1395": [4, 1], "car_930": [1, 2], "car_931": [5, 1], "car_932": [8, 7], "car_933": [1, 2], "car_934": [4, 6], "car_935": [6, 2], "car_936": [9, 1], "car_937": [3, 1], "car_938": [8, 4], "car_939": [11, 1], "car_6": [5, 2], "car_7": [9, 3], "car_4": [9, 1], "car_5": [3, 6], "car_2": [5, 2], "car_3": [6, 7], "car_1178": [3, 4], "car_1": [10, 6], "car_1176": [6, 3], "car_1177": [9, 2], "car_1174": [2, 4], "car_1175": [5, 1], "car_1172": [4, 2], "car_1173": [10, 4], "car_8": [0, 1], "car_9": [3, 6], "car_1774": [4, 7], "car_1775": [10, 3], "car_1776": [2, 6], "car_1777": [5, 3], "car_1770": [4, 2], "car_1771": [9, 5], "car_1772": [0, 7], "car_1773": [8, 6], "car_1778": [6, 3], "car_1779": [11, 0], "car_98": [5, 1], "car_99": [6, 1], "car_90": [5, 2], "car_91": [6, 3], "car_92": [9, 5], "car_93": [4, 1], "car_94": [10, 2], "car_95": [3, 7], "car_96": [11, 3], "car_97": [4, 6], "car_596": [5, 1], "car_597": [9, 7], "car_594": [1, 0], "car_595": [11, 0], "car_592": [9, 1], "car_593": [3, 7], "car_590": [4, 7], "car_591": [2, 3], "car_598": [8, 0], "car_599": [5, 2], "car_848": [11, 1], "car_849": [4, 1], "car_840": [11, 1], "car_841": [4, 7], "car_842": [10, 1], "car_843": [2, 5], "car_844": [5, 6], "car_845": [9, 5], "car_846": [0, 6], "car_847": [3, 0], "car_1608": [6, 0], "car_1609": [11, 3], "car_1600": [11, 4], "car_1601": [10, 4], "car_1602": [6, 4], "car_1603": [3, 5], "car_1604": [11, 4], "car_1605": [4, 6], "car_1606": [7, 1], "car_1607": [5, 1], "car_444": [1, 6], "car_445": [4, 1], "car_446": [7, 5], "car_447": [10, 2], "car_440": [7, 2], "car_441": [5, 6], "car_442": [6, 3], "car_443": [8, 0], "car_448": [2, 3], "car_449": [8, 7], "car_695": [6, 2], "car_694": [2, 7], "car_697": [6, 3], "car_696": [0, 5], "car_691": [8, 5], "car_690": [3, 1], "car_693": [1, 3], "car_692": [11, 3], "car_699": [3, 1], "car_698": [9, 7], "car_1943": [11, 5], "car_1942": [4, 5], "car_279": [3, 2], "car_278": [5, 3], "car_1947": [6, 5], "car_1946": [5, 7], "car_1945": [10, 1], "car_1944": [1, 0], "car_273": [6, 4], "car_272": [0, 4], "car_271": [9, 5], "car_270": [4, 3], "car_277": [2, 6], "car_276": [1, 7], "car_275": [3, 6], "car_274": [0, 2], "car_1925": [1, 5], "car_1549": [3, 1], "car_1548": [9, 0], "car_1547": [10, 4], "car_1546": [7, 3], "car_1545": [8, 3], "car_1544": [3, 1], "car_1543": [6, 1], "car_1542": [2, 7], "car_1541": [0, 2], "car_1540": [9, 4], "car_1389": [8, 2], "car_1388": [0, 2], "car_1385": [1, 4], "car_1384": [8, 4], "car_1387": [5, 2], "car_1386": [2, 4], "car_1381": [5, 6], "car_1380": [1, 5], "car_1383": [0, 5], "car_1382": [11, 0], "car_307": [7, 2], "car_306": [4, 5], "car_305": [10, 2], "car_304": [8, 7], "car_303": [2, 0], "car_302": [7, 4], "car_301": [4, 2], "car_300": [1, 7], "car_804": [5, 4], "car_309": [5, 4], "car_308": [2, 5], "car_909": [5, 6], "car_908": [10, 1], "car_905": [6, 0], "car_904": [4, 0], "car_907": [1, 5], "car_906": [9, 1], "car_901": [0, 3], "car_900": [9, 4], "car_903": [11, 0], "car_902": [0, 7], "car_1161": [5, 3], "car_1160": [10, 2], "car_1163": [3, 7], "car_1162": [9, 4], "car_1165": [0, 6], "car_1164": [2, 1], "car_1167": [7, 4], "car_1166": [8, 2], "car_1169": [5, 3], "car_1168": [10, 3], "car_2010": [4, 3], "car_2011": [7, 2], "car_2012": [10, 4], "car_2013": [9, 2], "car_2014": [5, 2], "car_2015": [3, 4], "car_2016": [8, 2], "car_2017": [8, 5], "car_2018": [11, 2], "car_2019": [7, 1], "car_87": [0, 7], "car_86": [5, 2], "car_85": [7, 0], "car_84": [3, 2], "car_83": [0, 7], "car_82": [6, 3], "car_81": [2, 3], "car_80": [4, 3], "car_2001": [6, 2], "car_89": [2, 5], "car_88": [3, 4], "car_2000": [5, 6], "car_875": [9, 4], "car_874": [6, 7], "car_877": [1, 2], "car_876": [11, 7], "car_871": [6, 4], "car_870": [11, 2], "car_873": [10, 6], "car_872": [8, 5], "car_1694": [7, 3], "car_879": [4, 6], "car_878": [0, 6], "car_1752": [6, 4], "car_1753": [0, 5], "car_1699": [3, 0], "car_1619": [7, 1], "car_1618": [1, 7], "car_1613": [6, 3], "car_1612": [2, 4], "car_1611": [7, 2], "car_1610": [1, 0], "car_1617": [11, 6], "car_1616": [4, 6], "car_1615": [3, 7], "car_1614": [0, 6], "car_1754": [3, 1], "car_1755": [11, 4], "car_471": [2, 6], "car_470": [3, 6], "car_473": [9, 4], "car_472": [6, 5], "car_475": [3, 7], "car_474": [0, 5], "car_477": [3, 1], "car_476": [6, 4], "car_479": [7, 5], "car_478": [11, 4], "car_2038": [7, 4], "car_2039": [5, 0], "car_1819": [7, 6], "car_1818": [4, 6], "car_682": [11, 6], "car_683": [1, 3], "car_680": [3, 7], "car_681": [8, 6], "car_686": [4, 1], "car_687": [2, 6], "car_684": [7, 3], "car_685": [10, 5], "car_688": [5, 3], "car_689": [9, 5], "car_1815": [8, 6], "car_1814": [9, 3], "car_1670": [6, 1], "car_1956": [5, 4], "car_1957": [6, 4], "car_1958": [6, 3], "car_1959": [0, 2], "car_2003": [4, 1], "car_268": [2, 1], "car_269": [3, 6], "car_1974": [10, 6], "car_1975": [6, 1], "car_1972": [8, 7], "car_1973": [4, 2], "car_1970": [9, 0], "car_1971": [0, 3], "car_260": [10, 1], "car_261": [4, 2], "car_262": [10, 6], "car_263": [2, 5], "car_264": [6, 4], "car_265": [9, 0], "car_266": [4, 7], "car_267": [10, 6], "car_1572": [2, 7], "car_1573": [5, 4], "car_1570": [10, 7], "car_1571": [2, 4], "car_1576": [4, 7], "car_1577": [0, 2], "car_1574": [9, 2], "car_1575": [3, 1], "car_1578": [11, 6], "car_1579": [4, 7], "car_1370": [3, 0], "car_1371": [1, 5], "car_1372": [4, 1], "car_1373": [7, 4], "car_1374": [10, 7], "car_1375": [9, 3], "car_1376": [4, 5], "car_1377": [6, 0], "car_1378": [8, 5], "car_1379": [11, 4], "car_314": [4, 1], "car_315": [7, 3], "car_316": [10, 2], "car_317": [2, 6], "car_310": [9, 1], "car_311": [0, 5], "car_312": [3, 5], "car_313": [1, 7], "car_318": [5, 4], "car_319": [6, 2], "car_918": [3, 2], "car_919": [11, 4], "car_912": [0, 7], "car_913": [4, 0], "car_910": [6, 5], "car_911": [9, 1], "car_916": [5, 3], "car_917": [6, 0], "car_914": [7, 0], "car_915": [2, 6], "car_1114": [10, 3], "car_1115": [2, 0], "car_1116": [9, 0], "car_1117": [4, 0], "car_1110": [11, 2], "car_1111": [3, 7], "car_1112": [11, 0], "car_1113": [1, 7], "car_1118": [2, 6], "car_1119": [6, 1], "car_1284": [5, 6], "car_1285": [9, 7], "car_1286": [8, 4], "car_1287": [1, 0], "car_1280": [0, 7], "car_1281": [11, 3], "car_1282": [4, 1], "car_1283": [2, 7], "car_1288": [5, 7], "car_1289": [8, 3], "car_1744": [3, 7], "car_1028": [7, 6], "car_1029": [2, 3], "car_1758": [0, 5], "car_1759": [8, 6], "car_2007": [10, 4], "car_2006": [3, 0], "car_2005": [0, 6], "car_2004": [5, 4], "car_1020": [10, 4], "car_1021": [0, 1], "car_1022": [3, 0], "car_1023": [7, 2], "car_1024": [10, 3], "car_1025": [9, 1], "car_1026": [0, 2], "car_1027": [11, 7], "car_1598": [0, 6], "car_1599": [8, 0], "car_1590": [7, 4], "car_1591": [10, 1], "car_1592": [6, 0], "car_1593": [11, 7], "car_1594": [10, 4], "car_1595": [5, 0], "car_1596": [8, 7], "car_1597": [5, 7], "car_1746": [2, 5], "car_862": [5, 4], "car_863": [6, 5], "car_860": [8, 0], "car_861": [4, 2], "car_866": [2, 5], "car_867": [0, 4], "car_864": [11, 1], "car_865": [7, 4], "car_868": [3, 7], "car_869": [8, 4], "car_1741": [6, 5], "car_1628": [9, 1], "car_1629": [3, 5], "car_1626": [4, 5], "car_1627": [5, 6], "car_1624": [11, 6], "car_1625": [1, 6], "car_1622": [7, 0], "car_1623": [1, 7], "car_1620": [9, 5], "car_1621": [1, 0], "car_1740": [5, 2]}