{"car_545": [5, 2], "car_544": [2, 7], "car_547": [3, 6], "car_546": [10, 6], "car_541": [1, 2], "car_540": [2, 4], "car_543": [5, 2], "car_542": [1, 0], "car_549": [9, 0], "car_548": [1, 7], "car_468": [5, 4], "car_469": [11, 5], "car_466": [1, 0], "car_467": [2, 3], "car_464": [9, 1], "car_465": [0, 3], "car_462": [10, 7], "car_463": [5, 7], "car_460": [6, 0], "car_461": [3, 2], "car_211": [5, 3], "car_210": [1, 6], "car_213": [10, 0], "car_212": [9, 0], "car_215": [0, 3], "car_214": [7, 0], "car_217": [2, 0], "car_216": [3, 1], "car_219": [9, 4], "car_218": [5, 6], "car_352": [5, 3], "car_353": [3, 2], "car_354": [0, 7], "car_355": [7, 1], "car_356": [5, 4], "car_357": [1, 2], "car_608": [5, 3], "car_609": [9, 3], "car_602": [3, 5], "car_603": [2, 7], "car_600": [10, 1], "car_601": [10, 4], "car_606": [3, 0], "car_607": [11, 7], "car_604": [2, 7], "car_605": [6, 4], "car_518": [9, 2], "car_519": [10, 4], "car_510": [11, 2], "car_511": [8, 2], "car_679": [3, 4], "car_678": [6, 0], "car_677": [10, 3], "car_676": [9, 0], "car_675": [1, 4], "car_674": [2, 1], "car_673": [5, 3], "car_672": [2, 5], "car_671": [7, 5], "car_670": [9, 3], "car_10": [3, 2], "car_11": [11, 0], "car_12": [4, 1], "car_13": [11, 1], "car_14": [7, 3], "car_15": [9, 0], "car_16": [2, 6], "car_17": [1, 4], "car_18": [2, 5], "car_19": [1, 6], "car_703": [1, 4], "car_702": [8, 4], "car_701": [3, 4], "car_700": [0, 1], "car_707": [6, 0], "car_706": [2, 4], "car_705": [4, 1], "car_704": [7, 3], "car_698": [7, 5], "car_422": [4, 7], "car_423": [3, 0], "car_420": [2, 1], "car_421": [6, 4], "car_426": [8, 7], "car_427": [11, 6], "car_424": [3, 5], "car_425": [5, 6], "car_581": [10, 5], "car_580": [11, 7], "car_428": [7, 1], "car_429": [3, 6], "car_585": [6, 1], "car_584": [10, 4], "car_587": [2, 7], "car_586": [7, 3], "car_255": [3, 7], "car_254": [6, 4], "car_257": [10, 6], "car_256": [5, 1], "car_251": [2, 7], "car_250": [1, 0], "car_253": [2, 0], "car_252": [0, 7], "car_394": [2, 7], "car_395": [1, 6], "car_396": [10, 6], "car_397": [4, 2], "car_259": [4, 6], "car_258": [11, 4], "car_392": [8, 1], "car_393": [2, 0], "car_158": [4, 1], "car_159": [11, 6], "car_156": [10, 7], "car_157": [2, 0], "car_154": [9, 0], "car_155": [9, 6], "car_152": [4, 1], "car_153": [4, 5], "car_150": [0, 1], "car_151": [4, 7], "car_350": [6, 1], "car_351": [10, 2], "car_457": [11, 6], "car_456": [9, 3], "car_455": [11, 2], "car_454": [11, 3], "car_453": [5, 7], "car_452": [2, 0], "car_451": [9, 2], "car_450": [9, 5], "car_516": [11, 6], "car_517": [6, 0], "car_514": [4, 1], "car_515": [8, 3], "car_512": [8, 6], "car_513": [4, 0], "car_459": [5, 3], "car_458": [6, 2], "car_321": [8, 3], "car_320": [11, 6], "car_323": [5, 2], "car_322": [1, 2], "car_325": [11, 3], "car_324": [3, 1], "car_327": [7, 0], "car_326": [4, 5], "car_329": [3, 5], "car_328": [10, 3], "car_493": [8, 1], "car_492": [1, 0], "car_491": [11, 7], "car_633": [0, 7], "car_632": [10, 4], "car_631": [3, 1], "car_490": [10, 0], "car_637": [6, 3], "car_636": [5, 6], "car_635": [8, 2], "car_634": [0, 5], "car_732": [0, 1], "car_497": [4, 0], "car_639": [2, 7], "car_638": [8, 5], "car_736": [1, 6], "car_730": [5, 6], "car_734": [4, 6], "car_496": [1, 0], "car_268": [6, 7], "car_731": [10, 6], "car_495": [10, 0], "car_140": [9, 5], "car_494": [7, 3], "car_737": [4, 2], "car_735": [3, 5], "car_144": [11, 1], "car_260": [4, 1], "car_189": [10, 4], "car_188": [9, 4], "car_261": [8, 6], "car_185": [10, 5], "car_184": [11, 4], "car_187": [4, 1], "car_186": [7, 1], "car_181": [6, 7], "car_180": [4, 0], "car_183": [7, 4], "car_182": [9, 7], "car_263": [11, 6], "car_741": [8, 3], "car_740": [2, 1], "car_299": [1, 6], "car_113": [3, 7], "car_110": [6, 1], "car_111": [10, 7], "car_116": [11, 2], "car_117": [0, 1], "car_114": [3, 6], "car_115": [2, 6], "car_291": [11, 5], "car_290": [9, 5], "car_118": [1, 2], "car_119": [5, 0], "car_295": [0, 2], "car_294": [2, 0], "car_297": [3, 1], "car_296": [10, 6], "car_54": [11, 4], "car_55": [6, 5], "car_56": [3, 1], "car_57": [0, 3], "car_50": [4, 0], "car_51": [10, 5], "car_52": [5, 7], "car_53": [3, 0], "car_58": [8, 3], "car_59": [1, 3], "car_552": [8, 5], "car_553": [2, 7], "car_550": [0, 3], "car_551": [3, 2], "car_556": [4, 5], "car_557": [6, 3], "car_554": [6, 4], "car_555": [4, 7], "car_558": [9, 3], "car_559": [5, 1], "car_365": [3, 4], "car_364": [8, 6], "car_367": [3, 6], "car_366": [2, 5], "car_361": [10, 5], "car_360": [0, 6], "car_363": [3, 4], "car_362": [2, 0], "car_413": [8, 1], "car_412": [3, 6], "car_411": [3, 4], "car_410": [7, 0], "car_369": [10, 6], "car_368": [7, 6], "car_415": [5, 7], "car_414": [7, 4], "car_167": [2, 1], "car_166": [1, 4], "car_165": [3, 2], "car_164": [9, 4], "car_163": [2, 6], "car_162": [4, 3], "car_161": [8, 2], "car_160": [1, 6], "car_206": [5, 0], "car_207": [7, 3], "car_204": [3, 6], "car_205": [10, 5], "car_202": [1, 5], "car_203": [2, 4], "car_169": [2, 7], "car_168": [3, 5], "car_527": [11, 6], "car_526": [3, 1], "car_525": [6, 0], "car_524": [1, 7], "car_523": [6, 7], "car_522": [5, 4], "car_521": [6, 7], "car_520": [1, 3], "car_529": [3, 4], "car_528": [6, 3], "car_489": [7, 2], "car_6": [8, 4], "car_7": [7, 1], "car_4": [0, 5], "car_5": [0, 4], "car_2": [6, 7], "car_3": [7, 6], "car_0": [9, 6], "car_1": [3, 1], "car_709": [3, 5], "car_708": [9, 3], "car_8": [9, 2], "car_9": [4, 1], "car_668": [5, 7], "car_669": [10, 3], "car_664": [1, 5], "car_665": [10, 3], "car_666": [5, 2], "car_667": [10, 6], "car_660": [11, 6], "car_661": [5, 6], "car_662": [0, 3], "car_663": [2, 1], "car_98": [2, 4], "car_99": [2, 1], "car_90": [8, 7], "car_91": [4, 0], "car_92": [6, 7], "car_93": [1, 3], "car_94": [9, 6], "car_95": [3, 6], "car_96": [4, 7], "car_97": [10, 2], "car_596": [7, 4], "car_578": [10, 6], "car_594": [11, 3], "car_595": [11, 0], "car_592": [3, 7], "car_593": [11, 3], "car_590": [0, 4], "car_579": [9, 7], "car_598": [6, 5], "car_599": [2, 4], "car_242": [8, 5], "car_243": [11, 6], "car_240": [4, 2], "car_241": [7, 2], "car_246": [4, 7], "car_247": [7, 0], "car_244": [4, 1], "car_245": [11, 7], "car_248": [4, 5], "car_249": [8, 0], "car_570": [2, 5], "car_129": [8, 1], "car_128": [7, 0], "car_571": [8, 4], "car_123": [6, 5], "car_122": [5, 3], "car_121": [2, 5], "car_120": [11, 0], "car_127": [8, 5], "car_126": [6, 4], "car_125": [7, 5], "car_124": [3, 6], "car_597": [9, 4], "car_444": [1, 5], "car_445": [9, 4], "car_446": [0, 5], "car_447": [6, 7], "car_440": [0, 6], "car_441": [3, 4], "car_442": [10, 7], "car_443": [0, 3], "car_563": [7, 0], "car_562": [8, 5], "car_561": [6, 4], "car_560": [6, 1], "car_448": [11, 0], "car_349": [7, 6], "car_565": [7, 6], "car_564": [10, 6], "car_237": [4, 0], "car_236": [8, 1], "car_235": [2, 1], "car_234": [10, 0], "car_233": [10, 0], "car_232": [0, 4], "car_338": [2, 5], "car_339": [1, 7], "car_336": [3, 2], "car_337": [10, 3], "car_334": [9, 4], "car_335": [0, 4], "car_332": [7, 3], "car_333": [6, 5], "car_330": [7, 6], "car_238": [5, 3], "car_408": [2, 6], "car_409": [3, 1], "car_620": [4, 7], "car_621": [5, 6], "car_622": [4, 6], "car_623": [7, 6], "car_624": [10, 3], "car_625": [3, 1], "car_626": [10, 5], "car_627": [9, 7], "car_628": [4, 6], "car_629": [7, 2], "car_347": [7, 5], "car_346": [1, 3], "car_630": [8, 6], "car_729": [10, 7], "car_402": [2, 0], "car_728": [5, 1], "car_403": [0, 3], "car_198": [10, 4], "car_199": [3, 2], "car_192": [2, 0], "car_193": [6, 4], "car_190": [3, 5], "car_191": [11, 5], "car_196": [11, 3], "car_197": [1, 6], "car_194": [3, 6], "car_195": [2, 3], "car_695": [8, 7], "car_694": [5, 4], "car_697": [6, 1], "car_696": [4, 3], "car_691": [5, 3], "car_690": [7, 0], "car_693": [3, 1], "car_692": [3, 2], "car_699": [4, 6], "car_279": [6, 4], "car_278": [7, 3], "car_723": [11, 3], "car_722": [3, 2], "car_36": [8, 6], "car_37": [0, 3], "car_34": [0, 4], "car_35": [2, 3], "car_32": [3, 2], "car_33": [11, 3], "car_30": [5, 2], "car_31": [6, 2], "car_499": [3, 7], "car_498": [6, 0], "car_38": [8, 5], "car_39": [11, 0], "car_286": [4, 3], "car_287": [2, 7], "car_284": [4, 0], "car_285": [2, 1], "car_282": [8, 2], "car_283": [11, 2], "car_280": [9, 2], "car_281": [8, 4], "car_288": [6, 3], "car_289": [5, 1], "car_178": [10, 1], "car_179": [1, 4], "car_43": [1, 5], "car_42": [11, 0], "car_41": [0, 4], "car_40": [4, 0], "car_47": [9, 4], "car_46": [10, 0], "car_45": [5, 2], "car_44": [2, 7], "car_49": [11, 0], "car_48": [10, 2], "car_566": [3, 2], "car_372": [4, 7], "car_373": [6, 1], "car_370": [11, 6], "car_371": [1, 6], "car_376": [0, 4], "car_377": [1, 5], "car_374": [8, 4], "car_375": [11, 3], "car_400": [6, 3], "car_401": [10, 1], "car_378": [2, 0], "car_379": [2, 5], "car_404": [5, 0], "car_405": [0, 3], "car_406": [1, 4], "car_407": [4, 3], "car_174": [7, 4], "car_175": [6, 5], "car_176": [9, 1], "car_177": [1, 7], "car_170": [1, 3], "car_171": [5, 1], "car_172": [9, 3], "car_173": [10, 4], "car_273": [7, 5], "car_272": [2, 6], "car_271": [11, 2], "car_270": [8, 3], "car_277": [6, 2], "car_276": [2, 3], "car_275": [11, 3], "car_274": [3, 4], "car_112": [9, 4], "car_298": [11, 6], "car_534": [2, 3], "car_535": [8, 4], "car_536": [11, 0], "car_537": [3, 1], "car_530": [11, 5], "car_531": [6, 2], "car_532": [8, 2], "car_358": [10, 5], "car_538": [5, 6], "car_539": [11, 6], "car_307": [7, 4], "car_306": [6, 1], "car_305": [7, 1], "car_304": [3, 7], "car_303": [0, 1], "car_302": [6, 5], "car_301": [10, 5], "car_300": [7, 2], "car_293": [9, 2], "car_309": [2, 1], "car_308": [4, 2], "car_292": [1, 4], "car_359": [2, 0], "car_710": [2, 7], "car_711": [3, 6], "car_712": [11, 2], "car_713": [4, 1], "car_714": [0, 1], "car_715": [0, 4], "car_716": [6, 4], "car_717": [8, 3], "car_718": [8, 1], "car_719": [1, 6], "car_659": [3, 7], "car_658": [2, 6], "car_651": [2, 5], "car_650": [6, 4], "car_653": [1, 0], "car_652": [0, 7], "car_655": [9, 7], "car_654": [6, 4], "car_657": [10, 4], "car_656": [8, 5], "car_78": [2, 3], "car_79": [6, 2], "car_72": [8, 4], "car_73": [5, 0], "car_70": [4, 5], "car_71": [9, 6], "car_76": [0, 1], "car_77": [6, 5], "car_74": [10, 5], "car_75": [7, 2], "car_87": [4, 0], "car_86": [10, 1], "car_85": [3, 4], "car_84": [6, 3], "car_83": [0, 7], "car_82": [9, 4], "car_81": [2, 0], "car_80": [4, 1], "car_533": [1, 4], "car_89": [10, 3], "car_88": [2, 1], "car_689": [4, 1], "car_138": [3, 1], "car_139": [4, 2], "car_130": [3, 4], "car_131": [8, 2], "car_132": [1, 7], "car_133": [5, 2], "car_134": [10, 2], "car_135": [0, 6], "car_136": [8, 5], "car_137": [1, 0], "car_569": [4, 7], "car_568": [1, 5], "car_471": [11, 1], "car_470": [5, 3], "car_473": [3, 6], "car_472": [9, 5], "car_475": [4, 2], "car_474": [2, 4], "car_477": [11, 2], "car_476": [7, 2], "car_479": [10, 4], "car_478": [8, 0], "car_572": [11, 1], "car_573": [5, 4], "car_574": [6, 1], "car_575": [9, 4], "car_576": [1, 5], "car_577": [11, 5], "car_224": [0, 7], "car_225": [4, 7], "car_226": [10, 7], "car_227": [9, 7], "car_220": [3, 0], "car_221": [11, 7], "car_222": [6, 5], "car_223": [3, 2], "car_343": [1, 7], "car_342": [2, 1], "car_341": [6, 3], "car_340": [9, 1], "car_228": [11, 7], "car_229": [0, 5], "car_345": [10, 0], "car_344": [2, 5], "car_567": [0, 1], "car_739": [11, 1], "car_449": [10, 2], "car_619": [8, 2], "car_618": [9, 5], "car_615": [1, 6], "car_614": [3, 0], "car_617": [6, 3], "car_616": [2, 5], "car_611": [9, 0], "car_610": [5, 7], "car_613": [0, 4], "car_612": [9, 1], "car_591": [6, 4], "car_231": [3, 2], "car_683": [4, 2], "car_230": [6, 0], "car_419": [1, 5], "car_418": [3, 2], "car_682": [3, 4], "car_589": [2, 6], "car_680": [7, 5], "car_681": [9, 0], "car_686": [5, 0], "car_687": [0, 3], "car_684": [10, 6], "car_588": [10, 2], "car_688": [5, 6], "car_685": [4, 0], "car_239": [5, 2], "car_331": [2, 0], "car_25": [10, 7], "car_24": [2, 3], "car_27": [3, 6], "car_26": [3, 1], "car_21": [3, 0], "car_20": [2, 3], "car_23": [10, 0], "car_22": [4, 6], "car_488": [1, 4], "car_417": [9, 1], "car_29": [2, 1], "car_28": [7, 0], "car_416": [6, 2], "car_583": [9, 3], "car_582": [5, 7], "car_733": [11, 3], "car_208": [10, 7], "car_209": [8, 5], "car_435": [10, 3], "car_434": [11, 1], "car_437": [2, 5], "car_436": [0, 2], "car_431": [2, 3], "car_430": [9, 4], "car_433": [7, 6], "car_432": [9, 6], "car_398": [7, 6], "car_439": [11, 3], "car_438": [9, 1], "car_399": [3, 6], "car_389": [2, 3], "car_388": [10, 2], "car_387": [0, 1], "car_386": [9, 4], "car_385": [6, 0], "car_384": [9, 3], "car_383": [2, 3], "car_382": [10, 5], "car_381": [3, 6], "car_380": [3, 4], "car_141": [5, 0], "car_269": [2, 3], "car_143": [6, 3], "car_142": [11, 2], "car_145": [10, 0], "car_200": [5, 6], "car_147": [4, 2], "car_146": [5, 0], "car_149": [6, 2], "car_148": [5, 3], "car_262": [7, 5], "car_201": [9, 7], "car_264": [1, 6], "car_265": [10, 1], "car_266": [6, 3], "car_267": [11, 6], "car_480": [10, 4], "car_481": [7, 6], "car_390": [5, 4], "car_482": [6, 3], "car_391": [2, 7], "car_483": [9, 5], "car_484": [3, 5], "car_485": [2, 7], "car_501": [11, 6], "car_500": [8, 4], "car_503": [4, 2], "car_502": [10, 4], "car_505": [9, 7], "car_486": [3, 0], "car_507": [11, 0], "car_506": [8, 0], "car_509": [6, 4], "car_508": [10, 5], "car_487": [5, 1], "car_314": [2, 1], "car_315": [4, 1], "car_316": [5, 3], "car_317": [9, 0], "car_310": [6, 5], "car_311": [2, 7], "car_312": [6, 2], "car_313": [11, 2], "car_318": [3, 5], "car_319": [10, 1], "car_646": [4, 0], "car_647": [9, 7], "car_644": [0, 7], "car_645": [3, 2], "car_642": [4, 2], "car_643": [8, 0], "car_640": [1, 4], "car_641": [8, 7], "car_725": [4, 5], "car_724": [7, 4], "car_727": [9, 1], "car_726": [10, 5], "car_721": [10, 6], "car_720": [3, 0], "car_648": [10, 5], "car_649": [11, 5], "car_69": [1, 3], "car_68": [3, 7], "car_61": [2, 1], "car_60": [10, 6], "car_63": [1, 7], "car_62": [3, 2], "car_65": [6, 5], "car_64": [7, 6], "car_67": [6, 0], "car_66": [6, 7], "car_504": [7, 2], "car_738": [3, 1], "car_348": [10, 7], "car_105": [5, 7], "car_104": [2, 1], "car_107": [0, 6], "car_106": [0, 3], "car_101": [10, 0], "car_100": [1, 3], "car_103": [10, 7], "car_102": [8, 2], "car_109": [3, 0], "car_108": [3, 7]}