{"car_545": [4, 5], "car_544": [8, 4], "car_547": [10, 1], "car_546": [2, 6], "car_541": [9, 4], "car_540": [9, 5], "car_543": [6, 7], "car_542": [7, 6], "car_549": [3, 1], "car_548": [6, 0], "car_468": [11, 2], "car_469": [7, 3], "car_466": [5, 2], "car_467": [8, 7], "car_464": [8, 6], "car_465": [10, 1], "car_462": [4, 0], "car_463": [5, 2], "car_460": [6, 3], "car_461": [9, 4], "car_211": [2, 1], "car_210": [6, 0], "car_213": [2, 5], "car_212": [1, 7], "car_215": [9, 5], "car_214": [6, 2], "car_217": [2, 4], "car_216": [4, 6], "car_219": [0, 5], "car_218": [10, 6], "car_352": [5, 2], "car_353": [1, 2], "car_354": [4, 5], "car_355": [6, 2], "car_356": [3, 1], "car_357": [1, 3], "car_608": [8, 1], "car_609": [5, 3], "car_602": [11, 7], "car_603": [10, 6], "car_600": [6, 5], "car_601": [5, 7], "car_606": [6, 7], "car_607": [3, 2], "car_604": [0, 7], "car_605": [2, 1], "car_518": [4, 7], "car_519": [5, 7], "car_510": [2, 1], "car_511": [9, 5], "car_679": [6, 4], "car_678": [7, 6], "car_677": [5, 4], "car_676": [4, 0], "car_675": [11, 7], "car_674": [0, 7], "car_673": [8, 6], "car_672": [10, 2], "car_671": [7, 6], "car_670": [11, 3], "car_10": [2, 6], "car_11": [3, 1], "car_12": [10, 1], "car_13": [8, 5], "car_14": [4, 7], "car_15": [3, 6], "car_16": [6, 7], "car_17": [0, 1], "car_18": [8, 6], "car_19": [6, 4], "car_703": [11, 0], "car_702": [6, 0], "car_701": [11, 6], "car_700": [10, 2], "car_707": [8, 1], "car_706": [5, 0], "car_705": [10, 0], "car_704": [7, 6], "car_698": [7, 2], "car_422": [3, 0], "car_423": [1, 5], "car_420": [9, 6], "car_421": [1, 3], "car_426": [8, 3], "car_427": [2, 4], "car_424": [3, 0], "car_425": [6, 3], "car_581": [1, 0], "car_580": [4, 1], "car_428": [2, 4], "car_429": [1, 5], "car_585": [2, 4], "car_584": [1, 7], "car_587": [1, 7], "car_586": [3, 6], "car_255": [11, 4], "car_254": [1, 5], "car_257": [2, 1], "car_256": [10, 6], "car_251": [11, 6], "car_250": [6, 1], "car_253": [9, 4], "car_252": [11, 0], "car_394": [7, 4], "car_395": [2, 3], "car_396": [4, 5], "car_397": [2, 3], "car_259": [8, 1], "car_258": [9, 2], "car_392": [2, 4], "car_393": [1, 7], "car_158": [0, 5], "car_159": [1, 0], "car_156": [9, 7], "car_157": [11, 6], "car_154": [9, 4], "car_155": [7, 1], "car_152": [8, 5], "car_153": [10, 5], "car_150": [4, 3], "car_151": [0, 2], "car_350": [11, 6], "car_351": [2, 1], "car_457": [5, 0], "car_456": [8, 6], "car_455": [9, 7], "car_454": [5, 4], "car_453": [8, 0], "car_452": [9, 3], "car_451": [10, 6], "car_450": [7, 4], "car_516": [6, 0], "car_517": [1, 4], "car_514": [10, 1], "car_515": [5, 2], "car_512": [7, 2], "car_513": [11, 0], "car_459": [4, 5], "car_458": [3, 5], "car_321": [7, 2], "car_320": [3, 2], "car_323": [3, 4], "car_322": [2, 5], "car_325": [2, 6], "car_324": [6, 7], "car_327": [0, 2], "car_326": [9, 3], "car_329": [11, 4], "car_328": [3, 5], "car_493": [2, 0], "car_492": [4, 3], "car_491": [2, 1], "car_633": [5, 1], "car_632": [2, 1], "car_631": [7, 1], "car_490": [4, 7], "car_637": [3, 0], "car_636": [0, 7], "car_635": [5, 6], "car_634": [6, 0], "car_732": [5, 7], "car_497": [4, 3], "car_639": [1, 0], "car_638": [11, 0], "car_730": [2, 3], "car_496": [1, 5], "car_268": [9, 3], "car_731": [4, 3], "car_495": [6, 2], "car_140": [5, 1], "car_494": [3, 2], "car_144": [7, 1], "car_260": [2, 4], "car_189": [11, 1], "car_188": [9, 1], "car_261": [11, 5], "car_185": [4, 1], "car_184": [8, 4], "car_187": [8, 2], "car_186": [3, 7], "car_181": [9, 2], "car_180": [6, 0], "car_183": [10, 5], "car_182": [4, 6], "car_263": [3, 2], "car_299": [0, 4], "car_113": [5, 1], "car_110": [7, 2], "car_111": [7, 5], "car_116": [2, 4], "car_117": [7, 3], "car_114": [2, 0], "car_115": [8, 5], "car_291": [7, 2], "car_290": [1, 6], "car_118": [2, 6], "car_119": [1, 3], "car_295": [11, 1], "car_294": [3, 0], "car_297": [3, 7], "car_296": [5, 0], "car_54": [7, 6], "car_55": [10, 5], "car_56": [0, 6], "car_57": [3, 7], "car_50": [4, 2], "car_51": [5, 1], "car_52": [9, 3], "car_53": [8, 1], "car_58": [7, 2], "car_59": [9, 5], "car_552": [2, 6], "car_553": [3, 7], "car_550": [3, 7], "car_551": [8, 1], "car_556": [5, 3], "car_557": [9, 2], "car_554": [9, 5], "car_555": [11, 3], "car_558": [0, 6], "car_559": [3, 1], "car_365": [2, 4], "car_364": [10, 6], "car_367": [10, 7], "car_366": [0, 2], "car_361": [0, 2], "car_360": [2, 0], "car_363": [1, 3], "car_362": [8, 2], "car_413": [1, 0], "car_412": [0, 4], "car_411": [9, 7], "car_410": [5, 6], "car_369": [2, 0], "car_368": [4, 0], "car_415": [3, 7], "car_414": [5, 4], "car_167": [5, 4], "car_166": [11, 1], "car_165": [3, 0], "car_164": [0, 2], "car_163": [11, 7], "car_162": [9, 7], "car_161": [6, 3], "car_160": [8, 4], "car_206": [1, 3], "car_207": [7, 6], "car_204": [1, 3], "car_205": [9, 7], "car_202": [5, 7], "car_203": [3, 1], "car_169": [4, 2], "car_168": [5, 7], "car_527": [10, 3], "car_526": [3, 5], "car_525": [0, 4], "car_524": [2, 0], "car_523": [10, 6], "car_522": [1, 0], "car_521": [7, 6], "car_520": [10, 4], "car_529": [10, 5], "car_528": [7, 3], "car_489": [9, 0], "car_6": [4, 7], "car_7": [6, 7], "car_4": [9, 5], "car_5": [4, 3], "car_2": [3, 7], "car_3": [4, 3], "car_0": [2, 3], "car_1": [6, 1], "car_709": [3, 0], "car_708": [5, 6], "car_8": [1, 4], "car_9": [0, 4], "car_668": [8, 3], "car_669": [5, 1], "car_664": [3, 6], "car_665": [8, 0], "car_666": [3, 1], "car_667": [6, 1], "car_660": [6, 5], "car_661": [1, 7], "car_662": [11, 1], "car_663": [10, 0], "car_98": [8, 6], "car_99": [10, 2], "car_90": [7, 2], "car_91": [11, 3], "car_92": [6, 7], "car_93": [11, 6], "car_94": [4, 3], "car_95": [7, 4], "car_96": [5, 3], "car_97": [5, 6], "car_596": [4, 0], "car_578": [7, 1], "car_594": [6, 5], "car_595": [9, 0], "car_592": [9, 3], "car_593": [5, 2], "car_590": [8, 1], "car_579": [9, 3], "car_598": [2, 4], "car_599": [5, 3], "car_242": [9, 5], "car_243": [1, 4], "car_240": [2, 4], "car_241": [5, 1], "car_246": [8, 2], "car_247": [8, 1], "car_244": [10, 3], "car_245": [5, 6], "car_248": [1, 5], "car_249": [4, 7], "car_570": [11, 3], "car_129": [3, 5], "car_128": [7, 4], "car_571": [10, 0], "car_123": [6, 1], "car_122": [6, 1], "car_121": [5, 2], "car_120": [10, 5], "car_127": [5, 4], "car_126": [10, 2], "car_125": [1, 4], "car_124": [3, 1], "car_597": [10, 7], "car_444": [3, 7], "car_445": [0, 1], "car_446": [0, 6], "car_447": [8, 7], "car_440": [8, 3], "car_441": [0, 5], "car_442": [11, 2], "car_443": [7, 4], "car_563": [7, 6], "car_562": [1, 0], "car_561": [3, 1], "car_560": [7, 5], "car_448": [11, 1], "car_349": [8, 5], "car_565": [4, 7], "car_564": [10, 3], "car_237": [0, 1], "car_236": [7, 5], "car_235": [5, 3], "car_234": [0, 1], "car_233": [5, 3], "car_232": [3, 2], "car_338": [5, 6], "car_339": [9, 3], "car_336": [7, 5], "car_337": [10, 3], "car_334": [7, 6], "car_335": [9, 3], "car_332": [5, 0], "car_333": [1, 3], "car_330": [11, 2], "car_238": [1, 5], "car_408": [3, 7], "car_409": [0, 4], "car_620": [8, 5], "car_621": [3, 0], "car_622": [5, 0], "car_623": [7, 1], "car_624": [4, 6], "car_625": [5, 6], "car_626": [11, 3], "car_627": [1, 0], "car_628": [2, 3], "car_629": [9, 1], "car_347": [1, 0], "car_346": [3, 7], "car_630": [11, 4], "car_729": [5, 4], "car_402": [6, 2], "car_728": [2, 4], "car_403": [3, 7], "car_198": [0, 6], "car_199": [9, 5], "car_192": [3, 2], "car_193": [8, 7], "car_190": [4, 0], "car_191": [7, 1], "car_196": [5, 0], "car_197": [2, 4], "car_194": [1, 4], "car_195": [10, 6], "car_695": [1, 2], "car_694": [3, 5], "car_697": [11, 1], "car_696": [8, 0], "car_691": [8, 5], "car_690": [0, 1], "car_693": [3, 7], "car_692": [2, 6], "car_699": [1, 2], "car_279": [11, 4], "car_278": [8, 5], "car_723": [0, 7], "car_722": [2, 3], "car_36": [2, 3], "car_37": [11, 7], "car_34": [4, 5], "car_35": [2, 0], "car_32": [4, 7], "car_33": [3, 2], "car_30": [4, 0], "car_31": [11, 5], "car_499": [4, 3], "car_498": [6, 0], "car_38": [4, 3], "car_39": [6, 3], "car_286": [10, 7], "car_287": [9, 4], "car_284": [8, 0], "car_285": [7, 5], "car_282": [6, 1], "car_283": [3, 4], "car_280": [6, 4], "car_281": [7, 4], "car_288": [9, 5], "car_289": [9, 0], "car_178": [8, 6], "car_179": [10, 0], "car_43": [7, 4], "car_42": [1, 2], "car_41": [5, 2], "car_40": [3, 5], "car_47": [0, 3], "car_46": [11, 2], "car_45": [11, 3], "car_44": [5, 7], "car_49": [2, 5], "car_48": [4, 0], "car_566": [9, 0], "car_372": [10, 2], "car_373": [4, 0], "car_370": [5, 1], "car_371": [6, 1], "car_376": [2, 5], "car_377": [8, 5], "car_374": [4, 1], "car_375": [4, 2], "car_400": [5, 6], "car_401": [4, 7], "car_378": [10, 1], "car_379": [2, 6], "car_404": [1, 7], "car_405": [9, 3], "car_406": [9, 5], "car_407": [0, 2], "car_174": [3, 5], "car_175": [10, 6], "car_176": [11, 1], "car_177": [10, 6], "car_170": [5, 4], "car_171": [11, 4], "car_172": [9, 3], "car_173": [1, 3], "car_273": [1, 5], "car_272": [3, 0], "car_271": [1, 5], "car_270": [7, 2], "car_277": [5, 3], "car_276": [3, 2], "car_275": [8, 6], "car_274": [3, 6], "car_112": [0, 6], "car_298": [4, 2], "car_534": [5, 0], "car_535": [7, 1], "car_536": [8, 2], "car_537": [1, 4], "car_530": [5, 4], "car_531": [6, 0], "car_532": [6, 2], "car_358": [10, 3], "car_538": [7, 1], "car_539": [6, 0], "car_307": [0, 4], "car_306": [1, 7], "car_305": [3, 6], "car_304": [0, 7], "car_303": [9, 0], "car_302": [6, 5], "car_301": [2, 1], "car_300": [3, 2], "car_293": [5, 4], "car_309": [5, 6], "car_308": [3, 2], "car_292": [7, 2], "car_359": [0, 6], "car_710": [11, 6], "car_711": [1, 0], "car_712": [9, 0], "car_713": [3, 6], "car_714": [8, 2], "car_715": [6, 5], "car_716": [11, 0], "car_717": [1, 2], "car_718": [8, 5], "car_719": [4, 7], "car_659": [8, 7], "car_658": [0, 6], "car_651": [9, 5], "car_650": [6, 2], "car_653": [9, 2], "car_652": [5, 4], "car_655": [0, 2], "car_654": [9, 3], "car_657": [0, 5], "car_656": [3, 1], "car_78": [2, 5], "car_79": [10, 5], "car_72": [6, 7], "car_73": [8, 2], "car_70": [8, 4], "car_71": [5, 4], "car_76": [5, 1], "car_77": [3, 1], "car_74": [4, 0], "car_75": [2, 3], "car_87": [8, 7], "car_86": [6, 5], "car_85": [8, 6], "car_84": [6, 5], "car_83": [10, 6], "car_82": [3, 1], "car_81": [10, 2], "car_80": [2, 1], "car_533": [0, 3], "car_89": [0, 5], "car_88": [7, 2], "car_689": [5, 0], "car_138": [11, 4], "car_139": [6, 0], "car_130": [9, 7], "car_131": [3, 7], "car_132": [2, 0], "car_133": [5, 7], "car_134": [3, 1], "car_135": [4, 5], "car_136": [10, 2], "car_137": [0, 2], "car_569": [6, 3], "car_568": [8, 5], "car_471": [4, 7], "car_470": [3, 2], "car_473": [7, 5], "car_472": [3, 7], "car_475": [2, 4], "car_474": [10, 0], "car_477": [5, 3], "car_476": [10, 5], "car_479": [2, 4], "car_478": [0, 4], "car_572": [11, 4], "car_573": [6, 7], "car_574": [4, 5], "car_575": [2, 4], "car_576": [11, 2], "car_577": [6, 3], "car_224": [7, 1], "car_225": [1, 3], "car_226": [5, 6], "car_227": [3, 2], "car_220": [3, 0], "car_221": [5, 0], "car_222": [6, 2], "car_223": [8, 2], "car_343": [1, 2], "car_342": [3, 5], "car_341": [11, 3], "car_340": [9, 7], "car_228": [1, 3], "car_229": [10, 1], "car_345": [6, 7], "car_344": [7, 3], "car_567": [0, 5], "car_449": [2, 5], "car_619": [2, 0], "car_618": [7, 1], "car_615": [2, 0], "car_614": [10, 0], "car_617": [6, 4], "car_616": [2, 1], "car_611": [8, 3], "car_610": [3, 7], "car_613": [11, 2], "car_612": [3, 4], "car_591": [7, 2], "car_231": [8, 2], "car_683": [2, 0], "car_230": [8, 6], "car_419": [0, 4], "car_418": [4, 3], "car_682": [4, 3], "car_589": [0, 2], "car_680": [8, 6], "car_681": [0, 4], "car_686": [4, 3], "car_687": [9, 5], "car_684": [4, 0], "car_588": [7, 3], "car_688": [1, 0], "car_685": [8, 7], "car_239": [10, 1], "car_331": [1, 5], "car_25": [1, 4], "car_24": [3, 5], "car_27": [0, 6], "car_26": [4, 2], "car_21": [7, 3], "car_20": [1, 0], "car_23": [3, 7], "car_22": [5, 2], "car_488": [10, 7], "car_417": [2, 3], "car_29": [6, 4], "car_28": [9, 6], "car_416": [9, 5], "car_583": [11, 3], "car_582": [5, 3], "car_208": [10, 5], "car_209": [11, 2], "car_435": [5, 0], "car_434": [4, 1], "car_437": [9, 6], "car_436": [11, 1], "car_431": [0, 5], "car_430": [6, 4], "car_433": [11, 1], "car_432": [3, 4], "car_398": [4, 1], "car_439": [9, 0], "car_438": [11, 5], "car_399": [10, 4], "car_389": [10, 2], "car_388": [7, 1], "car_387": [0, 1], "car_386": [4, 7], "car_385": [4, 0], "car_384": [3, 5], "car_383": [7, 3], "car_382": [1, 3], "car_381": [7, 4], "car_380": [5, 2], "car_141": [7, 5], "car_269": [3, 7], "car_143": [8, 3], "car_142": [9, 5], "car_145": [8, 0], "car_200": [8, 2], "car_147": [6, 3], "car_146": [8, 3], "car_149": [3, 6], "car_148": [11, 3], "car_262": [7, 6], "car_201": [7, 2], "car_264": [8, 7], "car_265": [5, 4], "car_266": [9, 1], "car_267": [11, 2], "car_480": [6, 7], "car_481": [11, 1], "car_390": [4, 2], "car_482": [10, 6], "car_391": [10, 1], "car_483": [9, 7], "car_484": [11, 6], "car_485": [7, 4], "car_501": [11, 4], "car_500": [11, 4], "car_503": [5, 1], "car_502": [10, 5], "car_505": [9, 0], "car_486": [10, 0], "car_507": [5, 7], "car_506": [3, 4], "car_509": [6, 7], "car_508": [2, 1], "car_487": [8, 3], "car_314": [9, 1], "car_315": [11, 6], "car_316": [9, 7], "car_317": [0, 2], "car_310": [5, 7], "car_311": [6, 2], "car_312": [9, 0], "car_313": [0, 3], "car_318": [4, 1], "car_319": [10, 3], "car_646": [7, 0], "car_647": [0, 4], "car_644": [9, 4], "car_645": [3, 6], "car_642": [4, 6], "car_643": [3, 0], "car_640": [7, 3], "car_641": [11, 0], "car_725": [1, 0], "car_724": [8, 1], "car_727": [4, 7], "car_726": [7, 5], "car_721": [3, 7], "car_720": [2, 4], "car_648": [3, 6], "car_649": [11, 7], "car_69": [4, 5], "car_68": [5, 7], "car_61": [8, 1], "car_60": [8, 5], "car_63": [9, 6], "car_62": [4, 7], "car_65": [11, 7], "car_64": [8, 1], "car_67": [0, 2], "car_66": [10, 4], "car_504": [11, 0], "car_348": [10, 1], "car_105": [0, 7], "car_104": [10, 6], "car_107": [9, 7], "car_106": [3, 6], "car_101": [11, 6], "car_100": [4, 1], "car_103": [6, 2], "car_102": [5, 2], "car_109": [4, 6], "car_108": [11, 2]}