{"car_3253": [6, 7], "car_3750": [5, 4], "car_2009": [10, 5], "car_3196": [2, 4], "car_3197": [5, 4], "car_3194": [7, 4], "car_3195": [10, 3], "car_3192": [1, 3], "car_3193": [4, 0], "car_3190": [8, 1], "car_3191": [11, 7], "car_3668": [9, 2], "car_3669": [0, 7], "car_3198": [6, 7], "car_3199": [9, 1], "car_2229": [3, 5], "car_2228": [0, 1], "car_468": [1, 2], "car_469": [4, 2], "car_466": [8, 1], "car_467": [11, 4], "car_464": [0, 2], "car_465": [3, 5], "car_462": [6, 7], "car_463": [9, 2], "car_460": [2, 4], "car_461": [5, 3], "car_4456": [1, 6], "car_4012": [1, 4], "car_4658": [9, 6], "car_2455": [6, 7], "car_4457": [4, 1], "car_3068": [5, 0], "car_3069": [6, 7], "car_2751": [2, 0], "car_3768": [2, 7], "car_3062": [3, 4], "car_3063": [1, 0], "car_3060": [9, 4], "car_3061": [0, 4], "car_3066": [10, 0], "car_3067": [2, 4], "car_3064": [4, 1], "car_3065": [7, 1], "car_3268": [8, 7], "car_817": [8, 6], "car_816": [0, 6], "car_3260": [0, 5], "car_3261": [8, 4], "car_3262": [11, 4], "car_3263": [1, 6], "car_3264": [10, 7], "car_815": [9, 0], "car_3266": [5, 1], "car_3267": [0, 1], "car_2750": [7, 4], "car_814": [6, 1], "car_813": [5, 0], "car_812": [10, 3], "car_2072": [10, 3], "car_811": [7, 2], "car_2073": [2, 4], "car_4455": [0, 2], "car_810": [4, 1], "car_3743": [3, 2], "car_3214": [10, 3], "car_3741": [6, 7], "car_3740": [5, 6], "car_679": [0, 2], "car_678": [9, 3], "car_677": [6, 3], "car_676": [5, 4], "car_675": [10, 4], "car_674": [4, 3], "car_673": [1, 0], "car_672": [11, 6], "car_671": [8, 7], "car_670": [0, 3], "car_2771": [8, 3], "car_4654": [10, 0], "car_3213": [4, 3], "car_2770": [0, 3], "car_3212": [1, 2], "car_2078": [1, 3], "car_2079": [4, 2], "car_3464": [5, 7], "car_4013": [4, 6], "car_4026": [6, 1], "car_4655": [2, 6], "car_4706": [5, 4], "car_4842": [0, 1], "car_2456": [9, 6], "car_2341": [9, 1], "car_2670": [4, 5], "car_3465": [6, 7], "car_3818": [7, 4], "car_2671": [7, 4], "car_4429": [7, 1], "car_2754": [0, 7], "car_2672": [10, 0], "car_4702": [3, 0], "car_4656": [5, 2], "car_4879": [8, 3], "car_2223": [10, 4], "car_789": [4, 1], "car_788": [1, 3], "car_3338": [8, 3], "car_2222": [11, 0], "car_783": [9, 0], "car_782": [6, 2], "car_781": [5, 2], "car_780": [2, 7], "car_787": [11, 3], "car_786": [8, 2], "car_785": [3, 5], "car_784": [0, 6], "car_3462": [10, 3], "car_2220": [0, 4], "car_4817": [5, 6], "car_0": [0, 2], "car_2227": [9, 1], "car_1179": [10, 4], "car_2375": [10, 3], "car_2226": [6, 7], "car_4430": [2, 1], "car_4793": [3, 7], "car_3339": [11, 7], "car_2225": [5, 3], "car_4431": [5, 1], "car_2224": [2, 0], "car_4432": [6, 1], "car_3463": [2, 5], "car_255": [4, 2], "car_254": [1, 5], "car_257": [2, 0], "car_256": [10, 0], "car_251": [9, 3], "car_250": [6, 3], "car_253": [3, 6], "car_252": [0, 7], "car_1961": [4, 7], "car_1960": [1, 0], "car_1963": [10, 6], "car_1962": [7, 4], "car_259": [6, 7], "car_258": [5, 3], "car_1967": [3, 4], "car_1966": [0, 2], "car_4135": [11, 3], "car_4085": [9, 3], "car_4137": [7, 1], "car_4136": [1, 4], "car_4131": [10, 4], "car_1170": [2, 7], "car_4133": [3, 4], "car_4132": [5, 0], "car_1171": [5, 3], "car_4139": [2, 7], "car_4138": [10, 6], "car_1565": [4, 5], "car_1564": [1, 0], "car_1567": [10, 2], "car_1566": [7, 1], "car_1561": [3, 7], "car_1560": [0, 3], "car_1563": [11, 6], "car_1562": [8, 4], "car_4243": [3, 0], "car_4242": [0, 3], "car_4241": [9, 5], "car_4240": [6, 4], "car_1569": [5, 1], "car_1568": [2, 4], "car_1413": [11, 5], "car_4080": [4, 2], "car_1363": [7, 1], "car_1362": [4, 7], "car_1361": [11, 1], "car_1360": [3, 0], "car_1367": [3, 0], "car_1366": [0, 6], "car_1365": [9, 1], "car_1364": [6, 3], "car_1369": [4, 6], "car_1368": [8, 5], "car_4399": [1, 2], "car_4398": [11, 6], "car_2758": [1, 3], "car_2376": [5, 2], "car_4391": [4, 3], "car_4390": [11, 1], "car_4393": [2, 0], "car_4392": [10, 0], "car_4395": [9, 4], "car_4394": [6, 3], "car_4397": [8, 5], "car_4396": [0, 6], "car_321": [2, 3], "car_320": [10, 7], "car_323": [3, 7], "car_322": [6, 4], "car_325": [1, 7], "car_324": [8, 5], "car_327": [7, 1], "car_326": [4, 7], "car_329": [2, 0], "car_328": [10, 2], "car_4623": [8, 5], "car_4622": [3, 2], "car_4625": [1, 0], "car_4624": [11, 4], "car_4627": [2, 7], "car_4626": [4, 1], "car_2722": [0, 6], "car_2723": [3, 1], "car_2720": [2, 3], "car_2721": [5, 1], "car_2726": [4, 1], "car_2727": [5, 2], "car_2724": [8, 4], "car_2725": [1, 5], "car_2728": [9, 4], "car_2729": [0, 2], "car_4853": [3, 5], "car_1107": [9, 2], "car_1106": [6, 7], "car_1105": [2, 5], "car_1104": [10, 4], "car_1103": [7, 0], "car_1102": [4, 2], "car_1101": [1, 4], "car_1100": [8, 3], "car_4409": [5, 2], "car_4408": [2, 5], "car_1109": [7, 0], "car_1108": [11, 0], "car_1297": [8, 4], "car_1296": [3, 6], "car_1295": [0, 6], "car_1294": [9, 4], "car_1293": [5, 2], "car_1292": [2, 4], "car_1291": [10, 0], "car_1290": [7, 2], "car_1299": [1, 7], "car_1298": [11, 3], "car_2928": [2, 6], "car_2929": [6, 5], "car_2924": [11, 0], "car_2925": [4, 7], "car_2926": [7, 6], "car_2927": [10, 6], "car_2920": [5, 1], "car_2921": [0, 3], "car_2922": [3, 5], "car_2923": [8, 1], "car_2586": [3, 7], "car_2587": [8, 1], "car_2584": [6, 1], "car_2585": [0, 4], "car_2582": [10, 0], "car_2583": [5, 4], "car_2580": [8, 2], "car_2581": [4, 2], "car_3527": [1, 4], "car_3526": [8, 5], "car_3525": [3, 0], "car_3524": [0, 6], "car_2858": [2, 3], "car_2859": [5, 2], "car_2588": [1, 6], "car_2589": [4, 7], "car_2036": [1, 0], "car_2037": [7, 1], "car_1039": [3, 2], "car_1038": [9, 7], "car_1749": [10, 3], "car_1748": [7, 4], "car_2030": [6, 1], "car_2031": [9, 4], "car_1033": [1, 5], "car_1032": [0, 4], "car_1031": [9, 4], "car_1030": [6, 5], "car_1037": [5, 7], "car_1036": [2, 4], "car_1035": [10, 3], "car_1034": [7, 0], "car_4557": [10, 3], "car_1589": [0, 2], "car_1588": [5, 6], "car_1583": [1, 5], "car_1582": [11, 6], "car_1581": [8, 5], "car_1580": [0, 1], "car_1587": [2, 6], "car_1586": [10, 1], "car_1585": [7, 0], "car_1584": [4, 1], "car_4903": [5, 1], "car_1852": [4, 0], "car_1906": [4, 7], "car_4556": [4, 0], "car_3295": [11, 4], "car_3294": [6, 7], "car_3297": [10, 0], "car_3296": [7, 1], "car_3291": [4, 0], "car_3290": [11, 7], "car_899": [4, 6], "car_898": [3, 4], "car_897": [9, 1], "car_896": [6, 0], "car_895": [2, 7], "car_894": [10, 2], "car_893": [4, 0], "car_892": [1, 5], "car_891": [8, 7], "car_890": [0, 1], "car_2458": [3, 7], "car_2459": [8, 3], "car_2108": [10, 1], "car_2109": [2, 1], "car_3457": [9, 4], "car_3456": [6, 5], "car_3455": [10, 3], "car_3454": [7, 4], "car_2102": [3, 2], "car_2103": [8, 7], "car_2100": [9, 3], "car_2101": [0, 7], "car_2106": [4, 1], "car_2107": [7, 4], "car_2104": [11, 3], "car_2105": [1, 7], "car_1631": [2, 7], "car_1630": [1, 5], "car_1633": [6, 4], "car_1632": [5, 3], "car_1635": [0, 2], "car_1634": [9, 3], "car_1637": [8, 6], "car_1636": [3, 2], "car_1639": [1, 0], "car_1638": [11, 4], "car_3418": [7, 5], "car_1751": [6, 1], "car_2803": [10, 4], "car_3859": [11, 1], "car_2802": [1, 5], "car_3857": [3, 0], "car_3856": [9, 7], "car_3855": [6, 1], "car_3854": [5, 1], "car_3853": [7, 6], "car_2801": [11, 0], "car_3851": [11, 5], "car_3850": [8, 4], "car_3189": [3, 4], "car_3188": [0, 7], "car_2800": [8, 5], "car_3269": [11, 2], "car_3181": [1, 7], "car_2807": [8, 3], "car_1756": [1, 4], "car_3182": [4, 1], "car_3185": [5, 7], "car_3184": [2, 6], "car_3187": [9, 0], "car_2806": [0, 3], "car_3677": [3, 1], "car_3676": [0, 7], "car_3675": [9, 3], "car_3674": [5, 7], "car_3673": [10, 5], "car_2805": [6, 4], "car_3306": [2, 5], "car_2816": [3, 7], "car_2804": [5, 3], "car_3380": [5, 2], "car_4018": [6, 7], "car_3679": [7, 1], "car_3104": [0, 4], "car_2414": [3, 6], "car_419": [7, 3], "car_418": [11, 1], "car_4968": [0, 7], "car_2218": [2, 4], "car_2219": [6, 0], "car_413": [2, 3], "car_412": [10, 3], "car_411": [7, 4], "car_410": [4, 0], "car_417": [3, 1], "car_416": [0, 4], "car_415": [6, 3], "car_414": [5, 2], "car_2417": [10, 7], "car_4552": [9, 3], "car_1679": [8, 6], "car_3546": [2, 7], "car_4086": [0, 4], "car_1678": [3, 5], "car_4261": [8, 4], "car_4969": [3, 1], "car_2412": [9, 6], "car_4104": [1, 7], "car_4260": [9, 4], "car_2947": [0, 3], "car_2413": [0, 6], "car_3265": [2, 7], "car_4519": [4, 2], "car_3079": [9, 3], "car_3078": [6, 4], "car_3729": [10, 6], "car_3075": [4, 7], "car_3074": [1, 2], "car_3077": [5, 3], "car_3076": [7, 1], "car_3071": [0, 3], "car_3070": [9, 4], "car_3073": [11, 7], "car_3072": [3, 7], "car_527": [5, 2], "car_526": [2, 0], "car_525": [10, 1], "car_524": [1, 7], "car_523": [3, 5], "car_522": [7, 2], "car_521": [4, 1], "car_520": [8, 1], "car_3273": [0, 4], "car_1671": [11, 3], "car_3271": [4, 5], "car_1889": [7, 3], "car_3277": [2, 5], "car_3276": [10, 5], "car_529": [9, 1], "car_528": [6, 2], "car_4269": [0, 2], "car_4550": [5, 4], "car_4268": [9, 4], "car_4851": [6, 5], "car_4103": [3, 2], "car_1884": [3, 5], "car_4967": [9, 5], "car_1885": [8, 5], "car_4836": [8, 1], "car_2368": [6, 5], "car_2786": [10, 5], "car_4573": [9, 5], "car_2787": [5, 1], "car_4964": [4, 0], "car_668": [6, 0], "car_669": [9, 0], "car_664": [7, 6], "car_665": [10, 2], "car_666": [2, 3], "car_667": [5, 3], "car_660": [3, 5], "car_661": [8, 7], "car_662": [11, 7], "car_663": [4, 3], "car_4732": [0, 1], "car_4200": [10, 7], "car_4972": [1, 4], "car_2759": [4, 7], "car_1854": [10, 2], "car_2788": [0, 3], "car_3308": [6, 7], "car_2789": [3, 1], "car_4892": [10, 6], "car_4893": [2, 4], "car_4890": [4, 5], "car_4891": [7, 5], "car_4896": [3, 5], "car_4897": [8, 4], "car_4894": [6, 0], "car_4878": [0, 7], "car_4962": [8, 4], "car_3824": [8, 6], "car_4899": [1, 7], "car_4707": [6, 0], "car_4034": [10, 5], "car_2940": [1, 0], "car_3952": [0, 7], "car_3953": [3, 6], "car_798": [3, 6], "car_799": [8, 5], "car_4466": [4, 0], "car_790": [10, 4], "car_791": [2, 3], "car_792": [9, 2], "car_793": [0, 6], "car_794": [11, 3], "car_795": [1, 4], "car_796": [4, 0], "car_797": [6, 0], "car_4098": [10, 7], "car_4099": [5, 2], "car_4092": [3, 7], "car_4093": [8, 6], "car_4090": [6, 3], "car_4091": [9, 0], "car_4096": [4, 1], "car_4097": [7, 5], "car_4094": [11, 4], "car_4095": [1, 2], "car_4620": [9, 3], "car_3822": [6, 7], "car_3958": [5, 0], "car_242": [6, 0], "car_243": [9, 5], "car_240": [2, 1], "car_241": [5, 1], "car_246": [4, 5], "car_247": [10, 2], "car_244": [0, 3], "car_245": [1, 2], "car_1914": [7, 2], "car_1915": [10, 7], "car_248": [2, 7], "car_249": [5, 6], "car_1910": [3, 2], "car_1911": [8, 7], "car_1912": [1, 5], "car_1913": [4, 6], "car_4464": [11, 1], "car_4961": [3, 4], "car_3823": [0, 3], "car_4559": [6, 2], "car_4178": [7, 4], "car_4278": [0, 5], "car_4279": [3, 4], "car_4276": [6, 3], "car_4277": [9, 3], "car_4274": [2, 0], "car_4275": [5, 2], "car_4272": [7, 1], "car_3738": [4, 2], "car_4270": [3, 5], "car_4271": [11, 0], "car_1356": [2, 1], "car_1357": [5, 6], "car_1354": [4, 5], "car_1355": [10, 5], "car_1352": [8, 2], "car_1353": [1, 6], "car_1350": [0, 4], "car_1351": [3, 5], "car_4858": [6, 3], "car_1358": [6, 1], "car_1359": [0, 7], "car_4904": [6, 1], "car_4558": [5, 1], "car_4905": [9, 0], "car_4462": [3, 4], "car_1831": [0, 3], "car_1820": [7, 4], "car_1821": [5, 1], "car_1822": [6, 3], "car_1823": [9, 7], "car_1824": [3, 0], "car_1825": [8, 3], "car_338": [7, 0], "car_339": [10, 3], "car_336": [1, 6], "car_337": [4, 5], "car_334": [8, 1], "car_335": [11, 2], "car_332": [0, 5], "car_333": [3, 1], "car_330": [5, 3], "car_331": [9, 3], "car_2735": [5, 1], "car_2734": [2, 5], "car_1138": [3, 6], "car_1139": [8, 5], "car_2731": [11, 7], "car_2730": [8, 5], "car_2733": [7, 3], "car_2732": [4, 7], "car_1132": [3, 5], "car_1133": [8, 3], "car_1130": [9, 7], "car_1131": [0, 5], "car_1136": [6, 4], "car_1137": [9, 6], "car_1134": [1, 7], "car_1135": [4, 5], "car_4474": [1, 3], "car_4475": [7, 3], "car_4476": [2, 5], "car_4032": [1, 5], "car_4470": [9, 0], "car_3734": [3, 2], "car_4472": [3, 5], "car_4473": [8, 0], "car_3735": [8, 7], "car_4478": [6, 1], "car_1839": [3, 2], "car_2393": [2, 5], "car_1838": [0, 4], "car_2392": [10, 1], "car_4460": [5, 0], "car_4643": [8, 0], "car_4999": [7, 0], "car_3301": [0, 5], "car_4642": [3, 0], "car_3300": [9, 0], "car_4641": [0, 7], "car_2939": [8, 7], "car_2938": [3, 2], "car_2937": [2, 5], "car_2936": [10, 2], "car_2935": [7, 4], "car_2934": [4, 0], "car_2933": [11, 3], "car_2932": [3, 6], "car_2931": [0, 4], "car_2930": [9, 3], "car_2029": [5, 2], "car_2028": [2, 0], "car_2845": [8, 1], "car_2844": [0, 6], "car_2843": [9, 3], "car_2842": [2, 5], "car_2841": [10, 4], "car_2840": [7, 1], "car_2021": [6, 3], "car_2020": [5, 1], "car_2023": [0, 4], "car_2022": [9, 2], "car_2025": [11, 7], "car_2024": [3, 1], "car_2027": [10, 0], "car_2026": [4, 7], "car_2948": [3, 6], "car_2520": [9, 6], "car_4583": [2, 3], "car_1008": [2, 6], "car_1009": [9, 1], "car_1006": [4, 0], "car_1007": [10, 0], "car_1004": [11, 7], "car_1005": [1, 6], "car_1002": [3, 4], "car_1003": [8, 0], "car_1000": [5, 2], "car_1001": [0, 1], "car_3459": [11, 6], "car_2398": [8, 0], "car_2629": [10, 6], "car_5001": [5, 4], "car_2524": [4, 3], "car_2628": [7, 6], "car_3310": [0, 6], "car_2525": [7, 2], "car_2995": [8, 3], "car_2674": [5, 7], "car_1924": [7, 6], "car_2994": [3, 1], "car_2527": [6, 5], "car_2997": [1, 7], "car_36": [4, 0], "car_37": [7, 6], "car_34": [11, 4], "car_35": [1, 0], "car_888": [5, 7], "car_889": [9, 6], "car_30": [5, 2], "car_31": [9, 7], "car_884": [4, 3], "car_885": [7, 5], "car_886": [10, 2], "car_887": [2, 4], "car_880": [0, 5], "car_881": [3, 1], "car_882": [8, 4], "car_883": [11, 2], "car_3466": [3, 0], "car_3467": [8, 1], "car_2449": [0, 2], "car_2448": [9, 1], "car_2119": [3, 1], "car_2118": [0, 1], "car_3460": [4, 6], "car_3461": [7, 2], "car_2115": [10, 5], "car_2114": [4, 7], "car_2117": [9, 6], "car_2116": [6, 7], "car_2111": [6, 7], "car_2110": [5, 0], "car_2113": [3, 2], "car_2112": [9, 1], "car_1644": [11, 2], "car_1645": [1, 2], "car_1646": [7, 3], "car_1647": [10, 7], "car_1640": [6, 2], "car_1641": [9, 5], "car_1642": [3, 1], "car_1643": [8, 5], "car_3312": [8, 4], "car_1648": [2, 7], "car_1649": [5, 3], "car_3915": [4, 1], "car_2599": [1, 4], "car_2159": [7, 1], "car_3860": [4, 3], "car_3861": [7, 1], "car_3866": [0, 5], "car_3867": [8, 4], "car_3864": [6, 1], "car_2158": [4, 0], "car_2591": [2, 7], "car_2590": [7, 2], "car_2593": [6, 1], "car_2592": [5, 0], "car_2595": [0, 3], "car_2594": [9, 0], "car_2597": [8, 5], "car_2596": [3, 0], "car_3648": [2, 3], "car_3649": [5, 2], "car_4859": [9, 3], "car_4748": [5, 6], "car_3560": [1, 7], "car_3313": [1, 6], "car_3643": [3, 1], "car_3640": [6, 1], "car_3641": [9, 7], "car_3646": [4, 7], "car_3647": [10, 7], "car_2677": [0, 5], "car_2608": [4, 5], "car_3888": [9, 4], "car_3703": [1, 3], "car_3880": [0, 4], "car_3881": [3, 1], "car_3882": [8, 6], "car_3883": [11, 7], "car_3884": [4, 6], "car_3885": [10, 1], "car_3886": [2, 5], "car_3887": [6, 2], "car_408": [8, 6], "car_409": [11, 2], "car_2203": [10, 7], "car_2202": [7, 1], "car_2205": [0, 4], "car_2204": [9, 3], "car_2207": [8, 6], "car_2206": [3, 7], "car_400": [7, 0], "car_401": [10, 6], "car_402": [2, 4], "car_403": [5, 7], "car_404": [6, 7], "car_405": [9, 5], "car_406": [0, 2], "car_407": [3, 7], "car_4469": [6, 5], "car_4914": [8, 7], "car_3787": [5, 7], "car_4048": [1, 7], "car_4528": [10, 6], "car_4733": [3, 1], "car_1769": [2, 1], "car_4384": [4, 1], "car_3080": [3, 4], "car_3081": [8, 4], "car_3082": [11, 0], "car_3083": [1, 7], "car_3084": [4, 6], "car_3085": [7, 3], "car_3086": [5, 6], "car_3087": [6, 0], "car_3088": [9, 3], "car_3089": [0, 4], "car_2973": [3, 5], "car_534": [7, 0], "car_535": [5, 7], "car_536": [6, 5], "car_537": [9, 4], "car_530": [0, 5], "car_531": [3, 5], "car_532": [11, 2], "car_533": [4, 3], "car_3246": [0, 6], "car_3247": [3, 7], "car_3244": [6, 2], "car_3245": [9, 3], "car_538": [0, 5], "car_539": [3, 6], "car_3240": [1, 3], "car_3241": [4, 2], "car_2972": [6, 1], "car_3317": [9, 0], "car_4452": [5, 4], "car_2310": [2, 4], "car_4810": [6, 4], "car_4953": [3, 2], "car_4729": [10, 6], "car_4779": [11, 6], "car_659": [0, 6], "car_658": [9, 7], "car_651": [0, 2], "car_650": [10, 4], "car_653": [8, 6], "car_652": [3, 1], "car_655": [7, 3], "car_654": [1, 6], "car_657": [6, 2], "car_656": [10, 5], "car_2970": [4, 2], "car_2907": [4, 2], "car_4246": [4, 1], "car_4951": [6, 1], "car_3813": [9, 7], "car_4596": [4, 3], "car_4885": [9, 0], "car_4884": [6, 1], "car_2977": [4, 6], "car_4886": [0, 3], "car_4881": [4, 6], "car_4880": [11, 1], "car_4883": [2, 6], "car_4882": [10, 6], "car_4889": [11, 3], "car_4888": [8, 1], "car_2909": [10, 0], "car_4950": [5, 1], "car_3812": [6, 2], "car_3946": [3, 2], "car_2976": [1, 4], "car_4105": [4, 0], "car_2434": [1, 2], "car_4864": [1, 4], "car_1929": [11, 2], "car_4518": [1, 4], "car_2195": [2, 4], "car_3971": [8, 2], "car_4089": [2, 6], "car_4088": [10, 0], "car_2194": [7, 5], "car_3811": [2, 6], "car_4084": [6, 3], "car_4087": [7, 4], "car_1764": [8, 5], "car_4081": [7, 6], "car_2197": [0, 6], "car_4083": [2, 3], "car_4082": [10, 7], "car_4869": [0, 1], "car_2196": [6, 1], "car_2191": [8, 3], "car_4965": [5, 3], "car_1928": [8, 6], "car_2190": [3, 1], "car_3922": [8, 2], "car_2193": [4, 6], "car_1909": [5, 4], "car_1908": [10, 0], "car_1907": [7, 4], "car_1763": [3, 6], "car_1905": [1, 6], "car_1904": [11, 6], "car_1903": [3, 5], "car_1902": [6, 0], "car_1901": [2, 4], "car_1900": [10, 2], "car_4973": [4, 1], "car_3805": [3, 0], "car_3918": [2, 3], "car_3865": [9, 3], "car_1349": [5, 7], "car_1348": [2, 3], "car_4263": [4, 5], "car_4262": [1, 4], "car_3817": [4, 3], "car_4264": [7, 4], "car_4267": [6, 5], "car_1762": [9, 2], "car_1341": [6, 4], "car_1340": [5, 6], "car_1343": [0, 5], "car_1342": [9, 2], "car_1345": [11, 1], "car_1344": [3, 1], "car_1347": [7, 2], "car_1346": [4, 0], "car_3234": [2, 3], "car_3919": [5, 2], "car_4663": [7, 4], "car_3219": [3, 1], "car_2753": [9, 6], "car_3816": [1, 4], "car_3231": [1, 5], "car_2752": [6, 3], "car_3230": [11, 3], "car_2698": [3, 2], "car_4546": [1, 0], "car_1833": [8, 7], "car_1832": [3, 7], "car_349": [5, 3], "car_348": [2, 3], "car_1837": [9, 2], "car_1836": [5, 6], "car_1835": [7, 3], "car_1834": [1, 6], "car_343": [3, 5], "car_342": [6, 4], "car_341": [5, 7], "car_340": [2, 1], "car_347": [10, 4], "car_346": [7, 4], "car_345": [11, 7], "car_344": [8, 2], "car_4140": [5, 6], "car_2325": [1, 3], "car_1129": [6, 0], "car_1128": [5, 3], "car_2979": [2, 0], "car_4141": [9, 2], "car_1125": [11, 1], "car_1124": [8, 5], "car_1127": [7, 5], "car_1126": [1, 5], "car_1121": [2, 0], "car_1120": [10, 2], "car_1123": [3, 1], "car_1122": [5, 6], "car_4467": [7, 0], "car_1402": [1, 4], "car_4465": [1, 7], "car_4143": [4, 5], "car_4463": [8, 2], "car_2320": [2, 6], "car_4461": [0, 6], "car_1403": [4, 0], "car_4144": [2, 5], "car_2321": [6, 4], "car_1400": [8, 3], "car_3814": [0, 7], "car_4145": [5, 4], "car_1401": [11, 7], "car_2978": [10, 4], "car_4146": [6, 0], "car_1406": [0, 4], "car_4147": [9, 5], "car_1407": [3, 7], "car_2902": [9, 3], "car_2903": [0, 5], "car_2900": [5, 3], "car_2901": [6, 2], "car_2906": [1, 6], "car_1404": [2, 6], "car_2904": [3, 2], "car_2905": [11, 0], "car_2908": [7, 0], "car_1405": [5, 2], "car_3505": [0, 6], "car_3504": [9, 7], "car_3507": [8, 1], "car_3506": [3, 6], "car_2058": [6, 2], "car_2059": [0, 4], "car_3503": [5, 3], "car_3502": [10, 3], "car_2054": [4, 2], "car_2055": [7, 4], "car_2056": [2, 1], "car_2057": [5, 1], "car_2050": [9, 2], "car_2051": [3, 0], "car_2052": [8, 3], "car_2053": [11, 1], "car_1011": [8, 6], "car_1010": [0, 5], "car_1013": [7, 5], "car_1012": [4, 3], "car_1015": [6, 3], "car_1014": [10, 4], "car_1017": [3, 5], "car_1016": [9, 6], "car_1019": [10, 2], "car_1018": [4, 5], "car_2690": [3, 7], "car_2691": [8, 2], "car_2696": [9, 4], "car_2697": [0, 5], "car_2694": [5, 7], "car_2695": [6, 4], "car_2790": [11, 4], "car_4862": [8, 6], "car_3863": [5, 1], "car_4373": [8, 7], "car_4841": [9, 2], "car_4482": [11, 6], "car_3819": [10, 0], "car_4594": [3, 5], "car_25": [1, 6], "car_24": [11, 0], "car_27": [7, 2], "car_26": [4, 0], "car_21": [6, 2], "car_20": [2, 1], "car_23": [3, 2], "car_22": [0, 1], "car_3471": [6, 0], "car_3470": [5, 6], "car_3473": [8, 5], "car_3472": [3, 5], "car_29": [2, 1], "car_28": [10, 5], "car_3477": [10, 7], "car_3476": [7, 2], "car_4648": [6, 2], "car_2478": [1, 5], "car_2479": [4, 0], "car_2476": [3, 4], "car_2477": [11, 5], "car_2474": [9, 3], "car_2475": [0, 3], "car_2472": [5, 7], "car_2473": [6, 3], "car_2470": [10, 3], "car_2471": [2, 5], "car_1657": [9, 3], "car_1656": [5, 1], "car_1655": [2, 1], "car_1654": [4, 5], "car_1653": [1, 0], "car_1652": [11, 1], "car_1651": [8, 6], "car_1650": [0, 2], "car_1659": [3, 7], "car_1658": [0, 1], "car_3875": [8, 6], "car_3874": [3, 5], "car_2878": [2, 5], "car_2879": [5, 6], "car_3871": [5, 0], "car_3870": [2, 1], "car_3645": [1, 0], "car_3872": [9, 6], "car_2872": [3, 1], "car_2873": [11, 4], "car_2870": [6, 2], "car_2871": [9, 2], "car_2876": [7, 4], "car_2877": [10, 4], "car_2874": [1, 0], "car_2875": [4, 0], "car_2688": [2, 5], "car_1969": [11, 6], "car_2315": [8, 0], "car_3658": [10, 3], "car_1843": [10, 3], "car_3655": [1, 2], "car_3654": [11, 0], "car_3657": [7, 2], "car_3656": [4, 2], "car_3651": [9, 0], "car_3650": [6, 4], "car_3211": [8, 6], "car_3652": [0, 7], "car_435": [4, 0], "car_434": [1, 0], "car_437": [2, 1], "car_436": [10, 4], "car_431": [3, 2], "car_430": [0, 5], "car_433": [11, 7], "car_432": [8, 3], "car_3893": [9, 5], "car_1846": [6, 4], "car_3891": [4, 5], "car_3890": [11, 3], "car_439": [9, 3], "car_438": [5, 7], "car_3895": [11, 6], "car_1847": [9, 0], "car_2274": [11, 0], "car_2275": [4, 1], "car_2276": [7, 2], "car_2277": [2, 0], "car_2270": [6, 5], "car_2271": [9, 6], "car_2272": [0, 7], "car_2273": [3, 2], "car_3778": [5, 7], "car_1845": [5, 4], "car_2278": [5, 7], "car_2279": [6, 0], "car_4487": [5, 7], "car_4863": [11, 3], "car_3573": [9, 4], "car_4726": [3, 1], "car_4813": [8, 1], "car_4533": [1, 0], "car_4865": [4, 1], "car_3927": [2, 0], "car_1848": [0, 3], "car_2289": [3, 7], "car_1968": [8, 7], "car_1849": [3, 1], "car_2288": [9, 3], "car_1965": [9, 3], "car_4479": [9, 6], "car_3370": [10, 0], "car_1964": [2, 4], "car_3093": [1, 4], "car_3092": [11, 2], "car_3091": [8, 0], "car_3090": [3, 0], "car_3097": [5, 1], "car_3096": [2, 5], "car_3095": [7, 6], "car_3094": [4, 6], "car_3420": [5, 0], "car_3376": [8, 6], "car_3099": [0, 6], "car_3098": [6, 3], "car_3311": [3, 2], "car_501": [0, 5], "car_500": [9, 7], "car_503": [11, 2], "car_502": [3, 7], "car_505": [7, 3], "car_504": [4, 0], "car_507": [2, 1], "car_506": [10, 6], "car_509": [6, 2], "car_508": [5, 7], "car_2302": [5, 4], "car_2303": [9, 7], "car_2304": [0, 7], "car_2305": [3, 0], "car_2306": [8, 1], "car_2307": [11, 6], "car_2281": [3, 1], "car_4535": [7, 2], "car_1745": [9, 3], "car_2280": [0, 3], "car_4176": [1, 6], "car_3378": [4, 5], "car_4130": [7, 2], "car_3379": [7, 0], "car_2960": [8, 3], "car_3475": [1, 0], "car_3474": [11, 0], "car_646": [3, 4], "car_647": [11, 4], "car_644": [6, 7], "car_645": [9, 7], "car_642": [2, 1], "car_643": [5, 2], "car_640": [7, 5], "car_641": [10, 3], "car_2314": [0, 2], "car_4036": [6, 0], "car_648": [4, 0], "car_649": [7, 3], "car_3570": [2, 3], "car_4037": [9, 6], "car_4727": [11, 5], "car_2961": [11, 6], "car_2576": [5, 4], "car_4030": [8, 6], "car_3577": [4, 3], "car_3572": [6, 3], "car_4031": [11, 3], "car_4537": [6, 0], "car_4856": [7, 6], "car_2526": [10, 0], "car_4370": [5, 3], "car_1830": [6, 4], "car_3574": [0, 1], "car_4033": [4, 5], "car_2673": [2, 5], "car_3575": [3, 0], "car_4364": [9, 6], "car_2962": [1, 2], "car_3576": [1, 5], "car_4497": [9, 4], "car_2570": [11, 2], "car_4249": [5, 3], "car_4536": [2, 5], "car_2681": [10, 1], "car_4248": [2, 6], "car_2999": [10, 2], "car_4360": [7, 2], "car_2420": [9, 4], "car_4371": [6, 4], "car_4361": [10, 3], "car_4699": [2, 7], "car_2963": [4, 2], "car_4490": [8, 5], "car_3899": [0, 1], "car_4491": [11, 1], "car_4539": [4, 7], "car_3929": [6, 4], "car_2680": [4, 0], "car_4715": [6, 5], "car_2854": [1, 2], "car_4714": [7, 4], "car_4942": [5, 4], "car_3800": [10, 7], "car_4387": [0, 6], "car_2964": [10, 5], "car_4071": [3, 2], "car_4072": [4, 7], "car_4073": [7, 0], "car_4074": [5, 1], "car_4075": [6, 3], "car_4076": [9, 4], "car_4077": [0, 4], "car_4078": [11, 6], "car_4079": [1, 2], "car_4538": [11, 1], "car_3928": [5, 7], "car_2683": [9, 2], "car_3913": [11, 6], "car_4988": [3, 1], "car_4245": [11, 4], "car_4943": [6, 2], "car_3801": [2, 1], "car_4985": [6, 5], "car_4986": [9, 4], "car_4244": [8, 3], "car_4980": [4, 5], "car_4981": [7, 5], "car_4982": [10, 7], "car_4983": [2, 4], "car_1932": [9, 5], "car_1933": [0, 7], "car_1930": [10, 2], "car_1931": [2, 1], "car_1936": [1, 0], "car_1937": [10, 0], "car_1934": [3, 4], "car_1935": [11, 4], "car_1938": [5, 3], "car_1939": [6, 1], "car_2682": [5, 4], "car_4453": [6, 0], "car_4401": [7, 0], "car_4944": [0, 5], "car_3802": [5, 2], "car_1717": [7, 1], "car_4385": [10, 3], "car_4214": [1, 3], "car_4215": [7, 2], "car_4216": [8, 0], "car_4217": [11, 0], "car_1338": [7, 0], "car_1339": [10, 6], "car_4212": [0, 7], "car_4213": [8, 6], "car_1334": [3, 1], "car_1335": [11, 3], "car_1336": [1, 6], "car_1337": [4, 2], "car_1330": [2, 0], "car_1331": [6, 4], "car_1332": [9, 7], "car_1333": [0, 3], "car_4184": [0, 1], "car_4185": [3, 6], "car_4186": [8, 2], "car_4187": [11, 4], "car_3803": [9, 5], "car_4181": [5, 7], "car_4182": [6, 0], "car_4183": [9, 6], "car_1711": [9, 5], "car_4188": [1, 5], "car_4189": [4, 1], "car_4861": [3, 0], "car_4728": [7, 1], "car_2998": [7, 6], "car_3877": [4, 5], "car_4403": [2, 7], "car_358": [9, 6], "car_359": [0, 5], "car_1804": [9, 2], "car_1805": [3, 1], "car_1802": [2, 1], "car_1803": [6, 1], "car_1800": [4, 6], "car_1801": [10, 1], "car_350": [9, 3], "car_351": [0, 1], "car_352": [3, 2], "car_353": [11, 3], "car_354": [4, 1], "car_355": [7, 4], "car_356": [2, 3], "car_357": [6, 2], "car_1482": [4, 1], "car_1483": [10, 6], "car_1480": [11, 4], "car_1481": [1, 4], "car_1486": [9, 1], "car_1487": [0, 4], "car_1484": [5, 3], "car_1485": [6, 2], "car_4320": [1, 6], "car_4321": [4, 1], "car_1488": [3, 5], "car_1489": [8, 2], "car_4324": [9, 5], "car_4325": [0, 6], "car_4326": [8, 4], "car_4327": [11, 7], "car_1240": [9, 4], "car_1241": [0, 4], "car_1242": [3, 5], "car_1243": [11, 0], "car_1244": [1, 0], "car_1245": [4, 2], "car_1246": [7, 3], "car_1247": [10, 3], "car_1248": [5, 4], "car_1249": [9, 3], "car_4692": [6, 7], "car_4693": [9, 0], "car_4694": [0, 7], "car_4695": [8, 5], "car_4621": [0, 1], "car_4697": [1, 6], "car_1747": [11, 7], "car_3977": [6, 0], "car_3642": [0, 6], "car_3879": [6, 0], "car_4681": [3, 7], "car_4339": [3, 6], "car_3806": [8, 5], "car_3878": [5, 3], "car_2374": [7, 5], "car_1879": [10, 3], "car_2917": [7, 4], "car_2916": [4, 2], "car_2911": [5, 1], "car_2910": [2, 7], "car_2913": [3, 0], "car_2912": [9, 7], "car_2919": [2, 1], "car_2918": [10, 7], "car_4447": [11, 5], "car_3804": [0, 2], "car_2049": [5, 2], "car_2048": [2, 7], "car_2047": [7, 0], "car_2046": [4, 2], "car_2045": [1, 0], "car_2044": [8, 6], "car_2043": [3, 1], "car_2042": [9, 2], "car_2041": [6, 5], "car_2040": [5, 1], "car_1064": [8, 3], "car_1065": [11, 4], "car_1066": [1, 2], "car_1067": [4, 0], "car_1060": [2, 7], "car_1061": [6, 4], "car_1062": [9, 1], "car_1063": [0, 1], "car_2685": [1, 7], "car_2684": [3, 4], "car_2687": [10, 3], "car_2686": [7, 0], "car_1068": [7, 2], "car_1069": [10, 7], "car_1798": [3, 1], "car_1799": [8, 0], "car_4629": [6, 1], "car_3701": [8, 7], "car_4059": [4, 2], "car_4628": [5, 2], "car_3808": [1, 6], "car_4959": [6, 5], "car_4781": [10, 1], "car_4860": [0, 2], "car_4787": [4, 3], "car_10": [8, 2], "car_11": [4, 3], "car_12": [7, 3], "car_13": [10, 0], "car_14": [2, 5], "car_15": [5, 3], "car_16": [0, 7], "car_17": [11, 6], "car_18": [7, 1], "car_19": [10, 5], "car_3406": [0, 7], "car_3407": [3, 5], "car_3400": [1, 6], "car_3401": [4, 2], "car_3402": [7, 1], "car_3403": [10, 2], "car_2461": [7, 5], "car_2460": [1, 7], "car_1668": [9, 1], "car_1669": [3, 0], "car_2465": [9, 2], "car_2464": [6, 4], "car_2467": [8, 3], "car_2466": [3, 4], "car_1662": [1, 3], "car_1663": [4, 5], "car_1660": [8, 3], "car_1661": [11, 2], "car_1666": [5, 0], "car_1667": [6, 1], "car_1664": [10, 0], "car_1665": [2, 3], "car_1468": [10, 7], "car_1469": [6, 4], "car_4789": [10, 3], "car_1460": [2, 3], "car_1461": [6, 2], "car_1462": [9, 0], "car_1463": [0, 1], "car_1464": [3, 7], "car_1465": [8, 7], "car_1466": [1, 6], "car_1467": [7, 5], "car_3930": [0, 4], "car_2699": [8, 2], "car_3717": [0, 2], "car_2869": [5, 4], "car_2868": [2, 3], "car_2865": [4, 1], "car_2864": [11, 6], "car_2867": [10, 6], "car_2866": [7, 2], "car_2861": [0, 7], "car_2860": [6, 0], "car_2863": [8, 3], "car_2862": [3, 4], "car_3712": [11, 1], "car_2648": [10, 1], "car_3713": [4, 7], "car_4873": [7, 1], "car_3931": [3, 2], "car_422": [8, 7], "car_423": [11, 6], "car_420": [5, 6], "car_421": [9, 4], "car_426": [10, 6], "car_427": [2, 3], "car_424": [1, 5], "car_425": [4, 7], "car_3318": [0, 2], "car_3319": [8, 1], "car_428": [5, 3], "car_429": [6, 4], "car_2377": [6, 2], "car_2267": [1, 5], "car_2266": [11, 6], "car_2265": [3, 0], "car_2264": [5, 1], "car_2263": [10, 3], "car_2262": [1, 2], "car_2261": [11, 5], "car_2260": [8, 7], "car_2371": [8, 7], "car_4874": [10, 7], "car_3932": [8, 3], "car_4875": [5, 4], "car_2269": [2, 3], "car_2268": [7, 2], "car_4562": [3, 0], "car_3798": [1, 5], "car_2373": [4, 5], "car_4563": [11, 1], "car_3794": [6, 4], "car_3795": [9, 0], "car_3796": [8, 4], "car_2372": [1, 2], "car_2008": [1, 4], "car_3791": [10, 0], "car_3792": [2, 6], "car_3793": [5, 6], "car_4561": [0, 7], "car_4566": [0, 5], "car_2370": [3, 0], "car_4867": [2, 0], "car_3486": [5, 6], "car_4567": [3, 0], "car_3487": [6, 0], "car_4564": [1, 3], "car_4796": [1, 4], "car_4565": [6, 5], "car_3224": [2, 7], "car_3225": [5, 4], "car_2319": [7, 6], "car_2318": [4, 3], "car_3220": [11, 7], "car_3221": [1, 2], "car_518": [9, 0], "car_519": [3, 6], "car_516": [10, 4], "car_517": [6, 2], "car_514": [1, 3], "car_515": [7, 4], "car_512": [8, 3], "car_513": [11, 4], "car_510": [0, 6], "car_511": [3, 6], "car_4402": [10, 6], "car_4405": [0, 5], "car_4209": [10, 0], "car_1870": [4, 3], "car_3589": [0, 3], "car_4407": [7, 4], "car_3935": [6, 3], "car_2692": [1, 3], "car_3488": [9, 7], "car_2444": [10, 1], "car_4406": [8, 0], "car_3469": [4, 2], "car_3489": [0, 5], "car_633": [5, 4], "car_632": [7, 5], "car_631": [1, 7], "car_630": [11, 3], "car_637": [11, 3], "car_636": [8, 1], "car_635": [3, 7], "car_634": [9, 0], "car_2675": [6, 7], "car_639": [4, 1], "car_638": [1, 6], "car_4531": [9, 7], "car_4762": [3, 7], "car_3588": [9, 4], "car_3138": [8, 4], "car_3139": [11, 1], "car_3936": [9, 3], "car_2693": [2, 7], "car_3130": [8, 6], "car_3131": [11, 0], "car_3132": [4, 0], "car_3133": [10, 2], "car_3134": [2, 5], "car_3135": [6, 7], "car_3136": [0, 1], "car_3137": [3, 6], "car_4828": [6, 4], "car_4767": [7, 0], "car_4570": [2, 1], "car_189": [8, 6], "car_188": [0, 1], "car_185": [5, 6], "car_184": [2, 4], "car_187": [9, 4], "car_186": [6, 1], "car_181": [4, 1], "car_180": [11, 4], "car_183": [10, 3], "car_182": [7, 3], "car_3938": [3, 5], "car_4866": [10, 2], "car_749": [8, 0], "car_748": [0, 5], "car_747": [9, 3], "car_746": [6, 7], "car_745": [5, 6], "car_744": [10, 4], "car_743": [7, 1], "car_742": [4, 6], "car_741": [1, 4], "car_740": [11, 6], "car_4718": [11, 6], "car_2131": [4, 0], "car_4529": [2, 7], "car_3939": [11, 5], "car_3724": [6, 2], "car_4062": [2, 0], "car_4061": [10, 5], "car_4060": [7, 2], "car_4067": [7, 5], "car_4066": [1, 0], "car_4065": [11, 7], "car_4064": [3, 7], "car_4069": [9, 5], "car_4068": [10, 3], "car_3316": [6, 2], "car_2618": [9, 2], "car_3584": [7, 6], "car_4998": [4, 5], "car_4997": [1, 5], "car_4996": [11, 7], "car_4526": [11, 6], "car_4994": [3, 6], "car_4993": [0, 4], "car_4992": [6, 4], "car_4991": [5, 6], "car_4990": [2, 1], "car_299": [6, 5], "car_298": [5, 3], "car_1927": [3, 2], "car_1926": [9, 4], "car_1921": [11, 0], "car_1920": [3, 6], "car_1923": [4, 7], "car_1922": [1, 6], "car_291": [8, 7], "car_290": [0, 1], "car_293": [1, 5], "car_292": [11, 5], "car_295": [7, 6], "car_294": [4, 1], "car_297": [2, 0], "car_296": [10, 3], "car_4527": [1, 5], "car_3852": [1, 0], "car_4207": [11, 0], "car_4206": [8, 0], "car_4205": [3, 4], "car_4204": [0, 6], "car_4203": [9, 3], "car_4202": [6, 3], "car_1329": [4, 0], "car_1328": [11, 7], "car_1327": [8, 0], "car_1326": [3, 1], "car_1325": [9, 6], "car_1324": [6, 5], "car_1323": [5, 0], "car_1322": [7, 6], "car_1321": [8, 2], "car_1320": [0, 1], "car_4197": [8, 0], "car_4196": [3, 4], "car_4195": [0, 5], "car_4194": [9, 0], "car_4193": [6, 4], "car_4192": [5, 4], "car_4191": [10, 7], "car_4190": [7, 6], "car_3721": [7, 5], "car_4199": [1, 7], "car_4198": [11, 6], "car_365": [5, 7], "car_364": [2, 5], "car_367": [9, 2], "car_366": [6, 1], "car_361": [8, 4], "car_360": [3, 5], "car_363": [7, 1], "car_362": [1, 0], "car_1811": [10, 3], "car_1810": [7, 2], "car_1813": [5, 1], "car_1812": [2, 4], "car_369": [3, 0], "car_368": [0, 2], "car_1817": [8, 1], "car_1816": [3, 5], "car_167": [2, 1], "car_166": [10, 2], "car_165": [7, 5], "car_164": [1, 0], "car_163": [11, 6], "car_162": [8, 6], "car_161": [3, 6], "car_160": [9, 3], "car_3720": [1, 6], "car_4848": [7, 6], "car_4669": [11, 4], "car_4668": [8, 1], "car_169": [9, 5], "car_168": [5, 3], "car_1495": [6, 7], "car_1494": [5, 0], "car_1497": [0, 7], "car_1496": [9, 6], "car_1491": [1, 5], "car_1490": [11, 4], "car_1493": [7, 4], "car_1492": [4, 1], "car_4333": [7, 5], "car_4332": [4, 2], "car_4331": [3, 4], "car_4330": [0, 7], "car_1499": [11, 4], "car_1498": [8, 5], "car_3580": [6, 0], "car_4334": [10, 2], "car_1253": [1, 4], "car_1252": [11, 6], "car_1251": [8, 7], "car_1250": [0, 7], "car_1257": [5, 2], "car_1256": [2, 1], "car_1255": [10, 0], "car_1254": [4, 6], "car_4683": [1, 5], "car_2850": [0, 5], "car_1259": [9, 7], "car_1258": [6, 1], "car_4687": [5, 7], "car_3622": [7, 5], "car_4685": [7, 1], "car_2851": [3, 2], "car_1868": [8, 6], "car_2852": [8, 7], "car_3624": [0, 5], "car_2853": [11, 2], "car_3583": [1, 0], "car_4672": [10, 2], "car_3248": [8, 4], "car_4523": [0, 5], "car_3626": [10, 6], "car_3627": [2, 6], "car_4210": [2, 3], "car_1789": [3, 6], "car_1788": [0, 6], "car_2070": [8, 3], "car_2071": [1, 4], "car_2076": [0, 1], "car_2077": [11, 4], "car_2074": [5, 3], "car_2075": [9, 3], "car_1781": [9, 4], "car_1780": [6, 3], "car_1783": [8, 2], "car_1782": [3, 2], "car_1785": [7, 0], "car_1784": [1, 4], "car_1787": [2, 4], "car_1786": [10, 4], "car_1077": [10, 5], "car_1076": [1, 0], "car_1075": [11, 5], "car_1074": [8, 4], "car_1073": [0, 6], "car_1072": [9, 4], "car_1071": [6, 3], "car_1070": [5, 4], "car_2678": [3, 4], "car_2679": [8, 7], "car_3520": [7, 2], "car_4211": [5, 3], "car_1079": [5, 4], "car_1078": [2, 7], "car_3981": [1, 7], "car_3257": [4, 1], "car_4337": [6, 1], "car_2139": [3, 7], "car_3256": [8, 4], "car_4521": [2, 6], "car_2034": [8, 1], "car_4933": [1, 4], "car_2300": [7, 5], "car_2035": [11, 6], "car_2301": [2, 7], "car_2032": [0, 4], "car_3706": [5, 1], "car_2033": [3, 5], "car_2996": [11, 1], "car_4837": [11, 5], "car_3419": [10, 7], "car_2138": [0, 4], "car_3417": [1, 2], "car_3416": [8, 5], "car_3415": [0, 5], "car_3414": [9, 6], "car_3413": [5, 7], "car_3412": [2, 5], "car_3411": [10, 4], "car_3410": [7, 2], "car_985": [6, 3], "car_984": [2, 3], "car_987": [8, 2], "car_986": [9, 7], "car_981": [11, 7], "car_980": [8, 7], "car_983": [10, 7], "car_982": [1, 3], "car_1675": [5, 4], "car_1674": [10, 1], "car_1677": [9, 6], "car_1676": [6, 5], "car_989": [4, 5], "car_988": [11, 3], "car_1673": [7, 1], "car_1672": [1, 2], "car_2784": [1, 4], "car_2785": [7, 3], "car_1479": [3, 7], "car_1478": [9, 0], "car_2780": [0, 3], "car_2781": [3, 7], "car_2782": [8, 4], "car_2783": [11, 7], "car_1473": [4, 6], "car_1472": [11, 0], "car_1471": [3, 2], "car_1470": [9, 2], "car_1477": [6, 0], "car_1476": [5, 7], "car_1475": [2, 5], "car_1474": [7, 3], "car_2890": [2, 7], "car_2891": [5, 7], "car_2892": [6, 0], "car_2893": [9, 6], "car_2894": [3, 1], "car_1743": [10, 5], "car_2896": [1, 0], "car_2897": [4, 7], "car_2898": [7, 0], "car_2899": [2, 0], "car_1742": [7, 1], "car_2990": [2, 6], "car_4673": [6, 1], "car_4581": [11, 0], "car_2528": [9, 0], "car_2529": [3, 2], "car_2258": [0, 2], "car_2259": [3, 4], "car_3307": [5, 1], "car_2689": [9, 1], "car_3305": [10, 1], "car_3304": [1, 7], "car_2252": [1, 3], "car_2253": [7, 3], "car_2250": [8, 3], "car_2251": [11, 0], "car_2256": [6, 0], "car_2257": [9, 6], "car_2254": [10, 3], "car_2255": [2, 1], "car_2098": [2, 4], "car_2099": [5, 6], "car_2090": [5, 7], "car_2091": [6, 7], "car_2092": [9, 7], "car_2093": [0, 6], "car_2094": [8, 5], "car_2095": [11, 0], "car_2096": [1, 2], "car_2097": [7, 3], "car_3789": [3, 2], "car_3788": [0, 4], "car_2992": [9, 5], "car_3786": [2, 3], "car_3785": [10, 0], "car_3784": [7, 0], "car_3783": [4, 7], "car_3782": [1, 2], "car_3781": [8, 1], "car_3780": [3, 7], "car_4310": [8, 3], "car_3237": [0, 3], "car_3236": [9, 2], "car_569": [11, 2], "car_568": [8, 7], "car_3233": [7, 5], "car_3232": [4, 3], "car_2328": [10, 2], "car_2329": [2, 3], "car_563": [7, 6], "car_562": [11, 5], "car_561": [8, 4], "car_560": [0, 7], "car_567": [3, 2], "car_566": [6, 0], "car_565": [5, 2], "car_564": [2, 1], "car_3598": [0, 4], "car_2331": [9, 4], "car_3739": [7, 5], "car_4380": [3, 2], "car_3644": [11, 3], "car_620": [3, 5], "car_621": [8, 0], "car_622": [11, 5], "car_623": [1, 2], "car_624": [4, 0], "car_625": [10, 4], "car_626": [2, 5], "car_627": [5, 2], "car_628": [6, 0], "car_629": [3, 6], "car_4670": [1, 3], "car_1869": [11, 2], "car_3129": [3, 2], "car_3128": [9, 1], "car_4289": [7, 3], "car_3123": [11, 7], "car_3122": [0, 5], "car_3121": [9, 3], "car_3120": [5, 3], "car_3127": [6, 4], "car_3126": [2, 7], "car_3125": [10, 0], "car_3124": [4, 6], "car_4524": [3, 0], "car_3666": [7, 1], "car_4934": [7, 5], "car_1866": [0, 6], "car_1867": [3, 0], "car_3388": [6, 5], "car_4931": [3, 2], "car_4930": [0, 2], "car_198": [1, 6], "car_199": [4, 6], "car_2831": [1, 6], "car_192": [2, 1], "car_193": [5, 3], "car_190": [4, 1], "car_191": [7, 4], "car_196": [0, 5], "car_197": [3, 1], "car_194": [6, 7], "car_195": [9, 3], "car_4834": [9, 3], "car_3670": [3, 6], "car_758": [1, 7], "car_759": [7, 1], "car_4835": [0, 2], "car_754": [2, 0], "car_755": [5, 4], "car_756": [9, 5], "car_757": [0, 3], "car_750": [11, 0], "car_751": [4, 1], "car_752": [7, 0], "car_753": [10, 4], "car_1940": [9, 4], "car_3355": [2, 0], "car_4830": [1, 3], "car_4831": [4, 3], "car_4056": [8, 3], "car_4057": [11, 7], "car_4054": [9, 4], "car_4055": [3, 1], "car_2991": [5, 7], "car_4053": [6, 4], "car_4050": [7, 2], "car_4051": [10, 7], "car_3299": [6, 4], "car_4118": [5, 0], "car_4058": [1, 0], "car_3298": [5, 2], "car_286": [7, 0], "car_287": [10, 5], "car_284": [1, 7], "car_285": [4, 1], "car_282": [8, 1], "car_283": [11, 4], "car_280": [0, 7], "car_281": [3, 4], "car_3353": [4, 6], "car_1949": [3, 0], "car_288": [2, 1], "car_289": [5, 1], "car_3453": [4, 7], "car_1948": [9, 6], "car_2791": [1, 4], "car_3592": [4, 1], "car_3452": [11, 6], "car_4749": [9, 1], "car_4113": [11, 2], "car_3451": [3, 2], "car_4112": [8, 1], "car_4646": [2, 5], "car_3450": [0, 7], "car_4111": [0, 6], "car_3985": [0, 6], "car_4110": [9, 3], "car_3984": [6, 5], "car_1312": [0, 5], "car_1313": [11, 6], "car_1310": [6, 7], "car_1311": [9, 2], "car_1316": [7, 6], "car_1317": [10, 4], "car_1314": [1, 0], "car_1315": [4, 6], "car_4513": [2, 5], "car_1318": [6, 5], "car_1319": [9, 3], "car_2450": [8, 7], "car_3921": [3, 1], "car_2451": [1, 7], "car_2452": [10, 1], "car_4877": [9, 1], "car_372": [4, 5], "car_373": [7, 4], "car_370": [11, 7], "car_371": [1, 2], "car_376": [5, 4], "car_377": [6, 3], "car_374": [10, 7], "car_375": [2, 1], "car_1864": [2, 1], "car_1865": [6, 1], "car_378": [9, 3], "car_379": [0, 6], "car_1860": [11, 1], "car_1861": [1, 7], "car_1862": [7, 3], "car_1863": [10, 1], "car_174": [1, 3], "car_175": [4, 5], "car_176": [7, 6], "car_177": [10, 7], "car_170": [0, 1], "car_171": [3, 1], "car_172": [8, 3], "car_173": [11, 1], "car_2457": [0, 5], "car_178": [2, 7], "car_179": [9, 5], "car_2338": [10, 3], "car_4511": [7, 1], "car_4952": [0, 2], "car_4308": [5, 6], "car_4309": [0, 7], "car_4306": [10, 1], "car_4307": [2, 0], "car_4304": [1, 0], "car_3697": [6, 2], "car_4302": [8, 5], "car_4303": [11, 4], "car_4300": [9, 0], "car_4301": [0, 2], "car_1266": [2, 4], "car_1267": [5, 2], "car_1264": [7, 0], "car_1265": [10, 5], "car_1262": [11, 2], "car_1263": [1, 4], "car_1260": [0, 6], "car_1261": [3, 5], "car_2949": [8, 4], "car_4769": [6, 3], "car_1268": [6, 0], "car_1269": [9, 2], "car_3581": [9, 1], "car_4510": [4, 5], "car_3749": [2, 7], "car_4919": [5, 4], "car_3371": [2, 3], "car_4735": [11, 4], "car_2406": [8, 6], "car_4948": [10, 3], "car_3979": [0, 4], "car_4238": [2, 5], "car_4239": [5, 4], "car_4232": [3, 7], "car_4233": [11, 6], "car_4230": [9, 7], "car_4231": [0, 1], "car_4236": [7, 0], "car_4237": [10, 6], "car_4234": [1, 0], "car_4235": [4, 5], "car_2065": [2, 1], "car_2064": [10, 2], "car_1048": [11, 3], "car_1049": [7, 6], "car_2061": [11, 6], "car_2060": [8, 2], "car_2063": [7, 6], "car_2062": [4, 1], "car_1042": [4, 5], "car_1043": [10, 7], "car_1040": [8, 5], "car_1041": [1, 3], "car_1046": [9, 5], "car_1047": [0, 3], "car_1044": [2, 5], "car_1045": [6, 0], "car_2663": [4, 5], "car_2662": [11, 6], "car_2661": [3, 0], "car_2660": [0, 3], "car_2667": [6, 3], "car_2666": [5, 7], "car_2665": [2, 7], "car_2664": [7, 5], "car_2669": [1, 6], "car_2668": [8, 2], "car_4548": [10, 4], "car_4522": [9, 7], "car_4516": [3, 6], "car_3528": [4, 7], "car_4868": [6, 0], "car_2404": [0, 2], "car_4265": [10, 7], "car_3582": [8, 7], "car_4739": [5, 7], "car_4740": [6, 3], "car_4738": [7, 2], "car_4515": [0, 3], "car_3422": [0, 5], "car_3423": [3, 6], "car_78": [1, 0], "car_79": [4, 2], "car_3426": [7, 4], "car_3427": [2, 1], "car_3424": [11, 2], "car_3425": [4, 7], "car_72": [7, 4], "car_73": [5, 6], "car_70": [1, 0], "car_71": [4, 0], "car_76": [8, 2], "car_77": [11, 6], "car_74": [6, 7], "car_75": [9, 7], "car_992": [9, 7], "car_993": [0, 1], "car_990": [7, 2], "car_991": [2, 0], "car_996": [11, 1], "car_997": [7, 5], "car_994": [3, 0], "car_995": [8, 0], "car_1688": [8, 4], "car_1689": [11, 6], "car_998": [10, 4], "car_999": [2, 4], "car_4833": [6, 0], "car_2409": [4, 3], "car_2408": [1, 4], "car_2797": [9, 3], "car_2796": [6, 7], "car_2795": [5, 2], "car_2794": [10, 5], "car_2793": [7, 6], "car_2792": [4, 3], "car_1448": [8, 6], "car_1449": [11, 7], "car_1446": [9, 3], "car_1447": [3, 6], "car_1444": [4, 3], "car_1445": [6, 1], "car_1442": [3, 0], "car_1443": [11, 3], "car_1440": [9, 7], "car_1441": [0, 3], "car_2883": [3, 0], "car_2882": [0, 3], "car_2881": [9, 7], "car_2798": [0, 6], "car_2887": [4, 5], "car_2886": [1, 6], "car_2885": [11, 3], "car_2884": [8, 2], "car_2889": [10, 7], "car_2888": [7, 3], "car_3686": [10, 2], "car_3687": [5, 3], "car_3684": [1, 6], "car_3685": [7, 6], "car_2401": [10, 7], "car_3683": [3, 5], "car_3680": [10, 2], "car_3681": [2, 6], "car_2986": [1, 4], "car_3688": [6, 5], "car_3689": [9, 7], "car_3336": [0, 2], "car_3337": [3, 6], "car_2539": [5, 6], "car_2538": [11, 0], "car_2249": [3, 6], "car_2248": [6, 5], "car_3330": [7, 4], "car_3331": [10, 2], "car_2245": [10, 4], "car_2244": [4, 3], "car_2247": [5, 1], "car_2246": [2, 4], "car_2241": [8, 5], "car_2240": [3, 1], "car_2243": [1, 3], "car_2242": [11, 6], "car_2089": [2, 7], "car_2088": [10, 5], "car_3873": [0, 6], "car_4949": [2, 6], "car_2083": [5, 7], "car_2082": [2, 3], "car_2081": [10, 6], "car_2080": [7, 1], "car_2087": [7, 2], "car_2086": [1, 0], "car_2085": [8, 2], "car_2084": [6, 1], "car_4846": [1, 6], "car_3180": [11, 2], "car_3183": [7, 2], "car_4676": [4, 2], "car_3239": [11, 5], "car_2984": [3, 5], "car_3758": [7, 6], "car_3759": [5, 1], "car_3208": [6, 2], "car_3209": [9, 3], "car_4336": [5, 1], "car_3868": [11, 0], "car_4941": [2, 5], "car_3202": [1, 2], "car_3203": [4, 0], "car_3200": [8, 2], "car_3186": [6, 2], "car_3206": [2, 4], "car_3207": [5, 6], "car_3204": [7, 1], "car_3205": [10, 0], "car_578": [2, 7], "car_579": [5, 0], "car_2333": [3, 1], "car_2332": [0, 1], "car_2335": [1, 4], "car_2334": [11, 7], "car_2337": [7, 5], "car_553": [0, 4], "car_570": [2, 0], "car_571": [5, 1], "car_572": [9, 4], "car_573": [3, 1], "car_574": [11, 7], "car_806": [0, 3], "car_576": [7, 0], "car_577": [10, 3], "car_4115": [4, 3], "car_807": [3, 2], "car_4946": [11, 5], "car_800": [11, 1], "car_4947": [4, 5], "car_801": [1, 3], "car_4152": [5, 1], "car_802": [4, 0], "car_4508": [11, 5], "car_4400": [4, 0], "car_2192": [1, 3], "car_803": [7, 5], "car_2067": [9, 0], "car_2066": [5, 4], "car_619": [0, 4], "car_618": [9, 7], "car_3377": [1, 6], "car_615": [2, 7], "car_614": [10, 2], "car_617": [6, 1], "car_616": [5, 0], "car_611": [8, 2], "car_610": [3, 5], "car_613": [4, 7], "car_612": [1, 6], "car_4824": [7, 2], "car_2151": [7, 2], "car_3775": [4, 5], "car_4509": [1, 7], "car_3118": [7, 5], "car_3119": [10, 6], "car_3116": [1, 7], "car_3117": [4, 7], "car_3114": [8, 1], "car_3115": [11, 4], "car_3112": [9, 7], "car_3113": [0, 4], "car_3110": [5, 1], "car_3111": [6, 7], "car_2704": [5, 0], "car_4674": [8, 7], "car_2705": [3, 6], "car_4586": [8, 0], "car_3678": [11, 7], "car_2706": [11, 4], "car_4591": [2, 0], "car_2150": [4, 2], "car_4555": [1, 3], "car_2707": [1, 5], "car_2069": [3, 0], "car_2068": [0, 1], "car_2702": [4, 3], "car_2703": [10, 2], "car_4778": [0, 3], "car_4632": [8, 1], "car_769": [10, 6], "car_768": [7, 4], "car_2567": [0, 3], "car_4545": [11, 6], "car_761": [5, 6], "car_760": [10, 0], "car_763": [0, 7], "car_762": [9, 4], "car_765": [8, 5], "car_764": [3, 6], "car_767": [4, 2], "car_766": [11, 3], "car_2216": [4, 1], "car_4428": [11, 1], "car_2217": [10, 3], "car_4540": [7, 0], "car_2330": [5, 7], "car_4832": [2, 0], "car_2214": [3, 5], "car_4541": [10, 1], "car_4800": [5, 0], "car_4070": [0, 5], "car_2215": [8, 3], "car_4542": [0, 3], "car_4957": [10, 4], "car_2212": [9, 5], "car_4543": [3, 0], "car_2213": [0, 5], "car_4424": [2, 6], "car_4423": [7, 0], "car_2210": [2, 7], "car_4422": [4, 3], "car_4151": [10, 6], "car_2211": [5, 6], "car_575": [4, 6], "car_3374": [9, 4], "car_4549": [2, 6], "car_4201": [2, 1], "car_4425": [5, 1], "car_4381": [8, 7], "car_4142": [3, 5], "car_1305": [11, 6], "car_1304": [0, 7], "car_1307": [10, 4], "car_1306": [4, 7], "car_1301": [7, 0], "car_1300": [4, 7], "car_1303": [5, 0], "car_1302": [2, 3], "car_4675": [1, 5], "car_3909": [9, 7], "car_1309": [5, 2], "car_1308": [2, 4], "car_3832": [3, 5], "car_3760": [9, 4], "car_389": [6, 3], "car_388": [5, 0], "car_387": [2, 4], "car_386": [10, 5], "car_385": [7, 1], "car_384": [4, 1], "car_383": [1, 0], "car_382": [11, 6], "car_381": [8, 1], "car_380": [3, 4], "car_141": [10, 3], "car_140": [7, 6], "car_143": [5, 4], "car_142": [2, 7], "car_145": [8, 0], "car_144": [6, 7], "car_147": [1, 5], "car_146": [11, 7], "car_149": [10, 6], "car_148": [4, 1], "car_4043": [6, 2], "car_4042": [5, 6], "car_2407": [11, 1], "car_4044": [9, 7], "car_4047": [11, 7], "car_4046": [8, 6], "car_1279": [1, 7], "car_1278": [3, 4], "car_4313": [10, 0], "car_4312": [1, 0], "car_4315": [5, 7], "car_4314": [2, 0], "car_4317": [0, 3], "car_4316": [6, 7], "car_1271": [3, 1], "car_1270": [0, 7], "car_1273": [11, 6], "car_1272": [8, 6], "car_1275": [7, 0], "car_1274": [1, 4], "car_1277": [9, 4], "car_1276": [6, 2], "car_4984": [5, 6], "car_2326": [4, 1], "car_4501": [7, 0], "car_4956": [7, 1], "car_4987": [0, 2], "car_2847": [7, 6], "car_3671": [8, 1], "car_4771": [11, 2], "car_2327": [7, 1], "car_4502": [10, 6], "car_4958": [5, 0], "car_4229": [5, 2], "car_4228": [2, 0], "car_4305": [7, 0], "car_4225": [11, 3], "car_3912": [8, 4], "car_4227": [7, 3], "car_4226": [1, 5], "car_4221": [2, 5], "car_4220": [7, 5], "car_4223": [6, 0], "car_4222": [5, 0], "car_3491": [11, 0], "car_1059": [10, 0], "car_1058": [4, 7], "car_1055": [3, 1], "car_1054": [0, 2], "car_1057": [1, 3], "car_1056": [8, 6], "car_1051": [5, 7], "car_1050": [2, 6], "car_1053": [9, 1], "car_1052": [6, 4], "car_2656": [10, 2], "car_2657": [2, 6], "car_2654": [4, 5], "car_2655": [7, 5], "car_2652": [11, 6], "car_2653": [1, 0], "car_2650": [3, 0], "car_2651": [8, 4], "car_4439": [10, 6], "car_2415": [8, 3], "car_2658": [5, 2], "car_2659": [6, 3], "car_3490": [3, 1], "car_4588": [1, 7], "car_3790": [8, 3], "car_4035": [5, 4], "car_4689": [9, 5], "car_2416": [11, 1], "car_69": [11, 5], "car_68": [8, 6], "car_2438": [9, 5], "car_2439": [0, 7], "car_3431": [3, 6], "car_3430": [0, 6], "car_3433": [11, 7], "car_3432": [8, 6], "car_61": [1, 0], "car_60": [11, 4], "car_63": [10, 6], "car_62": [4, 0], "car_65": [6, 1], "car_64": [2, 4], "car_67": [0, 2], "car_66": [9, 1], "car_1693": [5, 1], "car_1692": [2, 7], "car_1691": [7, 6], "car_1690": [1, 4], "car_1697": [3, 4], "car_1696": [0, 5], "car_969": [8, 0], "car_968": [3, 1], "car_967": [0, 1], "car_966": [9, 1], "car_965": [6, 1], "car_964": [5, 2], "car_963": [2, 6], "car_962": [7, 2], "car_961": [1, 4], "car_960": [11, 1], "car_1451": [4, 5], "car_1450": [1, 3], "car_1453": [2, 0], "car_1452": [10, 3], "car_1455": [0, 6], "car_1454": [9, 3], "car_1457": [11, 6], "car_1456": [8, 2], "car_1459": [10, 5], "car_1458": [7, 4], "car_4506": [3, 0], "car_3937": [0, 7], "car_3707": [6, 3], "car_3541": [6, 7], "car_2410": [7, 6], "car_2837": [3, 4], "car_4449": [7, 5], "car_3428": [5, 4], "car_3329": [4, 1], "car_3328": [11, 5], "car_3429": [9, 0], "car_3175": [2, 3], "car_3321": [7, 2], "car_3320": [1, 3], "car_3323": [6, 1], "car_3322": [2, 5], "car_3325": [0, 7], "car_3279": [6, 0], "car_3327": [8, 1], "car_3326": [3, 5], "car_3278": [5, 0], "car_2411": [5, 3], "car_3547": [9, 2], "car_2508": [10, 4], "car_2509": [2, 3], "car_2506": [6, 0], "car_2507": [3, 4], "car_2504": [4, 2], "car_2505": [2, 0], "car_2502": [0, 2], "car_2503": [1, 0], "car_2500": [6, 2], "car_2501": [9, 2], "car_2737": [9, 7], "car_1680": [11, 2], "car_1681": [4, 7], "car_4009": [3, 1], "car_3705": [10, 6], "car_3173": [1, 0], "car_1682": [7, 2], "car_1683": [10, 4], "car_4442": [6, 5], "car_3903": [4, 2], "car_3272": [5, 6], "car_1684": [2, 6], "car_2736": [6, 4], "car_1685": [9, 5], "car_1891": [5, 2], "car_3270": [1, 0], "car_1686": [0, 5], "car_1890": [10, 5], "car_3704": [4, 2], "car_1687": [3, 6], "car_1893": [9, 1], "car_545": [2, 1], "car_544": [10, 1], "car_547": [8, 2], "car_546": [0, 6], "car_541": [11, 7], "car_540": [8, 6], "car_543": [4, 2], "car_542": [1, 7], "car_3215": [2, 7], "car_1895": [8, 1], "car_3217": [6, 5], "car_3216": [5, 6], "car_549": [10, 1], "car_548": [1, 5], "car_819": [1, 7], "car_818": [11, 3], "car_2344": [8, 3], "car_2345": [10, 2], "car_2346": [6, 1], "car_2347": [9, 2], "car_2340": [6, 5], "car_1897": [1, 4], "car_2342": [0, 3], "car_2343": [3, 2], "car_2405": [3, 0], "car_1896": [11, 4], "car_2348": [0, 6], "car_2349": [1, 3], "car_4710": [3, 2], "car_3699": [0, 6], "car_3698": [9, 5], "car_3691": [3, 0], "car_3690": [0, 4], "car_3693": [11, 0], "car_3692": [8, 1], "car_3695": [7, 1], "car_3694": [4, 0], "car_33": [8, 2], "car_3696": [5, 6], "car_1767": [4, 1], "car_3702": [11, 0], "car_1766": [1, 4], "car_4682": [8, 7], "car_4218": [1, 4], "car_4838": [10, 4], "car_1765": [11, 0], "car_4219": [4, 7], "car_3498": [3, 1], "car_608": [6, 7], "car_609": [9, 1], "car_4840": [6, 3], "car_2941": [4, 5], "car_602": [11, 2], "car_603": [1, 7], "car_600": [0, 1], "car_601": [8, 2], "car_606": [10, 2], "car_607": [2, 6], "car_604": [4, 1], "car_605": [7, 0], "car_3101": [4, 6], "car_3100": [11, 5], "car_3103": [2, 5], "car_3102": [10, 5], "car_3105": [3, 0], "car_1761": [6, 3], "car_3107": [4, 2], "car_3106": [11, 5], "car_3109": [2, 4], "car_3108": [7, 3], "car_1760": [5, 1], "car_4350": [7, 5], "car_4768": [2, 4], "car_4872": [4, 3], "car_4180": [2, 5], "car_2799": [3, 5], "car_3700": [3, 5], "car_4433": [9, 4], "car_4901": [10, 1], "car_776": [1, 2], "car_777": [4, 5], "car_774": [3, 0], "car_775": [8, 7], "car_772": [9, 0], "car_773": [0, 7], "car_770": [2, 1], "car_771": [5, 1], "car_4551": [6, 0], "car_1768": [10, 3], "car_778": [7, 2], "car_779": [10, 6], "car_4468": [2, 3], "car_4434": [0, 2], "car_2418": [2, 3], "car_2880": [6, 3], "car_4338": [0, 4], "car_1750": [2, 0], "car_3941": [10, 7], "car_4448": [4, 2], "car_3940": [4, 1], "car_4686": [10, 3], "car_4435": [3, 6], "car_2419": [5, 6], "car_4713": [4, 5], "car_4717": [8, 0], "car_3293": [5, 0], "car_4935": [2, 0], "car_4383": [1, 4], "car_4900": [7, 0], "car_4436": [8, 0], "car_4839": [5, 3], "car_3664": [1, 7], "car_3292": [10, 5], "car_3949": [4, 5], "car_3948": [1, 2], "car_4547": [7, 6], "car_4532": [8, 6], "car_4684": [4, 5], "car_4437": [11, 2], "car_3251": [2, 0], "car_1994": [6, 5], "car_1995": [0, 7], "car_1996": [3, 5], "car_1997": [8, 5], "car_1990": [4, 5], "car_1991": [10, 0], "car_1992": [2, 5], "car_1993": [5, 7], "car_4148": [3, 7], "car_4149": [11, 0], "car_1998": [11, 0], "car_1999": [1, 5], "car_2846": [11, 7], "car_4499": [1, 0], "car_3682": [6, 0], "car_3250": [10, 2], "car_3728": [7, 0], "car_1842": [7, 2], "car_1806": [8, 3], "car_1840": [8, 4], "car_1841": [4, 7], "car_398": [1, 5], "car_399": [4, 1], "car_1844": [2, 0], "car_1807": [11, 6], "car_394": [10, 4], "car_395": [6, 5], "car_396": [3, 6], "car_397": [8, 1], "car_390": [9, 3], "car_391": [3, 5], "car_392": [8, 7], "car_393": [7, 4], "car_4369": [2, 6], "car_3725": [8, 6], "car_4671": [7, 3], "car_4038": [3, 7], "car_4039": [4, 2], "car_158": [5, 6], "car_159": [6, 7], "car_156": [7, 6], "car_157": [10, 3], "car_154": [3, 2], "car_155": [4, 7], "car_152": [9, 6], "car_153": [0, 2], "car_150": [2, 1], "car_151": [6, 3], "car_3667": [6, 4], "car_4365": [3, 4], "car_4366": [11, 7], "car_3726": [11, 0], "car_1208": [0, 3], "car_1209": [3, 2], "car_4362": [2, 1], "car_4363": [5, 4], "car_1204": [7, 0], "car_1205": [10, 7], "car_1206": [2, 5], "car_1207": [5, 4], "car_1200": [3, 2], "car_1201": [8, 5], "car_1202": [11, 7], "car_1203": [4, 6], "car_4171": [5, 1], "car_2601": [2, 4], "car_2403": [5, 4], "car_4170": [2, 6], "car_3252": [5, 2], "car_3926": [10, 5], "car_3722": [10, 1], "car_4678": [6, 0], "car_3660": [6, 5], "car_4760": [9, 6], "car_4172": [0, 7], "car_4852": [9, 2], "car_3334": [6, 5], "car_4174": [8, 4], "car_3708": [9, 7], "car_4783": [5, 0], "car_4780": [7, 0], "car_3335": [9, 7], "car_4786": [1, 6], "car_1808": [1, 6], "car_4784": [6, 3], "car_3255": [3, 7], "car_4966": [6, 4], "car_3332": [2, 7], "car_4788": [7, 3], "car_1809": [4, 3], "car_3661": [0, 3], "car_4963": [11, 4], "car_4960": [0, 2], "car_3333": [5, 6], "car_2649": [5, 2], "car_2612": [3, 4], "car_4568": [11, 4], "car_4438": [7, 1], "car_4701": [0, 2], "car_2613": [8, 3], "car_2641": [9, 3], "car_2640": [5, 1], "car_2643": [3, 7], "car_2642": [0, 3], "car_2645": [11, 3], "car_2644": [8, 4], "car_2647": [7, 4], "car_2646": [4, 6], "car_1510": [11, 1], "car_1511": [1, 4], "car_1512": [4, 6], "car_1513": [7, 2], "car_1514": [5, 2], "car_1515": [6, 3], "car_1516": [9, 2], "car_1517": [0, 4], "car_1518": [3, 6], "car_1519": [11, 2], "car_3662": [3, 6], "car_4763": [8, 0], "car_4764": [11, 6], "car_2531": [1, 7], "car_4766": [4, 6], "car_2965": [2, 3], "car_2530": [8, 1], "car_2966": [0, 6], "car_3366": [0, 7], "car_4698": [10, 1], "car_2537": [3, 1], "car_2967": [3, 1], "car_2536": [0, 1], "car_2968": [8, 2], "car_2855": [4, 2], "car_4976": [5, 6], "car_1198": [9, 7], "car_1199": [0, 6], "car_2969": [1, 5], "car_1194": [7, 2], "car_1195": [10, 5], "car_1196": [2, 1], "car_1197": [5, 7], "car_1190": [3, 2], "car_1191": [11, 5], "car_1192": [1, 5], "car_1193": [4, 7], "car_3916": [7, 3], "car_3917": [10, 3], "car_3914": [1, 4], "car_2619": [0, 4], "car_2429": [6, 5], "car_2428": [2, 0], "car_3910": [0, 4], "car_3911": [3, 7], "car_2425": [4, 7], "car_2424": [1, 2], "car_2427": [10, 2], "car_2426": [7, 1], "car_2421": [0, 2], "car_2126": [2, 5], "car_2423": [11, 7], "car_2422": [3, 2], "car_2856": [7, 1], "car_2127": [5, 3], "car_978": [0, 4], "car_979": [3, 7], "car_974": [2, 4], "car_975": [5, 3], "car_976": [6, 4], "car_977": [9, 6], "car_970": [11, 4], "car_971": [4, 3], "car_972": [7, 2], "car_973": [10, 2], "car_1424": [6, 0], "car_1425": [9, 1], "car_1426": [3, 2], "car_1427": [8, 3], "car_1420": [11, 4], "car_1421": [10, 4], "car_1422": [2, 7], "car_1423": [5, 7], "car_2402": [2, 6], "car_1428": [1, 3], "car_1429": [2, 0], "car_2857": [10, 5], "car_3259": [6, 0], "car_4752": [11, 7], "car_4765": [1, 4], "car_4937": [0, 4], "car_4335": [2, 5], "car_4754": [4, 3], "car_3593": [7, 2], "car_4902": [2, 4], "car_3358": [1, 2], "car_3359": [4, 6], "car_3354": [7, 5], "car_2128": [8, 0], "car_3356": [6, 5], "car_3357": [3, 1], "car_3350": [3, 7], "car_3258": [7, 2], "car_3352": [11, 7], "car_2129": [11, 2], "car_2511": [9, 2], "car_2510": [6, 3], "car_2513": [3, 7], "car_2512": [0, 6], "car_2515": [1, 7], "car_2514": [11, 0], "car_2517": [7, 0], "car_2516": [4, 6], "car_2519": [6, 2], "car_2518": [5, 4], "car_3590": [3, 7], "car_3591": [11, 1], "car_3596": [6, 3], "car_3597": [9, 1], "car_3594": [10, 3], "car_3595": [2, 6], "car_1738": [8, 5], "car_1739": [11, 2], "car_1730": [3, 7], "car_1731": [8, 0], "car_1732": [1, 5], "car_1733": [2, 1], "car_1734": [5, 4], "car_1735": [6, 2], "car_1736": [0, 7], "car_1737": [3, 7], "car_54": [7, 5], "car_55": [10, 2], "car_56": [5, 1], "car_57": [6, 4], "car_50": [0, 4], "car_51": [3, 7], "car_52": [11, 0], "car_53": [1, 6], "car_4507": [8, 7], "car_58": [9, 1], "car_59": [0, 3], "car_4954": [1, 2], "car_2609": [7, 4], "car_552": [6, 5], "car_805": [9, 6], "car_550": [2, 6], "car_551": [5, 1], "car_556": [10, 1], "car_557": [2, 7], "car_554": [8, 6], "car_555": [7, 0], "car_3776": [7, 2], "car_3777": [10, 5], "car_558": [5, 2], "car_559": [9, 6], "car_808": [8, 5], "car_809": [11, 0], "car_3770": [9, 4], "car_3771": [3, 1], "car_2357": [4, 3], "car_2356": [11, 5], "car_2355": [0, 6], "car_2354": [6, 3], "car_2353": [5, 2], "car_2352": [2, 4], "car_2351": [10, 7], "car_2350": [4, 5], "car_2359": [5, 7], "car_2358": [2, 0], "car_4117": [10, 0], "car_1757": [4, 3], "car_4445": [3, 0], "car_4895": [9, 3], "car_3672": [7, 0], "car_4936": [9, 6], "car_3710": [3, 5], "car_2339": [5, 4], "car_4690": [0, 3], "car_3709": [0, 7], "car_2469": [7, 0], "car_4898": [11, 7], "car_4855": [4, 1], "car_3174": [7, 0], "car_2915": [1, 2], "car_3176": [5, 4], "car_3177": [0, 4], "car_3170": [3, 1], "car_3171": [8, 6], "car_3172": [11, 0], "car_2914": [11, 0], "car_3178": [3, 1], "car_3179": [8, 6], "car_3711": [8, 1], "car_3369": [4, 0], "car_4691": [3, 1], "car_4359": [4, 6], "car_2468": [11, 3], "car_3437": [10, 0], "car_3747": [4, 2], "car_4843": [3, 1], "car_4328": [6, 0], "car_4876": [6, 2], "car_703": [9, 4], "car_702": [6, 4], "car_701": [5, 1], "car_700": [2, 4], "car_707": [4, 7], "car_706": [11, 6], "car_705": [8, 5], "car_704": [0, 1], "car_709": [6, 2], "car_708": [7, 3], "car_3436": [7, 6], "car_3008": [2, 0], "car_3009": [5, 7], "car_4329": [9, 1], "car_3000": [2, 5], "car_3001": [5, 0], "car_3002": [9, 1], "car_3003": [3, 7], "car_3004": [8, 7], "car_3005": [11, 6], "car_3006": [1, 2], "car_3007": [7, 5], "car_2221": [3, 0], "car_4353": [6, 3], "car_4247": [7, 2], "car_2308": [4, 6], "car_4116": [7, 1], "car_3619": [8, 7], "car_4773": [10, 0], "car_2400": [7, 4], "car_3751": [6, 2], "car_2309": [10, 0], "car_3201": [11, 6], "car_3754": [8, 7], "car_3755": [11, 2], "car_4496": [6, 0], "car_3756": [1, 5], "car_3757": [4, 6], "car_4815": [4, 1], "car_1987": [8, 1], "car_1986": [3, 0], "car_1985": [0, 7], "car_1984": [6, 3], "car_1983": [10, 2], "car_1982": [4, 2], "car_1981": [1, 4], "car_1980": [11, 6], "car_4159": [1, 7], "car_4158": [11, 7], "car_4696": [11, 0], "car_1989": [1, 2], "car_1988": [11, 6], "car_4918": [10, 7], "car_4827": [5, 6], "car_2768": [5, 0], "car_1855": [5, 0], "car_1796": [6, 3], "car_1857": [9, 5], "car_1856": [6, 2], "car_1851": [11, 5], "car_1850": [8, 0], "car_1853": [7, 5], "car_1797": [0, 6], "car_4805": [1, 3], "car_4804": [11, 0], "car_4807": [7, 4], "car_2336": [4, 2], "car_1859": [3, 7], "car_1794": [2, 4], "car_4803": [8, 4], "car_4802": [3, 2], "car_2230": [11, 0], "car_129": [7, 3], "car_128": [4, 0], "car_4368": [4, 6], "car_4029": [3, 1], "car_2231": [7, 5], "car_123": [6, 7], "car_122": [5, 1], "car_121": [10, 1], "car_120": [7, 6], "car_127": [1, 3], "car_126": [11, 6], "car_125": [3, 6], "car_124": [9, 7], "car_4377": [2, 0], "car_4153": [6, 3], "car_4375": [7, 5], "car_4374": [11, 6], "car_3718": [3, 0], "car_1790": [8, 5], "car_1219": [3, 2], "car_1218": [0, 5], "car_1217": [9, 7], "car_1216": [6, 0], "car_1215": [5, 4], "car_1214": [10, 5], "car_1213": [4, 6], "car_1212": [1, 2], "car_1211": [11, 5], "car_1210": [8, 5], "car_1415": [7, 5], "car_4150": [4, 7], "car_1414": [4, 6], "car_4157": [8, 3], "car_1417": [2, 5], "car_4156": [3, 5], "car_4266": [5, 3], "car_3719": [8, 1], "car_1416": [10, 7], "car_4155": [0, 6], "car_1411": [5, 6], "car_4154": [9, 0], "car_3959": [9, 6], "car_1410": [2, 7], "car_237": [4, 0], "car_236": [1, 6], "car_235": [11, 6], "car_234": [8, 5], "car_233": [6, 1], "car_232": [5, 6], "car_231": [2, 5], "car_230": [10, 3], "car_4979": [1, 4], "car_4978": [11, 0], "car_3372": [5, 6], "car_1412": [8, 2], "car_4799": [2, 0], "car_4798": [10, 4], "car_239": [10, 1], "car_238": [7, 1], "car_2988": [7, 0], "car_2989": [10, 6], "car_2638": [4, 6], "car_2639": [7, 6], "car_2634": [3, 6], "car_2635": [8, 2], "car_2636": [11, 1], "car_2637": [1, 7], "car_2630": [2, 0], "car_2631": [6, 7], "car_2632": [9, 7], "car_2633": [0, 1], "car_1503": [1, 6], "car_1502": [8, 7], "car_1501": [3, 2], "car_1500": [4, 0], "car_1507": [9, 5], "car_1506": [2, 5], "car_1505": [10, 0], "car_1504": [4, 7], "car_3373": [6, 5], "car_4772": [7, 6], "car_1509": [3, 6], "car_1508": [0, 1], "car_4777": [9, 1], "car_4776": [6, 0], "car_4775": [5, 4], "car_3825": [7, 0], "car_4498": [11, 7], "car_4916": [4, 3], "car_4367": [1, 6], "car_4812": [0, 7], "car_4854": [11, 2], "car_3439": [5, 4], "car_3745": [11, 1], "car_4489": [3, 5], "car_4488": [6, 5], "car_4322": [10, 7], "car_1189": [6, 3], "car_1188": [5, 7], "car_1187": [2, 3], "car_1186": [10, 3], "car_1185": [8, 6], "car_1184": [3, 1], "car_1183": [0, 2], "car_1182": [9, 4], "car_1181": [5, 0], "car_1180": [2, 5], "car_2182": [11, 4], "car_2183": [1, 7], "car_2180": [9, 6], "car_2181": [3, 5], "car_2186": [2, 3], "car_2187": [5, 4], "car_2184": [4, 7], "car_2185": [10, 2], "car_3438": [2, 3], "car_2188": [6, 7], "car_2189": [9, 5], "car_949": [11, 0], "car_948": [8, 3], "car_2742": [1, 4], "car_2743": [2, 0], "car_2744": [9, 5], "car_2745": [0, 7], "car_2746": [3, 5], "car_2747": [8, 3], "car_941": [4, 6], "car_940": [8, 0], "car_943": [10, 7], "car_942": [7, 0], "car_945": [5, 7], "car_944": [2, 1], "car_947": [3, 5], "car_946": [9, 3], "car_1437": [7, 5], "car_1436": [4, 6], "car_1435": [8, 5], "car_1434": [3, 6], "car_1433": [0, 2], "car_1432": [9, 6], "car_1431": [6, 2], "car_1430": [5, 4], "car_1439": [6, 5], "car_1438": [5, 3], "car_3501": [4, 5], "car_2238": [5, 1], "car_4114": [1, 2], "car_2823": [3, 7], "car_4446": [8, 3], "car_493": [11, 1], "car_492": [8, 3], "car_491": [3, 2], "car_490": [0, 4], "car_497": [2, 6], "car_496": [10, 1], "car_495": [4, 6], "car_494": [1, 5], "car_3347": [2, 6], "car_3346": [7, 2], "car_499": [6, 7], "car_498": [5, 0], "car_3343": [0, 7], "car_3342": [9, 3], "car_3341": [4, 5], "car_3340": [1, 5], "car_2296": [0, 4], "car_2297": [3, 0], "car_2294": [6, 7], "car_2239": [9, 1], "car_2292": [10, 3], "car_2293": [5, 4], "car_2290": [8, 0], "car_2291": [4, 1], "car_3585": [10, 1], "car_1918": [6, 5], "car_3587": [6, 5], "car_3586": [5, 0], "car_2568": [3, 4], "car_2569": [8, 1], "car_2298": [8, 4], "car_1919": [9, 7], "car_1729": [0, 3], "car_1728": [6, 2], "car_1723": [0, 3], "car_1722": [9, 2], "car_1721": [6, 3], "car_1720": [5, 6], "car_1727": [5, 3], "car_1726": [2, 4], "car_1725": [7, 5], "car_1724": [3, 0], "car_43": [8, 4], "car_42": [3, 0], "car_41": [0, 7], "car_40": [9, 5], "car_47": [5, 4], "car_46": [2, 6], "car_45": [4, 5], "car_44": [11, 6], "car_3901": [8, 5], "car_3900": [3, 2], "car_49": [9, 3], "car_48": [6, 0], "car_3905": [10, 4], "car_1916": [2, 6], "car_3907": [5, 1], "car_3906": [2, 3], "car_3365": [9, 1], "car_1917": [5, 3], "car_4940": [10, 2], "car_4844": [8, 7], "car_3364": [6, 0], "car_4801": [9, 5], "car_3761": [0, 5], "car_3375": [3, 0], "car_3367": [3, 7], "car_1858": [0, 5], "car_831": [7, 3], "car_830": [4, 5], "car_833": [2, 5], "car_832": [10, 2], "car_835": [6, 5], "car_834": [5, 1], "car_837": [0, 2], "car_836": [9, 0], "car_839": [8, 7], "car_838": [3, 5], "car_2360": [6, 0], "car_2361": [9, 3], "car_2366": [10, 0], "car_2367": [2, 5], "car_2364": [8, 3], "car_2365": [7, 5], "car_2168": [10, 1], "car_2169": [2, 6], "car_3509": [1, 2], "car_3815": [3, 2], "car_2160": [10, 2], "car_2161": [6, 2], "car_2162": [9, 6], "car_2163": [0, 7], "car_2164": [8, 6], "car_2165": [11, 3], "car_2166": [1, 3], "car_2167": [4, 2], "car_2810": [10, 6], "car_2811": [2, 4], "car_4871": [1, 3], "car_2812": [5, 6], "car_4311": [11, 7], "car_2813": [6, 0], "car_3763": [8, 6], "car_1941": [0, 4], "car_2814": [9, 4], "car_4028": [0, 3], "car_3055": [1, 4], "car_2815": [0, 7], "car_4027": [9, 5], "car_2544": [8, 0], "car_3235": [5, 3], "car_2817": [11, 7], "car_4025": [5, 0], "car_3167": [2, 5], "car_3166": [4, 6], "car_3165": [1, 6], "car_3164": [11, 0], "car_3163": [0, 5], "car_3162": [9, 4], "car_3161": [6, 4], "car_3160": [2, 1], "car_4023": [10, 2], "car_4785": [11, 7], "car_2463": [5, 4], "car_3169": [6, 7], "car_3168": [5, 0], "car_2462": [10, 4], "car_3980": [11, 4], "car_4021": [1, 5], "car_3309": [9, 5], "car_4020": [3, 0], "car_3565": [11, 0], "car_4376": [10, 6], "car_3933": [11, 7], "car_710": [3, 0], "car_711": [8, 6], "car_712": [11, 1], "car_713": [1, 2], "car_714": [4, 6], "car_715": [7, 6], "car_716": [10, 6], "car_717": [2, 5], "car_718": [5, 4], "car_719": [6, 1], "car_4847": [4, 6], "car_4372": [3, 4], "car_1892": [6, 7], "car_3019": [10, 4], "car_3018": [7, 3], "car_4224": [9, 0], "car_3028": [2, 1], "car_3013": [3, 4], "car_3012": [0, 1], "car_3011": [9, 1], "car_3010": [6, 0], "car_3017": [4, 3], "car_3016": [1, 7], "car_3015": [11, 3], "car_2987": [4, 1], "car_3923": [11, 2], "car_3508": [11, 7], "car_3989": [10, 6], "car_3421": [6, 1], "car_4494": [10, 6], "car_4273": [10, 1], "car_4857": [10, 5], "car_4379": [9, 7], "car_4809": [5, 0], "car_4378": [5, 6], "car_1894": [3, 2], "car_4579": [3, 1], "car_4495": [2, 3], "car_4440": [2, 3], "car_4932": [11, 3], "car_4517": [11, 3], "car_4808": [2, 3], "car_3769": [6, 1], "car_4166": [11, 3], "car_4167": [1, 3], "car_4164": [6, 0], "car_4165": [8, 0], "car_4162": [2, 4], "car_4163": [5, 4], "car_4160": [7, 0], "car_4161": [10, 5], "car_4492": [1, 3], "car_4168": [4, 1], "car_4169": [7, 6], "car_2895": [11, 3], "car_3368": [11, 5], "car_4493": [7, 1], "car_4811": [9, 4], "car_138": [1, 3], "car_139": [4, 3], "car_4010": [8, 4], "car_4011": [11, 7], "car_4016": [2, 7], "car_4017": [5, 1], "car_4014": [7, 1], "car_4015": [10, 3], "car_130": [10, 4], "car_131": [2, 7], "car_132": [6, 2], "car_133": [9, 6], "car_134": [0, 5], "car_135": [3, 7], "car_136": [8, 3], "car_137": [11, 1], "car_1222": [10, 1], "car_1223": [5, 4], "car_1220": [1, 2], "car_1221": [7, 4], "car_1226": [3, 7], "car_1227": [11, 6], "car_1224": [9, 0], "car_1225": [0, 4], "car_1886": [11, 4], "car_1887": [1, 3], "car_1228": [1, 7], "car_1229": [4, 5], "car_1882": [9, 5], "car_1883": [0, 7], "car_1880": [2, 1], "car_1881": [6, 4], "car_2621": [8, 6], "car_3625": [3, 0], "car_3988": [1, 5], "car_5002": [6, 1], "car_224": [5, 7], "car_225": [6, 3], "car_226": [0, 4], "car_227": [3, 6], "car_220": [11, 1], "car_221": [4, 5], "car_222": [7, 0], "car_223": [2, 5], "car_228": [11, 6], "car_229": [1, 4], "car_1086": [4, 7], "car_1087": [7, 1], "car_1084": [8, 5], "car_1085": [11, 2], "car_1082": [0, 7], "car_1083": [3, 1], "car_1080": [6, 4], "car_1081": [9, 5], "car_2627": [8, 0], "car_2626": [2, 1], "car_2625": [10, 4], "car_2624": [7, 0], "car_2623": [4, 5], "car_2622": [1, 5], "car_1088": [10, 2], "car_1089": [2, 4], "car_1536": [1, 7], "car_1537": [7, 1], "car_1534": [9, 4], "car_1535": [11, 5], "car_1532": [10, 2], "car_1533": [2, 3], "car_1530": [4, 5], "car_1531": [7, 4], "car_4746": [10, 1], "car_4747": [2, 1], "car_4744": [4, 5], "car_4745": [7, 1], "car_4742": [11, 7], "car_4743": [1, 6], "car_1538": [10, 0], "car_1539": [2, 4], "car_4795": [11, 0], "car_3512": [2, 3], "car_4794": [8, 6], "car_4806": [4, 6], "car_4703": [8, 3], "car_4797": [7, 6], "car_4348": [11, 2], "car_4349": [4, 7], "car_4342": [10, 4], "car_4343": [2, 4], "car_4340": [8, 2], "car_4341": [1, 4], "car_4346": [9, 1], "car_4347": [0, 7], "car_4344": [5, 7], "car_4345": [6, 3], "car_956": [9, 0], "car_957": [0, 4], "car_954": [5, 7], "car_955": [6, 3], "car_952": [7, 6], "car_953": [10, 1], "car_950": [1, 2], "car_951": [4, 7], "car_4593": [0, 5], "car_1827": [1, 5], "car_2199": [11, 6], "car_2198": [3, 2], "car_958": [3, 6], "car_959": [8, 1], "car_1158": [7, 5], "car_1159": [10, 6], "car_1408": [11, 5], "car_1409": [4, 1], "car_2757": [11, 1], "car_2756": [8, 5], "car_2755": [3, 0], "car_1829": [2, 7], "car_1150": [2, 4], "car_1151": [5, 2], "car_1152": [9, 6], "car_1153": [0, 3], "car_1154": [3, 2], "car_1155": [8, 7], "car_1156": [1, 7], "car_1157": [4, 3], "car_2532": [10, 3], "car_2380": [4, 5], "car_3510": [4, 0], "car_4657": [6, 1], "car_2764": [1, 7], "car_4592": [5, 7], "car_2381": [7, 2], "car_4650": [11, 5], "car_2382": [10, 6], "car_4651": [1, 5], "car_2383": [2, 7], "car_4652": [4, 2], "car_1826": [11, 0], "car_3314": [4, 2], "car_4653": [7, 6], "car_3315": [2, 4], "car_480": [5, 0], "car_481": [6, 5], "car_482": [9, 0], "car_483": [0, 3], "car_484": [3, 0], "car_485": [1, 5], "car_486": [4, 1], "car_487": [7, 2], "car_488": [10, 7], "car_489": [5, 0], "car_2283": [1, 7], "car_2282": [8, 6], "car_2285": [7, 5], "car_2284": [4, 1], "car_2287": [5, 3], "car_2286": [10, 6], "car_2577": [6, 2], "car_853": [5, 6], "car_2575": [2, 3], "car_2574": [10, 4], "car_2573": [7, 4], "car_2572": [4, 3], "car_2571": [1, 6], "car_852": [2, 1], "car_3578": [7, 5], "car_3579": [10, 6], "car_851": [7, 4], "car_2579": [3, 4], "car_2578": [9, 7], "car_4590": [7, 3], "car_582": [3, 7], "car_4711": [8, 5], "car_1718": [10, 5], "car_1719": [2, 3], "car_1716": [4, 3], "car_857": [8, 5], "car_1714": [8, 0], "car_1715": [1, 4], "car_1712": [0, 2], "car_1713": [3, 7], "car_1710": [6, 1], "car_856": [3, 7], "car_2982": [9, 0], "car_1828": [7, 5], "car_3978": [9, 0], "car_855": [0, 3], "car_4584": [5, 1], "car_2983": [0, 6], "car_3974": [7, 5], "car_3975": [10, 4], "car_3976": [2, 0], "car_854": [6, 2], "car_3970": [3, 1], "car_2980": [5, 4], "car_3972": [11, 4], "car_3973": [4, 7], "car_4597": [7, 2], "car_4700": [9, 1], "car_2981": [6, 7], "car_2739": [3, 6], "car_4757": [2, 0], "car_2738": [0, 3], "car_3714": [10, 3], "car_3715": [2, 6], "car_3716": [9, 6], "car_3494": [10, 0], "car_2379": [11, 6], "car_2378": [0, 2], "car_828": [8, 3], "car_829": [11, 7], "car_826": [0, 4], "car_827": [3, 6], "car_824": [6, 1], "car_825": [9, 4], "car_822": [2, 7], "car_823": [5, 0], "car_820": [7, 6], "car_821": [10, 3], "car_3484": [10, 2], "car_3485": [2, 4], "car_2179": [5, 7], "car_2178": [2, 3], "car_3480": [8, 7], "car_3481": [11, 5], "car_3482": [4, 0], "car_3483": [7, 2], "car_2173": [8, 1], "car_2172": [3, 0], "car_2171": [0, 4], "car_2170": [5, 2], "car_2177": [10, 6], "car_2176": [7, 0], "car_2175": [4, 6], "car_2174": [11, 7], "car_4486": [10, 6], "car_4477": [5, 0], "car_3238": [8, 4], "car_2535": [9, 7], "car_3920": [6, 2], "car_4971": [11, 3], "car_4595": [1, 4], "car_4471": [0, 3], "car_3349": [9, 4], "car_3218": [9, 3], "car_3628": [5, 7], "car_3629": [6, 4], "car_3158": [7, 6], "car_3159": [10, 2], "car_2534": [5, 6], "car_3499": [8, 3], "car_4908": [11, 3], "car_4022": [7, 0], "car_3152": [9, 3], "car_3153": [0, 6], "car_3150": [10, 5], "car_3151": [2, 3], "car_3156": [11, 4], "car_3157": [4, 1], "car_3154": [3, 2], "car_3155": [8, 7], "car_3398": [3, 0], "car_3399": [11, 3], "car_4770": [8, 6], "car_4906": [3, 1], "car_3390": [8, 3], "car_3391": [11, 4], "car_3392": [4, 6], "car_3393": [7, 3], "car_3394": [10, 3], "car_3395": [2, 5], "car_3396": [5, 6], "car_3397": [9, 4], "car_3983": [5, 2], "car_4514": [9, 6], "car_4774": [2, 7], "car_3799": [7, 6], "car_3389": [9, 6], "car_4458": [7, 1], "car_3982": [4, 5], "car_4761": [0, 6], "car_729": [0, 3], "car_728": [9, 4], "car_725": [10, 2], "car_724": [4, 6], "car_727": [5, 3], "car_726": [2, 5], "car_721": [3, 5], "car_720": [9, 2], "car_723": [11, 1], "car_722": [8, 4], "car_3797": [11, 5], "car_2708": [4, 6], "car_3029": [0, 7], "car_3026": [1, 6], "car_3027": [4, 0], "car_3024": [8, 0], "car_3025": [11, 1], "car_3022": [0, 5], "car_3023": [3, 2], "car_3020": [2, 4], "car_3021": [9, 7], "car_3519": [4, 0], "car_4945": [3, 2], "car_4599": [5, 6], "car_2620": [3, 6], "car_3275": [4, 7], "car_4926": [2, 5], "car_1795": [5, 2], "car_4818": [6, 0], "car_4598": [2, 4], "car_3274": [11, 4], "car_4927": [5, 0], "car_1792": [1, 6], "car_4819": [9, 3], "car_3987": [11, 3], "car_3226": [6, 4], "car_4791": [5, 6], "car_1793": [4, 6], "car_3986": [3, 0], "car_3779": [9, 6], "car_4481": [3, 5], "car_2440": [3, 4], "car_4635": [4, 0], "car_4480": [0, 2], "car_4790": [2, 7], "car_4483": [1, 4], "car_105": [0, 3], "car_104": [6, 1], "car_107": [1, 6], "car_106": [11, 3], "car_101": [10, 4], "car_100": [7, 3], "car_103": [5, 4], "car_102": [2, 1], "car_1888": [4, 0], "car_4485": [7, 3], "car_109": [7, 1], "car_108": [4, 6], "car_3659": [5, 1], "car_4484": [4, 7], "car_4005": [5, 4], "car_4004": [10, 3], "car_4007": [9, 2], "car_4006": [6, 5], "car_4001": [0, 5], "car_4000": [6, 4], "car_4003": [7, 5], "car_4002": [11, 3], "car_3934": [1, 4], "car_1791": [11, 1], "car_4008": [0, 1], "car_3637": [10, 7], "car_1235": [3, 5], "car_1234": [0, 6], "car_1237": [4, 5], "car_1236": [8, 0], "car_1231": [10, 4], "car_1230": [7, 1], "car_1233": [6, 3], "car_1232": [2, 5], "car_1899": [7, 4], "car_1898": [4, 1], "car_4512": [10, 5], "car_1239": [6, 1], "car_1238": [10, 0], "car_3633": [8, 0], "car_4633": [11, 2], "car_3511": [7, 6], "car_4792": [9, 1], "car_3632": [3, 0], "car_3609": [3, 4], "car_3516": [0, 2], "car_3631": [0, 4], "car_3517": [3, 2], "car_3630": [9, 1], "car_3774": [1, 4], "car_3514": [6, 4], "car_3141": [4, 2], "car_3515": [9, 4], "car_4975": [2, 6], "car_3636": [4, 7], "car_211": [3, 1], "car_210": [0, 6], "car_213": [1, 4], "car_212": [8, 3], "car_215": [10, 7], "car_214": [4, 1], "car_217": [9, 1], "car_216": [2, 4], "car_219": [3, 7], "car_218": [0, 1], "car_4173": [3, 5], "car_3634": [11, 0], "car_4175": [11, 3], "car_3518": [8, 4], "car_4177": [4, 5], "car_2676": [9, 7], "car_1529": [1, 7], "car_1528": [11, 7], "car_2610": [2, 0], "car_2611": [0, 6], "car_2616": [5, 4], "car_2617": [6, 0], "car_2614": [11, 2], "car_2615": [10, 1], "car_1521": [7, 4], "car_1520": [1, 6], "car_1523": [2, 6], "car_1522": [10, 0], "car_1525": [9, 0], "car_1524": [6, 1], "car_1527": [3, 1], "car_1526": [0, 2], "car_4751": [3, 4], "car_4750": [0, 7], "car_4753": [1, 4], "car_3227": [9, 1], "car_4755": [7, 4], "car_2849": [6, 1], "car_2700": [11, 3], "car_4756": [10, 4], "car_4759": [6, 0], "car_4758": [5, 7], "car_2848": [2, 0], "car_3772": [8, 7], "car_2740": [8, 2], "car_3222": [4, 6], "car_4910": [7, 0], "car_2741": [11, 4], "car_3223": [10, 1], "car_2313": [9, 4], "car_2701": [1, 7], "car_4358": [1, 2], "car_2312": [6, 4], "car_4355": [0, 7], "car_4354": [9, 7], "car_4357": [11, 0], "car_4356": [8, 3], "car_4351": [2, 6], "car_2311": [5, 4], "car_3773": [11, 3], "car_4352": [5, 3], "car_923": [1, 4], "car_922": [8, 0], "car_921": [0, 4], "car_920": [9, 2], "car_927": [9, 1], "car_926": [6, 0], "car_925": [5, 2], "car_924": [2, 6], "car_2317": [1, 2], "car_929": [8, 3], "car_928": [3, 2], "car_3665": [4, 1], "car_2316": [11, 3], "car_2766": [7, 2], "car_2748": [1, 3], "car_1149": [10, 5], "car_1148": [7, 4], "car_1419": [0, 6], "car_1418": [5, 1], "car_2760": [6, 2], "car_2749": [4, 5], "car_1143": [2, 1], "car_1142": [4, 6], "car_1141": [1, 5], "car_1140": [11, 0], "car_1147": [4, 7], "car_1146": [8, 7], "car_1145": [0, 5], "car_1144": [6, 4], "car_4503": [2, 1], "car_4504": [5, 3], "car_4505": [6, 1], "car_1099": [9, 4], "car_1098": [5, 2], "car_3385": [4, 0], "car_4580": [8, 1], "car_4816": [2, 5], "car_1091": [9, 7], "car_1090": [5, 0], "car_1093": [8, 3], "car_1092": [0, 6], "car_1095": [4, 5], "car_1094": [1, 5], "car_1097": [2, 6], "car_1096": [7, 3], "car_2818": [4, 2], "car_2819": [2, 1], "car_2548": [5, 4], "car_2549": [6, 7], "car_3361": [10, 1], "car_3360": [7, 4], "car_3363": [5, 1], "car_3362": [2, 7], "car_2542": [0, 6], "car_2543": [3, 5], "car_2540": [6, 5], "car_2541": [9, 7], "car_2546": [7, 4], "car_2547": [2, 5], "car_2521": [3, 2], "car_2545": [1, 0], "car_3563": [3, 0], "car_3562": [6, 4], "car_3561": [10, 2], "car_3384": [1, 0], "car_3567": [4, 1], "car_3566": [1, 2], "car_3468": [1, 5], "car_3564": [8, 0], "car_3569": [10, 0], "car_3568": [7, 3], "car_4645": [10, 0], "car_1701": [7, 3], "car_1700": [4, 7], "car_1703": [5, 3], "car_1702": [2, 6], "car_1705": [4, 6], "car_1704": [9, 6], "car_1707": [10, 4], "car_1706": [7, 2], "car_1709": [5, 2], "car_1708": [2, 7], "car_2522": [8, 3], "car_4661": [8, 1], "car_4582": [10, 1], "car_4814": [1, 5], "car_3969": [9, 3], "car_3968": [6, 1], "car_3967": [5, 3], "car_3966": [2, 4], "car_3965": [7, 3], "car_3964": [4, 0], "car_3963": [1, 7], "car_3962": [11, 2], "car_3961": [3, 0], "car_3960": [0, 3], "car_4850": [5, 6], "car_2523": [1, 2], "car_4660": [3, 1], "car_589": [11, 3], "car_588": [3, 5], "car_859": [4, 0], "car_858": [1, 4], "car_2384": [5, 2], "car_2385": [6, 7], "car_1695": [9, 5], "car_2387": [0, 1], "car_581": [9, 2], "car_580": [6, 1], "car_583": [7, 2], "car_850": [4, 1], "car_585": [5, 7], "car_584": [10, 0], "car_587": [9, 2], "car_586": [6, 1], "car_3497": [9, 2], "car_3496": [6, 1], "car_3495": [5, 0], "car_2002": [2, 1], "car_3493": [7, 6], "car_3492": [1, 3], "car_2148": [11, 4], "car_2149": [1, 5], "car_2146": [3, 1], "car_2147": [8, 5], "car_2144": [9, 0], "car_2145": [0, 5], "car_2142": [5, 7], "car_2143": [6, 5], "car_2140": [8, 2], "car_2141": [4, 5], "car_4544": [8, 0], "car_3896": [7, 1], "car_4049": [4, 0], "car_4639": [6, 1], "car_3529": [7, 2], "car_4662": [4, 0], "car_4585": [0, 6], "car_2985": [8, 5], "car_3639": [5, 7], "car_3638": [2, 5], "car_3149": [7, 4], "car_3148": [1, 6], "car_3145": [0, 7], "car_3144": [5, 3], "car_3147": [8, 1], "car_3146": [3, 7], "car_2779": [9, 4], "car_3140": [1, 0], "car_3143": [10, 3], "car_3142": [7, 6], "car_457": [8, 1], "car_456": [3, 0], "car_455": [0, 1], "car_454": [6, 0], "car_453": [5, 6], "car_452": [10, 4], "car_451": [7, 2], "car_450": [4, 7], "car_3383": [3, 1], "car_3382": [0, 7], "car_3381": [6, 4], "car_1878": [7, 2], "car_3387": [2, 3], "car_3386": [7, 5], "car_459": [10, 7], "car_458": [11, 5], "car_1877": [1, 4], "car_4644": [4, 7], "car_1876": [8, 7], "car_2778": [6, 0], "car_2993": [0, 4], "car_1875": [3, 0], "car_1874": [0, 7], "car_4587": [11, 4], "car_1873": [6, 1], "car_1872": [10, 3], "car_738": [9, 5], "car_739": [8, 2], "car_1871": [7, 5], "car_733": [4, 3], "car_732": [1, 5], "car_32": [0, 4], "car_730": [8, 7], "car_731": [11, 6], "car_736": [5, 6], "car_737": [6, 2], "car_734": [10, 5], "car_735": [2, 6], "car_3031": [11, 0], "car_1976": [9, 1], "car_3033": [10, 5], "car_3032": [4, 2], "car_3035": [6, 3], "car_3034": [5, 2], "car_3037": [0, 5], "car_1977": [0, 3], "car_3039": [8, 7], "car_3038": [3, 2], "car_3348": [6, 0], "car_1698": [8, 3], "car_4120": [3, 1], "car_4782": [2, 6], "car_4121": [8, 1], "car_4126": [0, 5], "car_3345": [8, 7], "car_4127": [3, 0], "car_3748": [10, 1], "car_4974": [7, 6], "car_3344": [3, 4], "car_4589": [4, 0], "car_4124": [7, 1], "car_3030": [8, 0], "car_4125": [10, 0], "car_4134": [8, 5], "car_4041": [2, 6], "car_3635": [1, 5], "car_38": [10, 6], "car_4040": [10, 1], "car_39": [2, 1], "car_4128": [11, 7], "car_2564": [2, 1], "car_4129": [4, 1], "car_2565": [5, 0], "car_4045": [3, 5], "car_3036": [9, 4], "car_2566": [9, 0], "car_2295": [9, 7], "car_1978": [3, 2], "car_2560": [0, 3], "car_1979": [8, 6], "car_3523": [6, 3], "car_2561": [3, 2], "car_4258": [5, 1], "car_2562": [1, 4], "car_4259": [6, 1], "car_2563": [4, 2], "car_4708": [9, 5], "car_2443": [7, 2], "car_4709": [0, 7], "car_2442": [4, 2], "car_3998": [7, 6], "car_3522": [5, 6], "car_3351": [8, 3], "car_2441": [8, 7], "car_112": [6, 3], "car_113": [9, 1], "car_110": [10, 4], "car_111": [2, 3], "car_116": [8, 2], "car_117": [11, 7], "car_114": [0, 2], "car_115": [3, 0], "car_2447": [6, 5], "car_118": [1, 4], "car_119": [4, 3], "car_2446": [5, 0], "car_4319": [11, 2], "car_2445": [2, 7], "car_3999": [5, 2], "car_4318": [3, 1], "car_3521": [10, 7], "car_2299": [1, 5], "car_4252": [3, 1], "car_2533": [2, 5], "car_2453": [2, 5], "car_4611": [9, 2], "car_4612": [3, 4], "car_4253": [11, 1], "car_3408": [8, 4], "car_4615": [7, 2], "car_4616": [10, 6], "car_4617": [2, 4], "car_4618": [5, 7], "car_4619": [6, 7], "car_4255": [7, 3], "car_3828": [5, 7], "car_3996": [1, 5], "car_4704": [1, 2], "car_4705": [2, 4], "car_2454": [5, 4], "car_4052": [2, 1], "car_3409": [11, 1], "car_4929": [9, 5], "car_4298": [10, 0], "car_4299": [2, 6], "car_4917": [7, 6], "car_4294": [3, 4], "car_4295": [11, 1], "car_4296": [1, 7], "car_4297": [4, 2], "car_4290": [10, 6], "car_4291": [2, 3], "car_4292": [5, 7], "car_4293": [6, 1], "car_1950": [8, 4], "car_1951": [11, 0], "car_1952": [4, 2], "car_1953": [10, 2], "car_1954": [2, 3], "car_1955": [6, 1], "car_208": [2, 0], "car_209": [6, 5], "car_206": [1, 2], "car_207": [10, 6], "car_204": [9, 3], "car_205": [8, 4], "car_202": [5, 6], "car_203": [6, 0], "car_200": [7, 0], "car_201": [2, 3], "car_2605": [0, 3], "car_2604": [9, 7], "car_2607": [11, 0], "car_2606": [3, 0], "car_1558": [6, 2], "car_1559": [9, 6], "car_2603": [6, 1], "car_2602": [5, 3], "car_1554": [8, 0], "car_1555": [1, 6], "car_1556": [7, 1], "car_1557": [2, 5], "car_1550": [6, 1], "car_1551": [9, 2], "car_1552": [0, 6], "car_1553": [3, 2], "car_4724": [9, 4], "car_4725": [0, 1], "car_1398": [6, 1], "car_1399": [0, 4], "car_4720": [4, 7], "car_4721": [7, 1], "car_4722": [10, 2], "car_4723": [2, 4], "car_1392": [3, 4], "car_1393": [8, 2], "car_1390": [9, 1], "car_1391": [0, 3], "car_1396": [7, 1], "car_1397": [5, 0], "car_1394": [11, 7], "car_1395": [1, 3], "car_3862": [10, 3], "car_4915": [1, 7], "car_2598": [11, 7], "car_3544": [4, 7], "car_3404": [2, 3], "car_930": [11, 0], "car_931": [1, 5], "car_932": [4, 6], "car_933": [7, 5], "car_934": [2, 0], "car_935": [5, 3], "car_936": [6, 4], "car_937": [9, 1], "car_938": [0, 7], "car_939": [3, 6], "car_2773": [1, 0], "car_2772": [11, 2], "car_2775": [7, 0], "car_2774": [4, 0], "car_2777": [2, 4], "car_2776": [10, 2], "car_6": [5, 6], "car_7": [6, 3], "car_4": [10, 2], "car_5": [2, 6], "car_2": [11, 5], "car_3": [7, 0], "car_1178": [7, 4], "car_1": [3, 7], "car_1176": [1, 3], "car_1177": [4, 7], "car_1174": [3, 2], "car_1175": [11, 3], "car_1172": [9, 3], "car_1173": [0, 3], "car_8": [0, 4], "car_9": [3, 1], "car_3869": [7, 4], "car_3829": [6, 0], "car_3746": [1, 4], "car_3513": [5, 2], "car_3904": [7, 2], "car_3807": [11, 0], "car_3898": [6, 4], "car_3908": [6, 3], "car_4912": [6, 5], "car_4610": [6, 0], "car_3826": [10, 4], "car_3827": [2, 7], "car_2809": [4, 7], "car_2808": [11, 0], "car_2559": [6, 7], "car_2558": [7, 4], "car_3820": [2, 4], "car_3821": [5, 2], "car_2555": [3, 4], "car_2554": [0, 4], "car_2557": [1, 7], "car_2556": [11, 2], "car_2551": [5, 7], "car_2550": [0, 1], "car_2553": [9, 5], "car_2552": [6, 5], "car_3556": [6, 3], "car_3557": [9, 4], "car_3554": [2, 6], "car_3555": [5, 3], "car_3552": [4, 1], "car_3553": [7, 3], "car_3550": [11, 5], "car_3551": [1, 7], "car_4911": [5, 1], "car_3902": [1, 0], "car_3558": [3, 7], "car_3559": [8, 0], "car_1774": [11, 7], "car_1775": [1, 7], "car_1776": [7, 2], "car_1777": [10, 7], "car_1770": [9, 7], "car_1771": [0, 7], "car_1772": [3, 4], "car_1773": [8, 1], "car_3744": [8, 2], "car_4913": [9, 6], "car_1778": [2, 3], "car_1779": [5, 3], "car_98": [1, 7], "car_99": [4, 0], "car_3950": [5, 6], "car_3951": [6, 4], "car_3956": [7, 4], "car_3957": [10, 6], "car_3954": [11, 3], "car_3955": [1, 0], "car_90": [10, 7], "car_91": [2, 6], "car_92": [5, 3], "car_93": [6, 3], "car_94": [0, 6], "car_95": [3, 4], "car_96": [8, 5], "car_97": [11, 5], "car_596": [11, 2], "car_597": [4, 3], "car_594": [9, 0], "car_595": [8, 3], "car_592": [5, 0], "car_593": [6, 5], "car_590": [10, 1], "car_591": [2, 6], "car_3500": [1, 6], "car_3733": [0, 6], "car_3730": [2, 3], "car_3731": [5, 1], "car_3736": [11, 6], "car_3737": [1, 3], "car_598": [5, 0], "car_599": [6, 7], "car_848": [8, 5], "car_849": [11, 3], "car_2391": [4, 7], "car_2390": [1, 2], "car_2397": [3, 2], "car_2396": [9, 0], "car_2395": [6, 7], "car_2394": [5, 6], "car_840": [11, 4], "car_841": [1, 4], "car_842": [4, 2], "car_843": [7, 1], "car_844": [2, 5], "car_845": [5, 2], "car_846": [6, 1], "car_847": [9, 3], "car_1608": [7, 2], "car_1609": [2, 4], "car_2153": [5, 0], "car_2152": [2, 0], "car_2155": [0, 1], "car_2154": [9, 0], "car_2157": [11, 6], "car_2156": [8, 3], "car_1600": [1, 0], "car_1601": [7, 0], "car_1602": [10, 2], "car_1603": [5, 0], "car_1604": [6, 7], "car_1605": [9, 5], "car_1606": [0, 4], "car_1607": [8, 0], "car_4500": [4, 5], "car_4404": [5, 2], "car_2369": [0, 1], "car_4955": [4, 2], "car_3765": [1, 5], "car_3538": [7, 1], "car_4389": [8, 6], "car_4677": [10, 5], "car_3764": [11, 2], "car_3767": [10, 4], "car_3766": [4, 5], "car_3620": [1, 3], "car_2362": [0, 2], "car_3608": [0, 1], "car_2363": [3, 5], "car_3606": [6, 1], "car_3607": [9, 7], "car_3604": [2, 0], "car_3605": [5, 3], "car_3602": [4, 3], "car_3603": [7, 6], "car_3600": [11, 7], "car_3601": [1, 3], "car_444": [4, 3], "car_445": [10, 6], "car_446": [2, 1], "car_447": [5, 2], "car_440": [0, 5], "car_441": [3, 0], "car_442": [11, 1], "car_443": [1, 3], "car_3892": [5, 7], "car_448": [6, 7], "car_449": [0, 4], "car_2717": [4, 0], "car_2716": [1, 2], "car_3210": [0, 3], "car_4578": [9, 3], "car_4826": [2, 6], "car_2715": [11, 5], "car_2201": [4, 5], "car_2714": [3, 7], "car_2200": [1, 6], "car_5000": [2, 7], "car_2713": [9, 3], "car_4640": [9, 0], "car_2712": [6, 1], "car_2711": [5, 3], "car_4825": [10, 3], "car_2710": [10, 2], "car_3405": [5, 7], "car_3044": [5, 3], "car_3045": [9, 7], "car_3046": [11, 5], "car_3047": [1, 4], "car_3040": [1, 5], "car_3041": [4, 5], "car_3042": [7, 3], "car_3043": [2, 1], "car_3623": [2, 7], "car_4849": [10, 5], "car_3048": [7, 6], "car_3049": [10, 4], "car_2209": [7, 5], "car_3534": [9, 6], "car_4554": [11, 4], "car_2208": [1, 0], "car_4553": [3, 1], "car_4989": [4, 7], "car_4450": [10, 6], "car_4063": [0, 6], "car_3897": [5, 4], "car_4418": [2, 0], "car_4419": [5, 0], "car_4323": [6, 2], "car_3599": [8, 0], "car_3535": [3, 1], "car_3663": [8, 7], "car_4575": [8, 1], "car_4823": [4, 6], "car_2324": [8, 7], "car_4386": [9, 1], "car_4122": [1, 6], "car_695": [0, 5], "car_694": [9, 5], "car_697": [8, 5], "car_696": [3, 2], "car_691": [7, 4], "car_690": [4, 7], "car_693": [5, 3], "car_692": [10, 4], "car_4412": [3, 4], "car_699": [4, 1], "car_698": [11, 1], "car_4413": [8, 5], "car_4520": [10, 0], "car_4679": [9, 2], "car_4574": [0, 3], "car_4822": [1, 0], "car_3810": [7, 1], "car_3479": [9, 6], "car_4123": [4, 7], "car_3876": [1, 6], "car_4845": [11, 7], "car_4577": [5, 3], "car_4821": [8, 2], "car_3478": [6, 1], "car_4829": [0, 3], "car_3894": [3, 0], "car_4525": [8, 5], "car_2399": [4, 3], "car_4576": [7, 3], "car_4820": [0, 3], "car_4970": [8, 7], "car_4603": [3, 0], "car_4602": [0, 2], "car_4601": [9, 3], "car_4600": [6, 1], "car_4607": [7, 2], "car_4606": [4, 7], "car_4605": [11, 3], "car_4604": [8, 3], "car_4609": [2, 3], "car_4608": [10, 5], "car_4571": [5, 4], "car_4451": [2, 4], "car_4995": [8, 7], "car_4939": [8, 5], "car_4938": [3, 4], "car_3571": [5, 4], "car_4288": [4, 5], "car_4287": [11, 3], "car_4286": [8, 7], "car_4285": [3, 1], "car_4284": [5, 6], "car_4283": [7, 5], "car_4282": [4, 3], "car_4281": [11, 3], "car_4280": [8, 1], "car_1943": [8, 3], "car_1942": [3, 0], "car_279": [9, 1], "car_278": [6, 3], "car_1947": [10, 4], "car_1946": [7, 1], "car_1945": [4, 7], "car_1944": [11, 5], "car_273": [4, 3], "car_272": [1, 5], "car_271": [11, 3], "car_270": [8, 7], "car_277": [5, 1], "car_276": [2, 4], "car_275": [10, 3], "car_274": [7, 4], "car_2946": [6, 4], "car_1925": [2, 6], "car_2944": [2, 5], "car_2945": [5, 0], "car_2942": [7, 2], "car_2943": [10, 6], "car_1549": [5, 0], "car_1548": [2, 5], "car_1547": [10, 2], "car_1546": [7, 0], "car_1545": [1, 7], "car_1544": [11, 1], "car_1543": [3, 0], "car_1542": [0, 1], "car_1541": [6, 4], "car_1540": [5, 3], "car_4737": [4, 1], "car_4736": [1, 4], "car_3762": [3, 5], "car_4734": [8, 1], "car_1389": [6, 1], "car_1388": [5, 0], "car_4731": [6, 5], "car_4730": [5, 1], "car_1385": [1, 0], "car_1384": [3, 6], "car_1387": [2, 6], "car_1386": [10, 4], "car_1381": [5, 3], "car_1380": [2, 6], "car_1383": [0, 1], "car_1382": [6, 3], "car_4572": [6, 3], "car_3742": [0, 7], "car_307": [2, 7], "car_306": [7, 0], "car_305": [4, 2], "car_304": [1, 6], "car_303": [11, 0], "car_302": [3, 2], "car_301": [0, 7], "car_300": [9, 3], "car_804": [5, 2], "car_309": [0, 4], "car_308": [6, 5], "car_3752": [9, 0], "car_3435": [4, 3], "car_909": [10, 0], "car_908": [7, 1], "car_3434": [1, 0], "car_905": [8, 1], "car_904": [9, 2], "car_907": [1, 6], "car_906": [11, 1], "car_901": [10, 6], "car_900": [7, 4], "car_903": [5, 4], "car_902": [2, 1], "car_1161": [5, 6], "car_1160": [2, 5], "car_1163": [0, 2], "car_1162": [6, 0], "car_1165": [8, 0], "car_1164": [3, 0], "car_1167": [1, 7], "car_1166": [11, 6], "car_1169": [10, 7], "car_1168": [7, 3], "car_4421": [8, 2], "car_4420": [0, 4], "car_4427": [0, 6], "car_4426": [9, 5], "car_3753": [3, 5], "car_3539": [10, 1], "car_4569": [7, 6], "car_3925": [7, 1], "car_3889": [0, 2], "car_3924": [4, 2], "car_4907": [8, 1], "car_2432": [8, 7], "car_2433": [11, 1], "car_2430": [9, 2], "car_3549": [3, 6], "car_3548": [0, 4], "car_2322": [0, 2], "car_2431": [0, 5], "car_2838": [8, 2], "car_2839": [11, 6], "car_2836": [9, 3], "car_2436": [2, 6], "car_2834": [10, 1], "car_2835": [6, 7], "car_2832": [4, 6], "car_2833": [7, 1], "car_2830": [11, 4], "car_2437": [6, 4], "car_2010": [2, 6], "car_2011": [5, 0], "car_2012": [6, 0], "car_2013": [0, 4], "car_2014": [3, 1], "car_2015": [8, 1], "car_2016": [11, 4], "car_2017": [4, 5], "car_2018": [7, 4], "car_2019": [10, 3], "car_4024": [2, 5], "car_2435": [10, 2], "car_3732": [9, 7], "car_87": [11, 1], "car_86": [8, 4], "car_85": [3, 2], "car_84": [0, 2], "car_83": [5, 7], "car_82": [2, 5], "car_81": [10, 4], "car_80": [7, 1], "car_4444": [0, 1], "car_3249": [4, 1], "car_2001": [10, 2], "car_89": [7, 3], "car_88": [1, 3], "car_3945": [9, 0], "car_3944": [6, 7], "car_3947": [8, 3], "car_2000": [7, 3], "car_2498": [2, 4], "car_2499": [5, 4], "car_3943": [5, 4], "car_3942": [2, 4], "car_2494": [11, 4], "car_2495": [1, 0], "car_2496": [4, 0], "car_2497": [7, 0], "car_2490": [6, 1], "car_2491": [0, 5], "car_2492": [3, 5], "car_2493": [8, 6], "car_875": [1, 4], "car_874": [11, 1], "car_877": [2, 0], "car_876": [7, 5], "car_871": [9, 2], "car_870": [6, 5], "car_873": [3, 2], "car_872": [0, 7], "car_3228": [0, 4], "car_3242": [7, 4], "car_3727": [4, 2], "car_1694": [6, 7], "car_879": [9, 4], "car_878": [6, 7], "car_3723": [2, 5], "car_3243": [5, 2], "car_1752": [9, 4], "car_4613": [8, 0], "car_1753": [0, 1], "car_4614": [1, 6], "car_1699": [1, 0], "car_2124": [7, 4], "car_2125": [10, 1], "car_1619": [9, 7], "car_1618": [5, 4], "car_2120": [8, 1], "car_2121": [11, 6], "car_2122": [1, 4], "car_2123": [4, 7], "car_1613": [8, 0], "car_1612": [3, 0], "car_1611": [0, 2], "car_1610": [5, 2], "car_1617": [2, 3], "car_1616": [10, 4], "car_1615": [1, 3], "car_1614": [11, 5], "car_3839": [9, 1], "car_3838": [6, 5], "car_1754": [3, 6], "car_3831": [0, 1], "car_3830": [9, 0], "car_3833": [8, 6], "car_1755": [11, 1], "car_3835": [1, 7], "car_3834": [11, 4], "car_3837": [7, 3], "car_3836": [4, 3], "car_4441": [5, 3], "car_2767": [10, 2], "car_3653": [8, 7], "car_3611": [1, 3], "car_3610": [11, 5], "car_3613": [7, 2], "car_3612": [4, 1], "car_3615": [5, 0], "car_3614": [2, 6], "car_3617": [0, 2], "car_3616": [6, 7], "car_2323": [3, 2], "car_3618": [3, 6], "car_4208": [1, 2], "car_471": [10, 5], "car_470": [7, 5], "car_473": [0, 7], "car_472": [5, 1], "car_475": [11, 4], "car_474": [8, 1], "car_477": [4, 6], "car_476": [1, 4], "car_479": [10, 0], "car_478": [7, 5], "car_2232": [10, 0], "car_2233": [5, 2], "car_2234": [9, 2], "car_2235": [8, 4], "car_2236": [4, 6], "car_2237": [10, 1], "car_4534": [4, 1], "car_4443": [9, 0], "car_2769": [9, 7], "car_2765": [4, 1], "car_4719": [1, 3], "car_4649": [0, 3], "car_4741": [0, 7], "car_2038": [10, 7], "car_2709": [7, 1], "car_3229": [8, 0], "car_3057": [10, 2], "car_3056": [7, 1], "car_2762": [8, 5], "car_3054": [11, 7], "car_3053": [3, 4], "car_3052": [0, 5], "car_3051": [9, 5], "car_3050": [2, 3], "car_3059": [5, 2], "car_3058": [2, 4], "car_3997": [4, 7], "car_3303": [11, 6], "car_2039": [2, 0], "car_3809": [4, 6], "car_2763": [11, 7], "car_1819": [4, 6], "car_4647": [5, 4], "car_4659": [0, 4], "car_1818": [11, 1], "car_4928": [6, 2], "car_4102": [0, 7], "car_4530": [6, 3], "car_4454": [9, 6], "car_2386": [9, 2], "car_4909": [4, 0], "car_682": [11, 1], "car_683": [10, 6], "car_680": [3, 7], "car_681": [8, 0], "car_686": [6, 1], "car_687": [8, 0], "car_684": [2, 4], "car_685": [5, 4], "car_688": [11, 1], "car_689": [1, 2], "car_4870": [8, 1], "car_4922": [3, 6], "car_4179": [10, 0], "car_4382": [11, 5], "car_2481": [2, 1], "car_4923": [11, 6], "car_2761": [0, 5], "car_4920": [6, 5], "car_3540": [5, 1], "car_3282": [11, 6], "car_4921": [0, 1], "car_3283": [4, 3], "car_1815": [9, 3], "car_3280": [9, 2], "car_1814": [6, 1], "car_3621": [4, 5], "car_3281": [0, 3], "car_4924": [1, 4], "car_3286": [6, 2], "car_4925": [10, 3], "car_3543": [11, 7], "car_4019": [9, 4], "car_2388": [3, 1], "car_3287": [9, 5], "car_4665": [6, 2], "car_3284": [10, 1], "car_4664": [10, 0], "car_3285": [2, 4], "car_4667": [3, 5], "car_4666": [0, 1], "car_4108": [2, 7], "car_3542": [9, 3], "car_2389": [8, 0], "car_3288": [0, 5], "car_4560": [9, 2], "car_4109": [5, 1], "car_4636": [7, 2], "car_4637": [2, 4], "car_4634": [1, 4], "car_3289": [3, 4], "car_1670": [8, 4], "car_1956": [9, 2], "car_4630": [9, 5], "car_4631": [3, 6], "car_3302": [8, 1], "car_1957": [3, 4], "car_4638": [5, 6], "car_3324": [9, 1], "car_1958": [8, 4], "car_1959": [11, 7], "car_3545": [7, 5], "car_4716": [0, 6], "car_4106": [7, 4], "car_2003": [5, 6], "car_4107": [10, 7], "car_3858": [8, 7], "car_4100": [6, 4], "car_4101": [9, 4], "car_268": [0, 2], "car_269": [3, 0], "car_1974": [5, 3], "car_1975": [6, 1], "car_1972": [10, 6], "car_1973": [2, 1], "car_1970": [4, 0], "car_1971": [7, 1], "car_260": [8, 3], "car_261": [1, 4], "car_262": [4, 3], "car_263": [7, 0], "car_264": [2, 0], "car_265": [5, 7], "car_266": [6, 7], "car_267": [9, 6], "car_1572": [3, 6], "car_1573": [11, 3], "car_1570": [6, 3], "car_1571": [0, 6], "car_1576": [10, 2], "car_1577": [2, 4], "car_1574": [1, 0], "car_1575": [4, 0], "car_4250": [6, 1], "car_4251": [9, 3], "car_1578": [6, 3], "car_1579": [9, 5], "car_4254": [1, 7], "car_2971": [10, 7], "car_4256": [10, 6], "car_4257": [2, 5], "car_1370": [7, 5], "car_1371": [10, 4], "car_1372": [2, 0], "car_1373": [5, 1], "car_1374": [6, 4], "car_1375": [9, 5], "car_1376": [3, 7], "car_1377": [8, 1], "car_1378": [4, 2], "car_1379": [7, 0], "car_3014": [8, 4], "car_3254": [0, 3], "car_2600": [4, 3], "car_4459": [10, 2], "car_2975": [11, 1], "car_3992": [6, 7], "car_2974": [8, 0], "car_3993": [9, 6], "car_314": [10, 0], "car_315": [2, 5], "car_316": [6, 3], "car_317": [3, 0], "car_310": [3, 4], "car_311": [8, 0], "car_312": [1, 3], "car_313": [7, 6], "car_318": [4, 1], "car_319": [7, 5], "car_4388": [3, 2], "car_4119": [0, 4], "car_918": [2, 7], "car_919": [6, 7], "car_2719": [10, 5], "car_2718": [7, 1], "car_912": [6, 5], "car_913": [9, 0], "car_910": [2, 5], "car_911": [5, 7], "car_916": [4, 2], "car_917": [10, 0], "car_914": [3, 4], "car_915": [11, 5], "car_1114": [3, 5], "car_1115": [8, 3], "car_1116": [11, 5], "car_1117": [1, 4], "car_1110": [10, 1], "car_1111": [2, 0], "car_1112": [9, 5], "car_1113": [0, 6], "car_4416": [7, 6], "car_4417": [10, 2], "car_4414": [11, 1], "car_4415": [1, 7], "car_1118": [4, 7], "car_1119": [7, 3], "car_4410": [6, 7], "car_4411": [9, 2], "car_1284": [6, 7], "car_1285": [9, 1], "car_1286": [0, 7], "car_1287": [8, 6], "car_1280": [4, 2], "car_1281": [7, 5], "car_1282": [2, 1], "car_1283": [5, 1], "car_3458": [3, 0], "car_2130": [1, 5], "car_1288": [1, 3], "car_1289": [4, 2], "car_4712": [1, 6], "car_2959": [0, 3], "car_2958": [9, 1], "car_4688": [6, 2], "car_2951": [1, 0], "car_2950": [11, 7], "car_2953": [7, 5], "car_2952": [4, 7], "car_2955": [2, 6], "car_2954": [10, 2], "car_2957": [6, 2], "car_2956": [5, 6], "car_2821": [9, 3], "car_2820": [6, 5], "car_1744": [5, 3], "car_2822": [0, 4], "car_2825": [2, 1], "car_2824": [8, 3], "car_2827": [0, 5], "car_2826": [9, 6], "car_2829": [8, 4], "car_2828": [3, 7], "car_3536": [8, 0], "car_3537": [11, 0], "car_3530": [10, 2], "car_3531": [2, 1], "car_3532": [5, 7], "car_3533": [6, 5], "car_1028": [10, 3], "car_1029": [2, 4], "car_1758": [7, 3], "car_1759": [2, 6], "car_2007": [11, 1], "car_2006": [3, 0], "car_2005": [0, 7], "car_2004": [9, 7], "car_1020": [2, 0], "car_1021": [5, 7], "car_1022": [6, 4], "car_1023": [0, 5], "car_1024": [8, 5], "car_1025": [11, 4], "car_1026": [1, 5], "car_1027": [7, 0], "car_1598": [8, 4], "car_1599": [11, 0], "car_4680": [0, 6], "car_1590": [3, 1], "car_1591": [8, 7], "car_1592": [11, 0], "car_1593": [1, 4], "car_1594": [7, 6], "car_1595": [6, 3], "car_1596": [9, 1], "car_1597": [3, 2], "car_2489": [5, 6], "car_2488": [7, 0], "car_2487": [4, 7], "car_2486": [1, 6], "car_2485": [8, 5], "car_2484": [3, 5], "car_2483": [9, 1], "car_2482": [5, 1], "car_1746": [8, 3], "car_2480": [7, 6], "car_862": [6, 0], "car_863": [9, 3], "car_860": [7, 1], "car_861": [2, 3], "car_866": [11, 0], "car_867": [7, 6], "car_864": [0, 1], "car_865": [3, 7], "car_868": [10, 7], "car_869": [2, 6], "car_4887": [3, 0], "car_3440": [9, 1], "car_3441": [0, 3], "car_3442": [8, 1], "car_3443": [11, 2], "car_3444": [1, 7], "car_3445": [4, 6], "car_3446": [10, 3], "car_3447": [2, 7], "car_3448": [5, 4], "car_3449": [9, 2], "car_3994": [8, 7], "car_3995": [11, 2], "car_1741": [4, 1], "car_3846": [6, 0], "car_3990": [2, 3], "car_3991": [5, 6], "car_2137": [9, 3], "car_2136": [6, 5], "car_2135": [5, 3], "car_2134": [2, 6], "car_2133": [10, 4], "car_2132": [7, 3], "car_1628": [8, 3], "car_1629": [11, 1], "car_1626": [2, 1], "car_1627": [6, 5], "car_1624": [7, 4], "car_1625": [10, 5], "car_1622": [11, 2], "car_1623": [4, 3], "car_1620": [3, 4], "car_1621": [8, 5], "car_3848": [0, 1], "car_3849": [3, 0], "car_4977": [6, 7], "car_3844": [2, 1], "car_3845": [5, 1], "car_1740": [1, 6], "car_3847": [9, 6], "car_3840": [8, 4], "car_3841": [1, 3], "car_3842": [7, 0], "car_3843": [10, 2]}