{"car_2009": [8, 7], "car_2229": [3, 4], "car_2228": [0, 5], "car_468": [10, 3], "car_469": [12, 2], "car_466": [15, 2], "car_467": [1, 5], "car_464": [6, 3], "car_465": [12, 2], "car_462": [15, 6], "car_463": [1, 0], "car_460": [13, 1], "car_461": [8, 6], "car_2455": [2, 0], "car_2751": [12, 7], "car_817": [10, 7], "car_816": [1, 0], "car_815": [11, 7], "car_2750": [8, 1], "car_814": [8, 3], "car_813": [6, 7], "car_812": [14, 3], "car_2072": [3, 0], "car_811": [10, 1], "car_2073": [8, 1], "car_810": [1, 4], "car_679": [1, 4], "car_678": [11, 6], "car_677": [4, 7], "car_676": [8, 1], "car_675": [2, 0], "car_674": [15, 7], "car_673": [12, 2], "car_672": [14, 7], "car_671": [11, 0], "car_670": [7, 5], "car_2771": [13, 2], "car_2770": [9, 0], "car_2078": [1, 5], "car_2079": [14, 4], "car_2456": [13, 0], "car_2341": [5, 0], "car_2670": [3, 4], "car_2671": [8, 1], "car_2754": [4, 2], "car_2672": [12, 6], "car_2223": [12, 1], "car_789": [13, 4], "car_788": [14, 4], "car_2222": [7, 1], "car_783": [6, 3], "car_782": [10, 3], "car_781": [1, 0], "car_780": [15, 7], "car_787": [5, 3], "car_786": [1, 4], "car_785": [12, 1], "car_784": [9, 1], "car_2220": [11, 6], "car_0": [15, 6], "car_2227": [13, 4], "car_1179": [5, 3], "car_2375": [11, 2], "car_2226": [14, 6], "car_2225": [1, 6], "car_2224": [0, 2], "car_255": [1, 4], "car_254": [11, 2], "car_257": [9, 7], "car_256": [10, 2], "car_251": [1, 6], "car_250": [12, 4], "car_253": [0, 7], "car_252": [6, 4], "car_1961": [7, 1], "car_1960": [13, 4], "car_1963": [6, 2], "car_1962": [2, 4], "car_259": [6, 2], "car_258": [14, 6], "car_1967": [15, 3], "car_1966": [12, 6], "car_1170": [0, 7], "car_1171": [4, 2], "car_1565": [5, 4], "car_1564": [1, 2], "car_1567": [0, 2], "car_1566": [14, 1], "car_1561": [6, 1], "car_1560": [10, 5], "car_1563": [8, 4], "car_1562": [9, 7], "car_1569": [10, 0], "car_1568": [15, 4], "car_1413": [14, 3], "car_1363": [3, 2], "car_1362": [13, 6], "car_1361": [9, 4], "car_1360": [6, 7], "car_1367": [14, 1], "car_1366": [10, 7], "car_1365": [1, 7], "car_1364": [8, 6], "car_1369": [12, 5], "car_1368": [8, 1], "car_2758": [8, 1], "car_2376": [10, 4], "car_321": [2, 5], "car_320": [13, 2], "car_323": [12, 3], "car_322": [9, 4], "car_325": [14, 6], "car_324": [5, 0], "car_327": [0, 7], "car_326": [6, 4], "car_329": [6, 5], "car_328": [5, 0], "car_2722": [7, 0], "car_2723": [8, 7], "car_2720": [0, 7], "car_2721": [10, 5], "car_2726": [13, 5], "car_2727": [3, 5], "car_2724": [11, 1], "car_2725": [9, 5], "car_2728": [0, 2], "car_2729": [1, 4], "car_1107": [13, 1], "car_1106": [10, 4], "car_1105": [5, 3], "car_1104": [4, 7], "car_1103": [12, 6], "car_1102": [3, 2], "car_1101": [5, 7], "car_1100": [5, 1], "car_1109": [4, 7], "car_1108": [7, 5], "car_1297": [1, 4], "car_1296": [15, 5], "car_1295": [11, 4], "car_1294": [0, 2], "car_1293": [12, 4], "car_1292": [8, 0], "car_1291": [6, 5], "car_1290": [10, 3], "car_1299": [3, 5], "car_1298": [2, 4], "car_2586": [6, 5], "car_2587": [13, 0], "car_2584": [1, 5], "car_2585": [14, 4], "car_2582": [0, 2], "car_2583": [11, 2], "car_2580": [10, 3], "car_2581": [7, 0], "car_2588": [4, 0], "car_2589": [13, 6], "car_2036": [15, 4], "car_2037": [1, 2], "car_1039": [3, 1], "car_1038": [13, 4], "car_1749": [1, 3], "car_1748": [11, 5], "car_2030": [9, 1], "car_2031": [3, 1], "car_1033": [8, 3], "car_1032": [13, 7], "car_1031": [5, 4], "car_1030": [15, 5], "car_1037": [5, 4], "car_1036": [4, 1], "car_1035": [0, 1], "car_1034": [12, 7], "car_1589": [11, 2], "car_1588": [0, 5], "car_1583": [8, 7], "car_1582": [9, 5], "car_1581": [6, 1], "car_1580": [2, 6], "car_1587": [2, 4], "car_1586": [5, 1], "car_1585": [4, 2], "car_1584": [12, 1], "car_1852": [3, 7], "car_1906": [4, 6], "car_899": [14, 7], "car_898": [10, 4], "car_897": [5, 1], "car_896": [1, 5], "car_895": [4, 0], "car_894": [9, 2], "car_893": [6, 5], "car_892": [2, 7], "car_891": [1, 7], "car_890": [0, 5], "car_2458": [11, 5], "car_2459": [1, 3], "car_2108": [13, 7], "car_2109": [3, 5], "car_2102": [4, 7], "car_2103": [15, 5], "car_2100": [8, 2], "car_2101": [12, 1], "car_2106": [13, 1], "car_2107": [12, 7], "car_2104": [1, 2], "car_2105": [2, 1], "car_1631": [1, 3], "car_1630": [15, 4], "car_1633": [6, 2], "car_1632": [10, 7], "car_1635": [12, 7], "car_1634": [9, 6], "car_1637": [10, 6], "car_1636": [11, 6], "car_1639": [9, 6], "car_1638": [14, 2], "car_1751": [2, 4], "car_2803": [5, 6], "car_2802": [12, 7], "car_2801": [8, 7], "car_2800": [13, 2], "car_2807": [5, 1], "car_1756": [14, 1], "car_2806": [1, 4], "car_2805": [9, 1], "car_2816": [9, 5], "car_2804": [6, 3], "car_2414": [9, 2], "car_419": [1, 6], "car_418": [4, 6], "car_2218": [6, 7], "car_2219": [12, 6], "car_413": [15, 6], "car_412": [3, 7], "car_411": [2, 3], "car_410": [11, 2], "car_417": [12, 0], "car_416": [7, 1], "car_415": [9, 4], "car_414": [14, 4], "car_2417": [7, 6], "car_1679": [6, 3], "car_1678": [2, 0], "car_2412": [15, 6], "car_2413": [10, 7], "car_527": [9, 2], "car_526": [2, 6], "car_525": [1, 6], "car_524": [15, 4], "car_523": [0, 2], "car_522": [12, 3], "car_521": [3, 2], "car_520": [5, 4], "car_1671": [12, 1], "car_1889": [13, 5], "car_529": [12, 3], "car_528": [3, 4], "car_1884": [12, 3], "car_1885": [4, 0], "car_2368": [8, 4], "car_2786": [11, 2], "car_2787": [2, 4], "car_668": [2, 1], "car_669": [6, 1], "car_664": [4, 0], "car_665": [5, 1], "car_666": [13, 6], "car_667": [4, 1], "car_660": [4, 5], "car_661": [10, 5], "car_662": [7, 2], "car_663": [8, 0], "car_2759": [11, 6], "car_1854": [15, 1], "car_2788": [3, 1], "car_2789": [12, 2], "car_798": [14, 6], "car_799": [2, 7], "car_790": [0, 5], "car_791": [1, 3], "car_792": [5, 7], "car_793": [2, 3], "car_794": [13, 5], "car_795": [15, 5], "car_796": [1, 4], "car_797": [5, 7], "car_242": [1, 5], "car_243": [10, 5], "car_240": [8, 6], "car_241": [15, 2], "car_246": [15, 3], "car_247": [5, 1], "car_244": [2, 3], "car_245": [0, 4], "car_1914": [8, 0], "car_1915": [11, 2], "car_248": [2, 1], "car_249": [13, 4], "car_1910": [9, 6], "car_1911": [10, 1], "car_1912": [6, 1], "car_1913": [13, 5], "car_1356": [15, 4], "car_1357": [1, 5], "car_1354": [7, 2], "car_1355": [12, 4], "car_1352": [10, 3], "car_1353": [6, 2], "car_1350": [4, 3], "car_1351": [11, 0], "car_1358": [2, 7], "car_1359": [2, 7], "car_1831": [10, 3], "car_1820": [11, 4], "car_1821": [15, 0], "car_1822": [2, 1], "car_1823": [13, 1], "car_1824": [10, 1], "car_1825": [14, 4], "car_338": [0, 7], "car_339": [15, 5], "car_336": [3, 4], "car_337": [8, 4], "car_334": [1, 5], "car_335": [9, 2], "car_332": [4, 3], "car_333": [11, 1], "car_330": [3, 5], "car_331": [0, 4], "car_2735": [10, 3], "car_2734": [15, 5], "car_1138": [4, 3], "car_1139": [5, 3], "car_2731": [6, 2], "car_2730": [5, 4], "car_2733": [0, 4], "car_2732": [13, 7], "car_1132": [6, 1], "car_1133": [9, 6], "car_1130": [5, 6], "car_1131": [10, 1], "car_1136": [8, 1], "car_1137": [12, 6], "car_1134": [13, 7], "car_1135": [7, 3], "car_1839": [6, 4], "car_2393": [4, 7], "car_1838": [14, 3], "car_2392": [12, 2], "car_2029": [5, 6], "car_2028": [6, 1], "car_2021": [3, 0], "car_2020": [6, 3], "car_2023": [12, 5], "car_2022": [8, 6], "car_2025": [3, 0], "car_2024": [10, 5], "car_2027": [14, 7], "car_2026": [5, 4], "car_2520": [2, 6], "car_1008": [3, 1], "car_1009": [8, 5], "car_1006": [2, 3], "car_1007": [9, 1], "car_1004": [9, 7], "car_1005": [12, 2], "car_1002": [10, 4], "car_1003": [14, 1], "car_1000": [1, 5], "car_1001": [5, 6], "car_2398": [6, 5], "car_2629": [7, 1], "car_2524": [1, 2], "car_2628": [6, 3], "car_2525": [14, 5], "car_2674": [15, 4], "car_1924": [3, 5], "car_2527": [4, 3], "car_36": [10, 1], "car_37": [2, 3], "car_34": [0, 6], "car_35": [15, 1], "car_888": [1, 3], "car_889": [7, 2], "car_30": [3, 1], "car_31": [7, 6], "car_884": [6, 0], "car_885": [7, 3], "car_886": [8, 3], "car_887": [15, 4], "car_880": [14, 5], "car_881": [2, 5], "car_882": [7, 2], "car_883": [11, 1], "car_2449": [0, 7], "car_2448": [12, 1], "car_2119": [7, 4], "car_2118": [6, 3], "car_2115": [11, 6], "car_2114": [3, 5], "car_2117": [10, 0], "car_2116": [15, 0], "car_2111": [11, 2], "car_2110": [12, 5], "car_2113": [14, 0], "car_2112": [5, 6], "car_1644": [13, 1], "car_1645": [0, 7], "car_1646": [5, 1], "car_1647": [6, 1], "car_1640": [0, 6], "car_1641": [11, 0], "car_1642": [2, 4], "car_1643": [6, 3], "car_1648": [9, 3], "car_1649": [0, 7], "car_2599": [0, 2], "car_2159": [5, 3], "car_2158": [4, 6], "car_2591": [12, 6], "car_2590": [3, 7], "car_2593": [11, 3], "car_2592": [0, 1], "car_2595": [3, 1], "car_2594": [1, 2], "car_2597": [2, 6], "car_2596": [0, 4], "car_2677": [2, 1], "car_2608": [2, 3], "car_408": [3, 6], "car_409": [8, 1], "car_2203": [1, 3], "car_2202": [11, 5], "car_2205": [14, 1], "car_2204": [5, 4], "car_2207": [12, 2], "car_2206": [7, 5], "car_400": [7, 6], "car_401": [8, 1], "car_402": [12, 0], "car_403": [15, 7], "car_404": [7, 4], "car_405": [4, 6], "car_406": [10, 3], "car_407": [6, 1], "car_1769": [6, 0], "car_534": [12, 4], "car_535": [4, 5], "car_536": [15, 1], "car_537": [5, 7], "car_530": [11, 0], "car_531": [5, 2], "car_532": [10, 3], "car_533": [7, 0], "car_538": [2, 5], "car_539": [13, 6], "car_2310": [14, 2], "car_659": [0, 6], "car_658": [3, 1], "car_651": [2, 5], "car_650": [10, 3], "car_653": [13, 4], "car_652": [9, 7], "car_655": [12, 5], "car_654": [8, 4], "car_657": [10, 0], "car_656": [11, 2], "car_2434": [10, 4], "car_1929": [4, 5], "car_2195": [10, 4], "car_2194": [5, 2], "car_1764": [6, 3], "car_2197": [5, 2], "car_2196": [12, 4], "car_2191": [3, 7], "car_1928": [12, 1], "car_2190": [2, 1], "car_2193": [4, 7], "car_1909": [10, 5], "car_1908": [5, 6], "car_1907": [15, 6], "car_1763": [2, 5], "car_1905": [12, 5], "car_1904": [7, 5], "car_1903": [3, 7], "car_1902": [9, 5], "car_1901": [1, 6], "car_1900": [8, 3], "car_1349": [12, 7], "car_1348": [4, 3], "car_1762": [10, 3], "car_1341": [0, 2], "car_1340": [7, 3], "car_1343": [14, 6], "car_1342": [1, 3], "car_1345": [6, 2], "car_1344": [2, 4], "car_1347": [3, 7], "car_1346": [9, 4], "car_2753": [13, 1], "car_2752": [10, 0], "car_2698": [6, 2], "car_1833": [9, 2], "car_1832": [6, 2], "car_349": [14, 3], "car_348": [10, 4], "car_1837": [15, 7], "car_1836": [0, 6], "car_1835": [12, 2], "car_1834": [8, 7], "car_343": [11, 2], "car_342": [1, 0], "car_341": [11, 7], "car_340": [12, 1], "car_347": [1, 5], "car_346": [11, 0], "car_345": [13, 0], "car_344": [5, 7], "car_2325": [9, 1], "car_1129": [15, 4], "car_1128": [4, 5], "car_1125": [14, 4], "car_1124": [10, 0], "car_1127": [8, 4], "car_1126": [13, 4], "car_1121": [9, 7], "car_1120": [5, 0], "car_1123": [1, 6], "car_1122": [4, 7], "car_1402": [10, 4], "car_2320": [1, 5], "car_1403": [9, 7], "car_2321": [14, 1], "car_1400": [15, 5], "car_1401": [5, 1], "car_1406": [4, 3], "car_1407": [15, 5], "car_1404": [15, 4], "car_1405": [8, 7], "car_2058": [0, 2], "car_2059": [15, 0], "car_2054": [6, 7], "car_2055": [13, 6], "car_2056": [3, 7], "car_2057": [7, 1], "car_2050": [7, 4], "car_2051": [4, 2], "car_2052": [15, 0], "car_2053": [2, 4], "car_1011": [4, 0], "car_1010": [0, 7], "car_1013": [6, 3], "car_1012": [5, 6], "car_1015": [7, 6], "car_1014": [3, 4], "car_1017": [11, 6], "car_1016": [12, 7], "car_1019": [14, 3], "car_1018": [10, 1], "car_2690": [0, 5], "car_2691": [10, 5], "car_2696": [5, 3], "car_2697": [10, 1], "car_2694": [7, 2], "car_2695": [8, 2], "car_2790": [0, 5], "car_25": [5, 2], "car_24": [14, 3], "car_27": [7, 1], "car_26": [10, 5], "car_21": [8, 3], "car_20": [6, 4], "car_23": [10, 3], "car_22": [4, 5], "car_29": [9, 3], "car_28": [6, 4], "car_2478": [7, 0], "car_2479": [14, 5], "car_2476": [7, 1], "car_2477": [15, 4], "car_2474": [9, 4], "car_2475": [13, 4], "car_2472": [2, 0], "car_2473": [6, 1], "car_2470": [0, 5], "car_2471": [4, 0], "car_1657": [1, 3], "car_1656": [12, 4], "car_1655": [5, 3], "car_1654": [0, 5], "car_1653": [12, 1], "car_1652": [9, 5], "car_1651": [6, 4], "car_1650": [14, 0], "car_1659": [13, 1], "car_1658": [14, 4], "car_2688": [5, 4], "car_1969": [6, 2], "car_2315": [7, 4], "car_1843": [10, 2], "car_435": [5, 0], "car_434": [1, 0], "car_437": [2, 3], "car_436": [14, 6], "car_431": [7, 5], "car_430": [3, 6], "car_433": [12, 7], "car_432": [8, 1], "car_1846": [4, 5], "car_439": [3, 2], "car_438": [6, 0], "car_1847": [15, 1], "car_2274": [1, 4], "car_2275": [2, 6], "car_2276": [13, 5], "car_2277": [3, 6], "car_2270": [7, 0], "car_2271": [12, 6], "car_2272": [0, 1], "car_2273": [4, 6], "car_1845": [3, 5], "car_2278": [10, 0], "car_2279": [3, 4], "car_1848": [10, 1], "car_2289": [0, 1], "car_1968": [1, 3], "car_1849": [2, 0], "car_2288": [12, 0], "car_1965": [8, 5], "car_1964": [9, 6], "car_501": [11, 3], "car_500": [4, 0], "car_503": [12, 1], "car_502": [9, 1], "car_505": [15, 5], "car_504": [4, 1], "car_507": [4, 1], "car_506": [8, 3], "car_509": [14, 6], "car_508": [5, 1], "car_2302": [0, 3], "car_2303": [11, 6], "car_2304": [14, 1], "car_2305": [3, 1], "car_2306": [7, 5], "car_2307": [0, 6], "car_2281": [0, 7], "car_1745": [12, 5], "car_2280": [7, 6], "car_646": [13, 2], "car_647": [8, 0], "car_644": [3, 1], "car_645": [10, 7], "car_642": [14, 0], "car_643": [9, 6], "car_640": [8, 0], "car_641": [4, 0], "car_2314": [9, 0], "car_648": [12, 0], "car_649": [15, 4], "car_2576": [2, 4], "car_2526": [12, 6], "car_1830": [4, 2], "car_2673": [0, 1], "car_2570": [13, 1], "car_2681": [10, 7], "car_2420": [5, 3], "car_2680": [0, 1], "car_2683": [6, 0], "car_1932": [0, 5], "car_1933": [1, 0], "car_1930": [10, 0], "car_1931": [2, 4], "car_1936": [3, 4], "car_1937": [4, 2], "car_1934": [5, 2], "car_1935": [13, 7], "car_1938": [11, 4], "car_1939": [2, 4], "car_2682": [2, 5], "car_1717": [0, 6], "car_1338": [6, 7], "car_1339": [9, 0], "car_1334": [10, 6], "car_1335": [13, 1], "car_1336": [3, 0], "car_1337": [2, 4], "car_1330": [7, 4], "car_1331": [4, 1], "car_1332": [11, 4], "car_1333": [1, 3], "car_1711": [3, 0], "car_358": [0, 3], "car_359": [5, 6], "car_1804": [7, 1], "car_1805": [0, 2], "car_1802": [2, 6], "car_1803": [9, 5], "car_1800": [15, 4], "car_1801": [1, 6], "car_350": [3, 2], "car_351": [8, 7], "car_352": [12, 7], "car_353": [15, 7], "car_354": [10, 6], "car_355": [14, 0], "car_356": [2, 5], "car_357": [12, 1], "car_1482": [2, 1], "car_1483": [13, 2], "car_1480": [5, 7], "car_1481": [14, 1], "car_1486": [15, 4], "car_1487": [12, 6], "car_1484": [8, 2], "car_1485": [11, 4], "car_1488": [11, 2], "car_1489": [10, 4], "car_1240": [8, 5], "car_1241": [3, 6], "car_1242": [8, 6], "car_1243": [5, 0], "car_1244": [9, 5], "car_1245": [13, 2], "car_1246": [3, 5], "car_1247": [7, 4], "car_1248": [8, 5], "car_1249": [11, 3], "car_1747": [4, 6], "car_2374": [8, 2], "car_1879": [2, 1], "car_2049": [13, 4], "car_2048": [9, 7], "car_2047": [14, 0], "car_2046": [12, 7], "car_2045": [6, 4], "car_2044": [5, 0], "car_2043": [1, 7], "car_2042": [8, 6], "car_2041": [3, 1], "car_2040": [13, 3], "car_1064": [1, 7], "car_1065": [2, 4], "car_1066": [6, 2], "car_1067": [4, 7], "car_1060": [2, 7], "car_1061": [7, 1], "car_1062": [11, 1], "car_1063": [15, 3], "car_2685": [3, 6], "car_2684": [9, 3], "car_2687": [1, 6], "car_2686": [11, 5], "car_1068": [15, 1], "car_1069": [10, 1], "car_1798": [4, 6], "car_1799": [11, 6], "car_10": [2, 7], "car_11": [13, 2], "car_12": [3, 6], "car_13": [4, 7], "car_14": [1, 3], "car_15": [14, 3], "car_16": [8, 1], "car_17": [12, 0], "car_18": [11, 5], "car_19": [10, 2], "car_2461": [2, 5], "car_2460": [5, 2], "car_1668": [6, 0], "car_1669": [3, 5], "car_2465": [15, 4], "car_2464": [11, 3], "car_2467": [14, 4], "car_2466": [10, 3], "car_1662": [11, 4], "car_1663": [14, 3], "car_1660": [8, 0], "car_1661": [0, 3], "car_1666": [5, 3], "car_1667": [14, 5], "car_1664": [13, 6], "car_1665": [11, 1], "car_1468": [13, 1], "car_1469": [0, 6], "car_1460": [5, 2], "car_1461": [14, 0], "car_1462": [7, 5], "car_1463": [12, 1], "car_1464": [11, 7], "car_1465": [1, 7], "car_1466": [10, 1], "car_1467": [6, 0], "car_2699": [13, 3], "car_2648": [3, 2], "car_422": [3, 2], "car_423": [14, 7], "car_420": [2, 3], "car_421": [13, 4], "car_426": [4, 0], "car_427": [11, 1], "car_424": [9, 0], "car_425": [3, 0], "car_428": [14, 5], "car_429": [9, 1], "car_2377": [9, 7], "car_2267": [5, 6], "car_2266": [13, 1], "car_2265": [9, 2], "car_2264": [6, 2], "car_2263": [14, 7], "car_2262": [10, 4], "car_2261": [15, 1], "car_2260": [8, 7], "car_2371": [13, 0], "car_2269": [9, 0], "car_2268": [2, 3], "car_2373": [7, 1], "car_2372": [3, 0], "car_2008": [9, 1], "car_2370": [5, 6], "car_2319": [12, 5], "car_2318": [8, 3], "car_518": [15, 6], "car_519": [1, 5], "car_516": [0, 6], "car_517": [4, 0], "car_514": [7, 6], "car_515": [12, 0], "car_512": [10, 4], "car_513": [9, 0], "car_510": [12, 7], "car_511": [15, 0], "car_1870": [14, 3], "car_2692": [9, 3], "car_2444": [2, 5], "car_633": [6, 5], "car_632": [15, 1], "car_631": [0, 7], "car_630": [12, 2], "car_637": [6, 0], "car_636": [14, 7], "car_635": [7, 2], "car_634": [9, 7], "car_2675": [10, 1], "car_639": [7, 3], "car_638": [9, 7], "car_2693": [3, 6], "car_189": [1, 7], "car_188": [11, 4], "car_185": [1, 5], "car_184": [11, 1], "car_187": [13, 7], "car_186": [6, 1], "car_181": [13, 6], "car_180": [14, 1], "car_183": [8, 2], "car_182": [7, 5], "car_749": [12, 6], "car_748": [8, 3], "car_747": [7, 3], "car_746": [3, 5], "car_745": [2, 1], "car_744": [0, 2], "car_743": [9, 5], "car_742": [6, 7], "car_741": [2, 7], "car_740": [14, 4], "car_2131": [8, 4], "car_2618": [12, 6], "car_299": [14, 5], "car_298": [5, 7], "car_1927": [9, 4], "car_1926": [6, 2], "car_1921": [1, 4], "car_1920": [0, 4], "car_1923": [6, 0], "car_1922": [2, 7], "car_291": [10, 0], "car_290": [5, 2], "car_293": [9, 2], "car_292": [14, 1], "car_295": [0, 1], "car_294": [3, 2], "car_297": [15, 6], "car_296": [4, 0], "car_1329": [9, 7], "car_1328": [2, 3], "car_1327": [12, 2], "car_1326": [13, 4], "car_1325": [2, 0], "car_1324": [10, 7], "car_1323": [1, 7], "car_1322": [15, 2], "car_1321": [4, 6], "car_1320": [12, 0], "car_365": [2, 5], "car_364": [14, 1], "car_367": [9, 5], "car_366": [6, 3], "car_361": [1, 6], "car_360": [4, 3], "car_363": [10, 3], "car_362": [5, 0], "car_1811": [12, 0], "car_1810": [3, 1], "car_1813": [15, 3], "car_1812": [4, 3], "car_369": [3, 0], "car_368": [13, 6], "car_1817": [8, 0], "car_1816": [3, 0], "car_167": [4, 5], "car_166": [0, 2], "car_165": [9, 7], "car_164": [5, 3], "car_163": [1, 2], "car_162": [4, 0], "car_161": [0, 7], "car_160": [7, 4], "car_169": [13, 5], "car_168": [15, 4], "car_1495": [1, 6], "car_1494": [12, 1], "car_1497": [6, 0], "car_1496": [14, 1], "car_1491": [0, 2], "car_1490": [6, 1], "car_1493": [15, 3], "car_1492": [11, 5], "car_1499": [11, 0], "car_1498": [7, 6], "car_1253": [0, 6], "car_1252": [8, 3], "car_1251": [14, 0], "car_1250": [1, 7], "car_1257": [3, 0], "car_1256": [1, 2], "car_1255": [11, 4], "car_1254": [4, 0], "car_1259": [2, 1], "car_1258": [10, 1], "car_1868": [1, 0], "car_1789": [7, 0], "car_1788": [3, 7], "car_2070": [9, 5], "car_2071": [13, 4], "car_2076": [11, 5], "car_2077": [15, 2], "car_2074": [12, 5], "car_2075": [4, 6], "car_1781": [2, 3], "car_1780": [14, 3], "car_1783": [3, 0], "car_1782": [9, 3], "car_1785": [11, 0], "car_1784": [7, 0], "car_1787": [9, 4], "car_1786": [14, 3], "car_1077": [13, 1], "car_1076": [2, 3], "car_1075": [15, 1], "car_1074": [4, 1], "car_1073": [0, 4], "car_1072": [3, 4], "car_1071": [13, 3], "car_1070": [14, 3], "car_2678": [13, 0], "car_2679": [7, 3], "car_1079": [1, 0], "car_1078": [7, 5], "car_2139": [2, 1], "car_2034": [12, 6], "car_2300": [3, 0], "car_2035": [11, 2], "car_2301": [7, 3], "car_2032": [11, 5], "car_2033": [7, 5], "car_2138": [10, 3], "car_985": [14, 7], "car_984": [1, 5], "car_987": [13, 7], "car_986": [6, 0], "car_981": [14, 6], "car_980": [15, 2], "car_983": [4, 3], "car_982": [12, 2], "car_1675": [12, 5], "car_1674": [13, 7], "car_1677": [5, 4], "car_1676": [11, 4], "car_989": [11, 7], "car_988": [7, 0], "car_1673": [9, 7], "car_1672": [0, 5], "car_2784": [5, 0], "car_2785": [3, 1], "car_1479": [15, 4], "car_1478": [4, 0], "car_2780": [4, 5], "car_2781": [11, 7], "car_2782": [13, 5], "car_2783": [8, 0], "car_1473": [10, 2], "car_1472": [5, 0], "car_1471": [13, 5], "car_1470": [1, 0], "car_1477": [0, 6], "car_1476": [13, 5], "car_1475": [9, 7], "car_1474": [2, 1], "car_1743": [9, 2], "car_1742": [4, 6], "car_2528": [15, 7], "car_2529": [8, 6], "car_2258": [3, 7], "car_2259": [7, 6], "car_2689": [9, 5], "car_2252": [8, 0], "car_2253": [15, 5], "car_2250": [5, 3], "car_2251": [10, 1], "car_2256": [14, 6], "car_2257": [13, 2], "car_2254": [4, 3], "car_2255": [11, 5], "car_2098": [6, 7], "car_2099": [9, 1], "car_2090": [8, 0], "car_2091": [12, 2], "car_2092": [5, 7], "car_2093": [2, 4], "car_2094": [7, 1], "car_2095": [12, 7], "car_2096": [5, 3], "car_2097": [10, 0], "car_569": [1, 0], "car_568": [11, 4], "car_2328": [0, 4], "car_2329": [4, 3], "car_563": [7, 4], "car_562": [13, 5], "car_561": [2, 7], "car_560": [5, 2], "car_567": [4, 5], "car_566": [3, 6], "car_565": [1, 5], "car_564": [0, 2], "car_2331": [2, 1], "car_620": [5, 7], "car_621": [10, 6], "car_622": [2, 1], "car_623": [6, 2], "car_624": [3, 1], "car_625": [12, 1], "car_626": [15, 1], "car_627": [14, 1], "car_628": [9, 1], "car_629": [8, 7], "car_1869": [10, 5], "car_1866": [7, 4], "car_1867": [4, 3], "car_198": [5, 1], "car_199": [14, 1], "car_192": [4, 1], "car_193": [10, 4], "car_190": [5, 3], "car_191": [0, 1], "car_196": [12, 4], "car_197": [11, 0], "car_194": [2, 4], "car_195": [9, 0], "car_758": [11, 3], "car_759": [15, 6], "car_754": [15, 4], "car_755": [14, 2], "car_756": [2, 3], "car_757": [4, 2], "car_750": [4, 2], "car_751": [10, 3], "car_752": [0, 5], "car_753": [4, 0], "car_1940": [6, 7], "car_286": [1, 7], "car_287": [2, 7], "car_284": [0, 7], "car_285": [4, 6], "car_282": [3, 5], "car_283": [12, 3], "car_280": [4, 0], "car_281": [15, 2], "car_1949": [4, 1], "car_288": [6, 5], "car_289": [8, 2], "car_1948": [8, 0], "car_2791": [5, 1], "car_1312": [6, 5], "car_1313": [9, 3], "car_1310": [5, 6], "car_1311": [10, 7], "car_1316": [15, 7], "car_1317": [9, 6], "car_1314": [8, 0], "car_1315": [0, 1], "car_1318": [13, 1], "car_1319": [8, 3], "car_2450": [15, 3], "car_2451": [3, 7], "car_2452": [7, 2], "car_372": [4, 0], "car_373": [1, 3], "car_370": [8, 1], "car_371": [0, 1], "car_376": [11, 4], "car_377": [0, 1], "car_374": [8, 6], "car_375": [12, 1], "car_1864": [9, 6], "car_1865": [13, 4], "car_378": [4, 7], "car_379": [5, 2], "car_1860": [15, 5], "car_1861": [1, 7], "car_1862": [14, 2], "car_1863": [2, 1], "car_174": [12, 6], "car_175": [15, 3], "car_176": [0, 7], "car_177": [11, 1], "car_170": [8, 6], "car_171": [4, 6], "car_172": [10, 5], "car_173": [8, 6], "car_2457": [7, 6], "car_178": [1, 0], "car_179": [5, 6], "car_2338": [12, 7], "car_1266": [10, 2], "car_1267": [7, 1], "car_1264": [11, 4], "car_1265": [15, 3], "car_1262": [11, 7], "car_1263": [14, 6], "car_1260": [8, 4], "car_1261": [12, 4], "car_1268": [12, 2], "car_1269": [0, 5], "car_2406": [9, 6], "car_2065": [3, 6], "car_2064": [10, 7], "car_1048": [5, 1], "car_1049": [10, 1], "car_2061": [10, 0], "car_2060": [5, 4], "car_2063": [12, 5], "car_2062": [13, 6], "car_1042": [3, 7], "car_1043": [7, 2], "car_1040": [6, 2], "car_1041": [9, 7], "car_1046": [11, 4], "car_1047": [1, 6], "car_1044": [8, 2], "car_1045": [4, 1], "car_2663": [2, 5], "car_2662": [14, 3], "car_2661": [15, 1], "car_2660": [11, 2], "car_2667": [1, 4], "car_2666": [15, 2], "car_2665": [8, 7], "car_2664": [9, 4], "car_2669": [9, 1], "car_2668": [6, 1], "car_2404": [11, 3], "car_78": [11, 0], "car_79": [15, 4], "car_72": [7, 4], "car_73": [0, 4], "car_70": [13, 5], "car_71": [3, 0], "car_76": [8, 2], "car_77": [12, 1], "car_74": [6, 4], "car_75": [9, 4], "car_992": [8, 7], "car_993": [0, 5], "car_990": [13, 1], "car_991": [7, 2], "car_996": [8, 7], "car_997": [12, 5], "car_994": [15, 1], "car_995": [13, 3], "car_1688": [13, 4], "car_1689": [3, 6], "car_998": [0, 4], "car_999": [15, 4], "car_2409": [6, 3], "car_2408": [8, 3], "car_2797": [4, 2], "car_2796": [0, 6], "car_2795": [8, 2], "car_2794": [3, 6], "car_2793": [13, 7], "car_2792": [9, 3], "car_1448": [1, 7], "car_1449": [10, 0], "car_1446": [0, 1], "car_1447": [4, 6], "car_1444": [5, 1], "car_1445": [9, 4], "car_1442": [12, 4], "car_1443": [11, 5], "car_1440": [10, 6], "car_1441": [7, 1], "car_2798": [11, 1], "car_2401": [7, 3], "car_2539": [8, 2], "car_2538": [3, 4], "car_2249": [15, 0], "car_2248": [0, 4], "car_2245": [7, 6], "car_2244": [14, 1], "car_2247": [12, 6], "car_2246": [8, 2], "car_2241": [7, 3], "car_2240": [6, 0], "car_2243": [4, 6], "car_2242": [8, 5], "car_2089": [3, 5], "car_2088": [9, 2], "car_2083": [1, 0], "car_2082": [15, 6], "car_2081": [11, 6], "car_2080": [3, 4], "car_2087": [5, 0], "car_2086": [11, 0], "car_2085": [4, 1], "car_2084": [12, 3], "car_578": [14, 7], "car_579": [4, 3], "car_2333": [11, 7], "car_2332": [4, 5], "car_2335": [1, 5], "car_2334": [15, 7], "car_2337": [7, 4], "car_553": [10, 5], "car_570": [10, 1], "car_571": [2, 0], "car_572": [1, 4], "car_573": [6, 3], "car_574": [4, 1], "car_806": [13, 1], "car_576": [1, 6], "car_577": [5, 7], "car_807": [8, 7], "car_800": [6, 0], "car_801": [8, 7], "car_802": [0, 2], "car_2192": [0, 5], "car_803": [11, 0], "car_2067": [14, 5], "car_2066": [15, 3], "car_619": [4, 7], "car_618": [0, 4], "car_615": [6, 7], "car_614": [2, 3], "car_617": [8, 2], "car_616": [9, 4], "car_611": [0, 5], "car_610": [8, 1], "car_613": [10, 7], "car_612": [11, 1], "car_2151": [6, 5], "car_2704": [5, 7], "car_2705": [10, 0], "car_2706": [14, 5], "car_2150": [2, 4], "car_2707": [2, 4], "car_2069": [6, 5], "car_2068": [2, 3], "car_2702": [12, 7], "car_2703": [11, 5], "car_769": [2, 3], "car_768": [14, 3], "car_2567": [4, 2], "car_761": [13, 7], "car_760": [10, 4], "car_763": [12, 3], "car_762": [7, 2], "car_765": [2, 1], "car_764": [11, 1], "car_767": [1, 3], "car_766": [7, 0], "car_2216": [1, 7], "car_2217": [14, 3], "car_2330": [11, 4], "car_2214": [12, 1], "car_2215": [15, 1], "car_2212": [7, 5], "car_2213": [8, 7], "car_2210": [14, 5], "car_2211": [2, 6], "car_575": [15, 0], "car_1305": [5, 3], "car_1304": [1, 6], "car_1307": [13, 0], "car_1306": [10, 3], "car_1301": [8, 6], "car_1300": [7, 4], "car_1303": [15, 3], "car_1302": [4, 7], "car_1309": [15, 6], "car_1308": [11, 4], "car_389": [4, 1], "car_388": [7, 5], "car_387": [13, 4], "car_386": [2, 1], "car_385": [5, 7], "car_384": [1, 4], "car_383": [12, 4], "car_382": [3, 0], "car_381": [6, 4], "car_380": [2, 4], "car_141": [15, 1], "car_140": [11, 4], "car_143": [14, 0], "car_142": [1, 0], "car_145": [13, 3], "car_144": [2, 4], "car_147": [15, 4], "car_146": [7, 1], "car_149": [3, 7], "car_148": [1, 0], "car_2407": [3, 7], "car_1279": [13, 1], "car_1278": [9, 7], "car_1271": [5, 2], "car_1270": [2, 7], "car_1273": [0, 1], "car_1272": [7, 4], "car_1275": [6, 3], "car_1274": [15, 5], "car_1277": [14, 6], "car_1276": [12, 3], "car_2326": [3, 1], "car_2327": [7, 6], "car_1059": [12, 3], "car_1058": [7, 2], "car_1055": [1, 4], "car_1054": [4, 0], "car_1057": [9, 7], "car_1056": [5, 4], "car_1051": [3, 0], "car_1050": [13, 5], "car_1053": [12, 7], "car_1052": [8, 1], "car_2656": [3, 6], "car_2657": [7, 6], "car_2654": [0, 2], "car_2655": [10, 0], "car_2652": [10, 4], "car_2653": [12, 6], "car_2650": [4, 3], "car_2651": [1, 6], "car_2415": [11, 7], "car_2658": [8, 7], "car_2659": [0, 1], "car_2416": [13, 0], "car_69": [2, 4], "car_68": [15, 5], "car_2438": [0, 6], "car_2439": [11, 4], "car_61": [13, 2], "car_60": [15, 5], "car_63": [5, 6], "car_62": [11, 5], "car_65": [13, 6], "car_64": [6, 5], "car_67": [11, 0], "car_66": [7, 0], "car_1693": [2, 3], "car_1692": [10, 4], "car_1691": [0, 5], "car_1690": [12, 5], "car_1697": [5, 7], "car_1696": [8, 0], "car_969": [1, 4], "car_968": [12, 4], "car_967": [7, 6], "car_966": [1, 7], "car_965": [15, 7], "car_964": [9, 2], "car_963": [10, 4], "car_962": [1, 0], "car_961": [11, 1], "car_960": [0, 1], "car_1451": [13, 0], "car_1450": [2, 3], "car_1453": [13, 6], "car_1452": [1, 6], "car_1455": [12, 0], "car_1454": [3, 5], "car_1457": [13, 5], "car_1456": [10, 3], "car_1459": [11, 1], "car_1458": [0, 4], "car_2410": [9, 6], "car_2411": [8, 7], "car_2508": [1, 5], "car_2509": [14, 0], "car_2506": [4, 6], "car_2507": [11, 2], "car_2504": [9, 1], "car_2505": [7, 1], "car_2502": [1, 0], "car_2503": [10, 7], "car_2500": [4, 0], "car_2501": [15, 0], "car_2737": [9, 1], "car_1680": [3, 0], "car_1681": [7, 3], "car_1682": [0, 7], "car_1683": [13, 4], "car_1684": [7, 4], "car_2736": [2, 5], "car_1685": [0, 2], "car_1891": [7, 1], "car_1686": [1, 5], "car_1890": [3, 5], "car_1687": [14, 3], "car_1893": [11, 2], "car_545": [13, 2], "car_544": [10, 0], "car_547": [12, 1], "car_546": [3, 6], "car_541": [12, 0], "car_540": [7, 1], "car_543": [5, 1], "car_542": [4, 6], "car_1895": [8, 2], "car_549": [12, 7], "car_548": [0, 2], "car_819": [13, 5], "car_818": [6, 3], "car_2344": [14, 5], "car_2345": [6, 1], "car_2346": [3, 2], "car_2347": [15, 6], "car_2340": [1, 7], "car_1897": [15, 4], "car_2342": [10, 7], "car_2343": [7, 4], "car_2405": [1, 2], "car_1896": [12, 5], "car_2348": [1, 0], "car_2349": [5, 1], "car_33": [7, 2], "car_1767": [11, 4], "car_1766": [8, 6], "car_1765": [7, 3], "car_608": [2, 6], "car_609": [6, 7], "car_602": [11, 3], "car_603": [15, 5], "car_600": [2, 7], "car_601": [9, 2], "car_606": [13, 2], "car_607": [11, 2], "car_604": [10, 0], "car_605": [14, 2], "car_1761": [1, 0], "car_1760": [11, 7], "car_2799": [10, 5], "car_776": [5, 0], "car_777": [7, 2], "car_774": [7, 0], "car_775": [15, 1], "car_772": [13, 0], "car_773": [3, 6], "car_770": [13, 5], "car_771": [6, 1], "car_1768": [5, 6], "car_778": [11, 4], "car_779": [13, 1], "car_2418": [0, 6], "car_1750": [10, 3], "car_2419": [1, 3], "car_1994": [5, 1], "car_1995": [10, 1], "car_1996": [14, 7], "car_1997": [6, 0], "car_1990": [6, 4], "car_1991": [9, 2], "car_1992": [7, 0], "car_1993": [1, 4], "car_1998": [8, 0], "car_1999": [11, 3], "car_1842": [11, 3], "car_1806": [5, 7], "car_1840": [8, 7], "car_1841": [4, 7], "car_398": [0, 2], "car_399": [2, 6], "car_1844": [6, 7], "car_1807": [10, 0], "car_394": [14, 6], "car_395": [9, 7], "car_396": [13, 4], "car_397": [12, 7], "car_390": [10, 4], "car_391": [14, 2], "car_392": [8, 4], "car_393": [11, 5], "car_158": [5, 1], "car_159": [3, 0], "car_156": [11, 6], "car_157": [1, 6], "car_154": [0, 6], "car_155": [4, 0], "car_152": [2, 0], "car_153": [9, 6], "car_150": [1, 6], "car_151": [10, 1], "car_1208": [4, 6], "car_1209": [11, 4], "car_1204": [6, 5], "car_1205": [3, 6], "car_1206": [7, 2], "car_1207": [0, 2], "car_1200": [0, 3], "car_1201": [5, 6], "car_1202": [14, 5], "car_1203": [2, 6], "car_2601": [13, 5], "car_2403": [4, 5], "car_1808": [6, 4], "car_1809": [13, 6], "car_2649": [0, 1], "car_2612": [0, 4], "car_2613": [4, 2], "car_2641": [0, 6], "car_2640": [0, 5], "car_2643": [14, 3], "car_2642": [1, 7], "car_2645": [11, 0], "car_2644": [8, 4], "car_2647": [13, 5], "car_2646": [10, 1], "car_1510": [4, 2], "car_1511": [11, 1], "car_1512": [1, 5], "car_1513": [14, 2], "car_1514": [13, 4], "car_1515": [3, 2], "car_1516": [0, 6], "car_1517": [1, 2], "car_1518": [6, 7], "car_1519": [13, 7], "car_2531": [13, 6], "car_2530": [4, 1], "car_2537": [13, 5], "car_2536": [9, 6], "car_1198": [2, 6], "car_1199": [3, 1], "car_1194": [15, 3], "car_1195": [1, 0], "car_1196": [5, 0], "car_1197": [14, 1], "car_1190": [7, 6], "car_1191": [12, 5], "car_1192": [11, 3], "car_1193": [10, 7], "car_2619": [0, 6], "car_2429": [2, 3], "car_2428": [11, 2], "car_2425": [9, 6], "car_2424": [4, 5], "car_2427": [8, 3], "car_2426": [3, 2], "car_2421": [9, 1], "car_2126": [1, 7], "car_2423": [8, 1], "car_2422": [13, 3], "car_2127": [9, 1], "car_978": [7, 4], "car_979": [8, 7], "car_974": [15, 3], "car_975": [1, 4], "car_976": [5, 6], "car_977": [2, 4], "car_970": [8, 6], "car_971": [12, 0], "car_972": [0, 3], "car_973": [4, 1], "car_1424": [3, 5], "car_1425": [11, 3], "car_1426": [15, 4], "car_1427": [1, 4], "car_1420": [8, 6], "car_1421": [4, 2], "car_1422": [11, 2], "car_1423": [9, 2], "car_2402": [12, 3], "car_1428": [14, 6], "car_1429": [2, 1], "car_2128": [13, 4], "car_2129": [3, 7], "car_2511": [0, 6], "car_2510": [13, 7], "car_2513": [14, 7], "car_2512": [11, 2], "car_2515": [9, 1], "car_2514": [6, 4], "car_2517": [11, 4], "car_2516": [12, 2], "car_2519": [14, 2], "car_2518": [5, 4], "car_1738": [1, 6], "car_1739": [0, 1], "car_1730": [3, 6], "car_1731": [0, 1], "car_1732": [11, 2], "car_1733": [1, 5], "car_1734": [2, 5], "car_1735": [6, 5], "car_1736": [13, 5], "car_1737": [8, 1], "car_54": [3, 5], "car_55": [12, 1], "car_56": [0, 6], "car_57": [13, 5], "car_50": [5, 3], "car_51": [10, 2], "car_52": [6, 1], "car_53": [13, 1], "car_58": [7, 5], "car_59": [4, 2], "car_2609": [6, 0], "car_552": [5, 6], "car_805": [6, 3], "car_550": [11, 6], "car_551": [1, 3], "car_556": [0, 6], "car_557": [14, 5], "car_554": [2, 6], "car_555": [6, 5], "car_558": [3, 4], "car_559": [7, 1], "car_808": [12, 6], "car_809": [4, 7], "car_2357": [8, 2], "car_2356": [8, 7], "car_2355": [3, 2], "car_2354": [14, 6], "car_2353": [15, 4], "car_2352": [6, 7], "car_2351": [14, 2], "car_2350": [10, 1], "car_2359": [11, 7], "car_2358": [12, 2], "car_1757": [9, 1], "car_2339": [11, 0], "car_2469": [7, 0], "car_2468": [9, 2], "car_703": [5, 7], "car_702": [4, 5], "car_701": [12, 2], "car_700": [7, 3], "car_707": [11, 4], "car_706": [0, 1], "car_705": [8, 6], "car_704": [14, 6], "car_709": [15, 5], "car_708": [2, 4], "car_2221": [6, 1], "car_2308": [1, 3], "car_2400": [3, 5], "car_2309": [10, 4], "car_1987": [15, 4], "car_1986": [9, 4], "car_1985": [2, 1], "car_1984": [10, 0], "car_1983": [5, 6], "car_1982": [1, 7], "car_1981": [12, 3], "car_1980": [13, 5], "car_1989": [14, 2], "car_1988": [1, 7], "car_2768": [1, 4], "car_1855": [5, 6], "car_1796": [6, 7], "car_1857": [8, 4], "car_1856": [6, 0], "car_1851": [13, 0], "car_1850": [6, 7], "car_1853": [0, 4], "car_1797": [13, 5], "car_2336": [6, 3], "car_1859": [11, 6], "car_1794": [1, 7], "car_2230": [0, 5], "car_129": [5, 7], "car_128": [1, 5], "car_2231": [4, 2], "car_123": [13, 1], "car_122": [9, 7], "car_121": [5, 2], "car_120": [11, 1], "car_127": [11, 6], "car_126": [4, 1], "car_125": [0, 2], "car_124": [12, 2], "car_1790": [12, 4], "car_1219": [13, 1], "car_1218": [6, 2], "car_1217": [2, 3], "car_1216": [10, 0], "car_1215": [1, 4], "car_1214": [11, 6], "car_1213": [8, 5], "car_1212": [3, 0], "car_1211": [14, 1], "car_1210": [5, 1], "car_1415": [3, 1], "car_1414": [13, 3], "car_1417": [12, 6], "car_1416": [8, 1], "car_1411": [8, 0], "car_1410": [6, 7], "car_237": [2, 6], "car_236": [14, 3], "car_235": [4, 7], "car_234": [0, 3], "car_233": [12, 4], "car_232": [3, 1], "car_231": [5, 2], "car_230": [1, 3], "car_1412": [15, 5], "car_239": [13, 6], "car_238": [9, 6], "car_2638": [10, 6], "car_2639": [6, 0], "car_2634": [9, 2], "car_2635": [12, 5], "car_2636": [4, 6], "car_2637": [11, 4], "car_2630": [0, 3], "car_2631": [3, 1], "car_2632": [10, 5], "car_2633": [2, 5], "car_1503": [6, 7], "car_1502": [2, 6], "car_1501": [5, 7], "car_1500": [15, 3], "car_1507": [0, 7], "car_1506": [12, 4], "car_1505": [7, 0], "car_1504": [13, 1], "car_1509": [13, 1], "car_1508": [6, 7], "car_1189": [6, 0], "car_1188": [1, 3], "car_1187": [6, 5], "car_1186": [2, 4], "car_1185": [10, 0], "car_1184": [15, 7], "car_1183": [4, 6], "car_1182": [12, 3], "car_1181": [8, 6], "car_1180": [7, 0], "car_2182": [14, 2], "car_2183": [0, 1], "car_2180": [13, 7], "car_2181": [8, 7], "car_2186": [0, 3], "car_2187": [5, 1], "car_2184": [4, 3], "car_2185": [10, 1], "car_2188": [10, 5], "car_2189": [14, 5], "car_949": [12, 1], "car_948": [7, 4], "car_2742": [5, 2], "car_2743": [11, 3], "car_2744": [15, 1], "car_2745": [5, 1], "car_2746": [14, 3], "car_2747": [8, 1], "car_941": [12, 4], "car_940": [9, 0], "car_943": [11, 3], "car_942": [2, 3], "car_945": [5, 0], "car_944": [15, 6], "car_947": [13, 2], "car_946": [14, 0], "car_1437": [6, 5], "car_1436": [10, 3], "car_1435": [12, 4], "car_1434": [13, 5], "car_1433": [2, 1], "car_1432": [10, 6], "car_1431": [5, 6], "car_1430": [9, 0], "car_1439": [15, 5], "car_1438": [11, 6], "car_2238": [1, 4], "car_2823": [9, 5], "car_493": [1, 2], "car_492": [11, 3], "car_491": [4, 3], "car_490": [0, 1], "car_497": [8, 5], "car_496": [9, 3], "car_495": [2, 4], "car_494": [5, 2], "car_499": [0, 5], "car_498": [12, 3], "car_2296": [4, 2], "car_2297": [14, 6], "car_2294": [7, 5], "car_2239": [2, 0], "car_2292": [2, 0], "car_2293": [13, 0], "car_2290": [15, 6], "car_2291": [1, 6], "car_1918": [7, 5], "car_2568": [11, 7], "car_2569": [14, 2], "car_2298": [2, 6], "car_1919": [12, 1], "car_1729": [9, 7], "car_1728": [10, 0], "car_1723": [4, 1], "car_1722": [0, 6], "car_1721": [12, 7], "car_1720": [2, 7], "car_1727": [13, 5], "car_1726": [10, 0], "car_1725": [1, 2], "car_1724": [15, 6], "car_43": [2, 0], "car_42": [14, 0], "car_41": [1, 3], "car_40": [11, 2], "car_47": [10, 5], "car_46": [1, 3], "car_45": [11, 3], "car_44": [8, 2], "car_49": [4, 5], "car_48": [9, 2], "car_1916": [6, 1], "car_1917": [9, 4], "car_1858": [0, 3], "car_831": [13, 7], "car_830": [9, 4], "car_833": [4, 3], "car_832": [7, 6], "car_835": [1, 3], "car_834": [11, 3], "car_837": [14, 4], "car_836": [10, 0], "car_839": [9, 5], "car_838": [2, 4], "car_2360": [10, 2], "car_2361": [14, 1], "car_2366": [9, 4], "car_2367": [3, 2], "car_2364": [3, 0], "car_2365": [7, 3], "car_2168": [9, 6], "car_2169": [13, 6], "car_2160": [10, 7], "car_2161": [2, 7], "car_2162": [9, 1], "car_2163": [3, 4], "car_2164": [7, 6], "car_2165": [11, 0], "car_2166": [5, 3], "car_2167": [2, 6], "car_2810": [9, 2], "car_2811": [7, 5], "car_2812": [11, 7], "car_2813": [5, 6], "car_1941": [4, 5], "car_2814": [10, 1], "car_2815": [6, 4], "car_2544": [6, 4], "car_2817": [11, 1], "car_2463": [8, 2], "car_2462": [9, 4], "car_710": [10, 5], "car_711": [14, 1], "car_712": [2, 3], "car_713": [9, 2], "car_714": [7, 3], "car_715": [8, 0], "car_716": [12, 4], "car_717": [11, 2], "car_718": [5, 4], "car_719": [6, 2], "car_1892": [4, 1], "car_1894": [14, 4], "car_138": [3, 5], "car_139": [12, 6], "car_130": [14, 0], "car_131": [6, 7], "car_132": [3, 1], "car_133": [7, 1], "car_134": [0, 7], "car_135": [1, 2], "car_136": [7, 2], "car_137": [9, 6], "car_1222": [10, 3], "car_1223": [6, 2], "car_1220": [12, 0], "car_1221": [1, 0], "car_1226": [2, 6], "car_1227": [6, 0], "car_1224": [3, 4], "car_1225": [15, 3], "car_1886": [15, 0], "car_1887": [5, 6], "car_1228": [9, 5], "car_1229": [5, 7], "car_1882": [8, 4], "car_1883": [1, 7], "car_1880": [6, 7], "car_1881": [3, 5], "car_2621": [2, 6], "car_224": [1, 0], "car_225": [15, 1], "car_226": [10, 7], "car_227": [14, 5], "car_220": [0, 1], "car_221": [4, 3], "car_222": [11, 3], "car_223": [13, 6], "car_228": [0, 5], "car_229": [15, 5], "car_1086": [6, 2], "car_1087": [9, 1], "car_1084": [10, 4], "car_1085": [14, 5], "car_1082": [11, 0], "car_1083": [1, 3], "car_1080": [13, 7], "car_1081": [3, 7], "car_2627": [5, 2], "car_2626": [15, 0], "car_2625": [8, 7], "car_2624": [7, 5], "car_2623": [9, 3], "car_2622": [6, 1], "car_1088": [13, 4], "car_1089": [7, 0], "car_1536": [3, 5], "car_1537": [12, 4], "car_1534": [9, 6], "car_1535": [13, 3], "car_1532": [1, 3], "car_1533": [14, 4], "car_1530": [7, 2], "car_1531": [12, 6], "car_1538": [11, 3], "car_1539": [1, 3], "car_956": [2, 7], "car_957": [3, 6], "car_954": [5, 6], "car_955": [14, 2], "car_952": [12, 5], "car_953": [1, 2], "car_950": [9, 0], "car_951": [7, 1], "car_1827": [9, 7], "car_2199": [8, 6], "car_2198": [10, 6], "car_958": [7, 0], "car_959": [8, 7], "car_1158": [8, 4], "car_1159": [12, 4], "car_1408": [5, 7], "car_1409": [10, 1], "car_2757": [13, 4], "car_2756": [1, 3], "car_2755": [11, 2], "car_1829": [7, 0], "car_1150": [9, 6], "car_1151": [13, 1], "car_1152": [7, 5], "car_1153": [4, 6], "car_1154": [15, 1], "car_1155": [5, 3], "car_1156": [14, 1], "car_1157": [3, 2], "car_2532": [7, 5], "car_2380": [4, 6], "car_2764": [5, 4], "car_2381": [14, 6], "car_2382": [13, 7], "car_2383": [4, 1], "car_1826": [6, 3], "car_480": [8, 1], "car_481": [12, 4], "car_482": [4, 7], "car_483": [14, 0], "car_484": [2, 7], "car_485": [13, 5], "car_486": [3, 7], "car_487": [5, 7], "car_488": [10, 3], "car_489": [14, 6], "car_2283": [1, 0], "car_2282": [15, 1], "car_2285": [10, 4], "car_2284": [5, 7], "car_2287": [7, 1], "car_2286": [13, 6], "car_2577": [8, 7], "car_853": [7, 0], "car_2575": [5, 1], "car_2574": [15, 2], "car_2573": [11, 2], "car_2572": [12, 6], "car_2571": [3, 2], "car_852": [14, 1], "car_851": [10, 0], "car_2579": [4, 6], "car_2578": [12, 7], "car_582": [6, 2], "car_1718": [4, 5], "car_1719": [1, 5], "car_1716": [6, 5], "car_857": [6, 5], "car_1714": [13, 7], "car_1715": [11, 6], "car_1712": [12, 3], "car_1713": [1, 3], "car_1710": [10, 4], "car_856": [10, 6], "car_1828": [3, 7], "car_855": [12, 2], "car_854": [8, 3], "car_2739": [12, 3], "car_2738": [7, 1], "car_2379": [12, 2], "car_2378": [13, 2], "car_828": [0, 2], "car_829": [14, 2], "car_826": [2, 4], "car_827": [7, 4], "car_824": [8, 7], "car_825": [4, 1], "car_822": [13, 2], "car_823": [3, 0], "car_820": [5, 4], "car_821": [6, 3], "car_2179": [5, 2], "car_2178": [11, 3], "car_2173": [5, 1], "car_2172": [4, 0], "car_2171": [12, 0], "car_2170": [3, 6], "car_2177": [0, 2], "car_2176": [7, 3], "car_2175": [3, 4], "car_2174": [9, 0], "car_2535": [14, 6], "car_2534": [11, 1], "car_729": [4, 1], "car_728": [7, 4], "car_725": [2, 1], "car_724": [4, 2], "car_727": [3, 2], "car_726": [13, 4], "car_721": [6, 2], "car_720": [5, 6], "car_723": [3, 7], "car_722": [9, 4], "car_2708": [9, 4], "car_2620": [1, 6], "car_1795": [14, 4], "car_1792": [8, 6], "car_1793": [11, 7], "car_2440": [1, 2], "car_105": [9, 5], "car_104": [15, 3], "car_107": [7, 4], "car_106": [13, 0], "car_101": [7, 4], "car_100": [13, 7], "car_103": [11, 0], "car_102": [0, 2], "car_1888": [2, 3], "car_109": [4, 0], "car_108": [8, 4], "car_1791": [4, 2], "car_1235": [11, 5], "car_1234": [12, 0], "car_1237": [2, 4], "car_1236": [15, 2], "car_1231": [2, 6], "car_1230": [10, 4], "car_1233": [3, 0], "car_1232": [6, 7], "car_1899": [3, 0], "car_1898": [13, 5], "car_1239": [7, 1], "car_1238": [9, 7], "car_211": [1, 3], "car_210": [15, 5], "car_213": [6, 7], "car_212": [5, 3], "car_215": [8, 5], "car_214": [13, 6], "car_217": [6, 7], "car_216": [2, 3], "car_219": [12, 0], "car_218": [13, 1], "car_2676": [14, 1], "car_1529": [3, 6], "car_1528": [9, 4], "car_2610": [7, 3], "car_2611": [12, 5], "car_2616": [6, 0], "car_2617": [7, 1], "car_2614": [10, 0], "car_2615": [2, 4], "car_1521": [12, 1], "car_1520": [7, 4], "car_1523": [15, 2], "car_1522": [0, 2], "car_1525": [14, 4], "car_1524": [5, 7], "car_1527": [5, 4], "car_1526": [15, 2], "car_2700": [3, 7], "car_2740": [11, 3], "car_2741": [15, 2], "car_2313": [2, 4], "car_2701": [8, 1], "car_2312": [15, 5], "car_2311": [12, 2], "car_923": [10, 5], "car_922": [15, 2], "car_921": [0, 4], "car_920": [8, 1], "car_927": [12, 3], "car_926": [7, 2], "car_925": [9, 3], "car_924": [6, 5], "car_2317": [2, 6], "car_929": [15, 0], "car_928": [11, 4], "car_2316": [8, 4], "car_2766": [4, 5], "car_2748": [11, 1], "car_1149": [12, 7], "car_1148": [5, 0], "car_1419": [2, 5], "car_1418": [10, 2], "car_2760": [10, 3], "car_2749": [10, 2], "car_1143": [10, 6], "car_1142": [3, 6], "car_1141": [2, 7], "car_1140": [14, 6], "car_1147": [15, 0], "car_1146": [8, 5], "car_1145": [6, 1], "car_1144": [14, 7], "car_1099": [15, 2], "car_1098": [0, 5], "car_1091": [2, 6], "car_1090": [8, 6], "car_1093": [0, 3], "car_1092": [7, 3], "car_1095": [11, 7], "car_1094": [4, 1], "car_1097": [12, 7], "car_1096": [15, 4], "car_2818": [1, 3], "car_2819": [2, 0], "car_2548": [12, 4], "car_2549": [4, 0], "car_2542": [5, 3], "car_2543": [2, 0], "car_2540": [0, 4], "car_2541": [11, 2], "car_2546": [3, 7], "car_2547": [7, 2], "car_2521": [3, 7], "car_2545": [9, 0], "car_1701": [3, 0], "car_1700": [13, 0], "car_1703": [5, 1], "car_1702": [7, 5], "car_1705": [6, 1], "car_1704": [14, 6], "car_1707": [8, 6], "car_1706": [9, 5], "car_1709": [15, 2], "car_1708": [12, 0], "car_2522": [7, 6], "car_2523": [0, 1], "car_589": [13, 1], "car_588": [6, 7], "car_859": [2, 3], "car_858": [10, 7], "car_2384": [3, 7], "car_2385": [8, 6], "car_1695": [9, 0], "car_2387": [1, 2], "car_581": [5, 2], "car_580": [15, 4], "car_583": [3, 6], "car_850": [15, 6], "car_585": [11, 6], "car_584": [12, 4], "car_587": [10, 3], "car_586": [1, 3], "car_2002": [14, 4], "car_2148": [5, 7], "car_2149": [10, 3], "car_2146": [12, 7], "car_2147": [0, 6], "car_2144": [13, 0], "car_2145": [7, 1], "car_2142": [8, 3], "car_2143": [2, 1], "car_2140": [13, 5], "car_2141": [3, 6], "car_2779": [13, 5], "car_457": [14, 1], "car_456": [10, 2], "car_455": [4, 6], "car_454": [0, 2], "car_453": [8, 7], "car_452": [6, 1], "car_451": [1, 2], "car_450": [15, 7], "car_1878": [15, 2], "car_459": [9, 4], "car_458": [6, 1], "car_1877": [11, 7], "car_1876": [4, 6], "car_2778": [10, 1], "car_1875": [12, 0], "car_1874": [6, 2], "car_1873": [14, 3], "car_1872": [10, 5], "car_738": [0, 6], "car_739": [10, 6], "car_1871": [5, 6], "car_733": [3, 5], "car_732": [6, 0], "car_32": [8, 6], "car_730": [15, 3], "car_731": [10, 6], "car_736": [1, 3], "car_737": [5, 3], "car_734": [7, 6], "car_735": [0, 4], "car_1976": [3, 6], "car_1977": [7, 5], "car_1698": [10, 5], "car_38": [0, 3], "car_39": [4, 0], "car_2564": [2, 5], "car_2565": [6, 7], "car_2566": [9, 1], "car_2295": [12, 2], "car_1978": [2, 4], "car_2560": [8, 1], "car_1979": [6, 4], "car_2561": [0, 2], "car_2562": [1, 3], "car_2563": [5, 0], "car_2443": [1, 5], "car_2442": [0, 2], "car_2441": [8, 3], "car_112": [8, 1], "car_113": [0, 7], "car_110": [14, 7], "car_111": [9, 2], "car_116": [1, 7], "car_117": [5, 7], "car_114": [15, 0], "car_115": [8, 0], "car_2447": [13, 6], "car_118": [2, 0], "car_119": [12, 5], "car_2446": [9, 4], "car_2445": [6, 4], "car_2299": [13, 6], "car_2533": [8, 5], "car_2453": [8, 6], "car_2454": [1, 4], "car_1950": [3, 2], "car_1951": [8, 2], "car_1952": [12, 7], "car_1953": [4, 1], "car_1954": [13, 5], "car_1955": [7, 1], "car_208": [0, 5], "car_209": [11, 1], "car_206": [7, 6], "car_207": [8, 3], "car_204": [0, 5], "car_205": [9, 1], "car_202": [7, 3], "car_203": [12, 3], "car_200": [2, 7], "car_201": [6, 1], "car_2605": [1, 5], "car_2604": [11, 1], "car_2607": [10, 5], "car_2606": [5, 2], "car_1558": [10, 7], "car_1559": [7, 2], "car_2603": [4, 2], "car_2602": [0, 7], "car_1554": [6, 1], "car_1555": [8, 0], "car_1556": [15, 2], "car_1557": [5, 3], "car_1550": [0, 4], "car_1551": [2, 3], "car_1552": [9, 4], "car_1553": [3, 4], "car_1398": [10, 3], "car_1399": [11, 3], "car_1392": [5, 7], "car_1393": [6, 3], "car_1390": [5, 7], "car_1391": [9, 6], "car_1396": [15, 4], "car_1397": [5, 6], "car_1394": [12, 1], "car_1395": [11, 6], "car_2598": [12, 6], "car_930": [14, 3], "car_931": [3, 1], "car_932": [14, 0], "car_933": [13, 6], "car_934": [9, 1], "car_935": [4, 1], "car_936": [2, 5], "car_937": [7, 3], "car_938": [12, 5], "car_939": [14, 0], "car_2773": [0, 4], "car_2772": [7, 6], "car_2775": [10, 2], "car_2774": [5, 1], "car_2777": [11, 2], "car_2776": [4, 5], "car_6": [10, 7], "car_7": [14, 7], "car_4": [3, 4], "car_5": [15, 4], "car_2": [2, 5], "car_3": [9, 0], "car_1178": [15, 1], "car_1": [10, 0], "car_1176": [13, 2], "car_1177": [8, 3], "car_1174": [14, 2], "car_1175": [9, 5], "car_1172": [15, 3], "car_1173": [10, 5], "car_8": [2, 3], "car_9": [9, 2], "car_2809": [2, 7], "car_2808": [10, 6], "car_2559": [9, 7], "car_2558": [6, 1], "car_2555": [15, 1], "car_2554": [12, 6], "car_2557": [14, 1], "car_2556": [10, 1], "car_2551": [2, 0], "car_2550": [1, 3], "car_2553": [13, 0], "car_2552": [9, 3], "car_1774": [14, 5], "car_1775": [9, 0], "car_1776": [7, 6], "car_1777": [10, 6], "car_1770": [12, 4], "car_1771": [11, 3], "car_1772": [5, 4], "car_1773": [10, 3], "car_1778": [6, 4], "car_1779": [12, 0], "car_98": [15, 0], "car_99": [5, 7], "car_90": [9, 7], "car_91": [3, 0], "car_92": [7, 6], "car_93": [8, 0], "car_94": [0, 3], "car_95": [4, 3], "car_96": [2, 5], "car_97": [6, 7], "car_596": [7, 5], "car_597": [12, 3], "car_594": [9, 3], "car_595": [13, 1], "car_592": [10, 4], "car_593": [14, 0], "car_590": [7, 4], "car_591": [5, 7], "car_598": [0, 4], "car_599": [5, 2], "car_848": [7, 5], "car_849": [0, 5], "car_2391": [8, 3], "car_2390": [9, 0], "car_2397": [10, 1], "car_2396": [5, 3], "car_2395": [15, 1], "car_2394": [11, 0], "car_840": [8, 6], "car_841": [0, 7], "car_842": [15, 0], "car_843": [5, 1], "car_844": [10, 3], "car_845": [14, 3], "car_846": [9, 0], "car_847": [3, 0], "car_1608": [5, 6], "car_1609": [2, 4], "car_2153": [1, 6], "car_2152": [8, 2], "car_2155": [9, 1], "car_2154": [10, 5], "car_2157": [7, 3], "car_2156": [3, 1], "car_1600": [9, 7], "car_1601": [13, 0], "car_1602": [11, 4], "car_1603": [15, 5], "car_1604": [2, 3], "car_1605": [3, 2], "car_1606": [4, 1], "car_1607": [11, 2], "car_2369": [4, 3], "car_2362": [6, 2], "car_2363": [9, 5], "car_444": [15, 3], "car_445": [13, 3], "car_446": [4, 1], "car_447": [15, 4], "car_440": [8, 4], "car_441": [12, 4], "car_442": [0, 4], "car_443": [11, 3], "car_448": [1, 4], "car_449": [10, 0], "car_2717": [1, 2], "car_2716": [15, 7], "car_2715": [8, 1], "car_2201": [0, 1], "car_2714": [13, 2], "car_2200": [12, 2], "car_2713": [14, 1], "car_2712": [15, 7], "car_2711": [8, 6], "car_2710": [5, 6], "car_2209": [10, 0], "car_2208": [5, 4], "car_2324": [1, 0], "car_695": [5, 4], "car_694": [7, 2], "car_697": [6, 4], "car_696": [14, 2], "car_691": [2, 3], "car_690": [10, 6], "car_693": [3, 0], "car_692": [13, 4], "car_699": [13, 5], "car_698": [9, 4], "car_2399": [9, 0], "car_1943": [1, 0], "car_1942": [11, 0], "car_279": [12, 5], "car_278": [7, 4], "car_1947": [3, 6], "car_1946": [7, 6], "car_1945": [9, 7], "car_1944": [5, 3], "car_273": [0, 5], "car_272": [3, 2], "car_271": [14, 4], "car_270": [10, 0], "car_277": [14, 5], "car_276": [5, 2], "car_275": [11, 2], "car_274": [4, 0], "car_1925": [0, 4], "car_1549": [8, 1], "car_1548": [13, 2], "car_1547": [9, 5], "car_1546": [8, 2], "car_1545": [7, 4], "car_1544": [6, 2], "car_1543": [12, 2], "car_1542": [13, 4], "car_1541": [9, 2], "car_1540": [6, 3], "car_1389": [0, 3], "car_1388": [8, 6], "car_1385": [2, 6], "car_1384": [10, 6], "car_1387": [5, 1], "car_1386": [0, 1], "car_1381": [8, 3], "car_1380": [2, 0], "car_1383": [1, 2], "car_1382": [15, 5], "car_307": [5, 1], "car_306": [0, 1], "car_305": [3, 4], "car_304": [10, 0], "car_303": [15, 0], "car_302": [11, 0], "car_301": [8, 0], "car_300": [2, 6], "car_804": [10, 7], "car_309": [9, 1], "car_308": [2, 5], "car_909": [15, 4], "car_908": [4, 5], "car_905": [3, 5], "car_904": [13, 4], "car_907": [2, 0], "car_906": [4, 5], "car_901": [4, 5], "car_900": [13, 3], "car_903": [9, 5], "car_902": [10, 0], "car_1161": [14, 4], "car_1160": [4, 3], "car_1163": [3, 0], "car_1162": [2, 0], "car_1165": [14, 1], "car_1164": [10, 5], "car_1167": [7, 1], "car_1166": [9, 0], "car_1169": [12, 4], "car_1168": [8, 7], "car_2432": [15, 7], "car_2433": [5, 7], "car_2430": [13, 0], "car_2322": [13, 2], "car_2431": [8, 3], "car_2436": [13, 5], "car_2437": [12, 4], "car_2010": [12, 2], "car_2011": [4, 5], "car_2012": [11, 3], "car_2013": [5, 3], "car_2014": [10, 2], "car_2015": [2, 0], "car_2016": [7, 6], "car_2017": [0, 1], "car_2018": [11, 7], "car_2019": [1, 0], "car_2435": [6, 0], "car_87": [4, 0], "car_86": [12, 4], "car_85": [14, 0], "car_84": [10, 4], "car_83": [11, 2], "car_82": [12, 7], "car_81": [8, 5], "car_80": [7, 2], "car_2001": [5, 3], "car_89": [6, 5], "car_88": [14, 3], "car_2000": [15, 7], "car_2498": [8, 5], "car_2499": [0, 2], "car_2494": [15, 4], "car_2495": [5, 2], "car_2496": [14, 5], "car_2497": [9, 0], "car_2490": [11, 5], "car_2491": [6, 7], "car_2492": [13, 0], "car_2493": [3, 1], "car_875": [8, 6], "car_874": [15, 6], "car_877": [11, 1], "car_876": [0, 1], "car_871": [13, 3], "car_870": [6, 0], "car_873": [2, 4], "car_872": [5, 7], "car_1694": [6, 4], "car_879": [10, 4], "car_878": [15, 7], "car_1752": [6, 5], "car_1753": [3, 5], "car_1699": [6, 7], "car_2124": [0, 5], "car_2125": [11, 4], "car_1619": [12, 7], "car_1618": [8, 7], "car_2120": [5, 7], "car_2121": [10, 0], "car_2122": [14, 5], "car_2123": [3, 2], "car_1613": [0, 6], "car_1612": [7, 6], "car_1611": [13, 5], "car_1610": [6, 5], "car_1617": [7, 6], "car_1616": [13, 1], "car_1615": [10, 0], "car_1614": [4, 3], "car_1754": [4, 1], "car_1755": [15, 1], "car_2767": [11, 4], "car_2323": [4, 1], "car_471": [15, 4], "car_470": [4, 1], "car_473": [14, 6], "car_472": [10, 7], "car_475": [2, 7], "car_474": [9, 7], "car_477": [7, 6], "car_476": [9, 5], "car_479": [3, 0], "car_478": [14, 2], "car_2232": [10, 0], "car_2233": [2, 0], "car_2234": [9, 2], "car_2235": [13, 1], "car_2236": [8, 5], "car_2237": [12, 6], "car_2769": [6, 3], "car_2765": [9, 4], "car_2038": [12, 7], "car_2709": [12, 3], "car_2762": [3, 2], "car_2039": [14, 4], "car_2763": [1, 4], "car_1819": [0, 7], "car_1818": [12, 5], "car_2386": [0, 7], "car_682": [5, 7], "car_683": [13, 7], "car_680": [9, 5], "car_681": [15, 1], "car_686": [10, 3], "car_687": [2, 4], "car_684": [3, 4], "car_685": [1, 2], "car_688": [9, 3], "car_689": [11, 1], "car_2481": [0, 6], "car_2761": [13, 2], "car_1815": [9, 7], "car_1814": [6, 7], "car_2388": [5, 0], "car_2389": [10, 2], "car_1670": [4, 0], "car_1956": [12, 1], "car_1957": [11, 2], "car_1958": [15, 3], "car_1959": [5, 1], "car_2003": [7, 4], "car_268": [0, 7], "car_269": [4, 7], "car_1974": [10, 1], "car_1975": [14, 5], "car_1972": [12, 5], "car_1973": [4, 5], "car_1970": [9, 0], "car_1971": [3, 6], "car_260": [9, 2], "car_261": [13, 3], "car_262": [8, 2], "car_263": [4, 7], "car_264": [6, 5], "car_265": [9, 7], "car_266": [7, 6], "car_267": [8, 6], "car_1572": [12, 0], "car_1573": [11, 6], "car_1570": [14, 2], "car_1571": [6, 3], "car_1576": [8, 0], "car_1577": [15, 3], "car_1574": [1, 7], "car_1575": [3, 7], "car_1578": [5, 7], "car_1579": [14, 4], "car_1370": [15, 0], "car_1371": [2, 4], "car_1372": [13, 5], "car_1373": [7, 2], "car_1374": [2, 0], "car_1375": [7, 1], "car_1376": [8, 6], "car_1377": [15, 7], "car_1378": [1, 2], "car_1379": [10, 5], "car_2600": [10, 7], "car_314": [9, 2], "car_315": [13, 7], "car_316": [7, 6], "car_317": [1, 5], "car_310": [4, 2], "car_311": [1, 3], "car_312": [2, 0], "car_313": [6, 3], "car_318": [10, 7], "car_319": [6, 1], "car_918": [5, 0], "car_919": [10, 7], "car_2719": [8, 1], "car_2718": [7, 5], "car_912": [9, 2], "car_913": [7, 2], "car_910": [5, 4], "car_911": [6, 4], "car_916": [4, 2], "car_917": [1, 0], "car_914": [12, 2], "car_915": [0, 4], "car_1114": [15, 5], "car_1115": [10, 4], "car_1116": [14, 1], "car_1117": [9, 0], "car_1110": [14, 2], "car_1111": [6, 2], "car_1112": [3, 5], "car_1113": [4, 1], "car_1118": [12, 7], "car_1119": [15, 4], "car_1284": [15, 2], "car_1285": [6, 2], "car_1286": [13, 5], "car_1287": [7, 6], "car_1280": [7, 4], "car_1281": [12, 5], "car_1282": [0, 1], "car_1283": [11, 4], "car_2130": [7, 0], "car_1288": [0, 2], "car_1289": [1, 3], "car_2821": [10, 5], "car_2820": [8, 3], "car_1744": [7, 1], "car_2822": [2, 4], "car_2825": [12, 1], "car_2824": [3, 0], "car_1028": [9, 6], "car_1029": [12, 4], "car_1758": [7, 2], "car_1759": [0, 4], "car_2007": [14, 6], "car_2006": [1, 7], "car_2005": [11, 2], "car_2004": [8, 3], "car_1020": [7, 5], "car_1021": [14, 1], "car_1022": [13, 1], "car_1023": [7, 6], "car_1024": [4, 0], "car_1025": [2, 0], "car_1026": [4, 2], "car_1027": [15, 6], "car_1598": [2, 3], "car_1599": [6, 1], "car_1590": [6, 4], "car_1591": [9, 4], "car_1592": [4, 7], "car_1593": [11, 1], "car_1594": [9, 7], "car_1595": [3, 4], "car_1596": [7, 0], "car_1597": [0, 7], "car_2489": [13, 4], "car_2488": [2, 3], "car_2487": [1, 7], "car_2486": [15, 5], "car_2485": [8, 1], "car_2484": [3, 5], "car_2483": [5, 6], "car_2482": [11, 1], "car_1746": [0, 3], "car_2480": [9, 5], "car_862": [8, 4], "car_863": [12, 1], "car_860": [7, 4], "car_861": [6, 5], "car_866": [14, 6], "car_867": [3, 4], "car_864": [4, 7], "car_865": [1, 3], "car_868": [4, 6], "car_869": [15, 5], "car_1741": [9, 3], "car_2137": [5, 3], "car_2136": [0, 7], "car_2135": [1, 2], "car_2134": [15, 2], "car_2133": [11, 0], "car_2132": [0, 4], "car_1628": [12, 7], "car_1629": [4, 7], "car_1626": [5, 6], "car_1627": [10, 6], "car_1624": [13, 3], "car_1625": [0, 6], "car_1622": [10, 4], "car_1623": [14, 3], "car_1620": [11, 4], "car_1621": [1, 7], "car_1740": [4, 1]}