{"car_2009": [15, 7], "car_2229": [8, 3], "car_2228": [10, 5], "car_468": [2, 3], "car_469": [6, 7], "car_466": [0, 4], "car_467": [15, 6], "car_464": [14, 6], "car_465": [7, 3], "car_462": [1, 0], "car_463": [10, 5], "car_460": [3, 6], "car_461": [4, 1], "car_2455": [6, 3], "car_2751": [2, 6], "car_817": [5, 3], "car_816": [12, 6], "car_815": [7, 4], "car_2750": [15, 0], "car_814": [13, 1], "car_813": [2, 5], "car_812": [10, 1], "car_2072": [1, 7], "car_811": [5, 3], "car_2073": [5, 2], "car_810": [0, 3], "car_679": [4, 2], "car_678": [12, 5], "car_677": [10, 6], "car_676": [11, 0], "car_675": [4, 6], "car_674": [0, 7], "car_673": [5, 7], "car_672": [4, 5], "car_671": [0, 7], "car_670": [0, 1], "car_2771": [12, 6], "car_2770": [13, 5], "car_2078": [6, 4], "car_2079": [3, 7], "car_2456": [13, 6], "car_2341": [5, 3], "car_2670": [15, 6], "car_2671": [1, 2], "car_2754": [4, 5], "car_2672": [5, 1], "car_2223": [1, 5], "car_789": [9, 5], "car_788": [2, 0], "car_2222": [11, 3], "car_783": [12, 7], "car_782": [8, 2], "car_781": [3, 2], "car_780": [15, 2], "car_787": [14, 7], "car_786": [15, 0], "car_785": [11, 4], "car_784": [7, 6], "car_2220": [8, 2], "car_0": [5, 1], "car_2227": [5, 6], "car_1179": [2, 7], "car_2375": [15, 2], "car_2226": [4, 7], "car_2225": [7, 0], "car_2224": [10, 5], "car_255": [9, 0], "car_254": [5, 1], "car_257": [4, 3], "car_256": [8, 2], "car_251": [13, 2], "car_250": [9, 1], "car_253": [1, 2], "car_252": [15, 6], "car_1961": [13, 5], "car_1960": [2, 4], "car_1963": [13, 0], "car_1962": [14, 0], "car_259": [5, 2], "car_258": [1, 2], "car_1967": [3, 6], "car_1966": [14, 0], "car_1170": [1, 5], "car_1171": [5, 7], "car_1565": [4, 1], "car_1564": [12, 1], "car_1567": [5, 2], "car_1566": [15, 6], "car_1561": [13, 0], "car_1560": [2, 0], "car_1563": [8, 5], "car_1562": [3, 6], "car_1569": [14, 0], "car_1568": [10, 4], "car_1413": [10, 2], "car_1363": [3, 4], "car_1362": [9, 1], "car_1361": [10, 2], "car_1360": [5, 2], "car_1367": [5, 0], "car_1366": [1, 7], "car_1365": [15, 5], "car_1364": [11, 7], "car_1369": [13, 7], "car_1368": [2, 0], "car_2758": [4, 1], "car_2376": [9, 3], "car_321": [15, 6], "car_320": [11, 7], "car_323": [13, 3], "car_322": [1, 3], "car_325": [0, 4], "car_324": [7, 0], "car_327": [11, 7], "car_326": [4, 3], "car_329": [13, 3], "car_328": [9, 1], "car_2722": [8, 3], "car_2723": [15, 5], "car_2720": [2, 0], "car_2721": [13, 4], "car_2726": [13, 0], "car_2727": [3, 0], "car_2724": [5, 0], "car_2725": [6, 7], "car_2728": [14, 4], "car_2729": [6, 7], "car_1107": [10, 4], "car_1106": [5, 4], "car_1105": [1, 4], "car_1104": [4, 7], "car_1103": [0, 5], "car_1102": [12, 0], "car_1101": [8, 6], "car_1100": [7, 4], "car_1109": [13, 7], "car_1108": [2, 1], "car_1297": [15, 7], "car_1296": [11, 4], "car_1295": [4, 5], "car_1294": [8, 2], "car_1293": [7, 0], "car_1292": [3, 4], "car_1291": [6, 4], "car_1290": [2, 1], "car_1299": [10, 5], "car_1298": [1, 2], "car_2586": [3, 6], "car_2587": [8, 0], "car_2584": [6, 2], "car_2585": [13, 3], "car_2582": [10, 3], "car_2583": [14, 2], "car_2580": [15, 1], "car_2581": [1, 4], "car_2588": [0, 5], "car_2589": [5, 0], "car_2036": [7, 2], "car_2037": [1, 2], "car_1039": [2, 5], "car_1038": [10, 0], "car_1749": [4, 5], "car_1748": [12, 2], "car_2030": [15, 6], "car_2031": [10, 3], "car_1033": [1, 7], "car_1032": [4, 2], "car_1031": [8, 5], "car_1030": [7, 4], "car_1037": [1, 2], "car_1036": [12, 2], "car_1035": [8, 5], "car_1034": [14, 4], "car_1589": [15, 7], "car_1588": [4, 3], "car_1583": [12, 5], "car_1582": [13, 2], "car_1581": [9, 4], "car_1580": [2, 6], "car_1587": [8, 0], "car_1586": [9, 2], "car_1585": [5, 7], "car_1584": [11, 1], "car_1852": [7, 1], "car_1906": [12, 1], "car_899": [5, 4], "car_898": [12, 3], "car_897": [9, 4], "car_896": [14, 7], "car_895": [12, 6], "car_894": [8, 7], "car_893": [3, 4], "car_892": [13, 7], "car_891": [9, 1], "car_890": [0, 2], "car_2458": [11, 1], "car_2459": [15, 5], "car_2108": [10, 7], "car_2109": [2, 3], "car_2102": [6, 5], "car_2103": [3, 4], "car_2100": [15, 0], "car_2101": [5, 4], "car_2106": [15, 3], "car_2107": [5, 1], "car_2104": [12, 0], "car_2105": [11, 3], "car_1631": [0, 5], "car_1630": [7, 3], "car_1633": [14, 1], "car_1632": [5, 0], "car_1635": [8, 2], "car_1634": [6, 0], "car_1637": [1, 2], "car_1636": [15, 0], "car_1639": [3, 6], "car_1638": [13, 1], "car_1751": [14, 2], "car_2803": [15, 4], "car_2802": [0, 4], "car_2801": [2, 0], "car_2800": [5, 4], "car_2807": [8, 2], "car_1756": [4, 0], "car_2806": [13, 6], "car_2805": [6, 1], "car_2816": [3, 1], "car_2804": [1, 6], "car_2414": [2, 5], "car_419": [14, 3], "car_418": [5, 6], "car_2218": [14, 7], "car_2219": [3, 1], "car_413": [2, 1], "car_412": [14, 7], "car_411": [15, 4], "car_410": [4, 3], "car_417": [11, 0], "car_416": [12, 5], "car_415": [3, 5], "car_414": [9, 4], "car_2417": [11, 5], "car_1679": [4, 2], "car_1678": [7, 3], "car_2412": [1, 5], "car_2413": [5, 1], "car_527": [14, 0], "car_526": [5, 7], "car_525": [15, 0], "car_524": [0, 7], "car_523": [9, 3], "car_522": [8, 1], "car_521": [7, 6], "car_520": [13, 3], "car_1671": [5, 2], "car_1889": [2, 5], "car_529": [13, 1], "car_528": [2, 6], "car_1884": [11, 3], "car_1885": [3, 0], "car_2368": [12, 5], "car_2786": [8, 4], "car_2787": [4, 6], "car_668": [3, 6], "car_669": [7, 2], "car_664": [14, 4], "car_665": [6, 3], "car_666": [7, 6], "car_667": [1, 2], "car_660": [6, 4], "car_661": [0, 6], "car_662": [4, 6], "car_663": [10, 5], "car_2759": [11, 0], "car_1854": [0, 6], "car_2788": [10, 0], "car_2789": [14, 7], "car_798": [3, 7], "car_799": [12, 0], "car_790": [13, 0], "car_791": [3, 0], "car_792": [7, 3], "car_793": [8, 4], "car_794": [4, 7], "car_795": [10, 1], "car_796": [2, 3], "car_797": [6, 2], "car_242": [8, 4], "car_243": [12, 0], "car_240": [5, 4], "car_241": [6, 1], "car_246": [5, 3], "car_247": [10, 6], "car_244": [11, 1], "car_245": [1, 2], "car_1914": [6, 4], "car_1915": [9, 1], "car_248": [14, 2], "car_249": [6, 1], "car_1910": [8, 1], "car_1911": [0, 5], "car_1912": [11, 4], "car_1913": [14, 1], "car_1356": [3, 7], "car_1357": [8, 6], "car_1354": [2, 7], "car_1355": [9, 4], "car_1352": [7, 5], "car_1353": [8, 0], "car_1350": [9, 2], "car_1351": [3, 4], "car_1358": [12, 7], "car_1359": [0, 1], "car_1831": [11, 6], "car_1820": [1, 0], "car_1821": [14, 5], "car_1822": [9, 6], "car_1823": [7, 4], "car_1824": [8, 1], "car_1825": [4, 0], "car_338": [14, 1], "car_339": [0, 1], "car_336": [8, 0], "car_337": [5, 2], "car_334": [2, 7], "car_335": [6, 4], "car_332": [15, 0], "car_333": [5, 3], "car_330": [0, 3], "car_331": [0, 1], "car_2735": [0, 5], "car_2734": [8, 1], "car_1138": [8, 7], "car_1139": [15, 0], "car_2731": [15, 0], "car_2730": [0, 3], "car_2733": [7, 6], "car_2732": [13, 4], "car_1132": [1, 3], "car_1133": [13, 7], "car_1130": [12, 1], "car_1131": [11, 2], "car_1136": [5, 4], "car_1137": [7, 5], "car_1134": [0, 4], "car_1135": [15, 7], "car_1839": [11, 2], "car_2393": [2, 0], "car_1838": [8, 7], "car_2392": [5, 6], "car_2029": [8, 4], "car_2028": [7, 1], "car_2021": [10, 0], "car_2020": [1, 7], "car_2023": [7, 5], "car_2022": [14, 3], "car_2025": [15, 7], "car_2024": [0, 4], "car_2027": [14, 4], "car_2026": [1, 6], "car_2520": [13, 1], "car_1008": [0, 5], "car_1009": [11, 1], "car_1006": [8, 4], "car_1007": [15, 4], "car_1004": [10, 0], "car_1005": [9, 2], "car_1002": [3, 2], "car_1003": [15, 0], "car_1000": [1, 4], "car_1001": [9, 3], "car_2398": [9, 2], "car_2629": [8, 4], "car_2524": [11, 5], "car_2628": [13, 4], "car_2525": [14, 5], "car_2674": [2, 5], "car_1924": [13, 7], "car_2527": [0, 6], "car_36": [0, 4], "car_37": [11, 4], "car_34": [8, 7], "car_35": [12, 6], "car_888": [13, 1], "car_889": [12, 2], "car_30": [4, 3], "car_31": [11, 4], "car_884": [7, 2], "car_885": [10, 7], "car_886": [7, 1], "car_887": [10, 1], "car_880": [11, 3], "car_881": [1, 6], "car_882": [9, 5], "car_883": [13, 5], "car_2449": [10, 5], "car_2448": [0, 6], "car_2119": [15, 4], "car_2118": [11, 2], "car_2115": [15, 1], "car_2114": [4, 3], "car_2117": [0, 1], "car_2116": [2, 7], "car_2111": [3, 2], "car_2110": [9, 3], "car_2113": [12, 1], "car_2112": [8, 3], "car_1644": [6, 1], "car_1645": [9, 3], "car_1646": [3, 7], "car_1647": [15, 2], "car_1640": [5, 6], "car_1641": [7, 6], "car_1642": [5, 7], "car_1643": [2, 1], "car_1648": [1, 4], "car_1649": [2, 1], "car_2599": [4, 1], "car_2159": [1, 3], "car_2158": [0, 3], "car_2591": [13, 5], "car_2590": [10, 1], "car_2593": [12, 2], "car_2592": [8, 3], "car_2595": [14, 7], "car_2594": [0, 1], "car_2597": [8, 5], "car_2596": [2, 1], "car_2677": [4, 5], "car_2608": [0, 1], "car_408": [7, 2], "car_409": [8, 7], "car_2203": [13, 7], "car_2202": [14, 0], "car_2205": [14, 7], "car_2204": [15, 6], "car_2207": [13, 2], "car_2206": [6, 4], "car_400": [8, 2], "car_401": [12, 0], "car_402": [10, 7], "car_403": [9, 0], "car_404": [13, 0], "car_405": [0, 6], "car_406": [13, 4], "car_407": [3, 4], "car_1769": [8, 5], "car_534": [15, 1], "car_535": [10, 7], "car_536": [7, 3], "car_537": [12, 0], "car_530": [3, 4], "car_531": [8, 3], "car_532": [12, 1], "car_533": [4, 1], "car_538": [15, 2], "car_539": [8, 3], "car_2310": [15, 2], "car_659": [11, 0], "car_658": [0, 4], "car_651": [6, 7], "car_650": [14, 7], "car_653": [7, 3], "car_652": [13, 0], "car_655": [10, 3], "car_654": [12, 5], "car_657": [8, 2], "car_656": [3, 4], "car_2434": [10, 5], "car_1929": [10, 1], "car_2195": [4, 3], "car_2194": [0, 7], "car_1764": [9, 3], "car_2197": [1, 7], "car_2196": [15, 5], "car_2191": [14, 3], "car_1928": [1, 4], "car_2190": [10, 2], "car_2193": [3, 5], "car_1909": [5, 7], "car_1908": [15, 0], "car_1907": [11, 0], "car_1763": [10, 5], "car_1905": [8, 2], "car_1904": [1, 5], "car_1903": [11, 2], "car_1902": [1, 3], "car_1901": [12, 6], "car_1900": [3, 0], "car_1349": [5, 3], "car_1348": [11, 0], "car_1762": [15, 4], "car_1341": [0, 7], "car_1340": [3, 4], "car_1343": [14, 4], "car_1342": [15, 2], "car_1345": [7, 1], "car_1344": [6, 0], "car_1347": [0, 2], "car_1346": [12, 7], "car_2753": [8, 3], "car_2752": [6, 0], "car_2698": [10, 4], "car_1833": [13, 7], "car_1832": [14, 0], "car_349": [4, 2], "car_348": [12, 6], "car_1837": [14, 3], "car_1836": [10, 7], "car_1835": [1, 5], "car_1834": [12, 0], "car_343": [15, 2], "car_342": [0, 5], "car_341": [3, 2], "car_340": [6, 7], "car_347": [3, 2], "car_346": [13, 5], "car_345": [6, 0], "car_344": [10, 2], "car_2325": [10, 3], "car_1129": [13, 2], "car_1128": [15, 5], "car_1125": [7, 6], "car_1124": [4, 2], "car_1127": [11, 3], "car_1126": [0, 4], "car_1121": [9, 5], "car_1120": [1, 4], "car_1123": [8, 0], "car_1122": [13, 5], "car_1402": [3, 4], "car_2320": [7, 6], "car_1403": [8, 4], "car_2321": [12, 6], "car_1400": [1, 2], "car_1401": [9, 4], "car_1406": [11, 6], "car_1407": [10, 0], "car_1404": [12, 3], "car_1405": [4, 0], "car_2058": [15, 3], "car_2059": [2, 3], "car_2054": [13, 0], "car_2055": [3, 1], "car_2056": [8, 0], "car_2057": [0, 7], "car_2050": [7, 3], "car_2051": [15, 2], "car_2052": [14, 1], "car_2053": [6, 1], "car_1011": [4, 0], "car_1010": [1, 7], "car_1013": [1, 5], "car_1012": [15, 6], "car_1015": [9, 0], "car_1014": [10, 4], "car_1017": [7, 5], "car_1016": [3, 0], "car_1019": [14, 4], "car_1018": [10, 4], "car_2690": [5, 4], "car_2691": [2, 3], "car_2696": [11, 5], "car_2697": [1, 5], "car_2694": [8, 5], "car_2695": [12, 4], "car_2790": [6, 1], "car_25": [14, 3], "car_24": [5, 0], "car_27": [4, 7], "car_26": [2, 5], "car_21": [7, 0], "car_20": [1, 7], "car_23": [1, 5], "car_22": [4, 7], "car_29": [10, 5], "car_28": [11, 7], "car_2478": [13, 0], "car_2479": [3, 7], "car_2476": [8, 1], "car_2477": [4, 3], "car_2474": [1, 4], "car_2475": [5, 6], "car_2472": [12, 3], "car_2473": [4, 2], "car_2470": [9, 3], "car_2471": [8, 4], "car_1657": [5, 4], "car_1656": [15, 7], "car_1655": [4, 6], "car_1654": [9, 4], "car_1653": [10, 1], "car_1652": [1, 2], "car_1651": [12, 6], "car_1650": [3, 5], "car_1659": [8, 7], "car_1658": [14, 1], "car_2688": [11, 4], "car_1969": [12, 5], "car_2315": [11, 1], "car_1843": [11, 0], "car_435": [4, 0], "car_434": [7, 3], "car_437": [14, 1], "car_436": [15, 6], "car_431": [2, 7], "car_430": [11, 7], "car_433": [3, 7], "car_432": [6, 5], "car_1846": [2, 0], "car_439": [7, 2], "car_438": [9, 3], "car_1847": [9, 7], "car_2274": [8, 1], "car_2275": [12, 1], "car_2276": [15, 6], "car_2277": [9, 0], "car_2270": [5, 4], "car_2271": [6, 3], "car_2272": [3, 0], "car_2273": [7, 3], "car_1845": [5, 6], "car_2278": [7, 1], "car_2279": [0, 6], "car_1848": [13, 3], "car_2289": [12, 4], "car_1968": [8, 1], "car_1849": [4, 6], "car_2288": [13, 5], "car_1965": [5, 3], "car_1964": [15, 4], "car_501": [7, 6], "car_500": [3, 0], "car_503": [15, 2], "car_502": [12, 0], "car_505": [3, 4], "car_504": [6, 0], "car_507": [11, 5], "car_506": [8, 4], "car_509": [9, 2], "car_508": [5, 4], "car_2302": [6, 1], "car_2303": [8, 5], "car_2304": [11, 6], "car_2305": [1, 4], "car_2306": [5, 0], "car_2307": [14, 3], "car_2281": [2, 4], "car_1745": [13, 1], "car_2280": [5, 1], "car_646": [3, 1], "car_647": [14, 3], "car_644": [13, 6], "car_645": [5, 6], "car_642": [10, 5], "car_643": [14, 6], "car_640": [13, 3], "car_641": [0, 1], "car_2314": [13, 4], "car_648": [13, 7], "car_649": [7, 4], "car_2576": [5, 7], "car_2526": [13, 1], "car_1830": [7, 3], "car_2673": [14, 3], "car_2570": [5, 4], "car_2681": [9, 0], "car_2420": [10, 4], "car_2680": [14, 4], "car_2683": [8, 5], "car_1932": [8, 2], "car_1933": [4, 0], "car_1930": [14, 2], "car_1931": [3, 4], "car_1936": [7, 1], "car_1937": [15, 4], "car_1934": [14, 3], "car_1935": [2, 6], "car_1938": [1, 5], "car_1939": [3, 7], "car_2682": [13, 7], "car_1717": [5, 6], "car_1338": [4, 6], "car_1339": [6, 5], "car_1334": [4, 7], "car_1335": [1, 0], "car_1336": [14, 3], "car_1337": [6, 3], "car_1330": [5, 7], "car_1331": [14, 7], "car_1332": [13, 1], "car_1333": [12, 7], "car_1711": [0, 1], "car_358": [5, 1], "car_359": [14, 2], "car_1804": [14, 3], "car_1805": [9, 4], "car_1802": [15, 2], "car_1803": [10, 6], "car_1800": [0, 1], "car_1801": [11, 6], "car_350": [6, 1], "car_351": [9, 2], "car_352": [7, 3], "car_353": [8, 3], "car_354": [3, 4], "car_355": [0, 5], "car_356": [15, 5], "car_357": [1, 3], "car_1482": [8, 0], "car_1483": [5, 3], "car_1480": [9, 6], "car_1481": [13, 2], "car_1486": [8, 2], "car_1487": [0, 6], "car_1484": [3, 5], "car_1485": [7, 4], "car_1488": [1, 7], "car_1489": [2, 6], "car_1240": [12, 4], "car_1241": [0, 5], "car_1242": [11, 2], "car_1243": [5, 6], "car_1244": [10, 2], "car_1245": [2, 7], "car_1246": [6, 7], "car_1247": [9, 1], "car_1248": [7, 0], "car_1249": [0, 7], "car_1747": [8, 3], "car_2374": [12, 6], "car_1879": [8, 3], "car_2049": [14, 0], "car_2048": [10, 4], "car_2047": [1, 5], "car_2046": [15, 6], "car_2045": [8, 3], "car_2044": [13, 3], "car_2043": [9, 6], "car_2042": [15, 1], "car_2041": [0, 6], "car_2040": [12, 4], "car_1064": [4, 7], "car_1065": [11, 4], "car_1066": [9, 2], "car_1067": [13, 3], "car_1060": [2, 1], "car_1061": [13, 4], "car_1062": [12, 1], "car_1063": [0, 3], "car_2685": [14, 1], "car_2684": [12, 5], "car_2687": [7, 2], "car_2686": [3, 0], "car_1068": [15, 2], "car_1069": [14, 0], "car_1798": [2, 7], "car_1799": [8, 2], "car_10": [1, 0], "car_11": [10, 6], "car_12": [14, 5], "car_13": [3, 5], "car_14": [0, 3], "car_15": [15, 5], "car_16": [1, 0], "car_17": [9, 7], "car_18": [1, 0], "car_19": [6, 1], "car_2461": [10, 3], "car_2460": [1, 3], "car_1668": [10, 3], "car_1669": [7, 3], "car_2465": [15, 7], "car_2464": [11, 0], "car_2467": [4, 1], "car_2466": [3, 6], "car_1662": [2, 0], "car_1663": [9, 1], "car_1660": [15, 6], "car_1661": [10, 4], "car_1666": [15, 7], "car_1667": [9, 4], "car_1664": [8, 3], "car_1665": [12, 3], "car_1468": [15, 6], "car_1469": [12, 7], "car_1460": [3, 2], "car_1461": [0, 5], "car_1462": [15, 3], "car_1463": [1, 7], "car_1464": [10, 1], "car_1465": [7, 6], "car_1466": [4, 0], "car_1467": [11, 6], "car_2699": [6, 4], "car_2648": [12, 7], "car_422": [13, 3], "car_423": [3, 5], "car_420": [2, 4], "car_421": [9, 7], "car_426": [9, 2], "car_427": [13, 2], "car_424": [7, 0], "car_425": [15, 4], "car_428": [3, 5], "car_429": [0, 4], "car_2377": [0, 7], "car_2267": [8, 4], "car_2266": [7, 1], "car_2265": [3, 1], "car_2264": [10, 3], "car_2263": [8, 5], "car_2262": [2, 5], "car_2261": [14, 1], "car_2260": [10, 4], "car_2371": [6, 7], "car_2269": [15, 4], "car_2268": [11, 2], "car_2373": [13, 6], "car_2372": [9, 5], "car_2008": [12, 5], "car_2370": [15, 3], "car_2319": [11, 5], "car_2318": [0, 4], "car_518": [2, 1], "car_519": [6, 3], "car_516": [6, 1], "car_517": [10, 0], "car_514": [10, 2], "car_515": [2, 6], "car_512": [12, 3], "car_513": [4, 6], "car_510": [13, 3], "car_511": [3, 6], "car_1870": [0, 6], "car_2692": [13, 7], "car_2444": [10, 0], "car_633": [9, 1], "car_632": [1, 3], "car_631": [11, 3], "car_630": [0, 2], "car_637": [11, 1], "car_636": [12, 2], "car_635": [8, 1], "car_634": [13, 0], "car_2675": [7, 2], "car_639": [2, 7], "car_638": [14, 3], "car_2693": [7, 0], "car_189": [6, 0], "car_188": [10, 4], "car_185": [13, 2], "car_184": [2, 7], "car_187": [4, 7], "car_186": [0, 4], "car_181": [6, 4], "car_180": [4, 5], "car_183": [11, 7], "car_182": [7, 4], "car_749": [12, 7], "car_748": [8, 6], "car_747": [2, 1], "car_746": [14, 2], "car_745": [1, 3], "car_744": [4, 1], "car_743": [12, 4], "car_742": [7, 3], "car_741": [13, 2], "car_740": [6, 2], "car_2131": [0, 4], "car_2618": [3, 6], "car_299": [10, 2], "car_298": [4, 1], "car_1927": [0, 1], "car_1926": [12, 5], "car_1921": [0, 7], "car_1920": [7, 4], "car_1923": [9, 5], "car_1922": [5, 6], "car_291": [1, 2], "car_290": [15, 2], "car_293": [14, 3], "car_292": [5, 7], "car_295": [9, 6], "car_294": [6, 3], "car_297": [7, 4], "car_296": [13, 4], "car_1329": [4, 0], "car_1328": [0, 4], "car_1327": [8, 0], "car_1326": [7, 4], "car_1325": [3, 4], "car_1324": [9, 7], "car_1323": [6, 1], "car_1322": [10, 4], "car_1321": [1, 4], "car_1320": [13, 4], "car_365": [6, 5], "car_364": [10, 4], "car_367": [7, 2], "car_366": [3, 2], "car_361": [11, 4], "car_360": [6, 5], "car_363": [5, 0], "car_362": [1, 4], "car_1811": [6, 1], "car_1810": [14, 1], "car_1813": [12, 6], "car_1812": [3, 2], "car_369": [15, 2], "car_368": [8, 3], "car_1817": [9, 4], "car_1816": [2, 4], "car_167": [11, 7], "car_166": [8, 2], "car_165": [13, 7], "car_164": [9, 6], "car_163": [14, 3], "car_162": [15, 1], "car_161": [13, 3], "car_160": [15, 5], "car_169": [10, 1], "car_168": [1, 0], "car_1495": [5, 0], "car_1494": [15, 1], "car_1497": [13, 3], "car_1496": [14, 6], "car_1491": [7, 1], "car_1490": [3, 0], "car_1493": [11, 4], "car_1492": [4, 3], "car_1499": [8, 1], "car_1498": [7, 6], "car_1253": [8, 2], "car_1252": [13, 5], "car_1251": [10, 5], "car_1250": [11, 2], "car_1257": [9, 6], "car_1256": [6, 5], "car_1255": [5, 1], "car_1254": [1, 3], "car_1259": [8, 4], "car_1258": [13, 0], "car_1868": [3, 1], "car_1789": [2, 6], "car_1788": [0, 6], "car_2070": [3, 4], "car_2071": [15, 4], "car_2076": [12, 0], "car_2077": [11, 1], "car_2074": [6, 4], "car_2075": [9, 0], "car_1781": [6, 3], "car_1780": [2, 5], "car_1783": [7, 1], "car_1782": [3, 5], "car_1785": [1, 5], "car_1784": [0, 4], "car_1787": [8, 0], "car_1786": [9, 6], "car_1077": [2, 0], "car_1076": [10, 2], "car_1075": [5, 6], "car_1074": [11, 6], "car_1073": [12, 1], "car_1072": [8, 5], "car_1071": [3, 2], "car_1070": [2, 3], "car_2678": [1, 7], "car_2679": [10, 4], "car_1079": [13, 2], "car_1078": [6, 5], "car_2139": [8, 0], "car_2034": [2, 3], "car_2300": [0, 7], "car_2035": [9, 1], "car_2301": [1, 3], "car_2032": [9, 1], "car_2033": [1, 0], "car_2138": [7, 0], "car_985": [11, 2], "car_984": [0, 1], "car_987": [10, 6], "car_986": [15, 1], "car_981": [3, 7], "car_980": [10, 6], "car_983": [12, 5], "car_982": [7, 5], "car_1675": [0, 6], "car_1674": [3, 0], "car_1677": [2, 6], "car_1676": [2, 0], "car_989": [13, 0], "car_988": [9, 7], "car_1673": [9, 0], "car_1672": [2, 0], "car_2784": [9, 3], "car_2785": [13, 7], "car_1479": [14, 3], "car_1478": [10, 0], "car_2780": [8, 1], "car_2781": [12, 4], "car_2782": [11, 6], "car_2783": [14, 1], "car_1473": [15, 5], "car_1472": [6, 2], "car_1471": [11, 7], "car_1470": [4, 5], "car_1477": [3, 1], "car_1476": [9, 5], "car_1475": [6, 3], "car_1474": [10, 7], "car_1743": [5, 6], "car_1742": [3, 4], "car_2528": [15, 7], "car_2529": [1, 6], "car_2258": [4, 2], "car_2259": [5, 2], "car_2689": [15, 2], "car_2252": [8, 3], "car_2253": [0, 2], "car_2250": [11, 5], "car_2251": [14, 2], "car_2256": [14, 4], "car_2257": [13, 1], "car_2254": [4, 5], "car_2255": [11, 3], "car_2098": [1, 6], "car_2099": [4, 5], "car_2090": [14, 2], "car_2091": [2, 3], "car_2092": [1, 2], "car_2093": [5, 6], "car_2094": [6, 5], "car_2095": [13, 1], "car_2096": [8, 5], "car_2097": [11, 7], "car_569": [8, 4], "car_568": [3, 1], "car_2328": [13, 3], "car_2329": [10, 6], "car_563": [13, 0], "car_562": [9, 5], "car_561": [1, 5], "car_560": [0, 3], "car_567": [9, 0], "car_566": [10, 4], "car_565": [15, 1], "car_564": [4, 7], "car_2331": [11, 4], "car_620": [14, 3], "car_621": [7, 3], "car_622": [5, 1], "car_623": [10, 7], "car_624": [6, 0], "car_625": [9, 0], "car_626": [13, 5], "car_627": [4, 1], "car_628": [6, 3], "car_629": [13, 7], "car_1869": [12, 0], "car_1866": [14, 2], "car_1867": [6, 4], "car_198": [11, 5], "car_199": [5, 7], "car_192": [7, 4], "car_193": [8, 3], "car_190": [13, 5], "car_191": [14, 6], "car_196": [9, 4], "car_197": [0, 6], "car_194": [12, 2], "car_195": [14, 2], "car_758": [5, 2], "car_759": [9, 7], "car_754": [14, 1], "car_755": [13, 1], "car_756": [3, 5], "car_757": [7, 0], "car_750": [5, 2], "car_751": [14, 4], "car_752": [0, 7], "car_753": [1, 5], "car_1940": [7, 2], "car_286": [1, 2], "car_287": [10, 4], "car_284": [12, 2], "car_285": [4, 5], "car_282": [3, 7], "car_283": [8, 3], "car_280": [12, 0], "car_281": [14, 3], "car_1949": [8, 4], "car_288": [0, 3], "car_289": [4, 1], "car_1948": [7, 0], "car_2791": [7, 0], "car_1312": [4, 5], "car_1313": [1, 2], "car_1310": [14, 1], "car_1311": [9, 5], "car_1316": [3, 1], "car_1317": [12, 6], "car_1314": [5, 4], "car_1315": [10, 4], "car_1318": [15, 2], "car_1319": [9, 3], "car_2450": [7, 4], "car_2451": [14, 1], "car_2452": [3, 0], "car_372": [13, 6], "car_373": [12, 4], "car_370": [5, 4], "car_371": [10, 2], "car_376": [14, 0], "car_377": [3, 1], "car_374": [4, 3], "car_375": [1, 6], "car_1864": [0, 7], "car_1865": [1, 7], "car_378": [7, 2], "car_379": [8, 4], "car_1860": [0, 4], "car_1861": [4, 7], "car_1862": [11, 5], "car_1863": [13, 3], "car_174": [12, 1], "car_175": [11, 4], "car_176": [9, 7], "car_177": [13, 7], "car_170": [6, 1], "car_171": [13, 1], "car_172": [7, 0], "car_173": [8, 6], "car_2457": [8, 7], "car_178": [12, 7], "car_179": [0, 4], "car_2338": [2, 6], "car_1266": [13, 4], "car_1267": [0, 3], "car_1264": [5, 4], "car_1265": [6, 2], "car_1262": [15, 7], "car_1263": [1, 7], "car_1260": [0, 3], "car_1261": [11, 5], "car_1268": [4, 6], "car_1269": [9, 0], "car_2406": [2, 4], "car_2065": [7, 6], "car_2064": [2, 4], "car_1048": [13, 3], "car_1049": [8, 5], "car_2061": [4, 1], "car_2060": [3, 2], "car_2063": [1, 0], "car_2062": [11, 4], "car_1042": [11, 6], "car_1043": [10, 5], "car_1040": [9, 6], "car_1041": [7, 3], "car_1046": [2, 7], "car_1047": [9, 7], "car_1044": [2, 5], "car_1045": [13, 1], "car_2663": [15, 1], "car_2662": [11, 7], "car_2661": [4, 2], "car_2660": [8, 7], "car_2667": [12, 1], "car_2666": [6, 2], "car_2665": [10, 2], "car_2664": [5, 4], "car_2669": [11, 6], "car_2668": [4, 1], "car_2404": [0, 6], "car_78": [4, 0], "car_79": [15, 0], "car_72": [11, 6], "car_73": [15, 2], "car_70": [8, 2], "car_71": [0, 6], "car_76": [2, 1], "car_77": [13, 1], "car_74": [10, 7], "car_75": [14, 3], "car_992": [1, 5], "car_993": [5, 3], "car_990": [3, 6], "car_991": [15, 0], "car_996": [13, 1], "car_997": [7, 1], "car_994": [14, 0], "car_995": [6, 2], "car_1688": [14, 6], "car_1689": [9, 6], "car_998": [8, 5], "car_999": [15, 4], "car_2409": [13, 1], "car_2408": [9, 5], "car_2797": [2, 1], "car_2796": [14, 1], "car_2795": [15, 6], "car_2794": [5, 4], "car_2793": [1, 5], "car_2792": [12, 0], "car_1448": [8, 7], "car_1449": [5, 6], "car_1446": [9, 2], "car_1447": [7, 1], "car_1444": [7, 3], "car_1445": [0, 2], "car_1442": [1, 2], "car_1443": [6, 5], "car_1440": [12, 7], "car_1441": [11, 7], "car_2798": [9, 1], "car_2401": [4, 1], "car_2539": [1, 6], "car_2538": [4, 7], "car_2249": [12, 0], "car_2248": [7, 1], "car_2245": [14, 1], "car_2244": [1, 7], "car_2247": [6, 5], "car_2246": [2, 1], "car_2241": [3, 1], "car_2240": [14, 3], "car_2243": [0, 6], "car_2242": [8, 2], "car_2089": [8, 0], "car_2088": [7, 4], "car_2083": [10, 3], "car_2082": [4, 0], "car_2081": [12, 5], "car_2080": [8, 6], "car_2087": [6, 7], "car_2086": [10, 7], "car_2085": [8, 4], "car_2084": [13, 1], "car_578": [4, 0], "car_579": [12, 1], "car_2333": [6, 2], "car_2332": [10, 4], "car_2335": [15, 3], "car_2334": [11, 2], "car_2337": [14, 5], "car_553": [4, 7], "car_570": [4, 1], "car_571": [15, 3], "car_572": [5, 1], "car_573": [2, 5], "car_574": [6, 2], "car_806": [10, 4], "car_576": [8, 6], "car_577": [12, 1], "car_807": [14, 5], "car_800": [4, 3], "car_801": [2, 7], "car_802": [13, 0], "car_2192": [6, 3], "car_803": [7, 0], "car_2067": [1, 2], "car_2066": [0, 3], "car_619": [11, 3], "car_618": [14, 2], "car_615": [3, 1], "car_614": [2, 1], "car_617": [5, 2], "car_616": [4, 7], "car_611": [1, 6], "car_610": [7, 1], "car_613": [14, 6], "car_612": [10, 4], "car_2151": [9, 0], "car_2704": [13, 3], "car_2705": [0, 6], "car_2706": [11, 6], "car_2150": [5, 7], "car_2707": [15, 4], "car_2069": [10, 0], "car_2068": [5, 3], "car_2702": [15, 5], "car_2703": [7, 3], "car_769": [2, 7], "car_768": [1, 2], "car_2567": [3, 7], "car_761": [1, 5], "car_760": [13, 7], "car_763": [6, 4], "car_762": [14, 4], "car_765": [4, 2], "car_764": [13, 0], "car_767": [2, 4], "car_766": [14, 6], "car_2216": [0, 1], "car_2217": [1, 4], "car_2330": [12, 3], "car_2214": [2, 5], "car_2215": [7, 3], "car_2212": [5, 3], "car_2213": [10, 7], "car_2210": [11, 2], "car_2211": [15, 2], "car_575": [3, 6], "car_1305": [9, 4], "car_1304": [8, 2], "car_1307": [3, 1], "car_1306": [13, 0], "car_1301": [9, 4], "car_1300": [2, 0], "car_1303": [3, 2], "car_1302": [13, 5], "car_1309": [1, 0], "car_1308": [7, 4], "car_389": [7, 0], "car_388": [3, 5], "car_387": [14, 5], "car_386": [10, 2], "car_385": [5, 0], "car_384": [1, 3], "car_383": [11, 5], "car_382": [4, 7], "car_381": [0, 5], "car_380": [12, 1], "car_141": [1, 4], "car_140": [13, 2], "car_143": [6, 1], "car_142": [2, 1], "car_145": [7, 6], "car_144": [13, 0], "car_147": [1, 0], "car_146": [4, 1], "car_149": [3, 4], "car_148": [14, 1], "car_2407": [6, 2], "car_1279": [1, 7], "car_1278": [15, 4], "car_1271": [11, 5], "car_1270": [8, 4], "car_1273": [9, 3], "car_1272": [14, 2], "car_1275": [8, 1], "car_1274": [13, 2], "car_1277": [1, 4], "car_1276": [0, 2], "car_2326": [6, 3], "car_2327": [9, 4], "car_1059": [14, 1], "car_1058": [5, 7], "car_1055": [13, 4], "car_1054": [9, 3], "car_1057": [4, 0], "car_1056": [7, 2], "car_1051": [5, 4], "car_1050": [12, 5], "car_1053": [2, 6], "car_1052": [10, 4], "car_2656": [5, 6], "car_2657": [10, 5], "car_2654": [2, 6], "car_2655": [15, 5], "car_2652": [3, 7], "car_2653": [7, 0], "car_2650": [10, 4], "car_2651": [2, 3], "car_2415": [13, 7], "car_2658": [14, 4], "car_2659": [6, 3], "car_2416": [0, 5], "car_69": [13, 5], "car_68": [5, 6], "car_2438": [2, 3], "car_2439": [6, 1], "car_61": [1, 4], "car_60": [15, 4], "car_63": [14, 0], "car_62": [5, 4], "car_65": [6, 5], "car_64": [2, 6], "car_67": [0, 3], "car_66": [8, 2], "car_1693": [1, 4], "car_1692": [15, 3], "car_1691": [0, 6], "car_1690": [7, 3], "car_1697": [10, 3], "car_1696": [1, 0], "car_969": [3, 1], "car_968": [6, 5], "car_967": [2, 6], "car_966": [10, 5], "car_965": [1, 6], "car_964": [3, 4], "car_963": [2, 1], "car_962": [5, 7], "car_961": [1, 3], "car_960": [12, 1], "car_1451": [4, 7], "car_1450": [9, 5], "car_1453": [2, 6], "car_1452": [14, 6], "car_1455": [13, 2], "car_1454": [11, 2], "car_1457": [12, 3], "car_1456": [8, 5], "car_1459": [14, 2], "car_1458": [4, 0], "car_2410": [3, 1], "car_2411": [12, 0], "car_2508": [14, 6], "car_2509": [2, 7], "car_2506": [12, 3], "car_2507": [5, 6], "car_2504": [3, 0], "car_2505": [7, 0], "car_2502": [10, 1], "car_2503": [6, 4], "car_2500": [4, 7], "car_2501": [1, 7], "car_2737": [1, 3], "car_1680": [1, 6], "car_1681": [10, 3], "car_1682": [6, 0], "car_1683": [9, 5], "car_1684": [13, 1], "car_2736": [4, 7], "car_1685": [12, 6], "car_1891": [9, 1], "car_1686": [1, 5], "car_1890": [6, 3], "car_1687": [5, 6], "car_1893": [15, 2], "car_545": [10, 1], "car_544": [0, 1], "car_547": [3, 5], "car_546": [6, 0], "car_541": [0, 1], "car_540": [12, 7], "car_543": [2, 5], "car_542": [11, 7], "car_1895": [1, 5], "car_549": [10, 2], "car_548": [1, 4], "car_819": [6, 2], "car_818": [2, 4], "car_2344": [0, 6], "car_2345": [6, 3], "car_2346": [9, 5], "car_2347": [8, 3], "car_2340": [0, 5], "car_1897": [12, 2], "car_2342": [2, 4], "car_2343": [9, 7], "car_2405": [10, 4], "car_1896": [14, 1], "car_2348": [14, 3], "car_2349": [6, 3], "car_33": [6, 0], "car_1767": [2, 5], "car_1766": [14, 5], "car_1765": [5, 1], "car_608": [2, 3], "car_609": [9, 7], "car_602": [5, 3], "car_603": [9, 5], "car_600": [4, 2], "car_601": [11, 0], "car_606": [1, 2], "car_607": [5, 7], "car_604": [8, 4], "car_605": [12, 0], "car_1761": [11, 3], "car_1760": [7, 6], "car_2799": [7, 3], "car_776": [1, 0], "car_777": [5, 3], "car_774": [0, 3], "car_775": [4, 2], "car_772": [8, 3], "car_773": [12, 3], "car_770": [13, 1], "car_771": [3, 6], "car_1768": [7, 0], "car_778": [12, 7], "car_779": [4, 1], "car_2418": [15, 5], "car_1750": [5, 4], "car_2419": [1, 0], "car_1994": [6, 7], "car_1995": [5, 4], "car_1996": [6, 2], "car_1997": [0, 2], "car_1990": [11, 7], "car_1991": [1, 4], "car_1992": [10, 0], "car_1993": [8, 0], "car_1998": [4, 2], "car_1999": [14, 7], "car_1842": [7, 2], "car_1806": [12, 7], "car_1840": [15, 0], "car_1841": [14, 3], "car_398": [2, 7], "car_399": [7, 1], "car_1844": [1, 6], "car_1807": [0, 4], "car_394": [3, 4], "car_395": [12, 4], "car_396": [4, 3], "car_397": [10, 2], "car_390": [14, 3], "car_391": [6, 1], "car_392": [9, 4], "car_393": [5, 7], "car_158": [14, 4], "car_159": [11, 1], "car_156": [5, 2], "car_157": [10, 1], "car_154": [11, 7], "car_155": [15, 0], "car_152": [4, 6], "car_153": [9, 3], "car_150": [11, 4], "car_151": [0, 3], "car_1208": [7, 0], "car_1209": [12, 2], "car_1204": [6, 1], "car_1205": [9, 2], "car_1206": [13, 0], "car_1207": [3, 2], "car_1200": [7, 4], "car_1201": [0, 5], "car_1202": [11, 2], "car_1203": [5, 1], "car_2601": [15, 0], "car_2403": [9, 0], "car_1808": [5, 0], "car_1809": [10, 7], "car_2649": [1, 5], "car_2612": [11, 2], "car_2613": [15, 6], "car_2641": [10, 6], "car_2640": [15, 2], "car_2643": [13, 6], "car_2642": [6, 4], "car_2645": [4, 7], "car_2644": [7, 1], "car_2647": [10, 7], "car_2646": [11, 1], "car_1510": [12, 7], "car_1511": [15, 1], "car_1512": [1, 5], "car_1513": [9, 4], "car_1514": [8, 2], "car_1515": [9, 7], "car_1516": [12, 6], "car_1517": [4, 7], "car_1518": [0, 4], "car_1519": [11, 5], "car_2531": [6, 0], "car_2530": [5, 3], "car_2537": [13, 5], "car_2536": [15, 6], "car_1198": [13, 3], "car_1199": [3, 7], "car_1194": [0, 4], "car_1195": [4, 6], "car_1196": [11, 6], "car_1197": [14, 4], "car_1190": [2, 6], "car_1191": [6, 7], "car_1192": [13, 4], "car_1193": [8, 3], "car_2619": [10, 3], "car_2429": [9, 4], "car_2428": [6, 3], "car_2425": [15, 1], "car_2424": [11, 6], "car_2427": [10, 1], "car_2426": [5, 6], "car_2421": [14, 2], "car_2126": [15, 5], "car_2423": [12, 0], "car_2422": [9, 3], "car_2127": [1, 5], "car_978": [12, 1], "car_979": [11, 7], "car_974": [13, 5], "car_975": [5, 7], "car_976": [7, 2], "car_977": [8, 7], "car_970": [10, 1], "car_971": [3, 7], "car_972": [10, 0], "car_973": [6, 5], "car_1424": [8, 1], "car_1425": [0, 6], "car_1426": [11, 0], "car_1427": [1, 0], "car_1420": [4, 5], "car_1421": [1, 6], "car_1422": [2, 4], "car_1423": [3, 5], "car_2402": [14, 5], "car_1428": [5, 2], "car_1429": [14, 2], "car_2128": [5, 0], "car_2129": [14, 2], "car_2511": [4, 5], "car_2510": [8, 5], "car_2513": [10, 3], "car_2512": [11, 5], "car_2515": [13, 1], "car_2514": [2, 7], "car_2517": [5, 1], "car_2516": [4, 7], "car_2519": [2, 3], "car_2518": [14, 2], "car_1738": [11, 5], "car_1739": [14, 1], "car_1730": [0, 1], "car_1731": [4, 6], "car_1732": [10, 6], "car_1733": [2, 4], "car_1734": [6, 4], "car_1735": [9, 6], "car_1736": [3, 5], "car_1737": [4, 6], "car_54": [8, 0], "car_55": [4, 3], "car_56": [11, 0], "car_57": [9, 3], "car_50": [6, 7], "car_51": [9, 3], "car_52": [3, 4], "car_53": [7, 6], "car_58": [13, 0], "car_59": [11, 7], "car_2609": [14, 2], "car_552": [12, 1], "car_805": [15, 6], "car_550": [6, 7], "car_551": [9, 0], "car_556": [1, 6], "car_557": [2, 0], "car_554": [6, 1], "car_555": [15, 7], "car_558": [13, 2], "car_559": [8, 5], "car_808": [7, 2], "car_809": [8, 3], "car_2357": [4, 6], "car_2356": [0, 3], "car_2355": [8, 2], "car_2354": [6, 2], "car_2353": [14, 4], "car_2352": [15, 0], "car_2351": [0, 1], "car_2350": [7, 5], "car_2359": [3, 4], "car_2358": [1, 3], "car_1757": [14, 6], "car_2339": [13, 3], "car_2469": [10, 1], "car_2468": [5, 6], "car_703": [8, 1], "car_702": [10, 7], "car_701": [1, 7], "car_700": [2, 6], "car_707": [14, 2], "car_706": [1, 7], "car_705": [4, 0], "car_704": [0, 4], "car_709": [6, 7], "car_708": [2, 0], "car_2221": [4, 0], "car_2308": [0, 1], "car_2400": [12, 6], "car_2309": [1, 7], "car_1987": [14, 7], "car_1986": [1, 0], "car_1985": [15, 2], "car_1984": [3, 6], "car_1983": [2, 5], "car_1982": [10, 3], "car_1981": [4, 0], "car_1980": [9, 4], "car_1989": [6, 0], "car_1988": [2, 5], "car_2768": [2, 6], "car_1855": [0, 2], "car_1796": [4, 0], "car_1857": [5, 1], "car_1856": [1, 6], "car_1851": [14, 7], "car_1850": [15, 5], "car_1853": [0, 7], "car_1797": [11, 6], "car_2336": [10, 2], "car_1859": [8, 2], "car_1794": [6, 2], "car_2230": [4, 7], "car_129": [15, 6], "car_128": [11, 6], "car_2231": [15, 1], "car_123": [15, 4], "car_122": [4, 3], "car_121": [12, 4], "car_120": [3, 4], "car_127": [0, 7], "car_126": [8, 4], "car_125": [7, 5], "car_124": [13, 1], "car_1790": [6, 4], "car_1219": [10, 3], "car_1218": [5, 6], "car_1217": [4, 6], "car_1216": [7, 4], "car_1215": [3, 4], "car_1214": [14, 3], "car_1213": [11, 5], "car_1212": [9, 0], "car_1211": [15, 0], "car_1210": [11, 6], "car_1415": [5, 7], "car_1414": [1, 4], "car_1417": [13, 0], "car_1416": [10, 2], "car_1411": [4, 6], "car_1410": [12, 4], "car_237": [12, 4], "car_236": [8, 6], "car_235": [6, 3], "car_234": [2, 4], "car_233": [14, 2], "car_232": [1, 6], "car_231": [12, 0], "car_230": [7, 6], "car_1412": [11, 5], "car_239": [11, 3], "car_238": [4, 3], "car_2638": [12, 6], "car_2639": [4, 6], "car_2634": [15, 5], "car_2635": [1, 6], "car_2636": [3, 6], "car_2637": [8, 2], "car_2630": [4, 0], "car_2631": [11, 2], "car_2632": [13, 6], "car_2633": [0, 6], "car_1503": [14, 5], "car_1502": [10, 5], "car_1501": [5, 7], "car_1500": [1, 3], "car_1507": [0, 6], "car_1506": [7, 4], "car_1505": [9, 3], "car_1504": [2, 0], "car_1509": [13, 6], "car_1508": [1, 5], "car_1189": [14, 3], "car_1188": [11, 6], "car_1187": [13, 5], "car_1186": [10, 7], "car_1185": [11, 2], "car_1184": [0, 3], "car_1183": [13, 7], "car_1182": [10, 3], "car_1181": [11, 5], "car_1180": [6, 5], "car_2182": [12, 1], "car_2183": [15, 6], "car_2180": [3, 6], "car_2181": [7, 6], "car_2186": [0, 4], "car_2187": [4, 2], "car_2184": [14, 7], "car_2185": [7, 0], "car_2188": [15, 5], "car_2189": [1, 3], "car_949": [5, 4], "car_948": [12, 1], "car_2742": [14, 0], "car_2743": [6, 5], "car_2744": [13, 0], "car_2745": [5, 6], "car_2746": [3, 1], "car_2747": [12, 5], "car_941": [13, 0], "car_940": [15, 7], "car_943": [12, 4], "car_942": [8, 2], "car_945": [1, 5], "car_944": [0, 3], "car_947": [7, 6], "car_946": [2, 7], "car_1437": [5, 0], "car_1436": [1, 0], "car_1435": [15, 4], "car_1434": [0, 2], "car_1433": [8, 0], "car_1432": [9, 4], "car_1431": [6, 1], "car_1430": [2, 1], "car_1439": [9, 5], "car_1438": [10, 0], "car_2238": [5, 7], "car_2823": [8, 7], "car_493": [10, 0], "car_492": [5, 4], "car_491": [1, 7], "car_490": [4, 3], "car_497": [11, 4], "car_496": [4, 2], "car_495": [8, 4], "car_494": [7, 6], "car_499": [14, 4], "car_498": [10, 0], "car_2296": [5, 7], "car_2297": [6, 1], "car_2294": [8, 7], "car_2239": [10, 5], "car_2292": [2, 3], "car_2293": [6, 1], "car_2290": [0, 6], "car_2291": [10, 5], "car_1918": [5, 1], "car_2568": [7, 4], "car_2569": [8, 3], "car_2298": [9, 0], "car_1919": [9, 0], "car_1729": [3, 2], "car_1728": [1, 6], "car_1723": [12, 4], "car_1722": [7, 2], "car_1721": [14, 5], "car_1720": [10, 7], "car_1727": [9, 7], "car_1726": [10, 1], "car_1725": [11, 7], "car_1724": [0, 3], "car_43": [3, 5], "car_42": [13, 1], "car_41": [9, 2], "car_40": [2, 1], "car_47": [5, 3], "car_46": [15, 5], "car_45": [11, 6], "car_44": [7, 3], "car_49": [9, 0], "car_48": [6, 3], "car_1916": [7, 5], "car_1917": [1, 4], "car_1858": [3, 0], "car_831": [1, 0], "car_830": [15, 7], "car_833": [3, 6], "car_832": [13, 5], "car_835": [15, 7], "car_834": [4, 0], "car_837": [14, 2], "car_836": [10, 7], "car_839": [6, 2], "car_838": [2, 6], "car_2360": [8, 3], "car_2361": [12, 6], "car_2366": [7, 5], "car_2367": [8, 0], "car_2364": [5, 2], "car_2365": [9, 6], "car_2168": [12, 1], "car_2169": [0, 6], "car_2160": [5, 1], "car_2161": [6, 0], "car_2162": [3, 1], "car_2163": [12, 2], "car_2164": [11, 2], "car_2165": [15, 3], "car_2166": [9, 2], "car_2167": [8, 7], "car_2810": [6, 5], "car_2811": [8, 5], "car_2812": [1, 2], "car_2813": [6, 3], "car_1941": [12, 5], "car_2814": [4, 7], "car_2815": [10, 6], "car_2544": [11, 6], "car_2817": [7, 0], "car_2463": [0, 3], "car_2462": [12, 1], "car_710": [9, 6], "car_711": [4, 3], "car_712": [6, 2], "car_713": [9, 5], "car_714": [12, 0], "car_715": [0, 3], "car_716": [13, 7], "car_717": [8, 1], "car_718": [11, 3], "car_719": [15, 5], "car_1892": [0, 3], "car_1894": [2, 7], "car_138": [1, 5], "car_139": [5, 0], "car_130": [14, 5], "car_131": [13, 0], "car_132": [0, 3], "car_133": [15, 2], "car_134": [3, 5], "car_135": [12, 0], "car_136": [4, 6], "car_137": [15, 2], "car_1222": [4, 0], "car_1223": [1, 6], "car_1220": [6, 3], "car_1221": [0, 1], "car_1226": [3, 4], "car_1227": [7, 1], "car_1224": [5, 4], "car_1225": [2, 3], "car_1886": [7, 0], "car_1887": [5, 3], "car_1228": [8, 5], "car_1229": [12, 1], "car_1882": [2, 7], "car_1883": [8, 2], "car_1880": [12, 6], "car_1881": [15, 2], "car_2621": [6, 3], "car_224": [3, 6], "car_225": [8, 6], "car_226": [6, 0], "car_227": [7, 4], "car_220": [10, 3], "car_221": [14, 6], "car_222": [2, 6], "car_223": [13, 1], "car_228": [14, 6], "car_229": [9, 3], "car_1086": [3, 0], "car_1087": [1, 5], "car_1084": [1, 5], "car_1085": [5, 7], "car_1082": [8, 0], "car_1083": [12, 1], "car_1080": [3, 6], "car_1081": [7, 0], "car_2627": [2, 7], "car_2626": [10, 2], "car_2625": [11, 2], "car_2624": [12, 5], "car_2623": [3, 1], "car_2622": [9, 3], "car_1088": [10, 0], "car_1089": [13, 1], "car_1536": [1, 0], "car_1537": [6, 0], "car_1534": [8, 4], "car_1535": [15, 2], "car_1532": [2, 5], "car_1533": [9, 1], "car_1530": [11, 6], "car_1531": [10, 2], "car_1538": [9, 4], "car_1539": [7, 5], "car_956": [10, 4], "car_957": [9, 2], "car_954": [15, 5], "car_955": [5, 6], "car_952": [9, 6], "car_953": [13, 4], "car_950": [14, 2], "car_951": [6, 7], "car_1827": [1, 3], "car_2199": [3, 7], "car_2198": [2, 7], "car_958": [1, 2], "car_959": [14, 0], "car_1158": [7, 6], "car_1159": [12, 4], "car_1408": [14, 5], "car_1409": [2, 6], "car_2757": [9, 4], "car_2756": [14, 2], "car_2755": [1, 3], "car_1829": [3, 7], "car_1150": [4, 7], "car_1151": [11, 6], "car_1152": [10, 2], "car_1153": [9, 5], "car_1154": [7, 3], "car_1155": [12, 6], "car_1156": [0, 6], "car_1157": [2, 3], "car_2532": [9, 4], "car_2380": [2, 6], "car_2764": [2, 5], "car_2381": [6, 2], "car_2382": [9, 1], "car_2383": [13, 0], "car_1826": [11, 1], "car_480": [4, 0], "car_481": [11, 5], "car_482": [15, 5], "car_483": [14, 6], "car_484": [8, 4], "car_485": [0, 4], "car_486": [4, 0], "car_487": [1, 7], "car_488": [2, 0], "car_489": [6, 1], "car_2283": [12, 3], "car_2282": [9, 6], "car_2285": [4, 0], "car_2284": [0, 7], "car_2287": [2, 1], "car_2286": [1, 0], "car_2577": [14, 6], "car_853": [2, 7], "car_2575": [1, 4], "car_2574": [0, 2], "car_2573": [7, 0], "car_2572": [9, 5], "car_2571": [10, 1], "car_852": [14, 1], "car_851": [4, 2], "car_2579": [7, 4], "car_2578": [13, 0], "car_582": [2, 5], "car_1718": [8, 0], "car_1719": [15, 1], "car_1716": [1, 5], "car_857": [10, 4], "car_1714": [0, 1], "car_1715": [4, 7], "car_1712": [9, 4], "car_1713": [12, 7], "car_1710": [12, 6], "car_856": [11, 1], "car_1828": [14, 7], "car_855": [0, 5], "car_854": [9, 4], "car_2739": [7, 1], "car_2738": [2, 7], "car_2379": [10, 1], "car_2378": [11, 1], "car_828": [4, 5], "car_829": [11, 5], "car_826": [3, 6], "car_827": [8, 3], "car_824": [2, 5], "car_825": [6, 5], "car_822": [11, 4], "car_823": [15, 7], "car_820": [9, 2], "car_821": [7, 2], "car_2179": [9, 0], "car_2178": [6, 0], "car_2173": [0, 7], "car_2172": [8, 6], "car_2171": [3, 2], "car_2170": [5, 1], "car_2177": [14, 5], "car_2176": [5, 4], "car_2175": [11, 6], "car_2174": [4, 7], "car_2535": [4, 3], "car_2534": [8, 0], "car_729": [14, 3], "car_728": [1, 4], "car_725": [8, 0], "car_724": [7, 5], "car_727": [11, 3], "car_726": [4, 3], "car_721": [5, 0], "car_720": [1, 5], "car_723": [9, 7], "car_722": [14, 4], "car_2708": [5, 0], "car_2620": [14, 1], "car_1795": [7, 3], "car_1792": [8, 4], "car_1793": [15, 5], "car_2440": [9, 5], "car_105": [4, 0], "car_104": [9, 6], "car_107": [1, 4], "car_106": [11, 7], "car_101": [11, 1], "car_100": [0, 2], "car_103": [2, 1], "car_102": [10, 2], "car_1888": [14, 5], "car_109": [3, 7], "car_108": [2, 6], "car_1791": [3, 6], "car_1235": [10, 5], "car_1234": [4, 2], "car_1237": [9, 1], "car_1236": [6, 2], "car_1231": [10, 4], "car_1230": [15, 2], "car_1233": [8, 4], "car_1232": [3, 4], "car_1899": [9, 5], "car_1898": [6, 5], "car_1239": [8, 2], "car_1238": [7, 1], "car_211": [11, 0], "car_210": [4, 5], "car_213": [7, 5], "car_212": [9, 5], "car_215": [5, 2], "car_214": [4, 1], "car_217": [4, 3], "car_216": [12, 6], "car_219": [5, 6], "car_218": [15, 5], "car_2676": [10, 2], "car_1529": [12, 2], "car_1528": [7, 3], "car_2610": [13, 3], "car_2611": [3, 7], "car_2616": [12, 4], "car_2617": [6, 2], "car_2614": [13, 1], "car_2615": [3, 7], "car_1521": [10, 4], "car_1520": [5, 7], "car_1523": [1, 0], "car_1522": [15, 0], "car_1525": [3, 7], "car_1524": [13, 1], "car_1527": [10, 2], "car_1526": [1, 4], "car_2700": [13, 7], "car_2740": [0, 5], "car_2741": [15, 4], "car_2313": [6, 5], "car_2701": [0, 2], "car_2312": [2, 6], "car_2311": [1, 0], "car_923": [13, 3], "car_922": [15, 7], "car_921": [9, 3], "car_920": [2, 1], "car_927": [14, 7], "car_926": [5, 3], "car_925": [15, 0], "car_924": [8, 1], "car_2317": [9, 5], "car_929": [13, 3], "car_928": [9, 6], "car_2316": [10, 3], "car_2766": [12, 1], "car_2748": [11, 6], "car_1149": [8, 4], "car_1148": [3, 4], "car_1419": [8, 1], "car_1418": [3, 7], "car_2760": [15, 4], "car_2749": [9, 5], "car_1143": [4, 3], "car_1142": [13, 2], "car_1141": [14, 6], "car_1140": [10, 3], "car_1147": [13, 0], "car_1146": [2, 4], "car_1145": [5, 2], "car_1144": [1, 5], "car_1099": [3, 2], "car_1098": [14, 1], "car_1091": [5, 0], "car_1090": [8, 7], "car_1093": [7, 2], "car_1092": [14, 5], "car_1095": [0, 4], "car_1094": [8, 3], "car_1097": [1, 2], "car_1096": [15, 1], "car_2818": [12, 4], "car_2819": [15, 1], "car_2548": [6, 7], "car_2549": [7, 0], "car_2542": [9, 5], "car_2543": [8, 6], "car_2540": [5, 1], "car_2541": [14, 6], "car_2546": [10, 6], "car_2547": [2, 7], "car_2521": [3, 0], "car_2545": [1, 6], "car_1701": [11, 6], "car_1700": [0, 3], "car_1703": [2, 1], "car_1702": [5, 1], "car_1705": [8, 1], "car_1704": [3, 6], "car_1707": [5, 6], "car_1706": [12, 3], "car_1709": [3, 2], "car_1708": [9, 0], "car_2522": [12, 5], "car_2523": [4, 3], "car_589": [13, 7], "car_588": [9, 4], "car_859": [6, 0], "car_858": [2, 6], "car_2384": [8, 7], "car_2385": [12, 4], "car_1695": [8, 1], "car_2387": [10, 5], "car_581": [10, 6], "car_580": [1, 5], "car_583": [13, 3], "car_850": [0, 2], "car_585": [12, 4], "car_584": [8, 0], "car_587": [2, 0], "car_586": [14, 5], "car_2002": [7, 5], "car_2148": [7, 3], "car_2149": [1, 5], "car_2146": [9, 6], "car_2147": [13, 3], "car_2144": [0, 6], "car_2145": [15, 7], "car_2142": [8, 6], "car_2143": [12, 2], "car_2140": [15, 4], "car_2141": [7, 2], "car_2779": [7, 2], "car_457": [11, 5], "car_456": [4, 7], "car_455": [8, 1], "car_454": [2, 6], "car_453": [1, 3], "car_452": [15, 4], "car_451": [0, 5], "car_450": [8, 7], "car_1878": [9, 4], "car_459": [10, 1], "car_458": [15, 5], "car_1877": [5, 2], "car_1876": [15, 4], "car_2778": [3, 6], "car_1875": [0, 6], "car_1874": [12, 1], "car_1873": [8, 4], "car_1872": [13, 0], "car_738": [8, 3], "car_739": [12, 1], "car_1871": [4, 7], "car_733": [12, 7], "car_732": [2, 7], "car_32": [1, 5], "car_730": [0, 2], "car_731": [1, 4], "car_736": [14, 1], "car_737": [7, 0], "car_734": [11, 5], "car_735": [5, 0], "car_1976": [2, 4], "car_1977": [4, 2], "car_1698": [14, 6], "car_38": [10, 0], "car_39": [14, 2], "car_2564": [0, 6], "car_2565": [14, 7], "car_2566": [2, 4], "car_2295": [1, 3], "car_1978": [14, 4], "car_2560": [7, 4], "car_1979": [6, 7], "car_2561": [4, 1], "car_2562": [11, 4], "car_2563": [13, 5], "car_2443": [1, 7], "car_2442": [0, 3], "car_2441": [7, 1], "car_112": [11, 0], "car_113": [1, 0], "car_110": [7, 3], "car_111": [0, 1], "car_116": [12, 0], "car_117": [4, 0], "car_114": [10, 6], "car_115": [8, 5], "car_2447": [8, 7], "car_118": [11, 4], "car_119": [2, 6], "car_2446": [6, 1], "car_2445": [2, 5], "car_2299": [3, 0], "car_2533": [3, 1], "car_2453": [7, 1], "car_2454": [8, 7], "car_1950": [12, 2], "car_1951": [4, 5], "car_1952": [1, 7], "car_1953": [14, 2], "car_1954": [6, 7], "car_1955": [8, 4], "car_208": [11, 4], "car_209": [12, 5], "car_206": [9, 6], "car_207": [7, 4], "car_204": [11, 4], "car_205": [6, 0], "car_202": [3, 5], "car_203": [12, 6], "car_200": [2, 3], "car_201": [6, 0], "car_2605": [6, 3], "car_2604": [1, 7], "car_2607": [12, 4], "car_2606": [3, 0], "car_1558": [1, 5], "car_1559": [14, 5], "car_2603": [2, 3], "car_2602": [10, 0], "car_1554": [0, 4], "car_1555": [4, 0], "car_1556": [15, 2], "car_1557": [15, 2], "car_1550": [10, 1], "car_1551": [14, 0], "car_1552": [8, 7], "car_1553": [12, 1], "car_1398": [13, 7], "car_1399": [4, 6], "car_1392": [0, 5], "car_1393": [4, 6], "car_1390": [8, 0], "car_1391": [12, 2], "car_1396": [12, 3], "car_1397": [14, 4], "car_1394": [10, 6], "car_1395": [9, 0], "car_2598": [0, 5], "car_930": [8, 1], "car_931": [0, 7], "car_932": [3, 7], "car_933": [12, 4], "car_934": [15, 6], "car_935": [10, 0], "car_936": [3, 2], "car_937": [12, 4], "car_938": [0, 1], "car_939": [4, 6], "car_2773": [9, 0], "car_2772": [4, 3], "car_2775": [4, 7], "car_2774": [3, 4], "car_2777": [9, 0], "car_2776": [10, 0], "car_6": [5, 4], "car_7": [13, 0], "car_4": [3, 5], "car_5": [15, 6], "car_2": [6, 2], "car_3": [9, 4], "car_1178": [14, 5], "car_1": [10, 6], "car_1176": [15, 4], "car_1177": [5, 6], "car_1174": [4, 6], "car_1175": [11, 2], "car_1172": [13, 1], "car_1173": [0, 2], "car_8": [3, 2], "car_9": [15, 1], "car_2809": [2, 3], "car_2808": [0, 1], "car_2559": [3, 5], "car_2558": [13, 3], "car_2555": [11, 7], "car_2554": [9, 1], "car_2557": [14, 4], "car_2556": [15, 2], "car_2551": [0, 7], "car_2550": [12, 0], "car_2553": [2, 7], "car_2552": [11, 1], "car_1774": [3, 4], "car_1775": [8, 3], "car_1776": [12, 1], "car_1777": [4, 2], "car_1770": [4, 1], "car_1771": [11, 6], "car_1772": [10, 5], "car_1773": [2, 0], "car_1778": [11, 5], "car_1779": [14, 0], "car_98": [6, 7], "car_99": [12, 5], "car_90": [1, 2], "car_91": [5, 2], "car_92": [6, 1], "car_93": [9, 5], "car_94": [12, 7], "car_95": [15, 4], "car_96": [1, 0], "car_97": [2, 1], "car_596": [14, 5], "car_597": [2, 7], "car_594": [13, 6], "car_595": [15, 1], "car_592": [11, 2], "car_593": [1, 7], "car_590": [3, 1], "car_591": [12, 3], "car_598": [13, 0], "car_599": [0, 3], "car_848": [14, 5], "car_849": [3, 5], "car_2391": [15, 1], "car_2390": [0, 2], "car_2397": [2, 1], "car_2396": [4, 6], "car_2395": [3, 4], "car_2394": [9, 0], "car_840": [13, 4], "car_841": [12, 2], "car_842": [4, 5], "car_843": [15, 7], "car_844": [14, 0], "car_845": [2, 7], "car_846": [15, 1], "car_847": [1, 3], "car_1608": [11, 0], "car_1609": [15, 5], "car_2153": [10, 0], "car_2152": [8, 4], "car_2155": [2, 1], "car_2154": [14, 0], "car_2157": [3, 2], "car_2156": [6, 1], "car_1600": [4, 7], "car_1601": [1, 0], "car_1602": [10, 7], "car_1603": [14, 5], "car_1604": [9, 4], "car_1605": [3, 5], "car_1606": [8, 6], "car_1607": [12, 1], "car_2369": [4, 7], "car_2362": [0, 2], "car_2363": [1, 3], "car_444": [12, 3], "car_445": [11, 0], "car_446": [1, 2], "car_447": [6, 7], "car_440": [8, 4], "car_441": [5, 4], "car_442": [6, 4], "car_443": [3, 1], "car_448": [9, 4], "car_449": [13, 7], "car_2717": [5, 2], "car_2716": [15, 3], "car_2715": [4, 6], "car_2201": [0, 5], "car_2714": [12, 0], "car_2200": [12, 6], "car_2713": [8, 0], "car_2712": [3, 2], "car_2711": [13, 7], "car_2710": [9, 0], "car_2209": [0, 4], "car_2208": [7, 5], "car_2324": [5, 1], "car_695": [12, 7], "car_694": [13, 3], "car_697": [1, 0], "car_696": [0, 3], "car_691": [8, 0], "car_690": [13, 6], "car_693": [11, 6], "car_692": [4, 6], "car_699": [14, 3], "car_698": [10, 7], "car_2399": [13, 7], "car_1943": [15, 4], "car_1942": [0, 4], "car_279": [9, 2], "car_278": [1, 0], "car_1947": [3, 1], "car_1946": [13, 0], "car_1945": [10, 7], "car_1944": [1, 6], "car_273": [5, 1], "car_272": [11, 0], "car_271": [4, 3], "car_270": [7, 0], "car_277": [11, 4], "car_276": [12, 0], "car_275": [13, 3], "car_274": [2, 7], "car_1925": [7, 5], "car_1549": [1, 5], "car_1548": [15, 6], "car_1547": [4, 0], "car_1546": [8, 0], "car_1545": [2, 1], "car_1544": [15, 3], "car_1543": [4, 5], "car_1542": [0, 5], "car_1541": [12, 4], "car_1540": [8, 0], "car_1389": [14, 2], "car_1388": [0, 4], "car_1385": [5, 0], "car_1384": [1, 2], "car_1387": [8, 7], "car_1386": [10, 7], "car_1381": [14, 1], "car_1380": [15, 7], "car_1383": [4, 1], "car_1382": [7, 3], "car_307": [11, 2], "car_306": [4, 2], "car_305": [13, 2], "car_304": [6, 4], "car_303": [4, 1], "car_302": [0, 5], "car_301": [6, 3], "car_300": [14, 7], "car_804": [12, 0], "car_309": [10, 0], "car_308": [1, 7], "car_909": [5, 7], "car_908": [7, 2], "car_905": [7, 3], "car_904": [8, 1], "car_907": [2, 5], "car_906": [11, 6], "car_901": [14, 2], "car_900": [10, 1], "car_903": [13, 6], "car_902": [9, 3], "car_1161": [2, 5], "car_1160": [15, 0], "car_1163": [0, 7], "car_1162": [13, 5], "car_1165": [5, 6], "car_1164": [4, 5], "car_1167": [0, 3], "car_1166": [8, 5], "car_1169": [15, 3], "car_1168": [4, 2], "car_2432": [8, 4], "car_2433": [15, 1], "car_2430": [3, 0], "car_2322": [11, 0], "car_2431": [7, 5], "car_2436": [12, 1], "car_2437": [4, 2], "car_2010": [5, 0], "car_2011": [3, 0], "car_2012": [15, 2], "car_2013": [5, 0], "car_2014": [14, 0], "car_2015": [9, 6], "car_2016": [7, 4], "car_2017": [0, 3], "car_2018": [4, 5], "car_2019": [15, 0], "car_2435": [13, 2], "car_87": [5, 3], "car_86": [11, 2], "car_85": [4, 6], "car_84": [12, 4], "car_83": [7, 3], "car_82": [2, 5], "car_81": [14, 5], "car_80": [5, 3], "car_2001": [9, 5], "car_89": [4, 6], "car_88": [6, 0], "car_2000": [6, 4], "car_2498": [7, 2], "car_2499": [12, 3], "car_2494": [14, 3], "car_2495": [15, 7], "car_2496": [1, 6], "car_2497": [10, 4], "car_2490": [13, 6], "car_2491": [7, 4], "car_2492": [0, 1], "car_2493": [5, 0], "car_875": [11, 5], "car_874": [8, 3], "car_877": [10, 4], "car_876": [5, 7], "car_871": [11, 0], "car_870": [4, 7], "car_873": [6, 5], "car_872": [2, 5], "car_1694": [2, 7], "car_879": [9, 4], "car_878": [6, 3], "car_1752": [2, 4], "car_1753": [6, 2], "car_1699": [9, 6], "car_2124": [3, 4], "car_2125": [8, 0], "car_1619": [5, 4], "car_1618": [1, 3], "car_2120": [1, 3], "car_2121": [7, 2], "car_2122": [12, 0], "car_2123": [15, 3], "car_1613": [8, 6], "car_1612": [3, 0], "car_1611": [13, 1], "car_1610": [6, 2], "car_1617": [15, 1], "car_1616": [4, 7], "car_1615": [0, 4], "car_1614": [12, 4], "car_1754": [8, 0], "car_1755": [12, 7], "car_2767": [15, 4], "car_2323": [1, 5], "car_471": [8, 4], "car_470": [9, 6], "car_473": [2, 5], "car_472": [0, 1], "car_475": [3, 6], "car_474": [6, 7], "car_477": [5, 2], "car_476": [15, 5], "car_479": [7, 4], "car_478": [13, 2], "car_2232": [13, 7], "car_2233": [7, 3], "car_2234": [12, 3], "car_2235": [4, 6], "car_2236": [11, 7], "car_2237": [15, 1], "car_2769": [6, 4], "car_2765": [3, 6], "car_2038": [9, 3], "car_2709": [6, 3], "car_2762": [7, 1], "car_2039": [3, 2], "car_2763": [4, 1], "car_1819": [15, 0], "car_1818": [13, 2], "car_2386": [4, 3], "car_682": [2, 3], "car_683": [3, 0], "car_680": [1, 4], "car_681": [10, 6], "car_686": [5, 3], "car_687": [2, 7], "car_684": [7, 1], "car_685": [15, 2], "car_688": [6, 1], "car_689": [9, 4], "car_2481": [4, 2], "car_2761": [5, 0], "car_1815": [14, 1], "car_1814": [15, 6], "car_2388": [6, 2], "car_2389": [12, 7], "car_1670": [1, 4], "car_1956": [12, 4], "car_1957": [15, 6], "car_1958": [5, 0], "car_1959": [10, 1], "car_2003": [11, 5], "car_268": [2, 1], "car_269": [3, 2], "car_1974": [1, 3], "car_1975": [14, 2], "car_1972": [12, 3], "car_1973": [15, 5], "car_1970": [15, 1], "car_1971": [5, 3], "car_260": [10, 2], "car_261": [14, 2], "car_262": [2, 7], "car_263": [5, 3], "car_264": [2, 3], "car_265": [12, 5], "car_266": [0, 5], "car_267": [10, 1], "car_1572": [9, 1], "car_1573": [8, 4], "car_1570": [2, 3], "car_1571": [6, 2], "car_1576": [3, 5], "car_1577": [8, 2], "car_1574": [14, 3], "car_1575": [2, 7], "car_1578": [11, 3], "car_1579": [15, 2], "car_1370": [11, 4], "car_1371": [1, 2], "car_1372": [3, 4], "car_1373": [12, 4], "car_1374": [0, 7], "car_1375": [2, 4], "car_1376": [6, 5], "car_1377": [8, 6], "car_1378": [4, 0], "car_1379": [11, 6], "car_2600": [11, 7], "car_314": [13, 5], "car_315": [12, 2], "car_316": [0, 3], "car_317": [4, 5], "car_310": [8, 7], "car_311": [0, 1], "car_312": [1, 0], "car_313": [9, 7], "car_318": [5, 4], "car_319": [4, 3], "car_918": [11, 3], "car_919": [1, 6], "car_2719": [14, 3], "car_2718": [10, 0], "car_912": [8, 4], "car_913": [1, 2], "car_910": [6, 3], "car_911": [9, 2], "car_916": [9, 6], "car_917": [13, 7], "car_914": [10, 2], "car_915": [2, 1], "car_1114": [1, 5], "car_1115": [10, 0], "car_1116": [9, 3], "car_1117": [13, 3], "car_1110": [4, 0], "car_1111": [10, 2], "car_1112": [9, 7], "car_1113": [7, 4], "car_1118": [4, 7], "car_1119": [11, 1], "car_1284": [6, 3], "car_1285": [13, 6], "car_1286": [3, 2], "car_1287": [8, 5], "car_1280": [14, 7], "car_1281": [2, 4], "car_1282": [3, 2], "car_1283": [11, 4], "car_2130": [7, 0], "car_1288": [11, 7], "car_1289": [14, 2], "car_2821": [10, 3], "car_2820": [5, 7], "car_1744": [6, 5], "car_2822": [9, 0], "car_1028": [9, 4], "car_1029": [13, 0], "car_1758": [2, 6], "car_1759": [9, 0], "car_2007": [8, 7], "car_2006": [7, 2], "car_2005": [6, 7], "car_2004": [15, 7], "car_1020": [9, 7], "car_1021": [12, 1], "car_1022": [9, 5], "car_1023": [3, 7], "car_1024": [15, 4], "car_1025": [9, 3], "car_1026": [1, 5], "car_1027": [6, 4], "car_1598": [8, 3], "car_1599": [0, 1], "car_1590": [14, 0], "car_1591": [3, 5], "car_1592": [7, 3], "car_1593": [8, 7], "car_1594": [12, 3], "car_1595": [1, 5], "car_1596": [5, 2], "car_1597": [9, 4], "car_2489": [2, 7], "car_2488": [1, 5], "car_2487": [8, 7], "car_2486": [7, 6], "car_2485": [3, 5], "car_2484": [14, 5], "car_2483": [10, 1], "car_2482": [11, 0], "car_1746": [7, 6], "car_2480": [7, 0], "car_862": [3, 2], "car_863": [7, 2], "car_860": [8, 5], "car_861": [6, 7], "car_866": [5, 2], "car_867": [14, 4], "car_864": [11, 5], "car_865": [1, 4], "car_868": [8, 7], "car_869": [0, 2], "car_1741": [13, 4], "car_2137": [2, 6], "car_2136": [1, 5], "car_2135": [9, 4], "car_2134": [2, 1], "car_2133": [10, 7], "car_2132": [1, 0], "car_1628": [6, 3], "car_1629": [9, 2], "car_1626": [10, 6], "car_1627": [14, 3], "car_1624": [8, 5], "car_1625": [4, 2], "car_1622": [2, 7], "car_1623": [7, 3], "car_1620": [12, 5], "car_1621": [10, 2], "car_1740": [6, 7]}