{"car_3253": [0, 2], "car_3750": [5, 1], "car_2009": [12, 0], "car_3196": [10, 2], "car_3197": [2, 4], "car_3194": [1, 2], "car_3195": [5, 2], "car_3192": [8, 0], "car_3193": [0, 5], "car_3190": [13, 1], "car_3191": [7, 5], "car_3668": [11, 5], "car_3669": [1, 6], "car_3198": [13, 7], "car_3199": [7, 5], "car_2229": [14, 3], "car_2228": [10, 3], "car_468": [11, 6], "car_469": [1, 6], "car_466": [7, 5], "car_467": [4, 5], "car_464": [13, 0], "car_465": [3, 1], "car_462": [2, 1], "car_463": [6, 3], "car_460": [4, 3], "car_461": [5, 4], "car_4456": [10, 5], "car_4012": [13, 6], "car_4658": [7, 0], "car_2455": [15, 6], "car_4457": [14, 2], "car_3068": [0, 2], "car_3069": [4, 7], "car_2751": [6, 7], "car_3768": [7, 3], "car_3062": [10, 4], "car_3063": [9, 6], "car_3060": [11, 5], "car_3061": [15, 4], "car_3066": [8, 2], "car_3067": [12, 3], "car_3064": [13, 3], "car_3065": [3, 7], "car_3268": [11, 3], "car_817": [11, 5], "car_816": [4, 0], "car_3260": [12, 1], "car_3261": [4, 5], "car_3262": [15, 5], "car_3263": [5, 6], "car_3264": [2, 1], "car_815": [0, 1], "car_3266": [12, 7], "car_3267": [4, 7], "car_2750": [2, 6], "car_814": [8, 6], "car_813": [3, 7], "car_812": [13, 0], "car_2072": [1, 2], "car_811": [9, 2], "car_2073": [5, 0], "car_4455": [5, 0], "car_810": [6, 3], "car_3743": [9, 7], "car_3214": [0, 2], "car_3741": [14, 2], "car_3740": [10, 7], "car_679": [1, 2], "car_678": [15, 4], "car_677": [4, 5], "car_676": [12, 7], "car_675": [7, 6], "car_674": [3, 4], "car_673": [6, 4], "car_672": [1, 3], "car_671": [15, 6], "car_670": [11, 1], "car_2771": [12, 0], "car_4654": [10, 4], "car_3213": [8, 6], "car_2770": [8, 6], "car_3212": [3, 0], "car_2078": [8, 3], "car_2079": [0, 6], "car_3464": [0, 2], "car_4013": [7, 6], "car_4026": [3, 7], "car_4655": [14, 1], "car_4706": [13, 1], "car_2456": [1, 2], "car_2341": [0, 1], "car_2670": [3, 2], "car_3465": [4, 7], "car_3818": [13, 1], "car_2671": [0, 4], "car_4429": [13, 7], "car_2754": [12, 6], "car_2672": [1, 2], "car_4702": [0, 5], "car_4656": [13, 6], "car_2223": [3, 6], "car_789": [9, 6], "car_788": [10, 5], "car_3338": [9, 0], "car_2222": [13, 6], "car_783": [7, 5], "car_782": [13, 0], "car_781": [10, 5], "car_780": [15, 5], "car_787": [5, 6], "car_786": [11, 0], "car_785": [0, 6], "car_784": [8, 4], "car_3462": [13, 1], "car_2220": [5, 4], "car_0": [4, 7], "car_2227": [1, 5], "car_1179": [1, 7], "car_2375": [3, 2], "car_2226": [4, 7], "car_4430": [3, 7], "car_3339": [13, 5], "car_2225": [12, 3], "car_4431": [7, 5], "car_2224": [8, 1], "car_4432": [12, 3], "car_3463": [12, 0], "car_255": [14, 5], "car_254": [5, 6], "car_257": [9, 5], "car_256": [2, 6], "car_251": [0, 3], "car_250": [12, 0], "car_253": [1, 7], "car_252": [15, 2], "car_1961": [12, 7], "car_1960": [8, 2], "car_1963": [11, 7], "car_1962": [0, 3], "car_259": [12, 4], "car_258": [3, 4], "car_1967": [3, 4], "car_1966": [9, 2], "car_4135": [14, 7], "car_4085": [11, 0], "car_4137": [7, 0], "car_4136": [9, 3], "car_4131": [3, 4], "car_1170": [11, 4], "car_4133": [12, 6], "car_4132": [7, 1], "car_1171": [1, 5], "car_4139": [12, 5], "car_4138": [8, 7], "car_1565": [1, 7], "car_1564": [15, 2], "car_1567": [6, 4], "car_1566": [2, 7], "car_1561": [0, 3], "car_1560": [8, 1], "car_1563": [11, 1], "car_1562": [4, 5], "car_4243": [4, 2], "car_4242": [12, 0], "car_4241": [8, 4], "car_4240": [3, 1], "car_1569": [3, 6], "car_1568": [13, 3], "car_1413": [4, 5], "car_4080": [11, 6], "car_1363": [8, 2], "car_1362": [7, 0], "car_1361": [3, 7], "car_1360": [13, 7], "car_1367": [10, 4], "car_1366": [1, 5], "car_1365": [11, 4], "car_1364": [0, 5], "car_1369": [0, 6], "car_1368": [8, 5], "car_4399": [14, 7], "car_4398": [5, 1], "car_2758": [2, 4], "car_2376": [7, 1], "car_4391": [15, 7], "car_4390": [11, 5], "car_4393": [6, 4], "car_4392": [5, 7], "car_4395": [3, 7], "car_4394": [9, 1], "car_4397": [15, 2], "car_4396": [8, 7], "car_321": [0, 7], "car_320": [12, 7], "car_323": [1, 4], "car_322": [11, 1], "car_325": [6, 4], "car_324": [5, 4], "car_327": [12, 3], "car_326": [3, 6], "car_329": [4, 1], "car_328": [0, 3], "car_4623": [6, 0], "car_4622": [14, 4], "car_4625": [13, 2], "car_4624": [9, 0], "car_4627": [0, 6], "car_4626": [7, 4], "car_2722": [11, 7], "car_2723": [15, 4], "car_2720": [7, 5], "car_2721": [0, 4], "car_2726": [3, 6], "car_2727": [12, 2], "car_2724": [5, 1], "car_2725": [10, 3], "car_2728": [11, 1], "car_2729": [5, 1], "car_1107": [8, 3], "car_1106": [14, 5], "car_1105": [5, 6], "car_1104": [15, 4], "car_1103": [4, 7], "car_1102": [0, 3], "car_1101": [8, 1], "car_1100": [13, 6], "car_4409": [8, 3], "car_4408": [7, 3], "car_1109": [15, 6], "car_1108": [4, 0], "car_1297": [4, 2], "car_1296": [12, 0], "car_1295": [7, 6], "car_1294": [3, 0], "car_1293": [9, 7], "car_1292": [2, 4], "car_1291": [1, 4], "car_1290": [4, 0], "car_1299": [5, 6], "car_1298": [15, 6], "car_2928": [7, 3], "car_2929": [8, 1], "car_2924": [14, 0], "car_2925": [6, 1], "car_2926": [9, 1], "car_2927": [3, 6], "car_2920": [4, 7], "car_2921": [15, 5], "car_2922": [5, 2], "car_2923": [10, 3], "car_2586": [6, 3], "car_2587": [9, 0], "car_2584": [5, 7], "car_2585": [14, 7], "car_2582": [4, 5], "car_2583": [1, 4], "car_2580": [6, 5], "car_2581": [8, 5], "car_3527": [12, 5], "car_3526": [7, 4], "car_3525": [6, 0], "car_3524": [10, 7], "car_2858": [11, 6], "car_2859": [15, 2], "car_2588": [8, 6], "car_2589": [12, 2], "car_2036": [5, 2], "car_2037": [2, 0], "car_1039": [6, 1], "car_1038": [2, 0], "car_1749": [8, 0], "car_1748": [13, 0], "car_2030": [6, 5], "car_2031": [9, 2], "car_1033": [7, 6], "car_1032": [13, 0], "car_1031": [9, 5], "car_1030": [6, 0], "car_1037": [15, 6], "car_1036": [4, 3], "car_1035": [0, 2], "car_1034": [12, 7], "car_4557": [6, 1], "car_1589": [4, 3], "car_1588": [12, 0], "car_1583": [10, 2], "car_1582": [5, 2], "car_1581": [15, 2], "car_1580": [0, 2], "car_1587": [13, 3], "car_1586": [9, 5], "car_1585": [2, 4], "car_1584": [14, 6], "car_1852": [5, 0], "car_1906": [11, 0], "car_4556": [2, 6], "car_3295": [4, 6], "car_3294": [0, 3], "car_3297": [5, 2], "car_3296": [11, 1], "car_3291": [6, 5], "car_3290": [2, 4], "car_899": [13, 3], "car_898": [9, 7], "car_897": [14, 6], "car_896": [5, 2], "car_895": [1, 6], "car_894": [11, 7], "car_893": [4, 7], "car_892": [0, 6], "car_891": [12, 4], "car_890": [8, 4], "car_2458": [14, 1], "car_2459": [2, 4], "car_2108": [0, 6], "car_2109": [4, 6], "car_3457": [13, 0], "car_3456": [9, 5], "car_3455": [6, 1], "car_3454": [2, 3], "car_2102": [10, 4], "car_2103": [14, 7], "car_2100": [15, 2], "car_2101": [1, 7], "car_2106": [3, 5], "car_2107": [8, 2], "car_2104": [6, 3], "car_2105": [13, 4], "car_1631": [15, 1], "car_1630": [11, 2], "car_1633": [6, 0], "car_1632": [14, 6], "car_1635": [13, 4], "car_1634": [9, 4], "car_1637": [7, 2], "car_1636": [3, 0], "car_1639": [11, 0], "car_1638": [0, 2], "car_3418": [11, 7], "car_1751": [4, 7], "car_2803": [2, 3], "car_3859": [1, 2], "car_2802": [14, 1], "car_3857": [0, 3], "car_3856": [8, 1], "car_3855": [7, 3], "car_3854": [13, 5], "car_3853": [10, 0], "car_2801": [0, 2], "car_3851": [1, 6], "car_3850": [15, 1], "car_3189": [9, 3], "car_3188": [2, 5], "car_2800": [12, 3], "car_3269": [1, 3], "car_3181": [14, 0], "car_2807": [0, 4], "car_1756": [9, 3], "car_3182": [9, 2], "car_3185": [0, 3], "car_3184": [8, 7], "car_3187": [10, 6], "car_2806": [8, 0], "car_3677": [8, 0], "car_3676": [7, 5], "car_3675": [3, 5], "car_3674": [13, 3], "car_3673": [9, 3], "car_2805": [3, 1], "car_3306": [1, 0], "car_2816": [5, 3], "car_2804": [6, 0], "car_3380": [4, 7], "car_4018": [14, 6], "car_3679": [4, 5], "car_3104": [6, 0], "car_2414": [2, 0], "car_419": [0, 7], "car_418": [12, 6], "car_2218": [11, 6], "car_2219": [15, 7], "car_413": [2, 6], "car_412": [14, 5], "car_411": [1, 7], "car_410": [12, 7], "car_417": [7, 2], "car_416": [2, 7], "car_415": [15, 4], "car_414": [9, 6], "car_2417": [3, 4], "car_4552": [3, 5], "car_1679": [6, 5], "car_3546": [5, 4], "car_4086": [1, 5], "car_1678": [2, 1], "car_4261": [3, 2], "car_2412": [11, 7], "car_4104": [4, 0], "car_4260": [6, 1], "car_2947": [8, 0], "car_2413": [1, 0], "car_3265": [9, 3], "car_4519": [12, 5], "car_3079": [15, 5], "car_3078": [0, 5], "car_3729": [4, 2], "car_3075": [9, 5], "car_3074": [6, 4], "car_3077": [7, 6], "car_3076": [13, 5], "car_3071": [15, 2], "car_3070": [11, 1], "car_3073": [2, 5], "car_3072": [1, 5], "car_527": [11, 7], "car_526": [4, 2], "car_525": [0, 4], "car_524": [12, 0], "car_523": [3, 0], "car_522": [13, 7], "car_521": [9, 1], "car_520": [5, 1], "car_3273": [2, 4], "car_1671": [14, 7], "car_3271": [10, 3], "car_1889": [1, 6], "car_3277": [0, 7], "car_3276": [7, 1], "car_529": [10, 3], "car_528": [5, 0], "car_4269": [9, 1], "car_4550": [6, 5], "car_4268": [6, 3], "car_4103": [12, 6], "car_1884": [2, 1], "car_1885": [6, 2], "car_2368": [3, 6], "car_2786": [10, 5], "car_4573": [3, 7], "car_2787": [14, 0], "car_668": [7, 1], "car_669": [8, 2], "car_664": [0, 5], "car_665": [11, 1], "car_666": [1, 4], "car_667": [9, 4], "car_660": [9, 6], "car_661": [3, 6], "car_662": [8, 0], "car_663": [12, 7], "car_4732": [2, 7], "car_4200": [7, 6], "car_2759": [13, 0], "car_1854": [7, 1], "car_2788": [6, 1], "car_3308": [9, 7], "car_2789": [13, 7], "car_3824": [14, 3], "car_4707": [3, 6], "car_4034": [10, 0], "car_2940": [10, 3], "car_3952": [1, 0], "car_3953": [5, 3], "car_798": [7, 6], "car_799": [0, 4], "car_4466": [7, 4], "car_790": [3, 2], "car_791": [8, 4], "car_792": [12, 6], "car_793": [15, 3], "car_794": [1, 0], "car_795": [6, 5], "car_796": [9, 3], "car_797": [13, 1], "car_4098": [15, 4], "car_4099": [1, 7], "car_4092": [15, 1], "car_4093": [1, 2], "car_4090": [0, 1], "car_4091": [4, 2], "car_4096": [7, 6], "car_4097": [0, 6], "car_4094": [13, 6], "car_4095": [3, 7], "car_4620": [11, 4], "car_3822": [5, 0], "car_3958": [10, 5], "car_242": [15, 5], "car_243": [1, 4], "car_240": [4, 7], "car_241": [11, 2], "car_246": [6, 3], "car_247": [3, 2], "car_244": [5, 2], "car_245": [14, 5], "car_1914": [5, 4], "car_1915": [14, 7], "car_248": [7, 1], "car_249": [8, 4], "car_1910": [7, 2], "car_1911": [8, 2], "car_1912": [0, 2], "car_1913": [1, 4], "car_4464": [13, 0], "car_3823": [10, 3], "car_4559": [0, 3], "car_4178": [9, 3], "car_4278": [7, 1], "car_4279": [8, 5], "car_4276": [9, 4], "car_4277": [13, 4], "car_4274": [2, 4], "car_4275": [6, 7], "car_4272": [11, 1], "car_3738": [4, 3], "car_4270": [3, 0], "car_4271": [8, 0], "car_1356": [15, 0], "car_1357": [10, 2], "car_1354": [7, 4], "car_1355": [0, 7], "car_1352": [9, 7], "car_1353": [13, 7], "car_1350": [10, 0], "car_1351": [6, 0], "car_1358": [6, 7], "car_1359": [9, 3], "car_4558": [9, 1], "car_4462": [1, 4], "car_1831": [13, 5], "car_1820": [14, 0], "car_1821": [2, 1], "car_1822": [13, 3], "car_1823": [3, 5], "car_1824": [7, 3], "car_1825": [12, 6], "car_338": [12, 5], "car_339": [0, 4], "car_336": [7, 5], "car_337": [8, 2], "car_334": [9, 4], "car_335": [13, 2], "car_332": [5, 7], "car_333": [10, 5], "car_330": [11, 2], "car_331": [15, 4], "car_2735": [12, 4], "car_2734": [8, 7], "car_1138": [6, 1], "car_1139": [13, 3], "car_2731": [2, 7], "car_2730": [10, 5], "car_2733": [13, 6], "car_2732": [6, 4], "car_1132": [2, 6], "car_1133": [13, 7], "car_1130": [5, 4], "car_1131": [10, 2], "car_1136": [4, 3], "car_1137": [5, 6], "car_1134": [3, 5], "car_1135": [7, 5], "car_4474": [5, 7], "car_4475": [7, 1], "car_4476": [8, 4], "car_4032": [15, 5], "car_4470": [4, 1], "car_3734": [13, 7], "car_4472": [15, 3], "car_4473": [1, 0], "car_3735": [3, 4], "car_4478": [3, 6], "car_1839": [2, 1], "car_2393": [6, 2], "car_1838": [14, 3], "car_2392": [2, 5], "car_4460": [4, 7], "car_4643": [7, 3], "car_3301": [3, 4], "car_4642": [3, 7], "car_3300": [13, 0], "car_4641": [13, 4], "car_2939": [5, 3], "car_2938": [11, 4], "car_2937": [4, 7], "car_2936": [12, 0], "car_2935": [7, 3], "car_2934": [3, 2], "car_2933": [9, 4], "car_2932": [14, 2], "car_2931": [11, 6], "car_2930": [0, 6], "car_2029": [2, 4], "car_2028": [10, 7], "car_2845": [10, 2], "car_2844": [5, 4], "car_2843": [1, 4], "car_2842": [15, 0], "car_2841": [12, 2], "car_2840": [7, 5], "car_2021": [2, 6], "car_2020": [11, 1], "car_2023": [3, 6], "car_2022": [13, 1], "car_2025": [8, 5], "car_2024": [7, 6], "car_2027": [4, 6], "car_2026": [0, 4], "car_2948": [0, 1], "car_2520": [6, 4], "car_4583": [13, 3], "car_1008": [2, 4], "car_1009": [9, 4], "car_1006": [1, 6], "car_1007": [14, 0], "car_1004": [11, 3], "car_1005": [15, 4], "car_1002": [12, 0], "car_1003": [4, 7], "car_1000": [7, 6], "car_1001": [8, 2], "car_3459": [8, 3], "car_2398": [10, 2], "car_2629": [5, 7], "car_2524": [6, 7], "car_2628": [4, 1], "car_3310": [3, 5], "car_2525": [3, 5], "car_2995": [3, 2], "car_2674": [6, 5], "car_1924": [5, 0], "car_2994": [13, 0], "car_2527": [11, 5], "car_2997": [11, 0], "car_36": [9, 6], "car_37": [13, 7], "car_34": [1, 4], "car_35": [5, 2], "car_888": [13, 7], "car_889": [3, 2], "car_30": [3, 2], "car_31": [7, 5], "car_884": [10, 1], "car_885": [14, 1], "car_886": [6, 1], "car_887": [9, 5], "car_880": [3, 2], "car_881": [4, 2], "car_882": [11, 0], "car_883": [15, 5], "car_3466": [1, 2], "car_3467": [9, 1], "car_2449": [14, 2], "car_2448": [10, 3], "car_2119": [2, 1], "car_2118": [10, 0], "car_3460": [4, 0], "car_3461": [14, 2], "car_2115": [4, 1], "car_2114": [12, 6], "car_2117": [5, 6], "car_2116": [1, 2], "car_2111": [6, 3], "car_2110": [1, 5], "car_2113": [7, 0], "car_2112": [3, 0], "car_1644": [6, 2], "car_1645": [9, 7], "car_1646": [3, 1], "car_1647": [12, 7], "car_1640": [15, 3], "car_1641": [5, 2], "car_1642": [14, 0], "car_1643": [2, 7], "car_3312": [8, 6], "car_1648": [0, 5], "car_1649": [4, 6], "car_3915": [12, 3], "car_2599": [15, 5], "car_2159": [5, 2], "car_3860": [5, 4], "car_3861": [10, 0], "car_3866": [5, 7], "car_3867": [2, 3], "car_3864": [8, 6], "car_2158": [1, 2], "car_2591": [4, 0], "car_2590": [0, 3], "car_2593": [1, 3], "car_2592": [15, 0], "car_2595": [8, 5], "car_2594": [2, 1], "car_2597": [0, 6], "car_2596": [12, 2], "car_3648": [6, 2], "car_3649": [11, 4], "car_3560": [8, 7], "car_3313": [12, 7], "car_3643": [11, 6], "car_3640": [13, 0], "car_3641": [12, 0], "car_3646": [14, 5], "car_3647": [2, 5], "car_2677": [15, 5], "car_2608": [2, 0], "car_3888": [11, 6], "car_3703": [10, 7], "car_3880": [1, 2], "car_3881": [10, 1], "car_3882": [2, 1], "car_3883": [6, 3], "car_3884": [9, 5], "car_3885": [13, 3], "car_3886": [12, 7], "car_3887": [0, 4], "car_408": [3, 7], "car_409": [8, 4], "car_2203": [14, 5], "car_2202": [10, 7], "car_2205": [3, 2], "car_2204": [9, 5], "car_2207": [8, 5], "car_2206": [7, 0], "car_400": [12, 2], "car_401": [0, 1], "car_402": [4, 2], "car_403": [11, 4], "car_404": [1, 0], "car_405": [5, 1], "car_406": [2, 0], "car_407": [13, 3], "car_4469": [0, 7], "car_3787": [12, 7], "car_4048": [6, 7], "car_4528": [12, 6], "car_4733": [6, 0], "car_1769": [4, 1], "car_4384": [6, 5], "car_3080": [5, 2], "car_3081": [6, 2], "car_3082": [8, 6], "car_3083": [12, 0], "car_3084": [11, 1], "car_3085": [15, 6], "car_3086": [5, 7], "car_3087": [2, 7], "car_3088": [9, 6], "car_3089": [13, 6], "car_2973": [12, 4], "car_534": [3, 7], "car_535": [7, 4], "car_536": [1, 5], "car_537": [10, 6], "car_530": [14, 7], "car_531": [2, 4], "car_532": [6, 7], "car_533": [13, 7], "car_3246": [1, 5], "car_3247": [5, 1], "car_3244": [12, 0], "car_3245": [0, 1], "car_538": [6, 7], "car_539": [13, 1], "car_3240": [14, 0], "car_3241": [2, 7], "car_2972": [3, 5], "car_3317": [5, 2], "car_4452": [5, 3], "car_2310": [9, 6], "car_4729": [15, 7], "car_659": [14, 1], "car_658": [10, 4], "car_651": [5, 3], "car_650": [15, 6], "car_653": [8, 7], "car_652": [7, 1], "car_655": [15, 0], "car_654": [11, 3], "car_657": [5, 6], "car_656": [1, 6], "car_2970": [10, 3], "car_2907": [9, 1], "car_4246": [13, 1], "car_3813": [4, 7], "car_4596": [12, 2], "car_2977": [10, 2], "car_2909": [3, 1], "car_3812": [7, 1], "car_3946": [13, 0], "car_2976": [5, 7], "car_4105": [15, 3], "car_2434": [3, 2], "car_1929": [11, 6], "car_4518": [7, 5], "car_2195": [14, 0], "car_3971": [2, 4], "car_4089": [8, 5], "car_4088": [14, 3], "car_2194": [10, 3], "car_3811": [3, 7], "car_4084": [4, 0], "car_4087": [10, 5], "car_1764": [2, 3], "car_4081": [15, 7], "car_2197": [13, 7], "car_4083": [10, 2], "car_4082": [5, 2], "car_2196": [9, 1], "car_2191": [4, 0], "car_1928": [4, 2], "car_2190": [0, 1], "car_3922": [3, 7], "car_2193": [1, 7], "car_1909": [13, 5], "car_1908": [9, 7], "car_1907": [6, 1], "car_1763": [10, 1], "car_1905": [4, 3], "car_1904": [12, 6], "car_1903": [8, 0], "car_1902": [6, 5], "car_1901": [2, 6], "car_1900": [14, 5], "car_3805": [15, 5], "car_3918": [11, 1], "car_3865": [4, 0], "car_1349": [5, 0], "car_1348": [15, 3], "car_4263": [0, 3], "car_4262": [7, 1], "car_3817": [2, 3], "car_4264": [15, 5], "car_4267": [2, 3], "car_1762": [15, 5], "car_1341": [15, 4], "car_1340": [4, 3], "car_1343": [9, 4], "car_1342": [6, 4], "car_1345": [8, 2], "car_1344": [7, 3], "car_1347": [11, 0], "car_1346": [0, 6], "car_3234": [12, 4], "car_3919": [10, 2], "car_4663": [3, 7], "car_3219": [2, 1], "car_2753": [3, 7], "car_3816": [14, 4], "car_3231": [9, 2], "car_2752": [13, 4], "car_3230": [2, 3], "car_2698": [9, 0], "car_4546": [7, 0], "car_1833": [7, 2], "car_1832": [3, 6], "car_349": [0, 3], "car_348": [12, 2], "car_1837": [10, 2], "car_1836": [5, 1], "car_1835": [11, 5], "car_1834": [12, 4], "car_343": [6, 1], "car_342": [2, 6], "car_341": [5, 7], "car_340": [1, 0], "car_347": [8, 5], "car_346": [7, 0], "car_345": [3, 0], "car_344": [13, 2], "car_4140": [0, 4], "car_2325": [12, 6], "car_1129": [11, 7], "car_1128": [4, 0], "car_2979": [6, 1], "car_4141": [11, 5], "car_1125": [8, 5], "car_1124": [7, 4], "car_1127": [0, 6], "car_1126": [12, 0], "car_1121": [6, 0], "car_1120": [14, 2], "car_1123": [3, 7], "car_1122": [13, 1], "car_4467": [8, 6], "car_1402": [5, 2], "car_4465": [3, 5], "car_4143": [5, 1], "car_4463": [10, 3], "car_2320": [14, 0], "car_4461": [11, 6], "car_1403": [10, 3], "car_4144": [14, 2], "car_2321": [6, 2], "car_1400": [8, 1], "car_3814": [11, 2], "car_4145": [2, 3], "car_1401": [12, 2], "car_2978": [2, 0], "car_4146": [6, 7], "car_1406": [11, 1], "car_4147": [9, 4], "car_1407": [14, 1], "car_2902": [5, 6], "car_2903": [10, 3], "car_2900": [15, 0], "car_2901": [1, 5], "car_2906": [6, 0], "car_1404": [7, 3], "car_2904": [14, 2], "car_2905": [2, 6], "car_2908": [13, 3], "car_1405": [0, 5], "car_3505": [6, 0], "car_3504": [2, 3], "car_3507": [4, 1], "car_3506": [9, 2], "car_2058": [3, 0], "car_2059": [7, 3], "car_3503": [14, 1], "car_3502": [5, 3], "car_2054": [1, 0], "car_2055": [14, 7], "car_2056": [6, 2], "car_2057": [13, 5], "car_2050": [8, 2], "car_2051": [12, 7], "car_2052": [0, 3], "car_2053": [11, 6], "car_1011": [8, 3], "car_1010": [3, 7], "car_1013": [11, 5], "car_1012": [4, 0], "car_1015": [10, 2], "car_1014": [5, 2], "car_1017": [9, 4], "car_1016": [2, 7], "car_1019": [7, 1], "car_1018": [3, 6], "car_2690": [3, 2], "car_2691": [8, 4], "car_2696": [1, 2], "car_2697": [6, 1], "car_2694": [11, 4], "car_2695": [15, 2], "car_2790": [7, 6], "car_3863": [7, 2], "car_4373": [15, 5], "car_4482": [11, 7], "car_3819": [7, 4], "car_4594": [13, 0], "car_25": [5, 6], "car_24": [12, 2], "car_27": [2, 6], "car_26": [10, 2], "car_21": [9, 0], "car_20": [2, 7], "car_23": [8, 2], "car_22": [13, 7], "car_3471": [4, 0], "car_3470": [0, 1], "car_3473": [10, 0], "car_3472": [11, 2], "car_29": [13, 0], "car_28": [9, 7], "car_3477": [4, 2], "car_3476": [12, 7], "car_4648": [14, 1], "car_2478": [12, 5], "car_2479": [0, 3], "car_2476": [9, 5], "car_2477": [7, 6], "car_2474": [2, 7], "car_2475": [6, 7], "car_2472": [1, 4], "car_2473": [14, 5], "car_2470": [8, 5], "car_2471": [12, 6], "car_1657": [4, 2], "car_1656": [8, 6], "car_1655": [13, 5], "car_1654": [9, 0], "car_1653": [2, 0], "car_1652": [10, 4], "car_1651": [1, 2], "car_1650": [15, 3], "car_1659": [15, 2], "car_1658": [11, 2], "car_3875": [9, 3], "car_3874": [10, 0], "car_2878": [10, 6], "car_2879": [2, 6], "car_3871": [8, 4], "car_3870": [7, 6], "car_3645": [1, 7], "car_3872": [0, 4], "car_2872": [9, 4], "car_2873": [7, 4], "car_2870": [10, 7], "car_2871": [14, 4], "car_2876": [15, 3], "car_2877": [1, 2], "car_2874": [12, 5], "car_2875": [4, 3], "car_2688": [6, 2], "car_1969": [15, 2], "car_2315": [12, 0], "car_3658": [8, 1], "car_1843": [8, 6], "car_3655": [9, 1], "car_3654": [2, 5], "car_3657": [7, 6], "car_3656": [3, 2], "car_3651": [1, 6], "car_3650": [15, 4], "car_3211": [13, 6], "car_3652": [5, 3], "car_435": [15, 7], "car_434": [11, 4], "car_437": [13, 5], "car_436": [9, 3], "car_431": [14, 1], "car_430": [10, 6], "car_433": [4, 2], "car_432": [7, 6], "car_3893": [9, 1], "car_1846": [10, 3], "car_3891": [5, 2], "car_3890": [1, 7], "car_439": [5, 4], "car_438": [3, 0], "car_3895": [7, 1], "car_1847": [14, 1], "car_2274": [12, 3], "car_2275": [5, 4], "car_2276": [2, 3], "car_2277": [6, 3], "car_2270": [0, 7], "car_2271": [1, 7], "car_2272": [5, 6], "car_2273": [7, 5], "car_3778": [4, 7], "car_1845": [11, 1], "car_2278": [9, 3], "car_2279": [13, 3], "car_4487": [3, 7], "car_3573": [11, 5], "car_4726": [7, 0], "car_4533": [9, 4], "car_3927": [10, 3], "car_1848": [2, 6], "car_2289": [13, 6], "car_1968": [8, 5], "car_1849": [6, 5], "car_2288": [14, 1], "car_1965": [5, 0], "car_4479": [12, 4], "car_3370": [14, 1], "car_1964": [15, 5], "car_3093": [15, 6], "car_3092": [11, 0], "car_3091": [12, 7], "car_3090": [7, 0], "car_3097": [7, 2], "car_3096": [3, 1], "car_3095": [2, 3], "car_3094": [5, 0], "car_3420": [1, 2], "car_3376": [1, 2], "car_3099": [4, 7], "car_3098": [8, 0], "car_3311": [7, 5], "car_501": [14, 2], "car_500": [10, 0], "car_503": [13, 7], "car_502": [2, 3], "car_505": [4, 2], "car_504": [3, 7], "car_507": [1, 2], "car_506": [15, 2], "car_509": [6, 4], "car_508": [5, 3], "car_2302": [15, 0], "car_2303": [9, 4], "car_2304": [7, 0], "car_2305": [12, 6], "car_2306": [4, 0], "car_2307": [11, 1], "car_2281": [7, 5], "car_4535": [7, 4], "car_1745": [14, 6], "car_2280": [3, 5], "car_4176": [1, 0], "car_3378": [14, 2], "car_4130": [13, 7], "car_3379": [12, 2], "car_2960": [12, 1], "car_3475": [7, 0], "car_3474": [6, 4], "car_646": [3, 0], "car_647": [12, 2], "car_644": [6, 5], "car_645": [13, 7], "car_642": [1, 3], "car_643": [14, 4], "car_640": [8, 0], "car_641": [11, 1], "car_2314": [8, 6], "car_4036": [13, 6], "car_648": [0, 5], "car_649": [4, 1], "car_3570": [13, 6], "car_4037": [3, 5], "car_4727": [12, 7], "car_2961": [4, 5], "car_2576": [0, 2], "car_4030": [4, 0], "car_3577": [2, 4], "car_3572": [4, 3], "car_4031": [11, 1], "car_4537": [4, 0], "car_2526": [0, 4], "car_4370": [12, 3], "car_1830": [9, 4], "car_3574": [15, 1], "car_4033": [5, 3], "car_2673": [5, 1], "car_3575": [10, 2], "car_4364": [10, 2], "car_2962": [11, 5], "car_3576": [14, 1], "car_4497": [1, 5], "car_2570": [11, 3], "car_4249": [0, 7], "car_4536": [12, 4], "car_2681": [8, 0], "car_4248": [8, 6], "car_2999": [5, 7], "car_4360": [9, 5], "car_2420": [5, 4], "car_4371": [0, 5], "car_4361": [3, 1], "car_4699": [15, 3], "car_2963": [5, 7], "car_4490": [2, 7], "car_3899": [1, 7], "car_4491": [6, 0], "car_4539": [1, 7], "car_3929": [13, 6], "car_2680": [6, 3], "car_4715": [14, 0], "car_2854": [2, 0], "car_4714": [10, 7], "car_3800": [7, 4], "car_4387": [3, 0], "car_2964": [3, 2], "car_4071": [1, 6], "car_4072": [10, 5], "car_4073": [14, 2], "car_4074": [2, 5], "car_4075": [6, 4], "car_4076": [13, 1], "car_4077": [3, 5], "car_4078": [8, 3], "car_4079": [0, 4], "car_4538": [11, 5], "car_3928": [6, 3], "car_2683": [0, 4], "car_3913": [13, 7], "car_4245": [9, 3], "car_3801": [8, 5], "car_4244": [10, 4], "car_1932": [13, 1], "car_1933": [7, 4], "car_1930": [1, 0], "car_1931": [14, 7], "car_1936": [0, 1], "car_1937": [11, 5], "car_1934": [8, 5], "car_1935": [12, 5], "car_1938": [15, 5], "car_1939": [1, 7], "car_2682": [12, 7], "car_4453": [15, 1], "car_4401": [13, 7], "car_3802": [0, 3], "car_1717": [4, 2], "car_4385": [9, 2], "car_4214": [3, 1], "car_4215": [7, 2], "car_4216": [12, 6], "car_4217": [0, 1], "car_1338": [8, 4], "car_1339": [0, 1], "car_4212": [6, 0], "car_4213": [13, 1], "car_1334": [11, 2], "car_1335": [2, 6], "car_1336": [6, 5], "car_1337": [3, 7], "car_1330": [7, 5], "car_1331": [12, 6], "car_1332": [0, 6], "car_1333": [4, 3], "car_4184": [1, 2], "car_4185": [10, 6], "car_4186": [9, 7], "car_4187": [12, 7], "car_3803": [4, 1], "car_4181": [12, 4], "car_4182": [11, 1], "car_4183": [15, 1], "car_1711": [9, 0], "car_4188": [0, 7], "car_4189": [4, 0], "car_4728": [11, 0], "car_2998": [1, 7], "car_3877": [8, 3], "car_4403": [10, 4], "car_358": [11, 7], "car_359": [1, 4], "car_1804": [3, 7], "car_1805": [7, 5], "car_1802": [10, 7], "car_1803": [13, 1], "car_1800": [8, 0], "car_1801": [15, 0], "car_350": [15, 7], "car_351": [10, 0], "car_352": [14, 1], "car_353": [6, 2], "car_354": [13, 0], "car_355": [8, 7], "car_356": [0, 2], "car_357": [4, 1], "car_1482": [10, 0], "car_1483": [7, 4], "car_1480": [1, 0], "car_1481": [5, 7], "car_1486": [11, 1], "car_1487": [1, 6], "car_1484": [12, 6], "car_1485": [4, 1], "car_4320": [11, 5], "car_4321": [1, 4], "car_1488": [5, 7], "car_1489": [10, 7], "car_4324": [6, 3], "car_4325": [9, 5], "car_4326": [7, 2], "car_4327": [0, 7], "car_1240": [3, 5], "car_1241": [7, 2], "car_1242": [8, 6], "car_1243": [0, 1], "car_1244": [4, 0], "car_1245": [11, 0], "car_1246": [1, 0], "car_1247": [5, 0], "car_1248": [10, 6], "car_1249": [2, 7], "car_4692": [2, 3], "car_4693": [9, 5], "car_4694": [8, 1], "car_4695": [12, 2], "car_4621": [5, 0], "car_4697": [4, 3], "car_1747": [9, 5], "car_3977": [15, 4], "car_3642": [4, 0], "car_3879": [4, 0], "car_4681": [0, 1], "car_4339": [2, 3], "car_3806": [5, 7], "car_3878": [12, 3], "car_2374": [6, 3], "car_1879": [9, 0], "car_2917": [8, 3], "car_2916": [13, 7], "car_2911": [15, 0], "car_2910": [0, 5], "car_2913": [5, 6], "car_2912": [1, 0], "car_2919": [0, 4], "car_2918": [12, 2], "car_4447": [13, 7], "car_3804": [11, 6], "car_2049": [7, 0], "car_2048": [5, 0], "car_2047": [15, 3], "car_2046": [12, 3], "car_2045": [8, 2], "car_2044": [13, 7], "car_2043": [9, 3], "car_2042": [6, 2], "car_2041": [10, 0], "car_2040": [5, 0], "car_1064": [12, 1], "car_1065": [15, 0], "car_1066": [1, 6], "car_1067": [5, 6], "car_1060": [14, 7], "car_1061": [2, 1], "car_1062": [3, 0], "car_1063": [8, 4], "car_2685": [11, 5], "car_2684": [4, 0], "car_2687": [1, 0], "car_2686": [15, 6], "car_1068": [9, 2], "car_1069": [3, 1], "car_1798": [9, 5], "car_1799": [3, 4], "car_4629": [11, 1], "car_3701": [8, 7], "car_4059": [15, 4], "car_4628": [4, 7], "car_3808": [2, 4], "car_10": [9, 7], "car_11": [13, 3], "car_12": [3, 7], "car_13": [8, 0], "car_14": [12, 4], "car_15": [0, 4], "car_16": [11, 2], "car_17": [15, 6], "car_18": [1, 5], "car_19": [5, 3], "car_3406": [2, 4], "car_3407": [13, 6], "car_3400": [7, 3], "car_3401": [8, 2], "car_3402": [12, 7], "car_3403": [11, 7], "car_2461": [13, 1], "car_2460": [9, 6], "car_1668": [15, 2], "car_1669": [5, 4], "car_2465": [15, 5], "car_2464": [11, 0], "car_2467": [10, 5], "car_2466": [1, 4], "car_1662": [2, 0], "car_1663": [6, 5], "car_1660": [5, 4], "car_1661": [14, 4], "car_1666": [8, 7], "car_1667": [4, 6], "car_1664": [9, 3], "car_1665": [13, 5], "car_1468": [11, 4], "car_1469": [15, 5], "car_1460": [10, 1], "car_1461": [14, 1], "car_1462": [2, 4], "car_1463": [6, 2], "car_1464": [9, 2], "car_1465": [13, 1], "car_1466": [7, 1], "car_1467": [0, 5], "car_3930": [3, 6], "car_2699": [13, 6], "car_3717": [7, 2], "car_2869": [1, 3], "car_2868": [15, 4], "car_2865": [7, 4], "car_2864": [13, 0], "car_2867": [0, 3], "car_2866": [12, 2], "car_2861": [5, 0], "car_2860": [1, 4], "car_2863": [9, 1], "car_2862": [2, 6], "car_3712": [10, 0], "car_2648": [13, 5], "car_3713": [14, 1], "car_3931": [8, 2], "car_422": [14, 3], "car_423": [6, 4], "car_420": [15, 2], "car_421": [10, 7], "car_426": [0, 4], "car_427": [15, 0], "car_424": [9, 5], "car_425": [3, 4], "car_3318": [13, 1], "car_3319": [12, 0], "car_428": [1, 6], "car_429": [5, 4], "car_2377": [8, 1], "car_2267": [13, 3], "car_2266": [9, 7], "car_2265": [6, 3], "car_2264": [1, 0], "car_2263": [0, 7], "car_2262": [7, 3], "car_2261": [6, 4], "car_2260": [14, 2], "car_2371": [15, 6], "car_3932": [12, 7], "car_2269": [8, 0], "car_2268": [3, 7], "car_4562": [1, 5], "car_3798": [5, 2], "car_2373": [2, 5], "car_4563": [14, 6], "car_3794": [4, 5], "car_3795": [11, 6], "car_3796": [15, 0], "car_2372": [5, 4], "car_2008": [7, 0], "car_3791": [14, 2], "car_3792": [6, 5], "car_3793": [13, 1], "car_4561": [11, 0], "car_4566": [7, 5], "car_2370": [0, 6], "car_3486": [9, 2], "car_4567": [8, 3], "car_3487": [3, 1], "car_4564": [6, 4], "car_4565": [9, 7], "car_3224": [4, 6], "car_3225": [11, 4], "car_2319": [10, 2], "car_2318": [15, 7], "car_3220": [9, 2], "car_3221": [13, 5], "car_518": [0, 3], "car_519": [1, 3], "car_516": [7, 1], "car_517": [12, 6], "car_514": [10, 1], "car_515": [2, 1], "car_512": [7, 0], "car_513": [12, 4], "car_510": [13, 2], "car_511": [3, 1], "car_4402": [11, 3], "car_4405": [6, 3], "car_4209": [12, 1], "car_1870": [13, 4], "car_3589": [13, 7], "car_4407": [3, 6], "car_3935": [1, 4], "car_2692": [12, 0], "car_3488": [7, 3], "car_2444": [7, 2], "car_4406": [13, 5], "car_3469": [12, 6], "car_3489": [8, 6], "car_633": [9, 1], "car_632": [6, 5], "car_631": [2, 0], "car_630": [14, 6], "car_637": [6, 1], "car_636": [2, 5], "car_635": [15, 7], "car_634": [0, 2], "car_2675": [0, 7], "car_639": [3, 2], "car_638": [13, 2], "car_4531": [14, 3], "car_3588": [6, 1], "car_3138": [13, 6], "car_3139": [3, 7], "car_3936": [5, 3], "car_2693": [4, 6], "car_3130": [14, 2], "car_3131": [2, 3], "car_3132": [9, 6], "car_3133": [7, 0], "car_3134": [11, 5], "car_3135": [10, 7], "car_3136": [14, 0], "car_3137": [2, 4], "car_4570": [14, 5], "car_189": [5, 3], "car_188": [1, 2], "car_185": [12, 0], "car_184": [6, 2], "car_187": [4, 3], "car_186": [0, 3], "car_181": [15, 4], "car_180": [11, 1], "car_183": [14, 7], "car_182": [10, 1], "car_3938": [14, 0], "car_749": [5, 0], "car_748": [15, 6], "car_747": [4, 6], "car_746": [0, 5], "car_745": [3, 0], "car_744": [13, 5], "car_743": [9, 0], "car_742": [6, 5], "car_741": [10, 1], "car_740": [5, 4], "car_4718": [9, 1], "car_2131": [3, 4], "car_4529": [4, 1], "car_3939": [13, 5], "car_3724": [10, 0], "car_4062": [2, 0], "car_4061": [10, 2], "car_4060": [1, 3], "car_4067": [8, 4], "car_4066": [7, 6], "car_4065": [3, 2], "car_4064": [13, 4], "car_4069": [4, 7], "car_4068": [0, 7], "car_3316": [15, 1], "car_2618": [12, 5], "car_3584": [5, 7], "car_4526": [9, 1], "car_299": [9, 6], "car_298": [6, 7], "car_1927": [3, 2], "car_1926": [6, 0], "car_1921": [12, 0], "car_1920": [8, 6], "car_1923": [1, 7], "car_1922": [0, 2], "car_291": [3, 5], "car_290": [13, 1], "car_293": [8, 0], "car_292": [7, 6], "car_295": [4, 2], "car_294": [12, 5], "car_297": [14, 7], "car_296": [10, 1], "car_4527": [7, 4], "car_3852": [5, 2], "car_4207": [9, 2], "car_4206": [6, 3], "car_4205": [10, 2], "car_4204": [5, 4], "car_4203": [11, 6], "car_4202": [0, 6], "car_1329": [13, 0], "car_1328": [2, 0], "car_1327": [10, 2], "car_1326": [5, 2], "car_1325": [1, 0], "car_1324": [4, 1], "car_1323": [12, 1], "car_1322": [7, 5], "car_1321": [3, 2], "car_1320": [10, 5], "car_4197": [9, 1], "car_4196": [6, 0], "car_4195": [2, 4], "car_4194": [14, 5], "car_4193": [10, 5], "car_4192": [5, 2], "car_4191": [1, 0], "car_4190": [11, 0], "car_3721": [15, 2], "car_4199": [3, 2], "car_4198": [13, 3], "car_365": [7, 0], "car_364": [3, 0], "car_367": [4, 0], "car_366": [8, 4], "car_361": [10, 4], "car_360": [5, 3], "car_363": [9, 4], "car_362": [14, 4], "car_1811": [14, 5], "car_1810": [10, 5], "car_1813": [3, 5], "car_1812": [6, 2], "car_369": [14, 1], "car_368": [11, 7], "car_1817": [11, 6], "car_1816": [0, 3], "car_167": [5, 6], "car_166": [1, 0], "car_165": [15, 2], "car_164": [11, 1], "car_163": [12, 7], "car_162": [8, 5], "car_161": [3, 4], "car_160": [13, 3], "car_3720": [0, 7], "car_4669": [7, 4], "car_4668": [6, 7], "car_169": [2, 5], "car_168": [10, 2], "car_1495": [0, 5], "car_1494": [12, 0], "car_1497": [5, 7], "car_1496": [1, 3], "car_1491": [3, 6], "car_1490": [6, 0], "car_1493": [8, 5], "car_1492": [7, 2], "car_4333": [1, 5], "car_4332": [11, 2], "car_4331": [12, 5], "car_4330": [9, 7], "car_1499": [14, 5], "car_1498": [10, 2], "car_3580": [8, 1], "car_4334": [5, 0], "car_1253": [4, 6], "car_1252": [12, 0], "car_1251": [7, 2], "car_1250": [3, 0], "car_1257": [2, 4], "car_1256": [14, 2], "car_1255": [1, 5], "car_1254": [15, 0], "car_4683": [15, 3], "car_2850": [12, 5], "car_1259": [13, 6], "car_1258": [6, 4], "car_4687": [13, 4], "car_3622": [10, 0], "car_4685": [6, 1], "car_2851": [15, 2], "car_1868": [14, 3], "car_2852": [1, 5], "car_3624": [0, 4], "car_2853": [14, 6], "car_3583": [15, 0], "car_4672": [11, 0], "car_3248": [10, 4], "car_4523": [10, 6], "car_3626": [1, 0], "car_3627": [10, 4], "car_4210": [15, 4], "car_1789": [11, 4], "car_1788": [0, 4], "car_2070": [4, 7], "car_2071": [11, 6], "car_2076": [6, 5], "car_2077": [7, 2], "car_2074": [10, 0], "car_2075": [14, 7], "car_1781": [7, 6], "car_1780": [13, 6], "car_1783": [4, 5], "car_1782": [0, 3], "car_1785": [14, 2], "car_1784": [15, 1], "car_1787": [3, 5], "car_1786": [13, 5], "car_1077": [7, 6], "car_1076": [3, 0], "car_1075": [13, 6], "car_1074": [2, 3], "car_1073": [10, 3], "car_1072": [15, 0], "car_1071": [11, 6], "car_1070": [7, 0], "car_2678": [1, 4], "car_2679": [2, 0], "car_3520": [8, 3], "car_4211": [2, 1], "car_1079": [1, 0], "car_1078": [11, 2], "car_3981": [6, 4], "car_3257": [14, 7], "car_4337": [1, 2], "car_2139": [6, 0], "car_3256": [10, 7], "car_4521": [11, 5], "car_2034": [4, 2], "car_2300": [8, 1], "car_2035": [15, 1], "car_2301": [0, 1], "car_2032": [13, 2], "car_3706": [9, 0], "car_2033": [7, 1], "car_2996": [0, 5], "car_3419": [15, 5], "car_2138": [2, 5], "car_3417": [0, 6], "car_3416": [8, 1], "car_3415": [14, 5], "car_3414": [10, 6], "car_3413": [1, 5], "car_3412": [11, 2], "car_3411": [0, 3], "car_3410": [12, 1], "car_985": [3, 7], "car_984": [13, 6], "car_987": [0, 4], "car_986": [12, 7], "car_981": [14, 2], "car_980": [1, 6], "car_983": [6, 5], "car_982": [2, 1], "car_1675": [0, 7], "car_1674": [13, 0], "car_1677": [10, 3], "car_1676": [5, 0], "car_989": [11, 1], "car_988": [4, 3], "car_1673": [9, 5], "car_1672": [2, 1], "car_2784": [0, 1], "car_2785": [1, 7], "car_1479": [4, 2], "car_1478": [12, 6], "car_2780": [1, 4], "car_2781": [5, 3], "car_2782": [9, 0], "car_2783": [12, 1], "car_1473": [2, 5], "car_1472": [10, 3], "car_1471": [5, 6], "car_1470": [1, 7], "car_1477": [7, 1], "car_1476": [3, 1], "car_1475": [9, 5], "car_1474": [6, 5], "car_2890": [7, 4], "car_2891": [4, 0], "car_2892": [1, 6], "car_2893": [10, 4], "car_2894": [14, 0], "car_1743": [1, 7], "car_2896": [9, 7], "car_2897": [13, 6], "car_2898": [3, 7], "car_2899": [8, 5], "car_1742": [15, 1], "car_2990": [10, 1], "car_4673": [2, 0], "car_4581": [2, 6], "car_2528": [1, 2], "car_2529": [14, 5], "car_2258": [5, 3], "car_2259": [10, 1], "car_3307": [10, 3], "car_2689": [13, 3], "car_3305": [15, 6], "car_3304": [4, 6], "car_2252": [7, 5], "car_2253": [12, 3], "car_2250": [9, 2], "car_2251": [13, 4], "car_2256": [15, 7], "car_2257": [1, 7], "car_2254": [0, 1], "car_2255": [4, 5], "car_2098": [8, 5], "car_2099": [11, 1], "car_2090": [7, 3], "car_2091": [8, 5], "car_2092": [11, 1], "car_2093": [15, 1], "car_2094": [5, 7], "car_2095": [10, 6], "car_2096": [2, 4], "car_2097": [7, 5], "car_3789": [15, 7], "car_3788": [0, 1], "car_2992": [6, 5], "car_3786": [8, 6], "car_3785": [7, 3], "car_3784": [3, 7], "car_3783": [9, 6], "car_3782": [14, 1], "car_3781": [5, 2], "car_3780": [1, 4], "car_4310": [0, 6], "car_3237": [15, 1], "car_3236": [4, 6], "car_569": [5, 0], "car_568": [1, 3], "car_3233": [3, 1], "car_3232": [13, 5], "car_2328": [10, 4], "car_2329": [6, 1], "car_563": [13, 6], "car_562": [6, 7], "car_561": [14, 6], "car_560": [10, 1], "car_567": [0, 3], "car_566": [12, 0], "car_565": [8, 6], "car_564": [3, 7], "car_3598": [5, 7], "car_2331": [3, 6], "car_3739": [11, 0], "car_4380": [4, 3], "car_3644": [15, 5], "car_620": [5, 4], "car_621": [14, 4], "car_622": [6, 0], "car_623": [9, 3], "car_624": [12, 5], "car_625": [0, 2], "car_626": [4, 2], "car_627": [11, 0], "car_628": [1, 4], "car_629": [10, 0], "car_4670": [8, 7], "car_1869": [9, 3], "car_3129": [1, 7], "car_3128": [15, 5], "car_4289": [12, 6], "car_3123": [6, 7], "car_3122": [2, 0], "car_3121": [10, 0], "car_3120": [1, 3], "car_3127": [0, 1], "car_3126": [8, 0], "car_3125": [7, 5], "car_3124": [9, 3], "car_4524": [14, 6], "car_3666": [7, 6], "car_1866": [1, 5], "car_1867": [10, 0], "car_3388": [4, 2], "car_198": [10, 6], "car_199": [6, 7], "car_2831": [7, 1], "car_192": [9, 1], "car_193": [7, 3], "car_190": [10, 7], "car_191": [6, 7], "car_196": [0, 3], "car_197": [4, 5], "car_194": [8, 3], "car_195": [12, 7], "car_3670": [5, 6], "car_758": [14, 2], "car_759": [13, 2], "car_754": [11, 4], "car_755": [15, 3], "car_756": [1, 2], "car_757": [10, 1], "car_750": [2, 6], "car_751": [13, 6], "car_752": [3, 5], "car_753": [7, 1], "car_1940": [14, 6], "car_3355": [10, 6], "car_4056": [14, 7], "car_4057": [2, 5], "car_4054": [5, 7], "car_4055": [10, 6], "car_2991": [2, 4], "car_4053": [11, 7], "car_4050": [3, 6], "car_4051": [7, 5], "car_3299": [9, 7], "car_4118": [15, 7], "car_4058": [6, 2], "car_3298": [6, 2], "car_286": [8, 0], "car_287": [5, 0], "car_284": [3, 7], "car_285": [7, 0], "car_282": [9, 5], "car_283": [13, 3], "car_280": [2, 5], "car_281": [6, 3], "car_3353": [1, 5], "car_1949": [2, 5], "car_288": [10, 5], "car_289": [2, 7], "car_3453": [14, 2], "car_1948": [10, 4], "car_2791": [0, 1], "car_3592": [4, 2], "car_3452": [10, 5], "car_4113": [7, 6], "car_3451": [5, 1], "car_4112": [3, 7], "car_4646": [15, 2], "car_3450": [1, 2], "car_4111": [13, 5], "car_3985": [5, 4], "car_4110": [9, 2], "car_3984": [11, 5], "car_1312": [2, 5], "car_1313": [9, 6], "car_1310": [11, 0], "car_1311": [14, 2], "car_1316": [8, 2], "car_1317": [11, 6], "car_1314": [13, 0], "car_1315": [3, 5], "car_4513": [1, 3], "car_1318": [15, 1], "car_1319": [1, 5], "car_2450": [9, 7], "car_3921": [13, 7], "car_2451": [13, 7], "car_2452": [3, 2], "car_372": [13, 1], "car_373": [3, 4], "car_370": [6, 2], "car_371": [9, 6], "car_376": [0, 4], "car_377": [11, 5], "car_374": [7, 2], "car_375": [12, 6], "car_1864": [0, 4], "car_1865": [4, 3], "car_378": [14, 6], "car_379": [2, 0], "car_1860": [2, 6], "car_1861": [6, 1], "car_1862": [3, 2], "car_1863": [8, 0], "car_174": [12, 1], "car_175": [0, 1], "car_176": [11, 0], "car_177": [15, 5], "car_170": [6, 4], "car_171": [13, 7], "car_172": [3, 6], "car_173": [7, 5], "car_2457": [10, 7], "car_178": [10, 0], "car_179": [6, 3], "car_2338": [6, 4], "car_4511": [11, 6], "car_4308": [3, 5], "car_4309": [7, 2], "car_4306": [9, 6], "car_4307": [13, 1], "car_4304": [2, 6], "car_3697": [14, 6], "car_4302": [10, 5], "car_4303": [14, 1], "car_4300": [15, 1], "car_4301": [1, 0], "car_1266": [7, 1], "car_1267": [4, 3], "car_1264": [6, 2], "car_1265": [3, 7], "car_1262": [1, 4], "car_1263": [10, 2], "car_1260": [0, 4], "car_1261": [15, 0], "car_2949": [11, 7], "car_1268": [11, 1], "car_1269": [5, 1], "car_3581": [0, 2], "car_4510": [0, 3], "car_3749": [1, 5], "car_3371": [2, 6], "car_4735": [13, 2], "car_2406": [5, 4], "car_3979": [14, 1], "car_4238": [10, 6], "car_4239": [2, 5], "car_4232": [7, 2], "car_4233": [8, 4], "car_4230": [14, 6], "car_4231": [9, 0], "car_4236": [15, 1], "car_4237": [1, 4], "car_4234": [4, 5], "car_4235": [11, 4], "car_2065": [5, 0], "car_2064": [1, 2], "car_1048": [9, 7], "car_1049": [13, 2], "car_2061": [0, 7], "car_2060": [12, 0], "car_2063": [15, 2], "car_2062": [11, 5], "car_1042": [7, 3], "car_1043": [8, 5], "car_1040": [9, 2], "car_1041": [13, 0], "car_1046": [10, 3], "car_1047": [14, 0], "car_1044": [12, 6], "car_1045": [5, 3], "car_2663": [7, 4], "car_2662": [3, 4], "car_2661": [9, 1], "car_2660": [4, 7], "car_2667": [15, 6], "car_2666": [11, 3], "car_2665": [4, 1], "car_2664": [0, 7], "car_2669": [5, 1], "car_2668": [1, 6], "car_4548": [5, 1], "car_4522": [1, 7], "car_4516": [13, 0], "car_3528": [11, 7], "car_2404": [8, 5], "car_4265": [5, 2], "car_3582": [4, 3], "car_4739": [12, 0], "car_4738": [8, 0], "car_4515": [6, 0], "car_3422": [14, 3], "car_3423": [2, 0], "car_78": [0, 2], "car_79": [11, 6], "car_3426": [11, 0], "car_3427": [10, 7], "car_3424": [9, 5], "car_3425": [4, 3], "car_72": [14, 2], "car_73": [2, 7], "car_70": [5, 2], "car_71": [10, 4], "car_76": [7, 5], "car_77": [8, 2], "car_74": [6, 5], "car_75": [13, 7], "car_992": [3, 2], "car_993": [8, 5], "car_990": [5, 3], "car_991": [2, 4], "car_996": [1, 6], "car_997": [5, 3], "car_994": [12, 7], "car_995": [4, 0], "car_1688": [9, 1], "car_1689": [13, 5], "car_998": [6, 2], "car_999": [9, 4], "car_2409": [9, 2], "car_2408": [2, 3], "car_2797": [13, 5], "car_2796": [9, 7], "car_2795": [14, 7], "car_2794": [5, 3], "car_2793": [1, 0], "car_2792": [4, 2], "car_1448": [10, 1], "car_1449": [14, 2], "car_1446": [12, 1], "car_1447": [1, 3], "car_1444": [3, 4], "car_1445": [8, 4], "car_1442": [2, 3], "car_1443": [13, 5], "car_1440": [5, 3], "car_1441": [10, 4], "car_2883": [11, 4], "car_2882": [0, 2], "car_2881": [12, 7], "car_2798": [3, 2], "car_2887": [6, 1], "car_2886": [2, 1], "car_2885": [1, 4], "car_2884": [15, 7], "car_2889": [3, 0], "car_2888": [9, 4], "car_3686": [0, 7], "car_3687": [4, 3], "car_3684": [3, 4], "car_3685": [12, 0], "car_2401": [9, 5], "car_3683": [2, 6], "car_3680": [11, 7], "car_3681": [5, 4], "car_2986": [8, 1], "car_3688": [11, 7], "car_3689": [1, 5], "car_3336": [15, 3], "car_3337": [6, 3], "car_2539": [2, 6], "car_2538": [10, 1], "car_2249": [10, 3], "car_2248": [5, 1], "car_3330": [10, 1], "car_3331": [2, 4], "car_2245": [4, 5], "car_2244": [0, 1], "car_2247": [15, 1], "car_2246": [11, 2], "car_2241": [9, 0], "car_2240": [6, 5], "car_2243": [7, 5], "car_2242": [13, 4], "car_2089": [3, 7], "car_2088": [13, 7], "car_3873": [4, 7], "car_2083": [3, 2], "car_2082": [6, 4], "car_2081": [10, 3], "car_2080": [4, 0], "car_2087": [9, 5], "car_2086": [14, 4], "car_2085": [1, 7], "car_2084": [12, 2], "car_3180": [10, 4], "car_3183": [13, 5], "car_4676": [11, 2], "car_3239": [10, 2], "car_2984": [9, 3], "car_3758": [1, 7], "car_3759": [14, 1], "car_3208": [11, 2], "car_3209": [15, 5], "car_4336": [12, 3], "car_3868": [13, 2], "car_3202": [14, 5], "car_3203": [6, 7], "car_3200": [11, 4], "car_3186": [4, 7], "car_3206": [12, 0], "car_3207": [0, 3], "car_3204": [13, 7], "car_3205": [3, 0], "car_578": [1, 3], "car_579": [5, 1], "car_2333": [11, 5], "car_2332": [7, 1], "car_2335": [1, 6], "car_2334": [15, 6], "car_2337": [2, 1], "car_553": [7, 2], "car_570": [6, 4], "car_571": [9, 4], "car_572": [11, 3], "car_573": [1, 7], "car_574": [13, 2], "car_806": [0, 2], "car_576": [0, 5], "car_577": [15, 1], "car_4115": [0, 1], "car_807": [4, 0], "car_800": [4, 6], "car_801": [1, 7], "car_4152": [5, 0], "car_802": [14, 1], "car_4508": [8, 0], "car_4400": [2, 6], "car_2192": [15, 1], "car_803": [13, 5], "car_2067": [7, 4], "car_2066": [10, 3], "car_619": [1, 6], "car_618": [15, 0], "car_3377": [10, 5], "car_615": [12, 2], "car_614": [8, 6], "car_617": [11, 5], "car_616": [0, 2], "car_611": [15, 7], "car_610": [11, 7], "car_613": [5, 2], "car_612": [1, 2], "car_2151": [2, 0], "car_3775": [3, 5], "car_4509": [12, 1], "car_3118": [0, 5], "car_3119": [4, 7], "car_3116": [8, 4], "car_3117": [12, 4], "car_3114": [9, 4], "car_3115": [13, 5], "car_3112": [1, 2], "car_3113": [2, 4], "car_3110": [0, 3], "car_3111": [11, 2], "car_2704": [1, 6], "car_4674": [6, 2], "car_2705": [2, 4], "car_4586": [12, 2], "car_3678": [12, 0], "car_2706": [9, 6], "car_4591": [5, 3], "car_2150": [14, 6], "car_4555": [14, 0], "car_2707": [13, 3], "car_2069": [0, 7], "car_2068": [8, 3], "car_2702": [12, 7], "car_2703": [0, 2], "car_4632": [6, 7], "car_769": [11, 1], "car_768": [0, 2], "car_2567": [12, 1], "car_4545": [3, 0], "car_761": [8, 0], "car_760": [3, 6], "car_763": [5, 7], "car_762": [15, 0], "car_765": [9, 5], "car_764": [14, 3], "car_767": [12, 7], "car_766": [13, 7], "car_2216": [8, 4], "car_4428": [9, 2], "car_2217": [0, 7], "car_4540": [5, 7], "car_2330": [9, 0], "car_2214": [5, 1], "car_4541": [10, 2], "car_4070": [15, 0], "car_2215": [14, 5], "car_4542": [6, 0], "car_2212": [0, 7], "car_4543": [9, 1], "car_2213": [15, 3], "car_4424": [10, 7], "car_4423": [5, 0], "car_2210": [6, 7], "car_4422": [1, 3], "car_4151": [1, 7], "car_2211": [3, 1], "car_575": [8, 0], "car_3374": [4, 6], "car_4549": [10, 4], "car_4201": [8, 2], "car_4425": [14, 6], "car_4381": [1, 3], "car_4142": [15, 6], "car_1305": [1, 3], "car_1304": [11, 2], "car_1307": [2, 1], "car_1306": [10, 2], "car_1301": [6, 4], "car_1300": [2, 0], "car_1303": [12, 5], "car_1302": [9, 4], "car_4675": [4, 1], "car_3909": [14, 7], "car_1309": [3, 0], "car_1308": [13, 0], "car_3832": [11, 4], "car_3760": [8, 2], "car_389": [2, 5], "car_388": [14, 2], "car_387": [10, 0], "car_386": [5, 3], "car_385": [15, 5], "car_384": [11, 3], "car_383": [0, 5], "car_382": [12, 3], "car_381": [3, 2], "car_380": [6, 2], "car_141": [12, 6], "car_140": [8, 0], "car_143": [1, 3], "car_142": [15, 3], "car_145": [2, 5], "car_144": [10, 3], "car_147": [3, 7], "car_146": [13, 4], "car_149": [12, 7], "car_148": [8, 6], "car_4043": [13, 3], "car_4042": [6, 7], "car_2407": [10, 2], "car_4044": [7, 1], "car_4047": [14, 1], "car_4046": [0, 6], "car_1279": [9, 6], "car_1278": [6, 3], "car_4313": [15, 0], "car_4312": [11, 0], "car_4315": [2, 7], "car_4314": [5, 2], "car_4317": [13, 5], "car_4316": [6, 3], "car_1271": [9, 5], "car_1270": [10, 3], "car_1273": [0, 2], "car_1272": [8, 2], "car_1275": [1, 0], "car_1274": [15, 3], "car_1277": [14, 6], "car_1276": [10, 3], "car_2326": [4, 5], "car_4501": [1, 5], "car_2847": [6, 4], "car_3671": [10, 6], "car_2327": [5, 0], "car_4502": [10, 3], "car_4229": [10, 0], "car_4228": [15, 0], "car_4305": [6, 1], "car_4225": [8, 7], "car_3912": [9, 1], "car_4227": [11, 4], "car_4226": [4, 5], "car_4221": [14, 4], "car_4220": [10, 5], "car_4223": [9, 2], "car_4222": [2, 3], "car_3491": [0, 6], "car_1059": [10, 3], "car_1058": [1, 3], "car_1055": [8, 7], "car_1054": [7, 1], "car_1057": [4, 5], "car_1056": [0, 4], "car_1051": [5, 1], "car_1050": [8, 2], "car_1053": [9, 3], "car_1052": [10, 6], "car_2656": [7, 2], "car_2657": [8, 7], "car_2654": [6, 0], "car_2655": [9, 1], "car_2652": [15, 4], "car_2653": [5, 7], "car_2650": [4, 5], "car_2651": [11, 0], "car_4439": [3, 2], "car_2415": [6, 7], "car_2658": [12, 1], "car_2659": [0, 3], "car_3490": [12, 2], "car_4588": [4, 1], "car_3790": [1, 3], "car_4035": [9, 6], "car_4689": [0, 5], "car_2416": [13, 3], "car_69": [11, 2], "car_68": [0, 1], "car_2438": [10, 5], "car_2439": [14, 7], "car_3431": [7, 6], "car_3430": [13, 0], "car_3433": [15, 3], "car_3432": [11, 4], "car_61": [14, 0], "car_60": [1, 2], "car_63": [13, 1], "car_62": [9, 7], "car_65": [7, 0], "car_64": [3, 1], "car_67": [12, 4], "car_66": [8, 1], "car_1693": [0, 7], "car_1692": [12, 1], "car_1691": [8, 1], "car_1690": [3, 2], "car_1697": [13, 6], "car_1696": [9, 1], "car_969": [12, 6], "car_968": [3, 4], "car_967": [13, 3], "car_966": [9, 5], "car_965": [2, 0], "car_964": [14, 6], "car_963": [5, 6], "car_962": [1, 6], "car_961": [15, 7], "car_960": [4, 6], "car_1451": [7, 0], "car_1450": [2, 7], "car_1453": [4, 3], "car_1452": [0, 1], "car_1455": [14, 7], "car_1454": [10, 0], "car_1457": [0, 2], "car_1456": [2, 4], "car_1459": [15, 4], "car_1458": [4, 0], "car_4506": [5, 3], "car_3937": [10, 0], "car_3707": [3, 7], "car_3541": [13, 7], "car_2410": [13, 7], "car_2837": [6, 7], "car_4449": [0, 5], "car_3428": [14, 6], "car_3329": [5, 2], "car_3328": [15, 5], "car_3429": [9, 4], "car_3175": [13, 3], "car_3321": [15, 5], "car_3320": [11, 4], "car_3323": [3, 4], "car_3322": [5, 6], "car_3325": [0, 4], "car_3279": [11, 3], "car_3327": [11, 5], "car_3326": [4, 1], "car_3278": [4, 0], "car_2411": [0, 1], "car_3547": [14, 2], "car_2508": [4, 3], "car_2509": [15, 3], "car_2506": [8, 1], "car_2507": [0, 1], "car_2504": [14, 7], "car_2505": [13, 6], "car_2502": [1, 7], "car_2503": [10, 4], "car_2500": [8, 1], "car_2501": [4, 7], "car_2737": [9, 3], "car_1680": [9, 7], "car_1681": [7, 4], "car_4009": [4, 1], "car_3705": [2, 3], "car_3173": [2, 0], "car_1682": [1, 4], "car_1683": [9, 0], "car_4442": [4, 6], "car_3903": [7, 5], "car_3272": [14, 3], "car_1684": [12, 1], "car_2736": [5, 1], "car_1685": [1, 3], "car_1891": [9, 3], "car_3270": [5, 6], "car_1686": [10, 5], "car_1890": [10, 1], "car_3704": [14, 7], "car_1687": [14, 0], "car_1893": [8, 3], "car_545": [11, 1], "car_544": [4, 1], "car_547": [5, 1], "car_546": [1, 5], "car_541": [8, 2], "car_540": [7, 3], "car_543": [0, 7], "car_542": [12, 1], "car_3215": [4, 0], "car_1895": [0, 1], "car_3217": [1, 0], "car_3216": [11, 1], "car_549": [14, 7], "car_548": [10, 4], "car_819": [1, 4], "car_818": [15, 4], "car_2344": [6, 7], "car_2345": [13, 3], "car_2346": [3, 4], "car_2347": [7, 2], "car_2340": [8, 2], "car_1897": [15, 5], "car_2342": [15, 5], "car_2343": [14, 7], "car_2405": [1, 7], "car_1896": [11, 7], "car_2348": [12, 1], "car_2349": [0, 1], "car_4710": [4, 6], "car_3699": [3, 1], "car_3698": [2, 0], "car_3691": [14, 7], "car_3690": [10, 7], "car_3693": [8, 3], "car_3692": [13, 1], "car_3695": [11, 6], "car_3694": [12, 7], "car_33": [4, 6], "car_3696": [5, 1], "car_1767": [8, 1], "car_3702": [12, 6], "car_1766": [7, 6], "car_4682": [11, 7], "car_4218": [1, 7], "car_1765": [3, 6], "car_4219": [5, 4], "car_3498": [0, 3], "car_608": [12, 1], "car_609": [0, 4], "car_2941": [14, 3], "car_602": [4, 1], "car_603": [1, 5], "car_600": [3, 2], "car_601": [8, 1], "car_606": [9, 7], "car_607": [13, 3], "car_604": [5, 6], "car_605": [10, 7], "car_3101": [5, 1], "car_3100": [11, 7], "car_3103": [2, 3], "car_3102": [14, 5], "car_3105": [9, 2], "car_1761": [4, 5], "car_3107": [3, 1], "car_3106": [13, 4], "car_3109": [12, 2], "car_3108": [8, 7], "car_1760": [12, 5], "car_4350": [2, 6], "car_4180": [3, 4], "car_2799": [8, 4], "car_3700": [7, 0], "car_4433": [11, 6], "car_776": [7, 5], "car_777": [12, 0], "car_774": [13, 3], "car_775": [3, 6], "car_772": [5, 7], "car_773": [2, 5], "car_770": [15, 0], "car_771": [1, 2], "car_4551": [13, 6], "car_1768": [0, 7], "car_778": [4, 7], "car_779": [11, 4], "car_4468": [12, 4], "car_4434": [1, 6], "car_2418": [11, 4], "car_2880": [8, 0], "car_4338": [10, 2], "car_1750": [12, 3], "car_3941": [5, 7], "car_4448": [7, 0], "car_3940": [0, 6], "car_4686": [9, 4], "car_4435": [5, 1], "car_2419": [15, 4], "car_4713": [5, 2], "car_4717": [6, 7], "car_3293": [7, 6], "car_4383": [2, 5], "car_4436": [10, 3], "car_3664": [9, 1], "car_3292": [9, 0], "car_3949": [4, 0], "car_3948": [12, 1], "car_4547": [4, 2], "car_4532": [2, 3], "car_4684": [5, 4], "car_4437": [14, 1], "car_3251": [3, 2], "car_1994": [15, 5], "car_1995": [10, 7], "car_1996": [2, 6], "car_1997": [9, 5], "car_1990": [7, 2], "car_1991": [12, 0], "car_1992": [0, 2], "car_1993": [11, 7], "car_4148": [7, 5], "car_4149": [12, 5], "car_1998": [13, 7], "car_1999": [3, 7], "car_2846": [2, 4], "car_4499": [9, 1], "car_3682": [14, 7], "car_3250": [2, 1], "car_3728": [12, 5], "car_1842": [3, 0], "car_1806": [8, 5], "car_1840": [9, 6], "car_1841": [13, 7], "car_398": [6, 4], "car_399": [8, 3], "car_1844": [0, 5], "car_1807": [11, 1], "car_394": [4, 2], "car_395": [11, 3], "car_396": [1, 7], "car_397": [10, 6], "car_390": [9, 5], "car_391": [3, 6], "car_392": [7, 2], "car_393": [12, 5], "car_4369": [8, 6], "car_3725": [14, 4], "car_4671": [4, 7], "car_4038": [12, 0], "car_4039": [0, 7], "car_158": [1, 3], "car_159": [9, 7], "car_156": [0, 4], "car_157": [11, 1], "car_154": [3, 2], "car_155": [12, 0], "car_152": [6, 7], "car_153": [9, 5], "car_150": [14, 5], "car_151": [2, 4], "car_3667": [4, 1], "car_4365": [2, 6], "car_4366": [6, 7], "car_3726": [6, 2], "car_1208": [3, 4], "car_1209": [7, 5], "car_4362": [15, 2], "car_4363": [5, 1], "car_1204": [5, 0], "car_1205": [10, 3], "car_1206": [6, 5], "car_1207": [13, 7], "car_1200": [12, 0], "car_1201": [0, 1], "car_1202": [4, 3], "car_1203": [11, 5], "car_4171": [0, 2], "car_2601": [14, 1], "car_2403": [3, 6], "car_4170": [12, 7], "car_3252": [12, 3], "car_3926": [1, 5], "car_3722": [1, 3], "car_4678": [10, 3], "car_3660": [4, 3], "car_4172": [4, 2], "car_3334": [4, 6], "car_4174": [0, 3], "car_3708": [4, 6], "car_3335": [11, 5], "car_1808": [1, 6], "car_3255": [11, 3], "car_3332": [7, 2], "car_1809": [5, 0], "car_3661": [11, 7], "car_3333": [12, 1], "car_2649": [12, 3], "car_2612": [15, 1], "car_4568": [0, 1], "car_4438": [13, 1], "car_4701": [12, 7], "car_2613": [5, 2], "car_2641": [4, 0], "car_2640": [0, 2], "car_2643": [15, 6], "car_2642": [11, 6], "car_2645": [5, 3], "car_2644": [1, 7], "car_2647": [6, 5], "car_2646": [10, 2], "car_1510": [8, 6], "car_1511": [12, 3], "car_1512": [0, 7], "car_1513": [4, 2], "car_1514": [11, 2], "car_1515": [15, 1], "car_1516": [1, 0], "car_1517": [5, 7], "car_1518": [10, 1], "car_1519": [2, 5], "car_3662": [1, 5], "car_2531": [6, 4], "car_2965": [7, 5], "car_2530": [2, 0], "car_2966": [8, 2], "car_3366": [4, 3], "car_4698": [11, 4], "car_2537": [5, 2], "car_2967": [0, 6], "car_2536": [15, 4], "car_2968": [11, 7], "car_2855": [9, 2], "car_1198": [9, 1], "car_1199": [7, 1], "car_2969": [15, 4], "car_1194": [1, 5], "car_1195": [5, 3], "car_1196": [10, 5], "car_1197": [2, 5], "car_1190": [3, 6], "car_1191": [0, 6], "car_1192": [4, 1], "car_1193": [11, 4], "car_3916": [0, 2], "car_3917": [4, 5], "car_3914": [3, 0], "car_2619": [4, 7], "car_2429": [8, 5], "car_2428": [7, 5], "car_3910": [2, 4], "car_3911": [6, 5], "car_2425": [11, 5], "car_2424": [0, 6], "car_2427": [5, 1], "car_2426": [1, 4], "car_2421": [10, 5], "car_2126": [1, 2], "car_2423": [3, 4], "car_2422": [6, 4], "car_2856": [8, 1], "car_2127": [10, 7], "car_978": [3, 4], "car_979": [15, 0], "car_974": [10, 0], "car_975": [14, 4], "car_976": [2, 7], "car_977": [9, 2], "car_970": [0, 6], "car_971": [11, 4], "car_972": [15, 1], "car_973": [1, 7], "car_1424": [10, 0], "car_1425": [2, 0], "car_1426": [3, 0], "car_1427": [7, 6], "car_1420": [3, 5], "car_1421": [8, 4], "car_1422": [1, 2], "car_1423": [5, 3], "car_2402": [13, 7], "car_1428": [12, 6], "car_1429": [4, 7], "car_2857": [4, 3], "car_3259": [8, 0], "car_4335": [9, 5], "car_3593": [1, 5], "car_3358": [3, 6], "car_3359": [4, 7], "car_3354": [5, 1], "car_2128": [14, 2], "car_3356": [2, 3], "car_3357": [13, 7], "car_3350": [12, 2], "car_3258": [3, 2], "car_3352": [11, 1], "car_2129": [2, 5], "car_2511": [14, 4], "car_2510": [1, 3], "car_2513": [9, 3], "car_2512": [6, 7], "car_2515": [0, 2], "car_2514": [12, 6], "car_2517": [1, 4], "car_2516": [4, 5], "car_2519": [14, 1], "car_2518": [5, 0], "car_3590": [3, 2], "car_3591": [0, 6], "car_3596": [12, 3], "car_3597": [11, 3], "car_3594": [2, 1], "car_3595": [6, 2], "car_1738": [7, 2], "car_1739": [12, 4], "car_1730": [12, 5], "car_1731": [0, 2], "car_1732": [4, 2], "car_1733": [15, 7], "car_1734": [10, 1], "car_1735": [9, 1], "car_1736": [13, 7], "car_1737": [3, 2], "car_54": [13, 2], "car_55": [3, 5], "car_56": [0, 5], "car_57": [4, 6], "car_50": [5, 4], "car_51": [10, 1], "car_52": [2, 3], "car_53": [9, 0], "car_4507": [10, 0], "car_58": [11, 7], "car_59": [15, 6], "car_2609": [6, 3], "car_552": [3, 7], "car_805": [12, 2], "car_550": [2, 7], "car_551": [6, 4], "car_556": [4, 0], "car_557": [11, 7], "car_554": [8, 7], "car_555": [12, 6], "car_3776": [12, 2], "car_3777": [0, 2], "car_558": [1, 0], "car_559": [5, 0], "car_808": [1, 5], "car_809": [2, 7], "car_3770": [4, 1], "car_3771": [15, 4], "car_2357": [13, 0], "car_2356": [2, 3], "car_2355": [14, 2], "car_2354": [10, 4], "car_2353": [5, 0], "car_2352": [1, 6], "car_2351": [15, 5], "car_2350": [11, 2], "car_2359": [8, 6], "car_2358": [7, 3], "car_4117": [11, 5], "car_1757": [13, 3], "car_4445": [2, 1], "car_3672": [2, 3], "car_3710": [15, 5], "car_2339": [9, 3], "car_4690": [1, 0], "car_3709": [11, 3], "car_2469": [6, 2], "car_3174": [6, 5], "car_2915": [9, 0], "car_3176": [7, 6], "car_3177": [0, 2], "car_3170": [15, 6], "car_3171": [10, 4], "car_3172": [14, 1], "car_2914": [6, 5], "car_3178": [11, 5], "car_3179": [5, 4], "car_3711": [5, 3], "car_3369": [10, 4], "car_4691": [10, 4], "car_4359": [15, 2], "car_2468": [14, 5], "car_3437": [6, 4], "car_3747": [12, 1], "car_4328": [1, 5], "car_703": [1, 5], "car_702": [11, 5], "car_701": [12, 3], "car_700": [3, 7], "car_707": [9, 0], "car_706": [6, 0], "car_705": [14, 3], "car_704": [10, 0], "car_709": [8, 6], "car_708": [13, 6], "car_3436": [14, 5], "car_3008": [5, 4], "car_3009": [14, 6], "car_4329": [14, 0], "car_3000": [10, 3], "car_3001": [9, 3], "car_3002": [3, 1], "car_3003": [8, 5], "car_3004": [12, 5], "car_3005": [0, 7], "car_3006": [4, 7], "car_3007": [1, 6], "car_2221": [10, 3], "car_4353": [0, 1], "car_4247": [3, 2], "car_2308": [14, 7], "car_4116": [4, 0], "car_3619": [13, 6], "car_2400": [2, 0], "car_3751": [14, 2], "car_2309": [2, 3], "car_3201": [1, 5], "car_3754": [3, 7], "car_3755": [7, 5], "car_4496": [11, 7], "car_3756": [8, 3], "car_3757": [15, 7], "car_1987": [14, 3], "car_1986": [10, 5], "car_1985": [15, 0], "car_1984": [11, 3], "car_1983": [4, 3], "car_1982": [8, 4], "car_1981": [7, 2], "car_1980": [13, 4], "car_4159": [2, 6], "car_4158": [14, 0], "car_4696": [0, 5], "car_1989": [3, 4], "car_1988": [9, 0], "car_2768": [3, 5], "car_1855": [12, 1], "car_1796": [11, 6], "car_1857": [4, 5], "car_1856": [0, 7], "car_1851": [1, 5], "car_1850": [13, 4], "car_1853": [6, 7], "car_1797": [2, 1], "car_2336": [14, 3], "car_1859": [10, 6], "car_1794": [12, 7], "car_2230": [6, 2], "car_129": [14, 7], "car_128": [5, 0], "car_4368": [3, 5], "car_4029": [0, 4], "car_2231": [13, 7], "car_123": [12, 6], "car_122": [3, 0], "car_121": [9, 1], "car_120": [6, 1], "car_127": [15, 7], "car_126": [11, 2], "car_125": [4, 1], "car_124": [0, 2], "car_4377": [7, 3], "car_4153": [10, 6], "car_4375": [2, 1], "car_4374": [1, 0], "car_3718": [8, 1], "car_1790": [15, 5], "car_1219": [1, 3], "car_1218": [15, 5], "car_1217": [12, 3], "car_1216": [3, 1], "car_1215": [9, 6], "car_1214": [6, 2], "car_1213": [2, 3], "car_1212": [14, 0], "car_1211": [5, 1], "car_1210": [1, 2], "car_1415": [5, 2], "car_4150": [4, 6], "car_1414": [11, 0], "car_4157": [1, 4], "car_1417": [14, 7], "car_4156": [0, 7], "car_4266": [10, 6], "car_3719": [12, 4], "car_1416": [10, 1], "car_4155": [8, 7], "car_1411": [8, 0], "car_4154": [14, 2], "car_3959": [14, 4], "car_1410": [3, 6], "car_237": [14, 6], "car_236": [10, 7], "car_235": [4, 2], "car_234": [7, 1], "car_233": [13, 1], "car_232": [6, 0], "car_231": [14, 5], "car_230": [5, 4], "car_3372": [3, 6], "car_1412": [0, 7], "car_239": [8, 2], "car_238": [9, 6], "car_2988": [4, 2], "car_2989": [11, 6], "car_2638": [13, 0], "car_2639": [7, 4], "car_2634": [1, 2], "car_2635": [5, 0], "car_2636": [6, 2], "car_2637": [9, 5], "car_2630": [2, 6], "car_2631": [6, 5], "car_2632": [0, 2], "car_2633": [4, 6], "car_1503": [15, 7], "car_1502": [4, 1], "car_1501": [0, 1], "car_1500": [3, 5], "car_1507": [6, 2], "car_1506": [2, 6], "car_1505": [10, 2], "car_1504": [1, 7], "car_3373": [12, 4], "car_1509": [7, 0], "car_1508": [3, 4], "car_3825": [2, 6], "car_4498": [2, 0], "car_4367": [13, 3], "car_3439": [3, 2], "car_3745": [7, 2], "car_4489": [15, 1], "car_4488": [11, 4], "car_4322": [14, 0], "car_1189": [13, 4], "car_1188": [9, 3], "car_1187": [2, 4], "car_1186": [10, 6], "car_1185": [5, 1], "car_1184": [1, 6], "car_1183": [0, 3], "car_1182": [3, 6], "car_1181": [6, 4], "car_1180": [14, 3], "car_2182": [8, 5], "car_2183": [12, 6], "car_2180": [9, 1], "car_2181": [3, 5], "car_2186": [1, 7], "car_2187": [10, 1], "car_2184": [0, 5], "car_2185": [15, 7], "car_3438": [13, 5], "car_2188": [2, 3], "car_2189": [9, 4], "car_949": [12, 3], "car_948": [8, 2], "car_2742": [13, 1], "car_2743": [3, 1], "car_2744": [12, 1], "car_2745": [0, 4], "car_2746": [4, 5], "car_2747": [1, 2], "car_941": [7, 0], "car_940": [13, 6], "car_943": [10, 6], "car_942": [5, 6], "car_945": [6, 0], "car_944": [14, 6], "car_947": [13, 0], "car_946": [9, 6], "car_1437": [8, 7], "car_1436": [3, 1], "car_1435": [13, 3], "car_1434": [10, 4], "car_1433": [5, 2], "car_1432": [1, 4], "car_1431": [15, 2], "car_1430": [11, 0], "car_1439": [15, 1], "car_1438": [12, 7], "car_3501": [1, 0], "car_2238": [5, 1], "car_4114": [8, 7], "car_2823": [4, 7], "car_4446": [9, 7], "car_493": [8, 4], "car_492": [3, 1], "car_491": [13, 3], "car_490": [6, 4], "car_497": [4, 7], "car_496": [7, 0], "car_495": [2, 4], "car_494": [12, 4], "car_3347": [9, 5], "car_3346": [2, 6], "car_499": [1, 0], "car_498": [15, 6], "car_3343": [0, 5], "car_3342": [12, 0], "car_3341": [7, 6], "car_3340": [3, 0], "car_2296": [6, 2], "car_2297": [9, 0], "car_2294": [11, 7], "car_2239": [2, 3], "car_2292": [12, 6], "car_2293": [4, 6], "car_2290": [3, 7], "car_2291": [8, 4], "car_3585": [10, 6], "car_1918": [9, 0], "car_3587": [2, 5], "car_3586": [14, 3], "car_2568": [0, 7], "car_2569": [4, 0], "car_2298": [13, 3], "car_1919": [3, 1], "car_1729": [8, 7], "car_1728": [13, 0], "car_1723": [15, 3], "car_1722": [11, 3], "car_1721": [12, 4], "car_1720": [13, 5], "car_1727": [9, 2], "car_1726": [10, 1], "car_1725": [5, 4], "car_1724": [1, 4], "car_43": [1, 4], "car_42": [15, 5], "car_41": [4, 7], "car_40": [0, 1], "car_47": [7, 6], "car_46": [9, 0], "car_45": [2, 0], "car_44": [5, 3], "car_3901": [10, 0], "car_3900": [5, 6], "car_49": [1, 5], "car_48": [11, 7], "car_3905": [12, 5], "car_1916": [2, 6], "car_3907": [11, 0], "car_3906": [0, 3], "car_3365": [12, 3], "car_1917": [6, 2], "car_3364": [3, 7], "car_3761": [12, 2], "car_3375": [11, 1], "car_3367": [11, 5], "car_1858": [5, 0], "car_831": [9, 5], "car_830": [2, 4], "car_833": [0, 7], "car_832": [7, 0], "car_835": [15, 2], "car_834": [11, 7], "car_837": [2, 5], "car_836": [5, 7], "car_839": [9, 1], "car_838": [6, 5], "car_2360": [12, 0], "car_2361": [15, 7], "car_2366": [9, 5], "car_2367": [13, 7], "car_2364": [14, 3], "car_2365": [2, 4], "car_2168": [10, 7], "car_2169": [14, 4], "car_3509": [10, 5], "car_3815": [5, 0], "car_2160": [9, 4], "car_2161": [13, 7], "car_2162": [3, 6], "car_2163": [8, 1], "car_2164": [0, 2], "car_2165": [11, 2], "car_2166": [15, 0], "car_2167": [5, 0], "car_2810": [10, 7], "car_2811": [14, 1], "car_2812": [2, 4], "car_4311": [4, 1], "car_2813": [13, 0], "car_3763": [11, 3], "car_1941": [6, 0], "car_2814": [4, 1], "car_4028": [8, 7], "car_3055": [14, 7], "car_2815": [15, 4], "car_4027": [7, 2], "car_2544": [15, 0], "car_3235": [0, 6], "car_2817": [2, 3], "car_4025": [13, 2], "car_3167": [8, 3], "car_3166": [3, 2], "car_3165": [13, 2], "car_3164": [6, 3], "car_3163": [2, 3], "car_3162": [14, 1], "car_3161": [5, 4], "car_3160": [4, 6], "car_4023": [11, 2], "car_2463": [0, 3], "car_3169": [11, 2], "car_3168": [12, 6], "car_2462": [12, 6], "car_3980": [2, 6], "car_4021": [0, 6], "car_3309": [13, 5], "car_4020": [13, 2], "car_3565": [13, 4], "car_4376": [13, 2], "car_3933": [0, 2], "car_710": [1, 5], "car_711": [6, 0], "car_712": [9, 2], "car_713": [13, 2], "car_714": [3, 1], "car_715": [12, 5], "car_716": [4, 6], "car_717": [11, 7], "car_718": [15, 6], "car_719": [5, 3], "car_4372": [4, 0], "car_1892": [3, 2], "car_3019": [14, 6], "car_3018": [10, 5], "car_4224": [7, 2], "car_3028": [10, 3], "car_3013": [13, 0], "car_3012": [9, 3], "car_3011": [6, 5], "car_3010": [2, 3], "car_3017": [5, 2], "car_3016": [11, 2], "car_3015": [0, 2], "car_2987": [0, 5], "car_3923": [4, 2], "car_3508": [15, 2], "car_3989": [3, 7], "car_3421": [10, 0], "car_4494": [8, 2], "car_4273": [15, 1], "car_4379": [0, 7], "car_4378": [12, 2], "car_1894": [12, 5], "car_4579": [1, 4], "car_4495": [12, 1], "car_4440": [12, 1], "car_4517": [3, 1], "car_3769": [12, 0], "car_4166": [2, 1], "car_4167": [9, 3], "car_4164": [5, 7], "car_4165": [14, 7], "car_4162": [0, 6], "car_4163": [11, 0], "car_4160": [6, 4], "car_4161": [8, 3], "car_4492": [13, 5], "car_4168": [13, 3], "car_4169": [3, 5], "car_2895": [2, 7], "car_3368": [5, 6], "car_4493": [7, 0], "car_138": [13, 3], "car_139": [3, 1], "car_4010": [11, 0], "car_4011": [6, 3], "car_4016": [11, 2], "car_4017": [1, 6], "car_4014": [8, 5], "car_4015": [12, 7], "car_130": [9, 7], "car_131": [13, 5], "car_132": [7, 2], "car_133": [8, 0], "car_134": [12, 1], "car_135": [0, 6], "car_136": [11, 0], "car_137": [14, 3], "car_1222": [3, 7], "car_1223": [15, 3], "car_1220": [14, 1], "car_1221": [2, 4], "car_1226": [2, 7], "car_1227": [12, 3], "car_1224": [1, 2], "car_1225": [10, 4], "car_1886": [7, 0], "car_1887": [12, 3], "car_1228": [0, 1], "car_1229": [4, 1], "car_1882": [5, 2], "car_1883": [10, 1], "car_1880": [12, 6], "car_1881": [0, 1], "car_2621": [5, 1], "car_3625": [4, 1], "car_3988": [13, 3], "car_224": [3, 1], "car_225": [8, 7], "car_226": [12, 3], "car_227": [0, 1], "car_220": [14, 2], "car_221": [6, 5], "car_222": [13, 3], "car_223": [6, 5], "car_228": [4, 2], "car_229": [1, 0], "car_1086": [0, 2], "car_1087": [10, 0], "car_1084": [7, 2], "car_1085": [12, 0], "car_1082": [6, 2], "car_1083": [3, 6], "car_1080": [5, 6], "car_1081": [14, 5], "car_2627": [12, 3], "car_2626": [9, 5], "car_2625": [6, 0], "car_2624": [2, 4], "car_2623": [14, 3], "car_2622": [10, 3], "car_1088": [6, 0], "car_1089": [9, 7], "car_1536": [10, 2], "car_1537": [2, 6], "car_1534": [11, 5], "car_1535": [1, 6], "car_1532": [8, 7], "car_1533": [4, 6], "car_1530": [3, 6], "car_1531": [7, 0], "car_1538": [6, 2], "car_1539": [8, 3], "car_3512": [4, 6], "car_4703": [15, 6], "car_4348": [11, 5], "car_4349": [10, 2], "car_4342": [4, 3], "car_4343": [1, 0], "car_4340": [9, 7], "car_4341": [0, 6], "car_4346": [7, 6], "car_4347": [12, 0], "car_4344": [2, 1], "car_4345": [6, 0], "car_956": [7, 4], "car_957": [8, 5], "car_954": [14, 0], "car_955": [2, 7], "car_952": [1, 3], "car_953": [10, 4], "car_950": [0, 6], "car_951": [15, 6], "car_4593": [2, 6], "car_1827": [1, 7], "car_2199": [7, 0], "car_2198": [3, 6], "car_958": [12, 4], "car_959": [0, 6], "car_1158": [9, 7], "car_1159": [3, 2], "car_1408": [2, 0], "car_1409": [6, 0], "car_2757": [10, 1], "car_2756": [5, 7], "car_2755": [15, 3], "car_1829": [10, 4], "car_1150": [13, 4], "car_1151": [3, 7], "car_1152": [7, 0], "car_1153": [0, 3], "car_1154": [11, 1], "car_1155": [15, 0], "car_1156": [1, 4], "car_1157": [2, 4], "car_2532": [13, 7], "car_2380": [15, 7], "car_3510": [6, 1], "car_4657": [3, 6], "car_2764": [15, 5], "car_4592": [14, 4], "car_2381": [1, 2], "car_4650": [13, 1], "car_2382": [2, 7], "car_4651": [8, 6], "car_2383": [6, 3], "car_4652": [0, 1], "car_1826": [0, 5], "car_3314": [0, 6], "car_4653": [5, 3], "car_3315": [4, 1], "car_480": [14, 4], "car_481": [13, 7], "car_482": [3, 6], "car_483": [12, 1], "car_484": [0, 6], "car_485": [4, 6], "car_486": [1, 0], "car_487": [5, 3], "car_488": [10, 3], "car_489": [2, 4], "car_2283": [12, 3], "car_2282": [8, 3], "car_2285": [15, 3], "car_2284": [11, 7], "car_2287": [5, 2], "car_2286": [1, 4], "car_2577": [5, 2], "car_853": [13, 2], "car_2575": [13, 0], "car_2574": [9, 3], "car_2573": [6, 7], "car_2572": [10, 6], "car_2571": [1, 3], "car_852": [6, 7], "car_3578": [6, 5], "car_3579": [3, 0], "car_851": [1, 0], "car_2579": [14, 6], "car_2578": [10, 7], "car_4590": [15, 6], "car_582": [7, 4], "car_4711": [15, 4], "car_1718": [11, 2], "car_1719": [5, 0], "car_1716": [12, 2], "car_857": [12, 0], "car_1714": [7, 2], "car_1715": [8, 7], "car_1712": [13, 3], "car_1713": [3, 5], "car_1710": [6, 7], "car_856": [8, 6], "car_2982": [5, 4], "car_1828": [5, 3], "car_3978": [5, 4], "car_855": [7, 6], "car_4584": [3, 5], "car_2983": [14, 1], "car_3974": [0, 6], "car_3975": [4, 5], "car_3976": [11, 3], "car_854": [3, 1], "car_3970": [14, 4], "car_2980": [12, 0], "car_3972": [13, 0], "car_3973": [8, 2], "car_4597": [0, 5], "car_4700": [5, 4], "car_2981": [15, 4], "car_2739": [0, 4], "car_2738": [12, 3], "car_3714": [2, 6], "car_3715": [13, 4], "car_3716": [3, 5], "car_3494": [6, 0], "car_2379": [11, 2], "car_2378": [4, 6], "car_828": [5, 6], "car_829": [14, 5], "car_826": [11, 4], "car_827": [15, 1], "car_824": [3, 7], "car_825": [7, 3], "car_822": [2, 3], "car_823": [6, 5], "car_820": [5, 1], "car_821": [14, 3], "car_3484": [2, 3], "car_3485": [6, 2], "car_2179": [6, 7], "car_2178": [14, 5], "car_3480": [3, 6], "car_3481": [0, 6], "car_3482": [4, 1], "car_3483": [14, 2], "car_2173": [8, 7], "car_2172": [3, 0], "car_2171": [13, 2], "car_2170": [9, 4], "car_2177": [10, 4], "car_2176": [1, 7], "car_2175": [15, 1], "car_2174": [11, 0], "car_4486": [13, 2], "car_4477": [1, 4], "car_3238": [5, 3], "car_2535": [11, 5], "car_3920": [2, 1], "car_4595": [8, 5], "car_4471": [11, 6], "car_3349": [7, 5], "car_3218": [10, 5], "car_3628": [14, 5], "car_3629": [2, 0], "car_3158": [6, 4], "car_3159": [12, 3], "car_2534": [4, 6], "car_3499": [4, 1], "car_4022": [4, 6], "car_3152": [15, 5], "car_3153": [1, 7], "car_3150": [4, 3], "car_3151": [11, 7], "car_3156": [14, 2], "car_3157": [2, 5], "car_3154": [5, 6], "car_3155": [10, 4], "car_3398": [2, 1], "car_3399": [3, 5], "car_3390": [10, 2], "car_3391": [2, 1], "car_3392": [6, 0], "car_3393": [9, 3], "car_3394": [13, 5], "car_3395": [12, 0], "car_3396": [15, 5], "car_3397": [5, 0], "car_3983": [4, 6], "car_4514": [5, 1], "car_3799": [3, 4], "car_3389": [15, 6], "car_4458": [2, 0], "car_3982": [13, 4], "car_729": [2, 5], "car_728": [14, 5], "car_725": [15, 0], "car_724": [8, 3], "car_727": [10, 2], "car_726": [5, 7], "car_721": [6, 4], "car_720": [10, 7], "car_723": [7, 4], "car_722": [3, 4], "car_3797": [1, 6], "car_2708": [7, 2], "car_3029": [14, 0], "car_3026": [15, 3], "car_3027": [5, 1], "car_3024": [4, 0], "car_3025": [11, 7], "car_3022": [7, 1], "car_3023": [8, 0], "car_3020": [2, 1], "car_3021": [13, 1], "car_3519": [7, 3], "car_4599": [11, 7], "car_2620": [11, 2], "car_3275": [3, 1], "car_1795": [0, 5], "car_4598": [4, 2], "car_3274": [13, 4], "car_1792": [7, 6], "car_3987": [2, 1], "car_3226": [15, 7], "car_1793": [8, 5], "car_3986": [10, 7], "car_3779": [11, 5], "car_4481": [4, 3], "car_2440": [2, 6], "car_4635": [12, 6], "car_4480": [0, 4], "car_4483": [14, 4], "car_105": [3, 0], "car_104": [13, 4], "car_107": [8, 1], "car_106": [7, 1], "car_101": [2, 7], "car_100": [5, 4], "car_103": [9, 4], "car_102": [6, 5], "car_1888": [15, 3], "car_4485": [9, 5], "car_109": [2, 0], "car_108": [11, 2], "car_3659": [12, 2], "car_4484": [2, 4], "car_4005": [3, 6], "car_4004": [9, 6], "car_4007": [12, 3], "car_4006": [7, 5], "car_4001": [5, 2], "car_4000": [15, 4], "car_4003": [14, 3], "car_4002": [10, 5], "car_3934": [15, 2], "car_1791": [9, 4], "car_4008": [0, 6], "car_3637": [10, 3], "car_1235": [7, 4], "car_1234": [3, 1], "car_1237": [2, 4], "car_1236": [4, 3], "car_1231": [10, 2], "car_1230": [5, 6], "car_1233": [13, 2], "car_1232": [14, 1], "car_1899": [10, 4], "car_1898": [1, 6], "car_4512": [15, 3], "car_1239": [13, 2], "car_1238": [9, 6], "car_3633": [8, 5], "car_4633": [9, 4], "car_3511": [12, 6], "car_3632": [7, 3], "car_3609": [10, 3], "car_3516": [6, 7], "car_3631": [13, 2], "car_3517": [9, 2], "car_3630": [6, 7], "car_3774": [9, 4], "car_3514": [5, 2], "car_3141": [11, 2], "car_3515": [2, 5], "car_3636": [1, 4], "car_211": [8, 2], "car_210": [3, 5], "car_213": [0, 3], "car_212": [12, 4], "car_215": [11, 3], "car_214": [4, 7], "car_217": [1, 0], "car_216": [15, 1], "car_219": [10, 5], "car_218": [5, 3], "car_4173": [1, 4], "car_3634": [12, 6], "car_4175": [11, 0], "car_3518": [13, 2], "car_4177": [6, 1], "car_2676": [4, 5], "car_1529": [13, 0], "car_1528": [6, 4], "car_2610": [3, 2], "car_2611": [12, 0], "car_2616": [9, 5], "car_2617": [8, 4], "car_2614": [10, 6], "car_2615": [14, 2], "car_1521": [3, 0], "car_1520": [6, 4], "car_1523": [12, 0], "car_1522": [8, 2], "car_1525": [11, 2], "car_1524": [0, 4], "car_1527": [14, 2], "car_1526": [5, 1], "car_3227": [5, 7], "car_2849": [7, 2], "car_2700": [7, 4], "car_2848": [13, 0], "car_3772": [14, 5], "car_2740": [14, 4], "car_3222": [3, 6], "car_2741": [6, 1], "car_3223": [12, 2], "car_2313": [7, 6], "car_2701": [8, 2], "car_4358": [7, 0], "car_2312": [3, 2], "car_4355": [14, 0], "car_4354": [4, 6], "car_4357": [3, 2], "car_4356": [6, 3], "car_4351": [9, 0], "car_2311": [13, 5], "car_3773": [6, 1], "car_4352": [8, 1], "car_923": [13, 0], "car_922": [9, 5], "car_921": [6, 1], "car_920": [2, 4], "car_927": [15, 1], "car_926": [11, 1], "car_925": [0, 3], "car_924": [8, 3], "car_2317": [4, 0], "car_929": [5, 0], "car_928": [1, 4], "car_3665": [3, 4], "car_2316": [0, 7], "car_2766": [2, 5], "car_2748": [5, 0], "car_1149": [6, 2], "car_1148": [14, 0], "car_1419": [9, 7], "car_1418": [2, 3], "car_2760": [3, 4], "car_2749": [14, 3], "car_1143": [4, 6], "car_1142": [8, 3], "car_1141": [7, 0], "car_1140": [3, 4], "car_1147": [5, 0], "car_1146": [1, 6], "car_1145": [15, 0], "car_1144": [11, 2], "car_4503": [2, 6], "car_4504": [13, 5], "car_4505": [7, 2], "car_1099": [9, 3], "car_1098": [2, 3], "car_3385": [13, 5], "car_4580": [5, 1], "car_1091": [4, 1], "car_1090": [8, 5], "car_1093": [14, 3], "car_1092": [10, 7], "car_1095": [13, 2], "car_1094": [6, 1], "car_1097": [12, 4], "car_1096": [3, 6], "car_2818": [6, 7], "car_2819": [9, 4], "car_2548": [9, 3], "car_2549": [13, 7], "car_3361": [1, 3], "car_3360": [15, 2], "car_3363": [2, 3], "car_3362": [5, 7], "car_2542": [7, 5], "car_2543": [8, 4], "car_2540": [9, 4], "car_2541": [13, 3], "car_2546": [10, 6], "car_2547": [2, 3], "car_2521": [7, 6], "car_2545": [5, 4], "car_3563": [2, 1], "car_3562": [15, 7], "car_3561": [11, 2], "car_3384": [9, 7], "car_3567": [4, 6], "car_3566": [0, 1], "car_3468": [8, 1], "car_3564": [6, 7], "car_3569": [9, 5], "car_3568": [14, 2], "car_4645": [11, 1], "car_1701": [11, 7], "car_1700": [8, 7], "car_1703": [10, 5], "car_1702": [1, 5], "car_1705": [0, 2], "car_1704": [12, 4], "car_1707": [1, 4], "car_1706": [4, 5], "car_1709": [14, 7], "car_1708": [10, 2], "car_2522": [4, 7], "car_4661": [10, 0], "car_4582": [9, 1], "car_3969": [1, 5], "car_3968": [4, 7], "car_3967": [0, 4], "car_3966": [3, 4], "car_3965": [2, 0], "car_3964": [10, 0], "car_3963": [5, 7], "car_3962": [1, 6], "car_3961": [0, 5], "car_3960": [13, 7], "car_2523": [1, 0], "car_4660": [4, 1], "car_589": [6, 3], "car_588": [2, 1], "car_859": [11, 1], "car_858": [4, 5], "car_2384": [9, 1], "car_2385": [7, 4], "car_1695": [10, 7], "car_2387": [0, 7], "car_581": [3, 1], "car_580": [2, 5], "car_583": [8, 2], "car_850": [15, 2], "car_585": [0, 1], "car_584": [12, 3], "car_587": [10, 5], "car_586": [5, 1], "car_3497": [12, 4], "car_3496": [7, 5], "car_3495": [13, 0], "car_2002": [4, 3], "car_3493": [14, 7], "car_3492": [1, 4], "car_2148": [1, 3], "car_2149": [10, 6], "car_2146": [4, 6], "car_2147": [11, 5], "car_2144": [12, 4], "car_2145": [0, 7], "car_2142": [3, 0], "car_2143": [7, 6], "car_2140": [9, 3], "car_2141": [13, 5], "car_4544": [13, 6], "car_3896": [8, 3], "car_4049": [13, 3], "car_4639": [2, 4], "car_3529": [15, 3], "car_4662": [14, 2], "car_4585": [7, 0], "car_2985": [7, 3], "car_3639": [9, 0], "car_3638": [14, 7], "car_3149": [12, 4], "car_3148": [7, 5], "car_3145": [2, 5], "car_3144": [14, 4], "car_3147": [13, 0], "car_3146": [9, 7], "car_2779": [15, 2], "car_3140": [4, 5], "car_3143": [10, 3], "car_3142": [5, 6], "car_457": [13, 7], "car_456": [9, 0], "car_455": [6, 1], "car_454": [10, 7], "car_453": [1, 5], "car_452": [15, 2], "car_451": [0, 1], "car_450": [7, 4], "car_3383": [1, 7], "car_3382": [15, 4], "car_3381": [11, 5], "car_1878": [14, 3], "car_3387": [12, 1], "car_3386": [3, 7], "car_459": [8, 6], "car_458": [7, 3], "car_1877": [10, 7], "car_4644": [0, 6], "car_1876": [5, 1], "car_2778": [11, 1], "car_2993": [9, 6], "car_1875": [1, 2], "car_1874": [11, 3], "car_4587": [0, 6], "car_1873": [8, 2], "car_1872": [7, 1], "car_738": [12, 3], "car_739": [11, 4], "car_1871": [3, 0], "car_733": [15, 6], "car_732": [0, 2], "car_32": [0, 3], "car_730": [3, 4], "car_731": [8, 4], "car_736": [2, 4], "car_737": [3, 0], "car_734": [1, 3], "car_735": [14, 3], "car_3031": [13, 4], "car_1976": [10, 3], "car_3033": [8, 4], "car_3032": [3, 7], "car_3035": [0, 5], "car_3034": [12, 2], "car_3037": [15, 7], "car_1977": [14, 7], "car_3039": [5, 1], "car_3038": [1, 5], "car_3348": [13, 4], "car_1698": [3, 2], "car_4120": [10, 4], "car_4121": [14, 3], "car_4126": [4, 1], "car_3345": [10, 1], "car_4127": [11, 3], "car_3748": [11, 2], "car_3344": [15, 1], "car_4589": [11, 0], "car_4124": [3, 6], "car_3030": [2, 6], "car_4125": [12, 2], "car_4134": [11, 3], "car_4041": [10, 0], "car_3635": [15, 5], "car_38": [8, 5], "car_4040": [15, 2], "car_39": [12, 5], "car_4128": [1, 3], "car_2564": [9, 2], "car_4129": [14, 0], "car_2565": [7, 4], "car_4045": [12, 7], "car_3036": [4, 3], "car_2566": [8, 7], "car_2295": [14, 2], "car_1978": [6, 1], "car_2560": [15, 5], "car_1979": [9, 6], "car_3523": [15, 1], "car_2561": [5, 6], "car_4258": [5, 4], "car_2562": [2, 5], "car_4259": [10, 1], "car_2563": [6, 7], "car_4708": [8, 1], "car_2443": [13, 3], "car_4709": [0, 5], "car_2442": [9, 2], "car_3998": [0, 5], "car_3522": [4, 1], "car_3351": [0, 1], "car_2441": [6, 7], "car_112": [7, 6], "car_113": [4, 1], "car_110": [9, 0], "car_111": [3, 0], "car_116": [1, 3], "car_117": [5, 7], "car_114": [11, 2], "car_115": [15, 2], "car_2447": [15, 0], "car_118": [10, 7], "car_119": [2, 7], "car_2446": [4, 3], "car_4319": [12, 1], "car_2445": [8, 6], "car_3999": [11, 6], "car_4318": [7, 0], "car_3521": [0, 1], "car_2299": [3, 1], "car_4252": [5, 7], "car_2533": [12, 0], "car_2453": [7, 4], "car_4611": [4, 3], "car_4612": [15, 4], "car_4253": [14, 6], "car_3408": [3, 2], "car_4615": [6, 5], "car_4616": [13, 6], "car_4617": [3, 1], "car_4618": [7, 6], "car_4619": [4, 3], "car_4255": [3, 7], "car_3828": [13, 4], "car_3996": [8, 7], "car_4704": [10, 3], "car_4705": [2, 7], "car_2454": [8, 6], "car_4052": [4, 1], "car_3409": [8, 4], "car_4298": [0, 6], "car_4299": [11, 0], "car_4294": [2, 1], "car_4295": [6, 0], "car_4296": [3, 1], "car_4297": [8, 5], "car_4290": [4, 7], "car_4291": [1, 7], "car_4292": [5, 1], "car_4293": [14, 1], "car_1950": [9, 3], "car_1951": [7, 6], "car_1952": [5, 4], "car_1953": [10, 7], "car_1954": [14, 0], "car_1955": [2, 7], "car_208": [6, 0], "car_209": [13, 7], "car_206": [14, 3], "car_207": [2, 5], "car_204": [1, 0], "car_205": [5, 4], "car_202": [0, 5], "car_203": [4, 6], "car_200": [13, 1], "car_201": [8, 6], "car_2605": [8, 1], "car_2604": [7, 3], "car_2607": [1, 7], "car_2606": [11, 6], "car_1558": [2, 1], "car_1559": [6, 4], "car_2603": [6, 0], "car_2602": [2, 1], "car_1554": [15, 6], "car_1555": [1, 2], "car_1556": [10, 1], "car_1557": [14, 0], "car_1550": [8, 4], "car_1551": [12, 5], "car_1552": [0, 3], "car_1553": [4, 2], "car_4724": [2, 3], "car_4725": [6, 7], "car_1398": [13, 1], "car_1399": [7, 5], "car_4720": [8, 1], "car_4721": [0, 1], "car_4722": [4, 0], "car_4723": [10, 3], "car_1392": [11, 6], "car_1393": [15, 2], "car_1390": [7, 1], "car_1391": [4, 3], "car_1396": [2, 1], "car_1397": [6, 5], "car_1394": [5, 4], "car_1395": [10, 5], "car_3862": [6, 4], "car_2598": [4, 5], "car_3544": [4, 2], "car_3404": [5, 2], "car_930": [10, 3], "car_931": [2, 4], "car_932": [6, 4], "car_933": [3, 1], "car_934": [1, 7], "car_935": [5, 6], "car_936": [10, 4], "car_937": [14, 7], "car_938": [2, 6], "car_939": [9, 1], "car_2773": [5, 6], "car_2772": [15, 2], "car_2775": [14, 7], "car_2774": [10, 7], "car_2777": [13, 5], "car_2776": [9, 5], "car_6": [13, 5], "car_7": [7, 1], "car_4": [2, 0], "car_5": [9, 2], "car_2": [1, 5], "car_3": [10, 6], "car_1178": [15, 5], "car_1": [11, 7], "car_1176": [0, 3], "car_1177": [4, 0], "car_1174": [3, 4], "car_1175": [12, 5], "car_1172": [2, 1], "car_1173": [9, 2], "car_8": [2, 5], "car_9": [6, 3], "car_3869": [3, 6], "car_3829": [7, 1], "car_3746": [8, 4], "car_3513": [1, 2], "car_3904": [8, 2], "car_3807": [14, 3], "car_3898": [11, 7], "car_3908": [5, 7], "car_4610": [12, 0], "car_3826": [6, 3], "car_3827": [9, 4], "car_2809": [11, 1], "car_2808": [4, 5], "car_2559": [12, 3], "car_2558": [7, 4], "car_3820": [12, 4], "car_3821": [1, 5], "car_2555": [14, 2], "car_2554": [1, 4], "car_2557": [9, 3], "car_2556": [6, 5], "car_2551": [12, 0], "car_2550": [8, 3], "car_2553": [4, 6], "car_2552": [0, 6], "car_3556": [11, 6], "car_3557": [10, 7], "car_3554": [0, 3], "car_3555": [4, 3], "car_3552": [8, 6], "car_3553": [12, 0], "car_3550": [3, 7], "car_3551": [7, 2], "car_3902": [2, 4], "car_3558": [14, 0], "car_3559": [7, 6], "car_1774": [9, 2], "car_1775": [12, 3], "car_1776": [0, 4], "car_1777": [4, 7], "car_1770": [15, 2], "car_1771": [14, 0], "car_1772": [2, 5], "car_1773": [6, 4], "car_3744": [3, 6], "car_1778": [6, 3], "car_1779": [9, 7], "car_98": [11, 2], "car_99": [1, 0], "car_3950": [11, 3], "car_3951": [15, 2], "car_3956": [7, 5], "car_3957": [12, 3], "car_3954": [14, 3], "car_3955": [3, 2], "car_90": [9, 0], "car_91": [13, 2], "car_92": [8, 6], "car_93": [0, 1], "car_94": [4, 2], "car_95": [14, 7], "car_96": [9, 4], "car_97": [4, 6], "car_596": [15, 1], "car_597": [10, 0], "car_594": [0, 4], "car_595": [11, 0], "car_592": [8, 6], "car_593": [12, 4], "car_590": [9, 1], "car_591": [3, 0], "car_3500": [15, 5], "car_3733": [6, 0], "car_3730": [11, 2], "car_3731": [15, 4], "car_3736": [7, 4], "car_3737": [12, 4], "car_598": [14, 1], "car_599": [9, 4], "car_848": [8, 6], "car_849": [0, 4], "car_2391": [10, 1], "car_2390": [1, 4], "car_2397": [15, 3], "car_2396": [0, 4], "car_2395": [8, 6], "car_2394": [3, 7], "car_840": [7, 5], "car_841": [0, 3], "car_842": [4, 0], "car_843": [15, 1], "car_844": [1, 7], "car_845": [14, 5], "car_846": [2, 3], "car_847": [9, 5], "car_1608": [1, 4], "car_1609": [10, 5], "car_2153": [9, 5], "car_2152": [6, 5], "car_2155": [8, 1], "car_2154": [13, 5], "car_2157": [11, 1], "car_2156": [4, 0], "car_1600": [14, 5], "car_1601": [2, 6], "car_1602": [6, 5], "car_1603": [9, 7], "car_1604": [7, 6], "car_1605": [8, 1], "car_1606": [12, 1], "car_1607": [4, 7], "car_4500": [3, 1], "car_4404": [14, 0], "car_2369": [7, 3], "car_3765": [9, 3], "car_3538": [15, 7], "car_4389": [0, 1], "car_4677": [5, 4], "car_3764": [10, 3], "car_3767": [3, 7], "car_3766": [13, 2], "car_3620": [8, 6], "car_2362": [1, 2], "car_3608": [5, 3], "car_2363": [5, 4], "car_3606": [15, 1], "car_3607": [1, 6], "car_3604": [12, 2], "car_3605": [4, 2], "car_3602": [3, 4], "car_3603": [8, 7], "car_3600": [14, 4], "car_3601": [2, 3], "car_444": [0, 3], "car_445": [1, 2], "car_446": [5, 7], "car_447": [2, 4], "car_440": [14, 7], "car_441": [13, 5], "car_442": [7, 6], "car_443": [12, 4], "car_3892": [6, 1], "car_448": [9, 6], "car_449": [13, 7], "car_2717": [14, 6], "car_2716": [1, 3], "car_3210": [10, 1], "car_4578": [15, 3], "car_2715": [15, 2], "car_2201": [5, 1], "car_2714": [12, 6], "car_2200": [0, 5], "car_2713": [8, 4], "car_4640": [9, 2], "car_2712": [2, 7], "car_2711": [1, 0], "car_2710": [4, 0], "car_3405": [14, 1], "car_3044": [12, 7], "car_3045": [0, 6], "car_3046": [15, 4], "car_3047": [14, 5], "car_3040": [2, 7], "car_3041": [3, 4], "car_3042": [7, 6], "car_3043": [8, 2], "car_3623": [12, 1], "car_3048": [6, 2], "car_3049": [9, 4], "car_2209": [10, 1], "car_3534": [13, 0], "car_4554": [5, 0], "car_2208": [0, 3], "car_4553": [8, 7], "car_4450": [4, 3], "car_4063": [6, 7], "car_3897": [4, 2], "car_4418": [0, 1], "car_4419": [4, 0], "car_4323": [2, 4], "car_3599": [10, 6], "car_3535": [3, 4], "car_3663": [10, 5], "car_4575": [12, 3], "car_2324": [7, 6], "car_4386": [13, 4], "car_4122": [2, 5], "car_695": [0, 2], "car_694": [12, 2], "car_697": [14, 7], "car_696": [4, 7], "car_691": [9, 6], "car_690": [6, 2], "car_693": [8, 4], "car_692": [13, 7], "car_4412": [5, 2], "car_699": [6, 3], "car_698": [2, 7], "car_4413": [10, 7], "car_4520": [0, 5], "car_4679": [9, 6], "car_4574": [7, 1], "car_3810": [13, 6], "car_3479": [10, 4], "car_4123": [6, 5], "car_3876": [3, 0], "car_4577": [11, 4], "car_3478": [5, 6], "car_3894": [13, 7], "car_4525": [2, 7], "car_2399": [14, 4], "car_4576": [4, 1], "car_4603": [7, 0], "car_4602": [13, 6], "car_4601": [2, 5], "car_4600": [5, 0], "car_4607": [9, 7], "car_4606": [5, 7], "car_4605": [1, 2], "car_4604": [0, 3], "car_4609": [8, 1], "car_4608": [7, 2], "car_4571": [6, 3], "car_4451": [1, 2], "car_3571": [0, 5], "car_4288": [7, 6], "car_4287": [3, 7], "car_4286": [9, 3], "car_4285": [6, 0], "car_4284": [14, 7], "car_4283": [1, 3], "car_4282": [15, 7], "car_4281": [11, 2], "car_4280": [4, 0], "car_1943": [7, 4], "car_1942": [3, 5], "car_279": [10, 0], "car_278": [5, 6], "car_1947": [15, 6], "car_1946": [11, 6], "car_1945": [4, 0], "car_1944": [0, 1], "car_273": [7, 5], "car_272": [3, 6], "car_271": [13, 5], "car_270": [10, 7], "car_277": [1, 5], "car_276": [11, 4], "car_275": [4, 3], "car_274": [8, 1], "car_2946": [7, 6], "car_1925": [14, 7], "car_2944": [13, 7], "car_2945": [3, 4], "car_2942": [2, 7], "car_2943": [9, 3], "car_1549": [7, 0], "car_1548": [3, 6], "car_1547": [9, 6], "car_1546": [6, 4], "car_1545": [5, 7], "car_1544": [1, 3], "car_1543": [15, 0], "car_1542": [11, 4], "car_1541": [4, 7], "car_1540": [0, 3], "car_4737": [7, 6], "car_4736": [3, 0], "car_3762": [4, 1], "car_4734": [9, 7], "car_1389": [9, 4], "car_1388": [6, 2], "car_4731": [14, 0], "car_4730": [1, 5], "car_1385": [4, 1], "car_1384": [12, 6], "car_1387": [10, 7], "car_1386": [11, 6], "car_1381": [14, 4], "car_1380": [10, 6], "car_1383": [8, 3], "car_1382": [13, 7], "car_4572": [13, 0], "car_3742": [6, 0], "car_307": [13, 3], "car_306": [9, 3], "car_305": [6, 3], "car_304": [15, 2], "car_303": [4, 7], "car_302": [7, 4], "car_301": [3, 2], "car_300": [13, 6], "car_804": [3, 4], "car_309": [8, 2], "car_308": [3, 6], "car_3752": [9, 2], "car_3435": [5, 1], "car_909": [12, 4], "car_908": [7, 4], "car_3434": [1, 7], "car_905": [14, 1], "car_904": [10, 7], "car_907": [3, 6], "car_906": [2, 6], "car_901": [4, 7], "car_900": [3, 2], "car_903": [5, 1], "car_902": [15, 0], "car_1161": [0, 2], "car_1160": [8, 1], "car_1163": [15, 6], "car_1162": [11, 7], "car_1165": [5, 7], "car_1164": [1, 3], "car_1167": [9, 6], "car_1166": [14, 6], "car_1169": [0, 3], "car_1168": [7, 5], "car_4421": [15, 0], "car_4420": [11, 5], "car_4427": [6, 1], "car_4426": [2, 0], "car_3753": [13, 7], "car_3539": [6, 5], "car_4569": [4, 6], "car_3925": [15, 6], "car_3889": [15, 1], "car_3924": [11, 4], "car_2432": [2, 1], "car_2433": [13, 1], "car_2430": [15, 4], "car_3549": [13, 6], "car_3548": [6, 7], "car_2322": [9, 5], "car_2431": [10, 4], "car_2838": [9, 5], "car_2839": [13, 3], "car_2836": [5, 2], "car_2436": [11, 7], "car_2834": [15, 3], "car_2835": [1, 7], "car_2832": [8, 6], "car_2833": [4, 6], "car_2830": [3, 5], "car_2437": [5, 4], "car_2010": [0, 1], "car_2011": [11, 0], "car_2012": [15, 3], "car_2013": [5, 0], "car_2014": [14, 3], "car_2015": [9, 4], "car_2016": [3, 6], "car_2017": [12, 6], "car_2018": [0, 3], "car_2019": [4, 0], "car_4024": [15, 2], "car_2435": [8, 1], "car_3732": [1, 4], "car_87": [11, 1], "car_86": [0, 3], "car_85": [7, 5], "car_84": [13, 7], "car_83": [2, 1], "car_82": [10, 6], "car_81": [5, 6], "car_80": [1, 3], "car_4444": [10, 2], "car_3249": [14, 0], "car_2001": [12, 3], "car_89": [2, 0], "car_88": [14, 5], "car_3945": [9, 2], "car_3944": [6, 0], "car_3947": [8, 0], "car_2000": [8, 1], "car_2498": [14, 2], "car_2499": [7, 3], "car_3943": [14, 2], "car_3942": [10, 1], "car_2494": [0, 2], "car_2495": [1, 3], "car_2496": [5, 6], "car_2497": [10, 7], "car_2490": [11, 4], "car_2491": [15, 4], "car_2492": [2, 7], "car_2493": [9, 7], "car_875": [15, 3], "car_874": [11, 6], "car_877": [5, 0], "car_876": [1, 6], "car_871": [13, 1], "car_870": [6, 3], "car_873": [4, 2], "car_872": [12, 7], "car_3228": [10, 1], "car_3242": [6, 1], "car_3727": [8, 7], "car_1694": [1, 0], "car_879": [13, 0], "car_878": [2, 6], "car_3723": [5, 4], "car_3243": [3, 4], "car_1752": [11, 0], "car_4613": [1, 3], "car_1753": [15, 0], "car_4614": [10, 2], "car_1699": [7, 0], "car_2124": [4, 0], "car_2125": [15, 7], "car_1619": [7, 3], "car_1618": [13, 7], "car_2120": [3, 2], "car_2121": [7, 2], "car_2122": [8, 3], "car_2123": [0, 1], "car_1613": [4, 7], "car_1612": [0, 7], "car_1611": [3, 0], "car_1610": [2, 6], "car_1617": [9, 1], "car_1616": [6, 1], "car_1615": [2, 5], "car_1614": [14, 4], "car_3839": [3, 5], "car_3838": [13, 2], "car_1754": [1, 6], "car_3831": [0, 6], "car_3830": [8, 1], "car_3833": [15, 7], "car_1755": [14, 4], "car_3835": [10, 6], "car_3834": [1, 3], "car_3837": [9, 5], "car_3836": [6, 5], "car_4441": [0, 5], "car_2767": [6, 7], "car_3653": [14, 3], "car_3611": [6, 4], "car_3610": [14, 0], "car_3613": [7, 6], "car_3612": [3, 0], "car_3615": [5, 7], "car_3614": [15, 2], "car_3617": [2, 0], "car_3616": [14, 5], "car_2323": [3, 0], "car_3618": [6, 2], "car_4208": [8, 5], "car_471": [10, 1], "car_470": [5, 1], "car_473": [3, 7], "car_472": [14, 2], "car_475": [4, 2], "car_474": [8, 2], "car_477": [15, 0], "car_476": [11, 0], "car_479": [10, 0], "car_478": [5, 4], "car_2232": [7, 6], "car_2233": [8, 6], "car_2234": [4, 7], "car_2235": [11, 2], "car_2236": [15, 4], "car_2237": [1, 0], "car_4534": [3, 0], "car_4443": [15, 1], "car_2769": [7, 3], "car_2765": [14, 6], "car_4719": [3, 7], "car_4649": [2, 1], "car_2038": [3, 5], "car_2709": [0, 7], "car_3229": [14, 7], "car_3057": [3, 0], "car_3056": [6, 1], "car_2762": [0, 3], "car_3054": [10, 7], "car_3053": [5, 6], "car_3052": [15, 7], "car_3051": [4, 2], "car_3050": [3, 1], "car_3059": [12, 5], "car_3058": [8, 6], "car_3997": [12, 1], "car_3303": [0, 4], "car_2039": [11, 5], "car_3809": [6, 1], "car_2763": [4, 7], "car_1819": [10, 6], "car_4647": [1, 2], "car_4659": [0, 1], "car_1818": [5, 3], "car_4102": [13, 6], "car_4530": [1, 3], "car_4454": [1, 4], "car_2386": [12, 5], "car_682": [6, 0], "car_683": [7, 2], "car_680": [14, 4], "car_681": [2, 4], "car_686": [11, 2], "car_687": [1, 7], "car_684": [0, 7], "car_685": [4, 1], "car_688": [5, 7], "car_689": [2, 5], "car_4179": [13, 1], "car_4382": [10, 5], "car_2481": [15, 6], "car_2761": [8, 4], "car_3540": [9, 2], "car_3282": [5, 1], "car_3283": [9, 0], "car_1815": [12, 3], "car_3280": [15, 3], "car_1814": [7, 4], "car_3621": [4, 6], "car_3281": [1, 6], "car_3286": [12, 3], "car_3543": [8, 3], "car_4019": [6, 1], "car_2388": [4, 7], "car_3287": [15, 4], "car_4665": [15, 7], "car_3284": [13, 0], "car_4664": [4, 5], "car_3285": [8, 0], "car_4667": [14, 7], "car_4666": [5, 6], "car_4108": [2, 0], "car_3542": [3, 2], "car_2389": [11, 4], "car_3288": [5, 7], "car_4560": [4, 3], "car_4109": [6, 2], "car_4636": [11, 5], "car_4637": [1, 4], "car_4634": [7, 5], "car_3289": [14, 6], "car_1670": [10, 5], "car_1956": [9, 5], "car_4630": [15, 0], "car_4631": [14, 3], "car_3302": [12, 0], "car_1957": [13, 5], "car_4638": [5, 6], "car_3324": [12, 4], "car_1958": [3, 6], "car_1959": [7, 5], "car_3545": [15, 2], "car_4716": [2, 7], "car_4106": [1, 4], "car_2003": [11, 7], "car_4107": [10, 6], "car_3858": [15, 2], "car_4100": [5, 0], "car_4101": [9, 0], "car_268": [1, 7], "car_269": [5, 0], "car_1974": [12, 7], "car_1975": [1, 7], "car_1972": [9, 3], "car_1973": [8, 2], "car_1970": [5, 6], "car_1971": [10, 5], "car_260": [0, 6], "car_261": [15, 6], "car_262": [5, 2], "car_263": [2, 6], "car_264": [6, 3], "car_265": [7, 5], "car_266": [8, 5], "car_267": [12, 5], "car_1572": [4, 1], "car_1573": [11, 7], "car_1570": [8, 7], "car_1571": [12, 1], "car_1576": [2, 7], "car_1577": [9, 2], "car_1574": [1, 4], "car_1575": [10, 3], "car_4250": [4, 3], "car_4251": [1, 2], "car_1578": [3, 6], "car_1579": [7, 0], "car_4254": [9, 2], "car_2971": [2, 3], "car_4256": [7, 6], "car_4257": [4, 2], "car_1370": [4, 3], "car_1371": [2, 7], "car_1372": [6, 2], "car_1373": [9, 4], "car_1374": [13, 6], "car_1375": [7, 4], "car_1376": [12, 6], "car_1377": [0, 1], "car_1378": [4, 0], "car_1379": [15, 6], "car_3014": [8, 5], "car_3254": [4, 7], "car_2600": [10, 5], "car_4459": [6, 7], "car_2975": [15, 5], "car_3992": [11, 2], "car_2974": [11, 4], "car_3993": [1, 4], "car_314": [2, 3], "car_315": [6, 3], "car_316": [9, 4], "car_317": [13, 0], "car_310": [0, 7], "car_311": [11, 5], "car_312": [1, 0], "car_313": [5, 6], "car_318": [7, 5], "car_319": [8, 3], "car_4388": [7, 3], "car_4119": [1, 6], "car_918": [5, 3], "car_919": [14, 1], "car_2719": [3, 5], "car_2718": [2, 7], "car_912": [6, 0], "car_913": [9, 1], "car_910": [15, 4], "car_911": [1, 4], "car_916": [12, 5], "car_917": [11, 5], "car_914": [13, 7], "car_915": [3, 7], "car_1114": [7, 0], "car_1115": [8, 0], "car_1116": [0, 7], "car_1117": [4, 6], "car_1110": [1, 4], "car_1111": [10, 3], "car_1112": [9, 5], "car_1113": [3, 1], "car_4416": [6, 7], "car_4417": [9, 4], "car_4414": [14, 3], "car_4415": [2, 6], "car_1118": [11, 2], "car_1119": [1, 7], "car_4410": [0, 1], "car_4411": [4, 0], "car_1284": [1, 7], "car_1285": [10, 2], "car_1286": [6, 0], "car_1287": [13, 7], "car_1280": [3, 7], "car_1281": [7, 4], "car_1282": [4, 2], "car_1283": [11, 5], "car_3458": [3, 1], "car_2130": [9, 4], "car_1288": [3, 6], "car_1289": [7, 1], "car_4712": [1, 6], "car_2959": [8, 4], "car_2958": [7, 0], "car_4688": [3, 7], "car_2951": [14, 7], "car_2950": [10, 4], "car_2953": [7, 4], "car_2952": [9, 2], "car_2955": [4, 3], "car_2954": [12, 6], "car_2957": [3, 4], "car_2956": [1, 6], "car_2821": [3, 0], "car_2820": [13, 2], "car_1744": [10, 4], "car_2822": [12, 3], "car_2825": [1, 2], "car_2824": [11, 1], "car_2827": [10, 5], "car_2826": [5, 0], "car_2829": [6, 7], "car_2828": [14, 5], "car_3536": [4, 2], "car_3537": [11, 3], "car_3530": [5, 3], "car_3531": [14, 7], "car_3532": [6, 2], "car_3533": [9, 1], "car_1028": [14, 7], "car_1029": [2, 1], "car_1758": [11, 0], "car_1759": [5, 6], "car_2007": [3, 7], "car_2006": [13, 2], "car_2005": [10, 5], "car_2004": [5, 1], "car_1020": [8, 2], "car_1021": [12, 1], "car_1022": [0, 3], "car_1023": [4, 7], "car_1024": [11, 4], "car_1025": [15, 3], "car_1026": [1, 7], "car_1027": [5, 3], "car_1598": [1, 4], "car_1599": [5, 2], "car_4680": [7, 0], "car_1590": [15, 5], "car_1591": [5, 2], "car_1592": [14, 2], "car_1593": [3, 1], "car_1594": [7, 2], "car_1595": [8, 3], "car_1596": [4, 6], "car_1597": [15, 5], "car_2489": [0, 4], "car_2488": [8, 0], "car_2487": [7, 0], "car_2486": [3, 4], "car_2485": [13, 3], "car_2484": [9, 1], "car_2483": [5, 1], "car_2482": [1, 2], "car_1746": [6, 0], "car_2480": [11, 5], "car_862": [2, 4], "car_863": [9, 3], "car_860": [10, 1], "car_861": [14, 7], "car_866": [11, 7], "car_867": [5, 7], "car_864": [3, 2], "car_865": [4, 7], "car_868": [14, 3], "car_869": [2, 3], "car_3440": [12, 7], "car_3441": [11, 5], "car_3442": [15, 4], "car_3443": [1, 4], "car_3444": [6, 4], "car_3445": [9, 6], "car_3446": [3, 7], "car_3447": [7, 2], "car_3448": [0, 5], "car_3449": [15, 5], "car_3994": [9, 7], "car_3995": [3, 7], "car_1741": [4, 3], "car_3846": [3, 4], "car_3990": [7, 0], "car_3991": [4, 6], "car_2137": [14, 7], "car_2136": [10, 3], "car_2135": [5, 6], "car_2134": [15, 5], "car_2133": [4, 3], "car_2132": [0, 5], "car_1628": [8, 6], "car_1629": [4, 3], "car_1626": [3, 1], "car_1627": [7, 2], "car_1624": [6, 1], "car_1625": [13, 0], "car_1622": [11, 3], "car_1623": [5, 6], "car_1620": [8, 2], "car_1621": [0, 3], "car_3848": [0, 3], "car_3849": [4, 7], "car_3844": [15, 7], "car_3845": [2, 6], "car_1740": [0, 7], "car_3847": [8, 2], "car_3840": [8, 5], "car_3841": [12, 6], "car_3842": [0, 7], "car_3843": [4, 5]}