{"car_2009": [4, 0], "car_2229": [12, 1], "car_2228": [7, 3], "car_468": [8, 2], "car_469": [1, 4], "car_466": [15, 3], "car_467": [2, 4], "car_464": [15, 1], "car_465": [0, 2], "car_462": [12, 3], "car_463": [0, 1], "car_460": [13, 1], "car_461": [8, 2], "car_2455": [1, 4], "car_2751": [14, 0], "car_817": [4, 3], "car_816": [9, 7], "car_815": [14, 6], "car_2750": [12, 4], "car_814": [12, 1], "car_813": [8, 0], "car_812": [3, 6], "car_2072": [3, 1], "car_811": [3, 1], "car_2073": [0, 4], "car_810": [6, 7], "car_679": [7, 6], "car_678": [13, 1], "car_677": [9, 3], "car_676": [14, 7], "car_675": [15, 1], "car_674": [0, 3], "car_673": [14, 2], "car_672": [5, 2], "car_671": [1, 5], "car_670": [12, 4], "car_2771": [11, 0], "car_2770": [4, 5], "car_2078": [8, 6], "car_2079": [12, 5], "car_2456": [3, 1], "car_2341": [13, 3], "car_2670": [1, 5], "car_2671": [10, 3], "car_2754": [13, 3], "car_2672": [14, 5], "car_2223": [10, 3], "car_789": [15, 6], "car_788": [0, 3], "car_2222": [11, 7], "car_783": [13, 4], "car_782": [12, 7], "car_781": [7, 2], "car_780": [13, 5], "car_787": [7, 5], "car_786": [4, 7], "car_785": [0, 5], "car_784": [12, 2], "car_2220": [1, 2], "car_0": [4, 5], "car_2227": [8, 4], "car_1179": [13, 0], "car_2375": [1, 7], "car_2226": [7, 3], "car_2225": [2, 5], "car_2224": [14, 4], "car_255": [12, 7], "car_254": [2, 0], "car_257": [13, 5], "car_256": [4, 7], "car_251": [4, 0], "car_250": [0, 4], "car_253": [14, 0], "car_252": [11, 4], "car_1961": [3, 1], "car_1960": [5, 4], "car_1963": [1, 5], "car_1962": [11, 1], "car_259": [7, 4], "car_258": [3, 6], "car_1967": [3, 2], "car_1966": [9, 0], "car_1170": [14, 4], "car_1171": [9, 4], "car_1565": [8, 6], "car_1564": [3, 0], "car_1567": [11, 1], "car_1566": [0, 3], "car_1561": [8, 5], "car_1560": [6, 5], "car_1563": [5, 0], "car_1562": [4, 2], "car_1569": [12, 2], "car_1568": [2, 4], "car_1413": [2, 4], "car_1363": [15, 7], "car_1362": [11, 6], "car_1361": [8, 2], "car_1360": [13, 0], "car_1367": [10, 3], "car_1366": [5, 2], "car_1365": [8, 2], "car_1364": [14, 7], "car_1369": [7, 6], "car_1368": [9, 2], "car_2758": [6, 5], "car_2376": [5, 6], "car_321": [11, 2], "car_320": [7, 1], "car_323": [5, 3], "car_322": [1, 3], "car_325": [9, 1], "car_324": [2, 7], "car_327": [5, 0], "car_326": [0, 1], "car_329": [1, 7], "car_328": [0, 3], "car_2722": [6, 7], "car_2723": [0, 2], "car_2720": [4, 5], "car_2721": [5, 1], "car_2726": [7, 0], "car_2727": [0, 1], "car_2724": [11, 7], "car_2725": [9, 5], "car_2728": [15, 2], "car_2729": [10, 7], "car_1107": [5, 3], "car_1106": [4, 5], "car_1105": [8, 0], "car_1104": [7, 6], "car_1103": [2, 1], "car_1102": [14, 7], "car_1101": [1, 0], "car_1100": [13, 6], "car_1109": [14, 3], "car_1108": [10, 2], "car_1297": [7, 1], "car_1296": [3, 7], "car_1295": [9, 4], "car_1294": [14, 0], "car_1293": [10, 5], "car_1292": [12, 0], "car_1291": [3, 1], "car_1290": [9, 1], "car_1299": [4, 6], "car_1298": [12, 1], "car_2586": [9, 5], "car_2587": [0, 1], "car_2584": [2, 0], "car_2585": [6, 4], "car_2582": [0, 4], "car_2583": [11, 7], "car_2580": [3, 1], "car_2581": [8, 4], "car_2858": [9, 3], "car_2859": [7, 4], "car_2588": [4, 0], "car_2589": [11, 7], "car_2036": [2, 0], "car_2037": [7, 5], "car_1039": [11, 3], "car_1038": [7, 4], "car_1749": [2, 3], "car_1748": [14, 7], "car_2030": [4, 6], "car_2031": [11, 6], "car_1033": [13, 3], "car_1032": [6, 3], "car_1031": [10, 0], "car_1030": [1, 5], "car_1037": [3, 2], "car_1036": [6, 5], "car_1035": [2, 4], "car_1034": [5, 2], "car_1589": [1, 6], "car_1588": [4, 2], "car_1583": [9, 1], "car_1582": [6, 0], "car_1581": [4, 5], "car_1580": [0, 7], "car_1587": [12, 3], "car_1586": [8, 0], "car_1585": [3, 0], "car_1584": [13, 4], "car_1852": [1, 5], "car_1906": [1, 6], "car_899": [2, 4], "car_898": [10, 7], "car_897": [5, 7], "car_896": [4, 1], "car_895": [0, 6], "car_894": [8, 6], "car_893": [7, 3], "car_892": [3, 7], "car_891": [5, 6], "car_890": [15, 0], "car_2458": [0, 2], "car_2459": [15, 7], "car_2108": [9, 7], "car_2109": [7, 2], "car_2102": [9, 4], "car_2103": [13, 5], "car_2100": [5, 6], "car_2101": [10, 6], "car_2106": [14, 2], "car_2107": [6, 7], "car_2104": [7, 2], "car_2105": [11, 6], "car_1631": [14, 0], "car_1630": [1, 3], "car_1633": [13, 3], "car_1632": [6, 4], "car_1635": [11, 6], "car_1634": [7, 2], "car_1637": [14, 3], "car_1636": [5, 7], "car_1639": [6, 3], "car_1638": [2, 5], "car_1751": [4, 6], "car_2803": [2, 1], "car_2802": [11, 7], "car_2801": [4, 2], "car_2800": [0, 1], "car_2807": [4, 6], "car_1756": [12, 0], "car_2806": [12, 1], "car_2805": [8, 7], "car_2816": [3, 0], "car_2804": [9, 6], "car_2414": [9, 3], "car_419": [7, 5], "car_418": [3, 1], "car_2218": [4, 1], "car_2219": [11, 2], "car_413": [9, 3], "car_412": [2, 7], "car_411": [5, 1], "car_410": [1, 0], "car_417": [5, 2], "car_416": [11, 5], "car_415": [7, 0], "car_414": [13, 7], "car_2417": [15, 1], "car_1679": [12, 3], "car_1678": [8, 6], "car_2412": [14, 6], "car_2413": [6, 4], "car_527": [10, 7], "car_526": [11, 3], "car_525": [4, 3], "car_524": [9, 5], "car_523": [10, 6], "car_522": [15, 4], "car_521": [11, 7], "car_520": [9, 0], "car_1671": [5, 3], "car_1889": [8, 2], "car_529": [6, 1], "car_528": [2, 4], "car_1884": [1, 7], "car_1885": [14, 3], "car_2368": [11, 1], "car_2786": [0, 6], "car_2787": [4, 7], "car_668": [5, 4], "car_669": [8, 6], "car_664": [3, 7], "car_665": [7, 3], "car_666": [12, 1], "car_667": [15, 1], "car_660": [0, 6], "car_661": [11, 5], "car_662": [5, 2], "car_663": [13, 1], "car_2759": [15, 2], "car_1854": [6, 3], "car_2788": [15, 4], "car_2789": [2, 0], "car_798": [10, 3], "car_799": [9, 6], "car_790": [2, 7], "car_791": [8, 2], "car_792": [5, 4], "car_793": [2, 1], "car_794": [8, 4], "car_795": [0, 7], "car_796": [1, 0], "car_797": [5, 0], "car_242": [1, 7], "car_243": [14, 2], "car_240": [11, 6], "car_241": [15, 2], "car_246": [5, 3], "car_247": [6, 4], "car_244": [9, 5], "car_245": [7, 6], "car_1914": [1, 4], "car_1915": [5, 0], "car_248": [7, 5], "car_249": [12, 0], "car_1910": [1, 5], "car_1911": [6, 4], "car_1912": [9, 7], "car_1913": [11, 5], "car_1356": [11, 3], "car_1357": [10, 2], "car_1354": [13, 4], "car_1355": [0, 2], "car_1352": [4, 2], "car_1353": [14, 7], "car_1350": [7, 6], "car_1351": [0, 1], "car_1358": [2, 0], "car_1359": [9, 1], "car_1831": [9, 6], "car_1820": [3, 1], "car_1821": [0, 4], "car_1822": [4, 0], "car_1823": [1, 6], "car_1824": [14, 3], "car_1825": [2, 5], "car_338": [8, 5], "car_339": [0, 1], "car_336": [13, 0], "car_337": [3, 7], "car_334": [0, 2], "car_335": [1, 7], "car_332": [6, 2], "car_333": [8, 2], "car_330": [14, 5], "car_331": [2, 3], "car_2735": [5, 6], "car_2734": [15, 4], "car_1138": [15, 0], "car_1139": [5, 7], "car_2731": [9, 5], "car_2730": [14, 3], "car_2733": [0, 3], "car_2732": [13, 6], "car_1132": [12, 2], "car_1133": [15, 0], "car_1130": [6, 3], "car_1131": [13, 7], "car_1136": [0, 5], "car_1137": [4, 7], "car_1134": [13, 7], "car_1135": [8, 3], "car_1839": [13, 1], "car_2393": [12, 1], "car_1838": [9, 3], "car_2392": [8, 3], "car_2029": [12, 0], "car_2028": [9, 1], "car_2845": [2, 7], "car_2844": [10, 2], "car_2843": [1, 6], "car_2842": [15, 2], "car_2841": [11, 1], "car_2840": [8, 6], "car_2021": [7, 0], "car_2020": [3, 1], "car_2023": [0, 2], "car_2022": [8, 5], "car_2025": [5, 0], "car_2024": [1, 7], "car_2027": [11, 7], "car_2026": [3, 1], "car_2520": [14, 7], "car_1008": [2, 7], "car_1009": [3, 6], "car_1006": [10, 6], "car_1007": [14, 6], "car_1004": [0, 6], "car_1005": [5, 6], "car_1002": [13, 5], "car_1003": [7, 0], "car_1000": [2, 4], "car_1001": [9, 4], "car_2398": [10, 1], "car_2629": [11, 6], "car_2524": [14, 1], "car_2628": [12, 4], "car_2525": [0, 2], "car_2674": [1, 5], "car_1924": [15, 6], "car_2527": [14, 0], "car_36": [2, 3], "car_37": [13, 1], "car_34": [1, 0], "car_35": [5, 3], "car_888": [0, 4], "car_889": [11, 6], "car_30": [6, 1], "car_31": [9, 7], "car_884": [10, 2], "car_885": [14, 1], "car_886": [3, 5], "car_887": [12, 5], "car_880": [9, 2], "car_881": [7, 4], "car_882": [11, 1], "car_883": [5, 3], "car_2449": [0, 4], "car_2448": [3, 0], "car_2119": [8, 6], "car_2118": [7, 5], "car_2115": [6, 4], "car_2114": [14, 3], "car_2117": [3, 7], "car_2116": [12, 0], "car_2111": [4, 3], "car_2110": [8, 0], "car_2113": [5, 6], "car_2112": [1, 6], "car_1644": [8, 5], "car_1645": [0, 1], "car_1646": [10, 2], "car_1647": [14, 2], "car_1640": [3, 7], "car_1641": [4, 1], "car_1642": [13, 6], "car_1643": [15, 5], "car_1648": [3, 2], "car_1649": [4, 6], "car_2599": [0, 2], "car_2159": [1, 7], "car_2158": [11, 6], "car_2591": [10, 5], "car_2590": [1, 2], "car_2593": [0, 7], "car_2592": [2, 4], "car_2595": [2, 6], "car_2594": [1, 0], "car_2597": [9, 3], "car_2596": [6, 5], "car_2677": [4, 5], "car_2608": [10, 7], "car_408": [8, 3], "car_409": [12, 6], "car_2203": [12, 5], "car_2202": [3, 6], "car_2205": [11, 0], "car_2204": [4, 0], "car_2207": [1, 0], "car_2206": [15, 6], "car_400": [14, 1], "car_401": [2, 5], "car_402": [6, 5], "car_403": [3, 4], "car_404": [5, 2], "car_405": [14, 7], "car_406": [2, 7], "car_407": [3, 7], "car_1769": [11, 1], "car_534": [3, 4], "car_535": [15, 4], "car_536": [3, 0], "car_537": [1, 5], "car_530": [9, 1], "car_531": [11, 7], "car_532": [15, 0], "car_533": [5, 2], "car_538": [5, 2], "car_539": [2, 0], "car_2310": [3, 0], "car_659": [12, 2], "car_658": [8, 1], "car_651": [13, 4], "car_650": [6, 4], "car_653": [12, 0], "car_652": [7, 3], "car_655": [5, 3], "car_654": [11, 1], "car_657": [9, 1], "car_656": [6, 4], "car_2434": [13, 3], "car_1929": [12, 5], "car_2195": [12, 5], "car_2194": [13, 2], "car_1764": [4, 6], "car_2197": [10, 1], "car_2196": [0, 2], "car_2191": [12, 1], "car_1928": [7, 6], "car_2190": [8, 6], "car_2193": [15, 2], "car_1909": [7, 4], "car_1908": [9, 1], "car_1907": [2, 5], "car_1763": [9, 2], "car_1905": [12, 5], "car_1904": [5, 0], "car_1903": [15, 3], "car_1902": [6, 0], "car_1901": [5, 7], "car_1900": [4, 6], "car_1349": [9, 6], "car_1348": [2, 5], "car_1762": [10, 7], "car_1341": [4, 0], "car_1340": [12, 7], "car_1343": [1, 5], "car_1342": [11, 1], "car_1345": [14, 1], "car_1344": [10, 5], "car_1347": [0, 7], "car_1346": [2, 4], "car_2753": [9, 0], "car_2752": [2, 1], "car_2698": [1, 0], "car_1833": [0, 4], "car_1832": [8, 0], "car_349": [10, 4], "car_348": [15, 1], "car_1837": [14, 7], "car_1836": [1, 7], "car_1835": [11, 7], "car_1834": [4, 6], "car_343": [11, 3], "car_342": [4, 0], "car_341": [12, 5], "car_340": [8, 0], "car_347": [0, 7], "car_346": [2, 7], "car_345": [10, 6], "car_344": [15, 5], "car_2325": [14, 2], "car_1129": [10, 2], "car_1128": [1, 7], "car_1125": [8, 5], "car_1124": [7, 5], "car_1127": [4, 2], "car_1126": [12, 5], "car_1121": [10, 3], "car_1120": [15, 7], "car_1123": [3, 6], "car_1122": [13, 1], "car_1402": [1, 5], "car_2320": [15, 7], "car_1403": [14, 2], "car_2321": [2, 4], "car_1400": [4, 1], "car_1401": [15, 7], "car_1406": [1, 6], "car_1407": [10, 1], "car_2902": [6, 1], "car_2903": [7, 3], "car_2900": [0, 4], "car_2901": [4, 0], "car_1404": [8, 6], "car_2904": [8, 0], "car_1405": [0, 6], "car_2058": [9, 1], "car_2059": [13, 0], "car_2054": [1, 0], "car_2055": [6, 0], "car_2056": [0, 6], "car_2057": [5, 7], "car_2050": [2, 3], "car_2051": [9, 3], "car_2052": [3, 5], "car_2053": [4, 7], "car_1011": [0, 5], "car_1010": [12, 5], "car_1013": [14, 4], "car_1012": [10, 5], "car_1015": [1, 7], "car_1014": [12, 2], "car_1017": [3, 6], "car_1016": [13, 0], "car_1019": [10, 0], "car_1018": [7, 1], "car_2690": [7, 4], "car_2691": [1, 4], "car_2696": [7, 4], "car_2697": [15, 0], "car_2694": [3, 7], "car_2695": [13, 2], "car_2790": [6, 2], "car_25": [3, 5], "car_24": [2, 6], "car_27": [8, 5], "car_26": [7, 1], "car_21": [0, 3], "car_20": [7, 6], "car_23": [14, 6], "car_22": [10, 0], "car_29": [11, 5], "car_28": [12, 6], "car_2478": [3, 7], "car_2479": [8, 4], "car_2476": [2, 0], "car_2477": [9, 5], "car_2474": [10, 0], "car_2475": [14, 7], "car_2472": [11, 6], "car_2473": [1, 4], "car_2470": [12, 3], "car_2471": [0, 2], "car_1657": [13, 3], "car_1656": [9, 0], "car_1655": [2, 3], "car_1654": [5, 6], "car_1653": [8, 1], "car_1652": [3, 4], "car_1651": [9, 2], "car_1650": [10, 3], "car_1659": [10, 0], "car_1658": [15, 1], "car_2878": [12, 5], "car_2879": [11, 2], "car_2872": [6, 1], "car_2873": [9, 5], "car_2870": [14, 2], "car_2871": [2, 0], "car_2876": [15, 7], "car_2877": [3, 1], "car_2874": [13, 6], "car_2875": [8, 2], "car_2688": [13, 2], "car_1969": [0, 4], "car_2315": [3, 6], "car_1843": [4, 3], "car_435": [15, 0], "car_434": [11, 1], "car_437": [3, 1], "car_436": [1, 7], "car_431": [3, 5], "car_430": [9, 3], "car_433": [12, 1], "car_432": [7, 0], "car_1846": [3, 7], "car_439": [12, 2], "car_438": [8, 5], "car_1847": [12, 1], "car_2274": [1, 7], "car_2275": [5, 3], "car_2276": [2, 4], "car_2277": [6, 1], "car_2270": [13, 0], "car_2271": [8, 4], "car_2272": [12, 4], "car_2273": [15, 6], "car_1845": [2, 6], "car_2278": [13, 6], "car_2279": [8, 0], "car_1848": [0, 7], "car_2289": [8, 1], "car_1968": [8, 0], "car_1849": [4, 3], "car_2288": [13, 7], "car_1965": [6, 7], "car_1964": [2, 5], "car_501": [5, 2], "car_500": [1, 6], "car_503": [6, 1], "car_502": [2, 5], "car_505": [8, 5], "car_504": [7, 0], "car_507": [7, 0], "car_506": [1, 6], "car_509": [0, 4], "car_508": [8, 0], "car_2302": [14, 1], "car_2303": [9, 7], "car_2304": [8, 4], "car_2305": [4, 6], "car_2306": [5, 6], "car_2307": [10, 1], "car_2281": [4, 5], "car_1745": [3, 0], "car_2280": [0, 5], "car_646": [4, 3], "car_647": [5, 2], "car_644": [14, 1], "car_645": [8, 7], "car_642": [7, 0], "car_643": [11, 3], "car_640": [6, 7], "car_641": [3, 6], "car_2314": [10, 1], "car_648": [14, 3], "car_649": [2, 0], "car_2576": [6, 5], "car_2526": [10, 7], "car_1830": [12, 4], "car_2673": [6, 1], "car_2570": [4, 2], "car_2681": [6, 1], "car_2420": [6, 4], "car_2680": [14, 1], "car_2854": [1, 6], "car_2683": [15, 6], "car_1932": [10, 1], "car_1933": [14, 1], "car_1930": [0, 1], "car_1931": [4, 2], "car_1936": [8, 5], "car_1937": [11, 2], "car_1934": [3, 6], "car_1935": [7, 5], "car_1938": [15, 3], "car_1939": [2, 5], "car_2682": [12, 4], "car_1717": [3, 0], "car_1338": [12, 5], "car_1339": [1, 3], "car_1334": [15, 0], "car_1335": [10, 6], "car_1336": [2, 6], "car_1337": [3, 2], "car_1330": [11, 6], "car_1331": [14, 6], "car_1332": [6, 2], "car_1333": [9, 0], "car_1711": [14, 7], "car_358": [10, 0], "car_359": [2, 4], "car_1804": [3, 4], "car_1805": [12, 3], "car_1802": [11, 6], "car_1803": [5, 4], "car_1800": [3, 1], "car_1801": [8, 3], "car_350": [8, 2], "car_351": [4, 0], "car_352": [15, 2], "car_353": [10, 3], "car_354": [2, 7], "car_355": [13, 6], "car_356": [7, 5], "car_357": [5, 0], "car_1482": [7, 4], "car_1483": [8, 3], "car_1480": [9, 5], "car_1481": [3, 4], "car_1486": [3, 7], "car_1487": [8, 6], "car_1484": [1, 0], "car_1485": [9, 5], "car_1488": [12, 7], "car_1489": [0, 1], "car_1240": [6, 7], "car_1241": [9, 4], "car_1242": [7, 6], "car_1243": [2, 5], "car_1244": [9, 4], "car_1245": [7, 6], "car_1246": [8, 6], "car_1247": [5, 0], "car_1248": [14, 3], "car_1249": [9, 4], "car_1747": [5, 1], "car_2374": [4, 7], "car_1879": [3, 2], "car_2049": [1, 0], "car_2048": [0, 3], "car_2047": [8, 1], "car_2046": [7, 2], "car_2045": [13, 3], "car_2044": [6, 5], "car_2043": [4, 3], "car_2042": [12, 1], "car_2041": [3, 4], "car_2040": [5, 1], "car_1064": [13, 3], "car_1065": [7, 6], "car_1066": [12, 5], "car_1067": [14, 2], "car_1060": [0, 4], "car_1061": [11, 5], "car_1062": [15, 4], "car_1063": [2, 4], "car_2685": [11, 6], "car_2684": [0, 1], "car_2687": [5, 0], "car_2686": [1, 4], "car_1068": [3, 5], "car_1069": [12, 2], "car_1798": [11, 1], "car_1799": [6, 1], "car_10": [12, 0], "car_11": [15, 7], "car_12": [1, 4], "car_13": [5, 2], "car_14": [10, 2], "car_15": [14, 0], "car_16": [2, 7], "car_17": [6, 0], "car_18": [9, 6], "car_19": [13, 5], "car_2461": [3, 0], "car_2460": [9, 1], "car_1668": [8, 6], "car_1669": [12, 7], "car_2465": [7, 0], "car_2464": [3, 4], "car_2467": [0, 1], "car_2466": [12, 4], "car_1662": [7, 3], "car_1663": [5, 2], "car_1660": [13, 7], "car_1661": [3, 6], "car_1666": [8, 6], "car_1667": [6, 5], "car_1664": [3, 2], "car_1665": [7, 3], "car_1468": [12, 1], "car_1469": [1, 6], "car_1460": [15, 3], "car_1461": [5, 4], "car_1462": [2, 4], "car_1463": [15, 3], "car_1464": [2, 1], "car_1465": [9, 7], "car_1466": [7, 1], "car_1467": [8, 6], "car_2699": [5, 1], "car_2869": [11, 3], "car_2868": [12, 2], "car_2865": [3, 0], "car_2864": [6, 0], "car_2867": [8, 1], "car_2866": [7, 5], "car_2861": [11, 5], "car_2860": [0, 2], "car_2863": [14, 7], "car_2862": [15, 0], "car_2648": [0, 4], "car_422": [7, 6], "car_423": [12, 1], "car_420": [13, 4], "car_421": [3, 0], "car_426": [1, 0], "car_427": [10, 5], "car_424": [11, 3], "car_425": [15, 7], "car_428": [2, 7], "car_429": [6, 0], "car_2377": [14, 7], "car_2267": [12, 1], "car_2266": [13, 2], "car_2265": [10, 4], "car_2264": [5, 2], "car_2263": [15, 6], "car_2262": [0, 6], "car_2261": [9, 7], "car_2260": [15, 5], "car_2371": [14, 4], "car_2269": [6, 1], "car_2268": [4, 1], "car_2373": [13, 0], "car_2372": [6, 5], "car_2008": [0, 5], "car_2370": [10, 4], "car_2319": [11, 7], "car_2318": [4, 3], "car_518": [1, 6], "car_519": [2, 0], "car_516": [4, 2], "car_517": [11, 4], "car_514": [9, 2], "car_515": [3, 0], "car_512": [14, 6], "car_513": [2, 6], "car_510": [5, 4], "car_511": [10, 4], "car_1870": [1, 7], "car_2692": [14, 2], "car_2444": [12, 1], "car_633": [13, 1], "car_632": [9, 0], "car_631": [14, 4], "car_630": [6, 7], "car_637": [8, 5], "car_636": [0, 3], "car_635": [7, 6], "car_634": [3, 0], "car_2675": [5, 2], "car_639": [14, 4], "car_638": [15, 3], "car_2693": [6, 0], "car_189": [10, 7], "car_188": [15, 2], "car_185": [7, 4], "car_184": [9, 4], "car_187": [11, 7], "car_186": [4, 5], "car_181": [9, 2], "car_180": [2, 3], "car_183": [1, 7], "car_182": [8, 0], "car_749": [15, 4], "car_748": [11, 7], "car_747": [0, 4], "car_746": [2, 0], "car_745": [1, 6], "car_744": [3, 1], "car_743": [2, 7], "car_742": [10, 6], "car_741": [1, 2], "car_740": [15, 0], "car_2131": [5, 0], "car_2618": [8, 6], "car_299": [15, 2], "car_298": [11, 1], "car_1927": [6, 0], "car_1926": [14, 6], "car_1921": [9, 0], "car_1920": [6, 2], "car_1923": [4, 1], "car_1922": [0, 2], "car_291": [5, 6], "car_290": [11, 4], "car_293": [2, 7], "car_292": [14, 2], "car_295": [12, 6], "car_294": [7, 1], "car_297": [4, 1], "car_296": [0, 4], "car_1329": [9, 6], "car_1328": [6, 1], "car_1327": [10, 0], "car_1326": [5, 0], "car_1325": [1, 3], "car_1324": [15, 0], "car_1323": [4, 6], "car_1322": [13, 0], "car_1321": [6, 2], "car_1320": [10, 4], "car_365": [5, 4], "car_364": [11, 6], "car_367": [4, 6], "car_366": [7, 1], "car_361": [8, 5], "car_360": [6, 4], "car_363": [4, 7], "car_362": [0, 5], "car_1811": [0, 7], "car_1810": [13, 6], "car_1813": [2, 6], "car_1812": [5, 1], "car_369": [9, 1], "car_368": [6, 7], "car_1817": [12, 1], "car_1816": [7, 1], "car_167": [8, 6], "car_166": [2, 1], "car_165": [10, 0], "car_164": [1, 3], "car_163": [11, 2], "car_162": [0, 2], "car_161": [3, 4], "car_160": [9, 0], "car_169": [15, 1], "car_168": [12, 2], "car_1495": [11, 0], "car_1494": [7, 1], "car_1497": [5, 3], "car_1496": [1, 3], "car_1491": [11, 6], "car_1490": [11, 1], "car_1493": [14, 2], "car_1492": [15, 1], "car_1499": [13, 7], "car_1498": [10, 4], "car_1253": [10, 2], "car_1252": [5, 4], "car_1251": [15, 7], "car_1250": [11, 6], "car_1257": [10, 2], "car_1256": [0, 2], "car_1255": [3, 1], "car_1254": [9, 4], "car_2850": [5, 2], "car_1259": [13, 4], "car_1258": [6, 2], "car_2851": [9, 6], "car_1868": [11, 2], "car_2852": [3, 7], "car_2853": [0, 7], "car_1789": [15, 2], "car_1788": [11, 5], "car_2070": [6, 4], "car_2071": [13, 7], "car_2076": [14, 7], "car_2077": [13, 5], "car_2074": [4, 2], "car_2075": [15, 5], "car_1781": [15, 1], "car_1780": [0, 5], "car_1783": [6, 0], "car_1782": [1, 7], "car_1785": [7, 2], "car_1784": [3, 2], "car_1787": [0, 5], "car_1786": [8, 3], "car_1077": [0, 1], "car_1076": [9, 3], "car_1075": [6, 2], "car_1074": [1, 4], "car_1073": [12, 7], "car_1072": [8, 4], "car_1071": [10, 0], "car_1070": [15, 7], "car_2678": [15, 2], "car_2679": [5, 4], "car_1079": [1, 3], "car_1078": [4, 0], "car_2139": [9, 5], "car_2034": [10, 7], "car_2300": [12, 6], "car_2035": [14, 2], "car_2301": [4, 7], "car_2032": [1, 7], "car_2033": [5, 2], "car_2138": [2, 4], "car_985": [13, 5], "car_984": [6, 4], "car_987": [13, 2], "car_986": [8, 0], "car_981": [0, 2], "car_980": [8, 5], "car_983": [10, 4], "car_982": [1, 6], "car_1675": [10, 1], "car_1674": [8, 5], "car_1677": [3, 4], "car_1676": [9, 1], "car_989": [10, 4], "car_988": [8, 1], "car_1673": [9, 5], "car_1672": [2, 1], "car_2784": [8, 6], "car_2785": [12, 5], "car_1479": [1, 4], "car_1478": [0, 7], "car_2780": [4, 5], "car_2781": [15, 4], "car_2782": [5, 2], "car_2783": [7, 2], "car_1473": [11, 7], "car_1472": [14, 1], "car_1471": [10, 1], "car_1470": [5, 2], "car_1477": [6, 5], "car_1476": [2, 0], "car_1475": [14, 6], "car_1474": [15, 6], "car_2890": [12, 7], "car_2891": [14, 7], "car_2892": [9, 7], "car_2893": [13, 7], "car_2894": [12, 5], "car_1743": [5, 7], "car_2896": [11, 4], "car_2897": [10, 3], "car_2898": [13, 3], "car_2899": [12, 0], "car_1742": [15, 0], "car_2528": [2, 0], "car_2529": [7, 5], "car_2258": [8, 4], "car_2259": [4, 7], "car_2689": [3, 6], "car_2252": [5, 6], "car_2253": [8, 4], "car_2250": [13, 3], "car_2251": [8, 4], "car_2256": [13, 3], "car_2257": [3, 2], "car_2254": [1, 2], "car_2255": [2, 6], "car_2098": [8, 5], "car_2099": [12, 4], "car_2090": [12, 5], "car_2091": [1, 7], "car_2092": [5, 7], "car_2093": [2, 6], "car_2094": [13, 6], "car_2095": [7, 6], "car_2096": [0, 7], "car_2097": [5, 1], "car_569": [1, 0], "car_568": [4, 7], "car_2328": [7, 2], "car_2329": [0, 6], "car_563": [15, 3], "car_562": [7, 0], "car_561": [3, 5], "car_560": [2, 7], "car_567": [7, 6], "car_566": [13, 2], "car_565": [14, 5], "car_564": [5, 7], "car_2331": [14, 5], "car_620": [11, 0], "car_621": [9, 6], "car_622": [12, 6], "car_623": [11, 7], "car_624": [15, 2], "car_625": [2, 5], "car_626": [9, 3], "car_627": [7, 5], "car_628": [12, 0], "car_629": [5, 2], "car_1869": [15, 3], "car_1866": [3, 5], "car_1867": [12, 4], "car_198": [4, 3], "car_199": [15, 0], "car_2831": [9, 3], "car_192": [1, 5], "car_193": [6, 4], "car_190": [2, 4], "car_191": [11, 7], "car_196": [9, 6], "car_197": [0, 5], "car_194": [2, 5], "car_195": [6, 5], "car_758": [9, 1], "car_759": [13, 4], "car_754": [12, 0], "car_755": [0, 7], "car_756": [11, 2], "car_757": [5, 1], "car_750": [1, 5], "car_751": [5, 6], "car_752": [3, 4], "car_753": [8, 2], "car_1940": [13, 2], "car_286": [14, 7], "car_287": [6, 5], "car_284": [11, 6], "car_285": [5, 0], "car_282": [12, 0], "car_283": [0, 1], "car_280": [7, 5], "car_281": [8, 7], "car_1949": [9, 4], "car_288": [12, 7], "car_289": [0, 5], "car_1948": [10, 3], "car_2791": [9, 5], "car_1312": [2, 1], "car_1313": [6, 1], "car_1310": [15, 5], "car_1311": [5, 0], "car_1316": [8, 3], "car_1317": [4, 5], "car_1314": [9, 1], "car_1315": [13, 2], "car_1318": [11, 1], "car_1319": [5, 2], "car_2450": [12, 7], "car_2451": [5, 3], "car_2452": [3, 7], "car_372": [11, 0], "car_373": [15, 5], "car_370": [13, 0], "car_371": [3, 6], "car_376": [3, 2], "car_377": [11, 6], "car_374": [1, 4], "car_375": [6, 1], "car_1864": [6, 7], "car_1865": [13, 2], "car_378": [2, 7], "car_379": [9, 6], "car_1860": [8, 0], "car_1861": [10, 1], "car_1862": [14, 2], "car_1863": [3, 5], "car_174": [3, 0], "car_175": [8, 4], "car_176": [12, 7], "car_177": [0, 3], "car_170": [1, 5], "car_171": [5, 6], "car_172": [14, 6], "car_173": [6, 0], "car_2457": [12, 2], "car_178": [4, 0], "car_179": [5, 7], "car_2338": [14, 5], "car_1266": [15, 0], "car_1267": [1, 0], "car_1264": [13, 7], "car_1265": [8, 3], "car_1262": [5, 4], "car_1263": [2, 5], "car_1260": [0, 1], "car_1261": [4, 0], "car_1268": [14, 1], "car_1269": [6, 1], "car_2406": [7, 5], "car_2065": [12, 6], "car_2064": [8, 0], "car_1048": [12, 4], "car_1049": [0, 2], "car_2061": [14, 7], "car_2060": [3, 7], "car_2063": [7, 5], "car_2062": [2, 1], "car_1042": [11, 4], "car_1043": [5, 0], "car_1040": [6, 1], "car_1041": [4, 3], "car_1046": [3, 2], "car_1047": [7, 3], "car_1044": [6, 3], "car_1045": [9, 0], "car_2663": [9, 6], "car_2662": [6, 5], "car_2661": [2, 4], "car_2660": [4, 1], "car_2667": [11, 3], "car_2666": [4, 7], "car_2665": [0, 3], "car_2664": [13, 4], "car_2669": [4, 0], "car_2668": [5, 7], "car_2404": [5, 7], "car_78": [6, 2], "car_79": [3, 2], "car_72": [3, 4], "car_73": [7, 0], "car_70": [0, 5], "car_71": [4, 3], "car_76": [10, 0], "car_77": [2, 1], "car_74": [0, 5], "car_75": [1, 5], "car_992": [11, 4], "car_993": [10, 1], "car_990": [8, 5], "car_991": [4, 2], "car_996": [13, 6], "car_997": [7, 1], "car_994": [14, 0], "car_995": [9, 2], "car_1688": [4, 7], "car_1689": [1, 7], "car_998": [11, 6], "car_999": [15, 7], "car_2409": [7, 2], "car_2408": [6, 2], "car_2797": [9, 1], "car_2796": [2, 3], "car_2795": [5, 0], "car_2794": [11, 3], "car_2793": [4, 5], "car_2792": [13, 2], "car_1448": [6, 1], "car_1449": [9, 7], "car_1446": [15, 5], "car_1447": [14, 1], "car_1444": [3, 7], "car_1445": [4, 7], "car_1442": [9, 0], "car_1443": [13, 2], "car_1440": [11, 6], "car_1441": [10, 6], "car_2883": [7, 6], "car_2882": [3, 2], "car_2881": [6, 1], "car_2798": [7, 2], "car_2887": [9, 5], "car_2886": [14, 0], "car_2885": [0, 2], "car_2884": [8, 2], "car_2889": [3, 4], "car_2888": [13, 7], "car_2401": [12, 2], "car_2539": [11, 1], "car_2538": [4, 0], "car_2249": [6, 2], "car_2248": [2, 3], "car_2245": [0, 3], "car_2244": [12, 3], "car_2247": [10, 4], "car_2246": [1, 3], "car_2241": [14, 5], "car_2240": [5, 0], "car_2243": [13, 0], "car_2242": [2, 0], "car_2089": [2, 7], "car_2088": [10, 0], "car_2083": [1, 3], "car_2082": [11, 0], "car_2081": [4, 3], "car_2080": [0, 2], "car_2087": [11, 0], "car_2086": [12, 7], "car_2085": [7, 1], "car_2084": [13, 4], "car_578": [2, 3], "car_579": [6, 0], "car_2333": [15, 3], "car_2332": [8, 4], "car_2335": [2, 0], "car_2334": [10, 3], "car_2337": [10, 3], "car_553": [6, 7], "car_570": [10, 1], "car_571": [6, 1], "car_572": [13, 7], "car_573": [0, 4], "car_574": [1, 6], "car_806": [12, 4], "car_576": [10, 2], "car_577": [14, 2], "car_807": [11, 1], "car_800": [13, 2], "car_801": [3, 7], "car_802": [7, 6], "car_2192": [0, 3], "car_803": [4, 3], "car_2067": [4, 2], "car_2066": [0, 3], "car_619": [12, 5], "car_618": [13, 0], "car_615": [15, 4], "car_614": [8, 0], "car_617": [2, 3], "car_616": [1, 7], "car_611": [9, 2], "car_610": [10, 4], "car_613": [7, 5], "car_612": [13, 1], "car_2151": [14, 2], "car_2704": [8, 1], "car_2705": [11, 0], "car_2706": [1, 2], "car_2150": [15, 6], "car_2707": [10, 3], "car_2069": [5, 2], "car_2068": [15, 4], "car_2702": [3, 7], "car_2703": [7, 1], "car_769": [1, 6], "car_768": [15, 6], "car_2567": [6, 5], "car_761": [7, 2], "car_760": [3, 4], "car_763": [14, 6], "car_762": [12, 2], "car_765": [8, 7], "car_764": [9, 1], "car_767": [11, 7], "car_766": [12, 6], "car_2216": [8, 3], "car_2217": [12, 7], "car_2330": [1, 0], "car_2214": [9, 7], "car_2215": [3, 7], "car_2212": [5, 4], "car_2213": [2, 4], "car_2210": [7, 6], "car_2211": [11, 4], "car_575": [5, 2], "car_1305": [6, 0], "car_1304": [14, 3], "car_1307": [3, 1], "car_1306": [9, 0], "car_1301": [7, 3], "car_1300": [14, 2], "car_1303": [1, 5], "car_1302": [8, 1], "car_1309": [0, 7], "car_1308": [8, 0], "car_389": [9, 7], "car_388": [14, 4], "car_387": [10, 0], "car_386": [7, 5], "car_385": [13, 7], "car_384": [10, 2], "car_383": [1, 2], "car_382": [11, 6], "car_381": [0, 5], "car_380": [13, 1], "car_141": [15, 2], "car_140": [13, 1], "car_143": [10, 3], "car_142": [1, 4], "car_145": [6, 5], "car_144": [14, 6], "car_147": [7, 5], "car_146": [9, 1], "car_149": [0, 4], "car_148": [12, 6], "car_2407": [4, 0], "car_1279": [10, 4], "car_1278": [15, 4], "car_1271": [7, 4], "car_1270": [3, 6], "car_1273": [5, 3], "car_1272": [11, 5], "car_1275": [2, 6], "car_1274": [10, 3], "car_1277": [0, 3], "car_1276": [7, 5], "car_2326": [13, 6], "car_2847": [9, 5], "car_2327": [3, 0], "car_1059": [9, 6], "car_1058": [5, 2], "car_1055": [8, 7], "car_1054": [3, 2], "car_1057": [1, 6], "car_1056": [4, 1], "car_1051": [2, 3], "car_1050": [1, 3], "car_1053": [14, 3], "car_1052": [9, 6], "car_2656": [15, 7], "car_2657": [10, 3], "car_2654": [0, 4], "car_2655": [4, 6], "car_2652": [0, 6], "car_2653": [1, 0], "car_2650": [13, 6], "car_2651": [8, 6], "car_2415": [7, 2], "car_2658": [6, 3], "car_2659": [12, 4], "car_2416": [8, 1], "car_69": [7, 3], "car_68": [2, 0], "car_2438": [5, 1], "car_2439": [13, 3], "car_61": [5, 7], "car_60": [1, 5], "car_63": [7, 2], "car_62": [6, 4], "car_65": [12, 4], "car_64": [8, 3], "car_67": [1, 4], "car_66": [11, 1], "car_1693": [13, 7], "car_1692": [9, 2], "car_1691": [14, 6], "car_1690": [5, 1], "car_1697": [15, 4], "car_1696": [0, 2], "car_969": [13, 7], "car_968": [9, 4], "car_967": [5, 0], "car_966": [1, 3], "car_965": [11, 2], "car_964": [4, 2], "car_963": [12, 7], "car_962": [14, 6], "car_961": [10, 5], "car_960": [3, 1], "car_1451": [7, 3], "car_1450": [13, 6], "car_1453": [5, 2], "car_1452": [15, 6], "car_1455": [9, 6], "car_1454": [6, 1], "car_1457": [2, 6], "car_1456": [4, 3], "car_1459": [7, 4], "car_1458": [0, 7], "car_2410": [4, 3], "car_2837": [15, 1], "car_2411": [11, 2], "car_2508": [1, 3], "car_2509": [14, 7], "car_2506": [0, 4], "car_2507": [4, 1], "car_2504": [9, 5], "car_2505": [13, 6], "car_2502": [8, 5], "car_2503": [12, 2], "car_2500": [3, 5], "car_2501": [7, 6], "car_2737": [13, 3], "car_1680": [4, 3], "car_1681": [15, 2], "car_1682": [1, 4], "car_1683": [11, 7], "car_1684": [15, 3], "car_2736": [6, 7], "car_1685": [3, 2], "car_1891": [11, 5], "car_1686": [7, 4], "car_1890": [4, 7], "car_1687": [12, 1], "car_1893": [10, 3], "car_545": [2, 6], "car_544": [14, 5], "car_547": [1, 2], "car_546": [3, 0], "car_541": [11, 3], "car_540": [13, 4], "car_543": [10, 2], "car_542": [5, 1], "car_1895": [11, 7], "car_549": [6, 0], "car_548": [10, 2], "car_819": [13, 2], "car_818": [9, 4], "car_2344": [10, 2], "car_2345": [2, 4], "car_2346": [6, 4], "car_2347": [13, 3], "car_2340": [9, 5], "car_1897": [12, 5], "car_2342": [7, 5], "car_2343": [0, 5], "car_2405": [3, 2], "car_1896": [10, 3], "car_2348": [8, 1], "car_2349": [12, 5], "car_33": [15, 6], "car_1767": [12, 2], "car_1766": [8, 2], "car_1765": [1, 5], "car_608": [0, 2], "car_609": [11, 6], "car_602": [0, 5], "car_603": [4, 6], "car_600": [8, 0], "car_601": [12, 4], "car_606": [9, 6], "car_607": [13, 5], "car_604": [15, 4], "car_605": [5, 0], "car_1761": [3, 5], "car_1760": [2, 1], "car_2799": [12, 1], "car_776": [4, 1], "car_777": [5, 6], "car_774": [1, 4], "car_775": [7, 4], "car_772": [8, 6], "car_773": [12, 1], "car_770": [6, 4], "car_771": [3, 5], "car_1768": [4, 7], "car_778": [10, 2], "car_779": [2, 7], "car_2418": [1, 4], "car_2880": [5, 7], "car_1750": [3, 2], "car_2419": [10, 6], "car_1994": [4, 5], "car_1995": [11, 3], "car_1996": [10, 0], "car_1997": [9, 2], "car_1990": [3, 5], "car_1991": [8, 5], "car_1992": [12, 4], "car_1993": [0, 4], "car_1998": [3, 5], "car_1999": [0, 2], "car_2846": [6, 4], "car_1842": [8, 1], "car_1806": [4, 0], "car_1840": [3, 1], "car_1841": [7, 2], "car_398": [11, 0], "car_399": [15, 3], "car_1844": [5, 1], "car_1807": [11, 3], "car_394": [10, 6], "car_395": [2, 1], "car_396": [7, 1], "car_397": [8, 7], "car_390": [3, 1], "car_391": [12, 1], "car_392": [0, 6], "car_393": [11, 7], "car_158": [12, 1], "car_159": [6, 5], "car_156": [12, 7], "car_157": [7, 1], "car_154": [6, 4], "car_155": [13, 5], "car_152": [1, 4], "car_153": [5, 1], "car_150": [1, 4], "car_151": [6, 0], "car_1208": [8, 5], "car_1209": [11, 1], "car_1204": [8, 1], "car_1205": [11, 4], "car_1206": [15, 1], "car_1207": [13, 0], "car_1200": [14, 5], "car_1201": [2, 7], "car_1202": [13, 3], "car_1203": [3, 4], "car_2601": [1, 0], "car_2403": [4, 3], "car_1808": [1, 6], "car_1809": [2, 4], "car_2649": [10, 3], "car_2612": [6, 2], "car_2613": [13, 3], "car_2641": [3, 2], "car_2640": [9, 4], "car_2643": [11, 6], "car_2642": [4, 0], "car_2645": [2, 4], "car_2644": [5, 3], "car_2647": [3, 2], "car_2646": [13, 6], "car_1510": [6, 0], "car_1511": [3, 6], "car_1512": [1, 2], "car_1513": [3, 1], "car_1514": [4, 1], "car_1515": [7, 6], "car_1516": [8, 0], "car_1517": [12, 1], "car_1518": [15, 0], "car_1519": [5, 2], "car_2531": [5, 0], "car_2530": [11, 2], "car_2537": [13, 1], "car_2536": [10, 1], "car_2855": [9, 5], "car_1198": [15, 3], "car_1199": [5, 2], "car_1194": [5, 4], "car_1195": [2, 1], "car_1196": [7, 4], "car_1197": [0, 1], "car_1190": [13, 5], "car_1191": [3, 4], "car_1192": [12, 4], "car_1193": [15, 1], "car_2619": [0, 4], "car_2429": [11, 0], "car_2428": [4, 2], "car_2425": [14, 3], "car_2424": [11, 6], "car_2427": [7, 5], "car_2426": [6, 3], "car_2421": [12, 5], "car_2126": [1, 6], "car_2423": [4, 3], "car_2422": [0, 6], "car_2856": [13, 2], "car_2127": [10, 5], "car_978": [7, 6], "car_979": [12, 7], "car_974": [10, 5], "car_975": [14, 6], "car_976": [6, 5], "car_977": [3, 4], "car_970": [6, 7], "car_971": [4, 5], "car_972": [11, 5], "car_973": [15, 5], "car_1424": [4, 1], "car_1425": [15, 6], "car_1426": [1, 5], "car_1427": [5, 2], "car_1420": [11, 6], "car_1421": [5, 1], "car_1422": [6, 3], "car_1423": [0, 6], "car_2402": [0, 3], "car_1428": [3, 7], "car_1429": [9, 7], "car_2857": [11, 5], "car_2128": [7, 4], "car_2129": [4, 7], "car_2511": [8, 1], "car_2510": [6, 0], "car_2513": [15, 1], "car_2512": [0, 6], "car_2515": [14, 1], "car_2514": [10, 7], "car_2517": [13, 1], "car_2516": [9, 0], "car_2519": [15, 7], "car_2518": [3, 1], "car_1738": [6, 7], "car_1739": [9, 4], "car_1730": [13, 0], "car_1731": [15, 0], "car_1732": [10, 5], "car_1733": [2, 0], "car_1734": [9, 3], "car_1735": [13, 7], "car_1736": [11, 2], "car_1737": [10, 5], "car_54": [8, 1], "car_55": [0, 1], "car_56": [15, 5], "car_57": [8, 5], "car_50": [15, 7], "car_51": [5, 4], "car_52": [10, 6], "car_53": [13, 7], "car_58": [0, 7], "car_59": [4, 3], "car_2609": [14, 2], "car_552": [14, 2], "car_805": [13, 1], "car_550": [13, 5], "car_551": [3, 2], "car_556": [1, 7], "car_557": [0, 1], "car_554": [3, 0], "car_555": [12, 2], "car_558": [4, 7], "car_559": [15, 0], "car_808": [10, 3], "car_809": [14, 4], "car_2357": [5, 6], "car_2356": [1, 2], "car_2355": [7, 4], "car_2354": [3, 4], "car_2353": [6, 5], "car_2352": [2, 4], "car_2351": [5, 3], "car_2350": [11, 3], "car_2359": [6, 0], "car_2358": [10, 1], "car_1757": [0, 1], "car_2339": [6, 1], "car_2469": [2, 1], "car_2468": [15, 5], "car_703": [8, 2], "car_702": [7, 5], "car_701": [3, 2], "car_700": [9, 6], "car_707": [10, 4], "car_706": [5, 2], "car_705": [4, 2], "car_704": [12, 7], "car_709": [2, 0], "car_708": [14, 7], "car_2221": [4, 3], "car_2308": [14, 0], "car_2400": [8, 6], "car_2309": [6, 4], "car_1987": [2, 1], "car_1986": [4, 1], "car_1985": [13, 1], "car_1984": [6, 0], "car_1983": [2, 3], "car_1982": [14, 6], "car_1981": [5, 4], "car_1980": [0, 1], "car_1989": [13, 1], "car_1988": [6, 3], "car_2768": [12, 0], "car_1855": [8, 7], "car_1796": [2, 3], "car_1857": [15, 4], "car_1856": [4, 1], "car_1851": [15, 1], "car_1850": [11, 0], "car_1853": [2, 3], "car_1797": [0, 1], "car_2336": [7, 2], "car_1859": [10, 2], "car_1794": [4, 7], "car_2230": [4, 0], "car_129": [9, 2], "car_128": [6, 3], "car_2231": [1, 5], "car_123": [14, 0], "car_122": [1, 0], "car_121": [7, 5], "car_120": [14, 6], "car_127": [14, 2], "car_126": [4, 2], "car_125": [0, 3], "car_124": [6, 5], "car_1790": [14, 1], "car_1219": [9, 6], "car_1218": [5, 7], "car_1217": [1, 0], "car_1216": [4, 5], "car_1215": [0, 4], "car_1214": [8, 1], "car_1213": [2, 7], "car_1212": [14, 2], "car_1211": [1, 2], "car_1210": [15, 0], "car_1415": [3, 7], "car_1414": [6, 4], "car_1417": [10, 6], "car_1416": [0, 6], "car_1411": [15, 6], "car_1410": [4, 5], "car_237": [13, 0], "car_236": [9, 0], "car_235": [14, 7], "car_234": [7, 4], "car_233": [3, 1], "car_232": [13, 1], "car_231": [9, 2], "car_230": [10, 6], "car_1412": [1, 3], "car_239": [12, 1], "car_238": [8, 4], "car_2638": [2, 3], "car_2639": [6, 7], "car_2634": [0, 1], "car_2635": [4, 7], "car_2636": [1, 0], "car_2637": [5, 4], "car_2630": [15, 0], "car_2631": [6, 3], "car_2632": [9, 1], "car_2633": [3, 6], "car_1503": [4, 2], "car_1502": [0, 2], "car_1501": [8, 2], "car_1500": [4, 7], "car_1507": [12, 2], "car_1506": [7, 4], "car_1505": [6, 5], "car_1504": [1, 3], "car_1509": [10, 4], "car_1508": [15, 5], "car_1189": [6, 3], "car_1188": [2, 0], "car_1187": [10, 6], "car_1186": [4, 2], "car_1185": [7, 0], "car_1184": [9, 5], "car_1183": [2, 5], "car_1182": [1, 2], "car_1181": [8, 3], "car_1180": [3, 1], "car_2182": [0, 1], "car_2183": [10, 2], "car_2180": [15, 1], "car_2181": [6, 2], "car_2186": [3, 7], "car_2187": [2, 6], "car_2184": [6, 1], "car_2185": [9, 7], "car_2188": [9, 0], "car_2189": [13, 4], "car_949": [1, 5], "car_948": [4, 0], "car_2742": [4, 3], "car_2743": [11, 5], "car_2744": [10, 1], "car_2745": [14, 6], "car_2746": [6, 0], "car_2747": [9, 7], "car_941": [14, 6], "car_940": [6, 7], "car_943": [3, 1], "car_942": [6, 5], "car_945": [9, 6], "car_944": [4, 2], "car_947": [0, 6], "car_946": [8, 0], "car_1437": [2, 3], "car_1436": [14, 0], "car_1435": [8, 5], "car_1434": [13, 4], "car_1433": [6, 5], "car_1432": [14, 4], "car_1431": [3, 2], "car_1430": [13, 5], "car_1439": [8, 2], "car_1438": [3, 6], "car_2238": [3, 5], "car_2823": [1, 4], "car_493": [13, 2], "car_492": [9, 4], "car_491": [10, 6], "car_490": [5, 2], "car_497": [14, 6], "car_496": [5, 7], "car_495": [0, 2], "car_494": [12, 1], "car_499": [7, 2], "car_498": [2, 5], "car_2296": [12, 3], "car_2297": [15, 1], "car_2294": [9, 4], "car_2239": [12, 1], "car_2292": [10, 7], "car_2293": [14, 1], "car_2290": [12, 4], "car_2291": [4, 2], "car_1918": [11, 7], "car_2568": [9, 5], "car_2569": [13, 1], "car_2298": [1, 3], "car_1919": [14, 6], "car_1729": [9, 5], "car_1728": [10, 7], "car_1723": [3, 2], "car_1722": [6, 7], "car_1721": [11, 7], "car_1720": [4, 6], "car_1727": [4, 0], "car_1726": [12, 1], "car_1725": [10, 6], "car_1724": [0, 6], "car_43": [8, 6], "car_42": [13, 1], "car_41": [14, 6], "car_40": [10, 6], "car_47": [6, 5], "car_46": [10, 0], "car_45": [1, 0], "car_44": [4, 3], "car_49": [3, 1], "car_48": [13, 4], "car_1916": [13, 2], "car_1917": [7, 3], "car_1858": [1, 2], "car_831": [12, 4], "car_830": [8, 6], "car_833": [4, 1], "car_832": [0, 6], "car_835": [2, 1], "car_834": [1, 0], "car_837": [4, 5], "car_836": [3, 7], "car_839": [1, 6], "car_838": [15, 0], "car_2360": [13, 4], "car_2361": [3, 2], "car_2366": [13, 4], "car_2367": [4, 1], "car_2364": [14, 6], "car_2365": [6, 5], "car_2168": [10, 3], "car_2169": [2, 7], "car_2160": [10, 5], "car_2161": [2, 3], "car_2162": [6, 4], "car_2163": [9, 1], "car_2164": [13, 3], "car_2165": [7, 1], "car_2166": [0, 3], "car_2167": [15, 4], "car_2810": [9, 0], "car_2811": [3, 7], "car_2812": [7, 6], "car_2813": [5, 1], "car_1941": [3, 2], "car_2814": [10, 4], "car_2815": [2, 5], "car_2544": [4, 0], "car_2817": [7, 4], "car_2463": [14, 1], "car_2462": [5, 3], "car_710": [6, 1], "car_711": [3, 2], "car_712": [8, 2], "car_713": [0, 7], "car_714": [15, 5], "car_715": [14, 7], "car_716": [12, 5], "car_717": [6, 7], "car_718": [9, 2], "car_719": [11, 7], "car_1892": [9, 1], "car_1894": [8, 6], "car_2895": [4, 0], "car_138": [14, 3], "car_139": [6, 7], "car_130": [13, 2], "car_131": [12, 7], "car_132": [11, 0], "car_133": [15, 2], "car_134": [10, 3], "car_135": [7, 2], "car_136": [4, 5], "car_137": [15, 3], "car_1222": [4, 1], "car_1223": [5, 4], "car_1220": [3, 5], "car_1221": [7, 6], "car_1226": [8, 6], "car_1227": [12, 7], "car_1224": [2, 6], "car_1225": [9, 4], "car_1886": [2, 3], "car_1887": [6, 2], "car_1228": [0, 5], "car_1229": [10, 3], "car_1882": [12, 6], "car_1883": [11, 3], "car_1880": [7, 5], "car_1881": [8, 5], "car_2621": [7, 1], "car_224": [14, 0], "car_225": [9, 5], "car_226": [3, 0], "car_227": [12, 0], "car_220": [6, 5], "car_221": [7, 0], "car_222": [12, 1], "car_223": [10, 2], "car_228": [0, 4], "car_229": [15, 2], "car_1086": [13, 0], "car_1087": [8, 6], "car_1084": [5, 1], "car_1085": [14, 7], "car_1082": [9, 3], "car_1083": [1, 3], "car_1080": [5, 7], "car_1081": [6, 2], "car_2627": [8, 7], "car_2626": [7, 2], "car_2625": [14, 7], "car_2624": [10, 4], "car_2623": [0, 2], "car_2622": [8, 5], "car_1088": [11, 1], "car_1089": [6, 3], "car_1536": [12, 7], "car_1537": [11, 1], "car_1534": [7, 6], "car_1535": [8, 2], "car_1532": [9, 5], "car_1533": [13, 0], "car_1530": [14, 6], "car_1531": [6, 5], "car_1538": [1, 2], "car_1539": [2, 3], "car_956": [8, 5], "car_957": [2, 6], "car_954": [15, 3], "car_955": [9, 7], "car_952": [7, 4], "car_953": [8, 1], "car_950": [6, 5], "car_951": [9, 5], "car_1827": [14, 7], "car_2199": [6, 2], "car_2198": [14, 7], "car_958": [9, 6], "car_959": [13, 6], "car_1158": [2, 3], "car_1159": [6, 2], "car_1408": [14, 2], "car_1409": [8, 4], "car_2757": [2, 3], "car_2756": [5, 7], "car_2755": [12, 0], "car_1829": [7, 1], "car_1150": [8, 0], "car_1151": [0, 5], "car_1152": [1, 7], "car_1153": [5, 3], "car_1154": [14, 4], "car_1155": [8, 1], "car_1156": [15, 4], "car_1157": [5, 7], "car_2532": [11, 2], "car_2380": [14, 6], "car_2764": [2, 6], "car_2381": [3, 0], "car_2382": [0, 5], "car_2383": [7, 2], "car_1826": [10, 0], "car_480": [2, 7], "car_481": [6, 5], "car_482": [9, 2], "car_483": [7, 5], "car_484": [0, 7], "car_485": [11, 6], "car_486": [10, 6], "car_487": [3, 2], "car_488": [0, 1], "car_489": [11, 2], "car_2283": [3, 0], "car_2282": [13, 2], "car_2285": [15, 6], "car_2284": [12, 1], "car_2287": [9, 1], "car_2286": [14, 2], "car_2577": [9, 3], "car_853": [5, 6], "car_2575": [2, 5], "car_2574": [13, 5], "car_2573": [14, 3], "car_2572": [5, 1], "car_2571": [1, 7], "car_852": [15, 2], "car_851": [4, 2], "car_2579": [10, 0], "car_2578": [5, 1], "car_582": [1, 4], "car_1718": [12, 4], "car_1719": [0, 4], "car_1716": [6, 1], "car_857": [2, 1], "car_1714": [11, 0], "car_1715": [14, 2], "car_1712": [9, 1], "car_1713": [13, 1], "car_1710": [15, 4], "car_856": [14, 0], "car_1828": [3, 4], "car_855": [11, 0], "car_854": [13, 2], "car_2739": [8, 6], "car_2738": [3, 6], "car_2379": [1, 4], "car_2378": [2, 0], "car_828": [14, 4], "car_829": [2, 7], "car_826": [0, 3], "car_827": [15, 4], "car_824": [2, 3], "car_825": [12, 5], "car_822": [10, 3], "car_823": [14, 4], "car_820": [3, 5], "car_821": [1, 7], "car_2179": [4, 7], "car_2178": [12, 4], "car_2173": [13, 6], "car_2172": [4, 7], "car_2171": [8, 5], "car_2170": [7, 2], "car_2177": [7, 0], "car_2176": [6, 5], "car_2175": [10, 3], "car_2174": [1, 4], "car_2535": [5, 1], "car_2534": [1, 6], "car_729": [9, 4], "car_728": [10, 6], "car_725": [8, 1], "car_724": [3, 2], "car_727": [1, 2], "car_726": [11, 7], "car_721": [5, 3], "car_720": [1, 7], "car_723": [9, 0], "car_722": [10, 4], "car_2708": [9, 2], "car_2620": [5, 6], "car_1795": [14, 1], "car_1792": [7, 5], "car_1793": [0, 3], "car_2440": [0, 4], "car_105": [13, 1], "car_104": [6, 5], "car_107": [1, 3], "car_106": [15, 7], "car_101": [15, 5], "car_100": [0, 1], "car_103": [2, 5], "car_102": [14, 6], "car_1888": [3, 0], "car_109": [2, 7], "car_108": [5, 4], "car_1791": [9, 5], "car_1235": [8, 6], "car_1234": [10, 0], "car_1237": [1, 6], "car_1236": [15, 0], "car_1231": [12, 5], "car_1230": [2, 6], "car_1233": [15, 0], "car_1232": [11, 1], "car_1899": [12, 7], "car_1898": [7, 2], "car_1239": [14, 6], "car_1238": [10, 1], "car_211": [5, 7], "car_210": [11, 0], "car_213": [9, 3], "car_212": [6, 3], "car_215": [15, 2], "car_214": [12, 2], "car_217": [3, 0], "car_216": [10, 3], "car_219": [1, 2], "car_218": [12, 6], "car_2676": [14, 6], "car_1529": [5, 0], "car_1528": [15, 6], "car_2610": [7, 3], "car_2611": [15, 3], "car_2616": [14, 2], "car_2617": [2, 5], "car_2614": [0, 3], "car_2615": [1, 2], "car_1521": [8, 5], "car_1520": [3, 0], "car_1523": [1, 0], "car_1522": [12, 3], "car_1525": [13, 4], "car_1524": [9, 6], "car_1527": [11, 7], "car_1526": [3, 0], "car_2849": [1, 0], "car_2700": [2, 6], "car_2848": [4, 3], "car_2740": [12, 1], "car_2741": [3, 2], "car_2313": [5, 2], "car_2701": [9, 7], "car_2312": [4, 2], "car_2311": [12, 0], "car_923": [12, 6], "car_922": [2, 4], "car_921": [0, 7], "car_920": [12, 2], "car_927": [7, 0], "car_926": [13, 4], "car_925": [2, 6], "car_924": [14, 5], "car_2317": [0, 5], "car_929": [4, 7], "car_928": [0, 7], "car_2316": [6, 0], "car_2766": [7, 5], "car_2748": [3, 4], "car_1149": [10, 1], "car_1148": [11, 4], "car_1419": [3, 1], "car_1418": [6, 1], "car_2760": [2, 4], "car_2749": [7, 2], "car_1143": [3, 7], "car_1142": [13, 6], "car_1141": [6, 5], "car_1140": [10, 5], "car_1147": [0, 3], "car_1146": [12, 7], "car_1145": [8, 3], "car_1144": [7, 5], "car_1099": [14, 2], "car_1098": [10, 6], "car_1091": [13, 1], "car_1090": [9, 6], "car_1093": [6, 0], "car_1092": [8, 4], "car_1095": [13, 1], "car_1094": [9, 5], "car_1097": [12, 6], "car_1096": [7, 4], "car_2818": [5, 7], "car_2819": [10, 2], "car_2548": [13, 6], "car_2549": [3, 5], "car_2542": [9, 2], "car_2543": [0, 3], "car_2540": [1, 7], "car_2541": [5, 1], "car_2546": [10, 4], "car_2547": [9, 2], "car_2521": [12, 7], "car_2545": [1, 4], "car_1701": [1, 2], "car_1700": [8, 6], "car_1703": [2, 7], "car_1702": [10, 4], "car_1705": [13, 2], "car_1704": [9, 0], "car_1707": [7, 2], "car_1706": [3, 7], "car_1709": [4, 6], "car_1708": [8, 0], "car_2522": [1, 5], "car_2523": [10, 1], "car_589": [14, 7], "car_588": [10, 3], "car_859": [11, 2], "car_858": [12, 5], "car_2384": [0, 7], "car_2385": [9, 4], "car_1695": [12, 4], "car_2387": [8, 3], "car_581": [11, 5], "car_580": [3, 0], "car_583": [5, 1], "car_850": [0, 3], "car_585": [6, 0], "car_584": [10, 6], "car_587": [15, 6], "car_586": [12, 7], "car_2002": [10, 0], "car_2148": [3, 6], "car_2149": [4, 5], "car_2146": [10, 7], "car_2147": [13, 4], "car_2144": [15, 0], "car_2145": [1, 3], "car_2142": [12, 4], "car_2143": [11, 0], "car_2140": [3, 2], "car_2141": [7, 1], "car_2779": [3, 6], "car_457": [1, 2], "car_456": [4, 5], "car_455": [6, 2], "car_454": [5, 6], "car_453": [1, 7], "car_452": [15, 2], "car_451": [8, 3], "car_450": [7, 0], "car_1878": [13, 1], "car_459": [9, 4], "car_458": [10, 2], "car_1877": [2, 1], "car_1876": [14, 3], "car_2778": [6, 3], "car_1875": [0, 4], "car_1874": [7, 1], "car_1873": [6, 4], "car_1872": [2, 5], "car_738": [3, 5], "car_739": [8, 6], "car_1871": [14, 6], "car_733": [1, 2], "car_732": [0, 6], "car_32": [3, 1], "car_730": [13, 7], "car_731": [3, 5], "car_736": [6, 1], "car_737": [13, 7], "car_734": [5, 1], "car_735": [14, 7], "car_1976": [1, 2], "car_1977": [14, 1], "car_1698": [1, 3], "car_38": [15, 2], "car_39": [1, 5], "car_2564": [15, 3], "car_2565": [1, 6], "car_2566": [10, 7], "car_2295": [13, 3], "car_1978": [9, 4], "car_2560": [13, 4], "car_1979": [7, 5], "car_2561": [8, 1], "car_2562": [12, 7], "car_2563": [4, 1], "car_2443": [9, 2], "car_2442": [10, 3], "car_2441": [1, 5], "car_112": [12, 5], "car_113": [15, 0], "car_110": [7, 2], "car_111": [8, 1], "car_116": [7, 5], "car_117": [8, 3], "car_114": [2, 4], "car_115": [3, 2], "car_2447": [6, 5], "car_118": [12, 0], "car_119": [1, 0], "car_2446": [5, 7], "car_2445": [14, 7], "car_2299": [5, 2], "car_2533": [15, 3], "car_2453": [7, 6], "car_2454": [0, 7], "car_1950": [7, 2], "car_1951": [8, 5], "car_1952": [12, 3], "car_1953": [0, 6], "car_1954": [15, 1], "car_1955": [1, 4], "car_208": [13, 1], "car_209": [7, 4], "car_206": [14, 5], "car_207": [6, 0], "car_204": [8, 7], "car_205": [4, 7], "car_202": [3, 5], "car_203": [7, 1], "car_200": [14, 7], "car_201": [2, 0], "car_2605": [13, 6], "car_2604": [9, 4], "car_2607": [7, 0], "car_2606": [3, 7], "car_1558": [11, 5], "car_1559": [10, 0], "car_2603": [6, 7], "car_2602": [10, 6], "car_1554": [14, 2], "car_1555": [3, 1], "car_1556": [0, 1], "car_1557": [4, 1], "car_1550": [8, 6], "car_1551": [0, 4], "car_1552": [11, 7], "car_1553": [10, 5], "car_1398": [2, 1], "car_1399": [8, 1], "car_1392": [3, 4], "car_1393": [7, 0], "car_1390": [6, 2], "car_1391": [13, 6], "car_1396": [11, 0], "car_1397": [1, 3], "car_1394": [0, 6], "car_1395": [4, 6], "car_2598": [12, 6], "car_930": [5, 1], "car_931": [10, 0], "car_932": [9, 3], "car_933": [13, 7], "car_934": [10, 1], "car_935": [14, 5], "car_936": [8, 0], "car_937": [12, 1], "car_938": [11, 0], "car_939": [5, 2], "car_2773": [7, 0], "car_2772": [6, 7], "car_2775": [11, 5], "car_2774": [4, 5], "car_2777": [14, 0], "car_2776": [15, 1], "car_6": [11, 5], "car_7": [15, 2], "car_4": [12, 2], "car_5": [4, 6], "car_2": [14, 5], "car_3": [8, 5], "car_1178": [6, 2], "car_1": [15, 3], "car_1176": [0, 2], "car_1177": [14, 6], "car_1174": [14, 5], "car_1175": [7, 5], "car_1172": [8, 5], "car_1173": [12, 6], "car_8": [6, 5], "car_9": [13, 2], "car_2809": [2, 0], "car_2808": [14, 0], "car_2559": [5, 4], "car_2558": [4, 7], "car_2555": [3, 0], "car_2554": [13, 0], "car_2557": [0, 5], "car_2556": [8, 0], "car_2551": [12, 0], "car_2550": [8, 3], "car_2553": [9, 5], "car_2552": [5, 1], "car_1774": [13, 3], "car_1775": [3, 0], "car_1776": [12, 7], "car_1777": [11, 0], "car_1770": [1, 6], "car_1771": [10, 1], "car_1772": [14, 4], "car_1773": [9, 6], "car_1778": [14, 6], "car_1779": [13, 7], "car_98": [2, 0], "car_99": [6, 1], "car_90": [14, 6], "car_91": [6, 5], "car_92": [11, 6], "car_93": [1, 2], "car_94": [13, 6], "car_95": [12, 7], "car_96": [5, 3], "car_97": [10, 0], "car_596": [10, 6], "car_597": [2, 3], "car_594": [15, 5], "car_595": [1, 2], "car_592": [8, 7], "car_593": [0, 2], "car_590": [6, 4], "car_591": [7, 1], "car_598": [9, 1], "car_599": [3, 1], "car_848": [2, 4], "car_849": [8, 3], "car_2391": [3, 6], "car_2390": [2, 5], "car_2397": [1, 2], "car_2396": [12, 2], "car_2395": [15, 1], "car_2394": [11, 0], "car_840": [5, 6], "car_841": [14, 4], "car_842": [12, 6], "car_843": [1, 2], "car_844": [14, 5], "car_845": [13, 3], "car_846": [7, 5], "car_847": [5, 6], "car_1608": [4, 2], "car_1609": [5, 4], "car_2153": [3, 4], "car_2152": [2, 0], "car_2155": [12, 4], "car_2154": [7, 4], "car_2157": [0, 7], "car_2156": [12, 0], "car_1600": [5, 3], "car_1601": [2, 1], "car_1602": [12, 3], "car_1603": [0, 7], "car_1604": [10, 6], "car_1605": [9, 3], "car_1606": [8, 4], "car_1607": [12, 4], "car_2369": [15, 4], "car_2362": [7, 4], "car_2363": [5, 7], "car_444": [12, 4], "car_445": [1, 4], "car_446": [14, 5], "car_447": [2, 3], "car_440": [0, 5], "car_441": [4, 7], "car_442": [11, 5], "car_443": [2, 5], "car_448": [13, 1], "car_449": [3, 7], "car_2717": [6, 4], "car_2716": [1, 0], "car_2715": [15, 6], "car_2201": [13, 7], "car_2714": [0, 1], "car_2200": [15, 3], "car_2713": [7, 4], "car_2712": [6, 3], "car_2711": [2, 7], "car_2710": [15, 4], "car_2209": [9, 3], "car_2208": [2, 1], "car_2324": [1, 4], "car_695": [10, 1], "car_694": [1, 4], "car_697": [0, 4], "car_696": [12, 2], "car_691": [3, 1], "car_690": [10, 0], "car_693": [15, 4], "car_692": [11, 7], "car_699": [10, 6], "car_698": [15, 7], "car_2399": [13, 1], "car_1943": [4, 0], "car_1942": [12, 1], "car_279": [3, 0], "car_278": [14, 4], "car_1947": [11, 5], "car_1946": [13, 1], "car_1945": [6, 5], "car_1944": [14, 5], "car_273": [10, 5], "car_272": [0, 7], "car_271": [12, 5], "car_270": [8, 2], "car_277": [0, 4], "car_276": [8, 6], "car_275": [9, 3], "car_274": [2, 1], "car_1925": [5, 0], "car_1549": [13, 7], "car_1548": [9, 4], "car_1547": [6, 5], "car_1546": [2, 3], "car_1545": [14, 1], "car_1544": [15, 7], "car_1543": [0, 6], "car_1542": [8, 0], "car_1541": [7, 2], "car_1540": [13, 2], "car_1389": [14, 3], "car_1388": [10, 1], "car_1385": [4, 0], "car_1384": [0, 6], "car_1387": [1, 3], "car_1386": [15, 6], "car_1381": [3, 0], "car_1380": [9, 3], "car_1383": [12, 3], "car_1382": [7, 5], "car_307": [6, 7], "car_306": [15, 0], "car_305": [4, 1], "car_304": [7, 1], "car_303": [9, 2], "car_302": [6, 5], "car_301": [2, 6], "car_300": [14, 1], "car_804": [10, 5], "car_309": [3, 0], "car_308": [9, 3], "car_909": [13, 7], "car_908": [6, 4], "car_905": [9, 0], "car_904": [6, 4], "car_907": [12, 1], "car_906": [14, 7], "car_901": [15, 1], "car_900": [8, 6], "car_903": [10, 2], "car_902": [5, 3], "car_1161": [4, 7], "car_1160": [0, 1], "car_1163": [13, 6], "car_1162": [9, 7], "car_1165": [8, 2], "car_1164": [3, 7], "car_1167": [4, 3], "car_1166": [12, 4], "car_1169": [10, 1], "car_1168": [15, 2], "car_2432": [9, 5], "car_2433": [12, 7], "car_2430": [15, 4], "car_2322": [12, 2], "car_2431": [10, 5], "car_2838": [14, 2], "car_2839": [9, 3], "car_2836": [0, 7], "car_2436": [8, 0], "car_2834": [7, 3], "car_2835": [12, 7], "car_2832": [13, 2], "car_2833": [3, 0], "car_2830": [6, 4], "car_2437": [11, 3], "car_2010": [2, 3], "car_2011": [13, 7], "car_2012": [3, 1], "car_2013": [7, 0], "car_2014": [12, 4], "car_2015": [11, 7], "car_2016": [3, 7], "car_2017": [8, 2], "car_2018": [11, 4], "car_2019": [10, 3], "car_2435": [3, 1], "car_87": [5, 4], "car_86": [8, 1], "car_85": [13, 5], "car_84": [2, 7], "car_83": [15, 6], "car_82": [4, 3], "car_81": [0, 6], "car_80": [7, 5], "car_2001": [1, 5], "car_89": [10, 1], "car_88": [2, 5], "car_2000": [11, 4], "car_2498": [6, 7], "car_2499": [13, 4], "car_2494": [12, 5], "car_2495": [0, 4], "car_2496": [11, 5], "car_2497": [15, 3], "car_2490": [1, 4], "car_2491": [10, 5], "car_2492": [9, 7], "car_2493": [3, 7], "car_875": [3, 2], "car_874": [6, 7], "car_877": [12, 6], "car_876": [8, 0], "car_871": [8, 7], "car_870": [7, 5], "car_873": [1, 2], "car_872": [0, 4], "car_1694": [7, 5], "car_879": [6, 1], "car_878": [2, 6], "car_1752": [11, 3], "car_1753": [15, 3], "car_1699": [14, 3], "car_2124": [11, 3], "car_2125": [15, 6], "car_1619": [3, 0], "car_1618": [13, 2], "car_2120": [12, 3], "car_2121": [15, 2], "car_2122": [2, 5], "car_2123": [0, 5], "car_1613": [14, 3], "car_1612": [15, 2], "car_1611": [9, 3], "car_1610": [14, 1], "car_1617": [15, 6], "car_1616": [11, 7], "car_1615": [3, 5], "car_1614": [6, 7], "car_1754": [10, 0], "car_1755": [2, 0], "car_2767": [8, 1], "car_2323": [15, 3], "car_471": [8, 3], "car_470": [10, 0], "car_473": [1, 7], "car_472": [15, 1], "car_475": [14, 2], "car_474": [10, 7], "car_477": [15, 5], "car_476": [6, 0], "car_479": [10, 4], "car_478": [5, 7], "car_2232": [5, 0], "car_2233": [9, 6], "car_2234": [7, 0], "car_2235": [11, 6], "car_2236": [4, 3], "car_2237": [1, 2], "car_2769": [0, 2], "car_2765": [13, 0], "car_2038": [12, 5], "car_2709": [13, 2], "car_2762": [1, 2], "car_2039": [11, 0], "car_2763": [14, 7], "car_1819": [6, 4], "car_1818": [0, 1], "car_2386": [7, 5], "car_682": [6, 4], "car_683": [8, 1], "car_680": [7, 4], "car_681": [5, 4], "car_686": [13, 3], "car_687": [7, 4], "car_684": [12, 6], "car_685": [6, 4], "car_688": [4, 1], "car_689": [5, 7], "car_2481": [0, 5], "car_2761": [12, 0], "car_1815": [10, 1], "car_1814": [3, 5], "car_2388": [12, 3], "car_2389": [14, 4], "car_1670": [15, 5], "car_1956": [5, 7], "car_1957": [10, 5], "car_1958": [3, 2], "car_1959": [15, 0], "car_2003": [6, 2], "car_268": [10, 0], "car_269": [2, 7], "car_1974": [4, 2], "car_1975": [15, 1], "car_1972": [14, 2], "car_1973": [13, 6], "car_1970": [1, 4], "car_1971": [5, 7], "car_260": [12, 5], "car_261": [0, 6], "car_262": [5, 0], "car_263": [10, 7], "car_264": [13, 7], "car_265": [8, 4], "car_266": [11, 1], "car_267": [1, 7], "car_1572": [9, 6], "car_1573": [8, 6], "car_1570": [10, 0], "car_1571": [2, 6], "car_1576": [5, 4], "car_1577": [14, 7], "car_1574": [11, 2], "car_1575": [15, 5], "car_1578": [6, 1], "car_1579": [13, 3], "car_1370": [12, 4], "car_1371": [2, 1], "car_1372": [3, 2], "car_1373": [8, 6], "car_1374": [12, 5], "car_1375": [15, 3], "car_1376": [5, 0], "car_1377": [10, 1], "car_1378": [14, 4], "car_1379": [2, 3], "car_2600": [11, 6], "car_314": [0, 4], "car_315": [4, 2], "car_316": [11, 0], "car_317": [2, 6], "car_310": [8, 5], "car_311": [15, 3], "car_312": [2, 1], "car_313": [7, 3], "car_318": [6, 4], "car_319": [3, 6], "car_918": [5, 3], "car_919": [7, 6], "car_2719": [12, 0], "car_2718": [8, 0], "car_912": [0, 5], "car_913": [10, 0], "car_910": [3, 5], "car_911": [12, 3], "car_916": [8, 4], "car_917": [0, 1], "car_914": [6, 3], "car_915": [3, 2], "car_1114": [0, 2], "car_1115": [15, 4], "car_1116": [2, 0], "car_1117": [13, 4], "car_1110": [6, 4], "car_1111": [3, 2], "car_1112": [7, 4], "car_1113": [8, 2], "car_1118": [3, 6], "car_1119": [0, 5], "car_1284": [14, 0], "car_1285": [9, 3], "car_1286": [12, 0], "car_1287": [4, 5], "car_1280": [14, 6], "car_1281": [3, 4], "car_1282": [4, 5], "car_1283": [10, 2], "car_2130": [15, 6], "car_1288": [10, 4], "car_1289": [14, 7], "car_2821": [0, 2], "car_2820": [12, 2], "car_1744": [14, 7], "car_2822": [11, 6], "car_2825": [9, 7], "car_2824": [10, 3], "car_2827": [15, 5], "car_2826": [12, 1], "car_2829": [2, 6], "car_2828": [5, 7], "car_1028": [2, 0], "car_1029": [13, 2], "car_1758": [15, 6], "car_1759": [5, 6], "car_2007": [13, 7], "car_2006": [15, 4], "car_2005": [11, 6], "car_2004": [3, 4], "car_1020": [6, 0], "car_1021": [9, 2], "car_1022": [13, 1], "car_1023": [12, 1], "car_1024": [4, 2], "car_1025": [11, 1], "car_1026": [15, 6], "car_1027": [10, 1], "car_1598": [8, 4], "car_1599": [4, 6], "car_1590": [10, 3], "car_1591": [2, 5], "car_1592": [6, 5], "car_1593": [13, 3], "car_1594": [12, 1], "car_1595": [0, 2], "car_1596": [6, 2], "car_1597": [7, 0], "car_2489": [0, 3], "car_2488": [3, 4], "car_2487": [6, 5], "car_2486": [5, 7], "car_2485": [3, 7], "car_2484": [9, 0], "car_2483": [1, 3], "car_2482": [4, 6], "car_1746": [4, 5], "car_2480": [12, 1], "car_862": [13, 3], "car_863": [12, 3], "car_860": [10, 4], "car_861": [9, 6], "car_866": [4, 7], "car_867": [15, 7], "car_864": [10, 0], "car_865": [2, 6], "car_868": [1, 4], "car_869": [14, 0], "car_1741": [12, 0], "car_2137": [11, 5], "car_2136": [0, 4], "car_2135": [3, 1], "car_2134": [8, 3], "car_2133": [13, 0], "car_2132": [9, 6], "car_1628": [0, 6], "car_1629": [11, 5], "car_1626": [3, 0], "car_1627": [8, 4], "car_1624": [2, 5], "car_1625": [9, 5], "car_1622": [4, 3], "car_1623": [14, 5], "car_1620": [8, 0], "car_1621": [0, 3], "car_1740": [3, 7]}