{"car_2009": [11, 6], "car_2229": [14, 6], "car_2228": [1, 4], "car_468": [12, 6], "car_469": [0, 3], "car_466": [9, 3], "car_467": [13, 4], "car_464": [0, 7], "car_465": [1, 5], "car_462": [6, 5], "car_463": [3, 5], "car_460": [14, 7], "car_461": [2, 1], "car_2455": [8, 6], "car_2751": [6, 3], "car_817": [12, 5], "car_816": [8, 0], "car_815": [7, 6], "car_2750": [2, 5], "car_814": [14, 2], "car_813": [10, 6], "car_812": [5, 1], "car_2072": [14, 5], "car_811": [1, 2], "car_2073": [6, 2], "car_810": [4, 6], "car_679": [11, 5], "car_678": [4, 7], "car_677": [12, 3], "car_676": [7, 4], "car_675": [3, 4], "car_674": [0, 2], "car_673": [12, 6], "car_672": [7, 0], "car_671": [13, 3], "car_670": [6, 3], "car_2771": [7, 4], "car_2770": [9, 7], "car_2078": [0, 2], "car_2079": [4, 2], "car_2456": [12, 5], "car_2341": [6, 1], "car_2670": [10, 5], "car_2671": [7, 6], "car_2754": [4, 7], "car_2672": [8, 2], "car_2223": [5, 1], "car_789": [11, 1], "car_788": [8, 0], "car_2222": [1, 5], "car_783": [1, 6], "car_782": [12, 7], "car_781": [7, 0], "car_780": [10, 2], "car_787": [3, 4], "car_786": [2, 0], "car_785": [10, 3], "car_784": [5, 7], "car_2220": [7, 2], "car_0": [4, 1], "car_2227": [15, 2], "car_1179": [4, 5], "car_2375": [12, 0], "car_2226": [4, 7], "car_2225": [3, 4], "car_2224": [13, 4], "car_255": [9, 4], "car_254": [14, 2], "car_257": [8, 0], "car_256": [7, 6], "car_251": [0, 4], "car_250": [8, 3], "car_253": [1, 2], "car_252": [11, 7], "car_1961": [9, 1], "car_1960": [6, 1], "car_1963": [0, 1], "car_1962": [7, 1], "car_259": [0, 1], "car_258": [12, 6], "car_1967": [4, 6], "car_1966": [12, 3], "car_1170": [9, 1], "car_1171": [12, 6], "car_1565": [1, 6], "car_1564": [9, 6], "car_1567": [14, 1], "car_1566": [5, 6], "car_1561": [7, 3], "car_1560": [3, 4], "car_1563": [7, 2], "car_1562": [10, 2], "car_1569": [12, 6], "car_1568": [3, 2], "car_1413": [4, 5], "car_1363": [2, 5], "car_1362": [14, 1], "car_1361": [15, 5], "car_1360": [11, 7], "car_1367": [2, 4], "car_1366": [5, 1], "car_1365": [13, 3], "car_1364": [9, 5], "car_1369": [9, 2], "car_1368": [6, 3], "car_2758": [7, 0], "car_2376": [4, 3], "car_321": [14, 4], "car_320": [1, 2], "car_323": [6, 0], "car_322": [2, 7], "car_325": [13, 4], "car_324": [9, 1], "car_327": [1, 5], "car_326": [11, 0], "car_329": [6, 1], "car_328": [2, 5], "car_2722": [13, 2], "car_2723": [15, 2], "car_2720": [14, 3], "car_2721": [9, 1], "car_2726": [9, 0], "car_2727": [13, 3], "car_2724": [14, 6], "car_2725": [6, 7], "car_2728": [12, 0], "car_2729": [1, 6], "car_1107": [2, 5], "car_1106": [10, 3], "car_1105": [5, 4], "car_1104": [0, 3], "car_1103": [12, 5], "car_1102": [8, 1], "car_1101": [3, 2], "car_1100": [13, 1], "car_1109": [13, 0], "car_1108": [6, 1], "car_1297": [5, 1], "car_1296": [11, 0], "car_1295": [4, 0], "car_1294": [12, 4], "car_1293": [8, 0], "car_1292": [7, 5], "car_1291": [3, 5], "car_1290": [1, 7], "car_1299": [2, 6], "car_1298": [10, 5], "car_2586": [13, 1], "car_2587": [11, 5], "car_2584": [6, 4], "car_2585": [9, 3], "car_2582": [1, 4], "car_2583": [10, 2], "car_2580": [9, 7], "car_2581": [12, 7], "car_2858": [13, 0], "car_2859": [8, 0], "car_2588": [1, 3], "car_2589": [5, 6], "car_2036": [5, 3], "car_2037": [10, 6], "car_1039": [6, 2], "car_1038": [15, 5], "car_1749": [0, 1], "car_1748": [12, 3], "car_2030": [8, 4], "car_2031": [1, 2], "car_1033": [10, 2], "car_1032": [15, 7], "car_1031": [8, 3], "car_1030": [7, 1], "car_1037": [4, 2], "car_1036": [8, 6], "car_1035": [7, 6], "car_1034": [13, 6], "car_1589": [4, 1], "car_1588": [8, 2], "car_1583": [5, 6], "car_1582": [4, 5], "car_1581": [7, 5], "car_1580": [15, 1], "car_1587": [7, 6], "car_1586": [2, 6], "car_1585": [14, 0], "car_1584": [10, 4], "car_1852": [10, 5], "car_1906": [13, 2], "car_899": [3, 5], "car_898": [4, 5], "car_897": [7, 0], "car_896": [13, 0], "car_895": [9, 0], "car_894": [2, 3], "car_893": [10, 2], "car_892": [11, 3], "car_891": [4, 7], "car_890": [0, 2], "car_2458": [6, 1], "car_2459": [12, 2], "car_2108": [0, 7], "car_2109": [1, 6], "car_2102": [11, 4], "car_2103": [5, 7], "car_2100": [9, 4], "car_2101": [0, 5], "car_2106": [8, 4], "car_2107": [12, 5], "car_2104": [2, 5], "car_2105": [3, 7], "car_1631": [7, 3], "car_1630": [2, 0], "car_1633": [12, 1], "car_1632": [11, 6], "car_1635": [4, 2], "car_1634": [0, 4], "car_1637": [5, 7], "car_1636": [1, 2], "car_1639": [14, 0], "car_1638": [10, 5], "car_1751": [14, 6], "car_2803": [7, 3], "car_2802": [3, 1], "car_2801": [13, 6], "car_2800": [14, 6], "car_2807": [1, 7], "car_1756": [10, 3], "car_2806": [11, 0], "car_2805": [4, 0], "car_2816": [10, 2], "car_2804": [0, 7], "car_2414": [4, 0], "car_419": [3, 1], "car_418": [15, 5], "car_2218": [13, 0], "car_2219": [3, 6], "car_413": [14, 1], "car_412": [11, 0], "car_411": [2, 1], "car_410": [11, 2], "car_417": [11, 3], "car_416": [8, 2], "car_415": [6, 3], "car_414": [2, 0], "car_2417": [9, 5], "car_1679": [0, 7], "car_1678": [7, 4], "car_2412": [15, 1], "car_2413": [12, 1], "car_527": [10, 3], "car_526": [5, 6], "car_525": [14, 0], "car_524": [1, 3], "car_523": [2, 3], "car_522": [5, 1], "car_521": [12, 7], "car_520": [8, 5], "car_1671": [11, 5], "car_1889": [10, 3], "car_529": [13, 5], "car_528": [14, 7], "car_1884": [9, 5], "car_1885": [3, 7], "car_2368": [3, 7], "car_2786": [14, 1], "car_2787": [13, 0], "car_668": [14, 5], "car_669": [2, 1], "car_664": [5, 1], "car_665": [8, 0], "car_666": [4, 1], "car_667": [1, 2], "car_660": [2, 5], "car_661": [9, 0], "car_662": [13, 7], "car_663": [8, 7], "car_2759": [8, 7], "car_1854": [7, 1], "car_2788": [3, 6], "car_2789": [12, 7], "car_798": [10, 7], "car_799": [6, 7], "car_790": [10, 0], "car_791": [2, 7], "car_792": [13, 3], "car_793": [11, 5], "car_794": [15, 4], "car_795": [14, 7], "car_796": [8, 6], "car_797": [11, 6], "car_242": [0, 4], "car_243": [5, 1], "car_240": [8, 0], "car_241": [12, 2], "car_246": [10, 5], "car_247": [2, 5], "car_244": [13, 0], "car_245": [0, 3], "car_1914": [13, 0], "car_1915": [3, 0], "car_248": [13, 2], "car_249": [7, 2], "car_1910": [2, 5], "car_1911": [6, 5], "car_1912": [0, 6], "car_1913": [5, 3], "car_1356": [3, 2], "car_1357": [15, 5], "car_1354": [6, 4], "car_1355": [13, 1], "car_1352": [0, 5], "car_1353": [15, 0], "car_1350": [9, 1], "car_1351": [8, 0], "car_1358": [1, 4], "car_1359": [10, 6], "car_1831": [6, 0], "car_1820": [12, 5], "car_1821": [0, 4], "car_1822": [15, 4], "car_1823": [5, 3], "car_1824": [2, 7], "car_1825": [9, 3], "car_338": [8, 3], "car_339": [12, 5], "car_336": [9, 4], "car_337": [13, 2], "car_334": [10, 2], "car_335": [6, 5], "car_332": [8, 1], "car_333": [0, 5], "car_330": [9, 0], "car_331": [7, 0], "car_2735": [6, 4], "car_2734": [10, 1], "car_1138": [9, 4], "car_1139": [3, 7], "car_2731": [13, 7], "car_2730": [2, 7], "car_2733": [5, 1], "car_2732": [4, 6], "car_1132": [10, 1], "car_1133": [2, 7], "car_1130": [4, 5], "car_1131": [11, 4], "car_1136": [10, 6], "car_1137": [14, 1], "car_1134": [12, 5], "car_1135": [15, 1], "car_1839": [5, 6], "car_2393": [3, 2], "car_1838": [15, 5], "car_2392": [10, 3], "car_2029": [3, 0], "car_2028": [13, 2], "car_2845": [0, 6], "car_2844": [12, 3], "car_2843": [7, 3], "car_2842": [5, 0], "car_2841": [15, 5], "car_2840": [12, 2], "car_2021": [1, 0], "car_2020": [0, 5], "car_2023": [13, 0], "car_2022": [2, 4], "car_2025": [12, 7], "car_2024": [7, 3], "car_2027": [10, 2], "car_2026": [15, 2], "car_2520": [10, 5], "car_1008": [15, 6], "car_1009": [5, 6], "car_1006": [0, 6], "car_1007": [11, 2], "car_1004": [10, 1], "car_1005": [8, 3], "car_1002": [4, 0], "car_1003": [15, 2], "car_1000": [7, 0], "car_1001": [8, 4], "car_2398": [11, 0], "car_2629": [6, 0], "car_2524": [1, 6], "car_2628": [10, 6], "car_2525": [9, 4], "car_2674": [14, 6], "car_1924": [6, 0], "car_2527": [7, 1], "car_36": [6, 1], "car_37": [13, 6], "car_34": [5, 7], "car_35": [10, 4], "car_888": [2, 5], "car_889": [8, 3], "car_30": [9, 3], "car_31": [8, 4], "car_884": [8, 4], "car_885": [11, 1], "car_886": [5, 1], "car_887": [14, 6], "car_880": [15, 7], "car_881": [2, 1], "car_882": [3, 7], "car_883": [7, 6], "car_2449": [8, 2], "car_2448": [7, 2], "car_2119": [1, 5], "car_2118": [11, 7], "car_2115": [8, 1], "car_2114": [5, 2], "car_2117": [4, 2], "car_2116": [0, 5], "car_2111": [9, 4], "car_2110": [6, 2], "car_2113": [7, 3], "car_2112": [3, 0], "car_1644": [4, 6], "car_1645": [15, 4], "car_1646": [14, 3], "car_1647": [2, 5], "car_1640": [13, 7], "car_1641": [3, 6], "car_1642": [12, 4], "car_1643": [0, 3], "car_1648": [9, 0], "car_1649": [4, 5], "car_2599": [9, 4], "car_2159": [6, 2], "car_2158": [14, 5], "car_2591": [0, 5], "car_2590": [10, 2], "car_2593": [7, 4], "car_2592": [15, 6], "car_2595": [0, 3], "car_2594": [12, 0], "car_2597": [10, 7], "car_2596": [15, 7], "car_2677": [0, 6], "car_2608": [12, 4], "car_408": [13, 2], "car_409": [7, 5], "car_2203": [2, 7], "car_2202": [10, 2], "car_2205": [15, 0], "car_2204": [13, 7], "car_2207": [5, 4], "car_2206": [1, 6], "car_400": [15, 7], "car_401": [1, 6], "car_402": [14, 3], "car_403": [9, 3], "car_404": [3, 0], "car_405": [7, 4], "car_406": [11, 5], "car_407": [6, 2], "car_1769": [13, 6], "car_534": [13, 1], "car_535": [12, 4], "car_536": [11, 1], "car_537": [5, 6], "car_530": [3, 4], "car_531": [11, 0], "car_532": [1, 2], "car_533": [10, 4], "car_538": [2, 5], "car_539": [9, 3], "car_2310": [11, 3], "car_659": [10, 0], "car_658": [5, 0], "car_651": [8, 3], "car_650": [9, 5], "car_653": [10, 2], "car_652": [0, 1], "car_655": [7, 6], "car_654": [3, 0], "car_657": [1, 6], "car_656": [12, 4], "car_2434": [12, 6], "car_1929": [10, 6], "car_2195": [7, 2], "car_2194": [3, 7], "car_1764": [0, 7], "car_2197": [10, 1], "car_2196": [4, 7], "car_2191": [1, 5], "car_1928": [15, 5], "car_2190": [15, 6], "car_2193": [13, 7], "car_1909": [5, 7], "car_1908": [11, 4], "car_1907": [4, 6], "car_1763": [7, 6], "car_1905": [5, 0], "car_1904": [1, 6], "car_1903": [15, 1], "car_1902": [11, 6], "car_1901": [12, 7], "car_1900": [3, 6], "car_1349": [14, 3], "car_1348": [1, 7], "car_1762": [6, 1], "car_1341": [1, 2], "car_1340": [15, 7], "car_1343": [14, 0], "car_1342": [10, 1], "car_1345": [3, 2], "car_1344": [9, 6], "car_1347": [12, 7], "car_1346": [4, 7], "car_2753": [3, 5], "car_2752": [13, 6], "car_2698": [7, 0], "car_1833": [12, 6], "car_1832": [7, 5], "car_349": [3, 5], "car_348": [5, 2], "car_1837": [4, 6], "car_1836": [13, 2], "car_1835": [6, 3], "car_1834": [15, 1], "car_343": [6, 5], "car_342": [2, 3], "car_341": [15, 0], "car_340": [4, 5], "car_347": [1, 2], "car_346": [12, 0], "car_345": [3, 7], "car_344": [13, 3], "car_2325": [8, 3], "car_1129": [7, 6], "car_1128": [13, 3], "car_1125": [15, 3], "car_1124": [0, 7], "car_1127": [15, 5], "car_1126": [4, 0], "car_1121": [1, 0], "car_1120": [4, 1], "car_1123": [9, 4], "car_1122": [2, 1], "car_1402": [4, 7], "car_2320": [4, 2], "car_1403": [6, 1], "car_2321": [1, 3], "car_1400": [12, 2], "car_1401": [0, 6], "car_1406": [8, 7], "car_1407": [11, 5], "car_1404": [9, 7], "car_1405": [3, 2], "car_2058": [1, 6], "car_2059": [8, 5], "car_2054": [2, 3], "car_2055": [6, 7], "car_2056": [8, 7], "car_2057": [4, 1], "car_2050": [11, 7], "car_2051": [9, 3], "car_2052": [5, 6], "car_2053": [10, 5], "car_1011": [13, 5], "car_1010": [10, 7], "car_1013": [4, 7], "car_1012": [7, 1], "car_1015": [10, 5], "car_1014": [1, 3], "car_1017": [6, 7], "car_1016": [14, 3], "car_1019": [8, 3], "car_1018": [3, 2], "car_2690": [7, 6], "car_2691": [11, 2], "car_2696": [6, 3], "car_2697": [3, 7], "car_2694": [7, 0], "car_2695": [2, 4], "car_2790": [0, 5], "car_25": [11, 0], "car_24": [0, 2], "car_27": [5, 7], "car_26": [15, 6], "car_21": [5, 0], "car_20": [11, 5], "car_23": [12, 2], "car_22": [9, 6], "car_29": [2, 1], "car_28": [14, 3], "car_2478": [6, 4], "car_2479": [13, 1], "car_2476": [15, 1], "car_2477": [5, 4], "car_2474": [0, 3], "car_2475": [4, 5], "car_2472": [3, 1], "car_2473": [12, 3], "car_2470": [3, 7], "car_2471": [5, 3], "car_1657": [1, 4], "car_1656": [12, 4], "car_1655": [3, 2], "car_1654": [13, 7], "car_1653": [6, 1], "car_1652": [2, 6], "car_1651": [10, 6], "car_1650": [15, 2], "car_1659": [7, 3], "car_1658": [13, 0], "car_2688": [10, 1], "car_1969": [10, 7], "car_2315": [5, 0], "car_1843": [7, 5], "car_435": [13, 6], "car_434": [9, 5], "car_437": [11, 4], "car_436": [3, 6], "car_431": [4, 7], "car_430": [7, 4], "car_433": [5, 4], "car_432": [11, 5], "car_1846": [5, 1], "car_439": [7, 0], "car_438": [3, 7], "car_1847": [13, 1], "car_2274": [6, 4], "car_2275": [9, 7], "car_2276": [8, 0], "car_2277": [12, 0], "car_2270": [5, 1], "car_2271": [6, 2], "car_2272": [8, 7], "car_2273": [10, 6], "car_1845": [0, 7], "car_2278": [0, 2], "car_2279": [4, 7], "car_1848": [0, 6], "car_2289": [13, 2], "car_1968": [5, 7], "car_1849": [11, 1], "car_2288": [1, 6], "car_1965": [14, 4], "car_1964": [5, 1], "car_501": [15, 5], "car_500": [0, 1], "car_503": [14, 4], "car_502": [5, 1], "car_505": [9, 3], "car_504": [2, 7], "car_507": [0, 2], "car_506": [8, 5], "car_509": [7, 2], "car_508": [15, 7], "car_2302": [11, 5], "car_2303": [1, 5], "car_2304": [3, 5], "car_2305": [8, 0], "car_2306": [4, 7], "car_2307": [15, 4], "car_2281": [14, 7], "car_1745": [9, 4], "car_2280": [1, 7], "car_646": [5, 2], "car_647": [10, 3], "car_644": [3, 1], "car_645": [4, 1], "car_642": [2, 5], "car_643": [9, 1], "car_640": [6, 7], "car_641": [14, 3], "car_2314": [15, 6], "car_648": [14, 0], "car_649": [6, 2], "car_2576": [1, 6], "car_2526": [3, 0], "car_1830": [1, 7], "car_2673": [1, 7], "car_2570": [10, 6], "car_2681": [1, 3], "car_2420": [12, 6], "car_2680": [11, 7], "car_2854": [10, 7], "car_2683": [14, 1], "car_1932": [1, 5], "car_1933": [6, 4], "car_1930": [2, 1], "car_1931": [15, 0], "car_1936": [7, 3], "car_1937": [12, 5], "car_1934": [9, 5], "car_1935": [13, 7], "car_1938": [0, 7], "car_1939": [4, 0], "car_2682": [5, 4], "car_1717": [1, 2], "car_1338": [3, 2], "car_1339": [12, 5], "car_1334": [8, 0], "car_1335": [12, 1], "car_1336": [2, 3], "car_1337": [9, 6], "car_1330": [6, 3], "car_1331": [13, 2], "car_1332": [3, 4], "car_1333": [7, 3], "car_1711": [4, 5], "car_358": [1, 2], "car_359": [13, 3], "car_1804": [7, 1], "car_1805": [0, 4], "car_1802": [6, 2], "car_1803": [9, 6], "car_1800": [1, 5], "car_1801": [2, 0], "car_350": [8, 6], "car_351": [0, 1], "car_352": [10, 6], "car_353": [14, 7], "car_354": [6, 7], "car_355": [7, 4], "car_356": [12, 0], "car_357": [15, 7], "car_1482": [6, 0], "car_1483": [13, 3], "car_1480": [1, 3], "car_1481": [10, 0], "car_1486": [4, 3], "car_1487": [11, 7], "car_1484": [3, 5], "car_1485": [8, 7], "car_1488": [15, 5], "car_1489": [14, 0], "car_1240": [10, 1], "car_1241": [3, 6], "car_1242": [11, 6], "car_1243": [15, 5], "car_1244": [5, 3], "car_1245": [6, 5], "car_1246": [13, 3], "car_1247": [7, 6], "car_1248": [15, 1], "car_1249": [14, 1], "car_1747": [8, 3], "car_2374": [6, 2], "car_1879": [12, 1], "car_2049": [3, 6], "car_2048": [9, 5], "car_2047": [5, 0], "car_2046": [15, 0], "car_2045": [4, 3], "car_2044": [3, 6], "car_2043": [14, 4], "car_2042": [1, 6], "car_2041": [7, 6], "car_2040": [9, 1], "car_1064": [6, 0], "car_1065": [3, 1], "car_1066": [8, 3], "car_1067": [4, 0], "car_1060": [1, 4], "car_1061": [10, 5], "car_1062": [12, 5], "car_1063": [5, 6], "car_2685": [9, 0], "car_2684": [2, 1], "car_2687": [4, 7], "car_2686": [8, 5], "car_1068": [15, 0], "car_1069": [10, 3], "car_1798": [4, 1], "car_1799": [11, 6], "car_10": [3, 1], "car_11": [7, 2], "car_12": [15, 1], "car_13": [10, 6], "car_14": [14, 0], "car_15": [2, 1], "car_16": [9, 0], "car_17": [7, 6], "car_18": [12, 1], "car_19": [0, 2], "car_2461": [1, 4], "car_2460": [0, 1], "car_1668": [2, 0], "car_1669": [9, 2], "car_2465": [3, 6], "car_2464": [6, 7], "car_2467": [1, 2], "car_2466": [15, 3], "car_1662": [13, 3], "car_1663": [3, 1], "car_1660": [15, 7], "car_1661": [10, 5], "car_1666": [0, 4], "car_1667": [4, 3], "car_1664": [10, 0], "car_1665": [14, 6], "car_1468": [15, 3], "car_1469": [5, 6], "car_1460": [0, 2], "car_1461": [15, 7], "car_1462": [10, 6], "car_1463": [13, 2], "car_1464": [3, 7], "car_1465": [7, 3], "car_1466": [8, 4], "car_1467": [0, 5], "car_2699": [4, 1], "car_2860": [12, 5], "car_2648": [4, 6], "car_422": [4, 6], "car_423": [15, 0], "car_420": [7, 4], "car_421": [8, 1], "car_426": [6, 1], "car_427": [8, 3], "car_424": [1, 5], "car_425": [10, 3], "car_428": [11, 5], "car_429": [6, 2], "car_2377": [3, 5], "car_2267": [12, 4], "car_2266": [3, 4], "car_2265": [6, 3], "car_2264": [0, 5], "car_2263": [7, 2], "car_2262": [2, 7], "car_2261": [14, 2], "car_2260": [1, 0], "car_2371": [6, 5], "car_2269": [1, 3], "car_2268": [15, 4], "car_2373": [12, 0], "car_2372": [7, 5], "car_2008": [6, 5], "car_2370": [11, 4], "car_2319": [0, 2], "car_2318": [8, 2], "car_518": [9, 7], "car_519": [3, 2], "car_516": [5, 0], "car_517": [6, 4], "car_514": [11, 0], "car_515": [1, 7], "car_512": [4, 0], "car_513": [6, 3], "car_510": [4, 5], "car_511": [9, 5], "car_1870": [13, 7], "car_2692": [14, 7], "car_2444": [0, 6], "car_633": [11, 6], "car_632": [0, 6], "car_631": [3, 7], "car_630": [9, 2], "car_637": [0, 2], "car_636": [13, 1], "car_635": [1, 7], "car_634": [15, 2], "car_2675": [2, 6], "car_639": [11, 4], "car_638": [4, 7], "car_2693": [3, 0], "car_189": [2, 0], "car_188": [14, 5], "car_185": [15, 0], "car_184": [4, 7], "car_187": [5, 7], "car_186": [1, 3], "car_181": [5, 2], "car_180": [1, 6], "car_183": [9, 3], "car_182": [10, 6], "car_749": [0, 6], "car_748": [3, 0], "car_747": [11, 3], "car_746": [7, 4], "car_745": [3, 4], "car_744": [10, 4], "car_743": [5, 0], "car_742": [1, 0], "car_741": [7, 0], "car_740": [9, 0], "car_2131": [9, 6], "car_2618": [9, 6], "car_299": [5, 1], "car_298": [15, 0], "car_1927": [11, 1], "car_1926": [14, 1], "car_1921": [1, 4], "car_1920": [7, 6], "car_1923": [10, 2], "car_1922": [5, 7], "car_291": [4, 6], "car_290": [7, 1], "car_293": [5, 6], "car_292": [11, 6], "car_295": [14, 6], "car_294": [10, 1], "car_297": [4, 1], "car_296": [9, 2], "car_1329": [14, 3], "car_1328": [1, 4], "car_1327": [11, 5], "car_1326": [0, 2], "car_1325": [3, 0], "car_1324": [6, 4], "car_1323": [14, 0], "car_1322": [4, 1], "car_1321": [6, 7], "car_1320": [5, 7], "car_365": [5, 6], "car_364": [0, 7], "car_367": [6, 0], "car_366": [14, 2], "car_361": [0, 1], "car_360": [7, 1], "car_363": [3, 2], "car_362": [14, 4], "car_1811": [4, 3], "car_1810": [0, 6], "car_1813": [6, 4], "car_1812": [10, 3], "car_369": [0, 2], "car_368": [13, 7], "car_1817": [14, 3], "car_1816": [11, 7], "car_167": [14, 4], "car_166": [1, 2], "car_165": [8, 1], "car_164": [13, 3], "car_163": [6, 3], "car_162": [1, 4], "car_161": [4, 5], "car_160": [0, 6], "car_169": [9, 5], "car_168": [2, 1], "car_1495": [10, 5], "car_1494": [12, 4], "car_1497": [7, 2], "car_1496": [9, 7], "car_1491": [6, 7], "car_1490": [2, 0], "car_1493": [8, 3], "car_1492": [3, 2], "car_1499": [11, 3], "car_1498": [8, 5], "car_1253": [10, 7], "car_1252": [15, 7], "car_1251": [4, 5], "car_1250": [6, 7], "car_1257": [14, 2], "car_1256": [15, 3], "car_1255": [3, 6], "car_1254": [6, 0], "car_2850": [0, 6], "car_1259": [13, 7], "car_1258": [9, 5], "car_2851": [11, 0], "car_1868": [5, 4], "car_2852": [15, 7], "car_2853": [1, 4], "car_1789": [2, 5], "car_1788": [14, 2], "car_2070": [0, 5], "car_2071": [11, 2], "car_2076": [8, 1], "car_2077": [15, 6], "car_2074": [3, 7], "car_2075": [7, 0], "car_1781": [2, 4], "car_1780": [15, 2], "car_1783": [13, 2], "car_1782": [9, 0], "car_1785": [4, 5], "car_1784": [7, 4], "car_1787": [10, 0], "car_1786": [11, 2], "car_1077": [14, 3], "car_1076": [0, 2], "car_1075": [13, 2], "car_1074": [9, 2], "car_1073": [6, 1], "car_1072": [7, 3], "car_1071": [3, 2], "car_1070": [9, 4], "car_2678": [11, 3], "car_2679": [4, 6], "car_1079": [3, 0], "car_1078": [6, 7], "car_2139": [0, 7], "car_2034": [13, 0], "car_2300": [6, 4], "car_2035": [0, 4], "car_2301": [12, 6], "car_2032": [10, 6], "car_2033": [9, 4], "car_2138": [3, 5], "car_985": [0, 1], "car_984": [12, 2], "car_987": [14, 1], "car_986": [5, 0], "car_981": [5, 3], "car_980": [1, 4], "car_983": [13, 4], "car_982": [6, 1], "car_1675": [10, 4], "car_1674": [5, 7], "car_1677": [3, 2], "car_1676": [2, 6], "car_989": [6, 4], "car_988": [2, 7], "car_1673": [1, 7], "car_1672": [4, 5], "car_2784": [4, 2], "car_2785": [10, 0], "car_1479": [15, 2], "car_1478": [7, 5], "car_2780": [0, 2], "car_2781": [5, 7], "car_2782": [13, 3], "car_2783": [8, 3], "car_1473": [3, 1], "car_1472": [9, 0], "car_1471": [11, 5], "car_1470": [14, 2], "car_1477": [6, 1], "car_1476": [14, 0], "car_1475": [10, 3], "car_1474": [7, 2], "car_1743": [1, 0], "car_1742": [15, 3], "car_2528": [8, 1], "car_2529": [12, 3], "car_2258": [7, 1], "car_2259": [15, 0], "car_2689": [3, 6], "car_2252": [15, 3], "car_2253": [6, 0], "car_2250": [7, 6], "car_2251": [0, 2], "car_2256": [10, 2], "car_2257": [6, 7], "car_2254": [3, 4], "car_2255": [12, 7], "car_2098": [2, 0], "car_2099": [6, 3], "car_2090": [12, 3], "car_2091": [10, 7], "car_2092": [6, 0], "car_2093": [7, 1], "car_2094": [0, 6], "car_2095": [11, 4], "car_2096": [15, 0], "car_2097": [1, 7], "car_569": [14, 4], "car_568": [5, 4], "car_2328": [5, 7], "car_2329": [10, 3], "car_563": [2, 1], "car_562": [7, 6], "car_561": [9, 5], "car_560": [14, 5], "car_567": [1, 7], "car_566": [7, 5], "car_565": [3, 6], "car_564": [13, 1], "car_2331": [2, 6], "car_620": [1, 7], "car_621": [10, 7], "car_622": [6, 0], "car_623": [15, 1], "car_624": [1, 6], "car_625": [3, 0], "car_626": [8, 5], "car_627": [1, 6], "car_628": [5, 6], "car_629": [10, 5], "car_1869": [14, 2], "car_1866": [9, 7], "car_1867": [4, 1], "car_198": [4, 5], "car_199": [10, 1], "car_2831": [3, 0], "car_192": [8, 5], "car_193": [11, 3], "car_190": [6, 4], "car_191": [13, 0], "car_196": [7, 6], "car_197": [12, 4], "car_194": [15, 5], "car_195": [13, 7], "car_758": [9, 3], "car_759": [12, 0], "car_754": [11, 5], "car_755": [8, 6], "car_756": [0, 1], "car_757": [6, 3], "car_750": [10, 0], "car_751": [9, 3], "car_752": [3, 7], "car_753": [4, 2], "car_1940": [11, 2], "car_286": [11, 3], "car_287": [5, 4], "car_284": [8, 1], "car_285": [12, 4], "car_282": [10, 5], "car_283": [13, 7], "car_280": [0, 4], "car_281": [5, 3], "car_1949": [1, 3], "car_288": [11, 0], "car_289": [13, 4], "car_1948": [11, 5], "car_2791": [1, 3], "car_1312": [11, 0], "car_1313": [15, 4], "car_1310": [12, 1], "car_1311": [4, 0], "car_1316": [8, 2], "car_1317": [4, 0], "car_1314": [5, 3], "car_1315": [2, 0], "car_1318": [11, 0], "car_1319": [15, 2], "car_2450": [12, 0], "car_2451": [4, 1], "car_2452": [5, 2], "car_372": [12, 0], "car_373": [11, 2], "car_370": [14, 3], "car_371": [9, 0], "car_376": [9, 4], "car_377": [3, 0], "car_374": [15, 5], "car_375": [2, 1], "car_1864": [2, 1], "car_1865": [6, 0], "car_378": [4, 1], "car_379": [11, 2], "car_1860": [3, 6], "car_1861": [8, 6], "car_1862": [15, 6], "car_1863": [1, 5], "car_174": [11, 5], "car_175": [4, 0], "car_176": [10, 4], "car_177": [7, 0], "car_170": [13, 1], "car_171": [3, 1], "car_172": [0, 2], "car_173": [4, 6], "car_2457": [14, 0], "car_178": [12, 6], "car_179": [11, 2], "car_2338": [12, 6], "car_1266": [1, 7], "car_1267": [2, 3], "car_1264": [12, 4], "car_1265": [0, 6], "car_1262": [2, 4], "car_1263": [8, 4], "car_1260": [4, 5], "car_1261": [14, 4], "car_1268": [8, 2], "car_1269": [11, 2], "car_2406": [0, 6], "car_2065": [5, 2], "car_2064": [11, 1], "car_1048": [10, 5], "car_1049": [14, 4], "car_2061": [5, 2], "car_2060": [0, 3], "car_2063": [4, 7], "car_2062": [7, 6], "car_1042": [4, 0], "car_1043": [2, 3], "car_1040": [7, 2], "car_1041": [0, 7], "car_1046": [1, 3], "car_1047": [5, 1], "car_1044": [9, 1], "car_1045": [8, 2], "car_2663": [0, 7], "car_2662": [8, 6], "car_2661": [4, 3], "car_2660": [9, 2], "car_2667": [14, 5], "car_2666": [10, 3], "car_2665": [15, 2], "car_2664": [11, 3], "car_2669": [11, 1], "car_2668": [6, 7], "car_2404": [7, 3], "car_78": [9, 4], "car_79": [13, 3], "car_72": [13, 2], "car_73": [0, 2], "car_70": [1, 2], "car_71": [6, 4], "car_76": [10, 2], "car_77": [6, 3], "car_74": [11, 0], "car_75": [1, 0], "car_992": [3, 7], "car_993": [0, 5], "car_990": [9, 3], "car_991": [13, 4], "car_996": [2, 3], "car_997": [6, 2], "car_994": [11, 6], "car_995": [5, 0], "car_1688": [10, 7], "car_1689": [14, 6], "car_998": [9, 7], "car_999": [3, 0], "car_2409": [15, 7], "car_2408": [12, 1], "car_2797": [12, 7], "car_2796": [13, 0], "car_2795": [2, 7], "car_2794": [14, 3], "car_2793": [10, 7], "car_2792": [5, 3], "car_1448": [4, 5], "car_1449": [11, 1], "car_1446": [12, 5], "car_1447": [0, 7], "car_1444": [1, 6], "car_1445": [6, 3], "car_1442": [0, 4], "car_1443": [11, 4], "car_1440": [8, 3], "car_1441": [12, 3], "car_2798": [0, 5], "car_2401": [14, 6], "car_2539": [14, 3], "car_2538": [5, 0], "car_2249": [3, 1], "car_2248": [6, 4], "car_2245": [15, 4], "car_2244": [7, 2], "car_2247": [2, 7], "car_2246": [5, 7], "car_2241": [4, 0], "car_2240": [3, 7], "car_2243": [9, 2], "car_2242": [11, 3], "car_2089": [7, 1], "car_2088": [13, 0], "car_2083": [14, 3], "car_2082": [5, 2], "car_2081": [1, 6], "car_2080": [15, 5], "car_2087": [9, 5], "car_2086": [4, 7], "car_2085": [8, 4], "car_2084": [9, 0], "car_578": [3, 0], "car_579": [0, 1], "car_2333": [3, 4], "car_2332": [6, 3], "car_2335": [12, 3], "car_2334": [7, 3], "car_2337": [8, 2], "car_553": [13, 6], "car_570": [3, 4], "car_571": [7, 2], "car_572": [4, 5], "car_573": [11, 4], "car_574": [10, 5], "car_806": [2, 3], "car_576": [2, 0], "car_577": [6, 5], "car_807": [13, 5], "car_800": [7, 0], "car_801": [8, 4], "car_802": [11, 0], "car_2192": [6, 0], "car_803": [1, 7], "car_2067": [2, 0], "car_2066": [10, 4], "car_619": [11, 5], "car_618": [12, 4], "car_615": [2, 0], "car_614": [14, 6], "car_617": [3, 1], "car_616": [13, 5], "car_611": [1, 3], "car_610": [11, 3], "car_613": [10, 2], "car_612": [5, 7], "car_2151": [5, 6], "car_2704": [2, 7], "car_2705": [6, 1], "car_2706": [8, 4], "car_2150": [1, 2], "car_2707": [12, 4], "car_2069": [8, 6], "car_2068": [13, 4], "car_2702": [4, 0], "car_2703": [11, 6], "car_769": [12, 5], "car_768": [13, 7], "car_2567": [2, 7], "car_761": [1, 2], "car_760": [0, 2], "car_763": [13, 3], "car_762": [1, 3], "car_765": [1, 4], "car_764": [7, 3], "car_767": [2, 0], "car_766": [5, 3], "car_2216": [2, 1], "car_2217": [6, 7], "car_2330": [14, 7], "car_2214": [12, 4], "car_2215": [14, 3], "car_2212": [5, 1], "car_2213": [8, 4], "car_2210": [7, 4], "car_2211": [12, 4], "car_575": [14, 3], "car_1305": [5, 7], "car_1304": [0, 2], "car_1307": [2, 7], "car_1306": [14, 6], "car_1301": [4, 7], "car_1300": [13, 2], "car_1303": [5, 2], "car_1302": [15, 2], "car_1309": [8, 5], "car_1308": [13, 2], "car_389": [7, 6], "car_388": [14, 7], "car_387": [5, 1], "car_386": [7, 3], "car_385": [3, 7], "car_384": [6, 7], "car_383": [2, 4], "car_382": [10, 3], "car_381": [3, 0], "car_380": [1, 4], "car_141": [10, 1], "car_140": [11, 4], "car_143": [7, 5], "car_142": [9, 7], "car_145": [0, 4], "car_144": [8, 2], "car_147": [8, 7], "car_146": [7, 2], "car_149": [10, 7], "car_148": [5, 7], "car_2407": [4, 0], "car_1279": [4, 1], "car_1278": [13, 6], "car_1271": [14, 5], "car_1270": [1, 2], "car_1273": [9, 4], "car_1272": [2, 0], "car_1275": [12, 3], "car_1274": [8, 0], "car_1277": [14, 0], "car_1276": [5, 0], "car_2326": [11, 0], "car_2847": [15, 6], "car_2327": [1, 4], "car_1059": [12, 1], "car_1058": [3, 5], "car_1055": [5, 4], "car_1054": [11, 5], "car_1057": [13, 4], "car_1056": [6, 7], "car_1051": [6, 1], "car_1050": [2, 4], "car_1053": [0, 5], "car_1052": [3, 7], "car_2656": [4, 7], "car_2657": [1, 3], "car_2654": [8, 0], "car_2655": [12, 3], "car_2652": [10, 2], "car_2653": [6, 5], "car_2650": [14, 0], "car_2651": [8, 3], "car_2415": [11, 6], "car_2658": [14, 6], "car_2659": [2, 7], "car_2416": [5, 0], "car_69": [0, 1], "car_68": [12, 3], "car_2438": [15, 0], "car_2439": [5, 2], "car_61": [7, 2], "car_60": [13, 6], "car_63": [1, 3], "car_62": [11, 3], "car_65": [2, 6], "car_64": [14, 1], "car_67": [8, 5], "car_66": [13, 6], "car_1693": [6, 3], "car_1692": [10, 1], "car_1691": [12, 0], "car_1690": [2, 1], "car_1697": [3, 1], "car_1696": [6, 5], "car_969": [13, 7], "car_968": [6, 0], "car_967": [14, 3], "car_966": [5, 0], "car_965": [1, 3], "car_964": [4, 2], "car_963": [12, 2], "car_962": [8, 1], "car_961": [7, 3], "car_960": [3, 2], "car_1451": [10, 7], "car_1450": [15, 2], "car_1453": [2, 7], "car_1452": [14, 4], "car_1455": [9, 4], "car_1454": [6, 5], "car_1457": [5, 0], "car_1456": [4, 3], "car_1459": [3, 1], "car_1458": [13, 5], "car_2410": [8, 4], "car_2837": [10, 3], "car_2411": [12, 4], "car_2508": [6, 7], "car_2509": [9, 1], "car_2506": [11, 6], "car_2507": [10, 0], "car_2504": [14, 1], "car_2505": [0, 1], "car_2502": [12, 6], "car_2503": [11, 0], "car_2500": [9, 1], "car_2501": [3, 0], "car_2737": [0, 3], "car_1680": [15, 5], "car_1681": [5, 3], "car_1682": [10, 7], "car_1683": [14, 7], "car_1684": [3, 5], "car_2736": [13, 3], "car_1685": [12, 3], "car_1891": [2, 1], "car_1686": [15, 7], "car_1890": [14, 4], "car_1687": [5, 3], "car_1893": [7, 3], "car_545": [8, 2], "car_544": [13, 2], "car_547": [8, 6], "car_546": [2, 4], "car_541": [5, 7], "car_540": [0, 1], "car_543": [9, 4], "car_542": [6, 5], "car_1895": [10, 7], "car_549": [14, 3], "car_548": [11, 3], "car_819": [11, 0], "car_818": [0, 4], "car_2344": [1, 7], "car_2345": [2, 7], "car_2346": [7, 3], "car_2347": [4, 7], "car_2340": [1, 2], "car_1897": [7, 4], "car_2342": [13, 4], "car_2343": [12, 2], "car_2405": [12, 6], "car_1896": [2, 0], "car_2348": [11, 2], "car_2349": [9, 7], "car_33": [0, 2], "car_1767": [8, 6], "car_1766": [7, 6], "car_1765": [10, 3], "car_608": [15, 6], "car_609": [5, 3], "car_602": [12, 6], "car_603": [11, 4], "car_600": [5, 4], "car_601": [13, 2], "car_606": [7, 3], "car_607": [12, 0], "car_604": [15, 6], "car_605": [9, 3], "car_1761": [15, 3], "car_1760": [12, 5], "car_2799": [5, 6], "car_776": [10, 3], "car_777": [8, 7], "car_774": [11, 6], "car_775": [15, 5], "car_772": [3, 0], "car_773": [8, 7], "car_770": [15, 1], "car_771": [10, 1], "car_1768": [11, 3], "car_778": [0, 5], "car_779": [5, 1], "car_2418": [7, 6], "car_1750": [4, 3], "car_2419": [8, 1], "car_1994": [2, 5], "car_1995": [6, 2], "car_1996": [3, 6], "car_1997": [7, 5], "car_1990": [4, 7], "car_1991": [15, 6], "car_1992": [10, 6], "car_1993": [14, 5], "car_1998": [11, 6], "car_1999": [15, 2], "car_2846": [4, 5], "car_1842": [9, 5], "car_1806": [15, 2], "car_1840": [14, 4], "car_1841": [2, 3], "car_398": [4, 6], "car_399": [11, 0], "car_1844": [8, 1], "car_1807": [5, 0], "car_394": [13, 5], "car_395": [7, 0], "car_396": [8, 5], "car_397": [12, 4], "car_390": [12, 2], "car_391": [4, 1], "car_392": [11, 3], "car_393": [10, 2], "car_158": [13, 0], "car_159": [7, 4], "car_156": [6, 0], "car_157": [9, 4], "car_154": [10, 5], "car_155": [2, 7], "car_152": [0, 4], "car_153": [15, 1], "car_150": [6, 4], "car_151": [13, 0], "car_1208": [2, 1], "car_1209": [6, 0], "car_1204": [5, 4], "car_1205": [6, 1], "car_1206": [4, 1], "car_1207": [15, 1], "car_1200": [13, 3], "car_1201": [4, 7], "car_1202": [3, 2], "car_1203": [8, 0], "car_2601": [8, 4], "car_2403": [9, 1], "car_1808": [14, 7], "car_1809": [6, 7], "car_2649": [5, 2], "car_2612": [2, 5], "car_2613": [9, 0], "car_2641": [6, 1], "car_2640": [2, 4], "car_2643": [5, 1], "car_2642": [11, 1], "car_2645": [3, 6], "car_2644": [14, 6], "car_2647": [7, 0], "car_2646": [3, 0], "car_1510": [2, 0], "car_1511": [13, 4], "car_1512": [3, 2], "car_1513": [12, 4], "car_1514": [9, 4], "car_1515": [3, 4], "car_1516": [0, 2], "car_1517": [5, 7], "car_1518": [9, 4], "car_1519": [3, 5], "car_2531": [14, 4], "car_2530": [5, 2], "car_2537": [0, 5], "car_2536": [7, 4], "car_2855": [3, 6], "car_1198": [6, 7], "car_1199": [9, 6], "car_1194": [12, 1], "car_1195": [15, 1], "car_1196": [5, 3], "car_1197": [10, 1], "car_1190": [6, 4], "car_1191": [9, 3], "car_1192": [7, 3], "car_1193": [8, 2], "car_2619": [13, 3], "car_2429": [15, 5], "car_2428": [0, 7], "car_2425": [13, 1], "car_2424": [2, 6], "car_2427": [12, 1], "car_2426": [3, 6], "car_2421": [0, 5], "car_2126": [1, 6], "car_2423": [15, 0], "car_2422": [11, 3], "car_2856": [12, 6], "car_2127": [7, 0], "car_978": [4, 3], "car_979": [11, 3], "car_974": [5, 0], "car_975": [14, 3], "car_976": [6, 2], "car_977": [8, 5], "car_970": [12, 0], "car_971": [0, 6], "car_972": [6, 7], "car_973": [11, 7], "car_1424": [9, 1], "car_1425": [7, 4], "car_1426": [5, 0], "car_1427": [2, 5], "car_1420": [6, 3], "car_1421": [5, 7], "car_1422": [14, 4], "car_1423": [6, 1], "car_2402": [2, 3], "car_1428": [13, 2], "car_1429": [7, 2], "car_2857": [15, 5], "car_2128": [15, 2], "car_2129": [5, 4], "car_2511": [7, 2], "car_2510": [3, 1], "car_2513": [15, 6], "car_2512": [8, 5], "car_2515": [13, 6], "car_2514": [10, 7], "car_2517": [11, 4], "car_2516": [7, 3], "car_2519": [1, 7], "car_2518": [15, 2], "car_1738": [0, 3], "car_1739": [11, 4], "car_1730": [4, 2], "car_1731": [11, 3], "car_1732": [1, 2], "car_1733": [4, 7], "car_1734": [11, 4], "car_1735": [14, 4], "car_1736": [9, 6], "car_1737": [12, 5], "car_54": [12, 4], "car_55": [10, 4], "car_56": [6, 0], "car_57": [0, 2], "car_50": [12, 4], "car_51": [0, 7], "car_52": [11, 1], "car_53": [15, 4], "car_58": [10, 1], "car_59": [9, 4], "car_2609": [11, 1], "car_552": [6, 4], "car_805": [14, 4], "car_550": [6, 4], "car_551": [14, 6], "car_556": [0, 2], "car_557": [4, 0], "car_554": [8, 1], "car_555": [12, 2], "car_558": [11, 3], "car_559": [15, 2], "car_808": [3, 1], "car_809": [8, 7], "car_2357": [2, 5], "car_2356": [14, 7], "car_2355": [7, 5], "car_2354": [13, 1], "car_2353": [9, 2], "car_2352": [14, 7], "car_2351": [5, 7], "car_2350": [7, 1], "car_2359": [13, 6], "car_2358": [9, 1], "car_1757": [14, 7], "car_2339": [11, 5], "car_2469": [2, 7], "car_2468": [5, 2], "car_703": [0, 5], "car_702": [8, 6], "car_701": [4, 1], "car_700": [12, 0], "car_707": [13, 0], "car_706": [9, 5], "car_705": [2, 4], "car_704": [4, 7], "car_709": [12, 5], "car_708": [3, 2], "car_2221": [8, 4], "car_2308": [9, 5], "car_2400": [10, 1], "car_2309": [0, 4], "car_1987": [14, 2], "car_1986": [0, 7], "car_1985": [7, 4], "car_1984": [13, 2], "car_1983": [1, 2], "car_1982": [15, 1], "car_1981": [4, 2], "car_1980": [5, 0], "car_1989": [8, 2], "car_1988": [9, 6], "car_2768": [10, 7], "car_1855": [4, 3], "car_1796": [8, 7], "car_1857": [15, 7], "car_1856": [11, 2], "car_1851": [12, 2], "car_1850": [8, 1], "car_1853": [2, 0], "car_1797": [12, 4], "car_2336": [7, 0], "car_1859": [10, 0], "car_1794": [14, 1], "car_2230": [6, 7], "car_129": [1, 6], "car_128": [4, 7], "car_2231": [3, 2], "car_123": [15, 2], "car_122": [12, 4], "car_121": [7, 6], "car_120": [3, 6], "car_127": [12, 1], "car_126": [7, 1], "car_125": [14, 1], "car_124": [5, 0], "car_1790": [3, 5], "car_1219": [2, 5], "car_1218": [10, 7], "car_1217": [1, 2], "car_1216": [11, 4], "car_1215": [8, 7], "car_1214": [2, 7], "car_1213": [5, 6], "car_1212": [12, 5], "car_1211": [3, 2], "car_1210": [9, 4], "car_1415": [2, 4], "car_1414": [11, 7], "car_1417": [3, 4], "car_1416": [6, 3], "car_1411": [6, 4], "car_1410": [2, 3], "car_237": [10, 3], "car_236": [15, 0], "car_235": [11, 7], "car_234": [7, 0], "car_233": [6, 4], "car_232": [14, 6], "car_231": [15, 6], "car_230": [3, 4], "car_1412": [0, 5], "car_239": [7, 4], "car_238": [14, 4], "car_2638": [8, 3], "car_2639": [5, 3], "car_2634": [5, 0], "car_2635": [14, 1], "car_2636": [13, 6], "car_2637": [3, 6], "car_2630": [9, 4], "car_2631": [13, 1], "car_2632": [0, 1], "car_2633": [11, 6], "car_1503": [3, 4], "car_1502": [2, 3], "car_1501": [14, 0], "car_1500": [1, 2], "car_1507": [11, 6], "car_1506": [4, 6], "car_1505": [8, 2], "car_1504": [7, 1], "car_1509": [14, 5], "car_1508": [5, 0], "car_1189": [5, 1], "car_1188": [15, 5], "car_1187": [11, 0], "car_1186": [3, 6], "car_1185": [14, 6], "car_1184": [5, 3], "car_1183": [4, 7], "car_1182": [14, 4], "car_1181": [1, 3], "car_1180": [11, 3], "car_2182": [7, 1], "car_2183": [8, 5], "car_2180": [1, 4], "car_2181": [10, 2], "car_2186": [13, 2], "car_2187": [12, 4], "car_2184": [11, 3], "car_2185": [9, 2], "car_2188": [4, 1], "car_2189": [11, 1], "car_949": [12, 6], "car_948": [8, 0], "car_2742": [10, 1], "car_2743": [6, 0], "car_2744": [7, 6], "car_2745": [0, 7], "car_2746": [6, 0], "car_2747": [13, 2], "car_941": [0, 4], "car_940": [12, 0], "car_943": [15, 6], "car_942": [4, 0], "car_945": [0, 4], "car_944": [7, 5], "car_947": [11, 0], "car_946": [4, 1], "car_1437": [14, 2], "car_1436": [7, 3], "car_1435": [9, 2], "car_1434": [2, 5], "car_1433": [14, 1], "car_1432": [1, 5], "car_1431": [0, 3], "car_1430": [12, 0], "car_1439": [13, 4], "car_1438": [6, 7], "car_2238": [10, 7], "car_2823": [13, 5], "car_493": [14, 5], "car_492": [15, 6], "car_491": [4, 3], "car_490": [0, 1], "car_497": [3, 1], "car_496": [14, 7], "car_495": [5, 7], "car_494": [1, 7], "car_499": [12, 6], "car_498": [8, 2], "car_2296": [3, 7], "car_2297": [11, 6], "car_2294": [11, 2], "car_2239": [2, 3], "car_2292": [0, 4], "car_2293": [4, 6], "car_2290": [3, 6], "car_2291": [8, 6], "car_1918": [4, 2], "car_2568": [13, 7], "car_2569": [5, 3], "car_2298": [15, 0], "car_1919": [10, 6], "car_1729": [7, 6], "car_1728": [15, 6], "car_1723": [1, 3], "car_1722": [9, 6], "car_1721": [2, 6], "car_1720": [4, 7], "car_1727": [8, 1], "car_1726": [9, 0], "car_1725": [6, 0], "car_1724": [14, 0], "car_43": [13, 5], "car_42": [6, 4], "car_41": [2, 7], "car_40": [10, 1], "car_47": [2, 7], "car_46": [10, 5], "car_45": [1, 4], "car_44": [0, 1], "car_49": [8, 0], "car_48": [13, 1], "car_1916": [7, 6], "car_1917": [0, 3], "car_1858": [1, 0], "car_831": [8, 5], "car_830": [14, 3], "car_833": [1, 7], "car_832": [4, 1], "car_835": [13, 0], "car_834": [2, 7], "car_837": [2, 3], "car_836": [1, 6], "car_839": [4, 1], "car_838": [3, 0], "car_2360": [8, 5], "car_2361": [12, 5], "car_2366": [4, 6], "car_2367": [14, 4], "car_2364": [3, 4], "car_2365": [7, 0], "car_2168": [11, 5], "car_2169": [1, 5], "car_2160": [7, 6], "car_2161": [8, 3], "car_2162": [12, 4], "car_2163": [11, 3], "car_2164": [14, 1], "car_2165": [13, 6], "car_2166": [3, 4], "car_2167": [7, 3], "car_2810": [9, 2], "car_2811": [13, 4], "car_2812": [3, 5], "car_2813": [7, 3], "car_1941": [15, 1], "car_2814": [8, 2], "car_2815": [4, 0], "car_2544": [9, 3], "car_2817": [9, 0], "car_2463": [14, 2], "car_2462": [10, 5], "car_710": [0, 1], "car_711": [15, 6], "car_712": [2, 6], "car_713": [6, 7], "car_714": [8, 5], "car_715": [10, 2], "car_716": [2, 7], "car_717": [6, 3], "car_718": [9, 4], "car_719": [8, 7], "car_1892": [13, 3], "car_1894": [5, 0], "car_138": [9, 4], "car_139": [4, 6], "car_130": [6, 1], "car_131": [13, 5], "car_132": [11, 3], "car_133": [5, 2], "car_134": [9, 4], "car_135": [11, 6], "car_136": [5, 2], "car_137": [14, 6], "car_1222": [13, 5], "car_1223": [3, 7], "car_1220": [8, 6], "car_1221": [15, 7], "car_1226": [4, 7], "car_1227": [5, 7], "car_1224": [12, 0], "car_1225": [0, 2], "car_1886": [12, 4], "car_1887": [11, 3], "car_1228": [14, 5], "car_1229": [8, 2], "car_1882": [10, 0], "car_1883": [2, 6], "car_1880": [1, 5], "car_1881": [10, 5], "car_2621": [15, 2], "car_224": [9, 7], "car_225": [8, 6], "car_226": [4, 5], "car_227": [11, 5], "car_220": [4, 2], "car_221": [11, 7], "car_222": [10, 3], "car_223": [6, 0], "car_228": [2, 7], "car_229": [13, 0], "car_1086": [3, 4], "car_1087": [0, 4], "car_1084": [2, 5], "car_1085": [13, 3], "car_1082": [12, 4], "car_1083": [10, 3], "car_1080": [7, 2], "car_1081": [8, 3], "car_2627": [4, 3], "car_2626": [12, 5], "car_2625": [13, 5], "car_2624": [10, 0], "car_2623": [5, 0], "car_2622": [1, 3], "car_1088": [11, 3], "car_1089": [2, 5], "car_1536": [10, 6], "car_1537": [2, 7], "car_1534": [0, 5], "car_1535": [11, 6], "car_1532": [2, 3], "car_1533": [13, 7], "car_1530": [5, 2], "car_1531": [10, 2], "car_1538": [9, 5], "car_1539": [3, 5], "car_956": [8, 6], "car_957": [10, 1], "car_954": [3, 6], "car_955": [7, 0], "car_952": [5, 3], "car_953": [14, 7], "car_950": [4, 0], "car_951": [11, 6], "car_1827": [7, 1], "car_2199": [13, 3], "car_2198": [6, 7], "car_958": [2, 4], "car_959": [13, 0], "car_1158": [5, 7], "car_1159": [9, 3], "car_1408": [15, 4], "car_1409": [14, 6], "car_2757": [3, 7], "car_2756": [9, 2], "car_2755": [10, 6], "car_1829": [15, 6], "car_1150": [13, 5], "car_1151": [12, 2], "car_1152": [4, 3], "car_1153": [11, 4], "car_1154": [1, 2], "car_1155": [5, 7], "car_1156": [4, 5], "car_1157": [11, 6], "car_2532": [15, 1], "car_2380": [11, 5], "car_2764": [7, 1], "car_2381": [2, 6], "car_2382": [3, 5], "car_2383": [12, 7], "car_1826": [3, 1], "car_480": [2, 3], "car_481": [13, 1], "car_482": [4, 3], "car_483": [9, 5], "car_484": [4, 3], "car_485": [1, 4], "car_486": [5, 4], "car_487": [2, 1], "car_488": [6, 5], "car_489": [12, 1], "car_2283": [0, 4], "car_2282": [13, 6], "car_2285": [10, 3], "car_2284": [5, 1], "car_2287": [4, 5], "car_2286": [14, 2], "car_2577": [14, 5], "car_853": [7, 0], "car_2575": [3, 2], "car_2574": [9, 1], "car_2573": [15, 7], "car_2572": [7, 4], "car_2571": [9, 1], "car_852": [2, 4], "car_851": [14, 4], "car_2579": [6, 2], "car_2578": [2, 7], "car_582": [14, 3], "car_1718": [12, 6], "car_1719": [0, 5], "car_1716": [11, 2], "car_857": [8, 7], "car_1714": [8, 3], "car_1715": [12, 2], "car_1712": [8, 4], "car_1713": [10, 0], "car_1710": [12, 5], "car_856": [7, 6], "car_1828": [12, 2], "car_855": [2, 1], "car_854": [14, 4], "car_2739": [9, 6], "car_2738": [15, 5], "car_2379": [4, 1], "car_2378": [8, 5], "car_828": [15, 3], "car_829": [1, 0], "car_826": [4, 5], "car_827": [11, 0], "car_824": [12, 0], "car_825": [0, 6], "car_822": [6, 4], "car_823": [9, 4], "car_820": [1, 2], "car_821": [10, 1], "car_2179": [15, 2], "car_2178": [7, 6], "car_2173": [12, 4], "car_2172": [9, 1], "car_2171": [2, 3], "car_2170": [14, 7], "car_2177": [9, 7], "car_2176": [6, 0], "car_2175": [2, 6], "car_2174": [8, 4], "car_2535": [13, 7], "car_2534": [9, 2], "car_729": [4, 5], "car_728": [8, 3], "car_725": [11, 6], "car_724": [12, 1], "car_727": [9, 2], "car_726": [2, 4], "car_721": [6, 4], "car_720": [1, 7], "car_723": [8, 5], "car_722": [3, 1], "car_2708": [10, 7], "car_2620": [11, 6], "car_1795": [7, 3], "car_1792": [11, 6], "car_1793": [1, 5], "car_2440": [14, 1], "car_105": [1, 5], "car_104": [7, 5], "car_107": [4, 2], "car_106": [0, 3], "car_101": [5, 1], "car_100": [15, 2], "car_103": [13, 5], "car_102": [9, 1], "car_1888": [5, 6], "car_109": [9, 1], "car_108": [11, 4], "car_1791": [0, 7], "car_1235": [8, 1], "car_1234": [13, 7], "car_1237": [7, 5], "car_1236": [10, 6], "car_1231": [0, 1], "car_1230": [11, 7], "car_1233": [5, 2], "car_1232": [15, 3], "car_1899": [9, 2], "car_1898": [6, 1], "car_1239": [15, 6], "car_1238": [4, 0], "car_211": [14, 3], "car_210": [10, 4], "car_213": [12, 2], "car_212": [6, 1], "car_215": [15, 0], "car_214": [11, 1], "car_217": [2, 3], "car_216": [1, 0], "car_219": [12, 4], "car_218": [6, 7], "car_2676": [9, 0], "car_1529": [0, 5], "car_1528": [7, 0], "car_2610": [5, 0], "car_2611": [14, 2], "car_2616": [4, 5], "car_2617": [5, 6], "car_2614": [12, 3], "car_2615": [0, 7], "car_1521": [6, 1], "car_1520": [2, 6], "car_1523": [6, 4], "car_1522": [14, 6], "car_1525": [12, 7], "car_1524": [13, 4], "car_1527": [2, 7], "car_1526": [1, 4], "car_2849": [2, 3], "car_2700": [6, 5], "car_2848": [14, 4], "car_2740": [7, 4], "car_2741": [8, 5], "car_2313": [0, 4], "car_2701": [12, 5], "car_2312": [7, 5], "car_2311": [1, 2], "car_923": [11, 5], "car_922": [7, 3], "car_921": [13, 5], "car_920": [6, 7], "car_927": [12, 0], "car_926": [13, 1], "car_925": [10, 1], "car_924": [1, 5], "car_2317": [9, 4], "car_929": [15, 7], "car_928": [4, 0], "car_2316": [2, 1], "car_2766": [11, 4], "car_2748": [4, 3], "car_1149": [10, 0], "car_1148": [4, 5], "car_1419": [10, 1], "car_1418": [8, 2], "car_2760": [11, 3], "car_2749": [5, 2], "car_1143": [1, 0], "car_1142": [15, 2], "car_1141": [11, 6], "car_1140": [0, 4], "car_1147": [0, 7], "car_1146": [9, 5], "car_1145": [2, 6], "car_1144": [14, 1], "car_1099": [6, 2], "car_1098": [2, 7], "car_1091": [7, 5], "car_1090": [3, 7], "car_1093": [11, 0], "car_1092": [4, 6], "car_1095": [10, 2], "car_1094": [15, 3], "car_1097": [14, 5], "car_1096": [11, 1], "car_2818": [3, 0], "car_2819": [7, 5], "car_2548": [10, 6], "car_2549": [7, 3], "car_2542": [15, 7], "car_2543": [6, 1], "car_2540": [2, 1], "car_2541": [4, 0], "car_2546": [11, 2], "car_2547": [5, 3], "car_2521": [2, 7], "car_2545": [4, 1], "car_1701": [6, 4], "car_1700": [14, 5], "car_1703": [7, 1], "car_1702": [9, 2], "car_1705": [4, 1], "car_1704": [8, 3], "car_1707": [14, 3], "car_1706": [11, 6], "car_1709": [6, 0], "car_1708": [2, 1], "car_2522": [3, 1], "car_2523": [8, 6], "car_589": [11, 6], "car_588": [4, 5], "car_859": [4, 3], "car_858": [0, 1], "car_2384": [0, 7], "car_2385": [1, 3], "car_1695": [14, 4], "car_2387": [2, 3], "car_581": [10, 0], "car_580": [5, 6], "car_583": [13, 5], "car_850": [5, 2], "car_585": [14, 3], "car_584": [11, 7], "car_587": [7, 0], "car_586": [13, 7], "car_2002": [6, 4], "car_2148": [10, 3], "car_2149": [4, 3], "car_2146": [6, 4], "car_2147": [4, 2], "car_2144": [7, 5], "car_2145": [2, 7], "car_2142": [1, 0], "car_2143": [3, 7], "car_2140": [4, 3], "car_2141": [15, 7], "car_2779": [13, 1], "car_457": [12, 1], "car_456": [14, 0], "car_455": [10, 4], "car_454": [15, 6], "car_453": [12, 2], "car_452": [8, 6], "car_451": [3, 4], "car_450": [13, 7], "car_1878": [8, 1], "car_459": [10, 0], "car_458": [11, 1], "car_1877": [13, 6], "car_1876": [9, 4], "car_2778": [9, 1], "car_1875": [10, 4], "car_1874": [0, 7], "car_1873": [12, 3], "car_1872": [13, 0], "car_738": [15, 1], "car_739": [6, 2], "car_1871": [14, 3], "car_733": [2, 7], "car_732": [14, 7], "car_32": [12, 5], "car_730": [14, 5], "car_731": [6, 7], "car_736": [5, 0], "car_737": [2, 4], "car_734": [9, 2], "car_735": [12, 4], "car_1976": [6, 1], "car_1977": [9, 0], "car_1698": [7, 5], "car_38": [3, 6], "car_39": [15, 7], "car_2564": [0, 4], "car_2565": [15, 7], "car_2566": [1, 2], "car_2295": [13, 1], "car_1978": [12, 2], "car_2560": [12, 1], "car_1979": [4, 0], "car_2561": [10, 0], "car_2562": [13, 7], "car_2563": [12, 1], "car_2443": [12, 1], "car_2442": [8, 1], "car_2441": [6, 5], "car_112": [12, 0], "car_113": [4, 2], "car_110": [13, 7], "car_111": [3, 4], "car_116": [15, 2], "car_117": [1, 6], "car_114": [4, 2], "car_115": [11, 2], "car_2447": [9, 4], "car_118": [10, 3], "car_119": [13, 1], "car_2446": [10, 5], "car_2445": [4, 2], "car_2299": [14, 2], "car_2533": [14, 2], "car_2453": [13, 1], "car_2454": [7, 5], "car_1950": [10, 5], "car_1951": [14, 3], "car_1952": [3, 5], "car_1953": [6, 4], "car_1954": [13, 1], "car_1955": [9, 7], "car_208": [0, 1], "car_209": [1, 0], "car_206": [2, 0], "car_207": [8, 1], "car_204": [11, 1], "car_205": [10, 5], "car_202": [3, 7], "car_203": [12, 5], "car_200": [2, 0], "car_201": [9, 7], "car_2605": [5, 1], "car_2604": [1, 6], "car_2607": [6, 5], "car_2606": [10, 5], "car_1558": [12, 1], "car_1559": [15, 7], "car_2603": [4, 1], "car_2602": [12, 0], "car_1554": [10, 3], "car_1555": [6, 4], "car_1556": [1, 3], "car_1557": [2, 5], "car_1550": [8, 2], "car_1551": [4, 0], "car_1552": [11, 7], "car_1553": [15, 4], "car_1398": [4, 0], "car_1399": [13, 0], "car_1392": [11, 2], "car_1393": [14, 6], "car_1390": [8, 0], "car_1391": [12, 2], "car_1396": [3, 5], "car_1397": [8, 3], "car_1394": [2, 5], "car_1395": [13, 4], "car_2598": [6, 0], "car_930": [5, 2], "car_931": [14, 0], "car_932": [2, 4], "car_933": [6, 2], "car_934": [13, 1], "car_935": [8, 1], "car_936": [4, 5], "car_937": [5, 0], "car_938": [10, 1], "car_939": [3, 7], "car_2773": [15, 0], "car_2772": [12, 2], "car_2775": [4, 5], "car_2774": [12, 0], "car_2777": [1, 7], "car_2776": [6, 2], "car_6": [7, 1], "car_7": [12, 0], "car_4": [2, 4], "car_5": [6, 3], "car_2": [10, 1], "car_3": [14, 7], "car_1178": [0, 7], "car_1": [15, 5], "car_1176": [9, 2], "car_1177": [3, 1], "car_1174": [15, 2], "car_1175": [6, 1], "car_1172": [0, 4], "car_1173": [11, 6], "car_8": [4, 0], "car_9": [15, 6], "car_2809": [6, 5], "car_2808": [10, 1], "car_2559": [7, 1], "car_2558": [14, 4], "car_2555": [3, 4], "car_2554": [2, 3], "car_2557": [15, 6], "car_2556": [0, 1], "car_2551": [15, 3], "car_2550": [0, 3], "car_2553": [14, 3], "car_2552": [10, 5], "car_1774": [11, 1], "car_1775": [6, 1], "car_1776": [12, 5], "car_1777": [0, 3], "car_1770": [3, 7], "car_1771": [8, 7], "car_1772": [13, 5], "car_1773": [0, 1], "car_1778": [4, 3], "car_1779": [11, 2], "car_98": [14, 1], "car_99": [0, 2], "car_90": [2, 6], "car_91": [7, 2], "car_92": [12, 1], "car_93": [4, 3], "car_94": [5, 4], "car_95": [14, 1], "car_96": [3, 5], "car_97": [15, 1], "car_596": [6, 5], "car_597": [7, 4], "car_594": [12, 5], "car_595": [10, 0], "car_592": [9, 1], "car_593": [8, 1], "car_590": [1, 0], "car_591": [2, 5], "car_598": [11, 7], "car_599": [15, 3], "car_848": [8, 3], "car_849": [1, 2], "car_2391": [5, 0], "car_2390": [4, 6], "car_2397": [0, 6], "car_2396": [12, 3], "car_2395": [8, 1], "car_2394": [7, 1], "car_840": [1, 3], "car_841": [14, 0], "car_842": [8, 3], "car_843": [12, 7], "car_844": [10, 5], "car_845": [14, 1], "car_846": [3, 7], "car_847": [7, 5], "car_1608": [0, 1], "car_1609": [4, 7], "car_2153": [13, 2], "car_2152": [6, 3], "car_2155": [4, 2], "car_2154": [12, 1], "car_2157": [10, 2], "car_2156": [11, 3], "car_1600": [5, 6], "car_1601": [6, 7], "car_1602": [9, 4], "car_1603": [13, 3], "car_1604": [3, 0], "car_1605": [11, 3], "car_1606": [14, 7], "car_1607": [2, 1], "car_2369": [7, 5], "car_2362": [0, 3], "car_2363": [1, 4], "car_444": [12, 3], "car_445": [1, 4], "car_446": [14, 2], "car_447": [2, 7], "car_440": [15, 5], "car_441": [1, 7], "car_442": [10, 5], "car_443": [3, 2], "car_448": [12, 4], "car_449": [5, 7], "car_2717": [0, 1], "car_2716": [12, 4], "car_2715": [8, 4], "car_2201": [11, 3], "car_2714": [2, 1], "car_2200": [7, 2], "car_2713": [0, 5], "car_2712": [12, 0], "car_2711": [9, 3], "car_2710": [2, 5], "car_2209": [14, 5], "car_2208": [10, 3], "car_2324": [9, 4], "car_695": [12, 4], "car_694": [8, 4], "car_697": [5, 2], "car_696": [1, 6], "car_691": [1, 0], "car_690": [11, 6], "car_693": [13, 7], "car_692": [6, 1], "car_699": [2, 1], "car_698": [10, 2], "car_2399": [5, 0], "car_1943": [4, 3], "car_1942": [5, 6], "car_279": [12, 2], "car_278": [7, 4], "car_1947": [8, 0], "car_1946": [7, 4], "car_1945": [14, 1], "car_1944": [15, 7], "car_273": [6, 3], "car_272": [5, 3], "car_271": [1, 6], "car_270": [8, 2], "car_277": [13, 7], "car_276": [10, 2], "car_275": [5, 6], "car_274": [3, 1], "car_1925": [10, 7], "car_1549": [3, 2], "car_1548": [9, 4], "car_1547": [1, 3], "car_1546": [13, 6], "car_1545": [2, 5], "car_1544": [0, 6], "car_1543": [9, 6], "car_1542": [10, 4], "car_1541": [1, 6], "car_1540": [12, 1], "car_1389": [3, 2], "car_1388": [13, 2], "car_1385": [1, 6], "car_1384": [0, 1], "car_1387": [9, 3], "car_1386": [10, 1], "car_1381": [15, 7], "car_1380": [11, 4], "car_1383": [8, 2], "car_1382": [1, 2], "car_307": [3, 2], "car_306": [9, 7], "car_305": [14, 2], "car_304": [0, 3], "car_303": [8, 2], "car_302": [7, 4], "car_301": [3, 1], "car_300": [13, 2], "car_804": [10, 4], "car_309": [0, 1], "car_308": [7, 2], "car_909": [13, 6], "car_908": [9, 3], "car_905": [3, 1], "car_904": [6, 7], "car_907": [4, 3], "car_906": [12, 5], "car_901": [5, 6], "car_900": [0, 3], "car_903": [14, 1], "car_902": [10, 2], "car_1161": [3, 6], "car_1160": [13, 1], "car_1163": [11, 0], "car_1162": [7, 6], "car_1165": [9, 1], "car_1164": [5, 6], "car_1167": [0, 5], "car_1166": [7, 2], "car_1169": [2, 6], "car_1168": [1, 2], "car_2432": [2, 3], "car_2433": [7, 0], "car_2430": [1, 5], "car_2322": [5, 0], "car_2431": [5, 1], "car_2838": [2, 3], "car_2839": [3, 5], "car_2836": [15, 5], "car_2436": [4, 3], "car_2834": [4, 0], "car_2835": [7, 4], "car_2832": [8, 0], "car_2833": [12, 4], "car_2830": [2, 3], "car_2437": [11, 3], "car_2010": [15, 6], "car_2011": [1, 2], "car_2012": [5, 7], "car_2013": [6, 7], "car_2014": [11, 7], "car_2015": [1, 4], "car_2016": [3, 1], "car_2017": [4, 3], "car_2018": [13, 6], "car_2019": [7, 3], "car_2435": [0, 7], "car_87": [3, 5], "car_86": [5, 0], "car_85": [1, 0], "car_84": [4, 3], "car_83": [0, 6], "car_82": [2, 7], "car_81": [11, 3], "car_80": [7, 0], "car_2001": [2, 1], "car_89": [14, 1], "car_88": [11, 5], "car_2000": [1, 7], "car_2498": [2, 4], "car_2499": [6, 5], "car_2494": [12, 1], "car_2495": [11, 0], "car_2496": [15, 6], "car_2497": [1, 3], "car_2490": [11, 3], "car_2491": [9, 0], "car_2492": [3, 7], "car_2493": [8, 4], "car_875": [4, 5], "car_874": [0, 6], "car_877": [14, 3], "car_876": [15, 2], "car_871": [3, 1], "car_870": [6, 7], "car_873": [12, 2], "car_872": [7, 4], "car_1694": [4, 7], "car_879": [11, 3], "car_878": [2, 5], "car_1752": [6, 3], "car_1753": [9, 2], "car_1699": [8, 4], "car_2124": [12, 1], "car_2125": [4, 7], "car_1619": [10, 5], "car_1618": [8, 5], "car_2120": [5, 1], "car_2121": [10, 6], "car_2122": [13, 5], "car_2123": [7, 1], "car_1613": [12, 4], "car_1612": [3, 7], "car_1611": [13, 4], "car_1610": [14, 7], "car_1617": [3, 6], "car_1616": [9, 4], "car_1615": [2, 3], "car_1614": [4, 0], "car_1754": [4, 6], "car_1755": [5, 2], "car_2767": [1, 0], "car_2323": [6, 5], "car_471": [5, 7], "car_470": [1, 7], "car_473": [6, 7], "car_472": [14, 7], "car_475": [7, 4], "car_474": [3, 4], "car_477": [11, 4], "car_476": [12, 4], "car_479": [5, 1], "car_478": [1, 6], "car_2232": [8, 0], "car_2233": [4, 5], "car_2234": [14, 7], "car_2235": [7, 3], "car_2236": [8, 4], "car_2237": [11, 2], "car_2769": [14, 0], "car_2765": [8, 6], "car_2038": [14, 0], "car_2709": [14, 1], "car_2762": [5, 2], "car_2039": [7, 1], "car_2763": [9, 7], "car_1819": [7, 4], "car_1818": [13, 1], "car_2386": [14, 3], "car_682": [6, 2], "car_683": [13, 0], "car_680": [3, 5], "car_681": [15, 6], "car_686": [8, 0], "car_687": [4, 6], "car_684": [3, 7], "car_685": [7, 3], "car_688": [10, 3], "car_689": [9, 3], "car_2481": [4, 1], "car_2761": [15, 4], "car_1815": [12, 1], "car_1814": [13, 0], "car_2388": [7, 0], "car_2389": [8, 3], "car_1670": [8, 2], "car_1956": [11, 3], "car_1957": [15, 0], "car_1958": [10, 2], "car_1959": [14, 2], "car_2003": [9, 7], "car_268": [13, 6], "car_269": [7, 3], "car_1974": [0, 7], "car_1975": [4, 1], "car_1972": [8, 1], "car_1973": [12, 1], "car_1970": [14, 2], "car_1971": [9, 2], "car_260": [4, 0], "car_261": [11, 6], "car_262": [9, 1], "car_263": [13, 0], "car_264": [7, 3], "car_265": [8, 4], "car_266": [11, 2], "car_267": [14, 0], "car_1572": [13, 1], "car_1573": [3, 4], "car_1570": [11, 2], "car_1571": [10, 3], "car_1576": [1, 7], "car_1577": [2, 7], "car_1574": [8, 6], "car_1575": [15, 0], "car_1578": [6, 1], "car_1579": [4, 7], "car_1370": [13, 0], "car_1371": [7, 0], "car_1372": [12, 5], "car_1373": [0, 5], "car_1374": [4, 0], "car_1375": [11, 0], "car_1376": [13, 0], "car_1377": [8, 3], "car_1378": [12, 0], "car_1379": [0, 3], "car_2600": [3, 5], "car_314": [9, 3], "car_315": [0, 4], "car_316": [11, 5], "car_317": [13, 0], "car_310": [2, 6], "car_311": [7, 2], "car_312": [10, 0], "car_313": [2, 1], "car_318": [0, 1], "car_319": [15, 6], "car_918": [10, 6], "car_919": [2, 6], "car_2719": [10, 3], "car_2718": [15, 6], "car_912": [3, 7], "car_913": [0, 3], "car_910": [11, 5], "car_911": [13, 2], "car_916": [15, 5], "car_917": [5, 2], "car_914": [15, 4], "car_915": [10, 3], "car_1114": [6, 5], "car_1115": [9, 7], "car_1116": [13, 7], "car_1117": [8, 2], "car_1110": [7, 3], "car_1111": [12, 5], "car_1112": [1, 0], "car_1113": [2, 1], "car_1118": [4, 5], "car_1119": [15, 3], "car_1284": [4, 5], "car_1285": [10, 0], "car_1286": [9, 0], "car_1287": [3, 7], "car_1280": [5, 4], "car_1281": [10, 1], "car_1282": [2, 0], "car_1283": [0, 7], "car_2130": [14, 3], "car_1288": [12, 2], "car_1289": [4, 6], "car_2821": [11, 4], "car_2820": [0, 2], "car_1744": [14, 1], "car_2822": [14, 6], "car_2825": [2, 4], "car_2824": [8, 3], "car_2827": [13, 2], "car_2826": [6, 7], "car_2829": [1, 4], "car_2828": [12, 3], "car_1028": [10, 2], "car_1029": [2, 5], "car_1758": [2, 6], "car_1759": [13, 5], "car_2007": [10, 2], "car_2006": [15, 1], "car_2005": [3, 4], "car_2004": [13, 0], "car_1020": [12, 0], "car_1021": [14, 3], "car_1022": [2, 3], "car_1023": [7, 1], "car_1024": [8, 4], "car_1025": [8, 5], "car_1026": [12, 3], "car_1027": [15, 3], "car_1598": [15, 3], "car_1599": [1, 0], "car_1590": [11, 4], "car_1591": [15, 0], "car_1592": [1, 7], "car_1593": [10, 3], "car_1594": [13, 5], "car_1595": [3, 4], "car_1596": [8, 5], "car_1597": [4, 6], "car_2489": [12, 1], "car_2488": [7, 4], "car_2487": [13, 6], "car_2486": [6, 5], "car_2485": [2, 0], "car_2484": [5, 7], "car_2483": [0, 6], "car_2482": [9, 0], "car_1746": [13, 2], "car_2480": [0, 1], "car_862": [12, 7], "car_863": [11, 7], "car_860": [11, 3], "car_861": [6, 7], "car_866": [14, 6], "car_867": [7, 0], "car_864": [8, 3], "car_865": [11, 5], "car_868": [12, 5], "car_869": [15, 5], "car_1741": [6, 7], "car_2137": [13, 4], "car_2136": [6, 2], "car_2135": [10, 3], "car_2134": [5, 1], "car_2133": [1, 3], "car_2132": [3, 7], "car_1628": [5, 2], "car_1629": [10, 0], "car_1626": [14, 1], "car_1627": [13, 7], "car_1624": [4, 3], "car_1625": [11, 1], "car_1622": [4, 7], "car_1623": [9, 0], "car_1620": [7, 1], "car_1621": [0, 4], "car_1740": [15, 5]}