{"car_3253": [1, 6], "car_3750": [3, 0], "car_2009": [2, 4], "car_3196": [3, 4], "car_3197": [7, 0], "car_3194": [5, 0], "car_3195": [14, 1], "car_3192": [4, 5], "car_3193": [11, 3], "car_3190": [12, 1], "car_3191": [0, 3], "car_3668": [0, 4], "car_3669": [4, 0], "car_3198": [8, 4], "car_3199": [0, 5], "car_2229": [14, 6], "car_2228": [10, 2], "car_468": [5, 6], "car_469": [10, 3], "car_466": [0, 2], "car_467": [11, 0], "car_464": [13, 3], "car_465": [7, 1], "car_462": [2, 7], "car_463": [9, 0], "car_460": [5, 6], "car_461": [14, 6], "car_4456": [9, 6], "car_4012": [8, 2], "car_4658": [2, 5], "car_2455": [7, 3], "car_4457": [7, 2], "car_3068": [5, 2], "car_3069": [6, 0], "car_2751": [0, 6], "car_3768": [3, 6], "car_3062": [7, 4], "car_3063": [8, 2], "car_3060": [13, 7], "car_3061": [3, 7], "car_3066": [11, 5], "car_3067": [1, 7], "car_3064": [12, 0], "car_3065": [0, 4], "car_3268": [10, 2], "car_817": [6, 3], "car_816": [14, 5], "car_3260": [14, 0], "car_3261": [2, 6], "car_3262": [9, 6], "car_3263": [3, 1], "car_3264": [7, 0], "car_815": [10, 5], "car_3266": [4, 5], "car_3267": [15, 0], "car_2750": [7, 0], "car_814": [1, 0], "car_813": [15, 4], "car_812": [4, 0], "car_2072": [11, 7], "car_811": [7, 1], "car_2073": [15, 2], "car_4455": [10, 3], "car_810": [2, 5], "car_3743": [0, 5], "car_3214": [7, 3], "car_3741": [13, 7], "car_3740": [2, 4], "car_679": [14, 3], "car_678": [10, 1], "car_677": [5, 3], "car_676": [15, 0], "car_675": [11, 1], "car_674": [9, 3], "car_673": [6, 3], "car_672": [2, 5], "car_671": [14, 2], "car_670": [10, 5], "car_2771": [1, 5], "car_4654": [15, 6], "car_3213": [13, 6], "car_2770": [15, 5], "car_3212": [6, 4], "car_2078": [3, 7], "car_2079": [8, 4], "car_3464": [7, 0], "car_4013": [0, 3], "car_4026": [9, 6], "car_4655": [1, 3], "car_4706": [1, 2], "car_2456": [8, 7], "car_2341": [7, 6], "car_2670": [1, 7], "car_3465": [0, 1], "car_3818": [2, 4], "car_2671": [5, 4], "car_4429": [2, 4], "car_2754": [15, 5], "car_2672": [6, 2], "car_4702": [3, 0], "car_4656": [5, 7], "car_2223": [8, 7], "car_789": [2, 6], "car_788": [11, 1], "car_3338": [14, 7], "car_2222": [3, 1], "car_783": [5, 1], "car_782": [1, 6], "car_781": [0, 3], "car_780": [8, 3], "car_787": [4, 7], "car_786": [8, 6], "car_785": [9, 6], "car_784": [14, 3], "car_3462": [13, 4], "car_2220": [9, 4], "car_0": [0, 4], "car_2227": [1, 6], "car_1179": [1, 5], "car_2375": [12, 7], "car_2226": [11, 3], "car_4430": [6, 3], "car_3339": [2, 5], "car_2225": [4, 6], "car_4431": [13, 3], "car_2224": [0, 7], "car_4432": [12, 5], "car_3463": [3, 5], "car_255": [7, 1], "car_254": [3, 4], "car_257": [0, 6], "car_256": [8, 7], "car_251": [15, 1], "car_250": [0, 4], "car_253": [6, 3], "car_252": [10, 7], "car_1961": [9, 6], "car_1960": [2, 7], "car_1963": [4, 2], "car_1962": [8, 4], "car_259": [1, 3], "car_258": [11, 6], "car_1967": [14, 1], "car_1966": [1, 7], "car_4135": [6, 0], "car_4085": [11, 7], "car_4137": [7, 0], "car_4136": [9, 4], "car_4131": [13, 2], "car_1170": [10, 4], "car_4133": [8, 5], "car_4132": [3, 4], "car_1171": [2, 4], "car_4139": [15, 6], "car_4138": [0, 1], "car_1565": [0, 4], "car_1564": [8, 4], "car_1567": [1, 3], "car_1566": [15, 7], "car_1561": [5, 2], "car_1560": [0, 6], "car_1563": [7, 6], "car_1562": [3, 1], "car_4243": [10, 3], "car_4242": [1, 6], "car_4241": [15, 2], "car_4240": [4, 1], "car_1569": [14, 7], "car_1568": [10, 7], "car_1413": [12, 5], "car_4080": [2, 1], "car_1363": [1, 0], "car_1362": [11, 5], "car_1361": [0, 5], "car_1360": [7, 1], "car_1367": [13, 5], "car_1366": [2, 5], "car_1365": [14, 1], "car_1364": [10, 7], "car_1369": [11, 2], "car_1368": [7, 1], "car_4399": [8, 6], "car_4398": [7, 4], "car_2758": [7, 2], "car_2376": [4, 2], "car_4391": [3, 4], "car_4390": [9, 3], "car_4393": [11, 4], "car_4392": [12, 0], "car_4395": [2, 4], "car_4394": [15, 2], "car_4397": [13, 1], "car_4396": [9, 0], "car_321": [3, 0], "car_320": [9, 4], "car_323": [12, 0], "car_322": [8, 4], "car_325": [4, 1], "car_324": [0, 7], "car_327": [15, 3], "car_326": [11, 0], "car_329": [14, 7], "car_328": [5, 1], "car_4623": [7, 1], "car_4622": [2, 3], "car_4625": [4, 6], "car_4624": [8, 7], "car_4627": [5, 1], "car_4626": [15, 0], "car_2722": [15, 6], "car_2723": [10, 1], "car_2720": [4, 1], "car_2721": [11, 2], "car_2726": [13, 1], "car_2727": [3, 2], "car_2724": [6, 5], "car_2725": [9, 4], "car_2728": [8, 5], "car_2729": [12, 4], "car_1107": [2, 5], "car_1106": [14, 5], "car_1105": [15, 7], "car_1104": [0, 6], "car_1103": [12, 2], "car_1102": [9, 0], "car_1101": [2, 5], "car_1100": [5, 0], "car_4409": [11, 1], "car_4408": [0, 3], "car_1109": [9, 3], "car_1108": [6, 3], "car_1297": [11, 1], "car_1296": [8, 3], "car_1295": [7, 6], "car_1294": [3, 4], "car_1293": [13, 2], "car_1292": [9, 5], "car_1291": [6, 4], "car_1290": [2, 4], "car_1299": [13, 7], "car_1298": [14, 5], "car_2928": [5, 2], "car_2929": [10, 7], "car_2924": [3, 5], "car_2925": [7, 4], "car_2926": [12, 1], "car_2927": [11, 3], "car_2920": [4, 1], "car_2921": [15, 3], "car_2922": [1, 4], "car_2923": [14, 0], "car_2586": [10, 7], "car_2587": [14, 4], "car_2584": [0, 6], "car_2585": [5, 4], "car_2582": [6, 4], "car_2583": [8, 6], "car_2580": [10, 2], "car_2581": [2, 0], "car_3527": [14, 2], "car_3526": [10, 7], "car_3525": [15, 4], "car_3524": [4, 2], "car_2858": [15, 0], "car_2859": [10, 6], "car_2588": [2, 3], "car_2589": [6, 4], "car_2036": [7, 2], "car_2037": [0, 6], "car_1039": [0, 4], "car_1038": [12, 2], "car_1749": [3, 0], "car_1748": [13, 0], "car_2030": [8, 1], "car_2031": [12, 6], "car_1033": [6, 5], "car_1032": [2, 6], "car_1031": [14, 3], "car_1030": [1, 3], "car_1037": [8, 4], "car_1036": [3, 1], "car_1035": [13, 4], "car_1034": [9, 6], "car_4557": [6, 1], "car_1589": [12, 5], "car_1588": [7, 0], "car_1583": [15, 3], "car_1582": [4, 5], "car_1581": [8, 6], "car_1580": [7, 5], "car_1587": [3, 2], "car_1586": [13, 2], "car_1585": [14, 4], "car_1584": [10, 1], "car_1852": [4, 0], "car_1906": [1, 5], "car_4556": [14, 6], "car_3295": [4, 0], "car_3294": [0, 7], "car_3297": [14, 0], "car_3296": [15, 1], "car_3291": [7, 2], "car_3290": [3, 1], "car_899": [15, 2], "car_898": [12, 0], "car_897": [8, 7], "car_896": [7, 3], "car_895": [13, 0], "car_894": [9, 6], "car_893": [6, 2], "car_892": [2, 1], "car_891": [14, 5], "car_890": [10, 5], "car_2458": [4, 7], "car_2459": [2, 4], "car_2108": [1, 6], "car_2109": [10, 1], "car_3457": [11, 4], "car_3456": [4, 7], "car_3455": [12, 5], "car_3454": [7, 4], "car_2102": [4, 7], "car_2103": [1, 6], "car_2100": [3, 6], "car_2101": [8, 3], "car_2106": [8, 2], "car_2107": [15, 0], "car_2104": [2, 1], "car_2105": [3, 1], "car_1631": [2, 3], "car_1630": [14, 4], "car_1633": [9, 6], "car_1632": [6, 0], "car_1635": [8, 0], "car_1634": [7, 0], "car_1637": [11, 5], "car_1636": [12, 1], "car_1639": [2, 0], "car_1638": [1, 3], "car_3418": [15, 4], "car_1751": [12, 2], "car_2803": [14, 2], "car_3859": [4, 1], "car_2802": [5, 2], "car_3857": [12, 4], "car_3856": [7, 6], "car_3855": [13, 4], "car_3854": [9, 2], "car_3853": [2, 1], "car_2801": [1, 0], "car_3851": [10, 0], "car_3850": [5, 7], "car_3189": [8, 4], "car_3188": [7, 0], "car_2800": [11, 5], "car_3269": [14, 2], "car_3181": [13, 6], "car_2807": [15, 7], "car_1756": [6, 2], "car_3182": [11, 0], "car_3185": [2, 1], "car_3184": [14, 2], "car_3187": [3, 4], "car_2806": [11, 5], "car_3677": [11, 4], "car_3676": [7, 1], "car_3675": [13, 2], "car_3674": [2, 3], "car_3673": [14, 4], "car_2805": [7, 5], "car_3306": [3, 5], "car_2816": [11, 6], "car_2804": [2, 7], "car_3380": [11, 3], "car_4018": [9, 0], "car_3679": [1, 2], "car_3104": [14, 4], "car_2414": [2, 4], "car_419": [6, 4], "car_418": [14, 0], "car_2218": [5, 6], "car_2219": [6, 2], "car_413": [0, 6], "car_412": [7, 4], "car_411": [3, 7], "car_410": [10, 0], "car_417": [10, 0], "car_416": [15, 0], "car_415": [11, 2], "car_414": [4, 3], "car_2417": [7, 2], "car_4552": [0, 1], "car_1679": [9, 4], "car_3546": [14, 1], "car_4086": [15, 2], "car_1678": [2, 7], "car_4261": [5, 2], "car_2412": [5, 1], "car_4104": [7, 0], "car_4260": [1, 3], "car_2947": [1, 0], "car_2413": [10, 2], "car_3265": [8, 7], "car_4519": [15, 1], "car_3079": [3, 7], "car_3078": [13, 7], "car_3729": [10, 7], "car_3075": [5, 3], "car_3074": [1, 3], "car_3077": [9, 4], "car_3076": [10, 3], "car_3071": [12, 3], "car_3070": [8, 3], "car_3073": [15, 4], "car_3072": [11, 3], "car_527": [5, 4], "car_526": [1, 0], "car_525": [15, 6], "car_524": [4, 5], "car_523": [12, 5], "car_522": [13, 3], "car_521": [6, 7], "car_520": [2, 7], "car_3273": [8, 2], "car_1671": [8, 6], "car_3271": [9, 0], "car_1889": [9, 6], "car_3277": [15, 4], "car_3276": [11, 6], "car_529": [2, 3], "car_528": [14, 3], "car_4269": [4, 2], "car_4550": [3, 5], "car_4268": [0, 2], "car_4103": [3, 1], "car_1884": [11, 1], "car_1885": [15, 2], "car_2368": [8, 7], "car_2786": [0, 5], "car_4573": [8, 3], "car_2787": [4, 5], "car_668": [1, 3], "car_669": [5, 7], "car_664": [0, 2], "car_665": [4, 3], "car_666": [11, 4], "car_667": [15, 7], "car_660": [10, 2], "car_661": [6, 0], "car_662": [9, 1], "car_663": [13, 2], "car_4732": [13, 1], "car_4200": [12, 2], "car_2759": [0, 3], "car_1854": [5, 4], "car_2788": [11, 4], "car_3308": [1, 7], "car_2789": [5, 4], "car_3824": [11, 6], "car_4707": [5, 7], "car_4034": [13, 0], "car_2940": [6, 1], "car_3952": [10, 7], "car_3953": [14, 6], "car_798": [8, 0], "car_799": [4, 6], "car_4466": [3, 4], "car_790": [6, 3], "car_791": [9, 7], "car_792": [13, 7], "car_793": [12, 1], "car_794": [11, 0], "car_795": [14, 1], "car_796": [13, 2], "car_797": [7, 1], "car_4098": [8, 3], "car_4099": [1, 6], "car_4092": [0, 1], "car_4093": [15, 3], "car_4090": [3, 1], "car_4091": [8, 1], "car_4096": [14, 6], "car_4097": [7, 1], "car_4094": [1, 7], "car_4095": [10, 7], "car_4620": [0, 1], "car_3822": [0, 5], "car_3958": [8, 5], "car_242": [4, 3], "car_243": [11, 6], "car_240": [8, 6], "car_241": [12, 6], "car_246": [14, 7], "car_247": [9, 1], "car_244": [5, 7], "car_245": [10, 2], "car_1914": [0, 6], "car_1915": [4, 0], "car_248": [13, 5], "car_249": [8, 5], "car_1910": [10, 7], "car_1911": [9, 3], "car_1912": [3, 4], "car_1913": [7, 3], "car_4464": [6, 2], "car_3823": [4, 0], "car_4559": [7, 0], "car_4178": [14, 1], "car_4278": [5, 7], "car_4279": [10, 4], "car_4276": [8, 1], "car_4277": [11, 1], "car_4274": [9, 2], "car_4275": [3, 7], "car_4272": [14, 3], "car_3738": [10, 4], "car_4270": [15, 1], "car_4271": [5, 7], "car_1356": [14, 0], "car_1357": [2, 7], "car_1354": [4, 5], "car_1355": [11, 5], "car_1352": [7, 6], "car_1353": [12, 0], "car_1350": [9, 0], "car_1351": [13, 3], "car_1358": [9, 5], "car_1359": [3, 1], "car_4558": [3, 0], "car_4462": [14, 2], "car_1831": [2, 3], "car_1820": [10, 5], "car_1821": [9, 6], "car_1822": [7, 4], "car_1823": [12, 5], "car_1824": [0, 7], "car_1825": [11, 3], "car_338": [3, 7], "car_339": [7, 5], "car_336": [14, 0], "car_337": [6, 3], "car_334": [1, 0], "car_335": [5, 7], "car_332": [11, 5], "car_333": [15, 4], "car_330": [9, 6], "car_331": [7, 2], "car_2735": [6, 4], "car_2734": [2, 5], "car_1138": [10, 0], "car_1139": [14, 7], "car_2731": [15, 7], "car_2730": [11, 2], "car_2733": [14, 0], "car_2732": [1, 2], "car_1132": [7, 1], "car_1133": [12, 0], "car_1130": [6, 0], "car_1131": [3, 6], "car_1136": [15, 0], "car_1137": [5, 7], "car_1134": [0, 5], "car_1135": [11, 3], "car_4474": [3, 4], "car_4475": [7, 5], "car_4476": [8, 1], "car_4032": [14, 6], "car_4470": [2, 7], "car_3734": [11, 7], "car_4472": [9, 2], "car_4473": [13, 2], "car_3735": [15, 1], "car_4478": [11, 5], "car_1839": [1, 6], "car_2393": [0, 6], "car_1838": [15, 4], "car_2392": [8, 2], "car_4460": [11, 6], "car_4643": [0, 5], "car_3301": [3, 6], "car_4642": [12, 4], "car_3300": [13, 1], "car_4641": [8, 4], "car_2939": [2, 1], "car_2938": [14, 6], "car_2937": [11, 0], "car_2936": [4, 3], "car_2935": [0, 7], "car_2934": [12, 6], "car_2933": [3, 7], "car_2932": [9, 0], "car_2931": [6, 4], "car_2930": [2, 7], "car_2029": [7, 0], "car_2028": [9, 0], "car_2845": [1, 3], "car_2844": [11, 3], "car_2843": [8, 2], "car_2842": [7, 3], "car_2841": [9, 1], "car_2840": [2, 5], "car_2021": [0, 2], "car_2020": [12, 4], "car_2023": [15, 3], "car_2022": [4, 6], "car_2025": [14, 6], "car_2024": [1, 7], "car_2027": [6, 0], "car_2026": [2, 0], "car_2948": [5, 4], "car_2520": [13, 4], "car_4583": [0, 6], "car_1008": [0, 2], "car_1009": [4, 5], "car_1006": [3, 0], "car_1007": [7, 5], "car_1004": [9, 6], "car_1005": [13, 4], "car_1002": [2, 4], "car_1003": [6, 4], "car_1000": [4, 6], "car_1001": [10, 6], "car_3459": [14, 7], "car_2398": [7, 0], "car_2629": [5, 7], "car_2524": [11, 3], "car_2628": [7, 6], "car_3310": [2, 0], "car_2525": [5, 7], "car_2995": [6, 4], "car_2674": [13, 0], "car_1924": [9, 1], "car_2994": [14, 5], "car_2527": [6, 1], "car_2997": [8, 1], "car_36": [15, 3], "car_37": [10, 3], "car_34": [13, 0], "car_35": [4, 5], "car_888": [4, 2], "car_889": [5, 7], "car_30": [15, 5], "car_31": [1, 4], "car_884": [2, 0], "car_885": [9, 3], "car_886": [7, 5], "car_887": [12, 3], "car_880": [1, 2], "car_881": [5, 0], "car_882": [10, 7], "car_883": [14, 7], "car_3466": [11, 7], "car_3467": [15, 1], "car_2449": [0, 3], "car_2448": [13, 1], "car_2119": [6, 4], "car_2118": [2, 1], "car_3460": [6, 1], "car_3461": [9, 0], "car_2115": [4, 5], "car_2114": [0, 7], "car_2117": [10, 4], "car_2116": [5, 2], "car_2111": [6, 1], "car_2110": [14, 1], "car_2113": [8, 1], "car_2112": [9, 5], "car_1644": [5, 1], "car_1645": [9, 7], "car_1646": [7, 1], "car_1647": [12, 3], "car_1640": [9, 1], "car_1641": [13, 6], "car_1642": [3, 6], "car_1643": [0, 3], "car_3312": [9, 6], "car_1648": [0, 3], "car_1649": [11, 5], "car_3915": [14, 3], "car_2599": [13, 7], "car_2159": [12, 2], "car_3860": [11, 6], "car_3861": [1, 6], "car_3866": [7, 1], "car_3867": [8, 0], "car_3864": [6, 2], "car_2158": [8, 0], "car_2591": [8, 0], "car_2590": [13, 7], "car_2593": [4, 6], "car_2592": [12, 1], "car_2595": [5, 7], "car_2594": [15, 1], "car_2597": [6, 0], "car_2596": [14, 4], "car_3648": [7, 3], "car_3649": [12, 3], "car_4748": [2, 5], "car_3560": [2, 0], "car_3313": [13, 3], "car_3643": [4, 7], "car_3640": [9, 4], "car_3641": [13, 2], "car_3646": [10, 1], "car_3647": [9, 3], "car_2677": [1, 4], "car_2608": [9, 2], "car_3888": [4, 5], "car_3703": [8, 2], "car_3880": [14, 0], "car_3881": [2, 0], "car_3882": [0, 7], "car_3883": [4, 0], "car_3884": [10, 7], "car_3885": [9, 5], "car_3886": [13, 6], "car_3887": [8, 1], "car_408": [1, 6], "car_409": [5, 0], "car_2203": [5, 7], "car_2202": [11, 7], "car_2205": [13, 0], "car_2204": [14, 0], "car_2207": [7, 2], "car_2206": [3, 5], "car_400": [1, 3], "car_401": [10, 3], "car_402": [2, 1], "car_403": [6, 5], "car_404": [9, 3], "car_405": [8, 2], "car_406": [12, 0], "car_407": [11, 3], "car_4469": [1, 3], "car_3787": [14, 4], "car_4048": [14, 3], "car_4528": [13, 4], "car_4733": [3, 6], "car_1769": [11, 0], "car_4384": [0, 5], "car_3080": [7, 4], "car_3081": [8, 7], "car_3082": [12, 0], "car_3083": [5, 0], "car_3084": [10, 0], "car_3085": [6, 1], "car_3086": [7, 6], "car_3087": [8, 3], "car_3088": [0, 2], "car_3089": [4, 6], "car_2973": [14, 4], "car_534": [12, 6], "car_535": [0, 5], "car_536": [4, 0], "car_537": [11, 4], "car_530": [6, 7], "car_531": [9, 4], "car_532": [3, 1], "car_533": [8, 4], "car_3246": [9, 4], "car_3247": [13, 2], "car_3244": [10, 7], "car_3245": [2, 4], "car_538": [1, 6], "car_539": [10, 3], "car_3240": [12, 0], "car_3241": [0, 7], "car_2972": [10, 1], "car_3317": [11, 0], "car_4452": [0, 6], "car_2310": [0, 6], "car_4729": [2, 1], "car_659": [5, 1], "car_658": [0, 1], "car_651": [1, 5], "car_650": [0, 7], "car_653": [2, 7], "car_652": [10, 5], "car_655": [13, 2], "car_654": [6, 5], "car_657": [12, 1], "car_656": [3, 4], "car_2970": [15, 0], "car_2907": [13, 6], "car_4246": [8, 3], "car_3813": [12, 2], "car_4596": [15, 4], "car_2977": [1, 0], "car_2909": [4, 5], "car_3812": [7, 5], "car_3946": [3, 7], "car_2976": [12, 1], "car_4105": [8, 2], "car_2434": [12, 7], "car_1929": [7, 6], "car_4518": [12, 7], "car_2195": [11, 1], "car_3971": [10, 7], "car_4089": [9, 1], "car_4088": [6, 5], "car_2194": [12, 4], "car_3811": [9, 2], "car_4084": [4, 2], "car_4087": [10, 4], "car_1764": [14, 4], "car_4081": [6, 5], "car_2197": [5, 0], "car_4083": [0, 3], "car_4082": [13, 0], "car_2196": [1, 4], "car_2191": [6, 3], "car_1928": [3, 4], "car_2190": [2, 3], "car_3922": [15, 0], "car_2193": [7, 2], "car_1909": [4, 6], "car_1908": [6, 3], "car_1907": [10, 0], "car_1763": [5, 3], "car_1905": [11, 4], "car_1904": [12, 5], "car_1903": [8, 2], "car_1902": [13, 0], "car_1901": [6, 5], "car_1900": [2, 4], "car_3805": [7, 2], "car_3918": [3, 0], "car_3865": [3, 7], "car_1349": [14, 6], "car_1348": [11, 4], "car_4263": [2, 4], "car_4262": [14, 5], "car_3817": [14, 7], "car_4264": [13, 2], "car_4267": [12, 7], "car_1762": [1, 2], "car_1341": [9, 5], "car_1340": [6, 1], "car_1343": [12, 6], "car_1342": [8, 1], "car_1345": [11, 7], "car_1344": [4, 5], "car_1347": [14, 5], "car_1346": [1, 0], "car_3234": [15, 6], "car_3919": [8, 7], "car_4663": [12, 7], "car_3219": [14, 1], "car_2753": [11, 3], "car_3816": [10, 5], "car_3231": [12, 1], "car_2752": [4, 7], "car_3230": [3, 0], "car_2698": [14, 4], "car_4546": [0, 7], "car_1833": [9, 7], "car_1832": [6, 0], "car_349": [15, 2], "car_348": [11, 0], "car_1837": [8, 2], "car_1836": [7, 6], "car_1835": [3, 7], "car_1834": [13, 1], "car_343": [1, 7], "car_342": [15, 1], "car_341": [11, 4], "car_340": [12, 5], "car_347": [0, 1], "car_346": [7, 5], "car_345": [13, 2], "car_344": [10, 5], "car_4140": [2, 7], "car_2325": [8, 7], "car_1129": [2, 4], "car_1128": [10, 4], "car_2979": [10, 6], "car_4141": [13, 3], "car_1125": [8, 5], "car_1124": [7, 2], "car_1127": [4, 6], "car_1126": [0, 5], "car_1121": [2, 4], "car_1120": [14, 7], "car_1123": [3, 0], "car_1122": [9, 7], "car_4467": [7, 0], "car_1402": [1, 3], "car_4465": [13, 3], "car_4143": [12, 4], "car_4463": [2, 0], "car_2320": [2, 4], "car_4461": [10, 0], "car_1403": [10, 0], "car_4144": [15, 5], "car_2321": [9, 4], "car_1400": [12, 0], "car_3814": [15, 2], "car_4145": [1, 7], "car_1401": [11, 7], "car_2978": [5, 7], "car_4146": [14, 2], "car_1406": [4, 3], "car_4147": [2, 3], "car_1407": [14, 7], "car_2902": [12, 2], "car_2903": [1, 2], "car_2900": [7, 2], "car_2901": [8, 7], "car_2906": [9, 3], "car_1404": [14, 3], "car_2904": [14, 7], "car_2905": [2, 1], "car_2908": [3, 4], "car_1405": [6, 3], "car_3505": [3, 6], "car_3504": [9, 4], "car_3507": [0, 1], "car_3506": [12, 2], "car_2058": [14, 1], "car_2059": [13, 2], "car_3503": [14, 3], "car_3502": [10, 0], "car_2054": [8, 0], "car_2055": [4, 3], "car_2056": [1, 4], "car_2057": [5, 2], "car_2050": [9, 2], "car_2051": [13, 1], "car_2052": [3, 5], "car_2053": [7, 4], "car_1011": [15, 6], "car_1010": [11, 2], "car_1013": [14, 2], "car_1012": [1, 5], "car_1015": [3, 7], "car_1014": [13, 4], "car_1017": [12, 0], "car_1016": [7, 6], "car_1019": [11, 4], "car_1018": [4, 3], "car_2690": [2, 6], "car_2691": [9, 7], "car_2696": [4, 7], "car_2697": [11, 6], "car_2694": [8, 1], "car_2695": [0, 6], "car_2790": [10, 4], "car_3863": [2, 6], "car_4373": [6, 5], "car_4482": [8, 5], "car_3819": [9, 4], "car_4594": [4, 0], "car_25": [1, 2], "car_24": [15, 0], "car_27": [7, 2], "car_26": [5, 2], "car_21": [12, 3], "car_20": [8, 7], "car_23": [11, 7], "car_22": [4, 0], "car_3471": [3, 0], "car_3470": [9, 2], "car_3473": [4, 6], "car_3472": [0, 2], "car_29": [11, 3], "car_28": [12, 3], "car_3477": [14, 1], "car_3476": [5, 6], "car_4648": [6, 7], "car_2478": [7, 3], "car_2479": [8, 3], "car_2476": [13, 7], "car_2477": [3, 1], "car_2474": [2, 3], "car_2475": [9, 2], "car_2472": [15, 4], "car_2473": [5, 6], "car_2470": [8, 0], "car_2471": [12, 0], "car_1657": [4, 6], "car_1656": [8, 7], "car_1655": [7, 3], "car_1654": [6, 0], "car_1653": [2, 6], "car_1652": [14, 3], "car_1651": [10, 1], "car_1650": [1, 2], "car_1659": [5, 6], "car_1658": [11, 0], "car_3875": [3, 4], "car_3874": [6, 5], "car_2878": [9, 7], "car_2879": [7, 1], "car_3871": [10, 0], "car_3870": [15, 0], "car_3645": [15, 6], "car_3872": [14, 5], "car_2872": [4, 3], "car_2873": [11, 6], "car_2870": [12, 5], "car_2871": [0, 1], "car_2876": [10, 0], "car_2877": [6, 0], "car_2874": [15, 3], "car_2875": [5, 4], "car_2688": [11, 3], "car_1969": [9, 7], "car_2315": [13, 4], "car_3658": [7, 6], "car_1843": [12, 4], "car_3655": [9, 1], "car_3654": [6, 5], "car_3657": [3, 1], "car_3656": [13, 4], "car_3651": [15, 7], "car_3650": [11, 3], "car_3211": [2, 3], "car_3652": [10, 4], "car_435": [11, 4], "car_434": [7, 2], "car_437": [14, 5], "car_436": [15, 6], "car_431": [14, 5], "car_430": [5, 4], "car_433": [3, 0], "car_432": [6, 7], "car_3893": [8, 6], "car_1846": [10, 7], "car_3891": [13, 5], "car_3890": [2, 3], "car_439": [9, 4], "car_438": [6, 4], "car_3895": [0, 3], "car_1847": [14, 2], "car_2274": [15, 1], "car_2275": [1, 3], "car_2276": [10, 4], "car_2277": [14, 1], "car_2270": [7, 6], "car_2271": [8, 0], "car_2272": [0, 5], "car_2273": [11, 6], "car_3778": [15, 5], "car_1845": [15, 4], "car_2278": [6, 7], "car_2279": [3, 5], "car_4487": [2, 3], "car_3573": [14, 0], "car_4726": [11, 0], "car_4533": [10, 7], "car_3927": [9, 1], "car_1848": [6, 7], "car_2289": [8, 6], "car_1968": [2, 7], "car_1849": [9, 3], "car_2288": [7, 4], "car_1965": [15, 3], "car_4479": [15, 4], "car_3370": [0, 7], "car_1964": [11, 5], "car_3093": [9, 5], "car_3092": [10, 1], "car_3091": [5, 1], "car_3090": [11, 4], "car_3097": [2, 4], "car_3096": [14, 0], "car_3095": [5, 6], "car_3094": [4, 7], "car_3420": [9, 0], "car_3376": [9, 4], "car_3099": [7, 1], "car_3098": [6, 4], "car_3311": [6, 7], "car_501": [10, 4], "car_500": [4, 6], "car_503": [6, 1], "car_502": [14, 6], "car_505": [8, 0], "car_504": [9, 3], "car_507": [1, 5], "car_506": [0, 3], "car_509": [10, 3], "car_508": [5, 1], "car_2302": [6, 5], "car_2303": [9, 4], "car_2304": [3, 7], "car_2305": [11, 7], "car_2306": [5, 2], "car_2307": [2, 1], "car_2281": [8, 1], "car_4535": [13, 5], "car_1745": [5, 7], "car_2280": [7, 1], "car_4176": [5, 1], "car_3378": [7, 1], "car_4130": [9, 5], "car_3379": [8, 6], "car_2960": [7, 4], "car_3475": [15, 0], "car_3474": [11, 2], "car_646": [9, 2], "car_647": [13, 3], "car_644": [14, 5], "car_645": [6, 1], "car_642": [15, 6], "car_643": [5, 4], "car_640": [8, 3], "car_641": [4, 3], "car_2314": [6, 5], "car_4036": [7, 3], "car_648": [3, 4], "car_649": [12, 7], "car_3570": [4, 6], "car_4037": [8, 7], "car_4727": [15, 3], "car_2961": [8, 6], "car_2576": [8, 6], "car_4030": [11, 4], "car_3577": [3, 5], "car_3572": [1, 3], "car_4031": [15, 0], "car_4537": [7, 5], "car_2526": [14, 6], "car_4370": [10, 6], "car_1830": [14, 5], "car_3574": [2, 6], "car_4033": [9, 6], "car_2673": [9, 7], "car_3575": [6, 4], "car_4364": [5, 4], "car_2962": [0, 3], "car_3576": [9, 0], "car_4497": [8, 4], "car_2570": [8, 2], "car_4249": [14, 0], "car_4536": [3, 7], "car_2681": [6, 5], "car_4248": [1, 4], "car_2999": [0, 5], "car_4360": [2, 4], "car_2420": [3, 1], "car_4371": [14, 7], "car_4361": [13, 0], "car_4699": [1, 4], "car_2963": [4, 7], "car_4490": [8, 7], "car_3899": [5, 7], "car_4491": [12, 2], "car_4539": [0, 1], "car_3929": [3, 6], "car_2680": [2, 3], "car_4715": [4, 3], "car_2854": [9, 6], "car_4714": [0, 7], "car_3800": [15, 2], "car_4387": [10, 3], "car_2964": [1, 2], "car_4071": [10, 4], "car_4072": [6, 3], "car_4073": [13, 7], "car_4074": [3, 2], "car_4075": [8, 7], "car_4076": [4, 5], "car_4077": [15, 3], "car_4078": [5, 1], "car_4079": [14, 1], "car_4538": [8, 3], "car_3928": [13, 1], "car_2683": [13, 7], "car_3913": [4, 5], "car_4245": [7, 6], "car_3801": [5, 6], "car_4244": [6, 3], "car_1932": [11, 2], "car_1933": [1, 5], "car_1930": [8, 5], "car_1931": [0, 3], "car_1936": [2, 6], "car_1937": [6, 0], "car_1934": [5, 4], "car_1935": [10, 4], "car_1938": [9, 5], "car_1939": [12, 2], "car_2682": [9, 1], "car_4453": [4, 3], "car_4401": [1, 0], "car_3802": [14, 3], "car_1717": [14, 0], "car_4385": [4, 1], "car_4214": [11, 7], "car_4215": [15, 6], "car_4216": [5, 7], "car_4217": [10, 7], "car_1338": [1, 0], "car_1339": [10, 4], "car_4212": [8, 6], "car_4213": [0, 3], "car_1334": [8, 1], "car_1335": [12, 0], "car_1336": [0, 1], "car_1337": [15, 2], "car_1330": [2, 3], "car_1331": [13, 1], "car_1332": [3, 0], "car_1333": [7, 6], "car_4184": [4, 2], "car_4185": [1, 3], "car_4186": [10, 1], "car_4187": [3, 0], "car_3803": [6, 4], "car_4181": [7, 4], "car_4182": [8, 3], "car_4183": [12, 6], "car_1711": [2, 5], "car_4188": [7, 6], "car_4189": [8, 7], "car_4728": [5, 3], "car_2998": [12, 3], "car_3877": [8, 5], "car_4403": [2, 5], "car_358": [14, 6], "car_359": [9, 0], "car_1804": [7, 6], "car_1805": [12, 3], "car_1802": [2, 7], "car_1803": [6, 0], "car_1800": [15, 0], "car_1801": [14, 4], "car_350": [14, 4], "car_351": [2, 4], "car_352": [13, 4], "car_353": [7, 4], "car_354": [8, 2], "car_355": [12, 6], "car_356": [15, 5], "car_357": [1, 5], "car_1482": [1, 3], "car_1483": [14, 2], "car_1480": [4, 3], "car_1481": [11, 6], "car_1486": [3, 6], "car_1487": [7, 0], "car_1484": [6, 7], "car_1485": [9, 3], "car_4320": [14, 3], "car_4321": [2, 6], "car_1488": [15, 6], "car_1489": [1, 4], "car_4324": [8, 7], "car_4325": [0, 7], "car_4326": [11, 4], "car_4327": [2, 4], "car_1240": [3, 6], "car_1241": [8, 1], "car_1242": [11, 2], "car_1243": [5, 2], "car_1244": [10, 7], "car_1245": [6, 4], "car_1246": [13, 3], "car_1247": [8, 2], "car_1248": [12, 5], "car_1249": [4, 0], "car_4692": [2, 0], "car_4693": [9, 0], "car_4694": [13, 1], "car_4695": [8, 6], "car_4621": [4, 1], "car_4697": [0, 6], "car_1747": [9, 1], "car_3977": [1, 5], "car_3642": [0, 3], "car_3879": [10, 0], "car_4681": [4, 2], "car_4339": [8, 2], "car_3806": [12, 3], "car_3878": [0, 1], "car_2374": [7, 5], "car_1879": [14, 5], "car_2917": [3, 7], "car_2916": [13, 5], "car_2911": [5, 1], "car_2910": [1, 6], "car_2913": [2, 7], "car_2912": [14, 3], "car_2919": [8, 0], "car_2918": [7, 0], "car_4447": [6, 1], "car_3804": [13, 2], "car_2049": [11, 6], "car_2048": [4, 6], "car_2047": [7, 4], "car_2046": [3, 7], "car_2045": [13, 4], "car_2044": [9, 1], "car_2043": [2, 0], "car_2042": [14, 6], "car_2041": [10, 2], "car_2040": [1, 3], "car_1064": [15, 4], "car_1065": [1, 3], "car_1066": [14, 4], "car_1067": [2, 4], "car_1060": [7, 3], "car_1061": [8, 7], "car_1062": [0, 6], "car_1063": [11, 0], "car_2685": [7, 6], "car_2684": [3, 6], "car_2687": [4, 0], "car_2686": [8, 0], "car_1068": [13, 0], "car_1069": [7, 4], "car_1798": [12, 5], "car_1799": [4, 6], "car_4629": [2, 3], "car_3701": [13, 2], "car_4059": [3, 0], "car_4628": [14, 5], "car_3808": [3, 6], "car_10": [4, 2], "car_11": [11, 6], "car_12": [1, 3], "car_13": [5, 3], "car_14": [10, 2], "car_15": [14, 0], "car_16": [2, 3], "car_17": [9, 1], "car_18": [3, 2], "car_19": [7, 1], "car_3406": [6, 1], "car_3407": [9, 6], "car_3400": [12, 2], "car_3401": [4, 0], "car_3402": [15, 6], "car_3403": [1, 3], "car_2461": [8, 3], "car_2460": [7, 3], "car_1668": [2, 1], "car_1669": [3, 0], "car_2465": [5, 3], "car_2464": [1, 3], "car_2467": [6, 2], "car_2466": [10, 4], "car_1662": [3, 7], "car_1663": [8, 1], "car_1660": [14, 2], "car_1661": [13, 0], "car_1666": [10, 0], "car_1667": [14, 5], "car_1664": [4, 6], "car_1665": [5, 2], "car_1468": [0, 5], "car_1469": [4, 5], "car_1460": [15, 0], "car_1461": [5, 4], "car_1462": [10, 0], "car_1463": [14, 0], "car_1464": [6, 1], "car_1465": [9, 6], "car_1466": [8, 0], "car_1467": [12, 2], "car_3930": [8, 0], "car_2699": [2, 1], "car_3717": [15, 1], "car_2869": [8, 4], "car_2868": [13, 3], "car_2865": [1, 4], "car_2864": [15, 7], "car_2867": [9, 2], "car_2866": [5, 1], "car_2861": [2, 6], "car_2860": [14, 7], "car_2863": [0, 7], "car_2862": [12, 2], "car_3712": [3, 4], "car_2648": [0, 6], "car_3713": [7, 1], "car_3931": [12, 4], "car_422": [0, 6], "car_423": [10, 7], "car_420": [13, 7], "car_421": [12, 2], "car_426": [12, 3], "car_427": [0, 7], "car_424": [3, 1], "car_425": [8, 3], "car_3318": [9, 4], "car_3319": [7, 3], "car_428": [4, 3], "car_429": [15, 4], "car_2377": [11, 1], "car_2267": [10, 7], "car_2266": [5, 2], "car_2265": [1, 2], "car_2264": [11, 3], "car_2263": [4, 6], "car_2262": [0, 5], "car_2261": [12, 5], "car_2260": [8, 5], "car_2371": [2, 7], "car_3932": [0, 4], "car_2269": [9, 2], "car_2268": [2, 4], "car_4562": [4, 1], "car_3798": [12, 1], "car_2373": [3, 7], "car_4563": [11, 3], "car_3794": [1, 5], "car_3795": [14, 4], "car_3796": [2, 4], "car_2372": [6, 4], "car_2008": [14, 4], "car_3791": [3, 4], "car_3792": [7, 6], "car_3793": [15, 7], "car_4561": [0, 7], "car_4566": [9, 0], "car_2370": [10, 7], "car_3486": [6, 5], "car_4567": [3, 5], "car_3487": [9, 0], "car_4564": [15, 4], "car_4565": [1, 2], "car_3224": [1, 0], "car_3225": [10, 4], "car_2319": [14, 3], "car_2318": [1, 2], "car_3220": [6, 4], "car_3221": [9, 7], "car_518": [5, 1], "car_519": [14, 4], "car_516": [0, 4], "car_517": [1, 2], "car_514": [8, 2], "car_515": [12, 0], "car_512": [3, 1], "car_513": [7, 4], "car_510": [14, 4], "car_511": [6, 7], "car_4402": [5, 4], "car_4405": [3, 4], "car_4209": [5, 7], "car_1870": [1, 5], "car_3589": [5, 2], "car_4407": [12, 0], "car_3935": [15, 6], "car_2692": [13, 0], "car_3488": [7, 1], "car_2444": [10, 4], "car_4406": [7, 5], "car_3469": [6, 0], "car_3489": [0, 1], "car_633": [11, 5], "car_632": [12, 6], "car_631": [7, 0], "car_630": [13, 6], "car_637": [9, 3], "car_636": [6, 2], "car_635": [10, 0], "car_634": [1, 6], "car_2675": [7, 5], "car_639": [3, 6], "car_638": [13, 4], "car_4531": [11, 2], "car_4762": [5, 7], "car_3588": [1, 6], "car_3138": [1, 3], "car_3139": [5, 3], "car_3936": [1, 2], "car_2693": [3, 1], "car_3130": [2, 4], "car_3131": [6, 4], "car_3132": [9, 5], "car_3133": [13, 0], "car_3134": [7, 4], "car_3135": [12, 3], "car_3136": [0, 4], "car_3137": [4, 6], "car_4767": [7, 4], "car_4570": [15, 4], "car_189": [11, 2], "car_188": [0, 2], "car_185": [13, 4], "car_184": [6, 2], "car_187": [12, 1], "car_186": [3, 6], "car_181": [8, 2], "car_180": [3, 0], "car_183": [2, 7], "car_182": [1, 3], "car_3938": [7, 4], "car_749": [10, 5], "car_748": [11, 5], "car_747": [0, 6], "car_746": [12, 5], "car_745": [8, 3], "car_744": [13, 1], "car_743": [9, 2], "car_742": [14, 1], "car_741": [1, 6], "car_740": [15, 6], "car_4718": [1, 7], "car_2131": [8, 3], "car_4529": [7, 1], "car_3939": [12, 6], "car_3724": [12, 0], "car_4062": [0, 3], "car_4061": [12, 6], "car_4060": [8, 1], "car_4067": [12, 5], "car_4066": [3, 7], "car_4065": [9, 2], "car_4064": [2, 4], "car_4069": [15, 1], "car_4068": [0, 3], "car_3316": [8, 4], "car_2618": [12, 7], "car_3584": [14, 1], "car_4526": [1, 7], "car_299": [14, 6], "car_298": [10, 6], "car_1927": [13, 2], "car_1926": [9, 5], "car_1921": [1, 3], "car_1920": [11, 0], "car_1923": [14, 7], "car_1922": [10, 7], "car_291": [10, 4], "car_290": [5, 6], "car_293": [9, 0], "car_292": [6, 5], "car_295": [12, 4], "car_294": [8, 4], "car_297": [15, 4], "car_296": [4, 7], "car_4527": [5, 2], "car_3852": [14, 7], "car_4207": [12, 0], "car_4206": [8, 1], "car_4205": [3, 5], "car_4204": [14, 2], "car_4203": [10, 5], "car_4202": [4, 3], "car_1329": [10, 0], "car_1328": [15, 1], "car_1327": [4, 6], "car_1326": [7, 4], "car_1325": [13, 6], "car_1324": [14, 1], "car_1323": [10, 2], "car_1322": [0, 7], "car_1321": [12, 0], "car_1320": [8, 0], "car_4197": [3, 7], "car_4196": [13, 0], "car_4195": [2, 3], "car_4194": [10, 5], "car_4193": [15, 6], "car_4192": [4, 3], "car_4191": [0, 2], "car_4190": [12, 4], "car_3721": [6, 1], "car_4199": [8, 3], "car_4198": [7, 0], "car_365": [6, 2], "car_364": [14, 4], "car_367": [3, 2], "car_366": [13, 1], "car_361": [7, 4], "car_360": [13, 0], "car_363": [5, 0], "car_362": [8, 5], "car_1811": [9, 0], "car_1810": [10, 2], "car_1813": [8, 7], "car_1812": [3, 1], "car_369": [0, 7], "car_368": [7, 6], "car_1817": [15, 1], "car_1816": [4, 7], "car_167": [7, 3], "car_166": [3, 4], "car_165": [13, 7], "car_164": [9, 0], "car_163": [6, 7], "car_162": [2, 6], "car_161": [14, 2], "car_160": [1, 0], "car_3720": [10, 4], "car_4669": [13, 0], "car_4668": [9, 3], "car_169": [11, 1], "car_168": [0, 2], "car_1495": [6, 0], "car_1494": [2, 4], "car_1497": [7, 0], "car_1496": [3, 0], "car_1491": [4, 1], "car_1490": [7, 5], "car_1493": [1, 4], "car_1492": [15, 1], "car_4333": [15, 4], "car_4332": [12, 7], "car_4331": [8, 6], "car_4330": [7, 3], "car_1499": [12, 2], "car_1498": [8, 3], "car_3580": [0, 2], "car_4334": [14, 1], "car_1253": [9, 3], "car_1252": [6, 5], "car_1251": [14, 0], "car_1250": [15, 1], "car_1257": [2, 4], "car_1256": [15, 1], "car_1255": [11, 7], "car_1254": [0, 1], "car_4683": [9, 3], "car_2850": [3, 0], "car_1259": [9, 2], "car_1258": [6, 1], "car_4687": [12, 5], "car_3622": [12, 5], "car_4685": [7, 6], "car_2851": [8, 2], "car_1868": [0, 1], "car_2852": [14, 0], "car_3624": [11, 3], "car_2853": [6, 4], "car_3583": [5, 2], "car_4672": [15, 6], "car_3248": [3, 7], "car_4523": [7, 2], "car_3626": [1, 6], "car_3627": [10, 6], "car_4210": [14, 5], "car_1789": [0, 4], "car_1788": [12, 5], "car_2070": [0, 6], "car_2071": [4, 6], "car_2076": [9, 2], "car_2077": [13, 6], "car_2074": [2, 0], "car_2075": [6, 7], "car_1781": [14, 7], "car_1780": [10, 7], "car_1783": [9, 5], "car_1782": [2, 0], "car_1785": [4, 7], "car_1784": [12, 4], "car_1787": [6, 7], "car_1786": [14, 5], "car_1077": [9, 7], "car_1076": [14, 6], "car_1075": [10, 2], "car_1074": [1, 3], "car_1073": [15, 4], "car_1072": [11, 2], "car_1071": [12, 5], "car_1070": [8, 5], "car_2678": [5, 6], "car_2679": [14, 2], "car_3520": [10, 2], "car_4211": [6, 7], "car_1079": [11, 7], "car_1078": [12, 4], "car_3981": [12, 5], "car_3257": [12, 7], "car_4337": [3, 2], "car_2139": [3, 1], "car_3256": [8, 2], "car_4521": [9, 5], "car_2034": [9, 4], "car_2300": [14, 4], "car_2035": [3, 1], "car_2301": [2, 5], "car_2032": [0, 5], "car_3706": [11, 1], "car_2033": [11, 1], "car_2996": [13, 5], "car_3419": [1, 0], "car_2138": [9, 2], "car_3417": [0, 4], "car_3416": [12, 2], "car_3415": [8, 5], "car_3414": [3, 1], "car_3413": [13, 4], "car_3412": [2, 3], "car_3411": [11, 2], "car_3410": [4, 2], "car_985": [0, 3], "car_984": [6, 7], "car_987": [15, 4], "car_986": [4, 6], "car_981": [1, 7], "car_980": [15, 1], "car_983": [14, 7], "car_982": [10, 6], "car_1675": [1, 5], "car_1674": [15, 6], "car_1677": [14, 5], "car_1676": [10, 4], "car_989": [8, 4], "car_988": [7, 0], "car_1673": [11, 3], "car_1672": [0, 5], "car_2784": [7, 3], "car_2785": [8, 3], "car_1479": [0, 5], "car_1478": [12, 0], "car_2780": [14, 5], "car_2781": [6, 4], "car_2782": [9, 2], "car_2783": [3, 5], "car_1473": [14, 3], "car_1472": [10, 0], "car_1471": [5, 4], "car_1470": [15, 2], "car_1477": [3, 2], "car_1476": [13, 7], "car_1475": [9, 4], "car_1474": [6, 0], "car_2890": [11, 6], "car_2891": [15, 1], "car_2892": [6, 2], "car_2893": [3, 1], "car_2894": [8, 2], "car_1743": [0, 5], "car_2896": [4, 1], "car_2897": [11, 0], "car_2898": [2, 5], "car_2899": [3, 7], "car_1742": [7, 1], "car_2990": [8, 5], "car_4673": [1, 4], "car_4581": [7, 1], "car_2528": [9, 6], "car_2529": [13, 0], "car_2258": [10, 1], "car_2259": [6, 0], "car_3307": [7, 2], "car_2689": [1, 4], "car_3305": [2, 4], "car_3304": [5, 7], "car_2252": [15, 2], "car_2253": [1, 2], "car_2250": [0, 4], "car_2251": [11, 4], "car_2256": [15, 1], "car_2257": [1, 3], "car_2254": [14, 6], "car_2255": [12, 0], "car_2098": [2, 3], "car_2099": [9, 6], "car_2090": [10, 5], "car_2091": [6, 0], "car_2092": [9, 2], "car_2093": [3, 0], "car_2094": [0, 3], "car_2095": [15, 4], "car_2096": [1, 2], "car_2097": [5, 6], "car_3789": [6, 1], "car_3788": [2, 1], "car_2992": [1, 2], "car_3786": [5, 2], "car_3785": [1, 6], "car_3784": [0, 2], "car_3783": [8, 1], "car_3782": [7, 5], "car_3781": [3, 2], "car_3780": [9, 2], "car_4310": [5, 2], "car_3237": [14, 3], "car_3236": [5, 4], "car_569": [10, 1], "car_568": [5, 4], "car_3233": [11, 6], "car_3232": [4, 5], "car_2328": [11, 0], "car_2329": [10, 3], "car_563": [9, 3], "car_562": [6, 3], "car_561": [14, 3], "car_560": [5, 2], "car_567": [1, 3], "car_566": [15, 3], "car_565": [11, 5], "car_564": [3, 7], "car_3598": [9, 6], "car_2331": [6, 5], "car_3739": [14, 2], "car_4380": [9, 5], "car_3644": [11, 0], "car_620": [10, 5], "car_621": [14, 4], "car_622": [9, 4], "car_623": [13, 0], "car_624": [0, 6], "car_625": [4, 0], "car_626": [11, 7], "car_627": [1, 0], "car_628": [5, 3], "car_629": [14, 6], "car_4670": [3, 4], "car_1869": [15, 2], "car_3129": [14, 7], "car_3128": [10, 3], "car_4289": [1, 2], "car_3123": [12, 3], "car_3122": [8, 7], "car_3121": [3, 1], "car_3120": [2, 7], "car_3127": [5, 3], "car_3126": [15, 2], "car_3125": [11, 3], "car_3124": [4, 3], "car_4524": [8, 3], "car_3666": [14, 2], "car_1866": [8, 5], "car_1867": [12, 6], "car_3388": [0, 6], "car_198": [10, 5], "car_199": [2, 7], "car_2831": [6, 7], "car_192": [9, 0], "car_193": [13, 4], "car_190": [15, 0], "car_191": [1, 4], "car_196": [4, 3], "car_197": [15, 2], "car_194": [8, 3], "car_195": [0, 4], "car_3670": [15, 3], "car_758": [1, 6], "car_759": [10, 0], "car_754": [8, 3], "car_755": [12, 2], "car_756": [0, 7], "car_757": [4, 6], "car_750": [14, 1], "car_751": [6, 3], "car_752": [3, 1], "car_753": [7, 5], "car_1940": [0, 5], "car_3355": [10, 6], "car_4056": [10, 5], "car_4057": [14, 1], "car_4054": [1, 6], "car_4055": [5, 6], "car_2991": [11, 5], "car_4053": [11, 2], "car_4050": [7, 4], "car_4051": [12, 1], "car_3299": [9, 3], "car_4118": [11, 6], "car_4058": [2, 7], "car_3298": [2, 5], "car_286": [12, 3], "car_287": [0, 7], "car_284": [3, 0], "car_285": [8, 7], "car_282": [5, 7], "car_283": [10, 4], "car_280": [11, 1], "car_281": [15, 2], "car_3353": [15, 1], "car_1949": [7, 1], "car_288": [15, 0], "car_289": [1, 5], "car_3453": [13, 4], "car_1948": [3, 0], "car_2791": [14, 3], "car_3592": [7, 6], "car_3452": [9, 7], "car_4749": [9, 4], "car_4113": [2, 1], "car_3451": [2, 5], "car_4112": [10, 2], "car_4646": [5, 2], "car_3450": [14, 7], "car_4111": [1, 0], "car_3985": [5, 4], "car_4110": [15, 0], "car_3984": [1, 3], "car_1312": [11, 1], "car_1313": [15, 4], "car_1310": [0, 5], "car_1311": [4, 6], "car_1316": [10, 4], "car_1317": [9, 5], "car_1314": [1, 5], "car_1315": [5, 7], "car_4513": [1, 0], "car_1318": [13, 7], "car_1319": [7, 3], "car_2450": [4, 7], "car_3921": [11, 7], "car_2451": [1, 3], "car_2452": [5, 3], "car_372": [5, 2], "car_373": [2, 6], "car_370": [11, 1], "car_371": [1, 0], "car_376": [3, 0], "car_377": [7, 3], "car_374": [6, 0], "car_375": [13, 7], "car_1864": [6, 1], "car_1865": [3, 6], "car_378": [0, 3], "car_379": [4, 3], "car_1860": [15, 3], "car_1861": [5, 1], "car_1862": [10, 6], "car_1863": [2, 4], "car_174": [4, 6], "car_175": [11, 5], "car_176": [10, 5], "car_177": [14, 3], "car_170": [9, 4], "car_171": [13, 2], "car_172": [8, 7], "car_173": [12, 1], "car_2457": [0, 3], "car_178": [2, 6], "car_179": [13, 1], "car_2338": [5, 1], "car_4511": [12, 5], "car_4308": [2, 4], "car_4309": [3, 0], "car_4306": [1, 5], "car_4307": [5, 1], "car_4304": [0, 1], "car_3697": [10, 6], "car_4302": [7, 6], "car_4303": [12, 1], "car_4300": [13, 5], "car_4301": [3, 0], "car_1266": [6, 5], "car_1267": [3, 1], "car_1264": [4, 3], "car_1265": [1, 6], "car_1262": [8, 1], "car_1263": [12, 0], "car_1260": [13, 2], "car_1261": [7, 1], "car_2949": [10, 6], "car_4769": [12, 3], "car_1268": [8, 0], "car_1269": [12, 6], "car_3581": [4, 3], "car_4510": [13, 2], "car_3749": [6, 5], "car_3371": [4, 3], "car_4735": [12, 1], "car_2406": [3, 5], "car_3979": [6, 5], "car_4238": [8, 4], "car_4239": [0, 1], "car_4232": [3, 0], "car_4233": [0, 3], "car_4230": [6, 0], "car_4231": [13, 2], "car_4236": [3, 2], "car_4237": [7, 3], "car_4234": [4, 3], "car_4235": [6, 4], "car_2065": [1, 2], "car_2064": [11, 7], "car_1048": [15, 4], "car_1049": [5, 6], "car_2061": [12, 7], "car_2060": [3, 7], "car_2063": [4, 6], "car_2062": [0, 7], "car_1042": [14, 6], "car_1043": [9, 2], "car_1040": [1, 7], "car_1041": [5, 1], "car_1046": [4, 6], "car_1047": [11, 2], "car_1044": [12, 6], "car_1045": [0, 6], "car_2663": [11, 4], "car_2662": [4, 7], "car_2661": [12, 7], "car_2660": [3, 2], "car_2667": [7, 3], "car_2666": [14, 6], "car_2665": [5, 3], "car_2664": [1, 0], "car_2669": [4, 6], "car_2668": [8, 2], "car_4548": [11, 1], "car_4522": [13, 2], "car_4516": [9, 0], "car_3528": [2, 0], "car_2404": [6, 4], "car_4265": [3, 2], "car_3582": [1, 3], "car_4739": [5, 7], "car_4740": [2, 1], "car_4738": [15, 2], "car_4515": [6, 7], "car_3422": [12, 7], "car_3423": [4, 5], "car_78": [8, 2], "car_79": [12, 2], "car_3426": [7, 3], "car_3427": [8, 5], "car_3424": [11, 4], "car_3425": [1, 0], "car_72": [11, 5], "car_73": [5, 6], "car_70": [8, 6], "car_71": [0, 6], "car_76": [13, 3], "car_77": [3, 2], "car_74": [2, 7], "car_75": [9, 1], "car_992": [11, 3], "car_993": [15, 4], "car_990": [12, 4], "car_991": [4, 0], "car_996": [14, 7], "car_997": [2, 0], "car_994": [5, 3], "car_995": [10, 1], "car_1688": [14, 2], "car_1689": [9, 2], "car_998": [9, 1], "car_999": [7, 2], "car_2409": [12, 7], "car_2408": [8, 6], "car_2797": [2, 0], "car_2796": [5, 3], "car_2795": [0, 6], "car_2794": [8, 2], "car_2793": [13, 3], "car_2792": [2, 3], "car_1448": [1, 0], "car_1449": [5, 7], "car_1446": [8, 3], "car_1447": [0, 1], "car_1444": [13, 3], "car_1445": [3, 4], "car_1442": [14, 7], "car_1443": [9, 7], "car_1440": [1, 7], "car_1441": [5, 4], "car_2883": [5, 2], "car_2882": [1, 6], "car_2881": [15, 0], "car_2798": [7, 0], "car_2887": [13, 4], "car_2886": [6, 1], "car_2885": [2, 0], "car_2884": [10, 7], "car_2889": [0, 7], "car_2888": [12, 6], "car_3686": [8, 2], "car_3687": [12, 2], "car_3684": [3, 4], "car_3685": [7, 4], "car_2401": [11, 6], "car_3683": [13, 3], "car_3680": [10, 6], "car_3681": [14, 1], "car_2986": [1, 3], "car_3688": [15, 4], "car_3689": [6, 0], "car_3336": [11, 5], "car_3337": [5, 7], "car_2539": [12, 6], "car_2538": [7, 2], "car_2249": [12, 3], "car_2248": [8, 3], "car_3330": [11, 7], "car_3331": [10, 3], "car_2245": [14, 5], "car_2244": [1, 7], "car_2247": [7, 1], "car_2246": [13, 4], "car_2241": [7, 1], "car_2240": [3, 2], "car_2243": [4, 3], "car_2242": [12, 2], "car_2089": [5, 7], "car_2088": [1, 2], "car_3873": [2, 7], "car_2083": [5, 0], "car_2082": [1, 7], "car_2081": [4, 1], "car_2080": [12, 3], "car_2087": [13, 2], "car_2086": [9, 3], "car_2085": [6, 7], "car_2084": [2, 3], "car_3180": [5, 6], "car_3183": [10, 0], "car_4676": [13, 3], "car_3239": [8, 6], "car_2984": [0, 6], "car_3758": [8, 3], "car_3759": [12, 1], "car_3208": [5, 0], "car_3209": [10, 2], "car_4336": [9, 4], "car_3868": [0, 1], "car_3202": [2, 3], "car_3203": [13, 2], "car_3200": [11, 3], "car_3186": [6, 7], "car_3206": [15, 4], "car_3207": [1, 2], "car_3204": [4, 0], "car_3205": [11, 5], "car_578": [0, 1], "car_579": [4, 2], "car_2333": [13, 5], "car_2332": [9, 5], "car_2335": [8, 4], "car_2334": [3, 6], "car_2337": [1, 7], "car_553": [13, 5], "car_570": [13, 6], "car_571": [3, 5], "car_572": [7, 5], "car_573": [8, 5], "car_574": [12, 5], "car_806": [8, 5], "car_576": [11, 1], "car_577": [12, 3], "car_4115": [13, 3], "car_807": [1, 0], "car_800": [14, 0], "car_801": [6, 1], "car_4152": [10, 0], "car_802": [9, 6], "car_4508": [2, 5], "car_4400": [15, 5], "car_2192": [9, 2], "car_803": [13, 7], "car_2067": [9, 3], "car_2066": [2, 1], "car_619": [1, 4], "car_618": [11, 4], "car_3377": [13, 4], "car_615": [12, 5], "car_614": [8, 7], "car_617": [4, 6], "car_616": [0, 5], "car_611": [9, 2], "car_610": [6, 4], "car_613": [7, 2], "car_612": [13, 7], "car_2151": [8, 0], "car_3775": [8, 1], "car_4509": [9, 0], "car_3118": [11, 3], "car_3119": [1, 2], "car_3116": [8, 0], "car_3117": [0, 2], "car_3114": [6, 3], "car_3115": [9, 1], "car_3112": [15, 2], "car_3113": [10, 3], "car_3110": [12, 2], "car_3111": [0, 7], "car_2704": [1, 4], "car_4674": [5, 3], "car_2705": [2, 3], "car_4586": [15, 4], "car_3678": [15, 1], "car_2706": [6, 4], "car_4591": [3, 0], "car_2150": [7, 5], "car_4555": [10, 4], "car_2707": [12, 4], "car_2069": [12, 7], "car_2068": [7, 6], "car_2702": [4, 7], "car_2703": [15, 4], "car_4632": [12, 5], "car_769": [14, 2], "car_768": [5, 1], "car_2567": [14, 1], "car_4545": [12, 2], "car_761": [6, 3], "car_760": [2, 7], "car_763": [7, 5], "car_762": [9, 7], "car_765": [0, 1], "car_764": [8, 0], "car_767": [15, 0], "car_766": [11, 5], "car_2216": [0, 5], "car_4428": [14, 2], "car_2217": [1, 7], "car_4540": [4, 5], "car_2330": [14, 2], "car_2214": [9, 7], "car_4541": [9, 1], "car_4070": [5, 3], "car_2215": [8, 0], "car_4542": [13, 2], "car_2212": [1, 3], "car_4543": [7, 0], "car_2213": [6, 4], "car_4424": [15, 7], "car_4423": [11, 4], "car_2210": [4, 6], "car_4422": [8, 4], "car_4151": [5, 6], "car_2211": [11, 2], "car_575": [0, 7], "car_3374": [14, 0], "car_4549": [9, 2], "car_4201": [0, 5], "car_4425": [1, 6], "car_4381": [13, 6], "car_4142": [8, 0], "car_1305": [10, 3], "car_1304": [15, 3], "car_1307": [9, 7], "car_1306": [14, 5], "car_1301": [12, 3], "car_1300": [8, 3], "car_1303": [4, 6], "car_1302": [0, 7], "car_4675": [9, 3], "car_3909": [6, 7], "car_1309": [7, 3], "car_1308": [3, 1], "car_3832": [2, 4], "car_3760": [0, 1], "car_389": [14, 5], "car_388": [10, 7], "car_387": [11, 4], "car_386": [0, 6], "car_385": [8, 4], "car_384": [7, 4], "car_383": [9, 7], "car_382": [2, 0], "car_381": [1, 4], "car_380": [11, 7], "car_141": [15, 6], "car_140": [0, 3], "car_143": [6, 2], "car_142": [5, 2], "car_145": [3, 7], "car_144": [9, 4], "car_147": [12, 1], "car_146": [8, 2], "car_149": [1, 3], "car_148": [4, 2], "car_4043": [3, 2], "car_4042": [13, 2], "car_2407": [7, 3], "car_4044": [8, 6], "car_4047": [10, 3], "car_4046": [15, 1], "car_1279": [1, 5], "car_1278": [15, 2], "car_4313": [7, 6], "car_4312": [3, 7], "car_4315": [0, 1], "car_4314": [12, 0], "car_4317": [1, 4], "car_4316": [4, 6], "car_1271": [15, 5], "car_1270": [11, 5], "car_1273": [13, 2], "car_1272": [1, 4], "car_1275": [12, 7], "car_1274": [7, 3], "car_1277": [11, 4], "car_1276": [0, 4], "car_2326": [12, 3], "car_4501": [10, 2], "car_2847": [10, 1], "car_3671": [5, 4], "car_4771": [14, 2], "car_2327": [0, 5], "car_4502": [2, 0], "car_4229": [2, 7], "car_4228": [5, 2], "car_4305": [11, 1], "car_4225": [4, 2], "car_3912": [0, 1], "car_4227": [1, 3], "car_4226": [11, 7], "car_4221": [7, 2], "car_4220": [13, 5], "car_4223": [12, 1], "car_4222": [8, 1], "car_3491": [15, 0], "car_1059": [3, 2], "car_1058": [9, 0], "car_1055": [14, 0], "car_1054": [10, 5], "car_1057": [6, 7], "car_1056": [2, 0], "car_1051": [4, 5], "car_1050": [9, 3], "car_1053": [5, 7], "car_1052": [15, 6], "car_2656": [4, 1], "car_2657": [1, 4], "car_2654": [8, 4], "car_2655": [0, 3], "car_2652": [14, 4], "car_2653": [3, 4], "car_2650": [15, 7], "car_2651": [5, 7], "car_4439": [1, 3], "car_2415": [6, 3], "car_2658": [2, 3], "car_2659": [9, 4], "car_3490": [11, 3], "car_4588": [2, 5], "car_3790": [13, 6], "car_4035": [3, 6], "car_4689": [11, 1], "car_2416": [9, 0], "car_69": [9, 4], "car_68": [6, 3], "car_2438": [8, 1], "car_2439": [0, 5], "car_3431": [15, 5], "car_3430": [11, 0], "car_3433": [2, 1], "car_3432": [10, 5], "car_61": [11, 4], "car_60": [4, 5], "car_63": [1, 6], "car_62": [15, 0], "car_65": [10, 0], "car_64": [5, 6], "car_67": [2, 7], "car_66": [14, 5], "car_1693": [10, 7], "car_1692": [15, 6], "car_1691": [12, 4], "car_1690": [3, 6], "car_1697": [3, 0], "car_1696": [13, 4], "car_969": [8, 5], "car_968": [7, 1], "car_967": [3, 2], "car_966": [2, 7], "car_965": [14, 3], "car_964": [1, 6], "car_963": [11, 2], "car_962": [4, 7], "car_961": [0, 4], "car_960": [12, 5], "car_1451": [2, 0], "car_1450": [14, 0], "car_1453": [11, 0], "car_1452": [13, 5], "car_1455": [10, 6], "car_1454": [1, 0], "car_1457": [12, 0], "car_1456": [13, 4], "car_1459": [11, 5], "car_1458": [0, 2], "car_4506": [10, 0], "car_3937": [10, 2], "car_3707": [5, 2], "car_3541": [4, 2], "car_2410": [4, 3], "car_2837": [4, 2], "car_4449": [13, 4], "car_3428": [0, 4], "car_3329": [12, 5], "car_3328": [13, 1], "car_3429": [4, 5], "car_3175": [12, 5], "car_3321": [12, 0], "car_3320": [8, 6], "car_3323": [4, 6], "car_3322": [0, 1], "car_3325": [10, 7], "car_3279": [6, 3], "car_3327": [9, 0], "car_3326": [14, 1], "car_3278": [14, 3], "car_2411": [11, 3], "car_3547": [8, 5], "car_2508": [14, 1], "car_2509": [6, 5], "car_2506": [1, 0], "car_2507": [10, 1], "car_2504": [0, 6], "car_2505": [11, 7], "car_2502": [3, 5], "car_2503": [7, 5], "car_2500": [2, 0], "car_2501": [9, 4], "car_2737": [3, 7], "car_1680": [3, 1], "car_1681": [1, 4], "car_4009": [13, 4], "car_3705": [0, 7], "car_3173": [7, 6], "car_1682": [10, 2], "car_1683": [2, 6], "car_4442": [9, 7], "car_3903": [13, 2], "car_3272": [7, 6], "car_1684": [9, 5], "car_2736": [9, 3], "car_1685": [7, 4], "car_1891": [3, 2], "car_3270": [2, 4], "car_1686": [11, 4], "car_1890": [13, 0], "car_3704": [12, 2], "car_1687": [1, 5], "car_1893": [8, 2], "car_545": [4, 2], "car_544": [12, 2], "car_547": [15, 0], "car_546": [11, 3], "car_541": [2, 5], "car_540": [14, 1], "car_543": [13, 4], "car_542": [6, 4], "car_3215": [8, 6], "car_1895": [13, 2], "car_3217": [11, 4], "car_3216": [4, 2], "car_549": [10, 0], "car_548": [5, 1], "car_819": [11, 5], "car_818": [12, 7], "car_2344": [11, 5], "car_2345": [15, 1], "car_2346": [1, 6], "car_2347": [5, 1], "car_2340": [3, 5], "car_1897": [5, 4], "car_2342": [12, 1], "car_2343": [4, 7], "car_2405": [9, 1], "car_1896": [7, 6], "car_2348": [2, 4], "car_2349": [6, 0], "car_4710": [9, 4], "car_3699": [2, 0], "car_3698": [14, 3], "car_3691": [12, 3], "car_3690": [7, 2], "car_3693": [4, 6], "car_3692": [0, 4], "car_3695": [15, 2], "car_3694": [11, 4], "car_33": [6, 7], "car_3696": [1, 3], "car_1767": [12, 7], "car_3702": [7, 6], "car_1766": [8, 2], "car_4682": [15, 1], "car_4218": [6, 7], "car_1765": [9, 0], "car_4219": [9, 5], "car_3498": [12, 1], "car_608": [14, 6], "car_609": [2, 6], "car_2941": [9, 4], "car_602": [3, 5], "car_603": [8, 5], "car_600": [6, 5], "car_601": [13, 6], "car_606": [4, 3], "car_607": [15, 2], "car_604": [12, 7], "car_605": [0, 3], "car_3101": [11, 7], "car_3100": [12, 4], "car_3103": [10, 7], "car_3102": [15, 7], "car_3105": [2, 5], "car_1761": [15, 7], "car_3107": [9, 2], "car_3106": [6, 4], "car_3109": [8, 3], "car_3108": [3, 6], "car_1760": [11, 2], "car_4350": [7, 5], "car_4768": [8, 3], "car_4180": [6, 1], "car_2799": [0, 3], "car_3700": [6, 1], "car_4433": [0, 2], "car_776": [2, 1], "car_777": [9, 3], "car_774": [1, 2], "car_775": [5, 1], "car_772": [7, 3], "car_773": [0, 3], "car_770": [13, 0], "car_771": [3, 6], "car_4551": [8, 5], "car_1768": [4, 3], "car_778": [13, 4], "car_779": [3, 0], "car_4468": [0, 3], "car_4434": [4, 3], "car_2418": [0, 2], "car_2880": [8, 2], "car_4338": [7, 6], "car_1750": [8, 2], "car_3941": [4, 7], "car_4448": [9, 3], "car_3940": [0, 4], "car_4686": [8, 3], "car_4435": [11, 6], "car_2419": [14, 4], "car_4713": [8, 0], "car_4717": [15, 4], "car_3293": [12, 6], "car_4383": [12, 0], "car_4436": [14, 0], "car_3664": [5, 1], "car_3292": [8, 4], "car_3949": [4, 7], "car_3948": [12, 3], "car_4547": [4, 3], "car_4532": [5, 0], "car_4684": [13, 6], "car_4437": [12, 6], "car_3251": [12, 6], "car_1994": [3, 5], "car_1995": [7, 2], "car_1996": [4, 7], "car_1997": [11, 0], "car_1990": [1, 4], "car_1991": [5, 7], "car_1992": [10, 0], "car_1993": [6, 2], "car_4148": [3, 7], "car_4149": [8, 0], "car_1998": [5, 3], "car_1999": [10, 0], "car_2846": [5, 6], "car_4499": [4, 6], "car_3682": [2, 0], "car_3250": [8, 0], "car_3728": [5, 7], "car_1842": [7, 1], "car_1806": [4, 3], "car_1840": [2, 6], "car_1841": [6, 1], "car_398": [11, 2], "car_399": [15, 6], "car_1844": [11, 0], "car_1807": [11, 3], "car_394": [7, 1], "car_395": [8, 1], "car_396": [12, 2], "car_397": [0, 3], "car_390": [6, 2], "car_391": [9, 3], "car_392": [13, 0], "car_393": [3, 7], "car_4369": [1, 4], "car_3725": [4, 6], "car_4671": [8, 0], "car_4038": [0, 6], "car_4039": [15, 6], "car_158": [0, 5], "car_159": [11, 3], "car_156": [9, 5], "car_157": [12, 5], "car_154": [4, 3], "car_155": [10, 3], "car_152": [3, 4], "car_153": [8, 4], "car_150": [14, 7], "car_151": [2, 3], "car_3667": [8, 0], "car_4365": [14, 7], "car_4366": [2, 1], "car_3726": [11, 4], "car_1208": [9, 5], "car_1209": [3, 2], "car_4362": [8, 6], "car_4363": [1, 5], "car_1204": [0, 4], "car_1205": [10, 0], "car_1206": [14, 0], "car_1207": [6, 1], "car_1200": [5, 4], "car_1201": [6, 0], "car_1202": [9, 3], "car_1203": [13, 5], "car_4171": [2, 6], "car_2601": [7, 1], "car_2403": [2, 5], "car_4170": [14, 4], "car_3252": [4, 3], "car_3926": [6, 5], "car_3722": [9, 3], "car_4678": [7, 1], "car_3660": [0, 4], "car_4760": [12, 4], "car_4172": [8, 7], "car_3334": [6, 2], "car_4174": [0, 7], "car_3708": [10, 6], "car_3335": [4, 7], "car_1808": [15, 0], "car_3255": [7, 5], "car_3332": [14, 7], "car_1809": [1, 5], "car_3661": [4, 3], "car_3333": [2, 6], "car_2649": [11, 3], "car_2612": [15, 6], "car_4568": [12, 3], "car_4438": [11, 0], "car_4701": [9, 3], "car_2613": [1, 0], "car_2641": [10, 5], "car_2640": [5, 0], "car_2643": [13, 2], "car_2642": [14, 2], "car_2645": [7, 0], "car_2644": [3, 2], "car_2647": [12, 6], "car_2646": [8, 4], "car_1510": [9, 6], "car_1511": [8, 4], "car_1512": [0, 6], "car_1513": [11, 1], "car_1514": [1, 2], "car_1515": [5, 0], "car_1516": [14, 4], "car_1517": [2, 4], "car_1518": [6, 4], "car_1519": [9, 3], "car_3662": [11, 3], "car_4763": [14, 2], "car_4764": [2, 5], "car_2531": [7, 2], "car_4766": [13, 1], "car_2965": [5, 3], "car_2530": [3, 7], "car_2966": [13, 2], "car_3366": [13, 3], "car_4698": [11, 5], "car_2537": [3, 7], "car_2967": [0, 5], "car_2536": [13, 1], "car_2968": [4, 0], "car_2855": [3, 1], "car_1198": [4, 5], "car_1199": [1, 2], "car_2969": [11, 6], "car_1194": [3, 4], "car_1195": [8, 0], "car_1196": [12, 1], "car_1197": [0, 1], "car_1190": [1, 0], "car_1191": [10, 7], "car_1192": [6, 2], "car_1193": [9, 7], "car_3916": [9, 0], "car_3917": [13, 2], "car_3914": [11, 2], "car_2619": [4, 0], "car_2429": [6, 4], "car_2428": [14, 5], "car_3910": [3, 4], "car_3911": [12, 0], "car_2425": [1, 0], "car_2424": [11, 4], "car_2427": [10, 7], "car_2426": [5, 1], "car_2421": [7, 2], "car_2126": [10, 6], "car_2423": [0, 5], "car_2422": [12, 5], "car_2856": [12, 1], "car_2127": [2, 5], "car_978": [12, 5], "car_979": [0, 7], "car_974": [5, 3], "car_975": [2, 7], "car_976": [6, 1], "car_977": [7, 3], "car_970": [0, 3], "car_971": [4, 1], "car_972": [15, 1], "car_973": [1, 7], "car_1424": [9, 2], "car_1425": [3, 2], "car_1426": [7, 3], "car_1427": [8, 1], "car_1420": [15, 6], "car_1421": [5, 4], "car_1422": [14, 3], "car_1423": [6, 3], "car_2402": [10, 3], "car_1428": [12, 5], "car_1429": [4, 1], "car_2857": [0, 7], "car_3259": [1, 6], "car_4752": [0, 4], "car_4765": [6, 0], "car_4335": [2, 7], "car_4754": [11, 0], "car_3593": [0, 5], "car_3358": [9, 0], "car_3359": [13, 4], "car_3354": [5, 3], "car_2128": [13, 6], "car_3356": [14, 3], "car_3357": [2, 6], "car_3350": [0, 7], "car_3258": [4, 6], "car_3352": [11, 0], "car_2129": [3, 4], "car_2511": [7, 4], "car_2510": [9, 5], "car_2513": [4, 3], "car_2512": [12, 5], "car_2515": [1, 0], "car_2514": [15, 5], "car_2517": [10, 5], "car_2516": [5, 7], "car_2519": [9, 4], "car_2518": [14, 1], "car_3590": [14, 7], "car_3591": [13, 1], "car_3596": [14, 6], "car_3597": [2, 4], "car_3594": [4, 5], "car_3595": [10, 4], "car_1738": [15, 7], "car_1739": [10, 2], "car_1730": [12, 0], "car_1731": [4, 1], "car_1732": [5, 2], "car_1733": [10, 1], "car_1734": [6, 5], "car_1735": [13, 5], "car_1736": [12, 3], "car_1737": [11, 1], "car_54": [10, 7], "car_55": [14, 1], "car_56": [6, 5], "car_57": [7, 1], "car_50": [8, 6], "car_51": [4, 0], "car_52": [15, 3], "car_53": [1, 7], "car_4507": [14, 0], "car_58": [12, 4], "car_59": [0, 6], "car_2609": [3, 5], "car_552": [9, 6], "car_805": [7, 6], "car_550": [14, 5], "car_551": [6, 4], "car_556": [0, 4], "car_557": [4, 5], "car_554": [7, 2], "car_555": [8, 1], "car_3776": [12, 6], "car_3777": [11, 7], "car_558": [11, 5], "car_559": [15, 0], "car_808": [10, 2], "car_809": [14, 6], "car_3770": [0, 7], "car_3771": [15, 6], "car_2357": [1, 2], "car_2356": [15, 6], "car_2355": [11, 0], "car_2354": [0, 2], "car_2353": [12, 7], "car_2352": [8, 3], "car_2351": [7, 5], "car_2350": [13, 3], "car_2359": [10, 1], "car_2358": [5, 7], "car_4117": [4, 7], "car_1757": [13, 2], "car_4445": [5, 1], "car_3672": [10, 4], "car_3710": [9, 6], "car_2339": [10, 0], "car_4690": [10, 1], "car_3709": [2, 7], "car_2469": [3, 1], "car_3174": [8, 7], "car_2915": [9, 2], "car_3176": [0, 1], "car_3177": [4, 1], "car_3170": [12, 1], "car_3171": [2, 6], "car_3172": [13, 7], "car_2914": [6, 0], "car_3178": [11, 7], "car_3179": [15, 3], "car_3711": [13, 5], "car_3369": [12, 1], "car_4691": [14, 0], "car_4359": [5, 7], "car_2468": [9, 2], "car_3437": [8, 0], "car_3747": [14, 1], "car_4328": [9, 6], "car_703": [12, 3], "car_702": [8, 1], "car_701": [7, 4], "car_700": [9, 2], "car_707": [2, 6], "car_706": [15, 1], "car_705": [11, 5], "car_704": [0, 6], "car_709": [7, 0], "car_708": [9, 1], "car_3436": [13, 4], "car_3008": [5, 7], "car_3009": [14, 7], "car_4329": [3, 2], "car_3000": [4, 0], "car_3001": [1, 2], "car_3002": [5, 0], "car_3003": [14, 5], "car_3004": [9, 4], "car_3005": [8, 5], "car_3006": [0, 3], "car_3007": [15, 0], "car_2221": [13, 2], "car_4353": [14, 2], "car_4247": [12, 1], "car_2308": [13, 3], "car_4116": [12, 5], "car_3619": [9, 3], "car_4773": [13, 0], "car_2400": [0, 3], "car_3751": [7, 5], "car_2309": [3, 4], "car_3201": [15, 5], "car_3754": [4, 5], "car_3755": [15, 4], "car_4496": [7, 3], "car_3756": [10, 7], "car_3757": [6, 5], "car_1987": [4, 3], "car_1986": [12, 3], "car_1985": [13, 3], "car_1984": [6, 2], "car_1983": [5, 7], "car_1982": [1, 7], "car_1981": [15, 2], "car_1980": [11, 5], "car_4159": [4, 1], "car_4158": [12, 0], "car_4696": [12, 6], "car_1989": [15, 3], "car_1988": [11, 0], "car_2768": [4, 3], "car_1855": [10, 3], "car_1796": [7, 5], "car_1857": [3, 5], "car_1856": [6, 2], "car_1851": [0, 4], "car_1850": [7, 3], "car_1853": [1, 5], "car_1797": [8, 5], "car_2336": [11, 4], "car_1859": [11, 1], "car_1794": [14, 7], "car_2230": [6, 1], "car_129": [11, 3], "car_128": [0, 7], "car_4368": [11, 5], "car_4029": [12, 2], "car_2231": [13, 1], "car_123": [14, 2], "car_122": [1, 4], "car_121": [11, 0], "car_120": [4, 7], "car_127": [7, 2], "car_126": [3, 0], "car_125": [6, 4], "car_124": [2, 4], "car_4377": [5, 4], "car_4153": [14, 4], "car_4375": [8, 6], "car_4374": [9, 4], "car_3718": [1, 7], "car_1790": [4, 2], "car_1219": [4, 5], "car_1218": [3, 5], "car_1217": [10, 6], "car_1216": [5, 2], "car_1215": [1, 4], "car_1214": [15, 1], "car_1213": [11, 3], "car_1212": [0, 4], "car_1211": [12, 7], "car_1210": [7, 4], "car_1415": [4, 5], "car_4150": [4, 1], "car_1414": [0, 2], "car_4157": [8, 1], "car_1417": [6, 3], "car_4156": [3, 0], "car_4266": [8, 7], "car_3719": [5, 6], "car_1416": [11, 7], "car_4155": [9, 1], "car_1411": [3, 5], "car_4154": [2, 4], "car_3959": [0, 5], "car_1410": [13, 3], "car_237": [9, 1], "car_236": [2, 1], "car_235": [10, 4], "car_234": [1, 6], "car_233": [15, 2], "car_232": [4, 7], "car_231": [0, 1], "car_230": [12, 5], "car_3372": [15, 4], "car_1412": [7, 5], "car_239": [7, 1], "car_238": [13, 5], "car_2988": [10, 5], "car_2989": [13, 0], "car_2638": [15, 4], "car_2639": [1, 5], "car_2634": [3, 5], "car_2635": [7, 1], "car_2636": [8, 3], "car_2637": [4, 6], "car_2630": [10, 5], "car_2631": [14, 2], "car_2632": [6, 2], "car_2633": [13, 0], "car_1503": [5, 2], "car_1502": [15, 1], "car_1501": [11, 4], "car_1500": [0, 2], "car_1507": [12, 4], "car_1506": [8, 3], "car_1505": [3, 0], "car_1504": [14, 5], "car_3373": [1, 5], "car_4772": [2, 0], "car_1509": [10, 7], "car_1508": [15, 2], "car_4775": [12, 4], "car_3825": [1, 4], "car_4498": [0, 1], "car_4367": [4, 7], "car_3439": [5, 6], "car_3745": [1, 4], "car_4489": [3, 1], "car_4488": [6, 5], "car_4322": [9, 0], "car_1189": [8, 3], "car_1188": [9, 4], "car_1187": [6, 1], "car_1186": [2, 6], "car_1185": [14, 0], "car_1184": [12, 4], "car_1183": [9, 5], "car_1182": [6, 0], "car_1181": [2, 0], "car_1180": [14, 1], "car_2182": [13, 2], "car_2183": [7, 1], "car_2180": [14, 4], "car_2181": [9, 4], "car_2186": [15, 3], "car_2187": [5, 3], "car_2184": [4, 1], "car_2185": [11, 4], "car_3438": [12, 7], "car_2188": [10, 1], "car_2189": [14, 2], "car_949": [2, 0], "car_948": [14, 4], "car_2742": [11, 6], "car_2743": [15, 6], "car_2744": [1, 2], "car_2745": [5, 6], "car_2746": [14, 2], "car_2747": [2, 6], "car_941": [3, 7], "car_940": [13, 4], "car_943": [8, 4], "car_942": [7, 4], "car_945": [0, 5], "car_944": [12, 0], "car_947": [10, 1], "car_946": [5, 0], "car_1437": [4, 7], "car_1436": [12, 0], "car_1435": [8, 6], "car_1434": [7, 3], "car_1433": [3, 1], "car_1432": [9, 5], "car_1431": [6, 5], "car_1430": [2, 5], "car_1439": [15, 5], "car_1438": [11, 1], "car_3501": [5, 4], "car_2238": [6, 1], "car_4114": [6, 3], "car_2823": [8, 1], "car_4446": [2, 4], "car_493": [5, 2], "car_492": [1, 7], "car_491": [15, 2], "car_490": [11, 6], "car_497": [13, 1], "car_496": [9, 7], "car_495": [6, 1], "car_494": [2, 7], "car_3347": [2, 6], "car_3346": [10, 7], "car_499": [0, 2], "car_498": [3, 1], "car_3343": [11, 5], "car_3342": [4, 6], "car_3341": [12, 5], "car_3340": [8, 2], "car_2296": [8, 6], "car_2297": [4, 1], "car_2294": [9, 6], "car_2239": [9, 3], "car_2292": [2, 5], "car_2293": [6, 1], "car_2290": [11, 3], "car_2291": [14, 3], "car_3585": [2, 1], "car_1918": [3, 2], "car_3587": [0, 3], "car_3586": [3, 4], "car_2568": [2, 1], "car_2569": [3, 6], "car_2298": [11, 1], "car_1919": [4, 7], "car_1729": [8, 4], "car_1728": [7, 4], "car_1723": [12, 1], "car_1722": [8, 3], "car_1721": [3, 1], "car_1720": [13, 5], "car_1727": [3, 2], "car_1726": [6, 0], "car_1725": [14, 1], "car_1724": [1, 2], "car_43": [12, 2], "car_42": [8, 5], "car_41": [7, 5], "car_40": [3, 4], "car_47": [10, 5], "car_46": [1, 3], "car_45": [15, 1], "car_44": [4, 3], "car_3901": [6, 0], "car_3900": [14, 7], "car_49": [2, 6], "car_48": [14, 1], "car_3905": [8, 0], "car_1916": [1, 2], "car_3907": [1, 2], "car_3906": [0, 4], "car_3365": [2, 5], "car_1917": [10, 0], "car_3364": [10, 4], "car_3761": [11, 1], "car_3375": [2, 6], "car_3367": [3, 5], "car_1858": [0, 6], "car_831": [14, 3], "car_830": [15, 1], "car_833": [6, 1], "car_832": [2, 7], "car_835": [3, 5], "car_834": [9, 2], "car_837": [12, 7], "car_836": [8, 3], "car_839": [4, 6], "car_838": [0, 3], "car_2360": [9, 5], "car_2361": [3, 4], "car_2366": [9, 4], "car_2367": [7, 5], "car_2364": [1, 6], "car_2365": [14, 0], "car_2168": [7, 1], "car_2169": [8, 2], "car_3509": [11, 0], "car_3815": [1, 7], "car_2160": [0, 1], "car_2161": [4, 1], "car_2162": [11, 3], "car_2163": [15, 7], "car_2164": [5, 0], "car_2165": [10, 0], "car_2166": [14, 1], "car_2167": [13, 5], "car_2810": [6, 7], "car_2811": [9, 4], "car_2812": [13, 5], "car_4311": [14, 5], "car_2813": [3, 4], "car_3763": [5, 0], "car_1941": [4, 6], "car_2814": [7, 6], "car_4028": [3, 5], "car_3055": [6, 5], "car_2815": [12, 3], "car_4027": [13, 4], "car_2544": [9, 4], "car_3235": [1, 3], "car_2817": [1, 3], "car_4025": [2, 0], "car_3167": [6, 2], "car_3166": [5, 2], "car_3165": [1, 5], "car_3164": [11, 4], "car_3163": [0, 5], "car_3162": [13, 1], "car_3161": [9, 2], "car_3160": [2, 5], "car_4023": [5, 2], "car_2463": [15, 6], "car_3169": [8, 4], "car_3168": [3, 2], "car_2462": [12, 0], "car_3980": [3, 4], "car_4021": [7, 4], "car_3309": [5, 1], "car_4020": [3, 7], "car_3565": [11, 6], "car_4376": [1, 6], "car_3933": [4, 6], "car_710": [8, 4], "car_711": [12, 3], "car_712": [11, 4], "car_713": [15, 4], "car_714": [5, 1], "car_715": [2, 3], "car_716": [9, 1], "car_717": [13, 1], "car_718": [3, 0], "car_719": [12, 2], "car_4372": [2, 0], "car_1892": [7, 3], "car_3019": [15, 0], "car_3018": [0, 6], "car_4224": [0, 7], "car_3028": [9, 1], "car_3013": [10, 5], "car_3012": [3, 5], "car_3011": [13, 7], "car_3010": [9, 4], "car_3017": [8, 7], "car_3016": [3, 7], "car_3015": [13, 5], "car_2987": [5, 0], "car_3923": [5, 2], "car_3508": [4, 7], "car_3989": [4, 1], "car_3421": [3, 4], "car_4494": [14, 0], "car_4273": [6, 1], "car_4379": [14, 5], "car_4378": [10, 2], "car_1894": [10, 3], "car_4579": [13, 7], "car_4495": [13, 4], "car_4440": [14, 2], "car_4517": [7, 5], "car_3769": [8, 1], "car_4166": [15, 5], "car_4167": [1, 7], "car_4164": [9, 2], "car_4165": [13, 2], "car_4162": [10, 6], "car_4163": [2, 4], "car_4160": [11, 4], "car_4161": [15, 3], "car_4492": [4, 3], "car_4168": [5, 3], "car_4169": [10, 2], "car_2895": [12, 6], "car_3368": [8, 3], "car_4493": [5, 7], "car_138": [8, 5], "car_139": [12, 2], "car_4010": [3, 5], "car_4011": [7, 2], "car_4016": [10, 6], "car_4017": [2, 6], "car_4014": [15, 5], "car_4015": [5, 3], "car_130": [15, 6], "car_131": [1, 0], "car_132": [5, 6], "car_133": [14, 0], "car_134": [6, 7], "car_135": [9, 1], "car_136": [13, 2], "car_137": [3, 7], "car_1222": [14, 6], "car_1223": [2, 5], "car_1220": [11, 6], "car_1221": [1, 2], "car_1226": [0, 2], "car_1227": [11, 2], "car_1224": [9, 4], "car_1225": [3, 1], "car_1886": [10, 6], "car_1887": [14, 2], "car_1228": [15, 5], "car_1229": [1, 5], "car_1882": [3, 2], "car_1883": [7, 0], "car_1880": [6, 1], "car_1881": [13, 7], "car_2621": [1, 0], "car_3625": [15, 6], "car_3988": [9, 4], "car_224": [1, 4], "car_225": [14, 1], "car_226": [2, 7], "car_227": [9, 0], "car_220": [7, 5], "car_221": [8, 1], "car_222": [11, 0], "car_223": [15, 0], "car_228": [3, 0], "car_229": [7, 5], "car_1086": [8, 6], "car_1087": [12, 5], "car_1084": [3, 0], "car_1085": [7, 3], "car_1082": [2, 7], "car_1083": [9, 4], "car_1080": [15, 4], "car_1081": [1, 7], "car_2627": [3, 7], "car_2626": [13, 1], "car_2625": [6, 3], "car_2624": [14, 5], "car_2623": [10, 7], "car_2622": [5, 7], "car_1088": [4, 6], "car_1089": [10, 5], "car_1536": [3, 1], "car_1537": [7, 1], "car_1534": [14, 3], "car_1535": [6, 7], "car_1532": [5, 0], "car_1533": [10, 3], "car_1530": [4, 1], "car_1531": [11, 5], "car_4746": [4, 3], "car_4747": [11, 0], "car_4744": [12, 0], "car_4745": [0, 7], "car_4742": [3, 0], "car_4743": [7, 1], "car_1538": [0, 7], "car_1539": [1, 0], "car_3512": [13, 3], "car_4703": [7, 4], "car_4348": [9, 2], "car_4349": [13, 1], "car_4342": [11, 2], "car_4343": [15, 4], "car_4340": [12, 3], "car_4341": [4, 1], "car_4346": [14, 5], "car_4347": [6, 7], "car_4344": [1, 2], "car_4345": [5, 7], "car_956": [14, 3], "car_957": [6, 7], "car_954": [11, 1], "car_955": [1, 3], "car_952": [8, 5], "car_953": [0, 4], "car_950": [9, 1], "car_951": [3, 5], "car_4593": [0, 6], "car_1827": [1, 4], "car_2199": [7, 6], "car_2198": [9, 3], "car_958": [3, 7], "car_959": [7, 6], "car_1158": [7, 5], "car_1159": [8, 2], "car_1408": [2, 5], "car_1409": [6, 1], "car_2757": [9, 2], "car_2756": [6, 5], "car_2755": [2, 4], "car_1829": [10, 6], "car_1150": [12, 3], "car_1151": [0, 5], "car_1152": [11, 0], "car_1153": [15, 7], "car_1154": [5, 6], "car_1155": [14, 7], "car_1156": [9, 7], "car_1157": [13, 4], "car_2532": [4, 7], "car_2380": [2, 1], "car_3510": [15, 1], "car_4657": [14, 4], "car_2764": [9, 0], "car_4592": [8, 7], "car_2381": [6, 1], "car_4650": [7, 2], "car_2382": [3, 1], "car_4651": [8, 7], "car_2383": [12, 4], "car_4652": [12, 7], "car_1826": [15, 7], "car_3314": [3, 5], "car_4653": [11, 5], "car_3315": [7, 0], "car_480": [14, 3], "car_481": [3, 4], "car_482": [0, 5], "car_483": [4, 2], "car_484": [6, 3], "car_485": [9, 7], "car_486": [13, 3], "car_487": [3, 4], "car_488": [0, 6], "car_489": [4, 6], "car_2283": [4, 1], "car_2282": [0, 7], "car_2285": [10, 2], "car_2284": [15, 5], "car_2287": [13, 3], "car_2286": [2, 4], "car_2577": [4, 0], "car_853": [8, 2], "car_2575": [13, 4], "car_2574": [9, 5], "car_2573": [2, 1], "car_2572": [10, 0], "car_2571": [0, 5], "car_852": [7, 2], "car_3578": [8, 1], "car_3579": [12, 7], "car_851": [3, 0], "car_2579": [15, 7], "car_2578": [11, 1], "car_4590": [13, 3], "car_582": [13, 5], "car_4711": [3, 2], "car_1718": [2, 1], "car_1719": [6, 5], "car_1716": [5, 7], "car_857": [14, 2], "car_1714": [0, 1], "car_1715": [4, 0], "car_1712": [3, 6], "car_1713": [8, 6], "car_1710": [14, 1], "car_856": [5, 0], "car_2982": [9, 2], "car_1828": [5, 3], "car_3978": [2, 1], "car_855": [1, 0], "car_4584": [4, 6], "car_2983": [8, 1], "car_3974": [7, 3], "car_3975": [4, 3], "car_3976": [11, 5], "car_854": [0, 2], "car_3970": [1, 3], "car_2980": [14, 0], "car_3972": [2, 3], "car_3973": [13, 3], "car_4597": [1, 7], "car_4700": [2, 6], "car_2981": [6, 0], "car_2739": [8, 5], "car_4757": [9, 5], "car_2738": [7, 6], "car_3714": [8, 1], "car_3715": [12, 3], "car_3716": [4, 3], "car_3494": [2, 4], "car_2379": [14, 4], "car_2378": [15, 2], "car_828": [9, 6], "car_829": [7, 1], "car_826": [5, 3], "car_827": [10, 5], "car_824": [4, 2], "car_825": [1, 4], "car_822": [7, 2], "car_823": [8, 6], "car_820": [15, 0], "car_821": [14, 1], "car_3484": [5, 4], "car_3485": [14, 1], "car_2179": [5, 1], "car_2178": [1, 3], "car_3480": [4, 2], "car_3481": [11, 5], "car_3482": [15, 0], "car_3483": [1, 0], "car_2173": [6, 2], "car_2172": [14, 6], "car_2171": [5, 3], "car_2170": [1, 3], "car_2177": [11, 3], "car_2176": [0, 3], "car_2175": [8, 7], "car_2174": [13, 2], "car_4486": [14, 0], "car_4477": [4, 7], "car_3238": [6, 4], "car_2535": [14, 4], "car_3920": [12, 2], "car_4595": [11, 0], "car_4471": [6, 4], "car_3349": [12, 4], "car_3218": [1, 4], "car_3628": [14, 0], "car_3629": [2, 7], "car_3158": [10, 3], "car_3159": [14, 2], "car_2534": [10, 1], "car_3499": [4, 5], "car_4022": [0, 1], "car_3152": [13, 1], "car_3153": [3, 4], "car_3150": [14, 6], "car_3151": [9, 2], "car_3156": [0, 1], "car_3157": [1, 6], "car_3154": [8, 3], "car_3155": [12, 5], "car_3398": [3, 4], "car_3399": [7, 2], "car_4770": [11, 3], "car_3390": [11, 0], "car_3391": [15, 0], "car_3392": [1, 2], "car_3393": [5, 2], "car_3394": [10, 2], "car_3395": [14, 6], "car_3396": [2, 5], "car_3397": [6, 7], "car_3983": [15, 6], "car_4514": [5, 6], "car_4774": [8, 5], "car_3799": [4, 7], "car_3389": [4, 2], "car_4458": [0, 5], "car_3982": [11, 7], "car_4761": [4, 3], "car_729": [12, 3], "car_728": [8, 3], "car_725": [14, 4], "car_724": [10, 5], "car_727": [7, 3], "car_726": [9, 3], "car_721": [15, 3], "car_720": [0, 6], "car_723": [5, 7], "car_722": [1, 0], "car_3797": [7, 0], "car_2708": [11, 1], "car_3029": [3, 6], "car_3026": [15, 0], "car_3027": [6, 4], "car_3024": [0, 3], "car_3025": [4, 7], "car_3022": [3, 0], "car_3023": [7, 5], "car_3020": [14, 4], "car_3021": [13, 7], "car_3519": [15, 2], "car_4599": [9, 7], "car_2620": [11, 7], "car_3275": [4, 6], "car_1795": [9, 1], "car_4598": [5, 1], "car_3274": [12, 0], "car_1792": [1, 7], "car_3987": [6, 4], "car_3226": [2, 5], "car_1793": [10, 5], "car_3986": [10, 0], "car_3779": [6, 3], "car_4481": [7, 1], "car_2440": [4, 1], "car_4635": [15, 0], "car_4480": [3, 1], "car_4483": [12, 2], "car_105": [8, 5], "car_104": [7, 5], "car_107": [10, 1], "car_106": [12, 7], "car_101": [14, 6], "car_100": [10, 6], "car_103": [3, 2], "car_102": [6, 7], "car_1888": [6, 5], "car_4485": [5, 7], "car_109": [9, 3], "car_108": [6, 0], "car_3659": [12, 1], "car_4484": [4, 3], "car_4005": [15, 5], "car_4004": [11, 7], "car_4007": [10, 5], "car_4006": [1, 0], "car_4001": [9, 7], "car_4000": [6, 4], "car_4003": [8, 5], "car_4002": [7, 6], "car_3934": [11, 1], "car_1791": [11, 7], "car_4008": [6, 0], "car_3637": [10, 3], "car_1235": [12, 7], "car_1234": [7, 6], "car_1237": [4, 2], "car_1236": [0, 3], "car_1231": [14, 6], "car_1230": [5, 3], "car_1233": [9, 2], "car_1232": [6, 7], "car_1899": [14, 3], "car_1898": [10, 1], "car_4512": [0, 2], "car_1239": [9, 5], "car_1238": [14, 7], "car_3633": [8, 3], "car_4633": [0, 1], "car_3511": [14, 5], "car_3632": [7, 4], "car_3609": [6, 3], "car_3516": [12, 0], "car_3631": [13, 5], "car_3517": [4, 5], "car_3630": [6, 7], "car_3774": [3, 6], "car_3514": [7, 2], "car_3141": [14, 3], "car_3515": [8, 4], "car_3636": [1, 0], "car_211": [8, 2], "car_210": [3, 6], "car_213": [0, 6], "car_212": [12, 1], "car_215": [1, 0], "car_214": [11, 2], "car_217": [6, 4], "car_216": [2, 3], "car_219": [13, 3], "car_218": [9, 3], "car_4173": [12, 7], "car_3634": [12, 2], "car_4175": [15, 4], "car_3518": [11, 0], "car_4177": [10, 2], "car_2676": [11, 7], "car_1529": [13, 6], "car_1528": [9, 0], "car_2610": [8, 3], "car_2611": [11, 1], "car_2616": [7, 5], "car_2617": [8, 1], "car_2614": [5, 6], "car_2615": [14, 0], "car_1521": [8, 3], "car_1520": [13, 6], "car_1523": [1, 2], "car_1522": [12, 2], "car_1525": [14, 0], "car_1524": [5, 3], "car_1527": [6, 7], "car_1526": [2, 6], "car_4751": [12, 1], "car_4750": [8, 4], "car_4753": [4, 1], "car_3227": [6, 3], "car_4755": [5, 4], "car_2849": [13, 7], "car_2700": [8, 0], "car_4756": [10, 7], "car_4759": [7, 1], "car_4758": [3, 0], "car_2848": [2, 4], "car_3772": [14, 4], "car_2740": [12, 3], "car_3222": [8, 2], "car_2741": [4, 5], "car_3223": [4, 1], "car_2313": [10, 0], "car_2701": [12, 3], "car_4358": [1, 5], "car_2312": [1, 2], "car_4355": [9, 1], "car_4354": [6, 1], "car_4357": [11, 5], "car_4356": [8, 6], "car_4351": [12, 3], "car_2311": [15, 5], "car_3773": [6, 2], "car_4352": [0, 5], "car_923": [11, 3], "car_922": [12, 0], "car_921": [7, 3], "car_920": [13, 1], "car_927": [11, 1], "car_926": [13, 0], "car_925": [10, 3], "car_924": [1, 5], "car_2317": [11, 4], "car_929": [6, 3], "car_928": [14, 0], "car_3665": [10, 3], "car_2316": [0, 3], "car_2766": [3, 6], "car_2748": [9, 4], "car_1149": [13, 4], "car_1148": [5, 1], "car_1419": [4, 3], "car_1418": [8, 6], "car_2760": [4, 7], "car_2749": [3, 0], "car_1143": [7, 5], "car_1142": [13, 3], "car_1141": [6, 1], "car_1140": [2, 6], "car_1147": [1, 0], "car_1146": [11, 0], "car_1145": [4, 2], "car_1144": [0, 1], "car_4503": [4, 0], "car_4504": [15, 1], "car_4505": [1, 5], "car_1099": [15, 6], "car_1098": [12, 3], "car_3385": [13, 6], "car_4580": [3, 0], "car_1091": [0, 2], "car_1090": [14, 4], "car_1093": [11, 2], "car_1092": [4, 1], "car_1095": [1, 2], "car_1094": [15, 7], "car_1097": [3, 5], "car_1096": [5, 6], "car_2818": [5, 0], "car_2819": [6, 3], "car_2548": [14, 1], "car_2549": [2, 6], "car_3361": [4, 2], "car_3360": [3, 2], "car_3363": [1, 7], "car_3362": [11, 6], "car_2542": [11, 4], "car_2543": [15, 3], "car_2540": [0, 6], "car_2541": [4, 3], "car_2546": [0, 4], "car_2547": [10, 6], "car_2521": [7, 6], "car_2545": [7, 2], "car_3563": [7, 3], "car_3562": [9, 3], "car_3561": [6, 3], "car_3384": [9, 4], "car_3567": [14, 1], "car_3566": [15, 1], "car_3468": [1, 7], "car_3564": [0, 2], "car_3569": [12, 3], "car_3568": [3, 5], "car_4645": [1, 3], "car_1701": [5, 7], "car_1700": [1, 6], "car_1703": [2, 7], "car_1702": [10, 4], "car_1705": [9, 5], "car_1704": [6, 0], "car_1707": [8, 3], "car_1706": [7, 5], "car_1709": [10, 6], "car_1708": [12, 6], "car_2522": [8, 0], "car_4661": [3, 4], "car_4582": [12, 6], "car_3969": [11, 5], "car_3968": [13, 4], "car_3967": [6, 3], "car_3966": [2, 6], "car_3965": [14, 4], "car_3964": [10, 2], "car_3963": [5, 4], "car_3962": [1, 0], "car_3961": [11, 3], "car_3960": [4, 3], "car_2523": [4, 0], "car_4660": [9, 6], "car_589": [14, 1], "car_588": [10, 5], "car_859": [9, 1], "car_858": [2, 7], "car_2384": [4, 0], "car_2385": [15, 5], "car_1695": [2, 1], "car_2387": [10, 2], "car_581": [14, 0], "car_580": [10, 4], "car_583": [3, 0], "car_850": [13, 4], "car_585": [12, 1], "car_584": [7, 5], "car_587": [15, 7], "car_586": [0, 1], "car_3497": [8, 5], "car_3496": [7, 3], "car_3495": [9, 7], "car_2002": [8, 1], "car_3493": [10, 3], "car_3492": [5, 1], "car_2148": [6, 4], "car_2149": [9, 2], "car_2146": [14, 6], "car_2147": [2, 5], "car_2144": [15, 6], "car_2145": [1, 5], "car_2142": [4, 1], "car_2143": [11, 3], "car_2140": [7, 3], "car_2141": [0, 4], "car_4544": [8, 4], "car_3896": [4, 2], "car_4049": [6, 3], "car_4639": [13, 3], "car_3529": [9, 1], "car_4662": [8, 3], "car_4585": [11, 6], "car_2985": [4, 6], "car_3639": [6, 1], "car_3638": [14, 6], "car_3149": [1, 3], "car_3148": [11, 4], "car_3145": [8, 7], "car_3144": [7, 5], "car_3147": [0, 5], "car_3146": [12, 2], "car_2779": [10, 2], "car_3140": [10, 7], "car_3143": [3, 5], "car_3142": [9, 2], "car_457": [7, 2], "car_456": [3, 0], "car_455": [13, 0], "car_454": [15, 5], "car_453": [12, 6], "car_452": [7, 2], "car_451": [9, 1], "car_450": [6, 1], "car_3383": [14, 6], "car_3382": [10, 3], "car_3381": [15, 0], "car_1878": [0, 5], "car_3387": [8, 5], "car_3386": [7, 4], "car_459": [1, 0], "car_458": [11, 7], "car_1877": [12, 6], "car_4644": [11, 3], "car_1876": [8, 3], "car_2778": [1, 7], "car_2993": [10, 0], "car_1875": [3, 5], "car_1874": [13, 5], "car_4587": [10, 4], "car_1873": [9, 6], "car_1872": [10, 0], "car_738": [4, 6], "car_739": [11, 3], "car_1871": [5, 2], "car_733": [5, 4], "car_732": [15, 7], "car_32": [5, 0], "car_730": [0, 1], "car_731": [4, 0], "car_736": [7, 3], "car_737": [12, 1], "car_734": [14, 3], "car_735": [9, 3], "car_3031": [11, 1], "car_1976": [2, 5], "car_3033": [1, 2], "car_3032": [15, 3], "car_3035": [14, 5], "car_3034": [5, 7], "car_3037": [9, 4], "car_1977": [9, 0], "car_3039": [7, 4], "car_3038": [13, 6], "car_3348": [13, 4], "car_1698": [12, 6], "car_4120": [1, 4], "car_4121": [5, 2], "car_4126": [0, 6], "car_3345": [5, 1], "car_4127": [4, 5], "car_3748": [2, 6], "car_3344": [1, 0], "car_4589": [9, 7], "car_4124": [6, 0], "car_3030": [7, 3], "car_4125": [8, 4], "car_4134": [10, 5], "car_4041": [14, 7], "car_3635": [15, 7], "car_38": [2, 5], "car_4040": [1, 4], "car_39": [9, 0], "car_4128": [14, 3], "car_2564": [4, 5], "car_4129": [2, 3], "car_2565": [1, 7], "car_4045": [4, 5], "car_3036": [6, 3], "car_2566": [5, 2], "car_2295": [7, 5], "car_1978": [7, 1], "car_2560": [14, 5], "car_1979": [4, 6], "car_3523": [8, 7], "car_2561": [13, 4], "car_4258": [9, 3], "car_2562": [8, 5], "car_4259": [7, 0], "car_2563": [0, 1], "car_4708": [14, 0], "car_2443": [5, 2], "car_4709": [6, 1], "car_2442": [15, 6], "car_3998": [10, 2], "car_3522": [13, 4], "car_3351": [4, 7], "car_2441": [11, 0], "car_112": [8, 5], "car_113": [12, 7], "car_110": [13, 1], "car_111": [7, 1], "car_116": [15, 2], "car_117": [10, 5], "car_114": [0, 2], "car_115": [11, 1], "car_2447": [9, 4], "car_118": [3, 1], "car_119": [0, 2], "car_2446": [2, 5], "car_4319": [10, 4], "car_2445": [14, 2], "car_3999": [2, 7], "car_4318": [5, 6], "car_3521": [2, 0], "car_2299": [1, 3], "car_4252": [12, 1], "car_2533": [15, 2], "car_2453": [10, 2], "car_4611": [15, 0], "car_4612": [1, 3], "car_4253": [15, 2], "car_3408": [3, 6], "car_4615": [2, 7], "car_4616": [6, 3], "car_4617": [13, 4], "car_4618": [3, 2], "car_4619": [7, 6], "car_4255": [5, 1], "car_3828": [0, 1], "car_3996": [4, 1], "car_4704": [8, 2], "car_4705": [12, 5], "car_2454": [14, 3], "car_4052": [4, 6], "car_3409": [7, 4], "car_4298": [10, 3], "car_4299": [9, 5], "car_4294": [12, 5], "car_4295": [11, 2], "car_4296": [15, 2], "car_4297": [5, 2], "car_4290": [2, 0], "car_4291": [9, 7], "car_4292": [13, 2], "car_4293": [8, 1], "car_1950": [8, 5], "car_1951": [0, 6], "car_1952": [4, 5], "car_1953": [10, 7], "car_1954": [14, 1], "car_1955": [9, 0], "car_208": [10, 0], "car_209": [9, 0], "car_206": [4, 5], "car_207": [11, 1], "car_204": [8, 5], "car_205": [0, 7], "car_202": [3, 7], "car_203": [7, 1], "car_200": [6, 1], "car_201": [9, 2], "car_2605": [10, 0], "car_2604": [5, 2], "car_2607": [6, 1], "car_2606": [2, 7], "car_1558": [13, 2], "car_1559": [8, 0], "car_2603": [4, 6], "car_2602": [0, 1], "car_1554": [15, 1], "car_1555": [5, 4], "car_1556": [14, 4], "car_1557": [2, 1], "car_1550": [3, 2], "car_1551": [12, 1], "car_1552": [0, 4], "car_1553": [4, 2], "car_4724": [0, 2], "car_4725": [4, 1], "car_1398": [13, 7], "car_1399": [8, 1], "car_4720": [2, 4], "car_4721": [13, 2], "car_4722": [3, 2], "car_4723": [8, 5], "car_1392": [12, 3], "car_1393": [11, 7], "car_1390": [3, 6], "car_1391": [7, 3], "car_1396": [5, 0], "car_1397": [10, 0], "car_1394": [15, 1], "car_1395": [1, 6], "car_3862": [14, 5], "car_2598": [9, 3], "car_3544": [5, 3], "car_3404": [10, 5], "car_930": [9, 7], "car_931": [7, 5], "car_932": [12, 4], "car_933": [0, 3], "car_934": [11, 7], "car_935": [15, 0], "car_936": [14, 1], "car_937": [2, 5], "car_938": [6, 4], "car_939": [9, 5], "car_2773": [9, 6], "car_2772": [14, 3], "car_2775": [3, 1], "car_2774": [13, 1], "car_2777": [15, 0], "car_2776": [12, 2], "car_6": [2, 7], "car_7": [3, 7], "car_4": [5, 0], "car_5": [14, 3], "car_2": [15, 3], "car_3": [1, 6], "car_1178": [15, 6], "car_1": [4, 1], "car_1176": [12, 0], "car_1177": [11, 1], "car_1174": [3, 6], "car_1175": [8, 1], "car_1172": [6, 3], "car_1173": [13, 7], "car_8": [7, 1], "car_9": [0, 3], "car_3869": [4, 3], "car_3829": [4, 5], "car_3746": [5, 7], "car_3513": [3, 7], "car_3904": [7, 6], "car_3807": [6, 7], "car_3898": [15, 1], "car_3908": [10, 2], "car_4610": [11, 2], "car_3826": [10, 2], "car_3827": [6, 5], "car_2809": [2, 1], "car_2808": [10, 0], "car_2559": [1, 6], "car_2558": [15, 4], "car_3820": [13, 0], "car_3821": [8, 0], "car_2555": [2, 4], "car_2554": [14, 3], "car_2557": [11, 5], "car_2556": [6, 0], "car_2551": [4, 7], "car_2550": [8, 5], "car_2553": [5, 2], "car_2552": [1, 4], "car_3556": [0, 5], "car_3557": [15, 4], "car_3554": [6, 0], "car_3555": [12, 2], "car_3552": [10, 5], "car_3553": [2, 4], "car_3550": [15, 0], "car_3551": [1, 4], "car_3902": [9, 0], "car_3558": [5, 7], "car_3559": [14, 0], "car_1774": [2, 7], "car_1775": [13, 0], "car_1776": [3, 2], "car_1777": [7, 5], "car_1770": [15, 0], "car_1771": [1, 3], "car_1772": [5, 1], "car_1773": [10, 7], "car_3744": [4, 1], "car_1778": [12, 3], "car_1779": [5, 6], "car_98": [1, 6], "car_99": [5, 7], "car_3950": [15, 3], "car_3951": [5, 3], "car_3956": [3, 7], "car_3957": [7, 2], "car_3954": [2, 6], "car_3955": [6, 2], "car_90": [11, 0], "car_91": [1, 7], "car_92": [14, 5], "car_93": [6, 0], "car_94": [9, 2], "car_95": [8, 7], "car_96": [0, 3], "car_97": [11, 5], "car_596": [11, 6], "car_597": [15, 7], "car_594": [0, 3], "car_595": [4, 5], "car_592": [8, 7], "car_593": [12, 5], "car_590": [2, 4], "car_591": [7, 4], "car_3500": [11, 6], "car_3733": [0, 6], "car_3730": [2, 4], "car_3731": [13, 0], "car_3736": [1, 6], "car_3737": [5, 2], "car_598": [10, 1], "car_599": [14, 0], "car_848": [5, 1], "car_849": [2, 7], "car_2391": [7, 5], "car_2390": [9, 4], "car_2397": [9, 3], "car_2396": [2, 3], "car_2395": [14, 3], "car_2394": [10, 4], "car_840": [15, 7], "car_841": [1, 7], "car_842": [5, 1], "car_843": [10, 0], "car_844": [14, 6], "car_845": [13, 7], "car_846": [8, 7], "car_847": [4, 1], "car_1608": [12, 2], "car_1609": [4, 2], "car_2153": [10, 5], "car_2152": [11, 3], "car_2155": [6, 7], "car_2154": [2, 7], "car_2157": [7, 6], "car_2156": [3, 2], "car_1600": [6, 0], "car_1601": [13, 4], "car_1602": [3, 1], "car_1603": [0, 2], "car_1604": [11, 4], "car_1605": [1, 5], "car_1606": [5, 7], "car_1607": [10, 2], "car_4500": [1, 3], "car_4404": [9, 0], "car_2369": [11, 3], "car_3765": [2, 7], "car_3538": [14, 2], "car_4389": [6, 4], "car_4677": [3, 6], "car_3764": [14, 4], "car_3767": [9, 2], "car_3766": [6, 4], "car_3620": [13, 2], "car_2362": [4, 0], "car_3608": [2, 6], "car_2363": [15, 1], "car_3606": [5, 7], "car_3607": [10, 3], "car_3604": [15, 6], "car_3605": [1, 0], "car_3602": [4, 6], "car_3603": [11, 7], "car_3600": [8, 2], "car_3601": [0, 1], "car_444": [12, 0], "car_445": [0, 6], "car_446": [4, 1], "car_447": [15, 7], "car_440": [7, 0], "car_441": [12, 1], "car_442": [5, 0], "car_443": [6, 4], "car_3892": [7, 3], "car_448": [5, 7], "car_449": [2, 6], "car_2717": [5, 3], "car_2716": [1, 7], "car_3210": [14, 7], "car_4578": [9, 2], "car_2715": [11, 6], "car_2201": [4, 2], "car_2714": [4, 5], "car_2200": [0, 7], "car_2713": [12, 1], "car_4640": [3, 6], "car_2712": [8, 4], "car_2711": [13, 7], "car_2710": [14, 2], "car_3405": [14, 7], "car_3044": [10, 1], "car_3045": [14, 6], "car_3046": [2, 1], "car_3047": [13, 1], "car_3040": [8, 5], "car_3041": [12, 0], "car_3042": [15, 1], "car_3043": [1, 4], "car_3623": [0, 5], "car_3048": [3, 5], "car_3049": [7, 2], "car_2209": [0, 4], "car_3534": [0, 4], "car_4554": [5, 6], "car_2208": [12, 4], "car_4553": [15, 2], "car_4450": [8, 4], "car_4063": [11, 0], "car_3897": [11, 4], "car_4418": [1, 6], "car_4419": [5, 4], "car_4323": [3, 7], "car_3599": [7, 2], "car_3535": [11, 7], "car_3663": [1, 6], "car_4575": [4, 0], "car_2324": [7, 0], "car_4386": [11, 4], "car_4122": [14, 4], "car_695": [15, 1], "car_694": [4, 1], "car_697": [5, 3], "car_696": [1, 7], "car_691": [11, 5], "car_690": [0, 2], "car_693": [13, 3], "car_692": [1, 4], "car_4412": [14, 6], "car_699": [2, 3], "car_698": [14, 4], "car_4413": [13, 3], "car_4520": [5, 7], "car_4679": [8, 1], "car_4574": [12, 1], "car_3810": [5, 6], "car_3479": [0, 4], "car_4123": [2, 7], "car_3876": [7, 2], "car_4577": [1, 6], "car_3478": [8, 2], "car_3894": [12, 1], "car_4525": [11, 4], "car_2399": [12, 4], "car_4576": [15, 3], "car_4603": [11, 2], "car_4602": [4, 3], "car_4601": [0, 2], "car_4600": [13, 2], "car_4607": [12, 7], "car_4606": [7, 5], "car_4605": [10, 3], "car_4604": [15, 1], "car_4609": [4, 0], "car_4608": [0, 7], "car_4571": [14, 5], "car_4451": [12, 4], "car_3571": [11, 4], "car_4288": [15, 4], "car_4287": [11, 4], "car_4286": [0, 4], "car_4285": [12, 5], "car_4284": [8, 6], "car_4283": [3, 5], "car_4282": [13, 7], "car_4281": [9, 5], "car_4280": [2, 4], "car_1943": [5, 1], "car_1942": [15, 5], "car_279": [0, 6], "car_278": [8, 6], "car_1947": [13, 1], "car_1946": [6, 2], "car_1945": [2, 1], "car_1944": [10, 5], "car_273": [2, 0], "car_272": [14, 5], "car_271": [10, 7], "car_270": [5, 4], "car_277": [3, 0], "car_276": [13, 4], "car_275": [9, 0], "car_274": [6, 3], "car_2946": [15, 4], "car_1925": [10, 4], "car_2944": [0, 4], "car_2945": [4, 1], "car_2942": [3, 2], "car_2943": [12, 2], "car_1549": [9, 7], "car_1548": [2, 7], "car_1547": [5, 4], "car_1546": [11, 3], "car_1545": [4, 2], "car_1544": [7, 0], "car_1543": [13, 0], "car_1542": [6, 4], "car_1541": [2, 3], "car_1540": [14, 3], "car_4737": [11, 5], "car_4736": [0, 2], "car_3762": [1, 6], "car_4734": [8, 6], "car_1389": [13, 0], "car_1388": [5, 4], "car_4731": [9, 5], "car_4730": [6, 5], "car_1385": [0, 5], "car_1384": [12, 3], "car_1387": [1, 0], "car_1386": [15, 6], "car_1381": [2, 1], "car_1380": [14, 4], "car_1383": [8, 6], "car_1382": [7, 4], "car_4572": [3, 6], "car_3742": [7, 0], "car_307": [13, 1], "car_306": [6, 3], "car_305": [2, 4], "car_304": [14, 5], "car_303": [11, 0], "car_302": [3, 2], "car_301": [13, 5], "car_300": [9, 0], "car_804": [3, 0], "car_309": [7, 5], "car_308": [3, 6], "car_3752": [8, 2], "car_3435": [9, 1], "car_909": [2, 1], "car_908": [14, 5], "car_3434": [6, 5], "car_905": [11, 1], "car_904": [4, 3], "car_907": [1, 7], "car_906": [15, 7], "car_901": [14, 3], "car_900": [5, 1], "car_903": [12, 5], "car_902": [9, 6], "car_1161": [0, 3], "car_1160": [12, 5], "car_1163": [1, 2], "car_1162": [15, 1], "car_1165": [2, 6], "car_1164": [10, 0], "car_1167": [8, 3], "car_1166": [13, 0], "car_1169": [15, 4], "car_1168": [12, 1], "car_4421": [7, 6], "car_4420": [6, 0], "car_4427": [10, 0], "car_4426": [5, 4], "car_3753": [0, 4], "car_3539": [6, 3], "car_4569": [11, 7], "car_3925": [2, 6], "car_3889": [14, 7], "car_3924": [14, 0], "car_2432": [7, 5], "car_2433": [8, 5], "car_2430": [13, 1], "car_3549": [11, 3], "car_3548": [12, 1], "car_2322": [13, 6], "car_2431": [3, 2], "car_2838": [5, 2], "car_2839": [10, 1], "car_2836": [0, 7], "car_2436": [9, 5], "car_2834": [7, 0], "car_2835": [8, 7], "car_2832": [9, 6], "car_2833": [13, 5], "car_2830": [2, 3], "car_2437": [7, 6], "car_2010": [9, 4], "car_2011": [3, 2], "car_2012": [7, 1], "car_2013": [11, 4], "car_2014": [1, 5], "car_2015": [10, 0], "car_2016": [14, 2], "car_2017": [2, 4], "car_2018": [9, 0], "car_2019": [7, 1], "car_4024": [14, 6], "car_2435": [5, 7], "car_3732": [3, 0], "car_87": [7, 3], "car_86": [3, 7], "car_85": [13, 6], "car_84": [9, 2], "car_83": [2, 3], "car_82": [10, 0], "car_81": [5, 2], "car_80": [1, 0], "car_4444": [0, 5], "car_3249": [7, 2], "car_2001": [6, 7], "car_89": [0, 4], "car_88": [8, 6], "car_3945": [9, 3], "car_3944": [2, 3], "car_3947": [8, 4], "car_2000": [2, 1], "car_2498": [1, 6], "car_2499": [14, 3], "car_3943": [14, 4], "car_3942": [10, 3], "car_2494": [7, 4], "car_2495": [12, 4], "car_2496": [4, 0], "car_2497": [11, 2], "car_2490": [10, 0], "car_2491": [2, 4], "car_2492": [6, 5], "car_2493": [3, 7], "car_875": [14, 7], "car_874": [10, 2], "car_877": [9, 1], "car_876": [2, 0], "car_871": [11, 3], "car_870": [12, 4], "car_873": [1, 6], "car_872": [15, 4], "car_3228": [9, 2], "car_3242": [4, 7], "car_3727": [15, 0], "car_1694": [14, 1], "car_879": [4, 7], "car_878": [3, 1], "car_3723": [7, 4], "car_3243": [5, 6], "car_1752": [0, 4], "car_4613": [10, 2], "car_1753": [15, 1], "car_4614": [14, 7], "car_1699": [15, 7], "car_2124": [0, 7], "car_2125": [1, 5], "car_1619": [1, 5], "car_1618": [11, 6], "car_2120": [9, 1], "car_2121": [13, 3], "car_2122": [8, 7], "car_2123": [12, 5], "car_1613": [2, 0], "car_1612": [5, 0], "car_1611": [1, 5], "car_1610": [11, 3], "car_1617": [0, 4], "car_1616": [12, 5], "car_1615": [13, 3], "car_1614": [9, 0], "car_3839": [15, 4], "car_3838": [11, 6], "car_1754": [5, 7], "car_3831": [10, 0], "car_3830": [5, 6], "car_3833": [13, 7], "car_1755": [10, 3], "car_3835": [7, 3], "car_3834": [3, 5], "car_3837": [4, 3], "car_3836": [8, 3], "car_4441": [2, 1], "car_2767": [8, 4], "car_3653": [14, 3], "car_3611": [4, 6], "car_3610": [13, 6], "car_3613": [15, 4], "car_3612": [11, 2], "car_3615": [5, 2], "car_3614": [1, 7], "car_3617": [14, 5], "car_3616": [10, 1], "car_2323": [3, 2], "car_3618": [2, 4], "car_4208": [11, 1], "car_471": [9, 5], "car_470": [6, 1], "car_473": [7, 6], "car_472": [3, 4], "car_475": [0, 6], "car_474": [12, 1], "car_477": [15, 5], "car_476": [4, 6], "car_479": [10, 0], "car_478": [1, 5], "car_2232": [8, 0], "car_2233": [0, 7], "car_2234": [15, 0], "car_2235": [10, 0], "car_2236": [14, 6], "car_2237": [2, 3], "car_4534": [2, 0], "car_4443": [3, 4], "car_2769": [11, 3], "car_2765": [13, 7], "car_4719": [5, 0], "car_4649": [9, 4], "car_4741": [13, 5], "car_2038": [11, 7], "car_2709": [5, 6], "car_3229": [13, 2], "car_3057": [5, 3], "car_3056": [7, 5], "car_2762": [15, 3], "car_3054": [2, 7], "car_3053": [10, 0], "car_3052": [1, 3], "car_3051": [11, 5], "car_3050": [12, 7], "car_3059": [9, 3], "car_3058": [10, 2], "car_3997": [5, 1], "car_3303": [1, 6], "car_2039": [15, 7], "car_3809": [15, 6], "car_2763": [14, 7], "car_1819": [5, 2], "car_4647": [2, 5], "car_4659": [6, 7], "car_1818": [1, 7], "car_4102": [9, 4], "car_4530": [12, 7], "car_4454": [11, 7], "car_2386": [1, 0], "car_682": [3, 6], "car_683": [15, 4], "car_680": [2, 1], "car_681": [6, 1], "car_686": [10, 1], "car_687": [9, 2], "car_684": [1, 3], "car_685": [5, 2], "car_688": [13, 6], "car_689": [12, 1], "car_4179": [2, 5], "car_4382": [8, 6], "car_2481": [4, 1], "car_2761": [11, 5], "car_3540": [9, 7], "car_3282": [8, 1], "car_3283": [12, 7], "car_1815": [0, 4], "car_3280": [9, 1], "car_1814": [12, 0], "car_3621": [7, 1], "car_3281": [3, 7], "car_3286": [10, 3], "car_3543": [15, 7], "car_4019": [13, 7], "car_2388": [14, 1], "car_3287": [2, 5], "car_4665": [5, 0], "car_3284": [4, 3], "car_4664": [4, 3], "car_3285": [5, 4], "car_4667": [2, 1], "car_4666": [10, 6], "car_4108": [4, 3], "car_3542": [11, 5], "car_2389": [2, 5], "car_3288": [6, 0], "car_4560": [12, 7], "car_4109": [11, 1], "car_4636": [1, 0], "car_4637": [10, 0], "car_4634": [4, 5], "car_3289": [9, 6], "car_1670": [7, 1], "car_1956": [13, 1], "car_4630": [6, 3], "car_4631": [13, 2], "car_3302": [7, 0], "car_1957": [8, 0], "car_4638": [9, 4], "car_3324": [15, 3], "car_1958": [5, 2], "car_1959": [10, 4], "car_3545": [10, 1], "car_4716": [11, 6], "car_4106": [12, 1], "car_2003": [0, 4], "car_4107": [0, 2], "car_3858": [0, 1], "car_4100": [2, 5], "car_4101": [6, 1], "car_268": [4, 6], "car_269": [1, 5], "car_1974": [15, 0], "car_1975": [1, 3], "car_1972": [8, 7], "car_1973": [11, 6], "car_1970": [13, 3], "car_1971": [3, 1], "car_260": [5, 7], "car_261": [14, 6], "car_262": [2, 0], "car_263": [6, 1], "car_264": [13, 1], "car_265": [7, 5], "car_266": [8, 3], "car_267": [12, 5], "car_1572": [7, 5], "car_1573": [8, 7], "car_1570": [2, 1], "car_1571": [6, 3], "car_1576": [5, 1], "car_1577": [14, 2], "car_1574": [0, 3], "car_1575": [15, 5], "car_4250": [13, 4], "car_4251": [3, 2], "car_1578": [6, 4], "car_1579": [3, 4], "car_4254": [1, 7], "car_2971": [5, 1], "car_4256": [10, 2], "car_4257": [14, 0], "car_1370": [5, 0], "car_1371": [2, 4], "car_1372": [6, 1], "car_1373": [13, 4], "car_1374": [3, 0], "car_1375": [7, 1], "car_1376": [12, 5], "car_1377": [11, 2], "car_1378": [15, 6], "car_1379": [5, 6], "car_3014": [2, 0], "car_3254": [6, 4], "car_2600": [3, 0], "car_4459": [4, 2], "car_2975": [3, 2], "car_3992": [2, 0], "car_2974": [13, 4], "car_3993": [6, 2], "car_314": [6, 2], "car_315": [9, 4], "car_316": [3, 0], "car_317": [8, 2], "car_310": [8, 6], "car_311": [4, 0], "car_312": [15, 6], "car_313": [5, 2], "car_318": [2, 0], "car_319": [6, 7], "car_4388": [14, 7], "car_4119": [15, 1], "car_918": [2, 1], "car_919": [9, 1], "car_2719": [8, 2], "car_2718": [6, 2], "car_912": [12, 3], "car_913": [0, 7], "car_910": [6, 4], "car_911": [7, 2], "car_916": [10, 1], "car_917": [14, 2], "car_914": [4, 6], "car_915": [11, 2], "car_1114": [0, 7], "car_1115": [4, 6], "car_1116": [11, 6], "car_1117": [15, 2], "car_1110": [13, 3], "car_1111": [3, 2], "car_1112": [7, 6], "car_1113": [12, 3], "car_4416": [4, 1], "car_4417": [15, 3], "car_4414": [7, 4], "car_4415": [8, 4], "car_1118": [1, 3], "car_1119": [10, 5], "car_4410": [1, 7], "car_4411": [10, 0], "car_1284": [7, 0], "car_1285": [0, 5], "car_1286": [11, 7], "car_1287": [15, 4], "car_1280": [10, 3], "car_1281": [6, 1], "car_1282": [9, 1], "car_1283": [13, 3], "car_3458": [10, 5], "car_2130": [7, 0], "car_1288": [1, 4], "car_1289": [14, 0], "car_4712": [7, 5], "car_2959": [6, 3], "car_2958": [14, 7], "car_4688": [4, 7], "car_2951": [7, 2], "car_2950": [3, 7], "car_2953": [0, 3], "car_2952": [8, 4], "car_2955": [11, 4], "car_2954": [4, 5], "car_2957": [10, 7], "car_2956": [5, 7], "car_2821": [3, 0], "car_2820": [13, 3], "car_1744": [4, 0], "car_2822": [7, 1], "car_2825": [0, 6], "car_2824": [12, 4], "car_2827": [11, 7], "car_2826": [4, 3], "car_2829": [10, 2], "car_2828": [1, 5], "car_3536": [1, 3], "car_3537": [10, 5], "car_3530": [13, 1], "car_3531": [3, 6], "car_3532": [8, 4], "car_3533": [12, 3], "car_1028": [0, 2], "car_1029": [11, 3], "car_1758": [3, 4], "car_1759": [7, 1], "car_2007": [10, 6], "car_2006": [5, 2], "car_2005": [15, 4], "car_2004": [11, 0], "car_1020": [15, 7], "car_1021": [5, 6], "car_1022": [14, 0], "car_1023": [6, 3], "car_1024": [9, 2], "car_1025": [3, 4], "car_1026": [7, 3], "car_1027": [12, 0], "car_1598": [4, 1], "car_1599": [14, 3], "car_4680": [0, 7], "car_1590": [0, 5], "car_1591": [4, 6], "car_1592": [1, 6], "car_1593": [5, 2], "car_1594": [10, 7], "car_1595": [13, 6], "car_1596": [3, 1], "car_1597": [0, 2], "car_2489": [5, 1], "car_2488": [15, 0], "car_2487": [4, 5], "car_2486": [13, 2], "car_2485": [9, 7], "car_2484": [5, 4], "car_2483": [15, 7], "car_2482": [11, 2], "car_1746": [14, 4], "car_2480": [0, 6], "car_862": [0, 4], "car_863": [4, 3], "car_860": [7, 0], "car_861": [12, 0], "car_866": [14, 7], "car_867": [2, 5], "car_864": [11, 5], "car_865": [15, 1], "car_868": [9, 5], "car_869": [8, 0], "car_3440": [10, 1], "car_3441": [14, 0], "car_3442": [6, 7], "car_3443": [9, 2], "car_3444": [13, 6], "car_3445": [7, 4], "car_3446": [12, 4], "car_3447": [0, 7], "car_3448": [5, 4], "car_3449": [10, 2], "car_3994": [3, 5], "car_3995": [7, 0], "car_1741": [3, 7], "car_3846": [0, 3], "car_3990": [11, 5], "car_3991": [15, 3], "car_2137": [14, 2], "car_2136": [5, 7], "car_2135": [15, 6], "car_2134": [11, 0], "car_2133": [0, 7], "car_2132": [12, 4], "car_1628": [11, 2], "car_1629": [1, 4], "car_1626": [0, 3], "car_1627": [4, 5], "car_1624": [7, 0], "car_1625": [12, 1], "car_1622": [13, 5], "car_1623": [3, 5], "car_1620": [5, 2], "car_1621": [6, 5], "car_3848": [11, 4], "car_3849": [15, 7], "car_3844": [3, 6], "car_3845": [7, 4], "car_1740": [13, 7], "car_3847": [4, 2], "car_3840": [1, 4], "car_3841": [14, 0], "car_3842": [6, 1], "car_3843": [13, 4]}