{"car_773": [11, 2], "car_1031": [14, 7], "car_944": [8, 4], "car_545": [3, 7], "car_544": [6, 0], "car_547": [12, 3], "car_546": [3, 6], "car_541": [6, 0], "car_540": [10, 3], "car_543": [5, 4], "car_542": [15, 1], "car_549": [5, 6], "car_548": [12, 5], "car_819": [11, 0], "car_818": [7, 3], "car_888": [15, 0], "car_468": [14, 6], "car_469": [7, 1], "car_466": [7, 1], "car_467": [11, 4], "car_464": [10, 6], "car_465": [9, 7], "car_462": [5, 7], "car_463": [2, 0], "car_460": [0, 7], "car_461": [5, 2], "car_211": [1, 3], "car_210": [0, 5], "car_213": [13, 6], "car_212": [15, 7], "car_215": [6, 4], "car_214": [12, 0], "car_217": [4, 3], "car_216": [7, 3], "car_219": [2, 3], "car_218": [10, 7], "car_352": [5, 7], "car_353": [8, 3], "car_354": [4, 3], "car_355": [11, 1], "car_356": [3, 7], "car_357": [8, 5], "car_608": [1, 4], "car_609": [5, 2], "car_602": [4, 7], "car_603": [5, 4], "car_600": [14, 4], "car_601": [3, 5], "car_606": [8, 7], "car_607": [9, 1], "car_604": [3, 6], "car_605": [4, 3], "car_817": [8, 7], "car_518": [4, 5], "car_816": [11, 1], "car_519": [15, 2], "car_815": [11, 1], "car_814": [13, 5], "car_813": [2, 1], "car_812": [14, 1], "car_923": [5, 1], "car_922": [7, 0], "car_921": [14, 4], "car_920": [5, 4], "car_927": [2, 0], "car_811": [10, 6], "car_925": [13, 0], "car_924": [5, 0], "car_929": [3, 5], "car_810": [7, 4], "car_776": [7, 1], "car_777": [0, 5], "car_774": [9, 0], "car_775": [14, 0], "car_772": [1, 3], "car_510": [1, 2], "car_770": [10, 6], "car_771": [14, 5], "car_805": [8, 1], "car_511": [3, 4], "car_943": [7, 2], "car_778": [8, 3], "car_779": [0, 5], "car_942": [3, 6], "car_679": [7, 0], "car_678": [1, 4], "car_677": [2, 0], "car_676": [1, 0], "car_675": [4, 7], "car_674": [10, 1], "car_673": [14, 4], "car_672": [11, 6], "car_671": [5, 4], "car_670": [3, 1], "car_938": [14, 1], "car_947": [2, 7], "car_946": [5, 2], "car_10": [13, 3], "car_11": [12, 6], "car_12": [0, 3], "car_13": [12, 7], "car_14": [11, 3], "car_15": [6, 0], "car_16": [1, 5], "car_17": [5, 0], "car_18": [12, 4], "car_19": [15, 2], "car_828": [5, 0], "car_1002": [4, 5], "car_758": [8, 0], "car_889": [9, 4], "car_759": [2, 7], "car_703": [12, 2], "car_702": [13, 4], "car_701": [2, 1], "car_829": [8, 7], "car_984": [7, 0], "car_789": [13, 7], "car_700": [8, 6], "car_1006": [12, 3], "car_783": [8, 3], "car_707": [8, 5], "car_781": [4, 6], "car_780": [15, 3], "car_787": [3, 4], "car_786": [4, 2], "car_785": [6, 2], "car_706": [2, 5], "car_705": [10, 3], "car_750": [1, 6], "car_704": [1, 7], "car_698": [13, 3], "car_422": [8, 4], "car_423": [4, 1], "car_420": [2, 0], "car_421": [7, 2], "car_426": [13, 2], "car_427": [9, 6], "car_424": [15, 3], "car_425": [7, 3], "car_581": [0, 3], "car_580": [13, 3], "car_428": [14, 5], "car_429": [3, 1], "car_585": [3, 0], "car_584": [13, 5], "car_587": [10, 5], "car_586": [11, 4], "car_255": [4, 6], "car_254": [12, 0], "car_257": [7, 1], "car_256": [9, 7], "car_251": [11, 0], "car_250": [0, 7], "car_253": [9, 0], "car_252": [14, 3], "car_394": [5, 7], "car_395": [7, 2], "car_396": [11, 5], "car_397": [10, 6], "car_259": [4, 3], "car_258": [9, 4], "car_392": [5, 1], "car_393": [12, 6], "car_827": [0, 2], "car_1004": [2, 1], "car_158": [8, 0], "car_159": [12, 6], "car_156": [15, 7], "car_157": [7, 1], "car_154": [4, 6], "car_155": [7, 6], "car_152": [7, 2], "car_153": [3, 7], "car_150": [0, 7], "car_151": [2, 3], "car_882": [1, 0], "car_1005": [9, 3], "car_350": [10, 1], "car_883": [2, 1], "car_351": [7, 4], "car_457": [1, 2], "car_456": [15, 5], "car_455": [6, 3], "car_454": [14, 7], "car_453": [0, 7], "car_452": [8, 2], "car_451": [14, 2], "car_450": [13, 7], "car_516": [8, 2], "car_517": [6, 3], "car_514": [11, 1], "car_515": [14, 6], "car_512": [9, 7], "car_513": [4, 2], "car_459": [8, 6], "car_458": [10, 1], "car_321": [14, 7], "car_320": [4, 1], "car_323": [2, 5], "car_322": [1, 3], "car_325": [11, 7], "car_324": [13, 1], "car_327": [15, 0], "car_326": [6, 4], "car_329": [9, 4], "car_328": [1, 0], "car_493": [15, 7], "car_822": [4, 5], "car_492": [0, 7], "car_1003": [10, 1], "car_491": [2, 3], "car_633": [11, 6], "car_632": [13, 0], "car_631": [5, 3], "car_490": [15, 3], "car_637": [7, 3], "car_636": [11, 3], "car_635": [4, 1], "car_634": [12, 5], "car_732": [4, 3], "car_497": [7, 4], "car_639": [15, 0], "car_638": [0, 3], "car_736": [9, 5], "car_730": [4, 0], "car_734": [6, 7], "car_496": [3, 7], "car_268": [11, 3], "car_823": [9, 4], "car_731": [7, 0], "car_495": [6, 5], "car_140": [1, 7], "car_1000": [7, 6], "car_494": [6, 3], "car_737": [4, 0], "car_735": [12, 4], "car_886": [7, 6], "car_144": [2, 5], "car_887": [8, 7], "car_988": [11, 2], "car_1001": [8, 5], "car_260": [11, 1], "car_189": [9, 0], "car_188": [0, 5], "car_261": [0, 4], "car_185": [1, 4], "car_184": [11, 6], "car_187": [6, 7], "car_186": [7, 2], "car_181": [2, 6], "car_180": [14, 4], "car_183": [12, 0], "car_182": [1, 6], "car_263": [12, 2], "car_749": [10, 6], "car_748": [5, 4], "car_747": [4, 7], "car_746": [3, 0], "car_745": [0, 4], "car_744": [9, 5], "car_743": [11, 5], "car_742": [9, 6], "car_741": [1, 0], "car_740": [8, 4], "car_899": [15, 0], "car_850": [14, 6], "car_897": [15, 3], "car_896": [4, 0], "car_895": [3, 2], "car_894": [4, 5], "car_893": [3, 5], "car_892": [3, 7], "car_891": [10, 4], "car_890": [0, 4], "car_768": [14, 0], "car_1025": [1, 7], "car_299": [15, 2], "car_113": [5, 2], "car_110": [6, 1], "car_111": [0, 5], "car_116": [4, 5], "car_117": [14, 6], "car_114": [6, 1], "car_115": [7, 1], "car_291": [13, 6], "car_290": [6, 4], "car_118": [5, 0], "car_119": [10, 6], "car_295": [4, 0], "car_294": [5, 3], "car_297": [12, 2], "car_296": [11, 1], "car_54": [6, 0], "car_55": [8, 3], "car_56": [4, 6], "car_57": [15, 7], "car_50": [4, 7], "car_51": [10, 0], "car_52": [4, 5], "car_53": [11, 4], "car_58": [5, 2], "car_59": [2, 0], "car_928": [14, 6], "car_552": [12, 0], "car_553": [15, 1], "car_550": [13, 6], "car_551": [7, 3], "car_556": [15, 4], "car_557": [13, 4], "car_554": [9, 7], "car_555": [14, 1], "car_1012": [9, 2], "car_558": [11, 0], "car_559": [5, 2], "car_808": [13, 7], "car_809": [1, 3], "car_365": [0, 3], "car_364": [3, 4], "car_367": [14, 1], "car_366": [11, 7], "car_361": [7, 5], "car_360": [1, 5], "car_363": [13, 4], "car_362": [4, 5], "car_413": [3, 1], "car_412": [4, 0], "car_411": [9, 0], "car_410": [2, 4], "car_369": [5, 4], "car_368": [15, 0], "car_415": [1, 2], "car_414": [3, 7], "car_167": [4, 7], "car_166": [2, 1], "car_165": [11, 6], "car_164": [11, 4], "car_163": [0, 3], "car_162": [7, 2], "car_161": [9, 2], "car_160": [5, 4], "car_206": [14, 0], "car_207": [0, 3], "car_204": [12, 2], "car_205": [5, 6], "car_202": [11, 1], "car_203": [3, 4], "car_169": [7, 4], "car_168": [15, 1], "car_982": [12, 2], "car_527": [2, 4], "car_526": [11, 6], "car_525": [12, 0], "car_524": [13, 1], "car_523": [5, 1], "car_522": [4, 7], "car_521": [9, 0], "car_520": [6, 1], "car_990": [6, 1], "car_529": [3, 1], "car_528": [14, 1], "car_973": [6, 2], "car_930": [9, 4], "car_931": [10, 7], "car_932": [9, 6], "car_933": [11, 2], "car_934": [5, 7], "car_935": [0, 4], "car_936": [11, 3], "car_937": [15, 5], "car_489": [12, 0], "car_939": [0, 6], "car_1033": [5, 3], "car_6": [6, 4], "car_7": [13, 1], "car_4": [5, 0], "car_5": [10, 3], "car_2": [14, 2], "car_3": [3, 0], "car_0": [1, 0], "car_1": [14, 3], "car_709": [1, 3], "car_708": [11, 2], "car_8": [1, 4], "car_9": [10, 4], "car_668": [4, 2], "car_669": [11, 2], "car_664": [13, 1], "car_665": [3, 4], "car_666": [7, 1], "car_667": [0, 6], "car_660": [6, 4], "car_661": [10, 5], "car_662": [6, 1], "car_663": [9, 7], "car_978": [12, 1], "car_979": [13, 5], "car_793": [11, 7], "car_985": [4, 6], "car_974": [5, 0], "car_987": [0, 6], "car_986": [9, 3], "car_981": [1, 2], "car_980": [7, 4], "car_983": [14, 5], "car_975": [9, 1], "car_989": [2, 4], "car_976": [12, 4], "car_926": [8, 7], "car_798": [8, 5], "car_977": [5, 3], "car_799": [5, 6], "car_970": [2, 5], "car_971": [9, 0], "car_98": [2, 1], "car_99": [8, 6], "car_972": [3, 1], "car_90": [3, 0], "car_91": [15, 6], "car_92": [7, 0], "car_93": [5, 2], "car_94": [0, 6], "car_95": [9, 2], "car_96": [12, 3], "car_97": [0, 5], "car_596": [1, 3], "car_578": [6, 0], "car_594": [0, 1], "car_595": [2, 0], "car_592": [9, 4], "car_593": [3, 6], "car_590": [9, 3], "car_579": [2, 0], "car_598": [15, 2], "car_599": [10, 2], "car_848": [11, 3], "car_790": [4, 2], "car_791": [12, 7], "car_840": [1, 3], "car_841": [7, 1], "car_842": [3, 0], "car_843": [6, 3], "car_844": [13, 6], "car_792": [4, 2], "car_846": [11, 5], "car_847": [10, 3], "car_242": [2, 3], "car_243": [12, 1], "car_240": [4, 6], "car_241": [5, 3], "car_246": [6, 0], "car_247": [3, 0], "car_244": [10, 7], "car_245": [10, 7], "car_794": [15, 1], "car_248": [7, 1], "car_249": [6, 1], "car_795": [5, 6], "car_570": [15, 3], "car_129": [5, 0], "car_128": [5, 0], "car_796": [8, 6], "car_571": [5, 4], "car_123": [10, 1], "car_122": [5, 3], "car_121": [14, 1], "car_120": [7, 6], "car_127": [7, 2], "car_126": [5, 4], "car_125": [12, 6], "car_124": [6, 1], "car_797": [5, 1], "car_1032": [11, 4], "car_908": [10, 6], "car_597": [4, 0], "car_444": [9, 7], "car_445": [8, 3], "car_446": [12, 4], "car_447": [1, 4], "car_440": [3, 1], "car_441": [12, 6], "car_442": [8, 0], "car_443": [12, 1], "car_563": [3, 4], "car_562": [11, 7], "car_561": [12, 7], "car_560": [10, 7], "car_448": [0, 4], "car_349": [15, 2], "car_565": [10, 3], "car_564": [1, 5], "car_237": [1, 4], "car_236": [9, 6], "car_235": [15, 3], "car_234": [11, 5], "car_233": [12, 1], "car_232": [6, 5], "car_338": [1, 3], "car_339": [9, 2], "car_336": [0, 5], "car_337": [2, 4], "car_334": [1, 7], "car_335": [13, 0], "car_332": [15, 5], "car_333": [12, 5], "car_330": [11, 3], "car_238": [8, 7], "car_408": [10, 1], "car_409": [4, 0], "car_916": [11, 6], "car_620": [4, 3], "car_621": [5, 0], "car_622": [10, 2], "car_623": [6, 5], "car_624": [7, 5], "car_625": [12, 5], "car_626": [13, 7], "car_627": [0, 4], "car_628": [3, 5], "car_629": [12, 1], "car_849": [10, 1], "car_347": [7, 3], "car_346": [10, 6], "car_630": [4, 6], "car_729": [12, 3], "car_402": [5, 6], "car_728": [1, 3], "car_403": [8, 3], "car_949": [12, 5], "car_948": [6, 0], "car_198": [9, 3], "car_199": [13, 7], "car_1008": [8, 2], "car_1009": [1, 2], "car_192": [10, 5], "car_193": [2, 3], "car_190": [4, 0], "car_191": [15, 1], "car_196": [11, 5], "car_197": [14, 2], "car_194": [4, 7], "car_195": [14, 7], "car_695": [15, 5], "car_694": [15, 0], "car_697": [5, 3], "car_696": [9, 0], "car_691": [6, 0], "car_690": [7, 5], "car_693": [13, 3], "car_692": [9, 0], "car_754": [12, 5], "car_755": [0, 2], "car_756": [14, 3], "car_757": [7, 3], "car_699": [3, 6], "car_279": [3, 5], "car_752": [5, 1], "car_753": [6, 2], "car_278": [10, 2], "car_723": [8, 2], "car_722": [14, 2], "car_36": [13, 3], "car_37": [4, 6], "car_34": [0, 5], "car_35": [4, 7], "car_32": [11, 5], "car_33": [0, 3], "car_30": [8, 4], "car_31": [12, 0], "car_884": [3, 6], "car_885": [10, 1], "car_499": [6, 4], "car_498": [11, 0], "car_880": [9, 5], "car_881": [12, 0], "car_38": [9, 1], "car_39": [12, 3], "car_286": [6, 0], "car_287": [4, 7], "car_284": [9, 2], "car_285": [14, 0], "car_282": [12, 3], "car_283": [9, 3], "car_280": [4, 2], "car_281": [15, 6], "car_288": [11, 2], "car_289": [15, 3], "car_178": [6, 0], "car_179": [12, 3], "car_43": [6, 2], "car_42": [5, 4], "car_41": [4, 2], "car_40": [4, 1], "car_47": [2, 6], "car_46": [14, 7], "car_45": [1, 2], "car_44": [15, 0], "car_49": [13, 7], "car_48": [12, 3], "car_821": [1, 7], "car_566": [1, 3], "car_831": [14, 5], "car_830": [12, 3], "car_833": [5, 1], "car_832": [3, 0], "car_835": [1, 6], "car_834": [14, 2], "car_837": [13, 4], "car_836": [14, 3], "car_839": [8, 5], "car_838": [0, 4], "car_372": [7, 3], "car_373": [14, 7], "car_370": [6, 2], "car_371": [11, 2], "car_376": [1, 6], "car_377": [13, 5], "car_374": [13, 1], "car_375": [0, 7], "car_400": [13, 6], "car_401": [12, 1], "car_378": [2, 6], "car_379": [9, 6], "car_404": [9, 0], "car_405": [5, 4], "car_406": [14, 7], "car_407": [13, 5], "car_174": [5, 6], "car_175": [2, 5], "car_176": [3, 7], "car_177": [7, 4], "car_170": [13, 0], "car_171": [11, 3], "car_172": [5, 0], "car_173": [4, 1], "car_273": [4, 3], "car_272": [13, 2], "car_271": [10, 0], "car_270": [3, 2], "car_277": [7, 0], "car_276": [15, 5], "car_275": [0, 5], "car_274": [8, 4], "car_112": [11, 3], "car_845": [2, 5], "car_298": [4, 3], "car_534": [15, 2], "car_535": [1, 4], "car_536": [10, 3], "car_537": [6, 1], "car_530": [6, 0], "car_531": [7, 2], "car_532": [4, 2], "car_358": [0, 3], "car_538": [15, 2], "car_539": [0, 1], "car_307": [15, 5], "car_306": [6, 3], "car_305": [0, 1], "car_304": [14, 3], "car_303": [12, 0], "car_302": [15, 1], "car_301": [4, 7], "car_300": [14, 1], "car_804": [13, 7], "car_898": [3, 0], "car_293": [1, 2], "car_309": [2, 7], "car_308": [12, 1], "car_292": [7, 0], "car_909": [3, 2], "car_359": [2, 3], "car_905": [15, 5], "car_904": [13, 0], "car_907": [1, 5], "car_906": [0, 5], "car_901": [0, 5], "car_900": [2, 0], "car_903": [6, 5], "car_902": [15, 2], "car_710": [5, 4], "car_711": [2, 3], "car_712": [9, 2], "car_713": [0, 6], "car_714": [2, 5], "car_715": [6, 0], "car_716": [10, 5], "car_717": [15, 6], "car_718": [8, 3], "car_719": [15, 7], "car_659": [1, 6], "car_658": [14, 1], "car_651": [12, 7], "car_650": [9, 7], "car_653": [1, 6], "car_652": [15, 0], "car_655": [3, 6], "car_654": [6, 0], "car_657": [15, 0], "car_656": [8, 1], "car_806": [6, 2], "car_78": [9, 3], "car_79": [1, 2], "car_72": [4, 0], "car_73": [3, 5], "car_70": [11, 6], "car_71": [3, 5], "car_76": [3, 0], "car_77": [12, 1], "car_74": [8, 3], "car_75": [10, 1], "car_992": [11, 7], "car_993": [14, 3], "car_807": [9, 4], "car_991": [4, 1], "car_957": [3, 4], "car_997": [3, 1], "car_994": [9, 3], "car_995": [2, 3], "car_998": [11, 0], "car_999": [10, 2], "car_87": [1, 4], "car_86": [4, 7], "car_85": [8, 4], "car_84": [15, 5], "car_83": [4, 1], "car_82": [0, 5], "car_81": [9, 6], "car_80": [11, 4], "car_533": [6, 2], "car_89": [13, 2], "car_88": [6, 3], "car_800": [15, 4], "car_875": [8, 4], "car_874": [10, 1], "car_877": [8, 0], "car_689": [14, 5], "car_871": [4, 2], "car_870": [12, 0], "car_873": [1, 0], "car_872": [5, 0], "car_879": [1, 2], "car_878": [12, 4], "car_801": [4, 6], "car_1020": [12, 6], "car_1021": [9, 2], "car_1022": [13, 3], "car_953": [6, 5], "car_1023": [14, 5], "car_1024": [11, 7], "car_951": [6, 5], "car_784": [4, 5], "car_962": [2, 0], "car_138": [12, 0], "car_139": [2, 7], "car_788": [4, 3], "car_1026": [3, 0], "car_130": [2, 5], "car_131": [13, 7], "car_132": [15, 1], "car_133": [9, 4], "car_134": [12, 4], "car_135": [11, 2], "car_136": [12, 6], "car_137": [12, 2], "car_569": [11, 6], "car_568": [9, 0], "car_782": [5, 2], "car_471": [7, 0], "car_470": [10, 2], "car_473": [13, 6], "car_472": [14, 0], "car_475": [6, 7], "car_474": [2, 0], "car_477": [3, 5], "car_476": [9, 7], "car_479": [14, 3], "car_478": [0, 2], "car_572": [14, 7], "car_573": [6, 7], "car_574": [3, 7], "car_575": [7, 1], "car_576": [10, 4], "car_577": [14, 2], "car_224": [14, 4], "car_225": [7, 1], "car_226": [3, 2], "car_227": [12, 1], "car_220": [15, 7], "car_221": [6, 1], "car_222": [9, 0], "car_223": [15, 0], "car_343": [10, 4], "car_342": [1, 5], "car_341": [0, 3], "car_340": [2, 5], "car_228": [14, 3], "car_229": [2, 3], "car_345": [0, 5], "car_344": [3, 7], "car_802": [10, 4], "car_567": [10, 1], "car_803": [15, 3], "car_739": [6, 1], "car_449": [4, 0], "car_619": [3, 7], "car_618": [11, 2], "car_615": [10, 1], "car_614": [5, 0], "car_617": [5, 6], "car_616": [11, 2], "car_611": [7, 0], "car_610": [14, 2], "car_613": [11, 2], "car_612": [4, 1], "car_591": [6, 3], "car_956": [14, 2], "car_769": [6, 5], "car_954": [9, 5], "car_955": [4, 1], "car_952": [15, 4], "car_231": [8, 1], "car_950": [2, 6], "car_683": [15, 2], "car_230": [7, 3], "car_419": [2, 3], "car_958": [1, 0], "car_959": [11, 6], "car_1011": [6, 2], "car_1010": [2, 3], "car_1013": [0, 4], "car_418": [14, 7], "car_1015": [2, 4], "car_1014": [14, 6], "car_1017": [0, 6], "car_1016": [1, 4], "car_1019": [6, 2], "car_1018": [0, 5], "car_682": [3, 1], "car_589": [2, 4], "car_680": [8, 7], "car_681": [15, 6], "car_686": [2, 0], "car_687": [12, 0], "car_684": [5, 1], "car_588": [6, 2], "car_761": [1, 6], "car_760": [15, 5], "car_688": [1, 4], "car_685": [14, 0], "car_765": [2, 5], "car_764": [8, 5], "car_767": [11, 1], "car_766": [7, 2], "car_858": [5, 2], "car_239": [0, 6], "car_331": [8, 5], "car_763": [7, 6], "car_25": [10, 7], "car_24": [5, 6], "car_27": [1, 6], "car_26": [12, 0], "car_21": [4, 5], "car_20": [13, 7], "car_23": [1, 4], "car_22": [15, 1], "car_488": [7, 1], "car_417": [0, 5], "car_29": [9, 6], "car_28": [3, 4], "car_416": [2, 3], "car_853": [6, 7], "car_852": [11, 3], "car_583": [2, 4], "car_582": [10, 4], "car_1027": [4, 6], "car_857": [15, 6], "car_856": [0, 3], "car_855": [8, 0], "car_854": [13, 7], "car_1030": [11, 2], "car_733": [15, 0], "car_208": [6, 5], "car_209": [2, 5], "car_435": [9, 4], "car_434": [10, 1], "car_437": [5, 0], "car_436": [15, 2], "car_431": [14, 6], "car_430": [0, 3], "car_433": [8, 5], "car_432": [8, 1], "car_826": [12, 7], "car_398": [6, 3], "car_824": [11, 5], "car_825": [10, 0], "car_439": [10, 3], "car_438": [14, 0], "car_820": [10, 5], "car_399": [15, 3], "car_389": [6, 5], "car_388": [14, 0], "car_387": [0, 7], "car_386": [8, 6], "car_385": [5, 7], "car_384": [7, 3], "car_383": [7, 4], "car_382": [3, 0], "car_381": [2, 5], "car_380": [10, 3], "car_141": [8, 7], "car_269": [10, 4], "car_143": [2, 7], "car_142": [5, 1], "car_145": [8, 4], "car_200": [3, 0], "car_147": [1, 5], "car_146": [15, 0], "car_149": [2, 0], "car_148": [5, 3], "car_262": [6, 5], "car_201": [7, 0], "car_264": [2, 6], "car_265": [13, 1], "car_266": [8, 2], "car_267": [3, 1], "car_480": [10, 2], "car_481": [6, 2], "car_390": [9, 0], "car_482": [15, 3], "car_391": [0, 4], "car_483": [10, 4], "car_1007": [0, 4], "car_484": [12, 2], "car_485": [4, 1], "car_501": [11, 3], "car_500": [7, 6], "car_503": [12, 3], "car_502": [8, 6], "car_505": [8, 7], "car_486": [10, 5], "car_507": [1, 0], "car_506": [0, 1], "car_509": [13, 0], "car_508": [5, 6], "car_487": [14, 1], "car_851": [9, 4], "car_314": [7, 1], "car_315": [8, 5], "car_316": [11, 6], "car_317": [5, 2], "car_310": [7, 4], "car_311": [12, 2], "car_312": [1, 3], "car_313": [9, 7], "car_318": [6, 5], "car_319": [13, 5], "car_918": [7, 3], "car_919": [11, 3], "car_912": [1, 6], "car_913": [6, 0], "car_910": [12, 2], "car_911": [7, 5], "car_876": [3, 6], "car_917": [10, 2], "car_914": [10, 6], "car_915": [9, 3], "car_646": [3, 2], "car_647": [0, 6], "car_644": [15, 0], "car_645": [14, 7], "car_642": [13, 4], "car_643": [0, 4], "car_640": [2, 0], "car_641": [6, 2], "car_725": [15, 7], "car_724": [12, 0], "car_727": [15, 1], "car_726": [7, 0], "car_721": [3, 0], "car_720": [13, 3], "car_648": [14, 4], "car_649": [1, 4], "car_941": [6, 5], "car_69": [6, 1], "car_68": [4, 6], "car_61": [13, 3], "car_60": [9, 2], "car_63": [0, 1], "car_62": [10, 3], "car_65": [14, 5], "car_64": [2, 5], "car_67": [0, 5], "car_66": [8, 0], "car_1028": [1, 5], "car_1029": [5, 7], "car_940": [14, 1], "car_504": [2, 7], "car_969": [9, 2], "car_968": [4, 3], "car_967": [9, 0], "car_966": [8, 2], "car_965": [10, 1], "car_964": [11, 4], "car_963": [0, 4], "car_738": [1, 2], "car_961": [15, 5], "car_960": [6, 4], "car_751": [4, 1], "car_348": [7, 3], "car_859": [14, 5], "car_862": [11, 1], "car_863": [1, 0], "car_860": [2, 7], "car_861": [9, 7], "car_866": [3, 2], "car_867": [12, 1], "car_864": [3, 4], "car_865": [5, 4], "car_868": [11, 7], "car_869": [6, 1], "car_105": [4, 3], "car_104": [6, 3], "car_107": [6, 4], "car_106": [11, 1], "car_101": [2, 0], "car_100": [11, 7], "car_103": [2, 3], "car_102": [5, 2], "car_109": [14, 2], "car_108": [7, 3], "car_945": [0, 1], "car_762": [4, 2], "car_996": [8, 4]}