{"car_2009": [9, 7], "car_2229": [5, 4], "car_2228": [1, 0], "car_468": [2, 7], "car_469": [6, 4], "car_466": [7, 1], "car_467": [4, 3], "car_464": [11, 6], "car_465": [3, 6], "car_462": [2, 1], "car_463": [0, 4], "car_460": [10, 2], "car_461": [14, 5], "car_2455": [14, 5], "car_2751": [4, 3], "car_817": [12, 4], "car_816": [8, 6], "car_815": [7, 6], "car_2750": [0, 5], "car_814": [3, 7], "car_813": [2, 4], "car_812": [0, 6], "car_2072": [13, 4], "car_811": [8, 0], "car_2073": [10, 5], "car_810": [6, 5], "car_679": [11, 7], "car_678": [6, 1], "car_677": [1, 6], "car_676": [11, 3], "car_675": [12, 7], "car_674": [2, 1], "car_673": [5, 0], "car_672": [11, 1], "car_671": [4, 6], "car_670": [7, 2], "car_2771": [0, 2], "car_2770": [7, 3], "car_2078": [2, 6], "car_2079": [3, 7], "car_2456": [2, 7], "car_2341": [1, 4], "car_2670": [2, 7], "car_2671": [13, 5], "car_2754": [13, 7], "car_2672": [3, 2], "car_2223": [6, 3], "car_789": [15, 4], "car_788": [2, 6], "car_2222": [2, 0], "car_783": [15, 0], "car_782": [8, 5], "car_781": [13, 5], "car_780": [6, 4], "car_787": [10, 5], "car_786": [0, 5], "car_785": [13, 0], "car_784": [14, 0], "car_2220": [10, 2], "car_0": [4, 2], "car_2227": [15, 3], "car_1179": [4, 1], "car_2375": [10, 2], "car_2226": [4, 3], "car_2225": [12, 0], "car_2224": [9, 1], "car_255": [10, 1], "car_254": [5, 6], "car_257": [0, 3], "car_256": [13, 1], "car_251": [8, 3], "car_250": [3, 4], "car_253": [1, 0], "car_252": [0, 7], "car_1961": [11, 5], "car_1960": [4, 5], "car_1963": [1, 3], "car_1962": [15, 6], "car_259": [9, 5], "car_258": [11, 6], "car_1967": [1, 5], "car_1966": [8, 7], "car_1170": [14, 0], "car_1171": [8, 6], "car_1565": [11, 1], "car_1564": [12, 2], "car_1567": [8, 0], "car_1566": [5, 6], "car_1561": [14, 5], "car_1560": [1, 7], "car_1563": [7, 5], "car_1562": [3, 4], "car_1569": [10, 6], "car_1568": [1, 3], "car_1413": [3, 7], "car_1363": [0, 5], "car_1362": [3, 7], "car_1361": [13, 4], "car_1360": [9, 2], "car_1367": [14, 3], "car_1366": [10, 4], "car_1365": [1, 0], "car_1364": [11, 3], "car_1369": [1, 4], "car_1368": [6, 4], "car_2758": [5, 6], "car_2376": [5, 6], "car_321": [12, 4], "car_320": [3, 6], "car_323": [2, 6], "car_322": [0, 4], "car_325": [13, 3], "car_324": [9, 6], "car_327": [12, 4], "car_326": [8, 6], "car_329": [1, 7], "car_328": [0, 4], "car_2722": [0, 1], "car_2723": [4, 6], "car_2720": [9, 1], "car_2721": [13, 1], "car_2726": [3, 4], "car_2727": [8, 2], "car_2724": [11, 5], "car_2725": [10, 4], "car_2728": [4, 5], "car_2729": [10, 3], "car_1107": [15, 5], "car_1106": [11, 2], "car_1105": [4, 0], "car_1104": [12, 3], "car_1103": [6, 2], "car_1102": [11, 1], "car_1101": [13, 4], "car_1100": [2, 4], "car_1109": [6, 1], "car_1108": [2, 6], "car_1297": [0, 7], "car_1296": [9, 6], "car_1295": [10, 0], "car_1294": [15, 2], "car_1293": [11, 6], "car_1292": [12, 7], "car_1291": [3, 0], "car_1290": [13, 2], "car_1299": [5, 4], "car_1298": [1, 5], "car_2586": [7, 5], "car_2587": [5, 1], "car_2584": [9, 3], "car_2585": [3, 2], "car_2582": [15, 7], "car_2583": [6, 7], "car_2580": [4, 5], "car_2581": [11, 4], "car_2858": [5, 0], "car_2859": [10, 6], "car_2588": [10, 6], "car_2589": [13, 4], "car_2036": [14, 2], "car_2037": [9, 3], "car_1039": [6, 7], "car_1038": [2, 7], "car_1749": [14, 7], "car_1748": [10, 7], "car_2030": [13, 4], "car_2031": [8, 0], "car_1033": [6, 1], "car_1032": [4, 2], "car_1031": [12, 6], "car_1030": [8, 3], "car_1037": [14, 0], "car_1036": [15, 1], "car_1035": [12, 4], "car_1034": [7, 0], "car_1589": [2, 7], "car_1588": [10, 5], "car_1583": [0, 1], "car_1582": [3, 5], "car_1581": [6, 1], "car_1580": [5, 2], "car_1587": [1, 6], "car_1586": [15, 0], "car_1585": [4, 2], "car_1584": [2, 0], "car_1852": [7, 0], "car_1906": [0, 4], "car_899": [0, 5], "car_898": [12, 5], "car_897": [8, 6], "car_896": [14, 0], "car_895": [5, 2], "car_894": [11, 0], "car_893": [0, 6], "car_892": [12, 7], "car_891": [3, 1], "car_890": [9, 7], "car_2458": [7, 6], "car_2459": [8, 4], "car_2108": [2, 4], "car_2109": [9, 5], "car_2102": [12, 1], "car_2103": [0, 2], "car_2100": [1, 0], "car_2101": [10, 4], "car_2106": [15, 3], "car_2107": [1, 0], "car_2104": [4, 1], "car_2105": [11, 7], "car_1631": [4, 2], "car_1630": [0, 1], "car_1633": [3, 0], "car_1632": [6, 2], "car_1635": [5, 3], "car_1634": [4, 7], "car_1637": [13, 3], "car_1636": [14, 0], "car_1639": [15, 5], "car_1638": [12, 7], "car_1751": [0, 2], "car_2803": [6, 3], "car_2802": [2, 1], "car_2801": [5, 2], "car_2800": [15, 3], "car_2807": [10, 6], "car_1756": [0, 7], "car_2806": [1, 4], "car_2805": [0, 6], "car_2816": [9, 5], "car_2804": [3, 4], "car_2414": [1, 7], "car_419": [15, 2], "car_418": [13, 1], "car_2218": [8, 0], "car_2219": [4, 3], "car_413": [0, 5], "car_412": [12, 1], "car_411": [8, 5], "car_410": [3, 1], "car_417": [2, 7], "car_416": [5, 7], "car_415": [15, 4], "car_414": [4, 2], "car_2417": [0, 1], "car_1679": [7, 4], "car_1678": [10, 1], "car_2412": [12, 2], "car_2413": [15, 2], "car_527": [14, 7], "car_526": [5, 7], "car_525": [4, 6], "car_524": [8, 6], "car_523": [13, 6], "car_522": [6, 1], "car_521": [2, 1], "car_520": [10, 0], "car_1671": [10, 6], "car_1889": [4, 3], "car_529": [9, 2], "car_528": [2, 7], "car_1884": [8, 7], "car_1885": [11, 5], "car_2368": [14, 6], "car_2786": [15, 5], "car_2787": [5, 3], "car_668": [2, 3], "car_669": [3, 6], "car_664": [0, 2], "car_665": [11, 6], "car_666": [1, 3], "car_667": [5, 1], "car_660": [15, 1], "car_661": [5, 4], "car_662": [7, 3], "car_663": [8, 0], "car_2759": [3, 4], "car_1854": [4, 3], "car_2788": [14, 0], "car_2789": [2, 0], "car_798": [7, 3], "car_799": [12, 1], "car_790": [10, 2], "car_791": [6, 0], "car_792": [9, 6], "car_793": [7, 6], "car_794": [15, 7], "car_795": [10, 7], "car_796": [14, 4], "car_797": [2, 0], "car_242": [13, 4], "car_243": [4, 6], "car_240": [11, 1], "car_241": [15, 4], "car_246": [9, 7], "car_247": [0, 4], "car_244": [1, 7], "car_245": [6, 0], "car_1914": [0, 5], "car_1915": [1, 0], "car_248": [4, 5], "car_249": [15, 5], "car_1910": [2, 1], "car_1911": [9, 2], "car_1912": [13, 7], "car_1913": [8, 4], "car_1356": [11, 0], "car_1357": [5, 7], "car_1354": [3, 5], "car_1355": [0, 5], "car_1352": [2, 0], "car_1353": [6, 4], "car_1350": [13, 1], "car_1351": [8, 0], "car_1358": [14, 4], "car_1359": [6, 2], "car_1831": [13, 1], "car_1820": [10, 2], "car_1821": [2, 6], "car_1822": [9, 1], "car_1823": [8, 7], "car_1824": [15, 3], "car_1825": [1, 5], "car_338": [12, 0], "car_339": [15, 3], "car_336": [9, 1], "car_337": [7, 4], "car_334": [1, 6], "car_335": [14, 1], "car_332": [7, 2], "car_333": [11, 2], "car_330": [10, 6], "car_331": [6, 3], "car_2735": [14, 2], "car_2734": [10, 4], "car_1138": [2, 3], "car_1139": [6, 1], "car_2731": [13, 6], "car_2730": [2, 5], "car_2733": [11, 4], "car_2732": [8, 4], "car_1132": [14, 7], "car_1133": [5, 2], "car_1130": [7, 0], "car_1131": [11, 6], "car_1136": [15, 6], "car_1137": [5, 2], "car_1134": [10, 2], "car_1135": [0, 2], "car_1839": [0, 6], "car_2393": [14, 6], "car_1838": [14, 6], "car_2392": [0, 5], "car_2029": [6, 0], "car_2028": [2, 4], "car_2845": [8, 4], "car_2844": [6, 7], "car_2843": [2, 4], "car_2842": [14, 3], "car_2841": [10, 5], "car_2840": [8, 2], "car_2021": [10, 0], "car_2020": [1, 5], "car_2023": [7, 5], "car_2022": [13, 5], "car_2025": [0, 4], "car_2024": [12, 3], "car_2027": [15, 0], "car_2026": [11, 5], "car_2520": [1, 6], "car_1008": [1, 2], "car_1009": [5, 2], "car_1006": [0, 5], "car_1007": [11, 3], "car_1004": [7, 2], "car_1005": [8, 6], "car_1002": [1, 4], "car_1003": [2, 6], "car_1000": [4, 0], "car_1001": [11, 3], "car_2398": [1, 4], "car_2629": [9, 6], "car_2524": [12, 4], "car_2628": [6, 2], "car_2525": [4, 1], "car_2674": [10, 2], "car_1924": [9, 1], "car_2527": [9, 1], "car_36": [7, 4], "car_37": [0, 2], "car_34": [6, 4], "car_35": [9, 4], "car_888": [5, 6], "car_889": [10, 5], "car_30": [9, 6], "car_31": [0, 7], "car_884": [0, 6], "car_885": [4, 1], "car_886": [11, 5], "car_887": [15, 6], "car_880": [1, 7], "car_881": [5, 0], "car_882": [2, 0], "car_883": [7, 2], "car_2449": [0, 2], "car_2448": [8, 1], "car_2119": [3, 2], "car_2118": [2, 5], "car_2115": [12, 7], "car_2114": [8, 3], "car_2117": [14, 5], "car_2116": [0, 4], "car_2111": [11, 5], "car_2110": [12, 3], "car_2113": [3, 6], "car_2112": [5, 0], "car_1644": [0, 1], "car_1645": [4, 2], "car_1646": [1, 0], "car_1647": [5, 3], "car_1640": [6, 4], "car_1641": [13, 0], "car_1642": [8, 7], "car_1643": [12, 0], "car_1648": [2, 1], "car_1649": [13, 3], "car_2599": [5, 3], "car_2159": [14, 7], "car_2158": [5, 3], "car_2591": [0, 6], "car_2590": [12, 3], "car_2593": [8, 0], "car_2592": [9, 2], "car_2595": [6, 4], "car_2594": [1, 7], "car_2597": [0, 3], "car_2596": [8, 5], "car_2677": [0, 1], "car_2608": [0, 7], "car_408": [11, 2], "car_409": [6, 1], "car_2203": [14, 3], "car_2202": [5, 0], "car_2205": [3, 5], "car_2204": [8, 3], "car_2207": [5, 0], "car_2206": [15, 4], "car_400": [3, 7], "car_401": [4, 7], "car_402": [1, 5], "car_403": [5, 3], "car_404": [0, 1], "car_405": [3, 1], "car_406": [7, 4], "car_407": [8, 3], "car_1769": [5, 4], "car_534": [11, 5], "car_535": [15, 1], "car_536": [10, 5], "car_537": [9, 1], "car_530": [7, 3], "car_531": [12, 7], "car_532": [0, 1], "car_533": [4, 5], "car_538": [15, 3], "car_539": [3, 6], "car_2310": [0, 1], "car_659": [4, 7], "car_658": [12, 7], "car_651": [2, 3], "car_650": [10, 0], "car_653": [4, 2], "car_652": [13, 1], "car_655": [10, 5], "car_654": [11, 0], "car_657": [13, 4], "car_656": [9, 7], "car_2907": [10, 1], "car_2909": [6, 0], "car_2434": [12, 1], "car_1929": [12, 7], "car_2195": [5, 3], "car_2194": [10, 2], "car_1764": [1, 5], "car_2197": [14, 0], "car_2196": [10, 0], "car_2191": [14, 0], "car_1928": [7, 5], "car_2190": [10, 2], "car_2193": [8, 0], "car_1909": [14, 6], "car_1908": [11, 1], "car_1907": [4, 5], "car_1763": [15, 2], "car_1905": [12, 0], "car_1904": [9, 6], "car_1903": [2, 4], "car_1902": [10, 5], "car_1901": [15, 2], "car_1900": [11, 1], "car_1349": [9, 2], "car_1348": [5, 7], "car_1762": [11, 3], "car_1341": [4, 6], "car_1340": [8, 0], "car_1343": [15, 7], "car_1342": [11, 7], "car_1345": [10, 6], "car_1344": [5, 6], "car_1347": [12, 3], "car_1346": [6, 3], "car_2753": [14, 0], "car_2752": [1, 5], "car_2698": [13, 7], "car_1833": [15, 1], "car_1832": [7, 6], "car_349": [11, 1], "car_348": [0, 4], "car_1837": [11, 3], "car_1836": [9, 4], "car_1835": [10, 7], "car_1834": [1, 3], "car_343": [14, 0], "car_342": [4, 0], "car_341": [14, 5], "car_340": [5, 4], "car_347": [12, 5], "car_346": [8, 4], "car_345": [9, 5], "car_344": [6, 2], "car_2325": [3, 2], "car_1129": [3, 7], "car_1128": [10, 4], "car_1125": [13, 0], "car_1124": [2, 0], "car_1127": [15, 4], "car_1126": [12, 3], "car_1121": [6, 4], "car_1120": [5, 6], "car_1123": [1, 2], "car_1122": [9, 1], "car_1402": [2, 1], "car_2320": [6, 5], "car_1403": [0, 7], "car_2321": [9, 5], "car_1400": [1, 5], "car_1401": [10, 5], "car_1406": [6, 5], "car_1407": [9, 2], "car_2902": [7, 2], "car_2903": [10, 0], "car_2900": [9, 7], "car_2901": [3, 2], "car_2906": [4, 6], "car_1404": [5, 4], "car_2904": [6, 1], "car_2905": [9, 4], "car_2908": [14, 2], "car_1405": [14, 7], "car_2058": [3, 5], "car_2059": [7, 5], "car_2054": [8, 6], "car_2055": [12, 3], "car_2056": [5, 4], "car_2057": [13, 7], "car_2050": [14, 1], "car_2051": [2, 3], "car_2052": [3, 5], "car_2053": [7, 1], "car_1011": [1, 0], "car_1010": [14, 2], "car_1013": [0, 6], "car_1012": [5, 2], "car_1015": [11, 2], "car_1014": [4, 0], "car_1017": [5, 7], "car_1016": [15, 2], "car_1019": [9, 7], "car_1018": [10, 4], "car_2690": [8, 3], "car_2691": [5, 7], "car_2696": [10, 7], "car_2697": [9, 4], "car_2694": [4, 2], "car_2695": [5, 6], "car_2790": [9, 3], "car_25": [7, 5], "car_24": [10, 1], "car_27": [0, 7], "car_26": [12, 1], "car_21": [6, 3], "car_20": [15, 7], "car_23": [0, 2], "car_22": [9, 0], "car_29": [1, 7], "car_28": [4, 0], "car_2478": [9, 5], "car_2479": [0, 1], "car_2476": [2, 3], "car_2477": [6, 2], "car_2474": [4, 0], "car_2475": [1, 4], "car_2472": [7, 3], "car_2473": [0, 3], "car_2470": [6, 7], "car_2471": [13, 0], "car_1657": [6, 3], "car_1656": [10, 4], "car_1655": [11, 3], "car_1654": [9, 6], "car_1653": [6, 3], "car_1652": [14, 1], "car_1651": [0, 7], "car_1650": [8, 4], "car_1659": [4, 7], "car_1658": [0, 6], "car_2878": [4, 1], "car_2879": [15, 2], "car_2872": [13, 4], "car_2873": [8, 3], "car_2870": [2, 0], "car_2871": [6, 2], "car_2876": [2, 4], "car_2877": [3, 6], "car_2874": [11, 1], "car_2875": [10, 6], "car_2688": [2, 7], "car_1969": [9, 6], "car_2315": [4, 2], "car_1843": [11, 0], "car_435": [12, 5], "car_434": [8, 0], "car_437": [15, 6], "car_436": [4, 3], "car_431": [14, 5], "car_430": [15, 7], "car_433": [7, 0], "car_432": [9, 4], "car_1846": [13, 0], "car_439": [9, 4], "car_438": [6, 5], "car_1847": [8, 3], "car_2274": [15, 3], "car_2275": [1, 4], "car_2276": [10, 3], "car_2277": [14, 2], "car_2270": [9, 7], "car_2271": [13, 6], "car_2272": [3, 2], "car_2273": [12, 1], "car_1845": [9, 1], "car_2278": [2, 6], "car_2279": [8, 2], "car_1848": [12, 2], "car_2289": [12, 5], "car_1968": [6, 1], "car_1849": [1, 2], "car_2288": [6, 7], "car_1965": [3, 4], "car_1964": [14, 2], "car_501": [6, 4], "car_500": [5, 1], "car_503": [7, 6], "car_502": [13, 7], "car_505": [1, 7], "car_504": [4, 7], "car_507": [9, 7], "car_506": [2, 1], "car_509": [7, 5], "car_508": [3, 6], "car_2302": [2, 5], "car_2303": [6, 1], "car_2304": [9, 0], "car_2305": [12, 3], "car_2306": [1, 5], "car_2307": [13, 1], "car_2281": [5, 4], "car_1745": [0, 5], "car_2280": [4, 0], "car_646": [9, 2], "car_647": [8, 2], "car_644": [5, 7], "car_645": [10, 4], "car_642": [14, 1], "car_643": [2, 7], "car_640": [5, 2], "car_641": [10, 3], "car_2314": [10, 7], "car_648": [1, 3], "car_649": [5, 3], "car_2576": [7, 3], "car_2526": [10, 4], "car_1830": [7, 0], "car_2673": [1, 4], "car_2570": [1, 3], "car_2681": [5, 7], "car_2420": [1, 7], "car_2680": [3, 1], "car_2854": [2, 1], "car_2683": [3, 6], "car_1932": [13, 7], "car_1933": [12, 4], "car_1930": [1, 7], "car_1931": [5, 1], "car_1936": [14, 1], "car_1937": [8, 2], "car_1934": [11, 4], "car_1935": [15, 0], "car_1938": [4, 3], "car_1939": [15, 4], "car_2682": [2, 6], "car_1717": [8, 6], "car_1338": [2, 4], "car_1339": [7, 3], "car_1334": [0, 7], "car_1335": [11, 7], "car_1336": [15, 5], "car_1337": [14, 5], "car_1330": [10, 5], "car_1331": [2, 6], "car_1332": [9, 7], "car_1333": [12, 3], "car_1711": [6, 7], "car_358": [8, 5], "car_359": [0, 3], "car_1804": [1, 3], "car_1805": [14, 5], "car_1802": [12, 3], "car_1803": [4, 7], "car_1800": [3, 7], "car_1801": [7, 0], "car_350": [1, 4], "car_351": [10, 6], "car_352": [14, 5], "car_353": [2, 3], "car_354": [6, 3], "car_355": [9, 1], "car_356": [13, 2], "car_357": [7, 0], "car_1482": [13, 4], "car_1483": [7, 3], "car_1480": [11, 6], "car_1481": [1, 5], "car_1486": [14, 7], "car_1487": [3, 4], "car_1484": [12, 6], "car_1485": [1, 3], "car_1488": [8, 0], "car_1489": [1, 4], "car_1240": [10, 4], "car_1241": [6, 4], "car_1242": [7, 2], "car_1243": [0, 7], "car_1244": [4, 6], "car_1245": [5, 4], "car_1246": [14, 7], "car_1247": [8, 2], "car_1248": [0, 2], "car_1249": [1, 7], "car_1747": [5, 2], "car_2374": [3, 2], "car_1879": [5, 7], "car_2916": [12, 3], "car_2911": [12, 4], "car_2910": [7, 5], "car_2913": [1, 4], "car_2912": [15, 5], "car_2049": [5, 2], "car_2048": [15, 3], "car_2047": [11, 0], "car_2046": [12, 0], "car_2045": [7, 6], "car_2044": [13, 5], "car_2043": [9, 4], "car_2042": [6, 1], "car_2041": [1, 7], "car_2040": [11, 3], "car_1064": [14, 0], "car_1065": [12, 3], "car_1066": [11, 4], "car_1067": [5, 1], "car_1060": [1, 0], "car_1061": [8, 4], "car_1062": [12, 1], "car_1063": [4, 3], "car_2685": [0, 1], "car_2684": [12, 5], "car_2687": [11, 5], "car_2686": [4, 2], "car_1068": [14, 0], "car_1069": [2, 7], "car_1798": [8, 4], "car_1799": [2, 3], "car_10": [14, 4], "car_11": [0, 3], "car_12": [4, 7], "car_13": [5, 0], "car_14": [14, 6], "car_15": [2, 1], "car_16": [6, 3], "car_17": [8, 2], "car_18": [12, 1], "car_19": [4, 7], "car_2461": [5, 0], "car_2460": [4, 1], "car_1668": [8, 0], "car_1669": [0, 1], "car_2465": [2, 3], "car_2464": [10, 5], "car_2467": [7, 5], "car_2466": [9, 7], "car_1662": [3, 6], "car_1663": [11, 4], "car_1660": [5, 1], "car_1661": [14, 7], "car_1666": [6, 0], "car_1667": [9, 1], "car_1664": [1, 5], "car_1665": [5, 7], "car_1468": [3, 5], "car_1469": [8, 2], "car_1460": [6, 1], "car_1461": [3, 1], "car_1462": [8, 0], "car_1463": [4, 2], "car_1464": [15, 4], "car_1465": [1, 0], "car_1466": [5, 2], "car_1467": [9, 5], "car_2699": [7, 3], "car_2869": [14, 4], "car_2868": [5, 1], "car_2865": [2, 7], "car_2864": [11, 1], "car_2867": [1, 6], "car_2866": [9, 2], "car_2861": [6, 7], "car_2860": [14, 1], "car_2863": [4, 1], "car_2862": [8, 6], "car_2648": [10, 1], "car_422": [15, 3], "car_423": [5, 2], "car_420": [1, 0], "car_421": [14, 6], "car_426": [7, 6], "car_427": [5, 3], "car_424": [14, 4], "car_425": [2, 4], "car_428": [14, 3], "car_429": [0, 7], "car_2377": [6, 0], "car_2267": [5, 3], "car_2266": [1, 7], "car_2265": [11, 2], "car_2264": [4, 3], "car_2263": [2, 3], "car_2262": [10, 0], "car_2261": [11, 1], "car_2260": [13, 0], "car_2371": [11, 7], "car_2269": [6, 4], "car_2268": [2, 3], "car_2373": [2, 4], "car_2372": [15, 0], "car_2008": [2, 4], "car_2370": [12, 5], "car_2319": [0, 2], "car_2318": [7, 4], "car_518": [0, 4], "car_519": [1, 6], "car_516": [13, 2], "car_517": [3, 1], "car_514": [13, 1], "car_515": [3, 6], "car_512": [5, 2], "car_513": [2, 3], "car_510": [11, 5], "car_511": [1, 5], "car_1870": [5, 7], "car_2692": [8, 4], "car_2444": [6, 4], "car_633": [11, 7], "car_632": [2, 1], "car_631": [1, 2], "car_630": [15, 4], "car_637": [15, 6], "car_636": [9, 6], "car_635": [2, 1], "car_634": [5, 0], "car_2675": [4, 6], "car_639": [0, 4], "car_638": [14, 6], "car_2693": [12, 2], "car_189": [11, 4], "car_188": [4, 6], "car_185": [13, 6], "car_184": [1, 6], "car_187": [12, 3], "car_186": [3, 5], "car_181": [8, 1], "car_180": [13, 7], "car_183": [15, 7], "car_182": [4, 0], "car_749": [5, 2], "car_748": [8, 0], "car_747": [9, 4], "car_746": [2, 0], "car_745": [14, 2], "car_744": [12, 2], "car_743": [7, 1], "car_742": [4, 1], "car_741": [8, 7], "car_740": [7, 2], "car_2131": [6, 3], "car_2618": [5, 1], "car_299": [11, 2], "car_298": [4, 2], "car_1927": [6, 2], "car_1926": [15, 0], "car_1921": [14, 6], "car_1920": [11, 4], "car_1923": [6, 5], "car_1922": [2, 3], "car_291": [7, 0], "car_290": [3, 7], "car_293": [15, 3], "car_292": [4, 2], "car_295": [13, 7], "car_294": [5, 1], "car_297": [8, 2], "car_296": [3, 6], "car_1329": [15, 0], "car_1328": [11, 2], "car_1327": [0, 4], "car_1326": [12, 0], "car_1325": [8, 4], "car_1324": [6, 4], "car_1323": [14, 4], "car_1322": [8, 1], "car_1321": [7, 3], "car_1320": [13, 3], "car_365": [12, 7], "car_364": [6, 1], "car_367": [1, 0], "car_366": [4, 2], "car_361": [15, 3], "car_360": [11, 0], "car_363": [10, 4], "car_362": [5, 3], "car_1811": [5, 0], "car_1810": [12, 1], "car_1813": [12, 6], "car_1812": [2, 1], "car_369": [13, 3], "car_368": [2, 0], "car_1817": [6, 0], "car_1816": [10, 7], "car_167": [5, 6], "car_166": [4, 5], "car_165": [0, 5], "car_164": [12, 1], "car_163": [8, 3], "car_162": [7, 5], "car_161": [13, 1], "car_160": [9, 6], "car_169": [2, 3], "car_168": [10, 6], "car_1495": [4, 1], "car_1494": [8, 0], "car_1497": [3, 1], "car_1496": [10, 3], "car_1491": [2, 1], "car_1490": [5, 3], "car_1493": [7, 1], "car_1492": [3, 4], "car_1499": [6, 2], "car_1498": [15, 4], "car_1253": [8, 2], "car_1252": [7, 5], "car_1251": [3, 6], "car_1250": [10, 1], "car_1257": [15, 4], "car_1256": [11, 4], "car_1255": [0, 4], "car_1254": [15, 3], "car_2850": [3, 7], "car_1259": [2, 4], "car_1258": [10, 1], "car_2851": [7, 0], "car_1868": [0, 2], "car_2852": [11, 7], "car_2853": [1, 5], "car_1789": [4, 6], "car_1788": [7, 6], "car_2070": [10, 1], "car_2071": [4, 7], "car_2076": [12, 1], "car_2077": [11, 1], "car_2074": [14, 6], "car_2075": [9, 7], "car_1781": [1, 3], "car_1780": [15, 7], "car_1783": [7, 5], "car_1782": [6, 0], "car_1785": [14, 6], "car_1784": [12, 2], "car_1787": [3, 0], "car_1786": [2, 3], "car_1077": [3, 0], "car_1076": [9, 0], "car_1075": [2, 7], "car_1074": [1, 7], "car_1073": [4, 3], "car_1072": [12, 3], "car_1071": [3, 7], "car_1070": [6, 1], "car_2678": [5, 7], "car_2679": [10, 4], "car_1079": [4, 2], "car_1078": [7, 5], "car_2139": [12, 5], "car_2034": [15, 7], "car_2300": [3, 2], "car_2035": [5, 0], "car_2301": [11, 5], "car_2032": [0, 1], "car_2033": [4, 5], "car_2138": [6, 3], "car_985": [7, 3], "car_984": [3, 5], "car_987": [4, 6], "car_986": [12, 6], "car_981": [15, 3], "car_980": [8, 3], "car_983": [10, 4], "car_982": [1, 3], "car_1675": [12, 6], "car_1674": [3, 7], "car_1677": [1, 7], "car_1676": [15, 2], "car_989": [5, 6], "car_988": [11, 0], "car_1673": [13, 0], "car_1672": [14, 0], "car_2784": [2, 7], "car_2785": [6, 5], "car_1479": [12, 1], "car_1478": [14, 7], "car_2780": [8, 3], "car_2781": [0, 4], "car_2782": [15, 6], "car_2783": [10, 2], "car_1473": [2, 5], "car_1472": [15, 2], "car_1471": [11, 0], "car_1470": [4, 6], "car_1477": [15, 5], "car_1476": [1, 6], "car_1475": [4, 2], "car_1474": [9, 7], "car_2890": [5, 4], "car_2891": [10, 4], "car_2892": [7, 2], "car_2893": [15, 2], "car_2894": [2, 5], "car_1743": [13, 6], "car_2896": [3, 5], "car_2897": [11, 0], "car_2898": [15, 2], "car_2899": [2, 5], "car_1742": [2, 3], "car_2528": [13, 2], "car_2529": [8, 6], "car_2258": [15, 2], "car_2259": [5, 6], "car_2689": [7, 0], "car_2252": [4, 7], "car_2253": [11, 4], "car_2250": [13, 4], "car_2251": [12, 4], "car_2256": [12, 3], "car_2257": [0, 2], "car_2254": [15, 6], "car_2255": [2, 4], "car_2098": [13, 5], "car_2099": [12, 4], "car_2090": [3, 2], "car_2091": [7, 1], "car_2092": [2, 7], "car_2093": [6, 3], "car_2094": [9, 4], "car_2095": [7, 6], "car_2096": [8, 2], "car_2097": [2, 4], "car_569": [0, 3], "car_568": [3, 6], "car_2328": [11, 5], "car_2329": [15, 3], "car_563": [0, 1], "car_562": [3, 2], "car_561": [13, 2], "car_560": [2, 1], "car_567": [9, 4], "car_566": [6, 0], "car_565": [14, 1], "car_564": [15, 7], "car_2331": [10, 0], "car_620": [12, 7], "car_621": [15, 4], "car_622": [14, 0], "car_623": [7, 0], "car_624": [4, 7], "car_625": [14, 1], "car_626": [9, 6], "car_627": [7, 3], "car_628": [9, 0], "car_629": [13, 6], "car_1869": [1, 5], "car_1866": [14, 5], "car_1867": [8, 5], "car_198": [7, 1], "car_199": [8, 7], "car_2831": [4, 1], "car_192": [2, 5], "car_193": [6, 3], "car_190": [15, 5], "car_191": [1, 0], "car_196": [0, 5], "car_197": [4, 6], "car_194": [9, 3], "car_195": [3, 7], "car_758": [0, 3], "car_759": [5, 3], "car_754": [11, 2], "car_755": [2, 0], "car_756": [7, 0], "car_757": [15, 7], "car_750": [2, 3], "car_751": [13, 3], "car_752": [3, 5], "car_753": [4, 6], "car_1940": [14, 2], "car_286": [4, 6], "car_287": [11, 2], "car_284": [6, 1], "car_285": [8, 2], "car_282": [15, 6], "car_283": [5, 3], "car_280": [13, 3], "car_281": [7, 6], "car_1949": [5, 3], "car_288": [5, 7], "car_289": [2, 0], "car_1948": [4, 5], "car_2791": [7, 4], "car_1312": [11, 3], "car_1313": [15, 1], "car_1310": [8, 6], "car_1311": [4, 2], "car_1316": [7, 4], "car_1317": [8, 3], "car_1314": [5, 6], "car_1315": [9, 0], "car_1318": [11, 0], "car_1319": [2, 0], "car_2450": [11, 2], "car_2451": [9, 1], "car_2452": [12, 6], "car_372": [14, 3], "car_373": [2, 7], "car_370": [11, 2], "car_371": [15, 3], "car_376": [1, 0], "car_377": [10, 3], "car_374": [12, 6], "car_375": [15, 0], "car_1864": [0, 4], "car_1865": [10, 2], "car_378": [14, 6], "car_379": [9, 3], "car_1860": [8, 1], "car_1861": [0, 5], "car_1862": [14, 3], "car_1863": [6, 1], "car_174": [6, 5], "car_175": [13, 1], "car_176": [1, 6], "car_177": [10, 0], "car_170": [4, 5], "car_171": [15, 6], "car_172": [10, 3], "car_173": [2, 5], "car_2457": [13, 0], "car_178": [14, 4], "car_179": [2, 6], "car_2338": [1, 5], "car_1266": [9, 0], "car_1267": [8, 0], "car_1264": [2, 0], "car_1265": [6, 7], "car_1262": [9, 0], "car_1263": [10, 7], "car_1260": [12, 2], "car_1261": [14, 6], "car_1268": [6, 4], "car_1269": [13, 2], "car_2406": [9, 6], "car_2065": [5, 3], "car_2064": [0, 4], "car_1048": [12, 3], "car_1049": [4, 3], "car_2061": [1, 4], "car_2060": [4, 0], "car_2063": [13, 7], "car_2062": [2, 3], "car_1042": [8, 5], "car_1043": [11, 0], "car_1040": [9, 6], "car_1041": [3, 4], "car_1046": [13, 7], "car_1047": [8, 0], "car_1044": [14, 7], "car_1045": [2, 6], "car_2663": [1, 3], "car_2662": [0, 1], "car_2661": [12, 2], "car_2660": [8, 2], "car_2667": [12, 4], "car_2666": [14, 3], "car_2665": [10, 3], "car_2664": [5, 6], "car_2669": [5, 6], "car_2668": [4, 6], "car_2404": [10, 6], "car_78": [13, 7], "car_79": [7, 5], "car_72": [9, 1], "car_73": [12, 6], "car_70": [10, 5], "car_71": [6, 7], "car_76": [0, 5], "car_77": [6, 7], "car_74": [4, 3], "car_75": [15, 1], "car_992": [13, 2], "car_993": [3, 6], "car_990": [14, 0], "car_991": [9, 4], "car_996": [9, 4], "car_997": [8, 4], "car_994": [1, 0], "car_995": [2, 4], "car_1688": [7, 3], "car_1689": [8, 6], "car_998": [12, 6], "car_999": [0, 5], "car_2409": [6, 4], "car_2408": [11, 2], "car_2797": [8, 2], "car_2796": [3, 2], "car_2795": [6, 0], "car_2794": [14, 1], "car_2793": [10, 5], "car_2792": [1, 2], "car_1448": [12, 4], "car_1449": [1, 2], "car_1446": [6, 3], "car_1447": [7, 4], "car_1444": [11, 4], "car_1445": [10, 3], "car_1442": [2, 5], "car_1443": [9, 3], "car_1440": [3, 0], "car_1441": [0, 1], "car_2883": [3, 2], "car_2882": [13, 3], "car_2881": [2, 3], "car_2798": [0, 7], "car_2887": [13, 3], "car_2886": [6, 2], "car_2885": [15, 3], "car_2884": [7, 4], "car_2889": [15, 5], "car_2888": [4, 2], "car_2401": [14, 3], "car_2539": [3, 4], "car_2538": [13, 4], "car_2249": [6, 0], "car_2248": [14, 4], "car_2245": [8, 1], "car_2244": [7, 1], "car_2247": [10, 1], "car_2246": [0, 6], "car_2241": [12, 4], "car_2240": [13, 6], "car_2243": [1, 2], "car_2242": [11, 3], "car_2089": [13, 4], "car_2088": [9, 3], "car_2083": [10, 3], "car_2082": [5, 2], "car_2081": [1, 5], "car_2080": [7, 2], "car_2087": [2, 4], "car_2086": [1, 0], "car_2085": [4, 5], "car_2084": [6, 1], "car_578": [0, 2], "car_579": [15, 1], "car_2333": [9, 1], "car_2332": [14, 1], "car_2335": [10, 0], "car_2334": [13, 2], "car_2337": [4, 2], "car_553": [13, 1], "car_570": [6, 7], "car_571": [0, 3], "car_572": [11, 6], "car_573": [10, 7], "car_574": [2, 6], "car_806": [8, 3], "car_576": [13, 2], "car_577": [8, 7], "car_807": [12, 5], "car_800": [0, 4], "car_801": [15, 1], "car_802": [5, 1], "car_2192": [3, 5], "car_803": [14, 3], "car_2067": [9, 5], "car_2066": [14, 0], "car_619": [8, 4], "car_618": [3, 1], "car_615": [5, 1], "car_614": [15, 2], "car_617": [2, 5], "car_616": [10, 1], "car_611": [14, 0], "car_610": [10, 3], "car_613": [0, 4], "car_612": [8, 5], "car_2151": [2, 4], "car_2704": [9, 4], "car_2705": [13, 5], "car_2706": [12, 0], "car_2150": [14, 6], "car_2707": [4, 7], "car_2069": [12, 4], "car_2068": [7, 2], "car_2702": [10, 1], "car_2703": [2, 0], "car_769": [0, 6], "car_768": [6, 7], "car_2567": [5, 3], "car_761": [3, 6], "car_760": [14, 5], "car_763": [12, 2], "car_762": [14, 2], "car_765": [10, 0], "car_764": [15, 5], "car_767": [2, 1], "car_766": [14, 2], "car_2216": [2, 0], "car_2217": [3, 5], "car_2330": [1, 5], "car_2214": [1, 4], "car_2215": [14, 5], "car_2212": [4, 0], "car_2213": [15, 5], "car_2210": [8, 2], "car_2211": [0, 5], "car_575": [9, 2], "car_1305": [1, 7], "car_1304": [15, 4], "car_1307": [13, 5], "car_1306": [14, 5], "car_1301": [3, 7], "car_1300": [10, 3], "car_1303": [11, 3], "car_1302": [8, 4], "car_1309": [4, 5], "car_1308": [12, 5], "car_389": [0, 4], "car_388": [12, 4], "car_387": [8, 7], "car_386": [3, 7], "car_385": [14, 6], "car_384": [5, 2], "car_383": [1, 2], "car_382": [15, 4], "car_381": [12, 7], "car_380": [13, 7], "car_141": [8, 1], "car_140": [7, 5], "car_143": [15, 7], "car_142": [0, 4], "car_145": [6, 4], "car_144": [14, 2], "car_147": [3, 1], "car_146": [9, 6], "car_149": [14, 1], "car_148": [4, 2], "car_2407": [0, 7], "car_1279": [1, 2], "car_1278": [12, 1], "car_1271": [7, 4], "car_1270": [3, 4], "car_1273": [4, 2], "car_1272": [8, 0], "car_1275": [5, 6], "car_1274": [11, 2], "car_1277": [8, 6], "car_1276": [6, 2], "car_2326": [8, 6], "car_2847": [11, 5], "car_2327": [4, 7], "car_1059": [10, 7], "car_1058": [0, 3], "car_1055": [14, 2], "car_1054": [10, 3], "car_1057": [8, 6], "car_1056": [9, 5], "car_1051": [6, 7], "car_1050": [11, 7], "car_1053": [1, 6], "car_1052": [15, 7], "car_2656": [5, 6], "car_2657": [10, 4], "car_2654": [11, 4], "car_2655": [15, 6], "car_2652": [13, 1], "car_2653": [12, 2], "car_2650": [6, 0], "car_2651": [9, 7], "car_2415": [10, 6], "car_2658": [8, 3], "car_2659": [7, 4], "car_2416": [7, 5], "car_69": [0, 7], "car_68": [12, 0], "car_2438": [15, 7], "car_2439": [2, 5], "car_61": [2, 1], "car_60": [15, 2], "car_63": [2, 0], "car_62": [0, 3], "car_65": [4, 7], "car_64": [12, 0], "car_67": [14, 0], "car_66": [15, 3], "car_1693": [5, 0], "car_1692": [1, 3], "car_1691": [11, 7], "car_1690": [4, 7], "car_1697": [11, 3], "car_1696": [4, 6], "car_969": [5, 3], "car_968": [1, 7], "car_967": [0, 7], "car_966": [13, 3], "car_965": [6, 7], "car_964": [1, 6], "car_963": [15, 4], "car_962": [4, 6], "car_961": [12, 2], "car_960": [6, 7], "car_1451": [2, 1], "car_1450": [10, 0], "car_1453": [9, 2], "car_1452": [6, 7], "car_1455": [4, 5], "car_1454": [7, 6], "car_1457": [2, 0], "car_1456": [15, 4], "car_1459": [4, 1], "car_1458": [9, 2], "car_2410": [9, 1], "car_2837": [14, 3], "car_2411": [13, 4], "car_2508": [4, 3], "car_2509": [11, 1], "car_2506": [7, 1], "car_2507": [8, 5], "car_2504": [14, 7], "car_2505": [2, 1], "car_2502": [1, 6], "car_2503": [5, 3], "car_2500": [14, 5], "car_2501": [12, 6], "car_2737": [11, 3], "car_1680": [4, 6], "car_1681": [10, 4], "car_1682": [2, 4], "car_1683": [13, 2], "car_1684": [3, 4], "car_2736": [7, 2], "car_1685": [7, 3], "car_1891": [1, 4], "car_1686": [8, 6], "car_1890": [11, 2], "car_1687": [4, 5], "car_1893": [6, 3], "car_545": [12, 7], "car_544": [3, 7], "car_547": [14, 1], "car_546": [15, 7], "car_541": [1, 5], "car_540": [0, 7], "car_543": [13, 5], "car_542": [9, 3], "car_1895": [8, 4], "car_549": [10, 6], "car_548": [1, 3], "car_819": [7, 3], "car_818": [11, 3], "car_2344": [7, 4], "car_2345": [11, 1], "car_2346": [15, 5], "car_2347": [5, 1], "car_2340": [9, 0], "car_1897": [2, 5], "car_2342": [10, 1], "car_2343": [6, 5], "car_2405": [14, 1], "car_1896": [4, 7], "car_2348": [14, 0], "car_2349": [3, 6], "car_33": [14, 3], "car_1767": [0, 1], "car_1766": [3, 0], "car_1765": [13, 5], "car_608": [15, 3], "car_609": [5, 3], "car_602": [6, 4], "car_603": [3, 1], "car_600": [4, 5], "car_601": [11, 5], "car_606": [9, 5], "car_607": [11, 3], "car_604": [12, 7], "car_605": [10, 0], "car_1761": [4, 2], "car_1760": [3, 6], "car_2799": [4, 1], "car_776": [1, 6], "car_777": [5, 7], "car_774": [7, 2], "car_775": [15, 4], "car_772": [5, 7], "car_773": [2, 3], "car_770": [4, 7], "car_771": [1, 5], "car_1768": [11, 7], "car_778": [10, 6], "car_779": [2, 0], "car_2418": [4, 5], "car_2880": [1, 2], "car_1750": [7, 6], "car_2419": [15, 6], "car_1994": [4, 0], "car_1995": [2, 6], "car_1996": [3, 4], "car_1997": [11, 5], "car_1990": [9, 6], "car_1991": [13, 2], "car_1992": [7, 6], "car_1993": [0, 2], "car_1998": [15, 0], "car_1999": [9, 2], "car_2846": [0, 2], "car_1842": [3, 4], "car_1806": [2, 3], "car_1840": [1, 2], "car_1841": [13, 2], "car_398": [10, 2], "car_399": [9, 7], "car_1844": [1, 7], "car_1807": [8, 5], "car_394": [4, 3], "car_395": [11, 2], "car_396": [15, 1], "car_397": [1, 3], "car_390": [4, 6], "car_391": [1, 5], "car_392": [7, 5], "car_393": [12, 6], "car_158": [5, 6], "car_159": [14, 4], "car_156": [4, 0], "car_157": [1, 3], "car_154": [13, 5], "car_155": [3, 6], "car_152": [4, 5], "car_153": [2, 4], "car_150": [3, 0], "car_151": [12, 0], "car_1208": [12, 0], "car_1209": [14, 0], "car_1204": [2, 3], "car_1205": [15, 3], "car_1206": [10, 7], "car_1207": [6, 4], "car_1200": [9, 6], "car_1201": [7, 6], "car_1202": [11, 3], "car_1203": [14, 7], "car_2601": [2, 6], "car_2403": [4, 0], "car_1808": [1, 7], "car_1809": [7, 6], "car_2649": [2, 1], "car_2612": [12, 1], "car_2613": [4, 5], "car_2641": [13, 5], "car_2640": [6, 5], "car_2643": [7, 2], "car_2642": [3, 0], "car_2645": [4, 2], "car_2644": [12, 7], "car_2647": [1, 0], "car_2646": [11, 6], "car_1510": [7, 1], "car_1511": [0, 6], "car_1512": [11, 1], "car_1513": [15, 4], "car_1514": [5, 6], "car_1515": [13, 7], "car_1516": [3, 0], "car_1517": [7, 0], "car_1518": [4, 0], "car_1519": [10, 4], "car_2531": [2, 5], "car_2530": [14, 0], "car_2537": [9, 2], "car_2536": [6, 1], "car_2855": [9, 6], "car_1198": [11, 6], "car_1199": [1, 4], "car_1194": [11, 7], "car_1195": [14, 6], "car_1196": [13, 1], "car_1197": [4, 7], "car_1190": [9, 0], "car_1191": [3, 5], "car_1192": [7, 2], "car_1193": [4, 0], "car_2619": [14, 0], "car_2429": [9, 6], "car_2428": [2, 6], "car_2425": [8, 7], "car_2424": [7, 1], "car_2427": [14, 6], "car_2426": [11, 3], "car_2421": [14, 2], "car_2126": [0, 5], "car_2423": [6, 0], "car_2422": [2, 6], "car_2856": [3, 2], "car_2127": [4, 7], "car_978": [9, 1], "car_979": [13, 5], "car_974": [8, 3], "car_975": [12, 2], "car_976": [11, 0], "car_977": [10, 6], "car_970": [9, 5], "car_971": [13, 4], "car_972": [3, 5], "car_973": [7, 4], "car_1424": [9, 6], "car_1425": [7, 4], "car_1426": [0, 7], "car_1427": [15, 3], "car_1420": [12, 6], "car_1421": [4, 6], "car_1422": [11, 5], "car_1423": [10, 6], "car_2402": [12, 1], "car_1428": [1, 7], "car_1429": [6, 5], "car_2857": [4, 2], "car_2128": [11, 3], "car_2129": [15, 7], "car_2511": [0, 2], "car_2510": [5, 3], "car_2513": [1, 7], "car_2512": [11, 1], "car_2515": [14, 5], "car_2514": [5, 7], "car_2517": [13, 0], "car_2516": [9, 7], "car_2519": [15, 2], "car_2518": [7, 2], "car_1738": [12, 5], "car_1739": [11, 7], "car_1730": [6, 3], "car_1731": [13, 5], "car_1732": [3, 0], "car_1733": [8, 6], "car_1734": [4, 5], "car_1735": [11, 7], "car_1736": [14, 4], "car_1737": [7, 4], "car_54": [1, 4], "car_55": [5, 1], "car_56": [9, 4], "car_57": [13, 1], "car_50": [1, 7], "car_51": [10, 7], "car_52": [8, 4], "car_53": [4, 6], "car_58": [3, 4], "car_59": [11, 0], "car_2609": [11, 5], "car_552": [9, 5], "car_805": [13, 3], "car_550": [14, 4], "car_551": [2, 7], "car_556": [12, 7], "car_557": [11, 2], "car_554": [3, 6], "car_555": [8, 4], "car_558": [1, 0], "car_559": [10, 3], "car_808": [11, 6], "car_809": [14, 0], "car_2357": [6, 5], "car_2356": [1, 5], "car_2355": [8, 0], "car_2354": [7, 1], "car_2353": [3, 4], "car_2352": [1, 2], "car_2351": [15, 5], "car_2350": [4, 3], "car_2359": [4, 0], "car_2358": [7, 2], "car_1757": [15, 7], "car_2339": [2, 6], "car_2469": [10, 1], "car_2915": [7, 1], "car_2914": [6, 3], "car_2468": [1, 0], "car_703": [6, 2], "car_702": [2, 0], "car_701": [15, 2], "car_700": [11, 7], "car_707": [14, 6], "car_706": [11, 7], "car_705": [12, 5], "car_704": [7, 4], "car_709": [1, 7], "car_708": [7, 4], "car_2221": [14, 1], "car_2308": [3, 5], "car_2400": [10, 2], "car_2309": [12, 1], "car_1987": [6, 4], "car_1986": [14, 2], "car_1985": [10, 1], "car_1984": [11, 1], "car_1983": [4, 7], "car_1982": [8, 6], "car_1981": [7, 2], "car_1980": [6, 1], "car_1989": [11, 3], "car_1988": [3, 6], "car_2768": [5, 1], "car_1855": [15, 0], "car_1796": [10, 3], "car_1857": [10, 7], "car_1856": [5, 2], "car_1851": [3, 0], "car_1850": [14, 4], "car_1853": [12, 1], "car_1797": [7, 1], "car_2336": [3, 1], "car_1859": [7, 3], "car_1794": [0, 5], "car_2230": [14, 0], "car_129": [4, 3], "car_128": [0, 1], "car_2231": [2, 3], "car_123": [13, 3], "car_122": [2, 1], "car_121": [11, 4], "car_120": [4, 7], "car_127": [12, 4], "car_126": [8, 4], "car_125": [7, 5], "car_124": [3, 0], "car_1790": [15, 5], "car_1219": [2, 5], "car_1218": [12, 6], "car_1217": [3, 6], "car_1216": [13, 6], "car_1215": [2, 6], "car_1214": [5, 7], "car_1213": [1, 3], "car_1212": [12, 3], "car_1211": [8, 7], "car_1210": [6, 2], "car_1415": [11, 4], "car_1414": [4, 5], "car_1417": [2, 1], "car_1416": [1, 0], "car_1411": [1, 6], "car_1410": [15, 6], "car_237": [7, 2], "car_236": [13, 6], "car_235": [6, 5], "car_234": [2, 5], "car_233": [5, 3], "car_232": [15, 4], "car_231": [11, 4], "car_230": [2, 0], "car_1412": [10, 6], "car_239": [0, 6], "car_238": [12, 1], "car_2638": [10, 2], "car_2639": [2, 0], "car_2634": [1, 7], "car_2635": [3, 5], "car_2636": [7, 1], "car_2637": [1, 4], "car_2630": [7, 2], "car_2631": [4, 1], "car_2632": [11, 0], "car_2633": [15, 3], "car_1503": [9, 6], "car_1502": [6, 1], "car_1501": [5, 4], "car_1500": [12, 6], "car_1507": [6, 3], "car_1506": [14, 6], "car_1505": [10, 6], "car_1504": [0, 1], "car_1509": [13, 5], "car_1508": [9, 1], "car_1189": [10, 1], "car_1188": [5, 1], "car_1187": [11, 5], "car_1186": [0, 4], "car_1185": [6, 7], "car_1184": [5, 6], "car_1183": [7, 3], "car_1182": [13, 4], "car_1181": [5, 1], "car_1180": [1, 0], "car_2182": [0, 3], "car_2183": [11, 4], "car_2180": [13, 3], "car_2181": [7, 6], "car_2186": [7, 5], "car_2187": [14, 7], "car_2184": [9, 5], "car_2185": [3, 0], "car_2188": [9, 5], "car_2189": [15, 4], "car_949": [8, 1], "car_948": [7, 2], "car_2742": [11, 5], "car_2743": [1, 2], "car_2744": [10, 2], "car_2745": [9, 2], "car_2746": [7, 0], "car_2747": [4, 7], "car_941": [9, 0], "car_940": [15, 4], "car_943": [8, 5], "car_942": [7, 0], "car_945": [6, 1], "car_944": [11, 4], "car_947": [3, 4], "car_946": [9, 1], "car_1437": [12, 6], "car_1436": [8, 5], "car_1435": [7, 5], "car_1434": [6, 2], "car_1433": [2, 4], "car_1432": [1, 5], "car_1431": [11, 5], "car_1430": [12, 3], "car_1439": [13, 0], "car_1438": [9, 2], "car_2238": [10, 4], "car_2823": [13, 1], "car_493": [9, 5], "car_492": [2, 6], "car_491": [10, 1], "car_490": [5, 4], "car_497": [0, 5], "car_496": [7, 1], "car_495": [3, 7], "car_494": [15, 5], "car_499": [1, 6], "car_498": [15, 7], "car_2296": [4, 2], "car_2297": [10, 4], "car_2294": [7, 2], "car_2239": [14, 5], "car_2292": [6, 2], "car_2293": [3, 5], "car_2290": [11, 0], "car_2291": [1, 6], "car_1918": [13, 0], "car_2568": [12, 1], "car_2569": [4, 5], "car_2298": [6, 0], "car_1919": [12, 3], "car_1729": [14, 3], "car_1728": [3, 6], "car_1723": [10, 3], "car_1722": [11, 0], "car_1721": [13, 4], "car_1720": [9, 1], "car_1727": [1, 7], "car_1726": [3, 5], "car_1725": [9, 2], "car_1724": [2, 3], "car_43": [1, 7], "car_42": [11, 0], "car_41": [9, 2], "car_40": [10, 1], "car_47": [1, 4], "car_46": [12, 3], "car_45": [2, 7], "car_44": [10, 2], "car_49": [11, 1], "car_48": [6, 3], "car_1916": [5, 1], "car_1917": [2, 6], "car_1858": [2, 7], "car_831": [7, 2], "car_830": [13, 7], "car_833": [13, 5], "car_832": [8, 4], "car_835": [1, 7], "car_834": [4, 0], "car_837": [2, 0], "car_836": [5, 7], "car_839": [12, 0], "car_838": [3, 2], "car_2360": [2, 5], "car_2361": [6, 3], "car_2366": [7, 0], "car_2367": [5, 3], "car_2364": [2, 5], "car_2365": [6, 4], "car_2168": [7, 6], "car_2169": [5, 3], "car_2160": [9, 7], "car_2161": [13, 1], "car_2162": [12, 1], "car_2163": [11, 1], "car_2164": [15, 5], "car_2165": [14, 2], "car_2166": [6, 3], "car_2167": [13, 3], "car_2810": [7, 3], "car_2811": [15, 0], "car_2812": [5, 6], "car_2813": [10, 2], "car_1941": [6, 3], "car_2814": [2, 3], "car_2815": [6, 0], "car_2544": [14, 1], "car_2817": [13, 4], "car_2463": [12, 0], "car_2462": [13, 0], "car_710": [0, 4], "car_711": [6, 5], "car_712": [3, 5], "car_713": [7, 0], "car_714": [8, 5], "car_715": [12, 1], "car_716": [0, 7], "car_717": [5, 4], "car_718": [14, 2], "car_719": [6, 4], "car_1892": [14, 5], "car_1894": [7, 2], "car_2895": [13, 1], "car_138": [13, 5], "car_139": [3, 6], "car_130": [9, 2], "car_131": [3, 4], "car_132": [7, 6], "car_133": [0, 6], "car_134": [4, 5], "car_135": [11, 5], "car_136": [6, 7], "car_137": [9, 4], "car_1222": [4, 3], "car_1223": [5, 6], "car_1220": [8, 2], "car_1221": [0, 6], "car_1226": [8, 2], "car_1227": [0, 1], "car_1224": [2, 4], "car_1225": [9, 7], "car_1886": [15, 3], "car_1887": [14, 5], "car_1228": [11, 2], "car_1229": [9, 0], "car_1882": [13, 3], "car_1883": [7, 0], "car_1880": [2, 4], "car_1881": [6, 7], "car_2621": [7, 5], "car_224": [6, 5], "car_225": [9, 5], "car_226": [3, 5], "car_227": [7, 2], "car_220": [10, 3], "car_221": [9, 6], "car_222": [5, 4], "car_223": [10, 2], "car_228": [8, 4], "car_229": [5, 1], "car_1086": [13, 3], "car_1087": [8, 2], "car_1084": [5, 4], "car_1085": [14, 7], "car_1082": [7, 2], "car_1083": [12, 6], "car_1080": [14, 6], "car_1081": [6, 0], "car_2627": [14, 6], "car_2626": [10, 2], "car_2625": [0, 7], "car_2624": [1, 4], "car_2623": [15, 4], "car_2622": [4, 6], "car_1088": [0, 6], "car_1089": [4, 3], "car_1536": [13, 2], "car_1537": [3, 5], "car_1534": [15, 3], "car_1535": [2, 4], "car_1532": [4, 3], "car_1533": [11, 7], "car_1530": [3, 6], "car_1531": [12, 7], "car_1538": [12, 6], "car_1539": [4, 0], "car_956": [8, 1], "car_957": [12, 7], "car_954": [10, 7], "car_955": [14, 1], "car_952": [1, 7], "car_953": [5, 4], "car_950": [14, 5], "car_951": [11, 0], "car_1827": [6, 7], "car_2199": [13, 2], "car_2198": [6, 7], "car_958": [5, 1], "car_959": [14, 1], "car_1158": [0, 2], "car_1159": [2, 1], "car_1408": [13, 6], "car_1409": [11, 2], "car_2757": [1, 6], "car_2756": [0, 3], "car_2755": [12, 6], "car_1829": [8, 6], "car_1150": [9, 2], "car_1151": [0, 5], "car_1152": [4, 6], "car_1153": [10, 0], "car_1154": [6, 7], "car_1155": [9, 7], "car_1156": [7, 2], "car_1157": [12, 3], "car_2532": [9, 6], "car_2380": [11, 0], "car_2764": [13, 1], "car_2381": [1, 4], "car_2382": [6, 4], "car_2383": [9, 5], "car_1826": [10, 6], "car_480": [9, 2], "car_481": [13, 2], "car_482": [7, 3], "car_483": [1, 3], "car_484": [14, 1], "car_485": [6, 5], "car_486": [9, 5], "car_487": [3, 1], "car_488": [12, 3], "car_489": [11, 4], "car_2283": [14, 4], "car_2282": [10, 0], "car_2285": [8, 3], "car_2284": [6, 4], "car_2287": [10, 0], "car_2286": [4, 2], "car_2577": [8, 7], "car_853": [8, 3], "car_2575": [3, 0], "car_2574": [13, 5], "car_2573": [6, 0], "car_2572": [2, 1], "car_2571": [5, 6], "car_852": [7, 0], "car_851": [3, 6], "car_2579": [0, 7], "car_2578": [12, 1], "car_582": [8, 4], "car_1718": [11, 7], "car_1719": [2, 7], "car_1716": [13, 3], "car_857": [9, 7], "car_1714": [6, 1], "car_1715": [9, 5], "car_1712": [7, 2], "car_1713": [11, 4], "car_1710": [15, 3], "car_856": [2, 1], "car_1828": [7, 4], "car_855": [11, 6], "car_854": [4, 6], "car_2739": [14, 7], "car_2738": [10, 3], "car_2379": [4, 2], "car_2378": [7, 0], "car_828": [2, 3], "car_829": [9, 5], "car_826": [0, 6], "car_827": [5, 2], "car_824": [8, 1], "car_825": [12, 3], "car_822": [3, 2], "car_823": [7, 0], "car_820": [9, 3], "car_821": [13, 2], "car_2179": [14, 7], "car_2178": [1, 0], "car_2173": [1, 5], "car_2172": [15, 1], "car_2171": [4, 2], "car_2170": [8, 2], "car_2177": [15, 7], "car_2176": [11, 5], "car_2175": [9, 4], "car_2174": [2, 5], "car_2535": [1, 3], "car_2534": [11, 6], "car_729": [15, 7], "car_728": [0, 3], "car_725": [3, 7], "car_724": [10, 0], "car_727": [12, 7], "car_726": [8, 7], "car_721": [8, 5], "car_720": [7, 6], "car_723": [11, 1], "car_722": [0, 3], "car_2708": [11, 7], "car_2620": [9, 1], "car_1795": [4, 5], "car_1792": [8, 5], "car_1793": [12, 4], "car_2440": [9, 0], "car_105": [2, 6], "car_104": [14, 3], "car_107": [0, 6], "car_106": [6, 4], "car_101": [8, 3], "car_100": [7, 0], "car_103": [10, 0], "car_102": [11, 5], "car_1888": [3, 5], "car_109": [15, 3], "car_108": [4, 0], "car_1791": [2, 3], "car_1235": [8, 1], "car_1234": [3, 5], "car_1237": [4, 3], "car_1236": [12, 2], "car_1231": [3, 2], "car_1230": [13, 4], "car_1233": [10, 7], "car_1232": [1, 5], "car_1899": [11, 7], "car_1898": [13, 7], "car_1239": [5, 0], "car_1238": [1, 2], "car_211": [13, 3], "car_210": [14, 7], "car_213": [0, 6], "car_212": [3, 5], "car_215": [5, 6], "car_214": [1, 4], "car_217": [13, 5], "car_216": [6, 0], "car_219": [5, 1], "car_218": [4, 7], "car_2676": [10, 1], "car_1529": [15, 7], "car_1528": [7, 4], "car_2610": [5, 0], "car_2611": [7, 5], "car_2616": [9, 3], "car_2617": [8, 6], "car_2614": [11, 7], "car_2615": [10, 4], "car_1521": [1, 0], "car_1520": [4, 3], "car_1523": [10, 1], "car_1522": [5, 0], "car_1525": [6, 1], "car_1524": [14, 3], "car_1527": [4, 1], "car_1526": [7, 0], "car_2849": [9, 4], "car_2700": [8, 7], "car_2848": [6, 4], "car_2740": [2, 4], "car_2741": [0, 7], "car_2313": [1, 6], "car_2701": [0, 5], "car_2312": [15, 2], "car_2311": [4, 0], "car_923": [4, 3], "car_922": [7, 0], "car_921": [9, 6], "car_920": [2, 1], "car_927": [10, 6], "car_926": [1, 6], "car_925": [3, 4], "car_924": [5, 7], "car_2317": [5, 3], "car_929": [2, 0], "car_928": [14, 1], "car_2316": [1, 7], "car_2766": [11, 6], "car_2748": [5, 4], "car_1149": [5, 1], "car_1148": [15, 2], "car_1419": [3, 0], "car_1418": [9, 3], "car_2760": [7, 0], "car_2749": [13, 2], "car_1143": [1, 3], "car_1142": [0, 4], "car_1141": [0, 7], "car_1140": [13, 1], "car_1147": [4, 2], "car_1146": [3, 7], "car_1145": [9, 6], "car_1144": [2, 0], "car_1099": [0, 5], "car_1098": [9, 1], "car_1091": [10, 2], "car_1090": [1, 0], "car_1093": [3, 0], "car_1092": [14, 5], "car_1095": [8, 7], "car_1094": [7, 3], "car_1097": [2, 0], "car_1096": [10, 0], "car_2818": [7, 6], "car_2819": [4, 0], "car_2548": [13, 6], "car_2549": [14, 7], "car_2542": [15, 5], "car_2543": [1, 7], "car_2540": [12, 0], "car_2541": [0, 3], "car_2546": [7, 5], "car_2547": [0, 4], "car_2521": [14, 5], "car_2545": [2, 4], "car_1701": [4, 3], "car_1700": [13, 1], "car_1703": [1, 3], "car_1702": [15, 0], "car_1705": [14, 5], "car_1704": [5, 7], "car_1707": [13, 5], "car_1706": [6, 1], "car_1709": [7, 0], "car_1708": [3, 6], "car_2522": [6, 7], "car_2523": [12, 2], "car_589": [13, 1], "car_588": [2, 7], "car_859": [10, 5], "car_858": [4, 6], "car_2384": [0, 1], "car_2385": [10, 6], "car_1695": [9, 3], "car_2387": [4, 5], "car_581": [7, 4], "car_580": [13, 6], "car_583": [14, 7], "car_850": [10, 3], "car_585": [9, 7], "car_584": [2, 1], "car_587": [1, 7], "car_586": [12, 3], "car_2002": [15, 6], "car_2148": [4, 2], "car_2149": [1, 6], "car_2146": [10, 3], "car_2147": [9, 5], "car_2144": [13, 1], "car_2145": [8, 1], "car_2142": [2, 6], "car_2143": [9, 5], "car_2140": [0, 6], "car_2141": [14, 4], "car_2779": [7, 2], "car_457": [12, 7], "car_456": [3, 0], "car_455": [9, 2], "car_454": [14, 6], "car_453": [10, 2], "car_452": [8, 0], "car_451": [13, 3], "car_450": [5, 7], "car_1878": [4, 5], "car_459": [15, 1], "car_458": [4, 7], "car_1877": [0, 1], "car_1876": [13, 7], "car_2778": [13, 1], "car_1875": [5, 7], "car_1874": [11, 6], "car_1873": [8, 1], "car_1872": [13, 3], "car_738": [5, 0], "car_739": [3, 1], "car_1871": [14, 1], "car_733": [11, 6], "car_732": [14, 7], "car_32": [11, 4], "car_730": [1, 3], "car_731": [10, 7], "car_736": [6, 4], "car_737": [3, 4], "car_734": [1, 6], "car_735": [5, 2], "car_1976": [12, 2], "car_1977": [15, 7], "car_1698": [10, 7], "car_38": [11, 3], "car_39": [15, 3], "car_2564": [11, 0], "car_2565": [13, 3], "car_2566": [0, 6], "car_2295": [8, 1], "car_1978": [1, 0], "car_2560": [7, 5], "car_1979": [10, 5], "car_2561": [1, 2], "car_2562": [9, 0], "car_2563": [0, 6], "car_2443": [1, 6], "car_2442": [15, 5], "car_2441": [11, 7], "car_112": [7, 1], "car_113": [8, 4], "car_110": [1, 5], "car_111": [3, 1], "car_116": [11, 4], "car_117": [15, 1], "car_114": [6, 7], "car_115": [13, 4], "car_2447": [9, 7], "car_118": [14, 0], "car_119": [9, 1], "car_2446": [5, 7], "car_2445": [15, 2], "car_2299": [13, 4], "car_2533": [12, 7], "car_2453": [11, 1], "car_2454": [5, 2], "car_1950": [10, 3], "car_1951": [2, 7], "car_1952": [6, 3], "car_1953": [9, 7], "car_1954": [7, 2], "car_1955": [8, 4], "car_208": [15, 3], "car_209": [1, 4], "car_206": [3, 6], "car_207": [0, 5], "car_204": [14, 6], "car_205": [9, 2], "car_202": [15, 1], "car_203": [5, 3], "car_200": [0, 7], "car_201": [11, 2], "car_2605": [5, 1], "car_2604": [1, 6], "car_2607": [8, 2], "car_2606": [13, 4], "car_1558": [8, 4], "car_1559": [11, 2], "car_2603": [15, 4], "car_2602": [12, 6], "car_1554": [15, 0], "car_1555": [5, 4], "car_1556": [14, 5], "car_1557": [9, 1], "car_1550": [2, 1], "car_1551": [6, 0], "car_1552": [12, 6], "car_1553": [0, 5], "car_1398": [8, 5], "car_1399": [11, 4], "car_1392": [3, 1], "car_1393": [4, 1], "car_1390": [6, 7], "car_1391": [13, 2], "car_1396": [6, 2], "car_1397": [3, 1], "car_1394": [15, 6], "car_1395": [2, 6], "car_2598": [4, 6], "car_930": [6, 4], "car_931": [7, 1], "car_932": [1, 7], "car_933": [9, 7], "car_934": [12, 4], "car_935": [0, 4], "car_936": [1, 4], "car_937": [12, 1], "car_938": [4, 1], "car_939": [11, 3], "car_2773": [7, 3], "car_2772": [14, 6], "car_2775": [5, 0], "car_2774": [0, 3], "car_2777": [6, 1], "car_2776": [10, 2], "car_6": [3, 6], "car_7": [8, 1], "car_4": [6, 4], "car_5": [9, 0], "car_2": [10, 7], "car_3": [14, 3], "car_1178": [8, 4], "car_1": [5, 3], "car_1176": [6, 3], "car_1177": [3, 4], "car_1174": [1, 0], "car_1175": [2, 6], "car_1172": [12, 0], "car_1173": [4, 0], "car_8": [4, 2], "car_9": [15, 1], "car_2809": [3, 5], "car_2808": [2, 7], "car_2559": [2, 6], "car_2558": [5, 2], "car_2555": [2, 0], "car_2554": [10, 5], "car_2557": [7, 2], "car_2556": [3, 6], "car_2551": [0, 5], "car_2550": [3, 4], "car_2553": [1, 4], "car_2552": [15, 2], "car_1774": [14, 1], "car_1775": [2, 3], "car_1776": [13, 1], "car_1777": [7, 0], "car_1770": [3, 5], "car_1771": [7, 0], "car_1772": [4, 1], "car_1773": [10, 2], "car_1778": [4, 6], "car_1779": [11, 5], "car_98": [13, 7], "car_99": [3, 1], "car_90": [0, 3], "car_91": [11, 6], "car_92": [13, 3], "car_93": [3, 5], "car_94": [7, 0], "car_95": [8, 7], "car_96": [15, 2], "car_97": [10, 0], "car_596": [13, 4], "car_597": [7, 6], "car_594": [10, 5], "car_595": [2, 4], "car_592": [1, 0], "car_593": [5, 1], "car_590": [7, 6], "car_591": [12, 6], "car_598": [8, 5], "car_599": [0, 2], "car_848": [1, 6], "car_849": [5, 1], "car_2391": [3, 0], "car_2390": [9, 7], "car_2397": [4, 7], "car_2396": [1, 0], "car_2395": [4, 7], "car_2394": [8, 1], "car_840": [0, 7], "car_841": [10, 4], "car_842": [14, 3], "car_843": [9, 6], "car_844": [3, 1], "car_845": [7, 5], "car_846": [12, 2], "car_847": [11, 6], "car_1608": [4, 3], "car_1609": [15, 7], "car_2153": [1, 3], "car_2152": [3, 0], "car_2155": [8, 3], "car_2154": [6, 4], "car_2157": [11, 2], "car_2156": [0, 6], "car_1600": [14, 1], "car_1601": [2, 7], "car_1602": [6, 2], "car_1603": [9, 0], "car_1604": [13, 1], "car_1605": [3, 4], "car_1606": [3, 2], "car_1607": [8, 6], "car_2369": [8, 7], "car_2362": [9, 2], "car_2363": [14, 7], "car_444": [14, 0], "car_445": [7, 0], "car_446": [8, 7], "car_447": [4, 7], "car_440": [7, 2], "car_441": [11, 1], "car_442": [15, 2], "car_443": [1, 4], "car_448": [11, 7], "car_449": [15, 5], "car_2717": [6, 7], "car_2716": [2, 5], "car_2715": [5, 3], "car_2201": [1, 3], "car_2714": [15, 4], "car_2200": [3, 1], "car_2713": [11, 4], "car_2712": [12, 4], "car_2711": [13, 4], "car_2710": [2, 7], "car_2209": [7, 6], "car_2208": [2, 6], "car_2324": [10, 3], "car_695": [2, 4], "car_694": [15, 2], "car_697": [3, 4], "car_696": [9, 3], "car_691": [8, 1], "car_690": [3, 5], "car_693": [3, 0], "car_692": [6, 3], "car_699": [4, 2], "car_698": [0, 7], "car_2399": [5, 4], "car_1943": [11, 1], "car_1942": [3, 1], "car_279": [6, 7], "car_278": [2, 4], "car_1947": [0, 4], "car_1946": [12, 4], "car_1945": [8, 3], "car_1944": [2, 1], "car_273": [6, 4], "car_272": [4, 3], "car_271": [0, 4], "car_270": [6, 3], "car_277": [11, 3], "car_276": [8, 1], "car_275": [3, 2], "car_274": [13, 7], "car_1925": [8, 5], "car_1549": [14, 7], "car_1548": [1, 3], "car_1547": [4, 5], "car_1546": [0, 4], "car_1545": [9, 1], "car_1544": [2, 1], "car_1543": [14, 4], "car_1542": [5, 6], "car_1541": [1, 0], "car_1540": [15, 4], "car_1389": [10, 1], "car_1388": [15, 6], "car_1385": [7, 6], "car_1384": [3, 0], "car_1387": [4, 6], "car_1386": [0, 1], "car_1381": [5, 4], "car_1380": [11, 1], "car_1383": [6, 2], "car_1382": [10, 7], "car_307": [15, 0], "car_306": [11, 3], "car_305": [3, 4], "car_304": [9, 1], "car_303": [2, 5], "car_302": [10, 4], "car_301": [1, 7], "car_300": [15, 6], "car_804": [2, 7], "car_309": [7, 1], "car_308": [9, 2], "car_909": [15, 2], "car_908": [8, 4], "car_905": [1, 0], "car_904": [15, 2], "car_907": [3, 1], "car_906": [9, 0], "car_901": [13, 4], "car_900": [15, 2], "car_903": [12, 7], "car_902": [8, 7], "car_1161": [12, 2], "car_1160": [13, 6], "car_1163": [11, 1], "car_1162": [4, 1], "car_1165": [14, 5], "car_1164": [15, 1], "car_1167": [8, 7], "car_1166": [2, 7], "car_1169": [4, 0], "car_1168": [0, 3], "car_2432": [2, 1], "car_2433": [8, 4], "car_2430": [12, 5], "car_2322": [3, 1], "car_2431": [14, 3], "car_2838": [6, 0], "car_2839": [13, 2], "car_2836": [1, 3], "car_2436": [4, 1], "car_2834": [1, 0], "car_2835": [4, 0], "car_2832": [11, 0], "car_2833": [15, 2], "car_2830": [0, 2], "car_2437": [15, 2], "car_2010": [3, 5], "car_2011": [4, 5], "car_2012": [11, 4], "car_2013": [15, 2], "car_2014": [14, 1], "car_2015": [2, 1], "car_2016": [7, 5], "car_2017": [12, 2], "car_2018": [4, 5], "car_2019": [11, 3], "car_2435": [0, 7], "car_87": [7, 6], "car_86": [3, 0], "car_85": [13, 6], "car_84": [9, 7], "car_83": [2, 1], "car_82": [5, 4], "car_81": [15, 5], "car_80": [4, 6], "car_2001": [4, 3], "car_89": [12, 7], "car_88": [8, 2], "car_2000": [3, 1], "car_2498": [0, 6], "car_2499": [15, 4], "car_2494": [14, 3], "car_2495": [6, 5], "car_2496": [7, 0], "car_2497": [8, 0], "car_2490": [14, 1], "car_2491": [4, 0], "car_2492": [5, 3], "car_2493": [10, 7], "car_875": [2, 1], "car_874": [14, 0], "car_877": [4, 3], "car_876": [9, 5], "car_871": [9, 3], "car_870": [14, 7], "car_873": [0, 4], "car_872": [3, 0], "car_1694": [2, 5], "car_879": [15, 7], "car_878": [11, 2], "car_1752": [15, 6], "car_1753": [1, 7], "car_1699": [9, 6], "car_2124": [9, 5], "car_2125": [12, 1], "car_1619": [0, 4], "car_1618": [8, 5], "car_2120": [8, 1], "car_2121": [12, 6], "car_2122": [5, 1], "car_2123": [10, 1], "car_1613": [1, 2], "car_1612": [0, 1], "car_1611": [6, 0], "car_1610": [14, 6], "car_1617": [7, 2], "car_1616": [3, 7], "car_1615": [6, 5], "car_1614": [14, 3], "car_1754": [10, 2], "car_1755": [9, 4], "car_2767": [4, 5], "car_2323": [11, 2], "car_471": [4, 7], "car_470": [3, 1], "car_473": [1, 3], "car_472": [11, 1], "car_475": [10, 1], "car_474": [5, 1], "car_477": [8, 5], "car_476": [3, 6], "car_479": [14, 7], "car_478": [0, 2], "car_2232": [6, 1], "car_2233": [13, 6], "car_2234": [3, 4], "car_2235": [0, 2], "car_2236": [11, 0], "car_2237": [1, 5], "car_2769": [2, 1], "car_2765": [12, 6], "car_2038": [13, 6], "car_2709": [14, 0], "car_2762": [11, 2], "car_2039": [12, 0], "car_2763": [15, 4], "car_1819": [1, 7], "car_1818": [13, 1], "car_2386": [9, 3], "car_682": [6, 7], "car_683": [0, 5], "car_680": [1, 5], "car_681": [14, 4], "car_686": [13, 3], "car_687": [11, 4], "car_684": [2, 7], "car_685": [6, 1], "car_688": [15, 6], "car_689": [1, 0], "car_2481": [1, 7], "car_2761": [12, 1], "car_1815": [1, 7], "car_1814": [4, 0], "car_2388": [14, 2], "car_2389": [2, 7], "car_1670": [1, 3], "car_1956": [4, 2], "car_1957": [5, 0], "car_1958": [6, 4], "car_1959": [0, 7], "car_2003": [5, 3], "car_268": [4, 1], "car_269": [14, 6], "car_1974": [3, 7], "car_1975": [7, 1], "car_1972": [15, 1], "car_1973": [13, 1], "car_1970": [13, 4], "car_1971": [7, 3], "car_260": [3, 7], "car_261": [0, 4], "car_262": [4, 6], "car_263": [11, 6], "car_264": [15, 5], "car_265": [5, 6], "car_266": [6, 7], "car_267": [12, 1], "car_1572": [15, 3], "car_1573": [2, 6], "car_1570": [6, 0], "car_1571": [12, 6], "car_1576": [7, 0], "car_1577": [12, 2], "car_1574": [6, 7], "car_1575": [9, 4], "car_1578": [0, 2], "car_1579": [1, 3], "car_1370": [14, 7], "car_1371": [6, 2], "car_1372": [13, 6], "car_1373": [8, 6], "car_1374": [12, 1], "car_1375": [11, 1], "car_1376": [15, 5], "car_1377": [5, 0], "car_1378": [2, 5], "car_1379": [8, 2], "car_2600": [10, 3], "car_314": [9, 7], "car_315": [3, 5], "car_316": [2, 5], "car_317": [3, 1], "car_310": [12, 3], "car_311": [0, 1], "car_312": [4, 1], "car_313": [11, 5], "car_318": [7, 2], "car_319": [9, 5], "car_918": [15, 2], "car_919": [1, 4], "car_2719": [2, 3], "car_2718": [0, 3], "car_912": [1, 4], "car_913": [10, 7], "car_910": [6, 0], "car_911": [8, 0], "car_916": [3, 2], "car_917": [7, 0], "car_914": [6, 3], "car_915": [9, 1], "car_1114": [2, 4], "car_1115": [13, 2], "car_1116": [8, 7], "car_1117": [0, 5], "car_1110": [9, 0], "car_1111": [12, 0], "car_1112": [1, 5], "car_1113": [14, 4], "car_1118": [4, 3], "car_1119": [15, 4], "car_1284": [0, 7], "car_1285": [4, 6], "car_1286": [11, 7], "car_1287": [5, 7], "car_1280": [9, 6], "car_1281": [13, 5], "car_1282": [8, 5], "car_1283": [12, 2], "car_2130": [14, 5], "car_1288": [10, 4], "car_1289": [6, 5], "car_2821": [14, 3], "car_2820": [15, 0], "car_1744": [3, 5], "car_2822": [2, 5], "car_2825": [11, 1], "car_2824": [12, 3], "car_2827": [6, 1], "car_2826": [14, 3], "car_2829": [7, 3], "car_2828": [13, 6], "car_1028": [5, 0], "car_1029": [2, 7], "car_1758": [1, 4], "car_1759": [5, 1], "car_2007": [15, 6], "car_2006": [3, 2], "car_2005": [9, 6], "car_2004": [6, 4], "car_1020": [7, 6], "car_1021": [8, 3], "car_1022": [1, 5], "car_1023": [10, 2], "car_1024": [2, 5], "car_1025": [12, 2], "car_1026": [11, 1], "car_1027": [15, 1], "car_1598": [4, 2], "car_1599": [1, 5], "car_1590": [9, 7], "car_1591": [3, 6], "car_1592": [15, 2], "car_1593": [1, 6], "car_1594": [10, 2], "car_1595": [2, 6], "car_1596": [12, 4], "car_1597": [1, 5], "car_2489": [10, 0], "car_2488": [0, 6], "car_2487": [12, 1], "car_2486": [3, 5], "car_2485": [14, 2], "car_2484": [7, 1], "car_2483": [2, 6], "car_2482": [10, 4], "car_1746": [1, 7], "car_2480": [11, 5], "car_862": [7, 2], "car_863": [12, 1], "car_860": [9, 5], "car_861": [13, 0], "car_866": [2, 5], "car_867": [9, 1], "car_864": [11, 6], "car_865": [14, 6], "car_868": [3, 4], "car_869": [7, 3], "car_1741": [5, 0], "car_2137": [2, 7], "car_2136": [5, 6], "car_2135": [1, 6], "car_2134": [15, 1], "car_2133": [12, 0], "car_2132": [9, 5], "car_1628": [9, 1], "car_1629": [13, 6], "car_1626": [10, 6], "car_1627": [6, 1], "car_1624": [11, 5], "car_1625": [5, 3], "car_1622": [9, 3], "car_1623": [13, 4], "car_1620": [15, 5], "car_1621": [1, 3], "car_1740": [1, 0]}