{"car_773": [3, 5], "car_944": [15, 2], "car_545": [15, 6], "car_544": [6, 2], "car_547": [5, 7], "car_546": [4, 3], "car_541": [9, 0], "car_540": [8, 2], "car_543": [2, 7], "car_542": [12, 5], "car_549": [7, 0], "car_548": [3, 0], "car_819": [3, 5], "car_818": [1, 4], "car_888": [5, 2], "car_468": [6, 5], "car_469": [12, 3], "car_466": [11, 3], "car_467": [15, 4], "car_464": [8, 3], "car_465": [11, 0], "car_462": [9, 5], "car_463": [7, 1], "car_460": [10, 0], "car_461": [0, 7], "car_211": [1, 5], "car_210": [12, 6], "car_213": [14, 0], "car_212": [12, 0], "car_215": [2, 3], "car_214": [11, 0], "car_217": [0, 2], "car_216": [6, 1], "car_219": [1, 4], "car_218": [4, 6], "car_352": [12, 2], "car_353": [9, 7], "car_354": [0, 1], "car_355": [15, 4], "car_356": [9, 2], "car_357": [7, 5], "car_608": [7, 3], "car_609": [14, 7], "car_602": [5, 7], "car_603": [4, 7], "car_600": [2, 4], "car_601": [8, 5], "car_606": [5, 7], "car_607": [13, 3], "car_604": [12, 4], "car_605": [11, 3], "car_817": [3, 6], "car_518": [14, 4], "car_816": [10, 3], "car_519": [0, 3], "car_815": [4, 7], "car_814": [15, 4], "car_813": [13, 2], "car_812": [14, 6], "car_923": [3, 5], "car_922": [2, 0], "car_921": [9, 0], "car_920": [14, 5], "car_927": [10, 4], "car_811": [10, 2], "car_925": [15, 4], "car_924": [4, 2], "car_929": [13, 2], "car_810": [0, 4], "car_776": [10, 7], "car_777": [8, 1], "car_774": [13, 0], "car_775": [5, 6], "car_772": [1, 0], "car_510": [10, 2], "car_770": [8, 7], "car_771": [4, 1], "car_805": [9, 3], "car_511": [11, 6], "car_943": [8, 0], "car_778": [7, 4], "car_779": [2, 3], "car_942": [2, 4], "car_679": [11, 0], "car_678": [7, 5], "car_677": [2, 4], "car_676": [5, 0], "car_675": [8, 3], "car_674": [10, 0], "car_673": [12, 4], "car_672": [13, 1], "car_671": [0, 3], "car_670": [12, 5], "car_938": [10, 7], "car_947": [1, 3], "car_946": [11, 5], "car_10": [6, 2], "car_11": [14, 0], "car_12": [5, 1], "car_13": [12, 1], "car_14": [8, 3], "car_15": [15, 0], "car_16": [3, 6], "car_17": [1, 4], "car_18": [2, 5], "car_19": [0, 6], "car_828": [14, 7], "car_758": [3, 1], "car_889": [1, 4], "car_759": [13, 3], "car_703": [14, 4], "car_702": [0, 3], "car_701": [7, 1], "car_829": [2, 0], "car_984": [5, 7], "car_789": [9, 2], "car_700": [13, 4], "car_783": [12, 1], "car_707": [2, 3], "car_781": [3, 2], "car_780": [13, 7], "car_787": [0, 7], "car_786": [9, 3], "car_785": [3, 0], "car_706": [8, 1], "car_705": [7, 6], "car_750": [7, 4], "car_704": [13, 4], "car_698": [6, 1], "car_422": [14, 0], "car_423": [15, 5], "car_420": [14, 6], "car_421": [12, 7], "car_426": [7, 6], "car_427": [2, 1], "car_424": [14, 6], "car_425": [3, 7], "car_581": [14, 7], "car_580": [6, 5], "car_428": [12, 6], "car_429": [6, 4], "car_585": [13, 3], "car_584": [15, 1], "car_587": [6, 2], "car_586": [7, 2], "car_255": [12, 7], "car_254": [3, 4], "car_257": [4, 6], "car_256": [14, 1], "car_251": [9, 7], "car_250": [9, 0], "car_253": [9, 0], "car_252": [8, 7], "car_394": [0, 6], "car_395": [15, 6], "car_396": [7, 2], "car_397": [9, 6], "car_259": [13, 6], "car_258": [6, 4], "car_392": [2, 0], "car_393": [0, 7], "car_827": [0, 1], "car_158": [10, 1], "car_159": [0, 6], "car_156": [7, 0], "car_157": [0, 4], "car_154": [7, 0], "car_155": [5, 6], "car_152": [12, 1], "car_153": [13, 5], "car_150": [7, 1], "car_151": [11, 4], "car_882": [8, 1], "car_350": [9, 2], "car_883": [14, 1], "car_351": [3, 1], "car_457": [7, 2], "car_456": [10, 6], "car_455": [11, 3], "car_454": [8, 2], "car_453": [11, 3], "car_452": [7, 2], "car_451": [3, 0], "car_450": [15, 2], "car_516": [8, 0], "car_517": [12, 2], "car_514": [8, 3], "car_515": [12, 6], "car_512": [6, 0], "car_513": [5, 1], "car_459": [5, 6], "car_458": [1, 3], "car_321": [7, 3], "car_320": [11, 6], "car_323": [1, 2], "car_322": [12, 2], "car_325": [13, 3], "car_324": [2, 3], "car_327": [2, 4], "car_326": [5, 0], "car_329": [1, 6], "car_328": [12, 5], "car_493": [10, 3], "car_822": [13, 7], "car_492": [11, 1], "car_491": [2, 0], "car_633": [10, 5], "car_632": [9, 7], "car_631": [5, 4], "car_490": [14, 7], "car_637": [13, 5], "car_636": [14, 3], "car_635": [9, 6], "car_634": [2, 3], "car_732": [2, 3], "car_497": [0, 1], "car_639": [6, 4], "car_638": [4, 7], "car_736": [11, 2], "car_730": [12, 6], "car_734": [11, 5], "car_496": [11, 7], "car_268": [11, 7], "car_823": [3, 6], "car_731": [1, 0], "car_495": [0, 6], "car_140": [1, 5], "car_494": [14, 0], "car_737": [9, 1], "car_735": [5, 6], "car_886": [12, 4], "car_144": [2, 1], "car_887": [15, 7], "car_988": [0, 3], "car_260": [14, 1], "car_189": [2, 4], "car_188": [0, 4], "car_261": [0, 6], "car_185": [1, 5], "car_184": [4, 3], "car_187": [9, 1], "car_186": [12, 1], "car_181": [0, 7], "car_180": [0, 2], "car_183": [2, 4], "car_182": [4, 7], "car_263": [13, 6], "car_749": [11, 7], "car_748": [4, 7], "car_747": [13, 4], "car_746": [9, 6], "car_745": [5, 2], "car_744": [0, 1], "car_743": [2, 4], "car_742": [7, 2], "car_741": [10, 1], "car_740": [13, 3], "car_899": [15, 6], "car_850": [3, 1], "car_897": [2, 0], "car_896": [3, 7], "car_895": [6, 2], "car_894": [8, 6], "car_893": [1, 4], "car_892": [11, 3], "car_891": [11, 3], "car_890": [11, 1], "car_768": [14, 7], "car_299": [6, 2], "car_113": [6, 7], "car_110": [8, 1], "car_111": [14, 7], "car_116": [15, 2], "car_117": [0, 1], "car_114": [5, 6], "car_115": [3, 6], "car_291": [2, 5], "car_290": [1, 5], "car_118": [1, 2], "car_119": [6, 0], "car_295": [7, 2], "car_294": [6, 0], "car_297": [9, 1], "car_296": [1, 6], "car_54": [10, 4], "car_55": [6, 5], "car_56": [2, 1], "car_57": [15, 3], "car_50": [1, 0], "car_51": [10, 5], "car_52": [2, 7], "car_53": [1, 0], "car_58": [5, 3], "car_59": [14, 3], "car_928": [14, 2], "car_552": [14, 7], "car_553": [6, 4], "car_550": [8, 1], "car_551": [4, 5], "car_556": [4, 3], "car_557": [11, 3], "car_554": [0, 7], "car_555": [3, 5], "car_558": [0, 1], "car_559": [4, 1], "car_808": [3, 5], "car_809": [7, 6], "car_365": [11, 2], "car_364": [13, 4], "car_367": [7, 6], "car_366": [2, 6], "car_361": [9, 0], "car_360": [6, 5], "car_363": [0, 6], "car_362": [12, 4], "car_413": [9, 7], "car_412": [10, 1], "car_411": [5, 6], "car_410": [7, 4], "car_369": [11, 6], "car_368": [9, 6], "car_415": [13, 2], "car_414": [9, 7], "car_167": [6, 1], "car_166": [5, 4], "car_165": [11, 2], "car_164": [1, 4], "car_163": [4, 6], "car_162": [8, 3], "car_161": [13, 2], "car_160": [4, 6], "car_206": [8, 6], "car_207": [1, 7], "car_204": [11, 5], "car_205": [3, 5], "car_202": [12, 4], "car_203": [1, 6], "car_169": [5, 7], "car_168": [8, 5], "car_982": [15, 5], "car_527": [8, 3], "car_526": [14, 6], "car_525": [5, 1], "car_524": [11, 0], "car_523": [7, 5], "car_522": [13, 7], "car_521": [8, 4], "car_520": [11, 6], "car_990": [1, 3], "car_529": [11, 5], "car_528": [4, 1], "car_973": [8, 7], "car_930": [0, 5], "car_931": [14, 2], "car_932": [15, 6], "car_933": [14, 6], "car_934": [6, 7], "car_935": [8, 7], "car_936": [4, 2], "car_937": [2, 3], "car_489": [0, 1], "car_939": [3, 5], "car_6": [11, 4], "car_7": [10, 1], "car_4": [5, 6], "car_5": [0, 4], "car_2": [8, 7], "car_3": [11, 7], "car_0": [15, 6], "car_1": [5, 1], "car_709": [5, 2], "car_708": [8, 5], "car_8": [13, 2], "car_9": [4, 1], "car_668": [10, 3], "car_669": [7, 5], "car_664": [3, 2], "car_665": [10, 6], "car_666": [1, 7], "car_667": [8, 3], "car_660": [13, 3], "car_661": [15, 1], "car_662": [13, 5], "car_663": [9, 3], "car_978": [0, 6], "car_979": [5, 7], "car_793": [9, 2], "car_985": [6, 7], "car_974": [5, 4], "car_987": [8, 6], "car_986": [7, 0], "car_981": [2, 1], "car_980": [6, 0], "car_983": [1, 0], "car_975": [1, 2], "car_989": [7, 2], "car_976": [3, 4], "car_926": [5, 4], "car_798": [9, 6], "car_977": [12, 5], "car_799": [13, 7], "car_970": [0, 1], "car_971": [15, 3], "car_98": [13, 4], "car_99": [14, 1], "car_972": [14, 4], "car_90": [8, 7], "car_91": [4, 0], "car_92": [10, 7], "car_93": [3, 2], "car_94": [11, 6], "car_95": [1, 6], "car_96": [2, 7], "car_97": [9, 2], "car_596": [4, 6], "car_578": [4, 7], "car_594": [7, 0], "car_595": [3, 4], "car_592": [5, 3], "car_593": [4, 3], "car_590": [0, 4], "car_579": [5, 7], "car_598": [5, 4], "car_599": [3, 1], "car_848": [14, 2], "car_790": [4, 5], "car_791": [2, 4], "car_840": [0, 1], "car_841": [5, 0], "car_842": [6, 2], "car_843": [13, 4], "car_844": [12, 0], "car_792": [10, 1], "car_846": [15, 5], "car_847": [5, 6], "car_242": [9, 5], "car_243": [13, 6], "car_240": [5, 2], "car_241": [10, 2], "car_246": [5, 7], "car_247": [10, 0], "car_244": [7, 1], "car_245": [15, 7], "car_794": [13, 6], "car_248": [7, 4], "car_249": [2, 0], "car_795": [3, 6], "car_570": [2, 4], "car_129": [15, 1], "car_128": [13, 0], "car_796": [11, 0], "car_571": [5, 1], "car_123": [14, 5], "car_122": [9, 3], "car_121": [0, 2], "car_120": [12, 0], "car_127": [14, 5], "car_126": [15, 4], "car_125": [14, 5], "car_124": [9, 6], "car_797": [10, 4], "car_908": [11, 5], "car_597": [13, 5], "car_444": [1, 4], "car_445": [5, 6], "car_446": [8, 7], "car_447": [15, 0], "car_440": [4, 3], "car_441": [2, 7], "car_442": [7, 3], "car_443": [7, 5], "car_563": [8, 6], "car_562": [4, 0], "car_561": [7, 5], "car_560": [7, 4], "car_448": [14, 2], "car_349": [4, 1], "car_565": [12, 2], "car_564": [6, 0], "car_237": [4, 0], "car_236": [8, 1], "car_235": [3, 1], "car_234": [13, 0], "car_233": [0, 3], "car_232": [6, 4], "car_338": [3, 7], "car_339": [15, 1], "car_336": [14, 3], "car_337": [2, 5], "car_334": [1, 4], "car_335": [4, 2], "car_332": [11, 5], "car_333": [15, 4], "car_330": [10, 2], "car_238": [5, 3], "car_408": [6, 1], "car_409": [8, 0], "car_916": [9, 2], "car_620": [13, 6], "car_621": [15, 6], "car_622": [0, 6], "car_623": [4, 3], "car_624": [14, 1], "car_625": [6, 5], "car_626": [7, 2], "car_627": [8, 4], "car_628": [3, 2], "car_629": [1, 6], "car_849": [1, 4], "car_347": [11, 7], "car_346": [4, 5], "car_630": [12, 1], "car_729": [5, 6], "car_402": [15, 3], "car_728": [15, 7], "car_403": [2, 0], "car_949": [9, 5], "car_948": [9, 3], "car_198": [0, 2], "car_199": [2, 6], "car_192": [7, 0], "car_193": [12, 4], "car_190": [8, 5], "car_191": [3, 5], "car_196": [3, 0], "car_197": [9, 4], "car_194": [8, 6], "car_195": [5, 3], "car_695": [1, 6], "car_694": [12, 3], "car_697": [11, 6], "car_696": [14, 5], "car_691": [8, 1], "car_690": [11, 2], "car_693": [3, 7], "car_692": [10, 5], "car_754": [13, 7], "car_755": [10, 7], "car_756": [12, 1], "car_757": [4, 1], "car_699": [9, 4], "car_279": [11, 4], "car_752": [11, 6], "car_753": [4, 5], "car_278": [8, 3], "car_723": [12, 7], "car_722": [0, 3], "car_36": [13, 6], "car_37": [5, 0], "car_34": [1, 0], "car_35": [5, 3], "car_32": [9, 2], "car_33": [3, 6], "car_30": [14, 2], "car_31": [2, 3], "car_884": [2, 1], "car_885": [10, 4], "car_499": [15, 4], "car_498": [11, 7], "car_880": [0, 6], "car_881": [13, 7], "car_38": [2, 5], "car_39": [6, 0], "car_286": [4, 3], "car_287": [1, 7], "car_284": [5, 0], "car_285": [2, 1], "car_282": [9, 2], "car_283": [15, 2], "car_280": [15, 2], "car_281": [8, 4], "car_288": [10, 6], "car_289": [11, 1], "car_178": [10, 1], "car_179": [12, 4], "car_43": [8, 5], "car_42": [7, 0], "car_41": [11, 4], "car_40": [13, 0], "car_47": [9, 4], "car_46": [9, 0], "car_45": [15, 5], "car_44": [11, 7], "car_49": [11, 0], "car_48": [11, 2], "car_821": [2, 3], "car_566": [9, 1], "car_831": [6, 3], "car_830": [5, 1], "car_833": [3, 7], "car_832": [12, 1], "car_835": [10, 7], "car_834": [15, 0], "car_837": [5, 1], "car_836": [7, 1], "car_839": [5, 6], "car_838": [15, 5], "car_372": [11, 1], "car_373": [10, 4], "car_370": [15, 6], "car_371": [1, 4], "car_376": [0, 5], "car_377": [1, 0], "car_374": [14, 3], "car_375": [3, 4], "car_400": [15, 1], "car_401": [0, 4], "car_378": [0, 5], "car_379": [5, 4], "car_404": [13, 3], "car_405": [12, 4], "car_406": [0, 4], "car_407": [1, 6], "car_174": [13, 4], "car_175": [12, 6], "car_176": [11, 1], "car_177": [15, 7], "car_170": [4, 3], "car_171": [10, 1], "car_172": [2, 3], "car_173": [0, 4], "car_273": [5, 4], "car_272": [12, 6], "car_271": [9, 2], "car_270": [4, 3], "car_277": [2, 7], "car_276": [9, 3], "car_275": [5, 3], "car_274": [13, 4], "car_112": [13, 4], "car_845": [11, 7], "car_298": [3, 6], "car_534": [4, 1], "car_535": [7, 0], "car_536": [14, 1], "car_537": [12, 6], "car_530": [5, 2], "car_531": [6, 2], "car_532": [13, 4], "car_358": [8, 0], "car_538": [5, 6], "car_539": [10, 4], "car_307": [12, 4], "car_306": [10, 6], "car_305": [4, 7], "car_304": [7, 1], "car_303": [0, 1], "car_302": [8, 5], "car_301": [13, 5], "car_300": [9, 2], "car_804": [2, 1], "car_898": [7, 4], "car_293": [0, 2], "car_309": [7, 1], "car_308": [9, 2], "car_292": [7, 4], "car_909": [10, 4], "car_359": [11, 6], "car_905": [8, 6], "car_904": [2, 4], "car_907": [2, 4], "car_906": [0, 5], "car_901": [12, 4], "car_900": [7, 1], "car_903": [10, 0], "car_902": [1, 2], "car_710": [13, 6], "car_711": [7, 2], "car_712": [13, 1], "car_713": [11, 1], "car_714": [8, 4], "car_715": [2, 4], "car_716": [3, 5], "car_717": [14, 1], "car_718": [6, 3], "car_719": [4, 0], "car_659": [3, 6], "car_658": [9, 6], "car_651": [13, 0], "car_650": [14, 7], "car_653": [11, 4], "car_652": [4, 0], "car_655": [6, 4], "car_654": [1, 5], "car_657": [14, 3], "car_656": [10, 6], "car_806": [1, 5], "car_78": [0, 3], "car_79": [8, 2], "car_72": [7, 4], "car_73": [1, 0], "car_70": [15, 4], "car_71": [9, 6], "car_76": [2, 1], "car_77": [10, 5], "car_74": [9, 5], "car_75": [4, 7], "car_807": [5, 0], "car_957": [3, 4], "car_87": [6, 0], "car_86": [12, 1], "car_85": [6, 4], "car_84": [10, 3], "car_83": [3, 7], "car_82": [13, 4], "car_81": [2, 0], "car_80": [5, 1], "car_533": [12, 3], "car_89": [14, 3], "car_88": [3, 1], "car_800": [0, 6], "car_875": [3, 1], "car_874": [15, 2], "car_877": [11, 2], "car_689": [8, 3], "car_871": [8, 4], "car_870": [0, 4], "car_873": [7, 2], "car_872": [8, 5], "car_879": [14, 4], "car_878": [10, 0], "car_801": [1, 3], "car_953": [4, 1], "car_951": [8, 3], "car_784": [11, 1], "car_962": [14, 4], "car_138": [9, 1], "car_139": [8, 2], "car_788": [1, 4], "car_130": [8, 4], "car_131": [12, 2], "car_132": [4, 7], "car_133": [10, 2], "car_134": [0, 2], "car_135": [5, 6], "car_136": [12, 5], "car_137": [4, 0], "car_569": [11, 5], "car_568": [12, 7], "car_782": [11, 6], "car_471": [5, 2], "car_470": [5, 1], "car_473": [7, 4], "car_472": [10, 6], "car_475": [14, 2], "car_474": [10, 2], "car_477": [14, 0], "car_476": [3, 2], "car_479": [0, 4], "car_478": [2, 4], "car_572": [14, 4], "car_573": [2, 1], "car_574": [6, 4], "car_575": [8, 5], "car_576": [6, 5], "car_577": [7, 6], "car_224": [4, 7], "car_225": [10, 7], "car_226": [2, 7], "car_227": [2, 7], "car_220": [10, 0], "car_221": [1, 7], "car_222": [14, 5], "car_223": [10, 2], "car_343": [14, 5], "car_342": [15, 7], "car_341": [13, 1], "car_340": [8, 6], "car_228": [2, 7], "car_229": [4, 5], "car_345": [15, 3], "car_344": [9, 0], "car_802": [5, 2], "car_567": [8, 5], "car_803": [10, 0], "car_739": [5, 1], "car_449": [13, 5], "car_619": [14, 7], "car_618": [1, 2], "car_615": [8, 5], "car_614": [9, 6], "car_617": [4, 5], "car_616": [0, 3], "car_611": [5, 1], "car_610": [6, 0], "car_613": [14, 0], "car_612": [10, 4], "car_591": [15, 7], "car_956": [13, 1], "car_769": [13, 1], "car_954": [0, 3], "car_955": [15, 7], "car_952": [12, 4], "car_231": [8, 2], "car_950": [6, 1], "car_683": [4, 0], "car_230": [13, 0], "car_419": [5, 1], "car_958": [4, 0], "car_959": [0, 5], "car_418": [4, 5], "car_682": [14, 6], "car_589": [10, 4], "car_680": [1, 4], "car_681": [1, 4], "car_686": [5, 6], "car_687": [7, 1], "car_684": [7, 0], "car_588": [11, 6], "car_761": [11, 0], "car_760": [0, 6], "car_688": [9, 7], "car_685": [0, 3], "car_765": [0, 5], "car_764": [6, 3], "car_767": [15, 1], "car_766": [11, 7], "car_858": [1, 4], "car_239": [7, 2], "car_331": [4, 7], "car_763": [10, 1], "car_25": [2, 7], "car_24": [7, 3], "car_27": [10, 6], "car_26": [8, 1], "car_21": [9, 0], "car_20": [1, 2], "car_23": [3, 0], "car_22": [8, 6], "car_488": [12, 2], "car_417": [8, 2], "car_29": [7, 2], "car_28": [13, 0], "car_416": [3, 1], "car_853": [8, 3], "car_852": [1, 7], "car_583": [4, 2], "car_582": [6, 3], "car_857": [5, 3], "car_856": [15, 0], "car_855": [4, 7], "car_854": [3, 2], "car_733": [9, 6], "car_208": [10, 7], "car_209": [7, 5], "car_435": [1, 2], "car_434": [12, 3], "car_437": [12, 1], "car_436": [3, 5], "car_431": [6, 2], "car_430": [10, 3], "car_433": [1, 5], "car_432": [13, 6], "car_826": [14, 4], "car_398": [4, 6], "car_824": [7, 6], "car_825": [12, 2], "car_439": [3, 6], "car_438": [15, 3], "car_820": [0, 4], "car_399": [9, 3], "car_389": [7, 5], "car_388": [3, 0], "car_387": [13, 2], "car_386": [2, 1], "car_385": [12, 4], "car_384": [8, 0], "car_383": [3, 1], "car_382": [6, 3], "car_381": [2, 5], "car_380": [4, 3], "car_141": [9, 0], "car_269": [3, 6], "car_143": [14, 3], "car_142": [0, 2], "car_145": [3, 0], "car_200": [9, 7], "car_147": [11, 2], "car_146": [9, 0], "car_149": [13, 2], "car_148": [9, 3], "car_262": [0, 7], "car_201": [13, 5], "car_264": [1, 6], "car_265": [14, 1], "car_266": [10, 3], "car_267": [13, 6], "car_480": [13, 6], "car_481": [12, 3], "car_390": [14, 2], "car_482": [0, 5], "car_391": [8, 1], "car_483": [11, 5], "car_484": [6, 7], "car_485": [9, 0], "car_501": [0, 4], "car_500": [0, 6], "car_503": [15, 2], "car_502": [11, 2], "car_505": [13, 0], "car_486": [11, 1], "car_507": [2, 5], "car_506": [2, 0], "car_509": [2, 4], "car_508": [13, 4], "car_487": [7, 4], "car_851": [12, 1], "car_314": [3, 1], "car_315": [7, 1], "car_316": [6, 3], "car_317": [14, 0], "car_310": [12, 5], "car_311": [6, 7], "car_312": [15, 2], "car_313": [2, 6], "car_318": [5, 1], "car_319": [9, 1], "car_918": [3, 4], "car_919": [15, 6], "car_912": [3, 4], "car_913": [15, 5], "car_910": [1, 6], "car_911": [10, 5], "car_876": [8, 6], "car_917": [13, 6], "car_914": [6, 2], "car_915": [2, 4], "car_646": [8, 5], "car_647": [10, 5], "car_644": [1, 0], "car_645": [10, 7], "car_642": [15, 0], "car_643": [7, 0], "car_640": [15, 7], "car_641": [8, 2], "car_725": [13, 5], "car_724": [14, 4], "car_727": [6, 1], "car_726": [12, 1], "car_721": [7, 3], "car_720": [14, 6], "car_648": [7, 4], "car_649": [14, 5], "car_941": [12, 2], "car_69": [11, 3], "car_68": [11, 3], "car_61": [13, 1], "car_60": [9, 6], "car_63": [14, 7], "car_62": [3, 2], "car_65": [2, 5], "car_64": [6, 4], "car_67": [0, 1], "car_66": [1, 7], "car_940": [7, 2], "car_504": [2, 7], "car_969": [7, 1], "car_968": [3, 2], "car_967": [5, 6], "car_966": [1, 7], "car_965": [3, 2], "car_964": [1, 2], "car_963": [13, 2], "car_738": [2, 1], "car_961": [7, 5], "car_960": [6, 3], "car_751": [15, 5], "car_348": [7, 6], "car_859": [2, 6], "car_862": [8, 1], "car_863": [5, 3], "car_860": [8, 4], "car_861": [7, 6], "car_866": [8, 2], "car_867": [2, 3], "car_864": [14, 7], "car_865": [13, 3], "car_868": [10, 1], "car_869": [2, 1], "car_105": [3, 7], "car_104": [13, 1], "car_107": [15, 6], "car_106": [12, 3], "car_101": [11, 0], "car_100": [12, 3], "car_103": [8, 7], "car_102": [6, 2], "car_109": [1, 3], "car_108": [2, 7], "car_945": [2, 1], "car_762": [5, 7]}