{"car_773": [5, 6], "car_944": [13, 1], "car_545": [11, 7], "car_544": [14, 6], "car_547": [5, 7], "car_546": [4, 6], "car_541": [8, 3], "car_540": [7, 1], "car_543": [15, 0], "car_542": [0, 4], "car_549": [6, 1], "car_548": [14, 5], "car_819": [15, 2], "car_818": [4, 0], "car_888": [1, 6], "car_468": [3, 6], "car_469": [4, 1], "car_466": [7, 0], "car_467": [12, 5], "car_464": [3, 0], "car_465": [6, 0], "car_462": [10, 1], "car_463": [12, 4], "car_460": [11, 2], "car_461": [13, 3], "car_211": [13, 6], "car_210": [2, 7], "car_213": [1, 7], "car_212": [12, 1], "car_215": [8, 4], "car_214": [14, 1], "car_217": [15, 6], "car_216": [8, 5], "car_219": [5, 3], "car_218": [1, 2], "car_352": [5, 6], "car_353": [9, 2], "car_354": [3, 1], "car_355": [6, 5], "car_356": [8, 5], "car_357": [14, 2], "car_608": [13, 2], "car_609": [12, 1], "car_602": [2, 0], "car_603": [0, 7], "car_600": [4, 5], "car_601": [11, 4], "car_606": [6, 2], "car_607": [12, 4], "car_604": [5, 3], "car_605": [14, 3], "car_817": [12, 6], "car_518": [11, 7], "car_816": [3, 4], "car_519": [15, 1], "car_815": [2, 7], "car_814": [10, 0], "car_813": [8, 2], "car_812": [13, 2], "car_923": [9, 1], "car_922": [14, 7], "car_921": [13, 3], "car_920": [11, 5], "car_927": [0, 2], "car_811": [9, 7], "car_925": [15, 4], "car_924": [8, 0], "car_929": [4, 1], "car_810": [2, 4], "car_776": [0, 3], "car_777": [0, 5], "car_774": [7, 5], "car_775": [8, 3], "car_772": [15, 6], "car_510": [3, 0], "car_770": [11, 6], "car_771": [9, 4], "car_805": [6, 2], "car_511": [14, 6], "car_943": [12, 0], "car_778": [10, 5], "car_779": [1, 7], "car_942": [14, 0], "car_679": [7, 6], "car_678": [7, 3], "car_677": [15, 4], "car_676": [11, 7], "car_675": [8, 7], "car_674": [2, 7], "car_673": [5, 7], "car_672": [12, 5], "car_671": [6, 5], "car_670": [7, 4], "car_938": [6, 3], "car_947": [12, 2], "car_946": [13, 0], "car_10": [7, 3], "car_11": [9, 6], "car_12": [13, 5], "car_13": [3, 5], "car_14": [0, 1], "car_15": [1, 4], "car_16": [2, 3], "car_17": [3, 4], "car_18": [7, 4], "car_19": [6, 7], "car_828": [9, 3], "car_758": [5, 3], "car_889": [7, 1], "car_759": [6, 7], "car_703": [2, 7], "car_702": [11, 3], "car_701": [13, 1], "car_829": [3, 0], "car_789": [14, 6], "car_700": [6, 3], "car_783": [3, 6], "car_707": [9, 7], "car_781": [1, 2], "car_780": [8, 1], "car_787": [1, 7], "car_786": [6, 3], "car_785": [2, 0], "car_706": [8, 0], "car_705": [7, 2], "car_750": [11, 5], "car_704": [6, 5], "car_698": [11, 6], "car_422": [6, 4], "car_423": [0, 6], "car_420": [3, 6], "car_421": [10, 4], "car_426": [15, 0], "car_427": [7, 2], "car_424": [9, 5], "car_425": [3, 6], "car_581": [13, 7], "car_580": [10, 4], "car_428": [8, 4], "car_429": [6, 5], "car_585": [6, 1], "car_584": [8, 4], "car_587": [5, 2], "car_586": [8, 5], "car_255": [15, 7], "car_254": [6, 1], "car_257": [4, 1], "car_256": [6, 4], "car_251": [6, 2], "car_250": [4, 5], "car_253": [15, 2], "car_252": [3, 0], "car_394": [14, 4], "car_395": [8, 5], "car_396": [12, 5], "car_397": [10, 6], "car_259": [9, 6], "car_258": [6, 5], "car_392": [9, 7], "car_393": [12, 6], "car_827": [2, 1], "car_158": [9, 2], "car_159": [11, 5], "car_156": [10, 1], "car_157": [0, 1], "car_154": [15, 3], "car_155": [1, 7], "car_152": [12, 5], "car_153": [0, 4], "car_150": [15, 0], "car_151": [3, 4], "car_882": [8, 4], "car_350": [3, 1], "car_883": [3, 7], "car_351": [4, 0], "car_457": [13, 7], "car_456": [11, 6], "car_455": [14, 4], "car_454": [14, 7], "car_453": [8, 6], "car_452": [13, 5], "car_451": [1, 5], "car_450": [0, 2], "car_516": [3, 2], "car_517": [12, 7], "car_514": [4, 6], "car_515": [14, 3], "car_512": [10, 4], "car_513": [6, 5], "car_459": [11, 1], "car_458": [11, 5], "car_321": [9, 7], "car_320": [0, 5], "car_323": [3, 5], "car_322": [15, 7], "car_325": [9, 2], "car_324": [14, 6], "car_327": [9, 3], "car_326": [10, 3], "car_329": [7, 0], "car_328": [7, 5], "car_493": [4, 6], "car_822": [10, 0], "car_492": [11, 5], "car_491": [2, 6], "car_633": [15, 2], "car_632": [11, 2], "car_631": [3, 5], "car_490": [14, 3], "car_637": [8, 2], "car_636": [7, 5], "car_635": [11, 3], "car_634": [5, 7], "car_732": [4, 3], "car_497": [11, 2], "car_639": [6, 3], "car_638": [6, 4], "car_736": [5, 2], "car_730": [15, 5], "car_734": [1, 2], "car_496": [2, 5], "car_268": [10, 1], "car_823": [3, 2], "car_731": [3, 2], "car_495": [8, 5], "car_140": [1, 2], "car_494": [1, 4], "car_737": [0, 7], "car_735": [13, 5], "car_886": [8, 2], "car_144": [5, 3], "car_887": [11, 5], "car_260": [15, 1], "car_189": [13, 6], "car_188": [9, 4], "car_261": [9, 1], "car_185": [3, 5], "car_184": [8, 0], "car_187": [6, 0], "car_186": [0, 5], "car_181": [4, 3], "car_180": [2, 5], "car_183": [6, 3], "car_182": [5, 3], "car_263": [5, 2], "car_749": [7, 5], "car_748": [3, 7], "car_747": [9, 1], "car_746": [14, 4], "car_745": [14, 2], "car_744": [4, 3], "car_743": [12, 7], "car_742": [6, 5], "car_741": [10, 7], "car_740": [12, 2], "car_899": [4, 3], "car_850": [10, 1], "car_897": [1, 3], "car_896": [11, 2], "car_895": [13, 7], "car_894": [14, 7], "car_893": [10, 0], "car_892": [2, 3], "car_891": [14, 1], "car_890": [0, 5], "car_768": [7, 1], "car_299": [5, 0], "car_113": [2, 5], "car_110": [1, 0], "car_111": [5, 6], "car_116": [11, 3], "car_117": [10, 2], "car_114": [9, 2], "car_115": [4, 5], "car_291": [9, 6], "car_290": [3, 2], "car_118": [14, 2], "car_119": [2, 0], "car_295": [10, 1], "car_294": [15, 0], "car_297": [5, 4], "car_296": [8, 3], "car_54": [5, 7], "car_55": [8, 1], "car_56": [4, 3], "car_57": [0, 4], "car_50": [10, 6], "car_51": [7, 5], "car_52": [8, 5], "car_53": [0, 4], "car_58": [14, 7], "car_59": [1, 5], "car_928": [7, 0], "car_552": [1, 7], "car_553": [1, 4], "car_550": [7, 4], "car_551": [8, 4], "car_556": [9, 3], "car_557": [13, 4], "car_554": [14, 4], "car_555": [2, 5], "car_558": [12, 1], "car_559": [5, 6], "car_808": [13, 4], "car_809": [12, 3], "car_365": [1, 2], "car_364": [13, 4], "car_367": [12, 6], "car_366": [10, 6], "car_361": [12, 7], "car_360": [3, 6], "car_363": [10, 6], "car_362": [4, 2], "car_413": [12, 5], "car_412": [11, 6], "car_411": [12, 4], "car_410": [7, 2], "car_369": [11, 6], "car_368": [0, 7], "car_415": [12, 7], "car_414": [10, 3], "car_167": [5, 2], "car_166": [8, 1], "car_165": [4, 7], "car_164": [14, 5], "car_163": [1, 4], "car_162": [15, 4], "car_161": [14, 2], "car_160": [10, 2], "car_206": [9, 0], "car_207": [15, 7], "car_204": [15, 0], "car_205": [1, 0], "car_202": [12, 3], "car_203": [14, 0], "car_169": [12, 6], "car_168": [14, 2], "car_527": [0, 3], "car_526": [7, 2], "car_525": [3, 7], "car_524": [2, 1], "car_523": [7, 4], "car_522": [2, 7], "car_521": [1, 3], "car_520": [0, 1], "car_529": [12, 6], "car_528": [4, 1], "car_930": [5, 4], "car_931": [13, 2], "car_932": [10, 0], "car_933": [6, 2], "car_934": [12, 1], "car_935": [14, 4], "car_936": [5, 3], "car_937": [15, 6], "car_489": [10, 1], "car_939": [1, 0], "car_6": [12, 7], "car_7": [3, 2], "car_4": [3, 5], "car_5": [8, 4], "car_2": [15, 1], "car_3": [15, 0], "car_0": [10, 5], "car_1": [7, 6], "car_709": [15, 4], "car_708": [4, 2], "car_8": [5, 7], "car_9": [14, 3], "car_668": [14, 5], "car_669": [0, 2], "car_664": [8, 4], "car_665": [5, 6], "car_666": [3, 5], "car_667": [10, 1], "car_660": [9, 0], "car_661": [14, 4], "car_662": [3, 1], "car_663": [9, 7], "car_793": [14, 6], "car_926": [8, 2], "car_798": [13, 4], "car_799": [14, 6], "car_98": [8, 6], "car_99": [13, 6], "car_90": [7, 5], "car_91": [11, 3], "car_92": [1, 7], "car_93": [13, 0], "car_94": [1, 3], "car_95": [15, 3], "car_96": [5, 6], "car_97": [3, 6], "car_596": [8, 6], "car_578": [0, 6], "car_594": [2, 4], "car_595": [9, 3], "car_592": [15, 7], "car_593": [1, 7], "car_590": [6, 0], "car_579": [1, 2], "car_598": [2, 7], "car_599": [3, 0], "car_848": [0, 5], "car_790": [7, 0], "car_791": [11, 4], "car_840": [2, 7], "car_841": [13, 7], "car_842": [3, 2], "car_843": [4, 0], "car_844": [15, 6], "car_792": [5, 2], "car_846": [3, 4], "car_847": [4, 2], "car_242": [10, 1], "car_243": [7, 3], "car_240": [6, 3], "car_241": [4, 3], "car_246": [14, 1], "car_247": [11, 5], "car_244": [2, 3], "car_245": [13, 0], "car_794": [2, 0], "car_248": [15, 2], "car_249": [11, 7], "car_795": [13, 5], "car_570": [5, 1], "car_129": [8, 5], "car_128": [13, 7], "car_796": [3, 2], "car_571": [0, 4], "car_123": [14, 2], "car_122": [10, 7], "car_121": [0, 2], "car_120": [7, 5], "car_127": [2, 6], "car_126": [14, 4], "car_125": [3, 1], "car_124": [6, 2], "car_797": [0, 1], "car_908": [3, 5], "car_597": [10, 7], "car_444": [5, 1], "car_445": [8, 6], "car_446": [11, 7], "car_447": [15, 5], "car_440": [9, 7], "car_441": [7, 4], "car_442": [1, 0], "car_443": [11, 0], "car_563": [3, 5], "car_562": [13, 0], "car_561": [9, 7], "car_560": [2, 6], "car_448": [6, 2], "car_349": [4, 6], "car_565": [9, 6], "car_564": [12, 1], "car_237": [0, 5], "car_236": [1, 6], "car_235": [12, 6], "car_234": [1, 3], "car_233": [7, 5], "car_232": [3, 6], "car_338": [3, 0], "car_339": [14, 5], "car_336": [2, 6], "car_337": [0, 6], "car_334": [12, 6], "car_335": [14, 1], "car_332": [13, 3], "car_333": [4, 0], "car_330": [12, 7], "car_238": [15, 4], "car_408": [7, 1], "car_409": [14, 5], "car_916": [5, 1], "car_620": [14, 7], "car_621": [11, 3], "car_622": [1, 5], "car_623": [5, 0], "car_624": [6, 0], "car_625": [7, 4], "car_626": [12, 3], "car_627": [4, 1], "car_628": [14, 1], "car_629": [14, 4], "car_849": [1, 2], "car_347": [14, 7], "car_346": [13, 4], "car_630": [0, 4], "car_729": [6, 2], "car_402": [5, 6], "car_728": [8, 6], "car_403": [2, 1], "car_198": [7, 6], "car_199": [12, 2], "car_192": [13, 2], "car_193": [6, 4], "car_190": [15, 1], "car_191": [10, 7], "car_196": [3, 5], "car_197": [1, 0], "car_194": [6, 7], "car_195": [10, 4], "car_695": [6, 3], "car_694": [2, 4], "car_697": [4, 6], "car_696": [8, 7], "car_691": [14, 6], "car_690": [10, 1], "car_693": [5, 1], "car_692": [0, 4], "car_754": [6, 4], "car_755": [2, 5], "car_756": [13, 1], "car_757": [13, 2], "car_699": [1, 2], "car_279": [11, 7], "car_752": [8, 6], "car_753": [0, 2], "car_278": [1, 7], "car_723": [6, 4], "car_722": [0, 2], "car_36": [4, 3], "car_37": [11, 4], "car_34": [10, 7], "car_35": [11, 3], "car_32": [6, 4], "car_33": [3, 2], "car_30": [9, 1], "car_31": [5, 0], "car_884": [5, 4], "car_885": [9, 2], "car_499": [5, 4], "car_498": [2, 7], "car_880": [10, 2], "car_881": [6, 0], "car_38": [1, 3], "car_39": [10, 3], "car_286": [4, 0], "car_287": [1, 7], "car_284": [13, 0], "car_285": [0, 2], "car_282": [9, 3], "car_283": [7, 5], "car_280": [6, 5], "car_281": [1, 7], "car_288": [6, 5], "car_289": [13, 4], "car_178": [4, 5], "car_179": [11, 6], "car_43": [4, 3], "car_42": [3, 4], "car_41": [2, 1], "car_40": [14, 2], "car_47": [15, 6], "car_46": [0, 1], "car_45": [7, 3], "car_44": [13, 2], "car_49": [5, 0], "car_48": [15, 5], "car_821": [14, 5], "car_566": [10, 2], "car_831": [1, 3], "car_830": [0, 5], "car_833": [4, 3], "car_832": [0, 3], "car_835": [0, 6], "car_834": [11, 4], "car_837": [13, 7], "car_836": [2, 7], "car_839": [11, 7], "car_838": [12, 1], "car_372": [3, 0], "car_373": [7, 4], "car_370": [5, 4], "car_371": [9, 5], "car_376": [5, 4], "car_377": [7, 5], "car_374": [6, 5], "car_375": [13, 7], "car_400": [0, 6], "car_401": [4, 7], "car_378": [8, 6], "car_379": [1, 6], "car_404": [12, 0], "car_405": [10, 3], "car_406": [14, 5], "car_407": [9, 6], "car_174": [2, 6], "car_175": [4, 6], "car_176": [8, 7], "car_177": [11, 2], "car_170": [0, 6], "car_171": [15, 6], "car_172": [1, 2], "car_173": [10, 7], "car_273": [15, 0], "car_272": [0, 4], "car_271": [3, 6], "car_270": [5, 6], "car_277": [15, 3], "car_276": [0, 1], "car_275": [3, 7], "car_274": [6, 4], "car_112": [2, 0], "car_845": [14, 0], "car_298": [7, 2], "car_534": [8, 4], "car_535": [10, 1], "car_536": [10, 5], "car_537": [8, 5], "car_530": [14, 1], "car_531": [6, 5], "car_532": [9, 3], "car_358": [14, 5], "car_538": [0, 6], "car_539": [3, 6], "car_307": [15, 2], "car_306": [11, 7], "car_305": [0, 5], "car_304": [15, 2], "car_303": [12, 3], "car_302": [5, 3], "car_301": [8, 5], "car_300": [7, 4], "car_804": [0, 2], "car_898": [6, 3], "car_293": [15, 7], "car_309": [11, 7], "car_308": [2, 5], "car_292": [13, 7], "car_909": [7, 5], "car_359": [2, 4], "car_905": [10, 2], "car_904": [9, 1], "car_907": [2, 3], "car_906": [1, 0], "car_901": [11, 4], "car_900": [13, 5], "car_903": [2, 7], "car_902": [6, 5], "car_710": [6, 2], "car_711": [3, 4], "car_712": [6, 0], "car_713": [9, 7], "car_714": [0, 4], "car_715": [1, 4], "car_716": [11, 4], "car_717": [15, 1], "car_718": [10, 0], "car_719": [9, 1], "car_659": [5, 3], "car_658": [1, 0], "car_651": [7, 3], "car_650": [1, 5], "car_653": [15, 6], "car_652": [11, 4], "car_655": [12, 1], "car_654": [14, 4], "car_657": [3, 2], "car_656": [10, 0], "car_806": [9, 6], "car_78": [5, 2], "car_79": [11, 4], "car_72": [9, 5], "car_73": [3, 4], "car_70": [10, 3], "car_71": [2, 3], "car_76": [2, 4], "car_77": [7, 2], "car_74": [0, 3], "car_75": [10, 7], "car_807": [13, 7], "car_87": [8, 0], "car_86": [6, 0], "car_85": [15, 5], "car_84": [0, 6], "car_83": [8, 1], "car_82": [11, 4], "car_81": [14, 5], "car_80": [5, 3], "car_533": [3, 0], "car_89": [6, 3], "car_88": [11, 7], "car_800": [9, 7], "car_875": [3, 6], "car_874": [6, 5], "car_877": [7, 2], "car_689": [5, 3], "car_871": [13, 7], "car_870": [9, 4], "car_873": [0, 3], "car_872": [3, 2], "car_879": [11, 2], "car_878": [12, 1], "car_801": [0, 7], "car_784": [11, 7], "car_138": [10, 4], "car_139": [14, 7], "car_788": [3, 2], "car_130": [5, 3], "car_131": [10, 6], "car_132": [8, 0], "car_133": [12, 7], "car_134": [3, 0], "car_135": [8, 4], "car_136": [12, 3], "car_137": [4, 0], "car_569": [1, 5], "car_568": [15, 7], "car_782": [8, 1], "car_471": [3, 5], "car_470": [2, 4], "car_473": [3, 2], "car_472": [7, 4], "car_475": [0, 4], "car_474": [2, 6], "car_477": [10, 1], "car_476": [15, 3], "car_479": [2, 5], "car_478": [12, 2], "car_572": [1, 6], "car_573": [6, 3], "car_574": [2, 0], "car_575": [1, 6], "car_576": [13, 0], "car_577": [10, 0], "car_224": [8, 3], "car_225": [15, 4], "car_226": [6, 2], "car_227": [13, 4], "car_220": [13, 4], "car_221": [1, 2], "car_222": [11, 6], "car_223": [12, 0], "car_343": [4, 5], "car_342": [3, 0], "car_341": [5, 1], "car_340": [3, 1], "car_228": [15, 4], "car_229": [2, 5], "car_345": [6, 3], "car_344": [12, 2], "car_802": [5, 6], "car_567": [15, 4], "car_803": [13, 5], "car_739": [12, 2], "car_449": [8, 5], "car_619": [1, 6], "car_618": [7, 0], "car_615": [9, 5], "car_614": [2, 7], "car_617": [3, 0], "car_616": [0, 7], "car_611": [1, 0], "car_610": [15, 2], "car_613": [9, 7], "car_612": [12, 3], "car_591": [13, 7], "car_769": [0, 6], "car_231": [3, 0], "car_683": [1, 4], "car_230": [14, 7], "car_419": [5, 3], "car_418": [7, 5], "car_682": [2, 1], "car_589": [8, 3], "car_680": [10, 7], "car_681": [12, 0], "car_686": [3, 4], "car_687": [7, 4], "car_684": [3, 6], "car_588": [10, 0], "car_761": [11, 7], "car_760": [12, 7], "car_688": [11, 3], "car_685": [4, 1], "car_765": [3, 1], "car_764": [13, 4], "car_767": [6, 7], "car_766": [7, 5], "car_858": [7, 4], "car_239": [2, 1], "car_331": [1, 5], "car_763": [2, 7], "car_25": [8, 5], "car_24": [3, 7], "car_27": [9, 7], "car_26": [6, 0], "car_21": [15, 4], "car_20": [0, 7], "car_23": [9, 6], "car_22": [8, 3], "car_488": [5, 4], "car_417": [12, 0], "car_29": [15, 0], "car_28": [11, 5], "car_416": [11, 5], "car_853": [12, 0], "car_852": [3, 5], "car_583": [8, 4], "car_582": [5, 6], "car_857": [13, 4], "car_856": [14, 0], "car_855": [1, 3], "car_854": [4, 1], "car_733": [3, 6], "car_208": [10, 1], "car_209": [11, 7], "car_435": [10, 0], "car_434": [1, 6], "car_437": [1, 3], "car_436": [2, 4], "car_431": [14, 1], "car_430": [8, 6], "car_433": [11, 4], "car_432": [1, 0], "car_826": [14, 5], "car_398": [3, 4], "car_824": [6, 3], "car_825": [3, 7], "car_439": [11, 5], "car_438": [11, 6], "car_820": [10, 0], "car_399": [8, 3], "car_389": [13, 4], "car_388": [2, 5], "car_387": [14, 7], "car_386": [7, 6], "car_385": [1, 6], "car_384": [2, 0], "car_383": [1, 7], "car_382": [13, 5], "car_381": [11, 5], "car_380": [5, 6], "car_141": [4, 3], "car_269": [0, 1], "car_143": [14, 7], "car_142": [7, 4], "car_145": [10, 2], "car_200": [0, 3], "car_147": [5, 0], "car_146": [4, 2], "car_149": [4, 3], "car_148": [13, 7], "car_262": [8, 6], "car_201": [3, 4], "car_264": [14, 3], "car_265": [4, 0], "car_266": [13, 0], "car_267": [4, 6], "car_480": [4, 6], "car_481": [13, 4], "car_390": [1, 3], "car_482": [7, 1], "car_391": [6, 2], "car_483": [0, 6], "car_484": [11, 6], "car_485": [3, 4], "car_501": [5, 3], "car_500": [2, 6], "car_503": [0, 3], "car_502": [8, 2], "car_505": [11, 1], "car_486": [0, 4], "car_507": [15, 4], "car_506": [4, 5], "car_509": [6, 5], "car_508": [14, 1], "car_487": [11, 7], "car_851": [9, 0], "car_314": [13, 0], "car_315": [15, 1], "car_316": [10, 2], "car_317": [4, 0], "car_310": [5, 2], "car_311": [10, 7], "car_312": [14, 6], "car_313": [6, 1], "car_318": [11, 4], "car_319": [3, 5], "car_918": [0, 2], "car_919": [4, 7], "car_912": [6, 2], "car_913": [5, 0], "car_910": [15, 3], "car_911": [14, 4], "car_876": [0, 2], "car_917": [12, 2], "car_914": [10, 3], "car_915": [14, 7], "car_646": [5, 1], "car_647": [7, 2], "car_644": [0, 3], "car_645": [3, 5], "car_642": [0, 2], "car_643": [9, 3], "car_640": [3, 1], "car_641": [8, 0], "car_725": [4, 1], "car_724": [13, 7], "car_727": [6, 5], "car_726": [5, 7], "car_721": [14, 5], "car_720": [12, 5], "car_648": [4, 3], "car_649": [15, 7], "car_941": [15, 2], "car_69": [15, 0], "car_68": [8, 3], "car_61": [15, 4], "car_60": [2, 7], "car_63": [10, 0], "car_62": [9, 7], "car_65": [5, 3], "car_64": [11, 3], "car_67": [7, 5], "car_66": [7, 2], "car_940": [1, 4], "car_504": [9, 5], "car_738": [6, 3], "car_751": [15, 1], "car_348": [9, 7], "car_859": [3, 6], "car_862": [6, 2], "car_863": [9, 6], "car_860": [8, 6], "car_861": [2, 5], "car_866": [7, 5], "car_867": [15, 6], "car_864": [2, 3], "car_865": [13, 7], "car_868": [10, 7], "car_869": [6, 0], "car_105": [8, 1], "car_104": [2, 4], "car_107": [0, 3], "car_106": [12, 2], "car_101": [14, 5], "car_100": [3, 0], "car_103": [11, 0], "car_102": [4, 1], "car_109": [11, 1], "car_108": [3, 5], "car_945": [10, 2], "car_762": [5, 6]}