{"car_3253": [7, 3], "car_3750": [8, 4], "car_2009": [0, 1], "car_3196": [7, 3], "car_3197": [1, 3], "car_3194": [13, 5], "car_3195": [3, 6], "car_3192": [5, 7], "car_3193": [10, 2], "car_3190": [0, 4], "car_3191": [4, 6], "car_3668": [1, 4], "car_3669": [5, 1], "car_3198": [5, 0], "car_3199": [10, 0], "car_2229": [11, 7], "car_2228": [7, 2], "car_468": [3, 7], "car_469": [7, 5], "car_466": [9, 4], "car_467": [13, 4], "car_464": [5, 0], "car_465": [6, 7], "car_462": [15, 7], "car_463": [1, 7], "car_460": [0, 7], "car_461": [4, 5], "car_4456": [11, 6], "car_4012": [6, 2], "car_4658": [10, 0], "car_2455": [2, 7], "car_4457": [10, 6], "car_3068": [13, 4], "car_3069": [7, 6], "car_2751": [8, 6], "car_3768": [12, 3], "car_3062": [8, 7], "car_3063": [15, 0], "car_3060": [3, 2], "car_3061": [7, 1], "car_3066": [6, 2], "car_3067": [9, 2], "car_3064": [1, 0], "car_3065": [14, 1], "car_3268": [1, 3], "car_817": [5, 6], "car_816": [11, 2], "car_3260": [14, 3], "car_3261": [2, 7], "car_3262": [13, 4], "car_3263": [7, 0], "car_3264": [12, 3], "car_815": [12, 2], "car_3266": [11, 6], "car_3267": [15, 4], "car_2750": [13, 4], "car_814": [8, 3], "car_813": [3, 2], "car_812": [9, 0], "car_2072": [15, 2], "car_811": [6, 2], "car_2073": [5, 2], "car_4455": [12, 4], "car_810": [14, 3], "car_3743": [5, 2], "car_3214": [4, 1], "car_3741": [4, 5], "car_3740": [0, 6], "car_679": [3, 4], "car_678": [13, 5], "car_677": [9, 6], "car_676": [6, 1], "car_675": [2, 4], "car_674": [14, 2], "car_673": [10, 7], "car_672": [5, 2], "car_671": [1, 6], "car_670": [15, 2], "car_2771": [13, 3], "car_4654": [12, 4], "car_3213": [0, 2], "car_2770": [6, 5], "car_3212": [12, 6], "car_2078": [0, 5], "car_2079": [4, 5], "car_3464": [14, 0], "car_4013": [3, 0], "car_4026": [12, 6], "car_4655": [15, 3], "car_4706": [14, 6], "car_4842": [2, 6], "car_2456": [6, 0], "car_2341": [15, 7], "car_2670": [12, 3], "car_3465": [2, 0], "car_3818": [4, 3], "car_2671": [0, 1], "car_4429": [7, 3], "car_2754": [4, 1], "car_2672": [4, 0], "car_4702": [13, 7], "car_4656": [1, 4], "car_2223": [2, 3], "car_789": [2, 3], "car_788": [14, 6], "car_3338": [4, 0], "car_2222": [14, 5], "car_783": [12, 4], "car_782": [8, 7], "car_781": [7, 5], "car_780": [10, 5], "car_787": [10, 1], "car_786": [5, 7], "car_785": [11, 7], "car_784": [4, 5], "car_3462": [5, 6], "car_2220": [15, 6], "car_4817": [2, 0], "car_0": [4, 7], "car_2227": [3, 5], "car_1179": [11, 3], "car_2375": [15, 2], "car_2226": [13, 2], "car_4430": [4, 0], "car_4793": [4, 5], "car_3339": [10, 4], "car_2225": [9, 7], "car_4431": [5, 7], "car_2224": [6, 3], "car_4432": [10, 7], "car_3463": [10, 2], "car_255": [0, 2], "car_254": [13, 0], "car_257": [5, 2], "car_256": [1, 6], "car_251": [10, 5], "car_250": [15, 7], "car_253": [6, 4], "car_252": [14, 2], "car_1961": [8, 6], "car_1960": [7, 2], "car_1963": [0, 5], "car_1962": [12, 3], "car_259": [14, 7], "car_258": [10, 4], "car_1967": [2, 5], "car_1966": [5, 1], "car_4135": [9, 2], "car_4085": [14, 3], "car_4137": [7, 3], "car_4136": [3, 2], "car_4131": [5, 7], "car_1170": [12, 1], "car_4133": [14, 0], "car_4132": [10, 5], "car_1171": [10, 4], "car_4139": [11, 6], "car_4138": [12, 4], "car_1565": [5, 6], "car_1564": [1, 2], "car_1567": [3, 1], "car_1566": [2, 7], "car_1561": [0, 4], "car_1560": [7, 6], "car_1563": [11, 7], "car_1562": [4, 1], "car_4243": [6, 7], "car_4242": [14, 5], "car_4241": [10, 7], "car_4240": [15, 5], "car_1569": [11, 6], "car_1568": [8, 4], "car_1413": [7, 1], "car_4080": [3, 0], "car_1363": [1, 2], "car_1362": [15, 3], "car_1361": [4, 6], "car_1360": [12, 7], "car_1367": [6, 1], "car_1366": [2, 7], "car_1365": [14, 6], "car_1364": [5, 3], "car_1369": [7, 1], "car_1368": [9, 5], "car_4399": [11, 5], "car_4398": [4, 3], "car_2758": [2, 7], "car_2376": [1, 5], "car_4391": [10, 4], "car_4390": [1, 5], "car_4393": [13, 3], "car_4392": [14, 5], "car_4395": [8, 7], "car_4394": [3, 0], "car_4397": [0, 2], "car_4396": [12, 2], "car_321": [2, 7], "car_320": [10, 6], "car_323": [0, 3], "car_322": [7, 1], "car_325": [11, 0], "car_324": [4, 6], "car_327": [2, 6], "car_326": [10, 7], "car_329": [13, 1], "car_328": [6, 7], "car_4623": [11, 1], "car_4622": [0, 3], "car_4625": [5, 0], "car_4624": [15, 5], "car_4627": [9, 4], "car_4626": [14, 0], "car_2722": [3, 2], "car_2723": [7, 3], "car_2720": [6, 7], "car_2721": [13, 2], "car_2726": [5, 7], "car_2727": [9, 4], "car_2724": [8, 1], "car_2725": [1, 2], "car_2728": [8, 1], "car_2729": [5, 3], "car_1107": [3, 2], "car_1106": [13, 2], "car_1105": [6, 0], "car_1104": [15, 0], "car_1103": [0, 6], "car_1102": [12, 5], "car_1101": [8, 6], "car_1100": [7, 2], "car_4409": [14, 3], "car_4408": [10, 6], "car_1109": [8, 6], "car_1108": [7, 5], "car_1297": [14, 3], "car_1296": [10, 6], "car_1295": [15, 7], "car_1294": [4, 7], "car_1293": [0, 3], "car_1292": [12, 3], "car_1291": [7, 0], "car_1290": [13, 1], "car_1299": [6, 0], "car_1298": [2, 1], "car_2928": [15, 6], "car_2929": [1, 3], "car_2924": [2, 1], "car_2925": [7, 2], "car_2926": [4, 2], "car_2927": [11, 3], "car_2920": [11, 3], "car_2921": [15, 4], "car_2922": [1, 5], "car_2923": [5, 4], "car_2586": [11, 0], "car_2587": [15, 6], "car_2584": [0, 6], "car_2585": [4, 0], "car_2582": [3, 1], "car_2583": [12, 6], "car_2580": [2, 6], "car_2581": [9, 0], "car_3527": [7, 3], "car_3526": [13, 2], "car_3525": [2, 1], "car_3524": [14, 1], "car_2858": [0, 2], "car_2859": [4, 7], "car_2588": [1, 2], "car_2589": [5, 0], "car_2036": [1, 6], "car_2037": [5, 4], "car_1039": [4, 3], "car_1038": [12, 3], "car_1749": [4, 1], "car_1748": [12, 1], "car_2030": [13, 0], "car_2031": [3, 7], "car_1033": [14, 7], "car_1032": [5, 7], "car_1031": [11, 0], "car_1030": [4, 0], "car_1037": [7, 3], "car_1036": [3, 6], "car_1035": [6, 5], "car_1034": [2, 5], "car_4557": [7, 2], "car_1589": [15, 6], "car_1588": [11, 5], "car_1583": [6, 2], "car_1582": [10, 0], "car_1581": [5, 3], "car_1580": [15, 0], "car_1587": [4, 1], "car_1586": [12, 3], "car_1585": [7, 1], "car_1584": [3, 1], "car_1852": [2, 1], "car_1906": [5, 7], "car_4556": [13, 6], "car_3295": [13, 2], "car_3294": [6, 4], "car_3297": [12, 1], "car_3296": [3, 6], "car_3291": [0, 3], "car_3290": [8, 4], "car_899": [6, 1], "car_898": [2, 3], "car_897": [14, 2], "car_896": [10, 3], "car_895": [5, 2], "car_894": [1, 0], "car_893": [0, 6], "car_892": [9, 0], "car_891": [6, 1], "car_890": [14, 0], "car_2458": [12, 0], "car_2459": [5, 1], "car_2108": [4, 3], "car_2109": [15, 5], "car_3457": [13, 7], "car_3456": [9, 1], "car_3455": [6, 7], "car_3454": [2, 0], "car_2102": [6, 3], "car_2103": [3, 5], "car_2100": [10, 3], "car_2101": [2, 1], "car_2106": [12, 7], "car_2107": [0, 4], "car_2104": [7, 2], "car_2105": [8, 3], "car_1631": [6, 1], "car_1630": [15, 3], "car_1633": [0, 6], "car_1632": [12, 0], "car_1635": [15, 7], "car_1634": [4, 2], "car_1637": [9, 3], "car_1636": [1, 3], "car_1639": [12, 5], "car_1638": [7, 6], "car_3418": [9, 6], "car_1751": [1, 6], "car_2803": [0, 4], "car_3859": [10, 3], "car_2802": [12, 2], "car_3857": [11, 7], "car_3856": [12, 6], "car_3855": [6, 3], "car_3854": [2, 1], "car_3853": [10, 3], "car_2801": [8, 3], "car_3851": [1, 6], "car_3850": [15, 3], "car_3189": [12, 1], "car_3188": [7, 0], "car_2800": [14, 7], "car_3269": [5, 4], "car_3181": [11, 4], "car_2807": [14, 0], "car_1756": [3, 1], "car_3182": [1, 6], "car_3185": [6, 3], "car_3184": [2, 0], "car_3187": [3, 0], "car_2806": [10, 7], "car_3677": [4, 7], "car_3676": [0, 3], "car_3675": [12, 1], "car_3674": [7, 1], "car_3673": [3, 4], "car_2805": [1, 2], "car_3306": [7, 2], "car_2816": [5, 7], "car_2804": [11, 5], "car_3380": [3, 5], "car_4018": [4, 6], "car_3679": [5, 6], "car_3104": [1, 7], "car_2414": [11, 7], "car_419": [14, 3], "car_418": [10, 2], "car_2218": [0, 1], "car_2219": [11, 4], "car_413": [1, 4], "car_412": [15, 5], "car_411": [11, 0], "car_410": [4, 2], "car_417": [8, 6], "car_416": [13, 2], "car_415": [2, 5], "car_414": [14, 1], "car_2417": [6, 0], "car_4552": [5, 4], "car_1679": [8, 6], "car_3546": [6, 1], "car_4086": [6, 0], "car_1678": [7, 4], "car_4261": [3, 0], "car_2412": [7, 3], "car_4104": [14, 1], "car_4260": [9, 3], "car_2947": [5, 2], "car_2413": [12, 6], "car_3265": [4, 0], "car_4519": [3, 2], "car_3079": [3, 0], "car_3078": [6, 2], "car_3729": [7, 6], "car_3075": [5, 1], "car_3074": [1, 2], "car_3077": [2, 7], "car_3076": [10, 0], "car_3071": [4, 7], "car_3070": [0, 2], "car_3073": [15, 4], "car_3072": [11, 1], "car_527": [10, 5], "car_526": [1, 2], "car_525": [15, 0], "car_524": [4, 6], "car_523": [7, 1], "car_522": [3, 1], "car_521": [13, 5], "car_520": [9, 4], "car_3273": [7, 0], "car_1671": [3, 0], "car_3271": [6, 2], "car_1889": [4, 2], "car_3277": [5, 3], "car_3276": [6, 3], "car_529": [2, 0], "car_528": [14, 6], "car_4269": [14, 2], "car_4550": [4, 1], "car_4268": [10, 3], "car_4851": [3, 7], "car_4103": [10, 6], "car_1884": [6, 4], "car_1885": [13, 0], "car_4836": [4, 1], "car_2368": [1, 7], "car_2786": [5, 7], "car_4573": [2, 0], "car_2787": [10, 0], "car_668": [4, 7], "car_669": [11, 4], "car_664": [3, 7], "car_665": [7, 3], "car_666": [8, 2], "car_667": [12, 7], "car_660": [1, 5], "car_661": [5, 0], "car_662": [2, 6], "car_663": [6, 1], "car_4732": [1, 4], "car_4200": [3, 5], "car_2759": [9, 2], "car_1854": [13, 3], "car_2788": [2, 4], "car_3308": [11, 0], "car_2789": [9, 1], "car_3824": [9, 5], "car_4707": [2, 6], "car_4034": [9, 5], "car_2940": [6, 4], "car_3952": [5, 2], "car_3953": [6, 1], "car_798": [2, 7], "car_799": [9, 4], "car_4466": [10, 4], "car_790": [6, 5], "car_791": [13, 3], "car_792": [8, 5], "car_793": [12, 6], "car_794": [0, 3], "car_795": [11, 3], "car_796": [5, 4], "car_797": [10, 7], "car_4098": [4, 6], "car_4099": [11, 3], "car_4092": [11, 7], "car_4093": [2, 5], "car_4090": [8, 5], "car_4091": [0, 2], "car_4096": [5, 4], "car_4097": [13, 0], "car_4094": [6, 0], "car_4095": [11, 4], "car_4620": [6, 3], "car_3822": [11, 1], "car_3958": [12, 5], "car_242": [3, 0], "car_243": [10, 6], "car_240": [5, 0], "car_241": [10, 7], "car_246": [7, 1], "car_247": [8, 1], "car_244": [13, 5], "car_245": [3, 2], "car_1914": [9, 6], "car_1915": [13, 0], "car_248": [12, 2], "car_249": [11, 3], "car_1910": [0, 6], "car_1911": [11, 2], "car_1912": [14, 2], "car_1913": [6, 2], "car_4464": [15, 0], "car_3823": [15, 6], "car_4559": [12, 7], "car_4178": [12, 2], "car_4278": [11, 0], "car_4279": [5, 0], "car_4276": [12, 6], "car_4277": [4, 2], "car_4274": [2, 5], "car_4275": [6, 0], "car_4272": [13, 4], "car_3738": [8, 4], "car_4270": [2, 1], "car_4271": [9, 2], "car_1356": [2, 0], "car_1357": [6, 4], "car_1354": [4, 7], "car_1355": [14, 1], "car_1352": [9, 3], "car_1353": [0, 7], "car_1350": [10, 3], "car_1351": [6, 3], "car_1358": [3, 5], "car_1359": [7, 6], "car_4558": [8, 5], "car_4462": [0, 2], "car_1831": [2, 5], "car_1820": [8, 2], "car_1821": [4, 5], "car_1822": [15, 3], "car_1823": [2, 7], "car_1824": [6, 7], "car_1825": [9, 3], "car_338": [7, 5], "car_339": [12, 2], "car_336": [6, 3], "car_337": [9, 2], "car_334": [14, 2], "car_335": [2, 4], "car_332": [4, 2], "car_333": [5, 0], "car_330": [8, 6], "car_331": [12, 7], "car_2735": [0, 5], "car_2734": [7, 2], "car_1138": [13, 1], "car_1139": [7, 1], "car_2731": [14, 2], "car_2730": [10, 1], "car_2733": [3, 1], "car_2732": [6, 4], "car_1132": [0, 1], "car_1133": [15, 2], "car_1130": [13, 2], "car_1131": [3, 2], "car_1136": [6, 5], "car_1137": [9, 5], "car_1134": [5, 2], "car_1135": [14, 4], "car_4474": [1, 6], "car_4475": [10, 6], "car_4476": [14, 7], "car_4032": [14, 1], "car_4470": [13, 2], "car_3734": [10, 2], "car_4472": [4, 6], "car_4473": [11, 6], "car_3735": [14, 1], "car_4478": [7, 4], "car_1839": [10, 7], "car_2393": [6, 4], "car_1838": [5, 7], "car_2392": [5, 1], "car_4460": [7, 4], "car_4643": [1, 2], "car_3301": [5, 0], "car_4642": [15, 6], "car_3300": [15, 1], "car_4641": [11, 0], "car_2939": [2, 0], "car_2938": [14, 2], "car_2937": [5, 0], "car_2936": [1, 3], "car_2935": [15, 1], "car_2934": [11, 2], "car_2933": [9, 7], "car_2932": [6, 3], "car_2931": [14, 1], "car_2930": [5, 1], "car_2029": [14, 1], "car_2028": [10, 7], "car_2845": [14, 0], "car_2844": [10, 1], "car_2843": [1, 5], "car_2842": [15, 1], "car_2841": [12, 2], "car_2840": [6, 1], "car_2021": [7, 6], "car_2020": [9, 2], "car_2023": [12, 4], "car_2022": [8, 7], "car_2025": [4, 7], "car_2024": [0, 3], "car_2027": [1, 5], "car_2026": [15, 5], "car_2948": [2, 0], "car_2520": [11, 2], "car_4583": [2, 4], "car_1008": [12, 6], "car_1009": [0, 6], "car_1006": [7, 0], "car_1007": [8, 6], "car_1004": [6, 7], "car_1005": [13, 6], "car_1002": [1, 7], "car_1003": [10, 1], "car_1000": [0, 3], "car_1001": [15, 4], "car_3459": [0, 2], "car_2398": [1, 3], "car_2629": [10, 6], "car_2524": [2, 5], "car_2628": [5, 1], "car_3310": [5, 2], "car_2525": [9, 6], "car_2995": [15, 5], "car_2674": [15, 7], "car_1924": [8, 2], "car_2994": [0, 7], "car_2527": [3, 7], "car_2997": [14, 1], "car_36": [4, 2], "car_37": [15, 5], "car_34": [7, 0], "car_35": [8, 3], "car_888": [11, 1], "car_889": [10, 2], "car_30": [1, 4], "car_31": [5, 6], "car_884": [13, 4], "car_885": [3, 5], "car_886": [12, 3], "car_887": [4, 3], "car_880": [1, 4], "car_881": [5, 1], "car_882": [10, 0], "car_883": [6, 3], "car_3466": [13, 0], "car_3467": [3, 5], "car_2449": [7, 1], "car_2448": [3, 2], "car_2119": [10, 3], "car_2118": [1, 3], "car_3460": [4, 7], "car_3461": [1, 0], "car_2115": [0, 4], "car_2114": [8, 1], "car_2117": [15, 1], "car_2116": [11, 7], "car_2111": [14, 7], "car_2110": [1, 0], "car_2113": [13, 5], "car_2112": [6, 3], "car_1644": [6, 1], "car_1645": [7, 5], "car_1646": [8, 2], "car_1647": [12, 4], "car_1640": [0, 7], "car_1641": [4, 5], "car_1642": [10, 5], "car_1643": [2, 0], "car_3312": [9, 5], "car_1648": [4, 3], "car_1649": [11, 6], "car_3915": [6, 3], "car_2599": [14, 0], "car_2159": [0, 5], "car_3860": [14, 1], "car_3861": [6, 4], "car_3866": [14, 0], "car_3867": [2, 7], "car_3864": [4, 7], "car_2158": [8, 7], "car_2591": [3, 2], "car_2590": [2, 4], "car_2593": [8, 6], "car_2592": [7, 4], "car_2595": [0, 6], "car_2594": [12, 1], "car_2597": [1, 2], "car_2596": [15, 6], "car_3648": [3, 6], "car_3649": [8, 6], "car_4748": [4, 6], "car_3560": [8, 7], "car_3313": [13, 1], "car_3643": [5, 6], "car_3640": [12, 5], "car_3641": [11, 7], "car_3646": [9, 1], "car_3647": [13, 1], "car_2677": [8, 2], "car_2608": [4, 0], "car_3888": [7, 2], "car_3703": [7, 5], "car_3880": [12, 0], "car_3881": [0, 7], "car_3882": [15, 5], "car_3883": [1, 2], "car_3884": [10, 3], "car_3885": [2, 7], "car_3886": [6, 4], "car_3887": [3, 2], "car_408": [8, 1], "car_409": [12, 7], "car_2203": [15, 2], "car_2202": [11, 2], "car_2205": [14, 7], "car_2204": [1, 5], "car_2207": [13, 3], "car_2206": [2, 6], "car_400": [4, 5], "car_401": [5, 3], "car_402": [14, 0], "car_403": [2, 1], "car_404": [6, 0], "car_405": [9, 7], "car_406": [13, 4], "car_407": [3, 4], "car_4469": [6, 1], "car_3787": [13, 3], "car_4048": [1, 7], "car_4528": [3, 5], "car_4733": [5, 6], "car_1769": [4, 6], "car_4384": [2, 3], "car_3080": [8, 3], "car_3081": [1, 6], "car_3082": [5, 7], "car_3083": [14, 6], "car_3084": [2, 5], "car_3085": [9, 2], "car_3086": [3, 0], "car_3087": [7, 2], "car_3088": [12, 3], "car_3089": [5, 3], "car_2973": [14, 0], "car_534": [12, 5], "car_535": [11, 0], "car_536": [15, 7], "car_537": [1, 5], "car_530": [6, 0], "car_531": [3, 4], "car_532": [7, 1], "car_533": [8, 0], "car_3246": [12, 7], "car_3247": [0, 7], "car_3244": [7, 6], "car_3245": [8, 5], "car_538": [5, 4], "car_539": [14, 6], "car_3240": [15, 2], "car_3241": [5, 6], "car_2972": [10, 2], "car_3317": [4, 6], "car_4452": [9, 6], "car_2310": [2, 6], "car_4810": [2, 3], "car_4729": [12, 0], "car_4779": [0, 7], "car_659": [11, 2], "car_658": [4, 3], "car_651": [11, 4], "car_650": [4, 1], "car_653": [10, 5], "car_652": [1, 4], "car_655": [6, 5], "car_654": [14, 6], "car_657": [8, 7], "car_656": [9, 1], "car_2970": [11, 7], "car_2907": [9, 4], "car_4246": [0, 2], "car_3813": [2, 7], "car_4596": [2, 7], "car_2977": [0, 7], "car_2909": [8, 5], "car_3812": [10, 6], "car_3946": [13, 3], "car_2976": [8, 4], "car_4105": [2, 4], "car_2434": [10, 3], "car_1929": [14, 1], "car_4518": [2, 6], "car_2195": [14, 3], "car_3971": [2, 5], "car_4089": [7, 4], "car_4088": [3, 4], "car_2194": [10, 6], "car_3811": [15, 2], "car_4084": [5, 3], "car_4087": [9, 7], "car_1764": [2, 4], "car_4081": [0, 1], "car_2197": [6, 4], "car_4083": [11, 4], "car_4082": [4, 5], "car_2196": [2, 5], "car_2191": [4, 6], "car_1928": [1, 4], "car_2190": [0, 6], "car_3922": [12, 2], "car_2193": [1, 4], "car_1909": [8, 7], "car_1908": [9, 1], "car_1907": [10, 5], "car_1763": [14, 0], "car_1905": [1, 2], "car_1904": [15, 6], "car_1903": [11, 3], "car_1902": [7, 6], "car_1901": [9, 4], "car_1900": [6, 2], "car_3805": [3, 2], "car_3918": [4, 7], "car_3865": [11, 4], "car_1349": [1, 6], "car_1348": [0, 3], "car_4263": [12, 2], "car_4262": [7, 3], "car_3817": [12, 6], "car_4264": [4, 2], "car_4267": [5, 1], "car_1762": [5, 2], "car_1341": [7, 1], "car_1340": [6, 7], "car_1343": [15, 1], "car_1342": [8, 3], "car_1345": [14, 4], "car_1344": [5, 0], "car_1347": [8, 1], "car_1346": [3, 5], "car_3234": [5, 6], "car_3919": [5, 4], "car_4663": [11, 4], "car_3219": [9, 4], "car_2753": [0, 1], "car_3816": [3, 7], "car_3231": [12, 2], "car_2752": [12, 2], "car_3230": [8, 2], "car_2698": [1, 3], "car_4546": [9, 2], "car_1833": [3, 2], "car_1832": [13, 0], "car_349": [7, 3], "car_348": [13, 4], "car_1837": [11, 2], "car_1836": [4, 1], "car_1835": [8, 4], "car_1834": [7, 5], "car_343": [10, 4], "car_342": [15, 6], "car_341": [4, 5], "car_340": [0, 6], "car_347": [9, 5], "car_346": [6, 7], "car_345": [2, 4], "car_344": [14, 3], "car_4140": [15, 3], "car_2325": [4, 5], "car_1129": [9, 7], "car_1128": [2, 4], "car_2979": [15, 6], "car_4141": [1, 0], "car_1125": [4, 0], "car_1124": [12, 5], "car_1127": [10, 3], "car_1126": [15, 2], "car_1121": [10, 3], "car_1120": [5, 0], "car_1123": [13, 6], "car_1122": [6, 4], "car_4467": [14, 7], "car_1402": [1, 3], "car_4465": [5, 1], "car_4143": [14, 2], "car_4463": [11, 7], "car_2320": [14, 1], "car_4461": [8, 3], "car_1403": [6, 4], "car_4144": [6, 2], "car_2321": [2, 0], "car_1400": [12, 4], "car_3814": [6, 2], "car_4145": [13, 7], "car_1401": [15, 6], "car_2978": [4, 0], "car_4146": [7, 1], "car_1406": [12, 4], "car_4147": [12, 7], "car_1407": [0, 5], "car_2902": [15, 1], "car_2903": [5, 1], "car_2900": [12, 6], "car_2901": [0, 6], "car_2906": [2, 4], "car_1404": [9, 3], "car_2904": [10, 3], "car_2905": [14, 7], "car_2908": [3, 2], "car_1405": [7, 2], "car_3505": [6, 4], "car_3504": [14, 6], "car_3507": [13, 5], "car_3506": [9, 5], "car_2058": [3, 7], "car_2059": [7, 0], "car_3503": [10, 0], "car_3502": [1, 3], "car_2054": [10, 3], "car_2055": [14, 3], "car_2056": [2, 1], "car_2057": [9, 2], "car_2050": [11, 3], "car_2051": [15, 6], "car_2052": [1, 2], "car_2053": [5, 0], "car_1011": [5, 3], "car_1010": [15, 3], "car_1013": [2, 7], "car_1012": [10, 3], "car_1015": [9, 1], "car_1014": [6, 4], "car_1017": [8, 5], "car_1016": [7, 1], "car_1019": [0, 5], "car_1018": [12, 4], "car_2690": [15, 3], "car_2691": [1, 7], "car_2696": [0, 6], "car_2697": [11, 1], "car_2694": [13, 2], "car_2695": [12, 1], "car_2790": [13, 4], "car_3863": [8, 0], "car_4373": [5, 3], "car_4841": [14, 1], "car_4482": [5, 2], "car_3819": [11, 5], "car_4594": [0, 2], "car_25": [14, 2], "car_24": [15, 0], "car_27": [9, 6], "car_26": [2, 3], "car_21": [7, 3], "car_20": [9, 1], "car_23": [4, 5], "car_22": [0, 4], "car_3471": [2, 1], "car_3470": [5, 1], "car_3473": [9, 3], "car_3472": [6, 2], "car_29": [11, 2], "car_28": [0, 4], "car_3477": [12, 0], "car_3476": [8, 4], "car_4648": [4, 2], "car_2478": [0, 3], "car_2479": [15, 6], "car_2476": [8, 5], "car_2477": [12, 2], "car_2474": [3, 4], "car_2475": [7, 4], "car_2472": [6, 7], "car_2473": [9, 0], "car_2470": [14, 1], "car_2471": [2, 5], "car_1657": [8, 1], "car_1656": [7, 3], "car_1655": [3, 4], "car_1654": [13, 7], "car_1653": [9, 4], "car_1652": [2, 7], "car_1651": [5, 2], "car_1650": [1, 2], "car_1659": [11, 0], "car_1658": [4, 3], "car_3875": [14, 0], "car_3874": [1, 2], "car_2878": [6, 3], "car_2879": [13, 6], "car_3871": [4, 7], "car_3870": [3, 5], "car_3645": [14, 0], "car_3872": [11, 1], "car_2872": [4, 5], "car_2873": [11, 3], "car_2870": [8, 3], "car_2871": [0, 5], "car_2876": [10, 5], "car_2877": [14, 2], "car_2874": [1, 2], "car_2875": [5, 1], "car_2688": [13, 5], "car_1969": [13, 5], "car_2315": [8, 3], "car_3658": [13, 0], "car_1843": [0, 2], "car_3655": [1, 3], "car_3654": [15, 3], "car_3657": [6, 2], "car_3656": [10, 2], "car_3651": [0, 6], "car_3650": [12, 7], "car_3211": [6, 1], "car_3652": [4, 6], "car_435": [1, 4], "car_434": [8, 5], "car_437": [9, 6], "car_436": [5, 6], "car_431": [14, 7], "car_430": [5, 7], "car_433": [13, 3], "car_432": [6, 0], "car_3893": [5, 7], "car_1846": [14, 3], "car_3891": [15, 6], "car_3890": [11, 1], "car_439": [8, 2], "car_438": [3, 1], "car_3895": [14, 7], "car_1847": [2, 4], "car_2274": [1, 2], "car_2275": [5, 6], "car_2276": [10, 0], "car_2277": [2, 5], "car_2270": [6, 0], "car_2271": [13, 2], "car_2272": [3, 7], "car_2273": [11, 7], "car_3778": [1, 5], "car_1845": [1, 4], "car_2278": [7, 6], "car_2279": [11, 1], "car_4487": [8, 5], "car_3573": [1, 7], "car_4726": [3, 7], "car_4813": [12, 7], "car_4533": [10, 7], "car_3927": [3, 2], "car_1848": [13, 5], "car_2289": [6, 1], "car_1968": [9, 2], "car_1849": [11, 3], "car_2288": [5, 7], "car_1965": [1, 2], "car_4479": [8, 5], "car_3370": [10, 5], "car_1964": [11, 2], "car_3093": [7, 6], "car_3092": [9, 5], "car_3091": [2, 7], "car_3090": [10, 4], "car_3097": [15, 2], "car_3096": [11, 0], "car_3095": [4, 6], "car_3094": [12, 2], "car_3420": [7, 3], "car_3376": [15, 2], "car_3099": [13, 2], "car_3098": [14, 3], "car_3311": [6, 0], "car_501": [1, 7], "car_500": [15, 0], "car_503": [6, 7], "car_502": [2, 4], "car_505": [8, 7], "car_504": [13, 0], "car_507": [1, 3], "car_506": [12, 6], "car_509": [14, 1], "car_508": [5, 2], "car_2302": [7, 0], "car_2303": [8, 5], "car_2304": [0, 2], "car_2305": [4, 7], "car_2306": [15, 5], "car_2307": [1, 3], "car_2281": [5, 1], "car_4535": [13, 2], "car_1745": [14, 1], "car_2280": [1, 2], "car_4176": [13, 0], "car_3378": [14, 5], "car_4130": [1, 2], "car_3379": [13, 6], "car_2960": [7, 4], "car_3475": [7, 4], "car_3474": [3, 6], "car_646": [2, 1], "car_647": [6, 2], "car_644": [4, 6], "car_645": [1, 7], "car_642": [7, 0], "car_643": [0, 3], "car_640": [9, 6], "car_641": [3, 4], "car_2314": [7, 2], "car_4036": [7, 1], "car_648": [9, 7], "car_649": [3, 7], "car_3570": [0, 4], "car_4037": [8, 3], "car_4727": [7, 5], "car_2961": [12, 7], "car_2576": [3, 6], "car_4030": [5, 7], "car_3577": [15, 6], "car_3572": [15, 2], "car_4031": [10, 6], "car_4537": [8, 7], "car_2526": [13, 2], "car_4370": [0, 7], "car_1830": [14, 6], "car_3574": [6, 0], "car_4033": [6, 7], "car_2673": [11, 4], "car_3575": [9, 0], "car_4364": [5, 7], "car_2962": [0, 6], "car_3576": [11, 0], "car_4497": [0, 4], "car_2570": [3, 0], "car_4249": [5, 0], "car_4536": [7, 1], "car_2681": [15, 2], "car_4248": [1, 3], "car_2999": [3, 7], "car_4360": [7, 4], "car_2420": [12, 1], "car_4371": [11, 5], "car_4361": [4, 1], "car_4699": [2, 5], "car_2963": [11, 5], "car_4490": [15, 1], "car_3899": [15, 2], "car_4491": [1, 7], "car_4539": [0, 6], "car_3929": [4, 5], "car_2680": [11, 0], "car_4715": [5, 4], "car_2854": [9, 7], "car_4714": [1, 7], "car_3800": [1, 6], "car_4387": [4, 0], "car_2964": [10, 1], "car_4071": [10, 1], "car_4072": [6, 4], "car_4073": [0, 4], "car_4074": [4, 0], "car_4075": [15, 3], "car_4076": [5, 3], "car_4077": [14, 0], "car_4078": [2, 3], "car_4079": [6, 0], "car_4538": [12, 3], "car_3928": [12, 3], "car_2683": [6, 3], "car_3913": [5, 6], "car_4245": [12, 3], "car_3801": [5, 1], "car_4244": [3, 5], "car_1932": [9, 5], "car_1933": [13, 4], "car_1930": [2, 6], "car_1931": [6, 0], "car_1936": [11, 6], "car_1937": [15, 3], "car_1934": [3, 2], "car_1935": [12, 1], "car_1938": [5, 4], "car_1939": [14, 7], "car_2682": [5, 2], "car_4453": [7, 2], "car_4401": [1, 0], "car_3802": [2, 0], "car_1717": [10, 3], "car_4385": [9, 6], "car_4214": [14, 2], "car_4215": [2, 7], "car_4216": [9, 2], "car_4217": [3, 2], "car_1338": [15, 5], "car_1339": [2, 7], "car_4212": [1, 0], "car_4213": [5, 4], "car_1334": [9, 0], "car_1335": [3, 4], "car_1336": [8, 5], "car_1337": [11, 6], "car_1330": [15, 5], "car_1331": [5, 6], "car_1332": [10, 0], "car_1333": [14, 6], "car_4184": [7, 0], "car_4185": [8, 6], "car_4186": [4, 3], "car_4187": [15, 0], "car_3803": [6, 5], "car_4181": [5, 4], "car_4182": [13, 5], "car_4183": [3, 5], "car_1711": [8, 6], "car_4188": [1, 2], "car_4189": [5, 1], "car_4728": [8, 2], "car_2998": [9, 4], "car_3877": [6, 1], "car_4403": [14, 4], "car_358": [4, 2], "car_359": [11, 3], "car_1804": [12, 2], "car_1805": [4, 3], "car_1802": [13, 1], "car_1803": [3, 2], "car_1800": [10, 4], "car_1801": [6, 7], "car_350": [4, 3], "car_351": [15, 1], "car_352": [1, 6], "car_353": [9, 6], "car_354": [13, 6], "car_355": [3, 6], "car_356": [7, 2], "car_357": [12, 6], "car_1482": [0, 7], "car_1483": [4, 5], "car_1480": [3, 4], "car_1481": [7, 4], "car_1486": [6, 2], "car_1487": [13, 4], "car_1484": [15, 2], "car_1485": [5, 7], "car_4320": [2, 3], "car_4321": [13, 6], "car_1488": [3, 1], "car_1489": [7, 5], "car_4324": [15, 3], "car_4325": [1, 2], "car_4326": [10, 3], "car_4327": [9, 3], "car_1240": [1, 0], "car_1241": [10, 2], "car_1242": [2, 1], "car_1243": [9, 1], "car_1244": [3, 7], "car_1245": [8, 5], "car_1246": [12, 5], "car_1247": [4, 3], "car_1248": [11, 4], "car_1249": [1, 4], "car_4692": [14, 1], "car_4693": [9, 6], "car_4694": [7, 3], "car_4695": [8, 7], "car_4621": [12, 1], "car_4697": [1, 6], "car_1747": [13, 2], "car_3977": [2, 3], "car_3642": [15, 5], "car_3879": [8, 2], "car_4681": [2, 6], "car_4339": [5, 2], "car_3806": [7, 5], "car_3878": [9, 3], "car_2374": [4, 0], "car_1879": [8, 4], "car_2917": [3, 0], "car_2916": [13, 5], "car_2911": [11, 0], "car_2910": [4, 3], "car_2913": [10, 5], "car_2912": [1, 3], "car_2919": [12, 7], "car_2918": [7, 6], "car_4447": [0, 4], "car_3804": [9, 1], "car_2049": [4, 1], "car_2048": [0, 2], "car_2047": [3, 2], "car_2046": [6, 1], "car_2045": [14, 1], "car_2044": [4, 2], "car_2043": [12, 6], "car_2042": [13, 2], "car_2041": [9, 0], "car_2040": [6, 4], "car_1064": [7, 2], "car_1065": [8, 6], "car_1066": [4, 5], "car_1067": [11, 4], "car_1060": [10, 3], "car_1061": [2, 5], "car_1062": [6, 7], "car_1063": [3, 2], "car_2685": [13, 0], "car_2684": [9, 6], "car_2687": [11, 5], "car_2686": [7, 1], "car_1068": [1, 2], "car_1069": [10, 4], "car_1798": [15, 1], "car_1799": [5, 3], "car_4629": [8, 1], "car_3701": [6, 4], "car_4059": [15, 2], "car_4628": [7, 0], "car_3808": [12, 7], "car_4781": [15, 3], "car_4787": [10, 4], "car_10": [8, 1], "car_11": [0, 7], "car_12": [4, 6], "car_13": [15, 2], "car_14": [1, 5], "car_15": [5, 1], "car_16": [10, 2], "car_17": [7, 2], "car_18": [5, 4], "car_19": [14, 4], "car_3406": [6, 2], "car_3407": [9, 3], "car_3400": [8, 1], "car_3401": [0, 2], "car_3402": [4, 3], "car_3403": [11, 3], "car_2461": [2, 7], "car_2460": [14, 4], "car_1668": [14, 3], "car_1669": [2, 6], "car_2465": [7, 5], "car_2464": [3, 2], "car_2467": [12, 3], "car_2466": [8, 0], "car_1662": [3, 0], "car_1663": [7, 4], "car_1660": [15, 0], "car_1661": [9, 7], "car_1666": [1, 6], "car_1667": [5, 1], "car_1664": [8, 0], "car_1665": [0, 4], "car_1468": [5, 3], "car_1469": [10, 0], "car_4789": [9, 3], "car_1460": [11, 5], "car_1461": [15, 3], "car_1462": [1, 6], "car_1463": [5, 2], "car_1464": [10, 7], "car_1465": [6, 3], "car_1466": [13, 7], "car_1467": [12, 7], "car_3930": [1, 7], "car_2699": [5, 0], "car_3717": [10, 0], "car_2869": [2, 6], "car_2868": [14, 4], "car_2865": [8, 4], "car_2864": [7, 3], "car_2867": [10, 2], "car_2866": [15, 1], "car_2861": [5, 6], "car_2860": [15, 2], "car_2863": [9, 4], "car_2862": [6, 2], "car_3712": [9, 1], "car_2648": [4, 7], "car_3713": [3, 0], "car_3931": [5, 4], "car_422": [3, 6], "car_423": [7, 4], "car_420": [6, 0], "car_421": [13, 7], "car_426": [4, 6], "car_427": [11, 1], "car_424": [8, 1], "car_425": [0, 4], "car_3318": [11, 5], "car_3319": [5, 3], "car_428": [15, 6], "car_429": [1, 3], "car_2377": [10, 0], "car_2267": [5, 3], "car_2266": [1, 2], "car_2265": [8, 7], "car_2264": [7, 1], "car_2263": [13, 2], "car_2262": [6, 3], "car_2261": [14, 4], "car_2260": [10, 4], "car_2371": [3, 6], "car_3932": [6, 0], "car_2269": [2, 6], "car_2268": [10, 6], "car_4562": [15, 7], "car_3798": [11, 6], "car_2373": [12, 7], "car_4563": [1, 4], "car_3794": [14, 2], "car_3795": [6, 4], "car_3796": [13, 1], "car_2372": [7, 2], "car_2008": [3, 2], "car_3791": [11, 6], "car_3792": [1, 0], "car_3793": [5, 0], "car_4561": [4, 3], "car_4566": [14, 7], "car_2370": [13, 0], "car_3486": [13, 7], "car_4567": [3, 1], "car_3487": [3, 4], "car_4564": [5, 4], "car_4796": [10, 4], "car_4565": [10, 6], "car_3224": [15, 1], "car_3225": [5, 4], "car_2319": [10, 3], "car_2318": [15, 1], "car_3220": [13, 2], "car_3221": [3, 2], "car_518": [2, 1], "car_519": [6, 4], "car_516": [4, 2], "car_517": [14, 1], "car_514": [7, 3], "car_515": [0, 4], "car_512": [13, 1], "car_513": [3, 5], "car_510": [2, 6], "car_511": [6, 7], "car_4402": [10, 1], "car_4405": [7, 3], "car_4209": [8, 3], "car_1870": [3, 5], "car_3589": [10, 2], "car_4407": [15, 4], "car_3935": [1, 3], "car_2692": [10, 1], "car_3488": [8, 6], "car_2444": [12, 1], "car_4406": [12, 1], "car_3469": [11, 5], "car_3489": [12, 7], "car_633": [3, 1], "car_632": [13, 5], "car_631": [9, 2], "car_630": [6, 2], "car_637": [1, 2], "car_636": [15, 6], "car_635": [4, 5], "car_634": [7, 6], "car_2675": [1, 0], "car_639": [6, 0], "car_638": [10, 3], "car_4531": [11, 0], "car_4762": [10, 5], "car_3588": [1, 2], "car_3138": [1, 6], "car_3139": [10, 0], "car_3936": [5, 1], "car_2693": [6, 3], "car_3130": [6, 2], "car_3131": [9, 0], "car_3132": [13, 6], "car_3133": [3, 6], "car_3134": [8, 5], "car_3135": [12, 2], "car_3136": [0, 7], "car_3137": [4, 7], "car_4828": [0, 7], "car_4767": [4, 0], "car_4570": [12, 4], "car_189": [15, 4], "car_188": [4, 7], "car_185": [9, 7], "car_184": [6, 1], "car_187": [8, 4], "car_186": [13, 3], "car_181": [1, 7], "car_180": [11, 6], "car_183": [2, 6], "car_182": [10, 0], "car_3938": [2, 7], "car_749": [11, 7], "car_748": [0, 4], "car_747": [12, 7], "car_746": [8, 3], "car_745": [7, 4], "car_744": [3, 2], "car_743": [13, 7], "car_742": [9, 0], "car_741": [14, 7], "car_740": [5, 6], "car_4718": [3, 2], "car_2131": [7, 5], "car_4529": [8, 6], "car_3939": [13, 4], "car_3724": [1, 6], "car_4062": [2, 7], "car_4061": [10, 0], "car_4060": [1, 6], "car_4067": [13, 7], "car_4066": [6, 1], "car_4065": [12, 2], "car_4064": [3, 2], "car_4069": [15, 1], "car_4068": [3, 2], "car_3316": [0, 2], "car_2618": [0, 7], "car_3584": [7, 4], "car_4526": [5, 3], "car_299": [9, 3], "car_298": [6, 2], "car_1927": [15, 2], "car_1926": [11, 6], "car_1921": [9, 6], "car_1920": [2, 7], "car_1923": [7, 0], "car_1922": [3, 1], "car_291": [12, 5], "car_290": [7, 3], "car_293": [11, 0], "car_292": [0, 2], "car_295": [5, 4], "car_294": [1, 6], "car_297": [14, 6], "car_296": [10, 7], "car_4527": [2, 6], "car_3852": [5, 3], "car_4207": [13, 4], "car_4206": [10, 4], "car_4205": [5, 4], "car_4204": [11, 5], "car_4203": [0, 7], "car_4202": [8, 5], "car_1329": [8, 7], "car_1328": [7, 5], "car_1327": [3, 2], "car_1326": [13, 7], "car_1325": [6, 1], "car_1324": [14, 1], "car_1323": [10, 5], "car_1322": [5, 3], "car_1321": [1, 6], "car_1320": [15, 7], "car_4197": [14, 5], "car_4196": [1, 7], "car_4195": [0, 7], "car_4194": [8, 6], "car_4193": [13, 7], "car_4192": [9, 1], "car_4191": [2, 1], "car_4190": [10, 4], "car_3721": [0, 7], "car_4199": [6, 7], "car_4198": [2, 0], "car_365": [12, 5], "car_364": [8, 1], "car_367": [4, 5], "car_366": [0, 2], "car_361": [9, 7], "car_360": [6, 1], "car_363": [7, 3], "car_362": [3, 0], "car_1811": [15, 3], "car_1810": [4, 1], "car_1813": [10, 2], "car_1812": [1, 4], "car_369": [5, 4], "car_368": [15, 5], "car_1817": [13, 1], "car_1816": [9, 4], "car_167": [1, 5], "car_166": [11, 7], "car_165": [3, 5], "car_164": [9, 4], "car_163": [2, 3], "car_162": [1, 5], "car_161": [7, 2], "car_160": [14, 4], "car_3720": [7, 4], "car_4848": [15, 2], "car_4669": [3, 2], "car_4668": [6, 5], "car_169": [6, 2], "car_168": [2, 0], "car_1495": [5, 1], "car_1494": [1, 0], "car_1497": [9, 1], "car_1496": [10, 4], "car_1491": [12, 5], "car_1490": [8, 0], "car_1493": [15, 6], "car_1492": [11, 2], "car_4333": [10, 5], "car_4332": [15, 7], "car_4331": [11, 7], "car_4330": [4, 6], "car_1499": [12, 3], "car_1498": [13, 0], "car_3580": [2, 7], "car_4334": [2, 4], "car_1253": [9, 1], "car_1252": [14, 0], "car_1251": [10, 5], "car_1250": [5, 3], "car_1257": [12, 5], "car_1256": [8, 0], "car_1255": [3, 6], "car_1254": [13, 1], "car_4683": [9, 1], "car_2850": [3, 7], "car_1259": [5, 4], "car_1258": [4, 1], "car_4687": [0, 5], "car_3622": [7, 6], "car_4685": [7, 2], "car_2851": [1, 3], "car_1868": [2, 3], "car_2852": [10, 0], "car_3624": [12, 5], "car_2853": [6, 2], "car_3583": [13, 4], "car_4672": [1, 4], "car_3248": [11, 0], "car_4523": [4, 3], "car_3626": [11, 4], "car_3627": [5, 2], "car_4210": [4, 1], "car_1789": [10, 2], "car_1788": [5, 4], "car_2070": [4, 1], "car_2071": [11, 7], "car_2076": [9, 0], "car_2077": [7, 6], "car_2074": [14, 6], "car_2075": [6, 3], "car_1781": [1, 5], "car_1780": [15, 7], "car_1783": [13, 2], "car_1782": [6, 5], "car_1785": [8, 2], "car_1784": [3, 7], "car_1787": [1, 6], "car_1786": [15, 1], "car_1077": [10, 0], "car_1076": [1, 6], "car_1075": [15, 1], "car_1074": [4, 0], "car_1073": [0, 3], "car_1072": [13, 2], "car_1071": [9, 5], "car_1070": [14, 0], "car_2678": [12, 6], "car_2679": [0, 6], "car_3520": [12, 4], "car_4211": [15, 3], "car_1079": [6, 0], "car_1078": [2, 5], "car_3981": [8, 2], "car_3257": [15, 0], "car_4337": [7, 3], "car_2139": [2, 1], "car_3256": [11, 3], "car_4521": [8, 3], "car_2034": [11, 4], "car_2300": [6, 3], "car_2035": [15, 4], "car_2301": [3, 0], "car_2032": [0, 1], "car_3706": [0, 5], "car_2033": [4, 0], "car_2996": [1, 0], "car_4837": [11, 5], "car_3419": [13, 7], "car_2138": [15, 7], "car_3417": [6, 2], "car_3416": [2, 4], "car_3415": [14, 0], "car_3414": [5, 3], "car_3413": [1, 2], "car_3412": [11, 5], "car_3411": [0, 3], "car_3410": [8, 6], "car_985": [7, 5], "car_984": [6, 3], "car_987": [14, 2], "car_986": [12, 1], "car_981": [1, 5], "car_980": [11, 2], "car_983": [10, 2], "car_982": [5, 6], "car_1675": [10, 5], "car_1674": [1, 0], "car_1677": [6, 1], "car_1676": [2, 3], "car_989": [11, 5], "car_988": [6, 2], "car_1673": [11, 5], "car_1672": [4, 5], "car_2784": [8, 3], "car_2785": [0, 5], "car_1479": [9, 7], "car_1478": [2, 1], "car_2780": [0, 3], "car_2781": [4, 6], "car_2782": [15, 2], "car_2783": [7, 5], "car_1473": [3, 2], "car_1472": [13, 2], "car_1471": [2, 3], "car_1470": [14, 5], "car_1477": [14, 1], "car_1476": [1, 2], "car_1475": [11, 7], "car_1474": [4, 3], "car_2890": [12, 2], "car_2891": [0, 3], "car_2892": [11, 4], "car_2893": [15, 1], "car_2894": [5, 6], "car_1743": [15, 5], "car_2896": [9, 6], "car_2897": [3, 5], "car_2898": [7, 0], "car_2899": [8, 7], "car_1742": [0, 4], "car_2990": [2, 0], "car_4673": [2, 3], "car_4581": [10, 7], "car_2528": [7, 1], "car_2529": [8, 7], "car_2258": [4, 0], "car_2259": [1, 4], "car_3307": [0, 7], "car_2689": [0, 1], "car_3305": [9, 7], "car_3304": [6, 2], "car_2252": [2, 5], "car_2253": [13, 2], "car_2250": [15, 3], "car_2251": [14, 2], "car_2256": [12, 2], "car_2257": [0, 4], "car_2254": [7, 2], "car_2255": [8, 5], "car_2098": [15, 4], "car_2099": [5, 4], "car_2090": [12, 7], "car_2091": [0, 5], "car_2092": [4, 3], "car_2093": [15, 3], "car_2094": [1, 0], "car_2095": [6, 3], "car_2096": [13, 0], "car_2097": [4, 3], "car_3789": [8, 4], "car_3788": [7, 6], "car_2992": [3, 7], "car_3786": [14, 1], "car_3785": [10, 0], "car_3784": [1, 2], "car_3783": [0, 1], "car_3782": [12, 7], "car_3781": [13, 2], "car_3780": [6, 7], "car_4310": [1, 4], "car_3237": [3, 7], "car_3236": [14, 4], "car_569": [4, 2], "car_568": [8, 6], "car_3233": [11, 4], "car_3232": [0, 4], "car_2328": [6, 5], "car_2329": [9, 5], "car_563": [0, 2], "car_562": [12, 3], "car_561": [7, 6], "car_560": [13, 0], "car_567": [3, 1], "car_566": [14, 5], "car_565": [5, 1], "car_564": [15, 1], "car_3598": [5, 1], "car_2331": [15, 4], "car_3739": [12, 5], "car_4380": [11, 2], "car_3644": [10, 6], "car_620": [8, 7], "car_621": [1, 4], "car_622": [5, 4], "car_623": [2, 0], "car_624": [6, 5], "car_625": [9, 5], "car_626": [8, 2], "car_627": [4, 0], "car_628": [15, 2], "car_629": [2, 0], "car_4670": [12, 0], "car_1869": [6, 5], "car_3129": [14, 1], "car_3128": [15, 5], "car_4289": [4, 5], "car_3123": [8, 4], "car_3122": [7, 6], "car_3121": [13, 1], "car_3120": [6, 5], "car_3127": [11, 0], "car_3126": [4, 6], "car_3125": [0, 6], "car_3124": [12, 0], "car_4524": [11, 1], "car_3666": [12, 0], "car_1866": [5, 3], "car_1867": [14, 6], "car_3388": [2, 6], "car_198": [10, 4], "car_199": [14, 4], "car_2831": [3, 4], "car_192": [2, 0], "car_193": [6, 7], "car_190": [5, 0], "car_191": [10, 3], "car_196": [4, 6], "car_197": [1, 2], "car_194": [7, 1], "car_195": [8, 2], "car_4834": [8, 4], "car_3670": [10, 0], "car_758": [11, 4], "car_759": [15, 6], "car_4835": [0, 7], "car_754": [9, 5], "car_755": [3, 1], "car_756": [8, 2], "car_757": [12, 1], "car_750": [15, 6], "car_751": [1, 4], "car_752": [10, 7], "car_753": [6, 4], "car_1940": [2, 3], "car_3355": [5, 0], "car_4830": [5, 2], "car_4831": [14, 1], "car_4056": [7, 6], "car_4057": [8, 2], "car_4054": [4, 2], "car_4055": [6, 0], "car_2991": [13, 1], "car_4053": [12, 4], "car_4050": [10, 0], "car_4051": [6, 0], "car_3299": [11, 1], "car_4118": [8, 3], "car_4058": [0, 1], "car_3298": [0, 7], "car_286": [1, 3], "car_287": [2, 0], "car_284": [8, 5], "car_285": [0, 7], "car_282": [3, 7], "car_283": [7, 2], "car_280": [6, 0], "car_281": [9, 7], "car_3353": [4, 1], "car_1949": [12, 2], "car_288": [6, 2], "car_289": [3, 0], "car_3453": [14, 3], "car_1948": [3, 1], "car_2791": [3, 4], "car_3592": [13, 5], "car_3452": [1, 0], "car_4749": [11, 4], "car_4113": [5, 4], "car_3451": [11, 2], "car_4112": [1, 2], "car_4646": [8, 2], "car_3450": [0, 7], "car_4111": [15, 5], "car_3985": [10, 4], "car_4110": [11, 5], "car_3984": [5, 1], "car_1312": [14, 1], "car_1313": [2, 6], "car_1310": [5, 7], "car_1311": [10, 7], "car_1316": [7, 0], "car_1317": [8, 6], "car_1314": [13, 3], "car_1315": [3, 7], "car_4513": [12, 5], "car_1318": [0, 1], "car_1319": [4, 0], "car_2450": [0, 6], "car_3921": [8, 1], "car_2451": [4, 1], "car_2452": [15, 0], "car_372": [8, 6], "car_373": [12, 2], "car_370": [6, 1], "car_371": [13, 5], "car_376": [14, 0], "car_377": [6, 4], "car_374": [0, 5], "car_375": [10, 3], "car_1864": [11, 2], "car_1865": [1, 6], "car_378": [9, 6], "car_379": [13, 4], "car_1860": [2, 0], "car_1861": [9, 4], "car_1862": [8, 5], "car_1863": [0, 5], "car_174": [10, 1], "car_175": [6, 0], "car_176": [13, 7], "car_177": [8, 2], "car_170": [9, 1], "car_171": [13, 7], "car_172": [3, 7], "car_173": [1, 5], "car_2457": [13, 1], "car_178": [12, 3], "car_179": [0, 4], "car_2338": [3, 7], "car_4511": [9, 5], "car_4308": [2, 0], "car_4309": [3, 4], "car_4306": [7, 4], "car_4307": [4, 0], "car_4304": [13, 3], "car_3697": [1, 4], "car_4302": [10, 6], "car_4303": [9, 7], "car_4300": [15, 5], "car_4301": [5, 1], "car_1266": [7, 1], "car_1267": [4, 5], "car_1264": [13, 0], "car_1265": [3, 6], "car_1262": [2, 3], "car_1263": [9, 5], "car_1260": [10, 5], "car_1261": [14, 2], "car_2949": [6, 1], "car_4769": [1, 4], "car_1268": [11, 6], "car_1269": [2, 0], "car_3581": [6, 4], "car_4510": [2, 6], "car_3749": [3, 6], "car_3371": [14, 2], "car_4735": [2, 7], "car_2406": [11, 4], "car_3979": [3, 7], "car_4238": [4, 1], "car_4239": [11, 3], "car_4232": [2, 1], "car_4233": [6, 3], "car_4230": [10, 6], "car_4231": [14, 4], "car_4236": [8, 5], "car_4237": [0, 7], "car_4234": [13, 5], "car_4235": [7, 1], "car_2065": [13, 4], "car_2064": [6, 5], "car_1048": [5, 1], "car_1049": [10, 7], "car_2061": [15, 3], "car_2060": [8, 6], "car_2063": [14, 3], "car_2062": [10, 7], "car_1042": [9, 6], "car_1043": [3, 0], "car_1040": [11, 4], "car_1041": [10, 5], "car_1046": [12, 2], "car_1047": [1, 2], "car_1044": [7, 4], "car_1045": [8, 5], "car_2663": [1, 6], "car_2662": [11, 5], "car_2661": [7, 4], "car_2660": [2, 6], "car_2667": [2, 7], "car_2666": [14, 7], "car_2665": [10, 3], "car_2664": [5, 1], "car_2669": [13, 6], "car_2668": [9, 3], "car_4548": [12, 5], "car_4522": [12, 1], "car_4516": [5, 6], "car_3528": [8, 3], "car_2404": [12, 3], "car_4265": [15, 6], "car_3582": [9, 2], "car_4739": [4, 0], "car_4740": [11, 2], "car_4738": [7, 4], "car_4515": [1, 4], "car_3422": [12, 1], "car_3423": [0, 3], "car_78": [12, 5], "car_79": [4, 1], "car_3426": [5, 7], "car_3427": [10, 7], "car_3424": [11, 1], "car_3425": [15, 6], "car_72": [4, 1], "car_73": [11, 0], "car_70": [7, 0], "car_71": [0, 2], "car_76": [6, 2], "car_77": [8, 0], "car_74": [10, 4], "car_75": [14, 2], "car_992": [13, 1], "car_993": [7, 0], "car_990": [1, 6], "car_991": [14, 6], "car_996": [11, 4], "car_997": [15, 0], "car_994": [0, 1], "car_995": [4, 7], "car_1688": [0, 1], "car_1689": [4, 7], "car_998": [1, 2], "car_999": [6, 5], "car_4833": [7, 6], "car_2409": [14, 1], "car_2408": [10, 6], "car_2797": [15, 6], "car_2796": [4, 3], "car_2795": [0, 2], "car_2794": [12, 1], "car_2793": [8, 2], "car_2792": [7, 2], "car_1448": [9, 4], "car_1449": [13, 0], "car_1446": [14, 3], "car_1447": [6, 4], "car_1444": [15, 4], "car_1445": [5, 3], "car_1442": [0, 1], "car_1443": [11, 4], "car_1440": [3, 6], "car_1441": [7, 6], "car_2883": [11, 7], "car_2882": [4, 7], "car_2881": [7, 5], "car_2798": [1, 3], "car_2887": [6, 7], "car_2886": [2, 1], "car_2885": [14, 2], "car_2884": [1, 3], "car_2889": [3, 7], "car_2888": [9, 1], "car_3686": [4, 3], "car_3687": [11, 2], "car_3684": [3, 1], "car_3685": [0, 4], "car_2401": [9, 7], "car_3683": [13, 4], "car_3680": [14, 7], "car_3681": [6, 3], "car_2986": [11, 3], "car_3688": [15, 7], "car_3689": [1, 7], "car_3336": [7, 2], "car_3337": [12, 7], "car_2539": [7, 3], "car_2538": [3, 4], "car_2249": [0, 7], "car_2248": [7, 2], "car_3330": [15, 4], "car_3331": [5, 6], "car_2245": [1, 7], "car_2244": [15, 1], "car_2247": [3, 6], "car_2246": [13, 7], "car_2241": [3, 2], "car_2240": [13, 5], "car_2243": [12, 7], "car_2242": [7, 0], "car_2089": [8, 3], "car_2088": [7, 3], "car_3873": [15, 1], "car_2083": [5, 0], "car_2082": [1, 5], "car_2081": [15, 3], "car_2080": [11, 7], "car_2087": [13, 5], "car_2086": [9, 1], "car_2085": [2, 3], "car_2084": [14, 1], "car_4846": [0, 4], "car_3180": [4, 1], "car_3183": [14, 3], "car_4676": [0, 5], "car_3239": [0, 4], "car_2984": [7, 3], "car_3758": [13, 1], "car_3759": [7, 0], "car_3208": [11, 2], "car_3209": [5, 0], "car_4336": [9, 5], "car_3868": [6, 5], "car_3202": [6, 3], "car_3203": [9, 6], "car_3200": [14, 2], "car_3186": [9, 6], "car_3206": [8, 2], "car_3207": [12, 6], "car_3204": [3, 6], "car_3205": [7, 6], "car_578": [7, 4], "car_579": [8, 5], "car_2333": [10, 1], "car_2332": [1, 5], "car_2335": [6, 3], "car_2334": [2, 6], "car_2337": [13, 0], "car_553": [12, 6], "car_570": [11, 1], "car_571": [1, 0], "car_572": [5, 7], "car_573": [14, 6], "car_574": [6, 7], "car_806": [15, 7], "car_576": [13, 2], "car_577": [3, 1], "car_4115": [9, 1], "car_807": [1, 6], "car_800": [13, 6], "car_801": [3, 0], "car_4152": [2, 4], "car_802": [7, 3], "car_4508": [1, 4], "car_4400": [15, 3], "car_2192": [15, 1], "car_803": [8, 0], "car_2067": [7, 6], "car_2066": [3, 7], "car_619": [3, 5], "car_618": [9, 2], "car_3377": [5, 6], "car_615": [10, 2], "car_614": [1, 7], "car_617": [6, 3], "car_616": [2, 0], "car_611": [3, 6], "car_610": [13, 6], "car_613": [4, 6], "car_612": [0, 6], "car_4824": [10, 4], "car_2151": [13, 0], "car_3775": [8, 0], "car_4509": [14, 7], "car_3118": [1, 5], "car_3119": [10, 2], "car_3116": [11, 4], "car_3117": [15, 7], "car_3114": [7, 2], "car_3115": [8, 4], "car_3112": [13, 6], "car_3113": [3, 4], "car_3110": [10, 0], "car_3111": [14, 6], "car_2704": [12, 0], "car_4674": [6, 3], "car_2705": [11, 5], "car_4586": [13, 6], "car_3678": [11, 7], "car_2706": [1, 6], "car_4591": [14, 2], "car_2150": [6, 7], "car_4555": [9, 6], "car_2707": [10, 7], "car_2069": [12, 1], "car_2068": [8, 6], "car_2702": [9, 4], "car_2703": [3, 4], "car_4778": [12, 7], "car_4632": [5, 0], "car_769": [10, 6], "car_768": [15, 5], "car_2567": [14, 7], "car_4545": [2, 4], "car_761": [10, 1], "car_760": [5, 6], "car_763": [9, 1], "car_762": [2, 4], "car_765": [7, 2], "car_764": [3, 2], "car_767": [11, 4], "car_766": [8, 6], "car_2216": [8, 0], "car_4428": [13, 2], "car_2217": [12, 1], "car_4540": [4, 1], "car_2330": [3, 4], "car_4832": [3, 5], "car_2214": [6, 2], "car_4541": [15, 1], "car_4800": [0, 6], "car_4070": [5, 2], "car_2215": [7, 3], "car_4542": [1, 6], "car_2212": [5, 6], "car_4543": [5, 1], "car_2213": [10, 6], "car_4424": [5, 6], "car_4423": [1, 7], "car_2210": [4, 2], "car_4422": [15, 3], "car_4151": [5, 3], "car_2211": [1, 3], "car_575": [9, 2], "car_3374": [9, 7], "car_4549": [0, 1], "car_4201": [7, 1], "car_4425": [14, 3], "car_4381": [15, 7], "car_4142": [10, 2], "car_1305": [2, 1], "car_1304": [14, 3], "car_1307": [3, 4], "car_1306": [9, 0], "car_1301": [13, 1], "car_1300": [9, 6], "car_1303": [1, 5], "car_1302": [15, 1], "car_4675": [3, 4], "car_3909": [7, 4], "car_1309": [1, 3], "car_1308": [7, 1], "car_3832": [1, 0], "car_3760": [0, 6], "car_389": [13, 2], "car_388": [9, 2], "car_387": [2, 1], "car_386": [10, 3], "car_385": [1, 3], "car_384": [15, 1], "car_383": [11, 5], "car_382": [4, 0], "car_381": [7, 2], "car_380": [3, 1], "car_141": [12, 0], "car_140": [8, 6], "car_143": [11, 6], "car_142": [0, 5], "car_145": [5, 7], "car_144": [15, 1], "car_147": [9, 5], "car_146": [6, 5], "car_149": [8, 6], "car_148": [13, 2], "car_4043": [2, 5], "car_4042": [14, 2], "car_2407": [1, 3], "car_4044": [13, 2], "car_4047": [15, 1], "car_4046": [4, 7], "car_1279": [5, 4], "car_1278": [1, 6], "car_4313": [2, 1], "car_4312": [10, 7], "car_4315": [8, 7], "car_4314": [13, 1], "car_4317": [4, 5], "car_4316": [0, 1], "car_1271": [9, 4], "car_1270": [6, 2], "car_1273": [3, 0], "car_1272": [13, 1], "car_1275": [0, 4], "car_1274": [7, 1], "car_1277": [11, 3], "car_1276": [4, 1], "car_2326": [10, 0], "car_4501": [1, 4], "car_2847": [6, 2], "car_3671": [14, 4], "car_4771": [13, 3], "car_2327": [2, 3], "car_4502": [10, 6], "car_4229": [1, 7], "car_4228": [15, 5], "car_4305": [3, 6], "car_4225": [8, 6], "car_3912": [15, 2], "car_4227": [11, 2], "car_4226": [0, 4], "car_4221": [10, 2], "car_4220": [15, 6], "car_4223": [9, 3], "car_4222": [2, 4], "car_3491": [11, 5], "car_1059": [5, 6], "car_1058": [1, 6], "car_1055": [7, 2], "car_1054": [3, 1], "car_1057": [0, 5], "car_1056": [12, 3], "car_1051": [2, 4], "car_1050": [14, 4], "car_1053": [13, 1], "car_1052": [6, 1], "car_2656": [8, 2], "car_2657": [0, 7], "car_2654": [6, 3], "car_2655": [3, 6], "car_2652": [10, 3], "car_2653": [2, 5], "car_2650": [15, 0], "car_2651": [1, 2], "car_4439": [11, 1], "car_2415": [1, 2], "car_2658": [11, 6], "car_2659": [15, 5], "car_3490": [4, 3], "car_4588": [0, 6], "car_3790": [0, 5], "car_4035": [13, 6], "car_4689": [15, 1], "car_2416": [14, 7], "car_69": [3, 2], "car_68": [9, 0], "car_2438": [11, 0], "car_2439": [15, 3], "car_3431": [4, 2], "car_3430": [0, 6], "car_3433": [1, 4], "car_3432": [15, 5], "car_61": [12, 7], "car_60": [8, 0], "car_63": [4, 2], "car_62": [0, 6], "car_65": [15, 3], "car_64": [11, 3], "car_67": [10, 6], "car_66": [5, 7], "car_1693": [13, 5], "car_1692": [9, 3], "car_1691": [6, 0], "car_1690": [1, 2], "car_1697": [11, 2], "car_1696": [0, 2], "car_969": [11, 6], "car_968": [12, 1], "car_967": [7, 1], "car_966": [3, 4], "car_965": [6, 4], "car_964": [2, 7], "car_963": [10, 4], "car_962": [5, 3], "car_961": [11, 4], "car_960": [12, 1], "car_1451": [7, 3], "car_1450": [3, 4], "car_1453": [11, 5], "car_1452": [4, 7], "car_1455": [5, 4], "car_1454": [1, 6], "car_1457": [8, 1], "car_1456": [9, 6], "car_1459": [0, 6], "car_1458": [12, 1], "car_4506": [11, 7], "car_3937": [10, 3], "car_3707": [4, 6], "car_3541": [3, 7], "car_2410": [6, 5], "car_2837": [5, 4], "car_4449": [15, 5], "car_3428": [6, 1], "car_3329": [3, 7], "car_3328": [2, 5], "car_3429": [12, 7], "car_3175": [3, 2], "car_3321": [6, 5], "car_3320": [2, 4], "car_3323": [4, 7], "car_3322": [8, 6], "car_3325": [15, 0], "car_3279": [14, 2], "car_3327": [10, 7], "car_3326": [5, 7], "car_3278": [10, 3], "car_2411": [3, 4], "car_3547": [9, 4], "car_2508": [5, 0], "car_2509": [14, 0], "car_2506": [14, 0], "car_2507": [9, 6], "car_2504": [11, 7], "car_2505": [10, 7], "car_2502": [3, 5], "car_2503": [12, 5], "car_2500": [9, 1], "car_2501": [13, 0], "car_2737": [0, 1], "car_1680": [12, 1], "car_1681": [0, 2], "car_4009": [0, 4], "car_3705": [12, 4], "car_3173": [11, 2], "car_1682": [1, 5], "car_1683": [5, 7], "car_4442": [6, 7], "car_3903": [14, 5], "car_3272": [3, 1], "car_1684": [10, 5], "car_2736": [15, 3], "car_1685": [6, 4], "car_1891": [15, 7], "car_3270": [10, 2], "car_1686": [3, 2], "car_1890": [11, 1], "car_3704": [8, 4], "car_1687": [8, 6], "car_1893": [10, 0], "car_545": [4, 7], "car_544": [0, 5], "car_547": [1, 7], "car_546": [11, 6], "car_541": [3, 1], "car_540": [2, 1], "car_543": [8, 1], "car_542": [7, 5], "car_3215": [11, 0], "car_1895": [2, 4], "car_3217": [1, 7], "car_3216": [15, 4], "car_549": [10, 4], "car_548": [5, 0], "car_819": [5, 3], "car_818": [3, 5], "car_2344": [3, 4], "car_2345": [7, 4], "car_2346": [12, 0], "car_2347": [11, 1], "car_2340": [4, 3], "car_1897": [13, 4], "car_2342": [1, 3], "car_2343": [14, 7], "car_2405": [4, 1], "car_1896": [6, 2], "car_2348": [10, 1], "car_2349": [14, 3], "car_4710": [0, 1], "car_3699": [14, 1], "car_3698": [10, 3], "car_3691": [10, 1], "car_3690": [5, 0], "car_3693": [9, 6], "car_3692": [14, 6], "car_3695": [0, 3], "car_3694": [7, 1], "car_33": [9, 3], "car_3696": [11, 6], "car_1767": [8, 6], "car_3702": [3, 5], "car_1766": [7, 2], "car_4682": [6, 2], "car_4218": [7, 0], "car_4838": [15, 5], "car_1765": [9, 7], "car_4219": [8, 4], "car_3498": [13, 1], "car_608": [14, 1], "car_609": [6, 4], "car_4840": [5, 6], "car_2941": [13, 5], "car_602": [0, 2], "car_603": [4, 3], "car_600": [2, 7], "car_601": [6, 7], "car_606": [5, 3], "car_607": [10, 0], "car_604": [11, 4], "car_605": [1, 7], "car_3101": [7, 6], "car_3100": [3, 7], "car_3103": [11, 0], "car_3102": [12, 3], "car_3105": [5, 0], "car_1761": [15, 4], "car_3107": [12, 0], "car_3106": [9, 6], "car_3109": [5, 3], "car_3108": [4, 7], "car_1760": [4, 5], "car_4350": [13, 6], "car_4768": [11, 6], "car_4180": [1, 5], "car_2799": [10, 2], "car_3700": [2, 1], "car_4433": [14, 1], "car_776": [0, 7], "car_777": [4, 5], "car_774": [7, 5], "car_775": [8, 3], "car_772": [13, 6], "car_773": [3, 7], "car_770": [6, 3], "car_771": [9, 5], "car_4551": [1, 3], "car_1768": [0, 4], "car_778": [11, 0], "car_779": [5, 3], "car_4468": [2, 5], "car_4434": [2, 5], "car_2418": [9, 5], "car_2880": [3, 5], "car_4338": [0, 2], "car_1750": [11, 0], "car_3941": [12, 2], "car_4448": [11, 3], "car_3940": [8, 4], "car_4686": [8, 1], "car_4435": [7, 0], "car_2419": [7, 6], "car_4713": [15, 7], "car_4717": [13, 2], "car_3293": [5, 4], "car_4383": [14, 5], "car_4436": [8, 5], "car_4839": [1, 6], "car_3664": [7, 1], "car_3292": [15, 7], "car_3949": [11, 6], "car_3948": [7, 6], "car_4547": [7, 3], "car_4532": [1, 0], "car_4684": [3, 6], "car_4437": [12, 6], "car_3251": [14, 3], "car_1994": [5, 4], "car_1995": [10, 3], "car_1996": [13, 7], "car_1997": [8, 2], "car_1990": [7, 6], "car_1991": [8, 3], "car_1992": [4, 6], "car_1993": [11, 1], "car_4148": [11, 1], "car_4149": [15, 4], "car_1998": [0, 1], "car_1999": [15, 0], "car_2846": [2, 1], "car_4499": [11, 2], "car_3682": [9, 2], "car_3250": [10, 7], "car_3728": [3, 4], "car_1842": [8, 0], "car_1806": [15, 5], "car_1840": [14, 5], "car_1841": [3, 7], "car_398": [12, 2], "car_399": [0, 6], "car_1844": [11, 4], "car_1807": [3, 4], "car_394": [10, 0], "car_395": [6, 4], "car_396": [3, 4], "car_397": [7, 4], "car_390": [12, 1], "car_391": [0, 1], "car_392": [15, 0], "car_393": [1, 7], "car_4369": [8, 4], "car_3725": [5, 6], "car_4671": [4, 0], "car_4038": [0, 4], "car_4039": [11, 1], "car_158": [5, 6], "car_159": [10, 4], "car_156": [12, 0], "car_157": [15, 3], "car_154": [9, 1], "car_155": [8, 0], "car_152": [2, 7], "car_153": [6, 0], "car_150": [15, 0], "car_151": [1, 5], "car_3667": [0, 1], "car_4365": [10, 1], "car_4366": [6, 7], "car_3726": [6, 0], "car_1208": [1, 4], "car_1209": [14, 4], "car_4362": [11, 7], "car_4363": [15, 2], "car_1204": [2, 5], "car_1205": [8, 2], "car_1206": [4, 3], "car_1207": [15, 6], "car_1200": [2, 0], "car_1201": [12, 0], "car_1202": [0, 6], "car_1203": [1, 7], "car_4171": [1, 0], "car_2601": [12, 2], "car_2403": [8, 7], "car_4170": [15, 7], "car_3252": [9, 7], "car_3926": [14, 6], "car_3722": [4, 7], "car_4678": [11, 5], "car_3660": [12, 5], "car_4760": [15, 2], "car_4172": [5, 2], "car_3334": [9, 6], "car_4174": [6, 2], "car_3708": [1, 3], "car_4783": [14, 3], "car_4780": [11, 3], "car_3335": [13, 1], "car_4786": [0, 6], "car_1808": [7, 4], "car_4784": [6, 3], "car_3255": [4, 3], "car_3332": [2, 5], "car_4788": [6, 3], "car_1809": [12, 1], "car_3661": [1, 0], "car_3333": [6, 1], "car_2649": [11, 2], "car_2612": [15, 0], "car_4568": [7, 0], "car_4438": [4, 7], "car_4701": [9, 7], "car_2613": [14, 1], "car_2641": [15, 7], "car_2640": [0, 7], "car_2643": [2, 5], "car_2642": [10, 0], "car_2645": [8, 4], "car_2644": [9, 4], "car_2647": [0, 4], "car_2646": [12, 1], "car_1510": [11, 1], "car_1511": [15, 2], "car_1512": [1, 6], "car_1513": [5, 7], "car_1514": [10, 0], "car_1515": [14, 5], "car_1516": [2, 7], "car_1517": [9, 4], "car_1518": [13, 3], "car_1519": [3, 6], "car_3662": [14, 5], "car_4763": [2, 7], "car_4764": [9, 7], "car_2531": [0, 7], "car_4766": [12, 2], "car_2965": [2, 6], "car_2530": [12, 2], "car_2966": [13, 1], "car_3366": [12, 0], "car_4698": [14, 5], "car_2537": [6, 5], "car_2967": [8, 3], "car_2536": [2, 3], "car_2968": [12, 6], "car_2855": [13, 5], "car_1198": [5, 0], "car_1199": [10, 6], "car_2969": [0, 2], "car_1194": [8, 1], "car_1195": [12, 1], "car_1196": [0, 5], "car_1197": [4, 0], "car_1190": [10, 4], "car_1191": [6, 3], "car_1192": [9, 3], "car_1193": [7, 4], "car_3916": [9, 0], "car_3917": [8, 3], "car_3914": [14, 4], "car_2619": [4, 1], "car_2429": [8, 2], "car_2428": [7, 1], "car_3910": [12, 2], "car_3911": [11, 5], "car_2425": [2, 6], "car_2424": [1, 4], "car_2427": [3, 1], "car_2426": [9, 2], "car_2421": [4, 0], "car_2126": [4, 0], "car_2423": [15, 0], "car_2422": [11, 5], "car_2856": [3, 0], "car_2127": [15, 7], "car_978": [0, 2], "car_979": [4, 7], "car_974": [13, 7], "car_975": [3, 5], "car_976": [8, 6], "car_977": [12, 5], "car_970": [1, 0], "car_971": [5, 2], "car_972": [14, 5], "car_973": [2, 6], "car_1424": [14, 0], "car_1425": [9, 4], "car_1426": [7, 5], "car_1427": [0, 5], "car_1420": [8, 1], "car_1421": [4, 6], "car_1422": [11, 2], "car_1423": [15, 6], "car_2402": [3, 2], "car_1428": [10, 0], "car_1429": [6, 0], "car_2857": [12, 2], "car_3259": [5, 7], "car_4752": [5, 7], "car_4765": [13, 7], "car_4335": [6, 1], "car_4754": [14, 1], "car_3593": [8, 4], "car_3358": [9, 6], "car_3359": [13, 2], "car_3354": [11, 7], "car_2128": [10, 5], "car_3356": [14, 6], "car_3357": [2, 1], "car_3350": [6, 3], "car_3258": [1, 7], "car_3352": [8, 1], "car_2129": [14, 3], "car_2511": [8, 1], "car_2510": [3, 6], "car_2513": [4, 6], "car_2512": [0, 1], "car_2515": [10, 3], "car_2514": [15, 3], "car_2517": [6, 2], "car_2516": [2, 7], "car_2519": [12, 4], "car_2518": [9, 1], "car_3590": [14, 0], "car_3591": [6, 5], "car_3596": [11, 1], "car_3597": [15, 4], "car_3594": [12, 7], "car_3595": [0, 3], "car_1738": [2, 0], "car_1739": [3, 2], "car_1730": [14, 0], "car_1731": [2, 1], "car_1732": [13, 0], "car_1733": [7, 3], "car_1734": [8, 0], "car_1735": [12, 4], "car_1736": [10, 0], "car_1737": [14, 6], "car_54": [15, 5], "car_55": [1, 7], "car_56": [10, 3], "car_57": [2, 5], "car_50": [6, 0], "car_51": [3, 4], "car_52": [7, 4], "car_53": [8, 6], "car_4507": [15, 0], "car_58": [9, 7], "car_59": [13, 5], "car_2609": [15, 5], "car_552": [6, 1], "car_805": [11, 2], "car_550": [14, 2], "car_551": [2, 4], "car_556": [10, 3], "car_557": [2, 4], "car_554": [0, 6], "car_555": [11, 2], "car_3776": [12, 5], "car_3777": [0, 5], "car_558": [6, 0], "car_559": [9, 6], "car_808": [5, 3], "car_809": [10, 2], "car_3770": [15, 3], "car_3771": [5, 3], "car_2357": [2, 0], "car_2356": [10, 0], "car_2355": [15, 5], "car_2354": [4, 7], "car_2353": [0, 7], "car_2352": [13, 6], "car_2351": [6, 4], "car_2350": [2, 0], "car_2359": [3, 7], "car_2358": [13, 1], "car_4117": [3, 5], "car_1757": [7, 1], "car_4445": [7, 5], "car_3672": [9, 3], "car_3710": [2, 1], "car_2339": [8, 1], "car_4690": [1, 5], "car_3709": [5, 0], "car_2469": [15, 0], "car_3174": [14, 6], "car_2915": [2, 3], "car_3176": [7, 2], "car_3177": [8, 2], "car_3170": [8, 3], "car_3171": [0, 1], "car_3172": [4, 1], "car_2914": [14, 5], "car_3178": [12, 7], "car_3179": [0, 7], "car_3711": [6, 3], "car_3369": [1, 6], "car_4691": [5, 1], "car_4359": [2, 0], "car_2468": [4, 5], "car_3437": [7, 0], "car_3747": [6, 0], "car_4843": [13, 6], "car_4328": [13, 3], "car_703": [8, 4], "car_702": [13, 5], "car_701": [2, 7], "car_700": [14, 1], "car_707": [1, 3], "car_706": [4, 7], "car_705": [0, 4], "car_704": [12, 5], "car_709": [10, 1], "car_708": [5, 0], "car_3436": [2, 4], "car_3008": [10, 1], "car_3009": [2, 4], "car_4329": [3, 4], "car_3000": [7, 0], "car_3001": [8, 3], "car_3002": [0, 1], "car_3003": [4, 6], "car_3004": [11, 1], "car_3005": [15, 6], "car_3006": [1, 7], "car_3007": [5, 3], "car_2221": [10, 2], "car_4353": [0, 3], "car_4247": [4, 6], "car_2308": [10, 6], "car_4116": [13, 2], "car_3619": [6, 4], "car_4773": [12, 7], "car_2400": [10, 6], "car_3751": [4, 5], "car_2309": [14, 1], "car_3201": [2, 7], "car_3754": [1, 7], "car_3755": [14, 4], "car_4496": [12, 4], "car_3756": [2, 4], "car_3757": [9, 5], "car_4815": [5, 7], "car_1987": [6, 2], "car_1986": [14, 6], "car_1985": [1, 6], "car_1984": [15, 6], "car_1983": [11, 0], "car_1982": [12, 2], "car_1981": [7, 6], "car_1980": [6, 3], "car_4159": [11, 3], "car_4158": [4, 6], "car_4696": [15, 1], "car_1989": [3, 0], "car_1988": [9, 6], "car_4827": [12, 0], "car_2768": [10, 4], "car_1855": [3, 4], "car_1796": [0, 1], "car_1857": [4, 6], "car_1856": [12, 2], "car_1851": [10, 4], "car_1850": [1, 4], "car_1853": [9, 2], "car_1797": [4, 5], "car_4805": [13, 3], "car_4804": [14, 6], "car_4807": [0, 2], "car_2336": [9, 4], "car_1859": [1, 2], "car_1794": [3, 0], "car_4803": [5, 3], "car_4802": [1, 7], "car_2230": [15, 0], "car_129": [6, 0], "car_128": [2, 5], "car_4368": [7, 6], "car_4029": [1, 0], "car_2231": [5, 6], "car_123": [4, 0], "car_122": [0, 7], "car_121": [12, 0], "car_120": [8, 4], "car_127": [10, 7], "car_126": [5, 0], "car_125": [15, 0], "car_124": [11, 7], "car_4377": [12, 4], "car_4153": [6, 5], "car_4375": [14, 5], "car_4374": [10, 0], "car_3718": [9, 1], "car_1790": [2, 5], "car_1219": [11, 2], "car_1218": [0, 6], "car_1217": [13, 5], "car_1216": [9, 7], "car_1215": [2, 0], "car_1214": [10, 7], "car_1213": [1, 2], "car_1212": [11, 7], "car_1211": [3, 1], "car_1210": [6, 4], "car_1415": [15, 2], "car_4150": [1, 3], "car_1414": [8, 5], "car_4157": [0, 7], "car_1417": [5, 0], "car_4156": [12, 3], "car_4266": [1, 2], "car_3719": [13, 6], "car_1416": [1, 6], "car_4155": [3, 5], "car_1411": [14, 6], "car_4154": [9, 1], "car_3959": [0, 1], "car_1410": [1, 3], "car_237": [8, 0], "car_236": [7, 5], "car_235": [13, 5], "car_234": [6, 5], "car_233": [2, 6], "car_232": [14, 1], "car_231": [10, 5], "car_230": [15, 7], "car_3372": [2, 3], "car_1412": [3, 6], "car_4799": [3, 7], "car_4798": [13, 1], "car_239": [4, 7], "car_238": [0, 3], "car_2988": [5, 1], "car_2989": [10, 1], "car_2638": [8, 6], "car_2639": [12, 5], "car_2634": [10, 7], "car_2635": [14, 5], "car_2636": [6, 4], "car_2637": [9, 3], "car_2630": [2, 7], "car_2631": [13, 4], "car_2632": [3, 0], "car_2633": [12, 4], "car_1503": [10, 2], "car_1502": [5, 0], "car_1501": [11, 4], "car_1500": [0, 7], "car_1507": [8, 5], "car_1506": [7, 3], "car_1505": [13, 6], "car_1504": [6, 1], "car_3373": [6, 4], "car_4772": [8, 0], "car_1509": [0, 6], "car_1508": [12, 2], "car_4777": [6, 1], "car_4776": [10, 1], "car_4775": [11, 6], "car_3825": [13, 7], "car_4498": [4, 7], "car_4367": [3, 6], "car_4812": [8, 0], "car_3439": [1, 6], "car_3745": [14, 1], "car_4489": [11, 4], "car_4488": [12, 4], "car_4322": [12, 1], "car_1189": [5, 3], "car_1188": [11, 1], "car_1187": [0, 4], "car_1186": [7, 3], "car_1185": [9, 5], "car_1184": [6, 3], "car_1183": [2, 7], "car_1182": [10, 7], "car_1181": [5, 0], "car_1180": [1, 5], "car_2182": [9, 4], "car_2183": [7, 1], "car_2180": [1, 7], "car_2181": [6, 1], "car_2186": [11, 3], "car_2187": [15, 4], "car_2184": [8, 6], "car_2185": [0, 2], "car_3438": [8, 7], "car_2188": [10, 7], "car_2189": [8, 3], "car_949": [9, 3], "car_948": [6, 2], "car_2742": [3, 2], "car_2743": [7, 5], "car_2744": [8, 4], "car_2745": [12, 2], "car_2746": [0, 3], "car_2747": [4, 0], "car_941": [8, 7], "car_940": [3, 2], "car_943": [4, 0], "car_942": [12, 7], "car_945": [1, 7], "car_944": [11, 2], "car_947": [14, 7], "car_946": [10, 3], "car_1437": [10, 5], "car_1436": [15, 5], "car_1435": [11, 2], "car_1434": [0, 5], "car_1433": [12, 0], "car_1432": [7, 3], "car_1431": [3, 6], "car_1430": [13, 3], "car_1439": [9, 5], "car_1438": [2, 1], "car_3501": [11, 6], "car_2238": [5, 7], "car_4114": [2, 1], "car_2823": [12, 0], "car_4446": [8, 7], "car_493": [10, 0], "car_492": [12, 7], "car_491": [7, 1], "car_490": [3, 1], "car_497": [3, 6], "car_496": [13, 0], "car_495": [6, 2], "car_494": [2, 7], "car_3347": [15, 5], "car_3346": [11, 7], "car_499": [11, 5], "car_498": [12, 2], "car_3343": [12, 6], "car_3342": [8, 6], "car_3341": [3, 0], "car_3340": [13, 3], "car_2296": [1, 4], "car_2297": [5, 1], "car_2294": [0, 7], "car_2239": [9, 7], "car_2292": [8, 2], "car_2293": [12, 6], "car_2290": [13, 2], "car_2291": [3, 5], "car_3585": [8, 0], "car_1918": [5, 7], "car_3587": [11, 5], "car_3586": [4, 1], "car_2568": [6, 2], "car_2569": [13, 3], "car_2298": [10, 3], "car_1919": [10, 1], "car_1729": [10, 0], "car_1728": [5, 3], "car_1723": [8, 0], "car_1722": [7, 1], "car_1721": [3, 5], "car_1720": [9, 1], "car_1727": [15, 7], "car_1726": [11, 4], "car_1725": [4, 7], "car_1724": [0, 1], "car_43": [14, 1], "car_42": [5, 3], "car_41": [4, 7], "car_40": [7, 6], "car_47": [0, 3], "car_46": [7, 6], "car_45": [3, 7], "car_44": [13, 3], "car_3901": [5, 0], "car_3900": [1, 0], "car_49": [10, 0], "car_48": [4, 1], "car_3905": [6, 2], "car_1916": [0, 1], "car_3907": [13, 2], "car_3906": [9, 6], "car_3365": [7, 4], "car_1917": [11, 3], "car_4844": [3, 2], "car_3364": [9, 0], "car_4801": [4, 6], "car_3761": [11, 2], "car_3375": [0, 2], "car_3367": [4, 2], "car_1858": [11, 4], "car_831": [8, 4], "car_830": [7, 0], "car_833": [11, 7], "car_832": [12, 2], "car_835": [1, 5], "car_834": [15, 7], "car_837": [2, 7], "car_836": [10, 5], "car_839": [13, 6], "car_838": [9, 6], "car_2360": [15, 1], "car_2361": [1, 7], "car_2366": [4, 1], "car_2367": [15, 1], "car_2364": [12, 4], "car_2365": [0, 5], "car_2168": [8, 6], "car_2169": [12, 4], "car_3509": [7, 0], "car_3815": [13, 5], "car_2160": [15, 0], "car_2161": [1, 3], "car_2162": [10, 4], "car_2163": [14, 1], "car_2164": [2, 6], "car_2165": [13, 1], "car_2166": [3, 6], "car_2167": [7, 5], "car_2810": [7, 2], "car_2811": [12, 5], "car_2812": [0, 1], "car_4311": [5, 0], "car_2813": [4, 5], "car_3763": [14, 3], "car_1941": [9, 6], "car_2814": [15, 2], "car_4028": [15, 3], "car_3055": [5, 6], "car_2815": [1, 2], "car_4027": [0, 4], "car_2544": [14, 4], "car_3235": [10, 3], "car_2817": [6, 7], "car_4025": [3, 1], "car_3167": [9, 1], "car_3166": [6, 3], "car_3165": [2, 0], "car_3164": [14, 5], "car_3163": [10, 7], "car_3162": [5, 0], "car_3161": [1, 6], "car_3160": [0, 5], "car_4023": [6, 4], "car_4785": [3, 0], "car_2463": [13, 1], "car_3169": [7, 3], "car_3168": [3, 0], "car_2462": [9, 6], "car_3980": [7, 3], "car_4021": [10, 0], "car_3309": [1, 4], "car_4020": [5, 6], "car_3565": [10, 2], "car_4376": [2, 6], "car_3933": [13, 4], "car_710": [14, 5], "car_711": [2, 5], "car_712": [9, 1], "car_713": [13, 5], "car_714": [8, 2], "car_715": [11, 4], "car_716": [15, 2], "car_717": [5, 3], "car_718": [10, 0], "car_719": [14, 2], "car_4847": [4, 7], "car_4372": [15, 0], "car_1892": [1, 2], "car_3019": [8, 1], "car_3018": [7, 2], "car_4224": [7, 5], "car_3028": [8, 3], "car_3013": [7, 1], "car_3012": [3, 4], "car_3011": [9, 1], "car_3010": [6, 0], "car_3017": [14, 1], "car_3016": [15, 7], "car_3015": [0, 6], "car_2987": [1, 4], "car_3923": [0, 2], "car_3508": [3, 1], "car_3989": [9, 5], "car_3421": [8, 4], "car_4494": [3, 1], "car_4273": [7, 1], "car_4379": [4, 3], "car_4809": [10, 1], "car_4378": [0, 6], "car_1894": [14, 7], "car_4579": [11, 3], "car_4495": [7, 1], "car_4440": [1, 6], "car_4517": [14, 2], "car_4808": [15, 2], "car_3769": [4, 0], "car_4166": [7, 6], "car_4167": [8, 6], "car_4164": [9, 4], "car_4165": [13, 3], "car_4162": [2, 0], "car_4163": [6, 1], "car_4160": [15, 6], "car_4161": [10, 5], "car_4492": [14, 6], "car_4168": [0, 3], "car_4169": [4, 0], "car_2895": [10, 4], "car_3368": [11, 6], "car_4493": [6, 0], "car_4811": [3, 2], "car_138": [10, 7], "car_139": [2, 4], "car_4010": [10, 6], "car_4011": [14, 3], "car_4016": [12, 6], "car_4017": [0, 2], "car_4014": [7, 1], "car_4015": [8, 2], "car_130": [9, 5], "car_131": [13, 4], "car_132": [3, 2], "car_133": [7, 4], "car_134": [12, 3], "car_135": [0, 3], "car_136": [4, 0], "car_137": [15, 6], "car_1222": [10, 3], "car_1223": [9, 3], "car_1220": [1, 3], "car_1221": [5, 2], "car_1226": [4, 2], "car_1227": [11, 7], "car_1224": [3, 1], "car_1225": [12, 5], "car_1886": [3, 7], "car_1887": [8, 6], "car_1228": [5, 1], "car_1229": [10, 3], "car_1882": [15, 1], "car_1883": [5, 2], "car_1880": [0, 7], "car_1881": [11, 4], "car_2621": [2, 5], "car_3625": [0, 6], "car_3988": [6, 2], "car_224": [10, 4], "car_225": [14, 5], "car_226": [2, 1], "car_227": [13, 4], "car_220": [0, 5], "car_221": [11, 4], "car_222": [15, 7], "car_223": [5, 6], "car_228": [3, 7], "car_229": [4, 3], "car_1086": [4, 5], "car_1087": [11, 3], "car_1084": [8, 6], "car_1085": [12, 6], "car_1082": [3, 0], "car_1083": [7, 2], "car_1080": [9, 3], "car_1081": [13, 0], "car_2627": [4, 3], "car_2626": [0, 7], "car_2625": [12, 3], "car_2624": [3, 1], "car_2623": [9, 7], "car_2622": [6, 7], "car_1088": [1, 7], "car_1089": [10, 5], "car_1536": [7, 4], "car_1537": [12, 1], "car_1534": [2, 1], "car_1535": [6, 1], "car_1532": [5, 1], "car_1533": [10, 7], "car_1530": [15, 4], "car_1531": [1, 7], "car_4746": [8, 1], "car_4747": [12, 4], "car_4744": [2, 7], "car_4745": [13, 3], "car_4742": [1, 2], "car_4743": [5, 0], "car_1538": [0, 5], "car_1539": [4, 2], "car_4795": [5, 0], "car_3512": [15, 5], "car_4794": [11, 4], "car_4806": [3, 5], "car_4703": [12, 5], "car_4797": [9, 4], "car_4348": [5, 7], "car_4349": [2, 7], "car_4342": [6, 0], "car_4343": [13, 4], "car_4340": [10, 7], "car_4341": [14, 3], "car_4346": [15, 0], "car_4347": [1, 7], "car_4344": [3, 4], "car_4345": [12, 4], "car_956": [14, 1], "car_957": [2, 5], "car_954": [5, 1], "car_955": [10, 5], "car_952": [11, 6], "car_953": [1, 4], "car_950": [3, 4], "car_951": [7, 0], "car_4593": [12, 2], "car_1827": [4, 6], "car_2199": [3, 7], "car_2198": [13, 0], "car_958": [9, 2], "car_959": [8, 4], "car_1158": [6, 2], "car_1159": [8, 5], "car_1408": [4, 0], "car_1409": [15, 0], "car_2757": [14, 2], "car_2756": [10, 2], "car_2755": [5, 1], "car_1829": [1, 2], "car_1150": [13, 3], "car_1151": [3, 2], "car_1152": [7, 1], "car_1153": [4, 5], "car_1154": [15, 6], "car_1155": [1, 4], "car_1156": [5, 3], "car_1157": [10, 6], "car_2532": [4, 5], "car_2380": [4, 3], "car_3510": [0, 5], "car_4657": [5, 6], "car_2764": [0, 1], "car_4592": [9, 3], "car_2381": [11, 3], "car_4650": [5, 4], "car_2382": [5, 0], "car_4651": [14, 5], "car_2383": [10, 6], "car_4652": [6, 1], "car_1826": [8, 4], "car_3314": [7, 1], "car_4653": [9, 5], "car_3315": [12, 7], "car_480": [8, 4], "car_481": [4, 7], "car_482": [11, 0], "car_483": [15, 6], "car_484": [5, 3], "car_485": [14, 7], "car_486": [2, 3], "car_487": [6, 1], "car_488": [9, 5], "car_489": [13, 5], "car_2283": [6, 3], "car_2282": [2, 5], "car_2285": [8, 7], "car_2284": [3, 0], "car_2287": [11, 3], "car_2286": [4, 2], "car_2577": [4, 7], "car_853": [10, 4], "car_2575": [6, 2], "car_2574": [5, 2], "car_2573": [11, 4], "car_2572": [8, 7], "car_2571": [7, 1], "car_852": [5, 2], "car_3578": [5, 0], "car_3579": [14, 1], "car_851": [11, 7], "car_2579": [10, 2], "car_2578": [5, 3], "car_4590": [10, 0], "car_582": [1, 0], "car_4711": [4, 3], "car_1718": [2, 5], "car_1719": [6, 7], "car_1716": [1, 6], "car_857": [3, 7], "car_1714": [4, 2], "car_1715": [15, 4], "car_1712": [12, 7], "car_1713": [0, 3], "car_1710": [9, 0], "car_856": [13, 4], "car_2982": [9, 2], "car_1828": [11, 3], "car_3978": [9, 4], "car_855": [9, 0], "car_4584": [6, 3], "car_2983": [13, 2], "car_3974": [11, 4], "car_3975": [1, 4], "car_3976": [14, 7], "car_854": [6, 2], "car_3970": [14, 7], "car_2980": [1, 3], "car_3972": [9, 1], "car_3973": [4, 3], "car_4597": [6, 3], "car_4700": [6, 1], "car_2981": [6, 5], "car_2739": [10, 3], "car_4757": [8, 5], "car_2738": [4, 0], "car_3714": [12, 1], "car_3715": [4, 5], "car_3716": [15, 3], "car_3494": [14, 6], "car_2379": [0, 3], "car_2378": [9, 1], "car_828": [9, 4], "car_829": [3, 2], "car_826": [1, 3], "car_827": [5, 1], "car_824": [8, 1], "car_825": [15, 4], "car_822": [3, 0], "car_823": [7, 5], "car_820": [10, 3], "car_821": [6, 3], "car_3484": [6, 4], "car_3485": [9, 5], "car_2179": [15, 1], "car_2178": [4, 0], "car_3480": [15, 5], "car_3481": [1, 5], "car_3482": [10, 3], "car_3483": [2, 7], "car_2173": [14, 1], "car_2172": [10, 1], "car_2171": [11, 3], "car_2170": [4, 5], "car_2177": [0, 6], "car_2176": [13, 2], "car_2175": [9, 5], "car_2174": [2, 4], "car_4486": [13, 4], "car_4477": [3, 2], "car_3238": [8, 7], "car_2535": [10, 1], "car_3920": [14, 5], "car_4595": [5, 2], "car_4471": [8, 2], "car_3349": [2, 0], "car_3218": [5, 4], "car_3628": [10, 2], "car_3629": [14, 3], "car_3158": [3, 2], "car_3159": [12, 2], "car_2534": [1, 3], "car_3499": [8, 1], "car_4022": [2, 5], "car_3152": [15, 4], "car_3153": [1, 4], "car_3150": [7, 0], "car_3151": [4, 7], "car_3156": [9, 0], "car_3157": [13, 2], "car_3154": [14, 7], "car_3155": [6, 3], "car_3398": [13, 7], "car_3399": [7, 4], "car_4770": [10, 6], "car_3390": [13, 4], "car_3391": [8, 5], "car_3392": [0, 2], "car_3393": [4, 5], "car_3394": [15, 0], "car_3395": [1, 3], "car_3396": [10, 5], "car_3397": [6, 1], "car_3983": [1, 4], "car_4514": [0, 3], "car_4774": [4, 0], "car_3799": [15, 5], "car_3389": [9, 6], "car_4458": [6, 7], "car_3982": [11, 4], "car_4761": [1, 0], "car_729": [10, 7], "car_728": [1, 0], "car_725": [12, 7], "car_724": [7, 4], "car_727": [11, 6], "car_726": [4, 7], "car_721": [9, 2], "car_720": [2, 1], "car_723": [3, 2], "car_722": [13, 3], "car_3797": [12, 7], "car_2708": [2, 3], "car_3029": [12, 6], "car_3026": [3, 7], "car_3027": [7, 4], "car_3024": [14, 3], "car_3025": [9, 3], "car_3022": [1, 7], "car_3023": [10, 4], "car_3020": [0, 3], "car_3021": [11, 7], "car_3519": [7, 5], "car_4599": [8, 4], "car_2620": [1, 3], "car_3275": [14, 6], "car_1795": [7, 1], "car_4818": [13, 1], "car_4598": [13, 2], "car_3274": [10, 2], "car_1792": [9, 6], "car_4819": [3, 2], "car_3987": [2, 1], "car_3226": [10, 6], "car_4791": [8, 6], "car_1793": [13, 7], "car_3986": [14, 5], "car_3779": [2, 6], "car_4481": [4, 0], "car_2440": [2, 3], "car_4635": [6, 3], "car_4480": [12, 5], "car_4790": [7, 4], "car_4483": [14, 2], "car_105": [13, 2], "car_104": [9, 3], "car_107": [8, 5], "car_106": [7, 0], "car_101": [10, 7], "car_100": [5, 4], "car_103": [2, 1], "car_102": [14, 6], "car_1888": [0, 1], "car_4485": [6, 7], "car_109": [11, 4], "car_108": [12, 4], "car_3659": [3, 1], "car_4484": [2, 0], "car_4005": [13, 0], "car_4004": [2, 3], "car_4007": [7, 5], "car_4006": [3, 7], "car_4001": [15, 7], "car_4000": [0, 6], "car_4003": [14, 5], "car_4002": [10, 0], "car_3934": [3, 6], "car_1791": [6, 4], "car_4008": [12, 5], "car_3637": [2, 7], "car_1235": [8, 4], "car_1234": [3, 7], "car_1237": [0, 2], "car_1236": [12, 2], "car_1231": [2, 0], "car_1230": [14, 4], "car_1233": [13, 7], "car_1232": [6, 4], "car_1899": [12, 5], "car_1898": [7, 1], "car_4512": [7, 0], "car_1239": [11, 1], "car_1238": [4, 0], "car_3633": [12, 3], "car_4633": [14, 1], "car_3511": [4, 5], "car_4792": [12, 1], "car_3632": [3, 6], "car_3609": [3, 2], "car_3516": [9, 0], "car_3631": [9, 2], "car_3517": [13, 2], "car_3630": [6, 1], "car_3774": [3, 1], "car_3514": [10, 4], "car_3141": [13, 2], "car_3515": [6, 3], "car_3636": [1, 2], "car_211": [4, 3], "car_210": [0, 5], "car_213": [15, 4], "car_212": [11, 7], "car_215": [14, 7], "car_214": [5, 4], "car_217": [13, 7], "car_216": [6, 0], "car_219": [8, 5], "car_218": [7, 0], "car_4173": [10, 4], "car_3634": [0, 6], "car_4175": [9, 2], "car_3518": [3, 6], "car_4177": [3, 0], "car_2676": [9, 6], "car_1529": [4, 7], "car_1528": [0, 2], "car_2610": [3, 5], "car_2611": [12, 2], "car_2616": [8, 5], "car_2617": [12, 2], "car_2614": [2, 7], "car_2615": [13, 1], "car_1521": [12, 6], "car_1520": [7, 2], "car_1523": [4, 2], "car_1522": [0, 3], "car_1525": [1, 6], "car_1524": [15, 3], "car_1527": [2, 3], "car_1526": [5, 7], "car_4751": [1, 7], "car_4750": [15, 5], "car_4753": [10, 4], "car_3227": [2, 4], "car_4755": [2, 1], "car_2849": [13, 7], "car_2700": [10, 2], "car_4756": [13, 4], "car_4759": [11, 6], "car_4758": [0, 2], "car_2848": [9, 2], "car_3772": [2, 0], "car_2740": [2, 1], "car_3222": [7, 0], "car_2741": [9, 1], "car_3223": [11, 0], "car_2313": [3, 6], "car_2701": [6, 4], "car_4358": [14, 2], "car_2312": [9, 0], "car_4355": [15, 2], "car_4354": [11, 0], "car_4357": [10, 7], "car_4356": [5, 6], "car_4351": [3, 7], "car_2311": [6, 2], "car_3773": [6, 1], "car_4352": [7, 4], "car_923": [1, 0], "car_922": [4, 3], "car_921": [12, 1], "car_920": [8, 6], "car_927": [3, 5], "car_926": [9, 1], "car_925": [10, 1], "car_924": [5, 1], "car_2317": [11, 1], "car_929": [12, 2], "car_928": [8, 6], "car_3665": [8, 7], "car_2316": [4, 7], "car_2766": [11, 3], "car_2748": [2, 3], "car_1149": [2, 4], "car_1148": [1, 2], "car_1419": [14, 2], "car_1418": [10, 7], "car_2760": [13, 0], "car_2749": [9, 4], "car_1143": [13, 0], "car_1142": [2, 0], "car_1141": [11, 6], "car_1140": [12, 5], "car_1147": [15, 0], "car_1146": [11, 1], "car_1145": [12, 4], "car_1144": [8, 5], "car_4503": [14, 7], "car_4504": [7, 1], "car_4505": [4, 2], "car_1099": [3, 5], "car_1098": [13, 5], "car_3385": [1, 3], "car_4580": [1, 6], "car_4816": [14, 4], "car_1091": [2, 0], "car_1090": [14, 0], "car_1093": [9, 7], "car_1092": [6, 1], "car_1095": [0, 7], "car_1094": [8, 2], "car_1097": [6, 4], "car_1096": [14, 2], "car_2818": [5, 6], "car_2819": [10, 6], "car_2548": [7, 1], "car_2549": [15, 6], "car_3361": [5, 6], "car_3360": [3, 5], "car_3363": [2, 7], "car_3362": [14, 7], "car_2542": [11, 7], "car_2543": [10, 3], "car_2540": [8, 2], "car_2541": [0, 7], "car_2546": [9, 1], "car_2547": [13, 1], "car_2521": [1, 4], "car_2545": [2, 4], "car_3563": [1, 2], "car_3562": [11, 0], "car_3561": [12, 7], "car_3384": [11, 0], "car_3567": [6, 2], "car_3566": [14, 3], "car_3468": [12, 3], "car_3564": [5, 1], "car_3569": [12, 4], "car_3568": [8, 5], "car_4645": [2, 4], "car_1701": [13, 4], "car_1700": [14, 1], "car_1703": [8, 2], "car_1702": [3, 0], "car_1705": [4, 5], "car_1704": [0, 1], "car_1707": [14, 2], "car_1706": [15, 0], "car_1709": [6, 2], "car_1708": [2, 6], "car_2522": [5, 0], "car_4661": [6, 7], "car_4582": [14, 3], "car_4814": [1, 6], "car_3969": [5, 4], "car_3968": [1, 3], "car_3967": [15, 4], "car_3966": [4, 7], "car_3965": [12, 2], "car_3964": [8, 1], "car_3963": [7, 6], "car_3962": [3, 7], "car_3961": [15, 0], "car_3960": [4, 2], "car_4850": [13, 1], "car_2523": [10, 7], "car_4660": [2, 6], "car_589": [4, 3], "car_588": [0, 7], "car_859": [4, 7], "car_858": [7, 1], "car_2384": [2, 0], "car_2385": [6, 3], "car_1695": [8, 4], "car_2387": [12, 6], "car_581": [15, 4], "car_580": [4, 0], "car_583": [5, 0], "car_850": [4, 3], "car_585": [13, 3], "car_584": [6, 3], "car_587": [7, 2], "car_586": [3, 6], "car_3497": [9, 4], "car_3496": [6, 2], "car_3495": [2, 7], "car_2002": [10, 3], "car_3493": [10, 3], "car_3492": [1, 7], "car_2148": [10, 2], "car_2149": [14, 0], "car_2146": [4, 3], "car_2147": [15, 7], "car_2144": [12, 2], "car_2145": [0, 3], "car_2142": [3, 1], "car_2143": [7, 6], "car_2140": [6, 0], "car_2141": [13, 3], "car_4544": [14, 5], "car_3896": [6, 2], "car_4049": [5, 3], "car_4639": [0, 7], "car_3529": [12, 0], "car_4662": [0, 5], "car_4585": [9, 7], "car_2985": [8, 0], "car_3639": [7, 3], "car_3638": [9, 2], "car_3149": [9, 0], "car_3148": [6, 4], "car_3145": [15, 6], "car_3144": [11, 2], "car_3147": [14, 3], "car_3146": [10, 6], "car_2779": [13, 4], "car_3140": [14, 6], "car_3143": [4, 1], "car_3142": [12, 1], "car_457": [13, 5], "car_456": [6, 1], "car_455": [14, 5], "car_454": [5, 7], "car_453": [1, 3], "car_452": [15, 7], "car_451": [11, 3], "car_450": [4, 2], "car_3383": [4, 3], "car_3382": [0, 1], "car_3381": [7, 5], "car_1878": [9, 5], "car_3387": [14, 2], "car_3386": [5, 2], "car_459": [8, 2], "car_458": [7, 5], "car_1877": [6, 1], "car_4644": [14, 2], "car_1876": [14, 0], "car_2778": [9, 2], "car_2993": [12, 7], "car_1875": [10, 4], "car_1874": [5, 0], "car_4587": [8, 0], "car_1873": [0, 3], "car_1872": [12, 3], "car_738": [11, 3], "car_739": [1, 7], "car_1871": [7, 6], "car_733": [13, 6], "car_732": [9, 0], "car_32": [2, 5], "car_730": [14, 7], "car_731": [2, 5], "car_736": [0, 4], "car_737": [4, 6], "car_734": [8, 4], "car_735": [12, 3], "car_3031": [1, 3], "car_1976": [1, 7], "car_3033": [6, 7], "car_3032": [14, 6], "car_3035": [12, 2], "car_3034": [8, 6], "car_3037": [15, 1], "car_1977": [5, 7], "car_3039": [5, 1], "car_3038": [1, 7], "car_3348": [5, 2], "car_1698": [1, 5], "car_4120": [4, 7], "car_4782": [1, 6], "car_4121": [1, 6], "car_4126": [3, 7], "car_3345": [1, 7], "car_4127": [12, 3], "car_3748": [13, 4], "car_3344": [0, 1], "car_4589": [4, 1], "car_4124": [9, 6], "car_3030": [15, 3], "car_4125": [13, 6], "car_4134": [6, 4], "car_4041": [5, 0], "car_3635": [4, 3], "car_38": [14, 6], "car_4040": [15, 1], "car_39": [2, 0], "car_4128": [11, 5], "car_2564": [0, 6], "car_4129": [15, 4], "car_2565": [5, 2], "car_4045": [12, 2], "car_3036": [4, 1], "car_2566": [10, 2], "car_2295": [11, 5], "car_1978": [10, 4], "car_2560": [6, 3], "car_1979": [2, 3], "car_3523": [5, 2], "car_2561": [9, 5], "car_4258": [10, 4], "car_2562": [13, 7], "car_4259": [6, 0], "car_2563": [8, 3], "car_4708": [9, 1], "car_2443": [8, 0], "car_4709": [3, 6], "car_2442": [9, 2], "car_3998": [13, 3], "car_3522": [11, 2], "car_3351": [3, 2], "car_2441": [6, 7], "car_112": [8, 6], "car_113": [4, 0], "car_110": [5, 6], "car_111": [13, 6], "car_116": [1, 3], "car_117": [10, 7], "car_114": [11, 3], "car_115": [15, 5], "car_2447": [2, 4], "car_118": [14, 2], "car_119": [9, 2], "car_2446": [1, 7], "car_4319": [10, 3], "car_2445": [11, 7], "car_3999": [8, 6], "car_4318": [1, 3], "car_3521": [4, 3], "car_2299": [14, 5], "car_4252": [8, 5], "car_2533": [11, 5], "car_2453": [5, 7], "car_4611": [10, 1], "car_4612": [6, 3], "car_4253": [4, 6], "car_3408": [13, 4], "car_4615": [7, 1], "car_4616": [0, 7], "car_4617": [11, 4], "car_4618": [15, 4], "car_4619": [10, 2], "car_4255": [15, 7], "car_3828": [2, 5], "car_3996": [10, 1], "car_4704": [15, 3], "car_4705": [5, 3], "car_2454": [14, 5], "car_4052": [8, 1], "car_3409": [3, 6], "car_4298": [7, 4], "car_4299": [11, 2], "car_4294": [2, 5], "car_4295": [6, 3], "car_4296": [9, 5], "car_4297": [3, 0], "car_4290": [11, 2], "car_4291": [15, 4], "car_4292": [5, 4], "car_4293": [10, 7], "car_1950": [0, 1], "car_1951": [5, 4], "car_1952": [13, 2], "car_1953": [7, 2], "car_1954": [0, 5], "car_1955": [1, 2], "car_208": [13, 7], "car_209": [3, 2], "car_206": [2, 1], "car_207": [9, 6], "car_204": [1, 0], "car_205": [5, 3], "car_202": [7, 3], "car_203": [15, 3], "car_200": [6, 4], "car_201": [9, 1], "car_2605": [9, 4], "car_2604": [2, 7], "car_2607": [0, 6], "car_2606": [8, 1], "car_1558": [9, 6], "car_1559": [3, 2], "car_2603": [10, 0], "car_2602": [0, 3], "car_1554": [10, 3], "car_1555": [14, 5], "car_1556": [2, 6], "car_1557": [6, 7], "car_1550": [0, 7], "car_1551": [4, 1], "car_1552": [11, 2], "car_1553": [5, 1], "car_4724": [6, 5], "car_4725": [9, 0], "car_1398": [3, 5], "car_1399": [8, 5], "car_4720": [0, 2], "car_4721": [4, 2], "car_4722": [15, 4], "car_4723": [2, 6], "car_1392": [4, 0], "car_1393": [14, 6], "car_1390": [12, 0], "car_1391": [0, 4], "car_1396": [9, 6], "car_1397": [13, 7], "car_1394": [2, 5], "car_1395": [6, 3], "car_3862": [9, 5], "car_2598": [5, 2], "car_3544": [10, 5], "car_3404": [1, 0], "car_930": [0, 4], "car_931": [4, 7], "car_932": [1, 2], "car_933": [5, 3], "car_934": [8, 6], "car_935": [1, 6], "car_936": [14, 3], "car_937": [2, 0], "car_938": [6, 2], "car_939": [13, 2], "car_2773": [8, 1], "car_2772": [3, 0], "car_2775": [1, 0], "car_2774": [12, 7], "car_2777": [14, 1], "car_2776": [10, 4], "car_6": [7, 4], "car_7": [11, 0], "car_4": [13, 3], "car_5": [3, 7], "car_2": [1, 6], "car_3": [14, 5], "car_1178": [0, 7], "car_1": [11, 5], "car_1176": [7, 3], "car_1177": [8, 1], "car_1174": [9, 2], "car_1175": [13, 1], "car_1172": [14, 6], "car_1173": [6, 5], "car_8": [9, 1], "car_9": [7, 0], "car_3869": [9, 2], "car_3829": [6, 1], "car_3746": [2, 3], "car_3513": [5, 4], "car_3904": [2, 1], "car_3807": [8, 5], "car_3898": [11, 6], "car_3908": [3, 1], "car_4610": [15, 2], "car_3826": [7, 2], "car_3827": [11, 2], "car_2809": [3, 1], "car_2808": [13, 3], "car_2559": [2, 4], "car_2558": [14, 6], "car_3820": [9, 5], "car_3821": [3, 7], "car_2555": [1, 6], "car_2554": [11, 5], "car_2557": [10, 5], "car_2556": [5, 3], "car_2551": [9, 5], "car_2550": [10, 5], "car_2553": [4, 3], "car_2552": [0, 3], "car_3556": [10, 7], "car_3557": [9, 1], "car_3554": [1, 4], "car_3555": [5, 2], "car_3552": [11, 4], "car_3553": [15, 4], "car_3550": [8, 7], "car_3551": [0, 6], "car_3902": [10, 6], "car_3558": [13, 7], "car_3559": [7, 1], "car_1774": [9, 3], "car_1775": [13, 6], "car_1776": [7, 2], "car_1777": [8, 6], "car_1770": [15, 5], "car_1771": [10, 2], "car_1772": [14, 1], "car_1773": [2, 0], "car_3744": [10, 2], "car_1778": [12, 6], "car_1779": [4, 0], "car_98": [11, 7], "car_99": [15, 6], "car_3950": [15, 4], "car_3951": [1, 2], "car_3956": [7, 2], "car_3957": [8, 2], "car_3954": [13, 6], "car_3955": [3, 6], "car_90": [15, 6], "car_91": [1, 5], "car_92": [14, 3], "car_93": [2, 1], "car_94": [3, 5], "car_95": [8, 4], "car_96": [0, 7], "car_97": [4, 3], "car_596": [0, 7], "car_597": [4, 7], "car_594": [7, 2], "car_595": [12, 1], "car_592": [6, 4], "car_593": [13, 2], "car_590": [11, 7], "car_591": [1, 7], "car_3500": [4, 6], "car_3733": [5, 2], "car_3730": [8, 3], "car_3731": [11, 5], "car_3736": [9, 7], "car_3737": [13, 7], "car_598": [11, 0], "car_599": [14, 7], "car_848": [7, 4], "car_849": [12, 7], "car_2391": [15, 2], "car_2390": [11, 1], "car_2397": [8, 4], "car_2396": [7, 4], "car_2395": [3, 1], "car_2394": [13, 0], "car_840": [7, 3], "car_841": [8, 0], "car_842": [12, 4], "car_843": [0, 4], "car_844": [4, 2], "car_845": [14, 2], "car_846": [2, 3], "car_847": [6, 7], "car_1608": [13, 2], "car_1609": [8, 3], "car_2153": [8, 2], "car_2152": [7, 4], "car_2155": [15, 3], "car_2154": [4, 0], "car_2157": [7, 4], "car_2156": [3, 6], "car_1600": [9, 1], "car_1601": [15, 0], "car_1602": [1, 5], "car_1603": [5, 1], "car_1604": [10, 0], "car_1605": [2, 5], "car_1606": [6, 4], "car_1607": [9, 5], "car_4500": [15, 6], "car_4404": [3, 5], "car_2369": [9, 7], "car_3765": [9, 2], "car_3538": [4, 2], "car_4389": [15, 0], "car_4677": [4, 2], "car_3764": [6, 0], "car_3767": [8, 2], "car_3766": [13, 5], "car_3620": [13, 3], "car_2362": [3, 6], "car_3608": [13, 3], "car_2363": [8, 0], "car_3606": [14, 7], "car_3607": [9, 6], "car_3604": [12, 6], "car_3605": [1, 7], "car_3602": [13, 2], "car_3603": [7, 5], "car_3600": [14, 4], "car_3601": [6, 0], "car_444": [1, 7], "car_445": [5, 1], "car_446": [9, 3], "car_447": [7, 4], "car_440": [12, 6], "car_441": [0, 3], "car_442": [4, 6], "car_443": [11, 7], "car_3892": [1, 2], "car_448": [12, 4], "car_449": [0, 2], "car_2717": [10, 1], "car_2716": [5, 3], "car_3210": [2, 7], "car_4578": [0, 7], "car_4826": [6, 0], "car_2715": [1, 6], "car_2201": [12, 3], "car_2714": [15, 7], "car_2200": [7, 0], "car_2713": [4, 3], "car_4640": [4, 5], "car_2712": [0, 6], "car_2711": [12, 3], "car_4825": [14, 3], "car_2710": [8, 5], "car_3405": [2, 4], "car_3044": [8, 4], "car_3045": [12, 2], "car_3046": [4, 6], "car_3047": [1, 6], "car_3040": [14, 3], "car_3041": [2, 0], "car_3042": [3, 5], "car_3043": [7, 2], "car_3623": [8, 1], "car_4849": [14, 6], "car_3048": [5, 0], "car_3049": [9, 7], "car_2209": [12, 1], "car_3534": [9, 0], "car_4554": [2, 7], "car_2208": [3, 5], "car_4553": [10, 5], "car_4450": [5, 6], "car_4063": [6, 2], "car_3897": [4, 3], "car_4418": [3, 2], "car_4419": [7, 2], "car_4323": [11, 0], "car_3599": [10, 3], "car_3535": [3, 1], "car_3663": [6, 2], "car_4575": [9, 7], "car_4823": [5, 0], "car_2324": [0, 7], "car_4386": [3, 7], "car_4122": [14, 5], "car_695": [3, 1], "car_694": [13, 3], "car_697": [0, 7], "car_696": [7, 1], "car_691": [15, 4], "car_690": [11, 2], "car_693": [2, 0], "car_692": [10, 2], "car_4412": [3, 2], "car_699": [15, 7], "car_698": [4, 3], "car_4413": [8, 7], "car_4520": [7, 5], "car_4679": [1, 4], "car_4574": [6, 1], "car_4822": [1, 5], "car_3810": [11, 2], "car_3479": [4, 1], "car_4123": [6, 2], "car_3876": [2, 0], "car_4845": [8, 7], "car_4577": [12, 5], "car_4821": [15, 0], "car_3478": [0, 5], "car_4829": [11, 7], "car_3894": [10, 1], "car_4525": [1, 0], "car_2399": [5, 1], "car_4576": [3, 4], "car_4820": [7, 6], "car_4603": [9, 2], "car_4602": [5, 3], "car_4601": [1, 6], "car_4600": [0, 3], "car_4607": [12, 6], "car_4606": [8, 4], "car_4605": [7, 4], "car_4604": [13, 7], "car_4609": [11, 6], "car_4608": [4, 0], "car_4571": [11, 1], "car_4451": [10, 5], "car_3571": [4, 7], "car_4288": [12, 1], "car_4287": [8, 0], "car_4286": [7, 3], "car_4285": [13, 1], "car_4284": [2, 7], "car_4283": [12, 2], "car_4282": [8, 2], "car_4281": [3, 1], "car_4280": [10, 6], "car_1943": [3, 6], "car_1942": [13, 3], "car_279": [2, 7], "car_278": [14, 6], "car_1947": [5, 2], "car_1946": [4, 2], "car_1945": [8, 2], "car_1944": [7, 3], "car_273": [9, 3], "car_272": [6, 2], "car_271": [2, 1], "car_270": [1, 3], "car_277": [15, 6], "car_276": [0, 3], "car_275": [8, 7], "car_274": [13, 2], "car_2946": [1, 6], "car_1925": [0, 1], "car_2944": [12, 0], "car_2945": [0, 3], "car_2942": [3, 0], "car_2943": [7, 4], "car_1549": [12, 4], "car_1548": [7, 1], "car_1547": [3, 4], "car_1546": [13, 2], "car_1545": [6, 1], "car_1544": [2, 0], "car_1543": [14, 7], "car_1542": [10, 5], "car_1541": [5, 6], "car_1540": [1, 7], "car_4737": [13, 6], "car_4736": [9, 1], "car_3762": [15, 6], "car_4734": [10, 3], "car_1389": [8, 1], "car_1388": [3, 6], "car_4731": [4, 7], "car_4730": [0, 7], "car_1385": [10, 3], "car_1384": [5, 3], "car_1387": [6, 4], "car_1386": [2, 4], "car_1381": [11, 2], "car_1380": [12, 3], "car_1383": [1, 7], "car_1382": [15, 4], "car_4572": [15, 2], "car_3742": [11, 2], "car_307": [2, 1], "car_306": [14, 6], "car_305": [10, 1], "car_304": [5, 0], "car_303": [1, 4], "car_302": [15, 7], "car_301": [11, 0], "car_300": [3, 0], "car_804": [12, 2], "car_309": [12, 1], "car_308": [8, 7], "car_3752": [11, 5], "car_3435": [14, 1], "car_909": [14, 1], "car_908": [10, 5], "car_3434": [10, 1], "car_905": [4, 1], "car_904": [0, 6], "car_907": [5, 4], "car_906": [15, 1], "car_901": [13, 6], "car_900": [9, 1], "car_903": [7, 0], "car_902": [3, 1], "car_1161": [11, 3], "car_1160": [12, 5], "car_1163": [5, 3], "car_1162": [15, 7], "car_1165": [14, 5], "car_1164": [10, 0], "car_1167": [6, 0], "car_1166": [2, 6], "car_1169": [8, 5], "car_1168": [3, 6], "car_4421": [4, 3], "car_4420": [8, 6], "car_4427": [9, 2], "car_4426": [2, 3], "car_3753": [15, 2], "car_3539": [1, 4], "car_4569": [8, 7], "car_3925": [1, 3], "car_3889": [12, 2], "car_3924": [11, 1], "car_2432": [11, 5], "car_2433": [5, 6], "car_2430": [12, 4], "car_3549": [7, 1], "car_3548": [13, 5], "car_2322": [9, 5], "car_2431": [4, 2], "car_2838": [14, 5], "car_2839": [2, 6], "car_2836": [1, 0], "car_2436": [2, 6], "car_2834": [4, 5], "car_2835": [11, 5], "car_2832": [7, 1], "car_2833": [8, 3], "car_2830": [2, 5], "car_2437": [12, 5], "car_2010": [11, 0], "car_2011": [14, 1], "car_2012": [6, 7], "car_2013": [3, 1], "car_2014": [8, 0], "car_2015": [4, 6], "car_2016": [5, 0], "car_2017": [10, 4], "car_2018": [2, 4], "car_2019": [6, 4], "car_4024": [9, 6], "car_2435": [14, 6], "car_3732": [15, 5], "car_87": [0, 5], "car_86": [12, 6], "car_85": [8, 7], "car_84": [13, 7], "car_83": [9, 1], "car_82": [6, 2], "car_81": [1, 7], "car_80": [11, 2], "car_4444": [3, 5], "car_3249": [5, 2], "car_2001": [5, 7], "car_89": [11, 2], "car_88": [4, 0], "car_3945": [2, 5], "car_3944": [10, 5], "car_3947": [3, 2], "car_2000": [1, 6], "car_2498": [2, 1], "car_2499": [6, 2], "car_3943": [5, 3], "car_3942": [0, 5], "car_2494": [1, 3], "car_2495": [5, 1], "car_2496": [10, 3], "car_2497": [14, 7], "car_2490": [6, 1], "car_2491": [3, 6], "car_2492": [7, 5], "car_2493": [0, 7], "car_875": [7, 6], "car_874": [3, 4], "car_877": [0, 1], "car_876": [8, 5], "car_871": [14, 4], "car_870": [10, 7], "car_873": [6, 3], "car_872": [2, 4], "car_3228": [9, 2], "car_3242": [14, 4], "car_3727": [13, 7], "car_1694": [7, 6], "car_879": [15, 2], "car_878": [4, 0], "car_3723": [11, 3], "car_3243": [2, 4], "car_1752": [10, 1], "car_4613": [9, 7], "car_1753": [6, 1], "car_4614": [3, 1], "car_1699": [5, 2], "car_2124": [12, 6], "car_2125": [0, 4], "car_1619": [7, 0], "car_1618": [13, 7], "car_2120": [14, 4], "car_2121": [6, 3], "car_2122": [7, 5], "car_2123": [8, 7], "car_1613": [8, 6], "car_1612": [3, 0], "car_1611": [15, 5], "car_1610": [12, 4], "car_1617": [9, 4], "car_1616": [2, 3], "car_1615": [1, 6], "car_1614": [0, 1], "car_3839": [15, 3], "car_3838": [11, 5], "car_1754": [9, 2], "car_3831": [12, 4], "car_3830": [8, 7], "car_3833": [2, 3], "car_1755": [13, 0], "car_3835": [7, 4], "car_3834": [6, 7], "car_3837": [4, 2], "car_3836": [12, 5], "car_4441": [5, 6], "car_2767": [1, 5], "car_3653": [11, 3], "car_3611": [8, 1], "car_3610": [7, 2], "car_3613": [11, 3], "car_3612": [12, 4], "car_3615": [1, 6], "car_3614": [15, 2], "car_3617": [14, 1], "car_3616": [5, 7], "car_2323": [3, 1], "car_3618": [2, 3], "car_4208": [7, 6], "car_471": [15, 6], "car_470": [4, 0], "car_473": [10, 2], "car_472": [5, 1], "car_475": [2, 5], "car_474": [14, 5], "car_477": [13, 2], "car_476": [6, 2], "car_479": [7, 2], "car_478": [3, 4], "car_2232": [10, 2], "car_2233": [2, 5], "car_2234": [13, 2], "car_2235": [0, 3], "car_2236": [15, 6], "car_2237": [1, 3], "car_4534": [14, 0], "car_4443": [9, 1], "car_2769": [14, 6], "car_2765": [4, 2], "car_4719": [8, 0], "car_4649": [1, 7], "car_4741": [15, 6], "car_2038": [10, 1], "car_2709": [13, 5], "car_3229": [7, 2], "car_3057": [14, 5], "car_3056": [10, 5], "car_2762": [8, 1], "car_3054": [1, 0], "car_3053": [15, 6], "car_3052": [11, 0], "car_3051": [0, 2], "car_3050": [13, 5], "car_3059": [13, 6], "car_3058": [9, 2], "car_3997": [14, 1], "car_3303": [2, 4], "car_2039": [2, 4], "car_3809": [4, 0], "car_2763": [12, 3], "car_1819": [7, 3], "car_4647": [0, 2], "car_4659": [14, 5], "car_1818": [3, 1], "car_4102": [5, 2], "car_4530": [4, 6], "car_4454": [8, 4], "car_2386": [7, 1], "car_682": [5, 1], "car_683": [14, 0], "car_680": [4, 1], "car_681": [15, 6], "car_686": [13, 5], "car_687": [7, 0], "car_684": [6, 2], "car_685": [9, 6], "car_688": [12, 1], "car_689": [0, 1], "car_4179": [0, 3], "car_4382": [5, 2], "car_2481": [5, 0], "car_2761": [7, 3], "car_3540": [5, 2], "car_3282": [3, 6], "car_3283": [0, 2], "car_1815": [2, 6], "car_3280": [2, 0], "car_1814": [14, 7], "car_3621": [3, 4], "car_3281": [13, 2], "car_3286": [5, 4], "car_3543": [1, 6], "car_4019": [1, 4], "car_2388": [0, 2], "car_3287": [10, 7], "car_4665": [1, 2], "car_3284": [4, 3], "car_4664": [15, 3], "car_3285": [1, 2], "car_4667": [2, 6], "car_4666": [14, 3], "car_4108": [8, 3], "car_3542": [8, 4], "car_2389": [4, 6], "car_3288": [2, 0], "car_4560": [0, 1], "car_4109": [0, 6], "car_4636": [9, 1], "car_4637": [3, 4], "car_4634": [2, 6], "car_3289": [13, 1], "car_1670": [6, 5], "car_1956": [5, 4], "car_4630": [4, 1], "car_4631": [15, 7], "car_3302": [10, 7], "car_1957": [10, 0], "car_4638": [12, 0], "car_3324": [11, 2], "car_1958": [6, 7], "car_1959": [3, 2], "car_3545": [14, 6], "car_4716": [10, 2], "car_4106": [6, 2], "car_2003": [9, 4], "car_4107": [7, 1], "car_3858": [5, 3], "car_4100": [15, 1], "car_4101": [1, 4], "car_268": [0, 5], "car_269": [4, 3], "car_1974": [4, 3], "car_1975": [15, 5], "car_1972": [12, 5], "car_1973": [0, 6], "car_1970": [3, 4], "car_1971": [8, 3], "car_260": [9, 7], "car_261": [13, 2], "car_262": [15, 5], "car_263": [14, 2], "car_264": [2, 6], "car_265": [6, 7], "car_266": [3, 0], "car_267": [7, 3], "car_1572": [5, 2], "car_1573": [10, 7], "car_1570": [15, 7], "car_1571": [1, 4], "car_1576": [3, 7], "car_1577": [7, 0], "car_1574": [6, 5], "car_1575": [9, 5], "car_4250": [2, 3], "car_4251": [13, 7], "car_1578": [4, 0], "car_1579": [11, 0], "car_4254": [11, 1], "car_2971": [1, 6], "car_4256": [1, 4], "car_4257": [5, 1], "car_1370": [8, 4], "car_1371": [12, 3], "car_1372": [0, 7], "car_1373": [4, 3], "car_1374": [11, 3], "car_1375": [15, 0], "car_1376": [1, 2], "car_1377": [13, 2], "car_1378": [7, 1], "car_1379": [8, 1], "car_3014": [8, 6], "car_3254": [12, 3], "car_2600": [7, 4], "car_4459": [9, 4], "car_2975": [3, 1], "car_3992": [12, 3], "car_2974": [2, 5], "car_3993": [0, 2], "car_314": [3, 2], "car_315": [0, 6], "car_316": [4, 6], "car_317": [11, 4], "car_310": [4, 6], "car_311": [1, 3], "car_312": [14, 2], "car_313": [9, 7], "car_318": [15, 6], "car_319": [1, 7], "car_4388": [11, 0], "car_4119": [0, 6], "car_918": [9, 0], "car_919": [13, 7], "car_2719": [2, 5], "car_2718": [14, 5], "car_912": [8, 7], "car_913": [4, 5], "car_910": [6, 1], "car_911": [3, 5], "car_916": [10, 0], "car_917": [6, 3], "car_914": [1, 0], "car_915": [5, 1], "car_1114": [2, 0], "car_1115": [6, 1], "car_1116": [13, 0], "car_1117": [12, 2], "car_1110": [11, 0], "car_1111": [1, 6], "car_1112": [10, 0], "car_1113": [14, 2], "car_4416": [2, 1], "car_4417": [9, 1], "car_4414": [4, 7], "car_4415": [1, 4], "car_1118": [4, 6], "car_1119": [1, 3], "car_4410": [2, 3], "car_4411": [13, 3], "car_1284": [13, 7], "car_1285": [7, 5], "car_1286": [15, 3], "car_1287": [1, 3], "car_1280": [10, 6], "car_1281": [14, 4], "car_1282": [2, 4], "car_1283": [6, 2], "car_3458": [3, 5], "car_2130": [13, 2], "car_1288": [5, 7], "car_1289": [14, 7], "car_4712": [11, 2], "car_2959": [13, 7], "car_2958": [9, 5], "car_4688": [4, 3], "car_2951": [3, 2], "car_2950": [13, 7], "car_2953": [12, 2], "car_2952": [7, 1], "car_2955": [14, 1], "car_2954": [5, 7], "car_2957": [6, 4], "car_2956": [2, 5], "car_2821": [7, 3], "car_2820": [14, 0], "car_1744": [1, 2], "car_2822": [8, 7], "car_2825": [6, 2], "car_2824": [1, 0], "car_2827": [7, 6], "car_2826": [13, 0], "car_2829": [15, 3], "car_2828": [4, 1], "car_3536": [8, 2], "car_3537": [0, 6], "car_3530": [0, 3], "car_3531": [15, 2], "car_3532": [1, 3], "car_3533": [5, 0], "car_1028": [12, 4], "car_1029": [0, 7], "car_1758": [12, 5], "car_1759": [0, 2], "car_2007": [13, 1], "car_2006": [10, 7], "car_2005": [5, 6], "car_2004": [3, 2], "car_1020": [4, 6], "car_1021": [15, 0], "car_1022": [1, 5], "car_1023": [10, 0], "car_1024": [14, 7], "car_1025": [9, 2], "car_1026": [13, 4], "car_1027": [7, 2], "car_1598": [1, 4], "car_1599": [10, 3], "car_4680": [5, 0], "car_1590": [5, 6], "car_1591": [10, 1], "car_1592": [2, 0], "car_1593": [13, 3], "car_1594": [8, 4], "car_1595": [12, 5], "car_1596": [0, 5], "car_1597": [4, 5], "car_2489": [14, 7], "car_2488": [10, 4], "car_2487": [5, 3], "car_2486": [1, 7], "car_2485": [7, 1], "car_2484": [9, 2], "car_2483": [6, 2], "car_2482": [2, 5], "car_1746": [9, 3], "car_2480": [1, 5], "car_862": [14, 3], "car_863": [6, 2], "car_860": [1, 0], "car_861": [5, 3], "car_866": [8, 1], "car_867": [0, 3], "car_864": [9, 3], "car_865": [3, 4], "car_868": [11, 4], "car_869": [5, 0], "car_3440": [5, 0], "car_3441": [10, 0], "car_3442": [14, 3], "car_3443": [6, 7], "car_3444": [9, 4], "car_3445": [13, 2], "car_3446": [3, 7], "car_3447": [7, 0], "car_3448": [8, 7], "car_3449": [12, 2], "car_3994": [4, 2], "car_3995": [11, 0], "car_1741": [12, 1], "car_3846": [12, 5], "car_3990": [13, 3], "car_3991": [8, 4], "car_2137": [11, 0], "car_2136": [12, 4], "car_2135": [1, 7], "car_2134": [15, 6], "car_2133": [4, 3], "car_2132": [0, 4], "car_1628": [12, 4], "car_1629": [4, 5], "car_1626": [3, 1], "car_1627": [7, 5], "car_1624": [1, 0], "car_1625": [2, 0], "car_1622": [11, 2], "car_1623": [15, 4], "car_1620": [8, 1], "car_1621": [12, 5], "car_3848": [4, 2], "car_3849": [11, 6], "car_3844": [9, 7], "car_3845": [13, 5], "car_1740": [7, 3], "car_3847": [0, 3], "car_3840": [5, 6], "car_3841": [10, 3], "car_3842": [2, 3], "car_3843": [6, 0]}