{"car_2009": [4, 2], "car_2229": [3, 5], "car_2228": [9, 4], "car_468": [6, 3], "car_469": [9, 6], "car_466": [15, 1], "car_467": [14, 6], "car_464": [8, 2], "car_465": [12, 0], "car_462": [15, 4], "car_463": [2, 1], "car_460": [11, 1], "car_461": [3, 6], "car_2455": [15, 5], "car_2751": [14, 1], "car_817": [8, 7], "car_816": [6, 3], "car_815": [14, 4], "car_2750": [10, 0], "car_814": [1, 5], "car_813": [8, 5], "car_812": [13, 6], "car_2072": [8, 4], "car_811": [9, 4], "car_2073": [12, 5], "car_810": [2, 7], "car_679": [11, 7], "car_678": [13, 6], "car_677": [10, 3], "car_676": [11, 6], "car_675": [14, 7], "car_674": [1, 2], "car_673": [3, 7], "car_672": [6, 7], "car_671": [11, 0], "car_670": [0, 6], "car_2771": [12, 4], "car_2770": [7, 1], "car_2078": [0, 1], "car_2079": [11, 3], "car_2456": [1, 3], "car_2341": [6, 0], "car_2670": [10, 6], "car_2671": [14, 3], "car_2754": [3, 6], "car_2672": [13, 2], "car_2223": [12, 6], "car_789": [14, 5], "car_788": [5, 4], "car_2222": [3, 0], "car_783": [8, 7], "car_782": [3, 4], "car_781": [1, 4], "car_780": [15, 0], "car_787": [11, 5], "car_786": [0, 2], "car_785": [8, 4], "car_784": [6, 3], "car_2220": [10, 3], "car_0": [11, 5], "car_2227": [6, 1], "car_1179": [0, 2], "car_2375": [11, 7], "car_2226": [2, 0], "car_2225": [15, 1], "car_2224": [11, 1], "car_255": [15, 1], "car_254": [3, 7], "car_257": [8, 0], "car_256": [7, 0], "car_251": [10, 7], "car_250": [4, 6], "car_253": [6, 4], "car_252": [14, 1], "car_1961": [13, 0], "car_1960": [6, 4], "car_1963": [8, 6], "car_1962": [3, 4], "car_259": [14, 5], "car_258": [0, 5], "car_1967": [5, 6], "car_1966": [1, 7], "car_1170": [8, 3], "car_1171": [15, 6], "car_1565": [9, 7], "car_1564": [6, 4], "car_1567": [5, 0], "car_1566": [1, 4], "car_1561": [4, 5], "car_1560": [12, 5], "car_1563": [14, 7], "car_1562": [5, 4], "car_1569": [2, 5], "car_1568": [14, 5], "car_1413": [12, 4], "car_1363": [5, 0], "car_1362": [12, 0], "car_1361": [8, 2], "car_1360": [6, 2], "car_1367": [4, 5], "car_1366": [3, 4], "car_1365": [13, 5], "car_1364": [10, 4], "car_1369": [14, 7], "car_1368": [11, 2], "car_2758": [15, 2], "car_2376": [2, 7], "car_321": [6, 1], "car_320": [15, 4], "car_323": [12, 1], "car_322": [8, 7], "car_325": [5, 4], "car_324": [0, 5], "car_327": [11, 0], "car_326": [8, 1], "car_329": [6, 5], "car_328": [2, 5], "car_2722": [12, 1], "car_2723": [4, 5], "car_2720": [13, 3], "car_2721": [8, 1], "car_2726": [10, 7], "car_2727": [15, 6], "car_2724": [11, 1], "car_2725": [5, 2], "car_2728": [1, 3], "car_2729": [5, 0], "car_1107": [8, 2], "car_1106": [9, 6], "car_1105": [6, 0], "car_1104": [2, 0], "car_1103": [5, 0], "car_1102": [1, 5], "car_1101": [8, 2], "car_1100": [3, 5], "car_1109": [11, 5], "car_1108": [4, 6], "car_1297": [4, 0], "car_1296": [14, 5], "car_1295": [5, 7], "car_1294": [1, 7], "car_1293": [15, 7], "car_1292": [0, 5], "car_1291": [6, 2], "car_1290": [2, 0], "car_1299": [6, 5], "car_1298": [5, 4], "car_2586": [1, 2], "car_2587": [10, 7], "car_2584": [0, 5], "car_2585": [4, 6], "car_2582": [7, 6], "car_2583": [8, 6], "car_2580": [13, 6], "car_2581": [3, 2], "car_2858": [13, 6], "car_2859": [3, 4], "car_2588": [13, 6], "car_2589": [7, 3], "car_2036": [0, 3], "car_2037": [13, 1], "car_1039": [5, 3], "car_1038": [15, 1], "car_1749": [1, 2], "car_1748": [11, 4], "car_2030": [3, 2], "car_2031": [0, 6], "car_1033": [9, 6], "car_1032": [6, 0], "car_1031": [10, 7], "car_1030": [5, 4], "car_1037": [12, 2], "car_1036": [8, 4], "car_1035": [3, 0], "car_1034": [13, 4], "car_1589": [11, 5], "car_1588": [7, 2], "car_1583": [8, 0], "car_1582": [9, 5], "car_1581": [6, 1], "car_1580": [15, 4], "car_1587": [13, 1], "car_1586": [9, 4], "car_1585": [5, 6], "car_1584": [11, 5], "car_1852": [15, 4], "car_1906": [8, 4], "car_899": [8, 2], "car_898": [3, 1], "car_897": [5, 3], "car_896": [1, 4], "car_895": [15, 7], "car_894": [12, 4], "car_893": [8, 3], "car_892": [1, 3], "car_891": [8, 4], "car_890": [7, 1], "car_2458": [7, 3], "car_2459": [0, 2], "car_2108": [10, 1], "car_2109": [2, 0], "car_2102": [13, 5], "car_2103": [11, 4], "car_2100": [14, 7], "car_2101": [9, 3], "car_2106": [11, 1], "car_2107": [1, 0], "car_2104": [7, 4], "car_2105": [4, 7], "car_1631": [15, 6], "car_1630": [11, 2], "car_1633": [2, 7], "car_1632": [5, 1], "car_1635": [5, 1], "car_1634": [11, 0], "car_1637": [6, 1], "car_1636": [2, 6], "car_1639": [14, 1], "car_1638": [15, 4], "car_1751": [6, 5], "car_2803": [6, 1], "car_2802": [2, 6], "car_2801": [10, 2], "car_2800": [7, 2], "car_2807": [11, 1], "car_1756": [6, 1], "car_2806": [8, 5], "car_2805": [3, 5], "car_2816": [4, 1], "car_2804": [13, 7], "car_2414": [11, 0], "car_419": [8, 5], "car_418": [3, 7], "car_2218": [4, 2], "car_2219": [5, 0], "car_413": [3, 7], "car_412": [13, 3], "car_411": [2, 3], "car_410": [5, 7], "car_417": [13, 2], "car_416": [10, 0], "car_415": [4, 7], "car_414": [12, 7], "car_2417": [2, 1], "car_1679": [13, 1], "car_1678": [9, 1], "car_2412": [3, 0], "car_2413": [4, 0], "car_527": [10, 2], "car_526": [11, 5], "car_525": [0, 5], "car_524": [8, 0], "car_523": [13, 3], "car_522": [9, 5], "car_521": [6, 1], "car_520": [10, 7], "car_1671": [15, 2], "car_1889": [3, 1], "car_529": [3, 5], "car_528": [6, 2], "car_1884": [13, 3], "car_1885": [4, 0], "car_2368": [6, 0], "car_2786": [13, 2], "car_2787": [3, 4], "car_668": [10, 3], "car_669": [6, 7], "car_664": [2, 3], "car_665": [11, 3], "car_666": [1, 2], "car_667": [5, 7], "car_660": [12, 3], "car_661": [11, 3], "car_662": [1, 6], "car_663": [5, 1], "car_2759": [5, 0], "car_1854": [3, 5], "car_2788": [4, 3], "car_2789": [1, 7], "car_798": [1, 4], "car_799": [5, 3], "car_790": [6, 3], "car_791": [15, 2], "car_792": [2, 5], "car_793": [6, 1], "car_794": [3, 0], "car_795": [7, 4], "car_796": [0, 2], "car_797": [11, 7], "car_242": [7, 3], "car_243": [8, 6], "car_240": [14, 3], "car_241": [6, 0], "car_246": [2, 7], "car_247": [6, 0], "car_244": [12, 5], "car_245": [11, 1], "car_1914": [7, 5], "car_1915": [12, 4], "car_248": [3, 0], "car_249": [0, 1], "car_1910": [14, 3], "car_1911": [6, 2], "car_1912": [13, 7], "car_1913": [3, 5], "car_1356": [0, 4], "car_1357": [4, 5], "car_1354": [14, 6], "car_1355": [2, 4], "car_1352": [12, 1], "car_1353": [1, 3], "car_1350": [2, 1], "car_1351": [9, 5], "car_1358": [10, 2], "car_1359": [2, 0], "car_1831": [9, 5], "car_1820": [1, 5], "car_1821": [6, 7], "car_1822": [13, 7], "car_1823": [7, 0], "car_1824": [12, 2], "car_1825": [5, 0], "car_338": [4, 1], "car_339": [1, 7], "car_336": [3, 0], "car_337": [0, 6], "car_334": [4, 7], "car_335": [1, 7], "car_332": [8, 1], "car_333": [0, 1], "car_330": [3, 1], "car_331": [7, 5], "car_2735": [10, 1], "car_2734": [0, 3], "car_1138": [3, 6], "car_1139": [8, 2], "car_2731": [14, 1], "car_2730": [10, 0], "car_2733": [13, 1], "car_2732": [4, 6], "car_1132": [5, 0], "car_1133": [14, 6], "car_1130": [12, 1], "car_1131": [4, 7], "car_1136": [14, 1], "car_1137": [13, 3], "car_1134": [2, 0], "car_1135": [12, 2], "car_1839": [7, 3], "car_2393": [1, 6], "car_1838": [9, 5], "car_2392": [15, 6], "car_2029": [9, 3], "car_2028": [14, 4], "car_2845": [2, 3], "car_2844": [14, 1], "car_2843": [5, 1], "car_2842": [12, 6], "car_2841": [8, 3], "car_2840": [5, 1], "car_2021": [13, 7], "car_2020": [6, 5], "car_2023": [8, 5], "car_2022": [7, 0], "car_2025": [11, 5], "car_2024": [0, 5], "car_2027": [5, 0], "car_2026": [15, 5], "car_2520": [3, 5], "car_1008": [11, 3], "car_1009": [1, 0], "car_1006": [12, 0], "car_1007": [4, 3], "car_1004": [3, 1], "car_1005": [7, 1], "car_1002": [12, 6], "car_1003": [4, 1], "car_1000": [14, 0], "car_1001": [7, 2], "car_2398": [5, 0], "car_2629": [6, 2], "car_2524": [7, 2], "car_2628": [2, 5], "car_2525": [12, 2], "car_2674": [5, 0], "car_1924": [15, 4], "car_2527": [5, 1], "car_36": [13, 4], "car_37": [15, 4], "car_34": [1, 6], "car_35": [10, 4], "car_888": [2, 5], "car_889": [3, 0], "car_30": [9, 5], "car_31": [3, 5], "car_884": [4, 6], "car_885": [15, 0], "car_886": [1, 0], "car_887": [10, 2], "car_880": [7, 3], "car_881": [15, 7], "car_882": [1, 4], "car_883": [10, 1], "car_2449": [0, 6], "car_2448": [8, 5], "car_2119": [0, 4], "car_2118": [12, 4], "car_2115": [5, 6], "car_2114": [1, 4], "car_2117": [3, 5], "car_2116": [13, 0], "car_2111": [13, 3], "car_2110": [6, 3], "car_2113": [4, 3], "car_2112": [12, 4], "car_1644": [3, 7], "car_1645": [7, 2], "car_1646": [8, 7], "car_1647": [15, 6], "car_1640": [2, 7], "car_1641": [6, 7], "car_1642": [9, 6], "car_1643": [13, 2], "car_1648": [5, 3], "car_1649": [8, 4], "car_2599": [0, 1], "car_2159": [9, 0], "car_2158": [14, 5], "car_2591": [12, 4], "car_2590": [8, 3], "car_2593": [1, 4], "car_2592": [4, 7], "car_2595": [14, 1], "car_2594": [10, 4], "car_2597": [9, 6], "car_2596": [6, 1], "car_2677": [7, 3], "car_2608": [1, 0], "car_408": [3, 0], "car_409": [7, 4], "car_2203": [15, 3], "car_2202": [4, 5], "car_2205": [14, 2], "car_2204": [1, 7], "car_2207": [9, 3], "car_2206": [6, 1], "car_400": [14, 5], "car_401": [9, 7], "car_402": [15, 3], "car_403": [1, 2], "car_404": [5, 0], "car_405": [10, 5], "car_406": [2, 4], "car_407": [14, 1], "car_1769": [10, 0], "car_534": [4, 3], "car_535": [11, 6], "car_536": [15, 3], "car_537": [9, 2], "car_530": [7, 0], "car_531": [8, 7], "car_532": [12, 3], "car_533": [0, 7], "car_538": [3, 0], "car_539": [8, 7], "car_2310": [10, 4], "car_659": [3, 0], "car_658": [9, 4], "car_651": [1, 0], "car_650": [15, 4], "car_653": [9, 0], "car_652": [14, 4], "car_655": [7, 3], "car_654": [3, 0], "car_657": [14, 1], "car_656": [5, 6], "car_2907": [3, 1], "car_2909": [5, 1], "car_2434": [6, 2], "car_1929": [5, 3], "car_2195": [13, 3], "car_2194": [9, 7], "car_1764": [0, 7], "car_2197": [15, 5], "car_2196": [8, 1], "car_2191": [0, 3], "car_1928": [11, 7], "car_2190": [12, 1], "car_2193": [2, 7], "car_1909": [1, 3], "car_1908": [15, 6], "car_1907": [11, 7], "car_1763": [3, 1], "car_1905": [9, 2], "car_1904": [14, 2], "car_1903": [15, 3], "car_1902": [3, 1], "car_1901": [2, 1], "car_1900": [5, 6], "car_1349": [14, 3], "car_1348": [10, 2], "car_1762": [1, 5], "car_1341": [10, 7], "car_1340": [1, 3], "car_1343": [9, 1], "car_1342": [6, 3], "car_1345": [0, 2], "car_1344": [8, 7], "car_1347": [5, 6], "car_1346": [15, 5], "car_2753": [13, 3], "car_2752": [6, 2], "car_2698": [1, 0], "car_1833": [7, 3], "car_1832": [13, 3], "car_349": [7, 0], "car_348": [13, 7], "car_1837": [6, 4], "car_1836": [1, 0], "car_1835": [11, 0], "car_1834": [12, 6], "car_343": [7, 3], "car_342": [13, 1], "car_341": [2, 3], "car_340": [5, 2], "car_347": [14, 0], "car_346": [5, 4], "car_345": [15, 0], "car_344": [8, 5], "car_2325": [13, 5], "car_1129": [6, 4], "car_1128": [7, 5], "car_1125": [15, 7], "car_1124": [12, 5], "car_1127": [2, 0], "car_1126": [10, 5], "car_1121": [7, 1], "car_1120": [3, 5], "car_1123": [3, 7], "car_1122": [10, 4], "car_1402": [3, 0], "car_2320": [5, 2], "car_1403": [11, 4], "car_2321": [2, 3], "car_1400": [7, 1], "car_1401": [13, 7], "car_1406": [2, 4], "car_1407": [13, 4], "car_2902": [12, 2], "car_2903": [11, 3], "car_2900": [13, 1], "car_2901": [8, 3], "car_2906": [13, 1], "car_1404": [5, 6], "car_2904": [5, 4], "car_2905": [10, 2], "car_2908": [0, 6], "car_1405": [14, 3], "car_2058": [5, 3], "car_2059": [10, 4], "car_2054": [2, 0], "car_2055": [6, 4], "car_2056": [3, 0], "car_2057": [1, 3], "car_2050": [2, 7], "car_2051": [9, 6], "car_2052": [4, 2], "car_2053": [14, 4], "car_1011": [10, 1], "car_1010": [5, 7], "car_1013": [8, 2], "car_1012": [6, 2], "car_1015": [15, 1], "car_1014": [4, 3], "car_1017": [10, 5], "car_1016": [5, 2], "car_1019": [9, 4], "car_1018": [6, 1], "car_2690": [1, 7], "car_2691": [10, 0], "car_2696": [0, 7], "car_2697": [4, 0], "car_2694": [7, 0], "car_2695": [8, 0], "car_2790": [5, 3], "car_25": [1, 4], "car_24": [11, 3], "car_27": [10, 3], "car_26": [5, 4], "car_21": [10, 6], "car_20": [5, 3], "car_23": [4, 1], "car_22": [14, 2], "car_29": [6, 5], "car_28": [14, 0], "car_2478": [2, 3], "car_2479": [9, 2], "car_2476": [11, 6], "car_2477": [14, 0], "car_2474": [5, 3], "car_2475": [7, 2], "car_2472": [13, 4], "car_2473": [0, 1], "car_2470": [0, 4], "car_2471": [5, 1], "car_1657": [12, 4], "car_1656": [8, 7], "car_1655": [13, 3], "car_1654": [9, 1], "car_1653": [14, 5], "car_1652": [5, 6], "car_1651": [11, 5], "car_1650": [0, 4], "car_1659": [11, 4], "car_1658": [0, 5], "car_2878": [14, 0], "car_2879": [9, 7], "car_2872": [0, 6], "car_2873": [15, 7], "car_2870": [6, 4], "car_2871": [3, 4], "car_2876": [12, 0], "car_2877": [15, 5], "car_2874": [5, 2], "car_2875": [13, 4], "car_2688": [11, 1], "car_1969": [12, 3], "car_2315": [10, 0], "car_1843": [14, 2], "car_435": [0, 2], "car_434": [12, 7], "car_437": [14, 3], "car_436": [5, 3], "car_431": [10, 3], "car_430": [1, 0], "car_433": [6, 4], "car_432": [2, 6], "car_1846": [0, 6], "car_439": [7, 0], "car_438": [2, 1], "car_1847": [15, 3], "car_2274": [6, 3], "car_2275": [9, 5], "car_2276": [0, 6], "car_2277": [11, 1], "car_2270": [12, 3], "car_2271": [0, 7], "car_2272": [5, 4], "car_2273": [14, 0], "car_1845": [7, 1], "car_2278": [1, 3], "car_2279": [5, 1], "car_1848": [5, 0], "car_2289": [8, 7], "car_1968": [14, 2], "car_1849": [2, 4], "car_2288": [3, 2], "car_1965": [11, 7], "car_1964": [0, 1], "car_501": [2, 4], "car_500": [1, 3], "car_503": [9, 6], "car_502": [6, 5], "car_505": [12, 7], "car_504": [8, 0], "car_507": [1, 7], "car_506": [11, 4], "car_509": [8, 3], "car_508": [5, 2], "car_2302": [4, 1], "car_2303": [15, 6], "car_2304": [5, 2], "car_2305": [7, 2], "car_2306": [0, 5], "car_2307": [7, 0], "car_2281": [9, 6], "car_1745": [10, 0], "car_2280": [2, 7], "car_646": [11, 6], "car_647": [15, 5], "car_644": [10, 4], "car_645": [9, 0], "car_642": [6, 0], "car_643": [0, 1], "car_640": [1, 6], "car_641": [5, 3], "car_2314": [5, 4], "car_648": [1, 5], "car_649": [8, 3], "car_2576": [4, 6], "car_2526": [4, 1], "car_1830": [14, 1], "car_2673": [15, 3], "car_2570": [15, 5], "car_2681": [6, 2], "car_2420": [0, 4], "car_2680": [14, 5], "car_2854": [4, 3], "car_2683": [3, 7], "car_1932": [13, 5], "car_1933": [7, 1], "car_1930": [14, 0], "car_1931": [9, 3], "car_1936": [5, 6], "car_1937": [2, 0], "car_1934": [11, 6], "car_1935": [1, 6], "car_1938": [6, 1], "car_1939": [9, 7], "car_2682": [13, 4], "car_1717": [12, 2], "car_1338": [0, 1], "car_1339": [11, 1], "car_1334": [10, 6], "car_1335": [13, 3], "car_1336": [7, 0], "car_1337": [12, 2], "car_1330": [9, 5], "car_1331": [12, 3], "car_1332": [15, 7], "car_1333": [1, 3], "car_1711": [8, 2], "car_358": [4, 6], "car_359": [2, 6], "car_1804": [6, 5], "car_1805": [4, 5], "car_1802": [0, 7], "car_1803": [4, 0], "car_1800": [14, 0], "car_1801": [3, 1], "car_350": [4, 7], "car_351": [1, 5], "car_352": [10, 3], "car_353": [14, 0], "car_354": [2, 7], "car_355": [6, 2], "car_356": [8, 7], "car_357": [12, 1], "car_1482": [7, 1], "car_1483": [14, 0], "car_1480": [5, 4], "car_1481": [3, 0], "car_1486": [7, 2], "car_1487": [8, 5], "car_1484": [9, 1], "car_1485": [3, 7], "car_1488": [14, 0], "car_1489": [15, 4], "car_1240": [12, 3], "car_1241": [4, 7], "car_1242": [11, 5], "car_1243": [2, 7], "car_1244": [6, 1], "car_1245": [12, 1], "car_1246": [1, 6], "car_1247": [2, 4], "car_1248": [9, 7], "car_1249": [3, 5], "car_1747": [7, 3], "car_2374": [3, 5], "car_1879": [15, 2], "car_2916": [12, 1], "car_2911": [13, 6], "car_2910": [2, 6], "car_2913": [4, 0], "car_2912": [12, 5], "car_2049": [10, 6], "car_2048": [15, 0], "car_2047": [8, 6], "car_2046": [3, 5], "car_2045": [6, 7], "car_2044": [2, 7], "car_2043": [5, 0], "car_2042": [5, 1], "car_2041": [15, 2], "car_2040": [11, 1], "car_1064": [2, 1], "car_1065": [7, 1], "car_1066": [4, 2], "car_1067": [5, 1], "car_1060": [7, 4], "car_1061": [0, 7], "car_1062": [11, 4], "car_1063": [5, 1], "car_2685": [9, 7], "car_2684": [6, 1], "car_2687": [4, 3], "car_2686": [0, 1], "car_1068": [2, 0], "car_1069": [9, 5], "car_1798": [1, 2], "car_1799": [10, 0], "car_10": [1, 6], "car_11": [5, 6], "car_12": [7, 0], "car_13": [8, 3], "car_14": [12, 1], "car_15": [5, 2], "car_16": [14, 4], "car_17": [6, 3], "car_18": [9, 4], "car_19": [1, 0], "car_2461": [6, 3], "car_2460": [2, 4], "car_1668": [11, 7], "car_1669": [2, 4], "car_2465": [11, 6], "car_2464": [4, 3], "car_2467": [2, 7], "car_2466": [1, 2], "car_1662": [14, 2], "car_1663": [3, 0], "car_1660": [15, 7], "car_1661": [5, 7], "car_1666": [7, 0], "car_1667": [0, 3], "car_1664": [15, 5], "car_1665": [2, 4], "car_1468": [0, 6], "car_1469": [11, 7], "car_1460": [6, 7], "car_1461": [13, 3], "car_1462": [8, 5], "car_1463": [4, 2], "car_1464": [1, 3], "car_1465": [13, 2], "car_1466": [11, 5], "car_1467": [5, 2], "car_2699": [6, 7], "car_2869": [2, 0], "car_2868": [5, 1], "car_2865": [4, 1], "car_2864": [2, 3], "car_2867": [1, 6], "car_2866": [11, 2], "car_2861": [4, 0], "car_2860": [12, 1], "car_2863": [10, 3], "car_2862": [5, 0], "car_2648": [10, 6], "car_422": [1, 5], "car_423": [11, 6], "car_420": [11, 7], "car_421": [15, 6], "car_426": [2, 1], "car_427": [3, 4], "car_424": [10, 3], "car_425": [14, 5], "car_428": [7, 1], "car_429": [15, 7], "car_2377": [9, 6], "car_2267": [6, 5], "car_2266": [10, 5], "car_2265": [1, 6], "car_2264": [15, 4], "car_2263": [11, 7], "car_2262": [5, 6], "car_2261": [1, 6], "car_2260": [11, 5], "car_2371": [11, 0], "car_2269": [3, 6], "car_2268": [9, 6], "car_2373": [10, 3], "car_2372": [5, 7], "car_2008": [12, 2], "car_2370": [4, 6], "car_2319": [0, 4], "car_2318": [13, 2], "car_518": [8, 5], "car_519": [12, 0], "car_516": [10, 4], "car_517": [14, 3], "car_514": [12, 7], "car_515": [1, 5], "car_512": [0, 7], "car_513": [1, 4], "car_510": [14, 7], "car_511": [8, 7], "car_1870": [12, 0], "car_2692": [14, 1], "car_2444": [2, 1], "car_633": [8, 4], "car_632": [6, 4], "car_631": [10, 5], "car_630": [15, 3], "car_637": [2, 6], "car_636": [5, 2], "car_635": [1, 0], "car_634": [4, 7], "car_2675": [6, 5], "car_639": [0, 2], "car_638": [8, 3], "car_2693": [13, 6], "car_189": [9, 6], "car_188": [2, 6], "car_185": [15, 3], "car_184": [4, 2], "car_187": [10, 2], "car_186": [1, 4], "car_181": [3, 6], "car_180": [2, 0], "car_183": [0, 6], "car_182": [7, 0], "car_749": [5, 4], "car_748": [15, 7], "car_747": [4, 0], "car_746": [10, 7], "car_745": [11, 4], "car_744": [4, 3], "car_743": [0, 5], "car_742": [8, 7], "car_741": [7, 6], "car_740": [13, 2], "car_2131": [8, 4], "car_2618": [15, 1], "car_299": [8, 4], "car_298": [14, 1], "car_1927": [12, 4], "car_1926": [9, 6], "car_1921": [2, 7], "car_1920": [7, 2], "car_1923": [4, 0], "car_1922": [3, 2], "car_291": [9, 0], "car_290": [6, 4], "car_293": [8, 5], "car_292": [7, 1], "car_295": [0, 4], "car_294": [12, 7], "car_297": [15, 5], "car_296": [11, 2], "car_1329": [2, 4], "car_1328": [15, 3], "car_1327": [11, 5], "car_1326": [6, 0], "car_1325": [4, 1], "car_1324": [12, 5], "car_1323": [8, 3], "car_1322": [6, 2], "car_1321": [5, 3], "car_1320": [1, 0], "car_365": [7, 2], "car_364": [15, 7], "car_367": [11, 4], "car_366": [12, 0], "car_361": [3, 0], "car_360": [9, 2], "car_363": [11, 4], "car_362": [8, 3], "car_1811": [14, 5], "car_1810": [5, 7], "car_1813": [12, 2], "car_1812": [3, 2], "car_369": [5, 0], "car_368": [15, 3], "car_1817": [7, 6], "car_1816": [13, 6], "car_167": [14, 5], "car_166": [15, 0], "car_165": [0, 2], "car_164": [3, 2], "car_163": [6, 5], "car_162": [10, 2], "car_161": [5, 1], "car_160": [4, 5], "car_169": [13, 4], "car_168": [6, 2], "car_1495": [3, 1], "car_1494": [2, 3], "car_1497": [8, 6], "car_1496": [7, 3], "car_1491": [3, 6], "car_1490": [10, 0], "car_1493": [0, 1], "car_1492": [7, 4], "car_1499": [0, 4], "car_1498": [12, 4], "car_1253": [3, 2], "car_1252": [1, 7], "car_1251": [0, 3], "car_1250": [12, 1], "car_1257": [15, 1], "car_1256": [3, 5], "car_1255": [10, 7], "car_1254": [12, 4], "car_2850": [14, 4], "car_1259": [3, 5], "car_1258": [2, 0], "car_2851": [2, 3], "car_1868": [9, 5], "car_2852": [13, 6], "car_2853": [12, 7], "car_1789": [8, 1], "car_1788": [7, 4], "car_2070": [1, 7], "car_2071": [9, 2], "car_2076": [10, 5], "car_2077": [7, 0], "car_2074": [0, 6], "car_2075": [5, 6], "car_1781": [3, 0], "car_1780": [1, 2], "car_1783": [4, 6], "car_1782": [7, 6], "car_1785": [2, 6], "car_1784": [10, 1], "car_1787": [13, 4], "car_1786": [6, 5], "car_1077": [13, 1], "car_1076": [9, 0], "car_1075": [15, 0], "car_1074": [12, 5], "car_1073": [13, 0], "car_1072": [11, 3], "car_1071": [8, 0], "car_1070": [13, 4], "car_2678": [0, 1], "car_2679": [1, 6], "car_1079": [5, 4], "car_1078": [8, 4], "car_2139": [0, 6], "car_2034": [1, 6], "car_2300": [9, 5], "car_2035": [6, 1], "car_2301": [13, 4], "car_2032": [4, 3], "car_2033": [11, 4], "car_2138": [3, 5], "car_985": [1, 4], "car_984": [15, 4], "car_987": [6, 3], "car_986": [2, 0], "car_981": [2, 0], "car_980": [10, 0], "car_983": [0, 3], "car_982": [3, 5], "car_1675": [11, 5], "car_1674": [4, 3], "car_1677": [2, 5], "car_1676": [8, 1], "car_989": [3, 6], "car_988": [13, 5], "car_1673": [7, 6], "car_1672": [3, 1], "car_2784": [3, 5], "car_2785": [2, 7], "car_1479": [8, 0], "car_1478": [7, 3], "car_2780": [11, 0], "car_2781": [15, 1], "car_2782": [10, 0], "car_2783": [9, 1], "car_1473": [7, 0], "car_1472": [13, 0], "car_1471": [9, 3], "car_1470": [1, 5], "car_1477": [10, 6], "car_1476": [15, 2], "car_1475": [0, 6], "car_1474": [12, 4], "car_2890": [3, 2], "car_2891": [7, 4], "car_2892": [4, 0], "car_2893": [11, 2], "car_2894": [5, 1], "car_1743": [1, 6], "car_2896": [3, 2], "car_2897": [12, 6], "car_2898": [4, 6], "car_2899": [10, 5], "car_1742": [15, 2], "car_2528": [10, 3], "car_2529": [6, 2], "car_2258": [12, 0], "car_2259": [0, 2], "car_2689": [15, 6], "car_2252": [4, 1], "car_2253": [11, 4], "car_2250": [14, 7], "car_2251": [13, 7], "car_2256": [13, 6], "car_2257": [3, 6], "car_2254": [2, 3], "car_2255": [9, 5], "car_2098": [0, 4], "car_2099": [10, 4], "car_2090": [13, 3], "car_2091": [3, 6], "car_2092": [0, 2], "car_2093": [5, 3], "car_2094": [2, 4], "car_2095": [9, 4], "car_2096": [7, 0], "car_2097": [8, 3], "car_569": [0, 5], "car_568": [4, 5], "car_2328": [0, 4], "car_2329": [6, 2], "car_563": [4, 6], "car_562": [12, 0], "car_561": [9, 5], "car_560": [0, 2], "car_567": [7, 0], "car_566": [9, 3], "car_565": [15, 0], "car_564": [11, 0], "car_2331": [1, 3], "car_620": [13, 5], "car_621": [12, 6], "car_622": [1, 0], "car_623": [10, 0], "car_624": [2, 3], "car_625": [0, 2], "car_626": [15, 0], "car_627": [2, 6], "car_628": [8, 4], "car_629": [4, 7], "car_1869": [8, 6], "car_1866": [14, 3], "car_1867": [2, 7], "car_198": [7, 0], "car_199": [4, 3], "car_2831": [6, 1], "car_192": [12, 5], "car_193": [4, 6], "car_190": [13, 7], "car_191": [3, 7], "car_196": [5, 3], "car_197": [2, 5], "car_194": [15, 7], "car_195": [1, 6], "car_758": [9, 6], "car_759": [15, 0], "car_754": [4, 2], "car_755": [13, 2], "car_756": [1, 4], "car_757": [2, 7], "car_750": [14, 4], "car_751": [13, 1], "car_752": [12, 2], "car_753": [0, 6], "car_1940": [3, 6], "car_286": [8, 1], "car_287": [4, 5], "car_284": [5, 3], "car_285": [14, 3], "car_282": [4, 3], "car_283": [11, 3], "car_280": [8, 6], "car_281": [12, 2], "car_1949": [13, 1], "car_288": [1, 3], "car_289": [5, 4], "car_1948": [14, 7], "car_2791": [10, 1], "car_1312": [7, 3], "car_1313": [8, 0], "car_1310": [2, 5], "car_1311": [3, 4], "car_1316": [13, 4], "car_1317": [3, 5], "car_1314": [12, 6], "car_1315": [6, 3], "car_1318": [4, 7], "car_1319": [15, 5], "car_2450": [5, 6], "car_2451": [2, 6], "car_2452": [9, 6], "car_372": [6, 7], "car_373": [13, 1], "car_370": [10, 2], "car_371": [14, 6], "car_376": [1, 2], "car_377": [8, 6], "car_374": [7, 1], "car_375": [12, 1], "car_1864": [11, 5], "car_1865": [5, 7], "car_378": [12, 6], "car_379": [0, 2], "car_1860": [5, 0], "car_1861": [14, 3], "car_1862": [7, 6], "car_1863": [8, 1], "car_174": [8, 0], "car_175": [12, 1], "car_176": [4, 3], "car_177": [1, 7], "car_170": [8, 1], "car_171": [0, 4], "car_172": [11, 6], "car_173": [9, 3], "car_2457": [3, 6], "car_178": [5, 1], "car_179": [14, 6], "car_2338": [4, 7], "car_1266": [8, 0], "car_1267": [11, 1], "car_1264": [13, 7], "car_1265": [3, 4], "car_1262": [6, 3], "car_1263": [9, 2], "car_1260": [0, 1], "car_1261": [10, 3], "car_1268": [15, 3], "car_1269": [10, 1], "car_2406": [4, 0], "car_2065": [13, 6], "car_2064": [6, 2], "car_1048": [12, 7], "car_1049": [11, 7], "car_2061": [13, 3], "car_2060": [9, 6], "car_2063": [12, 2], "car_2062": [3, 2], "car_1042": [13, 1], "car_1043": [3, 2], "car_1040": [14, 6], "car_1041": [6, 5], "car_1046": [9, 0], "car_1047": [3, 4], "car_1044": [7, 6], "car_1045": [12, 4], "car_2663": [1, 0], "car_2662": [4, 2], "car_2661": [0, 4], "car_2660": [7, 0], "car_2667": [12, 5], "car_2666": [7, 0], "car_2665": [3, 2], "car_2664": [9, 2], "car_2669": [15, 6], "car_2668": [4, 2], "car_2404": [8, 5], "car_78": [4, 7], "car_79": [15, 6], "car_72": [2, 7], "car_73": [6, 5], "car_70": [10, 1], "car_71": [14, 0], "car_76": [3, 2], "car_77": [8, 3], "car_74": [9, 3], "car_75": [13, 4], "car_992": [2, 1], "car_993": [12, 7], "car_990": [4, 7], "car_991": [1, 5], "car_996": [7, 2], "car_997": [5, 3], "car_994": [11, 6], "car_995": [1, 6], "car_1688": [12, 7], "car_1689": [0, 6], "car_998": [15, 5], "car_999": [1, 0], "car_2409": [14, 7], "car_2408": [10, 6], "car_2797": [14, 0], "car_2796": [1, 7], "car_2795": [4, 2], "car_2794": [8, 3], "car_2793": [6, 2], "car_2792": [2, 7], "car_1448": [5, 4], "car_1449": [14, 0], "car_1446": [15, 0], "car_1447": [1, 3], "car_1444": [13, 2], "car_1445": [0, 5], "car_1442": [2, 3], "car_1443": [9, 0], "car_1440": [11, 5], "car_1441": [15, 4], "car_2883": [9, 2], "car_2882": [11, 6], "car_2881": [0, 2], "car_2798": [9, 5], "car_2887": [0, 4], "car_2886": [12, 1], "car_2885": [8, 3], "car_2884": [3, 7], "car_2889": [2, 6], "car_2888": [10, 3], "car_2401": [4, 5], "car_2539": [15, 5], "car_2538": [8, 3], "car_2249": [10, 6], "car_2248": [1, 4], "car_2245": [8, 6], "car_2244": [13, 0], "car_2247": [15, 4], "car_2246": [11, 1], "car_2241": [4, 7], "car_2240": [12, 2], "car_2243": [14, 6], "car_2242": [10, 3], "car_2089": [6, 3], "car_2088": [14, 2], "car_2083": [6, 4], "car_2082": [5, 3], "car_2081": [1, 6], "car_2080": [15, 1], "car_2087": [1, 3], "car_2086": [15, 5], "car_2085": [4, 3], "car_2084": [0, 5], "car_578": [6, 0], "car_579": [8, 0], "car_2333": [3, 7], "car_2332": [9, 1], "car_2335": [4, 1], "car_2334": [12, 5], "car_2337": [0, 7], "car_553": [4, 3], "car_570": [4, 2], "car_571": [11, 2], "car_572": [5, 4], "car_573": [14, 6], "car_574": [11, 7], "car_806": [2, 0], "car_576": [1, 3], "car_577": [14, 4], "car_807": [13, 2], "car_800": [3, 5], "car_801": [11, 2], "car_802": [15, 6], "car_2192": [4, 5], "car_803": [1, 4], "car_2067": [0, 2], "car_2066": [12, 6], "car_619": [6, 7], "car_618": [14, 5], "car_615": [4, 7], "car_614": [8, 5], "car_617": [10, 5], "car_616": [1, 0], "car_611": [9, 2], "car_610": [2, 6], "car_613": [3, 6], "car_612": [13, 4], "car_2151": [14, 0], "car_2704": [7, 3], "car_2705": [1, 7], "car_2706": [5, 3], "car_2150": [10, 0], "car_2707": [4, 5], "car_2069": [11, 4], "car_2068": [4, 7], "car_2702": [4, 2], "car_2703": [2, 1], "car_769": [8, 2], "car_768": [7, 4], "car_2567": [8, 3], "car_761": [10, 6], "car_760": [5, 7], "car_763": [6, 7], "car_762": [2, 7], "car_765": [4, 2], "car_764": [9, 6], "car_767": [9, 1], "car_766": [1, 0], "car_2216": [7, 6], "car_2217": [8, 7], "car_2330": [3, 6], "car_2214": [13, 3], "car_2215": [3, 0], "car_2212": [4, 7], "car_2213": [14, 4], "car_2210": [6, 5], "car_2211": [9, 0], "car_575": [15, 1], "car_1305": [5, 0], "car_1304": [12, 7], "car_1307": [12, 1], "car_1306": [6, 4], "car_1301": [15, 2], "car_1300": [13, 3], "car_1303": [10, 6], "car_1302": [1, 2], "car_1309": [10, 0], "car_1308": [1, 6], "car_389": [10, 7], "car_388": [5, 4], "car_387": [11, 1], "car_386": [0, 2], "car_385": [7, 1], "car_384": [2, 7], "car_383": [14, 2], "car_382": [10, 7], "car_381": [15, 0], "car_380": [4, 1], "car_141": [15, 3], "car_140": [11, 1], "car_143": [14, 6], "car_142": [1, 6], "car_145": [6, 1], "car_144": [2, 5], "car_147": [12, 0], "car_146": [3, 5], "car_149": [4, 0], "car_148": [0, 6], "car_2407": [15, 1], "car_1279": [10, 7], "car_1278": [1, 6], "car_1271": [5, 3], "car_1270": [6, 1], "car_1273": [6, 7], "car_1272": [14, 0], "car_1275": [3, 5], "car_1274": [13, 6], "car_1277": [0, 1], "car_1276": [12, 4], "car_2326": [7, 4], "car_2847": [0, 6], "car_2327": [12, 0], "car_1059": [15, 1], "car_1058": [11, 0], "car_1055": [11, 1], "car_1054": [8, 5], "car_1057": [0, 5], "car_1056": [8, 3], "car_1051": [5, 6], "car_1050": [1, 5], "car_1053": [3, 5], "car_1052": [10, 1], "car_2656": [14, 6], "car_2657": [6, 2], "car_2654": [5, 4], "car_2655": [10, 3], "car_2652": [8, 6], "car_2653": [15, 0], "car_2650": [6, 1], "car_2651": [7, 0], "car_2415": [10, 3], "car_2658": [9, 4], "car_2659": [3, 6], "car_2416": [14, 2], "car_69": [12, 7], "car_68": [8, 6], "car_2438": [15, 4], "car_2439": [5, 7], "car_61": [10, 4], "car_60": [1, 5], "car_63": [6, 5], "car_62": [2, 7], "car_65": [1, 2], "car_64": [12, 6], "car_67": [9, 1], "car_66": [5, 6], "car_1693": [13, 7], "car_1692": [9, 4], "car_1691": [6, 2], "car_1690": [15, 2], "car_1697": [6, 7], "car_1696": [10, 0], "car_969": [3, 4], "car_968": [6, 7], "car_967": [2, 7], "car_966": [15, 4], "car_965": [7, 2], "car_964": [13, 6], "car_963": [6, 5], "car_962": [15, 2], "car_961": [11, 5], "car_960": [12, 1], "car_1451": [4, 7], "car_1450": [7, 2], "car_1453": [14, 0], "car_1452": [15, 3], "car_1455": [3, 7], "car_1454": [2, 3], "car_1457": [8, 5], "car_1456": [7, 4], "car_1459": [2, 7], "car_1458": [12, 0], "car_2410": [6, 7], "car_2837": [8, 3], "car_2411": [13, 3], "car_2508": [8, 0], "car_2509": [15, 7], "car_2506": [1, 2], "car_2507": [14, 7], "car_2504": [4, 3], "car_2505": [15, 6], "car_2502": [7, 2], "car_2503": [0, 4], "car_2500": [5, 4], "car_2501": [2, 1], "car_2737": [6, 0], "car_1680": [0, 2], "car_1681": [14, 6], "car_1682": [2, 0], "car_1683": [6, 0], "car_1684": [9, 5], "car_2736": [14, 0], "car_1685": [8, 6], "car_1891": [0, 1], "car_1686": [12, 2], "car_1890": [12, 7], "car_1687": [11, 4], "car_1893": [9, 2], "car_545": [5, 2], "car_544": [1, 2], "car_547": [6, 4], "car_546": [14, 2], "car_541": [13, 7], "car_540": [10, 7], "car_543": [15, 0], "car_542": [7, 0], "car_1895": [1, 4], "car_549": [10, 7], "car_548": [1, 4], "car_819": [10, 7], "car_818": [4, 6], "car_2344": [5, 1], "car_2345": [14, 7], "car_2346": [9, 1], "car_2347": [3, 6], "car_2340": [5, 1], "car_1897": [9, 3], "car_2342": [12, 7], "car_2343": [0, 5], "car_2405": [12, 5], "car_1896": [14, 0], "car_2348": [0, 1], "car_2349": [15, 5], "car_33": [11, 0], "car_1767": [9, 1], "car_1766": [10, 7], "car_1765": [11, 6], "car_608": [11, 7], "car_609": [14, 0], "car_602": [10, 2], "car_603": [9, 4], "car_600": [4, 6], "car_601": [5, 1], "car_606": [7, 6], "car_607": [12, 5], "car_604": [13, 6], "car_605": [3, 6], "car_1761": [13, 2], "car_1760": [14, 7], "car_2799": [13, 1], "car_776": [9, 2], "car_777": [13, 4], "car_774": [8, 0], "car_775": [6, 1], "car_772": [10, 1], "car_773": [13, 6], "car_770": [15, 5], "car_771": [5, 3], "car_1768": [12, 0], "car_778": [8, 1], "car_779": [11, 1], "car_2418": [6, 5], "car_2880": [7, 1], "car_1750": [10, 1], "car_2419": [7, 2], "car_1994": [10, 7], "car_1995": [2, 7], "car_1996": [9, 3], "car_1997": [4, 2], "car_1990": [9, 4], "car_1991": [15, 6], "car_1992": [1, 5], "car_1993": [5, 6], "car_1998": [15, 0], "car_1999": [1, 7], "car_2846": [7, 4], "car_1842": [1, 6], "car_1806": [5, 7], "car_1840": [0, 6], "car_1841": [11, 3], "car_398": [15, 7], "car_399": [5, 2], "car_1844": [6, 1], "car_1807": [10, 0], "car_394": [9, 2], "car_395": [13, 1], "car_396": [3, 0], "car_397": [11, 5], "car_390": [13, 3], "car_391": [10, 2], "car_392": [14, 3], "car_393": [6, 7], "car_158": [3, 5], "car_159": [0, 7], "car_156": [5, 1], "car_157": [10, 1], "car_154": [0, 1], "car_155": [15, 6], "car_152": [14, 2], "car_153": [2, 1], "car_150": [11, 0], "car_151": [5, 3], "car_1208": [15, 2], "car_1209": [10, 6], "car_1204": [1, 4], "car_1205": [14, 0], "car_1206": [6, 3], "car_1207": [3, 1], "car_1200": [13, 7], "car_1201": [3, 4], "car_1202": [7, 6], "car_1203": [0, 3], "car_2601": [14, 1], "car_2403": [5, 1], "car_1808": [6, 7], "car_1809": [1, 3], "car_2649": [14, 2], "car_2612": [3, 6], "car_2613": [11, 2], "car_2641": [13, 0], "car_2640": [1, 3], "car_2643": [6, 7], "car_2642": [14, 6], "car_2645": [8, 4], "car_2644": [13, 5], "car_2647": [1, 5], "car_2646": [15, 4], "car_1510": [14, 1], "car_1511": [3, 0], "car_1512": [12, 4], "car_1513": [4, 0], "car_1514": [1, 6], "car_1515": [10, 3], "car_1516": [14, 1], "car_1517": [13, 4], "car_1518": [7, 1], "car_1519": [8, 4], "car_2531": [7, 6], "car_2530": [9, 4], "car_2537": [13, 7], "car_2536": [0, 7], "car_2855": [1, 0], "car_1198": [12, 0], "car_1199": [10, 1], "car_1194": [15, 2], "car_1195": [6, 2], "car_1196": [13, 2], "car_1197": [3, 0], "car_1190": [11, 6], "car_1191": [15, 2], "car_1192": [14, 6], "car_1193": [2, 7], "car_2619": [1, 4], "car_2429": [12, 6], "car_2428": [10, 0], "car_2425": [12, 3], "car_2424": [7, 3], "car_2427": [5, 6], "car_2426": [4, 1], "car_2421": [5, 2], "car_2126": [10, 2], "car_2423": [9, 6], "car_2422": [2, 7], "car_2856": [14, 4], "car_2127": [8, 4], "car_978": [4, 5], "car_979": [15, 1], "car_974": [5, 0], "car_975": [6, 7], "car_976": [3, 2], "car_977": [0, 3], "car_970": [8, 0], "car_971": [12, 4], "car_972": [0, 2], "car_973": [11, 7], "car_1424": [6, 1], "car_1425": [3, 1], "car_1426": [12, 2], "car_1427": [0, 3], "car_1420": [9, 3], "car_1421": [7, 1], "car_1422": [6, 3], "car_1423": [1, 4], "car_2402": [15, 6], "car_1428": [15, 5], "car_1429": [5, 2], "car_2857": [6, 5], "car_2128": [12, 0], "car_2129": [0, 4], "car_2511": [10, 3], "car_2510": [5, 4], "car_2513": [2, 6], "car_2512": [14, 1], "car_2515": [8, 6], "car_2514": [7, 6], "car_2517": [4, 5], "car_2516": [0, 7], "car_2519": [5, 2], "car_2518": [15, 7], "car_1738": [1, 0], "car_1739": [5, 4], "car_1730": [2, 5], "car_1731": [7, 6], "car_1732": [8, 5], "car_1733": [11, 5], "car_1734": [10, 7], "car_1735": [6, 4], "car_1736": [4, 0], "car_1737": [11, 1], "car_54": [11, 0], "car_55": [1, 6], "car_56": [5, 1], "car_57": [7, 1], "car_50": [6, 7], "car_51": [9, 5], "car_52": [3, 0], "car_53": [0, 5], "car_58": [8, 4], "car_59": [15, 0], "car_2609": [9, 2], "car_552": [13, 5], "car_805": [14, 0], "car_550": [2, 6], "car_551": [9, 7], "car_556": [14, 6], "car_557": [2, 7], "car_554": [1, 7], "car_555": [10, 5], "car_558": [9, 2], "car_559": [13, 4], "car_808": [8, 2], "car_809": [4, 7], "car_2357": [15, 3], "car_2356": [8, 6], "car_2355": [7, 6], "car_2354": [9, 6], "car_2353": [5, 7], "car_2352": [1, 4], "car_2351": [4, 0], "car_2350": [0, 5], "car_2359": [13, 0], "car_2358": [10, 7], "car_1757": [12, 7], "car_2339": [11, 0], "car_2469": [7, 6], "car_2915": [6, 4], "car_2914": [11, 4], "car_2468": [9, 4], "car_703": [15, 2], "car_702": [4, 0], "car_701": [0, 7], "car_700": [7, 6], "car_707": [3, 7], "car_706": [2, 5], "car_705": [10, 3], "car_704": [1, 5], "car_709": [5, 1], "car_708": [15, 1], "car_2221": [13, 0], "car_2308": [8, 0], "car_2400": [13, 6], "car_2309": [12, 5], "car_1987": [5, 1], "car_1986": [15, 4], "car_1985": [0, 1], "car_1984": [12, 6], "car_1983": [8, 7], "car_1982": [3, 7], "car_1981": [13, 5], "car_1980": [14, 4], "car_1989": [6, 7], "car_1988": [10, 5], "car_2768": [2, 6], "car_1855": [11, 7], "car_1796": [8, 2], "car_1857": [13, 3], "car_1856": [10, 5], "car_1851": [4, 0], "car_1850": [6, 0], "car_1853": [9, 0], "car_1797": [4, 0], "car_2336": [1, 6], "car_1859": [8, 1], "car_1794": [11, 5], "car_2230": [7, 3], "car_129": [0, 3], "car_128": [8, 1], "car_2231": [12, 7], "car_123": [3, 7], "car_122": [9, 7], "car_121": [5, 4], "car_120": [3, 4], "car_127": [7, 0], "car_126": [3, 2], "car_125": [13, 7], "car_124": [7, 6], "car_1790": [0, 2], "car_1219": [1, 0], "car_1218": [9, 5], "car_1217": [10, 1], "car_1216": [5, 3], "car_1215": [11, 4], "car_1214": [4, 2], "car_1213": [3, 6], "car_1212": [6, 4], "car_1211": [2, 3], "car_1210": [14, 5], "car_1415": [5, 3], "car_1414": [15, 5], "car_1417": [3, 5], "car_1416": [9, 5], "car_1411": [9, 1], "car_1410": [6, 7], "car_237": [7, 4], "car_236": [3, 2], "car_235": [14, 6], "car_234": [11, 1], "car_233": [13, 0], "car_232": [6, 5], "car_231": [1, 4], "car_230": [4, 0], "car_1412": [8, 5], "car_239": [0, 4], "car_238": [12, 4], "car_2638": [8, 4], "car_2639": [15, 4], "car_2634": [3, 2], "car_2635": [4, 5], "car_2636": [10, 2], "car_2637": [13, 2], "car_2630": [9, 0], "car_2631": [5, 7], "car_2632": [10, 6], "car_2633": [14, 1], "car_1503": [4, 5], "car_1502": [3, 2], "car_1501": [13, 2], "car_1500": [9, 0], "car_1507": [7, 4], "car_1506": [14, 2], "car_1505": [5, 6], "car_1504": [15, 3], "car_1509": [1, 2], "car_1508": [0, 2], "car_1189": [4, 6], "car_1188": [7, 4], "car_1187": [9, 5], "car_1186": [2, 4], "car_1185": [5, 2], "car_1184": [0, 7], "car_1183": [13, 1], "car_1182": [6, 4], "car_1181": [10, 1], "car_1180": [15, 2], "car_2182": [14, 7], "car_2183": [9, 1], "car_2180": [12, 4], "car_2181": [4, 0], "car_2186": [2, 5], "car_2187": [7, 6], "car_2184": [13, 4], "car_2185": [1, 4], "car_2188": [1, 7], "car_2189": [7, 1], "car_949": [0, 3], "car_948": [11, 3], "car_2742": [7, 3], "car_2743": [1, 6], "car_2744": [10, 4], "car_2745": [9, 5], "car_2746": [13, 3], "car_2747": [7, 1], "car_941": [13, 2], "car_940": [6, 7], "car_943": [8, 2], "car_942": [7, 6], "car_945": [4, 1], "car_944": [0, 3], "car_947": [12, 4], "car_946": [14, 2], "car_1437": [11, 7], "car_1436": [7, 6], "car_1435": [11, 3], "car_1434": [4, 7], "car_1433": [12, 2], "car_1432": [7, 0], "car_1431": [2, 5], "car_1430": [10, 4], "car_1439": [0, 7], "car_1438": [13, 5], "car_2238": [13, 7], "car_2823": [5, 6], "car_493": [15, 3], "car_492": [11, 7], "car_491": [4, 2], "car_490": [13, 2], "car_497": [8, 5], "car_496": [13, 1], "car_495": [2, 3], "car_494": [6, 0], "car_499": [0, 1], "car_498": [12, 2], "car_2296": [15, 5], "car_2297": [1, 4], "car_2294": [5, 3], "car_2239": [7, 4], "car_2292": [11, 2], "car_2293": [15, 3], "car_2290": [12, 4], "car_2291": [4, 0], "car_1918": [6, 3], "car_2568": [0, 2], "car_2569": [11, 4], "car_2298": [5, 3], "car_1919": [3, 6], "car_1729": [11, 5], "car_1728": [4, 5], "car_1723": [7, 0], "car_1722": [3, 5], "car_1721": [9, 0], "car_1720": [1, 5], "car_1727": [12, 0], "car_1726": [9, 2], "car_1725": [2, 7], "car_1724": [14, 4], "car_43": [7, 4], "car_42": [13, 3], "car_41": [6, 1], "car_40": [2, 7], "car_47": [12, 0], "car_46": [7, 3], "car_45": [5, 2], "car_44": [8, 4], "car_49": [14, 4], "car_48": [0, 4], "car_1916": [5, 3], "car_1917": [10, 6], "car_1858": [7, 4], "car_831": [3, 1], "car_830": [14, 5], "car_833": [10, 0], "car_832": [8, 7], "car_835": [3, 7], "car_834": [14, 3], "car_837": [1, 0], "car_836": [11, 4], "car_839": [3, 5], "car_838": [5, 0], "car_2360": [3, 5], "car_2361": [8, 7], "car_2366": [1, 5], "car_2367": [14, 0], "car_2364": [8, 3], "car_2365": [12, 3], "car_2168": [11, 3], "car_2169": [15, 1], "car_2160": [7, 0], "car_2161": [0, 5], "car_2162": [15, 1], "car_2163": [5, 0], "car_2164": [10, 6], "car_2165": [2, 0], "car_2166": [9, 3], "car_2167": [8, 4], "car_2810": [9, 5], "car_2811": [3, 1], "car_2812": [0, 7], "car_2813": [4, 0], "car_1941": [0, 4], "car_2814": [1, 7], "car_2815": [13, 2], "car_2544": [0, 4], "car_2817": [2, 1], "car_2463": [8, 2], "car_2462": [7, 5], "car_710": [14, 6], "car_711": [6, 1], "car_712": [9, 7], "car_713": [7, 2], "car_714": [10, 1], "car_715": [14, 6], "car_716": [2, 1], "car_717": [3, 7], "car_718": [7, 6], "car_719": [12, 2], "car_1892": [2, 1], "car_1894": [4, 3], "car_2895": [13, 7], "car_138": [1, 6], "car_139": [10, 7], "car_130": [5, 7], "car_131": [14, 3], "car_132": [2, 5], "car_133": [6, 3], "car_134": [13, 0], "car_135": [3, 5], "car_136": [0, 2], "car_137": [4, 0], "car_1222": [13, 6], "car_1223": [3, 0], "car_1220": [14, 0], "car_1221": [2, 0], "car_1226": [3, 4], "car_1227": [11, 5], "car_1224": [4, 7], "car_1225": [15, 6], "car_1886": [1, 6], "car_1887": [5, 4], "car_1228": [5, 2], "car_1229": [10, 0], "car_1882": [6, 7], "car_1883": [9, 5], "car_1880": [12, 2], "car_1881": [4, 0], "car_2621": [7, 1], "car_224": [15, 5], "car_225": [1, 5], "car_226": [2, 0], "car_227": [6, 0], "car_220": [1, 0], "car_221": [6, 3], "car_222": [8, 6], "car_223": [12, 2], "car_228": [13, 0], "car_229": [3, 2], "car_1086": [5, 1], "car_1087": [6, 2], "car_1084": [0, 4], "car_1085": [15, 7], "car_1082": [7, 5], "car_1083": [11, 7], "car_1080": [14, 1], "car_1081": [3, 1], "car_2627": [1, 0], "car_2626": [11, 0], "car_2625": [10, 2], "car_2624": [4, 1], "car_2623": [0, 3], "car_2622": [12, 0], "car_1088": [3, 6], "car_1089": [11, 2], "car_1536": [14, 1], "car_1537": [2, 5], "car_1534": [12, 4], "car_1535": [1, 4], "car_1532": [15, 1], "car_1533": [10, 5], "car_1530": [4, 0], "car_1531": [11, 3], "car_1538": [13, 2], "car_1539": [8, 0], "car_956": [11, 4], "car_957": [15, 7], "car_954": [13, 5], "car_955": [12, 7], "car_952": [14, 0], "car_953": [9, 3], "car_950": [6, 3], "car_951": [3, 6], "car_1827": [13, 3], "car_2199": [14, 4], "car_2198": [1, 2], "car_958": [2, 4], "car_959": [8, 6], "car_1158": [1, 5], "car_1159": [6, 4], "car_1408": [12, 5], "car_1409": [1, 4], "car_2757": [4, 2], "car_2756": [0, 4], "car_2755": [7, 2], "car_1829": [5, 3], "car_1150": [14, 0], "car_1151": [6, 0], "car_1152": [12, 2], "car_1153": [0, 2], "car_1154": [15, 4], "car_1155": [1, 5], "car_1156": [5, 1], "car_1157": [6, 2], "car_2532": [5, 7], "car_2380": [13, 4], "car_2764": [8, 0], "car_2381": [0, 5], "car_2382": [13, 7], "car_2383": [3, 7], "car_1826": [2, 4], "car_480": [3, 6], "car_481": [7, 6], "car_482": [0, 7], "car_483": [11, 1], "car_484": [1, 3], "car_485": [6, 5], "car_486": [3, 0], "car_487": [4, 2], "car_488": [15, 1], "car_489": [9, 1], "car_2283": [0, 6], "car_2282": [3, 0], "car_2285": [5, 1], "car_2284": [1, 3], "car_2287": [9, 0], "car_2286": [10, 2], "car_2577": [11, 5], "car_853": [0, 5], "car_2575": [3, 0], "car_2574": [2, 0], "car_2573": [14, 6], "car_2572": [13, 2], "car_2571": [5, 7], "car_852": [3, 4], "car_851": [9, 2], "car_2579": [6, 5], "car_2578": [1, 6], "car_582": [1, 7], "car_1718": [4, 6], "car_1719": [15, 4], "car_1716": [13, 1], "car_857": [9, 4], "car_1714": [14, 3], "car_1715": [6, 2], "car_1712": [5, 1], "car_1713": [10, 5], "car_1710": [7, 3], "car_856": [1, 6], "car_1828": [7, 2], "car_855": [15, 6], "car_854": [11, 2], "car_2739": [3, 6], "car_2738": [9, 6], "car_2379": [9, 4], "car_2378": [13, 1], "car_828": [12, 3], "car_829": [15, 7], "car_826": [5, 1], "car_827": [13, 0], "car_824": [15, 7], "car_825": [1, 7], "car_822": [7, 2], "car_823": [11, 2], "car_820": [14, 6], "car_821": [3, 2], "car_2179": [9, 0], "car_2178": [6, 0], "car_2173": [2, 1], "car_2172": [14, 0], "car_2171": [10, 7], "car_2170": [5, 6], "car_2177": [10, 3], "car_2176": [5, 1], "car_2175": [4, 7], "car_2174": [0, 2], "car_2535": [6, 1], "car_2534": [2, 0], "car_729": [2, 1], "car_728": [14, 4], "car_725": [8, 0], "car_724": [3, 6], "car_727": [1, 4], "car_726": [4, 1], "car_721": [15, 1], "car_720": [4, 7], "car_723": [9, 7], "car_722": [14, 2], "car_2708": [11, 1], "car_2620": [6, 4], "car_1795": [2, 3], "car_1792": [3, 0], "car_1793": [12, 3], "car_2440": [14, 4], "car_105": [14, 0], "car_104": [10, 1], "car_107": [13, 5], "car_106": [6, 5], "car_101": [2, 3], "car_100": [10, 4], "car_103": [8, 4], "car_102": [13, 7], "car_1888": [9, 5], "car_109": [8, 3], "car_108": [7, 1], "car_1791": [14, 1], "car_1235": [6, 7], "car_1234": [1, 0], "car_1237": [8, 3], "car_1236": [9, 0], "car_1231": [3, 6], "car_1230": [14, 2], "car_1233": [15, 5], "car_1232": [0, 2], "car_1899": [15, 3], "car_1898": [7, 6], "car_1239": [14, 7], "car_1238": [11, 2], "car_211": [0, 3], "car_210": [12, 4], "car_213": [15, 0], "car_212": [11, 5], "car_215": [10, 3], "car_214": [1, 3], "car_217": [13, 4], "car_216": [2, 1], "car_219": [9, 2], "car_218": [11, 5], "car_2676": [3, 7], "car_1529": [0, 7], "car_1528": [13, 1], "car_2610": [15, 4], "car_2611": [5, 7], "car_2616": [2, 5], "car_2617": [13, 5], "car_2614": [1, 3], "car_2615": [10, 2], "car_1521": [6, 7], "car_1520": [12, 0], "car_1523": [13, 5], "car_1522": [9, 6], "car_1525": [15, 7], "car_1524": [4, 0], "car_1527": [9, 2], "car_1526": [6, 7], "car_2849": [5, 3], "car_2700": [8, 7], "car_2848": [1, 4], "car_2740": [9, 6], "car_2741": [3, 1], "car_2313": [15, 0], "car_2701": [0, 6], "car_2312": [11, 2], "car_2311": [12, 2], "car_923": [8, 5], "car_922": [7, 4], "car_921": [9, 1], "car_920": [10, 2], "car_927": [2, 5], "car_926": [14, 4], "car_925": [5, 6], "car_924": [4, 3], "car_2317": [9, 1], "car_929": [3, 5], "car_928": [9, 3], "car_2316": [6, 1], "car_2766": [0, 2], "car_2748": [0, 5], "car_1149": [10, 2], "car_1148": [12, 0], "car_1419": [10, 2], "car_1418": [0, 1], "car_2760": [14, 3], "car_2749": [11, 5], "car_1143": [15, 1], "car_1142": [0, 5], "car_1141": [13, 2], "car_1140": [9, 4], "car_1147": [3, 2], "car_1146": [9, 4], "car_1145": [10, 6], "car_1144": [5, 4], "car_1099": [6, 1], "car_1098": [14, 0], "car_1091": [4, 6], "car_1090": [12, 7], "car_1093": [10, 2], "car_1092": [15, 0], "car_1095": [12, 1], "car_1094": [3, 0], "car_1097": [5, 7], "car_1096": [11, 1], "car_2818": [9, 1], "car_2819": [8, 5], "car_2548": [9, 5], "car_2549": [13, 1], "car_2542": [3, 1], "car_2543": [7, 1], "car_2540": [10, 6], "car_2541": [2, 4], "car_2546": [1, 2], "car_2547": [2, 3], "car_2521": [7, 0], "car_2545": [4, 7], "car_1701": [11, 4], "car_1700": [0, 5], "car_1703": [12, 4], "car_1702": [8, 1], "car_1705": [4, 6], "car_1704": [0, 2], "car_1707": [3, 0], "car_1706": [15, 0], "car_1709": [13, 1], "car_1708": [6, 2], "car_2522": [15, 3], "car_2523": [2, 0], "car_589": [7, 1], "car_588": [3, 4], "car_859": [9, 2], "car_858": [3, 6], "car_2384": [11, 3], "car_2385": [14, 4], "car_1695": [1, 0], "car_2387": [0, 5], "car_581": [4, 3], "car_580": [12, 5], "car_583": [2, 1], "car_850": [2, 5], "car_585": [12, 2], "car_584": [7, 4], "car_587": [5, 2], "car_586": [0, 2], "car_2002": [13, 5], "car_2148": [8, 1], "car_2149": [5, 3], "car_2146": [11, 3], "car_2147": [1, 4], "car_2144": [3, 6], "car_2145": [7, 4], "car_2142": [5, 4], "car_2143": [14, 6], "car_2140": [15, 1], "car_2141": [1, 7], "car_2779": [0, 6], "car_457": [8, 0], "car_456": [3, 2], "car_455": [5, 6], "car_454": [0, 4], "car_453": [12, 5], "car_452": [8, 3], "car_451": [3, 4], "car_450": [6, 4], "car_1878": [11, 7], "car_459": [0, 2], "car_458": [12, 0], "car_1877": [3, 0], "car_1876": [15, 0], "car_2778": [7, 1], "car_1875": [4, 7], "car_1874": [7, 3], "car_1873": [3, 4], "car_1872": [1, 3], "car_738": [7, 1], "car_739": [6, 4], "car_1871": [15, 7], "car_733": [12, 4], "car_732": [8, 3], "car_32": [12, 0], "car_730": [13, 7], "car_731": [7, 6], "car_736": [6, 5], "car_737": [9, 3], "car_734": [0, 4], "car_735": [11, 0], "car_1976": [6, 3], "car_1977": [12, 1], "car_1698": [9, 4], "car_38": [1, 3], "car_39": [14, 2], "car_2564": [1, 5], "car_2565": [5, 1], "car_2566": [10, 4], "car_2295": [2, 6], "car_1978": [4, 6], "car_2560": [2, 6], "car_1979": [1, 7], "car_2561": [13, 2], "car_2562": [3, 0], "car_2563": [12, 6], "car_2443": [5, 0], "car_2442": [11, 6], "car_2441": [0, 2], "car_112": [1, 3], "car_113": [5, 7], "car_110": [4, 2], "car_111": [15, 0], "car_116": [15, 2], "car_117": [14, 6], "car_114": [6, 1], "car_115": [0, 5], "car_2447": [7, 5], "car_118": [4, 6], "car_119": [2, 6], "car_2446": [3, 5], "car_2445": [13, 3], "car_2299": [6, 7], "car_2533": [14, 7], "car_2453": [13, 6], "car_2454": [4, 6], "car_1950": [7, 2], "car_1951": [12, 1], "car_1952": [15, 1], "car_1953": [14, 2], "car_1954": [2, 7], "car_1955": [11, 1], "car_208": [3, 2], "car_209": [8, 3], "car_206": [6, 2], "car_207": [13, 5], "car_204": [11, 5], "car_205": [10, 5], "car_202": [3, 5], "car_203": [8, 6], "car_200": [1, 3], "car_201": [13, 7], "car_2605": [4, 3], "car_2604": [0, 7], "car_2607": [2, 0], "car_2606": [14, 4], "car_1558": [9, 4], "car_1559": [3, 2], "car_2603": [7, 5], "car_2602": [3, 7], "car_1554": [0, 3], "car_1555": [1, 3], "car_1556": [14, 1], "car_1557": [6, 3], "car_1550": [5, 1], "car_1551": [13, 5], "car_1552": [8, 6], "car_1553": [12, 3], "car_1398": [1, 3], "car_1399": [9, 7], "car_1392": [13, 1], "car_1393": [7, 4], "car_1390": [12, 4], "car_1391": [11, 0], "car_1396": [9, 7], "car_1397": [4, 6], "car_1394": [12, 0], "car_1395": [5, 7], "car_2598": [3, 7], "car_930": [8, 4], "car_931": [11, 4], "car_932": [5, 3], "car_933": [10, 7], "car_934": [7, 1], "car_935": [0, 7], "car_936": [11, 0], "car_937": [2, 6], "car_938": [9, 2], "car_939": [5, 2], "car_2773": [11, 7], "car_2772": [0, 1], "car_2775": [2, 3], "car_2774": [1, 7], "car_2777": [15, 6], "car_2776": [12, 7], "car_6": [5, 4], "car_7": [2, 5], "car_4": [0, 4], "car_5": [4, 3], "car_2": [10, 2], "car_3": [8, 0], "car_1178": [6, 4], "car_1": [5, 6], "car_1176": [1, 0], "car_1177": [14, 3], "car_1174": [7, 4], "car_1175": [11, 0], "car_1172": [1, 2], "car_1173": [2, 0], "car_8": [6, 5], "car_9": [0, 3], "car_2809": [10, 3], "car_2808": [1, 0], "car_2559": [14, 5], "car_2558": [15, 4], "car_2555": [2, 5], "car_2554": [11, 1], "car_2557": [8, 6], "car_2556": [3, 0], "car_2551": [12, 6], "car_2550": [8, 5], "car_2553": [4, 5], "car_2552": [0, 1], "car_1774": [7, 4], "car_1775": [8, 2], "car_1776": [12, 5], "car_1777": [0, 3], "car_1770": [7, 2], "car_1771": [15, 2], "car_1772": [14, 5], "car_1773": [3, 2], "car_1778": [4, 1], "car_1779": [11, 1], "car_98": [2, 6], "car_99": [4, 5], "car_90": [11, 6], "car_91": [14, 2], "car_92": [8, 0], "car_93": [0, 2], "car_94": [4, 2], "car_95": [15, 4], "car_96": [10, 7], "car_97": [14, 6], "car_596": [2, 1], "car_597": [6, 3], "car_594": [1, 5], "car_595": [10, 6], "car_592": [12, 7], "car_593": [15, 6], "car_590": [0, 1], "car_591": [11, 2], "car_598": [3, 6], "car_599": [12, 5], "car_848": [1, 6], "car_849": [5, 2], "car_2391": [4, 5], "car_2390": [5, 0], "car_2397": [11, 4], "car_2396": [8, 6], "car_2395": [7, 6], "car_2394": [5, 7], "car_840": [11, 0], "car_841": [14, 1], "car_842": [7, 4], "car_843": [12, 3], "car_844": [0, 1], "car_845": [4, 2], "car_846": [11, 6], "car_847": [15, 2], "car_1608": [7, 5], "car_1609": [4, 0], "car_2153": [3, 5], "car_2152": [2, 1], "car_2155": [0, 5], "car_2154": [8, 0], "car_2157": [10, 1], "car_2156": [1, 3], "car_1600": [12, 7], "car_1601": [5, 7], "car_1602": [14, 3], "car_1603": [2, 3], "car_1604": [3, 0], "car_1605": [1, 5], "car_1606": [2, 1], "car_1607": [9, 0], "car_2369": [7, 4], "car_2362": [5, 0], "car_2363": [10, 4], "car_444": [13, 4], "car_445": [11, 7], "car_446": [15, 5], "car_447": [7, 6], "car_440": [4, 7], "car_441": [5, 4], "car_442": [2, 6], "car_443": [6, 0], "car_448": [8, 3], "car_449": [11, 4], "car_2717": [6, 2], "car_2716": [2, 0], "car_2715": [1, 0], "car_2201": [0, 5], "car_2714": [15, 6], "car_2200": [12, 7], "car_2713": [11, 0], "car_2712": [6, 0], "car_2711": [14, 2], "car_2710": [10, 4], "car_2209": [8, 1], "car_2208": [3, 2], "car_2324": [6, 7], "car_695": [2, 0], "car_694": [14, 3], "car_697": [9, 0], "car_696": [6, 1], "car_691": [14, 5], "car_690": [10, 6], "car_693": [1, 4], "car_692": [8, 5], "car_699": [5, 4], "car_698": [11, 2], "car_2399": [9, 4], "car_1943": [5, 3], "car_1942": [4, 5], "car_279": [13, 0], "car_278": [2, 0], "car_1947": [1, 0], "car_1946": [0, 1], "car_1945": [7, 1], "car_1944": [10, 1], "car_273": [3, 7], "car_272": [13, 7], "car_271": [9, 6], "car_270": [6, 1], "car_277": [5, 6], "car_276": [15, 7], "car_275": [12, 5], "car_274": [8, 1], "car_1925": [10, 4], "car_1549": [12, 0], "car_1548": [8, 0], "car_1547": [13, 7], "car_1546": [2, 7], "car_1545": [4, 2], "car_1544": [0, 1], "car_1543": [13, 2], "car_1542": [2, 4], "car_1541": [1, 5], "car_1540": [15, 1], "car_1389": [9, 7], "car_1388": [2, 1], "car_1385": [1, 7], "car_1384": [12, 2], "car_1387": [13, 5], "car_1386": [10, 6], "car_1381": [6, 0], "car_1380": [10, 5], "car_1383": [8, 3], "car_1382": [13, 4], "car_307": [9, 4], "car_306": [4, 6], "car_305": [3, 7], "car_304": [13, 5], "car_303": [10, 6], "car_302": [15, 3], "car_301": [4, 2], "car_300": [0, 1], "car_804": [5, 0], "car_309": [5, 3], "car_308": [3, 4], "car_909": [0, 5], "car_908": [7, 5], "car_905": [4, 1], "car_904": [0, 1], "car_907": [2, 5], "car_906": [5, 1], "car_901": [5, 4], "car_900": [11, 4], "car_903": [12, 4], "car_902": [9, 6], "car_1161": [12, 1], "car_1160": [3, 1], "car_1163": [1, 2], "car_1162": [0, 2], "car_1165": [14, 5], "car_1164": [5, 3], "car_1167": [6, 3], "car_1166": [2, 5], "car_1169": [7, 0], "car_1168": [9, 5], "car_2432": [5, 0], "car_2433": [2, 7], "car_2430": [15, 3], "car_2322": [6, 0], "car_2431": [1, 3], "car_2838": [15, 5], "car_2839": [9, 3], "car_2836": [7, 2], "car_2436": [7, 2], "car_2834": [2, 1], "car_2835": [6, 5], "car_2832": [9, 5], "car_2833": [14, 5], "car_2830": [15, 2], "car_2437": [11, 5], "car_2010": [6, 0], "car_2011": [12, 7], "car_2012": [3, 5], "car_2013": [8, 6], "car_2014": [6, 7], "car_2015": [3, 0], "car_2016": [8, 1], "car_2017": [12, 1], "car_2018": [1, 0], "car_2019": [10, 4], "car_2435": [3, 2], "car_87": [2, 5], "car_86": [14, 7], "car_85": [10, 1], "car_84": [4, 1], "car_83": [12, 3], "car_82": [9, 6], "car_81": [2, 1], "car_80": [14, 0], "car_2001": [10, 5], "car_89": [4, 5], "car_88": [7, 0], "car_2000": [5, 6], "car_2498": [13, 7], "car_2499": [11, 6], "car_2494": [9, 1], "car_2495": [7, 4], "car_2496": [8, 7], "car_2497": [4, 3], "car_2490": [4, 7], "car_2491": [1, 6], "car_2492": [10, 6], "car_2493": [14, 5], "car_875": [3, 5], "car_874": [13, 6], "car_877": [0, 3], "car_876": [12, 5], "car_871": [5, 0], "car_870": [1, 7], "car_873": [6, 7], "car_872": [10, 5], "car_1694": [8, 7], "car_879": [2, 1], "car_878": [10, 2], "car_1752": [13, 7], "car_1753": [3, 2], "car_1699": [7, 2], "car_2124": [12, 2], "car_2125": [5, 4], "car_1619": [14, 5], "car_1618": [10, 2], "car_2120": [4, 1], "car_2121": [1, 5], "car_2122": [7, 4], "car_2123": [8, 0], "car_1613": [14, 0], "car_1612": [10, 5], "car_1611": [5, 7], "car_1610": [1, 0], "car_1617": [1, 7], "car_1616": [15, 6], "car_1615": [0, 2], "car_1614": [12, 4], "car_1754": [8, 2], "car_1755": [4, 1], "car_2767": [5, 1], "car_2323": [8, 1], "car_471": [4, 1], "car_470": [7, 1], "car_473": [10, 1], "car_472": [15, 7], "car_475": [6, 7], "car_474": [14, 0], "car_477": [5, 0], "car_476": [9, 6], "car_479": [15, 7], "car_478": [2, 3], "car_2232": [0, 6], "car_2233": [4, 5], "car_2234": [10, 4], "car_2235": [14, 1], "car_2236": [6, 0], "car_2237": [9, 1], "car_2769": [9, 6], "car_2765": [12, 5], "car_2038": [3, 6], "car_2709": [15, 4], "car_2762": [9, 2], "car_2039": [8, 3], "car_2763": [3, 1], "car_1819": [0, 3], "car_1818": [12, 4], "car_2386": [13, 1], "car_682": [10, 5], "car_683": [14, 6], "car_680": [1, 7], "car_681": [5, 1], "car_686": [0, 3], "car_687": [11, 6], "car_684": [6, 3], "car_685": [13, 7], "car_688": [1, 4], "car_689": [5, 3], "car_2481": [11, 0], "car_2761": [2, 6], "car_1815": [14, 7], "car_1814": [0, 3], "car_2388": [11, 3], "car_2389": [1, 2], "car_1670": [3, 7], "car_1956": [14, 1], "car_1957": [3, 4], "car_1958": [7, 5], "car_1959": [0, 1], "car_2003": [8, 1], "car_268": [5, 6], "car_269": [10, 3], "car_1974": [8, 2], "car_1975": [0, 3], "car_1972": [13, 1], "car_1973": [3, 1], "car_1970": [1, 5], "car_1971": [2, 1], "car_260": [2, 7], "car_261": [6, 4], "car_262": [7, 1], "car_263": [8, 5], "car_264": [11, 4], "car_265": [2, 4], "car_266": [6, 7], "car_267": [0, 7], "car_1572": [1, 4], "car_1573": [14, 4], "car_1570": [12, 7], "car_1571": [0, 7], "car_1576": [3, 1], "car_1577": [12, 6], "car_1574": [2, 4], "car_1575": [6, 1], "car_1578": [0, 7], "car_1579": [11, 6], "car_1370": [2, 5], "car_1371": [6, 0], "car_1372": [12, 4], "car_1373": [4, 5], "car_1374": [1, 3], "car_1375": [14, 6], "car_1376": [3, 4], "car_1377": [0, 2], "car_1378": [4, 2], "car_1379": [15, 0], "car_2600": [10, 0], "car_314": [1, 2], "car_315": [5, 4], "car_316": [14, 3], "car_317": [3, 5], "car_310": [14, 3], "car_311": [13, 3], "car_312": [3, 6], "car_313": [12, 1], "car_318": [8, 0], "car_319": [11, 1], "car_918": [4, 2], "car_919": [11, 3], "car_2719": [15, 2], "car_2718": [8, 5], "car_912": [2, 3], "car_913": [0, 4], "car_910": [11, 4], "car_911": [14, 4], "car_916": [8, 1], "car_917": [12, 6], "car_914": [5, 0], "car_915": [14, 2], "car_1114": [1, 4], "car_1115": [14, 1], "car_1116": [2, 1], "car_1117": [0, 3], "car_1110": [14, 7], "car_1111": [7, 0], "car_1112": [12, 7], "car_1113": [0, 6], "car_1118": [14, 7], "car_1119": [9, 6], "car_1284": [3, 6], "car_1285": [0, 7], "car_1286": [4, 6], "car_1287": [11, 4], "car_1280": [4, 2], "car_1281": [14, 0], "car_1282": [6, 1], "car_1283": [13, 5], "car_2130": [3, 7], "car_1288": [10, 7], "car_1289": [14, 7], "car_2821": [4, 1], "car_2820": [0, 7], "car_1744": [5, 0], "car_2822": [11, 3], "car_2825": [6, 7], "car_2824": [10, 7], "car_2827": [13, 5], "car_2826": [9, 3], "car_2829": [7, 0], "car_2828": [3, 4], "car_1028": [10, 0], "car_1029": [14, 0], "car_1758": [15, 7], "car_1759": [10, 0], "car_2007": [14, 1], "car_2006": [1, 6], "car_2005": [15, 0], "car_2004": [4, 5], "car_1020": [3, 7], "car_1021": [8, 2], "car_1022": [4, 2], "car_1023": [1, 3], "car_1024": [3, 2], "car_1025": [7, 1], "car_1026": [0, 7], "car_1027": [5, 0], "car_1598": [6, 3], "car_1599": [9, 4], "car_1590": [1, 3], "car_1591": [10, 6], "car_1592": [14, 6], "car_1593": [13, 0], "car_1594": [7, 1], "car_1595": [4, 3], "car_1596": [1, 0], "car_1597": [14, 6], "car_2489": [8, 5], "car_2488": [9, 1], "car_2487": [15, 2], "car_2486": [0, 7], "car_2485": [12, 2], "car_2484": [7, 4], "car_2483": [10, 4], "car_2482": [1, 7], "car_1746": [3, 5], "car_2480": [7, 6], "car_862": [10, 2], "car_863": [2, 6], "car_860": [3, 7], "car_861": [15, 0], "car_866": [11, 2], "car_867": [6, 7], "car_864": [6, 3], "car_865": [7, 3], "car_868": [12, 0], "car_869": [0, 2], "car_1741": [12, 5], "car_2137": [13, 2], "car_2136": [9, 1], "car_2135": [10, 5], "car_2134": [1, 7], "car_2133": [4, 7], "car_2132": [0, 2], "car_1628": [13, 1], "car_1629": [0, 3], "car_1626": [5, 7], "car_1627": [10, 1], "car_1624": [12, 6], "car_1625": [11, 3], "car_1622": [5, 4], "car_1623": [2, 4], "car_1620": [9, 1], "car_1621": [13, 7], "car_1740": [9, 1]}