{"car_773": [3, 7], "car_545": [3, 6], "car_544": [8, 3], "car_547": [6, 5], "car_546": [8, 2], "car_541": [10, 2], "car_540": [4, 1], "car_543": [7, 3], "car_542": [6, 2], "car_549": [13, 4], "car_548": [9, 4], "car_819": [5, 4], "car_818": [3, 4], "car_888": [13, 1], "car_468": [6, 7], "car_469": [12, 5], "car_466": [0, 3], "car_467": [2, 3], "car_464": [12, 6], "car_465": [14, 2], "car_462": [13, 5], "car_463": [3, 6], "car_460": [6, 0], "car_461": [1, 3], "car_211": [9, 2], "car_210": [14, 0], "car_213": [1, 7], "car_212": [11, 6], "car_215": [12, 5], "car_214": [13, 3], "car_217": [9, 2], "car_216": [5, 7], "car_219": [14, 2], "car_218": [3, 5], "car_352": [7, 0], "car_353": [3, 2], "car_354": [3, 1], "car_355": [0, 3], "car_356": [4, 7], "car_357": [11, 1], "car_608": [8, 1], "car_609": [0, 7], "car_602": [14, 4], "car_603": [2, 5], "car_600": [10, 3], "car_601": [8, 2], "car_606": [0, 5], "car_607": [3, 0], "car_604": [7, 6], "car_605": [8, 1], "car_817": [10, 6], "car_518": [13, 5], "car_816": [11, 7], "car_519": [8, 3], "car_815": [0, 3], "car_814": [9, 4], "car_813": [3, 4], "car_812": [1, 4], "car_923": [0, 7], "car_922": [0, 6], "car_921": [13, 6], "car_920": [3, 7], "car_927": [0, 7], "car_811": [15, 0], "car_925": [9, 4], "car_924": [4, 7], "car_929": [13, 4], "car_810": [4, 5], "car_776": [4, 7], "car_777": [6, 7], "car_774": [7, 6], "car_775": [8, 6], "car_772": [2, 5], "car_510": [15, 4], "car_770": [12, 6], "car_771": [4, 6], "car_805": [1, 4], "car_511": [3, 1], "car_778": [3, 0], "car_779": [8, 4], "car_679": [1, 0], "car_678": [0, 5], "car_677": [4, 6], "car_676": [0, 7], "car_675": [3, 4], "car_674": [6, 5], "car_673": [13, 2], "car_672": [9, 0], "car_671": [5, 7], "car_670": [6, 5], "car_10": [5, 6], "car_11": [13, 1], "car_12": [7, 0], "car_13": [12, 1], "car_14": [2, 6], "car_15": [9, 1], "car_16": [3, 6], "car_17": [12, 2], "car_18": [4, 6], "car_19": [6, 4], "car_828": [4, 1], "car_758": [12, 2], "car_889": [9, 7], "car_759": [7, 3], "car_703": [13, 3], "car_702": [5, 6], "car_701": [11, 6], "car_829": [7, 3], "car_789": [0, 3], "car_700": [2, 7], "car_783": [12, 2], "car_707": [1, 5], "car_781": [4, 2], "car_780": [12, 0], "car_787": [9, 4], "car_786": [2, 4], "car_785": [5, 2], "car_706": [7, 1], "car_705": [8, 6], "car_750": [7, 2], "car_704": [7, 0], "car_698": [15, 1], "car_422": [7, 3], "car_423": [11, 6], "car_420": [14, 4], "car_421": [3, 7], "car_426": [1, 2], "car_427": [5, 2], "car_424": [4, 0], "car_425": [8, 1], "car_581": [11, 6], "car_580": [12, 2], "car_428": [3, 5], "car_429": [0, 7], "car_585": [10, 4], "car_584": [15, 3], "car_587": [14, 0], "car_586": [15, 6], "car_255": [2, 0], "car_254": [3, 4], "car_257": [14, 3], "car_256": [9, 7], "car_251": [6, 2], "car_250": [11, 4], "car_253": [1, 3], "car_252": [0, 6], "car_394": [13, 1], "car_395": [0, 2], "car_396": [9, 0], "car_397": [2, 5], "car_259": [13, 1], "car_258": [7, 6], "car_392": [5, 6], "car_393": [12, 0], "car_827": [8, 4], "car_158": [3, 0], "car_159": [5, 2], "car_156": [6, 4], "car_157": [10, 7], "car_154": [15, 1], "car_155": [1, 4], "car_152": [3, 4], "car_153": [12, 1], "car_150": [13, 6], "car_151": [15, 4], "car_882": [15, 1], "car_350": [0, 1], "car_883": [8, 6], "car_351": [9, 2], "car_457": [4, 1], "car_456": [12, 0], "car_455": [14, 5], "car_454": [10, 2], "car_453": [13, 3], "car_452": [9, 4], "car_451": [15, 3], "car_450": [4, 3], "car_516": [7, 4], "car_517": [5, 2], "car_514": [9, 4], "car_515": [5, 7], "car_512": [15, 4], "car_513": [12, 1], "car_459": [13, 1], "car_458": [5, 7], "car_321": [13, 5], "car_320": [5, 1], "car_323": [5, 1], "car_322": [8, 1], "car_325": [2, 1], "car_324": [10, 3], "car_327": [8, 4], "car_326": [3, 7], "car_329": [13, 1], "car_328": [6, 3], "car_493": [6, 2], "car_822": [6, 1], "car_492": [1, 3], "car_491": [13, 7], "car_633": [8, 1], "car_632": [13, 1], "car_631": [2, 5], "car_490": [6, 0], "car_637": [4, 7], "car_636": [6, 1], "car_635": [0, 5], "car_634": [2, 4], "car_732": [3, 4], "car_497": [2, 1], "car_639": [3, 6], "car_638": [6, 7], "car_736": [1, 3], "car_730": [14, 3], "car_734": [14, 0], "car_496": [11, 1], "car_268": [9, 6], "car_823": [4, 7], "car_731": [13, 1], "car_495": [3, 6], "car_140": [6, 7], "car_494": [3, 1], "car_737": [6, 4], "car_735": [2, 6], "car_886": [8, 7], "car_144": [5, 1], "car_887": [14, 4], "car_260": [7, 3], "car_189": [13, 6], "car_188": [1, 5], "car_261": [13, 4], "car_185": [7, 4], "car_184": [14, 7], "car_187": [14, 1], "car_186": [4, 2], "car_181": [7, 2], "car_180": [5, 1], "car_183": [5, 6], "car_182": [8, 0], "car_263": [0, 2], "car_749": [2, 4], "car_748": [14, 7], "car_747": [10, 3], "car_746": [4, 2], "car_745": [8, 4], "car_744": [13, 0], "car_743": [2, 3], "car_742": [9, 1], "car_741": [12, 0], "car_740": [9, 3], "car_899": [3, 5], "car_850": [13, 6], "car_897": [12, 7], "car_896": [5, 4], "car_895": [0, 3], "car_894": [3, 6], "car_893": [9, 2], "car_892": [9, 3], "car_891": [15, 1], "car_890": [11, 7], "car_768": [0, 1], "car_299": [15, 3], "car_113": [9, 4], "car_110": [5, 6], "car_111": [6, 5], "car_116": [4, 0], "car_117": [15, 4], "car_114": [0, 4], "car_115": [2, 6], "car_291": [8, 6], "car_290": [9, 0], "car_118": [15, 5], "car_119": [12, 0], "car_295": [14, 3], "car_294": [3, 4], "car_297": [2, 7], "car_296": [12, 6], "car_54": [7, 3], "car_55": [11, 5], "car_56": [13, 7], "car_57": [1, 2], "car_50": [13, 6], "car_51": [6, 7], "car_52": [4, 3], "car_53": [1, 7], "car_58": [14, 7], "car_59": [12, 7], "car_928": [14, 1], "car_552": [15, 2], "car_553": [2, 5], "car_550": [3, 4], "car_551": [0, 2], "car_556": [14, 5], "car_557": [1, 5], "car_554": [13, 2], "car_555": [10, 4], "car_558": [0, 4], "car_559": [8, 1], "car_808": [10, 1], "car_809": [9, 2], "car_365": [4, 7], "car_364": [0, 6], "car_367": [4, 0], "car_366": [0, 5], "car_361": [4, 0], "car_360": [14, 3], "car_363": [8, 5], "car_362": [11, 3], "car_413": [13, 0], "car_412": [4, 6], "car_411": [7, 2], "car_410": [8, 4], "car_369": [0, 4], "car_368": [11, 1], "car_415": [7, 0], "car_414": [3, 4], "car_167": [8, 2], "car_166": [3, 4], "car_165": [7, 3], "car_164": [14, 6], "car_163": [8, 3], "car_162": [5, 0], "car_161": [7, 1], "car_160": [8, 4], "car_206": [10, 4], "car_207": [6, 5], "car_204": [4, 6], "car_205": [13, 1], "car_202": [6, 3], "car_203": [9, 0], "car_169": [5, 2], "car_168": [0, 4], "car_527": [5, 1], "car_526": [1, 3], "car_525": [0, 5], "car_524": [12, 1], "car_523": [3, 4], "car_522": [13, 2], "car_521": [5, 1], "car_520": [8, 1], "car_529": [0, 6], "car_528": [8, 7], "car_930": [12, 1], "car_931": [5, 6], "car_932": [4, 5], "car_933": [5, 6], "car_934": [6, 2], "car_935": [8, 7], "car_489": [2, 3], "car_6": [3, 0], "car_7": [7, 1], "car_4": [3, 4], "car_5": [14, 7], "car_2": [12, 1], "car_3": [2, 5], "car_0": [15, 0], "car_1": [5, 0], "car_709": [6, 0], "car_708": [10, 4], "car_8": [0, 7], "car_9": [12, 4], "car_668": [10, 0], "car_669": [3, 7], "car_664": [10, 2], "car_665": [4, 7], "car_666": [9, 7], "car_667": [0, 6], "car_660": [3, 4], "car_661": [8, 3], "car_662": [4, 1], "car_663": [1, 3], "car_793": [0, 3], "car_926": [1, 6], "car_798": [12, 5], "car_799": [1, 3], "car_98": [4, 1], "car_99": [1, 5], "car_90": [5, 3], "car_91": [13, 5], "car_92": [2, 5], "car_93": [8, 0], "car_94": [15, 5], "car_95": [10, 6], "car_96": [6, 7], "car_97": [7, 5], "car_596": [3, 2], "car_578": [8, 7], "car_594": [13, 7], "car_595": [9, 1], "car_592": [3, 7], "car_593": [7, 2], "car_590": [14, 1], "car_579": [0, 7], "car_598": [13, 6], "car_599": [12, 6], "car_848": [4, 2], "car_790": [15, 7], "car_791": [13, 6], "car_840": [2, 4], "car_841": [6, 2], "car_842": [9, 6], "car_843": [8, 1], "car_844": [11, 0], "car_792": [12, 5], "car_846": [12, 2], "car_847": [14, 6], "car_242": [0, 1], "car_243": [10, 1], "car_240": [9, 6], "car_241": [15, 5], "car_246": [8, 3], "car_247": [9, 6], "car_244": [13, 5], "car_245": [9, 4], "car_794": [4, 2], "car_248": [8, 0], "car_249": [4, 3], "car_795": [11, 5], "car_570": [14, 7], "car_129": [13, 4], "car_128": [3, 6], "car_796": [10, 3], "car_571": [0, 4], "car_123": [15, 6], "car_122": [8, 0], "car_121": [3, 0], "car_120": [1, 7], "car_127": [8, 3], "car_126": [13, 1], "car_125": [9, 6], "car_124": [5, 3], "car_797": [2, 3], "car_908": [14, 1], "car_597": [8, 2], "car_444": [4, 3], "car_445": [1, 3], "car_446": [11, 0], "car_447": [5, 2], "car_440": [2, 7], "car_441": [7, 5], "car_442": [14, 1], "car_443": [3, 2], "car_563": [5, 0], "car_562": [4, 3], "car_561": [13, 6], "car_560": [3, 2], "car_448": [10, 4], "car_349": [3, 5], "car_565": [9, 2], "car_564": [7, 6], "car_237": [2, 4], "car_236": [6, 4], "car_235": [10, 3], "car_234": [0, 7], "car_233": [8, 3], "car_232": [7, 5], "car_338": [12, 3], "car_339": [11, 5], "car_336": [5, 0], "car_337": [2, 1], "car_334": [12, 3], "car_335": [13, 4], "car_332": [7, 3], "car_333": [8, 6], "car_330": [11, 0], "car_238": [0, 5], "car_408": [12, 0], "car_409": [10, 2], "car_916": [3, 0], "car_620": [12, 0], "car_621": [10, 2], "car_622": [9, 6], "car_623": [0, 1], "car_624": [11, 0], "car_625": [8, 6], "car_626": [10, 4], "car_627": [0, 1], "car_628": [7, 4], "car_629": [0, 2], "car_849": [9, 0], "car_347": [3, 0], "car_346": [1, 7], "car_630": [10, 6], "car_729": [6, 5], "car_402": [12, 1], "car_728": [14, 4], "car_403": [8, 0], "car_198": [7, 2], "car_199": [5, 3], "car_192": [2, 1], "car_193": [6, 5], "car_190": [3, 4], "car_191": [11, 5], "car_196": [5, 6], "car_197": [10, 7], "car_194": [4, 3], "car_195": [15, 1], "car_695": [0, 3], "car_694": [3, 4], "car_697": [9, 4], "car_696": [1, 4], "car_691": [2, 5], "car_690": [1, 0], "car_693": [1, 4], "car_692": [10, 4], "car_754": [15, 4], "car_755": [11, 5], "car_756": [9, 5], "car_757": [6, 4], "car_699": [1, 7], "car_279": [12, 3], "car_752": [11, 5], "car_753": [8, 1], "car_278": [12, 2], "car_723": [9, 3], "car_722": [6, 3], "car_36": [11, 0], "car_37": [6, 4], "car_34": [14, 1], "car_35": [1, 5], "car_32": [15, 4], "car_33": [10, 3], "car_30": [4, 5], "car_31": [1, 5], "car_884": [1, 0], "car_885": [6, 0], "car_499": [1, 4], "car_498": [1, 0], "car_880": [4, 1], "car_881": [9, 1], "car_38": [3, 0], "car_39": [6, 5], "car_286": [15, 5], "car_287": [3, 6], "car_284": [3, 7], "car_285": [12, 2], "car_282": [3, 7], "car_283": [4, 5], "car_280": [13, 7], "car_281": [10, 4], "car_288": [1, 2], "car_289": [14, 6], "car_178": [5, 2], "car_179": [11, 1], "car_43": [0, 7], "car_42": [9, 3], "car_41": [2, 7], "car_40": [3, 5], "car_47": [11, 1], "car_46": [7, 3], "car_45": [9, 6], "car_44": [13, 2], "car_49": [2, 7], "car_48": [3, 1], "car_821": [14, 7], "car_566": [11, 6], "car_831": [13, 7], "car_830": [15, 4], "car_833": [11, 0], "car_832": [4, 6], "car_835": [11, 7], "car_834": [6, 1], "car_837": [14, 1], "car_836": [5, 7], "car_839": [3, 2], "car_838": [13, 1], "car_372": [3, 2], "car_373": [11, 6], "car_370": [3, 2], "car_371": [1, 2], "car_376": [7, 4], "car_377": [12, 0], "car_374": [5, 7], "car_375": [6, 1], "car_400": [10, 2], "car_401": [8, 7], "car_378": [10, 0], "car_379": [14, 4], "car_404": [0, 2], "car_405": [14, 6], "car_406": [12, 6], "car_407": [14, 7], "car_174": [0, 1], "car_175": [11, 1], "car_176": [1, 2], "car_177": [13, 1], "car_170": [9, 2], "car_171": [7, 3], "car_172": [0, 2], "car_173": [13, 2], "car_273": [3, 0], "car_272": [14, 6], "car_271": [10, 7], "car_270": [15, 4], "car_277": [9, 3], "car_276": [12, 0], "car_275": [13, 2], "car_274": [15, 1], "car_112": [10, 3], "car_845": [1, 6], "car_298": [13, 7], "car_534": [4, 6], "car_535": [2, 7], "car_536": [6, 7], "car_537": [6, 0], "car_530": [7, 5], "car_531": [11, 0], "car_532": [10, 5], "car_358": [1, 6], "car_538": [9, 4], "car_539": [9, 3], "car_307": [13, 6], "car_306": [4, 7], "car_305": [9, 1], "car_304": [6, 0], "car_303": [15, 1], "car_302": [2, 3], "car_301": [5, 0], "car_300": [1, 3], "car_804": [8, 3], "car_898": [2, 7], "car_293": [9, 4], "car_309": [11, 6], "car_308": [0, 2], "car_292": [12, 1], "car_909": [1, 5], "car_359": [8, 7], "car_905": [5, 6], "car_904": [1, 0], "car_907": [5, 3], "car_906": [3, 0], "car_901": [5, 1], "car_900": [1, 4], "car_903": [14, 0], "car_902": [12, 0], "car_710": [9, 1], "car_711": [0, 5], "car_712": [8, 7], "car_713": [13, 6], "car_714": [2, 1], "car_715": [6, 0], "car_716": [5, 6], "car_717": [3, 2], "car_718": [9, 0], "car_719": [10, 0], "car_659": [0, 7], "car_658": [1, 5], "car_651": [0, 3], "car_650": [9, 1], "car_653": [11, 4], "car_652": [4, 7], "car_655": [6, 2], "car_654": [0, 3], "car_657": [11, 6], "car_656": [13, 7], "car_806": [7, 4], "car_78": [15, 4], "car_79": [1, 7], "car_72": [9, 7], "car_73": [13, 4], "car_70": [14, 3], "car_71": [5, 6], "car_76": [2, 1], "car_77": [4, 0], "car_74": [6, 7], "car_75": [13, 0], "car_807": [1, 3], "car_87": [2, 1], "car_86": [4, 2], "car_85": [8, 6], "car_84": [11, 0], "car_83": [13, 4], "car_82": [10, 5], "car_81": [7, 5], "car_80": [11, 1], "car_533": [13, 6], "car_89": [1, 5], "car_88": [6, 4], "car_800": [9, 6], "car_875": [5, 1], "car_874": [15, 7], "car_877": [6, 1], "car_689": [0, 3], "car_871": [8, 5], "car_870": [7, 5], "car_873": [13, 2], "car_872": [12, 1], "car_879": [0, 6], "car_878": [9, 0], "car_801": [3, 5], "car_784": [4, 5], "car_138": [1, 7], "car_139": [14, 5], "car_788": [13, 0], "car_130": [8, 6], "car_131": [10, 1], "car_132": [11, 1], "car_133": [11, 0], "car_134": [6, 3], "car_135": [15, 0], "car_136": [1, 3], "car_137": [14, 0], "car_569": [9, 6], "car_568": [6, 4], "car_782": [0, 3], "car_471": [10, 2], "car_470": [1, 0], "car_473": [13, 4], "car_472": [7, 6], "car_475": [5, 6], "car_474": [1, 3], "car_477": [10, 2], "car_476": [4, 1], "car_479": [15, 0], "car_478": [0, 1], "car_572": [5, 4], "car_573": [2, 4], "car_574": [6, 4], "car_575": [0, 2], "car_576": [1, 7], "car_577": [7, 6], "car_224": [7, 4], "car_225": [0, 6], "car_226": [5, 0], "car_227": [0, 7], "car_220": [5, 2], "car_221": [9, 7], "car_222": [13, 2], "car_223": [3, 6], "car_343": [0, 2], "car_342": [8, 2], "car_341": [2, 4], "car_340": [14, 3], "car_228": [9, 6], "car_229": [13, 7], "car_345": [11, 5], "car_344": [4, 5], "car_802": [3, 0], "car_567": [14, 6], "car_803": [5, 6], "car_739": [14, 5], "car_449": [0, 5], "car_619": [5, 4], "car_618": [0, 5], "car_615": [8, 0], "car_614": [13, 3], "car_617": [14, 5], "car_616": [11, 0], "car_611": [6, 4], "car_610": [10, 4], "car_613": [15, 5], "car_612": [9, 1], "car_591": [9, 0], "car_769": [6, 1], "car_231": [14, 0], "car_683": [7, 2], "car_230": [15, 0], "car_419": [10, 0], "car_418": [12, 6], "car_682": [14, 3], "car_589": [11, 2], "car_680": [2, 5], "car_681": [4, 6], "car_686": [12, 4], "car_687": [6, 0], "car_684": [9, 2], "car_588": [4, 5], "car_761": [12, 1], "car_760": [12, 0], "car_688": [7, 5], "car_685": [3, 5], "car_765": [10, 4], "car_764": [13, 2], "car_767": [14, 2], "car_766": [1, 6], "car_858": [10, 3], "car_239": [1, 4], "car_331": [5, 3], "car_763": [14, 5], "car_25": [9, 3], "car_24": [4, 1], "car_27": [3, 6], "car_26": [13, 6], "car_21": [5, 6], "car_20": [0, 6], "car_23": [8, 7], "car_22": [9, 0], "car_488": [15, 7], "car_417": [6, 5], "car_29": [7, 5], "car_28": [14, 2], "car_416": [15, 5], "car_853": [0, 6], "car_852": [5, 2], "car_583": [4, 7], "car_582": [15, 3], "car_857": [13, 6], "car_856": [1, 0], "car_855": [0, 6], "car_854": [11, 2], "car_733": [1, 6], "car_208": [4, 7], "car_209": [15, 3], "car_435": [8, 1], "car_434": [6, 5], "car_437": [7, 2], "car_436": [9, 2], "car_431": [15, 7], "car_430": [15, 3], "car_433": [8, 4], "car_432": [1, 6], "car_826": [10, 1], "car_398": [13, 0], "car_824": [6, 1], "car_825": [15, 1], "car_439": [0, 1], "car_438": [12, 3], "car_820": [15, 0], "car_399": [15, 1], "car_389": [10, 1], "car_388": [5, 2], "car_387": [10, 5], "car_386": [3, 5], "car_385": [9, 6], "car_384": [5, 1], "car_383": [4, 1], "car_382": [6, 2], "car_381": [11, 1], "car_380": [2, 5], "car_141": [14, 0], "car_269": [4, 2], "car_143": [14, 1], "car_142": [12, 5], "car_145": [8, 0], "car_200": [10, 4], "car_147": [15, 1], "car_146": [11, 1], "car_149": [5, 0], "car_148": [7, 3], "car_262": [7, 6], "car_201": [11, 3], "car_264": [15, 1], "car_265": [2, 4], "car_266": [3, 5], "car_267": [9, 3], "car_480": [13, 0], "car_481": [6, 1], "car_390": [0, 7], "car_482": [7, 1], "car_391": [15, 4], "car_483": [0, 6], "car_484": [10, 6], "car_485": [13, 6], "car_501": [9, 4], "car_500": [3, 6], "car_503": [14, 6], "car_502": [12, 2], "car_505": [0, 6], "car_486": [4, 0], "car_507": [3, 6], "car_506": [10, 1], "car_509": [12, 4], "car_508": [10, 3], "car_487": [14, 0], "car_851": [3, 2], "car_314": [10, 7], "car_315": [7, 0], "car_316": [6, 2], "car_317": [4, 2], "car_310": [7, 6], "car_311": [10, 5], "car_312": [15, 3], "car_313": [7, 5], "car_318": [0, 6], "car_319": [4, 6], "car_918": [10, 2], "car_919": [9, 3], "car_912": [15, 7], "car_913": [11, 1], "car_910": [11, 1], "car_911": [0, 7], "car_876": [10, 5], "car_917": [1, 0], "car_914": [6, 1], "car_915": [12, 2], "car_646": [15, 5], "car_647": [6, 5], "car_644": [6, 0], "car_645": [1, 2], "car_642": [3, 4], "car_643": [5, 6], "car_640": [0, 1], "car_641": [9, 6], "car_725": [0, 6], "car_724": [7, 6], "car_727": [14, 3], "car_726": [5, 1], "car_721": [9, 7], "car_720": [5, 2], "car_648": [13, 6], "car_649": [3, 0], "car_69": [5, 4], "car_68": [0, 1], "car_61": [1, 7], "car_60": [15, 6], "car_63": [11, 7], "car_62": [0, 5], "car_65": [1, 2], "car_64": [15, 1], "car_67": [13, 1], "car_66": [6, 5], "car_504": [12, 3], "car_738": [12, 4], "car_751": [12, 5], "car_348": [14, 3], "car_859": [9, 0], "car_862": [3, 5], "car_863": [7, 4], "car_860": [13, 0], "car_861": [1, 5], "car_866": [12, 3], "car_867": [12, 4], "car_864": [11, 1], "car_865": [8, 2], "car_868": [13, 4], "car_869": [8, 3], "car_105": [7, 5], "car_104": [2, 1], "car_107": [11, 6], "car_106": [5, 2], "car_101": [4, 0], "car_100": [13, 6], "car_103": [11, 6], "car_102": [5, 6], "car_109": [3, 1], "car_108": [10, 0], "car_762": [1, 3]}