{"car_2009": [3, 7], "car_2229": [4, 5], "car_2228": [8, 7], "car_468": [6, 5], "car_469": [9, 4], "car_466": [4, 5], "car_467": [1, 2], "car_464": [3, 5], "car_465": [12, 4], "car_462": [10, 0], "car_463": [13, 7], "car_460": [0, 7], "car_461": [5, 0], "car_2455": [8, 1], "car_2751": [8, 2], "car_817": [13, 0], "car_816": [6, 4], "car_815": [14, 7], "car_2750": [9, 1], "car_814": [15, 4], "car_813": [11, 7], "car_812": [4, 6], "car_2072": [6, 7], "car_811": [6, 0], "car_2073": [9, 0], "car_810": [10, 7], "car_679": [6, 0], "car_678": [5, 0], "car_677": [0, 3], "car_676": [12, 0], "car_675": [2, 5], "car_674": [5, 7], "car_673": [15, 0], "car_672": [7, 6], "car_671": [8, 5], "car_670": [9, 7], "car_2771": [10, 2], "car_2770": [15, 5], "car_2078": [8, 2], "car_2079": [15, 5], "car_2456": [0, 1], "car_2341": [11, 5], "car_2670": [1, 6], "car_2671": [2, 6], "car_2754": [15, 7], "car_2672": [9, 1], "car_2223": [13, 4], "car_789": [15, 4], "car_788": [0, 7], "car_2222": [6, 7], "car_783": [5, 2], "car_782": [15, 5], "car_781": [4, 6], "car_780": [8, 1], "car_787": [12, 6], "car_786": [7, 3], "car_785": [3, 2], "car_784": [9, 4], "car_2220": [11, 7], "car_0": [4, 2], "car_2227": [7, 0], "car_1179": [5, 2], "car_2375": [0, 5], "car_2226": [13, 5], "car_2225": [11, 0], "car_2224": [7, 1], "car_255": [12, 6], "car_254": [3, 6], "car_257": [2, 3], "car_256": [14, 0], "car_251": [14, 1], "car_250": [5, 3], "car_253": [13, 6], "car_252": [6, 0], "car_1961": [14, 0], "car_1960": [11, 7], "car_1963": [11, 2], "car_1962": [0, 3], "car_259": [13, 5], "car_258": [9, 1], "car_1967": [1, 4], "car_1966": [11, 0], "car_1170": [12, 0], "car_1171": [5, 0], "car_1565": [3, 6], "car_1564": [10, 1], "car_1567": [0, 4], "car_1566": [7, 2], "car_1561": [4, 6], "car_1560": [8, 3], "car_1563": [1, 2], "car_1562": [11, 2], "car_1569": [14, 1], "car_1568": [11, 2], "car_1413": [13, 7], "car_1363": [12, 7], "car_1362": [7, 6], "car_1361": [9, 0], "car_1360": [6, 1], "car_1367": [0, 5], "car_1366": [8, 3], "car_1365": [13, 0], "car_1364": [10, 6], "car_1369": [14, 0], "car_1368": [10, 2], "car_2758": [0, 4], "car_2376": [11, 1], "car_321": [11, 6], "car_320": [4, 1], "car_323": [1, 5], "car_322": [15, 2], "car_325": [14, 7], "car_324": [5, 6], "car_327": [9, 6], "car_326": [2, 6], "car_329": [0, 1], "car_328": [13, 6], "car_2722": [6, 7], "car_2723": [13, 5], "car_2720": [5, 3], "car_2721": [2, 4], "car_2726": [6, 3], "car_2727": [3, 7], "car_2724": [8, 0], "car_2725": [4, 6], "car_2728": [7, 3], "car_2729": [0, 3], "car_1107": [7, 2], "car_1106": [13, 1], "car_1105": [2, 6], "car_1104": [14, 2], "car_1103": [12, 2], "car_1102": [9, 6], "car_1101": [6, 0], "car_1100": [2, 3], "car_1109": [10, 5], "car_1108": [15, 2], "car_1297": [9, 4], "car_1296": [10, 3], "car_1295": [15, 6], "car_1294": [3, 0], "car_1293": [9, 5], "car_1292": [6, 2], "car_1291": [14, 7], "car_1290": [5, 2], "car_1299": [1, 2], "car_1298": [13, 3], "car_2586": [15, 7], "car_2587": [5, 3], "car_2584": [7, 3], "car_2585": [0, 4], "car_2582": [13, 1], "car_2583": [3, 1], "car_2580": [7, 0], "car_2581": [14, 3], "car_2858": [0, 7], "car_2859": [11, 7], "car_2588": [9, 3], "car_2589": [8, 4], "car_2036": [3, 2], "car_2037": [11, 3], "car_1039": [5, 1], "car_1038": [11, 7], "car_1749": [1, 5], "car_1748": [11, 6], "car_2030": [15, 3], "car_2031": [9, 4], "car_1033": [8, 7], "car_1032": [3, 6], "car_1031": [2, 4], "car_1030": [14, 5], "car_1037": [14, 5], "car_1036": [15, 7], "car_1035": [11, 6], "car_1034": [4, 3], "car_1589": [4, 7], "car_1588": [2, 1], "car_1583": [11, 4], "car_1582": [7, 4], "car_1581": [3, 5], "car_1580": [13, 3], "car_1587": [1, 0], "car_1586": [15, 1], "car_1585": [8, 1], "car_1584": [13, 2], "car_1852": [7, 2], "car_1906": [14, 2], "car_899": [3, 1], "car_898": [13, 2], "car_897": [10, 1], "car_896": [1, 5], "car_895": [11, 0], "car_894": [2, 1], "car_893": [14, 7], "car_892": [1, 3], "car_891": [15, 2], "car_890": [0, 6], "car_2458": [2, 4], "car_2459": [3, 4], "car_2108": [6, 7], "car_2109": [4, 7], "car_2102": [1, 3], "car_2103": [2, 6], "car_2100": [0, 2], "car_2101": [15, 7], "car_2106": [0, 4], "car_2107": [10, 0], "car_2104": [13, 3], "car_2105": [12, 6], "car_1631": [12, 2], "car_1630": [14, 7], "car_1633": [5, 1], "car_1632": [15, 4], "car_1635": [8, 4], "car_1634": [3, 4], "car_1637": [0, 5], "car_1636": [12, 2], "car_1639": [11, 2], "car_1638": [4, 1], "car_1751": [12, 7], "car_2803": [6, 7], "car_2802": [2, 1], "car_2801": [4, 5], "car_2800": [12, 6], "car_2807": [14, 6], "car_1756": [3, 7], "car_2806": [5, 7], "car_2805": [12, 3], "car_2816": [3, 7], "car_2804": [7, 4], "car_2414": [15, 0], "car_419": [1, 0], "car_418": [3, 2], "car_2218": [8, 0], "car_2219": [0, 7], "car_413": [7, 0], "car_412": [14, 1], "car_411": [1, 0], "car_410": [15, 1], "car_417": [6, 7], "car_416": [1, 2], "car_415": [4, 7], "car_414": [8, 0], "car_2417": [6, 5], "car_1679": [0, 5], "car_1678": [13, 1], "car_2412": [7, 2], "car_2413": [0, 5], "car_527": [14, 5], "car_526": [15, 2], "car_525": [11, 4], "car_524": [0, 3], "car_523": [9, 7], "car_522": [10, 6], "car_521": [11, 7], "car_520": [4, 1], "car_1671": [7, 3], "car_1889": [2, 5], "car_529": [3, 5], "car_528": [13, 4], "car_1884": [13, 7], "car_1885": [8, 2], "car_2368": [4, 5], "car_2786": [8, 7], "car_2787": [4, 7], "car_668": [2, 7], "car_669": [6, 5], "car_664": [9, 6], "car_665": [11, 1], "car_666": [6, 0], "car_667": [4, 7], "car_660": [5, 4], "car_661": [10, 1], "car_662": [14, 5], "car_663": [6, 7], "car_2759": [10, 0], "car_1854": [12, 2], "car_2788": [3, 2], "car_2789": [0, 2], "car_798": [14, 0], "car_799": [9, 4], "car_790": [8, 1], "car_791": [0, 2], "car_792": [15, 6], "car_793": [13, 1], "car_794": [3, 4], "car_795": [4, 1], "car_796": [11, 0], "car_797": [10, 6], "car_242": [12, 2], "car_243": [0, 1], "car_240": [6, 5], "car_241": [3, 7], "car_246": [9, 6], "car_247": [8, 0], "car_244": [15, 3], "car_245": [2, 5], "car_1914": [1, 7], "car_1915": [10, 1], "car_248": [14, 5], "car_249": [13, 5], "car_1910": [3, 2], "car_1911": [7, 5], "car_1912": [4, 1], "car_1913": [15, 0], "car_1356": [8, 2], "car_1357": [12, 6], "car_1354": [13, 2], "car_1355": [7, 1], "car_1352": [5, 6], "car_1353": [6, 5], "car_1350": [8, 5], "car_1351": [1, 3], "car_1358": [4, 2], "car_1359": [5, 6], "car_1831": [0, 3], "car_1820": [15, 4], "car_1821": [2, 0], "car_1822": [13, 1], "car_1823": [11, 5], "car_1824": [1, 0], "car_1825": [5, 2], "car_338": [6, 1], "car_339": [9, 2], "car_336": [5, 7], "car_337": [10, 5], "car_334": [11, 4], "car_335": [15, 5], "car_332": [6, 3], "car_333": [9, 3], "car_330": [15, 1], "car_331": [1, 0], "car_2735": [10, 2], "car_2734": [1, 3], "car_1138": [12, 6], "car_1139": [11, 2], "car_2731": [2, 3], "car_2730": [11, 3], "car_2733": [11, 5], "car_2732": [13, 0], "car_1132": [14, 4], "car_1133": [11, 5], "car_1130": [12, 5], "car_1131": [4, 7], "car_1136": [9, 6], "car_1137": [3, 1], "car_1134": [10, 2], "car_1135": [14, 7], "car_1839": [4, 1], "car_2393": [14, 6], "car_1838": [7, 3], "car_2392": [15, 6], "car_2029": [4, 5], "car_2028": [8, 3], "car_2845": [5, 3], "car_2844": [11, 3], "car_2843": [13, 0], "car_2842": [2, 1], "car_2841": [0, 2], "car_2840": [12, 2], "car_2021": [13, 5], "car_2020": [5, 3], "car_2023": [1, 6], "car_2022": [12, 6], "car_2025": [2, 7], "car_2024": [14, 7], "car_2027": [3, 7], "car_2026": [9, 6], "car_2520": [4, 6], "car_1008": [3, 6], "car_1009": [4, 5], "car_1006": [1, 6], "car_1007": [2, 5], "car_1004": [12, 4], "car_1005": [15, 5], "car_1002": [13, 7], "car_1003": [3, 1], "car_1000": [2, 3], "car_1001": [6, 4], "car_2398": [12, 6], "car_2629": [14, 6], "car_2524": [9, 3], "car_2628": [10, 1], "car_2525": [13, 4], "car_2674": [5, 4], "car_1924": [14, 6], "car_2527": [7, 4], "car_36": [10, 2], "car_37": [9, 6], "car_34": [15, 3], "car_35": [1, 4], "car_888": [13, 5], "car_889": [8, 5], "car_30": [13, 2], "car_31": [3, 7], "car_884": [5, 6], "car_885": [10, 2], "car_886": [14, 5], "car_887": [9, 2], "car_880": [14, 5], "car_881": [2, 4], "car_882": [0, 3], "car_883": [1, 5], "car_2449": [15, 0], "car_2448": [9, 2], "car_2119": [15, 0], "car_2118": [13, 7], "car_2115": [5, 6], "car_2114": [11, 1], "car_2117": [9, 7], "car_2116": [10, 0], "car_2111": [13, 3], "car_2110": [2, 3], "car_2113": [9, 6], "car_2112": [4, 5], "car_1644": [10, 3], "car_1645": [2, 0], "car_1646": [7, 1], "car_1647": [11, 4], "car_1640": [1, 4], "car_1641": [14, 7], "car_1642": [12, 2], "car_1643": [15, 5], "car_1648": [1, 6], "car_1649": [14, 6], "car_2599": [10, 0], "car_2159": [12, 5], "car_2158": [8, 3], "car_2591": [0, 4], "car_2590": [12, 5], "car_2593": [1, 0], "car_2592": [4, 3], "car_2595": [14, 5], "car_2594": [5, 7], "car_2597": [15, 5], "car_2596": [0, 7], "car_2677": [13, 7], "car_2608": [3, 0], "car_408": [3, 6], "car_409": [0, 1], "car_2203": [9, 1], "car_2202": [10, 6], "car_2205": [8, 4], "car_2204": [13, 7], "car_2207": [2, 1], "car_2206": [0, 5], "car_400": [1, 6], "car_401": [2, 7], "car_402": [6, 1], "car_403": [13, 0], "car_404": [7, 6], "car_405": [11, 5], "car_406": [6, 1], "car_407": [9, 2], "car_1769": [4, 6], "car_534": [3, 7], "car_535": [12, 1], "car_536": [14, 2], "car_537": [9, 1], "car_530": [7, 4], "car_531": [15, 6], "car_532": [1, 3], "car_533": [5, 7], "car_538": [13, 2], "car_539": [12, 5], "car_2310": [3, 7], "car_659": [1, 7], "car_658": [15, 0], "car_651": [0, 6], "car_650": [8, 6], "car_653": [5, 6], "car_652": [4, 0], "car_655": [9, 0], "car_654": [2, 1], "car_657": [7, 6], "car_656": [13, 4], "car_2434": [6, 7], "car_1929": [3, 5], "car_2195": [6, 1], "car_2194": [2, 4], "car_1764": [5, 6], "car_2197": [7, 1], "car_2196": [13, 6], "car_2191": [4, 3], "car_1928": [2, 0], "car_2190": [0, 2], "car_2193": [15, 7], "car_1909": [4, 2], "car_1908": [13, 5], "car_1907": [6, 2], "car_1763": [1, 3], "car_1905": [15, 3], "car_1904": [0, 6], "car_1903": [7, 2], "car_1902": [9, 4], "car_1901": [14, 7], "car_1900": [5, 0], "car_1349": [7, 2], "car_1348": [13, 5], "car_1762": [9, 5], "car_1341": [4, 2], "car_1340": [8, 3], "car_1343": [8, 3], "car_1342": [2, 0], "car_1345": [15, 7], "car_1344": [4, 1], "car_1347": [9, 1], "car_1346": [2, 5], "car_2753": [11, 1], "car_2752": [12, 4], "car_2698": [8, 7], "car_1833": [10, 0], "car_1832": [4, 1], "car_349": [7, 0], "car_348": [9, 1], "car_1837": [9, 6], "car_1836": [6, 4], "car_1835": [1, 7], "car_1834": [11, 2], "car_343": [4, 7], "car_342": [8, 0], "car_341": [7, 3], "car_340": [13, 6], "car_347": [2, 5], "car_346": [14, 7], "car_345": [5, 3], "car_344": [15, 0], "car_2325": [1, 4], "car_1129": [6, 0], "car_1128": [10, 1], "car_1125": [15, 3], "car_1124": [0, 5], "car_1127": [3, 2], "car_1126": [9, 4], "car_1121": [2, 4], "car_1120": [10, 6], "car_1123": [13, 3], "car_1122": [6, 7], "car_1402": [12, 3], "car_2320": [14, 3], "car_1403": [4, 1], "car_2321": [8, 4], "car_1400": [11, 4], "car_1401": [1, 4], "car_1406": [5, 3], "car_1407": [6, 5], "car_1404": [15, 5], "car_1405": [1, 4], "car_2058": [9, 4], "car_2059": [7, 0], "car_2054": [7, 0], "car_2055": [15, 0], "car_2056": [5, 4], "car_2057": [14, 3], "car_2050": [4, 1], "car_2051": [15, 0], "car_2052": [14, 4], "car_2053": [3, 7], "car_1011": [1, 7], "car_1010": [11, 7], "car_1013": [14, 0], "car_1012": [5, 2], "car_1015": [8, 5], "car_1014": [9, 2], "car_1017": [0, 3], "car_1016": [12, 0], "car_1019": [1, 5], "car_1018": [11, 4], "car_2690": [6, 0], "car_2691": [3, 6], "car_2696": [15, 4], "car_2697": [10, 6], "car_2694": [8, 4], "car_2695": [12, 1], "car_2790": [7, 0], "car_25": [11, 1], "car_24": [12, 5], "car_27": [10, 6], "car_26": [5, 3], "car_21": [15, 1], "car_20": [0, 3], "car_23": [9, 5], "car_22": [2, 1], "car_29": [6, 3], "car_28": [14, 3], "car_2478": [0, 1], "car_2479": [11, 2], "car_2476": [7, 6], "car_2477": [8, 3], "car_2474": [6, 1], "car_2475": [13, 2], "car_2472": [0, 2], "car_2473": [11, 1], "car_2470": [3, 1], "car_2471": [8, 7], "car_1657": [15, 3], "car_1656": [12, 3], "car_1655": [2, 0], "car_1654": [14, 0], "car_1653": [5, 4], "car_1652": [15, 0], "car_1651": [8, 7], "car_1650": [2, 6], "car_1659": [9, 1], "car_1658": [1, 2], "car_2878": [14, 5], "car_2879": [6, 7], "car_2872": [2, 4], "car_2873": [9, 6], "car_2870": [4, 1], "car_2871": [14, 2], "car_2876": [8, 1], "car_2877": [1, 4], "car_2874": [3, 7], "car_2875": [7, 0], "car_2688": [1, 2], "car_1969": [14, 7], "car_2315": [6, 4], "car_1843": [9, 4], "car_435": [3, 4], "car_434": [2, 3], "car_437": [0, 2], "car_436": [7, 1], "car_431": [11, 1], "car_430": [0, 6], "car_433": [14, 1], "car_432": [1, 0], "car_1846": [9, 4], "car_439": [15, 1], "car_438": [4, 1], "car_1847": [0, 7], "car_2274": [0, 4], "car_2275": [4, 1], "car_2276": [11, 1], "car_2277": [10, 5], "car_2270": [10, 1], "car_2271": [2, 7], "car_2272": [9, 1], "car_2273": [13, 7], "car_1845": [15, 6], "car_2278": [14, 2], "car_2279": [6, 7], "car_1848": [15, 0], "car_2289": [2, 3], "car_1968": [10, 4], "car_1849": [2, 7], "car_2288": [14, 7], "car_1965": [7, 3], "car_1964": [1, 7], "car_501": [9, 7], "car_500": [6, 4], "car_503": [14, 6], "car_502": [15, 0], "car_505": [7, 2], "car_504": [9, 4], "car_507": [6, 5], "car_506": [12, 3], "car_509": [4, 3], "car_508": [0, 5], "car_2302": [13, 6], "car_2303": [3, 0], "car_2304": [7, 0], "car_2305": [4, 5], "car_2306": [15, 5], "car_2307": [5, 6], "car_2281": [3, 6], "car_1745": [2, 5], "car_2280": [13, 0], "car_646": [5, 7], "car_647": [2, 5], "car_644": [15, 1], "car_645": [1, 4], "car_642": [13, 7], "car_643": [0, 7], "car_640": [10, 5], "car_641": [2, 5], "car_2314": [5, 3], "car_648": [6, 2], "car_649": [3, 7], "car_2576": [0, 2], "car_2526": [3, 6], "car_1830": [10, 4], "car_2673": [12, 7], "car_2570": [5, 2], "car_2681": [1, 4], "car_2420": [14, 0], "car_2680": [4, 6], "car_2854": [2, 6], "car_2683": [2, 1], "car_1932": [1, 0], "car_1933": [12, 5], "car_1930": [7, 1], "car_1931": [15, 7], "car_1936": [6, 3], "car_1937": [9, 6], "car_1934": [11, 3], "car_1935": [5, 2], "car_1938": [7, 2], "car_1939": [8, 2], "car_2682": [14, 0], "car_1717": [3, 6], "car_1338": [9, 0], "car_1339": [7, 3], "car_1334": [12, 3], "car_1335": [1, 7], "car_1336": [5, 6], "car_1337": [14, 7], "car_1330": [12, 0], "car_1331": [4, 2], "car_1332": [15, 3], "car_1333": [13, 3], "car_1711": [1, 2], "car_358": [1, 3], "car_359": [14, 1], "car_1804": [0, 5], "car_1805": [6, 3], "car_1802": [7, 1], "car_1803": [8, 7], "car_1800": [10, 6], "car_1801": [3, 2], "car_350": [8, 6], "car_351": [4, 0], "car_352": [15, 5], "car_353": [10, 1], "car_354": [13, 7], "car_355": [8, 5], "car_356": [0, 3], "car_357": [15, 3], "car_1482": [15, 7], "car_1483": [2, 7], "car_1480": [7, 5], "car_1481": [12, 4], "car_1486": [11, 6], "car_1487": [14, 0], "car_1484": [9, 0], "car_1485": [12, 0], "car_1488": [2, 1], "car_1489": [6, 7], "car_1240": [3, 7], "car_1241": [12, 4], "car_1242": [0, 6], "car_1243": [4, 5], "car_1244": [11, 6], "car_1245": [10, 5], "car_1246": [14, 7], "car_1247": [2, 4], "car_1248": [7, 1], "car_1249": [8, 4], "car_1747": [4, 5], "car_2374": [6, 0], "car_1879": [7, 4], "car_2049": [0, 4], "car_2048": [12, 1], "car_2047": [8, 6], "car_2046": [13, 3], "car_2045": [2, 6], "car_2044": [14, 7], "car_2043": [10, 5], "car_2042": [5, 3], "car_2041": [1, 7], "car_2040": [12, 4], "car_1064": [0, 7], "car_1065": [4, 6], "car_1066": [15, 4], "car_1067": [2, 3], "car_1060": [0, 4], "car_1061": [6, 1], "car_1062": [2, 7], "car_1063": [7, 4], "car_2685": [8, 7], "car_2684": [7, 1], "car_2687": [0, 3], "car_2686": [12, 0], "car_1068": [3, 4], "car_1069": [15, 4], "car_1798": [2, 1], "car_1799": [11, 3], "car_10": [11, 2], "car_11": [10, 2], "car_12": [2, 0], "car_13": [3, 1], "car_14": [8, 2], "car_15": [11, 2], "car_16": [15, 2], "car_17": [2, 3], "car_18": [3, 4], "car_19": [8, 2], "car_2461": [8, 4], "car_2460": [7, 1], "car_1668": [12, 4], "car_1669": [13, 0], "car_2465": [3, 6], "car_2464": [13, 5], "car_2467": [14, 0], "car_2466": [4, 0], "car_1662": [14, 6], "car_1663": [2, 6], "car_1660": [13, 5], "car_1661": [5, 7], "car_1666": [7, 0], "car_1667": [8, 0], "car_1664": [9, 3], "car_1665": [13, 6], "car_1468": [7, 1], "car_1469": [0, 5], "car_1460": [14, 7], "car_1461": [13, 4], "car_1462": [0, 1], "car_1463": [15, 7], "car_1464": [5, 4], "car_1465": [6, 4], "car_1466": [9, 0], "car_1467": [3, 0], "car_2699": [0, 1], "car_2869": [0, 3], "car_2868": [14, 4], "car_2865": [11, 5], "car_2864": [13, 1], "car_2867": [5, 2], "car_2866": [15, 0], "car_2861": [14, 3], "car_2860": [5, 4], "car_2863": [9, 2], "car_2862": [6, 4], "car_2648": [4, 1], "car_422": [4, 5], "car_423": [11, 7], "car_420": [10, 6], "car_421": [2, 6], "car_426": [13, 2], "car_427": [3, 5], "car_424": [5, 3], "car_425": [14, 6], "car_428": [7, 4], "car_429": [12, 4], "car_2377": [10, 7], "car_2267": [0, 4], "car_2266": [8, 3], "car_2265": [7, 0], "car_2264": [3, 0], "car_2263": [2, 0], "car_2262": [10, 0], "car_2261": [5, 6], "car_2260": [1, 5], "car_2371": [0, 1], "car_2269": [5, 0], "car_2268": [4, 0], "car_2373": [14, 0], "car_2372": [11, 1], "car_2008": [13, 2], "car_2370": [13, 2], "car_2319": [4, 0], "car_2318": [0, 5], "car_518": [2, 1], "car_519": [7, 0], "car_516": [1, 5], "car_517": [14, 2], "car_514": [7, 5], "car_515": [4, 7], "car_512": [14, 7], "car_513": [6, 3], "car_510": [15, 0], "car_511": [1, 0], "car_1870": [10, 0], "car_2692": [12, 0], "car_2444": [4, 3], "car_633": [7, 2], "car_632": [3, 7], "car_631": [6, 5], "car_630": [2, 1], "car_637": [7, 2], "car_636": [6, 3], "car_635": [1, 7], "car_634": [12, 6], "car_2675": [14, 1], "car_639": [9, 1], "car_638": [11, 0], "car_2693": [14, 6], "car_189": [14, 6], "car_188": [10, 1], "car_185": [12, 7], "car_184": [7, 4], "car_187": [15, 0], "car_186": [4, 6], "car_181": [4, 6], "car_180": [2, 0], "car_183": [9, 7], "car_182": [1, 7], "car_749": [11, 5], "car_748": [12, 0], "car_747": [3, 2], "car_746": [13, 7], "car_745": [9, 0], "car_744": [2, 4], "car_743": [10, 1], "car_742": [1, 3], "car_741": [4, 3], "car_740": [3, 6], "car_2131": [5, 4], "car_2618": [7, 3], "car_299": [2, 1], "car_298": [5, 4], "car_1927": [5, 1], "car_1926": [4, 3], "car_1921": [8, 3], "car_1920": [9, 5], "car_1923": [10, 2], "car_1922": [1, 7], "car_291": [3, 1], "car_290": [9, 5], "car_293": [0, 4], "car_292": [12, 0], "car_295": [8, 3], "car_294": [6, 3], "car_297": [15, 4], "car_296": [4, 2], "car_1329": [3, 2], "car_1328": [9, 2], "car_1327": [6, 2], "car_1326": [10, 3], "car_1325": [3, 7], "car_1324": [13, 5], "car_1323": [10, 5], "car_1322": [15, 7], "car_1321": [8, 3], "car_1320": [9, 2], "car_365": [7, 1], "car_364": [3, 5], "car_367": [14, 0], "car_366": [10, 5], "car_361": [6, 1], "car_360": [2, 0], "car_363": [9, 2], "car_362": [8, 0], "car_1811": [10, 6], "car_1810": [5, 1], "car_1813": [13, 7], "car_1812": [14, 0], "car_369": [3, 6], "car_368": [13, 1], "car_1817": [12, 0], "car_1816": [9, 7], "car_167": [9, 3], "car_166": [14, 0], "car_165": [5, 2], "car_164": [15, 1], "car_163": [9, 3], "car_162": [6, 3], "car_161": [2, 3], "car_160": [1, 3], "car_169": [5, 3], "car_168": [13, 0], "car_1495": [9, 1], "car_1494": [5, 3], "car_1497": [7, 1], "car_1496": [3, 2], "car_1491": [0, 6], "car_1490": [7, 4], "car_1493": [1, 0], "car_1492": [15, 0], "car_1499": [1, 4], "car_1498": [11, 5], "car_1253": [8, 2], "car_1252": [13, 0], "car_1251": [13, 6], "car_1250": [9, 5], "car_1257": [11, 5], "car_1256": [4, 2], "car_1255": [0, 7], "car_1254": [12, 5], "car_2850": [2, 0], "car_1259": [1, 0], "car_1258": [15, 2], "car_2851": [3, 5], "car_1868": [15, 7], "car_2852": [7, 2], "car_2853": [5, 2], "car_1789": [10, 3], "car_1788": [12, 3], "car_2070": [10, 2], "car_2071": [2, 3], "car_2076": [5, 7], "car_2077": [10, 3], "car_2074": [7, 0], "car_2075": [1, 0], "car_1781": [12, 4], "car_1780": [8, 3], "car_1783": [10, 6], "car_1782": [5, 1], "car_1785": [9, 1], "car_1784": [6, 0], "car_1787": [9, 4], "car_1786": [13, 0], "car_1077": [5, 2], "car_1076": [13, 5], "car_1075": [9, 0], "car_1074": [14, 5], "car_1073": [15, 0], "car_1072": [4, 6], "car_1071": [9, 5], "car_1070": [5, 4], "car_2678": [12, 7], "car_2679": [6, 2], "car_1079": [2, 7], "car_1078": [14, 6], "car_2139": [11, 3], "car_2034": [11, 5], "car_2300": [6, 7], "car_2035": [9, 7], "car_2301": [9, 7], "car_2032": [0, 3], "car_2033": [4, 6], "car_2138": [4, 7], "car_985": [2, 0], "car_984": [5, 3], "car_987": [8, 2], "car_986": [9, 1], "car_981": [12, 4], "car_980": [9, 6], "car_983": [1, 0], "car_982": [15, 2], "car_1675": [5, 6], "car_1674": [11, 1], "car_1677": [6, 2], "car_1676": [2, 1], "car_989": [11, 6], "car_988": [13, 7], "car_1673": [12, 5], "car_1672": [8, 1], "car_2784": [5, 1], "car_2785": [7, 5], "car_1479": [3, 1], "car_1478": [9, 1], "car_2780": [1, 3], "car_2781": [9, 0], "car_2782": [12, 3], "car_2783": [15, 7], "car_1473": [3, 4], "car_1472": [6, 2], "car_1471": [9, 3], "car_1470": [10, 3], "car_1477": [1, 4], "car_1476": [11, 7], "car_1475": [8, 4], "car_1474": [7, 0], "car_1743": [12, 7], "car_1742": [3, 7], "car_2528": [1, 6], "car_2529": [10, 3], "car_2258": [0, 6], "car_2259": [4, 1], "car_2689": [5, 6], "car_2252": [14, 6], "car_2253": [3, 0], "car_2250": [14, 6], "car_2251": [0, 1], "car_2256": [6, 5], "car_2257": [7, 1], "car_2254": [12, 0], "car_2255": [2, 3], "car_2098": [2, 5], "car_2099": [3, 1], "car_2090": [3, 6], "car_2091": [12, 0], "car_2092": [4, 5], "car_2093": [5, 3], "car_2094": [6, 3], "car_2095": [9, 1], "car_2096": [13, 5], "car_2097": [0, 2], "car_569": [3, 4], "car_568": [6, 7], "car_2328": [0, 6], "car_2329": [11, 1], "car_563": [3, 7], "car_562": [2, 3], "car_561": [10, 5], "car_560": [4, 5], "car_567": [1, 3], "car_566": [11, 1], "car_565": [8, 5], "car_564": [8, 1], "car_2331": [2, 0], "car_620": [0, 7], "car_621": [15, 7], "car_622": [5, 3], "car_623": [14, 1], "car_624": [6, 1], "car_625": [9, 6], "car_626": [13, 2], "car_627": [7, 4], "car_628": [8, 0], "car_629": [14, 7], "car_1869": [11, 7], "car_1866": [8, 3], "car_1867": [4, 1], "car_198": [3, 7], "car_199": [7, 5], "car_2831": [14, 5], "car_192": [10, 3], "car_193": [14, 7], "car_190": [3, 1], "car_191": [8, 3], "car_196": [1, 4], "car_197": [5, 2], "car_194": [9, 7], "car_195": [4, 3], "car_758": [3, 5], "car_759": [0, 4], "car_754": [13, 3], "car_755": [12, 2], "car_756": [5, 6], "car_757": [9, 1], "car_750": [15, 3], "car_751": [14, 4], "car_752": [2, 5], "car_753": [6, 1], "car_1940": [4, 3], "car_286": [5, 7], "car_287": [10, 2], "car_284": [15, 6], "car_285": [1, 0], "car_282": [0, 4], "car_283": [4, 0], "car_280": [7, 2], "car_281": [8, 1], "car_1949": [8, 7], "car_288": [14, 7], "car_289": [6, 2], "car_1948": [7, 4], "car_2791": [10, 6], "car_1312": [1, 5], "car_1313": [3, 4], "car_1310": [4, 7], "car_1311": [11, 2], "car_1316": [10, 4], "car_1317": [6, 7], "car_1314": [8, 4], "car_1315": [1, 0], "car_1318": [13, 1], "car_1319": [8, 6], "car_2450": [1, 6], "car_2451": [10, 6], "car_2452": [14, 4], "car_372": [1, 5], "car_373": [10, 5], "car_370": [7, 3], "car_371": [4, 2], "car_376": [15, 4], "car_377": [2, 6], "car_374": [7, 0], "car_375": [8, 7], "car_1864": [11, 4], "car_1865": [3, 7], "car_378": [6, 7], "car_379": [8, 3], "car_1860": [15, 6], "car_1861": [5, 1], "car_1862": [7, 2], "car_1863": [12, 2], "car_174": [3, 7], "car_175": [11, 3], "car_176": [15, 6], "car_177": [6, 7], "car_170": [6, 3], "car_171": [7, 3], "car_172": [1, 4], "car_173": [13, 2], "car_2457": [14, 5], "car_178": [9, 6], "car_179": [0, 1], "car_2338": [14, 1], "car_1266": [1, 0], "car_1267": [5, 0], "car_1264": [4, 6], "car_1265": [11, 7], "car_1262": [13, 2], "car_1263": [0, 6], "car_1260": [2, 6], "car_1261": [6, 2], "car_1268": [12, 5], "car_1269": [1, 4], "car_2406": [3, 0], "car_2065": [13, 4], "car_2064": [9, 2], "car_1048": [5, 3], "car_1049": [14, 2], "car_2061": [1, 3], "car_2060": [8, 7], "car_2063": [6, 5], "car_2062": [14, 3], "car_1042": [11, 4], "car_1043": [1, 6], "car_1040": [6, 4], "car_1041": [9, 6], "car_1046": [15, 7], "car_1047": [1, 4], "car_1044": [5, 3], "car_1045": [11, 5], "car_2663": [2, 1], "car_2662": [10, 4], "car_2661": [8, 0], "car_2660": [7, 1], "car_2667": [0, 5], "car_2666": [8, 4], "car_2665": [7, 0], "car_2664": [9, 3], "car_2669": [11, 5], "car_2668": [4, 5], "car_2404": [14, 0], "car_78": [1, 3], "car_79": [2, 1], "car_72": [14, 1], "car_73": [2, 5], "car_70": [11, 2], "car_71": [10, 2], "car_76": [4, 2], "car_77": [11, 0], "car_74": [9, 3], "car_75": [0, 6], "car_992": [3, 2], "car_993": [11, 7], "car_990": [14, 4], "car_991": [9, 5], "car_996": [2, 7], "car_997": [3, 7], "car_994": [5, 2], "car_995": [14, 6], "car_1688": [5, 0], "car_1689": [10, 1], "car_998": [1, 0], "car_999": [5, 1], "car_2409": [15, 1], "car_2408": [4, 5], "car_2797": [5, 4], "car_2796": [11, 1], "car_2795": [4, 5], "car_2794": [3, 4], "car_2793": [13, 7], "car_2792": [2, 4], "car_1448": [0, 2], "car_1449": [11, 4], "car_1446": [10, 0], "car_1447": [9, 1], "car_1444": [7, 3], "car_1445": [1, 0], "car_1442": [6, 4], "car_1443": [13, 0], "car_1440": [14, 6], "car_1441": [2, 6], "car_2883": [8, 4], "car_2882": [7, 6], "car_2881": [3, 4], "car_2798": [6, 7], "car_2887": [8, 2], "car_2886": [9, 6], "car_2885": [14, 5], "car_2884": [15, 1], "car_2401": [8, 6], "car_2539": [13, 2], "car_2538": [15, 4], "car_2249": [5, 2], "car_2248": [0, 7], "car_2245": [15, 5], "car_2244": [7, 5], "car_2247": [8, 7], "car_2246": [5, 3], "car_2241": [5, 1], "car_2240": [11, 3], "car_2243": [13, 2], "car_2242": [6, 7], "car_2089": [13, 6], "car_2088": [9, 0], "car_2083": [0, 4], "car_2082": [8, 1], "car_2081": [9, 5], "car_2080": [6, 7], "car_2087": [10, 7], "car_2086": [15, 3], "car_2085": [8, 6], "car_2084": [10, 0], "car_578": [12, 0], "car_579": [1, 2], "car_2333": [8, 0], "car_2332": [9, 1], "car_2335": [11, 7], "car_2334": [12, 5], "car_2337": [5, 0], "car_553": [0, 6], "car_570": [8, 6], "car_571": [0, 4], "car_572": [4, 7], "car_573": [1, 3], "car_574": [5, 1], "car_806": [9, 2], "car_576": [13, 1], "car_577": [7, 6], "car_807": [3, 6], "car_800": [8, 5], "car_801": [12, 4], "car_802": [14, 3], "car_2192": [11, 0], "car_803": [7, 1], "car_2067": [0, 6], "car_2066": [3, 1], "car_619": [7, 1], "car_618": [10, 5], "car_615": [12, 6], "car_614": [13, 3], "car_617": [15, 0], "car_616": [0, 4], "car_611": [4, 5], "car_610": [9, 3], "car_613": [14, 6], "car_612": [15, 6], "car_2151": [7, 6], "car_2704": [15, 0], "car_2705": [2, 1], "car_2706": [6, 7], "car_2150": [3, 2], "car_2707": [13, 7], "car_2069": [15, 2], "car_2068": [11, 2], "car_2702": [3, 5], "car_2703": [12, 6], "car_769": [8, 7], "car_768": [6, 7], "car_2567": [7, 3], "car_761": [2, 0], "car_760": [5, 7], "car_763": [7, 5], "car_762": [3, 2], "car_765": [5, 3], "car_764": [15, 0], "car_767": [14, 4], "car_766": [10, 3], "car_2216": [6, 4], "car_2217": [9, 1], "car_2330": [10, 6], "car_2214": [8, 3], "car_2215": [12, 4], "car_2212": [9, 3], "car_2213": [13, 1], "car_2210": [1, 7], "car_2211": [10, 2], "car_575": [10, 0], "car_1305": [13, 4], "car_1304": [1, 2], "car_1307": [5, 3], "car_1306": [4, 2], "car_1301": [6, 0], "car_1300": [14, 1], "car_1303": [11, 0], "car_1302": [9, 2], "car_1309": [7, 5], "car_1308": [10, 2], "car_389": [3, 4], "car_388": [9, 6], "car_387": [15, 5], "car_386": [8, 6], "car_385": [7, 6], "car_384": [3, 6], "car_383": [13, 3], "car_382": [2, 6], "car_381": [10, 2], "car_380": [5, 0], "car_141": [15, 7], "car_140": [0, 1], "car_143": [7, 6], "car_142": [3, 0], "car_145": [11, 7], "car_144": [8, 2], "car_147": [4, 3], "car_146": [7, 4], "car_149": [14, 0], "car_148": [5, 6], "car_2407": [7, 2], "car_1279": [6, 1], "car_1278": [14, 3], "car_1271": [10, 4], "car_1270": [5, 4], "car_1273": [6, 7], "car_1272": [2, 7], "car_1275": [4, 2], "car_1274": [8, 3], "car_1277": [5, 1], "car_1276": [11, 2], "car_2326": [6, 7], "car_2847": [14, 7], "car_2327": [13, 3], "car_1059": [3, 0], "car_1058": [14, 2], "car_1055": [14, 6], "car_1054": [1, 3], "car_1057": [10, 7], "car_1056": [2, 1], "car_1051": [6, 7], "car_1050": [2, 3], "car_1053": [8, 4], "car_1052": [3, 5], "car_2656": [5, 1], "car_2657": [0, 1], "car_2654": [4, 6], "car_2655": [15, 2], "car_2652": [12, 4], "car_2653": [0, 5], "car_2650": [1, 6], "car_2651": [9, 5], "car_2415": [14, 4], "car_2658": [11, 3], "car_2659": [15, 1], "car_2416": [2, 5], "car_69": [8, 2], "car_68": [2, 6], "car_2438": [10, 7], "car_2439": [2, 0], "car_61": [0, 1], "car_60": [8, 5], "car_63": [1, 4], "car_62": [15, 4], "car_65": [9, 1], "car_64": [2, 6], "car_67": [1, 5], "car_66": [8, 2], "car_1693": [7, 6], "car_1692": [3, 1], "car_1691": [6, 2], "car_1690": [14, 0], "car_1697": [13, 6], "car_1696": [7, 5], "car_969": [1, 0], "car_968": [15, 2], "car_967": [8, 3], "car_966": [7, 1], "car_965": [13, 7], "car_964": [9, 5], "car_963": [6, 4], "car_962": [2, 5], "car_961": [1, 2], "car_960": [11, 1], "car_1451": [13, 5], "car_1450": [15, 4], "car_1453": [11, 0], "car_1452": [12, 6], "car_1455": [2, 0], "car_1454": [15, 7], "car_1457": [9, 3], "car_1456": [6, 5], "car_1459": [11, 0], "car_1458": [13, 7], "car_2410": [5, 4], "car_2837": [9, 2], "car_2411": [10, 6], "car_2508": [3, 0], "car_2509": [7, 3], "car_2506": [6, 1], "car_2507": [9, 1], "car_2504": [4, 6], "car_2505": [14, 1], "car_2502": [3, 2], "car_2503": [0, 6], "car_2500": [9, 4], "car_2501": [13, 5], "car_2737": [13, 0], "car_1680": [9, 1], "car_1681": [3, 2], "car_1682": [7, 0], "car_1683": [8, 7], "car_1684": [12, 0], "car_2736": [14, 0], "car_1685": [4, 1], "car_1891": [8, 7], "car_1686": [11, 1], "car_1890": [7, 2], "car_1687": [15, 4], "car_1893": [1, 6], "car_545": [13, 1], "car_544": [6, 1], "car_547": [4, 5], "car_546": [0, 6], "car_541": [12, 5], "car_540": [0, 3], "car_543": [14, 1], "car_542": [5, 7], "car_1895": [3, 0], "car_549": [1, 7], "car_548": [15, 6], "car_819": [13, 1], "car_818": [8, 3], "car_2344": [9, 6], "car_2345": [7, 6], "car_2346": [11, 6], "car_2347": [9, 5], "car_2340": [12, 5], "car_1897": [4, 7], "car_2342": [15, 4], "car_2343": [5, 7], "car_2405": [9, 1], "car_1896": [0, 3], "car_2348": [0, 3], "car_2349": [10, 2], "car_33": [12, 0], "car_1767": [7, 2], "car_1766": [13, 1], "car_1765": [2, 0], "car_608": [4, 5], "car_609": [5, 4], "car_602": [9, 7], "car_603": [10, 6], "car_600": [4, 7], "car_601": [11, 1], "car_606": [8, 6], "car_607": [12, 5], "car_604": [2, 5], "car_605": [3, 4], "car_1761": [10, 4], "car_1760": [1, 3], "car_2799": [8, 4], "car_776": [5, 4], "car_777": [14, 0], "car_774": [11, 6], "car_775": [1, 2], "car_772": [13, 1], "car_773": [7, 3], "car_770": [14, 7], "car_771": [6, 5], "car_1768": [0, 1], "car_778": [2, 0], "car_779": [3, 1], "car_2418": [7, 1], "car_2880": [9, 2], "car_1750": [10, 6], "car_2419": [10, 2], "car_1994": [1, 0], "car_1995": [6, 3], "car_1996": [7, 4], "car_1997": [8, 4], "car_1990": [7, 6], "car_1991": [8, 6], "car_1992": [4, 5], "car_1993": [15, 2], "car_1998": [11, 2], "car_1999": [15, 4], "car_2846": [10, 6], "car_1842": [14, 1], "car_1806": [3, 7], "car_1840": [1, 4], "car_1841": [5, 4], "car_398": [4, 5], "car_399": [15, 3], "car_1844": [7, 4], "car_1807": [7, 6], "car_394": [5, 3], "car_395": [10, 0], "car_396": [6, 7], "car_397": [9, 5], "car_390": [0, 2], "car_391": [4, 0], "car_392": [11, 1], "car_393": [15, 4], "car_158": [0, 5], "car_159": [15, 0], "car_156": [10, 6], "car_157": [12, 0], "car_154": [15, 1], "car_155": [5, 1], "car_152": [3, 5], "car_153": [11, 1], "car_150": [2, 1], "car_151": [9, 1], "car_1208": [15, 1], "car_1209": [1, 4], "car_1204": [7, 5], "car_1205": [12, 4], "car_1206": [0, 4], "car_1207": [11, 1], "car_1200": [8, 1], "car_1201": [11, 7], "car_1202": [9, 1], "car_1203": [3, 0], "car_2601": [6, 3], "car_2403": [10, 6], "car_1808": [12, 2], "car_1809": [0, 2], "car_2649": [11, 2], "car_2612": [3, 0], "car_2613": [4, 5], "car_2641": [8, 5], "car_2640": [3, 4], "car_2643": [15, 2], "car_2642": [0, 4], "car_2645": [14, 1], "car_2644": [1, 5], "car_2647": [9, 0], "car_2646": [2, 0], "car_1510": [2, 1], "car_1511": [0, 2], "car_1512": [4, 0], "car_1513": [2, 5], "car_1514": [8, 4], "car_1515": [4, 5], "car_1516": [15, 7], "car_1517": [1, 7], "car_1518": [5, 2], "car_1519": [2, 4], "car_2531": [7, 5], "car_2530": [9, 2], "car_2537": [4, 1], "car_2536": [8, 1], "car_2855": [6, 5], "car_1198": [2, 4], "car_1199": [3, 5], "car_1194": [6, 3], "car_1195": [13, 0], "car_1196": [3, 1], "car_1197": [0, 2], "car_1190": [12, 2], "car_1191": [11, 5], "car_1192": [1, 2], "car_1193": [14, 7], "car_2619": [8, 2], "car_2429": [13, 3], "car_2428": [14, 2], "car_2425": [10, 4], "car_2424": [1, 2], "car_2427": [11, 7], "car_2426": [6, 1], "car_2421": [13, 3], "car_2126": [2, 7], "car_2423": [11, 4], "car_2422": [4, 3], "car_2856": [13, 3], "car_2127": [13, 5], "car_978": [0, 2], "car_979": [5, 1], "car_974": [11, 0], "car_975": [14, 2], "car_976": [9, 1], "car_977": [7, 2], "car_970": [5, 6], "car_971": [14, 5], "car_972": [2, 6], "car_973": [0, 1], "car_1424": [7, 0], "car_1425": [0, 7], "car_1426": [5, 1], "car_1427": [2, 7], "car_1420": [14, 6], "car_1421": [2, 0], "car_1422": [6, 7], "car_1423": [13, 0], "car_2402": [5, 6], "car_1428": [6, 2], "car_1429": [7, 6], "car_2857": [8, 0], "car_2128": [3, 6], "car_2129": [0, 5], "car_2511": [15, 2], "car_2510": [4, 5], "car_2513": [10, 4], "car_2512": [5, 2], "car_2515": [15, 7], "car_2514": [14, 3], "car_2517": [6, 1], "car_2516": [1, 5], "car_2519": [0, 1], "car_2518": [8, 0], "car_1738": [14, 0], "car_1739": [3, 4], "car_1730": [11, 0], "car_1731": [5, 7], "car_1732": [12, 1], "car_1733": [15, 0], "car_1734": [1, 6], "car_1735": [9, 2], "car_1736": [4, 3], "car_1737": [5, 2], "car_54": [13, 2], "car_55": [10, 0], "car_56": [8, 7], "car_57": [2, 7], "car_50": [0, 6], "car_51": [15, 2], "car_52": [5, 4], "car_53": [6, 3], "car_58": [6, 7], "car_59": [9, 7], "car_2609": [7, 0], "car_552": [8, 0], "car_805": [4, 5], "car_550": [2, 0], "car_551": [9, 4], "car_556": [2, 3], "car_557": [8, 2], "car_554": [11, 7], "car_555": [10, 3], "car_558": [7, 0], "car_559": [0, 5], "car_808": [11, 7], "car_809": [15, 3], "car_2357": [10, 2], "car_2356": [15, 0], "car_2355": [4, 2], "car_2354": [8, 0], "car_2353": [7, 4], "car_2352": [3, 0], "car_2351": [9, 6], "car_2350": [2, 0], "car_2359": [2, 1], "car_2358": [14, 5], "car_1757": [12, 6], "car_2339": [9, 3], "car_2469": [6, 3], "car_2468": [2, 6], "car_703": [2, 0], "car_702": [5, 7], "car_701": [15, 2], "car_700": [11, 6], "car_707": [2, 0], "car_706": [15, 4], "car_705": [9, 5], "car_704": [6, 3], "car_709": [0, 4], "car_708": [3, 1], "car_2221": [10, 0], "car_2308": [14, 7], "car_2400": [7, 3], "car_2309": [11, 7], "car_1987": [0, 1], "car_1986": [8, 3], "car_1985": [7, 2], "car_1984": [9, 0], "car_1983": [5, 7], "car_1982": [11, 5], "car_1981": [4, 0], "car_1980": [9, 7], "car_1989": [3, 6], "car_1988": [1, 5], "car_2768": [4, 3], "car_1855": [0, 3], "car_1796": [12, 7], "car_1857": [6, 5], "car_1856": [4, 3], "car_1851": [3, 0], "car_1850": [13, 5], "car_1853": [8, 1], "car_1797": [5, 0], "car_2336": [1, 6], "car_1859": [11, 5], "car_1794": [9, 0], "car_2230": [11, 5], "car_129": [7, 5], "car_128": [13, 2], "car_2231": [15, 2], "car_123": [12, 7], "car_122": [8, 3], "car_121": [9, 2], "car_120": [6, 5], "car_127": [2, 7], "car_126": [14, 4], "car_125": [1, 4], "car_124": [4, 0], "car_1790": [13, 6], "car_1219": [11, 6], "car_1218": [3, 4], "car_1217": [6, 7], "car_1216": [1, 4], "car_1215": [15, 0], "car_1214": [11, 3], "car_1213": [0, 3], "car_1212": [6, 7], "car_1211": [1, 7], "car_1210": [10, 4], "car_1415": [0, 1], "car_1414": [12, 5], "car_1417": [11, 6], "car_1416": [4, 2], "car_1411": [15, 4], "car_1410": [7, 6], "car_237": [11, 0], "car_236": [4, 3], "car_235": [0, 6], "car_234": [3, 1], "car_233": [14, 0], "car_232": [11, 4], "car_231": [6, 3], "car_230": [14, 7], "car_1412": [6, 7], "car_239": [14, 6], "car_238": [15, 3], "car_2638": [1, 7], "car_2639": [5, 4], "car_2634": [2, 3], "car_2635": [13, 7], "car_2636": [3, 1], "car_2637": [15, 6], "car_2630": [4, 5], "car_2631": [11, 5], "car_2632": [1, 2], "car_2633": [5, 2], "car_1503": [6, 7], "car_1502": [5, 2], "car_1501": [7, 5], "car_1500": [5, 7], "car_1507": [11, 0], "car_1506": [12, 7], "car_1505": [7, 1], "car_1504": [13, 2], "car_1509": [5, 2], "car_1508": [15, 5], "car_1189": [8, 1], "car_1188": [7, 3], "car_1187": [3, 0], "car_1186": [5, 6], "car_1185": [12, 2], "car_1184": [3, 6], "car_1183": [13, 5], "car_1182": [6, 0], "car_1181": [2, 0], "car_1180": [14, 6], "car_2182": [3, 0], "car_2183": [7, 5], "car_2180": [4, 6], "car_2181": [11, 5], "car_2186": [10, 5], "car_2187": [6, 2], "car_2184": [0, 5], "car_2185": [5, 4], "car_2188": [9, 5], "car_2189": [8, 5], "car_949": [10, 0], "car_948": [7, 5], "car_2742": [1, 2], "car_2743": [14, 5], "car_2744": [7, 1], "car_2745": [2, 6], "car_2746": [9, 1], "car_2747": [11, 2], "car_941": [15, 7], "car_940": [0, 7], "car_943": [14, 4], "car_942": [1, 6], "car_945": [5, 3], "car_944": [12, 1], "car_947": [13, 3], "car_946": [6, 1], "car_1437": [0, 3], "car_1436": [9, 0], "car_1435": [6, 0], "car_1434": [2, 7], "car_1433": [14, 0], "car_1432": [11, 2], "car_1431": [0, 3], "car_1430": [8, 7], "car_1439": [5, 1], "car_1438": [1, 4], "car_2238": [3, 7], "car_2823": [8, 6], "car_493": [13, 0], "car_492": [2, 4], "car_491": [5, 7], "car_490": [11, 3], "car_497": [9, 6], "car_496": [2, 3], "car_495": [1, 2], "car_494": [8, 3], "car_499": [1, 4], "car_498": [3, 7], "car_2296": [4, 5], "car_2297": [15, 6], "car_2294": [6, 2], "car_2239": [12, 3], "car_2292": [1, 2], "car_2293": [2, 1], "car_2290": [13, 1], "car_2291": [4, 2], "car_1918": [14, 0], "car_2568": [8, 7], "car_2569": [4, 7], "car_2298": [1, 3], "car_1919": [2, 3], "car_1729": [0, 5], "car_1728": [3, 5], "car_1723": [13, 2], "car_1722": [14, 6], "car_1721": [1, 6], "car_1720": [11, 6], "car_1727": [1, 4], "car_1726": [12, 1], "car_1725": [7, 3], "car_1724": [3, 2], "car_43": [14, 7], "car_42": [15, 7], "car_41": [3, 2], "car_40": [10, 6], "car_47": [13, 1], "car_46": [6, 4], "car_45": [8, 4], "car_44": [13, 6], "car_49": [12, 3], "car_48": [7, 2], "car_1916": [3, 1], "car_1917": [5, 0], "car_1858": [13, 2], "car_831": [9, 3], "car_830": [1, 0], "car_833": [1, 2], "car_832": [15, 5], "car_835": [3, 7], "car_834": [10, 3], "car_837": [9, 4], "car_836": [7, 2], "car_839": [7, 6], "car_838": [3, 5], "car_2360": [9, 3], "car_2361": [3, 5], "car_2366": [3, 5], "car_2367": [7, 6], "car_2364": [0, 7], "car_2365": [6, 1], "car_2168": [1, 5], "car_2169": [14, 2], "car_2160": [0, 1], "car_2161": [4, 1], "car_2162": [5, 3], "car_2163": [2, 4], "car_2164": [9, 3], "car_2165": [13, 2], "car_2166": [12, 5], "car_2167": [0, 1], "car_2810": [12, 5], "car_2811": [5, 2], "car_2812": [14, 3], "car_2813": [10, 1], "car_1941": [10, 2], "car_2814": [6, 3], "car_2815": [9, 0], "car_2544": [2, 7], "car_2817": [7, 0], "car_2463": [14, 0], "car_2462": [1, 4], "car_710": [4, 2], "car_711": [11, 3], "car_712": [5, 4], "car_713": [2, 7], "car_714": [13, 4], "car_715": [3, 7], "car_716": [7, 6], "car_717": [15, 7], "car_718": [1, 5], "car_719": [10, 0], "car_1892": [12, 4], "car_1894": [2, 5], "car_138": [14, 4], "car_139": [2, 4], "car_130": [8, 5], "car_131": [11, 7], "car_132": [14, 6], "car_133": [9, 3], "car_134": [8, 7], "car_135": [0, 4], "car_136": [11, 2], "car_137": [1, 2], "car_1222": [9, 2], "car_1223": [7, 2], "car_1220": [14, 3], "car_1221": [2, 0], "car_1226": [10, 1], "car_1227": [14, 0], "car_1224": [1, 0], "car_1225": [6, 0], "car_1886": [4, 6], "car_1887": [11, 1], "car_1228": [13, 1], "car_1229": [7, 3], "car_1882": [10, 6], "car_1883": [2, 7], "car_1880": [8, 2], "car_1881": [0, 5], "car_2621": [10, 3], "car_224": [11, 7], "car_225": [10, 7], "car_226": [14, 3], "car_227": [6, 5], "car_220": [4, 1], "car_221": [15, 5], "car_222": [5, 2], "car_223": [6, 3], "car_228": [9, 6], "car_229": [3, 7], "car_1086": [11, 0], "car_1087": [3, 2], "car_1084": [5, 7], "car_1085": [3, 7], "car_1082": [0, 7], "car_1083": [15, 5], "car_1080": [7, 1], "car_1081": [8, 6], "car_2627": [1, 4], "car_2626": [4, 2], "car_2625": [3, 4], "car_2624": [13, 1], "car_2623": [2, 7], "car_2622": [14, 7], "car_1088": [7, 6], "car_1089": [2, 7], "car_1536": [8, 0], "car_1537": [15, 0], "car_1534": [6, 3], "car_1535": [3, 0], "car_1532": [14, 1], "car_1533": [2, 4], "car_1530": [11, 3], "car_1531": [5, 6], "car_1538": [2, 0], "car_1539": [6, 3], "car_956": [15, 4], "car_957": [14, 1], "car_954": [1, 7], "car_955": [14, 5], "car_952": [4, 7], "car_953": [11, 4], "car_950": [6, 7], "car_951": [7, 6], "car_1827": [13, 3], "car_2199": [12, 6], "car_2198": [8, 2], "car_958": [2, 3], "car_959": [9, 4], "car_1158": [11, 1], "car_1159": [5, 6], "car_1408": [9, 3], "car_1409": [13, 3], "car_2757": [7, 3], "car_2756": [2, 7], "car_2755": [14, 2], "car_1829": [1, 0], "car_1150": [5, 4], "car_1151": [10, 6], "car_1152": [2, 3], "car_1153": [6, 3], "car_1154": [9, 1], "car_1155": [3, 2], "car_1156": [7, 4], "car_1157": [0, 3], "car_2532": [12, 3], "car_2380": [3, 4], "car_2764": [5, 7], "car_2381": [8, 4], "car_2382": [12, 2], "car_2383": [0, 7], "car_1826": [9, 3], "car_480": [5, 1], "car_481": [2, 3], "car_482": [12, 5], "car_483": [10, 4], "car_484": [14, 1], "car_485": [3, 2], "car_486": [11, 6], "car_487": [15, 7], "car_488": [12, 0], "car_489": [4, 2], "car_2283": [12, 6], "car_2282": [7, 3], "car_2285": [11, 7], "car_2284": [4, 1], "car_2287": [5, 1], "car_2286": [1, 2], "car_2577": [4, 0], "car_853": [13, 1], "car_2575": [7, 6], "car_2574": [14, 5], "car_2573": [15, 0], "car_2572": [0, 5], "car_2571": [8, 3], "car_852": [2, 4], "car_851": [10, 0], "car_2579": [13, 1], "car_2578": [14, 5], "car_582": [3, 0], "car_1718": [6, 5], "car_1719": [3, 2], "car_1716": [5, 4], "car_857": [10, 7], "car_1714": [7, 1], "car_1715": [0, 1], "car_1712": [5, 7], "car_1713": [6, 1], "car_1710": [4, 6], "car_856": [5, 6], "car_1828": [7, 0], "car_855": [1, 2], "car_854": [0, 2], "car_2739": [8, 6], "car_2738": [7, 6], "car_2379": [9, 5], "car_2378": [6, 2], "car_828": [0, 3], "car_829": [4, 0], "car_826": [9, 5], "car_827": [13, 3], "car_824": [5, 3], "car_825": [14, 0], "car_822": [12, 2], "car_823": [15, 5], "car_820": [13, 0], "car_821": [8, 0], "car_2179": [13, 5], "car_2178": [6, 7], "car_2173": [15, 2], "car_2172": [4, 0], "car_2171": [13, 7], "car_2170": [9, 7], "car_2177": [2, 1], "car_2176": [3, 7], "car_2175": [13, 6], "car_2174": [5, 2], "car_2535": [7, 6], "car_2534": [5, 1], "car_729": [0, 5], "car_728": [13, 7], "car_725": [15, 1], "car_724": [11, 5], "car_727": [9, 5], "car_726": [1, 2], "car_721": [6, 0], "car_720": [14, 1], "car_723": [0, 1], "car_722": [8, 1], "car_2708": [8, 6], "car_2620": [1, 0], "car_1795": [7, 6], "car_1792": [1, 6], "car_1793": [14, 3], "car_2440": [12, 4], "car_105": [15, 3], "car_104": [11, 5], "car_107": [5, 4], "car_106": [1, 0], "car_101": [2, 6], "car_100": [1, 6], "car_103": [8, 3], "car_102": [9, 6], "car_1888": [10, 7], "car_109": [7, 3], "car_108": [3, 0], "car_1791": [8, 5], "car_1235": [0, 3], "car_1234": [12, 4], "car_1237": [15, 1], "car_1236": [4, 3], "car_1231": [4, 3], "car_1230": [0, 1], "car_1233": [14, 6], "car_1232": [10, 1], "car_1899": [1, 4], "car_1898": [15, 3], "car_1239": [9, 4], "car_1238": [6, 0], "car_211": [13, 2], "car_210": [6, 3], "car_213": [12, 6], "car_212": [3, 2], "car_215": [4, 1], "car_214": [0, 2], "car_217": [8, 3], "car_216": [9, 2], "car_219": [3, 4], "car_218": [2, 4], "car_2676": [9, 2], "car_1529": [9, 3], "car_1528": [1, 0], "car_2610": [0, 6], "car_2611": [4, 1], "car_2616": [6, 2], "car_2617": [13, 6], "car_2614": [15, 1], "car_2615": [5, 4], "car_1521": [7, 3], "car_1520": [3, 1], "car_1523": [15, 6], "car_1522": [7, 4], "car_1525": [2, 6], "car_1524": [1, 7], "car_1527": [12, 4], "car_1526": [13, 4], "car_2849": [4, 3], "car_2700": [4, 2], "car_2848": [2, 0], "car_2740": [0, 6], "car_2741": [11, 6], "car_2313": [1, 0], "car_2701": [6, 2], "car_2312": [4, 3], "car_2311": [8, 4], "car_923": [8, 5], "car_922": [13, 1], "car_921": [4, 7], "car_920": [8, 6], "car_927": [7, 3], "car_926": [3, 2], "car_925": [13, 1], "car_924": [10, 1], "car_2317": [12, 5], "car_929": [11, 5], "car_928": [12, 2], "car_2316": [3, 6], "car_2766": [14, 7], "car_2748": [5, 3], "car_1149": [1, 7], "car_1148": [15, 1], "car_1419": [5, 7], "car_1418": [1, 6], "car_2760": [2, 4], "car_2749": [14, 7], "car_1143": [9, 6], "car_1142": [2, 6], "car_1141": [5, 2], "car_1140": [1, 2], "car_1147": [4, 1], "car_1146": [12, 0], "car_1145": [7, 2], "car_1144": [13, 3], "car_1099": [14, 1], "car_1098": [10, 2], "car_1091": [8, 7], "car_1090": [3, 7], "car_1093": [15, 6], "car_1092": [0, 7], "car_1095": [13, 2], "car_1094": [9, 7], "car_1097": [0, 1], "car_1096": [3, 5], "car_2818": [8, 0], "car_2819": [12, 1], "car_2548": [7, 4], "car_2549": [0, 4], "car_2542": [1, 6], "car_2543": [14, 1], "car_2540": [3, 5], "car_2541": [15, 5], "car_2546": [9, 2], "car_2547": [3, 1], "car_2521": [11, 3], "car_2545": [6, 4], "car_1701": [15, 7], "car_1700": [4, 1], "car_1703": [0, 7], "car_1702": [1, 4], "car_1705": [15, 3], "car_1704": [4, 6], "car_1707": [14, 6], "car_1706": [5, 3], "car_1709": [13, 0], "car_1708": [6, 3], "car_2522": [14, 2], "car_2523": [2, 6], "car_589": [7, 4], "car_588": [6, 2], "car_859": [9, 4], "car_858": [14, 5], "car_2384": [15, 4], "car_2385": [1, 5], "car_1695": [1, 2], "car_2387": [13, 1], "car_581": [9, 5], "car_580": [5, 6], "car_583": [10, 6], "car_850": [1, 6], "car_585": [8, 3], "car_584": [2, 7], "car_587": [14, 6], "car_586": [11, 3], "car_2002": [13, 0], "car_2148": [14, 0], "car_2149": [13, 6], "car_2146": [15, 4], "car_2147": [1, 4], "car_2144": [4, 7], "car_2145": [11, 6], "car_2142": [13, 1], "car_2143": [12, 0], "car_2140": [6, 5], "car_2141": [9, 5], "car_2779": [11, 1], "car_457": [3, 6], "car_456": [9, 6], "car_455": [2, 0], "car_454": [7, 1], "car_453": [3, 7], "car_452": [13, 6], "car_451": [14, 4], "car_450": [5, 3], "car_1878": [13, 3], "car_459": [8, 2], "car_458": [7, 4], "car_1877": [9, 0], "car_1876": [6, 5], "car_2778": [8, 2], "car_1875": [2, 6], "car_1874": [10, 7], "car_1873": [1, 7], "car_1872": [8, 4], "car_738": [0, 1], "car_739": [13, 3], "car_1871": [2, 0], "car_733": [10, 3], "car_732": [9, 7], "car_32": [8, 5], "car_730": [11, 5], "car_731": [10, 4], "car_736": [3, 4], "car_737": [8, 7], "car_734": [6, 1], "car_735": [13, 6], "car_1976": [12, 0], "car_1977": [0, 3], "car_1698": [7, 2], "car_38": [8, 2], "car_39": [15, 2], "car_2564": [4, 2], "car_2565": [5, 1], "car_2566": [3, 4], "car_2295": [13, 1], "car_1978": [15, 5], "car_2560": [2, 1], "car_1979": [10, 4], "car_2561": [9, 2], "car_2562": [13, 2], "car_2563": [8, 7], "car_2443": [7, 0], "car_2442": [13, 2], "car_2441": [15, 2], "car_112": [13, 7], "car_113": [7, 4], "car_110": [12, 4], "car_111": [1, 5], "car_116": [4, 3], "car_117": [11, 3], "car_114": [12, 4], "car_115": [0, 2], "car_2447": [2, 5], "car_118": [14, 7], "car_119": [2, 3], "car_2446": [10, 7], "car_2445": [5, 6], "car_2299": [5, 0], "car_2533": [11, 3], "car_2453": [6, 1], "car_2454": [13, 7], "car_1950": [1, 5], "car_1951": [13, 0], "car_1952": [8, 0], "car_1953": [4, 3], "car_1954": [11, 6], "car_1955": [15, 7], "car_208": [5, 3], "car_209": [2, 1], "car_206": [12, 4], "car_207": [4, 7], "car_204": [13, 7], "car_205": [3, 7], "car_202": [15, 6], "car_203": [9, 7], "car_200": [8, 5], "car_201": [12, 5], "car_2605": [11, 3], "car_2604": [0, 7], "car_2607": [9, 6], "car_2606": [6, 0], "car_1558": [13, 0], "car_1559": [3, 1], "car_2603": [8, 4], "car_2602": [7, 4], "car_1554": [3, 0], "car_1555": [8, 7], "car_1556": [0, 2], "car_1557": [9, 4], "car_1550": [1, 4], "car_1551": [5, 2], "car_1552": [2, 3], "car_1553": [13, 6], "car_1398": [13, 1], "car_1399": [8, 7], "car_1392": [13, 0], "car_1393": [0, 1], "car_1390": [6, 5], "car_1391": [9, 2], "car_1396": [2, 3], "car_1397": [6, 1], "car_1394": [4, 7], "car_1395": [14, 1], "car_2598": [5, 4], "car_930": [1, 6], "car_931": [9, 0], "car_932": [11, 4], "car_933": [3, 4], "car_934": [8, 5], "car_935": [12, 0], "car_936": [0, 2], "car_937": [11, 1], "car_938": [2, 6], "car_939": [6, 2], "car_2773": [0, 2], "car_2772": [13, 0], "car_2775": [2, 3], "car_2774": [10, 3], "car_2777": [7, 4], "car_2776": [13, 0], "car_6": [6, 0], "car_7": [9, 3], "car_4": [4, 5], "car_5": [10, 7], "car_2": [13, 0], "car_3": [0, 6], "car_1178": [1, 4], "car_1": [14, 1], "car_1176": [0, 5], "car_1177": [4, 0], "car_1174": [3, 2], "car_1175": [7, 0], "car_1172": [14, 7], "car_1173": [9, 1], "car_8": [3, 2], "car_9": [8, 7], "car_2809": [7, 5], "car_2808": [13, 5], "car_2559": [10, 2], "car_2558": [11, 2], "car_2555": [8, 3], "car_2554": [6, 4], "car_2557": [4, 3], "car_2556": [12, 0], "car_2551": [5, 6], "car_2550": [15, 2], "car_2553": [2, 7], "car_2552": [10, 6], "car_1774": [6, 3], "car_1775": [8, 4], "car_1776": [12, 6], "car_1777": [4, 6], "car_1770": [15, 5], "car_1771": [5, 7], "car_1772": [14, 4], "car_1773": [2, 1], "car_1778": [14, 1], "car_1779": [3, 6], "car_98": [3, 7], "car_99": [15, 4], "car_90": [13, 1], "car_91": [14, 2], "car_92": [7, 5], "car_93": [8, 7], "car_94": [4, 0], "car_95": [1, 6], "car_96": [2, 5], "car_97": [13, 4], "car_596": [12, 1], "car_597": [11, 2], "car_594": [9, 3], "car_595": [13, 0], "car_592": [10, 4], "car_593": [6, 5], "car_590": [0, 2], "car_591": [11, 7], "car_598": [13, 3], "car_599": [12, 5], "car_848": [4, 3], "car_849": [11, 0], "car_2391": [0, 4], "car_2390": [7, 0], "car_2397": [7, 4], "car_2396": [11, 5], "car_2395": [0, 1], "car_2394": [12, 6], "car_840": [12, 1], "car_841": [3, 4], "car_842": [8, 0], "car_843": [15, 7], "car_844": [5, 1], "car_845": [2, 3], "car_846": [3, 7], "car_847": [7, 0], "car_1608": [15, 6], "car_1609": [5, 7], "car_2153": [3, 6], "car_2152": [5, 2], "car_2155": [5, 7], "car_2154": [11, 7], "car_2157": [7, 5], "car_2156": [14, 5], "car_1600": [15, 2], "car_1601": [1, 0], "car_1602": [10, 7], "car_1603": [2, 3], "car_1604": [6, 3], "car_1605": [9, 6], "car_1606": [8, 6], "car_1607": [12, 4], "car_2369": [11, 0], "car_2362": [7, 4], "car_2363": [11, 5], "car_444": [7, 5], "car_445": [8, 7], "car_446": [15, 0], "car_447": [2, 0], "car_440": [7, 2], "car_441": [8, 0], "car_442": [11, 7], "car_443": [10, 4], "car_448": [8, 5], "car_449": [15, 6], "car_2717": [10, 3], "car_2716": [5, 6], "car_2715": [11, 1], "car_2201": [5, 6], "car_2714": [3, 2], "car_2200": [0, 7], "car_2713": [2, 4], "car_2712": [14, 2], "car_2711": [4, 0], "car_2710": [0, 7], "car_2209": [7, 3], "car_2208": [9, 5], "car_2324": [8, 6], "car_695": [11, 5], "car_694": [3, 7], "car_697": [7, 6], "car_696": [5, 2], "car_691": [10, 5], "car_690": [15, 5], "car_693": [6, 0], "car_692": [14, 0], "car_699": [4, 0], "car_698": [0, 1], "car_2399": [15, 5], "car_1943": [8, 0], "car_1942": [3, 2], "car_279": [13, 7], "car_278": [10, 2], "car_1947": [2, 5], "car_1946": [1, 6], "car_1945": [15, 4], "car_1944": [4, 0], "car_273": [2, 4], "car_272": [1, 7], "car_271": [15, 7], "car_270": [8, 0], "car_277": [8, 0], "car_276": [7, 6], "car_275": [3, 6], "car_274": [13, 2], "car_1925": [7, 4], "car_1549": [11, 0], "car_1548": [7, 1], "car_1547": [3, 6], "car_1546": [9, 0], "car_1545": [1, 2], "car_1544": [11, 4], "car_1543": [8, 4], "car_1542": [7, 5], "car_1541": [14, 1], "car_1540": [0, 3], "car_1389": [14, 5], "car_1388": [10, 6], "car_1385": [3, 2], "car_1384": [2, 7], "car_1387": [5, 3], "car_1386": [8, 7], "car_1381": [3, 4], "car_1380": [11, 0], "car_1383": [11, 6], "car_1382": [7, 2], "car_307": [15, 3], "car_306": [13, 3], "car_305": [1, 7], "car_304": [4, 2], "car_303": [12, 5], "car_302": [9, 2], "car_301": [5, 4], "car_300": [13, 0], "car_804": [8, 3], "car_309": [6, 3], "car_308": [14, 6], "car_909": [11, 1], "car_908": [0, 5], "car_905": [6, 4], "car_904": [14, 2], "car_907": [8, 1], "car_906": [9, 3], "car_901": [0, 6], "car_900": [12, 5], "car_903": [11, 0], "car_902": [4, 5], "car_1161": [13, 7], "car_1160": [9, 2], "car_1163": [5, 6], "car_1162": [0, 5], "car_1165": [14, 5], "car_1164": [10, 1], "car_1167": [11, 7], "car_1166": [12, 3], "car_1169": [6, 3], "car_1168": [15, 7], "car_2432": [1, 2], "car_2433": [2, 3], "car_2430": [7, 2], "car_2322": [4, 6], "car_2431": [4, 1], "car_2838": [3, 5], "car_2839": [8, 0], "car_2836": [14, 2], "car_2436": [0, 3], "car_2834": [15, 7], "car_2835": [10, 6], "car_2832": [6, 7], "car_2833": [8, 7], "car_2830": [4, 7], "car_2437": [1, 5], "car_2010": [8, 6], "car_2011": [4, 3], "car_2012": [11, 7], "car_2013": [5, 6], "car_2014": [6, 3], "car_2015": [9, 5], "car_2016": [12, 1], "car_2017": [0, 5], "car_2018": [4, 3], "car_2019": [1, 2], "car_2435": [12, 0], "car_87": [13, 7], "car_86": [6, 2], "car_85": [2, 4], "car_84": [14, 7], "car_83": [5, 3], "car_82": [1, 0], "car_81": [0, 2], "car_80": [6, 2], "car_2001": [6, 1], "car_89": [14, 7], "car_88": [15, 6], "car_2000": [10, 5], "car_2498": [1, 4], "car_2499": [2, 6], "car_2494": [6, 3], "car_2495": [9, 1], "car_2496": [3, 1], "car_2497": [4, 1], "car_2490": [12, 1], "car_2491": [11, 6], "car_2492": [15, 0], "car_2493": [2, 6], "car_875": [15, 3], "car_874": [4, 6], "car_877": [6, 0], "car_876": [10, 1], "car_871": [13, 4], "car_870": [2, 3], "car_873": [0, 4], "car_872": [3, 4], "car_1694": [15, 6], "car_879": [1, 0], "car_878": [0, 6], "car_1752": [15, 6], "car_1753": [1, 3], "car_1699": [8, 7], "car_2124": [12, 5], "car_2125": [10, 1], "car_1619": [8, 1], "car_1618": [3, 6], "car_2120": [1, 6], "car_2121": [5, 3], "car_2122": [2, 0], "car_2123": [9, 7], "car_1613": [4, 5], "car_1612": [7, 6], "car_1611": [13, 4], "car_1610": [14, 2], "car_1617": [15, 6], "car_1616": [0, 6], "car_1615": [6, 0], "car_1614": [10, 2], "car_1754": [6, 0], "car_1755": [9, 7], "car_2767": [8, 1], "car_2323": [6, 1], "car_471": [3, 0], "car_470": [13, 3], "car_473": [8, 7], "car_472": [7, 6], "car_475": [9, 4], "car_474": [14, 4], "car_477": [12, 1], "car_476": [3, 7], "car_479": [11, 7], "car_478": [4, 7], "car_2232": [13, 3], "car_2233": [7, 2], "car_2234": [12, 7], "car_2235": [1, 6], "car_2236": [14, 2], "car_2237": [13, 5], "car_2769": [11, 7], "car_2765": [10, 7], "car_2038": [5, 3], "car_2709": [12, 4], "car_2762": [13, 7], "car_2039": [13, 4], "car_2763": [4, 1], "car_1819": [11, 0], "car_1818": [0, 5], "car_2386": [14, 2], "car_682": [15, 7], "car_683": [14, 3], "car_680": [3, 4], "car_681": [0, 7], "car_686": [5, 6], "car_687": [2, 0], "car_684": [13, 6], "car_685": [8, 7], "car_688": [9, 2], "car_689": [11, 3], "car_2481": [7, 4], "car_2761": [9, 7], "car_1815": [6, 2], "car_1814": [10, 1], "car_2388": [8, 5], "car_2389": [5, 0], "car_1670": [3, 4], "car_1956": [6, 5], "car_1957": [1, 2], "car_1958": [7, 2], "car_1959": [12, 2], "car_2003": [1, 5], "car_268": [6, 2], "car_269": [7, 0], "car_1974": [14, 6], "car_1975": [6, 2], "car_1972": [8, 5], "car_1973": [4, 0], "car_1970": [3, 2], "car_1971": [4, 2], "car_260": [4, 5], "car_261": [11, 6], "car_262": [3, 4], "car_263": [7, 5], "car_264": [8, 6], "car_265": [12, 4], "car_266": [4, 5], "car_267": [11, 6], "car_1572": [10, 5], "car_1573": [2, 0], "car_1570": [2, 1], "car_1571": [0, 3], "car_1576": [0, 3], "car_1577": [15, 6], "car_1574": [6, 1], "car_1575": [13, 4], "car_1578": [5, 3], "car_1579": [2, 0], "car_1370": [2, 1], "car_1371": [9, 3], "car_1372": [8, 5], "car_1373": [0, 2], "car_1374": [15, 4], "car_1375": [10, 1], "car_1376": [2, 1], "car_1377": [11, 0], "car_1378": [1, 0], "car_1379": [3, 4], "car_2600": [14, 0], "car_314": [2, 4], "car_315": [9, 4], "car_316": [3, 2], "car_317": [7, 6], "car_310": [0, 1], "car_311": [4, 3], "car_312": [11, 5], "car_313": [10, 5], "car_318": [8, 0], "car_319": [0, 3], "car_918": [10, 5], "car_919": [3, 5], "car_2719": [9, 4], "car_2718": [6, 4], "car_912": [10, 0], "car_913": [14, 0], "car_910": [15, 7], "car_911": [5, 2], "car_916": [0, 1], "car_917": [11, 6], "car_914": [13, 5], "car_915": [8, 7], "car_1114": [14, 7], "car_1115": [3, 0], "car_1116": [7, 5], "car_1117": [8, 1], "car_1110": [3, 1], "car_1111": [12, 3], "car_1112": [11, 2], "car_1113": [1, 0], "car_1118": [0, 3], "car_1119": [1, 4], "car_1284": [4, 0], "car_1285": [6, 5], "car_1286": [9, 4], "car_1287": [13, 4], "car_1280": [13, 3], "car_1281": [3, 0], "car_1282": [7, 4], "car_1283": [12, 2], "car_2130": [15, 7], "car_1288": [3, 7], "car_1289": [1, 3], "car_2821": [9, 0], "car_2820": [14, 1], "car_1744": [11, 5], "car_2822": [13, 5], "car_2825": [1, 3], "car_2824": [11, 2], "car_2827": [9, 6], "car_2826": [10, 6], "car_2829": [12, 2], "car_2828": [7, 2], "car_1028": [1, 7], "car_1029": [10, 2], "car_1758": [4, 1], "car_1759": [11, 1], "car_2007": [11, 0], "car_2006": [8, 6], "car_2005": [3, 1], "car_2004": [2, 7], "car_1020": [13, 2], "car_1021": [8, 6], "car_1022": [10, 6], "car_1023": [14, 0], "car_1024": [6, 3], "car_1025": [7, 1], "car_1026": [11, 5], "car_1027": [15, 5], "car_1598": [8, 0], "car_1599": [0, 6], "car_1590": [11, 2], "car_1591": [15, 2], "car_1592": [1, 4], "car_1593": [5, 2], "car_1594": [10, 3], "car_1595": [14, 2], "car_1596": [2, 5], "car_1597": [7, 2], "car_2489": [6, 7], "car_2488": [8, 2], "car_2487": [7, 4], "car_2486": [3, 0], "car_2485": [14, 5], "car_2484": [11, 3], "car_2483": [4, 3], "car_2482": [12, 6], "car_1746": [9, 0], "car_2480": [10, 7], "car_862": [4, 3], "car_863": [10, 6], "car_860": [13, 5], "car_861": [0, 5], "car_866": [11, 6], "car_867": [5, 1], "car_864": [6, 2], "car_865": [8, 1], "car_868": [10, 4], "car_869": [14, 1], "car_1741": [13, 2], "car_2137": [9, 3], "car_2136": [15, 4], "car_2135": [11, 3], "car_2134": [4, 7], "car_2133": [7, 6], "car_2132": [3, 4], "car_1628": [7, 0], "car_1629": [11, 7], "car_1626": [9, 0], "car_1627": [13, 1], "car_1624": [14, 7], "car_1625": [2, 3], "car_1622": [4, 3], "car_1623": [1, 5], "car_1620": [12, 3], "car_1621": [0, 1], "car_1740": [4, 3]}