{"car_773": [6, 7], "car_944": [2, 6], "car_545": [5, 0], "car_544": [9, 5], "car_547": [3, 7], "car_546": [3, 5], "car_541": [0, 4], "car_540": [3, 5], "car_543": [1, 3], "car_542": [4, 5], "car_549": [0, 5], "car_548": [7, 0], "car_819": [12, 6], "car_818": [3, 6], "car_888": [12, 0], "car_468": [4, 6], "car_469": [15, 7], "car_466": [5, 6], "car_467": [13, 7], "car_464": [11, 0], "car_465": [9, 4], "car_462": [1, 6], "car_463": [3, 4], "car_460": [4, 1], "car_461": [7, 5], "car_211": [0, 5], "car_210": [9, 0], "car_213": [0, 2], "car_212": [13, 4], "car_215": [3, 6], "car_214": [10, 4], "car_217": [2, 6], "car_216": [10, 3], "car_219": [12, 6], "car_218": [9, 0], "car_352": [1, 0], "car_353": [12, 4], "car_354": [11, 3], "car_355": [7, 2], "car_356": [7, 3], "car_357": [11, 7], "car_608": [10, 7], "car_609": [3, 7], "car_602": [9, 0], "car_603": [3, 7], "car_600": [6, 2], "car_601": [4, 1], "car_606": [6, 1], "car_607": [4, 7], "car_604": [2, 0], "car_605": [0, 7], "car_817": [11, 2], "car_518": [3, 0], "car_816": [9, 1], "car_519": [7, 4], "car_815": [14, 3], "car_814": [10, 0], "car_813": [5, 2], "car_812": [1, 7], "car_923": [12, 7], "car_922": [5, 7], "car_921": [8, 7], "car_920": [6, 0], "car_927": [10, 7], "car_811": [12, 2], "car_925": [12, 6], "car_924": [2, 7], "car_929": [6, 7], "car_810": [14, 6], "car_776": [6, 7], "car_777": [10, 2], "car_774": [11, 7], "car_775": [2, 1], "car_772": [12, 1], "car_510": [13, 0], "car_770": [0, 6], "car_771": [3, 0], "car_805": [15, 3], "car_511": [12, 0], "car_943": [10, 7], "car_778": [9, 2], "car_779": [13, 1], "car_942": [1, 5], "car_679": [8, 6], "car_678": [9, 6], "car_677": [15, 6], "car_676": [11, 1], "car_675": [0, 3], "car_674": [14, 1], "car_673": [1, 3], "car_672": [1, 0], "car_671": [15, 4], "car_670": [14, 5], "car_938": [9, 4], "car_947": [6, 7], "car_946": [6, 4], "car_10": [13, 7], "car_11": [3, 7], "car_12": [4, 3], "car_13": [1, 0], "car_14": [8, 5], "car_15": [4, 3], "car_16": [12, 7], "car_17": [4, 5], "car_18": [15, 5], "car_19": [10, 1], "car_828": [12, 0], "car_758": [0, 6], "car_889": [13, 0], "car_759": [7, 3], "car_703": [10, 1], "car_702": [8, 7], "car_701": [14, 3], "car_829": [10, 0], "car_789": [1, 2], "car_700": [1, 2], "car_783": [2, 6], "car_707": [9, 7], "car_781": [13, 0], "car_780": [14, 7], "car_787": [12, 6], "car_786": [9, 7], "car_785": [10, 3], "car_706": [6, 3], "car_705": [10, 5], "car_750": [13, 4], "car_704": [12, 1], "car_698": [2, 4], "car_422": [7, 1], "car_423": [12, 1], "car_420": [6, 1], "car_421": [3, 0], "car_426": [12, 2], "car_427": [14, 0], "car_424": [2, 1], "car_425": [13, 0], "car_581": [1, 2], "car_580": [15, 6], "car_428": [9, 4], "car_429": [15, 7], "car_585": [3, 6], "car_584": [14, 0], "car_587": [12, 4], "car_586": [7, 6], "car_255": [9, 0], "car_254": [2, 1], "car_257": [13, 2], "car_256": [10, 6], "car_251": [8, 4], "car_250": [8, 7], "car_253": [14, 1], "car_252": [4, 6], "car_394": [8, 4], "car_395": [12, 6], "car_396": [10, 1], "car_397": [7, 4], "car_259": [3, 4], "car_258": [12, 3], "car_392": [0, 4], "car_393": [1, 2], "car_827": [9, 2], "car_158": [4, 2], "car_159": [1, 5], "car_156": [15, 0], "car_157": [6, 1], "car_154": [9, 2], "car_155": [11, 4], "car_152": [15, 1], "car_153": [5, 6], "car_150": [9, 1], "car_151": [12, 0], "car_882": [2, 7], "car_350": [14, 6], "car_883": [6, 1], "car_351": [4, 7], "car_457": [2, 0], "car_456": [8, 4], "car_455": [10, 2], "car_454": [4, 0], "car_453": [15, 2], "car_452": [13, 5], "car_451": [15, 1], "car_450": [13, 7], "car_516": [1, 5], "car_517": [9, 6], "car_514": [1, 4], "car_515": [14, 6], "car_512": [12, 3], "car_513": [7, 2], "car_459": [10, 7], "car_458": [4, 3], "car_321": [13, 7], "car_320": [1, 5], "car_323": [7, 3], "car_322": [7, 1], "car_325": [15, 2], "car_324": [4, 0], "car_327": [4, 1], "car_326": [8, 1], "car_329": [4, 6], "car_328": [3, 2], "car_493": [9, 3], "car_822": [14, 1], "car_492": [14, 1], "car_491": [2, 1], "car_633": [5, 4], "car_632": [15, 3], "car_631": [13, 0], "car_490": [10, 0], "car_637": [12, 5], "car_636": [8, 7], "car_635": [9, 5], "car_634": [12, 4], "car_732": [5, 3], "car_497": [14, 3], "car_639": [10, 4], "car_638": [6, 5], "car_736": [14, 6], "car_730": [8, 6], "car_734": [4, 7], "car_496": [9, 5], "car_268": [2, 7], "car_823": [13, 4], "car_731": [10, 2], "car_495": [8, 5], "car_140": [5, 7], "car_494": [13, 6], "car_737": [7, 2], "car_735": [1, 2], "car_886": [14, 2], "car_144": [11, 3], "car_887": [1, 3], "car_260": [8, 2], "car_189": [12, 7], "car_188": [8, 7], "car_261": [8, 2], "car_185": [7, 3], "car_184": [5, 1], "car_187": [8, 1], "car_186": [1, 6], "car_181": [3, 5], "car_180": [5, 4], "car_183": [7, 3], "car_182": [8, 2], "car_263": [11, 1], "car_749": [9, 2], "car_748": [7, 2], "car_747": [2, 1], "car_746": [14, 6], "car_745": [4, 3], "car_744": [14, 7], "car_743": [14, 2], "car_742": [1, 0], "car_741": [3, 0], "car_740": [14, 4], "car_899": [14, 4], "car_850": [6, 1], "car_897": [11, 7], "car_896": [8, 7], "car_895": [3, 4], "car_894": [1, 7], "car_893": [8, 1], "car_892": [13, 0], "car_891": [4, 7], "car_890": [0, 6], "car_768": [15, 7], "car_299": [4, 6], "car_113": [11, 4], "car_110": [7, 4], "car_111": [9, 0], "car_116": [1, 3], "car_117": [9, 3], "car_114": [7, 6], "car_115": [4, 7], "car_291": [8, 5], "car_290": [5, 7], "car_118": [3, 1], "car_119": [11, 0], "car_295": [12, 6], "car_294": [13, 5], "car_297": [11, 1], "car_296": [4, 5], "car_54": [0, 5], "car_55": [1, 3], "car_56": [14, 0], "car_57": [6, 3], "car_50": [4, 6], "car_51": [9, 5], "car_52": [15, 3], "car_53": [3, 1], "car_58": [13, 6], "car_59": [9, 3], "car_928": [0, 4], "car_552": [6, 0], "car_553": [3, 0], "car_550": [15, 3], "car_551": [14, 3], "car_556": [8, 1], "car_557": [10, 5], "car_554": [13, 7], "car_555": [8, 5], "car_558": [2, 3], "car_559": [13, 4], "car_808": [12, 5], "car_809": [5, 1], "car_365": [9, 0], "car_364": [5, 4], "car_367": [1, 5], "car_366": [13, 0], "car_361": [15, 6], "car_360": [0, 7], "car_363": [11, 0], "car_362": [4, 6], "car_413": [9, 2], "car_412": [11, 5], "car_411": [12, 6], "car_410": [13, 7], "car_369": [5, 6], "car_368": [5, 7], "car_415": [4, 2], "car_414": [7, 2], "car_167": [4, 1], "car_166": [3, 7], "car_165": [15, 5], "car_164": [12, 1], "car_163": [7, 1], "car_162": [9, 6], "car_161": [13, 2], "car_160": [10, 7], "car_206": [2, 5], "car_207": [13, 5], "car_204": [4, 2], "car_205": [8, 6], "car_202": [8, 7], "car_203": [0, 1], "car_169": [7, 1], "car_168": [14, 7], "car_527": [12, 3], "car_526": [3, 6], "car_525": [8, 4], "car_524": [7, 3], "car_523": [10, 1], "car_522": [5, 6], "car_521": [1, 2], "car_520": [6, 0], "car_529": [10, 0], "car_528": [4, 5], "car_973": [9, 7], "car_930": [8, 4], "car_931": [5, 7], "car_932": [12, 6], "car_933": [0, 1], "car_934": [10, 3], "car_935": [14, 0], "car_936": [9, 3], "car_937": [11, 1], "car_489": [2, 6], "car_939": [13, 2], "car_6": [7, 3], "car_7": [6, 1], "car_4": [15, 7], "car_5": [9, 5], "car_2": [4, 5], "car_3": [6, 1], "car_0": [1, 5], "car_1": [9, 2], "car_709": [8, 1], "car_708": [1, 2], "car_8": [4, 2], "car_9": [10, 3], "car_668": [1, 2], "car_669": [5, 6], "car_664": [9, 5], "car_665": [13, 2], "car_666": [11, 4], "car_667": [0, 3], "car_660": [14, 0], "car_661": [2, 4], "car_662": [9, 6], "car_663": [14, 6], "car_793": [8, 6], "car_974": [4, 5], "car_975": [9, 4], "car_976": [8, 2], "car_926": [11, 2], "car_798": [5, 0], "car_799": [6, 0], "car_970": [8, 0], "car_971": [5, 4], "car_98": [7, 3], "car_99": [1, 4], "car_972": [13, 5], "car_90": [10, 1], "car_91": [6, 0], "car_92": [13, 0], "car_93": [4, 1], "car_94": [15, 7], "car_95": [0, 1], "car_96": [7, 6], "car_97": [3, 1], "car_596": [9, 1], "car_578": [14, 2], "car_594": [13, 3], "car_595": [13, 3], "car_592": [14, 1], "car_593": [2, 7], "car_590": [10, 3], "car_579": [7, 5], "car_598": [14, 3], "car_599": [4, 5], "car_848": [15, 0], "car_790": [13, 0], "car_791": [12, 1], "car_840": [14, 4], "car_841": [2, 7], "car_842": [12, 1], "car_843": [15, 1], "car_844": [6, 4], "car_792": [15, 4], "car_846": [6, 0], "car_847": [11, 4], "car_242": [11, 5], "car_243": [9, 3], "car_240": [3, 6], "car_241": [4, 2], "car_246": [12, 2], "car_247": [0, 6], "car_244": [12, 2], "car_245": [11, 6], "car_794": [4, 7], "car_248": [2, 0], "car_249": [3, 0], "car_795": [3, 7], "car_570": [9, 7], "car_129": [2, 6], "car_128": [11, 0], "car_796": [8, 6], "car_571": [7, 6], "car_123": [5, 0], "car_122": [0, 3], "car_121": [7, 5], "car_120": [9, 5], "car_127": [7, 3], "car_126": [9, 7], "car_125": [12, 1], "car_124": [13, 4], "car_797": [8, 2], "car_908": [3, 4], "car_597": [9, 4], "car_444": [6, 1], "car_445": [9, 0], "car_446": [11, 4], "car_447": [5, 7], "car_440": [11, 1], "car_441": [5, 2], "car_442": [2, 6], "car_443": [1, 3], "car_563": [12, 4], "car_562": [2, 4], "car_561": [3, 2], "car_560": [12, 7], "car_448": [8, 6], "car_349": [5, 3], "car_565": [2, 7], "car_564": [10, 3], "car_237": [0, 2], "car_236": [6, 0], "car_235": [6, 4], "car_234": [1, 5], "car_233": [0, 2], "car_232": [13, 7], "car_338": [4, 2], "car_339": [3, 7], "car_336": [14, 4], "car_337": [6, 1], "car_334": [3, 6], "car_335": [3, 5], "car_332": [15, 4], "car_333": [6, 3], "car_330": [15, 3], "car_238": [8, 6], "car_408": [1, 6], "car_409": [5, 1], "car_916": [10, 5], "car_620": [8, 3], "car_621": [0, 2], "car_622": [11, 4], "car_623": [10, 3], "car_624": [10, 7], "car_625": [7, 5], "car_626": [0, 1], "car_627": [11, 5], "car_628": [0, 1], "car_629": [0, 4], "car_849": [2, 1], "car_347": [0, 5], "car_346": [12, 3], "car_630": [1, 7], "car_729": [6, 7], "car_402": [6, 1], "car_728": [2, 3], "car_403": [4, 3], "car_949": [15, 4], "car_948": [14, 6], "car_198": [8, 1], "car_199": [10, 3], "car_192": [8, 7], "car_193": [7, 2], "car_190": [0, 4], "car_191": [5, 2], "car_196": [15, 6], "car_197": [5, 6], "car_194": [9, 3], "car_195": [13, 6], "car_695": [2, 4], "car_694": [4, 3], "car_697": [15, 0], "car_696": [4, 1], "car_691": [3, 6], "car_690": [3, 2], "car_693": [8, 7], "car_692": [13, 2], "car_754": [1, 7], "car_755": [5, 6], "car_756": [9, 0], "car_757": [3, 4], "car_699": [2, 7], "car_279": [8, 1], "car_752": [11, 2], "car_753": [1, 4], "car_278": [2, 7], "car_723": [14, 6], "car_722": [15, 2], "car_36": [2, 4], "car_37": [7, 2], "car_34": [15, 4], "car_35": [12, 2], "car_32": [0, 7], "car_33": [10, 2], "car_30": [9, 4], "car_31": [3, 5], "car_884": [12, 5], "car_885": [4, 5], "car_499": [1, 5], "car_498": [9, 6], "car_880": [1, 5], "car_881": [14, 5], "car_38": [4, 2], "car_39": [12, 4], "car_286": [12, 1], "car_287": [5, 7], "car_284": [9, 5], "car_285": [7, 3], "car_282": [5, 4], "car_283": [10, 0], "car_280": [1, 6], "car_281": [13, 4], "car_288": [12, 6], "car_289": [5, 6], "car_178": [13, 4], "car_179": [13, 2], "car_43": [10, 6], "car_42": [12, 4], "car_41": [6, 7], "car_40": [4, 0], "car_47": [11, 7], "car_46": [5, 7], "car_45": [3, 7], "car_44": [13, 0], "car_49": [3, 4], "car_48": [10, 7], "car_821": [7, 1], "car_566": [6, 1], "car_831": [4, 3], "car_830": [12, 7], "car_833": [14, 2], "car_832": [5, 1], "car_835": [13, 0], "car_834": [13, 6], "car_837": [4, 5], "car_836": [14, 5], "car_839": [12, 1], "car_838": [3, 5], "car_372": [14, 1], "car_373": [9, 6], "car_370": [4, 7], "car_371": [11, 1], "car_376": [0, 1], "car_377": [6, 1], "car_374": [0, 1], "car_375": [3, 2], "car_400": [0, 2], "car_401": [2, 4], "car_378": [8, 5], "car_379": [14, 4], "car_404": [15, 6], "car_405": [13, 4], "car_406": [15, 6], "car_407": [6, 7], "car_174": [10, 3], "car_175": [9, 6], "car_176": [3, 6], "car_177": [10, 6], "car_170": [1, 3], "car_171": [5, 0], "car_172": [14, 7], "car_173": [2, 7], "car_273": [6, 4], "car_272": [2, 7], "car_271": [10, 1], "car_270": [11, 5], "car_277": [4, 2], "car_276": [10, 3], "car_275": [11, 3], "car_274": [13, 3], "car_112": [12, 2], "car_845": [5, 2], "car_298": [10, 1], "car_534": [14, 0], "car_535": [11, 4], "car_536": [14, 7], "car_537": [9, 7], "car_530": [3, 6], "car_531": [14, 0], "car_532": [2, 1], "car_358": [0, 3], "car_538": [8, 1], "car_539": [6, 3], "car_307": [9, 2], "car_306": [1, 2], "car_305": [11, 0], "car_304": [4, 2], "car_303": [9, 5], "car_302": [6, 3], "car_301": [2, 5], "car_300": [6, 4], "car_804": [0, 4], "car_898": [11, 0], "car_293": [10, 3], "car_309": [7, 6], "car_308": [7, 2], "car_292": [15, 3], "car_909": [5, 1], "car_359": [13, 7], "car_905": [14, 1], "car_904": [7, 6], "car_907": [8, 4], "car_906": [6, 2], "car_901": [12, 4], "car_900": [2, 4], "car_903": [7, 1], "car_902": [4, 3], "car_710": [14, 3], "car_711": [6, 3], "car_712": [10, 1], "car_713": [14, 6], "car_714": [0, 5], "car_715": [8, 7], "car_716": [14, 3], "car_717": [9, 6], "car_718": [8, 2], "car_719": [4, 2], "car_659": [4, 1], "car_658": [3, 7], "car_651": [13, 0], "car_650": [6, 1], "car_653": [14, 3], "car_652": [5, 6], "car_655": [12, 1], "car_654": [0, 6], "car_657": [2, 1], "car_656": [0, 1], "car_806": [3, 5], "car_78": [1, 3], "car_79": [9, 2], "car_72": [11, 4], "car_73": [13, 4], "car_70": [10, 5], "car_71": [13, 2], "car_76": [11, 6], "car_77": [15, 4], "car_74": [7, 1], "car_75": [14, 4], "car_807": [6, 1], "car_957": [14, 5], "car_87": [4, 2], "car_86": [3, 5], "car_85": [14, 2], "car_84": [7, 4], "car_83": [6, 7], "car_82": [2, 3], "car_81": [7, 1], "car_80": [3, 1], "car_533": [7, 4], "car_89": [15, 5], "car_88": [13, 1], "car_800": [4, 2], "car_875": [2, 4], "car_874": [1, 2], "car_877": [15, 0], "car_689": [2, 3], "car_871": [2, 6], "car_870": [14, 3], "car_873": [6, 3], "car_872": [6, 2], "car_879": [12, 2], "car_878": [10, 6], "car_801": [11, 0], "car_953": [6, 5], "car_951": [3, 5], "car_784": [3, 4], "car_962": [13, 7], "car_138": [10, 3], "car_139": [14, 1], "car_788": [11, 5], "car_130": [3, 4], "car_131": [1, 0], "car_132": [7, 2], "car_133": [6, 7], "car_134": [5, 7], "car_135": [7, 0], "car_136": [7, 4], "car_137": [4, 5], "car_569": [13, 0], "car_568": [0, 2], "car_782": [3, 1], "car_471": [9, 3], "car_470": [8, 4], "car_473": [14, 0], "car_472": [3, 1], "car_475": [0, 4], "car_474": [3, 4], "car_477": [0, 6], "car_476": [15, 0], "car_479": [10, 2], "car_478": [5, 2], "car_572": [12, 7], "car_573": [11, 5], "car_574": [15, 2], "car_575": [13, 6], "car_576": [7, 6], "car_577": [0, 5], "car_224": [11, 6], "car_225": [6, 2], "car_226": [5, 1], "car_227": [9, 0], "car_220": [0, 7], "car_221": [5, 1], "car_222": [0, 1], "car_223": [5, 2], "car_343": [7, 4], "car_342": [10, 6], "car_341": [1, 6], "car_340": [10, 2], "car_228": [15, 5], "car_229": [1, 3], "car_345": [15, 5], "car_344": [14, 5], "car_802": [14, 6], "car_567": [15, 1], "car_803": [10, 4], "car_739": [10, 7], "car_449": [14, 6], "car_619": [7, 5], "car_618": [3, 5], "car_615": [12, 6], "car_614": [10, 2], "car_617": [1, 6], "car_616": [4, 1], "car_611": [7, 0], "car_610": [0, 6], "car_613": [11, 6], "car_612": [3, 0], "car_591": [6, 0], "car_956": [12, 0], "car_769": [9, 3], "car_954": [12, 1], "car_955": [10, 5], "car_952": [5, 4], "car_231": [15, 2], "car_950": [1, 5], "car_683": [2, 3], "car_230": [9, 2], "car_419": [8, 7], "car_958": [15, 2], "car_959": [7, 2], "car_418": [11, 7], "car_682": [8, 7], "car_589": [15, 4], "car_680": [8, 5], "car_681": [13, 2], "car_686": [0, 2], "car_687": [11, 6], "car_684": [1, 4], "car_588": [14, 3], "car_761": [2, 6], "car_760": [0, 6], "car_688": [15, 2], "car_685": [2, 5], "car_765": [14, 2], "car_764": [0, 1], "car_767": [8, 0], "car_766": [9, 2], "car_858": [10, 1], "car_239": [14, 3], "car_331": [14, 6], "car_763": [7, 0], "car_25": [7, 2], "car_24": [0, 7], "car_27": [13, 1], "car_26": [8, 2], "car_21": [14, 4], "car_20": [6, 4], "car_23": [6, 1], "car_22": [1, 2], "car_488": [12, 5], "car_417": [15, 6], "car_29": [14, 6], "car_28": [4, 2], "car_416": [0, 4], "car_853": [6, 5], "car_852": [11, 3], "car_583": [10, 5], "car_582": [15, 2], "car_857": [2, 1], "car_856": [11, 7], "car_855": [9, 3], "car_854": [9, 2], "car_733": [8, 5], "car_208": [7, 3], "car_209": [0, 1], "car_435": [5, 1], "car_434": [4, 1], "car_437": [4, 1], "car_436": [8, 4], "car_431": [5, 7], "car_430": [6, 2], "car_433": [10, 6], "car_432": [6, 0], "car_826": [7, 6], "car_398": [13, 1], "car_824": [15, 2], "car_825": [5, 4], "car_439": [7, 3], "car_438": [11, 1], "car_820": [9, 1], "car_399": [8, 6], "car_389": [2, 0], "car_388": [14, 2], "car_387": [15, 6], "car_386": [7, 1], "car_385": [2, 4], "car_384": [12, 7], "car_383": [8, 1], "car_382": [3, 2], "car_381": [7, 4], "car_380": [13, 2], "car_141": [4, 2], "car_269": [12, 3], "car_143": [3, 2], "car_142": [9, 2], "car_145": [5, 1], "car_200": [6, 1], "car_147": [1, 6], "car_146": [12, 6], "car_149": [4, 3], "car_148": [0, 6], "car_262": [4, 1], "car_201": [3, 2], "car_264": [9, 3], "car_265": [8, 1], "car_266": [10, 1], "car_267": [5, 1], "car_480": [11, 2], "car_481": [11, 6], "car_390": [13, 6], "car_482": [9, 4], "car_391": [13, 5], "car_483": [7, 5], "car_484": [9, 2], "car_485": [15, 6], "car_501": [3, 5], "car_500": [13, 5], "car_503": [4, 2], "car_502": [12, 3], "car_505": [0, 5], "car_486": [0, 2], "car_507": [7, 0], "car_506": [7, 4], "car_509": [11, 6], "car_508": [7, 4], "car_487": [3, 2], "car_851": [12, 2], "car_314": [3, 7], "car_315": [6, 3], "car_316": [15, 5], "car_317": [14, 0], "car_310": [2, 7], "car_311": [9, 5], "car_312": [10, 6], "car_313": [13, 6], "car_318": [6, 5], "car_319": [4, 3], "car_918": [9, 0], "car_919": [11, 6], "car_912": [10, 6], "car_913": [7, 6], "car_910": [6, 5], "car_911": [13, 2], "car_876": [13, 0], "car_917": [2, 7], "car_914": [8, 3], "car_915": [11, 5], "car_646": [10, 4], "car_647": [6, 4], "car_644": [13, 5], "car_645": [5, 6], "car_642": [6, 7], "car_643": [4, 6], "car_640": [7, 4], "car_641": [11, 3], "car_725": [13, 4], "car_724": [11, 4], "car_727": [4, 6], "car_726": [13, 0], "car_721": [7, 3], "car_720": [14, 2], "car_648": [9, 4], "car_649": [14, 4], "car_941": [12, 3], "car_69": [5, 1], "car_68": [11, 4], "car_61": [0, 1], "car_60": [8, 4], "car_63": [1, 7], "car_62": [15, 3], "car_65": [0, 7], "car_64": [3, 6], "car_67": [0, 1], "car_66": [5, 7], "car_940": [11, 7], "car_504": [12, 5], "car_969": [12, 7], "car_968": [1, 7], "car_967": [0, 7], "car_966": [14, 1], "car_965": [15, 2], "car_964": [12, 7], "car_963": [8, 4], "car_738": [8, 0], "car_961": [7, 1], "car_960": [8, 5], "car_751": [4, 5], "car_348": [11, 7], "car_859": [4, 5], "car_862": [13, 1], "car_863": [5, 0], "car_860": [7, 1], "car_861": [0, 7], "car_866": [12, 4], "car_867": [8, 4], "car_864": [14, 1], "car_865": [2, 6], "car_868": [1, 7], "car_869": [3, 6], "car_105": [12, 1], "car_104": [3, 2], "car_107": [13, 0], "car_106": [2, 5], "car_101": [15, 2], "car_100": [12, 2], "car_103": [14, 4], "car_102": [5, 6], "car_109": [3, 4], "car_108": [6, 2], "car_945": [4, 0], "car_762": [9, 2]}