{"car_3253": [9, 5], "car_3750": [14, 3], "car_2009": [9, 1], "car_3196": [15, 3], "car_3197": [5, 6], "car_3194": [0, 7], "car_3195": [4, 5], "car_3192": [8, 2], "car_3193": [12, 3], "car_3190": [6, 3], "car_3191": [3, 5], "car_3668": [4, 2], "car_3669": [11, 4], "car_3198": [10, 3], "car_3199": [14, 5], "car_2229": [3, 0], "car_2228": [6, 5], "car_468": [14, 3], "car_469": [2, 3], "car_466": [5, 1], "car_467": [10, 1], "car_464": [11, 2], "car_465": [1, 0], "car_462": [8, 3], "car_463": [12, 4], "car_460": [14, 1], "car_461": [9, 1], "car_4456": [6, 1], "car_4012": [8, 7], "car_4658": [6, 5], "car_2455": [0, 7], "car_4457": [13, 7], "car_3068": [3, 0], "car_3069": [11, 0], "car_2751": [13, 2], "car_3768": [12, 0], "car_3062": [12, 1], "car_3063": [11, 6], "car_3060": [2, 5], "car_3061": [7, 1], "car_3066": [6, 7], "car_3067": [13, 3], "car_3064": [15, 4], "car_3065": [14, 3], "car_3268": [10, 3], "car_817": [6, 1], "car_816": [10, 6], "car_3260": [15, 6], "car_3261": [14, 3], "car_3262": [2, 5], "car_3263": [6, 3], "car_3264": [7, 4], "car_815": [5, 3], "car_3266": [4, 1], "car_3267": [11, 4], "car_2750": [10, 6], "car_814": [1, 6], "car_813": [15, 0], "car_812": [0, 1], "car_2072": [13, 5], "car_811": [13, 7], "car_2073": [7, 3], "car_4455": [5, 3], "car_810": [9, 7], "car_3743": [6, 3], "car_3214": [6, 0], "car_3741": [14, 7], "car_3740": [15, 2], "car_679": [15, 5], "car_678": [0, 6], "car_677": [12, 4], "car_676": [13, 4], "car_675": [9, 7], "car_674": [14, 0], "car_673": [10, 1], "car_672": [5, 7], "car_671": [1, 6], "car_670": [15, 7], "car_2771": [3, 7], "car_4654": [1, 0], "car_3213": [2, 4], "car_2770": [13, 1], "car_3212": [14, 3], "car_2078": [5, 6], "car_2079": [10, 4], "car_3464": [2, 3], "car_4013": [0, 6], "car_4026": [10, 6], "car_4655": [5, 2], "car_4706": [4, 0], "car_4842": [15, 5], "car_2456": [15, 3], "car_2341": [13, 7], "car_2670": [13, 0], "car_3465": [9, 5], "car_3818": [11, 5], "car_2671": [3, 7], "car_4429": [0, 6], "car_2754": [8, 5], "car_2672": [7, 2], "car_4702": [6, 7], "car_4656": [10, 3], "car_2223": [8, 1], "car_789": [2, 0], "car_788": [14, 6], "car_3338": [6, 7], "car_2222": [13, 5], "car_783": [7, 0], "car_782": [3, 7], "car_781": [13, 1], "car_780": [2, 6], "car_787": [1, 4], "car_786": [11, 5], "car_785": [4, 0], "car_784": [8, 0], "car_3462": [1, 5], "car_2220": [6, 1], "car_4817": [2, 6], "car_0": [0, 3], "car_2227": [14, 5], "car_1179": [3, 2], "car_2375": [6, 4], "car_2226": [5, 7], "car_4430": [11, 2], "car_4793": [3, 1], "car_3339": [7, 5], "car_2225": [1, 5], "car_4431": [5, 3], "car_2224": [4, 6], "car_4432": [14, 4], "car_3463": [10, 6], "car_255": [6, 7], "car_254": [14, 0], "car_257": [7, 4], "car_256": [3, 7], "car_251": [3, 7], "car_250": [9, 6], "car_253": [5, 1], "car_252": [11, 3], "car_1961": [3, 7], "car_1960": [9, 3], "car_1963": [0, 6], "car_1962": [8, 5], "car_259": [0, 5], "car_258": [8, 3], "car_1967": [5, 4], "car_1966": [15, 5], "car_4135": [12, 4], "car_4085": [2, 6], "car_4137": [4, 7], "car_4136": [0, 1], "car_4131": [1, 7], "car_1170": [14, 2], "car_4133": [13, 3], "car_4132": [6, 3], "car_1171": [6, 7], "car_4139": [1, 2], "car_4138": [15, 6], "car_1565": [6, 7], "car_1564": [2, 6], "car_1567": [7, 3], "car_1566": [3, 6], "car_1561": [0, 5], "car_1560": [8, 4], "car_1563": [1, 5], "car_1562": [15, 4], "car_4243": [12, 3], "car_4242": [3, 1], "car_4241": [9, 1], "car_4240": [6, 4], "car_1569": [12, 6], "car_1568": [8, 2], "car_1413": [1, 5], "car_4080": [11, 0], "car_1363": [11, 1], "car_1362": [0, 1], "car_1361": [12, 5], "car_1360": [13, 5], "car_1367": [13, 2], "car_1366": [6, 0], "car_1365": [14, 0], "car_1364": [15, 6], "car_1369": [7, 2], "car_1368": [3, 2], "car_4399": [10, 4], "car_4398": [0, 6], "car_2758": [1, 4], "car_2376": [3, 6], "car_4391": [5, 0], "car_4390": [4, 3], "car_4393": [6, 2], "car_4392": [10, 1], "car_4395": [13, 3], "car_4394": [9, 5], "car_4397": [8, 4], "car_4396": [7, 3], "car_321": [0, 5], "car_320": [12, 3], "car_323": [15, 4], "car_322": [11, 5], "car_325": [5, 2], "car_324": [1, 3], "car_327": [6, 1], "car_326": [10, 0], "car_329": [3, 1], "car_328": [13, 2], "car_4623": [12, 1], "car_4622": [8, 2], "car_4625": [15, 5], "car_4624": [11, 7], "car_4627": [2, 1], "car_4626": [10, 5], "car_2722": [6, 5], "car_2723": [9, 2], "car_2720": [10, 3], "car_2721": [2, 6], "car_2726": [4, 3], "car_2727": [15, 1], "car_2724": [7, 6], "car_2725": [8, 7], "car_2728": [14, 1], "car_2729": [6, 7], "car_1107": [15, 2], "car_1106": [11, 4], "car_1105": [4, 2], "car_1104": [13, 0], "car_1103": [9, 4], "car_1102": [6, 5], "car_1101": [2, 7], "car_1100": [10, 1], "car_4409": [13, 6], "car_4408": [6, 3], "car_1109": [5, 0], "car_1108": [1, 4], "car_1297": [11, 3], "car_1296": [12, 1], "car_1295": [8, 0], "car_1294": [7, 6], "car_1293": [9, 0], "car_1292": [5, 4], "car_1291": [4, 3], "car_1290": [0, 4], "car_1299": [10, 1], "car_1298": [1, 6], "car_2928": [10, 2], "car_2929": [13, 2], "car_2924": [13, 3], "car_2925": [3, 6], "car_2926": [7, 5], "car_2927": [1, 5], "car_2920": [15, 1], "car_2921": [5, 2], "car_2922": [10, 6], "car_2923": [2, 3], "car_2586": [4, 7], "car_2587": [11, 2], "car_2584": [9, 6], "car_2585": [3, 2], "car_2582": [14, 0], "car_2583": [6, 5], "car_2580": [1, 2], "car_2581": [5, 6], "car_3527": [5, 3], "car_3526": [0, 2], "car_3525": [12, 2], "car_3524": [8, 4], "car_2858": [12, 4], "car_2859": [11, 4], "car_2588": [1, 0], "car_2589": [14, 6], "car_2036": [5, 3], "car_2037": [14, 3], "car_1039": [4, 3], "car_1038": [0, 5], "car_1749": [8, 1], "car_1748": [7, 5], "car_2030": [13, 0], "car_2031": [3, 4], "car_1033": [5, 0], "car_1032": [1, 2], "car_1031": [11, 3], "car_1030": [4, 3], "car_1037": [8, 2], "car_1036": [13, 4], "car_1035": [9, 5], "car_1034": [14, 2], "car_4557": [15, 2], "car_1589": [13, 6], "car_1588": [9, 6], "car_1583": [15, 7], "car_1582": [4, 2], "car_1581": [0, 2], "car_1580": [12, 3], "car_1587": [6, 4], "car_1586": [14, 6], "car_1585": [10, 3], "car_1584": [1, 7], "car_1852": [5, 0], "car_1906": [5, 3], "car_4556": [0, 5], "car_3295": [4, 5], "car_3294": [14, 5], "car_3297": [1, 7], "car_3296": [11, 4], "car_3291": [11, 2], "car_3290": [4, 6], "car_899": [11, 6], "car_898": [4, 2], "car_897": [8, 1], "car_896": [7, 1], "car_895": [2, 3], "car_894": [14, 7], "car_893": [10, 4], "car_892": [4, 6], "car_891": [12, 6], "car_890": [8, 6], "car_2458": [2, 0], "car_2459": [6, 3], "car_2108": [0, 7], "car_2109": [4, 2], "car_3457": [6, 0], "car_3456": [14, 3], "car_3455": [10, 4], "car_3454": [1, 2], "car_2102": [1, 5], "car_2103": [14, 5], "car_2100": [4, 6], "car_2101": [15, 4], "car_2106": [13, 6], "car_2107": [3, 0], "car_2104": [6, 2], "car_2105": [9, 5], "car_1631": [5, 6], "car_1630": [1, 2], "car_1633": [2, 5], "car_1632": [14, 1], "car_1635": [5, 0], "car_1634": [13, 5], "car_1637": [13, 4], "car_1636": [10, 1], "car_1639": [12, 5], "car_1638": [7, 1], "car_3418": [8, 3], "car_1751": [5, 6], "car_2803": [12, 2], "car_3859": [11, 0], "car_2802": [3, 2], "car_3857": [12, 1], "car_3856": [8, 5], "car_3855": [3, 5], "car_3854": [9, 3], "car_3853": [6, 3], "car_2801": [9, 1], "car_3851": [10, 3], "car_3850": [5, 3], "car_3189": [2, 0], "car_3188": [5, 2], "car_2800": [6, 7], "car_3269": [6, 2], "car_3181": [9, 3], "car_2807": [14, 0], "car_1756": [3, 0], "car_3182": [13, 2], "car_3185": [4, 0], "car_3184": [12, 0], "car_3187": [15, 5], "car_2806": [5, 6], "car_3677": [0, 4], "car_3676": [7, 0], "car_3675": [13, 3], "car_3674": [9, 0], "car_3673": [2, 3], "car_2805": [11, 1], "car_3306": [4, 0], "car_2816": [5, 3], "car_2804": [4, 6], "car_3380": [11, 0], "car_4018": [10, 6], "car_3679": [10, 1], "car_3104": [14, 4], "car_2414": [12, 6], "car_419": [7, 4], "car_418": [3, 1], "car_2218": [10, 6], "car_2219": [2, 1], "car_413": [5, 0], "car_412": [1, 6], "car_411": [15, 0], "car_410": [4, 7], "car_417": [13, 1], "car_416": [9, 2], "car_415": [2, 6], "car_414": [14, 7], "car_2417": [11, 5], "car_4552": [13, 0], "car_1679": [10, 2], "car_3546": [0, 3], "car_4086": [6, 7], "car_1678": [1, 0], "car_4261": [13, 7], "car_2412": [7, 0], "car_4104": [9, 0], "car_4260": [9, 5], "car_2947": [7, 1], "car_2413": [8, 5], "car_3265": [12, 4], "car_4519": [13, 4], "car_3079": [9, 3], "car_3078": [6, 4], "car_3729": [3, 5], "car_3075": [0, 3], "car_3074": [12, 7], "car_3077": [2, 5], "car_3076": [1, 5], "car_3071": [10, 3], "car_3070": [1, 2], "car_3073": [13, 4], "car_3072": [2, 4], "car_527": [11, 2], "car_526": [8, 5], "car_525": [7, 6], "car_524": [3, 0], "car_523": [9, 4], "car_522": [10, 7], "car_521": [5, 4], "car_520": [1, 3], "car_3273": [0, 7], "car_1671": [5, 1], "car_3271": [13, 3], "car_1889": [4, 7], "car_3277": [13, 4], "car_3276": [2, 6], "car_529": [5, 3], "car_528": [1, 6], "car_4269": [5, 4], "car_4550": [14, 2], "car_4268": [1, 4], "car_4851": [3, 1], "car_4103": [6, 1], "car_1884": [2, 7], "car_1885": [6, 1], "car_4836": [15, 6], "car_2368": [8, 0], "car_2786": [14, 0], "car_4573": [12, 6], "car_2787": [9, 6], "car_668": [8, 2], "car_669": [12, 3], "car_664": [14, 7], "car_665": [13, 3], "car_666": [3, 6], "car_667": [7, 0], "car_660": [13, 3], "car_661": [7, 4], "car_662": [8, 4], "car_663": [15, 6], "car_4732": [5, 4], "car_4200": [13, 4], "car_2759": [5, 7], "car_1854": [3, 0], "car_2788": [13, 7], "car_3308": [10, 0], "car_2789": [12, 5], "car_3824": [7, 2], "car_4707": [11, 6], "car_4034": [10, 6], "car_2940": [12, 2], "car_3952": [4, 5], "car_3953": [1, 2], "car_798": [7, 5], "car_799": [8, 7], "car_4466": [13, 3], "car_790": [6, 2], "car_791": [13, 7], "car_792": [11, 4], "car_793": [15, 6], "car_794": [1, 3], "car_795": [14, 7], "car_796": [9, 0], "car_797": [13, 6], "car_4098": [14, 0], "car_4099": [2, 6], "car_4092": [1, 3], "car_4093": [5, 1], "car_4090": [11, 2], "car_4091": [15, 5], "car_4096": [8, 7], "car_4097": [10, 3], "car_4094": [9, 3], "car_4095": [7, 4], "car_4620": [9, 4], "car_3822": [10, 7], "car_3958": [13, 1], "car_242": [7, 6], "car_243": [4, 1], "car_240": [6, 0], "car_241": [3, 0], "car_246": [5, 4], "car_247": [10, 0], "car_244": [15, 6], "car_245": [1, 4], "car_1914": [1, 4], "car_1915": [10, 5], "car_248": [14, 0], "car_249": [2, 3], "car_1910": [8, 7], "car_1911": [0, 3], "car_1912": [4, 7], "car_1913": [11, 2], "car_4464": [2, 7], "car_3823": [6, 7], "car_4559": [9, 6], "car_4178": [14, 5], "car_4278": [11, 2], "car_4279": [15, 1], "car_4276": [0, 3], "car_4277": [4, 6], "car_4274": [8, 0], "car_4275": [12, 7], "car_4272": [9, 2], "car_3738": [8, 6], "car_4270": [14, 3], "car_4271": [6, 0], "car_1356": [11, 4], "car_1357": [5, 1], "car_1354": [12, 2], "car_1355": [0, 2], "car_1352": [3, 2], "car_1353": [8, 6], "car_1350": [15, 2], "car_1351": [1, 0], "car_1358": [6, 1], "car_1359": [9, 3], "car_4558": [10, 1], "car_4462": [1, 3], "car_1831": [8, 4], "car_1820": [10, 6], "car_1821": [14, 7], "car_1822": [2, 4], "car_1823": [13, 6], "car_1824": [3, 0], "car_1825": [12, 7], "car_338": [15, 1], "car_339": [5, 1], "car_336": [3, 7], "car_337": [7, 6], "car_334": [15, 0], "car_335": [2, 7], "car_332": [4, 0], "car_333": [11, 7], "car_330": [8, 2], "car_331": [0, 2], "car_2735": [1, 7], "car_2734": [15, 0], "car_1138": [9, 2], "car_1139": [7, 2], "car_2731": [7, 1], "car_2730": [13, 6], "car_2733": [11, 1], "car_2732": [12, 3], "car_1132": [12, 1], "car_1133": [0, 7], "car_1130": [9, 6], "car_1131": [3, 0], "car_1136": [10, 3], "car_1137": [6, 4], "car_1134": [1, 6], "car_1135": [5, 7], "car_4474": [2, 0], "car_4475": [6, 0], "car_4476": [13, 5], "car_4032": [11, 0], "car_4470": [11, 2], "car_3734": [11, 3], "car_4472": [1, 3], "car_4473": [10, 0], "car_3735": [10, 4], "car_4478": [7, 2], "car_1839": [13, 0], "car_2393": [4, 7], "car_1838": [2, 0], "car_2392": [12, 0], "car_4460": [11, 3], "car_4643": [15, 2], "car_3301": [6, 0], "car_4642": [11, 0], "car_3300": [2, 3], "car_4641": [0, 7], "car_2939": [8, 0], "car_2938": [13, 0], "car_2937": [9, 0], "car_2936": [14, 2], "car_2935": [10, 5], "car_2934": [5, 4], "car_2933": [15, 3], "car_2932": [0, 4], "car_2931": [12, 6], "car_2930": [8, 1], "car_2029": [9, 7], "car_2028": [2, 3], "car_2845": [2, 3], "car_2844": [10, 2], "car_2843": [5, 1], "car_2842": [11, 5], "car_2841": [4, 5], "car_2840": [8, 1], "car_2021": [2, 1], "car_2020": [14, 3], "car_2023": [13, 2], "car_2022": [9, 3], "car_2025": [12, 6], "car_2024": [8, 6], "car_2027": [1, 2], "car_2026": [0, 1], "car_2948": [12, 3], "car_2520": [8, 1], "car_4583": [1, 4], "car_1008": [6, 2], "car_1009": [9, 4], "car_1006": [14, 2], "car_1007": [2, 6], "car_1004": [1, 4], "car_1005": [5, 4], "car_1002": [0, 6], "car_1003": [4, 2], "car_1000": [3, 2], "car_1001": [7, 1], "car_3459": [3, 4], "car_2398": [8, 5], "car_2629": [12, 1], "car_2524": [8, 1], "car_2628": [8, 0], "car_3310": [6, 2], "car_2525": [0, 4], "car_2995": [5, 1], "car_2674": [0, 4], "car_1924": [8, 1], "car_2994": [1, 3], "car_2527": [11, 3], "car_2997": [2, 5], "car_36": [6, 3], "car_37": [9, 6], "car_34": [5, 3], "car_35": [10, 2], "car_888": [5, 3], "car_889": [10, 1], "car_30": [13, 4], "car_31": [3, 6], "car_884": [9, 0], "car_885": [3, 6], "car_886": [7, 1], "car_887": [12, 3], "car_880": [5, 4], "car_881": [10, 0], "car_882": [14, 4], "car_883": [6, 7], "car_3466": [13, 3], "car_3467": [3, 7], "car_2449": [5, 6], "car_2448": [1, 0], "car_2119": [13, 0], "car_2118": [9, 6], "car_3460": [7, 0], "car_3461": [15, 6], "car_2115": [8, 5], "car_2114": [3, 0], "car_2117": [5, 2], "car_2116": [15, 5], "car_2111": [2, 5], "car_2110": [10, 6], "car_2113": [13, 0], "car_2112": [9, 3], "car_1644": [10, 1], "car_1645": [14, 5], "car_1646": [2, 6], "car_1647": [7, 4], "car_1640": [4, 1], "car_1641": [15, 6], "car_1642": [1, 2], "car_1643": [5, 6], "car_3312": [3, 1], "car_1648": [0, 6], "car_1649": [4, 1], "car_3915": [2, 7], "car_2599": [8, 1], "car_2159": [0, 5], "car_3860": [1, 3], "car_3861": [5, 4], "car_3866": [12, 1], "car_3867": [4, 3], "car_3864": [3, 0], "car_2158": [8, 7], "car_2591": [9, 0], "car_2590": [2, 1], "car_2593": [4, 3], "car_2592": [3, 7], "car_2595": [5, 7], "car_2594": [11, 2], "car_2597": [13, 1], "car_2596": [2, 5], "car_3648": [8, 6], "car_3649": [4, 7], "car_4748": [1, 0], "car_3560": [7, 4], "car_3313": [7, 6], "car_3643": [1, 3], "car_3640": [4, 3], "car_3641": [11, 1], "car_3646": [9, 2], "car_3647": [7, 0], "car_2677": [1, 2], "car_2608": [4, 7], "car_3888": [5, 3], "car_3703": [14, 4], "car_3880": [5, 2], "car_3881": [10, 5], "car_3882": [2, 6], "car_3883": [3, 6], "car_3884": [7, 0], "car_3885": [4, 7], "car_3886": [11, 6], "car_3887": [15, 0], "car_408": [7, 4], "car_409": [0, 2], "car_2203": [0, 1], "car_2202": [12, 3], "car_2205": [11, 2], "car_2204": [4, 6], "car_2207": [10, 5], "car_2206": [5, 3], "car_400": [14, 3], "car_401": [9, 1], "car_402": [3, 7], "car_403": [8, 4], "car_404": [11, 0], "car_405": [5, 4], "car_406": [2, 4], "car_407": [13, 0], "car_4469": [0, 4], "car_3787": [7, 1], "car_4048": [4, 2], "car_4528": [11, 2], "car_4733": [10, 1], "car_1769": [7, 4], "car_4384": [2, 3], "car_3080": [7, 1], "car_3081": [0, 1], "car_3082": [4, 0], "car_3083": [11, 0], "car_3084": [5, 2], "car_3085": [2, 0], "car_3086": [6, 1], "car_3087": [13, 7], "car_3088": [12, 4], "car_3089": [4, 6], "car_2973": [7, 6], "car_534": [12, 7], "car_535": [0, 3], "car_536": [4, 0], "car_537": [11, 0], "car_530": [14, 2], "car_531": [6, 3], "car_532": [13, 6], "car_533": [3, 1], "car_3246": [13, 2], "car_3247": [3, 1], "car_3244": [10, 1], "car_3245": [6, 3], "car_538": [9, 7], "car_539": [3, 5], "car_3240": [8, 4], "car_3241": [0, 1], "car_2972": [2, 3], "car_3317": [10, 1], "car_4452": [0, 5], "car_2310": [13, 0], "car_4810": [7, 6], "car_4729": [6, 1], "car_4779": [14, 2], "car_659": [6, 0], "car_658": [2, 1], "car_651": [8, 3], "car_650": [7, 1], "car_653": [4, 1], "car_652": [0, 3], "car_655": [15, 3], "car_654": [11, 3], "car_657": [10, 3], "car_656": [1, 6], "car_2970": [10, 7], "car_2907": [7, 6], "car_4246": [11, 3], "car_3813": [9, 7], "car_4596": [5, 0], "car_2977": [10, 6], "car_2909": [4, 1], "car_3812": [6, 3], "car_3946": [0, 6], "car_2976": [1, 5], "car_4105": [3, 1], "car_2434": [6, 5], "car_1929": [12, 7], "car_4518": [9, 7], "car_2195": [12, 7], "car_3971": [3, 1], "car_4089": [4, 1], "car_4088": [7, 1], "car_2194": [13, 2], "car_3811": [2, 6], "car_4084": [14, 4], "car_4087": [9, 7], "car_1764": [3, 4], "car_4081": [1, 7], "car_2197": [11, 2], "car_4083": [10, 7], "car_4082": [5, 4], "car_2196": [4, 1], "car_2191": [5, 4], "car_1928": [3, 0], "car_2190": [1, 3], "car_3922": [13, 7], "car_2193": [6, 7], "car_1909": [9, 4], "car_1908": [6, 7], "car_1907": [10, 4], "car_1763": [6, 2], "car_1905": [15, 0], "car_1904": [0, 7], "car_1903": [8, 5], "car_1902": [13, 3], "car_1901": [9, 1], "car_1900": [2, 6], "car_3805": [12, 6], "car_3918": [1, 5], "car_3865": [7, 1], "car_1349": [11, 6], "car_1348": [4, 0], "car_4263": [8, 7], "car_4262": [7, 1], "car_3817": [0, 6], "car_4264": [12, 2], "car_4267": [15, 2], "car_1762": [2, 1], "car_1341": [3, 6], "car_1340": [13, 4], "car_1343": [1, 5], "car_1342": [15, 1], "car_1345": [14, 3], "car_1344": [5, 3], "car_1347": [3, 7], "car_1346": [6, 2], "car_3234": [15, 3], "car_3919": [5, 2], "car_4663": [15, 0], "car_3219": [11, 6], "car_2753": [7, 3], "car_3816": [12, 3], "car_3231": [7, 3], "car_2752": [3, 5], "car_3230": [13, 3], "car_2698": [7, 6], "car_4546": [11, 0], "car_1833": [11, 5], "car_1832": [4, 5], "car_349": [5, 4], "car_348": [1, 6], "car_1837": [14, 5], "car_1836": [10, 2], "car_1835": [5, 1], "car_1834": [1, 4], "car_343": [9, 0], "car_342": [6, 2], "car_341": [14, 4], "car_340": [10, 2], "car_347": [0, 7], "car_346": [8, 2], "car_345": [7, 3], "car_344": [3, 7], "car_4140": [5, 7], "car_2325": [3, 6], "car_1129": [14, 2], "car_1128": [10, 7], "car_2979": [9, 0], "car_4141": [14, 0], "car_1125": [4, 1], "car_1124": [0, 1], "car_1127": [5, 3], "car_1126": [15, 4], "car_1121": [7, 3], "car_1120": [3, 2], "car_1123": [12, 4], "car_1122": [8, 6], "car_4467": [3, 7], "car_1402": [15, 5], "car_4465": [6, 2], "car_4143": [6, 7], "car_4463": [5, 0], "car_2320": [8, 3], "car_4461": [15, 5], "car_1403": [1, 6], "car_4144": [9, 2], "car_2321": [12, 1], "car_1400": [4, 7], "car_3814": [3, 4], "car_4145": [13, 2], "car_1401": [11, 4], "car_2978": [6, 7], "car_4146": [3, 4], "car_1406": [9, 6], "car_4147": [7, 3], "car_1407": [13, 0], "car_2902": [10, 4], "car_2903": [14, 3], "car_2900": [11, 5], "car_2901": [5, 1], "car_2906": [3, 5], "car_1404": [14, 6], "car_2904": [6, 4], "car_2905": [13, 3], "car_2908": [0, 2], "car_1405": [6, 5], "car_3505": [0, 1], "car_3504": [12, 6], "car_3507": [5, 0], "car_3506": [15, 1], "car_2058": [0, 2], "car_2059": [11, 5], "car_3503": [3, 1], "car_3502": [13, 6], "car_2054": [15, 5], "car_2055": [10, 5], "car_2056": [14, 6], "car_2057": [7, 2], "car_2050": [3, 5], "car_2051": [8, 1], "car_2052": [12, 2], "car_2053": [11, 5], "car_1011": [8, 5], "car_1010": [3, 7], "car_1013": [0, 4], "car_1012": [12, 1], "car_1015": [11, 5], "car_1014": [4, 0], "car_1017": [10, 7], "car_1016": [1, 5], "car_1019": [6, 5], "car_1018": [14, 6], "car_2690": [11, 4], "car_2691": [1, 4], "car_2696": [13, 0], "car_2697": [3, 1], "car_2694": [2, 7], "car_2695": [9, 4], "car_2790": [5, 2], "car_3863": [13, 2], "car_4373": [10, 0], "car_4841": [0, 1], "car_4482": [1, 7], "car_3819": [15, 0], "car_4594": [4, 0], "car_25": [4, 5], "car_24": [0, 2], "car_27": [15, 3], "car_26": [11, 7], "car_21": [9, 7], "car_20": [10, 0], "car_23": [12, 6], "car_22": [8, 2], "car_3471": [14, 0], "car_3470": [5, 0], "car_3473": [12, 6], "car_3472": [3, 7], "car_29": [9, 0], "car_28": [10, 5], "car_3477": [5, 1], "car_3476": [1, 0], "car_4648": [7, 4], "car_2478": [4, 2], "car_2479": [11, 3], "car_2476": [8, 3], "car_2477": [0, 3], "car_2474": [3, 5], "car_2475": [7, 2], "car_2472": [6, 7], "car_2473": [13, 1], "car_2470": [10, 3], "car_2471": [2, 1], "car_1657": [8, 0], "car_1656": [7, 5], "car_1655": [9, 7], "car_1654": [6, 7], "car_1653": [2, 4], "car_1652": [10, 7], "car_1651": [5, 6], "car_1650": [1, 6], "car_1659": [11, 1], "car_1658": [12, 3], "car_3875": [8, 1], "car_3874": [3, 1], "car_2878": [12, 2], "car_2879": [0, 4], "car_3871": [6, 5], "car_3870": [5, 3], "car_3645": [2, 0], "car_3872": [9, 6], "car_2872": [12, 4], "car_2873": [11, 1], "car_2870": [3, 0], "car_2871": [8, 1], "car_2876": [7, 3], "car_2877": [8, 0], "car_2874": [15, 4], "car_2875": [10, 0], "car_2688": [0, 6], "car_1969": [7, 3], "car_2315": [5, 4], "car_3658": [4, 1], "car_1843": [4, 2], "car_3655": [7, 2], "car_3654": [13, 2], "car_3657": [0, 2], "car_3656": [8, 0], "car_3651": [5, 7], "car_3650": [1, 4], "car_3211": [10, 2], "car_3652": [2, 0], "car_435": [0, 2], "car_434": [12, 7], "car_437": [11, 3], "car_436": [4, 3], "car_431": [2, 3], "car_430": [15, 4], "car_433": [8, 5], "car_432": [3, 7], "car_3893": [8, 3], "car_1846": [3, 2], "car_3891": [9, 7], "car_3890": [14, 3], "car_439": [13, 6], "car_438": [14, 5], "car_3895": [4, 3], "car_1847": [7, 4], "car_2274": [7, 4], "car_2275": [8, 5], "car_2276": [12, 4], "car_2277": [4, 3], "car_2270": [10, 0], "car_2271": [2, 7], "car_2272": [6, 3], "car_2273": [3, 7], "car_3778": [8, 0], "car_1845": [9, 6], "car_2278": [11, 7], "car_2279": [1, 4], "car_4487": [15, 3], "car_3573": [15, 5], "car_4726": [4, 1], "car_4813": [11, 3], "car_4533": [12, 7], "car_3927": [15, 4], "car_1848": [0, 6], "car_2289": [11, 3], "car_1968": [9, 5], "car_1849": [4, 2], "car_2288": [4, 2], "car_1965": [11, 2], "car_4479": [8, 4], "car_3370": [3, 4], "car_1964": [4, 2], "car_3093": [14, 3], "car_3092": [10, 5], "car_3091": [1, 0], "car_3090": [15, 4], "car_3097": [15, 5], "car_3096": [13, 1], "car_3095": [6, 4], "car_3094": [2, 1], "car_3420": [4, 5], "car_3376": [2, 3], "car_3099": [9, 2], "car_3098": [14, 0], "car_3311": [13, 3], "car_501": [7, 4], "car_500": [9, 3], "car_503": [11, 7], "car_502": [8, 1], "car_505": [1, 4], "car_504": [15, 4], "car_507": [14, 3], "car_506": [10, 4], "car_509": [6, 3], "car_508": [2, 0], "car_2302": [0, 2], "car_2303": [4, 7], "car_2304": [11, 3], "car_2305": [1, 0], "car_2306": [5, 7], "car_2307": [10, 5], "car_2281": [10, 4], "car_4535": [11, 5], "car_1745": [5, 2], "car_2280": [5, 4], "car_4176": [0, 1], "car_3378": [7, 0], "car_4130": [15, 7], "car_3379": [0, 1], "car_2960": [6, 2], "car_3475": [11, 6], "car_3474": [0, 4], "car_646": [5, 7], "car_647": [2, 7], "car_644": [9, 5], "car_645": [12, 7], "car_642": [15, 4], "car_643": [1, 6], "car_640": [12, 4], "car_641": [11, 7], "car_2314": [11, 2], "car_4036": [2, 0], "car_648": [9, 1], "car_649": [13, 4], "car_3570": [12, 4], "car_4037": [9, 0], "car_4727": [11, 0], "car_2961": [9, 3], "car_2576": [0, 6], "car_4030": [0, 1], "car_3577": [2, 5], "car_3572": [11, 3], "car_4031": [4, 7], "car_4537": [10, 7], "car_2526": [4, 5], "car_4370": [8, 5], "car_1830": [7, 4], "car_3574": [1, 5], "car_4033": [1, 2], "car_2673": [8, 0], "car_3575": [10, 3], "car_4364": [15, 4], "car_2962": [3, 0], "car_3576": [14, 7], "car_4497": [10, 4], "car_2570": [6, 2], "car_4249": [10, 1], "car_4536": [5, 2], "car_2681": [11, 0], "car_4248": [1, 7], "car_2999": [11, 3], "car_4360": [7, 2], "car_2420": [14, 4], "car_4371": [11, 7], "car_4361": [0, 4], "car_4699": [15, 3], "car_2963": [7, 6], "car_4490": [6, 3], "car_3899": [3, 5], "car_4491": [9, 7], "car_4539": [2, 3], "car_3929": [5, 7], "car_2680": [4, 2], "car_4715": [11, 7], "car_2854": [15, 1], "car_4714": [12, 3], "car_3800": [12, 7], "car_4387": [13, 5], "car_2964": [0, 5], "car_4071": [15, 0], "car_4072": [14, 4], "car_4073": [6, 0], "car_4074": [13, 0], "car_4075": [7, 0], "car_4076": [8, 2], "car_4077": [12, 5], "car_4078": [0, 6], "car_4079": [4, 3], "car_4538": [14, 5], "car_3928": [1, 3], "car_2683": [5, 2], "car_3913": [1, 5], "car_4245": [4, 6], "car_3801": [15, 7], "car_4244": [0, 7], "car_1932": [14, 7], "car_1933": [2, 0], "car_1930": [0, 2], "car_1931": [1, 7], "car_1936": [8, 0], "car_1937": [12, 6], "car_1934": [9, 7], "car_1935": [7, 1], "car_1938": [0, 2], "car_1939": [11, 5], "car_2682": [15, 4], "car_4453": [11, 2], "car_4401": [13, 0], "car_3802": [1, 4], "car_1717": [5, 2], "car_4385": [6, 0], "car_4214": [14, 6], "car_4215": [2, 1], "car_4216": [6, 1], "car_4217": [9, 6], "car_1338": [2, 3], "car_1339": [9, 6], "car_4212": [4, 1], "car_4213": [15, 4], "car_1334": [12, 3], "car_1335": [0, 5], "car_1336": [4, 1], "car_1337": [15, 6], "car_1330": [6, 5], "car_1331": [9, 2], "car_1332": [13, 7], "car_1333": [8, 2], "car_4184": [8, 1], "car_4185": [12, 2], "car_4186": [11, 3], "car_4187": [15, 3], "car_3803": [9, 6], "car_4181": [9, 3], "car_4182": [13, 2], "car_4183": [3, 5], "car_1711": [7, 2], "car_4188": [5, 7], "car_4189": [10, 4], "car_4728": [2, 4], "car_2998": [0, 3], "car_3877": [0, 3], "car_4403": [4, 7], "car_358": [9, 5], "car_359": [7, 4], "car_1804": [14, 2], "car_1805": [2, 5], "car_1802": [4, 2], "car_1803": [15, 2], "car_1800": [7, 4], "car_1801": [8, 3], "car_350": [2, 0], "car_351": [9, 0], "car_352": [13, 0], "car_353": [4, 1], "car_354": [15, 7], "car_355": [1, 4], "car_356": [10, 0], "car_357": [6, 3], "car_1482": [13, 7], "car_1483": [3, 1], "car_1480": [6, 4], "car_1481": [9, 0], "car_1486": [12, 6], "car_1487": [0, 6], "car_1484": [7, 5], "car_1485": [8, 0], "car_4320": [8, 2], "car_4321": [12, 1], "car_1488": [4, 3], "car_1489": [1, 2], "car_4324": [9, 6], "car_4325": [13, 6], "car_4326": [3, 1], "car_4327": [7, 0], "car_1240": [4, 0], "car_1241": [14, 1], "car_1242": [2, 3], "car_1243": [13, 7], "car_1244": [3, 5], "car_1245": [7, 4], "car_1246": [0, 3], "car_1247": [4, 6], "car_1248": [11, 4], "car_1249": [1, 6], "car_4692": [10, 4], "car_4693": [14, 2], "car_4694": [7, 4], "car_4695": [8, 3], "car_4621": [3, 4], "car_4697": [4, 3], "car_1747": [3, 2], "car_3977": [7, 5], "car_3642": [15, 5], "car_3879": [1, 5], "car_4681": [1, 4], "car_4339": [5, 0], "car_3806": [0, 3], "car_3878": [11, 2], "car_2374": [14, 2], "car_1879": [12, 2], "car_2917": [7, 1], "car_2916": [3, 7], "car_2911": [2, 7], "car_2910": [10, 1], "car_2913": [4, 5], "car_2912": [13, 5], "car_2919": [12, 1], "car_2918": [8, 3], "car_4447": [2, 3], "car_3804": [8, 5], "car_2049": [13, 6], "car_2048": [9, 0], "car_2047": [2, 5], "car_2046": [14, 1], "car_2045": [10, 5], "car_2044": [5, 6], "car_2043": [1, 7], "car_2042": [15, 7], "car_2041": [4, 7], "car_2040": [0, 7], "car_1064": [6, 1], "car_1065": [9, 4], "car_1066": [13, 6], "car_1067": [3, 4], "car_1060": [0, 4], "car_1061": [11, 6], "car_1062": [15, 1], "car_1063": [10, 3], "car_2685": [14, 3], "car_2684": [10, 2], "car_2687": [12, 5], "car_2686": [13, 5], "car_1068": [7, 3], "car_1069": [12, 2], "car_1798": [13, 1], "car_1799": [3, 5], "car_4629": [9, 5], "car_3701": [5, 4], "car_4059": [13, 4], "car_4628": [6, 0], "car_3808": [15, 5], "car_4781": [13, 3], "car_4787": [11, 7], "car_10": [9, 1], "car_11": [13, 4], "car_12": [3, 0], "car_13": [7, 3], "car_14": [8, 6], "car_15": [0, 3], "car_16": [4, 5], "car_17": [11, 1], "car_18": [15, 6], "car_19": [5, 6], "car_3406": [3, 1], "car_3407": [7, 5], "car_3400": [4, 3], "car_3401": [15, 1], "car_3402": [5, 7], "car_3403": [10, 1], "car_2461": [13, 7], "car_2460": [9, 5], "car_1668": [0, 3], "car_1669": [4, 0], "car_2465": [0, 1], "car_2464": [12, 5], "car_2467": [11, 4], "car_2466": [4, 0], "car_1662": [14, 7], "car_1663": [6, 2], "car_1660": [15, 6], "car_1661": [1, 0], "car_1666": [8, 2], "car_1667": [12, 6], "car_1664": [3, 0], "car_1665": [7, 5], "car_1468": [15, 1], "car_1469": [10, 2], "car_4789": [10, 6], "car_1460": [1, 6], "car_1461": [5, 3], "car_1462": [10, 5], "car_1463": [6, 3], "car_1464": [9, 3], "car_1465": [3, 6], "car_1466": [8, 2], "car_1467": [12, 2], "car_3930": [14, 6], "car_2699": [8, 6], "car_3717": [12, 5], "car_2869": [13, 0], "car_2868": [6, 0], "car_2865": [11, 1], "car_2864": [13, 0], "car_2867": [10, 6], "car_2866": [5, 0], "car_2861": [1, 2], "car_2860": [15, 4], "car_2863": [9, 0], "car_2862": [14, 1], "car_3712": [10, 2], "car_2648": [6, 5], "car_3713": [2, 7], "car_3931": [9, 3], "car_422": [10, 1], "car_423": [14, 4], "car_420": [8, 4], "car_421": [0, 2], "car_426": [3, 2], "car_427": [8, 7], "car_424": [6, 2], "car_425": [9, 0], "car_3318": [9, 0], "car_3319": [4, 0], "car_428": [12, 7], "car_429": [4, 1], "car_2377": [7, 3], "car_2267": [13, 1], "car_2266": [9, 1], "car_2265": [6, 3], "car_2264": [10, 4], "car_2263": [1, 7], "car_2262": [15, 0], "car_2261": [11, 6], "car_2260": [4, 1], "car_2371": [15, 7], "car_3932": [13, 6], "car_2269": [0, 1], "car_2268": [3, 5], "car_4562": [7, 4], "car_3798": [7, 6], "car_2373": [10, 3], "car_4563": [8, 1], "car_3794": [14, 1], "car_3795": [2, 0], "car_3796": [6, 1], "car_2372": [5, 2], "car_2008": [1, 4], "car_3791": [1, 6], "car_3792": [5, 1], "car_3793": [10, 6], "car_4561": [3, 0], "car_4566": [14, 4], "car_2370": [0, 4], "car_3486": [1, 2], "car_4567": [2, 3], "car_3487": [2, 5], "car_4564": [4, 1], "car_4796": [0, 6], "car_4565": [1, 5], "car_3224": [12, 1], "car_3225": [0, 5], "car_2319": [3, 2], "car_2318": [13, 4], "car_3220": [15, 0], "car_3221": [10, 2], "car_518": [12, 6], "car_519": [11, 0], "car_516": [13, 4], "car_517": [7, 6], "car_514": [5, 2], "car_515": [14, 1], "car_512": [12, 5], "car_513": [1, 5], "car_510": [9, 3], "car_511": [13, 1], "car_4402": [0, 1], "car_4405": [1, 5], "car_4209": [1, 4], "car_1870": [0, 1], "car_3589": [0, 5], "car_4407": [14, 7], "car_3935": [4, 3], "car_2692": [12, 3], "car_3488": [9, 0], "car_2444": [12, 5], "car_4406": [5, 6], "car_3469": [0, 2], "car_3489": [15, 7], "car_633": [3, 0], "car_632": [6, 3], "car_631": [10, 6], "car_630": [5, 3], "car_637": [13, 3], "car_636": [9, 0], "car_635": [2, 1], "car_634": [7, 4], "car_2675": [11, 6], "car_639": [8, 7], "car_638": [3, 4], "car_4531": [5, 3], "car_4762": [10, 2], "car_3588": [12, 6], "car_3138": [5, 4], "car_3139": [10, 7], "car_3936": [11, 2], "car_2693": [1, 6], "car_3130": [15, 3], "car_3131": [5, 7], "car_3132": [10, 3], "car_3133": [9, 1], "car_3134": [8, 7], "car_3135": [0, 6], "car_3136": [15, 5], "car_3137": [1, 3], "car_4828": [14, 5], "car_4767": [11, 4], "car_4570": [15, 6], "car_189": [13, 6], "car_188": [9, 0], "car_185": [15, 5], "car_184": [11, 1], "car_187": [2, 6], "car_186": [10, 2], "car_181": [8, 4], "car_180": [7, 1], "car_183": [0, 4], "car_182": [12, 7], "car_3938": [5, 0], "car_749": [5, 3], "car_748": [1, 4], "car_747": [11, 6], "car_746": [4, 5], "car_745": [0, 7], "car_744": [12, 7], "car_743": [7, 4], "car_742": [3, 7], "car_741": [13, 0], "car_740": [6, 2], "car_4718": [5, 1], "car_2131": [15, 1], "car_4529": [15, 4], "car_3939": [10, 1], "car_3724": [10, 6], "car_4062": [1, 4], "car_4061": [4, 3], "car_4060": [7, 0], "car_4067": [7, 6], "car_4066": [13, 1], "car_4065": [9, 6], "car_4064": [2, 3], "car_4069": [0, 2], "car_4068": [8, 0], "car_3316": [1, 2], "car_2618": [5, 6], "car_3584": [14, 4], "car_4526": [12, 1], "car_299": [8, 7], "car_298": [3, 4], "car_1927": [13, 7], "car_1926": [9, 3], "car_1921": [13, 6], "car_1920": [9, 3], "car_1923": [7, 0], "car_1922": [3, 2], "car_291": [2, 0], "car_290": [5, 4], "car_293": [8, 0], "car_292": [6, 5], "car_295": [1, 6], "car_294": [12, 0], "car_297": [14, 6], "car_296": [5, 6], "car_4527": [0, 4], "car_3852": [14, 4], "car_4207": [12, 7], "car_4206": [13, 5], "car_4205": [2, 1], "car_4204": [11, 1], "car_4203": [12, 0], "car_4202": [8, 3], "car_1329": [2, 1], "car_1328": [10, 4], "car_1327": [1, 3], "car_1326": [11, 4], "car_1325": [0, 2], "car_1324": [12, 5], "car_1323": [7, 1], "car_1322": [9, 7], "car_1321": [6, 2], "car_1320": [2, 3], "car_4197": [10, 2], "car_4196": [5, 1], "car_4195": [15, 5], "car_4194": [11, 2], "car_4193": [7, 3], "car_4192": [3, 1], "car_4191": [6, 0], "car_4190": [14, 7], "car_3721": [10, 0], "car_4199": [6, 2], "car_4198": [2, 0], "car_365": [2, 6], "car_364": [14, 2], "car_367": [13, 7], "car_366": [9, 3], "car_361": [4, 0], "car_360": [8, 7], "car_363": [10, 1], "car_362": [5, 2], "car_1811": [11, 2], "car_1810": [0, 3], "car_1813": [1, 2], "car_1812": [15, 6], "car_369": [7, 2], "car_368": [3, 5], "car_1817": [7, 2], "car_1816": [9, 2], "car_167": [7, 4], "car_166": [6, 4], "car_165": [2, 1], "car_164": [14, 7], "car_163": [7, 0], "car_162": [13, 0], "car_161": [14, 0], "car_160": [1, 6], "car_3720": [15, 3], "car_4848": [14, 0], "car_4669": [8, 7], "car_4668": [7, 3], "car_169": [2, 6], "car_168": [14, 6], "car_1495": [7, 0], "car_1494": [13, 1], "car_1497": [10, 4], "car_1496": [8, 1], "car_1491": [10, 3], "car_1490": [5, 4], "car_1493": [6, 5], "car_1492": [2, 0], "car_4333": [2, 5], "car_4332": [14, 6], "car_4331": [5, 4], "car_4330": [1, 0], "car_1499": [6, 0], "car_1498": [2, 1], "car_3580": [4, 3], "car_4334": [7, 0], "car_1253": [9, 2], "car_1252": [6, 3], "car_1251": [2, 5], "car_1250": [10, 0], "car_1257": [8, 2], "car_1256": [7, 2], "car_1255": [3, 2], "car_1254": [13, 7], "car_4683": [9, 3], "car_2850": [12, 7], "car_1259": [0, 1], "car_1258": [12, 2], "car_4687": [0, 3], "car_3622": [9, 5], "car_4685": [8, 4], "car_2851": [0, 5], "car_1868": [9, 1], "car_2852": [4, 3], "car_3624": [7, 2], "car_2853": [11, 7], "car_3583": [10, 5], "car_4672": [5, 4], "car_3248": [0, 2], "car_4523": [9, 6], "car_3626": [0, 1], "car_3627": [15, 7], "car_4210": [5, 4], "car_1789": [8, 4], "car_1788": [7, 0], "car_2070": [5, 3], "car_2071": [9, 3], "car_2076": [15, 6], "car_2077": [1, 5], "car_2074": [4, 7], "car_2075": [11, 3], "car_1781": [11, 3], "car_1780": [8, 7], "car_1783": [5, 3], "car_1782": [1, 7], "car_1785": [2, 5], "car_1784": [10, 3], "car_1787": [13, 6], "car_1786": [9, 4], "car_1077": [3, 6], "car_1076": [13, 4], "car_1075": [6, 5], "car_1074": [2, 0], "car_1073": [10, 4], "car_1072": [11, 3], "car_1071": [4, 0], "car_1070": [0, 4], "car_2678": [10, 5], "car_2679": [3, 4], "car_3520": [14, 2], "car_4211": [13, 7], "car_1079": [0, 7], "car_1078": [12, 0], "car_3981": [1, 5], "car_3257": [12, 3], "car_4337": [0, 3], "car_2139": [11, 7], "car_3256": [7, 0], "car_4521": [14, 4], "car_2034": [4, 2], "car_2300": [9, 2], "car_2035": [1, 4], "car_2301": [7, 2], "car_2032": [7, 2], "car_3706": [8, 7], "car_2033": [12, 1], "car_2996": [14, 6], "car_4837": [1, 0], "car_3419": [12, 7], "car_2138": [0, 3], "car_3417": [3, 7], "car_3416": [13, 6], "car_3415": [9, 4], "car_3414": [6, 5], "car_3413": [10, 0], "car_3412": [5, 0], "car_3411": [11, 0], "car_3410": [0, 5], "car_985": [4, 1], "car_984": [0, 5], "car_987": [5, 1], "car_986": [11, 2], "car_981": [7, 1], "car_980": [6, 3], "car_983": [12, 5], "car_982": [8, 0], "car_1675": [4, 7], "car_1674": [0, 2], "car_1677": [15, 3], "car_1676": [11, 0], "car_989": [3, 4], "car_988": [14, 4], "car_1673": [6, 5], "car_1672": [2, 6], "car_2784": [11, 3], "car_2785": [15, 3], "car_1479": [2, 7], "car_1478": [14, 1], "car_2780": [13, 3], "car_2781": [3, 5], "car_2782": [7, 5], "car_2783": [12, 5], "car_1473": [13, 3], "car_1472": [9, 3], "car_1471": [2, 6], "car_1470": [14, 5], "car_1477": [10, 4], "car_1476": [1, 6], "car_1475": [4, 1], "car_1474": [0, 2], "car_2890": [11, 4], "car_2891": [5, 2], "car_2892": [10, 5], "car_2893": [14, 3], "car_2894": [2, 6], "car_1743": [11, 4], "car_2896": [8, 3], "car_2897": [12, 4], "car_2898": [0, 5], "car_2899": [4, 3], "car_1742": [4, 1], "car_2990": [12, 1], "car_4673": [10, 7], "car_4581": [12, 7], "car_2528": [1, 4], "car_2529": [5, 0], "car_2258": [3, 0], "car_2259": [7, 6], "car_3307": [5, 6], "car_2689": [4, 5], "car_3305": [0, 6], "car_3304": [8, 2], "car_2252": [7, 3], "car_2253": [11, 0], "car_2250": [14, 1], "car_2251": [13, 4], "car_2256": [10, 1], "car_2257": [2, 7], "car_2254": [15, 6], "car_2255": [1, 0], "car_2098": [12, 4], "car_2099": [0, 7], "car_2090": [1, 5], "car_2091": [5, 4], "car_2092": [14, 4], "car_2093": [2, 7], "car_2094": [6, 5], "car_2095": [9, 2], "car_2096": [13, 5], "car_2097": [3, 5], "car_3789": [4, 6], "car_3788": [8, 6], "car_2992": [4, 5], "car_3786": [13, 6], "car_3785": [10, 6], "car_3784": [1, 2], "car_3783": [15, 7], "car_3782": [11, 2], "car_3781": [4, 1], "car_3780": [0, 6], "car_4310": [8, 1], "car_3237": [2, 7], "car_3236": [14, 3], "car_569": [10, 7], "car_568": [15, 2], "car_3233": [11, 4], "car_3232": [8, 1], "car_2328": [0, 3], "car_2329": [15, 0], "car_563": [2, 6], "car_562": [14, 2], "car_561": [10, 6], "car_560": [5, 0], "car_567": [4, 7], "car_566": [0, 2], "car_565": [7, 2], "car_564": [6, 5], "car_3598": [1, 4], "car_2331": [14, 7], "car_3739": [11, 7], "car_4380": [15, 7], "car_3644": [14, 3], "car_620": [14, 6], "car_621": [2, 7], "car_622": [6, 1], "car_623": [13, 5], "car_624": [3, 5], "car_625": [7, 6], "car_626": [8, 4], "car_627": [4, 1], "car_628": [15, 7], "car_629": [1, 0], "car_4670": [4, 0], "car_1869": [8, 2], "car_3129": [11, 0], "car_3128": [4, 5], "car_4289": [2, 7], "car_3123": [10, 2], "car_3122": [1, 2], "car_3121": [3, 4], "car_3120": [13, 7], "car_3127": [0, 5], "car_3126": [12, 0], "car_3125": [7, 1], "car_3124": [13, 4], "car_4524": [13, 6], "car_3666": [12, 5], "car_1866": [1, 4], "car_1867": [14, 5], "car_3388": [7, 0], "car_198": [13, 6], "car_199": [3, 7], "car_2831": [8, 1], "car_192": [4, 3], "car_193": [1, 7], "car_190": [12, 0], "car_191": [0, 7], "car_196": [14, 0], "car_197": [9, 4], "car_194": [5, 1], "car_195": [10, 1], "car_4834": [0, 6], "car_3670": [15, 1], "car_758": [2, 4], "car_759": [3, 1], "car_4835": [4, 1], "car_754": [7, 1], "car_755": [8, 6], "car_756": [1, 6], "car_757": [10, 3], "car_750": [14, 3], "car_751": [2, 3], "car_752": [6, 5], "car_753": [13, 7], "car_1940": [15, 5], "car_3355": [3, 6], "car_4830": [6, 0], "car_4831": [7, 5], "car_4056": [4, 7], "car_4057": [11, 0], "car_4054": [3, 4], "car_4055": [7, 6], "car_2991": [0, 6], "car_4053": [13, 6], "car_4050": [14, 2], "car_4051": [6, 7], "car_3299": [14, 3], "car_4118": [14, 3], "car_4058": [10, 2], "car_3298": [10, 6], "car_286": [12, 1], "car_287": [11, 3], "car_284": [7, 1], "car_285": [8, 6], "car_282": [2, 5], "car_283": [9, 5], "car_280": [10, 3], "car_281": [14, 0], "car_3353": [9, 7], "car_1949": [1, 2], "car_288": [15, 2], "car_289": [1, 5], "car_3453": [0, 3], "car_1948": [4, 1], "car_2791": [10, 1], "car_3592": [6, 7], "car_3452": [3, 2], "car_4749": [5, 0], "car_4113": [12, 1], "car_3451": [13, 5], "car_4112": [7, 6], "car_4646": [9, 4], "car_3450": [9, 5], "car_4111": [3, 2], "car_3985": [3, 1], "car_4110": [13, 6], "car_3984": [6, 1], "car_1312": [7, 4], "car_1313": [8, 5], "car_1310": [6, 4], "car_1311": [9, 0], "car_1316": [11, 5], "car_1317": [5, 3], "car_1314": [0, 7], "car_1315": [4, 1], "car_4513": [1, 2], "car_1318": [10, 1], "car_1319": [14, 4], "car_2450": [10, 0], "car_3921": [9, 0], "car_2451": [9, 3], "car_2452": [13, 1], "car_372": [14, 6], "car_373": [2, 6], "car_370": [8, 1], "car_371": [11, 2], "car_376": [13, 4], "car_377": [4, 0], "car_374": [6, 5], "car_375": [9, 2], "car_1864": [11, 7], "car_1865": [15, 5], "car_378": [11, 5], "car_379": [15, 4], "car_1860": [8, 6], "car_1861": [12, 6], "car_1862": [0, 1], "car_1863": [4, 1], "car_174": [12, 5], "car_175": [4, 1], "car_176": [11, 4], "car_177": [15, 1], "car_170": [9, 7], "car_171": [3, 0], "car_172": [7, 0], "car_173": [8, 5], "car_2457": [10, 1], "car_178": [2, 0], "car_179": [6, 0], "car_2338": [5, 6], "car_4511": [13, 4], "car_4308": [13, 4], "car_4309": [7, 0], "car_4306": [10, 0], "car_4307": [9, 0], "car_4304": [11, 1], "car_3697": [4, 1], "car_4302": [0, 6], "car_4303": [4, 0], "car_4300": [7, 6], "car_4301": [8, 2], "car_1266": [9, 2], "car_1267": [13, 1], "car_1264": [14, 2], "car_1265": [2, 6], "car_1262": [15, 4], "car_1263": [5, 4], "car_1260": [4, 7], "car_1261": [11, 2], "car_2949": [0, 7], "car_4769": [5, 3], "car_1268": [7, 0], "car_1269": [12, 0], "car_3581": [15, 0], "car_4510": [9, 0], "car_3749": [5, 3], "car_3371": [8, 5], "car_4735": [2, 3], "car_2406": [12, 5], "car_3979": [0, 7], "car_4238": [5, 4], "car_4239": [14, 2], "car_4232": [13, 0], "car_4233": [7, 1], "car_4230": [5, 1], "car_4231": [10, 5], "car_4236": [15, 6], "car_4237": [1, 7], "car_4234": [12, 3], "car_4235": [0, 7], "car_2065": [1, 0], "car_2064": [15, 4], "car_1048": [0, 7], "car_1049": [10, 1], "car_2061": [2, 6], "car_2060": [5, 6], "car_2063": [0, 3], "car_2062": [3, 6], "car_1042": [1, 2], "car_1043": [5, 4], "car_1040": [11, 1], "car_1041": [15, 3], "car_1046": [9, 4], "car_1047": [3, 7], "car_1044": [14, 3], "car_1045": [6, 7], "car_2663": [4, 1], "car_2662": [0, 1], "car_2661": [12, 4], "car_2660": [8, 0], "car_2667": [14, 4], "car_2666": [5, 6], "car_2665": [1, 7], "car_2664": [15, 6], "car_2669": [6, 0], "car_2668": [2, 5], "car_4548": [5, 3], "car_4522": [6, 4], "car_4516": [14, 1], "car_3528": [10, 7], "car_2404": [13, 5], "car_4265": [4, 7], "car_3582": [5, 3], "car_4739": [12, 1], "car_4740": [1, 6], "car_4738": [8, 4], "car_4515": [10, 1], "car_3422": [1, 2], "car_3423": [10, 5], "car_78": [2, 4], "car_79": [3, 4], "car_3426": [9, 7], "car_3427": [13, 5], "car_3424": [14, 1], "car_3425": [2, 5], "car_72": [13, 3], "car_73": [12, 3], "car_70": [10, 0], "car_71": [6, 5], "car_76": [10, 7], "car_77": [14, 7], "car_74": [4, 6], "car_75": [11, 5], "car_992": [11, 7], "car_993": [1, 7], "car_990": [7, 4], "car_991": [12, 5], "car_996": [14, 5], "car_997": [2, 0], "car_994": [5, 0], "car_995": [10, 1], "car_1688": [6, 0], "car_1689": [13, 3], "car_998": [6, 4], "car_999": [9, 7], "car_4833": [12, 4], "car_2409": [10, 0], "car_2408": [1, 7], "car_2797": [11, 1], "car_2796": [12, 1], "car_2795": [8, 0], "car_2794": [3, 1], "car_2793": [13, 6], "car_2792": [14, 3], "car_1448": [13, 3], "car_1449": [3, 5], "car_1446": [10, 1], "car_1447": [9, 3], "car_1444": [1, 5], "car_1445": [5, 7], "car_1442": [11, 1], "car_1443": [15, 2], "car_1440": [8, 4], "car_1441": [12, 3], "car_2883": [10, 3], "car_2882": [1, 0], "car_2881": [15, 7], "car_2798": [15, 3], "car_2887": [9, 0], "car_2886": [6, 3], "car_2885": [2, 1], "car_2884": [14, 4], "car_2889": [12, 5], "car_2888": [3, 2], "car_3686": [0, 5], "car_3687": [11, 1], "car_3684": [7, 4], "car_3685": [12, 3], "car_2401": [5, 7], "car_3683": [13, 7], "car_3680": [14, 5], "car_3681": [2, 4], "car_2986": [9, 5], "car_3688": [1, 5], "car_3689": [5, 6], "car_3336": [11, 4], "car_3337": [10, 7], "car_2539": [13, 5], "car_2538": [6, 1], "car_2249": [10, 7], "car_2248": [5, 3], "car_3330": [14, 5], "car_3331": [6, 0], "car_2245": [4, 2], "car_2244": [8, 7], "car_2247": [15, 2], "car_2246": [11, 7], "car_2241": [14, 2], "car_2240": [10, 4], "car_2243": [3, 2], "car_2242": [13, 2], "car_2089": [15, 1], "car_2088": [4, 1], "car_3873": [13, 4], "car_2083": [9, 7], "car_2082": [6, 1], "car_2081": [2, 0], "car_2080": [14, 7], "car_2087": [0, 2], "car_2086": [12, 4], "car_2085": [7, 1], "car_2084": [3, 1], "car_4846": [1, 4], "car_3180": [2, 7], "car_3183": [8, 2], "car_4676": [12, 3], "car_3239": [3, 5], "car_2984": [5, 0], "car_3758": [6, 4], "car_3759": [9, 3], "car_3208": [7, 5], "car_3209": [15, 6], "car_4336": [12, 5], "car_3868": [15, 5], "car_3202": [7, 4], "car_3203": [8, 1], "car_3200": [6, 3], "car_3186": [11, 0], "car_3206": [13, 3], "car_3207": [3, 0], "car_3204": [4, 7], "car_3205": [14, 4], "car_578": [2, 6], "car_579": [9, 6], "car_2333": [13, 3], "car_2332": [2, 1], "car_2335": [8, 4], "car_2334": [7, 5], "car_2337": [11, 5], "car_553": [7, 4], "car_570": [9, 4], "car_571": [7, 2], "car_572": [12, 0], "car_573": [0, 4], "car_574": [4, 0], "car_806": [5, 4], "car_576": [15, 7], "car_577": [14, 6], "car_4115": [4, 2], "car_807": [14, 7], "car_800": [12, 1], "car_801": [0, 3], "car_4152": [5, 2], "car_802": [4, 0], "car_4508": [2, 7], "car_4400": [6, 4], "car_2192": [14, 6], "car_803": [11, 5], "car_2067": [3, 6], "car_2066": [2, 7], "car_619": [1, 5], "car_618": [11, 2], "car_3377": [13, 2], "car_615": [8, 7], "car_614": [3, 2], "car_617": [4, 0], "car_616": [0, 2], "car_611": [5, 4], "car_610": [1, 2], "car_613": [13, 5], "car_612": [10, 0], "car_4824": [4, 3], "car_2151": [6, 0], "car_3775": [2, 0], "car_4509": [6, 7], "car_3118": [1, 6], "car_3119": [14, 2], "car_3116": [0, 4], "car_3117": [11, 1], "car_3114": [13, 7], "car_3115": [12, 1], "car_3112": [1, 0], "car_3113": [14, 7], "car_3110": [7, 3], "car_3111": [12, 7], "car_2704": [6, 2], "car_4674": [6, 7], "car_2705": [9, 3], "car_4586": [14, 2], "car_3678": [5, 0], "car_2706": [13, 2], "car_4591": [3, 7], "car_2150": [14, 1], "car_4555": [8, 0], "car_2707": [7, 0], "car_2069": [4, 2], "car_2068": [8, 2], "car_2702": [14, 1], "car_2703": [2, 4], "car_4778": [5, 1], "car_4632": [0, 7], "car_769": [4, 6], "car_768": [12, 1], "car_2567": [10, 4], "car_4545": [0, 7], "car_761": [15, 4], "car_760": [12, 2], "car_763": [2, 4], "car_762": [14, 5], "car_765": [9, 0], "car_764": [6, 1], "car_767": [7, 0], "car_766": [3, 0], "car_2216": [1, 5], "car_4428": [7, 3], "car_2217": [5, 0], "car_4540": [6, 2], "car_2330": [5, 6], "car_4832": [8, 5], "car_2214": [0, 7], "car_4541": [9, 7], "car_4800": [10, 4], "car_4070": [4, 6], "car_2215": [15, 1], "car_4542": [13, 2], "car_2212": [3, 1], "car_4543": [3, 1], "car_2213": [8, 1], "car_4424": [10, 6], "car_4423": [15, 7], "car_2210": [9, 0], "car_4422": [0, 5], "car_4151": [1, 2], "car_2211": [13, 3], "car_575": [11, 0], "car_3374": [15, 1], "car_4549": [10, 5], "car_4201": [3, 6], "car_4425": [9, 3], "car_4381": [5, 7], "car_4142": [2, 6], "car_1305": [0, 4], "car_1304": [8, 4], "car_1307": [15, 5], "car_1306": [4, 7], "car_1301": [6, 5], "car_1300": [2, 7], "car_1303": [7, 3], "car_1302": [3, 1], "car_4675": [9, 0], "car_3909": [8, 3], "car_1309": [5, 0], "car_1308": [1, 0], "car_3832": [8, 7], "car_3760": [3, 4], "car_389": [1, 4], "car_388": [15, 4], "car_387": [11, 0], "car_386": [4, 7], "car_385": [0, 6], "car_384": [8, 0], "car_383": [13, 0], "car_382": [14, 0], "car_381": [10, 6], "car_380": [5, 4], "car_141": [10, 7], "car_140": [5, 7], "car_143": [2, 1], "car_142": [14, 6], "car_145": [7, 1], "car_144": [6, 5], "car_147": [0, 3], "car_146": [8, 0], "car_149": [11, 5], "car_148": [4, 6], "car_4043": [14, 0], "car_4042": [10, 0], "car_2407": [15, 6], "car_4044": [6, 3], "car_4047": [12, 4], "car_4046": [8, 6], "car_1279": [5, 7], "car_1278": [1, 7], "car_4313": [15, 2], "car_4312": [11, 2], "car_4315": [14, 3], "car_4314": [10, 3], "car_4317": [13, 3], "car_4316": [2, 1], "car_1271": [1, 7], "car_1270": [11, 2], "car_1273": [2, 0], "car_1272": [14, 1], "car_1275": [3, 5], "car_1274": [6, 7], "car_1277": [12, 0], "car_1276": [8, 6], "car_2326": [7, 4], "car_4501": [3, 4], "car_2847": [3, 6], "car_3671": [1, 3], "car_4771": [2, 7], "car_2327": [8, 1], "car_4502": [7, 3], "car_4229": [1, 7], "car_4228": [15, 5], "car_4305": [1, 2], "car_4225": [7, 3], "car_3912": [11, 0], "car_4227": [4, 7], "car_4226": [12, 4], "car_4221": [1, 7], "car_4220": [4, 6], "car_4223": [6, 2], "car_4222": [2, 1], "car_3491": [5, 3], "car_1059": [12, 3], "car_1058": [7, 3], "car_1055": [6, 0], "car_1054": [5, 6], "car_1057": [3, 0], "car_1056": [9, 2], "car_1051": [6, 3], "car_1050": [2, 7], "car_1053": [1, 7], "car_1052": [11, 7], "car_2656": [14, 1], "car_2657": [2, 3], "car_2654": [5, 6], "car_2655": [10, 4], "car_2652": [4, 2], "car_2653": [11, 2], "car_2650": [13, 0], "car_2651": [3, 2], "car_4439": [9, 6], "car_2415": [0, 7], "car_2658": [13, 1], "car_2659": [7, 4], "car_3490": [1, 2], "car_4588": [6, 7], "car_3790": [15, 1], "car_4035": [14, 1], "car_4689": [15, 3], "car_2416": [4, 1], "car_69": [5, 3], "car_68": [15, 6], "car_2438": [15, 5], "car_2439": [10, 6], "car_3431": [9, 7], "car_3430": [14, 2], "car_3433": [7, 2], "car_3432": [3, 2], "car_61": [13, 0], "car_60": [9, 5], "car_63": [8, 2], "car_62": [7, 5], "car_65": [0, 3], "car_64": [12, 3], "car_67": [11, 6], "car_66": [4, 7], "car_1693": [6, 2], "car_1692": [10, 6], "car_1691": [15, 4], "car_1690": [8, 1], "car_1697": [12, 0], "car_1696": [7, 6], "car_969": [12, 1], "car_968": [6, 7], "car_967": [2, 6], "car_966": [10, 4], "car_965": [5, 6], "car_964": [1, 7], "car_963": [12, 5], "car_962": [8, 6], "car_961": [7, 2], "car_960": [13, 2], "car_1451": [8, 2], "car_1450": [7, 2], "car_1453": [5, 3], "car_1452": [4, 5], "car_1455": [2, 3], "car_1454": [14, 0], "car_1457": [13, 4], "car_1456": [9, 5], "car_1459": [15, 2], "car_1458": [0, 6], "car_4506": [10, 5], "car_3937": [1, 3], "car_3707": [12, 5], "car_3541": [15, 0], "car_2410": [6, 5], "car_2837": [13, 3], "car_4449": [3, 6], "car_3428": [11, 6], "car_3329": [10, 1], "car_3328": [5, 0], "car_3429": [5, 2], "car_3175": [14, 5], "car_3321": [15, 3], "car_3320": [11, 5], "car_3323": [13, 6], "car_3322": [5, 7], "car_3325": [12, 2], "car_3279": [7, 4], "car_3327": [1, 0], "car_3326": [0, 4], "car_3278": [3, 1], "car_2411": [13, 7], "car_3547": [11, 5], "car_2508": [13, 2], "car_2509": [3, 4], "car_2506": [6, 7], "car_2507": [9, 1], "car_2504": [10, 6], "car_2505": [2, 4], "car_2502": [12, 4], "car_2503": [5, 6], "car_2500": [7, 5], "car_2501": [8, 6], "car_2737": [2, 4], "car_1680": [14, 3], "car_1681": [2, 5], "car_4009": [2, 7], "car_3705": [3, 1], "car_3173": [1, 7], "car_1682": [3, 5], "car_1683": [8, 7], "car_4442": [8, 4], "car_3903": [14, 5], "car_3272": [12, 0], "car_1684": [12, 2], "car_2736": [14, 4], "car_1685": [0, 3], "car_1891": [1, 4], "car_3270": [9, 3], "car_1686": [5, 0], "car_1890": [15, 4], "car_3704": [9, 7], "car_1687": [10, 4], "car_1893": [2, 4], "car_545": [14, 5], "car_544": [10, 7], "car_547": [8, 0], "car_546": [3, 6], "car_541": [12, 3], "car_540": [7, 5], "car_543": [1, 2], "car_542": [11, 4], "car_3215": [13, 0], "car_1895": [9, 2], "car_3217": [12, 6], "car_3216": [7, 3], "car_549": [5, 7], "car_548": [11, 2], "car_819": [7, 1], "car_818": [13, 5], "car_2344": [11, 0], "car_2345": [1, 0], "car_2346": [14, 0], "car_2347": [2, 3], "car_2340": [9, 1], "car_1897": [1, 2], "car_2342": [12, 2], "car_2343": [0, 2], "car_2405": [3, 7], "car_1896": [15, 4], "car_2348": [9, 3], "car_2349": [7, 4], "car_4710": [10, 2], "car_3699": [15, 5], "car_3698": [11, 7], "car_3691": [6, 1], "car_3690": [14, 1], "car_3693": [3, 5], "car_3692": [13, 3], "car_3695": [12, 1], "car_3694": [7, 0], "car_33": [15, 7], "car_3696": [0, 3], "car_1767": [2, 4], "car_3702": [10, 3], "car_1766": [10, 2], "car_4682": [2, 3], "car_4218": [13, 7], "car_4838": [5, 1], "car_1765": [7, 6], "car_4219": [7, 2], "car_3498": [5, 0], "car_608": [4, 5], "car_609": [11, 2], "car_4840": [9, 1], "car_2941": [0, 4], "car_602": [13, 6], "car_603": [1, 4], "car_600": [15, 2], "car_601": [5, 2], "car_606": [9, 0], "car_607": [7, 6], "car_604": [5, 6], "car_605": [14, 4], "car_3101": [7, 4], "car_3100": [13, 5], "car_3103": [11, 2], "car_3102": [0, 6], "car_3105": [2, 7], "car_1761": [5, 3], "car_3107": [9, 7], "car_3106": [6, 3], "car_3109": [3, 7], "car_3108": [13, 2], "car_1760": [15, 3], "car_4350": [10, 2], "car_4768": [15, 6], "car_4180": [6, 4], "car_2799": [5, 6], "car_3700": [1, 5], "car_4433": [2, 5], "car_776": [0, 4], "car_777": [4, 7], "car_774": [13, 6], "car_775": [3, 7], "car_772": [10, 2], "car_773": [2, 7], "car_770": [11, 0], "car_771": [15, 7], "car_4551": [6, 3], "car_1768": [9, 1], "car_778": [15, 5], "car_779": [1, 3], "car_4468": [8, 2], "car_4434": [6, 7], "car_2418": [15, 2], "car_2880": [4, 1], "car_4338": [15, 0], "car_1750": [0, 4], "car_3941": [2, 0], "car_4448": [13, 5], "car_3940": [14, 3], "car_4686": [12, 6], "car_4435": [9, 0], "car_2419": [1, 7], "car_4713": [3, 6], "car_4717": [1, 0], "car_3293": [10, 5], "car_4383": [14, 2], "car_4436": [7, 3], "car_4839": [6, 5], "car_3664": [7, 1], "car_3292": [1, 2], "car_3949": [7, 6], "car_3948": [11, 7], "car_4547": [15, 2], "car_4532": [3, 0], "car_4684": [3, 2], "car_4437": [8, 6], "car_3251": [10, 5], "car_1994": [8, 6], "car_1995": [12, 7], "car_1996": [4, 1], "car_1997": [11, 0], "car_1990": [10, 2], "car_1991": [14, 3], "car_1992": [2, 3], "car_1993": [3, 7], "car_4148": [0, 4], "car_4149": [4, 3], "car_1998": [5, 7], "car_1999": [10, 5], "car_2846": [13, 2], "car_4499": [6, 3], "car_3682": [9, 4], "car_3250": [11, 2], "car_3728": [13, 2], "car_1842": [0, 6], "car_1806": [9, 0], "car_1840": [7, 6], "car_1841": [12, 0], "car_398": [15, 1], "car_399": [1, 6], "car_1844": [15, 7], "car_1807": [13, 2], "car_394": [9, 2], "car_395": [3, 4], "car_396": [8, 0], "car_397": [0, 3], "car_390": [5, 6], "car_391": [14, 7], "car_392": [2, 1], "car_393": [6, 5], "car_4369": [13, 6], "car_3725": [14, 7], "car_4671": [1, 7], "car_4038": [7, 6], "car_4039": [12, 4], "car_158": [11, 0], "car_159": [15, 3], "car_156": [7, 6], "car_157": [4, 6], "car_154": [13, 2], "car_155": [3, 5], "car_152": [2, 1], "car_153": [6, 2], "car_150": [1, 6], "car_151": [5, 1], "car_3667": [0, 5], "car_4365": [5, 3], "car_4366": [10, 2], "car_3726": [2, 1], "car_1208": [10, 3], "car_1209": [2, 1], "car_4362": [4, 1], "car_4363": [11, 4], "car_1204": [13, 0], "car_1205": [3, 6], "car_1206": [0, 3], "car_1207": [4, 5], "car_1200": [1, 6], "car_1201": [2, 0], "car_1202": [6, 4], "car_1203": [9, 5], "car_4171": [5, 1], "car_2601": [15, 3], "car_2403": [2, 3], "car_4170": [1, 2], "car_3252": [2, 4], "car_3926": [4, 0], "car_3722": [6, 3], "car_4678": [4, 3], "car_3660": [1, 6], "car_4760": [1, 4], "car_4172": [9, 3], "car_4852": [12, 2], "car_3334": [8, 3], "car_4174": [7, 0], "car_3708": [11, 7], "car_4783": [8, 6], "car_4780": [9, 2], "car_3335": [12, 0], "car_4786": [4, 5], "car_1808": [3, 5], "car_4784": [12, 0], "car_3255": [3, 0], "car_3332": [9, 3], "car_4788": [15, 2], "car_1809": [7, 1], "car_3661": [2, 3], "car_3333": [13, 2], "car_2649": [9, 0], "car_2612": [6, 1], "car_4568": [6, 4], "car_4438": [10, 0], "car_4701": [2, 4], "car_2613": [9, 7], "car_2641": [2, 5], "car_2640": [14, 4], "car_2643": [0, 7], "car_2642": [9, 2], "car_2645": [11, 4], "car_2644": [4, 1], "car_2647": [2, 5], "car_2646": [15, 3], "car_1510": [15, 2], "car_1511": [2, 6], "car_1512": [6, 1], "car_1513": [13, 5], "car_1514": [7, 4], "car_1515": [8, 4], "car_1516": [0, 2], "car_1517": [4, 7], "car_1518": [1, 6], "car_1519": [5, 2], "car_3662": [13, 6], "car_4763": [14, 7], "car_4764": [3, 2], "car_2531": [9, 0], "car_4766": [0, 3], "car_2965": [4, 5], "car_2530": [2, 0], "car_2966": [11, 4], "car_3366": [5, 2], "car_4698": [11, 7], "car_2537": [14, 0], "car_2967": [15, 3], "car_2536": [1, 0], "car_2968": [1, 7], "car_2855": [5, 7], "car_1198": [0, 3], "car_1199": [11, 6], "car_2969": [5, 2], "car_1194": [2, 0], "car_1195": [6, 5], "car_1196": [3, 2], "car_1197": [12, 3], "car_1190": [11, 2], "car_1191": [15, 2], "car_1192": [1, 5], "car_1193": [14, 3], "car_3916": [6, 5], "car_3917": [7, 3], "car_3914": [10, 0], "car_2619": [10, 7], "car_2429": [14, 6], "car_2428": [1, 7], "car_3910": [12, 1], "car_3911": [4, 1], "car_2425": [5, 3], "car_2424": [11, 7], "car_2427": [0, 1], "car_2426": [9, 0], "car_2421": [6, 4], "car_2126": [9, 3], "car_2423": [0, 4], "car_2422": [8, 7], "car_2856": [2, 4], "car_2127": [13, 0], "car_978": [1, 6], "car_979": [14, 0], "car_974": [7, 4], "car_975": [8, 4], "car_976": [4, 0], "car_977": [11, 2], "car_970": [4, 1], "car_971": [11, 0], "car_972": [10, 1], "car_973": [2, 3], "car_1424": [2, 4], "car_1425": [6, 2], "car_1426": [7, 6], "car_1427": [8, 4], "car_1420": [11, 0], "car_1421": [15, 7], "car_1422": [1, 3], "car_1423": [5, 0], "car_2402": [10, 5], "car_1428": [1, 7], "car_1429": [10, 0], "car_2857": [7, 5], "car_3259": [11, 2], "car_4752": [2, 0], "car_4765": [12, 5], "car_4335": [8, 3], "car_4754": [13, 0], "car_3593": [8, 5], "car_3358": [5, 1], "car_3359": [10, 3], "car_3354": [13, 0], "car_2128": [3, 0], "car_3356": [0, 6], "car_3357": [15, 6], "car_3350": [4, 1], "car_3258": [0, 7], "car_3352": [5, 3], "car_2129": [0, 2], "car_2511": [12, 4], "car_2510": [7, 3], "car_2513": [4, 5], "car_2512": [0, 7], "car_2515": [5, 3], "car_2514": [11, 6], "car_2517": [6, 5], "car_2516": [2, 3], "car_2519": [7, 1], "car_2518": [3, 6], "car_3590": [4, 2], "car_3591": [2, 7], "car_3596": [11, 0], "car_3597": [15, 0], "car_3594": [0, 5], "car_3595": [4, 1], "car_1738": [2, 4], "car_1739": [9, 6], "car_1730": [13, 2], "car_1731": [3, 7], "car_1732": [8, 0], "car_1733": [4, 1], "car_1734": [11, 3], "car_1735": [1, 5], "car_1736": [5, 7], "car_1737": [14, 0], "car_54": [12, 2], "car_55": [15, 0], "car_56": [1, 7], "car_57": [5, 7], "car_50": [9, 1], "car_51": [13, 7], "car_52": [3, 0], "car_53": [7, 4], "car_4507": [14, 6], "car_58": [10, 6], "car_59": [2, 6], "car_2609": [1, 6], "car_552": [13, 3], "car_805": [1, 7], "car_550": [6, 3], "car_551": [9, 5], "car_556": [4, 6], "car_557": [11, 1], "car_554": [8, 3], "car_555": [12, 5], "car_3776": [6, 1], "car_3777": [7, 3], "car_558": [15, 4], "car_559": [1, 7], "car_808": [2, 1], "car_809": [6, 5], "car_3770": [1, 7], "car_3771": [10, 5], "car_2357": [7, 6], "car_2356": [6, 2], "car_2355": [10, 1], "car_2354": [15, 2], "car_2353": [11, 5], "car_2352": [4, 3], "car_2351": [0, 1], "car_2350": [8, 1], "car_2359": [12, 2], "car_2358": [8, 0], "car_4117": [1, 0], "car_1757": [7, 2], "car_4445": [1, 0], "car_3672": [10, 4], "car_3710": [1, 7], "car_2339": [10, 0], "car_4690": [1, 2], "car_3709": [15, 4], "car_2469": [1, 2], "car_3174": [10, 0], "car_2915": [13, 7], "car_3176": [13, 0], "car_3177": [15, 2], "car_3170": [12, 2], "car_3171": [4, 3], "car_3172": [15, 4], "car_2914": [14, 3], "car_3178": [5, 2], "car_3179": [14, 6], "car_3711": [5, 7], "car_3369": [9, 3], "car_4691": [5, 4], "car_4359": [13, 6], "car_2468": [15, 7], "car_3437": [5, 6], "car_3747": [4, 1], "car_4843": [6, 5], "car_4328": [12, 1], "car_703": [15, 1], "car_702": [11, 7], "car_701": [3, 2], "car_700": [6, 0], "car_707": [14, 6], "car_706": [10, 2], "car_705": [5, 0], "car_704": [1, 7], "car_709": [2, 1], "car_708": [6, 3], "car_3436": [15, 0], "car_3008": [5, 2], "car_3009": [10, 5], "car_4329": [15, 5], "car_3000": [1, 3], "car_3001": [2, 3], "car_3002": [6, 7], "car_3003": [9, 6], "car_3004": [13, 7], "car_3005": [7, 0], "car_3006": [12, 6], "car_3007": [4, 1], "car_2221": [9, 1], "car_4353": [13, 5], "car_4247": [15, 3], "car_2308": [2, 0], "car_4116": [11, 3], "car_3619": [8, 3], "car_4773": [7, 0], "car_2400": [1, 2], "car_3751": [2, 3], "car_2309": [6, 7], "car_3201": [13, 1], "car_3754": [4, 7], "car_3755": [15, 5], "car_4496": [15, 3], "car_3756": [1, 4], "car_3757": [14, 7], "car_4815": [10, 5], "car_1987": [0, 4], "car_1986": [7, 1], "car_1985": [3, 0], "car_1984": [13, 5], "car_1983": [6, 5], "car_1982": [11, 1], "car_1981": [0, 6], "car_1980": [12, 3], "car_4159": [1, 0], "car_4158": [15, 1], "car_4696": [12, 1], "car_1989": [1, 7], "car_1988": [11, 7], "car_4827": [10, 3], "car_2768": [14, 7], "car_1855": [12, 2], "car_1796": [6, 0], "car_1857": [2, 3], "car_1856": [5, 3], "car_1851": [1, 5], "car_1850": [15, 7], "car_1853": [10, 4], "car_1797": [9, 6], "car_4805": [4, 7], "car_4804": [8, 1], "car_4807": [1, 2], "car_2336": [4, 6], "car_1859": [13, 1], "car_1794": [10, 6], "car_4803": [3, 7], "car_4802": [13, 2], "car_2230": [11, 0], "car_129": [10, 6], "car_128": [5, 0], "car_4368": [9, 7], "car_4029": [3, 4], "car_2231": [15, 7], "car_123": [2, 6], "car_122": [14, 6], "car_121": [10, 4], "car_120": [1, 4], "car_127": [4, 3], "car_126": [0, 5], "car_125": [12, 5], "car_124": [7, 1], "car_4377": [8, 1], "car_4153": [14, 4], "car_4375": [6, 7], "car_4374": [2, 5], "car_3718": [0, 7], "car_1790": [12, 2], "car_1219": [2, 5], "car_1218": [5, 2], "car_1217": [1, 7], "car_1216": [11, 7], "car_1215": [4, 7], "car_1214": [0, 7], "car_1213": [12, 7], "car_1212": [3, 5], "car_1211": [9, 5], "car_1210": [6, 2], "car_1415": [6, 1], "car_4150": [15, 1], "car_1414": [14, 1], "car_4157": [12, 7], "car_1417": [7, 4], "car_4156": [8, 1], "car_4266": [11, 1], "car_3719": [4, 2], "car_1416": [3, 2], "car_4155": [13, 6], "car_1411": [12, 7], "car_4154": [2, 1], "car_3959": [3, 1], "car_1410": [8, 0], "car_237": [11, 5], "car_236": [12, 5], "car_235": [7, 4], "car_234": [13, 6], "car_233": [6, 7], "car_232": [2, 0], "car_231": [14, 4], "car_230": [1, 3], "car_3372": [4, 7], "car_1412": [11, 4], "car_4799": [5, 1], "car_4798": [15, 7], "car_239": [14, 7], "car_238": [10, 7], "car_2988": [3, 0], "car_2989": [8, 2], "car_2638": [1, 7], "car_2639": [5, 7], "car_2634": [6, 3], "car_2635": [9, 6], "car_2636": [3, 7], "car_2637": [0, 7], "car_2630": [0, 2], "car_2631": [11, 6], "car_2632": [15, 7], "car_2633": [1, 3], "car_1503": [5, 1], "car_1502": [11, 6], "car_1501": [0, 4], "car_1500": [3, 7], "car_1507": [8, 0], "car_1506": [7, 3], "car_1505": [13, 3], "car_1504": [6, 1], "car_3373": [11, 6], "car_4772": [13, 2], "car_1509": [4, 3], "car_1508": [12, 2], "car_4777": [1, 3], "car_4776": [4, 2], "car_4775": [0, 5], "car_3825": [4, 3], "car_4498": [2, 7], "car_4367": [2, 1], "car_4812": [4, 6], "car_3439": [2, 3], "car_3745": [12, 3], "car_4489": [2, 4], "car_4488": [10, 3], "car_4322": [15, 2], "car_1189": [12, 5], "car_1188": [8, 4], "car_1187": [7, 3], "car_1186": [9, 0], "car_1185": [10, 1], "car_1184": [1, 7], "car_1183": [11, 0], "car_1182": [0, 3], "car_1181": [12, 1], "car_1180": [7, 6], "car_2182": [14, 7], "car_2183": [2, 3], "car_2180": [1, 2], "car_2181": [10, 5], "car_2186": [7, 5], "car_2187": [0, 4], "car_2184": [13, 5], "car_2185": [3, 0], "car_3438": [10, 3], "car_2188": [4, 5], "car_2189": [15, 0], "car_949": [7, 6], "car_948": [9, 5], "car_2742": [11, 5], "car_2743": [1, 3], "car_2744": [14, 0], "car_2745": [6, 2], "car_2746": [3, 7], "car_2747": [7, 4], "car_941": [2, 0], "car_940": [14, 6], "car_943": [11, 0], "car_942": [4, 0], "car_945": [14, 3], "car_944": [10, 1], "car_947": [6, 7], "car_946": [2, 3], "car_1437": [6, 0], "car_1436": [5, 6], "car_1435": [4, 5], "car_1434": [0, 6], "car_1433": [7, 0], "car_1432": [3, 5], "car_1431": [6, 1], "car_1430": [2, 1], "car_1439": [13, 7], "car_1438": [9, 5], "car_3501": [9, 2], "car_2238": [15, 2], "car_4114": [0, 6], "car_2823": [11, 3], "car_4446": [14, 5], "car_493": [13, 2], "car_492": [9, 5], "car_491": [6, 1], "car_490": [2, 0], "car_497": [5, 0], "car_496": [1, 6], "car_495": [0, 1], "car_494": [7, 0], "car_3347": [9, 3], "car_3346": [2, 7], "car_499": [6, 5], "car_498": [10, 6], "car_3343": [1, 0], "car_3342": [15, 1], "car_3341": [4, 3], "car_3340": [0, 6], "car_2296": [11, 4], "car_2297": [15, 2], "car_2294": [8, 5], "car_2239": [5, 1], "car_2292": [10, 4], "car_2293": [13, 7], "car_2290": [15, 4], "car_2291": [1, 7], "car_3585": [2, 0], "car_1918": [8, 3], "car_3587": [13, 5], "car_3586": [9, 5], "car_2568": [14, 0], "car_2569": [2, 4], "car_2298": [2, 7], "car_1919": [1, 2], "car_1729": [9, 1], "car_1728": [14, 0], "car_1723": [7, 0], "car_1722": [13, 0], "car_1721": [9, 7], "car_1720": [6, 0], "car_1727": [10, 5], "car_1726": [5, 7], "car_1725": [1, 7], "car_1724": [15, 7], "car_43": [10, 5], "car_42": [11, 2], "car_41": [0, 4], "car_40": [12, 7], "car_47": [1, 7], "car_46": [11, 0], "car_45": [12, 4], "car_44": [14, 3], "car_3901": [12, 1], "car_3900": [8, 3], "car_49": [14, 3], "car_48": [5, 7], "car_3905": [6, 1], "car_1916": [14, 5], "car_3907": [13, 3], "car_3906": [9, 1], "car_3365": [0, 1], "car_1917": [13, 5], "car_4844": [8, 2], "car_3364": [7, 0], "car_4801": [14, 3], "car_3761": [7, 1], "car_3375": [1, 7], "car_3367": [10, 1], "car_1858": [6, 5], "car_831": [1, 5], "car_830": [11, 2], "car_833": [14, 2], "car_832": [10, 1], "car_835": [13, 5], "car_834": [9, 7], "car_837": [8, 7], "car_836": [3, 1], "car_839": [4, 6], "car_838": [12, 2], "car_2360": [11, 2], "car_2361": [15, 2], "car_2366": [13, 2], "car_2367": [7, 4], "car_2364": [6, 4], "car_2365": [9, 2], "car_2168": [13, 6], "car_2169": [3, 2], "car_3509": [14, 0], "car_3815": [7, 4], "car_2160": [4, 7], "car_2161": [11, 0], "car_2162": [15, 5], "car_2163": [1, 0], "car_2164": [5, 2], "car_2165": [10, 7], "car_2166": [6, 4], "car_2167": [9, 3], "car_2810": [13, 4], "car_2811": [3, 4], "car_2812": [12, 2], "car_4311": [12, 3], "car_2813": [0, 6], "car_3763": [0, 4], "car_1941": [5, 4], "car_2814": [4, 5], "car_4028": [9, 4], "car_3055": [0, 4], "car_2815": [11, 3], "car_4027": [14, 3], "car_2544": [11, 5], "car_3235": [10, 5], "car_2817": [14, 1], "car_4025": [5, 6], "car_3167": [14, 4], "car_3166": [10, 5], "car_3165": [5, 3], "car_3164": [11, 5], "car_3163": [0, 7], "car_3162": [12, 6], "car_3161": [8, 3], "car_3160": [7, 6], "car_4023": [4, 1], "car_4785": [0, 2], "car_2463": [8, 7], "car_3169": [9, 5], "car_3168": [2, 6], "car_2462": [7, 1], "car_3980": [11, 6], "car_4021": [7, 3], "car_3309": [2, 4], "car_4020": [9, 6], "car_3565": [1, 0], "car_4376": [9, 7], "car_3933": [3, 4], "car_710": [6, 3], "car_711": [9, 6], "car_712": [8, 1], "car_713": [11, 2], "car_714": [15, 2], "car_715": [1, 2], "car_716": [5, 0], "car_717": [14, 4], "car_718": [9, 3], "car_719": [13, 7], "car_4847": [10, 5], "car_4372": [5, 6], "car_1892": [5, 0], "car_3019": [14, 1], "car_3018": [15, 4], "car_4224": [3, 4], "car_3028": [13, 2], "car_3013": [9, 7], "car_3012": [6, 7], "car_3011": [2, 3], "car_3010": [14, 6], "car_3017": [11, 0], "car_3016": [0, 5], "car_3015": [8, 3], "car_2987": [13, 4], "car_3923": [3, 4], "car_3508": [10, 5], "car_3989": [14, 1], "car_3421": [15, 4], "car_4494": [0, 5], "car_4273": [7, 3], "car_4379": [4, 2], "car_4809": [14, 7], "car_4378": [0, 1], "car_1894": [6, 7], "car_4579": [9, 0], "car_4495": [11, 7], "car_4440": [13, 1], "car_4517": [2, 6], "car_4808": [10, 7], "car_3769": [4, 7], "car_4166": [12, 5], "car_4167": [4, 1], "car_4164": [13, 3], "car_4165": [8, 7], "car_4162": [2, 6], "car_4163": [9, 5], "car_4160": [10, 1], "car_4161": [14, 5], "car_4492": [3, 2], "car_4168": [11, 1], "car_4169": [15, 7], "car_2895": [6, 2], "car_3368": [6, 7], "car_4493": [7, 5], "car_4811": [0, 5], "car_138": [12, 4], "car_139": [1, 0], "car_4010": [13, 5], "car_4011": [3, 0], "car_4016": [7, 2], "car_4017": [0, 7], "car_4014": [1, 0], "car_4015": [13, 2], "car_130": [14, 4], "car_131": [2, 4], "car_132": [6, 7], "car_133": [9, 1], "car_134": [13, 4], "car_135": [3, 2], "car_136": [7, 4], "car_137": [8, 6], "car_1222": [3, 5], "car_1223": [7, 6], "car_1220": [6, 2], "car_1221": [13, 7], "car_1226": [15, 6], "car_1227": [5, 2], "car_1224": [12, 5], "car_1225": [11, 4], "car_1886": [13, 3], "car_1887": [3, 0], "car_1228": [6, 2], "car_1229": [13, 5], "car_1882": [10, 1], "car_1883": [14, 7], "car_1880": [11, 0], "car_1881": [15, 0], "car_2621": [7, 5], "car_3625": [12, 4], "car_3988": [0, 2], "car_224": [14, 2], "car_225": [7, 0], "car_226": [12, 0], "car_227": [4, 7], "car_220": [2, 4], "car_221": [13, 5], "car_222": [3, 5], "car_223": [12, 2], "car_228": [11, 6], "car_229": [15, 2], "car_1086": [3, 6], "car_1087": [7, 0], "car_1084": [9, 4], "car_1085": [13, 4], "car_1082": [1, 2], "car_1083": [14, 1], "car_1080": [11, 7], "car_1081": [15, 1], "car_2627": [7, 1], "car_2626": [3, 4], "car_2625": [9, 7], "car_2624": [6, 1], "car_2623": [0, 1], "car_2622": [8, 1], "car_1088": [0, 3], "car_1089": [11, 5], "car_1536": [8, 6], "car_1537": [12, 5], "car_1534": [14, 5], "car_1535": [9, 0], "car_1532": [15, 0], "car_1533": [10, 7], "car_1530": [6, 4], "car_1531": [4, 3], "car_4746": [0, 2], "car_4747": [15, 7], "car_4744": [13, 5], "car_4745": [8, 4], "car_4742": [6, 3], "car_4743": [9, 2], "car_1538": [0, 6], "car_1539": [4, 1], "car_4795": [12, 4], "car_3512": [13, 1], "car_4794": [7, 0], "car_4806": [15, 6], "car_4703": [9, 4], "car_4797": [11, 1], "car_4348": [15, 3], "car_4349": [5, 1], "car_4342": [13, 6], "car_4343": [7, 5], "car_4340": [14, 7], "car_4341": [2, 0], "car_4346": [0, 5], "car_4347": [4, 2], "car_4344": [8, 2], "car_4345": [12, 7], "car_956": [10, 2], "car_957": [2, 4], "car_954": [1, 0], "car_955": [5, 4], "car_952": [4, 0], "car_953": [11, 7], "car_950": [8, 6], "car_951": [0, 1], "car_4593": [12, 7], "car_1827": [2, 0], "car_2199": [6, 4], "car_2198": [1, 0], "car_958": [6, 7], "car_959": [9, 0], "car_1158": [1, 0], "car_1159": [5, 2], "car_1408": [3, 4], "car_1409": [7, 4], "car_2757": [15, 3], "car_2756": [11, 2], "car_2755": [4, 2], "car_1829": [3, 2], "car_1150": [14, 1], "car_1151": [2, 4], "car_1152": [13, 2], "car_1153": [3, 6], "car_1154": [7, 5], "car_1155": [8, 7], "car_1156": [12, 4], "car_1157": [0, 2], "car_2532": [3, 7], "car_2380": [15, 5], "car_3510": [2, 4], "car_4657": [2, 6], "car_2764": [8, 1], "car_4592": [7, 6], "car_2381": [1, 4], "car_4650": [12, 5], "car_2382": [14, 4], "car_4651": [0, 4], "car_2383": [2, 7], "car_4652": [11, 5], "car_1826": [11, 6], "car_3314": [8, 2], "car_4653": [15, 6], "car_3315": [15, 2], "car_480": [14, 1], "car_481": [2, 7], "car_482": [6, 3], "car_483": [13, 6], "car_484": [7, 3], "car_485": [12, 2], "car_486": [0, 7], "car_487": [4, 5], "car_488": [1, 7], "car_489": [5, 2], "car_2283": [9, 5], "car_2282": [2, 4], "car_2285": [7, 5], "car_2284": [3, 1], "car_2287": [0, 5], "car_2286": [12, 2], "car_2577": [4, 2], "car_853": [12, 3], "car_2575": [8, 3], "car_2574": [7, 0], "car_2573": [3, 6], "car_2572": [13, 7], "car_2571": [9, 0], "car_852": [5, 3], "car_3578": [6, 1], "car_3579": [7, 3], "car_851": [15, 7], "car_2579": [15, 3], "car_2578": [11, 0], "car_4590": [13, 6], "car_582": [0, 2], "car_4711": [14, 7], "car_1718": [14, 3], "car_1719": [2, 1], "car_1716": [1, 7], "car_857": [7, 3], "car_1714": [4, 3], "car_1715": [11, 2], "car_1712": [8, 7], "car_1713": [12, 1], "car_1710": [9, 2], "car_856": [6, 0], "car_2982": [4, 1], "car_1828": [6, 1], "car_3978": [12, 7], "car_855": [14, 0], "car_4584": [5, 1], "car_2983": [15, 5], "car_3974": [1, 3], "car_3975": [5, 3], "car_3976": [9, 3], "car_854": [1, 5], "car_3970": [9, 2], "car_2980": [7, 0], "car_3972": [12, 3], "car_3973": [0, 7], "car_4597": [14, 3], "car_4700": [14, 3], "car_2981": [0, 3], "car_2739": [3, 7], "car_4757": [0, 3], "car_2738": [6, 1], "car_3714": [9, 7], "car_3715": [3, 1], "car_3716": [8, 6], "car_3494": [12, 6], "car_2379": [4, 3], "car_2378": [0, 2], "car_828": [0, 1], "car_829": [4, 1], "car_826": [7, 3], "car_827": [8, 6], "car_824": [5, 4], "car_825": [10, 3], "car_822": [11, 7], "car_823": [15, 2], "car_820": [12, 2], "car_821": [4, 7], "car_3484": [4, 7], "car_3485": [11, 4], "car_2179": [0, 6], "car_2178": [8, 5], "car_3480": [13, 0], "car_3481": [3, 1], "car_3482": [7, 6], "car_3483": [8, 6], "car_2173": [14, 3], "car_2172": [10, 0], "car_2171": [12, 2], "car_2170": [7, 0], "car_2177": [7, 6], "car_2176": [3, 2], "car_2175": [13, 4], "car_2174": [9, 3], "car_4486": [11, 7], "car_4477": [3, 1], "car_3238": [9, 5], "car_2535": [15, 7], "car_3920": [14, 0], "car_4595": [15, 4], "car_4471": [15, 1], "car_3349": [12, 1], "car_3218": [4, 2], "car_3628": [10, 2], "car_3629": [9, 3], "car_3158": [9, 2], "car_3159": [13, 5], "car_2534": [11, 3], "car_3499": [14, 1], "car_4022": [8, 4], "car_3152": [8, 7], "car_3153": [12, 1], "car_3150": [6, 2], "car_3151": [9, 6], "car_3156": [14, 7], "car_3157": [2, 1], "car_3154": [5, 7], "car_3155": [10, 4], "car_3398": [7, 1], "car_3399": [8, 6], "car_4770": [10, 6], "car_3390": [0, 4], "car_3391": [15, 3], "car_3392": [1, 6], "car_3393": [5, 2], "car_3394": [14, 1], "car_3395": [2, 3], "car_3396": [9, 2], "car_3397": [13, 5], "car_3983": [14, 2], "car_4514": [5, 4], "car_4774": [8, 4], "car_3799": [8, 4], "car_3389": [12, 0], "car_4458": [3, 0], "car_3982": [5, 6], "car_4761": [5, 4], "car_729": [4, 3], "car_728": [0, 1], "car_725": [13, 5], "car_724": [2, 7], "car_727": [8, 0], "car_726": [3, 4], "car_721": [12, 2], "car_720": [3, 6], "car_723": [10, 5], "car_722": [1, 2], "car_3797": [3, 0], "car_2708": [0, 4], "car_3029": [3, 4], "car_3026": [6, 1], "car_3027": [9, 3], "car_3024": [15, 3], "car_3025": [1, 7], "car_3022": [12, 1], "car_3023": [4, 7], "car_3020": [3, 5], "car_3021": [7, 4], "car_3519": [5, 3], "car_4599": [13, 7], "car_2620": [2, 4], "car_3275": [1, 5], "car_1795": [2, 1], "car_4818": [6, 0], "car_4598": [2, 4], "car_3274": [15, 1], "car_1792": [4, 2], "car_4819": [9, 7], "car_3987": [8, 7], "car_3226": [4, 5], "car_4791": [2, 4], "car_1793": [5, 3], "car_3986": [7, 4], "car_3779": [12, 4], "car_4481": [4, 1], "car_2440": [2, 4], "car_4635": [14, 4], "car_4480": [12, 3], "car_4790": [14, 0], "car_4483": [6, 2], "car_105": [3, 6], "car_104": [2, 5], "car_107": [12, 3], "car_106": [7, 3], "car_101": [0, 2], "car_100": [7, 4], "car_103": [14, 3], "car_102": [5, 0], "car_1888": [7, 5], "car_4485": [3, 5], "car_109": [5, 7], "car_108": [1, 5], "car_3659": [11, 5], "car_4484": [9, 0], "car_4005": [0, 4], "car_4004": [12, 6], "car_4007": [1, 0], "car_4006": [4, 6], "car_4001": [6, 1], "car_4000": [2, 0], "car_4003": [8, 3], "car_4002": [13, 1], "car_3934": [7, 3], "car_1791": [0, 1], "car_4008": [10, 4], "car_3637": [2, 1], "car_1235": [10, 5], "car_1234": [15, 0], "car_1237": [2, 3], "car_1236": [14, 3], "car_1231": [8, 0], "car_1230": [7, 6], "car_1233": [0, 2], "car_1232": [12, 3], "car_1899": [14, 2], "car_1898": [10, 6], "car_4512": [12, 7], "car_1239": [12, 5], "car_1238": [7, 5], "car_3633": [11, 2], "car_4633": [11, 2], "car_3511": [9, 4], "car_4792": [6, 5], "car_3632": [4, 7], "car_3609": [6, 7], "car_3516": [11, 6], "car_3631": [0, 4], "car_3517": [15, 7], "car_3630": [8, 4], "car_3774": [5, 4], "car_3514": [7, 4], "car_3141": [2, 5], "car_3515": [12, 5], "car_3636": [5, 7], "car_211": [14, 0], "car_210": [15, 2], "car_213": [6, 0], "car_212": [2, 6], "car_215": [0, 3], "car_214": [12, 4], "car_217": [5, 4], "car_216": [4, 3], "car_219": [14, 6], "car_218": [10, 3], "car_4173": [13, 3], "car_3634": [15, 5], "car_4175": [12, 5], "car_3518": [1, 6], "car_4177": [1, 7], "car_2676": [15, 3], "car_1529": [1, 6], "car_1528": [0, 7], "car_2610": [10, 6], "car_2611": [14, 2], "car_2616": [12, 7], "car_2617": [0, 7], "car_2614": [13, 3], "car_2615": [8, 2], "car_1521": [2, 5], "car_1520": [14, 0], "car_1523": [9, 2], "car_1522": [6, 5], "car_1525": [3, 6], "car_1524": [13, 0], "car_1527": [12, 0], "car_1526": [7, 1], "car_4751": [14, 0], "car_4750": [10, 0], "car_4753": [9, 4], "car_3227": [15, 4], "car_4755": [3, 6], "car_2849": [8, 7], "car_2700": [0, 6], "car_4756": [12, 7], "car_4759": [15, 1], "car_4758": [4, 6], "car_2848": [7, 1], "car_3772": [6, 5], "car_2740": [7, 6], "car_3222": [14, 5], "car_2741": [8, 7], "car_3223": [2, 3], "car_2313": [0, 1], "car_2701": [5, 0], "car_4358": [2, 6], "car_2312": [12, 2], "car_4355": [8, 5], "car_4354": [3, 2], "car_4357": [10, 6], "car_4356": [4, 1], "car_4351": [14, 2], "car_2311": [3, 2], "car_3773": [12, 5], "car_4352": [2, 1], "car_923": [6, 4], "car_922": [2, 6], "car_921": [5, 0], "car_920": [1, 5], "car_927": [12, 1], "car_926": [7, 6], "car_925": [3, 5], "car_924": [13, 6], "car_2317": [6, 0], "car_929": [11, 5], "car_928": [4, 5], "car_3665": [8, 1], "car_2316": [2, 4], "car_2766": [11, 3], "car_2748": [8, 1], "car_1149": [4, 5], "car_1148": [8, 1], "car_1419": [4, 7], "car_1418": [0, 4], "car_2760": [10, 5], "car_2749": [11, 1], "car_1143": [4, 6], "car_1142": [0, 4], "car_1141": [12, 1], "car_1140": [8, 5], "car_1147": [3, 5], "car_1146": [6, 3], "car_1145": [14, 4], "car_1144": [10, 7], "car_4503": [4, 6], "car_4504": [11, 0], "car_4505": [15, 0], "car_1099": [5, 7], "car_1098": [1, 5], "car_3385": [6, 1], "car_4580": [7, 4], "car_4816": [14, 2], "car_1091": [14, 7], "car_1090": [5, 2], "car_1093": [3, 4], "car_1092": [2, 6], "car_1095": [12, 7], "car_1094": [8, 6], "car_1097": [11, 5], "car_1096": [4, 7], "car_2818": [9, 7], "car_2819": [7, 0], "car_2548": [14, 2], "car_2549": [6, 3], "car_3361": [6, 5], "car_3360": [2, 5], "car_3363": [3, 6], "car_3362": [13, 3], "car_2542": [12, 6], "car_2543": [4, 6], "car_2540": [3, 0], "car_2541": [7, 0], "car_2546": [5, 3], "car_2547": [10, 5], "car_2521": [15, 0], "car_2545": [1, 0], "car_3563": [0, 1], "car_3562": [12, 0], "car_3561": [8, 6], "car_3384": [2, 1], "car_3567": [6, 3], "car_3566": [10, 0], "car_3468": [7, 0], "car_3564": [11, 3], "car_3569": [8, 4], "car_3568": [9, 5], "car_4645": [10, 2], "car_1701": [10, 1], "car_1700": [5, 1], "car_1703": [3, 2], "car_1702": [9, 6], "car_1705": [0, 7], "car_1704": [12, 0], "car_1707": [14, 1], "car_1706": [4, 0], "car_1709": [6, 3], "car_1708": [2, 0], "car_2522": [13, 7], "car_4661": [8, 7], "car_4582": [11, 1], "car_4814": [1, 2], "car_3969": [6, 2], "car_3968": [2, 4], "car_3967": [14, 7], "car_3966": [10, 7], "car_3965": [5, 6], "car_3964": [12, 0], "car_3963": [8, 6], "car_3962": [15, 0], "car_3961": [4, 1], "car_3960": [7, 5], "car_4850": [6, 0], "car_2523": [7, 6], "car_4660": [3, 5], "car_589": [8, 1], "car_588": [7, 3], "car_859": [11, 1], "car_858": [0, 4], "car_2384": [12, 6], "car_2385": [4, 0], "car_1695": [13, 6], "car_2387": [15, 1], "car_581": [3, 6], "car_580": [13, 4], "car_583": [4, 0], "car_850": [11, 7], "car_585": [2, 4], "car_584": [1, 3], "car_587": [3, 2], "car_586": [6, 1], "car_3497": [15, 1], "car_3496": [4, 0], "car_3495": [0, 6], "car_2002": [9, 1], "car_3493": [13, 6], "car_3492": [6, 5], "car_2148": [1, 7], "car_2149": [5, 7], "car_2146": [11, 5], "car_2147": [15, 7], "car_2144": [8, 5], "car_2145": [4, 5], "car_2142": [14, 0], "car_2143": [6, 4], "car_2140": [1, 0], "car_2141": [10, 4], "car_4544": [12, 4], "car_3896": [5, 0], "car_4049": [10, 1], "car_4639": [8, 2], "car_3529": [14, 6], "car_4662": [0, 3], "car_4585": [10, 2], "car_2985": [14, 6], "car_3639": [0, 3], "car_3638": [13, 2], "car_3149": [10, 4], "car_3148": [15, 0], "car_3145": [7, 5], "car_3144": [3, 7], "car_3147": [4, 1], "car_3146": [12, 2], "car_2779": [5, 7], "car_3140": [14, 5], "car_3143": [13, 5], "car_3142": [6, 0], "car_457": [4, 1], "car_456": [0, 6], "car_455": [8, 3], "car_454": [7, 0], "car_453": [3, 5], "car_452": [13, 4], "car_451": [9, 6], "car_450": [2, 4], "car_3383": [10, 5], "car_3382": [1, 4], "car_3381": [15, 3], "car_1878": [8, 6], "car_3387": [13, 0], "car_3386": [9, 4], "car_459": [10, 2], "car_458": [5, 4], "car_1877": [7, 6], "car_4644": [1, 2], "car_1876": [3, 4], "car_2778": [1, 6], "car_2993": [11, 3], "car_1875": [9, 0], "car_1874": [6, 5], "car_4587": [2, 3], "car_1873": [14, 7], "car_1872": [5, 1], "car_738": [10, 1], "car_739": [2, 0], "car_1871": [15, 4], "car_733": [9, 5], "car_732": [10, 3], "car_32": [8, 7], "car_730": [11, 3], "car_731": [1, 5], "car_736": [15, 7], "car_737": [5, 4], "car_734": [8, 6], "car_735": [4, 3], "car_3031": [12, 1], "car_1976": [13, 4], "car_3033": [11, 1], "car_3032": [0, 3], "car_3035": [14, 4], "car_3034": [10, 6], "car_3037": [3, 0], "car_1977": [3, 6], "car_3039": [8, 7], "car_3038": [7, 3], "car_3348": [7, 1], "car_1698": [0, 3], "car_4120": [13, 2], "car_4782": [7, 2], "car_4121": [12, 4], "car_4126": [13, 6], "car_3345": [10, 6], "car_4127": [0, 3], "car_3748": [15, 1], "car_3344": [5, 2], "car_4589": [9, 4], "car_4124": [10, 3], "car_3030": [7, 0], "car_4125": [14, 7], "car_4134": [8, 2], "car_4041": [5, 7], "car_3635": [1, 0], "car_38": [7, 6], "car_4040": [1, 6], "car_39": [8, 7], "car_4128": [4, 2], "car_2564": [9, 1], "car_4129": [11, 0], "car_2565": [7, 1], "car_4045": [7, 1], "car_3036": [6, 3], "car_2566": [12, 1], "car_2295": [12, 7], "car_1978": [7, 6], "car_2560": [15, 1], "car_1979": [8, 0], "car_3523": [7, 1], "car_2561": [1, 7], "car_4258": [10, 7], "car_2562": [10, 0], "car_4259": [14, 5], "car_2563": [2, 7], "car_4708": [1, 7], "car_2443": [7, 1], "car_4709": [5, 4], "car_2442": [3, 7], "car_3998": [1, 3], "car_3522": [3, 7], "car_3351": [1, 0], "car_2441": [6, 1], "car_112": [0, 4], "car_113": [4, 2], "car_110": [2, 6], "car_111": [7, 5], "car_116": [9, 0], "car_117": [13, 3], "car_114": [1, 3], "car_115": [10, 6], "car_2447": [15, 5], "car_118": [4, 0], "car_119": [11, 2], "car_2446": [11, 4], "car_4319": [7, 5], "car_2445": [4, 3], "car_3999": [5, 2], "car_4318": [3, 5], "car_3521": [6, 1], "car_2299": [6, 2], "car_4252": [6, 7], "car_2533": [0, 5], "car_2453": [3, 7], "car_4611": [2, 1], "car_4612": [6, 7], "car_4253": [9, 4], "car_3408": [8, 3], "car_4615": [12, 1], "car_4616": [1, 7], "car_4617": [5, 3], "car_4618": [10, 1], "car_4619": [14, 3], "car_4255": [7, 4], "car_3828": [10, 1], "car_3996": [0, 7], "car_4704": [12, 0], "car_4705": [0, 4], "car_2454": [7, 6], "car_4052": [9, 7], "car_3409": [12, 2], "car_4298": [13, 4], "car_4299": [3, 1], "car_4294": [5, 0], "car_4295": [10, 4], "car_4296": [2, 4], "car_4297": [9, 4], "car_4290": [7, 4], "car_4291": [12, 7], "car_4292": [0, 4], "car_4293": [4, 0], "car_1950": [10, 0], "car_1951": [14, 2], "car_1952": [13, 4], "car_1953": [8, 7], "car_1954": [12, 7], "car_1955": [5, 7], "car_208": [0, 7], "car_209": [4, 6], "car_206": [8, 2], "car_207": [12, 6], "car_204": [13, 6], "car_205": [7, 2], "car_202": [1, 0], "car_203": [6, 1], "car_200": [4, 0], "car_201": [15, 7], "car_2605": [14, 1], "car_2604": [10, 7], "car_2607": [7, 4], "car_2606": [6, 5], "car_1558": [1, 3], "car_1559": [5, 2], "car_2603": [5, 1], "car_2602": [1, 6], "car_1554": [7, 4], "car_1555": [12, 3], "car_1556": [4, 5], "car_1557": [11, 6], "car_1550": [14, 1], "car_1551": [9, 1], "car_1552": [13, 1], "car_1553": [3, 6], "car_4724": [8, 6], "car_4725": [12, 2], "car_1398": [7, 0], "car_1399": [12, 1], "car_4720": [14, 6], "car_4721": [2, 5], "car_4722": [3, 2], "car_4723": [7, 5], "car_1392": [15, 3], "car_1393": [5, 3], "car_1390": [8, 3], "car_1391": [4, 1], "car_1396": [9, 6], "car_1397": [13, 3], "car_1394": [14, 3], "car_1395": [2, 3], "car_3862": [14, 1], "car_2598": [7, 1], "car_3544": [7, 0], "car_3404": [14, 6], "car_930": [15, 6], "car_931": [1, 4], "car_932": [10, 7], "car_933": [9, 7], "car_934": [13, 5], "car_935": [3, 7], "car_936": [4, 1], "car_937": [11, 4], "car_938": [1, 7], "car_939": [5, 4], "car_2773": [12, 7], "car_2772": [7, 6], "car_2775": [4, 1], "car_2774": [0, 2], "car_2777": [15, 6], "car_2776": [11, 4], "car_6": [4, 6], "car_7": [1, 7], "car_4": [13, 0], "car_5": [7, 4], "car_2": [11, 1], "car_3": [1, 2], "car_1178": [6, 5], "car_1": [4, 0], "car_1176": [1, 7], "car_1177": [5, 2], "car_1174": [4, 0], "car_1175": [15, 4], "car_1172": [7, 4], "car_1173": [12, 4], "car_8": [14, 5], "car_9": [2, 0], "car_3869": [1, 2], "car_3829": [2, 7], "car_3746": [0, 7], "car_3513": [3, 2], "car_3904": [2, 4], "car_3807": [11, 4], "car_3898": [13, 5], "car_3908": [3, 5], "car_4610": [5, 7], "car_3826": [15, 7], "car_3827": [1, 2], "car_2809": [9, 0], "car_2808": [6, 3], "car_2559": [11, 2], "car_2558": [4, 2], "car_3820": [1, 0], "car_3821": [5, 6], "car_2555": [13, 1], "car_2554": [14, 2], "car_2557": [0, 1], "car_2556": [8, 6], "car_2551": [12, 3], "car_2550": [8, 4], "car_2553": [11, 3], "car_2552": [4, 5], "car_3556": [1, 4], "car_3557": [5, 1], "car_3554": [0, 2], "car_3555": [11, 6], "car_3552": [13, 2], "car_3553": [12, 2], "car_3550": [14, 1], "car_3551": [9, 2], "car_3902": [15, 4], "car_3558": [2, 0], "car_3559": [3, 0], "car_1774": [3, 2], "car_1775": [8, 2], "car_1776": [12, 6], "car_1777": [1, 4], "car_1770": [5, 2], "car_1771": [2, 3], "car_1772": [6, 2], "car_1773": [13, 7], "car_3744": [9, 3], "car_1778": [14, 4], "car_1779": [3, 7], "car_98": [13, 0], "car_99": [3, 5], "car_3950": [8, 0], "car_3951": [12, 2], "car_3956": [2, 3], "car_3957": [9, 5], "car_3954": [10, 6], "car_3955": [14, 1], "car_90": [6, 1], "car_91": [8, 4], "car_92": [0, 7], "car_93": [11, 2], "car_94": [15, 6], "car_95": [1, 7], "car_96": [5, 7], "car_97": [14, 1], "car_596": [13, 3], "car_597": [3, 5], "car_594": [2, 5], "car_595": [6, 4], "car_592": [11, 4], "car_593": [10, 0], "car_590": [12, 1], "car_591": [0, 6], "car_3500": [6, 5], "car_3733": [0, 7], "car_3730": [7, 4], "car_3731": [8, 2], "car_3736": [13, 4], "car_3737": [3, 4], "car_598": [8, 6], "car_599": [12, 3], "car_848": [8, 0], "car_849": [0, 6], "car_2391": [3, 4], "car_2390": [2, 1], "car_2397": [3, 5], "car_2396": [6, 7], "car_2395": [10, 1], "car_2394": [5, 3], "car_840": [11, 0], "car_841": [15, 4], "car_842": [1, 0], "car_843": [14, 2], "car_844": [9, 0], "car_845": [13, 5], "car_846": [3, 7], "car_847": [7, 0], "car_1608": [12, 4], "car_1609": [4, 3], "car_2153": [15, 4], "car_2152": [12, 7], "car_2155": [14, 7], "car_2154": [10, 1], "car_2157": [3, 5], "car_2156": [13, 3], "car_1600": [9, 3], "car_1601": [8, 2], "car_1602": [0, 1], "car_1603": [4, 7], "car_1604": [11, 7], "car_1605": [15, 0], "car_1606": [1, 0], "car_1607": [3, 4], "car_4500": [9, 3], "car_4404": [15, 6], "car_2369": [12, 0], "car_3765": [9, 0], "car_3538": [10, 5], "car_4389": [8, 2], "car_4677": [0, 1], "car_3764": [1, 3], "car_3767": [7, 2], "car_3766": [13, 2], "car_3620": [0, 4], "car_2362": [1, 2], "car_3608": [1, 3], "car_2363": [2, 6], "car_3606": [4, 7], "car_3607": [11, 2], "car_3604": [8, 0], "car_3605": [12, 1], "car_3602": [9, 6], "car_3603": [3, 4], "car_3600": [14, 1], "car_3601": [2, 3], "car_444": [4, 2], "car_445": [11, 6], "car_446": [15, 4], "car_447": [5, 7], "car_440": [3, 5], "car_441": [7, 5], "car_442": [8, 7], "car_443": [0, 2], "car_3892": [7, 2], "car_448": [10, 7], "car_449": [14, 7], "car_2717": [7, 0], "car_2716": [9, 4], "car_3210": [5, 4], "car_4578": [6, 5], "car_4826": [5, 2], "car_2715": [6, 7], "car_2201": [7, 1], "car_2714": [2, 7], "car_2200": [3, 2], "car_2713": [14, 7], "car_4640": [12, 0], "car_2712": [5, 0], "car_2711": [1, 7], "car_4825": [1, 5], "car_2710": [11, 5], "car_3405": [6, 0], "car_3044": [2, 5], "car_3045": [6, 0], "car_3046": [9, 6], "car_3047": [3, 2], "car_3040": [4, 1], "car_3041": [5, 6], "car_3042": [10, 0], "car_3043": [14, 0], "car_3623": [3, 7], "car_4849": [2, 7], "car_3048": [8, 3], "car_3049": [12, 7], "car_2209": [6, 4], "car_3534": [7, 5], "car_4554": [7, 2], "car_2208": [2, 1], "car_4553": [3, 2], "car_4450": [7, 2], "car_4063": [14, 2], "car_3897": [9, 2], "car_4418": [6, 5], "car_4419": [13, 1], "car_4323": [1, 2], "car_3599": [10, 3], "car_3535": [8, 2], "car_3663": [3, 1], "car_4575": [11, 5], "car_4823": [0, 4], "car_2324": [2, 7], "car_4386": [9, 2], "car_4122": [0, 1], "car_695": [8, 2], "car_694": [3, 6], "car_697": [1, 2], "car_696": [12, 2], "car_691": [1, 7], "car_690": [15, 6], "car_693": [6, 3], "car_692": [14, 6], "car_4412": [12, 2], "car_699": [14, 5], "car_698": [10, 6], "car_4413": [0, 1], "car_4520": [3, 2], "car_4679": [11, 2], "car_4574": [4, 2], "car_4822": [8, 4], "car_3810": [14, 2], "car_3479": [14, 3], "car_4123": [11, 5], "car_3876": [12, 3], "car_4845": [4, 7], "car_4577": [14, 1], "car_4821": [7, 2], "car_3478": [10, 4], "car_4829": [2, 0], "car_3894": [12, 2], "car_4525": [3, 2], "car_2399": [11, 0], "car_4576": [15, 2], "car_4820": [3, 7], "car_4603": [0, 4], "car_4602": [8, 2], "car_4601": [7, 0], "car_4600": [3, 7], "car_4607": [12, 0], "car_4606": [14, 7], "car_4605": [15, 3], "car_4604": [11, 0], "car_4609": [1, 5], "car_4608": [4, 5], "car_4571": [14, 7], "car_4451": [12, 4], "car_3571": [0, 2], "car_4288": [10, 7], "car_4287": [4, 0], "car_4286": [0, 6], "car_4285": [13, 2], "car_4284": [9, 5], "car_4283": [6, 5], "car_4282": [2, 1], "car_4281": [14, 4], "car_4280": [5, 2], "car_1943": [14, 1], "car_1942": [10, 0], "car_279": [5, 3], "car_278": [1, 7], "car_1947": [3, 6], "car_1946": [13, 5], "car_1945": [9, 4], "car_1944": [6, 2], "car_273": [8, 1], "car_272": [7, 0], "car_271": [3, 5], "car_270": [9, 3], "car_277": [11, 5], "car_276": [4, 6], "car_275": [0, 6], "car_274": [12, 1], "car_2946": [9, 0], "car_1925": [4, 0], "car_2944": [1, 2], "car_2945": [5, 7], "car_2942": [11, 7], "car_2943": [15, 6], "car_1549": [10, 1], "car_1548": [5, 7], "car_1547": [15, 0], "car_1546": [11, 5], "car_1545": [4, 0], "car_1544": [13, 2], "car_1543": [6, 7], "car_1542": [14, 6], "car_1541": [1, 4], "car_1540": [15, 3], "car_4737": [7, 1], "car_4736": [3, 4], "car_3762": [8, 1], "car_4734": [14, 6], "car_1389": [7, 4], "car_1388": [13, 5], "car_4731": [11, 4], "car_4730": [12, 5], "car_1385": [5, 2], "car_1384": [1, 6], "car_1387": [2, 3], "car_1386": [10, 0], "car_1381": [0, 6], "car_1380": [12, 6], "car_1383": [15, 3], "car_1382": [11, 2], "car_4572": [6, 4], "car_3742": [2, 4], "car_307": [12, 1], "car_306": [7, 3], "car_305": [3, 6], "car_304": [13, 7], "car_303": [2, 1], "car_302": [4, 6], "car_301": [0, 3], "car_300": [12, 7], "car_804": [15, 6], "car_309": [1, 4], "car_308": [15, 7], "car_3752": [8, 5], "car_3435": [11, 6], "car_909": [10, 5], "car_908": [15, 1], "car_3434": [0, 4], "car_905": [0, 4], "car_904": [12, 0], "car_907": [11, 4], "car_906": [4, 6], "car_901": [6, 5], "car_900": [15, 6], "car_903": [8, 0], "car_902": [13, 2], "car_1161": [14, 6], "car_1160": [10, 6], "car_1163": [6, 7], "car_1162": [2, 7], "car_1165": [3, 4], "car_1164": [13, 0], "car_1167": [0, 3], "car_1166": [12, 7], "car_1169": [10, 2], "car_1168": [1, 6], "car_4421": [12, 0], "car_4420": [3, 2], "car_4427": [3, 2], "car_4426": [13, 4], "car_3753": [0, 5], "car_3539": [2, 1], "car_4569": [0, 1], "car_3925": [12, 5], "car_3889": [10, 5], "car_3924": [7, 2], "car_2432": [1, 4], "car_2433": [14, 2], "car_2430": [13, 7], "car_3549": [10, 5], "car_3548": [15, 6], "car_2322": [15, 3], "car_2431": [3, 0], "car_2838": [3, 7], "car_2839": [7, 5], "car_2836": [9, 1], "car_2436": [3, 7], "car_2834": [1, 6], "car_2835": [10, 3], "car_2832": [12, 5], "car_2833": [11, 7], "car_2830": [7, 1], "car_2437": [7, 5], "car_2010": [13, 7], "car_2011": [0, 6], "car_2012": [11, 7], "car_2013": [15, 2], "car_2014": [10, 2], "car_2015": [14, 3], "car_2016": [9, 1], "car_2017": [8, 5], "car_2018": [15, 5], "car_2019": [10, 1], "car_4024": [15, 6], "car_2435": [13, 1], "car_3732": [12, 1], "car_87": [5, 4], "car_86": [1, 0], "car_85": [15, 5], "car_84": [11, 3], "car_83": [4, 7], "car_82": [12, 7], "car_81": [8, 3], "car_80": [7, 0], "car_4444": [4, 0], "car_3249": [4, 7], "car_2001": [6, 7], "car_89": [14, 0], "car_88": [10, 0], "car_3945": [12, 1], "car_3944": [8, 5], "car_3947": [4, 3], "car_2000": [2, 1], "car_2498": [13, 2], "car_2499": [3, 4], "car_3943": [13, 0], "car_3942": [9, 4], "car_2494": [5, 6], "car_2495": [10, 5], "car_2496": [2, 7], "car_2497": [9, 0], "car_2490": [0, 1], "car_2491": [4, 6], "car_2492": [11, 0], "car_2493": [1, 7], "car_875": [3, 5], "car_874": [9, 6], "car_877": [12, 5], "car_876": [8, 1], "car_871": [10, 0], "car_870": [15, 1], "car_873": [2, 4], "car_872": [14, 6], "car_3228": [5, 4], "car_3242": [1, 4], "car_3727": [6, 0], "car_1694": [9, 7], "car_879": [1, 0], "car_878": [15, 3], "car_3723": [0, 5], "car_3243": [5, 4], "car_1752": [14, 1], "car_4613": [9, 3], "car_1753": [2, 3], "car_4614": [7, 5], "car_1699": [4, 2], "car_2124": [1, 5], "car_2125": [6, 0], "car_1619": [1, 4], "car_1618": [15, 1], "car_2120": [7, 6], "car_2121": [8, 7], "car_2122": [4, 5], "car_2123": [11, 2], "car_1613": [13, 0], "car_1612": [6, 7], "car_1611": [10, 2], "car_1610": [5, 2], "car_1617": [0, 7], "car_1616": [12, 6], "car_1615": [8, 2], "car_1614": [7, 5], "car_3839": [3, 4], "car_3838": [9, 3], "car_1754": [9, 5], "car_3831": [3, 2], "car_3830": [9, 5], "car_3833": [12, 3], "car_1755": [13, 5], "car_3835": [1, 7], "car_3834": [4, 0], "car_3837": [10, 6], "car_3836": [5, 2], "car_4441": [7, 2], "car_2767": [1, 5], "car_3653": [6, 0], "car_3611": [7, 3], "car_3610": [13, 2], "car_3613": [0, 4], "car_3612": [8, 7], "car_3615": [6, 3], "car_3614": [1, 5], "car_3617": [13, 3], "car_3616": [9, 5], "car_2323": [14, 6], "car_3618": [3, 2], "car_4208": [0, 7], "car_471": [9, 7], "car_470": [6, 2], "car_473": [7, 3], "car_472": [13, 4], "car_475": [12, 2], "car_474": [8, 1], "car_477": [4, 6], "car_476": [0, 5], "car_479": [5, 1], "car_478": [15, 7], "car_2232": [5, 0], "car_2233": [10, 2], "car_2234": [14, 7], "car_2235": [6, 3], "car_2236": [13, 3], "car_2237": [11, 6], "car_4534": [0, 3], "car_4443": [0, 4], "car_2769": [9, 5], "car_2765": [4, 7], "car_4719": [10, 5], "car_4649": [8, 1], "car_4741": [10, 3], "car_2038": [9, 7], "car_2709": [4, 2], "car_3229": [2, 5], "car_3057": [15, 2], "car_3056": [11, 4], "car_2762": [6, 7], "car_3054": [12, 7], "car_3053": [6, 1], "car_3052": [10, 2], "car_3051": [5, 2], "car_3050": [15, 6], "car_3059": [14, 3], "car_3058": [10, 1], "car_3997": [11, 0], "car_3303": [7, 0], "car_2039": [3, 5], "car_3809": [5, 6], "car_2763": [7, 1], "car_1819": [5, 4], "car_4647": [13, 0], "car_4659": [13, 0], "car_1818": [4, 6], "car_4102": [0, 3], "car_4530": [1, 5], "car_4454": [15, 4], "car_2386": [11, 5], "car_682": [2, 4], "car_683": [6, 5], "car_680": [1, 3], "car_681": [10, 0], "car_686": [7, 0], "car_687": [12, 3], "car_684": [9, 1], "car_685": [3, 7], "car_688": [0, 7], "car_689": [4, 7], "car_4179": [2, 0], "car_4382": [10, 5], "car_2481": [1, 5], "car_2761": [14, 1], "car_3540": [6, 2], "car_3282": [11, 7], "car_3283": [15, 6], "car_1815": [6, 1], "car_3280": [0, 2], "car_1814": [5, 2], "car_3621": [6, 4], "car_3281": [4, 0], "car_3286": [6, 3], "car_3543": [3, 2], "car_4019": [14, 7], "car_2388": [1, 0], "car_3287": [13, 7], "car_4665": [5, 1], "car_3284": [5, 6], "car_4664": [1, 0], "car_3285": [2, 3], "car_4667": [9, 2], "car_4666": [2, 1], "car_4108": [15, 2], "car_3542": [9, 6], "car_2389": [5, 6], "car_3288": [7, 3], "car_4560": [13, 6], "car_4109": [2, 0], "car_4636": [2, 0], "car_4637": [9, 5], "car_4634": [10, 2], "car_3289": [8, 6], "car_1670": [11, 3], "car_1956": [10, 1], "car_4630": [3, 7], "car_4631": [7, 2], "car_3302": [3, 7], "car_1957": [14, 5], "car_4638": [3, 5], "car_3324": [3, 6], "car_1958": [2, 7], "car_1959": [6, 7], "car_3545": [12, 7], "car_4716": [15, 5], "car_4106": [8, 2], "car_2003": [7, 3], "car_4107": [0, 5], "car_3858": [0, 6], "car_4100": [6, 1], "car_4101": [3, 7], "car_268": [14, 7], "car_269": [6, 5], "car_1974": [6, 3], "car_1975": [9, 5], "car_1972": [10, 4], "car_1973": [2, 5], "car_1970": [8, 7], "car_1971": [4, 6], "car_260": [4, 6], "car_261": [2, 3], "car_262": [6, 3], "car_263": [3, 7], "car_264": [7, 0], "car_265": [8, 4], "car_266": [0, 7], "car_267": [5, 3], "car_1572": [1, 0], "car_1573": [5, 4], "car_1570": [0, 6], "car_1571": [4, 7], "car_1576": [2, 1], "car_1577": [6, 5], "car_1574": [10, 3], "car_1575": [14, 2], "car_4250": [14, 7], "car_4251": [2, 7], "car_1578": [13, 7], "car_1579": [7, 0], "car_4254": [3, 1], "car_2971": [14, 2], "car_4256": [8, 0], "car_4257": [15, 2], "car_1370": [12, 5], "car_1371": [11, 0], "car_1372": [15, 6], "car_1373": [1, 5], "car_1374": [10, 0], "car_1375": [2, 6], "car_1376": [6, 7], "car_1377": [9, 1], "car_1378": [13, 0], "car_1379": [8, 4], "car_3014": [13, 3], "car_3254": [13, 4], "car_2600": [0, 5], "car_4459": [7, 2], "car_2975": [15, 5], "car_3992": [3, 0], "car_2974": [0, 7], "car_3993": [7, 0], "car_314": [3, 0], "car_315": [8, 3], "car_316": [12, 7], "car_317": [15, 2], "car_310": [5, 1], "car_311": [10, 0], "car_312": [2, 3], "car_313": [9, 7], "car_318": [1, 0], "car_319": [5, 7], "car_4388": [7, 3], "car_4119": [2, 6], "car_918": [11, 6], "car_919": [15, 4], "car_2719": [5, 2], "car_2718": [0, 3], "car_912": [9, 4], "car_913": [13, 6], "car_910": [2, 3], "car_911": [6, 3], "car_916": [12, 1], "car_917": [0, 7], "car_914": [3, 7], "car_915": [7, 5], "car_1114": [14, 7], "car_1115": [9, 7], "car_1116": [8, 5], "car_1117": [12, 4], "car_1110": [10, 0], "car_1111": [13, 6], "car_1112": [3, 7], "car_1113": [11, 4], "car_4416": [10, 6], "car_4417": [2, 0], "car_4414": [1, 5], "car_4415": [5, 1], "car_1118": [5, 6], "car_1119": [6, 1], "car_4410": [3, 5], "car_4411": [8, 5], "car_1284": [1, 6], "car_1285": [2, 1], "car_1286": [6, 0], "car_1287": [13, 7], "car_1280": [14, 2], "car_1281": [6, 0], "car_1282": [0, 4], "car_1283": [15, 2], "car_3458": [13, 4], "car_2130": [4, 3], "car_1288": [7, 2], "car_1289": [12, 2], "car_4712": [13, 4], "car_2959": [2, 5], "car_2958": [14, 6], "car_4688": [11, 2], "car_2951": [5, 2], "car_2950": [15, 0], "car_2953": [6, 2], "car_2952": [10, 5], "car_2955": [4, 5], "car_2954": [12, 1], "car_2957": [10, 5], "car_2956": [15, 1], "car_2821": [12, 7], "car_2820": [8, 6], "car_1744": [15, 7], "car_2822": [4, 0], "car_2825": [5, 4], "car_2824": [1, 6], "car_2827": [2, 7], "car_2826": [14, 5], "car_2829": [3, 1], "car_2828": [6, 7], "car_3536": [1, 7], "car_3537": [5, 3], "car_3530": [2, 6], "car_3531": [6, 1], "car_3532": [13, 6], "car_3533": [3, 0], "car_1028": [3, 4], "car_1029": [0, 7], "car_1758": [8, 2], "car_1759": [11, 0], "car_2007": [11, 1], "car_2006": [4, 7], "car_2005": [12, 4], "car_2004": [8, 3], "car_1020": [9, 0], "car_1021": [13, 0], "car_1022": [12, 5], "car_1023": [4, 3], "car_1024": [5, 6], "car_1025": [10, 2], "car_1026": [2, 6], "car_1027": [9, 1], "car_1598": [14, 7], "car_1599": [6, 7], "car_4680": [15, 4], "car_1590": [8, 0], "car_1591": [15, 7], "car_1592": [14, 1], "car_1593": [13, 7], "car_1594": [4, 5], "car_1595": [15, 4], "car_1596": [1, 3], "car_1597": [10, 6], "car_2489": [7, 2], "car_2488": [13, 5], "car_2487": [9, 7], "car_2486": [6, 7], "car_2485": [2, 1], "car_2484": [14, 4], "car_2483": [10, 1], "car_2482": [5, 6], "car_1746": [6, 2], "car_2480": [15, 4], "car_862": [5, 0], "car_863": [10, 2], "car_860": [15, 6], "car_861": [1, 3], "car_866": [6, 4], "car_867": [3, 2], "car_864": [14, 0], "car_865": [2, 6], "car_868": [12, 6], "car_869": [11, 6], "car_3440": [13, 2], "car_3441": [3, 1], "car_3442": [7, 1], "car_3443": [4, 0], "car_3444": [11, 4], "car_3445": [1, 2], "car_3446": [5, 6], "car_3447": [14, 4], "car_3448": [2, 0], "car_3449": [6, 3], "car_3994": [8, 2], "car_3995": [12, 0], "car_1741": [12, 7], "car_3846": [4, 2], "car_3990": [2, 0], "car_3991": [6, 0], "car_2137": [8, 6], "car_2136": [3, 2], "car_2135": [6, 0], "car_2134": [2, 3], "car_2133": [14, 6], "car_2132": [5, 7], "car_1628": [4, 3], "car_1629": [15, 1], "car_1626": [7, 3], "car_1627": [0, 3], "car_1624": [9, 7], "car_1625": [3, 6], "car_1622": [14, 7], "car_1623": [2, 4], "car_1620": [5, 1], "car_1621": [10, 4], "car_3848": [15, 0], "car_3849": [1, 5], "car_3844": [9, 7], "car_3845": [13, 5], "car_1740": [13, 5], "car_3847": [11, 6], "car_3840": [7, 0], "car_3841": [11, 3], "car_3842": [5, 7], "car_3843": [6, 7]}