{"car_3253": [4, 7], "car_3750": [1, 7], "car_2009": [10, 1], "car_3196": [3, 1], "car_3197": [12, 5], "car_3194": [9, 5], "car_3195": [13, 2], "car_3192": [1, 4], "car_3193": [10, 6], "car_3190": [3, 6], "car_3191": [11, 4], "car_3668": [13, 5], "car_3669": [7, 4], "car_3198": [0, 7], "car_3199": [4, 6], "car_2229": [1, 7], "car_2228": [15, 6], "car_468": [4, 1], "car_469": [11, 0], "car_466": [14, 0], "car_467": [7, 6], "car_464": [15, 1], "car_465": [10, 5], "car_462": [12, 4], "car_463": [4, 2], "car_460": [3, 5], "car_461": [7, 2], "car_4456": [9, 6], "car_4012": [9, 5], "car_4658": [5, 4], "car_2455": [11, 0], "car_4457": [13, 4], "car_3068": [9, 0], "car_3069": [13, 3], "car_2751": [15, 3], "car_3768": [14, 7], "car_3062": [4, 0], "car_3063": [15, 4], "car_3060": [8, 7], "car_3061": [0, 6], "car_3066": [2, 0], "car_3067": [6, 4], "car_3064": [1, 3], "car_3065": [5, 3], "car_3268": [5, 3], "car_817": [4, 5], "car_816": [13, 1], "car_3260": [11, 5], "car_3261": [5, 4], "car_3262": [10, 0], "car_3263": [14, 1], "car_3264": [2, 1], "car_815": [15, 5], "car_3266": [12, 6], "car_3267": [0, 5], "car_2750": [11, 3], "car_814": [11, 1], "car_813": [7, 5], "car_812": [13, 4], "car_2072": [4, 5], "car_811": [6, 1], "car_2073": [11, 2], "car_4455": [5, 6], "car_810": [14, 2], "car_3743": [6, 1], "car_3214": [6, 1], "car_3741": [14, 2], "car_3740": [10, 1], "car_679": [7, 4], "car_678": [13, 2], "car_677": [9, 5], "car_676": [6, 1], "car_675": [2, 5], "car_674": [14, 3], "car_673": [10, 7], "car_672": [15, 2], "car_671": [11, 3], "car_670": [4, 5], "car_2771": [3, 5], "car_4654": [6, 3], "car_3213": [2, 3], "car_2770": [9, 7], "car_3212": [14, 3], "car_2078": [3, 6], "car_2079": [7, 5], "car_3464": [10, 1], "car_4013": [13, 0], "car_4026": [6, 1], "car_4655": [8, 3], "car_4706": [3, 2], "car_2456": [14, 2], "car_2341": [15, 4], "car_2670": [0, 1], "car_3465": [14, 1], "car_3818": [0, 2], "car_2671": [11, 2], "car_4429": [13, 1], "car_2754": [6, 0], "car_2672": [1, 7], "car_4702": [9, 2], "car_4656": [12, 7], "car_2223": [14, 1], "car_789": [11, 7], "car_788": [12, 4], "car_3338": [7, 0], "car_2222": [10, 4], "car_783": [10, 1], "car_782": [5, 0], "car_781": [1, 7], "car_780": [4, 6], "car_787": [7, 6], "car_786": [13, 6], "car_785": [2, 5], "car_784": [14, 4], "car_3462": [4, 0], "car_2220": [11, 6], "car_0": [4, 3], "car_2227": [4, 7], "car_1179": [13, 1], "car_2375": [0, 5], "car_2226": [7, 5], "car_4430": [3, 1], "car_4793": [13, 2], "car_3339": [12, 3], "car_2225": [3, 0], "car_4431": [7, 3], "car_2224": [2, 6], "car_4432": [8, 4], "car_3463": [5, 6], "car_255": [10, 4], "car_254": [5, 6], "car_257": [6, 5], "car_256": [2, 7], "car_251": [4, 6], "car_250": [12, 5], "car_253": [1, 5], "car_252": [11, 4], "car_1961": [8, 6], "car_1960": [3, 5], "car_1963": [11, 6], "car_1962": [4, 3], "car_259": [3, 7], "car_258": [9, 3], "car_1967": [13, 0], "car_1966": [10, 7], "car_4135": [9, 1], "car_4085": [13, 7], "car_4137": [0, 6], "car_4136": [13, 7], "car_4131": [1, 5], "car_1170": [3, 7], "car_4133": [10, 7], "car_4132": [5, 3], "car_1171": [8, 6], "car_4139": [11, 7], "car_4138": [4, 0], "car_1565": [2, 1], "car_1564": [14, 3], "car_1567": [3, 6], "car_1566": [6, 1], "car_1561": [8, 6], "car_1560": [7, 2], "car_1563": [1, 2], "car_1562": [12, 5], "car_4243": [3, 2], "car_4242": [9, 7], "car_4241": [2, 0], "car_4240": [14, 3], "car_1569": [4, 3], "car_1568": [12, 4], "car_1413": [15, 6], "car_4080": [11, 1], "car_1363": [7, 0], "car_1362": [3, 0], "car_1361": [6, 4], "car_1360": [2, 4], "car_1367": [1, 0], "car_1366": [15, 6], "car_1365": [11, 5], "car_1364": [4, 1], "car_1369": [9, 0], "car_1368": [10, 4], "car_4399": [14, 2], "car_4398": [15, 0], "car_2758": [12, 0], "car_2376": [4, 3], "car_4391": [14, 1], "car_4390": [5, 4], "car_4393": [13, 0], "car_4392": [2, 7], "car_4395": [8, 7], "car_4394": [3, 6], "car_4397": [11, 4], "car_4396": [0, 1], "car_321": [13, 5], "car_320": [6, 5], "car_323": [0, 7], "car_322": [7, 5], "car_325": [11, 5], "car_324": [4, 3], "car_327": [10, 0], "car_326": [1, 3], "car_329": [6, 2], "car_328": [2, 4], "car_4623": [15, 0], "car_4622": [11, 2], "car_4625": [10, 7], "car_4624": [5, 7], "car_4627": [6, 1], "car_4626": [14, 3], "car_2722": [5, 1], "car_2723": [14, 0], "car_2720": [12, 5], "car_2721": [0, 2], "car_2726": [9, 3], "car_2727": [13, 4], "car_2724": [2, 7], "car_2725": [6, 3], "car_2728": [7, 5], "car_2729": [8, 5], "car_1107": [14, 6], "car_1106": [10, 6], "car_1105": [11, 1], "car_1104": [4, 2], "car_1103": [3, 2], "car_1102": [13, 2], "car_1101": [6, 3], "car_1100": [14, 7], "car_4409": [11, 3], "car_4408": [4, 1], "car_1109": [13, 6], "car_1108": [2, 7], "car_1297": [2, 0], "car_1296": [15, 4], "car_1295": [12, 3], "car_1294": [8, 4], "car_1293": [3, 6], "car_1292": [14, 1], "car_1291": [10, 6], "car_1290": [5, 6], "car_1299": [13, 2], "car_1298": [9, 1], "car_2928": [1, 3], "car_2929": [5, 6], "car_2924": [6, 0], "car_2925": [8, 5], "car_2926": [0, 4], "car_2927": [4, 6], "car_2920": [1, 0], "car_2921": [5, 4], "car_2922": [10, 3], "car_2923": [14, 1], "car_2586": [11, 5], "car_2587": [15, 3], "car_2584": [13, 6], "car_2585": [3, 0], "car_2582": [1, 3], "car_2583": [9, 0], "car_2580": [11, 6], "car_2581": [15, 2], "car_3527": [2, 1], "car_3526": [5, 2], "car_3525": [15, 3], "car_3524": [7, 6], "car_2858": [1, 7], "car_2859": [5, 1], "car_2588": [5, 2], "car_2589": [10, 2], "car_2036": [13, 2], "car_2037": [3, 5], "car_1039": [2, 7], "car_1038": [14, 1], "car_1749": [8, 3], "car_1748": [3, 0], "car_2030": [6, 3], "car_2031": [9, 7], "car_1033": [6, 4], "car_1032": [2, 3], "car_1031": [14, 4], "car_1030": [5, 3], "car_1037": [15, 7], "car_1036": [11, 2], "car_1035": [4, 1], "car_1034": [0, 1], "car_4557": [1, 3], "car_1589": [11, 0], "car_1588": [4, 7], "car_1583": [2, 5], "car_1582": [14, 3], "car_1581": [10, 1], "car_1580": [5, 2], "car_1587": [8, 3], "car_1586": [7, 0], "car_1585": [3, 2], "car_1584": [13, 0], "car_1852": [5, 0], "car_1906": [9, 6], "car_4556": [11, 6], "car_3295": [12, 0], "car_3294": [7, 4], "car_3297": [11, 4], "car_3296": [4, 3], "car_3291": [2, 1], "car_3290": [5, 1], "car_899": [12, 0], "car_898": [8, 1], "car_897": [3, 1], "car_896": [9, 0], "car_895": [6, 5], "car_894": [14, 0], "car_893": [15, 2], "car_892": [4, 1], "car_891": [12, 5], "car_890": [3, 0], "car_2458": [8, 1], "car_2459": [0, 3], "car_2108": [14, 7], "car_2109": [2, 1], "car_3457": [14, 1], "car_3456": [5, 6], "car_3455": [1, 0], "car_3454": [11, 6], "car_2102": [0, 3], "car_2103": [11, 1], "car_2100": [2, 6], "car_2101": [6, 5], "car_2106": [5, 4], "car_2107": [10, 3], "car_2104": [15, 7], "car_2105": [1, 6], "car_1631": [10, 5], "car_1630": [5, 4], "car_1633": [6, 7], "car_1632": [2, 0], "car_1635": [3, 7], "car_1634": [9, 3], "car_1637": [4, 6], "car_1636": [12, 4], "car_1639": [10, 2], "car_1638": [5, 2], "car_3418": [8, 4], "car_1751": [0, 4], "car_2803": [13, 4], "car_3859": [12, 2], "car_2802": [2, 7], "car_3857": [3, 7], "car_3856": [9, 0], "car_3855": [6, 2], "car_3854": [2, 6], "car_3853": [15, 3], "car_2801": [14, 3], "car_3851": [4, 2], "car_3850": [8, 5], "car_3189": [13, 2], "car_3188": [2, 6], "car_2800": [5, 2], "car_3269": [10, 0], "car_3181": [13, 2], "car_2807": [11, 0], "car_1756": [2, 4], "car_3182": [3, 6], "car_3185": [1, 6], "car_3184": [0, 1], "car_3187": [10, 2], "car_2806": [0, 7], "car_3677": [6, 0], "car_3676": [2, 7], "car_3675": [14, 7], "car_3674": [5, 6], "car_3673": [1, 0], "car_2805": [12, 3], "car_3306": [7, 1], "car_2816": [12, 2], "car_2804": [3, 2], "car_3380": [14, 4], "car_4018": [1, 2], "car_3679": [3, 4], "car_3104": [15, 4], "car_2414": [6, 3], "car_419": [1, 7], "car_418": [0, 6], "car_2218": [7, 3], "car_2219": [4, 3], "car_413": [10, 6], "car_412": [1, 2], "car_411": [15, 3], "car_410": [11, 7], "car_417": [7, 3], "car_416": [3, 4], "car_415": [9, 3], "car_414": [6, 2], "car_2417": [8, 2], "car_4552": [13, 2], "car_1679": [0, 4], "car_3546": [5, 7], "car_4086": [3, 6], "car_1678": [7, 2], "car_4261": [3, 2], "car_2412": [0, 3], "car_4104": [3, 2], "car_4260": [13, 4], "car_2947": [15, 2], "car_2413": [10, 7], "car_3265": [6, 4], "car_4519": [4, 3], "car_3079": [15, 0], "car_3078": [11, 2], "car_3729": [3, 5], "car_3075": [6, 3], "car_3074": [14, 1], "car_3077": [7, 2], "car_3076": [3, 1], "car_3071": [8, 4], "car_3070": [7, 6], "car_3073": [11, 4], "car_3072": [12, 2], "car_527": [10, 3], "car_526": [15, 4], "car_525": [4, 3], "car_524": [0, 7], "car_523": [12, 3], "car_522": [8, 4], "car_521": [6, 2], "car_520": [2, 0], "car_3273": [3, 1], "car_1671": [8, 2], "car_3271": [9, 3], "car_1889": [8, 6], "car_3277": [0, 3], "car_3276": [12, 4], "car_529": [3, 2], "car_528": [14, 3], "car_4269": [3, 7], "car_4550": [14, 5], "car_4268": [13, 2], "car_4103": [13, 7], "car_1884": [1, 7], "car_1885": [14, 6], "car_2368": [5, 1], "car_2786": [7, 0], "car_4573": [12, 1], "car_2787": [8, 5], "car_668": [8, 5], "car_669": [0, 3], "car_664": [10, 7], "car_665": [13, 7], "car_666": [3, 6], "car_667": [7, 6], "car_660": [4, 3], "car_661": [11, 0], "car_662": [15, 3], "car_663": [1, 6], "car_4732": [8, 6], "car_4200": [15, 5], "car_2759": [0, 5], "car_1854": [6, 2], "car_2788": [11, 4], "car_3308": [15, 2], "car_2789": [15, 1], "car_3824": [9, 0], "car_4707": [8, 1], "car_4034": [15, 2], "car_2940": [10, 0], "car_3952": [2, 1], "car_3953": [6, 3], "car_798": [12, 7], "car_799": [0, 1], "car_4466": [7, 4], "car_790": [15, 5], "car_791": [14, 4], "car_792": [2, 5], "car_793": [9, 1], "car_794": [13, 5], "car_795": [3, 5], "car_796": [7, 0], "car_797": [8, 1], "car_4098": [0, 1], "car_4099": [4, 1], "car_4092": [1, 2], "car_4093": [10, 6], "car_4090": [4, 6], "car_4091": [11, 5], "car_4096": [7, 3], "car_4097": [12, 7], "car_4094": [2, 0], "car_4095": [9, 3], "car_4620": [8, 5], "car_3822": [14, 2], "car_3958": [12, 0], "car_242": [4, 2], "car_243": [11, 0], "car_240": [3, 0], "car_241": [12, 0], "car_246": [10, 2], "car_247": [9, 4], "car_244": [1, 7], "car_245": [5, 6], "car_1914": [14, 5], "car_1915": [9, 6], "car_248": [13, 0], "car_249": [7, 2], "car_1910": [8, 2], "car_1911": [0, 4], "car_1912": [1, 5], "car_1913": [5, 2], "car_4464": [13, 1], "car_3823": [6, 2], "car_4559": [9, 3], "car_4178": [0, 7], "car_4278": [7, 5], "car_4279": [8, 0], "car_4276": [6, 7], "car_4277": [9, 5], "car_4274": [14, 0], "car_4275": [2, 0], "car_4272": [15, 2], "car_3738": [15, 0], "car_4270": [7, 5], "car_4271": [11, 2], "car_1356": [0, 1], "car_1357": [11, 6], "car_1354": [8, 3], "car_1355": [12, 6], "car_1352": [13, 7], "car_1353": [7, 6], "car_1350": [6, 0], "car_1351": [9, 3], "car_1358": [10, 5], "car_1359": [14, 6], "car_4558": [10, 3], "car_4462": [2, 4], "car_1831": [5, 0], "car_1820": [11, 3], "car_1821": [15, 6], "car_1822": [1, 2], "car_1823": [5, 0], "car_1824": [10, 0], "car_1825": [9, 2], "car_338": [9, 3], "car_339": [13, 2], "car_336": [2, 5], "car_337": [6, 1], "car_334": [1, 6], "car_335": [5, 1], "car_332": [0, 4], "car_333": [11, 7], "car_330": [7, 6], "car_331": [12, 4], "car_2735": [7, 2], "car_2734": [2, 1], "car_1138": [3, 5], "car_1139": [12, 0], "car_2731": [11, 1], "car_2730": [4, 6], "car_2733": [10, 7], "car_2732": [5, 0], "car_1132": [12, 2], "car_1133": [4, 3], "car_1130": [7, 5], "car_1131": [8, 6], "car_1136": [14, 0], "car_1137": [6, 5], "car_1134": [15, 6], "car_1135": [5, 1], "car_4474": [9, 0], "car_4475": [3, 1], "car_4476": [12, 0], "car_4032": [4, 6], "car_4470": [15, 5], "car_3734": [3, 0], "car_4472": [14, 7], "car_4473": [2, 4], "car_3735": [12, 2], "car_4478": [15, 1], "car_1839": [15, 7], "car_2393": [8, 1], "car_1838": [4, 0], "car_2392": [7, 1], "car_4460": [0, 6], "car_4643": [4, 5], "car_3301": [12, 6], "car_4642": [0, 3], "car_3300": [2, 4], "car_4641": [12, 5], "car_2939": [15, 2], "car_2938": [11, 2], "car_2937": [4, 6], "car_2936": [0, 7], "car_2935": [12, 0], "car_2934": [7, 6], "car_2933": [13, 4], "car_2932": [6, 2], "car_2931": [2, 6], "car_2930": [14, 1], "car_2029": [11, 2], "car_2028": [4, 1], "car_2845": [7, 3], "car_2844": [3, 2], "car_2843": [13, 7], "car_2842": [9, 4], "car_2841": [2, 3], "car_2840": [14, 1], "car_2021": [11, 2], "car_2020": [3, 4], "car_2023": [14, 7], "car_2022": [15, 0], "car_2025": [13, 7], "car_2024": [9, 2], "car_2027": [12, 7], "car_2026": [8, 6], "car_2948": [1, 2], "car_2520": [13, 0], "car_4583": [4, 6], "car_1008": [11, 7], "car_1009": [15, 5], "car_1006": [12, 1], "car_1007": [4, 3], "car_1004": [6, 4], "car_1005": [3, 6], "car_1002": [1, 4], "car_1003": [2, 6], "car_1000": [11, 5], "car_1001": [15, 1], "car_3459": [9, 4], "car_2398": [14, 5], "car_2629": [12, 2], "car_2524": [4, 1], "car_2628": [3, 0], "car_3310": [5, 1], "car_2525": [15, 1], "car_2995": [9, 1], "car_2674": [2, 4], "car_1924": [14, 0], "car_2994": [6, 5], "car_2527": [14, 7], "car_2997": [7, 1], "car_36": [13, 6], "car_37": [7, 2], "car_34": [6, 7], "car_35": [9, 1], "car_888": [6, 4], "car_889": [13, 7], "car_30": [1, 5], "car_31": [5, 4], "car_884": [5, 2], "car_885": [10, 5], "car_886": [14, 6], "car_887": [2, 7], "car_880": [7, 6], "car_881": [12, 4], "car_882": [4, 1], "car_883": [11, 5], "car_3466": [6, 0], "car_3467": [13, 7], "car_2449": [1, 0], "car_2448": [15, 6], "car_2119": [12, 7], "car_2118": [7, 6], "car_3460": [13, 2], "car_3461": [8, 1], "car_2115": [2, 0], "car_2114": [5, 1], "car_2117": [3, 1], "car_2116": [9, 6], "car_2111": [13, 5], "car_2110": [9, 4], "car_2113": [15, 3], "car_2112": [4, 3], "car_1644": [0, 7], "car_1645": [15, 7], "car_1646": [5, 7], "car_1647": [10, 1], "car_1640": [14, 3], "car_1641": [13, 1], "car_1642": [7, 4], "car_1643": [8, 0], "car_3312": [13, 4], "car_1648": [14, 0], "car_1649": [6, 2], "car_3915": [11, 4], "car_2599": [13, 0], "car_2159": [9, 3], "car_3860": [0, 4], "car_3861": [4, 5], "car_3866": [6, 7], "car_3867": [3, 2], "car_3864": [14, 5], "car_2158": [14, 4], "car_2591": [6, 3], "car_2590": [2, 4], "car_2593": [13, 1], "car_2592": [9, 0], "car_2595": [1, 3], "car_2594": [7, 4], "car_2597": [10, 7], "car_2596": [5, 3], "car_3648": [0, 1], "car_3649": [4, 2], "car_4748": [8, 2], "car_3560": [7, 1], "car_3313": [4, 5], "car_3643": [13, 5], "car_3640": [14, 0], "car_3641": [2, 7], "car_3646": [8, 6], "car_3647": [12, 3], "car_2677": [3, 2], "car_2608": [2, 1], "car_3888": [7, 4], "car_3703": [2, 6], "car_3880": [2, 3], "car_3881": [6, 1], "car_3882": [9, 0], "car_3883": [13, 0], "car_3884": [12, 4], "car_3885": [0, 4], "car_3886": [6, 0], "car_3887": [3, 5], "car_408": [12, 7], "car_409": [0, 3], "car_2203": [11, 1], "car_2202": [0, 3], "car_2205": [1, 7], "car_2204": [15, 2], "car_2207": [10, 3], "car_2206": [5, 1], "car_400": [3, 5], "car_401": [7, 6], "car_402": [8, 2], "car_403": [4, 2], "car_404": [11, 3], "car_405": [5, 6], "car_406": [10, 6], "car_407": [2, 3], "car_4469": [11, 2], "car_3787": [6, 3], "car_4048": [14, 7], "car_4528": [15, 7], "car_4733": [12, 5], "car_1769": [2, 4], "car_4384": [6, 7], "car_3080": [5, 3], "car_3081": [7, 3], "car_3082": [12, 5], "car_3083": [0, 4], "car_3084": [10, 6], "car_3085": [6, 5], "car_3086": [3, 1], "car_3087": [12, 4], "car_3088": [4, 3], "car_3089": [1, 3], "car_2973": [9, 0], "car_534": [14, 0], "car_535": [13, 6], "car_536": [7, 0], "car_537": [8, 3], "car_530": [7, 6], "car_531": [12, 0], "car_532": [15, 7], "car_533": [1, 3], "car_3246": [5, 4], "car_3247": [10, 7], "car_3244": [15, 1], "car_3245": [1, 2], "car_538": [4, 1], "car_539": [11, 5], "car_3240": [2, 0], "car_3241": [7, 5], "car_2972": [6, 4], "car_3317": [6, 0], "car_4452": [12, 3], "car_2310": [2, 0], "car_4810": [15, 7], "car_4729": [6, 0], "car_4779": [11, 0], "car_659": [12, 2], "car_658": [7, 2], "car_651": [15, 0], "car_650": [4, 0], "car_653": [14, 4], "car_652": [1, 5], "car_655": [6, 5], "car_654": [2, 6], "car_657": [3, 6], "car_656": [9, 2], "car_2970": [0, 5], "car_2907": [8, 0], "car_4246": [12, 1], "car_3813": [13, 2], "car_4596": [7, 6], "car_2977": [4, 6], "car_2909": [0, 2], "car_3812": [2, 6], "car_3946": [0, 5], "car_2976": [8, 5], "car_4105": [12, 5], "car_2434": [13, 2], "car_1929": [13, 3], "car_4518": [0, 1], "car_2195": [5, 7], "car_3971": [7, 0], "car_4089": [0, 4], "car_4088": [12, 0], "car_2194": [1, 7], "car_3811": [14, 2], "car_4084": [14, 1], "car_4087": [7, 2], "car_1764": [6, 7], "car_4081": [15, 2], "car_2197": [2, 6], "car_4083": [10, 4], "car_4082": [1, 0], "car_2196": [14, 7], "car_2191": [12, 3], "car_1928": [1, 5], "car_2190": [7, 3], "car_3922": [5, 2], "car_2193": [15, 3], "car_1909": [7, 4], "car_1908": [3, 0], "car_1907": [13, 0], "car_1763": [10, 3], "car_1905": [2, 0], "car_1904": [14, 3], "car_1903": [10, 0], "car_1902": [5, 7], "car_1901": [15, 4], "car_1900": [4, 0], "car_3805": [8, 3], "car_3918": [0, 1], "car_3865": [2, 0], "car_1349": [2, 4], "car_1348": [14, 4], "car_4263": [11, 7], "car_4262": [12, 4], "car_3817": [12, 1], "car_4264": [1, 2], "car_4267": [9, 7], "car_1762": [5, 1], "car_1341": [14, 6], "car_1340": [5, 0], "car_1343": [7, 0], "car_1342": [6, 2], "car_1345": [0, 2], "car_1344": [8, 4], "car_1347": [10, 1], "car_1346": [4, 1], "car_3234": [6, 3], "car_3919": [4, 7], "car_4663": [11, 2], "car_3219": [11, 7], "car_2753": [2, 7], "car_3816": [8, 5], "car_3231": [11, 6], "car_2752": [1, 3], "car_3230": [4, 5], "car_2698": [15, 3], "car_4546": [11, 4], "car_1833": [6, 7], "car_1832": [10, 7], "car_349": [7, 6], "car_348": [13, 1], "car_1837": [0, 4], "car_1836": [12, 6], "car_1835": [8, 7], "car_1834": [13, 1], "car_343": [0, 5], "car_342": [12, 3], "car_341": [7, 6], "car_340": [3, 6], "car_347": [6, 2], "car_346": [5, 7], "car_345": [1, 4], "car_344": [11, 3], "car_4140": [5, 2], "car_2325": [1, 7], "car_1129": [3, 7], "car_1128": [13, 5], "car_2979": [15, 1], "car_4141": [10, 0], "car_1125": [5, 4], "car_1124": [1, 2], "car_1127": [9, 0], "car_1126": [6, 4], "car_1121": [12, 1], "car_1120": [7, 0], "car_1123": [11, 1], "car_1122": [0, 3], "car_4467": [0, 1], "car_1402": [6, 1], "car_4465": [3, 7], "car_4143": [6, 3], "car_4463": [9, 7], "car_2320": [9, 2], "car_4461": [11, 2], "car_1403": [7, 3], "car_4144": [9, 5], "car_2321": [13, 7], "car_1400": [5, 1], "car_3814": [3, 6], "car_4145": [12, 4], "car_1401": [14, 3], "car_2978": [11, 0], "car_4146": [5, 0], "car_1406": [0, 2], "car_4147": [10, 4], "car_1407": [1, 5], "car_2902": [7, 4], "car_2903": [12, 1], "car_2900": [9, 5], "car_2901": [13, 5], "car_2906": [9, 1], "car_1404": [8, 4], "car_2904": [14, 3], "car_2905": [6, 0], "car_2908": [12, 5], "car_1405": [12, 4], "car_3505": [2, 6], "car_3504": [10, 1], "car_3507": [8, 6], "car_3506": [6, 3], "car_2058": [10, 2], "car_2059": [2, 4], "car_3503": [5, 6], "car_3502": [1, 2], "car_2054": [13, 0], "car_2055": [3, 7], "car_2056": [8, 4], "car_2057": [11, 1], "car_2050": [14, 4], "car_2051": [2, 4], "car_2052": [6, 0], "car_2053": [9, 7], "car_1011": [10, 6], "car_1010": [5, 6], "car_1013": [2, 5], "car_1012": [14, 0], "car_1015": [12, 4], "car_1014": [9, 1], "car_1017": [11, 7], "car_1016": [4, 0], "car_1019": [1, 6], "car_1018": [15, 4], "car_2690": [12, 1], "car_2691": [0, 2], "car_2696": [12, 2], "car_2697": [11, 4], "car_2694": [13, 5], "car_2695": [7, 5], "car_2790": [5, 6], "car_3863": [15, 3], "car_4373": [13, 3], "car_4482": [13, 5], "car_3819": [15, 4], "car_4594": [10, 1], "car_25": [12, 6], "car_24": [8, 0], "car_27": [4, 2], "car_26": [0, 1], "car_21": [15, 3], "car_20": [11, 2], "car_23": [3, 0], "car_22": [6, 1], "car_3471": [15, 3], "car_3470": [4, 7], "car_3473": [6, 7], "car_3472": [1, 0], "car_29": [15, 2], "car_28": [11, 2], "car_3477": [15, 6], "car_3476": [11, 2], "car_4648": [3, 6], "car_2478": [11, 3], "car_2479": [14, 1], "car_2476": [3, 6], "car_2477": [8, 1], "car_2474": [9, 5], "car_2475": [13, 0], "car_2472": [14, 1], "car_2473": [2, 3], "car_2470": [1, 6], "car_2471": [10, 3], "car_1657": [0, 3], "car_1656": [12, 5], "car_1655": [7, 2], "car_1654": [14, 0], "car_1653": [5, 7], "car_1652": [0, 3], "car_1651": [12, 5], "car_1650": [7, 5], "car_1659": [14, 2], "car_1658": [15, 5], "car_3875": [13, 0], "car_3874": [6, 5], "car_2878": [3, 7], "car_2879": [7, 1], "car_3871": [11, 7], "car_3870": [4, 0], "car_3645": [7, 2], "car_3872": [5, 2], "car_2872": [7, 5], "car_2873": [8, 5], "car_2870": [13, 0], "car_2871": [3, 5], "car_2876": [9, 3], "car_2877": [13, 6], "car_2874": [4, 7], "car_2875": [6, 5], "car_2688": [7, 6], "car_1969": [12, 4], "car_2315": [12, 3], "car_3658": [11, 2], "car_1843": [0, 6], "car_3655": [9, 1], "car_3654": [6, 2], "car_3657": [0, 4], "car_3656": [13, 4], "car_3651": [5, 1], "car_3650": [15, 0], "car_3211": [10, 0], "car_3652": [10, 7], "car_435": [1, 3], "car_434": [15, 1], "car_437": [2, 1], "car_436": [14, 3], "car_431": [7, 4], "car_430": [13, 3], "car_433": [11, 0], "car_432": [12, 4], "car_3893": [10, 1], "car_1846": [1, 5], "car_3891": [4, 7], "car_3890": [0, 1], "car_439": [13, 3], "car_438": [9, 2], "car_3895": [7, 1], "car_1847": [14, 1], "car_2274": [0, 4], "car_2275": [4, 5], "car_2276": [15, 1], "car_2277": [1, 7], "car_2270": [13, 6], "car_2271": [3, 0], "car_2272": [7, 0], "car_2273": [8, 5], "car_3778": [10, 7], "car_1845": [15, 7], "car_2278": [5, 2], "car_2279": [6, 7], "car_4487": [15, 3], "car_3573": [12, 1], "car_4726": [5, 4], "car_4813": [6, 3], "car_4533": [6, 1], "car_3927": [0, 4], "car_1848": [6, 2], "car_2289": [3, 0], "car_1968": [7, 3], "car_1849": [4, 0], "car_2288": [9, 4], "car_1965": [1, 7], "car_4479": [10, 3], "car_3370": [12, 6], "car_1964": [15, 6], "car_3093": [3, 0], "car_3092": [13, 4], "car_3091": [2, 6], "car_3090": [10, 2], "car_3097": [11, 3], "car_3096": [4, 6], "car_3095": [12, 7], "car_3094": [8, 1], "car_3420": [4, 2], "car_3376": [0, 7], "car_3099": [1, 4], "car_3098": [15, 4], "car_3311": [6, 5], "car_501": [15, 3], "car_500": [4, 7], "car_503": [10, 6], "car_502": [1, 6], "car_505": [2, 5], "car_504": [14, 2], "car_507": [13, 2], "car_506": [6, 1], "car_509": [8, 0], "car_508": [3, 5], "car_2302": [15, 7], "car_2303": [6, 7], "car_2304": [3, 2], "car_2305": [8, 0], "car_2306": [0, 7], "car_2307": [4, 5], "car_2281": [13, 4], "car_4535": [8, 3], "car_1745": [14, 0], "car_2280": [9, 0], "car_4176": [9, 0], "car_3378": [15, 4], "car_4130": [11, 3], "car_3379": [1, 0], "car_2960": [0, 5], "car_3475": [4, 1], "car_3474": [8, 6], "car_646": [14, 4], "car_647": [9, 6], "car_644": [0, 4], "car_645": [11, 6], "car_642": [7, 5], "car_643": [12, 1], "car_640": [6, 0], "car_641": [3, 6], "car_2314": [8, 4], "car_4036": [14, 3], "car_648": [8, 4], "car_649": [0, 7], "car_3570": [14, 4], "car_4037": [3, 2], "car_4727": [10, 1], "car_2961": [11, 1], "car_2576": [7, 5], "car_4030": [13, 1], "car_3577": [9, 6], "car_3572": [7, 1], "car_4031": [12, 7], "car_4537": [11, 5], "car_2526": [5, 4], "car_4370": [15, 5], "car_1830": [11, 0], "car_3574": [4, 1], "car_4033": [11, 1], "car_2673": [14, 0], "car_3575": [11, 3], "car_4364": [5, 7], "car_2962": [1, 6], "car_3576": [15, 2], "car_4497": [11, 4], "car_2570": [0, 1], "car_4249": [2, 3], "car_4536": [4, 7], "car_2681": [15, 7], "car_4248": [14, 2], "car_2999": [4, 5], "car_4360": [6, 2], "car_2420": [4, 2], "car_4371": [2, 5], "car_4361": [9, 1], "car_4699": [14, 2], "car_2963": [10, 4], "car_4490": [14, 6], "car_3899": [4, 7], "car_4491": [6, 5], "car_4539": [5, 0], "car_3929": [11, 3], "car_2680": [11, 1], "car_4715": [12, 1], "car_2854": [3, 0], "car_4714": [13, 4], "car_3800": [5, 4], "car_4387": [7, 4], "car_2964": [2, 7], "car_4071": [15, 1], "car_4072": [1, 4], "car_4073": [14, 3], "car_4074": [2, 4], "car_4075": [13, 2], "car_4076": [3, 7], "car_4077": [7, 5], "car_4078": [0, 3], "car_4079": [4, 7], "car_4538": [1, 7], "car_3928": [4, 0], "car_2683": [10, 1], "car_3913": [13, 0], "car_4245": [8, 2], "car_3801": [2, 5], "car_4244": [7, 0], "car_1932": [4, 0], "car_1933": [1, 4], "car_1930": [3, 4], "car_1931": [0, 5], "car_1936": [14, 4], "car_1937": [2, 5], "car_1934": [5, 1], "car_1935": [10, 1], "car_1938": [9, 2], "car_1939": [7, 5], "car_2682": [1, 3], "car_4453": [0, 3], "car_4401": [8, 7], "car_3802": [6, 0], "car_1717": [5, 1], "car_4385": [13, 7], "car_4214": [15, 6], "car_4215": [10, 7], "car_4216": [14, 6], "car_4217": [2, 5], "car_1338": [15, 4], "car_1339": [1, 5], "car_4212": [12, 3], "car_4213": [11, 1], "car_1334": [6, 2], "car_1335": [9, 2], "car_1336": [0, 7], "car_1337": [4, 1], "car_1330": [15, 6], "car_1331": [10, 2], "car_1332": [14, 1], "car_1333": [2, 6], "car_4184": [9, 5], "car_4185": [13, 5], "car_4186": [3, 7], "car_4187": [7, 5], "car_3803": [13, 7], "car_4181": [5, 6], "car_4182": [2, 3], "car_4183": [6, 1], "car_1711": [9, 1], "car_4188": [8, 3], "car_4189": [12, 7], "car_4728": [2, 7], "car_2998": [12, 7], "car_3877": [4, 7], "car_4403": [5, 2], "car_358": [2, 4], "car_359": [6, 3], "car_1804": [14, 4], "car_1805": [2, 3], "car_1802": [15, 1], "car_1803": [5, 1], "car_1800": [12, 3], "car_1801": [11, 2], "car_350": [8, 6], "car_351": [12, 7], "car_352": [4, 2], "car_353": [11, 3], "car_354": [15, 6], "car_355": [5, 0], "car_356": [10, 4], "car_357": [14, 4], "car_1482": [2, 0], "car_1483": [9, 6], "car_1480": [5, 6], "car_1481": [10, 3], "car_1486": [10, 6], "car_1487": [14, 4], "car_1484": [1, 0], "car_1485": [5, 0], "car_4320": [0, 3], "car_4321": [4, 5], "car_1488": [9, 2], "car_1489": [13, 1], "car_4324": [10, 1], "car_4325": [14, 5], "car_4326": [6, 7], "car_4327": [13, 2], "car_1240": [14, 5], "car_1241": [13, 2], "car_1242": [7, 0], "car_1243": [8, 2], "car_1244": [12, 1], "car_1245": [11, 1], "car_1246": [1, 3], "car_1247": [10, 1], "car_1248": [14, 7], "car_1249": [6, 3], "car_4692": [3, 0], "car_4693": [7, 4], "car_4694": [8, 0], "car_4695": [0, 3], "car_4621": [0, 7], "car_4697": [15, 4], "car_1747": [6, 2], "car_3977": [13, 5], "car_3642": [6, 0], "car_3879": [14, 4], "car_4681": [8, 7], "car_4339": [12, 7], "car_3806": [0, 6], "car_3878": [5, 3], "car_2374": [12, 0], "car_1879": [13, 6], "car_2917": [3, 5], "car_2916": [13, 0], "car_2911": [15, 6], "car_2910": [4, 0], "car_2913": [14, 2], "car_2912": [10, 1], "car_2919": [4, 7], "car_2918": [7, 0], "car_4447": [12, 1], "car_3804": [7, 1], "car_2049": [5, 3], "car_2048": [15, 7], "car_2047": [11, 2], "car_2046": [4, 6], "car_2045": [8, 5], "car_2044": [7, 4], "car_2043": [3, 5], "car_2042": [13, 5], "car_2041": [9, 7], "car_2040": [6, 1], "car_1064": [6, 5], "car_1065": [9, 6], "car_1066": [13, 0], "car_1067": [3, 2], "car_1060": [8, 4], "car_1061": [4, 7], "car_1062": [15, 7], "car_1063": [2, 1], "car_2685": [2, 4], "car_2684": [14, 1], "car_2687": [3, 0], "car_2686": [9, 3], "car_1068": [7, 5], "car_1069": [8, 0], "car_1798": [3, 6], "car_1799": [8, 4], "car_4629": [13, 6], "car_3701": [1, 3], "car_4059": [9, 4], "car_4628": [9, 0], "car_3808": [11, 0], "car_4781": [5, 6], "car_4787": [1, 6], "car_10": [5, 1], "car_11": [10, 2], "car_12": [14, 5], "car_13": [2, 1], "car_14": [9, 6], "car_15": [13, 5], "car_16": [3, 7], "car_17": [8, 2], "car_18": [0, 3], "car_19": [4, 0], "car_3406": [13, 6], "car_3407": [3, 6], "car_3400": [0, 1], "car_3401": [4, 7], "car_3402": [15, 7], "car_3403": [1, 2], "car_2461": [1, 3], "car_2460": [11, 1], "car_1668": [14, 0], "car_1669": [9, 1], "car_2465": [3, 6], "car_2464": [9, 1], "car_2467": [0, 5], "car_2466": [7, 1], "car_1662": [0, 1], "car_1663": [11, 5], "car_1660": [9, 6], "car_1661": [7, 0], "car_1666": [5, 4], "car_1667": [10, 3], "car_1664": [15, 2], "car_1665": [1, 0], "car_1468": [7, 1], "car_1469": [8, 2], "car_4789": [10, 3], "car_1460": [7, 6], "car_1461": [8, 6], "car_1462": [12, 0], "car_1463": [4, 0], "car_1464": [15, 3], "car_1465": [14, 7], "car_1466": [2, 1], "car_1467": [13, 5], "car_3930": [15, 7], "car_2699": [1, 5], "car_3717": [6, 3], "car_2869": [9, 2], "car_2868": [10, 3], "car_2865": [15, 5], "car_2864": [11, 1], "car_2867": [5, 3], "car_2866": [1, 2], "car_2861": [6, 1], "car_2860": [10, 2], "car_2863": [4, 7], "car_2862": [8, 4], "car_3712": [7, 1], "car_2648": [4, 6], "car_3713": [8, 4], "car_3931": [1, 7], "car_422": [6, 0], "car_423": [3, 4], "car_420": [5, 4], "car_421": [14, 3], "car_426": [4, 0], "car_427": [11, 3], "car_424": [7, 6], "car_425": [0, 3], "car_3318": [13, 3], "car_3319": [8, 5], "car_428": [1, 7], "car_429": [14, 2], "car_2377": [11, 2], "car_2267": [4, 1], "car_2266": [0, 2], "car_2265": [7, 0], "car_2264": [3, 6], "car_2263": [6, 7], "car_2262": [2, 0], "car_2261": [10, 3], "car_2260": [1, 5], "car_2371": [2, 7], "car_3932": [5, 2], "car_2269": [2, 4], "car_2268": [15, 7], "car_4562": [8, 1], "car_3798": [12, 2], "car_2373": [3, 5], "car_4563": [0, 1], "car_3794": [14, 5], "car_3795": [9, 7], "car_3796": [13, 3], "car_2372": [13, 6], "car_2008": [15, 6], "car_3791": [0, 1], "car_3792": [4, 5], "car_3793": [15, 4], "car_4561": [3, 4], "car_4566": [15, 4], "car_2370": [14, 0], "car_3486": [12, 6], "car_4567": [1, 6], "car_3487": [0, 6], "car_4564": [4, 5], "car_4796": [8, 1], "car_4565": [11, 1], "car_3224": [14, 4], "car_3225": [2, 0], "car_2319": [6, 5], "car_2318": [14, 3], "car_3220": [15, 4], "car_3221": [1, 5], "car_518": [1, 0], "car_519": [10, 0], "car_516": [8, 4], "car_517": [11, 1], "car_514": [6, 3], "car_515": [7, 4], "car_512": [1, 0], "car_513": [5, 7], "car_510": [12, 6], "car_511": [11, 3], "car_4402": [15, 7], "car_4405": [7, 3], "car_4209": [1, 5], "car_1870": [8, 0], "car_3589": [3, 2], "car_4407": [0, 4], "car_3935": [13, 2], "car_2692": [15, 6], "car_3488": [4, 2], "car_2444": [7, 5], "car_4406": [8, 1], "car_3469": [0, 3], "car_3489": [11, 6], "car_633": [6, 3], "car_632": [14, 5], "car_631": [10, 6], "car_630": [1, 7], "car_637": [11, 0], "car_636": [4, 6], "car_635": [8, 2], "car_634": [9, 5], "car_2675": [6, 4], "car_639": [5, 3], "car_638": [1, 0], "car_4531": [10, 7], "car_4762": [13, 0], "car_3588": [13, 4], "car_3138": [3, 5], "car_3139": [8, 2], "car_3936": [3, 1], "car_2693": [5, 1], "car_3130": [13, 2], "car_3131": [3, 4], "car_3132": [7, 2], "car_3133": [8, 3], "car_3134": [11, 3], "car_3135": [15, 0], "car_3136": [6, 5], "car_3137": [9, 6], "car_4767": [9, 3], "car_4570": [9, 4], "car_189": [10, 3], "car_188": [3, 0], "car_185": [15, 7], "car_184": [11, 3], "car_187": [13, 5], "car_186": [9, 2], "car_181": [8, 2], "car_180": [13, 3], "car_183": [0, 2], "car_182": [12, 2], "car_3938": [8, 1], "car_749": [9, 4], "car_748": [6, 4], "car_747": [1, 3], "car_746": [4, 0], "car_745": [12, 1], "car_744": [3, 5], "car_743": [13, 4], "car_742": [9, 3], "car_741": [10, 5], "car_740": [1, 6], "car_4718": [15, 1], "car_2131": [13, 5], "car_4529": [1, 0], "car_3939": [11, 0], "car_3724": [1, 7], "car_4062": [8, 4], "car_4061": [7, 1], "car_4060": [13, 4], "car_4067": [14, 1], "car_4066": [5, 7], "car_4065": [1, 2], "car_4064": [11, 5], "car_4069": [0, 3], "car_4068": [13, 5], "car_3316": [10, 6], "car_2618": [13, 2], "car_3584": [14, 7], "car_4526": [12, 6], "car_299": [6, 3], "car_298": [14, 5], "car_1927": [15, 0], "car_1926": [4, 7], "car_1921": [1, 5], "car_1920": [11, 4], "car_1923": [10, 5], "car_1922": [5, 1], "car_291": [10, 2], "car_290": [11, 3], "car_293": [7, 4], "car_292": [3, 0], "car_295": [15, 7], "car_294": [11, 1], "car_297": [10, 2], "car_296": [5, 0], "car_4527": [0, 3], "car_3852": [11, 0], "car_4207": [8, 5], "car_4206": [7, 2], "car_4205": [3, 2], "car_4204": [6, 3], "car_4203": [2, 5], "car_4202": [5, 0], "car_1329": [11, 6], "car_1328": [0, 3], "car_1327": [3, 6], "car_1326": [6, 2], "car_1325": [2, 7], "car_1324": [14, 1], "car_1323": [15, 1], "car_1322": [0, 2], "car_1321": [12, 2], "car_1320": [7, 1], "car_4197": [12, 2], "car_4196": [8, 2], "car_4195": [10, 7], "car_4194": [5, 7], "car_4193": [1, 5], "car_4192": [15, 2], "car_4191": [4, 6], "car_4190": [0, 4], "car_3721": [0, 2], "car_4199": [11, 5], "car_4198": [0, 7], "car_365": [9, 6], "car_364": [6, 5], "car_367": [3, 0], "car_366": [13, 5], "car_361": [15, 2], "car_360": [7, 4], "car_363": [2, 1], "car_362": [1, 2], "car_1811": [6, 1], "car_1810": [5, 3], "car_1813": [0, 4], "car_1812": [13, 2], "car_369": [8, 0], "car_368": [7, 0], "car_1817": [13, 2], "car_1816": [2, 3], "car_167": [15, 1], "car_166": [11, 3], "car_165": [0, 5], "car_164": [12, 7], "car_163": [8, 5], "car_162": [7, 6], "car_161": [9, 2], "car_160": [6, 5], "car_3720": [8, 5], "car_4669": [9, 7], "car_4668": [6, 5], "car_169": [14, 5], "car_168": [10, 0], "car_1495": [11, 5], "car_1494": [4, 6], "car_1497": [1, 0], "car_1496": [15, 4], "car_1491": [7, 2], "car_1490": [3, 2], "car_1493": [0, 2], "car_1492": [12, 3], "car_4333": [10, 5], "car_4332": [5, 4], "car_4331": [1, 0], "car_4330": [11, 6], "car_1499": [14, 6], "car_1498": [5, 1], "car_3580": [0, 2], "car_4334": [14, 4], "car_1253": [7, 3], "car_1252": [3, 0], "car_1251": [13, 0], "car_1250": [9, 6], "car_1257": [4, 3], "car_1256": [0, 6], "car_1255": [12, 0], "car_1254": [8, 2], "car_4683": [7, 3], "car_2850": [5, 2], "car_1259": [1, 7], "car_1258": [15, 2], "car_4687": [1, 0], "car_3622": [12, 4], "car_4685": [0, 1], "car_2851": [10, 6], "car_1868": [10, 1], "car_2852": [6, 2], "car_3624": [11, 2], "car_2853": [9, 4], "car_3583": [5, 0], "car_4672": [0, 1], "car_3248": [9, 2], "car_4523": [13, 5], "car_3626": [14, 6], "car_3627": [6, 4], "car_4210": [13, 6], "car_1789": [2, 5], "car_1788": [10, 7], "car_2070": [8, 5], "car_2071": [12, 0], "car_2076": [6, 1], "car_2077": [13, 0], "car_2074": [1, 7], "car_2075": [2, 0], "car_1781": [4, 1], "car_1780": [8, 4], "car_1783": [14, 3], "car_1782": [15, 7], "car_1785": [12, 6], "car_1784": [2, 0], "car_1787": [5, 4], "car_1786": [1, 0], "car_1077": [4, 2], "car_1076": [0, 3], "car_1075": [12, 1], "car_1074": [7, 3], "car_1073": [13, 1], "car_1072": [15, 7], "car_1071": [11, 6], "car_1070": [0, 5], "car_2678": [7, 1], "car_2679": [12, 6], "car_3520": [5, 6], "car_4211": [8, 0], "car_1079": [5, 7], "car_1078": [15, 7], "car_3981": [11, 2], "car_3257": [9, 3], "car_4337": [13, 5], "car_2139": [8, 4], "car_3256": [6, 5], "car_4521": [1, 7], "car_2034": [0, 5], "car_2300": [0, 7], "car_2035": [9, 0], "car_2301": [4, 2], "car_2032": [13, 6], "car_3706": [4, 7], "car_2033": [3, 0], "car_2996": [3, 7], "car_3419": [0, 1], "car_2138": [3, 1], "car_3417": [1, 7], "car_3416": [11, 1], "car_3415": [12, 6], "car_3414": [8, 4], "car_3413": [13, 7], "car_3412": [9, 6], "car_3411": [14, 6], "car_3410": [10, 2], "car_985": [9, 3], "car_984": [6, 2], "car_987": [7, 4], "car_986": [13, 2], "car_981": [1, 0], "car_980": [11, 4], "car_983": [2, 0], "car_982": [14, 5], "car_1675": [2, 0], "car_1674": [5, 0], "car_1677": [3, 4], "car_1676": [13, 0], "car_989": [0, 3], "car_988": [12, 4], "car_1673": [1, 2], "car_1672": [4, 7], "car_2784": [14, 3], "car_2785": [6, 5], "car_1479": [15, 3], "car_1478": [11, 2], "car_2780": [7, 2], "car_2781": [12, 7], "car_2782": [11, 7], "car_2783": [5, 7], "car_1473": [2, 1], "car_1472": [10, 0], "car_1471": [1, 2], "car_1470": [12, 7], "car_1477": [8, 1], "car_1476": [7, 1], "car_1475": [3, 6], "car_1474": [9, 5], "car_2890": [9, 7], "car_2891": [13, 6], "car_2892": [7, 6], "car_2893": [0, 3], "car_2894": [4, 5], "car_1743": [5, 7], "car_2896": [1, 4], "car_2897": [5, 3], "car_2898": [14, 0], "car_2899": [2, 6], "car_1742": [8, 3], "car_2990": [1, 6], "car_4673": [4, 5], "car_4581": [8, 6], "car_2528": [6, 0], "car_2529": [9, 4], "car_2258": [4, 2], "car_2259": [11, 3], "car_3307": [11, 5], "car_2689": [8, 7], "car_3305": [10, 1], "car_3304": [15, 4], "car_2252": [15, 4], "car_2253": [1, 2], "car_2250": [7, 4], "car_2251": [0, 4], "car_2256": [7, 3], "car_2257": [0, 1], "car_2254": [2, 1], "car_2255": [9, 2], "car_2098": [10, 7], "car_2099": [14, 5], "car_2090": [9, 6], "car_2091": [3, 2], "car_2092": [8, 7], "car_2093": [12, 4], "car_2094": [0, 2], "car_2095": [11, 0], "car_2096": [15, 2], "car_2097": [1, 2], "car_3789": [3, 1], "car_3788": [9, 2], "car_2992": [14, 3], "car_3786": [14, 5], "car_3785": [10, 4], "car_3784": [1, 5], "car_3783": [15, 7], "car_3782": [12, 3], "car_3781": [9, 6], "car_3780": [6, 4], "car_4310": [6, 7], "car_3237": [11, 7], "car_3236": [3, 5], "car_569": [15, 5], "car_568": [4, 2], "car_3233": [10, 2], "car_3232": [15, 2], "car_2328": [6, 7], "car_2329": [9, 1], "car_563": [15, 4], "car_562": [4, 6], "car_561": [0, 1], "car_560": [12, 4], "car_567": [7, 5], "car_566": [13, 0], "car_565": [14, 7], "car_564": [5, 3], "car_3598": [10, 0], "car_2331": [3, 4], "car_3739": [1, 5], "car_4380": [1, 4], "car_3644": [3, 6], "car_620": [12, 2], "car_621": [4, 3], "car_622": [15, 0], "car_623": [5, 7], "car_624": [14, 6], "car_625": [2, 1], "car_626": [6, 7], "car_627": [13, 2], "car_628": [3, 0], "car_629": [11, 0], "car_4670": [13, 7], "car_1869": [14, 7], "car_3129": [9, 3], "car_3128": [6, 2], "car_4289": [12, 2], "car_3123": [8, 6], "car_3122": [7, 1], "car_3121": [3, 4], "car_3120": [13, 1], "car_3127": [14, 3], "car_3126": [10, 4], "car_3125": [5, 1], "car_3124": [0, 3], "car_4524": [3, 2], "car_3666": [2, 4], "car_1866": [7, 3], "car_1867": [12, 2], "car_3388": [13, 4], "car_198": [6, 7], "car_199": [13, 5], "car_2831": [13, 2], "car_192": [7, 6], "car_193": [0, 2], "car_190": [2, 4], "car_191": [13, 5], "car_196": [5, 6], "car_197": [10, 6], "car_194": [11, 3], "car_195": [15, 5], "car_3670": [8, 3], "car_758": [13, 4], "car_759": [3, 0], "car_754": [14, 5], "car_755": [2, 6], "car_756": [6, 4], "car_757": [9, 6], "car_750": [13, 7], "car_751": [3, 7], "car_752": [12, 6], "car_753": [10, 5], "car_1940": [8, 4], "car_3355": [1, 2], "car_4056": [1, 5], "car_4057": [5, 4], "car_4054": [11, 2], "car_4055": [15, 3], "car_2991": [10, 4], "car_4053": [4, 0], "car_4050": [3, 4], "car_4051": [7, 4], "car_3299": [5, 2], "car_4118": [8, 3], "car_4058": [2, 5], "car_3298": [15, 1], "car_286": [7, 3], "car_287": [8, 1], "car_284": [6, 3], "car_285": [13, 4], "car_282": [14, 2], "car_283": [2, 4], "car_280": [5, 3], "car_281": [10, 3], "car_3353": [11, 4], "car_1949": [4, 7], "car_288": [0, 7], "car_289": [4, 7], "car_3453": [4, 1], "car_1948": [0, 3], "car_2791": [10, 4], "car_3592": [12, 6], "car_3452": [0, 2], "car_4749": [0, 4], "car_4113": [3, 0], "car_3451": [8, 0], "car_4112": [9, 0], "car_4646": [14, 1], "car_3450": [7, 0], "car_4111": [6, 7], "car_3985": [7, 3], "car_4110": [2, 1], "car_3984": [3, 7], "car_1312": [0, 4], "car_1313": [11, 5], "car_1310": [9, 2], "car_1311": [7, 4], "car_1316": [10, 7], "car_1317": [2, 3], "car_1314": [15, 5], "car_1315": [1, 0], "car_4513": [6, 0], "car_1318": [6, 3], "car_1319": [9, 2], "car_2450": [5, 6], "car_3921": [15, 5], "car_2451": [10, 1], "car_2452": [6, 2], "car_372": [5, 1], "car_373": [9, 2], "car_370": [11, 6], "car_371": [1, 4], "car_376": [11, 6], "car_377": [15, 7], "car_374": [3, 5], "car_375": [12, 0], "car_1864": [9, 1], "car_1865": [3, 2], "car_378": [1, 4], "car_379": [5, 1], "car_1860": [12, 2], "car_1861": [4, 1], "car_1862": [11, 5], "car_1863": [14, 5], "car_174": [0, 6], "car_175": [4, 1], "car_176": [11, 4], "car_177": [15, 7], "car_170": [2, 4], "car_171": [13, 4], "car_172": [3, 6], "car_173": [8, 2], "car_2457": [13, 1], "car_178": [10, 5], "car_179": [9, 6], "car_2338": [9, 5], "car_4511": [5, 4], "car_4308": [11, 4], "car_4309": [15, 6], "car_4306": [12, 4], "car_4307": [4, 0], "car_4304": [7, 2], "car_3697": [10, 3], "car_4302": [6, 4], "car_4303": [9, 3], "car_4300": [15, 0], "car_4301": [14, 0], "car_1266": [0, 1], "car_1267": [4, 0], "car_1264": [3, 0], "car_1265": [8, 7], "car_1262": [14, 1], "car_1263": [13, 5], "car_1260": [5, 1], "car_1261": [10, 4], "car_2949": [5, 3], "car_4769": [0, 2], "car_1268": [11, 5], "car_1269": [15, 3], "car_3581": [11, 4], "car_4510": [1, 6], "car_3749": [11, 7], "car_3371": [11, 4], "car_4735": [10, 2], "car_2406": [10, 2], "car_3979": [8, 0], "car_4238": [12, 5], "car_4239": [1, 4], "car_4232": [15, 3], "car_4233": [5, 7], "car_4230": [0, 6], "car_4231": [4, 5], "car_4236": [7, 4], "car_4237": [8, 5], "car_4234": [14, 6], "car_4235": [13, 6], "car_2065": [14, 7], "car_2064": [1, 2], "car_1048": [10, 4], "car_1049": [14, 6], "car_2061": [12, 3], "car_2060": [9, 6], "car_2063": [15, 0], "car_2062": [4, 3], "car_1042": [13, 1], "car_1043": [8, 3], "car_1040": [6, 2], "car_1041": [9, 0], "car_1046": [1, 2], "car_1047": [5, 2], "car_1044": [0, 7], "car_1045": [4, 6], "car_2663": [7, 4], "car_2662": [3, 1], "car_2661": [13, 2], "car_2660": [6, 7], "car_2667": [1, 6], "car_2666": [15, 0], "car_2665": [11, 5], "car_2664": [4, 5], "car_2669": [14, 0], "car_2668": [5, 0], "car_4548": [5, 6], "car_4522": [5, 6], "car_4516": [3, 0], "car_3528": [6, 4], "car_2404": [11, 2], "car_4265": [10, 0], "car_3582": [1, 7], "car_4739": [7, 3], "car_4740": [0, 7], "car_4738": [3, 7], "car_4515": [13, 6], "car_3422": [1, 0], "car_3423": [2, 0], "car_78": [13, 2], "car_79": [3, 0], "car_3426": [13, 5], "car_3427": [3, 1], "car_3424": [6, 7], "car_3425": [9, 0], "car_72": [7, 0], "car_73": [8, 3], "car_70": [14, 1], "car_71": [3, 7], "car_76": [5, 2], "car_77": [2, 0], "car_74": [12, 7], "car_75": [1, 3], "car_992": [15, 6], "car_993": [10, 3], "car_990": [4, 3], "car_991": [11, 3], "car_996": [13, 7], "car_997": [3, 0], "car_994": [14, 2], "car_995": [2, 0], "car_1688": [0, 6], "car_1689": [4, 0], "car_998": [12, 4], "car_999": [0, 2], "car_2409": [7, 2], "car_2408": [13, 4], "car_2797": [0, 1], "car_2796": [12, 0], "car_2795": [3, 4], "car_2794": [13, 3], "car_2793": [9, 6], "car_2792": [2, 6], "car_1448": [5, 3], "car_1449": [14, 1], "car_1446": [4, 2], "car_1447": [11, 5], "car_1444": [7, 1], "car_1445": [8, 3], "car_1442": [9, 5], "car_1443": [13, 0], "car_1440": [11, 6], "car_1441": [10, 3], "car_2883": [14, 2], "car_2882": [10, 6], "car_2881": [1, 0], "car_2798": [11, 3], "car_2887": [14, 2], "car_2886": [1, 0], "car_2885": [7, 1], "car_2884": [6, 4], "car_2889": [6, 5], "car_2888": [2, 6], "car_3686": [12, 4], "car_3687": [4, 0], "car_3684": [9, 0], "car_3685": [8, 5], "car_2401": [8, 7], "car_3683": [6, 3], "car_3680": [12, 4], "car_3681": [1, 7], "car_2986": [13, 6], "car_3688": [11, 1], "car_3689": [1, 3], "car_3336": [13, 0], "car_3337": [3, 1], "car_2539": [2, 3], "car_2538": [1, 5], "car_2249": [3, 0], "car_2248": [13, 3], "car_3330": [12, 3], "car_3331": [4, 6], "car_2245": [15, 3], "car_2244": [4, 5], "car_2247": [5, 7], "car_2246": [1, 4], "car_2241": [2, 4], "car_2240": [10, 0], "car_2243": [9, 6], "car_2242": [6, 4], "car_2089": [6, 7], "car_2088": [2, 5], "car_3873": [10, 1], "car_2083": [4, 1], "car_2082": [0, 5], "car_2081": [12, 5], "car_2080": [8, 7], "car_2087": [14, 3], "car_2086": [5, 0], "car_2085": [15, 4], "car_2084": [11, 1], "car_3180": [9, 4], "car_3183": [7, 6], "car_4676": [1, 5], "car_3239": [14, 7], "car_2984": [2, 6], "car_3758": [15, 2], "car_3759": [5, 1], "car_3208": [15, 1], "car_3209": [1, 7], "car_4336": [9, 4], "car_3868": [12, 6], "car_3202": [2, 7], "car_3203": [9, 1], "car_3200": [15, 5], "car_3186": [5, 4], "car_3206": [0, 6], "car_3207": [11, 2], "car_3204": [3, 7], "car_3205": [12, 2], "car_578": [5, 2], "car_579": [10, 6], "car_2333": [12, 6], "car_2332": [8, 7], "car_2335": [4, 2], "car_2334": [0, 3], "car_2337": [5, 3], "car_553": [14, 2], "car_570": [5, 6], "car_571": [10, 1], "car_572": [6, 3], "car_573": [9, 5], "car_574": [7, 5], "car_806": [12, 6], "car_576": [11, 7], "car_577": [15, 6], "car_4115": [5, 6], "car_807": [0, 2], "car_800": [4, 6], "car_801": [5, 4], "car_4152": [8, 2], "car_802": [10, 7], "car_4508": [11, 3], "car_4400": [6, 5], "car_2192": [11, 2], "car_803": [9, 6], "car_2067": [9, 0], "car_2066": [2, 0], "car_619": [3, 7], "car_618": [2, 5], "car_3377": [4, 6], "car_615": [5, 2], "car_614": [15, 5], "car_617": [14, 7], "car_616": [10, 4], "car_611": [8, 3], "car_610": [7, 3], "car_613": [11, 6], "car_612": [0, 5], "car_2151": [9, 5], "car_3775": [4, 5], "car_4509": [15, 7], "car_3118": [14, 3], "car_3119": [6, 0], "car_3116": [5, 6], "car_3117": [10, 4], "car_3114": [15, 0], "car_3115": [1, 0], "car_3112": [4, 1], "car_3113": [11, 3], "car_3110": [9, 4], "car_3111": [13, 0], "car_2704": [0, 4], "car_4674": [11, 4], "car_2705": [4, 1], "car_4586": [2, 1], "car_3678": [9, 6], "car_2706": [1, 6], "car_4591": [0, 7], "car_2150": [6, 4], "car_4555": [4, 7], "car_2707": [10, 0], "car_2069": [3, 7], "car_2068": [13, 0], "car_2702": [7, 5], "car_2703": [8, 7], "car_4778": [4, 1], "car_4632": [0, 6], "car_769": [12, 1], "car_768": [7, 6], "car_2567": [9, 7], "car_4545": [4, 7], "car_761": [12, 0], "car_760": [8, 2], "car_763": [11, 3], "car_762": [4, 3], "car_765": [5, 2], "car_764": [1, 3], "car_767": [6, 7], "car_766": [10, 1], "car_2216": [9, 5], "car_4428": [9, 5], "car_2217": [3, 0], "car_4540": [14, 1], "car_2330": [13, 5], "car_2214": [10, 3], "car_4541": [9, 7], "car_4800": [15, 2], "car_4070": [4, 0], "car_2215": [14, 7], "car_4542": [13, 2], "car_2212": [4, 1], "car_4543": [7, 1], "car_2213": [15, 5], "car_4424": [15, 2], "car_4423": [11, 0], "car_2210": [3, 6], "car_4422": [0, 6], "car_4151": [7, 5], "car_2211": [7, 4], "car_575": [8, 2], "car_3374": [2, 0], "car_4549": [10, 3], "car_4201": [1, 2], "car_4425": [1, 2], "car_4381": [5, 2], "car_4142": [14, 2], "car_1305": [1, 0], "car_1304": [11, 1], "car_1307": [10, 0], "car_1306": [5, 6], "car_1301": [8, 1], "car_1300": [3, 4], "car_1303": [0, 6], "car_1302": [12, 1], "car_4675": [15, 3], "car_3909": [0, 6], "car_1309": [6, 7], "car_1308": [2, 3], "car_3832": [8, 2], "car_3760": [10, 2], "car_389": [2, 6], "car_388": [5, 1], "car_387": [15, 6], "car_386": [11, 6], "car_385": [0, 7], "car_384": [12, 3], "car_383": [8, 6], "car_382": [13, 2], "car_381": [9, 2], "car_380": [2, 5], "car_141": [1, 0], "car_140": [4, 3], "car_143": [2, 1], "car_142": [10, 4], "car_145": [8, 1], "car_144": [3, 7], "car_147": [11, 7], "car_146": [0, 7], "car_149": [10, 1], "car_148": [5, 4], "car_4043": [7, 5], "car_4042": [3, 0], "car_2407": [6, 1], "car_4044": [12, 5], "car_4047": [10, 6], "car_4046": [5, 6], "car_1279": [1, 2], "car_1278": [11, 2], "car_4313": [12, 7], "car_4312": [7, 4], "car_4315": [6, 1], "car_4314": [11, 5], "car_4317": [7, 5], "car_4316": [3, 6], "car_1271": [5, 7], "car_1270": [1, 3], "car_1273": [13, 1], "car_1272": [2, 0], "car_1275": [12, 1], "car_1274": [3, 1], "car_1277": [4, 0], "car_1276": [0, 1], "car_2326": [10, 7], "car_4501": [10, 4], "car_2847": [4, 1], "car_3671": [12, 4], "car_4771": [11, 3], "car_2327": [14, 0], "car_4502": [2, 6], "car_4229": [12, 5], "car_4228": [7, 0], "car_4305": [8, 6], "car_4225": [6, 0], "car_3912": [2, 1], "car_4227": [13, 3], "car_4226": [9, 7], "car_4221": [4, 7], "car_4220": [8, 2], "car_4223": [10, 1], "car_4222": [1, 6], "car_3491": [6, 5], "car_1059": [7, 4], "car_1058": [6, 7], "car_1055": [11, 4], "car_1054": [12, 4], "car_1057": [14, 3], "car_1056": [5, 2], "car_1051": [6, 3], "car_1050": [2, 7], "car_1053": [8, 3], "car_1052": [7, 0], "car_2656": [5, 4], "car_2657": [10, 3], "car_2654": [15, 7], "car_2655": [1, 6], "car_2652": [12, 2], "car_2653": [0, 6], "car_2650": [5, 4], "car_2651": [10, 3], "car_4439": [3, 6], "car_2415": [9, 2], "car_2658": [14, 6], "car_2659": [2, 0], "car_3490": [1, 6], "car_4588": [9, 3], "car_3790": [12, 0], "car_4035": [5, 0], "car_4689": [6, 5], "car_2416": [7, 3], "car_69": [10, 2], "car_68": [5, 4], "car_2438": [1, 7], "car_2439": [10, 2], "car_3431": [15, 4], "car_3430": [4, 0], "car_3433": [9, 6], "car_3432": [1, 4], "car_61": [14, 2], "car_60": [10, 7], "car_63": [9, 5], "car_62": [6, 0], "car_65": [8, 6], "car_64": [13, 4], "car_67": [15, 2], "car_66": [12, 2], "car_1693": [9, 6], "car_1692": [14, 7], "car_1691": [5, 4], "car_1690": [15, 6], "car_1697": [12, 3], "car_1696": [8, 1], "car_969": [3, 0], "car_968": [13, 6], "car_967": [5, 2], "car_966": [15, 4], "car_965": [0, 3], "car_964": [13, 6], "car_963": [9, 0], "car_962": [6, 1], "car_961": [5, 7], "car_960": [15, 5], "car_1451": [12, 2], "car_1450": [7, 3], "car_1453": [15, 7], "car_1452": [0, 1], "car_1455": [10, 0], "car_1454": [5, 1], "car_1457": [2, 6], "car_1456": [14, 4], "car_1459": [9, 7], "car_1458": [6, 1], "car_4506": [0, 4], "car_3937": [7, 1], "car_3707": [11, 4], "car_3541": [8, 7], "car_2410": [8, 4], "car_2837": [15, 7], "car_4449": [6, 3], "car_3428": [8, 5], "car_3329": [7, 2], "car_3328": [3, 2], "car_3429": [12, 2], "car_3175": [0, 4], "car_3321": [0, 5], "car_3320": [12, 5], "car_3323": [5, 1], "car_3322": [15, 2], "car_3325": [2, 6], "car_3279": [15, 7], "car_3327": [13, 4], "car_3326": [9, 3], "car_3278": [11, 4], "car_2411": [12, 1], "car_3547": [14, 3], "car_2508": [2, 3], "car_2509": [6, 2], "car_2506": [10, 1], "car_2507": [14, 1], "car_2504": [1, 2], "car_2505": [5, 6], "car_2502": [11, 0], "car_2503": [15, 1], "car_2500": [7, 0], "car_2501": [0, 7], "car_2737": [0, 4], "car_1680": [4, 3], "car_1681": [15, 3], "car_4009": [10, 1], "car_3705": [8, 6], "car_3173": [7, 2], "car_1682": [1, 4], "car_1683": [13, 0], "car_4442": [0, 7], "car_3903": [2, 0], "car_3272": [13, 2], "car_1684": [3, 0], "car_2736": [12, 5], "car_1685": [7, 6], "car_1891": [4, 0], "car_3270": [2, 0], "car_1686": [8, 2], "car_1890": [12, 2], "car_3704": [13, 3], "car_1687": [12, 0], "car_1893": [5, 1], "car_545": [6, 1], "car_544": [2, 0], "car_547": [3, 1], "car_546": [9, 5], "car_541": [1, 0], "car_540": [15, 6], "car_543": [10, 1], "car_542": [5, 0], "car_3215": [7, 0], "car_1895": [9, 5], "car_3217": [0, 7], "car_3216": [12, 7], "car_549": [0, 4], "car_548": [12, 6], "car_819": [1, 6], "car_818": [15, 0], "car_2344": [3, 2], "car_2345": [8, 6], "car_2346": [12, 4], "car_2347": [0, 7], "car_2340": [0, 5], "car_1897": [3, 2], "car_2342": [10, 2], "car_2343": [13, 2], "car_2405": [1, 7], "car_1896": [13, 4], "car_2348": [4, 5], "car_2349": [15, 7], "car_4710": [10, 2], "car_3699": [6, 0], "car_3698": [2, 0], "car_3691": [13, 2], "car_3690": [9, 5], "car_3693": [8, 5], "car_3692": [7, 5], "car_3695": [11, 4], "car_3694": [4, 6], "car_33": [2, 3], "car_3696": [15, 6], "car_1767": [1, 3], "car_3702": [10, 2], "car_1766": [11, 0], "car_4682": [4, 1], "car_4218": [13, 5], "car_1765": [7, 2], "car_4219": [3, 7], "car_3498": [6, 4], "car_608": [15, 4], "car_609": [1, 4], "car_2941": [14, 1], "car_602": [6, 0], "car_603": [9, 0], "car_600": [1, 3], "car_601": [5, 2], "car_606": [12, 0], "car_607": [4, 6], "car_604": [13, 2], "car_605": [8, 5], "car_3101": [10, 1], "car_3100": [5, 1], "car_3103": [3, 2], "car_3102": [9, 2], "car_3105": [1, 5], "car_1761": [0, 1], "car_3107": [14, 7], "car_3106": [10, 7], "car_3109": [6, 5], "car_3108": [2, 5], "car_1760": [12, 7], "car_4350": [5, 2], "car_4768": [8, 2], "car_4180": [1, 5], "car_2799": [15, 3], "car_3700": [7, 0], "car_4433": [12, 3], "car_776": [6, 5], "car_777": [7, 1], "car_774": [10, 3], "car_775": [2, 3], "car_772": [1, 7], "car_773": [5, 0], "car_770": [0, 6], "car_771": [11, 3], "car_4551": [2, 6], "car_1768": [10, 7], "car_778": [8, 7], "car_779": [0, 3], "car_4468": [4, 1], "car_4434": [4, 6], "car_2418": [12, 7], "car_2880": [11, 3], "car_4338": [3, 0], "car_1750": [12, 5], "car_3941": [14, 4], "car_4448": [10, 3], "car_3940": [5, 7], "car_4686": [11, 0], "car_4435": [14, 3], "car_2419": [0, 7], "car_4713": [9, 5], "car_4717": [11, 0], "car_3293": [13, 3], "car_4383": [14, 5], "car_4436": [2, 3], "car_3664": [5, 7], "car_3292": [9, 7], "car_3949": [15, 2], "car_3948": [11, 7], "car_4547": [15, 5], "car_4532": [2, 5], "car_4684": [12, 7], "car_4437": [6, 2], "car_3251": [8, 5], "car_1994": [3, 4], "car_1995": [8, 1], "car_1996": [12, 3], "car_1997": [0, 6], "car_1990": [11, 4], "car_1991": [15, 4], "car_1992": [5, 7], "car_1993": [13, 7], "car_4148": [2, 3], "car_4149": [6, 5], "car_1998": [4, 1], "car_1999": [15, 0], "car_2846": [0, 6], "car_4499": [1, 3], "car_3682": [2, 4], "car_3250": [7, 6], "car_3728": [6, 7], "car_1842": [9, 3], "car_1806": [9, 7], "car_1840": [10, 5], "car_1841": [6, 4], "car_398": [6, 1], "car_399": [9, 1], "car_1844": [11, 4], "car_1807": [3, 0], "car_394": [15, 1], "car_395": [10, 4], "car_396": [14, 7], "car_397": [2, 1], "car_390": [13, 5], "car_391": [7, 3], "car_392": [4, 5], "car_393": [11, 5], "car_4369": [4, 7], "car_3725": [5, 6], "car_4671": [12, 7], "car_4038": [0, 5], "car_4039": [15, 2], "car_158": [14, 4], "car_159": [2, 5], "car_156": [1, 7], "car_157": [10, 1], "car_154": [12, 4], "car_155": [0, 1], "car_152": [3, 2], "car_153": [8, 6], "car_150": [2, 3], "car_151": [13, 5], "car_3667": [6, 0], "car_4365": [10, 0], "car_4366": [2, 5], "car_3726": [10, 5], "car_1208": [1, 2], "car_1209": [5, 7], "car_4362": [12, 5], "car_4363": [11, 4], "car_1204": [6, 7], "car_1205": [13, 4], "car_1206": [7, 3], "car_1207": [0, 3], "car_1200": [15, 0], "car_1201": [1, 5], "car_1202": [10, 2], "car_1203": [2, 4], "car_4171": [13, 5], "car_2601": [7, 5], "car_2403": [0, 3], "car_4170": [9, 2], "car_3252": [0, 7], "car_3926": [12, 0], "car_3722": [11, 1], "car_4678": [6, 7], "car_3660": [1, 2], "car_4760": [6, 5], "car_4172": [15, 2], "car_3334": [10, 5], "car_4174": [14, 5], "car_3708": [1, 5], "car_4783": [13, 5], "car_4780": [15, 1], "car_3335": [14, 5], "car_4786": [0, 6], "car_1808": [0, 6], "car_4784": [7, 0], "car_3255": [14, 4], "car_3332": [11, 6], "car_4788": [5, 7], "car_1809": [4, 5], "car_3661": [14, 6], "car_3333": [1, 0], "car_2649": [15, 3], "car_2612": [8, 2], "car_4568": [5, 3], "car_4438": [13, 2], "car_4701": [6, 3], "car_2613": [12, 5], "car_2641": [1, 4], "car_2640": [11, 4], "car_2643": [14, 6], "car_2642": [10, 1], "car_2645": [3, 0], "car_2644": [13, 5], "car_2647": [12, 4], "car_2646": [8, 6], "car_1510": [1, 7], "car_1511": [5, 4], "car_1512": [10, 2], "car_1513": [14, 2], "car_1514": [2, 6], "car_1515": [9, 2], "car_1516": [7, 3], "car_1517": [4, 1], "car_1518": [11, 6], "car_1519": [15, 5], "car_3662": [9, 6], "car_4763": [7, 2], "car_4764": [12, 6], "car_2531": [3, 7], "car_4766": [10, 5], "car_2965": [3, 6], "car_2530": [13, 7], "car_2966": [0, 5], "car_3366": [14, 5], "car_4698": [5, 7], "car_2537": [11, 3], "car_2967": [11, 2], "car_2536": [4, 1], "car_2968": [3, 0], "car_2855": [0, 4], "car_1198": [0, 3], "car_1199": [4, 1], "car_2969": [8, 7], "car_1194": [6, 5], "car_1195": [9, 2], "car_1196": [3, 5], "car_1197": [7, 2], "car_1190": [1, 7], "car_1191": [5, 7], "car_1192": [10, 4], "car_1193": [2, 6], "car_3916": [8, 7], "car_3917": [12, 7], "car_3914": [0, 2], "car_2619": [3, 2], "car_2429": [4, 1], "car_2428": [0, 5], "car_3910": [5, 3], "car_3911": [14, 5], "car_2425": [7, 5], "car_2424": [13, 1], "car_2427": [12, 0], "car_2426": [8, 7], "car_2421": [15, 7], "car_2126": [9, 1], "car_2423": [9, 1], "car_2422": [14, 3], "car_2856": [4, 6], "car_2127": [7, 5], "car_978": [12, 4], "car_979": [4, 2], "car_974": [5, 0], "car_975": [14, 1], "car_976": [9, 5], "car_977": [7, 2], "car_970": [8, 7], "car_971": [12, 3], "car_972": [4, 2], "car_973": [1, 2], "car_1424": [6, 5], "car_1425": [9, 6], "car_1426": [7, 3], "car_1427": [8, 2], "car_1420": [4, 2], "car_1421": [15, 7], "car_1422": [5, 2], "car_1423": [10, 0], "car_2402": [12, 2], "car_1428": [0, 1], "car_1429": [4, 1], "car_2857": [15, 0], "car_3259": [3, 5], "car_4752": [13, 5], "car_4765": [1, 3], "car_4335": [6, 1], "car_4754": [7, 5], "car_3593": [0, 6], "car_3358": [2, 6], "car_3359": [9, 0], "car_3354": [15, 4], "car_2128": [8, 0], "car_3356": [10, 3], "car_3357": [14, 2], "car_3350": [5, 0], "car_3258": [13, 1], "car_3352": [13, 7], "car_2129": [1, 5], "car_2511": [13, 7], "car_2510": [9, 7], "car_2513": [8, 3], "car_2512": [3, 5], "car_2515": [0, 3], "car_2514": [12, 1], "car_2517": [15, 3], "car_2516": [4, 2], "car_2519": [9, 0], "car_2518": [5, 4], "car_3590": [7, 1], "car_3591": [8, 1], "car_3596": [1, 6], "car_3597": [5, 3], "car_3594": [11, 3], "car_3595": [15, 7], "car_1738": [4, 0], "car_1739": [11, 1], "car_1730": [8, 0], "car_1731": [12, 3], "car_1732": [0, 6], "car_1733": [11, 3], "car_1734": [1, 3], "car_1735": [6, 5], "car_1736": [3, 4], "car_1737": [7, 4], "car_54": [12, 6], "car_55": [0, 5], "car_56": [4, 6], "car_57": [11, 5], "car_50": [7, 5], "car_51": [12, 7], "car_52": [4, 3], "car_53": [2, 3], "car_4507": [4, 5], "car_58": [15, 3], "car_59": [1, 6], "car_2609": [6, 2], "car_552": [10, 4], "car_805": [8, 2], "car_550": [15, 1], "car_551": [5, 7], "car_556": [9, 4], "car_557": [13, 7], "car_554": [2, 0], "car_555": [6, 1], "car_3776": [11, 3], "car_3777": [15, 3], "car_558": [7, 4], "car_559": [8, 1], "car_808": [11, 2], "car_809": [1, 4], "car_3770": [9, 5], "car_3771": [13, 3], "car_2357": [9, 1], "car_2356": [14, 2], "car_2355": [1, 0], "car_2354": [15, 5], "car_2353": [11, 6], "car_2352": [3, 7], "car_2351": [6, 4], "car_2350": [1, 7], "car_2359": [3, 6], "car_2358": [13, 4], "car_4117": [9, 0], "car_1757": [9, 2], "car_4445": [2, 7], "car_3672": [11, 3], "car_3710": [6, 3], "car_2339": [7, 4], "car_4690": [9, 1], "car_3709": [2, 7], "car_2469": [15, 5], "car_3174": [12, 2], "car_2915": [9, 1], "car_3176": [11, 4], "car_3177": [5, 3], "car_3170": [2, 4], "car_3171": [6, 0], "car_3172": [3, 2], "car_2914": [6, 4], "car_3178": [10, 3], "car_3179": [2, 1], "car_3711": [13, 4], "car_3369": [8, 7], "car_4691": [13, 7], "car_4359": [2, 4], "car_2468": [11, 7], "car_3437": [15, 6], "car_3747": [8, 7], "car_4328": [8, 3], "car_703": [4, 5], "car_702": [12, 7], "car_701": [9, 3], "car_700": [10, 0], "car_707": [14, 2], "car_706": [10, 2], "car_705": [1, 7], "car_704": [15, 1], "car_709": [7, 3], "car_708": [6, 4], "car_3436": [4, 0], "car_3008": [1, 0], "car_3009": [5, 3], "car_4329": [12, 4], "car_3000": [11, 1], "car_3001": [15, 3], "car_3002": [1, 3], "car_3003": [5, 1], "car_3004": [6, 2], "car_3005": [7, 1], "car_3006": [12, 1], "car_3007": [4, 3], "car_2221": [5, 4], "car_4353": [7, 3], "car_4247": [10, 2], "car_2308": [5, 1], "car_4116": [14, 5], "car_3619": [9, 6], "car_4773": [14, 3], "car_2400": [3, 0], "car_3751": [14, 2], "car_2309": [10, 7], "car_3201": [14, 7], "car_3754": [7, 2], "car_3755": [12, 3], "car_4496": [4, 2], "car_3756": [0, 7], "car_3757": [4, 5], "car_4815": [3, 4], "car_1987": [13, 4], "car_1986": [6, 2], "car_1985": [2, 6], "car_1984": [10, 5], "car_1983": [1, 4], "car_1982": [11, 6], "car_1981": [12, 1], "car_1980": [8, 6], "car_4159": [13, 5], "car_4158": [10, 6], "car_4696": [11, 7], "car_1989": [4, 2], "car_1988": [12, 4], "car_2768": [14, 3], "car_1855": [9, 7], "car_1796": [6, 5], "car_1857": [3, 5], "car_1856": [13, 0], "car_1851": [1, 4], "car_1850": [15, 2], "car_1853": [2, 0], "car_1797": [9, 5], "car_4805": [7, 3], "car_4804": [3, 0], "car_4807": [12, 3], "car_2336": [15, 5], "car_1859": [8, 7], "car_1794": [5, 6], "car_4803": [6, 1], "car_4802": [10, 0], "car_2230": [10, 4], "car_129": [7, 6], "car_128": [1, 4], "car_4368": [7, 0], "car_4029": [9, 6], "car_2231": [14, 3], "car_123": [12, 5], "car_122": [3, 6], "car_121": [13, 4], "car_120": [9, 3], "car_127": [15, 7], "car_126": [11, 6], "car_125": [4, 1], "car_124": [0, 6], "car_4377": [4, 3], "car_4153": [12, 2], "car_4375": [12, 3], "car_4374": [3, 0], "car_3718": [13, 6], "car_1790": [6, 3], "car_1219": [3, 5], "car_1218": [13, 6], "car_1217": [10, 5], "car_1216": [5, 6], "car_1215": [15, 1], "car_1214": [4, 2], "car_1213": [12, 3], "car_1212": [9, 7], "car_1211": [6, 4], "car_1210": [2, 7], "car_1415": [2, 0], "car_4150": [3, 1], "car_1414": [10, 5], "car_4157": [15, 7], "car_1417": [8, 4], "car_4156": [11, 5], "car_4266": [14, 3], "car_3719": [7, 3], "car_1416": [6, 2], "car_4155": [4, 1], "car_1411": [9, 1], "car_4154": [0, 2], "car_3959": [0, 3], "car_1410": [14, 4], "car_237": [14, 3], "car_236": [5, 6], "car_235": [1, 5], "car_234": [11, 3], "car_233": [4, 2], "car_232": [0, 6], "car_231": [12, 4], "car_230": [8, 6], "car_3372": [15, 2], "car_1412": [0, 5], "car_4799": [4, 6], "car_4798": [0, 4], "car_239": [13, 5], "car_238": [2, 7], "car_2988": [4, 1], "car_2989": [15, 7], "car_2638": [0, 5], "car_2639": [4, 3], "car_2634": [3, 5], "car_2635": [7, 0], "car_2636": [8, 7], "car_2637": [12, 6], "car_2630": [11, 3], "car_2631": [15, 3], "car_2632": [2, 1], "car_2633": [13, 3], "car_1503": [7, 4], "car_1502": [3, 1], "car_1501": [13, 4], "car_1500": [2, 3], "car_1507": [8, 6], "car_1506": [13, 1], "car_1505": [9, 2], "car_1504": [14, 4], "car_3373": [14, 5], "car_4772": [5, 6], "car_1509": [0, 7], "car_1508": [12, 1], "car_4777": [0, 2], "car_4776": [7, 4], "car_4775": [13, 2], "car_3825": [3, 1], "car_4498": [15, 0], "car_4367": [13, 4], "car_4812": [2, 1], "car_3439": [5, 3], "car_3745": [13, 4], "car_4489": [10, 2], "car_4488": [1, 3], "car_4322": [11, 2], "car_1189": [4, 6], "car_1188": [0, 7], "car_1187": [13, 5], "car_1186": [9, 5], "car_1185": [14, 7], "car_1184": [10, 3], "car_1183": [5, 4], "car_1182": [4, 6], "car_1181": [12, 5], "car_1180": [3, 7], "car_2182": [15, 3], "car_2183": [1, 6], "car_2180": [0, 2], "car_2181": [11, 3], "car_2186": [2, 5], "car_2187": [9, 7], "car_2184": [5, 1], "car_2185": [14, 5], "car_3438": [1, 6], "car_2188": [13, 0], "car_2189": [3, 1], "car_949": [13, 6], "car_948": [6, 2], "car_2742": [12, 3], "car_2743": [0, 5], "car_2744": [4, 5], "car_2745": [15, 3], "car_2746": [13, 4], "car_2747": [3, 7], "car_941": [13, 5], "car_940": [9, 2], "car_943": [7, 1], "car_942": [3, 0], "car_945": [15, 6], "car_944": [0, 7], "car_947": [2, 0], "car_946": [5, 4], "car_1437": [9, 7], "car_1436": [2, 4], "car_1435": [14, 0], "car_1434": [15, 3], "car_1433": [8, 4], "car_1432": [7, 4], "car_1431": [9, 3], "car_1430": [14, 3], "car_1439": [4, 3], "car_1438": [3, 7], "car_3501": [8, 0], "car_2238": [0, 7], "car_4114": [4, 5], "car_2823": [7, 3], "car_4446": [3, 6], "car_493": [6, 7], "car_492": [10, 2], "car_491": [5, 1], "car_490": [15, 1], "car_497": [7, 2], "car_496": [3, 2], "car_495": [13, 7], "car_494": [9, 6], "car_3347": [0, 7], "car_3346": [12, 2], "car_499": [0, 5], "car_498": [8, 2], "car_3343": [14, 3], "car_3342": [10, 1], "car_3341": [11, 3], "car_3340": [0, 7], "car_2296": [1, 0], "car_2297": [5, 3], "car_2294": [4, 6], "car_2239": [15, 0], "car_2292": [12, 4], "car_2293": [0, 7], "car_2290": [7, 3], "car_2291": [8, 3], "car_3585": [2, 1], "car_1918": [0, 5], "car_3587": [9, 0], "car_3586": [6, 3], "car_2568": [13, 0], "car_2569": [8, 5], "car_2298": [10, 0], "car_1919": [4, 6], "car_1729": [7, 1], "car_1728": [3, 7], "car_1723": [12, 5], "car_1722": [8, 4], "car_1721": [3, 1], "car_1720": [6, 5], "car_1727": [9, 7], "car_1726": [10, 5], "car_1725": [15, 0], "car_1724": [0, 2], "car_43": [8, 6], "car_42": [3, 0], "car_41": [6, 1], "car_40": [15, 1], "car_47": [6, 0], "car_46": [5, 0], "car_45": [1, 2], "car_44": [15, 6], "car_3901": [15, 5], "car_3900": [11, 7], "car_49": [13, 6], "car_48": [9, 4], "car_3905": [9, 4], "car_1916": [7, 6], "car_3907": [8, 4], "car_3906": [13, 6], "car_3365": [1, 2], "car_1917": [12, 4], "car_3364": [4, 2], "car_4801": [5, 4], "car_3761": [14, 0], "car_3375": [9, 6], "car_3367": [6, 3], "car_1858": [7, 3], "car_831": [7, 5], "car_830": [3, 1], "car_833": [15, 1], "car_832": [4, 3], "car_835": [5, 0], "car_834": [1, 4], "car_837": [2, 6], "car_836": [14, 1], "car_839": [9, 2], "car_838": [6, 1], "car_2360": [12, 3], "car_2361": [2, 3], "car_2366": [0, 2], "car_2367": [11, 7], "car_2364": [7, 5], "car_2365": [8, 2], "car_2168": [8, 4], "car_2169": [12, 4], "car_3509": [0, 4], "car_3815": [7, 4], "car_2160": [3, 4], "car_2161": [7, 2], "car_2162": [4, 3], "car_2163": [10, 1], "car_2164": [14, 3], "car_2165": [9, 7], "car_2166": [3, 5], "car_2167": [7, 6], "car_2810": [10, 7], "car_2811": [6, 3], "car_2812": [9, 5], "car_4311": [9, 1], "car_2813": [13, 0], "car_3763": [6, 2], "car_1941": [0, 1], "car_2814": [3, 4], "car_4028": [14, 7], "car_3055": [2, 1], "car_2815": [7, 4], "car_4027": [7, 2], "car_2544": [5, 6], "car_3235": [9, 3], "car_2817": [4, 5], "car_4025": [10, 7], "car_3167": [12, 0], "car_3166": [3, 0], "car_3165": [13, 7], "car_3164": [2, 1], "car_3163": [5, 4], "car_3162": [1, 0], "car_3161": [12, 2], "car_3160": [8, 1], "car_4023": [4, 6], "car_4785": [12, 3], "car_2463": [14, 2], "car_3169": [14, 6], "car_3168": [5, 1], "car_2462": [10, 5], "car_3980": [4, 3], "car_4021": [3, 1], "car_3309": [1, 6], "car_4020": [13, 7], "car_3565": [6, 2], "car_4376": [0, 1], "car_3933": [14, 3], "car_710": [0, 3], "car_711": [4, 1], "car_712": [15, 0], "car_713": [1, 0], "car_714": [5, 3], "car_715": [2, 6], "car_716": [9, 2], "car_717": [7, 2], "car_718": [8, 4], "car_719": [12, 3], "car_4372": [9, 7], "car_1892": [11, 1], "car_3019": [10, 2], "car_3018": [5, 6], "car_4224": [2, 7], "car_3028": [5, 1], "car_3013": [3, 6], "car_3012": [9, 0], "car_3011": [6, 5], "car_3010": [14, 7], "car_3017": [1, 0], "car_3016": [15, 0], "car_3015": [0, 6], "car_2987": [12, 6], "car_3923": [2, 5], "car_3508": [12, 6], "car_3989": [10, 3], "car_3421": [11, 0], "car_4494": [3, 5], "car_4273": [10, 1], "car_4379": [11, 7], "car_4809": [11, 3], "car_4378": [1, 4], "car_1894": [6, 1], "car_4579": [3, 7], "car_4495": [8, 6], "car_4440": [8, 7], "car_4517": [7, 3], "car_4808": [0, 4], "car_3769": [6, 5], "car_4166": [1, 0], "car_4167": [14, 4], "car_4164": [4, 6], "car_4165": [11, 1], "car_4162": [12, 7], "car_4163": [0, 3], "car_4160": [3, 5], "car_4161": [7, 4], "car_4492": [9, 4], "car_4168": [2, 5], "car_4169": [6, 4], "car_2895": [15, 4], "car_3368": [3, 2], "car_4493": [13, 0], "car_4811": [10, 0], "car_138": [12, 4], "car_139": [0, 1], "car_4010": [2, 1], "car_4011": [6, 3], "car_4016": [4, 5], "car_4017": [15, 1], "car_4014": [3, 1], "car_4015": [8, 1], "car_130": [8, 0], "car_131": [0, 7], "car_132": [4, 2], "car_133": [11, 5], "car_134": [15, 3], "car_135": [1, 2], "car_136": [14, 0], "car_137": [8, 3], "car_1222": [4, 1], "car_1223": [11, 4], "car_1220": [12, 2], "car_1221": [0, 2], "car_1226": [8, 3], "car_1227": [12, 6], "car_1224": [15, 1], "car_1225": [1, 6], "car_1886": [9, 7], "car_1887": [3, 1], "car_1228": [11, 0], "car_1229": [1, 5], "car_1882": [8, 6], "car_1883": [4, 2], "car_1880": [3, 0], "car_1881": [7, 2], "car_2621": [11, 1], "car_3625": [1, 0], "car_3988": [1, 2], "car_224": [15, 1], "car_225": [14, 6], "car_226": [2, 0], "car_227": [6, 1], "car_220": [12, 0], "car_221": [0, 4], "car_222": [4, 1], "car_223": [11, 1], "car_228": [9, 5], "car_229": [13, 5], "car_1086": [11, 6], "car_1087": [5, 1], "car_1084": [3, 4], "car_1085": [0, 6], "car_1082": [9, 2], "car_1083": [13, 1], "car_1080": [10, 4], "car_1081": [6, 7], "car_2627": [13, 0], "car_2626": [6, 5], "car_2625": [2, 5], "car_2624": [14, 4], "car_2623": [5, 4], "car_2622": [15, 6], "car_1088": [10, 0], "car_1089": [14, 3], "car_1536": [9, 2], "car_1537": [3, 0], "car_1534": [2, 4], "car_1535": [6, 7], "car_1532": [4, 0], "car_1533": [15, 6], "car_1530": [12, 5], "car_1531": [0, 6], "car_4746": [13, 3], "car_4747": [7, 2], "car_4744": [6, 7], "car_4745": [9, 3], "car_4742": [5, 4], "car_4743": [2, 7], "car_1538": [7, 5], "car_1539": [0, 1], "car_4795": [7, 1], "car_3512": [2, 7], "car_4794": [3, 7], "car_4806": [8, 0], "car_4703": [13, 5], "car_4797": [12, 6], "car_4348": [13, 0], "car_4349": [7, 3], "car_4342": [15, 0], "car_4343": [1, 6], "car_4340": [0, 5], "car_4341": [11, 3], "car_4346": [2, 0], "car_4347": [6, 2], "car_4344": [5, 6], "car_4345": [10, 1], "car_956": [9, 4], "car_957": [3, 6], "car_954": [10, 2], "car_955": [14, 1], "car_952": [1, 7], "car_953": [5, 0], "car_950": [3, 6], "car_951": [7, 1], "car_4593": [15, 6], "car_1827": [12, 3], "car_2199": [13, 7], "car_2198": [9, 6], "car_958": [0, 4], "car_959": [11, 1], "car_1158": [10, 3], "car_1159": [2, 1], "car_1408": [5, 4], "car_1409": [10, 5], "car_2757": [8, 5], "car_2756": [7, 5], "car_2755": [13, 1], "car_1829": [4, 6], "car_1150": [5, 2], "car_1151": [10, 4], "car_1152": [2, 0], "car_1153": [9, 6], "car_1154": [3, 1], "car_1155": [7, 3], "car_1156": [11, 0], "car_1157": [15, 1], "car_2532": [7, 4], "car_2380": [10, 7], "car_3510": [4, 7], "car_4657": [11, 0], "car_2764": [0, 3], "car_4592": [11, 5], "car_2381": [14, 1], "car_4650": [12, 6], "car_2382": [2, 7], "car_4651": [0, 2], "car_2383": [9, 2], "car_4652": [15, 5], "car_1826": [7, 1], "car_3314": [1, 0], "car_4653": [2, 1], "car_3315": [5, 0], "car_480": [9, 3], "car_481": [3, 6], "car_482": [8, 4], "car_483": [4, 5], "car_484": [15, 6], "car_485": [10, 7], "car_486": [14, 1], "car_487": [2, 1], "car_488": [8, 4], "car_489": [0, 3], "car_2283": [8, 7], "car_2282": [7, 0], "car_2285": [0, 2], "car_2284": [12, 5], "car_2287": [11, 6], "car_2286": [4, 6], "car_2577": [8, 1], "car_853": [13, 2], "car_2575": [13, 4], "car_2574": [9, 3], "car_2573": [1, 3], "car_2572": [11, 2], "car_2571": [4, 7], "car_852": [9, 1], "car_3578": [13, 2], "car_3579": [3, 1], "car_851": [2, 1], "car_2579": [4, 3], "car_2578": [12, 6], "car_4590": [12, 2], "car_582": [9, 6], "car_4711": [14, 6], "car_1718": [10, 4], "car_1719": [2, 4], "car_1716": [0, 5], "car_857": [11, 0], "car_1714": [7, 5], "car_1715": [12, 2], "car_1712": [13, 5], "car_1713": [3, 0], "car_1710": [10, 2], "car_856": [0, 5], "car_2982": [10, 0], "car_1828": [0, 1], "car_3978": [3, 6], "car_855": [8, 2], "car_4584": [11, 5], "car_2983": [14, 0], "car_3974": [15, 3], "car_3975": [6, 5], "car_3976": [9, 6], "car_854": [3, 4], "car_3970": [3, 0], "car_2980": [1, 5], "car_3972": [0, 6], "car_3973": [4, 6], "car_4597": [12, 6], "car_4700": [2, 7], "car_2981": [5, 6], "car_2739": [1, 2], "car_4757": [1, 5], "car_2738": [4, 2], "car_3714": [12, 0], "car_3715": [0, 4], "car_3716": [2, 3], "car_3494": [5, 6], "car_2379": [5, 6], "car_2378": [1, 6], "car_828": [10, 5], "car_829": [6, 4], "car_826": [15, 5], "car_827": [5, 2], "car_824": [4, 6], "car_825": [11, 3], "car_822": [9, 5], "car_823": [7, 5], "car_820": [5, 7], "car_821": [6, 5], "car_3484": [2, 4], "car_3485": [8, 3], "car_2179": [12, 4], "car_2178": [8, 4], "car_3480": [0, 7], "car_3481": [5, 7], "car_3482": [10, 5], "car_3483": [14, 1], "car_2173": [2, 5], "car_2172": [1, 4], "car_2171": [11, 4], "car_2170": [0, 3], "car_2177": [7, 2], "car_2176": [3, 5], "car_2175": [9, 6], "car_2174": [6, 3], "car_4486": [11, 3], "car_4477": [11, 6], "car_3238": [15, 0], "car_2535": [0, 5], "car_3920": [11, 6], "car_4595": [3, 7], "car_4471": [5, 0], "car_3349": [1, 7], "car_3218": [4, 6], "car_3628": [9, 7], "car_3629": [3, 1], "car_3158": [9, 0], "car_3159": [13, 6], "car_2534": [12, 1], "car_3499": [9, 3], "car_4022": [0, 4], "car_3152": [11, 0], "car_3153": [1, 0], "car_3150": [8, 7], "car_3151": [12, 5], "car_3156": [14, 3], "car_3157": [2, 6], "car_3154": [5, 2], "car_3155": [10, 6], "car_3398": [8, 7], "car_3399": [12, 4], "car_4770": [4, 5], "car_3390": [11, 7], "car_3391": [5, 7], "car_3392": [10, 2], "car_3393": [2, 7], "car_3394": [4, 7], "car_3395": [10, 3], "car_3396": [6, 7], "car_3397": [7, 5], "car_3983": [2, 1], "car_4514": [9, 1], "car_4774": [6, 0], "car_3799": [11, 6], "car_3389": [3, 6], "car_4458": [7, 6], "car_3982": [15, 7], "car_4761": [9, 3], "car_729": [0, 2], "car_728": [8, 1], "car_725": [2, 4], "car_724": [14, 1], "car_727": [9, 1], "car_726": [6, 5], "car_721": [11, 6], "car_720": [4, 3], "car_723": [10, 6], "car_722": [1, 3], "car_3797": [8, 6], "car_2708": [13, 5], "car_3029": [10, 6], "car_3026": [15, 0], "car_3027": [1, 7], "car_3024": [7, 0], "car_3025": [11, 1], "car_3022": [13, 2], "car_3023": [3, 2], "car_3020": [14, 2], "car_3021": [6, 5], "car_3519": [1, 3], "car_4599": [15, 6], "car_2620": [4, 1], "car_3275": [8, 6], "car_1795": [10, 6], "car_4598": [11, 4], "car_3274": [7, 5], "car_1792": [3, 6], "car_3987": [4, 1], "car_3226": [3, 5], "car_4791": [2, 3], "car_1793": [0, 5], "car_3986": [0, 1], "car_3779": [14, 3], "car_4481": [6, 7], "car_2440": [14, 7], "car_4635": [1, 0], "car_4480": [14, 3], "car_4790": [14, 6], "car_4483": [12, 0], "car_105": [2, 5], "car_104": [14, 2], "car_107": [7, 0], "car_106": [13, 2], "car_101": [0, 6], "car_100": [12, 2], "car_103": [15, 3], "car_102": [4, 5], "car_1888": [7, 3], "car_4485": [4, 5], "car_109": [0, 7], "car_108": [8, 7], "car_3659": [15, 1], "car_4484": [0, 1], "car_4005": [13, 0], "car_4004": [6, 0], "car_4007": [0, 4], "car_4006": [3, 7], "car_4001": [10, 7], "car_4000": [15, 3], "car_4003": [2, 5], "car_4002": [14, 6], "car_3934": [6, 1], "car_1791": [13, 5], "car_4008": [1, 3], "car_3637": [0, 2], "car_1235": [8, 0], "car_1234": [7, 3], "car_1237": [15, 4], "car_1236": [0, 4], "car_1231": [6, 3], "car_1230": [2, 4], "car_1233": [3, 5], "car_1232": [9, 4], "car_1899": [0, 1], "car_1898": [12, 7], "car_4512": [14, 2], "car_1239": [5, 3], "car_1238": [1, 3], "car_3633": [10, 2], "car_4633": [4, 0], "car_3511": [14, 7], "car_4792": [9, 7], "car_3632": [15, 2], "car_3609": [15, 2], "car_3516": [12, 6], "car_3631": [12, 5], "car_3517": [0, 4], "car_3630": [7, 6], "car_3774": [0, 7], "car_3514": [7, 3], "car_3141": [10, 2], "car_3515": [8, 5], "car_3636": [7, 5], "car_211": [15, 6], "car_210": [4, 6], "car_213": [14, 2], "car_212": [5, 7], "car_215": [6, 5], "car_214": [2, 3], "car_217": [3, 4], "car_216": [9, 0], "car_219": [8, 0], "car_218": [7, 5], "car_4173": [1, 6], "car_3634": [2, 5], "car_4175": [2, 3], "car_3518": [4, 5], "car_4177": [8, 6], "car_2676": [13, 5], "car_1529": [8, 7], "car_1528": [13, 2], "car_2610": [13, 1], "car_2611": [7, 4], "car_2616": [5, 3], "car_2617": [10, 2], "car_2614": [0, 4], "car_2615": [1, 0], "car_1521": [5, 0], "car_1520": [1, 0], "car_1523": [8, 2], "car_1522": [3, 0], "car_1525": [15, 4], "car_1524": [0, 3], "car_1527": [10, 0], "car_1526": [5, 1], "car_4751": [1, 0], "car_4750": [15, 2], "car_4753": [3, 4], "car_3227": [7, 0], "car_4755": [8, 3], "car_2849": [1, 0], "car_2700": [6, 4], "car_4756": [12, 5], "car_4759": [10, 7], "car_4758": [5, 7], "car_2848": [11, 3], "car_3772": [7, 1], "car_2740": [10, 7], "car_3222": [5, 2], "car_2741": [13, 2], "car_3223": [10, 1], "car_2313": [7, 4], "car_2701": [13, 1], "car_4358": [10, 3], "car_2312": [13, 2], "car_4355": [4, 1], "car_4354": [0, 1], "car_4357": [5, 6], "car_4356": [15, 1], "car_4351": [6, 2], "car_2311": [6, 3], "car_3773": [12, 4], "car_4352": [9, 2], "car_923": [2, 0], "car_922": [14, 1], "car_921": [10, 1], "car_920": [1, 3], "car_927": [12, 6], "car_926": [8, 2], "car_925": [3, 5], "car_924": [13, 5], "car_2317": [1, 5], "car_929": [6, 0], "car_928": [5, 4], "car_3665": [14, 6], "car_2316": [0, 3], "car_2766": [5, 3], "car_2748": [7, 6], "car_1149": [15, 3], "car_1148": [0, 2], "car_1419": [0, 4], "car_1418": [12, 7], "car_2760": [14, 5], "car_2749": [12, 7], "car_1143": [10, 6], "car_1142": [5, 7], "car_1141": [11, 2], "car_1140": [0, 3], "car_1147": [12, 4], "car_1146": [9, 5], "car_1145": [2, 5], "car_1144": [14, 5], "car_4503": [6, 3], "car_4504": [8, 4], "car_4505": [12, 2], "car_1099": [10, 7], "car_1098": [5, 7], "car_3385": [11, 2], "car_4580": [7, 2], "car_4816": [8, 0], "car_1091": [3, 1], "car_1090": [9, 2], "car_1093": [0, 4], "car_1092": [7, 6], "car_1095": [11, 5], "car_1094": [4, 7], "car_1097": [1, 3], "car_1096": [15, 1], "car_2818": [15, 7], "car_2819": [1, 2], "car_2548": [7, 3], "car_2549": [8, 2], "car_3361": [8, 6], "car_3360": [7, 6], "car_3363": [0, 2], "car_3362": [12, 7], "car_2542": [3, 6], "car_2543": [8, 6], "car_2540": [9, 1], "car_2541": [13, 4], "car_2546": [2, 5], "car_2547": [3, 1], "car_2521": [3, 6], "car_2545": [14, 6], "car_3563": [0, 5], "car_3562": [12, 2], "car_3561": [8, 6], "car_3384": [0, 6], "car_3567": [3, 1], "car_3566": [9, 5], "car_3468": [7, 5], "car_3564": [1, 3], "car_3569": [0, 6], "car_3568": [8, 6], "car_4645": [5, 7], "car_1701": [10, 4], "car_1700": [5, 7], "car_1703": [6, 1], "car_1702": [2, 5], "car_1705": [7, 0], "car_1704": [3, 2], "car_1707": [15, 3], "car_1706": [0, 7], "car_1709": [5, 3], "car_1708": [1, 0], "car_2522": [12, 3], "car_4661": [9, 2], "car_4582": [12, 1], "car_4814": [13, 0], "car_3969": [13, 5], "car_3968": [9, 7], "car_3967": [6, 7], "car_3966": [2, 1], "car_3965": [10, 2], "car_3964": [5, 4], "car_3963": [1, 7], "car_3962": [15, 5], "car_3961": [11, 3], "car_3960": [4, 2], "car_2523": [0, 1], "car_4660": [2, 4], "car_589": [6, 7], "car_588": [14, 2], "car_859": [10, 0], "car_858": [15, 6], "car_2384": [3, 4], "car_2385": [12, 5], "car_1695": [3, 0], "car_2387": [1, 0], "car_581": [6, 4], "car_580": [14, 0], "car_583": [13, 3], "car_850": [14, 0], "car_585": [0, 7], "car_584": [12, 5], "car_587": [10, 5], "car_586": [1, 4], "car_3497": [2, 5], "car_3496": [14, 4], "car_3495": [10, 3], "car_2002": [10, 2], "car_3493": [3, 4], "car_3492": [9, 0], "car_2148": [1, 5], "car_2149": [10, 4], "car_2146": [8, 7], "car_2147": [4, 1], "car_2144": [5, 6], "car_2145": [10, 0], "car_2142": [15, 4], "car_2143": [1, 5], "car_2140": [12, 0], "car_2141": [0, 5], "car_4544": [12, 1], "car_3896": [8, 3], "car_4049": [9, 4], "car_4639": [6, 2], "car_3529": [3, 7], "car_4662": [13, 2], "car_4585": [5, 3], "car_2985": [9, 1], "car_3639": [5, 4], "car_3638": [15, 4], "car_3149": [9, 4], "car_3148": [14, 0], "car_3145": [11, 2], "car_3144": [0, 4], "car_3147": [5, 0], "car_3146": [15, 7], "car_2779": [3, 0], "car_3140": [12, 1], "car_3143": [6, 3], "car_3142": [2, 1], "car_457": [14, 5], "car_456": [5, 0], "car_455": [1, 3], "car_454": [0, 7], "car_453": [12, 3], "car_452": [8, 7], "car_451": [7, 6], "car_450": [3, 4], "car_3383": [13, 6], "car_3382": [6, 3], "car_3381": [2, 6], "car_1878": [9, 1], "car_3387": [10, 1], "car_3386": [5, 3], "car_459": [13, 4], "car_458": [2, 4], "car_1877": [6, 2], "car_4644": [1, 3], "car_1876": [14, 7], "car_2778": [9, 7], "car_2993": [2, 0], "car_1875": [10, 5], "car_1874": [1, 0], "car_4587": [6, 7], "car_1873": [11, 5], "car_1872": [4, 7], "car_738": [4, 3], "car_739": [15, 2], "car_1871": [12, 7], "car_733": [2, 7], "car_732": [10, 2], "car_32": [10, 1], "car_730": [1, 3], "car_731": [5, 6], "car_736": [3, 0], "car_737": [8, 4], "car_734": [9, 7], "car_735": [13, 5], "car_3031": [7, 4], "car_1976": [14, 1], "car_3033": [11, 5], "car_3032": [0, 4], "car_3035": [5, 6], "car_3034": [15, 5], "car_3037": [14, 1], "car_1977": [2, 5], "car_3039": [9, 1], "car_3038": [2, 3], "car_3348": [15, 5], "car_1698": [4, 5], "car_4120": [0, 1], "car_4782": [10, 1], "car_4121": [1, 3], "car_4126": [3, 1], "car_3345": [3, 0], "car_4127": [8, 1], "car_3748": [12, 6], "car_3344": [13, 6], "car_4589": [8, 3], "car_4124": [2, 5], "car_3030": [13, 4], "car_4125": [13, 4], "car_4134": [2, 4], "car_4041": [9, 7], "car_3635": [3, 6], "car_38": [12, 5], "car_4040": [1, 0], "car_39": [11, 4], "car_4128": [0, 4], "car_2564": [14, 7], "car_4129": [4, 2], "car_2565": [2, 3], "car_4045": [4, 6], "car_3036": [10, 5], "car_2566": [6, 0], "car_2295": [15, 4], "car_1978": [6, 4], "car_2560": [11, 0], "car_1979": [3, 2], "car_3523": [13, 4], "car_2561": [15, 4], "car_4258": [2, 6], "car_2562": [5, 3], "car_4259": [6, 7], "car_2563": [10, 2], "car_4708": [12, 0], "car_2443": [3, 0], "car_4709": [4, 5], "car_2442": [9, 4], "car_3998": [12, 5], "car_3522": [9, 6], "car_3351": [14, 1], "car_2441": [6, 3], "car_112": [7, 6], "car_113": [8, 6], "car_110": [4, 5], "car_111": [10, 2], "car_116": [5, 0], "car_117": [10, 1], "car_114": [12, 0], "car_115": [1, 4], "car_2447": [0, 2], "car_118": [14, 4], "car_119": [6, 3], "car_2446": [12, 3], "car_4319": [12, 7], "car_2445": [8, 0], "car_3999": [11, 7], "car_4318": [8, 4], "car_3521": [2, 7], "car_2299": [6, 2], "car_4252": [0, 6], "car_2533": [8, 5], "car_2453": [3, 7], "car_4611": [13, 6], "car_4612": [3, 0], "car_4253": [4, 7], "car_3408": [12, 4], "car_4615": [15, 4], "car_4616": [1, 2], "car_4617": [2, 1], "car_4618": [6, 3], "car_4619": [3, 0], "car_4255": [15, 5], "car_3828": [6, 3], "car_3996": [3, 4], "car_4704": [4, 6], "car_4705": [2, 6], "car_2454": [12, 7], "car_4052": [0, 7], "car_3409": [4, 1], "car_4298": [0, 6], "car_4299": [11, 1], "car_4294": [6, 3], "car_4295": [9, 6], "car_4296": [8, 0], "car_4297": [12, 3], "car_4290": [15, 2], "car_4291": [5, 0], "car_4292": [14, 2], "car_4293": [2, 0], "car_1950": [15, 3], "car_1951": [5, 2], "car_1952": [10, 6], "car_1953": [7, 5], "car_1954": [8, 4], "car_1955": [0, 2], "car_208": [12, 7], "car_209": [0, 7], "car_206": [3, 1], "car_207": [8, 0], "car_204": [6, 2], "car_205": [13, 2], "car_202": [11, 0], "car_203": [14, 0], "car_200": [8, 3], "car_201": [12, 2], "car_2605": [11, 0], "car_2604": [0, 3], "car_2607": [5, 4], "car_2606": [1, 5], "car_1558": [2, 4], "car_1559": [3, 5], "car_2603": [12, 5], "car_2602": [8, 1], "car_1554": [4, 2], "car_1555": [11, 6], "car_1556": [15, 2], "car_1557": [14, 4], "car_1550": [6, 2], "car_1551": [13, 0], "car_1552": [8, 0], "car_1553": [0, 4], "car_4724": [7, 2], "car_4725": [4, 1], "car_1398": [8, 4], "car_1399": [15, 5], "car_4720": [10, 7], "car_4721": [2, 3], "car_4722": [6, 4], "car_4723": [9, 0], "car_1392": [4, 1], "car_1393": [11, 2], "car_1390": [8, 2], "car_1391": [12, 2], "car_1396": [5, 6], "car_1397": [3, 0], "car_1394": [15, 1], "car_1395": [1, 0], "car_3862": [11, 4], "car_2598": [6, 1], "car_3544": [15, 0], "car_3404": [14, 4], "car_930": [9, 7], "car_931": [7, 1], "car_932": [12, 4], "car_933": [2, 4], "car_934": [6, 1], "car_935": [3, 5], "car_936": [4, 2], "car_937": [1, 7], "car_938": [14, 4], "car_939": [2, 6], "car_2773": [4, 7], "car_2772": [7, 4], "car_2775": [5, 2], "car_2774": [1, 3], "car_2777": [2, 6], "car_2776": [14, 4], "car_6": [7, 1], "car_7": [8, 5], "car_4": [9, 1], "car_5": [3, 5], "car_2": [14, 5], "car_3": [2, 4], "car_1178": [9, 2], "car_1": [1, 7], "car_1176": [14, 0], "car_1177": [2, 6], "car_1174": [1, 0], "car_1175": [10, 0], "car_1172": [12, 5], "car_1173": [11, 0], "car_8": [12, 3], "car_9": [4, 7], "car_3869": [0, 3], "car_3829": [9, 1], "car_3746": [3, 4], "car_3513": [3, 4], "car_3904": [6, 7], "car_3807": [4, 7], "car_3898": [0, 7], "car_3908": [12, 0], "car_4610": [9, 2], "car_3826": [15, 4], "car_3827": [1, 0], "car_2809": [5, 1], "car_2808": [1, 6], "car_2559": [0, 2], "car_2558": [8, 1], "car_3820": [1, 6], "car_3821": [10, 6], "car_2555": [14, 7], "car_2554": [5, 4], "car_2557": [7, 2], "car_2556": [6, 7], "car_2551": [0, 4], "car_2550": [12, 5], "car_2553": [15, 4], "car_2552": [4, 6], "car_3556": [10, 1], "car_3557": [14, 6], "car_3554": [15, 1], "car_3555": [5, 7], "car_3552": [12, 0], "car_3553": [0, 6], "car_3550": [3, 7], "car_3551": [7, 4], "car_3902": [5, 7], "car_3558": [6, 1], "car_3559": [13, 4], "car_1774": [1, 5], "car_1775": [5, 2], "car_1776": [6, 7], "car_1777": [9, 2], "car_1770": [3, 6], "car_1771": [12, 6], "car_1772": [0, 5], "car_1773": [11, 6], "car_3744": [9, 3], "car_1778": [3, 6], "car_1779": [7, 5], "car_98": [3, 6], "car_99": [8, 5], "car_3950": [5, 6], "car_3951": [10, 0], "car_3956": [3, 6], "car_3957": [8, 3], "car_3954": [9, 4], "car_3955": [13, 4], "car_90": [9, 2], "car_91": [0, 5], "car_92": [4, 7], "car_93": [15, 3], "car_94": [10, 5], "car_95": [14, 7], "car_96": [2, 1], "car_97": [9, 4], "car_596": [6, 7], "car_597": [0, 3], "car_594": [0, 4], "car_595": [15, 3], "car_592": [3, 2], "car_593": [8, 1], "car_590": [9, 3], "car_591": [13, 1], "car_3500": [3, 2], "car_3733": [6, 7], "car_3730": [8, 5], "car_3731": [4, 6], "car_3736": [4, 6], "car_3737": [11, 7], "car_598": [4, 6], "car_599": [11, 3], "car_848": [5, 1], "car_849": [10, 7], "car_2391": [3, 4], "car_2390": [9, 5], "car_2397": [10, 7], "car_2396": [5, 2], "car_2395": [15, 0], "car_2394": [11, 7], "car_840": [13, 7], "car_841": [3, 1], "car_842": [12, 1], "car_843": [0, 2], "car_844": [4, 2], "car_845": [11, 2], "car_846": [15, 7], "car_847": [1, 4], "car_1608": [1, 3], "car_1609": [2, 3], "car_2153": [12, 7], "car_2152": [7, 2], "car_2155": [15, 7], "car_2154": [0, 3], "car_2157": [10, 4], "car_2156": [5, 1], "car_1600": [1, 2], "car_1601": [5, 0], "car_1602": [13, 1], "car_1603": [3, 4], "car_1604": [12, 3], "car_1605": [0, 1], "car_1606": [11, 7], "car_1607": [15, 2], "car_4500": [5, 7], "car_4404": [10, 2], "car_2369": [10, 1], "car_3765": [12, 1], "car_3538": [7, 1], "car_4389": [4, 2], "car_4677": [2, 3], "car_3764": [8, 4], "car_3767": [5, 1], "car_3766": [15, 5], "car_3620": [13, 0], "car_2362": [6, 0], "car_3608": [11, 3], "car_2363": [3, 1], "car_3606": [7, 6], "car_3607": [8, 3], "car_3604": [0, 3], "car_3605": [6, 2], "car_3602": [9, 3], "car_3603": [12, 4], "car_3600": [2, 4], "car_3601": [6, 7], "car_444": [15, 6], "car_445": [1, 5], "car_446": [5, 0], "car_447": [2, 7], "car_440": [8, 1], "car_441": [12, 5], "car_442": [0, 4], "car_443": [4, 3], "car_3892": [11, 0], "car_448": [6, 4], "car_449": [9, 3], "car_2717": [6, 0], "car_2716": [10, 4], "car_3210": [5, 7], "car_4578": [6, 3], "car_2715": [11, 3], "car_2201": [12, 0], "car_2714": [8, 2], "car_2200": [8, 5], "car_2713": [7, 4], "car_4640": [3, 2], "car_2712": [6, 4], "car_2711": [14, 1], "car_2710": [10, 1], "car_3405": [9, 6], "car_3044": [15, 6], "car_3045": [10, 3], "car_3046": [6, 1], "car_3047": [9, 6], "car_3040": [13, 5], "car_3041": [0, 3], "car_3042": [4, 5], "car_3043": [11, 5], "car_3623": [4, 5], "car_3048": [7, 4], "car_3049": [12, 6], "car_2209": [2, 3], "car_3534": [14, 6], "car_4554": [0, 7], "car_2208": [14, 7], "car_4553": [12, 2], "car_4450": [9, 0], "car_4063": [0, 3], "car_3897": [12, 7], "car_4418": [13, 2], "car_4419": [3, 1], "car_4323": [15, 6], "car_3599": [14, 3], "car_3535": [9, 4], "car_3663": [3, 6], "car_4575": [4, 6], "car_2324": [15, 7], "car_4386": [3, 7], "car_4122": [5, 3], "car_695": [8, 3], "car_694": [7, 5], "car_697": [0, 1], "car_696": [12, 1], "car_691": [10, 7], "car_690": [5, 3], "car_693": [6, 7], "car_692": [2, 0], "car_4412": [14, 4], "car_699": [1, 3], "car_698": [15, 4], "car_4413": [2, 6], "car_4520": [15, 7], "car_4679": [9, 2], "car_4574": [0, 5], "car_3810": [10, 7], "car_3479": [13, 4], "car_4123": [14, 5], "car_3876": [3, 5], "car_4577": [15, 1], "car_3478": [14, 5], "car_3894": [14, 4], "car_4525": [7, 5], "car_2399": [13, 5], "car_4576": [11, 7], "car_4603": [6, 4], "car_4602": [2, 6], "car_4601": [10, 4], "car_4600": [5, 3], "car_4607": [5, 1], "car_4606": [8, 6], "car_4605": [7, 6], "car_4604": [9, 1], "car_4609": [2, 0], "car_4608": [14, 2], "car_4571": [3, 1], "car_4451": [3, 0], "car_3571": [9, 4], "car_4288": [8, 4], "car_4287": [3, 2], "car_4286": [13, 5], "car_4285": [9, 2], "car_4284": [10, 0], "car_4283": [5, 6], "car_4282": [1, 4], "car_4281": [11, 1], "car_4280": [12, 0], "car_1943": [10, 6], "car_1942": [1, 0], "car_279": [15, 7], "car_278": [12, 1], "car_1947": [7, 2], "car_1946": [13, 4], "car_1945": [2, 0], "car_1944": [14, 4], "car_273": [2, 4], "car_272": [10, 3], "car_271": [5, 1], "car_270": [15, 2], "car_277": [8, 4], "car_276": [3, 5], "car_275": [13, 2], "car_274": [9, 5], "car_2946": [11, 1], "car_1925": [9, 1], "car_2944": [12, 1], "car_2945": [0, 2], "car_2942": [3, 2], "car_2943": [8, 2], "car_1549": [14, 2], "car_1548": [10, 6], "car_1547": [15, 6], "car_1546": [0, 1], "car_1545": [12, 3], "car_1544": [6, 0], "car_1543": [14, 4], "car_1542": [10, 1], "car_1541": [5, 4], "car_1540": [15, 2], "car_4737": [2, 6], "car_4736": [14, 4], "car_3762": [2, 1], "car_4734": [4, 1], "car_1389": [7, 1], "car_1388": [3, 0], "car_4731": [7, 0], "car_4730": [13, 5], "car_1385": [0, 4], "car_1384": [12, 5], "car_1387": [6, 1], "car_1386": [14, 0], "car_1381": [13, 6], "car_1380": [2, 7], "car_1383": [8, 1], "car_1382": [7, 6], "car_4572": [8, 3], "car_3742": [2, 1], "car_307": [1, 7], "car_306": [12, 5], "car_305": [9, 5], "car_304": [6, 7], "car_303": [10, 5], "car_302": [4, 1], "car_301": [12, 5], "car_300": [3, 7], "car_804": [7, 4], "car_309": [2, 1], "car_308": [5, 6], "car_3752": [9, 0], "car_3435": [8, 7], "car_909": [4, 3], "car_908": [8, 2], "car_3434": [3, 0], "car_905": [6, 0], "car_904": [14, 7], "car_907": [13, 5], "car_906": [9, 7], "car_901": [4, 7], "car_900": [0, 1], "car_903": [5, 4], "car_902": [1, 6], "car_1161": [13, 6], "car_1160": [9, 2], "car_1163": [4, 7], "car_1162": [12, 3], "car_1165": [5, 2], "car_1164": [15, 2], "car_1167": [2, 3], "car_1166": [14, 1], "car_1169": [13, 1], "car_1168": [6, 2], "car_4421": [8, 2], "car_4420": [7, 2], "car_4427": [6, 1], "car_4426": [2, 5], "car_3753": [13, 3], "car_3539": [9, 0], "car_4569": [10, 6], "car_3925": [9, 1], "car_3889": [8, 4], "car_3924": [6, 2], "car_2432": [10, 7], "car_2433": [9, 0], "car_2430": [11, 6], "car_3549": [13, 3], "car_3548": [2, 3], "car_2322": [3, 1], "car_2431": [15, 5], "car_2838": [5, 4], "car_2839": [10, 5], "car_2836": [11, 0], "car_2436": [0, 5], "car_2834": [12, 7], "car_2835": [0, 6], "car_2832": [3, 7], "car_2833": [8, 2], "car_2830": [6, 1], "car_2437": [15, 5], "car_2010": [14, 2], "car_2011": [13, 5], "car_2012": [3, 5], "car_2013": [7, 5], "car_2014": [15, 4], "car_2015": [1, 3], "car_2016": [10, 3], "car_2017": [14, 3], "car_2018": [2, 3], "car_2019": [9, 2], "car_4024": [1, 7], "car_2435": [12, 2], "car_3732": [5, 2], "car_87": [10, 0], "car_86": [1, 7], "car_85": [15, 6], "car_84": [4, 3], "car_83": [0, 5], "car_82": [12, 5], "car_81": [8, 2], "car_80": [7, 3], "car_4444": [14, 5], "car_3249": [3, 5], "car_2001": [5, 7], "car_89": [6, 4], "car_88": [2, 1], "car_3945": [8, 7], "car_3944": [7, 3], "car_3947": [4, 3], "car_2000": [1, 3], "car_2498": [14, 7], "car_2499": [3, 1], "car_3943": [13, 0], "car_3942": [9, 3], "car_2494": [11, 7], "car_2495": [15, 3], "car_2496": [1, 7], "car_2497": [5, 4], "car_2490": [6, 0], "car_2491": [3, 4], "car_2492": [7, 1], "car_2493": [4, 2], "car_875": [5, 1], "car_874": [15, 2], "car_877": [14, 1], "car_876": [10, 5], "car_871": [8, 1], "car_870": [13, 2], "car_873": [4, 7], "car_872": [0, 6], "car_3228": [8, 0], "car_3242": [12, 4], "car_3727": [2, 1], "car_1694": [13, 2], "car_879": [9, 4], "car_878": [2, 0], "car_3723": [15, 2], "car_3243": [0, 6], "car_1752": [4, 7], "car_4613": [4, 1], "car_1753": [1, 3], "car_4614": [11, 2], "car_1699": [15, 1], "car_2124": [2, 0], "car_2125": [6, 0], "car_1619": [4, 2], "car_1618": [0, 2], "car_2120": [4, 3], "car_2121": [15, 5], "car_2122": [1, 3], "car_2123": [14, 7], "car_1613": [11, 4], "car_1612": [4, 1], "car_1611": [0, 7], "car_1610": [13, 6], "car_1617": [7, 0], "car_1616": [10, 5], "car_1615": [5, 4], "car_1614": [15, 4], "car_3839": [1, 2], "car_3838": [11, 7], "car_1754": [5, 7], "car_3831": [7, 3], "car_3830": [3, 1], "car_3833": [14, 5], "car_1755": [14, 2], "car_3835": [8, 0], "car_3834": [9, 2], "car_3837": [4, 6], "car_3836": [0, 3], "car_4441": [12, 5], "car_2767": [10, 7], "car_3653": [2, 0], "car_3611": [2, 6], "car_3610": [14, 4], "car_3613": [12, 6], "car_3612": [13, 2], "car_3615": [11, 3], "car_3614": [4, 1], "car_3617": [1, 0], "car_3616": [15, 4], "car_2323": [12, 7], "car_3618": [10, 0], "car_4208": [0, 1], "car_471": [5, 6], "car_470": [15, 1], "car_473": [9, 2], "car_472": [14, 7], "car_475": [0, 2], "car_474": [12, 1], "car_477": [1, 5], "car_476": [11, 6], "car_479": [6, 3], "car_478": [2, 0], "car_2232": [6, 4], "car_2233": [9, 4], "car_2234": [13, 6], "car_2235": [3, 5], "car_2236": [7, 3], "car_2237": [12, 2], "car_4534": [9, 7], "car_4443": [10, 6], "car_2769": [2, 7], "car_2765": [4, 2], "car_4719": [1, 4], "car_4649": [7, 5], "car_4741": [4, 0], "car_2038": [7, 6], "car_2709": [0, 4], "car_3229": [12, 7], "car_3057": [13, 4], "car_3056": [6, 7], "car_2762": [7, 5], "car_3054": [10, 1], "car_3053": [5, 6], "car_3052": [15, 0], "car_3051": [11, 4], "car_3050": [0, 3], "car_3059": [7, 3], "car_3058": [3, 6], "car_3997": [8, 2], "car_3303": [4, 3], "car_2039": [4, 6], "car_3809": [5, 7], "car_2763": [8, 7], "car_1819": [0, 3], "car_4647": [2, 3], "car_4659": [14, 4], "car_1818": [12, 1], "car_4102": [1, 7], "car_4530": [5, 0], "car_4454": [15, 5], "car_2386": [15, 5], "car_682": [14, 2], "car_683": [2, 4], "car_680": [5, 6], "car_681": [10, 0], "car_686": [7, 6], "car_687": [8, 6], "car_684": [9, 7], "car_685": [13, 7], "car_688": [12, 4], "car_689": [15, 4], "car_4179": [15, 3], "car_4382": [10, 0], "car_2481": [12, 1], "car_2761": [6, 7], "car_3540": [13, 6], "car_3282": [14, 3], "car_3283": [6, 0], "car_1815": [14, 3], "car_3280": [1, 0], "car_1814": [15, 3], "car_3621": [3, 5], "car_3281": [5, 0], "car_3286": [3, 2], "car_3543": [4, 3], "car_4019": [14, 5], "car_2388": [5, 2], "car_3287": [7, 3], "car_4665": [1, 6], "car_3284": [9, 4], "car_4664": [15, 2], "car_3285": [13, 6], "car_4667": [2, 0], "car_4666": [10, 3], "car_4108": [10, 5], "car_3542": [0, 7], "car_2389": [10, 4], "car_3288": [0, 6], "car_4560": [13, 7], "car_4109": [14, 1], "car_4636": [5, 2], "car_4637": [10, 0], "car_4634": [15, 5], "car_3289": [11, 1], "car_1670": [13, 0], "car_1956": [11, 4], "car_4630": [3, 6], "car_4631": [8, 2], "car_3302": [0, 2], "car_1957": [10, 6], "car_4638": [14, 7], "car_3324": [10, 5], "car_1958": [14, 7], "car_1959": [9, 3], "car_3545": [1, 4], "car_4716": [4, 2], "car_4106": [11, 6], "car_2003": [6, 3], "car_4107": [15, 1], "car_3858": [7, 2], "car_4100": [11, 5], "car_4101": [15, 3], "car_268": [7, 3], "car_269": [0, 7], "car_1974": [15, 5], "car_1975": [5, 6], "car_1972": [8, 4], "car_1973": [4, 2], "car_1970": [11, 1], "car_1971": [10, 1], "car_260": [0, 2], "car_261": [15, 4], "car_262": [1, 4], "car_263": [5, 6], "car_264": [14, 6], "car_265": [2, 4], "car_266": [13, 1], "car_267": [3, 7], "car_1572": [5, 1], "car_1573": [6, 4], "car_1570": [15, 0], "car_1571": [1, 3], "car_1576": [8, 3], "car_1577": [12, 4], "car_1574": [9, 4], "car_1575": [3, 0], "car_4250": [3, 6], "car_4251": [7, 1], "car_1578": [0, 6], "car_1579": [4, 0], "car_4254": [11, 3], "car_2971": [5, 6], "car_4256": [1, 5], "car_4257": [5, 6], "car_1370": [7, 4], "car_1371": [0, 6], "car_1372": [3, 5], "car_1373": [7, 2], "car_1374": [8, 7], "car_1375": [0, 4], "car_1376": [11, 3], "car_1377": [1, 5], "car_1378": [5, 1], "car_1379": [14, 1], "car_3014": [8, 3], "car_3254": [11, 2], "car_2600": [3, 6], "car_4459": [8, 4], "car_2975": [7, 3], "car_3992": [15, 4], "car_2974": [13, 2], "car_3993": [10, 5], "car_314": [4, 1], "car_315": [11, 7], "car_316": [1, 3], "car_317": [5, 4], "car_310": [6, 1], "car_311": [9, 4], "car_312": [3, 4], "car_313": [0, 3], "car_318": [14, 7], "car_319": [2, 3], "car_4388": [12, 6], "car_4119": [12, 4], "car_918": [11, 2], "car_919": [15, 3], "car_2719": [8, 7], "car_2718": [13, 2], "car_912": [5, 6], "car_913": [10, 4], "car_910": [11, 6], "car_911": [1, 6], "car_916": [6, 5], "car_917": [3, 6], "car_914": [14, 1], "car_915": [2, 1], "car_1114": [11, 5], "car_1115": [15, 7], "car_1116": [1, 5], "car_1117": [10, 0], "car_1110": [3, 7], "car_1111": [7, 2], "car_1112": [8, 5], "car_1113": [4, 2], "car_4416": [8, 5], "car_4417": [1, 6], "car_4414": [9, 7], "car_4415": [7, 4], "car_1118": [2, 1], "car_1119": [13, 0], "car_4410": [1, 5], "car_4411": [5, 4], "car_1284": [10, 1], "car_1285": [14, 7], "car_1286": [7, 2], "car_1287": [8, 3], "car_1280": [5, 4], "car_1281": [14, 5], "car_1282": [9, 5], "car_1283": [11, 3], "car_3458": [2, 6], "car_2130": [6, 5], "car_1288": [0, 7], "car_1289": [15, 1], "car_4712": [2, 4], "car_2959": [7, 1], "car_2958": [6, 3], "car_4688": [5, 2], "car_2951": [13, 1], "car_2950": [9, 4], "car_2953": [8, 0], "car_2952": [7, 4], "car_2955": [10, 3], "car_2954": [5, 1], "car_2957": [2, 4], "car_2956": [14, 6], "car_2821": [6, 0], "car_2820": [5, 3], "car_1744": [10, 0], "car_2822": [13, 6], "car_2825": [12, 7], "car_2824": [8, 0], "car_2827": [11, 7], "car_2826": [4, 6], "car_2829": [14, 5], "car_2828": [10, 4], "car_3536": [13, 3], "car_3537": [3, 1], "car_3530": [12, 5], "car_3531": [1, 0], "car_3532": [5, 6], "car_3533": [10, 6], "car_1028": [15, 2], "car_1029": [1, 6], "car_1758": [3, 5], "car_1759": [8, 1], "car_2007": [11, 6], "car_2006": [4, 5], "car_2005": [7, 4], "car_2004": [3, 7], "car_1020": [10, 4], "car_1021": [6, 7], "car_1022": [9, 2], "car_1023": [3, 1], "car_1024": [7, 5], "car_1025": [12, 4], "car_1026": [0, 4], "car_1027": [4, 7], "car_1598": [11, 3], "car_1599": [15, 1], "car_4680": [7, 0], "car_1590": [15, 2], "car_1591": [1, 5], "car_1592": [10, 3], "car_1593": [9, 6], "car_1594": [13, 3], "car_1595": [3, 5], "car_1596": [7, 5], "car_1597": [12, 5], "car_2489": [10, 3], "car_2488": [5, 4], "car_2487": [1, 4], "car_2486": [15, 4], "car_2485": [3, 1], "car_2484": [13, 0], "car_2483": [6, 4], "car_2482": [4, 7], "car_1746": [2, 0], "car_2480": [9, 7], "car_862": [3, 6], "car_863": [0, 7], "car_860": [14, 6], "car_861": [6, 4], "car_866": [1, 5], "car_867": [10, 5], "car_864": [4, 5], "car_865": [15, 0], "car_868": [2, 6], "car_869": [9, 2], "car_3440": [14, 5], "car_3441": [9, 6], "car_3442": [7, 4], "car_3443": [4, 0], "car_3444": [15, 1], "car_3445": [1, 7], "car_3446": [10, 2], "car_3447": [6, 4], "car_3448": [9, 5], "car_3449": [13, 7], "car_3994": [14, 2], "car_3995": [13, 1], "car_1741": [9, 5], "car_3846": [10, 1], "car_3990": [7, 1], "car_3991": [11, 6], "car_2137": [13, 7], "car_2136": [10, 0], "car_2135": [15, 3], "car_2134": [0, 5], "car_2133": [12, 4], "car_2132": [7, 4], "car_1628": [4, 3], "car_1629": [15, 2], "car_1626": [8, 7], "car_1627": [12, 0], "car_1624": [3, 1], "car_1625": [7, 2], "car_1622": [2, 3], "car_1623": [13, 3], "car_1620": [1, 0], "car_1621": [10, 2], "car_3848": [9, 4], "car_3849": [3, 7], "car_3844": [8, 5], "car_3845": [0, 5], "car_1740": [10, 0], "car_3847": [14, 4], "car_3840": [5, 6], "car_3841": [10, 1], "car_3842": [6, 4], "car_3843": [9, 3]}