{"car_773": [4, 0], "car_545": [10, 3], "car_544": [6, 3], "car_547": [1, 3], "car_546": [9, 5], "car_541": [8, 0], "car_540": [4, 7], "car_543": [1, 7], "car_542": [3, 7], "car_549": [4, 3], "car_548": [9, 2], "car_819": [11, 1], "car_818": [3, 6], "car_888": [8, 3], "car_468": [8, 1], "car_469": [2, 5], "car_466": [10, 1], "car_467": [13, 7], "car_464": [3, 5], "car_465": [4, 0], "car_462": [5, 2], "car_463": [2, 6], "car_460": [6, 5], "car_461": [11, 6], "car_211": [10, 5], "car_210": [8, 3], "car_213": [7, 6], "car_212": [2, 6], "car_215": [10, 0], "car_214": [0, 1], "car_217": [5, 0], "car_216": [8, 3], "car_219": [11, 0], "car_218": [8, 2], "car_352": [7, 5], "car_353": [0, 1], "car_354": [14, 4], "car_355": [7, 3], "car_356": [5, 3], "car_357": [7, 3], "car_608": [6, 3], "car_609": [13, 2], "car_602": [9, 2], "car_603": [8, 1], "car_600": [11, 6], "car_601": [14, 7], "car_606": [7, 6], "car_607": [11, 1], "car_604": [6, 0], "car_605": [14, 1], "car_817": [14, 0], "car_518": [8, 5], "car_816": [0, 3], "car_519": [11, 3], "car_815": [3, 4], "car_814": [14, 0], "car_813": [1, 3], "car_812": [3, 6], "car_923": [0, 3], "car_922": [14, 1], "car_921": [1, 5], "car_920": [3, 0], "car_927": [3, 7], "car_811": [9, 7], "car_925": [5, 4], "car_924": [3, 4], "car_929": [0, 4], "car_810": [7, 1], "car_776": [6, 4], "car_777": [13, 2], "car_774": [10, 3], "car_775": [14, 5], "car_772": [1, 4], "car_510": [5, 3], "car_770": [14, 2], "car_771": [12, 7], "car_805": [6, 7], "car_511": [14, 0], "car_778": [8, 1], "car_779": [3, 4], "car_679": [6, 5], "car_678": [10, 1], "car_677": [3, 7], "car_676": [2, 4], "car_675": [12, 7], "car_674": [8, 4], "car_673": [2, 3], "car_672": [3, 6], "car_671": [5, 0], "car_670": [15, 2], "car_10": [0, 7], "car_11": [3, 2], "car_12": [1, 7], "car_13": [0, 6], "car_14": [4, 7], "car_15": [5, 2], "car_16": [6, 0], "car_17": [0, 7], "car_18": [11, 2], "car_19": [7, 4], "car_828": [11, 4], "car_758": [1, 3], "car_889": [15, 3], "car_759": [10, 0], "car_703": [15, 6], "car_702": [4, 2], "car_701": [12, 5], "car_829": [14, 6], "car_789": [0, 7], "car_700": [8, 7], "car_783": [7, 0], "car_707": [7, 4], "car_781": [15, 6], "car_780": [12, 4], "car_787": [5, 4], "car_786": [15, 2], "car_785": [14, 1], "car_706": [6, 1], "car_705": [15, 1], "car_750": [1, 5], "car_704": [12, 0], "car_698": [10, 0], "car_422": [5, 1], "car_423": [11, 4], "car_420": [1, 0], "car_421": [14, 3], "car_426": [15, 7], "car_427": [1, 6], "car_424": [10, 4], "car_425": [0, 7], "car_581": [10, 6], "car_580": [9, 1], "car_428": [15, 4], "car_429": [5, 6], "car_585": [8, 3], "car_584": [6, 4], "car_587": [1, 0], "car_586": [0, 3], "car_255": [1, 3], "car_254": [10, 4], "car_257": [12, 7], "car_256": [15, 3], "car_251": [14, 1], "car_250": [8, 7], "car_253": [1, 2], "car_252": [2, 6], "car_394": [8, 3], "car_395": [14, 2], "car_396": [15, 4], "car_397": [12, 3], "car_259": [10, 2], "car_258": [0, 4], "car_392": [12, 3], "car_393": [10, 1], "car_827": [3, 6], "car_158": [1, 0], "car_159": [14, 2], "car_156": [13, 6], "car_157": [15, 6], "car_154": [15, 0], "car_155": [2, 0], "car_152": [12, 5], "car_153": [13, 0], "car_150": [12, 2], "car_151": [7, 2], "car_882": [9, 5], "car_350": [9, 6], "car_883": [15, 0], "car_351": [1, 3], "car_457": [15, 2], "car_456": [14, 1], "car_455": [15, 7], "car_454": [2, 4], "car_453": [0, 4], "car_452": [2, 0], "car_451": [11, 4], "car_450": [12, 3], "car_516": [1, 5], "car_517": [10, 0], "car_514": [12, 7], "car_515": [4, 3], "car_512": [9, 7], "car_513": [9, 1], "car_459": [5, 7], "car_458": [1, 4], "car_321": [5, 7], "car_320": [9, 0], "car_323": [11, 1], "car_322": [7, 6], "car_325": [4, 3], "car_324": [8, 2], "car_327": [14, 1], "car_326": [5, 7], "car_329": [3, 2], "car_328": [4, 7], "car_493": [2, 4], "car_822": [3, 7], "car_492": [1, 2], "car_491": [3, 0], "car_633": [0, 5], "car_632": [14, 0], "car_631": [11, 6], "car_490": [15, 4], "car_637": [9, 5], "car_636": [6, 2], "car_635": [10, 1], "car_634": [15, 6], "car_732": [10, 7], "car_497": [1, 0], "car_639": [10, 0], "car_638": [4, 6], "car_736": [1, 3], "car_730": [10, 7], "car_734": [3, 4], "car_496": [12, 3], "car_268": [6, 4], "car_823": [4, 1], "car_731": [11, 4], "car_495": [13, 2], "car_140": [11, 2], "car_494": [11, 1], "car_737": [12, 4], "car_735": [12, 7], "car_886": [10, 4], "car_144": [2, 6], "car_887": [12, 7], "car_260": [3, 7], "car_189": [5, 3], "car_188": [15, 4], "car_261": [7, 1], "car_185": [11, 3], "car_184": [0, 7], "car_187": [15, 5], "car_186": [8, 5], "car_181": [14, 6], "car_180": [15, 5], "car_183": [12, 5], "car_182": [8, 0], "car_263": [4, 1], "car_749": [4, 3], "car_748": [0, 6], "car_747": [6, 1], "car_746": [2, 3], "car_745": [10, 1], "car_744": [5, 2], "car_743": [2, 4], "car_742": [14, 6], "car_741": [5, 2], "car_740": [5, 3], "car_899": [2, 6], "car_850": [8, 2], "car_897": [0, 6], "car_896": [2, 4], "car_895": [2, 5], "car_894": [5, 4], "car_893": [8, 5], "car_892": [9, 3], "car_891": [14, 5], "car_890": [1, 4], "car_768": [12, 4], "car_299": [14, 6], "car_113": [8, 2], "car_110": [9, 7], "car_111": [4, 2], "car_116": [4, 1], "car_117": [4, 1], "car_114": [15, 2], "car_115": [8, 3], "car_291": [12, 3], "car_290": [6, 4], "car_118": [2, 7], "car_119": [10, 1], "car_295": [12, 4], "car_294": [13, 4], "car_297": [13, 3], "car_296": [1, 6], "car_54": [13, 0], "car_55": [12, 1], "car_56": [2, 0], "car_57": [3, 6], "car_50": [10, 0], "car_51": [12, 5], "car_52": [0, 5], "car_53": [2, 0], "car_58": [3, 0], "car_59": [14, 7], "car_928": [7, 0], "car_552": [2, 4], "car_553": [4, 2], "car_550": [2, 5], "car_551": [11, 6], "car_556": [3, 7], "car_557": [1, 6], "car_554": [5, 2], "car_555": [2, 7], "car_558": [15, 1], "car_559": [13, 2], "car_808": [10, 7], "car_809": [6, 2], "car_365": [14, 0], "car_364": [10, 2], "car_367": [7, 2], "car_366": [4, 1], "car_361": [3, 5], "car_360": [8, 7], "car_363": [12, 4], "car_362": [11, 4], "car_413": [15, 2], "car_412": [6, 4], "car_411": [10, 7], "car_410": [0, 6], "car_369": [9, 0], "car_368": [0, 2], "car_415": [9, 5], "car_414": [11, 6], "car_167": [12, 6], "car_166": [8, 2], "car_165": [9, 2], "car_164": [14, 7], "car_163": [0, 4], "car_162": [14, 0], "car_161": [1, 2], "car_160": [12, 4], "car_206": [1, 3], "car_207": [3, 5], "car_204": [13, 1], "car_205": [8, 3], "car_202": [1, 2], "car_203": [8, 0], "car_169": [7, 5], "car_168": [1, 3], "car_527": [8, 5], "car_526": [7, 6], "car_525": [5, 6], "car_524": [3, 6], "car_523": [2, 7], "car_522": [11, 6], "car_521": [2, 3], "car_520": [1, 5], "car_529": [15, 3], "car_528": [8, 0], "car_930": [11, 0], "car_931": [10, 3], "car_932": [15, 4], "car_933": [6, 5], "car_934": [11, 0], "car_489": [9, 1], "car_6": [15, 1], "car_7": [14, 7], "car_4": [5, 0], "car_5": [3, 5], "car_2": [15, 5], "car_3": [3, 7], "car_0": [5, 2], "car_1": [11, 2], "car_709": [3, 2], "car_708": [1, 0], "car_8": [6, 0], "car_9": [3, 5], "car_668": [7, 2], "car_669": [12, 1], "car_664": [9, 7], "car_665": [6, 5], "car_666": [8, 1], "car_667": [15, 7], "car_660": [2, 5], "car_661": [12, 2], "car_662": [11, 7], "car_663": [13, 5], "car_793": [0, 4], "car_926": [13, 6], "car_798": [3, 5], "car_799": [14, 4], "car_98": [9, 7], "car_99": [9, 3], "car_90": [12, 1], "car_91": [1, 3], "car_92": [12, 2], "car_93": [14, 2], "car_94": [2, 4], "car_95": [0, 7], "car_96": [0, 1], "car_97": [1, 6], "car_596": [13, 6], "car_578": [6, 2], "car_594": [2, 7], "car_595": [4, 5], "car_592": [6, 3], "car_593": [10, 7], "car_590": [9, 3], "car_579": [0, 2], "car_598": [4, 0], "car_599": [7, 0], "car_848": [14, 1], "car_790": [2, 1], "car_791": [9, 1], "car_840": [13, 5], "car_841": [1, 0], "car_842": [5, 6], "car_843": [9, 2], "car_844": [15, 0], "car_792": [15, 3], "car_846": [2, 3], "car_847": [0, 1], "car_242": [15, 7], "car_243": [1, 4], "car_240": [9, 6], "car_241": [12, 5], "car_246": [14, 5], "car_247": [13, 0], "car_244": [7, 1], "car_245": [12, 2], "car_794": [15, 4], "car_248": [5, 6], "car_249": [9, 0], "car_795": [1, 3], "car_570": [6, 7], "car_129": [7, 0], "car_128": [10, 7], "car_796": [6, 3], "car_571": [15, 3], "car_123": [15, 0], "car_122": [13, 6], "car_121": [2, 6], "car_120": [7, 3], "car_127": [0, 5], "car_126": [6, 4], "car_125": [0, 7], "car_124": [14, 0], "car_797": [13, 7], "car_908": [5, 0], "car_597": [12, 2], "car_444": [9, 1], "car_445": [13, 2], "car_446": [11, 0], "car_447": [6, 0], "car_440": [15, 4], "car_441": [10, 1], "car_442": [13, 7], "car_443": [0, 7], "car_563": [14, 0], "car_562": [10, 4], "car_561": [8, 2], "car_560": [12, 0], "car_448": [4, 7], "car_349": [14, 7], "car_565": [6, 5], "car_564": [10, 0], "car_237": [5, 6], "car_236": [4, 6], "car_235": [1, 0], "car_234": [15, 2], "car_233": [2, 5], "car_232": [3, 4], "car_338": [2, 4], "car_339": [12, 3], "car_336": [5, 6], "car_337": [4, 3], "car_334": [5, 1], "car_335": [7, 2], "car_332": [15, 3], "car_333": [9, 1], "car_330": [4, 3], "car_238": [8, 2], "car_408": [5, 3], "car_409": [2, 3], "car_916": [13, 3], "car_620": [7, 4], "car_621": [15, 5], "car_622": [1, 4], "car_623": [12, 1], "car_624": [5, 2], "car_625": [10, 4], "car_626": [7, 4], "car_627": [0, 3], "car_628": [1, 3], "car_629": [2, 3], "car_849": [10, 2], "car_347": [6, 1], "car_346": [5, 7], "car_630": [9, 3], "car_729": [1, 6], "car_402": [8, 2], "car_728": [8, 2], "car_403": [5, 4], "car_198": [12, 4], "car_199": [12, 6], "car_192": [5, 7], "car_193": [2, 5], "car_190": [10, 7], "car_191": [4, 6], "car_196": [15, 2], "car_197": [14, 7], "car_194": [0, 6], "car_195": [13, 1], "car_695": [15, 1], "car_694": [3, 7], "car_697": [1, 3], "car_696": [2, 1], "car_691": [8, 4], "car_690": [11, 4], "car_693": [7, 2], "car_692": [10, 7], "car_754": [15, 3], "car_755": [5, 1], "car_756": [10, 0], "car_757": [15, 3], "car_699": [9, 3], "car_279": [15, 3], "car_752": [10, 5], "car_753": [8, 2], "car_278": [8, 6], "car_723": [10, 0], "car_722": [8, 1], "car_36": [15, 3], "car_37": [2, 3], "car_34": [14, 5], "car_35": [14, 7], "car_32": [14, 4], "car_33": [7, 6], "car_30": [6, 3], "car_31": [5, 6], "car_884": [6, 2], "car_885": [4, 7], "car_499": [8, 2], "car_498": [3, 2], "car_880": [2, 0], "car_881": [14, 6], "car_38": [12, 0], "car_39": [15, 1], "car_286": [5, 3], "car_287": [9, 4], "car_284": [15, 6], "car_285": [11, 3], "car_282": [5, 3], "car_283": [10, 6], "car_280": [3, 6], "car_281": [1, 0], "car_288": [5, 0], "car_289": [2, 4], "car_178": [7, 4], "car_179": [12, 7], "car_43": [8, 0], "car_42": [7, 5], "car_41": [3, 0], "car_40": [5, 1], "car_47": [7, 1], "car_46": [3, 4], "car_45": [15, 6], "car_44": [4, 2], "car_49": [5, 7], "car_48": [8, 7], "car_821": [11, 2], "car_566": [8, 6], "car_831": [7, 1], "car_830": [3, 5], "car_833": [14, 6], "car_832": [10, 5], "car_835": [4, 2], "car_834": [6, 2], "car_837": [11, 5], "car_836": [4, 0], "car_839": [9, 1], "car_838": [7, 5], "car_372": [7, 3], "car_373": [8, 0], "car_370": [0, 2], "car_371": [4, 6], "car_376": [15, 5], "car_377": [14, 2], "car_374": [5, 3], "car_375": [4, 7], "car_400": [15, 5], "car_401": [10, 3], "car_378": [2, 4], "car_379": [4, 0], "car_404": [14, 3], "car_405": [5, 3], "car_406": [2, 5], "car_407": [15, 7], "car_174": [9, 4], "car_175": [12, 5], "car_176": [13, 7], "car_177": [6, 2], "car_170": [1, 6], "car_171": [12, 7], "car_172": [15, 3], "car_173": [6, 0], "car_273": [6, 2], "car_272": [15, 2], "car_271": [14, 1], "car_270": [1, 7], "car_277": [14, 6], "car_276": [1, 6], "car_275": [12, 2], "car_274": [14, 6], "car_112": [13, 4], "car_845": [5, 4], "car_298": [10, 1], "car_534": [12, 6], "car_535": [3, 7], "car_536": [4, 7], "car_537": [4, 1], "car_530": [5, 1], "car_531": [6, 2], "car_532": [2, 6], "car_358": [15, 5], "car_538": [14, 5], "car_539": [9, 7], "car_307": [7, 2], "car_306": [9, 6], "car_305": [2, 6], "car_304": [10, 4], "car_303": [4, 1], "car_302": [3, 7], "car_301": [13, 5], "car_300": [6, 1], "car_804": [14, 2], "car_898": [1, 4], "car_293": [10, 4], "car_309": [10, 3], "car_308": [6, 5], "car_292": [12, 5], "car_909": [10, 4], "car_359": [5, 0], "car_905": [2, 6], "car_904": [15, 4], "car_907": [0, 2], "car_906": [13, 6], "car_901": [0, 4], "car_900": [6, 4], "car_903": [4, 0], "car_902": [6, 2], "car_710": [8, 7], "car_711": [1, 3], "car_712": [6, 7], "car_713": [7, 1], "car_714": [8, 4], "car_715": [5, 6], "car_716": [8, 6], "car_717": [10, 4], "car_718": [9, 3], "car_719": [14, 1], "car_659": [6, 5], "car_658": [2, 6], "car_651": [8, 5], "car_650": [14, 1], "car_653": [11, 2], "car_652": [0, 2], "car_655": [13, 4], "car_654": [2, 1], "car_657": [14, 7], "car_656": [1, 2], "car_806": [0, 1], "car_78": [7, 5], "car_79": [0, 1], "car_72": [8, 1], "car_73": [5, 1], "car_70": [15, 0], "car_71": [6, 0], "car_76": [9, 6], "car_77": [13, 6], "car_74": [2, 3], "car_75": [11, 7], "car_807": [2, 7], "car_87": [4, 6], "car_86": [8, 7], "car_85": [5, 3], "car_84": [4, 0], "car_83": [14, 0], "car_82": [1, 0], "car_81": [12, 7], "car_80": [8, 6], "car_533": [2, 1], "car_89": [7, 6], "car_88": [15, 1], "car_800": [2, 6], "car_875": [2, 3], "car_874": [3, 0], "car_877": [13, 1], "car_689": [8, 6], "car_871": [10, 1], "car_870": [1, 0], "car_873": [11, 3], "car_872": [4, 2], "car_879": [14, 7], "car_878": [10, 4], "car_801": [6, 4], "car_784": [5, 7], "car_138": [9, 4], "car_139": [3, 4], "car_788": [7, 6], "car_130": [14, 4], "car_131": [6, 0], "car_132": [12, 7], "car_133": [6, 7], "car_134": [11, 7], "car_135": [10, 3], "car_136": [5, 1], "car_137": [9, 4], "car_569": [2, 3], "car_568": [10, 0], "car_782": [5, 3], "car_471": [14, 7], "car_470": [9, 4], "car_473": [12, 0], "car_472": [7, 3], "car_475": [4, 5], "car_474": [5, 1], "car_477": [10, 4], "car_476": [5, 4], "car_479": [2, 5], "car_478": [14, 1], "car_572": [5, 1], "car_573": [9, 5], "car_574": [10, 6], "car_575": [8, 3], "car_576": [9, 2], "car_577": [12, 1], "car_224": [1, 3], "car_225": [7, 2], "car_226": [8, 7], "car_227": [6, 1], "car_220": [13, 1], "car_221": [11, 0], "car_222": [15, 7], "car_223": [11, 6], "car_343": [5, 2], "car_342": [12, 6], "car_341": [1, 4], "car_340": [8, 2], "car_228": [13, 5], "car_229": [0, 2], "car_345": [13, 2], "car_344": [9, 1], "car_802": [11, 5], "car_567": [5, 6], "car_803": [7, 2], "car_739": [7, 5], "car_449": [10, 1], "car_619": [12, 3], "car_618": [7, 6], "car_615": [0, 3], "car_614": [15, 1], "car_617": [9, 1], "car_616": [4, 5], "car_611": [10, 1], "car_610": [6, 5], "car_613": [0, 2], "car_612": [7, 3], "car_591": [5, 4], "car_769": [11, 2], "car_231": [2, 1], "car_683": [1, 3], "car_230": [4, 3], "car_419": [15, 4], "car_418": [11, 3], "car_682": [7, 4], "car_589": [4, 0], "car_680": [7, 1], "car_681": [13, 4], "car_686": [8, 3], "car_687": [12, 6], "car_684": [0, 7], "car_588": [11, 2], "car_761": [3, 2], "car_760": [2, 0], "car_688": [7, 1], "car_685": [9, 2], "car_765": [5, 4], "car_764": [4, 1], "car_767": [9, 4], "car_766": [6, 2], "car_858": [7, 6], "car_239": [11, 5], "car_331": [3, 1], "car_763": [15, 6], "car_25": [2, 6], "car_24": [5, 0], "car_27": [8, 4], "car_26": [15, 3], "car_21": [7, 0], "car_20": [3, 7], "car_23": [12, 6], "car_22": [8, 1], "car_488": [5, 7], "car_417": [0, 1], "car_29": [5, 2], "car_28": [0, 1], "car_416": [8, 0], "car_853": [11, 2], "car_852": [6, 2], "car_583": [10, 5], "car_582": [13, 7], "car_857": [5, 7], "car_856": [3, 1], "car_855": [12, 2], "car_854": [1, 5], "car_733": [8, 3], "car_208": [0, 6], "car_209": [2, 7], "car_435": [2, 3], "car_434": [1, 6], "car_437": [14, 3], "car_436": [11, 7], "car_431": [14, 0], "car_430": [7, 3], "car_433": [1, 7], "car_432": [7, 0], "car_826": [6, 3], "car_398": [1, 6], "car_824": [14, 0], "car_825": [13, 6], "car_439": [4, 7], "car_438": [9, 6], "car_820": [8, 5], "car_399": [7, 2], "car_389": [11, 0], "car_388": [0, 4], "car_387": [0, 7], "car_386": [8, 1], "car_385": [13, 4], "car_384": [0, 2], "car_383": [12, 4], "car_382": [9, 5], "car_381": [2, 3], "car_380": [1, 3], "car_141": [4, 6], "car_269": [3, 5], "car_143": [11, 4], "car_142": [8, 2], "car_145": [9, 0], "car_200": [4, 7], "car_147": [6, 7], "car_146": [5, 3], "car_149": [14, 7], "car_148": [5, 0], "car_262": [12, 0], "car_201": [13, 4], "car_264": [3, 5], "car_265": [6, 0], "car_266": [11, 1], "car_267": [14, 5], "car_480": [9, 6], "car_481": [8, 2], "car_390": [14, 7], "car_482": [11, 6], "car_391": [7, 1], "car_483": [15, 0], "car_484": [12, 7], "car_485": [11, 2], "car_501": [2, 4], "car_500": [11, 6], "car_503": [1, 4], "car_502": [11, 3], "car_505": [15, 3], "car_486": [5, 0], "car_507": [9, 1], "car_506": [11, 4], "car_509": [10, 5], "car_508": [1, 4], "car_487": [2, 1], "car_851": [2, 1], "car_314": [12, 6], "car_315": [3, 5], "car_316": [14, 1], "car_317": [7, 3], "car_310": [0, 5], "car_311": [5, 0], "car_312": [9, 5], "car_313": [4, 3], "car_318": [11, 1], "car_319": [14, 3], "car_918": [13, 0], "car_919": [4, 0], "car_912": [0, 5], "car_913": [11, 2], "car_910": [0, 7], "car_911": [6, 5], "car_876": [9, 0], "car_917": [7, 1], "car_914": [5, 3], "car_915": [7, 2], "car_646": [2, 1], "car_647": [4, 7], "car_644": [2, 7], "car_645": [10, 5], "car_642": [9, 5], "car_643": [8, 0], "car_640": [9, 1], "car_641": [6, 3], "car_725": [9, 4], "car_724": [2, 7], "car_727": [6, 7], "car_726": [12, 5], "car_721": [3, 7], "car_720": [2, 5], "car_648": [12, 6], "car_649": [1, 6], "car_69": [6, 3], "car_68": [8, 7], "car_61": [3, 2], "car_60": [9, 4], "car_63": [10, 4], "car_62": [15, 5], "car_65": [3, 2], "car_64": [2, 3], "car_67": [11, 5], "car_66": [7, 2], "car_504": [0, 7], "car_738": [2, 3], "car_751": [4, 1], "car_348": [4, 7], "car_859": [2, 7], "car_862": [2, 1], "car_863": [7, 0], "car_860": [15, 2], "car_861": [3, 6], "car_866": [10, 5], "car_867": [9, 0], "car_864": [4, 7], "car_865": [11, 6], "car_868": [7, 0], "car_869": [4, 1], "car_105": [3, 5], "car_104": [3, 0], "car_107": [1, 7], "car_106": [12, 3], "car_101": [4, 7], "car_100": [0, 1], "car_103": [11, 1], "car_102": [12, 4], "car_109": [6, 7], "car_108": [10, 6], "car_762": [11, 5]}