{"car_3253": [6, 4], "car_3750": [11, 2], "car_2009": [12, 3], "car_3196": [14, 6], "car_3197": [6, 3], "car_3194": [7, 6], "car_3195": [8, 5], "car_3192": [2, 1], "car_3193": [3, 0], "car_3190": [11, 0], "car_3191": [14, 6], "car_3668": [9, 2], "car_3669": [0, 4], "car_3198": [9, 2], "car_3199": [3, 7], "car_2229": [12, 3], "car_2228": [8, 0], "car_468": [10, 4], "car_469": [14, 6], "car_466": [11, 3], "car_467": [15, 6], "car_464": [12, 0], "car_465": [4, 0], "car_462": [7, 5], "car_463": [8, 3], "car_460": [9, 5], "car_461": [13, 0], "car_4456": [9, 5], "car_4012": [2, 3], "car_4658": [1, 7], "car_2455": [5, 4], "car_4457": [13, 2], "car_3068": [10, 6], "car_3069": [14, 5], "car_2751": [13, 3], "car_3768": [7, 0], "car_3062": [7, 4], "car_3063": [8, 5], "car_3060": [6, 0], "car_3061": [13, 1], "car_3066": [15, 3], "car_3067": [5, 0], "car_3064": [12, 6], "car_3065": [0, 7], "car_3268": [2, 7], "car_817": [12, 3], "car_816": [7, 3], "car_3260": [3, 0], "car_3261": [7, 0], "car_3262": [12, 7], "car_3263": [4, 6], "car_3264": [11, 6], "car_815": [3, 0], "car_3266": [1, 2], "car_3267": [14, 7], "car_2750": [9, 6], "car_814": [13, 1], "car_813": [2, 7], "car_812": [1, 5], "car_2072": [15, 1], "car_811": [11, 0], "car_2073": [14, 3], "car_4455": [14, 1], "car_810": [8, 7], "car_3743": [5, 7], "car_3214": [10, 0], "car_3741": [8, 7], "car_3740": [13, 3], "car_679": [13, 7], "car_678": [14, 7], "car_677": [11, 1], "car_676": [4, 1], "car_675": [8, 0], "car_674": [3, 6], "car_673": [9, 4], "car_672": [6, 2], "car_671": [14, 5], "car_670": [10, 3], "car_2771": [4, 2], "car_4654": [12, 7], "car_3213": [1, 2], "car_2770": [0, 6], "car_3212": [11, 6], "car_2078": [0, 3], "car_2079": [4, 2], "car_3464": [0, 5], "car_4013": [6, 2], "car_4026": [15, 7], "car_4655": [0, 2], "car_2456": [10, 3], "car_2341": [12, 5], "car_2670": [4, 3], "car_3465": [4, 1], "car_3818": [3, 1], "car_2671": [15, 2], "car_4429": [7, 2], "car_2754": [0, 7], "car_2672": [1, 3], "car_4656": [4, 2], "car_2223": [11, 3], "car_789": [1, 6], "car_788": [8, 7], "car_3338": [2, 6], "car_2222": [4, 6], "car_783": [5, 4], "car_782": [15, 1], "car_781": [11, 0], "car_780": [0, 2], "car_787": [7, 3], "car_786": [3, 5], "car_785": [9, 0], "car_784": [6, 1], "car_3462": [2, 0], "car_2220": [3, 2], "car_0": [1, 7], "car_2227": [6, 3], "car_1179": [5, 0], "car_2375": [5, 4], "car_2226": [14, 1], "car_4430": [12, 6], "car_3339": [6, 5], "car_2225": [10, 0], "car_4431": [0, 6], "car_2224": [5, 1], "car_4432": [4, 7], "car_3463": [8, 5], "car_255": [6, 5], "car_254": [10, 2], "car_257": [13, 1], "car_256": [9, 3], "car_251": [7, 3], "car_250": [3, 2], "car_253": [5, 7], "car_252": [12, 2], "car_1961": [6, 7], "car_1960": [2, 1], "car_1963": [3, 1], "car_1962": [9, 2], "car_259": [12, 4], "car_258": [8, 5], "car_1967": [6, 7], "car_1966": [0, 1], "car_4135": [1, 2], "car_4085": [11, 3], "car_4137": [9, 0], "car_4136": [10, 0], "car_4131": [13, 0], "car_1170": [4, 0], "car_4133": [7, 2], "car_4132": [3, 0], "car_1171": [15, 3], "car_4139": [4, 6], "car_4138": [7, 0], "car_1565": [8, 0], "car_1564": [2, 1], "car_1567": [1, 5], "car_1566": [0, 3], "car_1561": [5, 1], "car_1560": [4, 5], "car_1563": [14, 2], "car_1562": [10, 2], "car_4243": [4, 1], "car_4242": [0, 4], "car_4241": [12, 2], "car_4240": [8, 3], "car_1569": [6, 7], "car_1568": [10, 2], "car_1413": [12, 7], "car_4080": [1, 5], "car_1363": [0, 2], "car_1362": [12, 4], "car_1361": [6, 3], "car_1360": [2, 0], "car_1367": [3, 2], "car_1366": [6, 2], "car_1365": [15, 0], "car_1364": [4, 2], "car_1369": [12, 7], "car_1368": [8, 2], "car_4399": [6, 5], "car_4398": [14, 7], "car_2758": [5, 4], "car_2376": [14, 2], "car_4391": [8, 5], "car_4390": [3, 4], "car_4393": [0, 5], "car_4392": [12, 1], "car_4395": [11, 0], "car_4394": [4, 6], "car_4397": [5, 2], "car_4396": [15, 5], "car_321": [2, 1], "car_320": [14, 1], "car_323": [3, 4], "car_322": [9, 7], "car_325": [4, 3], "car_324": [0, 4], "car_327": [9, 7], "car_326": [11, 7], "car_329": [8, 5], "car_328": [7, 0], "car_4623": [7, 5], "car_4622": [9, 5], "car_4625": [12, 7], "car_4624": [8, 5], "car_4627": [5, 3], "car_4626": [1, 0], "car_2722": [7, 2], "car_2723": [4, 2], "car_2720": [14, 7], "car_2721": [2, 4], "car_2726": [1, 6], "car_2727": [10, 7], "car_2724": [11, 3], "car_2725": [15, 0], "car_2728": [14, 6], "car_2729": [9, 3], "car_1107": [15, 0], "car_1106": [11, 6], "car_1105": [12, 3], "car_1104": [6, 0], "car_1103": [14, 4], "car_1102": [1, 6], "car_1101": [11, 5], "car_1100": [12, 2], "car_4409": [5, 7], "car_4408": [0, 3], "car_1109": [10, 4], "car_1108": [1, 4], "car_1297": [1, 2], "car_1296": [15, 7], "car_1295": [11, 0], "car_1294": [0, 4], "car_1293": [12, 7], "car_1292": [8, 7], "car_1291": [7, 6], "car_1290": [3, 4], "car_1299": [9, 6], "car_1298": [6, 7], "car_2928": [1, 4], "car_2929": [5, 2], "car_2924": [3, 1], "car_2925": [7, 6], "car_2926": [8, 6], "car_2927": [0, 4], "car_2920": [14, 1], "car_2921": [2, 1], "car_2922": [6, 2], "car_2923": [9, 0], "car_2586": [0, 6], "car_2587": [15, 2], "car_2584": [7, 2], "car_2585": [12, 4], "car_2582": [13, 2], "car_2583": [3, 0], "car_2580": [6, 2], "car_2581": [9, 5], "car_3527": [15, 1], "car_3526": [4, 3], "car_3525": [12, 2], "car_3524": [8, 2], "car_2858": [5, 0], "car_2859": [10, 4], "car_2588": [1, 6], "car_2589": [5, 3], "car_2036": [6, 3], "car_2037": [13, 5], "car_1039": [13, 6], "car_1038": [9, 6], "car_1749": [8, 6], "car_1748": [9, 6], "car_2030": [11, 7], "car_2031": [15, 2], "car_1033": [12, 7], "car_1032": [8, 3], "car_1031": [13, 0], "car_1030": [10, 6], "car_1037": [2, 3], "car_1036": [14, 6], "car_1035": [10, 5], "car_1034": [1, 6], "car_4557": [3, 4], "car_1589": [11, 5], "car_1588": [4, 3], "car_1583": [6, 0], "car_1582": [15, 1], "car_1581": [11, 1], "car_1580": [0, 6], "car_1587": [0, 6], "car_1586": [12, 6], "car_1585": [3, 1], "car_1584": [13, 1], "car_1852": [7, 3], "car_1906": [8, 7], "car_4556": [9, 5], "car_3295": [10, 3], "car_3294": [5, 1], "car_3297": [9, 5], "car_3296": [14, 3], "car_3291": [8, 4], "car_3290": [7, 4], "car_899": [0, 6], "car_898": [8, 1], "car_897": [3, 5], "car_896": [13, 3], "car_895": [14, 4], "car_894": [10, 2], "car_893": [5, 4], "car_892": [1, 0], "car_891": [0, 5], "car_890": [12, 3], "car_2458": [2, 6], "car_2459": [12, 2], "car_2108": [7, 2], "car_2109": [8, 4], "car_3457": [13, 6], "car_3456": [6, 5], "car_3455": [2, 6], "car_3454": [14, 6], "car_2102": [13, 0], "car_2103": [7, 0], "car_2100": [2, 7], "car_2101": [9, 4], "car_2106": [10, 0], "car_2107": [2, 7], "car_2104": [4, 3], "car_2105": [15, 5], "car_1631": [9, 2], "car_1630": [6, 3], "car_1633": [12, 2], "car_1632": [7, 4], "car_1635": [15, 6], "car_1634": [4, 3], "car_1637": [6, 7], "car_1636": [14, 3], "car_1639": [13, 6], "car_1638": [9, 4], "car_3418": [12, 5], "car_1751": [5, 0], "car_2803": [14, 1], "car_3859": [15, 6], "car_2802": [10, 1], "car_3857": [4, 2], "car_3856": [12, 3], "car_3855": [7, 2], "car_3854": [3, 0], "car_3853": [9, 1], "car_2801": [5, 0], "car_3851": [10, 0], "car_3850": [5, 7], "car_3189": [4, 0], "car_3188": [7, 0], "car_2800": [15, 1], "car_3269": [6, 2], "car_3181": [11, 1], "car_2807": [8, 1], "car_1756": [12, 5], "car_3182": [15, 0], "car_3185": [10, 4], "car_3184": [5, 3], "car_3187": [3, 7], "car_2806": [7, 3], "car_3677": [4, 2], "car_3676": [0, 4], "car_3675": [12, 7], "car_3674": [8, 1], "car_3673": [2, 7], "car_2805": [6, 0], "car_3306": [6, 5], "car_2816": [15, 6], "car_2804": [2, 4], "car_3380": [12, 0], "car_4018": [1, 7], "car_3679": [14, 4], "car_3104": [7, 4], "car_2414": [2, 1], "car_419": [13, 4], "car_418": [9, 0], "car_2218": [11, 7], "car_2219": [2, 4], "car_413": [11, 6], "car_412": [12, 5], "car_411": [8, 2], "car_410": [7, 6], "car_417": [6, 2], "car_416": [14, 7], "car_415": [10, 3], "car_414": [15, 1], "car_2417": [12, 6], "car_4552": [5, 7], "car_1679": [6, 5], "car_3546": [2, 4], "car_4086": [14, 1], "car_1678": [10, 7], "car_4261": [8, 1], "car_2412": [10, 3], "car_4104": [8, 3], "car_4260": [9, 2], "car_2947": [8, 5], "car_2413": [14, 0], "car_3265": [15, 6], "car_4519": [6, 5], "car_3079": [4, 3], "car_3078": [7, 1], "car_3729": [7, 4], "car_3075": [10, 5], "car_3074": [1, 2], "car_3077": [6, 3], "car_3076": [14, 7], "car_3071": [4, 3], "car_3070": [12, 4], "car_3073": [15, 6], "car_3072": [11, 0], "car_527": [5, 7], "car_526": [1, 4], "car_525": [15, 1], "car_524": [4, 6], "car_523": [12, 0], "car_522": [8, 4], "car_521": [7, 3], "car_520": [9, 6], "car_3273": [8, 7], "car_1671": [1, 5], "car_3271": [13, 0], "car_1889": [1, 6], "car_3277": [9, 2], "car_3276": [2, 3], "car_529": [2, 5], "car_528": [10, 6], "car_4269": [15, 0], "car_4550": [15, 2], "car_4268": [4, 3], "car_4103": [7, 2], "car_1884": [10, 5], "car_1885": [14, 1], "car_2368": [14, 4], "car_2786": [10, 7], "car_4573": [7, 5], "car_2787": [14, 7], "car_668": [11, 2], "car_669": [1, 3], "car_664": [6, 2], "car_665": [3, 0], "car_666": [7, 1], "car_667": [12, 1], "car_660": [4, 0], "car_661": [1, 6], "car_662": [10, 7], "car_663": [14, 6], "car_4200": [7, 5], "car_2759": [10, 7], "car_1854": [12, 5], "car_2788": [9, 1], "car_3308": [7, 5], "car_2789": [13, 7], "car_3824": [6, 5], "car_4034": [10, 7], "car_2940": [8, 3], "car_3952": [11, 1], "car_3953": [15, 2], "car_798": [10, 3], "car_799": [2, 1], "car_4466": [9, 7], "car_790": [2, 3], "car_791": [9, 1], "car_792": [13, 2], "car_793": [7, 3], "car_794": [8, 4], "car_795": [0, 5], "car_796": [4, 0], "car_797": [5, 2], "car_4098": [10, 3], "car_4099": [14, 7], "car_4092": [1, 7], "car_4093": [14, 6], "car_4090": [0, 5], "car_4091": [4, 7], "car_4096": [12, 0], "car_4097": [15, 2], "car_4094": [2, 6], "car_4095": [3, 0], "car_4620": [2, 6], "car_3822": [1, 0], "car_3958": [4, 0], "car_242": [12, 3], "car_243": [0, 4], "car_240": [6, 4], "car_241": [3, 5], "car_246": [14, 7], "car_247": [2, 1], "car_244": [15, 1], "car_245": [1, 0], "car_1914": [0, 7], "car_1915": [4, 5], "car_248": [9, 2], "car_249": [13, 0], "car_1910": [2, 1], "car_1911": [6, 7], "car_1912": [13, 6], "car_1913": [8, 7], "car_4464": [2, 0], "car_3823": [5, 0], "car_4559": [0, 4], "car_4178": [2, 6], "car_4278": [9, 4], "car_4279": [12, 3], "car_4276": [14, 2], "car_4277": [6, 1], "car_4274": [12, 7], "car_4275": [11, 6], "car_4272": [14, 7], "car_3738": [5, 4], "car_4270": [1, 3], "car_4271": [5, 3], "car_1356": [12, 2], "car_1357": [1, 6], "car_1354": [7, 1], "car_1355": [8, 1], "car_1352": [13, 7], "car_1353": [3, 6], "car_1350": [2, 0], "car_1351": [9, 7], "car_1358": [10, 7], "car_1359": [14, 3], "car_4558": [8, 1], "car_4462": [1, 7], "car_1831": [15, 4], "car_1820": [10, 5], "car_1821": [14, 3], "car_1822": [6, 5], "car_1823": [12, 5], "car_1824": [0, 5], "car_1825": [15, 2], "car_338": [1, 5], "car_339": [14, 7], "car_336": [13, 3], "car_337": [15, 5], "car_334": [14, 1], "car_335": [2, 6], "car_332": [15, 2], "car_333": [1, 7], "car_330": [0, 5], "car_331": [11, 6], "car_2735": [14, 1], "car_2734": [5, 7], "car_1138": [8, 4], "car_1139": [12, 2], "car_2731": [12, 2], "car_2730": [3, 7], "car_2733": [1, 6], "car_2732": [11, 4], "car_1132": [4, 0], "car_1133": [11, 1], "car_1130": [13, 5], "car_1131": [12, 7], "car_1136": [2, 1], "car_1137": [13, 3], "car_1134": [1, 5], "car_1135": [14, 4], "car_4474": [3, 0], "car_4475": [7, 3], "car_4476": [8, 1], "car_4032": [11, 2], "car_4470": [0, 5], "car_3734": [7, 6], "car_4472": [2, 3], "car_4473": [9, 4], "car_3735": [0, 7], "car_4478": [4, 1], "car_1839": [0, 5], "car_2393": [0, 1], "car_1838": [3, 6], "car_2392": [8, 7], "car_4460": [11, 7], "car_4643": [9, 5], "car_3301": [11, 3], "car_4642": [1, 7], "car_3300": [12, 4], "car_4641": [4, 5], "car_2939": [7, 5], "car_2938": [3, 2], "car_2937": [9, 2], "car_2936": [6, 7], "car_2935": [2, 4], "car_2934": [1, 0], "car_2933": [11, 2], "car_2932": [12, 1], "car_2931": [8, 2], "car_2930": [7, 3], "car_2029": [0, 7], "car_2028": [12, 5], "car_2845": [7, 3], "car_2844": [3, 0], "car_2843": [14, 2], "car_2842": [15, 2], "car_2841": [11, 6], "car_2840": [0, 7], "car_2021": [1, 5], "car_2020": [11, 2], "car_2023": [10, 3], "car_2022": [5, 7], "car_2025": [6, 7], "car_2024": [14, 4], "car_2027": [7, 6], "car_2026": [9, 3], "car_2948": [12, 5], "car_2520": [10, 0], "car_4583": [0, 6], "car_1008": [3, 6], "car_1009": [12, 0], "car_1006": [6, 2], "car_1007": [9, 0], "car_1004": [1, 6], "car_1005": [5, 0], "car_1002": [11, 2], "car_1003": [15, 4], "car_1000": [0, 1], "car_1001": [4, 7], "car_3459": [12, 1], "car_2398": [2, 6], "car_2629": [8, 5], "car_2524": [12, 1], "car_2628": [7, 5], "car_3310": [4, 6], "car_2525": [0, 5], "car_2995": [3, 0], "car_2674": [2, 3], "car_1924": [1, 4], "car_2994": [13, 1], "car_2527": [1, 3], "car_2997": [0, 6], "car_36": [5, 7], "car_37": [10, 5], "car_34": [11, 2], "car_35": [15, 6], "car_888": [7, 6], "car_889": [8, 2], "car_30": [2, 0], "car_31": [6, 1], "car_884": [8, 4], "car_885": [4, 7], "car_886": [15, 6], "car_887": [2, 0], "car_880": [10, 5], "car_881": [14, 2], "car_882": [3, 5], "car_883": [7, 1], "car_3466": [10, 1], "car_3467": [14, 7], "car_2449": [14, 6], "car_2448": [11, 3], "car_2119": [11, 4], "car_2118": [4, 2], "car_3460": [4, 3], "car_3461": [14, 6], "car_2115": [9, 5], "car_2114": [6, 4], "car_2117": [7, 2], "car_2116": [3, 4], "car_2111": [15, 2], "car_2110": [4, 0], "car_2113": [2, 4], "car_2112": [14, 0], "car_1644": [15, 3], "car_1645": [10, 6], "car_1646": [2, 4], "car_1647": [7, 5], "car_1640": [3, 1], "car_1641": [7, 3], "car_1642": [0, 6], "car_1643": [4, 0], "car_3312": [5, 1], "car_1648": [8, 3], "car_1649": [0, 6], "car_3915": [8, 2], "car_2599": [14, 6], "car_2159": [12, 0], "car_3860": [1, 5], "car_3861": [5, 6], "car_3866": [12, 6], "car_3867": [1, 6], "car_3864": [7, 0], "car_2158": [3, 0], "car_2591": [6, 1], "car_2590": [14, 3], "car_2593": [7, 5], "car_2592": [9, 7], "car_2595": [12, 7], "car_2594": [8, 3], "car_2597": [4, 7], "car_2596": [0, 5], "car_3648": [8, 2], "car_3649": [12, 5], "car_3560": [12, 6], "car_3313": [10, 1], "car_3643": [10, 2], "car_3640": [8, 0], "car_3641": [0, 2], "car_3646": [9, 2], "car_3647": [13, 6], "car_2677": [7, 5], "car_2608": [14, 0], "car_3888": [5, 4], "car_3703": [2, 5], "car_3880": [9, 1], "car_3881": [7, 5], "car_3882": [12, 2], "car_3883": [0, 1], "car_3884": [4, 1], "car_3885": [11, 1], "car_3886": [15, 1], "car_3887": [1, 0], "car_408": [1, 2], "car_409": [5, 7], "car_2203": [7, 3], "car_2202": [9, 2], "car_2205": [0, 2], "car_2204": [12, 1], "car_2207": [10, 1], "car_2206": [4, 7], "car_400": [4, 5], "car_401": [15, 5], "car_402": [5, 0], "car_403": [13, 1], "car_404": [3, 6], "car_405": [8, 1], "car_406": [12, 0], "car_407": [11, 4], "car_4469": [8, 0], "car_3787": [1, 6], "car_4048": [7, 0], "car_4528": [10, 7], "car_1769": [1, 0], "car_4384": [1, 0], "car_3080": [11, 3], "car_3081": [15, 6], "car_3082": [1, 3], "car_3083": [10, 6], "car_3084": [14, 4], "car_3085": [6, 4], "car_3086": [9, 2], "car_3087": [7, 2], "car_3088": [12, 4], "car_3089": [11, 6], "car_2973": [3, 2], "car_534": [4, 3], "car_535": [11, 4], "car_536": [15, 0], "car_537": [5, 1], "car_530": [6, 1], "car_531": [9, 0], "car_532": [13, 4], "car_533": [12, 6], "car_3246": [3, 5], "car_3247": [8, 0], "car_3244": [2, 7], "car_3245": [6, 3], "car_538": [10, 5], "car_539": [6, 5], "car_3240": [11, 1], "car_3241": [15, 1], "car_2972": [13, 3], "car_3317": [7, 2], "car_4452": [15, 7], "car_2310": [15, 0], "car_659": [8, 0], "car_658": [3, 7], "car_651": [4, 0], "car_650": [0, 5], "car_653": [15, 5], "car_652": [11, 3], "car_655": [5, 1], "car_654": [1, 5], "car_657": [13, 0], "car_656": [6, 0], "car_2970": [2, 7], "car_2907": [12, 4], "car_4246": [14, 1], "car_3813": [11, 3], "car_4596": [10, 3], "car_2977": [15, 4], "car_2909": [4, 6], "car_3812": [4, 1], "car_3946": [6, 4], "car_2976": [4, 0], "car_4105": [11, 2], "car_2434": [13, 0], "car_1929": [3, 1], "car_4518": [14, 6], "car_2195": [10, 3], "car_3971": [9, 1], "car_4089": [7, 0], "car_4088": [13, 0], "car_2194": [11, 4], "car_3811": [7, 0], "car_4084": [0, 7], "car_4087": [6, 2], "car_1764": [3, 6], "car_4081": [6, 0], "car_2197": [7, 4], "car_4083": [12, 3], "car_4082": [3, 0], "car_2196": [13, 7], "car_2191": [8, 2], "car_1928": [13, 5], "car_2190": [7, 6], "car_3922": [3, 4], "car_2193": [4, 7], "car_1909": [15, 4], "car_1908": [11, 2], "car_1907": [0, 3], "car_1763": [14, 0], "car_1905": [7, 6], "car_1904": [3, 5], "car_1903": [9, 3], "car_1902": [6, 0], "car_1901": [14, 2], "car_1900": [5, 7], "car_3805": [9, 5], "car_3918": [14, 6], "car_3865": [8, 5], "car_1349": [1, 0], "car_1348": [15, 5], "car_4263": [10, 3], "car_4262": [4, 7], "car_3817": [13, 3], "car_4264": [14, 1], "car_4267": [12, 5], "car_1762": [5, 4], "car_1341": [14, 7], "car_1340": [5, 0], "car_1343": [13, 0], "car_1342": [9, 2], "car_1345": [7, 5], "car_1344": [3, 5], "car_1347": [4, 5], "car_1346": [12, 7], "car_3234": [1, 6], "car_3919": [6, 4], "car_4663": [9, 6], "car_3219": [12, 7], "car_2753": [8, 7], "car_3816": [6, 4], "car_3231": [3, 6], "car_2752": [3, 7], "car_3230": [6, 3], "car_2698": [7, 2], "car_4546": [13, 3], "car_1833": [10, 7], "car_1832": [5, 3], "car_349": [6, 2], "car_348": [10, 2], "car_1837": [9, 4], "car_1836": [6, 0], "car_1835": [2, 4], "car_1834": [14, 7], "car_343": [15, 5], "car_342": [4, 7], "car_341": [0, 4], "car_340": [12, 4], "car_347": [4, 7], "car_346": [12, 1], "car_345": [9, 3], "car_344": [14, 1], "car_4140": [11, 3], "car_2325": [8, 2], "car_1129": [9, 4], "car_1128": [2, 5], "car_2979": [7, 6], "car_4141": [15, 4], "car_1125": [4, 3], "car_1124": [12, 0], "car_1127": [10, 4], "car_1126": [11, 5], "car_1121": [9, 4], "car_1120": [2, 3], "car_1123": [7, 6], "car_1122": [13, 2], "car_4467": [13, 5], "car_1402": [3, 5], "car_4465": [6, 3], "car_4143": [2, 7], "car_4463": [5, 0], "car_2320": [1, 3], "car_4461": [15, 0], "car_1403": [7, 1], "car_4144": [9, 0], "car_2321": [10, 4], "car_1400": [14, 2], "car_3814": [5, 2], "car_4145": [3, 1], "car_1401": [2, 3], "car_2978": [6, 0], "car_4146": [7, 6], "car_1406": [11, 0], "car_4147": [8, 0], "car_1407": [15, 5], "car_2902": [7, 6], "car_2903": [8, 4], "car_2900": [13, 5], "car_2901": [3, 4], "car_2906": [13, 2], "car_1404": [8, 0], "car_2904": [12, 7], "car_2905": [11, 2], "car_2908": [0, 4], "car_1405": [4, 7], "car_3505": [15, 7], "car_3504": [11, 1], "car_3507": [14, 5], "car_3506": [5, 1], "car_2058": [9, 3], "car_2059": [3, 7], "car_3503": [0, 4], "car_3502": [7, 3], "car_2054": [4, 2], "car_2055": [1, 6], "car_2056": [5, 1], "car_2057": [2, 1], "car_2050": [13, 3], "car_2051": [7, 4], "car_2052": [8, 4], "car_2053": [0, 4], "car_1011": [13, 2], "car_1010": [2, 4], "car_1013": [8, 1], "car_1012": [7, 4], "car_1015": [1, 7], "car_1014": [4, 7], "car_1017": [14, 5], "car_1016": [5, 7], "car_1019": [0, 2], "car_1018": [6, 2], "car_2690": [6, 3], "car_2691": [3, 2], "car_2696": [14, 0], "car_2697": [6, 0], "car_2694": [15, 6], "car_2695": [5, 2], "car_2790": [7, 1], "car_3863": [9, 2], "car_4373": [3, 4], "car_4482": [3, 0], "car_3819": [0, 3], "car_4594": [4, 7], "car_25": [8, 1], "car_24": [9, 0], "car_27": [0, 2], "car_26": [12, 0], "car_21": [14, 0], "car_20": [10, 2], "car_23": [6, 1], "car_22": [2, 4], "car_3471": [7, 4], "car_3470": [13, 2], "car_3473": [12, 0], "car_3472": [8, 7], "car_29": [14, 3], "car_28": [11, 7], "car_3477": [3, 0], "car_3476": [13, 2], "car_4648": [15, 0], "car_2478": [10, 2], "car_2479": [7, 2], "car_2476": [15, 7], "car_2477": [5, 0], "car_2474": [8, 3], "car_2475": [11, 2], "car_2472": [14, 4], "car_2473": [9, 6], "car_2470": [11, 5], "car_2471": [5, 6], "car_1657": [3, 5], "car_1656": [13, 4], "car_1655": [6, 4], "car_1654": [2, 6], "car_1653": [14, 6], "car_1652": [10, 7], "car_1651": [11, 5], "car_1650": [4, 5], "car_1659": [12, 0], "car_1658": [7, 6], "car_3875": [8, 4], "car_3874": [3, 7], "car_2878": [11, 1], "car_2879": [5, 2], "car_3871": [6, 1], "car_3870": [14, 6], "car_3645": [6, 4], "car_3872": [9, 4], "car_2872": [15, 2], "car_2873": [1, 6], "car_2870": [4, 3], "car_2871": [11, 2], "car_2876": [8, 3], "car_2877": [12, 2], "car_2874": [14, 5], "car_2875": [3, 2], "car_2688": [10, 3], "car_1969": [12, 1], "car_2315": [13, 7], "car_3658": [14, 2], "car_1843": [2, 5], "car_3655": [12, 0], "car_3654": [6, 3], "car_3657": [10, 0], "car_3656": [5, 6], "car_3651": [1, 6], "car_3650": [15, 1], "car_3211": [0, 3], "car_3652": [10, 5], "car_435": [6, 7], "car_434": [14, 4], "car_437": [8, 0], "car_436": [7, 0], "car_431": [4, 5], "car_430": [12, 1], "car_433": [10, 5], "car_432": [15, 4], "car_3893": [3, 5], "car_1846": [0, 4], "car_3891": [6, 7], "car_3890": [2, 4], "car_439": [0, 2], "car_438": [12, 1], "car_3895": [8, 6], "car_1847": [4, 0], "car_2274": [10, 1], "car_2275": [2, 1], "car_2276": [6, 4], "car_2277": [13, 1], "car_2270": [12, 3], "car_2271": [0, 5], "car_2272": [4, 3], "car_2273": [15, 1], "car_3778": [4, 7], "car_1845": [12, 6], "car_2278": [8, 2], "car_2279": [12, 1], "car_4487": [1, 2], "car_3573": [1, 0], "car_4533": [15, 2], "car_3927": [11, 7], "car_1848": [11, 3], "car_2289": [8, 4], "car_1968": [13, 5], "car_1849": [1, 3], "car_2288": [3, 7], "car_1965": [12, 4], "car_4479": [10, 0], "car_3370": [6, 0], "car_1964": [7, 3], "car_3093": [14, 6], "car_3092": [10, 2], "car_3091": [5, 7], "car_3090": [15, 5], "car_3097": [12, 0], "car_3096": [7, 4], "car_3095": [3, 7], "car_3094": [2, 5], "car_3420": [11, 4], "car_3376": [14, 1], "car_3099": [11, 7], "car_3098": [0, 1], "car_3311": [11, 7], "car_501": [3, 1], "car_500": [13, 1], "car_503": [8, 0], "car_502": [7, 5], "car_505": [11, 5], "car_504": [0, 4], "car_507": [10, 1], "car_506": [1, 0], "car_509": [9, 2], "car_508": [6, 7], "car_2302": [1, 3], "car_2303": [10, 7], "car_2304": [14, 7], "car_2305": [6, 3], "car_2306": [9, 2], "car_2307": [7, 1], "car_2281": [15, 1], "car_4535": [10, 3], "car_1745": [4, 3], "car_2280": [11, 2], "car_4176": [10, 0], "car_3378": [9, 4], "car_4130": [9, 1], "car_3379": [8, 2], "car_2960": [5, 3], "car_3475": [10, 4], "car_3474": [11, 3], "car_646": [2, 6], "car_647": [3, 4], "car_644": [10, 2], "car_645": [14, 5], "car_642": [1, 6], "car_643": [5, 7], "car_640": [4, 0], "car_641": [11, 2], "car_2314": [9, 0], "car_4036": [2, 7], "car_648": [7, 3], "car_649": [8, 6], "car_3570": [12, 5], "car_4037": [6, 3], "car_2961": [10, 1], "car_2576": [12, 7], "car_4030": [9, 0], "car_3577": [13, 1], "car_3572": [15, 3], "car_4031": [7, 6], "car_4537": [6, 1], "car_2526": [11, 1], "car_4370": [14, 5], "car_1830": [0, 5], "car_3574": [10, 0], "car_4033": [5, 6], "car_2673": [5, 1], "car_3575": [14, 7], "car_4364": [13, 0], "car_2962": [2, 3], "car_3576": [9, 6], "car_4497": [0, 6], "car_2570": [11, 1], "car_4249": [13, 4], "car_4536": [2, 1], "car_2681": [10, 6], "car_4248": [9, 0], "car_2999": [1, 2], "car_4360": [1, 6], "car_2420": [13, 7], "car_4371": [2, 3], "car_4361": [5, 3], "car_2963": [6, 1], "car_4490": [8, 1], "car_3899": [14, 2], "car_4491": [12, 4], "car_4539": [13, 0], "car_3929": [9, 4], "car_2680": [5, 3], "car_2854": [8, 1], "car_3800": [14, 4], "car_4387": [2, 4], "car_2964": [13, 5], "car_4071": [11, 5], "car_4072": [15, 2], "car_4073": [1, 7], "car_4074": [5, 6], "car_4075": [14, 3], "car_4076": [6, 4], "car_4077": [9, 0], "car_4078": [13, 2], "car_4079": [7, 6], "car_4538": [9, 5], "car_3928": [6, 1], "car_2683": [9, 2], "car_3913": [14, 1], "car_4245": [10, 7], "car_3801": [6, 1], "car_4244": [15, 5], "car_1932": [12, 1], "car_1933": [0, 6], "car_1930": [7, 4], "car_1931": [8, 7], "car_1936": [2, 0], "car_1937": [6, 7], "car_1934": [11, 6], "car_1935": [10, 2], "car_1938": [7, 4], "car_1939": [8, 5], "car_2682": [6, 2], "car_4453": [5, 6], "car_4401": [7, 0], "car_3802": [13, 5], "car_1717": [2, 3], "car_4385": [10, 7], "car_4214": [1, 4], "car_4215": [5, 2], "car_4216": [14, 0], "car_4217": [13, 3], "car_1338": [11, 5], "car_1339": [1, 3], "car_4212": [11, 6], "car_4213": [15, 4], "car_1334": [7, 0], "car_1335": [8, 0], "car_1336": [12, 3], "car_1337": [4, 3], "car_1330": [1, 7], "car_1331": [5, 0], "car_1332": [10, 1], "car_1333": [6, 4], "car_4184": [6, 3], "car_4185": [3, 5], "car_4186": [12, 4], "car_4187": [15, 2], "car_3803": [11, 3], "car_4181": [11, 1], "car_4182": [15, 6], "car_4183": [5, 7], "car_1711": [7, 4], "car_4188": [1, 7], "car_4189": [10, 1], "car_2998": [4, 0], "car_3877": [11, 0], "car_4403": [1, 5], "car_358": [14, 2], "car_359": [8, 0], "car_1804": [14, 5], "car_1805": [6, 4], "car_1802": [1, 5], "car_1803": [5, 3], "car_1800": [11, 3], "car_1801": [15, 5], "car_350": [13, 3], "car_351": [3, 0], "car_352": [7, 5], "car_353": [8, 7], "car_354": [12, 0], "car_355": [4, 7], "car_356": [11, 4], "car_357": [10, 5], "car_1482": [12, 7], "car_1483": [15, 2], "car_1480": [7, 2], "car_1481": [8, 4], "car_1486": [9, 6], "car_1487": [0, 3], "car_1484": [5, 1], "car_1485": [6, 7], "car_4320": [6, 5], "car_4321": [9, 2], "car_1488": [4, 1], "car_1489": [11, 5], "car_4324": [7, 2], "car_4325": [0, 7], "car_4326": [5, 2], "car_4327": [6, 7], "car_1240": [9, 6], "car_1241": [3, 1], "car_1242": [7, 2], "car_1243": [1, 2], "car_1244": [5, 4], "car_1245": [10, 0], "car_1246": [2, 4], "car_1247": [9, 7], "car_1248": [8, 7], "car_1249": [4, 7], "car_4692": [10, 2], "car_4693": [6, 5], "car_4694": [3, 6], "car_4695": [7, 4], "car_4621": [6, 1], "car_4697": [12, 4], "car_1747": [5, 3], "car_3977": [1, 5], "car_3642": [4, 5], "car_3879": [2, 5], "car_4681": [5, 7], "car_4339": [7, 4], "car_3806": [3, 5], "car_3878": [10, 6], "car_2374": [1, 0], "car_1879": [13, 6], "car_2917": [0, 3], "car_2916": [12, 4], "car_2911": [14, 2], "car_2910": [10, 1], "car_2913": [3, 5], "car_2912": [2, 7], "car_2919": [11, 1], "car_2918": [4, 5], "car_4447": [2, 7], "car_3804": [1, 7], "car_2049": [9, 6], "car_2048": [2, 7], "car_2047": [10, 6], "car_2046": [1, 7], "car_2045": [11, 4], "car_2044": [4, 6], "car_2043": [0, 1], "car_2042": [12, 6], "car_2041": [3, 7], "car_2040": [6, 7], "car_1064": [15, 5], "car_1065": [1, 0], "car_1066": [10, 7], "car_1067": [2, 7], "car_1060": [7, 2], "car_1061": [8, 3], "car_1062": [12, 2], "car_1063": [11, 4], "car_2685": [8, 7], "car_2684": [3, 1], "car_2687": [11, 6], "car_2686": [0, 2], "car_1068": [3, 6], "car_1069": [8, 5], "car_1798": [13, 1], "car_1799": [3, 5], "car_4629": [6, 7], "car_3701": [5, 7], "car_4059": [15, 3], "car_4628": [2, 4], "car_3808": [2, 5], "car_10": [10, 2], "car_11": [14, 0], "car_12": [2, 1], "car_13": [9, 7], "car_14": [13, 2], "car_15": [12, 1], "car_16": [0, 5], "car_17": [11, 7], "car_18": [15, 7], "car_19": [1, 0], "car_3406": [9, 3], "car_3407": [13, 0], "car_3400": [0, 6], "car_3401": [4, 1], "car_3402": [11, 0], "car_3403": [1, 7], "car_2461": [15, 6], "car_2460": [0, 1], "car_1668": [7, 4], "car_1669": [11, 0], "car_2465": [9, 1], "car_2464": [6, 2], "car_2467": [7, 5], "car_2466": [13, 2], "car_1662": [5, 4], "car_1663": [10, 1], "car_1660": [0, 4], "car_1661": [11, 0], "car_1666": [13, 5], "car_1667": [3, 2], "car_1664": [2, 7], "car_1665": [9, 2], "car_1468": [11, 5], "car_1469": [15, 1], "car_1460": [2, 6], "car_1461": [9, 5], "car_1462": [13, 0], "car_1463": [7, 6], "car_1464": [8, 2], "car_1465": [12, 6], "car_1466": [0, 7], "car_1467": [4, 7], "car_3930": [8, 4], "car_2699": [11, 6], "car_3717": [10, 1], "car_2869": [0, 3], "car_2868": [9, 5], "car_2865": [5, 3], "car_2864": [15, 7], "car_2867": [6, 1], "car_2866": [10, 0], "car_2861": [12, 6], "car_2860": [3, 7], "car_2863": [11, 0], "car_2862": [4, 7], "car_3712": [5, 3], "car_2648": [14, 4], "car_3713": [10, 2], "car_3931": [12, 4], "car_422": [4, 6], "car_423": [15, 3], "car_420": [8, 7], "car_421": [12, 3], "car_426": [10, 2], "car_427": [3, 4], "car_424": [1, 0], "car_425": [5, 4], "car_3318": [8, 6], "car_3319": [11, 6], "car_428": [7, 3], "car_429": [8, 1], "car_2377": [3, 7], "car_2267": [3, 1], "car_2266": [10, 7], "car_2265": [5, 6], "car_2264": [4, 3], "car_2263": [12, 0], "car_2262": [8, 0], "car_2261": [3, 7], "car_2260": [6, 3], "car_2371": [12, 0], "car_3932": [0, 1], "car_2269": [8, 5], "car_2268": [7, 5], "car_4562": [5, 3], "car_3798": [1, 5], "car_2373": [15, 5], "car_4563": [10, 3], "car_3794": [12, 4], "car_3795": [0, 7], "car_3796": [4, 0], "car_2372": [0, 2], "car_2008": [3, 5], "car_3791": [9, 6], "car_3792": [13, 0], "car_3793": [7, 1], "car_4561": [11, 0], "car_4566": [8, 7], "car_2370": [8, 6], "car_3486": [7, 5], "car_4567": [4, 3], "car_3487": [8, 1], "car_4564": [3, 0], "car_4565": [7, 1], "car_3224": [3, 7], "car_3225": [8, 6], "car_2319": [15, 7], "car_2318": [11, 3], "car_3220": [11, 7], "car_3221": [5, 2], "car_518": [5, 4], "car_519": [6, 2], "car_516": [15, 7], "car_517": [1, 7], "car_514": [4, 5], "car_515": [11, 1], "car_512": [8, 2], "car_513": [12, 2], "car_510": [3, 5], "car_511": [7, 4], "car_4402": [12, 5], "car_4405": [13, 2], "car_4209": [3, 5], "car_1870": [9, 1], "car_3589": [11, 2], "car_4407": [12, 6], "car_3935": [1, 3], "car_2692": [4, 3], "car_3488": [11, 0], "car_2444": [3, 2], "car_4406": [3, 4], "car_3469": [9, 0], "car_3489": [15, 2], "car_633": [4, 3], "car_632": [12, 4], "car_631": [3, 1], "car_630": [6, 2], "car_637": [7, 1], "car_636": [3, 4], "car_635": [1, 5], "car_634": [11, 6], "car_2675": [9, 5], "car_639": [0, 3], "car_638": [12, 7], "car_4531": [3, 7], "car_3588": [4, 0], "car_3138": [1, 7], "car_3139": [5, 0], "car_3936": [10, 2], "car_2693": [11, 6], "car_3130": [4, 5], "car_3131": [5, 0], "car_3132": [6, 1], "car_3133": [13, 0], "car_3134": [3, 2], "car_3135": [7, 3], "car_3136": [8, 3], "car_3137": [15, 4], "car_4570": [8, 3], "car_189": [8, 6], "car_188": [3, 5], "car_185": [5, 3], "car_184": [1, 6], "car_187": [14, 0], "car_186": [10, 0], "car_181": [8, 3], "car_180": [7, 4], "car_183": [0, 1], "car_182": [12, 5], "car_3938": [6, 0], "car_749": [1, 5], "car_748": [15, 2], "car_747": [11, 0], "car_746": [4, 5], "car_745": [12, 5], "car_744": [3, 4], "car_743": [13, 4], "car_742": [2, 6], "car_741": [5, 7], "car_740": [1, 0], "car_2131": [5, 4], "car_4529": [14, 5], "car_3939": [13, 0], "car_3724": [2, 1], "car_4062": [10, 4], "car_4061": [5, 1], "car_4060": [1, 2], "car_4067": [13, 2], "car_4066": [9, 6], "car_4065": [6, 5], "car_4064": [2, 5], "car_4069": [0, 5], "car_4068": [3, 2], "car_3316": [3, 2], "car_2618": [13, 6], "car_3584": [3, 0], "car_4526": [7, 1], "car_299": [3, 0], "car_298": [9, 0], "car_1927": [9, 7], "car_1926": [10, 7], "car_1921": [8, 0], "car_1920": [6, 0], "car_1923": [15, 1], "car_1922": [12, 5], "car_291": [12, 2], "car_290": [3, 1], "car_293": [1, 4], "car_292": [11, 0], "car_295": [10, 3], "car_294": [5, 7], "car_297": [2, 1], "car_296": [14, 5], "car_4527": [0, 5], "car_3852": [2, 7], "car_4207": [9, 6], "car_4206": [14, 6], "car_4205": [10, 2], "car_4204": [5, 4], "car_4203": [1, 6], "car_4202": [11, 0], "car_1329": [11, 0], "car_1328": [4, 1], "car_1327": [0, 6], "car_1326": [7, 0], "car_1325": [9, 3], "car_1324": [6, 4], "car_1323": [2, 5], "car_1322": [14, 2], "car_1321": [10, 5], "car_1320": [15, 4], "car_4197": [1, 2], "car_4196": [15, 1], "car_4195": [4, 1], "car_4194": [0, 1], "car_4193": [12, 3], "car_4192": [7, 3], "car_4191": [13, 0], "car_4190": [2, 0], "car_3721": [3, 0], "car_4199": [14, 0], "car_4198": [5, 2], "car_365": [14, 6], "car_364": [10, 6], "car_367": [12, 7], "car_366": [7, 5], "car_361": [15, 1], "car_360": [11, 7], "car_363": [5, 7], "car_362": [1, 6], "car_1811": [9, 1], "car_1810": [6, 7], "car_1813": [3, 1], "car_1812": [13, 6], "car_369": [11, 5], "car_368": [4, 2], "car_1817": [15, 5], "car_1816": [0, 1], "car_167": [2, 3], "car_166": [14, 0], "car_165": [10, 0], "car_164": [5, 6], "car_163": [11, 2], "car_162": [4, 6], "car_161": [3, 7], "car_160": [13, 4], "car_3720": [13, 5], "car_4669": [14, 6], "car_4668": [10, 0], "car_169": [13, 1], "car_168": [6, 0], "car_1495": [3, 1], "car_1494": [2, 7], "car_1497": [8, 5], "car_1496": [7, 1], "car_1491": [1, 7], "car_1490": [15, 1], "car_1493": [14, 7], "car_1492": [5, 6], "car_4333": [1, 0], "car_4332": [15, 5], "car_4331": [11, 7], "car_4330": [4, 2], "car_1499": [11, 3], "car_1498": [4, 2], "car_3580": [15, 2], "car_4334": [10, 5], "car_1253": [3, 5], "car_1252": [13, 3], "car_1251": [10, 2], "car_1250": [15, 4], "car_1257": [4, 2], "car_1256": [0, 3], "car_1255": [8, 4], "car_1254": [7, 6], "car_4683": [2, 1], "car_2850": [14, 4], "car_1259": [1, 2], "car_1258": [15, 2], "car_4687": [11, 3], "car_3622": [3, 6], "car_4685": [13, 4], "car_2851": [2, 3], "car_1868": [2, 7], "car_2852": [13, 2], "car_3624": [12, 0], "car_2853": [3, 7], "car_3583": [13, 4], "car_4672": [3, 1], "car_3248": [4, 1], "car_4523": [5, 2], "car_3626": [11, 1], "car_3627": [15, 7], "car_4210": [12, 0], "car_1789": [7, 0], "car_1788": [9, 7], "car_2070": [4, 6], "car_2071": [11, 1], "car_2076": [7, 5], "car_2077": [8, 7], "car_2074": [2, 3], "car_2075": [3, 5], "car_1781": [12, 0], "car_1780": [8, 7], "car_1783": [11, 2], "car_1782": [4, 7], "car_1785": [5, 7], "car_1784": [15, 2], "car_1787": [6, 1], "car_1786": [2, 3], "car_1077": [1, 6], "car_1076": [15, 4], "car_1075": [8, 6], "car_1074": [6, 4], "car_1073": [10, 2], "car_1072": [4, 0], "car_1071": [0, 3], "car_1070": [12, 7], "car_2678": [11, 1], "car_2679": [1, 6], "car_3520": [6, 5], "car_4211": [0, 6], "car_1079": [2, 5], "car_1078": [10, 5], "car_3981": [6, 0], "car_3257": [15, 3], "car_4337": [13, 2], "car_2139": [4, 0], "car_3256": [11, 2], "car_4521": [4, 7], "car_2034": [14, 3], "car_2300": [0, 1], "car_2035": [2, 6], "car_2301": [4, 2], "car_2032": [1, 3], "car_3706": [8, 4], "car_2033": [10, 6], "car_2996": [7, 6], "car_3419": [0, 3], "car_2138": [12, 1], "car_3417": [7, 1], "car_3416": [3, 5], "car_3415": [9, 5], "car_3414": [6, 4], "car_3413": [2, 0], "car_3412": [5, 2], "car_3411": [1, 3], "car_3410": [15, 3], "car_985": [11, 7], "car_984": [4, 6], "car_987": [5, 2], "car_986": [15, 1], "car_981": [9, 7], "car_980": [11, 5], "car_983": [8, 6], "car_982": [13, 1], "car_1675": [0, 2], "car_1674": [8, 7], "car_1677": [5, 6], "car_1676": [4, 3], "car_989": [13, 7], "car_988": [2, 7], "car_1673": [7, 6], "car_1672": [5, 6], "car_2784": [0, 2], "car_2785": [15, 0], "car_1479": [3, 5], "car_1478": [13, 2], "car_2780": [14, 4], "car_2781": [6, 2], "car_2782": [13, 3], "car_2783": [7, 4], "car_1473": [7, 2], "car_1472": [2, 0], "car_1471": [14, 5], "car_1470": [1, 7], "car_1477": [6, 2], "car_1476": [2, 6], "car_1475": [5, 0], "car_1474": [15, 5], "car_2890": [1, 6], "car_2891": [5, 4], "car_2892": [2, 6], "car_2893": [13, 3], "car_2894": [8, 7], "car_1743": [8, 4], "car_2896": [1, 5], "car_2897": [10, 2], "car_2898": [2, 4], "car_2899": [9, 0], "car_1742": [7, 3], "car_2990": [14, 4], "car_4673": [12, 3], "car_4581": [3, 4], "car_2528": [5, 0], "car_2529": [9, 5], "car_2258": [5, 2], "car_2259": [10, 2], "car_3307": [9, 7], "car_2689": [2, 0], "car_3305": [10, 1], "car_3304": [5, 3], "car_2252": [7, 2], "car_2253": [8, 7], "car_2250": [13, 3], "car_2251": [3, 5], "car_2256": [11, 2], "car_2257": [15, 2], "car_2254": [12, 7], "car_2255": [0, 2], "car_2098": [10, 5], "car_2099": [14, 4], "car_2090": [2, 1], "car_2091": [9, 7], "car_2092": [7, 4], "car_2093": [8, 1], "car_2094": [0, 7], "car_2095": [4, 0], "car_2096": [11, 5], "car_2097": [5, 1], "car_3789": [2, 4], "car_3788": [14, 0], "car_2992": [6, 1], "car_3786": [15, 2], "car_3785": [4, 0], "car_3784": [0, 5], "car_3783": [8, 1], "car_3782": [9, 3], "car_3781": [6, 2], "car_3780": [14, 1], "car_4310": [5, 0], "car_3237": [2, 4], "car_3236": [14, 6], "car_569": [2, 1], "car_568": [10, 3], "car_3233": [8, 4], "car_3232": [7, 5], "car_2328": [5, 1], "car_2329": [10, 6], "car_563": [15, 7], "car_562": [4, 0], "car_561": [0, 4], "car_560": [7, 1], "car_567": [5, 1], "car_566": [11, 2], "car_565": [6, 4], "car_564": [5, 3], "car_3598": [10, 1], "car_2331": [13, 1], "car_3739": [10, 4], "car_4380": [7, 1], "car_3644": [14, 6], "car_620": [8, 0], "car_621": [0, 1], "car_622": [11, 2], "car_623": [1, 3], "car_624": [5, 7], "car_625": [6, 0], "car_626": [13, 3], "car_627": [3, 1], "car_628": [11, 2], "car_629": [15, 4], "car_4670": [2, 4], "car_1869": [6, 3], "car_3129": [0, 4], "car_3128": [12, 6], "car_4289": [15, 1], "car_3123": [9, 1], "car_3122": [6, 2], "car_3121": [2, 6], "car_3120": [15, 2], "car_3127": [8, 1], "car_3126": [7, 6], "car_3125": [3, 4], "car_3124": [13, 2], "car_4524": [10, 2], "car_3666": [10, 1], "car_1866": [10, 4], "car_1867": [14, 0], "car_3388": [13, 1], "car_198": [11, 6], "car_199": [15, 5], "car_2831": [8, 5], "car_192": [10, 5], "car_193": [6, 7], "car_190": [12, 7], "car_191": [1, 3], "car_196": [0, 1], "car_197": [4, 3], "car_194": [9, 7], "car_195": [8, 0], "car_3670": [4, 5], "car_758": [11, 2], "car_759": [15, 1], "car_754": [9, 3], "car_755": [13, 5], "car_756": [7, 6], "car_757": [0, 3], "car_750": [5, 1], "car_751": [6, 3], "car_752": [0, 1], "car_753": [15, 1], "car_1940": [0, 7], "car_3355": [0, 3], "car_4056": [12, 5], "car_4057": [0, 3], "car_4054": [2, 1], "car_4055": [13, 1], "car_2991": [2, 0], "car_4053": [5, 1], "car_4050": [11, 2], "car_4051": [15, 1], "car_3299": [7, 0], "car_4118": [11, 4], "car_4058": [11, 2], "car_3298": [13, 3], "car_286": [1, 7], "car_287": [14, 6], "car_284": [11, 5], "car_285": [15, 3], "car_282": [0, 7], "car_283": [4, 7], "car_280": [8, 4], "car_281": [12, 6], "car_3353": [13, 7], "car_1949": [1, 4], "car_288": [2, 5], "car_289": [13, 2], "car_3453": [5, 3], "car_1948": [4, 2], "car_2791": [0, 6], "car_3592": [10, 4], "car_3452": [4, 0], "car_4113": [13, 1], "car_3451": [12, 3], "car_4112": [9, 6], "car_4646": [8, 1], "car_3450": [3, 5], "car_4111": [2, 5], "car_3985": [8, 0], "car_4110": [11, 1], "car_3984": [7, 1], "car_1312": [11, 4], "car_1313": [15, 5], "car_1310": [0, 7], "car_1311": [4, 0], "car_1316": [10, 4], "car_1317": [2, 4], "car_1314": [1, 0], "car_1315": [5, 0], "car_4513": [6, 1], "car_1318": [7, 3], "car_1319": [11, 0], "car_2450": [9, 0], "car_3921": [15, 7], "car_2451": [3, 6], "car_2452": [8, 3], "car_372": [6, 5], "car_373": [9, 7], "car_370": [10, 3], "car_371": [2, 6], "car_376": [8, 0], "car_377": [4, 3], "car_374": [13, 1], "car_375": [3, 5], "car_1864": [11, 1], "car_1865": [15, 7], "car_378": [11, 4], "car_379": [15, 2], "car_1860": [13, 6], "car_1861": [3, 2], "car_1862": [8, 7], "car_1863": [0, 2], "car_174": [10, 0], "car_175": [14, 3], "car_176": [2, 4], "car_177": [6, 1], "car_170": [12, 1], "car_171": [0, 1], "car_172": [11, 0], "car_173": [5, 1], "car_2457": [14, 1], "car_178": [13, 1], "car_179": [3, 7], "car_2338": [2, 5], "car_4511": [1, 7], "car_4308": [4, 0], "car_4309": [11, 5], "car_4306": [8, 2], "car_4307": [12, 0], "car_4304": [13, 6], "car_3697": [7, 5], "car_4302": [14, 3], "car_4303": [2, 0], "car_4300": [11, 3], "car_4301": [15, 3], "car_1266": [4, 0], "car_1267": [14, 4], "car_1264": [3, 4], "car_1265": [7, 6], "car_1262": [2, 0], "car_1263": [9, 0], "car_1260": [5, 4], "car_1261": [14, 3], "car_2949": [0, 6], "car_1268": [9, 4], "car_1269": [13, 3], "car_3581": [14, 0], "car_4510": [11, 5], "car_3749": [4, 6], "car_3371": [9, 3], "car_2406": [6, 1], "car_3979": [5, 6], "car_4238": [3, 6], "car_4239": [7, 3], "car_4232": [1, 6], "car_4233": [5, 2], "car_4230": [4, 5], "car_4231": [15, 4], "car_4236": [6, 5], "car_4237": [9, 3], "car_4234": [10, 3], "car_4235": [14, 6], "car_2065": [5, 0], "car_2064": [15, 4], "car_1048": [7, 4], "car_1049": [0, 7], "car_2061": [8, 1], "car_2060": [7, 0], "car_2063": [11, 2], "car_2062": [12, 0], "car_1042": [11, 3], "car_1043": [1, 6], "car_1040": [3, 4], "car_1041": [0, 7], "car_1046": [2, 3], "car_1047": [9, 5], "car_1044": [5, 2], "car_1045": [14, 1], "car_2663": [15, 7], "car_2662": [12, 2], "car_2661": [8, 6], "car_2660": [7, 0], "car_2667": [7, 5], "car_2666": [13, 4], "car_2665": [10, 2], "car_2664": [5, 2], "car_2669": [0, 6], "car_2668": [12, 0], "car_4548": [7, 1], "car_4522": [15, 3], "car_4516": [15, 2], "car_3528": [1, 7], "car_2404": [15, 4], "car_4265": [9, 2], "car_3582": [9, 3], "car_4515": [7, 5], "car_3422": [5, 7], "car_3423": [10, 1], "car_78": [2, 3], "car_79": [13, 6], "car_3426": [6, 5], "car_3427": [9, 5], "car_3424": [14, 2], "car_3425": [2, 1], "car_72": [12, 3], "car_73": [4, 5], "car_70": [3, 6], "car_71": [8, 2], "car_76": [5, 0], "car_77": [10, 5], "car_74": [11, 3], "car_75": [15, 1], "car_992": [12, 3], "car_993": [11, 1], "car_990": [3, 5], "car_991": [8, 1], "car_996": [6, 2], "car_997": [13, 6], "car_994": [1, 7], "car_995": [10, 1], "car_1688": [9, 3], "car_1689": [13, 3], "car_998": [8, 5], "car_999": [12, 6], "car_2409": [0, 7], "car_2408": [13, 2], "car_2797": [9, 2], "car_2796": [6, 2], "car_2795": [14, 3], "car_2794": [5, 7], "car_2793": [1, 2], "car_2792": [11, 0], "car_1448": [15, 1], "car_1449": [1, 5], "car_1446": [4, 0], "car_1447": [11, 5], "car_1444": [7, 5], "car_1445": [12, 3], "car_1442": [6, 2], "car_1443": [3, 5], "car_1440": [11, 0], "car_1441": [10, 4], "car_2883": [12, 0], "car_2882": [3, 7], "car_2881": [13, 2], "car_2798": [3, 5], "car_2887": [8, 5], "car_2886": [7, 4], "car_2885": [13, 0], "car_2884": [9, 6], "car_2889": [15, 2], "car_2888": [11, 4], "car_3686": [5, 7], "car_3687": [10, 5], "car_3684": [11, 7], "car_3685": [15, 3], "car_2401": [12, 5], "car_3683": [0, 7], "car_3680": [9, 0], "car_3681": [13, 3], "car_2986": [6, 5], "car_3688": [14, 4], "car_3689": [2, 6], "car_3336": [5, 1], "car_3337": [10, 5], "car_2539": [4, 5], "car_2538": [0, 4], "car_2249": [9, 4], "car_2248": [2, 3], "car_3330": [6, 4], "car_3331": [9, 4], "car_2245": [0, 7], "car_2244": [12, 7], "car_2247": [14, 7], "car_2246": [15, 2], "car_2241": [10, 5], "car_2240": [5, 1], "car_2243": [2, 1], "car_2242": [14, 7], "car_2089": [14, 0], "car_2088": [10, 4], "car_3873": [13, 5], "car_2083": [2, 5], "car_2082": [14, 3], "car_2081": [5, 1], "car_2080": [15, 1], "car_2087": [11, 6], "car_2086": [8, 5], "car_2085": [7, 3], "car_2084": [13, 5], "car_3180": [4, 2], "car_3183": [1, 7], "car_4676": [1, 5], "car_3239": [7, 4], "car_2984": [1, 7], "car_3758": [7, 1], "car_3759": [8, 0], "car_3208": [13, 5], "car_3209": [3, 4], "car_4336": [6, 4], "car_3868": [5, 3], "car_3202": [12, 3], "car_3203": [15, 1], "car_3200": [7, 3], "car_3186": [14, 5], "car_3206": [6, 5], "car_3207": [9, 7], "car_3204": [5, 1], "car_3205": [10, 1], "car_578": [3, 7], "car_579": [7, 1], "car_2333": [7, 6], "car_2332": [3, 2], "car_2335": [0, 3], "car_2334": [12, 6], "car_2337": [14, 1], "car_553": [4, 6], "car_570": [6, 0], "car_571": [3, 4], "car_572": [4, 5], "car_573": [11, 7], "car_574": [1, 3], "car_806": [10, 6], "car_576": [14, 0], "car_577": [9, 1], "car_4115": [8, 1], "car_807": [14, 2], "car_800": [6, 7], "car_801": [9, 3], "car_4152": [9, 3], "car_802": [3, 6], "car_4508": [12, 0], "car_4400": [3, 2], "car_2192": [0, 4], "car_803": [7, 0], "car_2067": [6, 4], "car_2066": [10, 2], "car_619": [9, 4], "car_618": [6, 5], "car_3377": [2, 7], "car_615": [0, 3], "car_614": [12, 0], "car_617": [1, 6], "car_616": [11, 5], "car_611": [9, 1], "car_610": [6, 0], "car_613": [8, 7], "car_612": [13, 7], "car_2151": [12, 0], "car_3775": [6, 5], "car_4509": [0, 4], "car_3118": [13, 0], "car_3119": [11, 3], "car_3116": [0, 6], "car_3117": [2, 7], "car_3114": [7, 5], "car_3115": [8, 0], "car_3112": [6, 5], "car_3113": [9, 6], "car_3110": [14, 3], "car_3111": [2, 7], "car_2704": [4, 7], "car_4674": [4, 5], "car_2705": [11, 3], "car_4586": [1, 5], "car_3678": [10, 2], "car_2706": [15, 3], "car_4591": [7, 5], "car_2150": [2, 4], "car_4555": [2, 0], "car_2707": [1, 5], "car_2069": [8, 1], "car_2068": [13, 3], "car_2702": [8, 0], "car_2703": [0, 3], "car_4632": [12, 4], "car_769": [10, 0], "car_768": [15, 6], "car_2567": [3, 4], "car_4545": [9, 4], "car_761": [14, 5], "car_760": [10, 5], "car_763": [6, 2], "car_762": [2, 1], "car_765": [8, 1], "car_764": [7, 4], "car_767": [0, 1], "car_766": [12, 5], "car_2216": [9, 2], "car_4428": [9, 3], "car_2217": [4, 0], "car_4540": [8, 5], "car_2330": [2, 3], "car_2214": [14, 2], "car_4541": [0, 7], "car_4070": [4, 2], "car_2215": [2, 3], "car_4542": [15, 6], "car_2212": [1, 7], "car_4543": [1, 6], "car_2213": [5, 4], "car_4424": [5, 0], "car_4423": [1, 6], "car_2210": [12, 4], "car_4422": [4, 1], "car_4151": [6, 3], "car_2211": [0, 3], "car_575": [5, 6], "car_3374": [4, 3], "car_4549": [8, 2], "car_4201": [4, 5], "car_4425": [10, 1], "car_4381": [12, 0], "car_4142": [1, 2], "car_1305": [1, 4], "car_1304": [15, 4], "car_1307": [10, 5], "car_1306": [5, 4], "car_1301": [12, 0], "car_1300": [8, 3], "car_1303": [11, 3], "car_1302": [4, 5], "car_4675": [11, 6], "car_3909": [7, 1], "car_1309": [3, 5], "car_1308": [2, 1], "car_3832": [2, 1], "car_3760": [12, 2], "car_389": [12, 1], "car_388": [7, 1], "car_387": [10, 7], "car_386": [5, 2], "car_385": [1, 4], "car_384": [15, 6], "car_383": [4, 7], "car_382": [3, 5], "car_381": [13, 3], "car_380": [6, 1], "car_141": [3, 0], "car_140": [9, 4], "car_143": [8, 4], "car_142": [7, 2], "car_145": [0, 5], "car_144": [12, 0], "car_147": [2, 4], "car_146": [14, 7], "car_149": [9, 2], "car_148": [6, 1], "car_4043": [1, 0], "car_4042": [11, 4], "car_2407": [9, 6], "car_4044": [14, 5], "car_4047": [3, 7], "car_4046": [6, 4], "car_1279": [5, 2], "car_1278": [15, 4], "car_4313": [3, 5], "car_4312": [13, 4], "car_4315": [8, 7], "car_4314": [7, 6], "car_4317": [0, 5], "car_4316": [12, 2], "car_1271": [0, 6], "car_1270": [8, 5], "car_1273": [5, 7], "car_1272": [1, 2], "car_1275": [3, 1], "car_1274": [10, 0], "car_1277": [12, 4], "car_1276": [8, 4], "car_2326": [4, 7], "car_4501": [1, 0], "car_2847": [11, 7], "car_3671": [1, 4], "car_2327": [11, 7], "car_4502": [5, 0], "car_4229": [12, 3], "car_4228": [8, 1], "car_4305": [3, 4], "car_4225": [5, 1], "car_3912": [11, 1], "car_4227": [3, 5], "car_4226": [14, 6], "car_4221": [0, 4], "car_4220": [12, 7], "car_4223": [15, 5], "car_4222": [4, 2], "car_3491": [6, 7], "car_1059": [6, 1], "car_1058": [2, 7], "car_1055": [8, 1], "car_1054": [2, 1], "car_1057": [14, 6], "car_1056": [15, 5], "car_1051": [11, 1], "car_1050": [4, 5], "car_1053": [14, 2], "car_1052": [10, 0], "car_2656": [11, 2], "car_2657": [1, 2], "car_2654": [0, 1], "car_2655": [4, 0], "car_2652": [7, 2], "car_2653": [12, 6], "car_2650": [9, 5], "car_2651": [13, 6], "car_4439": [11, 4], "car_2415": [6, 3], "car_2658": [9, 2], "car_2659": [3, 2], "car_3490": [5, 3], "car_4588": [10, 6], "car_3790": [6, 1], "car_4035": [14, 0], "car_4689": [2, 7], "car_2416": [3, 7], "car_69": [6, 3], "car_68": [5, 7], "car_2438": [15, 4], "car_2439": [1, 5], "car_3431": [0, 5], "car_3430": [8, 6], "car_3433": [1, 0], "car_3432": [11, 5], "car_61": [5, 4], "car_60": [15, 2], "car_63": [9, 3], "car_62": [10, 0], "car_65": [8, 6], "car_64": [7, 0], "car_67": [1, 5], "car_66": [11, 0], "car_1693": [4, 2], "car_1692": [12, 1], "car_1691": [8, 3], "car_1690": [3, 1], "car_1697": [5, 4], "car_1696": [1, 5], "car_969": [15, 1], "car_968": [11, 4], "car_967": [4, 0], "car_966": [7, 5], "car_965": [6, 2], "car_964": [10, 5], "car_963": [5, 4], "car_962": [1, 5], "car_961": [0, 7], "car_960": [1, 7], "car_1451": [10, 1], "car_1450": [5, 4], "car_1453": [3, 1], "car_1452": [14, 0], "car_1455": [8, 7], "car_1454": [7, 3], "car_1457": [11, 2], "car_1456": [0, 1], "car_1459": [5, 3], "car_1458": [1, 0], "car_4506": [7, 6], "car_3937": [14, 7], "car_3707": [0, 5], "car_3541": [11, 2], "car_2410": [4, 7], "car_2837": [9, 4], "car_4449": [8, 6], "car_3428": [13, 3], "car_3329": [2, 0], "car_3328": [10, 6], "car_3429": [3, 7], "car_3175": [10, 1], "car_3321": [9, 3], "car_3320": [10, 7], "car_3323": [12, 4], "car_3322": [7, 6], "car_3325": [15, 6], "car_3279": [7, 0], "car_3327": [5, 4], "car_3326": [1, 5], "car_3278": [3, 1], "car_2411": [5, 7], "car_3547": [9, 3], "car_2508": [13, 3], "car_2509": [3, 1], "car_2506": [2, 4], "car_2507": [6, 5], "car_2504": [5, 6], "car_2505": [10, 0], "car_2502": [11, 2], "car_2503": [15, 1], "car_2500": [8, 3], "car_2501": [0, 7], "car_2737": [9, 0], "car_1680": [3, 1], "car_1681": [7, 2], "car_4009": [1, 5], "car_3705": [3, 5], "car_3173": [1, 6], "car_1682": [8, 5], "car_1683": [12, 5], "car_4442": [13, 7], "car_3903": [15, 2], "car_3272": [7, 4], "car_1684": [4, 6], "car_2736": [2, 1], "car_1685": [11, 0], "car_1891": [14, 1], "car_3270": [9, 1], "car_1686": [1, 3], "car_1890": [5, 0], "car_3704": [9, 5], "car_1687": [5, 0], "car_1893": [9, 2], "car_545": [11, 2], "car_544": [12, 7], "car_547": [14, 2], "car_546": [1, 6], "car_541": [1, 6], "car_540": [7, 1], "car_543": [13, 2], "car_542": [9, 4], "car_3215": [14, 0], "car_1895": [12, 3], "car_3217": [3, 6], "car_3216": [9, 7], "car_549": [9, 1], "car_548": [6, 3], "car_819": [11, 7], "car_818": [4, 2], "car_2344": [5, 0], "car_2345": [13, 4], "car_2346": [7, 6], "car_2347": [12, 7], "car_2340": [7, 2], "car_1897": [4, 1], "car_2342": [0, 3], "car_2343": [4, 3], "car_2405": [1, 0], "car_1896": [0, 5], "car_2348": [11, 6], "car_2349": [15, 1], "car_3699": [12, 2], "car_3698": [8, 7], "car_3691": [13, 3], "car_3690": [9, 0], "car_3693": [1, 7], "car_3692": [4, 0], "car_3695": [14, 1], "car_3694": [5, 0], "car_33": [8, 1], "car_3696": [2, 5], "car_1767": [4, 0], "car_3702": [14, 2], "car_1766": [8, 2], "car_4682": [14, 3], "car_4218": [3, 1], "car_1765": [7, 5], "car_4219": [7, 2], "car_3498": [14, 0], "car_608": [14, 6], "car_609": [2, 5], "car_2941": [0, 4], "car_602": [3, 6], "car_603": [4, 7], "car_600": [9, 4], "car_601": [13, 2], "car_606": [1, 7], "car_607": [5, 6], "car_604": [11, 1], "car_605": [15, 3], "car_3101": [9, 7], "car_3100": [1, 3], "car_3103": [3, 2], "car_3102": [13, 7], "car_3105": [8, 1], "car_1761": [1, 2], "car_3107": [0, 1], "car_3106": [12, 7], "car_3109": [5, 7], "car_3108": [4, 5], "car_1760": [15, 3], "car_4350": [4, 3], "car_4180": [0, 6], "car_2799": [11, 5], "car_3700": [11, 7], "car_4433": [15, 2], "car_776": [14, 4], "car_777": [2, 0], "car_774": [5, 7], "car_775": [10, 2], "car_772": [4, 0], "car_773": [1, 7], "car_770": [2, 4], "car_771": [12, 3], "car_4551": [1, 7], "car_1768": [15, 5], "car_778": [8, 4], "car_779": [12, 2], "car_4468": [7, 1], "car_4434": [1, 2], "car_2418": [0, 6], "car_2880": [14, 6], "car_4338": [3, 7], "car_1750": [15, 1], "car_3941": [12, 4], "car_4448": [6, 2], "car_3940": [3, 0], "car_4686": [3, 5], "car_4435": [5, 4], "car_2419": [1, 4], "car_3293": [15, 6], "car_4383": [15, 2], "car_4436": [14, 0], "car_3664": [15, 5], "car_3292": [11, 3], "car_3949": [12, 5], "car_3948": [3, 0], "car_4547": [3, 6], "car_4532": [0, 1], "car_4684": [6, 5], "car_4437": [3, 2], "car_3251": [14, 5], "car_1994": [4, 1], "car_1995": [15, 2], "car_1996": [1, 5], "car_1997": [5, 1], "car_1990": [7, 6], "car_1991": [8, 3], "car_1992": [12, 3], "car_1993": [0, 4], "car_4148": [12, 6], "car_4149": [4, 3], "car_1998": [10, 0], "car_1999": [14, 3], "car_2846": [8, 5], "car_4499": [11, 5], "car_3682": [3, 6], "car_3250": [5, 1], "car_3728": [3, 1], "car_1842": [14, 2], "car_1806": [3, 5], "car_1840": [15, 7], "car_1841": [5, 6], "car_398": [12, 0], "car_399": [0, 2], "car_1844": [6, 1], "car_1807": [8, 2], "car_394": [10, 5], "car_395": [2, 1], "car_396": [9, 1], "car_397": [3, 0], "car_390": [4, 1], "car_391": [15, 0], "car_392": [1, 7], "car_393": [5, 2], "car_4369": [11, 5], "car_3725": [6, 0], "car_4671": [13, 3], "car_4038": [13, 2], "car_4039": [7, 6], "car_158": [6, 0], "car_159": [9, 3], "car_156": [10, 2], "car_157": [2, 6], "car_154": [15, 6], "car_155": [5, 6], "car_152": [8, 0], "car_153": [12, 1], "car_150": [3, 1], "car_151": [7, 4], "car_3667": [6, 2], "car_4365": [7, 2], "car_4366": [12, 1], "car_3726": [9, 4], "car_1208": [15, 3], "car_1209": [1, 5], "car_4362": [14, 1], "car_4363": [6, 5], "car_1204": [6, 1], "car_1205": [13, 4], "car_1206": [0, 2], "car_1207": [11, 5], "car_1200": [1, 6], "car_1201": [5, 1], "car_1202": [10, 2], "car_1203": [2, 1], "car_4171": [7, 2], "car_2601": [6, 1], "car_2403": [4, 5], "car_4170": [13, 2], "car_3252": [2, 3], "car_3926": [4, 6], "car_3722": [7, 6], "car_4678": [9, 5], "car_3660": [6, 4], "car_4172": [8, 7], "car_3334": [4, 5], "car_4174": [4, 0], "car_3708": [6, 1], "car_3335": [15, 4], "car_1808": [15, 7], "car_3255": [13, 6], "car_3332": [7, 1], "car_1809": [14, 2], "car_3661": [12, 1], "car_3333": [12, 5], "car_2649": [6, 3], "car_2612": [3, 4], "car_4568": [15, 7], "car_4438": [7, 6], "car_2613": [4, 0], "car_2641": [5, 4], "car_2640": [11, 5], "car_2643": [4, 2], "car_2642": [14, 5], "car_2645": [15, 4], "car_2644": [11, 2], "car_2647": [5, 7], "car_2646": [1, 5], "car_1510": [4, 3], "car_1511": [11, 6], "car_1512": [15, 6], "car_1513": [5, 3], "car_1514": [10, 2], "car_1515": [14, 5], "car_1516": [6, 4], "car_1517": [8, 4], "car_1518": [0, 4], "car_1519": [4, 1], "car_3662": [4, 1], "car_2531": [4, 2], "car_2965": [0, 5], "car_2530": [0, 6], "car_2966": [11, 3], "car_3366": [11, 7], "car_2537": [8, 1], "car_2967": [15, 3], "car_2536": [9, 7], "car_2968": [5, 4], "car_2855": [0, 5], "car_1198": [9, 1], "car_1199": [11, 4], "car_2969": [10, 0], "car_1194": [12, 6], "car_1195": [4, 1], "car_1196": [11, 7], "car_1197": [6, 5], "car_1190": [14, 4], "car_1191": [9, 6], "car_1192": [13, 6], "car_1193": [8, 1], "car_3916": [4, 3], "car_3917": [5, 0], "car_3914": [2, 0], "car_2619": [3, 1], "car_2429": [8, 5], "car_2428": [3, 7], "car_3910": [8, 1], "car_3911": [4, 3], "car_2425": [1, 7], "car_2424": [15, 4], "car_2427": [9, 0], "car_2426": [6, 7], "car_2421": [3, 2], "car_2126": [12, 1], "car_2423": [11, 5], "car_2422": [0, 6], "car_2856": [15, 7], "car_2127": [0, 5], "car_978": [12, 4], "car_979": [4, 5], "car_974": [9, 3], "car_975": [3, 1], "car_976": [7, 4], "car_977": [8, 0], "car_970": [1, 7], "car_971": [5, 2], "car_972": [10, 5], "car_973": [2, 3], "car_1424": [11, 5], "car_1425": [15, 6], "car_1426": [1, 4], "car_1427": [5, 7], "car_1420": [9, 6], "car_1421": [13, 0], "car_1422": [8, 2], "car_1423": [0, 6], "car_2402": [0, 5], "car_1428": [14, 0], "car_1429": [6, 4], "car_2857": [1, 0], "car_3259": [6, 1], "car_4335": [14, 3], "car_3593": [9, 3], "car_3358": [10, 0], "car_3359": [6, 5], "car_3354": [3, 7], "car_2128": [4, 7], "car_3356": [4, 6], "car_3357": [1, 0], "car_3350": [15, 5], "car_3258": [1, 3], "car_3352": [6, 4], "car_2129": [15, 6], "car_2511": [4, 7], "car_2510": [7, 2], "car_2513": [15, 0], "car_2512": [11, 3], "car_2515": [13, 2], "car_2514": [6, 1], "car_2517": [0, 7], "car_2516": [7, 1], "car_2519": [5, 3], "car_2518": [4, 7], "car_3590": [15, 3], "car_3591": [5, 6], "car_3596": [4, 2], "car_3597": [5, 3], "car_3594": [3, 6], "car_3595": [12, 0], "car_1738": [10, 3], "car_1739": [2, 5], "car_1730": [6, 3], "car_1731": [9, 4], "car_1732": [13, 3], "car_1733": [7, 2], "car_1734": [8, 1], "car_1735": [12, 0], "car_1736": [0, 4], "car_1737": [15, 5], "car_54": [10, 5], "car_55": [9, 5], "car_56": [12, 0], "car_57": [0, 3], "car_50": [0, 4], "car_51": [4, 0], "car_52": [11, 1], "car_53": [1, 3], "car_4507": [8, 4], "car_58": [4, 1], "car_59": [11, 7], "car_2609": [2, 7], "car_552": [0, 6], "car_805": [1, 6], "car_550": [13, 0], "car_551": [3, 0], "car_556": [10, 0], "car_557": [6, 7], "car_554": [11, 6], "car_555": [1, 2], "car_3776": [9, 4], "car_3777": [12, 2], "car_558": [9, 5], "car_559": [3, 2], "car_808": [6, 0], "car_809": [13, 5], "car_3770": [15, 6], "car_3771": [1, 7], "car_2357": [5, 0], "car_2356": [1, 2], "car_2355": [15, 5], "car_2354": [11, 4], "car_2353": [0, 7], "car_2352": [12, 2], "car_2351": [3, 4], "car_2350": [13, 5], "car_2359": [14, 5], "car_2358": [10, 4], "car_4117": [4, 5], "car_1757": [0, 4], "car_4445": [15, 7], "car_3672": [5, 4], "car_3710": [12, 4], "car_2339": [13, 6], "car_4690": [1, 4], "car_3709": [7, 1], "car_2469": [4, 7], "car_3174": [5, 1], "car_2915": [8, 5], "car_3176": [9, 5], "car_3177": [13, 3], "car_3170": [12, 3], "car_3171": [11, 7], "car_3172": [15, 5], "car_2914": [7, 2], "car_3178": [12, 2], "car_3179": [0, 2], "car_3711": [11, 3], "car_3369": [2, 1], "car_4691": [5, 4], "car_4359": [15, 7], "car_2468": [0, 1], "car_3437": [13, 2], "car_3747": [8, 0], "car_4328": [3, 6], "car_703": [10, 4], "car_702": [5, 4], "car_701": [1, 3], "car_700": [4, 3], "car_707": [13, 2], "car_706": [6, 1], "car_705": [2, 7], "car_704": [14, 7], "car_709": [7, 6], "car_708": [3, 1], "car_3436": [6, 3], "car_3008": [9, 2], "car_3009": [13, 4], "car_4329": [8, 5], "car_3000": [9, 4], "car_3001": [7, 2], "car_3002": [15, 3], "car_3003": [1, 6], "car_3004": [10, 2], "car_3005": [14, 1], "car_3006": [2, 6], "car_3007": [6, 4], "car_2221": [7, 2], "car_4353": [5, 1], "car_4247": [2, 7], "car_2308": [4, 0], "car_4116": [0, 4], "car_3619": [6, 7], "car_2400": [8, 6], "car_3751": [1, 7], "car_2309": [11, 0], "car_3201": [8, 2], "car_3754": [6, 3], "car_3755": [9, 3], "car_4496": [3, 0], "car_3756": [13, 6], "car_3757": [3, 7], "car_1987": [2, 6], "car_1986": [10, 6], "car_1985": [5, 7], "car_1984": [1, 7], "car_1983": [15, 6], "car_1982": [0, 1], "car_1981": [3, 1], "car_1980": [13, 1], "car_4159": [5, 1], "car_4158": [1, 4], "car_4696": [8, 4], "car_1989": [3, 4], "car_1988": [6, 4], "car_2768": [8, 3], "car_1855": [4, 7], "car_1796": [2, 6], "car_1857": [10, 3], "car_1856": [11, 1], "car_1851": [3, 4], "car_1850": [2, 1], "car_1853": [8, 2], "car_1797": [9, 0], "car_2336": [15, 5], "car_1859": [2, 5], "car_1794": [10, 6], "car_2230": [0, 4], "car_129": [14, 6], "car_128": [10, 0], "car_4368": [4, 6], "car_4029": [14, 0], "car_2231": [4, 5], "car_123": [8, 4], "car_122": [3, 5], "car_121": [6, 5], "car_120": [2, 6], "car_127": [5, 6], "car_126": [15, 5], "car_125": [0, 6], "car_124": [12, 3], "car_4377": [10, 1], "car_4153": [13, 3], "car_4375": [12, 2], "car_4374": [7, 5], "car_3718": [6, 7], "car_1790": [8, 1], "car_1219": [10, 3], "car_1218": [1, 5], "car_1217": [15, 2], "car_1216": [11, 3], "car_1215": [0, 6], "car_1214": [12, 5], "car_1213": [8, 5], "car_1212": [3, 6], "car_1211": [9, 7], "car_1210": [6, 1], "car_1415": [15, 0], "car_4150": [14, 3], "car_1414": [11, 3], "car_4157": [11, 2], "car_1417": [5, 1], "car_4156": [12, 2], "car_4266": [8, 3], "car_3719": [9, 5], "car_1416": [1, 7], "car_4155": [7, 0], "car_1411": [2, 3], "car_4154": [3, 5], "car_3959": [15, 6], "car_1410": [10, 2], "car_237": [11, 3], "car_236": [7, 5], "car_235": [3, 2], "car_234": [13, 5], "car_233": [6, 7], "car_232": [14, 3], "car_231": [10, 1], "car_230": [4, 0], "car_3372": [7, 6], "car_1412": [13, 5], "car_239": [14, 5], "car_238": [15, 0], "car_2988": [4, 0], "car_2989": [11, 5], "car_2638": [12, 6], "car_2639": [4, 3], "car_2634": [2, 7], "car_2635": [6, 2], "car_2636": [3, 2], "car_2637": [8, 7], "car_2630": [4, 3], "car_2631": [1, 4], "car_2632": [10, 0], "car_2633": [14, 4], "car_1503": [6, 4], "car_1502": [14, 7], "car_1501": [10, 4], "car_1500": [1, 6], "car_1507": [7, 0], "car_1506": [3, 2], "car_1505": [13, 2], "car_1504": [9, 6], "car_3373": [0, 5], "car_1509": [0, 4], "car_1508": [8, 3], "car_3825": [13, 1], "car_4498": [4, 7], "car_4367": [0, 7], "car_3439": [12, 2], "car_3745": [6, 4], "car_4489": [3, 6], "car_4488": [10, 7], "car_4322": [13, 3], "car_1189": [10, 4], "car_1188": [5, 0], "car_1187": [1, 3], "car_1186": [4, 5], "car_1185": [0, 6], "car_1184": [12, 1], "car_1183": [7, 6], "car_1182": [3, 5], "car_1181": [2, 4], "car_1180": [10, 4], "car_2182": [9, 1], "car_2183": [13, 1], "car_2180": [14, 1], "car_2181": [6, 1], "car_2186": [0, 6], "car_2187": [4, 3], "car_2184": [8, 2], "car_2185": [12, 0], "car_3438": [3, 2], "car_2188": [10, 7], "car_2189": [3, 5], "car_949": [12, 5], "car_948": [8, 5], "car_2742": [1, 5], "car_2743": [14, 2], "car_2744": [9, 5], "car_2745": [8, 0], "car_2746": [11, 2], "car_2747": [15, 5], "car_941": [15, 2], "car_940": [4, 3], "car_943": [5, 2], "car_942": [1, 7], "car_945": [2, 0], "car_944": [14, 1], "car_947": [9, 2], "car_946": [6, 4], "car_1437": [12, 7], "car_1436": [13, 6], "car_1435": [10, 5], "car_1434": [11, 3], "car_1433": [4, 5], "car_1432": [0, 1], "car_1431": [8, 1], "car_1430": [7, 6], "car_1439": [4, 7], "car_1438": [0, 1], "car_3501": [3, 5], "car_2238": [12, 6], "car_4114": [7, 0], "car_2823": [11, 5], "car_4446": [1, 5], "car_493": [13, 1], "car_492": [6, 0], "car_491": [2, 7], "car_490": [14, 6], "car_497": [15, 0], "car_496": [4, 6], "car_495": [8, 3], "car_494": [7, 3], "car_3347": [12, 3], "car_3346": [8, 0], "car_499": [14, 4], "car_498": [10, 3], "car_3343": [2, 4], "car_3342": [0, 4], "car_3341": [12, 1], "car_3340": [8, 1], "car_2296": [9, 3], "car_2297": [3, 7], "car_2294": [14, 5], "car_2239": [11, 1], "car_2292": [15, 4], "car_2293": [1, 7], "car_2290": [12, 2], "car_2291": [11, 2], "car_3585": [7, 5], "car_1918": [5, 4], "car_3587": [0, 6], "car_3586": [12, 2], "car_2568": [7, 6], "car_2569": [12, 7], "car_2298": [7, 0], "car_1919": [2, 0], "car_1729": [8, 3], "car_1728": [6, 5], "car_1723": [12, 7], "car_1722": [8, 5], "car_1721": [7, 0], "car_1720": [3, 1], "car_1727": [10, 2], "car_1726": [1, 4], "car_1725": [11, 3], "car_1724": [4, 3], "car_43": [11, 1], "car_42": [4, 2], "car_41": [3, 5], "car_40": [13, 6], "car_47": [3, 2], "car_46": [13, 4], "car_45": [2, 1], "car_44": [5, 7], "car_3901": [3, 6], "car_3900": [6, 2], "car_49": [12, 5], "car_48": [8, 1], "car_3905": [5, 2], "car_1916": [15, 4], "car_3907": [13, 3], "car_3906": [2, 7], "car_3365": [4, 6], "car_1917": [1, 4], "car_3364": [0, 7], "car_3761": [0, 5], "car_3375": [1, 0], "car_3367": [15, 6], "car_1858": [14, 5], "car_831": [10, 0], "car_830": [1, 5], "car_833": [6, 5], "car_832": [14, 1], "car_835": [8, 2], "car_834": [9, 5], "car_837": [15, 6], "car_836": [0, 2], "car_839": [6, 5], "car_838": [2, 3], "car_2360": [9, 3], "car_2361": [3, 5], "car_2366": [5, 2], "car_2367": [10, 5], "car_2364": [4, 2], "car_2365": [11, 1], "car_2168": [11, 1], "car_2169": [5, 1], "car_3509": [13, 2], "car_3815": [2, 7], "car_2160": [15, 4], "car_2161": [1, 2], "car_2162": [14, 0], "car_2163": [9, 1], "car_2164": [13, 2], "car_2165": [3, 2], "car_2166": [7, 2], "car_2167": [8, 5], "car_2810": [9, 5], "car_2811": [7, 0], "car_2812": [12, 5], "car_4311": [10, 6], "car_2813": [0, 6], "car_3763": [5, 3], "car_1941": [4, 2], "car_2814": [4, 1], "car_4028": [5, 7], "car_3055": [12, 0], "car_2815": [11, 4], "car_4027": [1, 5], "car_2544": [7, 2], "car_3235": [10, 5], "car_2817": [1, 7], "car_4025": [11, 1], "car_3167": [9, 3], "car_3166": [2, 3], "car_3165": [14, 3], "car_3164": [10, 7], "car_3163": [15, 2], "car_3162": [11, 6], "car_3161": [0, 7], "car_3160": [8, 3], "car_4023": [7, 5], "car_2463": [10, 1], "car_3169": [8, 1], "car_3168": [7, 2], "car_2462": [1, 2], "car_3980": [2, 7], "car_4021": [9, 0], "car_3309": [8, 6], "car_4020": [14, 6], "car_3565": [10, 6], "car_4376": [15, 3], "car_3933": [4, 2], "car_710": [12, 5], "car_711": [5, 0], "car_712": [10, 1], "car_713": [14, 2], "car_714": [3, 7], "car_715": [8, 0], "car_716": [1, 2], "car_717": [9, 5], "car_718": [8, 1], "car_719": [0, 5], "car_4372": [9, 2], "car_1892": [6, 5], "car_3019": [9, 2], "car_3018": [2, 6], "car_4224": [1, 2], "car_3028": [6, 1], "car_3013": [11, 7], "car_3012": [4, 0], "car_3011": [12, 3], "car_3010": [7, 6], "car_3017": [14, 7], "car_3016": [10, 4], "car_3015": [5, 6], "car_2987": [9, 5], "car_3923": [8, 0], "car_3508": [6, 0], "car_3989": [13, 6], "car_3421": [15, 1], "car_4494": [5, 4], "car_4273": [7, 0], "car_4379": [3, 6], "car_4378": [6, 0], "car_1894": [13, 0], "car_4579": [5, 2], "car_4495": [10, 5], "car_4440": [15, 4], "car_4517": [1, 4], "car_3769": [0, 5], "car_4166": [4, 6], "car_4167": [11, 2], "car_4164": [7, 0], "car_4165": [0, 1], "car_4162": [13, 6], "car_4163": [3, 6], "car_4160": [14, 4], "car_4161": [9, 5], "car_4492": [4, 2], "car_4168": [2, 5], "car_4169": [6, 0], "car_2895": [12, 2], "car_3368": [5, 7], "car_4493": [15, 7], "car_138": [14, 3], "car_139": [2, 5], "car_4010": [10, 3], "car_4011": [14, 6], "car_4016": [8, 3], "car_4017": [4, 7], "car_4014": [13, 5], "car_4015": [3, 5], "car_130": [9, 1], "car_131": [3, 7], "car_132": [12, 4], "car_133": [0, 5], "car_134": [4, 3], "car_135": [11, 0], "car_136": [15, 2], "car_137": [5, 6], "car_1222": [3, 7], "car_1223": [8, 1], "car_1220": [9, 6], "car_1221": [13, 7], "car_1226": [7, 5], "car_1227": [12, 1], "car_1224": [12, 3], "car_1225": [11, 2], "car_1886": [2, 4], "car_1887": [13, 1], "car_1228": [0, 2], "car_1229": [5, 6], "car_1882": [12, 2], "car_1883": [15, 5], "car_1880": [7, 6], "car_1881": [8, 4], "car_2621": [0, 5], "car_3625": [4, 2], "car_3988": [9, 7], "car_224": [9, 7], "car_225": [3, 4], "car_226": [7, 5], "car_227": [8, 3], "car_220": [4, 0], "car_221": [15, 0], "car_222": [10, 1], "car_223": [6, 2], "car_228": [12, 3], "car_229": [0, 1], "car_1086": [1, 2], "car_1087": [5, 7], "car_1084": [0, 2], "car_1085": [4, 2], "car_1082": [7, 1], "car_1083": [12, 1], "car_1080": [13, 1], "car_1081": [3, 6], "car_2627": [3, 6], "car_2626": [13, 3], "car_2625": [9, 3], "car_2624": [6, 2], "car_2623": [2, 1], "car_2622": [11, 0], "car_1088": [6, 3], "car_1089": [3, 0], "car_1536": [4, 6], "car_1537": [11, 4], "car_1534": [8, 6], "car_1535": [0, 4], "car_1532": [6, 5], "car_1533": [7, 3], "car_1530": [14, 6], "car_1531": [2, 1], "car_1538": [10, 0], "car_1539": [14, 4], "car_3512": [12, 2], "car_4348": [13, 3], "car_4349": [8, 1], "car_4342": [11, 3], "car_4343": [15, 1], "car_4340": [8, 0], "car_4341": [0, 2], "car_4346": [14, 1], "car_4347": [6, 2], "car_4344": [5, 1], "car_4345": [10, 3], "car_956": [7, 2], "car_957": [8, 1], "car_954": [2, 4], "car_955": [6, 5], "car_952": [1, 7], "car_953": [14, 0], "car_950": [0, 2], "car_951": [15, 3], "car_4593": [12, 6], "car_1827": [2, 3], "car_2199": [1, 5], "car_2198": [12, 7], "car_958": [12, 2], "car_959": [0, 6], "car_1158": [2, 4], "car_1159": [9, 5], "car_1408": [1, 4], "car_1409": [5, 4], "car_2757": [1, 3], "car_2756": [15, 3], "car_2755": [4, 7], "car_1829": [9, 6], "car_1150": [14, 6], "car_1151": [2, 5], "car_1152": [6, 2], "car_1153": [9, 6], "car_1154": [8, 5], "car_1155": [0, 7], "car_1156": [5, 6], "car_1157": [14, 7], "car_2532": [15, 1], "car_2380": [1, 3], "car_3510": [3, 2], "car_4657": [11, 3], "car_2764": [15, 2], "car_4592": [8, 3], "car_2381": [2, 0], "car_4650": [14, 4], "car_2382": [6, 1], "car_4651": [2, 4], "car_2383": [9, 3], "car_4652": [3, 4], "car_1826": [5, 7], "car_3314": [6, 1], "car_4653": [7, 5], "car_3315": [9, 5], "car_480": [1, 6], "car_481": [14, 1], "car_482": [2, 4], "car_483": [3, 4], "car_484": [7, 1], "car_485": [8, 0], "car_486": [12, 3], "car_487": [4, 7], "car_488": [11, 7], "car_489": [10, 3], "car_2283": [5, 2], "car_2282": [1, 0], "car_2285": [14, 7], "car_2284": [10, 0], "car_2287": [13, 1], "car_2286": [9, 0], "car_2577": [0, 7], "car_853": [8, 1], "car_2575": [7, 1], "car_2574": [13, 3], "car_2573": [9, 0], "car_2572": [2, 3], "car_2571": [10, 5], "car_852": [3, 0], "car_3578": [3, 5], "car_3579": [4, 3], "car_851": [9, 3], "car_2579": [1, 7], "car_2578": [11, 7], "car_4590": [13, 6], "car_582": [4, 7], "car_1718": [9, 3], "car_1719": [13, 6], "car_1716": [10, 6], "car_857": [15, 7], "car_1714": [15, 5], "car_1715": [1, 7], "car_1712": [12, 4], "car_1713": [4, 6], "car_1710": [13, 0], "car_856": [11, 3], "car_2982": [4, 5], "car_1828": [6, 0], "car_3978": [11, 4], "car_855": [0, 3], "car_4584": [4, 6], "car_2983": [11, 1], "car_3974": [0, 2], "car_3975": [4, 0], "car_3976": [15, 5], "car_854": [12, 6], "car_3970": [6, 4], "car_2980": [12, 6], "car_3972": [8, 7], "car_3973": [12, 5], "car_4597": [14, 3], "car_2981": [0, 3], "car_2739": [3, 5], "car_2738": [13, 3], "car_3714": [7, 5], "car_3715": [8, 5], "car_3716": [12, 3], "car_3494": [7, 0], "car_2379": [4, 3], "car_2378": [0, 2], "car_828": [4, 5], "car_829": [11, 6], "car_826": [8, 7], "car_827": [0, 5], "car_824": [13, 0], "car_825": [3, 6], "car_822": [14, 3], "car_823": [9, 3], "car_820": [1, 0], "car_821": [10, 5], "car_3484": [13, 6], "car_3485": [3, 6], "car_2179": [1, 0], "car_2178": [15, 1], "car_3480": [4, 0], "car_3481": [15, 4], "car_3482": [10, 3], "car_3483": [14, 7], "car_2173": [13, 3], "car_2172": [2, 6], "car_2171": [14, 3], "car_2170": [10, 7], "car_2177": [4, 1], "car_2176": [0, 4], "car_2175": [12, 2], "car_2174": [7, 4], "car_4486": [15, 2], "car_4477": [0, 5], "car_3238": [9, 4], "car_2535": [2, 7], "car_3920": [7, 6], "car_4595": [15, 3], "car_4471": [10, 6], "car_3349": [11, 0], "car_3218": [8, 5], "car_3628": [1, 7], "car_3629": [5, 6], "car_3158": [14, 7], "car_3159": [9, 5], "car_2534": [5, 1], "car_3499": [2, 0], "car_4022": [13, 4], "car_3152": [12, 2], "car_3153": [0, 1], "car_3150": [6, 3], "car_3151": [13, 7], "car_3156": [5, 0], "car_3157": [10, 7], "car_3154": [15, 5], "car_3155": [1, 6], "car_3398": [8, 2], "car_3399": [12, 5], "car_3390": [7, 2], "car_3391": [4, 2], "car_3392": [15, 5], "car_3393": [1, 6], "car_3394": [10, 7], "car_3395": [14, 2], "car_3396": [3, 2], "car_3397": [7, 0], "car_3983": [13, 6], "car_4514": [9, 1], "car_3799": [5, 6], "car_3389": [3, 1], "car_4458": [3, 6], "car_3982": [9, 6], "car_729": [1, 7], "car_728": [11, 7], "car_725": [8, 1], "car_724": [13, 5], "car_727": [0, 1], "car_726": [12, 4], "car_721": [5, 6], "car_720": [1, 6], "car_723": [2, 3], "car_722": [14, 7], "car_3797": [11, 3], "car_2708": [14, 4], "car_3029": [3, 0], "car_3026": [5, 0], "car_3027": [10, 4], "car_3024": [15, 3], "car_3025": [1, 6], "car_3022": [4, 5], "car_3023": [11, 1], "car_3020": [13, 6], "car_3021": [7, 3], "car_3519": [2, 1], "car_4599": [6, 5], "car_2620": [12, 2], "car_3275": [10, 5], "car_1795": [14, 3], "car_4598": [2, 7], "car_3274": [4, 3], "car_1792": [15, 2], "car_3987": [14, 4], "car_3226": [12, 2], "car_1793": [5, 2], "car_3986": [12, 5], "car_3779": [15, 0], "car_4481": [6, 5], "car_2440": [14, 1], "car_4635": [14, 6], "car_4480": [2, 0], "car_4483": [8, 2], "car_105": [6, 2], "car_104": [2, 5], "car_107": [7, 3], "car_106": [13, 7], "car_101": [1, 4], "car_100": [3, 6], "car_103": [14, 1], "car_102": [5, 6], "car_1888": [3, 1], "car_4485": [11, 6], "car_109": [12, 2], "car_108": [8, 3], "car_3659": [2, 5], "car_4484": [0, 2], "car_4005": [8, 6], "car_4004": [7, 3], "car_4007": [11, 1], "car_4006": [12, 5], "car_4001": [10, 3], "car_4000": [11, 7], "car_4003": [3, 2], "car_4002": [6, 5], "car_3934": [11, 5], "car_1791": [11, 6], "car_4008": [15, 4], "car_3637": [9, 7], "car_1235": [8, 1], "car_1234": [7, 3], "car_1237": [4, 0], "car_1236": [0, 3], "car_1231": [2, 0], "car_1230": [14, 4], "car_1233": [13, 3], "car_1232": [6, 2], "car_1899": [1, 6], "car_1898": [15, 2], "car_4512": [14, 4], "car_1239": [10, 4], "car_1238": [11, 7], "car_3633": [0, 2], "car_4633": [11, 4], "car_3511": [8, 5], "car_3632": [12, 7], "car_3609": [5, 4], "car_3516": [1, 2], "car_3631": [9, 4], "car_3517": [5, 7], "car_3630": [6, 4], "car_3774": [2, 1], "car_3514": [11, 4], "car_3141": [2, 0], "car_3515": [15, 5], "car_3636": [6, 2], "car_211": [8, 4], "car_210": [3, 6], "car_213": [4, 6], "car_212": [12, 1], "car_215": [10, 5], "car_214": [5, 7], "car_217": [13, 6], "car_216": [9, 7], "car_219": [0, 4], "car_218": [8, 1], "car_4173": [0, 4], "car_3634": [5, 6], "car_4175": [15, 4], "car_3518": [14, 6], "car_4177": [14, 2], "car_2676": [13, 6], "car_1529": [1, 6], "car_1528": [11, 4], "car_2610": [6, 3], "car_2611": [13, 2], "car_2616": [2, 0], "car_2617": [6, 2], "car_2614": [5, 7], "car_2615": [10, 4], "car_1521": [15, 4], "car_1520": [11, 4], "car_1523": [13, 4], "car_1522": [10, 7], "car_1525": [12, 3], "car_1524": [3, 7], "car_1527": [4, 2], "car_1526": [0, 4], "car_3227": [4, 1], "car_2849": [10, 6], "car_2700": [14, 4], "car_2848": [1, 7], "car_3772": [5, 1], "car_2740": [12, 0], "car_3222": [10, 6], "car_2741": [11, 4], "car_3223": [6, 4], "car_2313": [14, 5], "car_2701": [2, 1], "car_4358": [12, 2], "car_2312": [10, 3], "car_4355": [2, 3], "car_4354": [10, 7], "car_4357": [7, 1], "car_4356": [3, 7], "car_4351": [15, 4], "car_2311": [5, 4], "car_3773": [10, 5], "car_4352": [1, 2], "car_923": [13, 1], "car_922": [9, 5], "car_921": [14, 7], "car_920": [5, 7], "car_927": [10, 1], "car_926": [15, 2], "car_925": [0, 2], "car_924": [3, 7], "car_2317": [0, 2], "car_929": [8, 5], "car_928": [7, 5], "car_3665": [1, 4], "car_2316": [8, 2], "car_2766": [2, 3], "car_2748": [5, 3], "car_1149": [10, 2], "car_1148": [0, 3], "car_1419": [6, 2], "car_1418": [2, 7], "car_2760": [14, 7], "car_2749": [10, 6], "car_1143": [5, 7], "car_1142": [1, 5], "car_1141": [15, 4], "car_1140": [0, 2], "car_1147": [8, 1], "car_1146": [13, 4], "car_1145": [14, 2], "car_1144": [10, 4], "car_4503": [6, 0], "car_4504": [13, 2], "car_4505": [3, 5], "car_1099": [8, 3], "car_1098": [7, 6], "car_3385": [2, 0], "car_4580": [2, 6], "car_1091": [4, 6], "car_1090": [0, 1], "car_1093": [10, 6], "car_1092": [5, 6], "car_1095": [6, 2], "car_1094": [2, 0], "car_1097": [13, 4], "car_1096": [9, 2], "car_2818": [3, 7], "car_2819": [8, 4], "car_2548": [9, 5], "car_2549": [13, 0], "car_3361": [3, 4], "car_3360": [13, 6], "car_3363": [12, 1], "car_3362": [8, 4], "car_2542": [13, 0], "car_2543": [3, 7], "car_2540": [11, 2], "car_2541": [10, 0], "car_2546": [12, 5], "car_2547": [4, 3], "car_2521": [14, 5], "car_2545": [8, 0], "car_3563": [15, 3], "car_3562": [11, 3], "car_3561": [4, 6], "car_3384": [5, 0], "car_3567": [3, 5], "car_3566": [9, 1], "car_3468": [2, 4], "car_3564": [1, 4], "car_3569": [8, 2], "car_3568": [7, 2], "car_4645": [3, 2], "car_1701": [6, 0], "car_1700": [2, 3], "car_1703": [7, 0], "car_1702": [9, 7], "car_1705": [4, 7], "car_1704": [12, 5], "car_1707": [2, 4], "car_1706": [15, 3], "car_1709": [9, 2], "car_1708": [6, 1], "car_2522": [2, 7], "car_4661": [14, 7], "car_4582": [7, 0], "car_3969": [10, 2], "car_3968": [1, 7], "car_3967": [3, 1], "car_3966": [13, 6], "car_3965": [9, 1], "car_3964": [2, 5], "car_3963": [14, 3], "car_3962": [10, 0], "car_3961": [5, 7], "car_3960": [1, 2], "car_2523": [3, 1], "car_4660": [10, 6], "car_589": [1, 0], "car_588": [15, 0], "car_859": [10, 5], "car_858": [5, 3], "car_2384": [13, 6], "car_2385": [12, 4], "car_1695": [15, 1], "car_2387": [4, 0], "car_581": [12, 5], "car_580": [8, 5], "car_583": [10, 7], "car_850": [6, 1], "car_585": [12, 5], "car_584": [3, 2], "car_587": [11, 4], "car_586": [0, 3], "car_3497": [10, 3], "car_3496": [4, 6], "car_3495": [12, 3], "car_2002": [13, 6], "car_3493": [3, 1], "car_3492": [9, 3], "car_2148": [5, 0], "car_2149": [10, 7], "car_2146": [4, 0], "car_2147": [1, 2], "car_2144": [8, 0], "car_2145": [0, 1], "car_2142": [14, 5], "car_2143": [9, 6], "car_2140": [15, 1], "car_2141": [10, 3], "car_4544": [2, 0], "car_3896": [11, 0], "car_4049": [4, 3], "car_4639": [7, 3], "car_3529": [5, 2], "car_4662": [2, 0], "car_4585": [11, 6], "car_2985": [10, 0], "car_3639": [3, 7], "car_3638": [13, 5], "car_3149": [2, 6], "car_3148": [5, 2], "car_3145": [4, 0], "car_3144": [13, 5], "car_3147": [1, 0], "car_3146": [11, 2], "car_2779": [10, 1], "car_3140": [14, 7], "car_3143": [9, 5], "car_3142": [6, 7], "car_457": [14, 1], "car_456": [11, 3], "car_455": [4, 3], "car_454": [0, 6], "car_453": [6, 4], "car_452": [5, 3], "car_451": [11, 1], "car_450": [4, 7], "car_3383": [1, 4], "car_3382": [15, 3], "car_3381": [4, 7], "car_1878": [10, 1], "car_3387": [9, 5], "car_3386": [6, 4], "car_459": [6, 4], "car_458": [2, 7], "car_1877": [15, 4], "car_4644": [13, 4], "car_1876": [11, 4], "car_2778": [1, 6], "car_2993": [9, 4], "car_1875": [0, 6], "car_1874": [12, 0], "car_4587": [5, 7], "car_1873": [7, 3], "car_1872": [3, 7], "car_738": [0, 6], "car_739": [4, 2], "car_1871": [13, 4], "car_733": [6, 0], "car_732": [2, 0], "car_32": [9, 6], "car_730": [10, 0], "car_731": [14, 0], "car_736": [8, 7], "car_737": [12, 4], "car_734": [3, 2], "car_735": [7, 0], "car_3031": [8, 1], "car_1976": [11, 2], "car_3033": [4, 7], "car_3032": [12, 2], "car_3035": [1, 0], "car_3034": [11, 7], "car_3037": [10, 6], "car_1977": [5, 0], "car_3039": [2, 3], "car_3038": [14, 1], "car_3348": [4, 0], "car_1698": [10, 6], "car_4120": [1, 0], "car_4121": [10, 5], "car_4126": [1, 5], "car_3345": [13, 7], "car_4127": [10, 2], "car_3748": [12, 4], "car_3344": [9, 2], "car_4589": [2, 4], "car_4124": [0, 4], "car_3030": [7, 1], "car_4125": [4, 7], "car_4134": [4, 0], "car_4041": [4, 0], "car_3635": [10, 5], "car_38": [14, 5], "car_4040": [12, 2], "car_39": [6, 4], "car_4128": [14, 6], "car_2564": [2, 7], "car_4129": [6, 1], "car_2565": [6, 7], "car_4045": [2, 1], "car_3036": [5, 2], "car_2566": [9, 2], "car_2295": [6, 7], "car_1978": [2, 3], "car_2560": [0, 7], "car_1979": [6, 0], "car_3523": [7, 2], "car_2561": [4, 5], "car_4258": [1, 0], "car_2562": [15, 3], "car_4259": [14, 5], "car_2563": [5, 3], "car_2443": [13, 2], "car_2442": [9, 4], "car_3998": [12, 3], "car_3522": [13, 7], "car_3351": [14, 6], "car_2441": [2, 5], "car_112": [10, 6], "car_113": [14, 5], "car_110": [0, 5], "car_111": [1, 5], "car_116": [9, 3], "car_117": [3, 0], "car_114": [2, 6], "car_115": [6, 4], "car_2447": [4, 2], "car_118": [11, 6], "car_119": [10, 3], "car_2446": [8, 3], "car_4319": [5, 3], "car_2445": [7, 0], "car_3999": [0, 1], "car_4318": [1, 5], "car_3521": [9, 6], "car_2299": [8, 5], "car_4252": [12, 5], "car_2533": [1, 6], "car_2453": [0, 5], "car_4611": [5, 6], "car_4612": [10, 7], "car_4253": [0, 1], "car_3408": [8, 5], "car_4615": [12, 0], "car_4616": [0, 5], "car_4617": [4, 0], "car_4618": [1, 3], "car_4619": [14, 0], "car_4255": [10, 2], "car_3828": [11, 7], "car_3996": [3, 4], "car_2454": [11, 4], "car_4052": [1, 2], "car_3409": [4, 0], "car_4298": [0, 2], "car_4299": [4, 3], "car_4294": [11, 5], "car_4295": [14, 7], "car_4296": [9, 2], "car_4297": [7, 5], "car_4290": [1, 6], "car_4291": [5, 0], "car_4292": [14, 7], "car_4293": [7, 6], "car_1950": [5, 4], "car_1951": [10, 3], "car_1952": [9, 3], "car_1953": [3, 4], "car_1954": [7, 0], "car_1955": [12, 7], "car_208": [2, 3], "car_209": [13, 6], "car_206": [1, 3], "car_207": [10, 7], "car_204": [0, 4], "car_205": [15, 4], "car_202": [7, 3], "car_203": [12, 5], "car_200": [10, 2], "car_201": [13, 0], "car_2605": [11, 4], "car_2604": [8, 2], "car_2607": [5, 6], "car_2606": [15, 3], "car_1558": [2, 7], "car_1559": [8, 4], "car_2603": [7, 2], "car_2602": [3, 7], "car_1554": [0, 6], "car_1555": [4, 7], "car_1556": [15, 0], "car_1557": [14, 2], "car_1550": [6, 7], "car_1551": [9, 1], "car_1552": [13, 3], "car_1553": [12, 5], "car_1398": [1, 6], "car_1399": [5, 0], "car_1392": [13, 5], "car_1393": [7, 5], "car_1390": [5, 2], "car_1391": [2, 7], "car_1396": [0, 2], "car_1397": [15, 3], "car_1394": [8, 0], "car_1395": [12, 1], "car_3862": [2, 1], "car_2598": [1, 0], "car_3544": [5, 6], "car_3404": [10, 6], "car_930": [12, 0], "car_931": [0, 2], "car_932": [4, 0], "car_933": [11, 0], "car_934": [15, 1], "car_935": [1, 4], "car_936": [5, 6], "car_937": [10, 6], "car_938": [3, 5], "car_939": [8, 7], "car_2773": [9, 7], "car_2772": [1, 3], "car_2775": [12, 4], "car_2774": [7, 1], "car_2777": [11, 0], "car_2776": [0, 2], "car_6": [12, 0], "car_7": [4, 5], "car_4": [9, 0], "car_5": [13, 0], "car_2": [14, 0], "car_3": [2, 1], "car_1178": [15, 7], "car_1": [10, 6], "car_1176": [13, 2], "car_1177": [3, 2], "car_1174": [2, 0], "car_1175": [6, 3], "car_1172": [5, 6], "car_1173": [10, 2], "car_8": [11, 4], "car_9": [5, 2], "car_3869": [10, 6], "car_3829": [15, 6], "car_3746": [7, 4], "car_3513": [4, 7], "car_3904": [1, 4], "car_3807": [8, 5], "car_3898": [5, 6], "car_3908": [3, 5], "car_4610": [1, 4], "car_3826": [3, 2], "car_3827": [7, 1], "car_2809": [10, 3], "car_2808": [1, 7], "car_2559": [8, 5], "car_2558": [3, 0], "car_3820": [4, 7], "car_3821": [15, 5], "car_2555": [2, 1], "car_2554": [1, 4], "car_2557": [13, 7], "car_2556": [9, 7], "car_2551": [8, 3], "car_2550": [3, 6], "car_2553": [15, 2], "car_2552": [4, 7], "car_3556": [6, 5], "car_3557": [13, 1], "car_3554": [10, 7], "car_3555": [2, 3], "car_3552": [11, 1], "car_3553": [5, 0], "car_3550": [8, 5], "car_3551": [4, 1], "car_3902": [11, 5], "car_3558": [3, 5], "car_3559": [7, 3], "car_1774": [7, 2], "car_1775": [8, 2], "car_1776": [12, 4], "car_1777": [4, 3], "car_1770": [14, 4], "car_1771": [2, 7], "car_1772": [9, 4], "car_1773": [13, 4], "car_3744": [2, 7], "car_1778": [3, 5], "car_1779": [7, 5], "car_98": [15, 2], "car_99": [13, 4], "car_3950": [0, 2], "car_3951": [4, 6], "car_3956": [3, 5], "car_3957": [0, 1], "car_3954": [9, 0], "car_3955": [13, 6], "car_90": [15, 5], "car_91": [1, 2], "car_92": [5, 1], "car_93": [9, 1], "car_94": [13, 2], "car_95": [3, 5], "car_96": [7, 3], "car_97": [11, 6], "car_596": [0, 4], "car_597": [11, 0], "car_594": [9, 2], "car_595": [7, 3], "car_592": [2, 3], "car_593": [6, 7], "car_590": [10, 1], "car_591": [14, 3], "car_3500": [13, 4], "car_3733": [6, 1], "car_3730": [8, 6], "car_3731": [5, 2], "car_3736": [15, 7], "car_3737": [1, 5], "car_598": [10, 3], "car_599": [14, 6], "car_848": [10, 6], "car_849": [14, 6], "car_2391": [13, 2], "car_2390": [6, 1], "car_2397": [10, 1], "car_2396": [5, 1], "car_2395": [1, 0], "car_2394": [15, 3], "car_840": [9, 0], "car_841": [13, 6], "car_842": [3, 4], "car_843": [7, 2], "car_844": [8, 7], "car_845": [12, 3], "car_846": [11, 5], "car_847": [1, 0], "car_1608": [6, 5], "car_1609": [7, 5], "car_2153": [15, 3], "car_2152": [4, 3], "car_2155": [14, 7], "car_2154": [1, 0], "car_2157": [6, 4], "car_2156": [2, 5], "car_1600": [2, 4], "car_1601": [6, 4], "car_1602": [8, 1], "car_1603": [0, 6], "car_1604": [4, 5], "car_1605": [15, 4], "car_1606": [14, 7], "car_1607": [2, 4], "car_4500": [15, 5], "car_4404": [2, 3], "car_2369": [3, 6], "car_3765": [9, 5], "car_3538": [3, 7], "car_4389": [13, 0], "car_4677": [6, 4], "car_3764": [10, 0], "car_3767": [3, 5], "car_3766": [13, 0], "car_3620": [9, 6], "car_2362": [8, 1], "car_3608": [1, 0], "car_2363": [0, 5], "car_3606": [11, 0], "car_3607": [15, 7], "car_3604": [0, 6], "car_3605": [4, 1], "car_3602": [8, 1], "car_3603": [12, 5], "car_3600": [3, 0], "car_3601": [7, 4], "car_444": [14, 5], "car_445": [2, 1], "car_446": [9, 3], "car_447": [13, 6], "car_440": [4, 2], "car_441": [15, 3], "car_442": [1, 6], "car_443": [10, 0], "car_3892": [9, 4], "car_448": [12, 3], "car_449": [0, 2], "car_2717": [13, 3], "car_2716": [14, 7], "car_3210": [7, 2], "car_4578": [1, 5], "car_2715": [10, 3], "car_2201": [14, 0], "car_2714": [15, 3], "car_2200": [10, 3], "car_2713": [8, 1], "car_4640": [0, 3], "car_2712": [7, 1], "car_2711": [3, 0], "car_2710": [13, 5], "car_3405": [6, 3], "car_3044": [12, 0], "car_3045": [0, 2], "car_3046": [4, 5], "car_3047": [15, 2], "car_3040": [6, 3], "car_3041": [13, 0], "car_3042": [7, 0], "car_3043": [8, 5], "car_3623": [7, 1], "car_3048": [5, 3], "car_3049": [14, 2], "car_2209": [7, 4], "car_3534": [11, 5], "car_4554": [14, 7], "car_2208": [9, 0], "car_4553": [10, 3], "car_4450": [0, 2], "car_4063": [14, 2], "car_3897": [15, 0], "car_4418": [3, 5], "car_4419": [8, 5], "car_4323": [3, 5], "car_3599": [13, 5], "car_3535": [15, 4], "car_3663": [11, 4], "car_4575": [0, 7], "car_2324": [3, 5], "car_4386": [14, 3], "car_4122": [2, 6], "car_695": [14, 0], "car_694": [10, 5], "car_697": [6, 1], "car_696": [2, 3], "car_691": [15, 2], "car_690": [4, 5], "car_693": [5, 3], "car_692": [1, 7], "car_4412": [15, 1], "car_699": [8, 4], "car_698": [7, 2], "car_4413": [1, 4], "car_4520": [7, 6], "car_4679": [13, 7], "car_4574": [8, 3], "car_3810": [3, 2], "car_3479": [0, 4], "car_4123": [7, 4], "car_3876": [0, 1], "car_4577": [15, 4], "car_3478": [7, 4], "car_3894": [7, 5], "car_4525": [2, 0], "car_2399": [7, 1], "car_4576": [4, 2], "car_4603": [5, 4], "car_4602": [4, 2], "car_4601": [12, 2], "car_4600": [13, 1], "car_4607": [12, 3], "car_4606": [8, 6], "car_4605": [13, 7], "car_4604": [10, 6], "car_4609": [4, 7], "car_4608": [0, 3], "car_4571": [12, 1], "car_4451": [4, 1], "car_3571": [11, 7], "car_4288": [0, 3], "car_4287": [3, 4], "car_4286": [13, 4], "car_4285": [9, 5], "car_4284": [2, 1], "car_4283": [10, 5], "car_4282": [5, 4], "car_4281": [4, 6], "car_4280": [0, 4], "car_1943": [14, 7], "car_1942": [10, 3], "car_279": [7, 6], "car_278": [13, 1], "car_1947": [0, 7], "car_1946": [8, 0], "car_1945": [3, 6], "car_1944": [13, 5], "car_273": [13, 2], "car_272": [6, 3], "car_271": [14, 0], "car_270": [5, 6], "car_277": [2, 7], "car_276": [5, 4], "car_275": [0, 7], "car_274": [12, 6], "car_2946": [13, 7], "car_1925": [5, 1], "car_2944": [14, 5], "car_2945": [6, 3], "car_2942": [11, 3], "car_2943": [5, 0], "car_1549": [2, 4], "car_1548": [10, 0], "car_1547": [1, 7], "car_1546": [15, 1], "car_1545": [11, 4], "car_1544": [4, 0], "car_1543": [7, 4], "car_1542": [3, 6], "car_1541": [6, 1], "car_1540": [2, 3], "car_3762": [4, 3], "car_1389": [11, 2], "car_1388": [4, 3], "car_1385": [7, 0], "car_1384": [3, 4], "car_1387": [0, 5], "car_1386": [12, 3], "car_1381": [1, 0], "car_1380": [15, 3], "car_1383": [9, 3], "car_1382": [2, 7], "car_4572": [9, 6], "car_3742": [4, 2], "car_307": [12, 5], "car_306": [3, 1], "car_305": [2, 7], "car_304": [5, 7], "car_303": [4, 3], "car_302": [0, 6], "car_301": [8, 2], "car_300": [7, 0], "car_804": [8, 6], "car_309": [1, 7], "car_308": [0, 7], "car_3752": [5, 6], "car_3435": [2, 0], "car_909": [1, 3], "car_908": [15, 7], "car_3434": [5, 1], "car_905": [7, 1], "car_904": [9, 1], "car_907": [11, 4], "car_906": [4, 0], "car_901": [1, 0], "car_900": [4, 0], "car_903": [2, 5], "car_902": [14, 7], "car_1161": [7, 4], "car_1160": [13, 0], "car_1163": [15, 6], "car_1162": [0, 7], "car_1165": [10, 1], "car_1164": [1, 5], "car_1167": [13, 3], "car_1166": [2, 6], "car_1169": [0, 1], "car_1168": [12, 6], "car_4421": [0, 5], "car_4420": [12, 2], "car_4427": [6, 3], "car_4426": [2, 0], "car_3753": [10, 5], "car_3539": [12, 3], "car_4569": [6, 4], "car_3925": [0, 3], "car_3889": [14, 4], "car_3924": [12, 3], "car_2432": [4, 2], "car_2433": [10, 0], "car_2430": [12, 4], "car_3549": [7, 0], "car_3548": [3, 2], "car_2322": [14, 0], "car_2431": [0, 4], "car_2838": [13, 4], "car_2839": [12, 1], "car_2836": [2, 1], "car_2436": [12, 3], "car_2834": [10, 4], "car_2835": [14, 6], "car_2832": [4, 6], "car_2833": [1, 4], "car_2830": [7, 6], "car_2437": [4, 3], "car_2010": [0, 5], "car_2011": [4, 7], "car_2012": [15, 7], "car_2013": [1, 2], "car_2014": [5, 6], "car_2015": [10, 3], "car_2016": [14, 3], "car_2017": [2, 7], "car_2018": [8, 2], "car_2019": [0, 3], "car_4024": [0, 7], "car_2435": [3, 2], "car_3732": [14, 6], "car_87": [13, 0], "car_86": [9, 3], "car_85": [6, 3], "car_84": [14, 4], "car_83": [15, 6], "car_82": [11, 1], "car_81": [8, 1], "car_80": [3, 4], "car_4444": [4, 1], "car_3249": [15, 1], "car_2001": [9, 2], "car_89": [4, 3], "car_88": [7, 3], "car_3945": [14, 0], "car_3944": [15, 3], "car_3947": [13, 2], "car_2000": [2, 0], "car_2498": [3, 1], "car_2499": [7, 4], "car_3943": [4, 5], "car_3942": [0, 5], "car_2494": [14, 3], "car_2495": [2, 3], "car_2496": [6, 4], "car_2497": [9, 0], "car_2490": [0, 6], "car_2491": [15, 2], "car_2492": [1, 5], "car_2493": [5, 3], "car_875": [9, 0], "car_874": [2, 1], "car_877": [0, 5], "car_876": [12, 2], "car_871": [12, 1], "car_870": [3, 4], "car_873": [10, 0], "car_872": [0, 7], "car_3228": [5, 7], "car_3242": [10, 4], "car_3727": [13, 5], "car_1694": [11, 7], "car_879": [5, 7], "car_878": [4, 6], "car_3723": [12, 7], "car_3243": [14, 3], "car_1752": [14, 4], "car_4613": [2, 5], "car_1753": [6, 3], "car_4614": [7, 2], "car_1699": [14, 2], "car_2124": [3, 7], "car_2125": [7, 0], "car_1619": [8, 7], "car_1618": [7, 2], "car_2120": [1, 5], "car_2121": [10, 2], "car_2122": [6, 0], "car_2123": [13, 2], "car_1613": [15, 1], "car_1612": [11, 7], "car_1611": [4, 6], "car_1610": [12, 3], "car_1617": [13, 0], "car_1616": [6, 4], "car_1615": [10, 6], "car_1614": [1, 6], "car_3839": [11, 2], "car_3838": [0, 6], "car_1754": [13, 1], "car_3831": [14, 5], "car_3830": [10, 1], "car_3833": [13, 6], "car_1755": [3, 0], "car_3835": [7, 2], "car_3834": [3, 1], "car_3837": [12, 5], "car_3836": [8, 7], "car_4441": [1, 6], "car_2767": [6, 0], "car_3653": [14, 2], "car_3611": [14, 5], "car_3610": [10, 4], "car_3613": [8, 2], "car_3612": [2, 7], "car_3615": [11, 7], "car_3614": [0, 1], "car_3617": [10, 2], "car_3616": [15, 2], "car_2323": [13, 4], "car_3618": [2, 6], "car_4208": [13, 6], "car_471": [7, 5], "car_470": [2, 3], "car_473": [12, 6], "car_472": [8, 2], "car_475": [3, 0], "car_474": [0, 1], "car_477": [0, 1], "car_476": [12, 0], "car_479": [15, 4], "car_478": [11, 7], "car_2232": [11, 2], "car_2233": [7, 5], "car_2234": [0, 4], "car_2235": [15, 1], "car_2236": [14, 3], "car_2237": [8, 4], "car_4534": [1, 4], "car_4443": [0, 2], "car_2769": [12, 1], "car_2765": [1, 3], "car_4649": [10, 2], "car_2038": [3, 1], "car_2709": [2, 4], "car_3229": [2, 7], "car_3057": [11, 7], "car_3056": [4, 3], "car_2762": [6, 7], "car_3054": [8, 5], "car_3053": [7, 0], "car_3052": [13, 5], "car_3051": [9, 4], "car_3050": [6, 1], "car_3059": [14, 4], "car_3058": [10, 6], "car_3997": [7, 0], "car_3303": [1, 7], "car_2039": [10, 1], "car_3809": [6, 4], "car_2763": [12, 7], "car_1819": [5, 1], "car_4647": [0, 1], "car_4659": [5, 4], "car_1818": [1, 0], "car_4102": [9, 7], "car_4530": [13, 6], "car_4454": [10, 7], "car_2386": [0, 4], "car_682": [11, 0], "car_683": [15, 5], "car_680": [8, 2], "car_681": [4, 5], "car_686": [13, 6], "car_687": [7, 5], "car_684": [1, 7], "car_685": [9, 5], "car_688": [8, 4], "car_689": [12, 6], "car_4179": [12, 4], "car_4382": [4, 3], "car_2481": [0, 4], "car_2761": [2, 3], "car_3540": [0, 1], "car_3282": [11, 7], "car_3283": [15, 0], "car_1815": [8, 4], "car_3280": [8, 4], "car_1814": [7, 4], "car_3621": [13, 4], "car_3281": [0, 2], "car_3286": [2, 3], "car_3543": [1, 4], "car_4019": [5, 4], "car_2388": [10, 6], "car_3287": [6, 5], "car_4665": [4, 1], "car_3284": [10, 0], "car_4664": [7, 2], "car_3285": [14, 1], "car_4667": [15, 6], "car_4666": [11, 3], "car_4108": [6, 5], "car_3542": [15, 5], "car_2389": [2, 5], "car_3288": [9, 4], "car_4560": [4, 2], "car_4109": [9, 5], "car_4636": [2, 4], "car_4637": [9, 7], "car_4634": [15, 0], "car_3289": [13, 0], "car_1670": [15, 7], "car_1956": [0, 6], "car_4630": [13, 0], "car_4631": [8, 1], "car_3302": [15, 0], "car_1957": [11, 2], "car_4638": [3, 5], "car_3324": [0, 4], "car_1958": [15, 1], "car_1959": [1, 4], "car_3545": [10, 6], "car_4106": [10, 2], "car_2003": [3, 5], "car_4107": [14, 0], "car_3858": [11, 4], "car_4100": [2, 0], "car_4101": [6, 4], "car_268": [15, 3], "car_269": [1, 2], "car_1974": [3, 5], "car_1975": [8, 7], "car_1972": [6, 1], "car_1973": [13, 5], "car_1970": [0, 2], "car_1971": [4, 5], "car_260": [0, 3], "car_261": [11, 4], "car_262": [5, 3], "car_263": [14, 0], "car_264": [13, 0], "car_265": [7, 5], "car_266": [12, 1], "car_267": [0, 6], "car_1572": [0, 2], "car_1573": [11, 7], "car_1570": [9, 0], "car_1571": [7, 0], "car_1576": [2, 3], "car_1577": [9, 3], "car_1574": [15, 4], "car_1575": [5, 1], "car_4250": [3, 6], "car_4251": [7, 6], "car_1578": [13, 5], "car_1579": [8, 5], "car_4254": [15, 6], "car_2971": [6, 3], "car_4256": [14, 1], "car_4257": [9, 1], "car_1370": [4, 3], "car_1371": [11, 0], "car_1372": [10, 1], "car_1373": [14, 5], "car_1374": [6, 0], "car_1375": [9, 3], "car_1376": [8, 4], "car_1377": [12, 0], "car_1378": [4, 3], "car_1379": [11, 2], "car_3014": [15, 7], "car_3254": [9, 5], "car_2600": [2, 0], "car_4459": [8, 2], "car_2975": [8, 1], "car_3992": [5, 3], "car_2974": [7, 4], "car_3993": [10, 2], "car_314": [3, 7], "car_315": [0, 4], "car_316": [4, 0], "car_317": [11, 7], "car_310": [5, 7], "car_311": [10, 3], "car_312": [2, 4], "car_313": [6, 5], "car_318": [1, 6], "car_319": [5, 4], "car_4388": [9, 2], "car_4119": [15, 1], "car_918": [11, 3], "car_919": [1, 4], "car_2719": [0, 3], "car_2718": [3, 5], "car_912": [2, 0], "car_913": [13, 6], "car_910": [10, 2], "car_911": [14, 0], "car_916": [12, 1], "car_917": [0, 6], "car_914": [3, 6], "car_915": [7, 1], "car_1114": [7, 2], "car_1115": [8, 1], "car_1116": [11, 2], "car_1117": [5, 7], "car_1110": [14, 0], "car_1111": [6, 3], "car_1112": [9, 2], "car_1113": [13, 1], "car_4416": [6, 4], "car_4417": [13, 1], "car_4414": [14, 2], "car_4415": [2, 7], "car_1118": [10, 5], "car_1119": [14, 7], "car_4410": [10, 7], "car_4411": [6, 1], "car_1284": [4, 2], "car_1285": [5, 3], "car_1286": [14, 2], "car_1287": [2, 7], "car_1280": [6, 1], "car_1281": [9, 0], "car_1282": [12, 5], "car_1283": [0, 1], "car_3458": [7, 6], "car_2130": [1, 6], "car_1288": [6, 1], "car_1289": [9, 5], "car_2959": [15, 0], "car_2958": [6, 2], "car_4688": [15, 6], "car_2951": [1, 2], "car_2950": [15, 5], "car_2953": [10, 7], "car_2952": [5, 7], "car_2955": [0, 7], "car_2954": [13, 1], "car_2957": [2, 3], "car_2956": [4, 1], "car_2821": [0, 4], "car_2820": [12, 6], "car_1744": [12, 7], "car_2822": [4, 2], "car_2825": [5, 1], "car_2824": [15, 7], "car_2827": [2, 4], "car_2826": [10, 3], "car_2829": [9, 0], "car_2828": [6, 3], "car_3536": [1, 2], "car_3537": [2, 4], "car_3530": [6, 0], "car_3531": [9, 0], "car_3532": [0, 3], "car_3533": [4, 7], "car_1028": [15, 3], "car_1029": [1, 7], "car_1758": [4, 1], "car_1759": [11, 0], "car_2007": [10, 4], "car_2006": [15, 5], "car_2005": [0, 1], "car_2004": [7, 5], "car_1020": [1, 4], "car_1021": [14, 2], "car_1022": [2, 5], "car_1023": [13, 4], "car_1024": [3, 0], "car_1025": [7, 2], "car_1026": [8, 1], "car_1027": [11, 4], "car_1598": [10, 0], "car_1599": [14, 1], "car_4680": [8, 4], "car_1590": [15, 5], "car_1591": [10, 3], "car_1592": [2, 3], "car_1593": [13, 2], "car_1594": [8, 1], "car_1595": [12, 0], "car_1596": [4, 0], "car_1597": [15, 6], "car_2489": [12, 4], "car_2488": [7, 5], "car_2487": [9, 1], "car_2486": [6, 1], "car_2485": [5, 2], "car_2484": [15, 2], "car_2483": [11, 2], "car_2482": [4, 3], "car_1746": [11, 5], "car_2480": [12, 2], "car_862": [13, 7], "car_863": [3, 5], "car_860": [2, 6], "car_861": [9, 6], "car_866": [11, 7], "car_867": [14, 5], "car_864": [7, 0], "car_865": [4, 0], "car_868": [2, 5], "car_869": [13, 2], "car_3440": [4, 1], "car_3441": [15, 1], "car_3442": [14, 2], "car_3443": [9, 6], "car_3444": [13, 5], "car_3445": [8, 3], "car_3446": [0, 5], "car_3447": [10, 0], "car_3448": [2, 0], "car_3449": [6, 7], "car_3994": [6, 3], "car_3995": [13, 0], "car_1741": [3, 6], "car_3846": [7, 4], "car_3990": [0, 4], "car_3991": [11, 1], "car_2137": [8, 7], "car_2136": [7, 0], "car_2135": [13, 4], "car_2134": [9, 6], "car_2133": [2, 4], "car_2132": [10, 6], "car_1628": [10, 5], "car_1629": [2, 1], "car_1626": [8, 5], "car_1627": [11, 4], "car_1624": [9, 1], "car_1625": [13, 2], "car_1622": [5, 7], "car_1623": [14, 6], "car_1620": [12, 6], "car_1621": [0, 1], "car_3848": [4, 7], "car_3849": [1, 5], "car_3844": [9, 6], "car_3845": [3, 1], "car_1740": [6, 1], "car_3847": [8, 2], "car_3840": [1, 2], "car_3841": [10, 4], "car_3842": [2, 6], "car_3843": [6, 4]}