<routes>

	<vType id="car5" accel="100.0" decel="100.0" sigma="0.0" length="5" minGap="5.000000" maxSpeed="11.180000" tau="0.100000" carFollowModel="CACC" color="255,255,255"/>
	<vType id="car6" accel="100.0" decel="100.0" sigma="0.0" length="6" minGap="5.000000" maxSpeed="11.180000" tau="0.100000" carFollowModel="CACC" color="255,255,255"/>
	<vType id="car7" accel="100.0" decel="100.0" sigma="0.0" length="7" minGap="5.000000" maxSpeed="11.180000" tau="0.100000" carFollowModel="CACC" color="255,255,255"/>
	<vType id="car8" accel="100.0" decel="100.0" sigma="0.0" length="8" minGap="5.000000" maxSpeed="11.180000" tau="0.100000" carFollowModel="CACC" color="255,255,255"/>
	<vType id="car9" accel="100.0" decel="100.0" sigma="0.0" length="9" minGap="5.000000" maxSpeed="11.180000" tau="0.100000" carFollowModel="CACC" color="255,255,255"/>

	<route id="0" edges=" 001_001_1"/>
	<route id="4" edges=" 001_004_2"/>
	<route id="11" edges=" 004_001_3"/>
	<route id="15" edges=" 001_001_4"/>
	<route id="1" edges=" 001_002_1"/>
	<route id="5" edges=" 002_004_2"/>
	<route id="10" edges=" 004_002_3"/>
	<route id="14" edges=" 002_001_4"/>
	<route id="2" edges=" 001_003_1"/>
	<route id="6" edges=" 003_004_2"/>
	<route id="9" edges=" 004_003_3"/>
	<route id="13" edges=" 003_001_4"/>
	<route id="3" edges=" 001_004_1"/>
	<route id="7" edges=" 004_004_2"/>
	<route id="8" edges=" 004_004_3"/>
	<route id="12" edges=" 004_001_4"/>

	<vehicle id="car_0" type="car5" route="5" depart="0" departLane = "2" departSpeed="11.180000"/>
	<vehicle id="car_1" type="car8" route="11" depart="1" departLane = "1" departSpeed="11.180000"/>
	<vehicle id="car_2" type="car9" route="15" depart="1" departLane = "1" departSpeed="11.180000"/>
	<vehicle id="car_3" type="car5" route="3" depart="1" departLane = "0" departSpeed="11.180000"/>
	<vehicle id="car_4" type="car9" route="5" depart="3" departLane = "2" departSpeed="11.180000"/>
	<vehicle id="car_5" type="car8" route="3" depart="3" departLane = "0" departSpeed="11.180000"/>
	<vehicle id="car_6" type="car7" route="15" depart="4" departLane = "0" departSpeed="11.180000"/>
	<vehicle id="car_7" type="car9" route="14" depart="4" departLane = "0" departSpeed="11.180000"/>
	<vehicle id="car_8" type="car7" route="6" depart="5" departLane = "1" departSpeed="11.180000"/>
	<vehicle id="car_9" type="car8" route="3" depart="5" departLane = "1" departSpeed="11.180000"/>
	<vehicle id="car_10" type="car5" route="0" depart="6" departLane = "2" departSpeed="11.180000"/>
	<vehicle id="car_11" type="car7" route="3" depart="6" departLane = "2" departSpeed="11.180000"/>
	<vehicle id="car_12" type="car9" route="1" depart="9" departLane = "2" departSpeed="11.180000"/>
	<vehicle id="car_13" type="car7" route="0" depart="10" departLane = "0" departSpeed="11.180000"/>
	<vehicle id="car_14" type="car9" route="4" depart="10" departLane = "2" departSpeed="11.180000"/>
	<vehicle id="car_15" type="car8" route="5" depart="10" departLane = "0" departSpeed="11.180000"/>
	<vehicle id="car_16" type="car8" route="6" depart="11" departLane = "2" departSpeed="11.180000"/>
	<vehicle id="car_17" type="car5" route="0" depart="12" departLane = "0" departSpeed="11.180000"/>
	<vehicle id="car_18" type="car7" route="11" depart="12" departLane = "0" departSpeed="11.180000"/>
	<vehicle id="car_19" type="car5" route="7" depart="12" departLane = "1" departSpeed="11.180000"/>
	<vehicle id="car_20" type="car7" route="3" depart="13" departLane = "1" departSpeed="11.180000"/>
	<vehicle id="car_21" type="car5" route="7" depart="14" departLane = "2" departSpeed="11.180000"/>
	<vehicle id="car_22" type="car5" route="8" depart="14" departLane = "2" departSpeed="11.180000"/>
	<vehicle id="car_23" type="car9" route="12" depart="14" departLane = "0" departSpeed="11.180000"/>
	<vehicle id="car_24" type="car8" route="5" depart="15" departLane = "1" departSpeed="11.180000"/>
	<vehicle id="car_25" type="car6" route="2" depart="15" departLane = "1" departSpeed="11.180000"/>
	<vehicle id="car_26" type="car7" route="15" depart="16" departLane = "2" departSpeed="11.180000"/>
	<vehicle id="car_27" type="car8" route="8" depart="16" departLane = "2" departSpeed="11.180000"/>
	<vehicle id="car_28" type="car7" route="0" depart="18" departLane = "1" departSpeed="11.180000"/>
	<vehicle id="car_29" type="car5" route="5" depart="20" departLane = "2" departSpeed="11.180000"/>
	<vehicle id="car_30" type="car6" route="6" depart="20" departLane = "1" departSpeed="11.180000"/>
	<vehicle id="car_31" type="car9" route="5" depart="21" departLane = "1" departSpeed="11.180000"/>
	<vehicle id="car_32" type="car8" route="14" depart="23" departLane = "2" departSpeed="11.180000"/>
	<vehicle id="car_33" type="car7" route="7" depart="23" departLane = "0" departSpeed="11.180000"/>
	<vehicle id="car_34" type="car5" route="14" depart="24" departLane = "2" departSpeed="11.180000"/>
	<vehicle id="car_35" type="car9" route="14" depart="25" departLane = "2" departSpeed="11.180000"/>
	<vehicle id="car_36" type="car8" route="15" depart="26" departLane = "1" departSpeed="11.180000"/>
	<vehicle id="car_37" type="car7" route="2" depart="26" departLane = "1" departSpeed="11.180000"/>
	<vehicle id="car_38" type="car6" route="12" depart="26" departLane = "0" departSpeed="11.180000"/>
	<vehicle id="car_39" type="car5" route="15" depart="28" departLane = "0" departSpeed="11.180000"/>
	<vehicle id="car_40" type="car6" route="5" depart="29" departLane = "2" departSpeed="11.180000"/>
	<vehicle id="car_41" type="car5" route="3" depart="29" departLane = "0" departSpeed="11.180000"/>
	<vehicle id="car_42" type="car7" route="7" depart="29" departLane = "1" departSpeed="11.180000"/>
	<vehicle id="car_43" type="car7" route="8" depart="29" departLane = "1" departSpeed="11.180000"/>
	<vehicle id="car_44" type="car7" route="4" depart="30" departLane = "0" departSpeed="11.180000"/>
	<vehicle id="car_45" type="car8" route="15" depart="30" departLane = "0" departSpeed="11.180000"/>
	<vehicle id="car_46" type="car8" route="3" depart="30" departLane = "2" departSpeed="11.180000"/>
	<vehicle id="car_47" type="car5" route="7" depart="30" departLane = "0" departSpeed="11.180000"/>
	<vehicle id="car_48" type="car5" route="8" depart="30" departLane = "1" departSpeed="11.180000"/>
	<vehicle id="car_49" type="car6" route="5" depart="31" departLane = "1" departSpeed="11.180000"/>
	<vehicle id="car_50" type="car6" route="10" depart="31" departLane = "2" departSpeed="11.180000"/>
	<vehicle id="car_51" type="car7" route="12" depart="32" departLane = "2" departSpeed="11.180000"/>
	<vehicle id="car_52" type="car6" route="0" depart="33" departLane = "2" departSpeed="11.180000"/>
	<vehicle id="car_53" type="car6" route="2" depart="33" departLane = "2" departSpeed="11.180000"/>
	<vehicle id="car_54" type="car8" route="13" depart="33" departLane = "0" departSpeed="11.180000"/>
	<vehicle id="car_55" type="car6" route="12" depart="33" departLane = "2" departSpeed="11.180000"/>
	<vehicle id="car_56" type="car9" route="2" depart="34" departLane = "0" departSpeed="11.180000"/>
	<vehicle id="car_57" type="car7" route="3" depart="34" departLane = "0" departSpeed="11.180000"/>
	<vehicle id="car_58" type="car6" route="3" depart="35" departLane = "1" departSpeed="11.180000"/>
	<vehicle id="car_59" type="car6" route="14" depart="36" departLane = "0" departSpeed="11.180000"/>
	<vehicle id="car_60" type="car8" route="9" depart="37" departLane = "0" departSpeed="11.180000"/>
	<vehicle id="car_61" type="car8" route="3" depart="37" departLane = "0" departSpeed="11.180000"/>
	<vehicle id="car_62" type="car5" route="15" depart="38" departLane = "2" departSpeed="11.180000"/>
	<vehicle id="car_63" type="car5" route="10" depart="39" departLane = "1" departSpeed="11.180000"/>
	<vehicle id="car_64" type="car6" route="2" depart="39" departLane = "2" departSpeed="11.180000"/>
	<vehicle id="car_65" type="car5" route="3" depart="39" departLane = "0" departSpeed="11.180000"/>
	<vehicle id="car_66" type="car7" route="7" depart="39" departLane = "0" departSpeed="11.180000"/>
	<vehicle id="car_67" type="car7" route="11" depart="40" departLane = "1" departSpeed="11.180000"/>
	<vehicle id="car_68" type="car8" route="8" depart="40" departLane = "2" departSpeed="11.180000"/>
	<vehicle id="car_69" type="car7" route="6" depart="42" departLane = "1" departSpeed="11.180000"/>
	<vehicle id="car_70" type="car6" route="15" depart="44" departLane = "0" departSpeed="11.180000"/>
	<vehicle id="car_71" type="car6" route="6" depart="44" departLane = "2" departSpeed="11.180000"/>
	<vehicle id="car_72" type="car6" route="8" depart="44" departLane = "2" departSpeed="11.180000"/>
	<vehicle id="car_73" type="car8" route="5" depart="45" departLane = "0" departSpeed="11.180000"/>
	<vehicle id="car_74" type="car9" route="2" depart="45" departLane = "1" departSpeed="11.180000"/>
	<vehicle id="car_75" type="car5" route="11" depart="46" departLane = "2" departSpeed="11.180000"/>
	<vehicle id="car_76" type="car6" route="9" depart="46" departLane = "2" departSpeed="11.180000"/>
	<vehicle id="car_77" type="car9" route="13" depart="47" departLane = "1" departSpeed="11.180000"/>
	<vehicle id="car_78" type="car9" route="7" depart="47" departLane = "2" departSpeed="11.180000"/>
	<vehicle id="car_79" type="car7" route="0" depart="48" departLane = "1" departSpeed="11.180000"/>
	<vehicle id="car_80" type="car7" route="8" depart="49" departLane = "2" departSpeed="11.180000"/>
	<vehicle id="car_81" type="car9" route="12" depart="49" departLane = "1" departSpeed="11.180000"/>
	<vehicle id="car_82" type="car6" route="1" depart="51" departLane = "0" departSpeed="11.180000"/>
	<vehicle id="car_83" type="car5" route="14" depart="52" departLane = "1" departSpeed="11.180000"/>
	<vehicle id="car_84" type="car9" route="4" depart="53" departLane = "2" departSpeed="11.180000"/>
	<vehicle id="car_85" type="car5" route="5" depart="53" departLane = "1" departSpeed="11.180000"/>
	<vehicle id="car_86" type="car8" route="8" depart="53" departLane = "0" departSpeed="11.180000"/>
	<vehicle id="car_87" type="car6" route="4" depart="54" departLane = "1" departSpeed="11.180000"/>
	<vehicle id="car_88" type="car7" route="15" depart="55" departLane = "0" departSpeed="11.180000"/>
	<vehicle id="car_89" type="car7" route="7" depart="55" departLane = "1" departSpeed="11.180000"/>
	<vehicle id="car_90" type="car7" route="12" depart="55" departLane = "1" departSpeed="11.180000"/>
	<vehicle id="car_91" type="car8" route="1" depart="57" departLane = "2" departSpeed="11.180000"/>
	<vehicle id="car_92" type="car8" route="12" depart="58" departLane = "1" departSpeed="11.180000"/>
	<vehicle id="car_93" type="car8" route="14" depart="59" departLane = "2" departSpeed="11.180000"/>
	<vehicle id="car_94" type="car7" route="2" depart="60" departLane = "0" departSpeed="11.180000"/>
	<vehicle id="car_95" type="car6" route="0" depart="61" departLane = "0" departSpeed="11.180000"/>
	<vehicle id="car_96" type="car8" route="0" depart="62" departLane = "2" departSpeed="11.180000"/>
	<vehicle id="car_97" type="car5" route="1" depart="63" departLane = "1" departSpeed="11.180000"/>
	<vehicle id="car_98" type="car7" route="9" depart="63" departLane = "2" departSpeed="11.180000"/>
	<vehicle id="car_99" type="car5" route="9" depart="64" departLane = "2" departSpeed="11.180000"/>
	<vehicle id="car_100" type="car6" route="0" depart="65" departLane = "2" departSpeed="11.180000"/>
	<vehicle id="car_101" type="car7" route="4" depart="65" departLane = "0" departSpeed="11.180000"/>
	<vehicle id="car_102" type="car6" route="12" depart="65" departLane = "1" departSpeed="11.180000"/>
	<vehicle id="car_103" type="car5" route="11" depart="66" departLane = "1" departSpeed="11.180000"/>
	<vehicle id="car_104" type="car8" route="3" depart="66" departLane = "1" departSpeed="11.180000"/>
	<vehicle id="car_105" type="car7" route="3" depart="67" departLane = "0" departSpeed="11.180000"/>
	<vehicle id="car_106" type="car8" route="12" depart="67" departLane = "0" departSpeed="11.180000"/>
	<vehicle id="car_107" type="car9" route="1" depart="68" departLane = "0" departSpeed="11.180000"/>
	<vehicle id="car_108" type="car8" route="10" depart="68" departLane = "1" departSpeed="11.180000"/>
	<vehicle id="car_109" type="car8" route="6" depart="68" departLane = "1" departSpeed="11.180000"/>
	<vehicle id="car_110" type="car5" route="9" depart="68" departLane = "2" departSpeed="11.180000"/>
	<vehicle id="car_111" type="car6" route="4" depart="69" departLane = "2" departSpeed="11.180000"/>
	<vehicle id="car_112" type="car6" route="13" depart="69" departLane = "1" departSpeed="11.180000"/>
	<vehicle id="car_113" type="car5" route="8" depart="69" departLane = "1" departSpeed="11.180000"/>
	<vehicle id="car_114" type="car8" route="15" depart="70" departLane = "2" departSpeed="11.180000"/>
	<vehicle id="car_115" type="car9" route="8" depart="72" departLane = "0" departSpeed="11.180000"/>
	<vehicle id="car_116" type="car9" route="4" depart="73" departLane = "0" departSpeed="11.180000"/>
	<vehicle id="car_117" type="car6" route="4" depart="74" departLane = "0" departSpeed="11.180000"/>
	<vehicle id="car_118" type="car9" route="2" depart="74" departLane = "0" departSpeed="11.180000"/>
	<vehicle id="car_119" type="car9" route="10" depart="75" departLane = "1" departSpeed="11.180000"/>
	<vehicle id="car_120" type="car7" route="7" depart="76" departLane = "1" departSpeed="11.180000"/>
	<vehicle id="car_121" type="car7" route="2" depart="77" departLane = "2" departSpeed="11.180000"/>
	<vehicle id="car_122" type="car6" route="13" depart="77" departLane = "0" departSpeed="11.180000"/>
	<vehicle id="car_123" type="car9" route="15" depart="78" departLane = "0" departSpeed="11.180000"/>
	<vehicle id="car_124" type="car6" route="14" depart="78" departLane = "2" departSpeed="11.180000"/>
	<vehicle id="car_125" type="car5" route="0" depart="79" departLane = "1" departSpeed="11.180000"/>
	<vehicle id="car_126" type="car9" route="6" depart="80" departLane = "2" departSpeed="11.180000"/>
	<vehicle id="car_127" type="car7" route="0" depart="82" departLane = "1" departSpeed="11.180000"/>
	<vehicle id="car_128" type="car5" route="10" depart="82" departLane = "0" departSpeed="11.180000"/>
	<vehicle id="car_129" type="car7" route="7" depart="82" departLane = "1" departSpeed="11.180000"/>
	<vehicle id="car_130" type="car7" route="14" depart="83" departLane = "1" departSpeed="11.180000"/>
	<vehicle id="car_131" type="car5" route="6" depart="83" departLane = "0" departSpeed="11.180000"/>
	<vehicle id="car_132" type="car8" route="12" depart="83" departLane = "0" departSpeed="11.180000"/>
	<vehicle id="car_133" type="car9" route="6" depart="84" departLane = "2" departSpeed="11.180000"/>
	<vehicle id="car_134" type="car8" route="11" depart="85" departLane = "1" departSpeed="11.180000"/>
	<vehicle id="car_135" type="car6" route="10" depart="85" departLane = "1" departSpeed="11.180000"/>
	<vehicle id="car_136" type="car8" route="5" depart="86" departLane = "1" departSpeed="11.180000"/>
	<vehicle id="car_137" type="car8" route="9" depart="89" departLane = "1" departSpeed="11.180000"/>
	<vehicle id="car_138" type="car9" route="9" depart="90" departLane = "0" departSpeed="11.180000"/>
	<vehicle id="car_139" type="car7" route="3" depart="90" departLane = "2" departSpeed="11.180000"/>
	<vehicle id="car_140" type="car9" route="11" depart="91" departLane = "0" departSpeed="11.180000"/>
	<vehicle id="car_141" type="car5" route="4" depart="92" departLane = "0" departSpeed="11.180000"/>
	<vehicle id="car_142" type="car8" route="8" depart="92" departLane = "1" departSpeed="11.180000"/>
	<vehicle id="car_143" type="car6" route="11" depart="93" departLane = "2" departSpeed="11.180000"/>
	<vehicle id="car_144" type="car9" route="2" depart="93" departLane = "1" departSpeed="11.180000"/>
	<vehicle id="car_145" type="car5" route="9" depart="93" departLane = "1" departSpeed="11.180000"/>
	<vehicle id="car_146" type="car5" route="5" depart="94" departLane = "0" departSpeed="11.180000"/>
	<vehicle id="car_147" type="car9" route="6" depart="95" departLane = "0" departSpeed="11.180000"/>
	<vehicle id="car_148" type="car9" route="5" depart="96" departLane = "0" departSpeed="11.180000"/>
	<vehicle id="car_149" type="car6" route="14" depart="96" departLane = "2" departSpeed="11.180000"/>
	<vehicle id="car_150" type="car5" route="12" depart="98" departLane = "2" departSpeed="11.180000"/>
	<vehicle id="car_151" type="car9" route="7" depart="99" departLane = "1" departSpeed="11.180000"/>
	<vehicle id="car_152" type="car6" route="12" depart="99" departLane = "2" departSpeed="11.180000"/>
	<vehicle id="car_153" type="car7" route="13" depart="100" departLane = "0" departSpeed="11.180000"/>
	<vehicle id="car_154" type="car9" route="15" depart="101" departLane = "1" departSpeed="11.180000"/>
	<vehicle id="car_155" type="car6" route="2" depart="102" departLane = "2" departSpeed="11.180000"/>
	<vehicle id="car_156" type="car8" route="13" depart="102" departLane = "0" departSpeed="11.180000"/>
	<vehicle id="car_157" type="car5" route="15" depart="103" departLane = "0" departSpeed="11.180000"/>
	<vehicle id="car_158" type="car9" route="1" depart="106" departLane = "1" departSpeed="11.180000"/>
	<vehicle id="car_159" type="car7" route="14" depart="106" departLane = "2" departSpeed="11.180000"/>
	<vehicle id="car_160" type="car7" route="12" depart="108" departLane = "2" departSpeed="11.180000"/>
	<vehicle id="car_161" type="car7" route="1" depart="109" departLane = "2" departSpeed="11.180000"/>
	<vehicle id="car_162" type="car5" route="14" depart="109" departLane = "1" departSpeed="11.180000"/>
	<vehicle id="car_163" type="car6" route="0" depart="110" departLane = "1" departSpeed="11.180000"/>
	<vehicle id="car_164" type="car5" route="14" depart="110" departLane = "0" departSpeed="11.180000"/>
	<vehicle id="car_165" type="car9" route="9" depart="111" departLane = "1" departSpeed="11.180000"/>
	<vehicle id="car_166" type="car7" route="8" depart="111" departLane = "1" departSpeed="11.180000"/>
	<vehicle id="car_167" type="car7" route="12" depart="111" departLane = "0" departSpeed="11.180000"/>
	<vehicle id="car_168" type="car6" route="1" depart="112" departLane = "0" departSpeed="11.180000"/>
	<vehicle id="car_169" type="car7" route="7" depart="112" departLane = "1" departSpeed="11.180000"/>
	<vehicle id="car_170" type="car7" route="1" depart="113" departLane = "1" departSpeed="11.180000"/>
	<vehicle id="car_171" type="car7" route="12" depart="113" departLane = "0" departSpeed="11.180000"/>
	<vehicle id="car_172" type="car9" route="15" depart="116" departLane = "1" departSpeed="11.180000"/>
	<vehicle id="car_173" type="car6" route="6" depart="116" departLane = "2" departSpeed="11.180000"/>
	<vehicle id="car_174" type="car9" route="9" depart="116" departLane = "1" departSpeed="11.180000"/>
	<vehicle id="car_175" type="car9" route="12" depart="116" departLane = "0" departSpeed="11.180000"/>
	<vehicle id="car_176" type="car5" route="13" depart="118" departLane = "0" departSpeed="11.180000"/>
	<vehicle id="car_177" type="car6" route="6" depart="119" departLane = "0" departSpeed="11.180000"/>
	<vehicle id="car_178" type="car6" route="7" depart="119" departLane = "1" departSpeed="11.180000"/>
	<vehicle id="car_179" type="car6" route="12" depart="119" departLane = "0" departSpeed="11.180000"/>
	<vehicle id="car_180" type="car9" route="15" depart="120" departLane = "0" departSpeed="11.180000"/>
	<vehicle id="car_181" type="car5" route="14" depart="121" departLane = "2" departSpeed="11.180000"/>
	<vehicle id="car_182" type="car8" route="8" depart="122" departLane = "2" departSpeed="11.180000"/>
	<vehicle id="car_183" type="car6" route="12" depart="122" departLane = "0" departSpeed="11.180000"/>
	<vehicle id="car_184" type="car7" route="0" depart="124" departLane = "2" departSpeed="11.180000"/>
	<vehicle id="car_185" type="car5" route="11" depart="125" departLane = "1" departSpeed="11.180000"/>
	<vehicle id="car_186" type="car5" route="8" depart="125" departLane = "0" departSpeed="11.180000"/>
	<vehicle id="car_187" type="car8" route="15" depart="126" departLane = "2" departSpeed="11.180000"/>
	<vehicle id="car_188" type="car5" route="15" depart="127" departLane = "0" departSpeed="11.180000"/>
	<vehicle id="car_189" type="car8" route="5" depart="127" departLane = "0" departSpeed="11.180000"/>
	<vehicle id="car_190" type="car7" route="10" depart="127" departLane = "0" departSpeed="11.180000"/>
	<vehicle id="car_191" type="car7" route="4" depart="128" departLane = "2" departSpeed="11.180000"/>
	<vehicle id="car_192" type="car5" route="5" depart="130" departLane = "0" departSpeed="11.180000"/>
	<vehicle id="car_193" type="car9" route="2" depart="130" departLane = "2" departSpeed="11.180000"/>
	<vehicle id="car_194" type="car5" route="0" depart="131" departLane = "2" departSpeed="11.180000"/>
	<vehicle id="car_195" type="car7" route="13" depart="131" departLane = "2" departSpeed="11.180000"/>
	<vehicle id="car_196" type="car9" route="15" depart="134" departLane = "0" departSpeed="11.180000"/>
	<vehicle id="car_197" type="car8" route="14" depart="135" departLane = "2" departSpeed="11.180000"/>
	<vehicle id="car_198" type="car6" route="12" depart="135" departLane = "2" departSpeed="11.180000"/>
	<vehicle id="car_199" type="car7" route="12" depart="137" departLane = "1" departSpeed="11.180000"/>
	<vehicle id="car_200" type="car9" route="4" depart="138" departLane = "0" departSpeed="11.180000"/>
	<vehicle id="car_201" type="car7" route="13" depart="139" departLane = "2" departSpeed="11.180000"/>
	<vehicle id="car_202" type="car6" route="1" depart="140" departLane = "2" departSpeed="11.180000"/>
	<vehicle id="car_203" type="car9" route="8" depart="140" departLane = "0" departSpeed="11.180000"/>
	<vehicle id="car_204" type="car9" route="13" depart="141" departLane = "1" departSpeed="11.180000"/>
	<vehicle id="car_205" type="car7" route="8" depart="141" departLane = "2" departSpeed="11.180000"/>
	<vehicle id="car_206" type="car6" route="1" depart="142" departLane = "0" departSpeed="11.180000"/>
	<vehicle id="car_207" type="car5" route="3" depart="143" departLane = "2" departSpeed="11.180000"/>
	<vehicle id="car_208" type="car8" route="0" depart="144" departLane = "2" departSpeed="11.180000"/>
	<vehicle id="car_209" type="car5" route="2" depart="144" departLane = "1" departSpeed="11.180000"/>
	<vehicle id="car_210" type="car9" route="8" depart="145" departLane = "1" departSpeed="11.180000"/>
	<vehicle id="car_211" type="car5" route="10" depart="146" departLane = "1" departSpeed="11.180000"/>
	<vehicle id="car_212" type="car6" route="2" depart="146" departLane = "0" departSpeed="11.180000"/>
	<vehicle id="car_213" type="car7" route="7" depart="146" departLane = "1" departSpeed="11.180000"/>
	<vehicle id="car_214" type="car9" route="0" depart="147" departLane = "0" departSpeed="11.180000"/>
	<vehicle id="car_215" type="car7" route="10" depart="147" departLane = "2" departSpeed="11.180000"/>
	<vehicle id="car_216" type="car5" route="8" depart="149" departLane = "1" departSpeed="11.180000"/>
	<vehicle id="car_217" type="car6" route="5" depart="150" departLane = "1" departSpeed="11.180000"/>
	<vehicle id="car_218" type="car7" route="8" depart="150" departLane = "0" departSpeed="11.180000"/>
	<vehicle id="car_219" type="car8" route="11" depart="151" departLane = "0" departSpeed="11.180000"/>
	<vehicle id="car_220" type="car9" route="13" depart="151" departLane = "2" departSpeed="11.180000"/>
	<vehicle id="car_221" type="car7" route="11" depart="152" departLane = "1" departSpeed="11.180000"/>
	<vehicle id="car_222" type="car6" route="15" depart="152" departLane = "2" departSpeed="11.180000"/>
	<vehicle id="car_223" type="car6" route="11" depart="154" departLane = "1" departSpeed="11.180000"/>
	<vehicle id="car_224" type="car9" route="1" depart="154" departLane = "0" departSpeed="11.180000"/>
	<vehicle id="car_225" type="car5" route="7" depart="155" departLane = "1" departSpeed="11.180000"/>
	<vehicle id="car_226" type="car9" route="8" depart="155" departLane = "0" departSpeed="11.180000"/>
	<vehicle id="car_227" type="car5" route="6" depart="156" departLane = "2" departSpeed="11.180000"/>
	<vehicle id="car_228" type="car9" route="13" depart="156" departLane = "1" departSpeed="11.180000"/>
	<vehicle id="car_229" type="car5" route="0" depart="157" departLane = "2" departSpeed="11.180000"/>
	<vehicle id="car_230" type="car7" route="4" depart="157" departLane = "0" departSpeed="11.180000"/>
	<vehicle id="car_231" type="car9" route="2" depart="157" departLane = "1" departSpeed="11.180000"/>
	<vehicle id="car_232" type="car5" route="3" depart="157" departLane = "1" departSpeed="11.180000"/>
	<vehicle id="car_233" type="car9" route="2" depart="159" departLane = "2" departSpeed="11.180000"/>
	<vehicle id="car_234" type="car6" route="15" depart="160" departLane = "2" departSpeed="11.180000"/>
	<vehicle id="car_235" type="car9" route="1" depart="160" departLane = "1" departSpeed="11.180000"/>
	<vehicle id="car_236" type="car9" route="4" depart="161" departLane = "0" departSpeed="11.180000"/>
	<vehicle id="car_237" type="car9" route="5" depart="161" departLane = "0" departSpeed="11.180000"/>
	<vehicle id="car_238" type="car9" route="8" depart="161" departLane = "0" departSpeed="11.180000"/>
	<vehicle id="car_239" type="car6" route="11" depart="163" departLane = "1" departSpeed="11.180000"/>
	<vehicle id="car_240" type="car5" route="9" depart="163" departLane = "0" departSpeed="11.180000"/>
	<vehicle id="car_241" type="car5" route="12" depart="163" departLane = "1" departSpeed="11.180000"/>
	<vehicle id="car_242" type="car6" route="15" depart="164" departLane = "0" departSpeed="11.180000"/>
	<vehicle id="car_243" type="car5" route="1" depart="164" departLane = "1" departSpeed="11.180000"/>
	<vehicle id="car_244" type="car6" route="7" depart="165" departLane = "2" departSpeed="11.180000"/>
	<vehicle id="car_245" type="car6" route="12" depart="165" departLane = "1" departSpeed="11.180000"/>
	<vehicle id="car_246" type="car5" route="14" depart="166" departLane = "2" departSpeed="11.180000"/>
	<vehicle id="car_247" type="car9" route="13" depart="167" departLane = "1" departSpeed="11.180000"/>
	<vehicle id="car_248" type="car8" route="5" depart="168" departLane = "0" departSpeed="11.180000"/>
	<vehicle id="car_249" type="car6" route="9" depart="168" departLane = "0" departSpeed="11.180000"/>
	<vehicle id="car_250" type="car8" route="8" depart="168" departLane = "1" departSpeed="11.180000"/>
	<vehicle id="car_251" type="car8" route="14" depart="169" departLane = "0" departSpeed="11.180000"/>
	<vehicle id="car_252" type="car8" route="2" depart="169" departLane = "0" departSpeed="11.180000"/>
	<vehicle id="car_253" type="car5" route="1" depart="170" departLane = "1" departSpeed="11.180000"/>
	<vehicle id="car_254" type="car6" route="10" depart="170" departLane = "2" departSpeed="11.180000"/>
	<vehicle id="car_255" type="car9" route="1" depart="171" departLane = "0" departSpeed="11.180000"/>
	<vehicle id="car_256" type="car6" route="15" depart="172" departLane = "1" departSpeed="11.180000"/>
	<vehicle id="car_257" type="car5" route="12" depart="172" departLane = "1" departSpeed="11.180000"/>
	<vehicle id="car_258" type="car7" route="0" depart="173" departLane = "2" departSpeed="11.180000"/>
	<vehicle id="car_259" type="car8" route="10" depart="173" departLane = "1" departSpeed="11.180000"/>
	<vehicle id="car_260" type="car5" route="3" depart="174" departLane = "2" departSpeed="11.180000"/>
	<vehicle id="car_261" type="car8" route="7" depart="175" departLane = "0" departSpeed="11.180000"/>
	<vehicle id="car_262" type="car6" route="12" depart="175" departLane = "1" departSpeed="11.180000"/>
	<vehicle id="car_263" type="car5" route="4" depart="176" departLane = "1" departSpeed="11.180000"/>
	<vehicle id="car_264" type="car8" route="3" depart="176" departLane = "2" departSpeed="11.180000"/>
	<vehicle id="car_265" type="car7" route="6" depart="177" departLane = "0" departSpeed="11.180000"/>
	<vehicle id="car_266" type="car6" route="11" depart="178" departLane = "2" departSpeed="11.180000"/>
	<vehicle id="car_267" type="car6" route="14" depart="178" departLane = "2" departSpeed="11.180000"/>
	<vehicle id="car_268" type="car9" route="6" depart="178" departLane = "1" departSpeed="11.180000"/>
	<vehicle id="car_269" type="car9" route="3" depart="178" departLane = "2" departSpeed="11.180000"/>
	<vehicle id="car_270" type="car5" route="1" depart="180" departLane = "0" departSpeed="11.180000"/>
	<vehicle id="car_271" type="car5" route="14" depart="180" departLane = "0" departSpeed="11.180000"/>
	<vehicle id="car_272" type="car6" route="15" depart="181" departLane = "2" departSpeed="11.180000"/>
	<vehicle id="car_273" type="car7" route="6" depart="181" departLane = "1" departSpeed="11.180000"/>
	<vehicle id="car_274" type="car9" route="14" depart="182" departLane = "1" departSpeed="11.180000"/>
	<vehicle id="car_275" type="car6" route="12" depart="182" departLane = "0" departSpeed="11.180000"/>
	<vehicle id="car_276" type="car8" route="1" depart="183" departLane = "1" departSpeed="11.180000"/>
	<vehicle id="car_277" type="car5" route="14" depart="184" departLane = "2" departSpeed="11.180000"/>
	<vehicle id="car_278" type="car6" route="8" depart="184" departLane = "0" departSpeed="11.180000"/>
	<vehicle id="car_279" type="car6" route="15" depart="185" departLane = "1" departSpeed="11.180000"/>
	<vehicle id="car_280" type="car5" route="3" depart="185" departLane = "2" departSpeed="11.180000"/>
	<vehicle id="car_281" type="car5" route="1" depart="186" departLane = "1" departSpeed="11.180000"/>
	<vehicle id="car_282" type="car9" route="5" depart="188" departLane = "0" departSpeed="11.180000"/>
	<vehicle id="car_283" type="car7" route="10" depart="188" departLane = "1" departSpeed="11.180000"/>
	<vehicle id="car_284" type="car7" route="15" depart="189" departLane = "0" departSpeed="11.180000"/>
	<vehicle id="car_285" type="car6" route="11" depart="190" departLane = "2" departSpeed="11.180000"/>
	<vehicle id="car_286" type="car5" route="5" depart="190" departLane = "2" departSpeed="11.180000"/>
	<vehicle id="car_287" type="car8" route="9" depart="190" departLane = "0" departSpeed="11.180000"/>
	<vehicle id="car_288" type="car5" route="5" depart="191" departLane = "2" departSpeed="11.180000"/>
	<vehicle id="car_289" type="car9" route="2" depart="191" departLane = "0" departSpeed="11.180000"/>
	<vehicle id="car_290" type="car7" route="6" depart="192" departLane = "2" departSpeed="11.180000"/>
	<vehicle id="car_291" type="car7" route="12" depart="192" departLane = "0" departSpeed="11.180000"/>
	<vehicle id="car_292" type="car7" route="12" depart="193" departLane = "2" departSpeed="11.180000"/>
	<vehicle id="car_293" type="car6" route="10" depart="194" departLane = "1" departSpeed="11.180000"/>
	<vehicle id="car_294" type="car8" route="13" depart="194" departLane = "2" departSpeed="11.180000"/>
	<vehicle id="car_295" type="car7" route="12" depart="194" departLane = "2" departSpeed="11.180000"/>
	<vehicle id="car_296" type="car8" route="1" depart="195" departLane = "0" departSpeed="11.180000"/>
	<vehicle id="car_297" type="car7" route="13" depart="196" departLane = "1" departSpeed="11.180000"/>
	<vehicle id="car_298" type="car9" route="10" depart="197" departLane = "1" departSpeed="11.180000"/>
	<vehicle id="car_299" type="car9" route="14" depart="197" departLane = "0" departSpeed="11.180000"/>
	<vehicle id="car_300" type="car6" route="6" depart="199" departLane = "2" departSpeed="11.180000"/>
	<vehicle id="car_301" type="car7" route="13" depart="199" departLane = "1" departSpeed="11.180000"/>
	<vehicle id="car_302" type="car5" route="3" depart="199" departLane = "1" departSpeed="11.180000"/>
	<vehicle id="car_303" type="car9" route="4" depart="200" departLane = "0" departSpeed="11.180000"/>
	<vehicle id="car_304" type="car5" route="10" depart="201" departLane = "0" departSpeed="11.180000"/>
	<vehicle id="car_305" type="car8" route="2" depart="201" departLane = "2" departSpeed="11.180000"/>
	<vehicle id="car_306" type="car8" route="9" depart="201" departLane = "1" departSpeed="11.180000"/>
	<vehicle id="car_307" type="car5" route="7" depart="201" departLane = "1" departSpeed="11.180000"/>
	<vehicle id="car_308" type="car9" route="6" depart="203" departLane = "1" departSpeed="11.180000"/>
	<vehicle id="car_309" type="car5" route="10" depart="204" departLane = "2" departSpeed="11.180000"/>
	<vehicle id="car_310" type="car7" route="0" depart="205" departLane = "2" departSpeed="11.180000"/>
	<vehicle id="car_311" type="car5" route="5" depart="205" departLane = "1" departSpeed="11.180000"/>
	<vehicle id="car_312" type="car6" route="9" depart="205" departLane = "0" departSpeed="11.180000"/>
	<vehicle id="car_313" type="car8" route="4" depart="206" departLane = "1" departSpeed="11.180000"/>
	<vehicle id="car_314" type="car7" route="12" depart="207" departLane = "0" departSpeed="11.180000"/>
	<vehicle id="car_315" type="car6" route="3" depart="208" departLane = "0" departSpeed="11.180000"/>
	<vehicle id="car_316" type="car7" route="14" depart="210" departLane = "1" departSpeed="11.180000"/>
	<vehicle id="car_317" type="car6" route="7" depart="210" departLane = "0" departSpeed="11.180000"/>
	<vehicle id="car_318" type="car6" route="11" depart="212" departLane = "0" departSpeed="11.180000"/>
	<vehicle id="car_319" type="car5" route="14" depart="212" departLane = "2" departSpeed="11.180000"/>
	<vehicle id="car_320" type="car5" route="9" depart="212" departLane = "2" departSpeed="11.180000"/>
	<vehicle id="car_321" type="car9" route="5" depart="213" departLane = "1" departSpeed="11.180000"/>
	<vehicle id="car_322" type="car9" route="7" depart="213" departLane = "0" departSpeed="11.180000"/>
	<vehicle id="car_323" type="car7" route="11" depart="215" departLane = "2" departSpeed="11.180000"/>
	<vehicle id="car_324" type="car8" route="8" depart="215" departLane = "2" departSpeed="11.180000"/>
	<vehicle id="car_325" type="car9" route="4" depart="217" departLane = "0" departSpeed="11.180000"/>
	<vehicle id="car_326" type="car7" route="5" depart="217" departLane = "1" departSpeed="11.180000"/>
	<vehicle id="car_327" type="car6" route="14" depart="217" departLane = "1" departSpeed="11.180000"/>
	<vehicle id="car_328" type="car6" route="4" depart="218" departLane = "1" departSpeed="11.180000"/>
	<vehicle id="car_329" type="car6" route="3" depart="218" departLane = "2" departSpeed="11.180000"/>
	<vehicle id="car_330" type="car7" route="4" depart="219" departLane = "2" departSpeed="11.180000"/>
	<vehicle id="car_331" type="car9" route="3" depart="219" departLane = "2" departSpeed="11.180000"/>
	<vehicle id="car_332" type="car5" route="15" depart="220" departLane = "1" departSpeed="11.180000"/>
	<vehicle id="car_333" type="car8" route="9" depart="220" departLane = "1" departSpeed="11.180000"/>
	<vehicle id="car_334" type="car7" route="5" depart="221" departLane = "0" departSpeed="11.180000"/>
	<vehicle id="car_335" type="car5" route="7" depart="221" departLane = "2" departSpeed="11.180000"/>
	<vehicle id="car_336" type="car7" route="5" depart="222" departLane = "0" departSpeed="11.180000"/>
	<vehicle id="car_337" type="car7" route="4" depart="223" departLane = "2" departSpeed="11.180000"/>
	<vehicle id="car_338" type="car7" route="2" depart="223" departLane = "1" departSpeed="11.180000"/>
	<vehicle id="car_339" type="car6" route="12" depart="223" departLane = "2" departSpeed="11.180000"/>
	<vehicle id="car_340" type="car5" route="8" depart="224" departLane = "2" departSpeed="11.180000"/>
	<vehicle id="car_341" type="car7" route="1" depart="226" departLane = "1" departSpeed="11.180000"/>
	<vehicle id="car_342" type="car7" route="12" depart="226" departLane = "1" departSpeed="11.180000"/>
	<vehicle id="car_343" type="car8" route="5" depart="228" departLane = "1" departSpeed="11.180000"/>
	<vehicle id="car_344" type="car7" route="9" depart="228" departLane = "1" departSpeed="11.180000"/>
	<vehicle id="car_345" type="car7" route="13" depart="228" departLane = "0" departSpeed="11.180000"/>
	<vehicle id="car_346" type="car7" route="5" depart="229" departLane = "2" departSpeed="11.180000"/>
	<vehicle id="car_347" type="car8" route="6" depart="229" departLane = "2" departSpeed="11.180000"/>
	<vehicle id="car_348" type="car6" route="4" depart="230" departLane = "2" departSpeed="11.180000"/>
	<vehicle id="car_349" type="car6" route="14" depart="230" departLane = "0" departSpeed="11.180000"/>
	<vehicle id="car_350" type="car9" route="9" depart="230" departLane = "2" departSpeed="11.180000"/>
	<vehicle id="car_351" type="car6" route="1" depart="231" departLane = "2" departSpeed="11.180000"/>
	<vehicle id="car_352" type="car9" route="7" depart="231" departLane = "0" departSpeed="11.180000"/>
	<vehicle id="car_353" type="car7" route="0" depart="232" departLane = "0" departSpeed="11.180000"/>
	<vehicle id="car_354" type="car6" route="14" depart="232" departLane = "0" departSpeed="11.180000"/>
	<vehicle id="car_355" type="car8" route="7" depart="232" departLane = "0" departSpeed="11.180000"/>
	<vehicle id="car_356" type="car5" route="5" depart="233" departLane = "2" departSpeed="11.180000"/>
	<vehicle id="car_357" type="car5" route="7" depart="233" departLane = "0" departSpeed="11.180000"/>
	<vehicle id="car_358" type="car8" route="15" depart="235" departLane = "2" departSpeed="11.180000"/>
	<vehicle id="car_359" type="car5" route="5" depart="236" departLane = "2" departSpeed="11.180000"/>
	<vehicle id="car_360" type="car9" route="8" depart="237" departLane = "1" departSpeed="11.180000"/>
	<vehicle id="car_361" type="car6" route="3" depart="238" departLane = "0" departSpeed="11.180000"/>
	<vehicle id="car_362" type="car8" route="11" depart="239" departLane = "1" departSpeed="11.180000"/>
	<vehicle id="car_363" type="car5" route="12" depart="239" departLane = "2" departSpeed="11.180000"/>
	<vehicle id="car_364" type="car7" route="10" depart="240" departLane = "0" departSpeed="11.180000"/>
	<vehicle id="car_365" type="car5" route="14" depart="240" departLane = "1" departSpeed="11.180000"/>
	<vehicle id="car_366" type="car8" route="4" depart="243" departLane = "1" departSpeed="11.180000"/>
	<vehicle id="car_367" type="car8" route="7" depart="244" departLane = "0" departSpeed="11.180000"/>
	<vehicle id="car_368" type="car9" route="0" depart="245" departLane = "0" departSpeed="11.180000"/>
	<vehicle id="car_369" type="car9" route="9" depart="245" departLane = "0" departSpeed="11.180000"/>
	<vehicle id="car_370" type="car7" route="0" depart="246" departLane = "0" departSpeed="11.180000"/>
	<vehicle id="car_371" type="car9" route="4" depart="247" departLane = "1" departSpeed="11.180000"/>
	<vehicle id="car_372" type="car6" route="7" depart="247" departLane = "0" departSpeed="11.180000"/>
	<vehicle id="car_373" type="car6" route="8" depart="247" departLane = "0" departSpeed="11.180000"/>
	<vehicle id="car_374" type="car7" route="5" depart="249" departLane = "2" departSpeed="11.180000"/>
	<vehicle id="car_375" type="car8" route="4" depart="250" departLane = "1" departSpeed="11.180000"/>
	<vehicle id="car_376" type="car6" route="15" depart="250" departLane = "1" departSpeed="11.180000"/>
	<vehicle id="car_377" type="car9" route="14" depart="250" departLane = "0" departSpeed="11.180000"/>
	<vehicle id="car_378" type="car9" route="2" depart="250" departLane = "2" departSpeed="11.180000"/>
	<vehicle id="car_379" type="car6" route="4" depart="251" departLane = "2" departSpeed="11.180000"/>
	<vehicle id="car_380" type="car5" route="1" depart="251" departLane = "2" departSpeed="11.180000"/>
	<vehicle id="car_381" type="car7" route="2" depart="251" departLane = "1" departSpeed="11.180000"/>
	<vehicle id="car_382" type="car8" route="9" depart="251" departLane = "1" departSpeed="11.180000"/>
	<vehicle id="car_383" type="car7" route="12" depart="252" departLane = "0" departSpeed="11.180000"/>
	<vehicle id="car_384" type="car7" route="0" depart="253" departLane = "0" departSpeed="11.180000"/>
	<vehicle id="car_385" type="car6" route="13" depart="253" departLane = "1" departSpeed="11.180000"/>
	<vehicle id="car_386" type="car9" route="8" depart="254" departLane = "0" departSpeed="11.180000"/>
	<vehicle id="car_387" type="car8" route="0" depart="255" departLane = "2" departSpeed="11.180000"/>
	<vehicle id="car_388" type="car6" route="0" depart="256" departLane = "1" departSpeed="11.180000"/>
	<vehicle id="car_389" type="car7" route="11" depart="257" departLane = "1" departSpeed="11.180000"/>
	<vehicle id="car_390" type="car9" route="14" depart="260" departLane = "2" departSpeed="11.180000"/>
	<vehicle id="car_391" type="car8" route="7" depart="260" departLane = "1" departSpeed="11.180000"/>
	<vehicle id="car_392" type="car6" route="12" depart="260" departLane = "1" departSpeed="11.180000"/>
	<vehicle id="car_393" type="car7" route="10" depart="261" departLane = "2" departSpeed="11.180000"/>
	<vehicle id="car_394" type="car7" route="8" depart="261" departLane = "0" departSpeed="11.180000"/>
	<vehicle id="car_395" type="car8" route="14" depart="262" departLane = "1" departSpeed="11.180000"/>
	<vehicle id="car_396" type="car9" route="15" depart="265" departLane = "2" departSpeed="11.180000"/>
	<vehicle id="car_397" type="car9" route="12" depart="265" departLane = "0" departSpeed="11.180000"/>
	<vehicle id="car_398" type="car9" route="1" depart="266" departLane = "2" departSpeed="11.180000"/>
	<vehicle id="car_399" type="car5" route="7" depart="266" departLane = "2" departSpeed="11.180000"/>
	<vehicle id="car_400" type="car9" route="15" depart="267" departLane = "0" departSpeed="11.180000"/>
	<vehicle id="car_401" type="car8" route="10" depart="267" departLane = "2" departSpeed="11.180000"/>
	<vehicle id="car_402" type="car8" route="8" depart="267" departLane = "0" departSpeed="11.180000"/>
	<vehicle id="car_403" type="car5" route="5" depart="268" departLane = "2" departSpeed="11.180000"/>
	<vehicle id="car_404" type="car7" route="14" depart="269" departLane = "0" departSpeed="11.180000"/>
	<vehicle id="car_405" type="car7" route="5" depart="270" departLane = "1" departSpeed="11.180000"/>
	<vehicle id="car_406" type="car7" route="2" depart="270" departLane = "0" departSpeed="11.180000"/>
	<vehicle id="car_407" type="car6" route="15" depart="271" departLane = "0" departSpeed="11.180000"/>
	<vehicle id="car_408" type="car8" route="5" depart="271" departLane = "2" departSpeed="11.180000"/>
	<vehicle id="car_409" type="car6" route="2" depart="271" departLane = "0" departSpeed="11.180000"/>
	<vehicle id="car_410" type="car7" route="0" depart="272" departLane = "1" departSpeed="11.180000"/>
	<vehicle id="car_411" type="car8" route="10" depart="272" departLane = "0" departSpeed="11.180000"/>
	<vehicle id="car_412" type="car6" route="6" depart="272" departLane = "0" departSpeed="11.180000"/>
	<vehicle id="car_413" type="car9" route="15" depart="273" departLane = "0" departSpeed="11.180000"/>
	<vehicle id="car_414" type="car6" route="11" depart="274" departLane = "2" departSpeed="11.180000"/>
	<vehicle id="car_415" type="car6" route="9" depart="274" departLane = "2" departSpeed="11.180000"/>
	<vehicle id="car_416" type="car6" route="8" depart="274" departLane = "0" departSpeed="11.180000"/>
	<vehicle id="car_417" type="car7" route="0" depart="276" departLane = "1" departSpeed="11.180000"/>
	<vehicle id="car_418" type="car8" route="11" depart="276" departLane = "0" departSpeed="11.180000"/>
	<vehicle id="car_419" type="car9" route="15" depart="276" departLane = "0" departSpeed="11.180000"/>
	<vehicle id="car_420" type="car6" route="1" depart="276" departLane = "1" departSpeed="11.180000"/>
	<vehicle id="car_421" type="car7" route="14" depart="276" departLane = "0" departSpeed="11.180000"/>
	<vehicle id="car_422" type="car9" route="5" depart="277" departLane = "0" departSpeed="11.180000"/>
	<vehicle id="car_423" type="car6" route="11" depart="278" departLane = "0" departSpeed="11.180000"/>
	<vehicle id="car_424" type="car9" route="10" depart="278" departLane = "1" departSpeed="11.180000"/>
	<vehicle id="car_425" type="car6" route="0" depart="280" departLane = "1" departSpeed="11.180000"/>
	<vehicle id="car_426" type="car8" route="15" depart="281" departLane = "1" departSpeed="11.180000"/>
	<vehicle id="car_427" type="car6" route="1" depart="281" departLane = "2" departSpeed="11.180000"/>
	<vehicle id="car_428" type="car7" route="15" depart="283" departLane = "1" departSpeed="11.180000"/>
	<vehicle id="car_429" type="car8" route="5" depart="285" departLane = "0" departSpeed="11.180000"/>
	<vehicle id="car_430" type="car5" route="7" depart="286" departLane = "0" departSpeed="11.180000"/>
	<vehicle id="car_431" type="car9" route="14" depart="287" departLane = "2" departSpeed="11.180000"/>
	<vehicle id="car_432" type="car7" route="7" depart="287" departLane = "2" departSpeed="11.180000"/>
	<vehicle id="car_433" type="car7" route="1" depart="288" departLane = "2" departSpeed="11.180000"/>
	<vehicle id="car_434" type="car6" route="1" depart="290" departLane = "2" departSpeed="11.180000"/>
	<vehicle id="car_435" type="car5" route="2" depart="290" departLane = "2" departSpeed="11.180000"/>
	<vehicle id="car_436" type="car7" route="11" depart="291" departLane = "0" departSpeed="11.180000"/>
	<vehicle id="car_437" type="car7" route="14" depart="291" departLane = "1" departSpeed="11.180000"/>
	<vehicle id="car_438" type="car9" route="9" depart="291" departLane = "2" departSpeed="11.180000"/>
	<vehicle id="car_439" type="car5" route="4" depart="292" departLane = "2" departSpeed="11.180000"/>
	<vehicle id="car_440" type="car5" route="15" depart="292" departLane = "0" departSpeed="11.180000"/>
	<vehicle id="car_441" type="car9" route="10" depart="292" departLane = "2" departSpeed="11.180000"/>
	<vehicle id="car_442" type="car6" route="13" depart="292" departLane = "0" departSpeed="11.180000"/>
	<vehicle id="car_443" type="car7" route="0" depart="293" departLane = "2" departSpeed="11.180000"/>
	<vehicle id="car_444" type="car5" route="9" depart="293" departLane = "0" departSpeed="11.180000"/>
	<vehicle id="car_445" type="car7" route="13" depart="293" departLane = "1" departSpeed="11.180000"/>
	<vehicle id="car_446" type="car5" route="11" depart="294" departLane = "0" departSpeed="11.180000"/>
	<vehicle id="car_447" type="car5" route="6" depart="295" departLane = "2" departSpeed="11.180000"/>
	<vehicle id="car_448" type="car6" route="4" depart="296" departLane = "1" departSpeed="11.180000"/>
	<vehicle id="car_449" type="car6" route="10" depart="297" departLane = "1" departSpeed="11.180000"/>
	<vehicle id="car_450" type="car6" route="12" depart="297" departLane = "1" departSpeed="11.180000"/>
	<vehicle id="car_451" type="car8" route="11" depart="298" departLane = "1" departSpeed="11.180000"/>
	<vehicle id="car_452" type="car6" route="2" depart="299" departLane = "0" departSpeed="11.180000"/>
	<vehicle id="car_453" type="car9" route="0" depart="300" departLane = "1" departSpeed="11.180000"/>
	<vehicle id="car_454" type="car7" route="2" depart="300" departLane = "0" departSpeed="11.180000"/>
	<vehicle id="car_455" type="car7" route="15" depart="301" departLane = "0" departSpeed="11.180000"/>
	<vehicle id="car_456" type="car6" route="14" depart="301" departLane = "0" departSpeed="11.180000"/>
	<vehicle id="car_457" type="car8" route="15" depart="302" departLane = "0" departSpeed="11.180000"/>
	<vehicle id="car_458" type="car5" route="1" depart="302" departLane = "1" departSpeed="11.180000"/>
	<vehicle id="car_459" type="car7" route="5" depart="302" departLane = "1" departSpeed="11.180000"/>
	<vehicle id="car_460" type="car7" route="6" depart="302" departLane = "2" departSpeed="11.180000"/>
	<vehicle id="car_461" type="car9" route="11" depart="304" departLane = "0" departSpeed="11.180000"/>
	<vehicle id="car_462" type="car7" route="5" depart="304" departLane = "0" departSpeed="11.180000"/>
	<vehicle id="car_463" type="car8" route="2" depart="304" departLane = "2" departSpeed="11.180000"/>
	<vehicle id="car_464" type="car5" route="3" depart="304" departLane = "2" departSpeed="11.180000"/>
	<vehicle id="car_465" type="car8" route="4" depart="306" departLane = "2" departSpeed="11.180000"/>
	<vehicle id="car_466" type="car9" route="10" depart="306" departLane = "1" departSpeed="11.180000"/>
	<vehicle id="car_467" type="car6" route="13" depart="306" departLane = "2" departSpeed="11.180000"/>
	<vehicle id="car_468" type="car6" route="8" depart="306" departLane = "2" departSpeed="11.180000"/>
	<vehicle id="car_469" type="car8" route="2" depart="307" departLane = "1" departSpeed="11.180000"/>
	<vehicle id="car_470" type="car5" route="9" depart="307" departLane = "2" departSpeed="11.180000"/>
	<vehicle id="car_471" type="car7" route="14" depart="309" departLane = "2" departSpeed="11.180000"/>
	<vehicle id="car_472" type="car7" route="7" depart="309" departLane = "0" departSpeed="11.180000"/>
	<vehicle id="car_473" type="car8" route="12" depart="309" departLane = "2" departSpeed="11.180000"/>
	<vehicle id="car_474" type="car8" route="5" depart="311" departLane = "1" departSpeed="11.180000"/>
	<vehicle id="car_475" type="car8" route="4" depart="312" departLane = "0" departSpeed="11.180000"/>
	<vehicle id="car_476" type="car6" route="5" depart="312" departLane = "2" departSpeed="11.180000"/>
	<vehicle id="car_477" type="car5" route="10" depart="312" departLane = "0" departSpeed="11.180000"/>
	<vehicle id="car_478" type="car6" route="14" depart="313" departLane = "0" departSpeed="11.180000"/>
	<vehicle id="car_479" type="car7" route="2" depart="313" departLane = "1" departSpeed="11.180000"/>
	<vehicle id="car_480" type="car9" route="9" depart="313" departLane = "2" departSpeed="11.180000"/>
	<vehicle id="car_481" type="car7" route="8" depart="313" departLane = "0" departSpeed="11.180000"/>
	<vehicle id="car_482" type="car7" route="11" depart="314" departLane = "2" departSpeed="11.180000"/>
	<vehicle id="car_483" type="car6" route="15" depart="314" departLane = "1" departSpeed="11.180000"/>
	<vehicle id="car_484" type="car5" route="12" depart="315" departLane = "1" departSpeed="11.180000"/>
	<vehicle id="car_485" type="car6" route="11" depart="316" departLane = "2" departSpeed="11.180000"/>
	<vehicle id="car_486" type="car9" route="5" depart="316" departLane = "1" departSpeed="11.180000"/>
	<vehicle id="car_487" type="car7" route="2" depart="316" departLane = "1" departSpeed="11.180000"/>
	<vehicle id="car_488" type="car9" route="5" depart="317" departLane = "2" departSpeed="11.180000"/>
	<vehicle id="car_489" type="car7" route="9" depart="317" departLane = "1" departSpeed="11.180000"/>
	<vehicle id="car_490" type="car8" route="15" depart="318" departLane = "1" departSpeed="11.180000"/>
	<vehicle id="car_491" type="car5" route="3" depart="318" departLane = "2" departSpeed="11.180000"/>
	<vehicle id="car_492" type="car6" route="1" depart="319" departLane = "0" departSpeed="11.180000"/>
	<vehicle id="car_493" type="car8" route="2" depart="319" departLane = "1" departSpeed="11.180000"/>
	<vehicle id="car_494" type="car6" route="11" depart="320" departLane = "0" departSpeed="11.180000"/>
	<vehicle id="car_495" type="car6" route="13" depart="320" departLane = "0" departSpeed="11.180000"/>
	<vehicle id="car_496" type="car7" route="12" depart="320" departLane = "2" departSpeed="11.180000"/>
	<vehicle id="car_497" type="car7" route="1" depart="321" departLane = "2" departSpeed="11.180000"/>
	<vehicle id="car_498" type="car6" route="3" depart="321" departLane = "1" departSpeed="11.180000"/>
	<vehicle id="car_499" type="car5" route="8" depart="321" departLane = "1" departSpeed="11.180000"/>
	<vehicle id="car_500" type="car5" route="11" depart="322" departLane = "0" departSpeed="11.180000"/>
	<vehicle id="car_501" type="car5" route="2" depart="322" departLane = "2" departSpeed="11.180000"/>
	<vehicle id="car_502" type="car9" route="11" depart="323" departLane = "0" departSpeed="11.180000"/>
	<vehicle id="car_503" type="car5" route="1" depart="323" departLane = "0" departSpeed="11.180000"/>
	<vehicle id="car_504" type="car7" route="0" depart="324" departLane = "2" departSpeed="11.180000"/>
	<vehicle id="car_505" type="car6" route="15" depart="324" departLane = "0" departSpeed="11.180000"/>
	<vehicle id="car_506" type="car8" route="11" depart="325" departLane = "2" departSpeed="11.180000"/>
	<vehicle id="car_507" type="car9" route="9" depart="325" departLane = "1" departSpeed="11.180000"/>
	<vehicle id="car_508" type="car6" route="1" depart="326" departLane = "1" departSpeed="11.180000"/>
	<vehicle id="car_509" type="car9" route="10" depart="327" departLane = "2" departSpeed="11.180000"/>
	<vehicle id="car_510" type="car5" route="5" depart="328" departLane = "2" departSpeed="11.180000"/>
	<vehicle id="car_511" type="car9" route="14" depart="328" departLane = "0" departSpeed="11.180000"/>
	<vehicle id="car_512" type="car8" route="9" depart="328" departLane = "2" departSpeed="11.180000"/>
	<vehicle id="car_513" type="car6" route="9" depart="329" departLane = "0" departSpeed="11.180000"/>
	<vehicle id="car_514" type="car9" route="12" depart="329" departLane = "1" departSpeed="11.180000"/>
	<vehicle id="car_515" type="car6" route="4" depart="331" departLane = "2" departSpeed="11.180000"/>
	<vehicle id="car_516" type="car7" route="1" depart="331" departLane = "1" departSpeed="11.180000"/>
	<vehicle id="car_517" type="car9" route="10" depart="331" departLane = "2" departSpeed="11.180000"/>
	<vehicle id="car_518" type="car7" route="8" depart="331" departLane = "2" departSpeed="11.180000"/>
	<vehicle id="car_519" type="car9" route="11" depart="332" departLane = "0" departSpeed="11.180000"/>
	<vehicle id="car_520" type="car5" route="1" depart="332" departLane = "1" departSpeed="11.180000"/>
	<vehicle id="car_521" type="car5" route="2" depart="333" departLane = "2" departSpeed="11.180000"/>
	<vehicle id="car_522" type="car7" route="11" depart="334" departLane = "2" departSpeed="11.180000"/>
	<vehicle id="car_523" type="car7" route="2" depart="335" departLane = "1" departSpeed="11.180000"/>
	<vehicle id="car_524" type="car6" route="3" depart="335" departLane = "2" departSpeed="11.180000"/>
	<vehicle id="car_525" type="car8" route="5" depart="336" departLane = "2" departSpeed="11.180000"/>
	<vehicle id="car_526" type="car6" route="7" depart="336" departLane = "2" departSpeed="11.180000"/>
	<vehicle id="car_527" type="car6" route="8" depart="337" departLane = "2" departSpeed="11.180000"/>
	<vehicle id="car_528" type="car6" route="8" depart="338" departLane = "2" departSpeed="11.180000"/>
	<vehicle id="car_529" type="car5" route="15" depart="340" departLane = "0" departSpeed="11.180000"/>
	<vehicle id="car_530" type="car9" route="5" depart="340" departLane = "1" departSpeed="11.180000"/>
	<vehicle id="car_531" type="car8" route="6" depart="341" departLane = "1" departSpeed="11.180000"/>
	<vehicle id="car_532" type="car5" route="2" depart="342" departLane = "2" departSpeed="11.180000"/>
	<vehicle id="car_533" type="car5" route="2" depart="343" departLane = "1" departSpeed="11.180000"/>
	<vehicle id="car_534" type="car9" route="12" depart="344" departLane = "2" departSpeed="11.180000"/>
	<vehicle id="car_535" type="car9" route="3" depart="345" departLane = "2" departSpeed="11.180000"/>
	<vehicle id="car_536" type="car7" route="4" depart="347" departLane = "0" departSpeed="11.180000"/>
	<vehicle id="car_537" type="car5" route="4" depart="348" departLane = "2" departSpeed="11.180000"/>
	<vehicle id="car_538" type="car6" route="14" depart="348" departLane = "2" departSpeed="11.180000"/>
	<vehicle id="car_539" type="car5" route="9" depart="348" departLane = "2" departSpeed="11.180000"/>
	<vehicle id="car_540" type="car8" route="4" depart="349" departLane = "1" departSpeed="11.180000"/>
	<vehicle id="car_541" type="car5" route="8" depart="349" departLane = "0" departSpeed="11.180000"/>
	<vehicle id="car_542" type="car9" route="3" depart="350" departLane = "2" departSpeed="11.180000"/>
	<vehicle id="car_543" type="car6" route="1" depart="351" departLane = "0" departSpeed="11.180000"/>
	<vehicle id="car_544" type="car7" route="6" depart="351" departLane = "1" departSpeed="11.180000"/>
	<vehicle id="car_545" type="car6" route="10" depart="353" departLane = "2" departSpeed="11.180000"/>
	<vehicle id="car_546" type="car6" route="9" depart="353" departLane = "0" departSpeed="11.180000"/>
	<vehicle id="car_547" type="car8" route="1" depart="354" departLane = "1" departSpeed="11.180000"/>
	<vehicle id="car_548" type="car9" route="9" depart="354" departLane = "2" departSpeed="11.180000"/>
	<vehicle id="car_549" type="car8" route="4" depart="355" departLane = "2" departSpeed="11.180000"/>
	<vehicle id="car_550" type="car8" route="2" depart="355" departLane = "2" departSpeed="11.180000"/>
	<vehicle id="car_551" type="car5" route="11" depart="356" departLane = "2" departSpeed="11.180000"/>
	<vehicle id="car_552" type="car7" route="2" depart="356" departLane = "2" departSpeed="11.180000"/>
	<vehicle id="car_553" type="car5" route="4" depart="357" departLane = "0" departSpeed="11.180000"/>
	<vehicle id="car_554" type="car5" route="5" depart="357" departLane = "2" departSpeed="11.180000"/>
	<vehicle id="car_555" type="car6" route="2" depart="357" departLane = "1" departSpeed="11.180000"/>
	<vehicle id="car_556" type="car8" route="3" depart="357" departLane = "2" departSpeed="11.180000"/>
	<vehicle id="car_557" type="car6" route="1" depart="359" departLane = "2" departSpeed="11.180000"/>
	<vehicle id="car_558" type="car7" route="15" depart="360" departLane = "1" departSpeed="11.180000"/>
	<vehicle id="car_559" type="car9" route="13" depart="360" departLane = "1" departSpeed="11.180000"/>
	<vehicle id="car_560" type="car7" route="12" depart="360" departLane = "2" departSpeed="11.180000"/>
	<vehicle id="car_561" type="car7" route="8" depart="361" departLane = "1" departSpeed="11.180000"/>
	<vehicle id="car_562" type="car7" route="10" depart="362" departLane = "1" departSpeed="11.180000"/>
	<vehicle id="car_563" type="car8" route="14" depart="363" departLane = "1" departSpeed="11.180000"/>
	<vehicle id="car_564" type="car9" route="10" depart="364" departLane = "0" departSpeed="11.180000"/>
	<vehicle id="car_565" type="car5" route="6" depart="364" departLane = "2" departSpeed="11.180000"/>
	<vehicle id="car_566" type="car5" route="8" depart="364" departLane = "2" departSpeed="11.180000"/>
	<vehicle id="car_567" type="car7" route="5" depart="365" departLane = "0" departSpeed="11.180000"/>
	<vehicle id="car_568" type="car9" route="10" depart="365" departLane = "2" departSpeed="11.180000"/>
	<vehicle id="car_569" type="car6" route="2" depart="365" departLane = "0" departSpeed="11.180000"/>
	<vehicle id="car_570" type="car7" route="6" depart="366" departLane = "2" departSpeed="11.180000"/>
	<vehicle id="car_571" type="car6" route="15" depart="367" departLane = "0" departSpeed="11.180000"/>
	<vehicle id="car_572" type="car9" route="5" depart="367" departLane = "1" departSpeed="11.180000"/>
	<vehicle id="car_573" type="car8" route="9" depart="367" departLane = "0" departSpeed="11.180000"/>
	<vehicle id="car_574" type="car9" route="10" depart="368" departLane = "1" departSpeed="11.180000"/>
	<vehicle id="car_575" type="car7" route="8" depart="369" departLane = "0" departSpeed="11.180000"/>
	<vehicle id="car_576" type="car5" route="9" depart="371" departLane = "2" departSpeed="11.180000"/>
	<vehicle id="car_577" type="car7" route="12" depart="371" departLane = "1" departSpeed="11.180000"/>
	<vehicle id="car_578" type="car9" route="6" depart="372" departLane = "2" departSpeed="11.180000"/>
	<vehicle id="car_579" type="car5" route="0" depart="373" departLane = "1" departSpeed="11.180000"/>
	<vehicle id="car_580" type="car8" route="9" depart="373" departLane = "2" departSpeed="11.180000"/>
	<vehicle id="car_581" type="car5" route="10" depart="376" departLane = "1" departSpeed="11.180000"/>
	<vehicle id="car_582" type="car6" route="13" depart="378" departLane = "2" departSpeed="11.180000"/>
	<vehicle id="car_583" type="car9" route="10" depart="379" departLane = "1" departSpeed="11.180000"/>
	<vehicle id="car_584" type="car7" route="6" depart="379" departLane = "2" departSpeed="11.180000"/>
	<vehicle id="car_585" type="car5" route="8" depart="380" departLane = "0" departSpeed="11.180000"/>
	<vehicle id="car_586" type="car6" route="0" depart="381" departLane = "0" departSpeed="11.180000"/>
	<vehicle id="car_587" type="car8" route="1" depart="381" departLane = "1" departSpeed="11.180000"/>
	<vehicle id="car_588" type="car6" route="11" depart="382" departLane = "2" departSpeed="11.180000"/>
	<vehicle id="car_589" type="car7" route="4" depart="383" departLane = "1" departSpeed="11.180000"/>
	<vehicle id="car_590" type="car9" route="9" depart="383" departLane = "2" departSpeed="11.180000"/>
	<vehicle id="car_591" type="car7" route="5" depart="384" departLane = "0" departSpeed="11.180000"/>
	<vehicle id="car_592" type="car8" route="6" depart="384" departLane = "0" departSpeed="11.180000"/>
	<vehicle id="car_593" type="car9" route="10" depart="385" departLane = "2" departSpeed="11.180000"/>
	<vehicle id="car_594" type="car8" route="2" depart="385" departLane = "2" departSpeed="11.180000"/>
	<vehicle id="car_595" type="car6" route="4" depart="386" departLane = "2" departSpeed="11.180000"/>
	<vehicle id="car_596" type="car9" route="13" depart="386" departLane = "2" departSpeed="11.180000"/>
	<vehicle id="car_597" type="car5" route="12" depart="386" departLane = "1" departSpeed="11.180000"/>
	<vehicle id="car_598" type="car8" route="4" depart="387" departLane = "2" departSpeed="11.180000"/>
	<vehicle id="car_599" type="car7" route="7" depart="388" departLane = "0" departSpeed="11.180000"/>
	<vehicle id="car_600" type="car6" route="11" depart="389" departLane = "2" departSpeed="11.180000"/>
	<vehicle id="car_601" type="car9" route="14" depart="389" departLane = "1" departSpeed="11.180000"/>
	<vehicle id="car_602" type="car7" route="9" depart="389" departLane = "1" departSpeed="11.180000"/>
	<vehicle id="car_603" type="car5" route="8" depart="389" departLane = "1" departSpeed="11.180000"/>
	<vehicle id="car_604" type="car6" route="6" depart="390" departLane = "0" departSpeed="11.180000"/>
	<vehicle id="car_605" type="car5" route="14" depart="391" departLane = "1" departSpeed="11.180000"/>
	<vehicle id="car_606" type="car5" route="7" depart="391" departLane = "0" departSpeed="11.180000"/>
	<vehicle id="car_607" type="car7" route="11" depart="398" departLane = "1" departSpeed="11.180000"/>
	<vehicle id="car_608" type="car6" route="6" depart="398" departLane = "0" departSpeed="11.180000"/>
	<vehicle id="car_609" type="car7" route="13" depart="398" departLane = "0" departSpeed="11.180000"/>
	<vehicle id="car_610" type="car7" route="6" depart="399" departLane = "2" departSpeed="11.180000"/>
	<vehicle id="car_611" type="car5" route="10" depart="400" departLane = "2" departSpeed="11.180000"/>
	<vehicle id="car_612" type="car8" route="7" depart="400" departLane = "2" departSpeed="11.180000"/>
	<vehicle id="car_613" type="car8" route="0" depart="403" departLane = "0" departSpeed="11.180000"/>
	<vehicle id="car_614" type="car9" route="15" depart="403" departLane = "0" departSpeed="11.180000"/>
	<vehicle id="car_615" type="car7" route="0" depart="405" departLane = "2" departSpeed="11.180000"/>
	<vehicle id="car_616" type="car7" route="4" depart="405" departLane = "1" departSpeed="11.180000"/>
	<vehicle id="car_617" type="car7" route="9" depart="405" departLane = "2" departSpeed="11.180000"/>
	<vehicle id="car_618" type="car6" route="7" depart="405" departLane = "1" departSpeed="11.180000"/>
	<vehicle id="car_619" type="car7" route="12" depart="405" departLane = "1" departSpeed="11.180000"/>
	<vehicle id="car_620" type="car6" route="7" depart="406" departLane = "0" departSpeed="11.180000"/>
	<vehicle id="car_621" type="car9" route="15" depart="407" departLane = "0" departSpeed="11.180000"/>
	<vehicle id="car_622" type="car7" route="1" depart="407" departLane = "2" departSpeed="11.180000"/>
	<vehicle id="car_623" type="car6" route="12" depart="407" departLane = "0" departSpeed="11.180000"/>
	<vehicle id="car_624" type="car8" route="5" depart="408" departLane = "2" departSpeed="11.180000"/>
	<vehicle id="car_625" type="car5" route="10" depart="409" departLane = "0" departSpeed="11.180000"/>
	<vehicle id="car_626" type="car5" route="7" depart="409" departLane = "1" departSpeed="11.180000"/>
	<vehicle id="car_627" type="car6" route="0" depart="410" departLane = "0" departSpeed="11.180000"/>
	<vehicle id="car_628" type="car7" route="1" depart="410" departLane = "1" departSpeed="11.180000"/>
	<vehicle id="car_629" type="car7" route="2" depart="411" departLane = "1" departSpeed="11.180000"/>
	<vehicle id="car_630" type="car7" route="9" depart="411" departLane = "2" departSpeed="11.180000"/>
	<vehicle id="car_631" type="car5" route="11" depart="412" departLane = "2" departSpeed="11.180000"/>
	<vehicle id="car_632" type="car8" route="14" depart="412" departLane = "0" departSpeed="11.180000"/>
	<vehicle id="car_633" type="car6" route="0" depart="413" departLane = "1" departSpeed="11.180000"/>
	<vehicle id="car_634" type="car6" route="15" depart="413" departLane = "2" departSpeed="11.180000"/>
	<vehicle id="car_635" type="car8" route="10" depart="413" departLane = "0" departSpeed="11.180000"/>
	<vehicle id="car_636" type="car6" route="6" depart="414" departLane = "0" departSpeed="11.180000"/>
	<vehicle id="car_637" type="car6" route="9" depart="414" departLane = "2" departSpeed="11.180000"/>
	<vehicle id="car_638" type="car7" route="4" depart="415" departLane = "2" departSpeed="11.180000"/>
	<vehicle id="car_639" type="car9" route="10" depart="417" departLane = "1" departSpeed="11.180000"/>
	<vehicle id="car_640" type="car9" route="9" depart="417" departLane = "0" departSpeed="11.180000"/>
	<vehicle id="car_641" type="car7" route="6" depart="418" departLane = "2" departSpeed="11.180000"/>
	<vehicle id="car_642" type="car6" route="9" depart="418" departLane = "2" departSpeed="11.180000"/>
	<vehicle id="car_643" type="car7" route="8" depart="418" departLane = "0" departSpeed="11.180000"/>
	<vehicle id="car_644" type="car6" route="2" depart="419" departLane = "1" departSpeed="11.180000"/>
	<vehicle id="car_645" type="car7" route="10" depart="420" departLane = "0" departSpeed="11.180000"/>
	<vehicle id="car_646" type="car9" route="2" depart="420" departLane = "2" departSpeed="11.180000"/>
	<vehicle id="car_647" type="car9" route="4" depart="422" departLane = "0" departSpeed="11.180000"/>
	<vehicle id="car_648" type="car8" route="12" depart="423" departLane = "1" departSpeed="11.180000"/>
	<vehicle id="car_649" type="car9" route="1" depart="424" departLane = "0" departSpeed="11.180000"/>
	<vehicle id="car_650" type="car5" route="14" depart="424" departLane = "0" departSpeed="11.180000"/>
	<vehicle id="car_651" type="car5" route="8" depart="424" departLane = "1" departSpeed="11.180000"/>
	<vehicle id="car_652" type="car7" route="0" depart="426" departLane = "0" departSpeed="11.180000"/>
	<vehicle id="car_653" type="car5" route="11" depart="426" departLane = "1" departSpeed="11.180000"/>
	<vehicle id="car_654" type="car9" route="2" depart="426" departLane = "0" departSpeed="11.180000"/>
	<vehicle id="car_655" type="car5" route="13" depart="426" departLane = "0" departSpeed="11.180000"/>
	<vehicle id="car_656" type="car9" route="1" depart="428" departLane = "2" departSpeed="11.180000"/>
	<vehicle id="car_657" type="car5" route="14" depart="428" departLane = "2" departSpeed="11.180000"/>
	<vehicle id="car_658" type="car7" route="2" depart="428" departLane = "1" departSpeed="11.180000"/>
	<vehicle id="car_659" type="car8" route="6" depart="428" departLane = "0" departSpeed="11.180000"/>
	<vehicle id="car_660" type="car5" route="2" depart="429" departLane = "1" departSpeed="11.180000"/>
	<vehicle id="car_661" type="car9" route="12" depart="429" departLane = "1" departSpeed="11.180000"/>
	<vehicle id="car_662" type="car9" route="11" depart="431" departLane = "2" departSpeed="11.180000"/>
	<vehicle id="car_663" type="car6" route="13" depart="431" departLane = "1" departSpeed="11.180000"/>
	<vehicle id="car_664" type="car8" route="9" depart="432" departLane = "2" departSpeed="11.180000"/>
	<vehicle id="car_665" type="car5" route="6" depart="433" departLane = "1" departSpeed="11.180000"/>
	<vehicle id="car_666" type="car5" route="8" depart="433" departLane = "0" departSpeed="11.180000"/>
	<vehicle id="car_667" type="car5" route="15" depart="434" departLane = "1" departSpeed="11.180000"/>
	<vehicle id="car_668" type="car9" route="7" depart="434" departLane = "1" departSpeed="11.180000"/>
	<vehicle id="car_669" type="car7" route="12" depart="434" departLane = "2" departSpeed="11.180000"/>
	<vehicle id="car_670" type="car7" route="15" depart="435" departLane = "2" departSpeed="11.180000"/>
	<vehicle id="car_671" type="car9" route="5" depart="436" departLane = "2" departSpeed="11.180000"/>
	<vehicle id="car_672" type="car5" route="3" depart="436" departLane = "2" departSpeed="11.180000"/>
	<vehicle id="car_673" type="car6" route="2" depart="437" departLane = "2" departSpeed="11.180000"/>
	<vehicle id="car_674" type="car9" route="8" depart="437" departLane = "1" departSpeed="11.180000"/>
	<vehicle id="car_675" type="car8" route="12" depart="438" departLane = "1" departSpeed="11.180000"/>
	<vehicle id="car_676" type="car6" route="2" depart="440" departLane = "1" departSpeed="11.180000"/>
	<vehicle id="car_677" type="car7" route="3" depart="440" departLane = "1" departSpeed="11.180000"/>
	<vehicle id="car_678" type="car6" route="10" depart="441" departLane = "1" departSpeed="11.180000"/>
	<vehicle id="car_679" type="car7" route="6" depart="441" departLane = "1" departSpeed="11.180000"/>
	<vehicle id="car_680" type="car9" route="7" depart="442" departLane = "1" departSpeed="11.180000"/>
	<vehicle id="car_681" type="car6" route="13" depart="443" departLane = "2" departSpeed="11.180000"/>
	<vehicle id="car_682" type="car9" route="7" depart="443" departLane = "1" departSpeed="11.180000"/>
	<vehicle id="car_683" type="car7" route="1" depart="444" departLane = "2" departSpeed="11.180000"/>
	<vehicle id="car_684" type="car6" route="0" depart="446" departLane = "1" departSpeed="11.180000"/>
	<vehicle id="car_685" type="car8" route="9" depart="446" departLane = "0" departSpeed="11.180000"/>
	<vehicle id="car_686" type="car9" route="8" depart="446" departLane = "1" departSpeed="11.180000"/>
	<vehicle id="car_687" type="car7" route="12" depart="446" departLane = "0" departSpeed="11.180000"/>
	<vehicle id="car_688" type="car7" route="7" depart="447" departLane = "2" departSpeed="11.180000"/>
	<vehicle id="car_689" type="car6" route="8" depart="447" departLane = "2" departSpeed="11.180000"/>
	<vehicle id="car_690" type="car6" route="11" depart="448" departLane = "0" departSpeed="11.180000"/>
	<vehicle id="car_691" type="car7" route="8" depart="448" departLane = "0" departSpeed="11.180000"/>
	<vehicle id="car_692" type="car5" route="10" depart="449" departLane = "0" departSpeed="11.180000"/>
	<vehicle id="car_693" type="car9" route="7" depart="449" departLane = "1" departSpeed="11.180000"/>
	<vehicle id="car_694" type="car6" route="3" depart="450" departLane = "0" departSpeed="11.180000"/>
	<vehicle id="car_695" type="car9" route="15" depart="451" departLane = "2" departSpeed="11.180000"/>
	<vehicle id="car_696" type="car9" route="2" depart="451" departLane = "2" departSpeed="11.180000"/>
	<vehicle id="car_697" type="car7" route="1" depart="452" departLane = "0" departSpeed="11.180000"/>
	<vehicle id="car_698" type="car5" route="10" depart="452" departLane = "0" departSpeed="11.180000"/>
	<vehicle id="car_699" type="car6" route="9" depart="452" departLane = "0" departSpeed="11.180000"/>
	<vehicle id="car_700" type="car7" route="8" depart="453" departLane = "0" departSpeed="11.180000"/>
	<vehicle id="car_701" type="car5" route="12" depart="453" departLane = "0" departSpeed="11.180000"/>
	<vehicle id="car_702" type="car6" route="4" depart="454" departLane = "1" departSpeed="11.180000"/>
	<vehicle id="car_703" type="car6" route="15" depart="455" departLane = "2" departSpeed="11.180000"/>
	<vehicle id="car_704" type="car9" route="12" depart="455" departLane = "1" departSpeed="11.180000"/>
	<vehicle id="car_705" type="car5" route="15" depart="456" departLane = "2" departSpeed="11.180000"/>
	<vehicle id="car_706" type="car5" route="6" depart="458" departLane = "1" departSpeed="11.180000"/>
	<vehicle id="car_707" type="car8" route="7" depart="458" departLane = "0" departSpeed="11.180000"/>
	<vehicle id="car_708" type="car6" route="1" depart="459" departLane = "0" departSpeed="11.180000"/>
	<vehicle id="car_709" type="car6" route="3" depart="459" departLane = "2" departSpeed="11.180000"/>
	<vehicle id="car_710" type="car9" route="8" depart="459" departLane = "2" departSpeed="11.180000"/>
	<vehicle id="car_711" type="car9" route="1" depart="461" departLane = "1" departSpeed="11.180000"/>
	<vehicle id="car_712" type="car7" route="6" depart="461" departLane = "0" departSpeed="11.180000"/>
	<vehicle id="car_713" type="car6" route="7" depart="461" departLane = "2" departSpeed="11.180000"/>
	<vehicle id="car_714" type="car7" route="8" depart="461" departLane = "1" departSpeed="11.180000"/>
	<vehicle id="car_715" type="car5" route="5" depart="464" departLane = "1" departSpeed="11.180000"/>
	<vehicle id="car_716" type="car7" route="8" depart="464" departLane = "2" departSpeed="11.180000"/>
	<vehicle id="car_717" type="car8" route="10" depart="465" departLane = "2" departSpeed="11.180000"/>
	<vehicle id="car_718" type="car6" route="9" depart="465" departLane = "2" departSpeed="11.180000"/>
	<vehicle id="car_719" type="car8" route="14" depart="467" departLane = "1" departSpeed="11.180000"/>
	<vehicle id="car_720" type="car5" route="2" depart="467" departLane = "1" departSpeed="11.180000"/>
	<vehicle id="car_721" type="car5" route="3" depart="467" departLane = "2" departSpeed="11.180000"/>
	<vehicle id="car_722" type="car8" route="8" depart="467" departLane = "2" departSpeed="11.180000"/>
	<vehicle id="car_723" type="car8" route="10" depart="468" departLane = "2" departSpeed="11.180000"/>
	<vehicle id="car_724" type="car9" route="2" depart="468" departLane = "2" departSpeed="11.180000"/>
	<vehicle id="car_725" type="car8" route="9" depart="468" departLane = "2" departSpeed="11.180000"/>
	<vehicle id="car_726" type="car9" route="12" depart="468" departLane = "1" departSpeed="11.180000"/>
	<vehicle id="car_727" type="car8" route="6" depart="469" departLane = "0" departSpeed="11.180000"/>
	<vehicle id="car_728" type="car5" route="8" depart="469" departLane = "0" departSpeed="11.180000"/>
	<vehicle id="car_729" type="car9" route="1" depart="471" departLane = "2" departSpeed="11.180000"/>
	<vehicle id="car_730" type="car7" route="10" depart="471" departLane = "2" departSpeed="11.180000"/>
	<vehicle id="car_731" type="car5" route="11" depart="472" departLane = "2" departSpeed="11.180000"/>
	<vehicle id="car_732" type="car6" route="10" depart="472" departLane = "0" departSpeed="11.180000"/>
	<vehicle id="car_733" type="car7" route="8" depart="472" departLane = "1" departSpeed="11.180000"/>
	<vehicle id="car_734" type="car7" route="3" depart="473" departLane = "0" departSpeed="11.180000"/>
	<vehicle id="car_735" type="car5" route="12" depart="473" departLane = "2" departSpeed="11.180000"/>
	<vehicle id="car_736" type="car7" route="1" depart="474" departLane = "2" departSpeed="11.180000"/>
	<vehicle id="car_737" type="car7" route="12" depart="474" departLane = "0" departSpeed="11.180000"/>
	<vehicle id="car_738" type="car8" route="2" depart="475" departLane = "1" departSpeed="11.180000"/>
	<vehicle id="car_739" type="car6" route="7" depart="475" departLane = "2" departSpeed="11.180000"/>
	<vehicle id="car_740" type="car6" route="5" depart="476" departLane = "1" departSpeed="11.180000"/>
	<vehicle id="car_741" type="car6" route="5" depart="477" departLane = "2" departSpeed="11.180000"/>
	<vehicle id="car_742" type="car8" route="14" depart="478" departLane = "1" departSpeed="11.180000"/>
	<vehicle id="car_743" type="car5" route="2" depart="478" departLane = "0" departSpeed="11.180000"/>
	<vehicle id="car_744" type="car6" route="5" depart="479" departLane = "0" departSpeed="11.180000"/>
	<vehicle id="car_745" type="car5" route="10" depart="479" departLane = "2" departSpeed="11.180000"/>
	<vehicle id="car_746" type="car9" route="2" depart="479" departLane = "2" departSpeed="11.180000"/>
	<vehicle id="car_747" type="car5" route="6" depart="479" departLane = "2" departSpeed="11.180000"/>
	<vehicle id="car_748" type="car7" route="0" depart="481" departLane = "0" departSpeed="11.180000"/>
	<vehicle id="car_749" type="car5" route="4" depart="481" departLane = "0" departSpeed="11.180000"/>
	<vehicle id="car_750" type="car8" route="1" depart="481" departLane = "2" departSpeed="11.180000"/>
	<vehicle id="car_751" type="car9" route="4" depart="483" departLane = "1" departSpeed="11.180000"/>
	<vehicle id="car_752" type="car8" route="10" depart="483" departLane = "0" departSpeed="11.180000"/>
	<vehicle id="car_753" type="car5" route="8" depart="483" departLane = "2" departSpeed="11.180000"/>
	<vehicle id="car_754" type="car5" route="15" depart="484" departLane = "0" departSpeed="11.180000"/>
	<vehicle id="car_755" type="car5" route="5" depart="484" departLane = "1" departSpeed="11.180000"/>
	<vehicle id="car_756" type="car5" route="10" depart="484" departLane = "1" departSpeed="11.180000"/>
	<vehicle id="car_757" type="car8" route="15" depart="485" departLane = "2" departSpeed="11.180000"/>
	<vehicle id="car_758" type="car6" route="1" depart="485" departLane = "1" departSpeed="11.180000"/>
	<vehicle id="car_759" type="car7" route="10" depart="485" departLane = "2" departSpeed="11.180000"/>
	<vehicle id="car_760" type="car7" route="2" depart="486" departLane = "1" departSpeed="11.180000"/>
	<vehicle id="car_761" type="car8" route="3" depart="486" departLane = "1" departSpeed="11.180000"/>
	<vehicle id="car_762" type="car9" route="11" depart="487" departLane = "0" departSpeed="11.180000"/>
	<vehicle id="car_763" type="car8" route="15" depart="487" departLane = "1" departSpeed="11.180000"/>
	<vehicle id="car_764" type="car5" route="4" depart="488" departLane = "2" departSpeed="11.180000"/>
	<vehicle id="car_765" type="car7" route="5" depart="490" departLane = "0" departSpeed="11.180000"/>
	<vehicle id="car_766" type="car8" route="6" depart="491" departLane = "0" departSpeed="11.180000"/>
	<vehicle id="car_767" type="car7" route="9" depart="491" departLane = "0" departSpeed="11.180000"/>
	<vehicle id="car_768" type="car8" route="12" depart="491" departLane = "2" departSpeed="11.180000"/>
	<vehicle id="car_769" type="car6" route="11" depart="493" departLane = "1" departSpeed="11.180000"/>
	<vehicle id="car_770" type="car7" route="14" depart="493" departLane = "2" departSpeed="11.180000"/>
	<vehicle id="car_771" type="car8" route="12" depart="493" departLane = "0" departSpeed="11.180000"/>
	<vehicle id="car_772" type="car5" route="1" depart="494" departLane = "0" departSpeed="11.180000"/>
	<vehicle id="car_773" type="car8" route="4" depart="495" departLane = "0" departSpeed="11.180000"/>
	<vehicle id="car_774" type="car5" route="10" depart="495" departLane = "0" departSpeed="11.180000"/>
	<vehicle id="car_775" type="car5" route="14" depart="495" departLane = "0" departSpeed="11.180000"/>
	<vehicle id="car_776" type="car5" route="6" depart="495" departLane = "2" departSpeed="11.180000"/>
	<vehicle id="car_777" type="car8" route="13" depart="495" departLane = "2" departSpeed="11.180000"/>
	<vehicle id="car_778" type="car7" route="8" depart="495" departLane = "2" departSpeed="11.180000"/>
	<vehicle id="car_779" type="car9" route="3" depart="496" departLane = "2" departSpeed="11.180000"/>
	<vehicle id="car_780" type="car8" route="12" depart="497" departLane = "0" departSpeed="11.180000"/>
	<vehicle id="car_781" type="car8" route="15" depart="498" departLane = "2" departSpeed="11.180000"/>
	<vehicle id="car_782" type="car5" route="5" depart="498" departLane = "1" departSpeed="11.180000"/>
	<vehicle id="car_783" type="car7" route="7" depart="498" departLane = "1" departSpeed="11.180000"/>
	<vehicle id="car_784" type="car7" route="5" depart="499" departLane = "1" departSpeed="11.180000"/>
	<vehicle id="car_785" type="car7" route="14" depart="500" departLane = "0" departSpeed="11.180000"/>
	<vehicle id="car_786" type="car6" route="15" depart="501" departLane = "1" departSpeed="11.180000"/>
	<vehicle id="car_787" type="car7" route="5" depart="501" departLane = "1" departSpeed="11.180000"/>
	<vehicle id="car_788" type="car8" route="7" depart="501" departLane = "1" departSpeed="11.180000"/>
	<vehicle id="car_789" type="car7" route="0" depart="502" departLane = "2" departSpeed="11.180000"/>
	<vehicle id="car_790" type="car7" route="2" depart="502" departLane = "1" departSpeed="11.180000"/>
	<vehicle id="car_791" type="car9" route="9" depart="502" departLane = "1" departSpeed="11.180000"/>
	<vehicle id="car_792" type="car7" route="15" depart="503" departLane = "0" departSpeed="11.180000"/>
	<vehicle id="car_793" type="car7" route="0" depart="504" departLane = "2" departSpeed="11.180000"/>
	<vehicle id="car_794" type="car6" route="15" depart="506" departLane = "0" departSpeed="11.180000"/>
	<vehicle id="car_795" type="car9" route="1" depart="506" departLane = "2" departSpeed="11.180000"/>
	<vehicle id="car_796" type="car7" route="6" depart="508" departLane = "0" departSpeed="11.180000"/>
	<vehicle id="car_797" type="car8" route="13" depart="508" departLane = "0" departSpeed="11.180000"/>
	<vehicle id="car_798" type="car9" route="3" depart="508" departLane = "0" departSpeed="11.180000"/>
	<vehicle id="car_799" type="car6" route="14" depart="509" departLane = "1" departSpeed="11.180000"/>
	<vehicle id="car_800" type="car8" route="2" depart="509" departLane = "2" departSpeed="11.180000"/>
	<vehicle id="car_801" type="car9" route="6" depart="509" departLane = "1" departSpeed="11.180000"/>
	<vehicle id="car_802" type="car7" route="11" depart="510" departLane = "2" departSpeed="11.180000"/>
	<vehicle id="car_803" type="car9" route="7" depart="510" departLane = "0" departSpeed="11.180000"/>
	<vehicle id="car_804" type="car9" route="14" depart="511" departLane = "1" departSpeed="11.180000"/>
	<vehicle id="car_805" type="car9" route="6" depart="511" departLane = "0" departSpeed="11.180000"/>
	<vehicle id="car_806" type="car9" route="0" depart="513" departLane = "1" departSpeed="11.180000"/>
	<vehicle id="car_807" type="car5" route="2" depart="514" departLane = "0" departSpeed="11.180000"/>
	<vehicle id="car_808" type="car6" route="10" depart="515" departLane = "2" departSpeed="11.180000"/>
	<vehicle id="car_809" type="car7" route="6" depart="515" departLane = "2" departSpeed="11.180000"/>
	<vehicle id="car_810" type="car6" route="7" depart="515" departLane = "2" departSpeed="11.180000"/>
	<vehicle id="car_811" type="car8" route="9" depart="516" departLane = "2" departSpeed="11.180000"/>
	<vehicle id="car_812" type="car5" route="3" depart="516" departLane = "2" departSpeed="11.180000"/>
	<vehicle id="car_813" type="car6" route="1" depart="517" departLane = "0" departSpeed="11.180000"/>
	<vehicle id="car_814" type="car9" route="14" depart="517" departLane = "0" departSpeed="11.180000"/>
	<vehicle id="car_815" type="car5" route="3" depart="518" departLane = "0" departSpeed="11.180000"/>
	<vehicle id="car_816" type="car5" route="0" depart="519" departLane = "2" departSpeed="11.180000"/>
	<vehicle id="car_817" type="car7" route="14" depart="519" departLane = "0" departSpeed="11.180000"/>
	<vehicle id="car_818" type="car9" route="3" depart="519" departLane = "2" departSpeed="11.180000"/>
	<vehicle id="car_819" type="car5" route="11" depart="521" departLane = "0" departSpeed="11.180000"/>
	<vehicle id="car_820" type="car9" route="8" depart="521" departLane = "1" departSpeed="11.180000"/>
	<vehicle id="car_821" type="car6" route="11" depart="523" departLane = "2" departSpeed="11.180000"/>
	<vehicle id="car_822" type="car5" route="3" depart="523" departLane = "0" departSpeed="11.180000"/>
	<vehicle id="car_823" type="car5" route="4" depart="524" departLane = "0" departSpeed="11.180000"/>
	<vehicle id="car_824" type="car9" route="14" depart="524" departLane = "0" departSpeed="11.180000"/>
	<vehicle id="car_825" type="car5" route="13" depart="524" departLane = "1" departSpeed="11.180000"/>
	<vehicle id="car_826" type="car9" route="6" depart="525" departLane = "1" departSpeed="11.180000"/>
	<vehicle id="car_827" type="car5" route="3" depart="525" departLane = "1" departSpeed="11.180000"/>
	<vehicle id="car_828" type="car9" route="11" depart="526" departLane = "2" departSpeed="11.180000"/>
	<vehicle id="car_829" type="car7" route="14" depart="526" departLane = "2" departSpeed="11.180000"/>
	<vehicle id="car_830" type="car5" route="3" depart="526" departLane = "2" departSpeed="11.180000"/>
	<vehicle id="car_831" type="car7" route="7" depart="526" departLane = "1" departSpeed="11.180000"/>
	<vehicle id="car_832" type="car6" route="10" depart="527" departLane = "1" departSpeed="11.180000"/>
	<vehicle id="car_833" type="car6" route="14" depart="527" departLane = "0" departSpeed="11.180000"/>
	<vehicle id="car_834" type="car5" route="6" depart="527" departLane = "1" departSpeed="11.180000"/>
	<vehicle id="car_835" type="car9" route="4" depart="529" departLane = "0" departSpeed="11.180000"/>
	<vehicle id="car_836" type="car7" route="4" depart="531" departLane = "1" departSpeed="11.180000"/>
	<vehicle id="car_837" type="car6" route="11" depart="531" departLane = "1" departSpeed="11.180000"/>
	<vehicle id="car_838" type="car6" route="7" depart="531" departLane = "0" departSpeed="11.180000"/>
	<vehicle id="car_839" type="car6" route="9" depart="532" departLane = "2" departSpeed="11.180000"/>
	<vehicle id="car_840" type="car6" route="13" depart="532" departLane = "2" departSpeed="11.180000"/>
	<vehicle id="car_841" type="car7" route="1" depart="533" departLane = "0" departSpeed="11.180000"/>
	<vehicle id="car_842" type="car9" route="5" depart="533" departLane = "1" departSpeed="11.180000"/>
	<vehicle id="car_843" type="car8" route="9" depart="533" departLane = "0" departSpeed="11.180000"/>
	<vehicle id="car_844" type="car5" route="15" depart="535" departLane = "1" departSpeed="11.180000"/>
	<vehicle id="car_845" type="car6" route="5" depart="535" departLane = "2" departSpeed="11.180000"/>
	<vehicle id="car_846" type="car7" route="2" depart="536" departLane = "0" departSpeed="11.180000"/>
	<vehicle id="car_847" type="car5" route="0" depart="537" departLane = "2" departSpeed="11.180000"/>
	<vehicle id="car_848" type="car6" route="14" depart="537" departLane = "1" departSpeed="11.180000"/>
	<vehicle id="car_849" type="car8" route="10" depart="538" departLane = "2" departSpeed="11.180000"/>
	<vehicle id="car_850" type="car8" route="8" depart="540" departLane = "0" departSpeed="11.180000"/>
	<vehicle id="car_851" type="car5" route="2" depart="542" departLane = "2" departSpeed="11.180000"/>
	<vehicle id="car_852" type="car6" route="6" depart="542" departLane = "0" departSpeed="11.180000"/>
	<vehicle id="car_853" type="car9" route="11" depart="543" departLane = "2" departSpeed="11.180000"/>
	<vehicle id="car_854" type="car7" route="1" depart="544" departLane = "0" departSpeed="11.180000"/>
	<vehicle id="car_855" type="car9" route="12" depart="544" departLane = "2" departSpeed="11.180000"/>
	<vehicle id="car_856" type="car6" route="3" depart="545" departLane = "2" departSpeed="11.180000"/>
	<vehicle id="car_857" type="car5" route="5" depart="546" departLane = "1" departSpeed="11.180000"/>
	<vehicle id="car_858" type="car9" route="7" depart="546" departLane = "0" departSpeed="11.180000"/>
	<vehicle id="car_859" type="car9" route="2" depart="548" departLane = "1" departSpeed="11.180000"/>
	<vehicle id="car_860" type="car5" route="15" depart="549" departLane = "2" departSpeed="11.180000"/>
	<vehicle id="car_861" type="car5" route="3" depart="549" departLane = "0" departSpeed="11.180000"/>
	<vehicle id="car_862" type="car5" route="2" depart="550" departLane = "1" departSpeed="11.180000"/>
	<vehicle id="car_863" type="car6" route="7" depart="550" departLane = "2" departSpeed="11.180000"/>
	<vehicle id="car_864" type="car9" route="4" depart="551" departLane = "2" departSpeed="11.180000"/>
	<vehicle id="car_865" type="car8" route="11" depart="551" departLane = "0" departSpeed="11.180000"/>
	<vehicle id="car_866" type="car7" route="10" depart="552" departLane = "1" departSpeed="11.180000"/>
	<vehicle id="car_867" type="car9" route="9" depart="552" departLane = "0" departSpeed="11.180000"/>
	<vehicle id="car_868" type="car9" route="7" depart="552" departLane = "0" departSpeed="11.180000"/>
	<vehicle id="car_869" type="car8" route="4" depart="553" departLane = "1" departSpeed="11.180000"/>
	<vehicle id="car_870" type="car6" route="1" depart="554" departLane = "0" departSpeed="11.180000"/>
	<vehicle id="car_871" type="car5" route="10" depart="554" departLane = "2" departSpeed="11.180000"/>
	<vehicle id="car_872" type="car7" route="4" depart="555" departLane = "1" departSpeed="11.180000"/>
	<vehicle id="car_873" type="car7" route="11" depart="555" departLane = "1" departSpeed="11.180000"/>
	<vehicle id="car_874" type="car6" route="3" depart="555" departLane = "0" departSpeed="11.180000"/>
	<vehicle id="car_875" type="car8" route="2" depart="556" departLane = "2" departSpeed="11.180000"/>
	<vehicle id="car_876" type="car6" route="9" depart="556" departLane = "2" departSpeed="11.180000"/>
	<vehicle id="car_877" type="car7" route="13" depart="556" departLane = "2" departSpeed="11.180000"/>
	<vehicle id="car_878" type="car8" route="10" depart="557" departLane = "0" departSpeed="11.180000"/>
	<vehicle id="car_879" type="car9" route="14" depart="557" departLane = "0" departSpeed="11.180000"/>
	<vehicle id="car_880" type="car9" route="2" depart="560" departLane = "2" departSpeed="11.180000"/>
	<vehicle id="car_881" type="car8" route="14" depart="561" departLane = "1" departSpeed="11.180000"/>
	<vehicle id="car_882" type="car5" route="9" depart="561" departLane = "2" departSpeed="11.180000"/>
	<vehicle id="car_883" type="car7" route="15" depart="563" departLane = "0" departSpeed="11.180000"/>
	<vehicle id="car_884" type="car5" route="6" depart="563" departLane = "0" departSpeed="11.180000"/>
	<vehicle id="car_885" type="car9" route="4" depart="564" departLane = "0" departSpeed="11.180000"/>
	<vehicle id="car_886" type="car9" route="10" depart="565" departLane = "2" departSpeed="11.180000"/>
	<vehicle id="car_887" type="car6" route="12" depart="565" departLane = "1" departSpeed="11.180000"/>
	<vehicle id="car_888" type="car6" route="8" depart="566" departLane = "1" departSpeed="11.180000"/>
	<vehicle id="car_889" type="car7" route="15" depart="567" departLane = "0" departSpeed="11.180000"/>
	<vehicle id="car_890" type="car5" route="1" depart="567" departLane = "1" departSpeed="11.180000"/>
	<vehicle id="car_891" type="car6" route="14" depart="568" departLane = "0" departSpeed="11.180000"/>
	<vehicle id="car_892" type="car8" route="9" depart="568" departLane = "2" departSpeed="11.180000"/>
	<vehicle id="car_893" type="car5" route="8" depart="568" departLane = "1" departSpeed="11.180000"/>
	<vehicle id="car_894" type="car8" route="5" depart="570" departLane = "2" departSpeed="11.180000"/>
	<vehicle id="car_895" type="car5" route="2" depart="570" departLane = "0" departSpeed="11.180000"/>
	<vehicle id="car_896" type="car8" route="2" depart="574" departLane = "0" departSpeed="11.180000"/>
	<vehicle id="car_897" type="car6" route="0" depart="575" departLane = "2" departSpeed="11.180000"/>
	<vehicle id="car_898" type="car8" route="1" depart="575" departLane = "2" departSpeed="11.180000"/>
	<vehicle id="car_899" type="car6" route="2" depart="575" departLane = "2" departSpeed="11.180000"/>
	<vehicle id="car_900" type="car5" route="6" depart="575" departLane = "2" departSpeed="11.180000"/>
	<vehicle id="car_901" type="car9" route="0" depart="576" departLane = "1" departSpeed="11.180000"/>
	<vehicle id="car_902" type="car9" route="6" depart="577" departLane = "0" departSpeed="11.180000"/>
	<vehicle id="car_903" type="car8" route="4" depart="578" departLane = "2" departSpeed="11.180000"/>
	<vehicle id="car_904" type="car8" route="15" depart="578" departLane = "1" departSpeed="11.180000"/>
	<vehicle id="car_905" type="car7" route="2" depart="578" departLane = "2" departSpeed="11.180000"/>
	<vehicle id="car_906" type="car6" route="13" depart="578" departLane = "1" departSpeed="11.180000"/>
	<vehicle id="car_907" type="car9" route="0" depart="579" departLane = "2" departSpeed="11.180000"/>
	<vehicle id="car_908" type="car6" route="5" depart="579" departLane = "0" departSpeed="11.180000"/>
	<vehicle id="car_909" type="car5" route="10" depart="579" departLane = "1" departSpeed="11.180000"/>
	<vehicle id="car_910" type="car7" route="0" depart="580" departLane = "0" departSpeed="11.180000"/>
	<vehicle id="car_911" type="car9" route="6" depart="580" departLane = "2" departSpeed="11.180000"/>
	<vehicle id="car_912" type="car6" route="0" depart="581" departLane = "1" departSpeed="11.180000"/>
	<vehicle id="car_913" type="car8" route="11" depart="582" departLane = "0" departSpeed="11.180000"/>
	<vehicle id="car_914" type="car9" route="5" depart="582" departLane = "0" departSpeed="11.180000"/>
	<vehicle id="car_915" type="car8" route="7" depart="582" departLane = "1" departSpeed="11.180000"/>
	<vehicle id="car_916" type="car9" route="13" depart="584" departLane = "0" departSpeed="11.180000"/>
	<vehicle id="car_917" type="car6" route="7" depart="584" departLane = "2" departSpeed="11.180000"/>
	<vehicle id="car_918" type="car9" route="13" depart="585" departLane = "2" departSpeed="11.180000"/>
	<vehicle id="car_919" type="car7" route="4" depart="586" departLane = "1" departSpeed="11.180000"/>
	<vehicle id="car_920" type="car6" route="3" depart="587" departLane = "1" departSpeed="11.180000"/>
	<vehicle id="car_921" type="car9" route="1" depart="588" departLane = "2" departSpeed="11.180000"/>
	<vehicle id="car_922" type="car7" route="14" depart="588" departLane = "0" departSpeed="11.180000"/>
	<vehicle id="car_923" type="car8" route="0" depart="589" departLane = "0" departSpeed="11.180000"/>
	<vehicle id="car_924" type="car9" route="3" depart="592" departLane = "0" departSpeed="11.180000"/>
	<vehicle id="car_925" type="car9" route="5" depart="593" departLane = "1" departSpeed="11.180000"/>
	<vehicle id="car_926" type="car6" route="13" depart="593" departLane = "2" departSpeed="11.180000"/>
	<vehicle id="car_927" type="car9" route="3" depart="595" departLane = "2" departSpeed="11.180000"/>
	<vehicle id="car_928" type="car6" route="7" depart="595" departLane = "2" departSpeed="11.180000"/>
	<vehicle id="car_929" type="car6" route="0" depart="596" departLane = "1" departSpeed="11.180000"/>
	<vehicle id="car_930" type="car9" route="11" depart="596" departLane = "1" departSpeed="11.180000"/>
	<vehicle id="car_931" type="car5" route="10" depart="596" departLane = "0" departSpeed="11.180000"/>
	<vehicle id="car_932" type="car8" route="15" depart="597" departLane = "1" departSpeed="11.180000"/>
	<vehicle id="car_933" type="car6" route="6" depart="598" departLane = "2" departSpeed="11.180000"/>
	<vehicle id="car_934" type="car9" route="11" depart="599" departLane = "2" departSpeed="11.180000"/>
</routes>
