<routes>

	<vType id="car5" accel="100.0" decel="100.0" sigma="0.0" length="5" minGap="5.000000" maxSpeed="11.180000" tau="0.100000" carFollowModel="CACC" color="255,255,255"/>
	<vType id="car6" accel="100.0" decel="100.0" sigma="0.0" length="6" minGap="5.000000" maxSpeed="11.180000" tau="0.100000" carFollowModel="CACC" color="255,255,255"/>
	<vType id="car7" accel="100.0" decel="100.0" sigma="0.0" length="7" minGap="5.000000" maxSpeed="11.180000" tau="0.100000" carFollowModel="CACC" color="255,255,255"/>
	<vType id="car8" accel="100.0" decel="100.0" sigma="0.0" length="8" minGap="5.000000" maxSpeed="11.180000" tau="0.100000" carFollowModel="CACC" color="255,255,255"/>
	<vType id="car9" accel="100.0" decel="100.0" sigma="0.0" length="9" minGap="5.000000" maxSpeed="11.180000" tau="0.100000" carFollowModel="CACC" color="255,255,255"/>

	<route id="0" edges=" 001_001_1"/>
	<route id="4" edges=" 001_004_2"/>
	<route id="11" edges=" 004_001_3"/>
	<route id="15" edges=" 001_001_4"/>
	<route id="1" edges=" 001_002_1"/>
	<route id="5" edges=" 002_004_2"/>
	<route id="10" edges=" 004_002_3"/>
	<route id="14" edges=" 002_001_4"/>
	<route id="2" edges=" 001_003_1"/>
	<route id="6" edges=" 003_004_2"/>
	<route id="9" edges=" 004_003_3"/>
	<route id="13" edges=" 003_001_4"/>
	<route id="3" edges=" 001_004_1"/>
	<route id="7" edges=" 004_004_2"/>
	<route id="8" edges=" 004_004_3"/>
	<route id="12" edges=" 004_001_4"/>

	<vehicle id="car_0" type="car7" route="1" depart="0" departLane = "2" departSpeed="11.180000"/>
	<vehicle id="car_1" type="car8" route="10" depart="1" departLane = "2" departSpeed="11.180000"/>
	<vehicle id="car_2" type="car9" route="6" depart="1" departLane = "2" departSpeed="11.180000"/>
	<vehicle id="car_3" type="car5" route="10" depart="2" departLane = "1" departSpeed="11.180000"/>
	<vehicle id="car_4" type="car6" route="10" depart="3" departLane = "2" departSpeed="11.180000"/>
	<vehicle id="car_5" type="car8" route="13" depart="3" departLane = "2" departSpeed="11.180000"/>
	<vehicle id="car_6" type="car6" route="8" depart="3" departLane = "2" departSpeed="11.180000"/>
	<vehicle id="car_7" type="car5" route="9" depart="4" departLane = "0" departSpeed="11.180000"/>
	<vehicle id="car_8" type="car9" route="7" depart="4" departLane = "1" departSpeed="11.180000"/>
	<vehicle id="car_9" type="car5" route="8" depart="4" departLane = "0" departSpeed="11.180000"/>
	<vehicle id="car_10" type="car7" route="0" depart="5" departLane = "0" departSpeed="11.180000"/>
	<vehicle id="car_11" type="car7" route="6" depart="5" departLane = "0" departSpeed="11.180000"/>
	<vehicle id="car_12" type="car6" route="3" depart="5" departLane = "0" departSpeed="11.180000"/>
	<vehicle id="car_13" type="car9" route="0" depart="6" departLane = "1" departSpeed="11.180000"/>
	<vehicle id="car_14" type="car6" route="14" depart="6" departLane = "2" departSpeed="11.180000"/>
	<vehicle id="car_15" type="car9" route="1" depart="7" departLane = "2" departSpeed="11.180000"/>
	<vehicle id="car_16" type="car9" route="5" depart="7" departLane = "0" departSpeed="11.180000"/>
	<vehicle id="car_17" type="car5" route="14" depart="7" departLane = "1" departSpeed="11.180000"/>
	<vehicle id="car_18" type="car9" route="13" depart="7" departLane = "0" departSpeed="11.180000"/>
	<vehicle id="car_19" type="car5" route="6" depart="8" departLane = "1" departSpeed="11.180000"/>
	<vehicle id="car_20" type="car9" route="0" depart="9" departLane = "2" departSpeed="11.180000"/>
	<vehicle id="car_21" type="car5" route="14" depart="9" departLane = "1" departSpeed="11.180000"/>
	<vehicle id="car_22" type="car9" route="3" depart="9" departLane = "0" departSpeed="11.180000"/>
	<vehicle id="car_23" type="car6" route="6" depart="10" departLane = "1" departSpeed="11.180000"/>
	<vehicle id="car_24" type="car6" route="3" depart="10" departLane = "2" departSpeed="11.180000"/>
	<vehicle id="car_25" type="car5" route="0" depart="12" departLane = "2" departSpeed="11.180000"/>
	<vehicle id="car_26" type="car7" route="10" depart="12" departLane = "2" departSpeed="11.180000"/>
	<vehicle id="car_27" type="car5" route="9" depart="12" departLane = "2" departSpeed="11.180000"/>
	<vehicle id="car_28" type="car5" route="3" depart="14" departLane = "1" departSpeed="11.180000"/>
	<vehicle id="car_29" type="car9" route="11" depart="15" departLane = "2" departSpeed="11.180000"/>
	<vehicle id="car_30" type="car6" route="5" depart="15" departLane = "0" departSpeed="11.180000"/>
	<vehicle id="car_31" type="car5" route="1" depart="16" departLane = "0" departSpeed="11.180000"/>
	<vehicle id="car_32" type="car9" route="5" depart="16" departLane = "0" departSpeed="11.180000"/>
	<vehicle id="car_33" type="car5" route="1" depart="17" departLane = "2" departSpeed="11.180000"/>
	<vehicle id="car_34" type="car9" route="13" depart="17" departLane = "0" departSpeed="11.180000"/>
	<vehicle id="car_35" type="car8" route="5" depart="19" departLane = "0" departSpeed="11.180000"/>
	<vehicle id="car_36" type="car8" route="5" depart="20" departLane = "1" departSpeed="11.180000"/>
	<vehicle id="car_37" type="car8" route="6" depart="20" departLane = "2" departSpeed="11.180000"/>
	<vehicle id="car_38" type="car9" route="8" depart="20" departLane = "1" departSpeed="11.180000"/>
	<vehicle id="car_39" type="car8" route="12" depart="20" departLane = "0" departSpeed="11.180000"/>
	<vehicle id="car_40" type="car7" route="2" depart="21" departLane = "2" departSpeed="11.180000"/>
	<vehicle id="car_41" type="car9" route="0" depart="22" departLane = "2" departSpeed="11.180000"/>
	<vehicle id="car_42" type="car6" route="6" depart="22" departLane = "0" departSpeed="11.180000"/>
	<vehicle id="car_43" type="car9" route="3" depart="22" departLane = "0" departSpeed="11.180000"/>
	<vehicle id="car_44" type="car9" route="12" depart="23" departLane = "0" departSpeed="11.180000"/>
	<vehicle id="car_45" type="car8" route="0" depart="24" departLane = "0" departSpeed="11.180000"/>
	<vehicle id="car_46" type="car6" route="4" depart="24" departLane = "0" departSpeed="11.180000"/>
	<vehicle id="car_47" type="car9" route="13" depart="24" departLane = "2" departSpeed="11.180000"/>
	<vehicle id="car_48" type="car5" route="14" depart="25" departLane = "0" departSpeed="11.180000"/>
	<vehicle id="car_49" type="car5" route="15" depart="26" departLane = "2" departSpeed="11.180000"/>
	<vehicle id="car_50" type="car6" route="10" depart="26" departLane = "2" departSpeed="11.180000"/>
	<vehicle id="car_51" type="car8" route="7" depart="26" departLane = "2" departSpeed="11.180000"/>
	<vehicle id="car_52" type="car7" route="9" depart="27" departLane = "2" departSpeed="11.180000"/>
	<vehicle id="car_53" type="car5" route="13" depart="27" departLane = "0" departSpeed="11.180000"/>
	<vehicle id="car_54" type="car9" route="15" depart="29" departLane = "2" departSpeed="11.180000"/>
	<vehicle id="car_55" type="car7" route="6" depart="29" departLane = "2" departSpeed="11.180000"/>
	<vehicle id="car_56" type="car7" route="4" depart="30" departLane = "2" departSpeed="11.180000"/>
	<vehicle id="car_57" type="car7" route="11" depart="30" departLane = "0" departSpeed="11.180000"/>
	<vehicle id="car_58" type="car5" route="3" depart="30" departLane = "0" departSpeed="11.180000"/>
	<vehicle id="car_59" type="car8" route="8" depart="30" departLane = "2" departSpeed="11.180000"/>
	<vehicle id="car_60" type="car7" route="11" depart="31" departLane = "0" departSpeed="11.180000"/>
	<vehicle id="car_61" type="car9" route="9" depart="31" departLane = "0" departSpeed="11.180000"/>
	<vehicle id="car_62" type="car9" route="0" depart="34" departLane = "0" departSpeed="11.180000"/>
	<vehicle id="car_63" type="car8" route="4" depart="34" departLane = "1" departSpeed="11.180000"/>
	<vehicle id="car_64" type="car8" route="6" depart="34" departLane = "0" departSpeed="11.180000"/>
	<vehicle id="car_65" type="car9" route="9" depart="34" departLane = "1" departSpeed="11.180000"/>
	<vehicle id="car_66" type="car6" route="0" depart="35" departLane = "2" departSpeed="11.180000"/>
	<vehicle id="car_67" type="car6" route="10" depart="35" departLane = "0" departSpeed="11.180000"/>
	<vehicle id="car_68" type="car9" route="0" depart="37" departLane = "1" departSpeed="11.180000"/>
	<vehicle id="car_69" type="car8" route="13" depart="37" departLane = "2" departSpeed="11.180000"/>
	<vehicle id="car_70" type="car9" route="10" depart="39" departLane = "2" departSpeed="11.180000"/>
	<vehicle id="car_71" type="car9" route="14" depart="39" departLane = "2" departSpeed="11.180000"/>
	<vehicle id="car_72" type="car5" route="3" depart="39" departLane = "1" departSpeed="11.180000"/>
	<vehicle id="car_73" type="car8" route="0" depart="40" departLane = "0" departSpeed="11.180000"/>
	<vehicle id="car_74" type="car7" route="15" depart="40" departLane = "1" departSpeed="11.180000"/>
	<vehicle id="car_75" type="car9" route="13" depart="40" departLane = "1" departSpeed="11.180000"/>
	<vehicle id="car_76" type="car9" route="11" depart="41" departLane = "1" departSpeed="11.180000"/>
	<vehicle id="car_77" type="car6" route="10" depart="42" departLane = "1" departSpeed="11.180000"/>
	<vehicle id="car_78" type="car6" route="10" depart="43" departLane = "0" departSpeed="11.180000"/>
	<vehicle id="car_79" type="car7" route="14" depart="43" departLane = "0" departSpeed="11.180000"/>
	<vehicle id="car_80" type="car6" route="8" depart="43" departLane = "1" departSpeed="11.180000"/>
	<vehicle id="car_81" type="car6" route="6" depart="44" departLane = "2" departSpeed="11.180000"/>
	<vehicle id="car_82" type="car6" route="0" depart="46" departLane = "1" departSpeed="11.180000"/>
	<vehicle id="car_83" type="car8" route="4" depart="47" departLane = "0" departSpeed="11.180000"/>
	<vehicle id="car_84" type="car7" route="1" depart="47" departLane = "0" departSpeed="11.180000"/>
	<vehicle id="car_85" type="car8" route="14" depart="47" departLane = "1" departSpeed="11.180000"/>
	<vehicle id="car_86" type="car8" route="13" depart="48" departLane = "2" departSpeed="11.180000"/>
	<vehicle id="car_87" type="car7" route="0" depart="49" departLane = "1" departSpeed="11.180000"/>
	<vehicle id="car_88" type="car5" route="11" depart="49" departLane = "1" departSpeed="11.180000"/>
	<vehicle id="car_89" type="car6" route="8" depart="49" departLane = "0" departSpeed="11.180000"/>
	<vehicle id="car_90" type="car8" route="12" depart="49" departLane = "1" departSpeed="11.180000"/>
	<vehicle id="car_91" type="car9" route="11" depart="50" departLane = "0" departSpeed="11.180000"/>
	<vehicle id="car_92" type="car7" route="8" depart="53" departLane = "1" departSpeed="11.180000"/>
	<vehicle id="car_93" type="car5" route="6" depart="55" departLane = "1" departSpeed="11.180000"/>
	<vehicle id="car_94" type="car7" route="11" depart="56" departLane = "0" departSpeed="11.180000"/>
	<vehicle id="car_95" type="car8" route="14" depart="56" departLane = "2" departSpeed="11.180000"/>
	<vehicle id="car_96" type="car7" route="13" depart="56" departLane = "2" departSpeed="11.180000"/>
	<vehicle id="car_97" type="car5" route="14" depart="57" departLane = "2" departSpeed="11.180000"/>
	<vehicle id="car_98" type="car7" route="7" depart="57" departLane = "2" departSpeed="11.180000"/>
	<vehicle id="car_99" type="car7" route="12" depart="57" departLane = "1" departSpeed="11.180000"/>
	<vehicle id="car_100" type="car7" route="13" depart="59" departLane = "0" departSpeed="11.180000"/>
	<vehicle id="car_101" type="car6" route="13" depart="60" departLane = "1" departSpeed="11.180000"/>
	<vehicle id="car_102" type="car7" route="12" depart="60" departLane = "1" departSpeed="11.180000"/>
	<vehicle id="car_103" type="car5" route="0" depart="62" departLane = "1" departSpeed="11.180000"/>
	<vehicle id="car_104" type="car7" route="3" depart="62" departLane = "0" departSpeed="11.180000"/>
	<vehicle id="car_105" type="car6" route="2" depart="64" departLane = "2" departSpeed="11.180000"/>
	<vehicle id="car_106" type="car6" route="13" depart="64" departLane = "1" departSpeed="11.180000"/>
	<vehicle id="car_107" type="car6" route="10" depart="66" departLane = "2" departSpeed="11.180000"/>
	<vehicle id="car_108" type="car5" route="7" depart="66" departLane = "0" departSpeed="11.180000"/>
	<vehicle id="car_109" type="car8" route="8" depart="66" departLane = "0" departSpeed="11.180000"/>
	<vehicle id="car_110" type="car9" route="12" depart="66" departLane = "1" departSpeed="11.180000"/>
	<vehicle id="car_111" type="car6" route="3" depart="67" departLane = "2" departSpeed="11.180000"/>
	<vehicle id="car_112" type="car5" route="0" depart="68" departLane = "2" departSpeed="11.180000"/>
	<vehicle id="car_113" type="car6" route="6" depart="69" departLane = "2" departSpeed="11.180000"/>
	<vehicle id="car_114" type="car6" route="9" depart="69" departLane = "1" departSpeed="11.180000"/>
	<vehicle id="car_115" type="car8" route="9" depart="72" departLane = "0" departSpeed="11.180000"/>
	<vehicle id="car_116" type="car5" route="15" depart="73" departLane = "0" departSpeed="11.180000"/>
	<vehicle id="car_117" type="car7" route="9" depart="73" departLane = "1" departSpeed="11.180000"/>
	<vehicle id="car_118" type="car9" route="7" depart="74" departLane = "1" departSpeed="11.180000"/>
	<vehicle id="car_119" type="car8" route="15" depart="75" departLane = "2" departSpeed="11.180000"/>
	<vehicle id="car_120" type="car9" route="15" depart="77" departLane = "0" departSpeed="11.180000"/>
	<vehicle id="car_121" type="car6" route="1" depart="77" departLane = "1" departSpeed="11.180000"/>
	<vehicle id="car_122" type="car7" route="11" depart="78" departLane = "2" departSpeed="11.180000"/>
	<vehicle id="car_123" type="car7" route="0" depart="79" departLane = "1" departSpeed="11.180000"/>
	<vehicle id="car_124" type="car6" route="11" depart="80" departLane = "0" departSpeed="11.180000"/>
	<vehicle id="car_125" type="car7" route="3" depart="80" departLane = "1" departSpeed="11.180000"/>
	<vehicle id="car_126" type="car8" route="7" depart="80" departLane = "0" departSpeed="11.180000"/>
	<vehicle id="car_127" type="car5" route="4" depart="82" departLane = "2" departSpeed="11.180000"/>
	<vehicle id="car_128" type="car7" route="6" depart="82" departLane = "1" departSpeed="11.180000"/>
	<vehicle id="car_129" type="car5" route="1" depart="83" departLane = "2" departSpeed="11.180000"/>
	<vehicle id="car_130" type="car5" route="0" depart="84" departLane = "0" departSpeed="11.180000"/>
	<vehicle id="car_131" type="car5" route="8" depart="84" departLane = "0" departSpeed="11.180000"/>
	<vehicle id="car_132" type="car5" route="12" depart="84" departLane = "1" departSpeed="11.180000"/>
	<vehicle id="car_133" type="car9" route="0" depart="85" departLane = "0" departSpeed="11.180000"/>
	<vehicle id="car_134" type="car9" route="4" depart="85" departLane = "1" departSpeed="11.180000"/>
	<vehicle id="car_135" type="car8" route="11" depart="86" departLane = "1" departSpeed="11.180000"/>
	<vehicle id="car_136" type="car6" route="8" depart="86" departLane = "1" departSpeed="11.180000"/>
	<vehicle id="car_137" type="car5" route="14" depart="87" departLane = "0" departSpeed="11.180000"/>
	<vehicle id="car_138" type="car9" route="1" depart="88" departLane = "0" departSpeed="11.180000"/>
	<vehicle id="car_139" type="car7" route="0" depart="90" departLane = "2" departSpeed="11.180000"/>
	<vehicle id="car_140" type="car6" route="4" depart="90" departLane = "2" departSpeed="11.180000"/>
	<vehicle id="car_141" type="car9" route="2" depart="90" departLane = "1" departSpeed="11.180000"/>
	<vehicle id="car_142" type="car9" route="7" depart="90" departLane = "1" departSpeed="11.180000"/>
	<vehicle id="car_143" type="car8" route="0" depart="91" departLane = "0" departSpeed="11.180000"/>
	<vehicle id="car_144" type="car7" route="13" depart="91" departLane = "1" departSpeed="11.180000"/>
	<vehicle id="car_145" type="car8" route="0" depart="92" departLane = "1" departSpeed="11.180000"/>
	<vehicle id="car_146" type="car8" route="15" depart="92" departLane = "2" departSpeed="11.180000"/>
	<vehicle id="car_147" type="car8" route="2" depart="92" departLane = "2" departSpeed="11.180000"/>
	<vehicle id="car_148" type="car8" route="6" depart="92" departLane = "1" departSpeed="11.180000"/>
	<vehicle id="car_149" type="car6" route="9" depart="92" departLane = "2" departSpeed="11.180000"/>
	<vehicle id="car_150" type="car8" route="0" depart="93" departLane = "0" departSpeed="11.180000"/>
	<vehicle id="car_151" type="car6" route="2" depart="93" departLane = "1" departSpeed="11.180000"/>
	<vehicle id="car_152" type="car9" route="14" depart="94" departLane = "1" departSpeed="11.180000"/>
	<vehicle id="car_153" type="car9" route="13" depart="94" departLane = "2" departSpeed="11.180000"/>
	<vehicle id="car_154" type="car8" route="3" depart="94" departLane = "0" departSpeed="11.180000"/>
	<vehicle id="car_155" type="car5" route="12" depart="95" departLane = "0" departSpeed="11.180000"/>
	<vehicle id="car_156" type="car6" route="9" depart="96" departLane = "1" departSpeed="11.180000"/>
	<vehicle id="car_157" type="car8" route="13" depart="96" departLane = "1" departSpeed="11.180000"/>
	<vehicle id="car_158" type="car8" route="11" depart="97" departLane = "0" departSpeed="11.180000"/>
	<vehicle id="car_159" type="car8" route="0" depart="98" departLane = "0" departSpeed="11.180000"/>
	<vehicle id="car_160" type="car6" route="7" depart="98" departLane = "2" departSpeed="11.180000"/>
	<vehicle id="car_161" type="car6" route="5" depart="99" departLane = "0" departSpeed="11.180000"/>
	<vehicle id="car_162" type="car6" route="7" depart="99" departLane = "2" departSpeed="11.180000"/>
	<vehicle id="car_163" type="car9" route="14" depart="100" departLane = "1" departSpeed="11.180000"/>
	<vehicle id="car_164" type="car9" route="6" depart="100" departLane = "0" departSpeed="11.180000"/>
	<vehicle id="car_165" type="car9" route="7" depart="101" departLane = "0" departSpeed="11.180000"/>
	<vehicle id="car_166" type="car6" route="12" depart="101" departLane = "1" departSpeed="11.180000"/>
	<vehicle id="car_167" type="car7" route="0" depart="102" departLane = "1" departSpeed="11.180000"/>
	<vehicle id="car_168" type="car8" route="8" depart="102" departLane = "1" departSpeed="11.180000"/>
	<vehicle id="car_169" type="car7" route="1" depart="103" departLane = "2" departSpeed="11.180000"/>
	<vehicle id="car_170" type="car6" route="15" depart="104" departLane = "0" departSpeed="11.180000"/>
	<vehicle id="car_171" type="car6" route="10" depart="104" departLane = "0" departSpeed="11.180000"/>
	<vehicle id="car_172" type="car7" route="4" depart="105" departLane = "1" departSpeed="11.180000"/>
	<vehicle id="car_173" type="car6" route="10" depart="105" departLane = "2" departSpeed="11.180000"/>
	<vehicle id="car_174" type="car7" route="9" depart="105" departLane = "1" departSpeed="11.180000"/>
	<vehicle id="car_175" type="car8" route="15" depart="107" departLane = "1" departSpeed="11.180000"/>
	<vehicle id="car_176" type="car8" route="4" depart="108" departLane = "2" departSpeed="11.180000"/>
	<vehicle id="car_177" type="car6" route="7" depart="108" departLane = "1" departSpeed="11.180000"/>
	<vehicle id="car_178" type="car6" route="1" depart="109" departLane = "2" departSpeed="11.180000"/>
	<vehicle id="car_179" type="car8" route="10" depart="109" departLane = "0" departSpeed="11.180000"/>
	<vehicle id="car_180" type="car7" route="2" depart="110" departLane = "2" departSpeed="11.180000"/>
	<vehicle id="car_181" type="car9" route="6" depart="110" departLane = "2" departSpeed="11.180000"/>
	<vehicle id="car_182" type="car5" route="4" depart="111" departLane = "1" departSpeed="11.180000"/>
	<vehicle id="car_183" type="car9" route="11" depart="111" departLane = "2" departSpeed="11.180000"/>
	<vehicle id="car_184" type="car6" route="13" depart="112" departLane = "2" departSpeed="11.180000"/>
	<vehicle id="car_185" type="car6" route="5" depart="113" departLane = "0" departSpeed="11.180000"/>
	<vehicle id="car_186" type="car9" route="14" depart="113" departLane = "0" departSpeed="11.180000"/>
	<vehicle id="car_187" type="car6" route="2" depart="113" departLane = "0" departSpeed="11.180000"/>
	<vehicle id="car_188" type="car8" route="0" depart="114" departLane = "1" departSpeed="11.180000"/>
	<vehicle id="car_189" type="car7" route="10" depart="114" departLane = "1" departSpeed="11.180000"/>
	<vehicle id="car_190" type="car7" route="6" depart="114" departLane = "1" departSpeed="11.180000"/>
	<vehicle id="car_191" type="car5" route="1" depart="115" departLane = "2" departSpeed="11.180000"/>
	<vehicle id="car_192" type="car8" route="6" depart="115" departLane = "0" departSpeed="11.180000"/>
	<vehicle id="car_193" type="car5" route="0" depart="116" departLane = "1" departSpeed="11.180000"/>
	<vehicle id="car_194" type="car7" route="0" depart="117" departLane = "1" departSpeed="11.180000"/>
	<vehicle id="car_195" type="car7" route="9" depart="117" departLane = "2" departSpeed="11.180000"/>
	<vehicle id="car_196" type="car7" route="15" depart="118" departLane = "1" departSpeed="11.180000"/>
	<vehicle id="car_197" type="car7" route="5" depart="118" departLane = "0" departSpeed="11.180000"/>
	<vehicle id="car_198" type="car5" route="3" depart="118" departLane = "0" departSpeed="11.180000"/>
	<vehicle id="car_199" type="car8" route="4" depart="119" departLane = "2" departSpeed="11.180000"/>
	<vehicle id="car_200" type="car7" route="11" depart="119" departLane = "0" departSpeed="11.180000"/>
	<vehicle id="car_201" type="car8" route="7" depart="119" departLane = "1" departSpeed="11.180000"/>
	<vehicle id="car_202" type="car5" route="10" depart="120" departLane = "1" departSpeed="11.180000"/>
	<vehicle id="car_203" type="car7" route="2" depart="120" departLane = "0" departSpeed="11.180000"/>
	<vehicle id="car_204" type="car8" route="15" depart="121" departLane = "1" departSpeed="11.180000"/>
	<vehicle id="car_205" type="car6" route="13" depart="121" departLane = "1" departSpeed="11.180000"/>
	<vehicle id="car_206" type="car5" route="0" depart="122" departLane = "2" departSpeed="11.180000"/>
	<vehicle id="car_207" type="car5" route="4" depart="123" departLane = "2" departSpeed="11.180000"/>
	<vehicle id="car_208" type="car8" route="1" depart="123" departLane = "1" departSpeed="11.180000"/>
	<vehicle id="car_209" type="car6" route="2" depart="123" departLane = "2" departSpeed="11.180000"/>
	<vehicle id="car_210" type="car8" route="4" depart="124" departLane = "0" departSpeed="11.180000"/>
	<vehicle id="car_211" type="car6" route="13" depart="124" departLane = "2" departSpeed="11.180000"/>
	<vehicle id="car_212" type="car5" route="1" depart="125" departLane = "2" departSpeed="11.180000"/>
	<vehicle id="car_213" type="car9" route="10" depart="125" departLane = "2" departSpeed="11.180000"/>
	<vehicle id="car_214" type="car6" route="9" depart="126" departLane = "1" departSpeed="11.180000"/>
	<vehicle id="car_215" type="car5" route="2" depart="127" departLane = "2" departSpeed="11.180000"/>
	<vehicle id="car_216" type="car6" route="13" depart="127" departLane = "0" departSpeed="11.180000"/>
	<vehicle id="car_217" type="car7" route="8" depart="127" departLane = "0" departSpeed="11.180000"/>
	<vehicle id="car_218" type="car8" route="1" depart="128" departLane = "2" departSpeed="11.180000"/>
	<vehicle id="car_219" type="car8" route="3" depart="128" departLane = "1" departSpeed="11.180000"/>
	<vehicle id="car_220" type="car8" route="4" depart="129" departLane = "1" departSpeed="11.180000"/>
	<vehicle id="car_221" type="car8" route="13" depart="129" departLane = "1" departSpeed="11.180000"/>
	<vehicle id="car_222" type="car8" route="1" depart="130" departLane = "2" departSpeed="11.180000"/>
	<vehicle id="car_223" type="car8" route="5" depart="130" departLane = "1" departSpeed="11.180000"/>
	<vehicle id="car_224" type="car5" route="2" depart="130" departLane = "2" departSpeed="11.180000"/>
	<vehicle id="car_225" type="car7" route="10" depart="131" departLane = "2" departSpeed="11.180000"/>
	<vehicle id="car_226" type="car5" route="5" depart="132" departLane = "0" departSpeed="11.180000"/>
	<vehicle id="car_227" type="car5" route="10" depart="132" departLane = "0" departSpeed="11.180000"/>
	<vehicle id="car_228" type="car7" route="9" depart="132" departLane = "1" departSpeed="11.180000"/>
	<vehicle id="car_229" type="car5" route="13" depart="132" departLane = "2" departSpeed="11.180000"/>
	<vehicle id="car_230" type="car7" route="10" depart="134" departLane = "0" departSpeed="11.180000"/>
	<vehicle id="car_231" type="car8" route="6" depart="135" departLane = "0" departSpeed="11.180000"/>
	<vehicle id="car_232" type="car5" route="8" depart="135" departLane = "2" departSpeed="11.180000"/>
	<vehicle id="car_233" type="car9" route="5" depart="137" departLane = "0" departSpeed="11.180000"/>
	<vehicle id="car_234" type="car5" route="10" depart="137" departLane = "0" departSpeed="11.180000"/>
	<vehicle id="car_235" type="car8" route="2" depart="137" departLane = "1" departSpeed="11.180000"/>
	<vehicle id="car_236" type="car7" route="9" depart="137" departLane = "0" departSpeed="11.180000"/>
	<vehicle id="car_237" type="car9" route="7" depart="137" departLane = "1" departSpeed="11.180000"/>
	<vehicle id="car_238" type="car8" route="15" depart="138" departLane = "1" departSpeed="11.180000"/>
	<vehicle id="car_239" type="car7" route="9" depart="139" departLane = "0" departSpeed="11.180000"/>
	<vehicle id="car_240" type="car9" route="13" depart="139" departLane = "0" departSpeed="11.180000"/>
	<vehicle id="car_241" type="car8" route="3" depart="139" departLane = "1" departSpeed="11.180000"/>
	<vehicle id="car_242" type="car6" route="7" depart="139" departLane = "1" departSpeed="11.180000"/>
	<vehicle id="car_243" type="car5" route="11" depart="140" departLane = "2" departSpeed="11.180000"/>
	<vehicle id="car_244" type="car7" route="6" depart="140" departLane = "2" departSpeed="11.180000"/>
	<vehicle id="car_245" type="car6" route="10" depart="141" departLane = "0" departSpeed="11.180000"/>
	<vehicle id="car_246" type="car7" route="14" depart="141" departLane = "1" departSpeed="11.180000"/>
	<vehicle id="car_247" type="car9" route="7" depart="141" departLane = "2" departSpeed="11.180000"/>
	<vehicle id="car_248" type="car9" route="12" depart="141" departLane = "1" departSpeed="11.180000"/>
	<vehicle id="car_249" type="car9" route="14" depart="142" departLane = "0" departSpeed="11.180000"/>
	<vehicle id="car_250" type="car9" route="14" depart="143" departLane = "2" departSpeed="11.180000"/>
	<vehicle id="car_251" type="car9" route="13" depart="144" departLane = "2" departSpeed="11.180000"/>
	<vehicle id="car_252" type="car8" route="0" depart="145" departLane = "1" departSpeed="11.180000"/>
	<vehicle id="car_253" type="car9" route="4" depart="145" departLane = "0" departSpeed="11.180000"/>
	<vehicle id="car_254" type="car9" route="11" depart="145" departLane = "2" departSpeed="11.180000"/>
	<vehicle id="car_255" type="car6" route="15" depart="145" departLane = "0" departSpeed="11.180000"/>
	<vehicle id="car_256" type="car7" route="13" depart="145" departLane = "2" departSpeed="11.180000"/>
	<vehicle id="car_257" type="car5" route="5" depart="146" departLane = "1" departSpeed="11.180000"/>
	<vehicle id="car_258" type="car6" route="10" depart="147" departLane = "2" departSpeed="11.180000"/>
	<vehicle id="car_259" type="car7" route="14" depart="147" departLane = "2" departSpeed="11.180000"/>
	<vehicle id="car_260" type="car9" route="0" depart="148" departLane = "0" departSpeed="11.180000"/>
	<vehicle id="car_261" type="car8" route="11" depart="149" departLane = "1" departSpeed="11.180000"/>
	<vehicle id="car_262" type="car9" route="7" depart="149" departLane = "1" departSpeed="11.180000"/>
	<vehicle id="car_263" type="car7" route="11" depart="150" departLane = "1" departSpeed="11.180000"/>
	<vehicle id="car_264" type="car8" route="3" depart="150" departLane = "1" departSpeed="11.180000"/>
	<vehicle id="car_265" type="car9" route="14" depart="151" departLane = "2" departSpeed="11.180000"/>
	<vehicle id="car_266" type="car6" route="2" depart="151" departLane = "0" departSpeed="11.180000"/>
	<vehicle id="car_267" type="car6" route="11" depart="152" departLane = "0" departSpeed="11.180000"/>
	<vehicle id="car_268" type="car8" route="10" depart="152" departLane = "1" departSpeed="11.180000"/>
	<vehicle id="car_269" type="car7" route="12" depart="152" departLane = "1" departSpeed="11.180000"/>
	<vehicle id="car_270" type="car6" route="0" depart="153" departLane = "1" departSpeed="11.180000"/>
	<vehicle id="car_271" type="car9" route="6" depart="154" departLane = "0" departSpeed="11.180000"/>
	<vehicle id="car_272" type="car6" route="2" depart="155" departLane = "1" departSpeed="11.180000"/>
	<vehicle id="car_273" type="car5" route="7" depart="155" departLane = "2" departSpeed="11.180000"/>
	<vehicle id="car_274" type="car5" route="8" depart="155" departLane = "0" departSpeed="11.180000"/>
	<vehicle id="car_275" type="car9" route="12" depart="155" departLane = "1" departSpeed="11.180000"/>
	<vehicle id="car_276" type="car7" route="11" depart="156" departLane = "0" departSpeed="11.180000"/>
	<vehicle id="car_277" type="car7" route="11" depart="157" departLane = "0" departSpeed="11.180000"/>
	<vehicle id="car_278" type="car5" route="3" depart="157" departLane = "0" departSpeed="11.180000"/>
	<vehicle id="car_279" type="car8" route="1" depart="159" departLane = "2" departSpeed="11.180000"/>
	<vehicle id="car_280" type="car9" route="0" depart="160" departLane = "2" departSpeed="11.180000"/>
	<vehicle id="car_281" type="car6" route="9" depart="161" departLane = "1" departSpeed="11.180000"/>
	<vehicle id="car_282" type="car7" route="4" depart="163" departLane = "1" departSpeed="11.180000"/>
	<vehicle id="car_283" type="car7" route="10" depart="163" departLane = "0" departSpeed="11.180000"/>
	<vehicle id="car_284" type="car8" route="14" depart="163" departLane = "2" departSpeed="11.180000"/>
	<vehicle id="car_285" type="car6" route="6" depart="163" departLane = "2" departSpeed="11.180000"/>
	<vehicle id="car_286" type="car5" route="9" depart="163" departLane = "2" departSpeed="11.180000"/>
	<vehicle id="car_287" type="car5" route="12" depart="163" departLane = "2" departSpeed="11.180000"/>
	<vehicle id="car_288" type="car9" route="5" depart="164" departLane = "2" departSpeed="11.180000"/>
	<vehicle id="car_289" type="car5" route="13" depart="164" departLane = "1" departSpeed="11.180000"/>
	<vehicle id="car_290" type="car7" route="5" depart="165" departLane = "2" departSpeed="11.180000"/>
	<vehicle id="car_291" type="car9" route="7" depart="165" departLane = "2" departSpeed="11.180000"/>
	<vehicle id="car_292" type="car7" route="12" depart="165" departLane = "0" departSpeed="11.180000"/>
	<vehicle id="car_293" type="car8" route="15" depart="168" departLane = "1" departSpeed="11.180000"/>
	<vehicle id="car_294" type="car6" route="14" depart="168" departLane = "2" departSpeed="11.180000"/>
	<vehicle id="car_295" type="car6" route="5" depart="169" departLane = "0" departSpeed="11.180000"/>
	<vehicle id="car_296" type="car7" route="9" depart="169" departLane = "1" departSpeed="11.180000"/>
	<vehicle id="car_297" type="car5" route="0" depart="170" departLane = "1" departSpeed="11.180000"/>
	<vehicle id="car_298" type="car5" route="11" depart="170" departLane = "0" departSpeed="11.180000"/>
	<vehicle id="car_299" type="car9" route="3" depart="171" departLane = "1" departSpeed="11.180000"/>
	<vehicle id="car_300" type="car6" route="9" depart="173" departLane = "1" departSpeed="11.180000"/>
	<vehicle id="car_301" type="car6" route="11" depart="174" departLane = "0" departSpeed="11.180000"/>
	<vehicle id="car_302" type="car7" route="8" depart="175" departLane = "0" departSpeed="11.180000"/>
	<vehicle id="car_303" type="car5" route="3" depart="176" departLane = "1" departSpeed="11.180000"/>
	<vehicle id="car_304" type="car6" route="10" depart="179" departLane = "1" departSpeed="11.180000"/>
	<vehicle id="car_305" type="car9" route="7" depart="179" departLane = "2" departSpeed="11.180000"/>
	<vehicle id="car_306" type="car7" route="13" depart="180" departLane = "0" departSpeed="11.180000"/>
	<vehicle id="car_307" type="car9" route="9" depart="181" departLane = "2" departSpeed="11.180000"/>
	<vehicle id="car_308" type="car7" route="12" depart="181" departLane = "1" departSpeed="11.180000"/>
	<vehicle id="car_309" type="car5" route="10" depart="182" departLane = "0" departSpeed="11.180000"/>
	<vehicle id="car_310" type="car9" route="2" depart="182" departLane = "0" departSpeed="11.180000"/>
	<vehicle id="car_311" type="car7" route="11" depart="183" departLane = "1" departSpeed="11.180000"/>
	<vehicle id="car_312" type="car5" route="5" depart="184" departLane = "1" departSpeed="11.180000"/>
	<vehicle id="car_313" type="car8" route="6" depart="184" departLane = "2" departSpeed="11.180000"/>
	<vehicle id="car_314" type="car9" route="9" depart="184" departLane = "2" departSpeed="11.180000"/>
	<vehicle id="car_315" type="car6" route="7" depart="184" departLane = "2" departSpeed="11.180000"/>
	<vehicle id="car_316" type="car6" route="11" depart="185" departLane = "1" departSpeed="11.180000"/>
	<vehicle id="car_317" type="car5" route="7" depart="185" departLane = "1" departSpeed="11.180000"/>
	<vehicle id="car_318" type="car9" route="14" depart="186" departLane = "1" departSpeed="11.180000"/>
	<vehicle id="car_319" type="car6" route="7" depart="186" departLane = "2" departSpeed="11.180000"/>
	<vehicle id="car_320" type="car6" route="7" depart="187" departLane = "2" departSpeed="11.180000"/>
	<vehicle id="car_321" type="car9" route="0" depart="188" departLane = "2" departSpeed="11.180000"/>
	<vehicle id="car_322" type="car5" route="4" depart="188" departLane = "2" departSpeed="11.180000"/>
	<vehicle id="car_323" type="car5" route="9" depart="188" departLane = "1" departSpeed="11.180000"/>
	<vehicle id="car_324" type="car6" route="3" depart="189" departLane = "0" departSpeed="11.180000"/>
	<vehicle id="car_325" type="car9" route="4" depart="191" departLane = "1" departSpeed="11.180000"/>
	<vehicle id="car_326" type="car5" route="13" depart="191" departLane = "2" departSpeed="11.180000"/>
	<vehicle id="car_327" type="car8" route="0" depart="192" departLane = "1" departSpeed="11.180000"/>
	<vehicle id="car_328" type="car9" route="4" depart="192" departLane = "0" departSpeed="11.180000"/>
	<vehicle id="car_329" type="car7" route="14" depart="193" departLane = "0" departSpeed="11.180000"/>
	<vehicle id="car_330" type="car6" route="6" depart="193" departLane = "1" departSpeed="11.180000"/>
	<vehicle id="car_331" type="car9" route="0" depart="194" departLane = "0" departSpeed="11.180000"/>
	<vehicle id="car_332" type="car5" route="11" depart="194" departLane = "2" departSpeed="11.180000"/>
	<vehicle id="car_333" type="car5" route="6" depart="194" departLane = "1" departSpeed="11.180000"/>
	<vehicle id="car_334" type="car9" route="10" depart="195" departLane = "1" departSpeed="11.180000"/>
	<vehicle id="car_335" type="car9" route="11" depart="196" departLane = "2" departSpeed="11.180000"/>
	<vehicle id="car_336" type="car9" route="8" depart="197" departLane = "0" departSpeed="11.180000"/>
	<vehicle id="car_337" type="car6" route="14" depart="199" departLane = "2" departSpeed="11.180000"/>
	<vehicle id="car_338" type="car8" route="12" depart="200" departLane = "2" departSpeed="11.180000"/>
	<vehicle id="car_339" type="car8" route="10" depart="201" departLane = "0" departSpeed="11.180000"/>
	<vehicle id="car_340" type="car7" route="6" depart="201" departLane = "0" departSpeed="11.180000"/>
	<vehicle id="car_341" type="car6" route="11" depart="202" departLane = "2" departSpeed="11.180000"/>
	<vehicle id="car_342" type="car8" route="12" depart="203" departLane = "0" departSpeed="11.180000"/>
	<vehicle id="car_343" type="car8" route="2" depart="204" departLane = "0" departSpeed="11.180000"/>
	<vehicle id="car_344" type="car6" route="3" depart="204" departLane = "0" departSpeed="11.180000"/>
	<vehicle id="car_345" type="car8" route="8" depart="204" departLane = "1" departSpeed="11.180000"/>
	<vehicle id="car_346" type="car9" route="12" depart="204" departLane = "1" departSpeed="11.180000"/>
	<vehicle id="car_347" type="car7" route="0" depart="205" departLane = "1" departSpeed="11.180000"/>
	<vehicle id="car_348" type="car7" route="6" depart="205" departLane = "0" departSpeed="11.180000"/>
	<vehicle id="car_349" type="car5" route="0" depart="206" departLane = "0" departSpeed="11.180000"/>
	<vehicle id="car_350" type="car5" route="14" depart="206" departLane = "2" departSpeed="11.180000"/>
	<vehicle id="car_351" type="car6" route="9" depart="206" departLane = "1" departSpeed="11.180000"/>
	<vehicle id="car_352" type="car8" route="3" depart="209" departLane = "0" departSpeed="11.180000"/>
	<vehicle id="car_353" type="car7" route="4" depart="210" departLane = "2" departSpeed="11.180000"/>
	<vehicle id="car_354" type="car9" route="6" depart="210" departLane = "0" departSpeed="11.180000"/>
	<vehicle id="car_355" type="car6" route="14" depart="212" departLane = "1" departSpeed="11.180000"/>
	<vehicle id="car_356" type="car7" route="2" depart="213" departLane = "1" departSpeed="11.180000"/>
	<vehicle id="car_357" type="car6" route="12" depart="213" departLane = "0" departSpeed="11.180000"/>
	<vehicle id="car_358" type="car8" route="4" depart="214" departLane = "1" departSpeed="11.180000"/>
	<vehicle id="car_359" type="car6" route="11" depart="214" departLane = "2" departSpeed="11.180000"/>
	<vehicle id="car_360" type="car8" route="11" depart="215" departLane = "0" departSpeed="11.180000"/>
	<vehicle id="car_361" type="car5" route="6" depart="218" departLane = "2" departSpeed="11.180000"/>
	<vehicle id="car_362" type="car6" route="4" depart="219" departLane = "0" departSpeed="11.180000"/>
	<vehicle id="car_363" type="car7" route="3" depart="219" departLane = "2" departSpeed="11.180000"/>
	<vehicle id="car_364" type="car5" route="5" depart="220" departLane = "1" departSpeed="11.180000"/>
	<vehicle id="car_365" type="car9" route="4" depart="221" departLane = "1" departSpeed="11.180000"/>
	<vehicle id="car_366" type="car9" route="5" depart="221" departLane = "0" departSpeed="11.180000"/>
	<vehicle id="car_367" type="car9" route="8" depart="221" departLane = "0" departSpeed="11.180000"/>
	<vehicle id="car_368" type="car7" route="6" depart="222" departLane = "0" departSpeed="11.180000"/>
	<vehicle id="car_369" type="car6" route="10" depart="223" departLane = "2" departSpeed="11.180000"/>
	<vehicle id="car_370" type="car7" route="2" depart="223" departLane = "2" departSpeed="11.180000"/>
	<vehicle id="car_371" type="car8" route="4" depart="225" departLane = "1" departSpeed="11.180000"/>
	<vehicle id="car_372" type="car5" route="10" depart="226" departLane = "0" departSpeed="11.180000"/>
	<vehicle id="car_373" type="car9" route="10" depart="227" departLane = "0" departSpeed="11.180000"/>
	<vehicle id="car_374" type="car5" route="15" depart="228" departLane = "1" departSpeed="11.180000"/>
	<vehicle id="car_375" type="car8" route="14" depart="228" departLane = "1" departSpeed="11.180000"/>
	<vehicle id="car_376" type="car6" route="13" depart="228" departLane = "1" departSpeed="11.180000"/>
	<vehicle id="car_377" type="car7" route="12" depart="229" departLane = "0" departSpeed="11.180000"/>
	<vehicle id="car_378" type="car8" route="2" depart="230" departLane = "1" departSpeed="11.180000"/>
	<vehicle id="car_379" type="car8" route="7" depart="230" departLane = "1" departSpeed="11.180000"/>
	<vehicle id="car_380" type="car6" route="11" depart="231" departLane = "2" departSpeed="11.180000"/>
	<vehicle id="car_381" type="car8" route="10" depart="231" departLane = "0" departSpeed="11.180000"/>
	<vehicle id="car_382" type="car5" route="14" depart="231" departLane = "2" departSpeed="11.180000"/>
	<vehicle id="car_383" type="car8" route="12" depart="231" departLane = "2" departSpeed="11.180000"/>
	<vehicle id="car_384" type="car9" route="11" depart="232" departLane = "1" departSpeed="11.180000"/>
	<vehicle id="car_385" type="car9" route="11" depart="233" departLane = "1" departSpeed="11.180000"/>
	<vehicle id="car_386" type="car8" route="8" depart="233" departLane = "0" departSpeed="11.180000"/>
	<vehicle id="car_387" type="car9" route="3" depart="235" departLane = "2" departSpeed="11.180000"/>
	<vehicle id="car_388" type="car9" route="11" depart="237" departLane = "2" departSpeed="11.180000"/>
	<vehicle id="car_389" type="car5" route="13" depart="238" departLane = "2" departSpeed="11.180000"/>
	<vehicle id="car_390" type="car7" route="12" depart="238" departLane = "1" departSpeed="11.180000"/>
	<vehicle id="car_391" type="car9" route="11" depart="239" departLane = "2" departSpeed="11.180000"/>
	<vehicle id="car_392" type="car7" route="5" depart="239" departLane = "2" departSpeed="11.180000"/>
	<vehicle id="car_393" type="car9" route="10" depart="239" departLane = "0" departSpeed="11.180000"/>
	<vehicle id="car_394" type="car5" route="4" depart="240" departLane = "0" departSpeed="11.180000"/>
	<vehicle id="car_395" type="car8" route="1" depart="240" departLane = "1" departSpeed="11.180000"/>
	<vehicle id="car_396" type="car8" route="6" depart="242" departLane = "1" departSpeed="11.180000"/>
	<vehicle id="car_397" type="car6" route="9" depart="242" departLane = "1" departSpeed="11.180000"/>
	<vehicle id="car_398" type="car9" route="13" depart="242" departLane = "1" departSpeed="11.180000"/>
	<vehicle id="car_399" type="car8" route="8" depart="242" departLane = "2" departSpeed="11.180000"/>
	<vehicle id="car_400" type="car6" route="6" depart="243" departLane = "2" departSpeed="11.180000"/>
	<vehicle id="car_401" type="car9" route="9" depart="244" departLane = "1" departSpeed="11.180000"/>
	<vehicle id="car_402" type="car9" route="15" depart="247" departLane = "2" departSpeed="11.180000"/>
	<vehicle id="car_403" type="car6" route="6" depart="247" departLane = "2" departSpeed="11.180000"/>
	<vehicle id="car_404" type="car6" route="13" depart="247" departLane = "0" departSpeed="11.180000"/>
	<vehicle id="car_405" type="car9" route="6" depart="248" departLane = "0" departSpeed="11.180000"/>
	<vehicle id="car_406" type="car9" route="9" depart="248" departLane = "2" departSpeed="11.180000"/>
	<vehicle id="car_407" type="car5" route="3" depart="248" departLane = "1" departSpeed="11.180000"/>
	<vehicle id="car_408" type="car8" route="1" depart="249" departLane = "2" departSpeed="11.180000"/>
	<vehicle id="car_409" type="car8" route="13" depart="249" departLane = "0" departSpeed="11.180000"/>
	<vehicle id="car_410" type="car7" route="3" depart="249" departLane = "1" departSpeed="11.180000"/>
	<vehicle id="car_411" type="car6" route="11" depart="250" departLane = "2" departSpeed="11.180000"/>
	<vehicle id="car_412" type="car9" route="13" depart="250" departLane = "1" departSpeed="11.180000"/>
	<vehicle id="car_413" type="car5" route="13" depart="251" departLane = "0" departSpeed="11.180000"/>
	<vehicle id="car_414" type="car7" route="7" depart="251" departLane = "1" departSpeed="11.180000"/>
	<vehicle id="car_415" type="car9" route="5" depart="252" departLane = "1" departSpeed="11.180000"/>
	<vehicle id="car_416" type="car9" route="7" depart="252" departLane = "1" departSpeed="11.180000"/>
	<vehicle id="car_417" type="car8" route="5" depart="253" departLane = "2" departSpeed="11.180000"/>
	<vehicle id="car_418" type="car6" route="10" depart="253" departLane = "2" departSpeed="11.180000"/>
	<vehicle id="car_419" type="car5" route="6" depart="254" departLane = "0" departSpeed="11.180000"/>
	<vehicle id="car_420" type="car8" route="13" depart="254" departLane = "1" departSpeed="11.180000"/>
	<vehicle id="car_421" type="car6" route="0" depart="255" departLane = "2" departSpeed="11.180000"/>
	<vehicle id="car_422" type="car7" route="5" depart="255" departLane = "1" departSpeed="11.180000"/>
	<vehicle id="car_423" type="car9" route="14" depart="255" departLane = "0" departSpeed="11.180000"/>
	<vehicle id="car_424" type="car9" route="11" depart="257" departLane = "2" departSpeed="11.180000"/>
	<vehicle id="car_425" type="car9" route="13" depart="257" departLane = "2" departSpeed="11.180000"/>
	<vehicle id="car_426" type="car5" route="6" depart="258" departLane = "2" departSpeed="11.180000"/>
	<vehicle id="car_427" type="car6" route="9" depart="258" departLane = "2" departSpeed="11.180000"/>
	<vehicle id="car_428" type="car5" route="10" depart="259" departLane = "1" departSpeed="11.180000"/>
	<vehicle id="car_429" type="car5" route="9" depart="259" departLane = "2" departSpeed="11.180000"/>
	<vehicle id="car_430" type="car8" route="4" depart="260" departLane = "1" departSpeed="11.180000"/>
	<vehicle id="car_431" type="car6" route="15" depart="260" departLane = "0" departSpeed="11.180000"/>
	<vehicle id="car_432" type="car6" route="14" depart="260" departLane = "1" departSpeed="11.180000"/>
	<vehicle id="car_433" type="car5" route="4" depart="262" departLane = "2" departSpeed="11.180000"/>
	<vehicle id="car_434" type="car7" route="15" depart="262" departLane = "1" departSpeed="11.180000"/>
	<vehicle id="car_435" type="car8" route="3" depart="262" departLane = "1" departSpeed="11.180000"/>
	<vehicle id="car_436" type="car8" route="7" depart="262" departLane = "1" departSpeed="11.180000"/>
	<vehicle id="car_437" type="car7" route="12" depart="262" departLane = "0" departSpeed="11.180000"/>
	<vehicle id="car_438" type="car9" route="3" depart="263" departLane = "0" departSpeed="11.180000"/>
	<vehicle id="car_439" type="car6" route="4" depart="266" departLane = "2" departSpeed="11.180000"/>
	<vehicle id="car_440" type="car7" route="15" depart="266" departLane = "1" departSpeed="11.180000"/>
	<vehicle id="car_441" type="car5" route="2" depart="268" departLane = "2" departSpeed="11.180000"/>
	<vehicle id="car_442" type="car8" route="6" depart="268" departLane = "1" departSpeed="11.180000"/>
	<vehicle id="car_443" type="car6" route="0" depart="269" departLane = "1" departSpeed="11.180000"/>
	<vehicle id="car_444" type="car5" route="7" depart="269" departLane = "0" departSpeed="11.180000"/>
	<vehicle id="car_445" type="car8" route="0" depart="270" departLane = "0" departSpeed="11.180000"/>
	<vehicle id="car_446" type="car9" route="15" depart="271" departLane = "1" departSpeed="11.180000"/>
	<vehicle id="car_447" type="car8" route="1" depart="272" departLane = "2" departSpeed="11.180000"/>
	<vehicle id="car_448" type="car6" route="5" depart="273" departLane = "0" departSpeed="11.180000"/>
	<vehicle id="car_449" type="car8" route="12" depart="273" departLane = "0" departSpeed="11.180000"/>
	<vehicle id="car_450" type="car8" route="0" depart="274" departLane = "1" departSpeed="11.180000"/>
	<vehicle id="car_451" type="car9" route="14" depart="274" departLane = "2" departSpeed="11.180000"/>
	<vehicle id="car_452" type="car7" route="13" depart="274" departLane = "0" departSpeed="11.180000"/>
	<vehicle id="car_453" type="car5" route="5" depart="275" departLane = "0" departSpeed="11.180000"/>
	<vehicle id="car_454" type="car6" route="5" depart="276" departLane = "0" departSpeed="11.180000"/>
	<vehicle id="car_455" type="car9" route="2" depart="276" departLane = "0" departSpeed="11.180000"/>
	<vehicle id="car_456" type="car6" route="12" depart="276" departLane = "0" departSpeed="11.180000"/>
	<vehicle id="car_457" type="car9" route="5" depart="277" departLane = "0" departSpeed="11.180000"/>
	<vehicle id="car_458" type="car7" route="3" depart="280" departLane = "2" departSpeed="11.180000"/>
	<vehicle id="car_459" type="car8" route="11" depart="281" departLane = "1" departSpeed="11.180000"/>
	<vehicle id="car_460" type="car9" route="11" depart="282" departLane = "0" departSpeed="11.180000"/>
	<vehicle id="car_461" type="car5" route="5" depart="282" departLane = "0" departSpeed="11.180000"/>
	<vehicle id="car_462" type="car8" route="1" depart="284" departLane = "2" departSpeed="11.180000"/>
	<vehicle id="car_463" type="car8" route="2" depart="284" departLane = "1" departSpeed="11.180000"/>
	<vehicle id="car_464" type="car5" route="13" depart="284" departLane = "1" departSpeed="11.180000"/>
	<vehicle id="car_465" type="car8" route="1" depart="285" departLane = "2" departSpeed="11.180000"/>
	<vehicle id="car_466" type="car6" route="6" depart="286" departLane = "2" departSpeed="11.180000"/>
	<vehicle id="car_467" type="car6" route="3" depart="286" departLane = "1" departSpeed="11.180000"/>
	<vehicle id="car_468" type="car5" route="7" depart="287" departLane = "1" departSpeed="11.180000"/>
	<vehicle id="car_469" type="car7" route="0" depart="288" departLane = "2" departSpeed="11.180000"/>
	<vehicle id="car_470" type="car6" route="8" depart="288" departLane = "0" departSpeed="11.180000"/>
	<vehicle id="car_471" type="car5" route="1" depart="289" departLane = "2" departSpeed="11.180000"/>
	<vehicle id="car_472" type="car5" route="0" depart="290" departLane = "2" departSpeed="11.180000"/>
	<vehicle id="car_473" type="car9" route="12" depart="290" departLane = "0" departSpeed="11.180000"/>
	<vehicle id="car_474" type="car9" route="5" depart="291" departLane = "1" departSpeed="11.180000"/>
	<vehicle id="car_475" type="car7" route="7" depart="291" departLane = "1" departSpeed="11.180000"/>
	<vehicle id="car_476" type="car9" route="4" depart="292" departLane = "2" departSpeed="11.180000"/>
	<vehicle id="car_477" type="car6" route="6" depart="292" departLane = "0" departSpeed="11.180000"/>
	<vehicle id="car_478" type="car8" route="4" depart="293" departLane = "1" departSpeed="11.180000"/>
	<vehicle id="car_479" type="car5" route="8" depart="293" departLane = "1" departSpeed="11.180000"/>
	<vehicle id="car_480" type="car7" route="9" depart="294" departLane = "0" departSpeed="11.180000"/>
	<vehicle id="car_481" type="car9" route="4" depart="295" departLane = "2" departSpeed="11.180000"/>
	<vehicle id="car_482" type="car7" route="5" depart="295" departLane = "2" departSpeed="11.180000"/>
	<vehicle id="car_483" type="car5" route="11" depart="297" departLane = "1" departSpeed="11.180000"/>
	<vehicle id="car_484" type="car6" route="5" depart="297" departLane = "2" departSpeed="11.180000"/>
	<vehicle id="car_485" type="car5" route="13" depart="297" departLane = "1" departSpeed="11.180000"/>
	<vehicle id="car_486" type="car6" route="8" depart="298" departLane = "2" departSpeed="11.180000"/>
	<vehicle id="car_487" type="car5" route="4" depart="299" departLane = "2" departSpeed="11.180000"/>
	<vehicle id="car_488" type="car9" route="15" depart="299" departLane = "0" departSpeed="11.180000"/>
	<vehicle id="car_489" type="car9" route="2" depart="299" departLane = "0" departSpeed="11.180000"/>
	<vehicle id="car_490" type="car7" route="13" depart="300" departLane = "2" departSpeed="11.180000"/>
	<vehicle id="car_491" type="car9" route="10" depart="301" departLane = "1" departSpeed="11.180000"/>
	<vehicle id="car_492" type="car9" route="11" depart="302" departLane = "1" departSpeed="11.180000"/>
	<vehicle id="car_493" type="car6" route="9" depart="302" departLane = "2" departSpeed="11.180000"/>
	<vehicle id="car_494" type="car7" route="8" depart="302" departLane = "2" departSpeed="11.180000"/>
	<vehicle id="car_495" type="car9" route="10" depart="303" departLane = "2" departSpeed="11.180000"/>
	<vehicle id="car_496" type="car6" route="14" depart="304" departLane = "0" departSpeed="11.180000"/>
	<vehicle id="car_497" type="car5" route="13" depart="306" departLane = "0" departSpeed="11.180000"/>
	<vehicle id="car_498" type="car9" route="9" depart="307" departLane = "0" departSpeed="11.180000"/>
	<vehicle id="car_499" type="car9" route="13" depart="307" departLane = "0" departSpeed="11.180000"/>
	<vehicle id="car_500" type="car5" route="1" depart="308" departLane = "0" departSpeed="11.180000"/>
	<vehicle id="car_501" type="car5" route="10" depart="309" departLane = "1" departSpeed="11.180000"/>
	<vehicle id="car_502" type="car9" route="6" depart="309" departLane = "1" departSpeed="11.180000"/>
	<vehicle id="car_503" type="car5" route="3" depart="309" departLane = "0" departSpeed="11.180000"/>
	<vehicle id="car_504" type="car6" route="8" depart="309" departLane = "1" departSpeed="11.180000"/>
	<vehicle id="car_505" type="car9" route="12" depart="309" departLane = "1" departSpeed="11.180000"/>
	<vehicle id="car_506" type="car8" route="0" depart="313" departLane = "0" departSpeed="11.180000"/>
	<vehicle id="car_507" type="car9" route="5" depart="313" departLane = "0" departSpeed="11.180000"/>
	<vehicle id="car_508" type="car9" route="14" depart="313" departLane = "1" departSpeed="11.180000"/>
	<vehicle id="car_509" type="car7" route="12" depart="313" departLane = "1" departSpeed="11.180000"/>
	<vehicle id="car_510" type="car8" route="9" depart="314" departLane = "0" departSpeed="11.180000"/>
	<vehicle id="car_511" type="car6" route="6" depart="315" departLane = "1" departSpeed="11.180000"/>
	<vehicle id="car_512" type="car7" route="14" depart="316" departLane = "0" departSpeed="11.180000"/>
	<vehicle id="car_513" type="car5" route="2" depart="316" departLane = "1" departSpeed="11.180000"/>
	<vehicle id="car_514" type="car7" route="9" depart="316" departLane = "0" departSpeed="11.180000"/>
	<vehicle id="car_515" type="car9" route="10" depart="318" departLane = "2" departSpeed="11.180000"/>
	<vehicle id="car_516" type="car9" route="9" depart="318" departLane = "2" departSpeed="11.180000"/>
	<vehicle id="car_517" type="car5" route="11" depart="319" departLane = "0" departSpeed="11.180000"/>
	<vehicle id="car_518" type="car7" route="5" depart="321" departLane = "2" departSpeed="11.180000"/>
	<vehicle id="car_519" type="car7" route="15" depart="322" departLane = "0" departSpeed="11.180000"/>
	<vehicle id="car_520" type="car5" route="10" depart="322" departLane = "1" departSpeed="11.180000"/>
	<vehicle id="car_521" type="car5" route="14" depart="322" departLane = "0" departSpeed="11.180000"/>
	<vehicle id="car_522" type="car8" route="0" depart="323" departLane = "1" departSpeed="11.180000"/>
	<vehicle id="car_523" type="car6" route="15" depart="323" departLane = "1" departSpeed="11.180000"/>
	<vehicle id="car_524" type="car9" route="1" depart="323" departLane = "2" departSpeed="11.180000"/>
	<vehicle id="car_525" type="car9" route="1" depart="324" departLane = "0" departSpeed="11.180000"/>
	<vehicle id="car_526" type="car7" route="9" depart="324" departLane = "2" departSpeed="11.180000"/>
	<vehicle id="car_527" type="car8" route="7" depart="324" departLane = "1" departSpeed="11.180000"/>
	<vehicle id="car_528" type="car6" route="10" depart="325" departLane = "0" departSpeed="11.180000"/>
	<vehicle id="car_529" type="car8" route="14" depart="327" departLane = "0" departSpeed="11.180000"/>
	<vehicle id="car_530" type="car8" route="13" depart="327" departLane = "2" departSpeed="11.180000"/>
	<vehicle id="car_531" type="car9" route="14" depart="328" departLane = "2" departSpeed="11.180000"/>
	<vehicle id="car_532" type="car8" route="2" depart="330" departLane = "0" departSpeed="11.180000"/>
	<vehicle id="car_533" type="car5" route="6" depart="330" departLane = "2" departSpeed="11.180000"/>
	<vehicle id="car_534" type="car7" route="3" depart="330" departLane = "2" departSpeed="11.180000"/>
	<vehicle id="car_535" type="car7" route="0" depart="331" departLane = "2" departSpeed="11.180000"/>
	<vehicle id="car_536" type="car6" route="15" depart="331" departLane = "0" departSpeed="11.180000"/>
	<vehicle id="car_537" type="car8" route="1" depart="331" departLane = "2" departSpeed="11.180000"/>
	<vehicle id="car_538" type="car8" route="11" depart="332" departLane = "2" departSpeed="11.180000"/>
	<vehicle id="car_539" type="car7" route="5" depart="333" departLane = "2" departSpeed="11.180000"/>
	<vehicle id="car_540" type="car5" route="7" depart="333" departLane = "2" departSpeed="11.180000"/>
	<vehicle id="car_541" type="car9" route="8" depart="334" departLane = "0" departSpeed="11.180000"/>
	<vehicle id="car_542" type="car9" route="1" depart="335" departLane = "2" departSpeed="11.180000"/>
	<vehicle id="car_543" type="car6" route="0" depart="336" departLane = "0" departSpeed="11.180000"/>
	<vehicle id="car_544" type="car6" route="1" depart="336" departLane = "0" departSpeed="11.180000"/>
	<vehicle id="car_545" type="car5" route="2" depart="336" departLane = "0" departSpeed="11.180000"/>
	<vehicle id="car_546" type="car7" route="3" depart="336" departLane = "1" departSpeed="11.180000"/>
	<vehicle id="car_547" type="car8" route="0" depart="339" departLane = "0" departSpeed="11.180000"/>
	<vehicle id="car_548" type="car8" route="6" depart="340" departLane = "2" departSpeed="11.180000"/>
	<vehicle id="car_549" type="car8" route="12" depart="340" departLane = "2" departSpeed="11.180000"/>
	<vehicle id="car_550" type="car7" route="10" depart="343" departLane = "1" departSpeed="11.180000"/>
	<vehicle id="car_551" type="car5" route="11" depart="344" departLane = "1" departSpeed="11.180000"/>
	<vehicle id="car_552" type="car7" route="1" depart="344" departLane = "0" departSpeed="11.180000"/>
	<vehicle id="car_553" type="car8" route="8" depart="344" departLane = "1" departSpeed="11.180000"/>
	<vehicle id="car_554" type="car8" route="15" depart="345" departLane = "0" departSpeed="11.180000"/>
	<vehicle id="car_555" type="car5" route="5" depart="345" departLane = "2" departSpeed="11.180000"/>
	<vehicle id="car_556" type="car6" route="13" depart="346" departLane = "0" departSpeed="11.180000"/>
	<vehicle id="car_557" type="car8" route="13" depart="347" departLane = "1" departSpeed="11.180000"/>
	<vehicle id="car_558" type="car8" route="10" depart="348" departLane = "2" departSpeed="11.180000"/>
	<vehicle id="car_559" type="car7" route="3" depart="348" departLane = "1" departSpeed="11.180000"/>
	<vehicle id="car_560" type="car6" route="15" depart="349" departLane = "1" departSpeed="11.180000"/>
	<vehicle id="car_561" type="car8" route="13" depart="349" departLane = "1" departSpeed="11.180000"/>
	<vehicle id="car_562" type="car5" route="12" depart="349" departLane = "2" departSpeed="11.180000"/>
	<vehicle id="car_563" type="car8" route="7" depart="351" departLane = "2" departSpeed="11.180000"/>
	<vehicle id="car_564" type="car9" route="13" depart="352" departLane = "2" departSpeed="11.180000"/>
	<vehicle id="car_565" type="car6" route="4" depart="354" departLane = "1" departSpeed="11.180000"/>
	<vehicle id="car_566" type="car9" route="6" depart="354" departLane = "0" departSpeed="11.180000"/>
	<vehicle id="car_567" type="car8" route="8" depart="355" departLane = "2" departSpeed="11.180000"/>
	<vehicle id="car_568" type="car5" route="5" depart="356" departLane = "0" departSpeed="11.180000"/>
	<vehicle id="car_569" type="car5" route="15" depart="357" departLane = "2" departSpeed="11.180000"/>
	<vehicle id="car_570" type="car6" route="5" depart="357" departLane = "0" departSpeed="11.180000"/>
	<vehicle id="car_571" type="car5" route="15" depart="358" departLane = "2" departSpeed="11.180000"/>
	<vehicle id="car_572" type="car8" route="9" depart="358" departLane = "0" departSpeed="11.180000"/>
	<vehicle id="car_573" type="car5" route="7" depart="358" departLane = "2" departSpeed="11.180000"/>
	<vehicle id="car_574" type="car8" route="0" depart="359" departLane = "0" departSpeed="11.180000"/>
	<vehicle id="car_575" type="car6" route="4" depart="359" departLane = "1" departSpeed="11.180000"/>
	<vehicle id="car_576" type="car5" route="15" depart="361" departLane = "2" departSpeed="11.180000"/>
	<vehicle id="car_577" type="car6" route="4" depart="363" departLane = "1" departSpeed="11.180000"/>
	<vehicle id="car_578" type="car8" route="3" depart="363" departLane = "2" departSpeed="11.180000"/>
	<vehicle id="car_579" type="car7" route="7" depart="364" departLane = "1" departSpeed="11.180000"/>
	<vehicle id="car_580" type="car9" route="1" depart="365" departLane = "0" departSpeed="11.180000"/>
	<vehicle id="car_581" type="car7" route="6" depart="365" departLane = "2" departSpeed="11.180000"/>
	<vehicle id="car_582" type="car6" route="10" depart="366" departLane = "0" departSpeed="11.180000"/>
	<vehicle id="car_583" type="car5" route="3" depart="366" departLane = "2" departSpeed="11.180000"/>
	<vehicle id="car_584" type="car5" route="5" depart="367" departLane = "2" departSpeed="11.180000"/>
	<vehicle id="car_585" type="car5" route="9" depart="367" departLane = "1" departSpeed="11.180000"/>
	<vehicle id="car_586" type="car9" route="11" depart="368" departLane = "2" departSpeed="11.180000"/>
	<vehicle id="car_587" type="car5" route="14" depart="368" departLane = "0" departSpeed="11.180000"/>
	<vehicle id="car_588" type="car9" route="15" depart="370" departLane = "2" departSpeed="11.180000"/>
	<vehicle id="car_589" type="car7" route="15" depart="372" departLane = "2" departSpeed="11.180000"/>
	<vehicle id="car_590" type="car5" route="6" depart="374" departLane = "0" departSpeed="11.180000"/>
	<vehicle id="car_591" type="car9" route="3" depart="374" departLane = "0" departSpeed="11.180000"/>
	<vehicle id="car_592" type="car6" route="12" depart="374" departLane = "2" departSpeed="11.180000"/>
	<vehicle id="car_593" type="car8" route="10" depart="375" departLane = "0" departSpeed="11.180000"/>
	<vehicle id="car_594" type="car6" route="7" depart="375" departLane = "2" departSpeed="11.180000"/>
	<vehicle id="car_595" type="car6" route="3" depart="376" departLane = "2" departSpeed="11.180000"/>
	<vehicle id="car_596" type="car5" route="5" depart="377" departLane = "0" departSpeed="11.180000"/>
	<vehicle id="car_597" type="car7" route="6" depart="378" departLane = "0" departSpeed="11.180000"/>
	<vehicle id="car_598" type="car6" route="4" depart="379" departLane = "1" departSpeed="11.180000"/>
	<vehicle id="car_599" type="car8" route="11" depart="379" departLane = "2" departSpeed="11.180000"/>
	<vehicle id="car_600" type="car6" route="12" depart="379" departLane = "0" departSpeed="11.180000"/>
	<vehicle id="car_601" type="car7" route="14" depart="380" departLane = "1" departSpeed="11.180000"/>
	<vehicle id="car_602" type="car7" route="7" depart="380" departLane = "1" departSpeed="11.180000"/>
	<vehicle id="car_603" type="car7" route="10" depart="382" departLane = "1" departSpeed="11.180000"/>
	<vehicle id="car_604" type="car5" route="6" depart="382" departLane = "1" departSpeed="11.180000"/>
	<vehicle id="car_605" type="car5" route="15" depart="383" departLane = "2" departSpeed="11.180000"/>
	<vehicle id="car_606" type="car7" route="9" depart="384" departLane = "1" departSpeed="11.180000"/>
	<vehicle id="car_607" type="car9" route="1" depart="385" departLane = "2" departSpeed="11.180000"/>
	<vehicle id="car_608" type="car6" route="8" depart="385" departLane = "0" departSpeed="11.180000"/>
	<vehicle id="car_609" type="car9" route="0" depart="386" departLane = "2" departSpeed="11.180000"/>
	<vehicle id="car_610" type="car5" route="13" depart="386" departLane = "2" departSpeed="11.180000"/>
	<vehicle id="car_611" type="car5" route="8" depart="386" departLane = "2" departSpeed="11.180000"/>
	<vehicle id="car_612" type="car9" route="10" depart="388" departLane = "0" departSpeed="11.180000"/>
	<vehicle id="car_613" type="car6" route="3" depart="388" departLane = "1" departSpeed="11.180000"/>
	<vehicle id="car_614" type="car9" route="7" depart="388" departLane = "1" departSpeed="11.180000"/>
	<vehicle id="car_615" type="car8" route="11" depart="389" departLane = "1" departSpeed="11.180000"/>
	<vehicle id="car_616" type="car6" route="15" depart="389" departLane = "2" departSpeed="11.180000"/>
	<vehicle id="car_617" type="car7" route="15" depart="390" departLane = "2" departSpeed="11.180000"/>
	<vehicle id="car_618" type="car6" route="5" depart="390" departLane = "0" departSpeed="11.180000"/>
	<vehicle id="car_619" type="car9" route="7" depart="391" departLane = "1" departSpeed="11.180000"/>
	<vehicle id="car_620" type="car9" route="8" depart="391" departLane = "1" departSpeed="11.180000"/>
	<vehicle id="car_621" type="car6" route="2" depart="393" departLane = "0" departSpeed="11.180000"/>
	<vehicle id="car_622" type="car5" route="0" depart="394" departLane = "2" departSpeed="11.180000"/>
	<vehicle id="car_623" type="car9" route="9" depart="394" departLane = "2" departSpeed="11.180000"/>
	<vehicle id="car_624" type="car7" route="10" depart="395" departLane = "2" departSpeed="11.180000"/>
	<vehicle id="car_625" type="car5" route="2" depart="395" departLane = "2" departSpeed="11.180000"/>
	<vehicle id="car_626" type="car6" route="9" depart="395" departLane = "0" departSpeed="11.180000"/>
	<vehicle id="car_627" type="car7" route="8" depart="395" departLane = "2" departSpeed="11.180000"/>
	<vehicle id="car_628" type="car5" route="1" depart="396" departLane = "0" departSpeed="11.180000"/>
	<vehicle id="car_629" type="car9" route="6" depart="396" departLane = "0" departSpeed="11.180000"/>
	<vehicle id="car_630" type="car6" route="4" depart="398" departLane = "2" departSpeed="11.180000"/>
	<vehicle id="car_631" type="car6" route="5" depart="398" departLane = "2" departSpeed="11.180000"/>
	<vehicle id="car_632" type="car5" route="6" depart="398" departLane = "2" departSpeed="11.180000"/>
	<vehicle id="car_633" type="car7" route="4" depart="399" departLane = "1" departSpeed="11.180000"/>
	<vehicle id="car_634" type="car8" route="14" depart="399" departLane = "1" departSpeed="11.180000"/>
	<vehicle id="car_635" type="car8" route="3" depart="399" departLane = "0" departSpeed="11.180000"/>
	<vehicle id="car_636" type="car6" route="8" depart="399" departLane = "1" departSpeed="11.180000"/>
	<vehicle id="car_637" type="car7" route="13" depart="400" departLane = "0" departSpeed="11.180000"/>
	<vehicle id="car_638" type="car7" route="11" depart="402" departLane = "1" departSpeed="11.180000"/>
	<vehicle id="car_639" type="car8" route="6" depart="402" departLane = "0" departSpeed="11.180000"/>
	<vehicle id="car_640" type="car8" route="8" depart="403" departLane = "1" departSpeed="11.180000"/>
	<vehicle id="car_641" type="car7" route="3" depart="404" departLane = "2" departSpeed="11.180000"/>
	<vehicle id="car_642" type="car7" route="0" depart="405" departLane = "2" departSpeed="11.180000"/>
	<vehicle id="car_643" type="car9" route="6" depart="405" departLane = "2" departSpeed="11.180000"/>
	<vehicle id="car_644" type="car6" route="3" depart="405" departLane = "0" departSpeed="11.180000"/>
	<vehicle id="car_645" type="car7" route="7" depart="406" departLane = "1" departSpeed="11.180000"/>
	<vehicle id="car_646" type="car8" route="10" depart="407" departLane = "1" departSpeed="11.180000"/>
	<vehicle id="car_647" type="car5" route="7" depart="407" departLane = "2" departSpeed="11.180000"/>
	<vehicle id="car_648" type="car6" route="4" depart="408" departLane = "2" departSpeed="11.180000"/>
	<vehicle id="car_649" type="car5" route="0" depart="409" departLane = "1" departSpeed="11.180000"/>
	<vehicle id="car_650" type="car7" route="14" depart="409" departLane = "0" departSpeed="11.180000"/>
	<vehicle id="car_651" type="car6" route="10" depart="410" departLane = "0" departSpeed="11.180000"/>
	<vehicle id="car_652" type="car6" route="7" depart="410" departLane = "2" departSpeed="11.180000"/>
	<vehicle id="car_653" type="car6" route="5" depart="412" departLane = "0" departSpeed="11.180000"/>
	<vehicle id="car_654" type="car6" route="1" depart="413" departLane = "1" departSpeed="11.180000"/>
	<vehicle id="car_655" type="car5" route="1" depart="414" departLane = "2" departSpeed="11.180000"/>
	<vehicle id="car_656" type="car9" route="9" depart="415" departLane = "1" departSpeed="11.180000"/>
	<vehicle id="car_657" type="car6" route="11" depart="416" departLane = "0" departSpeed="11.180000"/>
	<vehicle id="car_658" type="car9" route="5" depart="417" departLane = "0" departSpeed="11.180000"/>
	<vehicle id="car_659" type="car9" route="15" depart="418" departLane = "1" departSpeed="11.180000"/>
	<vehicle id="car_660" type="car8" route="7" depart="418" departLane = "1" departSpeed="11.180000"/>
	<vehicle id="car_661" type="car6" route="4" depart="419" departLane = "2" departSpeed="11.180000"/>
	<vehicle id="car_662" type="car7" route="14" depart="419" departLane = "1" departSpeed="11.180000"/>
	<vehicle id="car_663" type="car9" route="6" depart="419" departLane = "0" departSpeed="11.180000"/>
	<vehicle id="car_664" type="car6" route="15" depart="420" departLane = "0" departSpeed="11.180000"/>
	<vehicle id="car_665" type="car8" route="15" depart="421" departLane = "1" departSpeed="11.180000"/>
	<vehicle id="car_666" type="car9" route="9" depart="421" departLane = "0" departSpeed="11.180000"/>
	<vehicle id="car_667" type="car6" route="13" depart="421" departLane = "1" departSpeed="11.180000"/>
	<vehicle id="car_668" type="car6" route="3" depart="421" departLane = "1" departSpeed="11.180000"/>
	<vehicle id="car_669" type="car7" route="11" depart="422" departLane = "1" departSpeed="11.180000"/>
	<vehicle id="car_670" type="car5" route="8" depart="422" departLane = "0" departSpeed="11.180000"/>
	<vehicle id="car_671" type="car5" route="12" depart="422" departLane = "0" departSpeed="11.180000"/>
	<vehicle id="car_672" type="car6" route="8" depart="423" departLane = "0" departSpeed="11.180000"/>
	<vehicle id="car_673" type="car5" route="14" depart="425" departLane = "0" departSpeed="11.180000"/>
	<vehicle id="car_674" type="car8" route="5" depart="426" departLane = "1" departSpeed="11.180000"/>
	<vehicle id="car_675" type="car5" route="0" depart="427" departLane = "2" departSpeed="11.180000"/>
	<vehicle id="car_676" type="car7" route="4" depart="427" departLane = "1" departSpeed="11.180000"/>
	<vehicle id="car_677" type="car8" route="5" depart="427" departLane = "1" departSpeed="11.180000"/>
	<vehicle id="car_678" type="car8" route="2" depart="427" departLane = "0" departSpeed="11.180000"/>
	<vehicle id="car_679" type="car5" route="3" depart="428" departLane = "2" departSpeed="11.180000"/>
	<vehicle id="car_680" type="car6" route="11" depart="429" departLane = "1" departSpeed="11.180000"/>
	<vehicle id="car_681" type="car7" route="13" depart="429" departLane = "1" departSpeed="11.180000"/>
	<vehicle id="car_682" type="car6" route="6" depart="430" departLane = "2" departSpeed="11.180000"/>
	<vehicle id="car_683" type="car5" route="3" depart="430" departLane = "1" departSpeed="11.180000"/>
	<vehicle id="car_684" type="car5" route="15" depart="431" departLane = "0" departSpeed="11.180000"/>
	<vehicle id="car_685" type="car7" route="3" depart="431" departLane = "0" departSpeed="11.180000"/>
	<vehicle id="car_686" type="car8" route="8" depart="431" departLane = "2" departSpeed="11.180000"/>
	<vehicle id="car_687" type="car6" route="11" depart="432" departLane = "1" departSpeed="11.180000"/>
	<vehicle id="car_688" type="car7" route="7" depart="433" departLane = "2" departSpeed="11.180000"/>
	<vehicle id="car_689" type="car6" route="11" depart="434" departLane = "1" departSpeed="11.180000"/>
	<vehicle id="car_690" type="car5" route="13" depart="436" departLane = "1" departSpeed="11.180000"/>
	<vehicle id="car_691" type="car5" route="0" depart="437" departLane = "0" departSpeed="11.180000"/>
	<vehicle id="car_692" type="car6" route="10" depart="437" departLane = "1" departSpeed="11.180000"/>
	<vehicle id="car_693" type="car6" route="15" depart="440" departLane = "0" departSpeed="11.180000"/>
	<vehicle id="car_694" type="car8" route="14" depart="441" departLane = "1" departSpeed="11.180000"/>
	<vehicle id="car_695" type="car7" route="2" depart="441" departLane = "2" departSpeed="11.180000"/>
	<vehicle id="car_696" type="car8" route="6" depart="441" departLane = "2" departSpeed="11.180000"/>
	<vehicle id="car_697" type="car8" route="12" depart="442" departLane = "2" departSpeed="11.180000"/>
	<vehicle id="car_698" type="car9" route="7" depart="443" departLane = "2" departSpeed="11.180000"/>
	<vehicle id="car_699" type="car8" route="15" depart="444" departLane = "1" departSpeed="11.180000"/>
	<vehicle id="car_700" type="car7" route="10" depart="444" departLane = "0" departSpeed="11.180000"/>
	<vehicle id="car_701" type="car5" route="5" depart="445" departLane = "0" departSpeed="11.180000"/>
	<vehicle id="car_702" type="car7" route="9" depart="445" departLane = "0" departSpeed="11.180000"/>
	<vehicle id="car_703" type="car7" route="3" depart="446" departLane = "0" departSpeed="11.180000"/>
	<vehicle id="car_704" type="car5" route="2" depart="447" departLane = "2" departSpeed="11.180000"/>
	<vehicle id="car_705" type="car6" route="14" depart="448" departLane = "2" departSpeed="11.180000"/>
	<vehicle id="car_706" type="car7" route="2" depart="448" departLane = "0" departSpeed="11.180000"/>
	<vehicle id="car_707" type="car6" route="4" depart="449" departLane = "2" departSpeed="11.180000"/>
	<vehicle id="car_708" type="car8" route="9" depart="449" departLane = "0" departSpeed="11.180000"/>
	<vehicle id="car_709" type="car6" route="8" depart="450" departLane = "0" departSpeed="11.180000"/>
	<vehicle id="car_710" type="car5" route="2" depart="451" departLane = "2" departSpeed="11.180000"/>
	<vehicle id="car_711" type="car8" route="11" depart="452" departLane = "0" departSpeed="11.180000"/>
	<vehicle id="car_712" type="car8" route="8" depart="452" departLane = "0" departSpeed="11.180000"/>
	<vehicle id="car_713" type="car8" route="10" depart="453" departLane = "2" departSpeed="11.180000"/>
	<vehicle id="car_714" type="car7" route="9" depart="453" departLane = "1" departSpeed="11.180000"/>
	<vehicle id="car_715" type="car7" route="15" depart="454" departLane = "1" departSpeed="11.180000"/>
	<vehicle id="car_716" type="car6" route="2" depart="456" departLane = "0" departSpeed="11.180000"/>
	<vehicle id="car_717" type="car9" route="1" depart="457" departLane = "1" departSpeed="11.180000"/>
	<vehicle id="car_718" type="car9" route="13" depart="458" departLane = "1" departSpeed="11.180000"/>
	<vehicle id="car_719" type="car9" route="5" depart="459" departLane = "0" departSpeed="11.180000"/>
	<vehicle id="car_720" type="car6" route="12" depart="459" departLane = "0" departSpeed="11.180000"/>
	<vehicle id="car_721" type="car5" route="1" depart="460" departLane = "2" departSpeed="11.180000"/>
	<vehicle id="car_722" type="car9" route="2" depart="461" departLane = "0" departSpeed="11.180000"/>
	<vehicle id="car_723" type="car5" route="7" depart="461" departLane = "0" departSpeed="11.180000"/>
	<vehicle id="car_724" type="car9" route="12" depart="461" departLane = "0" departSpeed="11.180000"/>
	<vehicle id="car_725" type="car8" route="11" depart="462" departLane = "0" departSpeed="11.180000"/>
	<vehicle id="car_726" type="car9" route="2" depart="462" departLane = "1" departSpeed="11.180000"/>
	<vehicle id="car_727" type="car5" route="9" depart="462" departLane = "2" departSpeed="11.180000"/>
	<vehicle id="car_728" type="car8" route="5" depart="463" departLane = "1" departSpeed="11.180000"/>
	<vehicle id="car_729" type="car7" route="8" depart="463" departLane = "1" departSpeed="11.180000"/>
	<vehicle id="car_730" type="car7" route="14" depart="464" departLane = "2" departSpeed="11.180000"/>
	<vehicle id="car_731" type="car7" route="8" depart="465" departLane = "1" departSpeed="11.180000"/>
	<vehicle id="car_732" type="car6" route="4" depart="466" departLane = "0" departSpeed="11.180000"/>
	<vehicle id="car_733" type="car5" route="2" depart="466" departLane = "2" departSpeed="11.180000"/>
	<vehicle id="car_734" type="car9" route="7" depart="466" departLane = "0" departSpeed="11.180000"/>
	<vehicle id="car_735" type="car8" route="1" depart="468" departLane = "1" departSpeed="11.180000"/>
	<vehicle id="car_736" type="car9" route="5" depart="468" departLane = "1" departSpeed="11.180000"/>
	<vehicle id="car_737" type="car7" route="6" depart="468" departLane = "1" departSpeed="11.180000"/>
	<vehicle id="car_738" type="car7" route="8" depart="468" departLane = "1" departSpeed="11.180000"/>
	<vehicle id="car_739" type="car6" route="13" depart="470" departLane = "1" departSpeed="11.180000"/>
	<vehicle id="car_740" type="car7" route="1" depart="471" departLane = "0" departSpeed="11.180000"/>
	<vehicle id="car_741" type="car5" route="12" depart="471" departLane = "2" departSpeed="11.180000"/>
	<vehicle id="car_742" type="car6" route="14" depart="472" departLane = "1" departSpeed="11.180000"/>
	<vehicle id="car_743" type="car5" route="7" depart="473" departLane = "1" departSpeed="11.180000"/>
	<vehicle id="car_744" type="car6" route="2" depart="475" departLane = "1" departSpeed="11.180000"/>
	<vehicle id="car_745" type="car5" route="3" depart="475" departLane = "1" departSpeed="11.180000"/>
	<vehicle id="car_746" type="car8" route="7" depart="475" departLane = "0" departSpeed="11.180000"/>
	<vehicle id="car_747" type="car5" route="3" depart="476" departLane = "1" departSpeed="11.180000"/>
	<vehicle id="car_748" type="car6" route="13" depart="477" departLane = "1" departSpeed="11.180000"/>
	<vehicle id="car_749" type="car5" route="8" depart="478" departLane = "1" departSpeed="11.180000"/>
	<vehicle id="car_750" type="car5" route="3" depart="479" departLane = "0" departSpeed="11.180000"/>
	<vehicle id="car_751" type="car9" route="0" depart="480" departLane = "1" departSpeed="11.180000"/>
	<vehicle id="car_752" type="car6" route="10" depart="480" departLane = "1" departSpeed="11.180000"/>
	<vehicle id="car_753" type="car8" route="4" depart="481" departLane = "0" departSpeed="11.180000"/>
	<vehicle id="car_754" type="car9" route="10" depart="481" departLane = "0" departSpeed="11.180000"/>
	<vehicle id="car_755" type="car6" route="6" depart="481" departLane = "0" departSpeed="11.180000"/>
	<vehicle id="car_756" type="car5" route="11" depart="482" departLane = "2" departSpeed="11.180000"/>
	<vehicle id="car_757" type="car9" route="14" depart="482" departLane = "1" departSpeed="11.180000"/>
	<vehicle id="car_758" type="car8" route="12" depart="482" departLane = "1" departSpeed="11.180000"/>
	<vehicle id="car_759" type="car7" route="5" depart="484" departLane = "1" departSpeed="11.180000"/>
	<vehicle id="car_760" type="car5" route="9" depart="484" departLane = "1" departSpeed="11.180000"/>
	<vehicle id="car_761" type="car7" route="8" depart="484" departLane = "2" departSpeed="11.180000"/>
	<vehicle id="car_762" type="car9" route="12" depart="484" departLane = "2" departSpeed="11.180000"/>
	<vehicle id="car_763" type="car7" route="4" depart="485" departLane = "0" departSpeed="11.180000"/>
	<vehicle id="car_764" type="car6" route="10" depart="485" departLane = "2" departSpeed="11.180000"/>
	<vehicle id="car_765" type="car5" route="9" depart="486" departLane = "2" departSpeed="11.180000"/>
	<vehicle id="car_766" type="car5" route="14" depart="487" departLane = "0" departSpeed="11.180000"/>
	<vehicle id="car_767" type="car6" route="11" depart="488" departLane = "0" departSpeed="11.180000"/>
	<vehicle id="car_768" type="car9" route="14" depart="488" departLane = "1" departSpeed="11.180000"/>
	<vehicle id="car_769" type="car5" route="15" depart="489" departLane = "2" departSpeed="11.180000"/>
	<vehicle id="car_770" type="car9" route="6" depart="489" departLane = "0" departSpeed="11.180000"/>
	<vehicle id="car_771" type="car7" route="15" depart="490" departLane = "0" departSpeed="11.180000"/>
	<vehicle id="car_772" type="car9" route="1" depart="490" departLane = "0" departSpeed="11.180000"/>
	<vehicle id="car_773" type="car9" route="4" depart="491" departLane = "0" departSpeed="11.180000"/>
	<vehicle id="car_774" type="car9" route="14" depart="491" departLane = "2" departSpeed="11.180000"/>
	<vehicle id="car_775" type="car5" route="12" depart="491" departLane = "1" departSpeed="11.180000"/>
	<vehicle id="car_776" type="car6" route="10" depart="492" departLane = "1" departSpeed="11.180000"/>
	<vehicle id="car_777" type="car5" route="8" depart="492" departLane = "1" departSpeed="11.180000"/>
	<vehicle id="car_778" type="car9" route="11" depart="493" departLane = "0" departSpeed="11.180000"/>
	<vehicle id="car_779" type="car8" route="0" depart="494" departLane = "2" departSpeed="11.180000"/>
	<vehicle id="car_780" type="car7" route="8" depart="494" departLane = "2" departSpeed="11.180000"/>
	<vehicle id="car_781" type="car8" route="4" depart="495" departLane = "0" departSpeed="11.180000"/>
	<vehicle id="car_782" type="car9" route="12" depart="495" departLane = "2" departSpeed="11.180000"/>
	<vehicle id="car_783" type="car6" route="1" depart="496" departLane = "2" departSpeed="11.180000"/>
	<vehicle id="car_784" type="car8" route="0" depart="497" departLane = "2" departSpeed="11.180000"/>
	<vehicle id="car_785" type="car7" route="0" depart="498" departLane = "2" departSpeed="11.180000"/>
	<vehicle id="car_786" type="car8" route="5" depart="498" departLane = "1" departSpeed="11.180000"/>
	<vehicle id="car_787" type="car9" route="0" depart="500" departLane = "0" departSpeed="11.180000"/>
	<vehicle id="car_788" type="car8" route="11" depart="500" departLane = "2" departSpeed="11.180000"/>
	<vehicle id="car_789" type="car7" route="5" depart="500" departLane = "1" departSpeed="11.180000"/>
	<vehicle id="car_790" type="car7" route="2" depart="500" departLane = "2" departSpeed="11.180000"/>
	<vehicle id="car_791" type="car9" route="6" depart="500" departLane = "1" departSpeed="11.180000"/>
	<vehicle id="car_792" type="car5" route="3" depart="500" departLane = "0" departSpeed="11.180000"/>
	<vehicle id="car_793" type="car8" route="12" depart="500" departLane = "1" departSpeed="11.180000"/>
	<vehicle id="car_794" type="car7" route="13" depart="502" departLane = "1" departSpeed="11.180000"/>
	<vehicle id="car_795" type="car9" route="15" depart="503" departLane = "0" departSpeed="11.180000"/>
	<vehicle id="car_796" type="car8" route="1" depart="503" departLane = "1" departSpeed="11.180000"/>
	<vehicle id="car_797" type="car5" route="13" depart="503" departLane = "0" departSpeed="11.180000"/>
	<vehicle id="car_798" type="car5" route="8" depart="503" departLane = "1" departSpeed="11.180000"/>
	<vehicle id="car_799" type="car6" route="10" depart="504" departLane = "2" departSpeed="11.180000"/>
	<vehicle id="car_800" type="car7" route="12" depart="504" departLane = "1" departSpeed="11.180000"/>
	<vehicle id="car_801" type="car5" route="10" depart="506" departLane = "1" departSpeed="11.180000"/>
	<vehicle id="car_802" type="car8" route="6" depart="506" departLane = "1" departSpeed="11.180000"/>
	<vehicle id="car_803" type="car5" route="8" depart="506" departLane = "1" departSpeed="11.180000"/>
	<vehicle id="car_804" type="car8" route="15" depart="508" departLane = "0" departSpeed="11.180000"/>
	<vehicle id="car_805" type="car7" route="8" depart="509" departLane = "2" departSpeed="11.180000"/>
	<vehicle id="car_806" type="car7" route="2" depart="511" departLane = "1" departSpeed="11.180000"/>
	<vehicle id="car_807" type="car7" route="3" depart="511" departLane = "2" departSpeed="11.180000"/>
	<vehicle id="car_808" type="car5" route="12" depart="511" departLane = "1" departSpeed="11.180000"/>
	<vehicle id="car_809" type="car6" route="15" depart="512" departLane = "2" departSpeed="11.180000"/>
	<vehicle id="car_810" type="car6" route="7" depart="512" departLane = "2" departSpeed="11.180000"/>
	<vehicle id="car_811" type="car9" route="1" depart="514" departLane = "2" departSpeed="11.180000"/>
	<vehicle id="car_812" type="car7" route="2" depart="514" departLane = "2" departSpeed="11.180000"/>
	<vehicle id="car_813" type="car7" route="4" depart="515" departLane = "0" departSpeed="11.180000"/>
	<vehicle id="car_814" type="car7" route="9" depart="515" departLane = "2" departSpeed="11.180000"/>
	<vehicle id="car_815" type="car8" route="4" depart="517" departLane = "1" departSpeed="11.180000"/>
	<vehicle id="car_816" type="car7" route="10" depart="517" departLane = "1" departSpeed="11.180000"/>
	<vehicle id="car_817" type="car9" route="9" depart="517" departLane = "2" departSpeed="11.180000"/>
	<vehicle id="car_818" type="car9" route="14" depart="518" departLane = "1" departSpeed="11.180000"/>
	<vehicle id="car_819" type="car6" route="12" depart="519" departLane = "0" departSpeed="11.180000"/>
	<vehicle id="car_820" type="car6" route="6" depart="520" departLane = "0" departSpeed="11.180000"/>
	<vehicle id="car_821" type="car6" route="2" depart="521" departLane = "2" departSpeed="11.180000"/>
	<vehicle id="car_822" type="car5" route="11" depart="522" departLane = "2" departSpeed="11.180000"/>
	<vehicle id="car_823" type="car6" route="7" depart="526" departLane = "2" departSpeed="11.180000"/>
	<vehicle id="car_824" type="car5" route="1" depart="527" departLane = "2" departSpeed="11.180000"/>
	<vehicle id="car_825" type="car9" route="6" depart="527" departLane = "2" departSpeed="11.180000"/>
	<vehicle id="car_826" type="car8" route="8" depart="527" departLane = "1" departSpeed="11.180000"/>
	<vehicle id="car_827" type="car5" route="2" depart="528" departLane = "0" departSpeed="11.180000"/>
	<vehicle id="car_828" type="car6" route="8" depart="530" departLane = "0" departSpeed="11.180000"/>
	<vehicle id="car_829" type="car9" route="0" depart="531" departLane = "1" departSpeed="11.180000"/>
	<vehicle id="car_830" type="car7" route="4" depart="531" departLane = "0" departSpeed="11.180000"/>
	<vehicle id="car_831" type="car7" route="15" depart="531" departLane = "2" departSpeed="11.180000"/>
	<vehicle id="car_832" type="car8" route="12" depart="531" departLane = "0" departSpeed="11.180000"/>
	<vehicle id="car_833" type="car8" route="11" depart="532" departLane = "0" departSpeed="11.180000"/>
	<vehicle id="car_834" type="car5" route="12" depart="532" departLane = "0" departSpeed="11.180000"/>
	<vehicle id="car_835" type="car9" route="4" depart="533" departLane = "0" departSpeed="11.180000"/>
	<vehicle id="car_836" type="car9" route="14" depart="533" departLane = "2" departSpeed="11.180000"/>
	<vehicle id="car_837" type="car8" route="7" depart="533" departLane = "1" departSpeed="11.180000"/>
	<vehicle id="car_838" type="car8" route="0" depart="534" departLane = "0" departSpeed="11.180000"/>
	<vehicle id="car_839" type="car6" route="15" depart="537" departLane = "0" departSpeed="11.180000"/>
	<vehicle id="car_840" type="car7" route="11" depart="538" departLane = "1" departSpeed="11.180000"/>
	<vehicle id="car_841" type="car8" route="15" depart="538" departLane = "0" departSpeed="11.180000"/>
	<vehicle id="car_842" type="car8" route="1" depart="538" departLane = "0" departSpeed="11.180000"/>
	<vehicle id="car_843" type="car7" route="13" depart="538" departLane = "1" departSpeed="11.180000"/>
	<vehicle id="car_844" type="car5" route="1" depart="539" departLane = "0" departSpeed="11.180000"/>
	<vehicle id="car_845" type="car9" route="0" depart="540" departLane = "2" departSpeed="11.180000"/>
	<vehicle id="car_846" type="car6" route="10" depart="540" departLane = "1" departSpeed="11.180000"/>
	<vehicle id="car_847" type="car6" route="6" depart="540" departLane = "1" departSpeed="11.180000"/>
	<vehicle id="car_848" type="car5" route="8" depart="540" departLane = "2" departSpeed="11.180000"/>
	<vehicle id="car_849" type="car8" route="3" depart="541" departLane = "2" departSpeed="11.180000"/>
	<vehicle id="car_850" type="car7" route="12" depart="541" departLane = "2" departSpeed="11.180000"/>
	<vehicle id="car_851" type="car8" route="15" depart="543" departLane = "1" departSpeed="11.180000"/>
	<vehicle id="car_852" type="car5" route="15" depart="544" departLane = "0" departSpeed="11.180000"/>
	<vehicle id="car_853" type="car9" route="5" depart="544" departLane = "1" departSpeed="11.180000"/>
	<vehicle id="car_854" type="car6" route="11" depart="545" departLane = "1" departSpeed="11.180000"/>
	<vehicle id="car_855" type="car5" route="15" depart="545" departLane = "0" departSpeed="11.180000"/>
	<vehicle id="car_856" type="car7" route="1" depart="545" departLane = "0" departSpeed="11.180000"/>
	<vehicle id="car_857" type="car7" route="2" depart="546" departLane = "0" departSpeed="11.180000"/>
	<vehicle id="car_858" type="car8" route="6" depart="546" departLane = "2" departSpeed="11.180000"/>
	<vehicle id="car_859" type="car8" route="14" depart="547" departLane = "1" departSpeed="11.180000"/>
	<vehicle id="car_860" type="car6" route="6" depart="547" departLane = "0" departSpeed="11.180000"/>
	<vehicle id="car_861" type="car6" route="8" depart="547" departLane = "0" departSpeed="11.180000"/>
	<vehicle id="car_862" type="car7" route="5" depart="548" departLane = "2" departSpeed="11.180000"/>
	<vehicle id="car_863" type="car9" route="6" depart="548" departLane = "2" departSpeed="11.180000"/>
	<vehicle id="car_864" type="car7" route="13" depart="548" departLane = "2" departSpeed="11.180000"/>
	<vehicle id="car_865" type="car7" route="10" depart="549" departLane = "0" departSpeed="11.180000"/>
	<vehicle id="car_866" type="car5" route="11" depart="550" departLane = "2" departSpeed="11.180000"/>
	<vehicle id="car_867" type="car8" route="2" depart="550" departLane = "1" departSpeed="11.180000"/>
	<vehicle id="car_868" type="car9" route="13" depart="550" departLane = "2" departSpeed="11.180000"/>
	<vehicle id="car_869" type="car8" route="7" depart="550" departLane = "0" departSpeed="11.180000"/>
	<vehicle id="car_870" type="car9" route="8" depart="550" departLane = "2" departSpeed="11.180000"/>
	<vehicle id="car_871" type="car8" route="5" depart="552" departLane = "0" departSpeed="11.180000"/>
	<vehicle id="car_872" type="car7" route="11" depart="553" departLane = "0" departSpeed="11.180000"/>
	<vehicle id="car_873" type="car6" route="4" depart="554" departLane = "0" departSpeed="11.180000"/>
	<vehicle id="car_874" type="car7" route="11" depart="555" departLane = "0" departSpeed="11.180000"/>
	<vehicle id="car_875" type="car8" route="9" depart="555" departLane = "1" departSpeed="11.180000"/>
	<vehicle id="car_876" type="car9" route="3" depart="555" departLane = "1" departSpeed="11.180000"/>
	<vehicle id="car_877" type="car6" route="10" depart="556" departLane = "2" departSpeed="11.180000"/>
	<vehicle id="car_878" type="car6" route="14" depart="556" departLane = "1" departSpeed="11.180000"/>
	<vehicle id="car_879" type="car6" route="0" depart="558" departLane = "0" departSpeed="11.180000"/>
	<vehicle id="car_880" type="car6" route="8" depart="558" departLane = "1" departSpeed="11.180000"/>
	<vehicle id="car_881" type="car9" route="14" depart="559" departLane = "1" departSpeed="11.180000"/>
	<vehicle id="car_882" type="car6" route="8" depart="559" departLane = "1" departSpeed="11.180000"/>
	<vehicle id="car_883" type="car5" route="15" depart="560" departLane = "1" departSpeed="11.180000"/>
	<vehicle id="car_884" type="car9" route="0" depart="561" departLane = "1" departSpeed="11.180000"/>
	<vehicle id="car_885" type="car5" route="15" depart="561" departLane = "0" departSpeed="11.180000"/>
	<vehicle id="car_886" type="car7" route="2" depart="561" departLane = "1" departSpeed="11.180000"/>
	<vehicle id="car_887" type="car6" route="1" depart="562" departLane = "2" departSpeed="11.180000"/>
	<vehicle id="car_888" type="car7" route="10" depart="562" departLane = "0" departSpeed="11.180000"/>
	<vehicle id="car_889" type="car8" route="15" depart="564" departLane = "0" departSpeed="11.180000"/>
	<vehicle id="car_890" type="car7" route="7" depart="565" departLane = "0" departSpeed="11.180000"/>
	<vehicle id="car_891" type="car5" route="12" depart="565" departLane = "2" departSpeed="11.180000"/>
	<vehicle id="car_892" type="car7" route="5" depart="567" departLane = "2" departSpeed="11.180000"/>
	<vehicle id="car_893" type="car6" route="7" depart="568" departLane = "2" departSpeed="11.180000"/>
	<vehicle id="car_894" type="car9" route="5" depart="570" departLane = "0" departSpeed="11.180000"/>
	<vehicle id="car_895" type="car9" route="7" depart="570" departLane = "1" departSpeed="11.180000"/>
	<vehicle id="car_896" type="car5" route="4" depart="571" departLane = "1" departSpeed="11.180000"/>
	<vehicle id="car_897" type="car6" route="15" depart="571" departLane = "0" departSpeed="11.180000"/>
	<vehicle id="car_898" type="car9" route="7" depart="571" departLane = "1" departSpeed="11.180000"/>
	<vehicle id="car_899" type="car9" route="10" depart="572" departLane = "0" departSpeed="11.180000"/>
	<vehicle id="car_900" type="car7" route="3" depart="572" departLane = "2" departSpeed="11.180000"/>
	<vehicle id="car_901" type="car7" route="8" depart="572" departLane = "1" departSpeed="11.180000"/>
	<vehicle id="car_902" type="car7" route="6" depart="573" departLane = "0" departSpeed="11.180000"/>
	<vehicle id="car_903" type="car8" route="13" depart="578" departLane = "2" departSpeed="11.180000"/>
	<vehicle id="car_904" type="car7" route="15" depart="579" departLane = "2" departSpeed="11.180000"/>
	<vehicle id="car_905" type="car7" route="15" depart="580" departLane = "1" departSpeed="11.180000"/>
	<vehicle id="car_906" type="car8" route="2" depart="580" departLane = "1" departSpeed="11.180000"/>
	<vehicle id="car_907" type="car6" route="8" depart="580" departLane = "0" departSpeed="11.180000"/>
	<vehicle id="car_908" type="car5" route="9" depart="581" departLane = "1" departSpeed="11.180000"/>
	<vehicle id="car_909" type="car8" route="9" depart="582" departLane = "2" departSpeed="11.180000"/>
	<vehicle id="car_910" type="car9" route="4" depart="583" departLane = "0" departSpeed="11.180000"/>
	<vehicle id="car_911" type="car9" route="3" depart="583" departLane = "1" departSpeed="11.180000"/>
	<vehicle id="car_912" type="car5" route="7" depart="584" departLane = "2" departSpeed="11.180000"/>
	<vehicle id="car_913" type="car5" route="8" depart="584" departLane = "2" departSpeed="11.180000"/>
	<vehicle id="car_914" type="car6" route="1" depart="585" departLane = "0" departSpeed="11.180000"/>
	<vehicle id="car_915" type="car5" route="10" depart="585" departLane = "1" departSpeed="11.180000"/>
	<vehicle id="car_916" type="car8" route="14" depart="585" departLane = "1" departSpeed="11.180000"/>
	<vehicle id="car_917" type="car7" route="0" depart="587" departLane = "0" departSpeed="11.180000"/>
	<vehicle id="car_918" type="car8" route="5" depart="588" departLane = "2" departSpeed="11.180000"/>
	<vehicle id="car_919" type="car6" route="4" depart="590" departLane = "0" departSpeed="11.180000"/>
	<vehicle id="car_920" type="car8" route="12" depart="590" departLane = "2" departSpeed="11.180000"/>
	<vehicle id="car_921" type="car5" route="0" depart="591" departLane = "1" departSpeed="11.180000"/>
	<vehicle id="car_922" type="car7" route="14" depart="591" departLane = "1" departSpeed="11.180000"/>
	<vehicle id="car_923" type="car6" route="2" depart="591" departLane = "0" departSpeed="11.180000"/>
	<vehicle id="car_924" type="car9" route="4" depart="593" departLane = "2" departSpeed="11.180000"/>
	<vehicle id="car_925" type="car5" route="10" depart="593" departLane = "0" departSpeed="11.180000"/>
	<vehicle id="car_926" type="car7" route="15" depart="594" departLane = "2" departSpeed="11.180000"/>
	<vehicle id="car_927" type="car5" route="7" depart="594" departLane = "2" departSpeed="11.180000"/>
	<vehicle id="car_928" type="car5" route="1" depart="595" departLane = "1" departSpeed="11.180000"/>
	<vehicle id="car_929" type="car9" route="1" depart="596" departLane = "0" departSpeed="11.180000"/>
	<vehicle id="car_930" type="car9" route="10" depart="597" departLane = "2" departSpeed="11.180000"/>
	<vehicle id="car_931" type="car6" route="14" depart="597" departLane = "2" departSpeed="11.180000"/>
	<vehicle id="car_932" type="car7" route="13" depart="597" departLane = "2" departSpeed="11.180000"/>
	<vehicle id="car_933" type="car8" route="8" depart="597" departLane = "0" departSpeed="11.180000"/>
	<vehicle id="car_934" type="car6" route="15" depart="598" departLane = "2" departSpeed="11.180000"/>
	<vehicle id="car_935" type="car7" route="1" depart="598" departLane = "0" departSpeed="11.180000"/>
	<vehicle id="car_936" type="car9" route="5" depart="598" departLane = "2" departSpeed="11.180000"/>
	<vehicle id="car_937" type="car7" route="3" depart="598" departLane = "2" departSpeed="11.180000"/>
</routes>
