{"car_2009": [6, 0], "car_2229": [10, 0], "car_2228": [1, 3], "car_468": [6, 4], "car_469": [3, 6], "car_466": [7, 0], "car_467": [12, 6], "car_464": [9, 0], "car_465": [3, 7], "car_462": [0, 3], "car_463": [2, 5], "car_460": [3, 7], "car_461": [12, 3], "car_2455": [2, 6], "car_2751": [5, 0], "car_817": [3, 4], "car_816": [10, 7], "car_815": [4, 0], "car_2750": [11, 6], "car_814": [0, 2], "car_813": [7, 1], "car_812": [9, 5], "car_2072": [10, 4], "car_811": [6, 2], "car_2073": [4, 6], "car_810": [14, 4], "car_679": [5, 3], "car_678": [4, 5], "car_677": [0, 5], "car_676": [12, 0], "car_675": [13, 0], "car_674": [14, 0], "car_673": [1, 2], "car_672": [11, 3], "car_671": [7, 3], "car_670": [3, 1], "car_2771": [0, 5], "car_2770": [8, 6], "car_2078": [7, 2], "car_2079": [1, 5], "car_2456": [13, 6], "car_2341": [4, 0], "car_2670": [12, 1], "car_2671": [15, 7], "car_2754": [15, 5], "car_2672": [14, 1], "car_2223": [15, 3], "car_789": [2, 3], "car_788": [10, 2], "car_2222": [0, 1], "car_783": [9, 0], "car_782": [2, 0], "car_781": [10, 5], "car_780": [0, 5], "car_787": [1, 3], "car_786": [15, 5], "car_785": [11, 4], "car_784": [8, 7], "car_2220": [2, 5], "car_0": [2, 6], "car_2227": [15, 6], "car_1179": [9, 6], "car_2375": [5, 0], "car_2226": [4, 3], "car_2225": [13, 1], "car_2224": [10, 7], "car_255": [6, 0], "car_254": [14, 5], "car_257": [4, 3], "car_256": [12, 0], "car_251": [7, 2], "car_250": [6, 3], "car_253": [11, 6], "car_252": [0, 1], "car_1961": [3, 1], "car_1960": [13, 5], "car_1963": [10, 2], "car_1962": [15, 0], "car_259": [5, 0], "car_258": [11, 3], "car_1967": [8, 3], "car_1966": [7, 0], "car_1170": [8, 2], "car_1171": [11, 4], "car_1565": [4, 3], "car_1564": [13, 1], "car_1567": [14, 7], "car_1566": [1, 3], "car_1561": [1, 2], "car_1560": [11, 0], "car_1563": [9, 1], "car_1562": [6, 7], "car_1569": [3, 5], "car_1568": [13, 7], "car_1413": [6, 3], "car_1363": [13, 3], "car_1362": [9, 3], "car_1361": [10, 0], "car_1360": [11, 1], "car_1367": [2, 3], "car_1366": [11, 7], "car_1365": [4, 6], "car_1364": [8, 4], "car_1369": [3, 4], "car_1368": [6, 0], "car_2758": [7, 3], "car_2376": [13, 3], "car_321": [0, 5], "car_320": [7, 5], "car_323": [15, 3], "car_322": [11, 2], "car_325": [2, 0], "car_324": [1, 5], "car_327": [1, 3], "car_326": [6, 0], "car_329": [13, 0], "car_328": [2, 3], "car_2722": [12, 4], "car_2723": [4, 1], "car_2720": [9, 7], "car_2721": [13, 2], "car_2726": [7, 0], "car_2727": [12, 6], "car_2724": [15, 3], "car_2725": [9, 3], "car_2728": [11, 1], "car_2729": [1, 3], "car_1107": [13, 2], "car_1106": [6, 1], "car_1105": [5, 2], "car_1104": [4, 6], "car_1103": [12, 6], "car_1102": [7, 0], "car_1101": [13, 3], "car_1100": [6, 4], "car_1109": [7, 2], "car_1108": [6, 0], "car_1297": [12, 5], "car_1296": [13, 1], "car_1295": [6, 5], "car_1294": [11, 2], "car_1293": [3, 4], "car_1292": [14, 7], "car_1291": [15, 5], "car_1290": [3, 7], "car_1299": [5, 6], "car_1298": [7, 6], "car_2928": [2, 6], "car_2929": [4, 3], "car_2924": [0, 2], "car_2925": [3, 4], "car_2926": [12, 7], "car_2927": [0, 7], "car_2920": [0, 7], "car_2921": [15, 5], "car_2922": [1, 2], "car_2923": [5, 1], "car_2586": [6, 1], "car_2587": [8, 2], "car_2584": [1, 2], "car_2585": [5, 2], "car_2582": [4, 6], "car_2583": [11, 7], "car_2580": [12, 1], "car_2581": [0, 4], "car_2858": [6, 4], "car_2859": [3, 0], "car_2588": [14, 5], "car_2589": [12, 5], "car_2036": [3, 5], "car_2037": [7, 0], "car_1039": [7, 4], "car_1038": [2, 6], "car_1749": [11, 4], "car_1748": [4, 6], "car_2030": [2, 6], "car_2031": [13, 2], "car_1033": [3, 2], "car_1032": [6, 0], "car_1031": [14, 3], "car_1030": [1, 3], "car_1037": [5, 1], "car_1036": [4, 0], "car_1035": [12, 1], "car_1034": [7, 5], "car_1589": [5, 6], "car_1588": [1, 4], "car_1583": [3, 6], "car_1582": [13, 4], "car_1581": [9, 6], "car_1580": [2, 6], "car_1587": [15, 0], "car_1586": [11, 5], "car_1585": [4, 1], "car_1584": [0, 2], "car_1852": [8, 1], "car_1906": [7, 4], "car_899": [15, 0], "car_898": [11, 0], "car_897": [8, 3], "car_896": [14, 6], "car_895": [11, 1], "car_894": [0, 1], "car_893": [12, 4], "car_892": [3, 5], "car_891": [9, 7], "car_890": [2, 6], "car_2458": [12, 5], "car_2459": [0, 5], "car_2108": [2, 3], "car_2109": [12, 4], "car_2102": [1, 0], "car_2103": [2, 5], "car_2100": [1, 4], "car_2101": [9, 4], "car_2106": [4, 5], "car_2107": [5, 6], "car_2104": [13, 3], "car_2105": [0, 2], "car_1631": [6, 2], "car_1630": [5, 1], "car_1633": [3, 5], "car_1632": [13, 2], "car_1635": [6, 4], "car_1634": [1, 3], "car_1637": [8, 6], "car_1636": [13, 0], "car_1639": [4, 1], "car_1638": [12, 0], "car_1751": [2, 5], "car_2803": [4, 3], "car_2802": [0, 7], "car_2801": [13, 5], "car_2800": [9, 3], "car_2807": [14, 3], "car_1756": [0, 1], "car_2806": [10, 1], "car_2805": [1, 4], "car_2816": [13, 3], "car_2804": [11, 1], "car_2414": [8, 7], "car_419": [10, 3], "car_418": [5, 7], "car_2218": [11, 5], "car_2219": [5, 4], "car_413": [9, 7], "car_412": [14, 1], "car_411": [10, 5], "car_410": [15, 1], "car_417": [15, 1], "car_416": [4, 2], "car_415": [0, 4], "car_414": [12, 0], "car_2417": [10, 3], "car_1679": [12, 3], "car_1678": [9, 3], "car_2412": [9, 5], "car_2947": [9, 1], "car_2413": [13, 5], "car_527": [3, 4], "car_526": [9, 0], "car_525": [6, 2], "car_524": [14, 1], "car_523": [10, 3], "car_522": [7, 2], "car_521": [14, 6], "car_520": [5, 0], "car_1671": [3, 2], "car_1889": [1, 4], "car_529": [12, 7], "car_528": [8, 2], "car_1884": [8, 1], "car_1885": [14, 3], "car_2368": [10, 2], "car_2786": [4, 6], "car_2787": [11, 7], "car_668": [9, 4], "car_669": [13, 0], "car_664": [12, 1], "car_665": [4, 5], "car_666": [15, 6], "car_667": [5, 4], "car_660": [10, 5], "car_661": [14, 7], "car_662": [2, 5], "car_663": [7, 2], "car_2759": [12, 7], "car_1854": [1, 0], "car_2788": [14, 2], "car_2789": [2, 1], "car_2940": [15, 1], "car_798": [1, 2], "car_799": [5, 2], "car_790": [9, 6], "car_791": [3, 2], "car_792": [7, 1], "car_793": [8, 4], "car_794": [12, 7], "car_795": [15, 4], "car_796": [1, 4], "car_797": [12, 5], "car_242": [6, 2], "car_243": [9, 4], "car_240": [11, 5], "car_241": [10, 4], "car_246": [11, 1], "car_247": [5, 2], "car_244": [13, 2], "car_245": [12, 5], "car_1914": [4, 3], "car_1915": [6, 2], "car_248": [14, 1], "car_249": [10, 4], "car_1910": [5, 4], "car_1911": [13, 5], "car_1912": [3, 2], "car_1913": [12, 3], "car_1356": [15, 6], "car_1357": [5, 7], "car_1354": [8, 5], "car_1355": [12, 1], "car_1352": [9, 1], "car_1353": [7, 1], "car_1350": [11, 0], "car_1351": [1, 5], "car_1358": [14, 5], "car_1359": [6, 3], "car_1831": [2, 4], "car_1820": [6, 2], "car_1821": [13, 7], "car_1822": [7, 4], "car_1823": [12, 6], "car_1824": [11, 6], "car_1825": [1, 4], "car_338": [15, 3], "car_339": [1, 3], "car_336": [6, 0], "car_337": [12, 1], "car_334": [7, 6], "car_335": [10, 2], "car_332": [15, 3], "car_333": [13, 6], "car_330": [7, 4], "car_331": [8, 0], "car_2735": [12, 4], "car_2734": [8, 4], "car_1138": [5, 3], "car_1139": [2, 0], "car_2731": [13, 1], "car_2730": [5, 2], "car_2733": [7, 3], "car_2732": [3, 7], "car_1132": [13, 6], "car_1133": [12, 4], "car_1130": [6, 2], "car_1131": [9, 4], "car_1136": [3, 6], "car_1137": [12, 2], "car_1134": [4, 3], "car_1135": [9, 7], "car_1839": [15, 0], "car_2393": [2, 0], "car_1838": [3, 6], "car_2392": [14, 7], "car_2939": [12, 0], "car_2938": [2, 1], "car_2937": [14, 2], "car_2936": [4, 7], "car_2935": [12, 2], "car_2934": [3, 0], "car_2933": [13, 1], "car_2932": [10, 0], "car_2931": [5, 2], "car_2930": [15, 7], "car_2029": [1, 3], "car_2028": [15, 4], "car_2845": [7, 0], "car_2844": [11, 2], "car_2843": [4, 3], "car_2842": [6, 7], "car_2841": [2, 6], "car_2840": [14, 3], "car_2021": [2, 6], "car_2020": [14, 0], "car_2023": [0, 1], "car_2022": [8, 1], "car_2025": [13, 4], "car_2024": [15, 3], "car_2027": [0, 5], "car_2026": [7, 1], "car_2948": [8, 4], "car_2520": [3, 4], "car_1008": [0, 7], "car_1009": [4, 1], "car_1006": [10, 7], "car_1007": [6, 7], "car_1004": [8, 6], "car_1005": [12, 0], "car_1002": [13, 7], "car_1003": [7, 2], "car_1000": [14, 4], "car_1001": [2, 7], "car_2398": [0, 2], "car_2629": [10, 5], "car_2524": [13, 4], "car_2628": [5, 2], "car_2525": [7, 2], "car_2674": [1, 0], "car_1924": [2, 6], "car_2527": [5, 7], "car_36": [7, 0], "car_37": [8, 3], "car_34": [15, 7], "car_35": [10, 4], "car_888": [0, 3], "car_889": [10, 5], "car_30": [13, 0], "car_31": [3, 4], "car_884": [6, 3], "car_885": [9, 5], "car_886": [3, 6], "car_887": [12, 2], "car_880": [15, 1], "car_881": [9, 5], "car_882": [3, 0], "car_883": [15, 6], "car_2449": [3, 4], "car_2448": [5, 2], "car_2119": [12, 0], "car_2118": [7, 0], "car_2115": [15, 2], "car_2114": [11, 5], "car_2117": [13, 3], "car_2116": [9, 5], "car_2111": [13, 5], "car_2110": [14, 6], "car_2113": [4, 0], "car_2112": [0, 5], "car_1644": [12, 3], "car_1645": [15, 5], "car_1646": [10, 5], "car_1647": [6, 7], "car_1640": [15, 3], "car_1641": [5, 6], "car_1642": [10, 7], "car_1643": [8, 7], "car_1648": [3, 4], "car_1649": [7, 0], "car_2599": [4, 0], "car_2159": [6, 3], "car_2158": [14, 1], "car_2591": [9, 1], "car_2590": [5, 1], "car_2593": [4, 6], "car_2592": [3, 2], "car_2595": [10, 6], "car_2594": [1, 7], "car_2597": [2, 3], "car_2596": [14, 6], "car_2677": [6, 0], "car_2608": [10, 3], "car_408": [13, 6], "car_409": [7, 4], "car_2203": [5, 6], "car_2202": [1, 3], "car_2205": [14, 6], "car_2204": [10, 1], "car_2207": [9, 6], "car_2206": [2, 1], "car_400": [5, 0], "car_401": [14, 2], "car_402": [2, 7], "car_403": [8, 7], "car_404": [0, 6], "car_405": [15, 1], "car_406": [1, 2], "car_407": [10, 2], "car_1769": [1, 5], "car_534": [9, 4], "car_535": [7, 5], "car_536": [8, 1], "car_537": [12, 7], "car_530": [11, 4], "car_531": [15, 0], "car_532": [10, 6], "car_533": [6, 1], "car_538": [11, 0], "car_539": [15, 2], "car_2310": [6, 0], "car_659": [15, 2], "car_658": [0, 4], "car_651": [14, 0], "car_650": [1, 6], "car_653": [6, 5], "car_652": [2, 1], "car_655": [8, 7], "car_654": [3, 2], "car_657": [3, 7], "car_656": [2, 6], "car_2907": [14, 6], "car_2909": [6, 5], "car_2434": [7, 1], "car_1929": [6, 7], "car_2195": [7, 0], "car_2194": [9, 6], "car_1764": [15, 1], "car_2197": [9, 7], "car_2196": [14, 6], "car_2191": [12, 7], "car_1928": [2, 6], "car_2190": [7, 0], "car_2193": [5, 1], "car_1909": [1, 2], "car_1908": [4, 6], "car_1907": [0, 7], "car_1763": [4, 6], "car_1905": [3, 2], "car_1904": [14, 7], "car_1903": [1, 3], "car_1902": [8, 0], "car_1901": [7, 4], "car_1900": [3, 1], "car_1349": [0, 6], "car_1348": [12, 4], "car_1762": [12, 2], "car_1341": [12, 4], "car_1340": [14, 4], "car_1343": [1, 3], "car_1342": [11, 4], "car_1345": [10, 6], "car_1344": [5, 7], "car_1347": [8, 2], "car_1346": [13, 5], "car_2753": [8, 6], "car_2752": [2, 7], "car_2698": [9, 5], "car_1833": [12, 3], "car_1832": [9, 0], "car_349": [2, 1], "car_348": [15, 7], "car_1837": [6, 7], "car_1836": [2, 0], "car_1835": [14, 2], "car_1834": [5, 4], "car_343": [15, 2], "car_342": [12, 2], "car_341": [8, 5], "car_340": [14, 4], "car_347": [9, 3], "car_346": [5, 1], "car_345": [11, 6], "car_344": [12, 4], "car_2325": [1, 7], "car_1129": [2, 0], "car_1128": [14, 3], "car_1125": [11, 6], "car_1124": [7, 2], "car_1127": [10, 1], "car_1126": [1, 3], "car_1121": [14, 6], "car_1120": [11, 5], "car_1123": [9, 3], "car_1122": [2, 6], "car_1402": [0, 3], "car_2320": [10, 6], "car_1403": [2, 0], "car_2321": [13, 2], "car_1400": [6, 5], "car_1401": [8, 5], "car_1406": [0, 5], "car_1407": [14, 1], "car_2902": [15, 1], "car_2903": [5, 7], "car_2900": [4, 6], "car_2901": [11, 0], "car_2906": [7, 6], "car_1404": [9, 1], "car_2904": [2, 7], "car_2905": [13, 0], "car_2908": [2, 0], "car_1405": [12, 1], "car_2058": [1, 4], "car_2059": [5, 1], "car_2054": [2, 5], "car_2055": [9, 5], "car_2056": [13, 5], "car_2057": [0, 2], "car_2050": [8, 4], "car_2051": [12, 6], "car_2052": [4, 5], "car_2053": [5, 3], "car_1011": [15, 4], "car_1010": [11, 3], "car_1013": [14, 0], "car_1012": [1, 4], "car_1015": [13, 5], "car_1014": [6, 3], "car_1017": [15, 3], "car_1016": [3, 0], "car_1019": [2, 0], "car_1018": [10, 6], "car_2690": [11, 5], "car_2691": [5, 3], "car_2696": [7, 4], "car_2697": [15, 3], "car_2694": [6, 0], "car_2695": [3, 5], "car_2790": [12, 3], "car_25": [15, 3], "car_24": [4, 7], "car_27": [10, 6], "car_26": [1, 0], "car_21": [13, 1], "car_20": [9, 5], "car_23": [8, 4], "car_22": [7, 4], "car_29": [6, 7], "car_28": [2, 1], "car_2478": [0, 1], "car_2479": [1, 6], "car_2476": [7, 6], "car_2477": [8, 2], "car_2474": [12, 0], "car_2475": [4, 5], "car_2472": [13, 5], "car_2473": [7, 0], "car_2470": [6, 1], "car_2471": [9, 6], "car_1657": [8, 4], "car_1656": [6, 5], "car_1655": [1, 4], "car_1654": [15, 6], "car_1653": [4, 1], "car_1652": [7, 2], "car_1651": [14, 7], "car_1650": [4, 1], "car_1659": [7, 4], "car_1658": [14, 7], "car_2878": [12, 0], "car_2879": [11, 0], "car_2872": [8, 7], "car_2873": [0, 7], "car_2870": [13, 6], "car_2871": [3, 4], "car_2876": [7, 4], "car_2877": [8, 7], "car_2874": [10, 6], "car_2875": [14, 2], "car_2688": [8, 0], "car_1969": [14, 1], "car_2315": [5, 2], "car_1843": [3, 0], "car_435": [3, 4], "car_434": [14, 5], "car_437": [4, 0], "car_436": [8, 3], "car_431": [12, 7], "car_430": [8, 5], "car_433": [10, 2], "car_432": [1, 6], "car_1846": [1, 3], "car_439": [10, 3], "car_438": [15, 2], "car_1847": [10, 4], "car_2274": [3, 6], "car_2275": [0, 5], "car_2276": [11, 4], "car_2277": [5, 6], "car_2270": [0, 7], "car_2271": [11, 6], "car_2272": [2, 4], "car_2273": [13, 7], "car_1845": [0, 5], "car_2278": [14, 6], "car_2279": [9, 2], "car_1848": [2, 7], "car_2289": [0, 5], "car_1968": [4, 7], "car_1849": [9, 3], "car_2288": [8, 5], "car_1965": [3, 0], "car_1964": [13, 6], "car_501": [7, 2], "car_500": [6, 1], "car_503": [12, 6], "car_502": [8, 2], "car_505": [7, 3], "car_504": [6, 0], "car_507": [11, 4], "car_506": [12, 2], "car_509": [8, 4], "car_508": [3, 7], "car_2302": [13, 5], "car_2303": [12, 1], "car_2304": [4, 3], "car_2305": [15, 7], "car_2306": [1, 6], "car_2307": [13, 3], "car_2281": [7, 1], "car_1745": [1, 2], "car_2280": [3, 0], "car_646": [6, 1], "car_647": [9, 1], "car_644": [3, 1], "car_645": [5, 4], "car_642": [10, 4], "car_643": [2, 3], "car_640": [1, 4], "car_641": [5, 7], "car_2314": [15, 4], "car_648": [3, 7], "car_649": [8, 6], "car_2576": [8, 5], "car_2526": [11, 3], "car_1830": [14, 3], "car_2673": [6, 4], "car_2570": [3, 0], "car_2681": [3, 2], "car_2420": [4, 7], "car_2680": [11, 1], "car_2854": [10, 6], "car_2683": [5, 4], "car_1932": [12, 5], "car_1933": [0, 7], "car_1930": [7, 6], "car_1931": [8, 1], "car_1936": [6, 4], "car_1937": [9, 6], "car_1934": [10, 2], "car_1935": [2, 6], "car_1938": [7, 1], "car_1939": [0, 7], "car_2682": [0, 7], "car_1717": [5, 4], "car_1338": [5, 0], "car_1339": [10, 4], "car_1334": [3, 2], "car_1335": [4, 0], "car_1336": [11, 7], "car_1337": [1, 0], "car_1330": [9, 2], "car_1331": [3, 0], "car_1332": [8, 7], "car_1333": [14, 2], "car_1711": [15, 7], "car_358": [4, 6], "car_359": [15, 6], "car_1804": [11, 3], "car_1805": [15, 4], "car_1802": [7, 5], "car_1803": [4, 5], "car_1800": [13, 0], "car_1801": [3, 0], "car_350": [4, 6], "car_351": [3, 0], "car_352": [8, 0], "car_353": [12, 5], "car_354": [15, 4], "car_355": [1, 5], "car_356": [13, 3], "car_357": [0, 6], "car_1482": [11, 0], "car_1483": [1, 6], "car_1480": [7, 0], "car_1481": [8, 4], "car_1486": [12, 5], "car_1487": [11, 4], "car_1484": [14, 6], "car_1485": [2, 6], "car_1488": [13, 5], "car_1489": [7, 4], "car_1240": [3, 6], "car_1241": [8, 1], "car_1242": [4, 7], "car_1243": [11, 0], "car_1244": [10, 1], "car_1245": [6, 4], "car_1246": [7, 0], "car_1247": [8, 2], "car_1248": [15, 3], "car_1249": [1, 7], "car_1747": [9, 7], "car_2374": [15, 6], "car_1879": [11, 0], "car_2917": [0, 4], "car_2916": [12, 4], "car_2911": [5, 0], "car_2910": [1, 2], "car_2913": [3, 6], "car_2912": [10, 7], "car_2919": [2, 3], "car_2918": [15, 5], "car_2049": [3, 5], "car_2048": [13, 3], "car_2047": [9, 6], "car_2046": [6, 3], "car_2045": [11, 6], "car_2044": [0, 3], "car_2043": [7, 3], "car_2042": [9, 5], "car_2041": [4, 7], "car_2040": [8, 7], "car_1064": [9, 4], "car_1065": [3, 4], "car_1066": [0, 5], "car_1067": [1, 2], "car_1060": [14, 5], "car_1061": [6, 4], "car_1062": [3, 6], "car_1063": [5, 6], "car_2685": [9, 4], "car_2684": [14, 6], "car_2687": [8, 1], "car_2686": [3, 6], "car_1068": [5, 1], "car_1069": [10, 3], "car_1798": [14, 3], "car_1799": [2, 7], "car_10": [13, 0], "car_11": [7, 4], "car_12": [12, 0], "car_13": [4, 6], "car_14": [11, 5], "car_15": [15, 0], "car_16": [5, 7], "car_17": [10, 0], "car_18": [14, 7], "car_19": [2, 3], "car_2461": [6, 7], "car_2460": [1, 7], "car_1668": [4, 2], "car_1669": [14, 1], "car_2465": [15, 4], "car_2464": [12, 4], "car_2467": [10, 6], "car_2466": [5, 6], "car_1662": [14, 1], "car_1663": [6, 4], "car_1660": [0, 1], "car_1661": [15, 4], "car_1666": [9, 6], "car_1667": [0, 5], "car_1664": [9, 2], "car_1665": [7, 4], "car_1468": [2, 4], "car_1469": [6, 3], "car_1460": [1, 6], "car_1461": [6, 7], "car_1462": [7, 0], "car_1463": [8, 3], "car_1464": [0, 3], "car_1465": [4, 2], "car_1466": [15, 7], "car_1467": [5, 1], "car_2699": [13, 2], "car_2869": [6, 3], "car_2868": [8, 6], "car_2865": [1, 0], "car_2864": [15, 4], "car_2867": [6, 2], "car_2866": [10, 4], "car_2861": [12, 7], "car_2860": [8, 4], "car_2863": [4, 7], "car_2862": [0, 4], "car_2648": [4, 2], "car_422": [6, 3], "car_423": [13, 0], "car_420": [14, 1], "car_421": [2, 3], "car_426": [6, 3], "car_427": [5, 6], "car_424": [11, 5], "car_425": [1, 3], "car_428": [2, 4], "car_429": [6, 7], "car_2377": [8, 4], "car_2267": [9, 7], "car_2266": [2, 6], "car_2265": [1, 6], "car_2264": [15, 6], "car_2263": [0, 7], "car_2262": [8, 1], "car_2261": [6, 4], "car_2260": [2, 4], "car_2371": [13, 6], "car_2269": [12, 4], "car_2268": [8, 1], "car_2373": [11, 0], "car_2372": [4, 3], "car_2008": [14, 4], "car_2370": [9, 4], "car_2319": [4, 2], "car_2318": [0, 7], "car_518": [9, 5], "car_519": [3, 5], "car_516": [5, 0], "car_517": [10, 5], "car_514": [4, 0], "car_515": [15, 4], "car_512": [13, 5], "car_513": [8, 1], "car_510": [4, 0], "car_511": [11, 1], "car_1870": [4, 3], "car_2692": [9, 4], "car_2444": [2, 3], "car_633": [1, 0], "car_632": [15, 6], "car_631": [4, 2], "car_630": [0, 7], "car_637": [12, 5], "car_636": [7, 3], "car_635": [10, 3], "car_634": [5, 3], "car_2675": [10, 4], "car_639": [15, 7], "car_638": [4, 5], "car_2693": [7, 6], "car_189": [7, 6], "car_188": [9, 7], "car_185": [3, 2], "car_184": [13, 6], "car_187": [6, 7], "car_186": [14, 6], "car_181": [13, 5], "car_180": [9, 2], "car_183": [14, 6], "car_182": [8, 7], "car_749": [4, 7], "car_748": [7, 3], "car_747": [13, 4], "car_746": [2, 5], "car_745": [14, 1], "car_744": [5, 1], "car_743": [1, 4], "car_742": [11, 7], "car_741": [0, 5], "car_740": [8, 1], "car_2131": [13, 4], "car_2618": [11, 4], "car_299": [9, 6], "car_298": [6, 3], "car_1927": [10, 7], "car_1926": [15, 0], "car_1921": [12, 5], "car_1920": [3, 1], "car_1923": [14, 7], "car_1922": [10, 3], "car_291": [10, 2], "car_290": [5, 6], "car_293": [2, 0], "car_292": [14, 3], "car_295": [3, 2], "car_294": [9, 7], "car_297": [2, 0], "car_296": [5, 3], "car_1329": [15, 1], "car_1328": [0, 6], "car_1327": [13, 7], "car_1326": [6, 3], "car_1325": [12, 4], "car_1324": [8, 0], "car_1323": [6, 0], "car_1322": [14, 6], "car_1321": [10, 7], "car_1320": [5, 7], "car_365": [9, 0], "car_364": [10, 4], "car_367": [1, 5], "car_366": [15, 6], "car_361": [3, 5], "car_360": [10, 3], "car_363": [5, 6], "car_362": [15, 5], "car_1811": [15, 3], "car_1810": [12, 5], "car_1813": [10, 4], "car_1812": [5, 0], "car_369": [6, 1], "car_368": [10, 6], "car_1817": [1, 4], "car_1816": [11, 7], "car_167": [11, 4], "car_166": [9, 5], "car_165": [14, 7], "car_164": [5, 6], "car_163": [11, 3], "car_162": [12, 1], "car_161": [7, 6], "car_160": [3, 2], "car_169": [13, 1], "car_168": [1, 4], "car_1495": [13, 7], "car_1494": [9, 3], "car_1497": [7, 4], "car_1496": [3, 5], "car_1491": [5, 6], "car_1490": [12, 4], "car_1493": [2, 5], "car_1492": [10, 3], "car_1499": [14, 7], "car_1498": [0, 2], "car_1253": [10, 6], "car_1252": [5, 3], "car_1251": [2, 7], "car_1250": [10, 6], "car_1257": [11, 6], "car_1256": [0, 3], "car_1255": [8, 3], "car_1254": [7, 4], "car_2850": [13, 6], "car_1259": [3, 0], "car_1258": [10, 1], "car_2851": [3, 4], "car_1868": [15, 1], "car_2852": [8, 5], "car_2853": [11, 6], "car_1789": [14, 6], "car_1788": [1, 2], "car_2070": [8, 2], "car_2071": [4, 5], "car_2076": [4, 0], "car_2077": [15, 3], "car_2074": [11, 6], "car_2075": [3, 1], "car_1781": [8, 7], "car_1780": [9, 1], "car_1783": [10, 2], "car_1782": [15, 4], "car_1785": [13, 0], "car_1784": [14, 2], "car_1787": [8, 0], "car_1786": [3, 7], "car_1077": [7, 1], "car_1076": [3, 5], "car_1075": [5, 3], "car_1074": [11, 1], "car_1073": [0, 1], "car_1072": [12, 6], "car_1071": [6, 1], "car_1070": [14, 1], "car_2678": [9, 6], "car_2679": [12, 3], "car_1079": [15, 6], "car_1078": [8, 3], "car_2139": [2, 4], "car_2034": [2, 7], "car_2300": [14, 2], "car_2035": [6, 7], "car_2301": [6, 1], "car_2032": [4, 7], "car_2033": [11, 2], "car_2138": [14, 2], "car_985": [0, 4], "car_984": [14, 6], "car_987": [1, 7], "car_986": [11, 6], "car_981": [8, 2], "car_980": [14, 6], "car_983": [11, 7], "car_982": [0, 1], "car_1675": [11, 1], "car_1674": [4, 5], "car_1677": [10, 2], "car_1676": [1, 6], "car_989": [0, 5], "car_988": [6, 0], "car_1673": [12, 2], "car_1672": [8, 5], "car_2784": [13, 5], "car_2785": [0, 1], "car_1479": [3, 2], "car_1478": [13, 4], "car_2780": [4, 0], "car_2781": [15, 4], "car_2782": [10, 6], "car_2783": [9, 6], "car_1473": [2, 0], "car_1472": [14, 7], "car_1471": [13, 4], "car_1470": [9, 6], "car_1477": [6, 3], "car_1476": [3, 2], "car_1475": [9, 6], "car_1474": [6, 7], "car_2890": [0, 3], "car_2891": [6, 1], "car_2892": [3, 2], "car_2893": [0, 5], "car_2894": [4, 2], "car_1743": [12, 7], "car_2896": [14, 4], "car_2897": [2, 6], "car_2898": [6, 7], "car_2899": [13, 3], "car_1742": [7, 4], "car_2528": [14, 2], "car_2529": [3, 0], "car_2258": [8, 2], "car_2259": [14, 3], "car_2689": [4, 0], "car_2252": [0, 5], "car_2253": [4, 7], "car_2250": [6, 5], "car_2251": [13, 0], "car_2256": [13, 1], "car_2257": [3, 1], "car_2254": [1, 3], "car_2255": [2, 6], "car_2098": [10, 3], "car_2099": [11, 7], "car_2090": [4, 6], "car_2091": [13, 2], "car_2092": [12, 4], "car_2093": [4, 1], "car_2094": [1, 3], "car_2095": [10, 1], "car_2096": [7, 2], "car_2097": [12, 1], "car_569": [8, 6], "car_568": [7, 3], "car_2328": [6, 4], "car_2329": [7, 4], "car_563": [3, 5], "car_562": [14, 1], "car_561": [5, 4], "car_560": [0, 6], "car_567": [13, 6], "car_566": [9, 6], "car_565": [2, 4], "car_564": [1, 5], "car_2331": [11, 7], "car_620": [12, 2], "car_621": [0, 3], "car_622": [4, 2], "car_623": [15, 0], "car_624": [5, 1], "car_625": [14, 7], "car_626": [8, 7], "car_627": [10, 2], "car_628": [13, 2], "car_629": [12, 6], "car_1869": [6, 7], "car_1866": [12, 7], "car_1867": [0, 6], "car_198": [1, 2], "car_199": [2, 7], "car_2831": [0, 5], "car_192": [4, 5], "car_193": [14, 0], "car_190": [12, 6], "car_191": [0, 2], "car_196": [13, 5], "car_197": [11, 2], "car_194": [2, 4], "car_195": [9, 6], "car_758": [14, 5], "car_759": [6, 0], "car_754": [8, 1], "car_755": [0, 7], "car_756": [4, 5], "car_757": [15, 5], "car_750": [1, 5], "car_751": [5, 6], "car_752": [14, 5], "car_753": [13, 1], "car_1940": [4, 5], "car_286": [13, 4], "car_287": [7, 0], "car_284": [2, 0], "car_285": [9, 5], "car_282": [11, 4], "car_283": [15, 2], "car_280": [3, 0], "car_281": [8, 4], "car_1949": [12, 0], "car_288": [8, 0], "car_289": [15, 1], "car_1948": [7, 4], "car_2791": [0, 4], "car_1312": [2, 0], "car_1313": [7, 1], "car_1310": [5, 4], "car_1311": [14, 4], "car_1316": [1, 0], "car_1317": [10, 3], "car_1314": [12, 0], "car_1315": [15, 6], "car_1318": [2, 5], "car_1319": [8, 7], "car_2450": [7, 3], "car_2451": [4, 0], "car_2452": [9, 7], "car_372": [12, 4], "car_373": [0, 3], "car_370": [7, 0], "car_371": [8, 3], "car_376": [2, 5], "car_377": [6, 4], "car_374": [5, 2], "car_375": [10, 6], "car_1864": [1, 6], "car_1865": [9, 6], "car_378": [9, 0], "car_379": [3, 6], "car_1860": [0, 4], "car_1861": [3, 1], "car_1862": [4, 6], "car_1863": [11, 3], "car_174": [5, 6], "car_175": [14, 2], "car_176": [12, 7], "car_177": [1, 0], "car_170": [3, 0], "car_171": [0, 3], "car_172": [4, 6], "car_173": [15, 0], "car_2457": [3, 1], "car_178": [5, 6], "car_179": [6, 3], "car_2338": [2, 3], "car_1266": [7, 2], "car_1267": [8, 1], "car_1264": [2, 3], "car_1265": [3, 7], "car_1262": [11, 0], "car_1263": [5, 0], "car_1260": [8, 7], "car_1261": [12, 7], "car_2949": [11, 0], "car_1268": [2, 3], "car_1269": [13, 5], "car_2406": [7, 2], "car_2065": [10, 5], "car_2064": [11, 1], "car_1048": [12, 1], "car_1049": [11, 2], "car_2061": [3, 1], "car_2060": [2, 0], "car_2063": [4, 1], "car_2062": [12, 2], "car_1042": [14, 7], "car_1043": [9, 2], "car_1040": [0, 6], "car_1041": [4, 1], "car_1046": [4, 7], "car_1047": [7, 4], "car_1044": [13, 1], "car_1045": [0, 3], "car_2663": [15, 4], "car_2662": [8, 1], "car_2661": [3, 0], "car_2660": [9, 5], "car_2667": [7, 4], "car_2666": [3, 5], "car_2665": [9, 5], "car_2664": [14, 3], "car_2669": [14, 5], "car_2668": [1, 2], "car_2404": [14, 6], "car_78": [11, 3], "car_79": [1, 2], "car_72": [0, 2], "car_73": [11, 0], "car_70": [14, 2], "car_71": [12, 0], "car_76": [9, 2], "car_77": [8, 4], "car_74": [5, 0], "car_75": [6, 5], "car_992": [14, 0], "car_993": [2, 5], "car_990": [4, 2], "car_991": [10, 0], "car_996": [11, 4], "car_997": [6, 4], "car_994": [9, 3], "car_995": [8, 3], "car_1688": [9, 4], "car_1689": [13, 1], "car_998": [12, 3], "car_999": [5, 2], "car_2409": [1, 5], "car_2408": [11, 7], "car_2797": [15, 7], "car_2796": [4, 2], "car_2795": [12, 0], "car_2794": [8, 4], "car_2793": [1, 0], "car_2792": [4, 0], "car_1448": [6, 7], "car_1449": [0, 4], "car_1446": [2, 7], "car_1447": [0, 3], "car_1444": [11, 2], "car_1445": [15, 4], "car_1442": [5, 7], "car_1443": [13, 5], "car_1440": [9, 2], "car_1441": [7, 5], "car_2883": [3, 0], "car_2882": [14, 6], "car_2881": [5, 7], "car_2798": [5, 7], "car_2887": [14, 1], "car_2886": [5, 3], "car_2885": [1, 2], "car_2884": [12, 5], "car_2889": [7, 1], "car_2888": [2, 0], "car_2401": [15, 4], "car_2539": [10, 3], "car_2538": [5, 7], "car_2249": [2, 4], "car_2248": [10, 6], "car_2245": [6, 4], "car_2244": [10, 4], "car_2247": [7, 1], "car_2246": [3, 6], "car_2241": [11, 4], "car_2240": [4, 1], "car_2243": [1, 4], "car_2242": [15, 4], "car_2089": [8, 0], "car_2088": [14, 1], "car_2083": [8, 0], "car_2082": [3, 4], "car_2081": [9, 5], "car_2080": [10, 1], "car_2087": [9, 5], "car_2086": [10, 0], "car_2085": [1, 7], "car_2084": [12, 0], "car_578": [1, 3], "car_579": [5, 0], "car_2333": [5, 3], "car_2332": [15, 4], "car_2335": [0, 6], "car_2334": [14, 5], "car_2337": [10, 2], "car_553": [2, 7], "car_570": [12, 4], "car_571": [11, 4], "car_572": [10, 1], "car_573": [0, 5], "car_574": [5, 3], "car_806": [7, 3], "car_576": [12, 7], "car_577": [15, 7], "car_807": [8, 1], "car_800": [14, 6], "car_801": [2, 4], "car_802": [0, 6], "car_2192": [1, 4], "car_803": [15, 2], "car_2067": [6, 1], "car_2066": [2, 5], "car_619": [9, 4], "car_618": [2, 5], "car_615": [3, 6], "car_614": [14, 4], "car_617": [10, 7], "car_616": [12, 0], "car_611": [8, 7], "car_610": [13, 0], "car_613": [10, 1], "car_612": [1, 5], "car_2151": [2, 4], "car_2704": [10, 6], "car_2705": [2, 3], "car_2706": [9, 5], "car_2150": [10, 7], "car_2707": [13, 5], "car_2069": [13, 5], "car_2068": [9, 5], "car_2702": [15, 3], "car_2703": [9, 7], "car_769": [14, 4], "car_768": [11, 7], "car_2567": [11, 6], "car_761": [13, 0], "car_760": [9, 1], "car_763": [1, 4], "car_762": [12, 0], "car_765": [14, 7], "car_764": [1, 5], "car_767": [3, 6], "car_766": [9, 6], "car_2216": [12, 4], "car_2217": [0, 1], "car_2330": [4, 5], "car_2214": [1, 4], "car_2215": [10, 1], "car_2212": [8, 0], "car_2213": [11, 1], "car_2210": [10, 0], "car_2211": [3, 4], "car_575": [14, 5], "car_1305": [4, 0], "car_1304": [0, 7], "car_1307": [13, 2], "car_1306": [6, 0], "car_1301": [9, 3], "car_1300": [10, 1], "car_1303": [7, 2], "car_1302": [13, 6], "car_1309": [11, 2], "car_1308": [7, 3], "car_389": [4, 7], "car_388": [8, 4], "car_387": [7, 5], "car_386": [10, 2], "car_385": [5, 0], "car_384": [1, 7], "car_383": [15, 3], "car_382": [11, 6], "car_381": [12, 1], "car_380": [8, 4], "car_141": [2, 4], "car_140": [10, 1], "car_143": [3, 2], "car_142": [6, 2], "car_145": [5, 0], "car_144": [4, 2], "car_147": [3, 2], "car_146": [14, 5], "car_149": [0, 7], "car_148": [8, 0], "car_2407": [12, 7], "car_1279": [12, 3], "car_1278": [8, 1], "car_1271": [12, 5], "car_1270": [3, 4], "car_1273": [11, 4], "car_1272": [4, 6], "car_1275": [12, 2], "car_1274": [7, 0], "car_1277": [11, 1], "car_1276": [4, 0], "car_2326": [5, 6], "car_2847": [15, 3], "car_2327": [2, 3], "car_1059": [10, 4], "car_1058": [11, 7], "car_1055": [1, 3], "car_1054": [15, 5], "car_1057": [8, 5], "car_1056": [2, 0], "car_1051": [6, 0], "car_1050": [1, 7], "car_1053": [12, 3], "car_1052": [8, 7], "car_2656": [2, 6], "car_2657": [9, 1], "car_2654": [0, 2], "car_2655": [4, 6], "car_2652": [3, 5], "car_2653": [7, 1], "car_2650": [6, 2], "car_2651": [13, 2], "car_2415": [11, 0], "car_2658": [13, 7], "car_2659": [4, 7], "car_2416": [15, 2], "car_69": [10, 2], "car_68": [1, 6], "car_2438": [12, 0], "car_2439": [4, 7], "car_61": [4, 0], "car_60": [3, 6], "car_63": [1, 3], "car_62": [15, 7], "car_65": [3, 4], "car_64": [13, 0], "car_67": [15, 1], "car_66": [8, 0], "car_1693": [11, 6], "car_1692": [0, 6], "car_1691": [12, 5], "car_1690": [7, 6], "car_1697": [13, 3], "car_1696": [9, 7], "car_969": [14, 2], "car_968": [11, 6], "car_967": [4, 1], "car_966": [0, 5], "car_965": [9, 6], "car_964": [6, 7], "car_963": [5, 0], "car_962": [1, 4], "car_961": [15, 1], "car_960": [8, 4], "car_1451": [15, 5], "car_1450": [11, 1], "car_1453": [12, 1], "car_1452": [9, 2], "car_1455": [15, 2], "car_1454": [11, 0], "car_1457": [14, 2], "car_1456": [10, 4], "car_1459": [8, 4], "car_1458": [3, 1], "car_2410": [2, 1], "car_2837": [0, 5], "car_2411": [6, 7], "car_2508": [13, 4], "car_2509": [8, 3], "car_2506": [10, 2], "car_2507": [9, 1], "car_2504": [0, 4], "car_2505": [11, 2], "car_2502": [7, 3], "car_2503": [8, 0], "car_2500": [10, 3], "car_2501": [3, 7], "car_2737": [15, 3], "car_1680": [0, 2], "car_1681": [4, 1], "car_1682": [11, 4], "car_1683": [6, 7], "car_1684": [3, 5], "car_2736": [11, 7], "car_1685": [12, 0], "car_1891": [6, 5], "car_1686": [0, 3], "car_1890": [5, 6], "car_1687": [6, 2], "car_1893": [13, 7], "car_545": [11, 3], "car_544": [0, 7], "car_547": [14, 4], "car_546": [1, 5], "car_541": [9, 5], "car_540": [2, 7], "car_543": [7, 4], "car_542": [3, 7], "car_1895": [15, 1], "car_549": [11, 4], "car_548": [6, 3], "car_819": [0, 1], "car_818": [8, 0], "car_2344": [11, 2], "car_2345": [5, 2], "car_2346": [3, 2], "car_2347": [7, 1], "car_2340": [3, 5], "car_1897": [12, 4], "car_2342": [13, 4], "car_2343": [7, 3], "car_2405": [13, 1], "car_1896": [8, 3], "car_2348": [8, 2], "car_2349": [12, 2], "car_33": [11, 1], "car_1767": [12, 2], "car_1766": [9, 5], "car_1765": [5, 0], "car_608": [2, 0], "car_609": [12, 0], "car_2941": [10, 2], "car_602": [9, 3], "car_603": [13, 5], "car_600": [2, 1], "car_601": [6, 1], "car_606": [7, 6], "car_607": [5, 6], "car_604": [0, 3], "car_605": [2, 3], "car_1761": [3, 4], "car_1760": [13, 0], "car_2799": [10, 6], "car_776": [3, 6], "car_777": [11, 4], "car_774": [1, 6], "car_775": [13, 3], "car_772": [4, 6], "car_773": [11, 5], "car_770": [3, 2], "car_771": [0, 7], "car_1768": [15, 6], "car_778": [15, 7], "car_779": [3, 0], "car_2418": [2, 0], "car_2880": [15, 7], "car_1750": [14, 3], "car_2419": [8, 0], "car_1994": [6, 0], "car_1995": [8, 5], "car_1996": [0, 7], "car_1997": [4, 0], "car_1990": [10, 4], "car_1991": [14, 4], "car_1992": [7, 1], "car_1993": [0, 4], "car_1998": [1, 7], "car_1999": [5, 1], "car_2846": [8, 3], "car_1842": [9, 5], "car_1806": [5, 3], "car_1840": [1, 2], "car_1841": [2, 5], "car_398": [7, 3], "car_399": [4, 3], "car_1844": [8, 7], "car_1807": [14, 5], "car_394": [10, 2], "car_395": [14, 4], "car_396": [2, 0], "car_397": [9, 7], "car_390": [14, 6], "car_391": [2, 5], "car_392": [6, 5], "car_393": [15, 5], "car_158": [14, 0], "car_159": [6, 7], "car_156": [4, 7], "car_157": [5, 2], "car_154": [12, 7], "car_155": [0, 5], "car_152": [9, 7], "car_153": [7, 0], "car_150": [5, 6], "car_151": [14, 3], "car_1208": [8, 1], "car_1209": [15, 5], "car_1204": [11, 0], "car_1205": [1, 6], "car_1206": [10, 4], "car_1207": [14, 4], "car_1200": [0, 1], "car_1201": [4, 1], "car_1202": [10, 4], "car_1203": [14, 3], "car_2601": [6, 2], "car_2403": [10, 5], "car_1808": [2, 0], "car_1809": [13, 3], "car_2649": [1, 2], "car_2612": [5, 1], "car_2613": [10, 6], "car_2641": [7, 5], "car_2640": [13, 1], "car_2643": [1, 5], "car_2642": [4, 2], "car_2645": [9, 2], "car_2644": [2, 1], "car_2647": [3, 6], "car_2646": [13, 6], "car_1510": [4, 0], "car_1511": [11, 6], "car_1512": [10, 0], "car_1513": [7, 3], "car_1514": [12, 1], "car_1515": [1, 5], "car_1516": [10, 4], "car_1517": [6, 5], "car_1518": [3, 4], "car_1519": [11, 1], "car_2531": [4, 3], "car_2530": [12, 5], "car_2537": [12, 7], "car_2536": [7, 6], "car_2855": [2, 3], "car_1198": [13, 0], "car_1199": [7, 3], "car_1194": [15, 6], "car_1195": [1, 7], "car_1196": [10, 1], "car_1197": [9, 2], "car_1190": [7, 6], "car_1191": [8, 5], "car_1192": [0, 1], "car_1193": [4, 5], "car_2619": [15, 7], "car_2429": [7, 3], "car_2428": [3, 1], "car_2425": [15, 3], "car_2424": [11, 0], "car_2427": [6, 2], "car_2426": [14, 0], "car_2421": [15, 4], "car_2126": [12, 3], "car_2423": [4, 6], "car_2422": [9, 7], "car_2856": [15, 6], "car_2127": [1, 5], "car_978": [15, 6], "car_979": [5, 4], "car_974": [2, 0], "car_975": [8, 5], "car_976": [0, 1], "car_977": [4, 5], "car_970": [6, 4], "car_971": [12, 2], "car_972": [1, 0], "car_973": [10, 5], "car_1424": [7, 1], "car_1425": [11, 1], "car_1426": [1, 4], "car_1427": [14, 7], "car_1420": [5, 7], "car_1421": [2, 5], "car_1422": [6, 7], "car_1423": [9, 6], "car_2402": [5, 7], "car_1428": [12, 0], "car_1429": [11, 6], "car_2857": [5, 1], "car_2128": [14, 2], "car_2129": [6, 4], "car_2511": [9, 0], "car_2510": [14, 2], "car_2513": [11, 4], "car_2512": [3, 6], "car_2515": [6, 4], "car_2514": [1, 7], "car_2517": [4, 2], "car_2516": [12, 1], "car_2519": [2, 0], "car_2518": [10, 2], "car_1738": [15, 2], "car_1739": [5, 0], "car_1730": [5, 0], "car_1731": [13, 2], "car_1732": [11, 5], "car_1733": [5, 2], "car_1734": [10, 1], "car_1735": [14, 5], "car_1736": [2, 5], "car_1737": [9, 4], "car_54": [4, 6], "car_55": [15, 3], "car_56": [10, 7], "car_57": [6, 7], "car_50": [9, 2], "car_51": [7, 3], "car_52": [8, 4], "car_53": [12, 3], "car_58": [4, 7], "car_59": [14, 5], "car_2609": [7, 6], "car_552": [8, 1], "car_805": [3, 4], "car_550": [5, 6], "car_551": [9, 1], "car_556": [2, 1], "car_557": [6, 4], "car_554": [5, 3], "car_555": [10, 5], "car_558": [13, 6], "car_559": [12, 5], "car_808": [11, 1], "car_809": [10, 1], "car_2357": [9, 1], "car_2356": [6, 3], "car_2355": [4, 0], "car_2354": [3, 4], "car_2353": [9, 5], "car_2352": [6, 5], "car_2351": [14, 3], "car_2350": [5, 3], "car_2359": [12, 1], "car_2358": [7, 2], "car_1757": [11, 6], "car_2339": [9, 4], "car_2469": [2, 0], "car_2915": [8, 7], "car_2914": [7, 2], "car_2468": [14, 3], "car_703": [7, 5], "car_702": [1, 3], "car_701": [3, 4], "car_700": [14, 6], "car_707": [10, 5], "car_706": [1, 4], "car_705": [12, 1], "car_704": [8, 1], "car_709": [6, 0], "car_708": [14, 6], "car_2221": [3, 1], "car_2308": [12, 2], "car_2400": [11, 1], "car_2309": [1, 3], "car_1987": [13, 3], "car_1986": [2, 1], "car_1985": [1, 0], "car_1984": [8, 4], "car_1983": [7, 3], "car_1982": [9, 2], "car_1981": [5, 0], "car_1980": [0, 7], "car_1989": [15, 5], "car_1988": [11, 1], "car_2768": [5, 6], "car_1855": [10, 6], "car_1796": [12, 2], "car_1857": [13, 7], "car_1856": [9, 2], "car_1851": [7, 6], "car_1850": [3, 7], "car_1853": [15, 2], "car_1797": [4, 1], "car_2336": [11, 4], "car_1859": [1, 3], "car_1794": [7, 6], "car_2230": [14, 6], "car_129": [11, 0], "car_128": [4, 7], "car_2231": [6, 2], "car_123": [11, 5], "car_122": [0, 7], "car_121": [3, 2], "car_120": [13, 3], "car_127": [0, 7], "car_126": [8, 4], "car_125": [13, 0], "car_124": [15, 3], "car_1790": [9, 7], "car_1219": [11, 0], "car_1218": [3, 5], "car_1217": [9, 1], "car_1216": [2, 6], "car_1215": [14, 2], "car_1214": [1, 3], "car_1213": [4, 2], "car_1212": [0, 6], "car_1211": [9, 0], "car_1210": [5, 3], "car_1415": [4, 2], "car_1414": [13, 4], "car_1417": [10, 1], "car_1416": [5, 2], "car_1411": [14, 5], "car_1410": [5, 1], "car_237": [2, 5], "car_236": [14, 2], "car_235": [10, 3], "car_234": [1, 2], "car_233": [15, 5], "car_232": [7, 3], "car_231": [3, 2], "car_230": [1, 7], "car_1412": [2, 3], "car_239": [0, 1], "car_238": [12, 6], "car_2638": [6, 4], "car_2639": [9, 5], "car_2634": [5, 4], "car_2635": [10, 0], "car_2636": [14, 4], "car_2637": [2, 5], "car_2630": [2, 1], "car_2631": [13, 7], "car_2632": [0, 5], "car_2633": [15, 5], "car_1503": [14, 2], "car_1502": [15, 2], "car_1501": [8, 7], "car_1500": [3, 1], "car_1507": [4, 3], "car_1506": [8, 1], "car_1505": [7, 1], "car_1504": [2, 1], "car_1509": [8, 2], "car_1508": [5, 6], "car_1189": [3, 7], "car_1188": [5, 3], "car_1187": [1, 7], "car_1186": [15, 4], "car_1185": [12, 7], "car_1184": [10, 2], "car_1183": [5, 1], "car_1182": [11, 5], "car_1181": [7, 3], "car_1180": [13, 6], "car_2182": [12, 4], "car_2183": [4, 2], "car_2180": [3, 1], "car_2181": [8, 2], "car_2186": [11, 4], "car_2187": [2, 6], "car_2184": [10, 3], "car_2185": [4, 0], "car_2188": [9, 7], "car_2189": [13, 6], "car_949": [0, 5], "car_948": [8, 2], "car_2742": [12, 5], "car_2743": [0, 1], "car_2744": [11, 0], "car_2745": [14, 7], "car_2746": [2, 5], "car_2747": [6, 1], "car_941": [10, 1], "car_940": [15, 5], "car_943": [0, 7], "car_942": [9, 0], "car_945": [15, 7], "car_944": [4, 3], "car_947": [10, 1], "car_946": [5, 2], "car_1437": [0, 7], "car_1436": [8, 3], "car_1435": [13, 4], "car_1434": [9, 7], "car_1433": [5, 2], "car_1432": [2, 6], "car_1431": [14, 5], "car_1430": [1, 7], "car_1439": [10, 3], "car_1438": [1, 7], "car_2238": [8, 1], "car_2823": [6, 5], "car_493": [11, 2], "car_492": [0, 1], "car_491": [9, 3], "car_490": [1, 6], "car_497": [0, 2], "car_496": [12, 3], "car_495": [10, 3], "car_494": [5, 0], "car_499": [14, 6], "car_498": [10, 6], "car_2296": [13, 3], "car_2297": [3, 6], "car_2294": [2, 4], "car_2239": [0, 4], "car_2292": [5, 7], "car_2293": [10, 3], "car_2290": [11, 6], "car_2291": [15, 5], "car_1918": [14, 5], "car_2568": [15, 4], "car_2569": [13, 2], "car_2298": [7, 3], "car_1919": [13, 7], "car_1729": [0, 4], "car_1728": [3, 1], "car_1723": [4, 5], "car_1722": [7, 5], "car_1721": [13, 5], "car_1720": [9, 6], "car_1727": [2, 1], "car_1726": [14, 0], "car_1725": [1, 3], "car_1724": [15, 4], "car_43": [8, 7], "car_42": [13, 3], "car_41": [14, 4], "car_40": [0, 6], "car_47": [6, 5], "car_46": [10, 4], "car_45": [0, 1], "car_44": [12, 0], "car_49": [7, 1], "car_48": [3, 5], "car_1916": [3, 2], "car_1917": [0, 7], "car_1858": [4, 3], "car_831": [3, 5], "car_830": [2, 0], "car_833": [15, 0], "car_832": [7, 1], "car_835": [14, 5], "car_834": [1, 4], "car_837": [3, 4], "car_836": [9, 3], "car_839": [11, 2], "car_838": [4, 1], "car_2360": [15, 0], "car_2361": [1, 6], "car_2366": [12, 2], "car_2367": [11, 2], "car_2364": [2, 5], "car_2365": [9, 0], "car_2168": [12, 3], "car_2169": [0, 6], "car_2160": [9, 7], "car_2161": [13, 4], "car_2162": [3, 4], "car_2163": [12, 4], "car_2164": [11, 3], "car_2165": [10, 5], "car_2166": [2, 0], "car_2167": [13, 5], "car_2810": [0, 5], "car_2811": [4, 6], "car_2812": [10, 7], "car_2813": [14, 0], "car_1941": [11, 1], "car_2814": [2, 3], "car_2815": [6, 2], "car_2544": [6, 2], "car_2817": [3, 5], "car_2463": [7, 6], "car_2462": [9, 4], "car_710": [12, 2], "car_711": [15, 2], "car_712": [10, 1], "car_713": [2, 0], "car_714": [15, 5], "car_715": [10, 4], "car_716": [13, 7], "car_717": [4, 0], "car_718": [11, 1], "car_719": [5, 0], "car_1892": [9, 3], "car_1894": [8, 0], "car_2895": [11, 3], "car_138": [15, 5], "car_139": [5, 7], "car_130": [1, 5], "car_131": [5, 2], "car_132": [13, 4], "car_133": [1, 7], "car_134": [5, 4], "car_135": [14, 6], "car_136": [7, 5], "car_137": [0, 7], "car_1222": [14, 3], "car_1223": [6, 0], "car_1220": [5, 7], "car_1221": [10, 5], "car_1226": [5, 7], "car_1227": [10, 4], "car_1224": [7, 0], "car_1225": [15, 0], "car_1886": [9, 7], "car_1887": [0, 5], "car_1228": [0, 2], "car_1229": [11, 6], "car_1882": [10, 6], "car_1883": [2, 4], "car_1880": [15, 4], "car_1881": [1, 7], "car_2621": [2, 5], "car_224": [5, 3], "car_225": [10, 6], "car_226": [14, 7], "car_227": [6, 3], "car_220": [11, 0], "car_221": [15, 3], "car_222": [9, 0], "car_223": [15, 2], "car_228": [9, 2], "car_229": [13, 1], "car_1086": [12, 3], "car_1087": [15, 7], "car_1084": [7, 0], "car_1085": [8, 1], "car_1082": [6, 0], "car_1083": [9, 1], "car_1080": [1, 0], "car_1081": [5, 1], "car_2627": [15, 5], "car_2626": [13, 4], "car_2625": [15, 2], "car_2624": [4, 5], "car_2623": [0, 4], "car_2622": [9, 1], "car_1088": [13, 3], "car_1089": [2, 5], "car_1536": [13, 0], "car_1537": [12, 4], "car_1534": [2, 1], "car_1535": [6, 7], "car_1532": [1, 6], "car_1533": [14, 3], "car_1530": [9, 2], "car_1531": [15, 3], "car_1538": [0, 1], "car_1539": [9, 1], "car_956": [15, 4], "car_957": [9, 5], "car_954": [0, 7], "car_955": [4, 3], "car_952": [9, 4], "car_953": [3, 7], "car_950": [5, 6], "car_951": [2, 1], "car_1827": [9, 6], "car_2199": [5, 2], "car_2198": [1, 2], "car_958": [13, 3], "car_959": [7, 5], "car_1158": [9, 7], "car_1159": [13, 4], "car_1408": [9, 4], "car_1409": [3, 7], "car_2757": [14, 6], "car_2756": [10, 2], "car_2755": [1, 2], "car_1829": [1, 5], "car_1150": [15, 2], "car_1151": [1, 4], "car_1152": [5, 0], "car_1153": [10, 1], "car_1154": [14, 4], "car_1155": [13, 7], "car_1156": [5, 0], "car_1157": [14, 3], "car_2532": [5, 6], "car_2380": [2, 5], "car_2764": [14, 0], "car_2381": [6, 2], "car_2382": [6, 0], "car_2383": [13, 0], "car_1826": [10, 7], "car_480": [6, 3], "car_481": [13, 7], "car_482": [12, 1], "car_483": [0, 6], "car_484": [11, 4], "car_485": [1, 5], "car_486": [14, 0], "car_487": [2, 3], "car_488": [3, 2], "car_489": [12, 4], "car_2283": [15, 0], "car_2282": [0, 1], "car_2285": [5, 1], "car_2284": [1, 5], "car_2287": [9, 5], "car_2286": [6, 7], "car_2577": [15, 0], "car_853": [8, 4], "car_2575": [9, 0], "car_2574": [6, 1], "car_2573": [11, 3], "car_2572": [4, 2], "car_2571": [8, 7], "car_852": [6, 4], "car_851": [4, 5], "car_2579": [3, 5], "car_2578": [2, 1], "car_582": [8, 4], "car_1718": [14, 3], "car_1719": [2, 5], "car_1716": [11, 1], "car_857": [9, 7], "car_1714": [8, 3], "car_1715": [4, 5], "car_1712": [1, 6], "car_1713": [10, 3], "car_1710": [11, 0], "car_856": [6, 4], "car_1828": [13, 5], "car_855": [11, 3], "car_854": [4, 6], "car_2739": [10, 6], "car_2738": [1, 4], "car_2379": [10, 7], "car_2378": [15, 0], "car_828": [15, 5], "car_829": [5, 3], "car_826": [2, 1], "car_827": [4, 7], "car_824": [1, 3], "car_825": [5, 1], "car_822": [6, 3], "car_823": [4, 6], "car_820": [11, 7], "car_821": [2, 3], "car_2179": [5, 4], "car_2178": [11, 3], "car_2173": [9, 3], "car_2172": [8, 5], "car_2171": [13, 1], "car_2170": [4, 6], "car_2177": [4, 6], "car_2176": [0, 4], "car_2175": [8, 7], "car_2174": [7, 3], "car_2535": [3, 4], "car_2534": [13, 7], "car_729": [0, 6], "car_728": [7, 1], "car_725": [11, 2], "car_724": [12, 7], "car_727": [14, 6], "car_726": [1, 4], "car_721": [3, 6], "car_720": [6, 1], "car_723": [2, 6], "car_722": [10, 1], "car_2708": [8, 0], "car_2620": [10, 2], "car_1795": [8, 5], "car_1792": [15, 1], "car_1793": [9, 7], "car_2440": [11, 2], "car_105": [7, 3], "car_104": [9, 4], "car_107": [9, 2], "car_106": [8, 1], "car_101": [14, 5], "car_100": [10, 5], "car_103": [6, 7], "car_102": [2, 1], "car_1888": [11, 0], "car_109": [12, 7], "car_108": [8, 2], "car_1791": [11, 6], "car_1235": [7, 2], "car_1234": [6, 7], "car_1237": [12, 4], "car_1236": [8, 1], "car_1231": [5, 3], "car_1230": [15, 1], "car_1233": [2, 5], "car_1232": [10, 4], "car_1899": [9, 4], "car_1898": [5, 7], "car_1239": [11, 1], "car_1238": [4, 3], "car_211": [9, 4], "car_210": [6, 3], "car_213": [11, 3], "car_212": [12, 7], "car_215": [14, 6], "car_214": [5, 4], "car_217": [6, 4], "car_216": [2, 3], "car_219": [4, 2], "car_218": [0, 4], "car_2676": [2, 7], "car_1529": [11, 1], "car_1528": [0, 4], "car_2610": [8, 6], "car_2611": [12, 4], "car_2616": [13, 1], "car_2617": [12, 2], "car_2614": [14, 0], "car_2615": [6, 2], "car_1521": [1, 5], "car_1520": [15, 6], "car_1523": [7, 4], "car_1522": [10, 6], "car_1525": [14, 1], "car_1524": [10, 3], "car_1527": [12, 7], "car_1526": [3, 2], "car_2849": [6, 4], "car_2700": [3, 1], "car_2848": [5, 1], "car_2740": [2, 7], "car_2741": [6, 3], "car_2313": [11, 6], "car_2701": [8, 2], "car_2312": [0, 6], "car_2311": [3, 1], "car_923": [4, 6], "car_922": [13, 5], "car_921": [9, 7], "car_920": [12, 2], "car_927": [13, 6], "car_926": [6, 1], "car_925": [10, 1], "car_924": [15, 3], "car_2317": [7, 2], "car_929": [3, 6], "car_928": [8, 5], "car_2316": [3, 5], "car_2766": [13, 0], "car_2748": [9, 0], "car_1149": [0, 5], "car_1148": [7, 1], "car_1419": [1, 2], "car_1418": [11, 4], "car_2760": [10, 7], "car_2749": [7, 1], "car_1143": [4, 5], "car_1142": [12, 4], "car_1141": [13, 1], "car_1140": [9, 7], "car_1147": [13, 2], "car_1146": [9, 3], "car_1145": [6, 7], "car_1144": [11, 4], "car_1099": [2, 7], "car_1098": [14, 4], "car_1091": [0, 4], "car_1090": [12, 7], "car_1093": [11, 3], "car_1092": [4, 1], "car_1095": [9, 3], "car_1094": [10, 2], "car_1097": [4, 7], "car_1096": [3, 1], "car_2818": [12, 3], "car_2819": [11, 1], "car_2548": [11, 5], "car_2549": [15, 0], "car_2542": [8, 2], "car_2543": [4, 1], "car_2540": [14, 5], "car_2541": [9, 4], "car_2546": [8, 0], "car_2547": [12, 7], "car_2521": [5, 2], "car_2545": [13, 1], "car_1701": [1, 2], "car_1700": [15, 4], "car_1703": [7, 5], "car_1702": [6, 4], "car_1705": [11, 2], "car_1704": [0, 4], "car_1707": [13, 0], "car_1706": [9, 6], "car_1709": [0, 2], "car_1708": [8, 1], "car_2522": [6, 4], "car_2523": [9, 4], "car_589": [2, 4], "car_588": [10, 4], "car_859": [12, 5], "car_858": [7, 2], "car_2384": [7, 2], "car_2385": [12, 3], "car_1695": [14, 4], "car_2387": [11, 1], "car_581": [7, 1], "car_580": [10, 5], "car_583": [6, 0], "car_850": [8, 5], "car_585": [3, 6], "car_584": [13, 7], "car_587": [12, 4], "car_586": [8, 2], "car_2002": [7, 3], "car_2148": [8, 3], "car_2149": [0, 1], "car_2146": [6, 2], "car_2147": [9, 0], "car_2144": [1, 0], "car_2145": [2, 5], "car_2142": [7, 0], "car_2143": [11, 6], "car_2140": [6, 3], "car_2141": [13, 3], "car_2779": [0, 5], "car_457": [3, 5], "car_456": [13, 3], "car_455": [9, 7], "car_454": [0, 4], "car_453": [7, 6], "car_452": [9, 4], "car_451": [2, 0], "car_450": [10, 7], "car_1878": [0, 1], "car_459": [15, 6], "car_458": [12, 6], "car_1877": [8, 3], "car_1876": [7, 0], "car_2778": [12, 6], "car_1875": [3, 2], "car_1874": [9, 2], "car_1873": [6, 1], "car_1872": [2, 0], "car_738": [3, 7], "car_739": [7, 3], "car_1871": [11, 0], "car_733": [14, 7], "car_732": [1, 4], "car_32": [7, 3], "car_730": [9, 2], "car_731": [4, 7], "car_736": [9, 6], "car_737": [13, 1], "car_734": [2, 7], "car_735": [6, 5], "car_1976": [6, 2], "car_1977": [9, 4], "car_1698": [8, 0], "car_38": [11, 4], "car_39": [9, 2], "car_2564": [6, 2], "car_2565": [3, 1], "car_2566": [4, 2], "car_2295": [9, 5], "car_1978": [3, 4], "car_2560": [3, 4], "car_1979": [8, 1], "car_2561": [7, 1], "car_2562": [15, 6], "car_2563": [5, 1], "car_2443": [10, 2], "car_2442": [1, 0], "car_2441": [15, 3], "car_112": [2, 6], "car_113": [3, 0], "car_110": [1, 7], "car_111": [10, 1], "car_116": [4, 0], "car_117": [1, 0], "car_114": [12, 1], "car_115": [0, 1], "car_2447": [15, 7], "car_118": [10, 1], "car_119": [14, 2], "car_2446": [11, 2], "car_2445": [6, 5], "car_2299": [5, 4], "car_2533": [10, 6], "car_2453": [5, 3], "car_2454": [14, 0], "car_1950": [11, 2], "car_1951": [14, 3], "car_1952": [0, 1], "car_1953": [4, 6], "car_1954": [15, 2], "car_1955": [5, 7], "car_208": [11, 1], "car_209": [2, 3], "car_206": [9, 7], "car_207": [12, 2], "car_204": [14, 7], "car_205": [6, 3], "car_202": [15, 0], "car_203": [1, 3], "car_200": [7, 6], "car_201": [8, 1], "car_2605": [14, 0], "car_2604": [11, 6], "car_2607": [11, 1], "car_2606": [2, 5], "car_1558": [14, 4], "car_1559": [4, 7], "car_2603": [0, 5], "car_2602": [12, 2], "car_1554": [3, 7], "car_1555": [7, 1], "car_1556": [15, 7], "car_1557": [10, 0], "car_1550": [15, 3], "car_1551": [1, 0], "car_1552": [10, 7], "car_1553": [2, 0], "car_1398": [10, 3], "car_1399": [2, 4], "car_1392": [6, 4], "car_1393": [10, 5], "car_1390": [4, 7], "car_1391": [15, 2], "car_1396": [4, 6], "car_1397": [5, 4], "car_1394": [6, 1], "car_1395": [0, 5], "car_2598": [0, 5], "car_930": [7, 3], "car_931": [8, 0], "car_932": [4, 0], "car_933": [10, 3], "car_934": [14, 4], "car_935": [9, 0], "car_936": [13, 7], "car_937": [7, 0], "car_938": [8, 3], "car_939": [12, 2], "car_2773": [5, 3], "car_2772": [15, 4], "car_2775": [6, 3], "car_2774": [10, 0], "car_2777": [8, 0], "car_2776": [13, 0], "car_6": [3, 6], "car_7": [4, 2], "car_4": [11, 4], "car_5": [10, 5], "car_2": [12, 3], "car_3": [0, 3], "car_1178": [6, 2], "car_1": [13, 4], "car_1176": [11, 5], "car_1177": [10, 0], "car_1174": [12, 3], "car_1175": [4, 0], "car_1172": [13, 3], "car_1173": [3, 0], "car_8": [1, 6], "car_9": [10, 1], "car_2809": [12, 7], "car_2808": [6, 0], "car_2559": [0, 5], "car_2558": [12, 3], "car_2555": [6, 7], "car_2554": [4, 7], "car_2557": [7, 0], "car_2556": [9, 7], "car_2551": [6, 4], "car_2550": [2, 1], "car_2553": [0, 1], "car_2552": [8, 2], "car_1774": [2, 3], "car_1775": [13, 3], "car_1776": [12, 2], "car_1777": [11, 6], "car_1770": [9, 1], "car_1771": [3, 4], "car_1772": [5, 1], "car_1773": [14, 1], "car_1778": [5, 2], "car_1779": [2, 4], "car_98": [4, 7], "car_99": [15, 4], "car_90": [10, 2], "car_91": [14, 2], "car_92": [2, 0], "car_93": [9, 0], "car_94": [13, 2], "car_95": [0, 1], "car_96": [1, 6], "car_97": [9, 4], "car_596": [13, 6], "car_597": [12, 1], "car_594": [5, 2], "car_595": [14, 4], "car_592": [0, 5], "car_593": [11, 1], "car_590": [13, 3], "car_591": [12, 6], "car_598": [0, 3], "car_599": [5, 7], "car_848": [10, 2], "car_849": [7, 4], "car_2391": [13, 0], "car_2390": [14, 7], "car_2397": [8, 5], "car_2396": [13, 4], "car_2395": [9, 0], "car_2394": [6, 0], "car_840": [12, 1], "car_841": [15, 4], "car_842": [1, 4], "car_843": [2, 0], "car_844": [6, 0], "car_845": [9, 7], "car_846": [13, 1], "car_847": [11, 6], "car_1608": [11, 7], "car_1609": [10, 4], "car_2153": [13, 7], "car_2152": [6, 0], "car_2155": [0, 5], "car_2154": [12, 2], "car_2157": [1, 0], "car_2156": [11, 7], "car_1600": [4, 3], "car_1601": [11, 3], "car_1602": [15, 5], "car_1603": [10, 2], "car_1604": [2, 5], "car_1605": [9, 5], "car_1606": [13, 7], "car_1607": [4, 0], "car_2369": [14, 5], "car_2362": [10, 2], "car_2363": [14, 1], "car_444": [1, 5], "car_445": [6, 7], "car_446": [13, 0], "car_447": [12, 6], "car_440": [9, 6], "car_441": [13, 7], "car_442": [7, 3], "car_443": [15, 7], "car_448": [11, 5], "car_449": [15, 4], "car_2717": [13, 4], "car_2716": [6, 5], "car_2715": [2, 5], "car_2201": [12, 7], "car_2714": [14, 4], "car_2200": [10, 4], "car_2713": [1, 7], "car_2712": [7, 6], "car_2711": [13, 0], "car_2710": [6, 5], "car_2209": [4, 1], "car_2208": [13, 6], "car_2324": [4, 3], "car_695": [15, 6], "car_694": [11, 5], "car_697": [7, 1], "car_696": [6, 1], "car_691": [9, 4], "car_690": [2, 6], "car_693": [8, 2], "car_692": [3, 2], "car_699": [15, 4], "car_698": [8, 6], "car_2399": [4, 0], "car_1943": [5, 1], "car_1942": [15, 3], "car_279": [6, 7], "car_278": [15, 2], "car_1947": [13, 1], "car_1946": [6, 0], "car_1945": [14, 4], "car_1944": [10, 7], "car_273": [2, 4], "car_272": [14, 2], "car_271": [15, 2], "car_270": [4, 1], "car_277": [11, 4], "car_276": [4, 3], "car_275": [3, 6], "car_274": [9, 6], "car_2946": [2, 7], "car_1925": [0, 7], "car_2944": [15, 6], "car_2945": [1, 0], "car_2942": [0, 7], "car_2943": [11, 5], "car_1549": [0, 6], "car_1548": [9, 2], "car_1547": [2, 0], "car_1546": [14, 6], "car_1545": [1, 3], "car_1544": [15, 2], "car_1543": [11, 1], "car_1542": [12, 7], "car_1541": [8, 1], "car_1540": [3, 7], "car_1389": [9, 4], "car_1388": [2, 3], "car_1385": [9, 0], "car_1384": [6, 5], "car_1387": [8, 6], "car_1386": [13, 4], "car_1381": [14, 6], "car_1380": [1, 4], "car_1383": [0, 2], "car_1382": [8, 2], "car_307": [2, 7], "car_306": [14, 1], "car_305": [15, 0], "car_304": [8, 2], "car_303": [7, 3], "car_302": [3, 1], "car_301": [15, 0], "car_300": [11, 4], "car_804": [13, 4], "car_309": [12, 3], "car_308": [7, 3], "car_909": [5, 6], "car_908": [8, 6], "car_905": [14, 3], "car_904": [10, 3], "car_907": [13, 0], "car_906": [6, 1], "car_901": [7, 1], "car_900": [3, 7], "car_903": [1, 0], "car_902": [8, 6], "car_1161": [4, 3], "car_1160": [0, 4], "car_1163": [1, 0], "car_1162": [11, 2], "car_1165": [2, 7], "car_1164": [14, 5], "car_1167": [8, 4], "car_1166": [9, 3], "car_1169": [6, 5], "car_1168": [2, 5], "car_2432": [6, 3], "car_2433": [3, 6], "car_2430": [12, 1], "car_2322": [8, 6], "car_2431": [15, 7], "car_2838": [4, 1], "car_2839": [1, 2], "car_2836": [7, 4], "car_2436": [3, 4], "car_2834": [10, 4], "car_2835": [13, 5], "car_2832": [15, 3], "car_2833": [5, 2], "car_2830": [12, 5], "car_2437": [7, 4], "car_2010": [7, 1], "car_2011": [8, 1], "car_2012": [1, 7], "car_2013": [13, 4], "car_2014": [8, 5], "car_2015": [12, 5], "car_2016": [14, 7], "car_2017": [12, 3], "car_2018": [0, 5], "car_2019": [10, 1], "car_2435": [4, 0], "car_87": [7, 6], "car_86": [3, 7], "car_85": [13, 5], "car_84": [11, 7], "car_83": [0, 6], "car_82": [3, 6], "car_81": [2, 0], "car_80": [10, 5], "car_2001": [6, 1], "car_89": [11, 5], "car_88": [4, 6], "car_2000": [14, 4], "car_2498": [1, 4], "car_2499": [5, 1], "car_2494": [13, 6], "car_2495": [7, 0], "car_2496": [12, 6], "car_2497": [11, 5], "car_2490": [7, 6], "car_2491": [12, 7], "car_2492": [15, 2], "car_2493": [14, 2], "car_875": [9, 0], "car_874": [10, 3], "car_877": [8, 0], "car_876": [13, 4], "car_871": [5, 0], "car_870": [15, 0], "car_873": [12, 2], "car_872": [2, 7], "car_1694": [5, 7], "car_879": [11, 2], "car_878": [0, 3], "car_1752": [11, 7], "car_1753": [2, 0], "car_1699": [11, 5], "car_2124": [9, 5], "car_2125": [8, 5], "car_1619": [12, 4], "car_1618": [10, 0], "car_2120": [4, 2], "car_2121": [15, 6], "car_2122": [1, 0], "car_2123": [4, 1], "car_1613": [12, 2], "car_1612": [12, 3], "car_1611": [8, 0], "car_1610": [7, 3], "car_1617": [13, 2], "car_1616": [9, 7], "car_1615": [5, 2], "car_1614": [15, 1], "car_1754": [13, 7], "car_1755": [3, 7], "car_2767": [0, 1], "car_2323": [12, 7], "car_471": [12, 2], "car_470": [8, 6], "car_473": [1, 3], "car_472": [4, 0], "car_475": [13, 7], "car_474": [2, 4], "car_477": [15, 5], "car_476": [8, 1], "car_479": [2, 3], "car_478": [5, 4], "car_2232": [8, 4], "car_2233": [11, 1], "car_2234": [1, 7], "car_2235": [5, 1], "car_2236": [14, 6], "car_2237": [9, 0], "car_2769": [3, 7], "car_2765": [6, 5], "car_2038": [10, 1], "car_2709": [15, 3], "car_2762": [13, 4], "car_2039": [6, 7], "car_2763": [7, 5], "car_1819": [2, 3], "car_1818": [10, 7], "car_2386": [4, 2], "car_682": [1, 2], "car_683": [5, 1], "car_680": [14, 3], "car_681": [4, 6], "car_686": [2, 1], "car_687": [3, 7], "car_684": [10, 0], "car_685": [14, 5], "car_688": [8, 4], "car_689": [1, 3], "car_2481": [9, 0], "car_2761": [9, 5], "car_1815": [8, 1], "car_1814": [2, 5], "car_2388": [15, 1], "car_2389": [5, 1], "car_1670": [13, 3], "car_1956": [14, 5], "car_1957": [4, 3], "car_1958": [1, 3], "car_1959": [2, 0], "car_2003": [8, 7], "car_268": [13, 3], "car_269": [8, 2], "car_1974": [1, 4], "car_1975": [5, 1], "car_1972": [8, 5], "car_1973": [4, 7], "car_1970": [9, 7], "car_1971": [7, 2], "car_260": [8, 3], "car_261": [12, 1], "car_262": [3, 5], "car_263": [7, 1], "car_264": [12, 4], "car_265": [1, 2], "car_266": [5, 1], "car_267": [2, 4], "car_1572": [1, 5], "car_1573": [5, 7], "car_1570": [0, 7], "car_1571": [4, 2], "car_1576": [13, 1], "car_1577": [3, 2], "car_1574": [14, 0], "car_1575": [2, 4], "car_1578": [7, 4], "car_1579": [1, 7], "car_1370": [12, 1], "car_1371": [11, 7], "car_1372": [1, 5], "car_1373": [6, 1], "car_1374": [9, 7], "car_1375": [14, 6], "car_1376": [2, 6], "car_1377": [13, 0], "car_1378": [8, 7], "car_1379": [4, 7], "car_2600": [2, 7], "car_314": [8, 4], "car_315": [12, 2], "car_316": [14, 5], "car_317": [2, 3], "car_310": [0, 6], "car_311": [4, 0], "car_312": [1, 4], "car_313": [7, 4], "car_318": [6, 3], "car_319": [3, 1], "car_918": [9, 0], "car_919": [7, 6], "car_2719": [2, 0], "car_2718": [12, 6], "car_912": [6, 1], "car_913": [9, 5], "car_910": [10, 6], "car_911": [14, 6], "car_916": [5, 2], "car_917": [14, 4], "car_914": [3, 2], "car_915": [8, 1], "car_1114": [5, 2], "car_1115": [10, 0], "car_1116": [13, 1], "car_1117": [8, 4], "car_1110": [4, 2], "car_1111": [6, 0], "car_1112": [9, 1], "car_1113": [7, 3], "car_1118": [12, 4], "car_1119": [0, 5], "car_1284": [9, 4], "car_1285": [8, 4], "car_1286": [11, 0], "car_1287": [5, 7], "car_1280": [5, 0], "car_1281": [13, 3], "car_1282": [7, 6], "car_1283": [4, 7], "car_2130": [4, 1], "car_1288": [14, 2], "car_1289": [9, 5], "car_2951": [7, 6], "car_2950": [14, 6], "car_2952": [8, 5], "car_2821": [0, 3], "car_2820": [5, 2], "car_1744": [15, 0], "car_2822": [5, 1], "car_2825": [8, 1], "car_2824": [3, 2], "car_2827": [5, 2], "car_2826": [0, 2], "car_2829": [3, 7], "car_2828": [9, 4], "car_1028": [3, 5], "car_1029": [8, 1], "car_1758": [1, 4], "car_1759": [10, 0], "car_2007": [10, 5], "car_2006": [15, 0], "car_2005": [4, 5], "car_2004": [12, 3], "car_1020": [3, 4], "car_1021": [15, 5], "car_1022": [6, 7], "car_1023": [13, 2], "car_1024": [3, 6], "car_1025": [11, 2], "car_1026": [10, 3], "car_1027": [14, 3], "car_1598": [13, 3], "car_1599": [0, 2], "car_1590": [10, 5], "car_1591": [6, 5], "car_1592": [13, 1], "car_1593": [7, 1], "car_1594": [12, 2], "car_1595": [0, 3], "car_1596": [11, 0], "car_1597": [1, 0], "car_2489": [13, 3], "car_2488": [11, 5], "car_2487": [0, 2], "car_2486": [12, 4], "car_2485": [9, 0], "car_2484": [15, 2], "car_2483": [12, 7], "car_2482": [7, 0], "car_1746": [6, 3], "car_2480": [14, 5], "car_862": [6, 5], "car_863": [9, 5], "car_860": [11, 1], "car_861": [15, 6], "car_866": [2, 6], "car_867": [13, 2], "car_864": [13, 0], "car_865": [0, 6], "car_868": [12, 6], "car_869": [11, 4], "car_1741": [3, 2], "car_2137": [1, 2], "car_2136": [11, 7], "car_2135": [3, 6], "car_2134": [1, 4], "car_2133": [8, 2], "car_2132": [7, 1], "car_1628": [12, 6], "car_1629": [1, 7], "car_1626": [13, 5], "car_1627": [8, 6], "car_1624": [15, 7], "car_1625": [10, 7], "car_1622": [13, 4], "car_1623": [3, 1], "car_1620": [1, 7], "car_1621": [2, 7], "car_1740": [2, 4]}